player,player_id,position,team_name,player_game_count,assists,batted_passes,catch_rate,declined_penalties,forced_fumbles,franchise_id,fumble_recoveries,fumble_recovery_touchdowns,grades_coverage_defense,grades_defense,grades_defense_penalty,grades_pass_rush_defense,grades_run_defense,grades_tackle,hits,hurries,interception_touchdowns,interceptions,longest,missed_tackle_rate,missed_tackles,pass_break_ups,penalties,qb_rating_against,receptions,sacks,safeties,snap_counts_box,snap_counts_corner,snap_counts_coverage,snap_counts_defense,snap_counts_dl,snap_counts_dl_a_gap,snap_counts_dl_b_gap,snap_counts_dl_outside_t,snap_counts_dl_over_t,snap_counts_fs,snap_counts_offball,snap_counts_pass_rush,snap_counts_run_defense,snap_counts_slot,stops,tackles,tackles_for_loss,targets,total_pressures,touchdowns,yards,yards_after_catch,yards_per_reception
Koi Freeman,19946,S,SAMFORD,3,3,0,100.0,0,0,282,0,0,72.8,72.7,76.6,,66.5,79.5,0,0,0,0,3,0.0,0,0,0,79.2,1,0,0,11,0,14,33,0,0,0,0,0,4,33,0,19,18,0,0,0,1,0,0,3,5,3.0
Raemo Trevino,22649,DI,IDAHO ST,2,0,0,,0,1,186,0,0,60.0,86.9,77.5,69.1,91.5,39.2,0,1,0,0,,20.0,1,0,0,0.0,0,1,0,0,0,0,67,67,9,53,0,5,0,0,32,35,0,4,4,1,0,2,0,0,0,
Isaiah Capoocia,23847,CB,SACRAMENTO,1,0,0,,0,0,279,0,0,,60.3,65.7,,60.0,,0,0,0,0,,,0,0,0,0.0,0,0,0,1,0,0,2,0,0,0,0,0,0,2,0,2,1,0,0,0,0,0,0,0,0,
Da'Quan Grimes,29665,LB,MONMOUTH,11,19,0,85.0,0,0,231,0,0,64.5,58.5,50.6,71.9,52.3,69.7,0,4,0,0,23,13.0,12,2,1,108.3,17,2,0,551,1,290,600,9,0,0,9,0,3,591,17,293,36,31,61,2,20,6,0,200,99,11.8
Landon Wolf,40906,WR,S DAK ST,1,0,0,,0,0,292,0,0,,60.0,60.0,,60.0,,0,0,0,0,,,0,0,0,0.0,0,0,0,0,0,0,1,0,0,0,0,0,0,1,0,1,0,0,0,0,0,0,0,0,0,
Joshua Manchigiah,42649,S,S DAKOTA,7,4,0,40.0,0,0,291,1,0,42.4,45.5,82.8,,54.4,68.3,0,0,0,1,62,12.5,2,0,0,87.5,2,0,0,42,0,104,193,2,0,0,2,0,143,191,0,89,6,2,10,0,5,0,1,74,19,37.0
Broderick Harrell,42650,S,PORTLAND,8,8,0,64.3,1,0,269,0,0,75.3,69.4,39.0,47.8,59.1,43.9,0,1,0,0,32,25.0,17,3,2,110.7,9,0,1,82,1,333,533,2,0,0,2,0,430,531,2,198,17,9,43,3,14,1,1,105,32,11.7
Carlos Becker III,42759,CB,ALAB A&M,3,2,0,0.0,0,0,104,0,0,69.7,66.6,0.0,,66.9,79.6,0,0,0,0,,0.0,0,3,2,39.6,0,0,0,6,32,25,42,0,0,0,0,0,0,42,0,17,4,0,2,0,5,0,0,0,0,
Keeath Magee II,42816,LB,GARD-WEBB,10,8,0,100.0,0,0,171,0,0,69.9,64.4,78.7,65.3,52.9,61.0,0,0,0,0,8,20.0,3,0,0,79.2,4,2,0,103,0,57,119,4,0,0,4,0,3,115,13,49,9,4,4,1,4,2,0,12,25,3.0
Harvey Clayton Jr.,43045,S,MAINE,1,1,0,100.0,0,0,212,0,0,47.4,51.7,71.7,,64.4,80.3,0,0,0,0,16,0.0,0,0,0,154.2,2,0,0,2,0,6,15,0,0,0,0,0,5,15,0,9,8,0,2,0,2,0,1,23,20,11.5
Korby Sander,43164,S,N IOWA,11,18,0,60.5,0,0,255,0,0,45.9,54.4,90.7,58.2,66.2,60.5,0,1,0,0,42,18.0,16,0,1,111.0,23,1,0,313,2,390,727,75,0,0,75,0,249,652,15,322,88,19,55,3,38,2,3,293,147,12.7
Quincy Lenton,43195,S,YNGTOWN ST,11,5,0,66.7,0,0,353,0,0,62.5,65.0,85.8,73.8,66.3,70.4,0,0,0,2,46,12.5,7,0,0,82.3,14,1,0,208,3,295,540,0,0,0,0,0,231,540,1,244,98,11,44,3,21,1,2,164,93,11.7
Prince Washington,43289,CB,SACRAMENTO,8,4,0,40.4,0,0,279,1,0,72.4,75.0,83.8,70.7,77.9,81.9,1,2,0,0,34,5.9,2,5,1,87.4,19,0,0,46,377,249,446,9,0,0,9,0,13,437,11,186,0,3,28,0,47,3,4,262,65,13.8
Micahh Smith,43299,S,INCAR WORD,8,3,0,100.0,0,0,189,0,0,46.9,48.7,0.0,58.8,63.7,78.8,0,0,0,0,18,6.7,1,0,1,118.8,3,0,0,16,0,48,92,0,0,0,0,0,65,92,2,42,10,1,11,0,3,0,0,48,23,16.0
Uryan Hudson,43307,CB,N COLORADO,11,3,0,61.0,2,0,253,0,0,68.3,68.1,18.6,67.0,70.2,68.3,0,2,0,1,37,12.9,4,3,4,88.9,25,1,0,75,487,305,673,21,0,0,21,0,2,652,8,360,87,5,24,0,41,3,2,294,105,11.8
Morgan Vest,43332,S,N ARIZONA,11,17,0,57.1,0,0,252,0,0,89.4,81.7,0.0,65.0,71.3,80.5,1,0,0,0,30,10.5,12,12,3,87.9,24,0,0,340,7,421,765,5,0,0,5,0,306,760,6,338,104,25,85,3,42,1,2,225,116,9.4
Dee Walker,43465,LB,TXAMEA,10,9,0,90.5,0,0,1139,0,0,43.9,43.5,0.0,61.2,52.3,32.8,2,1,0,0,40,27.5,19,0,5,118.8,19,2,0,400,1,202,452,18,0,0,18,0,0,434,34,216,32,28,41,0,21,5,1,183,144,9.6
Desmond Williams,43732,S,WEBER ST,12,17,1,73.7,0,2,342,0,0,88.7,89.3,53.9,79.8,82.1,79.8,1,2,1,2,42,9.9,8,5,1,105.9,14,0,0,170,15,446,763,5,0,0,5,0,499,758,6,311,74,17,56,0,19,3,2,214,79,15.3
Dante Cleveland,44217,DI,S ILLINOIS,10,3,0,,0,0,295,0,0,,66.9,80.6,57.8,71.2,63.6,0,4,0,0,,10.0,1,0,0,0.0,0,0,0,0,0,0,170,170,13,130,6,21,0,0,97,73,0,5,6,1,0,4,0,0,0,
Josh Hayes,50493,CB,E KENTUCKY,11,3,0,40.0,0,0,159,0,0,56.7,53.1,25.9,,44.8,36.0,0,0,0,2,20,28.6,6,1,2,45.7,12,0,0,93,214,187,378,1,0,0,1,0,25,377,0,191,45,3,12,0,30,0,2,114,19,9.5
Jared Kreimer,51682,S,HOLY CROSS,2,0,0,,0,0,181,0,0,,60.0,60.0,,60.0,,0,0,0,0,,,0,0,0,0.0,0,0,0,0,0,0,2,0,0,0,0,0,0,2,0,2,0,0,0,0,0,0,0,0,0,
Ellison Hubbard,52025,DI,SM HOUSTON,9,5,0,,0,0,281,1,0,64.2,73.9,84.4,70.7,70.4,35.5,4,19,0,0,,25.0,6,0,0,0.0,0,1,0,1,0,1,438,437,65,295,17,60,0,1,255,182,0,13,13,4,0,24,0,0,0,
Brian Roberts,52088,CB,HAMPTON,3,1,0,100.0,0,0,178,0,0,50.2,47.4,75.0,,51.6,39.5,0,0,0,0,20,33.3,1,0,0,158.3,2,0,0,5,0,8,15,0,0,0,0,0,0,15,0,7,10,0,1,0,2,0,1,32,1,16.0
Caeleb Washington,52090,DI,S ILLINOIS,4,0,0,,0,0,295,0,0,,44.4,74.9,55.8,42.8,,0,0,0,0,,,0,0,0,0.0,0,0,0,0,0,0,23,23,13,10,0,0,0,0,15,8,0,0,0,0,0,0,0,0,0,
Claudin Cherelus,52094,LB,ALCORN ST,9,10,0,100.0,0,2,107,0,0,65.3,77.4,84.2,77.1,77.0,69.3,3,7,0,1,37,12.5,8,0,0,79.2,7,7,0,348,12,161,454,52,0,0,52,0,0,402,72,221,42,37,46,6,7,17,0,127,71,18.1
Jeffrey Manning Jr.,52134,S,MONTANA ST,13,9,0,71.4,0,0,233,0,0,68.5,69.0,88.8,55.3,67.3,70.2,0,0,0,1,52,12.8,6,2,1,133.4,15,0,0,56,0,417,721,2,0,0,2,0,580,719,3,301,81,10,32,3,21,0,4,302,99,20.1
TraJon Cotton,52147,CB,MONTANA,13,10,0,71.7,0,0,232,0,0,61.6,61.6,47.4,66.9,61.4,69.0,0,2,0,0,38,12.8,6,1,2,98.0,38,0,0,167,7,339,672,14,0,0,14,0,27,658,4,329,457,15,31,1,53,2,1,380,159,10.0
Anthony Adams,52151,CB,PORTLAND,2,1,0,50.0,0,0,269,0,0,61.7,65.5,81.7,54.2,79.5,87.6,0,0,0,0,34,0.0,0,2,1,76.5,7,0,0,6,75,64,100,16,0,0,16,0,2,84,5,31,1,5,16,1,14,0,0,110,58,15.7
Beau Kelly,52154,WR,PORTLAND,2,0,0,,0,0,269,0,0,,60.0,60.0,,60.0,,0,0,0,0,,,0,0,0,0.0,0,0,0,0,0,0,2,0,0,0,0,0,0,2,0,2,0,0,0,0,0,0,0,0,0,
Boogie Davis,52157,ED,PORTLAND,5,2,0,,0,1,269,0,0,60.0,64.2,81.4,70.5,54.4,28.8,1,1,0,0,,33.3,3,0,0,0.0,0,0,0,1,0,0,93,92,0,7,79,6,0,1,51,42,0,4,4,1,0,2,0,0,0,
Jake Porter,52171,ED,PORTLAND,11,4,1,,0,0,269,0,0,66.3,58.1,59.7,56.1,59.9,67.9,2,11,0,0,,11.5,3,0,2,0.0,0,4,0,1,0,6,634,632,0,19,534,79,0,2,368,260,1,18,19,3,0,17,0,0,0,
Robert Holt,52185,S,PORTLAND,9,6,0,69.2,0,0,269,0,0,57.8,54.2,85.6,61.4,47.8,64.0,0,1,0,1,30,18.4,7,1,0,74.0,18,4,0,316,5,187,404,60,2,8,50,0,0,344,59,158,23,17,25,2,26,5,0,189,151,10.5
Isaiah Richardson,52205,S,SAMFORD,13,18,0,65.2,0,2,282,1,0,70.1,75.3,88.0,58.2,81.2,89.0,0,1,0,2,56,7.8,6,4,1,98.7,30,0,0,471,6,411,761,1,0,0,1,0,145,760,2,348,137,18,53,1,46,1,3,427,177,14.2
Dylan Boles,52271,DI,N IOWA,1,0,0,,0,0,255,0,0,,37.6,0.0,58.7,,,0,0,0,0,,,0,0,1,0.0,0,0,0,0,0,0,3,3,0,3,0,0,0,0,3,0,0,0,0,0,0,0,0,0,0,
Naytron Culpepper,52317,CB,ALABAMA ST,8,4,0,50.0,0,0,105,0,0,53.6,56.3,81.3,56.8,69.1,60.5,0,0,0,0,56,16.7,2,1,1,72.5,9,0,0,23,191,123,218,2,0,0,2,0,1,216,2,93,1,1,6,0,18,0,0,124,34,13.8
Noah Taylor,52348,LB,CORNELL,10,16,1,72.7,0,0,147,0,0,46.6,56.3,83.9,55.1,64.4,81.7,0,2,0,0,48,6.0,3,1,0,114.8,8,2,0,262,0,100,301,33,2,3,28,0,0,268,42,159,6,14,31,3,11,4,0,140,111,17.5
Phoenix Porter,52591,LB,E ILLINOIS,11,9,0,88.9,0,0,158,0,0,60.4,51.6,77.9,45.8,48.0,71.4,0,1,0,0,21,9.7,3,0,0,96.8,8,0,0,143,1,61,150,2,0,0,2,0,0,148,3,86,4,13,19,2,9,1,0,65,34,8.1
Gabe Hicks,52739,LB,BUTLER,11,12,0,82.4,0,0,127,0,0,54.2,62.8,82.3,51.1,71.8,71.2,1,1,0,0,54,10.9,5,0,0,128.7,14,0,0,280,0,150,324,6,0,0,6,0,0,318,12,162,38,12,29,0,17,2,1,173,129,12.4
Casey Miller,52957,ED,INDIANA ST,11,17,1,,0,0,191,0,0,67.9,67.3,86.9,54.1,70.1,54.3,1,6,0,0,,12.2,6,0,0,0.0,0,1,0,0,0,0,559,558,0,2,420,136,0,1,238,321,0,18,26,5,0,8,0,0,0,
Trey King,53515,WR,DUQUESNE,2,0,0,,0,0,155,0,0,,60.0,60.0,,60.0,,0,0,0,0,,,0,0,0,0.0,0,0,0,0,0,0,2,0,0,0,0,0,0,2,0,2,0,0,0,0,0,0,0,0,0,
Jakari Patterson,53555,LB,S ILLINOIS,2,0,0,100.0,0,0,295,0,0,62.7,62.3,75.6,60.0,59.9,51.0,0,0,0,0,7,20.0,1,0,0,85.4,2,0,0,20,0,35,55,1,0,0,1,0,1,54,1,19,33,1,4,0,2,0,0,9,17,4.5
Elijah Ford,53568,LB,E KENTUCKY,11,11,1,62.5,0,1,159,0,0,58.1,44.9,80.5,79.8,30.5,68.8,0,7,0,0,35,12.5,5,2,0,140.1,5,1,0,349,0,156,379,9,0,0,9,0,1,370,19,204,20,10,24,1,8,8,1,89,67,17.8
Syncere Jones,53596,S,ARKAPB,11,12,0,58.8,0,1,112,0,1,67.7,64.2,35.9,,58.1,58.5,0,0,0,0,70,16.9,11,1,1,120.5,10,0,0,184,1,230,484,2,0,0,2,0,137,482,0,254,159,13,42,1,17,0,1,203,150,20.3
Adam Hundemer,53622,ED,S ILLINOIS,6,1,0,,0,0,295,0,0,62.6,65.5,80.6,58.4,67.0,77.5,0,1,0,0,,0.0,0,0,0,0.0,0,0,0,0,0,0,116,116,7,18,67,24,0,0,83,33,0,3,5,0,0,1,0,0,0,
Troy Reisner,53644,DI,DAYTON,2,0,0,,0,0,150,0,0,,60.3,70.7,58.4,60.9,70.2,0,0,0,0,,0.0,0,0,0,0.0,0,0,0,0,0,0,9,9,0,9,0,0,0,0,4,5,0,1,1,0,0,0,0,0,0,
Cole Hildebrand,54051,S,DAYTON,10,8,0,63.6,0,1,150,1,0,86.4,81.9,40.3,56.9,72.2,65.5,0,0,1,3,45,15.8,9,2,2,88.4,14,0,0,220,8,254,497,3,0,0,3,0,188,494,4,239,78,17,40,4,22,0,2,225,136,16.1
Cheikhsaliou Fall,54240,ED,E KENTUCKY,4,1,0,,0,0,159,0,0,62.8,60.9,79.5,55.5,60.9,76.6,0,0,0,0,,0.0,0,0,0,0.0,0,0,0,0,0,6,29,25,0,0,25,0,0,4,8,15,4,1,2,0,0,0,0,0,0,
E.J. Porter,54466,LB,W CAROLINA,11,8,0,81.8,0,1,344,0,0,42.4,57.8,82.8,91.5,59.7,53.1,4,1,0,0,43,21.2,7,0,1,151.7,9,5,0,349,0,184,377,3,0,0,3,0,1,374,16,177,24,15,18,2,11,10,2,120,70,13.3
James Tobin IV,54971,CB,NICHOLLS,7,6,0,56.0,0,0,243,0,0,63.3,66.4,83.2,52.8,77.6,50.0,0,0,1,1,52,20.7,6,2,1,104.0,14,0,0,13,323,161,344,0,0,0,0,0,1,344,3,180,5,2,17,1,25,0,3,194,58,13.9
Wankeith Akin Jr.,55014,CB,ARKAPB,10,1,0,33.3,0,0,112,0,0,69.2,70.6,83.0,62.7,72.0,57.3,1,0,0,0,21,18.8,3,2,0,59.0,7,0,0,21,327,174,361,1,0,0,1,0,0,360,5,182,10,4,12,1,21,1,1,67,12,9.6
Eric Black,55017,ED,STNY BROOK,10,4,0,0.0,0,1,303,0,0,74.0,70.4,68.4,87.2,45.2,62.0,6,27,0,0,,25.0,4,1,1,39.6,0,5,0,2,0,4,464,462,0,27,388,47,0,2,260,200,0,12,8,2,1,38,0,0,0,
Ja'Varius Harrison,55021,LB,E TENN ST,11,3,0,66.7,0,1,157,0,0,69.1,75.5,86.1,85.0,74.0,71.8,1,4,0,0,20,11.1,4,2,0,84.5,12,3,0,85,2,142,317,91,0,0,91,0,0,226,40,135,139,18,29,1,18,8,0,116,93,9.7
George Douglas IV,55053,LB,S ILLINOIS,11,9,0,61.5,0,0,295,0,0,52.2,58.8,83.6,62.3,65.0,78.8,2,2,0,0,42,7.4,2,1,1,100.8,8,1,0,168,0,134,265,58,0,0,58,0,0,207,40,91,39,12,16,3,13,5,0,148,68,18.5
RJ Potts,55080,ED,N COLORADO,9,3,0,40.0,0,0,253,1,1,56.3,59.3,89.0,61.4,57.5,45.8,2,3,0,0,10,28.6,4,0,0,47.9,2,0,0,13,0,26,288,238,0,0,238,0,0,50,102,160,37,4,7,0,5,5,0,11,4,5.5
Torrence Williams,55134,DI,ELON,11,6,1,,0,0,162,0,0,64.6,69.1,83.5,59.7,70.6,44.0,1,3,0,0,,15.0,3,0,0,0.0,0,2,0,1,0,0,394,393,24,364,0,5,0,1,226,168,0,12,11,1,0,6,0,0,0,
Benny McCray,55150,CB,SOUTHERN U,6,2,0,54.5,0,1,297,0,0,61.4,65.3,82.1,,81.7,84.2,0,0,1,1,28,4.5,1,1,0,93.0,12,0,0,10,264,155,283,0,0,0,0,0,7,283,0,128,1,5,19,1,22,0,2,180,36,15.0
Rashad Colson,55154,DI,ALAB A&M,1,0,1,,1,0,104,1,0,,58.6,0.0,58.2,67.1,69.7,0,0,0,0,,0.0,0,0,1,0.0,0,0,0,0,0,0,47,47,2,31,0,14,0,0,30,17,0,1,1,0,0,0,0,0,0,
Noah Hickcox,55219,DI,ILL STATE,11,9,0,,0,0,188,0,0,62.1,67.9,85.7,60.3,68.4,68.3,0,5,0,0,,7.7,2,0,0,0.0,0,0,0,0,0,1,301,301,228,71,0,2,0,0,118,182,0,12,15,0,0,5,0,0,0,
Malik Gavek,55284,S,RHODE ISLD,11,7,0,64.3,0,0,274,0,0,52.0,55.5,85.2,56.9,61.8,59.1,2,1,0,0,28,16.3,7,1,0,120.2,9,0,0,100,1,137,332,14,0,0,13,1,127,318,10,185,90,12,29,1,14,3,1,137,74,15.2
Henry Yianakopolos,55285,S,RHODE ISLD,11,13,0,51.5,0,1,274,0,0,74.3,76.3,91.7,74.2,72.0,79.1,1,9,0,1,65,11.3,6,2,0,74.4,17,5,0,79,11,259,638,196,0,0,193,3,1,442,77,302,351,23,34,5,33,15,2,173,103,10.2
Jake Fire,55299,LB,RHODE ISLD,11,28,0,85.7,0,3,274,2,0,58.4,74.2,25.5,81.8,73.1,65.1,7,12,0,1,31,13.6,15,0,3,93.8,24,6,1,655,0,273,694,2,0,0,2,0,0,692,97,324,37,49,67,3,28,25,1,202,195,8.4
Ed Lee,55306,WR,RHODE ISLD,1,0,0,,0,0,274,0,0,,60.0,60.0,,60.0,,0,0,0,0,,,0,0,1,0.0,0,0,0,0,0,0,1,0,0,0,0,0,0,1,0,1,0,0,0,0,0,0,0,0,0,
Michael Crawford,55332,LB,TENN STATE,11,15,0,71.4,0,0,308,0,0,55.3,58.1,26.0,63.3,61.3,51.7,1,3,0,0,30,16.7,7,1,1,121.7,10,1,0,212,0,122,314,50,0,0,50,0,4,264,21,171,46,13,20,0,14,5,1,122,93,12.2
Tadarrius Patterson,55361,ED,TENN STATE,11,6,0,,1,1,308,0,0,72.8,70.0,0.0,74.6,71.4,64.9,6,17,0,0,,12.0,3,0,8,0.0,0,5,0,0,0,0,412,411,0,1,390,20,0,1,223,189,0,17,16,3,0,28,0,0,0,
Zamari Maxwell,55377,CB,INCAR WORD,9,2,0,50.0,0,1,189,1,0,61.3,67.0,84.5,,89.7,73.8,0,0,0,0,66,7.1,1,1,1,82.3,8,0,0,9,206,120,221,2,0,0,2,0,1,219,0,101,0,2,11,0,16,0,0,148,65,18.5
Mason Cholewa,55382,G,TOWSON,3,0,0,,0,0,317,0,0,,58.9,75.1,60.5,57.8,70.2,0,1,0,0,,0.0,0,0,0,0.0,0,0,0,0,0,0,30,30,8,18,1,3,0,0,13,17,0,1,1,0,0,1,0,0,0,
Ty Hardimon,55428,S,SAMFORD,11,14,0,63.2,0,2,282,0,0,70.4,70.1,20.0,56.3,73.3,74.7,0,1,0,1,42,13.1,8,2,4,90.9,12,0,0,247,5,378,684,26,0,0,26,0,300,658,21,285,105,14,39,1,19,1,1,185,48,15.4
Bryce Cross,55598,S,W ILLINOIS,11,19,0,75.0,0,1,345,2,0,73.7,73.1,49.9,60.0,70.0,62.0,0,0,0,0,54,18.5,15,2,2,136.8,24,0,0,86,7,311,669,5,0,0,5,0,375,664,1,357,195,11,47,0,32,0,3,315,149,13.1
Coi Miller,55601,CB,HOUCHR,11,8,0,58.8,0,0,183,2,1,78.7,77.4,91.4,59.1,71.8,64.6,0,3,0,3,53,13.0,7,4,1,82.1,30,1,0,104,33,430,836,65,0,0,65,0,136,771,15,391,498,20,39,0,51,4,4,360,168,12.0
Marquis Britten,55604,CB,GRAMBLING,4,1,0,57.1,0,0,177,2,0,54.1,54.2,0.0,,63.5,65.1,0,0,0,0,30,14.3,1,0,1,83.6,4,0,0,12,35,51,106,2,0,0,2,0,0,104,0,55,57,1,5,0,7,0,0,57,21,14.3
Robert Topps III,55611,S,TOWSON,11,2,0,56.5,0,0,317,0,0,55.5,61.0,87.1,65.4,70.2,69.1,0,1,0,1,31,13.8,4,1,1,109.8,13,0,0,104,1,284,529,2,0,0,2,0,285,527,1,244,137,2,23,0,23,1,5,216,58,16.6
Emmanuel Flowers,55635,S,SAMFORD,11,7,0,62.1,0,0,282,2,0,59.0,66.4,41.4,56.0,83.2,73.6,0,0,0,0,72,11.1,5,1,1,99.1,18,0,0,197,16,275,548,0,0,0,0,0,150,548,4,269,185,12,33,2,29,0,1,235,109,13.1
Aadreekis Conner,55637,S,ALAB A&M,11,3,0,75.0,0,0,104,0,0,49.7,47.9,1.5,66.1,44.4,29.9,1,5,0,0,19,35.7,5,0,1,151.0,3,2,0,110,0,74,158,27,0,0,27,0,5,131,28,56,16,4,6,0,4,8,1,45,35,15.0
Tyrel Thomas,55641,CB,MONTANA ST,8,1,0,52.9,0,0,233,0,0,67.5,67.7,79.7,,64.6,68.1,0,0,0,0,24,10.0,1,1,0,69.7,9,0,0,4,134,71,143,0,0,0,0,0,1,143,0,72,1,3,8,0,17,0,0,96,28,10.7
Dyvine Wallace,55656,S,N ARIZONA,10,5,0,55.6,0,0,252,0,0,70.3,73.5,86.8,68.4,76.9,72.9,2,1,0,0,15,12.9,4,1,0,62.0,10,1,0,110,2,208,411,33,0,0,33,0,0,378,22,181,261,12,22,3,18,4,0,59,38,5.9
Trey Williams,55661,CB,NWSTATE,9,0,0,47.1,0,0,257,0,0,53.2,61.4,81.2,,90.5,84.2,0,0,0,0,48,0.0,0,1,1,114.2,8,0,0,5,203,101,214,0,0,0,0,0,1,214,0,113,5,4,9,0,17,0,3,136,23,17.0
Kyriq McDonald,55774,S,MO STATE,10,10,0,44.8,2,1,230,0,0,80.6,76.1,0.0,59.3,74.8,64.0,1,1,0,1,30,15.9,7,6,4,86.1,13,0,0,142,8,301,557,18,0,0,18,0,98,539,12,244,290,9,27,1,29,2,3,185,74,14.2
Sy Dabney,55836,S,ILL STATE,11,12,0,57.1,0,1,188,0,0,70.0,70.0,86.1,69.9,64.3,51.2,0,1,1,1,16,23.8,10,0,0,74.7,4,3,0,114,0,171,375,30,0,0,30,0,191,345,18,186,40,13,20,2,7,4,1,42,22,10.5
Aaron Cooper,55839,ED,N DAKOTA,12,5,0,66.7,0,2,249,0,0,82.6,69.3,89.2,65.6,54.1,59.6,0,2,0,0,18,16.1,5,1,0,77.4,8,2,0,19,2,59,279,192,1,0,191,0,0,87,71,149,65,14,21,2,12,4,0,57,48,7.1
Deandre Lamont,55843,CB,ILL STATE,11,18,0,62.9,0,1,188,0,0,71.3,67.6,86.5,66.5,55.8,68.4,3,1,1,1,74,13.5,10,3,2,104.2,22,2,0,184,216,324,694,48,0,0,48,0,11,646,32,338,235,18,46,1,35,6,1,438,241,19.9
Carthell Flowers-Lloyd,55869,LB,STNY BROOK,10,15,0,69.2,0,1,303,1,1,76.4,77.5,28.2,85.1,71.1,47.3,5,13,1,1,38,21.5,17,3,2,80.4,18,2,0,205,9,217,569,123,0,0,123,0,0,446,83,269,232,30,47,10,26,20,1,149,118,8.3
Anthany Smith,55876,S,E WASHGTON,5,6,0,100.0,0,0,161,0,0,59.4,58.4,80.1,,55.9,51.6,0,0,0,0,41,20.7,6,0,0,158.3,6,0,0,57,2,90,216,0,0,0,0,0,120,216,0,126,36,7,17,0,6,0,1,103,33,17.2
Tye Freeland,55939,CB,WM & MARY,9,6,0,47.5,0,4,348,0,0,74.1,77.6,46.1,63.1,88.8,73.3,0,1,0,2,28,13.0,6,4,3,44.0,19,1,0,94,22,333,571,7,0,0,7,0,82,564,2,236,366,11,34,2,40,2,0,222,77,11.7
Wyryor Noil,55947,CB,IDAHO,10,1,0,68.8,0,0,185,0,0,65.5,62.8,82.0,60.0,50.4,62.5,0,0,0,0,49,18.8,3,2,0,115.9,11,0,0,6,175,87,200,10,0,0,10,0,0,190,1,112,8,4,12,2,16,0,1,137,35,12.5
Juwan Burgess,55958,S,TOWSON,7,1,0,,0,0,317,0,0,59.3,53.9,74.2,60.0,47.4,24.0,0,0,0,0,,66.7,2,0,0,0.0,0,0,0,5,0,14,23,0,0,0,0,0,6,23,1,8,10,0,0,0,0,0,0,0,0,
Charles Peeler,55971,CB,DELWARE ST,11,4,0,61.3,0,0,152,0,0,62.0,64.0,38.1,65.0,71.8,58.5,0,2,0,1,25,12.9,4,3,3,110.8,19,1,0,64,255,306,527,2,0,0,2,0,123,525,5,216,80,12,23,3,31,3,5,234,113,12.3
Tamaurice Smith,56038,S,NC CENT,10,2,0,53.8,0,0,247,0,0,73.7,73.9,81.6,75.6,65.2,76.0,0,0,0,0,28,8.7,2,2,1,69.7,7,2,0,40,23,114,168,5,0,0,5,0,47,163,3,51,53,10,19,0,13,2,0,71,14,10.1
Bradley Jones,56041,S,TENN MARTN,1,0,0,,0,0,310,0,0,60.7,60.3,65.4,,,,0,0,0,0,,,0,0,0,0.0,0,0,0,0,0,2,2,0,0,0,0,0,2,2,0,0,0,0,0,0,0,0,0,0,0,
J'Marick Woods,56062,LB,N ALABAMA,2,0,0,,0,0,389,0,0,63.0,43.5,0.0,59.0,43.5,40.1,0,0,0,0,,50.0,1,0,1,0.0,0,0,0,15,1,7,25,5,0,0,5,0,0,20,2,16,4,1,1,0,0,0,0,0,0,
Raheme Fuller,56068,CB,TEXAS STHN,11,2,0,61.1,0,0,313,0,0,65.5,67.4,85.1,60.0,72.3,70.3,0,0,1,1,65,11.4,4,4,4,87.6,33,0,0,22,526,260,560,3,0,0,3,0,1,557,1,299,8,11,29,3,54,0,2,388,175,11.8
Landon Guidry,56082,S,SAMFORD,1,0,0,100.0,0,0,282,0,0,53.3,47.8,69.4,60.0,62.3,73.0,0,0,0,0,10,0.0,0,0,0,108.3,1,0,0,2,0,1,5,3,0,0,3,0,0,2,1,3,0,0,1,0,1,0,0,10,0,10.0
Ty Okada,56089,CB,MONTANA ST,14,12,2,67.7,0,1,233,2,0,76.8,74.9,34.5,77.2,67.2,68.4,0,3,0,1,36,13.4,11,6,4,89.4,44,3,0,110,14,410,756,84,0,0,84,0,6,672,27,319,534,26,59,5,65,6,3,342,162,7.8
Quinaz Turner,56092,S,MURRAY ST,11,3,1,68.6,0,0,236,0,0,54.8,55.7,88.8,71.6,54.3,35.7,0,1,0,4,37,29.8,14,2,0,90.0,35,0,0,78,5,373,703,2,0,0,2,0,322,701,2,328,296,10,30,1,51,1,5,376,159,10.7
Cortez Roberts,56093,S,SACR HEART,3,1,0,50.0,0,0,280,0,0,42.0,52.9,78.3,75.2,68.2,79.7,1,1,0,0,8,0.0,0,1,0,60.4,1,0,0,11,1,20,44,4,0,0,4,0,14,40,3,21,14,0,2,0,2,2,0,8,6,8.0
Jalen McKie,56126,CB,W ILLINOIS,10,13,0,55.2,0,0,345,0,0,76.1,73.3,85.2,,55.5,50.1,0,0,0,0,73,17.4,8,4,0,95.5,16,0,0,29,563,273,597,0,0,0,0,0,2,597,0,324,3,5,25,0,29,0,1,250,88,15.6
Dillon Thomas,56127,S,MO STATE,11,14,0,46.2,0,0,230,0,0,52.6,58.4,86.3,64.3,66.8,77.8,0,0,0,1,42,12.1,7,3,0,90.7,12,1,0,174,6,298,588,6,0,0,6,0,338,582,10,280,63,4,37,1,26,1,3,173,57,14.4
Abel Ordaz,56156,S,SACRAMENTO,10,3,0,75.0,0,0,279,0,0,62.2,68.9,81.7,,83.7,89.8,0,0,0,0,72,0.0,0,0,0,156.3,6,0,0,31,1,81,130,1,0,0,1,0,47,129,0,49,48,5,14,0,8,0,2,155,46,25.8
Marte Mapu,56159,S,SACRAMENTO,13,16,0,67.7,1,1,279,0,0,77.2,80.0,88.8,67.7,85.9,79.0,2,6,0,2,47,11.2,10,3,5,79.6,44,2,0,249,3,468,871,49,0,0,49,0,56,822,35,368,510,29,63,5,65,10,1,449,246,10.2
Zay Brown,56168,S,CHATTNOOGA,6,1,0,50.0,0,0,137,0,0,62.7,64.3,75.0,,64.8,78.0,0,0,0,0,1,0.0,0,0,0,56.3,1,0,0,13,0,21,35,0,0,0,0,0,18,35,0,14,4,1,1,0,2,0,0,1,2,1.0
Ferlando Jordan,56179,CB,SE LA,13,3,0,59.0,0,0,294,0,0,67.9,68.3,49.9,,68.7,64.9,0,0,0,0,84,13.5,5,5,2,128.7,23,0,0,16,680,379,715,0,0,0,0,0,2,715,0,336,16,10,29,2,39,0,3,485,191,21.1
Tyler Barnes,56190,S,MCNEESE,10,11,0,48.3,0,2,217,0,0,84.5,73.3,87.8,64.4,51.7,49.8,0,3,0,3,89,23.3,17,4,1,63.1,14,0,0,167,0,269,585,17,0,0,17,0,269,568,9,307,130,18,45,3,29,3,2,260,165,18.6
Jabari Reddock,56194,CB,NWSTATE,11,3,0,65.8,0,1,257,0,0,77.3,72.5,33.6,60.4,54.5,67.6,0,1,0,0,35,13.3,4,5,2,103.4,25,0,0,42,8,233,401,19,0,0,19,0,35,382,9,159,296,9,23,2,38,1,2,264,86,10.6
Randy Pringle,56195,CB,STNY BROOK,11,8,0,59.5,1,0,303,0,0,75.6,72.4,15.5,60.0,61.2,58.2,1,0,0,0,72,16.7,11,6,2,118.3,25,0,0,161,3,370,642,11,0,0,11,0,39,631,0,272,428,11,47,2,42,1,4,351,187,14.0
Derrick Tucker,56224,S,TEXAS STHN,8,8,1,40.0,0,0,313,0,0,63.8,68.6,80.4,60.0,72.6,60.8,1,2,1,2,38,17.1,7,0,0,58.8,4,0,0,142,7,116,281,12,0,0,12,0,90,269,9,156,30,10,26,3,10,3,1,71,29,17.8
Jaylin White,56235,CB,UC DAVIS,5,1,0,66.7,0,0,322,0,0,59.7,60.9,83.0,65.2,60.2,33.5,0,0,0,0,34,30.8,4,0,0,94.2,6,1,0,16,5,69,127,20,0,0,20,0,1,107,7,51,85,7,8,0,9,1,0,79,45,13.2
Devon King,56236,CB,UC DAVIS,11,11,0,62.7,0,1,322,1,0,77.0,75.8,85.1,53.5,69.3,71.5,0,0,0,1,80,11.9,8,6,0,84.4,37,0,0,101,528,353,667,6,0,0,6,0,28,661,7,307,4,22,48,4,59,0,1,445,185,12.0
Trey Austin,56255,CB,DELAWARE,7,1,0,33.3,0,0,151,0,0,60.5,61.6,77.1,59.6,63.3,78.9,0,0,0,0,20,0.0,0,0,0,97.2,1,0,0,14,47,24,63,2,0,0,2,0,0,61,1,38,0,1,2,0,3,0,1,20,0,20.0
Will Bunton,56280,CB,ROB MORRIS,7,2,0,57.1,1,0,277,0,0,60.8,62.2,80.7,57.5,67.1,63.0,0,0,0,1,61,14.3,2,4,2,105.7,8,0,0,23,147,101,191,3,0,0,3,0,6,188,2,88,12,3,10,0,14,0,3,155,31,19.4
B.J. Thompson II,56330,ED,STF AUSTIN,11,2,0,66.7,0,2,301,1,1,63.0,86.5,88.6,92.7,60.4,34.5,5,20,0,0,32,32.0,8,0,0,149.3,2,5,0,27,0,29,560,526,0,8,492,26,0,34,283,248,6,15,15,4,3,30,1,43,14,21.5
Joshua Johnson,56357,ED,CAMPBELL,9,10,3,,0,2,131,0,0,61.3,71.3,30.5,57.7,82.6,39.4,1,10,0,0,,23.1,12,0,3,0.0,0,6,0,0,0,1,442,442,0,5,405,32,0,0,220,221,0,30,30,7,0,17,0,0,0,
Cordarrius Bailey,56370,ED,N IOWA,11,12,1,,0,2,255,0,0,67.1,73.2,36.1,66.1,73.7,56.7,7,15,0,0,,13.9,5,0,2,0.0,0,2,0,0,0,4,353,353,0,18,241,94,0,0,193,156,0,17,19,2,0,24,0,0,0,
Anthony Payne,56382,DI,MO STATE,2,2,0,,0,0,230,0,0,,63.7,0.0,64.8,70.2,60.3,0,5,0,0,,20.0,1,0,2,0.0,0,2,0,0,0,0,85,85,10,62,8,5,0,0,52,33,0,3,2,0,0,7,0,0,0,
Raffaele Salamone,56403,DI,MAINE,11,11,0,,0,0,212,1,0,57.6,63.5,63.9,62.9,63.9,52.8,2,4,0,0,,13.9,5,0,1,0.0,0,1,0,0,0,0,418,418,65,345,0,8,0,0,169,249,0,14,20,1,0,7,0,0,0,
Jamehl Wiley,56404,ED,MAINE,11,8,0,,0,0,212,0,0,59.7,76.5,67.4,71.0,77.3,63.1,5,9,0,0,,16.2,6,0,1,0.0,0,6,0,0,0,0,474,474,0,51,317,106,0,0,245,229,0,17,23,3,0,20,0,0,0,
Deari Todd,56406,ED,MONTANA,12,11,0,100.0,0,0,232,0,0,62.2,62.1,82.4,53.5,66.6,63.2,1,4,0,0,-4,13.8,4,0,0,79.2,1,3,0,1,0,7,407,406,2,74,119,211,0,1,217,183,0,13,14,2,1,8,0,-4,1,-4.0
Michael Scott,56459,ED,S DAKOTA,10,10,0,80.0,0,0,291,0,0,72.1,68.2,39.5,58.8,72.4,73.2,2,16,0,0,10,8.9,5,0,3,89.2,4,3,0,67,0,61,587,514,0,0,513,1,0,73,238,288,6,24,41,5,5,21,0,27,29,6.8
Nathan Proctor Jr.,56474,DI,DUQUESNE,11,6,0,,0,0,155,0,0,,59.5,45.4,59.2,60.7,71.0,0,5,0,0,,5.9,1,0,1,0.0,0,0,0,1,0,0,217,215,6,149,41,19,0,2,90,127,0,8,10,3,0,5,0,0,0,
Robert Porcher,56477,ED,NC A&T,7,7,0,100.0,0,0,246,0,0,59.6,74.1,83.7,65.1,78.0,44.9,1,12,0,0,4,21.7,5,0,1,83.3,1,2,0,2,0,4,228,223,6,88,124,5,0,5,129,95,3,13,11,2,1,15,0,4,8,4.0
James Jackson,56488,ED,YNGTOWN ST,11,4,1,100.0,1,0,353,0,0,63.2,58.6,44.1,61.2,57.0,48.8,5,9,0,0,7,25.0,4,0,2,79.2,2,4,0,14,0,3,415,400,1,20,335,44,0,15,222,190,1,9,8,1,2,18,0,6,5,3.0
Anthony Lang,56510,ED,ALBANY,11,0,2,66.7,0,0,106,0,0,86.2,72.1,87.4,62.0,70.0,54.1,3,13,1,1,20,15.0,3,0,0,107.6,2,0,0,2,0,7,387,385,0,2,355,28,0,2,190,190,0,10,17,5,3,16,1,36,16,18.0
Caden Brown,56567,DI,CENT ARK,11,13,1,,0,0,132,0,0,53.2,79.5,45.6,74.9,81.5,52.4,5,18,0,0,,12.1,4,0,2,0.0,0,4,0,1,0,0,452,450,71,373,0,6,0,2,232,220,0,14,16,1,0,27,0,0,0,
Tre Turner,56580,ED,NC CENT,3,1,0,,0,0,247,0,0,,59.5,79.3,54.4,67.8,76.7,0,2,0,0,,0.0,0,0,0,0.0,0,0,0,0,0,0,92,92,0,1,52,39,0,0,71,21,0,3,3,0,0,2,0,0,0,
Debore'ae McClain,56593,ED,E WASHGTON,10,2,0,,0,0,161,0,0,63.6,52.4,36.0,54.8,52.9,26.0,1,5,0,0,,40.0,8,0,2,0.0,0,0,0,5,0,5,340,335,1,17,267,50,0,5,130,205,0,5,10,0,0,6,0,0,0,
Mitchell Johnson,56594,ED,E WASHGTON,11,20,0,50.0,1,1,161,2,1,55.6,78.5,19.8,72.7,83.8,65.1,10,15,0,0,16,14.0,7,0,5,77.1,1,4,0,3,0,7,606,600,0,1,551,48,0,6,260,339,1,24,23,6,2,29,0,16,9,16.0
Caleb Davis,56595,DI,E WASHGTON,7,3,1,,0,0,161,1,0,60.9,63.6,24.9,58.1,67.3,53.0,1,5,0,0,,16.7,3,0,2,0.0,0,1,0,0,0,0,277,275,9,243,2,21,0,2,122,155,0,9,12,0,0,7,0,0,0,
Kevin Victorian,56617,ED,PRVIEW A&M,11,7,3,,0,0,270,0,0,56.3,56.4,85.4,57.6,55.4,36.7,3,19,0,0,,29.0,9,0,0,0.0,0,2,0,1,0,2,511,508,2,36,316,154,0,3,255,254,0,11,15,1,0,24,0,0,0,
Wesley Green,56618,DI,GRAMBLING,10,4,1,,0,0,177,0,0,71.0,74.4,67.0,60.1,78.5,33.9,3,7,0,0,,17.9,5,0,1,0.0,0,0,0,0,0,1,493,492,111,359,4,18,0,1,233,259,0,14,19,3,0,10,0,0,0,
Alexander Duke,56623,ED,ABILENE CH,9,2,0,100.0,0,0,100,1,1,65.0,63.7,41.2,65.4,58.3,79.4,1,12,0,0,5,0.0,0,0,1,87.5,1,1,0,2,0,4,177,175,0,0,166,9,0,2,125,48,0,3,3,0,1,14,0,5,7,5.0
Nate DeGraw,56631,DI,IDAHO,12,6,1,,0,0,185,0,0,59.7,59.6,64.6,58.3,60.2,66.9,1,2,0,0,,8.3,2,0,1,0.0,0,2,0,0,0,1,451,451,50,385,1,15,0,0,212,238,0,10,16,1,0,5,0,0,0,
Tramar Reece,56645,ED,TOWSON,11,3,2,72.7,0,0,317,0,0,61.2,67.5,67.5,64.8,69.7,69.8,0,7,0,0,18,11.5,3,1,1,88.4,8,1,0,44,0,70,448,371,0,1,368,2,0,77,164,214,33,15,20,4,11,8,0,68,46,8.5
Chris Whittaker,56671,ED,INCAR WORD,14,5,1,100.0,1,2,189,2,0,66.7,75.7,53.6,83.7,62.6,35.5,6,16,0,0,9,28.9,11,0,2,104.2,1,7,0,21,0,16,509,485,0,2,478,5,0,24,278,215,0,24,22,3,1,29,0,9,11,9.0
Brandon Gaddy,56694,DI,ALABAMA ST,11,7,1,100.0,1,0,105,1,0,58.7,77.5,30.5,67.4,84.8,52.7,1,16,0,0,2,12.2,5,0,3,79.2,1,0,0,18,0,4,502,483,63,393,15,12,0,19,283,215,1,22,29,9,1,17,0,2,0,2.0
Aaron Odom,56721,ED,AUSTINPEAY,11,6,0,,0,0,116,0,0,64.9,60.7,82.6,55.6,61.5,44.6,0,6,0,0,,23.1,3,0,0,0.0,0,2,0,0,0,2,325,325,0,43,71,211,0,0,148,175,0,4,4,1,0,8,0,0,0,
Kyle Rygg,56738,DI,MONTANA ST,4,1,0,,0,0,233,0,0,,62.7,74.1,70.2,55.5,73.0,0,1,0,0,,0.0,0,0,0,0.0,0,0,0,0,0,0,25,25,1,18,2,4,0,0,12,13,0,1,1,1,0,1,0,0,0,
Jordan Paup,56746,ED,ABILENE CH,11,10,7,,0,0,100,1,0,74.2,70.8,87.4,64.8,69.1,53.7,4,17,0,0,,17.9,7,0,0,0.0,0,5,0,3,0,1,678,674,83,46,348,197,0,4,404,273,0,18,22,5,0,26,0,0,0,
Quintin Seguin,56761,DI,CHARLES SO,10,7,0,0.0,0,0,135,0,0,56.4,67.2,65.4,62.9,70.5,63.6,2,8,0,0,,4.3,1,0,1,39.6,0,3,0,0,0,0,476,476,13,447,5,11,0,0,263,213,0,12,15,0,1,13,0,0,0,
Jalen Morrison,56763,DI,N DAKOTA,12,2,0,100.0,0,0,249,0,0,50.1,51.6,84.0,53.0,52.6,24.1,0,2,0,0,12,30.8,4,0,0,116.7,1,0,0,0,0,2,283,283,116,154,1,12,0,0,119,162,0,6,7,1,1,2,0,12,15,12.0
Josh Cooper,56814,ED,SACRAMENTO,6,0,0,100.0,0,0,279,0,0,61.2,60.9,81.9,63.4,54.6,38.9,1,4,0,0,10,25.0,1,0,0,89.6,2,0,0,0,0,8,69,68,0,0,68,0,0,1,37,24,1,2,3,1,2,5,0,11,9,5.5
Killian Rosko,56816,ED,SACRAMENTO,13,11,0,25.0,1,0,279,2,0,65.1,69.8,69.4,60.7,74.2,68.0,4,27,0,0,25,8.8,3,1,1,53.1,1,0,0,1,0,4,555,551,0,26,305,220,0,4,311,240,0,16,20,5,4,31,0,25,21,25.0
Dylan Petti,56819,DI,LNDNWD,8,11,0,,0,0,949,1,0,45.7,61.9,83.8,53.5,68.2,34.4,2,2,0,0,,20.0,6,0,0,0.0,0,0,0,0,0,0,287,287,88,197,0,2,0,0,143,144,0,8,13,0,0,4,0,0,0,
Toby Ndukwe,56825,ED,SM HOUSTON,9,9,0,50.0,0,1,281,0,0,66.3,78.5,67.1,72.6,79.8,73.2,10,17,0,1,6,5.7,2,0,1,16.7,2,1,0,59,0,52,488,427,0,4,322,101,0,61,237,199,2,20,24,8,4,28,0,10,15,5.0
Jalon Sheffield,56830,ED,GRAMBLING,5,2,0,,0,0,177,0,0,60.0,61.3,83.0,59.6,63.7,29.2,1,7,0,0,,26.7,4,0,0,0.0,0,0,0,1,0,0,190,189,0,1,180,8,0,1,92,98,0,7,9,0,0,8,0,0,0,
Tainano Gaulua,56842,DI,SE LA,8,8,3,,0,0,294,0,0,56.3,64.7,83.8,72.3,59.4,61.0,3,5,0,0,,11.5,3,0,0,0.0,0,1,0,0,0,4,371,371,49,318,0,4,0,0,193,174,0,9,15,0,0,9,0,0,0,
Andrew Cole,56848,DI,ALCORN ST,4,3,0,,0,0,107,0,0,,79.6,79.1,65.6,80.5,76.4,0,2,0,0,,0.0,0,0,0,0.0,0,0,0,0,0,0,71,71,46,11,3,11,0,0,25,46,0,4,4,2,0,2,0,0,0,
Malik Burns,56864,ED,BETH COOK,4,0,0,,0,0,119,0,0,60.0,60.5,22.7,53.1,70.5,62.4,0,2,0,0,,14.3,1,0,1,0.0,0,1,0,2,0,1,106,104,0,14,78,12,0,2,56,49,0,4,6,0,0,3,0,0,0,
Aaron Calcote,56880,ED,NICHOLLS,5,1,0,,0,0,243,0,0,64.4,62.6,81.4,55.7,63.9,47.6,0,0,0,0,,22.2,2,0,0,0.0,0,0,0,9,0,5,83,73,0,0,72,1,0,10,36,42,0,5,6,1,0,0,0,0,0,
Carl Fowler,56954,DI,WM & MARY,13,9,4,,1,0,348,0,0,65.5,69.0,59.9,60.6,74.5,56.3,2,20,0,0,,14.3,5,0,2,0.0,0,1,0,2,1,3,684,680,104,282,135,159,0,4,411,270,0,16,21,0,0,23,0,0,0,
Segun Ijiyera,56982,DI,TARLETON,11,4,3,,0,2,401,1,0,62.5,86.2,46.8,81.9,83.1,47.2,3,13,0,0,,14.7,5,0,2,0.0,0,4,0,0,0,0,483,483,4,264,36,179,0,0,220,263,0,24,25,7,0,20,0,0,0,
Zacchaeus McKinney,57018,ED,INCAR WORD,14,6,0,100.0,0,0,189,0,0,62.6,68.6,48.1,66.6,69.1,72.3,1,16,0,0,4,6.7,2,0,2,83.3,1,2,0,7,0,12,433,425,11,14,378,22,0,8,210,211,0,11,22,2,1,19,0,4,6,4.0
Troy James,57019,DI,PRVIEW A&M,9,1,5,100.0,1,0,270,0,0,87.2,87.1,24.4,89.7,76.3,28.5,1,20,0,0,3,29.2,14,0,3,79.2,1,3,0,0,0,6,398,397,153,236,5,3,0,1,213,179,0,31,33,5,1,24,0,3,5,3.0
Cameron Washington,57022,DI,W ILLINOIS,11,6,0,,0,0,345,0,0,60.0,57.4,45.2,60.1,57.3,36.6,0,4,0,0,,11.8,2,0,2,0.0,0,2,0,0,0,0,380,379,349,29,0,1,0,1,169,211,0,7,9,1,0,6,0,0,0,
Carlton Smith,57059,ED,HOUCHR,3,2,0,0.0,0,0,183,0,0,56.9,66.4,79.0,67.8,66.0,60.5,0,1,0,0,,25.0,1,0,0,39.6,0,1,0,19,0,11,40,20,0,0,20,0,0,20,16,13,1,2,1,0,2,2,0,0,0,
R.J. Fitzgerald,57073,FB,MONTANA ST,4,0,0,,0,0,233,0,0,,60.5,60.1,,60.0,,0,0,0,0,,,0,0,0,0.0,0,0,0,0,0,0,5,0,0,0,0,0,0,5,0,5,0,0,0,0,0,0,0,0,0,
Qua'Shawn Washington,57115,LB,TARLETON,9,12,0,86.4,0,1,401,0,0,78.1,79.0,47.4,64.9,77.3,70.7,0,4,0,0,80,11.0,8,1,1,149.1,19,3,0,437,1,198,503,34,0,0,34,0,0,469,52,253,31,39,53,14,22,7,2,276,205,14.5
Devan Barrett,57152,CB,INCAR WORD,8,1,0,40.0,0,0,189,0,0,63.6,60.8,0.0,58.3,58.2,29.5,0,0,0,0,59,37.5,3,1,1,105.8,4,0,0,8,137,77,153,5,0,0,5,0,0,148,1,75,1,0,4,0,10,0,1,89,48,22.3
Markail Benton,57678,LB,JVILLE ST,9,11,0,100.0,0,0,196,1,0,73.8,64.7,42.2,64.3,57.1,63.2,0,4,0,0,19,14.0,8,1,1,116.7,6,5,0,420,0,149,435,11,0,0,11,0,0,424,52,234,3,21,38,0,6,9,0,72,41,12.0
Dan Damico,57689,LB,VILLANOVA,7,7,0,0.0,0,0,334,0,0,69.8,64.4,82.5,56.4,59.4,53.3,0,0,0,0,,17.4,4,1,0,39.6,0,0,0,194,0,69,201,5,1,0,3,1,0,196,14,118,2,7,12,2,1,0,0,0,0,
Jermaine McDaniel Jr.,57693,ED,NC A&T,6,2,1,0.0,2,1,246,0,0,62.8,81.3,0.0,90.8,70.0,78.3,2,17,0,0,,9.1,1,0,5,39.6,0,9,0,1,0,3,250,249,0,0,243,6,0,1,136,111,0,16,8,4,1,28,0,0,0,
Shahid Reece,57736,LB,PRVIEW A&M,11,10,0,82.4,0,0,270,2,0,67.9,66.1,81.6,68.4,61.1,36.7,0,8,0,0,26,25.5,14,1,0,98.0,14,2,0,387,0,200,415,2,0,0,2,0,0,413,15,200,25,20,31,4,17,10,0,128,72,9.1
Anton Williams,57771,ED,CHARLES SO,10,8,4,50.0,0,3,135,0,0,62.8,79.9,70.9,80.6,72.9,54.3,2,14,0,1,23,20.0,7,0,1,52.1,1,7,0,3,1,4,556,552,0,1,419,132,0,4,287,265,0,20,20,2,2,23,0,23,27,23.0
Matthew Jackson,57797,LB,E KENTUCKY,10,15,0,64.5,1,0,159,1,0,66.9,65.8,24.4,65.2,65.3,72.2,2,8,0,0,41,11.7,11,2,3,95.6,20,2,0,80,4,212,648,280,0,0,280,0,0,368,88,348,284,31,68,7,31,12,1,216,140,10.8
Tre Allen,57846,LB,MURRAY ST,3,1,0,50.0,0,1,236,0,0,63.3,53.9,76.4,64.9,46.4,58.3,0,1,0,0,24,22.2,2,0,0,93.8,1,0,0,48,0,15,50,0,0,0,0,0,0,50,3,32,2,3,6,0,2,1,0,24,8,24.0
Chris Harris Jr.,57847,LB,S ILLINOIS,11,9,1,72.0,0,1,295,1,0,75.1,63.6,43.4,66.8,50.8,53.1,4,5,0,0,18,16.1,9,1,1,81.8,18,0,0,341,1,193,429,43,0,2,41,0,0,386,50,186,44,26,38,8,25,9,0,118,101,6.6
Amaud Willis-Dalton,57851,LB,MCNEESE,11,17,1,87.5,0,1,217,1,0,76.9,70.7,48.7,75.2,60.6,51.1,3,8,0,2,37,17.6,13,1,1,60.9,14,2,0,518,0,227,581,8,0,0,8,0,28,573,49,305,25,29,44,4,16,13,0,130,85,9.3
Keshaun Moore,57889,ED,HAMPTON,11,7,2,,0,3,178,1,0,67.3,90.2,66.8,77.3,91.3,80.6,2,23,0,0,,7.1,4,0,1,0.0,0,5,0,1,5,5,521,509,10,61,156,282,0,12,264,252,6,40,45,8,0,30,0,0,0,
Kam Jones,57934,LB,CHATTNOOGA,11,19,0,88.5,0,0,137,0,0,73.2,75.9,49.4,59.5,78.7,71.6,0,7,0,0,37,12.8,10,3,1,110.6,23,1,0,531,0,288,593,5,0,0,5,0,3,588,32,273,53,31,49,3,26,8,1,194,169,8.4
Nick Okeke,57936,ED,S ILLINOIS,11,10,0,66.7,0,0,295,1,0,62.2,59.3,90.9,53.5,62.1,59.6,3,11,0,0,11,18.8,6,0,0,71.5,2,3,0,65,0,50,552,485,0,0,474,11,0,67,270,232,2,9,16,3,3,17,0,10,16,5.0
Josh Clarke,57984,ED,NWSTATE,11,3,0,80.0,0,0,257,0,0,53.2,51.4,32.8,65.9,34.3,61.5,3,6,0,0,14,16.7,1,0,1,95.0,4,3,0,38,1,21,169,126,0,0,126,0,0,43,101,47,4,4,2,0,5,12,0,34,38,8.5
Aubrey Miller Jr.,57993,LB,JACKSON ST,13,26,1,58.3,1,6,194,2,1,91.8,85.0,0.0,71.2,71.0,62.5,8,11,0,0,33,15.5,17,1,3,87.3,14,3,0,588,0,232,645,37,0,0,37,0,0,608,90,323,18,49,67,7,24,22,1,131,129,9.4
Kevin Ellis,57999,ED,MO STATE,11,15,0,50.0,0,1,230,3,0,74.4,72.4,9.0,64.8,78.4,71.7,4,16,0,0,-5,8.5,4,0,6,56.3,1,5,0,3,0,15,563,558,0,11,522,25,0,5,300,248,1,25,28,6,2,25,0,-5,-1,-5.0
Eric Samuta,58006,LB,MURRAY ST,10,14,0,63.6,0,1,236,0,0,72.5,63.6,0.0,73.0,54.5,50.3,6,10,0,0,19,16.7,15,0,3,73.9,14,1,0,547,1,306,639,4,0,0,4,0,0,635,50,283,87,33,61,0,22,17,0,99,69,7.1
Chris Thornton,58060,LB,ARKAPB,3,4,1,100.0,0,0,112,0,0,57.6,63.1,82.0,67.5,60.5,28.5,1,3,0,0,23,36.4,4,0,0,158.3,1,0,0,27,0,24,80,53,0,8,44,1,0,27,24,32,0,0,3,0,1,4,1,23,7,23.0
Jordan Cole,58069,ED,SE MO ST,8,2,0,60.0,0,0,293,0,0,60.0,59.6,52.8,57.8,61.9,60.9,1,4,0,0,26,20.0,5,0,1,85.4,3,2,0,21,0,40,258,224,0,0,223,1,0,34,108,110,12,13,18,2,5,7,0,40,16,13.3
Bryce Flater,58078,LB,N IOWA,11,17,1,80.4,0,0,255,0,0,58.8,59.6,57.2,55.6,62.0,50.9,1,3,0,0,39,15.5,15,1,2,114.4,37,0,0,524,1,324,636,60,0,0,60,0,1,576,48,264,50,38,65,3,46,4,2,367,272,9.9
Isaiah Longino,58088,ED,NWSTATE,11,6,0,,0,0,257,0,0,61.3,69.6,41.4,69.5,68.9,60.4,5,10,0,0,,8.0,2,0,2,0.0,0,3,0,1,0,11,368,366,66,26,254,20,0,2,207,150,0,17,17,7,0,18,0,0,0,
Reidgee Dimanche,58170,LB,STNY BROOK,9,21,0,78.8,0,1,303,1,0,56.4,66.0,83.2,76.5,69.8,68.8,2,3,0,1,25,11.1,10,0,0,80.3,26,1,0,456,0,268,513,14,0,0,14,0,0,499,24,221,43,24,59,4,33,6,0,208,140,8.0
Nadarius Fagan,58172,LB,FL A&M,11,8,0,66.7,0,0,164,0,0,51.6,42.1,0.0,59.6,35.1,44.4,1,12,0,1,23,21.4,9,0,4,57.6,10,0,0,320,1,196,363,20,0,0,19,1,0,343,29,138,22,13,25,1,15,13,0,100,84,10.0
Audley Isaacs,58177,LB,TARLETON,4,0,0,,0,0,401,0,0,63.3,70.2,71.1,60.0,70.1,80.1,0,1,0,0,,0.0,0,0,0,0.0,0,0,0,23,0,6,26,1,0,0,1,0,0,25,1,19,2,3,5,0,0,1,0,0,0,
John Brannon,58195,DI,ABILENE CH,1,0,0,,0,0,100,0,0,,59.1,69.8,58.5,60.0,,0,0,0,0,,,0,0,0,0.0,0,0,0,0,0,0,4,4,4,0,0,0,0,0,3,1,0,0,0,0,0,0,0,0,0,
Cam Trimble,58220,ED,UC DAVIS,11,11,0,66.7,0,1,322,0,0,68.6,74.5,89.4,62.8,78.4,81.5,3,7,0,0,8,8.6,3,0,0,109.7,4,1,0,42,1,46,422,369,0,0,369,0,0,53,180,196,10,18,21,5,6,11,1,18,30,4.5
Jayce Smalley,58226,LB,UC DAVIS,11,14,0,87.5,0,0,322,0,0,71.3,75.5,38.0,65.6,77.4,78.1,1,4,0,0,27,7.5,4,1,1,123.2,14,1,0,362,0,193,419,7,0,0,7,0,0,412,20,206,50,20,35,2,16,6,1,137,104,9.8
Farrell Hester II,58232,LB,ALAB A&M,11,12,1,73.7,0,0,104,1,0,54.2,60.6,84.7,71.7,59.8,46.2,0,8,0,1,31,20.4,11,0,0,73.4,14,2,0,419,0,212,512,38,0,1,37,0,0,474,60,240,54,19,31,2,19,10,0,145,85,10.4
Juliano Falaniko,58234,ED,IDAHO,11,7,0,,2,0,185,0,0,61.3,64.7,0.0,65.3,72.6,50.0,4,13,0,0,,19.0,8,0,8,0.0,0,1,0,3,0,0,457,454,0,30,378,46,0,3,237,220,0,18,27,2,0,18,0,0,0,
Brayden DeVault-Smith,58259,LB,SAMFORD,12,12,1,69.2,0,1,282,0,0,75.4,76.6,88.8,56.4,78.3,83.7,1,2,0,1,23,4.9,2,1,0,62.3,9,0,0,218,5,187,419,96,0,0,96,0,0,323,41,191,99,12,27,2,13,3,0,108,48,12.0
Imani Bey,58265,ED,NORFOLK,7,0,0,100.0,0,1,244,0,0,61.6,52.8,52.4,58.4,49.3,25.6,1,3,0,0,23,41.7,5,0,1,158.3,1,1,0,0,0,8,238,238,0,0,216,22,0,0,108,122,0,3,7,0,1,5,1,23,13,23.0
Ariel Ngata,58271,ED,SACRAMENTO,10,8,0,50.0,0,0,279,0,0,74.6,69.6,48.0,56.5,79.5,65.4,2,11,0,0,3,15.6,5,0,2,56.3,2,4,0,5,1,41,424,411,0,0,411,0,0,13,225,158,5,18,19,3,4,17,0,0,3,0.0
Fa'Avae Fa'Avae,58274,LB,IDAHO,12,33,0,72.3,2,1,185,0,0,51.4,65.6,3.9,68.9,76.5,76.1,1,7,0,0,63,11.6,14,1,3,125.5,34,2,0,643,1,341,730,14,0,0,14,0,1,716,36,353,71,44,74,2,47,10,4,392,217,11.5
Willie Taylor III,58278,ED,E KENTUCKY,12,7,3,100.0,1,0,159,0,0,52.6,65.6,29.6,78.8,61.0,35.7,6,19,0,0,13,22.9,11,0,4,93.5,7,2,0,21,4,71,641,569,0,1,567,1,0,72,248,322,47,16,30,5,7,27,0,45,55,6.4
Trey Watkins,58300,LB,WM & MARY,12,18,0,71.4,0,0,348,2,0,60.0,60.8,47.0,54.3,63.7,59.4,0,2,0,0,27,17.9,10,1,1,109.2,15,0,0,438,4,291,522,16,0,0,16,0,6,506,21,210,57,9,28,0,21,2,1,160,88,10.7
Sione Lapuaho,60084,DI,WEBER ST,13,4,0,,0,0,342,0,0,60.0,70.2,18.4,65.9,74.4,26.6,3,4,0,0,,29.4,5,0,4,0.0,0,1,0,0,0,0,347,347,107,196,7,37,0,0,175,172,0,6,8,0,0,8,0,0,0,
Callahan O'Reilly,60467,LB,MONTANA ST,14,22,0,70.3,0,3,233,2,0,80.3,76.0,85.3,81.3,63.5,70.5,2,9,0,4,23,10.5,11,2,0,54.7,26,3,0,605,4,349,673,3,0,0,3,0,0,670,44,280,59,41,72,4,37,14,1,219,139,8.4
AJ Mistler,60621,LB,ALBANY,11,15,0,79.2,1,0,106,0,0,70.7,63.2,31.8,70.1,53.1,48.4,3,5,0,1,16,19.2,15,0,2,72.0,19,1,0,279,0,282,652,104,0,0,104,0,4,548,51,319,265,22,48,3,24,9,0,131,76,6.9
Rhedi Short,60622,S,MONTANA ST,6,4,0,40.0,0,0,233,0,0,49.4,57.5,82.0,61.5,69.1,69.7,1,0,0,0,18,10.5,2,1,1,56.3,2,0,0,85,2,112,235,12,0,0,12,0,111,223,7,116,24,3,13,0,5,1,0,25,10,12.5
Xavier Bell,60623,CB,PORTLAND,11,7,0,70.9,0,2,269,0,0,71.7,72.2,90.5,68.5,67.1,74.1,2,1,0,1,84,9.4,5,4,1,111.4,39,1,0,79,26,419,761,55,0,0,55,0,45,706,29,313,555,16,41,5,55,4,3,523,256,13.4
TreSean Smith,60680,S,BETH COOK,9,13,0,70.0,0,0,119,0,0,72.9,73.1,0.0,61.5,77.4,78.3,0,1,0,0,21,11.5,6,1,2,92.9,7,1,0,148,1,155,341,7,0,0,7,0,139,334,5,181,45,12,33,2,10,2,0,78,18,11.1
Anthony Sweeney,60709,CB,N ARIZONA,1,0,0,,0,0,252,0,0,63.1,53.3,72.3,,46.9,25.9,0,0,0,0,,100.0,1,0,0,0.0,0,0,0,2,1,5,10,2,0,0,2,0,0,8,0,5,5,0,0,0,0,0,0,0,0,
Robby Hauck,60710,S,MONTANA,13,32,0,65.8,0,1,232,0,0,46.9,50.8,33.1,67.1,58.1,55.8,2,3,0,0,29,18.3,22,1,5,86.2,25,1,0,316,5,459,903,38,0,0,38,0,374,865,29,415,170,28,66,3,38,6,0,267,175,10.7
Jayden Wooden,60711,S,MORGAN ST,11,9,0,60.0,0,2,235,0,0,70.5,74.1,86.9,52.0,80.8,71.4,0,0,0,1,27,12.3,7,1,1,50.8,12,0,0,181,0,337,601,11,0,0,11,0,284,590,6,258,125,9,41,2,20,0,0,94,52,7.8
Chase Lasater,60894,LB,E KENTUCKY,9,16,0,66.7,0,0,159,0,0,51.1,49.2,19.9,63.9,48.0,38.2,8,7,0,0,13,23.8,20,0,2,70.8,8,0,0,419,0,188,513,33,0,0,33,0,1,480,54,271,60,28,48,4,12,15,0,38,36,4.8
Jarrod Barnes,61138,WR,CENT ARK,3,0,0,,0,0,132,0,0,,65.5,60.0,,67.1,72.3,0,0,0,0,,0.0,0,0,1,0.0,0,0,0,0,0,0,3,0,0,0,0,0,0,3,0,3,0,0,2,0,0,0,0,0,0,
Cutrell Haywood,61310,WR,GARD-WEBB,1,0,0,,1,0,171,0,0,,60.0,60.0,,60.0,,0,0,0,0,,,0,0,2,0.0,0,0,0,0,0,0,1,0,0,0,0,0,0,1,0,1,0,0,0,0,0,0,0,0,0,
Kyndel Dean,61337,WR,FURMAN,1,0,0,,0,0,170,0,0,,60.0,60.0,,60.0,,0,0,0,0,,,0,0,7,0.0,0,0,0,0,0,0,1,0,0,0,0,0,0,1,0,1,0,0,0,0,0,0,0,0,0,
Corey Reed Jr.,61395,WR,BETH COOK,2,0,0,,0,0,119,0,0,60.0,63.2,60.1,,60.0,,0,0,0,0,,,0,0,2,0.0,0,0,0,0,0,1,2,0,0,0,0,0,0,2,0,1,0,0,0,0,0,0,0,0,0,
James Campbell,61475,CB,MONTANA ST,14,4,0,62.8,0,0,233,0,0,74.9,72.8,43.0,58.0,59.5,63.8,0,1,0,2,30,12.2,5,3,2,86.1,27,0,0,11,554,345,587,6,0,0,6,0,3,581,2,240,6,10,32,1,43,1,3,287,88,10.6
Shaun Myers,62235,LB,N ALABAMA,11,20,0,73.3,0,0,389,0,0,51.3,53.4,20.5,61.1,56.4,53.3,1,4,0,0,12,19.2,14,1,3,106.3,11,0,0,356,0,175,468,82,0,0,82,0,0,386,49,244,30,16,39,2,15,5,1,75,63,6.8
Alex Howard,62494,LB,YNGTOWN ST,9,4,1,63.6,0,1,353,2,0,71.9,70.9,0.0,68.2,69.8,62.9,4,3,0,0,26,14.3,5,1,2,92.6,7,1,0,236,0,103,250,8,0,0,8,0,0,242,30,117,6,19,26,2,11,8,0,99,65,14.1
Raequan Prince,62583,WR,ARKAPB,2,0,0,,1,0,112,0,0,,60.0,60.0,,60.0,,0,0,0,0,,,0,0,2,0.0,0,0,0,0,0,0,2,0,0,0,0,0,0,2,0,2,0,0,0,0,0,0,0,0,0,
Ethan Hull,62659,LB,STETSON,10,30,0,66.7,0,1,302,0,0,69.3,89.8,89.2,68.1,90.5,79.4,2,9,0,0,55,7.3,8,3,0,103.6,18,0,0,731,0,322,743,4,0,0,4,0,0,739,42,379,5,38,72,2,27,11,1,218,131,12.1
E.J. Hicks,62801,WR,NC CENT,1,0,0,,0,0,247,0,0,,60.0,60.0,,60.0,,0,0,0,0,,,0,0,0,0.0,0,0,0,0,0,0,1,0,0,0,0,0,0,1,0,1,0,0,0,0,0,0,0,0,0,
Terrell Bailey,62920,CB,N ALABAMA,11,7,0,57.1,1,0,389,0,0,65.1,63.5,48.7,55.8,58.3,63.2,0,1,0,1,40,12.5,6,4,2,95.7,32,0,0,42,555,314,669,1,0,0,1,0,19,668,2,353,52,9,35,0,56,1,4,398,117,12.4
Devin Smith,62923,CB,AUSTINPEAY,10,2,0,60.0,0,0,116,0,0,51.8,54.5,84.0,,65.7,57.6,0,0,0,0,48,19.2,5,5,1,122.0,24,0,0,20,335,179,370,0,0,0,0,0,2,370,0,191,13,4,19,0,40,0,3,431,79,18.0
Kelton Dawson,62939,ED,E KENTUCKY,12,10,2,100.0,1,0,159,1,0,64.1,64.1,8.3,63.5,67.0,76.0,1,20,0,0,8,4.8,2,0,6,100.0,1,2,0,3,0,3,643,640,0,66,208,366,0,3,309,331,0,22,30,4,1,23,0,8,8,8.0
Eddie Heckard,63024,CB,WEBER ST,13,7,0,57.3,0,0,342,0,0,81.0,81.8,30.7,76.3,78.7,91.2,1,6,0,2,30,3.8,3,6,4,65.0,51,0,0,67,225,481,859,8,0,0,8,0,14,851,20,358,543,31,69,2,89,7,1,443,219,8.7
DeMarquez Trotter,63032,S,LIUSHAR,4,3,0,50.0,0,0,1298,0,0,52.0,64.2,79.5,59.2,76.2,66.2,0,0,0,0,48,16.7,2,0,0,95.8,1,0,0,39,0,27,84,7,0,0,7,0,32,77,1,56,6,3,7,0,2,0,0,48,13,48.0
Deonte Grier,63034,CB,GARD-WEBB,11,3,0,56.5,1,0,171,0,0,57.2,58.0,11.4,,67.3,38.5,0,0,0,0,32,26.3,5,1,2,120.8,13,0,0,10,274,158,286,2,0,0,2,0,0,284,0,128,0,2,11,0,23,0,3,177,45,13.6
Jeremiah Harris,63043,S,JVILLE ST,11,10,0,73.0,0,0,196,1,0,78.4,77.9,88.0,55.9,72.9,75.9,1,0,0,0,34,12.2,9,5,0,101.2,27,0,0,207,4,310,651,13,0,0,12,1,178,638,5,336,249,20,55,2,37,1,1,260,115,9.6
Yul Gowdy,63044,CB,JVILLE ST,11,6,1,48.8,0,1,196,1,0,67.9,71.0,45.1,76.6,78.8,73.7,0,1,0,0,47,9.3,4,4,1,99.3,20,0,0,51,500,268,578,16,0,0,16,0,0,562,7,303,10,8,33,1,41,1,3,317,85,15.9
Deven Sims,63089,S,TENN MARTN,11,14,0,56.0,0,0,310,0,0,53.5,59.3,86.9,72.0,63.7,44.6,3,0,0,1,74,20.5,15,3,0,97.5,14,2,0,363,6,390,734,25,0,0,25,0,243,709,17,327,97,23,44,5,25,5,1,329,153,23.5
Darion Bolden,63094,CB,LNDNWD,9,5,0,40.0,0,1,949,0,0,81.6,81.0,85.1,64.0,65.7,57.7,1,0,1,2,64,17.4,8,11,0,74.3,24,0,0,11,504,286,556,2,0,0,2,0,4,554,1,269,34,9,33,0,60,1,5,360,127,15.0
Chase Brown,63095,S,NICHOLLS,9,17,0,71.4,0,0,243,0,0,58.9,60.1,82.0,65.3,59.2,79.4,1,1,0,1,76,10.6,5,1,0,125.6,15,2,0,112,1,146,298,1,0,0,1,0,129,297,9,143,55,9,25,0,21,4,2,337,223,22.5
Isaiah McDaniels,63121,S,S DAKOTA,5,0,0,,0,0,291,0,0,41.1,49.4,75.8,,63.6,20.3,0,0,0,0,,100.0,2,0,0,0.0,0,0,0,9,2,5,30,4,0,0,4,0,13,26,0,25,2,0,0,0,0,0,0,0,0,
Raoul Johnson,63127,LB,WEBER ST,13,12,0,86.4,0,2,342,0,0,68.1,64.9,89.5,58.1,62.9,58.4,0,4,0,1,28,13.5,7,0,1,70.6,19,1,0,154,1,165,544,314,0,1,311,2,2,230,132,247,73,18,33,4,22,5,0,121,76,6.4
Kris Reid Jr.,63129,ED,INDIANA ST,11,8,0,0.0,0,1,191,0,0,61.5,65.1,67.0,59.1,68.2,56.5,2,11,0,0,,15.4,6,0,1,39.6,0,3,0,5,0,14,530,522,0,4,432,86,0,8,253,263,2,20,25,6,1,16,0,0,0,
Braydon Deming,63146,ED,ILL STATE,11,7,1,,0,0,188,0,0,68.5,63.0,84.8,56.9,60.3,70.5,3,16,0,0,,6.7,2,0,0,0.0,0,1,0,0,0,0,578,578,2,152,95,329,0,0,277,301,0,16,21,2,0,20,0,0,0,
Jared Nelson,63156,DI,VILLANOVA,11,4,0,,0,0,334,0,0,55.8,61.6,86.7,56.4,63.4,57.0,0,5,0,0,,14.3,4,0,0,0.0,0,2,0,1,0,1,347,346,311,31,1,3,0,1,169,177,0,16,20,3,0,7,0,0,0,
Devonnsha Maxwell,63183,DI,CHATTNOOGA,11,8,0,,0,2,137,0,0,63.2,90.0,85.9,80.6,89.3,54.7,3,16,0,0,,14.0,7,0,0,0.0,0,9,0,1,0,0,635,633,44,569,6,14,0,2,344,291,0,36,35,8,0,28,0,0,0,
Artis Hemmingway,63188,DI,DELAWARE,13,15,0,,0,0,151,0,0,74.1,79.3,88.1,66.1,79.9,42.1,2,8,0,0,,19.1,13,0,0,0.0,0,4,0,0,0,0,470,470,437,27,3,3,0,0,188,282,0,35,40,7,0,14,0,0,0,
Stevonte Tullis,63263,LB,JVILLE ST,11,22,0,68.8,0,0,196,3,0,59.9,67.6,61.1,64.7,70.5,50.0,2,9,0,1,21,21.7,20,1,1,83.7,22,3,0,510,1,245,667,111,0,0,111,0,1,556,81,341,43,29,50,2,32,14,1,207,131,9.4
DJ Hagler,63317,LB,IDAHO ST,11,12,0,74.1,0,0,186,0,0,45.7,54.1,84.3,64.5,57.0,42.9,0,4,0,1,31,19.3,11,2,0,94.5,20,1,0,292,6,173,453,118,0,0,118,0,0,335,52,228,36,18,34,2,27,5,1,219,164,11.0
Jonathan Joanis,63325,LB,S DAKOTA,10,5,0,75.0,0,0,291,0,0,65.2,65.4,0.0,55.4,74.1,86.8,0,2,0,0,17,0.0,0,0,2,94.8,3,0,0,64,3,73,193,35,0,0,35,0,0,158,8,112,91,4,10,0,4,2,0,29,22,9.7
John H Ford,63338,LB,TENN MARTN,11,28,0,65.5,0,2,310,2,0,42.8,70.2,87.1,72.8,85.1,66.3,1,2,0,1,64,13.7,16,1,0,126.3,19,5,0,574,0,342,710,98,0,0,98,0,3,612,48,320,35,52,73,7,29,8,4,309,151,16.3
Winston Reid,63354,LB,WEBER ST,13,30,0,92.6,0,3,342,1,0,85.9,90.1,35.4,85.5,84.9,71.6,3,7,0,1,14,12.0,16,1,2,86.0,25,4,0,784,1,412,821,20,0,0,20,0,6,801,66,343,9,54,87,8,27,14,1,145,150,5.8
Brooks Talkington,63369,DI,N COLORADO,10,7,0,100.0,0,0,253,0,0,40.0,46.8,43.3,57.5,47.0,28.4,1,2,0,0,12,28.0,7,0,2,116.7,1,2,0,1,0,3,409,408,159,171,21,57,0,1,178,228,0,6,11,0,1,5,0,12,2,12.0
Xavier Mitchell,63375,ED,MAINE,11,10,0,100.0,0,0,212,0,0,65.1,65.8,44.5,64.7,65.8,65.3,4,7,0,0,23,10.3,4,0,3,118.8,2,1,0,0,0,4,395,395,18,23,334,20,0,0,155,236,0,14,25,2,2,12,0,31,28,15.5
Michael Matthews,63387,LB,MONTANA,12,6,0,57.1,0,0,232,0,0,52.3,66.5,79.8,61.1,77.2,46.0,1,7,0,0,23,21.4,6,1,0,80.7,4,1,0,123,0,53,173,36,0,0,36,0,0,137,37,83,14,14,16,1,7,9,0,52,30,13.0
Marcus Welnel,63401,LB,MONTANA,13,31,1,92.0,0,0,232,0,0,67.5,71.5,61.1,65.0,73.5,66.5,4,14,0,1,26,14.3,15,0,1,96.5,23,5,0,520,0,224,686,127,0,0,127,0,2,559,143,319,37,40,59,6,25,23,1,199,140,8.7
Jack Dinicola,63407,LB,DELAWARE,7,2,0,0.0,0,0,151,0,0,57.6,66.7,78.0,59.8,70.8,60.8,0,0,0,0,,20.0,2,0,0,39.6,0,0,0,75,0,22,79,4,0,1,2,1,0,75,9,48,0,5,6,0,1,0,0,0,0,
Jalen Ivy,63416,ED,SOUTHERN U,9,1,2,,0,0,297,0,0,61.4,63.6,24.3,70.9,55.2,69.6,0,4,0,0,,14.3,1,0,1,0.0,0,2,0,1,0,0,107,106,0,2,103,1,0,1,62,45,0,6,5,1,0,6,0,0,0,
Trey Adams,63602,S,ABILENE CH,1,0,0,,0,0,100,0,0,,60.0,60.0,,60.0,,0,0,0,0,,,0,0,0,0.0,0,0,0,0,0,0,1,0,0,0,0,0,0,1,0,1,0,0,0,0,0,0,0,0,0,
Pop Bush,63603,S,NEW HAMP,9,10,0,70.0,0,0,240,0,0,70.8,68.1,85.4,61.3,60.9,69.4,0,1,0,0,36,14.9,7,3,0,116.6,28,2,0,179,2,322,550,29,0,0,29,0,50,521,13,215,289,16,30,3,40,3,3,299,199,10.7
Jakobi Jones,63606,S,SOUTHERN U,7,3,0,0.0,0,0,297,0,0,73.2,71.8,78.8,60.0,67.2,61.8,0,0,0,0,,15.4,2,0,0,39.6,0,0,0,26,2,50,106,0,0,0,0,0,61,106,1,55,16,2,8,1,2,0,0,0,0,
Jamond DuBose,63612,S,MAINE,11,6,0,61.9,0,0,212,0,0,46.2,50.2,0.0,60.0,66.4,46.1,0,0,0,1,48,23.3,7,1,1,83.4,13,0,0,46,1,118,238,0,0,0,0,0,102,238,1,119,89,4,17,1,21,0,0,250,106,19.2
Justin Malone,63647,TE,WEBER ST,1,0,0,,0,0,342,0,0,,60.0,60.0,,60.0,,0,0,0,0,,,0,0,2,0.0,0,0,0,0,0,0,1,0,0,0,0,0,0,1,0,1,0,0,0,0,0,0,0,0,0,
Kendall Catalon,63661,WR,ABILENE CH,1,0,0,,0,0,100,0,0,,60.0,60.0,,60.0,,0,0,0,0,,,0,0,3,0.0,0,0,0,0,0,0,1,0,0,0,0,0,0,1,0,1,0,0,0,0,0,0,0,0,0,
Tre Caine,64162,S,SO UTAH,11,11,0,58.3,0,0,298,0,0,59.7,56.0,36.4,60.2,48.7,44.1,0,1,0,2,39,23.5,12,1,1,96.0,14,0,0,103,4,269,466,14,0,0,14,0,257,452,9,188,88,6,28,1,24,1,4,233,51,16.6
Jordan Montgomery,64332,S,MS VLY ST,1,0,0,,0,0,228,0,0,,60.0,66.0,,60.0,,0,0,0,0,,,0,0,0,0.0,0,0,0,0,0,0,1,1,0,0,1,0,0,0,0,1,0,0,0,0,0,0,0,0,0,
Nathan East,64343,LB,SAMFORD,13,25,0,70.0,0,2,282,1,0,80.7,86.5,31.3,76.9,89.5,70.1,4,12,0,1,30,11.8,10,4,2,72.4,21,2,0,478,4,328,720,52,0,1,51,0,3,668,58,334,182,30,50,1,30,18,0,186,166,8.9
Danijah Gammage,64346,LB,MERCER,10,3,0,85.7,0,0,219,0,0,58.7,66.8,77.9,56.3,75.4,72.5,0,1,0,0,42,6.7,1,0,0,102.4,6,0,0,100,1,59,123,3,0,0,3,0,0,120,3,61,19,7,11,3,7,1,0,60,72,10.0
Amir McNeill,64347,CB,NC A&T,6,1,0,66.7,0,0,246,0,0,62.9,63.3,81.8,,62.0,69.4,0,0,0,0,27,10.0,2,1,0,88.2,14,0,0,19,196,146,236,0,0,0,0,0,9,236,0,90,12,4,17,0,21,0,0,154,32,11.0
BJ Bohler,64349,CB,FL A&M,10,1,0,50.0,1,0,164,1,0,65.4,66.7,85.4,,70.0,68.1,0,0,0,1,44,11.1,2,3,3,99.0,16,0,0,2,327,219,334,0,0,0,0,0,2,334,0,115,2,4,15,0,32,0,3,284,43,17.8
Kamari Jackson,64369,LB,DELWARE ST,2,0,0,,0,0,152,0,0,65.8,69.8,78.0,57.7,73.0,77.4,0,1,0,0,,0.0,0,0,0,0.0,0,0,0,28,0,30,57,11,0,0,11,0,0,46,4,23,17,1,2,0,0,1,0,0,0,
Jalen Barr,64388,S,SCAR STATE,8,7,0,52.0,1,0,290,0,0,61.0,64.8,41.5,65.4,72.9,71.9,0,2,0,0,35,11.5,6,2,1,88.1,13,0,0,127,17,259,482,7,0,0,7,0,197,475,3,220,134,12,39,1,25,2,1,176,66,13.5
Raquan Lindsey,64393,ED,S ILLINOIS,3,0,0,,0,0,295,0,0,,62.2,74.7,54.9,66.5,72.4,0,1,0,0,,0.0,0,0,0,0.0,0,0,0,1,0,0,28,27,2,11,2,12,0,1,15,13,0,2,2,0,0,1,0,0,0,
Devin Harrell,64408,ED,NC A&T,9,2,1,0.0,1,0,246,0,0,73.7,75.0,66.5,69.5,73.9,60.4,0,14,0,0,,17.4,4,0,1,39.6,0,6,0,1,0,5,403,400,0,0,364,36,0,3,231,167,1,17,17,4,1,20,0,0,0,
Jonathan Coste,64414,DI,FORDHAM,10,9,0,,1,0,168,0,0,60.0,83.6,51.1,85.3,77.1,44.1,4,16,0,0,,14.3,4,0,2,0.0,0,4,0,0,0,1,471,471,268,191,1,11,0,0,280,190,0,16,15,5,0,24,0,0,0,
Keenan Agnew,64424,DI,S ILLINOIS,11,6,0,,0,0,295,0,0,63.9,72.4,63.6,74.5,65.8,46.4,2,11,0,0,,19.0,4,0,1,0.0,0,5,0,0,0,0,434,434,47,318,14,55,0,0,256,178,0,13,11,1,0,18,0,0,0,
Ma'kel Calhoun,64429,LB,S ILLINOIS,11,1,1,88.9,0,1,295,0,0,66.7,70.1,0.0,83.0,52.8,62.0,4,7,0,0,19,16.7,3,0,2,93.5,8,4,0,49,0,71,221,76,0,0,72,4,0,145,73,77,96,8,14,0,9,15,0,58,29,7.3
Karfa Kaba,64447,DI,NC A&T,10,7,0,,1,0,246,0,0,61.5,54.6,61.1,52.7,57.0,63.4,0,2,0,0,,10.0,2,0,1,0.0,0,0,0,1,0,1,378,376,24,341,0,11,0,2,217,160,0,8,11,0,0,2,0,0,0,
Matt Sochovka,64450,DI,FURMAN,13,9,2,,0,0,170,0,0,60.0,71.9,83.6,57.9,82.1,51.5,1,11,0,0,,13.8,4,0,0,0.0,0,1,0,0,0,0,476,474,3,259,0,212,0,2,279,197,0,17,16,5,0,13,0,0,0,
Colby Warrior,64458,ED,NC CENT,12,3,3,,0,0,247,0,0,81.7,65.7,39.5,60.7,67.0,39.3,0,15,0,1,,23.1,6,0,3,0.0,0,2,0,11,0,8,564,551,10,91,383,67,0,13,331,225,1,13,17,6,0,17,0,0,0,
Shomari Wallace,64469,DI,NC A&T,11,9,0,,1,0,246,0,0,60.0,57.3,0.0,61.5,61.4,40.5,4,7,0,0,,19.4,7,0,6,0.0,0,3,0,0,0,0,540,539,33,496,0,10,0,1,306,234,0,16,20,3,0,14,0,0,0,
Logan Nash,64572,CB,PENN,10,4,0,60.7,1,0,267,0,0,58.7,61.2,85.8,,74.3,76.9,0,0,0,1,54,7.1,3,2,3,86.0,34,0,0,13,476,350,557,3,0,0,3,0,0,554,0,207,64,11,35,1,56,0,0,548,120,16.1
Shiloh Means,64602,S,PENN,10,10,0,51.4,0,0,267,0,0,69.8,70.1,88.1,,67.4,72.8,0,0,0,1,31,12.8,6,6,0,101.0,18,0,0,107,3,359,552,1,0,0,1,0,236,551,0,193,204,8,31,0,35,0,4,251,63,13.9
Que'shaun Byrd,64820,HB,BETH COOK,1,0,0,,0,0,119,0,0,,60.0,60.0,,60.0,,0,0,0,0,,,0,0,0,0.0,0,0,0,0,0,0,1,0,0,0,0,0,0,1,0,1,0,0,0,0,0,0,0,0,0,
Cole Watts,65062,ED,W ILLINOIS,11,8,0,93.8,0,0,345,0,0,45.2,62.1,86.9,61.3,70.0,62.9,1,3,0,0,48,14.9,7,0,0,139.6,15,5,0,250,1,158,630,348,0,0,348,0,0,282,123,349,30,17,32,3,16,9,1,235,129,15.7
Reggie Thomas,66271,LB,LAFAYETTE,6,2,0,100.0,0,0,203,0,0,42.1,55.1,74.0,56.9,75.9,30.7,0,0,0,0,14,40.0,2,0,0,118.8,1,0,0,37,1,18,39,1,0,0,1,0,0,38,3,18,0,1,1,1,1,0,0,14,4,14.0
Abraham Alabi,66353,DI,TENN STATE,5,0,0,,0,0,308,0,0,,38.8,76.7,54.2,35.1,72.4,0,0,0,0,,0.0,0,0,0,0.0,0,0,0,1,0,0,41,40,8,32,0,0,0,1,22,19,0,1,2,0,0,0,0,0,0,
Ryan Kriceri,66654,LB,DRAKE,11,12,0,71.4,0,1,153,1,0,60.3,75.5,52.2,55.0,84.1,68.8,1,2,0,0,64,11.8,9,2,1,101.7,15,0,0,471,1,232,562,48,0,0,48,0,2,514,22,308,40,37,55,3,21,3,0,202,154,13.5
Malik Lofton,66760,CB,S DAK ST,14,3,0,62.2,0,0,292,0,0,63.8,63.0,38.4,54.8,62.1,56.1,0,1,0,1,56,20.8,5,4,2,108.1,23,0,0,29,409,274,477,23,0,0,23,0,0,454,5,198,16,7,16,0,37,1,2,421,138,18.3
Michael Tutsie,66775,S,N DAK ST,15,17,0,72.4,0,0,250,1,0,82.8,73.6,89.2,52.2,54.7,57.3,0,2,0,1,34,18.1,19,2,0,75.1,21,0,0,374,9,489,891,5,0,0,5,0,413,886,8,394,90,21,69,3,29,2,0,188,94,9.0
Zeke Vandenburgh,66790,ED,ILL STATE,10,22,1,86.7,0,2,188,1,0,82.4,90.0,45.4,90.7,83.9,79.7,6,12,0,1,17,8.4,7,1,3,59.2,13,13,0,2,0,111,636,595,0,0,593,2,0,41,208,317,39,46,54,7,15,31,0,73,49,5.6
Markel Perry,66793,ED,SM HOUSTON,2,1,0,,0,0,281,0,0,65.5,64.2,79.8,58.7,63.1,80.4,0,0,0,0,,0.0,0,0,0,0.0,0,0,0,12,0,11,62,45,0,0,42,3,0,17,26,25,5,4,6,3,0,0,0,0,0,
Jason Lewan,66795,DI,ILL STATE,11,3,2,100.0,0,0,188,0,0,58.2,71.3,82.2,65.0,73.4,34.9,1,11,0,0,0,20.7,6,0,0,79.2,1,1,0,0,0,0,369,369,2,161,4,202,0,0,183,186,0,17,20,0,1,13,0,0,1,0.0
Dawson Weber,66802,S,N DAK ST,15,10,0,51.6,0,3,250,0,1,78.7,78.6,57.2,84.6,72.6,43.5,1,1,0,5,40,23.0,17,5,1,64.0,16,1,0,189,12,475,852,2,0,0,2,0,471,850,2,375,178,16,47,2,31,3,2,275,89,17.2
Spencer Waege,66863,ED,N DAK ST,15,14,0,100.0,2,2,250,0,0,68.3,75.8,0.0,80.0,71.0,64.2,5,25,0,0,-3,14.0,6,0,10,79.2,1,12,0,0,0,3,590,590,0,10,555,25,0,0,321,266,0,32,23,9,1,42,0,-3,5,-3.0
Reece Winkelman,66886,ED,S DAK ST,14,4,2,100.0,1,2,292,0,0,53.9,82.5,64.1,80.4,82.7,45.1,7,25,0,0,21,28.1,9,1,1,118.8,2,12,0,13,0,14,422,408,0,3,320,85,0,14,239,169,0,26,19,4,2,44,0,29,22,14.5
Shaun Lewis,68800,CB,TENN MARTN,8,0,0,55.0,0,0,310,0,0,80.2,78.5,31.7,69.6,64.0,72.8,0,0,1,4,38,9.8,4,4,4,69.6,22,1,0,30,415,266,458,3,0,0,3,0,1,455,4,188,9,10,37,0,40,1,4,268,78,12.2
Jalen Fisher,70422,CB,BROWN,10,7,0,56.3,1,0,123,1,0,59.6,60.5,81.4,,61.9,83.7,0,0,0,0,36,3.7,1,2,3,97.3,18,0,0,43,257,142,306,0,0,0,0,0,1,306,0,164,4,6,19,0,32,0,2,211,72,11.7
Noah Skobis,70465,CB,MOREHEAD,1,0,0,100.0,0,0,234,0,0,51.7,55.9,71.4,,67.6,77.0,0,0,0,0,45,0.0,0,0,0,118.8,1,0,0,0,12,2,12,0,0,0,0,0,0,12,0,10,0,1,2,0,1,0,0,45,21,45.0
Jonathan Greaves,70706,DI,SAN DIEGO,1,0,0,,0,0,283,0,0,,54.2,71.0,58.4,55.7,,0,0,0,0,,,0,0,0,0.0,0,0,0,0,0,0,9,9,1,6,0,2,0,0,4,5,0,0,0,0,0,0,0,0,0,
Calvin Pitcher,70877,S,IDAHO ST,10,20,0,80.0,0,1,186,1,0,70.4,72.5,88.1,58.9,72.9,81.3,0,0,0,0,27,9.6,8,0,0,129.4,16,0,0,153,4,378,701,15,0,0,15,0,447,686,2,321,81,10,55,0,20,0,2,141,76,8.8
Nehemiah Magalei,70950,DI,N ARIZONA,11,9,2,100.0,0,0,252,0,0,55.9,57.9,84.0,57.0,59.2,43.7,0,4,0,0,10,16.7,4,0,0,108.3,1,2,0,0,0,0,348,346,64,241,0,41,0,2,190,158,0,8,11,2,1,6,0,10,11,10.0
Calvin Mouisset,71165,LB,UC DAVIS,6,2,0,87.5,0,0,322,0,0,62.9,62.9,77.7,65.5,60.6,59.7,0,0,0,0,18,14.3,3,0,0,94.8,7,0,0,143,1,87,160,3,0,0,3,0,0,157,2,71,13,7,16,0,8,0,0,54,45,7.7
Quantraill Morris-Walker,71187,S,IDAHO ST,10,13,0,75.0,0,1,186,0,0,63.9,68.0,49.7,56.3,78.8,67.3,0,0,0,2,30,14.5,10,1,2,92.3,24,0,0,122,60,336,649,8,0,0,8,0,229,641,2,311,228,10,46,1,32,0,2,253,137,10.5
Jackson Cloyd,71301,ED,UC DAVIS,8,6,1,100.0,0,0,322,0,0,47.8,64.6,86.8,66.4,69.2,46.6,1,6,0,0,21,22.2,6,0,0,100.7,6,2,0,75,0,45,279,181,0,0,181,0,0,98,90,144,23,11,15,2,6,9,0,49,36,8.2
TJ Roelen,71419,TE,SAN DIEGO,1,0,0,,0,0,283,0,0,,60.0,60.0,,60.0,,0,0,0,0,,,0,0,0,0.0,0,0,0,0,0,0,1,0,0,0,0,0,0,1,0,1,0,0,0,0,0,0,0,0,0,
Malachi Harrison,71662,CB,SO UTAH,2,1,0,100.0,0,0,298,0,0,72.4,70.0,74.7,,54.6,77.9,0,0,0,0,0,0.0,0,0,0,79.2,1,0,0,2,20,18,26,2,0,0,2,0,1,24,0,8,0,1,2,0,1,0,0,0,0,0.0
Sheldon Newton,71957,DI,N ARIZONA,11,7,2,,0,1,252,1,0,58.5,71.2,69.5,66.8,71.7,54.3,1,8,0,0,,9.7,3,0,1,0.0,0,3,0,0,0,0,521,520,186,305,1,28,0,1,260,261,0,18,21,4,0,12,0,0,0,
Josh Alford,72159,CB,IDAHO ST,11,7,0,68.8,0,0,186,0,0,70.5,72.4,85.2,60.0,77.1,90.2,0,0,0,1,29,2.1,1,4,3,95.4,33,0,0,36,556,340,612,1,0,0,1,0,1,611,1,271,16,8,39,1,48,0,2,355,95,10.8
Cole Aubrey,72170,ED,PRINCETON,10,1,0,100.0,1,0,272,0,0,58.5,71.7,0.0,82.4,64.5,33.2,7,13,0,0,12,36.8,7,0,5,116.7,1,2,0,6,0,16,269,262,1,4,245,12,0,7,185,68,1,8,11,1,1,22,0,12,5,12.0
Kyle Floyd,72414,CB,UTAHTC,5,4,0,63.6,0,0,1285,0,0,63.3,65.2,79.1,,69.4,69.7,0,0,0,0,30,8.3,1,2,0,119.5,7,0,0,2,90,52,98,1,0,0,1,0,1,97,0,46,4,4,7,0,11,0,1,90,3,12.9
Nick Veloz,72813,LB,ELON,4,4,0,40.0,0,1,162,1,0,87.3,79.5,78.7,61.8,60.1,54.6,0,4,0,0,8,18.8,3,0,0,47.9,2,0,0,91,0,68,115,3,0,0,3,0,0,112,5,42,21,6,9,1,5,4,0,8,7,4.0
Terence Simon Jr.,72832,DI,E ILLINOIS,11,3,1,,0,0,158,1,0,60.0,61.6,57.0,63.3,60.2,49.9,1,9,0,0,,14.3,3,0,1,0.0,0,1,0,1,0,0,306,304,85,217,0,2,0,2,147,159,0,14,15,1,0,11,0,0,0,
Max Franco,72947,CB,VALPO,12,14,0,60.8,0,0,332,1,0,73.3,71.4,48.5,60.6,67.8,69.5,1,1,0,1,69,13.2,7,7,1,108.9,31,0,0,80,98,269,515,54,0,0,54,0,0,461,26,220,282,16,32,5,51,2,4,467,309,15.1
David Meyer,72980,LB,CAL POLY,11,17,0,88.5,0,2,129,0,0,70.5,69.9,83.3,73.2,64.7,59.3,0,5,0,1,67,17.3,19,0,0,123.1,23,5,0,487,3,274,606,6,0,0,6,0,6,600,24,308,104,41,74,2,26,10,2,292,233,12.7
Ben Seymour,73164,ED,MONTANA ST,14,6,0,100.0,0,0,233,2,1,58.9,67.3,75.6,69.6,62.5,70.2,6,16,0,0,6,11.5,3,0,1,91.7,1,3,0,0,0,14,645,642,0,1,615,26,0,3,366,265,0,15,17,3,1,25,0,6,1,6.0
Joseph Obeto,73245,LB,E WASHGTON,1,0,0,,0,0,161,0,0,,60.0,63.4,,60.0,,0,0,0,0,,,0,0,0,0.0,0,0,0,3,0,0,3,0,0,0,0,0,0,3,0,3,0,0,0,0,0,0,0,0,0,
Tyreese Shakir,73488,S,PORTLAND,10,8,0,50.0,0,0,269,1,0,77.1,67.7,84.2,72.3,43.6,40.0,0,1,0,2,19,26.4,14,2,0,38.3,11,2,0,140,6,241,418,9,0,0,9,0,150,409,8,169,113,12,31,0,22,3,1,91,23,8.3
Trent Whalen,73609,LB,SO UTAH,10,12,1,73.7,0,1,298,0,0,47.7,71.2,35.3,73.8,90.2,84.3,1,1,0,0,67,5.7,3,2,2,133.2,14,3,0,325,1,184,374,13,0,0,13,0,0,361,31,159,35,25,38,8,19,5,2,158,139,11.3
Alexandar Oyawale,73667,LB,E ILLINOIS,9,3,0,80.0,0,2,158,1,1,51.9,52.1,81.9,68.8,44.1,44.2,5,3,0,0,17,26.1,6,0,0,92.5,8,1,0,113,0,88,184,33,0,0,33,0,3,151,30,66,35,7,14,0,10,9,0,62,15,7.8
Devin Ford,74018,WR,WEBER ST,2,0,0,,0,0,342,0,0,,60.0,60.0,,60.0,,0,0,0,0,,,0,0,1,0.0,0,0,0,0,0,0,2,0,0,0,0,0,0,2,0,2,0,0,0,0,0,0,0,0,0,
Joe Toepfer,75110,LB,ST FRANCIS,7,4,0,50.0,0,0,299,1,0,64.8,70.3,83.7,62.3,73.3,55.5,3,3,0,1,19,16.7,3,0,0,26.4,3,2,0,77,0,38,135,40,0,0,40,0,0,95,43,54,18,8,11,1,6,8,0,32,19,10.7
J.J. Ross,75240,CB,W ILLINOIS,8,6,0,51.3,0,0,345,0,0,65.2,66.7,84.1,55.8,69.2,64.8,0,0,0,2,54,16.7,8,4,2,65.0,20,0,0,103,364,219,507,0,0,0,0,0,35,507,1,287,5,8,34,1,39,0,1,309,107,15.5
William Barber,75271,S,ROB MORRIS,8,12,0,80.0,0,0,277,0,0,60.3,65.1,84.4,54.2,75.4,80.9,0,0,0,0,36,7.3,3,1,0,141.5,12,0,0,99,2,155,319,0,0,0,0,0,119,319,6,158,99,8,26,2,15,0,5,127,102,10.6
Aneesh Vyas,75285,DI,BUCKNELL,11,5,1,,1,0,125,0,0,,57.7,14.9,54.4,64.2,28.8,2,7,0,0,,26.1,6,0,4,0.0,0,0,0,1,0,0,453,452,109,318,1,24,0,1,214,239,0,10,12,2,0,9,0,0,0,
Logan Jackson,75697,CB,PRVIEW A&M,9,4,0,44.4,0,0,270,0,0,76.2,75.7,85.0,,66.3,59.1,0,0,0,3,30,18.5,5,1,0,25.8,12,0,0,17,521,274,542,1,0,0,1,0,0,541,0,268,1,5,18,2,27,0,1,90,22,7.5
Malcolm Magee,75700,CB,ALCORN ST,6,3,0,66.7,0,1,107,0,0,74.7,68.2,0.9,48.2,57.1,68.2,0,0,0,1,13,10.0,2,2,2,77.1,10,0,0,23,1,105,189,19,0,0,19,0,26,170,4,80,120,5,15,2,15,0,1,90,73,9.0
Mahlik Strozier,75710,S,DUQUESNE,5,2,1,66.7,0,0,155,0,0,58.1,64.8,79.9,72.0,75.7,83.7,0,0,0,0,9,0.0,0,0,0,74.3,2,0,0,12,1,51,86,1,0,0,1,0,40,85,2,33,32,2,4,1,3,0,0,12,17,6.0
Tim Lowery,75711,CB,DUQUESNE,4,1,0,68.4,0,0,155,0,0,54.5,55.9,80.7,57.2,61.7,68.2,0,0,0,0,51,12.5,3,1,1,90.2,13,0,0,18,129,78,154,3,0,0,3,0,0,151,3,73,3,5,20,0,19,0,0,142,59,10.9
Donald Hall,75738,DI,FL A&M,10,3,0,,0,0,164,0,0,61.6,71.6,26.3,75.0,67.4,64.3,0,10,0,0,,9.1,1,0,2,0.0,0,1,0,0,0,1,292,292,31,214,0,47,0,0,162,129,0,8,7,2,0,11,0,0,0,
Miles Adams,75745,ED,INCAR WORD,14,2,0,50.0,0,0,189,0,0,81.3,79.6,85.2,70.5,75.4,59.0,2,8,0,0,3,19.0,4,1,0,56.3,1,1,0,6,0,8,233,226,0,2,205,19,0,7,114,111,0,12,15,2,2,11,0,3,3,3.0
Maxi Hradecny,75747,DI,DUQUESNE,5,0,0,,0,0,155,0,0,,54.2,16.5,68.2,46.8,72.4,0,3,0,0,,0.0,0,0,1,0.0,0,1,0,0,0,0,93,93,15,77,0,1,0,0,56,37,0,1,1,0,0,4,0,0,0,
John Graves III,75777,DI,SE LA,12,10,0,,0,0,294,0,0,63.6,75.3,47.5,63.2,81.0,48.6,3,10,0,0,,18.4,7,0,2,0.0,0,1,0,3,0,4,477,474,56,410,1,7,0,3,253,220,0,19,21,2,0,14,0,0,0,
Jason Dumas,75782,DI,SOUTHERN U,9,4,0,0.0,1,0,297,1,0,61.3,77.5,0.0,74.7,82.2,65.2,4,19,0,0,,11.1,2,0,5,39.6,0,1,0,0,0,0,404,404,60,325,2,17,0,0,245,159,0,13,12,3,1,24,0,0,0,
Lucas D'Orazio,75800,ED,DUQUESNE,11,4,2,,1,1,155,2,0,74.6,59.6,13.3,66.0,52.2,29.1,1,8,0,0,,28.6,4,0,3,0.0,0,3,0,9,0,9,298,287,0,5,245,37,0,11,133,156,1,1,6,0,0,12,0,0,0,
Anthony Dellovade,75801,LB,DUQUESNE,11,9,0,71.4,0,0,155,0,0,54.2,47.2,80.7,64.1,42.1,71.3,1,4,0,0,17,9.1,3,0,0,96.7,5,1,0,300,0,128,315,7,0,0,7,0,0,308,20,167,8,10,21,1,7,6,0,59,34,11.8
Jacob Stanton,75815,LB,N COLORADO,6,2,0,83.3,0,0,253,0,0,71.5,57.4,76.8,54.6,45.4,82.9,0,0,0,0,20,0.0,0,0,0,105.6,5,0,0,100,0,40,112,6,0,0,6,0,0,106,6,66,6,3,6,1,6,0,0,56,36,11.2
Antonio Montero,75822,LB,VILLANOVA,11,12,0,77.8,1,1,334,0,0,60.5,56.2,11.1,57.2,56.8,49.6,2,5,0,0,16,19.1,9,2,2,90.5,14,2,0,261,1,122,378,93,1,1,88,3,0,285,52,204,23,15,26,2,18,9,0,103,82,7.4
Cameron Murray,75910,CB,N COLORADO,11,4,0,61.3,2,0,253,0,0,67.1,63.7,35.1,59.3,54.1,69.0,0,0,0,0,29,14.3,5,0,3,128.5,19,0,0,67,391,227,482,1,0,0,1,0,7,481,1,254,14,10,26,0,31,0,4,266,74,14.0
Xavier Johnson,75928,WR,PRVIEW A&M,1,0,0,,0,0,270,0,0,,60.0,60.0,,60.0,,0,0,0,0,,,0,0,1,0.0,0,0,0,0,0,0,1,0,0,0,0,0,0,1,0,1,0,0,0,0,0,0,0,0,0,
Kylen Ross,76338,S,SACRAMENTO,10,2,0,55.6,1,1,279,1,0,76.5,75.2,84.1,,67.7,58.5,0,0,0,0,24,16.7,3,2,2,112.3,5,0,0,53,3,132,239,0,0,0,0,0,85,239,0,107,98,6,13,1,9,0,1,58,17,11.6
Chris Wilson,76431,ED,SAN DIEGO,7,1,1,0.0,0,0,283,0,0,60.1,61.0,80.3,56.9,70.2,73.6,2,4,0,0,,0.0,0,0,0,39.6,0,0,0,0,0,3,85,85,0,2,72,11,0,0,73,9,0,1,1,1,1,6,0,0,0,
Damaje Yancey,76532,CB,SO UTAH,9,3,0,48.1,0,0,298,0,0,71.7,72.3,83.7,63.7,69.4,89.8,0,1,0,0,36,0.0,0,7,3,73.8,13,0,0,16,262,165,294,11,0,0,11,0,1,283,5,124,3,1,21,0,27,1,0,205,81,15.8
Telly Plummer,76566,S,CHATTNOOGA,4,1,0,80.0,0,0,137,0,0,52.5,53.5,81.3,59.5,57.9,29.7,0,0,0,0,59,18.2,2,1,0,152.1,8,0,0,47,50,89,160,0,0,0,0,0,40,160,1,70,23,1,8,0,10,0,1,179,45,22.4
Isaac Duffy,76575,CB,ALBANY,11,7,0,57.1,0,0,106,0,0,59.8,60.1,85.2,,58.7,65.9,0,0,0,2,51,13.3,4,6,5,99.9,28,0,0,39,578,327,641,0,0,0,0,0,0,641,0,314,24,5,19,0,49,0,5,390,63,13.9
Chauncey Moore,76581,S,ALABAMA ST,11,7,0,55.0,1,0,105,0,0,77.6,76.6,84.4,74.6,69.9,59.4,0,2,0,1,18,18.8,6,2,2,39.6,11,0,0,156,4,226,407,4,0,0,4,0,153,403,2,179,90,5,19,1,20,2,0,58,59,5.3
Malik Welch,76584,CB,MCNEESE,2,1,0,100.0,0,0,217,0,0,61.4,63.2,73.2,,65.2,76.7,0,0,0,0,7,0.0,0,0,1,95.8,1,0,0,5,23,16,28,0,0,0,0,0,0,28,0,12,0,0,1,0,1,0,0,7,0,7.0
Johnathan Phenix,76590,CB,N IOWA,1,0,0,100.0,0,0,255,0,0,45.2,41.5,67.3,,,,0,0,0,0,22,,0,0,0,158.3,1,0,0,0,3,3,3,0,0,0,0,0,0,3,0,0,0,0,0,0,1,0,1,22,3,22.0
Corione Harris,76600,S,SOUTHERN U,11,11,0,70.0,0,0,297,0,0,81.3,70.5,15.5,,49.9,29.7,0,0,1,4,40,26.5,22,1,2,44.2,14,0,0,222,4,378,626,7,0,0,7,0,238,619,0,248,155,22,50,3,20,0,0,112,50,8.0
Jeremiah Salaam,76605,CB,IDAHO,11,6,0,54.1,0,0,185,0,0,64.7,62.6,39.4,46.0,58.8,67.6,0,1,0,0,87,13.5,5,6,5,109.2,20,0,0,10,491,288,531,24,0,0,24,0,1,507,7,236,5,7,26,1,37,1,3,311,139,15.6
Gerald Smith,76617,CB,PRVIEW A&M,10,2,1,48.4,0,0,270,0,0,80.1,81.6,83.6,60.3,78.3,80.3,0,1,0,3,35,6.9,2,5,0,53.2,15,0,0,27,401,231,431,1,0,0,1,0,0,430,0,200,1,8,25,0,31,1,2,215,39,14.3
Isaiah Bolden,76626,CB,JACKSON ST,13,6,0,50.9,0,0,194,1,0,74.2,74.7,90.8,59.7,71.7,76.3,0,0,0,0,35,8.7,4,5,3,75.7,28,0,0,46,75,416,758,7,0,0,7,0,36,751,1,341,592,12,36,2,55,0,2,252,113,9.0
Aaron Gethers,76633,CB,MAINE,2,0,0,66.7,0,0,212,0,0,65.3,64.4,77.3,,59.7,59.5,0,0,0,0,34,25.0,1,0,0,109.7,2,0,0,2,69,22,71,0,0,0,0,0,0,71,0,49,0,1,3,0,3,0,0,41,5,20.5
Kenneth Dicks III,76635,S,CHATTNOOGA,5,2,0,80.0,0,0,137,0,0,46.3,54.9,78.3,,72.6,88.2,0,0,0,0,25,0.0,0,0,0,153.8,4,0,0,42,0,47,95,0,0,0,0,0,37,95,0,48,16,4,10,0,5,0,1,57,25,14.3
Zion Keith,76637,CB,SCAR STATE,11,1,1,41.2,3,0,290,0,0,71.3,70.7,0.0,77.2,71.2,65.2,0,1,0,2,23,16.1,5,3,6,55.3,21,1,0,36,606,346,693,13,0,0,13,0,6,680,4,343,32,8,25,1,51,2,3,191,67,9.1
Peyton Woulard,76639,S,CAMPBELL,10,5,0,80.0,0,0,131,0,0,54.9,60.5,81.0,66.6,69.9,70.5,0,0,0,1,48,14.3,2,0,0,102.9,8,0,0,105,10,103,202,6,0,0,6,0,59,196,2,97,22,4,7,0,10,0,2,87,58,10.9
Oneil Robinson,76704,S,RHODE ISLD,11,18,0,66.7,0,0,274,0,0,85.2,83.1,47.6,61.4,76.4,85.1,0,4,0,1,30,8.2,6,0,1,57.3,8,1,0,172,8,338,630,8,0,0,8,0,351,622,20,272,91,15,49,2,12,5,0,99,28,12.4
Gleson Sprewell,76707,S,TENN STATE,8,13,0,81.8,0,2,308,1,0,69.7,67.6,84.4,58.2,62.4,61.9,0,0,0,0,36,15.1,11,2,0,121.0,18,0,0,165,3,263,491,1,0,0,1,0,282,490,2,226,39,5,49,1,22,0,1,207,111,11.5
Shamel Lazarus,76717,CB,STNY BROOK,10,1,0,83.3,0,0,303,0,0,47.1,49.5,23.7,45.2,64.5,44.9,0,1,0,0,25,25.0,8,0,2,138.7,20,0,0,65,279,183,353,8,0,0,8,0,0,345,4,166,1,5,23,1,24,1,3,187,44,9.4
Miguel Edwards,76720,CB,N IOWA,4,1,0,50.0,0,0,255,0,0,59.3,59.4,75.6,,59.4,78.0,0,0,0,0,7,0.0,0,0,0,58.3,1,0,0,11,39,22,52,2,0,0,2,0,0,50,0,30,0,0,2,0,2,0,0,7,10,7.0
Tyler Days,76727,S,VALPO,7,4,0,80.0,0,0,332,0,0,70.9,72.3,0.0,56.4,80.4,90.4,0,1,0,1,23,0.0,0,1,1,62.9,4,0,0,49,0,84,139,0,0,0,0,0,66,139,3,52,24,3,17,0,5,1,0,43,8,10.8
B.J. Foster,76728,S,SM HOUSTON,7,5,0,71.4,0,0,281,0,0,68.0,65.7,0.0,62.0,65.4,79.0,1,1,0,1,63,11.1,3,0,2,91.6,15,1,0,132,3,196,319,23,0,0,23,0,78,296,8,115,83,10,19,2,21,3,1,171,74,11.4
Ori Jean-Charles,76732,ED,ALBANY,6,0,0,,0,0,106,0,0,67.4,62.4,80.9,57.6,59.7,78.6,1,0,0,0,,0.0,0,0,0,0.0,0,0,0,3,0,2,78,75,0,0,68,7,0,3,37,39,0,3,6,1,0,1,0,0,0,
Jae'Veyon Morton,76733,CB,MORGAN ST,11,5,0,49.3,1,2,235,1,0,60.8,62.0,48.1,75.4,64.3,45.4,1,0,1,3,53,23.1,12,6,3,54.0,34,1,0,33,525,368,654,12,0,0,12,0,1,642,5,281,83,10,35,0,69,2,1,400,149,11.8
E.J. Thomas,76748,S,ALCORN ST,1,0,0,,0,0,107,0,0,60.0,60.3,69.5,,60.0,,0,0,0,0,,,0,0,0,0.0,0,0,0,0,0,1,4,0,0,0,0,0,4,4,0,3,0,0,0,0,0,0,0,0,0,
J.D. Harris,76774,CB,CHATTNOOGA,1,0,0,,0,0,137,0,0,63.5,64.2,69.5,,60.0,,0,0,0,0,,,0,0,0,0.0,0,0,0,0,6,4,6,0,0,0,0,0,0,6,0,2,0,0,0,0,0,0,0,0,0,
Montrae Braswell,76783,CB,MO STATE,11,5,0,63.3,1,0,230,0,0,57.2,56.3,52.1,48.7,56.5,63.2,0,0,0,0,38,15.7,8,5,3,108.7,38,0,0,65,547,381,716,20,0,0,20,0,3,696,6,329,80,9,38,0,60,0,4,456,169,12.0
Randall Harris,76785,CB,NEW HAMP,13,6,0,51.7,1,0,240,0,0,65.9,62.8,0.0,84.7,55.6,52.2,1,0,1,3,75,18.2,10,6,6,95.8,31,0,0,61,692,427,777,4,0,0,4,0,6,773,2,348,12,13,39,1,60,1,7,469,127,15.1
Damir Faison,76800,ED,TOWSON,3,2,0,,0,0,317,0,0,60.0,67.9,0.0,75.4,70.8,47.5,0,2,0,0,,20.0,1,0,3,0.0,0,0,0,2,0,1,78,76,0,1,59,16,0,2,43,34,0,2,2,0,0,2,0,0,0,
Jessie Malit,76802,ED,NC CENT,8,4,0,,0,0,247,1,0,58.4,59.2,84.2,55.2,62.5,68.2,0,9,0,0,,14.3,1,0,0,0.0,0,3,0,0,0,1,323,323,11,112,150,50,0,0,188,134,0,4,2,0,0,12,0,0,0,
Vaughn Jennings,76814,ED,MS VLY ST,11,5,1,,0,0,228,2,0,61.2,68.0,83.3,56.2,72.7,57.0,0,7,0,0,,15.0,3,0,0,0.0,0,0,0,0,0,0,241,241,0,3,165,73,0,0,132,109,0,8,12,0,0,7,0,0,0,
Tahj Brown,76828,DI,SOUTHERN U,12,9,0,,0,0,297,0,0,61.2,67.8,3.0,66.7,72.0,30.0,1,7,0,0,,24.1,7,0,4,0.0,0,3,0,0,0,1,344,344,19,294,1,30,0,0,203,140,0,15,13,4,0,11,0,0,0,
Noah Palmer,76866,DI,DUQUESNE,11,1,1,,2,0,155,0,0,59.9,61.0,5.1,70.3,59.4,41.5,3,5,0,0,,17.6,3,0,3,0.0,0,1,0,0,0,1,259,259,16,153,66,24,0,0,116,142,0,10,13,3,0,9,0,0,0,
Allen Love,76872,DI,MO STATE,10,5,0,,0,0,230,0,0,60.0,58.0,82.2,58.7,56.5,48.0,1,3,0,0,,11.8,2,0,0,0.0,0,0,0,1,0,0,217,216,33,171,8,4,0,1,96,121,0,6,10,1,0,4,0,0,0,
Malcolm Williams,76905,ED,ALAB A&M,1,0,0,,0,0,104,0,0,,59.0,68.7,58.9,,,0,0,0,0,,,0,0,0,0.0,0,0,0,0,0,0,3,3,0,0,2,1,0,0,3,0,0,0,0,0,0,0,0,0,0,
Pierce DeVaughn,76916,ED,NEW HAMP,13,4,0,,1,0,240,0,0,60.0,58.6,24.3,65.4,53.6,34.5,5,16,0,0,,26.7,4,0,2,0.0,0,1,0,0,1,0,259,258,0,7,184,67,0,1,159,100,0,4,7,0,0,22,0,0,0,
Tico Brown,76975,DI,MO STATE,11,6,0,,0,0,230,0,0,62.5,65.5,35.3,64.9,65.9,68.7,1,9,0,0,,4.5,1,0,2,0.0,0,1,0,0,0,1,361,360,12,336,0,12,1,1,193,167,0,11,15,0,0,11,0,0,0,
Robert Hicks,77097,LB,TENN MARTN,11,24,0,87.5,0,0,310,0,0,54.7,79.1,55.9,66.8,89.1,75.0,1,7,0,1,84,8.7,9,2,1,113.5,14,3,0,596,0,274,641,36,0,0,36,0,2,605,62,305,7,46,71,2,16,11,1,294,204,21.0
Evan Stewart,77104,LB,RHODE ISLD,10,19,2,80.0,0,1,274,2,1,60.8,67.0,83.7,87.9,57.5,65.2,6,8,0,1,20,15.7,14,1,0,89.4,28,5,0,592,1,303,666,5,0,0,5,0,1,661,78,285,67,36,56,1,35,19,1,211,128,7.5
Kyle Wright,77113,LB,TENN TECH,1,0,0,,0,0,309,0,0,,47.5,67.3,59.2,60.0,,0,0,0,0,,,0,0,0,0.0,0,0,0,0,0,0,2,2,0,0,2,0,0,0,1,1,0,0,0,0,0,0,0,0,0,
Bryce Shaw,77139,LB,NEW HAMP,13,13,0,66.7,0,0,240,1,0,64.3,64.6,82.6,51.4,64.8,54.8,0,2,0,1,40,16.4,9,0,0,61.0,10,0,0,366,1,211,407,5,0,0,5,0,0,402,8,188,34,22,33,4,15,2,0,112,56,11.2
Dekalen Goodson,77182,ED,LAMAR,9,1,0,,0,0,204,1,0,69.8,59.6,79.1,56.5,54.8,59.9,0,2,0,0,,16.7,1,0,0,0.0,0,1,0,0,4,2,125,121,0,31,29,61,0,4,63,60,0,3,4,1,0,3,0,0,0,
Drew Mims,77187,LB,SAMFORD,13,21,0,100.0,0,0,282,1,0,65.6,76.4,81.9,51.0,81.8,80.4,1,1,0,0,25,8.1,6,0,0,100.8,11,1,0,364,0,153,378,1,0,0,1,0,0,377,16,209,12,29,47,2,11,3,0,90,98,8.2
Ayodele Adeoye,77203,ED,SACRAMENTO,13,15,0,40.0,1,0,279,2,0,40.1,63.0,0.0,66.2,74.0,57.6,6,25,0,0,14,15.6,7,0,5,56.3,2,1,0,3,1,38,422,414,0,2,412,0,0,8,216,168,1,15,23,3,5,32,0,25,22,12.5
Jamiran James,77313,DI,NICHOLLS,11,5,0,,0,0,243,0,0,60.7,62.5,50.9,66.1,58.9,60.7,2,5,0,0,,11.1,2,0,1,0.0,0,1,0,0,0,0,259,259,17,105,46,91,0,0,141,118,0,7,11,0,0,8,0,0,0,
Micah Bland,77334,DI,N ALABAMA,11,12,1,,0,0,389,0,0,56.5,70.0,54.3,60.6,74.5,58.4,0,11,0,0,,11.7,7,0,2,0.0,0,0,0,2,0,1,586,584,132,412,3,37,0,2,264,321,0,36,41,3,0,11,0,0,0,
Eric Bentley,77551,DI,AUSTINPEAY,9,2,2,,0,0,116,0,0,57.1,60.8,82.6,56.9,62.4,42.5,0,1,0,0,,18.2,2,0,0,0.0,0,0,0,0,0,0,157,157,124,16,5,12,0,0,75,82,0,6,7,0,0,1,0,0,0,
Tony Brown,77565,LB,ROB MORRIS,11,15,0,84.0,0,0,277,2,0,66.6,68.3,0.0,61.5,78.8,70.2,4,2,0,0,33,11.8,9,2,7,110.8,21,0,0,230,1,219,654,164,0,0,164,0,1,490,69,366,258,27,52,5,25,6,1,185,181,8.8
Mychale Salahuddin,77702,S,NC A&T,4,6,0,44.4,0,0,246,0,0,49.3,54.2,79.3,55.4,66.3,63.8,0,0,0,0,3,15.4,2,0,3,51.6,4,0,0,44,10,65,114,13,0,0,13,0,18,101,7,42,29,3,5,0,9,0,0,6,8,1.5
Jaylen Jackson,77809,S,MCNEESE,5,2,0,83.3,0,0,217,0,0,62.7,55.1,79.7,59.8,44.4,32.9,0,0,0,0,17,31.3,5,2,0,99.3,5,0,0,66,0,41,115,1,0,0,1,0,27,114,1,73,21,1,9,0,6,0,0,47,4,9.4
Saeed Holt,77857,S,ALAB A&M,7,6,0,71.4,0,0,104,0,0,53.6,59.4,83.5,60.5,67.0,50.2,0,1,0,1,42,17.1,6,1,0,91.1,10,0,0,104,3,124,273,30,0,0,30,0,30,243,9,140,106,9,23,0,14,1,1,119,62,11.9
Caleb Sutherland,77858,LB,BETH COOK,9,4,0,77.8,0,0,119,0,0,57.1,70.5,78.4,68.4,79.0,70.3,1,2,0,1,24,12.9,4,0,0,92.6,7,1,0,124,1,64,169,13,0,0,13,0,14,156,11,94,17,17,23,0,9,4,2,56,65,8.0
Joshua Earl,77859,CB,BRYANT,9,5,0,70.6,0,0,124,0,0,65.5,63.5,87.0,61.9,53.3,61.2,0,0,0,0,23,18.2,4,1,0,111.9,12,1,0,44,1,185,330,25,0,0,25,0,10,305,19,126,249,6,13,1,17,1,1,128,28,10.7
Cory Gross Jr.,77862,S,TENN STATE,7,5,0,50.0,0,0,308,0,0,59.3,63.6,80.8,63.6,68.8,54.7,0,0,0,0,18,20.8,5,0,0,66.7,3,1,0,86,1,88,173,16,0,0,16,0,40,157,5,80,30,10,14,0,6,1,0,33,15,11.0
Riah Burton,78003,CB,DELAWARE,13,4,0,50.0,0,0,151,0,0,67.0,67.8,81.2,58.6,68.3,73.4,1,0,0,0,34,6.7,1,1,0,79.2,9,0,0,47,182,97,240,6,0,0,6,0,0,234,2,141,5,6,10,1,18,1,1,73,9,8.1
Juan Moody,78080,WR,SCAR STATE,1,0,0,,0,0,290,0,0,,60.0,60.0,,60.0,,0,0,0,0,,,0,0,0,0.0,0,0,0,0,0,0,1,0,0,0,0,0,0,1,0,1,0,0,0,0,0,0,0,0,0,
Sterling Galban,78150,WR,JVILLE ST,2,0,0,,0,0,196,0,0,,60.0,60.0,,60.0,,0,0,0,0,,,0,0,1,0.0,0,0,0,0,0,0,2,0,0,0,0,0,0,2,0,2,0,0,0,0,0,0,0,0,0,
Brandon Tucker,78273,DI,SCAR STATE,11,6,0,,0,1,290,0,0,60.0,70.6,84.1,64.6,70.6,63.9,0,7,0,0,,10.3,3,0,0,0.0,0,1,0,0,0,0,376,376,59,302,3,12,0,0,174,202,0,15,20,2,0,8,0,0,0,
Kelcy Allen,78420,DI,KENNESAW,3,0,0,,0,0,200,1,0,,59.7,76.8,56.2,61.7,73.4,0,0,0,0,,0.0,0,0,0,0.0,0,0,0,0,0,0,54,54,1,32,11,10,0,0,27,27,0,2,3,0,0,0,0,0,0,
Noah Washington,78428,ED,CENT CT ST,11,6,2,,0,0,133,0,0,67.7,72.7,18.1,75.9,69.9,70.0,2,23,0,0,,7.4,2,0,4,0.0,0,2,0,3,0,3,472,469,0,61,287,121,0,3,217,252,0,17,19,2,0,27,0,0,0,
Joseph Stuckey,78662,CB,NC A&T,10,10,2,70.4,0,1,246,0,0,84.5,81.5,48.0,76.4,77.8,84.2,0,1,0,0,20,4.5,2,2,1,104.9,19,0,0,190,13,280,525,36,0,0,36,0,5,489,8,237,280,21,32,5,27,1,2,126,69,6.6
Gregory Grate Jr,78672,S,JACKSON ST,2,0,0,,0,0,194,0,0,62.8,60.7,78.4,53.1,60.9,42.4,0,0,0,0,,33.3,1,0,0,0.0,0,0,0,7,1,30,50,5,0,0,5,0,29,45,9,11,8,0,2,0,0,0,0,0,0,
Xavier Lodge,78678,S,GRAMBLING,3,0,0,100.0,0,0,177,0,0,57.0,54.8,75.9,59.8,52.8,55.1,0,0,0,0,34,20.0,1,0,0,118.8,1,0,0,29,0,22,53,1,0,0,1,0,19,52,1,30,4,1,4,0,1,0,0,34,17,34.0
Keenan Leachman,78679,S,NWSTATE,11,1,0,87.5,0,0,257,0,0,71.8,66.9,83.7,61.8,55.8,57.3,0,0,0,1,78,20.0,6,0,0,118.8,7,0,0,158,8,149,311,10,0,0,10,0,97,301,6,156,37,7,23,0,8,0,1,141,128,20.1
Cedric Anderson,78680,CB,NWSTATE,8,1,0,55.3,0,0,257,0,0,43.9,45.3,19.1,,61.6,29.0,0,0,0,1,89,26.1,6,1,2,124.3,21,0,0,3,309,177,343,0,0,0,0,0,1,343,0,166,30,6,16,1,38,0,4,503,252,24.0
Jamarri Jackson,78681,CB,CAL POLY,5,1,0,69.2,1,0,129,0,0,57.1,55.5,0.0,,57.2,25.8,0,0,0,1,19,41.7,5,0,1,56.3,9,0,0,4,102,81,158,1,0,0,1,0,2,157,0,77,49,1,6,0,13,0,0,89,39,9.9
David Joseph,78682,S,PORTLAND,11,5,0,78.4,0,0,269,0,0,65.4,63.4,85.1,59.4,58.7,70.9,3,0,0,1,64,14.8,8,3,0,130.9,29,1,0,231,15,278,517,36,0,0,36,0,69,481,26,213,165,19,41,0,37,4,3,430,237,14.8
Spencer Niutupuivaha,78692,LB,WEBER ST,9,9,0,62.5,0,0,342,0,0,57.3,57.0,82.9,63.7,53.9,38.0,0,1,0,0,12,25.0,5,0,0,69.8,5,2,0,138,3,92,205,51,0,0,51,0,1,154,24,89,12,6,6,0,8,3,0,30,38,6.0
Bryon Broussard,78712,S,TARLETON,7,7,0,55.6,0,0,401,0,0,51.3,49.0,85.4,55.3,44.4,37.4,0,0,0,1,78,26.7,8,0,1,114.1,10,0,0,62,2,175,339,4,0,0,4,0,227,335,3,161,44,4,15,0,18,0,2,224,85,22.4
Dae'one Wilkins,78720,CB,FURMAN,6,0,0,100.0,0,0,170,0,0,49.9,53.5,80.5,55.8,69.4,35.3,0,0,0,0,67,33.3,2,0,0,118.8,4,0,0,12,0,51,86,2,0,0,2,0,9,84,4,31,62,0,4,0,4,0,0,149,83,37.3
Isaiah Givens,78752,LB,STNY BROOK,7,1,0,62.5,0,2,303,0,0,60.0,67.9,82.7,70.0,71.8,82.2,0,5,0,0,37,0.0,0,1,0,88.5,5,2,0,42,0,55,151,43,0,0,43,0,0,108,33,63,66,4,5,0,8,7,0,66,44,13.2
Jackson Parham,78902,WR,ELON,1,0,0,0.0,0,0,162,0,0,60.0,60.0,63.7,,,,0,0,0,0,,,0,1,2,39.6,0,0,0,0,0,1,1,0,0,0,0,0,1,1,0,0,0,0,0,0,1,0,0,0,0,
Jadon Janke,78938,WR,S DAK ST,3,0,0,,0,0,292,0,0,60.0,64.1,60.0,,62.0,70.3,0,0,0,0,,0.0,0,0,4,0.0,0,0,0,0,0,1,3,0,0,0,0,0,0,3,0,2,0,0,1,0,0,0,0,0,0,
Jaxon Janke,78939,WR,S DAK ST,1,1,0,,0,0,292,0,0,,62.3,60.0,,61.9,70.3,0,0,0,0,,0.0,0,0,1,0.0,0,0,0,0,0,0,1,0,0,0,0,0,0,1,0,1,0,0,0,0,0,0,0,0,0,
Jakob Herres,78984,WR,RICHMOND,1,0,0,,0,0,276,0,0,60.0,60.0,63.1,,,,0,0,0,0,,,0,1,0,0.0,0,0,0,0,0,1,1,0,0,0,0,0,1,1,0,0,0,0,0,0,0,0,0,0,0,
Jomard Valsin,78985,LB,NWSTATE,11,9,2,81.8,0,0,257,0,0,52.6,75.7,90.1,91.3,63.2,58.0,3,22,0,0,17,17.5,11,1,1,94.3,9,2,0,241,1,118,587,338,0,2,336,0,0,249,181,288,6,29,43,3,11,27,0,73,51,8.1
William Hooper,78994,CB,NWSTATE,11,3,0,38.0,0,0,257,0,0,65.8,67.8,49.8,58.1,77.2,85.2,0,0,0,0,46,3.2,1,9,2,77.3,27,0,0,14,649,372,721,0,0,0,0,0,1,721,2,347,56,5,27,0,71,0,4,422,153,15.6
Shemar Bartholomew,78995,CB,NWSTATE,2,0,0,50.0,0,0,257,0,0,63.1,61.6,75.9,,54.8,74.2,0,0,0,0,29,0.0,0,0,0,95.8,1,0,0,0,41,20,43,0,0,0,0,0,0,43,0,23,2,0,1,0,2,0,0,29,4,29.0
Travis Blackshear,78996,CB,FURMAN,12,5,0,67.2,1,3,170,0,0,67.9,72.6,18.2,58.9,92.1,65.2,0,0,1,1,75,14.3,8,4,5,111.3,41,0,0,37,670,454,717,1,0,0,1,0,0,716,2,261,7,16,43,6,61,0,4,559,166,13.6
Jahlil Brown,78997,S,CENT CT ST,10,11,0,66.7,0,0,133,2,0,67.4,68.6,37.7,59.6,70.3,51.2,0,1,0,0,36,19.7,14,1,1,136.5,8,0,0,227,22,239,485,9,0,0,9,0,168,476,2,244,59,22,46,4,12,1,2,113,10,14.1
Marque Collins,78999,CB,WEBER ST,4,2,0,52.9,0,0,342,0,0,79.1,78.4,0.0,71.7,67.4,76.9,0,1,0,0,18,8.3,1,2,1,60.7,9,0,0,3,166,139,183,0,0,0,0,0,0,183,2,42,14,6,9,1,17,1,0,59,25,6.6
Deonta Bembry,79011,CB,E KENTUCKY,11,3,0,46.5,0,0,159,0,0,60.0,57.6,34.9,,50.8,55.0,0,0,0,1,36,22.2,8,5,1,64.0,20,0,0,47,436,250,493,0,0,0,0,0,10,493,0,243,0,5,25,3,43,0,1,259,49,13.0
Tyler Boatwright,79024,CB,CENT CT ST,7,6,0,36.4,0,0,133,0,0,77.1,76.9,23.5,,75.8,77.4,0,0,0,0,47,5.6,1,5,3,65.7,8,0,0,23,351,177,375,1,0,0,1,0,0,374,0,198,0,3,11,0,22,0,1,96,74,12.0
DyShawn Gales,79027,CB,S DAK ST,14,3,0,37.1,0,0,292,0,0,85.4,84.4,33.4,66.1,79.4,70.9,0,0,1,4,68,14.3,5,6,3,22.0,13,1,0,43,378,270,467,9,0,0,9,0,0,458,5,192,36,17,27,3,35,1,1,160,69,12.3
Cameron Godfrey,79043,S,CENT ARK,11,11,0,60.0,0,0,132,0,0,74.6,72.4,49.6,57.2,67.6,55.8,0,1,0,3,37,18.0,11,4,2,64.5,21,0,0,153,0,350,658,3,0,0,3,0,232,655,5,303,269,17,39,2,35,1,2,244,104,11.6
Marquis Johnson,79046,CB,JACKSON ST,1,0,0,,0,0,194,0,0,64.3,64.8,70.0,,,,0,0,0,0,,,0,0,0,0.0,0,0,0,0,7,7,7,0,0,0,0,0,0,7,0,0,0,0,0,0,0,0,0,0,0,
Andrew Reese,79051,S,DELWARE ST,10,6,0,73.7,0,0,152,0,0,54.6,57.5,83.1,58.2,67.3,69.3,1,1,0,2,52,17.4,4,0,1,76.0,14,0,0,46,5,127,208,6,0,0,6,0,60,202,10,71,91,2,13,0,19,2,0,261,92,18.6
Lawrence Johnson,79055,S,SE MO ST,12,16,1,43.6,0,0,293,1,1,72.4,83.0,88.9,74.1,93.0,88.9,1,5,0,1,52,6.7,6,5,0,76.2,17,4,0,307,4,479,824,62,0,0,62,0,198,762,37,308,252,32,68,7,39,10,3,214,94,12.6
Chris Simmons,79056,LB,SCAR STATE,8,6,0,63.6,0,0,290,0,0,49.2,50.0,12.2,45.4,61.8,42.6,0,4,0,0,53,27.8,5,1,2,140.2,7,0,1,58,3,81,200,33,0,0,33,0,0,167,17,102,105,2,7,0,11,4,2,120,111,17.1
Donniel Ward-Magee,79061,S,SE LA,11,12,0,69.0,0,0,294,1,0,68.2,69.3,6.8,57.2,74.9,73.3,0,0,0,3,36,11.7,7,1,5,95.9,20,0,0,131,1,351,663,11,0,0,11,0,364,652,4,308,155,10,41,0,29,0,4,253,67,12.7
Da'Von Frazier,79066,S,UC DAVIS,10,0,2,71.4,0,0,322,0,0,60.4,66.2,19.6,67.8,69.9,76.3,1,3,0,0,20,9.1,1,0,1,93.2,5,1,0,24,6,31,162,80,0,0,80,0,1,82,60,71,50,7,10,1,7,5,0,53,44,10.6
Cole Coleman,79070,S,ELON,8,11,0,73.9,0,0,162,3,0,62.0,64.9,85.2,53.3,73.2,58.9,0,1,0,1,33,17.8,8,2,0,112.1,17,0,0,104,19,237,410,3,0,0,3,0,132,407,6,167,152,10,26,0,23,1,1,293,116,17.2
Jaydon Brunson,79075,CB,GRAMBLING,5,3,0,90.9,0,0,177,0,0,52.9,53.5,83.2,56.6,56.9,52.3,0,0,0,0,29,23.1,3,0,0,154.4,10,0,0,6,1,51,109,5,0,0,5,0,1,104,4,54,96,2,7,0,11,0,2,127,82,12.7
Chris Venable,79081,S,UC DAVIS,10,6,0,86.4,0,1,322,0,0,64.4,66.1,87.4,,67.8,75.4,0,0,0,1,57,9.8,4,0,0,139.4,19,0,0,114,3,279,519,0,0,0,0,0,237,519,0,240,165,7,31,1,22,0,4,288,94,15.2
Cameron Tisdale,79083,CB,S DAKOTA,11,5,0,55.9,0,1,291,0,0,75.4,71.3,83.1,,50.5,48.0,0,0,0,1,42,20.6,7,2,1,71.6,19,0,0,31,292,197,345,9,0,0,9,0,0,336,0,148,13,10,22,1,34,0,1,207,66,10.9
Matthew Griffin,79087,LB,MONMOUTH,6,1,0,100.0,0,0,231,0,0,41.5,54.3,74.7,55.3,66.4,35.6,0,0,0,0,19,28.6,2,0,0,118.8,1,0,0,34,1,14,50,15,0,0,15,0,0,35,8,28,0,4,4,1,1,0,0,19,6,19.0
Anthony Tony-Itoyah,79093,S,FORDHAM,12,5,0,53.3,3,1,168,1,0,60.2,60.5,88.0,56.7,59.5,70.6,0,0,0,1,37,13.3,8,1,4,88.7,16,0,0,238,5,401,724,3,0,0,3,0,221,721,4,319,257,14,47,1,30,0,2,244,32,15.3
Trai Hodges,79100,CB,SE MO ST,10,7,0,50.0,0,0,293,0,0,71.8,69.1,38.9,57.4,60.4,52.6,0,1,0,1,25,20.0,9,4,2,82.9,21,0,0,85,44,319,511,2,0,0,2,0,135,509,2,190,244,8,29,4,42,1,3,255,94,12.1
Calique Cato-Jacobs,79111,S,STNY BROOK,5,3,0,75.0,0,0,303,0,0,32.5,38.6,77.5,,56.2,85.7,0,0,0,0,28,0.0,0,0,0,116.7,3,0,0,52,0,35,66,0,0,0,0,0,4,66,0,31,10,2,6,0,4,0,0,53,14,17.7
Jawain Granger,79113,CB,DELWARE ST,10,2,0,42.9,0,0,152,0,0,61.5,61.6,84.5,58.9,60.0,66.7,0,0,0,0,54,12.5,2,5,1,107.6,18,0,0,35,396,281,485,2,0,0,2,0,0,483,1,203,51,1,12,0,42,0,5,305,104,16.9
De'Markis Doe,79127,S,SCAR STATE,11,3,0,50.0,1,0,290,0,0,59.2,61.4,86.1,61.1,64.8,53.7,1,0,0,1,34,23.1,6,1,1,83.3,8,0,0,99,8,195,379,4,0,0,4,0,64,375,6,178,203,6,17,2,16,1,2,100,53,12.5
Eddie Morales III,79129,CB,MONMOUTH,4,3,0,54.2,0,0,231,0,0,86.7,82.2,85.3,55.0,61.8,56.8,0,0,0,2,32,18.2,4,2,0,55.0,13,0,0,20,65,148,258,8,0,0,8,0,0,250,8,102,165,7,15,1,24,0,1,165,72,12.7
Marcus Hillman,79136,S,ELON,12,19,0,61.0,0,4,162,2,0,77.1,80.0,20.2,71.8,85.9,77.2,3,11,0,0,31,13.4,11,3,3,89.4,25,10,0,143,4,331,737,191,0,0,191,0,9,546,100,306,390,48,52,9,41,24,2,199,160,8.0
Tre Jackson,79145,CB,S DAKOTA,4,6,0,69.2,0,0,291,0,0,62.6,65.6,80.8,51.5,79.3,83.8,1,0,0,0,29,4.2,1,1,0,104.3,9,0,0,20,141,106,191,4,0,0,4,0,1,187,6,79,25,4,17,0,13,1,0,139,37,15.4
Gregory Young II,79147,CB,ROB MORRIS,8,7,0,54.8,0,0,277,0,0,74.1,71.4,41.1,60.0,58.9,39.5,0,0,0,1,24,25.6,11,4,2,69.3,23,0,0,15,535,253,560,6,0,0,6,0,0,554,1,306,4,13,25,1,42,0,2,158,37,6.9
Joe Casale,79150,LB,ROB MORRIS,9,23,0,66.7,0,0,277,0,0,65.8,74.1,86.6,61.6,75.0,57.6,5,2,0,1,17,14.1,13,2,1,57.4,12,1,0,435,0,168,527,73,0,0,72,1,1,454,50,309,18,39,56,10,18,8,0,99,91,8.3
Michael Campbell,79151,CB,MERCER,11,3,0,69.2,0,0,219,0,0,72.0,73.5,83.4,,76.4,61.6,0,0,1,2,53,14.0,7,3,1,94.7,36,0,0,43,393,256,437,1,0,0,1,0,0,436,0,181,0,14,40,2,52,0,3,396,136,11.0
Jakari Starling,79155,LB,S DAKOTA,1,0,0,100.0,0,0,291,0,0,63.8,48.0,71.6,,37.3,74.3,0,0,0,0,8,0.0,0,0,0,100.0,1,0,0,7,0,6,11,0,0,0,0,0,0,11,0,5,4,0,1,0,1,0,0,8,7,8.0
Cameron Blair,79164,S,FORDHAM,3,0,0,,0,0,168,0,0,61.9,61.7,71.2,60.0,60.0,,0,0,0,0,,,0,0,0,0.0,0,0,0,5,0,6,13,0,0,0,0,0,6,13,1,6,2,0,0,0,0,0,0,0,0,
Duane Nichols,79166,S,SCAR STATE,9,9,0,68.4,0,0,290,0,0,71.4,70.2,42.9,52.9,69.0,59.8,0,1,1,3,48,19.2,10,2,1,64.3,13,0,0,154,5,291,573,14,0,0,14,0,174,559,7,275,226,7,33,2,19,1,0,204,92,15.7
Natani Drati,79167,S,FORDHAM,11,16,0,56.1,0,0,168,0,0,63.0,63.2,85.9,52.2,63.6,54.2,0,2,0,1,39,18.3,13,4,1,97.5,23,0,0,244,8,339,571,3,0,0,3,0,181,568,7,225,135,22,42,2,41,2,4,259,85,11.3
Kendall Moultrie,79184,CB,SCAR STATE,10,6,0,52.3,0,0,290,0,0,62.2,65.8,85.4,49.9,80.7,63.6,1,1,0,1,54,13.3,4,5,0,88.1,23,0,0,36,405,253,528,5,0,0,5,0,0,523,9,266,81,9,20,0,44,2,3,308,149,13.4
Markeith Montgomery,79193,S,KENNESAW,11,13,0,62.9,0,2,200,0,0,79.0,78.8,87.8,62.7,74.5,67.6,1,3,1,5,42,14.5,11,5,0,90.4,22,0,0,225,1,377,675,7,0,0,7,0,334,668,11,287,108,26,52,6,35,4,7,302,106,13.7
Quenton Porter,79199,CB,STNY BROOK,10,3,0,60.5,0,0,303,0,0,60.1,62.4,82.3,60.8,68.1,80.8,0,0,0,1,60,5.7,2,8,1,126.0,26,1,0,82,337,229,432,5,0,0,5,0,0,427,9,194,8,10,30,1,43,1,5,459,226,17.7
Jordan Strate,79220,ED,WEBER ST,1,0,0,,0,0,342,0,0,60.0,60.8,74.9,59.4,60.7,,1,0,0,0,,,0,0,0,0.0,0,0,0,0,0,1,17,17,0,1,16,0,0,0,10,6,0,0,0,0,0,1,0,0,0,
Cade Terveer,79225,ED,S DAK ST,15,5,0,100.0,0,0,292,0,0,54.2,73.6,70.2,72.7,73.1,36.3,6,26,0,0,28,32.1,9,0,1,118.8,1,5,0,1,0,9,496,492,0,3,396,93,0,4,294,193,1,14,14,0,1,37,0,28,15,28.0
Cherif Seye,79240,LB,SE LA,1,0,0,,0,0,294,0,0,,65.0,69.5,,64.2,73.2,0,0,0,0,,0.0,0,0,0,0.0,0,0,0,7,0,0,7,0,0,0,0,0,0,7,0,7,0,1,1,0,0,0,0,0,0,
Cameron Preston,79243,DI,INCAR WORD,14,8,1,,0,0,189,1,0,60.7,84.3,85.9,78.6,81.4,68.1,5,22,0,0,,12.5,3,0,0,0.0,0,6,0,0,0,0,650,650,66,533,3,48,0,0,354,296,0,12,13,2,0,33,0,0,0,
Jevin Jackson,79245,DI,HOWARD,11,7,0,,0,0,184,1,0,59.5,72.7,68.7,68.7,72.6,43.4,2,12,0,0,,18.2,6,0,1,0.0,0,5,0,4,0,2,516,510,54,432,0,24,0,6,260,254,0,24,20,5,0,19,0,0,0,
Judas McKenzie,79250,DI,BETH COOK,10,7,1,,0,0,119,1,0,55.3,69.2,67.2,57.1,76.0,35.6,1,5,0,0,,23.1,9,0,2,0.0,0,2,0,0,0,0,490,490,47,427,1,15,0,0,219,271,0,21,23,10,0,8,0,0,0,
Kameron Bowdry,79251,DI,S ILLINOIS,10,6,0,0.0,0,0,295,2,0,64.7,71.2,84.7,75.9,61.6,82.4,1,11,0,0,,4.3,1,0,0,39.6,0,3,0,0,0,0,398,398,96,284,6,12,0,0,224,174,0,15,16,2,1,15,0,0,0,
Travis Bell,79253,DI,KENNESAW,11,3,0,100.0,0,0,200,0,0,57.0,82.5,19.7,75.3,88.9,73.1,1,16,0,0,14,12.5,4,0,3,118.8,1,3,0,0,0,0,381,381,4,213,21,143,0,0,224,157,0,21,25,4,1,20,0,14,19,14.0
Tyler Moore,79254,ED,SM HOUSTON,9,5,0,100.0,0,1,281,2,0,66.2,62.7,60.2,57.6,63.6,55.3,1,11,0,0,4,13.6,3,0,1,83.3,1,1,0,1,0,0,373,372,12,145,87,128,0,1,224,149,0,14,14,7,1,13,0,4,7,4.0
Dante Carter,79257,DI,PRVIEW A&M,11,8,0,,1,0,270,0,0,62.1,68.9,47.3,66.2,69.5,27.6,1,14,0,0,,27.3,9,1,2,0.0,0,1,0,0,0,3,475,475,102,320,2,51,0,0,233,239,0,15,16,2,0,16,0,0,0,
Corey St. John,79266,DI,DELWARE ST,10,5,0,,0,0,152,1,0,67.3,78.9,84.9,74.9,75.1,45.1,3,9,0,1,,18.2,4,0,0,0.0,0,1,0,0,0,3,334,333,138,140,5,50,0,1,170,161,0,10,13,2,0,13,0,0,0,
Makye Smith,79273,ED,TOWSON,11,5,0,80.0,0,0,317,1,0,62.9,70.9,28.5,65.8,77.5,46.0,5,8,0,0,31,18.8,6,0,2,115.8,4,1,0,41,1,58,320,249,0,2,234,13,0,71,122,140,27,15,21,2,5,14,0,59,32,14.8
Glen Thurmond,79282,DI,NICHOLLS,9,4,0,,0,0,243,0,0,60.0,53.5,83.8,54.1,55.5,28.3,0,0,0,0,,21.4,3,0,0,0.0,0,0,0,0,0,0,199,197,167,17,4,9,0,2,99,100,0,6,7,0,0,0,0,0,0,
Elijah Rawlins,79289,DI,MS VLY ST,10,6,0,0.0,0,0,228,0,0,69.5,65.6,83.9,55.9,65.3,26.8,0,1,0,0,,26.3,5,0,0,39.6,0,1,0,1,0,0,174,172,80,92,0,0,0,2,87,87,0,8,8,1,1,2,0,0,0,
Jared Soyring,79291,DI,INCAR WORD,13,3,1,,0,0,189,0,0,60.0,78.8,82.2,66.4,81.7,43.6,2,3,0,0,,20.0,3,0,0,0.0,0,1,0,0,0,0,281,281,15,240,0,26,0,0,144,137,0,7,9,3,0,6,0,0,0,
Nick Shoemaker,79295,DI,MONMOUTH,7,1,0,,0,0,231,0,0,60.0,68.0,30.6,64.8,70.1,74.2,1,4,0,0,,0.0,0,0,1,0.0,0,0,0,0,0,0,139,139,45,85,2,7,0,0,77,62,0,3,5,1,0,5,0,0,0,
Kalisi Moli,79300,DI,WEBER ST,13,7,2,,0,1,342,0,0,69.6,80.6,84.8,78.6,73.0,65.1,5,19,0,0,,14.7,5,0,0,0.0,0,4,0,0,0,1,536,536,84,299,50,103,0,0,297,238,0,19,22,1,0,28,0,0,0,
Alfonzo Dixon IV,79312,ED,FORDHAM,12,8,1,66.7,1,0,168,1,0,47.3,62.0,0.5,62.3,75.3,46.4,6,20,0,0,34,20.0,6,0,7,109.7,2,2,0,6,0,16,589,574,0,0,499,75,0,15,350,223,9,13,16,6,3,28,0,45,15,22.5
Josiah Suani,79314,DI,UC DAVIS,6,3,0,,0,0,322,0,0,,80.4,80.4,76.0,76.1,59.6,0,1,0,0,,12.5,1,0,0,0.0,0,0,0,1,0,0,112,111,37,72,0,2,0,1,60,52,0,4,4,0,0,1,0,0,0,
Kenyonte Davis,79322,DI,TENN MARTN,10,4,0,,0,1,310,0,0,,76.0,85.8,74.8,71.6,46.6,5,13,0,0,,23.5,4,0,0,0.0,0,4,0,1,0,0,373,372,250,83,2,37,0,1,193,180,0,11,9,2,0,22,0,0,0,
Jayden Barron,79325,DI,KENNESAW,1,0,0,,0,0,200,0,0,,53.2,72.8,58.6,55.4,,0,0,0,0,,,0,0,0,0.0,0,0,0,0,0,0,8,8,5,3,0,0,0,0,5,3,0,0,0,0,0,0,0,0,0,
Eric Weaver,79332,DI,VA MILT IN,6,4,1,,0,0,336,0,0,56.0,68.7,85.2,62.2,70.7,40.4,0,7,0,0,,25.0,4,0,0,0.0,0,1,1,0,0,4,293,291,187,46,15,43,0,2,153,136,0,5,8,1,0,8,0,0,0,
Desmond Scott,79339,DI,KENNESAW,8,6,1,,0,0,200,0,0,63.9,76.5,84.8,65.4,78.6,70.6,2,4,0,0,,16.7,3,0,0,0.0,0,2,0,1,0,1,287,286,167,118,0,1,0,1,160,126,0,10,9,1,0,8,0,0,0,
Ryan Lopez,79347,DI,DUQUESNE,11,4,0,,0,0,155,0,0,60.0,71.0,50.0,81.1,62.7,39.3,3,14,0,0,,23.5,4,0,1,0.0,0,2,0,0,0,0,257,257,12,208,13,24,0,0,117,140,0,7,9,3,0,19,0,0,0,
Kwame Sutton,79348,ED,AUSTINPEAY,11,13,0,100.0,0,2,116,0,0,67.7,75.0,0.0,85.2,69.5,67.2,7,13,0,0,5,8.8,3,0,7,87.5,1,5,0,2,0,2,403,401,0,21,124,256,0,2,204,197,0,17,18,1,1,25,0,5,0,5.0
Doug Schiess,79349,DI,WEBER ST,13,10,0,,0,0,342,2,0,77.2,69.0,65.3,55.0,73.1,37.7,0,8,0,0,,18.2,8,0,1,0.0,0,0,0,0,0,0,413,413,127,211,29,46,0,0,235,178,0,16,26,1,0,8,0,0,0,
Garrett Zobel,79355,ED,VILLANOVA,11,5,0,,0,0,334,0,0,62.0,60.2,82.4,53.1,63.6,63.6,0,7,0,0,,11.8,2,0,0,0.0,0,1,0,0,0,1,487,487,2,145,41,299,0,0,239,247,0,10,10,1,0,8,0,0,0,
Brendan Webb,79356,ED,S DAKOTA,11,3,0,,0,0,291,0,0,65.5,64.7,66.7,63.2,62.7,59.1,6,20,0,0,,18.2,4,0,1,0.0,0,3,0,1,0,1,461,460,1,25,266,168,0,1,233,227,0,13,15,1,0,29,0,0,0,
Logan Jessup,79357,ED,CENT ARK,11,9,4,85.7,0,1,132,1,0,65.3,78.2,86.3,70.6,78.8,49.4,3,21,0,0,21,21.7,10,2,0,104.8,6,9,0,8,1,13,541,526,1,40,305,180,0,15,296,232,5,28,27,4,7,33,0,64,40,10.7
Carrington Jones,79359,DI,DELWARE ST,11,4,0,,0,0,152,0,0,60.4,68.7,80.6,60.0,71.2,58.5,0,4,0,0,,11.1,1,0,0,0.0,0,1,0,2,0,1,196,193,26,100,12,55,0,3,92,103,0,5,4,0,0,5,0,0,0,
Cade Peacock,79374,ED,UC DAVIS,8,1,0,,0,0,322,0,0,61.8,67.6,84.4,60.0,72.3,53.5,1,3,0,0,,25.0,1,0,0,0.0,0,0,0,4,0,5,144,140,0,1,127,12,0,4,86,53,0,2,2,2,0,4,0,0,0,
Jalen McGhee,79377,DI,ALAB A&M,2,0,0,,0,0,104,0,0,,46.1,74.6,57.0,45.6,,0,0,0,0,,,0,0,0,0.0,0,0,0,0,0,0,27,27,0,26,0,1,0,0,7,20,0,0,0,0,0,0,0,0,0,
Talon Gamble,79379,DI,ALCORN ST,1,0,0,,0,0,107,0,0,,62.1,67.4,,61.0,,0,0,0,0,,,0,0,0,0.0,0,0,0,0,0,0,3,3,0,3,0,0,0,0,0,3,0,0,0,0,0,0,0,0,0,
Ryan Van Marel,79389,DI,S DAK ST,15,10,0,,0,0,292,0,0,51.9,63.2,83.9,61.4,66.8,61.2,1,7,0,0,,9.5,2,0,0,0.0,0,3,0,0,0,0,422,420,16,392,1,11,0,2,236,186,0,9,9,1,0,11,0,0,0,
Caleb Sanders,79394,DI,S DAK ST,15,14,1,,0,0,292,0,0,65.0,88.2,67.3,85.5,80.9,41.1,7,27,0,0,,23.5,12,1,1,0.0,0,7,0,0,0,0,515,514,65,415,16,18,0,1,316,199,0,25,25,3,0,41,0,0,0,
Braden Gilby,79404,LB,FURMAN,13,21,0,78.6,0,1,170,0,0,67.5,78.1,54.9,77.2,82.1,78.6,4,9,0,0,24,9.5,9,1,1,100.4,22,4,0,601,0,377,688,0,0,0,0,0,3,688,73,238,83,43,65,10,28,17,1,147,105,6.7
Jordan Lewis,79469,ED,SOUTHERN U,9,0,1,,0,1,297,1,1,80.6,82.7,51.1,83.1,66.0,38.8,3,9,0,0,,40.0,4,0,1,0.0,0,5,0,29,0,20,178,146,0,0,144,2,0,32,90,68,3,10,6,1,0,17,0,0,0,
Richard Calloway,79482,LB,ALAB A&M,9,3,0,100.0,0,0,104,0,0,67.1,62.5,78.9,58.0,57.4,71.6,1,1,0,0,8,10.0,1,0,0,85.4,2,0,0,54,0,25,69,11,0,1,10,0,0,58,12,32,4,4,6,0,2,2,0,9,9,4.5
Naseme Colvin,79489,S,WEBER ST,11,10,0,59.1,0,0,342,0,0,73.5,74.5,84.3,59.0,76.0,85.2,0,2,0,0,27,4.8,2,1,2,88.6,13,0,0,184,15,251,434,16,0,0,16,0,91,418,12,171,127,18,30,4,22,2,1,117,81,9.0
Darwin Frett,79499,ED,ELON,12,2,0,100.0,0,0,162,0,0,60.0,56.7,84.7,52.1,60.4,44.9,0,4,0,0,4,13.3,2,0,0,83.3,1,1,0,1,0,0,198,197,0,2,178,17,0,1,107,91,0,8,11,0,1,5,0,4,10,4.0
Chris Campbell,79500,LB,STNY BROOK,4,1,0,100.0,0,0,303,0,0,61.7,74.4,75.3,,76.9,80.4,0,0,0,0,3,0.0,0,0,0,79.2,1,0,0,13,0,3,23,2,0,0,2,0,0,21,0,20,8,3,3,1,1,0,0,3,0,3.0
Ryan Greenhagen,79516,LB,FORDHAM,12,28,0,83.9,1,1,168,0,0,63.3,81.9,62.5,75.1,89.3,67.2,8,14,0,1,45,11.3,15,3,1,97.6,26,5,0,771,0,399,856,62,0,0,62,0,2,794,118,339,21,54,90,3,31,27,1,250,171,9.6
Nick Eaton,79517,ED,UC DAVIS,11,4,1,100.0,0,1,322,1,0,43.4,66.2,46.5,65.4,75.3,64.3,3,23,0,0,37,13.5,5,0,2,118.8,9,0,0,11,0,39,420,398,0,0,398,0,0,22,211,170,11,19,28,5,9,26,0,115,55,12.8
Brandon Lopes,79526,LB,MS VLY ST,4,0,0,100.0,0,0,228,0,0,53.4,50.7,74.8,57.0,51.4,55.8,0,0,0,0,16,0.0,0,0,0,158.3,2,0,0,53,0,30,58,4,0,0,4,0,0,54,4,24,1,2,5,0,2,0,1,25,24,12.5
Jeblonski Green,79532,ED,SCAR STATE,8,9,2,100.0,0,0,290,1,0,51.1,74.3,88.1,69.2,76.2,74.5,3,16,0,0,5,10.3,3,0,0,127.1,1,5,0,1,0,3,315,314,0,8,297,9,0,1,174,138,0,17,17,3,1,24,1,5,9,5.0
Isaiah Henry,79535,LB,PORTLAND,9,6,0,63.6,1,0,269,0,0,65.4,64.5,0.0,68.8,62.7,59.4,0,0,0,1,55,17.9,5,0,1,86.6,7,1,0,166,0,109,189,1,0,0,1,0,1,188,7,73,20,10,17,1,11,1,1,103,79,14.7
BJ Davis,79542,LB,SCAR STATE,11,25,3,58.3,1,2,290,0,0,80.2,64.9,0.0,90.2,54.8,38.3,3,9,1,5,29,19.2,25,8,9,50.5,21,3,0,600,3,323,709,60,0,0,60,0,0,649,32,354,46,46,80,5,36,15,2,180,120,8.6
Devonte Chandler,79544,LB,ELON,10,10,0,80.0,1,2,162,0,0,61.0,57.7,0.0,70.7,58.8,56.7,4,0,0,0,75,17.0,8,0,4,135.4,16,1,0,363,1,229,431,10,0,0,10,0,8,421,19,183,49,19,29,5,20,5,2,170,152,10.6
Ben Joseph,79547,ED,MONMOUTH,5,3,0,50.0,0,0,231,0,0,49.7,60.4,81.7,53.2,72.9,65.7,1,2,0,0,5,12.5,1,0,0,56.3,1,0,0,2,0,5,110,105,0,0,94,11,0,5,60,45,3,3,4,1,2,3,0,5,1,5.0
Zamon Robinson,79560,ED,MONMOUTH,4,0,0,,0,0,231,0,0,60.3,63.3,76.1,57.8,66.9,73.2,0,0,0,0,,0.0,0,0,0,0.0,0,1,0,0,0,2,26,26,0,3,22,1,0,0,17,7,0,2,1,0,0,1,0,0,0,
Tre Thomas,79564,LB,S DAKOTA,11,13,0,82.4,0,0,291,1,0,69.3,65.9,40.0,54.8,60.5,60.8,0,4,0,0,49,17.9,7,2,1,108.9,28,0,0,72,8,238,420,35,0,0,35,0,0,385,19,163,305,10,19,1,34,4,1,265,205,9.5
Antquan Kinsey,79565,LB,DELWARE ST,10,4,0,50.0,0,0,152,0,0,58.0,66.2,0.0,70.5,80.2,87.1,0,2,0,0,36,0.0,0,0,3,91.7,2,1,0,159,0,75,163,2,0,0,2,0,1,161,11,77,1,8,12,0,4,3,0,46,20,23.0
Shayne Manson,79567,DI,CENT CT ST,10,2,1,50.0,0,1,133,1,0,75.9,65.4,15.7,74.1,54.9,35.6,1,8,0,0,5,29.4,5,1,3,56.3,1,5,0,1,0,8,338,333,2,144,85,102,0,5,176,154,3,11,10,3,2,14,0,5,8,5.0
Brock Mogensen,79578,LB,S DAKOTA,11,35,0,82.4,0,1,291,1,0,52.8,60.5,32.5,62.2,66.8,88.5,1,5,0,0,31,5.3,6,1,2,124.8,28,0,0,682,0,364,779,25,0,0,25,0,0,754,35,380,72,35,73,2,34,6,3,234,191,8.4
Jamir Malone,79580,LB,ELON,12,18,0,81.5,0,2,162,1,0,71.7,63.7,84.7,57.8,56.1,47.0,3,3,0,1,24,20.9,18,1,0,95.1,22,1,0,564,1,300,617,7,0,0,7,0,2,610,16,301,43,32,50,3,27,7,1,204,131,9.3
Saiveon Williamson,79586,LB,S DAK ST,10,9,0,88.9,0,1,292,0,0,64.8,82.7,81.0,50.5,94.1,78.1,1,2,0,0,15,7.0,3,0,0,92.4,16,0,0,242,0,162,283,3,0,0,3,0,2,280,11,110,36,14,31,0,18,3,0,111,71,6.9
Foday Jalloh,79587,LB,E ILLINOIS,4,0,0,,0,0,158,0,0,62.3,61.0,0.0,57.6,70.6,75.2,0,1,0,0,,0.0,0,0,1,0.0,0,0,0,3,0,3,16,13,0,0,13,0,0,3,4,9,0,1,1,1,0,1,0,0,0,
Marlon Brown Jr.,79592,S,CENT CT ST,8,2,0,62.5,0,1,133,0,0,32.7,45.8,83.9,57.6,67.7,71.7,0,0,0,0,16,7.7,1,0,1,84.4,5,0,0,18,1,44,122,35,0,0,35,0,0,87,5,73,67,2,10,1,8,0,0,58,41,11.6
Olivier Muembi,79593,LB,DELWARE ST,5,1,0,100.0,0,0,152,0,0,58.9,68.8,77.4,60.9,78.6,70.7,0,1,0,0,28,12.5,1,0,0,118.8,4,0,0,69,0,37,69,0,0,0,0,0,0,69,8,24,0,3,6,0,4,1,0,59,41,14.8
Brooks Parker,79594,LB,DELWARE ST,11,13,3,88.9,0,0,152,0,0,81.7,83.5,56.5,69.6,86.1,81.0,2,10,0,0,14,9.0,6,2,1,81.9,16,4,0,183,0,201,502,219,0,0,219,0,0,283,86,215,97,31,48,11,18,16,0,66,63,4.1
Isaiah Paul,79595,LB,INCAR WORD,3,3,0,80.0,0,0,189,1,0,49.4,56.1,77.5,69.2,59.6,69.9,1,1,0,0,15,9.1,2,0,0,98.3,4,1,1,128,1,52,142,3,0,0,3,0,1,139,7,83,9,12,17,3,5,3,0,38,29,9.5
Arlen Williams,79607,ED,SE LA,12,9,1,,1,1,294,1,0,66.6,67.8,34.7,68.9,65.4,33.7,4,21,0,0,,20.9,9,0,3,0.0,0,3,0,1,0,3,518,516,0,21,313,182,0,2,274,241,0,17,25,6,0,28,0,0,0,
Qwahsin Townsel,79608,LB,HAMPTON,11,16,0,77.8,0,0,178,1,0,70.1,63.9,28.0,83.7,56.3,62.0,2,4,0,1,35,13.0,13,2,2,121.8,14,3,0,721,0,367,738,3,0,0,3,0,11,735,18,353,3,37,71,1,18,9,2,178,95,12.7
Ethan Caselberry,79609,S,AUSTINPEAY,11,17,0,71.4,0,0,116,0,0,80.6,79.2,50.4,67.5,75.8,90.1,0,1,0,3,29,5.6,3,1,1,71.7,10,0,0,227,5,340,645,25,0,0,25,0,257,620,10,295,131,13,34,1,14,1,1,87,62,8.7
Kelechi Anyalebechi,79610,LB,INCAR WORD,14,21,1,75.0,0,0,189,2,2,82.3,82.1,0.0,84.2,75.5,69.5,8,15,1,2,26,12.6,15,1,6,66.8,21,4,0,709,0,338,793,44,0,0,44,0,3,749,75,380,34,50,83,8,28,27,0,215,172,10.2
Cameron Coleman,79639,DI,FURMAN,13,12,1,,0,0,170,0,0,58.0,70.6,31.3,64.6,76.0,30.0,1,7,0,0,,18.9,7,0,3,0.0,0,0,0,0,0,0,467,465,236,229,0,0,0,2,270,197,0,15,18,5,0,8,0,0,0,
Joey McNeely,79641,DI,MCNEESE,1,0,0,,0,0,217,0,0,,58.4,73.5,57.9,58.8,36.9,0,0,0,0,,33.3,1,0,0,0.0,0,0,0,0,0,0,22,22,2,15,0,5,0,0,9,13,0,1,2,0,0,0,0,0,0,
Zareon Hayes,81161,ED,ALAB A&M,10,12,0,0.0,0,1,104,0,0,57.0,72.2,37.4,68.9,76.3,53.1,5,29,0,0,,18.2,10,0,3,39.6,0,6,0,4,0,14,523,519,0,18,423,78,0,4,302,207,0,30,33,11,2,40,0,0,0,
Isaac Peppers,81182,LB,ARKAPB,4,6,0,77.8,0,1,112,0,0,70.4,61.4,81.6,62.3,46.0,50.7,0,1,0,0,19,20.7,6,0,1,86.1,7,1,0,116,0,89,168,6,1,0,5,0,0,162,8,71,46,12,17,1,9,2,0,42,33,6.0
Garrett Sayegh,81203,LB,CHARLES SO,10,16,0,73.9,0,1,135,1,0,68.1,78.4,85.1,65.1,82.5,60.1,2,11,0,1,37,16.4,20,0,0,94.8,17,1,0,594,0,328,689,2,0,0,2,0,3,687,38,323,90,67,86,10,23,14,1,192,119,11.3
Sherwin King Jr.,81225,LB,E WASHGTON,3,1,0,100.0,0,0,161,0,0,44.9,52.7,71.0,60.0,62.4,61.9,0,1,0,0,20,12.5,1,0,0,118.8,2,0,0,22,0,9,25,3,0,0,3,0,0,22,1,15,0,0,6,0,2,1,0,35,30,17.5
Kilifi Leaaetoa,81227,LB,MO STATE,5,7,0,100.0,0,0,230,0,0,56.9,56.5,0.0,59.0,60.9,59.3,0,1,0,0,17,13.3,2,0,1,118.8,2,0,0,101,2,50,119,9,0,0,9,0,0,110,10,59,7,1,6,0,2,1,0,32,35,16.0
Eddie Becker,81237,LB,IDAHO,4,2,0,,0,0,185,1,0,70.3,66.2,68.7,59.4,57.3,32.4,0,0,0,0,,33.3,1,0,0,0.0,0,0,0,11,0,4,13,1,0,0,1,0,0,12,1,8,1,0,0,0,0,0,0,0,0,
Timontre Graham,81262,LB,JACKSON ST,2,2,0,,0,0,194,0,0,60.0,57.7,74.5,59.3,57.1,70.2,0,0,0,0,,0.0,0,0,0,0.0,0,0,0,6,0,0,15,9,2,7,0,0,0,6,10,5,0,0,0,0,0,0,0,0,0,
KeyShawn Johnson,81280,LB,PRVIEW A&M,11,14,0,68.8,0,1,270,0,0,78.5,75.7,86.7,69.9,67.5,53.5,1,5,0,0,12,19.4,13,2,0,77.6,11,5,0,463,0,258,564,54,0,0,53,1,0,510,46,260,45,29,40,6,16,11,0,70,37,6.4
Ty Barron,81310,LB,STTHOM,2,0,0,,0,0,1129,0,0,60.8,73.8,69.8,64.3,67.0,76.0,0,0,0,0,,0.0,0,0,0,0.0,0,1,0,8,0,3,8,0,0,0,0,0,0,8,4,1,0,2,1,0,0,1,0,0,0,
K'Vaughan Pope,81353,LB,TENN STATE,9,9,1,80.0,0,2,308,0,0,61.3,62.8,8.4,81.9,61.9,49.4,1,4,0,0,18,21.9,16,2,2,117.4,24,1,0,368,1,226,461,39,0,0,39,0,1,422,21,214,52,27,48,4,30,6,2,205,122,8.5
Jonathan Hall,81355,LB,NORFOLK,1,0,0,,0,0,244,0,0,,60.1,60.0,,60.0,,0,0,0,0,,,0,0,0,0.0,0,0,0,0,0,0,1,0,0,0,0,0,0,1,0,1,0,0,0,0,0,0,0,0,0,
Philip O'Connor,81368,LB,RICHMOND,13,28,0,83.3,0,1,276,2,0,68.8,82.7,85.8,72.0,88.9,74.9,3,9,0,0,74,10.5,11,1,0,110.9,35,3,0,657,0,389,718,7,0,0,7,0,2,711,36,293,52,45,66,4,42,15,1,366,242,10.5
Chike Nwankwo,81372,LB,ABILENE CH,11,16,1,66.7,0,0,100,2,0,66.9,78.4,85.8,72.8,81.7,76.1,4,11,0,0,25,8.1,6,2,0,97.5,12,0,0,479,1,273,530,32,0,0,32,0,1,498,53,204,15,37,52,4,18,15,1,92,76,7.7
Rosendo Louis Jr.,81397,LB,BETH COOK,9,8,1,81.0,0,2,119,1,0,70.4,69.8,8.2,52.5,74.0,55.7,3,7,0,0,34,20.8,16,1,2,114.3,17,2,0,413,0,209,497,27,0,0,27,0,1,470,37,251,56,33,53,3,21,12,0,240,194,14.1
DaRyan Williams,81405,LB,STF AUSTIN,11,12,0,59.3,0,1,301,0,0,56.9,66.7,82.4,75.2,69.9,52.3,3,3,0,0,30,17.3,9,2,0,88.0,16,1,0,408,0,216,434,1,0,0,1,0,3,433,23,195,22,17,31,4,27,7,1,157,157,9.8
Nyles Gaddy,81410,ED,JACKSON ST,11,6,0,100.0,0,2,194,0,0,53.7,78.3,70.8,77.3,75.4,62.6,3,23,0,0,7,22.9,8,0,1,79.2,3,6,0,26,0,6,474,445,0,3,431,11,0,29,263,205,3,23,21,5,3,32,0,9,13,3.0
Elijah Wade,81433,LB,N COLORADO,2,0,0,0.0,1,0,253,0,0,67.4,61.6,76.5,64.3,53.0,43.3,1,1,0,0,,25.0,1,1,1,39.6,0,0,0,37,0,18,53,12,0,0,12,0,1,41,4,31,3,2,3,0,1,2,0,0,0,
Ben Hines,81457,LB,VALPO,11,22,1,81.3,0,0,332,0,0,66.3,67.3,57.6,55.6,70.0,32.3,3,8,0,1,63,25.7,28,0,1,85.9,13,1,0,511,1,295,679,61,0,0,61,0,0,618,65,319,106,33,59,6,16,12,0,174,163,13.4
Keion Willis,81745,DI,TENN MARTN,6,0,0,,0,0,310,0,0,,66.1,78.9,67.5,61.3,26.9,0,5,0,0,,33.3,1,0,0,0.0,0,0,0,0,0,0,113,113,4,52,6,51,0,0,62,51,0,2,2,0,0,5,0,0,0,
David Alston,81967,ED,MONTANA ST,10,0,0,100.0,0,1,233,0,0,63.0,62.1,52.0,64.4,58.6,38.8,2,7,0,0,3,33.3,2,0,1,79.2,1,2,0,0,0,7,236,234,0,2,223,9,0,2,129,100,0,5,4,1,1,11,0,3,6,3.0
Quincy Mitchell,82124,S,GRAMBLING,8,8,0,64.3,0,0,177,0,0,68.5,63.4,84.7,60.3,51.7,57.1,0,4,0,0,33,20.0,8,0,0,82.4,9,0,0,162,0,187,425,7,0,0,7,0,84,418,10,228,171,8,24,1,14,4,0,90,57,10.0
Peyton Mansell,82135,S,ABILENE CH,4,2,0,,0,0,100,0,0,72.2,70.9,76.0,,63.3,78.5,1,0,0,1,,0.0,0,0,0,0.0,0,0,0,24,3,31,47,2,0,0,2,0,16,45,0,16,2,1,1,1,0,1,0,0,0,
O'Shea Jackson,82155,DI,CHATTNOOGA,6,2,0,,0,0,137,0,0,61.8,56.6,2.7,52.3,62.0,55.5,0,1,0,0,,14.3,1,0,1,0.0,0,0,0,0,0,0,67,67,11,56,0,0,0,0,35,32,0,2,4,0,0,1,0,0,0,
Amad Murray,82171,ED,STF AUSTIN,11,8,1,100.0,1,1,301,0,0,53.4,75.6,55.6,81.0,68.8,29.0,4,14,0,0,24,30.6,11,0,2,118.8,1,4,0,3,0,10,577,573,2,49,401,121,0,4,314,253,1,18,17,6,1,22,0,24,22,24.0
Mykee Irving,82211,DI,SAN DIEGO,9,6,1,,0,0,283,1,0,61.7,80.1,68.0,63.5,86.6,63.4,0,4,0,0,,6.7,2,0,1,0.0,0,2,0,1,0,0,491,490,102,385,1,2,0,1,254,237,0,22,22,4,0,6,0,0,0,
Ryan Taylor,82223,DI,N ALABAMA,8,2,0,,0,0,389,1,0,60.0,52.8,80.0,54.8,54.9,30.1,0,1,0,0,,21.4,3,0,0,0.0,0,0,0,0,0,0,127,127,24,102,0,1,0,0,39,88,0,5,9,0,0,1,0,0,0,
Tava Finau,82252,DI,N COLORADO,1,0,0,,0,0,253,0,0,,64.2,74.0,57.5,65.2,,0,0,0,0,,,0,0,0,0.0,0,0,0,0,0,0,23,23,1,22,0,0,0,0,7,16,0,0,0,0,0,0,0,0,0,
Shane Burks II,82253,DI,E KENTUCKY,12,5,0,,0,0,159,0,0,60.0,51.3,86.3,54.1,49.0,51.2,1,2,0,0,,13.3,2,0,0,0.0,0,0,0,0,0,0,429,429,279,149,1,0,0,0,199,230,0,3,8,0,0,3,0,0,0,
Jason Mercier,82260,DI,JACKSON ST,12,7,3,,0,0,194,1,0,58.8,70.0,15.5,76.3,67.1,35.0,0,8,0,0,,21.4,6,0,3,0.0,0,2,0,5,0,0,352,347,7,268,6,66,0,5,174,178,0,14,15,2,0,10,0,0,0,
Cameron Richardson,82271,DI,GRAMBLING,11,7,0,,0,0,177,0,0,54.0,62.6,49.5,53.8,71.3,71.0,1,4,0,0,,4.5,1,0,2,0.0,0,0,0,1,0,0,470,468,131,315,4,18,0,2,237,233,0,11,14,2,0,5,0,0,0,
Sundiata Anderson,82273,ED,GRAMBLING,10,11,2,,0,2,177,0,0,65.1,84.7,52.2,83.1,80.0,61.8,7,26,0,0,,11.6,5,0,2,0.0,0,7,0,2,0,6,490,487,1,8,454,24,0,3,256,228,0,21,27,6,0,40,0,0,0,
Shamar Jones,82290,ED,CHATTNOOGA,7,2,0,0.0,0,0,137,0,0,68.5,72.4,79.3,66.4,63.1,60.1,0,0,0,1,,16.7,1,0,0,0.0,0,0,0,0,0,0,56,56,0,1,51,4,0,0,27,29,0,2,3,0,1,0,0,0,0,
Justin Ragin,82296,ED,JACKSON ST,13,5,0,,1,0,194,1,0,65.1,71.8,6.7,81.9,60.6,39.5,6,30,0,0,,29.4,10,0,5,0.0,0,11,0,84,0,14,539,451,8,11,412,20,0,88,287,238,3,23,19,5,0,47,0,0,0,
Davoan Hawkins,82299,DI,TENN STATE,11,6,2,,0,0,308,2,0,63.8,68.9,67.2,68.9,65.5,53.3,3,11,0,0,,14.7,5,0,1,0.0,0,2,0,1,0,2,496,494,79,329,71,15,0,2,245,249,0,18,23,5,0,16,0,0,0,
Masry Mapieu,82314,DI,MCNEESE,11,5,0,,0,0,217,0,0,60.0,71.7,60.5,62.5,74.6,52.4,0,3,0,0,,14.3,4,0,1,0.0,0,1,0,1,0,0,341,338,185,151,1,1,0,3,152,189,0,13,19,2,0,4,0,0,0,
Micah Roane,82333,ED,S DAKOTA,11,8,0,,1,0,291,0,0,62.7,58.3,40.7,59.0,58.0,75.9,5,9,0,0,,5.3,1,0,2,0.0,0,2,0,0,0,0,397,397,0,16,216,165,0,0,189,208,0,5,10,0,0,16,0,0,0,
Ben Bertram,82351,DI,IDAHO,12,10,0,,0,0,185,0,0,61.2,72.2,59.2,69.4,70.7,29.3,1,4,0,0,,29.0,9,0,1,0.0,0,3,0,1,0,0,362,361,26,323,0,12,0,1,160,202,0,11,12,2,0,8,0,0,0,
Jeff Marks,82371,DI,JVILLE ST,11,5,0,,0,0,196,0,0,,69.2,84.4,57.6,72.9,69.0,0,3,0,0,,6.7,1,0,0,0.0,0,1,0,0,0,0,268,267,139,104,2,22,0,1,121,147,0,9,9,1,0,4,0,0,0,
Kelvin Stokes,82373,DI,ALABAMA ST,11,2,0,,0,0,105,0,0,62.2,72.7,86.0,61.5,75.6,74.7,3,7,0,0,,4.0,1,0,0,0.0,0,0,0,7,0,0,347,339,131,196,7,5,0,8,193,154,0,20,22,2,0,10,0,0,0,
Ray Eldridge,82378,DI,RICHMOND,13,8,0,,0,0,276,0,0,54.1,66.2,72.2,64.8,67.1,59.5,4,16,0,0,,15.4,6,0,1,0.0,0,2,0,0,0,0,724,723,8,700,0,15,0,1,426,298,1,22,25,4,0,22,0,0,0,
Matt Thomas,82382,DI,RHODE ISLD,11,9,1,,0,0,274,0,0,61.5,57.2,64.5,61.1,53.6,77.8,2,8,0,0,,4.3,1,0,1,0.0,0,6,0,0,0,0,458,458,12,227,76,143,0,0,242,216,0,12,13,0,0,16,0,0,0,
E.J. Ane,82390,DI,PORTLAND,11,12,0,0.0,2,1,269,2,0,63.2,88.1,41.2,87.1,83.3,51.5,6,32,0,0,,17.0,8,0,3,39.6,0,7,0,2,0,1,642,640,43,406,97,94,0,2,391,250,0,27,27,1,1,45,0,0,0,
Salik McRae,82397,DI,GARD-WEBB,12,3,0,,0,0,171,0,0,60.0,55.5,20.5,61.8,54.7,52.1,0,4,0,0,,15.4,2,0,2,0.0,0,1,0,0,0,0,246,246,13,163,5,65,0,0,124,122,0,8,8,1,0,5,0,0,0,
Cam Brown,82401,ED,MURRAY ST,9,4,2,,0,0,236,0,0,68.2,71.0,58.1,60.4,71.1,55.9,2,9,0,1,,10.0,2,0,1,0.0,0,1,0,0,0,0,337,337,1,97,88,151,0,0,180,157,0,14,14,4,0,12,0,0,0,
Jesus Gibbs,82413,ED,TOWSON,11,12,0,,0,1,317,0,0,65.5,74.5,27.4,71.6,73.4,49.4,1,18,0,0,,17.4,8,0,3,0.0,0,5,0,1,0,1,444,443,8,77,218,140,0,1,242,201,0,23,26,3,0,24,0,0,0,
Evan Tattersall,82541,LB,UC DAVIS,4,2,0,60.0,0,0,322,0,0,44.3,46.6,76.4,60.1,53.6,69.0,0,1,0,0,9,12.5,1,1,0,67.9,3,0,0,67,0,38,79,4,0,0,4,0,0,75,6,35,8,2,5,0,5,1,0,19,20,6.3
Zach Angelillo,82544,FB,N COLORADO,2,0,0,,0,0,253,0,0,60.5,62.5,91.4,,60.0,,0,0,0,0,,,0,0,0,0.0,0,0,0,3,0,2,4,0,0,0,0,0,0,4,0,2,0,0,0,0,0,0,0,0,0,
MJ Cunningham,82554,LB,TOWSON,3,2,0,,0,0,317,0,0,66.4,57.4,0.0,57.6,57.3,80.4,0,0,0,0,,0.0,0,0,1,0.0,0,0,0,32,0,18,39,3,0,0,3,0,0,36,2,19,4,2,2,0,0,0,0,0,0,
Triston Anderson,83024,CB,ABILENE CH,8,1,0,53.7,0,0,100,0,0,58.6,59.2,83.6,,61.2,38.4,0,0,0,0,75,19.2,5,3,1,98.1,22,0,0,22,375,269,409,0,0,0,0,0,0,409,0,140,12,7,20,1,41,0,2,345,110,15.7
Jordan Morris,83034,CB,SM HOUSTON,9,2,0,66.7,0,0,281,0,0,70.0,72.5,85.2,,80.2,69.3,0,0,0,1,51,12.5,4,1,2,105.4,34,0,0,40,549,355,597,0,0,0,0,0,6,597,0,242,2,9,26,0,51,0,4,365,112,10.7
Tyler Gore,83040,CB,TENN MARTN,11,3,0,54.9,0,2,310,0,0,66.8,68.3,49.6,63.3,74.5,70.6,0,0,0,2,63,11.6,5,4,3,106.0,28,1,0,51,574,375,686,12,0,0,12,0,9,674,6,305,40,8,35,3,51,1,5,512,160,18.3
Stanley Garner,83042,CB,HAMPTON,7,5,0,54.5,0,0,178,0,0,61.6,62.4,83.7,60.0,63.9,88.7,0,0,0,1,36,0.0,0,0,0,94.9,12,0,0,33,266,177,317,15,0,0,15,0,2,302,1,139,1,3,15,0,22,0,4,141,17,11.8
Jordan Oliver,83050,CB,HOUCHR,11,3,0,61.1,0,0,183,0,0,75.0,74.7,86.3,57.9,65.2,27.4,0,0,0,2,59,37.1,13,4,0,119.0,22,0,0,17,637,367,689,1,0,0,1,0,5,688,2,320,29,7,19,1,36,0,4,467,135,21.2
L.J. Anderson,83081,S,WEBER ST,11,4,0,61.5,0,0,342,0,0,65.6,62.0,85.5,58.7,53.2,53.2,0,0,0,0,47,20.6,7,0,0,107.9,8,0,0,115,14,251,442,4,0,0,4,0,241,438,3,188,66,10,23,0,13,0,1,90,34,11.3
Josh Jones,83107,CB,IDAHO,4,0,0,60.0,0,0,185,0,0,43.8,46.9,74.2,,64.1,77.9,0,0,0,0,12,0.0,0,0,0,71.3,3,0,0,3,17,14,24,1,0,0,1,0,1,23,0,10,2,0,3,0,5,0,0,23,3,7.7
Calvontay Key,83127,CB,ALCORN ST,11,0,0,58.3,0,0,107,0,0,59.4,58.8,44.6,62.0,57.0,43.5,0,0,0,1,72,22.2,8,6,2,104.2,35,1,0,29,541,310,582,8,0,0,8,0,1,574,4,268,3,11,28,0,60,1,4,550,151,15.7
Keyron Kinsler Jr.,83128,S,ALCORN ST,11,8,1,68.4,1,2,107,2,0,77.6,69.5,10.7,74.7,55.9,45.5,0,0,0,1,32,21.2,14,6,2,116.0,13,0,0,319,0,332,638,10,0,0,10,0,250,628,3,303,59,11,44,0,19,0,3,179,85,13.8
Mike Price,83130,S,E TENN ST,10,12,0,60.5,0,0,157,0,0,61.7,62.7,17.1,59.5,68.2,46.0,0,0,0,1,43,22.0,13,5,4,103.1,26,0,0,229,7,410,710,3,0,0,3,0,320,707,2,298,151,17,34,4,43,0,4,302,208,11.6
Antonio Fletcher,83149,S,S ILLINOIS,10,2,0,87.5,0,0,295,0,0,53.8,60.1,86.6,59.9,77.3,64.5,0,0,0,0,55,14.9,7,3,0,158.3,21,0,0,76,1,297,440,2,0,0,2,0,322,438,1,142,39,12,38,3,24,0,4,315,128,15.0
Tra Green,83150,S,CENT ARK,11,7,0,56.3,1,2,132,0,0,59.3,55.7,0.0,60.0,53.7,46.2,0,0,0,0,51,25.5,13,4,3,91.7,18,0,0,246,2,242,491,11,0,0,11,0,149,480,1,248,83,4,31,0,32,0,1,248,71,13.8
Mitch Price,83186,S,SO UTAH,10,8,1,60.0,1,1,298,0,0,30.7,35.2,43.1,60.5,43.3,35.8,0,4,0,0,79,28.2,11,1,2,143.8,9,1,0,172,2,199,420,50,0,0,50,0,149,370,34,187,44,6,20,2,15,5,3,268,67,29.8
Hombre Kennedy,83189,S,CHARLES SO,10,8,0,56.5,0,0,135,0,0,86.2,82.4,88.1,,69.9,69.6,0,0,0,0,44,14.3,11,5,0,110.6,13,0,0,236,10,372,695,3,0,0,3,0,299,692,0,323,147,23,58,1,23,0,2,179,85,13.8
Aaron Maddox,83193,S,CAMPBELL,8,11,0,50.0,0,0,131,0,0,67.1,62.8,31.5,58.6,56.7,79.1,0,0,0,1,32,9.6,5,0,1,29.6,5,0,0,135,3,204,422,16,0,0,16,0,225,406,5,213,43,7,36,0,10,0,0,61,27,12.2
Dustin Johnson,83197,S,N COLORADO,10,15,0,52.6,0,1,253,1,0,63.1,63.5,51.9,78.4,62.1,51.3,0,0,0,1,64,20.5,16,1,1,114.3,10,1,0,91,6,333,720,0,0,0,0,0,538,720,1,386,84,7,47,1,19,1,4,231,141,23.1
Joseph Sayles,83205,S,E KENTUCKY,6,3,0,60.9,0,0,159,0,0,65.7,61.1,85.7,,46.0,59.2,0,1,1,1,34,18.2,6,1,0,104.5,14,0,0,79,3,209,388,0,0,0,0,0,149,388,0,179,157,6,24,3,23,1,3,167,68,11.9
Damien Crumitie,83223,CB,N IOWA,1,0,0,0.0,0,0,255,0,0,63.0,63.5,68.2,,,,0,0,0,0,,,0,0,0,39.6,0,0,0,0,4,4,4,0,0,0,0,0,0,4,0,0,0,0,0,0,1,0,0,0,0,
Ryan Fields,83228,CB,GRAMBLING,10,2,0,60.0,0,0,177,0,0,73.2,75.4,81.7,69.5,76.9,54.3,0,1,0,1,30,21.1,4,1,0,47.6,9,0,0,15,235,129,254,1,0,0,1,0,1,253,3,122,2,2,13,0,15,1,0,84,26,9.3
Dylan Wyatt,83237,CB,CAL POLY,10,3,0,57.8,2,1,129,1,0,66.9,64.7,0.0,78.4,60.6,45.4,0,0,0,0,46,22.9,8,5,5,105.4,26,0,0,62,532,320,634,1,0,0,1,0,17,633,3,311,22,9,24,1,45,0,3,356,124,13.7
DJ Johnson,83253,CB,S ILLINOIS,11,7,0,58.2,1,0,295,0,0,51.6,51.2,46.3,63.3,49.9,54.8,0,0,0,0,42,19.2,10,5,5,107.6,39,0,0,47,529,377,616,18,0,0,18,0,2,598,8,231,20,12,35,0,67,0,6,437,166,11.2
C.J. Smith,83303,S,CAMPBELL,6,3,0,73.3,1,0,131,0,0,56.3,56.7,13.4,58.7,61.0,63.8,0,0,0,0,29,13.3,2,0,1,119.3,11,0,0,75,16,108,268,6,0,0,6,0,44,262,3,157,127,3,10,0,15,0,1,122,71,11.1
Benny Sapp III,83304,S,N IOWA,11,14,0,60.0,0,0,255,0,0,72.7,69.8,89.3,60.1,56.9,73.6,0,0,0,4,80,14.5,9,1,0,104.2,12,0,0,101,3,405,721,1,0,0,1,0,523,720,0,316,93,4,39,1,20,0,3,256,122,21.3
Isaiah Stalbird,83325,S,S DAK ST,12,12,1,67.7,0,0,292,1,0,64.7,70.8,51.3,76.6,80.9,59.2,1,3,0,0,41,16.7,12,3,2,89.3,21,0,0,208,8,319,587,38,0,0,38,0,36,549,14,254,295,20,48,4,31,4,0,229,81,10.9
Paul Moala,83346,LB,IDAHO,12,15,0,70.0,0,1,185,0,0,81.6,80.8,86.2,80.7,74.0,39.5,3,9,0,4,24,22.7,17,3,0,77.9,21,2,0,479,2,333,723,55,0,0,55,0,2,668,44,346,185,32,43,7,30,14,3,171,100,8.1
Byron Perkins,83352,CB,HAMPTON,11,7,0,51.9,0,0,178,0,0,80.7,75.8,85.8,57.3,54.3,71.6,0,0,0,1,24,11.1,3,3,0,85.9,14,0,0,67,383,261,489,29,0,0,29,0,3,460,7,221,7,5,17,0,27,0,3,123,16,8.8
Elijah Ball,83354,S,E ILLINOIS,10,6,0,58.8,0,0,158,0,0,40.7,42.9,83.9,64.3,45.8,35.9,0,0,0,1,46,28.9,11,0,0,56.7,10,0,0,82,5,181,349,3,0,0,3,0,237,346,1,167,22,5,21,1,17,0,0,123,48,12.3
Aaron Banks,83355,S,RICHMOND,13,8,0,51.4,0,0,276,2,0,68.5,66.2,89.1,,57.4,46.1,0,0,1,4,77,22.7,15,5,1,73.2,19,0,0,172,0,482,802,0,0,0,0,0,468,802,0,320,162,9,43,1,37,0,3,363,132,19.1
Tyrek Funderburk,83356,CB,RICHMOND,13,1,0,51.6,0,2,276,0,0,81.5,80.8,86.2,76.9,61.0,38.3,0,0,1,4,46,27.1,13,9,0,68.3,33,1,0,12,709,440,723,2,0,0,2,0,0,721,0,283,0,10,34,0,64,1,4,437,133,13.2
Ja'Bari Jaudon,83367,CB,BETH COOK,2,0,0,,0,0,119,0,0,63.3,63.8,73.3,,60.0,51.2,0,0,0,0,,33.3,1,0,0,0.0,0,0,0,0,7,10,17,0,0,0,0,0,0,17,0,7,10,0,2,0,0,0,0,0,0,
Demarcus Hall,83408,CB,TEXAS STHN,2,0,0,,0,0,313,0,0,62.8,63.9,73.3,,60.8,,0,0,0,0,,,0,0,0,0.0,0,0,0,0,12,4,14,1,0,0,1,0,0,13,0,10,1,0,0,0,0,0,0,0,0,
Alondras Strong,83414,CB,ALABAMA ST,1,0,0,0.0,0,0,105,0,0,60.0,47.6,70.0,,60.4,,0,0,0,0,,,0,0,0,39.6,0,0,0,0,7,1,7,0,0,0,0,0,0,7,0,6,0,0,0,0,1,0,0,0,0,
Patrick Jolly Jr.,83420,CB,ABILENE CH,11,4,0,56.4,0,0,100,0,0,72.8,74.4,85.5,74.7,71.6,76.2,0,0,0,2,60,8.8,3,8,0,86.7,31,1,0,27,550,368,603,5,0,0,5,0,1,598,1,234,19,10,27,1,55,1,4,377,117,12.2
Cardavion Myers,83463,CB,CHATTNOOGA,6,0,0,60.0,0,0,137,0,0,62.2,57.1,75.9,58.3,44.2,45.3,0,0,0,0,38,25.0,2,1,0,102.1,3,0,0,4,47,25,51,0,0,0,0,0,0,51,1,25,0,3,6,0,5,0,0,60,15,20.0
Blake Thomas,83472,ED,GRAMBLING,9,3,1,,0,0,177,0,0,57.5,52.0,23.3,57.0,54.8,31.9,0,3,0,0,,25.0,5,0,2,0.0,0,0,0,2,0,1,231,229,0,2,221,6,0,2,93,137,0,6,12,0,0,3,0,0,0,
Aundre Carter,83676,HB,IDAHO,1,0,0,,0,0,185,0,0,,60.0,60.0,,60.0,,0,0,0,0,,,0,0,0,0.0,0,0,0,0,0,0,1,0,0,0,0,0,0,1,0,1,0,0,0,0,0,0,0,0,0,
Ely Doyle,83832,S,E WASHGTON,11,15,0,72.4,0,0,161,0,0,67.9,69.9,54.3,57.0,72.1,72.9,0,0,0,1,54,13.6,14,2,3,115.4,21,0,0,155,2,286,701,31,0,0,31,0,397,670,7,408,114,15,74,2,29,0,4,193,110,9.2
Mujeeb Rufai,83835,CB,IDAHO,3,4,0,66.7,0,0,185,0,0,55.8,57.2,79.1,57.9,64.7,81.6,0,0,0,0,18,0.0,0,0,0,88.2,2,0,0,5,0,33,49,3,0,0,3,0,0,46,3,13,41,1,2,0,3,0,0,22,11,11.0
Marcus Hooker,83865,S,YNGTOWN ST,6,4,0,69.2,0,0,353,0,0,72.2,69.1,81.8,,60.8,73.3,0,0,0,2,38,11.5,3,1,0,52.2,9,0,0,91,5,131,233,8,0,0,8,0,43,225,0,102,86,8,19,1,13,0,0,100,44,11.1
Jeremiah Davis,83892,LB,STF AUSTIN,10,8,0,75.0,0,0,301,0,0,76.1,62.8,80.8,65.1,47.8,68.4,0,2,0,0,16,10.9,5,0,0,85.4,6,0,0,234,0,126,269,11,1,0,10,0,1,258,14,129,23,10,33,0,8,2,0,40,42,6.7
Cameron Minor,83912,S,IDAHO ST,11,8,0,66.7,0,1,186,0,0,61.4,62.9,85.9,60.0,64.7,71.5,0,0,0,0,25,12.1,4,1,0,88.0,12,0,0,71,3,164,326,1,0,0,1,0,117,325,1,161,133,5,21,0,18,0,0,131,87,10.9
Kolbi Fuqua,84139,S,JVILLE ST,11,15,1,52.2,0,2,196,0,0,63.6,76.0,63.6,83.0,78.1,78.6,5,15,0,2,42,8.2,5,1,1,51.5,12,3,0,212,9,188,593,183,0,0,183,0,1,410,98,307,186,30,41,5,23,23,1,153,80,12.8
Cayden Jordan,84157,WR,CHARLES SO,1,0,0,,0,0,135,0,0,,60.0,60.0,,60.0,,0,0,0,0,,,0,0,1,0.0,0,0,0,0,0,0,1,0,0,0,0,0,0,1,0,1,0,0,0,0,0,0,0,0,0,
BJ Busbee,84394,WR,TXAMEA,1,0,0,,0,0,1139,0,0,,60.0,60.0,,60.0,,0,0,0,0,,,0,0,1,0.0,0,0,0,0,0,0,1,0,0,0,0,0,0,1,0,1,0,0,0,0,0,0,0,0,0,
Tyrone Legette,84413,CB,SE LA,10,1,0,60.0,0,0,294,0,0,53.4,53.1,78.1,,53.9,29.4,0,0,0,0,42,40.0,2,1,0,137.5,3,0,0,5,46,47,75,0,0,0,0,0,19,75,0,28,5,0,2,0,5,0,1,55,11,18.3
Jah'Marae Sheread,84443,WR,FL A&M,1,0,0,,0,0,164,0,0,,60.0,60.0,,60.0,,0,0,0,0,,,0,0,1,0.0,0,0,0,0,0,0,1,0,0,0,0,0,0,1,0,1,0,0,0,0,0,0,0,0,0,
Patrick Ballard,84468,WR,ABILENE CH,1,0,0,,0,0,100,0,0,,60.0,60.0,,60.0,,0,0,0,0,,,0,0,0,0.0,0,0,0,0,0,0,1,0,0,0,0,0,0,1,0,1,0,0,0,0,0,0,0,0,0,
Tim Patrick Jr.,84481,WR,SO UTAH,1,0,0,,0,0,298,0,0,,62.4,60.0,,62.6,68.4,0,0,0,0,,0.0,0,0,1,0.0,0,0,0,0,0,0,1,0,0,0,0,0,0,1,0,1,0,0,1,0,0,0,0,0,0,
Jonnie Pitman,84533,CB,VILLANOVA,2,0,0,,0,0,334,0,0,60.2,60.6,72.2,,60.0,42.6,0,0,0,0,,33.3,1,0,0,0.0,0,0,0,1,9,7,11,0,0,0,0,0,0,11,0,4,1,0,2,0,0,0,0,0,0,
Ishod Byarm,84534,HB,BRYANT,1,0,0,,0,0,124,0,0,,60.0,60.0,,60.0,,0,0,0,0,,,0,0,2,0.0,0,0,0,0,0,0,1,0,0,0,0,0,0,1,0,1,0,0,0,0,0,0,0,0,0,
Micah Gardner,85720,S,UTAHTC,8,7,0,100.0,0,0,1285,0,0,50.2,59.5,76.7,59.4,71.9,73.9,0,0,0,0,25,7.7,1,0,0,118.8,4,0,0,33,1,23,66,2,0,0,2,0,21,64,1,42,9,1,5,0,4,0,0,52,39,13.0
Connor Heffler,85990,LB,CAL POLY,3,1,0,,0,0,129,0,0,69.6,70.4,70.9,,65.0,35.0,0,0,0,1,,28.6,2,0,0,0.0,0,0,0,24,0,4,24,0,0,0,0,0,0,24,0,20,0,3,4,1,0,0,0,0,0,
Malcolm Williams,85997,LB,SAN DIEGO,1,0,0,,0,0,283,0,0,60.5,65.7,69.6,,63.9,,0,0,0,0,,,0,0,0,0.0,0,0,0,6,0,2,6,0,0,0,0,0,0,6,0,4,0,0,0,0,0,0,0,0,0,
Samuel Scaife IV,86521,S,LAMAR,9,10,0,75.0,0,1,204,0,0,71.7,66.6,82.6,54.2,55.6,76.0,0,0,0,2,21,12.5,5,0,0,88.0,6,0,0,51,1,126,227,1,0,0,1,0,140,226,6,95,33,4,25,0,8,0,1,45,14,7.5
Ozzie Nicholas,86729,LB,PRINCETON,10,20,0,75.8,1,1,272,0,0,59.8,73.7,0.0,60.5,88.8,63.1,1,8,0,1,15,13.3,12,1,4,76.7,25,0,0,465,0,269,538,45,0,0,45,0,1,493,49,220,26,32,58,3,33,9,0,191,137,7.6
Alton Jefferson,86760,DI,E ILLINOIS,11,7,0,,0,0,158,1,0,75.0,60.9,83.4,55.1,60.9,41.4,0,10,0,0,,23.5,4,0,0,0.0,0,0,0,0,0,2,284,283,89,173,4,17,0,1,175,107,0,5,6,1,0,10,0,0,0,
Jacob Saewitz,86816,ED,SAN DIEGO,10,5,0,100.0,0,0,283,0,0,52.1,65.5,87.7,60.1,72.3,44.8,2,11,0,0,15,22.6,7,0,0,118.8,1,12,0,0,0,8,628,628,9,42,372,205,0,0,351,269,0,26,19,4,1,25,0,15,13,15.0
Mikail Webb,86843,LB,ALCORN ST,11,9,0,66.7,0,0,107,1,0,54.9,53.4,81.9,58.1,53.1,33.4,0,1,0,0,19,19.5,8,1,0,86.8,2,2,0,241,0,103,261,11,0,0,11,0,0,250,27,131,9,19,24,6,3,3,0,21,19,10.5
Kortney Cox,86951,CB,FL A&M,11,2,0,53.1,0,0,164,0,0,77.4,75.9,4.8,55.5,75.8,67.9,0,1,0,0,83,13.5,5,6,3,87.9,26,0,0,59,475,345,546,1,0,0,1,0,4,545,3,198,7,22,30,3,49,1,2,329,115,12.7
Eric Smith,86953,CB,FL A&M,10,5,0,60.0,1,1,164,0,0,70.0,67.2,85.6,55.0,55.8,48.1,0,0,0,0,27,19.4,7,2,1,102.0,24,0,0,64,94,278,455,8,0,0,8,0,17,447,7,170,272,10,24,3,40,0,3,239,112,10.0
Jared Duncan,86954,S,DELAWARE,2,0,0,100.0,0,0,151,0,0,48.9,51.6,76.0,58.4,62.5,72.2,0,1,0,0,29,0.0,0,0,0,118.8,3,0,0,4,0,8,22,6,0,0,5,1,1,16,3,11,11,0,1,0,3,1,0,46,15,15.3
Robert Javier,86964,CB,TOWSON,10,6,1,46.2,0,0,317,0,0,90.2,83.7,43.9,62.9,40.6,39.7,0,0,2,2,31,26.0,13,11,2,60.7,24,0,0,39,536,321,606,4,0,0,4,0,13,602,4,281,14,5,31,0,52,0,2,291,60,12.1
Ryan Poole,86967,CB,WM & MARY,10,7,0,58.3,0,1,348,1,0,75.6,75.2,27.0,54.4,73.8,79.6,0,0,0,1,42,6.8,3,3,3,90.6,28,0,0,55,426,287,509,0,0,0,0,0,5,509,3,219,23,14,34,1,48,0,3,320,119,11.4
Keenan Isaac,86972,CB,ALABAMA ST,11,6,0,51.1,0,0,105,0,0,78.6,77.1,48.9,69.3,64.4,59.0,2,0,0,2,59,17.6,9,6,3,66.7,23,1,0,39,640,381,695,2,0,0,2,0,5,693,4,310,9,11,36,0,45,3,2,278,173,12.1
Daniel Troutman,86974,S,ALABAMA ST,1,0,0,,0,0,105,0,0,,60.2,66.9,,60.0,,0,0,0,0,,,0,0,0,0.0,0,0,0,5,0,0,5,0,0,0,0,0,0,5,0,5,0,0,0,0,0,0,0,0,0,
Quinn Smith,86993,CB,E TENN ST,11,4,0,65.5,1,0,157,1,0,59.1,60.0,49.3,,66.4,62.5,0,0,0,1,60,14.6,7,4,5,132.0,38,0,0,31,674,411,710,1,0,0,1,0,0,709,0,299,3,7,37,1,58,0,7,597,179,15.7
Liam Anderson,86995,LB,HOLY CROSS,13,20,0,66.7,0,1,181,2,0,80.0,82.0,50.8,70.6,78.3,57.6,4,27,0,1,29,15.7,14,2,2,77.1,14,3,0,531,4,239,820,262,0,0,262,0,0,558,242,339,23,40,55,11,21,34,1,118,72,8.4
Cristos Argys,86996,S,HOLY CROSS,13,10,0,68.4,0,0,181,0,0,64.8,64.0,86.9,54.3,63.2,66.1,1,3,0,0,22,12.7,7,2,1,102.7,13,0,0,273,8,294,560,65,0,0,65,0,95,495,29,237,117,16,38,1,19,4,1,119,37,9.2
Lemuel Marucot,86999,S,HOLY CROSS,4,0,0,60.0,0,0,181,0,0,35.0,33.0,74.4,,50.1,41.5,0,0,0,0,15,33.3,1,1,0,115.0,3,0,0,3,0,17,22,0,0,0,0,0,14,22,0,5,5,0,2,0,5,0,1,28,3,9.3
Terrell Prince,87000,S,HOLY CROSS,10,9,0,78.6,0,0,181,2,0,49.0,56.8,13.6,56.2,76.2,65.6,0,4,0,0,41,14.8,8,0,3,119.2,22,0,0,134,6,241,505,57,0,0,56,1,56,448,32,232,252,17,37,6,28,4,1,273,109,12.4
Connor Reid,87001,S,BUTLER,11,17,0,33.3,0,0,127,0,0,79.8,76.2,47.4,61.0,69.7,67.4,1,2,0,1,19,15.1,13,2,1,19.2,6,1,0,330,1,316,636,8,0,0,8,0,234,628,11,309,63,22,56,2,18,4,0,49,16,8.2
Walter Reynolds,87002,S,HOLY CROSS,13,17,0,36.2,0,1,181,1,0,72.7,74.1,89.9,54.5,76.4,62.8,0,0,0,5,69,14.6,12,7,0,37.2,25,0,0,267,13,448,809,33,0,0,33,0,188,776,23,338,307,19,53,3,69,0,3,341,159,13.6
John Smith,87004,CB,HOLY CROSS,13,7,0,57.4,0,1,181,0,0,73.3,70.8,57.6,59.4,61.4,47.5,1,0,0,1,21,21.1,15,6,3,85.6,35,0,0,144,228,456,787,16,0,0,16,0,19,771,10,321,379,16,49,2,61,1,4,303,124,8.7
Marcus Vaughn-Jones,87034,ED,N DAKOTA,12,7,0,69.2,0,0,249,0,0,62.9,58.4,90.5,62.4,49.3,58.3,3,2,0,0,21,12.8,5,0,1,87.3,9,1,0,13,1,95,349,244,0,0,244,0,0,105,85,169,91,11,27,1,13,6,0,86,25,9.6
C.J. Siegel,87039,CB,N DAKOTA,12,6,0,52.6,0,0,249,0,0,69.7,67.4,86.0,70.5,51.6,58.5,1,0,1,2,52,16.4,10,5,2,89.5,30,1,0,69,595,364,697,20,0,0,20,0,4,677,9,324,9,8,45,1,57,2,4,476,134,15.9
Kadon Kauppinen,87042,S,N DAKOTA,12,18,0,59.3,0,1,249,0,0,67.5,71.2,85.5,91.5,68.4,74.3,1,2,0,1,76,12.1,8,3,2,101.5,16,1,0,173,5,313,580,18,0,0,18,0,234,562,9,258,150,14,40,2,27,4,2,264,128,16.5
Marcus Aponte,87049,S,SACRAMENTO,1,0,0,,0,0,279,0,0,,60.0,66.6,,60.0,,0,0,0,0,,,0,0,0,0.0,0,0,0,0,0,0,2,0,0,0,0,0,2,2,0,2,0,0,0,0,0,0,0,0,0,
Jamal Gay,87056,CB,TOWSON,9,4,0,68.8,0,1,317,0,0,75.2,78.0,87.4,63.9,81.2,89.6,0,1,0,0,83,0.0,0,1,1,137.0,11,1,0,39,2,127,276,66,0,0,66,0,1,210,25,124,166,13,18,3,16,2,3,146,112,13.3
Reese Clarke,87059,CB,CENT CT ST,1,0,0,,0,0,133,0,0,63.0,63.5,73.4,,60.0,,0,0,0,0,,,0,0,0,0.0,0,0,0,0,0,7,8,0,0,0,0,0,0,8,0,1,8,0,0,0,0,0,0,0,0,
Isaiah Jones,87085,LB,WM & MARY,13,10,1,77.8,0,0,348,0,0,45.6,50.1,0.0,73.6,56.1,42.2,1,1,0,0,23,23.0,17,0,4,124.2,21,3,0,515,0,294,558,15,0,0,15,0,7,543,26,238,20,24,47,1,27,5,2,213,107,10.1
Malcolm Spencer,87087,S,WM & MARY,11,9,0,70.6,1,0,348,0,0,73.1,71.4,87.2,72.5,61.9,69.0,0,0,0,1,29,14.6,6,1,1,86.2,12,1,0,117,10,345,570,0,0,0,0,0,258,570,2,223,184,7,26,1,17,1,1,123,69,10.3
Francis Bemiy,87107,ED,SO UTAH,11,9,0,,0,1,298,0,0,57.7,75.1,15.8,69.7,83.2,59.8,7,27,0,0,,19.4,7,0,5,0.0,0,5,0,0,0,1,559,559,1,55,394,109,0,0,311,247,0,21,20,11,0,39,0,0,0,
Trejuan Purty,87115,ED,INDIANA ST,10,3,0,,0,0,191,0,0,,60.6,40.9,56.9,64.2,33.0,3,3,0,0,,25.0,3,0,1,0.0,0,0,0,0,0,0,177,177,0,0,137,40,0,0,71,106,0,4,6,2,0,6,0,0,0,
Dan Kuznetsov,87129,ED,HOLY CROSS,13,9,1,,0,0,181,1,0,65.0,77.0,71.4,73.3,73.5,62.3,11,21,0,0,,12.2,6,0,1,0.0,0,5,0,2,0,1,637,635,23,187,319,106,0,2,378,258,0,30,34,6,0,37,0,0,0,
Jake Reichwein,87131,ED,HOLY CROSS,13,13,1,,0,1,181,0,0,68.5,83.7,60.3,78.6,77.2,66.5,13,31,0,0,,11.1,7,0,2,0.0,0,7,0,0,0,2,670,670,20,184,344,122,0,0,377,291,0,39,43,3,0,51,0,0,0,
Justin Sambu,87144,DI,MAINE,11,6,1,,0,2,212,0,0,74.1,68.4,70.3,66.2,65.5,48.7,4,14,0,0,,19.4,6,0,1,0.0,0,6,0,0,0,0,578,578,83,287,126,82,0,0,284,294,0,17,19,1,0,24,0,0,0,
Josh Lezin,87147,DI,MAINE,10,6,0,,0,0,212,0,0,66.7,64.8,83.9,54.8,66.6,58.7,0,2,0,0,,8.7,2,0,0,0.0,0,0,0,0,0,0,267,267,70,189,7,1,0,0,123,144,0,13,15,0,0,2,0,0,0,
Jaelen Johnson,87154,DI,N DAKOTA,12,5,0,,0,0,249,0,0,56.8,57.4,65.2,57.0,58.5,44.6,0,8,0,0,,18.2,4,0,1,0.0,0,1,0,0,0,3,436,436,31,204,110,91,0,0,226,207,0,9,13,0,0,9,0,0,0,
Jett Stanley,87156,DI,SACRAMENTO,13,9,2,,0,0,279,0,0,62.6,83.3,87.6,78.2,80.0,52.7,5,19,0,0,,13.6,6,0,0,0.0,0,0,0,0,0,2,604,603,194,388,2,19,0,1,351,251,0,24,29,4,0,24,0,0,0,
Joseph Mera,87161,ED,SAMFORD,13,6,1,,0,0,282,0,0,64.1,75.3,70.5,68.5,75.4,61.8,2,20,0,0,,13.8,4,0,1,0.0,0,4,0,0,0,0,647,646,5,41,206,394,0,1,333,314,0,16,19,1,0,26,0,0,0,
Tay Berry,87162,ED,SAMFORD,13,7,1,,0,0,282,1,0,61.7,70.0,69.3,58.8,75.2,54.1,3,14,0,0,,14.3,6,0,1,0.0,0,1,0,0,0,0,603,602,40,183,55,324,0,1,302,301,0,20,29,3,0,18,0,0,0,
Braeden Royal,87165,DI,SAMFORD,10,1,0,,0,0,282,0,0,60.0,64.6,80.1,61.7,63.8,77.5,0,4,0,0,,0.0,0,0,0,0.0,0,0,0,0,0,0,142,142,23,71,8,40,0,0,53,89,0,6,8,0,0,4,0,0,0,
Bryce Lauer,87172,DI,TOWSON,10,9,1,,0,0,317,0,0,,88.0,83.8,89.2,77.4,67.2,0,18,0,0,,11.1,3,0,0,0.0,0,4,0,0,0,0,404,402,2,197,67,136,0,2,217,187,0,12,15,2,0,22,0,0,0,
Vinnie Shaffer,87174,DI,TOWSON,11,11,0,0.0,0,0,317,0,0,62.6,83.9,87.5,71.3,87.7,50.1,1,20,0,0,,15.4,6,1,0,39.6,0,3,0,3,0,13,421,416,261,141,4,10,0,5,213,195,0,21,22,2,1,24,0,0,0,
Tristan Pfeiffer,87180,DI,W ILLINOIS,1,0,0,,0,0,345,0,0,,59.7,64.6,59.2,,,0,0,0,0,,,0,0,0,0.0,0,0,0,0,0,0,1,1,0,0,0,1,0,0,1,0,0,0,0,0,0,0,0,0,0,
Jake Detiveaux,87181,ED,W ILLINOIS,10,4,0,,0,0,345,0,0,61.5,58.2,64.6,55.7,59.0,86.4,1,0,0,0,,0.0,0,0,1,0.0,0,4,0,0,0,0,532,531,1,115,45,370,0,1,239,293,0,19,27,1,0,5,0,0,0,
Zyquan Bessant,87198,DI,WM & MARY,13,4,1,100.0,0,0,348,0,0,28.3,67.2,87.4,57.8,75.1,59.7,0,7,0,0,20,9.5,2,0,0,118.8,1,2,0,0,0,2,506,504,244,242,2,16,0,2,267,237,1,13,15,0,1,9,0,20,14,20.0
Isaiah Chance,87210,ED,TEXAS STHN,5,1,0,,0,0,313,0,0,,64.4,74.8,62.4,62.9,76.0,0,0,0,0,,0.0,0,0,0,0.0,0,1,0,0,0,0,24,24,0,0,21,3,0,0,8,16,0,1,2,0,0,1,0,0,0,
Jawan Martin,87273,FB,E TENN ST,1,0,0,,0,0,157,0,0,,60.0,60.0,,60.0,,0,0,0,0,,,0,0,0,0.0,0,0,0,0,0,0,1,0,0,0,0,0,0,1,0,1,0,0,0,0,0,0,0,0,0,
Jalen Porter,87275,ED,E TENN ST,11,9,0,85.7,1,1,157,0,0,50.0,56.1,36.8,68.8,50.8,47.8,2,10,0,0,17,22.9,8,0,3,100.6,6,5,0,19,0,57,534,496,69,30,393,4,0,38,239,238,19,16,18,0,7,17,0,57,40,9.5
Johnny May,87284,LB,INDIANA ST,10,9,0,66.7,0,0,191,0,0,51.3,45.5,80.6,68.0,39.1,35.2,2,2,0,0,9,27.8,10,0,0,77.1,4,2,0,266,0,99,302,26,0,0,26,0,0,276,30,173,9,8,17,1,6,6,0,28,21,7.0
Adrian Otero,87291,LB,MAINE,11,15,1,64.3,0,0,212,0,0,69.6,68.4,82.5,66.9,64.3,81.8,0,3,0,2,63,6.2,4,2,0,93.3,18,2,0,497,0,202,543,9,0,0,9,0,1,534,24,317,36,25,46,3,28,5,3,213,173,11.8
Devan Hebron,87299,ED,MORGAN ST,9,3,0,,0,0,235,1,1,74.5,82.1,87.5,66.2,87.4,72.3,4,9,0,0,,7.1,2,0,0,0.0,0,1,0,2,0,4,399,396,0,3,370,23,0,3,220,175,1,19,23,8,0,14,0,0,0,
Caden White,87300,LB,N DAKOTA,7,4,0,78.6,0,0,249,0,0,63.2,62.2,80.9,59.1,60.3,48.0,1,1,0,0,21,20.9,9,0,0,134.5,11,0,0,230,0,126,255,5,0,1,4,0,0,250,26,103,20,14,30,2,14,2,2,95,64,8.6
Ted Mullin,87302,ED,N DAKOTA,12,4,0,80.0,0,0,249,0,0,66.8,69.4,90.5,65.5,68.6,74.4,1,7,0,0,35,10.0,3,1,0,103.1,12,1,0,13,1,102,387,287,0,0,285,2,0,100,106,179,86,12,23,4,15,9,0,131,79,10.9
Jeremy Harris,87306,LB,SACRAMENTO,13,11,0,53.8,0,1,279,1,0,65.7,70.1,79.9,72.4,66.8,54.4,1,8,0,0,17,17.6,9,0,0,68.1,7,2,0,252,0,119,285,11,0,0,11,0,2,274,46,120,19,18,31,2,13,11,0,66,63,9.4
Armon Bailey,87308,LB,SACRAMENTO,13,30,1,62.5,0,1,279,1,0,83.2,86.3,36.7,66.8,84.8,65.9,4,12,0,0,19,14.2,16,4,2,69.3,15,6,0,715,0,344,825,41,0,1,40,0,1,784,121,360,66,49,67,6,24,22,0,87,69,5.8
Aubrey Nellems,87315,LB,SO UTAH,11,14,0,80.0,0,3,298,1,1,72.8,73.3,38.1,68.2,73.3,71.2,0,4,0,0,38,10.9,7,0,1,107.8,12,1,0,306,0,180,413,63,0,0,63,0,0,350,46,187,44,33,43,8,15,5,0,148,83,12.3
Ryan Kearney,87321,LB,TOWSON,11,20,0,69.6,0,0,317,0,0,64.9,70.6,83.0,57.3,75.3,52.8,0,5,0,1,38,17.0,15,1,0,85.6,16,1,0,597,2,331,681,13,0,0,13,0,0,668,43,307,67,33,53,1,23,6,1,161,71,10.1
Greg Benton Jr.,87326,LB,YNGTOWN ST,11,6,0,71.4,0,1,353,0,0,51.0,55.1,83.4,56.5,59.5,54.5,0,5,0,0,48,16.7,7,1,1,128.0,10,0,0,337,0,179,379,9,0,0,9,0,0,370,24,176,33,22,29,2,14,5,1,143,89,14.3
Myles McHaney,87350,ED,PRVIEW A&M,10,2,0,,0,0,270,0,0,66.0,70.3,32.1,69.3,64.2,30.3,3,9,0,0,,31.3,5,0,1,0.0,0,0,0,0,0,0,144,144,0,12,86,46,0,0,73,71,0,4,9,0,0,12,0,0,0,
Griffin Hoak,87352,LB,YNGTOWN ST,9,8,0,85.7,0,0,353,0,0,67.4,57.8,23.0,50.7,53.2,39.5,1,5,0,1,13,25.0,10,2,1,90.5,6,0,0,260,0,139,282,13,0,0,13,0,0,269,17,126,9,9,22,1,7,6,1,40,15,6.7
Demontario Anderson,87355,ED,TEXAS STHN,10,24,1,,1,0,313,0,0,53.6,67.5,52.8,63.7,70.1,54.5,4,21,0,0,,17.5,11,0,2,0.0,0,5,0,1,0,2,494,493,1,5,392,95,0,1,213,279,0,25,28,1,0,30,0,0,0,
Kevin Jarrell,87554,LB,WM & MARY,11,8,3,76.9,0,0,348,1,0,64.4,70.8,43.7,70.7,75.8,83.6,2,3,0,0,39,5.1,2,0,1,99.5,10,1,0,144,0,128,352,97,0,0,97,0,0,255,32,192,110,17,29,2,13,6,0,104,97,10.4
Torrence Pollard,87721,CB,SAMFORD,8,2,0,66.7,0,0,282,0,0,69.4,70.1,77.6,57.6,69.1,84.6,0,0,0,0,13,0.0,0,0,0,75.0,4,0,0,9,85,40,94,0,0,0,0,0,0,94,2,52,0,2,9,0,6,0,0,25,14,6.3
LJ Davis,87735,CB,N ARIZONA,11,7,0,46.2,1,0,252,0,0,75.3,75.2,85.0,,68.8,86.2,0,0,0,2,38,3.0,1,7,2,71.0,24,0,0,62,550,369,653,1,0,0,1,0,12,652,0,284,25,7,25,0,52,0,3,340,49,14.2
Titus Leo,87743,ED,WAGNER,11,13,1,,0,1,338,1,0,66.0,80.9,36.5,83.0,75.1,48.7,10,15,0,0,,17.1,12,0,4,0.0,0,3,0,22,0,4,554,532,0,6,350,176,0,22,242,308,0,35,45,10,0,28,0,0,0,
Natavious Payne,87764,CB,YNGTOWN ST,4,1,0,83.3,0,0,353,0,0,49.8,51.5,76.7,,64.2,29.1,0,0,0,0,45,33.3,2,0,0,158.3,5,0,0,3,56,33,59,0,0,0,0,0,0,59,0,26,0,1,3,0,6,0,1,98,23,19.6
Semaj Verner,87849,CB,UC DAVIS,1,0,0,100.0,0,0,322,0,0,32.1,25.4,67.9,,54.1,21.7,0,0,0,0,27,100.0,1,0,0,118.8,1,0,0,0,4,2,4,0,0,0,0,0,0,4,0,2,0,0,0,0,1,0,0,27,1,27.0
Kenneth Shaffner,87913,ED,MOREHEAD,2,0,0,,0,0,234,0,0,,61.7,73.0,59.7,60.9,,0,0,0,0,,,0,0,0,0.0,0,0,0,3,0,0,7,4,0,0,4,0,0,3,2,5,0,0,0,0,0,0,0,0,0,
DJ Charles,88334,S,CAMPBELL,5,1,0,75.0,0,0,131,0,0,56.0,57.1,0.0,,66.7,57.8,0,0,0,0,33,20.0,1,1,2,116.7,3,0,0,25,2,53,98,8,0,0,8,0,21,90,0,45,42,2,3,0,4,0,0,67,33,22.3
Dorian Jones,88336,S,CAMPBELL,10,5,0,57.1,1,0,131,0,1,60.9,65.7,86.5,54.6,72.7,72.3,0,1,0,1,64,11.4,4,0,1,111.6,8,0,0,193,11,252,539,16,0,0,14,2,231,523,7,280,88,6,26,0,14,1,2,177,102,22.1
Greg Streater,88342,S,CAMPBELL,1,0,0,,0,0,131,0,0,61.8,64.2,66.8,,60.9,73.1,0,0,0,0,,0.0,0,0,0,0.0,0,0,0,3,0,4,5,0,0,0,0,0,1,5,0,1,1,0,1,0,0,0,0,0,0,
Josh McNeely,88344,CB,CAMPBELL,6,0,0,90.0,0,0,131,0,0,50.1,54.2,78.0,,70.4,84.5,0,0,0,0,47,0.0,0,1,1,149.6,9,0,0,8,82,45,95,0,0,0,0,0,0,95,0,50,5,2,11,0,10,0,2,104,20,11.6
Darrien Sampson,88349,CB,E WASHGTON,4,3,0,66.7,0,0,161,0,0,71.0,70.9,81.5,70.5,64.1,63.8,1,0,0,0,24,13.3,2,2,0,92.0,8,0,0,17,161,81,191,11,0,0,11,0,1,180,3,107,1,2,10,0,12,1,0,99,28,12.4
Keshaun King,88351,S,E WASHGTON,11,12,0,57.7,0,1,161,0,0,85.1,75.0,86.5,61.3,56.4,41.4,1,2,0,2,17,25.0,17,3,0,36.7,15,0,0,118,1,224,543,22,0,0,22,0,204,521,12,307,195,14,39,3,26,3,0,116,104,7.7
Jaylen Floyd,88358,CB,W CAROLINA,7,1,0,80.0,0,1,344,0,0,51.6,59.2,0.0,66.5,82.5,86.2,1,0,0,0,13,0.0,0,0,3,127.9,8,0,0,37,1,95,180,9,0,0,9,0,12,171,5,80,121,5,10,4,10,1,2,52,25,6.5
Jarad McCray,88371,S,MURRAY ST,10,8,0,55.6,0,1,236,0,0,74.1,66.3,82.1,57.9,47.6,36.9,1,0,0,1,33,28.6,8,1,0,78.7,5,0,0,46,3,110,190,3,0,0,3,0,79,187,2,78,59,8,12,3,9,1,1,71,34,14.2
Derek Thompson,88376,CB,NEW HAMP,11,5,0,61.1,1,0,240,0,0,55.0,52.6,84.8,,45.7,61.3,0,0,0,0,55,20.0,4,0,2,142.1,11,0,0,52,16,145,245,0,0,0,0,0,56,245,0,100,121,2,11,0,18,0,2,282,76,25.6
Joe Eichman,88377,S,NEW HAMP,9,10,0,52.6,0,0,240,1,0,75.3,63.0,85.2,64.9,38.3,29.3,0,0,0,3,22,31.9,15,2,0,21.7,10,0,0,170,4,222,431,12,0,0,12,0,195,419,4,205,49,6,22,0,19,0,0,70,23,7.0
Max Oxendine,88378,S,NEW HAMP,13,15,0,40.6,1,2,240,0,0,65.3,63.0,42.0,61.6,58.2,64.8,0,1,0,0,38,14.5,10,4,1,58.7,13,0,0,154,4,394,680,1,0,0,1,0,391,679,1,285,129,6,44,0,32,1,0,175,25,13.5
Seth Carlisle,88387,LB,TENN TECH,11,24,1,81.0,0,0,309,0,0,73.3,65.7,86.0,74.6,55.3,83.1,3,5,0,0,31,5.9,6,2,0,102.8,17,0,0,611,0,292,620,4,0,0,4,0,0,616,34,294,3,34,71,1,21,8,0,182,152,10.7
Tai Carter,88388,CB,TENN TECH,3,2,0,70.0,1,0,309,0,0,60.5,60.7,2.4,67.5,62.0,52.9,2,1,0,0,14,18.8,3,0,1,82.9,7,0,0,42,0,85,174,20,0,0,20,0,1,154,9,80,109,5,11,1,10,3,0,54,47,7.7
Aidan Raines,88390,LB,TENN TECH,11,11,0,82.4,0,0,309,0,0,63.0,67.2,75.5,70.2,68.9,64.7,2,5,0,0,20,14.0,6,1,0,100.7,14,1,0,283,0,149,318,10,0,0,10,0,0,308,21,148,24,16,26,1,17,8,0,139,110,9.9
Cayvian Holmes,88395,CB,MURRAY ST,11,4,0,53.8,0,0,236,0,0,62.6,60.0,83.8,31.5,54.8,27.9,0,2,0,0,46,30.0,12,7,3,101.2,21,0,0,41,358,237,424,2,0,0,2,0,3,422,2,185,20,4,24,0,39,2,3,268,81,12.8
Alec Flanagan,88400,LB,IDAHO ST,1,0,0,,0,0,186,0,0,,60.3,60.0,,60.0,,0,0,0,0,,,0,0,0,0.0,0,0,0,0,0,0,1,0,0,0,0,0,0,1,0,1,0,0,0,0,0,0,0,0,0,
Prince Ngwenah,88408,ED,CAMPBELL,10,3,0,0.0,0,1,131,0,0,77.1,69.2,54.7,74.3,59.6,29.2,3,10,0,0,,30.8,4,0,1,39.6,0,3,0,2,0,1,272,270,0,6,203,61,0,2,123,148,0,7,6,1,1,16,0,0,0,
Dre Giles,88414,DI,CAMPBELL,8,3,0,,0,0,131,0,0,,55.7,79.2,58.9,54.1,75.3,0,3,0,0,,0.0,0,0,0,0.0,0,0,0,0,0,0,113,113,11,78,9,15,0,0,43,70,0,2,2,0,0,3,0,0,0,
Brevin Allen,88418,ED,CAMPBELL,9,2,1,0.0,0,0,131,0,0,82.0,79.4,63.9,69.3,76.9,57.6,2,14,0,1,,23.8,5,0,1,0.0,0,6,0,18,0,11,368,350,0,13,322,15,0,18,172,185,0,14,14,3,1,22,0,0,0,
Joshua Jerome,88420,DI,E WASHGTON,9,9,1,,0,0,161,1,0,58.4,77.5,85.4,66.0,80.4,53.5,2,6,0,0,,12.2,5,0,0,0.0,0,1,0,0,0,1,418,417,96,314,1,6,0,1,185,232,0,20,27,2,0,9,0,0,0,
Devin Rice,88443,ED,N IOWA,11,5,1,,1,0,255,0,0,52.1,57.3,71.5,61.0,55.4,23.4,0,16,0,0,,47.8,11,0,1,0.0,0,3,0,0,0,4,546,545,0,17,414,114,0,1,303,239,1,8,7,1,0,19,0,0,0,
Khristian Boyd,88444,DI,N IOWA,10,9,2,,0,1,255,0,0,60.5,88.5,70.6,68.8,92.3,60.2,1,19,0,0,,12.5,5,0,1,0.0,0,1,0,2,0,0,592,590,211,376,0,3,0,2,335,257,0,23,26,5,0,21,0,0,0,
Sean Wendel,88445,ED,N IOWA,7,0,0,,0,0,255,0,0,,61.3,75.3,57.7,63.9,,1,0,0,0,,,0,0,0,0.0,0,0,0,0,0,0,25,25,0,3,18,4,0,0,17,8,0,0,0,0,0,1,0,0,0,
Caden Houghtelling,88446,ED,N IOWA,6,12,1,,0,0,255,0,0,63.1,75.0,85.9,61.4,79.6,59.7,1,9,0,0,,10.8,4,0,0,0.0,0,0,0,0,0,0,379,379,1,18,297,63,0,0,186,193,0,16,21,5,0,10,0,0,0,
James Makszin,88452,DI,RHODE ISLD,11,14,0,,0,1,274,1,0,,67.6,84.0,56.2,72.5,45.5,1,11,0,0,,20.0,7,0,0,0.0,0,1,0,1,0,0,446,445,21,332,5,87,0,1,228,218,0,12,14,2,0,13,0,0,0,
Dylan Brown,88453,DI,RHODE ISLD,11,8,0,,0,0,274,0,0,62.4,61.4,63.4,56.5,63.3,48.9,1,4,0,0,,15.0,3,0,1,0.0,0,0,0,1,0,0,411,410,100,284,0,26,0,1,219,192,0,6,9,1,0,5,0,0,0,
Niko Kvietkus,88464,DI,NEW HAMP,13,12,1,,0,0,240,0,0,75.7,67.7,39.7,61.0,68.8,72.1,5,17,0,0,,6.0,3,0,3,0.0,0,2,0,14,0,5,617,601,106,479,0,16,0,16,348,264,0,24,35,4,0,24,0,0,0,
Monchovia Gaffney,88483,LB,CAMPBELL,10,14,1,90.0,0,0,131,0,0,74.6,74.4,83.7,73.8,68.9,67.5,1,1,0,0,24,14.3,7,0,0,107.1,9,4,0,405,0,198,482,62,0,0,62,0,1,420,33,251,14,22,28,1,10,6,0,97,86,10.8
Keshawn Thompson,88485,LB,CAMPBELL,10,11,0,50.0,0,0,131,0,0,57.3,61.1,80.8,64.8,61.3,71.9,0,8,0,0,14,13.0,3,0,0,71.5,3,1,0,165,0,70,209,37,0,0,37,0,0,172,23,116,7,7,9,0,6,9,0,40,34,13.3
Justice Galloway-Velazquez,88487,ED,CAMPBELL,7,1,0,,0,0,131,0,0,63.1,64.3,81.2,55.4,68.1,77.1,0,4,0,0,,0.0,0,0,0,0.0,0,0,0,9,0,4,61,52,0,1,51,0,0,9,28,29,0,2,2,0,0,4,0,0,0,
Nate Norris,88501,LB,LEHIGH,11,28,1,83.3,0,1,205,1,0,75.6,73.9,55.0,68.1,68.6,66.2,7,11,0,1,18,13.2,12,0,1,77.1,25,4,0,617,0,279,682,14,0,0,14,0,0,668,90,313,50,32,51,3,30,22,0,175,123,7.0
Darnel Victor,88505,S,MURRAY ST,10,6,0,70.0,0,0,236,1,0,64.1,68.7,9.3,77.5,72.7,52.1,1,8,0,0,72,22.2,6,3,3,145.8,7,1,0,78,3,145,367,96,0,0,96,0,0,271,46,176,190,10,15,1,10,10,1,126,108,18.0
Jevon Brekke,88512,S,N IOWA,11,5,0,81.0,0,0,255,0,0,59.4,59.1,5.0,67.3,58.8,65.6,2,3,0,0,45,15.4,6,0,2,127.4,17,1,0,108,1,205,402,85,0,0,85,0,143,317,29,168,65,7,28,0,21,6,1,226,135,13.3
T.J. Neal,88518,ED,TENN MARTN,11,14,0,66.7,0,1,310,0,0,82.5,82.1,66.8,69.4,81.9,81.8,2,9,0,1,9,4.8,2,2,1,36.8,8,3,0,73,3,88,451,353,0,1,350,2,0,98,143,220,22,21,26,5,12,14,0,40,25,5.0
Rett Russell,88520,CB,CITADEL,11,5,0,54.5,0,0,139,0,0,89.0,89.9,87.5,79.4,76.8,90.1,3,2,0,1,21,0.0,0,1,0,52.5,6,3,0,14,17,87,209,52,0,0,52,0,0,157,29,93,126,17,16,5,11,8,1,33,31,5.5
Andre Johnson,88524,LB,RHODE ISLD,4,1,0,,0,0,274,0,0,65.4,67.9,73.3,,65.1,76.1,0,0,0,0,,0.0,0,0,0,0.0,0,0,0,19,0,9,25,0,0,0,0,0,0,25,0,16,5,0,1,0,0,0,0,0,0,
Christian Arrington,88526,ED,RHODE ISLD,2,0,0,100.0,0,0,274,0,0,62.0,66.1,80.7,69.1,59.1,51.3,1,1,0,0,8,25.0,1,0,0,100.0,1,2,0,0,0,9,52,51,0,0,50,1,0,1,23,20,1,4,3,0,1,4,0,8,3,8.0
Terrance Jones,88531,ED,IDAHO ST,11,11,0,,0,1,186,0,0,76.9,75.5,86.0,60.8,78.6,79.5,1,8,0,0,,2.9,1,0,0,0.0,0,4,0,1,0,5,468,466,14,207,186,59,0,2,245,218,0,20,22,3,0,13,0,0,0,
Gabe Holmes,88555,DI,CAMPBELL,10,10,1,,0,0,131,1,0,72.7,73.3,21.8,62.6,77.1,62.2,0,15,0,0,,10.5,6,0,5,0.0,0,4,0,0,0,0,529,529,104,311,40,74,0,0,265,264,0,36,41,5,0,19,0,0,0,
Chris Donnelly,88591,ED,NEW HAMP,13,1,0,,0,0,240,0,0,,54.6,83.9,54.5,54.6,77.3,2,4,0,0,,0.0,0,0,0,0.0,0,1,0,0,0,0,233,233,0,5,156,72,0,0,133,100,0,4,3,1,0,7,0,0,0,
Tre Weed,88679,CB,E WASHGTON,11,5,0,70.3,0,0,161,0,0,60.9,60.8,85.3,44.0,63.3,58.9,2,3,1,3,45,16.7,6,1,5,83.1,26,0,0,42,459,211,529,19,0,0,19,0,2,510,9,309,4,8,25,1,37,5,2,339,141,13.0
Jared McCray,88736,WR,MURRAY ST,1,0,0,,0,0,236,0,0,,64.8,60.0,,60.0,73.9,0,0,0,0,,0.0,0,0,0,0.0,0,0,0,0,0,0,1,0,0,0,0,0,0,1,0,1,0,1,1,1,0,0,0,0,0,
LaMartez Brooks,88738,WR,MURRAY ST,1,0,0,,0,0,236,0,0,,60.0,60.0,,60.0,,0,0,0,0,,,0,0,5,0.0,0,0,0,0,0,0,1,0,0,0,0,0,0,1,0,1,0,0,0,0,0,0,0,0,0,
Charles Briscoe III,88740,WR,NEW HAMP,1,0,0,100.0,0,0,240,0,0,35.0,34.0,70.6,,60.0,,0,0,0,0,55,,0,0,0,158.3,1,0,0,0,9,6,9,0,0,0,0,0,0,9,0,3,0,0,0,0,1,0,1,55,17,55.0
Bradley Clark,88749,WR,TENN TECH,1,0,0,,0,0,309,0,0,,60.0,60.0,,60.0,,0,0,0,0,,,0,0,1,0.0,0,0,0,0,0,0,1,0,0,0,0,0,0,1,0,1,0,0,0,0,0,0,0,0,0,
Herman Smith III,88766,S,JACKSON ST,13,5,0,60.0,0,1,194,0,0,72.2,63.1,28.6,49.9,48.5,31.3,1,2,0,1,20,33.3,11,2,2,42.9,9,2,0,73,3,200,371,14,0,0,14,0,176,357,18,153,103,8,17,0,15,5,0,67,44,7.4
Jacob Harrison,88853,S,ARKAPB,1,0,0,,0,0,112,0,0,61.2,62.4,70.8,,60.0,,0,0,0,0,,,0,0,0,0.0,0,0,0,1,0,2,8,0,0,0,0,0,7,8,0,6,0,0,0,0,0,0,0,0,0,
Cameron McCutcheon,89117,CB,W CAROLINA,11,9,0,55.3,1,1,344,0,0,58.0,59.5,1.5,51.4,74.0,69.9,0,0,0,0,55,10.3,4,2,9,109.4,21,0,0,38,455,256,502,5,0,0,5,0,1,497,6,240,1,9,26,2,38,0,3,319,123,15.2
CaMiron Smith,89127,CB,CHATTNOOGA,11,5,0,68.1,0,0,137,0,0,73.6,76.4,47.8,54.5,88.6,79.1,0,0,0,0,41,8.8,5,5,2,130.9,32,0,0,86,588,365,680,2,0,0,2,0,0,678,3,312,3,16,47,2,47,0,6,367,127,11.5
Chris Beverly,89132,S,CITADEL,11,19,0,50.0,0,0,139,0,0,66.6,71.3,85.8,54.5,77.7,66.8,0,0,1,2,46,14.1,10,2,1,71.2,16,0,0,315,15,279,589,8,0,0,8,0,98,581,8,302,152,16,42,0,32,0,2,251,166,15.7
Destin Mack,89135,CB,CITADEL,10,3,0,74.3,3,0,139,0,0,65.7,65.6,41.1,58.7,66.7,81.2,0,0,0,2,56,8.3,4,1,5,105.5,26,0,0,51,465,269,561,0,0,0,0,0,2,561,1,291,43,9,41,0,35,0,3,309,94,11.9
Collin Heard,89139,CB,S ILLINOIS,1,0,0,50.0,0,0,295,0,0,39.1,31.1,72.1,,42.8,76.2,0,0,0,0,60,0.0,0,0,0,95.8,1,0,0,0,13,5,13,0,0,0,0,0,0,13,0,8,0,1,2,0,2,0,0,60,4,60.0
Malachi Buckner,89143,S,N DAKOTA,12,7,0,80.0,0,0,249,1,0,71.0,63.4,82.6,82.6,44.5,57.1,0,1,0,1,25,15.8,3,0,0,108.3,4,0,0,54,5,72,177,8,0,0,8,0,60,169,3,102,50,4,9,0,5,1,1,50,39,12.5
Romeo Wykle,89155,S,CHATTNOOGA,10,6,0,76.2,0,0,137,0,0,65.0,64.4,86.3,62.8,60.4,66.2,1,0,0,0,63,14.3,4,1,1,129.7,16,0,0,101,6,148,320,24,0,0,24,0,47,296,12,160,142,8,18,2,21,1,2,163,130,10.2
Caleb Burr,89157,S,YNGTOWN ST,11,9,0,54.2,0,0,353,1,0,62.9,64.3,85.2,54.8,66.4,74.6,0,0,0,0,35,12.8,5,2,1,75.3,13,0,0,144,0,183,346,2,0,0,2,0,92,344,4,159,108,9,25,1,24,0,0,162,91,12.5
Kordell Williams,89167,LB,MCNEESE,10,19,0,72.2,0,2,217,0,0,70.4,77.3,53.5,70.4,74.5,71.2,4,7,0,0,50,11.6,14,1,1,98.1,13,5,0,551,0,202,604,34,0,0,34,0,0,570,73,329,18,54,88,4,18,16,0,155,109,11.9
Enos Lewis,89168,S,MCNEESE,9,13,0,60.0,1,2,217,3,1,65.8,64.9,32.8,,63.9,54.7,0,0,0,0,74,19.7,12,1,2,130.2,12,0,0,207,0,214,472,0,0,0,0,0,210,472,0,258,54,14,36,1,20,0,2,215,89,17.9
Josh Green,89172,S,TENN STATE,11,16,0,56.5,1,0,308,0,0,77.8,67.8,19.2,55.7,51.1,74.1,0,0,1,3,48,10.9,7,1,3,71.7,13,0,0,168,0,376,733,8,0,0,8,0,440,725,5,352,117,10,41,0,23,0,2,183,57,14.1
James Reese IV,89175,S,TENN STATE,2,1,0,,0,0,308,0,0,37.6,43.4,74.3,59.6,62.7,76.2,0,0,0,1,,0.0,0,0,1,0.0,0,0,0,0,0,18,25,1,0,0,1,0,24,24,1,6,0,0,0,0,0,0,0,0,0,
A.J. Rogers,89176,S,RHODE ISLD,10,2,0,83.3,1,0,274,0,0,47.5,47.2,0.0,59.6,53.5,52.8,0,0,0,0,47,16.7,3,0,2,158.3,5,0,0,46,1,76,162,1,0,0,1,0,97,161,1,85,17,3,13,1,6,0,2,133,12,26.6
Romeo Stancil,89184,CB,NC CENT,9,2,0,80.0,0,0,247,0,0,64.5,60.7,0.0,,52.0,61.5,0,0,0,0,47,14.3,2,1,2,116.2,8,0,0,4,98,68,104,0,0,0,0,0,1,104,0,36,1,3,10,0,10,0,0,119,29,14.9
Manny Smith,89185,S,NC CENT,12,14,0,67.6,0,3,247,0,0,73.8,75.6,87.3,58.9,77.8,68.1,1,4,0,0,85,16.2,12,3,1,104.4,23,1,0,223,6,327,592,33,0,0,33,0,237,559,24,241,92,21,48,3,34,6,1,295,112,12.8
Justin Nicholson,89187,CB,NC CENT,4,0,0,80.0,0,0,247,0,0,48.5,49.2,76.7,,57.5,29.1,0,0,0,0,26,40.0,2,0,1,156.3,4,0,0,8,52,37,63,0,0,0,0,0,0,63,0,26,3,1,3,0,5,0,1,60,17,15.0
Stormy Mosteller,89191,T,GARD-WEBB,2,1,0,,0,0,171,0,0,60.0,66.0,72.9,64.3,61.2,71.1,0,1,0,0,,0.0,0,0,0,0.0,0,0,0,0,0,0,13,13,0,0,8,5,0,0,8,5,0,0,0,0,0,1,0,0,0,
Chase Stokes,89193,ED,HOUCHR,1,1,0,,0,0,183,0,0,,56.1,70.6,,56.9,71.1,0,0,0,0,,0.0,0,0,0,0.0,0,0,0,0,0,0,6,6,0,0,6,0,0,0,0,6,0,0,0,0,0,0,0,0,0,
Marquise Blount,89200,ED,CITADEL,9,4,0,33.3,0,0,139,0,0,53.7,60.9,89.0,59.4,62.4,67.9,1,2,0,0,6,10.0,2,0,0,42.4,1,2,0,23,3,41,372,343,0,1,328,14,0,29,129,202,3,12,14,1,3,5,0,6,1,6.0
Jay Smith,89201,DI,CITADEL,11,6,0,,1,0,139,0,0,57.7,51.8,38.0,59.5,51.3,48.0,0,1,0,0,,13.0,3,0,2,0.0,0,1,0,3,0,1,355,352,164,169,1,18,0,3,148,206,0,13,14,2,0,2,0,0,0,
Mason Kinsey,89202,ED,MCNEESE,11,15,0,75.0,0,2,217,0,0,76.2,70.5,89.7,61.2,67.3,82.4,3,5,0,1,13,6.6,4,1,0,58.9,12,2,0,197,5,165,694,426,0,0,426,0,0,268,164,365,64,32,42,7,16,10,0,78,68,6.5
Coleman Coco,89204,ED,COLGATE,10,14,1,,0,2,142,0,0,72.9,74.6,46.7,68.0,74.8,47.4,5,18,0,0,,18.2,8,0,2,0.0,0,2,0,1,0,1,453,452,0,28,260,164,0,1,231,221,0,19,22,4,0,25,0,0,0,
Josh Dinga,89207,DI,ILL STATE,11,5,2,,0,1,188,1,0,61.3,75.2,52.8,76.2,70.3,59.4,0,7,0,0,,10.0,2,0,1,0.0,0,3,0,0,0,0,300,300,3,117,12,168,0,0,136,164,0,14,13,3,0,10,0,0,0,
Ian Grayson,89211,DI,LAFAYETTE,6,1,0,,0,0,203,0,0,,61.3,82.3,55.0,64.5,42.3,0,0,0,0,,14.3,1,0,0,0.0,0,0,0,1,0,0,158,157,80,77,0,0,0,1,94,64,0,4,5,1,0,0,0,0,0,
Billy Shaeffer,89212,LB,LAFAYETTE,4,7,1,100.0,0,0,203,1,0,68.6,68.8,82.8,64.5,66.2,62.1,2,3,1,1,14,13.0,3,0,0,86.8,9,0,0,68,0,88,204,50,0,0,45,5,1,154,39,77,85,8,13,1,9,5,1,49,30,5.4
Malik Hamm,89214,ED,LAFAYETTE,11,15,1,85.7,0,1,203,0,0,60.0,90.2,58.2,90.5,86.5,81.0,7,29,0,0,17,5.1,2,0,2,89.9,6,8,0,34,2,40,645,584,3,12,472,97,0,61,335,270,25,23,22,2,7,44,0,39,25,6.5
C.J. Semien,89223,ED,MCNEESE,11,7,1,,0,0,217,0,0,52.1,73.5,82.5,77.3,68.8,82.6,3,9,0,0,,0.0,0,0,0,0.0,0,2,0,0,1,2,284,283,0,9,115,159,0,1,124,158,0,7,9,0,0,14,0,0,0,
Camron Peterson,89224,DI,SOUTHERN U,12,3,2,,0,0,297,0,0,61.0,81.0,21.0,82.7,77.4,44.5,3,16,0,0,,25.0,5,0,3,0.0,0,5,0,1,0,2,385,384,12,279,33,60,0,1,227,156,0,13,12,2,0,24,0,0,0,
K.J. Milner,89231,ED,W CAROLINA,11,9,1,,0,0,344,0,0,60.4,81.5,70.5,80.1,76.7,74.9,7,14,0,0,,6.5,3,0,1,0.0,0,8,0,0,0,0,552,552,5,27,380,140,0,0,275,277,0,29,34,1,0,29,0,0,0,
Chukwuemeka Manning Jr.,89238,ED,AUSTINPEAY,11,8,0,,0,0,116,0,0,68.4,81.7,28.4,71.6,83.2,65.5,3,11,0,0,,11.8,4,0,2,0.0,0,3,0,0,0,1,315,315,19,71,44,181,0,0,148,166,0,21,22,5,0,17,0,0,0,
Eli Alford,89240,DI,MONTANA,13,5,0,,0,0,232,0,0,38.7,66.0,59.0,62.2,73.2,68.1,1,6,0,0,,11.5,3,0,1,0.0,0,1,0,0,0,8,300,300,199,99,0,2,0,0,154,138,0,16,18,1,0,8,0,0,0,
Alex Gubner,89241,DI,MONTANA,13,12,0,,0,0,232,0,0,53.3,82.4,88.1,78.0,81.8,59.1,0,19,0,0,,12.2,6,0,0,0.0,0,7,0,0,0,10,591,591,422,161,3,5,0,0,308,273,0,27,31,5,0,26,0,0,0,
Levi Janacaro,89244,LB,MONTANA,13,21,1,77.8,0,1,232,0,0,64.0,80.5,87.6,78.8,79.2,80.2,6,16,0,0,20,9.3,8,1,0,97.2,14,4,0,383,1,149,597,198,0,0,198,0,0,399,154,294,15,37,57,10,18,26,0,132,72,9.4
Austin Collier,89260,ED,CHATTNOOGA,11,5,0,100.0,0,0,137,0,0,57.7,73.1,84.3,71.3,69.7,46.9,0,4,0,0,5,23.5,4,0,0,83.3,2,4,0,0,0,1,123,123,0,0,122,1,0,0,62,60,0,8,8,0,2,8,0,8,5,4.0
Ty Boeck,89261,LB,CHATTNOOGA,11,27,0,75.0,0,0,137,2,0,78.2,79.4,53.1,62.9,78.6,78.6,1,3,0,1,22,9.3,10,0,1,72.7,18,2,1,546,0,296,623,25,0,0,25,0,6,598,36,291,45,32,70,4,24,6,0,147,121,8.2
Ben Brewton,89264,ED,CHATTNOOGA,11,6,0,50.0,0,2,137,1,0,70.1,71.0,54.5,70.6,67.7,59.0,2,18,0,0,1,20.8,5,0,2,56.3,1,8,0,0,0,6,516,515,0,3,481,31,0,1,271,239,0,19,13,3,2,28,0,1,6,1.0
Brian Horn,89268,CB,CITADEL,11,11,1,72.4,0,3,139,1,0,85.7,79.6,91.9,58.7,68.7,88.5,1,3,0,0,33,2.4,1,2,0,100.1,21,0,0,39,20,163,436,134,0,0,132,2,2,302,43,230,240,10,30,3,29,4,1,182,113,8.7
Kyler Estes,89270,LB,CITADEL,11,16,0,77.8,0,0,139,0,0,35.3,38.3,85.1,64.3,41.3,52.5,0,3,0,1,21,17.8,13,0,0,116.7,14,1,0,450,0,185,510,36,0,0,36,0,0,474,31,294,23,17,44,1,18,4,3,145,91,10.4
Caleb Deveaux,89271,S,CITADEL,6,0,0,,0,0,139,0,0,66.9,55.6,78.1,52.1,43.3,57.6,0,0,0,0,,16.7,1,0,0,0.0,0,0,0,29,3,23,55,12,0,0,12,0,3,43,10,22,7,2,5,0,0,0,0,0,0,
J.C. Gaughan,89273,LB,COLGATE,11,6,0,76.5,0,0,142,0,0,59.7,59.5,54.4,65.6,56.6,57.7,1,8,0,0,39,17.5,10,0,1,95.7,26,1,0,189,6,252,543,100,0,0,100,0,0,443,50,241,248,15,41,2,34,10,0,244,166,9.4
Derrick Ray Jr.,89279,DI,PRVIEW A&M,10,9,1,,0,0,270,0,0,67.0,73.9,81.1,62.7,74.4,62.6,0,7,0,0,,16.7,3,0,0,0.0,0,0,0,0,0,0,176,175,11,94,31,39,0,1,85,91,0,5,6,1,0,7,0,0,0,
Brennan Young,89285,LB,HOUCHR,11,29,0,73.3,0,1,183,0,0,74.7,66.9,32.4,68.9,59.4,64.0,5,4,0,0,16,13.0,14,0,3,84.0,22,2,0,689,0,334,748,35,0,0,35,0,2,713,51,363,22,33,65,8,30,11,0,150,91,6.8
Kenton Wilhoit,89289,LB,ILL STATE,11,25,0,81.3,0,1,188,0,0,54.3,57.1,82.9,69.3,54.1,58.7,1,10,0,0,31,16.0,15,1,0,127.7,26,7,0,599,0,270,683,31,0,0,31,0,1,652,76,337,52,39,54,1,32,18,3,229,166,8.8
Tyler Flink,89299,LB,MONTANA,12,5,0,83.3,0,1,232,0,0,50.4,66.1,78.4,64.2,74.5,73.5,2,2,0,1,20,7.7,2,0,0,60.4,5,2,0,126,1,46,170,35,0,0,35,0,0,135,35,89,8,17,19,4,6,6,0,48,36,9.6
Patrick O'Connell,89300,ED,MONTANA,11,20,0,42.9,0,1,232,1,0,78.6,83.0,91.2,85.1,67.5,77.2,15,23,0,2,9,9.2,6,1,0,14.3,3,11,0,256,1,98,608,344,0,0,343,1,2,264,244,266,5,29,39,3,7,49,0,27,19,9.0
Jahsun Bryant,89302,LB,TENN STATE,11,17,0,73.1,0,1,308,1,0,53.2,64.7,0.0,56.7,76.3,67.1,1,8,0,2,28,13.8,12,0,3,62.3,19,1,0,602,1,307,627,10,0,0,10,0,1,617,37,283,13,37,58,4,26,10,1,116,89,6.1
Terry Straughter,89303,LB,TENN STATE,9,3,0,80.0,0,0,308,0,0,68.5,62.4,80.7,55.6,57.1,67.9,0,0,0,0,9,9.7,3,0,0,80.8,4,0,0,192,1,76,209,8,0,0,8,0,1,201,5,128,6,12,25,1,5,0,0,17,27,4.3
Brayden Adams,89320,LB,MCNEESE,9,4,0,66.7,0,0,217,0,0,53.7,45.5,78.7,53.5,44.4,49.0,0,3,0,0,15,21.1,4,0,0,136.1,2,1,0,173,0,58,176,3,0,0,3,0,0,173,14,104,0,5,11,0,3,4,1,28,20,14.0
Janathian Turner,89324,DI,GARD-WEBB,13,12,1,100.0,0,0,171,0,0,63.5,70.8,69.7,66.6,69.9,65.7,5,16,0,0,6,9.1,3,0,1,91.7,1,4,0,1,0,0,607,605,42,390,17,156,0,2,357,250,0,15,18,2,1,25,0,6,2,6.0
Raymond Horton,89329,DI,AUSTINPEAY,11,6,0,,0,0,116,0,0,55.1,55.9,42.8,56.1,58.4,65.0,0,6,0,0,,9.1,1,0,2,0.0,0,1,0,0,0,2,367,367,336,30,0,1,0,0,179,186,0,4,4,1,0,7,0,0,0,
Zach Hayes,89419,WR,MCNEESE,1,0,0,,0,0,217,0,0,,60.0,60.0,,60.0,,0,0,0,0,,,0,0,0,0.0,0,0,0,0,0,0,1,0,0,0,0,0,0,1,0,1,0,0,0,0,0,0,0,0,0,
Garrett Graves,89420,S,MONTANA,12,4,0,50.0,0,1,232,0,0,83.1,80.6,29.3,70.2,72.7,72.5,1,2,0,2,33,11.1,4,5,2,38.3,11,1,0,121,9,220,382,9,0,0,9,0,172,373,12,150,71,10,28,5,22,4,0,171,59,15.5
Nash Fouch,89460,S,MONTANA,13,18,0,56.1,1,0,232,0,0,74.8,74.6,58.0,52.9,73.4,91.0,1,0,0,1,45,4.2,3,5,1,97.4,23,0,0,180,13,401,771,31,0,0,31,0,291,740,12,358,256,16,51,2,41,1,4,258,124,11.2
David Koppang,89462,S,MONTANA,5,0,0,,0,0,232,0,0,64.6,65.8,75.2,,64.8,,0,0,0,0,,,0,0,0,0.0,0,0,0,15,1,17,39,1,0,0,1,0,15,38,0,22,7,0,0,0,0,0,0,0,0,
Nkem Njoku,89466,WR,CITADEL,2,0,0,,0,0,139,0,0,,60.0,60.0,,60.0,,0,0,0,0,,,0,0,5,0.0,0,0,0,0,0,0,2,0,0,0,0,0,0,2,0,2,0,0,0,0,0,0,0,0,0,
Joseph Vaughn,90131,LB,YALE,8,9,0,76.0,0,0,352,0,0,62.6,71.9,85.2,67.3,79.9,62.0,0,6,1,1,28,14.6,7,1,0,90.4,19,1,0,399,0,277,458,37,0,0,37,0,5,421,39,142,17,21,32,4,25,7,1,170,116,8.9
Andrew Ogletree,90393,DI,ALABAMA ST,11,10,3,100.0,1,0,105,1,0,62.6,62.1,40.0,64.4,59.7,58.4,0,10,0,0,11,13.0,3,0,2,112.5,1,4,0,2,0,0,402,400,15,364,13,8,0,2,221,181,0,11,10,1,1,14,0,11,17,11.0
Caleb Brunson,90403,S,MS VLY ST,11,4,0,80.8,0,0,228,0,0,34.8,44.1,87.4,60.0,70.3,75.7,0,0,0,0,37,9.1,3,0,1,124.0,21,0,0,92,1,271,464,0,0,0,0,0,232,464,1,192,138,5,26,0,26,0,1,278,133,13.2
Deione Reed,90425,LB,MS VLY ST,11,21,0,56.3,0,1,228,0,0,55.2,53.9,0.0,51.3,59.1,43.0,3,3,0,0,36,19.0,15,0,3,75.5,9,1,0,418,0,234,485,23,0,0,23,0,0,462,23,228,42,20,43,3,16,7,0,102,78,11.3
Sebastian Conwell,90709,LB,PRESBYTERN,11,14,0,64.7,0,0,271,1,0,48.6,44.1,54.1,56.7,43.9,51.2,4,6,0,0,40,20.8,11,2,1,119.2,11,1,0,636,1,279,674,5,0,0,4,1,0,669,58,337,31,18,28,0,17,11,1,178,137,16.2
Joseph White,90870,S,NORFOLK,11,12,0,64.7,0,0,244,0,0,67.4,72.4,87.5,57.8,80.0,82.9,0,0,0,2,31,7.5,3,1,0,64.5,11,0,0,61,3,230,485,10,0,0,10,0,316,475,4,251,95,8,25,3,17,0,1,116,74,10.5
Danny Morales,91087,S,DRAKE,6,6,0,69.2,0,0,153,0,0,63.0,68.1,85.3,59.8,76.9,79.7,0,0,0,0,15,9.8,4,0,1,106.3,9,0,0,63,4,169,324,1,0,0,1,0,200,323,1,154,55,12,31,1,13,0,1,65,14,7.2
Ander Johnson,91089,LB,DRAKE,11,20,1,65.6,0,1,153,0,0,73.9,73.6,59.1,57.1,75.5,81.0,0,5,0,1,18,7.9,6,2,1,72.1,21,1,0,347,12,235,611,135,0,0,135,0,2,476,38,338,114,31,50,5,32,6,1,138,112,6.6
Kieran Kohorst,91107,ED,DRAKE,11,8,0,50.0,0,0,153,0,0,57.0,67.2,86.7,54.3,75.8,67.6,0,3,0,0,12,8.7,2,0,0,68.8,1,1,0,0,0,10,472,472,0,24,282,166,0,0,205,257,0,7,13,1,2,4,0,12,10,12.0
Jake Hoper,91108,DI,INDIANA ST,8,2,0,,0,0,191,1,0,,69.1,21.5,68.7,69.4,76.1,1,3,0,0,,16.7,1,0,1,0.0,0,1,0,0,0,0,112,112,0,101,2,9,0,0,57,55,0,2,3,0,0,5,0,0,0,
Stuart Anderson Jr.,91116,S,NORFOLK,11,9,0,76.5,0,1,244,0,0,48.6,51.0,87.3,,55.3,47.0,0,0,0,0,75,20.0,10,0,0,157.4,13,0,0,94,1,169,365,3,0,0,3,0,165,362,0,196,100,10,31,1,17,0,3,212,134,16.3
R.J. Coles,91126,S,NORFOLK,10,16,0,78.9,0,0,244,0,0,60.5,68.2,84.4,57.1,77.7,71.9,0,1,0,1,34,13.7,10,1,0,121.1,15,1,0,217,16,189,438,16,0,0,16,0,121,422,14,235,68,19,47,2,19,2,2,188,95,12.5
D.J. Djonkam,91130,DI,NORFOLK,10,6,0,,0,1,244,0,0,,55.3,47.5,54.1,57.6,55.6,1,3,0,0,,11.1,2,0,1,0.0,0,0,0,0,0,0,234,234,16,205,0,13,0,0,99,135,0,6,10,0,0,4,0,0,0,
Marquis Hall,91136,LB,NORFOLK,11,23,0,85.7,0,1,244,0,0,56.7,61.0,82.1,70.0,60.1,80.9,2,4,0,2,32,7.5,6,0,0,88.1,24,2,0,606,0,274,658,4,0,0,4,0,0,654,47,337,48,22,51,1,28,8,1,264,125,11.0
Brandon Savage,91157,CB,NORFOLK,4,4,0,60.0,0,0,244,0,0,69.7,66.4,80.7,60.0,50.0,61.5,0,0,0,0,34,14.3,3,1,0,125.8,6,0,0,10,175,97,185,0,0,0,0,0,0,185,1,87,0,3,14,1,10,0,2,82,26,13.7
Justin Toler,91167,CB,NORFOLK,4,3,0,70.0,0,0,244,0,0,64.7,61.6,78.0,67.6,45.7,51.4,1,0,0,0,43,20.0,3,0,1,145.0,7,0,0,15,97,59,112,0,0,0,0,0,0,112,3,50,0,2,9,0,10,1,2,108,10,15.4
Shaviaea Williams,91171,S,NORFOLK,5,2,0,77.8,0,0,244,1,0,49.1,58.4,80.2,58.3,76.6,57.0,0,0,0,0,23,19.0,4,0,0,147.5,7,0,0,58,12,63,139,0,0,0,0,0,36,139,2,74,33,5,15,2,9,0,2,89,54,12.7
Ethan Zager,91197,S,DRAKE,4,1,0,,0,0,153,0,0,60.2,64.6,75.6,,67.0,60.8,0,0,0,0,,25.0,1,0,0,0.0,0,0,0,10,0,7,41,2,0,0,2,0,26,39,0,34,2,0,2,0,0,0,0,0,0,
Trey Laing,91245,ED,SOUTHERN U,12,8,2,,0,2,297,1,0,65.7,78.6,14.6,81.7,73.7,50.9,7,15,0,0,,20.9,9,0,5,0.0,0,8,0,1,0,0,507,502,0,0,499,3,0,5,305,202,4,30,26,10,0,30,0,0,0,
Destin Talbert,91251,CB,N DAK ST,15,10,0,61.2,0,1,250,0,0,76.5,77.6,88.2,59.4,78.8,65.3,0,0,0,1,36,12.7,9,5,0,77.7,41,0,0,48,635,422,775,48,0,0,48,0,4,727,16,337,40,18,52,1,67,0,1,416,178,10.1
Jayden Price,91252,CB,N DAK ST,15,3,0,44.0,0,0,250,0,0,64.0,66.1,82.6,57.1,73.6,65.5,0,1,0,0,34,8.7,2,1,1,74.4,11,0,0,16,220,141,252,10,0,0,10,0,1,242,6,105,3,5,18,0,25,1,1,134,35,12.2
Level Price Jr.,91257,CB,MONTANA ST,8,4,0,55.6,0,0,233,2,0,68.6,69.4,83.5,58.9,67.9,76.5,0,0,0,0,20,6.3,1,1,0,75.2,5,0,0,18,0,56,123,21,0,0,21,0,4,102,3,64,78,3,11,1,9,0,0,58,23,11.6
Justis Henley,91261,CB,DELAWARE,13,4,0,47.4,0,0,151,0,0,68.4,73.0,86.3,59.7,84.7,73.1,0,0,0,0,48,10.3,4,7,0,78.9,18,1,0,89,526,287,653,25,0,0,25,0,4,628,7,359,9,12,31,3,38,1,1,261,82,14.5
Brandon Dennis,91262,CB,DELAWARE,3,0,0,,0,0,151,0,0,63.7,60.0,74.5,,53.6,,0,0,0,0,,,0,0,0,0.0,0,0,0,1,0,6,18,0,0,0,0,0,2,18,0,12,15,0,0,0,0,0,0,0,0,
Amonte Strothers,91263,CB,DELAWARE,13,4,0,51.1,0,1,151,0,0,73.6,70.7,14.0,64.4,63.9,48.0,0,1,0,1,19,20.9,9,3,3,66.9,24,1,0,79,521,276,625,21,0,0,21,0,0,604,8,341,4,11,30,3,47,2,2,191,94,8.0
Joe Zubillaga,91265,S,DELAWARE,1,4,0,100.0,0,0,151,0,0,45.9,55.5,0.0,,65.8,52.2,0,0,0,0,43,23.1,3,0,1,118.8,1,0,0,43,0,9,66,9,0,0,9,0,6,57,0,57,8,4,6,0,1,0,0,43,17,43.0
Bartholomew Ogbu,91280,DI,N DAKOTA,9,3,0,,0,0,249,0,0,61.4,51.9,22.5,57.2,50.3,26.5,0,3,0,0,,33.3,3,0,1,0.0,0,0,0,0,0,0,117,116,4,53,25,34,0,1,68,49,1,2,3,1,0,3,0,0,0,
Tony Pierce Jr.,91281,ED,N DAK ST,13,7,0,0.0,0,0,250,1,0,64.6,77.6,87.0,73.0,74.0,38.6,1,18,0,0,,26.1,6,0,0,39.6,0,4,0,3,0,3,422,419,0,4,386,29,0,3,231,188,0,7,10,0,1,23,0,0,0,
Todd Payne,91291,ED,IDAHO ST,11,7,0,100.0,0,0,186,1,0,52.9,59.4,58.4,60.0,60.9,51.1,0,8,0,0,6,22.2,4,0,1,91.7,1,1,0,0,0,4,290,290,0,0,263,27,0,0,147,139,0,4,7,1,1,9,0,6,1,6.0
Jordan Morris,91297,DI,DELAWARE,12,6,0,,0,0,151,0,0,,63.1,83.8,55.3,64.9,52.7,1,1,0,0,,16.7,2,0,0,0.0,0,0,0,0,0,0,168,168,153,11,2,2,0,0,64,104,0,4,4,0,0,2,0,0,0,
Tommy Walsh,91299,ED,DELAWARE,13,12,0,,0,0,151,0,0,66.7,73.6,64.8,58.1,76.9,41.8,4,3,0,0,,21.6,8,0,1,0.0,0,2,0,0,0,1,461,461,2,66,142,251,0,0,165,295,0,15,17,4,0,9,0,0,0,
Drew Beddingfield,91303,DI,N ALABAMA,7,1,0,,0,0,389,0,0,,50.5,78.3,57.8,49.4,56.4,0,0,0,0,,14.3,1,0,0,0.0,0,0,0,0,0,0,75,75,13,61,0,1,0,0,15,60,0,5,5,0,0,0,0,0,0,
Keenan Wolf,91312,LB,MOREHEAD,10,10,0,79.2,0,0,234,2,0,46.3,51.9,84.8,54.0,56.3,44.6,1,2,0,0,38,19.3,11,0,0,95.3,19,0,0,321,0,173,428,104,0,0,104,0,0,324,34,221,3,19,36,2,24,3,0,165,161,8.7
Jake Kava,91332,ED,N DAK ST,6,1,1,,0,0,250,0,0,65.8,80.6,81.7,74.3,75.3,69.6,1,5,0,0,,10.0,1,0,0,0.0,0,2,0,0,0,2,133,132,1,3,121,7,0,1,69,62,1,7,8,2,0,8,0,0,0,
Jory Choate,91333,LB,MONTANA ST,7,0,0,100.0,0,0,233,1,1,54.0,58.9,79.7,45.9,72.6,30.8,0,1,0,0,4,50.0,2,0,0,79.2,2,0,0,28,0,16,37,1,0,0,1,0,0,36,2,19,3,2,2,0,2,1,0,4,14,2.0
Nolan Askelson,91334,LB,MONTANA ST,11,5,1,75.0,0,0,233,0,0,72.7,78.6,34.8,89.7,76.9,62.7,1,4,0,1,36,14.5,9,1,1,87.6,24,1,0,337,3,205,392,3,0,0,3,0,1,389,20,167,42,27,48,2,32,6,1,197,140,8.2
Liam Trainer,91337,LB,DELAWARE,13,20,0,50.0,0,0,151,1,0,73.6,76.8,48.1,67.3,72.7,71.6,2,3,0,1,4,11.5,9,0,1,16.7,2,2,0,469,0,114,500,29,0,0,29,0,0,471,60,326,2,36,49,3,4,7,0,7,11,3.5
Johnny Buchanan,91339,LB,DELAWARE,13,39,0,100.0,0,1,151,0,0,79.0,87.3,60.8,63.4,86.2,91.2,2,15,0,0,24,6.9,9,0,1,99.4,13,1,0,607,1,214,715,77,0,0,73,4,4,638,101,400,26,47,82,6,13,18,0,102,36,7.8
Kedrick Whitehead,91341,S,DELAWARE,13,16,0,46.2,0,1,151,1,0,81.0,83.9,89.9,72.7,83.7,87.6,0,3,0,2,58,7.7,6,5,0,56.6,18,1,0,209,6,328,753,31,0,0,31,0,142,722,11,414,365,24,56,1,39,4,1,270,81,15.0
Drew Nickles,91343,LB,DELAWARE,13,16,3,54.5,0,0,151,2,0,76.1,86.3,89.5,81.3,82.7,74.9,5,21,0,2,19,12.3,7,2,0,22.3,6,2,0,247,1,132,574,275,0,0,269,6,1,299,129,313,50,28,34,3,11,28,0,38,29,6.3
Anthony Toro,91345,ED,DELAWARE,6,6,0,,0,0,151,0,0,65.1,66.3,47.7,64.8,64.9,60.0,0,11,0,0,,12.5,2,0,1,0.0,0,2,0,1,0,4,235,234,0,43,85,106,0,1,93,138,0,8,8,1,0,13,0,0,0,
Jakob Cummings,91349,LB,N ALABAMA,8,7,0,93.8,0,0,389,0,0,56.6,48.9,80.7,72.7,40.7,27.4,3,2,0,0,36,32.7,17,0,0,121.6,15,2,0,302,1,113,322,7,0,0,7,0,0,315,21,188,12,18,28,1,16,7,1,131,83,8.7
Dustin Grein,91354,ED,CAL POLY,6,10,0,100.0,0,1,129,0,0,66.2,78.9,26.0,79.3,76.1,56.1,1,7,0,0,8,17.6,6,0,2,118.8,2,3,0,5,0,19,257,251,0,0,236,15,0,6,126,112,1,16,18,3,2,11,1,5,0,2.5
Corey Thomas,91355,S,CAL POLY,1,0,0,100.0,0,0,129,0,0,54.3,46.5,72.1,,58.1,28.5,0,0,0,0,17,50.0,1,0,0,112.5,2,0,0,3,0,7,10,0,0,0,0,0,5,10,0,3,2,0,1,0,2,0,0,22,13,11.0
Noah Plack,91394,S,DELAWARE,13,26,1,56.5,0,1,151,1,0,49.4,60.2,55.1,57.1,73.0,54.1,4,7,0,0,37,20.2,24,1,2,116.9,13,0,0,376,2,318,760,19,0,0,19,0,299,741,25,417,64,30,69,0,23,11,2,214,110,16.5
Jeffery Battle,91422,S,N ALABAMA,11,18,0,81.0,0,1,389,0,0,64.8,63.9,86.0,,61.0,56.4,0,0,0,0,18,18.5,17,1,0,127.0,17,0,0,269,31,314,675,3,0,0,3,0,319,672,0,361,53,18,57,1,21,0,2,144,76,8.5
James Kaczor,91426,LB,N DAK ST,14,25,0,84.2,0,0,250,0,0,55.5,57.8,85.2,73.0,54.5,46.6,2,4,0,1,44,20.0,25,1,0,114.7,32,6,0,552,3,356,739,45,0,0,45,0,5,694,49,334,134,31,75,2,38,12,2,378,209,11.8
Derryk Snell,91428,TE,MONTANA ST,1,0,0,,0,0,233,0,0,,60.0,60.0,,60.0,,0,0,0,0,,,0,0,4,0.0,0,0,0,0,0,0,2,0,0,0,0,0,0,2,0,2,0,0,0,0,0,0,0,0,0,
Zach Mathis,91437,WR,N DAK ST,1,0,0,,0,0,250,0,0,,60.0,60.0,,60.0,,0,0,0,0,,0.0,0,0,0,0.0,0,0,0,0,0,0,1,0,0,0,0,0,0,1,0,1,0,1,1,1,0,0,0,0,0,
Michael Irons,91533,CB,TARLETON,11,7,0,40.4,0,0,401,0,0,78.6,76.2,85.6,59.1,60.9,58.1,0,1,0,0,31,17.3,9,12,2,54.4,19,1,0,60,650,369,718,1,0,0,1,0,5,717,18,331,1,10,36,0,47,2,0,210,37,11.1
Isaiah Hogan,91535,S,CAL POLY,10,2,0,83.3,0,2,129,0,0,49.3,52.6,83.3,63.0,56.4,52.5,0,1,0,0,54,22.2,6,0,1,158.3,10,0,0,58,1,108,267,3,0,0,3,0,125,264,1,158,80,4,19,1,12,1,3,165,69,16.5
Hunter Nichols,91542,S,SAN DIEGO,10,13,0,52.3,1,1,283,1,0,74.4,72.7,52.1,69.2,65.9,48.5,1,0,0,1,50,24.1,21,6,1,97.1,23,0,0,216,2,374,654,9,0,0,9,0,205,645,5,275,221,21,53,5,44,1,2,483,192,21.0
Joshua Hong,91547,S,SAN DIEGO,9,5,0,55.6,0,0,283,0,0,69.1,64.1,85.4,51.8,53.5,33.0,0,2,1,2,42,30.4,17,2,0,93.0,15,0,0,245,3,320,582,12,0,0,12,0,100,570,15,247,222,13,34,1,27,2,3,249,122,16.6
Demetrius Harris,91549,S,CORNELL,10,7,0,50.0,0,2,147,1,0,48.3,60.6,88.4,54.5,89.2,61.0,0,0,0,1,50,16.3,8,5,0,86.2,23,0,0,149,5,306,564,20,0,0,20,0,193,544,5,253,197,11,34,0,46,0,3,329,125,14.3
Aaron Harris,91554,CB,MO STATE,10,3,0,60.9,1,0,230,0,0,53.0,56.0,21.0,62.7,68.4,58.9,1,1,0,0,39,17.6,3,1,1,82.0,14,0,0,32,9,172,293,25,0,0,25,0,58,268,15,106,169,4,11,0,23,2,0,161,112,11.5
Max Lundeen,91591,ED,CORNELL,10,5,3,,0,2,147,0,0,66.6,72.4,58.2,69.5,69.6,47.7,1,12,0,0,,16.7,3,0,1,0.0,0,3,0,1,0,1,345,344,2,96,112,134,0,1,195,149,0,11,10,1,0,16,0,0,0,
Joe Shepard,91595,ED,CORNELL,5,0,0,,0,0,147,0,0,,52.2,75.8,58.1,50.6,73.4,0,0,0,0,,0.0,0,0,0,0.0,0,0,0,0,0,0,32,32,0,4,19,9,0,0,15,17,0,1,2,0,0,0,0,0,0,
Jaylyn Rogers,91604,DI,TENN MARTN,11,7,0,,0,0,310,2,0,58.2,58.5,85.0,55.0,60.4,57.6,7,3,0,0,,17.4,4,0,0,0.0,0,3,0,3,0,1,535,532,82,191,13,246,0,3,289,245,0,9,12,2,0,13,0,0,0,
Muhindo Kapapa,91611,ED,SAN DIEGO,10,6,2,100.0,1,2,283,0,0,63.6,74.1,46.5,78.1,66.0,67.3,1,43,0,0,10,13.3,4,1,3,108.3,1,9,0,0,0,13,663,663,0,2,592,69,0,0,376,274,0,23,20,3,1,53,0,10,3,10.0
Eric Diggs,91769,S,STETSON,3,1,0,50.0,0,0,302,0,0,64.7,63.0,79.2,58.7,57.2,47.2,0,0,0,0,8,33.3,2,0,0,59.4,2,0,0,19,0,48,80,9,0,0,9,0,17,71,2,30,35,2,3,0,4,0,0,15,11,7.5
Deshaun Harvey,91777,S,SAN DIEGO,6,1,0,50.0,0,0,283,0,0,51.6,50.7,0.0,,55.4,29.1,0,0,0,1,27,35.3,6,1,3,42.2,8,0,0,34,1,127,175,2,0,0,2,0,90,173,0,48,47,5,10,1,16,0,0,94,38,11.8
David Ambagtsheer,91779,LB,SAN DIEGO,4,4,1,66.7,0,0,283,0,0,72.8,72.1,85.4,53.6,72.0,90.4,0,1,0,1,9,0.0,0,0,0,33.8,6,0,0,164,1,118,271,66,0,0,66,0,0,205,34,119,40,11,29,1,9,1,0,34,33,5.7
Jayden Dawson,94980,CB,MONTANA,13,9,0,51.0,1,0,232,0,0,76.3,71.8,84.7,51.4,53.6,55.8,1,1,0,1,36,17.8,8,5,4,64.7,25,0,0,63,468,290,553,15,0,0,15,0,2,538,9,254,5,10,28,1,49,2,1,256,49,10.2
Mark Aitken,97088,CB,E ILLINOIS,9,3,0,54.5,0,0,158,0,0,61.7,63.1,83.6,59.5,67.3,70.8,0,0,0,1,29,11.1,2,2,0,90.7,12,0,0,36,242,205,355,1,0,0,1,0,53,354,1,149,23,5,13,1,22,0,2,168,35,14.0
Chandler Whitfield,97111,WR,SOUTHERN U,1,0,0,,0,0,297,0,0,60.0,62.4,60.0,,,,0,0,0,0,,,0,0,0,0.0,0,0,0,0,0,1,1,0,0,0,0,0,0,1,0,0,0,0,0,0,0,0,0,0,0,
Randy Jordan,97138,CB,RHODE ISLD,8,0,0,50.0,0,0,274,0,0,67.1,69.1,77.1,58.6,72.4,49.1,0,0,0,0,20,25.0,1,0,0,85.4,1,0,0,6,3,35,47,0,0,0,0,0,1,47,1,11,36,2,3,0,2,0,0,20,14,20.0
Allen Smith,97148,CB,N ALABAMA,10,2,0,44.4,0,1,389,0,0,64.0,65.7,83.7,65.8,66.0,46.0,0,3,0,0,15,25.0,3,1,0,52.1,4,1,0,12,5,72,157,5,0,0,5,0,4,152,6,79,131,3,7,0,9,4,0,28,21,7.0
Jahkeel Reef,97227,CB,ALAB A&M,8,3,0,38.9,0,1,104,0,0,65.9,67.5,80.2,,70.8,51.2,0,0,0,0,39,20.0,2,3,0,81.3,7,0,0,5,132,81,139,1,0,0,1,0,0,138,0,58,1,1,5,0,18,0,1,122,62,17.4
Marcus Harris,97230,CB,IDAHO,12,9,0,50.0,0,1,185,1,1,85.0,86.7,87.3,65.2,84.5,82.8,1,1,1,2,78,5.6,3,10,0,75.1,26,0,0,15,662,364,702,20,0,0,20,0,1,682,8,330,3,12,42,2,52,2,2,431,114,16.6
Caleb Blake,97240,CB,MO STATE,9,3,0,73.1,0,0,230,0,0,69.1,66.8,0.0,,68.7,77.5,0,0,0,0,64,6.5,2,2,3,114.7,19,0,0,22,332,204,360,2,0,0,2,0,0,358,0,156,4,8,26,1,26,0,1,243,109,12.8
Woo Governor,97349,CB,N IOWA,11,8,0,70.5,1,0,255,0,0,68.7,68.9,0.0,58.7,80.3,75.6,0,0,2,4,32,9.2,6,3,5,72.3,31,0,0,64,626,399,718,18,0,0,18,0,8,700,4,315,2,13,51,2,44,0,2,361,143,11.6
Shi'heem Watkins,97355,S,MERCER,10,9,0,20.0,0,1,219,0,0,80.4,73.2,4.4,59.4,63.1,60.1,0,0,0,1,15,17.2,5,3,2,0.0,2,0,0,116,3,111,232,7,0,0,7,0,73,225,1,120,33,6,15,0,10,0,0,17,1,8.5
Jeremiah Josephs,97357,S,DUQUESNE,8,4,0,78.9,1,1,155,1,0,63.4,65.6,30.9,78.0,64.4,51.8,0,2,0,2,48,22.4,11,2,2,114.3,15,1,0,88,12,174,360,33,0,0,33,0,87,327,20,166,140,13,34,5,19,3,2,253,92,16.9
Marquez Beason,97360,CB,ALAB A&M,9,1,0,56.3,0,0,104,0,0,57.7,57.9,83.3,60.0,57.0,67.0,0,0,0,0,63,11.8,2,6,0,110.7,18,0,0,11,257,189,295,1,0,0,1,0,0,294,1,105,25,3,14,0,32,0,2,314,96,17.4
Jaylen DeCoteau,97362,S,SACR HEART,5,1,0,50.0,0,0,280,0,0,56.4,57.6,77.0,58.8,60.8,81.9,0,0,0,0,7,0.0,0,0,0,58.3,1,0,0,12,0,17,37,4,0,0,4,0,11,33,2,18,10,1,4,0,2,0,0,7,-5,7.0
A.J. Phillips,97378,LB,N ALABAMA,11,15,0,75.0,0,0,389,0,0,63.0,56.2,80.6,65.4,51.0,57.8,1,0,0,0,30,17.0,9,1,0,139.9,9,1,0,292,0,115,295,0,0,0,0,0,0,295,5,175,3,16,29,1,12,2,2,103,81,11.4
Cam Sims,97479,CB,MERCER,11,9,0,37.5,0,0,219,0,0,85.8,83.6,29.0,,71.8,70.5,0,0,1,2,29,13.2,5,4,1,33.8,15,0,0,37,389,254,429,0,0,0,0,0,0,429,0,175,2,7,24,1,40,0,1,124,63,8.3
Kieran Clark,97480,CB,N ARIZONA,2,2,0,100.0,0,0,252,0,0,43.6,46.8,77.2,,66.8,80.5,0,0,0,0,24,0.0,0,0,0,158.3,5,0,0,2,63,37,67,0,0,0,0,0,2,67,0,30,0,0,3,0,5,0,2,77,35,15.4
Devin Bush,97493,CB,GRAMBLING,1,0,0,0.0,0,0,177,0,0,61.1,61.8,68.2,,60.0,,0,0,0,0,,,0,0,0,39.6,0,0,0,0,3,2,3,0,0,0,0,0,0,3,0,1,0,0,0,0,1,0,0,0,0,
Tyler Judson,97496,S,SOUTHERN U,10,5,0,70.0,0,0,297,0,0,64.5,62.0,0.0,,59.8,60.0,0,0,0,1,16,19.0,4,0,2,45.0,7,0,0,20,0,96,169,0,0,0,0,0,115,169,0,73,33,4,12,0,10,0,0,58,25,8.3
Thomas Joe-Kamara,97527,S,MONMOUTH,11,5,0,65.5,0,0,231,0,0,61.7,59.7,41.3,70.3,55.9,55.9,0,1,0,1,73,19.7,13,3,2,123.6,19,0,0,163,13,274,513,20,0,0,20,0,236,493,4,235,81,14,48,0,29,1,3,326,149,17.2
Malik Pertee,97673,DI,ALAB A&M,8,0,0,,0,0,104,0,0,,51.4,78.9,56.3,47.8,72.2,0,2,0,0,,0.0,0,0,0,0.0,0,0,0,0,0,0,108,107,5,98,3,1,0,1,70,38,0,1,2,0,0,2,0,0,0,
Ryan Melton,97682,CB,AUSTINPEAY,4,0,0,100.0,0,0,116,0,0,65.9,67.7,75.3,60.0,68.7,78.2,1,0,0,0,6,0.0,0,0,0,91.7,1,0,0,4,29,10,36,0,0,0,0,0,1,36,1,25,2,1,3,0,1,1,0,6,0,6.0
Clayton Bush,97688,S,S ILLINOIS,11,5,0,64.3,0,0,295,0,0,64.4,62.9,0.0,77.8,70.0,64.8,0,0,0,1,38,16.4,9,2,5,108.9,18,1,0,99,2,325,558,5,0,0,5,0,372,553,1,232,80,8,41,0,28,1,3,218,70,12.1
Mateo Sudipo,97698,S,W CAROLINA,11,18,0,45.5,0,0,344,0,0,64.0,64.5,84.5,61.5,63.8,51.4,0,2,0,0,34,21.0,13,4,0,82.8,15,1,0,269,9,284,558,12,0,0,12,0,139,546,10,264,129,11,31,1,33,3,2,179,49,11.9
Dylan Emery,97699,S,N COLORADO,4,2,0,100.0,0,0,253,0,0,75.7,77.3,77.2,59.1,73.3,81.5,0,0,0,0,4,0.0,0,0,0,79.2,2,0,0,18,4,22,49,2,0,0,2,0,2,47,1,26,23,1,3,0,2,0,0,5,11,2.5
Olyfride Okombi,97748,ED,TOWSON,8,7,0,,0,0,317,0,0,50.8,76.8,84.3,70.7,79.0,85.5,2,7,0,0,,0.0,0,0,1,0.0,0,3,0,0,0,1,236,233,0,23,137,73,0,3,132,103,1,13,15,0,0,12,0,0,0,
Mark Davis,97886,CB,S ILLINOIS,8,0,0,75.0,0,0,295,0,0,59.8,57.8,81.1,59.4,47.7,72.9,0,0,0,0,30,7.7,1,1,1,148.7,12,0,0,16,173,120,198,5,0,0,5,0,1,193,1,77,3,4,12,0,16,0,4,171,42,14.3
Jaylon Sharpe,97906,ED,TENN MARTN,7,1,0,50.0,0,0,310,0,0,59.2,68.9,81.1,62.0,74.6,66.1,1,3,0,0,3,14.3,1,0,0,56.3,1,0,0,34,1,25,94,58,0,1,57,0,0,36,29,40,1,3,5,1,2,4,0,3,3,3.0
Lloyd Murray,97951,DI,SM HOUSTON,7,1,0,,0,0,281,0,0,,63.8,78.9,58.9,65.8,72.2,0,1,0,0,,0.0,0,0,0,0.0,0,0,0,0,0,0,90,90,26,63,1,0,0,0,56,34,0,0,1,0,0,1,0,0,0,
Miles Dickens,97971,ED,NWSTATE,9,1,0,,0,0,257,0,0,64.0,60.7,28.6,54.0,68.7,78.0,0,2,0,0,,0.0,0,0,1,0.0,0,1,0,14,0,11,134,120,0,1,113,6,0,14,62,61,0,2,2,0,0,3,0,0,0,
Malachi Burby,97978,ED,RHODE ISLD,11,6,0,,0,0,274,0,0,66.2,52.2,83.7,57.9,44.3,44.6,2,11,0,0,,20.0,5,0,0,0.0,0,2,0,0,0,0,350,350,9,103,99,139,0,0,169,181,0,12,14,0,0,15,0,0,0,
Desmond Barkley,98114,DI,W CAROLINA,2,0,0,,0,0,344,0,0,,52.2,71.7,53.9,55.1,28.1,0,1,0,0,,50.0,1,0,0,0.0,0,0,0,0,0,0,12,12,0,12,0,0,0,0,2,10,0,1,1,0,0,1,0,0,0,
Richie Hagarty,98121,ED,S ILLINOIS,10,7,0,,0,1,295,0,0,52.3,82.6,25.0,86.5,76.7,46.4,4,23,0,0,,24.1,7,0,3,0.0,0,7,0,1,0,1,403,402,0,13,283,106,0,1,242,160,0,17,15,2,0,34,0,0,0,
Isaiah Abdullah,98127,LB,TENN MARTN,5,2,0,66.7,0,0,310,0,0,60.3,61.5,78.3,55.5,64.4,79.7,0,0,0,0,22,0.0,0,0,0,99.3,2,0,0,43,0,31,52,4,0,0,4,0,1,48,5,16,4,2,3,1,3,0,0,30,31,15.0
Colt Jennings,98136,ED,ST FRANCIS,12,5,0,100.0,0,0,299,1,0,63.6,68.1,83.9,63.1,67.3,81.1,1,1,0,0,8,0.0,0,0,0,100.0,1,0,0,24,0,13,114,87,1,0,86,0,0,27,31,70,2,1,3,0,1,2,0,8,0,8.0
Davon Bomar,98149,ED,STNY BROOK,8,7,1,66.7,0,0,303,0,0,44.5,70.8,85.7,69.8,74.4,62.3,1,2,0,0,21,17.4,4,0,0,93.1,4,0,0,7,0,17,245,238,0,4,218,16,0,7,98,130,0,9,12,1,6,3,0,51,23,12.8
Jorell Baum,98174,DI,CAMPBELL,2,1,0,,0,0,131,0,0,,62.4,71.3,57.6,63.7,71.3,0,0,0,0,,0.0,0,0,0,0.0,0,0,0,0,0,0,14,14,0,9,0,5,0,0,7,7,0,0,0,0,0,0,0,0,0,
Steven Parker,98308,ED,INCAR WORD,14,8,0,80.0,0,0,189,1,0,54.4,81.9,87.8,87.8,72.1,42.0,9,27,0,0,16,23.8,10,1,1,95.0,4,8,0,2,1,27,458,454,0,6,433,15,0,4,230,201,0,25,24,3,5,44,0,34,29,8.5
Dorian Wesley,98338,DI,ALAB A&M,11,6,0,,0,0,104,0,0,57.1,61.8,37.0,56.4,67.9,57.1,0,5,0,0,,12.5,3,0,3,0.0,0,2,0,4,0,2,553,549,43,485,5,16,0,4,302,249,0,14,15,4,0,7,0,0,0,
David Reynolds,98347,ED,E KENTUCKY,9,4,0,,0,0,159,0,0,,62.9,15.6,66.7,62.2,77.7,2,2,0,0,,0.0,0,0,1,0.0,0,0,0,0,0,0,99,99,0,18,27,54,0,0,43,56,0,1,2,0,0,4,0,0,0,
Colby Warkentin,98437,DI,ABILENE CH,5,0,0,,0,0,100,0,0,,56.9,70.8,64.8,53.3,69.7,1,0,0,0,,0.0,0,0,0,0.0,0,0,0,0,0,0,11,10,0,9,0,1,0,1,6,5,0,1,1,0,0,1,0,0,0,
Shilo Sanders,98838,S,JACKSON ST,7,2,0,41.2,0,0,194,0,0,73.5,62.5,0.0,,44.2,36.7,0,0,0,1,27,27.3,6,3,4,29.3,7,0,0,62,4,183,349,6,0,0,6,0,137,343,0,166,139,4,14,0,17,0,0,71,30,10.1
Stacy Brown,98892,S,PRVIEW A&M,5,8,0,84.6,0,0,270,0,0,60.9,59.7,83.9,,55.9,57.0,0,0,0,0,19,19.4,7,1,0,146.0,11,0,0,45,0,135,257,0,0,0,0,0,174,257,0,122,37,2,21,0,13,0,2,124,44,11.3
Aidan Harrison,98894,LB,W ILLINOIS,7,5,0,55.6,0,0,345,0,0,57.6,55.2,0.0,64.1,55.5,65.6,2,1,0,0,12,11.1,2,0,1,69.7,5,0,0,136,0,50,141,4,0,0,4,0,0,137,18,73,1,3,11,1,9,3,0,46,18,9.2
Moses Douglass,98899,S,ALAB A&M,10,8,0,52.6,0,0,104,1,0,63.8,65.7,85.5,60.0,67.0,58.8,2,2,0,2,30,16.7,12,1,1,59.9,10,0,0,197,8,317,578,14,0,0,14,0,322,564,20,241,36,13,52,2,19,4,1,164,55,16.4
Trenton Townsend,98939,DI,N ALABAMA,2,0,0,,0,0,389,0,0,,63.7,69.6,60.0,62.4,,0,0,0,0,,,0,0,0,0.0,0,0,0,0,0,0,6,6,0,5,0,1,0,0,1,5,0,0,0,0,0,0,0,0,0,
King Mwikuta,98997,ED,JACKSON ST,3,0,0,,0,0,194,0,0,60.7,61.4,70.1,,59.9,,0,0,0,0,,,0,0,0,0.0,0,0,0,1,1,2,7,3,0,0,2,1,0,4,0,5,1,0,0,0,0,0,0,0,0,
Will Rogers,99042,DI,MCNEESE,11,4,0,,0,0,217,0,0,60.0,51.3,85.9,58.8,46.0,39.3,1,3,0,0,,15.4,2,0,0,0.0,0,0,0,0,0,0,450,450,244,203,0,3,0,0,211,239,0,5,7,0,0,4,0,0,0,
Brandon Hubicz,99196,TE,NICHOLLS,1,0,0,,0,0,243,0,0,60.0,62.4,60.0,,,,0,0,0,0,,,0,0,0,0.0,0,0,0,0,0,1,1,0,0,0,0,0,0,1,0,0,0,0,0,0,0,0,0,0,0,
Ty James,99232,WR,MERCER,1,0,0,,0,0,219,0,0,60.0,62.4,60.0,,,,0,0,0,0,,,0,0,2,0.0,0,0,0,0,0,1,1,0,0,0,0,0,0,1,0,0,0,0,0,0,0,0,0,0,0,
Kym'Mani King,99282,CB,FL A&M,9,5,0,73.9,0,1,164,0,0,61.4,61.7,83.8,64.1,59.6,67.7,0,0,0,0,27,13.3,4,0,1,123.8,17,0,0,50,14,199,284,2,0,0,2,0,2,282,5,80,215,8,21,4,23,0,2,172,62,10.1
Mason Cassady,99288,CB,STTHOM,8,0,0,60.0,0,0,1129,0,0,61.4,63.9,81.0,54.6,74.1,43.0,0,0,0,1,42,23.1,3,1,0,84.6,9,0,0,16,11,77,116,1,0,0,1,0,22,115,3,36,66,6,10,1,15,0,1,137,59,15.2
Tre'Jon Lewis,99334,ED,E ILLINOIS,11,3,0,,0,1,158,1,0,63.2,53.7,21.6,55.6,55.3,29.9,1,8,0,0,,21.4,6,0,3,0.0,0,1,0,0,0,2,378,376,27,83,162,104,0,2,181,195,0,19,19,6,0,10,0,0,0,
De'Gabriel Floyd,99367,CB,ALAB A&M,7,3,0,64.3,0,0,104,0,0,53.4,59.5,82.1,59.6,80.6,72.2,0,0,0,0,21,13.6,3,2,1,108.3,9,0,0,36,162,141,254,1,0,0,1,0,48,253,1,112,7,6,16,1,14,0,1,97,40,10.8
Aric Horne,99389,LB,FL A&M,2,0,0,,0,0,164,0,0,63.3,63.9,70.2,60.0,60.0,,0,0,0,0,,,0,0,0,0.0,0,0,0,13,0,11,15,1,0,0,1,0,0,14,1,3,1,0,0,0,0,0,0,0,0,
D.J. Pratt,99657,CB,MORGAN ST,10,2,0,42.9,0,0,235,0,0,56.2,59.5,79.5,,71.3,80.5,0,0,0,0,8,0.0,0,0,1,51.5,3,0,0,4,97,51,107,3,0,0,3,0,1,104,0,56,1,2,3,1,7,0,0,23,4,7.7
Dune Smith,99746,LB,S ILLINOIS,7,1,0,75.0,0,0,295,0,0,75.8,74.5,80.4,58.1,70.0,72.7,1,2,0,0,20,11.1,1,1,0,83.3,6,0,0,47,2,111,171,1,0,0,1,0,0,170,6,54,121,2,7,0,8,3,0,36,39,6.0
Hunter Green,99764,CB,CHATTNOOGA,1,0,0,,0,0,137,0,0,61.8,62.8,66.9,,60.0,,0,0,0,0,,,0,0,0,0.0,0,0,0,0,3,2,3,0,0,0,0,0,0,3,0,1,0,0,0,0,0,0,0,0,0,
Justin Ford,99765,CB,MONTANA,13,7,0,50.0,2,0,232,1,0,70.7,70.2,20.7,55.0,71.2,67.3,0,0,0,2,69,17.1,7,5,5,57.9,24,0,0,28,630,371,704,32,0,0,32,0,2,672,4,329,12,11,27,2,48,0,1,283,123,11.8
Cornelius Evans,99797,LB,E KENTUCKY,11,3,0,69.2,0,0,159,0,0,58.6,57.7,86.2,55.8,56.7,71.4,0,0,0,0,19,11.8,2,0,0,109.1,9,0,0,19,0,76,190,42,0,0,42,0,0,148,17,97,129,4,12,0,13,0,1,74,77,8.2
Rico Watson III,99809,ED,ROB MORRIS,10,5,0,45.5,1,1,277,0,0,68.4,67.2,28.6,64.6,68.0,57.7,5,14,0,1,10,15.4,6,0,3,16.5,5,3,0,60,0,66,491,407,0,3,363,41,1,84,177,248,23,24,28,4,11,22,0,38,27,7.6
Tru Thompson,99831,DI,JACKSON ST,4,2,0,,0,0,194,0,0,,78.3,77.9,66.8,78.7,74.6,0,0,0,0,,0.0,0,0,0,0.0,0,0,0,0,0,0,52,52,22,29,0,1,0,0,29,23,0,1,2,0,0,0,0,0,0,
Cooper Dawson,99846,ED,CHARLES SO,8,2,2,,0,0,135,0,0,60.0,72.7,80.9,65.2,74.6,78.4,1,1,0,0,,0.0,0,0,0,0.0,0,2,0,0,0,1,124,124,0,0,97,27,0,0,69,54,0,5,3,0,0,4,0,0,0,
Davin Wilson,100287,CB,SO UTAH,10,3,0,45.8,1,1,298,0,0,72.6,75.1,0.0,,90.4,56.0,0,0,1,4,60,20.0,4,1,3,37.7,11,0,0,13,317,192,345,4,0,0,4,0,2,341,0,153,8,5,13,2,24,0,0,213,67,19.4
JaJuan Hudson,100296,CB,NC CENT,12,5,0,46.5,0,1,247,1,0,71.6,72.9,84.7,,72.8,49.8,0,0,0,0,37,14.7,5,5,1,87.1,20,0,0,17,498,305,524,0,0,0,0,0,4,524,0,219,5,10,24,2,43,0,3,237,60,11.9
Michael Newman,100329,LB,W ILLINOIS,11,8,0,62.5,0,1,345,0,0,48.6,54.1,82.2,57.1,58.9,63.1,0,5,0,0,36,11.9,5,0,0,106.3,5,0,0,292,0,95,297,5,1,0,4,0,0,292,22,180,0,16,29,2,8,5,0,116,57,23.2
Charles Brown Jr.,100332,ED,DELWARE ST,11,0,1,66.7,0,0,152,1,0,76.4,65.6,13.2,65.4,52.8,40.4,1,1,0,0,11,25.0,3,1,1,71.5,2,0,0,29,7,47,134,69,0,0,69,0,0,65,24,63,28,2,9,1,3,2,0,10,3,5.0
Demetrick Watts II,100339,LB,N ARIZONA,9,9,0,85.7,0,0,252,0,0,74.2,73.4,83.7,52.1,71.5,38.8,2,1,0,0,11,24.5,12,0,1,120.5,6,0,0,248,0,121,274,10,0,0,9,1,0,264,15,138,15,20,28,5,7,3,1,24,30,4.0
Anthony Johnson,100340,DI,YNGTOWN ST,9,1,0,,0,0,353,0,0,59.3,60.7,49.3,66.5,56.6,57.6,3,9,0,0,,16.7,2,0,1,0.0,0,1,0,0,0,0,259,259,3,219,4,33,0,0,141,118,0,6,9,1,0,13,0,0,0,
K.J. Trujillo,100380,CB,N ALABAMA,10,2,0,66.7,0,1,389,0,0,64.1,65.4,83.4,70.3,65.2,36.4,1,0,0,1,86,29.2,7,5,0,131.3,18,0,0,20,375,210,422,1,0,0,1,0,1,421,3,209,25,2,15,1,27,1,3,427,260,23.7
Jamal McMurrin,100387,CB,MO STATE,7,1,0,54.2,0,1,230,1,0,72.2,71.1,81.4,,61.1,53.6,0,0,0,1,44,20.0,3,4,1,92.2,13,0,0,13,178,107,200,7,0,0,7,0,0,193,0,93,1,2,11,2,24,0,2,199,46,15.3
Jake Siegal,100426,DI,ILL STATE,2,0,0,,0,0,188,0,0,,70.6,72.8,60.0,69.4,70.1,0,0,0,0,,0.0,0,0,0,0.0,0,0,0,0,0,0,11,11,9,2,0,0,0,0,1,10,0,1,1,0,0,0,0,0,0,
Cosmas Kwete,100428,ED,N ARIZONA,11,11,1,100.0,0,1,252,0,0,66.0,74.2,75.5,72.4,71.4,53.6,5,27,0,1,18,15.5,9,0,1,116.7,2,6,0,51,0,43,711,646,0,5,582,59,0,65,339,329,11,29,38,6,2,38,1,24,25,12.0
Parker Jacobs,100442,DI,ROB MORRIS,4,1,0,,0,0,277,0,0,,55.9,15.2,58.4,58.3,28.1,0,0,0,0,,33.3,2,0,1,0.0,0,0,0,0,0,0,93,93,4,60,16,13,0,0,30,63,0,2,3,0,0,0,0,0,0,
Austin Williams,100453,DI,N COLORADO,1,0,0,,0,0,253,0,0,,57.5,73.8,58.6,57.9,,0,0,0,0,,,0,0,0,0.0,0,0,0,0,0,0,13,13,11,2,0,0,0,0,4,9,0,0,0,0,0,0,0,0,0,
Janaz Jordan,100455,DI,TOWSON,9,4,0,,0,0,317,0,0,57.6,62.3,81.5,57.4,64.8,49.9,0,3,0,0,,14.3,2,0,0,0.0,0,1,0,2,0,4,131,129,49,78,0,2,0,2,67,60,0,5,8,0,0,4,0,0,0,
Ge'Mon Eaford,100459,LB,BETH COOK,11,16,0,88.9,0,0,119,1,0,65.7,68.6,50.4,56.6,72.5,78.6,0,2,0,1,27,7.7,4,0,1,70.1,8,1,0,269,0,124,417,121,0,1,111,9,0,296,70,223,27,16,32,2,9,3,0,93,76,11.6
Curley Young Jr.,100559,ED,JVILLE ST,11,5,1,,0,0,196,1,0,72.6,75.5,30.8,73.9,70.8,85.3,0,3,0,0,,0.0,0,0,1,0.0,0,4,0,28,0,15,155,117,0,4,107,6,0,38,69,71,7,8,8,1,0,7,0,0,0,
Joe Davis,100590,HB,SO UTAH,1,0,0,,0,0,298,0,0,,67.4,60.0,,66.9,72.2,0,0,0,0,,0.0,0,0,0,0.0,0,0,0,0,0,0,2,0,0,0,0,0,0,2,0,2,0,1,1,1,0,0,0,0,0,
Juju Williams,100694,ED,INDIANA ST,5,3,0,100.0,0,1,191,0,0,61.1,73.2,15.0,73.9,70.8,71.1,1,5,0,0,6,9.1,1,0,1,91.7,1,2,0,0,0,6,91,90,1,6,53,30,0,1,51,34,1,6,7,1,1,8,0,6,0,6.0
Garrett Crawford,100711,ED,SE LA,13,4,0,,0,0,294,0,0,60.7,62.0,86.7,52.5,68.1,60.4,1,12,0,1,,14.3,4,0,0,0.0,0,1,0,0,0,3,449,449,2,6,345,96,0,0,232,214,0,15,20,1,0,14,0,0,0,
Blake Hehl,100721,DI,MONTANA ST,13,0,0,,0,0,233,0,0,60.0,55.4,79.0,58.9,55.3,44.5,0,0,0,0,,33.3,1,0,0,0.0,0,1,0,0,0,0,110,110,9,84,1,16,0,0,59,51,0,3,2,0,0,1,0,0,0,
Justin Michel,100744,DI,BETH COOK,3,1,0,,0,0,119,0,0,,57.0,76.0,55.1,59.5,71.1,0,0,0,0,,0.0,0,0,0,0.0,0,0,0,0,0,0,31,31,6,13,11,1,0,0,19,12,0,0,0,0,0,0,0,0,0,
Noah Spencer,100829,CB,NORFOLK,4,0,0,,0,0,244,0,0,55.5,57.3,74.3,,63.2,73.5,0,0,0,0,,0.0,0,0,0,0.0,0,0,0,1,27,10,28,0,0,0,0,0,0,28,0,18,0,0,1,0,0,0,0,0,0,
Dylan Dixon,100906,CB,STF AUSTIN,6,0,0,80.0,0,0,301,0,0,47.7,45.4,80.0,58.2,43.9,45.0,0,0,0,0,63,25.0,2,0,0,158.3,4,0,0,14,8,24,69,3,0,0,3,0,3,66,2,43,41,1,6,0,5,0,1,107,51,26.8
Jashon Watkins,100923,CB,TENN STATE,7,2,0,50.0,0,1,308,1,0,71.6,72.2,82.5,,70.2,64.4,0,0,0,1,41,14.3,4,2,2,55.3,13,0,0,14,261,158,283,5,0,0,5,0,2,278,0,125,1,7,22,1,26,0,0,172,57,13.2
Thomas Nance,100938,ED,TENN STATE,3,0,0,,0,0,308,0,0,,73.1,75.1,72.2,62.0,73.4,1,2,0,0,,,0,0,0,0.0,0,2,0,0,0,0,24,24,0,0,24,0,0,0,17,7,0,2,0,0,0,5,0,0,0,
Olivier Charles-Pierre,100943,DI,INCAR WORD,14,10,0,,0,1,189,0,0,,86.7,66.0,70.6,90.4,51.4,1,14,0,0,,12.5,5,0,1,0.0,0,1,0,1,0,0,463,462,90,359,2,11,0,1,219,244,0,23,25,8,0,16,0,0,0,
Kam'ron Green,100954,ED,N ALABAMA,10,8,1,,1,0,389,0,0,59.7,60.1,13.7,57.3,67.0,56.2,3,8,0,0,,18.8,6,0,4,0.0,0,5,0,8,0,1,439,431,0,1,324,106,0,8,219,219,0,15,18,2,0,16,0,0,0,
Tama Tuitele,100993,LB,N COLORADO,8,10,0,81.8,0,0,253,0,0,39.4,57.4,33.3,76.9,69.4,50.1,0,2,0,0,45,20.8,16,1,2,150.0,18,0,0,347,0,155,371,7,0,0,7,0,0,364,12,204,17,25,51,4,22,2,4,231,198,12.8
Tysean White,100995,LB,UC DAVIS,4,0,0,,0,0,322,0,0,62.0,60.6,71.9,60.0,58.2,,0,0,0,0,,,0,0,0,0.0,0,0,0,9,0,4,15,1,0,0,1,0,0,14,1,10,5,0,0,0,0,0,0,0,0,
Demaruez Bellamy,100998,S,ALABAMA ST,11,12,2,85.0,0,2,105,0,0,59.0,61.2,11.5,67.9,62.1,60.7,5,9,0,0,16,15.8,9,0,3,91.9,17,1,0,376,1,200,446,47,0,0,47,0,0,399,59,187,22,22,36,2,20,15,0,121,111,7.1
Nick Lerew,101004,ED,STETSON,1,0,0,100.0,0,0,302,0,0,51.7,58.3,76.3,57.8,65.2,74.0,0,0,0,0,24,0.0,0,0,0,150.0,2,0,0,0,0,0,18,18,0,0,17,1,0,0,3,15,0,1,2,1,2,0,1,21,13,10.5
Walter Soefker,101087,CB,PENN,4,0,0,66.7,0,0,267,0,0,71.1,71.2,74.7,,63.2,46.9,0,0,0,0,29,25.0,1,0,0,148.6,2,0,0,3,31,19,36,0,0,0,0,0,0,36,0,17,1,2,3,0,3,0,1,37,10,18.5
Ton'Quez Ball,101089,CB,E TENN ST,5,1,0,50.0,0,0,157,0,0,80.3,79.4,79.4,,62.0,80.4,0,0,0,0,17,0.0,0,3,0,66.0,3,0,0,3,1,40,52,0,0,0,0,0,13,52,0,12,34,0,2,0,6,0,0,32,3,10.7
Lamar Mullins,101090,CB,FL A&M,4,1,0,100.0,0,0,164,0,0,61.8,61.1,77.7,,59.0,48.9,0,0,0,0,29,25.0,1,0,0,158.3,3,0,0,4,1,13,38,2,0,0,2,0,2,36,0,25,29,1,2,0,3,0,1,38,10,12.7
Jett Hendrix,101092,S,E KENTUCKY,12,10,0,66.7,0,0,159,0,0,59.9,54.0,84.7,66.7,42.9,63.3,1,0,0,0,43,15.9,7,1,0,91.8,10,0,0,131,1,172,371,0,0,0,0,0,180,371,2,197,59,7,27,2,15,1,0,123,73,12.3
Osby Mitchell,101113,WR,TEXAS STHN,1,0,0,,0,0,313,0,0,,60.0,60.0,,60.0,,0,0,0,0,,,0,0,1,0.0,0,0,0,0,0,0,2,0,0,0,0,0,0,2,0,2,0,0,0,0,0,0,0,0,0,
Ben Gansallo,101191,DI,S DAKOTA,2,0,0,,0,0,291,0,0,,40.7,72.5,58.5,60.0,,0,0,0,0,,,0,0,0,0.0,0,0,0,0,0,0,8,8,3,5,0,0,0,0,4,4,0,0,0,0,0,0,0,0,0,
Jaymason Willingham,101223,LB,PORTLAND,11,7,0,78.3,0,0,269,0,0,42.4,44.2,85.5,56.9,50.0,29.9,1,1,0,0,21,26.6,21,0,0,102.7,18,1,0,345,3,205,396,6,0,1,5,0,0,390,14,177,42,25,51,5,23,3,0,199,149,11.1
Erwin Byrd,101383,CB,KENNESAW,3,1,0,75.0,0,0,200,0,0,43.0,47.5,76.7,,69.9,29.1,0,0,0,0,48,40.0,4,1,0,116.7,6,0,0,10,61,43,72,0,0,0,0,0,0,72,0,29,1,0,5,0,8,0,0,100,28,16.7
Matt Guggemos,101391,CB,STTHOM,9,0,0,54.5,0,0,1129,0,0,70.1,68.1,81.2,70.5,49.9,28.6,1,1,0,0,33,50.0,2,3,0,110.4,6,1,0,20,10,75,116,9,0,0,9,0,2,107,11,30,75,2,2,1,11,3,1,86,37,14.3
Larry Tracy III,101395,S,ILL STATE,2,1,0,,0,0,188,0,0,63.8,66.1,78.3,68.6,61.5,77.9,0,0,0,0,,0.0,0,0,0,0.0,0,1,0,7,0,11,31,8,0,0,8,0,15,23,2,18,1,2,1,1,0,1,0,0,0,
Da'Raun McKinney,101399,CB,S DAKOTA,9,3,0,67.7,1,0,291,0,0,75.3,74.3,2.2,59.1,77.8,72.7,0,0,0,1,36,10.9,5,3,3,80.6,21,0,0,50,444,275,508,14,0,0,14,0,0,494,2,231,0,15,38,3,31,0,1,184,67,8.8
Brett Novick,101452,DI,DELAWARE,4,1,0,,0,0,151,0,0,,55.9,75.4,63.5,52.7,28.0,0,0,0,0,,50.0,1,0,0,0.0,0,0,0,0,0,0,22,22,17,3,1,1,0,0,10,12,0,0,0,0,0,0,0,0,0,
Garrett Hustedt,101467,ED,MONTANA,11,0,0,,0,0,232,0,0,59.6,67.5,79.6,65.5,66.2,59.3,2,7,0,0,,15.4,2,0,0,0.0,0,1,0,0,0,1,202,202,1,47,44,110,0,0,93,108,0,10,11,4,0,10,0,0,0,
Ben Schmiesing,101489,LB,DAYTON,11,27,0,76.5,0,3,150,0,0,91.2,93.0,86.1,79.8,93.8,90.8,1,4,0,1,32,3.8,4,4,0,74.5,26,2,0,543,0,341,626,15,0,0,15,0,0,611,14,271,68,46,74,5,34,7,0,171,136,6.6
Ben McNaboe,101505,ED,N DAKOTA,12,4,0,100.0,0,1,249,0,0,66.1,69.5,69.2,75.7,59.3,63.6,3,22,0,0,6,11.8,4,0,1,91.7,1,7,0,0,0,13,514,514,1,144,264,105,0,0,266,235,0,27,26,5,1,32,0,6,6,6.0
Byron Hubbard II,101521,ED,BUTLER,11,7,0,100.0,1,0,127,1,0,57.1,61.3,18.9,57.7,68.3,45.6,1,8,0,0,11,25.0,6,0,3,112.5,1,1,0,2,0,2,343,341,0,4,273,64,0,2,173,168,0,10,11,1,1,10,0,11,14,11.0
Nnamdi Adim-Madumere,101717,TE,CENT ARK,1,0,0,,0,0,132,0,0,,60.0,60.0,,60.0,,0,0,0,0,,,0,0,0,0.0,0,0,0,0,0,0,1,0,0,0,0,0,0,1,0,1,0,0,0,0,0,0,0,0,0,
Anthony Egbo Jr.,101749,CB,ABILENE CH,10,1,0,64.9,0,0,100,0,0,64.2,66.1,85.5,75.4,67.9,77.4,0,0,0,0,79,8.8,3,8,0,118.5,37,1,0,32,283,297,489,1,0,0,1,0,4,488,0,192,168,12,30,0,57,1,4,533,262,14.4
Elijah Ayers,101751,CB,ALBANY,1,0,0,100.0,0,0,106,0,0,47.1,46.4,71.9,,60.0,73.5,0,0,0,0,50,0.0,0,0,0,118.8,1,0,0,0,8,3,9,1,0,0,1,0,0,8,0,6,0,0,1,0,1,0,0,50,6,50.0
Gavin Pringle,101756,CB,BUCKNELL,11,5,0,45.5,0,0,125,0,0,84.2,80.6,19.7,60.0,62.6,58.1,0,1,0,3,40,17.0,9,13,5,49.4,25,0,0,37,701,405,747,5,0,0,5,0,0,742,1,341,4,13,39,2,55,1,2,264,62,10.6
Keaton Dickey,101761,CB,HOUCHR,1,0,0,,0,0,183,0,0,,60.0,66.0,,60.0,,0,0,0,0,,,0,0,0,0.0,0,0,0,0,2,0,2,0,0,0,0,0,0,2,0,2,0,0,0,0,0,0,0,0,0,
Dante Heaggans,101764,S,INCAR WORD,8,0,0,80.0,0,0,189,0,0,66.3,65.2,0.0,59.5,68.0,37.5,0,0,0,0,28,21.4,3,1,1,127.9,8,0,0,15,1,95,163,1,0,0,1,0,74,162,2,66,71,3,11,0,10,0,1,67,65,8.4
Reese Watson,101765,S,INCAR WORD,6,1,0,100.0,0,0,189,0,0,49.5,53.3,77.2,,64.1,78.8,0,0,0,0,30,0.0,0,0,0,118.8,2,0,0,11,0,19,45,0,0,0,0,0,16,45,0,26,18,0,1,0,2,0,0,56,35,28.0
Brandon Richard,101766,S,INCAR WORD,14,11,0,52.8,0,2,189,0,0,75.0,73.3,28.8,90.0,59.9,53.9,4,16,0,1,30,19.8,16,4,2,71.6,28,6,0,290,10,333,724,34,0,0,34,0,5,690,62,329,385,33,54,3,53,26,2,264,186,9.4
Irshaad Davis,101768,S,ALABAMA ST,11,13,0,46.7,0,0,105,0,0,83.0,84.6,86.1,71.0,83.0,85.3,0,2,0,0,22,7.4,5,4,0,68.3,14,2,0,181,5,350,641,7,0,0,7,0,321,634,10,281,127,22,50,3,30,4,1,117,66,8.4
Bryce Webster,101769,S,ALABAMA ST,3,1,0,100.0,0,0,105,0,0,62.7,71.9,72.2,,74.6,81.0,0,0,0,0,6,0.0,0,0,0,91.7,1,0,0,9,0,5,16,0,0,0,0,0,4,16,0,11,2,0,3,0,1,0,0,6,11,6.0
Jonathan Jones,101788,CB,CAMPBELL,10,3,0,51.1,1,0,131,1,0,66.6,68.4,41.1,58.8,75.8,60.0,0,0,0,3,44,14.0,7,1,4,70.9,23,0,0,46,459,244,535,13,0,0,13,0,0,522,4,287,17,12,40,1,45,0,3,343,112,14.9
Jeremiah Brown,101789,CB,CAMPBELL,1,0,0,0.0,0,0,131,0,0,77.0,79.9,69.0,,60.0,,0,0,0,0,,,0,1,0,39.6,0,0,0,0,6,4,6,0,0,0,0,0,0,6,0,2,0,0,0,0,1,0,0,0,0,
Donte Jones,101794,CB,MOREHEAD,8,5,0,52.6,0,0,234,0,0,62.5,58.3,83.7,,37.9,27.3,0,0,0,0,36,35.7,10,1,1,110.2,10,0,0,14,341,202,373,0,0,0,0,0,8,373,0,171,10,1,13,0,19,0,2,133,68,13.3
Keshaun Dancy,101796,CB,COLGATE,1,0,0,66.7,0,0,142,0,0,65.9,62.1,74.5,,45.6,78.2,0,0,0,0,30,0.0,0,0,0,107.6,2,0,0,5,36,25,41,0,0,0,0,0,0,41,0,16,0,0,3,0,3,0,0,36,10,18.0
Jackson Price,101797,S,COLGATE,11,6,0,68.3,0,2,142,0,0,41.5,45.9,43.0,,61.5,47.5,0,0,0,3,62,23.5,12,1,2,105.3,28,0,0,132,5,309,564,0,0,0,0,0,207,564,0,255,220,6,33,2,41,0,4,436,186,15.6
Zach West,101802,ED,E TENN ST,11,8,0,90.9,0,0,157,1,0,84.4,75.4,88.9,61.8,70.7,70.7,1,8,0,0,23,9.7,3,0,0,144.9,10,0,0,53,0,84,344,262,0,0,262,0,0,82,148,112,28,11,20,2,11,9,2,102,66,10.2
Erek Campbell,101806,LB,E TENN ST,9,18,0,81.8,0,0,157,0,0,53.1,61.8,86.4,48.6,72.7,46.3,1,8,0,1,23,20.9,18,1,0,95.1,18,0,0,524,0,268,527,2,0,0,2,0,0,525,53,206,0,28,50,1,22,9,1,170,117,9.4
Alijah Huzzie,101807,CB,E TENN ST,11,6,0,49.4,2,0,157,0,0,87.7,84.9,53.9,58.7,72.4,65.5,0,0,1,6,31,13.0,9,15,6,38.9,42,0,0,126,674,465,807,5,0,0,5,0,0,802,1,341,1,23,54,4,85,0,1,432,82,10.3
Marlon Jones,101808,CB,E WASHGTON,11,11,0,59.5,0,0,161,0,0,77.4,75.4,86.5,51.9,67.1,75.4,0,1,0,3,67,10.0,5,6,1,100.6,22,0,0,51,379,256,602,18,0,0,18,0,4,584,5,341,148,10,34,1,37,1,5,383,214,17.4
Demetrius Crosby Jr.,101809,CB,E WASHGTON,10,6,0,62.5,0,0,161,2,0,59.1,57.7,31.6,,55.3,48.8,0,0,0,2,65,22.6,7,3,2,111.8,20,0,0,43,384,189,446,7,0,0,7,0,7,439,0,257,4,3,18,2,32,0,4,339,136,17.0
Traquan Butler,101812,CB,FL A&M,5,1,0,50.0,0,0,164,0,0,71.9,73.4,73.6,,60.0,76.6,0,0,0,0,7,0.0,0,0,0,58.3,1,0,0,1,25,22,27,0,0,0,0,0,0,27,0,5,0,0,1,0,2,0,0,7,2,7.0
Javan Morgan,101819,S,FL A&M,11,10,0,42.9,0,0,164,0,0,82.0,80.1,47.1,,72.7,78.5,0,0,0,4,33,9.8,5,4,1,19.0,12,0,0,123,1,401,619,4,0,0,4,0,257,615,0,218,234,7,36,0,28,0,0,140,32,11.7
Timothy Williams Jr.,101824,S,FL A&M,11,7,0,62.5,0,1,164,0,0,65.4,69.9,85.4,83.8,72.3,64.0,1,2,0,1,41,15.2,7,2,0,102.6,10,0,0,151,2,203,351,4,0,0,4,0,100,347,5,143,94,7,32,2,16,3,2,134,43,13.4
Jeremy Mitchell,101825,CB,GARD-WEBB,10,3,0,66.7,0,0,171,0,0,70.3,70.9,81.8,64.8,65.8,43.4,0,1,0,1,13,33.3,4,1,0,44.4,8,0,0,13,1,41,83,14,0,0,14,0,0,69,6,36,55,2,5,0,12,1,0,62,53,7.8
Jamari Brown,101826,S,GARD-WEBB,13,12,1,56.4,0,0,171,1,0,78.0,74.5,88.2,71.2,61.5,56.7,0,2,0,3,60,19.1,18,2,0,61.2,22,1,0,383,2,449,758,5,0,0,5,0,272,753,15,294,95,22,64,1,39,3,1,333,142,15.1
Adonis Henderson,101827,CB,GARD-WEBB,6,0,0,50.0,0,0,171,0,0,63.3,64.0,75.8,60.0,64.0,74.2,0,0,0,0,7,0.0,0,0,0,58.3,1,0,0,1,42,30,44,0,0,0,0,0,0,44,1,13,0,0,1,0,2,0,0,7,1,7.0
AJ Thomas,101828,S,GARD-WEBB,13,10,0,60.0,1,0,171,1,0,66.7,67.0,50.5,74.4,65.4,53.4,0,1,0,3,33,21.0,13,3,4,72.2,27,0,0,195,3,412,655,2,0,0,2,0,130,653,6,237,325,8,39,1,45,1,2,357,188,13.2
Hunter Burns,101836,S,HOLY CROSS,11,5,0,85.7,0,0,181,0,0,73.6,70.2,0.0,59.8,66.5,65.3,0,0,0,1,18,14.3,2,0,1,92.3,6,0,0,72,2,82,169,12,0,0,12,0,18,157,10,77,63,2,7,0,7,0,1,43,31,7.2
Devin Haskins,101837,CB,HOLY CROSS,13,11,1,48.6,1,0,181,0,0,69.1,70.8,86.3,90.9,64.0,69.2,0,2,0,4,55,13.1,8,5,4,68.7,34,0,0,45,649,423,725,2,0,0,2,0,18,723,7,295,9,12,42,1,70,2,5,439,97,12.9
Hugh Kelly,101838,CB,HOLY CROSS,3,0,0,100.0,0,0,181,0,0,60.6,60.4,76.4,58.2,60.0,27.9,0,0,0,0,9,50.0,1,0,0,100.0,2,0,0,1,0,12,18,3,0,0,3,0,0,15,3,3,14,0,1,0,2,0,0,16,13,8.0
Kamryn Molton,101841,CB,HOLY CROSS,6,0,0,62.5,1,0,181,0,0,52.6,55.2,79.4,,64.3,28.1,0,0,0,0,33,50.0,1,1,1,145.8,5,0,0,7,2,36,67,1,0,0,1,0,2,66,0,31,53,1,1,0,8,0,1,101,25,20.2
Jonathan Young,101843,S,HOLY CROSS,4,0,0,100.0,0,0,181,0,0,60.8,62.1,74.0,58.4,64.1,77.7,0,0,0,0,12,0.0,0,0,0,116.7,1,0,0,10,0,18,25,2,0,0,2,0,4,23,2,5,9,0,2,0,1,0,0,12,0,12.0
Ray Williams,101846,S,HOWARD,3,4,0,66.7,0,0,184,0,0,58.0,60.9,81.2,56.4,69.5,61.0,0,0,0,1,39,15.4,2,0,1,64.6,4,0,0,33,4,74,119,2,0,0,2,0,44,117,2,43,36,4,7,2,6,0,0,67,8,16.8
Franky West,101857,CB,ILL STATE,10,7,0,45.8,0,0,188,0,0,90.4,89.0,44.0,55.9,70.7,51.9,0,0,0,2,43,15.5,9,5,1,56.4,22,0,0,41,561,306,606,4,0,0,4,0,0,602,2,298,0,16,42,1,48,0,2,226,59,10.3
Jaylen Stanford,101861,CB,PRVIEW A&M,8,0,0,46.2,0,0,270,0,0,65.3,67.0,82.8,60.1,70.9,60.2,0,2,0,0,14,25.0,3,2,1,59.5,6,3,0,21,34,76,154,10,0,0,10,0,0,144,11,67,89,6,9,2,13,5,0,59,20,9.8
Brett Hiatt,101864,S,LNDNWD,6,2,0,60.0,0,0,949,0,0,63.1,57.6,81.8,48.5,45.2,28.6,0,1,0,0,61,38.9,7,0,0,143.8,3,0,0,29,1,95,156,0,0,0,0,0,109,156,1,60,17,2,9,1,5,1,1,82,85,27.3
Omar Jackson,101866,CB,INDIANA ST,8,1,0,69.2,0,0,191,0,0,58.3,59.8,80.1,60.0,65.2,84.8,0,0,0,0,26,0.0,0,0,0,134.3,9,0,0,17,120,75,154,0,0,0,0,0,2,154,1,78,15,4,10,0,13,0,2,109,30,12.1
Ethan Hoover,101868,S,INDIANA ST,10,9,0,66.7,0,0,191,0,0,56.1,56.4,84.2,59.8,56.0,44.4,0,0,0,1,23,23.8,10,1,0,101.9,14,0,0,97,1,191,389,4,0,0,4,0,204,385,1,197,83,4,23,0,21,0,2,163,105,11.6
Davis Smith,101869,S,MONMOUTH,11,11,0,46.7,0,2,231,1,0,85.2,84.3,87.6,66.9,76.5,71.8,0,1,0,3,77,13.1,8,6,0,72.9,14,0,0,82,27,344,605,10,0,0,10,0,375,595,2,259,111,8,42,0,30,1,3,275,140,19.6
Tyrese Wright,101871,S,MONMOUTH,11,15,0,64.3,0,1,231,0,0,68.7,64.9,86.9,58.4,57.4,59.1,0,0,0,2,28,17.7,11,0,2,91.4,18,0,0,180,15,295,608,36,0,0,36,0,178,572,10,303,199,10,36,2,28,0,3,200,81,11.1
Jabril Shakur,101872,CB,MONMOUTH,3,2,0,66.7,0,0,231,0,0,48.6,52.8,80.8,,63.9,62.9,0,0,0,0,34,14.3,1,0,0,109.7,2,0,0,13,1,32,71,2,0,0,2,0,1,69,0,39,54,0,4,0,3,0,0,40,16,20.0
Dante Kiett,101873,CB,MONMOUTH,7,0,0,71.0,1,0,231,0,0,60.8,60.1,0.0,,68.4,54.0,0,0,0,0,49,21.7,5,2,3,138.0,22,0,0,11,289,176,310,1,0,0,1,0,3,309,0,134,6,5,18,0,31,0,4,277,72,12.6
Jyair Thomas,101874,S,MONMOUTH,3,0,0,,0,0,231,0,0,62.3,64.7,70.9,,62.0,76.4,0,0,0,0,,0.0,0,0,0,0.0,0,0,0,1,0,5,9,0,0,0,0,0,8,9,0,4,0,0,1,0,0,0,0,0,0,
Rylan Ortt,101877,S,MONTANA ST,6,9,1,57.1,0,0,233,0,0,73.3,63.4,83.3,71.2,41.5,40.7,0,3,0,1,34,26.8,11,1,0,75.6,8,0,0,151,1,172,323,16,0,0,16,0,124,307,10,141,31,8,21,0,14,3,1,107,67,13.4
Jordan Johnson,101881,S,MORGAN ST,11,2,0,63.6,0,0,235,0,0,70.4,64.2,17.9,54.8,49.7,32.5,0,0,0,1,46,31.6,6,2,2,110.6,14,0,0,55,2,172,305,10,0,0,10,0,95,295,4,129,142,3,11,1,22,0,3,184,129,13.1
Bruce Mattox III,101882,S,MORGAN ST,4,0,0,50.0,0,0,235,0,0,52.0,53.0,80.1,60.0,56.2,39.8,0,0,0,0,28,33.3,1,0,0,93.8,2,0,0,16,0,47,93,6,0,0,6,0,27,87,1,45,44,0,2,0,4,0,0,48,21,24.0
Hosea Robinson,101885,LB,MORGAN ST,8,0,0,,0,0,235,0,0,59.7,62.4,74.3,60.3,65.2,30.0,0,1,0,0,,40.0,2,0,0,0.0,0,0,0,54,0,32,59,1,0,0,1,0,2,58,7,20,1,2,3,0,0,1,0,0,0,
Mikey Jarmolowich,101888,S,COLGATE,11,16,0,56.7,0,1,142,1,1,88.9,82.5,87.4,59.9,62.6,80.9,0,0,0,2,41,11.2,12,7,0,54.4,17,0,0,226,12,305,600,4,0,0,4,0,277,596,1,294,81,31,79,1,30,0,0,237,68,13.9
Marquez Casey,101892,DI,CENT ARK,3,0,0,,0,0,132,0,0,,50.8,74.5,55.3,50.7,,0,0,0,0,,,0,0,0,0.0,0,0,0,0,0,0,32,32,0,22,3,7,0,0,23,9,0,0,0,0,0,0,0,0,0,
Rodney Wright,101894,DI,E TENN ST,11,13,0,,0,0,157,1,1,66.2,60.9,67.4,52.6,64.2,86.2,2,5,0,0,,0.0,0,1,1,0.0,0,1,0,0,0,0,575,575,2,196,54,323,0,0,303,272,0,15,24,1,0,8,0,0,0,
Justin Cooks,101896,ED,FL A&M,11,1,0,,0,0,164,0,0,61.6,64.7,81.9,62.6,61.5,55.7,2,4,0,0,,16.7,1,0,0,0.0,0,0,0,0,0,0,152,152,19,68,61,4,0,0,102,50,0,2,4,0,0,6,0,0,0,
Jude Okolo,101899,DI,ILL STATE,9,5,1,,0,0,188,0,0,,90.3,83.7,82.7,88.6,80.7,4,10,0,0,,0.0,0,0,0,0.0,0,0,0,0,0,0,211,211,143,66,0,2,0,0,110,101,0,15,17,5,0,14,0,0,0,
Sam Latham,101902,ED,INCAR WORD,14,12,0,100.0,0,1,189,0,0,59.1,70.3,88.7,73.3,63.1,66.9,3,11,0,0,13,13.9,5,0,0,118.8,1,4,0,20,0,11,536,516,1,25,444,46,0,20,276,249,0,19,19,4,1,18,0,13,15,13.0
Rushawn Lawrence,101911,DI,STNY BROOK,11,6,0,,0,0,303,1,0,,69.3,61.0,65.2,70.2,65.0,2,7,0,0,,9.5,2,0,1,0.0,0,1,0,0,0,0,350,350,122,222,0,6,0,0,179,171,0,12,13,2,0,10,0,0,0,
Jerome Boulden II,101913,DI,ALCORN ST,2,0,0,,0,0,107,0,0,,49.8,71.8,60.0,50.9,,0,0,0,0,,,0,0,0,0.0,0,0,0,0,0,0,10,10,4,6,0,0,0,0,2,8,0,0,0,0,0,0,0,0,0,
Kee Wayne Jones,101917,DI,ALCORN ST,11,2,0,,0,0,107,0,0,60.0,57.4,84.4,61.4,53.1,79.2,2,5,0,0,,0.0,0,0,0,0.0,0,0,0,0,0,0,229,229,138,79,10,2,0,0,115,114,0,8,11,2,0,7,0,0,0,
Trevor Vines,101920,DI,ALCORN ST,5,0,0,,0,0,107,0,0,,50.2,0.0,59.7,66.8,37.9,0,0,0,0,,33.3,1,0,3,0.0,0,0,0,0,0,0,41,41,21,12,6,2,0,0,17,24,0,2,2,0,0,0,0,0,0,
Athen Smith,101924,ED,ARKAPB,11,8,0,100.0,0,1,112,0,0,57.9,69.6,85.7,63.1,71.3,60.8,4,11,0,0,14,11.4,4,0,0,118.8,1,4,0,2,0,2,578,576,0,78,303,195,0,2,265,311,0,22,23,6,1,19,0,14,17,14.0
Jamaal Foote,101925,DI,ARKAPB,3,0,0,,0,0,112,0,0,,70.2,78.0,74.6,60.5,,0,5,0,0,,,0,0,0,0.0,0,0,0,0,0,0,43,43,10,33,0,0,0,0,25,18,0,0,0,0,0,5,0,0,0,
JaVonn Gray,101927,DI,ARKAPB,11,4,0,,0,0,112,0,0,63.5,69.9,86.2,59.1,72.6,73.6,1,12,0,0,,3.4,1,0,0,0.0,0,2,0,0,0,1,548,548,250,290,0,8,0,0,252,295,0,20,24,3,0,15,0,0,0,
Tyler Smith,101928,ED,ALCORN ST,11,8,0,100.0,0,0,107,2,1,47.9,66.7,39.6,69.8,66.5,37.1,1,13,0,0,9,26.9,7,0,2,104.2,1,5,0,1,0,2,378,376,0,36,213,127,0,2,189,187,1,12,11,2,1,19,0,9,15,9.0
Connor Meyer,101945,DI,COLGATE,11,4,0,,0,0,142,0,0,60.0,56.2,54.0,55.3,58.1,60.0,1,1,0,0,,14.3,1,0,1,0.0,0,1,0,1,0,0,295,294,45,197,3,49,0,1,154,141,0,3,2,1,0,3,0,0,0,
Jackson Leak,101946,ED,COLGATE,11,2,0,,0,0,142,0,0,,56.1,81.9,52.7,58.1,81.8,0,2,0,0,,0.0,0,0,0,0.0,0,0,0,0,0,0,196,196,1,7,93,95,0,0,86,110,0,9,11,3,0,2,0,0,0,
Max Evans,101950,DI,E TENN ST,11,4,1,,0,0,157,0,0,69.1,78.8,85.7,72.5,76.6,58.1,0,22,0,0,,11.4,4,0,0,0.0,0,0,0,0,0,1,555,555,141,228,13,173,0,0,303,251,0,23,27,4,0,22,0,0,0,
Jacob Newsom,101951,DI,E WASHGTON,11,6,0,,0,0,161,0,0,,65.5,56.6,60.1,67.3,71.8,0,1,0,0,,5.0,1,0,1,0.0,0,1,0,0,0,0,320,319,32,270,3,14,0,1,110,210,0,9,13,0,0,2,0,0,0,
Brock Harrison,101952,ED,E WASHGTON,11,4,1,100.0,0,2,161,0,0,49.7,69.0,87.6,65.3,72.2,41.3,2,10,0,0,1,18.9,7,0,0,79.2,1,2,0,4,0,1,509,502,1,12,400,89,0,7,221,287,0,24,26,4,1,14,0,1,2,1.0
Soli Paleso'o,101955,DI,E WASHGTON,9,0,0,,0,0,161,0,0,,58.0,82.3,56.8,57.7,35.5,1,2,0,0,,33.3,4,0,0,0.0,0,3,0,0,0,0,272,271,25,238,0,8,0,1,110,162,0,7,8,2,0,6,0,0,0,
Abu Bangura,101957,ED,FL A&M,7,1,0,,0,0,164,1,0,60.0,62.2,25.0,60.8,62.9,74.4,0,6,0,0,,0.0,0,0,1,0.0,0,0,0,0,0,0,109,109,1,8,97,3,0,0,71,38,0,2,2,0,0,6,0,0,0,
Kamari Stephens,101963,ED,FL A&M,11,4,1,,1,4,164,0,0,81.2,59.8,12.5,59.3,57.3,28.7,4,14,0,1,,41.2,7,0,5,0.0,0,8,0,4,0,1,507,503,7,16,445,35,0,4,324,182,0,12,6,2,0,26,0,0,0,
Richard Summers,101964,DI,FL A&M,11,2,0,,0,0,164,0,0,,66.7,82.0,53.6,73.7,76.6,0,0,0,0,,0.0,0,0,0,0.0,0,0,0,0,0,0,146,146,50,89,0,7,0,0,81,65,0,3,4,1,0,0,0,0,0,
Marlon Alexander,101965,DI,W CAROLINA,11,11,0,0.0,0,0,344,1,0,60.5,67.6,3.5,67.3,70.6,47.1,2,4,0,0,,15.4,4,0,4,39.6,0,1,0,0,0,0,354,354,30,323,0,1,0,0,162,192,0,10,11,1,1,7,0,0,0,
Ronald Wilson,101967,DI,W CAROLINA,10,4,0,,0,1,344,1,0,64.8,71.7,81.9,61.5,71.3,48.9,0,3,0,0,,14.3,2,0,0,0.0,0,0,0,0,0,0,254,254,11,243,0,0,0,0,110,144,0,6,8,0,0,3,0,0,0,
Syemere Roberts,101970,DI,GRAMBLING,2,0,0,,0,0,177,0,0,,56.1,74.6,56.4,58.1,71.9,0,0,0,0,,0.0,0,0,0,0.0,0,0,0,0,0,0,13,13,7,6,0,0,0,0,8,5,0,1,2,0,0,0,0,0,0,
Darrian Brokenburr,101978,ED,HOWARD,8,11,0,50.0,0,0,184,1,0,47.1,67.7,43.3,68.1,71.4,49.5,1,16,0,0,12,21.2,7,0,2,62.5,2,1,0,5,0,8,410,403,1,4,333,65,0,7,212,190,0,12,15,1,4,18,0,18,1,9.0
Deion Harry,101979,ED,HOWARD,3,3,0,,0,0,184,0,0,60.0,63.8,1.0,64.3,66.4,43.9,0,2,0,0,,25.0,2,0,1,0.0,0,1,0,0,0,1,58,58,0,0,56,2,0,0,24,33,0,3,3,0,0,3,0,0,0,
Lucas Hunter,101988,DI,INDIANA ST,11,5,1,,1,0,191,1,1,63.9,64.7,69.7,62.7,63.6,28.9,2,11,0,0,,21.1,8,0,1,0.0,0,1,0,0,0,2,524,523,160,356,1,6,0,1,262,260,0,18,25,4,0,14,0,0,0,
Jordan Lawrence,101991,ED,LNDNWD,6,1,0,,0,0,949,0,0,,67.0,19.6,64.2,70.3,33.8,2,1,0,0,,25.0,1,0,1,0.0,0,0,0,0,0,0,96,96,0,0,84,12,0,0,52,44,0,2,2,0,0,3,0,0,0,
Pat Hayden,101999,DI,MONMOUTH,11,4,0,,0,0,231,0,0,60.0,73.5,83.3,68.2,74.8,51.7,1,14,0,0,,14.8,4,0,0,0.0,0,5,0,0,0,0,347,347,13,288,22,24,0,0,201,146,0,18,19,1,0,20,0,0,0,
Chance Smith,102000,DI,MONMOUTH,3,1,0,,0,0,231,0,0,,44.4,76.2,59.0,40.7,35.0,0,0,0,0,,33.3,1,0,0,0.0,0,0,0,0,0,0,49,49,1,47,0,1,0,0,18,31,0,1,1,0,0,0,0,0,0,
Daviyon Johnson,102002,DI,MONMOUTH,8,1,0,,0,0,231,0,0,,69.0,81.7,71.8,63.1,39.4,0,3,0,0,,28.6,2,0,0,0.0,0,1,0,0,0,0,125,125,44,81,0,0,0,0,63,62,0,5,4,3,0,4,0,0,0,
Tyson Regimbal,102003,ED,MONTANA ST,6,4,0,,0,0,233,0,0,61.5,51.5,78.1,61.0,43.4,78.8,0,3,0,0,,0.0,0,0,0,0.0,0,0,0,0,0,0,73,73,0,19,32,22,0,0,30,43,0,2,4,1,0,3,0,0,0,
Blake Schmidt,102005,DI,MONTANA ST,14,5,0,100.0,0,0,233,0,0,50.6,62.4,69.0,64.4,61.5,30.9,3,11,0,0,11,21.2,7,0,1,112.5,1,3,0,0,0,4,545,541,77,404,2,58,0,4,299,242,0,16,21,3,1,17,0,11,7,11.0
Darrius Outlaw,102006,ED,MORGAN ST,11,4,0,,0,0,235,0,0,63.3,68.1,82.4,60.2,69.2,50.7,1,3,0,0,,20.0,3,0,0,0.0,0,2,0,1,0,0,230,229,5,73,107,44,0,1,126,104,0,10,8,3,0,6,0,0,0,
Merinio Dendoe,102009,DI,MORGAN ST,11,8,1,,0,0,235,1,0,61.7,60.1,64.7,56.7,61.2,58.1,1,3,0,0,,12.5,2,0,1,0.0,0,1,0,0,0,0,375,375,209,163,0,3,0,0,196,179,0,4,6,0,0,5,0,0,0,
William Morgan,102017,DI,ABILENE CH,11,18,2,,0,0,100,0,0,46.2,76.1,86.8,71.2,77.4,60.1,4,13,0,0,,10.3,4,0,0,0.0,0,2,0,0,0,1,510,510,214,291,0,5,0,0,278,231,0,18,17,7,0,19,0,0,0,
Zack Pelland,102018,DI,COLGATE,6,2,0,,0,0,142,0,0,,65.7,80.8,59.2,66.7,52.3,0,1,0,0,,16.7,2,0,0,0.0,0,0,0,0,0,0,153,153,33,111,1,8,0,0,64,89,0,5,8,1,0,1,0,0,0,
Darius Richmond,102019,DI,INCAR WORD,14,6,0,,0,1,189,0,0,61.9,82.0,82.2,68.7,84.9,66.1,5,9,0,0,,9.5,2,0,0,0.0,0,2,0,0,0,1,270,270,7,217,24,22,0,0,141,128,0,14,13,3,0,16,0,0,0,
Rece Stafford,102047,FB,ABILENE CH,1,0,0,,0,0,100,0,0,,60.0,60.0,,60.0,,0,0,0,0,,,0,0,0,0.0,0,0,0,0,0,0,1,0,0,0,0,0,0,1,0,1,0,0,0,0,0,0,0,0,0,
Tory Hargrove,102050,LB,ABILENE CH,11,11,1,51.7,0,2,100,0,0,73.9,76.6,84.0,72.2,80.0,71.6,4,2,0,0,28,11.3,6,1,0,69.5,15,2,0,285,10,295,567,61,0,0,61,0,0,506,48,224,210,22,36,6,29,8,0,169,90,11.3
Devonte Webster,102052,LB,ALABAMA ST,2,0,0,,0,1,105,0,0,71.1,59.2,75.6,83.5,36.5,24.2,0,3,0,0,,62.5,5,0,0,0.0,0,1,0,46,0,16,49,3,0,0,3,0,0,46,7,26,0,3,3,1,0,4,0,0,0,
Colton Adams,102056,LB,ALABAMA ST,11,29,0,87.5,0,1,105,0,0,63.4,71.5,51.2,62.2,76.0,57.7,6,11,0,0,28,13.9,17,2,1,106.8,28,1,0,555,0,249,586,14,0,0,14,0,0,572,82,255,17,54,76,12,32,18,0,308,175,11.0
Dylan Kelly,102059,LB,ALBANY,11,29,0,77.4,0,0,106,0,0,59.2,66.6,83.4,63.5,69.5,70.3,0,1,0,1,33,8.5,9,2,2,83.9,24,2,0,553,0,277,626,23,0,0,23,0,0,603,20,329,50,41,68,4,31,3,0,229,158,9.5
Joseph Greaney,102061,DI,ALBANY,11,7,0,,0,1,106,2,1,80.7,68.3,85.8,60.3,65.7,65.5,0,7,0,0,,8.3,2,0,0,0.0,0,0,0,0,0,0,421,421,110,305,0,6,0,0,207,214,0,11,15,4,0,7,0,0,0,
Trevor James,102062,LB,ALCORN ST,6,6,0,66.7,0,0,107,0,0,69.8,77.5,84.0,77.2,73.0,75.9,2,5,0,0,30,10.0,3,0,0,86.8,4,3,0,197,0,103,268,55,0,0,55,0,0,213,46,119,16,17,21,4,6,10,0,42,58,10.5
Jordan Richo,102063,LB,FL A&M,1,0,0,,0,0,164,0,0,,60.0,65.6,59.7,,,0,0,0,0,,,0,0,0,0.0,0,0,0,0,0,0,1,1,0,0,1,0,0,0,1,0,0,0,0,0,0,0,0,0,0,
Jayden Barfield,102064,ED,ALCORN ST,1,0,0,,0,0,107,0,0,,63.9,71.9,63.1,,71.1,0,0,0,0,,,0,0,0,0.0,0,1,0,0,0,0,7,7,0,0,7,0,0,0,7,0,0,1,0,0,0,1,0,0,0,
Monroe Beard III,102067,LB,ARKAPB,1,4,0,,0,0,112,0,0,68.8,71.2,75.6,53.2,73.5,67.8,0,0,0,0,,9.1,1,0,0,0.0,0,0,0,40,0,25,53,1,0,0,1,0,0,52,4,24,12,2,6,0,0,0,0,0,0,
Timon Akins,102068,LB,ARKAPB,3,1,0,66.7,0,0,112,0,0,58.3,55.0,75.9,53.3,56.0,31.2,0,0,0,0,30,35.7,5,0,0,141.7,2,0,0,52,0,20,53,0,0,0,0,0,0,53,5,28,1,5,8,1,3,0,1,32,33,16.0
Ben Allen,102076,LB,BUCKNELL,11,17,0,76.5,0,0,125,0,0,63.5,66.6,55.8,56.8,69.8,59.7,6,5,0,0,18,15.5,15,1,2,108.2,13,2,0,654,0,307,693,15,0,0,15,0,0,678,84,302,24,40,65,3,17,13,1,93,28,7.2
Cooper Kim,102079,LB,BUCKNELL,5,1,0,100.0,0,0,125,0,0,59.0,34.5,0.0,57.1,32.7,82.9,0,0,0,0,16,0.0,0,0,1,118.8,1,0,0,48,0,13,48,0,0,0,0,0,0,48,4,31,0,1,6,1,1,0,0,16,3,16.0
Jack Wilkes,102080,LB,CAMPBELL,7,4,0,100.0,0,0,131,0,0,44.3,51.7,76.4,53.5,64.6,70.6,0,0,0,0,28,11.1,1,0,0,158.3,3,0,0,61,0,32,71,8,0,0,8,0,0,63,6,33,2,3,4,0,3,0,1,42,23,14.0
Xavier Kane,102083,S,CAMPBELL,3,0,0,83.3,0,0,131,0,0,51.3,49.2,0.0,60.0,62.0,29.2,0,0,0,0,23,50.0,2,1,1,141.7,5,0,0,16,3,17,47,0,0,0,0,0,0,47,1,29,28,1,2,1,6,0,1,51,35,10.2
Ron Olsen,102084,LB,CAMPBELL,1,0,0,,0,0,131,0,0,62.2,66.1,66.9,,61.7,73.1,0,0,0,0,,0.0,0,0,0,0.0,0,0,0,6,0,4,6,0,0,0,0,0,0,6,0,2,0,0,1,0,0,0,0,0,0,
Darin Davenport,102089,LB,CENT ARK,10,9,0,72.7,0,0,132,0,0,50.3,57.5,81.1,66.1,62.8,52.6,1,4,0,0,26,22.2,6,1,0,107.4,8,2,0,236,0,131,249,4,0,0,4,0,1,245,22,96,8,8,12,0,11,7,0,118,68,14.8
Dwain Hunt,102090,LB,CENT ARK,1,0,0,,0,0,132,0,0,,60.0,60.0,,60.0,,0,0,0,0,,,0,0,0,0.0,0,0,0,0,0,0,1,0,0,0,0,0,0,1,0,1,0,0,0,0,0,0,0,0,0,
Nate Miller,102092,LB,COLGATE,9,6,1,90.0,0,0,142,0,0,62.0,64.5,84.5,67.0,64.9,67.4,0,2,0,0,16,12.5,3,0,0,92.9,9,0,0,63,3,87,223,61,0,0,61,0,0,162,11,125,96,7,15,2,10,2,0,63,56,7.0
Tyler Flick,102093,LB,COLGATE,11,28,0,75.0,0,0,142,0,0,60.7,56.8,84.7,53.4,55.2,60.7,2,4,0,0,30,16.8,17,0,0,127.8,18,1,0,595,0,283,654,17,1,0,16,0,0,637,45,326,42,37,56,7,24,7,2,204,148,11.3
Di'Andre Davis,102094,LB,E TENN ST,11,12,0,66.7,0,2,157,0,0,72.6,77.2,48.0,90.7,74.2,74.1,3,4,0,0,14,10.9,5,1,1,92.0,14,2,0,147,1,181,417,98,0,0,98,0,0,319,38,198,171,16,29,2,21,9,1,93,69,6.6
Dwayne Ruff,102095,S,E TENN ST,1,0,0,,0,0,157,0,0,63.7,54.7,0.0,,60.5,,0,0,0,0,,,0,0,1,0.0,0,0,0,3,0,7,13,0,0,0,0,0,9,13,0,6,1,0,0,0,0,0,0,0,0,
Trey Middleton,102099,ED,ALAB A&M,7,4,0,,0,1,104,0,0,57.7,65.4,42.7,69.4,60.9,80.9,4,8,0,0,,0.0,0,0,1,0.0,0,2,0,6,0,0,183,176,0,3,154,19,0,7,112,71,1,6,5,0,0,14,0,0,0,
Stephen Scott,102100,LB,E TENN ST,6,10,0,81.8,0,0,157,0,0,82.1,76.0,31.4,61.1,68.2,80.2,2,6,0,0,14,7.1,3,1,1,114.8,9,0,0,362,0,156,364,1,0,0,1,0,0,363,60,148,1,18,29,3,11,8,1,47,17,5.2
Emmanuel Osuoha,102104,ED,E WASHGTON,1,0,0,,0,0,161,0,0,,58.9,70.0,58.9,60.0,,0,0,0,0,,,0,0,0,0.0,0,0,0,0,0,0,3,3,0,0,3,0,0,0,2,1,0,0,0,0,0,0,0,0,0,
Kyle Jackson,102106,ED,FL A&M,8,0,0,,0,0,164,0,0,60.0,52.6,0.0,59.7,53.3,71.1,0,0,0,0,,0.0,0,0,1,0.0,0,0,0,0,0,0,47,46,0,0,46,0,0,1,33,14,0,1,1,0,0,0,0,0,0,
Isaiah Land,102108,ED,FL A&M,8,3,1,,0,1,164,1,0,68.5,73.4,0.0,79.7,70.1,36.7,2,26,0,0,,33.3,9,0,6,0.0,0,7,0,12,0,7,359,347,0,0,331,16,0,12,202,150,0,19,15,6,0,35,0,0,0,
Tray Dunson,102111,S,GARD-WEBB,13,8,0,77.3,0,1,171,1,0,60.8,63.8,87.8,52.9,70.1,67.1,0,2,0,1,30,12.5,5,0,0,92.6,17,0,0,78,1,134,351,83,0,0,83,0,0,268,35,182,188,11,27,3,22,2,1,158,124,9.3
Christian Wright,102112,LB,GARD-WEBB,13,10,0,66.7,0,0,171,0,0,40.0,65.2,80.7,81.1,80.8,56.1,1,4,0,0,48,19.0,4,0,0,149.3,4,1,0,140,1,62,157,5,0,0,5,0,0,152,16,79,11,6,7,0,6,6,1,102,72,25.5
Ga'Marcus Freeman,102113,ED,GARD-WEBB,8,1,1,,0,0,171,0,0,69.7,58.9,81.3,56.5,53.7,47.3,0,4,0,0,,16.7,1,0,0,0.0,0,0,0,0,0,1,99,99,0,0,73,26,0,0,85,13,0,3,4,0,0,4,0,0,0,
Lewis Matthews,102116,LB,GRAMBLING,11,13,0,80.0,0,1,177,0,0,78.8,82.2,55.9,58.2,83.0,66.2,3,7,0,0,21,13.0,15,1,1,83.8,16,2,0,512,0,248,620,52,1,0,51,0,0,568,54,318,56,55,87,12,20,12,0,82,88,5.1
Jacob Dobbs,102118,LB,HOLY CROSS,4,6,0,100.0,0,0,181,0,0,63.4,70.7,0.0,81.8,69.0,72.5,3,7,0,0,25,8.3,3,0,2,104.2,8,0,0,188,0,75,223,20,0,0,20,0,1,203,40,108,14,16,27,1,8,10,0,72,59,9.0
Philip Ossai,102124,ED,N ALABAMA,11,8,1,,0,0,389,0,0,54.7,69.9,70.1,69.6,68.7,46.4,4,11,0,0,,21.7,10,0,1,0.0,0,2,0,9,0,1,506,495,30,25,331,109,0,11,241,264,2,20,28,6,0,17,0,0,0,
Christian White,102126,LB,HOWARD,10,5,0,47.4,0,0,184,1,0,62.6,60.9,9.3,69.3,58.1,39.5,7,2,0,0,22,24.6,15,0,2,60.2,9,3,0,451,0,202,492,16,0,0,16,0,0,476,44,246,23,32,41,3,19,12,0,85,66,9.4
Tyler Milliner,102127,S,HOWARD,1,0,0,100.0,0,0,184,0,0,45.1,50.8,72.8,,63.0,72.5,0,0,0,0,25,0.0,0,0,0,118.8,1,0,0,6,0,6,13,0,0,0,0,0,4,13,0,7,3,0,1,0,1,0,0,25,27,25.0
Tanner Brooks,102132,DI,IDAHO,8,1,0,,0,0,185,0,0,,61.4,78.2,53.0,68.2,35.5,0,3,0,0,,33.3,1,0,0,0.0,0,0,0,0,0,0,77,77,9,68,0,0,0,0,47,30,0,1,1,1,0,3,0,0,0,
Sully Shannon,102133,LB,IDAHO,7,2,0,100.0,0,0,185,0,0,65.2,70.0,80.9,61.6,70.8,72.9,0,0,0,0,40,7.1,1,0,0,118.8,3,0,0,87,0,45,125,17,0,0,17,0,0,108,5,75,21,8,11,2,3,0,0,52,45,17.3
Leo Tamba,102134,ED,IDAHO,12,9,0,66.7,0,0,185,0,0,72.0,61.5,90.5,60.0,57.3,66.2,2,12,0,0,22,16.7,5,0,0,88.2,2,5,0,47,0,21,533,485,1,0,479,5,1,48,262,250,0,12,16,2,3,19,0,22,9,11.0
Hogan Hatten,102135,LB,IDAHO,8,4,0,66.7,0,0,185,0,0,71.4,60.6,76.4,63.5,45.5,53.9,1,1,0,0,11,16.7,3,1,0,119.4,2,0,1,66,0,38,83,0,0,0,0,0,0,83,6,39,16,4,11,1,3,2,1,16,10,8.0
Jeremiah Jordan,102136,ED,ILL STATE,11,17,2,76.2,1,0,188,0,0,50.0,59.3,50.0,61.0,67.1,70.1,3,11,0,0,20,10.3,6,1,3,97.1,16,2,0,27,1,120,633,428,0,0,428,0,0,205,202,311,177,20,35,3,21,16,0,159,94,9.9
Cade Campos,102137,LB,ILL STATE,6,13,0,90.0,0,0,188,0,0,49.8,61.8,83.6,64.0,71.3,53.8,2,2,0,0,27,17.6,6,1,1,112.9,9,2,0,259,0,130,283,10,0,0,10,0,0,273,26,127,14,7,15,0,10,6,0,111,70,12.3
Matthew Wedig,102138,ED,ILL STATE,3,0,0,,0,0,188,1,0,60.0,55.7,77.9,56.1,56.5,24.1,0,2,0,0,,66.7,2,0,0,0.0,0,0,0,3,0,1,21,17,0,0,17,0,0,4,2,18,1,0,1,0,0,2,0,0,0,
Jacob Bellizzi,102139,LB,ILL STATE,2,1,0,50.0,0,1,188,0,0,74.8,68.5,73.7,59.5,59.5,71.3,0,0,0,0,8,11.1,1,0,0,60.4,1,0,0,41,0,15,46,0,0,0,0,0,0,46,1,30,5,4,7,0,2,0,0,8,3,8.0
David Whittemore,102143,LB,LNDNWD,8,8,1,77.3,0,2,949,1,0,58.6,45.7,45.0,55.7,38.2,28.0,0,2,0,0,38,29.6,21,2,1,132.0,17,0,0,462,1,254,514,0,0,0,0,0,4,514,20,240,46,19,42,3,22,2,2,186,127,10.9
Tyrone Griffin,102146,LB,LNDNWD,9,10,0,93.8,0,0,949,0,0,66.5,65.9,88.8,60.9,63.7,57.7,0,1,0,0,75,16.4,9,1,0,130.2,15,2,0,218,0,233,536,123,0,0,123,0,16,413,44,259,178,17,36,3,16,3,1,164,154,10.9
Isaiah Bishop,102149,ED,MONMOUTH,11,5,0,100.0,1,0,231,0,0,54.9,51.8,25.4,57.3,52.9,36.0,3,7,0,0,10,28.6,8,0,3,93.8,4,2,0,0,0,20,407,401,0,2,324,75,0,6,180,207,6,10,15,4,4,12,0,26,14,6.5
Ryan Moran,102150,LB,MONMOUTH,11,13,0,76.5,0,0,231,1,0,55.5,50.0,19.5,55.4,48.9,54.6,0,13,0,0,26,17.7,11,1,2,139.3,13,1,0,418,1,221,519,58,0,0,58,0,0,461,50,248,42,18,38,3,17,14,2,140,109,10.8
Tyler Delgado,102151,LB,MONMOUTH,10,7,0,85.7,0,0,231,0,0,58.4,66.1,79.5,64.0,69.4,49.3,0,3,0,0,7,23.1,6,0,0,81.5,6,1,0,138,1,63,185,36,0,0,36,0,2,149,21,101,8,10,13,2,7,4,0,25,36,4.2
David Faccone,102153,ED,MOREHEAD,9,3,0,,1,0,234,0,0,59.6,48.1,48.9,53.7,47.0,62.0,1,1,0,0,,11.8,2,0,1,0.0,0,1,0,1,0,1,222,220,0,0,184,36,0,2,115,106,1,7,12,0,0,3,0,0,0,
Alex Johnson,102155,LB,MONTANA ST,4,0,0,66.7,0,0,233,0,0,34.5,44.3,73.7,58.7,66.0,77.4,0,0,0,0,32,0.0,0,0,0,149.3,2,0,0,47,0,28,52,1,0,0,1,0,0,51,2,22,4,0,3,0,3,0,1,50,17,25.0
Lawrence Richardson,102162,LB,MORGAN ST,11,15,1,70.6,0,2,235,0,0,54.0,74.3,84.3,73.1,85.2,71.2,2,3,0,1,72,9.5,8,2,0,108.7,24,2,0,541,0,290,582,15,0,1,14,0,0,567,29,263,25,43,61,5,34,7,3,250,126,10.4
Arthur Hamlin,102163,S,COLGATE,6,4,0,75.0,1,0,142,0,0,69.9,69.7,7.4,,71.5,78.6,1,0,0,0,40,9.1,2,1,2,105.9,9,0,0,45,7,159,269,0,0,0,0,0,127,269,0,110,90,5,16,0,12,1,0,119,41,13.2
Nathan Genevick,102199,DI,ALBANY,5,2,0,,0,0,106,0,0,,67.4,76.8,54.9,72.3,73.4,0,0,0,0,,0.0,0,0,0,0.0,0,0,0,0,0,0,49,49,6,41,0,2,0,0,24,25,0,1,1,0,0,0,0,0,0,
Jack Sherman,102302,DI,INDIANA ST,8,2,0,,0,0,191,0,0,,73.7,82.1,57.2,78.2,47.5,0,1,0,0,,12.5,1,0,0,0.0,0,0,0,0,0,0,145,144,45,98,0,1,0,1,56,89,0,2,5,0,0,1,0,0,0,
Christian Lewis,102387,CB,ALBANY,11,3,0,66.1,0,0,106,0,0,35.2,39.9,82.6,57.7,56.1,73.4,0,0,0,0,80,8.6,3,2,3,129.4,37,0,0,71,340,211,422,6,0,0,6,0,0,416,3,208,5,6,29,0,56,0,6,491,109,13.3
Jordan Forrest,102417,HB,HOLY CROSS,1,0,0,,0,0,181,0,0,,60.0,60.0,,60.0,,0,0,0,0,,,0,0,0,0.0,0,0,0,0,0,0,1,0,0,0,0,0,0,1,0,1,0,0,0,0,0,0,0,0,0,
Marquese Albert,102421,HB,NICHOLLS,1,0,0,,0,0,243,0,0,60.0,62.4,60.0,,,,0,0,0,0,,,0,0,0,0.0,0,0,0,0,0,1,1,0,0,0,0,0,0,1,0,0,0,0,0,0,0,0,0,0,0,
Chance Trentman-Rosas,102432,LS,INCAR WORD,1,0,0,,0,0,189,0,0,,60.0,60.0,60.0,,,0,0,0,0,,,0,0,0,0.0,0,0,0,0,0,0,1,0,0,0,0,0,0,1,1,0,0,0,0,0,0,0,0,0,0,
Austin Goffney,102452,S,LAMAR,3,0,0,60.0,0,0,204,0,0,73.5,70.7,0.0,58.4,68.3,46.5,0,0,0,1,33,23.5,4,0,1,58.3,3,0,0,53,0,100,180,0,0,0,0,0,96,180,2,78,31,5,13,0,5,0,0,55,24,18.3
Larry Walker Jr.,102454,S,ALBANY,11,9,0,71.4,0,0,106,0,0,47.0,53.0,89.3,60.3,67.0,65.6,0,1,0,0,65,12.5,7,2,1,138.7,25,0,0,165,2,327,650,16,0,0,16,0,103,634,9,314,364,11,40,0,35,1,6,315,115,12.6
Brent Jackson,102457,S,BUCKNELL,11,19,1,64.2,1,2,125,1,0,90.1,90.5,87.6,71.4,80.6,72.0,0,2,0,4,31,13.3,16,6,1,69.5,34,4,0,255,3,404,775,16,0,0,16,0,367,759,23,348,134,41,85,5,53,6,4,258,57,7.6
Justin Murray,102459,S,BUCKNELL,1,0,0,100.0,0,0,125,0,0,49.3,31.0,70.4,,36.5,20.1,0,0,0,0,44,100.0,2,0,0,118.8,1,0,0,6,0,1,13,0,0,0,0,0,7,13,0,12,0,0,0,0,1,0,0,44,22,44.0
Jonathan Searcy,102460,S,BUCKNELL,11,4,0,65.4,0,0,125,0,0,75.0,72.3,88.3,56.6,64.2,51.5,0,0,0,1,32,22.7,10,1,0,90.1,17,0,0,153,8,354,652,3,0,0,3,0,267,649,3,295,221,13,30,2,26,0,2,149,64,8.8
Braden Price,102463,CB,ILL STATE,2,0,0,66.7,0,0,188,0,0,68.5,65.6,77.3,59.5,53.8,81.3,0,0,0,0,14,0.0,0,0,0,89.6,2,0,0,4,39,28,50,3,0,0,3,0,4,47,1,21,0,1,6,0,3,0,0,23,3,11.5
Tre Richardson,102464,CB,INCAR WORD,8,5,0,54.5,0,1,189,0,0,69.6,75.6,78.1,50.4,88.6,75.7,0,1,0,1,15,5.9,1,2,0,65.3,6,0,0,43,5,62,129,3,0,0,3,0,3,126,11,56,75,7,11,3,11,1,1,67,53,11.2
Shawn Holton,102465,S,INCAR WORD,14,2,0,51.6,0,1,189,0,0,84.7,73.2,89.8,72.9,35.3,53.4,2,0,0,3,29,24.3,9,5,1,39.4,16,0,0,72,4,267,440,5,0,0,5,0,225,435,5,168,131,12,26,1,31,2,1,172,91,10.8
Ricky Harleston,102467,CB,NORFOLK,11,2,0,84.6,0,0,244,0,0,66.4,66.1,85.0,55.1,64.9,69.5,0,0,0,0,21,10.0,2,1,0,98.7,11,0,0,64,13,129,335,10,0,0,10,0,0,325,6,200,246,6,16,1,13,0,0,100,61,9.1
Tim Stayskal,102486,TE,E TENN ST,1,0,0,,0,0,157,0,0,,60.0,60.0,,60.0,,0,0,0,0,,,0,0,1,0.0,0,0,0,0,0,0,1,0,0,0,0,0,0,1,0,1,0,0,0,0,0,0,0,0,0,
Taelyn Williams,102517,WR,ABILENE CH,1,0,0,,0,0,100,0,0,,61.2,60.0,,60.0,73.9,0,0,0,0,,0.0,0,0,0,0.0,0,0,0,0,0,0,1,0,0,0,0,0,0,1,0,1,0,1,1,1,0,0,0,0,0,
Devron Harper,102587,WR,MERCER,1,0,0,,0,0,219,0,0,60.0,62.4,60.0,,,,0,0,0,0,,,0,0,1,0.0,0,0,0,0,0,1,1,0,0,0,0,0,0,1,0,0,0,0,0,0,0,0,0,0,0,
Ayir Asante,102592,WR,HOLY CROSS,1,0,0,,0,0,181,0,0,,60.0,60.0,,60.0,,0,0,0,0,,,0,0,2,0.0,0,0,0,0,0,0,1,0,0,0,0,0,0,1,0,1,0,0,0,0,0,0,0,0,0,
Sean McCormick,102603,S,IDAHO,4,1,0,,0,0,185,0,0,65.6,66.9,73.5,,65.1,75.3,0,0,0,0,,0.0,0,0,0,0.0,0,0,0,11,0,12,24,0,0,0,0,0,8,24,0,12,4,0,0,0,0,0,0,0,0,
Kyrin Beachem,102604,S,IDAHO,10,3,0,25.0,0,1,185,0,0,57.2,61.5,86.2,,72.2,73.6,0,0,0,0,14,8.3,1,2,0,39.6,2,0,0,21,0,77,132,0,0,0,0,0,75,132,0,55,35,0,8,0,8,0,0,23,16,11.5
Jude Joseph,102662,LB,IDAHO ST,8,3,0,83.3,0,0,186,0,0,47.6,52.8,76.3,74.7,50.0,54.3,1,3,0,0,14,20.0,4,0,0,102.8,5,2,0,107,3,78,173,2,0,0,2,0,0,171,22,73,61,6,13,2,6,6,0,52,23,10.4
Grant Laws,102839,DI,BUCKNELL,11,2,0,,0,0,125,0,0,60.0,60.1,82.2,63.2,56.8,41.9,1,3,0,0,,33.3,1,0,0,0.0,0,0,0,0,0,0,170,170,68,102,0,0,0,0,72,98,0,1,0,0,0,4,0,0,0,
Travis West,103551,CB,PORTLAND,3,0,0,100.0,0,0,269,0,0,71.1,71.5,74.5,,62.7,73.4,0,0,0,0,2,0.0,0,0,0,79.2,1,0,0,1,1,10,21,1,0,0,1,0,0,20,0,11,17,1,1,0,1,0,0,2,-1,2.0
Kamden Garrett,103561,CB,WEBER ST,13,2,0,46.8,0,0,342,0,0,80.1,80.4,85.2,51.2,74.8,81.0,0,0,0,0,22,6.7,2,7,1,59.6,22,0,0,13,548,357,576,1,0,0,1,0,0,575,3,216,13,11,26,2,47,0,0,209,94,9.5
Maxwell Anderson,103562,CB,WEBER ST,13,9,1,60.0,0,0,342,0,0,81.0,83.0,57.1,68.4,84.6,77.8,0,0,0,5,48,8.1,5,5,2,74.4,39,0,0,48,574,488,848,4,0,0,4,0,3,844,3,357,218,19,48,3,65,0,5,448,212,11.5
Bruce Harmon Jr.,103569,CB,STF AUSTIN,11,4,0,42.9,0,0,301,0,0,77.5,72.7,0.0,58.3,53.5,74.8,0,0,0,2,32,4.2,1,4,4,46.7,12,0,0,17,440,272,476,2,0,0,2,0,5,474,1,203,11,2,19,0,28,0,1,180,69,15.0
Bryce Authement,103573,LB,NICHOLLS,4,1,0,0.0,0,0,243,0,0,72.6,64.0,74.1,59.5,51.9,32.3,0,0,0,0,,33.3,1,0,0,39.6,0,0,0,30,0,18,44,11,0,0,11,0,0,33,2,24,2,1,1,0,2,0,0,0,0,
Jordan Jackson,103574,CB,NICHOLLS,10,0,0,55.8,0,0,243,0,0,83.7,82.1,86.6,42.3,73.1,69.1,0,2,0,0,42,13.2,5,7,0,87.4,24,0,0,39,419,323,623,0,0,0,0,0,15,623,7,293,149,13,33,3,43,2,2,240,125,10.0
Shawn Hall,103577,S,NICHOLLS,4,0,0,,0,0,243,0,0,65.9,66.8,73.3,59.4,65.7,47.6,0,0,0,0,,25.0,1,0,0,0.0,0,0,0,21,0,18,36,0,0,0,0,0,8,36,1,17,7,2,3,0,0,0,0,0,0,
Zane McCrary,103579,CB,NICHOLLS,1,0,0,100.0,0,0,243,0,0,58.7,59.3,73.9,,60.6,73.4,0,0,0,0,9,0.0,0,0,0,104.2,1,0,0,4,1,12,19,0,0,0,0,0,0,19,0,7,14,0,1,0,1,0,0,9,13,9.0
Cameron Foreman,103584,CB,NORFOLK,3,1,0,,0,0,244,0,0,54.7,66.1,71.4,,73.5,58.9,0,0,0,0,,25.0,1,0,0,0.0,0,0,0,9,0,2,18,0,0,0,0,0,0,18,0,16,9,1,2,0,0,0,0,0,0,
Edwin Dearman,103591,CB,N IOWA,11,10,0,60.7,0,2,255,0,0,82.7,75.8,60.5,57.8,64.1,68.0,0,6,0,1,22,16.2,11,2,1,60.2,37,1,0,100,3,326,618,130,0,0,130,0,4,488,45,247,381,24,47,6,61,7,0,211,248,5.7
Davion Gaines,103592,CB,PORTLAND,4,0,0,66.7,0,0,269,0,0,65.3,66.6,78.2,,67.4,38.3,0,0,0,0,30,33.3,1,1,0,109.7,2,0,0,1,70,39,73,1,0,0,1,0,0,72,0,34,1,1,2,0,3,0,0,45,11,22.5
Michael Jackson,103593,CB,PORTLAND,9,3,0,77.1,1,1,269,0,0,61.0,59.9,84.4,68.3,52.5,62.0,1,0,0,2,44,13.9,5,2,2,122.7,27,0,0,33,262,190,334,19,0,0,19,0,3,315,5,139,15,8,28,1,35,1,4,353,227,13.1
Emmanuel Gomes,103595,CB,RHODE ISLD,10,5,0,72.7,0,0,274,0,0,55.6,63.6,84.5,62.6,81.3,71.4,0,1,0,1,13,11.1,2,0,0,44.9,8,0,0,13,1,63,120,23,0,0,23,0,3,97,9,48,80,3,11,0,11,1,0,53,31,6.6
Antonio Carter II,103597,CB,RHODE ISLD,11,9,1,64.0,1,2,274,2,0,76.5,76.0,48.2,57.9,77.7,78.6,1,3,0,1,33,9.5,7,8,8,91.8,32,1,0,148,483,357,658,6,0,0,6,0,3,652,14,287,18,21,58,4,50,5,2,377,103,11.8
Jordan Jones,103598,CB,RHODE ISLD,11,8,0,48.3,0,0,274,0,0,81.7,81.2,86.2,,69.4,67.0,0,0,1,3,66,12.2,5,8,0,74.6,28,0,0,37,706,417,756,5,0,0,5,0,0,751,0,339,8,9,28,1,58,0,4,429,129,15.3
Jarrett Martin,103600,LB,RHODE ISLD,11,6,0,80.0,0,1,274,1,0,72.1,71.7,87.1,70.8,60.9,54.1,1,12,1,1,8,22.2,6,0,0,47.9,4,3,0,15,0,63,205,186,0,1,182,3,0,19,92,50,4,13,15,2,5,16,0,25,31,6.3
Seun Filaoye,103602,CB,RHODE ISLD,1,0,0,,0,0,274,0,0,,60.0,60.0,,60.0,,0,0,0,0,,,0,0,0,0.0,0,0,0,0,0,0,1,0,0,0,0,0,0,1,0,1,0,0,0,0,0,0,0,0,0,
Jehiel Budgett,103606,CB,UC DAVIS,9,3,0,47.4,0,0,322,0,0,78.6,76.8,31.1,58.8,67.1,54.3,0,0,0,1,22,17.9,5,7,1,56.1,18,0,0,32,400,254,445,2,0,0,2,0,3,443,2,189,7,6,20,1,38,0,1,153,58,8.5
Javeon Ensley,103611,S,STETSON,10,10,0,52.0,0,1,302,0,0,90.5,91.0,0.0,81.1,91.1,79.0,1,8,1,6,60,9.3,7,1,4,51.0,13,2,0,247,29,259,625,99,0,1,98,0,109,526,36,330,138,31,58,10,25,11,1,191,111,14.7
Ke'Shon Murray,103618,CB,MCNEESE,5,1,0,52.9,0,0,217,0,0,60.2,60.8,81.6,59.7,61.6,52.1,0,0,0,0,21,25.0,3,2,1,89.6,9,0,0,16,251,107,269,1,0,0,1,0,0,268,1,161,0,2,8,0,17,0,1,97,37,10.8
Kam Alexander,103620,CB,SM HOUSTON,4,0,0,47.8,0,0,281,0,0,78.6,76.8,82.1,,59.7,50.7,0,0,0,1,35,25.0,4,0,0,41.4,11,0,0,21,245,155,269,0,0,0,0,0,1,269,0,114,2,8,12,1,23,0,0,97,27,8.8
Darrel Hawkins-Williams,103622,S,SM HOUSTON,6,4,0,69.2,0,0,281,0,0,67.8,74.0,83.0,59.6,85.4,80.6,0,0,0,0,21,6.9,2,2,0,86.4,9,0,0,85,0,132,237,5,0,0,5,0,66,232,1,104,81,12,23,0,13,0,0,83,27,9.2
Aljareek Malry,103625,S,VA MILT IN,11,24,0,64.4,0,2,336,0,0,64.0,60.3,88.9,59.1,53.6,41.5,1,7,0,0,72,23.5,23,1,0,95.0,29,0,0,210,77,297,765,134,0,0,134,0,11,631,64,404,331,31,51,5,45,8,1,343,240,11.8
Marquan Jones,103627,S,VA MILT IN,1,0,0,,0,0,336,0,0,,59.4,70.4,58.3,60.1,,0,0,0,0,,,0,0,0,0.0,0,0,0,1,0,0,5,4,0,0,4,0,0,1,3,2,0,0,0,0,0,0,0,0,0,
Aladdin Elroumy,103628,ED,VA MILT IN,4,0,0,,0,0,336,1,0,63.6,57.7,81.3,50.7,61.3,35.1,0,2,0,0,,42.9,3,0,0,0.0,0,0,0,9,2,8,71,56,0,0,56,0,0,15,29,34,4,3,4,1,0,2,0,0,0,
Jacob White,103633,S,ROB MORRIS,3,4,0,50.0,0,0,277,1,0,63.0,54.4,80.7,57.8,38.3,60.4,0,0,0,0,12,16.7,3,0,0,67.7,2,0,0,44,3,66,153,2,0,0,2,0,84,151,2,85,20,1,11,0,4,0,0,23,15,11.5
Garret Fairman,103645,ED,ROB MORRIS,11,4,0,60.0,0,0,277,0,0,45.5,51.8,87.2,57.1,51.5,41.9,2,4,0,0,12,23.1,6,0,0,70.4,3,1,0,13,0,19,329,313,1,20,245,47,0,16,135,175,3,14,16,4,5,7,0,22,19,7.3
Quinton Hicks,103651,ED,S DAK ST,15,6,0,100.0,0,0,292,0,0,58.2,65.3,60.3,62.9,67.8,57.4,4,14,0,0,11,19.2,5,0,1,112.5,1,3,0,5,0,7,325,319,0,4,241,74,0,6,182,136,1,10,15,0,1,21,0,11,2,11.0
Caden Johnson,103652,ED,S DAK ST,15,5,0,,0,1,292,0,0,60.9,71.8,20.6,64.6,80.2,63.7,4,13,0,0,,12.0,3,0,3,0.0,0,3,0,0,0,2,362,361,0,11,292,58,0,1,210,150,0,12,17,1,0,20,0,0,0,
Kevin Brenner,103653,ED,S DAK ST,6,1,0,,0,0,292,0,0,66.2,67.2,78.7,59.1,65.6,77.2,0,0,0,0,,0.0,0,0,0,0.0,0,0,0,1,0,0,61,60,0,0,52,8,0,1,41,20,0,3,4,0,0,0,0,0,0,
Zac Wilson,103654,ED,S DAK ST,13,2,0,0.0,0,0,292,0,0,60.0,65.9,80.6,58.8,69.5,78.9,3,1,0,0,,0.0,0,0,0,39.6,0,0,0,0,0,0,119,119,0,0,97,22,0,0,72,47,0,5,6,0,1,4,0,0,0,
Juan Henry,103656,ED,TXAMEA,11,3,0,,0,0,1139,0,0,60.7,65.8,7.5,61.3,72.6,73.0,2,4,0,0,,6.7,1,0,2,0.0,0,1,0,0,1,1,164,162,0,0,127,35,0,2,85,78,0,9,11,2,0,7,0,0,0,
Marje Smith,103659,ED,STF AUSTIN,11,6,0,100.0,0,1,301,1,1,78.7,79.6,84.9,73.7,71.7,86.1,4,6,0,0,38,0.0,0,0,0,158.3,1,4,1,15,0,13,201,184,0,2,169,13,0,17,103,85,2,11,14,1,1,14,1,38,24,38.0
Rason Williams II,103663,DI,STF AUSTIN,10,0,0,,0,0,301,0,0,61.1,63.2,0.0,80.9,52.9,76.9,0,6,0,0,,0.0,0,0,2,0.0,0,0,0,0,0,1,148,147,19,112,2,14,0,1,77,70,1,5,8,1,0,6,0,0,0,
Terrance Wair,103666,ED,STF AUSTIN,11,2,0,,0,1,301,0,0,75.2,76.7,82.1,63.3,68.8,56.8,2,3,0,0,,15.4,2,0,0,0.0,0,2,0,0,0,3,157,156,0,6,126,24,0,1,77,77,1,7,9,1,0,7,0,0,0,
Chance Hill,103667,ED,STF AUSTIN,7,1,0,,0,0,301,0,0,69.5,76.0,78.7,57.1,79.3,77.8,0,0,0,1,,0.0,0,0,0,0.0,0,0,0,2,0,3,66,64,0,1,58,5,0,2,28,35,0,4,4,1,0,0,0,0,0,
Ryan Capasso,103669,DI,N COLORADO,9,11,0,,0,1,253,0,0,55.9,53.5,82.6,59.5,51.0,45.0,1,2,0,0,,13.8,4,0,0,0.0,0,1,0,0,0,1,319,319,8,175,48,88,0,0,134,184,0,10,14,1,0,4,0,0,0,
Elijah Reames,103673,ED,NICHOLLS,10,6,0,66.7,0,0,243,0,0,64.6,59.7,87.1,55.1,58.9,42.9,0,4,0,0,12,20.5,8,1,0,84.0,4,1,0,11,0,18,300,286,0,0,264,22,0,14,93,189,2,16,25,4,6,5,0,38,41,9.5
Perry Ganci,103676,ED,NICHOLLS,11,21,0,,1,1,243,0,0,61.1,72.4,52.9,65.4,75.4,51.5,2,16,0,0,,15.5,9,0,2,0.0,0,6,0,0,0,2,546,544,0,48,299,197,0,2,276,268,0,25,28,4,0,24,0,0,0,
Kennedy Freeman,103681,ED,PORTLAND,10,0,0,,0,0,269,0,0,,59.0,13.0,59.2,63.9,57.4,0,2,0,0,,25.0,2,0,2,0.0,0,3,0,1,0,0,185,184,0,1,164,19,0,1,101,84,0,7,6,1,0,5,0,0,0,
Tajhir Tate,103692,DI,WAGNER,11,6,0,,0,0,338,0,0,61.5,65.4,34.8,59.7,68.9,63.8,4,3,0,0,,9.1,2,0,3,0.0,0,0,0,2,0,0,488,486,327,152,0,7,0,2,223,265,0,12,14,2,0,7,0,0,0,
Zeke Birch,103693,DI,WEBER ST,13,6,0,,0,0,342,0,0,70.0,78.1,84.6,67.1,78.8,45.8,0,8,0,0,,19.2,5,0,0,0.0,0,0,0,0,0,0,304,304,142,149,0,13,0,0,162,142,0,11,15,4,0,8,0,0,0,
Jevon Leon,103696,ED,SM HOUSTON,4,1,0,100.0,0,0,281,1,0,52.0,76.9,82.4,75.2,75.8,48.3,3,13,0,0,20,20.0,3,0,0,118.8,1,1,0,0,0,5,207,207,0,3,133,71,0,0,122,80,0,8,11,3,1,17,0,20,11,20.0
Chris Scott,103697,DI,SM HOUSTON,9,3,0,,0,0,281,0,0,77.0,73.7,62.6,68.4,72.0,61.1,1,13,0,0,,6.3,1,0,1,0.0,0,0,0,1,0,0,375,374,123,242,6,3,0,1,214,161,0,10,12,5,0,14,0,0,0,
Jaylon Haney,103699,DI,E KENTUCKY,12,0,0,,0,0,159,0,0,,57.5,80.6,55.1,58.8,46.5,0,6,0,0,,30.8,4,0,0,0.0,0,0,0,0,0,0,220,220,0,82,5,133,0,0,107,113,0,5,9,0,0,6,0,0,0,
Jacarri Braddy,103706,DI,STETSON,1,0,0,,0,0,302,0,0,,59.1,69.8,58.9,,,0,0,0,0,,,0,0,0,0.0,0,0,0,0,0,0,4,4,4,0,0,0,0,0,4,0,0,0,0,0,0,0,0,0,0,
Jarod DePriest,103718,DI,S DAK ST,15,5,0,,0,0,292,0,0,58.3,62.1,83.8,66.8,57.1,32.6,1,11,0,0,,25.0,4,0,0,0.0,0,3,0,0,0,0,352,351,23,317,3,8,0,1,206,146,0,7,7,0,0,15,0,0,0,
Carl Williams,103720,DI,STF AUSTIN,11,1,0,,0,0,301,0,0,62.6,85.3,80.4,60.2,90.1,78.6,0,3,0,0,,0.0,0,0,0,0.0,0,0,0,1,0,0,119,118,44,73,0,1,0,1,56,63,0,9,12,2,0,3,0,0,0,
BJ Scarlett,103721,DI,STF AUSTIN,2,0,0,,0,0,301,0,0,,75.7,70.8,58.9,73.3,70.2,0,0,0,0,,0.0,0,0,0,0.0,0,0,0,0,0,0,8,8,0,6,2,0,0,0,3,5,0,1,1,0,0,0,0,0,0,
Jacob Parker,103750,LB,NICHOLLS,3,2,0,,0,0,243,0,0,65.8,66.7,73.6,58.0,65.8,80.3,0,0,0,0,,16.7,1,0,0,0.0,0,0,0,27,1,13,29,0,0,0,0,0,0,29,0,16,0,0,3,0,0,0,0,0,0,
Shamar Hill,103754,ED,NORFOLK,7,2,0,,0,0,244,0,0,71.3,47.6,32.3,53.2,44.4,29.2,0,2,0,0,,33.3,4,0,1,0.0,0,1,0,0,0,3,138,138,0,0,132,6,0,0,57,78,0,7,6,2,0,3,0,0,0,
Sage Beuchert-Irvine,103757,ED,NORFOLK,10,7,0,,0,0,244,0,0,63.2,53.2,86.8,50.4,53.8,68.5,0,5,0,0,,8.7,2,0,0,0.0,0,0,0,0,0,5,401,401,0,0,397,4,0,0,173,223,0,9,14,1,0,5,0,0,0,
David Hoage,103759,LB,N COLORADO,1,0,0,,0,0,253,0,0,,60.2,64.4,,60.0,,0,0,0,0,,,0,0,0,0.0,0,0,0,0,0,0,1,1,0,1,0,0,0,0,0,1,0,0,0,0,0,0,0,0,0,
Emmanuel Adebayo,103762,ED,FURMAN,10,2,0,100.0,0,0,170,0,0,64.8,54.3,83.5,53.9,51.9,81.5,0,3,0,0,6,0.0,0,0,0,91.7,1,1,0,5,2,6,108,100,0,0,100,0,0,8,72,30,1,4,5,0,1,4,0,6,6,6.0
Elijah Anderson-Taylor,103763,LB,N COLORADO,11,23,0,75.6,0,5,253,3,1,72.3,67.7,11.1,60.3,67.1,72.1,1,5,0,0,44,12.8,16,1,3,110.5,31,1,0,548,0,263,669,77,0,0,77,0,1,592,34,372,42,43,86,5,41,7,2,287,154,9.3
Cameron Baker,103767,LB,N IOWA,3,0,0,,0,0,255,1,0,70.8,53.7,74.5,,40.3,30.8,0,0,0,0,,33.3,1,0,0,0.0,0,0,0,16,0,8,19,3,0,0,3,0,0,16,0,11,0,1,2,0,0,0,0,0,0,
Spencer Cuvelier,103768,LB,N IOWA,10,24,0,84.6,0,1,255,0,0,42.9,56.7,85.1,68.6,64.5,53.1,1,2,0,0,48,15.3,15,3,0,136.1,33,3,0,591,1,333,653,24,0,0,24,0,0,629,39,281,37,30,59,2,39,6,3,410,298,12.4
Jake McLaughlin,103771,ED,N IOWA,2,0,0,,0,0,255,0,0,,56.9,69.5,56.9,,,0,0,0,0,,,0,0,0,0.0,0,0,0,0,0,0,4,4,0,0,4,0,0,0,4,0,0,0,0,0,0,0,0,0,0,
Zack Mandera,103774,LB,PORTLAND,1,1,0,100.0,0,0,269,0,0,44.0,28.1,73.2,,27.4,26.0,0,0,0,0,18,50.0,3,0,0,118.8,2,0,0,18,0,10,18,0,0,0,0,0,0,18,0,8,0,0,2,0,2,0,0,28,26,14.0
Moses Finau,103775,DI,PORTLAND,11,9,2,,2,1,269,1,0,31.7,56.8,43.6,57.3,61.4,36.4,3,8,0,0,,19.4,6,0,3,0.0,0,1,0,4,0,1,601,597,390,180,4,23,0,4,344,256,0,15,16,7,0,12,0,0,0,
Johnny Alvarado,103779,ED,RHODE ISLD,2,0,0,,0,0,274,0,0,60.0,60.2,68.4,59.6,,,0,0,0,0,,,0,0,0,0.0,0,0,0,1,0,1,3,2,0,0,1,1,0,1,2,0,0,0,0,0,0,0,0,0,0,
Cole Brockwell,103781,LB,RHODE ISLD,10,6,0,100.0,0,0,274,0,0,53.5,59.2,78.2,51.1,66.9,48.0,0,1,0,0,17,23.1,3,0,0,115.3,3,0,0,92,0,36,109,0,0,0,0,0,0,109,10,63,17,1,4,1,3,1,0,35,36,11.7
Matt Barnett,103782,S,LNDNWD,2,0,0,50.0,0,0,949,0,0,50.5,41.2,78.1,57.3,29.3,26.5,0,0,0,0,15,50.0,4,1,0,69.8,2,0,0,13,0,31,49,5,0,0,5,0,9,44,2,16,22,1,4,0,4,0,0,25,35,12.5
Payton Shafer,103783,LB,S DAK ST,10,5,0,90.9,0,0,292,0,0,68.4,65.4,79.9,74.7,54.6,54.6,2,1,0,0,47,17.2,5,0,0,154.0,10,0,0,158,1,118,199,6,0,0,6,0,2,193,9,72,32,9,19,0,11,3,2,126,76,12.6
Adam Bock,103784,LB,S DAK ST,11,17,0,56.0,0,1,292,1,0,71.3,80.3,83.0,78.6,79.6,60.0,4,8,0,0,26,15.2,12,1,0,70.4,14,4,0,417,1,237,472,2,0,0,2,0,0,470,28,207,50,41,50,2,25,16,0,130,95,9.3
Graham Spalding,103786,LB,S DAK ST,12,11,0,58.8,0,0,292,1,0,62.2,58.9,26.6,52.4,58.6,61.8,1,3,0,0,34,18.8,9,0,1,76.8,10,0,0,247,5,176,354,39,0,0,39,0,2,315,22,156,60,17,28,2,17,4,0,105,51,10.5
Clayton Jensen,103792,LB,SO UTAH,11,7,0,100.0,0,0,298,0,0,66.0,68.4,0.0,77.2,67.0,79.2,3,1,0,0,16,4.5,1,0,1,107.3,4,1,0,167,0,79,178,2,0,0,2,0,0,176,6,93,9,15,14,1,4,5,0,39,31,9.8
Cole Hansen,103794,LB,UC DAVIS,8,3,0,87.5,0,0,322,1,0,67.1,71.8,80.1,55.7,74.8,43.0,0,0,0,0,14,22.7,5,0,0,92.2,7,0,0,180,0,109,207,3,0,0,3,0,0,204,5,93,24,7,14,1,8,0,0,49,38,7.0
Shane Quast,103799,LB,WAGNER,8,8,1,80.0,0,0,338,0,0,58.3,65.1,83.8,68.3,65.2,62.4,1,2,0,0,17,11.9,5,0,0,86.7,4,0,0,194,0,60,214,18,0,0,18,0,0,196,18,136,2,18,29,2,5,3,0,24,20,6.0
Trevor Williams,103810,LB,SM HOUSTON,4,17,0,62.5,0,1,281,0,0,65.1,74.9,79.3,68.8,80.8,86.2,1,2,0,0,12,2.7,1,0,0,76.0,5,0,0,258,0,138,274,5,0,0,5,0,0,269,19,117,11,12,19,1,8,3,0,42,16,8.4
Stone Snyder,103813,LB,VA MILT IN,10,22,0,50.0,0,1,336,0,0,82.0,77.8,84.9,67.6,71.8,81.7,3,13,0,0,13,8.1,9,0,0,60.0,5,1,0,508,2,202,635,101,0,0,101,0,0,534,95,338,22,48,80,3,10,17,0,39,28,7.8
Jamar Shegog,103825,LB,ROB MORRIS,5,5,0,50.0,0,0,277,0,0,55.6,54.6,0.0,61.5,58.8,38.0,1,2,0,0,52,25.7,9,0,2,135.4,4,0,0,192,0,98,224,15,0,0,15,0,0,209,16,110,17,13,21,1,8,3,1,109,55,27.3
Jermaine Brown,103828,LB,STF AUSTIN,11,12,1,77.3,0,0,301,0,0,64.6,64.1,83.3,62.0,62.1,50.6,2,3,0,0,58,17.5,10,0,0,119.3,17,0,0,559,0,301,613,3,0,0,3,0,3,610,36,276,48,20,35,2,22,5,1,199,167,11.7
Brevin Randle,103830,LB,STF AUSTIN,2,3,0,50.0,0,0,301,0,0,66.4,60.3,78.8,55.8,54.2,65.4,0,0,0,0,5,12.5,2,0,0,56.3,1,0,0,92,0,41,96,0,0,0,0,0,2,96,3,52,2,5,11,1,2,0,0,5,1,5.0
Anthony Blume,103845,DI,NORFOLK,11,13,0,,0,0,244,1,0,64.0,70.0,83.9,59.5,71.9,66.9,0,5,0,0,,6.5,2,0,0,0.0,0,1,0,0,0,0,389,389,37,336,0,16,0,0,176,213,0,14,16,4,0,6,0,0,0,
Charles Dixon,103885,DI,VA MILT IN,11,11,0,,0,2,336,0,0,60.0,63.0,87.7,60.6,62.6,70.7,0,2,0,0,,5.9,2,0,0,0.0,0,0,0,0,0,0,428,427,332,94,0,1,0,1,170,258,0,15,21,1,0,2,0,0,0,
Montrell Stanley,103911,S,VA MILT IN,1,0,0,,0,0,336,0,0,,51.9,70.1,,52.8,28.7,0,0,0,0,,50.0,1,0,0,0.0,0,0,0,0,0,0,4,0,0,0,0,0,4,4,0,4,0,1,1,0,0,0,0,0,0,
Tommy Smith,103936,TE,RHODE ISLD,1,0,0,,0,0,274,0,0,,60.0,60.0,,60.0,,0,0,0,0,,,0,0,0,0.0,0,0,0,0,0,0,1,0,0,0,0,0,0,1,0,1,0,0,0,0,0,0,0,0,0,
John Carrington,103966,HB,NICHOLLS,1,0,0,,0,0,243,0,0,,60.0,60.0,60.0,,,0,0,0,0,,,0,0,0,0.0,0,0,0,0,0,0,1,0,0,0,0,0,0,1,1,0,0,0,0,0,0,0,0,0,0,
Gabe Sloat,103980,HB,RHODE ISLD,1,0,0,,0,0,274,0,0,,60.0,60.0,,60.0,,0,0,0,0,,,0,0,1,0.0,0,0,0,0,0,0,1,0,0,0,0,0,0,1,0,1,0,0,0,0,0,0,0,0,0,
Jeremiah Chukwudobe,103986,HB,UC DAVIS,1,0,0,,0,0,322,0,0,,60.0,60.0,,60.0,,0,0,0,0,,,0,0,0,0.0,0,0,0,0,0,0,1,0,0,0,0,0,0,1,0,1,0,0,0,0,0,0,0,0,0,
Chase Norblade,104015,S,S DAK ST,8,4,0,83.3,0,0,292,0,0,72.6,74.3,83.1,62.0,75.3,66.7,0,1,0,1,15,15.0,3,0,0,55.6,5,1,0,101,6,153,246,0,0,0,0,0,105,246,1,92,34,7,13,1,6,2,0,41,14,8.2
Myles Heard,104023,S,STF AUSTIN,11,24,2,68.8,0,0,301,0,0,52.1,62.8,47.7,75.3,78.3,60.3,0,0,0,1,40,17.2,17,2,1,120.4,22,2,0,299,5,355,640,7,0,0,7,0,229,633,12,273,100,24,58,0,32,2,4,265,113,12.0
Elias Spence,104032,TE,PORTLAND,2,0,0,,0,0,269,0,0,,66.6,60.0,,61.0,71.5,0,0,0,0,,0.0,0,0,2,0.0,0,0,0,0,0,0,2,0,0,0,0,0,0,2,0,2,0,1,1,1,0,0,0,0,0,
Evan Bearden,104039,DI,UC DAVIS,11,4,2,,0,0,322,0,0,62.2,58.9,83.7,60.2,55.5,40.9,4,9,0,0,,20.0,5,0,0,0.0,0,0,0,0,0,0,426,426,16,307,20,83,0,0,212,214,0,13,16,0,0,13,0,0,0,
Ernie Campbell,104042,ED,VA MILT IN,11,6,1,,0,0,336,0,0,59.6,52.2,30.7,57.4,52.3,65.7,4,8,0,0,,9.5,2,0,3,0.0,0,0,0,1,0,0,521,518,0,36,161,321,0,3,237,284,0,10,13,3,0,12,0,0,0,
Lance Williams,104055,WR,NICHOLLS,1,0,0,,0,0,243,0,0,60.0,62.4,60.0,,,,0,0,0,0,,,0,0,0,0.0,0,0,0,0,0,1,1,0,0,0,0,0,0,1,0,0,0,0,0,0,0,0,0,0,0,
Tremayne Talbert,104058,WR,NORFOLK,1,0,0,,0,0,244,0,0,,60.1,60.0,,60.0,,0,0,0,0,,,0,0,0,0.0,0,0,0,0,0,0,1,0,0,0,0,0,0,1,0,1,0,0,0,0,0,0,0,0,0,
Canyon Bauer,104076,WR,S DAK ST,1,0,0,,0,0,292,0,0,,60.0,,,60.0,,0,0,0,0,,,0,0,0,0.0,0,0,0,0,0,0,1,0,0,0,0,0,0,1,0,1,0,0,0,0,0,0,0,0,0,
Haze Hadley,104101,WR,WEBER ST,1,0,0,,0,0,342,0,0,,60.0,60.0,,60.0,,0,0,0,0,,,0,0,1,0.0,0,0,0,0,0,0,1,0,0,0,0,0,0,1,0,1,0,0,0,0,0,0,0,0,0,
Ty'rell Holley,104115,S,VA MILT IN,3,0,0,100.0,0,0,336,0,0,43.7,48.4,78.1,60.0,55.4,26.7,0,0,0,0,27,50.0,2,0,0,158.3,2,0,0,14,3,12,51,3,0,0,3,0,27,48,1,38,4,2,2,0,2,0,1,32,1,16.0
Kyser Samuel,104118,CB,VA MILT IN,10,5,0,76.5,0,0,336,0,0,45.7,48.6,82.0,59.4,60.5,36.5,0,0,0,0,70,29.2,7,1,1,133.2,13,0,0,17,214,108,248,1,0,0,1,0,1,247,1,139,15,1,12,0,17,0,1,195,79,15.0
Ethan Frenchik,104129,S,ROB MORRIS,9,5,0,71.4,0,0,277,0,0,63.2,61.9,78.8,66.6,57.7,41.4,0,3,0,1,24,26.1,6,1,0,48.2,5,0,0,145,1,86,200,13,0,0,13,0,8,187,11,103,33,6,12,2,7,3,0,44,43,8.8
Xavier Gipson,104136,WR,STF AUSTIN,1,0,0,,0,0,301,0,0,60.0,62.4,60.0,,,,0,0,0,0,,,0,0,1,0.0,0,0,0,0,0,1,1,0,0,0,0,0,0,1,0,0,0,0,0,0,0,0,0,0,0,
Tayvion Land,104141,CB,NORFOLK,8,5,0,77.8,0,0,244,0,0,66.3,70.2,82.9,56.0,78.4,69.2,0,0,0,0,28,11.5,3,0,0,99.5,7,0,0,59,2,115,235,9,0,0,9,0,1,226,3,117,164,9,18,2,9,0,0,71,39,10.1
Isaiah Avery,104151,CB,PORTLAND,11,9,0,48.9,1,0,269,0,0,63.4,60.5,52.5,77.9,41.3,58.0,1,1,0,0,55,16.2,6,4,3,103.8,22,0,0,29,698,432,751,17,0,0,17,0,1,734,4,315,4,2,22,1,45,2,4,339,161,15.4
Jaylon Pitts,104213,S,ALCORN ST,3,0,0,,0,0,107,0,0,60.5,52.1,69.8,59.4,51.4,73.1,0,0,0,0,,0.0,0,0,0,0.0,0,0,0,11,0,2,11,0,0,0,0,0,0,11,1,8,0,0,1,0,0,0,0,0,0,
Nic Cheeley,104225,S,E KENTUCKY,12,8,0,65.4,0,1,159,0,0,54.3,56.3,87.4,57.0,58.7,56.3,0,0,0,0,29,18.6,13,1,2,114.7,17,0,0,284,0,302,669,5,0,0,5,0,215,664,3,364,165,9,49,3,26,0,2,203,147,11.9
Cally Chizik,104226,CB,FURMAN,13,6,0,62.2,0,0,170,0,0,88.8,84.8,33.4,55.6,75.1,67.7,2,2,2,3,40,12.9,4,5,1,71.2,23,0,0,77,10,278,395,12,0,0,12,0,4,383,11,106,292,14,21,2,37,4,3,214,105,9.3
Kam Brinson,104227,S,FURMAN,13,8,0,64.4,1,0,170,4,0,69.5,76.2,89.7,60.0,90.6,67.1,0,0,0,1,52,15.3,11,4,1,100.9,29,0,0,127,1,510,793,1,0,0,1,0,459,792,1,282,203,19,53,5,45,0,3,347,122,12.0
Dylan DeCuire,104228,S,PRVIEW A&M,6,1,0,75.0,0,0,270,0,0,67.5,53.9,80.6,,30.5,23.6,0,0,0,0,20,58.3,7,0,0,99.0,3,0,0,43,2,62,144,1,0,0,1,0,75,143,0,82,23,1,4,0,4,0,0,33,38,11.0
Kriston Davis,104229,CB,SOUTHERN U,12,9,0,55.0,2,0,297,0,0,80.8,81.4,50.8,57.3,81.1,67.1,0,0,1,2,40,13.5,7,8,7,80.6,33,0,0,35,664,424,707,6,0,0,6,0,0,701,2,281,2,13,36,4,60,0,4,351,98,10.6
PJ Jules,104232,S,S ILLINOIS,11,17,0,69.4,1,1,295,0,0,65.7,69.7,87.6,93.5,58.9,64.9,3,0,0,0,79,15.6,10,6,5,126.0,25,3,0,84,11,295,503,27,0,0,27,0,146,476,15,193,235,17,37,1,36,6,3,331,124,13.2
Jaedon Joyner,104237,CB,WM & MARY,10,1,0,51.9,0,0,348,0,0,64.9,63.3,83.2,60.0,48.2,47.2,0,0,0,0,39,23.8,5,0,2,109.8,14,0,0,9,322,199,340,0,0,0,0,0,0,340,1,140,8,4,15,0,27,0,3,178,46,12.7
Tavian Montgomery,104239,S,N ARIZONA,7,0,0,100.0,0,0,252,0,0,39.1,41.1,79.3,57.4,47.9,45.9,1,3,0,0,30,25.0,2,0,0,151.7,10,0,0,22,3,47,91,4,0,0,4,0,17,87,10,34,44,3,6,1,10,4,1,124,80,12.4
Lawson Cook,104241,S,CHARLES SO,8,4,0,66.7,0,0,135,0,0,75.8,71.3,0.0,,72.7,68.2,0,0,0,2,7,12.5,2,0,2,33.3,2,0,0,50,0,55,107,1,0,0,1,0,42,106,0,52,14,4,10,2,3,0,0,11,2,5.5
Cody Cline,104243,CB,CHARLES SO,1,0,0,,0,0,135,0,0,,51.9,0.0,,61.1,73.5,0,0,0,0,,0.0,0,0,1,0.0,0,0,0,0,1,0,1,0,0,0,0,0,0,1,0,1,0,0,1,0,0,0,0,0,0,
Dennis Fisher,104244,S,ALAB A&M,3,1,0,,0,0,104,0,0,63.1,57.8,75.9,59.6,47.1,51.8,1,0,0,0,,22.2,2,0,0,0.0,0,0,0,34,0,36,67,0,0,0,0,0,29,67,2,29,4,2,6,0,0,1,0,0,0,
Trayson Fowler,104245,S,CHARLES SO,5,1,0,50.0,0,0,135,0,0,37.8,47.8,76.2,,72.8,31.4,0,0,0,0,44,12.5,1,1,0,135.4,2,0,0,25,1,32,63,0,0,0,0,0,27,63,0,31,9,1,6,0,4,0,2,54,34,27.0
Dylan Jones,104246,CB,CHARLES SO,4,0,0,100.0,0,0,135,0,0,56.5,56.0,76.6,,56.0,,0,0,0,0,29,,0,0,0,158.3,2,0,0,6,26,29,57,0,0,0,0,0,10,57,0,28,14,0,0,0,2,0,1,41,0,20.5
Nasir McNair,104258,CB,FORDHAM,6,1,0,50.0,1,0,168,0,0,52.0,52.8,82.4,51.7,61.2,82.7,0,0,0,0,55,0.0,0,1,4,132.9,9,0,0,9,241,153,258,3,0,0,3,0,0,255,3,102,5,0,7,0,18,0,2,280,73,31.1
Jackson Barletta,104260,LB,FORDHAM,10,0,0,57.1,0,0,168,0,0,72.3,72.3,76.9,52.3,79.7,71.9,1,1,0,1,26,0.0,0,0,0,47.0,4,0,0,64,0,64,93,1,0,0,1,0,18,92,17,12,10,6,11,0,7,2,0,62,14,15.5
Stephen Williams II,104261,CB,FORDHAM,12,18,0,54.1,1,1,168,0,0,73.0,73.1,58.5,63.5,72.1,90.2,3,4,0,3,60,4.1,3,10,6,85.0,40,1,0,130,14,419,730,40,0,0,40,0,16,690,46,265,530,24,52,4,74,8,5,572,193,14.3
Parker Spillers,104262,LB,FORDHAM,11,5,0,85.7,0,0,168,0,0,52.7,61.5,83.1,53.6,69.5,53.3,0,0,0,0,87,15.4,2,1,0,158.3,6,0,0,78,1,57,151,70,0,0,70,0,0,81,14,80,2,6,6,2,7,0,1,155,147,25.8
B.J. Ferguson,104263,CB,FORDHAM,10,4,0,58.3,0,0,168,0,0,69.2,67.6,82.4,64.4,57.8,62.3,0,1,0,0,38,14.8,4,2,0,100.0,14,0,0,44,231,182,308,6,0,0,6,0,17,302,5,121,10,7,19,0,24,1,1,204,64,14.6
Robert McDaniel,104268,CB,ALCORN ST,7,3,0,100.0,0,0,107,0,0,54.5,62.4,82.6,64.8,78.1,61.6,1,0,0,0,21,18.2,2,0,0,153.8,5,0,0,29,2,66,139,7,0,0,7,0,11,132,5,68,90,1,6,0,5,1,1,57,26,11.4
Markeyvrick Eddie,104270,CB,NICHOLLS,11,3,0,56.1,0,0,243,0,0,64.6,67.0,85.0,56.2,74.8,58.2,0,0,0,0,40,16.7,6,1,0,108.6,23,0,0,15,492,277,544,1,0,0,1,0,3,543,2,265,31,10,27,0,41,0,3,348,167,15.1
Je'Cory Burks,104272,CB,KENNESAW,11,7,0,60.0,2,0,200,0,0,68.7,66.8,47.3,53.3,60.8,64.8,0,0,0,0,47,13.6,6,5,3,99.2,27,0,0,73,588,377,662,0,0,0,0,0,0,662,3,282,1,6,31,2,45,0,1,429,149,15.9
Myles Taylor,104281,LB,MERRIMACK,11,19,3,69.6,0,0,385,0,0,54.5,66.6,0.0,70.4,73.8,60.8,1,11,0,0,50,14.7,10,2,3,133.1,16,2,0,568,2,233,598,17,0,0,17,0,0,581,66,299,11,27,39,5,23,14,2,243,143,15.2
Robby Riobe,104282,S,MAINE,8,17,0,85.7,0,0,212,0,0,60.4,63.8,8.9,60.0,73.6,56.8,0,1,0,0,48,18.9,10,0,1,118.8,6,0,0,115,1,196,350,0,0,0,0,0,130,350,1,153,104,7,26,0,7,1,0,102,34,17.0
Darius Shields,104288,S,MCNEESE,6,5,0,84.6,0,0,217,0,0,50.1,50.7,84.0,72.5,49.8,56.8,0,1,0,0,26,16.0,4,0,0,140.2,11,0,0,116,3,130,265,0,0,0,0,0,122,265,2,133,22,5,16,0,13,1,2,106,43,9.6
Edwin Summerour,104294,CB,ALCORN ST,6,1,0,50.0,0,0,107,0,0,60.3,59.9,75.0,,58.6,79.1,0,0,0,0,21,0.0,0,0,0,87.5,1,0,0,4,37,10,41,0,0,0,0,0,0,41,0,31,0,1,3,0,2,0,0,21,7,21.0
Herbert Booker,104295,S,NC A&T,5,1,0,75.0,0,0,246,0,0,55.5,55.7,76.1,,57.6,83.4,0,0,0,0,30,0.0,0,0,0,105.2,3,0,0,12,0,28,42,1,0,0,1,0,18,41,0,14,11,1,5,1,4,0,0,39,32,13.0
Aaron Harris,104296,CB,NC A&T,11,3,0,37.0,0,0,246,0,0,73.2,75.2,83.8,,77.6,66.5,0,0,0,3,31,15.0,3,4,2,31.2,10,0,0,26,344,215,399,0,0,0,0,0,25,399,0,184,4,2,14,0,27,0,1,165,54,16.5
Janaz Sumpter,104298,CB,NC A&T,11,2,0,72.4,0,0,246,0,0,63.0,65.1,83.5,,71.6,63.5,0,0,0,0,41,13.8,4,2,0,116.6,21,0,0,14,234,172,297,2,0,0,2,0,18,295,0,125,28,2,23,0,29,0,2,217,68,10.3
Amelec Juntunen,104301,CB,N ARIZONA,1,0,0,,0,0,252,0,0,,60.0,61.8,,60.0,,0,0,0,0,,,0,0,0,0.0,0,0,0,0,0,0,2,0,0,0,0,0,1,2,0,2,0,0,0,0,0,0,0,0,0,
Roland Williams III,104308,CB,ABILENE CH,10,5,0,34.8,0,0,100,0,0,73.9,74.2,83.3,,68.2,85.8,0,0,0,1,17,0.0,0,6,4,40.9,8,0,0,6,151,158,240,2,0,0,2,0,1,238,0,82,79,3,8,1,23,0,1,74,17,9.3
Gio Seigler,104309,S,RICHMOND,5,2,0,80.0,0,0,276,0,0,51.3,48.2,81.4,58.9,42.0,27.9,0,0,0,0,74,31.6,6,1,0,158.3,8,0,0,83,0,102,163,0,0,0,0,0,47,163,2,59,33,5,11,1,10,0,2,215,82,26.9
Dermot McDonough,104310,CB,RICHMOND,1,0,0,,0,0,276,0,0,,60.0,65.7,,60.0,,0,0,0,0,,,0,0,0,0.0,0,0,0,0,0,0,1,1,0,0,1,0,0,0,0,1,0,0,0,0,0,0,0,0,0,
Kainalu Martin,104312,S,SACRAMENTO,1,0,0,,0,0,279,0,0,,60.0,65.2,,60.0,,0,0,0,0,,,0,0,0,0.0,0,0,0,1,0,0,2,0,0,0,0,0,1,2,0,2,0,0,0,0,0,0,0,0,0,
Gavin Davis-Smith,104313,S,SACRAMENTO,13,16,0,62.5,0,0,279,0,0,53.9,56.1,49.8,60.0,61.4,32.1,0,0,0,0,46,25.8,16,3,1,130.7,25,0,0,117,4,397,671,1,0,0,1,0,299,670,2,272,247,6,30,1,40,0,5,355,103,14.2
Glenn Brown,104323,CB,SOUTHERN U,10,4,0,57.1,0,0,297,0,0,74.0,69.6,89.3,51.0,56.5,50.2,0,1,1,1,60,18.8,6,6,0,77.8,20,0,0,47,22,259,460,44,0,0,44,0,0,416,23,178,347,7,22,3,35,1,1,256,131,12.8
Robert Rhem III,104324,CB,SOUTHERN U,6,2,0,60.0,0,0,297,0,0,53.4,60.4,82.3,57.3,80.1,88.1,1,1,0,0,29,0.0,0,0,0,126.3,6,0,0,14,0,64,116,3,0,0,3,0,16,113,3,49,83,3,12,0,10,2,3,83,17,13.8
Jordan Jackson,104327,S,STNY BROOK,11,10,0,80.0,0,0,303,0,0,59.9,62.6,86.2,64.6,65.8,69.5,0,0,0,0,36,10.4,5,2,0,142.6,20,1,0,301,0,282,520,14,0,0,14,0,21,506,9,229,184,12,33,3,25,1,3,218,158,10.9
Fondren Hollis III,104331,CB,TENN STATE,10,3,0,65.0,0,1,308,0,0,75.9,76.1,83.0,57.1,73.2,69.3,0,0,0,0,29,10.5,2,3,0,102.9,13,0,0,13,323,177,345,3,0,0,3,0,2,342,3,165,3,6,14,0,20,0,1,144,39,11.1
Christian Smith,104332,S,TENN STATE,3,1,0,,0,0,308,0,0,64.5,56.9,74.1,,48.6,29.8,0,0,0,0,,40.0,2,0,0,0.0,0,0,0,9,2,11,29,0,0,0,0,0,12,29,0,18,5,0,2,0,0,0,0,0,0,
Jack Lucas,104338,S,TENN MARTN,9,3,0,66.7,0,0,310,0,0,72.4,76.3,77.3,56.7,80.6,84.7,0,0,0,0,9,0.0,0,0,0,71.5,2,0,0,24,0,35,64,1,0,0,1,0,29,63,3,26,10,2,5,0,3,0,0,10,15,5.0
Chrishun Jackson,104339,CB,BETH COOK,3,0,0,100.0,0,0,119,0,0,52.5,54.4,70.8,,61.8,73.5,0,0,0,0,7,0.0,0,0,0,135.4,1,0,0,1,3,5,7,0,0,0,0,0,0,7,0,2,3,0,1,0,1,0,1,7,0,7.0
Dorian Davis,104347,CB,TOWSON,10,0,0,50.0,0,0,317,1,0,56.5,61.0,81.7,60.1,75.7,74.0,0,1,0,0,43,10.0,2,3,4,105.3,13,0,0,33,251,156,305,0,0,0,0,0,3,305,2,147,16,6,18,0,26,1,2,224,65,17.2
Micah Nelson,104348,ED,W CAROLINA,11,5,0,0.0,0,2,344,0,0,44.4,66.6,73.0,67.2,65.8,61.9,2,12,0,0,,14.3,5,0,1,39.6,0,5,0,24,0,8,539,515,0,7,462,46,0,24,253,278,0,21,25,0,1,19,0,0,0,
Josh Reliford,104352,S,TENN TECH,11,19,0,58.5,0,2,309,0,0,57.3,61.6,87.7,93.6,57.9,38.9,1,3,0,0,70,24.8,30,4,1,121.5,24,2,0,370,25,398,769,11,0,0,11,0,229,758,9,362,133,27,72,7,41,6,4,375,148,15.6
Jamal Boyd,104354,S,TENN TECH,2,2,0,100.0,0,0,309,0,0,52.5,31.1,77.1,,22.4,42.5,0,0,0,0,56,28.6,2,0,0,118.8,1,0,0,12,0,19,44,0,0,0,0,0,11,44,0,25,21,1,3,0,1,0,0,56,10,56.0
Cameron Hudson,104356,CB,TENN TECH,9,3,0,42.9,0,0,309,1,0,70.9,69.0,82.6,58.7,59.3,65.4,0,0,0,0,38,12.5,4,4,0,108.5,9,0,0,25,310,169,338,2,0,0,2,0,0,336,2,167,1,5,25,2,21,0,3,157,31,17.4
Samari Burns,104357,S,TENN TECH,10,7,0,69.7,0,0,309,0,0,57.9,63.7,86.7,64.4,75.5,65.4,0,0,0,0,38,14.6,7,1,0,115.1,23,1,0,115,20,266,520,5,0,0,5,0,150,515,5,249,229,8,34,0,33,1,2,275,146,12.0
Christian Watson,104358,S,TENN TECH,5,2,0,44.4,0,0,309,0,0,70.1,69.2,83.5,70.3,60.4,85.3,0,0,0,0,31,0.0,0,2,0,111.3,4,1,0,55,10,118,219,1,0,0,1,0,39,218,0,101,114,1,6,0,9,1,1,76,35,19.0
Jack Barton,104365,ED,FURMAN,13,7,5,,0,0,170,0,0,64.7,74.9,19.6,72.1,76.0,56.5,2,20,0,0,,15.2,5,1,4,0.0,0,4,0,0,0,2,495,493,3,7,278,205,0,2,305,188,0,19,21,4,0,26,0,0,0,
Jalen Clark,104366,ED,FURMAN,3,2,0,,0,0,170,0,0,60.0,63.7,75.1,58.8,64.6,75.0,0,2,0,0,,0.0,0,0,0,0.0,0,0,0,0,0,0,27,27,0,0,16,11,0,0,17,10,0,1,1,0,0,2,0,0,0,
Earenest Grayson III,104367,ED,MCNEESE,11,11,0,,0,0,217,0,0,57.2,69.2,85.1,68.3,67.1,38.9,0,11,0,0,,20.0,9,0,0,0.0,0,4,0,0,0,0,456,454,0,8,201,245,0,2,209,247,0,19,25,2,0,15,0,0,0,
Janorris Robertson,104369,ED,NC A&T,10,4,1,100.0,0,0,246,1,0,61.3,56.8,0.0,64.3,56.8,35.3,1,10,0,1,11,22.2,4,0,4,72.9,1,1,0,1,0,4,278,277,11,66,166,34,0,1,155,119,0,9,10,3,1,12,0,11,8,11.0
Miles Younger,104375,ED,ARKAPB,4,2,0,,0,0,112,0,0,60.5,55.4,80.4,58.2,53.2,66.6,0,3,0,0,,11.1,1,0,0,0.0,0,0,0,1,0,1,86,85,0,1,75,9,0,1,33,52,0,6,6,1,0,3,0,0,0,
Cameron Leach,104382,DI,E ILLINOIS,11,6,0,,0,0,158,0,0,65.4,64.2,84.4,64.9,60.0,64.9,1,5,0,0,,4.5,1,0,0,0.0,0,3,0,1,0,1,491,489,5,322,62,100,0,2,226,264,0,15,15,3,0,9,0,0,0,
Tim Varga,104383,ED,E ILLINOIS,7,8,2,,0,0,158,0,0,58.2,71.8,85.7,71.9,67.1,59.6,4,13,0,0,,14.8,4,0,0,0.0,0,2,0,0,0,3,361,359,0,10,310,39,0,2,200,158,1,11,15,4,0,19,0,0,0,
John Turley,104389,DI,FORDHAM,1,0,0,,0,0,168,0,0,,60.6,68.2,59.1,60.3,,0,0,0,0,,,0,0,0,0.0,0,0,0,0,0,0,4,4,0,4,0,0,0,0,2,2,0,0,0,0,0,0,0,0,0,
Elisha Armstrong,104390,ED,FORDHAM,12,5,0,,0,0,168,0,0,59.6,63.9,63.1,59.8,67.6,69.4,4,7,0,0,,6.3,1,0,1,0.0,0,2,0,0,0,0,375,375,12,16,257,90,0,0,223,152,0,11,10,2,0,13,0,0,0,
Devonta Davis,104393,DI,JACKSON ST,13,6,0,,0,1,194,0,0,40.9,72.1,23.1,76.9,72.9,60.5,3,14,0,0,,10.0,2,0,3,0.0,0,3,0,0,0,0,384,383,143,228,3,9,0,1,199,185,0,11,12,1,0,20,0,0,0,
Demetric Barnes,104395,ED,KENNESAW,9,5,0,,0,0,200,1,0,64.4,59.0,80.6,57.6,52.0,58.4,0,5,0,0,,11.1,1,0,0,0.0,0,1,0,0,0,0,188,188,0,15,61,112,0,0,109,79,0,3,3,0,0,6,0,0,0,
Kerick Reese,104397,ED,KENNESAW,6,4,0,,2,1,200,0,0,69.4,66.1,0.0,69.7,72.9,74.9,2,11,0,0,,8.3,1,0,5,0.0,0,2,0,7,0,26,172,163,0,0,163,0,0,9,70,76,2,7,7,2,0,15,0,0,0,
Joel Parker,104398,ED,KENNESAW,10,10,0,,0,0,200,0,0,60.0,69.8,22.1,60.3,80.6,67.9,3,13,0,0,,8.3,2,0,3,0.0,0,1,0,0,0,1,391,390,0,8,199,183,0,1,229,161,1,12,12,3,0,17,0,0,0,
Jacob Tuiasosopo,104400,ED,MAINE,9,0,0,,0,0,212,0,0,,50.7,76.0,53.7,51.7,,0,0,0,0,,,0,0,0,0.0,0,0,0,0,0,0,40,40,0,7,20,13,0,0,20,20,0,0,0,0,0,0,0,0,0,
Khairi Manns,104402,ED,MAINE,11,6,0,,0,1,212,0,0,83.7,68.6,64.6,68.6,58.6,54.7,1,10,0,0,,16.1,5,0,2,0.0,0,4,0,0,0,3,363,362,0,15,325,22,0,1,197,163,1,14,20,2,0,15,0,0,0,
CJ Barnes,104410,ED,MURRAY ST,11,4,0,,0,0,236,0,0,,65.5,83.2,63.4,64.1,35.4,5,10,0,0,,21.7,5,0,0,0.0,0,0,0,0,0,0,369,369,0,67,115,187,0,0,184,185,0,11,14,1,0,15,0,0,0,
Eloi Kwete,104413,ED,N ARIZONA,11,13,0,0.0,0,1,252,0,0,63.0,77.6,70.9,72.7,76.9,61.0,6,27,0,0,,13.7,7,0,1,39.6,0,8,0,3,0,2,657,651,0,56,433,162,0,6,362,293,0,34,31,3,1,41,0,0,0,
Mark Ho Ching,104416,DI,N ARIZONA,10,3,1,,0,0,252,1,0,68.2,67.7,84.8,65.0,64.1,38.2,4,14,0,0,,23.8,5,0,0,0.0,0,2,0,1,0,1,573,569,24,416,15,114,0,4,315,257,0,13,13,4,0,20,0,0,0,
Desmond Obi,104420,ED,PRVIEW A&M,11,1,0,,0,0,270,0,0,60.0,82.9,82.0,87.0,56.4,60.4,0,13,0,0,,33.3,1,0,0,0.0,0,3,0,0,0,0,83,83,0,0,78,5,0,0,59,24,0,4,1,1,0,16,0,0,0,
Marlem Louis,104423,ED,RICHMOND,11,1,1,100.0,0,2,276,0,0,58.0,73.6,45.3,83.1,61.1,61.0,10,26,0,0,4,17.1,6,0,3,83.3,1,9,0,2,0,3,616,614,0,0,614,0,0,2,363,250,0,29,28,7,1,45,0,4,7,4.0
Brandon Knott,104427,DI,SACRAMENTO,13,7,0,,0,0,279,0,0,61.0,68.9,84.8,65.8,67.0,81.9,0,10,0,0,,0.0,0,0,0,0.0,0,1,0,0,0,1,311,311,90,219,0,2,0,0,167,143,0,6,17,0,0,11,0,0,0,
Leke Fashola,104428,ED,SACRAMENTO,13,5,0,,0,0,279,0,0,57.7,67.4,83.5,58.7,73.5,64.6,1,6,0,0,,12.5,2,0,0,0.0,0,1,0,2,0,1,287,285,0,5,172,108,0,2,153,133,0,9,9,1,0,8,0,0,0,
Tyler Hardeman,104429,DI,SACRAMENTO,13,16,0,,0,0,279,0,0,48.4,62.1,85.3,57.1,67.5,61.2,1,12,0,0,,6.8,3,0,0,0.0,0,1,0,0,0,4,564,563,127,418,1,17,0,1,317,243,0,16,25,1,0,14,0,0,0,
Nick Gaes,104432,DI,S DAKOTA,8,8,0,,0,1,291,0,0,90.2,61.7,61.5,64.5,55.6,38.4,2,11,0,0,,20.5,8,0,1,0.0,0,1,0,8,0,0,356,348,111,215,9,13,0,8,173,183,0,13,23,1,0,14,0,0,0,
Blake Holden,104434,DI,S DAKOTA,11,10,1,,0,0,291,0,0,58.3,70.1,87.0,68.2,68.2,73.1,4,5,0,0,,4.2,1,0,0,0.0,0,4,0,4,0,0,500,496,145,343,1,7,0,4,234,266,0,14,13,1,0,13,0,0,0,
Keith Winfrey,104435,ED,STNY BROOK,11,4,0,,0,0,303,0,0,60.0,68.8,84.2,58.2,73.8,70.3,0,7,0,0,,5.9,1,0,0,0.0,0,1,0,0,0,0,268,268,0,11,221,36,0,0,131,137,0,8,12,0,0,8,0,0,0,
Dakar Edwards,104437,DI,STNY BROOK,10,6,0,,0,1,303,0,0,61.2,74.7,62.3,68.9,75.5,51.3,3,10,0,0,,17.2,5,0,1,0.0,0,3,0,0,0,1,408,408,24,327,29,28,0,0,232,175,0,16,18,3,0,16,0,0,0,
Darrius Bell,104446,ED,CHARLES SO,10,6,0,0.0,0,1,135,0,0,36.2,59.6,60.6,60.2,63.9,67.6,1,4,0,0,,9.7,3,0,2,39.6,0,2,0,2,2,7,323,319,0,0,263,56,0,4,155,161,0,12,22,0,1,7,0,0,0,
Evan De Buglio,104451,DI,WM & MARY,5,2,0,,0,0,348,0,0,,61.0,78.2,63.3,58.7,72.0,0,0,0,0,,0.0,0,0,0,0.0,0,0,0,0,0,0,36,36,23,13,0,0,0,0,14,22,0,0,1,0,0,0,0,0,0,
Nate Lynn,104452,ED,WM & MARY,13,12,0,,1,3,348,1,0,66.2,80.0,21.7,81.6,74.4,39.3,8,41,0,0,,22.5,16,0,5,0.0,0,9,0,0,0,0,685,684,10,153,329,192,0,1,415,270,0,35,43,5,0,58,0,0,0,
Christian Cantrell,104453,DI,TENN TECH,11,6,0,,1,0,309,0,0,62.5,77.5,45.0,66.0,82.6,68.8,2,12,0,0,,7.1,2,0,2,0.0,0,3,0,0,0,0,445,444,20,407,14,3,0,1,240,205,0,18,20,4,0,17,0,0,0,
Michael Dixon,104454,ED,TENN TECH,7,0,1,,0,0,309,0,0,60.0,69.8,79.5,59.9,72.9,77.0,0,1,0,0,,0.0,0,0,0,0.0,0,0,0,0,0,0,78,78,0,3,62,13,0,0,40,38,0,2,4,1,0,1,0,0,0,
Kail Dava,104456,DI,TENN TECH,10,5,0,,0,0,309,1,0,63.3,72.2,84.2,61.3,75.1,66.0,2,13,0,0,,8.7,2,0,0,0.0,0,1,0,0,0,0,418,417,27,386,0,4,0,1,219,199,0,12,16,4,0,16,0,0,0,
Trey Rogers,104458,ED,FURMAN,8,0,0,,0,0,170,1,0,,67.4,77.3,70.6,60.6,74.2,1,1,0,0,,0.0,0,0,0,0.0,0,0,0,1,0,0,68,67,0,19,18,30,0,1,35,33,0,1,3,0,0,2,0,0,0,
Terray Jones,104461,DI,TENN STATE,11,7,0,,0,0,308,1,0,63.5,69.5,64.3,63.9,70.3,37.1,3,7,0,0,,20.0,6,0,1,0.0,0,4,0,1,0,0,406,404,70,327,2,5,0,2,209,197,0,19,17,2,0,14,0,0,0,
Cameron Stewart,104462,DI,TENN STATE,11,1,1,,0,0,308,1,0,,68.9,82.8,59.5,71.6,65.4,0,1,0,0,,9.1,1,0,1,0.0,0,2,0,1,0,0,192,191,76,114,1,0,0,1,89,103,0,9,9,2,0,3,0,0,0,
Tariq Mulmore,104464,S,PRVIEW A&M,8,8,0,66.7,0,1,270,1,0,62.5,68.8,85.9,56.7,80.9,69.8,0,0,0,0,36,13.3,6,2,0,132.4,12,0,0,55,1,204,389,5,0,0,5,0,194,384,4,181,133,8,31,3,18,0,3,152,43,12.7
Dan Scianna,104470,LB,FURMAN,11,7,0,80.0,0,0,170,0,0,69.5,73.7,80.4,67.0,73.8,53.2,1,4,0,0,19,16.7,6,1,0,110.0,4,1,0,232,0,136,244,0,0,0,0,0,0,244,20,88,11,15,23,3,5,6,0,52,36,13.0
Nicky Kuzemka,104471,LB,FURMAN,6,1,0,100.0,0,0,170,0,0,65.6,68.1,75.3,66.4,65.6,81.0,1,0,0,0,12,0.0,0,0,0,93.8,2,0,0,59,0,34,66,0,0,0,0,0,0,66,3,29,6,3,4,0,2,1,0,13,1,6.5
Jerome Rice III,104506,LB,CHARLES SO,9,20,0,72.4,0,0,135,0,0,44.2,58.0,83.5,73.3,67.6,63.0,2,3,0,0,49,14.5,8,1,0,143.0,21,2,0,421,5,250,537,10,0,0,10,0,2,527,24,263,99,18,27,4,29,7,3,321,227,15.3
Joel Barrows,104510,ED,E ILLINOIS,10,4,0,75.0,0,1,158,0,0,60.5,58.9,57.7,72.3,47.8,61.6,3,5,0,0,51,20.8,5,0,1,156.3,3,3,0,13,0,23,286,269,0,3,262,4,0,17,122,141,3,12,15,2,4,11,2,85,76,28.3
Anthony Shockey,104512,LB,E ILLINOIS,5,8,0,0.0,0,0,158,0,0,69.1,59.7,76.0,65.6,51.4,35.0,0,0,0,0,,27.8,5,0,0,39.6,0,1,0,81,0,27,89,5,0,0,5,0,0,84,5,57,3,3,5,0,1,1,0,0,0,
Bryce McCormick,104521,LB,FURMAN,12,13,1,73.5,0,0,170,1,0,91.2,90.9,84.0,90.8,80.8,78.3,4,4,0,0,36,9.1,7,3,0,95.2,25,4,0,523,0,338,612,5,0,0,5,0,0,607,46,228,83,40,57,2,34,12,1,180,103,7.2
Joshua Agbenou,104522,ED,KENNESAW,1,0,0,,0,0,200,0,0,,60.0,66.0,60.0,,,0,0,0,0,,,0,0,0,0.0,0,0,0,0,0,0,1,1,0,0,1,0,0,0,1,0,0,0,0,0,0,0,0,0,0,
Khalil Arrington,104524,LB,JACKSON ST,13,3,0,72.7,0,0,194,0,0,44.1,60.9,80.6,80.0,70.2,32.3,1,5,0,0,16,40.0,8,0,0,94.5,8,5,0,174,0,111,195,6,0,0,6,0,0,189,27,57,11,11,9,0,11,11,0,84,62,10.5
William Jenkins,104528,LB,KENNESAW,11,6,0,87.5,0,1,200,0,0,56.2,50.2,80.8,56.2,45.4,76.8,0,1,0,0,42,8.7,2,0,0,146.4,7,0,0,201,0,100,219,9,0,0,9,0,0,210,17,102,9,7,15,1,8,1,1,77,36,11.0
Xavier Nurse,104531,LB,MAINE,11,7,0,91.7,0,0,212,0,0,70.9,69.9,86.7,58.1,71.4,78.8,1,4,0,1,20,7.7,2,0,0,62.8,11,1,0,181,3,122,450,114,0,0,114,0,4,336,88,240,148,8,17,1,12,6,0,89,52,8.1
Jacob Roberts,104546,LB,NC A&T,11,15,0,72.3,0,1,246,1,0,76.8,75.3,28.8,67.0,74.9,83.2,4,7,2,2,69,5.3,4,4,2,106.4,34,0,0,652,0,367,711,17,0,0,17,0,5,694,37,307,36,40,57,6,47,11,3,457,318,13.4
Jhasi Wilson,104548,LB,N ARIZONA,11,9,0,88.5,0,0,252,1,0,53.2,60.3,52.1,61.2,66.6,53.3,3,7,0,0,31,18.5,12,1,1,141.3,23,2,0,412,2,240,537,67,0,0,62,5,1,470,55,242,52,21,44,4,26,12,3,226,127,9.8
Jonathan Hunter,104553,LB,N ARIZONA,2,0,0,,0,0,252,0,0,,81.3,64.3,60.0,77.6,75.8,0,0,0,0,,0.0,0,0,0,0.0,0,0,0,3,0,0,4,0,0,0,0,0,0,4,1,3,0,2,2,0,0,0,0,0,0,
Kenden Jones,104557,ED,PRVIEW A&M,11,4,0,66.7,0,1,270,0,0,82.5,67.3,86.2,59.6,52.1,61.7,0,2,0,0,0,13.3,2,1,0,70.1,2,1,0,14,1,44,163,121,0,0,121,0,0,42,46,73,26,7,9,2,3,3,0,-4,4,-2.0
Tre'Vion Green,104559,LB,PRVIEW A&M,10,16,0,72.2,0,0,270,0,0,54.8,57.1,86.3,67.8,54.5,47.4,4,8,0,0,32,22.6,12,0,0,96.5,13,1,0,200,0,151,408,108,0,0,108,0,0,300,49,208,100,13,25,0,18,13,0,148,95,11.4
Xavier Marshall,104561,S,RICHMOND,12,9,0,56.7,0,0,276,0,0,64.8,67.4,86.2,56.2,73.5,78.9,0,4,0,0,22,8.9,4,1,0,64.4,17,1,0,166,2,279,554,32,0,0,32,0,1,522,21,254,353,15,32,5,30,5,0,109,78,6.4
Tristan Wheeler,104562,LB,RICHMOND,13,31,2,73.2,0,0,276,0,0,85.4,74.3,84.7,66.5,62.9,75.2,6,11,0,2,47,11.0,12,0,0,75.3,30,1,0,716,0,430,808,17,0,0,17,0,1,791,54,324,74,39,66,7,41,18,1,240,175,8.0
Dylan Jorge,104564,LB,SACRAMENTO,12,1,0,80.0,0,0,279,0,0,54.6,64.6,79.5,67.6,74.8,83.5,0,2,0,1,52,0.0,0,0,0,118.8,4,0,0,116,0,74,134,7,0,0,7,0,0,127,17,43,11,5,9,0,5,2,1,94,38,23.5
Stephen Hillis,104570,LB,S DAKOTA,11,23,0,64.7,0,2,291,0,0,75.2,69.7,86.4,80.1,58.9,73.0,0,4,0,0,57,11.8,14,4,0,103.8,22,4,0,608,3,336,731,42,0,0,42,0,0,689,32,363,78,41,82,4,34,8,2,230,171,10.5
Aidan Kaler,104575,LB,STNY BROOK,11,15,0,58.8,0,0,303,2,0,42.3,63.0,81.5,68.2,76.4,71.3,2,3,0,0,42,9.2,6,0,0,109.4,10,1,0,435,0,225,466,12,0,0,12,0,0,454,30,211,19,29,44,5,17,6,1,158,85,15.8
Tevin Shipp,104582,ED,TENN MARTN,11,4,0,69.2,0,0,310,0,0,73.1,67.2,88.3,52.0,62.9,42.3,0,1,0,0,18,23.3,7,3,0,81.3,9,0,0,95,3,109,262,143,0,0,143,0,1,119,32,121,20,9,19,4,13,1,0,67,57,7.4
Jermaine Cooley,104583,ED,TENN MARTN,2,0,0,,0,0,310,0,0,62.3,76.4,76.5,80.4,60.0,,0,2,0,0,,,0,0,0,0.0,0,0,0,0,0,6,20,20,0,1,19,0,0,0,10,4,0,0,0,0,0,2,0,0,0,
Chris Hunter Jr.,104585,LB,TENN MARTN,9,2,0,0.0,0,0,310,0,0,69.7,71.3,82.8,64.7,67.6,52.8,0,0,0,0,,25.0,4,0,0,39.6,0,1,0,82,2,52,120,29,0,0,29,0,0,91,8,60,7,9,10,0,2,1,0,0,0,
Chester Geffrard,104588,ED,IDAHO ST,4,2,0,,0,0,186,0,0,60.0,62.7,78.1,63.0,57.5,77.4,0,3,0,0,,0.0,0,0,0,0.0,0,1,0,0,0,0,41,41,0,4,33,4,0,0,30,11,0,0,1,0,0,4,0,0,0,
Brayden Staib,104594,LB,WM & MARY,13,10,2,81.8,0,0,348,1,0,84.1,65.7,82.9,58.8,44.8,75.9,0,2,0,0,27,10.4,5,0,0,96.2,9,1,0,306,1,177,336,13,1,0,12,0,5,323,19,140,11,19,33,3,11,3,0,78,60,8.7
Xavier Washington,104596,CB,TENN TECH,7,8,0,50.0,0,0,309,0,0,69.8,65.7,31.7,72.8,53.6,85.6,0,2,0,0,21,3.6,1,0,1,60.1,7,2,0,96,4,135,322,41,0,0,41,0,1,281,32,155,180,9,19,3,14,4,0,55,21,7.9
Billy Lutui,104694,DI,SACRAMENTO,10,0,0,,0,0,279,0,0,62.2,66.6,79.4,58.5,66.4,74.3,0,1,0,0,,0.0,0,0,0,0.0,0,0,0,0,0,0,117,117,29,81,0,7,0,0,68,49,0,3,4,0,0,1,0,0,0,
Malik Richardson,104793,ED,W CAROLINA,9,0,0,,0,1,344,0,0,69.1,56.2,79.8,45.2,69.3,31.7,1,2,0,0,,50.0,3,0,0,0.0,0,0,0,0,0,0,61,59,0,0,58,1,0,2,49,12,0,3,3,2,0,3,0,0,0,
Wayne Anderson Jr.,104809,WR,FURMAN,1,0,0,,0,0,170,0,0,,61.4,60.0,,60.0,74.4,0,0,0,0,,0.0,0,0,0,0.0,0,0,0,0,0,0,1,0,0,0,0,0,0,1,0,1,0,0,1,0,0,0,0,0,0,
Lukas Reynolds,104826,CB,MOREHEAD,2,0,0,,0,0,234,0,0,64.5,60.0,71.0,,52.7,26.9,0,0,0,0,,100.0,1,0,0,0.0,0,0,0,0,10,7,10,0,0,0,0,0,0,10,0,3,0,0,0,0,0,0,0,0,0,
Marcus Fulcher,104835,HB,SACRAMENTO,2,0,0,,1,0,279,0,0,60.0,62.7,60.0,,60.0,,0,0,0,0,,,0,0,3,0.0,0,0,0,0,0,1,3,0,0,0,0,0,0,3,0,2,0,0,0,0,0,0,0,0,0,
A.J. Dupree,104856,CB,NC A&T,7,1,0,28.6,0,0,246,0,0,75.8,77.9,84.6,59.0,79.9,84.6,0,0,0,0,6,0.0,0,0,0,39.6,2,0,0,24,3,99,164,12,0,0,12,0,1,152,5,60,124,6,8,3,7,0,0,7,0,3.5
Jazir Staton,104858,LB,NC A&T,5,0,0,50.0,0,0,246,0,0,57.6,61.4,76.0,58.9,65.3,76.9,0,0,0,0,8,0.0,0,0,0,60.4,1,0,0,14,0,11,39,8,0,0,8,0,0,31,2,26,16,1,2,0,2,0,0,8,3,8.0
Hugh Ryan,104863,S,FURMAN,13,15,0,46.8,0,1,170,0,0,85.8,80.9,55.1,56.0,67.8,60.6,0,0,0,4,34,17.3,13,9,2,40.9,22,0,0,240,4,512,795,3,0,0,3,0,448,792,5,278,98,22,47,1,47,0,1,318,115,14.5
Easton Wolf,104865,S,S ILLINOIS,11,4,0,85.7,0,0,295,0,0,61.4,63.2,81.7,70.7,63.1,69.9,0,1,0,0,22,13.0,3,0,0,100.0,6,0,0,47,0,121,198,0,0,0,0,0,139,198,0,77,12,7,16,0,7,1,0,56,8,9.3
Carson Evans,104870,CB,TENN MARTN,11,23,0,79.1,0,0,310,2,0,66.4,65.9,47.1,56.6,68.1,48.3,2,4,0,1,32,20.6,13,1,2,89.4,34,0,0,128,7,300,506,46,0,0,46,0,24,460,19,187,301,14,27,1,43,6,1,255,165,7.5
Marcus Barnes,104873,S,WM & MARY,13,14,0,71.4,0,1,348,0,0,72.8,68.2,10.5,39.5,62.9,56.4,0,1,0,2,33,19.8,17,0,2,91.1,15,0,0,106,10,442,732,0,0,0,0,0,520,732,1,289,95,12,55,1,21,1,2,188,78,12.5
Jalen Miller,104876,S,FURMAN,13,15,0,81.3,0,2,170,1,0,76.6,71.1,86.1,54.2,65.6,41.1,2,3,0,2,80,22.8,13,0,0,85.2,26,0,0,164,4,265,483,69,0,0,69,0,1,414,44,174,244,16,29,4,32,5,1,262,243,10.1
Benjamin Johnson,104907,TE,TENN STATE,1,0,0,,0,0,308,0,0,,60.0,60.0,,60.0,,0,0,0,0,,,0,0,0,0.0,0,0,0,0,0,0,1,0,0,0,0,0,0,1,0,1,0,0,0,0,0,0,0,0,0,
Geordan Livingston,104913,CB,CHARLES SO,4,3,0,70.0,0,0,135,0,0,73.5,75.3,79.1,,75.5,86.4,0,0,0,1,25,0.0,0,1,0,102.9,7,0,0,8,121,69,130,0,0,0,0,0,0,130,0,61,1,4,11,0,10,0,1,117,51,16.7
Christian Allen,104944,WR,JACKSON ST,1,0,0,,0,0,194,0,0,,60.0,60.0,,60.0,,0,0,0,0,,,0,0,0,0.0,0,0,1,0,0,0,1,0,0,0,0,0,0,1,0,1,0,0,0,0,0,0,0,0,0,
Mason Pierce,104954,WR,MCNEESE,1,0,0,,0,0,217,0,0,,62.0,60.0,,60.6,70.3,0,0,0,0,,0.0,0,0,2,0.0,0,0,0,0,0,0,1,0,0,0,0,0,0,1,0,1,0,0,1,0,0,0,0,0,0,
Taylor Shields,104957,WR,MURRAY ST,1,0,0,,0,0,236,0,0,,60.0,60.0,,60.0,,0,0,0,0,,,0,0,0,0.0,0,0,0,0,0,0,1,0,0,0,0,0,0,1,0,1,0,0,0,0,0,0,0,0,0,
Cody Coleman,104964,CB,SO UTAH,7,6,0,52.0,0,0,298,0,0,54.2,55.7,1.2,55.4,71.0,58.8,0,1,0,0,75,15.8,3,3,2,116.8,13,0,0,18,57,131,215,4,0,0,4,0,0,211,3,81,132,4,10,1,25,1,3,191,127,14.7
Terrell Hayward,104966,WR,N ARIZONA,2,0,0,,0,0,252,0,0,58.8,58.4,60.0,,60.0,,0,0,0,0,,,0,0,0,0.0,0,0,0,0,0,2,3,0,0,0,0,0,0,3,0,1,0,0,0,0,0,0,0,0,0,
Coleman Owen,104969,WR,N ARIZONA,1,0,0,,0,0,252,0,0,,60.0,60.0,,60.0,,0,0,0,0,,,0,0,0,0.0,0,0,0,0,0,0,1,0,0,0,0,0,0,1,0,1,0,0,0,0,0,0,0,0,0,
Phillip Thomas,104997,WR,SOUTHERN U,1,0,0,,0,0,297,0,0,,60.0,60.0,60.0,,,0,0,0,0,,,0,0,0,0.0,0,0,0,0,0,0,1,0,0,0,0,0,0,1,1,0,0,0,0,0,0,0,0,0,0,
Branson Combs,105001,LB,S ILLINOIS,11,11,1,48.3,0,0,295,0,0,82.8,73.2,49.3,61.8,64.9,71.5,1,1,0,2,35,10.0,6,3,1,39.0,14,3,0,347,6,239,499,59,0,0,59,0,1,440,55,205,86,27,43,4,29,5,1,97,47,6.9
Heston Lameta,105034,LB,N ARIZONA,10,14,0,72.7,0,0,252,0,0,66.5,74.7,84.6,76.2,74.6,61.5,2,4,0,0,64,15.8,12,1,0,99.1,16,2,0,395,1,215,450,12,0,0,12,0,0,438,22,213,39,33,50,5,22,8,0,192,146,12.0
Daniel Edwards,105035,ED,SOUTHERN U,3,0,0,,0,0,297,0,0,60.0,87.9,73.9,82.0,72.3,74.9,0,1,0,0,,0.0,0,0,0,0.0,0,0,0,0,0,0,14,14,0,0,14,0,0,0,10,4,0,3,3,0,0,1,0,0,0,
Tyevanshay Farmer,105037,LB,SOUTHERN U,8,3,0,100.0,0,0,297,0,0,57.9,63.9,79.1,63.0,68.0,64.9,1,3,0,0,10,13.3,2,0,0,94.8,4,0,0,144,0,72,155,2,0,0,2,0,0,153,16,67,8,6,10,0,4,4,0,27,31,6.8
Tahir Annoor,105048,S,WOFFORD,11,13,0,70.4,0,0,350,3,0,62.6,63.5,86.2,60.0,63.4,64.5,0,0,0,0,36,13.4,9,3,0,137.1,19,0,0,269,9,246,518,10,0,0,10,0,139,508,1,271,91,18,45,1,27,0,3,255,95,13.4
Devonta Davis,105049,CB,HAMPTON,10,8,0,66.7,0,0,178,1,0,51.9,49.0,10.5,60.0,46.2,42.6,0,0,0,0,43,18.8,6,0,1,124.1,12,0,0,90,103,136,287,4,0,0,4,0,17,283,1,150,73,4,18,0,18,0,1,207,27,17.3
Devuntray Hampton,105050,CB,BETH COOK,10,6,1,68.6,0,2,119,0,0,53.9,60.2,39.8,93.1,55.6,44.0,2,2,0,0,52,24.5,12,3,2,109.1,24,3,0,60,3,196,470,12,0,0,12,0,69,458,19,255,326,14,31,3,35,7,1,339,154,14.1
John Harrington Jr.,105051,CB,WOFFORD,9,0,0,100.0,0,0,350,0,0,60.3,57.6,80.7,,52.3,55.0,0,0,0,0,3,20.0,1,0,0,118.8,1,0,0,24,1,25,67,0,0,0,0,0,5,67,0,42,37,1,4,0,1,0,1,3,0,3.0
Trevin Gradney,105052,CB,MONTANA,5,1,0,20.0,0,0,232,0,0,71.7,72.3,75.6,,68.0,78.2,0,0,0,0,3,0.0,0,1,0,39.6,1,0,0,7,40,23,49,1,0,0,1,0,1,48,0,26,0,1,2,0,5,0,0,3,0,3.0
Omari Hill-Robinson,105056,CB,BETH COOK,11,5,0,61.5,0,0,119,0,0,65.4,65.8,84.5,60.0,63.9,69.7,0,0,1,4,87,11.8,4,4,3,89.5,24,0,0,49,512,281,584,4,0,0,4,0,16,580,1,302,3,6,25,0,39,0,4,389,191,16.2
Kunta Hester,105065,S,SE LA,9,3,0,80.0,0,0,294,0,0,70.5,61.6,80.6,58.5,41.6,41.6,0,1,0,1,28,25.0,4,0,0,118.8,4,0,0,53,48,76,158,7,0,0,7,0,35,151,3,79,15,1,9,0,5,1,1,67,19,16.8
Corbin Walker,105066,CB,MONTANA,12,6,0,48.7,0,0,232,1,0,86.1,83.5,85.1,52.7,69.4,85.0,0,0,1,2,43,3.1,1,5,2,53.0,19,0,0,46,483,300,551,15,0,0,15,0,2,536,8,243,5,6,25,1,39,0,1,217,44,11.4
Tre'Von Jones,105068,CB,ELON,11,3,0,59.5,0,0,162,1,0,67.9,68.0,0.5,75.5,70.2,59.7,0,0,0,0,28,16.2,6,3,3,92.5,25,1,0,23,547,335,580,0,0,0,0,0,3,580,0,245,7,12,28,1,42,1,2,251,61,10.0
Miles Richardson,105069,S,WOFFORD,11,2,0,80.0,0,0,350,0,0,41.5,49.7,88.6,,71.4,35.1,0,0,0,1,73,27.1,13,2,1,139.1,36,0,0,194,12,296,604,0,0,0,0,0,81,604,0,308,317,12,33,0,45,0,4,587,270,16.3
Jason Thomas,105075,CB,SO UTAH,3,2,0,100.0,0,0,298,0,0,62.1,65.2,79.3,,68.7,62.5,0,0,0,0,26,12.5,1,0,0,118.8,2,0,0,0,54,20,65,9,0,0,9,0,0,56,0,45,0,2,5,0,2,0,0,39,16,19.5
Omar Rogers,105076,S,ELON,9,11,0,66.7,0,2,162,0,0,89.0,90.3,85.0,70.2,86.5,77.9,1,1,0,3,33,11.7,9,1,0,75.6,10,2,0,211,3,239,403,3,0,0,3,0,125,400,8,156,61,25,57,2,15,4,1,127,45,12.7
Dawson Hurst,105077,S,CAL POLY,10,2,0,62.5,0,0,129,0,0,44.3,41.7,0.0,58.8,41.0,29.8,1,0,0,0,22,33.3,8,0,1,117.7,5,0,0,42,6,113,199,3,0,0,3,0,95,196,5,81,53,1,14,0,8,1,1,46,30,9.2
Kameron Brown,105078,CB,CHATTNOOGA,11,8,0,63.0,0,0,137,0,0,69.5,68.1,84.3,60.0,59.8,49.5,0,0,1,6,80,18.4,9,4,3,93.9,29,0,0,75,555,342,637,1,0,0,1,0,2,636,1,294,3,12,32,2,46,0,5,471,134,16.2
Andy Davis,105086,LB,CITADEL,3,3,0,60.0,0,0,139,0,0,54.0,55.1,77.8,54.7,62.5,70.1,0,2,0,0,23,12.5,1,0,0,94.6,3,0,0,20,1,25,42,13,0,0,13,0,0,29,6,11,8,1,4,0,5,2,0,51,15,17.0
Richie Coffey,105087,S,MERCER,11,5,0,60.0,1,0,219,0,0,78.4,74.8,19.6,70.4,68.6,49.5,2,3,0,1,37,21.1,8,3,3,77.0,21,1,0,180,43,341,625,26,0,0,26,0,84,599,19,265,291,10,25,2,35,6,1,229,94,10.9
Ja'Corey Benjamin,105089,CB,TEXAS STHN,4,0,0,60.0,0,0,313,0,0,59.2,62.0,81.1,,70.9,49.3,0,0,0,1,45,17.6,3,0,0,91.3,12,0,0,5,153,87,176,0,0,0,0,0,1,176,0,89,17,5,14,0,20,0,1,208,95,17.3
Jihad Brown,105090,CB,IDAHO ST,10,7,0,61.7,0,0,186,1,0,67.5,69.5,83.5,,77.5,61.1,0,0,0,1,72,11.9,5,3,0,107.9,29,0,0,55,436,290,500,1,0,0,1,0,1,499,0,210,7,10,30,1,47,0,5,314,89,10.8
Bo Sanders,105091,S,ELON,12,17,0,71.1,0,0,162,1,0,82.5,77.7,89.4,48.7,63.9,65.3,0,2,0,1,47,16.0,15,5,1,122.4,32,1,0,204,15,418,730,0,0,0,0,0,334,730,5,307,177,23,62,3,45,3,5,359,114,11.2
Daniel Walker,105100,LB,ST FRANCIS,1,0,0,,0,0,299,0,0,60.0,60.0,62.8,,,,0,0,0,0,,,0,0,0,0.0,0,0,0,1,0,1,1,0,0,0,0,0,0,1,0,0,0,0,0,0,0,0,0,0,0,
Chazz Harley,105102,LB,ELON,5,2,0,50.0,0,0,162,0,0,42.6,47.8,78.3,62.3,64.7,54.5,0,1,0,0,14,25.0,1,0,1,72.9,1,2,0,28,0,28,44,5,0,0,5,0,0,39,9,7,11,3,1,0,2,3,0,14,6,14.0
Justin Douglas,105103,CB,N ALABAMA,11,13,0,71.1,0,0,389,1,0,63.9,66.2,88.5,65.2,70.8,37.4,0,0,0,2,38,25.5,14,2,1,78.5,27,0,0,25,12,227,423,4,0,0,4,0,22,419,6,190,360,11,28,3,38,0,1,277,130,10.3
Kendall Bohler,105105,CB,FL A&M,11,2,0,45.8,0,0,164,0,0,75.2,71.8,84.8,59.7,52.8,46.3,0,0,0,2,21,24.2,8,4,2,34.0,11,0,0,24,271,256,415,1,0,0,1,0,94,414,1,158,25,4,23,0,24,0,1,84,32,7.6
Antonio White,105107,CB,ELON,12,7,0,51.1,1,0,162,0,0,79.4,76.2,83.7,58.9,57.2,82.6,0,2,0,0,35,5.7,2,6,2,74.8,24,0,0,59,430,303,506,0,0,0,0,0,0,506,2,201,17,10,26,0,47,2,1,260,62,10.8
Lance Wise Jr.,105109,S,MERCER,11,15,0,61.9,0,0,219,0,0,88.5,85.9,86.4,58.5,75.4,83.7,0,0,0,2,50,7.3,4,2,0,48.0,13,0,0,220,17,316,564,2,0,0,2,0,211,562,2,246,114,14,36,3,21,0,0,171,82,13.2
Ty Leonard,105110,CB,SE MO ST,12,3,0,54.2,1,1,293,0,0,75.5,77.8,85.3,73.5,80.1,68.4,0,2,0,1,80,11.5,6,2,2,81.8,32,0,0,56,583,409,657,0,0,0,0,0,14,657,6,242,3,12,43,2,59,2,2,429,168,13.4
Ridge Ford,105113,S,SCAR STATE,7,2,0,50.0,0,0,290,0,0,38.8,49.6,74.0,,71.8,26.9,0,0,0,0,12,33.3,1,0,0,68.8,1,0,0,12,0,12,33,0,0,0,0,0,13,33,0,21,7,0,0,0,2,0,0,12,15,12.0
Jonathan Collins Jr.,105114,CB,NEW HAMP,6,1,0,50.0,0,0,240,0,0,62.4,62.6,0.0,,72.8,81.5,0,0,0,1,37,0.0,0,1,3,46.3,5,0,0,6,89,69,109,0,0,0,0,0,1,109,0,40,13,0,4,0,10,0,0,101,29,20.2
Robert Buquoi,105115,S,SE LA,5,0,0,,0,1,294,0,0,63.3,65.5,72.7,,65.3,46.3,0,0,0,0,,25.0,1,0,0,0.0,0,0,0,18,0,9,34,0,0,0,0,0,14,34,0,25,2,2,3,0,0,0,0,0,0,
Anthony LaMonica,105119,CB,STHLSK,7,2,0,50.0,0,0,1470,0,0,78.1,73.5,82.1,58.9,60.1,65.9,0,0,0,1,24,11.1,1,1,0,36.1,3,0,0,16,5,54,115,13,0,0,12,1,0,102,2,59,81,5,6,0,6,0,0,46,19,15.3
Anthony Wynn,105120,S,CENT CT ST,9,5,0,75.0,0,0,133,0,0,55.5,53.6,84.0,39.7,53.4,28.6,0,0,0,0,42,26.5,9,1,0,151.4,9,0,0,115,1,169,290,6,0,0,6,0,75,284,1,120,93,3,20,0,12,0,2,136,105,15.1
Caleb Mead,105125,CB,NEW HAMP,12,5,0,66.7,0,0,240,0,0,62.4,63.1,84.1,,63.4,72.3,0,0,0,0,29,9.4,3,1,1,117.9,16,0,0,28,250,198,355,3,0,0,3,0,3,352,0,157,70,4,24,2,24,0,2,187,48,11.7
Quade Renfro,105126,S,IDAHO ST,2,1,0,50.0,0,0,186,0,0,41.5,41.2,74.0,,48.6,41.7,0,0,0,0,0,33.3,1,0,0,56.3,1,0,0,5,2,15,30,0,0,0,0,0,19,30,0,15,3,1,1,0,2,0,0,0,4,0.0
Mekai Holloway-Davis,105129,CB,W ILLINOIS,2,0,0,,0,0,345,0,0,,60.6,68.5,,60.0,,0,0,0,0,,,0,0,0,0.0,0,0,0,1,5,0,6,0,0,0,0,0,0,6,0,6,0,0,0,0,0,0,0,0,0,
Jamarian Hawkins,105130,S,ELON,6,3,0,66.7,0,0,162,0,0,71.4,66.8,80.5,,49.4,66.2,0,0,0,1,19,13.3,2,0,0,49.3,4,0,0,38,0,70,115,1,0,0,1,0,66,114,0,45,10,2,10,0,6,0,0,45,18,11.3
Noah Stansbury,105136,CB,NEW HAMP,11,7,0,54.2,0,0,240,0,0,67.3,68.3,83.8,60.0,70.3,73.0,1,0,0,0,55,10.5,4,3,0,82.9,26,1,0,60,433,306,502,4,0,0,4,0,3,498,5,191,1,13,27,5,48,2,2,251,66,9.7
Robinson Davis,105137,S,HAMPTON,1,0,0,100.0,0,0,178,0,0,36.6,38.2,67.3,,,76.2,0,0,0,0,22,0.0,0,0,0,118.8,1,0,0,0,0,3,3,0,0,0,0,0,2,3,0,0,1,0,1,0,1,0,0,22,2,22.0
Robert Prunty Jr.,105151,CB,HAMPTON,1,0,0,,0,0,178,0,0,,62.5,66.0,,60.0,75.3,0,0,0,0,,0.0,0,0,0,0.0,0,0,0,1,0,0,2,0,0,0,0,0,1,2,0,2,0,1,1,0,0,0,0,0,0,
Johnathan Daigle,105157,ED,NWSTATE,11,2,0,100.0,0,0,257,0,0,53.3,59.3,81.8,58.0,66.2,80.5,0,2,0,0,11,9.1,1,0,0,112.5,1,1,0,0,0,2,138,137,0,5,122,10,0,1,63,73,1,6,8,1,1,3,0,11,11,11.0
Chase McGowan,105161,ED,DELAWARE,13,5,2,,0,0,151,0,0,66.5,75.5,47.4,71.7,74.6,53.7,4,26,0,0,,21.4,6,0,2,0.0,0,4,0,0,0,4,477,477,4,55,211,207,0,0,231,242,0,18,17,4,0,34,0,0,0,
Alex Hurlburt,105162,DI,MONTANA,2,0,0,,0,0,232,0,0,,68.8,71.0,62.6,66.0,,0,1,0,0,,,0,0,0,0.0,0,0,0,0,0,0,12,12,0,4,2,6,0,0,8,4,0,0,0,0,0,1,0,0,0,
Jalen Williams,105173,ED,MO STATE,11,10,1,,0,1,230,0,0,66.2,72.4,85.1,63.1,72.0,76.9,0,5,0,0,,5.3,2,0,0,0.0,0,4,0,1,0,1,332,330,2,15,287,26,0,2,175,156,0,16,26,3,0,9,0,0,0,
Patrick Godbolt,105179,ED,SCAR STATE,11,5,1,,0,2,290,0,0,89.2,80.4,40.0,76.7,75.9,63.9,3,24,0,1,,14.6,7,0,3,0.0,0,5,0,1,1,1,543,541,0,2,517,22,0,2,277,265,0,30,36,9,0,32,0,0,0,
Richard Benton Jr.,105181,DI,MERCER,1,0,0,,0,0,219,0,0,,60.0,67.4,,60.0,,0,0,0,0,,,0,0,0,0.0,0,0,0,0,0,0,3,3,0,3,0,0,0,0,0,3,0,0,0,0,0,0,0,0,0,
Marvin Pearson,105182,ED,ELON,11,6,0,100.0,0,1,162,1,0,77.4,67.8,46.9,69.1,60.0,38.7,10,25,0,0,4,25.9,7,0,2,83.3,1,2,0,15,0,4,440,425,0,15,369,41,0,15,269,167,0,11,14,2,1,37,0,4,3,4.0
Solomon Zubairu,105183,ED,MERCER,11,8,0,0.0,0,0,219,0,0,62.0,80.6,68.8,77.4,77.2,70.4,5,23,0,0,,10.3,3,0,1,39.6,0,4,0,0,0,1,536,536,0,4,293,239,0,0,300,235,0,19,18,3,1,32,0,0,0,
Kentrelle Groom,105196,ED,HAMPTON,10,4,1,,0,0,178,0,0,61.4,55.1,83.5,62.4,47.1,45.1,0,13,0,0,,18.2,4,0,0,0.0,0,3,0,0,0,0,382,382,0,59,120,203,0,0,208,174,0,14,14,3,0,16,0,0,0,
Daniel Bettis,105198,ED,SAMFORD,2,0,0,,0,0,282,0,0,,50.1,71.5,55.7,57.1,,0,0,0,0,,,0,0,0,0.0,0,0,0,0,0,0,10,10,0,5,5,0,0,0,7,3,0,0,0,0,0,0,0,0,0,
Andy Matthews,105200,DI,HAMPTON,11,5,1,,0,0,178,0,0,60.0,69.5,32.1,72.1,69.6,46.2,0,11,0,0,,17.9,5,0,3,0.0,0,5,0,1,0,0,461,460,387,46,12,15,0,1,234,227,0,15,18,0,0,16,0,0,0,
Mason Harwood,105206,DI,IDAHO ST,2,0,0,,0,0,186,0,0,,50.8,70.5,,52.2,,0,0,0,0,,,0,0,0,0.0,0,0,0,0,0,0,8,8,0,0,3,5,0,0,0,8,0,0,0,0,0,0,0,0,0,
Hi'keem Elmore,105210,DI,CITADEL,11,4,0,,0,0,139,0,0,,46.6,82.2,54.6,43.7,41.1,0,2,0,0,,18.2,2,0,0,0.0,0,0,0,0,0,0,157,156,74,76,1,5,0,1,69,88,0,5,5,0,0,2,0,0,0,
Dewey Greene,105211,DI,S ILLINOIS,11,5,0,,0,1,295,0,0,60.0,71.6,81.3,60.5,81.8,75.3,2,2,0,0,,6.7,1,0,0,0.0,0,5,0,0,0,1,159,158,19,57,51,31,0,1,111,47,1,12,9,1,0,9,0,0,0,
Lunden Manuel,105212,DI,SE MO ST,12,3,0,,0,0,293,0,0,60.0,56.2,49.0,58.0,56.1,77.7,0,6,0,0,,0.0,0,0,1,0.0,0,0,0,1,0,0,217,215,162,46,0,7,0,2,110,107,0,4,6,0,0,6,0,0,0,
Ernie Smith,105220,DI,TOWSON,11,5,0,,0,0,317,0,0,46.1,60.1,84.1,68.8,57.1,41.7,0,6,0,0,,19.0,4,0,0,0.0,0,1,0,0,0,9,190,190,117,61,4,8,0,0,101,80,0,5,12,1,0,7,0,0,0,
Dan Toatley,105224,DI,CENT CT ST,11,8,0,,0,0,133,0,0,62.9,72.9,63.0,63.1,76.7,67.0,1,10,0,0,,7.0,3,0,1,0.0,0,3,0,0,0,0,417,416,34,253,34,95,0,1,233,184,1,29,32,2,0,14,0,0,0,
Marvion Field,105225,DI,ELON,12,2,1,,0,0,162,0,0,63.2,61.0,83.5,54.9,62.2,64.5,0,1,0,0,,9.1,1,0,0,0.0,0,0,0,1,0,2,369,367,9,342,12,4,0,2,195,172,1,7,8,3,0,1,0,0,0,
Jacob McGourin,105227,ED,MONTANA,13,6,0,0.0,0,0,232,0,0,64.4,63.8,86.4,54.0,67.7,55.9,4,9,0,0,,14.7,5,0,0,39.6,0,1,0,0,0,5,547,545,2,108,158,277,0,2,285,257,2,20,23,2,1,14,0,0,0,
Tyler Martinez,105233,DI,TEXAS STHN,11,6,0,,0,0,313,0,0,,68.8,26.1,73.4,66.8,56.3,1,9,0,0,,12.5,3,0,2,0.0,0,2,0,0,0,0,263,263,111,145,5,2,0,0,115,148,0,11,15,1,0,12,0,0,0,
Marlon Taylor,105234,DI,CHATTNOOGA,11,7,0,,0,0,137,1,0,60.0,75.2,85.2,58.1,81.3,58.1,1,5,0,0,,12.5,3,0,0,0.0,0,1,0,0,0,0,436,435,78,355,1,1,0,1,215,221,0,12,14,3,0,7,0,0,0,
Ohmante Jenkins,105238,ED,HAMPTON,11,6,0,,1,1,178,0,0,61.5,66.5,57.0,65.6,64.1,57.8,1,13,0,0,,18.2,4,0,1,0.0,0,2,0,0,0,0,340,340,3,51,85,201,0,0,171,169,0,14,12,2,0,16,0,0,0,
Hasan Black,105239,LB,CITADEL,11,27,0,78.6,0,0,139,0,0,62.7,66.2,61.3,62.3,66.9,70.1,5,4,0,0,33,11.0,10,2,1,111.9,11,4,0,409,1,168,589,148,0,1,144,3,0,441,116,305,30,38,54,6,14,13,0,152,108,13.8
Shaheem Haltiwanger,105241,DI,TOWSON,11,8,0,,0,0,317,0,0,60.0,61.6,82.7,55.8,65.8,49.8,0,10,0,0,,21.7,5,0,0,0.0,0,2,0,1,0,0,298,297,1,143,49,104,0,1,154,144,0,8,10,0,0,12,0,0,0,
Ben Hutch,105242,DI,TXAMEA,8,6,3,,0,1,1139,0,0,68.0,74.7,53.0,63.5,74.3,45.4,0,5,0,0,,14.3,3,0,1,0.0,0,0,0,1,1,1,274,272,23,244,0,5,0,2,132,141,0,11,12,4,0,5,0,0,0,
Nick Jackson,105244,ED,SAMFORD,13,9,0,,0,0,282,0,0,68.2,64.7,83.3,59.2,61.6,56.7,0,8,0,0,,14.8,4,0,0,0.0,0,1,0,0,0,0,419,419,7,31,117,264,0,0,201,218,0,13,14,3,0,9,0,0,0,
Tyrik Mitchell,105245,DI,SE LA,13,6,0,,0,0,294,1,0,56.4,62.7,56.7,58.7,66.3,54.0,0,8,0,0,,6.7,1,0,1,0.0,0,0,0,0,0,1,291,290,87,201,2,0,0,1,142,148,0,9,8,1,0,8,0,0,0,
Chris Hill,105248,DI,MERCER,10,3,1,,0,1,219,0,0,60.0,66.5,36.2,58.4,73.2,44.3,2,4,0,0,,16.7,5,0,2,0.0,0,2,0,0,0,0,350,350,76,243,28,3,0,0,199,151,0,20,22,6,0,8,0,0,0,
Nathan Kapongo,105249,DI,NEW HAMP,13,10,0,,0,0,240,0,0,60.9,73.2,0.0,70.5,77.3,83.9,1,14,0,0,,0.0,0,0,4,0.0,0,3,0,5,0,0,297,290,32,242,2,14,0,7,159,138,0,22,23,2,0,18,0,0,0,
Jake McGinnis,105252,DI,IDAHO ST,11,11,0,,0,1,186,0,0,52.9,71.9,46.4,72.4,71.9,70.3,3,7,0,0,,5.6,2,0,2,0.0,0,2,0,3,0,1,445,441,169,260,3,9,0,4,218,226,0,19,23,1,0,12,0,0,0,
Micheal Mason,105254,ED,WOFFORD,11,12,0,,0,2,350,1,0,65.5,74.3,84.8,71.5,69.0,56.2,5,10,0,0,,13.2,5,0,0,0.0,0,8,0,2,0,0,405,403,0,27,222,154,0,2,183,222,0,25,21,3,0,23,0,0,0,
Thomathon Good,105257,DI,TEXAS STHN,3,0,0,,0,0,313,0,0,,62.0,76.4,56.9,63.2,,0,0,0,0,,,0,0,0,0.0,0,0,0,0,0,0,27,27,27,0,0,0,0,0,10,17,0,0,0,0,0,0,0,0,0,
Viramontes Pippens,105259,DI,TEXAS STHN,11,15,0,,0,0,313,1,0,65.0,72.8,86.1,64.7,72.0,52.1,3,12,0,0,,12.2,6,1,0,0.0,0,3,0,0,0,0,557,557,162,244,76,75,0,0,250,307,0,21,28,2,0,18,0,0,0,
Akie Nance,105260,DI,DELAWARE,8,1,0,,0,0,151,0,0,,58.9,79.6,69.7,51.2,70.2,0,2,0,0,,0.0,0,0,0,0.0,0,0,0,0,0,0,68,68,59,7,0,2,0,0,32,36,0,1,1,0,0,2,0,0,0,
Jay'Ree Hardy,105261,DI,HAMPTON,11,8,0,,1,0,178,0,0,60.0,64.8,57.2,55.6,70.0,63.8,1,5,0,0,,5.9,1,0,1,0.0,0,0,0,1,0,1,278,277,246,28,0,3,0,1,142,135,0,6,8,1,0,6,0,0,0,
Caleb Williams,105263,DI,LAMAR,10,6,0,0.0,0,0,204,1,0,48.7,73.4,58.9,66.3,79.4,68.4,0,11,0,0,,8.0,2,0,1,39.6,0,2,0,0,0,2,316,315,160,151,2,2,0,1,189,125,0,15,17,2,1,13,0,0,0,
JaBralen Yarber,105269,DI,NWSTATE,11,7,0,,0,0,257,0,0,63.8,69.6,80.2,65.4,66.2,50.9,0,5,0,0,,15.0,3,0,0,0.0,0,0,0,0,0,0,167,167,5,110,9,43,0,0,65,102,0,7,10,1,0,5,0,0,0,
Jared Pedraza,105277,LB,NWSTATE,11,11,1,75.0,1,0,257,0,0,61.9,62.1,56.4,64.7,60.9,38.3,5,8,0,1,38,24.4,19,0,1,94.0,15,0,0,457,0,233,604,80,0,0,80,0,2,524,65,306,64,32,48,11,20,13,1,161,156,10.7
Mike Matthews,105279,ED,SE MO ST,3,1,0,,0,0,293,0,0,60.6,44.4,79.3,53.0,42.2,27.0,0,0,0,0,,66.7,2,0,0,0.0,0,0,0,0,0,2,35,34,0,0,34,0,0,1,17,16,0,0,0,0,0,0,0,0,0,
Izeal Terrell,105280,ED,SE MO ST,10,2,0,,0,0,293,0,0,61.1,65.0,82.2,54.8,72.4,80.9,0,1,0,0,,0.0,0,0,0,0.0,0,2,0,5,0,3,124,119,0,9,83,27,0,5,71,50,0,3,5,0,0,3,0,0,0,
Justin Dingle,105316,LB,HAMPTON,6,0,0,50.0,0,0,178,0,0,54.1,53.6,75.4,56.0,56.0,59.3,0,0,0,0,14,14.3,1,0,0,72.9,1,0,0,41,0,24,54,5,0,0,5,0,1,49,3,27,7,4,6,2,2,0,0,14,3,14.0
Jack Scroggs,105317,LB,WOFFORD,10,7,0,0.0,0,1,350,0,0,61.5,59.8,81.5,53.7,59.0,53.5,0,0,0,0,,16.7,4,0,0,39.6,0,0,0,158,0,68,165,3,0,0,3,0,0,162,6,91,4,7,13,0,1,0,0,0,0,
Vaeaega Gasu,105318,LB,IDAHO ST,7,3,0,87.5,0,0,186,0,0,33.0,39.8,81.6,42.7,62.1,53.6,0,5,0,0,37,21.4,3,0,0,118.8,7,1,0,51,3,48,98,28,0,0,28,0,0,70,13,37,16,3,8,0,8,6,0,125,111,17.9
Jason Person,105319,ED,CHATTNOOGA,11,12,0,81.8,0,1,137,0,0,63.3,76.1,57.6,73.1,76.1,62.8,5,14,0,0,12,17.9,10,1,2,86.7,9,10,0,9,0,25,557,544,0,3,541,0,1,13,283,249,2,39,34,8,11,29,0,53,47,5.9
Laipeli Palu,105324,LB,CAL POLY,11,11,0,66.7,0,0,129,0,0,66.3,66.0,79.6,41.8,66.8,47.1,0,1,0,0,11,16.4,9,0,0,82.6,2,0,0,233,0,104,257,10,0,0,10,0,1,247,9,144,13,17,35,1,3,1,0,18,23,9.0
Braxton Hill,105326,LB,MONTANA,12,21,0,76.9,0,0,232,0,0,70.7,66.0,52.5,75.7,54.4,64.7,6,15,0,0,24,14.3,9,2,1,122.9,10,4,1,367,0,164,493,93,0,0,93,0,2,400,117,212,31,23,33,0,13,25,1,97,72,9.7
Logan Barnes,105329,CB,WOFFORD,1,0,0,,0,0,350,0,0,60.0,62.3,70.4,,60.4,,0,0,0,0,,,0,0,0,0.0,0,0,0,0,8,1,8,0,0,0,0,0,0,8,0,7,0,0,0,0,0,0,0,0,0,
Preston Helu,105331,LB,IDAHO ST,6,0,0,100.0,0,0,186,0,0,38.5,29.8,0.0,64.0,36.0,30.3,0,1,0,0,9,30.0,3,0,1,139.6,2,0,0,25,0,13,41,14,0,0,14,0,0,27,6,22,2,3,7,0,2,1,1,16,13,8.0
Gerald Henderson,105333,ED,SE LA,2,0,0,,0,0,294,0,0,,69.8,75.7,84.5,53.9,75.7,0,0,0,0,,0.0,0,0,0,0.0,0,1,0,0,0,0,16,16,0,0,16,0,0,0,5,11,0,2,1,0,0,1,0,0,0,
Ken Standley,105336,LB,MERCER,11,20,0,70.4,0,1,219,0,0,75.6,83.9,85.0,57.3,90.5,73.4,3,9,0,0,10,12.2,11,4,0,73.2,19,1,0,430,1,263,575,43,0,0,43,0,0,532,56,256,101,41,59,5,27,13,0,81,64,4.3
Kale Edwards,105337,ED,MONTANA,10,3,0,,0,0,232,1,1,59.2,63.8,83.6,65.7,59.6,37.9,2,9,0,0,,22.2,4,0,0,0.0,0,3,0,0,0,6,257,256,0,51,103,102,0,1,148,103,1,12,11,2,0,14,0,0,0,
David Olla,105340,LB,HAMPTON,6,0,0,0.0,0,0,178,0,0,65.8,74.6,71.8,,76.3,79.2,0,0,0,0,,0.0,0,0,0,39.6,0,0,0,23,0,13,24,0,0,0,0,0,0,24,0,11,1,1,4,0,1,0,0,0,0,
Zach Hopkins,105341,LB,MERCER,8,6,0,80.0,0,0,219,1,0,62.0,71.7,76.6,55.1,79.2,87.8,0,0,0,0,13,0.0,0,0,0,126.3,4,0,0,86,0,45,90,3,0,0,3,0,0,87,4,41,1,5,15,1,5,0,1,24,11,6.0
Jadrian McGraw,105348,LB,TEXAS STHN,8,9,0,100.0,0,0,313,0,0,74.8,62.8,78.5,70.7,50.4,47.8,0,2,0,0,12,16.0,4,0,0,84.7,3,2,0,167,0,62,179,8,0,0,8,0,0,171,5,112,4,10,12,0,3,4,0,13,18,4.3
Darrius Harry,105351,ED,SE LA,13,6,0,,1,1,294,0,0,64.4,74.1,17.4,73.3,75.0,55.0,3,16,0,0,,16.1,5,0,4,0.0,0,3,0,2,0,6,446,443,58,7,318,60,0,3,231,209,0,15,20,4,0,22,0,0,0,
Ryan Tirrell,105353,LB,MONTANA,8,2,0,75.0,0,0,232,0,0,40.4,57.5,80.8,60.2,69.9,82.0,2,2,0,0,14,0.0,0,0,0,86.5,3,0,0,35,0,13,74,33,0,0,33,0,0,41,24,37,6,3,5,0,4,4,0,21,22,7.0
Thomas Neville,105356,LB,SAMFORD,13,17,0,66.7,0,1,282,0,0,60.8,65.6,56.7,61.2,69.4,52.5,0,1,0,0,29,17.5,10,2,2,111.8,10,1,0,226,8,157,464,164,0,0,163,1,0,300,61,246,66,23,30,4,15,2,1,115,56,11.5
Herman Christophe IV,105357,LB,SE LA,13,26,0,61.5,0,0,294,0,0,54.1,66.9,11.9,75.8,77.0,82.6,0,7,0,2,77,9.9,9,1,2,99.1,24,1,0,497,3,304,597,1,0,0,1,0,4,596,17,276,92,31,56,3,39,8,4,308,198,12.8
Jay Lagroon,105358,ED,CITADEL,1,1,0,,0,0,139,0,0,,77.2,71.4,59.1,75.0,74.0,0,0,0,0,,0.0,0,0,0,0.0,0,0,0,0,0,0,7,7,0,1,3,3,0,0,1,6,0,1,1,1,0,0,0,0,0,
Tyrone Hicks,105364,LB,SCAR STATE,5,0,0,100.0,0,0,290,0,0,50.9,45.5,72.3,56.6,52.3,77.7,0,1,0,0,16,0.0,0,0,0,118.8,1,0,0,18,0,5,20,1,0,0,1,0,0,19,3,12,0,1,3,0,1,1,0,16,13,16.0
Bryce Graves,105368,LB,ELON,9,12,0,80.0,0,1,162,0,0,69.8,69.4,19.4,73.3,66.4,64.9,1,1,0,0,9,16.7,7,0,1,86.3,8,0,0,251,1,132,273,9,0,0,9,0,0,264,8,133,12,12,23,0,10,2,0,47,47,5.9
Ryan Toscano,105370,LB,NEW HAMP,13,25,0,62.1,0,1,240,1,0,65.9,64.0,83.7,58.2,61.0,73.5,2,3,0,0,25,9.8,8,6,0,93.0,18,0,0,457,0,257,498,3,0,0,3,0,0,495,11,230,37,23,49,4,29,5,1,193,103,10.7
DeAndre Faulk,105371,LB,HAMPTON,11,26,0,86.1,0,1,178,1,0,62.0,66.4,60.8,66.6,68.4,73.6,1,5,0,0,25,11.3,11,0,1,114.9,31,1,0,524,6,340,722,88,0,0,85,3,10,634,39,343,94,36,60,5,36,7,2,257,121,8.3
Devon Stubbs,105372,ED,BETH COOK,8,2,0,,0,0,119,0,0,63.4,59.0,84.1,50.6,63.8,39.4,0,7,0,0,,27.3,3,0,0,0.0,0,0,0,1,1,5,182,178,0,5,166,7,0,4,81,96,2,3,6,0,0,7,0,0,0,
Sam Alsheimer,105373,LB,TOWSON,7,2,0,100.0,0,0,317,0,0,51.3,61.1,76.6,75.4,65.7,25.9,0,2,0,0,18,50.0,3,0,0,110.4,2,0,0,60,0,26,64,3,0,0,3,0,0,61,5,33,1,1,1,0,2,2,0,21,7,10.5
Mason King,105376,LB,HAMPTON,7,8,0,86.2,0,1,178,0,0,66.7,67.8,0.0,64.9,80.4,56.8,0,7,0,1,20,22.7,10,1,4,79.5,25,1,0,65,4,172,406,70,0,0,69,1,0,336,50,184,267,15,26,4,29,8,0,189,147,7.6
Von Young,105377,LB,MO STATE,11,16,0,85.7,0,1,230,1,0,77.3,72.3,85.3,69.6,62.6,81.2,1,5,0,1,45,6.3,4,1,0,95.5,24,1,0,427,2,216,506,46,0,0,46,0,0,460,48,242,31,21,44,0,28,7,0,294,188,12.3
Jack Genova,105380,LB,IDAHO ST,11,25,0,79.4,0,0,186,0,0,61.4,68.3,14.1,71.0,77.6,65.7,1,7,0,0,27,12.5,9,2,2,99.5,27,1,0,228,4,211,463,41,0,0,41,0,0,422,31,221,189,20,38,5,34,9,0,268,284,9.9
James Wells,105384,LB,WOFFORD,5,3,0,100.0,0,0,350,0,0,49.4,66.4,73.0,66.9,78.1,80.2,0,1,0,0,13,0.0,0,0,0,118.8,2,0,0,36,0,14,37,0,0,0,0,0,0,37,2,21,1,1,2,0,2,1,0,25,20,12.5
Tyler Jackson,105386,LB,LAMAR,11,17,1,81.8,0,0,204,0,0,57.0,63.2,0.0,66.5,69.0,47.6,1,5,0,0,26,18.3,17,2,3,100.0,18,0,0,635,0,312,654,3,0,0,3,0,0,651,50,292,14,34,59,7,22,6,0,176,115,9.8
Zedane Williams,105389,LB,NEW HAMP,13,6,0,89.5,0,0,240,0,0,59.1,56.4,82.9,71.9,48.6,37.4,0,4,0,1,27,29.2,14,0,0,90.1,17,1,0,321,5,199,397,25,0,0,25,0,1,372,28,170,43,15,28,0,19,5,0,207,105,12.2
Lucas Eatman,105390,LB,MO STATE,1,1,0,100.0,0,0,230,0,0,53.1,51.1,64.0,,,77.1,0,0,0,0,11,0.0,0,0,0,100.0,2,0,0,3,0,3,3,0,0,0,0,0,0,3,0,0,0,0,1,0,2,0,0,16,12,8.0
Judaea Moon,105392,LB,CAL POLY,10,8,0,89.5,0,0,129,0,0,29.6,48.3,19.2,56.5,68.9,57.2,1,1,0,0,73,15.8,6,0,1,158.3,17,0,0,251,0,112,265,3,0,0,3,0,0,262,18,135,11,9,24,0,19,2,3,351,307,20.6
Michael McDowell,105395,ED,CITADEL,11,5,0,,0,0,139,0,0,54.2,52.3,82.1,51.7,55.6,49.6,2,5,0,0,,18.2,2,0,0,0.0,0,1,0,5,0,7,179,174,18,30,72,54,0,5,97,75,0,2,4,0,0,8,0,0,0,
Anthony Britton Jr.,105396,LB,SE LA,13,18,0,52.2,0,1,294,0,0,66.5,74.8,85.1,67.2,78.2,84.6,0,4,0,0,60,6.3,5,1,0,85.2,12,2,0,441,3,284,577,32,0,0,31,1,3,545,21,272,97,30,57,3,23,6,1,139,91,11.6
Dominic Lamm,105398,LB,SE LA,5,0,0,,0,0,294,0,0,64.4,69.4,72.5,69.7,63.2,74.3,0,2,0,0,,0.0,0,0,0,0.0,0,0,0,17,0,11,25,5,0,0,3,2,0,20,5,9,3,1,1,0,0,2,0,0,0,
Elijah Washington,105427,ED,HAMPTON,1,0,0,,0,0,178,0,0,,60.0,65.5,,60.0,,0,0,0,0,,,0,0,0,0.0,0,0,0,0,0,0,1,1,1,0,0,0,0,0,0,1,0,0,0,0,0,0,0,0,0,
Jayden Anderson,105535,ED,CENT CT ST,10,2,0,75.0,0,0,133,1,0,76.8,74.0,86.5,73.5,63.9,58.7,1,6,0,0,7,12.5,2,0,0,82.3,3,0,0,10,0,21,208,192,0,1,188,3,0,16,85,102,5,6,12,1,4,7,0,17,18,5.7
Chandler Moncrief,105536,LB,GRAMBLING,10,4,0,87.5,0,2,177,1,0,48.3,50.4,4.2,87.6,43.4,33.0,0,2,0,0,24,26.3,5,0,1,114.6,7,1,0,140,0,57,170,24,0,0,24,0,0,146,26,87,5,4,10,0,8,3,0,92,50,13.1
Keandre Booker,105538,ED,SE MO ST,12,4,2,50.0,0,0,293,1,0,72.8,67.8,58.0,65.4,65.0,32.9,1,25,0,1,31,30.0,9,0,2,30.6,3,4,0,23,0,49,616,579,0,22,458,99,0,37,351,216,13,17,17,3,6,30,0,38,32,12.7
Luquay Washington Jr.,105540,ED,CENT CT ST,9,8,2,66.7,0,0,133,0,0,83.8,75.7,90.1,73.3,65.6,66.9,1,13,1,1,19,15.2,5,0,0,38.4,6,3,0,28,0,48,499,435,0,2,428,5,0,64,194,257,36,15,20,3,9,17,0,44,40,7.3
Taurean Singletary,105573,QB,SCAR STATE,1,0,0,,0,0,290,0,0,,60.0,60.0,,60.0,,0,0,0,0,,,0,0,0,0.0,0,0,0,0,0,0,1,0,0,0,0,0,0,1,0,1,0,0,0,0,0,0,0,0,0,
Malik Thomas,105606,HB,CENT CT ST,1,0,0,,0,0,133,0,0,,60.0,60.0,,60.0,,0,0,0,0,,,0,0,0,0.0,0,0,0,0,0,0,1,0,0,0,0,0,0,1,0,1,0,0,0,0,0,0,0,0,0,
Ryder Meyer,105638,CB,MONTANA,6,2,0,40.0,0,0,232,0,0,77.1,81.2,77.2,,80.0,80.8,0,0,0,0,6,0.0,0,0,0,47.9,2,0,0,11,0,20,47,0,0,0,0,0,3,47,0,27,33,3,4,2,5,0,0,3,13,1.5
Jackson Zehr,105639,S,WOFFORD,2,0,0,,0,0,350,0,0,,70.5,66.2,,68.8,74.3,0,0,0,0,,0.0,0,0,0,0.0,0,0,0,3,2,0,5,0,0,0,0,0,0,5,0,5,0,1,1,0,0,0,0,0,0,
Uriah Ratliff,105642,S,BETH COOK,11,16,0,78.3,1,2,119,1,0,74.9,80.7,40.8,56.5,89.9,90.5,0,2,0,1,32,6.9,5,2,1,117.1,18,0,0,124,0,268,554,1,0,0,1,0,340,553,1,285,89,16,51,3,23,2,5,160,96,8.9
Cole Escoto,105647,S,CENT CT ST,1,0,0,,0,0,133,0,0,60.0,60.0,62.8,,,,0,0,0,0,,,0,0,0,0.0,0,0,0,1,0,1,1,0,0,0,0,0,0,1,0,0,0,0,0,0,0,0,0,0,0,
Aaron Oroh,105648,S,NEW HAMP,2,0,0,,0,0,240,0,0,61.7,75.1,70.1,,72.9,73.1,0,0,0,0,,0.0,0,0,0,0.0,0,0,0,4,0,3,6,0,0,0,0,0,0,6,0,3,2,1,1,1,0,0,0,0,0,
Thomas Wyatt,105661,ED,CITADEL,11,3,0,66.7,0,0,139,0,0,52.7,68.6,86.7,65.9,73.0,69.8,5,4,0,0,15,13.6,3,0,0,99.3,2,3,0,24,1,30,239,212,0,2,201,9,0,27,106,103,1,12,16,2,3,12,0,30,26,15.0
Mateo Vandamia,105686,LB,DELAWARE,6,2,0,,0,0,151,0,0,65.7,59.8,76.6,57.4,55.6,78.4,0,1,0,0,,0.0,0,0,0,0.0,0,0,0,38,0,13,54,9,0,0,5,4,0,45,5,36,7,0,1,0,0,1,0,0,0,
Jared Mallozzi,105760,WR,CENT CT ST,1,0,0,,0,0,133,0,0,,62.4,60.0,,61.6,70.3,0,0,0,0,,0.0,0,0,0,0.0,0,0,0,0,0,0,1,0,0,0,0,0,0,1,0,1,0,0,1,0,0,0,0,0,0,
Garrett Todd,105768,WR,SE MO ST,1,0,0,,0,0,293,0,0,,60.0,60.0,,60.0,,0,0,0,0,,,0,0,0,0.0,0,0,0,0,0,0,1,0,0,0,0,0,0,1,0,1,0,0,0,0,0,0,0,0,0,
Elijah Benoit,105791,S,E ILLINOIS,11,5,0,76.7,0,1,158,0,0,59.0,58.0,86.8,,51.4,56.9,0,0,0,0,52,18.6,8,2,0,140.0,23,0,0,43,138,307,515,1,0,0,1,0,241,514,0,208,91,7,30,1,30,0,3,293,60,12.7
Logan Dalton,105822,S,DAYTON,10,7,0,53.8,0,0,150,0,0,70.9,66.5,84.9,70.9,52.9,38.2,0,0,1,2,32,29.2,14,5,0,45.7,14,2,0,261,6,280,519,9,0,0,9,0,143,510,8,231,100,14,27,2,26,2,0,192,98,13.7
Elijah Smith,105831,CB,DAYTON,9,3,0,52.1,0,0,150,0,0,66.2,67.8,35.9,60.0,76.7,82.1,0,0,0,1,72,3.7,1,5,3,88.8,25,0,0,36,434,280,478,4,0,0,4,0,2,474,1,197,2,7,23,0,48,0,3,359,117,14.4
Jenaro Ocama,105834,LB,N DAK ST,1,1,0,,0,0,250,0,0,61.9,70.4,71.1,60.0,69.4,75.3,0,0,0,0,,0.0,0,0,0,0.0,0,0,0,2,4,2,8,2,0,0,2,0,0,6,1,5,0,1,1,0,0,0,0,0,0,
Amir Wallace,105835,CB,SAN DIEGO,4,2,0,55.6,0,0,283,1,0,60.2,61.3,79.8,,64.3,26.8,0,0,0,0,35,35.3,6,2,1,113.9,10,0,0,20,161,108,182,0,0,0,0,0,0,182,0,74,1,2,9,1,18,0,2,123,41,12.3
Zamir Wallace,105836,CB,SAN DIEGO,2,1,0,81.8,0,0,283,0,0,45.4,50.9,78.2,59.4,78.4,86.4,0,0,0,0,75,0.0,0,0,1,158.3,9,0,0,6,81,51,95,1,0,0,1,0,0,94,1,43,7,6,13,2,11,0,2,192,104,21.3
Tyhir Harley,105838,CB,MARIST,11,2,0,45.7,0,0,213,0,0,62.3,62.8,82.9,60.0,61.8,48.3,0,0,0,2,44,22.2,4,2,3,73.9,16,1,0,46,344,205,398,6,0,0,6,0,1,392,1,192,0,2,12,0,35,1,3,243,76,15.2
Isaiah Smith,105839,CB,MARIST,11,11,0,53.1,1,0,213,0,0,68.8,67.2,0.0,59.3,73.4,70.4,0,0,0,0,33,11.6,5,6,5,83.9,26,0,0,57,567,287,629,4,0,0,4,0,0,625,1,341,1,10,27,0,49,0,2,282,91,10.8
Marquez Henry,105844,S,E TENN ST,1,0,0,100.0,0,0,157,0,0,67.9,67.5,71.9,,60.0,79.6,0,0,0,0,11,0.0,0,0,0,112.5,1,0,0,1,0,12,14,0,0,0,0,0,11,14,0,2,2,0,2,0,1,0,0,11,3,11.0
Terron Mallory,105846,CB,SACR HEART,11,8,0,45.5,0,0,280,0,0,63.6,66.8,0.0,57.5,85.0,84.2,0,0,0,1,27,4.9,2,3,4,69.6,15,0,0,33,356,203,400,4,0,0,4,0,0,396,2,195,6,13,31,1,33,0,2,175,46,11.7
Alex Washington,105848,CB,HARVARD,10,2,0,57.4,0,0,179,0,0,71.6,68.6,46.2,69.5,54.4,61.9,1,1,0,2,62,14.6,6,4,4,94.5,27,1,0,105,512,365,630,6,0,0,6,0,1,624,21,244,6,12,33,0,47,3,4,382,84,14.1
Jelani Machen,105849,CB,HARVARD,3,0,0,,0,0,179,0,0,63.7,65.6,72.3,,63.8,74.8,0,0,0,0,,0.0,0,0,0,0.0,0,0,0,3,0,6,12,0,0,0,0,0,3,12,0,6,6,0,1,0,0,0,0,0,0,
George Steele,105862,CB,N ARIZONA,7,3,0,74.4,0,0,252,0,0,51.9,53.6,83.5,66.1,58.0,79.9,0,2,0,1,42,7.3,3,0,5,100.2,32,0,0,45,339,229,424,3,0,0,3,0,5,421,4,191,28,11,35,0,43,2,1,393,91,12.3
Jamias Presley,105863,CB,PRVIEW A&M,11,9,0,47.8,0,2,270,0,0,80.1,77.6,86.5,68.4,60.8,58.8,0,0,0,1,43,18.3,11,7,2,71.3,22,1,0,48,393,327,630,0,0,0,0,0,93,630,2,301,95,9,40,1,46,1,2,264,108,12.0
Ryan Webb,105876,CB,DUQUESNE,10,6,0,62.2,0,0,155,0,0,75.0,72.5,42.9,,57.7,29.8,0,0,0,2,64,31.0,13,6,2,94.8,23,0,0,11,551,282,578,1,0,0,1,0,5,577,0,296,8,9,23,0,37,0,3,323,142,14.0
Lamar Evans,105881,CB,SACR HEART,7,7,0,58.8,0,0,280,0,0,72.9,75.1,82.6,71.6,76.3,70.8,0,0,0,1,17,11.1,4,2,3,43.3,10,0,0,26,289,136,323,4,0,0,4,0,1,319,3,184,3,8,25,1,17,0,0,68,27,6.8
Randy Brito,105882,CB,SACR HEART,6,3,0,33.3,0,0,280,0,0,67.5,69.2,81.3,,71.0,67.1,0,0,0,0,31,10.0,1,0,0,72.9,1,0,0,4,86,63,123,6,0,0,6,0,0,117,0,60,27,2,6,0,3,0,0,31,1,31.0
Trey Mason,105894,CB,BUTLER,9,0,0,71.4,0,0,127,0,0,51.6,56.0,80.6,59.1,72.9,69.7,1,0,0,0,31,10.0,2,0,2,103.0,10,0,0,27,194,128,225,1,0,0,1,0,1,224,1,96,2,4,18,0,14,1,0,139,18,13.9
Cooper Krezek,105903,S,MOREHEAD,11,13,0,71.1,0,2,234,3,0,87.0,79.7,84.6,58.7,70.0,67.8,1,2,1,1,36,15.4,19,3,0,87.1,27,0,0,432,13,333,694,12,0,0,12,0,139,682,4,357,96,33,91,8,38,3,1,255,94,9.4
Rassie Littlejohn,105907,S,STETSON,10,10,0,44.4,0,0,302,1,0,88.5,84.0,88.7,58.5,69.9,60.1,0,0,0,7,37,16.7,11,4,0,52.2,12,0,0,202,26,365,744,16,0,0,16,0,389,728,3,376,109,11,45,3,27,0,2,181,84,15.1
Davion Maxwell,105908,LB,STETSON,9,20,0,61.5,0,0,302,0,0,78.9,77.1,91.0,62.2,74.1,72.7,4,3,0,0,30,11.8,8,3,0,78.7,16,0,0,189,33,266,671,203,0,0,203,0,88,468,63,342,155,25,40,4,26,7,0,158,81,9.9
Nathaniel Dent II,105909,CB,STETSON,2,0,0,,0,0,302,0,0,66.5,67.6,73.7,,64.9,74.2,0,0,0,0,,0.0,0,0,0,0.0,0,0,0,2,19,12,23,0,0,0,0,0,1,23,0,11,0,0,1,0,0,0,0,0,0,
Jordan Williams,105910,ED,STETSON,4,2,0,50.0,0,0,302,0,0,56.6,57.3,0.0,63.4,63.8,84.4,0,0,0,0,18,0.0,0,1,3,81.3,1,0,0,29,0,17,93,62,0,0,62,0,0,31,7,69,2,4,12,1,2,0,0,18,1,18.0
Demetries Ford,105921,CB,AUSTINPEAY,11,1,0,43.5,0,1,116,1,0,90.3,90.0,85.5,70.1,66.8,47.9,0,1,0,3,32,21.1,8,12,1,57.7,27,1,0,49,617,347,681,7,0,0,7,0,4,674,7,327,4,12,29,1,62,2,4,267,102,9.9
Troy Jakubec,105923,CB,YNGTOWN ST,10,6,0,40.5,2,0,353,1,0,76.3,71.1,0.0,64.2,57.1,71.1,1,0,0,2,23,11.1,3,5,5,53.1,15,0,0,54,341,204,396,0,0,0,0,0,0,396,6,186,1,2,18,1,37,1,2,193,42,12.9
D'Marco Augustin,105925,CB,YNGTOWN ST,11,8,0,73.3,0,1,353,0,0,65.4,60.7,0.0,72.1,54.0,64.3,1,3,0,0,37,15.9,7,3,5,100.7,22,1,0,122,6,251,535,50,0,0,50,0,2,485,31,253,355,14,29,4,30,5,0,270,125,12.3
Jordan Trowers,105927,CB,YNGTOWN ST,11,8,0,55.2,0,2,353,0,0,58.1,59.0,0.0,64.8,69.3,57.4,0,2,0,0,35,13.1,8,4,3,102.2,32,1,0,69,396,254,473,7,0,0,7,0,0,466,9,210,1,18,45,2,58,3,4,433,156,13.5
Kai Hedgemon,105929,CB,AUSTINPEAY,2,0,0,50.0,0,0,116,0,0,55.0,33.5,0.0,,37.2,26.2,0,0,0,0,50,66.7,2,0,1,95.8,1,0,0,0,11,3,11,0,0,0,0,0,0,11,0,8,0,0,1,0,2,0,0,50,10,50.0
Cooper DeVeau,105934,CB,BROWN,9,2,0,39.5,0,0,123,0,0,80.2,78.8,82.3,,67.5,77.4,0,0,0,1,46,5.6,1,6,0,43.8,15,0,0,27,259,167,313,0,0,0,0,0,1,313,0,146,26,10,15,0,38,0,0,180,63,12.0
Harrison Ochs,105935,S,BROWN,10,2,0,50.0,1,1,123,0,0,74.7,66.3,16.4,,49.6,50.3,0,0,0,2,26,21.9,7,4,2,72.4,8,0,0,147,3,185,342,0,0,0,0,0,131,342,0,157,61,12,23,3,16,0,3,110,20,13.8
Joshua Ofili,105936,S,BROWN,9,7,0,62.5,0,0,123,0,0,57.1,68.9,84.7,69.6,87.6,86.3,2,0,0,2,81,5.8,3,2,0,87.5,10,0,0,228,5,203,389,5,0,0,5,0,70,384,9,177,81,20,42,2,16,2,1,220,112,22.0
Joshua Wilson,105939,LB,MERRIMACK,1,0,0,100.0,0,0,385,0,0,48.9,47.5,75.2,56.6,54.4,,0,1,0,0,26,,0,0,0,114.6,2,0,0,8,0,10,21,6,0,0,6,0,0,15,4,7,7,0,0,0,2,1,0,23,10,11.5
Shayne Butler,105941,CB,MERRIMACK,10,2,0,44.4,1,0,385,1,0,61.1,61.5,19.8,,67.7,72.5,0,0,1,3,42,14.3,2,2,7,37.3,12,0,0,2,304,197,348,1,0,0,1,0,1,347,0,151,39,2,10,0,27,0,1,165,49,13.8
Sammy Fort,105949,S,N DAKOTA,1,2,0,,0,0,249,0,0,66.0,53.6,74.9,,39.6,79.3,0,0,0,0,,0.0,0,0,0,0.0,0,0,0,7,1,10,22,0,0,0,0,0,12,22,0,12,2,0,1,0,0,0,0,0,0,
Jayson Coley,105950,S,N DAKOTA,12,7,0,67.9,0,0,249,0,0,52.7,56.0,89.3,82.4,56.3,45.0,1,1,0,0,17,25.0,13,1,0,122.8,19,1,0,139,5,281,520,24,0,0,24,0,140,496,12,227,211,10,32,2,28,3,4,165,97,8.7
Caleb Nelson,105951,CB,SACRAMENTO,13,7,0,55.4,0,0,279,0,0,80.9,81.4,86.4,,74.7,72.3,0,0,1,1,42,10.5,4,10,2,86.4,31,0,0,34,695,438,737,6,0,0,6,0,0,731,0,299,0,7,27,1,56,0,3,373,97,12.0
Matt Koshiol,105952,S,N DAKOTA,3,1,0,0.0,0,0,249,0,0,72.1,65.9,74.7,54.3,60.9,55.2,0,2,0,0,,25.0,1,0,0,39.6,0,0,0,3,0,5,18,11,0,0,11,0,0,7,8,5,3,2,2,1,1,2,0,0,0,
Luke Herzog,105954,ED,STTHOM,11,9,2,78.6,0,0,1129,0,0,53.4,67.2,49.8,68.1,72.0,65.8,11,19,0,1,38,7.7,3,0,2,66.4,11,2,1,41,0,66,483,418,0,0,417,1,0,65,202,215,23,19,27,8,14,32,0,99,85,9.0
Daniel Douglas,105958,CB,DELWARE ST,8,0,0,58.3,0,0,152,0,0,57.1,58.7,81.4,58.9,65.5,63.3,0,0,0,0,90,14.3,1,0,0,142.4,7,0,0,26,89,114,165,4,0,0,4,0,13,161,1,50,31,2,6,0,12,0,2,159,84,22.7
Esaias Guthrie,105959,S,DELWARE ST,1,1,0,,0,0,152,0,0,65.4,65.6,74.4,,61.7,76.2,0,0,0,0,,0.0,0,0,0,0.0,0,0,0,8,3,17,25,0,0,0,0,0,10,25,0,8,3,0,0,0,0,0,0,0,0,
Victor Tademy,105965,CB,HARVARD,10,8,0,62.2,0,0,179,1,0,67.5,69.9,89.2,56.2,75.4,45.4,0,0,0,1,61,22.2,10,7,1,110.2,23,0,0,159,7,387,624,4,0,0,4,0,79,620,5,232,375,7,27,1,37,0,4,280,64,12.2
Rudy Silvera,105967,CB,LIUSHAR,10,6,0,65.5,0,1,1298,0,0,68.9,67.1,11.2,59.3,64.8,60.1,0,0,0,2,50,15.7,8,2,4,104.7,19,0,0,108,468,332,640,1,0,0,1,0,37,639,1,307,24,14,37,1,29,0,4,259,35,13.6
Mike Arrington,105969,LB,MARIST,11,22,2,70.6,0,1,213,0,0,76.0,72.4,44.5,76.0,66.2,68.6,3,9,0,0,23,12.6,11,0,3,128.1,12,5,0,367,6,219,662,240,0,0,240,0,8,422,120,323,40,37,54,6,17,17,2,114,65,9.5
Elijah Glover,105979,S,VILLANOVA,11,8,0,76.9,0,0,334,0,0,75.8,73.3,91.8,52.2,71.8,69.6,0,7,0,1,25,16.0,8,1,0,86.7,20,0,0,119,7,231,572,126,0,0,126,0,112,446,50,291,208,18,34,2,26,7,1,148,85,7.4
Hunter Cusimano,105980,S,VILLANOVA,2,0,0,,0,0,334,0,0,52.3,42.2,72.6,,43.6,23.0,0,0,0,0,,100.0,2,0,0,0.0,0,0,0,4,0,8,14,0,0,0,0,0,10,14,0,6,0,0,0,0,0,0,0,0,0,
Bryan Bell-Anderson,105981,CB,COLUMBIA,9,5,0,48.8,0,0,145,0,0,78.1,76.7,32.1,,69.7,61.6,0,0,1,1,40,15.6,5,8,3,52.9,20,0,0,39,417,295,463,0,0,0,0,0,5,463,0,168,1,7,22,0,41,0,0,200,37,10.0
Railan Peace,105983,CB,COLUMBIA,8,3,0,55.6,0,0,145,0,0,65.0,65.3,81.0,,64.2,68.9,0,0,0,1,37,12.5,2,0,0,85.9,10,0,0,26,216,151,245,0,0,0,0,0,1,245,0,94,2,3,11,0,18,0,1,182,22,18.2
Cameron Richardson,105987,S,CORNELL,1,0,0,,0,0,147,0,0,,60.0,67.1,,60.0,,0,0,0,0,,,0,0,0,0.0,0,0,0,3,0,0,3,0,0,0,0,0,0,3,0,3,0,0,0,0,0,0,0,0,0,
Jalyx Hunt,105989,ED,HOUCHR,11,14,1,60.0,1,3,183,1,1,90.4,76.8,64.5,75.3,66.3,67.4,11,26,0,0,5,12.2,10,1,3,64.6,3,7,0,44,0,42,718,674,0,0,660,14,0,44,339,337,0,41,58,5,5,44,0,15,11,5.0
Paul Lewis III,105990,CB,CORNELL,10,12,0,57.8,0,0,147,1,0,62.2,64.3,34.1,55.8,73.7,75.6,1,1,0,0,48,10.8,7,4,4,103.7,26,0,0,108,418,311,559,9,0,0,8,1,2,550,11,237,22,15,46,1,45,2,3,337,83,13.0
Seth Verilus,105992,CB,DARTMOUTH,10,9,1,87.8,0,0,148,0,0,72.8,72.7,42.5,83.5,69.5,72.8,0,1,0,0,47,12.5,7,3,1,96.5,36,2,0,89,15,229,469,29,0,0,29,0,2,440,5,235,333,19,40,1,41,3,0,294,257,8.2
Jovone Campbell,105994,S,GEORGETOWN,10,11,0,75.0,0,0,172,0,0,58.0,54.4,36.8,63.8,49.1,56.1,0,0,0,0,40,14.8,8,0,1,138.0,12,1,0,156,3,208,419,34,0,0,34,0,130,385,9,202,96,11,35,0,16,1,2,130,99,10.8
Noah Carr,105996,S,GEORGETOWN,6,0,0,,0,0,172,0,0,60.0,64.0,72.5,59.1,65.3,75.3,0,0,0,0,,0.0,0,0,0,0.0,0,0,0,12,1,1,22,2,0,0,2,0,4,20,1,20,2,0,1,0,0,0,0,0,0,
Khalil Saunders,105998,CB,GEORGETOWN,3,0,0,66.7,0,0,172,0,0,66.9,66.4,76.9,59.3,62.1,39.3,0,0,0,1,25,33.3,1,0,0,68.1,2,0,0,12,18,21,44,3,0,0,3,0,0,41,2,21,11,1,2,0,3,0,0,36,16,18.0
Mitchell Lawhead,106001,LB,LEHIGH,5,3,0,100.0,0,0,205,0,0,40.1,45.7,0.0,57.7,65.8,60.4,0,0,0,0,11,16.7,1,0,1,94.8,4,0,0,26,0,17,51,3,0,0,3,0,0,48,2,32,22,0,2,0,4,0,0,27,17,6.8
Jack Bush,106002,CB,LEHIGH,2,1,0,100.0,0,0,205,0,0,44.1,45.9,71.3,,62.3,28.1,0,0,0,0,32,50.0,1,0,0,118.8,2,0,0,0,11,8,11,0,0,0,0,0,0,11,0,3,0,0,0,0,2,0,0,47,17,23.5
TyGee Leach,106003,S,LEHIGH,11,15,0,69.2,0,1,205,0,0,82.3,83.9,23.6,91.2,80.2,64.8,0,3,0,1,66,15.8,16,1,2,80.2,27,1,0,211,17,372,713,23,0,0,23,0,200,690,16,325,261,36,70,13,39,4,1,211,145,7.8
Jaden Key,106007,S,PENN,10,12,0,52.4,0,0,267,0,0,74.1,77.1,87.9,56.0,81.7,76.6,0,0,0,1,26,10.0,5,3,0,75.7,11,0,0,176,3,357,559,4,0,0,4,0,249,555,3,199,126,11,33,0,21,0,2,91,30,8.3
Chris Rankins,106008,S,PENN,10,4,0,80.0,0,0,267,1,0,54.9,57.2,2.6,57.6,66.7,65.9,0,0,0,0,42,19.0,4,1,1,118.8,8,0,0,101,1,132,256,2,0,0,2,0,123,254,3,121,29,4,13,0,10,0,0,145,42,18.1
Kendren Smith,106009,CB,PENN,10,2,0,53.1,0,2,267,2,0,78.1,80.0,47.7,78.9,82.3,60.8,1,2,0,1,58,17.3,9,3,3,75.1,34,2,0,99,555,410,666,3,0,0,3,0,4,663,7,249,4,21,41,4,64,5,2,382,140,11.2
Wande Owens,106015,CB,YALE,10,9,0,65.7,0,0,352,0,0,73.3,75.6,84.4,70.0,82.3,90.1,1,0,0,0,64,4.7,3,2,1,108.9,44,1,0,59,586,410,650,0,0,0,0,0,0,650,4,236,5,18,52,5,67,2,4,517,186,11.8
Du'Shaunte Holloway,106016,S,YALE,1,0,0,,0,0,352,0,0,,60.4,67.5,,60.0,,0,0,0,0,,,0,0,0,0.0,0,0,0,2,0,0,3,0,0,0,0,0,0,3,0,3,1,0,0,0,0,0,0,0,0,
Jermaine Baker,106018,CB,YALE,4,0,0,0.0,0,0,352,0,0,66.7,69.2,77.2,67.9,64.9,,0,1,0,0,,,0,0,0,39.6,0,0,0,6,2,23,42,2,0,0,2,0,0,40,2,17,32,0,0,0,1,1,0,0,0,
Brandon Benn,106019,S,YALE,8,1,0,33.3,0,1,352,1,0,84.3,87.6,0.0,64.5,93.0,90.6,0,1,0,2,5,0.0,0,3,2,2.8,3,0,0,99,1,184,282,6,0,0,6,0,125,276,5,93,51,9,20,3,9,1,0,7,14,2.3
D.J. Cunningham,106020,CB,BRYANT,2,1,0,,0,0,124,0,0,65.2,65.7,70.3,,,73.4,0,0,0,0,,0.0,0,0,0,0.0,0,0,0,2,0,8,8,0,0,0,0,0,0,8,0,0,6,0,0,0,0,0,0,0,0,
Ken Lim,106023,S,PRINCETON,2,0,0,0.0,0,0,272,0,0,87.7,84.9,72.7,59.5,60.0,76.4,0,0,0,1,,0.0,0,1,0,0.0,0,0,0,1,0,16,19,0,0,0,0,0,16,19,1,2,1,0,1,0,1,0,0,0,0,
Michael Ruttlen Jr.,106024,S,PRINCETON,9,12,0,66.7,0,0,272,0,0,72.8,73.0,88.2,61.0,70.5,87.6,0,2,0,3,22,4.5,2,0,0,67.5,14,0,0,109,6,349,595,12,0,0,11,1,413,583,11,235,54,4,30,0,21,2,1,169,58,12.1
Jayden Wickware,106025,CB,PRINCETON,8,4,0,85.7,0,0,272,0,0,67.3,68.3,83.1,56.9,70.3,69.7,0,0,0,0,11,10.5,2,0,0,92.3,12,0,0,3,0,71,89,4,0,0,4,0,7,85,3,15,75,6,13,0,14,0,0,86,59,7.2
Diassa Diakite,106027,CB,HARVARD,5,2,0,37.5,0,0,179,0,0,72.4,72.4,0.0,,78.5,82.6,0,0,0,0,25,0.0,0,3,2,107.3,3,0,0,15,85,77,101,0,0,0,0,0,0,101,0,24,1,2,5,0,8,0,1,66,14,22.0
Khalil Dawsey,106028,CB,HARVARD,10,8,0,45.8,0,0,179,0,0,74.6,78.6,86.4,73.6,89.9,85.3,0,0,0,0,39,5.0,2,7,1,68.8,22,0,0,21,543,390,640,4,0,0,4,0,1,636,2,248,71,12,30,2,48,0,1,248,51,11.3
Adam Raine,106034,DI,YALE,10,7,4,,0,0,352,0,0,60.5,73.7,84.3,63.1,77.5,68.6,0,1,0,0,,4.5,1,0,0,0.0,0,2,0,0,0,1,384,384,59,319,1,5,0,0,227,156,0,14,14,2,0,3,0,0,0,
Mac Menard,106051,S,BUTLER,11,4,0,86.7,0,0,127,0,0,59.8,59.3,82.7,55.2,59.0,36.4,0,0,0,0,38,31.3,10,1,0,140.6,13,0,0,105,0,109,296,11,0,0,11,0,3,285,19,168,177,10,18,0,15,0,1,186,151,14.3
Thomas Rousseau,106053,CB,BUTLER,10,4,0,50.0,0,0,127,0,0,62.7,64.5,82.6,51.5,72.6,52.0,0,0,0,1,82,21.4,6,3,0,118.5,16,0,0,29,295,180,328,1,0,0,1,0,1,327,4,144,2,5,18,1,32,0,4,370,142,23.1
Jordan Colbert,106063,S,RHODE ISLD,11,5,0,76.2,0,2,274,0,0,66.8,69.9,86.5,,76.5,65.1,0,0,0,0,23,18.6,8,0,1,111.4,16,0,0,71,1,291,463,3,0,0,3,0,265,460,0,172,123,7,30,1,21,0,1,151,86,9.4
Fara'ad McCombs,106064,S,COLUMBIA,10,15,0,58.3,0,0,145,0,0,51.0,55.2,49.7,,66.8,38.9,0,0,0,1,49,25.9,22,2,1,121.4,14,0,0,153,1,424,677,2,0,0,2,0,422,675,0,253,98,11,48,3,24,0,3,279,125,19.9
Mike Fluegel,106069,S,COLUMBIA,8,0,0,28.6,0,0,145,0,0,65.4,63.3,80.0,,54.4,35.6,0,0,0,1,16,37.5,3,2,0,42.6,2,0,0,10,1,55,82,0,0,0,0,0,36,82,0,27,35,2,5,1,7,0,1,26,0,13.0
Darion McKenzie,106070,CB,MERRIMACK,1,0,0,60.0,0,0,385,0,0,64.6,66.5,75.8,,68.2,78.1,0,0,0,0,34,0.0,0,0,0,142.5,3,0,0,0,30,20,40,0,0,0,0,0,0,40,0,20,10,1,3,0,5,0,1,61,3,20.3
Robert Crockett III,106075,CB,DARTMOUTH,10,4,0,52.5,0,0,148,0,0,82.3,79.5,85.6,,59.0,70.0,0,0,0,2,41,12.8,6,5,2,58.8,21,0,0,34,627,333,673,1,0,0,1,0,1,672,0,340,9,14,37,2,40,0,1,244,53,11.6
Nick Cagnetto,106084,S,DRAKE,10,3,0,44.4,0,0,153,0,0,68.8,63.6,82.0,58.3,50.9,62.0,0,1,0,1,24,15.8,3,3,0,68.1,4,0,0,53,10,117,241,7,0,0,7,0,133,234,4,120,36,1,13,0,9,1,1,68,24,17.0
Joey Lukrich,106087,CB,DRAKE,10,7,0,45.8,1,0,153,0,0,76.4,75.2,47.7,57.6,72.9,52.6,0,0,0,1,38,18.6,8,5,3,87.7,11,0,0,71,409,259,560,51,0,0,51,0,4,509,3,298,24,8,28,0,24,0,2,213,70,19.4
Tanner Thorsness,106093,DI,N DAKOTA,1,1,0,,0,0,249,0,0,60.0,58.2,71.6,56.5,,70.2,0,0,0,0,,0.0,0,0,0,0.0,0,0,0,0,0,0,8,8,2,6,0,0,0,0,8,0,0,0,0,0,0,0,0,0,0,
Max Jones,106113,S,HARVARD,3,1,0,100.0,0,0,179,0,0,65.1,65.8,75.0,,64.4,81.1,0,0,0,1,11,0.0,0,0,0,72.9,1,0,0,39,0,20,46,0,0,0,0,0,1,46,0,26,6,1,3,0,1,0,0,11,3,11.0
David Spitz,106119,CB,HARVARD,2,0,0,50.0,0,0,179,0,0,58.8,59.0,74.0,,60.0,,0,0,0,0,12,,0,0,1,68.8,1,0,0,0,20,19,22,0,0,0,0,0,0,22,0,3,2,0,0,0,2,0,0,12,15,12.0
Tariq Snead,106134,CB,LIUSHAR,8,8,0,95.7,0,0,1298,0,0,64.8,66.6,86.6,67.8,67.6,80.7,0,1,0,0,31,7.3,3,0,1,117.6,22,0,0,78,10,170,403,8,0,0,8,0,9,395,2,231,297,14,30,1,23,1,1,201,145,9.1
Maverick Gamble,106142,CB,MERRIMACK,11,1,0,68.2,0,1,385,0,0,57.4,58.9,85.0,53.6,68.5,51.7,0,0,0,0,56,22.2,4,1,0,126.1,15,0,0,13,6,140,200,0,0,0,0,0,10,200,3,57,170,6,13,2,22,0,1,280,105,18.7
Anthony Witherstone,106144,CB,MERRIMACK,9,2,0,51.4,1,0,385,0,0,71.5,73.2,38.1,58.4,80.1,62.9,0,0,0,1,68,16.1,5,4,5,75.3,19,0,0,11,419,272,511,4,0,0,4,0,3,507,2,237,74,9,24,0,37,0,1,290,130,15.3
Brandon Barbee,106164,CB,SE LA,13,6,0,64.7,0,0,294,0,0,68.1,69.1,85.3,61.1,70.3,61.4,0,1,0,2,64,15.6,5,2,0,94.6,22,0,0,26,393,273,490,13,0,0,13,0,38,477,4,213,20,6,21,1,34,1,2,355,163,16.1
Gerrell Green,106165,CB,MCNEESE,3,0,0,50.0,1,0,217,0,0,63.0,59.3,0.0,60.0,62.7,55.7,0,0,0,0,22,20.0,1,2,3,112.5,5,0,0,16,132,67,149,0,0,0,0,0,0,149,1,81,1,1,4,0,10,0,2,70,5,14.0
Jason McCleod Jr.,106172,S,SACR HEART,10,6,0,83.3,0,0,280,1,0,47.4,60.4,84.9,60.0,78.8,80.5,0,0,0,0,71,8.1,3,0,2,148.6,10,0,0,139,1,157,353,10,0,0,10,0,159,343,2,194,43,15,28,1,12,0,4,122,95,12.2
Christian Brown,106184,CB,HOWARD,11,4,0,45.5,0,0,184,0,0,72.0,71.8,84.5,59.8,65.7,76.4,0,0,0,1,35,7.9,3,4,2,52.7,20,0,0,30,462,259,510,1,0,0,1,0,9,509,1,250,6,10,31,1,44,0,0,234,63,11.7
Terrell Smith,106193,CB,MONMOUTH,2,0,0,20.0,0,0,231,0,0,57.2,58.1,77.0,,63.0,73.5,0,0,0,1,25,0.0,0,0,0,8.3,1,0,0,0,58,39,59,0,0,0,0,0,0,59,0,20,1,0,1,0,5,0,0,25,3,25.0
Kerry Galloway,106194,CB,ST FRANCIS,12,6,0,34.2,3,0,299,0,0,78.0,78.5,84.7,43.0,80.0,67.0,0,1,0,1,58,14.3,4,7,5,63.3,13,0,0,65,559,329,635,0,0,0,0,0,2,635,4,302,8,7,18,0,38,1,2,238,73,18.3
Mark Conrad,106195,S,ST FRANCIS,11,4,0,61.5,0,0,299,0,0,57.7,59.7,85.2,60.0,63.4,36.9,0,0,0,0,30,28.6,8,1,0,98.9,8,0,0,42,1,108,203,0,0,0,0,0,107,203,1,94,50,7,16,0,13,0,1,62,36,7.8
Desmond Harrod,106196,CB,ST FRANCIS,12,4,0,54.2,0,0,299,0,0,77.3,66.2,5.9,57.4,52.3,32.2,2,4,0,0,17,32.0,8,3,2,75.9,13,1,0,83,8,162,369,90,0,0,90,0,2,279,68,139,185,9,13,1,24,7,1,85,54,6.5
Tyler Rice,106206,ED,MOREHEAD,1,0,0,,0,0,234,0,0,,40.8,71.0,58.7,51.5,,0,0,0,0,,,0,0,0,0.0,0,0,0,0,0,0,6,6,0,0,6,0,0,0,3,3,0,0,0,0,0,0,0,0,0,
Justin Roberson,106210,S,STETSON,4,0,0,100.0,0,1,302,0,0,69.1,67.1,75.2,59.2,58.4,80.3,0,0,0,0,46,0.0,0,0,0,158.3,3,0,0,13,7,26,41,2,0,0,2,0,10,39,1,14,9,1,4,0,3,0,1,55,52,18.3
Kellan Mckeag,106222,LB,STTHOM,11,5,0,66.7,0,0,1129,0,0,62.7,65.1,25.7,63.8,66.3,65.4,2,7,0,0,73,12.5,4,1,1,146.8,6,1,0,292,0,107,302,4,0,0,4,0,0,298,73,122,5,21,23,3,9,10,1,125,95,20.8
Kohlton Sherman,106227,S,VALPO,12,8,0,56.5,0,0,332,0,0,89.3,87.8,88.1,76.3,73.9,85.6,2,1,1,4,22,8.1,5,6,2,26.1,13,2,0,201,9,339,654,28,0,0,28,0,295,626,19,296,120,15,49,4,23,5,0,91,44,7.0
Miles Oldacre,106231,S,YALE,10,6,0,56.3,0,0,352,0,0,71.1,70.7,32.5,54.4,71.9,78.3,0,0,0,0,36,8.5,4,2,2,93.6,18,0,0,89,1,343,542,0,0,0,0,0,247,542,3,196,205,6,37,1,32,0,2,183,72,10.2
Darnell Robinson,106232,CB,YALE,5,0,0,,0,0,352,0,0,67.0,67.5,73.2,,61.6,73.5,0,0,0,0,,0.0,0,0,0,0.0,0,0,0,3,23,18,27,0,0,0,0,0,0,27,0,9,0,0,1,0,0,0,0,0,0,
Jaylan Granberry,106233,CB,YALE,5,0,0,28.6,0,0,352,0,0,71.4,68.2,0.0,,60.4,28.3,0,0,0,0,32,100.0,1,2,1,95.8,2,0,0,1,33,40,49,0,0,0,0,0,1,49,0,9,13,0,0,0,7,0,1,49,43,24.5
Kennedy Kosmalski,106234,S,YALE,3,0,0,,0,0,352,0,0,60.8,58.6,71.8,,57.0,76.4,0,0,0,0,,0.0,0,0,0,0.0,0,0,0,3,0,2,12,0,0,0,0,0,7,12,0,10,1,0,1,0,0,0,0,0,0,
Kyle Ellis,106235,S,YALE,10,5,0,68.0,0,1,352,0,0,59.0,67.6,86.9,75.3,83.9,67.2,1,1,0,0,36,13.5,7,1,2,138.7,17,0,0,164,1,339,534,5,0,0,5,0,257,529,4,191,107,22,40,4,25,2,4,242,85,14.2
Dathan Hickey,106236,CB,YALE,3,3,0,50.0,0,0,352,0,0,70.0,73.4,79.4,55.6,84.3,73.9,0,0,0,1,43,6.7,1,3,2,43.1,10,0,0,21,138,89,161,1,0,0,1,0,0,160,2,70,1,6,11,1,20,0,0,97,26,9.7
Travon Wallace,106244,S,CITADEL,11,15,0,63.6,2,1,139,0,0,53.1,56.3,0.0,47.2,70.0,62.5,0,1,0,1,80,15.7,11,1,3,124.6,14,0,0,209,6,287,571,10,0,0,10,0,151,561,4,280,194,19,44,4,22,1,3,258,163,18.4
Brandon Codrington,106248,CB,NC CENT,10,5,0,54.8,0,0,247,0,0,56.5,57.7,27.1,,68.0,52.0,0,0,0,0,55,20.6,7,4,2,115.9,23,0,0,27,355,245,403,2,0,0,2,0,12,401,0,158,6,4,22,1,42,0,4,367,124,16.0
Abdiel Richards,106250,S,INCAR WORD,2,0,0,100.0,0,0,189,0,0,59.6,61.9,74.1,,64.3,82.0,0,0,0,0,10,0.0,0,0,0,108.3,1,0,0,0,0,8,14,0,0,0,0,0,8,14,0,6,6,0,4,0,1,0,0,10,1,10.0
Reed Ryan,106257,ED,N DAK ST,4,1,0,,0,0,250,0,0,,59.9,77.8,53.8,63.5,50.0,0,0,0,0,,25.0,1,0,0,0.0,0,0,0,0,0,0,46,46,0,0,46,0,0,0,20,26,0,1,2,0,0,0,0,0,0,
Will Mostaert,106258,DI,N DAK ST,15,13,1,,2,0,250,1,1,64.1,73.0,1.9,70.8,75.8,28.4,3,23,0,0,,23.8,10,0,6,0.0,0,2,0,2,0,2,551,549,22,506,0,21,0,2,300,249,0,15,19,3,0,28,0,0,0,
Dylan Wudke,106263,ED,YNGTOWN ST,11,8,3,100.0,0,2,353,1,0,68.2,84.9,87.2,76.2,78.8,76.4,2,13,0,0,-8,5.6,2,0,0,79.2,1,5,0,19,0,0,435,416,1,12,364,39,0,19,235,200,0,27,26,7,1,20,0,-8,-1,-8.0
Sean Kelly,106264,ED,BROWN,10,8,0,,0,0,123,1,0,62.5,62.3,83.7,62.6,58.2,68.9,0,2,0,0,,10.0,2,0,0,0.0,0,1,0,0,0,2,241,240,0,2,177,61,0,1,115,124,0,7,10,1,0,3,0,0,0,
Terrence Lane II,106265,ED,BROWN,10,5,0,,0,0,123,0,0,65.6,68.3,86.5,68.1,61.1,78.3,4,9,0,0,,9.5,2,0,0,0.0,0,5,0,1,0,0,413,411,2,19,324,66,0,2,224,189,0,14,14,1,0,18,0,0,0,
Tommy Maloney,106266,ED,BROWN,1,0,0,,0,0,123,0,0,,42.8,0.0,64.2,55.0,,0,1,0,0,,,0,0,1,0.0,0,0,0,0,0,0,6,6,0,0,6,0,0,0,1,5,0,0,0,0,0,1,0,0,0,
Tyler Antkowiak,106268,ED,N ALABAMA,10,3,0,,0,0,389,0,0,60.2,63.1,82.1,64.0,60.6,68.4,0,6,0,0,,9.1,1,0,0,0.0,0,0,0,1,0,1,166,165,0,3,120,42,0,1,48,117,0,5,7,0,0,6,0,0,0,
Sebastian Benjamin,106272,ED,ST FRANCIS,12,5,0,62.5,0,1,299,0,0,47.1,68.4,69.8,74.3,66.2,55.9,6,25,0,0,19,19.4,6,0,1,78.6,5,7,0,53,1,47,491,413,0,0,413,0,0,78,221,223,23,18,20,1,8,38,0,47,36,9.4
Phillip Hopkins,106273,ED,ALAB A&M,1,0,0,100.0,0,0,104,0,0,57.1,48.3,76.4,53.7,54.5,70.1,0,1,0,0,12,0.0,0,0,0,116.7,1,0,0,11,0,1,45,34,3,2,28,1,0,11,27,17,0,1,1,0,1,1,0,12,9,12.0
Kenny Dyson Jr.,106277,ED,BRYANT,10,5,1,100.0,1,2,124,0,0,55.6,75.9,34.0,77.3,73.6,62.2,6,25,0,0,18,19.0,4,0,4,102.1,2,8,0,0,0,2,473,472,0,5,441,26,0,1,276,195,0,16,12,5,2,39,0,17,11,8.5
Chidi Nna,106279,ED,BRYANT,10,5,0,,0,0,124,0,0,63.5,69.0,83.7,67.2,63.1,81.6,2,11,0,0,,0.0,0,0,1,0.0,0,1,0,0,0,0,228,228,0,2,205,21,0,0,136,92,0,6,8,2,0,14,0,0,0,
Rayshad Wallace,106280,ED,SACR HEART,10,6,1,,0,0,280,0,0,55.7,67.3,82.2,67.9,65.0,60.8,1,6,0,0,,14.3,3,0,0,0.0,0,1,0,1,0,2,210,209,4,66,97,42,0,1,95,113,0,9,12,3,0,8,0,0,0,
Joe Durham,106297,ED,DAYTON,11,4,3,,0,1,150,1,0,63.1,65.6,87.7,63.7,62.3,50.0,4,11,0,0,,16.7,5,0,0,0.0,0,5,0,0,0,1,504,504,0,4,391,109,0,0,285,218,0,21,21,2,0,20,0,0,0,
Quincy Chinwuko,106303,ED,GEORGETOWN,7,0,0,,1,2,172,0,0,65.8,77.2,37.0,90.0,46.1,62.3,2,18,0,0,,20.0,2,0,1,0.0,0,5,0,1,0,0,162,161,3,11,126,21,0,1,108,54,0,11,8,0,0,25,0,0,0,
Ibrahim Kamara,106304,ED,GEORGETOWN,7,6,0,100.0,0,0,172,0,0,62.8,66.7,32.8,62.7,70.1,63.1,2,11,0,0,10,14.3,3,0,2,108.3,1,1,0,5,0,3,315,309,4,47,200,58,0,6,167,145,0,12,12,1,1,14,0,10,11,10.0
Michael Azevedo,106315,ED,PRINCETON,9,3,0,,0,1,272,1,0,60.0,65.7,82.7,64.6,63.1,34.0,1,7,0,0,,33.3,3,0,0,0.0,0,1,0,0,0,0,246,245,5,41,103,96,0,1,129,117,0,4,3,1,0,9,0,0,0,
Kevin Peprah,106321,ED,SACR HEART,10,9,0,66.7,1,0,280,0,0,65.9,71.6,4.5,74.7,71.6,43.0,1,25,0,0,9,20.5,9,0,5,71.5,4,1,0,31,0,33,460,423,0,10,383,30,1,37,186,241,5,14,26,2,6,27,0,20,15,5.0
Brendan Whitehead,106323,ED,SACR HEART,11,13,1,,0,0,280,0,0,67.8,90.0,42.8,83.9,87.2,74.3,2,18,0,0,,7.7,3,0,3,0.0,0,3,0,0,0,0,395,394,1,50,288,55,0,1,184,211,0,22,23,5,0,23,0,0,0,
Tyreke Brown,106326,ED,SACR HEART,11,6,0,100.0,0,0,280,0,0,48.7,80.2,87.2,75.8,81.4,73.2,4,15,0,0,46,8.0,2,0,0,158.3,2,3,0,21,0,15,258,236,0,1,226,9,0,22,115,128,1,17,17,7,2,22,1,56,42,28.0
Fermon Reid,106332,ED,STETSON,9,13,0,,1,0,302,1,0,67.4,86.8,47.8,81.4,84.2,83.9,4,22,0,0,,4.7,2,0,2,0.0,0,4,0,2,0,2,472,467,0,43,195,229,0,5,229,241,0,25,28,7,0,30,0,0,0,
Carson Gulgin,106339,DI,BUTLER,11,4,0,,0,0,127,0,0,59.6,61.2,83.8,61.1,59.5,34.6,1,5,0,0,,20.0,3,0,0,0.0,0,1,0,0,0,0,363,363,55,304,0,4,0,0,152,211,0,6,8,1,0,7,0,0,0,
Wilson McCraw,106346,ED,MOREHEAD,2,1,0,,0,0,234,0,0,60.0,62.5,72.7,64.9,57.5,72.7,0,1,0,0,,0.0,0,0,0,0.0,0,0,0,0,0,0,12,12,0,4,7,1,0,0,6,6,0,0,1,0,0,1,0,0,0,
Will Buck,106350,DI,SAN DIEGO,10,11,0,,0,0,283,0,0,63.3,87.0,43.5,91.4,71.5,71.9,8,42,0,0,,3.4,1,0,3,0.0,0,4,0,0,0,1,686,686,43,620,2,21,0,0,403,282,0,15,17,3,0,54,0,0,0,
Nick Lavender,106359,DI,MOREHEAD,11,6,0,,0,0,234,0,0,61.8,64.9,63.1,74.1,56.9,42.5,6,8,0,0,,17.4,4,0,1,0.0,0,5,0,0,0,0,431,431,12,394,1,24,0,0,199,232,0,16,13,0,0,19,0,0,0,
Brooks Jones,106360,DI,BROWN,10,7,0,,0,0,123,0,0,58.8,52.5,83.2,52.4,53.8,52.4,0,1,0,0,,10.0,2,0,0,0.0,0,0,0,0,0,0,369,368,50,310,0,8,0,1,168,201,0,8,11,1,0,1,0,0,0,
Nicholas Lenon,106367,ED,MERRIMACK,4,1,1,,0,1,385,0,0,,75.4,83.1,66.2,78.9,81.6,2,3,0,0,,0.0,0,0,0,0.0,0,4,0,0,0,0,188,188,0,2,161,25,0,0,105,83,0,12,9,2,0,9,0,0,0,
Cole Birdow,106368,DI,MERRIMACK,1,0,0,,0,0,385,0,0,,60.7,72.6,56.3,63.0,70.2,0,0,0,0,,0.0,0,0,0,0.0,0,0,0,0,0,0,14,14,1,13,0,0,0,0,8,6,0,0,1,0,0,0,0,0,0,
Nathan Harvey,106369,ED,MERRIMACK,8,1,0,,0,0,385,0,0,62.7,57.8,80.2,54.5,56.0,78.9,0,0,0,0,,0.0,0,0,0,0.0,0,0,0,0,0,0,94,94,0,1,77,16,0,0,51,43,0,4,6,1,0,0,0,0,0,
Jackson McCarty,106370,DI,MERRIMACK,10,2,0,,0,0,385,0,0,60.0,76.9,77.7,73.5,72.8,77.7,0,4,0,0,,0.0,0,0,0,0.0,0,1,0,0,0,0,81,81,0,75,0,6,0,0,35,46,0,5,5,0,0,5,0,0,0,
Elijah Beach,106384,DI,N DAKOTA,12,3,0,,0,0,249,0,0,71.4,68.0,82.6,60.8,66.6,78.1,0,4,0,0,,0.0,0,0,0,0.0,0,0,0,0,0,0,213,213,71,97,2,43,0,0,112,101,0,6,8,0,0,4,0,0,0,
Darryl Rogan,106392,LB,AUSTINPEAY,10,14,0,60.0,0,0,116,0,0,74.0,64.9,85.2,64.2,55.2,71.9,3,6,0,0,28,12.5,6,0,0,78.8,6,3,0,223,1,169,491,208,0,0,208,0,0,283,97,225,59,21,28,5,10,12,0,64,59,10.7
Jau'von Young,106395,ED,AUSTINPEAY,11,3,1,,1,0,116,0,0,65.6,61.8,6.8,54.8,69.8,70.2,1,5,0,0,,8.0,2,0,4,0.0,0,0,0,0,0,0,391,391,20,65,72,234,0,0,203,188,0,19,20,9,0,6,0,0,0,
Terry Edwards,106399,ED,MS VLY ST,2,0,0,,0,0,228,0,0,,58.3,69.2,,58.9,70.8,0,0,0,0,,0.0,0,0,0,0.0,0,0,0,0,0,0,4,4,0,0,3,1,0,0,0,4,0,1,1,0,0,0,0,0,0,
Jalen Bell,106404,DI,MS VLY ST,11,11,0,,0,1,228,2,0,60.9,79.6,20.6,81.4,76.6,38.9,5,16,0,0,,22.2,10,0,5,0.0,0,6,0,0,0,0,531,529,13,436,2,78,0,2,298,233,0,22,24,3,0,27,0,0,0,
Dwayne Majors,106406,DI,ST FRANCIS,7,1,0,,0,0,299,0,0,64.3,62.7,26.9,60.1,63.9,52.3,1,0,0,0,,11.1,1,0,1,0.0,0,0,0,1,0,1,125,123,41,69,0,13,0,2,66,58,0,4,7,0,0,1,0,0,0,
Gavin Thomas,106408,DI,ST FRANCIS,12,9,0,,0,0,299,1,0,60.0,76.8,84.0,61.8,80.2,63.4,1,7,0,0,,7.4,2,0,0,0.0,0,0,0,0,0,0,283,282,122,159,0,1,0,1,119,164,0,10,16,2,0,8,0,0,0,
Jalen Howard,106409,ED,VILLANOVA,8,1,0,,1,0,334,0,0,60.3,55.0,0.0,61.4,57.7,32.5,0,6,0,0,,33.3,2,0,2,0.0,0,1,0,4,0,2,96,92,0,14,40,38,0,4,61,33,0,3,3,1,0,7,0,0,0,
CJ Pressley,106410,ED,VILLANOVA,11,2,1,,0,0,334,0,0,,55.4,46.3,53.1,59.7,31.2,0,1,0,0,,30.0,3,0,1,0.0,0,0,0,0,0,0,254,254,5,56,35,158,0,0,130,124,0,4,5,0,0,1,0,0,0,
Mitch Moyer,106414,DI,COLUMBIA,10,10,2,,0,0,145,0,0,59.0,78.6,68.0,75.0,77.5,55.0,6,26,0,0,,7.9,3,1,1,0.0,0,2,0,0,0,0,547,546,17,492,20,17,0,1,338,209,0,24,25,1,0,34,0,0,0,
Hugh McLean,106415,DI,COLUMBIA,2,0,0,,0,0,145,0,0,,50.0,73.6,54.1,60.0,22.2,0,1,0,0,,100.0,1,0,0,0.0,0,0,0,0,0,0,23,23,0,23,0,0,0,0,22,1,0,0,0,0,0,1,0,0,0,
Drew Davis,106416,DI,COLUMBIA,1,0,0,,0,0,145,0,0,,60.0,64.7,60.0,,,0,0,0,0,,,0,0,0,0.0,0,0,0,0,0,0,1,1,0,1,0,0,0,0,1,0,0,0,0,0,0,0,0,0,0,
Wallace Squibb Jr.,106420,DI,CORNELL,10,4,1,,0,0,147,0,0,62.5,44.3,59.3,55.7,38.2,44.8,0,3,0,0,,8.3,1,0,1,0.0,0,0,0,1,0,1,300,299,207,90,1,1,0,1,162,137,0,5,7,0,0,3,0,0,0,
Shane Cokes,106422,ED,DARTMOUTH,10,8,1,,0,0,148,0,0,60.5,74.4,53.9,66.6,77.4,39.0,5,25,0,0,,22.0,13,0,2,0.0,0,4,0,0,0,0,600,599,1,121,211,266,0,1,295,305,0,33,38,7,0,34,0,0,0,
Charles Looes,106423,DI,DARTMOUTH,10,8,1,,0,0,148,1,0,50.6,72.9,44.3,71.7,74.5,42.6,5,16,0,0,,15.6,7,0,2,0.0,0,3,0,0,0,0,447,446,31,195,87,133,0,1,225,222,1,23,30,4,0,24,0,0,0,
Jaylin Rainey,106425,DI,DARTMOUTH,10,4,0,,0,0,148,0,0,60.0,53.0,17.2,53.4,57.0,65.6,0,0,0,0,,8.3,1,0,2,0.0,0,0,0,0,0,0,213,213,61,140,0,12,0,0,88,125,0,5,7,1,0,0,0,0,0,
Hank Knez,106426,ED,DARTMOUTH,8,2,0,,0,0,148,0,0,59.6,66.8,81.2,61.7,68.3,70.5,1,6,0,0,,6.7,1,0,0,0.0,0,1,0,0,0,1,177,177,17,70,41,49,0,0,94,82,0,5,12,0,0,8,0,0,0,
Tony Gyimah Jr.,106427,DI,GEORGETOWN,5,0,0,,0,0,172,0,0,,59.2,76.1,62.6,57.3,70.8,0,0,0,0,,0.0,0,0,0,0.0,0,0,0,0,0,0,39,39,1,22,7,9,0,0,9,30,0,0,1,0,0,0,0,0,0,
Tyler Jones,106429,DI,GEORGETOWN,3,0,0,,0,0,172,0,0,,62.7,77.2,55.5,65.3,74.7,0,0,0,0,,0.0,0,0,0,0.0,0,0,0,2,0,0,47,45,17,24,2,2,0,2,24,23,0,2,4,0,0,0,0,0,0,
Tristan Tritt,106430,LB,LAFAYETTE,1,0,0,,0,0,203,0,0,,60.8,65.8,60.0,60.0,,0,0,0,0,,,0,0,0,0.0,0,0,0,0,0,0,2,2,0,1,0,1,0,0,1,1,0,0,0,0,0,0,0,0,0,
Dean Colton,106432,DI,LEHIGH,11,15,0,,0,0,205,2,1,75.0,75.0,86.6,58.8,72.4,67.5,3,3,1,1,,5.9,2,0,0,0.0,0,1,0,0,0,1,476,475,161,238,51,25,0,1,262,213,0,14,17,2,0,7,0,0,0,
Mikhari Sibblis,106434,ED,LEHIGH,11,12,1,,0,2,205,0,0,74.4,61.3,55.0,54.2,61.8,46.4,1,7,0,0,,17.1,7,0,2,0.0,0,3,0,0,0,3,580,578,6,160,273,139,1,2,319,258,0,16,22,7,0,11,0,0,0,
Michael Callahan,106435,ED,LEHIGH,5,1,0,,0,0,205,1,0,88.7,70.7,83.3,56.2,64.2,50.6,1,0,0,0,,16.7,2,0,0,0.0,0,0,0,14,0,4,88,74,0,2,70,2,0,14,25,59,0,8,9,1,0,1,0,0,0,
Will Seiler,106436,DI,PENN,9,1,0,,0,0,267,0,0,60.0,73.9,29.9,69.8,75.0,57.0,3,4,0,0,,16.7,1,0,1,0.0,0,1,0,0,0,0,145,145,8,122,1,14,0,0,91,54,0,4,4,0,0,8,0,0,0,
Grant Ristoff,106441,ED,PENN,8,4,0,,1,0,267,0,0,66.4,62.1,13.7,61.8,61.5,75.9,2,8,0,0,,5.9,1,0,3,0.0,0,2,0,0,0,0,292,292,0,5,232,55,0,0,166,126,0,10,12,0,0,12,0,0,0,
Micah Morris,106442,DI,PENN,10,8,0,,0,0,267,0,0,68.8,78.5,19.2,74.0,73.2,83.4,7,10,1,1,,0.0,0,0,4,0.0,0,5,0,0,0,0,502,502,77,417,2,6,0,0,314,188,0,15,17,0,0,22,0,0,0,
Marcus Mauney,106444,ED,YALE,9,3,0,,0,0,352,0,0,,56.3,30.2,53.6,62.2,79.8,0,1,0,0,,0.0,0,0,1,0.0,0,0,0,1,0,0,133,132,0,5,116,11,0,1,72,61,0,4,5,2,0,1,0,0,0,
Isaac Mitchell,106445,ED,YALE,9,4,0,,0,0,352,0,0,60.0,60.9,81.5,54.8,64.0,59.0,0,2,0,0,,10.0,1,0,0,0.0,0,0,0,0,0,0,138,138,1,7,112,18,0,0,71,67,0,4,5,0,0,2,0,0,0,
Clay Patterson,106446,ED,YALE,10,7,2,,0,0,352,1,0,57.2,73.1,52.9,76.7,66.7,29.5,9,18,0,0,,30.8,8,0,2,0.0,0,7,0,2,0,2,538,536,25,220,235,56,0,2,362,174,0,12,11,1,0,34,0,0,0,
Carter Christopher,106448,DI,PRINCETON,10,7,2,,0,0,272,0,0,54.2,60.0,56.3,62.5,60.6,53.8,1,2,0,0,,10.5,2,0,1,0.0,0,2,0,1,0,0,294,293,107,182,0,4,0,1,162,132,0,9,10,1,0,5,0,0,0,
James Stagg,106450,DI,PRINCETON,10,7,0,0.0,1,0,272,1,0,61.9,73.2,33.7,58.9,83.4,80.0,5,4,0,0,,2.8,1,0,2,39.6,0,0,1,2,0,2,351,348,4,235,37,72,0,3,197,152,0,20,28,2,1,9,0,0,0,
Nate Leskovec,106451,ED,HARVARD,10,9,0,100.0,0,0,179,0,0,64.6,75.1,50.0,73.9,73.1,69.9,5,17,0,0,17,9.7,3,0,2,91.7,2,4,0,12,1,22,474,460,0,19,367,74,0,14,270,182,1,21,19,4,2,26,0,12,14,6.0
Frank Alfano,106453,S,SACR HEART,10,6,0,78.6,0,0,280,0,0,68.9,64.5,85.2,57.0,56.1,66.0,0,0,0,1,35,14.7,5,0,0,107.7,11,0,0,156,4,160,341,18,0,0,18,0,111,323,7,174,52,9,23,0,14,0,2,105,38,9.5
Collin Richardson,106454,DI,HARVARD,1,0,0,,0,0,179,0,0,,60.0,64.4,,60.0,,0,0,0,0,,,0,0,0,0.0,0,0,0,0,0,0,1,1,0,1,0,0,0,0,0,1,0,0,0,0,0,0,0,0,0,
David Madzivanyika,106455,DI,HARVARD,9,5,0,,0,0,179,0,0,58.4,69.1,40.8,63.0,74.6,80.8,1,2,0,0,,0.0,0,0,1,0.0,0,2,0,1,0,2,189,188,42,134,0,12,0,1,110,77,0,10,13,1,0,5,0,0,0,
Maxwell Sweet,106460,DI,BROWN,9,4,0,,0,0,123,0,0,,64.7,78.7,57.5,66.5,39.3,0,1,0,0,,16.7,1,0,0,0.0,0,0,0,0,0,0,110,110,1,108,1,0,0,0,47,63,0,1,1,0,0,1,0,0,0,
Nsaiah Harriet,106480,ED,BRYANT,10,5,0,,1,0,124,0,0,60.8,64.9,11.2,58.1,74.6,67.8,0,5,0,0,,6.7,1,0,3,0.0,0,0,0,1,0,2,270,268,2,6,249,11,0,2,145,123,0,7,9,3,0,5,0,0,0,
Luca Di Leo,106495,DI,DARTMOUTH,4,4,0,,0,0,148,0,0,67.7,48.5,0.0,58.6,47.7,27.4,0,0,0,0,,27.3,3,0,2,0.0,0,0,0,0,0,0,137,137,63,71,1,2,0,0,59,78,0,2,4,0,0,0,0,0,0,
Alex Schmidt,106496,DI,DARTMOUTH,10,2,1,,0,0,148,0,0,60.0,57.6,49.2,54.0,60.4,44.5,1,0,0,0,,15.8,3,0,1,0.0,0,0,0,0,0,0,252,252,17,172,2,61,0,0,110,142,0,11,14,0,0,1,0,0,0,
Marcus Winfield,106497,ED,DELWARE ST,10,2,0,,0,0,152,1,0,69.6,65.9,83.4,63.9,61.5,70.2,6,8,0,0,,0.0,0,0,0,0.0,0,4,0,9,0,1,265,255,19,81,94,61,0,10,172,92,0,8,6,2,0,18,0,0,0,
Isaiah Byrd,106514,DI,GEORGETOWN,6,0,0,,0,0,172,0,0,,45.3,0.0,56.0,48.5,70.1,0,0,0,0,,0.0,0,0,1,0.0,0,0,0,0,0,0,56,56,32,24,0,0,0,0,16,40,0,0,1,0,0,0,0,0,0,
David Schwartz,106526,ED,HARVARD,10,6,0,,0,0,179,0,0,62.3,78.0,83.1,66.9,82.0,47.6,3,7,0,0,,18.8,3,0,0,0.0,0,0,0,2,0,3,206,204,0,17,97,90,0,2,121,82,0,4,7,1,0,10,0,0,0,
Truman Jones,106527,ED,HARVARD,10,10,1,80.0,1,1,179,1,0,74.7,80.8,47.3,77.3,78.8,68.2,8,26,0,0,25,12.5,5,0,2,139.6,4,8,0,73,1,72,503,410,0,0,350,60,0,93,235,196,19,24,25,7,5,42,1,40,16,10.0
Anthony Nesby,106541,DI,JVILLE ST,7,2,0,,0,0,196,0,0,,57.7,83.0,59.2,56.0,75.5,0,2,0,0,,0.0,0,0,0,0.0,0,0,0,0,0,0,157,157,71,84,0,2,0,0,61,96,0,2,3,0,0,2,0,0,0,
Jimmy Regateiro,106555,DI,LIUSHAR,11,11,0,,0,0,1298,0,0,63.3,60.9,72.5,53.4,64.1,58.7,2,5,0,0,,12.1,4,0,1,0.0,0,2,0,0,0,0,610,608,266,333,1,8,0,2,310,300,0,13,18,0,0,9,0,0,0,
Liam Mcintyre,106560,LB,LEHIGH,1,0,0,,0,0,205,0,0,,49.8,62.1,,60.0,,0,0,0,0,,,0,0,0,0.0,0,0,0,1,0,0,1,0,0,0,0,0,0,1,0,1,0,0,0,0,0,0,0,0,0,
Andre Brackett,106565,CB,TENN MARTN,9,2,0,50.0,0,0,310,0,0,41.5,46.4,80.6,47.6,75.7,67.0,0,1,0,0,83,13.0,3,3,5,135.4,12,0,0,13,154,101,171,3,0,0,3,0,0,168,3,67,1,4,18,0,24,1,5,367,67,30.6
Dwight Lawrence,106569,CB,CITADEL,1,0,0,0.0,0,0,139,0,0,92.0,93.5,70.8,,60.4,,0,0,0,1,,,0,0,0,0.0,0,0,0,0,7,3,10,0,0,0,0,0,0,10,0,7,3,0,0,0,1,0,0,0,0,
Romallis Carey,106581,DI,MS VLY ST,9,1,0,,0,0,228,0,0,70.0,66.0,85.2,57.1,66.8,75.7,1,2,0,0,,0.0,0,0,0,0.0,0,0,0,0,0,0,209,209,127,81,1,0,0,0,105,104,0,4,6,2,0,3,0,0,0,
Tom Flood,106583,ED,MOREHEAD,10,11,0,,0,1,234,0,0,67.4,70.7,64.6,64.8,69.2,51.1,4,12,0,0,,13.9,5,0,1,0.0,0,3,0,0,0,2,421,421,22,69,225,105,0,0,202,217,0,19,20,3,0,19,0,0,0,
Charlie Meech,106585,DI,MOREHEAD,8,1,0,,0,0,234,0,0,,62.7,80.6,60.3,62.1,74.4,0,0,0,0,,0.0,0,0,0,0.0,0,1,0,0,0,0,78,78,42,36,0,0,0,0,21,57,0,3,3,0,0,1,0,0,0,
Eddie Loos,106586,DI,MOREHEAD,11,5,1,,0,0,234,0,0,41.4,62.8,68.0,66.3,61.8,32.6,5,9,0,0,,26.3,5,0,1,0.0,0,5,0,0,0,0,490,490,122,326,15,27,0,0,232,258,0,9,9,1,0,19,0,0,0,
Charlie Ryan,106593,DI,N ALABAMA,2,0,0,,0,0,389,0,0,,40.4,72.4,59.5,41.1,69.7,0,0,0,0,,0.0,0,0,0,0.0,0,0,0,0,0,0,17,17,0,15,0,2,0,0,3,14,0,1,1,0,0,0,0,0,0,
Griffin McGovern,106596,S,BROWN,10,3,0,76.0,0,0,123,0,0,43.8,49.3,84.7,,67.0,63.1,0,0,0,0,39,17.4,4,0,0,131.3,19,0,0,79,10,164,293,0,0,0,0,0,89,293,0,129,115,3,16,1,25,0,2,235,59,12.4
Uche Ndukwe,106605,DI,PRINCETON,9,5,1,,0,1,272,1,0,59.3,70.8,25.0,72.8,69.1,80.5,2,12,0,0,,0.0,0,0,2,0.0,0,3,0,1,0,1,274,273,15,216,14,28,0,1,170,103,0,9,8,2,0,17,0,0,0,
Mac Neviaser,106609,DI,STETSON,1,0,0,,0,0,302,0,0,,60.0,65.5,60.0,,,0,0,0,0,,,0,0,0,0.0,0,0,0,0,0,0,1,1,1,0,0,0,0,0,1,0,0,0,0,0,0,0,0,0,0,
James Watkins,106613,DI,ST FRANCIS,12,4,0,,0,0,299,0,0,64.6,65.0,83.0,52.2,68.5,54.2,0,0,0,0,,9.1,1,0,0,0.0,0,0,0,0,0,0,197,197,99,96,1,1,0,0,95,102,0,5,6,0,0,0,0,0,0,
Fletcher Christian,106626,ED,VALPO,6,0,0,,0,0,332,0,0,,42.7,0.0,52.1,49.9,,0,0,0,0,,,0,0,1,0.0,0,0,0,0,0,0,40,40,0,2,24,14,0,0,15,25,0,0,0,0,0,0,0,0,0,
Reid Nickerson,106637,ED,YALE,10,3,5,77.8,0,2,352,0,0,63.4,75.7,71.7,76.1,71.2,57.4,10,20,0,0,26,17.4,4,0,1,102.3,7,5,0,27,0,41,519,490,0,0,473,17,0,29,309,169,2,16,16,3,9,35,0,77,57,11.0
Osorachukwu Ifesinachukwu,106638,ED,YALE,5,4,0,,1,0,352,0,0,61.7,77.9,0.0,80.0,73.4,71.7,0,8,0,0,,10.0,1,0,3,0.0,0,4,0,0,0,0,194,194,1,23,151,19,0,0,125,69,0,6,5,1,0,12,0,0,0,
Sebastian Bruno,106641,DI,YALE,4,0,1,,0,0,352,0,0,,50.2,74.2,71.5,39.8,69.7,0,1,0,0,,0.0,0,0,0,0.0,0,0,0,0,0,0,26,26,1,25,0,0,0,0,12,14,0,1,1,0,0,1,0,0,0,
Deontrae Brown,106651,ED,NC CENT,11,5,0,,0,0,247,1,0,71.1,64.8,85.5,52.1,72.8,77.3,2,6,0,0,,5.0,1,0,0,0.0,0,1,0,7,0,6,379,372,0,1,293,78,0,7,230,143,0,9,14,1,0,9,0,0,0,
Quantez Mansfield,106652,DI,NC CENT,4,2,0,,0,0,247,0,0,,78.8,79.9,73.4,75.8,79.5,0,5,0,0,,0.0,0,0,0,0.0,0,3,0,0,0,0,128,128,28,98,0,2,0,0,69,59,0,10,9,2,0,8,0,0,0,
Drew Robertson,106656,DI,DAYTON,11,8,4,,1,1,150,1,0,63.6,61.0,35.9,68.0,55.3,70.8,2,9,0,0,,7.1,2,0,3,0.0,0,3,0,0,0,1,558,558,42,491,0,25,0,0,296,261,0,19,18,4,0,14,0,0,0,
Sam Schadek,106658,DI,DAYTON,11,10,1,,0,0,150,0,0,59.5,75.8,33.1,84.3,67.6,51.6,4,23,0,0,,9.4,3,0,3,0.0,0,6,0,1,0,0,536,535,51,458,0,26,0,1,293,243,0,20,19,3,0,33,0,0,0,
Eli Mostaert,106659,DI,N DAK ST,3,1,0,,0,0,250,0,0,,59.7,79.1,66.9,54.4,30.7,0,4,0,0,,40.0,2,0,0,0.0,0,1,0,0,0,0,90,90,16,72,0,2,0,0,39,51,0,1,2,0,0,5,0,0,0,
Edward Hernandez,106661,DI,STETSON,8,12,0,,1,0,302,0,0,66.9,58.4,24.0,48.3,66.0,73.4,0,1,0,0,,4.3,1,0,3,0.0,0,0,0,7,0,4,376,367,262,103,0,2,0,9,166,206,0,9,10,0,0,1,0,0,0,
Chris Fitzgerald,106662,DI,YNGTOWN ST,11,9,0,,0,0,353,0,0,,80.8,63.2,73.2,81.3,63.2,2,15,0,0,,8.8,3,0,1,0.0,0,2,0,0,0,0,411,411,54,336,10,11,0,0,208,203,0,19,22,5,0,19,0,0,0,
Carmen Barone,106666,ED,ST FRANCIS,1,0,0,,0,0,299,0,0,,64.5,69.0,,63.0,,0,0,0,0,,,0,0,0,0.0,0,0,0,0,0,0,5,5,0,3,0,2,0,0,0,5,0,0,0,0,0,0,0,0,0,
Tola Banjoko,106670,ED,PRINCETON,2,0,0,,0,0,272,0,0,,59.3,72.5,56.8,60.5,71.5,0,0,0,0,,0.0,0,0,0,0.0,0,0,0,0,0,0,8,8,0,0,8,0,0,0,7,1,0,1,1,0,0,0,0,0,0,
Clay Fields III,106671,S,MARIST,11,15,0,48.0,0,1,213,0,0,90.1,91.5,88.4,70.2,88.3,88.4,1,1,1,2,21,8.1,7,4,2,27.7,12,0,0,238,0,363,746,20,0,0,20,0,417,726,9,374,70,19,64,1,25,2,0,114,73,9.5
Seth Simmer,106676,DI,SAMFORD,13,20,1,,0,0,282,0,0,81.7,82.7,74.6,77.0,79.7,65.1,0,12,0,0,,8.9,5,0,2,0.0,0,2,0,0,0,0,639,638,500,127,4,7,0,1,330,309,0,27,31,3,0,14,0,0,0,
Kyle Finnick,106680,DI,NEW HAMP,13,2,0,,0,0,240,0,0,,52.1,81.5,57.9,48.4,29.9,0,5,0,0,,28.6,2,0,0,0.0,0,1,0,3,0,0,205,201,8,192,1,0,0,4,103,102,0,4,3,0,0,6,0,0,0,
Jake Brown,106694,LB,HARVARD,10,13,0,68.2,0,0,179,0,0,62.7,60.9,83.8,48.1,61.8,58.8,0,1,0,0,49,16.4,10,1,0,120.1,15,1,0,412,2,265,494,11,0,0,11,0,2,483,34,195,67,23,38,2,22,2,2,163,128,10.9
Dom Jones,106697,CB,N DAK ST,15,5,0,72.7,0,0,250,1,0,68.0,72.2,88.2,57.8,86.9,68.0,0,4,0,0,22,16.7,7,2,1,97.5,24,0,0,72,6,301,495,13,0,0,13,0,36,482,14,180,366,16,30,0,33,4,1,196,122,8.2
Kobe Joseph,106701,LB,HARVARD,10,3,0,66.7,0,0,179,0,0,60.9,60.7,0.0,68.8,61.4,47.2,0,2,0,1,35,11.8,2,1,1,63.4,6,0,0,121,0,92,146,2,0,0,2,0,1,144,8,46,22,4,12,0,9,2,0,98,39,16.3
Camden Gagnon,106774,ED,BROWN,9,9,1,100.0,0,0,123,0,0,64.5,67.0,40.1,66.5,64.7,64.2,5,11,0,0,40,14.7,5,0,2,158.3,1,1,0,1,0,1,380,378,1,15,310,52,0,2,197,182,1,13,20,2,1,17,1,40,43,40.0
Halil Gecaj,106779,ED,MARIST,11,5,0,,0,0,213,0,0,65.5,62.6,26.6,61.1,62.2,51.2,1,4,0,0,,18.8,3,0,2,0.0,0,1,0,0,0,0,273,272,0,9,179,84,0,1,128,145,0,8,8,1,0,6,0,0,0,
Mike Wymer,106794,LB,BUTLER,11,7,0,100.0,0,0,127,1,0,73.5,65.2,79.0,57.9,57.1,48.7,0,2,0,0,14,20.0,5,0,0,104.2,3,0,0,185,0,72,199,2,0,0,2,0,0,197,11,116,12,9,13,3,3,2,0,27,19,9.0
Michael Wellman,106796,LB,BUTLER,8,1,0,100.0,0,0,127,0,0,60.8,65.9,77.7,60.2,68.1,60.4,0,1,0,0,10,14.3,2,0,0,83.3,3,0,0,127,0,45,137,1,0,0,1,0,0,136,9,83,9,10,11,1,3,1,0,12,12,4.0
Nathan Arthur,106799,LB,DAYTON,11,17,1,76.9,0,3,150,1,0,70.2,84.1,85.5,72.2,90.4,79.3,3,3,0,0,75,7.4,6,2,0,154.8,20,2,0,482,0,299,589,57,0,0,57,0,0,532,23,267,50,41,58,7,26,8,4,306,287,15.3
Joe Craft,106800,S,DAYTON,6,0,0,100.0,0,0,150,0,0,53.6,41.2,77.8,56.1,28.8,74.8,1,0,0,0,32,0.0,0,0,0,118.8,3,0,0,13,0,20,48,6,0,0,6,0,1,42,2,26,27,0,1,0,3,1,0,46,33,15.3
Alex Hirschfield,106801,LB,DAYTON,8,4,0,100.0,0,0,150,0,0,48.0,59.6,77.3,48.6,81.8,74.6,1,1,0,0,18,8.3,1,0,0,118.8,4,0,0,71,0,44,77,0,0,0,0,0,0,77,0,33,5,2,7,0,4,2,0,50,36,12.5
Todd Hill,106804,ED,DUQUESNE,11,10,0,0.0,0,1,155,0,0,65.7,88.9,40.9,91.8,74.2,62.8,13,27,0,0,,16.9,10,0,3,39.6,0,14,0,42,0,23,591,547,0,2,499,46,0,44,274,294,1,41,39,9,1,54,0,0,0,
Preston Toner,106807,LB,MOREHEAD,11,16,1,77.8,1,2,234,0,0,64.3,58.2,48.3,73.5,51.3,42.9,3,9,0,0,21,23.0,20,1,2,126.2,14,1,0,423,0,177,478,48,0,0,47,1,0,430,39,262,6,26,51,2,18,13,2,97,68,6.9
Isaac Armstrong,106808,ED,MOREHEAD,6,0,0,100.0,0,0,234,0,0,61.4,63.6,75.8,66.5,58.3,75.1,1,1,0,0,0,0.0,0,0,0,79.2,1,0,0,15,0,3,40,24,0,0,24,0,0,16,15,22,1,1,1,0,1,2,0,0,2,0.0
Luke Weerts,106810,LB,N DAK ST,13,13,0,88.2,0,0,250,0,0,71.8,71.1,81.1,69.2,65.5,62.8,0,4,0,1,30,17.0,9,1,0,90.7,15,3,0,330,0,171,381,6,1,0,5,0,2,375,32,178,43,25,31,1,17,7,1,118,93,7.9
Nick Kubitz,106811,LB,N DAK ST,15,16,0,58.3,0,0,250,0,0,82.2,72.7,83.7,63.4,61.0,49.5,3,1,0,1,17,16.7,12,6,0,53.0,14,1,0,476,0,284,549,3,0,0,3,0,3,546,20,245,65,26,44,3,24,5,0,113,61,8.1
Christian Jolley,106817,LB,STETSON,4,5,0,50.0,0,0,302,0,0,64.9,62.8,76.3,57.6,60.2,59.0,0,0,0,0,12,13.6,3,0,0,59.7,3,0,0,101,1,46,120,5,0,0,5,0,0,115,3,71,11,9,14,0,6,0,0,23,15,7.7
Josh Hughes,106819,ED,STETSON,10,7,0,,0,0,302,1,0,61.6,60.1,38.6,57.1,63.3,63.3,0,5,0,0,,10.7,3,0,3,0.0,0,5,0,0,0,0,605,602,36,104,126,336,0,3,291,314,0,19,18,0,0,10,0,0,0,
Austin Chilton,108067,S,VALPO,12,7,1,60.0,0,0,332,0,0,44.5,51.5,15.9,70.4,64.7,59.3,1,2,0,0,70,19.4,7,0,2,141.7,9,1,0,98,4,178,342,27,0,0,27,0,124,315,10,154,89,6,22,1,15,4,3,180,96,20.0
Andres Lehrmann,108068,ED,YNGTOWN ST,11,6,1,,0,0,353,0,0,62.0,59.2,55.8,64.4,53.2,54.0,0,11,0,0,,19.0,4,0,1,0.0,0,3,0,9,0,2,283,274,0,8,245,21,0,9,163,118,0,12,11,3,0,14,0,0,0,
Anthony Coleman,108079,CB,N DAK ST,5,0,0,50.0,0,0,250,0,0,68.1,67.2,76.6,60.0,61.7,78.8,0,0,0,1,9,0.0,0,0,0,18.8,2,0,0,2,47,18,51,2,0,0,2,0,0,49,1,32,0,1,3,0,4,0,0,14,7,7.0
Malcolm Brunson,108080,LB,BROWN,10,3,0,75.0,0,0,123,0,0,63.4,59.3,33.1,55.7,57.6,61.5,1,3,0,0,25,12.9,4,1,1,124.3,9,0,0,321,2,172,368,9,0,0,9,0,1,359,27,169,35,11,24,1,12,4,1,92,68,10.2
Jack Kosar,108081,ED,BROWN,1,0,0,,0,0,123,0,0,,58.2,68.5,58.1,,,0,0,0,0,,,0,0,0,0.0,0,0,0,0,0,0,3,3,0,0,3,0,0,0,3,0,0,0,0,0,0,0,0,0,0,
Ethan Royer,108082,LB,BROWN,10,9,0,72.7,0,0,123,0,0,67.4,63.6,81.9,51.9,60.5,58.6,0,0,0,0,23,14.3,6,0,0,94.9,8,0,0,334,4,193,391,18,0,0,18,0,3,373,15,183,31,18,27,5,11,0,0,85,65,10.6
Caleb Dawson,108089,LB,N ALABAMA,9,11,0,70.0,0,0,389,0,0,49.9,58.3,18.2,66.1,66.8,66.7,0,2,0,0,18,12.9,4,0,1,122.9,7,1,0,247,0,120,262,9,0,0,9,0,0,253,19,123,6,11,16,1,10,3,1,70,53,10.0
Maurio Goings,108096,LB,DELWARE ST,11,19,0,87.5,0,0,152,0,0,62.2,83.6,0.0,82.8,89.9,61.1,3,4,0,0,26,16.4,11,1,3,101.6,7,3,0,380,0,162,394,11,0,0,11,0,0,383,30,202,1,35,37,7,8,10,0,67,42,9.6
Caleb Caslow,108100,LB,LIUSHAR,1,0,0,,0,0,1298,0,0,,57.9,65.8,,58.8,,0,0,0,0,,,0,0,0,0.0,0,0,0,3,0,0,3,0,0,0,0,0,0,3,0,3,0,0,0,0,0,0,0,0,0,
Donnell Brown,108107,ED,ST FRANCIS,12,10,1,100.0,0,1,299,3,1,56.9,88.0,56.9,80.7,89.6,49.1,3,47,0,0,22,18.9,10,0,2,112.5,2,7,0,9,0,10,631,620,1,59,347,213,0,11,332,289,0,27,33,11,2,57,0,22,6,11.0
Paul Liebal,108112,LB,ST FRANCIS,1,0,0,,0,0,299,0,0,,30.1,67.3,,56.5,,0,0,0,0,,,0,0,0,0.0,0,0,0,2,0,0,2,0,0,0,0,0,0,2,0,2,0,0,0,0,0,0,0,0,0,
Myles Talley,108114,LB,SACR HEART,6,6,0,62.5,0,0,280,0,0,58.9,67.0,0.0,63.6,76.6,55.3,1,1,0,0,37,18.2,4,0,1,136.5,5,0,0,164,0,91,177,3,0,0,3,0,0,174,5,81,10,9,12,4,8,2,1,82,40,16.4
Josh Slay,108116,ED,VILLANOVA,3,0,0,,0,0,334,0,0,60.8,46.8,79.8,59.9,44.9,75.2,0,0,0,0,,0.0,0,0,0,0.0,0,0,0,11,0,3,33,22,0,0,21,1,0,11,1,29,0,2,2,0,0,0,0,0,0,
Jake Northrop,108117,DI,VILLANOVA,3,0,0,,0,0,334,0,0,,48.5,71.9,59.6,49.6,,0,0,0,0,,,0,0,0,0.0,0,0,0,0,0,0,12,12,0,3,0,9,0,0,2,10,0,0,0,0,0,0,0,0,0,
Laletia Hale,108118,LB,JVILLE ST,11,16,0,80.0,0,0,196,0,0,71.3,75.3,83.3,62.1,73.5,63.1,1,5,0,0,15,13.2,7,0,0,85.8,8,2,0,324,0,116,339,9,0,0,9,0,0,330,44,179,6,18,30,3,10,8,0,46,45,5.8
Tristan Wells,108119,LB,JVILLE ST,7,0,0,,0,0,196,0,0,54.3,56.9,74.5,61.6,58.5,26.3,1,0,0,0,,44.4,4,0,0,0.0,0,0,0,55,1,14,59,3,0,0,3,0,0,56,8,37,0,4,5,2,0,1,0,0,0,
TJ McGarry,108121,LB,COLUMBIA,4,0,0,100.0,0,0,145,0,0,44.1,44.2,71.5,,61.4,,0,0,0,0,18,100.0,1,0,0,118.8,2,0,0,21,0,18,21,0,0,0,0,0,0,21,0,3,0,0,0,0,2,0,0,26,22,13.0
Ryan Hamilton,108122,LB,COLUMBIA,9,1,1,66.7,0,0,145,0,0,68.4,66.3,78.0,63.6,57.3,84.6,0,1,0,0,15,0.0,0,0,0,79.2,4,0,0,51,0,74,110,13,0,0,13,0,0,97,7,29,46,3,8,0,6,1,0,31,3,7.8
Scott Valentas,108123,LB,COLUMBIA,10,24,3,62.5,0,0,145,0,0,75.9,72.0,24.8,64.3,69.1,54.3,2,7,0,4,22,16.5,20,5,3,38.5,20,1,0,589,0,344,630,27,0,0,27,0,4,603,41,245,9,44,77,5,32,10,0,184,93,9.2
Gallil Guillaume,108124,LB,N ALABAMA,11,15,0,93.3,0,1,389,0,0,38.2,46.8,42.7,61.0,54.1,69.2,1,1,0,0,32,10.9,7,0,1,158.3,14,1,0,351,0,142,418,38,0,1,35,2,0,380,29,247,29,12,42,0,15,3,3,198,161,14.1
Jake Stebbins,108127,LB,CORNELL,10,13,1,90.0,0,0,147,2,0,69.9,74.1,49.9,75.8,70.0,66.6,3,9,0,0,53,13.4,11,1,1,117.5,9,1,0,349,0,161,458,82,1,1,79,1,1,376,92,205,26,32,58,1,10,13,0,122,108,13.6
Jack Sheridan,108128,LB,DARTMOUTH,3,0,0,100.0,0,0,148,0,0,48.7,53.2,67.3,,65.0,25.7,0,0,0,0,7,100.0,1,0,0,95.8,1,0,0,13,0,10,14,0,0,0,0,0,0,14,0,4,1,0,0,0,1,0,0,7,6,7.0
Marques White,108130,ED,DARTMOUTH,2,0,1,,0,0,148,0,0,60.0,66.8,83.1,64.7,64.4,51.3,0,3,0,0,,16.7,1,0,0,0.0,0,0,0,1,0,1,95,94,0,0,93,1,0,1,52,42,0,5,5,1,0,3,0,0,0,
Jonathan Saddler,108133,LB,GEORGETOWN,7,6,0,75.0,0,0,172,0,0,48.4,60.4,81.0,56.8,74.7,36.3,0,0,0,0,11,8.3,1,1,0,93.8,3,0,0,98,0,54,109,4,0,0,3,1,0,105,3,52,6,2,5,0,4,0,0,28,17,9.3
Marco Olivas,108134,LB,LAFAYETTE,11,20,1,82.1,1,1,203,2,0,42.2,60.3,7.8,75.7,70.6,35.5,5,9,0,0,57,22.6,21,0,3,131.8,23,3,0,725,0,360,740,10,0,0,10,0,0,730,68,312,5,34,52,4,28,17,2,278,189,12.1
Blamassi Meite,108135,DI,LAFAYETTE,11,7,0,,1,0,203,0,0,60.0,57.2,12.8,59.9,59.3,35.6,1,4,0,0,,20.8,5,0,3,0.0,0,1,0,1,0,0,224,223,25,87,38,73,0,1,122,102,0,9,12,1,0,6,0,0,0,
Luke Ragone,108136,ED,LAFAYETTE,1,0,0,,0,0,203,0,0,61.7,60.7,72.6,56.7,60.6,71.3,0,0,0,0,,,0,0,0,0.0,0,0,0,2,0,2,15,12,0,0,6,6,0,3,9,4,1,0,0,0,0,0,0,0,0,
Brian Reilly,108137,LB,LAFAYETTE,10,7,1,63.6,0,3,203,1,0,52.7,67.6,79.1,60.6,82.3,32.4,1,3,0,0,22,27.6,8,0,0,83.9,7,0,0,238,2,124,250,7,0,0,7,0,0,243,18,108,3,8,14,1,11,4,0,76,48,10.9
Stephon Bland,108140,ED,LEHIGH,11,7,1,75.0,1,0,205,0,0,66.3,62.7,70.3,56.9,64.1,44.6,3,5,0,0,21,21.1,8,0,1,88.5,3,2,0,115,0,63,503,387,0,1,385,1,0,116,215,225,1,22,23,3,4,10,0,23,18,7.7
Jonathan Melvin,108147,LB,PENN,10,15,0,72.2,0,1,267,0,0,55.1,53.7,85.9,65.8,49.3,33.8,0,5,0,0,54,24.3,17,3,1,108.4,26,3,0,555,3,387,676,10,0,0,10,0,0,666,35,254,107,25,38,6,36,8,2,239,187,9.2
Hamilton Moore,108149,LB,YALE,10,10,0,57.8,0,0,352,1,1,62.9,66.9,52.1,64.8,70.7,71.2,5,3,0,4,30,10.4,7,1,2,34.7,26,1,0,492,2,350,587,23,0,0,23,0,7,564,37,200,63,31,50,1,45,9,0,232,109,8.9
Clayton McAlpine,108151,LB,BRYANT,2,2,0,100.0,0,0,124,0,0,86.7,79.1,71.0,,48.2,79.1,0,0,0,0,3,0.0,0,0,0,79.2,1,0,0,13,0,10,15,2,0,0,2,0,0,13,0,5,0,1,2,0,1,0,0,3,2,3.0
Anthony Corbin,108154,LB,PRINCETON,6,5,0,80.0,0,0,272,0,0,64.8,65.2,78.8,72.2,52.2,84.6,2,0,0,0,13,0.0,0,0,0,97.5,4,0,0,73,0,66,92,3,0,0,2,1,6,89,10,16,10,2,5,0,5,2,0,37,20,9.3
Will Perez,108156,LB,PRINCETON,9,15,1,73.6,0,0,272,0,0,78.8,78.0,47.6,75.6,70.6,60.0,1,7,0,1,19,17.0,9,5,1,78.7,39,1,0,66,15,219,434,84,0,0,84,0,3,350,43,172,265,15,29,2,53,9,0,295,227,7.6
Matt Amato,108165,LB,SACR HEART,11,7,0,71.4,0,0,280,0,0,52.1,55.7,2.2,53.2,62.9,60.8,0,1,0,0,17,14.3,4,0,1,124.4,5,0,0,176,1,78,191,2,0,0,2,0,0,189,5,108,11,10,17,1,7,1,1,39,32,7.8
Matt Cavanagh,108166,LB,HARVARD,1,0,0,,0,0,179,0,0,62.8,63.9,65.5,,,,0,0,0,0,,,0,0,0,0.0,0,0,0,5,0,5,5,0,0,0,0,0,0,5,0,0,0,0,0,0,0,0,0,0,0,
Ryan Saddler,108176,LB,BRYANT,10,13,1,71.4,0,0,124,0,0,89.0,90.3,87.5,56.3,87.9,74.5,1,6,0,3,18,11.0,11,2,0,52.1,20,2,0,592,0,302,638,20,0,0,20,0,0,618,55,281,25,48,76,8,28,9,1,122,134,6.1
Joe Andreessen,108177,LB,BRYANT,10,14,1,57.7,0,0,124,2,1,71.0,85.7,56.2,79.5,85.9,70.3,6,6,0,2,43,11.0,12,2,1,53.8,15,3,0,624,0,310,685,18,0,0,18,0,0,667,75,300,42,61,83,11,26,15,0,223,148,14.9
Derrius Perryman,108178,LB,BRYANT,1,0,0,,0,0,124,0,0,48.2,37.3,68.5,,,20.1,0,0,0,0,,100.0,1,0,0,0.0,0,0,0,3,0,3,3,0,0,0,0,0,0,3,0,0,0,0,0,0,0,0,0,0,0,
Bradley Magee,108183,LB,ROB MORRIS,10,9,0,90.0,0,1,277,0,0,52.0,56.8,27.9,52.4,63.3,66.8,0,1,0,0,17,11.8,6,0,1,107.1,9,0,0,244,0,107,294,33,0,0,32,1,0,261,14,173,17,18,36,2,10,1,0,97,61,10.8
Joe Heffernan,108208,LB,DARTMOUTH,10,27,0,80.0,0,1,148,1,0,55.4,56.1,84.7,79.5,53.6,50.7,0,2,0,0,30,17.6,19,1,0,96.3,28,3,0,484,1,234,552,15,0,0,15,0,0,537,11,307,51,26,62,3,35,5,0,249,185,8.9
Tanner Pollock,108222,LB,DRAKE,11,20,0,79.5,0,0,153,0,0,62.9,74.8,84.8,69.6,82.5,63.6,0,5,0,2,26,14.5,17,1,0,95.5,35,0,0,384,3,267,635,66,0,0,66,0,3,569,20,348,178,51,80,6,44,5,2,345,248,9.9
Linden Howe,108223,LB,DRAKE,10,1,0,53.8,0,1,153,0,0,78.2,82.7,80.5,76.2,78.6,82.5,1,1,0,0,17,5.3,2,1,0,92.8,7,0,0,154,0,66,198,26,0,0,26,0,0,172,6,126,17,28,35,1,13,2,1,63,29,9.0
Kael Gardner,108231,LB,ST FRANCIS,3,1,0,,0,0,299,0,0,,73.5,74.2,,71.2,75.8,0,0,0,0,,0.0,0,0,0,0.0,0,0,0,6,0,0,7,0,0,0,0,0,0,7,0,7,0,1,1,0,0,0,0,0,0,
Justin Fonteneaux,108243,LB,GEORGETOWN,11,20,0,72.0,0,1,172,0,0,69.4,68.3,84.3,62.3,65.9,58.5,2,3,0,0,42,16.3,17,2,1,116.6,18,2,0,611,1,318,719,56,0,0,56,0,2,663,50,351,49,42,67,5,25,7,1,247,122,13.7
Jack McGowan,108249,LB,HARVARD,10,7,0,68.0,1,0,179,0,0,59.4,66.5,84.0,57.6,85.5,86.9,1,3,0,0,25,4.0,2,2,3,94.6,34,1,0,220,9,325,554,20,0,0,20,0,2,534,25,204,303,22,41,0,50,5,2,270,175,7.9
Brandon Won,108251,LB,HARVARD,3,1,0,50.0,0,0,179,0,0,71.6,76.8,70.6,59.6,70.0,76.5,0,0,0,0,9,0.0,0,1,0,62.5,1,0,0,16,0,11,18,1,0,0,0,1,0,17,1,6,1,0,1,0,2,0,0,9,6,9.0
Solomon Egbe,108253,LB,HARVARD,10,6,0,50.0,0,0,179,0,0,74.7,76.1,78.8,55.8,75.8,69.4,0,0,0,0,11,13.8,4,1,0,56.3,4,0,0,148,1,88,182,6,0,0,6,0,0,176,14,80,27,13,19,1,8,0,0,23,11,5.8
Damon Washington,108273,DI,LAFAYETTE,11,12,0,100.0,1,0,203,1,0,54.4,77.6,50.3,72.8,81.0,66.1,6,13,0,0,-6,8.8,3,0,2,79.2,1,4,0,3,0,2,542,538,85,329,8,116,0,4,321,219,1,14,19,2,1,23,0,-6,0,-6.0
Kyle Coffindaffer,108283,S,MARIST,11,4,0,66.7,0,0,213,0,0,70.6,66.0,0.0,54.1,66.5,53.8,0,0,0,0,9,20.0,4,0,2,70.1,4,0,0,57,3,71,157,16,0,0,16,0,6,141,6,80,75,4,12,0,6,0,0,17,28,4.3
Matt Lenti,108294,S,DAYTON,2,0,0,33.3,0,0,150,0,0,65.5,65.5,79.9,59.7,63.6,86.0,0,0,0,0,-1,0.0,0,1,0,42.4,1,0,0,11,0,56,87,1,0,0,1,0,55,86,1,30,20,1,8,1,3,0,0,-1,0,-1.0
Jay Thompson,108297,ED,MERRIMACK,11,11,0,,0,0,385,0,0,65.9,72.1,27.4,72.5,69.1,48.5,1,15,0,0,,15.6,7,0,3,0.0,0,2,0,0,0,0,420,420,0,24,320,76,0,0,190,230,0,23,27,4,0,18,0,0,0,
Delano Salgado,108309,S,JACKSON ST,9,0,0,50.0,0,0,194,0,0,85.7,81.6,0.0,60.0,74.0,82.0,0,0,0,1,43,0.0,0,1,1,56.3,1,0,0,20,1,50,70,0,0,0,0,0,39,70,1,19,6,1,5,0,2,0,0,43,-7,43.0
Jake Heimlicher,108324,ED,PENN,10,10,0,50.0,0,0,267,0,0,58.1,85.4,67.4,81.4,84.9,77.1,5,21,0,1,11,6.7,2,0,1,27.1,1,12,0,0,0,10,433,431,0,3,387,41,0,2,254,169,2,22,18,3,2,38,0,11,1,11.0
Kevin Bruce,108333,ED,PRINCETON,6,2,0,,0,0,272,0,0,,69.3,77.8,55.7,79.3,75.2,0,1,0,0,,0.0,0,0,0,0.0,0,0,0,0,0,0,63,63,0,0,37,26,0,0,41,22,0,0,1,0,0,1,0,0,0,
Ike Hall,108334,ED,PRINCETON,9,3,1,0.0,0,0,272,0,0,61.9,61.8,83.4,54.0,67.0,79.8,0,1,0,0,,0.0,0,0,0,39.6,0,0,0,6,2,8,102,91,0,0,90,1,0,11,51,43,3,4,4,0,1,1,0,0,0,
Matthew Jester,108336,ED,PRINCETON,10,6,3,100.0,0,0,272,0,0,79.8,77.9,46.8,69.9,77.2,55.5,5,8,0,0,8,16.7,5,0,2,80.4,7,5,0,23,1,38,437,397,0,0,368,29,0,40,221,178,15,17,19,4,7,18,0,23,12,3.3
DeAndre Byrd,108343,LB,SACR HEART,10,13,0,84.2,0,0,280,0,0,53.0,64.1,39.5,50.7,74.0,59.0,1,4,0,0,36,16.3,14,1,1,121.9,16,0,0,445,0,194,501,26,0,0,26,0,0,475,35,272,30,33,59,10,19,5,1,172,118,10.8
Robert O'Donnell,108344,LB,SACR HEART,11,3,0,69.2,0,0,280,0,0,53.1,54.3,7.9,55.0,59.7,79.3,0,0,1,1,33,4.5,1,0,1,69.7,9,0,0,144,0,87,196,8,0,0,8,0,2,188,8,101,41,10,18,1,13,0,0,131,75,14.6
Kyle Craig,108351,LB,ST FRANCIS,8,0,0,100.0,0,0,299,0,0,64.4,69.9,78.3,55.6,74.6,83.8,0,0,0,0,10,0.0,0,0,0,108.3,1,0,0,9,2,7,44,11,0,0,11,0,0,33,6,31,18,5,8,1,1,0,0,10,3,10.0
Ian White,108352,ED,HOWARD,11,5,1,,0,0,184,0,0,64.0,60.4,58.7,56.8,62.9,50.7,2,14,0,0,,17.2,5,0,1,0.0,0,1,0,2,0,1,311,309,2,27,233,47,0,2,163,147,0,16,19,3,0,17,0,0,0,
Jaylen Parks,108353,LB,SAMFORD,5,1,0,,0,0,282,0,0,63.6,57.8,75.3,57.0,53.8,38.2,0,0,0,0,,50.0,1,0,0,0.0,0,0,0,8,0,8,18,7,0,0,7,0,0,11,4,6,3,0,0,0,0,0,0,0,0,
Brian Lee Jr.,108362,LB,MAINE,11,14,0,80.0,0,0,212,0,0,58.1,69.5,86.9,72.5,71.1,68.6,0,10,0,0,34,12.5,10,0,0,153.8,12,4,0,481,2,220,551,14,0,0,14,0,0,537,25,306,54,38,56,3,15,14,2,171,127,14.3
Jayden Johnson,108365,LB,DUQUESNE,11,6,0,66.7,0,0,155,0,0,64.1,62.5,80.2,56.4,60.8,60.8,0,2,0,1,8,14.0,6,1,1,33.8,6,1,0,257,1,103,275,8,0,0,8,0,0,267,8,164,8,19,31,2,9,3,0,34,34,5.7
Andrew Stafford,108367,ED,DRAKE,11,6,0,100.0,0,0,153,1,0,42.8,58.1,52.4,50.4,69.6,69.2,0,8,0,0,-1,5.3,1,0,1,79.2,1,0,0,0,0,4,264,263,0,17,164,82,0,1,107,153,0,6,12,1,1,8,0,-1,7,-1.0
Brian Abraham,108392,CB,YALE,6,3,0,100.0,0,0,352,0,0,59.0,56.1,0.0,71.9,57.8,47.7,1,1,0,0,14,21.4,3,0,2,91.7,8,0,0,29,1,49,97,12,0,0,12,0,0,85,7,41,55,4,8,1,8,2,0,48,40,6.0
Shane Frommer,108393,LB,YALE,3,0,0,50.0,0,0,352,0,0,71.6,63.4,73.8,58.9,45.4,78.2,0,0,0,0,7,0.0,0,0,0,56.3,2,0,0,24,0,20,31,3,0,0,3,0,0,28,1,10,3,1,3,0,4,0,0,12,2,6.0
Noah Pope,108394,LB,YALE,3,3,0,66.7,0,0,352,0,0,45.3,53.4,76.6,56.9,63.5,24.2,0,0,0,0,36,45.5,5,0,0,149.3,2,0,0,70,0,29,76,4,0,0,4,0,1,72,5,42,1,3,3,0,3,0,1,52,10,26.0
Gage Vander Leest,108399,S,DRAKE,4,2,0,100.0,0,0,153,0,0,35.6,46.7,73.1,60.0,61.4,39.5,0,1,0,0,11,33.3,2,0,0,112.5,1,0,0,28,0,8,36,5,0,0,5,0,0,31,1,27,2,0,2,0,1,1,0,11,5,11.0
Matthew Leavelle,108400,LB,NC CENT,4,1,0,,0,0,247,0,0,65.1,51.5,0.0,54.3,52.0,28.4,0,0,0,0,,33.3,2,0,1,0.0,0,0,0,14,0,12,41,22,0,3,19,0,0,19,13,16,5,3,3,0,0,0,0,0,0,
Daniel Rodier,108426,LB,MERRIMACK,2,0,0,,0,0,385,0,0,60.0,30.5,66.2,,40.8,,0,0,0,0,,,0,0,0,0.0,0,0,0,5,0,1,5,0,0,0,0,0,0,5,0,4,0,0,0,0,0,0,0,0,0,
A.J. Ackerman,108456,DI,DUQUESNE,11,7,0,,0,0,155,0,0,60.0,71.8,56.0,71.5,69.7,81.1,0,4,0,0,,5.0,1,0,1,0.0,0,3,0,0,0,0,306,305,44,253,4,4,0,1,129,177,0,13,12,2,0,7,0,0,0,
Aaron Acosta,108667,ED,MARIST,11,20,1,,0,1,213,1,0,66.7,89.9,72.8,86.5,83.9,55.3,6,27,0,1,,13.2,9,0,1,0.0,0,4,0,4,0,3,671,667,2,129,280,256,0,4,330,338,0,30,39,3,0,37,0,0,0,
Justin Iaccio,108676,LB,MARIST,10,4,0,71.4,0,0,213,0,0,56.6,63.5,81.2,54.5,70.9,47.3,0,1,0,0,10,21.1,4,1,0,85.4,5,0,0,148,0,80,160,3,1,0,2,0,0,157,5,75,9,6,11,1,7,1,0,40,24,8.0
North Peters,108694,DI,HARVARD,10,2,0,,0,0,179,0,0,64.1,75.8,81.3,57.3,82.8,63.4,0,1,0,0,,6.7,1,0,0,0.0,0,0,0,1,0,1,225,224,16,141,21,46,0,1,116,108,0,10,12,1,0,1,0,0,0,
Jalen Goodman,108725,S,VILLANOVA,11,14,0,62.9,0,1,334,0,0,74.5,74.5,14.3,,74.8,63.3,0,1,1,1,32,17.4,16,1,2,118.3,22,0,0,162,11,369,690,4,0,0,4,0,382,686,0,321,131,17,62,2,35,1,5,304,154,13.8
Frank Sokenis,108726,DI,LIUSHAR,8,4,0,,0,0,1298,0,0,,71.8,79.8,62.6,73.0,75.7,0,2,0,0,,0.0,0,0,0,0.0,0,1,0,0,0,0,87,87,39,47,0,1,0,0,40,47,0,1,2,0,0,3,0,0,0,
Jacob Hargraves,108736,S,ALBANY,10,1,0,33.3,0,0,106,0,0,50.5,53.1,79.8,56.5,59.4,82.3,0,0,0,0,11,0.0,0,0,0,45.1,1,0,0,41,0,44,109,0,0,0,0,0,23,109,1,64,45,1,4,0,3,0,0,11,2,11.0
Brendan Didier,108751,CB,LIUSHAR,6,2,0,54.5,0,1,1298,0,0,68.9,70.3,79.3,,70.8,68.3,0,0,0,0,15,0.0,0,1,0,65.7,6,0,0,10,139,69,151,0,0,0,0,0,0,151,0,82,1,4,9,2,11,0,0,48,9,8.0
Tyler Di Ienno,108762,LB,YALE,2,1,0,66.7,0,0,352,0,0,64.8,71.0,76.6,57.0,76.3,81.6,0,0,0,0,17,0.0,0,0,0,88.2,2,0,0,45,5,35,58,7,0,0,7,0,0,51,3,20,1,5,6,1,3,0,0,22,0,11.0
Joseph Bonczek,108813,LB,PRINCETON,10,8,0,66.7,0,0,272,0,0,71.7,68.4,81.0,62.0,60.3,49.5,1,3,0,2,60,19.4,6,0,0,92.1,12,0,0,163,0,142,205,22,0,1,18,3,9,183,13,50,10,7,17,0,18,4,2,160,110,13.3
Gianni Rizzo,108816,LB,DUQUESNE,11,6,1,72.2,0,0,155,0,0,44.4,47.0,43.6,62.0,48.0,44.9,2,5,0,0,50,26.3,10,0,1,141.9,13,0,0,299,3,153,385,61,0,0,61,0,1,324,54,178,21,10,22,4,18,7,3,173,127,13.3
Kaiyus Lewis,108818,LB,MS VLY ST,9,14,0,80.0,0,0,228,0,0,49.1,49.6,38.2,57.7,52.0,47.5,0,1,0,0,52,18.2,8,0,1,118.8,12,0,0,353,0,218,405,16,0,0,16,0,1,389,17,170,35,11,22,0,15,1,0,214,153,17.8
Junior Gafa,108866,LB,BROWN,7,9,0,78.6,0,0,123,1,0,69.5,67.7,80.7,71.2,61.6,42.2,3,3,0,0,20,21.7,10,0,0,87.8,11,1,0,197,13,142,350,21,0,0,21,0,1,329,31,177,118,11,27,0,14,7,0,71,74,6.5
Ian Crocker,108867,LB,PORTLAND,11,1,0,66.7,0,0,269,0,0,55.7,55.0,81.6,52.4,57.2,66.4,0,1,0,0,15,12.5,2,0,0,83.6,6,0,0,110,1,53,145,21,0,1,20,0,0,124,15,77,13,6,13,1,9,1,0,56,36,9.3
Luke Hoggard,108871,LB,PENN,3,1,0,,0,0,267,0,0,62.9,67.3,91.3,,65.7,73.1,0,0,0,0,,0.0,0,0,0,0.0,0,0,0,11,0,8,12,0,0,0,0,0,0,12,0,4,0,0,0,0,0,0,0,0,0,
Jake Gonzalez,108872,S,PENN,2,1,0,100.0,0,0,267,0,0,38.3,42.8,70.1,,60.7,76.2,0,0,0,0,20,0.0,0,0,0,118.8,1,0,0,6,0,5,11,0,0,0,0,0,5,11,0,6,0,0,0,0,1,0,0,20,5,20.0
David Torres,108876,LB,MARIST,9,6,0,87.5,0,1,213,0,0,70.0,67.8,78.1,58.0,65.7,67.7,0,3,0,0,16,12.2,5,0,0,92.2,7,0,0,276,0,101,312,22,0,0,22,0,6,290,37,174,8,15,30,1,8,3,0,49,45,7.0
Nathan De Bruin,108877,CB,DRAKE,5,0,0,50.0,0,0,153,0,0,68.5,67.4,86.9,,60.0,78.8,0,0,0,0,1,0.0,0,0,0,56.3,1,0,0,2,35,16,44,5,0,0,5,0,1,39,0,28,0,2,3,0,2,0,0,1,3,1.0
Adam Conyer,108878,LB,PENN,7,0,0,0.0,0,0,267,0,0,63.7,57.9,76.6,57.6,48.4,42.5,1,1,0,0,,25.0,1,1,0,39.6,0,0,0,47,0,40,71,4,0,0,4,0,0,67,3,28,19,1,3,0,1,2,0,0,0,
Ryan Montalvo,108898,LB,SACR HEART,7,4,0,66.7,0,0,280,0,0,57.8,67.4,81.6,77.8,69.8,48.6,0,2,0,0,7,20.0,2,0,0,70.1,2,0,0,14,1,27,77,21,0,0,19,2,1,56,10,40,40,2,4,0,3,2,0,8,5,4.0
Wade Acey,108914,ED,MOREHEAD,9,5,0,,0,0,234,0,0,60.7,60.0,84.0,55.1,61.2,32.7,0,1,0,0,,28.6,4,0,0,0.0,0,1,0,0,0,1,313,313,0,4,179,130,0,0,114,198,0,4,5,1,0,2,0,0,0,
Jason Sweeney,108931,CB,DUQUESNE,4,1,0,50.0,0,0,155,0,0,74.2,64.6,76.2,60.0,46.0,46.6,0,0,0,0,10,25.0,1,1,0,64.6,1,0,0,8,2,19,47,0,0,0,0,0,11,47,1,27,24,1,2,0,2,0,0,10,10,10.0
Josh Navratil,108945,ED,N DAKOTA,12,5,0,100.0,0,0,249,0,0,56.7,56.4,55.2,58.9,56.3,60.9,0,4,0,0,26,13.8,4,0,2,115.6,8,2,0,12,1,58,295,232,0,0,232,0,0,63,91,146,50,10,20,0,8,6,0,94,33,11.8
Jack Iuliano,108949,ED,PENN,10,2,0,,0,0,267,0,0,61.2,73.6,82.4,72.5,63.6,78.4,0,6,0,0,,0.0,0,0,0,0.0,0,1,0,0,0,0,147,146,0,0,124,22,0,1,99,48,0,4,4,1,0,7,0,0,0,
Zack Milko,108976,ED,DARTMOUTH,3,0,0,,0,0,148,0,0,,58.0,76.8,60.4,55.9,73.0,0,0,0,0,,0.0,0,0,0,0.0,0,0,0,0,0,0,21,21,0,0,21,0,0,0,16,5,0,1,1,0,0,0,0,0,0,
Dylan Hendricks,109020,ED,N DAK ST,9,6,0,,0,0,250,0,0,61.5,72.9,82.7,69.8,69.2,70.2,1,11,0,0,,6.7,1,0,0,0.0,0,3,0,0,0,1,190,190,0,1,186,3,0,0,116,73,0,7,8,0,0,15,0,0,0,
Darnel Shillingford,109030,DI,BRYANT,10,8,0,,0,0,124,0,0,62.1,73.9,83.8,62.9,75.6,83.6,1,8,0,0,,0.0,0,0,0,0.0,0,0,0,0,0,0,381,380,36,338,1,5,0,1,173,208,0,20,24,3,0,9,0,0,0,
Thomas Thibault,109035,ED,COLUMBIA,9,1,1,,0,0,145,0,0,,71.0,81.4,67.0,70.8,76.3,1,7,0,0,,0.0,0,0,0,0.0,0,1,0,0,0,0,130,130,0,3,114,13,0,0,100,30,0,3,2,0,0,9,0,0,0,
Jackson Luttrell,109039,DI,JVILLE ST,11,11,2,,0,1,196,0,0,59.6,65.2,86.7,74.3,56.3,27.8,1,16,0,1,,25.0,8,0,0,0.0,0,1,0,0,0,2,464,464,258,167,3,36,0,0,229,233,0,8,13,0,0,18,0,0,0,
Christian Pritzlaff,109061,DI,MARIST,1,0,0,,0,0,213,0,0,,69.3,66.8,,65.2,70.8,0,0,0,0,,0.0,0,0,0,0.0,0,0,0,0,0,0,3,3,0,0,0,3,0,0,0,3,0,1,1,0,0,0,0,0,0,
Michael Neel,109082,HB,DAYTON,1,0,0,,0,0,150,0,0,,60.1,60.0,,60.0,,0,0,0,0,,,0,0,0,0.0,0,0,0,0,0,0,1,0,0,0,0,0,0,1,0,1,0,0,0,0,0,0,0,0,0,
Kobe Johnson,109089,HB,N DAK ST,1,0,0,,0,0,250,0,0,,60.0,60.0,,60.0,,0,0,0,0,,,0,0,0,0.0,0,0,0,0,0,0,1,0,0,0,0,0,0,1,0,1,0,0,0,0,0,0,0,0,0,
DaRon Gilbert,109113,S,LAFAYETTE,11,12,1,60.9,0,0,203,0,0,71.8,78.0,88.5,69.7,85.1,78.0,1,2,0,1,38,10.6,7,1,2,96.6,14,0,0,277,8,431,770,18,0,0,18,0,370,752,10,329,97,16,47,0,23,3,2,182,108,13.0
Khalil Baker,109119,S,NC CENT,12,11,0,50.0,0,0,247,1,0,77.0,73.8,90.3,58.7,61.2,55.9,0,1,1,4,26,19.0,15,3,0,63.8,17,0,0,119,3,400,661,3,0,0,3,0,293,658,2,259,242,13,53,2,34,1,4,167,33,9.8
Dylan Crossen,109121,S,LAFAYETTE,10,7,0,75.0,0,0,203,0,0,65.5,62.2,83.2,56.5,55.6,57.5,0,1,0,0,24,21.2,7,0,0,85.1,18,0,0,68,1,99,202,29,0,0,29,0,23,173,22,81,81,12,19,4,24,1,0,118,93,6.6
Zaythan Hill,109123,HB,LEHIGH,1,0,0,,0,0,205,0,0,,60.0,60.0,,60.0,,0,0,0,0,,,0,0,0,0.0,0,0,0,0,0,0,1,0,0,0,0,0,0,1,0,1,0,0,0,0,0,0,0,0,0,
Marques Mason,109131,S,SACR HEART,10,7,0,53.3,1,0,280,0,0,78.7,71.1,0.0,46.2,71.5,68.5,0,2,0,2,41,11.4,4,1,4,61.4,8,0,0,99,3,146,328,11,0,0,11,0,114,317,5,177,101,9,24,2,15,2,1,116,15,14.5
Danny Abraham,109186,LB,VILLANOVA,11,6,0,58.3,0,0,334,1,0,78.1,61.9,27.6,64.8,40.1,33.1,1,9,0,2,10,30.8,8,2,1,23.6,7,1,0,129,0,97,230,78,0,0,78,0,1,152,52,81,22,4,12,0,12,11,0,26,31,3.7
Teddy Wright,109209,S,MARIST,11,17,0,74.2,0,0,213,0,0,78.1,80.2,86.5,58.6,85.2,78.7,2,0,0,0,24,9.1,8,1,0,111.6,23,0,0,256,9,275,641,148,0,0,148,0,3,493,45,321,224,36,63,5,31,2,2,195,98,8.5
Garrett Morris,109227,S,PENN,10,14,1,65.9,0,0,267,0,0,74.3,70.3,54.6,69.2,62.4,59.3,6,4,0,1,20,15.7,13,2,1,71.4,29,1,0,210,5,319,626,54,0,0,54,0,1,572,53,254,355,36,56,8,44,11,1,172,115,5.9
Jack Daly,109251,DI,BRYANT,10,12,0,,0,0,124,0,0,60.0,75.5,16.8,61.7,85.8,46.1,0,9,0,0,,15.2,5,0,4,0.0,0,2,0,0,0,0,467,467,115,321,1,30,0,0,250,217,0,16,16,4,0,11,0,0,0,
Elliott McElwain,109264,HB,YALE,1,0,0,,0,0,352,0,0,,60.0,60.0,,60.0,,0,0,0,0,,,0,0,0,0.0,0,0,0,0,0,0,1,0,0,0,0,0,0,1,0,1,0,0,0,0,0,0,0,0,0,
Joseph Shell,109278,S,BROWN,10,8,0,62.5,0,0,123,0,0,47.6,52.9,27.8,,68.0,70.6,0,0,0,0,55,12.8,6,3,1,131.1,20,0,0,120,8,205,414,0,0,0,0,0,97,414,0,209,188,12,33,1,32,0,7,287,98,14.4
Kenneth Cooper,109279,S,MERRIMACK,3,0,0,100.0,0,1,385,0,0,73.4,68.5,78.5,77.1,45.7,43.7,0,0,0,0,11,33.3,2,1,0,108.3,2,1,0,3,0,32,69,0,0,0,0,0,64,69,2,35,2,2,4,0,2,1,0,20,-1,10.0
Tyron Herring,109284,CB,DARTMOUTH,7,11,0,73.9,0,0,148,0,0,64.3,66.1,82.5,57.4,69.7,75.9,0,0,0,1,25,9.8,6,2,0,88.6,34,0,0,79,323,213,407,1,0,0,1,0,0,406,2,192,4,13,44,1,46,0,1,295,99,8.7
Quinten Arello,109285,S,DARTMOUTH,10,12,0,54.5,0,1,148,0,0,78.1,79.6,88.3,,77.5,84.5,0,0,0,1,22,8.2,5,3,0,36.6,6,0,0,97,4,346,703,1,0,0,1,0,565,702,0,357,35,6,44,1,11,0,0,71,25,11.8
Daiveon Carrington,109286,S,PRINCETON,10,3,0,44.4,0,0,272,0,0,67.7,68.0,87.0,59.9,66.3,66.3,1,0,0,0,48,14.8,4,0,0,110.4,4,0,0,34,0,232,377,7,0,0,7,0,279,370,1,144,56,6,20,2,9,1,1,74,44,18.5
James Herring,109296,S,HARVARD,10,19,0,50.0,0,0,179,0,0,66.8,69.7,86.7,75.5,70.3,50.3,1,0,0,0,32,20.3,12,3,1,86.5,10,1,0,306,0,346,554,3,0,0,3,0,155,551,4,204,90,8,28,0,20,2,1,125,70,12.5
Dawson De Iuliis,109312,S,PRINCETON,6,1,0,33.3,0,0,272,1,0,66.9,68.2,81.8,60.0,68.4,64.7,0,0,0,1,20,14.3,2,1,0,18.1,2,0,0,12,0,76,133,4,0,0,4,0,104,129,1,56,13,1,11,0,6,0,0,40,3,20.0
Rodney Samson,109313,LB,MERRIMACK,11,16,0,78.6,0,1,385,1,0,58.4,71.6,87.9,73.2,73.7,61.5,5,4,0,0,41,13.6,12,0,0,118.9,22,1,0,670,1,328,699,19,0,0,19,0,0,680,42,329,9,30,60,7,28,10,1,271,199,12.3
Cam Tillman,109314,LB,MERRIMACK,10,3,0,80.0,0,0,385,0,0,58.5,57.7,13.7,59.2,60.2,65.6,0,2,0,0,15,25.0,2,0,1,137.1,4,0,0,46,2,41,135,64,0,0,64,0,1,71,18,76,22,1,3,0,5,2,1,37,30,9.3
Julian Wlodarczyk,109327,S,N DAK ST,15,9,0,85.7,0,0,250,0,0,72.5,67.4,83.3,53.0,60.8,55.2,0,4,0,0,24,17.9,7,0,0,87.5,12,0,0,115,1,127,313,27,0,0,27,0,3,286,20,166,167,14,23,3,14,4,0,70,42,5.8
Zachary Bouggess,109339,CB,PRINCETON,1,0,0,100.0,0,0,272,0,0,54.9,54.4,68.4,,60.0,74.2,0,0,0,0,7,0.0,0,0,0,87.5,2,0,0,0,5,4,5,0,0,0,0,0,0,5,0,1,0,0,1,0,2,0,0,10,2,5.0
Jack Meehan,109345,LB,PENN,1,0,0,,0,0,267,0,0,,60.0,60.0,,60.0,,0,0,0,0,,,0,0,0,0.0,0,0,0,0,0,0,1,0,0,0,0,0,0,1,0,1,0,0,0,0,0,0,0,0,0,
Kyle Smith,109370,TE,LEHIGH,1,0,0,,0,0,205,0,0,,60.0,60.0,,60.0,,0,0,0,0,,,0,0,0,0.0,0,0,0,0,0,0,1,0,0,0,0,0,0,1,0,1,0,0,0,0,0,0,0,0,0,
Rob DiNota,109375,WR,SACR HEART,1,0,0,,0,0,280,0,0,60.0,55.6,60.0,,,,0,0,0,0,,,0,0,0,0.0,0,0,0,0,0,1,1,0,0,0,0,0,0,1,0,0,0,0,0,0,0,0,0,0,0,
Lawrence Santana,109455,DI,MARIST,9,5,0,,0,0,213,0,0,,34.1,83.5,54.6,29.1,65.7,0,0,0,0,,8.3,1,0,0,0.0,0,0,0,0,0,0,178,178,127,50,0,1,0,0,72,106,0,3,6,0,0,0,0,0,0,
Arthur Pinckney,109457,LB,MARIST,11,22,0,72.7,0,1,213,0,0,68.4,70.1,87.9,60.8,67.2,55.0,0,7,0,1,20,15.7,11,4,0,89.8,16,2,0,662,0,318,681,4,0,0,4,0,10,677,24,339,4,23,37,3,22,9,1,163,73,10.2
Jeremy Johnson,109480,WR,BUTLER,1,0,0,,0,0,127,0,0,,60.0,73.9,,60.0,,0,0,0,0,,,0,0,0,0.0,0,0,0,0,0,0,1,0,0,0,0,0,0,1,0,1,0,0,0,0,0,0,0,0,0,
Sam Bubonics,109484,WR,DAYTON,1,0,0,,0,0,150,0,0,,60.1,60.0,,60.0,,0,0,0,0,,,0,0,0,0.0,0,0,0,0,0,0,1,0,0,0,0,0,0,1,0,1,0,0,0,0,0,0,0,0,0,
Derek Willits,109487,WR,DAYTON,1,0,0,,0,0,150,0,0,,62.6,60.0,,62.1,72.2,0,0,0,0,,0.0,0,0,2,0.0,0,0,0,0,0,0,1,0,0,0,0,0,0,1,0,1,0,0,1,0,0,0,0,0,0,
Michael Franks,109489,CB,DAYTON,6,1,0,63.6,0,0,150,0,0,67.7,66.9,79.5,,62.0,75.5,0,0,0,1,31,6.3,1,1,0,92.8,7,0,0,22,114,64,142,4,0,0,4,0,1,138,0,78,0,6,14,0,11,0,2,95,7,13.6
Giancarlo Volpentesta,109499,WR,N DAK ST,1,0,0,,0,0,250,0,0,,60.0,60.0,,60.0,,0,0,0,0,,,0,0,1,0.0,0,0,0,0,0,0,1,0,0,0,0,0,0,1,0,1,0,0,0,0,0,0,0,0,0,
Braylon Henderson,109500,WR,N DAK ST,1,0,0,,0,0,250,0,0,,60.0,60.0,,60.0,,0,0,0,0,,,0,0,1,0.0,0,0,0,0,0,0,1,0,0,0,0,0,0,1,0,1,0,0,0,0,0,0,0,0,0,
Harrison Cohen,109529,TE,MOREHEAD,1,0,0,,0,0,234,0,0,,60.0,60.0,,60.0,,0,0,0,0,,,0,0,0,0.0,0,0,0,0,0,0,1,0,0,0,0,0,0,1,0,1,0,0,0,0,0,0,0,0,0,
Kris Diallo,109534,S,BROWN,1,0,0,,0,0,123,0,0,,60.0,63.7,,60.0,,0,0,0,0,,,0,0,0,0.0,0,0,0,1,0,0,1,0,0,0,0,0,0,1,0,1,0,0,0,0,0,0,0,0,0,
Hayes Sutton,109537,WR,BROWN,1,0,0,,0,0,123,0,0,,60.0,60.0,,60.0,,0,0,0,0,,,0,0,0,0.0,0,0,0,0,0,0,1,0,0,0,0,0,0,1,0,1,0,0,0,0,0,0,0,0,0,
Chrysten Cochran,109556,WR,ARKAPB,1,0,0,,0,0,112,0,0,,60.1,60.0,,60.0,,0,0,0,0,,,0,0,0,0.0,0,0,0,0,0,0,1,0,0,0,0,0,0,1,0,1,0,0,0,0,0,0,0,0,0,
Derrick Edafe,109571,S,LIUSHAR,1,0,0,,0,0,1298,0,0,,59.9,66.0,59.5,,,0,0,0,0,,,0,0,0,0.0,0,0,0,0,0,0,1,1,0,0,1,0,0,0,1,0,0,0,0,0,0,0,0,0,0,
Alvaro Lora,109581,WR,ST FRANCIS,3,0,0,,0,0,299,0,0,,58.9,60.0,60.0,60.0,,0,0,0,0,,,0,0,0,0.0,0,0,0,0,0,0,3,0,0,0,0,0,0,3,1,2,0,0,0,0,0,0,0,0,0,
Chris Hardie,109593,ED,JVILLE ST,11,5,0,,0,1,196,0,0,59.1,77.8,26.1,74.3,79.6,47.3,5,19,0,0,,18.9,7,0,4,0.0,0,7,0,1,0,2,595,593,10,132,190,261,0,2,277,316,0,32,25,12,0,31,0,0,0,
Tiy Reed,109602,WR,GEORGETOWN,1,0,0,,0,0,172,0,0,,60.1,60.0,,60.0,,0,0,0,0,,,0,0,0,0.0,0,0,0,0,0,0,1,0,0,0,0,0,0,1,0,1,0,0,0,0,0,0,0,0,0,
Tommy Lewis,109609,WR,LEHIGH,2,0,0,,0,0,205,0,0,,60.0,60.1,,60.0,,0,0,0,0,,,0,0,0,0.0,0,0,0,0,0,0,2,0,0,0,0,0,0,2,0,2,0,0,0,0,0,0,0,0,0,
Johnny Foley,109613,WR,LEHIGH,1,0,0,,0,0,205,0,0,,60.0,60.0,,60.0,,0,0,0,0,,,0,0,0,0.0,0,0,0,0,0,0,1,0,0,0,0,0,0,1,0,1,0,0,0,0,0,0,0,0,0,
Shai Young,109622,HB,BRYANT,1,0,0,,0,0,124,0,0,,60.0,73.9,,60.0,,0,0,0,0,,,0,0,0,0.0,0,0,0,0,0,0,1,0,0,0,0,0,0,1,0,1,0,0,0,0,0,0,0,0,0,
Anthony Frederick,109623,WR,BRYANT,2,0,0,,0,0,124,0,0,68.7,80.2,61.9,,60.0,76.4,0,0,0,0,,0.0,0,0,3,0.0,0,0,0,0,1,1,2,0,0,0,0,0,0,2,0,1,0,1,1,1,0,0,0,0,0,
David Zorrilla,109657,WR,BRYANT,1,1,0,,0,0,124,0,0,,61.6,60.0,,60.0,71.5,0,0,0,0,,0.0,0,0,1,0.0,0,0,0,0,0,0,1,0,0,0,0,0,0,1,0,1,0,0,0,0,0,0,0,0,0,
Zack Gray,109699,TE,DRAKE,1,0,0,,0,0,153,0,0,60.0,60.0,63.7,,,,0,0,0,0,,,0,0,2,0.0,0,0,0,0,0,1,1,0,0,0,0,0,1,1,0,0,0,0,0,0,0,0,0,0,0,
Jyaire Stevens,109709,ED,LAFAYETTE,11,13,1,,0,3,203,1,0,67.5,73.7,70.3,64.9,76.3,66.6,6,19,0,0,,10.2,5,0,1,0.0,0,1,0,3,0,1,589,586,0,48,301,237,0,3,345,243,0,27,31,5,0,26,0,0,0,
Joshua Tomas,109716,WR,GEORGETOWN,1,0,0,,0,0,172,0,0,,60.1,60.0,,60.0,,0,0,0,0,,,0,0,1,0.0,0,0,0,0,0,0,1,0,0,0,0,0,0,1,0,1,0,0,0,0,0,0,0,0,0,
Javier Derritt,109745,DI,N DAK ST,14,10,0,,0,0,250,0,0,64.3,65.3,68.3,60.6,66.8,70.4,3,6,0,0,,6.9,2,0,1,0.0,0,4,0,0,0,0,506,506,88,408,0,10,0,0,283,223,0,16,17,4,0,13,0,0,0,
Luke Lennon,109758,DI,N DAKOTA,12,4,2,,0,0,249,0,0,,59.1,81.9,58.5,58.4,31.9,1,1,0,0,,20.0,2,0,0,0.0,0,0,0,0,0,0,171,171,3,78,52,38,0,0,79,92,0,3,4,0,0,2,0,0,0,
Nick Foglia,109763,DI,SACR HEART,11,17,1,,0,0,280,0,0,69.0,79.4,85.9,59.9,83.5,65.8,3,9,0,1,,6.7,3,0,0,0.0,0,1,0,2,0,0,527,524,121,387,1,15,0,3,233,294,0,20,25,1,0,13,0,0,0,
Brendan Pacheco,109805,S,MARIST,4,0,0,100.0,0,0,213,0,0,47.0,34.3,70.6,59.2,39.0,26.3,0,0,0,0,14,100.0,1,0,0,118.8,1,0,0,9,0,5,18,1,0,0,1,0,0,17,1,12,8,0,0,0,1,0,0,14,0,14.0
Naseim Brantley,109823,WR,W ILLINOIS,1,0,0,,0,0,345,0,0,60.0,60.0,63.1,,,,0,0,0,0,,,0,0,1,0.0,0,0,0,0,0,1,1,0,0,0,0,0,1,1,0,0,0,0,0,0,0,0,0,0,0,
Kai Williams,109830,WR,ST FRANCIS,2,0,0,,0,0,299,0,0,,60.0,60.0,60.0,60.0,,0,0,0,0,,,0,0,0,0.0,0,0,0,0,0,0,2,0,0,0,0,0,0,2,1,1,0,0,0,0,0,0,0,0,0,
Khalid Thomas,109856,CB,SAMFORD,4,0,0,0.0,0,0,282,0,0,56.1,58.0,73.4,,63.1,,0,0,0,0,,,0,0,0,39.6,0,0,0,0,23,8,23,0,0,0,0,0,0,23,0,15,0,0,0,0,1,0,0,0,0,
Hudson Schenck,109889,WR,WEBER ST,1,0,0,,0,0,342,0,0,,60.0,60.0,,60.0,,0,0,0,0,,,0,0,0,0.0,0,0,0,0,0,0,1,0,0,0,0,0,0,1,0,1,0,0,0,0,0,0,0,0,0,
Andrew Hardin,110004,CB,YNGTOWN ST,4,2,0,,0,0,353,0,0,65.4,61.8,75.2,60.0,54.0,79.1,0,0,0,0,,0.0,0,0,0,0.0,0,0,0,5,0,14,28,1,0,0,1,0,0,27,1,13,22,0,1,0,0,0,0,0,0,
Kam In,110429,CB,STTHOM,10,1,1,54.8,0,0,1129,0,0,64.7,63.5,34.0,71.5,53.6,38.0,3,1,0,0,55,28.6,6,4,2,96.3,17,2,0,93,63,238,383,27,0,0,27,0,4,356,29,116,196,8,14,3,31,6,2,201,141,11.8
Ian Ector,110464,LB,W ILLINOIS,2,1,0,,0,0,345,0,0,,65.7,66.3,,63.8,74.3,0,0,0,0,,0.0,0,0,0,0.0,0,0,0,4,0,0,5,1,0,0,1,0,0,4,0,5,0,0,0,0,0,0,0,0,0,
Malik Jackson,110577,CB,STTHOM,4,1,0,50.0,0,0,1129,0,0,63.4,65.0,73.8,59.4,65.8,76.6,0,0,0,0,7,0.0,0,0,0,58.3,1,0,0,0,24,7,25,0,0,0,0,0,0,25,1,17,0,0,1,0,2,0,0,7,2,7.0
Tommy Shelstad,110601,LB,STTHOM,9,6,0,85.7,0,1,1129,0,0,63.9,65.8,25.4,72.7,61.2,61.6,4,4,0,0,13,13.5,5,0,1,91.7,6,3,0,279,0,86,290,9,0,0,9,0,0,281,61,143,2,19,26,2,7,11,0,42,40,7.0
Brent Robley,110635,DI,STTHOM,11,3,0,,0,0,1129,0,0,60.2,70.9,60.9,56.9,80.6,74.7,2,6,0,0,,5.0,1,0,1,0.0,0,3,0,0,0,1,393,392,32,242,13,105,0,1,218,174,0,14,16,4,0,11,0,0,0,
Ronald Williams,110742,S,HOWARD,6,0,0,33.3,0,0,184,0,0,67.3,63.9,79.4,49.4,58.9,69.7,0,0,0,0,3,18.2,2,0,0,42.4,1,0,0,34,0,52,101,3,0,0,3,0,41,98,0,49,22,4,9,0,3,0,0,3,5,3.0
Chylon Thomas,110764,WR,CHARLES SO,1,0,0,,0,0,135,0,0,,60.0,60.0,,60.0,,0,0,0,0,,,0,0,0,0.0,0,0,0,0,0,0,1,0,0,0,0,0,0,1,0,1,0,0,0,0,0,0,0,0,0,
Luke Glenna,110962,S,STTHOM,11,10,0,48.3,0,0,1129,0,0,82.8,84.9,50.3,84.0,83.3,78.3,1,5,0,4,17,10.7,8,2,1,38.9,14,0,0,168,6,362,635,25,0,0,25,0,233,610,12,261,202,26,57,1,29,6,2,92,73,6.6
T.J. Limehouse Jr.,111153,S,W ILLINOIS,10,17,0,64.7,0,0,345,0,0,71.9,63.9,6.1,,55.6,60.7,0,0,0,0,19,18.2,20,2,2,81.3,11,0,0,184,2,270,600,7,0,0,7,0,370,593,0,330,36,22,73,1,17,0,0,103,45,9.4
Ravi Alston,111293,WR,MONTANA ST,4,0,0,,0,0,233,0,0,,51.8,60.1,,52.9,,0,0,0,0,,,0,0,1,0.0,0,0,0,0,0,0,5,0,0,0,0,0,0,5,0,5,0,0,0,0,0,0,0,0,0,
Jack Mohler,111684,LB,STTHOM,11,11,0,85.7,0,0,1129,0,0,62.2,63.7,28.2,59.1,67.9,59.2,4,8,0,0,21,13.2,5,0,1,146.7,6,2,0,286,0,113,306,11,0,0,11,0,0,295,82,111,8,15,22,1,7,14,1,68,69,11.3
Alex Alteus,111839,LB,STETSON,7,7,0,65.0,0,1,302,0,0,66.2,72.2,0.0,86.2,70.0,52.9,2,6,0,1,16,21.4,9,1,3,54.2,13,4,0,232,0,144,388,126,0,0,126,0,6,262,64,180,24,22,26,6,20,12,0,90,77,6.9
Trent Meyer,111906,LB,STTHOM,11,12,1,55.6,0,0,1129,0,0,51.8,51.2,37.1,67.0,47.4,55.4,4,13,0,1,20,18.4,9,0,1,67.1,10,2,0,357,3,134,383,16,0,0,16,0,0,367,79,170,7,20,28,7,18,19,1,101,30,10.1
Joey Fitzgerald,111908,DI,STTHOM,9,1,0,,0,0,1129,0,0,60.6,68.2,81.2,58.3,74.1,79.2,1,4,0,0,,0.0,0,0,0,0.0,0,2,0,0,0,0,210,210,20,108,4,78,0,0,130,80,0,8,7,3,0,7,0,0,0,
Noah Borgeson,111910,DI,STTHOM,6,2,0,,0,0,1129,0,0,60.0,62.8,0.0,62.5,67.5,74.9,0,1,0,0,,0.0,0,0,1,0.0,0,1,0,0,0,1,54,53,8,36,0,9,0,1,35,18,1,1,0,0,0,2,0,0,0,
Seth Bickett,112463,DI,STTHOM,8,4,0,100.0,0,0,1129,0,0,60.5,60.9,82.0,58.6,61.0,49.9,1,6,0,0,0,15.4,2,0,0,79.2,1,1,0,0,0,0,218,217,29,119,3,66,0,1,120,98,0,5,7,1,1,8,0,0,9,0.0
Chavon Fields,113041,DI,CHARLES SO,10,4,1,,0,0,135,2,0,,75.5,70.9,77.4,70.1,36.6,4,19,0,0,,22.2,6,0,1,0.0,0,2,0,0,0,0,518,518,229,288,1,0,0,0,265,253,0,16,17,0,0,25,0,0,0,
Brandon Spencer,120765,CB,FORDHAM,8,4,0,42.9,0,0,168,0,0,65.1,65.7,82.6,63.6,64.5,64.4,0,0,0,1,37,13.3,2,3,2,43.2,9,0,0,34,249,176,305,4,0,0,4,0,1,301,4,125,17,1,9,0,21,0,0,127,57,14.1
Xavier Billingsley,120853,ED,ALAB A&M,9,3,0,,0,0,104,0,0,50.4,59.3,83.0,61.5,62.2,57.0,1,5,0,0,,14.3,1,0,0,0.0,0,0,0,41,0,16,116,73,10,7,55,1,0,43,51,49,2,2,3,0,0,6,0,0,0,
Hayden Gilford,120860,ED,ALAB A&M,5,1,0,,0,1,104,1,0,67.4,72.9,83.9,59.9,79.3,81.5,0,5,0,0,,0.0,0,0,0,0.0,0,2,0,4,0,2,184,180,2,5,156,17,0,4,112,70,0,7,7,1,0,7,0,0,0,
Jamal Irby,120863,ED,ALAB A&M,11,5,0,50.0,0,0,104,2,0,59.3,54.0,85.4,63.2,45.7,26.0,0,5,1,1,11,35.3,6,0,0,27.1,1,1,0,2,0,2,353,351,5,53,234,59,0,2,171,180,0,5,6,1,2,6,0,11,1,11.0
JaBraun McNeal,120868,CB,ALAB A&M,10,3,0,52.0,0,0,104,0,0,69.1,70.2,86.1,72.9,66.2,69.1,1,1,0,0,37,12.5,4,0,1,68.6,13,3,0,77,12,184,310,23,0,0,22,1,0,287,18,108,198,15,25,0,25,5,0,139,64,10.7
Kendrick Jones,120962,WR,SOUTHERN U,1,1,0,100.0,0,0,297,0,0,49.9,54.0,71.9,,64.4,73.1,0,0,0,0,14,0.0,0,0,0,158.3,1,0,0,5,3,11,13,0,0,0,0,0,0,13,0,2,5,0,0,0,1,0,1,14,1,14.0
Terrell Allen,121341,ED,TENN STATE,10,10,0,,0,1,308,0,0,45.5,63.3,87.7,77.6,52.7,29.7,4,13,0,0,,26.7,12,0,0,0.0,0,6,0,2,0,3,379,376,0,1,359,16,0,3,177,199,0,22,23,8,0,23,0,0,0,
Nick Carozza,121343,LB,AUSTINPEAY,5,0,0,0.0,0,0,116,0,0,64.4,51.9,75.5,53.8,43.9,27.5,1,2,0,0,,40.0,2,0,0,39.6,0,0,0,41,0,21,49,4,0,0,4,0,0,45,4,24,4,3,3,0,1,3,0,0,0,
Kory Chapman,121344,S,AUSTINPEAY,11,15,0,71.0,0,0,116,0,0,77.1,78.8,44.7,81.4,73.1,63.8,3,5,0,2,50,16.9,12,2,1,84.7,22,2,0,215,10,233,533,22,0,0,22,0,136,511,41,259,150,27,44,5,31,10,2,215,106,9.8
Sam Howard,121351,LB,AUSTINPEAY,4,3,0,,0,0,116,0,0,65.9,67.7,77.2,53.3,68.4,71.5,0,1,0,0,,11.1,1,0,0,0.0,0,0,0,63,0,19,73,10,0,0,10,0,0,63,8,46,0,3,5,1,0,1,0,0,0,
Hosea Knifeley Jr,121353,ED,AUSTINPEAY,10,5,0,100.0,0,0,116,0,0,66.4,68.8,84.8,61.4,69.6,52.4,1,2,0,0,14,20.6,7,0,0,84.2,5,2,0,91,2,71,272,155,0,0,155,0,0,117,51,150,24,17,22,2,5,5,0,21,17,4.2
Conner Murphy,121357,LB,AUSTINPEAY,2,1,0,,0,0,116,0,0,62.0,58.5,0.0,56.1,69.1,76.0,0,0,0,0,,0.0,0,0,1,0.0,0,0,0,14,1,7,21,6,0,0,6,0,0,15,4,10,0,1,1,0,0,0,0,0,0,
Kam Ruffin,121362,S,AUSTINPEAY,5,3,1,69.2,0,0,116,0,0,47.5,62.1,85.2,91.7,67.0,60.3,5,3,0,1,40,18.8,3,0,4,62.3,9,1,0,58,1,99,233,52,0,0,52,0,18,181,24,110,104,4,10,1,13,9,0,108,74,12.0
Antoine Williams,121369,LB,AUSTINPEAY,11,24,0,69.2,0,1,116,0,1,79.4,77.4,83.5,60.1,77.1,66.2,6,3,0,0,18,14.1,14,2,0,88.9,9,3,0,480,4,263,662,96,0,0,96,0,0,566,81,318,82,40,61,8,13,12,0,91,74,10.1
Grant Wisdom,121370,DI,AUSTINPEAY,3,0,0,,0,0,116,0,0,,53.3,71.1,58.7,56.3,,0,0,0,0,,,0,0,0,0.0,0,0,0,0,0,0,7,7,5,2,0,0,0,0,3,4,0,0,0,0,0,0,0,0,0,
Chukwuma Anusiem,121372,CB,MO STATE,1,0,0,100.0,0,0,230,0,0,66.2,66.7,72.6,,60.0,73.5,0,0,0,0,10,0.0,0,0,0,108.3,1,0,0,0,17,11,17,0,0,0,0,0,0,17,0,6,0,1,1,0,1,0,0,10,5,10.0
Jalen Bedell,121374,DI,CENT ARK,11,7,0,,0,0,132,0,0,60.6,67.4,84.3,57.8,70.9,50.1,2,13,0,0,,18.2,4,0,0,0.0,0,0,0,3,0,0,458,454,18,419,1,16,0,4,238,220,0,7,11,0,0,15,0,0,0,
Christian Cain,121376,S,CENT ARK,9,3,0,55.6,0,0,132,0,0,71.7,67.9,83.2,60.0,54.7,35.9,0,0,0,0,20,31.6,6,2,0,67.4,5,0,0,56,3,140,242,1,0,0,1,0,143,241,1,101,39,4,10,0,9,0,0,41,21,8.2
Demetrias Charles,121377,LB,CENT ARK,11,29,1,72.7,0,1,132,1,0,55.0,58.4,26.4,67.7,59.9,57.3,1,11,0,0,32,13.8,13,1,2,102.1,16,2,0,452,0,232,570,82,0,0,81,1,0,488,56,282,35,29,52,3,22,14,0,208,123,13.0
Kameryn Cuevas,121380,CB,CENT ARK,2,0,0,,0,0,132,0,0,64.2,67.9,75.4,,70.3,74.8,0,0,0,0,,,0,0,0,0.0,0,0,0,6,0,12,25,0,0,0,0,0,0,25,0,13,19,0,0,0,0,0,0,0,0,
Laquez Embry,121383,CB,CENT ARK,3,0,0,75.0,0,0,132,0,0,37.0,38.0,75.8,,53.0,29.1,0,0,0,0,39,50.0,2,0,0,156.3,3,0,0,0,47,26,48,0,0,0,0,0,0,48,0,22,0,0,2,0,4,0,1,59,3,19.7
Kendarrius Moore,121397,LB,CENT ARK,7,1,0,66.7,0,0,132,0,0,51.6,52.3,84.2,65.5,51.8,52.8,1,0,0,0,29,20.0,3,0,0,136.1,4,0,0,109,0,57,130,6,0,0,6,0,1,124,9,64,12,7,11,0,6,1,1,56,15,14.0
TaMuarion Wilson,121402,S,CENT ARK,11,23,0,81.8,0,1,132,0,0,63.3,77.3,54.6,67.7,92.1,72.3,2,5,0,2,25,13.0,14,0,1,98.1,27,2,0,234,9,312,644,57,0,0,57,0,156,587,28,304,187,32,71,5,33,9,3,209,123,7.7
Michael Pleas Jr.,121468,ED,JACKSON ST,9,1,0,,0,0,194,0,0,60.6,68.5,80.5,58.8,77.0,45.0,0,1,0,0,,33.3,1,0,0,0.0,0,0,0,0,0,2,59,55,0,0,55,0,0,4,38,19,1,0,1,0,0,1,0,0,0,
Quinton Lee,121531,ED,S ILLINOIS,11,3,0,,1,0,295,0,0,60.0,60.3,46.8,58.3,63.5,43.0,0,6,0,0,,27.3,3,0,1,0.0,0,2,0,0,0,1,214,214,0,12,142,60,0,0,124,89,0,5,5,1,0,8,0,0,0,
Dom Barbuto,121552,LB,LIUSHAR,5,2,0,100.0,0,0,1298,0,0,64.3,52.1,80.1,63.1,43.2,27.8,0,3,0,0,8,36.4,8,0,0,97.9,2,0,0,93,0,31,105,11,0,0,11,0,0,94,14,60,1,8,12,2,2,3,0,15,6,7.5
Alijah Curtis,121564,S,YNGTOWN ST,3,0,0,,0,0,353,0,0,63.1,68.1,73.0,,70.4,80.8,0,0,0,0,,0.0,0,0,0,0.0,0,0,0,4,0,6,16,0,0,0,0,0,4,16,0,10,8,0,3,0,0,0,0,0,0,
Dylan Perez,121599,DI,BRYANT,7,2,0,,0,0,124,0,0,59.9,69.4,0.0,67.3,74.2,76.3,0,4,0,0,,12.5,1,0,2,0.0,0,0,0,0,0,1,135,135,25,109,0,1,0,0,75,59,0,3,5,0,0,4,0,0,0,
Darrian Baker,121624,ED,E KENTUCKY,8,2,0,,0,0,159,0,0,63.2,61.8,37.1,62.3,59.8,24.5,1,3,0,0,,42.9,6,0,1,0.0,0,1,0,0,0,2,174,174,0,19,47,108,0,0,82,90,0,5,6,1,0,5,0,0,0,
Jadyn Bost,121627,ED,E KENTUCKY,12,6,0,100.0,0,0,159,1,1,67.6,65.0,50.1,58.5,66.4,56.0,1,1,0,0,6,15.0,3,0,1,87.5,3,0,0,5,0,27,238,209,0,0,208,1,0,29,76,135,24,6,11,0,3,2,0,15,24,5.0
Ousmane Dabo,121630,CB,VALPO,4,0,0,50.0,0,0,332,0,0,63.3,64.0,73.7,,62.0,76.2,0,0,0,0,9,0.0,0,0,1,62.5,1,0,0,3,25,18,31,0,0,0,0,0,0,31,0,13,2,0,2,0,2,0,0,9,0,9.0
Tre' Goodin,121635,CB,E KENTUCKY,6,0,0,100.0,0,0,159,0,0,58.6,63.4,75.8,,73.3,78.5,0,0,0,0,37,0.0,0,0,0,118.8,2,0,0,3,44,17,47,0,0,0,0,0,0,47,0,30,0,2,3,0,2,0,0,45,1,22.5
Eli Hairston,121636,LB,E KENTUCKY,7,11,0,75.0,0,0,159,0,0,50.9,60.5,83.6,62.2,66.3,63.9,3,3,0,1,28,12.9,8,0,0,104.2,12,1,0,393,1,180,435,18,0,0,18,0,1,417,41,214,22,22,43,2,16,7,1,172,158,14.3
Jaylen Herrud,121637,LB,E KENTUCKY,10,15,0,61.5,0,0,159,0,0,48.8,42.6,36.8,68.5,39.0,36.5,3,7,0,1,44,23.3,14,0,1,53.0,8,0,0,368,0,145,390,13,0,0,13,0,1,377,28,217,8,15,31,3,13,10,0,99,49,12.4
Jeriah Hightower,121638,LB,E KENTUCKY,1,0,0,,0,0,159,0,0,62.7,63.7,69.4,59.4,61.7,,0,0,0,0,,,0,0,0,0.0,0,0,0,11,0,7,12,0,0,0,0,0,0,12,1,4,1,0,0,0,0,0,0,0,0,
Ryan Jackson,121640,DI,E KENTUCKY,12,8,0,,0,0,159,0,0,60.0,65.4,68.5,59.9,67.2,32.3,1,7,0,0,,21.9,7,0,1,0.0,0,0,0,1,0,0,470,469,280,188,0,1,0,1,235,235,0,13,17,4,0,8,0,0,0,
Clayton Thomas Jr.,121659,ED,BETH COOK,5,0,0,100.0,0,0,119,0,0,44.6,29.3,0.0,56.2,28.6,29.1,0,1,0,0,6,33.3,1,0,2,91.7,1,0,0,20,0,5,90,70,0,3,66,1,0,20,37,48,0,0,2,0,1,1,0,6,8,6.0
Isaiah Cash,121669,S,HOUCHR,4,8,0,75.0,0,0,183,1,0,68.0,69.8,84.4,70.8,66.8,67.4,2,0,0,0,34,15.0,6,2,0,140.1,12,1,0,147,0,174,304,9,0,0,9,0,57,295,13,117,91,5,26,1,16,3,2,138,56,11.5
Dameon Dawson,121674,ED,HOUCHR,3,2,0,100.0,0,0,183,0,0,52.5,53.9,75.0,,60.2,78.8,0,0,0,0,16,0.0,0,0,0,118.8,1,0,0,4,0,2,14,7,0,0,7,0,1,7,0,12,2,0,1,0,1,0,0,16,6,16.0
Devion Hargrove,121681,CB,HOUCHR,10,6,1,54.4,0,1,183,0,0,60.0,62.9,20.3,91.4,71.8,50.1,0,1,0,1,45,19.6,10,7,6,99.0,37,1,0,54,653,396,754,3,0,0,3,0,9,751,4,354,35,5,35,0,68,2,5,541,166,14.6
Luke Horner,121684,ED,HOUCHR,11,15,0,,0,0,183,0,0,66.1,65.2,68.6,54.7,68.4,75.5,1,9,0,0,,6.3,2,0,1,0.0,0,0,0,0,0,1,483,483,0,23,378,82,0,0,213,269,0,12,15,3,0,10,0,0,0,
Peyton Kennedy,121688,LB,HOUCHR,11,3,0,100.0,0,0,183,0,0,61.0,56.2,0.0,51.0,59.1,48.6,0,2,0,0,13,21.1,8,0,2,103.5,6,0,0,229,0,100,236,1,0,0,1,0,1,235,10,126,5,18,27,5,6,2,0,53,34,8.8
Delvin Mason,121692,DI,HOUCHR,10,11,0,,0,0,183,0,0,65.2,72.4,71.4,63.5,74.5,61.3,5,14,0,0,,9.8,4,0,2,0.0,0,6,0,0,0,0,651,651,57,519,26,49,0,0,351,300,0,28,26,3,0,25,0,0,0,
Corey Smooth,121705,S,HOUCHR,4,2,0,66.7,1,0,183,0,0,62.9,59.4,0.0,56.9,54.8,61.5,0,1,0,0,24,20.0,3,1,1,124.3,12,0,0,59,2,96,141,1,0,0,1,0,19,140,2,43,60,6,10,1,18,1,4,117,22,9.8
Lordswill Uwa-Ndukwe,121710,DI,HOUCHR,11,6,0,,0,0,183,0,0,61.7,66.7,62.4,59.4,68.7,74.2,2,2,0,0,,4.2,1,0,1,0.0,0,1,0,0,0,0,377,377,112,265,0,0,0,0,165,212,0,12,17,1,0,5,0,0,0,
Derrick Wilson,121713,CB,HOUCHR,4,2,0,57.1,0,0,183,0,0,42.6,46.4,76.2,,61.2,52.9,0,0,0,0,63,20.0,1,1,0,141.4,4,0,0,5,45,23,54,1,0,0,1,0,0,53,0,31,3,0,2,0,7,0,1,116,36,29.0
Charles Bell VI,121721,CB,ALAB A&M,10,9,0,50.0,0,0,104,0,0,64.3,68.7,85.4,68.8,75.9,57.1,1,2,0,0,31,18.9,7,2,1,76.4,12,1,1,66,12,183,334,17,0,0,17,0,3,317,10,141,235,10,21,5,24,4,1,108,57,9.0
Keylin Roach,121746,CB,SOUTHERN U,1,0,0,,0,0,297,0,0,,60.0,61.7,,60.0,,0,0,0,0,,,0,0,0,0.0,0,0,0,1,0,0,1,0,0,0,0,0,0,1,0,1,0,0,0,0,0,0,0,0,0,
Eman Garrison,122096,CB,STF AUSTIN,2,0,0,0.0,0,0,301,0,0,76.6,75.3,75.3,58.7,63.1,,0,0,0,0,,,0,1,0,39.6,0,0,0,4,14,5,22,3,0,0,3,0,0,19,2,15,1,0,0,0,3,0,0,0,0,
Jalon Hunter,122101,CB,STF AUSTIN,4,2,0,100.0,1,0,301,0,0,61.9,64.8,0.0,57.9,78.5,82.8,0,0,0,0,25,0.0,0,0,1,96.9,4,0,0,13,0,19,43,1,0,0,1,0,5,42,4,20,23,2,5,0,4,0,0,29,13,7.3
Rodney Johnson,122103,CB,SOUTHERN U,10,4,0,54.5,0,0,297,0,0,70.7,72.0,85.1,59.0,74.2,63.9,0,0,0,0,48,14.3,5,5,1,109.1,24,0,0,21,458,311,493,6,0,0,6,0,2,487,1,181,5,6,26,1,44,0,4,330,141,13.8
Tkai Lloyd,122108,S,STF AUSTIN,8,6,0,54.5,0,3,301,0,0,74.8,76.3,29.7,87.5,74.6,51.2,1,1,0,2,25,22.0,9,1,1,70.5,12,1,0,115,0,219,417,1,0,0,1,0,190,416,4,194,110,7,26,1,22,3,3,112,67,9.3
Ty Love,122109,WR,STF AUSTIN,1,0,0,,0,0,301,0,0,,60.0,60.0,60.0,,,0,0,0,0,,,0,0,0,0.0,0,0,0,0,0,0,1,0,0,0,0,0,0,1,1,0,0,0,0,0,0,0,0,0,0,
Zach Nwachukwu,122113,CB,STF AUSTIN,10,3,0,66.7,0,0,301,0,0,69.4,67.1,83.9,55.7,60.1,58.8,0,1,0,0,73,17.6,3,1,0,109.7,6,0,0,40,1,70,127,5,0,0,5,0,6,122,6,51,74,3,11,0,9,1,0,132,78,22.0
Christian Richards,122116,LB,STF AUSTIN,3,2,0,,0,0,301,0,0,64.4,66.6,75.2,,65.3,47.5,0,0,0,0,,25.0,2,0,0,0.0,0,0,0,37,0,14,41,0,0,0,0,0,1,41,0,27,3,3,4,0,0,0,0,0,0,
Joshua Smetzer,122118,LS,STF AUSTIN,1,0,0,,0,0,301,0,0,60.0,60.3,63.5,,,,0,0,0,0,,,0,0,0,0.0,0,0,0,0,1,1,1,0,0,0,0,0,0,1,0,0,0,0,0,0,0,0,0,0,0,
Ky Thomas,122120,DI,STF AUSTIN,9,10,1,,0,0,301,0,0,60.4,68.4,61.4,68.9,65.7,56.5,4,7,0,0,,10.0,3,0,1,0.0,0,2,0,2,0,2,398,396,40,285,10,61,0,2,223,173,0,16,17,4,0,13,0,0,0,
Jeremiah Walker,122125,CB,STF AUSTIN,11,12,0,49.2,0,0,301,0,0,55.5,56.3,13.7,67.4,65.1,62.8,0,1,0,0,76,13.2,5,5,9,99.3,29,0,0,30,531,360,656,3,0,0,3,0,11,653,4,292,80,3,21,0,59,1,4,476,235,16.4
Mike Smith Jr.,122255,CB,E KENTUCKY,9,5,0,71.4,0,0,159,0,0,64.9,64.4,85.4,60.0,61.1,70.4,0,0,0,1,32,12.1,4,1,0,83.9,10,0,0,56,0,143,293,0,0,0,0,0,84,293,1,149,153,4,24,1,14,0,0,182,70,18.2
Samari Brooks,122289,ED,CAMPBELL,1,0,0,,0,0,131,0,0,,59.0,70.6,57.9,60.0,,0,0,0,0,,,0,0,0,0.0,0,0,0,0,0,0,6,6,0,0,6,0,0,0,4,2,0,0,0,0,0,0,0,0,0,
D'Marcus Harrington,122296,CB,CAMPBELL,8,1,0,60.0,0,0,131,0,0,68.5,68.9,82.8,,66.5,52.2,0,0,0,1,77,26.9,7,5,1,84.9,15,0,0,18,293,154,327,1,0,0,1,0,1,326,0,173,14,5,18,1,25,0,1,217,114,14.5
Caleb LeGrand,122303,CB,CAMPBELL,4,1,0,83.3,0,0,131,0,0,54.3,50.8,75.8,,39.5,66.4,0,0,0,0,33,11.1,1,0,0,118.8,5,0,0,4,51,37,55,0,0,0,0,0,0,55,0,18,0,0,7,0,6,0,0,93,39,18.6
J.T. Whitmore,122316,ED,CAMPBELL,10,4,0,,0,0,131,0,0,62.0,63.4,81.9,59.8,63.3,72.2,1,2,0,0,,7.7,1,0,0,0.0,0,1,0,7,0,3,136,129,0,7,102,20,0,7,60,73,0,6,8,1,0,4,0,0,0,
Shon Brown,122321,ED,ELON,12,6,0,,0,0,162,1,0,67.4,59.7,47.5,58.3,59.2,65.1,0,2,0,0,,11.1,2,0,1,0.0,0,1,0,4,1,3,213,208,0,3,183,22,0,5,104,106,0,5,10,1,0,3,0,0,0,
Josh Griffis,122400,DI,JACKSON ST,10,0,0,,0,0,194,0,0,,72.2,81.5,74.1,66.0,53.6,0,7,0,0,,25.0,1,0,1,0.0,0,2,0,2,0,0,205,203,17,177,1,8,0,2,99,106,0,5,3,1,0,9,0,0,0,
Jayion McCluster,122407,LB,ALABAMA ST,5,2,1,71.4,0,0,105,0,0,61.3,68.1,77.5,59.3,73.9,76.8,0,0,0,0,16,7.1,1,1,0,86.6,5,0,0,121,0,66,130,1,0,0,1,0,0,129,9,55,8,6,11,1,7,0,0,42,26,8.4
Anthony Fieldings,122439,CB,ALAB A&M,10,1,0,42.9,0,0,104,0,0,60.6,59.5,82.2,60.0,53.0,28.9,0,0,0,0,38,40.0,6,3,1,91.6,9,0,0,11,183,130,230,0,0,0,0,0,0,230,1,99,36,2,8,0,21,0,2,111,28,12.3
Sean Pelkisson,122454,ED,RHODE ISLD,2,0,0,,0,0,274,0,0,60.0,73.0,73.1,59.6,71.9,75.2,0,0,0,0,,0.0,0,0,0,0.0,0,0,0,0,0,1,8,8,0,0,8,0,0,0,2,5,0,2,2,0,0,0,0,0,0,
Dae'Shawn Davis,122510,LB,SOUTHERN U,1,0,0,,0,0,297,0,0,,60.0,64.4,60.0,,,0,0,0,0,,,0,0,0,0.0,0,0,0,0,0,0,1,1,0,1,0,0,0,0,1,0,0,0,0,0,0,0,0,0,0,
Johnquai Lewis,122568,S,MCNEESE,5,1,0,55.6,0,0,217,1,0,48.5,50.7,81.4,60.0,54.4,50.0,0,0,0,0,14,21.7,5,0,0,66.0,5,0,0,64,0,56,145,9,0,0,9,0,34,136,1,88,38,3,17,1,9,0,0,38,26,7.6
Karon Prunty,122574,CB,NC A&T,10,5,0,45.5,0,0,246,0,0,69.4,68.5,84.7,,59.0,77.7,0,0,0,4,41,8.6,3,1,5,34.5,20,0,0,52,471,336,561,0,0,0,0,0,33,561,0,225,4,4,27,0,44,0,1,262,79,13.1
Lovie Jenkins,122709,S,FL A&M,10,3,0,63.2,0,0,164,0,0,64.0,60.4,20.5,59.4,51.6,47.1,0,1,0,0,37,24.1,7,0,1,109.3,12,0,0,144,10,231,343,1,0,0,1,0,102,342,1,111,86,5,19,0,19,1,1,169,75,14.1
Ikenna Ahumibe,122735,DI,MO STATE,11,10,1,,0,0,230,1,0,60.0,66.6,59.6,55.5,72.0,82.7,0,2,0,0,,0.0,0,0,1,0.0,0,0,0,0,0,0,349,348,60,283,0,5,0,1,166,183,0,14,19,2,0,2,0,0,0,
Tahj Chambers,122740,LB,MO STATE,11,10,0,77.8,0,1,230,0,0,47.5,55.9,22.2,67.3,62.1,58.7,2,5,0,2,32,14.6,6,1,3,61.3,14,1,0,117,4,112,379,160,0,0,160,0,2,219,64,203,96,17,25,4,18,8,0,148,109,10.6
Devin Goree,122747,ED,MO STATE,11,6,0,,0,0,230,0,0,65.3,72.0,31.2,73.4,67.7,52.5,0,31,0,0,,18.2,6,0,3,0.0,0,4,0,4,0,3,455,451,0,9,387,55,0,4,246,206,0,22,21,3,0,35,0,0,0,
P.J. Hall,122748,S,MO STATE,7,11,0,58.3,0,1,230,1,0,75.8,80.3,83.8,58.0,86.4,90.8,0,0,0,0,38,0.0,0,2,0,116.7,7,0,0,101,0,141,277,17,0,0,17,0,74,260,4,132,85,7,18,1,12,0,1,110,49,15.7
Ferrin Manuleleua,122759,LB,MO STATE,11,22,0,77.1,0,1,230,0,0,54.2,62.6,56.0,60.7,68.5,47.5,1,6,0,0,73,19.6,20,2,1,136.4,27,1,0,657,1,317,704,9,0,0,9,0,5,695,55,332,31,30,60,3,35,8,3,348,254,12.9
Ja'Veo Toliver,122770,ED,MO STATE,6,1,0,,0,0,230,0,0,,55.4,78.0,62.3,50.8,28.7,0,2,0,0,,33.3,2,0,0,0.0,0,0,0,0,0,0,53,53,0,8,39,6,0,0,24,29,0,2,3,0,0,2,0,0,0,
Armon Wallace,122773,DI,MO STATE,11,4,0,,0,0,230,0,0,,69.3,82.8,57.3,74.2,79.8,0,5,0,0,,0.0,0,0,0,0.0,0,0,0,0,0,0,263,262,19,237,0,6,0,1,136,127,0,11,13,1,0,5,0,0,0,
Montrell Campbell,122784,CB,N ALABAMA,4,0,0,50.0,0,0,389,0,0,54.0,56.4,76.0,,66.3,80.2,0,0,0,0,47,0.0,0,1,0,127.6,4,0,0,5,44,26,50,0,0,0,0,0,0,50,0,24,1,2,4,0,8,0,1,85,31,21.3
Riely Evans,122789,S,N ALABAMA,7,2,0,100.0,0,0,389,0,0,49.7,50.8,78.2,60.0,53.3,28.3,0,0,0,0,24,40.0,4,0,0,118.8,4,0,0,48,0,37,106,0,0,0,0,0,47,106,1,68,11,2,4,1,4,0,0,50,36,12.5
Kyree Fields,122791,S,N ALABAMA,11,9,0,70.8,0,2,389,1,0,71.6,73.6,50.2,,75.9,80.1,0,0,0,1,69,11.1,10,3,1,123.6,17,0,0,219,25,320,689,8,0,0,8,0,322,681,0,369,115,22,71,3,24,0,2,374,214,22.0
Keldan Moore,122806,DI,N ALABAMA,3,2,0,,0,0,389,0,0,,73.6,72.7,85.2,62.3,72.4,1,0,0,0,,0.0,0,0,0,0.0,0,0,0,0,0,0,18,18,1,16,0,1,0,0,4,14,0,0,0,0,0,1,0,0,0,
Zakobe Shoulders,122809,DI,N ALABAMA,11,10,0,,0,0,389,1,0,65.3,68.9,62.9,60.2,70.4,70.5,0,4,0,0,,6.7,2,0,1,0.0,0,1,0,2,0,0,396,394,93,298,0,3,0,2,161,235,0,15,18,2,0,5,0,0,0,
Jay Brunelle,122895,WR,YALE,1,0,0,,0,0,352,0,0,,60.0,60.0,,60.0,,0,0,0,0,,,0,0,0,0.0,0,0,0,0,0,0,1,0,0,0,0,0,0,1,0,1,0,0,0,0,0,0,0,0,0,
Emmanuel Belgrave,123004,ED,TENN MARTN,7,0,0,,0,0,310,0,0,,60.7,73.7,58.2,62.2,,0,0,0,0,,,0,0,0,0.0,0,0,0,0,0,0,28,28,0,2,6,20,0,0,16,12,0,0,0,0,0,0,0,0,0,
AJ Roberts,123019,LB,STNY BROOK,8,5,0,0.0,1,1,303,0,0,51.3,64.9,9.4,68.0,73.8,52.1,2,5,0,0,,18.5,5,0,3,39.6,0,4,0,163,0,84,299,127,0,0,126,1,0,172,92,123,9,16,17,1,2,11,0,0,0,
Tyler Cook,123034,LB,FORDHAM,1,0,0,,0,0,168,0,0,60.0,60.6,64.1,,,,0,0,0,0,,,0,0,0,0.0,0,0,0,1,0,1,1,0,0,0,0,0,0,1,0,0,0,0,0,0,0,0,0,0,0,
Drew Beard,123165,CB,CITADEL,1,0,0,,0,0,139,0,0,,63.0,68.2,,63.0,73.5,0,0,0,0,,0.0,0,0,0,0.0,0,0,0,0,4,0,4,0,0,0,0,0,0,4,0,4,0,0,1,0,0,0,0,0,0,
Saul Diaz,123173,LB,CITADEL,8,2,0,50.0,1,0,139,0,0,57.9,57.4,0.0,65.1,56.2,82.9,1,2,0,0,19,0.0,0,0,1,63.2,3,1,0,49,0,35,82,27,0,0,27,0,0,55,28,19,4,3,5,1,6,4,0,28,21,9.3
Jackson Dorris,123174,LB,CITADEL,2,2,0,,0,0,139,0,0,,74.0,65.0,,73.8,75.8,0,0,0,0,,0.0,0,0,0,0.0,0,0,0,4,0,0,6,0,0,0,0,0,0,6,0,6,0,0,0,0,0,0,0,0,0,
Carson Hatchett,123176,ED,CITADEL,11,17,0,100.0,0,0,139,0,0,70.1,66.0,46.2,70.0,60.9,71.8,8,8,0,0,7,9.3,5,0,2,84.2,5,3,0,1,0,20,450,448,1,32,262,153,0,2,184,246,0,18,32,0,5,19,0,21,19,4.2
Wilson Hendricks III,123178,S,CITADEL,1,2,0,,0,0,139,0,0,52.1,55.6,75.3,59.6,62.0,66.3,0,0,0,0,,12.5,1,0,0,0.0,0,0,0,21,4,19,46,0,0,0,0,0,17,46,1,26,4,1,5,0,0,0,0,0,0,
Andrew Lewis,123185,ED,CITADEL,10,3,0,,0,0,139,0,0,62.6,61.1,83.7,58.8,60.4,77.6,1,3,0,0,,0.0,0,0,0,0.0,0,0,0,43,0,17,101,56,3,1,50,2,0,45,55,29,0,0,0,0,0,4,0,0,0,
Tyler Long,123186,CB,CITADEL,2,0,0,,0,0,139,0,0,,67.2,62.3,,65.8,74.8,0,0,0,0,,0.0,0,0,0,0.0,0,0,0,1,0,0,4,0,0,0,0,0,1,4,0,4,0,1,1,0,0,0,0,0,0,
KJ Pierce,123194,DI,CITADEL,11,10,0,,1,0,139,0,0,,45.3,54.3,54.1,43.8,48.9,1,0,0,0,,13.0,3,0,1,0.0,0,0,0,1,0,0,292,291,34,203,9,45,0,1,117,175,0,5,10,0,0,1,0,0,0,
Dominick Poole,123195,CB,CITADEL,10,9,0,63.5,0,0,139,1,0,48.7,50.9,0.4,58.3,71.1,37.4,0,0,0,3,63,20.0,11,5,4,105.9,33,0,0,16,474,253,515,0,0,0,0,0,0,515,1,261,23,5,35,0,52,0,5,536,179,16.2
James Ash,123371,DI,FL A&M,11,1,0,,0,0,164,0,0,60.0,59.6,81.2,59.2,57.8,45.0,0,2,0,0,,22.2,2,0,0,0.0,0,0,0,0,0,0,157,157,21,102,25,9,0,0,104,53,0,5,6,2,0,2,0,0,0,
Zac Gulley,123479,S,STF AUSTIN,1,0,0,,0,0,301,0,0,61.4,49.9,70.5,,60.0,,0,0,0,0,,,0,0,0,0.0,0,0,0,0,0,3,7,0,0,0,0,0,7,7,0,4,0,0,0,0,0,0,0,0,0,
Damion Hart,123508,ED,ABILENE CH,11,1,0,,0,0,100,0,0,59.5,63.0,85.1,58.0,70.7,45.3,1,11,0,0,,22.2,2,0,0,0.0,0,2,0,0,0,0,173,173,0,2,155,16,0,0,138,35,0,6,6,4,0,14,0,0,0,
Dennis Herrold,123509,DI,ABILENE CH,3,0,0,,0,0,100,0,0,,63.6,71.2,62.9,,,0,0,0,0,,,0,0,0,0.0,0,0,0,0,0,0,7,7,4,1,1,1,0,0,7,0,0,0,0,0,0,0,0,0,0,
Dre Jones,123514,ED,FL A&M,11,4,1,,0,1,164,0,0,68.0,75.8,85.6,64.6,78.5,75.2,2,10,0,0,,13.3,2,0,0,0.0,0,5,0,1,0,0,335,334,4,13,292,25,0,1,225,110,0,12,9,2,0,17,0,0,0,
Elijah Moffett,123520,S,ABILENE CH,11,11,0,58.6,0,0,100,0,0,75.0,74.9,51.6,65.4,72.9,88.0,0,1,0,2,59,5.6,3,3,2,81.7,17,0,0,168,3,417,700,3,0,0,3,0,324,697,3,280,201,8,40,2,29,1,2,254,125,14.9
Jack Schultz,123523,DI,ABILENE CH,11,2,1,,0,0,100,0,0,49.8,54.3,56.9,59.2,55.3,65.1,4,0,0,0,,9.5,2,0,1,0.0,0,1,0,0,0,0,320,319,55,240,1,23,0,1,179,141,0,15,17,5,0,5,0,0,0,
Chester Sims,123524,ED,HOUCHR,4,0,0,,0,0,183,0,0,,59.6,76.2,56.8,60.7,48.7,0,0,0,0,,33.3,1,0,0,0.0,0,0,0,10,0,0,21,11,0,0,10,1,0,10,4,17,0,2,2,0,0,0,0,0,0,
Shelby Washington,123529,CB,ABILENE CH,3,0,0,,0,0,100,0,0,61.2,62.3,67.9,,60.0,,0,0,0,0,,,0,0,0,0.0,0,0,0,0,6,2,7,0,0,0,0,0,0,7,0,5,0,0,0,0,0,0,0,0,0,
T.J. Marshall,123673,S,ABILENE CH,3,0,0,,0,0,100,0,0,62.0,62.8,71.9,,60.0,,0,0,0,0,,,0,0,0,0.0,0,0,0,3,0,4,9,0,0,0,0,0,1,9,0,5,5,0,0,0,0,0,0,0,0,
Cam Williams,123730,ED,JVILLE ST,7,2,0,,0,0,196,0,0,62.0,62.1,81.5,57.0,63.6,61.4,0,2,0,0,,16.7,1,0,0,0.0,0,0,0,0,0,3,101,101,1,4,74,22,0,0,45,53,0,1,3,0,0,2,0,0,0,
Ira Armstead,123767,CB,E ILLINOIS,5,1,0,60.0,0,0,158,0,0,64.4,66.4,80.7,,72.8,83.8,0,0,0,0,16,0.0,0,0,0,75.4,3,0,0,1,174,103,178,0,0,0,0,0,0,178,0,75,2,0,8,0,5,0,0,28,19,9.3
C.J. Crump,123806,CB,MO STATE,8,2,0,72.2,0,0,230,0,0,49.9,52.3,81.3,58.6,66.5,86.7,0,0,0,0,48,0.0,0,0,0,151.4,13,0,0,13,132,98,162,6,0,0,6,0,0,156,2,62,11,2,10,0,18,0,2,293,108,22.5
Henry Garrison,123812,ED,N COLORADO,11,4,0,,1,0,253,0,0,,58.6,60.8,63.0,55.9,82.7,1,8,0,0,,0.0,0,0,1,0.0,0,2,0,0,0,0,390,390,16,172,77,125,0,0,170,220,0,8,13,0,0,11,0,0,0,
David Laney,123822,S,NC A&T,10,7,0,40.0,0,0,246,0,0,82.8,82.8,83.6,,77.5,76.4,0,0,0,1,15,9.5,2,4,0,8.3,4,0,0,42,1,136,256,0,0,0,0,0,126,256,0,120,86,3,12,0,10,0,0,30,19,7.5
J'Vian McCray,123824,DI,AUSTINPEAY,7,3,0,,0,0,116,1,0,58.9,77.3,44.6,76.9,75.3,44.6,3,7,0,0,,21.4,3,0,2,0.0,0,0,0,0,0,1,186,186,176,9,0,1,0,0,98,87,0,6,8,3,0,10,0,0,0,
Dre Terry,123839,LB,ALAB A&M,11,23,1,77.8,0,1,104,0,0,67.7,66.3,30.7,63.6,65.6,55.3,4,15,0,1,26,19.6,18,2,2,93.8,14,2,0,420,3,225,571,118,0,2,115,1,0,453,107,239,29,30,51,7,18,21,1,137,75,9.8
Sean Tucker,123840,CB,TOWSON,5,0,0,57.1,0,0,317,0,0,49.4,50.8,75.7,,63.0,78.2,0,0,0,0,20,0.0,0,0,0,85.4,4,0,0,2,41,27,44,0,0,0,0,0,0,44,0,17,1,0,3,0,7,0,0,60,6,15.0
Aaron Lovins,123885,LB,TENN TECH,3,1,0,100.0,0,0,309,0,0,57.0,56.2,73.3,58.5,57.6,77.6,0,1,0,0,2,0.0,0,0,0,118.8,2,0,0,9,0,10,23,3,0,0,3,0,0,20,2,11,11,0,1,0,2,1,1,0,1,0.0
Chancellor Smith,123893,S,ALAB A&M,1,0,0,100.0,0,0,104,0,0,36.3,45.6,75.3,,69.9,60.0,0,0,0,0,17,16.7,1,0,0,118.8,3,0,0,8,0,17,27,0,0,0,0,0,15,27,0,10,4,0,5,0,3,0,0,40,55,13.3
C.J. Williams,123941,CB,W CAROLINA,11,3,0,28.6,0,0,344,0,0,69.1,73.2,84.2,59.3,80.7,70.7,0,0,0,0,29,8.3,1,2,0,53.9,2,0,0,15,133,39,153,3,0,0,3,0,0,150,1,113,0,4,8,0,7,0,0,45,5,22.5
Kelin Burrle,123947,LB,GRAMBLING,7,1,0,33.3,0,0,177,0,0,59.5,51.8,79.4,53.8,47.7,64.8,0,0,0,0,5,5.9,1,0,0,42.4,1,0,0,97,0,41,112,8,0,0,8,0,0,104,5,66,7,6,15,0,3,0,0,5,5,5.0
Kevin Compton,123952,CB,ARKAPB,1,0,0,100.0,0,0,112,0,0,65.8,66.6,72.7,,61.3,74.2,0,0,0,0,5,0.0,0,0,0,85.4,2,0,0,0,17,5,17,0,0,0,0,0,0,17,0,12,0,0,1,0,2,0,0,9,2,4.5
Cody Goatley,124063,LB,MURRAY ST,11,11,0,91.7,0,0,236,1,0,62.2,67.3,83.8,65.8,67.7,65.4,1,11,0,0,33,14.5,10,0,0,112.2,11,1,0,405,3,210,448,10,0,0,10,0,1,438,45,193,28,36,48,7,12,13,0,131,62,11.9
Jordan Toles,124117,S,MORGAN ST,10,11,0,91.7,1,1,235,2,0,68.9,68.6,43.4,56.0,70.5,57.7,0,2,1,1,22,18.3,11,0,2,108.3,11,1,0,119,2,293,526,27,0,0,27,0,322,499,20,213,55,15,38,2,12,3,2,106,36,9.6
Antonio Doyle Jr.,124315,ED,JACKSON ST,8,2,0,,0,0,194,1,0,73.4,61.1,86.8,58.0,58.9,45.0,2,2,0,0,,22.2,2,0,0,0.0,0,2,0,8,0,2,191,180,0,3,162,15,0,11,98,91,0,5,5,0,0,6,0,0,0,
Lamar Goods,124377,DI,N COLORADO,1,0,0,,0,0,253,0,0,,61.0,72.5,57.2,62.2,,0,0,0,0,,,0,0,0,0.0,0,0,0,0,0,0,10,10,8,2,0,0,0,0,7,3,0,0,0,0,0,0,0,0,0,
Juandarion Silas,124924,S,KENNESAW,6,4,0,69.2,0,2,200,0,0,60.4,52.3,82.1,64.1,45.9,64.9,2,0,0,0,32,12.1,4,1,0,88.6,9,0,0,226,0,106,236,4,0,0,4,0,0,232,4,126,6,15,25,3,13,2,0,90,47,10.0
Kamaury Thompson,125231,S,STF AUSTIN,5,5,0,,0,0,301,0,0,55.5,62.2,75.1,59.2,72.9,67.8,0,0,0,0,,11.1,1,0,0,0.0,0,0,0,25,12,22,49,0,0,0,0,0,8,49,1,26,4,2,3,0,0,0,0,0,0,
Oscar Benson,125282,CB,N DAK ST,9,2,0,83.3,1,0,250,0,0,58.7,61.0,80.3,54.8,65.1,80.6,0,0,0,0,22,4.5,1,1,1,158.3,5,0,0,42,1,53,129,14,0,0,14,0,0,115,7,69,70,8,19,1,6,0,2,79,23,15.8
Courtney Eubanks,125287,CB,N DAK ST,15,5,0,56.5,0,0,250,0,0,67.4,66.7,50.0,62.5,63.2,47.0,1,0,0,1,35,20.6,14,4,4,99.2,39,0,0,35,596,366,670,32,0,0,32,0,1,638,13,291,6,21,49,1,69,1,7,368,187,9.4
Bryce Friday,125288,DI,N DAK ST,5,3,0,,1,0,250,0,0,,52.8,0.0,54.8,58.7,74.6,0,0,0,0,,0.0,0,0,1,0.0,0,0,0,0,0,0,56,56,5,50,0,1,0,0,26,30,0,1,1,1,0,0,0,0,0,
Sam Jung,125296,S,N DAK ST,4,1,0,66.7,0,0,250,0,0,79.4,76.3,77.3,,66.0,70.1,0,0,0,0,6,10.0,1,2,0,70.1,2,0,0,19,0,31,67,0,0,0,0,0,41,67,0,36,6,3,8,0,3,0,0,8,8,4.0
TK Marshall,125298,HB,N DAK ST,2,0,0,,0,0,250,0,0,,59.9,60.0,,60.0,,0,0,0,0,,,0,0,0,0.0,0,0,0,0,0,0,2,0,0,0,0,0,0,2,0,2,0,0,0,0,0,0,0,0,0,
Loshiaka Roques,125303,ED,N DAK ST,14,8,0,,0,0,250,2,0,62.0,70.0,86.9,61.9,73.4,72.1,1,9,0,0,,5.0,1,0,0,0.0,0,1,0,0,1,3,389,387,0,0,375,12,0,2,215,171,1,8,11,1,0,11,0,0,0,
Ty Satter,125304,S,N DAK ST,1,0,0,,0,0,250,0,0,62.9,63.1,70.2,,60.4,,0,0,0,0,,,0,0,0,0.0,0,0,0,8,0,4,11,0,0,0,0,0,3,11,0,7,0,0,0,0,0,0,0,0,0,
Marques Sigle,125305,CB,N DAK ST,11,3,0,41.2,0,1,250,0,0,85.9,84.9,82.8,90.1,65.2,37.1,0,0,1,2,58,18.2,4,3,0,40.7,7,1,0,15,195,120,232,13,0,0,13,0,2,219,4,108,5,5,15,0,17,1,1,99,75,14.1
Cole Wisniewski,125313,LB,N DAK ST,8,12,0,80.0,0,0,250,1,1,76.5,76.7,79.6,73.4,72.5,64.5,1,1,0,0,63,11.8,4,0,0,108.3,8,0,0,139,3,104,218,14,0,0,14,0,0,204,9,105,62,10,18,2,10,2,0,100,73,12.5
Garrett Williams,125347,CB,FORDHAM,8,1,0,60.0,0,0,168,0,0,58.7,58.0,0.0,54.9,62.9,76.8,0,0,0,0,37,5.9,1,2,2,113.9,15,0,0,24,183,124,218,1,0,0,1,0,3,217,4,90,7,2,15,0,25,0,1,291,45,19.4
Marco Baker,125351,CB,JVILLE ST,7,0,0,20.0,0,0,196,0,0,72.7,69.2,77.7,60.0,57.5,36.4,0,0,0,0,5,33.3,1,1,0,39.6,1,0,0,14,78,37,93,0,0,0,0,0,0,93,1,55,0,1,2,0,5,0,0,5,9,5.0
Yessman Green,125356,CB,JVILLE ST,11,0,0,40.0,0,0,196,0,0,51.1,48.3,81.4,,41.0,28.8,0,0,0,0,50,37.5,3,0,0,87.9,6,0,0,26,9,67,126,1,0,0,1,0,10,125,0,59,77,1,5,0,15,0,1,109,59,18.2
Javarius Hoskins,125359,ED,JVILLE ST,11,3,0,,0,0,196,0,0,60.0,64.3,83.8,59.2,65.4,64.8,1,4,0,0,,14.3,2,0,0,0.0,0,2,0,0,0,1,260,259,0,18,140,101,0,1,106,153,0,9,9,0,0,7,0,0,0,
Leeshoen Jarrett,125363,TE,JVILLE ST,1,0,0,,0,0,196,0,0,,60.0,60.0,,60.0,,0,0,0,0,,,0,0,0,0.0,0,0,0,0,0,0,1,0,0,0,0,0,0,1,0,1,0,0,0,0,0,0,0,0,0,
Jamari Jemison,125364,CB,JVILLE ST,11,5,0,63.6,0,0,196,0,0,57.0,56.5,85.2,55.5,53.6,40.4,1,0,0,1,59,26.2,11,1,2,124.9,21,0,0,71,442,239,550,26,0,0,26,0,2,524,9,302,6,10,26,3,33,1,3,469,104,22.3
Robert Johnson,125366,DI,MERCER,11,5,0,,0,1,219,0,0,62.1,66.8,84.9,61.7,66.5,29.8,2,9,0,0,,18.2,4,0,0,0.0,0,1,0,0,0,1,357,357,108,247,0,2,0,0,205,151,0,10,13,1,0,12,0,0,0,
J-Rock Swain,125377,ED,JVILLE ST,11,10,1,50.0,0,1,196,2,0,73.1,78.0,57.9,78.4,72.3,63.0,0,18,0,0,4,14.6,6,0,2,56.3,1,6,0,11,0,24,586,574,0,38,410,126,0,12,242,320,0,26,25,6,2,24,0,4,3,4.0
Ron Wiggins,125380,HB,JVILLE ST,1,0,0,,0,0,196,0,0,,60.1,60.0,,60.0,,0,0,0,0,,,0,0,0,0.0,0,0,0,0,0,0,1,0,0,0,0,0,0,1,0,1,0,0,0,0,0,0,0,0,0,
Deco Wilson,125381,S,JVILLE ST,11,12,0,66.7,0,1,196,0,0,63.1,64.5,28.4,55.9,68.5,62.0,0,0,0,1,22,16.4,10,1,1,77.3,14,0,0,210,10,207,407,4,0,0,4,0,115,403,3,197,66,14,39,1,21,0,1,119,61,8.5
Avery Blaikie,125395,ED,TENN STATE,1,0,0,,0,0,308,0,0,,60.0,65.2,,60.0,,0,0,0,0,,,0,0,0,0.0,0,0,0,0,0,0,1,1,0,0,1,0,0,0,0,1,0,0,0,0,0,0,0,0,0,
Collin Bell,126512,DI,BUTLER,4,0,0,,0,0,127,1,0,60.0,62.1,77.6,52.5,71.0,37.1,1,1,0,0,,33.3,1,0,0,0.0,0,0,0,0,0,0,64,64,8,36,7,13,0,0,53,11,0,2,2,1,0,2,0,0,0,
Karate Brenson,126530,WR,TENN STATE,1,0,0,,0,0,308,0,0,,60.0,73.9,,60.0,,0,0,0,0,,,0,0,2,0.0,0,0,0,0,0,0,1,0,0,0,0,0,0,1,0,1,0,0,0,0,0,0,0,0,0,
Tate Taylor,126978,P,SAMFORD,1,1,0,100.0,0,0,282,0,0,53.6,51.8,69.3,,,73.1,0,0,0,0,8,0.0,0,0,0,100.0,1,0,0,2,0,5,5,0,0,0,0,0,0,5,0,0,3,0,0,0,1,0,0,8,5,8.0
Jack Stoll,127096,LB,CENT CT ST,2,2,0,,0,0,133,0,0,64.2,62.5,70.0,,58.3,76.7,0,0,0,0,,0.0,0,0,0,0.0,0,0,0,16,0,6,17,1,0,0,1,0,0,16,0,11,0,0,0,0,0,0,0,0,0,
Vahn Friday,127377,DI,STHLSK,9,6,1,,0,0,1470,0,0,,72.5,41.7,72.9,71.6,62.2,1,8,0,0,,9.1,3,0,2,0.0,0,1,0,1,0,0,362,361,312,48,0,1,0,1,149,213,0,22,24,2,0,10,0,0,0,
Ejike Adele,127510,ED,DARTMOUTH,6,2,0,,0,0,148,0,0,60.0,62.1,74.4,58.3,63.0,29.2,0,0,0,0,,28.6,2,0,0,0.0,0,0,0,0,0,0,35,35,0,13,4,18,0,0,21,14,0,2,3,0,0,0,0,0,0,
Cortaz Williams,127560,HB,CENT CT ST,1,0,0,,0,0,133,0,0,,60.0,60.0,,60.0,,0,0,0,0,,,0,0,0,0.0,0,0,0,0,0,0,1,0,0,0,0,0,0,1,0,1,0,0,0,0,0,0,0,0,0,
Christopher Satterfield,127626,CB,GRAMBLING,3,1,0,100.0,0,0,177,0,0,38.3,39.9,75.6,,57.1,57.3,0,0,0,0,29,16.7,1,0,1,158.3,4,0,0,0,38,17,39,0,0,0,0,0,0,39,0,22,1,0,4,0,4,0,1,73,21,18.3
Kahzir Brown,127825,CB,MAINE,10,18,1,47.5,0,0,212,0,0,85.9,83.3,83.5,56.7,74.3,90.8,0,2,1,2,20,3.1,2,5,0,52.3,19,0,0,104,479,291,592,3,0,0,3,0,2,589,12,289,4,17,44,1,40,2,2,142,41,7.5
Denver Parker,128009,CB,AUSTINPEAY,1,0,0,,0,0,116,0,0,,60.0,67.4,,60.0,,0,0,0,0,,,0,0,0,0.0,0,0,0,0,0,0,2,0,0,0,0,0,2,2,0,2,0,0,0,0,0,0,0,0,0,
Devon Edwards,128149,LB,LNDNWD,7,12,0,90.5,0,2,949,0,0,76.2,71.0,84.8,70.0,61.7,76.3,2,0,0,0,14,8.7,4,0,0,103.4,19,1,0,244,1,157,408,75,0,0,75,0,1,333,37,214,86,17,30,1,21,3,1,105,78,5.5
Payton Polson,128164,LB,N COLORADO,8,5,0,80.0,0,0,253,0,0,60.6,56.3,0.0,62.3,55.7,45.3,0,0,0,0,12,20.0,4,0,1,79.2,4,0,0,138,0,54,157,5,0,0,5,0,0,152,9,94,12,7,11,1,5,0,0,-10,9,-2.5
Mathias Bertram,128255,S,IDAHO,12,23,0,64.9,0,0,185,1,0,49.9,59.4,87.8,57.5,77.2,67.8,0,1,0,0,33,15.4,14,1,1,103.5,24,0,0,199,2,347,684,6,0,0,5,1,242,678,3,334,234,15,54,1,37,1,2,261,139,10.9
Cameron Smith,128433,ED,STF AUSTIN,1,0,0,,0,0,301,0,0,,66.5,71.9,59.0,65.8,,0,0,0,0,,,0,0,0,0.0,0,0,0,0,0,0,8,8,0,0,8,0,0,0,2,6,0,0,0,0,0,0,0,0,0,
A.J. Seay,128788,CB,PRESBYTERN,10,11,0,51.2,0,0,271,0,0,82.0,82.8,37.4,64.3,84.0,68.7,0,1,1,2,39,12.0,6,9,1,70.3,22,0,0,91,414,236,511,0,0,0,0,0,0,511,1,274,5,10,33,2,43,1,2,304,111,13.8
Sam Ofurie,129115,ED,NC A&T,1,1,0,,0,0,246,0,0,60.0,63.2,73.2,55.8,60.0,71.5,0,0,0,0,,0.0,0,0,0,0.0,0,0,0,0,0,0,9,9,0,0,9,0,0,0,7,2,0,0,0,0,0,0,0,0,0,
Reuben Lowery III,129393,S,CHATTNOOGA,10,10,0,78.8,0,1,137,1,0,81.6,82.5,87.1,66.9,81.2,73.0,1,5,1,1,24,13.1,8,1,0,87.1,26,1,0,156,5,265,547,49,0,0,49,0,33,498,31,251,303,23,43,8,33,7,1,182,129,7.0
John Prince,129397,ED,CHATTNOOGA,11,1,0,,0,1,137,0,0,62.8,80.9,82.8,69.4,84.0,38.8,0,9,0,0,,33.3,4,0,0,0.0,0,3,0,0,0,2,163,163,0,4,124,35,0,0,83,78,0,9,7,1,0,12,0,0,0,
Bo Spearman,129400,LB,CHATTNOOGA,10,6,0,25.0,0,0,137,1,0,68.2,71.2,77.0,55.7,71.9,65.6,0,0,0,0,8,12.5,2,0,0,39.6,1,0,0,91,0,49,95,2,1,0,1,0,1,93,4,42,1,3,8,0,4,0,0,8,12,8.0
Jordan Walker,129403,S,CHATTNOOGA,10,12,0,54.5,0,0,137,1,0,74.1,73.1,86.5,62.9,66.3,66.7,0,0,0,1,28,16.7,7,3,1,49.8,12,0,0,149,0,279,511,0,0,0,0,0,254,511,4,228,107,7,23,1,22,0,0,112,55,9.3
Quay Wiggles,129404,DI,CHATTNOOGA,11,0,2,,0,1,137,1,0,61.8,68.7,82.3,69.4,62.7,25.3,3,8,0,0,,35.3,6,0,0,0.0,0,0,0,0,0,0,288,288,4,221,19,44,0,0,169,119,0,9,11,1,0,11,0,0,0,
Frankie Burgess,129502,ED,JACKSON ST,4,1,0,,0,1,194,0,0,60.0,64.4,79.8,68.3,53.5,54.2,1,3,0,0,,33.3,1,0,0,0.0,0,1,0,0,0,0,43,43,0,0,43,0,0,0,26,17,0,1,1,0,0,5,0,0,0,
Isaac Dowling,129553,LB,MERCER,11,17,0,77.8,0,1,219,0,0,86.9,82.4,19.9,89.8,74.5,69.2,3,7,0,2,19,12.2,11,2,2,63.5,28,1,0,463,0,312,588,22,0,0,22,0,0,566,23,253,103,43,62,7,36,11,0,173,141,6.2
TJ Moore,129562,CB,MERCER,11,6,0,68.3,0,0,219,1,0,73.4,73.6,84.7,,67.2,78.6,0,0,0,3,56,8.9,4,3,0,99.4,28,0,0,17,473,296,517,1,0,0,1,0,0,516,0,221,26,7,35,1,41,0,3,458,157,16.4
Tommy Pollack,129564,LB,MERCER,2,1,0,100.0,0,0,219,0,0,58.1,62.2,75.6,,67.7,34.9,0,0,0,0,8,33.3,1,0,0,100.0,1,0,0,14,0,15,26,0,0,0,0,0,0,26,0,11,12,0,1,0,1,0,0,8,3,8.0
Jordan Swain,129565,DI,MERCER,11,3,0,,0,0,219,0,0,67.9,75.9,81.8,56.1,81.4,81.8,0,7,0,0,,0.0,0,0,0,0.0,0,0,0,0,0,0,273,273,6,132,23,112,0,0,140,133,0,12,15,2,0,7,0,0,0,
Chris Taylor,129566,LB,MERCER,5,1,0,100.0,0,0,219,0,0,66.7,65.7,0.0,57.6,71.2,53.1,1,0,0,0,1,22.2,2,0,1,79.2,1,0,0,40,0,25,45,2,0,0,2,0,0,43,2,18,3,5,6,2,1,1,0,1,0,1.0
Jaden Taylor,129567,DI,NC CENT,9,10,0,,0,0,247,0,0,66.1,76.8,84.5,64.8,78.0,69.4,2,14,0,0,,10.5,4,0,0,0.0,0,1,0,0,0,0,452,451,39,384,10,18,0,1,254,198,0,17,24,5,0,17,0,0,0,
Abner Dubar,129647,S,ABILENE CH,9,6,0,45.5,1,0,100,0,0,67.9,68.1,86.0,58.1,66.5,75.5,1,0,0,1,43,11.1,5,0,1,62.5,10,0,0,124,9,333,566,2,0,0,2,0,376,564,2,231,55,8,34,0,22,1,1,139,69,13.9
Jaren Banks,129840,LB,E WASHGTON,9,17,0,70.6,0,1,161,0,0,54.5,51.7,83.5,49.9,52.6,45.5,0,1,0,1,35,17.1,13,0,1,113.0,12,0,0,412,2,162,464,24,0,0,24,0,1,440,28,274,22,23,46,3,17,1,3,151,80,12.6
Terreance Ellis,129845,LB,ALCORN ST,11,17,0,66.7,0,1,107,1,0,67.7,70.8,53.7,61.7,71.7,64.4,0,11,0,0,26,12.0,9,0,1,88.5,10,4,0,465,2,235,568,49,0,0,49,0,0,519,60,273,52,35,49,8,15,15,0,111,88,11.1
Diata Burns,130357,CB,ALAB A&M,9,3,0,56.4,0,0,104,0,0,53.4,54.2,84.1,,57.3,71.0,0,0,0,0,35,9.5,2,3,1,123.1,22,0,0,28,324,211,388,1,0,0,1,0,2,387,0,177,33,3,16,0,39,0,6,322,88,14.6
Elijah Eberhardt,130360,CB,ALAB A&M,10,1,0,38.9,0,0,104,0,0,56.1,55.3,13.3,57.4,59.0,28.9,0,0,0,1,58,38.5,5,1,4,78.5,7,0,0,6,240,188,289,4,0,0,4,0,1,285,2,99,38,3,7,1,18,0,3,119,29,17.0
Jack Wardzala,130391,DI,DAYTON,11,4,0,,0,0,150,0,0,,68.1,40.6,66.3,68.8,55.0,2,5,0,0,,10.0,1,0,1,0.0,0,1,0,0,0,0,190,190,17,165,0,8,0,0,114,76,0,3,5,1,0,8,0,0,0,
CJ Dunn,130551,DI,ALAB A&M,1,0,0,,0,0,104,0,0,,59.3,68.8,59.5,60.0,,0,0,0,0,,,0,0,0,0.0,0,0,0,0,0,0,2,2,0,0,2,0,0,0,1,1,0,0,0,0,0,0,0,0,0,
Jaelen Crider,130616,DI,YNGTOWN ST,9,5,0,,0,0,353,0,0,,71.6,81.0,64.4,72.9,76.6,0,3,0,0,,0.0,0,0,0,0.0,0,3,0,0,0,0,141,141,23,112,2,4,0,0,83,58,0,4,3,0,0,6,0,0,0,
Mat Freeman,131414,ED,INCAR WORD,2,1,0,,0,0,189,0,0,,68.0,76.8,61.9,67.7,77.4,0,0,0,0,,0.0,0,0,0,0.0,0,1,0,0,0,0,21,21,0,0,21,0,0,0,12,9,0,2,1,0,0,1,0,0,0,
Quincy Johnson,131445,S,MORGAN ST,6,2,0,,0,0,235,0,0,57.9,59.0,0.0,68.1,64.1,42.5,0,0,0,0,,33.3,2,0,1,0.0,0,1,0,14,0,16,59,4,0,0,4,0,40,55,3,40,0,1,2,0,0,1,0,0,0,
Jabar Triplett,131598,S,GRAMBLING,1,2,0,100.0,0,0,177,0,0,56.2,54.0,73.3,,53.0,29.4,0,0,0,0,6,37.5,3,0,0,91.7,1,0,0,23,0,13,38,0,0,0,0,0,13,38,0,25,2,0,3,0,1,0,0,6,8,6.0
Grady Liddell,131799,LB,CAL POLY,2,1,0,,0,0,129,0,0,62.1,69.5,71.0,,69.4,78.9,0,0,0,0,,0.0,0,0,0,0.0,0,0,0,17,1,5,20,0,0,0,0,0,1,20,0,15,1,1,2,0,0,0,0,0,0,
Rob Bonar,131848,LB,LAMAR,3,0,0,,0,0,204,0,0,60.2,54.7,69.8,,54.7,,0,0,0,0,,,0,0,0,0.0,0,0,0,8,0,2,8,0,0,0,0,0,0,8,0,6,0,0,0,0,0,0,0,0,0,
Marquise Freeman,131931,ED,CHATTNOOGA,6,2,0,,0,1,137,0,0,59.9,84.4,79.5,91.3,60.6,78.9,1,2,0,0,,0.0,0,0,0,0.0,0,1,0,3,0,2,39,36,0,0,36,0,0,3,18,19,0,1,2,0,0,4,0,0,0,
Alphonse Oywak,131949,CB,E WASHGTON,3,0,0,0.0,0,0,161,0,0,52.3,51.8,74.0,,56.0,74.2,0,0,0,0,,0.0,0,0,0,39.6,0,0,0,0,23,10,24,0,0,0,0,0,0,24,0,14,1,0,1,0,2,0,0,0,0,
Jaheim Lowe,132049,LB,TXAMEA,10,3,0,66.7,0,1,1139,1,0,69.0,74.3,0.0,73.1,75.9,71.9,0,3,0,0,12,8.3,1,1,1,82.6,2,1,0,120,1,62,132,2,0,0,2,0,0,130,5,65,9,5,8,0,3,4,0,18,3,9.0
Brice Bass,132404,ED,GARD-WEBB,13,8,2,100.0,0,1,171,0,0,61.7,67.5,48.5,66.3,66.9,69.1,2,17,0,0,3,7.4,2,0,2,79.2,1,1,0,1,0,0,478,477,0,12,259,206,0,1,275,203,0,12,17,2,1,20,0,3,0,3.0
Cashawn DeVaughn,132406,DI,GARD-WEBB,4,0,0,,0,0,171,0,0,,49.6,77.2,56.4,48.8,16.5,0,0,0,0,,100.0,1,0,0,0.0,0,0,0,0,0,0,34,34,18,16,0,0,0,0,15,19,0,0,0,0,0,0,0,0,0,
Ty French,132408,ED,GARD-WEBB,13,12,0,50.0,0,1,171,0,0,75.1,68.1,91.0,62.1,64.6,78.9,5,13,0,1,30,10.3,6,0,0,39.6,2,8,0,109,8,92,752,611,0,0,610,1,0,141,367,293,23,30,40,4,4,26,0,34,4,17.0
Charlie Jackson,132413,DI,GARD-WEBB,13,9,0,,0,0,171,1,0,44.8,72.1,88.7,67.4,73.1,76.8,2,14,0,0,,4.2,2,0,0,0.0,0,2,0,3,0,1,678,674,317,351,1,5,0,4,393,284,0,25,37,2,0,18,0,0,0,
William McRainey,132419,LB,GARD-WEBB,13,30,1,80.0,0,1,171,2,0,73.4,76.9,87.4,70.8,73.1,80.9,6,8,0,1,27,9.2,9,0,0,87.5,24,7,0,622,1,364,746,51,0,0,51,0,6,695,101,281,65,34,59,1,30,21,0,250,179,10.4
Raequan Ousley,132422,CB,GARD-WEBB,13,15,0,44.0,0,2,171,0,0,65.2,68.0,86.0,53.7,78.6,59.4,0,2,0,2,42,16.7,11,14,4,78.5,37,0,0,56,754,502,817,3,0,0,3,0,2,814,2,313,1,11,40,1,84,2,6,521,152,14.1
Christopher Richardson,132424,DI,GARD-WEBB,4,0,0,,0,0,171,0,0,,72.3,73.3,62.8,72.2,73.5,0,0,0,0,,0.0,0,0,0,0.0,0,1,0,0,0,0,22,22,1,14,0,7,0,0,11,11,0,2,2,0,0,1,0,0,0,
Kevon Angry,132430,CB,ALBANY,3,0,0,62.5,0,0,106,0,0,45.4,46.6,78.5,,56.6,60.1,0,0,0,0,42,14.3,1,1,0,94.8,5,0,0,2,97,54,99,0,0,0,0,0,0,99,0,45,0,1,6,0,8,0,0,78,6,15.6
Jaquarius Guinn,132436,DI,W CAROLINA,11,5,1,,1,0,344,1,0,64.6,64.5,64.8,67.0,59.9,73.2,1,10,0,0,,5.0,1,0,1,0.0,0,3,0,0,0,0,475,475,13,442,5,15,0,0,220,255,0,13,14,0,0,14,0,0,0,
Jacob Harris,132438,S,W CAROLINA,9,11,0,38.9,0,0,344,0,0,48.7,55.3,84.7,69.6,63.7,64.5,1,0,0,1,24,14.3,6,1,0,56.7,7,0,0,125,8,158,338,8,0,0,8,0,134,330,3,177,63,4,25,0,18,1,1,116,42,16.6
Chris Morgan,132445,DI,W CAROLINA,10,4,0,,0,0,344,0,0,60.0,71.2,82.8,63.6,72.1,65.7,1,0,0,0,,8.3,2,0,0,0.0,0,5,0,0,0,0,311,311,6,302,0,3,0,0,152,159,0,19,18,2,0,6,0,0,0,
Giovanni Ricciardi,132448,LB,W CAROLINA,5,1,0,,0,0,344,0,0,59.8,77.6,75.5,69.5,82.2,78.2,0,0,0,0,,0.0,0,0,0,0.0,0,1,0,34,0,11,36,0,0,0,0,0,0,36,1,24,0,2,1,0,0,1,0,0,0,
Skylin Thomas,132455,LB,W CAROLINA,4,0,0,83.3,0,0,344,0,0,63.5,60.0,75.4,70.1,49.1,66.3,0,0,0,0,20,11.1,1,0,0,131.3,5,1,0,28,0,27,50,2,0,0,2,0,0,48,2,21,20,7,8,1,6,1,1,36,20,7.2
Duncan Parham,133087,ED,CENT ARK,1,0,0,,0,0,132,0,0,,37.5,69.5,60.0,58.8,,0,0,0,0,,,0,0,0,0.0,0,0,0,0,0,0,3,3,0,0,3,0,0,0,1,2,0,0,0,0,0,0,0,0,0,
Baron Bradley,133214,WR,INCAR WORD,1,0,0,,0,0,189,0,0,,60.0,60.0,60.0,,,0,0,0,0,,,0,0,0,0.0,0,0,0,0,0,0,1,0,0,0,0,0,0,1,1,0,0,0,0,0,0,0,0,0,0,
Darion Chafin,133215,WR,INCAR WORD,1,0,0,0.0,0,0,189,0,0,60.0,60.0,63.7,,,,0,0,0,0,,,0,0,5,39.6,0,0,0,0,0,1,1,0,0,0,0,0,1,1,0,0,0,0,0,0,1,0,0,0,0,
Kaleb Culp,133217,S,INCAR WORD,14,14,0,60.0,0,1,189,0,0,75.1,76.6,88.3,58.2,75.6,78.7,0,1,0,0,25,8.7,8,2,1,108.1,15,1,0,122,6,355,714,15,0,0,15,0,526,699,13,346,45,16,70,3,25,2,2,176,65,11.7
Elliott Davison,133219,S,INCAR WORD,13,11,0,48.6,0,0,189,0,0,64.7,67.0,88.6,58.6,71.1,53.9,0,0,0,3,25,19.1,9,6,1,43.2,18,0,0,136,21,395,751,8,0,0,8,0,232,743,1,355,354,5,27,1,37,0,1,225,119,12.5
Tylan George,133221,LB,INCAR WORD,13,9,0,76.9,0,0,189,0,0,60.1,62.9,80.9,78.0,58.7,66.7,2,3,0,0,28,9.1,3,1,0,131.3,10,2,0,257,0,152,287,3,0,0,3,0,0,284,16,119,26,8,21,2,13,7,1,123,55,12.3
Blaine Hoover,133224,DI,TARLETON,11,18,1,,0,0,401,0,0,58.4,70.1,83.2,60.0,74.3,77.4,0,11,0,0,,4.4,2,0,0,0.0,0,3,0,0,0,0,499,499,1,182,73,243,0,0,240,259,0,20,25,3,0,14,0,0,0,
Tah Banda,133231,LB,INCAR WORD,9,6,0,52.9,0,0,189,0,0,57.4,53.9,24.8,78.0,47.8,32.9,0,7,0,0,23,26.8,11,0,2,84.7,9,1,0,266,1,126,303,5,0,0,5,0,1,298,17,160,29,14,24,2,17,8,1,77,57,8.6
Kailan Noseff,133236,WR,INCAR WORD,1,0,0,,0,0,189,0,0,,60.0,60.0,,60.0,,0,0,0,0,,,0,0,0,0.0,0,0,0,0,0,0,1,0,0,0,0,0,0,1,0,1,0,0,0,0,0,0,0,0,0,
Royce Wellington,133245,DI,INCAR WORD,14,4,0,,0,0,189,0,0,,66.4,84.8,60.3,67.5,27.0,0,4,0,0,,25.0,5,0,0,0.0,0,2,0,0,0,0,394,394,96,291,0,7,0,0,193,201,0,12,11,2,0,6,0,0,0,
Anas Luqman,133626,ED,ARKAPB,11,5,0,100.0,0,2,112,1,0,70.8,67.6,51.5,74.0,56.6,69.4,1,7,0,0,0,13.3,2,0,1,79.2,1,6,0,1,0,5,243,234,0,5,199,30,0,9,119,119,8,10,8,2,1,14,0,0,0,0.0
Joshua Thornhill,133881,S,BETH COOK,6,6,0,100.0,0,0,119,0,0,49.6,61.3,80.1,,77.2,81.7,0,0,0,0,21,5.0,1,0,0,158.3,5,0,0,46,1,50,111,0,0,0,0,0,48,111,0,61,15,3,13,1,5,0,1,64,15,12.8
Brenden Dye,134274,LB,LNDNWD,4,2,0,,0,0,949,0,0,54.4,60.3,74.9,,65.8,79.8,0,0,0,0,,0.0,0,0,0,0.0,0,0,0,30,0,13,32,0,0,0,0,0,0,32,0,19,2,0,3,0,0,0,0,0,0,
Emaud Triplett,134275,ED,LNDNWD,1,0,0,100.0,0,0,949,0,0,60.0,60.2,76.5,61.9,67.1,28.2,0,2,0,0,-4,33.3,1,0,0,79.2,1,0,0,0,0,0,34,34,0,2,24,8,0,0,21,13,0,1,2,0,1,2,0,-4,0,-4.0
Matt Bigley,134721,LB,SE MO ST,1,0,0,,0,0,293,0,0,,63.8,67.3,,62.0,,0,0,0,0,,,0,0,0,0.0,0,0,0,3,0,0,3,0,0,0,0,0,0,3,0,3,0,0,0,0,0,0,0,0,0,
Micah Fann,134724,ED,N ALABAMA,10,0,0,,0,0,389,0,0,60.0,65.2,32.3,62.6,67.4,80.8,2,2,0,0,,0.0,0,0,1,0.0,0,0,0,4,0,1,150,146,0,8,102,36,0,4,66,83,0,6,9,2,0,4,0,0,0,
LaWilliam Holmes,134729,DI,SE MO ST,9,10,0,,0,0,293,1,0,57.2,62.6,83.0,58.3,65.0,48.9,0,10,0,0,,17.9,5,0,0,0.0,0,2,0,0,0,0,323,322,51,169,9,93,0,1,184,139,0,10,13,1,0,12,0,0,0,
Isaiah Hunt,134731,DI,PRVIEW A&M,10,1,0,,0,0,270,0,0,60.0,57.2,0.0,62.9,59.5,43.3,0,2,0,0,,25.0,1,0,2,0.0,0,0,0,0,0,0,117,117,46,68,1,2,0,0,67,50,0,2,2,1,0,2,0,0,0,
Johnny King,134733,WR,SE MO ST,1,0,0,,1,0,293,0,0,60.8,60.4,65.8,,,,0,0,0,0,,,0,0,1,0.0,0,0,0,0,0,2,2,0,0,0,0,0,2,2,0,0,0,0,0,0,0,0,0,0,0,
Steven Lewis,134735,DI,SE MO ST,12,10,1,,0,0,293,0,0,64.9,73.1,84.7,57.4,78.9,78.4,0,7,0,0,,3.2,1,0,0,0.0,0,1,0,0,0,0,446,445,64,244,33,104,0,1,252,194,0,17,20,3,0,8,0,0,0,
Jacob Morrissey,134736,LB,SE MO ST,10,6,0,77.8,0,0,293,0,0,49.9,55.6,0.0,70.6,62.7,62.6,2,2,0,0,13,13.0,3,0,1,94.0,7,1,0,158,0,96,171,1,0,0,1,0,1,170,13,62,10,11,14,0,9,5,0,59,55,8.4
Tyler Nelome,134737,CB,SE MO ST,10,5,0,33.3,0,0,293,0,0,65.7,69.0,83.4,65.7,76.6,72.0,0,1,0,1,44,9.5,2,3,2,47.2,11,1,0,68,311,220,399,2,0,0,2,0,15,397,6,173,1,5,14,0,33,2,1,157,28,14.3
Dony'e Taylor,134747,S,SE MO ST,8,2,0,80.0,0,0,293,0,0,65.1,61.9,81.9,,51.2,49.0,0,0,0,0,28,21.1,4,1,0,142.9,8,0,0,98,2,131,209,0,0,0,0,0,59,209,0,78,49,3,13,0,10,0,1,103,17,12.9
Keilyn Tyus,134748,ED,SE MO ST,9,1,2,66.7,0,0,293,0,0,56.1,57.8,86.6,56.8,59.9,45.4,0,5,0,0,20,23.1,3,0,0,80.6,4,1,0,15,0,39,194,157,0,0,157,0,0,37,82,73,22,4,9,0,6,6,0,33,29,8.3
Gianini Belizaire,134754,DI,INDIANA ST,11,6,0,,0,1,191,0,0,63.1,71.9,85.3,66.1,70.6,66.6,3,11,0,0,,6.1,2,0,0,0.0,0,5,0,0,0,0,599,598,24,547,7,20,0,1,283,316,0,20,25,4,0,19,0,0,0,
Devin Love,134766,DI,S ILLINOIS,8,0,0,,0,0,295,0,0,,54.4,78.6,56.3,53.2,,0,0,0,0,,,0,0,0,0.0,0,0,0,0,0,0,87,87,18,68,0,1,0,0,57,30,0,0,0,0,0,0,0,0,0,
Dre Newman,134767,CB,S ILLINOIS,2,0,0,,0,0,295,0,0,64.2,64.8,70.0,,60.0,,0,0,0,0,,,0,0,0,0.0,0,0,0,0,7,6,7,0,0,0,0,0,0,7,0,1,0,0,0,0,0,0,0,0,0,
Peyton Reeves,134769,DI,S ILLINOIS,10,1,0,,0,0,295,0,0,,68.6,80.9,68.5,65.1,52.6,0,1,0,0,,28.6,2,0,0,0.0,0,0,0,0,0,0,128,128,52,73,0,3,0,0,58,70,0,3,4,0,0,1,0,0,0,
Jeffrey Wells,134774,CB,S ILLINOIS,3,0,0,0.0,0,0,295,0,0,74.9,67.0,0.0,,61.4,,0,0,0,0,,,0,1,1,39.6,0,0,0,3,0,8,14,0,0,0,0,0,0,14,0,6,11,0,0,0,1,0,0,0,0,
Jorim Powell,136819,WR,N ARIZONA,2,0,0,,0,0,252,0,0,,60.0,60.0,60.0,60.0,,0,0,0,0,,,0,0,0,0.0,0,0,0,0,0,0,2,0,0,0,0,0,0,2,1,1,0,0,0,0,0,0,0,0,0,
Khaylon Chapple,136823,LB,MCNEESE,1,0,0,,0,0,217,0,0,60.0,29.7,69.6,,36.3,,0,0,0,0,,,0,0,0,0.0,0,0,0,1,1,1,4,2,0,0,2,0,0,2,0,3,0,0,0,0,0,0,0,0,0,
Tremayne Evans,136826,CB,MCNEESE,1,1,0,50.0,0,0,217,0,0,60.3,61.7,70.6,,62.9,78.5,0,0,0,0,20,0.0,0,0,0,85.4,1,0,0,1,13,10,15,0,0,0,0,0,0,15,0,5,0,0,2,0,2,0,0,20,3,20.0
Severyn Foster,136827,WR,MCNEESE,1,0,0,,0,0,217,0,0,,60.0,60.0,,60.0,,0,0,0,0,,,0,0,0,0.0,0,0,0,0,0,0,1,0,0,0,0,0,0,1,0,1,0,0,0,0,0,0,0,0,0,
Accord Green,136829,DI,MCNEESE,11,5,2,,0,0,217,1,0,55.2,68.8,83.8,62.7,70.7,39.4,3,9,0,0,,21.1,8,0,0,0.0,0,1,0,0,0,3,489,486,0,268,28,190,0,3,224,262,1,19,25,2,0,13,0,0,0,
Grayson Mays,136835,ED,MCNEESE,11,2,0,,0,0,217,0,0,63.0,64.7,11.2,55.5,70.6,79.8,0,2,0,0,,0.0,0,0,1,0.0,0,0,0,38,1,9,101,61,0,0,61,0,0,40,23,69,1,0,3,0,0,2,0,0,0,
Rae'kwon Starks,136840,CB,MCNEESE,7,1,0,85.7,0,0,217,0,0,54.6,56.9,79.5,,65.5,29.9,0,0,0,0,89,20.0,2,0,0,158.3,6,0,0,11,143,71,155,0,0,0,0,0,0,155,0,84,1,1,7,0,7,0,2,226,73,37.7
Leon Young,136847,DI,TXAMEA,11,5,0,,1,0,1139,0,0,67.8,82.2,23.7,77.1,82.9,64.6,6,11,0,0,,11.5,3,0,3,0.0,0,3,0,0,1,1,406,403,27,353,6,17,0,3,224,181,0,17,18,3,0,20,0,0,0,
Donovan Banks,136849,S,TARLETON,11,11,0,73.2,0,1,401,0,0,76.9,80.8,89.8,77.0,82.5,75.0,0,1,2,4,35,9.4,5,2,2,103.5,30,1,0,81,2,381,695,12,0,0,12,0,335,683,7,307,265,13,37,4,41,2,5,398,142,13.3
Anthony Bonilla,136853,TE,TARLETON,1,0,0,,0,0,401,0,0,,60.0,60.0,,60.0,,0,0,0,0,,,0,0,0,0.0,0,0,0,0,0,0,1,0,0,0,0,0,0,1,0,1,0,0,0,0,0,0,0,0,0,
Markel Clark,136862,LB,TARLETON,6,3,0,75.0,1,0,401,0,0,60.3,70.4,0.0,79.9,67.3,46.3,1,5,0,0,9,25.0,2,0,1,84.4,3,1,0,8,0,19,81,40,0,0,39,1,0,41,29,33,33,2,3,0,4,7,0,19,15,6.3
Tayvis Coleman,136864,CB,TARLETON,7,2,0,60.0,0,0,401,0,0,65.0,65.9,80.8,73.8,60.5,28.7,0,0,0,1,72,20.0,3,2,0,96.2,9,1,0,5,176,111,184,1,0,0,1,0,1,183,2,71,0,2,10,0,15,1,1,179,52,19.9
Bryson Collins,136865,LB,TARLETON,10,13,0,57.1,0,2,401,0,0,73.8,71.5,35.5,58.7,71.2,73.9,1,7,0,0,21,9.3,4,1,1,68.8,8,1,0,313,0,150,349,35,0,0,35,0,0,314,66,133,1,14,26,2,14,9,0,64,66,8.0
Greg Eggleston Jr.,136871,CB,TARLETON,1,0,0,,0,0,401,0,0,71.4,72.6,69.9,,60.0,74.2,0,0,0,0,,0.0,0,0,0,0.0,0,0,0,0,7,5,7,0,0,0,0,0,0,7,0,2,0,1,1,0,0,0,0,0,0,
Marsean Fisher,136873,LB,TARLETON,1,0,0,,0,0,401,0,0,,60.0,60.0,,60.0,,0,0,0,0,,,0,0,0,0.0,0,0,0,0,0,0,1,0,0,0,0,0,0,1,0,1,0,0,0,0,0,0,0,0,0,
D.J. Harris,136881,LB,TARLETON,9,16,0,92.3,0,0,401,0,0,48.7,55.2,79.4,68.0,56.6,72.6,1,4,0,0,38,9.7,7,0,1,118.8,12,1,0,315,0,146,391,33,0,0,33,0,0,358,32,213,43,25,49,4,13,6,0,171,108,14.3
Zech Hopkins,136887,ED,TARLETON,7,3,0,100.0,0,0,401,0,0,31.5,56.8,84.2,56.0,76.1,36.4,0,6,0,0,16,26.7,4,0,0,104.2,3,0,0,26,1,12,102,72,0,0,72,0,0,30,57,33,3,5,8,0,3,6,0,27,30,9.0
Jaicorious Johnson,136891,DI,TARLETON,5,1,0,,0,0,401,0,0,60.0,58.7,79.4,64.8,52.7,41.0,0,2,0,0,,16.7,1,0,0,0.0,0,0,0,0,0,0,69,69,38,11,6,14,0,0,38,31,0,2,4,0,0,2,0,0,0,
Josh Kemp,136895,CB,TARLETON,11,2,0,65.0,1,0,401,0,0,59.2,60.7,83.7,58.0,66.2,79.6,0,2,1,1,44,7.1,1,3,1,123.1,13,1,0,37,59,105,186,31,0,0,31,0,7,155,22,59,52,5,11,1,20,3,3,231,50,17.8
Robert Rios,136904,DI,TARLETON,10,6,0,,0,0,401,0,0,60.9,58.2,80.7,63.7,51.7,48.6,1,6,0,0,,15.4,2,0,0,0.0,0,1,0,0,0,0,178,178,39,53,9,77,0,0,79,99,0,4,5,1,0,8,0,0,0,
Makody Robertson,136906,DI,TARLETON,11,8,0,,0,0,401,0,0,84.8,68.1,2.7,61.1,72.8,80.8,2,6,0,0,,0.0,0,0,4,0.0,0,0,0,1,0,0,316,315,250,59,2,4,0,1,158,158,0,10,12,1,0,8,0,0,0,
Zach Strong,136913,ED,TARLETON,11,4,0,80.0,2,0,401,1,0,65.2,63.3,13.3,55.3,75.2,81.1,0,10,0,0,7,3.8,1,0,3,80.8,4,1,0,33,1,32,343,286,0,0,285,1,0,57,174,137,22,15,21,2,5,11,0,17,9,4.3
Todd Tillis,136916,DI,TARLETON,1,0,0,,0,0,401,0,0,,47.8,68.3,59.2,52.2,,0,0,0,0,,,0,0,0,0.0,0,0,0,0,0,0,5,5,0,3,0,2,0,0,1,4,0,0,0,0,0,0,0,0,0,
Rawley Vaughn,136921,DI,TARLETON,7,2,0,,0,0,401,0,0,,49.9,78.4,55.7,48.3,76.3,0,1,0,0,,0.0,0,0,0,0.0,0,0,0,0,0,0,105,105,0,54,1,50,0,0,42,63,0,2,3,0,0,1,0,0,0,
Antwoine Ware,136926,WR,TARLETON,1,0,0,,0,0,401,0,0,,60.0,60.0,,60.0,,0,0,0,0,,,0,0,0,0.0,0,0,0,0,0,0,1,0,0,0,0,0,0,1,0,1,0,0,0,0,0,0,0,0,0,
Darian Williams,136930,LB,TARLETON,2,1,0,50.0,0,0,401,1,0,52.9,54.9,76.2,78.5,46.5,77.6,1,2,0,0,30,0.0,0,1,1,77.1,2,1,0,62,0,28,67,5,0,0,5,0,0,62,9,30,0,1,1,0,4,4,0,32,29,16.0
Branden Coleman,137434,CB,WAGNER,8,4,0,61.1,0,1,338,0,0,61.3,56.6,0.0,,49.9,58.3,0,0,0,0,43,16.0,4,1,3,138.0,11,0,0,35,289,141,330,5,0,0,5,0,0,325,0,189,1,4,17,1,18,0,3,196,49,17.8
Cedarius Doss,137990,CB,AUSTINPEAY,8,3,0,44.4,0,0,116,0,0,60.9,66.4,83.0,89.1,74.5,89.9,0,0,0,1,44,0.0,0,2,0,75.9,20,2,0,16,310,184,330,0,0,0,0,0,3,330,7,139,1,10,21,2,45,2,2,337,92,16.9
Colin Bohanek,137996,LB,E ILLINOIS,11,22,0,81.3,0,1,158,0,0,59.3,61.9,81.9,65.0,61.7,43.6,3,5,0,2,37,20.6,21,2,0,72.4,26,1,0,656,0,356,704,10,0,0,9,1,4,694,42,306,32,37,59,7,32,9,0,244,159,9.4
Logan Brown,137998,LB,E ILLINOIS,1,0,0,,0,0,158,0,0,,60.0,62.1,,60.0,,0,0,0,0,,,0,0,0,0.0,0,0,0,1,0,0,1,0,0,0,0,0,0,1,0,1,0,0,0,0,0,0,0,0,0,
Russell Dandy,138002,CB,E ILLINOIS,4,2,0,52.9,0,0,158,0,0,57.6,59.8,80.4,71.3,62.7,64.7,1,0,0,0,30,13.3,2,2,1,106.0,9,0,0,19,153,84,180,2,0,0,2,0,0,178,3,93,6,2,11,0,17,1,1,164,74,18.2
Kaelin Drakeford,138003,S,E ILLINOIS,4,3,0,57.1,0,0,158,0,0,59.3,57.4,79.7,,53.6,45.6,0,0,0,0,52,23.8,5,2,1,126.2,4,0,0,57,0,72,135,0,0,0,0,0,61,135,0,63,17,6,13,0,7,0,1,62,41,15.5
Jaron Hacha,138008,DI,E ILLINOIS,5,0,0,,0,0,158,0,0,,63.5,79.3,56.7,64.5,71.9,0,0,0,0,,0.0,0,0,0,0.0,0,0,0,0,0,0,56,56,31,25,0,0,0,0,19,37,0,2,2,0,0,0,0,0,0,
Tyris Harvey,138009,CB,E ILLINOIS,10,4,0,58.8,0,0,158,0,0,63.4,66.0,85.5,57.7,76.5,59.9,0,0,0,2,49,17.1,7,5,2,88.8,30,0,0,52,530,356,603,7,0,0,7,0,0,596,11,236,12,8,30,3,51,0,4,341,120,11.4
Jordan Miles,138017,ED,E ILLINOIS,10,4,0,50.0,0,0,158,1,0,68.8,69.9,88.0,67.1,65.7,54.1,3,9,0,0,12,19.0,4,0,0,63.5,2,3,0,15,1,26,342,320,0,6,305,9,0,22,186,130,5,12,13,4,4,15,0,19,8,9.5
Trey Shaw III,138024,CB,E ILLINOIS,4,1,0,100.0,0,0,158,0,0,52.7,51.8,0.0,59.7,64.1,82.6,0,0,0,0,13,0.0,0,0,1,105.0,5,0,0,8,1,20,42,2,0,0,2,0,0,40,2,20,31,3,5,0,5,0,0,46,28,9.2
Drake Van Hyfte,138029,DI,E ILLINOIS,4,0,0,,0,0,158,0,0,,63.9,73.9,62.7,60.0,,0,0,0,0,,100.0,1,0,0,0.0,0,0,0,0,0,0,17,17,10,7,0,0,0,0,16,1,0,0,0,0,0,0,0,0,0,
Jordan Vincent,138030,S,E ILLINOIS,11,13,0,64.9,0,1,158,0,0,41.6,49.8,88.4,56.0,63.3,53.9,0,1,0,3,49,15.2,16,2,2,97.9,24,0,0,215,3,396,747,20,0,0,20,0,400,727,17,334,107,27,76,4,37,1,4,351,126,14.6
Dylan Appleton,138035,S,MURRAY ST,11,13,0,55.0,0,0,236,0,0,76.8,70.4,22.6,,57.4,48.8,0,0,0,1,33,21.4,9,3,2,59.2,11,0,0,136,3,190,340,0,0,0,0,0,119,340,0,150,81,5,20,0,20,0,0,154,98,14.0
Jamari Dailey,138038,S,MURRAY ST,11,16,0,64.3,0,1,236,0,0,53.4,50.2,82.9,59.1,46.4,64.2,0,0,0,0,37,15.0,9,2,0,139.3,9,0,0,192,3,175,369,1,0,0,1,0,127,368,3,191,46,8,35,3,14,0,2,148,61,16.4
Chris Hill Jr.,138043,LB,MURRAY ST,11,1,0,50.0,0,0,236,0,0,72.0,67.1,87.0,56.9,61.4,46.1,1,4,0,0,14,21.1,4,1,0,60.8,6,0,0,64,2,98,301,100,0,0,100,0,0,201,40,163,135,5,14,0,12,5,0,49,29,8.2
Andrew Long,138048,ED,MURRAY ST,11,9,0,100.0,0,1,236,0,0,70.9,62.1,50.9,62.7,57.7,43.1,0,9,0,0,6,24.4,10,0,1,81.3,2,2,0,69,2,38,322,238,0,0,238,0,0,84,114,170,12,15,22,2,2,11,0,7,14,3.5
Davontae McKee,138050,CB,MURRAY ST,8,4,0,48.7,0,0,236,0,0,57.3,58.3,82.7,50.1,64.1,82.0,0,0,0,0,39,4.0,1,3,1,95.0,19,0,0,34,295,179,352,0,0,0,0,0,0,352,4,169,23,5,20,2,39,0,3,250,72,13.2
Lawaun Powell,138053,LB,MURRAY ST,11,14,0,44.4,1,0,236,0,0,58.9,50.6,0.0,70.8,44.9,66.3,3,7,0,0,23,16.3,8,1,3,65.0,4,3,0,325,3,149,360,23,0,1,22,0,1,337,40,171,8,16,27,4,9,13,0,56,17,14.0
Cade Shupperd,138055,ED,MURRAY ST,11,7,1,70.0,0,0,236,0,0,63.6,74.0,69.5,73.1,72.5,63.0,2,15,0,0,12,14.3,6,1,1,81.7,7,5,0,65,1,65,482,389,0,0,389,0,0,93,208,209,27,25,29,5,10,22,0,51,31,7.3
Shug Walker,138060,LB,MURRAY ST,11,7,0,100.0,1,0,236,0,0,68.7,51.6,0.0,59.9,43.2,53.6,1,8,0,0,39,21.2,7,0,2,155.4,5,1,0,118,1,42,211,85,0,0,85,0,0,126,72,97,6,13,19,1,5,10,1,59,41,11.8
Detoye Adewole,138065,DI,TENN STATE,11,8,1,,0,0,308,0,0,60.0,52.4,58.2,59.5,50.1,28.8,2,5,0,0,,29.2,7,0,1,0.0,0,1,0,1,0,0,320,319,35,187,79,18,0,1,153,167,0,7,9,3,0,8,0,0,0,
Kenyon Andrews,138067,LB,TENN STATE,5,1,0,33.3,0,0,308,0,0,65.9,63.6,74.5,73.6,51.5,49.9,0,2,0,0,13,25.0,2,0,0,42.4,2,0,0,49,1,39,65,7,0,0,7,0,0,58,5,21,7,3,5,1,6,2,0,13,3,6.5
Tre Boone III,138069,HB,TENN STATE,1,0,0,,0,0,308,1,1,,60.0,60.0,,60.0,,0,0,0,0,,,0,0,0,0.0,0,0,0,0,0,0,1,0,0,0,0,0,0,1,0,1,0,0,0,0,0,0,0,0,0,
Darius Harper,138077,CB,TENN STATE,8,3,0,52.0,0,0,308,1,0,74.6,74.8,87.6,68.8,69.6,66.1,0,1,1,2,29,14.8,4,1,1,57.8,13,0,0,18,61,208,425,2,0,0,2,0,0,423,4,213,343,13,20,1,25,1,2,114,69,8.8
Kendall Johnson,138081,ED,TENN STATE,11,3,1,100.0,0,1,308,0,0,65.5,64.2,86.8,59.1,64.1,60.3,4,9,0,0,7,18.2,4,0,0,95.8,1,1,0,1,0,1,367,366,0,4,340,22,0,1,190,176,0,11,15,2,1,14,0,7,5,7.0
Marcellious Lockett,138087,S,TENN STATE,7,2,0,77.8,0,0,308,0,0,45.7,48.6,81.5,60.0,55.9,25.4,0,0,0,0,52,35.3,6,0,0,155.8,7,0,0,55,0,84,168,0,0,0,0,0,81,168,1,83,32,1,9,1,9,0,1,126,84,18.0
Ahmad Nelson,138090,LB,TENN STATE,3,0,0,,0,0,308,0,0,50.3,45.1,72.7,,55.6,,0,0,0,0,,,0,0,0,0.0,0,0,0,20,0,18,21,0,0,0,0,0,0,21,0,3,0,0,0,0,0,0,0,0,0,
Chris Walker,138100,ED,TENN STATE,11,6,0,,0,1,308,0,0,,74.3,17.6,74.5,73.1,63.3,1,7,0,0,,12.5,3,0,2,0.0,0,1,0,0,0,0,194,194,0,0,180,14,0,0,102,92,0,12,15,2,0,9,0,0,0,
Kanstin Brooks,138109,DI,TENN TECH,11,5,0,,0,1,309,0,0,,57.5,83.0,62.6,52.8,64.1,1,4,0,0,,10.0,1,0,0,0.0,0,1,0,0,0,0,272,271,14,253,0,4,0,1,140,132,0,4,4,0,0,6,0,0,0,
Jy Gilmore,138115,CB,TENN TECH,8,7,0,62.5,0,0,309,0,0,71.1,72.9,0.0,60.8,86.2,64.0,0,0,0,0,55,13.3,6,5,3,114.1,30,1,0,33,417,249,474,4,0,0,4,0,0,470,2,223,18,15,32,3,48,1,4,371,121,12.4
Dominic Howard,138122,S,TENN TECH,7,5,0,33.3,0,0,309,0,0,62.0,61.5,86.8,71.7,55.7,64.1,2,0,0,0,69,10.5,2,2,0,99.6,5,1,0,71,0,124,244,0,0,0,0,0,72,244,1,119,99,2,12,0,15,3,1,171,48,34.2
Daniel Rickert,138135,ED,TENN TECH,4,2,0,,1,0,309,0,0,61.1,63.9,30.2,61.7,66.1,58.0,7,4,0,0,,20.0,3,0,1,0.0,0,3,0,0,0,1,134,133,0,0,122,11,0,1,74,59,0,7,10,1,0,14,0,0,0,
Slayde Simmons,138138,LB,TENN TECH,3,0,0,,0,0,309,0,0,61.6,54.5,66.2,,53.3,25.6,0,0,0,0,,50.0,1,0,0,0.0,0,0,0,5,1,3,6,0,0,0,0,0,0,6,0,3,0,1,1,0,0,0,0,0,0,
Devin Squires,138139,ED,TENN TECH,9,4,0,,0,0,309,0,0,63.8,61.1,81.8,56.8,61.9,59.1,0,5,0,0,,15.0,3,0,0,0.0,0,3,0,0,0,8,195,186,0,0,137,49,8,9,87,100,0,12,13,2,0,8,0,0,0,
Nyquan Washington,138141,CB,TENN TECH,6,6,0,66.7,0,0,309,0,0,68.5,72.3,81.8,,84.5,83.0,0,0,0,1,40,3.7,1,1,0,90.8,14,0,0,33,271,158,309,0,0,0,0,0,1,309,0,151,4,3,20,0,21,0,1,187,45,13.4
Jacorrian Wrenn,138144,DI,TENN TECH,11,11,1,,0,0,309,0,0,62.3,67.8,31.0,66.4,67.8,65.1,1,7,0,0,,7.4,2,0,2,0.0,0,2,0,0,0,0,330,329,29,294,0,6,0,1,174,156,0,12,14,0,0,10,0,0,0,
Alex Andre,138145,S,TENN MARTN,1,0,0,,0,0,310,0,0,60.0,61.8,70.4,,60.0,,0,0,0,0,,,0,0,0,0.0,0,0,0,0,0,1,3,2,0,0,2,0,0,1,0,2,1,0,0,0,0,0,0,0,0,
Oshae Baker,138147,CB,TENN MARTN,10,7,0,56.8,0,0,310,1,0,64.6,67.5,86.4,60.0,74.2,40.9,0,1,1,1,66,24.5,13,5,0,98.7,21,0,0,115,175,313,570,6,0,0,6,0,134,564,1,256,140,13,33,4,37,1,3,298,126,14.2
Giovanni Davis,138152,ED,TENN MARTN,10,5,1,50.0,0,1,310,0,0,78.7,75.2,88.1,74.3,63.0,77.7,3,7,0,1,88,6.3,1,1,0,95.8,2,2,0,32,1,65,313,264,1,13,248,2,0,49,123,125,16,11,10,1,4,12,1,88,87,44.0
Daylan Dotson,138154,ED,TENN MARTN,11,13,0,100.0,1,4,310,2,1,59.2,75.5,53.2,73.5,74.0,29.6,9,30,0,0,11,29.4,15,0,3,112.5,1,8,0,17,0,7,613,596,2,73,156,365,0,17,323,283,0,25,23,4,1,47,0,11,15,11.0
Antonio Jackson,138167,S,TENN MARTN,1,0,0,,0,0,310,0,0,60.0,60.4,63.8,,,,0,0,0,0,,,0,0,0,0.0,0,0,0,0,1,1,1,0,0,0,0,0,0,1,0,0,0,0,0,0,0,0,0,0,0,
Tyson Strickland,138186,DI,TENN MARTN,7,0,0,,0,0,310,0,0,,64.8,75.6,54.9,71.7,69.7,0,0,0,0,,0.0,0,0,0,0.0,0,0,0,0,0,0,32,32,17,9,0,6,0,0,21,11,0,0,1,0,0,0,0,0,0,
Shamari Weir,138188,LB,TENN MARTN,3,0,0,,0,0,310,0,0,62.0,63.0,72.2,,60.0,,0,1,0,0,,,0,0,0,0.0,0,0,0,0,1,3,5,4,0,0,4,0,0,1,0,2,0,0,0,0,0,1,0,0,0,
LaVoise-Deontae McCoy,138192,LB,ILL STATE,11,10,1,66.7,0,0,188,0,0,54.9,47.1,42.6,58.5,44.6,46.3,1,3,0,0,39,20.0,11,0,1,91.3,10,0,0,420,0,169,448,18,0,0,18,0,0,430,51,228,10,20,34,2,15,4,0,121,96,12.1
Darius Walker,138196,LB,ILL STATE,3,1,0,,0,0,188,0,0,60.0,70.2,73.0,,69.8,76.0,0,0,0,0,,0.0,0,0,0,0.0,0,0,0,18,0,1,19,0,0,0,0,0,0,19,0,18,1,1,1,0,0,0,0,0,0,
Jeff Bowens,138200,CB,ILL STATE,11,3,0,48.3,0,0,188,0,0,64.1,65.6,26.2,60.0,74.7,80.3,0,0,1,2,53,5.7,2,1,3,56.4,14,0,0,6,391,236,402,5,0,0,5,0,0,397,1,165,0,5,30,0,29,0,1,218,41,15.6
D'Marco Cross,138204,DI,ILL STATE,9,3,0,,0,0,188,0,0,,69.2,76.2,63.9,68.6,77.3,0,3,0,0,,0.0,0,0,0,0.0,0,1,0,0,0,0,72,72,0,27,1,44,0,0,24,48,0,3,2,0,0,4,0,0,0,
Dillon Gearhart,138206,S,ILL STATE,11,12,0,65.2,0,0,188,0,0,64.1,67.3,20.6,75.6,70.5,80.2,1,6,0,1,51,10.9,7,2,2,88.3,15,4,0,174,0,317,680,36,0,0,36,0,212,644,28,335,258,15,45,2,23,11,1,196,84,13.1
Keondre Jackson,138208,S,ILL STATE,11,12,0,75.0,0,0,188,0,0,87.0,82.7,85.9,63.6,70.4,72.5,2,0,0,1,11,11.9,5,1,0,78.1,3,0,0,106,3,211,416,15,0,0,15,0,271,401,7,198,21,8,25,3,4,2,1,13,7,4.3
Darrell Talley III,138215,ED,ILL STATE,3,0,0,,0,0,188,0,0,60.0,70.9,76.1,67.0,67.7,75.1,0,1,0,0,,0.0,0,0,0,0.0,0,0,0,0,0,1,14,11,0,0,11,0,0,3,2,11,3,0,1,0,0,1,0,0,0,
Brandon Benjamin,138223,HB,W CAROLINA,1,0,0,,0,0,344,0,0,,69.3,60.0,,66.8,68.4,0,0,0,0,,0.0,0,0,0,0.0,0,0,0,0,0,0,1,0,0,0,0,0,0,1,0,1,0,1,1,1,0,0,0,0,0,
Richard Agyekum,138228,CB,N DAKOTA,8,2,0,100.0,0,0,249,0,0,60.2,59.7,79.1,,56.2,27.8,0,0,0,0,33,44.4,4,0,0,118.1,9,0,0,11,121,72,137,0,0,0,0,0,0,137,0,65,5,0,3,0,9,0,0,111,82,12.3
Ethan Ball,138229,S,N DAKOTA,12,4,0,60.0,0,0,249,0,0,45.2,52.5,85.7,46.9,73.4,62.1,0,1,0,0,25,17.9,5,0,0,117.5,9,0,0,74,1,153,276,2,0,0,2,0,120,274,2,121,79,8,19,0,15,1,4,93,34,10.3
Bo Belquist,138230,WR,N DAKOTA,1,0,0,,0,0,249,0,0,,60.1,60.0,,60.0,,0,0,0,0,,,0,0,0,0.0,0,0,0,0,0,0,1,0,0,0,0,0,0,1,0,1,0,0,0,0,0,0,0,0,0,
Dylan Boecker,138231,ED,N DAKOTA,5,1,0,100.0,0,0,249,0,0,58.2,55.5,80.1,63.3,48.9,44.3,0,1,0,0,8,33.3,1,0,0,95.8,2,1,0,5,0,10,42,26,0,0,26,0,0,16,13,19,11,1,1,0,2,2,0,14,6,7.0
Kason Kelley,138240,LB,N DAKOTA,12,12,0,91.7,0,0,249,0,0,51.5,61.1,25.7,63.4,67.7,66.1,0,4,0,0,32,13.0,7,0,1,146.5,11,1,0,265,0,92,288,8,0,0,7,1,0,280,35,161,14,18,35,1,12,5,1,166,88,15.1
Tommy Kimball,138242,LB,N DAKOTA,2,1,0,,0,0,249,0,0,60.4,82.4,67.2,61.9,67.2,73.6,0,0,0,0,,0.0,0,0,0,0.0,0,0,0,4,0,2,4,0,0,0,0,0,0,4,1,1,0,0,0,0,0,0,0,0,0,
Devon Krzanowski,138244,LB,N DAKOTA,12,19,0,100.0,0,0,249,1,0,51.5,52.7,9.1,67.6,52.8,49.8,2,7,0,0,28,18.9,14,0,2,129.2,14,3,0,455,1,168,489,13,1,1,11,0,0,476,75,246,20,26,41,2,14,12,1,130,94,9.3
Craig Orlando,138249,DI,N DAKOTA,12,6,0,,0,0,249,0,0,58.3,53.6,50.5,52.9,56.6,29.1,1,0,0,0,,25.0,3,0,1,0.0,0,0,0,0,0,0,238,238,108,120,4,6,0,0,109,129,0,3,3,0,0,1,0,0,0,
Wyatt Pedigo,138250,LB,N DAKOTA,11,15,0,70.8,0,0,249,0,0,76.2,58.1,81.4,70.1,35.7,43.4,1,3,0,2,67,23.0,17,1,0,83.9,17,3,0,381,0,194,429,7,0,0,7,0,0,422,53,182,41,22,42,2,24,7,1,251,143,14.8
Jack Wright,138262,WR,N DAKOTA,1,0,0,,0,0,249,0,0,,60.1,60.0,,60.0,,0,0,0,0,,,0,0,0,0.0,0,0,0,0,0,0,1,0,0,0,0,0,0,1,0,1,0,0,0,0,0,0,0,0,0,
Ben Belken,138271,LB,N IOWA,7,4,0,100.0,0,0,255,0,0,54.6,36.7,79.2,53.9,27.3,57.3,1,0,0,0,16,16.7,3,0,0,104.2,5,0,0,108,0,57,130,8,0,0,8,0,1,122,6,67,13,7,11,2,5,1,0,45,22,9.0
Stefan Black II,138272,CB,N IOWA,11,11,0,57.5,0,0,255,0,0,66.1,66.1,86.4,55.4,63.9,62.7,0,1,0,1,57,16.9,11,2,1,70.0,23,0,0,53,621,384,707,32,0,0,32,0,1,675,9,314,0,12,43,1,40,1,0,292,133,12.7
Cannon Butler,138273,ED,N IOWA,11,6,2,,1,0,255,0,0,64.5,67.9,39.2,70.0,63.5,50.9,4,16,0,0,,22.2,4,0,2,0.0,0,3,0,1,0,0,375,374,22,158,137,57,0,1,227,148,0,9,8,2,0,23,0,0,0,
Jack Kriebs,138281,DI,N IOWA,11,6,0,,0,0,255,1,0,61.1,59.6,50.7,56.6,61.1,70.6,0,1,0,0,,6.3,1,0,1,0.0,0,1,0,0,0,0,252,252,31,220,0,1,0,0,107,145,0,7,9,0,0,2,0,0,0,
Steven Arrell,138293,CB,S DAK ST,15,3,2,57.7,0,2,292,0,0,76.9,77.7,84.0,81.1,66.5,29.4,0,1,0,0,56,31.8,7,3,0,92.8,15,0,0,28,299,208,342,3,0,0,3,0,1,339,8,126,8,5,12,1,26,1,1,186,107,12.4
Max Baloun,138294,DI,S DAK ST,15,2,1,,0,0,292,0,0,60.0,61.8,81.4,72.3,49.9,57.0,2,7,0,0,,16.7,1,0,0,0.0,0,1,0,0,0,0,226,226,5,215,1,5,0,0,130,96,0,4,3,0,0,10,0,0,0,
Dalys Beanum,138295,CB,S DAK ST,15,3,0,51.1,1,0,292,1,0,70.6,70.2,85.9,56.6,65.6,46.6,0,0,0,2,33,21.1,8,8,2,65.8,24,0,0,25,365,266,453,28,0,0,28,0,0,425,5,182,32,8,27,1,47,0,2,279,69,11.6
Caleb Francl,138302,LB,S DAK ST,1,0,1,50.0,0,1,292,0,0,78.7,83.3,73.9,76.6,61.8,79.1,1,0,0,1,8,0.0,0,0,0,18.8,2,0,0,5,0,12,22,0,0,0,0,0,0,22,2,8,17,1,3,0,4,1,0,14,3,7.0
Randy Keumogne,138305,ED,S DAK ST,4,0,0,,0,0,292,0,0,,76.5,76.4,76.1,65.1,,1,2,0,0,,,0,0,0,0.0,0,0,0,0,0,0,31,31,0,1,30,0,0,0,21,10,0,0,0,0,0,3,0,0,0,
Aaron Kusler,138306,LB,S DAK ST,3,1,0,,0,0,292,0,0,60.9,56.9,73.3,,54.7,26.6,0,0,0,0,,50.0,1,0,0,0.0,0,0,0,9,0,4,12,1,0,0,1,0,0,11,0,8,0,0,0,0,0,0,0,0,0,
Adam Kusler,138307,LB,S DAK ST,2,1,0,0.0,0,0,292,0,0,61.1,71.8,68.3,,73.5,75.8,0,0,0,0,,0.0,0,0,0,39.6,0,0,0,8,0,4,11,0,0,0,0,0,0,11,0,7,1,1,1,1,1,0,0,0,0,
Daeton Mcgaughy,138311,S,S DAK ST,11,7,0,69.2,0,0,292,1,0,63.3,65.0,84.5,56.9,69.1,63.5,1,2,0,1,27,17.1,6,0,0,80.1,18,0,0,65,5,166,290,15,0,0,15,0,0,275,11,113,203,9,22,0,26,3,1,147,111,8.2
Cale Reeder,138314,S,S DAK ST,12,9,0,54.2,0,0,292,0,0,67.0,70.0,30.6,76.3,75.1,65.5,0,0,0,3,44,13.0,6,1,1,61.1,13,1,0,127,9,274,442,0,0,0,0,0,195,442,0,168,110,8,31,1,24,1,1,228,53,17.5
Davion Sterner,138316,S,S DAK ST,4,0,0,33.3,0,0,292,0,0,66.5,67.9,76.8,59.9,66.8,74.8,0,0,0,0,11,0.0,0,0,0,45.1,1,0,0,4,0,16,31,1,0,0,1,0,0,30,1,14,26,1,1,1,3,0,0,11,13,11.0
Hunter Allen,138326,ED,YNGTOWN ST,10,2,0,,0,0,353,0,0,60.2,70.0,83.6,64.6,70.0,64.4,0,6,0,0,,10.0,1,0,0,0.0,0,3,0,4,0,1,174,170,0,3,158,9,0,4,91,82,0,7,7,0,0,9,0,0,0,
Aboubakare Dabo,138333,DI,YNGTOWN ST,1,0,0,,0,0,353,0,0,,61.0,71.7,58.2,61.6,,0,0,0,0,,,0,0,0,0.0,0,0,0,0,0,0,8,8,2,6,0,0,0,0,3,5,0,0,0,0,0,0,0,0,0,
Deamontae Diggs,138335,DI,YNGTOWN ST,11,4,1,,0,0,353,0,0,,57.8,17.4,60.0,60.0,68.5,0,4,0,0,,12.5,2,0,2,0.0,0,1,0,0,0,0,221,221,15,190,7,9,0,0,113,108,0,10,10,3,0,5,0,0,0,
Devin Johnson,138339,LB,YNGTOWN ST,11,3,0,66.7,0,0,353,0,0,54.9,61.1,81.9,49.4,69.2,60.3,0,2,0,2,50,14.8,4,0,1,70.1,4,0,0,249,0,130,279,8,0,0,8,0,0,271,19,130,22,11,20,3,6,2,0,105,75,26.3
Tyjon Jones,138340,S,YNGTOWN ST,11,2,0,65.2,0,2,353,0,0,68.6,72.7,84.8,59.4,80.8,49.5,0,0,0,1,18,14.8,4,2,0,97.9,15,0,0,165,1,223,386,1,0,0,1,0,96,385,2,161,123,7,21,0,23,0,2,169,111,11.3
Dawan Martin,138345,ED,YNGTOWN ST,3,0,0,,0,0,353,0,0,65.8,72.1,79.0,70.8,57.4,77.6,0,3,0,0,,0.0,0,0,0,0.0,0,2,0,1,0,0,48,47,0,0,46,1,0,1,34,14,0,4,2,0,0,5,0,0,0,
Logan Pasco,138353,LB,YNGTOWN ST,2,0,0,,0,0,353,0,0,,90.2,67.4,58.2,88.0,76.7,0,0,0,0,,0.0,0,0,0,0.0,0,0,0,7,0,0,7,0,0,0,0,0,0,7,2,5,0,2,2,1,0,0,0,0,0,
Jackson Pruitt,138354,S,YNGTOWN ST,1,0,0,,0,0,353,0,0,,60.0,67.4,,60.0,,0,0,0,0,,,0,0,0,0.0,0,0,0,0,0,0,2,0,0,0,0,0,0,2,0,2,2,0,0,0,0,0,0,0,0,
Amarian Robinson,138355,CB,YNGTOWN ST,11,2,1,54.2,0,0,353,0,0,62.2,65.0,82.2,71.5,72.1,55.3,0,1,0,0,70,18.8,3,1,0,138.9,13,0,0,16,287,169,303,0,0,0,0,0,0,303,2,132,0,6,11,1,24,1,3,300,108,23.1
Michael Voitus,138361,ED,YNGTOWN ST,9,2,0,,0,0,353,0,0,61.9,65.1,80.2,63.1,61.9,78.9,0,3,0,0,,0.0,0,0,0,0.0,0,2,0,2,0,1,84,82,0,2,75,5,0,2,45,38,0,4,4,0,0,5,0,0,0,
Ahmed Bailey,138363,LB,DELWARE ST,3,1,0,,0,0,152,0,0,64.9,62.1,78.1,54.2,61.5,54.8,0,1,0,0,,16.7,1,0,0,0.0,0,0,0,10,0,9,34,15,0,0,15,0,0,19,7,18,9,2,4,0,0,1,0,0,0,
Jeffery Broughton,138366,CB,DELWARE ST,10,2,0,22.2,0,0,152,0,0,56.8,59.7,81.3,53.3,73.4,84.7,0,0,0,0,19,0.0,0,0,1,78.0,2,0,0,7,67,71,124,1,0,0,1,0,6,123,4,49,43,1,7,0,9,0,1,30,14,15.0
Kevin Deshields,138369,DI,DELWARE ST,11,1,0,,0,0,152,0,0,,65.7,0.0,61.2,73.3,66.6,0,3,0,0,,9.1,1,0,2,0.0,0,1,0,1,0,0,126,124,84,35,2,3,0,2,69,57,0,6,9,1,0,4,0,0,0,
Romell Harris-Freeman,138373,S,DELWARE ST,11,9,0,46.9,0,1,152,0,0,63.6,64.3,42.0,56.2,67.2,49.2,0,0,0,2,30,19.1,9,4,2,40.9,15,0,0,172,25,297,519,0,0,0,0,0,178,519,2,220,141,8,29,0,32,0,0,198,53,13.2
Ron Holmes,138374,LB,DELWARE ST,10,13,0,65.0,0,1,152,0,0,53.3,60.9,89.2,57.1,68.7,40.4,0,7,0,0,25,20.4,10,0,0,84.6,13,3,0,200,4,205,475,200,0,0,200,0,2,275,76,194,68,20,26,3,20,10,0,136,83,10.5
Traye Laster,138381,LB,DELWARE ST,6,2,0,50.0,0,0,152,0,0,64.4,69.9,78.4,75.6,66.6,60.6,1,0,0,0,-5,20.0,1,0,0,56.3,1,1,0,11,0,25,48,13,0,0,13,0,0,35,5,18,24,3,2,2,2,2,0,-5,0,-5.0
Eric Montes,138384,ED,DELWARE ST,8,2,0,,0,0,152,0,0,,66.6,76.6,62.2,66.7,75.3,0,1,0,0,,0.0,0,0,0,0.0,0,1,0,0,0,0,48,48,0,26,12,10,0,0,28,20,0,0,0,0,0,2,0,0,0,
Omar Parker Jr.,138388,LB,DELWARE ST,6,1,0,100.0,0,1,152,0,0,83.5,75.1,76.3,56.6,57.9,62.9,0,0,0,0,4,12.5,1,0,0,83.3,1,0,0,20,1,23,49,13,0,0,13,0,0,36,5,21,14,5,6,0,1,0,0,4,3,4.0
Jesus Robinson,138392,LB,DELWARE ST,8,4,0,50.0,0,0,152,0,0,68.6,68.5,0.0,60.1,69.6,52.1,1,1,0,0,18,16.7,3,0,1,70.8,2,0,0,126,0,62,130,3,0,0,3,0,0,127,10,58,1,3,11,1,4,2,0,26,20,13.0
Domonique Smith,138395,CB,DELWARE ST,11,1,0,30.0,0,0,152,0,0,58.5,60.4,81.1,59.0,66.6,63.1,0,1,0,0,33,14.3,1,0,0,43.3,3,0,0,16,50,80,135,0,0,0,0,0,41,135,1,54,28,2,5,0,10,1,0,39,8,13.0
Aiden Weber,138399,LB,DELWARE ST,9,4,0,62.5,0,0,152,0,0,59.3,78.4,12.5,68.5,87.8,69.0,3,2,0,1,24,11.9,5,0,1,39.6,5,0,0,237,0,98,247,8,0,0,8,0,0,239,26,123,2,24,33,9,8,5,0,48,32,9.6
Coleon Williams,138401,S,DELWARE ST,11,2,0,50.0,0,0,152,0,0,51.2,46.8,81.2,,37.6,29.7,0,0,0,0,42,44.4,4,2,0,102.4,7,0,0,32,1,66,122,1,0,0,1,0,31,121,0,56,56,1,3,0,14,0,1,117,36,16.7
Isaiah Williams,138402,ED,DELWARE ST,10,8,0,,0,1,152,0,0,67.9,70.7,0.0,72.5,71.6,44.2,4,17,0,0,,26.7,8,0,6,0.0,0,6,0,2,0,1,481,478,42,140,118,178,0,3,270,210,0,19,14,4,0,27,0,0,0,
Trey Alsbrooks,138403,ED,ELON,2,0,0,,0,0,162,0,0,,30.9,79.0,58.4,26.5,17.3,0,2,0,0,,100.0,3,0,0,0.0,0,0,0,0,0,0,36,36,0,0,36,0,0,0,22,14,0,0,0,0,0,2,0,0,0,
Jaidyn Denis,138406,CB,ELON,12,6,0,51.3,0,0,162,0,0,74.1,73.3,0.0,64.8,73.9,81.3,0,2,0,0,75,6.7,2,6,2,100.9,20,0,0,42,412,268,474,4,0,0,4,0,1,470,6,200,15,10,22,0,39,2,3,285,96,14.3
Josh Johnson,138411,ED,ELON,10,1,1,,0,1,162,0,0,56.9,57.3,85.2,57.6,58.0,27.3,2,8,0,0,,42.9,6,0,0,0.0,0,3,0,0,0,0,351,351,28,27,251,45,0,0,193,158,0,7,7,0,0,13,0,0,0,
Jon Seaton,138421,DI,ELON,1,0,0,,0,0,162,0,0,,57.7,69.8,57.1,60.0,,0,0,0,0,,,0,0,0,0.0,0,0,0,0,0,0,6,6,0,6,0,0,0,0,5,1,0,0,0,0,0,0,0,0,0,
Chase Speicher,138422,CB,ELON,1,0,0,66.7,0,0,162,0,0,43.5,42.5,70.1,,60.0,28.3,0,0,0,0,28,50.0,1,0,0,109.7,2,0,0,0,8,6,8,0,0,0,0,0,0,8,0,2,0,0,1,0,3,0,0,44,15,22.0
Marcus Brown,138425,ED,HOWARD,10,9,0,,0,4,184,0,0,67.9,69.2,87.8,62.3,67.0,54.2,4,12,0,0,,18.8,6,0,0,0.0,0,7,0,2,0,2,495,491,15,0,419,57,0,4,254,239,0,14,17,2,0,23,0,0,0,
Nasim Cooper,138426,CB,HOWARD,1,0,0,0.0,0,0,184,0,0,51.6,50.2,71.0,,60.0,,0,0,0,0,,,0,0,0,39.6,0,0,0,0,0,4,5,0,0,0,0,0,0,5,0,1,5,0,0,0,1,0,0,0,0,
Kenny Gallop Jr.,138428,S,HOWARD,10,18,0,62.5,0,1,184,0,0,74.3,76.1,7.9,65.8,77.7,66.3,0,2,0,0,29,15.5,15,5,3,76.7,15,1,0,275,21,263,581,11,0,0,11,0,193,570,20,298,80,29,64,5,24,3,0,130,92,8.7
James Gore,138429,DI,HOWARD,4,0,0,,0,0,184,0,0,,74.2,75.9,68.3,71.7,72.2,0,0,0,0,,0.0,0,0,0,0.0,0,1,0,1,0,0,41,40,6,33,0,1,0,1,24,17,0,2,1,0,0,1,0,0,0,
Carson Hinton,138432,CB,HOWARD,10,4,0,54.1,1,0,184,0,0,61.6,62.7,39.2,67.4,63.7,38.8,1,3,0,0,22,26.5,9,5,1,73.6,20,2,0,53,9,204,425,30,0,0,30,0,3,395,21,200,329,15,21,3,37,6,1,155,102,7.8
Kaleb Coleman,138508,CB,MORGAN ST,11,6,0,70.7,0,1,235,1,1,65.0,62.7,90.4,60.5,53.8,33.6,0,2,0,0,59,28.8,15,0,0,139.5,29,1,0,93,6,346,663,55,0,0,55,0,35,608,33,284,474,19,31,9,41,3,5,383,183,13.2
Carlvainsky Decius,138510,CB,MORGAN ST,8,0,0,38.5,0,1,235,0,0,89.6,88.8,25.7,61.6,75.8,42.3,0,1,1,3,57,25.0,6,5,2,27.0,15,0,0,11,377,240,399,3,0,0,3,0,1,396,1,158,6,12,18,0,39,1,1,153,55,10.2
Elijah Williams,138526,ED,MORGAN ST,11,7,1,0.0,0,0,235,0,0,60.1,89.0,74.1,85.7,84.2,62.0,3,26,0,0,,14.5,8,0,1,39.6,0,11,0,0,0,1,651,651,15,70,472,94,0,0,370,280,0,38,40,9,1,40,0,0,0,
Sheldon Arnold II,138981,S,E TENN ST,11,8,0,56.8,0,0,157,0,0,80.0,82.3,88.2,57.0,82.7,76.1,0,1,0,2,29,10.3,6,4,1,61.4,21,0,0,123,2,326,518,3,0,0,3,0,73,515,2,190,317,20,44,3,37,1,1,227,31,10.8
Deven Brantley,138984,ED,E TENN ST,10,5,0,,0,0,157,0,0,60.1,59.1,81.6,55.2,63.0,58.8,2,5,0,0,,11.1,2,0,1,0.0,0,2,0,2,0,1,210,208,0,4,96,108,0,2,145,64,0,9,11,1,0,9,0,0,0,
Timmy Dorsey,138990,DI,E TENN ST,11,10,1,,1,0,157,1,0,45.2,58.9,42.3,57.1,64.0,47.4,0,4,0,0,,18.2,4,0,2,0.0,0,2,0,1,0,2,383,382,230,150,0,2,0,1,215,166,0,5,8,0,0,6,0,0,0,
Chris Hope,138995,S,E TENN ST,11,9,0,70.6,0,1,157,1,0,77.5,79.8,39.9,56.9,84.9,82.6,0,0,0,1,65,7.7,4,7,1,118.8,24,0,0,114,3,288,503,3,0,0,3,0,113,500,3,212,269,8,39,2,34,0,4,252,119,10.5
Deshandrick James,138997,LB,E TENN ST,1,0,0,,0,0,157,0,0,61.9,52.2,70.2,59.8,60.0,,0,0,0,0,,,0,0,0,0.0,0,0,0,7,0,5,7,0,0,0,0,0,0,7,1,1,0,0,0,0,0,0,0,0,0,
Jaylon Jones,138998,ED,E TENN ST,2,0,0,,0,0,157,0,0,,58.4,74.3,55.7,61.9,,0,3,0,0,,,0,0,0,0.0,0,0,0,0,0,0,22,22,0,0,12,10,0,0,17,5,0,0,0,0,0,3,0,0,0,
Chandler Martin,139005,LB,E TENN ST,10,25,4,71.4,0,0,157,0,0,68.5,70.2,0.0,69.7,70.5,53.5,3,11,0,0,41,16.8,17,2,5,115.6,15,4,0,708,0,287,717,4,0,0,4,0,1,713,104,326,4,38,59,6,21,18,1,192,144,12.8
Jaiden Abbott-Miles,139008,DI,E TENN ST,4,1,0,,0,0,157,0,0,,66.6,78.0,55.8,71.0,74.6,0,0,0,0,,0.0,0,0,0,0.0,0,0,0,0,0,0,57,57,33,24,0,0,0,0,31,26,0,2,3,0,0,0,0,0,0,
George Odimegwu,139010,CB,E TENN ST,4,0,0,81.8,0,0,157,0,0,57.5,57.1,78.2,,55.5,35.5,0,0,0,0,36,30.0,3,1,0,131.1,9,0,0,9,81,54,91,0,0,0,0,0,0,91,0,37,0,1,7,0,11,0,1,90,33,10.0
Trey Richburg,139011,DI,E TENN ST,2,0,0,,0,0,157,0,0,,66.9,72.5,62.6,64.6,71.3,0,0,0,0,,,0,0,0,0.0,0,1,0,0,0,0,19,19,0,7,1,11,0,0,15,4,0,0,0,0,0,1,0,0,0,
Lex Capitano,139021,WR,FURMAN,1,0,0,,0,0,170,0,0,,60.0,60.0,,60.0,,0,0,0,0,,,0,0,0,0.0,0,0,0,0,0,0,1,0,0,0,0,0,0,1,0,1,0,0,0,0,0,0,0,0,0,
Luke Clark,139022,ED,FURMAN,13,11,0,83.3,0,1,170,0,0,53.6,62.9,89.4,62.2,64.9,39.2,6,18,0,0,21,25.0,11,0,1,100.0,5,3,0,62,0,76,545,461,0,0,461,0,0,84,266,203,20,15,22,0,6,27,0,48,19,9.6
Evan DiMaggio,139025,LB,FURMAN,13,17,0,80.0,0,0,170,0,0,58.9,69.5,84.4,59.4,78.5,55.4,1,5,0,0,13,14.9,7,1,0,91.3,8,0,0,203,0,125,277,45,0,0,45,0,2,232,31,121,27,14,23,1,10,6,0,59,55,7.4
Jeremiah Jackson,139033,ED,FURMAN,4,2,0,,0,0,170,0,0,60.0,59.2,81.4,61.2,53.5,33.6,1,9,0,0,,33.3,2,0,0,0.0,0,1,0,0,0,0,159,159,0,1,101,57,0,0,114,45,0,2,2,0,0,11,0,0,0,
Seth Johnson,139034,DI,FURMAN,13,7,1,,0,0,170,1,0,66.4,68.3,84.1,58.1,71.1,44.3,0,4,0,0,,14.3,3,0,0,0.0,0,0,0,1,0,0,265,264,120,144,0,0,0,1,156,109,0,9,11,2,0,4,0,0,0,
Jack Rhodes,139040,S,FURMAN,12,3,0,37.5,0,1,170,0,0,69.3,69.4,85.9,60.0,66.4,74.6,0,0,0,0,19,7.7,1,1,0,53.6,3,0,0,65,0,99,161,0,0,0,0,0,69,161,1,61,26,2,9,0,8,0,0,39,4,13.0
Caden Richards,139041,LB,FURMAN,2,0,0,0.0,0,0,170,0,0,63.8,67.3,73.4,58.0,69.0,73.1,0,0,0,0,,0.0,0,0,0,39.6,0,0,0,6,0,8,18,3,0,0,3,0,0,15,2,8,9,1,1,1,1,0,0,0,0,
Micah Robinson,139042,CB,FURMAN,13,4,0,63.9,1,0,170,0,0,75.1,73.5,43.5,51.5,67.8,79.2,0,0,0,3,75,7.7,3,8,5,87.4,39,0,0,84,509,378,600,1,0,0,1,0,0,599,5,217,3,12,32,2,61,0,4,449,139,11.5
Ivan Yates,139049,CB,FURMAN,13,7,0,50.0,1,1,170,0,0,74.1,73.4,82.5,82.9,52.3,53.9,0,0,0,1,69,19.4,7,5,1,78.5,20,1,0,23,300,209,324,0,0,0,0,0,0,324,6,109,1,7,22,0,40,1,2,274,58,13.7
David Coleman,139065,S,SAMFORD,11,1,0,87.5,0,0,282,0,0,60.6,65.7,79.0,,75.2,58.6,0,0,0,0,30,17.6,3,0,0,108.9,7,0,0,48,2,57,104,0,0,0,0,0,41,104,0,47,13,2,13,1,8,0,0,81,62,11.6
Josiah Cotton,139066,LB,SAMFORD,13,12,0,60.0,0,1,282,0,0,75.2,73.2,81.3,51.8,71.1,71.0,0,2,0,0,16,10.9,5,1,0,75.8,6,0,0,189,8,129,317,19,0,0,18,1,1,298,14,174,100,16,29,1,10,2,0,57,49,9.5
Hakeem Johnson,139075,CB,SAMFORD,12,10,0,58.9,0,0,282,0,0,80.7,80.6,85.9,52.7,75.7,78.9,0,0,0,2,44,7.4,4,10,2,79.2,33,0,0,59,734,402,801,4,0,0,4,0,0,797,3,396,3,7,40,0,56,0,3,336,72,10.2
Johnny Johnson,139076,ED,SAMFORD,10,0,0,,0,1,282,0,0,,75.1,80.0,77.5,64.1,42.6,2,5,0,0,,33.3,3,0,0,0.0,0,4,0,0,0,0,101,101,0,7,67,27,0,0,57,44,0,7,6,1,0,11,0,0,0,
Kourtlan Marsh,139078,S,SAMFORD,13,9,0,51.1,0,1,282,1,0,74.7,82.1,87.0,60.0,91.2,90.3,0,0,0,1,41,3.5,2,5,2,69.7,24,0,0,240,24,302,581,1,0,0,1,0,60,580,1,278,255,15,46,1,47,0,1,303,122,12.6
Noah Martin,139079,LB,SAMFORD,13,23,0,66.7,0,0,282,0,0,83.7,90.0,84.8,74.2,85.2,79.3,3,10,0,1,34,9.3,9,1,0,76.0,10,2,0,672,0,312,716,4,0,0,4,0,0,712,63,341,40,45,65,7,15,15,1,86,58,8.6
Jacob Peters,139086,CB,N ALABAMA,10,8,0,45.8,0,0,389,0,0,59.0,56.3,82.7,,47.9,57.2,0,0,0,0,40,19.4,6,1,0,101.2,11,0,0,36,273,129,349,0,0,0,0,0,13,349,0,220,27,3,17,0,24,0,2,191,76,17.4
Wade White,139093,S,SAMFORD,13,10,0,60.0,0,0,282,0,0,62.4,67.9,80.5,56.0,74.5,76.0,0,0,0,0,17,9.1,3,1,0,75.4,3,0,0,99,1,108,236,4,0,0,4,0,99,232,6,122,33,7,20,2,5,0,0,28,14,9.3
Christian Dunn,139103,ED,VA MILT IN,11,11,1,100.0,0,0,336,0,0,41.9,55.4,76.2,65.5,54.1,64.2,6,13,0,0,20,15.4,10,0,1,109.8,14,6,0,145,31,89,764,551,0,0,551,0,0,213,270,405,35,27,44,2,14,25,0,145,81,10.4
Evan Eller,139104,LB,VA MILT IN,11,22,1,73.1,0,0,336,2,0,69.4,68.5,83.4,59.6,66.4,63.2,1,2,0,0,26,15.2,16,0,1,116.0,19,3,0,714,8,310,769,12,0,0,12,0,3,757,55,404,30,42,67,5,26,6,2,171,100,9.0
Josh Knapp,139110,S,VA MILT IN,4,7,0,42.9,0,0,336,0,0,77.3,73.4,82.0,60.0,62.6,29.4,0,0,0,2,33,33.3,8,0,0,26.2,3,0,0,49,5,100,198,4,0,0,4,0,129,194,1,97,10,5,9,2,7,0,0,47,4,15.7
Alex Oliver,139116,CB,VA MILT IN,11,17,0,60.4,1,1,336,1,0,74.6,75.1,21.4,66.3,77.2,65.7,0,1,0,3,34,13.1,11,9,5,80.6,32,0,0,90,649,358,768,6,0,0,6,0,0,762,5,405,21,17,56,1,53,1,3,419,97,13.1
Elijah Quamiley,139120,CB,VA MILT IN,5,3,0,100.0,0,0,336,0,0,60.0,65.4,77.8,55.9,70.3,83.8,0,0,0,0,17,0.0,0,0,0,95.8,2,0,0,16,3,10,54,9,0,0,9,0,0,45,4,40,26,4,7,0,2,0,0,14,3,7.0
Tahj Summey,139125,S,VA MILT IN,11,18,0,74.1,0,0,336,1,0,57.3,57.0,86.7,68.9,54.5,52.1,1,1,0,1,26,20.3,14,1,0,93.1,20,0,0,166,17,224,486,12,0,0,12,0,229,474,4,258,61,12,37,1,27,2,1,210,125,10.5
Austin White,139129,S,VA MILT IN,10,7,0,76.0,1,0,336,0,0,64.7,60.8,28.7,47.1,57.0,49.5,0,2,0,2,69,23.3,10,1,1,109.8,19,0,0,89,11,199,411,6,0,0,6,0,240,405,4,208,63,10,26,2,25,2,5,229,81,12.1
Rod Gattison,139132,CB,W CAROLINA,11,8,0,55.6,0,1,344,0,0,69.9,72.2,84.6,71.9,74.5,74.8,1,0,0,1,28,9.8,4,3,5,96.7,15,0,0,48,459,246,520,13,0,0,13,0,0,507,4,270,0,11,29,2,27,1,3,173,83,11.5
Timothy Jamison,139135,ED,W CAROLINA,11,4,0,100.0,0,0,344,0,0,46.2,61.6,85.7,56.3,66.9,56.1,1,8,0,0,32,16.7,3,0,0,158.3,1,1,0,0,0,2,317,317,18,17,224,58,0,0,159,156,0,11,11,0,1,10,1,32,18,32.0
John Boyles,139139,LB,WOFFORD,10,13,1,78.6,0,1,350,0,0,65.7,71.2,88.5,64.1,74.1,59.7,1,0,0,0,34,15.7,8,0,0,90.2,11,1,0,58,0,85,293,136,0,0,136,0,1,157,42,166,98,15,30,3,14,2,0,79,91,7.2
Jaheem Hazel,139146,CB,WOFFORD,11,2,0,57.1,0,0,350,1,0,71.3,70.8,83.0,58.2,65.9,68.5,0,0,0,0,31,14.3,3,4,0,118.6,12,0,0,19,291,148,318,7,0,0,7,0,0,311,3,167,1,4,16,0,21,0,2,187,37,15.6
John Michael DiRoberto,139154,S,WOFFORD,11,10,0,66.7,0,0,350,1,0,61.6,67.9,0.0,59.3,82.2,87.5,0,0,0,0,52,4.4,2,2,2,128.8,8,0,0,181,1,142,319,3,0,0,3,0,89,316,1,176,45,8,33,0,12,0,1,125,22,15.6
Harrison Morgan,139155,LB,WOFFORD,11,7,2,80.0,0,1,350,0,0,53.7,59.7,14.7,74.3,63.7,48.9,1,1,0,0,30,20.5,8,1,2,132.7,16,2,0,116,3,144,391,149,0,0,148,1,1,242,44,203,122,15,24,1,20,4,2,157,136,9.8
Chuck Smith,139157,ED,WOFFORD,11,9,0,,0,1,350,0,0,,78.7,84.2,81.6,70.4,56.1,0,12,0,0,,13.3,4,0,0,0.0,0,2,0,0,0,0,391,391,4,50,179,158,0,0,183,208,0,13,17,2,0,14,0,0,0,
Isaiah Wadsworth,139159,CB,WOFFORD,11,12,0,65.5,0,0,350,1,0,65.8,71.3,84.4,60.1,88.3,75.1,0,2,0,0,58,8.3,3,2,0,125.1,19,0,0,49,432,219,489,6,0,0,6,0,1,483,6,264,1,6,21,2,29,2,2,316,156,16.6
Cameron Woolery,139160,ED,WOFFORD,11,10,0,,0,1,350,0,0,60.0,75.4,82.8,62.3,79.2,68.3,3,5,0,0,,9.7,3,0,0,0.0,0,0,0,1,0,1,251,250,11,11,123,105,0,1,119,131,0,12,18,1,0,8,0,0,0,
Tristan Allen,139162,CB,DAVIDSON,2,0,0,100.0,0,0,149,0,0,55.3,60.5,71.7,,69.2,77.0,0,0,0,0,22,0.0,0,0,0,118.8,1,0,0,0,13,6,13,0,0,0,0,0,0,13,0,7,0,1,2,0,1,0,0,22,3,22.0
Jaylon Bolden,139166,CB,MURRAY ST,9,3,0,69.0,0,0,236,0,0,70.2,69.5,24.7,53.5,68.7,59.7,1,0,0,1,78,15.0,6,1,2,108.4,20,0,0,44,318,197,386,1,0,0,1,0,4,385,2,187,19,5,31,0,29,1,1,360,157,18.0
Jordan Burrell,139172,CB,DAVIDSON,12,2,0,53.1,0,0,149,0,0,59.9,57.3,5.1,,51.3,57.9,0,0,0,2,79,16.7,5,4,3,96.6,26,0,0,32,513,314,557,0,0,0,0,0,2,557,0,243,9,2,23,0,49,0,4,471,148,18.1
James Gilreath III,139184,ED,DAVIDSON,2,0,0,,0,0,149,0,0,,70.1,70.5,63.4,60.0,,0,0,0,0,,,0,0,0,0.0,0,0,0,0,0,0,5,5,0,0,5,0,0,0,4,1,0,0,0,0,0,0,0,0,0,
Jonathan Hammond,139187,ED,DAVIDSON,12,4,2,,1,0,149,0,0,72.4,81.5,30.3,80.2,72.4,52.3,7,29,1,1,,12.2,5,0,4,0.0,0,6,0,0,0,1,598,597,5,3,517,72,0,1,339,258,0,30,32,4,0,42,0,0,0,
Daniel Harrington,139188,ED,DAVIDSON,2,2,0,,0,0,149,0,0,,78.2,72.9,69.3,72.0,72.9,0,2,0,0,,0.0,0,0,0,0.0,0,0,0,0,0,0,12,12,0,1,10,1,0,0,6,6,0,0,0,0,0,2,0,0,0,
Brian Jacobs,139195,S,DAVIDSON,6,9,0,50.0,0,0,149,0,0,61.7,56.8,83.2,72.0,44.0,38.9,0,0,0,0,43,30.0,9,0,1,122.9,3,1,0,50,1,146,267,0,0,0,0,0,195,267,0,121,21,2,12,0,6,1,1,57,30,19.0
Quentin James,139196,S,DAVIDSON,8,0,0,33.3,0,0,149,0,0,73.1,69.6,80.3,,54.6,83.2,0,0,0,0,6,0.0,0,0,0,42.4,1,0,0,28,39,101,163,0,0,0,0,0,80,163,0,62,16,2,5,0,3,0,0,6,-1,6.0
Kaedon Jenkins,139198,CB,DAVIDSON,12,11,0,56.5,0,0,149,0,0,58.4,58.2,49.8,59.8,58.7,55.7,0,0,0,1,46,16.9,13,5,6,104.0,39,0,0,123,547,380,693,3,0,0,3,0,5,690,1,312,14,16,53,3,69,0,7,448,115,11.5
Collin Johnson,139199,S,DAVIDSON,1,1,0,,0,0,149,0,0,64.9,64.7,71.8,,,76.4,0,0,0,0,,0.0,0,0,0,0.0,0,0,0,0,0,9,9,0,0,0,0,0,7,9,0,0,2,0,0,0,0,0,0,0,0,
Ryan Moog,139209,DI,DAVIDSON,8,5,1,,0,0,149,0,0,,77.5,78.5,75.3,72.2,77.3,0,2,0,0,,0.0,0,0,0,0.0,0,1,0,0,0,0,102,102,1,83,1,17,0,0,51,51,0,3,2,0,0,3,0,0,0,
Connor Norwood,139213,LB,DAVIDSON,4,2,0,75.0,0,0,149,0,0,61.9,64.9,78.2,61.0,66.0,80.7,0,0,0,0,18,0.0,0,0,0,90.6,3,0,0,53,0,29,56,1,0,0,1,0,0,55,7,20,2,3,4,0,4,0,0,25,19,8.3
Chris Panko,139217,LB,DAVIDSON,1,0,0,,0,0,149,0,0,,49.6,66.4,,51.5,20.7,0,0,0,0,,100.0,1,0,0,0.0,0,0,0,10,0,0,10,0,0,0,0,0,0,10,0,10,0,0,0,0,0,0,0,0,0,
Jaden Pask,139218,LB,DAVIDSON,10,14,0,68.6,1,0,149,0,0,62.0,66.2,82.5,73.8,66.1,73.0,5,6,0,1,30,8.8,6,2,1,97.9,24,0,0,274,2,224,476,32,1,1,30,0,0,444,40,212,167,32,48,4,35,11,2,265,216,11.0
Jerrad Price,139221,DI,DAVIDSON,11,2,1,,0,0,149,0,0,60.0,64.0,0.0,64.0,68.6,60.3,1,3,0,0,,12.5,1,0,3,0.0,0,0,0,0,0,0,125,125,12,112,0,1,0,0,59,66,0,5,5,2,0,4,0,0,0,
Yusef Thomas,139234,LB,DAVIDSON,12,9,0,68.4,0,1,149,0,0,59.1,62.7,50.7,70.3,64.8,73.2,1,5,0,0,47,11.9,7,1,1,106.3,26,0,0,447,2,312,599,7,0,0,7,0,0,592,31,256,143,20,43,2,38,6,2,270,158,10.4
Aaron Warren,139240,DI,DAVIDSON,11,8,3,,0,0,149,0,0,,81.6,64.1,75.2,81.2,65.2,2,12,0,0,,7.7,2,0,1,0.0,0,2,0,0,0,0,441,441,33,389,2,17,0,0,231,210,0,16,16,4,0,16,0,0,0,
Tyreece White,139242,ED,DAVIDSON,10,2,0,,0,0,149,0,0,67.9,77.1,83.0,71.2,69.0,73.4,3,7,0,0,,6.3,1,0,0,0.0,0,0,0,0,0,0,197,196,0,0,171,25,0,1,112,85,0,8,13,1,0,10,0,0,0,
Jack Wiese,139243,LB,DAVIDSON,9,4,0,88.9,0,0,149,0,0,56.3,57.0,81.9,62.5,57.5,44.8,0,2,0,0,15,26.3,5,0,0,131.0,8,0,0,153,1,89,160,2,0,0,2,0,0,158,5,66,4,4,10,3,9,2,1,59,67,7.4
Tyrese Brown,139318,HB,INCAR WORD,2,0,0,,0,0,189,0,0,,60.0,60.0,60.0,60.0,,0,0,0,0,,,0,0,0,0.0,0,0,0,0,0,0,3,0,0,0,0,0,0,3,1,2,0,0,0,0,0,0,0,0,0,
Jordan Bussey,139319,ED,INCAR WORD,7,0,0,0.0,0,0,189,0,0,,49.4,79.9,63.6,39.9,28.1,0,1,0,0,,33.3,1,0,1,39.6,0,0,0,0,0,0,69,69,0,3,61,5,0,0,34,35,0,0,2,0,1,1,0,0,0,
Daelyn Dunn,139332,LB,JACKSON ST,8,2,0,33.3,0,0,194,0,0,73.4,77.7,74.7,59.9,74.7,58.6,0,2,0,0,15,12.5,1,1,0,50.7,1,0,0,17,0,12,26,7,0,1,6,0,0,19,7,7,0,4,5,2,3,2,0,15,11,15.0
Charlton Goodell,139333,DI,JACKSON ST,4,0,0,,0,0,194,0,0,,57.8,73.1,62.0,55.2,,0,1,0,0,,,0,0,0,0.0,0,0,0,0,0,0,15,15,5,10,0,0,0,0,10,5,0,0,0,0,0,1,0,0,0,
Demonte Holliman,139336,CB,MS VLY ST,10,3,0,64.3,0,0,228,0,0,65.5,67.1,83.3,69.1,68.4,42.3,1,1,0,0,24,20.0,3,1,0,109.5,9,0,0,12,300,194,341,1,0,0,1,0,0,340,3,144,27,2,9,0,14,2,1,101,66,11.2
Cedrick Moffett II,139347,CB,MS VLY ST,7,5,0,70.0,0,0,228,0,0,64.4,62.5,83.2,,49.0,38.5,0,0,0,0,56,18.9,7,3,0,106.8,21,0,0,8,339,205,347,0,0,0,0,0,0,347,0,142,0,7,25,0,30,0,1,254,128,12.1
Donovan Parham,139351,ED,ROB MORRIS,10,9,0,100.0,0,0,277,0,0,61.0,63.9,54.9,52.2,72.0,65.7,2,3,0,0,10,12.1,4,0,1,95.8,3,1,0,63,0,37,303,226,0,0,226,0,0,77,102,164,14,17,20,5,3,6,0,21,7,7.0
Anthony Petty,139352,CB,JACKSON ST,9,0,0,30.0,0,0,194,0,0,61.0,61.6,80.8,60.0,62.5,29.0,0,0,0,0,25,50.0,2,2,1,75.4,3,0,0,3,2,51,74,0,0,0,0,0,3,74,1,22,63,1,2,0,10,0,1,36,5,12.0
De'Jahn Warren,139361,CB,JACKSON ST,11,4,0,38.5,0,0,194,0,0,74.6,68.8,0.0,,42.9,59.6,0,0,0,0,31,15.4,4,4,3,67.9,10,0,0,9,295,199,325,0,0,0,0,0,1,325,0,126,20,5,18,1,26,0,1,131,34,13.1
Jalen Freeman,139380,ED,LAMAR,11,4,0,66.7,0,2,204,0,0,78.6,72.3,59.0,63.8,70.7,55.4,3,8,0,0,30,14.6,7,1,2,76.5,10,4,0,34,0,117,617,539,0,0,538,1,0,78,229,271,42,27,37,3,15,15,0,68,58,6.8
Jack McCarthy,139393,DI,LAMAR,10,7,1,,0,0,204,0,0,,58.7,82.5,55.3,60.4,73.6,0,3,0,0,,5.3,1,0,1,0.0,0,0,0,1,0,0,370,367,1,214,10,142,0,3,210,160,0,8,11,1,0,3,0,0,0,
Vencent Rockwell,139400,LB,LAMAR,6,1,0,100.0,0,0,204,0,0,69.6,75.4,82.1,71.6,72.0,46.7,0,4,0,0,31,23.8,5,0,0,114.6,6,1,0,135,0,62,163,19,0,0,19,0,0,144,19,82,7,11,15,1,6,5,0,69,67,11.5
Kendal Rowan,139403,ED,LAMAR,1,0,0,100.0,0,0,204,0,0,59.8,35.4,75.5,56.3,53.9,,0,0,0,0,30,,0,0,0,158.3,1,0,0,1,0,1,13,11,0,0,11,0,0,2,4,8,1,0,0,0,1,0,1,30,23,30.0
Chidera Umeh,139407,DI,LAMAR,8,2,1,,0,0,204,0,0,,60.8,80.1,53.4,66.2,40.2,0,1,0,0,,22.2,2,0,0,0.0,0,0,0,0,0,0,188,188,0,103,6,79,0,0,109,79,0,3,5,1,0,1,0,0,0,
Sese Aumavae,139414,LB,MOREHEAD,11,6,0,80.0,0,2,234,0,0,77.8,69.0,30.3,69.7,60.6,45.5,2,3,0,0,43,17.1,7,2,1,138.8,8,0,0,255,4,118,300,36,0,0,36,0,0,264,18,164,4,15,28,1,10,5,1,93,86,11.6
Noah Benza,139416,ED,MOREHEAD,10,3,0,,0,0,234,0,0,60.0,68.2,81.9,71.5,63.2,52.9,0,4,0,0,,27.3,3,0,0,0.0,0,2,0,1,0,1,166,165,0,1,117,47,0,1,57,108,0,4,5,0,0,6,0,0,0,
Javian Browder,139418,S,MOREHEAD,4,3,0,0.0,0,0,234,1,1,62.1,68.3,79.5,,72.8,56.3,0,0,0,0,,16.7,1,0,0,39.6,0,0,0,13,1,23,56,13,0,0,13,0,3,43,0,33,25,1,2,0,1,0,0,0,0,
Devon Connors,139421,ED,MOREHEAD,5,4,0,100.0,1,0,234,0,0,64.4,66.4,45.0,68.1,62.2,72.6,1,5,0,0,6,9.1,1,0,1,91.7,1,4,0,1,0,6,197,193,0,0,170,23,0,4,119,72,3,7,6,0,1,10,0,6,3,6.0
Davier Fairrow,139424,ED,MOREHEAD,10,2,0,,0,0,234,0,0,65.8,73.1,44.4,62.2,76.5,65.2,0,5,0,0,,10.5,2,0,1,0.0,0,2,0,1,0,1,194,193,0,1,150,42,0,1,104,89,0,14,15,4,0,7,0,0,0,
Enzo Fantau-Barker,139425,S,MOREHEAD,11,3,0,45.5,0,0,234,0,0,81.8,68.3,87.1,68.8,42.6,26.0,1,0,0,1,18,36.0,9,5,0,19.9,5,0,0,37,6,108,254,65,0,0,65,0,9,189,3,143,137,8,13,1,11,1,0,47,30,9.4
Kameron Frye,139429,CB,MOREHEAD,11,7,0,57.1,0,1,234,0,0,59.9,62.9,86.9,73.4,65.6,65.3,1,0,0,0,21,14.3,4,2,1,84.6,12,0,0,41,3,148,254,20,0,0,20,0,7,234,8,98,182,7,17,2,21,1,1,96,58,8.0
Jahleel Holmes,139432,LB,MOREHEAD,11,21,0,80.0,0,0,234,1,0,40.9,57.6,82.4,60.8,65.7,50.4,0,4,0,0,44,14.7,10,0,0,141.0,12,1,0,315,0,141,448,115,0,0,115,0,0,333,38,269,18,21,37,0,15,5,1,223,204,18.6
Khiyree Keith,139435,CB,MOREHEAD,11,10,0,65.5,0,1,234,1,0,73.2,73.4,87.5,65.8,69.6,59.2,1,0,0,1,43,16.7,14,2,1,95.5,19,0,0,130,195,330,677,4,0,0,4,0,160,673,2,345,188,13,60,2,29,1,2,210,95,11.1
Jah'Dell Lee Quay,139437,CB,MOREHEAD,4,0,0,33.3,0,0,234,0,0,56.1,53.7,75.8,,49.0,38.3,0,0,0,1,90,33.3,1,0,0,81.9,1,0,0,0,47,24,52,0,0,0,0,0,0,52,0,28,3,0,2,0,3,0,1,90,50,90.0
James Louis,139438,HB,MOREHEAD,1,0,0,,1,0,234,0,0,,60.0,60.0,,60.0,,0,0,0,0,,,0,0,1,0.0,0,0,0,0,0,0,1,0,0,0,0,0,0,1,0,1,0,0,0,0,0,0,0,0,0,
Jihad McCall,139439,S,MOREHEAD,8,6,0,55.6,0,0,234,1,0,67.7,61.9,84.7,,51.5,46.8,0,0,0,1,49,22.2,6,0,0,77.8,5,0,0,56,10,84,216,3,0,0,3,0,96,213,0,132,49,4,15,0,9,0,1,69,49,13.8
Josh McClurg,139440,S,MOREHEAD,9,3,0,50.0,0,0,234,0,0,56.3,60.9,79.7,,66.7,46.4,0,0,0,0,14,25.0,2,0,0,72.9,1,0,0,26,1,27,79,3,0,0,3,0,27,76,0,52,22,0,3,0,2,0,0,14,5,14.0
Patrick Peterson,139442,DI,MOREHEAD,5,0,0,,0,0,234,0,0,,78.7,75.3,61.6,80.5,72.4,1,0,0,0,,0.0,0,0,0,0.0,0,0,0,0,0,0,38,38,0,38,0,0,0,0,15,23,0,2,2,1,0,1,0,0,0,
Gabe Smith,139444,LB,MOREHEAD,2,0,0,,0,0,234,0,0,63.2,65.3,76.6,63.8,61.5,,1,0,0,0,,,0,0,0,0.0,0,0,0,5,0,8,21,10,0,0,10,0,0,11,7,6,6,0,0,0,0,1,0,0,0,
Zack Bernard,139453,DI,NICHOLLS,11,9,1,,1,0,243,0,0,67.9,69.7,68.1,65.0,66.8,63.4,2,7,0,0,,12.2,6,0,1,0.0,0,2,0,0,0,0,536,534,12,210,136,176,0,2,277,259,0,22,34,6,0,11,0,0,0,
Tyreke Boyd,139454,S,NICHOLLS,7,2,0,71.4,0,1,243,0,0,69.8,63.0,80.1,,42.0,63.4,0,0,0,0,39,17.6,3,1,0,113.7,5,0,0,18,0,66,118,0,0,0,0,0,67,118,0,52,33,1,12,0,7,0,0,93,9,18.6
Dillion Davis,139456,ED,NICHOLLS,8,3,0,,0,0,243,0,0,,63.6,79.8,56.7,67.6,78.9,0,1,0,0,,0.0,0,0,0,0.0,0,2,0,0,0,0,107,107,0,4,70,33,0,0,56,51,0,5,3,1,0,3,0,0,0,
Maurquel Price,139475,CB,NICHOLLS,5,2,0,81.8,0,0,243,0,0,48.1,47.9,77.2,,50.7,46.7,0,0,0,0,46,25.0,4,1,0,158.3,9,0,0,7,75,47,82,0,0,0,0,0,0,82,0,35,0,1,10,0,11,0,2,194,71,21.6
Logan Scott,139479,CB,NICHOLLS,7,1,0,77.8,0,0,243,0,0,56.0,53.4,78.1,,43.6,49.1,0,0,0,0,28,23.1,3,0,1,155.8,7,0,0,9,47,45,76,0,0,0,0,0,1,76,0,31,18,1,9,0,9,0,2,107,31,15.3
Hayden Shaheen,139480,LB,NICHOLLS,2,0,0,100.0,0,0,243,0,0,61.7,57.4,73.9,47.3,57.7,69.6,0,1,0,0,14,22.2,2,0,0,118.8,2,0,0,54,0,23,57,1,0,0,1,0,0,56,2,32,2,4,7,0,2,1,0,25,29,12.5
Tylan Turner,139483,LB,NICHOLLS,4,0,0,,0,0,243,0,0,64.7,60.7,74.5,55.8,58.5,29.4,0,1,0,0,,40.0,4,0,0,0.0,0,0,0,76,0,21,77,0,0,0,0,0,0,77,3,53,0,3,6,0,0,1,0,0,0,
Keontae Williams,139488,CB,NICHOLLS,7,4,0,72.7,0,0,243,0,0,63.3,64.1,88.4,,63.8,27.3,0,0,0,0,34,38.7,12,2,0,111.4,24,0,0,76,3,241,463,0,0,0,0,0,40,463,0,222,342,7,15,4,33,0,2,226,107,9.4
Malik Woodery,139489,CB,NICHOLLS,4,2,0,50.0,0,0,243,0,0,56.5,59.3,75.1,59.3,67.6,80.8,0,0,0,0,14,0.0,0,0,1,72.9,1,0,0,8,35,18,44,0,0,0,0,0,0,44,1,25,0,0,3,0,2,0,0,14,7,14.0
Javon Antonio,139494,WR,NWSTATE,1,0,0,,0,0,257,0,0,60.0,60.0,63.7,,,,0,0,0,0,,,0,0,3,0.0,0,0,0,0,0,1,1,0,0,0,0,0,1,1,0,0,0,0,0,0,0,0,0,0,0,
Kevin Davis Jr.,139503,S,NWSTATE,11,9,0,62.5,0,0,257,0,0,67.4,66.0,83.4,51.2,63.5,53.3,0,1,0,1,40,19.2,10,0,0,87.0,5,0,0,120,0,194,329,0,0,0,0,0,158,329,9,126,51,11,33,4,8,1,2,63,39,12.6
Donovan Green,139507,DI,NWSTATE,11,7,0,,0,0,257,0,0,65.6,69.3,84.4,58.8,71.6,30.0,1,12,0,0,,23.7,9,0,0,0.0,0,0,0,0,0,0,454,453,28,308,11,106,0,1,228,226,0,18,22,4,0,13,0,0,0,
Kendal Harmon,139510,ED,NWSTATE,6,0,0,,0,0,257,0,0,,62.9,76.9,54.6,66.2,28.2,0,0,0,0,,33.3,1,0,0,0.0,0,0,0,0,0,0,36,36,0,0,32,4,0,0,13,23,0,1,2,1,0,0,0,0,0,
PJ Herrington,139511,S,NWSTATE,11,10,1,57.6,0,0,257,1,0,60.9,56.0,48.9,47.3,51.4,36.5,0,2,1,1,51,22.2,18,1,1,112.2,19,1,0,243,4,327,657,1,0,0,1,0,161,656,16,314,247,20,53,2,33,3,4,279,138,14.7
Johnny Mitchell,139519,DI,NWSTATE,8,2,0,,0,0,257,0,0,60.0,67.8,82.1,50.7,73.4,57.0,0,1,0,0,,25.0,4,0,0,0.0,0,0,0,0,0,0,213,213,74,86,6,47,0,0,77,136,0,7,10,1,0,1,0,0,0,
Race Moser,139520,LB,NWSTATE,10,17,0,90.0,0,0,257,0,0,55.8,53.3,83.9,40.4,58.3,58.9,0,4,0,0,16,17.0,8,0,0,132.9,9,0,0,337,0,128,358,11,0,0,11,0,0,347,30,200,9,8,22,0,10,4,2,64,47,7.1
Isaiah Robinson,139522,CB,NWSTATE,5,0,0,42.9,0,0,257,0,0,58.8,55.8,78.3,,46.9,28.3,0,0,0,0,47,50.0,1,0,0,108.9,3,0,0,4,4,31,42,0,0,0,0,0,4,42,0,11,30,1,1,0,7,0,1,53,35,17.7
Dante Thomas,139527,CB,NWSTATE,11,2,0,47.1,0,0,257,0,0,62.5,62.8,83.8,,61.7,77.6,0,0,0,1,46,6.3,1,2,0,71.4,16,0,0,9,264,170,328,0,0,0,0,0,2,328,0,158,52,5,13,0,34,0,1,266,34,16.6
Savien Arnett,139533,S,SM HOUSTON,1,0,0,,0,0,281,0,0,62.6,62.4,67.7,,,,0,0,0,0,,,0,0,0,0.0,0,0,0,2,1,4,4,0,0,0,0,0,1,4,0,0,0,0,0,0,0,0,0,0,0,
Taylen Blaylock,139537,S,SM HOUSTON,1,0,0,,0,0,281,0,0,,60.0,67.6,,60.0,,0,0,0,0,,,0,0,0,0.0,0,0,0,0,0,0,2,0,0,0,0,0,0,2,0,2,2,0,0,0,0,0,0,0,0,
Isaiah Downes,139540,CB,SM HOUSTON,4,3,0,80.0,0,0,281,0,0,47.3,51.7,84.6,57.5,66.6,87.7,0,0,0,0,85,6.3,1,0,0,152.1,8,0,0,16,26,71,136,23,0,0,23,0,0,113,6,59,71,1,12,0,10,0,1,188,93,23.5
Trey Fields,139541,LB,SM HOUSTON,4,7,0,100.0,0,1,281,0,0,57.2,70.3,76.5,53.8,88.6,75.0,0,3,0,0,10,5.6,1,0,0,93.1,3,0,0,86,0,51,93,6,0,0,6,0,0,87,8,34,1,6,10,1,3,3,0,19,15,6.3
Briceon Hayes,139544,ED,SM HOUSTON,4,4,0,,0,0,281,0,0,63.8,64.2,80.9,59.7,65.4,68.9,0,5,0,0,,10.0,1,0,0,0.0,0,1,0,0,0,3,125,125,0,8,87,30,0,0,76,46,0,4,5,1,0,6,0,0,0,
Ysidro Mascorro,139552,LB,SM HOUSTON,5,1,0,,0,0,281,0,0,64.1,59.8,77.0,58.6,55.0,77.6,0,0,0,0,,0.0,0,0,0,0.0,0,0,0,40,0,20,51,8,0,0,8,0,0,43,8,23,3,1,2,1,0,0,0,0,0,
Daniel North,139556,S,SM HOUSTON,2,0,0,,0,0,281,0,0,60.0,45.2,71.9,,64.3,74.8,0,0,0,0,,0.0,0,0,0,0.0,0,0,0,6,0,1,10,1,0,0,1,0,2,9,0,9,1,0,1,0,0,0,0,0,0,
Richard Outland Jr.,139558,DI,SM HOUSTON,9,3,0,,0,0,281,0,0,62.0,67.6,80.6,59.5,69.0,62.9,0,2,0,0,,12.5,1,0,0,0.0,0,1,0,1,0,0,153,152,25,115,0,12,0,1,84,69,0,3,4,0,0,3,0,0,0,
Jaylen Phillips,139561,LB,SM HOUSTON,9,11,0,52.9,0,0,281,0,0,78.4,69.2,14.5,56.0,68.3,63.1,1,6,0,1,25,11.6,5,3,2,67.5,9,0,0,219,0,127,368,123,0,0,102,21,0,245,85,156,26,15,27,3,17,7,1,107,85,11.9
Trey Smith,139563,S,SM HOUSTON,8,7,0,53.3,0,0,281,0,0,72.0,75.0,85.4,63.0,77.3,74.9,0,0,0,1,32,9.7,3,0,0,81.4,8,0,0,142,4,224,374,0,0,0,0,0,124,374,1,149,104,8,21,1,15,0,2,83,21,10.4
Antonio Oliver,141243,CB,BETH COOK,11,4,0,57.1,0,1,119,0,0,72.1,72.0,82.9,60.0,66.0,79.1,0,0,0,0,32,4.8,1,1,0,89.8,12,0,0,11,278,142,296,1,0,0,1,0,3,295,1,153,2,5,16,0,21,0,1,122,32,10.2
Malaki Malaki,141247,LB,UTAHTC,11,20,0,81.1,0,4,1285,1,0,58.1,63.4,17.9,66.3,67.4,53.7,6,5,0,0,28,17.4,16,0,3,111.5,30,3,0,532,2,289,709,132,0,1,131,0,1,577,90,330,41,33,56,1,37,14,1,318,219,10.6
Taylor Alvarez,141250,ED,UTAHTC,5,0,0,100.0,0,0,1285,0,0,55.1,59.1,78.2,57.0,64.6,76.2,0,1,0,0,9,0.0,0,0,0,104.2,1,0,0,0,0,1,58,58,0,1,50,7,0,0,24,33,0,3,4,0,1,1,0,9,4,9.0
Nathan Anderson,141251,DI,UTAHTC,1,1,0,,0,0,1285,0,0,,49.4,68.2,,52.7,69.7,0,0,0,0,,0.0,0,0,0,0.0,0,0,0,0,0,0,4,4,0,4,0,0,0,0,0,4,0,0,0,0,0,0,0,0,0,
Devin Chandler,141257,CB,UTAHTC,3,3,0,62.5,0,0,1285,0,0,61.4,62.3,79.7,,64.2,83.4,0,0,0,0,39,0.0,0,0,0,144.3,5,0,0,5,111,67,123,0,0,0,0,0,2,123,0,56,5,1,6,0,8,0,1,97,32,19.4
Noah Gonzales,141267,S,UTAHTC,1,0,0,100.0,0,0,1285,0,0,71.7,72.5,67.2,,60.0,75.1,0,0,0,0,0,0.0,0,0,0,79.2,1,0,0,2,0,2,4,0,0,0,0,0,1,4,0,2,1,1,1,0,1,0,0,0,0,0.0
Tyrell Grayson Jr.,141269,S,UTAHTC,11,10,0,54.5,0,0,1285,0,0,76.3,68.2,87.2,64.6,51.3,35.9,1,0,1,1,56,25.3,24,6,0,83.1,18,1,0,235,22,419,775,10,0,0,10,0,363,765,12,344,144,15,61,4,33,2,2,222,77,12.3
Dylan Hendrickson,141275,ED,UTAHTC,10,4,0,80.0,0,0,1285,1,0,83.9,76.4,50.9,68.4,71.9,64.2,3,9,0,0,9,14.8,4,2,1,85.8,4,2,0,9,0,14,240,229,0,3,191,35,1,11,121,105,1,15,19,2,5,14,0,23,32,5.8
Sam Kanongata'a,141283,ED,UTAHTC,11,9,1,100.0,0,0,1285,1,0,59.2,59.2,66.8,56.3,61.7,49.6,3,12,0,0,14,15.8,6,0,1,106.3,2,1,0,9,1,14,442,430,0,6,364,60,0,12,217,211,2,16,23,5,2,16,0,19,5,9.5
Darrius Nash,141293,CB,UTAHTC,11,7,0,59.5,0,0,1285,1,0,68.8,65.9,89.6,71.9,51.7,36.6,1,2,1,2,31,27.0,17,3,1,67.3,22,1,0,192,31,401,779,14,0,0,14,0,58,765,17,361,483,11,39,2,37,4,1,259,128,11.8
Devyn Perkins,141301,CB,UTAHTC,4,2,0,71.4,0,0,1285,0,0,51.1,54.3,81.7,60.7,67.0,86.1,0,0,0,0,59,0.0,0,2,1,152.8,15,0,0,7,198,103,218,3,0,0,3,0,0,215,4,111,9,1,12,1,21,0,3,260,90,17.3
Kaejin Smith-Bejgrowicz,141309,LB,UTAHTC,11,18,0,76.2,0,0,1285,0,0,74.5,68.6,35.7,58.9,64.3,54.6,1,2,1,1,27,16.1,10,2,1,74.1,16,0,0,336,1,172,386,10,0,0,10,0,1,376,18,196,37,18,34,2,21,3,0,143,108,8.9
Laytan Tanuvasa,141312,DI,UTAHTC,3,0,0,,0,1,1285,0,0,,64.9,77.7,61.6,64.4,74.3,0,1,0,0,,0.0,0,0,0,0.0,0,0,0,0,0,0,81,80,3,77,0,0,0,1,33,48,0,4,4,1,0,1,0,0,0,
Trace Tupe,141318,LB,UTAHTC,9,6,0,50.0,0,0,1285,0,0,71.3,74.1,77.2,55.9,73.7,76.6,0,1,0,0,15,5.3,1,1,0,63.5,2,0,0,118,0,61,130,5,0,0,5,0,0,125,5,64,7,5,12,2,4,1,0,19,7,9.5
Colby Williams,141325,CB,UTAHTC,7,0,0,50.0,0,0,1285,0,0,51.9,53.1,0.0,,68.5,83.4,0,0,0,0,65,0.0,0,4,2,133.9,11,0,0,4,182,104,200,1,0,0,1,0,0,199,0,96,13,1,9,0,22,0,4,267,80,24.3
Honus Wagner,141333,LB,GARD-WEBB,13,9,0,77.8,0,1,171,0,0,60.6,72.4,83.1,61.4,81.0,59.3,3,8,0,0,24,14.6,7,2,0,143.3,14,2,0,390,0,176,407,7,0,0,7,0,0,400,69,162,10,18,32,3,18,13,3,160,109,11.4
Carlos Allen Jr.,141334,DI,KENNESAW,11,6,1,,0,2,200,1,0,74.2,80.7,60.7,76.0,71.6,63.4,3,10,0,0,,9.7,3,0,1,0.0,0,3,0,0,0,0,371,371,89,198,7,77,0,0,207,164,0,19,22,6,0,16,0,0,0,
Jalen Barnum,141335,LB,KENNESAW,11,11,0,78.8,0,1,200,0,0,41.1,53.9,85.9,82.0,58.7,63.3,1,6,0,0,45,16.4,9,1,0,133.0,26,0,0,480,0,259,530,24,0,0,24,0,0,506,31,240,26,15,35,2,33,7,3,285,174,11.0
Jahon Myers,141356,ED,KENNESAW,11,12,0,33.3,0,0,200,0,0,59.5,59.2,88.3,57.6,58.6,41.6,4,6,0,0,6,19.4,6,0,0,42.4,1,2,0,1,0,29,435,432,0,4,368,60,0,3,225,181,2,8,13,3,3,12,0,6,2,6.0
Tyler Scott,141362,ED,KENNESAW,1,1,0,,0,0,200,0,0,,58.2,75.7,54.4,61.9,71.1,0,1,0,0,,0.0,0,0,0,0.0,0,0,0,0,0,0,33,33,0,1,21,11,0,0,16,17,0,0,0,0,0,1,0,0,0,
Sydney Audiger,141367,CB,ROB MORRIS,11,8,0,57.1,0,2,277,2,0,69.1,75.9,86.1,64.1,90.8,62.1,0,0,0,2,62,16.2,12,4,1,94.2,32,0,0,73,679,357,773,9,0,0,9,0,2,764,6,410,10,22,54,4,56,0,4,478,157,14.9
Daunte Boudy,141371,DI,ROB MORRIS,11,4,0,,1,0,277,0,0,58.4,54.7,0.0,56.1,61.1,35.9,1,3,0,0,,20.8,5,0,6,0.0,0,2,0,0,0,3,410,410,239,165,0,6,0,0,166,241,0,12,15,2,0,6,0,0,0,
Dakarai Cabell,141373,S,ROB MORRIS,10,16,0,70.4,0,1,277,0,0,71.9,71.7,85.8,56.5,69.3,66.4,0,1,0,1,32,15.5,13,3,0,113.3,19,0,0,254,2,248,553,2,0,0,2,0,243,551,7,298,52,20,55,4,27,1,3,201,119,10.6
Bernadin Fleurima Jr.,141383,DI,ROB MORRIS,11,3,0,,0,0,277,0,0,51.6,53.1,85.0,56.7,52.2,42.7,3,0,0,0,,13.3,2,0,0,0.0,0,0,0,2,0,6,291,289,138,146,0,5,0,2,113,172,0,7,10,1,0,3,0,0,0,
Amauri Floyd,141384,LB,ROB MORRIS,6,22,2,60.0,0,1,277,0,0,71.4,66.8,82.4,55.7,62.2,70.9,0,2,0,1,30,9.3,5,2,0,52.1,9,0,0,277,1,129,347,11,0,0,11,0,0,336,17,201,58,20,27,1,15,2,0,100,102,11.1
Matthew Larks,141388,CB,ROB MORRIS,4,0,0,60.0,0,0,277,0,0,59.1,57.8,78.2,60.0,54.4,47.3,0,0,0,0,22,25.0,1,0,0,129.2,3,0,0,2,80,29,82,0,0,0,0,0,0,82,1,52,0,2,3,0,5,0,2,45,0,15.0
Joshua Sweat,141402,DI,ROB MORRIS,2,1,0,,0,0,277,0,0,,65.3,73.4,57.2,66.4,73.2,0,0,0,0,,0.0,0,0,0,0.0,0,0,0,0,0,0,21,21,1,13,1,6,0,0,6,15,0,1,1,0,0,0,0,0,0,
Matthew Brown,141519,DI,E WASHGTON,9,12,0,,0,1,161,1,0,62.0,69.8,58.1,70.3,67.1,58.9,3,5,0,0,,11.8,4,0,1,0.0,0,3,0,0,0,0,344,343,13,307,3,20,0,1,136,208,0,12,18,3,0,11,0,0,0,
Efton Chism III,141521,WR,E WASHGTON,1,0,0,,0,0,161,0,0,,60.0,60.0,,60.0,,0,0,0,0,,,0,0,0,0.0,0,0,0,0,0,0,1,0,0,0,0,0,0,1,0,1,0,0,0,0,0,0,0,0,0,
Taalefili Fata,141524,ED,E WASHGTON,1,0,0,,0,0,161,0,0,,60.0,65.6,60.0,,,0,0,0,0,,,0,0,0,0.0,0,0,0,0,0,0,1,1,0,0,1,0,0,0,1,0,0,0,0,0,0,0,0,0,0,
Conner O'Farrell,141533,LB,E WASHGTON,11,12,0,100.0,0,1,161,0,0,57.9,45.3,80.2,48.6,41.2,51.6,0,1,0,0,33,19.6,10,0,0,158.3,6,0,0,321,2,111,365,22,0,0,21,1,2,343,23,231,17,12,29,0,6,1,2,77,58,12.8
Cage Schenck,141538,CB,E WASHGTON,10,1,0,54.2,0,0,161,0,0,66.2,64.6,18.9,54.9,63.7,50.6,0,0,0,0,75,21.7,5,2,1,100.7,13,0,0,60,10,140,288,8,0,0,8,0,5,280,3,145,205,9,17,5,24,0,2,148,75,11.4
Trevor Thurman,141540,LB,E WASHGTON,10,7,0,57.1,0,0,161,0,0,46.1,40.0,77.9,54.8,40.1,58.3,0,0,0,0,39,15.4,4,0,0,90.2,4,0,0,175,0,48,209,26,0,0,26,0,0,183,11,150,7,5,15,0,7,0,0,68,56,17.0
Ahmani Williams,141543,LB,E WASHGTON,4,4,0,50.0,0,0,161,0,0,67.5,47.7,0.0,47.1,38.0,28.8,0,1,0,0,13,33.3,6,1,1,95.8,3,0,0,167,2,74,179,5,0,0,5,0,0,174,9,96,5,4,8,1,6,1,1,17,32,5.7
Davis Dengah,141551,LB,IDAHO,7,6,0,66.7,0,0,185,0,0,57.8,66.6,79.3,61.0,72.1,75.4,1,0,0,1,7,5.6,1,0,0,34.7,2,0,0,76,2,43,140,34,0,0,34,0,4,106,8,89,24,5,11,1,3,1,0,12,14,6.0
Jermaine Jackson,141559,WR,IDAHO,1,0,0,,1,0,185,0,0,,60.0,60.0,,60.0,,0,0,0,0,,,0,0,5,0.0,0,0,0,0,0,0,1,0,0,0,0,0,0,1,0,1,0,0,0,0,0,0,0,0,0,
Jake Kindel,141565,LB,IDAHO,1,0,0,,0,0,185,0,0,,77.2,66.4,,72.5,75.7,0,0,0,0,,0.0,0,0,0,0.0,0,0,0,2,0,0,2,0,0,0,0,0,0,2,0,2,0,2,2,0,0,0,0,0,0,
Zach Krotzer,141566,DI,IDAHO,7,4,0,,0,0,185,0,0,61.4,73.4,0.0,72.1,72.2,66.7,0,1,0,0,,8.3,1,0,1,0.0,0,1,0,0,0,1,64,64,2,61,0,1,0,0,25,38,0,7,7,0,0,2,0,0,0,
Tommy McCormick,141567,S,IDAHO,12,16,0,48.7,0,1,185,1,0,67.1,67.9,51.6,64.7,68.1,57.6,0,1,0,4,36,20.2,18,0,1,37.6,19,0,0,343,8,373,724,3,0,0,3,0,261,721,4,347,108,17,55,3,39,1,1,243,164,12.8
Awan Parker,141571,CB,IDAHO,3,0,0,,0,0,185,0,0,61.7,65.1,76.3,,64.8,73.5,0,0,0,0,,0.0,0,0,0,0.0,0,0,0,1,11,3,18,5,0,0,5,0,0,13,0,15,1,1,1,0,0,0,0,0,0,
Jabarii Pharms,141572,S,IDAHO,1,0,0,,0,0,185,0,0,,60.7,64.5,,60.0,,0,0,0,0,,,0,0,0,0.0,0,0,0,2,0,0,2,0,0,0,0,0,0,2,0,2,0,0,0,0,0,0,0,0,0,
Derek Tommasini,141575,LB,E WASHGTON,11,17,0,87.5,1,0,161,0,0,45.8,42.6,48.2,57.1,42.9,55.5,2,0,0,0,47,15.9,11,0,1,109.9,14,0,0,449,3,176,527,29,0,0,29,0,3,498,28,323,42,21,41,4,16,2,0,166,137,11.9
Malakai Williams,141577,ED,IDAHO,12,5,0,100.0,0,0,185,1,0,61.1,70.9,25.1,80.0,60.0,68.6,2,15,0,0,26,10.0,1,0,2,118.8,1,2,0,5,0,7,265,260,4,44,169,43,0,5,152,106,0,4,4,0,1,19,0,26,25,26.0
Ja'Maree Boone,141581,LB,IDAHO ST,1,1,0,,0,0,186,0,0,,66.7,64.9,,66.5,78.3,0,0,0,0,,0.0,0,0,0,0.0,0,0,0,4,0,0,5,0,0,0,0,0,0,5,0,5,0,1,1,0,0,0,0,0,0,
Zack Conner,141583,ED,IDAHO ST,8,2,1,0.0,0,0,186,0,0,61.6,55.4,50.9,53.3,59.9,65.4,0,4,0,0,,12.5,1,0,1,39.6,0,0,0,0,0,3,221,221,0,0,220,1,0,0,121,97,0,3,5,1,1,4,0,0,0,
Cam Davis,141585,CB,IDAHO ST,10,0,0,81.8,0,0,186,0,0,56.8,59.7,80.5,,70.3,52.3,0,0,0,0,36,18.2,2,0,0,118.8,9,0,0,21,185,96,207,0,0,0,0,0,0,207,0,111,0,1,9,0,11,0,0,171,67,19.0
Charles Ike,141597,LB,IDAHO ST,11,24,0,81.6,0,2,186,1,0,44.2,61.6,52.3,66.3,74.6,60.9,0,5,0,3,33,12.4,14,1,1,90.8,31,1,0,569,0,301,599,6,0,0,6,0,0,593,32,266,22,38,75,2,38,6,2,360,255,11.6
Ty Metcalfe,141602,CB,WEBER ST,2,0,0,,0,0,342,1,0,61.1,46.2,0.0,,56.8,26.9,0,0,0,0,,100.0,1,0,1,0.0,0,0,0,0,4,2,7,0,0,0,0,0,1,7,0,5,1,0,0,0,0,0,0,0,0,
Kamiah Olsen,141605,DI,IDAHO ST,8,5,0,,0,0,186,0,0,60.0,54.6,80.1,59.5,53.2,25.0,0,4,0,0,,33.3,5,0,0,0.0,0,0,0,0,0,0,157,156,9,109,5,33,0,1,79,78,0,5,5,1,0,4,0,0,0,
David Rowe,141608,DI,IDAHO ST,11,7,2,,0,1,186,1,0,65.5,77.4,84.6,73.5,73.4,48.2,1,16,0,0,,15.9,7,0,0,0.0,0,4,0,1,0,1,453,451,34,408,0,9,0,2,226,226,0,21,30,1,0,21,0,0,0,
Spencer Tatafu,141614,DI,IDAHO ST,6,3,0,,0,1,186,0,0,,69.1,79.3,70.3,64.4,65.7,0,0,0,0,,12.5,1,0,0,0.0,0,4,0,0,0,0,132,132,5,109,0,18,0,0,64,68,0,7,4,3,0,4,0,0,0,
Tommy Ellis,141627,LB,N ARIZONA,10,5,0,80.0,0,0,252,0,0,61.1,69.9,80.4,68.0,75.1,51.9,1,2,0,0,26,17.5,7,0,0,107.9,8,2,0,252,0,147,307,21,0,0,21,0,1,286,23,137,33,17,28,2,10,5,0,99,59,12.4
Sean Haymon,141636,S,N ARIZONA,4,8,0,77.8,0,0,252,0,0,72.7,70.5,78.5,58.7,65.4,52.0,0,0,0,1,16,13.8,4,1,0,48.4,7,0,0,88,1,79,168,7,0,0,7,0,51,161,2,87,20,4,17,1,9,0,0,46,23,6.6
Kamdan Hightower,141637,S,N ARIZONA,10,18,0,42.1,0,0,252,0,0,77.9,80.2,88.3,75.6,78.9,69.5,0,0,0,0,40,14.3,9,3,0,64.6,8,1,0,114,7,319,578,0,0,0,0,0,317,578,2,257,137,10,36,1,19,1,0,125,30,15.6
Colby Humphrey,141638,CB,N ARIZONA,9,3,0,55.1,0,0,252,0,0,66.9,66.5,84.9,56.4,62.5,47.7,0,2,0,0,51,21.6,8,9,0,82.2,27,0,0,47,327,243,465,3,0,0,3,0,4,462,3,219,82,9,26,0,49,2,1,322,77,11.9
Miles LeBlanc,141642,ED,N ARIZONA,1,0,0,,0,0,252,0,0,,63.5,71.1,67.0,59.0,40.1,0,1,0,0,,33.3,1,0,0,0.0,0,0,0,0,0,0,8,8,0,3,5,0,0,0,2,6,0,1,2,0,0,1,0,0,0,
Alofaletauia Maluia,141645,DI,N ARIZONA,1,0,0,,0,0,252,0,0,,51.2,68.1,,54.8,,0,0,0,0,,,0,0,0,0.0,0,0,0,0,0,0,3,3,1,2,0,0,0,0,0,3,0,0,0,0,0,0,0,0,0,
Cole Sabetta,141651,LB,N ARIZONA,1,0,0,,0,0,252,0,0,,34.3,67.6,,44.6,,0,0,0,0,,,0,0,0,0.0,0,0,0,3,0,0,3,0,0,0,0,0,0,3,0,3,0,0,0,0,0,0,0,0,0,
Ethan Bolingbroke,141666,WR,SO UTAH,4,0,0,,0,0,298,0,0,,42.9,60.0,,28.6,19.4,0,0,0,0,,100.0,2,0,0,0.0,0,0,0,0,0,0,5,0,0,0,0,0,0,5,0,5,0,0,0,0,0,0,0,0,0,
Drake Fakahua,141669,ED,SO UTAH,2,1,0,,0,0,298,0,0,,39.9,72.8,59.1,40.8,72.2,0,0,0,0,,0.0,0,0,0,0.0,0,0,0,0,0,0,17,17,0,16,0,1,0,0,2,15,0,1,1,1,0,0,0,0,0,
Edgardo Huerta,141674,DI,SO UTAH,4,0,0,,0,0,298,0,0,,72.6,75.9,70.7,67.8,74.0,1,1,0,0,,0.0,0,0,0,0.0,0,0,0,0,0,0,35,35,5,30,0,0,0,0,18,17,0,2,4,0,0,2,0,0,0,
Brennon Hutchings,141675,WR,SO UTAH,3,0,0,,0,0,298,0,0,,60.5,60.0,,60.4,,0,0,0,0,,,0,0,0,0.0,0,0,0,0,0,0,4,0,0,0,0,0,0,4,0,4,0,0,0,0,0,0,0,0,0,
Fabian Marble,141685,ED,SO UTAH,2,0,0,,0,0,298,0,0,60.0,48.0,76.9,53.5,46.2,24.5,0,0,0,0,,50.0,1,0,0,0.0,0,0,0,0,0,0,35,35,0,0,33,2,0,0,20,15,0,0,1,0,0,0,0,0,0,
Jake Narayan,141693,S,SO UTAH,2,0,0,,0,0,298,0,0,61.1,49.6,74.7,,43.3,28.7,0,0,0,0,,50.0,1,0,0,0.0,0,0,0,6,0,3,20,0,0,0,0,0,13,20,0,17,1,1,1,1,0,0,0,0,0,
Dillon Smith,141699,LB,SO UTAH,2,1,0,,0,0,298,0,0,60.0,61.5,0.0,,70.4,74.3,0,0,0,0,,0.0,0,0,1,0.0,0,0,0,22,0,1,22,0,0,0,0,0,0,22,0,21,0,0,0,0,0,0,0,0,0,
Garrett Beck,141711,LB,WEBER ST,13,21,0,73.5,0,0,342,1,1,76.8,65.1,65.3,66.0,52.9,68.2,0,9,0,1,28,12.3,9,3,1,115.9,25,2,0,516,8,317,728,162,0,0,162,0,6,566,101,310,36,25,43,3,34,11,4,209,104,8.4
Okiki Olorunfunmi,141716,ED,WEBER ST,3,1,0,,0,0,342,0,0,61.2,55.0,79.0,67.6,45.8,77.1,0,2,0,0,,0.0,0,0,0,0.0,0,1,0,2,0,3,51,49,0,0,40,9,0,2,18,30,0,3,2,0,0,3,0,0,0,
Easton Payne,141717,DI,WEBER ST,8,1,0,,0,0,342,0,0,60.0,56.8,77.9,60.2,53.5,29.4,1,1,0,0,,25.0,1,0,0,0.0,0,0,0,0,0,0,69,69,7,40,9,13,0,0,37,32,0,1,2,0,0,2,0,0,0,
Abraham Williams,141727,CB,WEBER ST,5,0,0,28.6,0,0,342,0,0,81.9,81.5,77.4,,63.1,77.0,0,0,0,2,5,0.0,0,1,0,0.0,2,0,0,0,58,41,60,0,0,0,0,0,0,60,0,19,2,1,2,0,7,0,0,9,7,4.5
Brayden Wilson,141728,ED,WEBER ST,13,9,0,,0,0,342,0,0,60.8,78.2,84.7,69.9,78.8,60.2,6,9,0,0,,17.6,6,0,0,0.0,0,1,0,2,0,0,390,388,0,50,210,128,0,2,220,170,0,17,19,7,0,16,0,0,0,
James Burgess Jr.,141739,CB,ALABAMA ST,7,2,0,50.0,0,0,105,1,0,63.6,66.1,79.7,60.0,74.0,57.8,0,0,0,0,15,16.7,1,0,0,101.4,3,0,0,8,128,72,140,1,0,0,1,0,1,139,1,67,1,0,3,0,6,0,1,26,8,8.7
Jeffrey Scott,141740,S,ALABAMA ST,10,7,0,66.7,0,0,105,0,0,51.6,55.4,85.0,56.1,63.3,39.9,0,1,0,0,61,28.6,10,0,1,137.5,8,0,0,101,4,177,330,7,0,0,7,0,145,323,6,147,73,4,18,1,12,1,1,168,92,21.0
Rodney Echols,141741,S,ALABAMA ST,7,0,0,66.7,0,0,105,0,0,56.7,60.5,78.0,59.2,68.0,84.0,0,0,0,0,26,0.0,0,0,0,109.7,2,0,0,26,0,38,80,0,0,0,0,0,37,80,1,41,17,1,5,0,3,0,0,38,19,19.0
Christian Lee,141747,ED,ALABAMA ST,5,1,0,,0,0,105,0,0,,60.9,77.6,56.7,64.1,50.0,0,4,0,0,,25.0,1,0,0,0.0,0,0,0,0,0,0,45,44,0,1,42,1,0,1,27,18,0,1,2,0,0,4,0,0,0,
Janil Brown,141749,DI,ALABAMA ST,7,5,0,,0,0,105,0,0,53.9,69.2,79.9,71.0,72.4,58.5,0,7,0,0,,14.3,1,0,0,0.0,0,1,0,0,0,0,100,99,32,65,0,2,0,1,56,44,0,2,1,0,0,8,0,0,0,
Kendarius Clark,141767,DI,ARKAPB,11,13,0,,1,1,112,0,0,61.9,64.3,69.0,56.3,68.1,53.1,0,10,0,0,,13.2,5,0,1,0.0,0,3,0,0,0,0,547,547,44,290,9,204,0,0,273,274,0,14,20,1,0,13,0,0,0,
Marcus Askew II,141770,S,ARKAPB,10,10,0,75.0,0,0,112,1,0,52.1,57.0,87.1,59.1,60.9,52.7,3,0,0,0,27,20.0,7,0,0,143.2,6,1,0,68,1,98,297,119,0,0,119,0,1,178,41,158,108,7,18,1,8,4,1,75,24,12.5
Lance Tiangco,141772,S,MOREHEAD,2,0,0,0.0,0,0,234,0,0,61.9,54.8,71.8,,50.5,74.8,0,0,0,0,,0.0,0,0,0,39.6,0,0,0,10,0,5,13,0,0,0,0,0,3,13,0,8,0,0,1,0,1,0,0,0,0,
Anthony Newman,141776,CB,ARKAPB,2,0,0,0.0,0,0,112,0,0,76.6,75.7,72.3,,62.5,,0,0,0,1,,,0,0,0,0.0,0,0,0,0,18,5,19,0,0,0,0,0,0,19,0,14,0,0,0,0,2,0,0,0,0,
Rylan Woods,141780,LB,ARKAPB,6,11,0,66.7,0,0,112,1,0,60.3,64.8,81.3,54.8,68.8,44.9,0,0,0,0,14,23.7,9,0,0,113.2,6,0,0,215,0,106,254,23,0,0,23,0,0,231,20,128,16,9,18,1,9,0,1,40,55,6.7
Corace Hudson,141785,DI,ARKAPB,5,2,0,,0,0,112,0,0,,73.5,77.8,59.1,76.4,73.8,0,1,0,0,,0.0,0,0,0,0.0,0,0,0,0,0,0,57,57,13,31,1,12,0,0,22,35,0,1,1,0,0,1,0,0,0,
Tyler Kirkwood,141800,WR,SOUTHERN U,1,0,0,,0,0,297,0,0,,60.0,60.0,60.0,,,0,0,0,0,,,0,0,1,0.0,0,0,0,0,0,0,1,0,0,0,0,0,0,1,1,0,0,0,0,0,0,0,0,0,0,
Luke Rose,141806,S,SOUTHERN U,5,0,0,66.7,0,0,297,0,0,62.2,61.8,78.0,60.0,60.0,82.3,0,0,0,0,23,0.0,0,0,0,95.1,2,0,0,15,0,45,68,0,0,0,0,0,47,68,1,22,5,1,5,0,3,0,0,27,25,13.5
Kaymen St. Junious,141807,CB,SOUTHERN U,7,1,0,12.5,0,0,297,0,0,82.2,82.4,78.9,,71.2,76.6,0,0,0,0,4,0.0,0,0,0,39.6,1,0,0,2,97,62,101,0,0,0,0,0,2,101,0,39,0,1,1,0,8,0,0,4,0,4.0
Carline Davis III,141810,CB,CENT ARK,3,0,0,0.0,0,0,132,0,0,59.4,50.0,70.3,,45.8,21.4,0,0,0,0,,100.0,1,0,0,39.6,0,0,0,3,9,3,14,0,0,0,0,0,0,14,0,11,1,0,0,0,1,0,0,0,0,
Markheem Glover,141814,CB,SOUTHERN U,3,0,0,62.5,0,0,297,0,0,53.8,52.7,80.7,59.7,49.9,21.4,0,0,0,0,26,100.0,1,0,0,91.7,5,0,0,11,4,56,80,7,0,0,7,0,0,73,1,23,58,0,0,0,8,0,0,72,59,14.4
Rahem Shorter,141817,LB,SOUTHERN U,4,0,0,50.0,0,0,297,0,0,72.9,53.5,74.4,60.0,36.8,18.6,0,0,0,0,13,66.7,2,1,0,70.8,1,0,0,16,0,8,19,1,0,0,1,0,0,18,1,10,1,0,1,0,2,0,0,13,9,13.0
Derrick Williams,141820,LB,SOUTHERN U,12,14,2,66.7,0,0,297,0,0,63.9,66.2,21.9,66.4,68.2,62.5,3,13,0,1,27,13.8,9,2,2,88.6,22,2,0,514,0,280,603,54,0,0,54,0,0,549,88,235,35,26,42,3,33,18,2,185,144,8.4
Amauchechukwu Nnaji-Collins,141821,ED,SOUTHERN U,5,0,0,,0,0,297,0,0,60.0,73.9,80.6,65.8,76.3,78.6,0,4,0,0,,0.0,0,0,0,0.0,0,1,0,0,0,1,61,61,0,0,60,1,0,0,39,21,0,4,3,0,0,5,0,0,0,
Jadyn Landrum,141822,LB,SOUTHERN U,2,0,0,,0,0,297,0,0,71.9,88.5,70.9,,74.2,75.8,0,0,0,0,,0.0,0,0,0,0.0,0,0,0,8,0,6,8,0,0,0,0,0,0,8,0,2,0,2,2,0,0,0,0,0,0,
Caleb Washington,141826,CB,SOUTHERN U,4,1,0,100.0,0,0,297,0,0,54.0,56.1,76.2,59.5,65.2,23.8,0,0,0,0,5,66.7,2,0,0,79.2,2,0,0,6,1,19,33,1,0,0,1,0,0,32,2,12,24,0,0,0,2,0,0,6,12,3.0
Jordan Monroe,141828,ED,SOUTHERN U,12,5,2,,0,0,297,0,0,59.5,67.6,0.0,76.6,69.0,48.8,2,14,0,0,,19.2,5,0,6,0.0,0,2,0,1,0,0,249,248,0,2,243,3,0,1,141,108,0,14,16,3,0,18,0,0,0,
Kyle Williams,141834,LS,SOUTHERN U,1,0,0,,0,0,297,0,0,60.5,73.2,66.0,72.4,60.0,73.6,0,0,0,0,,,0,0,0,0.0,0,1,0,2,0,2,3,0,0,0,0,0,0,3,0,1,1,1,0,0,0,1,0,0,0,
Clayton Denker,141849,CB,S DAKOTA,3,0,0,,0,0,291,1,0,65.0,51.9,74.7,,36.1,23.8,0,0,0,0,,66.7,2,0,0,0.0,0,0,0,1,0,6,15,0,0,0,0,0,4,15,0,9,10,0,1,0,0,0,0,0,0,
Teven McKelvey,141854,S,S DAKOTA,10,1,0,80.0,0,0,291,0,0,51.9,53.6,78.1,57.4,61.4,54.7,0,1,0,0,18,28.6,2,1,0,99.2,4,0,0,20,0,44,65,4,0,0,4,0,26,61,2,19,15,3,4,0,5,1,0,39,5,9.8
Myles Harden,141857,CB,S DAKOTA,6,6,0,61.9,0,1,291,1,0,82.7,77.2,31.0,86.7,51.3,61.2,1,0,0,3,36,14.6,7,4,2,59.4,26,1,0,48,335,199,416,7,0,0,7,0,0,409,4,213,26,13,35,2,42,2,1,278,92,10.7
Jailen Holman,141858,CB,S DAKOTA,3,0,0,100.0,0,1,291,0,0,80.8,80.2,72.6,,63.0,80.1,0,0,0,0,21,0.0,0,0,0,118.8,2,0,0,5,21,11,26,0,0,0,0,0,0,26,0,15,0,0,3,0,2,0,0,27,2,13.5
Joshua Crownover,141862,ED,S DAKOTA,3,0,0,,0,0,291,0,0,60.6,64.8,78.2,53.6,68.6,74.7,0,0,0,0,,0.0,0,0,0,0.0,0,0,0,1,0,2,31,30,0,0,28,2,0,1,11,18,0,1,2,1,0,0,0,0,0,
Josiah Ganues,141865,S,S DAKOTA,10,12,0,75.0,1,0,291,1,0,45.9,54.0,89.5,57.7,70.5,75.1,0,0,0,0,41,11.1,7,0,1,146.9,24,0,0,187,4,340,661,10,0,0,10,0,359,651,1,320,101,11,44,1,32,0,6,328,112,13.7
Will Dunn,141866,DI,S DAKOTA,4,0,0,,0,0,291,0,0,,39.0,78.4,54.4,30.8,20.6,1,1,0,0,,66.7,2,0,0,0.0,0,0,0,0,0,0,76,76,15,54,2,5,0,0,46,30,0,0,1,0,0,2,0,0,0,
Jack Hagy,141868,TE,S DAKOTA,2,0,0,,0,0,291,0,0,,60.2,68.9,,60.0,,0,0,0,0,,,0,0,0,0.0,0,0,0,0,0,0,3,3,0,0,3,0,0,0,0,3,0,0,0,0,0,0,0,0,0,
Taylor Martin,141876,CB,SE LA,2,0,0,,0,0,294,0,0,,61.2,69.7,,60.8,,0,0,0,0,,,0,0,0,0.0,0,0,0,2,6,0,8,0,0,0,0,0,0,8,0,8,0,0,0,0,0,0,0,0,0,
Jack Henderson,141888,CB,SE LA,13,18,2,68.2,0,2,294,1,0,80.5,84.7,35.5,91.4,84.0,53.1,1,9,1,2,48,18.6,18,5,3,83.2,45,2,0,85,22,410,833,52,0,0,52,0,4,781,42,381,669,32,61,5,66,12,3,345,242,7.7
Zy Alexander,141889,CB,SE LA,12,3,0,55.6,0,0,294,0,0,82.4,79.9,85.8,59.7,60.9,73.1,0,0,2,3,42,9.7,3,5,1,80.1,25,0,0,16,486,289,532,16,0,0,16,0,4,516,1,242,9,7,25,0,45,0,4,323,76,12.9
Blayne Delahoussaye,141891,S,SE LA,2,0,0,66.7,0,0,294,0,0,56.6,62.7,79.8,60.0,77.3,63.2,0,0,0,0,16,14.3,1,0,0,100.7,2,0,0,12,0,54,84,4,0,0,4,0,59,80,1,29,9,3,6,1,3,0,0,31,1,15.5
Donte' Daniels,141898,LB,SE LA,13,20,1,75.0,0,0,294,1,0,57.9,61.9,0.0,67.3,67.6,50.8,2,5,0,1,33,18.8,21,3,3,81.2,33,0,0,410,2,280,579,31,1,0,30,0,1,548,25,274,134,41,71,4,44,7,0,275,160,8.3
Rodney Sopsher,141899,DI,SE LA,5,3,0,,0,0,294,1,0,60.4,61.5,7.2,54.0,69.3,77.5,0,3,0,0,,0.0,0,0,2,0.0,0,0,0,1,0,0,169,167,27,137,0,3,0,2,77,92,0,4,5,1,0,3,0,0,0,
Cullan Scott,141902,DI,SE LA,13,2,0,,0,0,294,1,0,62.1,45.3,23.2,53.7,43.1,44.2,0,0,0,0,,25.0,1,0,1,0.0,0,0,0,0,0,0,114,114,21,93,0,0,0,0,50,64,0,1,1,0,0,0,0,0,0,
Brian Bruce,141915,DI,W ILLINOIS,10,4,0,,0,0,345,0,0,,50.0,58.5,58.1,48.0,78.7,0,2,0,0,,0.0,0,0,1,0.0,0,2,0,0,0,0,293,293,242,38,0,13,0,0,93,200,0,6,5,0,0,4,0,0,0,
Braylen Brooks,141923,CB,W ILLINOIS,7,3,0,54.5,0,0,345,0,0,55.3,49.5,81.9,,32.6,50.0,0,0,0,0,34,27.3,3,1,0,115.5,6,0,0,18,130,88,211,1,0,0,1,0,30,210,0,123,32,1,5,0,11,0,2,75,35,12.5
Juan De La Cruz,141924,LB,W ILLINOIS,11,34,0,73.5,0,2,345,0,0,48.3,58.3,82.2,81.0,56.8,75.6,5,8,0,0,24,11.1,12,2,0,117.5,25,2,0,724,0,266,756,18,0,0,17,1,0,738,78,412,13,43,62,3,34,15,2,282,166,11.3
Chimobi Nwokocha,141926,ED,W ILLINOIS,8,3,0,,0,0,345,0,0,,58.4,9.0,52.7,65.9,80.4,0,0,0,0,,0.0,0,0,1,0.0,0,0,0,7,0,0,81,74,0,1,71,2,0,7,29,52,0,3,4,2,0,0,0,0,0,
Bradyn Smith,141927,S,W ILLINOIS,4,2,0,80.0,0,1,345,0,0,63.0,71.5,81.6,,81.5,76.9,0,0,0,0,14,8.0,2,0,0,90.4,8,0,0,45,0,56,154,1,0,0,1,0,76,153,0,98,32,10,21,0,10,0,0,57,31,7.1
Alaric Wooten,141929,S,W ILLINOIS,2,2,0,,0,0,345,0,0,67.2,71.4,75.1,,70.8,79.8,0,0,0,0,,0.0,0,0,0,0.0,0,0,0,13,0,9,26,2,0,0,2,0,8,24,0,17,3,0,2,0,0,0,0,0,0,
Carter Morrow,141933,S,W ILLINOIS,7,0,0,66.7,0,0,345,0,0,52.2,52.6,81.9,63.5,51.5,77.6,0,0,0,0,10,0.0,0,0,0,71.5,2,0,0,9,0,13,61,19,0,0,19,0,0,42,5,43,33,0,2,0,3,0,0,10,0,5.0
Sam Cook,141936,LB,W ILLINOIS,10,12,0,61.5,0,0,345,0,0,76.9,76.4,56.7,61.3,77.6,82.2,0,6,0,1,16,6.6,4,1,1,74.2,8,2,0,182,1,104,429,195,0,1,194,0,0,234,76,249,51,28,45,6,13,8,1,85,18,10.6
Garret Steffen,141939,ED,W ILLINOIS,11,6,0,,1,0,345,0,0,60.0,66.1,43.0,63.7,67.3,67.4,4,9,0,0,,5.6,1,0,2,0.0,0,0,0,0,1,0,455,453,0,91,36,326,0,2,190,265,0,10,11,2,0,13,0,0,0,
Tarik Cooper,141951,LB,TEXAS STHN,10,16,0,72.7,0,1,313,1,0,57.0,60.8,17.3,64.3,63.9,62.7,4,4,0,1,37,16.3,13,0,2,107.6,8,1,0,559,1,251,578,13,0,0,13,0,3,565,34,293,2,31,51,3,11,9,2,114,50,14.3
Isaiah Hamilton,141966,CB,TEXAS STHN,11,3,0,54.5,0,1,313,1,0,73.5,71.2,48.3,56.0,59.3,28.2,0,2,2,5,69,30.6,15,6,3,66.9,30,0,0,20,642,327,681,3,0,0,3,0,0,678,3,351,16,13,31,1,55,2,4,436,198,14.5
Xavier Goynes,141969,CB,TEXAS STHN,8,0,0,83.3,1,0,313,0,0,55.3,52.2,0.0,,70.3,45.0,0,0,0,0,31,28.6,2,1,2,140.3,5,0,0,1,53,24,59,0,0,0,0,0,1,59,0,35,2,0,5,0,6,0,1,49,12,9.8
Javius Williams,141975,S,TEXAS STHN,11,5,0,75.0,0,0,313,0,0,56.5,59.4,81.4,50.6,65.3,46.5,0,2,0,0,35,27.3,9,0,0,142.2,6,1,0,96,1,113,264,5,0,0,5,0,81,259,5,146,81,14,19,4,8,3,1,73,15,12.2
Gabe Smith,141976,ED,TEXAS STHN,6,2,0,,0,0,313,0,0,59.7,64.2,81.0,69.5,57.6,32.8,1,4,0,0,,42.9,3,0,0,0.0,0,1,0,0,0,0,103,103,0,2,82,19,0,0,59,44,0,2,2,0,0,6,0,0,0,
Reyondous Estes,141981,CB,GRAMBLING,11,1,0,64.1,0,0,177,0,0,68.0,67.3,84.2,,59.8,70.8,0,0,0,1,42,9.7,3,4,2,116.2,25,0,0,25,458,251,485,0,0,0,0,0,1,485,0,234,0,6,27,0,39,0,5,298,97,11.9
Bryan Powell,141983,ED,GRAMBLING,11,8,0,100.0,0,2,177,0,1,78.4,81.3,88.8,73.9,77.5,58.7,5,25,0,0,10,20.5,8,0,0,108.3,1,7,0,10,0,15,576,561,0,9,510,42,0,15,279,282,4,26,23,4,1,37,0,10,11,10.0
Joshua Reed,141984,LB,GRAMBLING,11,17,0,91.7,0,0,177,1,1,73.5,81.4,51.7,60.2,84.0,75.3,2,8,0,0,23,9.1,8,1,1,101.4,11,1,1,506,0,238,574,24,0,0,24,0,0,550,56,280,43,45,63,8,12,11,0,100,54,9.1
Myron Stewart,141988,CB,GRAMBLING,9,3,0,84.6,0,0,177,0,0,77.7,80.6,84.1,65.0,83.4,65.8,0,1,1,1,11,12.0,3,1,1,51.6,11,0,0,25,0,112,238,4,0,0,4,0,13,234,4,122,195,14,19,3,13,1,0,53,84,4.8
Tyrin Vessel,141990,S,GRAMBLING,2,0,0,0.0,0,0,177,0,0,64.0,57.1,73.1,,50.3,22.2,0,0,0,0,,100.0,1,0,0,39.6,0,0,0,3,0,12,22,0,0,0,0,0,18,22,0,10,1,0,0,0,1,0,0,0,0,
Lawrence Asiedu,141994,S,GRAMBLING,8,4,0,87.5,1,0,177,0,0,56.6,61.5,0.0,,79.5,67.6,0,0,0,0,28,13.0,3,0,2,152.1,7,0,0,66,1,110,210,2,0,0,2,0,91,208,0,100,50,4,16,2,8,0,2,88,26,12.6
Javon Carter,141996,DI,GRAMBLING,10,3,2,,0,0,177,0,0,62.2,70.5,0.0,72.4,73.4,39.4,4,16,0,0,,20.0,3,0,5,0.0,0,2,0,4,0,4,347,343,46,223,51,23,0,4,180,163,0,9,9,2,0,22,0,0,0,
Lane Lewis,142001,ED,GRAMBLING,6,2,0,,0,0,177,0,0,60.2,70.6,79.6,59.1,73.5,79.4,1,1,0,0,,0.0,0,0,0,0.0,0,0,0,0,0,3,67,67,0,0,63,4,0,0,26,38,0,5,6,1,0,2,0,0,0,
Jaylon Turner,142012,LB,GRAMBLING,3,0,0,50.0,0,0,177,0,0,68.0,72.9,77.2,75.1,65.8,67.2,0,0,0,0,3,11.1,1,0,0,56.3,1,1,0,29,0,16,38,3,0,0,3,0,0,35,2,20,6,4,8,0,2,1,0,3,6,3.0
Romello Tarver,142020,DI,ALABAMA ST,2,0,0,,0,0,105,0,0,,53.1,0.0,56.7,63.4,,0,0,0,0,,,0,0,1,0.0,0,0,0,0,0,0,23,23,10,13,0,0,0,0,11,12,0,0,0,0,0,0,0,0,0,
Michael Pettway,142023,WR,JVILLE ST,2,0,0,,0,0,196,0,0,,60.0,60.0,60.0,60.0,,0,0,0,0,,,0,0,1,0.0,0,0,0,0,0,0,2,0,0,0,0,0,0,2,1,1,0,0,0,0,0,0,0,0,0,
Brandan Coward,142047,LB,BRYANT,1,0,0,,0,0,124,0,0,,60.0,60.0,,60.0,,0,0,0,0,,,0,0,0,0.0,0,0,0,0,0,0,1,0,0,0,0,0,0,1,0,1,0,0,0,0,0,0,0,0,0,
Jayvis Rayside,142055,S,BRYANT,10,10,0,88.9,0,0,124,0,0,53.3,50.0,21.6,52.9,46.0,56.2,0,0,0,0,71,16.9,10,0,2,155.8,24,0,0,287,4,342,628,49,0,0,49,0,132,579,12,274,155,14,39,1,27,0,3,348,229,14.5
Ryan Clark,142060,HB,BRYANT,1,0,0,,0,0,124,0,0,,60.0,60.0,,60.0,,0,0,0,0,,,0,0,0,0.0,0,0,0,0,0,0,1,0,0,0,0,0,0,1,0,1,0,0,0,0,0,0,0,0,0,
Ben Silver,142065,ED,BRYANT,8,4,0,0.0,0,0,124,0,0,74.9,60.6,86.2,59.2,56.2,53.7,4,7,0,0,,16.7,3,0,0,39.6,0,3,0,0,0,2,347,347,0,10,325,12,0,0,195,150,0,11,11,3,1,14,0,0,0,
Kyle Cichanowsky,142068,HB,BRYANT,1,0,0,,0,0,124,0,0,,60.0,60.0,,60.0,,0,0,0,0,,,0,0,0,0.0,0,0,0,0,0,0,1,0,0,0,0,0,0,1,0,1,0,0,0,0,0,0,0,0,0,
Austin Edmonds,142069,LB,BRYANT,9,4,0,100.0,0,0,124,0,0,48.6,53.0,82.2,55.0,59.4,67.7,0,1,0,0,15,9.1,1,0,0,142.1,5,0,0,84,1,42,106,11,0,0,11,0,0,95,6,58,9,4,6,1,5,1,1,43,47,8.6
Dontae Lunan,142071,LB,BRYANT,3,0,0,,0,0,124,0,0,68.9,64.1,74.3,58.1,57.6,75.8,0,0,0,1,,0.0,0,0,0,0.0,0,0,0,38,0,16,42,3,0,0,3,0,0,39,2,24,1,2,2,1,0,0,0,0,0,
Colin Elliott,142072,CB,BRYANT,6,3,0,55.0,0,1,124,0,0,66.1,68.6,86.0,52.0,77.3,77.9,0,2,0,1,78,10.0,3,2,1,99.2,11,0,0,39,1,150,284,17,0,0,17,0,1,267,12,122,226,8,24,0,20,2,2,186,135,16.9
Lake Ellis,142076,CB,BRYANT,10,6,0,51.9,0,0,124,0,0,66.2,68.0,45.0,,74.7,75.1,0,0,0,1,63,9.4,5,6,4,99.2,28,0,0,76,518,350,611,2,0,0,2,0,14,609,0,261,0,10,42,1,54,0,5,398,133,14.2
Christopher Eaton Jr.,142080,ED,BRYANT,2,0,0,,0,0,124,0,0,,51.2,0.0,65.4,52.2,71.5,0,0,0,0,,,0,0,1,0.0,0,0,0,0,0,0,34,34,0,0,34,0,0,0,16,18,0,0,0,0,0,0,0,0,0,
Arsheen Jiles,142101,CB,SACR HEART,11,2,0,45.7,0,0,280,0,0,75.1,78.0,47.9,84.9,82.3,72.0,1,1,0,2,71,10.0,3,6,2,80.3,21,0,0,21,625,317,668,5,0,0,5,0,0,663,5,346,16,11,25,2,46,2,5,244,98,11.6
John Wood,142102,S,SACR HEART,10,7,0,66.7,0,0,280,0,0,80.6,77.1,86.8,68.3,64.5,51.5,0,0,0,3,39,23.3,7,0,0,84.4,8,1,0,105,5,209,431,11,0,0,11,0,175,420,2,220,135,9,16,2,12,1,1,111,49,13.9
Quinn Hart,142103,CB,SACR HEART,8,1,0,60.0,0,0,280,0,0,48.4,52.8,77.4,,68.2,21.5,0,0,0,0,17,75.0,3,0,0,129.2,3,0,0,18,43,43,84,0,0,0,0,0,0,84,0,41,23,0,0,0,5,0,1,45,32,15.0
Ernest Howard,142112,LB,SACR HEART,7,11,0,64.3,0,0,280,0,0,76.5,66.0,83.9,84.4,49.3,49.8,2,3,0,1,22,21.6,11,3,0,76.5,9,2,0,341,1,170,390,2,0,1,1,0,0,388,11,209,46,20,29,4,14,7,1,90,58,10.0
Jalen Gopie,142114,ED,SACR HEART,9,0,0,100.0,0,0,280,0,0,49.4,71.4,26.3,74.0,71.3,65.4,1,12,0,0,23,33.3,1,0,1,118.8,1,3,0,5,0,5,123,116,0,0,115,1,0,7,61,57,2,4,2,1,1,16,0,23,3,23.0
Carson Primrose,142120,DI,SACR HEART,11,5,3,,0,0,280,0,0,66.9,83.7,0.0,80.6,87.0,64.6,5,16,0,0,,9.7,3,0,8,0.0,0,4,0,6,0,3,629,622,74,463,30,55,0,7,293,333,0,24,23,3,0,25,0,0,0,
Onarjae Bonhometre,142121,ED,SACR HEART,11,4,0,,0,0,280,0,0,60.0,74.8,0.0,82.8,73.6,47.1,1,17,0,0,,26.7,4,0,5,0.0,0,3,0,0,0,0,183,183,0,20,154,9,0,0,99,84,0,7,7,1,0,21,0,0,0,
Sam Walker,142122,DI,SACR HEART,1,0,0,,0,0,280,0,0,,60.0,64.7,,60.0,,0,0,0,0,,,0,0,0,0.0,0,0,0,0,0,0,1,1,0,1,0,0,0,0,0,1,0,0,0,0,0,0,0,0,0,
Howard Powell,142123,DI,SACR HEART,9,8,0,,0,0,280,0,0,67.7,69.1,82.7,59.7,68.2,51.2,0,2,0,0,,11.1,2,0,0,0.0,0,2,0,0,0,0,194,194,56,134,2,2,0,0,88,106,0,8,8,1,0,4,0,0,0,
Kyle Davis,142124,DI,SACR HEART,7,2,0,,0,0,280,0,0,65.1,60.1,78.7,56.4,57.8,44.1,1,1,0,0,,20.0,1,0,0,0.0,0,0,0,1,0,0,82,81,15,53,5,8,0,1,39,43,0,0,2,0,0,2,0,0,0,
Julian Alessi,142161,WR,UC DAVIS,1,0,0,,0,0,322,0,0,,60.0,60.0,,60.0,,0,0,0,0,,,0,0,0,0.0,0,0,0,0,0,0,1,0,0,0,0,0,0,1,0,1,0,0,0,0,0,0,0,0,0,
Abe Del Real,142169,WR,UC DAVIS,1,0,0,,0,0,322,0,0,,60.0,60.0,,60.0,,0,0,0,0,,,0,0,0,0.0,0,0,0,0,0,0,1,0,0,0,0,0,0,1,0,1,0,0,0,0,0,0,0,0,0,
George Moreno,142171,S,UC DAVIS,11,5,0,37.5,0,0,322,0,0,67.5,72.9,82.8,51.5,84.0,47.5,0,1,1,1,18,20.0,8,0,1,40.6,6,0,0,107,0,157,297,2,0,0,2,0,121,295,5,135,66,14,27,1,16,1,1,44,30,7.3
Teddye Buchanan,142172,LB,UC DAVIS,7,13,0,55.6,0,1,322,1,0,92.2,82.6,82.2,56.4,59.9,74.0,0,1,1,3,34,8.0,4,3,0,32.4,10,0,0,320,0,188,355,7,0,0,7,0,0,348,16,151,28,17,33,4,18,1,0,102,51,10.2
Mario Minor,142173,CB,UC DAVIS,9,1,0,88.9,0,0,322,0,0,56.3,59.9,78.9,64.6,70.1,71.2,0,0,0,0,34,12.5,1,0,0,151.9,8,0,0,8,91,52,104,3,0,0,3,0,2,101,4,48,0,2,6,1,9,0,1,104,13,13.0
Markeece Alexander,142174,S,UC DAVIS,3,0,0,33.3,0,0,322,0,0,48.0,57.4,76.7,66.5,69.1,83.9,0,0,0,0,36,0.0,0,1,1,79.9,1,0,0,31,37,25,78,4,0,0,4,0,2,74,2,51,4,1,8,0,3,0,0,36,19,36.0
Jacob Horne,142175,CB,UC DAVIS,1,0,0,,0,0,322,0,0,,60.1,73.9,,60.0,,0,0,0,0,,,0,0,0,0.0,0,0,0,0,0,0,1,0,0,0,0,0,0,1,0,1,0,0,0,0,0,0,0,0,0,
Mike Walters,142176,LB,UC DAVIS,4,0,0,,0,0,322,0,0,61.6,64.7,71.3,,63.9,75.7,0,0,0,0,,0.0,0,0,0,0.0,0,0,0,25,0,5,25,0,0,0,0,0,0,25,0,20,0,0,2,0,0,0,0,0,0,
Kavir Bains-Marquez,142177,CB,UC DAVIS,11,4,0,70.8,0,0,322,0,0,69.0,69.1,86.0,70.5,60.9,72.6,1,3,0,0,18,12.9,4,1,1,97.7,17,2,0,48,5,203,321,9,0,0,9,0,7,312,13,105,251,12,23,3,24,6,1,131,81,7.7
Zach Jones,142180,ED,UC DAVIS,5,2,0,,0,0,322,1,0,,66.0,78.1,56.5,67.2,79.1,0,0,0,0,,0.0,0,0,0,0.0,0,0,0,4,0,0,31,25,0,0,25,0,0,6,5,26,2,0,3,0,0,0,0,0,0,
Chubba Maae,142181,DI,UC DAVIS,11,5,0,,0,0,322,0,0,61.4,71.7,84.2,55.3,77.3,79.8,0,2,0,0,,0.0,0,0,0,0.0,0,0,0,0,0,1,319,319,95,221,0,3,0,0,143,175,0,11,12,1,0,2,0,0,0,
Luka Sarac,142182,ED,UC DAVIS,5,2,0,100.0,0,0,322,0,0,38.4,54.3,82.8,60.2,61.1,78.6,0,2,0,0,16,16.7,1,0,0,150.7,3,0,0,4,0,12,92,88,0,2,86,0,0,4,39,41,0,1,3,0,3,2,1,32,10,10.7
Darius Wilson,142183,ED,UC DAVIS,6,1,1,,0,0,322,0,0,60.0,71.7,0.0,83.5,64.5,80.0,0,3,0,0,,0.0,0,0,1,0.0,0,1,0,0,0,1,44,44,0,0,44,0,0,0,15,28,0,5,4,1,0,4,0,0,0,
Princeton Toki,142184,DI,UC DAVIS,9,1,0,,0,0,322,0,0,60.0,58.4,32.8,56.2,62.4,75.1,0,3,0,0,,0.0,0,0,1,0.0,0,0,0,0,0,0,150,150,48,101,1,0,0,0,85,65,0,3,4,0,0,3,0,0,0,
Noa Masui,142185,DI,UC DAVIS,4,0,0,,0,0,322,0,0,,59.7,74.9,60.2,58.7,69.7,0,1,0,0,,,0,0,0,0.0,0,1,0,1,0,0,35,34,0,29,0,5,0,1,17,18,0,1,0,0,0,2,0,0,0,
Zach Kennedy,142186,DI,UC DAVIS,11,2,3,,0,1,322,0,0,68.0,71.2,85.8,60.3,72.4,67.5,0,13,0,0,,8.0,2,0,0,0.0,0,4,0,0,0,0,572,572,41,209,154,168,0,0,306,266,0,18,21,5,0,17,0,0,0,
Jamal Marshall,142194,DI,PRVIEW A&M,10,2,0,,1,0,270,0,0,46.4,54.5,36.9,60.5,59.2,24.7,0,5,0,0,,33.3,5,0,1,0.0,0,0,0,0,0,0,169,168,47,117,0,4,0,1,65,104,0,5,8,1,0,5,0,0,0,
Warren Shankle,142200,LB,PRVIEW A&M,10,4,0,76.5,0,0,270,1,0,50.2,64.3,80.0,62.1,73.4,67.4,2,1,0,1,25,15.3,9,1,0,97.4,13,1,0,295,0,138,332,14,0,0,14,0,0,318,23,171,22,26,46,4,17,4,1,149,71,11.5
Jessie Evans,142203,ED,PRVIEW A&M,11,14,0,100.0,2,0,270,0,0,67.8,68.3,54.5,61.6,68.4,51.1,3,14,0,0,-1,13.5,7,0,2,79.2,1,4,0,0,0,1,534,532,0,25,337,170,0,2,269,264,0,21,31,6,1,21,0,-1,6,-1.0
Semaj Brown,142210,S,ALBANY,11,6,0,66.7,0,0,106,0,0,38.2,43.8,87.4,59.5,54.7,54.3,0,0,0,1,50,20.9,9,0,3,109.7,6,0,0,260,3,328,638,2,0,0,2,0,310,636,1,309,63,5,28,0,9,0,2,123,28,20.5
Ben Howe-Jones,142216,S,ALBANY,9,1,0,50.0,0,0,106,0,0,61.7,52.2,76.7,57.9,36.0,38.4,1,0,0,0,23,28.6,2,0,0,91.7,1,0,0,24,1,35,62,5,0,0,5,0,0,57,2,25,32,0,4,0,2,1,0,23,1,23.0
Brad Igweike,142217,CB,ALBANY,6,0,0,50.0,0,0,106,0,0,65.5,64.5,78.3,,58.2,57.8,0,0,0,0,22,16.7,1,1,1,68.1,3,0,0,8,87,44,98,0,0,0,0,0,0,98,0,54,3,1,5,0,6,0,0,35,5,11.7
Matthew Obiagu,142223,ED,ALBANY,3,0,0,,0,0,106,0,0,,33.0,73.7,55.5,36.1,,0,0,0,0,,,0,0,0,0.0,0,0,0,0,0,0,13,13,0,0,13,0,0,0,4,9,0,0,0,0,0,0,0,0,0,
Max Schipani,142230,LB,ALBANY,1,0,0,,0,0,106,0,0,,45.8,64.2,,60.0,,0,0,0,0,,,0,0,0,0.0,0,0,0,1,0,0,1,0,0,0,0,0,0,1,0,1,0,0,0,0,0,0,0,0,0,
Jack Hall,142249,ED,DELAWARE,13,6,0,0.0,0,0,151,0,0,73.3,72.8,54.6,68.2,70.5,50.6,2,10,0,0,,22.2,4,0,1,39.6,0,3,0,4,0,1,285,280,84,43,56,97,1,5,151,133,0,7,8,0,1,15,0,0,0,
RJ Macnamara,142255,ED,DELAWARE,4,2,0,,0,0,151,0,0,,66.5,74.4,55.5,69.3,77.1,0,0,0,0,,0.0,0,0,0,0.0,0,0,0,0,0,0,23,23,2,4,11,6,0,0,9,14,0,2,4,1,0,0,0,0,0,
Christian Pierce,142260,S,DELAWARE,6,4,0,50.0,0,0,151,0,0,73.7,67.3,77.3,60.0,59.1,65.0,0,1,0,0,7,11.1,1,0,0,58.3,1,0,0,33,0,14,48,10,0,0,10,0,2,38,1,33,3,1,4,0,2,1,0,7,3,7.0
Micah Pr'out,142262,S,DELAWARE,1,0,0,,0,0,151,0,0,,60.0,63.8,,60.0,,0,0,0,0,,,0,0,0,0.0,0,0,0,0,1,0,1,0,0,0,0,0,0,1,0,1,0,0,0,0,0,0,0,0,0,
Ethan Saunders,142265,ED,DELAWARE,13,2,0,100.0,0,0,151,0,0,58.9,74.4,81.8,66.8,76.4,60.0,0,8,0,0,0,20.0,2,0,0,79.2,1,2,0,0,0,1,179,179,2,22,95,60,0,0,91,87,0,8,6,1,1,10,0,0,1,0.0
Dillon Trainer,142269,LB,DELAWARE,3,0,0,0.0,0,0,151,0,0,64.2,63.7,77.6,55.0,63.2,80.6,0,0,0,0,,0.0,0,0,0,39.6,0,0,0,48,0,15,54,6,0,0,6,0,0,48,4,35,0,3,6,0,1,0,0,0,0,
Nic Ware,142271,S,DELAWARE,13,13,0,58.1,0,0,151,1,0,70.9,69.6,53.8,50.6,71.0,74.2,0,3,0,1,32,9.8,5,1,1,64.3,18,0,0,181,9,289,606,58,0,0,58,0,51,548,26,291,307,10,33,2,31,3,0,203,58,11.3
Austin Ambush,142273,S,MAINE,11,7,0,56.3,0,1,212,0,0,66.8,54.5,85.5,57.1,33.8,30.0,0,0,0,1,27,31.9,15,2,0,90.9,9,0,0,204,1,184,401,12,0,0,12,0,135,389,2,215,49,7,25,0,16,0,3,109,70,12.1
John Costanza,142280,DI,MAINE,8,3,1,,0,0,212,0,0,,67.0,77.8,60.7,67.5,75.3,0,0,0,0,,0.0,0,0,0,0.0,0,0,0,0,0,0,83,83,1,81,0,1,0,0,33,50,0,2,2,1,0,0,0,0,0,
Mike-Lee Joseph,142287,S,SACR HEART,5,0,0,50.0,0,0,280,0,0,54.7,62.0,81.5,57.2,72.0,72.7,0,0,0,0,14,10.0,1,0,0,60.4,2,0,0,25,0,34,114,16,0,0,16,0,0,98,6,74,72,4,9,2,4,0,0,16,14,8.0
Darius McKenzie,142289,LB,MAINE,10,0,0,83.3,0,0,212,0,0,39.4,49.2,81.8,77.8,48.2,39.1,1,4,0,0,21,29.4,5,1,1,152.1,5,3,0,117,0,81,168,26,0,0,26,0,1,142,26,61,24,8,12,0,6,8,1,66,42,13.2
Dorian Royal,142299,DI,MAINE,10,1,0,,0,0,212,0,0,,54.5,79.2,64.1,50.5,27.4,1,0,0,0,,25.0,2,0,0,0.0,0,0,0,1,0,0,107,106,12,90,0,4,0,1,36,71,0,4,5,1,0,1,0,0,0,
Shakur Smalls,142301,S,MAINE,9,15,0,71.4,0,0,212,1,0,32.6,43.6,29.8,,74.7,76.8,0,0,0,0,63,11.5,7,1,1,137.5,20,0,0,107,5,225,431,0,0,0,0,0,181,431,0,206,138,11,39,1,28,0,2,361,163,18.1
Benito Speight,142303,CB,MAINE,11,4,0,50.0,3,0,212,0,0,43.1,48.6,17.7,,70.3,77.7,0,0,0,1,83,5.9,1,2,4,114.6,10,0,0,45,264,143,318,2,0,0,2,0,1,316,0,175,6,4,12,0,20,0,6,307,91,30.7
Tyshawn Stewart,142304,LB,MAINE,2,0,0,,0,0,212,0,0,,66.2,66.6,,64.6,74.3,0,0,0,0,,0.0,0,0,0,0.0,0,0,0,7,0,0,7,0,0,0,0,0,0,7,0,7,0,1,1,0,0,0,0,0,0,
Christian Thomas,142306,LB,MAINE,11,5,0,66.7,0,0,212,0,0,50.5,54.3,78.6,64.4,58.7,83.5,0,4,0,0,16,0.0,0,0,0,96.5,2,0,0,89,2,71,113,8,0,0,8,0,5,105,17,25,9,2,4,0,3,4,0,28,18,14.0
Vincent Thomas,142307,LB,MAINE,5,3,0,100.0,0,0,212,0,0,57.1,56.0,78.0,54.1,56.9,66.3,0,0,0,0,25,11.1,1,0,0,158.3,3,0,0,32,0,22,81,8,0,0,8,0,0,73,7,52,41,2,5,1,3,0,1,40,52,13.3
Broox Bolden,142311,CB,NEW HAMP,3,0,0,,0,0,240,0,0,63.6,64.5,69.8,,60.0,,0,0,0,0,,,0,0,0,0.0,0,0,0,1,8,5,9,0,0,0,0,0,0,9,0,4,0,0,0,0,0,0,0,0,0,
Zach Garron,142321,ED,NEW HAMP,1,0,0,,0,0,240,0,0,,58.3,67.8,58.2,,,0,0,0,0,,,0,0,0,0.0,0,0,0,0,0,0,2,2,0,0,2,0,0,0,2,0,0,0,0,0,0,0,0,0,0,
Justin Jameson,142324,LB,NEW HAMP,2,0,0,0.0,0,0,240,0,0,62.5,63.4,69.4,,60.0,,0,0,0,0,,,0,0,0,39.6,0,0,0,1,0,4,7,0,0,0,0,0,0,7,0,3,6,0,0,0,1,0,0,0,0,
Noah Palm,142331,S,NEW HAMP,13,4,0,79.2,0,0,240,0,0,54.6,54.9,86.0,55.7,54.4,64.1,0,1,0,0,35,13.6,6,2,1,100.7,19,0,0,278,8,282,563,28,0,0,28,0,100,535,8,273,148,12,34,0,24,1,0,196,101,10.3
Brandon Perkins,142332,LB,NEW HAMP,13,6,0,100.0,0,0,240,0,0,54.6,64.6,80.1,65.5,72.7,74.6,2,0,0,0,76,10.0,3,0,0,158.3,6,0,0,234,0,137,250,2,0,0,2,0,1,248,8,105,13,11,21,0,6,2,2,152,99,25.3
Neil Politano,142333,DI,NEW HAMP,13,9,0,,0,0,240,0,0,51.5,56.6,84.5,50.3,61.4,51.8,1,2,0,0,,16.0,4,0,0,0.0,0,0,0,3,0,1,422,418,32,383,2,1,0,4,210,211,0,11,12,1,0,3,0,0,0,
Flex Ruiz,142334,ED,NEW HAMP,13,17,0,,0,1,240,0,0,77.4,76.9,88.2,63.4,80.4,54.1,3,15,0,0,,16.7,10,0,0,0.0,0,11,0,3,0,1,610,603,0,31,423,149,0,7,338,271,2,33,33,2,0,29,0,0,0,
Josiah Silver,142337,ED,NEW HAMP,13,4,1,100.0,2,2,240,1,0,83.1,76.0,10.8,77.3,71.8,63.8,7,28,0,0,8,16.3,8,0,6,100.0,1,10,0,0,0,5,625,621,0,6,496,119,0,4,342,278,2,35,37,10,1,45,0,8,8,8.0
Brendan Tighe,142340,S,NEW HAMP,10,0,0,28.6,0,0,240,0,0,66.4,65.8,78.2,63.7,58.7,71.4,1,0,0,1,19,10.0,1,0,0,3.6,2,0,0,44,0,54,95,1,0,0,1,0,41,94,1,40,9,2,9,0,7,1,0,27,9,13.5
Max Tillett,142341,LB,NEW HAMP,12,6,0,92.9,0,0,240,0,0,58.2,68.8,80.7,68.1,76.5,84.1,2,0,0,0,17,3.3,1,0,0,133.0,13,1,0,166,1,95,190,3,0,0,3,0,0,187,8,87,20,15,23,2,14,3,2,90,80,6.9
Gavin Urda,142343,CB,NEW HAMP,8,0,0,100.0,0,0,240,0,0,60.0,60.7,78.6,,62.6,77.1,0,0,0,0,20,0.0,0,0,0,118.8,3,0,0,3,18,41,53,0,0,0,0,0,1,53,0,12,31,0,2,0,3,0,0,43,12,14.3
Zander Barnett,142344,ED,RICHMOND,13,2,0,,0,0,276,0,0,62.2,65.6,51.5,62.7,68.3,47.7,2,18,0,0,,22.7,5,0,2,0.0,0,5,0,0,0,1,464,463,0,1,462,0,0,1,290,173,1,15,15,1,0,25,0,0,0,
Wayne Galloway,142347,LB,RICHMOND,4,5,0,100.0,0,0,276,0,0,50.8,40.6,77.1,65.8,34.9,50.5,1,3,0,0,11,18.2,2,0,0,112.5,1,0,0,84,0,34,85,1,0,0,1,0,0,84,4,47,0,1,4,0,1,4,0,11,5,11.0
Jeremiah Grant,142348,ED,RICHMOND,13,9,3,100.0,2,0,276,2,0,60.7,80.4,34.4,75.8,83.1,80.7,4,34,0,0,11,5.5,3,0,4,152.1,1,4,0,1,0,2,645,644,0,82,554,8,0,1,383,260,0,39,43,7,1,42,1,11,0,11.0
Chance Graves,142349,CB,RICHMOND,2,0,0,66.7,0,0,276,0,0,58.3,58.4,77.0,56.3,60.5,20.6,0,0,0,0,77,40.0,2,0,0,149.3,2,0,0,11,51,37,66,4,0,0,4,0,0,62,2,27,0,1,3,1,3,0,1,79,69,39.5
Aamir Hall,142350,CB,RICHMOND,10,6,0,43.8,0,1,276,0,0,61.7,65.0,0.0,64.0,80.3,81.3,1,1,0,1,51,4.2,1,2,9,59.6,7,0,0,38,220,159,278,19,0,0,19,0,1,259,11,108,0,10,17,2,16,2,1,101,26,14.4
Jabril Hayes,142352,CB,RICHMOND,3,0,0,100.0,0,0,276,0,0,64.5,69.1,76.2,58.5,69.6,78.0,0,1,0,0,5,0.0,0,0,0,87.5,1,0,0,2,11,4,20,7,0,0,7,0,0,13,2,14,0,2,3,0,1,1,0,5,1,5.0
Jared Joseph,142355,LB,RICHMOND,9,2,0,100.0,0,0,276,0,0,67.0,69.6,79.9,72.9,64.8,80.2,1,0,0,0,8,0.0,0,1,0,83.3,4,1,1,20,0,25,70,17,0,0,17,0,0,53,4,41,33,2,2,0,4,2,0,16,28,4.0
Kaiden Pritchett,142359,S,RICHMOND,2,1,0,,0,0,276,0,0,61.2,65.9,69.6,,66.1,78.0,0,0,0,0,,0.0,0,0,0,0.0,0,0,0,9,0,3,11,0,0,0,0,0,2,11,0,8,0,0,1,0,0,0,0,0,0,
Nick Chimienti,142370,S,STNY BROOK,8,5,0,52.0,0,0,303,0,0,55.0,51.5,84.9,,43.5,49.0,0,0,0,0,26,20.8,10,2,0,98.3,13,0,0,228,1,210,369,6,0,0,6,0,43,363,0,159,91,7,33,0,25,0,2,157,62,12.1
Hashim Desire-Brisard,142373,ED,STNY BROOK,1,0,0,,0,0,303,0,0,,62.8,69.7,60.0,60.2,,0,0,0,0,,,0,0,0,0.0,0,0,0,0,0,0,6,6,0,0,3,3,0,0,1,5,0,0,0,0,0,0,0,0,0,
JuJu Ganthier,142375,CB,STNY BROOK,11,6,0,58.3,0,0,303,0,0,66.9,68.9,85.8,,74.8,69.9,0,0,0,0,32,11.1,5,3,1,114.1,28,0,0,29,660,387,698,3,0,0,3,0,0,695,0,311,6,8,34,0,48,0,4,410,99,14.6
Tyler King,142379,LB,STNY BROOK,5,14,0,84.6,0,0,303,0,0,49.8,58.5,79.2,56.5,67.6,60.5,0,0,0,0,19,15.0,6,0,0,102.9,11,1,0,245,0,130,265,0,0,0,0,0,0,265,13,122,20,10,20,2,13,1,0,113,73,10.3
Akeal Lalaind,142380,S,STNY BROOK,1,0,0,40.0,0,0,303,0,0,54.3,51.1,78.0,,46.8,27.6,0,0,0,0,12,44.4,4,0,0,50.4,2,0,0,44,0,36,68,1,0,0,1,0,10,67,0,32,13,3,5,0,5,0,0,18,7,9.0
Brendan Bell,142391,LB,VILLANOVA,9,19,2,88.9,0,1,334,1,0,73.3,74.3,84.8,61.8,73.4,60.7,6,7,0,0,20,14.5,10,1,0,94.0,16,0,0,338,0,197,447,73,0,0,73,0,0,374,50,200,36,24,40,7,18,13,0,118,46,7.4
Timmy Furgeson,142394,LB,VILLANOVA,8,12,0,80.0,0,0,334,1,0,61.5,66.4,22.3,62.3,68.8,71.1,0,3,0,0,14,11.8,4,0,1,132.1,4,0,0,150,0,52,211,60,0,0,59,1,0,151,33,126,1,6,18,1,5,3,1,31,10,7.8
Jake Green,142395,DI,VILLANOVA,11,2,1,,0,0,334,0,0,80.2,71.3,19.7,62.7,72.0,52.2,3,5,0,1,,15.8,3,0,3,0.0,0,0,0,0,0,0,323,323,296,24,0,3,0,0,161,162,0,11,14,2,0,8,0,0,0,
Ayden Howard,142396,DI,VILLANOVA,9,1,0,,0,0,334,0,0,,61.0,79.2,61.2,59.3,76.1,0,3,0,0,,0.0,0,0,0,0.0,0,0,0,1,0,0,58,57,49,5,0,3,0,1,33,25,0,5,5,0,0,3,0,0,0,
Richie Kimmel,142397,LB,VILLANOVA,3,0,0,100.0,0,0,334,0,0,72.0,72.8,74.6,57.6,67.4,76.0,0,0,0,0,1,0.0,0,0,0,79.2,1,0,0,21,0,4,25,3,0,0,3,0,0,22,2,19,1,2,2,0,1,0,0,1,6,1.0
Tyrell Mims,142398,CB,VILLANOVA,11,7,0,53.7,0,0,334,1,0,78.4,74.8,85.4,65.4,56.8,41.1,1,0,0,2,87,24.3,9,4,0,98.4,22,0,0,49,423,263,530,17,0,0,17,0,3,513,4,263,38,6,21,1,41,1,6,318,127,14.5
Jordan Nelson,142399,ED,VILLANOVA,5,1,0,50.0,0,0,334,0,0,37.3,51.1,80.7,66.0,50.3,20.7,1,4,0,0,9,50.0,1,0,0,62.5,1,0,0,2,0,2,62,59,0,0,56,3,0,3,27,33,1,0,0,0,2,5,0,9,14,9.0
Obinna Nwobodo,142400,DI,VILLANOVA,2,0,0,,0,0,334,0,0,,71.9,71.1,85.5,54.7,,0,0,0,0,,,0,0,0,0.0,0,0,0,0,0,0,10,10,4,0,1,5,0,0,4,6,0,0,0,0,0,0,0,0,0,
Ethan Potter,142403,S,VILLANOVA,11,17,0,93.1,0,1,334,0,0,61.4,63.3,21.2,55.4,69.8,69.8,1,2,0,0,22,14.5,10,1,2,118.4,27,0,0,175,9,265,557,105,0,0,105,0,164,452,28,264,104,11,42,2,29,3,1,280,176,10.4
John Rhodan,142404,CB,VILLANOVA,7,2,0,33.3,0,0,334,0,0,63.9,66.1,80.4,59.6,70.9,57.4,1,0,0,0,26,16.7,1,0,0,93.8,2,0,0,13,108,67,130,9,0,0,9,0,0,121,1,62,0,1,3,0,6,1,1,35,6,17.5
Kshawn Schulters,142405,CB,VILLANOVA,10,8,0,56.6,0,0,334,0,0,69.7,69.0,84.1,59.3,62.3,68.1,0,0,0,1,37,12.2,5,6,4,79.9,30,0,0,45,445,284,505,1,0,0,1,0,5,504,2,219,9,8,28,1,53,0,2,330,84,11.0
Ty Trinh,142406,S,VILLANOVA,10,8,0,76.9,0,2,334,1,0,77.4,81.9,87.9,73.3,83.7,77.1,0,2,0,0,19,11.9,8,0,1,117.8,20,0,0,144,4,322,577,6,0,0,6,0,261,571,4,251,162,15,51,2,26,2,2,162,59,8.1
Jonathan Egwuatu,142409,ED,WM & MARY,1,0,0,100.0,0,0,348,0,0,60.0,38.5,72.5,58.0,54.6,,1,0,0,0,15,,0,0,0,118.8,1,0,0,1,0,1,8,7,0,0,7,0,0,1,3,4,0,0,0,0,1,1,0,15,3,15.0
Garrett Huyck,142413,DI,WM & MARY,1,0,0,,0,0,348,0,0,,61.4,68.2,60.0,60.1,,0,0,0,0,,,0,0,0,0.0,0,0,0,0,0,0,3,3,1,2,0,0,0,0,1,2,0,0,0,0,0,0,0,0,0,
John Kearney,142416,S,WM & MARY,1,0,0,,0,0,348,0,0,64.4,67.0,71.7,,65.1,79.6,0,0,0,0,,0.0,0,0,0,0.0,0,0,0,2,0,3,14,0,0,0,0,0,12,14,0,11,0,0,2,0,0,0,0,0,0,
Mike Malone,142419,ED,WM & MARY,13,2,0,,0,1,348,1,0,60.0,67.1,81.3,55.5,72.8,80.1,0,3,0,0,,0.0,0,0,0,0.0,0,1,0,0,0,0,161,161,3,11,78,69,0,0,78,83,0,4,8,1,0,4,0,0,0,
Quinn Osborne,142423,LB,WM & MARY,13,5,1,85.0,0,0,348,0,0,49.5,44.8,82.9,58.9,39.9,51.1,1,1,0,0,18,19.5,8,0,1,99.6,17,0,0,301,2,192,359,17,0,1,16,0,4,342,13,154,35,11,28,0,20,2,0,158,97,9.3
John Pius,142424,ED,WM & MARY,13,10,2,88.9,1,1,348,0,0,60.0,68.0,41.8,77.7,58.7,56.4,5,34,0,0,27,18.1,13,0,4,104.6,8,14,0,14,1,66,802,755,0,2,736,17,0,47,410,326,31,41,49,6,9,53,0,82,71,10.3
Sammy Sarantis,142426,DI,WM & MARY,13,8,0,,0,0,348,1,0,62.8,59.1,81.7,56.5,57.9,63.7,1,2,0,0,,7.7,1,0,0,0.0,0,1,0,1,0,0,212,211,31,104,8,68,0,1,109,103,0,3,4,0,0,4,0,0,0,
Imari Smith,142428,CB,WM & MARY,7,1,0,37.5,0,0,348,0,0,58.8,59.5,80.4,,63.1,63.5,0,0,0,0,31,20.0,1,1,0,60.4,6,0,0,5,3,74,89,0,0,0,0,0,1,89,0,15,80,1,3,0,16,0,0,104,25,17.3
Alex Washington,142431,LB,WM & MARY,13,2,1,66.7,0,0,348,1,0,67.0,68.4,82.7,56.7,70.7,82.1,0,1,0,0,22,5.6,1,0,0,80.9,8,1,0,83,1,80,217,61,0,0,61,0,0,156,19,118,72,8,15,1,12,2,0,67,21,8.4
Ty Regan,142442,LB,DUQUESNE,1,0,0,,0,0,155,0,0,60.0,66.2,68.5,,63.7,73.2,0,0,0,0,,0.0,0,0,0,0.0,0,0,0,2,0,1,3,0,0,0,0,0,0,3,0,2,1,0,1,0,0,0,0,0,0,
Seth Bolin,142447,ED,DUQUESNE,4,0,1,,0,0,155,0,0,,70.5,76.1,74.1,62.2,,1,2,0,0,,,0,0,0,0.0,0,0,0,0,0,0,28,26,0,0,25,1,0,2,11,17,0,0,0,0,0,3,0,0,0,
Jaelen Carson,142455,CB,DUQUESNE,6,2,0,66.7,0,1,155,0,0,64.8,66.3,79.5,,68.3,62.9,0,0,0,0,13,15.8,3,3,0,79.0,10,0,0,18,129,72,152,0,0,0,0,0,1,152,0,80,4,2,14,0,15,0,0,77,31,7.7
Jon Muehlbauer,142459,S,DUQUESNE,9,13,1,40.0,0,0,155,0,0,54.0,47.6,85.0,62.6,37.4,30.9,0,2,0,1,54,29.4,15,1,0,34.3,6,0,0,142,10,190,428,0,0,0,0,0,221,428,6,232,52,2,23,0,15,2,0,96,40,16.0
Luke Harris,142461,LB,DUQUESNE,2,0,0,,0,0,155,0,0,60.9,54.7,70.7,58.9,53.2,75.7,0,0,0,0,,0.0,0,0,0,0.0,0,0,0,10,0,2,16,4,0,0,4,0,0,12,2,12,0,2,2,0,0,0,0,0,0,
Shane Stump,142462,LB,DUQUESNE,11,11,0,78.3,0,0,155,0,0,40.7,58.8,44.5,71.0,70.5,42.5,1,6,0,0,41,20.9,14,0,1,121.6,18,2,0,370,1,188,441,42,0,0,42,0,2,399,33,220,26,29,42,2,23,9,1,223,198,12.4
Wayne Wade III,142463,CB,DUQUESNE,5,0,0,33.3,0,0,155,0,0,51.7,56.1,74.9,,68.2,76.6,0,0,0,0,22,0.0,0,0,0,60.4,1,0,0,4,33,17,37,0,0,0,0,0,0,37,0,20,0,0,1,0,3,0,0,22,6,22.0
Nick Leopold,142464,WR,DUQUESNE,2,0,0,,0,0,155,0,0,,60.0,60.0,,60.0,,0,0,0,0,,,0,0,1,0.0,0,0,0,0,0,0,2,0,0,0,0,0,0,2,0,2,0,0,0,0,0,0,0,0,0,
Evan Smith,142467,ED,DUQUESNE,3,0,0,,0,0,155,0,0,,51.0,75.5,56.2,51.5,,0,0,0,0,,,0,0,0,0.0,0,0,0,1,0,0,20,19,0,0,19,0,0,1,8,12,0,0,0,0,0,0,0,0,0,
Sam Brown,142468,LB,DUQUESNE,1,0,0,,0,0,155,0,0,60.3,53.5,69.6,60.0,52.7,25.7,0,0,0,0,,100.0,1,0,0,0.0,0,0,0,5,0,2,7,1,0,0,1,0,0,6,1,4,1,0,0,0,0,0,0,0,0,
Marshal Jones,142469,CB,DUQUESNE,1,0,0,0.0,0,0,155,0,0,62.3,63.2,70.0,,60.0,,0,0,0,0,,,0,0,0,39.6,0,0,0,0,7,3,7,0,0,0,0,0,0,7,0,4,0,0,0,0,1,0,0,0,0,
Ben LaCarte,142471,S,DUQUESNE,2,1,0,50.0,0,0,155,0,0,55.8,58.6,72.0,,63.6,73.1,0,0,0,0,24,0.0,0,0,0,93.8,1,0,0,6,2,8,16,0,0,0,0,0,2,16,0,8,6,0,0,0,2,0,0,24,2,24.0
Jay Vance,142475,ED,DUQUESNE,10,2,2,,0,0,155,0,0,62.7,71.5,82.7,70.5,65.3,35.9,3,7,0,0,,21.1,4,0,0,0.0,0,1,0,0,0,0,201,201,3,59,113,26,0,0,102,99,0,8,13,1,0,11,0,0,0,
Clemente Ojinnaka,142476,DI,DUQUESNE,9,2,0,,1,0,155,0,0,62.5,52.8,11.6,62.2,47.0,76.8,0,3,0,0,,0.0,0,0,1,0.0,0,1,0,0,0,0,87,87,7,69,2,9,0,0,48,39,0,2,4,0,0,4,0,0,0,
Kevin Kurzinger,142477,ED,DUQUESNE,11,4,1,,0,0,155,0,0,67.4,67.4,83.5,69.6,59.8,66.6,1,7,0,0,,16.7,3,0,0,0.0,0,3,0,1,0,2,260,259,0,86,139,34,0,1,127,131,0,13,11,4,0,11,0,0,0,
Jai Roe,142486,S,LIUSHAR,8,1,0,50.0,0,0,1298,0,0,53.3,57.9,79.5,,66.2,74.7,0,0,0,0,40,7.7,1,0,2,134.4,2,0,0,38,6,50,101,4,0,0,4,0,21,97,0,51,31,5,11,0,4,0,1,49,0,24.5
Daniel Vavilchenkov,142489,S,LIUSHAR,1,0,0,,0,0,1298,0,0,61.7,62.7,68.7,,60.0,,0,0,0,0,,,0,0,0,0.0,0,0,0,1,0,3,5,0,0,0,0,0,3,5,0,2,1,0,0,0,0,0,0,0,0,
Larry Elder,142502,S,LIUSHAR,11,17,0,44.0,0,0,1298,0,0,66.4,67.2,58.7,60.0,68.0,62.0,1,2,0,0,58,16.1,14,3,2,76.6,11,0,1,379,4,375,781,59,0,0,59,0,267,722,15,391,70,18,56,1,25,3,1,147,64,13.4
Sean Kelly,142504,LB,LIUSHAR,1,0,0,,0,0,1298,0,0,,83.8,72.5,,83.3,76.1,0,0,0,0,,0.0,0,0,0,0.0,0,0,0,14,0,0,14,0,0,0,0,0,0,14,0,14,0,2,2,1,0,0,0,0,0,
Ayinde Johnson,142505,CB,LIUSHAR,7,2,0,42.4,0,0,1298,0,0,70.9,69.2,19.6,59.5,63.7,70.1,0,0,1,2,59,10.0,2,0,2,77.2,14,0,0,23,292,195,349,0,0,0,0,0,17,349,1,153,17,7,16,1,33,0,3,275,120,19.6
Caleb Nartey,142507,CB,LIUSHAR,9,6,1,70.0,0,0,1298,2,0,61.0,65.5,87.2,91.4,65.6,51.4,1,1,1,1,32,21.1,8,0,0,97.8,28,2,0,33,9,221,420,2,0,0,2,0,4,418,7,192,371,9,24,2,40,4,2,299,108,10.7
Victor Nelson,142508,S,LIUSHAR,11,9,0,54.5,0,0,1298,0,0,67.7,67.0,53.7,,65.0,58.4,0,1,0,6,64,19.6,11,6,1,68.6,18,0,0,192,9,383,767,4,0,0,4,0,395,763,0,384,165,7,36,0,33,1,2,320,91,17.8
Qualil Lumpkins,142511,LB,LIUSHAR,9,19,0,83.3,0,0,1298,1,0,59.9,69.0,45.7,60.6,76.7,66.6,0,4,0,0,26,13.4,9,0,1,99.0,10,1,0,292,0,163,384,80,0,0,80,0,0,304,45,176,10,17,39,2,12,5,0,93,50,9.3
Javal Staton,142512,CB,LIUSHAR,6,2,0,33.3,0,0,1298,0,0,55.1,55.6,81.5,58.8,56.8,49.2,0,0,0,0,49,21.4,3,3,2,82.6,5,0,0,23,228,107,258,2,0,0,2,0,3,256,2,149,1,2,9,0,15,0,1,110,44,22.0
Antwan Spencer,142514,S,LIUSHAR,3,7,0,100.0,0,1,1298,0,0,49.1,62.1,80.5,,76.9,80.6,0,0,0,0,69,10.7,3,0,0,158.3,4,0,0,60,0,51,131,0,0,0,0,0,64,131,0,80,7,5,18,0,4,0,2,145,42,36.3
Taylor Bolesta,142516,DI,STNY BROOK,11,5,0,,0,0,303,1,0,59.7,81.1,67.0,75.4,80.6,50.1,2,18,0,0,,14.8,4,0,1,0.0,0,1,0,0,0,1,497,497,83,358,11,45,0,0,264,232,0,13,18,8,0,21,0,0,0,
Matthew Molina,142520,ED,LIUSHAR,4,0,0,,0,0,1298,0,0,,68.9,75.3,62.2,68.1,72.2,0,0,0,0,,0.0,0,0,0,0.0,0,0,0,0,0,0,25,25,0,6,15,4,0,0,7,18,0,1,1,0,0,0,0,0,0,
Matthew Nieves,142521,LB,LIUSHAR,11,15,0,75.0,0,1,1298,1,0,68.6,70.4,21.9,60.4,73.3,71.6,1,5,0,0,20,10.8,8,2,2,88.5,18,1,0,375,0,206,490,103,0,2,101,0,0,387,40,244,11,32,51,3,24,7,0,138,128,7.7
Jayson Emery,142522,ED,LIUSHAR,7,8,0,,1,0,1298,0,0,,51.9,0.0,58.7,55.3,68.2,2,1,0,0,,0.0,0,0,2,0.0,0,0,0,0,0,0,122,122,3,38,35,46,0,0,44,78,0,6,10,2,0,3,0,0,0,
Jacari Carter,142525,WR,MERRIMACK,1,0,0,,0,0,385,0,0,,60.0,60.0,,60.0,,0,0,0,0,,,0,0,2,0.0,0,0,0,0,0,0,1,0,0,0,0,0,0,1,0,1,0,0,0,0,0,0,0,0,0,
Deon Houston,142546,CB,MERRIMACK,7,2,0,66.7,0,0,385,0,0,65.3,66.4,80.6,,68.2,72.4,0,0,0,0,23,7.7,1,1,0,126.4,8,0,0,4,135,85,161,0,0,0,0,0,1,161,0,76,20,4,10,0,12,0,1,118,21,14.8
Nate Palanica Jr.,142547,S,MERRIMACK,11,3,0,57.9,1,0,385,1,0,65.7,65.0,86.5,54.1,61.8,67.5,0,0,0,0,36,12.5,3,2,1,99.7,11,0,0,66,9,241,407,6,0,0,6,0,114,401,3,163,211,6,18,0,19,0,1,145,53,13.2
Wes Matthews,142548,S,MERRIMACK,11,5,0,83.3,0,0,385,0,0,60.7,57.6,87.1,64.0,49.5,33.6,0,2,0,0,54,28.6,12,1,0,146.5,10,0,0,41,11,251,469,23,0,0,23,0,368,446,6,212,26,5,25,3,12,2,1,188,85,18.8
Donte Williams,142550,LB,MERRIMACK,11,13,0,60.7,0,1,385,0,0,78.9,66.2,87.3,62.8,53.7,57.2,1,6,0,1,28,16.4,12,3,0,56.5,17,1,0,304,5,237,607,183,0,0,182,1,10,424,80,290,105,29,48,7,28,8,0,126,81,7.4
Ethan Royer,142551,LB,MERRIMACK,5,0,0,,0,0,385,0,0,61.2,70.4,73.8,68.7,64.0,73.2,0,0,0,0,,,0,0,0,0.0,0,1,0,10,0,5,13,3,0,0,3,0,0,10,2,6,0,1,0,0,0,1,0,0,0,
Malek Sabri,142552,ED,MERRIMACK,9,1,0,100.0,0,0,385,0,0,65.6,59.4,83.8,60.5,53.4,60.6,2,5,0,0,1,14.3,3,0,0,79.2,1,3,0,0,0,1,211,211,0,0,195,16,0,0,82,128,0,16,17,4,1,10,0,1,3,1.0
Trey Cavaan,142554,S,STHLSK,1,1,0,100.0,0,0,1470,0,0,50.6,56.1,71.5,,63.5,29.2,0,0,0,0,23,50.0,1,0,0,118.8,1,0,0,8,0,5,13,0,0,0,0,0,5,13,0,8,0,0,0,0,1,0,0,23,8,23.0
Brandon Roberts,142556,DI,MERRIMACK,11,16,1,,1,0,385,0,0,57.1,90.4,8.7,85.4,91.7,58.8,7,12,0,0,,11.3,6,0,4,0.0,0,4,1,2,0,1,403,401,11,377,0,13,0,2,179,223,0,25,31,8,0,23,0,0,0,
Jordan Riggs,142557,DI,MERRIMACK,11,2,0,,1,0,385,1,0,61.2,65.1,6.9,60.7,72.1,48.4,1,6,0,0,,23.1,6,0,3,0.0,0,6,0,0,0,0,261,261,2,156,89,14,0,0,168,93,0,17,18,1,0,13,0,0,0,
Tyler Leavy,142558,DI,MERRIMACK,10,8,0,,0,0,385,0,0,60.0,83.1,12.6,69.3,90.3,42.5,1,4,0,0,,16.7,3,0,3,0.0,0,1,0,0,0,0,302,302,65,235,1,1,0,0,138,164,0,8,7,3,0,6,0,0,0,
Melteon Davis,142559,ED,MORGAN ST,9,3,0,,0,0,235,0,0,60.0,61.3,80.8,57.5,62.5,61.2,1,4,0,0,,15.4,2,0,0,0.0,0,0,0,1,0,0,124,123,1,14,79,29,0,1,67,57,0,6,8,1,0,5,0,0,0,
Campbell Watson,142607,LB,PRESBYTERN,11,7,0,89.3,0,1,271,0,0,52.0,60.0,91.5,73.1,57.8,26.2,8,11,0,0,71,35.8,24,1,0,136.9,25,4,0,110,2,193,675,333,0,6,325,2,1,342,142,340,228,27,36,7,28,23,2,312,233,12.5
Keegan Halloran,142613,S,PRESBYTERN,9,10,0,52.2,0,0,271,0,0,58.9,63.9,85.7,62.0,68.9,72.5,0,2,0,0,30,11.0,9,1,1,83.2,12,1,0,276,3,266,604,12,0,0,12,0,207,592,21,317,105,23,63,3,23,3,1,128,52,10.7
James McBeth,142620,CB,PRESBYTERN,2,0,0,62.5,0,0,271,0,0,41.8,37.4,74.4,,38.7,24.8,0,0,0,0,26,50.0,4,1,0,133.3,5,0,0,6,30,19,36,0,0,0,0,0,0,36,0,17,0,1,4,0,8,0,1,76,38,15.2
Jalen Banks,142624,ED,PRESBYTERN,8,3,0,,0,0,271,0,0,,71.4,32.7,72.9,67.6,77.0,3,8,0,0,,0.0,0,0,1,0.0,0,1,0,0,0,0,166,166,1,32,38,95,0,0,95,71,0,1,1,0,0,12,0,0,0,
Tyrese Moses,142628,LB,PRESBYTERN,2,0,0,,0,0,271,0,0,63.0,66.2,72.9,59.4,66.5,,0,0,0,0,,,0,0,0,0.0,0,0,0,19,0,10,20,0,0,0,0,0,0,20,1,9,1,0,0,0,0,0,0,0,0,
Joshua Sheppard,142633,ED,PRESBYTERN,6,0,0,0.0,0,0,271,0,0,57.4,57.6,80.5,60.6,55.6,46.1,0,0,0,0,,25.0,1,0,0,39.6,0,1,0,4,2,12,55,48,0,0,48,0,0,7,24,19,1,2,3,0,1,1,0,0,0,
TJ Booker,142637,DI,PRESBYTERN,7,3,0,,0,0,271,0,0,,55.2,78.6,58.4,53.0,76.8,0,1,0,0,,0.0,0,0,0,0.0,0,1,0,0,0,0,98,98,9,40,4,45,0,0,55,43,0,2,2,1,0,2,0,0,0,
Malik Busby,142638,DI,PRESBYTERN,11,5,0,,0,0,271,1,0,42.3,50.0,82.3,54.9,51.6,80.2,1,1,0,0,,0.0,0,0,0,0.0,0,0,0,1,0,1,270,269,38,120,3,108,0,1,136,133,0,4,10,0,0,2,0,0,0,
James Hyland,142640,ED,PRESBYTERN,6,1,0,,0,0,271,0,0,60.0,63.3,79.2,57.8,65.5,27.7,1,4,0,0,,42.9,3,0,0,0.0,0,1,0,0,0,1,127,127,0,16,29,82,0,0,62,64,0,3,3,0,0,6,0,0,0,
Anthony Dye,142641,ED,PRESBYTERN,11,2,0,,0,1,271,0,0,63.8,53.9,82.6,50.8,54.0,32.1,1,5,0,0,,30.0,6,0,0,0.0,0,1,0,2,0,2,353,350,0,65,63,222,0,3,167,184,0,6,12,0,0,7,0,0,0,
Harrison Kennedy,142642,DI,PRESBYTERN,11,1,0,,0,0,271,0,0,59.2,55.8,56.8,58.8,54.9,39.5,0,2,0,0,,28.6,2,1,1,0.0,0,1,0,1,0,4,273,272,192,76,0,4,0,1,129,140,0,3,4,0,0,3,0,0,0,
David Kinard,142650,DI,PRESBYTERN,8,3,0,,0,0,271,1,0,61.0,63.9,82.0,60.6,63.5,67.2,3,2,0,0,,16.7,2,0,0,0.0,0,1,0,0,0,1,254,254,16,112,6,120,0,0,134,119,0,6,7,1,0,6,0,0,0,
CJ Tillman,142651,DI,WOFFORD,8,2,0,,0,0,350,0,0,,60.3,82.1,58.8,59.8,44.9,0,2,0,0,,14.3,1,0,0,0.0,0,0,0,0,0,0,137,137,120,15,1,1,0,0,57,80,0,1,4,0,0,2,0,0,0,
Jack Henegan,142653,LB,PRESBYTERN,10,5,0,62.5,0,1,271,0,0,57.1,59.3,84.7,58.6,62.4,66.4,1,1,0,0,18,13.3,2,0,1,119.3,5,1,0,32,2,63,159,55,0,0,55,0,1,104,22,74,69,6,8,1,8,3,1,49,30,9.8
Travis Laster,142666,CB,WAGNER,4,3,0,88.2,0,0,338,0,0,44.1,42.5,79.0,,39.3,64.0,0,0,0,0,40,12.5,3,0,0,134.1,15,0,0,18,125,62,144,1,0,0,1,0,0,143,0,82,0,1,18,0,17,0,1,195,71,13.0
Nicolas Olivier,142668,CB,WAGNER,10,8,0,52.0,0,2,338,0,0,83.6,79.9,83.9,,64.6,54.6,0,0,0,0,48,20.5,8,6,1,66.6,13,0,0,39,415,182,464,6,0,0,6,0,0,458,0,282,4,12,23,0,25,0,0,127,80,9.8
John Gioia,142669,LB,WAGNER,11,22,0,66.7,0,0,338,0,0,64.0,67.6,86.3,61.9,67.2,64.2,2,4,0,1,17,12.3,8,1,0,45.5,8,1,0,434,0,189,503,52,0,0,52,0,0,451,48,266,17,26,35,3,12,7,0,65,45,8.1
Nyon Barnes,142670,CB,WAGNER,1,0,0,,0,0,338,0,0,62.6,61.2,74.1,60.0,58.2,73.5,0,0,0,0,,0.0,0,0,0,0.0,0,0,0,2,20,3,24,1,0,0,1,0,0,23,1,20,1,0,1,0,0,0,0,0,0,
Justin Reilly,142681,S,WAGNER,5,2,0,100.0,0,0,338,0,0,61.2,61.8,81.8,57.4,62.0,42.9,0,0,0,0,22,23.5,8,0,0,144.8,4,0,0,49,0,64,163,12,0,0,12,0,53,151,3,96,49,9,24,1,4,0,1,37,44,9.3
Christian Davis,142688,S,WAGNER,6,4,0,73.7,0,0,338,1,1,60.9,66.2,86.5,,76.0,88.0,0,0,0,2,64,3.8,1,2,0,115.6,14,0,0,68,33,151,363,1,0,0,1,0,118,362,0,212,143,5,21,0,19,0,5,306,110,21.9
Jalin Justice,142689,LB,WAGNER,11,9,0,100.0,0,0,338,0,0,53.3,54.7,83.0,51.4,58.0,74.3,0,0,0,0,23,7.9,3,0,0,158.3,8,0,0,232,0,94,298,26,0,0,25,1,0,272,26,178,40,11,26,2,8,0,1,121,82,15.1
Tre Vallar,142693,LB,WAGNER,11,23,0,52.9,0,0,338,0,0,64.7,63.0,83.9,58.8,60.7,50.7,2,1,0,0,31,18.1,13,1,0,79.8,9,0,0,344,1,172,462,42,0,0,42,0,10,420,31,259,65,15,36,1,17,3,1,57,59,6.3
Andre Crawley Jr.,142699,DI,WAGNER,3,1,0,,0,0,338,0,0,,63.7,82.5,69.8,58.5,29.3,1,5,0,0,,27.3,3,0,0,0.0,0,0,0,0,0,0,147,147,89,52,2,4,0,0,59,88,0,3,7,3,0,6,0,0,0,
Shakim Douglas,142702,DI,WAGNER,6,3,0,,0,0,338,1,0,61.0,62.7,79.2,61.0,59.7,76.5,0,2,0,0,,0.0,0,0,0,0.0,0,0,0,0,0,0,148,148,2,56,11,79,0,0,51,97,0,2,2,1,0,2,0,0,0,
Brendan Johnson,142710,CB,WAGNER,4,1,0,66.7,0,0,338,0,0,64.8,67.3,81.3,,71.1,67.2,0,0,0,0,38,11.1,1,1,0,149.3,4,0,0,25,1,49,132,0,0,0,0,0,6,132,0,83,100,1,7,0,6,0,1,79,8,19.8
Lennox Lamar,142712,LB,WAGNER,11,9,0,80.0,0,1,338,1,0,54.3,59.5,37.3,61.1,62.6,75.5,1,6,0,0,12,6.7,2,1,2,91.7,4,1,0,95,0,68,419,306,0,0,237,69,0,113,103,248,18,13,19,5,5,8,0,30,21,7.5
Ajay Morrison,142714,CB,WAGNER,4,1,0,58.3,0,0,338,0,0,46.9,49.3,79.6,,60.3,81.5,0,0,0,0,69,0.0,0,0,0,122.9,7,0,0,7,120,61,130,3,0,0,3,0,0,127,0,69,0,1,5,0,12,0,1,128,53,18.3
Tajay Passmore,142715,ED,WAGNER,10,9,0,,0,0,338,0,0,57.9,65.2,43.6,62.5,68.2,64.8,3,9,0,0,,7.4,2,0,2,0.0,0,2,0,6,0,0,444,438,9,151,119,159,0,6,198,246,0,15,16,4,0,14,0,0,0,
Coby Calvin,142717,S,WAGNER,11,16,0,67.7,0,1,338,1,1,73.2,72.8,86.8,63.3,70.0,59.1,1,4,1,1,26,18.0,16,1,0,90.1,21,0,0,168,5,245,593,25,0,0,25,0,169,568,12,336,226,19,57,2,31,5,2,175,150,8.3
Prince Umanmielen,142721,DI,TARLETON,6,1,0,,0,0,401,0,0,,58.3,2.6,57.8,65.7,75.2,0,1,0,0,,0.0,0,0,1,0.0,0,1,0,1,0,0,70,69,7,20,7,35,0,1,50,20,0,3,2,0,0,2,0,0,0,
Nick Glenn,142737,DI,ALAB A&M,4,0,0,,0,0,104,0,0,,59.5,75.8,59.4,58.9,,0,0,0,0,,,0,0,0,0.0,0,0,0,0,0,0,37,37,4,33,0,0,0,0,18,19,0,0,0,0,0,0,0,0,0,
KC Eziomume,142746,CB,ALAB A&M,2,0,0,66.7,0,0,104,0,0,53.6,56.4,72.7,,65.4,76.6,0,0,0,0,13,0.0,0,0,0,133.3,2,0,0,5,20,12,28,0,0,0,0,0,0,28,0,16,2,0,2,0,3,0,1,26,-1,13.0
Khalil Griffin,142748,CB,ALAB A&M,1,0,0,,0,0,104,0,0,60.7,60.9,74.5,59.2,60.0,,0,0,0,0,,,0,0,0,0.0,0,0,0,0,0,2,7,0,0,0,0,0,0,7,1,4,7,0,0,0,0,0,0,0,0,
Dimitris Biamby,142753,LB,ALAB A&M,11,3,0,66.7,0,2,104,1,0,47.7,47.4,80.9,54.3,49.5,28.7,0,4,0,0,59,27.6,8,0,0,149.3,8,0,0,164,0,87,200,27,0,0,27,0,0,173,37,76,8,10,18,1,12,4,2,192,119,24.0
Liston Richardson,142758,DI,ALAB A&M,11,8,1,,0,2,104,0,0,55.4,71.2,84.0,65.7,74.1,50.1,0,3,0,0,,14.3,4,0,0,0.0,0,4,0,1,0,0,458,456,16,418,5,17,0,2,238,220,0,18,16,4,0,7,0,0,0,
Jamre Benjamin,142777,CB,SCAR STATE,3,0,0,50.0,0,0,290,0,0,57.8,59.4,78.8,,64.9,35.9,0,0,0,0,9,22.2,2,1,0,61.5,2,0,0,6,103,63,110,0,0,0,0,0,0,110,0,47,1,1,7,0,4,0,0,17,12,8.5
Michael Brunson,142778,CB,SCAR STATE,9,3,0,66.7,0,0,290,0,0,67.9,71.1,81.3,70.3,76.4,64.8,0,1,0,0,34,16.7,2,0,0,95.6,6,0,0,9,142,104,187,0,0,0,0,0,2,187,3,80,33,2,7,0,9,1,0,82,31,13.7
Aaron Smith,142779,LB,SCAR STATE,11,12,0,71.4,0,0,290,0,0,36.1,48.5,56.1,65.1,56.3,56.6,0,8,0,0,63,17.6,13,1,2,153.3,15,5,0,551,0,288,637,58,0,0,58,0,0,579,43,306,28,26,49,8,21,13,3,294,218,19.6
Nathaniel Wilcox,142782,ED,SCAR STATE,3,0,0,,0,0,290,0,0,60.0,65.2,0.0,71.3,66.9,74.4,0,2,0,0,,0.0,0,0,1,0.0,0,0,0,0,0,0,19,19,0,7,9,3,0,0,8,11,0,2,2,1,0,2,0,0,0,
Jared Kirksey,142786,ED,SCAR STATE,10,2,1,,1,0,290,0,0,60.1,74.7,61.6,73.4,71.8,67.1,2,13,0,0,,13.6,3,0,1,0.0,0,5,0,0,0,0,340,340,1,0,316,23,0,0,161,179,0,17,17,6,0,20,0,0,0,
Bryce Turner,142789,S,PRVIEW A&M,7,3,0,83.3,0,0,270,1,1,55.7,61.4,15.8,,76.4,60.8,0,0,0,0,22,18.2,6,0,1,142.7,10,0,0,60,0,157,307,3,0,0,3,0,172,304,0,150,71,3,24,0,12,0,1,139,27,13.9
Xavier Oliphant,142807,CB,CAL POLY,3,0,0,92.3,0,0,129,0,0,62.9,62.7,80.9,59.2,59.5,30.6,0,0,0,0,19,38.5,5,1,0,101.0,12,0,0,4,71,72,123,1,0,0,0,1,0,122,1,50,47,2,8,0,13,0,0,107,105,8.9
Zach Hernandez,142811,S,CAL POLY,10,7,0,75.0,0,0,129,0,0,45.1,42.7,81.6,,41.4,40.1,0,0,0,1,70,27.6,8,0,0,116.7,6,0,0,42,1,82,180,1,0,0,1,0,76,179,0,98,60,3,14,1,8,0,1,133,92,22.2
Jeremy Justice,142812,CB,CAL POLY,5,4,0,78.9,0,1,129,0,0,65.6,62.6,83.8,50.9,55.1,55.0,0,0,0,0,32,23.8,5,1,0,118.4,15,0,0,37,6,130,242,3,0,0,3,0,3,239,10,102,193,6,12,0,19,0,1,156,126,10.4
Ethan Rodriguez,142817,DI,CAL POLY,7,4,0,,0,0,129,0,0,59.7,70.3,82.0,72.0,64.2,62.8,1,7,0,0,,11.8,2,0,0,0.0,0,2,0,0,0,0,282,282,0,236,2,44,0,0,171,111,0,9,11,1,0,10,0,0,0,
Ian Don,142818,ED,CAL POLY,5,0,0,,0,0,129,1,0,51.1,49.1,78.3,56.5,52.0,45.3,0,0,0,0,,20.0,1,0,0,0.0,0,0,0,7,0,3,50,43,0,0,41,2,0,7,8,39,0,2,4,1,0,0,0,0,0,
Elijah Ponder,142819,ED,CAL POLY,11,10,1,50.0,2,0,129,0,0,68.6,80.2,43.2,87.6,69.6,56.9,8,29,0,0,-5,15.2,7,0,4,56.3,1,2,0,6,0,21,600,594,2,8,532,52,0,6,289,290,0,21,29,5,2,39,0,-5,2,-5.0
Robbie Greer,142821,ED,CAL POLY,11,4,0,100.0,0,0,129,0,0,62.8,63.0,85.6,56.3,64.3,60.3,0,4,0,0,20,14.8,4,0,0,158.3,1,0,0,9,0,17,371,361,4,61,236,60,0,10,140,214,1,15,19,4,1,4,1,20,11,20.0
John Smolenski,142824,DI,CAL POLY,1,1,0,,0,0,129,0,0,,55.2,79.1,54.0,56.9,70.1,0,1,0,0,,0.0,0,0,0,0.0,0,0,0,0,0,0,67,67,27,38,2,0,0,0,38,29,0,0,0,0,0,1,0,0,0,
Kale Anderson,142845,WR,CHARLES SO,1,0,0,,0,0,135,0,0,,60.0,,,60.0,,0,0,0,0,,,0,0,0,0.0,0,0,0,0,0,0,1,0,0,0,0,0,0,1,0,1,0,0,0,0,0,0,0,0,0,
Jaron Richardson,142852,CB,CHARLES SO,2,0,0,75.0,0,0,135,0,0,62.2,58.0,76.3,,47.1,47.7,0,0,0,0,7,25.0,1,0,0,81.3,3,0,0,0,31,15,32,0,0,0,0,0,0,32,0,17,0,1,3,0,4,0,0,16,4,5.3
Tylan Hollis,142853,CB,CHARLES SO,4,3,0,85.7,0,0,135,0,0,49.0,55.8,78.5,71.1,70.7,53.4,1,1,0,0,36,0.0,0,0,0,118.8,6,0,0,35,1,60,107,2,0,0,2,0,0,105,6,41,69,0,1,0,7,2,0,103,44,17.2
Matt Suriano,142855,DI,CHARLES SO,9,2,0,,0,0,135,0,0,,58.5,83.1,62.7,54.7,43.6,0,3,0,0,,22.2,2,0,0,0.0,0,1,0,0,0,0,144,144,60,83,0,1,0,0,72,72,0,4,5,0,0,4,0,0,0,
DaQuan Robinson,142857,LB,CHARLES SO,2,1,0,75.0,0,0,135,0,0,52.4,53.1,75.6,56.4,57.0,34.8,0,0,0,0,48,28.6,2,0,0,156.3,3,0,0,62,0,42,82,4,0,0,4,0,0,78,4,36,16,4,4,1,4,0,1,65,49,21.7
Mikah Riley,142859,DI,CHARLES SO,2,0,0,,0,0,135,0,0,,63.7,69.9,,62.4,,0,0,0,0,,,0,0,0,0.0,0,0,0,0,0,0,7,7,0,7,0,0,0,0,0,7,0,0,0,0,0,0,0,0,0,
Elijah Harper,142861,ED,CHARLES SO,3,3,0,,0,0,135,0,0,61.5,57.9,82.6,56.8,57.5,53.9,0,2,0,0,,22.2,2,0,0,0.0,0,0,0,0,0,3,111,110,0,0,102,8,1,1,55,53,0,2,4,1,0,2,0,0,0,
Mike Reid,142944,CB,MONMOUTH,11,6,0,52.3,0,2,231,1,0,78.0,78.5,51.8,65.4,79.6,85.7,0,1,0,1,51,5.0,3,11,2,79.7,23,1,0,104,577,376,734,8,0,0,8,0,4,726,6,352,41,13,51,0,44,2,2,300,89,13.0
Andrew Vera,142950,ED,MONMOUTH,1,0,0,,0,0,231,0,0,,61.7,69.5,,60.7,,0,0,0,0,,,0,0,0,0.0,0,0,0,0,0,0,3,3,0,0,3,0,0,0,0,3,0,0,0,0,0,0,0,0,0,
Sheku Tonkara,142951,DI,MONMOUTH,11,3,0,,0,0,231,0,0,60.0,56.6,61.5,61.3,53.7,21.9,1,9,0,0,,61.5,8,0,1,0.0,0,2,0,1,0,0,404,403,21,349,1,32,0,1,202,202,0,4,2,1,0,12,0,0,0,
Matt Clark,142952,DI,MONMOUTH,1,0,0,,0,0,231,0,0,,61.1,71.2,58.0,61.6,,0,0,0,0,,,0,0,0,0.0,0,0,0,0,0,0,6,6,3,3,0,0,0,0,3,3,0,0,0,0,0,0,0,0,0,
Phil Long,142955,DI,MONMOUTH,1,0,0,,0,0,231,0,0,,64.6,69.4,57.7,63.7,,1,0,0,0,,,0,0,0,0.0,0,0,0,0,0,0,6,6,0,6,0,0,0,0,3,3,0,0,0,0,0,1,0,0,0,
Justin O'Bannon,142956,ED,MONMOUTH,11,4,0,,0,0,231,0,0,64.3,63.4,67.4,61.6,62.9,62.9,1,14,0,0,,11.1,2,0,1,0.0,0,3,0,1,0,3,469,467,0,14,298,155,0,2,239,227,1,9,12,2,0,18,0,0,0,
Dominick Spano,142957,DI,MONMOUTH,11,6,0,,0,0,231,0,0,60.0,61.7,46.7,59.4,65.2,56.2,1,8,0,0,,14.8,4,0,2,0.0,0,0,0,0,0,0,441,441,149,288,0,4,0,0,211,230,0,15,17,3,0,9,0,0,0,
Jig Williams,142960,WR,RHODE ISLD,1,0,0,,0,0,274,0,0,,60.0,60.0,,60.0,,0,0,0,0,,,0,0,0,0.0,0,0,0,0,0,0,1,0,0,0,0,0,0,1,0,1,0,0,0,0,0,0,0,0,0,
Arthur White,142974,CB,RHODE ISLD,11,2,0,42.9,0,0,274,0,0,71.9,69.4,78.8,56.7,60.5,61.6,0,0,0,0,17,16.7,2,3,0,65.8,3,0,0,28,125,76,159,0,0,0,0,0,1,159,2,81,5,2,8,1,7,0,0,47,7,15.7
Mekhi Bethel,142975,LB,RHODE ISLD,10,4,0,75.0,0,0,274,0,0,60.2,74.8,78.1,68.9,81.5,73.0,0,2,0,0,38,10.0,1,0,0,114.6,3,0,0,63,0,30,69,0,0,0,0,0,0,69,7,32,6,4,5,0,4,2,0,48,46,16.0
Fredrick Mallay,142976,CB,RHODE ISLD,8,0,0,66.7,0,0,274,0,0,60.8,62.6,78.5,60.0,68.5,80.6,0,0,0,0,34,0.0,0,0,0,109.7,2,0,0,9,28,41,63,0,0,0,0,0,0,63,1,21,25,1,5,0,3,0,0,50,3,25.0
Gabe Salomons,142979,ED,RHODE ISLD,10,12,2,83.3,0,1,274,0,0,77.4,61.4,57.7,57.3,56.7,40.8,1,8,0,0,12,20.0,10,0,2,113.9,10,2,0,5,2,78,568,546,0,0,524,22,0,22,203,287,15,14,28,3,12,11,1,56,32,5.6
Jasyn Andrews,142982,DI,RHODE ISLD,6,2,0,,0,0,274,0,0,60.0,58.8,79.2,57.1,63.5,34.1,0,1,0,0,,20.0,1,0,0,0.0,0,0,0,1,0,0,81,80,22,56,0,2,0,1,32,49,0,2,2,0,0,1,0,0,0,
Westley Neal Jr.,142983,DI,RHODE ISLD,9,6,0,,0,0,274,0,0,63.8,64.1,60.9,58.7,66.6,38.7,4,8,0,0,,17.2,5,0,1,0.0,0,0,0,1,0,0,349,347,127,215,0,5,1,2,204,145,0,14,18,2,0,12,0,0,0,
Caleb Gillen,142997,S,BUCKNELL,1,0,0,,0,0,125,0,0,,61.2,73.7,,60.9,,0,0,0,0,,,0,0,0,0.0,0,0,0,0,0,0,8,1,0,0,1,0,0,7,0,8,7,0,0,0,0,0,0,0,0,
Quentin Lemon,142999,S,BUCKNELL,5,0,0,100.0,0,0,125,0,0,50.3,49.5,77.1,65.7,50.2,34.0,0,1,0,0,30,33.3,3,0,0,118.8,2,0,0,80,0,24,82,1,0,0,1,0,0,81,3,55,1,1,6,0,2,1,0,36,43,18.0
Blake Leake,143001,LB,BUCKNELL,11,21,0,80.0,0,0,125,0,0,68.6,70.9,86.2,61.1,70.4,64.0,5,8,0,1,21,12.2,12,0,0,82.3,28,1,0,575,1,304,651,22,0,0,22,0,0,629,57,290,53,35,65,3,35,14,0,231,162,8.3
Tyler Alston,143003,ED,BUCKNELL,11,10,0,50.0,0,0,125,0,0,53.4,63.3,56.4,58.0,70.5,56.0,3,15,0,1,12,19.4,6,0,3,29.2,1,7,0,24,0,9,545,520,0,6,509,5,0,25,298,238,1,13,15,0,2,25,0,12,2,12.0
Mike Bright Jr.,143004,ED,BUCKNELL,9,6,1,,0,0,125,0,0,63.7,63.7,85.2,55.2,68.2,59.7,0,15,0,0,,11.5,3,0,0,0.0,0,1,0,2,0,2,382,380,0,29,252,99,0,2,220,160,0,10,17,1,0,16,0,0,0,
Connor Carretta,143007,DI,BUCKNELL,10,11,0,,0,0,125,0,0,64.5,60.2,43.0,53.7,63.0,52.6,4,5,0,0,,14.3,5,0,2,0.0,0,0,0,0,0,0,433,433,51,328,2,52,0,0,189,244,0,12,19,0,0,9,0,0,0,
Nathaniel Carson,143008,DI,BUCKNELL,10,2,0,,0,0,125,0,0,60.0,51.5,77.7,54.4,50.8,75.5,0,0,0,0,,0.0,0,0,0,0.0,0,0,0,0,0,0,90,90,1,61,0,28,0,0,43,47,0,2,2,0,0,0,0,0,0,
Owen Goss,143026,CB,COLGATE,7,2,0,54.5,1,1,142,1,0,64.9,68.2,14.1,66.9,78.3,51.6,0,0,0,0,29,20.8,5,4,4,86.0,12,0,0,64,210,138,285,1,0,0,1,0,0,284,0,147,10,4,17,1,22,0,1,123,37,10.3
Sage Luther,143027,S,COLGATE,10,11,0,66.7,1,0,142,0,0,58.8,65.9,81.6,,75.9,88.1,0,0,0,0,24,5.3,2,0,1,91.0,6,0,0,77,0,94,187,1,0,0,1,0,95,186,0,93,14,2,25,0,9,0,0,72,8,12.0
Michael Slivka,143028,LB,COLGATE,10,11,0,84.6,0,1,142,0,0,55.3,52.5,82.5,58.7,51.0,56.7,0,0,0,0,15,13.5,5,0,0,121.5,11,0,0,261,0,124,290,3,0,0,3,0,0,287,11,155,26,10,21,1,13,0,1,91,49,8.3
Nick Marsh,143029,ED,COLGATE,11,6,0,100.0,0,0,142,1,0,57.8,61.1,73.9,60.7,60.5,55.4,3,8,0,0,29,15.6,5,0,1,118.8,3,2,0,18,0,9,557,537,0,1,514,22,0,20,289,259,2,12,21,5,3,13,0,38,35,12.7
Drew Frankel,143030,ED,COLGATE,10,5,0,,0,0,142,0,0,55.9,61.5,86.9,53.5,66.3,84.9,1,4,0,0,,0.0,0,0,0,0.0,0,0,0,7,0,8,224,216,0,0,215,1,0,8,95,121,1,7,11,0,0,5,0,0,0,
Blaine Anderson,143031,S,COLGATE,6,2,0,50.0,0,0,142,0,0,42.3,46.0,80.8,,56.3,50.6,0,0,0,0,25,28.6,2,1,0,131.9,3,0,0,45,2,60,124,0,0,0,0,0,36,124,0,64,41,2,3,1,6,0,1,70,5,23.3
Evan Jones,143032,LB,COLGATE,10,1,0,33.3,0,0,142,0,0,49.0,40.8,77.1,65.6,35.3,28.5,0,0,0,0,22,27.3,3,0,0,60.4,1,0,0,91,0,45,97,2,0,0,2,0,0,95,3,49,4,5,7,0,3,0,0,22,10,22.0
Chris Heckel,143034,LB,COLGATE,1,0,0,,0,0,142,0,0,,60.6,68.5,,60.0,,0,0,0,0,,,0,0,0,0.0,0,0,0,0,0,0,2,2,0,0,2,0,0,0,0,2,0,0,0,0,0,0,0,0,0,
Christian Sweeney,143035,LB,COLGATE,9,8,0,65.2,0,0,142,0,0,67.3,56.7,85.7,57.4,48.6,59.5,1,3,0,0,20,14.3,6,3,1,93.4,15,0,0,382,1,161,442,45,0,0,45,0,0,397,64,217,14,18,28,2,23,4,1,124,83,8.3
Austin McClendon,143036,DI,COLGATE,11,4,0,,0,0,142,0,0,60.0,61.5,84.7,61.8,58.8,63.5,0,9,0,0,,7.4,2,0,0,0.0,0,1,0,0,0,0,428,428,57,163,90,118,0,0,222,206,0,13,21,1,0,10,0,0,0,
Ja-lon Perkins,143037,DI,COLGATE,1,0,0,,0,0,142,0,0,,50.6,69.4,58.7,56.0,,0,0,0,0,,,0,0,0,0.0,0,0,0,0,0,0,7,7,0,4,0,3,0,0,4,3,0,0,0,0,0,0,0,0,0,
Ke'Tre Dickens II,143038,DI,COLGATE,4,0,0,,0,0,142,0,0,60.0,64.0,79.2,71.3,59.2,34.4,2,2,0,0,,0.0,0,0,0,0.0,0,1,0,0,0,0,123,123,6,99,1,17,0,0,55,68,0,1,1,0,0,5,0,0,0,
Deon Montgomery,143051,CB,FORDHAM,2,0,0,57.1,0,0,168,0,0,58.8,59.6,77.1,,62.5,27.9,0,0,0,0,28,50.0,1,0,0,81.3,4,0,0,3,42,41,56,1,0,0,1,0,1,55,0,15,9,0,1,0,7,0,0,53,27,13.3
Mike Courtney,143052,S,FORDHAM,11,2,0,73.3,2,0,168,1,0,50.8,54.4,19.5,63.8,64.3,40.2,1,0,0,1,24,29.0,9,0,3,92.1,11,1,0,132,4,181,320,10,0,0,10,0,115,310,20,119,59,8,20,2,15,2,1,124,52,11.3
Nahil Perkins,143053,CB,FORDHAM,4,1,0,63.6,0,0,168,0,0,66.5,67.1,79.0,,65.6,79.8,0,0,0,0,21,0.0,0,1,1,117.4,7,0,0,1,106,69,107,0,0,0,0,0,0,107,0,38,0,2,3,1,11,0,3,60,10,8.6
Jason Walker,143055,DI,FORDHAM,6,3,0,,0,0,168,1,0,,56.7,79.9,63.8,49.5,76.9,0,1,0,0,,0.0,0,0,0,0.0,0,0,0,0,0,0,173,173,0,98,3,72,0,0,97,76,0,1,2,0,0,1,0,0,0,
Richard Hofus,143056,DI,FORDHAM,12,8,0,,0,0,168,0,0,60.0,59.2,82.9,51.5,63.6,55.0,1,1,0,0,,9.5,2,0,0,0.0,0,0,0,0,0,0,294,294,39,189,0,66,0,0,155,139,0,10,11,0,0,2,0,0,0,
Terrence Spence,143073,CB,HOLY CROSS,13,6,0,53.2,1,0,181,0,0,73.9,71.6,5.9,58.3,61.4,66.9,0,0,0,1,44,10.8,4,8,2,85.7,25,0,0,14,549,356,573,0,0,0,0,0,1,573,1,216,7,5,27,0,47,0,2,383,108,15.3
Malik Scott,143074,CB,HOLY CROSS,5,0,0,80.0,0,0,181,0,0,58.4,59.0,76.1,,61.9,79.8,0,0,0,0,37,0.0,0,1,0,118.8,4,0,0,0,43,32,45,0,0,0,0,0,2,45,0,13,0,0,4,0,5,0,0,74,-1,18.5
Matthew Kane,143075,ED,HOLY CROSS,10,1,0,,0,0,181,1,0,67.2,73.1,85.8,64.8,76.8,83.0,1,3,0,0,,0.0,0,0,0,0.0,0,2,0,26,0,15,87,59,0,0,59,0,0,28,50,22,0,4,7,0,0,6,0,0,0,
Brian Vaganek,143076,ED,HOLY CROSS,13,4,0,50.0,0,0,181,0,0,60.8,53.9,85.6,50.6,56.2,42.2,0,2,0,0,8,20.0,3,1,1,60.4,1,1,0,0,0,0,436,436,4,73,266,93,0,0,243,193,0,7,8,2,2,3,0,8,0,8.0
Matt Duchemin,143077,CB,HOLY CROSS,9,3,0,66.7,0,0,181,0,0,72.2,71.9,78.1,59.6,63.9,60.9,0,1,0,0,33,14.3,1,1,0,129.9,6,0,0,8,75,56,85,0,0,0,0,0,2,85,1,28,0,1,3,1,9,1,1,76,25,12.7
Dante Bolden,143082,LB,HOLY CROSS,13,11,0,70.0,0,0,181,0,0,64.7,58.5,90.6,51.7,57.5,68.6,1,8,0,0,23,11.5,6,2,0,78.1,14,1,0,444,0,217,615,141,0,0,140,1,1,474,136,262,29,27,35,3,20,10,0,85,71,6.1
Dillon Springer,143085,DI,HOLY CROSS,13,8,0,,0,0,181,0,0,61.3,66.3,87.3,59.5,68.1,71.7,0,12,0,0,,5.3,1,0,0,0.0,0,0,0,1,0,0,534,533,275,253,1,4,0,1,305,229,0,8,10,0,0,12,0,0,0,
Jared Dyer,143086,DI,HOLY CROSS,5,0,0,,0,0,181,0,0,60.0,51.9,0.0,55.6,63.4,70.1,0,0,0,0,,0.0,0,0,1,0.0,0,0,0,0,0,0,26,26,17,9,0,0,0,0,21,5,0,0,1,0,0,0,0,0,0,
Joseph Groves,143094,S,WM & MARY,1,1,0,,0,0,348,0,0,,60.0,63.1,,60.0,76.2,0,0,0,0,,0.0,0,0,0,0.0,0,0,0,0,0,0,1,0,0,0,0,0,1,1,0,1,0,0,0,0,0,0,0,0,0,
Semaj Cross,143096,S,LAFAYETTE,11,7,0,77.8,0,0,203,0,0,57.9,66.9,85.5,70.3,75.1,81.8,0,2,0,0,21,5.6,2,0,0,91.4,14,1,0,86,5,120,309,55,0,0,55,0,2,254,30,159,161,14,27,1,18,3,0,107,66,7.6
A.T. Ntantang,143097,CB,LAFAYETTE,11,11,0,47.2,0,0,203,0,0,69.1,70.9,42.0,,78.7,76.6,0,0,1,2,37,9.3,4,4,3,61.8,25,0,0,38,549,335,596,0,0,0,0,0,3,596,0,261,6,4,28,0,53,0,2,299,65,12.0
Preston Forney,143098,LB,LAFAYETTE,9,11,0,64.7,0,1,203,1,0,56.5,62.6,84.2,60.0,66.1,28.6,2,8,0,1,26,29.0,20,0,0,74.6,11,1,0,521,0,259,563,30,0,0,30,0,1,533,62,242,11,23,38,3,17,11,1,96,64,8.7
Shaikyi Hannah,143099,LB,LAFAYETTE,1,0,0,,0,0,203,0,0,60.0,60.3,66.4,59.7,60.0,,0,0,0,0,,,0,0,0,0.0,0,0,0,3,0,1,4,1,0,0,1,0,0,3,1,2,0,0,0,0,0,0,0,0,0,
Neriyan Brown,143100,S,LAFAYETTE,11,2,0,60.0,0,0,203,0,0,63.6,63.3,81.8,,59.4,56.5,0,0,0,0,20,18.8,3,1,0,110.8,6,0,0,12,3,108,137,0,0,0,0,0,95,137,0,29,27,3,11,0,10,0,1,61,19,10.2
Tristen Roundtree,143101,S,LAFAYETTE,2,1,0,100.0,0,0,203,0,0,53.6,64.0,76.8,66.5,74.1,56.2,1,0,0,0,18,16.7,1,0,0,105.8,5,0,0,20,0,16,53,6,0,0,6,0,0,47,2,35,27,2,4,0,5,1,0,47,31,9.4
Stone McDonald,143102,S,LAFAYETTE,1,0,0,100.0,0,0,203,0,0,47.5,48.8,68.9,,60.0,,0,0,0,0,12,,0,0,0,116.7,1,0,0,0,0,6,7,0,0,0,0,0,5,7,0,1,2,0,0,0,1,0,0,12,0,12.0
Adam Port,143106,DI,LAFAYETTE,11,2,0,,0,1,203,0,0,60.5,67.7,62.9,57.8,72.6,40.9,2,3,0,0,,14.3,2,0,1,0.0,0,0,0,0,0,1,375,374,169,201,0,4,0,1,181,193,1,9,10,2,0,5,0,0,0,
Noah Nunn,143107,DI,LAFAYETTE,11,1,0,,0,0,203,0,0,60.0,62.2,14.8,66.7,61.2,31.2,3,3,0,0,,20.0,3,0,2,0.0,0,0,0,0,0,0,216,216,6,130,5,75,0,0,112,104,0,7,11,3,0,6,0,0,0,
Eric Johnson,143121,WR,LEHIGH,1,0,0,,0,0,205,0,0,,60.0,60.0,,60.0,,0,0,0,0,,,0,0,2,0.0,0,0,0,0,0,0,1,0,0,0,0,0,0,1,0,1,0,0,0,0,0,0,0,0,0,
Donovan Thomas,143123,S,LEHIGH,11,9,0,84.0,0,0,205,0,0,44.4,47.3,85.6,56.6,55.2,45.8,0,0,0,1,41,22.4,11,0,0,139.8,21,0,0,165,2,236,430,3,0,0,3,0,180,427,4,190,79,6,29,0,25,0,4,301,122,14.3
LaTreil Wimberly,143124,CB,LEHIGH,10,5,0,69.1,0,0,205,0,0,53.9,58.9,44.4,50.2,82.6,58.5,0,0,0,1,68,13.7,7,4,2,140.5,38,0,0,71,436,302,580,14,0,0,14,0,30,566,13,265,29,12,39,1,55,0,6,700,244,18.4
Devari Robinson,143125,CB,LEHIGH,1,0,0,,0,0,205,0,0,,60.0,60.0,,60.0,,0,0,0,0,,,0,0,0,0.0,0,0,0,0,0,0,1,0,0,0,0,0,0,1,0,1,0,0,0,0,0,0,0,0,0,
Donovan Lassiter,143126,CB,LEHIGH,7,0,0,78.6,0,0,205,1,0,53.0,55.5,81.6,66.3,62.5,67.2,0,0,0,0,79,12.5,2,1,0,158.3,11,1,0,31,232,143,268,2,0,0,2,0,2,266,5,120,0,3,14,0,14,1,4,260,98,23.6
Tim Bell,143128,LB,LEHIGH,10,2,0,100.0,0,0,205,0,0,62.7,62.8,79.3,78.1,54.7,63.1,0,1,0,0,4,16.7,2,0,0,81.3,2,1,0,86,0,45,106,1,0,0,1,0,0,105,6,55,18,6,8,2,2,2,0,7,13,3.5
Corey Melzer,143129,S,LEHIGH,11,4,0,75.0,0,0,205,0,0,50.5,54.5,84.7,,65.6,60.1,1,0,0,0,51,20.5,8,1,0,132.1,15,0,0,54,3,144,248,0,0,0,0,0,83,248,0,104,108,8,27,1,20,1,2,164,70,10.9
Nick Lucien,143130,CB,LEHIGH,2,1,0,75.0,0,0,205,0,0,71.2,67.0,0.0,,64.1,81.7,0,0,0,0,21,0.0,0,0,1,97.9,3,0,0,1,39,21,41,0,0,0,0,0,0,41,0,20,0,2,5,0,4,0,0,32,12,10.7
Drew DeMorat,143131,ED,LEHIGH,2,0,0,,0,0,205,0,0,,60.4,72.0,59.6,60.3,,0,0,0,0,,,0,0,0,0.0,0,0,0,0,0,0,6,6,0,0,6,0,0,0,2,4,0,0,0,0,0,0,0,0,0,
Mike DeNucci,143132,LB,LEHIGH,11,26,0,78.1,0,1,205,0,0,70.7,82.5,54.3,81.7,81.6,60.2,6,6,0,0,29,15.8,18,2,1,92.6,25,9,0,537,1,267,650,20,0,0,20,0,0,630,86,297,91,55,70,6,32,21,0,199,64,8.0
Spencer Roof,143134,CB,LEHIGH,10,8,0,70.8,0,0,205,0,0,52.4,49.3,84.8,49.8,46.2,29.9,1,3,0,0,39,29.4,10,1,1,107.5,17,0,0,86,5,125,324,27,0,0,27,0,5,297,27,172,200,6,16,0,24,4,1,187,96,11.0
Trevor Harris,143135,ED,LEHIGH,8,8,0,,0,0,205,0,0,63.4,73.5,84.5,67.0,72.1,39.4,3,14,0,0,,22.2,8,0,0,0.0,0,2,0,0,0,0,335,334,9,52,180,93,0,1,177,158,0,15,20,3,0,19,0,0,0,
Ben Murphy,143136,DI,LEHIGH,9,2,0,,1,0,205,0,0,67.8,58.2,55.6,57.0,58.0,26.3,2,2,0,0,,26.7,4,0,1,0.0,0,0,0,0,0,1,261,261,156,103,0,2,0,0,137,123,0,7,9,1,0,4,0,0,0,
Sam Sheridan,143137,ED,LEHIGH,6,3,0,100.0,0,0,205,0,0,76.5,61.6,37.3,57.6,59.2,65.2,0,1,0,0,6,11.1,1,0,1,91.7,1,2,0,28,0,15,178,149,8,1,137,3,0,29,88,75,0,4,5,1,1,3,0,6,6,6.0
Jack Boyd,143143,WR,BUTLER,1,0,0,,0,0,127,0,0,,55.9,60.0,,60.0,22.6,0,0,0,0,,100.0,1,0,0,0.0,0,0,0,0,0,0,1,0,0,0,0,0,0,1,0,1,0,0,0,0,0,0,0,0,0,
Austin Korba,143144,DI,BUTLER,10,3,0,,0,0,127,0,0,56.1,62.9,61.5,60.5,65.7,50.3,2,8,0,0,,15.8,3,0,1,0.0,0,1,0,0,0,1,404,404,14,337,12,41,0,0,189,214,0,13,13,3,0,11,0,0,0,
Kody Leach,143157,S,BUTLER,6,2,0,50.0,0,1,127,0,0,59.0,72.3,78.4,93.1,78.4,87.0,0,0,0,1,24,0.0,0,0,0,90.6,2,1,0,56,0,45,88,0,0,0,0,0,14,88,1,42,17,2,7,1,4,1,1,45,2,22.5
Lucas Kozlowski,143158,S,BUTLER,11,8,0,40.0,0,0,127,0,0,71.1,71.6,83.8,54.1,71.6,66.5,0,0,0,1,22,14.3,3,1,0,18.8,4,0,0,46,0,144,216,0,0,0,0,0,88,216,3,69,81,2,10,0,10,0,0,55,13,13.8
Patrick Coury,143159,S,BUTLER,5,1,0,50.0,0,0,127,0,0,57.7,61.5,77.3,,67.5,84.1,0,0,0,0,36,0.0,0,0,0,81.9,3,0,0,30,29,38,98,0,0,0,0,0,16,98,0,60,23,3,6,0,6,0,0,55,5,18.3
Jack Belskis,143160,ED,BUTLER,10,4,1,100.0,0,0,127,0,0,40.7,54.9,54.6,56.7,60.9,34.4,7,6,0,0,12,20.0,4,0,1,112.5,2,0,0,31,0,15,297,266,0,7,171,88,0,31,151,131,0,12,12,6,2,13,0,22,23,11.0
Andres Srsen,143161,CB,BUTLER,3,0,0,0.0,0,0,127,0,0,66.7,67.1,74.3,,60.9,,0,0,0,0,,,0,0,0,39.6,0,0,0,1,29,19,30,0,0,0,0,0,0,30,0,11,0,0,0,0,2,0,0,0,0,
Isaac Kolosik,143162,LB,BUTLER,5,2,0,100.0,0,0,127,0,0,38.6,59.7,76.6,59.0,82.2,48.5,2,0,0,0,39,18.8,3,0,0,118.8,5,0,0,74,0,35,81,2,0,0,2,0,0,79,8,38,5,8,11,1,5,2,0,89,37,17.8
Charlie Bless,143164,LB,BUTLER,11,5,0,85.7,0,0,127,0,0,56.6,62.2,78.7,55.1,67.1,50.3,0,1,0,0,17,20.0,4,0,0,85.7,6,0,0,147,0,63,155,0,0,0,0,0,0,155,8,84,8,5,11,1,7,1,0,32,28,5.3
Jacob Cain,143168,ED,BUTLER,10,3,1,100.0,1,1,127,0,0,63.0,65.9,59.4,61.5,68.6,49.5,1,11,0,0,9,20.0,3,0,1,104.2,1,4,0,54,1,52,330,275,0,1,250,24,0,55,139,139,0,11,9,2,1,16,0,9,3,9.0
Sam Urbanski,143169,DI,BUTLER,10,4,0,,0,0,127,0,0,60.0,65.8,81.2,50.9,71.7,53.5,0,1,0,0,,10.0,1,0,0,0.0,0,0,0,0,0,0,177,177,30,145,0,2,0,0,79,98,0,4,5,0,0,1,0,0,0,
Brandon Langdok,143178,WR,DRAKE,2,0,0,,0,0,153,0,0,58.8,58.0,60.0,,,,0,0,0,0,,,0,0,1,0.0,0,0,0,0,0,2,2,0,0,0,0,0,0,2,0,0,0,0,0,0,0,0,0,0,0,
Tony Graham II,143192,CB,DRAKE,10,5,0,57.7,1,0,153,0,0,71.4,66.8,5.0,58.3,55.8,65.8,0,0,0,2,22,15.4,4,4,4,48.6,15,0,0,30,395,239,485,48,0,0,48,0,4,437,4,242,7,4,17,0,26,0,0,190,61,12.7
Jackson Williams,143194,S,DRAKE,11,10,0,55.6,0,0,153,0,0,60.2,63.4,87.7,63.6,66.4,50.7,0,0,0,1,32,20.9,9,3,0,76.9,10,0,0,124,4,231,472,21,0,0,21,0,247,451,5,236,75,9,24,0,18,0,1,143,83,14.3
Joe Frommelt,143195,LB,DRAKE,9,1,0,100.0,0,0,153,0,0,57.0,59.7,83.4,60.0,63.0,50.2,0,0,0,0,10,25.0,2,0,0,108.3,1,0,0,22,1,18,39,7,0,0,7,0,0,32,1,20,7,1,5,0,1,0,0,10,9,10.0
Jacob Thompson,143196,LB,DRAKE,10,3,0,65.0,0,0,153,0,0,37.3,50.8,77.9,61.7,69.2,56.7,0,1,0,0,52,16.7,4,0,0,105.2,13,0,0,89,0,64,123,10,0,0,10,0,1,113,7,52,21,9,17,1,20,1,1,155,86,11.9
Jason Christenson,143199,DI,DRAKE,11,5,0,,0,0,153,0,0,62.5,72.5,58.6,67.0,72.7,27.6,2,7,0,0,,30.8,4,0,1,0.0,0,1,0,0,0,1,411,410,37,367,3,3,0,1,191,219,0,5,4,2,0,10,0,0,0,
Riley Theobald,143200,DI,DRAKE,11,2,1,,0,0,153,0,0,60.0,61.6,44.7,55.3,65.7,63.0,0,1,0,0,,10.0,1,0,1,0.0,0,0,0,1,0,0,217,216,22,186,2,6,0,1,88,129,0,6,7,0,0,1,0,0,0,
Jake Shipla,143201,DI,DRAKE,9,7,0,100.0,0,0,153,1,0,64.9,76.9,83.0,67.4,76.7,54.7,4,7,0,0,-8,11.1,3,0,0,79.2,1,2,0,1,0,0,344,343,20,305,6,12,0,1,193,151,0,17,17,6,1,13,0,-8,0,-8.0
Tyler Radocha,143203,S,DRAKE,11,7,0,88.9,0,0,153,0,0,69.5,67.3,83.9,,61.1,42.9,0,0,0,0,29,25.6,11,1,0,144.4,16,0,0,70,1,163,354,3,0,0,3,0,213,351,0,191,66,13,25,2,18,0,3,165,74,10.3
Logan Snead,143213,LB,SAN DIEGO,4,0,0,66.7,0,0,283,0,0,58.5,60.4,78.6,61.3,62.9,48.5,0,0,0,0,19,33.3,1,1,0,104.9,2,0,0,41,0,41,65,8,0,0,8,0,1,57,7,17,15,0,2,0,3,0,0,34,29,17.0
Alex Villas,143236,CB,DELAWARE,5,2,0,0.0,0,0,151,0,0,68.0,64.3,77.7,,55.9,77.9,0,0,0,0,,0.0,0,0,0,39.6,0,0,0,10,0,22,61,0,0,0,0,0,12,61,0,39,39,0,1,0,1,0,0,0,0,
Andy Petit-Homme,143239,CB,STETSON,4,3,0,57.1,0,0,302,0,0,68.3,70.1,81.2,60.0,73.4,77.0,0,0,0,0,35,6.3,1,1,0,113.7,8,0,0,8,176,92,195,0,0,0,0,0,2,195,1,102,7,4,12,0,14,0,1,135,25,16.9
Micah Adams,143241,CB,STETSON,9,12,0,58.3,0,0,302,0,0,62.3,64.6,6.8,47.3,77.4,78.1,0,1,0,1,32,10.3,6,4,3,94.9,21,0,0,100,396,264,572,4,0,0,4,0,48,568,1,307,22,13,40,2,36,1,3,242,46,11.5
Finau Fine,143242,ED,STETSON,4,2,0,,0,0,302,0,0,60.8,67.8,30.6,63.9,70.5,75.8,1,7,0,0,,0.0,0,0,1,0.0,0,0,0,0,0,0,151,151,0,18,42,91,0,0,89,62,0,0,1,0,0,8,0,0,0,
CJ Davis,143245,LB,STETSON,8,7,0,80.0,0,0,302,1,0,57.2,64.3,80.1,60.4,70.2,71.2,1,2,0,0,11,9.7,3,0,0,87.9,8,0,0,212,1,122,279,35,0,0,35,0,3,244,18,139,27,12,21,2,10,3,0,51,37,6.4
Tyler Lewis,143248,DI,STETSON,10,6,0,,0,0,302,0,0,58.9,63.8,87.9,59.1,64.3,63.2,0,7,0,0,,5.9,1,0,0,0.0,0,1,0,3,0,2,403,398,289,106,2,1,0,5,185,216,0,8,10,0,0,8,0,0,0,
Majeste' Hansberry,143249,LB,STETSON,10,24,1,53.6,1,1,302,0,0,84.4,83.4,0.0,83.2,83.8,87.3,3,6,0,0,58,5.9,5,2,4,76.0,15,3,0,390,26,253,634,117,0,0,117,0,5,517,63,318,94,30,56,5,28,12,0,197,145,13.1
Garner Jones,143277,CB,VALPO,5,1,0,100.0,0,0,332,0,0,50.6,51.3,72.0,,58.7,80.2,0,0,0,0,22,0.0,0,0,0,118.8,1,0,0,2,10,6,17,0,0,0,0,0,0,17,0,11,4,1,2,0,1,0,0,22,1,22.0
Marvin Rushing,143278,S,VALPO,1,0,0,,0,0,332,0,0,,60.0,64.2,,60.0,,0,0,0,0,,,0,0,0,0.0,0,0,0,1,1,0,2,0,0,0,0,0,0,2,0,2,0,0,0,0,0,0,0,0,0,
Anthony Sciarroni,143279,CB,VALPO,12,7,1,80.0,0,0,332,0,0,63.2,69.7,86.8,78.0,72.0,64.8,1,3,0,1,27,11.1,3,1,0,100.8,12,0,0,59,4,135,300,55,0,0,55,0,1,245,32,133,181,10,17,1,15,4,1,143,71,11.9
Keyon Turner,143280,CB,VALPO,12,5,0,61.8,0,1,332,0,0,60.5,57.9,0.0,71.4,51.8,47.3,2,1,0,0,73,21.8,12,4,7,120.2,34,1,0,50,481,323,569,6,0,0,6,0,10,563,11,235,21,12,38,2,55,4,4,559,180,16.4
Trent Miller,143291,DI,VALPO,9,4,0,,0,0,332,0,0,53.1,63.8,80.8,60.5,68.8,78.4,1,5,0,0,,0.0,0,0,0,0.0,0,1,0,0,0,1,201,201,21,177,1,2,0,0,104,96,0,7,7,0,0,7,0,0,0,
James Doerer,143292,LB,VALPO,10,22,0,90.0,0,0,332,1,0,51.9,53.0,84.3,68.2,50.6,63.5,4,4,0,0,35,12.9,8,0,0,115.0,18,3,0,425,1,217,463,12,0,0,11,1,0,451,35,211,25,19,32,1,20,11,1,152,134,8.4
Jadarius Horton,143294,CB,VALPO,11,4,0,65.4,0,0,332,0,0,59.2,62.1,0.0,75.1,78.1,71.5,0,0,0,0,64,10.3,3,2,4,137.8,17,1,0,35,355,213,411,8,0,0,8,0,1,403,2,196,12,8,22,1,26,1,3,267,91,15.7
George Trojanek,143295,DI,VALPO,11,3,0,,0,0,332,0,0,60.0,70.4,79.9,63.9,70.4,43.9,0,5,0,0,,22.2,2,0,0,0.0,0,0,0,0,1,1,148,146,10,131,0,5,0,2,57,90,0,4,4,2,0,5,0,0,0,
Sam Hafner,143296,ED,VALPO,12,18,0,100.0,0,2,332,0,0,69.2,70.3,44.9,58.6,76.3,67.2,3,15,0,0,19,9.3,5,0,3,118.8,4,4,0,7,0,15,666,658,9,74,477,98,0,8,346,305,0,28,31,3,4,22,0,59,55,14.8
Kurt Kessen,143298,DI,VALPO,12,18,3,100.0,0,0,332,0,0,59.2,73.6,73.8,64.8,77.1,63.5,5,16,0,0,15,8.3,4,0,1,118.8,1,1,0,1,0,5,707,705,75,583,9,38,0,2,382,320,0,20,26,2,1,22,0,15,16,15.0
Dontrell Green II,143315,WR,MS VLY ST,1,0,0,,0,0,228,0,0,,60.0,60.0,60.0,,,0,0,0,0,,,0,0,0,0.0,0,0,0,0,0,0,1,0,0,0,0,0,0,1,1,0,0,0,0,0,0,0,0,0,0,
Fredrick Mcgee,143323,CB,MS VLY ST,10,6,0,60.4,0,0,228,0,0,50.9,50.2,23.9,,53.0,48.1,0,0,0,0,56,17.0,9,3,1,106.6,32,0,0,28,343,215,373,0,0,0,0,0,0,373,0,158,0,9,38,0,53,0,3,450,141,14.1
Ronnie Thomas,143324,ED,MS VLY ST,11,11,3,75.0,0,0,228,1,0,41.7,81.4,24.0,89.6,76.6,51.8,11,28,0,0,8,16.7,10,0,7,84.4,3,8,0,7,0,19,654,644,0,0,629,15,0,10,351,284,1,40,39,11,4,47,0,19,21,6.3
Kenneth Martin,143325,CB,MS VLY ST,11,9,0,66.7,0,1,228,0,0,61.7,60.7,88.8,55.5,58.0,58.0,1,1,1,1,61,16.1,9,1,0,104.0,22,0,0,85,2,233,458,67,0,0,67,0,14,391,31,194,288,15,38,3,33,2,2,307,220,14.0
DePhabian Fant,143329,HB,MS VLY ST,1,0,0,,0,0,228,0,0,,60.0,60.0,60.0,,,0,0,0,0,,,0,0,0,0.0,0,0,0,0,0,0,1,0,0,0,0,0,0,1,1,0,0,0,0,0,0,0,0,0,0,
Jamison Lindsey,143333,CB,MS VLY ST,9,4,0,57.5,0,0,228,1,0,73.3,71.7,27.7,,64.7,48.9,0,0,0,2,73,14.7,5,6,2,102.8,23,0,0,31,385,218,422,0,0,0,0,0,0,422,0,204,3,6,25,0,40,0,4,387,117,16.8
Chase Alexander,143336,S,MS VLY ST,11,3,0,66.7,0,1,228,0,0,66.6,63.0,86.3,62.5,52.0,28.1,0,5,0,2,53,30.0,9,2,0,111.2,18,0,0,84,4,179,351,49,0,0,49,0,7,302,20,152,206,6,18,1,27,5,3,307,179,17.1
Jayren Fox,143340,LB,MS VLY ST,11,15,0,84.6,0,1,228,0,0,72.1,68.8,84.2,60.9,63.4,72.4,1,2,0,0,64,10.3,6,1,0,137.5,11,1,0,356,0,195,414,23,0,0,22,1,0,391,19,200,33,15,37,6,13,4,1,141,124,12.8
Maverick Martin,143368,S,SAN DIEGO,4,2,0,55.6,0,0,283,0,0,69.4,71.9,82.3,61.3,79.6,53.1,1,2,0,0,11,23.1,3,2,0,102.1,5,1,0,16,1,69,111,17,0,0,17,0,20,94,20,22,56,4,8,1,9,4,1,36,8,7.2
Eric Haney,143369,CB,SAN DIEGO,10,5,0,57.1,0,1,283,0,0,88.7,89.5,85.4,60.9,87.6,84.3,0,0,0,1,41,8.6,5,7,1,77.3,36,1,0,58,530,377,639,13,0,0,13,0,1,626,9,253,36,20,48,7,63,1,3,277,113,7.7
Triumphant Olatunji,143454,S,STF AUSTIN,9,9,0,75.0,0,3,301,0,0,63.9,69.0,84.1,69.1,76.8,54.8,0,1,0,2,30,20.0,9,0,0,103.8,9,1,0,111,2,185,335,3,0,0,3,0,126,332,6,144,92,10,27,2,12,2,1,147,36,16.3
Karsten Threatt,143513,LB,ALABAMA ST,3,0,0,,0,0,105,0,0,62.7,54.3,75.9,,49.3,75.8,0,0,0,0,,0.0,0,0,0,0.0,0,0,0,23,0,10,24,0,0,0,0,0,0,24,0,14,0,1,2,0,0,0,0,0,0,
Chase Lyons,143515,LB,SAN DIEGO,10,6,1,83.3,0,2,283,0,0,72.2,73.7,67.0,64.2,75.5,76.0,2,4,0,0,24,8.5,4,0,1,93.1,10,3,0,157,2,198,566,263,0,0,263,0,1,303,90,278,142,22,37,6,12,9,0,76,49,7.6
Jagger Pagano,143516,LB,SAN DIEGO,10,9,0,80.0,0,0,283,1,0,58.6,58.0,87.8,55.3,58.5,47.9,2,8,0,0,57,18.6,11,2,0,158.3,12,0,1,696,1,340,701,1,0,0,1,0,2,700,73,288,1,22,39,3,15,10,3,215,141,17.9
Justin Aletor,143519,DI,LNDNWD,1,0,0,,0,0,949,0,0,,97.9,72.8,95.2,74.7,72.4,1,5,0,0,,0.0,0,0,0,0.0,0,0,0,0,0,0,15,15,3,12,0,0,0,0,12,3,0,1,2,1,0,6,0,0,0,
Garrett Carney,143521,LB,SAN DIEGO,7,8,0,66.7,0,0,283,1,0,79.5,75.9,37.6,55.3,73.9,70.7,1,0,0,0,12,8.3,3,0,1,71.5,4,0,0,168,1,119,289,88,0,0,88,0,3,201,26,144,29,14,25,1,6,1,0,20,34,5.0
Landon Colvin,143523,ED,SAN DIEGO,8,0,0,,0,1,283,0,0,,54.6,16.1,53.6,61.6,31.5,0,2,0,0,,25.0,1,0,1,0.0,0,0,0,0,0,0,90,90,0,1,56,33,0,0,54,36,0,3,3,2,0,2,0,0,0,
Noah Miles,143532,CB,SAN DIEGO,1,0,0,,0,0,283,0,0,65.5,65.8,72.7,,61.2,74.2,0,0,0,0,,0.0,0,0,0,0.0,0,0,0,0,18,7,19,0,0,0,0,0,0,19,0,12,0,1,1,0,0,0,0,0,0,
Isaiah Smith,143535,HB,SAN DIEGO,1,0,0,,1,0,283,0,0,,60.0,60.0,,60.0,,0,0,0,0,,,0,0,1,0.0,0,0,0,0,0,0,1,0,0,0,0,0,0,1,0,1,0,0,0,0,0,0,0,0,0,
Carson Rostad,143698,LB,MONTANA,4,3,0,50.0,0,0,232,0,0,80.1,86.8,72.2,55.5,83.8,81.6,0,1,0,0,8,0.0,0,1,0,60.4,1,0,0,27,0,12,33,4,0,0,4,0,0,29,6,15,2,4,4,0,2,1,0,8,9,8.0
Jaxon Lee,143712,S,MONTANA,4,2,0,0.0,0,1,232,1,0,46.5,62.2,73.1,,78.6,49.1,0,0,0,0,,25.0,1,0,1,39.6,0,0,0,5,0,9,27,0,0,0,0,0,19,27,0,18,3,1,1,1,1,0,0,0,0,
Noah Kaschmitter,143715,DI,MONTANA,7,3,0,,0,0,232,0,0,59.0,71.0,79.0,62.3,72.5,57.9,0,1,0,0,,12.5,1,0,0,0.0,0,0,0,0,0,2,69,69,43,24,0,2,0,0,25,42,0,4,4,1,0,1,0,0,0,
Henry Nuce,143716,ED,MONTANA,13,13,0,,1,0,232,0,0,58.3,65.0,26.4,58.6,72.8,55.6,3,13,0,0,,12.1,4,0,3,0.0,0,1,0,0,0,6,450,449,0,92,155,202,0,1,230,214,1,14,16,4,0,17,0,0,0,
Kellen Detrick,143719,ED,MONTANA,4,0,0,,0,0,232,0,0,,67.3,74.1,54.5,72.5,72.8,0,1,0,0,,0.0,0,0,0,0.0,0,0,0,0,0,0,18,18,0,1,8,9,0,0,9,9,0,2,2,0,0,1,0,0,0,
Geno Leonard,143726,ED,MONTANA,1,1,0,,0,0,232,0,0,60.7,55.1,71.0,58.6,54.7,76.0,0,0,0,0,,0.0,0,0,0,0.0,0,0,0,3,0,3,8,4,0,0,4,0,0,4,2,3,1,1,1,1,0,0,0,0,0,
VJ Malo,143748,ED,PORTLAND,8,7,0,100.0,1,1,269,0,0,63.9,56.2,0.0,59.3,61.0,29.7,2,21,0,0,8,34.5,10,0,6,100.0,1,1,0,3,0,5,460,457,0,3,413,41,0,3,272,183,0,11,12,7,1,24,0,8,0,8.0
Tevita Tuitavake,143749,LB,PORTLAND,10,0,0,60.0,0,0,269,0,0,54.4,58.0,81.4,55.4,63.6,67.9,0,2,0,0,24,15.4,2,0,0,82.9,3,1,0,211,0,97,251,35,0,3,32,0,0,216,52,102,5,8,11,2,5,3,0,37,17,12.3
Day Day Bright,143760,S,PORTLAND,7,2,0,100.0,0,1,269,1,0,65.0,62.2,78.9,59.4,55.2,47.6,0,0,0,0,23,30.8,4,0,0,118.8,1,0,0,22,2,48,87,0,0,0,0,0,60,87,1,38,2,1,7,0,1,0,0,23,0,23.0
Parker McKenna,143761,LB,PORTLAND,4,5,0,57.1,0,0,269,0,0,67.3,54.5,81.5,66.2,33.1,44.6,1,1,0,0,26,22.6,7,0,0,85.4,4,1,0,172,0,111,182,2,0,0,2,0,1,180,3,68,7,11,19,0,7,3,0,60,54,15.0
Zane Maningo,143762,DI,PORTLAND,6,2,0,,0,0,269,0,0,,54.0,0.0,58.3,60.6,77.1,0,1,0,0,,0.0,0,0,2,0.0,0,0,0,2,0,0,81,77,2,47,3,25,0,4,32,49,0,2,3,0,0,1,0,0,0,
Martin Salazar,143763,DI,PORTLAND,7,1,0,,0,0,269,0,0,60.0,52.9,0.0,58.9,56.5,74.1,0,0,0,0,,0.0,0,0,1,0.0,0,0,0,0,0,0,42,42,28,14,0,0,0,0,23,19,0,1,1,0,0,0,0,0,0,
Spencer Delacruz,143764,DI,PORTLAND,1,0,0,,0,0,269,0,0,,32.8,72.8,58.7,48.0,,0,0,0,0,,,0,0,0,0.0,0,0,0,0,0,0,8,8,8,0,0,0,0,0,5,3,0,0,0,0,0,0,0,0,0,
Zach Burrola,143779,LB,S ILLINOIS,10,9,0,81.8,0,0,295,0,0,73.1,71.2,33.2,63.0,68.8,58.4,1,4,0,1,23,15.9,7,2,2,60.2,9,2,0,306,0,154,350,18,0,1,17,0,0,332,36,160,26,20,28,3,11,7,0,83,48,9.2
T.J. Stevenson,143981,ED,NORFOLK,7,2,0,,0,1,244,0,0,46.1,53.3,84.7,58.3,53.0,33.9,0,1,0,0,,22.2,2,0,0,0.0,0,2,0,0,0,6,218,218,0,0,216,2,0,0,99,113,0,4,5,0,0,3,0,0,0,
Jalen Monrrow,144231,DI,ILL STATE,7,0,0,,0,0,188,0,0,,45.0,78.6,58.5,43.8,,0,0,0,0,,,0,0,0,0.0,0,0,0,0,0,0,43,43,36,7,0,0,0,0,6,37,0,0,0,0,0,0,0,0,0,
Izaiah Kelley,144364,LB,ABILENE CH,11,4,0,61.5,0,0,100,0,0,64.0,65.1,81.2,57.8,68.0,55.3,1,1,0,0,36,15.4,4,0,1,84.5,8,0,0,102,2,121,226,50,0,0,50,0,2,176,22,83,70,9,18,0,13,2,0,97,28,12.1
Jadarius Thursby,144380,CB,ABILENE CH,1,0,0,,0,0,100,0,0,,60.0,60.0,,60.0,,0,0,0,0,,,0,0,0,0.0,0,0,0,0,0,0,1,0,0,0,0,0,0,1,0,1,0,0,0,0,0,0,0,0,0,
Kolby Phillips,144430,CB,SOUTHERN U,1,0,0,,0,0,297,0,0,60.0,64.3,66.9,,62.2,74.2,0,0,0,0,,0.0,0,0,0,0.0,0,0,0,0,3,1,3,0,0,0,0,0,0,3,0,2,0,0,1,0,0,0,0,0,0,
Kadeem Leonard,144463,LB,CAMPBELL,7,0,0,66.7,0,0,131,0,0,58.3,61.8,0.0,78.0,64.5,44.5,0,1,0,0,21,25.0,2,0,1,89.6,4,1,0,83,0,44,97,10,0,0,10,0,0,87,2,51,4,3,6,0,6,2,0,46,51,11.5
Brayden Wood,144615,DI,JVILLE ST,2,1,0,,0,0,196,0,0,,65.3,73.3,60.0,64.3,66.5,0,0,0,0,,0.0,0,0,0,0.0,0,0,0,0,0,0,11,11,6,5,0,0,0,0,2,9,0,0,0,0,0,0,0,0,0,
Dorian Plumley,144634,S,ABILENE CH,5,5,0,73.7,0,0,100,0,0,64.0,66.0,85.6,,70.1,64.5,0,0,0,0,59,14.3,5,1,0,128.8,14,0,0,51,10,195,332,0,0,0,0,0,125,332,0,137,145,3,25,0,19,0,1,218,112,15.6
Donnie Wingate,144674,ED,LNDNWD,1,1,0,,0,0,949,0,0,,56.2,75.7,59.4,54.1,74.4,0,0,0,0,,0.0,0,0,0,0.0,0,1,0,0,0,0,25,25,0,1,16,8,0,0,18,7,0,1,0,0,0,1,0,0,0,
Da'Veawn Armstead,144700,CB,SM HOUSTON,8,2,0,61.5,0,2,281,1,0,68.6,71.8,83.7,73.7,72.2,67.7,0,0,0,1,66,14.3,1,0,0,99.0,8,2,0,26,6,96,165,7,0,0,7,0,1,158,4,65,125,5,4,1,13,2,1,172,102,21.5
Chris Murray,144708,ED,SM HOUSTON,5,2,0,,0,0,281,0,0,,58.1,77.9,57.5,58.4,78.2,1,0,0,0,,0.0,0,0,0,0.0,0,0,0,0,0,0,65,65,1,11,36,17,0,0,35,30,0,1,4,0,0,1,0,0,0,
Jordon Thomas,144736,DI,STF AUSTIN,10,3,1,,1,0,301,0,0,60.0,55.0,35.2,64.2,51.0,37.5,0,0,0,0,,18.2,2,0,1,0.0,0,0,0,0,0,0,172,172,7,143,3,19,0,0,84,88,0,5,6,0,0,0,0,0,0,
Jeremiah McClendon,145280,CB,CHARLES SO,9,6,0,42.4,0,0,135,1,0,76.1,74.2,84.6,55.7,62.0,55.0,0,0,1,1,48,16.0,8,11,1,69.2,25,0,0,41,498,288,550,4,0,0,4,0,2,546,2,260,5,12,36,2,59,0,1,470,188,18.8
Jurriente Davis,145314,LB,JACKSON ST,13,10,1,81.8,0,1,194,0,0,62.3,75.3,82.2,72.4,76.7,69.5,3,9,0,0,18,12.1,7,0,0,96.6,9,1,0,359,0,139,408,32,0,0,31,1,0,376,74,195,15,30,41,6,11,13,0,79,86,8.8
Kevin Greene,145337,DI,S DAKOTA,4,1,0,,0,0,291,0,0,,63.0,75.5,62.5,61.2,28.1,0,1,0,0,,50.0,1,0,0,0.0,0,0,0,0,0,0,35,35,4,28,0,3,0,0,16,19,0,0,0,0,0,1,0,0,0,
Rafael McCoy,145355,WR,DUQUESNE,2,0,0,,0,0,155,0,0,,50.9,60.0,,60.0,22.5,0,0,0,0,,100.0,1,0,0,0.0,0,0,0,0,0,0,2,0,0,0,0,0,0,2,0,2,0,0,0,0,0,0,0,0,0,
Antwan Massie,145482,CB,LIUSHAR,5,0,0,50.0,2,0,1298,0,0,66.5,60.4,0.0,69.5,46.4,46.5,0,1,0,0,60,22.7,5,2,3,122.7,8,0,0,29,254,132,287,2,0,0,2,0,1,285,1,154,1,6,17,1,16,1,2,151,50,18.9
Gerard Joseph,145498,DI,TXAMEA,1,0,0,,0,0,1139,0,0,,60.5,67.8,60.0,60.1,,0,0,0,0,,,0,0,0,0.0,0,0,0,0,0,0,3,3,0,3,0,0,0,0,1,2,0,0,0,0,0,0,0,0,0,
Chris King,145693,ED,MONMOUTH,4,3,1,,0,0,231,0,0,62.3,58.8,81.7,56.8,58.5,81.8,0,3,0,0,,0.0,0,0,0,0.0,0,0,0,0,0,3,137,136,1,6,101,28,0,1,75,59,1,5,6,2,0,3,0,0,0,
Daylan Long,145825,LB,NORFOLK,9,3,0,83.3,0,0,244,1,0,28.4,36.9,76.0,57.3,54.2,59.8,0,1,0,0,20,17.6,3,0,0,104.9,5,0,0,87,0,26,91,1,0,0,1,0,0,90,2,63,3,5,11,2,6,1,0,55,20,11.0
Julius Lewis-Reynolds,146041,DI,JACKSON ST,6,2,0,,0,0,194,1,0,63.2,73.4,80.1,64.1,72.0,61.1,0,3,0,0,,12.5,1,0,0,0.0,0,0,0,2,0,0,124,122,23,82,3,14,0,2,73,51,0,5,5,1,0,3,0,0,0,
Hunter Nabers,146044,LB,VALPO,2,1,0,87.5,0,0,332,1,0,59.8,49.0,75.8,66.5,28.3,39.9,0,2,0,0,22,37.5,3,0,0,91.7,7,1,0,58,0,47,81,7,0,0,7,0,0,74,7,27,15,4,4,1,8,3,0,48,41,6.9
Mikey Victor,146189,CB,ALABAMA ST,10,1,0,31.6,0,0,105,0,0,75.8,73.9,23.2,49.1,68.6,54.5,0,1,0,1,23,20.0,4,2,1,40.7,6,0,0,19,346,218,369,1,0,0,1,0,1,368,1,150,2,6,15,0,19,1,1,76,16,12.7
Jaylen Lane,146203,CB,PRVIEW A&M,2,0,0,,0,0,270,0,0,64.7,58.4,74.1,,46.5,21.7,0,0,0,0,,100.0,1,0,0,0.0,0,0,0,4,12,14,23,0,0,0,0,0,5,23,0,9,2,0,0,0,0,0,0,0,0,
Trustin Oliver,146327,WR,CENT ARK,3,0,0,,0,0,132,0,0,,61.7,64.6,,60.0,,0,0,0,0,,,0,0,0,0.0,0,0,0,0,0,0,3,0,0,0,0,0,0,3,0,3,0,0,0,0,0,0,0,0,0,
Trey Elston,146654,CB,SAMFORD,13,2,0,57.5,1,0,282,1,1,58.2,57.0,0.0,53.0,60.5,47.2,0,1,0,0,51,19.0,8,6,5,102.7,23,0,0,54,382,218,439,2,0,0,2,0,1,437,4,217,0,13,32,2,40,1,1,426,120,18.5
Tre Phillips,146858,CB,ALABAMA ST,8,2,0,58.3,0,0,105,0,0,56.6,58.3,0.0,,75.9,44.8,0,0,0,0,62,27.3,3,1,2,137.2,7,0,0,5,36,77,120,0,0,0,0,0,3,120,0,43,75,1,6,0,12,0,2,135,38,19.3
Michael Mincey,146974,LB,KENNESAW,7,1,0,62.5,0,0,200,0,0,41.9,33.5,80.2,54.0,30.2,26.1,0,1,0,0,26,42.1,8,0,0,88.0,5,0,0,133,0,76,143,4,0,0,4,0,1,139,10,57,5,8,10,3,8,1,0,65,29,13.0
Justin Isler,147039,ED,GARD-WEBB,2,0,0,50.0,0,0,171,0,0,36.2,42.8,76.8,53.5,60.0,19.3,0,0,0,0,3,100.0,1,0,0,56.3,1,0,0,3,0,4,23,20,0,0,20,0,0,3,16,3,0,0,0,0,2,0,0,3,1,3.0
Montae Maxwell,147122,CB,BETH COOK,3,1,0,100.0,0,0,119,0,0,59.6,60.3,76.2,,60.8,79.4,0,0,0,0,5,0.0,0,0,0,87.5,1,0,0,14,1,14,32,0,0,0,0,0,1,32,0,18,16,0,2,0,1,0,0,5,1,5.0
Raleigh Oxendine,147353,LB,YALE,1,0,0,,0,0,352,0,0,62.8,57.2,72.6,,51.8,73.2,0,0,0,0,,0.0,0,0,0,0.0,0,0,0,15,0,8,15,0,0,0,0,0,0,15,0,7,0,0,1,0,0,0,0,0,0,
Luc Rameau,147357,ED,CAMPBELL,1,0,0,,0,0,131,0,0,,59.2,73.2,57.7,60.4,,0,0,0,0,,,0,0,0,0.0,0,0,0,0,0,0,9,9,0,0,9,0,0,0,6,3,0,0,0,0,0,0,0,0,0,
Kahleef Jimmison,147365,CB,DELWARE ST,10,1,0,38.5,0,0,152,0,0,38.4,43.2,78.7,59.3,68.9,44.1,0,1,0,0,46,12.5,1,1,1,69.7,5,0,0,7,91,52,101,0,0,0,0,0,0,101,1,48,2,2,6,0,13,1,0,111,21,22.2
Reyan Blake,147392,S,BETH COOK,11,10,0,88.9,0,0,119,0,0,57.0,58.4,85.3,59.2,59.5,59.2,0,0,0,0,24,19.0,8,1,0,108.8,8,0,0,114,9,169,389,6,0,0,6,0,203,383,2,218,55,6,24,0,9,0,0,91,71,11.4
Martin Laham,147428,WR,LEHIGH,1,0,0,,0,0,205,0,0,,60.0,60.0,,60.0,,0,0,0,0,,,0,0,0,0.0,0,0,0,0,0,0,1,0,0,0,0,0,0,1,0,1,0,0,0,0,0,0,0,0,0,
Viliami Tausinga,147533,ED,SO UTAH,1,0,0,,0,0,298,0,0,,60.1,68.7,59.4,60.3,,0,0,0,0,,,0,0,0,0.0,0,0,0,0,0,0,3,3,0,0,3,0,0,0,1,2,0,0,0,0,0,0,0,0,0,
Christian Middleton,147571,CB,CAL POLY,4,1,0,72.7,0,0,129,0,0,59.9,60.1,79.7,57.2,61.2,56.7,0,0,0,0,21,18.8,3,0,0,92.6,8,0,0,14,121,81,140,1,0,0,1,0,3,139,1,58,1,3,12,1,11,0,0,79,27,9.9
Jerry Huddleston,147572,CB,CAL POLY,4,1,0,,0,0,129,0,0,67.0,64.9,76.8,,58.7,76.2,0,0,0,0,,0.0,0,0,0,0.0,0,0,0,4,53,8,57,0,0,0,0,0,0,57,0,49,0,0,1,0,0,0,0,0,0,
Dominick McCormack,147573,S,CAL POLY,6,4,0,80.0,0,0,129,0,0,62.3,53.8,83.1,57.3,37.6,28.1,0,0,0,1,41,32.6,15,0,0,80.3,12,0,0,78,10,132,263,2,0,0,1,1,132,261,2,129,41,12,27,2,15,0,0,149,104,12.4
Tommy Griffin,147574,S,CAL POLY,1,0,0,100.0,0,0,129,0,0,83.0,80.2,76.7,58.6,61.5,56.8,0,0,0,0,8,20.0,1,1,0,87.5,3,0,0,8,0,35,47,1,0,0,1,0,35,46,2,10,3,1,4,0,3,0,0,15,9,5.0
Drew Sulick,147576,LB,CAL POLY,6,4,0,90.0,0,1,129,0,0,62.4,65.2,0.0,68.8,69.9,79.0,1,0,0,0,20,9.5,2,0,1,99.2,9,1,0,103,0,81,153,3,0,0,3,0,0,150,7,65,47,10,15,1,10,2,0,78,74,8.7
Je'kob Jones,147577,LB,CAL POLY,11,10,0,89.5,0,0,129,1,0,60.9,50.0,45.6,56.5,44.2,45.4,1,5,0,0,21,21.3,13,1,1,89.5,17,0,0,484,2,222,518,6,0,0,6,0,3,512,28,268,23,14,38,3,19,6,0,104,60,6.1
Thomas Bouda,147579,DI,CAL POLY,8,2,0,,0,0,129,0,0,60.0,51.8,79.4,57.1,48.4,76.8,1,4,0,0,,0.0,0,0,0,0.0,0,0,0,1,0,0,146,145,2,100,0,43,0,1,74,72,0,3,5,0,0,5,0,0,0,
Mason Barbour,147580,DI,CAL POLY,5,2,0,100.0,0,0,129,0,0,58.4,40.9,78.8,57.0,37.4,26.8,0,1,0,0,2,26.7,4,0,0,79.2,1,0,0,0,0,0,107,107,6,86,0,15,0,0,42,65,0,5,9,2,1,1,0,2,3,2.0
Michael Otterstedt,147581,ED,CAL POLY,10,6,0,100.0,1,0,129,0,0,73.5,62.3,32.0,60.5,61.6,69.4,1,8,0,0,6,9.1,2,1,2,89.6,2,2,0,5,0,19,303,296,0,0,273,23,0,7,129,155,2,13,14,1,2,11,0,11,8,5.5
Antonio Vakameilalo,147582,DI,CAL POLY,11,5,0,,0,0,129,1,0,58.9,56.0,85.3,53.1,57.1,35.1,1,1,0,0,,20.8,5,0,0,0.0,0,0,0,1,0,0,558,557,61,424,11,61,0,1,253,305,0,8,14,4,0,2,0,0,0,
Elijah Satcher,147583,ED,CAL POLY,8,5,0,,0,0,129,0,0,71.9,68.1,81.4,56.9,69.1,56.9,0,2,0,0,,11.1,1,0,0,0.0,0,0,0,2,0,2,121,119,0,4,97,18,0,2,52,67,0,3,3,0,0,2,0,0,0,
Josh Ngaluafe,147584,DI,CAL POLY,4,2,0,,1,0,129,0,0,60.0,64.7,46.0,67.3,63.8,45.3,1,5,0,0,,18.8,3,0,1,0.0,0,0,0,0,0,0,220,220,48,158,0,14,0,0,119,101,0,9,11,1,0,6,0,0,0,
Kentrell Williams Jr.,147598,S,E WASHGTON,6,2,0,100.0,0,0,161,1,0,56.3,50.7,81.2,60.0,43.4,46.0,0,0,0,1,20,12.5,2,0,1,68.8,3,0,0,34,0,62,144,7,0,0,7,0,84,137,1,81,19,4,12,0,3,0,0,30,18,10.0
Armani Orange,147600,S,E WASHGTON,6,4,0,40.0,0,0,161,0,0,59.5,56.4,80.6,58.2,51.8,50.5,0,0,0,0,20,23.1,3,1,1,55.4,2,0,0,34,1,48,132,7,0,0,7,0,61,125,2,82,29,0,6,0,5,0,0,24,5,12.0
Daniel Taumoepeau,147602,LB,E WASHGTON,5,5,0,100.0,0,0,161,0,0,39.2,45.5,73.3,66.8,52.3,36.4,1,0,0,0,37,25.0,4,0,0,158.3,5,0,0,68,0,25,77,5,0,0,3,2,0,72,3,49,3,5,7,0,5,1,1,63,46,12.6
Shane Aleaga,147604,LB,E WASHGTON,5,3,0,,0,0,161,0,0,65.9,58.8,78.0,67.3,51.8,43.2,0,1,0,0,,25.0,3,0,0,0.0,0,0,0,86,0,30,97,5,0,0,5,0,0,92,3,64,5,3,6,2,0,1,0,0,0,
Chad Vidican,147605,DI,E WASHGTON,3,1,0,,0,0,161,0,0,,61.1,73.3,57.1,62.0,72.4,0,0,0,0,,0.0,0,0,0,0.0,0,0,0,0,0,0,19,19,0,19,0,0,0,0,5,14,0,1,1,0,0,0,0,0,0,
Sean Skladany,147606,ED,E WASHGTON,3,1,0,,0,0,161,0,0,60.0,27.3,77.2,54.6,25.0,50.0,0,0,0,0,,25.0,1,0,0,0.0,0,0,0,0,0,0,44,44,0,0,43,1,0,0,13,31,0,1,2,0,0,0,0,0,0,
Gabriel Johnson,147607,ED,E WASHGTON,10,4,0,,0,0,161,0,0,66.5,62.5,83.2,56.0,62.3,62.7,1,0,0,0,,11.1,2,0,0,0.0,0,1,0,0,0,0,184,183,0,5,160,18,0,1,60,124,0,8,12,3,0,2,0,0,0,
Kemari Munier-Bailey,147612,ED,IDAHO,11,6,1,100.0,0,0,185,0,0,50.9,80.4,87.7,80.4,74.3,78.8,6,21,0,0,27,6.3,1,0,0,118.8,1,3,0,0,0,5,276,276,0,3,271,2,0,0,153,118,0,9,9,2,1,30,0,27,17,27.0
Jackson Bailey,147618,ED,IDAHO,1,0,0,,0,0,185,0,0,,60.5,66.3,,60.0,,0,0,0,0,,,0,0,0,0.0,0,0,0,0,0,0,2,2,0,0,1,1,0,0,0,2,0,0,0,0,0,0,0,0,0,
Sam Brown,147620,DI,IDAHO,12,3,0,,0,0,185,0,0,58.6,68.1,82.4,53.5,75.3,66.8,1,0,0,0,,7.7,1,0,0,0.0,0,0,0,1,0,2,276,275,8,236,13,18,0,1,133,141,0,6,9,1,0,1,0,0,0,
Christian Fredericksen,147624,WR,IDAHO ST,1,1,0,,1,0,186,0,0,,62.4,60.0,,61.6,70.3,0,0,0,0,,0.0,0,0,1,0.0,0,0,0,0,0,0,1,0,0,0,0,0,0,1,0,1,0,0,0,0,0,0,0,0,0,
Connor Maloney,147625,WR,IDAHO ST,1,0,0,,0,0,186,0,0,,62.5,60.0,,62.5,68.4,0,0,0,0,,0.0,0,0,0,0.0,0,0,0,0,0,0,1,0,0,0,0,0,0,1,0,1,0,0,1,0,0,0,0,0,0,
Tylor Bohannon,147633,CB,IDAHO ST,9,6,0,72.2,0,0,186,0,0,64.6,64.5,80.4,60.0,62.6,56.3,0,0,0,0,24,16.1,5,0,0,129.9,13,0,0,51,205,121,262,4,0,0,4,0,0,258,1,140,2,8,20,1,18,0,3,121,66,9.3
Cortland Horton,147638,ED,IDAHO ST,11,13,0,33.3,0,0,186,0,0,57.1,70.7,87.9,59.3,77.6,69.2,0,17,0,0,2,12.2,5,0,0,42.4,1,4,0,1,0,12,507,505,0,4,478,23,0,2,257,238,0,16,23,4,3,21,0,2,9,2.0
Tyler Gonzalez,147640,ED,IDAHO ST,3,1,0,50.0,0,0,186,0,0,65.3,76.9,80.1,69.1,70.0,80.6,1,2,0,0,3,0.0,0,0,0,56.3,1,1,0,0,0,5,95,95,0,1,74,20,0,0,53,37,0,7,10,0,2,4,0,3,0,3.0
Dylan Simmons,147645,CB,MONTANA,5,1,0,0.0,0,0,232,0,0,63.9,65.2,73.2,,64.3,74.3,0,0,0,0,,0.0,0,0,0,39.6,0,0,0,6,21,12,28,1,0,0,1,0,0,27,0,16,0,0,0,0,1,0,0,0,0,
Tayvian Williams,147661,HB,MONTANA ST,4,0,0,,0,0,233,0,0,,53.4,62.6,,54.3,72.5,0,0,0,0,,0.0,0,0,0,0.0,0,0,0,0,0,0,5,0,0,0,0,0,0,5,0,5,0,0,1,0,0,0,0,0,0,
Elijah Reynolds,147662,TE,MONTANA ST,2,0,0,,0,0,233,0,0,,60.4,60.0,,60.0,,0,0,0,0,,,0,0,0,0.0,0,0,0,0,0,0,2,0,0,0,0,0,0,2,0,2,0,0,0,0,0,0,0,0,0,
Kenneth Eiden IV,147664,ED,MONTANA ST,13,14,1,50.0,0,1,233,0,0,67.2,74.8,85.9,66.8,72.7,53.8,4,11,0,0,0,17.9,7,0,0,56.3,1,6,0,0,0,4,427,426,0,39,330,57,0,1,246,177,0,18,18,0,2,21,0,0,1,0.0
Jackson Harmon,147666,CB,MONTANA ST,2,0,0,66.7,0,0,233,0,0,66.4,70.8,72.9,,72.3,78.8,0,0,0,0,10,0.0,0,0,0,78.5,2,0,0,2,19,10,21,0,0,0,0,0,0,21,0,11,0,1,3,0,3,0,0,15,1,7.5
Tyson Pottenger,147668,S,MONTANA ST,8,4,0,50.0,0,0,233,0,0,71.4,69.8,84.8,,62.6,64.7,0,0,0,0,34,13.3,2,2,0,89.6,3,0,0,16,1,80,153,0,0,0,0,0,122,153,0,73,11,2,9,0,6,0,0,66,18,22.0
Kendric Bailey,147669,S,MONTANA ST,9,5,0,70.0,0,0,233,0,0,63.2,57.2,82.4,52.4,45.4,43.9,0,2,0,0,27,24.1,7,3,0,96.7,7,0,0,146,5,186,309,7,0,0,7,0,96,302,7,116,52,6,17,0,10,2,0,87,23,12.4
Aidan Parks,147670,CB,MONTANA ST,2,0,0,,0,0,233,0,0,63.6,77.4,72.0,83.5,64.4,77.8,1,1,0,0,,0.0,0,0,0,0.0,0,0,0,2,0,3,10,0,0,0,0,0,0,10,0,7,8,2,2,0,0,2,0,0,0,
Eli Aby,147671,S,MONTANA ST,1,0,0,,0,0,233,0,0,60.0,60.0,67.4,,60.0,,0,0,0,0,,,0,0,0,0.0,0,0,0,0,0,1,2,0,0,0,0,0,2,2,0,1,0,0,0,0,0,0,0,0,0,
Jake D'Agostino,147673,S,MONTANA ST,2,0,0,100.0,0,1,233,0,0,46.8,70.2,73.8,,86.9,78.2,0,0,0,0,17,0.0,0,0,0,118.8,1,0,0,1,0,5,18,0,0,0,0,0,16,18,0,13,1,1,2,0,1,0,0,17,2,17.0
Danny Uluilakepa,147674,LB,MONTANA ST,12,35,1,62.5,0,0,233,0,0,58.3,68.1,83.9,60.7,75.9,80.0,0,1,0,2,24,7.8,7,1,0,73.2,20,0,0,448,2,283,534,6,0,0,6,0,4,528,14,237,70,25,48,4,32,1,2,186,86,9.3
Jace Fitzgerald,147675,LB,MONTANA ST,3,0,0,,0,0,233,0,0,71.0,73.3,71.9,,67.9,35.3,0,0,0,0,,28.6,2,0,0,0.0,0,0,0,26,0,7,27,0,0,0,0,0,0,27,0,20,1,5,5,2,0,0,0,0,0,
Miles Jackson,147676,CB,MONTANA ST,4,1,0,50.0,0,0,233,0,0,69.1,69.1,76.3,75.9,54.3,26.6,0,0,0,0,1,50.0,2,1,0,56.3,1,1,0,1,25,22,47,0,0,0,0,0,0,47,1,24,19,2,1,0,2,1,0,1,3,1.0
McCade O'Reilly,147677,LB,MONTANA ST,5,3,1,83.3,0,0,233,0,0,68.3,73.4,75.1,60.0,72.0,52.4,0,0,0,0,14,20.0,3,0,0,91.7,5,0,0,81,1,43,86,0,0,0,0,0,0,86,0,43,4,7,9,0,6,0,0,36,35,7.2
Zack Black,147680,DI,MONTANA ST,13,3,0,,0,0,233,0,0,62.6,72.6,79.5,61.5,73.2,77.6,0,3,0,0,,0.0,0,0,0,0.0,0,0,0,0,0,0,137,137,1,105,3,28,0,0,66,71,0,4,6,1,0,3,0,0,0,
Brody Grebe,147681,ED,MONTANA ST,12,12,1,50.0,0,1,233,1,0,60.3,75.9,65.8,85.0,61.2,60.6,7,18,0,0,-2,11.1,3,1,1,56.3,1,3,0,0,0,9,400,398,0,1,377,20,0,2,230,161,0,10,12,1,2,28,0,-2,2,-2.0
Sebastian Valdez,147682,DI,MONTANA ST,14,12,0,100.0,1,2,233,2,0,55.6,74.9,69.6,75.0,71.8,50.8,7,23,0,0,12,18.2,8,0,1,116.7,1,8,0,0,0,7,630,626,11,507,10,98,0,4,366,257,0,25,24,2,1,38,0,12,6,12.0
Paul Brott,147683,DI,MONTANA ST,14,2,0,,0,0,233,0,0,61.3,66.1,46.7,59.0,70.2,46.0,2,3,0,0,,12.5,2,0,1,0.0,0,0,0,0,0,2,234,234,24,177,0,33,0,0,112,120,0,8,12,0,0,5,0,0,0,
Jakobe Walton,147701,CB,N ARIZONA,3,0,0,66.7,0,0,252,0,0,43.1,45.6,71.4,,61.8,74.2,0,0,0,0,11,0.0,0,0,0,84.0,2,0,0,1,19,9,22,0,0,0,0,0,0,22,0,13,0,0,1,0,3,0,0,19,2,9.5
Malachi Williams,147702,S,N ARIZONA,8,3,0,83.3,0,0,252,0,0,62.5,56.8,0.0,60.0,47.8,71.3,0,0,0,0,51,10.0,1,1,1,118.8,5,0,0,33,2,83,169,0,0,0,0,0,66,169,1,85,67,1,6,0,6,0,0,104,61,20.8
Brady Shough,147704,CB,N ARIZONA,8,2,0,90.0,0,0,252,0,0,51.3,58.2,83.6,57.6,70.9,67.5,0,0,0,0,66,13.3,2,0,1,158.3,9,0,0,50,2,80,198,22,0,0,22,0,2,176,5,113,122,6,11,3,10,0,2,126,85,14.0
Richard Kwete,147708,ED,N ARIZONA,5,1,0,,0,0,252,0,0,53.0,58.5,73.5,56.4,64.2,75.4,0,0,0,0,,0.0,0,0,0,0.0,0,0,0,12,0,5,30,18,0,0,12,6,0,12,6,19,0,1,1,0,0,0,0,0,0,
Zain Zinicola,147712,WR,N COLORADO,1,0,0,,0,0,253,0,0,,60.0,60.0,,60.0,,0,0,0,0,,,0,0,1,0.0,0,0,0,0,0,0,1,0,0,0,0,0,0,1,0,1,0,0,0,0,0,0,0,0,0,
Mitchell Lewis,147715,TE,N COLORADO,1,0,0,,0,0,253,0,0,,60.0,60.0,,60.0,,0,0,0,0,,,0,0,0,0.0,0,0,0,0,0,0,1,0,0,0,0,0,0,1,0,1,0,0,0,0,0,0,0,0,0,
Frank Thompson,147718,DI,N COLORADO,1,0,0,,0,0,253,0,0,,57.9,0.0,58.2,68.4,,0,0,0,0,,,0,0,1,0.0,0,0,0,0,0,0,14,14,10,4,0,0,0,0,3,11,0,0,0,0,0,0,0,0,0,
Jasiah Snow-Marshall,147731,CB,N COLORADO,1,0,0,,0,0,253,0,0,60.0,61.2,64.5,,60.0,,0,0,0,0,,,0,0,0,0.0,0,0,0,1,0,1,2,0,0,0,0,0,0,2,0,1,1,0,0,0,0,0,0,0,0,
Nick Ciccio,147734,S,N COLORADO,11,6,1,58.8,0,1,253,0,0,74.3,65.2,0.0,67.3,50.6,46.6,0,0,1,1,80,24.4,10,0,2,93.0,10,0,0,122,6,235,480,4,0,0,4,0,232,476,3,242,115,7,25,0,17,0,1,191,142,19.1
Jaylen Byrd,147736,S,N COLORADO,3,0,0,,0,0,253,0,0,,59.9,68.8,,59.7,78.6,0,0,0,0,,0.0,0,0,0,0.0,0,0,0,3,0,0,12,0,0,0,0,0,6,12,0,12,2,0,2,0,0,0,0,0,0,
Makhi Johnson,147738,S,N COLORADO,8,0,0,66.7,0,0,253,0,0,68.3,68.8,77.2,,65.0,74.5,0,0,0,1,35,0.0,0,0,0,109.7,2,0,0,4,2,16,35,0,0,0,0,0,10,35,0,19,17,0,2,0,3,0,1,59,33,29.5
Vincent King,147740,ED,N COLORADO,11,22,0,83.3,0,0,253,0,0,70.7,78.3,70.2,80.9,71.7,71.7,3,19,0,1,16,10.1,7,1,1,59.0,5,2,0,29,0,47,486,415,0,0,413,2,0,71,176,263,42,24,40,0,6,24,0,46,25,9.2
Tofa Wilson,147741,LB,N COLORADO,4,0,0,50.0,0,0,253,0,0,77.3,74.5,0.0,69.7,68.3,31.2,0,2,0,1,11,33.3,1,0,1,27.1,1,0,0,6,0,7,30,18,0,0,18,0,0,12,8,15,6,2,2,0,2,2,0,11,0,11.0
Keenan Guthrie,147742,ED,N COLORADO,11,4,0,100.0,0,1,253,0,0,55.9,53.7,24.7,64.6,49.9,25.1,0,1,0,0,5,38.5,5,0,1,87.5,1,0,0,4,0,7,124,112,0,0,112,0,0,12,49,68,7,3,4,2,1,1,0,5,1,5.0
Keyvon Lakes,147744,ED,N COLORADO,10,11,0,100.0,0,2,253,0,0,55.7,71.5,88.8,72.1,71.5,72.1,0,8,0,0,23,12.5,5,0,0,114.6,8,3,0,64,0,44,384,290,0,0,290,0,0,94,132,208,29,16,24,2,8,11,0,92,34,11.5
Jordan Knapke,147745,S,N COLORADO,11,29,0,79.1,0,0,253,2,0,62.0,61.3,86.9,52.8,59.4,55.3,0,0,0,0,48,18.2,20,3,0,107.1,34,0,0,242,18,353,783,0,0,0,0,0,268,783,5,425,255,15,61,3,43,0,1,337,223,9.9
DeAngelo Alexander,147746,S,PRVIEW A&M,3,2,0,100.0,0,0,270,0,0,58.2,56.8,78.5,,54.4,40.4,0,0,0,0,15,30.0,3,0,0,158.3,1,0,0,25,0,31,75,2,0,0,2,0,30,73,0,44,18,2,5,0,1,0,1,15,0,15.0
Nick Norris,147748,DI,N COLORADO,11,17,1,,0,0,253,0,0,62.0,63.6,70.1,58.9,64.4,39.9,1,7,0,0,,16.2,12,0,1,0.0,0,2,0,1,0,0,601,600,65,348,47,140,0,1,269,332,0,35,45,7,0,10,0,0,0,
Jax Brown,147750,DI,N COLORADO,1,1,0,,0,0,253,0,0,60.0,59.5,75.4,49.1,64.4,49.8,0,0,0,0,,20.0,1,0,0,0.0,0,0,0,0,0,0,31,31,10,21,0,0,0,0,14,17,0,0,3,0,0,0,0,0,0,
Micah Nanninga,147751,DI,N COLORADO,5,2,0,,0,0,253,0,0,,51.3,77.0,53.7,52.0,71.9,0,0,0,0,,0.0,0,0,0,0.0,0,0,0,0,0,0,63,63,3,32,4,24,0,0,37,26,0,0,0,0,0,0,0,0,0,
Nick Lyon,147752,DI,N COLORADO,3,0,0,,0,0,253,0,0,,34.0,80.1,56.6,29.5,,0,0,0,0,,,0,0,0,0.0,0,0,0,0,0,0,43,43,38,5,0,0,0,0,18,25,0,0,0,0,0,0,0,0,0,
Joe Brown,147753,DI,N COLORADO,6,9,0,,0,0,253,0,0,60.0,63.8,84.0,60.3,63.3,62.3,0,4,0,0,,8.0,2,0,0,0.0,0,0,0,0,0,0,211,211,148,60,2,1,0,0,88,123,0,7,14,1,0,4,0,0,0,
Treyvon Easterling,147763,HB,PORTLAND,1,0,0,,0,0,269,0,0,,60.0,60.0,,60.0,,0,0,0,0,,,0,0,0,0.0,0,0,0,0,0,0,1,0,0,0,0,0,0,1,0,1,0,0,0,0,0,0,0,0,0,
Shea Carstens,147770,S,PORTLAND,2,0,0,66.7,0,0,269,0,0,35.9,32.2,72.3,,47.9,28.4,0,0,0,0,11,50.0,1,0,0,77.1,2,0,0,4,0,10,14,0,0,0,0,0,5,14,0,4,5,0,1,0,3,0,0,14,8,7.0
Jessie Brown,147776,DI,PORTLAND,1,1,0,,0,0,269,0,0,61.0,64.5,70.4,58.0,56.2,70.8,0,0,0,0,,0.0,0,0,0,0.0,0,0,0,0,0,0,8,8,0,7,0,1,0,0,5,3,0,0,0,0,0,0,0,0,0,
Slade Shufelt,147777,ED,PORTLAND,5,1,0,,0,0,269,0,0,,57.0,74.8,54.2,62.0,71.1,0,0,0,0,,0.0,0,0,0,0.0,0,0,0,0,0,0,19,18,0,0,18,0,0,1,13,6,0,0,0,0,0,0,0,0,0,
Cam Skattebo,147787,HB,SACRAMENTO,1,0,0,,0,0,279,0,0,60.0,62.4,60.0,,,,0,0,0,0,,,0,0,6,0.0,0,0,0,0,0,1,1,0,0,0,0,0,0,1,0,0,0,0,0,0,0,0,0,0,0,
Patrick Dean,147806,CB,SACRAMENTO,8,4,0,44.4,0,0,279,0,0,73.2,73.6,81.0,60.0,69.8,59.5,0,0,0,1,47,15.4,2,2,0,46.3,8,0,0,9,189,109,202,0,0,0,0,0,4,202,1,92,0,1,7,0,18,0,0,131,49,16.4
Eian Moore,147807,S,SACRAMENTO,12,9,0,53.3,0,0,279,0,0,62.4,63.6,82.9,59.0,64.4,51.5,0,0,0,0,33,22.0,9,3,0,75.7,8,0,0,170,2,179,338,2,0,0,2,0,91,336,2,157,73,7,23,0,15,0,0,105,20,13.1
Donovan Roebuck,147810,CB,SACRAMENTO,1,0,0,,0,0,279,0,0,60.8,61.6,68.4,,60.0,,0,0,0,0,,,0,0,0,0.0,0,0,0,0,5,2,5,0,0,0,0,0,0,5,0,3,0,0,0,0,0,0,0,0,0,
Jalin Speed,147811,CB,SACRAMENTO,3,1,0,33.3,0,0,279,0,0,73.9,73.9,74.8,,64.1,80.7,0,0,0,0,13,0.0,0,1,0,43.8,2,0,0,1,32,18,33,0,0,0,0,0,0,33,0,15,0,0,4,0,6,0,0,20,9,10.0
DJ Houston,147812,CB,SACRAMENTO,6,0,0,71.4,0,0,279,0,0,68.7,69.3,78.0,60.0,66.8,57.6,0,0,0,0,32,16.7,1,1,0,153.3,5,0,0,1,69,46,75,1,0,0,1,0,2,74,1,28,0,1,5,0,7,0,1,97,24,19.4
Deshawn Lynch,147813,ED,SACRAMENTO,8,3,0,,0,0,279,0,0,63.3,74.1,84.4,67.8,74.5,81.3,2,7,0,0,,0.0,0,0,0,0.0,0,0,0,0,0,11,165,165,0,4,139,22,0,0,82,72,0,4,6,2,0,9,0,0,0,
Xavier Williams,147814,DI,SACRAMENTO,13,3,0,,0,0,279,0,0,,57.4,82.1,57.3,56.7,76.0,0,6,0,0,,0.0,0,0,0,0.0,0,0,0,0,0,0,246,246,42,196,0,8,0,0,132,114,0,2,4,1,0,6,0,0,0,
Jace O'Hara,147815,CB,SACRAMENTO,13,5,0,43.8,0,1,279,0,0,70.5,69.8,82.6,73.0,56.4,63.2,1,2,0,0,22,16.7,3,3,1,75.0,7,1,0,51,2,154,226,6,0,0,6,0,4,220,12,60,160,5,10,0,16,4,1,60,24,8.6
Oge Feo,147817,LB,SACRAMENTO,2,1,0,100.0,0,0,279,0,0,58.6,65.4,71.3,66.5,70.0,37.7,0,1,0,0,9,33.3,1,0,0,97.9,2,0,0,23,0,17,25,0,0,0,0,0,0,25,3,5,2,1,1,0,2,1,0,15,2,7.5
Justin Houlihan,147818,LB,SACRAMENTO,2,3,0,0.0,0,1,279,0,0,80.5,87.1,72.9,62.6,82.0,81.7,0,1,0,0,,0.0,0,1,0,39.6,0,0,0,26,0,18,33,0,0,0,0,0,1,33,4,11,6,1,4,0,2,1,0,0,0,
Zach Corbitt,147819,LB,SACRAMENTO,1,0,0,100.0,0,0,279,0,0,47.8,39.6,68.3,,60.0,20.0,0,0,0,0,9,100.0,1,0,0,104.2,1,0,0,4,0,3,4,0,0,0,0,0,0,4,0,1,0,0,0,0,1,0,0,9,17,9.0
Mitchell Wolfe,147820,LB,SACRAMENTO,2,1,0,100.0,0,0,279,0,0,56.9,66.5,71.8,60.0,70.7,78.8,0,1,0,0,10,0.0,0,0,0,108.3,1,0,0,11,1,11,16,0,0,0,0,0,0,16,1,4,4,1,1,0,1,1,0,10,6,10.0
Cameron Broussard,147821,S,SACRAMENTO,13,12,0,57.1,0,0,279,0,0,72.8,75.1,36.5,55.8,79.9,84.9,0,1,0,2,19,6.8,5,2,5,57.0,20,0,0,233,2,356,601,0,0,0,0,0,212,601,7,238,150,12,57,1,35,1,1,181,35,9.1
Mason Brosseau,147824,DI,SACRAMENTO,2,0,0,,0,0,279,0,0,60.0,72.7,75.5,77.3,56.4,70.2,0,4,0,0,,0.0,0,0,0,0.0,0,0,0,0,0,0,33,33,4,29,0,0,0,0,26,7,0,2,2,0,0,4,0,0,0,
Dylan Flowers,147839,CB,SO UTAH,2,0,0,,0,0,298,0,0,60.0,66.2,74.7,,68.6,46.5,0,0,0,0,,25.0,1,0,0,0.0,0,0,0,0,12,1,13,0,0,0,0,0,0,13,0,12,0,3,3,1,0,0,0,0,0,
George Ramirez,147840,S,SO UTAH,8,3,0,100.0,0,0,298,0,0,45.3,60.1,84.7,58.9,87.0,57.2,0,1,0,0,47,18.8,3,0,0,158.3,4,0,0,33,0,39,81,2,0,0,2,0,32,79,2,40,9,2,10,0,4,1,1,95,63,23.8
Torrion White,147842,CB,SO UTAH,10,1,0,46.7,0,0,298,0,0,62.9,65.8,24.1,64.7,78.6,42.7,0,0,0,1,48,17.9,5,3,2,77.1,14,0,0,15,347,190,378,5,0,0,5,0,2,373,2,186,9,6,22,1,30,0,2,200,135,14.3
Joe Tongamoa,147844,DI,SO UTAH,8,1,0,,0,0,298,1,0,,61.5,82.1,69.8,53.0,43.6,0,4,0,0,,16.7,1,0,0,0.0,0,1,0,0,0,0,183,183,30,153,0,0,0,0,98,85,0,4,4,0,0,5,0,0,0,
Cameron Dahle,147846,ED,SO UTAH,9,2,0,,0,0,298,0,0,60.2,58.2,36.8,67.4,51.2,62.7,2,2,0,0,,9.1,1,0,1,0.0,0,1,0,0,0,0,152,152,0,0,135,17,0,0,81,71,0,6,8,2,0,5,0,0,0,
Jalon Rock,147859,CB,WEBER ST,11,0,0,60.0,0,0,342,0,0,71.5,71.6,79.5,,65.2,81.3,0,0,0,1,18,0.0,0,1,0,74.6,6,0,0,3,121,86,126,0,0,0,0,0,0,126,0,40,2,3,6,0,10,0,2,54,6,9.0
Jayden Ah You,147860,LB,WEBER ST,7,2,0,50.0,0,0,342,0,0,66.8,60.8,81.3,63.2,49.2,58.2,0,0,0,0,4,16.7,1,0,0,56.3,1,1,0,13,0,20,70,43,0,0,43,0,0,27,21,29,14,1,3,0,2,1,0,4,1,4.0
Jack Kelly,147861,ED,WEBER ST,13,7,0,66.7,0,1,342,0,0,66.6,78.3,66.7,85.7,64.2,73.8,4,25,0,0,8,8.7,2,0,1,77.1,2,7,0,3,0,18,424,421,0,13,336,72,0,3,216,190,0,13,14,1,3,36,0,14,17,7.0
Simote Lokotui,147862,LB,WEBER ST,10,5,0,100.0,0,0,342,0,0,58.8,53.3,0.0,79.8,43.4,70.6,1,0,0,0,18,13.6,3,0,1,104.7,8,1,0,140,1,76,153,8,0,0,8,0,1,145,14,63,2,5,14,0,8,2,0,73,51,9.1
Kaufusi Pakofe,147863,DI,WEBER ST,6,0,2,,0,0,342,0,0,,63.9,77.9,62.1,62.7,33.6,0,3,0,0,,33.3,1,0,0,0.0,0,0,0,0,0,0,50,50,27,22,0,1,0,0,30,20,0,2,2,1,0,3,0,0,0,
Christian Hunter,147876,S,CAMPBELL,1,0,0,,0,0,131,0,0,62.7,63.8,70.8,,60.0,,0,0,0,0,,,0,0,0,0.0,0,0,0,1,0,4,6,0,0,0,0,0,5,6,0,2,0,0,0,0,0,0,0,0,0,
Logan Livermon,147878,LB,CAMPBELL,2,1,0,100.0,0,0,131,0,0,57.2,60.5,68.1,59.5,65.0,80.1,0,1,0,0,6,0.0,0,0,0,83.3,2,0,0,19,0,11,20,0,0,0,0,0,0,20,1,8,1,0,4,0,2,1,0,8,11,4.0
Mike Swain,147888,S,CAMPBELL,1,0,0,100.0,0,0,131,0,0,53.9,54.9,72.6,,60.0,22.1,0,0,0,0,10,100.0,1,0,0,108.3,1,0,0,0,0,6,9,0,0,0,0,0,7,9,0,3,2,0,0,0,1,0,0,10,4,10.0
CJ Tillman,147894,LB,CAMPBELL,10,13,0,81.3,1,1,131,1,0,75.5,77.0,47.4,54.5,76.6,49.1,0,1,0,1,30,20.0,18,0,1,95.1,13,1,0,459,0,214,498,26,0,0,26,0,0,472,19,265,13,38,59,5,16,2,1,129,120,9.9
Josh Lyles,147897,DI,CAMPBELL,8,2,0,,0,0,131,0,0,60.0,62.1,79.0,54.7,65.5,41.0,0,2,0,0,,25.0,2,0,0,0.0,0,0,0,0,0,0,89,89,27,53,3,6,0,0,46,43,0,2,4,0,0,2,0,0,0,
Ethan Rennels,147898,DI,CAMPBELL,8,2,0,,0,0,131,0,0,,58.0,81.1,64.0,54.2,62.5,0,5,0,0,,11.1,1,0,0,0.0,0,1,0,0,0,0,147,147,35,108,0,4,0,0,57,90,0,6,6,1,0,6,0,0,0,
Demitray Fields,147903,S,CAMPBELL,2,1,0,100.0,0,0,131,0,0,55.1,45.9,75.0,,36.0,27.2,0,0,0,0,9,50.0,2,0,0,97.9,2,0,0,8,0,20,29,0,0,0,0,0,18,29,0,9,3,0,1,0,2,0,0,15,10,7.5
Bryson Jones,147904,S,CHARLES SO,1,0,0,,0,0,135,0,0,63.1,63.6,72.1,,60.0,,0,0,0,0,,,0,0,0,0.0,0,0,0,3,0,7,13,0,0,0,0,0,10,13,0,6,0,0,0,0,0,0,0,0,0,
Devonte Turner,147905,DI,CHARLES SO,7,0,0,,0,0,135,0,0,,64.0,76.3,64.0,61.8,72.4,0,1,0,0,,0.0,0,0,0,0.0,0,0,0,0,0,0,49,49,3,42,0,4,0,0,19,30,0,0,2,0,0,1,0,0,0,
Nivon Holland,147906,WR,CHARLES SO,1,0,0,,0,0,135,0,0,,60.0,60.0,,60.0,,0,0,0,0,,,0,0,0,0.0,0,0,0,0,0,0,1,0,0,0,0,0,0,1,0,1,0,0,0,0,0,0,0,0,0,
Shary Jefferson,147907,LB,CHARLES SO,5,4,0,92.3,0,0,135,0,0,60.5,58.7,78.3,66.2,54.0,34.7,0,1,0,0,24,25.8,8,0,0,146.6,12,1,1,113,1,76,151,0,0,0,0,0,3,151,6,69,34,12,19,7,13,2,2,126,85,10.5
Kamron Smith,147913,CB,CHARLES SO,10,2,0,50.0,1,0,135,0,0,53.5,57.5,0.0,59.5,84.0,75.4,0,0,0,0,72,6.3,2,7,5,106.1,21,0,0,19,430,237,457,2,0,0,2,0,2,455,1,219,3,10,28,1,42,0,3,388,102,18.5
Laron Davis,147919,DI,CHARLES SO,10,2,2,,0,0,135,0,0,,56.7,85.3,63.2,50.4,34.9,2,6,0,0,,28.6,4,0,0,0.0,0,1,0,0,0,0,381,381,83,286,3,9,0,0,203,178,0,5,8,2,0,9,0,0,0,
Nick Perry,147926,CB,CHARLES SO,7,4,0,62.5,0,0,135,0,0,50.7,54.8,83.0,42.6,68.2,44.9,1,3,0,0,41,25.0,9,1,0,111.5,10,0,0,84,4,142,290,3,0,0,3,0,1,287,9,139,198,9,23,0,16,4,1,140,62,14.0
Nick Bartalo,147929,LB,CHARLES SO,10,1,0,50.0,0,0,135,0,0,54.0,58.6,76.8,66.5,62.1,40.6,1,0,0,0,24,25.0,3,0,0,93.8,1,0,0,82,0,44,96,0,0,0,0,0,0,96,2,50,14,4,8,0,2,1,0,24,3,24.0
Seth Anderson,147931,WR,CHARLES SO,1,0,0,,0,0,135,0,0,,60.0,60.0,,60.0,,0,0,0,0,,,0,0,1,0.0,0,0,0,0,0,0,1,0,0,0,0,0,0,1,0,1,0,0,0,0,0,0,0,0,0,
Edward Owusu,147935,ED,CHARLES SO,10,4,0,100.0,0,0,135,0,0,53.1,51.5,69.4,49.4,55.9,30.0,1,8,0,0,9,26.7,8,0,1,83.3,3,1,0,6,1,18,453,444,0,0,416,28,1,9,222,213,1,15,18,2,3,10,0,12,9,4.0
Boogsie Silvera,147936,S,CHARLES SO,4,5,0,66.7,0,0,135,0,0,53.5,54.1,81.9,57.0,55.9,68.0,0,1,0,0,27,11.5,3,0,1,134.0,4,0,0,85,0,94,196,2,0,0,2,0,89,194,3,99,20,6,18,1,6,1,2,53,2,13.3
Nick Hunter,147938,ED,GARD-WEBB,13,3,0,100.0,0,1,171,0,0,50.9,67.9,43.4,76.3,60.5,44.0,0,9,0,0,15,26.7,4,0,1,118.8,2,1,0,30,0,13,201,170,0,1,169,0,0,31,113,75,1,9,8,2,2,10,0,25,19,12.5
Willie Harris,147942,ED,GARD-WEBB,13,4,1,,0,0,171,0,0,60.0,64.1,84.6,70.2,52.1,63.8,1,20,0,0,,13.0,3,0,0,0.0,0,7,0,1,0,0,447,445,0,97,179,169,0,2,290,157,0,18,16,2,0,28,0,0,0,
Amare Bryant,147946,LB,GARD-WEBB,3,1,0,100.0,0,0,171,0,0,47.6,55.8,73.6,59.2,71.8,73.1,0,0,0,0,19,0.0,0,0,0,118.8,1,0,0,16,0,10,19,1,0,0,1,0,0,18,1,8,2,0,0,0,1,0,0,19,0,19.0
TJ Jones,147947,CB,GARD-WEBB,11,1,0,57.4,0,0,171,1,0,72.7,71.0,84.7,53.1,60.3,30.3,0,0,0,0,69,25.5,12,7,0,116.6,31,0,0,75,588,398,670,3,0,0,3,0,1,667,4,268,3,7,34,1,54,0,5,464,149,15.0
Jamari Nelson,147948,CB,GARD-WEBB,3,0,0,75.0,0,0,171,0,0,31.4,31.3,72.0,60.0,60.0,73.5,0,0,0,0,30,0.0,0,0,0,156.3,3,0,0,0,13,8,13,0,0,0,0,0,0,13,1,4,0,0,1,0,4,0,1,54,23,18.0
Tyler Arrington,147954,S,GARD-WEBB,6,2,0,62.5,0,0,171,1,0,40.8,51.2,79.5,,74.4,70.9,0,0,0,0,27,11.1,2,0,0,133.3,5,0,0,98,0,68,133,0,0,0,0,0,26,133,0,65,9,0,14,0,8,0,1,76,31,15.2
Jerrod Woods,147968,LB,KENNESAW,5,4,0,80.0,0,0,200,0,0,62.5,50.3,78.0,64.4,35.0,66.1,0,1,0,0,19,20.0,3,0,0,97.5,4,1,0,107,0,60,117,3,0,0,3,0,0,114,6,51,7,4,8,1,5,2,0,37,14,9.3
Garland Benyard,147970,LB,KENNESAW,11,14,0,84.8,0,1,200,2,0,58.8,58.2,86.8,73.9,47.6,68.0,1,9,0,1,65,14.0,8,1,1,133.0,28,3,0,180,2,240,524,105,0,0,105,0,1,419,59,225,236,13,35,4,33,13,3,385,259,13.8
Montrel Jenkins,147971,LB,KENNESAW,11,11,0,79.2,0,1,200,0,0,52.4,55.3,20.8,76.0,54.8,49.0,0,2,0,0,32,20.5,9,0,1,118.2,19,1,0,105,0,131,236,37,0,0,37,0,0,199,23,82,94,11,24,2,24,3,1,217,161,11.4
Chance Gamble,147978,CB,KENNESAW,10,5,0,54.9,0,0,200,0,0,71.0,71.3,84.3,53.2,70.4,54.0,0,0,1,3,68,17.5,10,3,0,85.3,28,0,0,70,542,341,612,0,0,0,0,0,0,612,3,268,0,15,42,1,51,0,3,518,225,18.5
Charles Remy,147982,ED,KENNESAW,9,4,0,100.0,0,0,200,0,0,54.0,60.3,85.3,63.8,59.2,57.2,2,2,0,0,7,14.3,2,0,0,93.8,4,1,0,16,0,29,177,158,0,0,154,4,0,19,70,78,3,3,8,0,4,5,0,26,29,6.5
Dylan Hand,147983,S,KENNESAW,7,2,0,100.0,0,0,200,0,0,59.0,55.6,80.4,,45.9,51.6,0,0,0,1,48,28.6,2,0,0,79.2,2,0,0,37,0,69,117,0,0,0,0,0,64,117,0,48,16,1,3,0,2,0,0,87,28,43.5
Adam Watkins,147984,DI,KENNESAW,11,6,0,,0,0,200,0,0,57.5,58.7,83.8,63.0,54.4,55.7,1,4,0,0,,13.0,3,0,0,0.0,0,2,0,0,0,0,279,279,125,117,6,31,0,0,162,117,0,13,14,2,0,7,0,0,0,
Deontre Morris,147990,S,KENNESAW,10,8,0,73.8,1,1,200,1,0,66.8,69.1,43.6,60.0,76.4,53.9,0,0,0,5,24,19.4,12,5,2,86.5,31,0,0,52,0,330,571,2,0,0,2,0,382,569,1,240,135,10,42,0,42,0,4,310,128,10.0
Remi Johnson,148006,LB,MONMOUTH,11,8,0,90.0,0,0,231,1,0,59.6,53.4,82.6,71.8,45.1,52.4,0,1,0,0,23,20.0,9,0,0,140.0,9,2,0,240,2,106,316,59,0,0,59,0,0,257,30,180,15,21,28,0,10,3,1,96,48,10.7
Jaylen Dotson,148010,CB,MONMOUTH,11,11,0,60.7,1,0,231,0,0,51.0,56.9,86.1,58.5,80.9,41.0,0,0,0,0,74,23.0,14,5,3,98.8,37,0,0,46,350,305,560,4,0,0,4,0,4,556,2,253,156,13,36,2,61,0,1,596,255,16.1
Kadeem McKnight,148012,S,MONMOUTH,6,0,0,,0,0,231,0,0,64.1,56.7,72.1,,48.5,22.2,0,0,0,0,,100.0,1,0,0,0.0,0,0,0,1,1,11,16,0,0,0,0,0,11,16,0,5,3,0,0,0,0,0,0,0,0,
Nathan Carabatsakis,148015,DI,ROB MORRIS,10,8,0,,0,0,277,0,0,,60.3,44.5,59.5,61.7,55.1,2,2,0,0,,12.5,2,0,1,0.0,0,1,0,1,0,0,220,219,0,150,24,45,0,1,102,118,0,6,6,1,0,5,0,0,0,
Shakespeare Louis,148017,S,ROB MORRIS,10,7,0,71.4,0,0,277,0,0,64.3,62.8,83.0,58.9,58.6,58.7,1,1,0,0,56,16.7,5,2,0,150.0,10,0,0,82,1,124,243,5,0,0,5,0,85,238,7,112,70,4,18,1,14,2,3,164,62,16.4
Cade Casto,148020,DI,ROB MORRIS,6,1,0,,0,0,277,0,0,,44.3,76.0,57.9,43.1,73.4,0,0,0,0,,0.0,0,0,0,0.0,0,0,0,0,0,0,36,36,11,25,0,0,0,0,9,27,0,1,2,0,0,0,0,0,0,
Tim White,148022,S,ROB MORRIS,4,0,0,50.0,0,0,277,0,0,74.7,73.5,80.7,54.4,69.2,68.7,0,0,0,1,7,11.1,1,1,0,18.8,2,0,0,40,1,64,128,1,0,0,1,0,46,127,3,61,40,1,8,0,4,0,0,14,15,7.0
Marqwan Fluitt,148024,ED,ROB MORRIS,3,0,0,,0,0,277,0,0,,54.6,75.0,56.0,55.1,15.3,0,0,0,0,,100.0,2,0,0,0.0,0,0,0,0,0,0,36,36,1,1,15,19,0,0,10,26,0,0,0,0,0,0,0,0,0,
Ryan Creehan,148026,LB,ROB MORRIS,2,0,0,,0,0,277,0,0,,60.0,64.4,,60.0,,0,0,0,0,,,0,0,0,0.0,0,0,0,2,0,0,2,0,0,0,0,0,0,2,0,2,0,0,0,0,0,0,0,0,0,
Nick Kessler,148042,DI,ILL STATE,2,0,0,,0,0,188,0,0,,58.2,72.1,57.4,59.0,73.2,0,0,0,0,,0.0,0,0,0,0.0,0,0,0,0,0,0,16,16,0,3,1,12,0,0,3,13,0,2,2,0,0,0,0,0,0,
Cam Wilson,148044,CB,ILL STATE,2,0,0,,0,0,188,0,0,63.2,65.9,72.1,,65.7,73.1,0,0,0,0,,0.0,0,0,0,0.0,0,0,0,7,20,5,27,0,0,0,0,0,0,27,0,22,0,0,1,0,0,0,0,0,0,
Reese Edwards,148051,LB,ILL STATE,4,1,0,,0,0,188,0,0,77.4,57.2,78.0,49.0,49.0,34.5,0,0,0,0,,50.0,1,1,0,0.0,0,0,0,18,0,6,30,5,0,0,5,0,0,25,14,10,7,0,0,0,0,0,0,0,0,
Kylan Stevens,148053,DI,ILL STATE,1,0,0,,0,0,188,0,0,,67.1,71.4,,66.1,,0,0,0,0,,,0,0,0,0.0,0,0,0,0,0,0,15,15,0,0,0,15,0,0,0,15,0,0,0,0,0,0,0,0,0,
Cornelius Doe,148056,CB,INDIANA ST,4,3,0,87.5,0,0,191,0,0,46.1,49.9,77.9,,67.6,65.9,0,0,0,0,36,11.1,1,0,0,155.2,7,0,0,5,69,33,79,1,0,0,1,0,2,78,0,46,2,1,5,0,8,0,2,94,25,13.4
Tyler Miller,148061,DI,INDIANA ST,1,1,0,,0,0,191,0,0,,52.0,67.8,,56.5,70.2,0,0,0,0,,0.0,0,0,0,0.0,0,0,0,0,0,0,3,3,0,3,0,0,0,0,0,3,0,0,0,0,0,0,0,0,0,
Heath Stephen II,148062,ED,SE LA,10,0,0,,0,0,294,0,0,60.0,66.2,79.6,59.0,70.2,47.2,1,4,0,0,,16.7,1,0,0,0.0,0,1,0,0,0,0,83,83,1,27,31,24,0,0,52,31,0,6,5,2,0,6,0,0,0,
Ethan Cain,148067,LB,INDIANA ST,2,0,0,,0,0,191,0,0,,30.2,67.4,,60.0,,0,0,0,0,,,0,0,0,0.0,0,0,0,4,0,0,6,1,0,0,1,0,0,5,0,6,1,0,0,0,0,0,0,0,0,
Kaleal Davis,148085,S,INDIANA ST,10,6,0,66.7,0,0,191,0,0,62.2,59.4,83.0,74.7,51.3,55.3,0,0,0,1,20,18.9,7,0,1,87.2,8,1,0,100,0,168,343,10,0,0,10,0,175,333,1,174,58,8,24,0,12,1,1,105,51,13.1
Johnathan Edwards,148086,CB,INDIANA ST,10,5,0,51.1,0,0,191,0,0,71.1,70.4,84.5,60.0,61.7,63.7,0,0,0,0,39,13.5,5,8,1,84.4,23,0,0,26,421,239,459,6,0,0,6,0,2,453,1,219,4,8,27,0,45,0,2,269,71,11.7
Geoffrey Brown,148087,LB,INDIANA ST,11,20,0,87.5,0,2,191,1,0,54.0,70.9,84.5,61.6,79.4,56.9,4,3,0,0,30,17.7,17,0,0,126.6,14,4,0,612,1,256,670,24,0,0,24,0,0,646,77,337,32,37,59,1,16,11,1,150,77,10.7
Rylan Cole,148088,S,INDIANA ST,10,17,1,46.7,0,0,191,0,0,75.3,73.3,82.4,84.1,68.1,66.3,1,0,0,3,28,14.3,13,4,0,34.3,14,0,0,294,2,316,662,3,0,0,3,0,288,659,2,344,75,15,61,5,30,1,1,157,58,11.2
Ray Vollmer,148089,S,INDIANA ST,2,1,0,,0,0,191,0,0,73.4,72.8,72.7,,60.0,80.0,0,0,0,0,,0.0,0,0,0,0.0,0,0,0,3,0,15,21,0,0,0,0,0,16,21,0,6,2,1,2,0,0,0,0,0,0,
Joey Shew,148090,ED,INDIANA ST,10,4,0,,0,0,191,0,0,60.1,69.2,81.0,60.5,73.6,58.0,0,5,0,0,,33.3,2,0,0,0.0,0,1,0,1,0,2,129,128,0,0,101,27,0,1,71,56,0,1,0,0,0,6,0,0,0,
John Moore,148091,CB,INDIANA ST,11,4,0,63.2,0,0,191,0,0,63.6,60.7,83.8,58.4,48.5,28.2,0,1,0,0,19,34.8,8,1,1,73.6,12,0,0,18,87,120,222,1,0,0,1,0,2,221,2,100,114,6,11,2,19,1,0,86,75,7.2
Maddix Blackwell,148092,CB,INDIANA ST,11,12,0,65.2,0,1,191,0,0,70.5,69.7,88.4,69.8,61.9,48.9,0,1,0,1,56,22.6,14,5,0,94.3,30,1,0,57,3,280,504,9,0,0,9,0,72,495,9,215,362,16,36,3,46,2,2,358,222,11.9
Blake Surface,148093,LB,INDIANA ST,5,1,0,100.0,0,0,191,0,0,67.5,64.3,74.1,57.9,60.8,67.5,0,0,0,0,8,14.3,1,0,0,100.0,1,0,0,61,0,23,82,12,0,0,12,0,0,70,3,56,9,3,5,1,1,0,0,8,3,8.0
Jarin Johnson,148094,LB,INDIANA ST,9,5,0,100.0,0,1,191,0,0,46.8,56.6,81.4,56.1,63.0,66.5,0,3,0,0,26,12.0,3,0,0,149.1,7,1,0,146,1,49,255,78,0,0,78,0,0,177,44,162,29,8,17,1,7,4,1,72,48,10.3
Kenneth Butler III,148095,DI,INDIANA ST,10,3,1,,0,0,191,0,0,69.2,60.7,81.7,57.8,58.3,37.4,0,3,0,0,,25.0,3,0,0,0.0,0,0,0,0,0,0,167,167,43,123,0,1,0,0,73,94,0,4,6,0,0,3,0,0,0,
Donovan Clark,148103,CB,MO STATE,1,0,0,,0,0,230,0,0,,60.0,60.0,60.0,,,0,0,0,0,,,0,0,0,0.0,0,0,0,0,0,0,1,0,0,0,0,0,0,1,1,0,0,0,0,0,0,0,0,0,0,
Jaylen Stewart,148108,S,MO STATE,2,0,0,0.0,0,0,230,0,0,45.3,48.7,73.4,,61.8,,0,0,0,0,,,0,0,0,39.6,0,0,0,3,0,13,21,0,0,0,0,0,11,21,0,8,7,0,0,0,1,0,0,0,0,
Todric McGee,148117,S,MO STATE,6,4,1,77.8,0,0,230,0,0,63.1,69.1,81.3,88.7,72.6,67.1,1,0,0,0,26,13.8,4,1,0,104.6,7,0,0,63,1,104,194,1,0,0,1,0,76,193,1,89,53,11,21,0,9,1,0,82,31,11.7
Lemondre Joe,148119,CB,MO STATE,2,0,0,25.0,0,0,230,0,0,66.5,64.4,78.5,,50.9,73.5,0,0,0,0,18,0.0,0,2,0,45.3,2,0,0,2,93,53,97,0,0,0,0,0,0,97,0,44,2,0,1,0,8,0,0,35,20,17.5
Caleb Dietlin,148122,ED,MO STATE,8,5,0,,0,0,230,0,0,60.0,68.1,81.3,59.1,71.0,81.8,0,1,0,0,,0.0,0,0,0,0.0,0,0,0,0,0,1,117,117,0,0,113,4,0,0,52,64,0,9,10,2,0,1,0,0,0,
Siale Suliafu,148123,DI,MO STATE,7,2,1,,0,0,230,0,0,,75.0,79.0,73.4,68.0,29.0,1,3,0,0,,25.0,1,0,0,0.0,0,0,0,1,1,0,72,69,28,41,0,0,0,3,51,21,0,1,1,0,0,4,0,0,0,
Sterling Smithson,148124,DI,MO STATE,5,2,0,,0,1,230,0,0,60.0,65.1,79.2,62.1,63.9,77.6,0,3,0,0,,0.0,0,0,0,0.0,0,0,0,0,0,0,100,100,20,78,0,2,0,0,56,44,0,4,7,1,0,3,0,0,0,
Nate DeMontagnac,148138,WR,N DAKOTA,1,0,0,,0,0,249,0,0,,56.0,60.0,,60.0,,0,0,0,0,,0.0,0,0,1,0.0,0,0,0,0,0,0,1,0,0,0,0,0,0,1,0,1,0,0,1,0,0,0,0,0,0,
Cole Davis,148140,S,N DAKOTA,6,0,0,100.0,0,0,249,0,0,56.1,57.6,75.8,59.7,61.8,79.8,0,0,0,0,19,0.0,0,0,0,144.8,4,0,0,8,0,19,41,1,0,0,1,0,12,40,1,21,19,2,3,0,4,0,1,37,7,9.3
Malachi McNeal,148141,LB,N DAKOTA,3,2,0,0.0,0,0,249,0,0,72.9,75.4,82.7,57.2,71.5,70.8,0,0,0,0,,11.1,1,0,0,39.6,0,0,0,31,0,13,34,1,0,0,1,0,0,33,3,18,1,2,6,0,1,0,0,0,0,
Clayton Bishop,148142,CB,N DAKOTA,2,1,0,80.0,0,0,249,0,0,49.9,31.5,72.1,,26.0,58.3,0,0,0,0,24,16.7,1,0,0,110.0,4,0,0,2,17,10,19,0,0,0,0,0,0,19,0,9,0,0,4,0,5,0,0,52,19,13.0
Casey Schultz,148145,DI,N DAKOTA,12,6,0,,0,0,249,0,0,65.4,58.6,82.5,57.9,56.8,67.4,1,3,0,0,,5.9,1,0,0,0.0,0,0,0,2,0,2,238,236,6,129,52,49,0,2,141,95,0,5,10,1,0,4,0,0,0,
Edmund Ocansey,148146,CB,N DAKOTA,12,5,0,61.9,0,0,249,0,0,69.2,68.3,31.5,72.0,62.5,73.3,0,0,0,0,32,8.3,2,2,2,113.6,13,0,0,52,360,213,440,7,0,0,7,0,5,433,6,221,15,3,17,0,21,0,1,222,39,17.1
Bryce Lance,148151,WR,N DAK ST,1,0,0,,0,0,250,0,0,,60.0,60.0,,60.0,,0,0,0,0,,,0,0,1,0.0,0,0,0,0,0,0,1,0,0,0,0,0,0,1,0,1,0,0,0,0,0,0,0,0,0,
Ryan Jones,148166,S,N DAK ST,3,1,0,0.0,0,0,250,0,0,56.8,62.9,75.1,,70.7,49.6,0,0,0,0,,25.0,1,0,0,39.6,0,0,0,10,0,15,39,0,0,0,0,0,26,39,0,24,1,0,2,0,1,0,0,0,0,
Reggie King,148167,S,N DAK ST,1,0,0,,0,0,250,0,0,62.5,62.9,71.0,,60.0,,0,0,0,0,,,0,0,0,0.0,0,0,0,6,0,3,8,0,0,0,0,0,2,8,0,5,0,0,0,0,0,0,0,0,0,
Enock Sibomana,148168,LB,N DAK ST,2,0,0,,0,0,250,0,0,63.3,64.7,67.6,,61.5,,0,0,0,0,,,0,0,0,0.0,0,0,0,6,1,4,10,0,0,0,0,0,0,10,0,6,3,0,0,0,0,0,0,0,0,
Logan Kopp,148170,LB,N DAK ST,15,7,0,80.0,0,0,250,0,0,70.3,66.4,82.6,59.1,60.7,59.2,1,4,0,2,15,16.7,7,0,0,50.4,4,0,0,139,1,84,195,20,0,0,20,0,0,175,18,93,33,20,28,1,5,5,0,28,22,7.0
Brayden Weber,148172,LB,N DAK ST,1,0,0,,0,0,250,0,0,61.6,69.9,70.9,,68.3,73.1,0,0,0,0,,0.0,0,0,0,0.0,0,0,0,8,0,3,8,0,0,0,0,0,0,8,0,5,0,1,1,0,0,0,0,0,0,
Kole Menz,148173,ED,N DAK ST,15,2,0,100.0,0,0,250,0,0,62.6,69.7,83.7,60.3,71.9,67.0,1,4,0,0,-2,12.5,1,0,0,79.2,1,2,0,0,0,1,209,209,0,1,193,15,0,0,109,99,0,7,5,1,1,7,0,-2,5,-2.0
Kody Huisman,148174,DI,N DAK ST,15,1,0,,0,1,250,0,0,60.0,62.7,83.0,58.9,64.6,29.4,2,7,0,0,,25.0,6,0,0,0.0,0,1,0,0,0,0,335,335,9,321,0,5,0,0,191,144,0,8,17,0,0,10,0,0,0,
Jaxon Duttenhefer,148175,DI,N DAK ST,15,11,0,,0,1,250,0,0,51.9,67.4,42.4,61.3,75.5,56.3,1,6,0,0,,12.1,4,0,2,0.0,0,6,0,0,0,0,413,413,72,336,0,5,0,0,214,199,0,16,18,3,0,13,0,0,0,
Deven Foster,148179,S,N IOWA,2,0,0,100.0,0,1,255,0,0,69.3,77.0,70.0,,63.4,77.1,0,0,0,0,24,0.0,0,0,0,118.8,1,0,0,4,8,1,12,0,0,0,0,0,0,12,0,11,0,0,2,0,1,0,0,24,-1,24.0
Carter Hewitt,148189,DI,N IOWA,9,3,0,,0,0,255,0,0,65.9,51.1,80.8,55.7,46.9,59.5,0,0,0,0,,12.5,1,0,0,0.0,0,0,0,2,0,0,153,151,29,117,0,5,0,2,63,90,0,4,4,0,0,0,0,0,0,
Tucker Langenberg,148194,LB,N IOWA,4,2,0,,0,0,255,0,0,65.0,51.0,77.0,66.3,41.8,81.2,0,0,0,0,,14.3,1,0,0,0.0,0,0,0,41,0,8,45,3,0,0,3,0,0,42,3,34,1,2,4,0,0,0,0,0,0,
Mo Olowo,148195,S,N IOWA,2,0,0,,0,1,255,1,0,62.1,88.2,74.6,,87.8,77.1,0,0,0,0,,0.0,0,0,0,0.0,0,0,0,4,0,3,14,7,0,0,7,0,3,7,0,11,0,0,2,0,0,0,0,0,0,
Caleb Frazer,148196,LB,N IOWA,1,0,0,,0,0,255,1,0,,56.0,69.6,,56.4,76.1,0,0,0,0,,0.0,0,0,0,0.0,0,0,0,9,0,0,9,0,0,0,0,0,0,9,0,9,0,0,2,0,0,0,0,0,0,
Derek Anderson,148197,DI,N IOWA,3,0,0,,0,0,255,0,0,,68.1,73.0,64.7,65.2,,0,0,0,0,,,0,0,0,0.0,0,0,0,0,0,0,19,19,0,19,0,0,0,0,7,12,0,0,0,0,0,0,0,0,0,
Shahid Barros,148211,CB,S DAKOTA,8,2,0,45.5,0,0,291,0,0,62.0,60.5,80.4,59.7,55.7,43.3,0,0,0,0,12,25.0,3,3,1,56.3,5,0,0,18,91,54,124,14,0,0,14,0,0,110,1,69,1,2,7,1,11,0,0,43,15,8.6
Nyle Dickel,148213,ED,S DAKOTA,8,4,0,,0,0,291,0,0,66.0,70.1,82.1,59.7,70.6,82.4,0,0,0,0,,0.0,0,0,0,0.0,0,1,0,9,0,7,69,57,0,0,57,0,1,12,19,43,2,4,5,0,0,1,0,0,0,
Matt Medill,148214,LB,S DAKOTA,2,0,0,,0,0,291,0,0,60.0,61.9,67.6,,60.0,,0,0,0,0,,,0,0,0,0.0,0,0,0,3,0,1,3,0,0,0,0,0,0,3,0,2,0,0,0,0,0,0,0,0,0,
Danny Browdy Jr.,148216,LB,S DAKOTA,1,0,0,,0,0,291,0,0,,60.0,66.0,60.0,,,0,0,0,0,,,0,0,0,0.0,0,0,0,0,0,0,1,1,0,0,1,0,0,0,1,0,0,0,0,0,0,0,0,0,0,
Justin Stallworth,148217,ED,S DAKOTA,4,4,0,100.0,0,0,291,0,0,50.6,61.1,82.7,62.2,62.3,62.7,1,2,0,0,6,11.1,1,0,0,131.3,1,1,0,0,0,1,83,83,0,0,83,0,0,0,44,38,0,4,4,0,1,4,1,6,4,6.0
Dominic Caggiano,148218,ED,S DAKOTA,11,3,0,,0,0,291,0,0,,68.5,79.2,59.7,70.4,53.6,1,2,0,0,,20.0,2,0,0,0.0,0,0,0,0,0,0,99,99,0,6,52,41,0,0,36,63,0,3,5,2,0,3,0,0,0,
Earl Miller Jr.,148219,DI,S DAKOTA,9,5,0,,0,0,291,0,0,59.3,54.1,2.4,53.6,60.8,77.0,0,1,0,0,,0.0,0,0,3,0.0,0,0,0,0,0,1,241,241,43,186,0,12,0,0,107,133,0,1,6,0,0,1,0,0,0,
Tyler Feldkamp,148221,WR,S DAK ST,1,0,0,,0,0,292,0,0,,60.1,60.0,,60.0,,0,0,0,0,,,0,0,0,0.0,0,0,0,0,0,0,1,0,0,0,0,0,0,1,0,1,0,0,0,0,0,0,0,0,0,
Josh Buri,148230,HB,S DAK ST,1,0,0,,0,0,292,0,0,,60.1,60.0,,60.0,,0,0,0,0,,,0,0,0,0.0,0,0,0,0,0,0,1,0,0,0,0,0,0,1,0,1,0,0,0,0,0,0,0,0,0,
Colby Huerter,148237,S,S DAK ST,14,9,0,50.0,0,0,292,0,0,71.4,75.8,85.3,62.0,80.0,62.5,0,0,0,2,30,19.6,9,2,0,63.5,6,1,0,192,5,212,372,0,0,0,0,0,150,372,1,159,23,16,28,4,12,1,1,91,21,15.2
Timothy Croskey,148239,CB,S DAK ST,1,0,0,,0,0,292,0,0,,60.1,60.0,,60.0,,0,0,0,0,,,0,0,0,0.0,0,0,0,0,0,0,1,0,0,0,0,0,0,1,0,1,0,0,0,0,0,0,0,0,0,
Matthew Durrance,148240,S,S DAK ST,13,1,0,60.0,0,0,292,0,1,61.9,57.0,82.2,,39.9,22.7,0,0,0,1,8,63.6,7,0,0,28.3,3,0,0,59,1,128,182,0,0,0,0,0,100,182,0,54,21,2,3,0,5,0,0,19,9,6.3
Tucker Large,148243,S,S DAK ST,14,9,0,55.0,0,0,292,0,0,86.7,82.0,23.1,60.0,68.3,69.5,0,0,0,0,19,15.6,5,3,1,64.4,11,0,0,104,4,294,458,2,0,0,2,0,226,456,1,163,120,5,18,0,20,0,0,79,29,7.2
Aydan Dautermann,148244,CB,S DAK ST,6,1,0,42.9,0,0,292,0,0,66.2,67.7,77.7,60.0,70.7,61.3,0,0,0,0,27,14.3,1,2,1,59.8,3,0,0,0,63,44,67,0,0,0,0,0,0,67,1,22,2,1,5,0,7,0,0,37,5,12.3
Levi Vanden Bos,148248,ED,S DAK ST,3,0,0,,0,0,292,0,0,61.2,66.9,75.0,56.3,61.3,71.5,0,1,0,0,,0.0,0,0,0,0.0,0,0,0,0,0,0,21,21,0,0,17,4,0,0,12,9,0,1,1,0,0,1,0,0,0,
Aaron Wolfcale-Holsten,148249,DI,S DAK ST,6,0,0,,0,0,292,1,0,61.1,67.7,77.7,59.5,69.3,75.4,0,4,0,0,,0.0,0,0,0,0.0,0,0,0,0,0,0,61,61,9,48,1,3,0,0,45,16,0,4,5,1,0,4,0,0,0,
David Miller,148265,CB,S ILLINOIS,11,3,0,62.3,0,0,295,0,0,54.9,60.3,46.1,74.3,84.3,68.2,0,3,0,1,66,13.7,7,2,2,102.3,33,2,0,44,575,380,635,6,0,0,6,0,1,629,8,247,9,12,41,1,53,5,3,475,173,14.4
Louis Wilbert,148266,ED,S ILLINOIS,9,3,0,,0,0,295,0,0,71.5,79.8,85.3,72.3,75.3,76.2,1,5,0,0,,7.7,1,0,0,0.0,0,1,0,37,0,21,128,91,0,0,88,3,0,37,58,49,0,6,9,0,0,7,0,0,0,
Cejai Parson,148270,S,S ILLINOIS,5,0,0,0.0,1,0,295,0,0,65.9,66.1,77.4,,61.2,55.7,0,0,0,0,,33.3,1,0,1,39.6,0,0,0,1,0,36,48,0,0,0,0,0,43,48,0,12,4,0,2,0,2,0,0,0,0,
Shane Roth,148271,LB,S ILLINOIS,1,1,0,100.0,0,0,295,0,0,62.8,71.9,69.4,,70.1,74.3,0,0,0,0,3,0.0,0,0,0,79.2,1,0,0,12,0,10,12,0,0,0,0,0,0,12,0,2,0,0,0,0,1,0,0,3,-2,3.0
Caden Reeves,148272,DI,S ILLINOIS,4,0,0,,0,0,295,0,0,,65.3,74.0,62.6,63.9,,1,0,0,0,,,0,0,0,0.0,0,0,0,0,0,0,25,25,0,21,1,3,0,0,16,9,0,0,0,0,0,1,0,0,0,
Raphael Orubo,148278,DI,W ILLINOIS,2,0,0,,0,0,345,0,0,,33.4,76.7,63.5,29.4,,0,0,0,0,,,0,0,0,0.0,0,0,0,0,0,0,35,35,26,0,2,7,0,0,10,25,0,0,0,0,0,0,0,0,0,
Ryan Knaus,148282,ED,W ILLINOIS,3,0,0,,0,0,345,0,0,,44.2,69.2,,48.8,,0,0,0,0,,,0,0,0,0.0,0,0,0,0,0,0,5,5,0,1,0,4,0,0,0,5,0,0,0,0,0,0,0,0,0,
Trace Brown,148285,DI,W ILLINOIS,7,0,0,,0,0,345,0,0,,57.3,78.7,56.6,57.7,,0,0,0,0,,,0,0,0,0.0,0,0,0,0,0,0,47,47,44,3,0,0,0,0,22,25,0,0,0,0,0,0,0,0,0,
Jarin Davis,148312,CB,YNGTOWN ST,1,0,0,100.0,0,0,353,0,0,51.8,51.1,68.5,,60.0,,0,0,0,0,4,,0,0,0,122.9,1,0,0,1,5,3,6,0,0,0,0,0,0,6,0,3,0,0,0,0,1,0,1,4,0,4.0
Preston Zandier,148313,LB,YNGTOWN ST,1,0,0,,0,0,353,0,0,62.0,66.5,68.5,,64.9,74.3,0,0,0,0,,,0,0,0,0.0,0,0,0,10,0,5,10,0,0,0,0,0,0,10,0,5,0,0,0,0,0,0,0,0,0,
Andrew Centofanti,148314,S,YNGTOWN ST,2,0,0,100.0,0,0,353,0,0,65.0,65.1,70.1,,60.3,74.8,0,0,0,0,6,0.0,0,0,0,91.7,1,0,0,2,0,3,9,0,0,0,0,0,4,9,0,6,3,0,1,0,1,0,0,6,0,6.0
Jake Powell,148316,ED,YNGTOWN ST,1,1,0,,0,0,353,0,0,,61.2,69.7,58.3,61.6,70.8,0,0,0,0,,0.0,0,0,0,0.0,0,0,0,0,0,0,5,5,0,0,2,3,0,0,2,3,0,0,0,0,0,0,0,0,0,
Nick Winsen,148320,DI,YNGTOWN ST,2,1,0,,0,0,353,0,0,,67.5,67.7,58.5,61.7,70.2,0,0,0,0,,0.0,0,0,0,0.0,0,0,0,0,0,0,3,3,0,3,0,0,0,0,2,1,0,0,0,0,0,0,0,0,0,
Parris Lowery,148325,DI,ELON,11,4,0,,0,0,162,0,0,,68.1,51.6,56.5,76.5,68.1,1,5,0,0,,7.7,1,0,1,0.0,0,1,0,0,0,0,267,267,21,242,0,4,0,0,153,114,0,8,8,1,0,7,0,0,0,
Zy'Mere Reddick,148328,ED,ELON,4,0,0,,0,0,162,0,0,,57.9,75.4,56.9,60.5,,0,1,0,0,,,0,0,0,0.0,0,0,0,0,0,0,14,14,0,0,14,0,0,0,11,3,0,0,0,0,0,1,0,0,0,
Jake Louro,148329,DI,ELON,12,4,1,,1,1,162,0,0,,56.2,23.1,58.8,57.9,68.9,0,3,0,0,,0.0,0,0,2,0.0,0,2,0,0,0,0,266,266,7,259,0,0,0,0,126,140,0,9,9,2,0,5,0,0,0,
James Watts,148330,ED,ELON,1,0,0,,0,0,162,0,0,,60.0,64.7,60.0,,,0,0,0,0,,,0,0,0,0.0,0,0,0,0,0,0,1,1,0,1,0,0,0,0,1,0,0,0,0,0,0,0,0,0,0,
Donovan Everette,148335,DI,ELON,2,0,0,,0,0,162,0,0,,65.8,69.8,70.2,58.8,27.6,0,0,0,0,,100.0,1,0,0,0.0,0,1,0,0,0,0,7,7,0,7,0,0,0,0,2,5,0,1,0,0,0,1,0,0,0,
Darius Harris,148336,S,ELON,12,1,0,46.2,0,0,162,0,0,61.3,61.7,82.8,57.9,63.0,43.6,0,0,0,0,16,37.5,3,3,0,61.7,6,0,0,12,2,135,162,0,0,0,0,0,58,162,2,25,90,0,4,0,13,0,0,66,28,11.0
Caleb Curtain,148341,S,ELON,10,1,0,66.7,0,0,162,0,0,68.2,64.9,78.9,73.9,42.6,74.1,0,1,0,1,17,10.0,1,0,0,42.0,8,1,0,36,0,65,95,7,0,0,7,0,0,88,5,25,52,4,8,0,12,2,0,55,21,6.9
Johncarlos Miller II,148343,TE,ELON,2,0,0,0.0,0,0,162,0,0,78.1,68.7,65.8,,,,0,0,0,0,,,0,1,1,39.6,0,0,0,0,0,2,2,0,0,0,0,0,2,2,0,0,0,0,0,0,1,0,0,0,0,
TJ Young,148344,LB,ELON,7,1,0,100.0,0,0,162,0,0,60.8,51.8,0.0,60.8,53.2,46.3,0,1,0,0,9,22.2,2,0,1,104.2,1,0,0,28,0,20,38,5,0,0,5,0,0,33,6,12,5,3,6,0,1,1,0,9,2,9.0
Jonathan Robinson,148345,CB,ELON,5,0,0,50.0,0,0,162,0,0,69.3,69.8,74.8,,62.6,76.6,0,0,0,0,6,0.0,0,0,0,56.3,1,0,0,3,36,24,39,0,0,0,0,0,0,39,0,15,0,1,2,0,2,0,0,6,1,6.0
Matei Fitz,148366,DI,RICHMOND,13,8,0,,0,1,276,0,0,62.1,64.3,84.0,63.5,61.1,65.2,1,8,0,1,,9.5,2,0,0,0.0,0,2,0,0,0,0,445,445,4,430,2,9,0,0,255,190,0,10,11,0,0,11,0,0,0,
Jylun Spence,148378,S,MAINE,1,2,0,,0,0,212,0,0,65.3,61.1,73.3,,55.2,50.4,0,0,0,0,,25.0,1,0,0,0.0,0,0,0,10,0,8,21,0,0,0,0,0,9,21,0,13,2,0,1,0,0,0,0,0,0,
Daniel Doegan,148381,CB,MAINE,7,2,0,55.0,0,0,212,0,0,64.5,64.1,82.6,,58.8,63.0,0,0,0,0,67,13.6,3,2,0,134.6,11,0,0,9,261,150,276,3,0,0,3,0,0,273,0,126,3,1,17,0,20,0,3,226,92,20.5
Latrell Couchman,148385,LB,MAINE,5,1,0,,0,0,212,0,0,60.0,68.9,71.6,,68.4,55.9,0,0,0,0,,16.7,1,0,0,0.0,0,0,0,10,0,1,13,2,0,0,2,0,0,11,0,12,1,2,4,1,0,0,0,0,0,
Xavier Holmes,148387,DI,MAINE,1,0,0,,0,0,212,0,0,,58.8,66.6,58.6,,,0,0,0,0,,,0,0,0,0.0,0,0,0,0,0,0,2,2,0,1,0,1,0,0,2,0,0,0,0,0,0,0,0,0,0,
Abdul Stewart,148388,CB,MAINE,10,5,0,84.0,0,0,212,0,0,48.7,46.3,0.0,59.0,48.4,32.1,0,0,0,0,47,29.0,9,1,3,118.8,21,0,0,51,4,190,301,5,0,0,5,0,9,296,2,109,232,3,17,0,25,0,0,334,199,15.9
Jabari Echols,148393,CB,MAINE,5,3,0,68.4,0,0,212,0,0,42.6,44.8,80.2,,58.3,50.9,0,0,0,0,25,20.0,4,0,0,114.4,13,0,0,6,157,81,166,0,0,0,0,0,1,166,0,85,2,2,13,0,19,0,1,172,81,13.2
Tim Bonagura,148394,DI,NEW HAMP,2,0,0,,0,0,240,0,0,,72.2,68.5,58.8,69.2,69.7,0,0,0,0,,0.0,0,0,0,0.0,0,0,0,0,0,0,4,4,1,2,0,1,0,0,1,3,0,1,1,0,0,0,0,0,0,
Malik Hill,148404,CB,RHODE ISLD,1,0,0,,0,0,274,0,0,60.0,60.0,63.8,,,,0,0,0,0,,,0,0,0,0.0,0,0,0,0,0,1,1,0,0,0,0,0,0,1,0,0,1,0,0,0,0,0,0,0,0,
Owen Laughlin,148413,LB,RICHMOND,1,0,0,,0,0,276,0,0,,74.8,68.2,,70.9,73.1,0,0,0,0,,0.0,0,0,0,0.0,0,0,0,4,0,0,4,0,0,0,0,0,0,4,0,4,0,0,1,0,0,0,0,0,0,
Carsen Stocklinski,148415,DI,RICHMOND,12,6,0,,0,0,276,0,0,59.1,59.0,40.2,61.5,59.5,43.6,1,9,0,0,,21.7,5,0,2,0.0,0,1,0,0,0,0,399,399,1,397,0,1,0,0,218,181,0,10,12,1,0,11,0,0,0,
Nkosi Budd,148423,DI,RICHMOND,1,0,0,,0,0,276,0,0,,32.3,71.0,58.5,36.5,,0,0,0,0,,,0,0,0,0.0,0,0,0,0,0,0,9,9,0,9,0,0,0,0,3,6,0,0,0,0,0,0,0,0,0,
Angelo Rankin Jr.,148426,CB,RICHMOND,13,8,0,56.1,1,1,276,0,0,67.8,66.8,49.4,55.7,65.2,78.3,0,3,0,0,45,7.8,4,5,8,91.0,32,0,0,76,472,365,630,31,0,0,31,0,0,599,14,251,51,13,39,1,57,3,2,416,80,13.0
Donovan Hoilette Jr.,148427,LB,RICHMOND,7,1,0,60.0,0,0,276,0,0,74.6,81.2,0.0,86.9,77.5,41.2,3,6,0,0,43,23.8,5,1,1,104.2,3,0,0,111,0,62,126,12,0,0,12,0,0,114,8,56,3,11,15,4,5,9,0,63,17,21.0
Bryson Parker,148429,S,RICHMOND,13,15,0,60.4,1,0,276,0,0,63.4,60.1,86.0,54.3,52.8,45.5,1,1,0,2,42,22.2,18,4,2,77.9,29,0,0,364,1,424,714,2,0,0,2,0,132,712,4,286,215,19,48,1,48,2,2,333,81,11.5
Elijah McMillan,148430,DI,RICHMOND,4,0,0,,0,0,276,0,0,,60.2,73.0,55.4,63.2,,0,0,0,0,,,0,0,0,0.0,0,0,0,0,0,0,20,20,0,20,0,0,0,0,11,9,0,0,0,0,0,0,0,0,0,
Jaidan Jackson,148435,DI,STNY BROOK,11,1,0,,1,0,303,0,0,,54.1,50.4,57.3,53.8,23.1,0,1,0,0,,36.4,4,0,1,0.0,0,1,0,0,0,0,251,251,45,180,9,17,0,0,120,131,0,6,6,2,0,2,0,0,0,
Anthony Williams,148439,ED,STNY BROOK,4,0,0,,0,0,303,0,0,,59.3,77.0,56.7,60.1,71.5,0,0,0,0,,0.0,0,0,0,0.0,0,0,0,0,0,0,35,35,0,2,31,2,0,0,10,25,0,0,1,0,0,0,0,0,0,
Calvin Harrison,148440,CB,STNY BROOK,1,0,0,,0,0,303,0,0,60.0,60.6,62.1,,,,0,0,0,0,,,0,0,0,0.0,0,0,0,1,0,1,1,0,0,0,0,0,0,1,0,0,0,0,0,0,0,0,0,0,0,
Rodney Faulk,148443,ED,STNY BROOK,7,3,0,100.0,0,0,303,0,0,50.0,63.4,59.2,57.1,70.8,61.6,2,5,0,0,6,8.3,1,0,1,91.7,1,3,0,8,0,13,311,298,0,3,263,32,0,13,129,169,5,9,8,2,1,10,0,6,0,6.0
Ramal West,148444,CB,STNY BROOK,5,0,0,100.0,0,0,303,0,0,30.0,35.4,72.4,,64.2,76.4,0,0,0,0,26,0.0,0,0,0,158.3,4,0,0,10,23,13,33,0,0,0,0,0,0,33,0,20,0,0,2,0,4,0,3,77,5,19.3
Amir Murray,148449,LB,TOWSON,5,1,0,100.0,0,0,317,0,0,57.7,58.6,74.3,58.0,60.8,81.4,0,0,0,0,14,0.0,0,0,0,118.8,1,0,0,37,1,19,39,1,0,0,1,0,0,38,3,17,0,3,6,0,1,0,0,14,6,14.0
Charles Peeples,148451,CB,TOWSON,1,0,0,,0,0,317,0,0,60.0,60.0,62.8,,,,0,0,0,0,,,0,0,0,0.0,0,0,0,1,0,1,1,0,0,0,0,0,0,1,0,0,0,0,0,0,0,0,0,0,0,
Daniel Raymond,148454,LB,TOWSON,11,1,0,82.4,0,0,317,0,0,56.1,61.1,47.4,65.7,67.2,55.0,2,7,0,0,21,20.0,4,0,3,96.6,14,0,0,125,4,164,403,97,0,0,97,0,0,306,45,194,177,6,15,1,17,9,0,122,62,8.7
JaVaughn Faunteroy,148455,CB,TOWSON,1,0,0,,0,0,317,0,0,62.1,66.6,70.2,,65.8,76.8,0,0,0,0,,0.0,0,0,0,0.0,0,0,0,1,0,3,6,0,0,0,0,0,0,6,0,3,5,0,2,0,0,0,0,0,0,
Ubayd Steed,148461,S,TOWSON,11,13,0,53.8,0,0,317,0,0,67.9,71.7,45.6,57.5,76.8,73.7,0,0,0,2,20,11.9,8,2,1,68.3,14,0,0,245,5,310,586,11,0,0,11,0,253,575,3,273,72,13,46,2,26,0,3,93,79,6.6
Mason Woods,148468,LB,TOWSON,11,24,0,55.0,0,0,317,0,0,79.8,70.4,47.8,50.5,64.6,68.6,0,9,0,1,24,12.6,11,1,1,53.3,11,2,0,620,1,311,654,5,0,0,5,0,0,649,39,304,26,32,52,3,20,11,0,126,77,11.5
Shafeek Smith,148469,CB,TOWSON,11,6,0,58.6,0,0,317,0,0,63.7,64.9,84.6,60.0,67.7,65.6,0,0,0,0,74,14.0,6,5,2,131.2,34,0,0,36,478,302,538,4,0,0,4,0,8,534,1,235,12,10,31,0,58,0,6,637,250,18.7
Xavier Terry,148471,S,TOWSON,11,5,0,58.3,0,0,317,0,0,61.3,65.8,83.1,60.0,75.5,86.9,0,0,0,1,20,4.5,1,2,0,81.3,7,0,0,57,2,150,252,1,0,0,1,0,101,251,1,101,89,3,16,2,12,0,1,108,7,15.4
Shane Hartzell,148476,LB,VILLANOVA,11,18,0,100.0,0,2,334,0,0,79.1,82.5,87.9,75.5,75.3,62.4,2,6,0,0,43,15.7,14,0,0,140.8,10,5,0,415,0,193,518,94,0,0,90,4,0,424,60,265,9,40,57,6,10,13,1,98,97,9.8
Christian Sapp,148478,S,VILLANOVA,10,5,0,75.0,0,0,334,0,0,55.7,57.6,80.0,59.9,60.4,47.1,0,0,0,0,22,21.7,5,1,1,131.9,9,0,0,67,108,112,240,5,0,0,5,0,59,235,2,126,1,5,13,0,12,0,3,80,6,8.9
Bryce Ganious,148483,ED,VILLANOVA,11,11,0,,0,0,334,1,0,69.9,77.9,71.4,66.9,79.8,29.7,5,28,0,0,,29.2,14,0,1,0.0,0,1,0,4,0,1,631,627,2,199,107,319,0,4,320,310,0,19,23,3,0,34,0,0,0,
Ethan Yip,148488,CB,WM & MARY,8,4,0,66.7,1,0,348,0,0,56.0,56.8,11.3,,67.9,65.0,0,0,0,0,38,12.5,2,1,2,115.2,14,0,0,7,283,171,296,0,0,0,0,0,1,296,0,125,4,3,10,0,21,0,1,210,77,15.0
Momen Zahid,148493,ED,WM & MARY,13,1,1,,0,1,348,1,0,60.0,62.6,39.4,64.4,58.4,76.5,1,11,0,0,,0.0,0,0,1,0.0,0,4,0,0,0,0,180,180,2,44,71,63,0,0,143,37,0,4,1,0,0,16,0,0,0,
Jalen Jones,148495,CB,WM & MARY,12,2,0,44.9,0,1,348,1,0,80.7,81.6,85.5,60.0,76.6,72.6,0,0,1,4,41,13.3,4,8,2,31.3,22,0,0,27,565,360,604,0,0,0,0,0,2,604,1,243,10,5,24,1,49,0,0,303,89,13.8
Davin Dzidzienyo,148496,DI,WM & MARY,13,2,0,,0,0,348,0,0,38.3,59.3,35.2,54.7,70.3,66.2,0,4,0,0,,7.1,1,0,1,0.0,0,0,0,1,0,1,157,155,73,80,1,1,0,2,77,79,1,6,11,0,0,4,0,0,0,
Denzel Patrick,148506,S,ALBANY,2,0,0,,0,0,106,0,0,62.5,63.6,69.3,,61.0,,0,0,0,0,,,0,0,0,0.0,0,0,0,6,0,3,9,0,0,0,0,0,0,9,0,6,3,0,0,0,0,0,0,0,0,
Jackson Ambush,148507,LB,ALBANY,11,24,0,64.3,0,0,106,0,0,41.1,51.7,53.8,57.2,60.9,59.6,1,3,0,1,19,15.8,16,2,1,81.0,18,0,0,629,0,320,667,5,0,0,5,0,0,662,22,325,33,25,61,1,28,4,1,190,60,10.6
Ghassan Chehade,148508,DI,ALBANY,11,2,0,,0,0,106,0,0,60.0,59.4,53.8,63.7,56.7,41.2,1,4,0,0,,21.4,3,0,1,0.0,0,0,0,1,0,1,280,279,52,217,1,9,0,1,144,135,0,7,9,1,0,5,0,0,0,
Ronnell McCorn,148509,ED,ALBANY,3,0,0,,0,0,106,0,0,,53.0,73.9,56.9,55.1,,0,0,0,0,,,0,0,0,0.0,0,0,0,0,0,0,10,10,0,0,10,0,0,0,4,6,0,0,0,0,0,0,0,0,0,
Amara Yobouet,148510,DI,ALBANY,4,0,0,,0,0,106,0,0,60.0,59.3,77.4,61.3,56.9,28.1,1,1,0,0,,33.3,1,0,0,0.0,0,0,0,0,0,0,54,54,8,44,0,2,0,0,23,31,0,1,2,0,0,2,0,0,0,
Elijah Hills,148511,DI,ALBANY,11,10,0,,1,1,106,0,0,60.2,70.0,34.6,71.4,68.7,58.1,4,9,0,0,,15.2,5,0,3,0.0,0,6,1,0,0,0,549,549,68,416,2,63,0,0,274,275,0,21,18,5,0,19,0,0,0,
J.T. Anderson,148527,CB,BRYANT,7,1,0,56.7,0,0,124,0,0,73.9,70.9,29.1,,54.8,52.2,0,0,0,2,35,20.8,5,1,5,63.5,17,0,0,37,395,252,442,0,0,0,0,0,10,442,0,190,0,9,18,1,30,0,1,222,59,13.1
Vince Gilchrist,148530,ED,BRYANT,2,0,0,,0,0,124,0,0,60.1,72.3,74.1,70.1,60.0,73.9,0,1,0,0,,0.0,0,0,0,0.0,0,0,0,0,0,0,14,14,0,0,14,0,0,0,12,2,0,2,2,0,0,1,0,0,0,
Michael Otty,148531,DI,BRYANT,3,0,0,,0,0,124,0,0,,76.4,78.1,72.3,72.4,72.4,0,4,0,0,,0.0,0,0,0,0.0,0,0,0,0,0,0,66,66,23,41,0,2,0,0,35,31,0,2,2,1,0,4,0,0,0,
Jaymian Simon,148533,DI,BRYANT,10,3,0,,0,0,124,1,0,58.3,59.4,31.9,56.8,66.4,48.9,0,0,0,0,,12.5,1,0,1,0.0,0,0,0,0,0,0,155,155,6,140,1,8,0,0,86,69,0,2,4,1,0,0,0,0,0,
Anilson Rocha,148536,DI,BRYANT,2,0,0,,0,0,124,0,0,,48.1,0.0,64.5,60.0,,1,0,0,0,,,0,0,1,0.0,0,0,0,0,0,0,8,8,2,6,0,0,0,0,7,1,0,0,0,0,0,1,0,0,0,
Amari Wharwood,148537,S,BRYANT,9,3,0,71.4,0,0,124,0,0,53.1,50.9,83.1,,44.1,33.4,0,0,0,0,49,33.3,4,0,1,153.3,5,0,0,19,0,113,189,0,0,0,0,0,107,189,0,76,63,1,5,0,7,0,2,96,39,19.2
CJ McGarity Jr.,148540,CB,BRYANT,5,0,0,70.0,1,0,124,0,0,53.9,51.8,78.8,,46.3,50.2,0,0,0,0,33,25.0,2,1,1,152.1,7,0,0,15,85,58,106,0,0,0,0,0,5,106,0,48,0,1,6,0,10,0,2,140,26,20.0
Sean Hunt,148543,CB,BRYANT,7,3,0,65.4,0,0,124,0,0,56.6,55.3,81.3,,50.2,55.9,0,0,0,0,40,18.2,4,4,1,126.0,17,0,0,35,171,119,213,0,0,0,0,0,4,213,0,94,1,1,15,1,26,0,3,193,66,11.4
Justin Mucci,148544,LB,BRYANT,2,0,0,,0,0,124,0,0,64.5,57.4,70.0,,60.0,21.8,0,0,0,0,,100.0,1,0,0,0.0,0,0,0,14,0,15,17,0,0,0,0,0,1,17,0,2,2,0,0,0,0,0,0,0,0,
Chris Yates,148545,S,BRYANT,10,1,0,73.3,0,1,124,0,0,65.6,64.0,7.1,66.9,60.1,45.6,0,2,0,0,21,25.0,4,2,3,91.0,11,2,0,111,7,186,280,14,0,0,14,0,32,266,12,82,115,5,11,0,15,4,0,100,57,9.1
Sam Neill,148552,CB,DUQUESNE,8,2,0,66.7,0,0,155,0,0,65.8,58.7,81.2,59.1,33.4,44.3,0,0,0,1,24,20.0,4,0,1,85.8,8,0,0,20,141,82,171,2,0,0,2,0,0,169,1,88,6,3,14,0,12,0,2,67,4,8.4
Ezekiel M. Daure,148553,CB,DUQUESNE,9,7,0,85.7,0,0,155,0,0,66.5,61.4,83.5,54.4,49.9,55.0,0,0,1,2,27,23.1,3,0,0,118.8,6,0,0,23,6,78,171,5,0,0,5,0,35,166,4,89,100,0,3,0,7,0,1,94,32,15.7
Antonio Epps,148554,S,DUQUESNE,4,0,0,100.0,0,0,155,0,0,76.6,61.4,73.7,,38.8,49.0,0,0,0,0,22,33.3,1,0,0,118.8,1,0,0,5,1,9,31,0,0,0,0,0,16,31,0,22,7,0,2,0,1,0,0,22,-1,22.0
Jaheim Williams,148564,ED,DUQUESNE,3,1,0,100.0,0,0,155,0,0,62.5,61.6,76.7,61.7,58.6,35.4,0,1,0,0,5,25.0,1,0,0,87.5,1,0,0,1,0,2,31,30,0,0,29,1,0,1,10,19,0,1,2,0,1,1,0,5,3,5.0
Malichi Lowery,148566,CB,DUQUESNE,6,1,0,60.0,0,0,155,1,0,57.7,56.7,77.7,59.7,54.0,80.2,0,0,0,0,58,0.0,0,0,0,143.8,3,0,0,2,58,36,68,1,0,0,1,0,3,67,1,31,4,1,3,0,5,0,1,63,4,21.0
CJ Barnes,148568,S,DUQUESNE,11,14,0,52.2,0,0,155,0,0,57.7,53.1,45.6,48.3,49.2,42.0,0,2,0,1,27,24.7,20,1,1,57.7,12,0,0,111,12,275,582,13,0,0,13,0,318,569,12,295,127,16,47,2,23,2,1,87,51,7.3
Ayden Garnes,148570,CB,DUQUESNE,11,3,0,57.5,0,1,155,1,0,56.9,60.7,86.7,58.1,71.1,44.6,1,4,0,2,43,23.9,11,3,2,63.3,23,0,0,77,246,265,566,19,0,0,19,0,5,547,22,279,218,11,32,2,40,5,1,248,129,10.8
Milan Summers,148571,ED,DUQUESNE,5,1,0,,0,0,155,0,0,63.3,53.0,77.7,65.4,42.6,46.7,0,0,0,0,,33.3,2,0,0,0.0,0,1,0,11,0,5,43,31,0,0,27,4,0,12,15,23,0,2,3,0,0,1,0,0,0,
Max Sharp,148574,S,DUQUESNE,1,0,0,,0,0,155,0,0,62.5,67.8,71.4,,66.4,73.1,0,0,0,0,,0.0,0,0,0,0.0,0,0,0,5,0,5,11,0,0,0,0,0,4,11,0,6,2,1,1,0,0,0,0,0,0,
Cameron Dalrymple,148576,S,MERRIMACK,1,0,0,,0,0,385,0,0,,60.0,61.7,,60.0,,0,0,0,0,,,0,0,0,0.0,0,0,0,1,0,0,1,0,0,0,0,0,0,1,0,1,0,0,0,0,0,0,0,0,0,
Tre Jordan III,148578,CB,MERRIMACK,11,6,1,37.8,1,0,385,0,0,58.1,63.8,85.6,82.7,69.4,70.2,1,3,0,0,25,12.8,5,3,4,51.3,14,2,0,82,16,241,447,6,0,0,6,0,50,441,13,193,293,10,28,1,37,6,0,157,64,11.2
Jason Compoh,148586,ED,MERRIMACK,9,2,0,,0,0,385,0,0,,73.0,83.7,66.6,73.5,63.8,0,6,0,0,,14.3,2,0,0,0.0,0,1,0,0,0,0,200,200,1,2,180,17,0,0,104,96,0,5,10,2,0,7,0,0,0,
Chiebuka Aduaka,148589,ED,MERRIMACK,11,8,0,,0,0,385,1,0,77.1,73.4,38.4,66.5,76.3,64.5,7,11,0,0,,8.3,2,0,2,0.0,0,0,0,2,0,2,342,340,0,12,282,46,0,2,211,129,0,8,14,0,0,18,0,0,0,
Jaylen Laudermilk,148591,WR,MERRIMACK,1,0,0,,0,1,385,0,0,,60.0,60.0,,60.0,,0,0,0,0,,,0,0,0,0.0,0,0,0,0,0,0,1,0,0,0,0,0,0,1,0,1,0,0,0,0,0,0,0,0,0,
Jared Dunn,148593,FB,MERRIMACK,1,0,0,,0,0,385,0,0,,60.0,,,60.0,,0,0,0,0,,,0,0,0,0.0,0,0,0,0,0,0,1,0,0,0,0,0,0,1,0,1,0,0,0,0,0,0,0,0,0,
Tommie McKoy III,148596,S,MERRIMACK,9,3,0,44.4,0,0,385,0,0,58.4,63.5,83.5,71.9,68.3,79.2,1,1,0,1,35,7.7,2,0,0,26.4,4,0,0,29,1,126,237,10,0,0,10,0,174,227,5,106,22,5,21,0,9,2,0,58,28,14.5
Garry Rosemond Jr.,148601,CB,MERRIMACK,10,1,0,42.9,1,0,385,0,0,80.7,80.6,37.0,73.4,73.1,66.9,0,0,1,4,48,13.5,5,6,4,47.0,18,1,1,5,451,269,506,3,0,0,3,0,3,503,1,236,44,12,31,3,42,1,3,252,70,14.0
Myles Wilson,148603,WR,MERRIMACK,1,0,0,,0,0,385,0,0,,60.0,60.0,,60.0,,0,0,0,0,,,0,0,0,0.0,0,0,0,0,0,0,1,0,0,0,0,0,0,1,0,1,0,0,0,0,0,0,0,0,0,
Ryan Parris,148606,LB,SACR HEART,5,0,0,100.0,0,0,280,0,0,71.0,59.8,74.0,59.3,50.1,54.7,0,1,0,0,2,16.7,1,0,0,79.2,1,0,0,41,0,14,41,0,0,0,0,0,0,41,1,26,0,2,5,0,1,1,0,2,4,2.0
Arthur Belile,148619,ED,WAGNER,1,0,0,,0,0,338,0,0,,60.3,66.6,60.0,60.0,,0,0,0,0,,,0,0,0,0.0,0,0,0,0,0,0,2,2,0,0,0,2,0,0,1,1,0,0,0,0,0,0,0,0,0,
Nicholas Gadson,148621,LB,WAGNER,9,0,0,100.0,0,0,338,0,0,38.5,46.3,82.7,60.0,51.0,50.9,0,2,0,0,7,18.2,2,0,0,95.8,1,0,0,75,0,26,139,53,0,0,53,0,0,86,17,96,11,5,9,0,1,2,0,7,2,7.0
Chris Field,148624,LB,WAGNER,2,0,0,,0,0,338,0,0,60.0,54.9,72.1,,53.5,73.2,0,0,0,0,,0.0,0,0,0,0.0,0,0,0,14,0,1,18,0,0,0,0,0,0,18,0,17,4,0,1,0,0,0,0,0,0,
Moses Pryor,148626,LB,WAGNER,3,0,0,,0,0,338,0,0,62.2,73.6,72.9,59.2,73.9,76.1,0,0,0,0,,0.0,0,0,0,0.0,0,0,0,18,0,2,18,0,0,0,0,0,0,18,1,15,0,0,2,0,0,0,0,0,0,
Graham Walker,148629,WR,BROWN,1,0,0,0.0,1,0,123,0,0,78.1,68.5,65.8,,,,0,0,0,0,,,0,1,1,39.6,0,0,0,0,0,2,2,0,0,0,0,0,2,2,0,0,0,0,0,0,1,0,0,0,0,
Shane Prevot,148630,CB,BROWN,3,1,0,100.0,0,0,123,0,0,41.7,40.5,77.6,,48.9,18.6,0,0,0,0,26,50.0,2,0,0,158.3,3,0,0,2,1,28,44,0,0,0,0,0,15,44,0,16,26,0,1,0,3,0,1,54,36,18.0
Aubrey Parker,148644,CB,BROWN,8,0,0,57.7,0,0,123,0,0,62.8,63.8,81.4,,66.1,65.5,0,0,0,0,80,12.5,2,3,0,91.3,15,0,0,19,78,117,177,0,0,0,0,0,3,177,0,60,77,4,14,0,26,0,1,177,138,11.8
Isaiah Gamble,148647,LB,BROWN,9,13,0,83.3,0,0,123,0,0,69.7,72.0,79.2,62.5,70.8,75.0,2,4,0,0,21,7.8,4,0,0,97.9,5,1,0,316,0,145,324,2,0,0,2,0,0,322,13,166,6,19,34,1,6,7,0,45,32,9.0
Justin Anagonye,148653,DI,BROWN,10,2,0,,0,0,123,0,0,,58.0,43.2,59.1,58.7,76.8,0,1,0,0,,0.0,0,0,1,0.0,0,2,0,0,0,0,211,211,15,194,2,0,0,0,89,122,0,5,3,0,0,3,0,0,0,
Mac Franklin,148654,LB,BROWN,1,0,0,,0,0,123,0,0,,66.0,67.2,,63.3,,0,0,0,0,,,0,0,0,0.0,0,0,0,3,0,0,3,0,0,0,0,0,0,3,0,3,0,0,0,0,0,0,0,0,0,
Kevin Coss,148655,ED,BROWN,9,3,0,,0,1,123,0,0,63.0,72.0,81.9,59.1,76.6,80.4,0,4,0,0,,0.0,0,0,0,0.0,0,0,0,6,4,5,169,158,0,0,118,40,0,11,73,91,1,6,8,1,0,4,0,0,0,
Treyvon Hobbs,148657,CB,BROWN,7,2,0,70.0,0,1,123,0,0,77.5,72.7,78.0,,51.5,83.3,0,0,0,0,29,0.0,0,2,0,150.8,7,0,0,19,96,63,116,0,0,0,0,0,0,116,0,53,1,4,7,0,10,0,2,122,25,17.4
Quincy Eutsay,148660,ED,BROWN,10,4,1,,0,0,123,0,0,60.3,52.0,82.6,58.2,46.2,44.4,0,7,0,0,,18.2,2,0,0,0.0,0,1,0,0,0,3,205,205,0,2,173,30,0,0,110,92,0,1,5,0,0,8,0,0,0,
Winston Jordan,148663,DI,BROWN,10,3,0,,0,0,123,0,0,60.0,59.7,82.0,55.6,62.1,67.4,0,1,0,0,,8.3,1,0,0,0.0,0,0,0,0,0,0,231,230,10,204,0,16,0,1,99,132,0,5,8,1,0,1,0,0,0,
Kyle Philbin,148664,DI,BROWN,10,8,1,,0,0,123,0,0,49.3,61.9,84.0,58.4,65.3,50.5,2,2,0,0,,20.0,5,0,0,0.0,0,3,0,0,0,0,382,382,51,316,0,15,0,0,217,165,0,11,12,2,0,7,0,0,0,
Caleb Moorhead,148669,S,BROWN,10,8,0,70.0,0,0,123,0,0,68.0,64.2,79.3,58.0,58.3,63.7,0,2,0,0,17,14.8,4,0,0,118.8,7,1,0,95,11,88,222,5,0,0,5,0,0,217,6,128,110,8,15,0,10,3,1,60,38,8.6
Kaleb Ross,148674,LB,BROWN,10,9,0,75.0,0,0,123,0,0,53.7,49.4,78.3,48.5,49.8,39.9,1,1,0,0,27,22.9,8,0,0,106.3,3,0,0,217,0,78,229,0,0,0,0,0,0,229,13,138,11,8,18,0,4,2,0,40,21,13.3
Isaiah Reed,148677,CB,BROWN,10,4,0,51.1,0,0,123,0,0,80.4,79.8,42.4,58.3,79.8,74.6,0,0,0,1,34,12.1,7,7,2,68.6,23,0,0,116,461,310,586,0,0,0,0,0,3,586,1,275,5,22,47,3,45,0,1,278,86,12.1
Quentin Autry,148690,DI,COLUMBIA,10,3,0,,0,0,145,0,0,,69.2,80.4,65.5,68.4,48.7,0,6,0,0,,12.5,1,0,0,0.0,0,0,0,1,0,0,180,179,0,164,0,15,0,1,120,60,0,3,4,0,0,6,0,0,0,
Nico Valencia,148691,LB,COLUMBIA,2,2,0,100.0,0,0,145,0,0,63.6,63.7,70.1,,60.0,51.9,0,0,0,0,5,33.3,1,0,0,87.5,1,0,0,10,0,17,19,0,0,0,0,0,0,19,0,2,9,0,0,0,1,0,0,5,7,5.0
Carter McFadden,148694,CB,COLUMBIA,10,0,0,52.6,0,0,145,0,0,76.2,76.6,81.9,57.9,72.7,68.9,0,0,0,0,10,9.1,1,2,0,81.0,10,0,0,11,41,129,151,0,0,0,0,0,5,151,2,20,94,7,10,1,19,0,1,80,53,8.0
Ben Corniello,148695,DI,COLUMBIA,10,4,0,,0,0,145,0,0,60.0,80.2,82.9,78.3,76.3,53.7,3,17,0,0,,14.3,1,0,0,0.0,0,2,0,0,0,0,274,274,40,225,1,8,0,0,188,86,0,3,2,2,0,22,0,0,0,
Reid Englert,148696,DI,COLUMBIA,2,0,1,,0,0,145,0,0,,59.5,73.1,59.1,,,0,0,0,0,,,0,0,0,0.0,0,0,0,0,0,0,20,20,0,19,0,1,0,0,20,0,0,0,0,0,0,0,0,0,0,
Anthony Roussos,148697,LB,COLUMBIA,9,9,0,70.8,0,0,145,0,0,58.0,60.8,81.1,48.1,64.4,49.0,0,2,0,0,16,20.8,10,1,0,109.9,17,0,0,330,0,196,376,2,0,0,1,1,1,374,6,174,43,20,29,3,24,2,2,121,69,7.1
Reid Spachman,148698,ED,COLUMBIA,9,2,1,,0,0,145,1,0,63.9,68.0,82.6,58.0,71.9,62.9,3,5,0,0,,10.5,2,0,0,0.0,0,0,0,0,0,0,234,234,0,2,140,92,0,0,139,95,0,11,15,0,0,8,0,0,0,
James Knox,148701,ED,COLUMBIA,9,5,0,,0,0,145,0,0,67.7,61.3,83.5,56.2,58.8,27.4,1,7,0,0,,31.8,7,0,0,0.0,0,1,0,0,0,0,271,270,0,4,171,95,0,1,143,128,0,9,10,2,0,9,0,0,0,
Mahari Miller,148702,CB,COLUMBIA,1,0,0,,0,0,145,0,0,,60.0,63.9,,60.0,,0,0,0,0,,,0,0,0,0.0,0,0,0,0,0,0,1,0,0,0,0,0,0,1,0,1,1,0,0,0,0,0,0,0,0,
Savon Rawlins,148706,ED,COLUMBIA,2,0,0,,0,0,145,0,0,,57.4,72.3,55.7,60.5,,0,0,0,0,,,0,0,0,0.0,0,0,0,0,0,0,10,10,0,1,7,2,0,0,6,4,0,0,0,0,0,0,0,0,0,
Mason Tomlin,148714,CB,COLUMBIA,3,0,0,83.3,0,0,145,0,0,46.9,42.5,0.0,,60.0,63.6,0,0,0,0,24,20.0,1,0,1,118.8,5,0,0,0,23,22,24,0,0,0,0,0,0,24,0,2,1,0,4,0,6,0,0,75,31,15.0
Seth Parker,148716,CB,COLUMBIA,10,5,0,54.8,0,0,145,0,0,71.8,70.0,46.9,,58.9,70.2,0,0,0,1,58,7.1,3,3,2,87.3,23,0,0,47,608,408,660,0,0,0,0,0,1,660,0,252,3,4,34,0,42,0,2,339,92,14.7
CJ Brown,148718,LB,COLUMBIA,10,15,0,73.7,0,0,145,1,0,59.3,64.5,88.1,55.8,74.8,69.8,2,2,0,1,57,12.5,7,0,0,87.8,28,0,0,159,11,260,527,117,0,0,116,1,2,410,43,224,237,16,34,3,38,4,0,322,268,11.5
Rocco Milia,148721,LB,COLUMBIA,9,6,0,62.5,0,0,145,0,0,69.1,72.2,79.1,59.4,76.4,32.4,0,3,1,1,18,29.4,5,0,0,94.3,10,1,0,134,0,107,160,5,0,0,5,0,0,155,7,46,21,5,6,1,16,4,2,102,66,10.2
Patrick Passalacqua,148723,DI,COLUMBIA,10,9,0,,0,0,145,0,0,44.7,71.0,41.2,70.8,74.2,69.0,0,5,0,0,,4.3,1,0,2,0.0,0,2,0,0,0,0,390,389,109,280,0,0,0,1,210,180,0,14,13,3,0,7,0,0,0,
Jalen Smith,148725,CB,COLUMBIA,1,0,0,0.0,0,0,145,0,0,57.0,57.2,70.7,,60.0,,0,0,0,0,,,0,0,1,39.6,0,0,0,2,9,9,11,0,0,0,0,0,0,11,0,2,0,0,0,0,1,0,0,0,0,
Will Butz,148727,LB,COLUMBIA,4,0,0,,0,0,145,0,0,64.4,65.6,71.1,,61.1,74.8,0,0,0,0,,0.0,0,0,0,0.0,0,0,0,21,0,16,21,0,0,0,0,0,0,21,0,5,0,1,1,0,0,0,0,0,0,
Justin Townsend,148728,ED,COLUMBIA,10,5,6,,0,1,145,1,0,63.4,76.6,86.2,75.6,68.9,77.3,5,23,0,0,,4.2,1,0,0,0.0,0,7,0,0,0,0,513,512,0,21,347,144,0,1,316,197,0,20,18,4,0,35,0,0,0,
Shawn Riley,148732,LB,COLUMBIA,5,4,0,75.0,0,0,145,0,0,47.9,62.3,78.5,70.9,82.4,67.6,0,0,0,0,33,10.0,2,0,0,86.0,15,1,0,97,0,77,126,0,0,0,0,0,0,126,0,49,28,9,14,2,20,1,0,103,106,6.9
Hayden McDonald,148735,CB,COLUMBIA,6,0,0,80.0,0,0,145,0,0,49.0,53.1,79.0,59.2,75.6,67.6,0,0,0,0,33,11.1,1,0,1,148.3,8,0,0,18,1,60,74,0,0,0,0,0,13,74,1,13,42,3,8,1,10,0,1,116,41,14.5
Aaron Brebnor,148736,S,COLUMBIA,10,8,0,50.0,0,0,145,1,1,68.2,67.8,89.1,,62.7,40.7,0,0,0,1,83,26.8,15,2,0,93.9,18,0,0,138,2,397,623,0,0,0,0,0,174,623,0,226,308,12,33,4,36,0,3,293,96,16.3
John Martin,148738,DI,COLUMBIA,2,0,0,,0,0,145,0,0,,66.7,71.3,57.4,67.7,68.7,0,0,0,0,,0.0,0,0,0,0.0,0,0,0,0,0,0,10,10,1,9,0,0,0,0,5,5,0,1,1,0,0,0,0,0,0,
Lucas Mireur,148745,CB,COLUMBIA,1,0,0,,0,0,145,0,0,60.0,60.4,65.9,,,,0,0,0,0,,,0,0,0,0.0,0,0,0,0,0,1,1,0,0,0,0,0,0,1,0,0,1,0,0,0,0,0,0,0,0,
Anthony Chideme-Alfaro,148750,CB,CORNELL,10,4,0,42.4,0,0,147,0,0,73.1,74.0,84.6,,72.9,71.5,0,0,0,1,41,9.1,2,4,0,67.4,14,0,0,38,467,291,511,2,0,0,2,0,1,509,0,220,3,3,16,0,33,0,2,177,49,12.6
Kyle Fitzgerald,148753,CB,CORNELL,10,1,0,87.5,0,0,147,0,0,35.3,38.2,78.7,,60.4,34.1,0,0,0,0,63,40.0,2,0,0,158.3,7,0,0,8,58,55,92,0,0,0,0,0,4,92,0,37,22,0,2,0,8,0,3,146,55,20.9
Connor Garrahy,148755,DI,CORNELL,1,0,0,,0,0,147,0,0,,60.0,63.6,60.0,,,0,0,0,0,,,0,0,0,0.0,0,0,0,0,0,0,1,1,0,0,0,1,0,0,1,0,0,0,0,0,0,0,0,0,0,
Brody Kidwell,148759,S,CORNELL,10,10,0,54.2,0,1,147,0,0,52.9,60.7,85.4,61.6,76.6,54.0,0,1,0,0,39,21.6,11,3,3,76.2,13,1,0,126,10,232,427,16,0,0,16,0,128,411,19,176,147,11,30,2,24,2,0,167,64,12.8
Brendan Chestnut,148760,DI,CORNELL,7,1,0,,0,0,147,1,0,67.3,71.8,84.3,68.1,68.0,62.1,1,6,0,0,,12.5,1,0,0,0.0,0,1,0,0,0,0,218,218,126,91,1,0,0,0,116,102,0,5,6,0,0,8,0,0,0,
Connor Morgan,148761,DI,CORNELL,10,7,0,100.0,0,0,147,0,0,61.5,58.1,83.9,57.7,56.8,63.6,1,4,0,0,4,7.1,1,0,0,83.3,1,1,0,0,0,2,390,389,4,245,63,77,0,1,208,180,1,4,6,0,1,6,0,4,2,4.0
Isaiah Gomes,148766,ED,CORNELL,8,2,0,,0,0,147,0,0,,56.7,78.9,58.4,55.0,49.0,0,3,0,0,,25.0,1,0,0,0.0,0,0,0,0,0,0,96,96,1,19,39,37,0,0,53,43,0,0,1,0,0,3,0,0,0,
Nic Paschall,148769,LB,CORNELL,6,5,0,80.0,0,0,147,0,0,44.2,56.2,81.5,65.0,68.5,46.8,0,1,0,0,20,21.4,3,0,0,113.3,4,1,0,76,0,45,104,15,0,1,14,0,0,89,13,46,13,4,6,0,5,2,0,56,43,14.0
Malin White,148771,ED,CORNELL,9,3,0,75.0,0,0,147,0,0,63.0,58.2,25.8,67.2,48.6,68.4,2,3,0,0,20,7.7,1,0,1,94.8,3,1,0,24,0,23,147,113,0,1,98,14,0,34,62,62,10,3,9,1,4,6,0,29,11,9.7
Holt Fletcher,148773,ED,CORNELL,8,6,0,70.0,0,0,147,0,0,73.2,68.9,89.1,56.8,67.7,65.9,3,4,0,1,17,11.5,3,1,0,47.5,7,0,0,45,0,62,306,218,0,0,207,11,0,88,110,134,43,11,17,2,10,7,0,64,52,9.1
Connor Henderson,148774,LB,CORNELL,10,16,1,77.8,0,0,147,0,0,68.2,75.1,18.3,73.2,77.2,62.3,3,8,1,1,37,15.5,9,1,2,84.0,14,0,0,363,0,201,484,80,2,0,77,1,0,404,65,218,41,22,33,1,18,11,0,175,115,12.5
Rasean Thomas,148775,S,CORNELL,9,10,0,50.0,0,2,147,0,0,65.4,66.4,84.4,81.3,57.7,48.6,0,3,0,0,13,23.1,9,0,0,56.6,6,2,0,73,2,134,253,18,0,0,18,0,46,235,14,105,114,7,20,1,12,5,0,37,24,6.2
Colton Lee,148778,S,CORNELL,2,0,0,100.0,0,0,147,0,0,52.1,55.3,71.1,,62.9,77.7,0,0,0,0,23,0.0,0,0,0,118.8,1,0,0,5,0,8,14,0,0,0,0,0,6,14,0,6,3,0,2,0,1,0,0,23,5,23.0
Max Van Fleet,148779,DI,CORNELL,10,8,0,,1,0,147,0,0,60.3,51.7,14.8,58.7,51.3,79.5,0,6,0,0,,0.0,0,0,2,0.0,0,0,0,0,0,1,204,204,10,118,36,40,0,0,115,88,0,3,4,1,0,6,0,0,0,
Hunter Sloan,148780,ED,CORNELL,7,2,0,100.0,0,0,147,0,0,56.2,72.4,80.7,64.5,76.7,81.2,0,0,0,0,5,0.0,0,0,0,87.5,1,0,0,7,0,8,58,47,0,0,39,8,0,11,15,35,4,6,6,2,1,0,0,5,8,5.0
Michael O'Keefe,148781,CB,CORNELL,10,2,0,80.0,0,0,147,0,0,53.5,53.8,77.4,68.6,50.7,42.1,0,1,0,0,18,30.0,3,0,0,113.3,4,0,0,31,76,52,108,0,0,0,0,0,0,108,1,55,1,0,5,0,5,1,0,56,18,14.0
Amon Williams,148785,DI,CORNELL,9,4,0,,1,0,147,0,0,59.0,58.8,0.0,71.2,59.3,55.4,0,4,0,0,,16.7,1,0,2,0.0,0,0,0,0,0,0,74,74,3,46,17,8,0,0,45,29,0,0,1,0,0,4,0,0,0,
Wilson Selzer,148786,LB,CORNELL,2,0,0,,0,0,147,0,0,60.0,72.6,71.3,,70.7,77.7,0,0,0,0,,0.0,0,0,0,0.0,0,0,0,4,0,1,7,2,0,0,2,0,0,5,0,6,1,1,2,0,0,0,0,0,0,
Damon Barnes,148789,S,CORNELL,1,0,0,,0,0,147,0,0,61.3,61.4,65.9,,,,0,0,0,0,,,0,0,0,0.0,0,0,0,0,1,2,2,0,0,0,0,0,1,2,0,0,0,0,0,0,0,0,0,0,0,
Muhammad-Ali Kobo,148801,ED,CORNELL,9,1,0,,0,0,147,0,0,53.8,66.7,42.5,73.8,61.7,49.8,2,10,0,0,,18.8,3,0,1,0.0,0,3,0,0,0,3,200,199,0,24,110,65,0,1,102,95,1,12,12,3,0,15,0,0,0,
Luke Banbury,148804,LB,CORNELL,7,4,0,100.0,0,0,147,0,0,47.7,68.4,78.4,54.2,88.8,60.8,0,1,0,0,12,13.3,2,0,0,105.2,4,0,0,67,0,32,78,8,0,0,6,2,0,70,8,38,3,5,9,0,4,1,0,37,26,9.3
Trey Harris,148808,S,CORNELL,10,9,0,75.0,0,2,147,0,0,62.3,58.1,0.0,58.3,57.6,67.0,1,0,0,0,48,15.8,9,1,4,108.5,21,0,0,204,4,252,448,11,0,0,11,0,191,437,3,193,38,13,39,0,28,1,1,215,67,10.2
Miles Jones,148809,LB,CORNELL,2,0,0,,0,0,147,0,0,61.3,62.8,66.1,,60.0,,0,0,0,0,,,0,0,0,0.0,0,0,0,2,2,2,4,0,0,0,0,0,0,4,0,2,0,0,0,0,0,0,0,0,0,
Ezekiel Evans,148811,ED,CORNELL,4,2,0,,0,0,147,0,0,60.0,59.0,74.4,59.3,57.9,74.0,0,0,0,0,,0.0,0,0,0,0.0,0,0,0,0,0,0,29,29,0,10,7,12,0,0,12,17,0,0,1,0,0,0,0,0,0,
Macklin Ayers,148812,LB,DARTMOUTH,8,23,0,76.7,0,0,148,0,0,50.2,62.0,80.9,64.5,70.2,73.0,2,1,0,0,31,8.8,7,1,1,117.6,23,0,0,425,0,232,477,12,0,0,12,0,1,465,9,236,39,18,50,1,30,3,2,212,149,9.2
Tyson McCloud,148816,S,DARTMOUTH,10,4,0,71.4,0,0,148,1,0,68.7,71.1,82.0,58.1,75.6,75.3,0,0,0,0,17,9.1,2,0,0,76.8,10,0,0,72,2,112,241,11,0,0,11,0,0,230,4,125,155,9,16,1,14,0,0,51,59,5.1
Trevon Erickson,148817,ED,DARTMOUTH,10,3,0,,0,0,148,0,0,66.4,69.4,88.7,71.9,62.6,69.4,2,12,0,0,,14.3,2,0,0,0.0,0,3,0,6,0,8,369,358,0,1,346,11,0,11,155,206,5,8,9,1,0,17,0,0,0,
Gannon McCorkle,148821,DI,DARTMOUTH,4,0,0,,0,0,148,0,0,,62.5,75.6,56.1,65.1,69.7,0,1,0,0,,0.0,0,0,0,0.0,0,0,0,0,0,0,38,38,4,20,1,13,0,0,17,21,0,1,1,0,0,1,0,0,0,
Danny Cronin,148822,LB,DARTMOUTH,10,3,0,100.0,0,0,148,0,0,58.7,54.5,77.3,56.7,46.8,56.9,0,1,0,0,18,23.5,4,0,0,133.7,12,2,0,123,0,90,153,7,0,0,7,0,1,146,17,46,22,5,10,0,12,3,1,113,65,9.4
Dylan Lacroix,148827,ED,DARTMOUTH,7,0,0,,0,0,148,0,0,,57.0,77.1,58.2,55.9,,0,2,0,0,,,0,0,0,0.0,0,0,0,0,0,0,43,43,0,0,28,15,0,0,31,12,0,0,0,0,0,2,0,0,0,
Leonard St. Gourdin,148829,CB,DARTMOUTH,9,7,0,66.7,0,0,148,0,0,61.5,62.7,80.4,57.3,65.5,82.5,1,0,0,0,13,5.3,1,0,1,79.9,6,0,0,36,91,104,195,0,0,0,0,0,49,195,2,89,18,3,11,0,9,1,0,48,12,8.0
Cam Maddox,148832,S,DARTMOUTH,2,1,0,75.0,0,0,148,0,0,67.8,73.1,78.7,,81.3,68.6,0,0,0,0,17,11.1,1,1,0,137.5,3,0,0,4,1,35,58,0,0,0,0,0,41,58,0,23,12,3,7,1,4,0,1,32,18,10.7
Vachon Raye,148836,CB,DARTMOUTH,1,0,0,,0,0,148,0,0,62.4,63.1,67.3,,,,0,0,0,0,,,0,0,0,0.0,0,0,0,0,3,3,3,0,0,0,0,0,0,3,0,0,0,0,0,0,0,0,0,0,0,
Derrell Porter,148842,DI,DARTMOUTH,7,2,0,,0,0,148,0,0,,68.1,76.3,64.9,66.3,38.9,1,1,0,0,,16.7,1,0,0,0.0,0,0,0,0,0,0,44,43,8,32,0,3,0,1,19,25,0,2,3,1,0,2,0,0,0,
Braden Mullen,148849,LB,DARTMOUTH,10,11,1,100.0,0,0,148,0,0,58.3,70.1,45.9,67.7,75.2,68.9,1,5,0,0,28,13.5,5,0,1,109.6,10,3,0,205,1,90,332,117,0,0,117,0,0,215,70,172,8,16,21,3,10,9,0,103,64,10.3
Zachary Farris,148853,CB,DARTMOUTH,4,0,0,66.7,0,0,148,0,0,72.3,71.1,78.1,,63.5,83.5,0,0,0,0,6,0.0,0,1,1,71.5,2,0,0,32,94,66,129,0,0,0,0,0,0,129,0,63,3,2,9,1,3,0,0,10,4,5.0
Jordan Washington,148854,CB,DARTMOUTH,4,0,0,66.7,0,0,148,0,0,75.8,74.6,76.3,,65.2,60.2,0,0,0,0,5,25.0,1,1,0,70.1,2,0,0,17,62,37,81,2,0,0,2,0,0,79,0,44,0,1,3,0,3,0,0,5,11,2.5
Carson Franks,148855,S,DARTMOUTH,1,0,0,,0,0,148,0,0,61.7,61.3,67.0,,,,0,0,0,0,,,0,0,0,0.0,0,0,0,0,0,3,3,0,0,0,0,0,3,3,0,0,0,0,0,0,0,0,0,0,0,
Isaiah Golonka,148862,DI,DARTMOUTH,1,0,0,,0,0,148,0,0,,37.9,67.2,,50.0,18.2,0,0,0,0,,100.0,1,0,0,0.0,0,0,0,0,0,0,2,2,0,0,1,1,0,0,0,2,0,0,0,0,0,0,0,0,0,
Josiah Green,148866,DI,DARTMOUTH,8,2,0,,0,0,148,0,0,60.0,76.9,81.5,63.0,80.0,71.7,3,2,0,0,,5.6,1,0,0,0.0,0,0,0,0,0,0,144,143,48,86,1,8,0,1,72,72,0,12,15,3,0,5,0,0,0,
Chris Ramundo,148871,DI,HARVARD,3,2,0,,0,0,179,0,0,,62.9,0.0,64.8,67.8,71.9,0,1,0,0,,0.0,0,0,1,0.0,0,0,0,0,0,0,34,34,2,32,0,0,0,0,20,14,0,0,0,0,0,1,0,0,0,
Tyler Huenemann,148872,DI,HARVARD,10,7,1,,0,0,179,0,0,60.0,77.9,83.8,68.8,80.1,69.2,4,14,0,0,,6.7,2,0,0,0.0,0,4,0,0,0,3,403,403,33,313,2,55,0,0,231,169,0,18,21,4,0,22,0,0,0,
Kaleb Moody,148877,S,HARVARD,2,0,0,100.0,0,0,179,0,0,30.9,30.2,72.3,,,,0,0,0,0,38,,0,0,0,118.8,1,0,0,0,0,12,12,0,0,0,0,0,8,12,0,0,4,0,0,0,1,0,0,38,11,38.0
Thor Griffith,148878,DI,HARVARD,10,13,0,,0,2,179,0,0,55.8,90.5,14.4,84.0,92.6,65.2,6,24,0,0,,7.5,3,0,4,0.0,0,7,0,11,0,2,461,450,119,293,3,35,0,11,282,177,0,25,24,6,0,37,0,0,0,
Kwaku Adubofour,148881,DI,HARVARD,4,0,0,,0,0,179,0,0,,64.8,74.5,60.7,65.2,,0,0,0,0,,,0,0,0,0.0,0,0,0,0,0,0,31,31,7,17,0,7,0,0,20,11,0,0,0,0,0,0,0,0,0,
Brandon Svets,148882,ED,HARVARD,4,0,0,,0,0,179,0,0,,55.5,72.5,56.8,57.1,29.9,0,0,0,0,,50.0,1,0,0,0.0,0,0,0,0,0,0,14,14,0,0,10,4,0,0,8,6,0,1,1,1,0,0,0,0,0,
Carson Winkie,148886,ED,HARVARD,1,0,0,,0,0,179,0,0,,59.1,67.8,58.9,,,0,0,0,0,,,0,0,0,0.0,0,0,0,0,0,0,2,2,0,0,2,0,0,0,2,0,0,0,0,0,0,0,0,0,0,
Dominic Young-Smith,148890,DI,HARVARD,9,2,1,,0,0,179,0,0,62.2,81.0,80.3,82.1,68.3,54.8,0,5,0,1,,20.0,1,1,0,0.0,0,1,0,0,0,0,127,127,36,69,0,22,0,0,76,51,0,1,2,0,0,6,0,0,0,
Micaiah Bell,148891,ED,HARVARD,10,1,0,100.0,0,0,179,0,0,75.7,78.8,83.5,78.7,66.3,82.6,1,9,0,0,41,0.0,0,0,0,118.8,3,0,0,16,2,25,207,181,0,0,147,34,0,26,101,81,8,9,11,2,3,10,0,41,46,13.7
Riley Jenne,148897,CB,HARVARD,3,0,0,66.7,0,1,179,0,0,60.8,60.9,72.6,,,77.9,0,0,0,0,38,0.0,0,0,0,109.7,2,0,0,0,13,14,14,0,0,0,0,0,0,14,0,0,1,0,3,0,3,0,0,55,5,27.5
Jacob Psyk,148899,ED,HARVARD,5,1,0,100.0,0,0,179,0,0,67.8,83.4,75.7,71.7,66.8,76.2,0,1,0,0,7,33.3,1,0,0,89.6,2,0,0,0,0,1,18,17,0,0,15,2,0,1,11,6,1,1,1,0,2,1,0,11,4,5.5
Nick Yagodich,148901,DI,HARVARD,2,0,0,,0,0,179,0,0,,41.3,73.0,64.5,37.6,,0,0,0,0,,,0,0,0,0.0,0,0,0,0,0,0,13,13,3,9,0,1,0,0,7,6,0,0,0,0,0,0,0,0,0,
Mitchell Gonser,148904,LB,HARVARD,2,1,0,100.0,0,0,179,0,0,66.4,68.7,68.8,67.2,60.6,57.9,0,1,0,0,6,25.0,1,0,0,91.7,1,0,0,14,0,10,16,0,0,0,0,0,0,16,2,4,2,1,2,0,1,1,0,6,0,6.0
Gavin Shipman,148908,CB,HARVARD,7,2,0,63.6,0,0,179,0,0,58.8,56.4,0.0,,56.2,68.6,0,0,0,1,46,11.1,1,1,1,61.2,7,0,0,0,88,67,91,0,0,0,0,0,0,91,0,24,3,1,6,0,11,0,0,116,28,16.6
Matt Hudson,148909,LB,HARVARD,10,18,0,77.4,0,1,179,1,0,67.7,66.9,82.0,63.5,64.4,52.9,3,5,0,0,76,18.2,12,4,0,116.7,24,2,0,396,0,271,478,10,0,0,10,0,1,468,27,180,71,22,36,4,31,10,1,293,210,12.2
Pearson Dennis,148910,ED,HARVARD,3,0,0,0.0,0,0,179,0,0,70.1,74.5,78.7,62.2,69.4,73.7,0,0,0,0,,0.0,0,1,0,39.6,0,0,0,3,1,2,46,39,0,0,34,5,0,7,23,21,3,2,2,0,2,0,0,0,0,
Myles Wiley,148913,S,HARVARD,7,1,0,50.0,0,0,179,0,0,62.7,63.3,77.5,,62.4,24.3,0,0,0,0,6,66.7,2,0,0,56.3,1,0,0,13,0,22,36,0,0,0,0,0,8,36,0,14,15,0,0,0,2,0,0,6,9,6.0
Phillip Smitherman,148915,CB,HARVARD,1,0,0,,0,0,179,0,0,,60.0,63.5,,60.0,,0,0,0,0,,,0,0,0,0.0,0,0,0,0,0,0,1,0,0,0,0,0,0,1,0,1,1,0,0,0,0,0,0,0,0,
Garrett Sharp,148917,S,HARVARD,10,8,0,100.0,0,0,179,0,0,71.1,74.6,81.8,54.9,79.6,73.9,0,0,0,0,15,9.1,2,0,1,97.2,3,0,0,102,2,94,175,4,0,0,4,0,33,171,5,76,34,4,12,0,3,0,0,22,6,7.3
Eric Little,148920,CB,HARVARD,9,2,0,60.0,0,0,179,0,0,53.3,56.4,77.6,65.2,61.0,67.3,0,1,0,0,53,10.0,1,0,0,132.9,6,1,0,33,4,53,90,2,0,0,2,0,0,88,7,30,51,5,7,0,10,2,1,114,33,19.0
Jack Plank,148926,ED,PENN,10,2,2,,0,0,267,0,0,61.9,65.3,85.1,60.0,68.6,57.6,3,4,0,0,,14.3,2,0,0,0.0,0,4,0,1,0,8,282,277,0,1,253,23,0,5,188,86,4,9,10,1,0,11,0,0,0,
Isaiah Jordan,148934,LB,PENN,1,0,0,,0,0,267,0,0,,60.0,60.0,,60.0,,0,0,0,0,,,0,0,0,0.0,0,0,0,0,0,0,1,0,0,0,0,0,0,1,0,1,0,0,0,0,0,0,0,0,0,
Jack Fairman,148936,LB,PENN,10,19,2,81.8,0,0,267,0,0,62.9,60.0,0.0,61.1,60.4,59.3,2,3,0,1,20,13.0,10,1,3,78.8,27,0,0,539,1,357,639,5,0,0,5,0,1,634,45,237,92,24,48,6,33,5,0,196,168,7.3
Lawson Nash,148940,S,PENN,3,0,0,,0,0,267,0,0,65.5,65.3,72.6,,60.0,74.3,0,0,0,0,,0.0,0,0,0,0.0,0,0,0,2,0,8,12,0,0,0,0,0,5,12,0,4,4,0,1,0,0,0,0,0,0,
Jordan Niles,148942,HB,PENN,1,0,0,,0,0,267,0,0,,61.2,60.0,,60.0,73.9,0,0,0,0,,0.0,0,0,0,0.0,0,0,0,0,0,0,1,0,0,0,0,0,0,1,0,1,0,1,1,1,0,0,0,0,0,
Aidan Nash,148944,LB,PENN,3,0,0,,0,0,267,0,0,63.0,65.5,68.4,,63.3,74.3,0,0,0,0,,0.0,0,0,0,0.0,0,0,0,4,1,5,9,1,0,0,1,0,0,8,0,4,2,0,1,0,0,0,0,0,0,
Travis McFarling,148947,DI,PENN,10,6,0,,0,0,267,0,0,,74.6,46.1,75.4,70.4,69.3,3,12,0,0,,6.7,1,0,1,0.0,0,2,0,0,0,0,220,219,43,171,0,5,0,1,136,84,0,9,8,2,0,17,0,0,0,
Charlie Mossy,148950,ED,PENN,2,0,0,,0,0,267,0,0,,62.4,72.8,61.0,60.8,,0,1,0,0,,,0,0,0,0.0,0,0,0,0,0,0,11,11,0,0,11,0,0,0,8,3,0,0,0,0,0,1,0,0,0,
Julian Talley,148951,CB,PENN,3,0,0,80.0,0,0,267,0,0,42.0,42.2,73.9,,60.0,78.2,0,0,0,0,22,0.0,0,0,0,143.8,4,0,0,1,11,9,13,0,0,0,0,0,0,13,0,4,0,0,3,0,5,0,1,45,5,11.3
Paul Jennings,148954,ED,PENN,10,1,2,0.0,0,0,267,0,0,62.4,66.6,48.0,61.6,71.0,81.0,0,4,0,0,,0.0,0,0,1,39.6,0,2,0,0,0,3,218,216,0,0,170,46,0,2,125,90,1,8,9,0,1,6,0,0,0,
Grant Parker,148958,CB,PENN,7,2,0,70.6,1,0,267,0,0,63.5,64.6,80.5,,68.2,53.5,0,0,0,0,32,18.8,3,3,2,96.9,12,0,0,9,170,129,179,0,0,0,0,0,0,179,0,50,0,4,11,0,17,0,0,147,34,12.3
Bryce Hall,148967,DI,PENN,1,0,0,,0,0,267,0,0,,60.0,64.4,60.0,,,0,0,0,0,,,0,0,0,0.0,0,0,0,0,0,0,1,1,0,1,0,0,0,0,1,0,0,0,0,0,0,0,0,0,0,
CJ Tremble,148972,CB,PENN,1,0,0,100.0,0,0,267,0,0,50.1,49.5,69.7,,60.0,73.5,0,0,0,0,47,0.0,0,0,0,118.8,1,0,0,0,7,5,7,0,0,0,0,0,0,7,0,2,0,0,1,0,1,0,0,47,5,47.0
Elon McKenzie,149109,ED,AUSTINPEAY,1,1,0,,0,0,116,0,0,,66.6,66.6,,62.1,70.8,0,0,0,0,,0.0,0,0,0,0.0,0,0,0,0,0,0,2,2,0,0,0,2,0,0,0,2,0,0,0,0,0,0,0,0,0,
Tyree Pharr,149112,DI,AUSTINPEAY,7,1,0,,0,0,116,0,0,59.7,62.9,78.3,54.2,68.2,70.1,0,0,0,0,,0.0,0,0,0,0.0,0,0,0,1,0,2,44,43,39,3,1,0,0,1,23,19,0,0,0,0,0,0,0,0,0,
Shamari Simmons,149114,S,AUSTINPEAY,11,12,0,47.1,0,0,116,1,0,78.5,76.9,0.1,50.8,76.7,54.4,0,5,0,3,48,22.0,18,4,2,54.7,16,0,0,172,10,298,597,1,0,0,1,0,254,596,9,290,160,24,52,3,34,5,3,169,70,10.6
DeTerias Glover,149116,ED,AUSTINPEAY,2,0,0,,0,0,116,0,0,,65.4,72.2,56.1,67.4,70.8,0,0,0,0,,0.0,0,0,0,0.0,0,0,0,0,0,0,13,13,0,0,2,11,0,0,4,9,0,1,1,0,0,0,0,0,0,
Jaheim Ward,149123,S,AUSTINPEAY,8,3,0,44.4,0,0,116,0,0,53.7,57.2,0.0,64.7,68.7,64.5,0,1,0,0,27,16.7,2,0,1,102.5,4,0,0,60,0,66,136,0,0,0,0,0,35,136,4,66,41,3,7,0,9,1,1,57,37,14.3
Brodie Williams,149130,S,AUSTINPEAY,6,1,0,100.0,0,0,116,0,0,58.3,64.0,80.4,55.4,71.6,81.6,0,0,0,0,14,0.0,0,0,0,118.8,1,0,0,15,1,16,63,18,0,0,18,0,3,45,9,38,26,1,4,1,1,0,0,14,3,14.0
Tre Williams,149131,S,AUSTINPEAY,2,0,0,0.0,0,0,116,0,0,60.0,62.6,70.5,,60.0,,0,0,0,0,,,0,0,0,39.6,0,0,0,1,0,1,7,0,0,0,0,0,6,7,0,6,0,0,0,0,1,0,0,0,0,
Alex Whitmore,149134,ED,AUSTINPEAY,10,3,0,,0,0,116,0,0,,74.9,78.5,72.3,70.4,78.3,1,5,0,0,,0.0,0,0,0,0.0,0,2,0,1,0,0,105,104,1,17,24,62,0,1,53,52,0,3,2,0,0,8,0,0,0,
Joshua Rudolph,149135,LB,AUSTINPEAY,11,19,0,76.0,0,0,116,0,0,78.5,83.9,87.9,45.7,85.7,80.5,2,5,0,0,33,8.1,7,0,0,89.3,19,0,0,668,0,281,677,8,0,0,8,0,0,669,67,329,1,38,60,6,25,7,0,143,123,7.5
Elijawah Tolbert,149150,LB,E ILLINOIS,11,22,0,48.1,0,1,158,0,0,74.2,61.8,48.9,65.4,51.3,49.8,3,2,0,3,21,17.4,15,4,1,16.0,13,1,0,474,0,247,544,18,0,0,18,0,1,526,28,269,49,34,49,6,27,6,0,87,77,6.7
Zay Gentry,149151,CB,E ILLINOIS,6,0,0,55.6,0,0,158,0,0,65.7,62.7,0.0,45.3,67.5,69.1,0,1,0,0,74,14.3,1,1,1,136.3,5,0,0,18,80,84,132,3,0,0,3,0,10,129,3,45,21,0,6,0,9,1,1,110,33,22.0
Chauncey Lee,149156,S,E ILLINOIS,3,1,0,100.0,0,0,158,0,0,66.6,55.6,74.7,,38.0,26.5,0,0,0,0,21,50.0,3,0,0,118.8,1,0,0,5,0,12,29,0,0,0,0,0,18,29,0,17,5,1,2,0,1,0,0,21,15,21.0
Henry Woods Jr,149167,CB,E ILLINOIS,2,0,0,,0,0,158,0,0,60.0,63.1,70.5,,60.6,,0,0,0,0,,,0,0,0,0.0,0,0,0,2,9,1,11,0,0,0,0,0,0,11,0,10,0,0,0,0,0,0,0,0,0,
Nick Coates,149169,CB,E ILLINOIS,11,7,0,73.4,0,1,158,0,0,60.0,62.9,88.7,73.1,63.4,41.9,0,3,0,0,46,22.2,18,4,0,100.5,47,0,0,113,3,336,632,55,0,0,55,0,6,577,37,259,453,25,56,1,64,3,1,491,378,10.4
Collin Tyson,149170,S,E ILLINOIS,1,0,0,,0,0,158,0,0,,60.0,63.7,,60.0,,0,0,0,0,,,0,0,0,0.0,0,0,0,1,0,0,1,0,0,0,0,0,0,1,0,1,0,0,0,0,0,0,0,0,0,
AJ Sanders,149174,S,E ILLINOIS,1,0,0,,0,0,158,0,0,,55.4,61.7,,60.0,,0,0,0,0,,,0,0,0,0.0,0,0,0,1,0,0,1,0,0,0,0,0,0,1,0,1,0,0,0,0,0,0,0,0,0,
Harris Adams,149183,DI,SE MO ST,11,5,0,,0,0,293,0,0,,73.3,41.1,65.5,76.0,54.4,1,3,0,0,,11.8,2,0,1,0.0,0,1,0,0,0,0,169,169,143,25,1,0,0,0,72,97,0,10,10,2,0,5,0,0,0,
Michael Harris,149185,DI,SE MO ST,3,3,0,,0,0,293,0,0,,62.8,73.5,59.4,62.6,73.6,0,0,0,0,,0.0,0,0,0,0.0,0,0,0,0,0,0,21,21,1,18,1,1,0,0,2,19,0,0,0,0,0,0,0,0,0,
Bryce Norman,149187,LB,SE MO ST,12,27,2,90.5,0,2,293,1,1,80.8,85.6,21.6,84.2,81.8,69.1,9,22,0,1,22,13.8,16,3,2,73.2,19,4,0,634,1,345,669,18,0,0,18,0,3,651,78,246,12,45,73,1,21,35,0,133,63,7.0
Keveon Robbins,149190,HB,SE MO ST,1,0,0,,0,0,293,0,0,,60.0,60.0,,60.0,,0,0,0,0,,,0,0,0,0.0,0,0,0,0,0,0,1,0,0,0,0,0,0,1,0,1,0,0,0,0,0,0,0,0,0,
William McCall,149191,CB,SE MO ST,12,7,0,74.4,0,0,293,0,0,59.6,60.6,85.6,62.1,61.6,27.1,1,0,1,2,84,34.0,18,0,1,107.6,32,0,0,107,4,313,443,24,0,0,24,0,20,419,12,118,288,10,28,3,43,1,2,489,265,15.3
Austin Carter,149192,ED,SE MO ST,4,1,0,100.0,0,0,293,0,0,52.8,62.1,80.2,53.6,71.9,39.1,0,0,0,0,4,20.0,1,0,0,83.3,1,0,0,7,0,9,59,50,0,1,47,2,2,9,22,28,0,2,3,0,1,0,0,4,2,4.0
Caleb Webb,149195,DI,SE MO ST,3,1,0,,0,0,293,0,0,,58.5,72.6,58.9,58.7,70.2,0,0,0,0,,0.0,0,0,0,0.0,0,0,0,0,0,0,15,15,2,11,0,2,0,0,3,12,0,0,0,0,0,0,0,0,0,
Mali Walton,149196,LB,SE MO ST,9,5,0,65.0,0,0,293,0,0,42.8,42.3,80.3,57.1,42.5,51.6,1,4,0,1,20,19.2,5,2,1,65.6,13,0,0,251,0,156,275,8,0,0,8,0,4,267,21,98,12,6,16,1,20,5,0,145,80,11.2
Antonio Taylor,149200,S,SE MO ST,6,1,0,50.0,0,0,293,0,0,48.3,50.4,80.0,,59.0,80.9,0,0,0,0,59,0.0,0,0,0,135.4,2,0,0,4,2,36,60,0,0,0,0,0,27,60,0,24,27,1,3,0,4,0,1,59,30,29.5
Sam Keeper,149201,DI,SE MO ST,12,3,1,,0,0,293,0,0,66.1,66.4,59.7,65.3,64.6,50.2,2,9,0,0,,20.0,4,0,1,0.0,0,5,0,0,0,1,346,346,122,182,1,41,0,0,235,110,0,14,13,1,0,16,0,0,0,
Jalon Baker,149204,CB,TENN TECH,2,0,0,,0,0,309,0,0,63.1,64.1,71.0,,60.1,,0,0,0,0,,,0,0,0,0.0,0,0,0,3,0,5,8,0,0,0,0,0,0,8,0,3,5,0,0,0,0,0,0,0,0,
Trace Danley,149209,CB,TENN TECH,7,3,0,65.6,1,1,309,0,0,58.5,58.2,20.7,,61.1,42.5,0,0,0,0,38,24.0,6,3,3,130.3,21,0,0,26,323,200,351,1,0,0,1,0,0,350,0,151,0,6,16,1,32,0,5,261,85,12.4
Aaron Swafford,149225,LB,TENN TECH,11,6,0,100.0,0,1,309,1,0,67.7,79.4,78.9,61.5,83.7,66.7,0,1,0,0,20,15.8,3,0,0,118.8,1,0,0,113,0,52,115,2,0,0,2,0,0,113,9,54,0,5,10,1,1,1,0,20,22,20.0
Hudson Tucker,149227,ED,TENN TECH,11,8,1,,0,0,309,0,0,66.1,66.5,47.6,67.2,62.3,44.2,3,17,0,0,,21.2,7,0,2,0.0,0,3,0,0,0,0,426,425,5,7,349,64,0,1,232,194,0,16,18,5,0,23,0,0,0,
Jarid Johnson,149238,DI,TENN MARTN,11,8,0,,0,0,310,0,0,,68.2,82.7,61.4,69.8,56.0,1,8,0,0,,11.8,2,0,0,0.0,0,0,0,1,0,0,255,254,66,109,2,77,0,1,137,118,0,4,7,0,0,9,0,0,0,
Toby Camp,149240,DI,TENN MARTN,9,2,1,,0,0,310,0,0,,61.0,77.8,57.6,63.6,50.5,0,3,0,0,,25.0,1,0,0,0.0,0,1,0,0,0,0,88,88,7,32,1,48,0,0,56,32,0,1,1,0,0,4,0,0,0,
JaMichael McGoy Jr.,149245,CB,TENN MARTN,9,2,0,81.8,0,0,310,0,0,66.5,65.8,80.6,60.0,57.5,57.2,0,0,0,0,32,18.2,2,1,1,143.4,9,0,0,7,156,108,165,1,0,0,1,0,0,164,1,56,1,5,7,1,11,0,3,98,31,10.9
Christian Dowell,149251,DI,TENN MARTN,11,3,1,,1,0,310,0,0,60.0,75.8,9.5,76.5,76.4,69.4,3,10,0,0,,5.9,1,0,3,0.0,0,0,0,0,0,0,263,263,207,52,0,4,0,0,144,119,0,9,13,2,0,13,0,0,0,
Aaron Webb,149255,CB,TENN MARTN,5,1,0,50.0,0,0,310,0,0,63.5,73.8,79.3,79.9,83.1,67.0,1,0,0,1,6,14.3,1,0,1,16.7,2,1,0,8,0,37,52,11,0,0,11,0,0,41,3,12,33,3,5,0,4,2,0,9,14,4.5
Brad Jamison,149258,LB,BUCKNELL,10,7,0,62.5,0,0,125,0,0,58.7,60.8,80.4,61.6,61.3,45.4,0,3,0,0,12,21.4,6,0,0,69.8,5,0,0,199,0,87,214,5,0,0,5,0,0,209,18,109,10,8,15,0,8,3,0,30,23,6.0
Patrick Quinlivan,149261,ED,BUCKNELL,8,0,0,,0,0,125,2,0,74.1,58.0,80.1,61.5,45.0,76.6,0,0,0,0,,0.0,0,0,0,0.0,0,2,0,4,0,0,63,59,0,1,55,3,0,4,30,33,0,3,1,0,0,2,0,0,0,
Ethan Robinson,149264,CB,BUCKNELL,11,3,0,56.9,0,0,125,0,0,69.4,70.4,53.1,71.5,71.4,59.9,0,0,0,1,55,15.9,11,6,3,105.6,29,1,0,41,743,430,790,4,0,0,4,0,1,786,2,358,1,18,55,2,51,1,4,467,158,16.1
Chris Sims,149265,CB,BUCKNELL,10,1,0,53.3,0,0,125,0,0,65.6,61.9,80.5,,48.7,61.7,0,0,0,1,26,14.3,2,2,0,66.5,8,0,0,12,103,67,141,5,0,0,5,0,0,136,0,74,21,2,11,0,15,0,1,92,32,11.5
Will Ohler,149268,ED,BUCKNELL,10,3,1,,2,1,125,0,0,58.0,60.1,48.6,58.1,63.5,44.4,1,8,0,0,,17.9,5,0,2,0.0,0,4,0,2,0,3,469,467,84,45,229,109,0,2,260,206,0,15,20,2,0,13,0,0,0,
John Schlendorf,149272,CB,BUCKNELL,11,13,0,70.8,0,1,125,0,0,73.7,75.0,89.3,68.6,75.3,83.6,3,4,0,0,27,7.4,5,6,0,85.9,46,2,0,147,7,383,735,62,0,0,62,0,11,673,39,313,508,22,50,1,65,9,0,388,258,8.4
Justin Fisher,149273,ED,BUCKNELL,7,4,0,,0,0,125,0,0,61.2,62.1,78.4,56.2,60.7,80.4,0,1,0,0,,0.0,0,0,0,0.0,0,0,0,0,0,0,79,79,1,6,31,41,0,0,34,45,0,3,7,0,0,1,0,0,0,
Cade Rooney,149275,DI,BUCKNELL,11,2,1,50.0,0,0,125,0,0,49.3,51.8,82.4,56.0,51.7,55.2,0,1,0,0,6,9.1,1,0,0,95.8,1,0,0,1,0,2,265,264,28,167,4,65,0,1,150,113,0,4,8,1,2,1,1,6,5,6.0
Jack Barnes,149282,ED,BUCKNELL,11,6,0,,0,1,125,0,0,62.1,70.2,87.6,64.4,70.6,72.7,3,7,0,0,,8.3,2,0,0,0.0,0,1,0,15,0,5,281,262,0,0,258,4,0,19,140,136,4,8,16,2,0,11,0,0,0,
Alex Smith Jr.,149287,S,BUCKNELL,11,7,0,42.1,0,0,125,0,0,81.7,76.8,84.9,53.8,61.2,67.1,0,0,0,3,54,13.0,3,4,0,24.8,8,0,0,63,3,198,326,3,0,0,3,0,187,323,5,123,70,8,13,1,19,0,0,124,42,15.5
Marquis Cooper,149289,CB,COLGATE,3,1,0,63.6,0,0,142,0,0,70.6,72.3,76.9,,71.7,83.3,0,0,1,1,40,0.0,0,0,0,58.9,7,0,0,21,81,44,103,0,0,0,0,0,0,103,0,59,1,3,8,0,11,0,0,110,29,15.7
Asauni Allen,149291,CB,COLGATE,10,4,0,59.5,1,0,142,0,0,59.4,58.2,7.5,53.5,60.0,60.6,0,1,0,0,32,15.2,7,0,6,114.8,22,0,0,43,512,303,580,1,0,0,1,0,2,579,2,275,22,9,35,1,37,1,3,321,54,14.6
Andrew Taddeo,149293,DI,COLGATE,5,3,2,,0,0,142,0,0,64.5,68.4,82.8,64.7,65.6,35.2,1,3,0,0,,23.1,3,0,0,0.0,0,0,0,0,0,0,226,226,63,152,0,11,0,0,130,96,0,6,7,0,0,4,0,0,0,
Ethan Malachi West,149294,LB,COLGATE,6,1,0,75.0,0,0,142,0,0,46.4,57.5,79.1,53.7,71.9,83.4,0,0,0,0,14,0.0,0,0,0,88.5,3,0,0,31,0,18,47,16,0,0,16,0,0,31,7,22,0,3,9,0,4,0,0,23,5,7.7
Brody Hock,149297,LB,COLGATE,2,0,0,,0,0,142,0,0,48.7,54.2,71.9,,60.3,49.7,0,0,0,0,,20.0,1,0,0,0.0,0,0,0,14,0,3,21,6,0,0,6,0,0,15,0,18,1,2,4,0,0,0,0,0,0,
Dre Green,149298,S,COLGATE,1,0,0,,0,0,142,0,0,60.0,60.0,63.7,,,,0,0,0,0,,,0,0,0,0.0,0,0,0,0,0,1,1,0,0,0,0,0,1,1,0,0,0,0,0,0,0,0,0,0,0,
Mack Marrone,149300,LB,COLGATE,1,0,0,,0,0,142,0,0,,61.0,68.5,60.0,60.0,,0,0,0,0,,,0,0,0,0.0,0,0,0,2,0,0,2,0,0,0,0,0,0,2,1,1,0,0,0,0,0,0,0,0,0,
Jack Low,149308,ED,FORDHAM,10,4,0,,1,0,168,0,0,62.8,56.4,8.3,59.8,56.1,69.5,2,5,0,0,,8.3,1,0,2,0.0,0,0,0,0,0,2,174,174,0,1,105,68,0,0,91,81,0,6,7,1,0,7,0,0,0,
Javari Rice-Wilson,149309,ED,NORFOLK,6,2,0,,0,0,244,0,0,54.6,58.6,80.7,54.3,63.3,40.6,0,2,0,0,,22.2,2,0,0,0.0,0,0,0,0,0,4,93,93,21,9,53,10,0,0,46,43,0,5,5,1,0,2,0,0,0,
James Conway,149310,LB,FORDHAM,12,33,1,80.0,0,1,168,1,0,64.0,73.8,58.8,69.9,76.4,76.0,1,3,0,0,63,9.9,12,0,1,128.6,24,3,0,720,0,371,759,20,0,0,20,0,0,739,51,337,19,49,76,8,30,7,2,286,185,11.9
Trey Bradford,149311,CB,FORDHAM,6,3,0,66.7,0,0,168,0,0,51.0,49.6,77.5,56.8,50.0,29.1,0,0,0,0,31,40.0,4,0,0,97.9,4,0,0,19,0,42,70,1,0,0,1,0,0,69,4,24,50,1,3,1,6,0,0,58,22,14.5
Matt Jaworski,149312,ED,FORDHAM,9,6,0,50.0,0,2,168,0,0,49.3,68.0,33.3,74.0,64.5,40.0,6,20,0,0,58,25.0,5,0,3,135.4,1,7,0,1,0,4,494,490,0,2,376,112,0,4,287,203,3,14,9,1,2,33,1,58,52,58.0
Demarice Rice-Williams,149313,S,FORDHAM,11,2,0,53.3,0,0,168,0,0,62.2,63.8,81.4,,70.0,56.4,0,0,0,0,37,20.0,4,3,0,95.7,8,0,0,26,1,137,171,0,0,0,0,0,96,171,0,34,48,1,14,0,15,0,1,97,41,12.1
Nick Holle,149314,LB,FORDHAM,1,0,0,,0,0,168,0,0,60.1,61.5,64.8,,60.0,,0,0,0,0,,,0,0,0,0.0,0,0,0,4,0,2,4,0,0,0,0,0,0,4,0,2,0,0,0,0,0,0,0,0,0,
Tristan Wright,149315,ED,FORDHAM,6,0,0,,0,0,168,0,0,55.4,51.9,79.1,60.4,50.8,28.3,0,1,0,0,,50.0,1,0,0,0.0,0,1,0,0,0,1,59,57,0,0,56,1,0,2,33,25,2,2,1,0,0,2,0,0,0,
Cole Pascucci,149318,LB,GEORGETOWN,1,0,0,,0,0,172,0,0,,79.4,67.3,,75.3,76.1,0,0,0,0,,0.0,0,0,0,0.0,0,0,0,3,0,0,3,0,0,0,0,0,0,3,0,3,0,1,2,0,0,0,0,0,0,
Andrew Messineo,149330,DI,GEORGETOWN,10,2,0,,0,0,172,0,0,60.0,50.3,80.8,52.9,49.6,69.3,0,1,0,0,,8.3,1,0,0,0.0,0,1,0,0,0,0,169,168,7,71,42,48,0,1,74,95,0,5,9,2,0,2,0,0,0,
Jed Henry,149333,ED,GEORGETOWN,3,0,0,,0,0,172,0,0,,58.1,74.5,,58.0,,0,0,0,0,,,0,0,0,0.0,0,0,0,0,1,0,10,9,0,0,9,0,0,1,0,10,0,0,0,0,0,0,0,0,0,
VeRon Garrison,149336,DI,GEORGETOWN,10,9,0,,0,0,172,1,0,64.0,66.8,86.0,59.9,66.9,57.3,2,4,0,0,,11.8,4,0,0,0.0,0,1,0,3,0,0,388,384,190,188,0,6,0,4,176,212,0,17,21,2,0,7,0,0,0,
Ibri Harrell,149337,ED,GEORGETOWN,9,8,0,100.0,0,1,172,0,0,56.0,62.8,89.6,59.0,65.8,62.5,1,8,0,0,26,14.6,7,0,0,156.3,7,5,0,60,5,76,487,412,0,3,405,4,0,75,192,219,9,26,33,4,7,14,1,84,60,12.0
Stephen Sergio,149339,LB,GEORGETOWN,1,0,0,,0,0,172,0,0,,59.7,65.7,59.2,,,0,0,0,0,,,0,0,0,0.0,0,0,0,0,0,0,1,1,0,0,1,0,0,0,1,0,0,0,0,0,0,0,0,0,0,
Will Kessler,149340,LB,GEORGETOWN,6,2,0,100.0,0,0,172,0,0,64.7,59.9,75.9,74.8,50.2,52.7,0,0,0,0,38,25.0,3,0,0,118.8,3,1,0,83,0,40,90,5,0,0,5,0,0,85,2,48,0,4,7,1,3,1,0,56,33,18.7
Noah Gick,149342,DI,GEORGETOWN,7,1,0,,0,0,172,0,0,60.0,52.7,80.9,54.7,51.5,40.1,0,1,0,0,,28.6,2,0,0,0.0,0,0,0,0,0,0,203,203,4,127,22,50,0,0,94,109,0,3,4,0,0,1,0,0,0,
Kamren Watkins-Hunter,149345,CB,GEORGETOWN,11,2,0,53.8,0,0,172,0,0,64.6,64.9,84.5,51.9,64.9,55.3,0,0,0,1,48,19.2,5,7,5,88.0,14,0,0,44,416,241,487,14,0,0,14,0,5,473,6,240,6,5,19,0,26,0,2,196,42,14.0
Rashon Adams Jr.,149346,CB,GEORGETOWN,11,4,0,68.6,0,0,172,1,0,55.3,57.1,43.4,56.2,67.4,71.3,0,0,0,0,53,10.8,4,3,5,144.2,24,0,0,44,476,297,584,12,0,0,12,0,7,572,2,285,43,7,29,2,35,0,4,394,148,16.4
Brock Biestek,149347,WR,GEORGETOWN,1,0,0,,0,0,172,0,0,,60.1,60.0,,60.0,,0,0,0,0,,,0,0,1,0.0,0,0,0,0,0,0,1,0,0,0,0,0,0,1,0,1,0,0,0,0,0,0,0,0,0,
Preston Murray,149348,CB,GEORGETOWN,8,5,0,63.9,0,0,172,0,0,68.9,74.0,87.9,71.3,83.9,69.2,0,2,0,0,43,12.9,4,3,1,102.8,23,0,0,91,15,253,493,16,0,0,16,0,22,477,9,231,348,9,22,1,36,2,2,250,174,10.9
David Ealey III,149355,S,GEORGETOWN,9,10,0,73.3,0,0,172,0,0,52.9,61.0,88.1,55.9,73.4,65.1,0,0,0,0,53,15.5,9,1,0,130.4,11,0,0,175,8,228,475,53,0,0,53,0,140,422,11,236,98,19,39,1,15,0,1,162,109,14.7
Maximus Villar,149356,ED,BRYANT,10,4,0,,0,0,124,0,0,,71.5,80.6,61.6,74.9,78.4,0,3,0,0,,0.0,0,0,0,0.0,0,0,0,0,0,0,100,100,0,0,93,7,0,0,53,47,0,1,3,0,0,3,0,0,0,
Kwame Achampong,149357,DI,GEORGETOWN,10,1,0,,0,0,172,0,0,60.0,57.9,25.0,52.7,64.7,52.2,0,2,0,0,,15.4,2,0,2,0.0,0,0,0,2,0,0,279,277,11,174,31,61,0,2,143,136,0,8,10,0,0,2,0,0,0,
Myles Jones,149359,LB,GEORGETOWN,7,4,0,100.0,0,0,172,0,0,65.0,68.1,78.7,67.3,67.0,44.7,0,1,0,0,14,24.0,6,0,0,95.8,3,0,0,134,0,64,141,2,0,0,2,0,0,139,2,75,5,9,15,1,3,1,0,21,4,7.0
De'Andre Wilborn,149360,ED,GEORGETOWN,11,5,0,100.0,0,0,172,0,0,54.3,60.4,87.8,60.4,60.1,75.5,2,4,0,0,23,7.1,1,0,0,158.3,1,1,0,11,1,11,252,237,0,1,232,4,0,15,90,151,3,6,8,2,1,7,1,23,23,23.0
Kenneth Borders,149361,S,GEORGETOWN,2,1,0,50.0,0,0,172,0,0,61.2,62.4,76.8,60.0,64.3,66.2,0,0,0,0,14,12.5,1,0,0,63.9,3,0,0,25,1,29,54,1,0,0,1,0,14,53,1,24,12,2,6,1,6,0,0,29,5,9.7
Sherman Steptoe II,149363,S,GEORGETOWN,8,7,0,70.4,1,0,172,0,0,48.0,50.0,83.8,57.2,53.7,50.2,0,1,0,1,42,22.2,10,2,1,112.3,19,0,0,206,4,201,401,8,0,0,6,2,69,393,4,196,114,7,28,0,27,1,2,274,107,14.4
Terell Cannon,149365,DI,LAFAYETTE,6,2,0,,0,0,203,0,0,60.0,63.8,80.2,60.6,63.6,74.6,0,1,0,0,,0.0,0,0,0,0.0,0,0,0,0,0,1,83,82,40,38,0,4,1,1,44,38,0,1,2,0,0,1,0,0,0,
Chris Carasia,149367,WR,LAFAYETTE,1,0,0,,0,0,203,0,0,60.0,60.2,63.5,,,,0,0,0,0,,,0,0,3,0.0,0,0,0,0,1,1,1,0,0,0,0,0,0,1,0,0,0,0,0,0,0,0,0,0,0,
Phillip Peiffer,149382,ED,LAFAYETTE,1,0,0,,0,0,203,0,0,,60.8,66.2,60.0,60.0,,0,0,0,0,,,0,0,0,0.0,0,0,0,0,0,0,3,3,0,0,0,3,0,0,1,2,0,0,0,0,0,0,0,0,0,
Gabe DuBois,149387,CB,LAFAYETTE,10,6,0,60.6,0,1,203,0,0,62.5,65.8,85.2,66.9,74.6,64.6,0,1,0,1,59,14.3,7,2,1,98.1,40,0,0,92,563,382,673,1,0,0,1,0,14,672,2,289,3,9,36,2,66,1,3,581,147,14.5
Tim O'Hearn,149389,ED,LAFAYETTE,10,1,1,75.0,0,0,203,0,0,68.3,59.6,22.3,60.3,56.7,30.0,0,2,0,0,14,37.5,3,1,1,93.8,3,1,0,25,0,18,133,98,0,0,76,22,0,35,52,63,10,5,4,2,4,3,0,28,33,9.3
Saiku White,149390,S,LAFAYETTE,11,11,0,66.0,0,1,203,1,0,77.6,80.0,89.5,59.2,80.6,82.2,0,0,0,1,33,9.6,9,3,1,82.8,35,0,0,167,6,443,775,3,0,0,3,0,324,772,2,330,275,20,74,2,53,0,1,347,178,9.9
Andrew Worthy,149398,CB,LEHIGH,5,0,0,100.0,0,0,205,0,0,58.1,60.9,74.7,,67.8,37.7,0,0,0,0,10,33.3,1,0,0,104.2,2,0,0,8,35,22,46,0,0,0,0,0,2,46,0,24,0,0,2,0,2,0,0,18,9,9.0
Tucker Knupp,149399,LB,LEHIGH,1,0,0,,0,0,205,0,0,,60.1,68.3,59.7,60.0,,0,0,0,0,,,0,0,0,0.0,0,0,0,1,0,0,2,1,0,0,1,0,0,1,1,1,0,0,0,0,0,0,0,0,0,
Xavier Stephens,149400,DI,FURMAN,13,12,2,,1,0,170,0,0,61.7,67.8,61.7,68.1,63.7,42.6,3,13,0,0,,18.2,4,0,2,0.0,0,5,0,1,0,0,394,393,78,213,0,102,0,1,287,107,0,10,6,0,0,21,0,0,0,
Dillon Sheehan,149407,DI,LEHIGH,1,0,0,,0,0,205,0,0,,60.0,65.2,60.0,,,0,0,0,0,,,0,0,0,0.0,0,0,0,0,0,0,1,1,0,0,1,0,0,0,1,0,0,0,0,0,0,0,0,0,0,
Logan Jones,149414,S,LEHIGH,7,11,0,50.0,1,0,205,0,0,84.4,83.2,85.6,59.1,75.9,73.9,0,1,0,1,39,11.1,6,2,3,49.2,8,0,0,111,6,205,378,0,0,0,0,0,198,378,1,172,63,9,37,0,16,1,0,121,67,15.1
DJ Lawrence,149416,CB,LEHIGH,7,6,0,68.2,0,0,205,0,0,73.3,72.0,82.5,59.1,62.7,67.8,0,0,0,0,46,12.9,4,2,0,87.7,15,0,0,24,264,159,294,5,0,0,5,0,0,289,1,134,0,2,21,0,22,0,0,152,41,10.1
Joseph Townsend,149420,ED,HOLY CROSS,5,0,0,,0,0,181,0,0,,67.8,76.8,71.7,55.1,70.8,1,3,0,0,,,0,0,0,0.0,0,1,0,0,0,0,38,38,0,3,25,10,0,0,27,11,0,1,0,0,0,5,0,0,0,
Curtis Harris-Lopez,149421,S,HOLY CROSS,8,0,0,100.0,0,2,181,0,0,50.9,65.4,80.6,91.5,71.3,58.7,0,0,0,0,14,20.0,1,0,0,141.3,5,2,0,30,0,40,64,12,0,0,12,0,7,52,6,18,13,5,4,0,5,2,1,42,14,8.4
Dorian Rawls,149423,CB,HOLY CROSS,1,0,0,,0,0,181,1,0,60.0,64.5,63.8,,,,0,0,0,0,,,0,0,0,0.0,0,0,0,0,1,1,1,0,0,0,0,0,0,1,0,0,0,0,0,0,0,0,0,0,0,
Joshua Williams,149427,DI,HOLY CROSS,13,0,0,,0,0,181,0,0,60.0,57.2,83.9,55.4,57.2,75.3,0,1,0,0,,0.0,0,0,0,0.0,0,0,0,0,0,0,222,222,124,96,1,1,0,0,114,108,0,4,6,0,0,1,0,0,0,
Jake Jarmolowich,149428,S,HOLY CROSS,13,5,0,52.6,0,0,181,0,0,53.0,53.7,0.0,59.4,67.9,56.2,0,0,0,0,59,18.9,7,2,6,125.7,10,0,0,54,0,288,446,0,0,0,0,0,284,446,1,157,106,7,25,1,19,0,3,183,58,18.3
Frankie Monte,149429,LB,HOLY CROSS,13,13,0,100.0,0,0,181,0,0,45.9,64.0,83.6,58.7,80.8,51.3,1,7,0,0,16,18.9,7,0,0,96.7,5,0,0,274,0,123,288,3,0,0,3,0,0,285,48,117,11,11,17,2,5,8,0,36,48,7.2
Damon Donalds,149435,DI,HOLY CROSS,5,0,0,,0,0,181,0,0,60.0,62.0,73.8,56.2,65.8,,0,0,0,0,,,0,0,0,0.0,0,0,0,0,0,1,15,15,8,7,0,0,0,0,12,2,0,0,0,0,0,0,0,0,0,
Kwesi Kyei-Fordjour,149437,HB,BUTLER,1,0,0,,0,0,127,0,0,,60.0,60.0,,60.0,,0,0,0,0,,,0,0,1,0.0,0,0,0,0,0,0,1,0,0,0,0,0,0,1,0,1,0,0,0,0,0,0,0,0,0,
Joey Audia,149440,WR,BUTLER,1,0,0,,0,0,127,0,0,,60.0,60.0,,60.0,,0,0,0,0,,,0,0,0,0.0,0,0,0,0,0,0,1,0,0,0,0,0,0,1,0,1,0,0,0,0,0,0,0,0,0,
Adam Cipriano,149447,CB,BUTLER,2,1,0,100.0,0,0,127,0,0,34.6,32.4,69.2,,,38.8,0,0,0,0,25,25.0,1,0,0,116.7,4,0,0,0,6,6,6,0,0,0,0,0,0,6,0,0,0,0,2,0,4,0,0,48,7,12.0
Andrew Chime,149448,LB,BUTLER,1,0,0,,0,0,127,0,0,60.0,68.7,65.6,,65.4,73.1,0,0,0,0,,0.0,0,0,0,0.0,0,0,0,2,0,1,3,0,0,0,0,0,0,3,0,2,1,1,1,0,0,0,0,0,0,
Nick Bafia,149451,S,BUTLER,11,9,0,62.2,0,1,127,0,0,71.6,73.1,88.9,57.4,73.0,81.8,0,0,0,0,30,7.8,5,0,0,69.9,23,0,0,161,5,296,568,2,0,0,2,0,161,566,2,270,239,11,50,2,37,0,0,142,118,6.2
Adam Sturtz,149452,LB,BUTLER,11,10,0,80.0,0,1,127,0,0,81.6,67.5,32.9,55.8,53.2,66.8,1,2,1,1,48,11.6,5,1,1,72.8,12,0,0,308,0,184,365,8,0,0,8,0,0,357,20,161,48,19,28,1,15,3,0,122,110,10.2
Brayton Spetter,149453,CB,BUTLER,5,2,0,100.0,0,0,127,0,0,67.8,68.7,73.5,53.9,68.6,77.2,0,0,0,0,12,0.0,0,0,0,108.3,2,0,0,15,0,19,39,0,0,0,0,0,0,39,3,17,23,0,1,0,2,0,0,20,17,10.0
Danny Orgler,149454,LB,BUTLER,3,2,0,33.3,0,0,127,0,0,58.7,68.0,75.2,,78.2,49.8,0,0,0,0,8,20.0,1,0,0,42.4,1,0,0,30,0,22,34,1,0,0,1,0,0,33,0,12,3,2,2,0,3,0,0,8,6,8.0
Evan Niemi,149456,ED,BUTLER,11,7,1,60.0,0,0,127,0,0,66.7,57.7,19.1,63.5,54.5,49.8,3,5,0,0,29,15.8,3,0,2,78.8,3,0,0,12,0,13,227,214,0,0,196,18,0,13,88,126,1,8,9,1,5,8,0,32,31,10.7
Jack Burch,149459,ED,BUTLER,6,2,0,,0,0,127,0,0,60.0,68.3,16.9,63.7,71.7,80.3,2,0,0,0,,0.0,0,0,1,0.0,0,1,0,0,0,0,92,92,0,0,74,18,0,0,38,54,0,6,7,0,0,3,0,0,0,
Jake LaBarre,149461,DI,BUTLER,10,4,0,,0,0,127,0,0,59.3,63.1,82.5,63.4,60.9,48.5,0,4,0,0,,22.2,2,0,0,0.0,0,1,0,0,0,1,225,225,61,156,2,6,0,0,131,93,0,4,3,1,0,5,0,0,0,
Daniel Obwaya,149462,DI,BUTLER,8,1,0,,0,0,127,0,0,61.9,74.0,79.8,60.6,75.2,79.1,0,1,0,0,,0.0,0,0,0,0.0,0,1,0,0,0,0,136,136,14,104,3,15,0,0,62,74,0,12,11,1,0,2,0,0,0,
Aaron Maione,149470,TE,DAVIDSON,1,0,0,,0,0,149,0,0,,60.0,60.0,,60.0,,0,0,0,0,,,0,0,2,0.0,0,0,0,0,0,0,1,0,0,0,0,0,0,1,0,1,0,0,0,0,0,0,0,0,0,
Yusuf Ahmed,149484,LB,DAVIDSON,4,1,0,0.0,0,0,149,0,0,58.2,55.4,74.4,60.0,53.4,27.0,0,0,0,0,,50.0,1,0,0,39.6,0,0,0,19,0,19,31,0,0,0,0,0,0,31,1,11,12,0,0,0,2,0,0,0,0,
Nick Jako,149485,CB,DAVIDSON,3,2,0,0.0,0,0,149,0,0,78.7,79.7,75.5,,70.2,78.5,0,0,0,0,,0.0,0,1,0,39.6,0,0,0,3,0,15,22,0,0,0,0,0,5,22,0,7,14,0,0,0,2,0,0,0,0,
John Tessmann,149486,LB,DAVIDSON,12,7,1,85.7,0,0,149,0,0,77.2,63.6,86.4,63.6,48.7,34.0,0,1,0,2,23,23.3,10,1,0,65.8,6,0,0,393,0,202,404,7,0,5,2,0,0,397,14,188,3,17,26,1,7,1,0,65,30,10.8
Daniel Carter,149487,CB,DAVIDSON,12,8,0,57.1,0,0,149,0,0,72.0,74.7,88.6,59.7,78.4,74.9,0,0,0,1,55,12.1,8,1,0,109.1,24,0,0,107,14,362,645,2,0,0,2,0,187,643,1,282,334,16,50,3,42,0,5,300,171,12.5
Darryn Kindles,149488,DI,DAVIDSON,7,3,0,,0,0,149,1,0,61.2,75.9,12.6,70.7,80.0,52.6,1,7,0,0,,13.3,2,0,4,0.0,0,2,0,0,0,0,306,305,43,236,0,26,0,1,175,131,0,10,10,2,0,10,0,0,0,
Dallas Brown,149489,ED,DAVIDSON,6,0,0,,0,0,149,0,0,60.0,56.1,78.5,60.9,58.1,24.5,0,3,0,0,,100.0,1,0,0,0.0,0,1,0,0,0,0,60,60,0,0,51,9,0,0,35,25,0,1,0,0,0,4,0,0,0,
Garrett Crockett,149490,DI,DAVIDSON,10,2,1,,0,0,149,0,0,60.0,71.6,10.7,70.7,73.1,77.2,2,4,0,0,,0.0,0,0,2,0.0,0,1,0,0,0,0,187,186,20,153,3,10,0,1,103,84,0,4,5,0,0,7,0,0,0,
Julian Rawlins,149491,ED,DAVIDSON,12,8,1,100.0,0,0,149,0,0,58.3,66.6,87.4,68.0,62.5,60.0,3,15,0,0,2,14.0,6,0,0,79.2,2,4,0,0,0,0,569,569,0,1,500,68,0,0,311,258,0,22,29,3,2,22,0,-3,5,-1.5
Jackson Schulz,149492,DI,DAVIDSON,2,0,0,,0,0,149,0,0,,60.2,71.0,56.1,62.7,,0,0,0,0,,,0,0,0,0.0,0,0,0,0,0,0,10,10,0,10,0,0,0,0,6,4,0,0,0,0,0,0,0,0,0,
Grant Reeder,149493,DI,DAVIDSON,10,0,0,,0,0,149,0,0,60.0,59.1,80.9,54.6,62.5,30.7,0,2,0,0,,33.3,2,0,0,0.0,0,0,0,0,0,0,157,157,41,110,0,6,0,0,102,55,0,3,4,0,0,2,0,0,0,
Grant Russell,149498,S,DAYTON,1,0,0,,0,0,150,0,0,,60.1,60.0,,60.0,,0,0,0,0,,,0,0,0,0.0,0,0,0,0,0,0,1,0,0,0,0,0,0,1,0,1,0,0,0,0,0,0,0,0,0,
Ty Stylski,149506,HB,DAYTON,1,0,0,,0,0,150,0,0,,60.2,73.9,,60.0,,0,0,0,0,,,0,0,0,0.0,0,0,0,0,0,0,1,0,0,0,0,0,0,1,0,1,0,0,0,0,0,0,0,0,0,
Ca'ron Coleman,149520,S,DAYTON,11,18,0,60.5,0,0,150,0,0,67.4,72.3,86.0,67.8,79.0,90.8,1,2,0,0,41,2.2,1,3,0,82.2,23,3,0,196,9,310,601,65,0,0,64,1,0,536,38,253,331,19,27,6,38,6,0,271,119,11.8
Jeremy Jonozzo,149522,CB,DAYTON,10,6,0,61.8,0,1,150,0,0,66.1,68.1,36.7,,77.7,64.3,0,0,0,1,63,11.1,4,2,1,121.8,21,0,0,70,428,270,505,3,0,0,3,0,1,502,0,235,3,7,26,2,34,0,6,334,73,15.9
Mitchell Colter,149529,CB,DAYTON,2,0,0,,0,0,150,0,0,51.9,52.7,67.4,,60.0,22.3,0,0,0,0,,100.0,1,0,0,0.0,0,0,0,2,0,5,7,0,0,0,0,0,1,7,0,2,3,0,0,0,0,0,0,0,0,
Logan Miller,149531,S,DAYTON,7,0,0,64.3,0,0,150,0,0,40.6,48.1,81.9,60.0,70.8,50.1,1,0,0,0,75,25.0,4,1,2,131.5,9,0,0,107,0,136,216,0,0,0,0,0,62,216,1,79,47,2,12,1,14,1,1,175,106,19.4
Aiden McKinley,149533,LB,DAYTON,5,2,0,100.0,0,0,150,0,0,64.7,73.7,71.5,,74.6,81.5,0,0,0,0,18,0.0,0,0,0,118.8,1,0,0,27,0,10,33,4,0,0,4,0,0,29,0,23,1,3,4,0,1,0,0,18,14,18.0
Jerell Lewis,149540,ED,DAYTON,11,12,0,,0,0,150,0,0,62.7,55.8,85.8,55.4,53.8,58.7,4,15,0,0,,15.6,5,0,0,0.0,0,2,0,0,0,0,586,586,0,4,386,196,0,0,319,267,0,14,15,1,0,21,0,0,0,
Joey Guagenti,149548,CB,DAYTON,4,2,0,60.0,1,0,150,0,0,51.8,54.0,0.0,,76.0,45.5,0,0,0,1,75,15.8,3,2,2,114.2,15,0,0,15,164,116,182,0,0,0,0,0,1,182,0,66,2,8,14,1,25,0,2,326,95,21.7
Mason Henry,149549,ED,DAYTON,10,4,0,,0,1,150,0,0,,66.0,46.1,63.9,67.6,42.0,1,7,0,0,,33.3,3,0,1,0.0,0,4,0,0,0,0,209,209,0,2,137,70,0,0,119,90,0,6,2,0,0,12,0,0,0,
Holden Hughes,149564,CB,DRAKE,10,2,0,33.3,0,0,153,0,0,57.3,55.7,82.5,60.0,49.7,36.8,0,0,0,0,20,35.3,6,2,0,74.3,5,0,0,15,197,113,229,9,0,0,9,0,1,220,2,114,4,3,9,0,15,0,1,80,17,16.0
Caleb Bowling,149565,S,DRAKE,10,4,0,33.3,0,0,153,0,0,79.7,77.6,81.7,59.0,67.6,66.5,0,1,0,1,3,11.1,1,2,0,2.8,2,0,0,24,0,60,115,7,0,0,7,0,23,108,9,46,59,2,4,0,6,1,0,4,10,2.0
CJ Grisar,149570,S,DRAKE,6,0,0,75.0,0,0,153,0,0,56.5,56.1,79.4,74.4,48.3,46.5,0,2,0,0,10,25.0,2,0,0,89.6,3,0,0,12,1,45,88,3,0,0,3,0,52,85,4,39,19,1,6,0,4,2,0,24,5,8.0
Connor Groff,149571,DI,DRAKE,8,5,2,,1,0,153,2,0,59.3,71.6,53.3,63.3,75.4,53.1,0,6,0,0,,13.3,2,0,1,0.0,0,0,0,1,0,1,291,290,33,250,4,3,0,1,121,169,0,5,8,0,0,6,0,0,0,
Sebastian Adamski,149572,LB,DRAKE,11,2,0,75.0,0,0,153,0,0,77.1,76.3,79.6,48.3,76.3,71.6,0,1,0,1,21,7.1,1,2,0,89.6,6,0,0,76,1,61,110,8,0,0,8,0,0,102,13,36,22,8,11,1,8,1,1,48,24,8.0
Tom Shefte,149573,ED,DRAKE,8,6,0,,0,1,153,0,0,65.7,70.8,81.8,72.7,63.5,43.6,3,6,0,0,,25.0,4,0,0,0.0,0,1,0,2,0,7,169,167,2,19,73,73,0,2,75,87,0,7,6,1,0,10,0,0,0,
Stenton Quaye,149574,ED,DRAKE,7,2,0,100.0,0,0,153,0,0,60.8,63.8,81.0,60.5,63.7,50.9,3,2,0,0,7,25.0,2,0,0,81.3,2,0,0,0,0,2,120,120,0,5,84,31,0,0,60,58,0,3,4,2,2,5,0,7,11,3.5
Finn Claypool,149576,ED,DRAKE,11,7,0,,0,0,153,1,0,59.5,92.2,67.8,93.3,79.2,42.0,15,39,0,0,,23.1,12,0,1,0.0,0,8,0,4,0,6,506,500,0,19,334,147,0,6,250,250,0,35,33,7,0,62,0,0,0,
Jake Davis,149583,CB,PRESBYTERN,1,0,0,,0,0,271,0,0,,68.6,69.6,,65.9,72.2,0,0,0,0,,0.0,0,0,0,0.0,0,0,0,1,0,0,4,3,0,0,3,0,0,1,0,4,0,1,1,0,0,0,0,0,0,
Brooks Russ-Martin,149601,CB,PRESBYTERN,9,4,0,44.4,0,0,271,0,0,65.7,68.7,83.2,55.4,80.8,50.8,0,0,0,0,18,20.0,7,3,1,56.3,16,0,0,14,176,160,255,1,0,0,1,0,3,254,5,90,61,8,24,2,36,0,0,148,46,9.3
Bradley Russ-Martin,149602,CB,PRESBYTERN,11,6,0,53.3,0,0,271,0,0,69.1,70.4,83.6,70.9,69.0,70.4,0,0,0,0,32,13.5,5,3,1,106.5,16,1,0,57,403,230,470,0,0,0,0,0,0,470,4,236,10,8,26,0,30,1,3,192,37,12.0
Merrel Payne,149603,S,PRESBYTERN,1,2,0,100.0,0,0,271,0,0,49.9,49.1,70.4,56.7,53.8,56.3,0,0,0,0,11,16.7,1,0,0,106.3,2,0,0,24,2,11,32,0,0,0,0,0,0,32,4,17,6,0,3,0,2,0,0,19,26,9.5
George Wilder,149605,S,PRESBYTERN,11,13,0,54.1,0,1,271,0,0,64.5,68.3,88.5,68.6,72.0,59.6,1,2,0,0,82,18.8,13,1,1,108.7,20,1,0,208,5,312,669,3,0,0,3,0,153,666,9,348,299,16,43,2,37,4,2,387,243,19.4
James Crim,149607,S,PRESBYTERN,8,4,0,33.3,0,0,271,0,0,62.8,61.5,80.7,69.2,55.4,34.3,1,0,0,0,15,33.3,8,0,0,50.7,1,0,0,65,1,93,187,0,0,0,0,0,93,187,6,88,28,1,12,0,3,1,0,15,2,15.0
Alex Herriott,149611,LB,PRESBYTERN,11,25,0,87.5,0,1,271,0,0,61.5,60.0,28.3,69.0,57.3,61.6,3,8,0,0,22,13.0,15,2,2,134.5,21,4,0,683,1,317,726,11,0,0,11,0,0,715,59,350,30,41,75,3,24,15,5,163,106,7.8
Mason Lord,149612,LB,PRESBYTERN,2,0,0,,0,0,271,0,0,,61.5,69.1,,60.0,,0,0,0,0,,,0,0,0,0.0,0,0,0,5,0,0,5,0,0,0,0,0,0,5,0,5,0,0,0,0,0,0,0,0,0,
Coby Cornelius,149613,LB,PRESBYTERN,6,1,0,,0,0,271,0,0,76.3,73.2,73.4,64.9,64.2,69.1,0,0,0,0,,12.5,1,1,0,0.0,0,0,0,54,0,17,55,0,0,0,0,0,0,55,4,34,1,3,6,0,0,0,0,0,0,
Suubi Mutebi,149614,DI,PRESBYTERN,9,4,0,,1,0,271,0,0,60.0,52.9,20.4,60.5,51.3,56.8,0,3,0,0,,11.1,1,0,1,0.0,0,0,0,0,0,0,113,112,1,40,18,53,0,1,52,61,0,1,4,0,0,3,0,0,0,
Josh Heverly,149617,WR,SAN DIEGO,1,0,0,,0,0,283,0,0,,60.0,60.0,,60.0,,0,0,0,0,,,0,0,0,0.0,0,0,0,0,0,0,1,0,0,0,0,0,0,1,0,1,0,0,0,0,0,0,0,0,0,
Trey Sena-Ortega,149630,CB,SAN DIEGO,3,1,0,,0,0,283,0,0,66.0,65.6,78.9,55.9,64.6,78.7,0,0,0,0,,0.0,0,0,0,0.0,0,0,0,5,0,22,37,7,0,0,7,0,6,30,6,9,19,1,1,0,0,0,0,0,0,
Paliku Kamaka,149631,S,SAN DIEGO,1,0,0,,0,0,283,0,0,61.0,62.0,72.1,,60.0,,0,0,0,0,,,0,0,0,0.0,0,0,0,0,0,2,7,0,0,0,0,0,4,7,0,5,3,0,0,0,0,0,0,0,0,
Jerry Riggins,149633,CB,SAN DIEGO,3,0,0,100.0,0,0,283,0,0,55.1,66.7,79.8,56.7,73.1,79.7,0,0,0,0,9,0.0,0,0,0,104.2,1,0,0,9,1,10,43,31,0,0,31,0,0,12,6,27,2,5,5,1,1,0,0,9,11,9.0
Giulio Fernandes,149635,LB,SAN DIEGO,1,0,0,,0,0,283,0,0,,61.7,64.2,,60.0,,0,0,0,0,,,0,0,0,0.0,0,0,0,1,0,0,1,0,0,0,0,0,0,1,0,1,0,0,0,0,0,0,0,0,0,
Nick Murray,149636,CB,SAN DIEGO,10,8,0,54.8,0,0,283,1,0,68.0,66.2,4.1,47.3,65.6,59.5,0,1,0,1,40,15.4,10,6,5,65.5,40,0,0,62,431,311,510,10,0,0,10,0,0,500,1,198,6,15,47,1,73,1,0,411,149,10.3
Landon Toll,149638,LB,SAN DIEGO,1,0,0,,0,0,283,0,0,60.0,62.7,71.6,60.0,61.5,,0,0,0,0,,,0,0,0,0.0,0,0,0,3,0,1,5,2,0,0,2,0,0,3,1,3,0,0,0,0,0,0,0,0,0,
Malachi Cooper,149640,DI,SAN DIEGO,4,0,0,,0,0,283,0,0,,59.0,78.6,58.0,60.6,22.2,0,5,0,0,,100.0,1,0,0,0.0,0,0,0,0,0,0,61,61,13,40,5,3,0,0,57,4,0,0,0,0,0,5,0,0,0,
Brian Coburn,149641,DI,SAN DIEGO,3,1,0,,0,0,283,0,0,,73.7,73.9,55.2,81.3,72.4,0,0,0,0,,0.0,0,0,0,0.0,0,0,0,0,0,0,23,23,0,23,0,0,0,0,15,8,0,1,1,0,0,0,0,0,0,
Masin Cobb,149664,ED,MARIST,1,0,0,,0,0,213,0,0,,66.4,70.0,65.4,60.0,,0,1,0,0,,,0,0,0,0.0,0,0,0,0,0,0,5,5,0,0,5,0,0,0,3,2,0,0,0,0,0,1,0,0,0,
Joshua Popoca,149683,CB,MARIST,3,0,0,,0,0,213,0,0,63.8,64.5,71.9,,61.6,,0,0,0,0,,,0,0,0,0.0,0,0,0,5,13,7,19,1,0,0,1,0,0,18,0,12,0,0,0,0,0,0,0,0,0,
Kolbe Benham,149684,S,MARIST,10,3,0,0.0,0,0,213,1,0,81.0,76.4,78.7,,63.1,84.8,0,0,0,1,,0.0,0,0,0,0.0,0,0,0,20,0,31,71,1,0,0,1,0,35,70,0,40,15,2,5,0,1,0,0,0,0,
Camron Ball,149685,S,MARIST,11,11,0,63.3,0,0,213,0,0,75.6,74.0,45.8,60.0,71.2,68.1,1,1,0,0,72,14.1,10,2,1,111.4,19,0,0,237,6,338,686,11,0,0,11,0,219,675,2,346,212,15,50,3,30,2,2,247,140,13.0
Austin Trimble,149686,CB,MARIST,11,3,0,75.0,0,0,213,0,0,66.5,66.6,82.5,58.6,65.0,48.4,0,0,0,1,49,22.2,6,1,0,121.4,18,0,0,41,313,169,362,6,0,0,6,0,0,356,3,190,2,3,18,1,24,0,2,267,68,14.8
Dominic Dutton,149687,ED,MARIST,11,3,1,,0,0,213,0,0,59.7,45.6,3.6,56.0,46.9,71.6,0,2,0,0,,6.7,1,0,3,0.0,0,1,0,0,0,1,250,249,0,99,87,63,0,1,102,147,0,9,11,3,0,3,0,0,0,
DeAngelo Williams,149690,S,MARIST,1,0,0,100.0,0,0,213,0,0,61.7,62.2,69.1,,60.0,,0,0,0,0,1,,0,0,0,79.2,1,0,0,0,0,3,6,0,0,0,0,0,5,6,0,3,1,0,0,0,1,0,0,1,3,1.0
Jayson Colorado,149691,S,MARIST,10,2,0,100.0,0,0,213,0,0,66.5,60.8,79.2,60.0,50.4,29.3,0,0,0,0,10,40.0,4,0,0,95.8,2,0,0,27,1,44,95,2,0,0,2,0,48,93,1,50,17,0,4,0,2,0,0,14,16,7.0
Tyler Ruscher,149693,LB,MARIST,10,12,1,80.0,0,1,213,1,0,69.9,76.6,41.0,78.8,73.1,85.5,3,11,0,0,6,7.0,3,0,1,118.8,4,4,0,304,0,129,362,55,0,0,55,0,0,307,77,156,2,14,28,1,5,18,1,11,5,2.8
Angelo Vokolos,149694,LB,MARIST,9,4,0,50.0,0,0,213,0,0,74.8,78.6,77.2,69.4,76.5,77.2,1,0,0,0,8,7.7,2,1,0,60.4,1,1,0,103,0,52,147,30,0,0,29,1,0,117,14,81,14,10,20,1,2,2,0,8,3,8.0
Quinn Knox,149695,LB,MARIST,4,2,0,0.0,0,0,213,0,0,64.0,63.2,73.9,69.9,55.9,79.2,0,1,0,0,,0.0,0,0,0,39.6,0,0,0,32,0,15,39,7,0,0,7,0,0,32,5,19,0,2,2,0,1,1,0,0,0,
John Testa,149696,LB,MARIST,3,2,0,100.0,0,0,213,0,0,63.0,66.2,70.5,59.2,64.3,77.1,0,0,0,0,7,0.0,0,0,0,95.8,1,0,0,6,0,3,10,4,0,0,4,0,0,6,1,6,0,0,1,0,1,0,0,7,3,7.0
Nick Jackson,149698,DI,MARIST,11,8,1,,0,0,213,0,0,54.2,55.8,70.9,59.0,54.5,52.8,0,3,0,0,,13.3,4,0,1,0.0,0,1,0,1,0,3,466,464,409,52,0,3,0,2,217,246,0,13,18,0,0,4,0,0,0,
Jack Imbt,149700,DI,MARIST,8,2,0,,0,0,213,0,0,59.9,56.3,0.0,63.4,61.6,76.0,0,1,0,0,,0.0,0,0,3,0.0,0,1,0,0,0,1,123,123,100,22,1,0,0,0,63,59,0,4,4,0,0,2,0,0,0,
Miles Kauderer,149703,ED,MARIST,9,6,2,,0,2,213,2,0,68.9,74.2,9.3,89.0,57.9,62.9,4,13,0,0,,15.0,3,0,4,0.0,0,3,0,0,0,0,405,405,1,26,203,175,0,0,217,188,0,11,11,0,0,20,0,0,0,
Michael Martinez,149706,WR,STETSON,1,0,0,,0,0,302,0,0,60.0,62.4,60.0,,,,0,0,0,0,,,0,0,1,0.0,0,0,0,0,0,1,1,0,0,0,0,0,0,1,0,0,0,0,0,0,0,0,0,0,0,
David Stubbs,149722,CB,STETSON,9,2,0,56.3,0,0,302,1,0,68.5,68.0,36.3,60.0,66.0,69.7,0,0,0,1,44,10.5,2,4,1,83.3,18,0,0,30,431,270,488,4,0,0,4,0,8,484,1,217,14,6,15,0,32,0,1,284,79,15.8
RJ Williams,149725,CB,STETSON,4,1,0,0.0,0,0,302,0,0,61.8,39.6,77.1,57.9,33.8,22.9,0,0,0,0,,60.0,3,0,0,39.6,0,0,0,11,1,4,31,17,0,0,17,0,1,14,4,23,1,0,1,0,1,0,0,0,0,
Andrew Thompson,149726,ED,STETSON,10,4,0,,0,0,302,0,0,61.6,71.1,40.5,76.4,63.5,80.5,1,8,0,0,,0.0,0,0,1,0.0,0,1,0,0,0,0,189,189,2,19,72,96,0,0,88,101,0,5,7,1,0,10,0,0,0,
Jason Riedy,149732,CB,STETSON,4,0,0,46.2,0,0,302,0,0,59.9,60.2,78.1,,60.1,53.9,0,0,0,0,23,16.7,1,1,1,67.5,6,0,0,4,70,46,81,1,0,0,1,0,3,80,0,35,3,0,5,0,13,0,0,84,38,14.0
Dustin Vinas,149733,LB,STETSON,1,0,0,,0,0,302,0,0,60.0,57.2,70.9,,56.7,,0,0,0,0,,,0,0,0,0.0,0,0,0,8,0,1,8,0,0,0,0,0,0,8,0,7,0,0,0,0,0,0,0,0,0,
George Dristiliaris,149742,ED,VALPO,11,1,0,,0,0,332,0,0,53.7,63.6,81.7,64.0,63.4,24.7,1,7,0,0,,50.0,5,0,0,0.0,0,2,0,3,0,8,178,175,0,3,120,52,0,3,96,74,0,5,4,1,0,10,0,0,0,
Jake Birmingham,149745,LB,VALPO,9,10,0,75.0,0,1,332,0,0,61.1,70.5,81.9,51.3,78.6,73.6,0,4,0,0,80,9.3,4,0,0,156.3,6,0,0,276,0,127,288,6,0,0,6,0,0,282,24,137,5,19,29,0,8,4,2,137,128,22.8
Max Kobs,149748,LB,VALPO,2,0,0,0.0,0,0,332,0,0,49.6,37.5,72.0,54.2,60.0,,0,0,0,0,,,0,0,0,39.6,0,0,0,7,0,5,10,1,0,0,1,0,0,9,4,1,2,0,0,0,1,0,0,0,0,
Caleb Rao,149750,CB,VALPO,11,3,0,47.4,0,0,332,1,0,71.5,68.0,83.5,65.4,43.6,25.4,1,0,0,1,72,41.9,13,6,0,76.0,18,0,0,24,362,234,393,4,0,0,4,0,0,389,4,155,3,6,15,1,38,1,1,334,138,18.6
Hayden Bedell,149752,LB,VALPO,2,1,0,,0,0,332,0,0,,66.4,69.3,,65.3,75.7,0,0,0,0,,0.0,0,0,0,0.0,0,0,0,5,0,0,5,0,0,0,0,0,0,5,0,5,0,1,1,0,0,0,0,0,0,
Kevin Spelman,149757,ED,VALPO,12,14,0,,0,1,332,1,0,72.5,76.6,88.4,69.7,72.5,57.2,5,23,0,0,,14.0,7,0,0,0.0,0,6,0,4,0,13,721,716,2,16,457,241,0,5,384,324,0,26,29,5,0,34,0,0,0,
Colin Graves,149760,S,VALPO,12,16,0,52.6,0,0,332,0,0,62.1,57.9,41.8,72.3,50.0,30.9,0,1,0,1,50,28.4,23,2,2,84.3,10,1,0,166,8,263,510,19,0,0,19,0,232,491,10,237,85,17,42,4,19,2,2,115,76,11.5
Jonathan Bunce,149770,ED,STTHOM,11,8,0,78.9,0,1,1129,0,0,52.0,73.9,89.8,75.4,74.8,87.9,6,19,0,0,64,4.1,2,0,1,122.6,15,7,0,35,1,63,522,476,0,0,475,1,0,46,238,221,10,31,39,7,19,32,1,175,107,11.7
Jake Coleman,149772,DI,STTHOM,1,0,0,,0,0,1129,0,0,,60.6,69.0,59.3,60.1,,0,0,0,0,,,0,0,0,0.0,0,0,0,0,0,0,4,4,2,2,0,0,0,0,2,2,0,0,0,0,0,0,0,0,0,
Johnson Fallah,149774,CB,STTHOM,10,4,0,38.5,0,1,1129,0,0,63.5,65.2,83.2,60.0,71.0,65.2,0,0,0,1,47,12.5,2,1,1,45.4,10,0,0,10,297,203,316,2,0,0,2,0,3,314,1,112,4,1,10,0,26,0,0,170,37,17.0
Seth Hopkins,149780,DI,STTHOM,9,0,0,,0,1,1129,0,0,,63.5,77.9,61.9,62.4,27.8,0,0,0,0,,50.0,1,0,0,0.0,0,0,0,0,0,0,41,41,31,10,0,0,0,0,16,25,0,1,1,0,0,0,0,0,0,
Malaki-Milton Jackson,149782,ED,STTHOM,11,0,0,66.7,0,0,1129,0,0,69.5,87.4,84.0,91.4,58.0,58.1,3,6,0,0,15,28.6,2,0,0,82.6,2,6,0,4,0,10,107,98,0,0,98,0,0,9,59,38,5,9,5,1,3,15,0,18,27,9.0
Joshua Slaughter,149789,CB,STTHOM,1,0,0,60.0,0,0,1129,0,0,35.5,38.8,76.0,60.0,63.4,76.2,1,0,0,0,19,0.0,0,0,0,84.6,3,0,0,5,12,21,36,0,0,0,0,0,0,36,1,14,19,0,1,0,5,1,0,39,16,13.0
C.J. Warren,149795,DI,STTHOM,11,5,0,,0,0,1129,0,0,60.5,74.5,80.4,73.9,67.4,65.9,2,12,0,0,,10.0,1,0,0,0.0,0,1,0,1,0,0,179,178,13,100,6,59,0,1,115,64,0,3,4,1,0,15,0,0,0,
Grif Wurtz,149797,S,STTHOM,11,16,0,52.2,0,1,1129,2,1,86.3,84.5,46.2,56.4,80.3,86.6,0,2,0,2,21,7.4,5,5,1,43.6,12,0,0,168,12,335,584,14,0,0,14,0,314,570,7,242,75,17,47,1,23,2,1,109,60,9.1
David Ayeni,149801,ED,STTHOM,11,2,0,80.0,0,0,1129,0,0,63.5,73.9,49.5,73.5,74.2,84.6,3,12,0,0,17,0.0,0,1,1,101.7,4,5,0,9,0,35,219,207,0,0,207,0,0,12,115,69,3,4,8,2,5,20,0,42,17,10.5
Nick Flaskamp,149806,FB,STTHOM,1,0,0,,0,0,1129,0,0,,40.1,63.3,,60.0,,0,0,0,0,,,0,0,0,0.0,0,0,0,2,0,0,2,0,0,0,0,0,0,2,0,2,0,0,0,0,0,0,0,0,0,
Noah Friedt,149808,DI,STTHOM,1,0,0,,0,0,1129,0,0,,59.2,69.2,59.1,60.0,,0,0,0,0,,,0,0,0,0.0,0,0,0,0,0,0,3,3,1,2,0,0,0,0,2,1,0,0,0,0,0,0,0,0,0,
Grant Gerber,149809,ED,STTHOM,2,1,0,,0,0,1129,0,0,60.0,72.5,75.8,55.5,78.1,77.0,0,0,0,0,,0.0,0,0,0,0.0,0,0,0,1,0,1,18,17,0,0,17,0,0,1,9,8,0,1,1,0,0,0,0,0,0,
Nick Hand,149810,S,STTHOM,8,1,0,57.1,0,0,1129,0,0,66.0,67.6,80.2,57.9,69.4,75.8,0,1,0,0,26,7.7,1,1,0,75.9,4,0,0,43,1,71,125,2,0,0,2,0,62,123,2,52,17,3,11,0,7,1,0,44,39,11.0
Yusef Leak,149814,CB,STTHOM,11,6,0,45.8,0,0,1129,1,0,78.6,75.0,84.5,62.3,57.9,50.0,0,0,0,3,65,17.4,8,3,1,59.9,22,0,0,89,510,362,625,8,0,0,8,0,2,617,10,253,15,7,32,0,48,0,3,286,121,13.0
IBK Mafe,149815,ED,STTHOM,7,1,0,80.0,0,0,1129,0,0,31.3,42.5,83.0,55.5,49.5,79.0,0,2,0,0,19,0.0,0,1,0,128.3,8,0,0,5,0,17,109,102,0,0,95,7,0,7,43,49,1,2,5,1,10,2,1,68,27,8.5
Caden Nelson,149819,LB,STTHOM,1,1,0,100.0,0,0,1129,0,0,51.3,55.7,68.8,,64.2,75.8,0,0,0,0,13,0.0,0,0,0,118.8,1,0,0,12,0,5,12,0,0,0,0,0,0,12,0,7,0,0,1,0,1,0,0,13,2,13.0
Branden Smith,149825,CB,STTHOM,11,1,0,23.5,0,0,1129,0,0,73.3,72.5,13.7,59.8,69.0,50.8,0,0,0,0,53,9.1,1,2,1,70.5,4,0,0,11,282,190,304,2,0,0,2,0,0,302,1,113,9,2,9,1,17,0,1,97,13,24.3
Jordan Titus,149830,DI,STTHOM,11,1,0,,0,0,1129,0,0,,67.3,48.1,55.0,72.8,75.0,0,3,0,0,,0.0,0,0,1,0.0,0,0,0,0,0,0,206,205,161,41,0,3,0,1,77,129,0,3,5,0,0,3,0,0,0,
Josh Battle,149841,S,CHATTNOOGA,11,10,0,72.4,0,0,137,0,0,55.1,63.5,85.7,60.0,80.7,76.0,0,0,0,1,42,10.2,5,2,0,115.3,21,0,0,168,0,278,483,2,0,0,2,0,262,481,1,204,50,9,34,0,29,0,2,308,125,14.7
Kelvin Morris,149844,DI,CHATTNOOGA,4,0,0,,0,0,137,0,0,,34.2,74.3,55.3,32.1,69.7,0,1,0,0,,0.0,0,0,0,0.0,0,0,0,0,0,0,26,26,1,25,0,0,0,0,12,14,0,0,1,0,0,1,0,0,0,
Javonte Graves-Billips,149847,WR,CITADEL,2,0,0,,0,0,139,0,0,,60.0,60.0,,60.0,,0,0,0,0,,,0,0,1,0.0,0,0,0,0,0,0,2,0,0,0,0,0,0,2,0,2,0,0,0,0,0,0,0,0,0,
Melvin Ravenel,149858,CB,CITADEL,9,0,0,56.3,0,0,139,0,0,53.9,55.0,0.0,,69.2,69.5,0,0,0,0,51,14.3,1,0,1,86.7,9,0,0,6,177,98,191,0,0,0,0,0,0,191,0,93,5,0,6,0,16,0,0,145,45,16.1
Je'Mazin Roberts,149860,LB,CITADEL,4,3,0,0.0,0,0,139,0,0,77.8,66.1,76.5,51.0,49.1,66.1,0,1,0,0,,14.3,1,1,0,39.6,0,0,0,45,0,26,54,6,2,0,2,2,0,48,10,18,3,1,3,0,1,1,0,0,0,
Phillip Collins,149862,DI,CITADEL,6,0,0,,0,0,139,0,0,,74.1,75.8,82.9,61.5,29.8,0,4,0,0,,25.0,1,0,0,0.0,0,0,0,0,0,0,40,40,11,24,1,4,0,0,20,20,0,3,3,2,0,4,0,0,0,
Chris Iverson,149864,DI,CITADEL,11,1,0,,0,0,139,0,0,,52.9,0.0,64.1,51.7,29.4,1,4,0,0,,22.2,2,0,3,0.0,0,0,0,1,0,0,231,229,20,148,15,46,0,2,116,115,0,5,6,0,0,5,0,0,0,
Zion Alexander,149877,CB,E TENN ST,1,0,0,100.0,0,0,157,0,0,49.9,49.3,69.3,,60.0,77.0,0,0,0,0,39,0.0,0,0,0,158.3,3,0,0,0,6,3,6,0,0,0,0,0,0,6,0,3,0,0,2,0,3,0,1,52,15,17.3
Cameron Garnett,149878,LB,E TENN ST,6,1,0,75.0,0,0,157,0,0,46.1,46.6,75.6,47.3,62.3,67.1,0,0,0,0,26,16.7,1,0,0,116.7,3,0,0,55,0,31,58,2,0,0,2,0,0,56,10,17,1,1,4,0,4,0,0,54,22,18.0
Paxton Corkery,149879,LB,E TENN ST,1,0,0,,0,0,157,0,0,,60.0,60.0,,60.0,,0,0,0,0,,,0,0,0,0.0,0,0,0,0,0,0,1,0,0,0,0,0,0,1,0,1,0,0,0,0,0,0,0,0,0,
Davion Hood,149880,ED,E TENN ST,11,6,0,,0,1,157,1,0,58.8,61.3,84.6,57.6,64.2,50.4,5,12,0,0,,19.0,4,0,0,0.0,0,3,0,1,0,0,534,533,0,31,150,352,0,1,323,211,0,11,11,1,0,20,0,0,0,
Mustafi Al-Garawi,149883,DI,E TENN ST,6,4,0,,0,0,157,0,0,,56.0,77.8,55.2,56.9,48.8,0,0,0,0,,12.5,1,0,0,0.0,0,0,0,0,0,0,63,63,29,21,1,12,0,0,29,34,0,3,3,0,0,0,0,0,0,
Joshua Harris,149887,WR,FURMAN,2,0,0,,0,0,170,0,0,,60.0,60.0,,60.0,,0,0,0,0,,,0,0,2,0.0,0,0,0,0,0,0,2,0,0,0,0,0,0,2,0,2,0,0,0,0,0,0,0,0,0,
Myion Hicks,149888,HB,FURMAN,1,0,0,,0,0,170,0,0,,60.0,60.0,,60.0,,0,0,0,0,,,0,0,0,0.0,0,0,0,0,0,0,1,0,0,0,0,0,0,1,0,1,0,0,0,0,0,0,0,0,0,
Amaah Achina,149894,S,FURMAN,2,1,0,50.0,0,0,170,0,0,71.7,65.4,72.2,60.0,50.0,47.5,0,0,0,0,2,25.0,1,0,0,56.3,1,0,0,10,0,14,25,0,0,0,0,0,0,25,1,10,15,1,2,0,2,0,0,2,5,2.0
Justin Hartwell,149913,S,FURMAN,5,0,0,100.0,0,0,170,0,0,48.2,51.3,80.5,,63.8,29.3,0,0,0,0,7,50.0,2,0,0,79.2,2,0,0,3,0,17,29,1,0,0,1,0,13,28,0,12,11,1,2,1,2,0,0,4,12,2.0
Dominic Morris,149914,CB,FURMAN,9,2,0,45.9,0,0,170,0,0,65.2,64.3,0.1,,62.8,59.9,0,0,0,2,40,17.4,4,5,2,62.4,17,0,0,8,219,160,236,0,0,0,0,0,1,236,0,76,7,3,17,1,37,0,1,316,64,18.6
Alex Maier,149916,ED,FURMAN,12,5,1,0.0,0,0,170,1,0,79.4,68.6,88.2,67.2,56.2,53.1,5,13,0,0,,23.1,6,0,0,39.6,0,7,0,13,0,22,324,305,0,0,305,0,0,19,200,102,6,16,15,2,2,25,0,0,0,
Brandt Babin,149917,S,FURMAN,1,0,0,,0,0,170,0,0,62.0,63.6,68.8,,61.8,,0,0,0,0,,,0,0,0,0.0,0,0,0,5,0,4,10,0,0,0,0,0,0,10,0,6,5,0,0,0,0,0,0,0,0,
Luke McLaughlin,149920,ED,FURMAN,3,0,0,0.0,0,0,170,0,0,60.0,68.2,76.2,54.0,75.5,77.0,0,0,0,0,,0.0,0,0,0,39.6,0,0,0,0,0,1,17,17,0,0,17,0,0,0,10,6,0,3,3,2,1,0,0,0,0,
Bryce Stanfield,149921,ED,FURMAN,13,3,0,,0,0,170,1,0,62.3,63.7,62.4,56.7,72.1,44.9,3,9,0,0,,18.8,3,0,1,0.0,0,1,0,0,0,1,416,416,6,132,92,186,0,0,302,113,0,9,10,0,0,13,0,0,0,
Corey Barnes,149934,CB,MERCER,8,4,0,44.4,0,0,219,0,0,68.3,67.8,79.3,,61.7,28.1,0,0,0,0,47,37.5,3,2,0,77.5,4,0,0,3,126,67,130,0,0,0,0,0,0,130,0,63,0,0,1,0,9,0,0,83,49,20.8
Myles Redding,149936,S,MERCER,11,11,0,66.7,0,0,219,0,0,74.1,75.9,87.0,,75.7,63.3,0,0,0,1,47,16.4,11,4,1,83.1,18,0,0,187,2,325,552,1,0,0,1,0,254,551,0,227,108,18,45,1,27,0,0,265,50,14.7
Marques Thomas,149938,LB,MERCER,11,6,0,100.0,0,0,219,0,0,56.0,71.8,80.0,66.0,89.6,90.1,2,1,0,0,23,0.0,0,0,0,132.3,12,1,0,203,0,132,233,3,0,0,3,0,0,230,8,93,26,14,22,1,12,4,1,109,94,9.1
Emil Hovde,149939,ED,MERCER,8,0,0,,0,0,219,0,0,61.0,57.2,0.0,62.4,52.6,73.8,0,2,0,0,,0.0,0,0,1,0.0,0,0,0,0,0,0,65,65,0,0,39,26,0,0,37,28,0,2,2,0,0,2,0,0,0,
Savio Frazier,149940,DI,MERCER,11,6,1,,0,0,219,1,0,60.9,67.7,48.0,63.3,70.4,74.9,0,14,0,0,,4.0,1,0,2,0.0,0,1,0,0,0,0,506,506,23,393,11,79,0,0,290,216,0,14,18,3,0,15,0,0,0,
David Coltrane,149954,CB,SAMFORD,1,0,0,,0,0,282,0,0,63.5,64.1,70.6,,,,0,0,0,0,,,0,0,0,0.0,0,0,0,0,0,5,5,0,0,0,0,0,0,5,0,0,5,0,0,0,0,0,0,0,0,
Evan Craighead,149955,LB,SAMFORD,2,2,0,,0,0,282,0,0,66.6,64.8,79.4,60.4,61.4,71.5,0,1,0,0,,12.5,1,0,0,0.0,0,0,0,24,6,15,62,24,0,0,24,0,0,38,13,34,8,4,5,0,0,1,0,0,0,
Jamall Thompson Jr.,149959,ED,SAMFORD,12,3,0,,0,0,282,0,0,60.0,69.9,82.1,63.3,70.6,82.7,1,3,0,0,,0.0,0,0,0,0.0,0,3,0,0,0,0,285,285,0,63,40,182,0,0,131,154,0,13,13,0,0,7,0,0,0,
Midnight Steward,149960,S,SAMFORD,8,5,0,25.0,0,0,282,0,0,65.8,69.5,79.8,,73.2,72.0,0,0,0,1,24,11.8,2,0,0,3.1,2,0,0,81,2,62,127,0,0,0,0,0,16,127,0,65,28,4,10,0,8,0,0,30,27,15.0
Kobe Stewart,149961,ED,SAMFORD,12,4,0,,0,1,282,0,0,,62.7,79.8,64.0,58.0,47.8,1,9,0,0,,18.2,2,0,0,0.0,0,3,0,0,0,0,136,136,1,7,52,76,0,0,87,49,0,4,5,0,0,13,0,0,0,
John Covert,149972,ED,VA MILT IN,6,1,0,,0,0,336,0,0,,57.6,73.3,56.4,58.5,75.0,0,0,0,0,,0.0,0,0,0,0.0,0,0,0,0,0,0,26,26,0,3,2,21,0,0,5,21,0,1,2,0,0,0,0,0,0,
Jason Johnson,149984,LB,VA MILT IN,6,0,0,100.0,0,0,336,0,0,48.4,40.4,75.1,54.3,42.0,28.5,1,0,0,0,5,36.4,4,0,0,87.5,1,0,0,72,0,15,73,0,0,0,0,0,0,73,5,53,1,1,7,0,1,1,0,5,6,5.0
Shamus Jones,149985,S,VA MILT IN,9,11,0,84.2,0,0,336,0,0,49.9,53.2,86.1,57.0,58.0,43.1,0,1,0,1,51,24.6,17,2,0,125.5,16,0,0,155,17,215,500,5,0,0,5,0,301,495,4,281,22,11,41,3,19,1,4,188,104,11.8
Noel Innocent,149986,CB,VA MILT IN,9,3,0,83.3,0,0,336,0,0,49.5,51.4,80.1,,57.1,29.0,0,0,0,0,29,36.4,4,1,0,158.3,5,0,0,11,123,47,138,3,0,0,3,0,1,135,0,91,0,2,4,1,6,0,2,88,25,17.6
Eric Rankin,149987,LB,VA MILT IN,11,10,1,100.0,0,0,336,0,0,48.0,49.7,23.6,72.2,48.4,50.4,0,0,0,0,14,19.5,8,0,1,98.8,7,4,0,189,2,77,239,39,0,0,39,0,0,200,25,137,9,12,23,1,7,4,0,54,41,7.7
Dorien Starnes,149989,ED,VA MILT IN,10,8,1,100.0,0,0,336,2,0,63.0,55.5,80.6,54.9,53.7,63.5,0,1,0,0,-4,9.5,2,0,0,79.2,1,0,0,0,0,0,175,175,0,16,34,125,0,0,67,108,0,8,11,0,1,1,0,-4,1,-4.0
Terrell Jackson,149991,DI,VA MILT IN,9,5,0,,1,0,336,0,0,60.0,52.3,31.3,53.0,54.9,59.1,0,1,0,0,,8.3,1,0,1,0.0,0,0,0,0,0,0,161,161,3,78,2,78,0,0,57,104,0,3,6,0,0,1,0,0,0,
Hunter Robbins,149994,DI,VA MILT IN,6,0,0,,0,0,336,0,0,,61.9,76.1,58.3,62.0,28.0,0,0,0,0,,50.0,1,0,0,0.0,0,0,0,0,0,0,26,26,19,6,0,1,0,0,4,22,0,1,1,1,0,0,0,0,0,
Caleb Scott,150007,TE,W CAROLINA,3,0,0,0.0,0,0,344,0,0,48.2,56.3,64.6,,79.1,73.1,0,0,0,0,,0.0,0,0,0,39.6,0,0,0,4,0,2,6,0,0,0,0,0,0,6,0,4,0,1,1,1,1,0,0,0,0,
Andreas Keaton,150011,S,W CAROLINA,11,21,0,69.7,0,0,344,0,0,64.6,64.7,52.7,58.4,65.2,84.0,0,0,0,2,33,6.8,5,4,2,80.4,23,0,0,187,4,337,668,37,0,0,37,0,279,631,3,328,159,12,47,1,33,0,1,280,78,12.2
Caleb Fisher,150014,ED,W CAROLINA,3,0,0,,0,0,344,0,0,60.0,60.3,78.2,55.2,71.6,40.7,2,2,0,0,,33.3,1,0,0,0.0,0,0,0,0,0,0,62,62,0,4,41,17,0,0,43,19,0,2,2,2,0,4,0,0,0,
Okachi Emmanwori,150018,CB,WOFFORD,10,2,0,65.4,0,1,350,0,0,61.9,61.6,83.2,56.1,59.3,66.2,0,0,0,0,43,13.3,4,2,0,101.9,17,0,0,31,259,150,316,7,0,0,7,0,6,309,4,162,13,5,24,0,26,0,0,283,81,16.6
Anthonie Lattany,150019,ED,WOFFORD,11,0,0,,0,0,350,0,0,,47.7,42.9,57.5,44.3,75.7,0,1,0,0,,0.0,0,0,1,0.0,0,0,0,0,0,0,195,195,49,23,68,55,0,0,103,92,0,4,4,0,0,1,0,0,0,
Romello Gray,150020,DI,WOFFORD,4,5,0,,0,0,350,0,0,,76.5,80.9,56.0,81.2,65.7,0,0,0,0,,8.3,1,0,0,0.0,0,0,0,0,0,0,92,92,89,3,0,0,0,0,36,56,0,4,6,0,0,0,0,0,0,
Amir Annoor,150037,CB,WOFFORD,10,3,0,65.0,0,0,350,0,0,68.4,70.0,83.1,60.0,73.3,46.0,0,0,0,1,29,28.6,6,3,1,101.7,13,0,0,15,283,153,306,6,0,0,6,0,2,300,1,152,0,2,12,0,20,0,2,158,53,12.2
Isaiah Mananga,150038,S,WOFFORD,11,9,0,71.4,0,0,350,1,0,57.8,61.7,88.1,56.7,65.7,60.7,0,0,0,0,20,17.9,7,0,0,106.3,5,0,0,144,0,144,336,63,0,0,63,0,109,273,8,184,20,11,23,0,7,0,0,75,63,15.0
Damien Curtis,150039,CB,WOFFORD,8,1,0,33.3,0,0,350,0,0,58.1,53.7,77.7,,44.4,79.3,0,0,0,0,12,0.0,0,0,0,46.5,1,0,0,12,63,31,79,2,0,0,2,0,0,77,0,48,2,0,2,0,3,0,0,12,-1,12.0
Eli Purcell,150040,LB,WOFFORD,11,18,0,83.3,1,0,350,0,0,59.0,64.3,55.3,70.0,64.6,54.6,1,4,0,0,18,15.7,14,0,1,87.5,20,2,0,494,0,241,611,55,0,0,54,1,7,556,50,320,55,25,57,2,24,7,0,120,56,6.0
Matthew Clayton,150042,ED,WOFFORD,7,0,0,66.7,0,0,350,0,0,67.1,69.1,80.2,66.2,64.9,54.2,1,2,0,1,48,16.7,1,0,0,70.1,4,0,0,16,0,21,64,33,0,0,33,0,0,31,14,29,15,2,5,0,6,3,0,78,59,19.5
Josh Harris,150047,ED,WOFFORD,1,0,0,,0,0,350,0,0,,60.0,65.2,59.8,,,0,0,0,0,,,0,0,0,0.0,0,0,0,0,0,0,1,1,0,0,1,0,0,0,1,0,0,0,0,0,0,0,0,0,0,
Seth Foster,150048,DI,WOFFORD,11,5,0,,0,0,350,0,0,56.6,71.7,82.9,64.2,73.7,70.9,1,2,0,0,,6.7,1,0,0,0.0,0,1,0,0,0,0,160,160,130,18,7,5,0,0,76,84,0,9,9,1,0,4,0,0,0,
Brandon Maina,150051,DI,WOFFORD,11,10,0,,0,0,350,0,0,71.5,73.5,64.3,60.0,77.2,83.9,1,4,0,0,,0.0,0,0,1,0.0,0,2,0,0,0,0,375,375,257,63,28,27,0,0,182,193,0,16,18,0,0,7,0,0,0,
Marcus Dees,150052,ED,WOFFORD,11,2,0,,0,0,350,0,0,68.3,56.6,81.5,64.4,46.3,80.7,1,6,0,0,,0.0,0,0,0,0.0,0,3,0,2,0,1,192,190,3,18,82,87,0,2,86,105,0,5,6,1,0,10,0,0,0,
B.J. Mayes,150058,CB,INCAR WORD,13,6,1,47.7,0,1,189,0,0,74.5,73.7,25.0,54.7,73.7,76.8,0,1,0,1,27,10.5,6,6,11,59.4,31,0,0,62,722,425,816,15,0,0,15,0,8,801,16,375,9,14,45,3,65,1,1,294,128,9.5
Tiji Paul,150061,CB,INCAR WORD,8,0,0,60.0,0,0,189,0,0,70.1,71.8,81.1,58.9,75.8,57.4,0,0,1,1,50,16.7,2,0,1,87.9,6,0,0,11,195,123,210,1,0,0,1,0,2,209,1,86,1,4,10,1,10,0,1,101,48,16.8
Darius Sanders,150065,S,INCAR WORD,13,4,1,53.8,0,1,189,0,0,67.5,67.4,24.4,77.8,62.2,70.0,2,4,0,0,10,14.3,3,2,1,59.5,7,2,0,103,3,105,262,37,0,0,37,0,2,225,22,135,117,10,14,3,13,8,0,33,40,4.7
Josh Gonzalez,150068,DI,INCAR WORD,2,0,0,,0,0,189,0,0,,72.9,77.0,62.3,73.6,72.4,0,1,0,0,,0.0,0,0,0,0.0,0,0,0,0,0,0,28,28,14,14,0,0,0,0,16,12,0,2,2,2,0,1,0,0,0,
Jalen Mann,150072,S,INCAR WORD,1,0,0,,0,0,189,0,0,,60.0,62.1,59.5,,,0,0,0,0,,,0,0,0,0.0,0,0,0,1,0,0,1,0,0,0,0,0,0,1,1,0,0,0,0,0,0,0,0,0,0,
Richard Akers,150078,CB,MCNEESE,11,5,0,59.5,0,0,217,1,0,68.2,67.4,85.9,45.3,65.0,55.6,0,3,0,0,31,21.4,9,4,2,90.7,22,0,0,30,307,234,478,4,0,0,4,0,2,474,4,240,133,5,28,1,37,3,1,267,86,12.1
Twillie Lovett,150081,CB,MCNEESE,8,1,0,50.0,0,1,217,0,0,50.4,50.4,0.0,59.8,56.9,43.5,0,0,0,0,75,25.0,3,2,1,132.6,8,0,0,6,217,75,224,0,0,0,0,0,0,224,1,148,0,3,8,0,16,0,4,189,81,23.6
Welland Williams,150084,DI,MCNEESE,11,1,0,,0,0,217,0,0,60.1,60.3,82.1,57.6,60.6,61.7,1,4,0,0,,0.0,0,0,0,0.0,0,1,0,1,0,1,299,298,1,152,26,119,0,1,140,158,0,7,10,1,0,6,0,0,0,
Dillon Simon,150087,CB,MCNEESE,1,1,0,100.0,0,0,217,0,0,38.2,42.9,74.0,,56.9,33.4,0,0,0,0,29,33.3,2,0,1,158.3,3,0,0,4,28,8,32,0,0,0,0,0,0,32,0,24,0,0,3,0,3,0,1,48,7,16.0
Thomas Miles,150091,S,MCNEESE,5,1,0,57.1,0,0,217,0,0,64.4,62.7,77.1,,55.3,22.8,0,0,0,2,40,25.0,1,0,0,47.6,4,0,0,11,0,30,47,1,0,0,1,0,20,46,0,17,14,0,2,0,7,0,0,63,31,15.8
Micah Davey,150093,LB,MCNEESE,11,22,0,55.6,0,2,217,1,1,65.4,81.7,87.6,62.0,87.4,80.8,0,3,0,0,18,6.9,5,1,0,79.9,5,2,1,183,0,92,337,122,0,0,122,0,0,215,38,207,31,21,45,6,9,5,0,68,51,13.6
Kylin White,150105,LB,NICHOLLS,10,23,0,76.9,0,0,243,0,0,61.8,69.2,84.5,66.9,71.0,84.0,4,2,0,0,27,6.5,6,0,0,87.3,20,0,0,636,0,328,659,2,0,0,2,0,5,657,27,304,14,31,63,2,26,6,0,132,146,6.6
Elinus Noel III,150107,DI,NICHOLLS,11,15,0,,0,0,243,0,0,70.2,61.3,54.5,60.6,60.6,58.6,2,4,0,0,,12.8,5,0,2,0.0,0,0,0,3,0,0,515,511,396,112,0,3,0,4,259,256,0,12,19,3,0,6,0,0,0,
Tyler Morton,150110,S,NICHOLLS,11,17,0,67.7,0,0,243,0,0,58.9,63.0,88.7,71.0,66.8,48.8,2,0,0,2,51,21.3,19,1,0,106.7,21,1,0,147,9,383,757,4,0,0,4,0,482,753,7,367,113,18,53,2,31,3,4,264,127,12.6
Quinton Sharkey,150124,LB,NICHOLLS,1,1,0,0.0,0,0,243,0,0,68.2,69.7,76.4,63.5,65.7,57.1,0,0,0,0,,14.3,1,1,0,39.6,0,0,0,29,2,20,47,14,0,0,14,0,0,33,5,22,2,2,5,1,2,0,0,0,0,
Jaeden Ward,150131,LB,NWSTATE,10,11,0,100.0,0,0,257,0,0,62.4,67.7,6.8,53.2,72.1,70.5,0,2,0,0,3,12.2,5,0,1,79.2,1,0,0,195,1,73,204,7,0,0,7,0,0,197,8,123,1,17,25,0,1,2,0,3,2,3.0
Tay Coleman,150140,CB,NWSTATE,1,0,0,0.0,0,0,257,0,0,63.3,68.9,71.7,65.9,,,0,0,0,0,,,0,0,0,39.6,0,0,0,0,0,6,7,0,0,0,0,0,0,7,1,0,7,0,0,0,1,0,0,0,0,
Jacob Washington,150142,S,NWSTATE,11,10,1,72.2,0,1,257,1,0,72.2,67.3,39.4,59.8,59.8,66.8,0,0,0,0,71,16.7,12,1,2,133.1,13,0,0,204,17,261,519,3,0,0,3,0,259,516,7,251,36,15,50,4,18,0,2,146,98,11.2
AJ Burns,150143,CB,NWSTATE,3,0,0,100.0,0,0,257,0,0,39.2,38.2,73.5,,53.4,78.8,0,0,0,0,27,0.0,0,0,0,118.8,3,0,0,1,22,7,23,0,0,0,0,0,0,23,0,16,0,1,3,0,3,0,0,47,7,15.7
Ara Rauls III,150144,S,NWSTATE,6,1,0,0.0,0,0,257,0,0,73.9,72.8,77.9,,65.5,65.4,0,0,0,0,,20.0,1,1,0,39.6,0,0,0,16,0,33,57,0,0,0,0,0,34,57,0,24,7,1,3,0,1,0,0,0,0,
Kevin Bickham,150155,ED,SE LA,2,1,0,,0,0,294,0,0,60.0,74.5,74.9,69.5,71.1,78.6,1,0,0,0,,0.0,0,0,0,0.0,0,0,0,9,0,1,28,18,0,1,13,4,0,10,12,15,1,1,3,0,0,1,0,0,0,
Tommy Lee,150156,LB,SE LA,2,0,0,,0,0,294,0,0,60.4,62.6,65.9,,60.0,,0,0,0,0,,,0,0,0,0.0,0,0,0,3,0,2,3,0,0,0,0,0,0,3,0,1,0,0,0,0,0,0,0,0,0,
Markel Linzer,150158,S,SE LA,12,3,0,61.9,0,1,294,0,0,60.7,66.0,88.2,,77.0,69.6,0,1,0,1,69,14.3,6,1,0,116.4,13,0,0,71,0,288,542,1,0,0,1,0,350,541,0,254,119,10,33,3,21,1,2,256,119,19.7
Bauer Sharp,150160,TE,SE LA,1,0,0,,0,0,294,0,0,,60.0,66.0,60.0,,,0,0,0,0,,,0,0,0,0.0,0,0,0,0,0,0,1,1,0,0,1,0,0,0,1,0,0,0,0,0,0,0,0,0,0,
Gage Larvadain,150169,WR,SE LA,1,0,0,,0,0,294,0,0,60.0,60.0,63.1,,,,0,0,0,0,,,0,0,3,0.0,0,0,0,0,0,1,1,0,0,0,0,0,1,1,0,0,0,0,0,0,0,0,0,0,0,
Coryell Pierce,150170,CB,SE LA,6,1,0,57.1,0,0,294,0,0,63.9,66.4,79.6,57.5,70.1,74.8,0,1,0,0,30,0.0,0,1,0,116.7,4,0,0,7,0,19,57,5,0,0,5,0,0,52,2,36,45,0,0,0,7,1,1,46,28,11.5
Jett Booker,150171,WR,SE LA,1,0,0,,0,0,294,0,0,60.0,61.5,62.1,,,,0,0,0,0,,,0,0,0,0.0,0,0,0,1,0,1,1,0,0,0,0,0,0,1,0,0,0,0,0,0,0,0,0,0,0,
Barylre Davenport,150174,ED,CENT ARK,7,0,0,,0,0,132,0,0,,53.9,76.4,57.5,51.9,71.3,0,1,0,0,,0.0,0,0,0,0.0,0,0,0,0,0,0,38,37,0,0,31,6,0,1,24,14,0,1,1,0,0,1,0,0,0,
KeMari Clark,150175,CB,CENT ARK,11,6,0,64.0,0,0,132,0,0,70.8,68.9,86.7,55.0,62.4,53.5,0,0,0,2,32,17.9,5,3,0,65.9,16,0,0,47,7,187,333,28,0,0,28,0,4,305,8,138,246,4,17,0,25,0,1,183,104,11.4
Jake Golday,150178,ED,CENT ARK,11,11,0,80.0,0,1,132,0,0,73.2,70.4,88.1,69.5,63.1,74.8,1,12,0,0,13,8.6,3,0,0,92.5,4,2,0,5,0,21,327,312,0,0,285,27,0,15,147,159,8,16,21,4,5,15,0,31,22,7.8
Jake Meaders,150182,WR,CENT ARK,3,0,0,,0,0,132,0,0,,61.2,60.0,,60.0,,0,0,0,0,,,0,0,0,0.0,0,0,0,0,0,0,3,0,0,0,0,0,0,3,0,3,0,0,0,0,0,0,0,0,0,
Bradley Clark,150190,DI,CENT ARK,10,0,0,,0,0,132,0,0,,71.2,81.6,63.3,72.8,44.0,0,7,0,0,,18.2,2,0,0,0.0,0,1,0,1,0,0,164,163,31,130,0,2,0,1,92,72,0,8,9,0,0,8,0,0,0,
Drake Bradley,150192,DI,CENT ARK,2,0,0,,0,0,132,0,0,,43.3,73.7,55.6,43.2,,0,0,0,0,,,0,0,0,0.0,0,0,0,0,0,0,24,24,0,20,0,4,0,0,9,15,0,0,0,0,0,0,0,0,0,
James Jordan,150193,CB,CENT ARK,11,5,0,47.1,0,0,132,1,0,66.5,61.5,0.0,59.1,47.2,51.2,0,1,0,1,62,19.5,8,4,9,76.8,16,0,0,35,502,321,554,2,0,0,2,0,0,552,1,232,13,5,28,0,34,1,1,310,99,19.4
Robert Springer,150194,CB,MOREHEAD,7,1,0,66.7,0,0,234,0,0,39.6,42.8,2.7,59.6,70.3,31.8,0,1,0,0,66,18.2,2,2,1,149.3,16,0,0,3,237,120,246,0,0,0,0,0,1,246,1,125,3,4,8,0,24,1,4,337,119,21.1
Sean Smith,150200,CB,CENT ARK,10,3,1,30.0,0,0,132,0,0,77.1,77.2,24.9,73.1,74.0,73.2,0,2,0,2,28,7.1,1,5,3,42.7,6,0,0,22,350,188,387,2,0,0,2,0,1,385,3,196,9,3,10,0,20,2,2,105,37,17.5
Will Leota,150201,LB,UTAHTC,10,22,0,87.1,0,0,1285,0,0,58.8,64.7,13.9,72.2,69.3,48.8,0,3,0,1,27,17.9,19,1,4,88.7,27,0,0,444,0,255,511,14,0,1,13,0,5,497,26,230,48,39,65,4,31,3,0,264,209,9.8
Bradley Brown,150203,ED,UTAHTC,11,6,0,0.0,0,0,1285,0,0,50.9,63.2,49.9,61.7,67.8,36.8,4,21,0,0,,23.5,8,0,2,39.6,0,0,0,4,0,12,467,460,0,4,396,60,0,7,241,214,2,14,20,3,2,25,0,0,0,
Max Christensen III,150205,DI,UTAHTC,11,10,1,100.0,0,0,1285,1,0,62.5,59.2,67.1,52.3,63.0,64.5,0,6,0,0,13,3.7,1,0,1,118.8,1,0,0,1,0,0,521,520,40,459,6,15,0,1,270,251,0,14,16,1,1,6,0,13,20,13.0
Darrian Feazell-Tau,150209,LB,UTAHTC,1,0,0,,0,0,1285,0,0,63.9,65.4,71.4,67.5,57.9,77.9,0,0,0,0,,0.0,0,0,0,0.0,0,1,0,18,0,8,19,0,0,0,0,0,0,19,2,9,1,2,2,0,0,1,0,0,0,
Jordan Scott,150221,S,UTAHTC,11,15,0,75.0,0,0,1285,0,0,67.5,63.7,87.3,63.5,52.7,66.6,0,1,0,0,32,13.9,10,0,0,127.8,18,0,0,233,9,373,672,17,0,0,16,1,250,655,13,286,162,10,47,2,24,1,2,204,118,11.3
Jayden Sheridan,150222,CB,UTAHTC,11,6,0,60.4,0,0,1285,0,0,42.2,47.8,85.2,78.5,72.6,72.3,0,0,0,1,45,10.0,4,3,3,112.1,32,2,0,24,472,294,524,3,0,0,3,0,2,521,3,227,22,3,30,0,53,2,3,620,214,19.4
Jagger Williams,150226,S,UTAHTC,9,3,0,60.0,0,0,1285,0,0,70.7,74.7,81.0,67.0,77.7,49.7,0,1,0,1,14,20.0,2,0,0,32.5,3,0,0,33,2,65,119,2,0,0,2,0,26,117,2,52,56,2,5,1,5,1,0,24,25,8.0
Syrus Webster,150230,ED,UTAHTC,11,13,1,50.0,0,2,1285,0,0,62.2,73.2,71.9,73.2,68.6,59.7,4,17,0,0,18,13.3,6,1,1,81.3,1,5,0,4,0,2,564,559,2,25,451,81,0,5,300,262,0,25,26,4,2,26,0,18,19,18.0
Bryant Weekly,150232,S,UTAHTC,4,0,0,,0,0,1285,0,0,66.1,62.8,74.9,,55.1,75.3,0,0,0,0,,0.0,0,0,0,0.0,0,0,0,9,0,12,25,0,0,0,0,0,8,25,0,13,8,0,1,0,0,0,0,0,0,
TK McLendon Jr.,150239,DI,E KENTUCKY,12,14,2,,0,1,159,2,0,64.6,75.2,39.9,67.2,77.3,67.0,1,17,0,0,,8.8,5,0,3,0.0,0,6,0,1,0,2,654,653,8,318,26,301,0,1,311,341,0,30,38,4,0,24,0,0,0,
John Blunt Jr.,150257,CB,E KENTUCKY,12,4,0,59.4,0,1,159,0,0,67.8,65.7,0.0,69.9,64.7,52.9,0,1,0,1,47,22.6,7,3,4,114.1,19,1,0,56,456,239,526,9,0,0,9,0,5,517,5,282,0,5,20,0,32,2,5,276,61,14.5
Gregory Green,150261,ED,E KENTUCKY,4,0,0,,0,0,159,0,0,60.0,65.4,73.8,64.6,61.6,73.3,0,0,0,0,,0.0,0,0,0,0.0,0,0,0,0,0,0,24,24,0,1,9,14,0,0,13,11,0,1,2,0,0,0,0,0,0,
Tray Nunn,150265,LB,E KENTUCKY,3,1,0,0.0,0,0,159,0,0,75.6,70.0,72.7,60.0,54.6,76.3,0,0,0,0,,0.0,0,1,0,39.6,0,0,0,20,0,12,23,0,0,0,0,0,0,23,1,10,3,1,1,0,1,0,0,0,0,
John Mathis,150274,DI,INCAR WORD,7,0,1,,0,0,189,0,0,,80.3,77.1,73.3,77.0,57.8,1,5,0,0,,16.7,1,0,0,0.0,0,1,0,0,0,0,70,70,0,58,2,10,0,0,40,30,0,5,5,1,0,7,0,0,0,
Donovan Adkins,150280,S,SM HOUSTON,9,4,0,50.0,0,1,281,0,0,67.0,71.0,21.4,64.0,79.8,62.8,0,1,0,1,16,15.4,4,3,2,38.4,9,0,0,152,9,176,329,23,0,0,23,0,86,306,8,145,59,4,18,0,18,1,0,77,47,8.6
Matthew Aribisala,150287,DI,SM HOUSTON,6,0,0,,0,0,281,0,0,,70.2,74.2,54.9,76.6,72.4,0,0,0,0,,0.0,0,0,0,0.0,0,0,0,0,0,0,25,25,4,21,0,0,0,0,14,11,0,1,2,0,0,0,0,0,0,
Quan Williams,150288,ED,SM HOUSTON,1,0,0,,0,0,281,0,0,61.6,48.7,72.4,56.7,48.6,74.3,0,0,0,0,,0.0,0,0,0,0.0,0,0,0,1,0,1,12,11,0,1,6,4,0,1,7,4,0,0,1,0,0,0,0,0,0,
Kavian Gaither,150289,LB,SM HOUSTON,9,28,0,70.0,0,0,281,3,0,80.5,81.6,83.7,63.5,80.3,77.2,1,3,0,1,18,9.1,9,0,0,65.3,21,2,0,522,0,292,582,22,0,0,22,0,1,560,51,239,37,39,62,7,30,6,0,135,127,6.4
David Fisher,150294,CB,SM HOUSTON,6,1,0,45.5,0,0,281,0,0,61.7,63.2,82.7,,67.8,86.9,0,0,0,2,47,0.0,0,1,1,82.6,15,0,0,16,245,150,265,0,0,0,0,0,3,265,0,115,1,4,16,2,33,0,3,298,46,19.9
Cameron Plummer,150296,ED,SM HOUSTON,3,1,0,,0,0,281,0,0,68.4,61.9,78.2,54.9,60.9,75.7,0,0,0,0,,0.0,0,0,0,0.0,0,0,0,0,0,0,58,58,0,5,43,10,0,0,33,25,0,2,2,1,0,0,0,0,0,
Caleb Weaver,150298,CB,SM HOUSTON,9,5,1,47.6,0,1,281,0,0,72.4,77.8,86.1,91.5,77.0,82.7,1,2,0,0,31,4.5,1,0,1,58.4,10,2,0,69,19,209,378,7,0,0,7,0,1,371,13,156,282,8,16,1,21,5,0,84,25,8.4
Emon Allen,150299,CB,SM HOUSTON,9,1,0,55.6,0,0,281,0,0,42.8,46.5,79.7,,67.8,73.6,0,0,0,0,29,8.3,1,1,1,100.7,10,0,0,13,115,89,144,0,0,0,0,0,4,144,0,55,12,3,10,0,18,0,1,146,15,14.6
Cole Fuller,150308,LB,JVILLE ST,2,0,0,,0,0,196,1,1,,65.2,60.0,,60.0,,0,0,0,0,,,0,0,0,0.0,0,0,0,0,0,0,2,0,0,0,0,0,0,2,0,2,0,0,0,0,0,0,0,0,0,
Derek Carter Jr.,150315,CB,JVILLE ST,10,4,0,46.7,0,0,196,0,0,61.3,65.7,81.4,74.5,72.3,65.7,2,0,0,0,29,11.8,2,0,0,89.9,7,0,0,26,171,90,209,5,0,0,5,0,0,204,6,113,6,4,11,0,15,2,1,96,38,13.7
Amon Scarbrough,150316,CB,JVILLE ST,7,2,0,80.0,0,0,196,0,0,51.3,51.3,0.0,60.0,58.5,29.0,0,0,0,0,31,36.4,4,1,1,153.3,8,0,0,34,10,58,123,0,0,0,0,0,10,123,1,64,68,1,5,1,10,0,3,113,48,14.1
Jett Smith,150318,S,JVILLE ST,5,0,0,100.0,0,0,196,1,0,65.9,59.7,76.5,,49.7,36.3,0,0,0,0,4,33.3,2,0,0,83.3,1,0,0,12,0,22,46,1,0,0,1,0,27,45,0,24,4,1,4,0,1,0,0,4,5,4.0
Osiris Smith,150319,LB,JVILLE ST,1,0,0,,0,0,196,0,0,,62.3,66.2,,60.3,,0,0,0,0,,,0,0,0,0.0,0,0,0,2,0,0,2,0,0,0,0,0,0,2,0,2,0,0,0,0,0,0,0,0,0,
Slade Alexander,150321,LB,JVILLE ST,10,5,0,33.3,0,0,196,1,0,66.3,55.9,78.7,51.5,50.3,75.6,1,0,0,0,6,5.6,1,0,0,42.4,1,0,0,89,0,40,112,15,0,0,15,0,0,97,12,60,7,6,12,1,3,1,0,6,1,6.0
Mitchell Etheridge III,150326,ED,JVILLE ST,3,1,0,,0,0,196,0,0,,67.7,74.7,63.8,65.7,42.8,0,0,0,0,,33.3,1,0,0,0.0,0,0,0,0,0,0,22,22,0,0,12,10,0,0,7,15,0,1,1,0,0,0,0,0,0,
Christian Murray,150328,LB,JVILLE ST,2,0,0,,0,0,196,0,0,60.0,65.4,69.9,,61.8,,0,0,0,0,,,0,0,0,0.0,0,0,0,6,0,1,6,0,0,0,0,0,0,6,0,5,0,0,0,0,0,0,0,0,0,
Canden Grogan,150353,CB,LAMAR,6,0,0,50.0,0,0,204,0,0,59.9,58.5,76.8,,54.2,28.5,0,0,0,0,13,50.0,1,0,0,70.8,1,0,0,2,45,22,50,1,0,0,1,0,1,49,0,28,1,0,1,0,2,0,0,13,2,13.0
Antorius Hambric Jr.,150358,S,LAMAR,11,8,0,75.0,0,2,204,0,0,69.9,66.2,84.7,64.3,55.5,55.1,0,0,0,0,10,19.5,8,1,0,116.7,9,1,0,117,1,138,251,2,0,0,2,0,87,249,7,106,43,7,25,0,12,1,3,35,30,3.9
Ramond Stevens,150359,CB,LAMAR,11,5,0,56.5,0,0,204,1,0,73.1,71.9,85.4,60.0,57.3,56.0,0,0,0,2,69,16.4,9,7,1,95.7,39,0,0,16,578,352,613,2,0,0,2,0,0,611,1,260,15,15,41,3,69,0,5,570,162,14.6
Caleb Arnold,150360,S,LAMAR,8,17,0,72.0,0,0,204,0,0,66.2,66.1,88.4,60.2,64.9,47.5,1,3,0,0,21,21.8,12,1,0,98.4,18,1,0,65,0,178,359,102,0,0,102,0,0,257,44,137,191,11,26,3,25,5,1,138,88,7.7
Damian Alexander,150361,CB,LAMAR,10,4,0,76.7,0,0,204,0,0,50.9,52.8,84.2,53.0,66.2,49.0,0,1,0,0,40,21.6,8,2,7,143.8,33,0,0,9,373,231,406,1,0,0,1,0,0,405,4,171,23,8,25,0,43,1,5,403,157,12.2
DeMarco Roberts,150362,CB,LAMAR,6,1,1,50.0,0,0,204,0,0,67.5,68.5,80.4,75.0,62.1,56.3,0,0,0,0,11,20.0,3,2,2,78.4,8,0,0,12,163,114,182,0,0,0,0,0,0,182,2,66,6,5,11,1,16,0,1,53,8,6.6
Jaden Harding,150364,CB,LAMAR,5,0,0,66.7,0,0,204,0,0,60.9,62.1,74.4,,62.7,75.1,0,0,0,0,14,0.0,0,1,0,95.1,2,0,0,4,21,12,31,0,0,0,0,0,1,31,0,19,5,0,1,0,3,0,0,27,1,13.5
Seth Johnson,150365,CB,LAMAR,9,2,0,63.6,0,0,204,0,0,47.8,53.9,82.6,,71.1,63.3,0,0,0,0,27,13.3,2,0,1,135.8,7,0,0,36,2,101,177,1,0,0,1,0,26,176,0,76,112,3,11,1,11,0,1,133,15,19.0
AJ Owens,150366,LB,LAMAR,4,6,0,70.0,0,1,204,0,0,57.2,66.8,28.4,71.5,72.6,62.2,0,5,0,0,12,15.8,3,1,1,106.3,7,1,0,51,1,66,193,96,0,0,96,0,0,97,39,88,45,8,10,1,10,6,1,30,26,4.3
Breylon Charles,150369,ED,LAMAR,11,5,1,,0,0,204,2,0,64.2,64.8,17.7,60.3,68.6,40.5,0,5,0,0,,25.0,4,0,2,0.0,0,1,0,2,0,0,222,220,0,26,97,97,0,2,127,95,0,4,7,0,0,6,0,0,0,
Jase Williams,150371,ED,LAMAR,4,1,0,0.0,0,1,204,0,0,61.7,66.6,77.3,69.6,60.1,78.6,0,0,0,0,,0.0,0,0,0,39.6,0,1,0,1,0,5,22,20,0,0,20,0,0,2,8,9,1,2,2,0,1,1,0,0,0,
Jaymond Jackson,150373,ED,LAMAR,11,7,0,50.0,1,1,204,1,0,55.3,62.9,44.6,62.9,67.3,30.4,4,11,0,0,8,29.0,9,0,2,58.3,2,1,0,0,0,10,449,447,0,92,167,188,0,2,248,191,0,11,15,2,4,16,0,14,7,7.0
Blake Gotcher,150375,LB,LAMAR,11,14,0,69.7,0,1,204,0,0,57.3,62.0,53.4,66.4,64.1,50.1,5,4,0,1,83,19.4,12,2,2,128.9,23,1,0,619,3,323,641,2,0,0,2,0,1,639,41,277,16,21,36,4,33,10,4,331,227,14.4
Zac Yassine,150379,DI,SOUTHERN U,12,2,0,,0,0,297,0,0,,53.8,0.0,67.6,55.9,22.5,1,4,0,0,,57.1,4,0,5,0.0,0,0,0,1,0,0,191,190,37,148,0,5,0,1,114,77,0,1,1,0,0,5,0,0,0,
Ayden Bell,150382,DI,LAMAR,11,14,1,,1,0,204,1,0,60.3,63.4,18.1,59.6,69.1,42.3,0,13,0,0,,20.6,7,0,4,0.0,0,0,0,2,0,2,455,452,262,180,4,6,0,3,233,220,0,11,13,1,0,13,0,0,0,
Devon Allen,150387,CB,NORFOLK,8,3,0,75.0,0,0,244,0,0,63.8,60.4,20.6,45.4,53.8,43.1,0,0,0,0,29,29.2,7,2,1,119.5,12,0,0,10,340,161,356,0,0,0,0,0,0,356,1,194,5,4,14,0,16,0,1,131,38,10.9
Steven Ashby,150388,CB,UTAHTC,5,0,0,66.7,0,0,1285,0,0,66.4,70.7,76.9,80.2,63.6,73.5,0,2,0,1,50,0.0,0,0,0,109.7,4,0,0,1,44,22,46,1,0,0,1,0,0,45,2,22,0,0,1,0,6,2,2,103,35,25.8
Gio Hales,150398,LB,NORFOLK,8,3,0,,0,0,244,1,0,63.4,71.4,72.8,,70.8,49.5,0,0,0,0,,21.4,3,0,0,0.0,0,0,0,44,0,4,49,2,0,0,2,0,0,47,0,45,3,8,8,2,0,0,0,0,0,
Levontae Jacobs,150404,DI,NORFOLK,11,8,1,,0,0,244,0,0,60.7,58.3,60.3,61.5,56.5,81.6,1,4,0,0,,0.0,0,0,1,0.0,0,1,0,0,1,1,370,369,38,311,7,13,0,1,167,202,0,10,12,0,0,6,0,0,0,
Shawn Johnson,150405,DI,NORFOLK,9,3,0,,0,0,244,0,0,60.0,56.8,12.8,64.6,56.5,40.9,0,2,0,0,,18.2,2,0,1,0.0,0,0,0,0,0,0,90,90,2,86,0,2,0,0,30,60,0,4,6,0,0,2,0,0,0,
Zion Lewis,150410,CB,NORFOLK,1,0,0,,0,0,244,0,0,,60.1,60.0,,60.0,,0,0,0,0,,,0,0,0,0.0,0,0,0,0,0,0,1,0,0,0,0,0,0,1,0,1,0,0,0,0,0,0,0,0,0,
Kameron Lewis,150411,CB,NORFOLK,1,0,0,,0,0,244,0,0,61.0,64.1,69.3,,60.2,74.8,0,0,0,0,,0.0,0,0,0,0.0,0,0,0,3,0,2,6,0,0,0,0,0,0,6,0,4,3,1,1,0,0,0,0,0,0,
Tyler Long,150412,LB,NORFOLK,11,32,1,83.3,0,0,244,0,0,55.3,71.9,1.3,81.1,77.9,68.1,1,3,0,1,31,12.5,14,0,3,115.4,25,6,0,600,0,267,663,20,0,0,20,0,0,643,49,347,43,51,66,1,30,10,2,291,189,11.6
Collis Pride,150422,WR,NORFOLK,2,0,0,,0,0,244,0,0,,60.0,60.0,,60.0,,0,0,0,0,,,0,0,0,0.0,0,0,0,0,0,0,2,0,0,0,0,0,0,2,0,2,0,0,0,0,0,0,0,0,0,
Pierre Royster,150423,CB,NORFOLK,10,0,0,60.0,0,0,244,0,0,53.6,57.7,82.3,78.1,64.1,64.7,0,0,0,0,26,13.9,5,0,1,96.5,18,1,0,36,223,136,312,3,0,0,3,0,36,309,1,175,12,11,31,1,30,1,2,160,46,8.9
Christian Ruffin,150424,CB,NORFOLK,11,6,0,75.0,0,0,244,0,0,51.8,58.5,0.0,72.9,73.6,61.3,1,1,0,0,31,15.4,2,1,1,152.1,6,1,0,17,1,58,124,2,0,0,2,0,0,122,10,56,102,4,5,0,8,3,1,92,31,15.3
Jayden Smith,150425,CB,NORFOLK,10,2,0,68.8,0,0,244,0,0,50.2,53.3,81.9,55.0,64.9,29.2,0,0,0,0,41,34.8,8,2,3,132.8,11,0,0,25,259,137,289,2,0,0,2,0,0,287,3,149,2,7,13,3,16,0,3,130,58,11.8
Amadeu Vital,150428,DI,NORFOLK,11,5,1,,0,0,244,0,0,54.3,68.7,28.7,63.0,74.6,42.6,4,7,0,0,,17.2,5,0,2,0.0,0,1,0,0,0,0,303,303,27,224,16,36,0,0,147,156,0,14,19,5,0,12,0,0,0,
Matthieu Watts,150431,ED,NORFOLK,8,4,0,100.0,0,0,244,0,0,63.4,47.5,82.6,54.8,42.3,68.5,0,1,0,0,24,0.0,0,0,0,158.3,1,0,0,0,0,5,89,87,0,0,82,5,0,2,27,57,0,1,2,1,1,1,1,24,24,24.0
Jaki Brevard,150439,LB,NC CENT,12,9,0,64.3,1,1,247,0,0,58.3,55.0,0.0,72.2,50.4,47.8,0,8,0,0,26,22.6,14,4,6,90.0,27,3,0,550,0,310,593,15,0,0,15,0,5,578,45,238,23,27,39,6,42,11,1,266,203,9.9
Joaquin Davis,150441,WR,NC CENT,1,0,0,,0,0,247,0,0,,60.0,60.0,,60.0,,0,0,0,0,,,0,0,1,0.0,0,0,0,0,0,0,1,0,0,0,0,0,0,1,0,1,0,0,0,0,0,0,0,0,0,
Dalvin Hall,150448,DI,NC CENT,5,2,0,,0,0,247,0,0,,67.8,78.0,57.6,73.7,75.2,0,2,0,0,,16.7,1,0,0,0.0,0,0,0,0,0,0,77,77,8,69,0,0,0,0,50,27,0,3,3,1,0,2,0,0,0,
Kole Jones,150454,CB,NC CENT,12,7,0,80.0,0,0,247,1,0,80.6,76.6,47.5,51.9,71.4,59.1,2,3,0,1,33,19.2,10,0,2,91.9,24,0,0,105,6,299,527,24,0,0,24,0,4,503,15,213,387,19,35,3,30,5,1,202,140,8.4
Isaiah Lawson,150456,LB,NC CENT,12,7,0,70.6,0,0,247,0,0,60.2,59.1,82.4,53.2,57.8,65.2,0,3,0,1,30,14.0,6,2,1,89.1,24,1,0,207,3,229,366,12,0,0,12,0,5,354,15,122,139,15,30,1,34,4,1,250,126,10.4
Makai McCall,150459,S,NC CENT,5,1,0,100.0,0,0,247,0,0,65.3,63.0,74.3,57.8,60.3,61.0,0,0,0,0,6,14.3,1,0,0,83.3,2,0,0,21,0,14,40,2,0,0,2,0,11,38,2,24,5,2,5,0,2,0,0,8,-2,4.0
Marseille Miller,150462,WR,NC CENT,1,0,0,,0,0,247,0,0,,60.0,60.0,,60.0,,0,0,0,0,,,0,0,0,0.0,0,0,0,0,0,0,1,0,0,0,0,0,0,1,0,1,0,0,0,0,0,0,0,0,0,
Josh Pullen,150468,HB,NC CENT,1,0,0,,0,0,247,0,0,,60.0,60.0,,60.0,,0,0,0,0,,,0,0,0,0.0,0,0,0,0,0,0,1,0,0,0,0,0,0,1,0,1,0,0,0,0,0,0,0,0,0,
Marvin Reed,150469,CB,NC CENT,1,0,0,0.0,0,0,247,0,0,66.8,69.8,74.4,,69.3,76.2,0,0,0,1,,0.0,0,0,0,0.0,0,0,0,0,22,13,22,0,0,0,0,0,0,22,0,9,0,1,2,0,1,0,0,0,0,
Kenneth Royster,150471,DI,NC CENT,6,1,0,,0,0,247,0,0,64.2,74.5,78.0,66.9,68.7,28.7,1,2,0,0,,28.6,2,1,0,0.0,0,0,0,0,0,0,81,80,1,77,0,2,0,1,41,40,0,4,4,0,0,3,0,0,0,
Christian Smith,150478,DI,NC CENT,12,5,0,,0,1,247,1,0,66.1,67.9,84.3,62.1,65.5,62.9,0,11,0,2,,12.0,3,0,0,0.0,0,4,0,0,0,0,445,444,36,389,9,10,0,1,252,193,0,17,17,1,0,15,0,0,0,
Solomon Sutton,150481,LB,NC CENT,1,0,0,0.0,0,0,247,0,0,71.6,83.1,69.6,72.3,73.5,79.5,0,0,0,0,,0.0,0,0,0,39.6,0,1,0,8,0,8,12,0,0,0,0,0,0,12,0,4,3,3,3,0,1,1,0,0,0,
Jalen Thompson,150483,ED,NC CENT,3,0,0,,0,0,247,0,0,,64.0,75.4,55.1,70.0,,0,0,0,0,,,0,0,0,0.0,0,0,0,0,0,0,23,23,0,2,19,2,0,0,15,8,0,0,0,0,0,0,0,0,0,
Max U'Ren,150484,LB,NC CENT,12,14,0,83.3,0,1,247,1,0,73.7,70.4,46.7,50.4,71.9,70.2,1,9,0,0,21,13.8,8,1,1,128.8,10,0,0,499,0,257,520,13,0,0,13,0,0,507,43,220,7,20,36,4,12,10,1,99,32,9.9
Jelani Vassell,150485,S,NC CENT,11,4,0,72.7,0,0,247,0,0,60.3,61.3,81.4,59.1,63.8,32.2,0,0,0,0,14,31.8,7,0,0,93.0,8,0,0,49,0,119,175,0,0,0,0,0,53,175,1,55,72,5,11,0,11,0,0,80,28,10.0
Andre Crawley,150502,WR,MORGAN ST,1,0,0,,0,0,235,0,0,,60.0,60.0,,60.0,,0,0,0,0,,,0,0,1,0.0,0,0,0,0,0,0,1,0,0,0,0,0,0,1,0,1,0,0,0,0,0,0,0,0,0,
Bryan Stukes,150525,CB,MORGAN ST,11,4,0,61.1,1,0,235,0,0,67.1,70.8,84.8,84.1,76.2,90.8,0,0,0,0,31,0.0,0,1,4,116.2,22,2,0,17,431,268,467,6,0,0,6,0,0,461,3,196,13,12,31,0,36,2,4,226,73,10.3
Josh Graham,150527,CB,MORGAN ST,4,1,0,62.5,0,0,235,0,0,50.2,52.2,77.5,,64.3,78.7,0,0,0,0,23,0.0,0,0,0,131.8,5,0,0,0,51,29,58,0,0,0,0,0,0,58,0,29,7,0,2,0,8,0,1,73,39,14.6
Xavier Shell,150528,LB,MORGAN ST,10,11,0,83.3,0,1,235,0,0,61.6,61.8,27.5,57.9,63.3,50.8,0,2,1,1,32,16.7,6,0,1,95.5,10,0,0,300,0,149,323,4,0,0,4,0,0,319,10,164,19,13,19,0,12,2,1,103,72,10.3
Jeremiah Bryant,150529,S,MORGAN ST,2,0,0,100.0,0,0,235,0,0,65.9,54.1,73.3,,38.0,29.2,0,0,0,0,6,50.0,1,0,0,91.7,1,0,0,11,0,19,36,0,0,0,0,0,22,36,0,17,3,0,1,0,1,0,0,6,10,6.0
Erick Hunter,150533,LB,MORGAN ST,11,18,1,55.2,0,1,235,1,0,59.9,71.7,0.0,57.7,87.0,74.9,1,6,0,0,46,9.9,9,2,3,79.7,16,1,0,485,0,280,559,47,0,0,47,0,2,512,49,230,24,36,64,5,29,8,0,220,145,13.8
Jayelin Davis,150536,ED,W CAROLINA,9,1,0,,0,2,344,0,0,,87.9,82.2,72.1,88.1,81.5,0,2,0,0,,0.0,0,0,0,0.0,0,2,0,4,0,0,77,73,0,0,71,2,0,4,31,46,0,3,5,0,0,4,0,0,0,
Kamren Lark,150538,DI,MORGAN ST,9,0,0,,0,0,235,0,0,59.6,61.8,81.1,56.4,64.7,26.2,0,3,0,0,,33.3,1,0,0,0.0,0,0,0,0,0,0,136,136,36,95,0,5,0,0,74,62,0,1,2,0,0,3,0,0,0,
Nana Asante,150540,ED,MORGAN ST,11,6,0,,1,0,235,0,0,71.8,74.3,57.5,73.7,67.6,79.6,4,11,0,0,,5.3,1,0,1,0.0,0,5,0,0,0,2,279,278,0,0,272,6,0,1,168,109,0,13,12,5,0,20,0,0,0,
Nathaniel Spindle,150567,CB,NC A&T,2,0,0,100.0,0,0,246,0,0,51.7,45.6,66.2,,60.0,21.4,0,0,0,0,18,100.0,1,0,0,118.8,1,0,0,2,2,1,4,0,0,0,0,0,0,4,0,3,0,0,0,0,1,0,0,18,19,18.0
Avarion Cole,150570,S,NC A&T,11,7,0,82.4,1,0,246,0,0,60.2,62.2,47.1,58.8,65.9,72.1,0,2,0,2,38,10.5,6,0,2,118.8,14,0,0,283,20,289,536,37,0,0,36,1,127,499,15,232,69,19,44,4,17,2,4,223,105,15.9
Tyquan King,150571,LB,NC A&T,11,20,1,71.9,0,0,246,0,0,69.4,69.1,54.9,72.6,64.9,78.3,6,7,0,1,40,10.0,10,1,1,83.1,23,0,0,625,0,342,672,15,0,0,15,0,2,657,37,293,29,43,70,7,32,13,1,182,151,7.9
Henry Daniel,150574,ED,NC A&T,10,3,0,100.0,0,1,246,0,0,45.6,66.6,36.7,66.4,71.0,61.7,3,7,0,0,15,11.1,2,0,2,118.8,2,4,0,0,0,1,336,335,0,1,300,34,0,1,192,143,0,12,13,2,2,14,0,28,10,14.0
Ty'Quan Kearney,150575,LB,NC A&T,2,0,0,100.0,0,0,246,0,0,60.7,61.9,66.9,,60.0,,0,0,0,0,7,,0,0,0,95.8,1,0,0,5,0,3,5,0,0,0,0,0,0,5,0,2,0,0,0,0,1,0,0,7,8,7.0
Anthony Hairston,150576,DI,NC A&T,5,1,0,,0,0,246,0,0,,64.8,74.7,55.6,69.1,70.2,0,0,0,0,,0.0,0,0,0,0.0,0,0,0,0,0,0,32,32,0,30,0,2,0,0,19,13,0,0,0,0,0,0,0,0,0,
Javon Armstrong-Grady,150578,ED,NC A&T,6,0,0,,0,0,246,0,0,61.3,60.0,0.0,53.5,66.4,74.9,0,0,0,0,,0.0,0,0,1,0.0,0,0,0,1,0,0,46,45,0,0,41,4,0,1,26,20,0,3,3,0,0,0,0,0,0,
Dave Babalola,150668,ED,STF AUSTIN,3,0,0,,0,0,301,0,0,,67.9,72.9,56.5,68.8,,0,0,0,0,,,0,0,0,0.0,0,0,0,0,0,0,11,11,0,1,8,2,0,0,4,7,0,0,0,0,0,0,0,0,0,
Edward Bobino III,150669,DI,STF AUSTIN,11,10,0,,0,0,301,2,0,60.0,84.3,29.4,71.1,90.3,62.7,2,13,0,0,,10.2,5,0,3,0.0,0,3,0,0,0,0,463,463,127,318,1,17,0,0,256,207,0,27,34,8,0,18,0,0,0,
Charles Demmings,150672,CB,STF AUSTIN,11,2,0,53.6,0,0,301,0,0,49.5,53.8,83.0,58.3,76.6,64.8,0,0,0,1,72,15.0,3,2,3,110.7,15,0,0,15,315,197,335,0,0,0,0,0,2,335,1,137,3,3,15,0,28,0,3,290,88,19.3
D'Idric Dugan,150674,ED,STF AUSTIN,4,0,0,,0,0,301,0,0,,54.9,75.4,60.9,51.9,18.4,0,1,0,0,,100.0,1,0,0,0.0,0,0,0,0,0,0,28,28,0,0,20,8,0,0,12,16,0,0,0,0,0,1,0,0,0,
Uzo Ebinama,150675,LB,STF AUSTIN,1,0,0,0.0,0,0,301,0,0,60.3,40.9,64.8,,55.7,,0,0,0,0,,,0,0,0,39.6,0,0,0,4,0,2,4,0,0,0,0,0,0,4,0,2,0,0,0,0,1,0,0,0,0,
Lenard Lemons,150680,CB,STF AUSTIN,6,0,0,40.0,0,0,301,1,0,73.4,74.0,77.1,,69.3,60.4,0,0,0,0,15,25.0,1,1,0,58.8,2,0,0,3,55,26,63,0,0,0,0,0,4,63,0,37,1,2,3,0,5,0,0,28,8,14.0
Cory Butler,150712,CB,MOREHEAD,1,0,0,,0,0,234,0,0,62.4,63.2,69.5,,60.0,,0,0,0,0,,,0,0,0,0.0,0,0,0,0,6,4,6,0,0,0,0,0,0,6,0,2,0,0,0,0,0,0,0,0,0,
Dylan Cook,150713,S,MOREHEAD,5,0,0,100.0,0,0,234,0,0,43.6,47.6,70.7,,62.4,,0,0,0,0,15,,0,0,0,158.3,1,0,0,8,0,4,20,0,0,0,0,0,2,20,0,16,9,0,0,0,1,0,1,15,0,15.0
Coby Nile,150725,DI,MOREHEAD,3,1,0,,0,0,234,0,0,,68.2,73.5,65.5,64.7,69.7,0,1,0,0,,0.0,0,0,0,0.0,0,0,0,0,0,0,19,19,2,17,0,0,0,0,7,12,0,0,0,0,0,1,0,0,0,
Connor Smith,150730,LB,MOREHEAD,2,0,0,100.0,0,0,234,0,0,61.7,65.5,71.1,,62.5,,0,0,0,0,7,,0,0,0,95.8,1,0,0,9,0,5,9,0,0,0,0,0,0,9,0,4,0,0,0,0,1,0,0,7,3,7.0
Ryan Upp,150733,WR,MOREHEAD,1,0,0,,0,0,234,0,0,,60.0,60.0,,60.0,,0,0,0,0,,,0,0,0,0.0,0,0,0,0,0,0,1,0,0,0,0,0,0,1,0,1,0,0,0,0,0,0,0,0,0,
Jordan Adderley,150738,CB,SACR HEART,3,1,0,100.0,0,0,280,0,0,55.4,43.3,76.9,58.9,32.3,78.8,0,0,0,0,20,0.0,0,0,1,118.8,1,0,0,9,0,11,35,4,0,0,4,0,0,31,2,22,22,1,2,0,1,0,0,20,1,20.0
Jordan Campbell,150741,CB,SACR HEART,9,4,0,29.4,0,0,280,0,0,79.6,74.4,0.0,67.0,68.2,62.7,2,2,0,0,50,14.8,4,4,4,42.5,5,0,0,84,1,217,497,105,0,0,104,1,2,392,36,244,305,10,19,5,17,4,0,63,14,12.6
Maximus Mongelli,150773,S,SACR HEART,1,0,0,,0,0,280,0,0,,60.7,68.9,,60.0,,0,0,0,0,,,0,0,0,0.0,0,0,0,2,0,0,5,0,0,0,0,0,3,5,0,5,0,0,0,0,0,0,0,0,0,
Ethan Rodriguez,150779,ED,SACR HEART,2,0,0,,0,0,280,0,0,,74.1,70.4,68.7,66.6,71.5,0,1,0,0,,0.0,0,0,0,0.0,0,0,0,1,0,0,9,7,0,0,6,1,0,2,4,5,0,1,1,1,0,1,0,0,0,
Glenn Wright Jr.,150793,DI,SACR HEART,1,0,0,,0,0,280,0,0,,60.0,64.4,60.0,,,0,0,0,0,,,0,0,0,0.0,0,0,0,0,0,0,1,1,0,1,0,0,0,0,1,0,0,0,0,0,0,0,0,0,0,
Treqwan Thomas,150807,ED,ALABAMA ST,6,2,0,,0,0,105,0,0,60.0,69.6,80.0,68.3,65.0,73.4,1,2,0,0,,0.0,0,0,0,0.0,0,0,0,0,0,0,68,68,0,0,66,2,0,0,32,36,0,0,0,0,0,3,0,0,0,
DeMarkus Cunningham,150809,LB,ALABAMA ST,10,8,0,63.6,1,0,105,0,0,34.3,40.1,0.0,62.7,54.2,76.3,0,1,0,0,22,7.4,2,0,2,80.9,7,0,0,155,0,69,163,2,0,0,2,0,0,161,11,83,6,9,17,2,11,1,0,68,18,9.7
Rhoody Jean-Louis,150810,LB,ALABAMA ST,10,1,0,100.0,0,0,105,0,0,65.6,66.2,76.4,71.1,59.7,71.1,0,3,0,0,20,11.1,2,0,0,107.5,5,1,0,120,0,54,127,1,0,0,1,0,1,126,14,59,4,7,15,0,5,4,0,49,29,9.8
Stefon Young-Rolle,150812,ED,ALABAMA ST,11,8,0,,0,0,105,0,0,61.5,69.9,87.5,59.9,74.9,62.2,4,20,0,0,,17.2,5,0,0,0.0,0,1,0,0,0,0,474,474,0,6,463,5,0,0,264,210,0,10,16,0,0,25,0,0,0,
Christopher Daigre,150831,CB,GRAMBLING,11,5,0,50.0,0,1,177,0,0,67.2,68.6,37.8,51.2,78.4,61.5,0,0,0,0,65,10.0,4,5,4,76.0,23,0,0,43,586,324,635,1,0,0,1,0,0,634,2,309,4,6,31,0,46,0,1,276,128,12.0
Ernest Woods III,150833,CB,ALCORN ST,11,7,0,52.2,0,1,107,0,0,68.7,68.1,86.3,59.4,65.9,64.5,0,2,0,1,44,15.0,6,1,0,62.8,12,0,0,94,1,198,411,19,0,0,19,0,38,392,12,201,259,12,27,0,23,2,1,115,94,9.6
Kobe Towns,150834,S,ALCORN ST,4,0,0,100.0,0,0,107,0,0,58.7,62.1,74.4,,67.2,80.3,0,0,0,0,14,0.0,0,0,0,118.8,1,0,0,4,0,15,21,0,0,0,0,0,10,21,0,6,7,0,3,0,1,0,0,14,0,14.0
Rasul Muhammad,150835,CB,ALCORN ST,5,0,0,62.5,0,0,107,0,0,65.6,62.4,79.5,60.0,47.6,68.9,0,0,0,0,43,12.5,1,0,0,93.2,5,0,0,8,130,70,140,1,0,0,1,0,0,139,1,69,1,0,7,0,8,0,0,75,43,15.0
Sheldon Russ,150836,LB,ALCORN ST,1,0,0,,0,0,107,0,0,62.2,63.4,69.4,59.8,60.0,,0,1,0,0,,,0,0,0,0.0,0,0,0,7,0,5,7,0,0,0,0,0,0,7,1,1,0,0,0,0,0,1,0,0,0,
Jeremias Williams,150837,FB,ALCORN ST,1,0,0,,0,0,107,0,0,60.6,60.3,67.4,59.3,60.0,,0,0,0,0,,,0,0,0,0.0,0,0,0,3,0,2,4,0,0,0,0,0,0,4,1,1,1,0,0,0,0,0,0,0,0,
Mailk Gaither,150838,LB,ALCORN ST,8,1,0,100.0,0,0,107,0,0,60.9,54.0,0.0,58.7,53.5,29.9,0,4,0,0,14,38.5,5,0,1,106.3,2,1,0,83,0,36,96,4,0,0,4,0,0,92,11,49,9,7,7,1,2,5,0,19,13,9.5
Devin Dawson,150840,DI,ALCORN ST,11,5,1,,0,0,107,0,0,68.7,71.6,85.9,68.4,68.7,39.9,0,9,0,0,,15.4,4,0,0,0.0,0,2,0,2,0,1,398,396,248,102,11,35,0,2,197,200,0,16,17,1,0,11,0,0,0,
Cameron Jones,150842,DI,ALCORN ST,1,0,0,,0,0,107,0,0,,51.5,73.1,58.7,51.7,69.7,0,0,0,0,,0.0,0,0,0,0.0,0,0,0,0,0,0,16,16,7,5,1,3,0,0,5,11,0,1,1,0,0,0,0,0,0,
Kam Ingram,150847,HB,BETH COOK,1,1,0,,0,0,119,0,0,,61.7,60.0,,60.0,73.9,0,0,0,0,,0.0,0,0,0,0.0,0,0,0,0,0,0,1,0,0,0,0,0,0,1,0,1,0,0,0,0,0,0,0,0,0,
Eddie Walls III,150853,ED,BETH COOK,8,12,1,,1,1,119,0,0,60.0,75.3,62.9,70.6,75.2,59.2,5,12,0,0,,10.8,4,0,1,0.0,0,4,0,0,0,0,365,364,0,1,340,23,0,1,170,195,1,18,21,1,0,21,0,0,0,
Amarie Jones Jr.,150854,LB,BETH COOK,7,4,0,88.9,0,1,119,1,0,55.1,54.3,80.4,80.9,47.8,68.5,4,1,0,0,23,13.8,4,0,0,106.5,8,1,0,166,0,81,199,15,0,0,15,0,0,184,13,105,18,9,21,1,9,6,0,86,41,10.8
Jayden Loving,150856,DI,BETH COOK,11,9,2,,1,0,119,0,0,62.5,66.7,32.5,58.9,71.4,60.8,1,11,0,0,,10.5,4,0,3,0.0,0,2,0,0,0,0,540,540,41,445,15,39,0,0,258,282,0,18,25,2,0,14,0,0,0,
Winsome Frazier,150867,CB,FL A&M,8,2,0,42.9,0,1,164,0,0,71.4,69.9,80.3,52.7,63.4,58.4,0,0,0,0,23,15.4,2,2,1,94.8,9,0,0,19,185,112,205,0,0,0,0,0,0,205,3,90,1,1,9,0,21,0,3,88,25,9.8
Johnny Chaney Jr.,150871,LB,FL A&M,10,11,0,88.9,0,0,164,0,0,59.6,71.6,42.8,76.9,78.6,88.2,2,11,0,0,30,6.2,4,0,1,98.1,16,2,0,406,1,249,461,10,0,0,10,0,1,451,29,183,43,33,50,4,18,15,0,136,121,8.5
Andre Powell Jr.,150872,S,FL A&M,5,1,0,100.0,0,0,164,0,0,60.7,62.2,75.0,,63.7,49.0,0,0,0,0,18,28.6,2,0,0,104.2,3,0,0,11,2,20,38,0,0,0,0,0,10,38,0,18,14,1,4,1,3,0,0,27,15,9.0
Deondri Clark Jr.,150876,ED,FL A&M,2,0,0,,0,0,164,0,0,,63.8,72.2,63.0,,71.5,0,0,0,0,,,0,0,0,0.0,0,1,0,0,0,0,8,8,0,0,8,0,0,0,8,0,0,1,0,0,0,1,0,0,0,
Ken Pierre-Charles,150895,S,GRAMBLING,3,0,0,,0,0,177,0,0,61.8,62.1,0.0,,71.5,79.3,0,0,0,0,,0.0,0,0,1,0.0,0,0,0,9,0,3,17,0,0,0,0,0,1,17,0,14,7,1,3,0,0,0,0,0,0,
Josh Darling,150898,LB,GRAMBLING,3,0,0,,0,0,177,0,0,62.5,70.4,71.4,,71.6,74.8,0,0,0,0,,0.0,0,0,0,0.0,0,0,0,18,0,10,18,0,0,0,0,0,0,18,0,8,0,1,1,0,0,0,0,0,0,
J'Cobe Scott,150900,DI,GRAMBLING,6,1,0,,0,0,177,0,0,,52.4,7.2,59.9,53.6,69.7,0,2,0,0,,0.0,0,0,1,0.0,0,0,0,0,0,0,78,78,9,64,1,4,0,0,35,43,0,0,0,0,0,2,0,0,0,
Jaden Hardy,150904,DI,GRAMBLING,2,0,0,,0,0,177,0,0,,65.6,70.7,57.8,65.7,69.7,0,0,0,0,,0.0,0,0,0,0.0,0,0,0,0,0,0,8,8,1,6,1,0,0,0,5,3,0,1,1,0,0,0,0,0,0,
Horacio Johnson,150912,S,SOUTHERN U,3,1,0,100.0,0,0,297,0,0,47.3,48.8,75.2,56.7,63.4,74.3,0,1,0,0,41,0.0,0,0,0,118.8,1,0,0,4,0,20,28,1,0,0,1,0,11,27,1,7,12,0,0,0,1,1,0,41,8,41.0
Jeremiah Brown,150923,ED,JACKSON ST,13,4,1,,0,1,194,1,0,54.6,64.8,21.1,73.4,58.9,51.8,7,20,0,0,,19.0,8,0,4,0.0,0,7,0,36,0,16,539,494,1,0,484,9,0,45,296,227,4,28,30,5,0,34,0,0,0,
Frankie Dunn Jr.,150925,CB,JACKSON ST,2,0,0,0.0,0,0,194,0,0,67.8,68.5,70.9,,60.0,,0,0,0,0,,,0,1,0,39.6,0,0,0,0,10,7,10,0,0,0,0,0,0,10,0,3,0,0,0,0,2,0,0,0,0,
KaTron Evans,150926,DI,JACKSON ST,6,2,0,,0,0,194,0,0,60.0,65.2,77.3,53.0,67.9,29.9,0,1,0,0,,33.3,2,0,0,0.0,0,0,0,0,0,0,38,38,18,20,0,0,0,0,11,27,0,0,2,0,0,1,0,0,0,
Baron Hopson,150929,LB,JACKSON ST,13,8,0,75.0,0,4,194,0,0,63.0,76.0,81.8,73.8,76.7,66.0,4,7,0,0,23,10.9,6,3,0,89.6,9,5,1,320,0,121,348,9,0,0,9,0,0,339,59,168,19,31,41,5,12,16,0,72,73,8.0
Jency Riley Jr.,150935,TE,JACKSON ST,1,0,0,,0,0,194,0,0,,60.0,60.0,,60.0,,0,0,0,0,,,0,0,0,0.0,0,0,0,0,0,0,1,0,0,0,0,0,0,1,0,1,0,0,0,0,0,0,0,0,0,
Cam'Ron Silmon-Craig,150938,S,JACKSON ST,13,13,0,53.3,0,0,194,1,0,90.1,76.9,86.4,55.8,55.9,41.7,1,7,0,2,43,24.4,20,2,0,37.8,8,2,0,344,3,357,745,49,0,0,49,0,271,696,57,331,77,26,49,2,15,10,0,111,68,13.9
Ke'Vric Wiggins Jr.,150947,CB,JACKSON ST,11,0,0,30.6,1,0,194,0,0,70.4,71.8,83.1,,74.1,47.2,0,0,1,1,24,18.8,3,4,4,37.7,11,0,0,16,298,200,336,0,0,0,0,0,2,336,0,136,19,3,13,0,36,0,1,108,22,9.8
Jeremiah Williams,150948,DI,JACKSON ST,13,13,0,,0,0,194,2,0,67.7,82.6,85.2,76.2,78.6,74.7,2,17,0,0,,5.0,2,0,0,0.0,0,2,0,2,0,0,370,368,77,269,3,19,0,2,198,172,0,21,25,0,0,21,0,0,0,
Macarius Blount,150957,CB,ALCORN ST,11,6,0,64.3,1,0,107,0,0,63.4,61.9,0.0,51.0,68.9,62.4,0,2,0,0,26,14.3,3,1,2,80.5,18,0,0,19,0,174,288,7,0,0,7,0,1,281,9,105,261,8,12,2,28,2,0,167,71,9.3
Tavarian McCullum,150958,S,ALCORN ST,11,7,0,75.0,0,0,107,0,0,71.3,66.3,8.0,45.0,62.7,58.9,0,3,0,2,42,14.0,7,0,2,56.0,12,0,0,188,3,288,554,21,0,0,21,0,181,533,7,259,161,12,36,0,16,3,0,119,37,9.9
Christopher Grant,150964,DI,BETH COOK,9,3,0,0.0,0,0,119,0,0,61.7,54.8,26.3,56.3,55.4,56.2,0,4,0,0,,14.3,1,0,1,39.6,0,0,0,0,0,0,130,130,5,123,1,1,0,0,64,66,0,2,3,0,1,4,0,0,0,
Benjamin Chombe,150969,S,BETH COOK,7,1,0,100.0,0,0,119,0,0,53.8,43.3,74.0,67.6,35.4,78.0,0,2,0,0,16,0.0,0,0,0,158.3,1,0,0,34,1,9,43,4,0,0,4,0,0,39,7,27,2,0,2,0,1,2,1,16,0,16.0
Conroy Cunningham II,150970,ED,BETH COOK,11,7,0,100.0,1,0,119,0,0,60.2,61.6,66.5,54.5,66.5,68.5,1,14,0,0,3,12.5,4,0,1,79.2,1,0,0,5,0,2,408,399,0,3,371,25,0,9,188,218,4,18,21,3,1,15,0,3,2,3.0
Jarell Knight,150973,ED,BETH COOK,3,0,0,,0,0,119,0,0,,43.5,73.3,60.0,44.6,18.4,0,0,0,0,,100.0,1,0,0,0.0,0,0,0,0,0,0,14,14,0,0,11,3,0,0,1,13,0,0,0,0,0,0,0,0,0,
Reginald Pearson,150974,DI,BETH COOK,3,0,1,,0,0,119,0,0,,76.6,0.0,92.0,66.6,63.7,0,6,0,0,,12.5,1,0,2,0.0,0,2,0,0,0,0,97,97,5,89,0,3,0,0,33,64,0,7,7,1,0,8,0,0,0,
John Huggins,150982,S,JACKSON ST,9,3,0,44.4,0,0,194,0,0,85.8,85.9,83.0,76.4,80.8,65.9,2,4,1,1,74,12.9,4,2,0,61.8,8,2,1,145,6,173,309,24,0,0,24,0,65,285,21,115,69,20,24,4,18,8,1,118,90,14.8
Ben Onwuzo,150993,S,FL A&M,2,1,0,,0,0,164,0,0,58.4,56.6,72.8,,56.6,62.5,0,0,0,0,,25.0,1,0,0,0.0,0,0,0,2,0,7,12,0,0,0,0,0,4,12,0,5,6,0,2,0,0,0,0,0,0,
Lerodrick James,150994,ED,FL A&M,3,0,0,,0,0,164,0,0,,56.3,72.3,56.2,,,0,0,0,0,,,0,0,0,0.0,0,0,0,0,0,0,8,8,0,0,8,0,0,0,8,0,0,0,0,0,0,0,0,0,0,
Tevin Griffey,150995,CB,FL A&M,2,0,0,50.0,0,0,164,0,0,71.4,72.4,73.8,,63.1,76.6,0,0,0,0,1,0.0,0,0,0,56.3,1,0,0,0,22,20,23,0,0,0,0,0,1,23,0,3,0,1,2,0,2,0,0,1,1,1.0
Gentle Hunt,150996,DI,FL A&M,10,5,0,,0,0,164,1,0,60.0,78.2,37.2,70.1,82.8,72.6,1,18,0,0,,7.1,2,0,2,0.0,0,2,0,2,0,0,359,357,66,253,3,35,0,2,227,132,0,16,21,3,0,21,0,0,0,
Malcolm Moultrie,150997,DI,W ILLINOIS,6,2,0,,0,0,345,0,0,,59.0,80.1,55.6,60.2,75.2,0,0,0,0,,0.0,0,0,0,0.0,0,0,0,0,0,0,62,62,54,7,0,1,0,0,28,34,0,1,2,0,0,0,0,0,0,
Stanley Mentor,151004,DI,FL A&M,11,9,0,,0,0,164,0,0,62.4,73.4,84.6,66.1,73.2,80.7,0,14,0,0,,0.0,0,0,0,0.0,0,0,0,0,0,0,378,378,47,290,2,39,0,0,231,147,0,6,8,2,0,14,0,0,0,
Terry Lindsey,151017,HB,BETH COOK,1,0,0,,0,0,119,0,0,,60.0,60.0,60.0,,,0,0,0,0,,,0,0,0,0.0,0,0,0,0,0,0,1,0,0,0,0,0,0,1,1,0,0,0,0,0,0,0,0,0,0,
Dacarri Allen-Johnson,151022,WR,BETH COOK,1,0,0,,1,0,119,0,0,62.8,64.5,60.0,,,70.3,0,0,0,0,,0.0,0,0,2,0.0,0,0,0,0,0,1,1,0,0,0,0,0,0,1,0,0,0,0,1,0,0,0,0,0,0,
Darnell Deas,151023,CB,BETH COOK,11,2,0,58.3,1,0,119,0,0,63.6,61.1,81.6,58.3,51.8,51.2,0,0,1,1,25,23.1,3,1,1,68.8,7,0,0,29,3,80,154,1,0,0,1,0,7,153,2,72,113,4,8,0,12,0,1,72,30,10.3
Jalen Christian,151024,S,BETH COOK,3,1,0,,0,0,119,0,0,57.7,58.8,73.8,,60.9,31.1,0,0,0,0,,50.0,2,0,0,0.0,0,0,0,9,0,14,25,0,0,0,0,0,14,25,0,11,2,0,1,0,0,0,0,0,0,
Mason Hall,151028,ED,BETH COOK,9,7,0,,0,0,119,1,0,58.3,62.4,85.6,64.5,59.1,45.5,1,9,0,0,,21.4,6,0,0,0.0,0,4,0,1,0,2,365,364,9,71,229,55,0,1,149,214,0,13,15,0,0,14,0,0,0,
Jayden Chalmers,151041,CB,CAMPBELL,3,0,0,0.0,0,0,131,0,0,65.1,65.3,73.8,59.5,60.0,,0,0,0,0,,,0,0,0,39.6,0,0,0,0,11,8,13,2,0,0,2,0,0,11,1,4,0,0,0,0,1,0,0,0,0,
T.J. Lockley,151048,WR,JVILLE ST,1,0,0,,0,1,196,0,0,99.9,87.0,60.0,60.0,,68.4,0,0,0,0,,0.0,0,0,0,0.0,0,0,0,0,0,0,1,0,0,0,0,0,0,1,1,0,0,0,1,0,0,0,0,0,0,
Kade Barnes,151123,LB,YALE,2,0,0,100.0,0,0,352,0,0,56.4,56.3,73.3,,57.9,78.7,0,0,0,0,11,0.0,0,0,0,139.6,2,0,0,22,9,11,31,0,0,0,0,0,0,31,0,20,0,1,4,0,2,0,1,16,0,8.0
Nathaniel Campbell,151124,LB,YALE,1,0,0,,0,0,352,0,0,,48.2,60.0,,53.0,21.7,0,0,0,0,,50.0,1,0,0,0.0,0,0,0,0,0,0,1,0,0,0,0,0,0,1,0,1,0,1,1,0,0,0,0,0,0,
Zion Dayne,151125,ED,YALE,3,0,0,,0,0,352,0,0,,53.3,76.4,53.3,56.4,23.0,0,0,0,0,,50.0,1,0,0,0.0,0,0,0,0,0,0,26,26,1,0,23,2,0,0,14,12,0,1,1,0,0,0,0,0,0,
Teo Falk,151126,DI,YALE,2,0,0,,0,0,352,0,0,,62.7,71.1,58.7,62.8,,0,0,0,0,,,0,0,0,0.0,0,0,0,0,0,0,10,10,0,10,0,0,0,0,3,7,0,0,0,0,0,0,0,0,0,
Ryan Lindley,151127,WR,YALE,1,0,0,,0,0,352,0,0,,60.0,60.0,,60.0,,0,0,0,0,,,0,0,0,0.0,0,0,0,0,0,0,1,0,0,0,0,0,0,1,0,1,0,0,0,0,0,0,0,0,0,
Mitchell Tyler,151134,ED,YALE,1,0,0,,0,0,352,0,0,,69.0,70.9,59.7,67.2,71.1,0,0,0,0,,0.0,0,0,0,0.0,0,0,0,0,0,0,6,6,0,0,6,0,0,0,1,5,0,0,1,0,0,0,0,0,0,
Inumidun Ayo-Durojaiye,151136,S,YALE,10,13,0,86.7,0,0,352,0,0,83.1,82.7,84.9,56.1,87.0,72.5,2,2,0,0,64,11.4,4,0,0,128.3,13,1,0,108,10,189,386,27,0,0,27,0,0,359,28,169,241,8,18,3,15,5,1,142,134,10.9
Ryan Belk,151137,TE,YALE,1,0,0,,0,0,352,0,0,,60.0,60.0,,60.0,,0,0,0,0,,,0,0,0,0.0,0,0,0,0,0,0,1,0,0,0,0,0,0,1,0,1,0,0,0,0,0,0,0,0,0,
Jacob Biggs,151138,LB,YALE,5,1,0,0.0,1,0,352,0,0,53.1,53.9,0.0,56.3,68.5,79.7,1,0,0,0,,0.0,0,0,1,39.6,0,0,0,35,0,17,41,4,0,0,4,0,0,37,5,19,1,0,3,0,1,1,0,0,0,
Nathan Denney,151139,HB,YALE,1,0,0,,0,0,352,0,0,,60.0,60.0,,60.0,,0,0,0,0,,,0,0,0,0.0,0,0,0,0,0,0,1,0,0,0,0,0,0,1,0,1,0,0,0,0,0,0,0,0,0,
Joseph Gonzales,151142,CB,YALE,1,0,0,,0,0,352,0,0,60.9,60.5,67.4,,,,0,0,0,0,,,0,0,0,0.0,0,0,0,0,0,2,2,0,0,0,0,0,2,2,0,0,0,0,0,0,0,0,0,0,0,
Alvin Gulley Jr.,151143,DI,YALE,10,5,2,,0,0,352,0,0,55.7,67.3,0.0,69.6,77.0,44.5,1,8,0,0,,16.7,3,0,6,0.0,0,1,0,1,0,5,338,337,49,268,2,18,0,1,220,113,0,10,10,4,0,10,0,0,0,
Sean Guyton,151144,CB,YALE,10,4,0,69.0,0,0,352,0,0,83.1,80.6,85.1,58.0,64.1,85.2,0,2,0,2,44,4.3,2,6,0,80.6,40,1,0,44,326,325,495,6,0,0,6,0,14,489,13,157,105,12,40,2,58,3,1,413,137,10.3
Zack Haaland,151145,S,YALE,3,0,0,0.0,0,0,352,0,0,64.3,66.1,72.4,,61.5,76.2,0,0,0,0,,0.0,0,0,0,39.6,0,0,0,4,0,11,17,0,0,0,0,0,10,17,0,6,3,0,1,0,1,0,0,0,0,
Kevin Jourdain,151148,DI,YALE,4,0,0,,0,0,352,1,0,,48.3,77.1,61.1,41.0,,0,1,0,0,,,0,0,0,0.0,0,0,0,0,0,0,64,64,7,57,0,0,0,0,37,27,0,0,0,0,0,1,0,0,0,
Tamatoa McDonough,151151,ED,YALE,10,1,0,,1,0,352,0,0,57.7,69.8,43.4,72.0,63.3,65.0,1,14,0,0,,20.0,1,0,1,0.0,0,3,1,2,0,2,185,183,0,38,134,11,0,2,144,39,0,6,3,1,0,18,0,0,0,
Jack Michalik,151152,ED,YALE,1,0,0,,0,0,352,0,0,,58.0,70.7,57.3,60.0,,0,0,0,0,,,0,0,0,0.0,0,0,0,0,0,0,5,5,0,0,5,0,0,0,3,2,0,0,0,0,0,0,0,0,0,
Wyatt Raymond,151154,ED,YALE,1,0,0,,0,0,352,0,0,,57.3,68.5,57.3,,,0,0,0,0,,,0,0,0,0.0,0,0,0,0,0,0,3,3,0,0,3,0,0,0,3,0,0,0,0,0,0,0,0,0,0,
Dean Shaffer,151157,LB,YALE,7,3,0,100.0,0,0,352,0,0,51.9,67.7,75.9,,79.4,61.2,0,0,0,0,16,18.2,2,0,0,118.8,2,0,0,89,0,44,90,1,0,0,1,0,0,89,0,46,0,5,6,0,2,0,0,26,8,13.0
Brad Robinson,151170,DI,ABILENE CH,1,0,0,,0,0,100,0,0,,60.7,66.6,60.0,60.0,,0,0,0,0,,,0,0,0,0.0,0,0,0,0,0,0,2,2,0,2,0,0,0,0,1,1,0,0,0,0,0,0,0,0,0,
Jailen Dixon,151174,LB,ABILENE CH,1,0,0,,0,0,100,0,0,,60.0,60.0,,60.0,,0,0,0,0,,,0,0,0,0.0,0,0,0,0,0,0,1,0,0,0,0,0,0,1,0,1,0,0,0,0,0,0,0,0,0,
Cirby Coheley,151178,LB,ABILENE CH,7,5,0,75.0,0,0,100,0,0,62.5,59.8,79.6,68.6,52.7,86.8,0,2,0,0,27,0.0,0,0,0,95.3,6,1,0,141,0,74,159,10,0,0,10,0,0,149,14,71,8,9,12,0,8,3,0,59,60,9.8
Landon Eades,151186,DI,ABILENE CH,5,0,0,,0,0,100,0,0,,59.5,77.8,62.9,55.8,22.3,0,2,0,0,,50.0,1,0,0,0.0,0,0,0,0,0,0,64,64,13,51,0,0,0,0,36,28,0,1,1,0,0,2,0,0,0,
Dishon Hall II,151189,CB,ABILENE CH,1,0,0,,0,0,100,0,0,61.2,62.0,67.3,,60.0,,0,0,0,0,,,0,0,0,0.0,0,0,0,0,3,2,3,0,0,0,0,0,0,3,0,1,0,0,0,0,0,0,0,0,0,
Kyle Pointer,151195,LB,ABILENE CH,1,1,0,,0,0,100,0,0,60.2,73.6,67.3,,65.3,73.2,0,0,0,0,,0.0,0,0,0,0.0,0,0,0,3,0,2,3,0,0,0,0,0,0,3,0,1,0,0,0,0,0,0,0,0,0,
Jamal Marshall,151199,CB,GEORGETOWN,3,1,0,66.7,0,0,172,0,0,49.9,58.3,76.1,,68.7,61.5,0,0,0,0,8,25.0,1,0,0,79.9,2,0,0,9,1,8,38,0,0,0,0,0,7,38,0,30,21,1,2,0,3,0,0,16,22,8.0
Tyrin Bradley,151205,ED,ABILENE CH,11,11,1,83.3,0,1,100,0,0,69.6,68.9,44.2,70.4,64.2,63.9,7,32,0,0,25,8.9,4,0,3,158.3,5,3,0,7,1,18,622,613,0,29,505,79,0,9,354,250,0,26,30,8,6,42,1,90,57,18.0
Ethan Taite,151211,LB,ABILENE CH,9,0,0,70.0,0,0,100,0,0,62.5,62.7,77.0,59.8,62.0,82.5,0,1,0,0,20,0.0,0,1,0,80.8,7,0,0,94,3,76,106,4,0,0,4,0,1,102,7,23,3,4,7,0,10,1,0,49,13,7.0
Tyler Boone,151220,LB,MURRAY ST,1,0,0,,0,0,236,0,0,,60.0,62.1,,60.0,,0,0,0,0,,,0,0,0,0.0,0,0,0,1,0,0,1,0,0,0,0,0,0,1,0,1,0,0,0,0,0,0,0,0,0,
Tony Davis,151221,DI,MURRAY ST,1,1,0,,0,0,236,0,0,,61.3,74.7,56.8,62.8,72.4,0,1,0,0,,0.0,0,0,0,0.0,0,0,0,0,0,0,19,19,16,3,0,0,0,0,8,11,0,1,1,0,0,1,0,0,0,
Donovan McBride,151226,DI,MURRAY ST,10,1,0,,0,0,236,1,0,63.9,61.1,55.1,57.2,62.0,75.8,0,0,0,0,,0.0,0,0,1,0.0,0,0,0,0,0,0,251,251,217,34,0,0,0,0,109,142,0,3,5,2,0,0,0,0,0,
Wesley Haddox,151228,S,MURRAY ST,2,0,0,,0,0,236,0,0,60.0,60.5,73.7,,60.0,,0,0,0,0,,,0,0,0,0.0,0,0,0,0,1,1,2,0,0,0,0,0,0,2,0,1,0,0,0,0,0,0,0,0,0,
Matthew Baker,151230,ED,MURRAY ST,1,0,0,,0,0,236,0,0,,57.6,66.0,57.5,60.0,,0,0,0,0,,,0,0,0,0.0,0,0,0,0,0,0,3,2,0,0,2,0,0,1,2,1,0,0,0,0,0,0,0,0,0,
Jhadyn Fridge,151233,CB,MURRAY ST,2,0,0,,0,0,236,0,0,62.5,55.5,70.8,,49.6,26.4,0,0,0,0,,66.7,2,0,0,0.0,0,0,0,4,9,4,15,0,0,0,0,0,0,15,0,11,2,1,1,0,0,0,0,0,0,
Dimonyai Lacey,151236,DI,MURRAY ST,10,2,0,,0,1,236,0,0,60.0,37.9,12.7,58.9,34.7,45.2,0,2,0,0,,20.0,1,0,2,0.0,0,2,0,0,0,0,198,198,27,110,0,61,0,0,94,104,0,2,2,0,0,4,0,0,0,
Tameron Williams,151240,CB,MURRAY ST,1,0,0,,0,0,236,0,0,,59.9,67.7,59.7,60.0,,0,0,0,0,,,0,0,0,0.0,0,0,0,1,4,0,5,0,0,0,0,0,0,5,1,4,0,0,0,0,0,0,0,0,0,
Chauncey Kratee,151244,DI,ST FRANCIS,9,3,2,,0,0,299,0,0,61.2,58.7,79.9,66.6,52.7,57.1,1,1,0,0,,16.7,1,0,0,0.0,0,1,0,1,1,2,100,97,50,45,1,1,0,3,41,57,0,1,2,0,0,3,0,0,0,
Willie O'Hara,151261,LB,ST FRANCIS,12,17,0,69.2,0,0,299,1,0,54.1,65.4,87.2,52.4,75.4,71.3,0,8,0,1,24,11.0,10,1,1,81.1,18,0,0,309,0,144,506,100,0,0,100,0,0,406,72,290,94,26,64,4,26,8,1,153,129,8.5
Giambi Nesbitt,151262,DI,ST FRANCIS,2,0,0,,0,0,299,0,0,62.3,56.0,75.2,62.9,41.0,72.4,0,0,0,0,,0.0,0,0,0,0.0,0,1,0,1,0,0,23,22,8,14,0,0,0,1,10,13,0,2,1,0,0,1,0,0,0,
Jack Courtney,151263,ED,ST FRANCIS,12,4,0,,0,0,299,0,0,68.3,66.7,40.1,52.6,69.0,50.4,1,5,1,1,,18.2,2,0,1,0.0,0,0,0,1,0,0,189,188,0,53,76,59,0,1,100,89,0,3,5,1,0,6,0,0,0,
Kameron Blevins,151265,WR,ST FRANCIS,3,0,0,,0,0,299,0,0,90.5,79.0,60.1,,60.0,68.4,0,0,0,0,,0.0,0,0,0,0.0,0,0,0,0,0,1,3,0,0,0,0,0,0,3,0,2,0,1,1,0,0,0,0,0,0,
Mason Frye,151271,S,ST FRANCIS,8,0,0,,0,1,299,0,0,66.1,72.0,77.6,79.4,67.4,63.8,0,0,0,0,,16.7,1,0,0,0.0,0,1,0,8,0,17,43,0,0,0,0,0,32,43,0,26,2,1,5,0,0,1,0,0,0,
Nathaniel Frye,151272,S,ST FRANCIS,10,2,0,100.0,0,1,299,0,0,49.2,46.8,79.2,,43.8,26.9,0,0,0,0,14,45.5,5,0,0,118.8,1,0,0,14,0,30,79,0,0,0,0,0,46,79,0,49,16,1,4,1,1,0,0,14,2,14.0
Di'Moni Dickerson,151288,ED,ST FRANCIS,3,1,0,,0,0,299,0,0,60.0,62.2,72.9,60.0,60.2,71.1,0,0,0,0,,0.0,0,0,0,0.0,0,0,0,0,0,1,14,14,0,7,7,0,0,0,1,12,0,0,0,0,0,0,0,0,0,
Langston Ross,151294,DI,ST FRANCIS,11,4,0,,0,0,299,0,0,59.3,69.5,79.4,65.5,69.3,55.2,0,1,0,0,,16.7,2,0,0,0.0,0,1,0,0,0,1,142,141,4,77,5,55,0,1,59,82,0,5,6,0,0,2,0,0,0,
Eddie Bierals,151295,DI,ST FRANCIS,12,8,1,,1,0,299,0,0,66.3,69.4,39.5,66.5,69.0,43.9,2,22,0,0,,19.4,6,0,3,0.0,0,2,0,1,0,0,640,638,38,381,13,206,0,2,344,296,0,13,17,4,0,26,0,0,0,
Casey McKinney,151296,WR,ST FRANCIS,4,0,0,,0,0,299,0,0,60.0,63.8,60.0,,62.1,70.3,0,0,0,0,,0.0,0,0,0,0.0,0,0,0,0,0,1,4,0,0,0,0,0,0,4,0,3,0,0,1,0,0,0,0,0,0,
Kesean Dyson,151297,CB,ST FRANCIS,11,6,1,58.3,0,0,299,0,0,66.3,64.9,90.4,57.7,63.7,58.7,1,5,0,0,14,20.0,5,1,0,68.1,7,1,0,34,5,100,366,120,0,0,120,0,0,246,64,202,206,6,14,1,12,7,0,50,27,7.1
Larmar Frazier,151301,S,ST FRANCIS,11,1,0,55.6,0,0,299,0,0,52.0,53.1,84.7,60.1,50.2,45.5,1,0,0,0,12,25.0,4,0,1,70.1,5,0,0,38,7,185,265,0,0,0,0,0,180,265,0,80,37,4,11,0,9,1,0,47,19,9.4
Kennyth Kennedy,151305,CB,ST FRANCIS,1,0,0,50.0,0,0,299,0,0,66.5,66.9,75.2,,61.7,74.2,0,0,0,0,39,0.0,0,1,0,95.8,1,0,0,2,34,26,37,0,0,0,0,0,0,37,0,11,1,0,1,0,2,0,0,39,2,39.0
Nico Nuzzo,151307,LB,ST FRANCIS,2,0,0,,0,0,299,0,0,,59.2,60.0,60.0,60.0,,0,0,0,0,,,0,0,0,0.0,0,0,0,0,0,0,2,0,0,0,0,0,0,2,1,1,0,0,0,0,0,0,0,0,0,
Gregory Reddick,151310,S,ST FRANCIS,9,16,0,80.0,0,1,299,0,0,87.1,89.7,40.8,,90.3,87.8,0,0,0,1,41,7.9,7,4,1,109.7,20,0,0,136,9,288,543,1,0,0,1,0,334,542,0,255,63,24,66,4,25,0,2,198,67,9.9
Artest Banks,151558,CB,CENT CT ST,11,7,0,65.0,0,0,133,0,0,51.5,59.7,89.3,58.5,74.0,67.8,1,8,0,0,37,12.8,6,1,0,90.3,26,0,0,103,1,243,537,114,0,0,114,0,1,423,44,250,318,20,34,4,40,9,1,247,121,9.5
Sam Arkuwoille,151699,ED,DELWARE ST,3,0,0,,0,0,152,0,0,,63.6,73.0,56.3,66.1,,0,0,0,0,,,0,0,0,0.0,0,0,0,0,0,0,15,15,1,6,2,6,0,0,8,7,0,0,0,0,0,0,0,0,0,
Jasiyah Brooks,151701,LB,DELWARE ST,3,1,0,,0,0,152,0,0,64.4,72.9,76.3,78.4,62.6,75.2,0,1,0,0,,0.0,0,0,0,0.0,0,0,0,4,0,10,16,6,0,0,6,0,0,10,3,3,6,0,0,0,0,1,0,0,0,
Darren Cook,151706,DI,DELWARE ST,10,0,0,,0,1,152,0,0,63.9,64.9,47.6,66.5,63.1,78.0,0,4,0,0,,0.0,0,0,1,0.0,0,2,0,0,0,2,201,199,150,46,1,2,0,2,93,106,0,9,9,2,0,6,0,0,0,
Devin Curry,151707,WR,DELWARE ST,1,0,0,,0,0,152,0,0,,60.0,60.0,,60.0,,0,0,0,0,,,0,0,1,0.0,0,0,0,0,0,0,1,0,0,0,0,0,0,1,0,1,0,0,0,0,0,0,0,0,0,
Jayden Estes,151712,CB,DELWARE ST,11,10,0,64.3,0,0,152,2,0,70.8,72.0,0.0,67.9,78.0,75.1,0,0,0,2,32,9.3,4,1,2,56.5,18,1,0,98,197,271,487,7,0,0,7,0,74,480,9,207,109,11,29,0,28,1,0,206,71,11.4
Omakus Langley II,151717,ED,DELWARE ST,11,5,2,100.0,1,0,152,0,0,74.9,70.7,56.7,65.5,68.6,65.3,1,13,0,0,-1,14.3,3,0,1,79.2,1,5,0,1,0,0,301,300,5,65,140,90,0,1,195,106,0,16,13,3,1,19,0,-1,5,-1.0
Josh Ramponeau,151723,ED,DELWARE ST,4,0,0,,0,0,152,0,0,,60.7,75.4,54.2,66.6,,1,1,0,0,,,0,0,0,0.0,0,0,0,0,0,0,26,26,0,10,11,5,0,0,17,9,0,0,0,0,0,2,0,0,0,
Kyle Williams,151725,DI,DELWARE ST,9,1,0,,0,0,152,0,0,35.4,62.5,79.4,62.9,71.5,72.5,1,3,0,0,,0.0,0,0,0,0.0,0,0,0,0,0,1,73,73,42,18,1,12,0,0,46,26,0,1,3,0,0,4,0,0,0,
Ty Woods,151799,S,TENN MARTN,11,6,0,41.7,0,0,310,0,0,78.5,73.0,28.6,81.3,58.1,66.8,0,0,1,3,61,16.2,6,2,2,45.8,10,1,0,109,1,204,401,9,0,0,9,0,173,392,1,196,109,16,25,2,24,1,2,120,37,12.0
Bryce McIntosh,152175,CB,SCAR STATE,1,0,0,0.0,0,0,290,0,0,54.5,55.2,74.4,,60.0,,0,0,0,0,,,0,0,0,39.6,0,0,0,0,12,7,13,0,0,0,0,0,0,13,0,6,0,0,0,0,1,0,0,0,0,
Kenny Lewis Jr.,152895,WR,MOREHEAD,1,0,0,,0,0,234,0,0,,60.0,60.0,,60.0,,0,0,0,0,,,0,0,3,0.0,0,0,0,0,0,0,1,0,0,0,0,0,0,1,0,1,0,0,0,0,0,0,0,0,0,
Jared Rogers,153072,LB,TOWSON,1,0,0,,0,0,317,0,0,60.0,48.3,62.1,48.8,,26.3,0,1,0,0,,100.0,1,0,0,0.0,0,0,0,1,0,1,1,0,0,0,0,0,0,1,0,0,0,0,0,0,0,1,0,0,0,
Evan Rutkowski,153073,S,TOWSON,10,3,0,100.0,0,0,317,0,0,52.6,55.6,81.3,64.6,60.0,43.7,1,0,0,0,19,25.0,4,0,0,111.5,4,0,0,64,1,79,147,4,0,0,4,0,60,143,3,65,16,2,9,0,4,1,0,43,15,10.8
Michael Akins,153265,ED,TEXAS STHN,11,10,1,,1,0,313,0,0,59.8,68.0,52.1,65.1,69.2,46.2,6,7,0,0,,20.9,9,0,2,0.0,0,4,0,1,0,0,517,514,0,13,401,100,0,3,242,275,2,26,24,9,0,17,0,0,0,
Atravon Bossier,153267,DI,TEXAS STHN,11,6,0,,0,0,313,0,0,69.6,60.3,85.4,56.0,59.6,55.4,0,3,0,0,,12.0,3,0,0,0.0,0,1,0,0,0,0,312,312,176,132,3,1,0,0,145,167,0,10,16,1,0,4,0,0,0,
Alex Bouldin,153268,LB,TEXAS STHN,3,2,0,100.0,0,0,313,0,0,60.0,51.2,73.1,66.0,44.1,44.3,0,1,0,0,14,28.6,2,0,0,106.9,3,0,0,41,0,15,41,0,0,0,0,0,0,41,2,24,0,1,3,0,3,1,0,29,29,9.7
Nicholas Cole,153269,S,TEXAS STHN,7,2,0,25.0,0,0,313,0,0,64.2,58.7,89.0,59.5,51.1,46.4,0,1,0,0,9,27.8,5,1,0,39.6,1,0,0,33,2,46,109,0,0,0,0,0,61,109,1,62,11,6,11,0,4,1,0,9,-2,9.0
Calvin Henderson,153276,S,TEXAS STHN,11,8,0,44.4,0,1,313,0,0,67.2,71.4,86.5,82.3,72.3,46.5,0,0,0,0,13,23.5,12,6,1,51.6,8,1,0,104,7,244,521,6,0,0,6,0,275,515,8,269,129,6,31,1,18,1,0,51,28,6.4
Rolland Trent,153280,ED,TEXAS STHN,11,9,0,,0,0,313,0,0,,61.1,84.5,64.6,56.1,46.4,1,6,0,0,,16.7,4,0,0,0.0,0,2,0,1,0,0,291,290,13,85,164,28,0,1,148,143,0,10,11,2,0,9,0,0,0,
Adam Akins,153286,CB,HAMPTON,11,6,0,62.5,0,0,178,0,0,45.9,51.3,85.0,60.0,78.8,67.8,0,0,0,1,54,10.4,5,1,1,90.4,35,0,0,34,525,280,561,2,0,0,2,0,0,559,1,280,0,10,37,2,56,0,2,427,181,12.2
Michael Crawford,153293,CB,HAMPTON,11,6,0,71.1,0,0,178,0,0,60.0,63.4,50.3,59.2,74.7,73.2,0,0,0,2,53,14.0,8,1,3,110.7,32,0,0,121,8,333,647,3,0,0,3,0,133,644,2,312,382,8,43,0,45,0,4,413,128,12.9
Rodrick Dorsey,153295,ED,HAMPTON,11,3,0,,0,1,178,0,0,60.0,69.5,81.5,63.1,70.5,66.6,1,2,0,0,,7.7,1,0,0,0.0,0,3,0,0,0,0,215,215,34,25,39,117,0,0,115,100,0,8,9,2,0,6,0,0,0,
Jeh'don Jenkins,153300,LB,HAMPTON,11,13,0,76.9,0,0,178,0,0,53.4,65.7,86.1,62.3,79.7,52.5,0,10,0,0,40,21.1,8,1,0,128.7,10,0,0,96,12,135,370,117,1,0,109,7,10,253,49,186,135,12,17,2,13,10,1,115,63,11.5
D'Andre Satchell,153309,ED,HAMPTON,5,0,0,,0,0,178,0,0,,50.7,76.7,60.2,44.4,75.0,0,1,0,0,,0.0,0,0,0,0.0,0,1,0,0,0,0,59,59,1,10,19,29,0,0,35,24,0,2,2,0,0,2,0,0,0,
Ali Shockley,153310,S,HAMPTON,11,27,0,69.6,1,0,178,0,0,65.1,75.4,15.1,,90.2,91.6,1,1,0,2,23,5.7,6,1,2,91.7,16,0,0,370,0,366,708,1,0,0,1,0,249,707,0,342,88,24,73,2,23,2,3,156,39,9.8
Rashawn Washington,153316,ED,HAMPTON,4,0,0,,0,0,178,0,0,,53.7,0.0,67.2,51.1,40.7,0,2,0,0,,50.0,1,0,1,0.0,0,1,0,0,0,0,60,60,1,8,19,32,0,0,27,33,0,2,1,0,0,3,0,0,0,
Corey Wilson,153317,S,HAMPTON,9,20,0,78.6,2,0,178,1,0,73.7,67.7,0.0,57.2,62.6,47.8,0,0,0,1,30,22.4,13,1,3,78.0,11,0,0,266,10,337,623,54,0,0,54,0,185,569,17,269,108,13,25,1,14,0,0,138,55,12.5
Jordan Carter,153408,S,SOUTHERN U,11,10,0,68.8,0,1,297,1,1,64.0,62.7,85.3,76.4,55.1,33.5,1,1,1,3,27,29.1,16,3,0,57.2,22,0,0,167,0,382,612,2,0,0,2,0,347,610,0,230,96,8,29,4,32,2,1,203,116,9.2
Daemon Dawkins,153930,WR,ARKAPB,1,0,0,,0,0,112,0,0,,60.0,60.0,,60.0,,0,0,0,0,,,0,0,3,0.0,0,0,0,0,0,0,1,0,0,0,0,0,0,1,0,1,0,0,0,0,0,0,0,0,0,
Tavon Hardwick,153933,LB,ARKAPB,6,2,0,100.0,0,0,112,1,0,71.2,71.6,81.0,59.1,70.4,80.3,1,0,0,0,7,0.0,0,0,0,89.6,2,0,0,18,0,23,84,34,0,0,33,1,0,50,11,50,30,1,4,1,2,1,0,11,9,5.5
Dae'Trell Cooper,153934,HB,ARKAPB,2,0,0,,0,0,112,0,0,,60.2,60.0,,60.0,,0,0,0,0,,,0,0,0,0.0,0,0,0,0,0,0,2,0,0,0,0,0,0,2,0,2,0,0,0,0,0,0,0,0,0,
Nathan Seward,153943,CB,ARKAPB,11,9,0,68.2,0,0,112,0,0,63.9,61.8,3.5,70.7,57.4,59.0,1,1,0,3,49,17.5,7,4,3,93.4,30,0,0,46,483,240,535,4,0,0,4,0,0,531,4,291,2,3,24,1,44,2,4,344,140,11.5
Kaleb Knox,153944,S,ARKAPB,8,5,0,45.5,0,0,112,0,0,73.4,70.9,0.0,,71.0,76.8,0,0,0,1,45,9.1,3,1,2,30.1,5,0,0,42,0,111,219,1,0,0,1,0,87,218,0,108,89,7,25,0,11,0,0,74,13,14.8
Kyle Knox,153945,CB,ARKAPB,10,4,0,78.6,0,0,112,0,0,65.7,64.5,82.0,60.0,58.6,70.2,0,0,1,1,45,9.5,2,2,0,128.6,11,0,0,21,238,128,268,4,0,0,4,0,0,264,2,138,3,6,15,1,14,0,5,260,42,23.6
Rico Dozier,153946,LB,ARKAPB,10,15,0,66.7,0,0,112,0,0,62.5,52.2,82.8,80.0,41.6,30.6,1,3,0,0,54,24.0,23,0,0,117.6,14,5,0,494,0,207,531,12,0,0,12,0,0,519,24,300,25,49,58,8,21,9,1,222,138,15.9
Jamarian Henderson,153947,LB,ARKAPB,7,10,0,77.8,0,0,112,1,0,72.3,56.0,83.1,48.0,47.5,29.5,0,3,1,3,35,31.7,13,1,0,79.2,7,0,0,310,0,120,340,19,0,0,19,0,1,321,19,201,10,9,18,1,9,3,0,114,68,16.3
Alonzo Mitchell,153968,S,CENT CT ST,5,1,0,80.0,0,0,133,0,0,41.1,48.9,80.0,,66.2,41.9,0,0,0,0,29,27.3,3,0,1,157.9,4,0,0,39,2,49,124,0,0,0,0,0,23,124,0,75,60,0,7,0,5,0,1,62,34,15.5
Toddreis Baltimore,153969,S,CENT CT ST,1,0,0,,0,0,133,0,0,,60.0,60.0,,60.0,,0,0,0,0,,,0,0,0,0.0,0,0,0,0,0,0,1,0,0,0,0,0,0,1,0,1,0,0,0,0,0,0,0,0,0,
Isaiah Greene,153970,CB,CENT CT ST,11,6,0,57.4,0,1,133,0,0,69.9,70.5,82.9,91.2,62.8,47.3,0,0,0,2,60,19.2,10,6,2,105.6,27,2,0,131,475,309,614,2,0,0,2,0,0,612,7,298,5,11,36,2,47,2,5,428,145,15.9
Chizi Umunakwe,153972,LB,CENT CT ST,10,20,0,92.9,0,1,133,1,0,76.2,81.9,86.6,66.7,78.0,72.7,2,4,0,0,36,10.0,9,0,0,99.7,13,3,0,547,0,238,569,19,0,0,19,0,0,550,45,286,3,37,61,7,14,9,0,111,109,8.5
Jonathan Cabral-Martin,153976,S,CENT CT ST,11,13,0,55.1,0,2,133,0,0,63.0,69.6,47.2,57.9,85.8,65.8,0,0,0,0,41,15.4,12,5,6,81.8,27,0,0,140,3,314,599,9,0,0,9,0,132,590,4,281,315,20,53,3,49,0,2,238,133,8.8
Paul Yiadom,153980,ED,CENT CT ST,1,0,0,,0,0,133,0,0,,70.6,72.5,,65.5,73.1,0,0,0,0,,0.0,0,0,0,0.0,0,0,0,1,0,0,6,4,0,0,4,0,0,2,0,6,1,0,1,0,0,0,0,0,0,
Harold Miles III,153982,LB,CENT CT ST,11,11,0,63.0,0,2,133,0,0,43.7,64.6,83.2,53.1,80.7,57.8,1,4,0,1,29,16.1,10,2,0,93.0,17,0,0,611,0,289,636,14,0,0,14,0,1,622,48,299,10,22,41,2,27,5,2,189,138,11.1
Brett Williams,153983,LB,CENT CT ST,2,0,0,,0,0,133,0,0,60.4,60.2,67.4,59.6,60.0,,0,0,0,0,,,0,0,0,0.0,0,0,0,4,0,2,4,0,0,0,0,0,0,4,1,1,0,0,0,0,0,0,0,0,0,
Trinidad Gonzalez,153984,LB,CENT CT ST,6,1,0,100.0,0,0,133,0,0,53.1,40.9,75.0,60.0,37.4,27.6,0,0,0,0,12,40.0,2,0,0,104.2,2,0,0,62,0,23,63,0,0,0,0,0,0,63,1,39,1,0,2,0,2,0,0,18,18,9.0
Albert Guwoe,153986,DI,CENT CT ST,5,2,0,,0,0,133,0,0,60.0,44.6,77.7,55.5,41.3,74.9,0,0,0,0,,0.0,0,0,0,0.0,0,0,0,0,0,0,62,62,16,33,0,13,0,0,27,35,0,1,2,0,0,0,0,0,0,
Jermaine Williams,153988,DI,CENT CT ST,11,9,1,,0,0,133,1,0,60.0,68.1,87.5,71.5,62.7,71.2,1,10,0,0,,5.0,1,0,0,0.0,0,0,0,1,0,0,449,448,225,220,0,3,0,1,196,253,0,8,10,2,0,11,0,0,0,
Ethan Haberman,153989,ED,CENT CT ST,11,1,0,,0,0,133,0,0,60.6,54.9,51.7,61.5,49.0,60.3,3,6,0,0,,11.1,1,0,1,0.0,0,2,0,0,0,1,247,245,1,18,172,54,0,2,142,104,1,7,7,1,0,11,0,0,0,
Cameron Franklin,153996,S,PRVIEW A&M,6,4,0,50.0,0,1,270,0,0,59.9,66.1,80.4,,74.9,79.7,0,0,0,0,52,6.3,1,1,0,95.8,3,0,0,64,0,89,193,0,0,0,0,0,84,193,0,104,45,2,11,0,6,0,0,87,38,29.0
Kenneth Steward III,154011,LB,PRVIEW A&M,7,0,0,100.0,0,0,270,0,0,52.8,50.0,75.2,59.5,51.1,79.5,0,1,0,0,11,0.0,0,0,0,112.5,1,0,0,65,0,26,66,1,0,0,1,0,0,65,1,39,0,2,4,0,1,1,0,11,17,11.0
Naejaun Barber,154018,DI,SCAR STATE,11,8,0,,0,1,290,0,0,58.6,64.2,40.3,67.1,63.1,41.7,0,13,0,0,,20.0,5,0,2,0.0,0,5,0,5,0,3,415,410,7,356,4,43,0,5,207,205,0,14,12,0,0,18,0,0,0,
Adonis Davis,154019,LB,SCAR STATE,3,0,0,,0,0,290,0,0,60.1,62.7,74.8,,62.0,37.2,1,0,0,0,,50.0,1,0,0,0.0,0,0,0,7,0,2,9,0,0,0,0,0,0,9,0,7,1,1,1,0,0,1,0,0,0,
Octaveon Minter,154027,DI,SCAR STATE,11,15,0,,0,0,290,0,0,68.1,67.5,21.2,55.0,74.0,48.5,0,6,0,0,,14.3,5,0,4,0.0,0,2,0,0,0,0,543,543,10,482,2,49,0,0,266,277,0,14,15,2,0,8,0,0,0,
Moses Ale,154176,DI,LNDNWD,9,7,2,,0,1,949,0,0,62.2,69.3,84.2,61.5,70.6,52.3,2,10,0,0,,10.0,2,0,0,0.0,0,0,0,1,0,0,464,462,11,436,3,12,0,2,248,216,0,6,11,1,0,12,0,0,0,
Frank Caldwell,154187,ED,LNDNWD,8,0,1,,0,0,949,0,0,65.1,72.0,82.0,61.9,73.3,57.0,1,2,0,0,,13.3,2,0,0,0.0,0,0,0,0,0,1,152,152,0,3,121,28,0,0,75,76,0,6,13,3,0,3,0,0,0,
Jayce Conklin,154192,CB,LNDNWD,2,0,0,40.0,0,0,949,0,0,77.2,77.7,74.0,,60.0,76.2,0,0,0,0,9,0.0,0,1,0,47.9,2,0,0,0,23,17,23,0,0,0,0,0,0,23,0,6,0,0,2,0,5,0,0,13,0,6.5
Jared Farney,154201,ED,LNDNWD,2,0,0,,0,0,949,0,0,,58.4,72.6,55.3,62.0,71.3,0,0,0,0,,0.0,0,0,0,0.0,0,0,0,0,0,0,11,11,0,0,10,1,0,0,7,4,0,0,1,0,0,0,0,0,0,
Chase Giorgi,154206,LB,LNDNWD,6,6,0,83.3,0,0,949,1,0,63.5,70.4,79.7,55.7,75.9,64.4,0,0,0,0,24,13.6,3,0,0,130.9,10,0,0,97,0,52,119,3,0,0,3,0,1,116,5,62,18,5,13,1,12,0,1,105,71,10.5
Gus Hetzel,154214,S,LNDNWD,1,0,0,0.0,0,0,949,0,0,61.4,63.8,72.3,,60.0,74.3,0,0,0,0,,0.0,0,0,0,39.6,0,0,0,0,0,3,7,0,0,0,0,0,7,7,0,4,0,0,1,0,1,0,0,0,0,
Jackson Hetzel,154215,S,LNDNWD,2,0,0,100.0,0,0,949,0,0,65.8,63.5,74.0,,56.2,46.4,0,0,0,0,13,25.0,1,0,0,112.5,2,0,0,12,0,20,32,0,0,0,0,0,5,32,0,12,15,2,3,0,2,0,0,22,15,11.0
Wesley Hines,154216,CB,LNDNWD,9,0,0,55.2,0,1,949,0,0,67.8,64.8,83.9,,44.9,29.5,0,0,0,0,73,34.6,9,3,0,94.0,16,0,0,9,324,199,360,0,0,0,0,0,2,360,0,161,24,4,17,2,29,0,0,320,120,20.0
Aaron Kness,154218,LB,LNDNWD,1,0,0,,0,0,949,0,0,,83.5,68.5,83.8,,,1,0,0,0,,,0,0,0,0.0,0,0,0,0,0,0,2,2,0,0,2,0,0,0,2,0,0,0,0,0,0,1,0,0,0,
Jayden Littlejohn,154223,CB,LNDNWD,3,0,0,50.0,0,0,949,0,0,67.1,68.0,72.2,,62.1,74.2,0,0,0,1,28,0.0,0,0,0,56.3,1,0,0,0,15,4,16,0,0,0,0,0,0,16,0,12,1,0,1,0,2,0,0,28,2,28.0
Lloyd Lockett,154224,S,LNDNWD,8,10,0,70.4,0,0,949,2,0,69.8,71.7,88.1,60.0,73.8,60.5,0,0,0,0,29,17.0,9,2,0,114.3,19,0,0,71,11,248,491,5,0,0,5,0,151,486,2,241,252,10,34,1,27,0,2,187,73,9.8
Cruz Masten,154227,DI,LNDNWD,2,0,0,,0,0,949,0,0,,53.1,70.8,57.8,55.3,,0,0,0,0,,,0,0,0,0.0,0,0,0,0,0,0,8,8,1,7,0,0,0,0,4,4,0,0,0,0,0,0,0,0,0,
Kobe McClendon,154229,ED,LNDNWD,9,7,1,100.0,1,0,949,0,0,56.5,67.8,48.4,66.7,69.3,67.0,2,12,0,0,1,9.7,3,0,3,79.2,1,4,0,0,0,0,420,419,0,5,387,27,0,1,214,206,0,15,21,3,1,18,0,1,4,1.0
Mann McGruder,154232,S,LNDNWD,9,12,0,45.5,0,1,949,1,0,73.9,65.4,85.0,,49.1,52.5,0,0,0,0,56,20.3,13,3,1,76.7,5,0,0,68,2,174,367,1,0,0,1,0,226,366,0,193,69,8,39,2,11,0,0,97,57,19.4
Darion Mullins,154235,DI,LNDNWD,7,2,0,,0,0,949,0,0,62.7,68.9,79.6,62.0,67.3,57.3,0,2,0,0,,8.3,1,0,0,0.0,0,0,0,0,0,0,102,102,25,77,0,0,0,0,57,45,0,7,9,1,0,2,0,0,0,
Sammy Muniz,154236,CB,LNDNWD,7,3,0,55.6,0,0,949,0,0,58.4,59.2,83.0,59.9,61.9,54.3,0,0,0,0,15,14.3,2,1,0,73.8,5,0,0,9,2,90,135,0,0,0,0,0,36,135,1,44,88,2,9,0,9,0,0,55,27,11.0
Jayden Patrick,154239,CB,LNDNWD,9,3,0,53.1,0,0,949,1,0,67.7,66.5,19.6,,63.2,52.3,0,0,0,0,38,18.9,7,5,1,89.5,17,0,0,11,303,172,341,1,0,0,1,0,2,340,0,169,24,13,27,3,32,0,1,251,79,14.8
Travarius Ranson,154245,LB,LNDNWD,6,4,0,80.0,0,0,949,0,0,68.9,62.2,79.6,55.6,48.6,36.8,2,0,0,0,14,29.4,5,0,1,87.5,8,0,0,51,1,72,142,5,0,0,5,0,11,137,6,64,74,5,8,1,10,2,0,50,32,6.3
Kai Ross,154252,S,LNDNWD,5,1,0,63.6,0,0,949,0,0,49.7,52.6,82.5,,61.3,29.4,0,0,0,0,35,25.0,5,1,0,128.6,7,0,0,21,3,109,185,0,0,0,0,0,104,185,0,76,57,3,14,0,11,0,1,114,48,16.3
Dominique Thornhill,154265,LB,LNDNWD,2,2,0,,0,0,949,0,0,64.5,74.2,74.3,58.7,80.1,78.0,0,0,0,0,,0.0,0,0,0,0.0,0,0,0,20,0,15,25,0,0,0,0,0,0,25,1,9,5,1,1,0,0,0,0,0,0,
Tayvian Weary,154268,DI,LNDNWD,9,6,0,,0,0,949,0,1,,72.8,84.7,63.6,74.8,62.5,0,6,0,0,,10.0,2,0,0,0.0,0,1,0,0,0,0,352,351,89,260,1,1,0,1,177,175,0,10,12,2,0,7,0,0,0,
Clark Whitaker,154269,S,LNDNWD,1,0,0,50.0,0,0,949,0,0,51.3,40.3,74.0,,37.4,27.9,0,0,0,0,8,50.0,1,0,0,60.4,1,0,0,10,0,5,25,0,0,0,0,0,2,25,0,20,13,0,1,0,2,0,0,8,10,8.0
Sterlin Williams,154272,ED,LNDNWD,9,10,0,,1,3,949,1,0,72.0,75.3,50.8,66.0,76.8,69.8,3,13,0,0,,11.9,5,0,2,0.0,0,6,0,1,0,1,504,502,0,66,375,61,0,2,258,245,0,20,27,3,0,22,0,0,0,
Major Dailey,154369,CB,MOREHEAD,9,4,0,44.4,0,0,234,0,0,59.4,60.8,0.0,,71.0,65.5,0,0,0,1,29,11.8,2,1,1,60.9,8,0,0,10,154,81,177,5,0,0,5,0,2,172,0,96,6,3,11,0,18,0,1,114,23,14.3
Damien Williams,154547,LB,MERRIMACK,7,3,0,100.0,0,0,385,0,0,50.6,62.6,74.2,73.1,68.9,58.8,0,0,0,0,5,16.7,1,0,1,87.5,1,1,0,72,0,32,77,3,0,0,3,0,0,74,4,41,1,1,2,0,1,1,0,5,2,5.0
Rodney Dansby,154603,LB,HOUCHR,11,30,1,81.8,0,1,183,2,1,60.5,75.8,31.8,77.5,81.2,81.6,3,10,0,1,55,8.6,11,1,2,99.1,18,2,0,714,0,354,757,15,0,0,15,0,0,742,55,348,28,42,87,4,22,15,1,191,110,10.6
Xavier Toliver,154606,S,HOUCHR,11,14,0,76.7,1,1,183,0,0,59.4,63.7,51.7,57.6,72.5,45.3,0,1,0,3,52,21.8,17,1,2,76.8,23,0,0,259,12,378,714,2,0,0,2,0,310,712,2,334,131,13,47,3,30,1,1,283,101,12.3
Leisaan Hibbert,154609,CB,LIUSHAR,2,0,0,,0,0,1298,0,0,,64.6,71.1,,65.0,73.5,0,0,0,0,,0.0,0,0,0,0.0,0,0,0,2,10,0,12,0,0,0,0,0,0,12,0,12,0,1,1,0,0,0,0,0,0,
Darious Goodloe,154612,CB,LIUSHAR,1,0,0,,0,0,1298,0,0,61.0,61.8,67.8,,60.0,,0,0,0,0,,,0,0,0,0.0,0,0,0,0,4,2,4,0,0,0,0,0,0,4,0,2,0,0,0,0,0,0,0,0,0,
Jaden Dawkins,154618,LB,LIUSHAR,9,4,0,80.0,0,0,1298,0,0,75.6,62.9,30.9,57.5,54.1,55.7,0,1,0,1,16,15.2,5,0,1,48.8,8,0,0,241,0,123,297,47,0,0,47,0,0,250,21,153,9,12,24,2,10,1,0,52,39,6.5
Tayshaun Shipp,154620,WR,MERCER,1,0,0,,0,0,219,0,0,60.0,62.4,60.0,,,,0,0,0,0,,,0,0,0,0.0,0,0,0,0,0,1,1,0,0,0,0,0,0,1,0,0,0,0,0,0,0,0,0,0,0,
Jamal Jones,154670,ED,TOWSON,2,0,0,,0,0,317,0,0,60.0,36.4,70.4,58.1,42.9,,0,0,0,0,,,0,0,0,0.0,0,0,0,1,0,1,7,6,0,0,4,2,0,1,3,3,0,0,0,0,0,0,0,0,0,
Carson Griffin,154679,ED,MERCER,10,3,0,,0,0,219,0,0,58.6,69.2,81.9,56.6,79.3,48.2,1,4,0,0,,21.4,3,0,0,0.0,0,1,0,2,0,1,197,195,0,4,96,95,0,2,98,98,0,8,8,3,0,6,0,0,0,
Al-Ma'hi Ali,154696,CB,ST FRANCIS,10,8,0,59.5,0,1,299,0,0,75.6,74.9,87.0,55.9,71.2,70.7,1,1,0,2,40,14.3,6,6,2,98.9,25,1,0,79,134,285,569,7,0,0,7,0,148,562,15,269,200,9,28,2,42,3,4,356,135,14.2
Andreas Wyatt,154717,CB,BETH COOK,7,1,0,,0,0,119,0,0,69.3,71.2,77.0,,71.8,80.0,0,0,0,0,,0.0,0,0,0,0.0,0,0,0,5,61,24,71,0,0,0,0,0,5,71,0,47,0,0,3,0,0,0,0,0,0,
Broadus Brown Jr.,154728,DI,HOWARD,4,0,0,,0,0,184,0,0,,50.4,73.6,63.8,47.7,69.7,0,1,0,0,,,0,0,0,0.0,0,0,0,0,0,0,20,20,5,15,0,0,0,0,6,14,0,0,0,0,0,1,0,0,0,
CJ Hoffman,154741,LB,HOWARD,4,0,0,,0,0,184,0,0,54.8,53.2,71.7,,57.4,76.3,0,0,0,0,,0.0,0,0,0,0.0,0,0,0,15,0,9,15,0,0,0,0,0,0,15,0,6,0,2,2,0,0,0,0,0,0,
Terrance Hollon,154742,LB,HOWARD,10,17,0,76.9,0,0,184,0,0,71.2,65.7,47.0,60.8,61.8,87.0,3,5,0,2,14,5.6,4,1,2,55.8,10,1,0,451,1,212,506,22,0,0,22,0,3,484,41,253,27,24,50,1,13,9,0,91,57,9.1
Jay Jones II,154745,LB,HOWARD,11,3,0,100.0,0,0,184,0,0,42.8,47.6,0.0,67.5,55.6,52.9,0,2,0,0,16,17.6,3,0,1,112.5,6,1,0,140,0,60,155,3,0,1,2,0,2,152,12,83,10,4,11,0,6,3,0,66,25,11.0
Robert Jones III,154746,CB,HOWARD,10,7,0,47.4,0,1,184,0,0,77.3,72.9,83.0,70.7,51.7,30.8,1,0,0,1,73,28.6,12,8,2,85.7,18,0,0,26,346,187,379,0,0,0,0,0,4,379,2,190,2,6,23,1,38,1,3,263,121,14.6
Jabari Knighten,154747,CB,HOWARD,11,4,0,56.5,0,0,184,0,0,62.1,63.7,84.3,,68.1,84.3,0,0,0,0,61,4.5,1,3,1,115.8,13,0,0,13,368,196,391,0,0,0,0,0,3,391,0,195,6,2,17,0,23,0,1,320,145,24.6
CJ Miller,154750,DI,HOWARD,2,1,0,,0,0,184,0,0,,62.3,72.3,59.9,61.8,72.2,0,0,0,0,,0.0,0,0,0,0.0,0,0,0,0,0,0,13,13,1,11,0,1,0,0,2,11,0,1,1,0,0,0,0,0,0,
Xavier Robiou,154754,S,HOWARD,11,3,0,67.7,0,0,184,0,0,72.3,67.2,86.3,51.3,56.6,61.5,1,2,0,1,37,18.2,6,2,0,92.1,21,0,0,131,20,241,502,11,0,0,11,0,88,491,18,243,251,10,24,2,31,3,2,190,80,9.0
Jamel Stewart,154755,DI,HOWARD,11,6,1,,0,0,184,1,0,60.0,57.7,62.3,55.4,59.3,28.5,1,7,0,0,,25.0,5,0,1,0.0,0,0,0,2,0,0,415,411,55,346,0,10,0,4,193,222,0,5,9,1,0,8,0,0,0,
Chris Williams,154761,ED,HOWARD,1,0,0,,0,0,184,0,0,,57.7,69.1,57.5,60.0,,0,0,0,0,,,0,0,0,0.0,0,0,0,0,0,0,3,3,0,0,3,0,0,0,2,1,0,0,0,0,0,0,0,0,0,
Cedrick Williams,154770,S,TEXAS STHN,11,7,1,86.7,0,0,313,0,0,72.0,66.8,80.1,62.6,56.6,78.6,0,1,0,2,25,8.3,3,1,0,63.8,13,0,0,115,1,137,282,1,0,0,1,0,0,281,7,138,163,9,26,1,15,1,0,132,93,10.2
Nick Taylor,154774,ED,TEXAS STHN,5,1,0,,0,0,313,0,0,,51.5,77.8,60.0,46.6,73.6,0,1,0,0,,0.0,0,0,0,0.0,0,0,0,0,0,0,53,53,0,4,39,10,0,0,29,24,0,0,1,0,0,1,0,0,0,
Ty Williams Jr.,154784,S,NC A&T,11,13,0,44.0,0,0,246,0,0,50.6,52.9,87.6,,58.2,66.8,0,2,0,0,51,16.3,7,2,0,90.9,11,0,0,52,3,272,462,1,0,0,1,0,269,461,0,190,137,6,23,0,25,2,2,153,70,13.9
Maurice McDonald,154795,LB,TENN STATE,1,0,0,,0,0,308,0,0,,60.0,66.0,60.0,,,0,0,0,0,,,0,0,0,0.0,0,0,0,0,0,0,1,1,0,0,1,0,0,0,1,0,0,0,0,0,0,0,0,0,0,
Maurice Campbell II,155190,DI,NWSTATE,11,7,0,,1,0,257,0,0,60.0,63.2,11.5,69.4,64.8,24.5,1,8,0,0,,33.3,9,0,3,0.0,0,0,0,1,0,0,289,288,129,142,0,17,0,1,118,171,0,10,11,2,0,9,0,0,0,
Matteo Perez,155193,HB,UC DAVIS,1,0,0,,0,0,322,0,0,,60.0,60.0,,60.0,,0,0,0,0,,,0,0,0,0.0,0,0,0,0,0,0,1,0,0,0,0,0,0,1,0,1,0,0,0,0,0,0,0,0,0,
Les Odimara,155200,CB,TARLETON,6,1,0,16.7,0,1,401,0,0,56.0,64.2,77.1,91.1,63.9,60.5,0,0,0,0,6,0.0,0,1,0,39.6,1,1,0,7,74,33,84,0,0,0,0,0,2,84,3,48,0,3,4,0,6,1,0,6,3,6.0
Javier Duran,155201,DI,TARLETON,10,6,1,,0,0,401,0,0,57.7,67.0,28.7,69.4,66.9,47.5,1,1,0,0,,14.3,2,0,2,0.0,0,2,0,0,0,0,264,264,238,24,1,1,0,0,131,133,0,8,6,2,0,4,0,0,0,
Davin Moses,155208,ED,PRESBYTERN,7,1,0,,0,0,271,0,0,60.1,45.2,78.8,54.9,41.3,32.1,0,3,0,0,,20.0,2,0,0,0.0,0,0,0,0,0,0,94,94,1,15,35,43,0,0,36,58,0,3,7,0,0,3,0,0,0,
Destin Refuge,155231,S,MS VLY ST,6,6,0,66.7,0,1,228,0,0,57.1,56.0,81.4,,53.9,43.1,0,0,0,0,34,22.6,7,0,0,126.4,6,0,0,66,2,86,194,0,0,0,0,0,83,194,0,108,42,9,18,0,9,0,2,63,15,10.5
John Stegenga,155257,S,MERCER,2,0,0,,0,0,219,0,0,65.7,61.8,71.5,,56.2,49.3,0,0,0,0,,25.0,1,0,0,0.0,0,0,0,12,0,7,18,0,0,0,0,0,4,18,0,11,2,1,3,0,0,0,0,0,0,
Isaiah Emmanuel,155260,S,WAGNER,2,2,0,,0,0,338,0,0,60.8,61.7,73.1,,61.2,82.9,0,0,0,0,,0.0,0,0,0,0.0,0,0,0,4,0,2,21,0,0,0,0,0,10,21,0,19,7,1,3,0,0,0,0,0,0,
Jaylen Jackson,155265,S,TARLETON,11,4,0,36.8,0,0,401,0,0,68.4,60.4,28.9,47.0,45.8,27.1,0,1,0,1,46,34.6,9,1,3,35.9,7,0,0,80,1,237,405,6,0,0,6,0,247,399,3,165,70,7,13,0,19,1,0,114,36,16.3
Rudy Ngougni,155279,ED,LIUSHAR,11,6,0,,0,4,1298,0,0,59.7,63.9,51.0,69.4,58.3,42.2,6,17,0,0,,23.7,9,0,2,0.0,0,6,0,17,0,0,586,567,0,43,381,143,0,19,310,276,0,21,23,3,0,29,0,0,0,
Justin Martz,155286,DI,UC DAVIS,11,3,0,,0,0,322,0,0,57.3,60.0,80.8,54.5,64.8,68.6,0,2,0,0,,7.7,1,0,0,0.0,0,1,0,0,0,1,183,183,8,140,5,30,0,0,101,81,0,7,9,0,0,3,0,0,0,
Tristan Marois,155288,ED,ROB MORRIS,10,9,0,,0,0,277,0,0,63.7,66.9,85.7,66.8,61.7,52.5,7,11,0,0,,19.4,6,0,0,0.0,0,4,0,0,0,2,481,481,1,95,263,122,0,0,234,245,0,16,16,2,0,22,0,0,0,
Rex Connors,155292,S,UC DAVIS,10,21,0,59.4,0,0,322,0,0,72.4,76.0,86.1,58.4,79.5,92.0,0,0,0,5,54,3.4,3,2,1,53.0,19,0,0,239,5,334,607,3,0,0,3,0,266,604,2,271,93,16,63,2,32,0,1,235,77,12.4
Simeon Woodard,155294,CB,MONTANA ST,13,7,0,67.2,0,0,233,0,0,51.8,54.4,87.0,58.1,64.8,74.8,0,0,0,1,80,8.3,5,1,2,141.0,43,0,0,32,627,416,728,23,0,0,23,0,12,705,3,309,29,18,48,3,64,0,8,765,258,17.8
Xavier Kately,155297,S,TEXAS STHN,1,0,0,,0,0,313,0,0,60.0,28.9,70.9,60.0,27.7,19.2,0,0,0,0,,100.0,2,0,0,0.0,0,0,0,3,0,1,8,0,0,0,0,0,3,8,1,6,2,0,0,0,0,0,0,0,0,
Canary Simmons,155298,S,TEXAS STHN,10,6,0,75.0,0,0,313,0,0,79.4,72.6,85.9,59.9,53.3,43.1,0,0,0,0,22,25.8,8,1,0,89.6,6,0,0,43,4,166,326,1,0,0,1,0,193,325,1,159,83,8,17,1,8,0,0,48,8,8.0
Jacob Williams,155300,LB,TEXAS STHN,8,17,0,66.7,0,0,313,0,0,69.5,62.8,40.6,63.9,57.7,61.0,2,3,0,0,27,16.5,13,1,1,86.1,8,1,0,407,0,171,430,18,0,0,18,0,3,412,27,232,2,34,49,3,12,6,0,82,46,10.3
Mason Armstead,155365,CB,PRINCETON,10,2,0,70.0,0,0,272,0,0,73.9,74.5,82.2,64.3,70.0,79.9,0,1,0,1,25,5.0,1,2,0,85.2,14,0,0,13,247,178,266,3,0,0,3,0,1,263,2,86,2,5,17,0,20,1,1,139,52,9.9
AJ Barber,155366,WR,PRINCETON,1,0,0,,0,0,272,0,0,,60.0,60.0,,60.0,,0,0,0,0,,,0,0,3,0.0,0,0,0,0,0,0,1,0,0,0,0,0,0,1,0,1,0,0,0,0,0,0,0,0,0,
Anthony Bland,155367,WR,PRINCETON,1,0,0,,0,0,272,0,0,,60.0,60.0,,60.0,,0,0,0,0,,,0,0,1,0.0,0,0,0,0,0,0,1,0,0,0,0,0,0,1,0,1,0,0,0,0,0,0,0,0,0,
Luke Colella,155372,WR,PRINCETON,1,0,0,,0,0,272,0,0,,60.0,60.0,,60.0,,0,0,0,0,,,0,0,0,0.0,0,0,0,0,0,0,1,0,0,0,0,0,0,1,0,1,0,0,0,0,0,0,0,0,0,
Caleb Coleman,155373,CB,PRINCETON,8,4,0,100.0,0,0,272,0,0,68.2,66.6,82.8,75.4,55.4,60.1,1,1,0,0,16,18.2,2,0,0,98.2,7,0,0,18,4,42,103,17,0,0,17,0,2,86,7,54,61,2,5,0,7,2,0,53,23,7.6
Nasir Cook,155374,CB,PRINCETON,2,0,0,,0,0,272,0,0,64.0,64.6,69.7,,60.0,,0,0,0,0,,,0,0,0,0.0,0,0,0,0,7,6,7,0,0,0,0,0,0,7,0,1,0,0,0,0,0,0,0,0,0,
Jackson Ford,155376,LB,PRINCETON,4,1,0,100.0,0,0,272,0,0,60.8,56.1,75.8,63.5,44.4,24.3,0,1,0,0,10,60.0,3,0,0,92.7,4,0,0,18,0,17,24,5,0,0,5,0,0,19,5,2,1,0,1,0,4,1,0,25,21,6.3
Connor Hulstein,155382,WR,PRINCETON,1,0,0,,0,0,272,0,0,,60.0,60.0,,60.0,,0,0,0,0,,,0,0,0,0.0,0,0,0,0,0,0,1,0,0,0,0,0,0,1,0,1,0,0,0,0,0,0,0,0,0,
Carson Irons,155383,LB,PRINCETON,1,0,0,100.0,0,0,272,0,0,36.7,29.5,65.7,,60.0,,0,0,0,0,37,,0,0,0,118.8,2,0,0,5,0,4,5,0,0,0,0,0,0,5,0,1,0,0,0,0,2,0,0,55,23,27.5
Ryan Ives,155384,ED,PRINCETON,9,2,0,,0,0,272,0,0,57.9,51.0,80.7,51.8,54.9,35.4,0,1,0,0,,30.0,3,0,0,0.0,0,1,0,0,0,0,126,126,0,4,80,42,0,0,68,58,0,4,5,0,0,2,0,0,0,
Liam Johnson,155386,LB,PRINCETON,10,21,1,72.0,0,1,272,1,1,91.8,92.8,83.4,80.2,92.1,91.8,1,5,1,1,20,3.0,3,2,1,79.9,18,2,0,495,0,248,546,34,2,1,31,0,2,512,60,238,14,47,77,5,25,8,1,127,73,7.1
Samy Lamothe,155387,S,PRINCETON,2,0,0,,0,0,272,0,0,65.2,64.7,68.3,,60.0,74.3,0,0,0,0,,0.0,0,0,0,0.0,0,0,0,0,0,4,6,0,0,0,0,0,5,6,0,2,0,0,1,0,0,0,0,0,0,
Matthew Mahoney,155388,WR,PRINCETON,1,0,0,,0,0,272,0,0,,60.0,60.0,,60.0,,0,0,0,0,,,0,0,0,0.0,0,0,0,0,0,0,1,0,0,0,0,0,0,1,0,1,0,0,0,0,0,0,0,0,0,
Nate Martey,155389,DI,PRINCETON,10,5,0,,0,0,272,1,0,65.5,66.4,0.0,70.5,63.6,61.1,2,13,0,0,,9.5,2,0,4,0.0,0,3,0,1,0,1,298,296,85,204,2,5,0,2,214,83,0,13,14,2,0,18,0,0,0,
Jalen Newman,155393,CB,PRINCETON,10,0,0,79.2,0,0,272,0,0,76.1,75.9,83.3,54.9,69.9,67.0,0,0,0,0,26,14.3,3,0,0,91.3,19,0,0,28,383,241,417,3,0,0,3,0,1,414,3,173,1,6,18,3,24,0,0,142,75,7.5
Jonathan Pittman,155398,DI,PRINCETON,5,0,0,,0,0,272,0,0,,74.3,79.2,72.5,70.1,71.9,0,1,0,0,,0.0,0,0,0,0.0,0,0,0,0,0,0,79,79,36,42,0,1,0,0,37,42,0,2,2,0,0,1,0,0,0,
Lance Reaves-Hicks,155400,DI,PRINCETON,1,0,0,,0,0,272,0,0,,60.0,64.7,60.0,,,0,0,0,0,,,0,0,0,0.0,0,0,0,0,0,0,1,1,0,1,0,0,0,0,1,0,0,0,0,0,0,0,0,0,0,
Nicholas Sanker,155404,ED,PRINCETON,7,1,1,33.3,0,1,272,0,0,92.2,93.9,80.9,84.9,68.6,46.2,1,5,0,1,2,25.0,1,1,0,2.8,1,1,0,4,0,8,70,65,0,0,65,0,1,5,50,12,0,3,2,0,3,7,0,2,0,2.0
Ryan Savage,155405,DI,PRINCETON,4,1,0,,0,0,272,0,0,60.0,60.3,0.0,64.5,65.0,28.9,2,2,0,0,,50.0,2,0,1,0.0,0,1,0,0,0,0,61,61,5,45,5,6,0,0,45,16,0,2,1,0,0,5,0,0,0,
Payton Tally,155409,S,PRINCETON,6,8,0,73.3,0,0,272,0,0,69.1,71.7,85.3,63.7,75.9,73.7,0,0,0,0,12,11.1,2,2,0,81.0,11,0,0,24,5,162,245,4,0,0,4,0,166,241,1,82,46,3,8,1,15,0,0,64,33,5.8
Collin Taylor,155410,DI,PRINCETON,4,0,0,,0,0,272,0,0,,59.5,75.7,64.9,54.1,72.9,0,1,0,0,,0.0,0,0,0,0.0,0,1,0,0,0,0,36,36,0,23,9,4,0,0,20,16,0,0,1,0,0,2,0,0,0,
Pierson Tobia,155411,S,PRINCETON,1,1,0,,0,0,272,0,0,65.6,64.9,68.2,,60.0,76.2,0,0,0,0,,0.0,0,0,0,0.0,0,0,0,0,0,4,5,0,0,0,0,0,5,5,0,1,0,0,0,0,0,0,0,0,0,
CJ Wall,155415,CB,PRINCETON,10,13,0,66.7,0,0,272,0,0,81.2,79.2,85.6,58.6,63.1,69.0,0,0,0,3,49,10.9,6,7,0,86.4,38,0,0,39,503,336,559,14,0,0,14,0,0,545,2,221,2,13,36,3,57,0,5,294,108,7.7
Donald Lee,155503,CB,GRAMBLING,11,5,0,65.5,0,0,177,0,0,71.7,70.6,33.2,57.6,68.6,81.7,0,3,0,1,43,4.0,1,2,2,79.8,19,0,0,43,15,277,510,3,0,0,3,0,0,507,12,221,449,7,19,1,29,3,0,261,126,13.7
Jaylen White,155505,HB,NORFOLK,1,0,0,,0,0,244,0,0,,60.0,60.0,,60.0,,0,0,0,0,,,0,0,0,0.0,0,0,0,0,0,0,1,0,0,0,0,0,0,1,0,1,0,0,0,0,0,0,0,0,0,
Travis Greenawalt,155515,CB,HOUCHR,9,1,0,47.8,0,0,183,0,0,49.9,52.6,2.8,,71.1,70.4,0,0,0,0,39,11.1,2,4,3,85.4,11,0,0,7,219,115,245,1,0,0,1,0,7,244,0,130,11,2,15,0,23,0,1,160,21,14.5
Ricky Rich,155519,LB,INCAR WORD,13,12,0,69.2,0,0,189,1,0,59.9,52.1,81.7,65.0,43.9,28.4,4,2,0,0,24,29.7,19,0,0,93.4,9,1,0,320,0,157,349,9,0,0,9,0,1,340,28,164,19,17,33,5,13,7,0,105,76,11.7
Sir Jerome Treadwell,155523,ED,YNGTOWN ST,6,0,0,,0,0,353,0,0,,65.5,76.2,61.0,66.0,71.1,0,2,0,0,,0.0,0,0,0,0.0,0,0,0,0,0,0,23,23,0,0,21,2,0,0,14,9,0,0,1,0,0,2,0,0,0,
Dennis Shorter,155535,S,S DAKOTA,10,14,0,62.5,0,0,291,0,0,58.2,54.5,46.5,69.1,48.2,46.2,0,2,0,0,53,22.9,19,2,2,125.8,20,0,0,283,2,335,641,6,0,0,6,0,297,635,6,300,53,17,50,1,32,2,3,310,148,15.5
Neil Daily,155538,LB,MONTANA ST,3,1,0,,0,1,233,0,0,60.8,90.3,68.1,,90.2,78.8,0,0,0,0,,0.0,0,0,0,0.0,0,0,0,13,0,3,13,0,0,0,0,0,0,13,0,10,0,2,2,0,0,0,0,0,0,
Jeremiah Harris II,155541,LB,PRVIEW A&M,10,3,0,100.0,1,0,270,0,0,61.6,59.9,3.4,58.4,63.3,83.8,0,1,0,0,20,0.0,0,0,1,118.8,2,1,0,23,0,26,92,67,0,0,67,0,0,25,22,44,2,5,8,0,2,2,0,25,20,12.5
Derrick Travis,155568,CB,ALCORN ST,3,0,0,0.0,0,0,107,0,0,75.3,74.7,77.2,60.0,64.0,28.3,0,0,0,0,,50.0,1,2,0,39.6,0,0,0,2,51,27,56,3,0,0,3,0,0,53,1,28,0,0,1,0,3,0,0,0,0,
Porter Connors,155570,LB,UC DAVIS,10,8,0,20.0,0,0,322,0,0,76.0,66.1,79.6,54.0,55.1,49.8,0,0,0,1,21,19.4,6,0,0,5.0,1,0,0,203,0,117,233,7,0,0,7,0,1,226,9,107,21,6,17,0,5,0,0,21,13,21.0
Jayden Stanley,155573,S,UC DAVIS,10,3,0,66.7,0,0,322,0,0,59.3,61.6,82.8,,66.5,52.9,0,0,0,0,40,25.0,3,2,0,146.8,6,0,0,26,0,114,203,0,0,0,0,0,142,203,0,89,35,1,6,0,9,0,1,153,60,25.5
Darien Langley,155574,S,UC DAVIS,1,0,0,,0,0,322,0,0,,62.8,64.5,,61.6,,0,0,0,0,,,0,0,0,0.0,0,0,0,5,0,0,5,0,0,0,0,0,0,5,0,5,0,0,0,0,0,0,0,0,0,
Ty Davis,155756,S,DELAWARE,13,18,0,64.0,0,0,151,1,0,60.8,66.1,50.7,67.1,71.3,70.6,1,3,0,0,24,12.7,7,1,2,99.3,16,3,0,296,13,244,545,76,0,0,75,1,82,469,37,264,78,18,30,0,25,7,1,183,76,11.4
Robert Glanton,155759,CB,FL A&M,1,0,0,,0,0,164,0,0,,60.0,60.0,,60.0,,0,0,0,0,,,0,0,0,0.0,0,0,0,0,0,0,1,0,0,0,0,0,0,1,0,1,0,0,0,0,0,0,0,0,0,
Rafael Fasolino,155766,S,LIUSHAR,3,0,0,,0,0,1298,0,0,61.7,43.2,74.9,,29.3,26.5,0,0,0,0,,50.0,5,0,0,0.0,0,0,0,20,0,12,39,0,0,0,0,0,19,39,0,27,0,0,5,0,0,0,0,0,0,
Talib Wright,155767,LB,LIUSHAR,5,2,0,,0,0,1298,0,0,65.6,37.4,77.7,46.8,28.6,22.5,0,1,0,0,,46.7,7,0,0,0.0,0,0,0,95,0,34,108,11,0,0,11,0,0,97,10,64,2,5,6,0,0,1,0,0,0,
Omar Emmons,155769,S,MS VLY ST,1,0,0,0.0,0,0,228,0,0,80.5,81.2,73.7,,64.7,75.3,0,0,0,0,,0.0,0,1,0,39.6,0,0,0,1,0,13,20,0,0,0,0,0,18,20,0,7,1,1,1,1,2,0,0,0,0,
Kaden White,155771,S,MS VLY ST,6,2,0,62.5,0,0,228,0,0,55.2,57.7,84.7,60.0,63.3,30.4,0,0,0,0,22,36.4,4,0,0,87.5,5,0,0,24,4,57,116,0,0,0,0,0,63,116,1,58,23,2,5,1,8,0,0,64,47,12.8
Joey Slackman,155772,DI,PENN,10,9,2,,0,1,267,0,0,61.9,85.1,66.0,82.6,80.2,55.5,4,20,0,0,,13.3,6,0,1,0.0,0,7,0,0,0,1,493,492,24,434,1,33,0,1,297,195,0,29,30,4,0,31,0,0,0,
Jalen McClendon,155787,CB,TENN STATE,7,5,0,61.5,0,0,308,0,0,69.7,73.7,80.5,,82.2,81.3,0,0,0,0,15,4.3,1,0,0,70.7,8,0,0,19,145,88,174,1,0,0,1,0,6,173,0,86,2,3,17,0,13,0,0,54,52,6.8
Jalen Carr,155788,CB,TARLETON,9,3,0,51.4,0,0,401,0,0,65.7,68.5,32.9,83.0,72.3,67.6,0,1,0,0,50,14.3,4,4,3,98.3,18,2,0,22,454,253,481,2,0,0,2,0,2,479,7,221,0,10,21,0,35,3,2,288,117,16.0
Noah Labbe,155798,ED,CORNELL,5,4,0,75.0,0,0,147,0,0,42.1,64.2,84.0,64.1,75.2,58.6,1,2,0,0,17,14.3,1,0,0,132.3,3,1,0,21,0,16,99,74,0,0,69,5,0,25,41,42,4,1,2,0,4,4,1,27,18,9.0
Nehemiah Tarble,155804,LB,TEXAS STHN,1,0,0,,0,0,313,0,0,60.0,60.3,61.7,,,,0,0,0,0,,,0,0,0,0.0,0,0,0,1,0,1,1,0,0,0,0,0,0,1,0,0,0,0,0,0,0,0,0,0,0,
Perry Wells,155805,CB,TEXAS STHN,10,5,0,66.7,0,0,313,0,0,67.0,64.8,80.3,91.2,53.9,46.0,0,0,0,1,14,25.0,5,0,1,36.8,4,0,0,103,2,110,257,4,0,0,4,0,1,253,3,144,145,6,10,1,6,0,0,27,1,6.8
Blake Smith,155827,S,TARLETON,9,1,0,90.0,0,1,401,1,0,64.0,61.2,0.0,72.2,53.6,54.4,0,0,0,0,24,23.5,4,1,2,106.7,9,0,0,12,0,90,157,4,0,0,4,0,114,153,5,62,27,4,12,0,10,0,0,96,39,10.7
Justin Smith,155835,S,WAGNER,10,14,0,52.0,0,0,338,0,0,66.8,61.8,86.4,58.7,52.8,31.7,0,0,0,1,65,28.3,15,2,0,87.1,13,0,0,304,0,249,564,6,0,0,5,1,166,558,2,313,88,5,24,0,25,0,1,270,193,20.8
Kyle Taylor,155840,ED,TARLETON,11,13,0,70.0,0,0,401,1,0,60.3,68.6,91.5,59.9,75.0,77.8,2,11,0,0,28,6.5,3,0,1,86.7,7,4,0,115,0,95,503,328,2,0,325,1,0,175,188,220,60,24,30,3,10,17,0,63,45,9.0
Zavion Evans,155841,ED,HOUCHR,4,0,0,,1,2,183,0,0,61.8,50.3,0.0,62.2,57.1,74.7,0,1,0,0,,0.0,0,0,2,0.0,0,0,0,3,0,5,41,38,0,0,37,1,0,3,19,17,0,2,2,0,0,1,0,0,0,
Tyrik Daniels,155849,ED,N ALABAMA,2,1,0,,0,0,389,0,0,60.0,67.8,76.1,60.0,67.8,75.9,0,2,0,0,,0.0,0,0,0,0.0,0,0,0,0,0,0,34,34,0,0,25,9,0,0,11,23,0,2,3,1,0,2,0,0,0,
Tyler Beckworth,155854,LB,MS VLY ST,1,0,0,,0,0,228,0,0,60.2,37.1,67.6,,50.0,20.1,0,0,0,0,,100.0,1,0,0,0.0,0,0,0,3,0,2,3,0,0,0,0,0,0,3,0,1,0,0,0,0,0,0,0,0,0,
Chris Victor,155855,ED,MS VLY ST,10,7,1,100.0,0,0,228,0,0,65.4,76.3,38.8,71.0,77.8,72.8,1,12,0,0,24,10.0,2,0,1,133.8,5,1,0,4,0,7,166,162,0,0,162,0,0,4,93,66,0,11,11,3,5,14,1,33,16,6.6
Myles Aldridge,155859,LB,TARLETON,2,0,0,0.0,0,0,401,1,0,59.0,55.4,70.1,,55.4,26.6,0,0,0,0,,50.0,1,0,0,39.6,0,0,0,14,0,7,14,0,0,0,0,0,0,14,0,7,0,1,1,0,1,0,0,0,0,
Lucas Banks,155860,DI,MS VLY ST,11,9,1,0.0,0,0,228,0,0,63.6,62.8,52.0,56.0,66.2,70.3,0,6,0,0,,7.4,2,0,1,39.6,0,0,0,3,0,0,280,276,6,226,17,27,0,4,162,118,0,10,16,1,1,6,0,0,0,
Luke Jakubauskas,155863,ED,WAGNER,3,2,0,,0,0,338,0,0,60.2,71.4,78.5,56.6,76.7,64.4,0,1,0,0,,12.5,1,0,0,0.0,0,0,0,3,0,2,71,68,1,16,30,21,0,3,29,40,0,1,5,0,0,1,0,0,0,
Zae Smith,155866,DI,HOUCHR,11,17,1,,1,0,183,0,0,64.4,63.7,47.5,58.7,66.5,72.7,1,9,0,0,,4.7,2,0,3,0.0,0,1,0,0,0,0,712,712,165,520,9,18,0,0,364,348,0,20,24,2,0,11,0,0,0,
Pierce Vickery,155867,DI,MERCER,1,0,0,,0,0,219,0,0,,46.3,73.0,57.8,46.4,,0,0,0,0,,,0,0,0,0.0,0,0,0,0,0,0,17,17,2,15,0,0,0,0,7,10,0,0,0,0,0,0,0,0,0,
Eric O'Neill,155869,ED,LIUSHAR,11,10,1,,1,1,1298,0,0,58.0,88.2,17.8,83.9,88.9,64.2,3,23,0,0,,18.0,9,0,5,0.0,0,11,0,22,0,3,611,587,1,126,326,134,0,24,317,291,0,34,31,10,0,37,0,0,0,
Joshua Randall,155871,ED,SE LA,2,0,0,,0,0,294,0,0,61.4,78.1,75.6,70.5,66.1,76.1,0,3,0,0,,0.0,0,0,0,0.0,0,2,0,0,0,0,31,31,0,4,15,12,0,0,25,6,0,4,2,0,0,5,0,0,0,
Nigel Brown,155872,DI,PRESBYTERN,11,5,0,,0,0,271,0,0,64.8,62.2,10.9,69.7,57.9,59.7,1,5,0,0,,20.0,3,0,3,0.0,0,1,0,0,0,0,276,275,162,108,0,5,0,1,137,139,0,6,7,1,0,7,0,0,0,
Reese Dykstra,155884,TE,LIUSHAR,2,0,0,,0,0,1298,0,0,60.2,37.2,72.5,,36.5,38.2,0,0,0,0,,50.0,1,0,0,0.0,0,0,0,16,0,2,20,3,0,0,3,0,0,17,0,18,0,1,1,1,0,0,0,0,0,
Davion Nash,155893,DI,TENN STATE,10,3,0,,0,0,308,0,0,65.7,65.5,36.6,69.0,58.0,46.2,2,5,0,0,,27.3,3,0,1,0.0,0,4,0,0,0,0,169,168,16,146,5,1,0,1,100,69,0,7,5,1,0,11,0,0,0,
Justyz Tuggle,155899,WR,BETH COOK,1,0,0,,0,0,119,0,0,,60.0,60.0,,60.0,,0,0,0,0,,,0,0,0,0.0,0,0,0,0,0,0,1,0,0,0,0,0,0,1,0,1,0,0,0,0,0,0,0,0,0,
Marvin Smith,155900,S,ALAB A&M,8,4,0,100.0,0,0,104,0,0,69.8,66.0,78.6,68.7,56.5,48.7,0,1,0,0,8,22.7,5,0,0,91.7,2,1,0,33,0,37,87,7,0,0,7,0,27,80,1,49,20,6,13,0,2,2,0,12,1,6.0
Miles Emery,155906,DI,S DAKOTA,4,0,0,,0,0,291,0,0,,71.8,77.6,69.3,67.8,73.6,0,0,0,0,,0.0,0,0,0,0.0,0,1,0,0,0,0,57,57,8,40,2,7,0,0,33,24,0,3,2,0,0,1,0,0,0,
Adrian Lacy,155913,LB,PRVIEW A&M,4,3,0,0.0,0,0,270,0,0,74.6,79.5,73.5,64.9,66.5,80.9,0,0,0,1,,0.0,0,0,0,0.0,0,0,0,20,0,3,22,1,0,0,1,0,0,21,1,18,1,1,3,0,1,0,0,0,0,
Hunter Parsons,155915,ED,MONTANA ST,9,2,0,,0,0,233,0,0,60.7,55.4,81.7,43.9,65.4,38.5,0,3,0,0,,25.0,2,0,0,0.0,0,0,0,0,0,1,127,127,0,1,123,3,0,0,59,67,0,2,4,0,0,3,0,0,0,
TJ Butler,155917,S,BRYANT,10,5,0,46.4,0,0,124,0,0,53.4,56.3,45.2,55.4,67.4,52.7,0,2,0,0,46,22.9,8,0,3,84.4,13,0,0,89,0,331,576,2,0,0,2,0,343,574,4,241,141,6,22,0,28,2,1,213,90,16.4
Branden Layne,155923,ED,HOUCHR,8,1,0,100.0,0,0,183,0,0,62.7,55.7,84.1,58.0,50.7,80.8,0,0,0,0,13,0.0,0,0,0,118.8,1,1,0,13,0,17,121,107,0,0,106,1,0,14,45,59,1,4,5,1,1,1,0,13,1,13.0
Alema Tupuola,155928,LB,WEBER ST,6,2,0,0.0,0,0,342,0,0,64.0,64.4,85.1,59.3,62.4,60.5,0,0,0,0,,20.0,1,0,0,39.6,0,0,0,31,0,18,33,1,0,0,1,0,0,32,1,14,0,2,2,0,1,0,0,0,0,
Marcel Mami,155937,LB,ST FRANCIS,12,14,0,71.4,0,1,299,0,0,61.5,78.5,87.5,59.1,88.9,83.3,0,5,0,0,17,7.9,6,0,0,115.2,10,1,0,353,1,177,499,51,0,0,51,0,0,448,51,271,92,37,56,2,14,6,1,100,63,10.0
Cobie Bates,155941,WR,MS VLY ST,2,0,0,,0,0,228,0,0,60.0,62.8,60.0,,60.0,,0,0,0,0,,,0,0,0,0.0,0,0,0,0,0,1,2,0,0,0,0,0,0,2,0,1,0,0,0,0,0,0,0,0,0,
Dante Daniel,155943,LB,DELWARE ST,7,2,0,83.3,0,1,152,1,0,55.2,68.2,78.8,63.7,79.7,39.9,0,0,0,0,7,28.6,4,0,0,82.6,5,1,0,109,0,54,111,0,0,0,0,0,0,111,5,52,0,5,8,2,6,1,0,23,22,4.6
Dru Polidore Jr.,155951,CB,MONTANA ST,12,3,0,65.2,0,0,233,0,0,61.6,60.7,83.2,56.7,56.3,75.3,0,0,0,0,34,8.7,2,0,1,105.0,15,0,0,20,239,148,289,15,0,0,15,0,4,274,4,137,8,6,18,2,23,0,1,188,94,12.5
Tyion Berry,155969,WR,CENT ARK,3,0,0,,0,0,132,0,0,,62.4,60.0,,60.0,,0,0,0,0,,,0,0,0,0.0,0,0,0,0,0,0,3,0,0,0,0,0,0,3,0,3,0,0,0,0,0,0,0,0,0,
Mike Johnson,155971,LB,MERRIMACK,2,0,0,,0,0,385,0,0,62.3,44.2,70.0,,60.0,,0,0,0,0,,,0,0,0,0.0,0,0,0,7,0,6,7,0,0,0,0,0,0,7,0,1,0,0,0,0,0,0,0,0,0,
Keyshawn Johnson,155973,CB,WAGNER,3,0,0,100.0,0,0,338,0,0,54.2,50.5,77.2,,43.4,26.7,0,0,0,0,15,33.3,1,0,0,109.7,3,0,0,9,63,23,74,2,0,0,2,0,0,72,0,51,0,0,2,0,3,0,0,31,2,10.3
Isaiah Henderson,155987,ED,E TENN ST,3,0,0,,0,0,157,0,0,61.9,75.0,76.8,75.1,66.3,74.7,1,2,0,0,,0.0,0,0,0,0.0,0,1,0,3,0,5,28,23,0,0,23,0,0,5,14,9,1,2,1,0,0,4,0,0,0,
Cory Hennings,155995,S,W CAROLINA,5,2,0,,0,0,344,0,0,58.6,53.7,70.7,,52.7,43.7,0,0,0,0,,25.0,2,0,0,0.0,0,0,0,26,0,8,30,0,0,0,0,0,0,30,0,22,2,2,4,0,0,0,0,0,0,
Imeer Johnson,155997,LB,LIUSHAR,7,1,0,92.9,0,0,1298,0,0,62.2,66.1,5.9,69.8,68.3,46.1,0,1,0,1,19,21.7,5,1,1,89.0,13,1,0,143,0,78,187,26,0,0,22,4,0,161,12,97,18,8,17,2,14,2,1,95,64,7.3
Antonio Ward,156022,LB,KENNESAW,4,2,0,100.0,0,0,200,0,0,56.5,56.3,74.8,56.4,59.2,66.1,0,1,0,0,32,10.0,1,1,0,118.8,4,0,0,46,0,24,47,0,0,0,0,0,0,47,4,19,1,2,7,0,4,1,0,62,49,15.5
Sean Artiss,156046,S,SCAR STATE,1,0,0,,0,0,290,0,0,60.0,60.2,68.4,,60.0,,0,0,0,0,,,0,0,0,0.0,0,0,0,0,0,1,3,0,0,0,0,0,2,3,0,2,1,0,0,0,0,0,0,0,0,
Tate Abel,156056,WR,TARLETON,1,0,0,,0,0,401,0,0,,60.0,60.0,,60.0,,0,0,0,0,,,0,0,0,0.0,0,0,0,0,0,0,1,0,0,0,0,0,0,1,0,1,0,0,0,0,0,0,0,0,0,
Anthony Dunn Jr.,156819,ED,FL A&M,8,2,1,,0,1,164,1,0,64.9,73.7,0.7,69.7,76.7,81.8,2,3,0,0,,0.0,0,0,2,0.0,0,4,0,1,0,1,138,137,4,22,100,11,0,1,98,39,0,13,10,2,0,9,0,0,0,
Kai Rapolla,158920,CB,CAL POLY,1,0,0,,0,0,129,0,0,60.0,61.9,68.5,,60.0,,0,0,0,0,,,0,0,0,0.0,0,0,0,3,3,1,7,0,0,0,0,0,0,7,0,6,1,0,0,0,0,0,0,0,0,
Don Saunders,158931,CB,CAL POLY,7,0,0,48.5,0,0,129,0,0,58.8,59.8,81.8,58.6,63.0,34.5,0,0,0,2,71,29.4,5,3,1,94.4,16,0,0,23,214,123,252,2,0,0,2,0,1,250,2,127,12,2,12,0,33,0,4,298,151,18.6
Jay'Vion Cole,158932,CB,CAL POLY,11,2,0,51.4,0,0,129,0,0,55.4,59.6,83.7,,74.9,28.3,0,0,0,4,65,34.5,10,3,0,85.0,19,0,0,26,379,204,428,0,0,0,0,0,12,428,0,224,11,4,17,0,37,0,5,356,182,18.7
Mason Rivera,158934,S,CAL POLY,8,6,0,57.1,0,1,129,0,0,54.0,53.8,82.7,66.0,52.2,44.6,0,1,0,0,14,23.8,10,1,0,75.9,4,0,0,81,2,100,233,1,0,0,1,0,88,232,2,131,61,12,26,0,7,1,0,44,19,11.0
Julius Jordan,158936,ED,CAL POLY,1,0,0,,0,0,129,0,0,,51.2,71.5,58.3,53.5,72.2,0,0,0,0,,0.0,0,0,0,0.0,0,0,0,0,0,0,6,6,0,0,6,0,0,0,2,4,0,1,1,0,0,0,0,0,0,
Kenny Olson,158937,LB,CAL POLY,1,0,0,,0,0,129,0,0,60.0,72.7,67.7,,69.1,73.1,0,0,0,0,,0.0,0,0,0,0.0,0,0,0,7,0,1,7,0,0,0,0,0,0,7,0,6,0,1,1,0,0,0,0,0,0,
Soni Finau,158938,DI,CAL POLY,9,2,0,,0,0,129,1,0,60.0,58.4,63.9,59.9,57.4,45.6,0,3,0,0,,15.4,2,0,1,0.0,0,0,0,0,0,0,378,378,217,160,0,1,0,0,150,228,0,6,9,1,0,3,0,0,0,
Zachary Denis,158939,ED,CAL POLY,4,3,0,,0,0,129,0,0,,74.0,80.6,71.7,70.8,80.4,1,4,0,0,,0.0,0,0,0,0.0,0,0,0,0,0,0,92,92,0,6,77,9,0,0,28,64,0,5,7,0,0,5,0,0,0,
Jordan Sanders,158940,DI,CAL POLY,2,0,0,,0,0,129,0,0,,62.2,75.6,76.9,53.7,22.7,1,0,0,0,,50.0,1,0,0,0.0,0,0,0,0,0,0,45,45,1,35,0,9,0,0,15,30,0,1,1,1,0,1,0,0,0,
Brian Dukes Jr.,158941,S,CAL POLY,11,14,0,56.3,0,0,129,0,0,70.1,68.3,85.5,55.7,63.5,60.1,0,0,1,2,65,17.4,12,4,0,80.2,18,0,0,237,9,279,547,6,0,0,6,0,207,541,2,266,88,15,43,1,32,0,2,280,192,15.6
Collin Fujimoto-Young,158946,DI,E WASHGTON,1,0,0,,0,0,161,0,0,,78.1,68.4,67.8,60.0,69.7,0,1,0,0,,0.0,0,0,0,0.0,0,0,0,0,0,0,3,3,0,3,0,0,0,0,2,1,0,1,1,1,0,1,0,0,0,
Drew Carter,158954,S,E WASHGTON,3,1,0,100.0,0,0,161,0,0,67.4,59.7,76.8,,48.8,48.4,0,0,0,0,5,25.0,2,0,0,81.3,2,0,0,10,0,15,45,1,0,0,1,0,30,44,0,30,4,2,5,0,2,0,0,7,3,3.5
Amani Pressley,158961,CB,E WASHGTON,2,0,0,0.0,0,0,161,0,0,55.7,52.0,73.0,,50.1,27.9,0,0,0,0,,50.0,1,0,0,39.6,0,0,0,3,20,7,23,0,0,0,0,0,0,23,0,16,0,0,1,0,2,0,0,0,0,
Ormanie Arnold,158982,CB,IDAHO,4,1,0,60.0,0,0,185,0,0,53.0,52.7,0.0,,67.2,27.6,0,0,0,1,10,50.0,3,0,1,31.7,3,0,0,2,55,26,62,0,0,0,0,0,0,62,0,36,5,0,2,0,5,0,0,23,6,7.7
Dylan Layne,158985,LB,IDAHO,3,0,0,,0,0,185,0,0,62.6,69.7,67.2,,68.9,76.5,0,0,0,0,,0.0,0,0,0,0.0,0,0,0,10,0,5,11,0,0,0,0,0,0,11,0,6,0,2,2,0,0,0,0,0,0,
Jackson Beck,158987,LB,IDAHO,1,0,0,,0,0,185,0,0,,62.3,66.5,,60.8,,0,0,0,0,,,0,0,0,0.0,0,0,0,0,0,0,2,2,0,2,0,0,0,0,0,2,0,0,0,0,0,0,0,0,0,
Cooper Wooley,158989,ED,IDAHO,1,0,0,,0,0,185,0,0,,60.5,65.6,,60.0,,0,0,0,0,,,0,0,0,0.0,0,0,0,0,0,0,1,1,0,0,1,0,0,0,0,1,0,0,0,0,0,0,0,0,0,
Jareb Ramos,159002,DI,MONTANA,1,0,0,,0,0,232,0,0,,59.4,67.1,59.2,,,0,0,0,0,,,0,0,0,0.0,0,0,0,0,0,0,2,2,1,1,0,0,0,0,2,0,0,0,0,0,0,0,0,0,0,
Ezekiel Duncan,159019,ED,N ARIZONA,3,0,0,,0,0,252,0,0,60.0,59.3,74.4,65.7,64.2,18.4,0,1,0,0,,100.0,1,0,0,0.0,0,0,0,0,0,0,24,24,0,8,11,5,0,0,10,14,0,0,0,0,0,1,0,0,0,
Micah Carreon,159020,ED,N ARIZONA,2,0,0,,0,0,252,0,0,,57.4,72.9,55.2,59.3,,0,1,0,0,,,0,0,0,0.0,0,0,0,0,0,0,21,21,0,10,2,9,0,0,6,15,0,0,0,0,0,1,0,0,0,
Alani Ma'afu,159021,DI,N ARIZONA,8,2,0,,0,0,252,0,0,60.0,63.2,78.6,67.3,55.7,29.2,0,4,0,0,,33.3,1,0,0,0.0,0,1,0,0,0,0,88,88,11,64,0,13,0,0,55,33,0,1,0,0,0,5,0,0,0,
Warren-Stevens Tayou,159022,ED,N ARIZONA,4,1,0,,0,0,252,0,0,61.1,63.9,76.3,61.6,62.3,70.8,1,1,0,0,,0.0,0,0,0,0.0,0,0,0,1,0,2,36,34,0,1,22,11,0,2,18,16,1,0,0,0,0,2,0,0,0,
Kylen Woods,159023,WR,N COLORADO,1,0,0,,0,0,253,0,0,,60.0,60.0,,60.0,,0,0,0,0,,,0,0,0,0.0,0,0,0,0,0,0,1,0,0,0,0,0,0,1,0,1,0,0,0,0,0,0,0,0,0,
Marcus Howard,159030,ED,N COLORADO,3,0,2,,0,0,253,0,0,60.4,65.9,76.9,79.4,50.4,72.2,0,1,0,0,,,0,0,0,0.0,0,1,0,3,0,2,23,20,0,0,20,0,0,3,8,13,0,1,0,0,0,2,0,0,0,
Ezra Ekuban,159031,ED,N COLORADO,2,0,0,,0,0,253,0,0,,62.9,75.7,55.6,65.9,73.0,0,0,0,0,,0.0,0,0,0,0.0,0,0,0,0,0,0,16,16,0,0,16,0,0,0,7,9,0,0,1,0,0,0,0,0,0,
Aliou-Rocco Traore,159032,S,N COLORADO,1,0,0,100.0,0,0,253,0,0,54.8,59.0,74.6,,65.3,75.1,0,0,0,0,15,0.0,0,0,0,100.0,2,0,0,7,0,9,25,0,0,0,0,0,10,25,0,16,8,1,1,0,2,0,0,16,19,8.0
Lamereon Curry,159034,CB,N COLORADO,3,1,0,60.0,1,0,253,0,0,59.1,62.9,79.7,59.9,71.3,39.7,0,0,0,0,37,33.3,2,0,1,141.7,3,0,0,3,43,31,66,10,10,0,0,0,0,56,1,34,10,1,3,1,5,0,1,60,39,20.0
LaDavion Osborn,159035,CB,N COLORADO,3,0,0,50.0,0,0,253,0,0,53.9,54.9,78.3,60.0,59.9,46.9,0,0,0,0,23,25.0,1,0,0,78.1,2,0,0,5,95,44,102,0,0,0,0,0,1,102,1,57,0,1,3,0,4,0,0,33,21,16.5
Alfred Smith,159036,CB,N COLORADO,2,0,0,100.0,0,0,253,0,0,72.7,74.3,72.5,,60.0,78.5,0,0,0,0,9,0.0,0,0,0,104.2,1,0,0,1,0,5,9,0,0,0,0,0,0,9,0,4,8,1,2,0,1,0,0,9,1,9.0
Jaiden Letua,159038,LB,N COLORADO,2,1,0,66.7,0,0,253,0,0,58.4,59.5,74.2,57.9,62.8,49.4,0,1,0,0,4,25.0,2,0,0,70.1,2,0,0,32,0,22,36,1,0,0,1,0,0,35,2,12,3,2,5,0,3,1,0,8,10,4.0
Noah Mangham,159039,CB,N COLORADO,3,0,0,,0,0,253,0,0,,65.8,73.8,,67.5,76.2,0,0,0,0,,0.0,0,0,0,0.0,0,0,0,1,10,0,12,0,0,0,0,0,0,12,0,12,0,0,2,0,0,0,0,0,0,
Chance Miller,159044,WR,PORTLAND,1,0,0,,0,0,269,0,0,,60.0,60.0,,60.0,,0,0,0,0,,,0,0,0,0.0,0,0,0,0,0,0,1,0,0,0,0,0,0,1,0,1,0,0,0,0,0,0,0,0,0,
Joseph Nanai,159050,LB,PORTLAND,1,0,0,,0,0,269,0,0,,57.7,65.6,56.4,60.1,,0,0,0,0,,,0,0,0,0.0,0,0,0,6,0,0,6,0,0,0,0,0,0,6,4,2,0,0,0,0,0,0,0,0,0,
Duhron Goodman,159058,S,PORTLAND,4,6,0,100.0,0,0,269,0,0,60.1,66.6,79.1,,77.1,75.6,0,0,0,0,53,9.1,1,0,0,158.3,2,0,0,15,1,42,85,0,0,0,0,0,66,85,0,43,2,1,4,0,2,0,1,70,52,35.0
Michael Hurst Jr.,159059,CB,PORTLAND,1,0,0,0.0,0,0,269,0,0,76.7,77.6,70.5,,62.9,73.5,0,0,0,0,,0.0,0,0,0,39.6,0,0,0,0,11,8,12,0,0,0,0,0,0,12,0,4,0,0,1,0,2,0,0,0,0,
Ezriel Vasquez,159063,CB,PORTLAND,10,3,0,69.2,0,0,269,0,0,49.5,47.0,85.0,53.2,39.3,48.4,0,0,0,0,63,21.9,7,3,0,132.9,27,0,0,30,254,162,302,14,0,0,14,0,1,288,9,131,2,6,22,0,39,0,6,314,138,11.6
Trevian Tribble,159072,S,WEBER ST,8,1,0,50.0,0,0,342,0,0,61.6,65.8,79.7,,72.8,61.7,0,0,0,0,27,20.0,2,0,0,95.8,1,0,0,7,0,54,104,0,0,0,0,0,92,104,0,50,4,1,7,0,2,0,0,27,14,27.0
Mapa Vaenuku,159076,ED,WEBER ST,1,0,0,,0,1,342,0,0,60.0,77.0,71.2,66.2,60.0,,0,0,0,0,,,0,0,0,0.0,0,0,0,0,0,1,4,3,0,0,3,0,0,1,2,1,1,0,0,0,0,0,0,0,0,
EJ Evett,159078,S,WEBER ST,6,1,0,50.0,0,0,342,0,0,68.3,67.7,79.9,57.9,65.0,79.6,0,0,0,0,15,6.3,1,1,0,69.4,3,0,0,35,1,63,137,1,0,0,1,0,78,136,2,72,21,3,14,0,6,0,0,37,7,12.3
Montae Pate,159083,CB,WEBER ST,3,0,0,0.0,0,0,342,0,0,76.5,78.0,71.2,,60.0,,0,0,0,0,,,0,1,0,39.6,0,0,0,0,12,4,12,0,0,0,0,0,0,12,0,8,0,0,0,0,2,0,0,0,0,
Toddrick Dixon,159088,CB,WEBER ST,8,0,0,57.1,0,0,342,0,0,70.4,68.3,79.4,,54.8,57.0,0,0,0,0,16,16.7,1,1,1,69.9,4,0,0,2,5,38,61,0,0,0,0,0,3,61,0,23,50,1,5,0,7,0,0,34,18,8.5
Pierre Hunter,159091,S,WEBER ST,2,0,0,,0,0,342,0,0,60.6,63.4,68.6,,60.0,76.4,0,0,0,0,,0.0,0,0,0,0.0,0,0,0,0,0,2,5,0,0,0,0,0,5,5,0,3,0,1,1,0,0,0,0,0,0,
Shane Thrift,159093,CB,DELAWARE,4,0,0,,0,0,151,0,0,64.8,67.1,70.4,,64.7,74.3,0,1,0,0,,0.0,0,0,0,0.0,0,0,0,7,8,8,15,0,0,0,0,0,0,15,0,7,0,0,1,0,0,1,0,0,0,
Steven Rose Jr.,159096,S,DELAWARE,7,1,0,100.0,0,0,151,0,0,49.1,55.9,77.1,60.0,63.9,57.4,0,0,0,1,45,16.7,2,0,0,118.8,2,0,0,21,0,19,58,2,0,0,2,0,35,56,1,38,0,3,9,0,2,0,1,61,8,30.5
Pete Melle,159097,ED,DELAWARE,2,1,0,,0,0,151,0,0,,70.4,73.1,58.0,70.7,38.0,0,0,0,0,,33.3,1,0,0,0.0,0,0,0,0,0,0,15,15,0,5,8,2,0,0,4,11,0,1,1,0,0,0,0,0,0,
Chuck Nnaeto,159105,DI,ELON,8,1,0,,0,0,162,0,0,,73.3,29.5,65.2,79.2,77.7,0,3,0,0,,0.0,0,0,1,0.0,0,0,0,0,0,0,138,138,34,104,0,0,0,0,85,53,0,6,8,0,0,3,0,0,0,
Cazeem Moore,159108,ED,ELON,12,5,0,100.0,1,0,162,1,0,56.4,60.8,29.4,62.0,63.1,31.1,1,17,0,0,7,21.4,6,0,3,89.6,2,4,0,1,0,4,437,436,3,19,370,44,0,1,275,158,0,16,17,4,2,22,0,11,2,5.5
Senquavious Alsobrooks,159113,S,ELON,1,0,0,,0,0,162,0,0,60.0,60.0,63.7,,,,0,0,0,0,,,0,0,0,0.0,0,0,0,0,0,1,1,0,0,0,0,0,1,1,0,0,0,0,0,0,0,0,0,0,0,
Ethan Grace,159114,ED,ELON,1,0,0,,0,0,162,0,0,,55.4,71.8,55.3,,,0,0,0,0,,,0,0,0,0.0,0,0,0,0,0,0,6,6,0,0,5,1,0,0,6,0,0,0,0,0,0,0,0,0,0,
Marco Patierno,159115,LB,ELON,2,1,0,0.0,0,0,162,0,0,64.8,64.0,72.8,,57.9,76.0,0,0,0,0,,0.0,0,0,0,39.6,0,0,0,11,0,8,13,0,0,0,0,0,0,13,0,5,2,0,1,0,1,0,0,0,0,
Ishmel Atkins,159117,S,ELON,2,1,0,100.0,0,0,162,0,0,53.1,60.7,75.3,69.4,69.4,55.9,0,0,0,0,38,20.0,1,0,0,158.3,3,0,0,10,0,15,25,0,0,0,0,0,5,25,2,8,10,0,3,0,3,0,1,57,38,19.0
Jesse Powell II,159118,CB,ELON,2,0,0,100.0,0,0,162,0,0,71.7,64.8,74.0,,46.5,76.5,0,0,0,0,3,0.0,0,0,0,79.2,1,0,0,0,0,8,13,0,0,0,0,0,0,13,0,5,13,2,2,0,1,0,0,3,0,3.0
Sherrod Hudson,159135,CB,MAINE,1,0,0,,0,0,212,0,0,60.0,60.7,63.5,,,,0,0,0,0,,,0,0,0,0.0,0,0,0,0,1,1,1,0,0,0,0,0,0,1,0,0,0,0,0,0,0,0,0,0,0,
Jaylen Long,159142,LB,MAINE,2,0,0,100.0,0,0,212,0,0,56.3,58.3,81.4,58.7,64.4,74.8,0,0,0,0,6,0.0,0,0,1,91.7,1,0,0,7,0,20,39,14,0,0,14,0,1,25,11,8,17,0,1,0,1,0,0,6,9,6.0
Elijah Alexander,159143,LB,MAINE,1,1,0,,0,0,212,0,0,62.1,29.9,74.2,55.6,28.0,33.2,0,1,0,0,,33.3,1,0,0,0.0,0,0,0,30,0,6,32,0,0,0,0,0,0,32,1,25,2,0,1,0,0,1,0,0,0,
Brendan Bigos,159149,ED,MONMOUTH,4,1,0,,0,0,231,0,0,62.3,68.2,78.5,66.4,64.1,75.7,0,4,0,0,,0.0,0,0,0,0.0,0,0,0,0,0,2,46,46,0,0,41,5,0,0,21,23,0,2,2,0,0,4,0,0,0,
T.J. Farrell,159165,ED,NEW HAMP,1,0,0,,0,0,240,0,0,,60.0,63.6,59.7,,,0,0,0,0,,,0,0,0,0.0,0,0,0,0,0,0,1,1,0,0,0,1,0,0,1,0,0,0,0,0,0,0,0,0,0,
Cameron Garner-Young,159167,DI,NEW HAMP,2,1,0,,0,0,240,0,0,60.0,64.0,72.1,57.1,64.5,69.7,0,0,0,0,,0.0,0,0,0,0.0,0,0,0,0,0,0,15,15,0,14,0,1,0,0,9,6,0,0,0,0,0,0,0,0,0,
Justin Fevrier,159169,DI,NEW HAMP,2,0,0,,0,0,240,0,0,61.7,66.5,72.4,57.4,60.9,70.2,0,0,0,0,,0.0,0,0,0,0.0,0,0,0,0,0,0,10,10,5,5,0,0,0,0,6,4,0,1,1,0,0,0,0,0,0,
Trae Tomlinson,159180,S,RICHMOND,9,1,0,0.0,0,0,276,0,0,68.3,70.8,79.5,,75.2,62.5,0,0,0,0,,14.3,1,1,0,39.6,0,0,0,15,1,70,96,0,0,0,0,0,52,96,0,26,28,2,5,0,1,0,0,0,0,
D'Angelo Stocker,159182,CB,RICHMOND,2,1,0,100.0,0,0,276,0,0,58.7,63.3,73.0,,70.3,80.5,0,0,0,0,19,0.0,0,0,0,118.8,1,0,0,1,20,9,21,0,0,0,0,0,0,21,0,12,0,1,4,0,1,0,0,19,0,19.0
Zion Bryson,159185,ED,RICHMOND,4,0,0,,0,0,276,0,0,,50.4,76.3,57.8,45.2,24.5,0,1,0,0,,100.0,1,0,0,0.0,0,1,0,0,0,0,34,34,0,0,34,0,0,0,23,11,0,1,0,0,0,2,0,0,0,
Camden Byrd,159186,ED,RICHMOND,1,0,0,,0,0,276,0,0,,54.4,70.0,64.5,51.8,18.2,0,1,0,0,,100.0,1,0,0,0.0,0,0,0,0,0,0,4,4,0,0,4,0,0,0,1,3,0,0,0,0,0,1,0,0,0,
Cashton Haffery,159191,CB,STNY BROOK,4,0,0,100.0,0,0,303,0,0,55.3,57.9,73.7,,63.7,,0,0,0,0,9,,0,0,0,104.2,1,0,0,4,28,7,32,0,0,0,0,0,0,32,0,25,0,0,0,0,1,0,0,9,0,9.0
Noah Rodriguez,159192,S,STNY BROOK,2,1,0,,0,0,303,0,0,63.4,66.3,74.5,,64.3,77.0,0,0,0,0,,0.0,0,0,0,0.0,0,0,0,2,0,3,12,0,0,0,0,0,0,12,0,9,10,1,1,0,0,0,0,0,0,
De'Aundre Cruz,159194,LB,STNY BROOK,8,5,0,75.0,0,1,303,0,0,69.2,76.5,76.7,55.2,80.0,70.0,0,1,0,0,42,11.1,2,1,0,116.7,3,0,0,103,0,42,112,1,0,0,1,0,0,111,6,64,8,8,11,2,4,1,0,66,46,22.0
Bryce Barnes,159232,S,WM & MARY,5,1,0,100.0,0,0,348,0,0,65.1,68.0,80.6,,76.6,87.4,0,0,0,0,18,0.0,0,0,0,158.3,2,0,0,22,2,86,117,0,0,0,0,0,66,117,0,31,27,0,9,0,2,0,1,25,0,12.5
Christian Hamm,159239,ED,WM & MARY,9,2,0,100.0,0,0,348,0,0,46.8,48.2,81.2,67.8,43.1,81.0,0,4,0,0,13,0.0,0,0,0,110.4,2,0,0,9,0,8,71,61,0,0,60,1,0,10,22,41,1,3,5,2,2,4,0,21,6,10.5
Cobe Crews,159259,S,COLUMBIA,1,0,0,,0,0,145,0,0,60.6,60.7,66.8,,60.0,,0,0,0,0,,,0,0,0,0.0,0,0,0,3,0,2,3,0,0,0,0,0,0,3,0,1,0,0,0,0,0,0,0,0,0,
Jack Smiechowski,159264,LB,COLUMBIA,6,0,0,85.7,0,0,145,0,0,75.5,70.6,77.3,59.6,46.8,57.7,0,1,0,0,18,14.3,1,0,0,88.1,6,0,0,43,0,35,50,3,0,0,3,0,0,47,7,8,4,5,6,1,7,1,0,36,36,6.0
Joshua Powell,159265,ED,COLUMBIA,10,2,1,100.0,0,0,145,1,0,65.3,58.9,56.2,52.8,68.9,40.7,0,7,0,1,11,27.3,3,0,1,66.7,2,1,0,1,0,1,282,281,0,2,210,69,0,1,207,74,0,6,6,2,2,8,0,19,20,9.5
Elias Barrett,159269,DI,COLUMBIA,1,0,0,,0,0,145,0,0,,61.3,67.6,,60.3,,0,0,0,0,,,0,0,0,0.0,0,0,0,0,0,0,2,2,2,0,0,0,0,0,0,2,0,0,0,0,0,0,0,0,0,
Gannon Carothers,159278,HB,CORNELL,1,0,0,,0,0,147,0,0,,60.0,65.7,60.0,,,0,0,0,0,,,0,0,0,0.0,0,0,0,0,0,0,1,1,0,0,1,0,0,0,1,0,0,0,0,0,0,0,0,0,0,
Jackson Fortney,159285,CB,CORNELL,2,0,0,0.0,0,0,147,0,0,76.0,69.2,80.1,58.2,63.1,45.3,0,1,1,1,,50.0,1,0,0,0.0,0,1,0,6,0,7,42,33,0,1,31,1,0,9,17,18,3,2,1,0,1,2,0,0,0,
DJ Hooker,159287,S,CORNELL,9,3,0,37.5,0,0,147,0,0,60.9,60.4,0.0,57.6,64.7,29.7,0,0,0,0,17,31.6,6,1,1,49.0,3,0,0,73,1,81,161,6,0,0,6,0,63,155,2,78,18,4,10,0,8,0,0,30,8,10.0
Jeremiah Lewis,159288,S,CORNELL,6,0,0,50.0,0,0,147,0,0,59.7,58.8,77.4,79.2,45.8,25.3,0,0,0,0,11,60.0,3,0,0,66.7,1,1,0,16,0,14,41,4,0,0,3,1,4,37,4,23,17,1,2,0,2,1,0,11,5,11.0
Mason Yacovelli,159294,DI,CORNELL,10,1,1,,0,1,147,0,0,,62.2,83.3,61.1,61.0,76.5,0,5,0,0,,0.0,0,0,0,0.0,0,0,0,1,0,0,171,170,92,77,0,1,0,1,83,88,0,6,7,1,0,5,0,0,0,
Rick Coleman Jr.,159295,CB,CORNELL,10,0,0,71.4,0,0,147,0,0,34.6,39.2,79.6,57.2,62.2,52.6,0,1,0,0,39,20.0,2,0,2,113.7,5,0,0,15,104,55,127,4,0,0,4,0,3,123,1,71,1,2,8,1,7,1,0,120,31,24.0
Sean Williams,159301,S,DARTMOUTH,9,17,0,70.6,0,0,148,0,0,80.2,81.1,88.7,,77.4,70.5,0,0,0,2,56,13.7,7,1,0,56.9,12,0,0,96,1,290,613,1,0,0,1,0,357,612,0,323,157,6,27,0,17,0,0,145,102,12.1
Joe Onuwabhagbe,159320,DI,DARTMOUTH,1,1,0,,0,0,148,0,0,,59.8,0.0,56.5,67.4,73.3,0,1,0,0,,0.0,0,0,1,0.0,0,0,0,0,0,0,51,51,22,29,0,0,0,0,27,24,0,3,3,0,0,1,0,0,0,
Miguel Vega,159324,S,HARVARD,3,0,0,100.0,0,0,179,0,0,71.2,73.8,74.8,,62.5,81.5,0,0,0,0,4,0.0,0,0,0,79.2,3,0,0,5,0,18,21,0,0,0,0,0,7,21,0,3,9,3,4,0,3,0,0,9,0,3.0
Jakob Frates,159326,LB,HARVARD,2,0,0,,0,0,179,0,0,60.8,53.2,69.0,57.6,54.4,,0,0,0,0,,,0,0,0,0.0,0,0,0,7,0,3,9,2,0,0,2,0,0,7,2,4,0,0,0,0,0,0,0,0,0,
Xavier Agostino,159332,DI,HARVARD,2,0,0,,0,0,179,0,0,,52.5,74.0,57.2,53.7,,0,0,0,0,,,0,0,0,0.0,0,0,0,0,0,0,17,17,12,5,0,0,0,0,12,5,0,0,0,0,0,0,0,0,0,
Rylan Crawford,159363,CB,ILL STATE,1,0,0,,0,0,188,0,0,,67.7,71.0,,68.6,75.3,0,0,0,0,,0.0,0,0,0,0.0,0,0,0,1,0,0,6,0,0,0,0,0,1,6,0,6,4,1,1,0,0,0,0,0,0,
Micah Hauser,159370,S,INDIANA ST,4,1,0,66.7,0,0,191,0,0,47.9,52.1,74.5,60.0,58.5,28.1,0,0,0,0,22,40.0,4,0,0,109.7,2,0,0,27,0,23,58,0,0,0,0,0,26,58,1,34,5,2,5,0,3,0,0,38,31,19.0
Bilhal Kone,159385,CB,INDIANA ST,8,6,0,68.8,0,0,191,1,0,58.3,64.1,85.3,52.9,83.7,56.0,0,1,0,0,50,20.0,10,6,3,121.9,33,0,0,48,434,254,541,18,0,0,18,0,18,523,7,280,22,7,34,0,48,1,4,400,168,12.1
Michael Okamo Lufile,159387,LB,INDIANA ST,10,4,0,88.9,0,0,191,0,0,33.2,48.9,79.2,66.4,61.4,34.1,1,1,0,0,16,27.0,10,0,0,143.5,8,0,0,172,0,64,184,3,0,0,3,0,1,181,8,112,7,9,23,1,9,2,1,86,71,10.8
Malik Chatman,159390,CB,INDIANA ST,8,0,0,63.2,0,0,191,0,0,60.3,58.2,82.0,59.3,48.0,71.5,0,0,0,0,57,8.3,1,2,0,97.9,12,0,0,19,240,123,269,1,0,0,1,0,3,268,1,145,6,1,11,0,19,0,0,197,44,16.4
Garret Ollendieck,159392,LB,INDIANA ST,11,10,1,84.6,0,0,191,0,0,51.0,69.2,82.6,61.7,80.8,60.7,0,7,0,1,21,14.8,9,0,0,76.0,11,2,0,336,1,148,384,30,0,0,30,0,0,354,48,188,17,23,42,3,13,9,0,129,53,11.7
Antoineo Harris Jr.,159396,ED,INDIANA ST,9,2,1,,0,0,191,0,0,60.2,65.6,0.0,63.3,74.5,76.9,1,6,0,0,,0.0,0,0,2,0.0,0,0,0,0,0,1,126,126,0,0,110,16,0,0,82,43,0,2,3,0,0,7,0,0,0,
Bryan Henderson II,159403,DI,INDIANA ST,3,0,0,,0,0,191,0,0,,53.3,73.4,56.7,53.9,,0,0,0,0,,,0,0,0,0.0,0,0,0,0,0,0,21,21,0,20,0,1,0,0,12,9,0,0,0,0,0,0,0,0,0,
Wesley Bazzle,159417,DI,MO STATE,1,0,0,,0,0,230,0,0,,60.9,66.5,60.0,60.0,,0,0,0,0,,,0,0,0,0.0,0,0,0,0,0,0,2,2,0,2,0,0,0,0,1,1,0,0,0,0,0,0,0,0,0,
Ethan Copeland,159426,CB,N IOWA,2,0,0,100.0,0,0,255,0,0,63.1,63.7,68.0,,,,0,0,0,0,7,,0,0,0,95.8,1,0,0,0,0,4,4,0,0,0,0,0,0,4,0,0,4,0,0,0,1,0,0,7,0,7.0
Dewuan Mack,159427,CB,N IOWA,2,0,0,100.0,0,0,255,0,0,72.0,73.4,69.1,,60.0,74.2,0,0,0,0,4,0.0,0,0,0,83.3,1,0,0,0,6,5,6,0,0,0,0,0,0,6,0,1,0,1,1,0,1,0,0,4,0,4.0
Dalesean Staley,159429,S,N IOWA,4,0,0,,0,0,255,0,0,64.3,67.0,73.1,,65.0,76.4,0,0,0,0,,0.0,0,0,0,0.0,0,0,0,7,0,7,19,0,0,0,0,0,7,19,0,12,5,0,1,0,0,0,0,0,0,
Jahsiah Galvan,159431,CB,N IOWA,1,0,0,,0,0,255,0,0,62.0,62.0,71.2,59.4,60.0,,0,0,0,0,,,0,0,0,0.0,0,0,0,0,0,3,5,1,0,0,1,0,0,4,1,1,4,0,0,0,0,0,0,0,0,
Brian Williams,159445,DI,S DAK ST,9,3,0,,0,1,292,0,0,56.2,63.2,80.6,60.0,67.2,28.0,0,4,0,0,,35.7,5,0,0,0.0,0,0,0,0,0,1,178,178,11,162,0,5,0,0,97,80,0,6,6,1,0,4,0,0,0,
Amir Bryant,159451,CB,LIUSHAR,4,0,0,75.0,0,0,1298,0,0,46.1,49.4,76.7,,57.6,71.2,0,0,0,0,46,12.5,1,1,1,116.7,3,0,0,9,54,17,63,0,0,0,0,0,0,63,0,46,0,2,7,0,4,0,0,79,27,26.3
Zahfir McCullough,159462,ED,LIUSHAR,6,4,0,,0,0,1298,0,0,55.2,66.1,80.7,69.8,63.4,46.6,0,2,0,0,,22.2,2,0,0,0.0,0,2,0,3,0,0,91,88,0,0,68,20,0,3,44,47,0,3,3,0,0,4,0,0,0,
Orin Ormsby,159463,ED,LIUSHAR,11,3,0,,0,0,1298,0,0,,49.1,82.6,54.2,47.3,20.2,2,1,0,0,,60.0,6,0,0,0.0,0,0,0,4,0,0,170,166,0,19,87,60,0,4,67,103,0,0,1,0,0,3,0,0,0,
Mike Thompson,159464,DI,LIUSHAR,11,8,0,,1,0,1298,1,0,,64.6,1.6,55.6,75.7,62.1,0,2,0,0,,8.7,2,0,5,0.0,0,2,0,3,0,0,449,445,98,314,1,32,0,4,229,220,0,15,13,1,0,4,0,0,0,
Carson Binder,159465,DI,LIUSHAR,7,0,0,,0,0,1298,0,0,,50.7,0.0,62.6,53.0,26.0,0,4,0,0,,50.0,1,0,2,0.0,0,1,0,0,0,0,80,80,4,65,2,9,0,0,49,31,0,0,1,0,0,5,0,0,0,
Luke Kelley,159466,ED,LIUSHAR,5,1,0,,0,0,1298,0,0,,48.0,76.2,61.1,43.4,73.6,0,0,0,0,,0.0,0,0,0,0.0,0,1,0,1,0,0,30,29,0,7,15,7,0,1,13,17,0,1,0,0,0,1,0,0,0,
Donovan Wadley,159476,WR,MERRIMACK,1,0,0,,1,0,385,0,0,,60.0,60.0,,60.0,,0,0,0,0,,,0,0,1,0.0,0,0,0,0,0,0,1,0,0,0,0,0,0,1,0,1,0,0,0,0,0,0,0,0,0,
James Nyamwaya,159479,DI,MERRIMACK,11,6,0,,1,0,385,1,0,82.1,74.7,32.1,76.8,66.5,46.3,1,15,0,0,,18.2,4,0,2,0.0,0,6,0,1,0,0,305,304,146,157,0,1,0,1,199,106,0,11,12,0,0,22,0,0,0,
Nate Henrich,159484,LB,ST FRANCIS,2,0,0,,0,0,299,0,0,,60.5,66.3,,60.0,,0,0,0,0,,,0,0,0,0.0,0,0,0,1,0,0,3,1,0,0,1,0,0,2,0,3,0,0,0,0,0,0,0,0,0,
Aakeem Snell,159486,CB,ST FRANCIS,9,1,0,69.2,0,0,299,0,0,56.5,56.6,80.8,,55.7,48.7,0,0,0,0,75,22.2,2,1,2,128.0,9,0,0,29,182,116,222,0,0,0,0,0,1,222,0,106,9,2,6,0,13,0,1,133,79,14.8
Mercury Swaim,159491,LB,ST FRANCIS,3,0,0,100.0,0,0,299,0,0,64.9,70.5,76.5,53.5,76.2,38.9,0,0,0,0,2,50.0,1,0,0,79.2,1,0,0,17,0,8,47,8,0,0,8,0,0,39,8,31,22,1,1,1,1,0,0,2,6,2.0
Tony Dressler,159495,ED,ST FRANCIS,4,0,0,,0,0,299,0,0,,60.4,75.1,57.7,61.3,,0,0,0,0,,,0,0,0,0.0,0,0,0,0,0,0,13,13,0,0,13,0,0,0,5,8,0,0,0,0,0,0,0,0,0,
Travell Cook,159498,S,ST FRANCIS,12,11,0,62.0,0,3,299,0,0,76.2,80.5,86.7,52.9,88.8,65.9,0,1,0,3,51,15.2,12,4,0,75.6,31,0,0,224,2,326,625,3,0,0,3,0,221,622,12,287,175,26,56,3,50,1,3,322,131,10.4
Carter Glassmyer,159502,ED,ST FRANCIS,2,0,0,,0,0,299,0,0,,57.5,72.3,59.4,58.0,73.1,0,0,0,0,,0.0,0,0,0,0.0,0,0,0,3,0,0,9,4,0,0,4,0,0,5,1,8,1,0,1,0,0,0,0,0,0,
Trey McLeer,159506,S,ST FRANCIS,1,1,0,,0,0,299,0,0,60.8,69.8,68.1,,67.5,76.2,0,0,0,0,,0.0,0,0,0,0.0,0,0,0,5,0,2,6,0,0,0,0,0,0,6,0,4,1,0,0,0,0,0,0,0,0,
Bones Marks,159509,CB,ST FRANCIS,10,5,0,40.9,0,1,299,1,0,72.2,70.0,82.9,43.4,65.9,55.7,0,2,0,1,43,17.9,5,2,2,39.8,9,0,0,64,375,229,445,0,0,0,0,0,3,445,6,210,2,5,18,0,22,2,0,119,38,13.2
Shawn Phillips,159510,DI,ST FRANCIS,1,0,0,,0,0,299,0,0,,27.6,0.0,,41.3,70.2,0,0,0,0,,0.0,0,0,1,0.0,0,0,0,0,0,0,6,6,0,4,0,2,0,0,0,6,0,1,1,0,0,0,0,0,0,
Jalen Robertson,159511,ED,ST FRANCIS,4,0,0,,0,0,299,0,0,,70.6,75.5,63.4,70.5,73.7,0,1,0,0,,0.0,0,0,0,0.0,0,1,0,1,0,0,36,35,0,11,13,11,0,1,14,22,0,2,1,0,0,2,0,0,0,
Will Middleton,159512,LB,ST FRANCIS,12,8,0,58.3,0,0,299,0,0,64.3,70.3,81.3,61.4,73.5,71.2,0,0,0,0,30,9.5,4,0,0,109.0,7,0,0,154,0,89,221,15,0,0,15,0,0,206,11,121,49,15,30,1,12,0,1,88,81,12.6
Tyrell Ford,159513,CB,ST FRANCIS,3,0,0,,0,0,299,0,0,66.8,67.2,74.4,,63.1,,0,0,0,0,,,0,0,0,0.0,0,0,0,3,31,15,34,0,0,0,0,0,0,34,0,19,0,0,0,0,0,0,0,0,0,
Jayden Brown,159516,CB,WAGNER,8,2,0,64.0,0,0,338,0,0,61.4,63.4,83.5,,68.6,64.1,0,0,0,2,36,13.0,3,1,2,99.2,16,0,0,14,336,155,356,3,0,0,3,0,0,353,0,201,3,2,18,0,25,0,3,225,71,14.1
Roberto Auguste,159523,CB,WAGNER,8,4,0,63.2,0,0,338,0,0,45.3,45.0,85.5,,44.7,43.0,0,0,0,0,41,26.1,6,0,0,114.1,12,0,0,46,5,106,250,0,0,0,0,0,32,250,0,144,167,4,13,0,19,0,1,191,94,15.9
Mo Vanderwiel,159524,S,WAGNER,3,0,0,66.7,0,0,338,0,0,80.5,74.0,76.9,,62.9,37.0,0,0,0,1,41,33.3,2,0,0,70.1,2,0,0,30,0,16,52,0,0,0,0,0,10,52,0,36,12,2,4,0,3,0,0,55,3,27.5
Junior Wily,159525,LB,WAGNER,10,13,0,68.8,0,0,338,0,0,87.0,66.1,26.4,51.1,55.8,46.9,0,3,1,1,7,21.1,12,2,2,66.7,11,1,0,294,0,152,489,143,0,0,143,0,0,346,55,282,52,20,32,5,16,4,1,41,48,3.7
Trey Simmons,159526,CB,WAGNER,6,0,0,57.1,0,0,338,0,0,50.1,51.8,75.4,,58.3,34.5,0,0,0,0,41,33.3,2,0,0,141.1,4,0,0,20,60,34,80,0,0,0,0,0,0,80,0,46,0,0,4,0,7,0,1,87,28,21.8
Nick Karika,159528,ED,WAGNER,5,0,0,,0,0,338,0,0,60.0,55.0,77.6,53.1,60.6,29.6,0,1,0,0,,28.6,2,0,0,0.0,0,0,0,0,0,0,71,71,2,16,14,39,0,0,20,51,0,3,5,1,0,1,0,0,0,
Terry Charles,159531,DI,WAGNER,5,2,0,,0,0,338,0,0,,61.6,80.1,59.1,61.4,73.3,0,1,0,0,,0.0,0,0,0,0.0,0,0,0,0,0,0,76,76,56,20,0,0,0,0,30,46,0,1,2,0,0,1,0,0,0,
Devin Jones,159533,ED,WAGNER,5,2,0,,0,0,338,0,0,60.0,57.1,78.8,55.2,57.4,58.2,0,0,0,0,,16.7,2,0,0,0.0,0,0,0,0,0,0,102,102,4,38,20,40,0,0,38,64,0,4,8,1,0,0,0,0,0,
Jorel Liverpool,159534,ED,WAGNER,6,3,0,,0,0,338,0,0,,63.0,79.0,62.4,61.6,59.8,1,2,0,0,,14.3,1,0,0,0.0,0,0,0,4,0,0,107,103,0,10,35,58,0,4,37,70,0,3,3,1,0,3,0,0,0,
Lance DeSorbo,159536,DI,WAGNER,9,2,0,,0,0,338,0,0,59.4,48.0,83.2,62.4,43.3,68.7,2,1,0,0,,6.7,1,0,0,0.0,0,0,0,0,0,1,221,221,99,77,6,39,0,0,69,151,0,7,12,0,0,3,0,0,0,
Sam Okeyo,159577,LB,WAGNER,2,1,0,,0,0,338,0,0,63.0,69.0,75.2,66.9,66.5,76.0,0,1,0,0,,0.0,0,0,0,0.0,0,0,0,15,0,5,31,8,0,0,8,0,0,23,2,24,8,1,1,0,0,1,0,0,0,
Jordan Francois,159579,LB,WAGNER,2,1,0,100.0,0,0,338,0,0,61.6,29.4,76.0,59.8,28.0,41.5,0,0,0,0,5,33.3,1,0,0,87.5,1,0,0,9,0,1,21,12,0,0,12,0,0,9,1,19,0,0,1,0,1,0,0,5,0,5.0
Keon Freeman,159585,LB,YNGTOWN ST,9,7,0,50.0,0,0,353,0,0,55.1,63.5,79.0,58.7,70.6,68.1,0,3,0,0,18,12.5,3,0,0,63.9,6,0,0,193,0,84,204,7,0,0,7,0,0,197,25,95,4,6,14,0,12,3,0,58,47,9.7
Ezekiel Blake,159586,CB,YNGTOWN ST,9,1,1,61.5,0,0,353,0,0,48.5,50.2,78.7,70.8,52.2,34.8,0,0,0,0,58,31.3,5,0,2,96.0,8,0,0,30,129,80,162,1,0,0,1,0,0,161,3,79,2,2,10,0,13,0,0,133,88,16.6
Devin Lee,159587,DI,YNGTOWN ST,11,0,0,,0,0,353,0,0,,52.4,30.5,62.0,48.6,75.4,1,9,0,0,,0.0,0,0,2,0.0,0,2,0,0,0,0,311,311,49,241,7,14,0,0,167,144,0,6,5,2,0,12,0,0,0,
Diego Oliver,159607,CB,E ILLINOIS,2,0,0,,0,0,158,0,0,,61.8,70.8,,61.6,,0,0,0,0,,,0,0,0,0.0,0,0,0,1,11,0,12,0,0,0,0,0,0,12,0,12,0,0,0,0,0,0,0,0,0,
Chris Williams,159608,CB,E ILLINOIS,6,2,0,100.0,0,0,158,0,0,59.4,60.7,77.2,60.0,66.5,33.5,0,0,0,0,33,33.3,2,0,0,158.3,3,0,0,2,64,35,67,0,0,0,0,0,0,67,1,31,0,1,2,1,3,0,1,56,23,18.7
NiJhay Burt,159609,CB,E ILLINOIS,2,0,0,,0,0,158,0,0,61.1,61.8,67.3,,60.0,,0,0,0,0,,,0,0,0,0.0,0,0,0,0,0,2,3,0,0,0,0,0,0,3,0,1,3,0,0,0,0,0,0,0,0,
Colby Smith,159611,DI,E ILLINOIS,11,7,0,,0,0,158,0,0,74.6,67.5,84.0,55.1,68.6,64.2,1,1,0,1,,9.5,2,0,0,0.0,0,0,0,1,0,0,296,295,93,196,1,5,0,1,116,180,0,11,12,1,0,2,0,0,0,
Ryan Flournoy,159617,WR,SE MO ST,2,0,0,0.0,0,0,293,0,0,88.3,86.5,67.2,,,,0,0,0,0,,,0,1,1,39.6,0,0,0,0,1,4,4,0,0,0,0,0,3,4,0,0,0,0,0,0,1,0,0,0,0,
Dalyn McDonald,159619,WR,SE MO ST,1,0,0,,0,0,293,0,0,,60.0,60.0,,60.0,,0,0,0,0,,,0,0,0,0.0,0,0,0,0,0,0,1,0,0,0,0,0,0,1,0,1,0,0,0,0,0,0,0,0,0,
Christian Fuhrman,159623,LB,SE MO ST,12,18,1,85.7,0,0,293,1,0,50.9,64.0,47.7,83.8,66.4,49.7,2,12,0,0,49,18.9,14,1,1,143.8,24,3,0,496,1,263,529,9,0,0,9,0,6,520,51,215,15,30,42,5,28,17,3,278,155,11.6
Joedrick Lewis,159624,CB,SE MO ST,11,2,0,69.0,0,0,293,0,0,62.1,63.0,31.2,66.3,68.6,74.7,1,0,0,1,38,8.8,3,4,4,106.6,29,0,0,34,408,290,457,2,0,0,2,0,10,455,4,163,3,5,29,0,42,1,3,334,89,11.5
Henry Pickens,159625,CB,SE MO ST,8,0,0,100.0,0,1,293,0,0,72.0,73.8,79.5,78.1,67.6,78.2,0,0,0,0,5,0.0,0,0,1,86.1,3,1,0,6,123,85,138,0,0,0,0,0,4,138,1,52,4,2,2,0,3,1,0,14,-2,4.7
JaQori Williams,159626,S,SE MO ST,3,0,0,,0,0,293,0,0,62.6,63.1,71.5,,62.0,78.9,0,0,0,0,,0.0,0,0,0,0.0,0,0,0,12,0,4,19,0,0,0,0,0,3,19,0,15,3,2,2,0,0,0,0,0,0,
Caleb Williams,159628,DI,SE MO ST,3,1,0,,0,0,293,0,0,60.0,60.1,77.9,52.5,64.8,74.9,0,2,0,0,,0.0,0,0,0,0.0,0,0,0,0,0,0,82,82,4,59,6,13,0,0,43,39,0,1,3,0,0,2,0,0,0,
Latrevion Thompson,159632,ED,SE MO ST,4,1,0,100.0,0,0,293,0,0,64.5,62.0,78.7,72.3,47.6,46.9,0,3,0,0,6,25.0,1,0,0,91.7,1,1,0,8,0,10,44,32,0,0,32,0,0,12,15,19,4,0,2,0,1,4,0,6,8,6.0
Nasim Cairo,159639,DI,SE MO ST,11,4,0,,1,1,293,0,0,61.6,59.0,16.0,63.0,57.5,72.5,3,14,0,0,,6.3,1,0,3,0.0,0,2,0,1,0,1,347,346,15,185,45,101,0,1,255,91,0,10,11,4,0,19,0,0,0,
Michael Jamerson,159648,DI,SE MO ST,8,0,0,,0,0,293,0,0,,71.2,79.1,59.7,73.1,72.4,0,0,0,0,,0.0,0,0,0,0.0,0,0,0,0,0,0,58,58,55,2,0,1,0,0,24,34,0,1,2,0,0,0,0,0,0,
Bryce Phillips,159665,CB,TENN STATE,11,3,0,56.8,1,0,308,0,0,77.5,75.6,48.9,59.8,67.0,53.1,0,0,0,0,23,19.1,9,5,2,90.4,21,0,0,48,596,346,672,1,0,0,1,0,9,671,1,325,17,12,35,2,37,0,2,204,94,9.7
Dion Villiers,159666,CB,TENN STATE,3,0,0,100.0,0,0,308,0,0,64.5,59.3,0.0,,65.1,73.5,0,0,0,0,14,0.0,0,0,1,118.8,1,0,0,2,24,9,27,0,0,0,0,0,0,27,0,18,0,0,1,0,1,0,0,14,-2,14.0
Chancellor Lorick,159669,CB,TENN STATE,1,0,0,,0,0,308,0,0,60.0,62.2,72.7,,61.1,,0,0,0,0,,,0,0,0,0.0,0,0,0,2,0,1,12,0,0,0,0,0,0,12,0,11,10,0,0,0,0,0,0,0,0,
Mack Guice III,159672,CB,TENN STATE,1,0,0,0.0,0,0,308,0,0,66.6,67.0,75.0,,60.4,,0,0,0,0,,,0,1,0,39.6,0,0,0,0,1,10,16,0,0,0,0,0,1,16,0,6,14,0,0,0,2,0,0,0,0,
Michael Campbell,159690,ED,TENN MARTN,4,1,0,,0,0,310,0,0,60.4,69.5,77.2,55.5,75.5,46.7,0,2,0,0,,33.3,1,0,0,0.0,0,0,0,0,0,1,75,75,2,18,7,48,0,0,37,37,0,1,1,1,0,2,0,0,0,
Myles Saulsberry,159710,ED,TENN MARTN,2,0,0,,0,0,310,0,0,,59.3,70.8,57.0,61.1,,0,0,0,0,,,0,0,0,0.0,0,0,0,0,0,0,9,9,0,1,0,8,0,0,5,4,0,0,0,0,0,0,0,0,0,
Luke Freeman,159728,CB,BUCKNELL,2,2,0,,0,0,125,0,0,38.9,32.0,76.1,60.0,34.1,33.8,0,0,0,0,,40.0,2,0,0,0.0,0,0,0,3,0,5,20,0,0,0,0,0,0,20,1,14,17,1,1,0,0,0,0,0,0,
Roman Pearson,159729,CB,BUCKNELL,3,0,0,,0,0,125,0,0,64.2,65.8,74.0,,62.9,73.5,0,0,0,0,,0.0,0,0,0,0.0,0,0,0,2,20,3,23,1,0,0,1,0,0,22,0,20,0,0,1,0,0,0,0,0,0,
Sam DeLuca,159731,LB,BUCKNELL,1,0,0,,0,0,125,0,0,,62.3,66.3,,60.0,,0,0,0,0,,,0,0,0,0.0,0,0,0,2,0,0,2,0,0,0,0,0,0,2,0,2,0,0,0,0,0,0,0,0,0,
Jack Goheen,159733,LB,BUCKNELL,1,0,0,,0,0,125,0,0,,63.9,67.2,,61.3,,0,0,0,0,,,0,0,0,0.0,0,0,0,4,0,0,4,0,0,0,0,0,0,4,0,4,0,0,0,0,0,0,0,0,0,
Daniel Sierk,159735,DI,BUCKNELL,8,0,0,,0,0,125,0,0,,49.2,78.1,56.7,47.8,28.1,0,0,0,0,,50.0,1,0,0,0.0,0,0,0,0,0,0,52,52,21,30,0,1,0,0,21,31,0,0,1,0,0,0,0,0,0,
Taylor Smallwood,159753,CB,LAFAYETTE,11,2,0,69.6,0,0,203,0,0,58.0,60.4,81.8,,71.9,79.9,0,0,0,0,42,5.3,1,1,1,114.4,16,0,0,18,209,148,240,0,0,0,0,0,1,240,0,92,12,2,16,1,23,0,1,220,71,13.8
Byron Johnson,159754,CB,LAFAYETTE,10,1,0,85.7,0,0,203,0,0,54.1,55.2,79.9,,60.4,38.4,0,0,0,0,51,28.6,4,1,0,118.8,6,0,0,35,76,90,138,0,0,0,0,0,3,138,0,48,24,3,9,1,7,0,0,91,44,15.2
Bryson Bright,159755,LB,LAFAYETTE,1,0,0,,0,0,203,0,0,,60.0,63.9,,60.0,,0,0,0,0,,,0,0,0,0.0,0,0,0,1,0,0,1,0,0,0,0,0,0,1,0,1,0,0,0,0,0,0,0,0,0,
Owen Ordonez,159758,ED,LAFAYETTE,2,1,0,,0,0,203,0,0,,77.9,69.6,,73.8,77.7,0,0,0,0,,0.0,0,0,0,0.0,0,0,0,3,0,0,7,4,0,0,4,0,0,3,0,7,0,2,2,0,0,0,0,0,0,
Tyree Morris,159759,ED,LAFAYETTE,10,2,0,,0,0,203,0,0,60.0,71.5,79.4,63.3,73.1,71.0,0,4,0,0,,8.3,1,0,0,0.0,0,1,0,0,0,0,128,128,0,5,38,85,0,0,68,60,0,7,9,0,0,5,0,0,0,
Brycen Edwards,159774,LB,LEHIGH,2,0,0,,0,0,205,0,0,60.0,53.7,65.6,64.9,48.9,20.7,1,0,0,0,,100.0,1,0,0,0.0,0,0,0,6,0,1,6,0,0,0,0,0,0,6,1,4,0,0,0,0,0,1,0,0,0,
Tyler Ochojski,159776,LB,LEHIGH,9,2,0,100.0,0,0,205,0,0,32.3,40.2,77.1,55.7,57.2,30.2,2,0,0,0,65,37.5,3,0,0,158.3,2,0,0,53,0,29,68,11,0,0,11,0,0,57,12,27,4,2,3,1,2,2,1,88,63,44.0
Jackson Dowd,159778,LB,LEHIGH,1,0,0,,0,0,205,0,0,60.0,60.6,69.5,,60.0,,0,0,0,0,,,0,0,0,0.0,0,0,0,0,0,1,2,2,0,0,2,0,0,0,0,1,0,0,0,0,0,0,0,0,0,
Julian Wilson,159779,CB,LEHIGH,1,0,0,,0,0,205,0,0,60.0,60.7,63.8,,,,0,0,0,0,,,0,0,0,0.0,0,0,0,0,1,1,1,0,0,0,0,0,0,1,0,0,0,0,0,0,0,0,0,0,0,
Darian Ghahary,159781,ED,LEHIGH,1,0,0,,0,0,205,0,0,,60.4,64.4,,60.0,,0,0,0,0,,,0,0,0,0.0,0,0,0,0,0,0,1,1,0,1,0,0,0,0,0,1,0,0,0,0,0,0,0,0,0,
T.J. Burke,159782,DI,LEHIGH,11,5,0,,0,0,205,0,0,67.7,69.1,46.5,63.7,69.6,77.9,0,6,0,0,,0.0,0,0,1,0.0,0,0,0,0,0,0,200,200,108,91,1,0,0,0,87,113,0,9,10,1,0,6,0,0,0,
Matt Spatny,159783,ED,LEHIGH,8,2,0,,0,0,205,0,0,60.0,57.5,81.3,55.1,58.9,53.6,2,3,0,0,,15.4,2,0,0,0.0,0,0,0,0,0,0,148,148,0,3,94,51,0,0,91,57,0,6,9,1,0,5,0,0,0,
Quentin Joyner,159784,DI,LEHIGH,11,2,0,,0,0,205,0,0,,54.7,42.6,57.3,55.3,49.4,2,3,0,0,,12.5,1,0,1,0.0,0,0,0,0,0,0,202,202,16,133,25,28,0,0,90,112,0,5,5,1,0,5,0,0,0,
Alex Mitchell,159800,LB,CHATTNOOGA,11,3,0,100.0,0,0,137,0,0,65.6,70.6,76.2,66.1,73.1,57.5,1,0,0,0,10,15.4,2,1,0,108.3,1,0,0,104,0,67,124,0,0,0,0,0,1,124,3,54,19,5,8,0,1,1,0,10,14,10.0
Montrell Henderson,159803,DI,CHATTNOOGA,2,0,0,,0,0,137,1,0,60.9,58.3,74.2,57.0,54.7,69.7,0,0,0,0,,0.0,0,0,0,0.0,0,0,0,0,0,0,18,18,8,10,0,0,0,0,8,10,0,0,1,0,0,0,0,0,0,
Dylan Chiedo,159814,LB,FURMAN,1,0,0,,0,0,170,0,0,60.0,64.7,67.7,,61.2,,0,0,0,0,,,0,0,0,0.0,0,0,0,3,0,1,3,0,0,0,0,0,0,3,0,2,0,0,0,0,0,0,0,0,0,
Caleb Williams,159815,S,FURMAN,9,0,0,36.4,0,1,170,0,0,70.5,71.3,79.3,,69.7,70.9,0,0,0,1,97,10.0,1,1,0,76.9,4,0,0,9,24,65,102,0,0,0,0,0,55,102,0,37,13,1,9,0,11,0,1,192,69,48.0
Malachi Harrison,159817,DI,FURMAN,2,0,0,,0,0,170,0,0,,53.7,77.3,55.7,54.8,26.7,0,0,0,0,,50.0,1,0,0,0.0,0,0,0,0,0,0,24,24,21,3,0,0,0,0,15,9,0,0,1,0,0,0,0,0,0,
Jalen Gummer,159826,CB,FURMAN,1,0,0,,0,0,170,0,0,60.0,61.2,66.9,,60.0,,0,0,0,0,,,0,0,0,0.0,0,0,0,0,3,1,3,0,0,0,0,0,0,3,0,2,0,0,0,0,0,0,0,0,0,
Travion Solomon,159834,WR,MERCER,1,0,0,,0,0,219,0,0,60.0,62.4,60.0,,,,0,0,0,0,,,0,0,0,0.0,0,0,0,0,0,1,1,0,0,0,0,0,0,1,0,0,0,0,0,0,0,0,0,0,0,
Isaiah Washburn,159837,ED,MERCER,10,2,0,57.1,0,1,219,0,0,72.1,65.3,86.2,68.5,50.9,39.5,3,7,0,0,11,28.6,4,2,0,68.2,4,1,0,19,0,44,216,185,0,0,179,6,0,31,84,88,12,4,8,0,7,11,0,31,8,7.8
Marcus Christian,159838,S,MERCER,1,0,0,,0,0,219,0,0,,53.0,71.2,58.7,55.7,,0,0,0,0,,,0,0,0,0.0,0,0,0,0,0,0,7,7,0,0,5,2,0,0,3,4,0,0,0,0,0,0,0,0,0,
Royce Izundu,159840,S,MERCER,1,0,0,,0,0,219,0,0,,60.4,68.3,60.0,60.0,,0,0,0,0,,,0,0,0,0.0,0,0,0,0,0,0,2,2,0,0,2,0,0,0,1,1,0,0,0,0,0,0,0,0,0,
Chris Joines,159848,S,MERCER,9,2,0,50.0,0,0,219,0,0,74.6,71.1,81.5,,57.0,54.1,0,0,0,1,38,27.3,3,1,0,50.5,4,0,0,45,0,98,162,0,0,0,0,0,88,162,0,64,29,4,6,0,8,0,0,89,22,22.3
Khay Loyd,159849,CB,MERCER,8,2,0,37.5,0,0,219,0,0,68.1,59.2,79.0,59.1,35.1,27.7,0,0,0,0,15,42.9,3,0,0,88.0,3,0,0,19,7,47,88,2,0,0,2,0,14,86,1,40,46,0,2,0,8,0,1,29,11,9.7
Myles Weston,159850,CB,MERCER,2,0,0,,0,0,219,0,0,52.3,55.0,73.3,,64.4,73.5,0,0,0,0,,0.0,0,0,1,0.0,0,0,0,0,19,9,19,0,0,0,0,0,0,19,0,10,0,0,1,0,0,0,0,0,0,
Juwan Johnson,159852,S,MERCER,3,1,0,0.0,0,0,219,0,0,76.5,74.9,74.1,64.2,59.0,64.2,0,0,0,2,,20.0,1,0,0,0.0,0,0,0,17,0,26,36,0,0,0,0,0,10,36,1,9,8,0,3,0,1,0,0,0,0,
Christian Hanson,159853,ED,MERCER,11,10,0,88.9,0,0,219,1,0,67.0,64.1,62.5,54.6,69.6,60.7,1,7,0,0,32,13.5,5,0,1,138.0,8,1,0,36,0,54,365,315,0,3,296,16,0,50,161,150,14,13,22,2,9,9,1,74,69,9.3
Isaac Prince,159854,LB,MERCER,2,0,0,100.0,0,0,219,0,0,62.1,63.2,67.7,,60.5,,0,0,0,0,6,,0,0,0,91.7,1,0,0,6,0,5,8,1,0,0,1,0,0,7,0,3,1,0,0,0,1,0,0,6,2,6.0
Will Pounds,159855,DI,MERCER,2,0,0,,0,0,219,0,0,,87.7,73.1,74.5,81.1,71.9,0,0,0,0,,0.0,0,0,0,0.0,0,0,0,0,0,0,20,20,0,20,0,0,0,0,7,13,0,2,2,1,0,0,0,0,0,
Arias Nash,159856,DI,MERCER,6,1,0,,0,0,219,0,0,,57.9,77.5,58.5,57.2,69.7,1,1,0,0,,0.0,0,0,0,0.0,0,0,0,0,0,0,77,77,2,59,4,12,0,0,46,31,0,0,0,0,0,2,0,0,0,
Caden Camese,159857,DI,MERCER,6,0,0,,0,0,219,0,0,,53.0,11.5,59.5,53.7,35.5,0,1,0,0,,50.0,1,0,1,0.0,0,1,0,0,0,0,82,82,40,41,0,1,0,0,47,35,0,2,1,0,0,2,0,0,0,
Mic Wasson,159859,S,MERCER,1,0,0,,0,0,219,0,0,60.0,62.4,60.0,,,,0,0,0,0,,,0,0,0,0.0,0,0,0,0,0,1,1,0,0,0,0,0,0,1,0,0,0,0,0,0,0,0,0,0,0,
Joshua Williams,159879,ED,MERCER,1,0,0,,0,0,219,0,0,,55.3,74.1,56.9,56.4,,0,0,0,0,,,0,0,0,0.0,0,0,0,0,0,0,17,17,0,0,13,4,0,0,7,10,0,0,0,0,0,0,0,0,0,
Tommy Bliss,159881,S,MERCER,4,1,0,100.0,0,0,219,0,0,78.0,68.6,74.7,59.2,46.8,45.8,0,0,0,0,2,25.0,1,0,0,79.2,1,0,0,14,0,19,34,3,0,0,3,0,7,31,1,14,9,2,2,0,1,0,0,2,-1,2.0
Kaleb Frost,159882,CB,MERCER,1,0,0,100.0,0,0,219,0,0,42.5,43.8,72.0,,60.2,74.2,0,0,0,0,12,0.0,0,0,1,116.7,1,0,0,1,16,7,17,0,0,0,0,0,0,17,0,10,0,0,1,0,1,0,0,12,5,12.0
Albert Redd,159888,LB,NC CENT,7,3,0,100.0,0,0,247,0,0,73.0,63.5,76.2,61.8,51.1,43.9,0,0,0,0,6,25.0,3,0,0,83.3,2,1,0,103,0,53,116,4,0,0,4,0,0,112,8,55,8,5,6,0,2,1,0,8,7,4.0
Jeremy West-Pirtle,159889,ED,NC CENT,4,0,0,,0,0,247,0,0,,57.0,76.0,54.6,61.5,,0,0,0,0,,,0,0,0,0.0,0,0,0,0,0,0,33,33,0,0,29,4,0,0,23,10,0,0,0,0,0,0,0,0,0,
Twan Anderson,159890,LB,NC CENT,3,0,0,0.0,0,0,247,0,0,74.2,69.7,74.9,60.0,60.1,27.3,0,0,0,0,,40.0,2,1,0,39.6,0,0,0,41,0,18,43,1,0,0,1,0,0,42,1,24,1,2,3,1,2,0,0,0,0,
Jason Chambers,159892,CB,NC CENT,11,7,0,44.4,0,0,247,0,0,71.3,75.0,82.9,,86.7,90.7,0,0,0,0,35,0.0,0,5,2,66.2,16,0,0,46,314,237,374,0,0,0,0,0,5,374,0,137,7,7,26,2,36,0,1,154,45,9.6
Kendrick DuJour,159893,DI,NC CENT,1,0,0,,0,0,247,0,0,,60.1,71.6,54.7,60.0,,0,0,0,0,,,0,0,0,0.0,0,0,0,0,0,0,7,7,0,1,6,0,0,0,6,1,0,0,0,0,0,0,0,0,0,
Jared Stephens,159894,CB,NC CENT,3,1,0,,0,0,247,0,0,77.1,80.7,74.5,60.0,63.5,73.5,0,1,0,0,,0.0,0,0,0,0.0,0,0,0,0,29,10,30,0,0,0,0,0,1,30,0,20,0,0,0,0,0,1,0,0,0,
Luke Bracey,159898,TE,NC CENT,1,0,0,,0,0,247,1,0,,60.1,60.0,,60.0,,0,0,0,0,,,0,0,2,0.0,0,0,0,0,0,0,1,0,0,0,0,0,0,1,0,1,0,0,0,0,0,0,0,0,0,
Trey Woods,159906,ED,ROB MORRIS,2,0,0,,0,0,277,0,0,60.0,58.6,74.9,58.1,60.0,,1,0,0,0,,,0,0,0,0.0,0,0,0,1,0,1,13,12,0,0,12,0,0,1,11,1,0,0,0,0,0,1,0,0,0,
Noah Steverson,159907,DI,ROB MORRIS,11,6,1,,0,0,277,0,0,52.5,60.0,67.1,57.9,62.1,29.4,3,9,0,0,,25.0,6,0,1,0.0,0,0,0,1,0,7,522,521,48,374,16,83,0,1,237,278,0,11,12,2,0,12,0,0,0,
Jam Jackson,159913,CB,ROB MORRIS,1,0,0,100.0,0,0,277,0,0,53.3,48.7,63.5,,,74.2,0,0,0,0,22,0.0,0,0,0,118.8,1,0,0,0,1,1,1,0,0,0,0,0,0,1,0,0,0,0,1,0,1,0,0,22,6,22.0
Donavan Wilson,159914,LB,ROB MORRIS,1,0,0,,0,0,277,0,0,60.0,61.0,64.2,,60.0,,0,0,0,0,,,0,0,0,0.0,0,0,0,1,0,1,2,0,0,0,0,0,0,2,0,1,1,0,0,0,0,0,0,0,0,
Griffin LaRue,159915,S,ROB MORRIS,2,0,0,,0,0,277,0,0,62.2,65.5,70.3,,63.0,74.8,0,0,0,0,,0.0,0,0,0,0.0,0,0,0,3,0,3,8,0,0,0,0,0,1,8,0,5,4,0,1,0,0,0,0,0,0,
Tahseen Howard,159916,CB,ROB MORRIS,1,0,0,,0,0,277,0,0,,60.0,66.9,,60.0,,0,0,0,0,,,0,0,0,0.0,0,0,0,1,2,0,4,0,0,0,0,0,1,4,0,4,0,0,0,0,0,0,0,0,0,
JJ Ruffin,159918,ED,ROB MORRIS,1,0,0,,0,0,277,0,0,,70.2,68.1,,63.7,73.0,0,0,0,0,,0.0,0,0,0,0.0,0,0,0,0,0,0,2,2,0,0,2,0,0,0,0,2,0,1,1,0,0,0,0,0,0,
AJ Colombo,159947,WR,W CAROLINA,2,0,0,,0,0,344,0,0,60.0,57.3,60.0,,60.0,,0,0,0,0,,,0,0,0,0.0,0,0,0,0,0,1,2,0,0,0,0,0,0,2,0,1,0,0,0,0,0,0,0,0,0,
Taurus Dotson,159951,CB,W CAROLINA,10,2,0,53.3,0,0,344,0,0,63.7,65.8,85.2,51.7,74.4,65.3,0,0,0,2,29,13.3,4,3,0,46.1,16,0,0,26,321,188,361,13,0,0,13,0,0,348,9,164,0,5,24,3,30,0,0,197,92,12.3
Nick Louis,159954,CB,W CAROLINA,4,1,0,55.6,0,0,344,0,0,60.1,59.1,83.4,66.4,52.8,65.1,1,0,0,0,39,11.1,1,1,0,129.2,5,0,0,22,4,81,151,12,0,0,12,0,3,139,5,65,110,1,7,0,9,1,2,89,29,17.8
Marquis Lymon,159956,S,W CAROLINA,1,0,0,,0,0,344,0,0,62.4,62.9,71.5,,61.1,,0,0,0,0,,,0,0,0,0.0,0,0,0,6,0,5,15,0,0,0,0,0,9,15,0,10,0,0,0,0,0,0,0,0,0,
Ed Jones IV,159957,LB,W CAROLINA,11,11,0,64.3,0,0,344,0,0,65.9,69.1,30.6,69.3,69.7,62.7,0,4,0,0,19,14.9,7,2,1,104.5,9,2,0,292,0,160,358,2,0,0,2,0,0,356,23,175,64,21,29,3,14,6,1,84,33,9.3
Samaurie Dukes,159958,S,W CAROLINA,10,5,0,78.6,0,1,344,1,0,48.3,56.8,81.5,67.7,65.1,57.4,1,2,0,0,46,18.2,6,1,2,156.5,11,1,0,109,14,95,261,31,0,0,31,0,1,230,8,158,106,12,22,2,14,4,3,169,84,15.4
Darian Anderson Jr.,159959,CB,W CAROLINA,1,0,0,,0,0,344,0,0,60.9,64.3,69.5,,63.0,74.2,0,0,0,0,,0.0,0,0,0,0.0,0,0,0,0,7,2,7,0,0,0,0,0,0,7,0,5,0,1,1,0,0,0,0,0,0,
Jeremiah Noel,159960,S,W CAROLINA,2,0,0,100.0,0,0,344,0,0,32.7,32.5,74.0,46.1,55.1,21.1,0,1,0,0,16,100.0,2,0,1,118.8,1,0,0,8,0,3,24,2,0,0,2,0,0,22,3,18,14,0,0,0,1,1,0,16,15,16.0
Jhamari Pierre-Louis,159962,S,W CAROLINA,1,0,0,,0,0,344,0,0,60.0,60.8,69.1,,60.0,,0,0,0,0,,,0,0,0,0.0,0,0,0,0,0,1,4,0,0,0,0,0,3,4,0,3,1,0,0,0,0,0,0,0,0,
Lee Campbell,159966,S,W CAROLINA,9,4,0,66.7,0,0,344,1,0,45.3,49.1,80.5,,53.0,30.0,0,0,0,0,19,31.6,6,0,0,102.1,2,0,0,48,7,30,118,0,0,0,0,0,47,118,0,88,14,3,9,0,3,0,0,32,11,16.0
Jayion McMillan,159967,S,W CAROLINA,2,0,0,,0,0,344,0,0,63.5,64.7,74.3,,63.5,,0,0,0,0,,,0,0,0,0.0,0,0,0,10,0,7,25,0,0,0,0,0,8,25,0,18,7,0,0,0,0,0,0,0,0,
Justin Wallace,159968,ED,W CAROLINA,3,2,0,,0,0,344,0,0,60.0,62.3,0.0,60.1,69.1,51.1,0,3,0,0,,25.0,1,0,1,0.0,0,0,0,2,0,1,50,48,0,0,47,1,0,2,26,23,0,1,1,0,0,3,0,0,0,
Antarron Turner,159969,LB,W CAROLINA,1,0,0,,0,0,344,0,0,60.0,69.1,65.1,,63.5,,0,0,0,0,,,0,0,0,0.0,0,0,0,4,0,1,4,0,0,0,0,0,0,4,0,3,0,0,0,0,0,0,0,0,0,
Richard Garrett,159970,ED,W CAROLINA,1,0,0,,0,0,344,0,0,,60.0,60.0,60.0,,,1,0,0,0,,,0,0,0,0.0,0,0,0,0,0,0,1,0,0,0,0,0,0,1,1,0,0,0,0,0,0,1,0,0,0,
Hayward McQueen Jr.,159971,LB,W CAROLINA,11,13,0,87.5,1,0,344,0,0,54.4,65.8,0.0,72.5,74.9,71.6,2,3,0,0,60,11.1,7,0,2,158.3,14,2,0,290,0,140,336,0,0,0,0,0,1,336,13,183,45,27,43,2,16,7,2,222,169,15.9
Va Lealaimatafao,159972,LB,W CAROLINA,11,11,0,78.6,0,2,344,0,0,60.9,68.2,82.5,59.3,71.5,53.0,3,3,0,0,29,18.0,11,1,0,97.9,11,2,0,360,0,157,388,3,0,0,3,0,0,385,22,209,25,19,39,0,14,8,0,105,83,9.5
Brandon Smiley,159973,DI,W CAROLINA,4,4,0,,0,0,344,0,0,61.7,68.6,77.4,60.7,65.9,32.9,0,3,0,0,,18.2,2,0,0,0.0,0,0,0,0,0,0,73,73,1,71,0,1,0,0,22,51,0,4,5,0,0,3,0,0,0,
Camury Reid,159991,HB,W CAROLINA,1,0,0,,0,0,344,0,0,60.0,55.6,60.0,,,,0,0,0,0,,,0,0,1,0.0,0,0,0,0,0,1,1,0,0,0,0,0,0,1,0,0,0,0,0,0,0,0,0,0,0,
Javis Mynatt,160007,CB,WOFFORD,1,0,0,,0,0,350,0,0,60.0,56.3,70.0,,53.2,28.3,0,0,0,0,,50.0,1,0,0,0.0,0,0,0,0,8,1,8,0,0,0,0,0,0,8,0,7,0,1,1,1,0,0,0,0,0,
Nick Morgan,160010,LB,WOFFORD,5,1,0,50.0,0,0,350,0,0,53.3,63.5,79.0,59.7,71.3,80.1,0,0,0,0,22,0.0,0,1,0,89.6,1,0,0,12,0,11,39,18,0,0,18,0,5,21,2,26,4,0,2,0,2,0,0,22,27,22.0
Jalen Marshall,160011,S,WOFFORD,9,19,0,80.0,0,0,350,0,0,64.9,73.3,86.9,76.4,79.4,82.6,1,1,0,0,18,8.1,5,1,0,96.3,8,0,0,123,3,158,336,41,0,0,41,0,146,295,4,174,23,16,38,2,10,2,0,71,44,8.9
David Powers,160012,LB,WOFFORD,11,17,0,83.3,0,0,350,1,0,76.1,78.9,49.8,81.0,72.4,75.4,1,6,0,2,19,9.2,6,0,1,86.5,10,4,0,572,0,249,581,5,0,0,5,0,2,576,26,306,2,27,42,0,12,11,1,91,73,9.1
Bra'Lyan Smith-Sapp,160017,DI,WOFFORD,1,0,0,,0,0,350,0,0,,59.3,65.2,58.8,,,0,0,0,0,,,0,0,0,0.0,0,0,0,0,0,0,1,1,0,0,1,0,0,0,1,0,0,0,0,0,0,0,0,0,0,
Max Dulansky,160018,ED,WOFFORD,7,2,0,,0,0,350,0,0,60.0,56.3,77.6,53.4,58.4,27.7,0,0,0,0,,33.3,1,0,0,0.0,0,0,0,0,0,0,60,60,0,7,36,17,0,0,28,32,0,0,0,0,0,0,0,0,0,
King Ambers,160026,CB,TXAMEA,4,0,0,20.0,0,0,1139,0,0,70.2,70.1,79.3,,64.6,33.1,0,0,0,0,32,33.3,2,1,0,53.8,1,0,0,6,107,62,116,0,0,0,0,0,0,116,0,54,2,1,4,1,5,0,0,32,9,32.0
Mekhi Roberson,160034,S,TXAMEA,2,1,0,,0,0,1139,0,0,60.0,67.8,73.7,,66.9,72.2,0,0,0,0,,0.0,0,0,0,0.0,0,0,0,1,0,1,8,3,0,0,3,0,2,5,0,7,2,0,0,0,0,0,0,0,0,
Clifford Funderburk,160046,ED,TXAMEA,11,4,0,,0,0,1139,0,0,55.5,57.6,47.9,65.7,53.7,29.5,2,8,0,0,,33.3,6,0,2,0.0,0,3,0,0,1,1,414,412,0,1,341,70,0,2,222,191,0,9,8,2,0,13,0,0,0,
Micah Owens,160047,DI,TXAMEA,2,1,0,,0,0,1139,0,0,,64.1,72.9,46.3,70.0,36.3,0,1,0,0,,33.3,1,0,0,0.0,0,0,0,0,0,0,18,18,0,18,0,0,0,0,4,14,0,1,1,0,0,1,0,0,0,
Kion Hurd,160052,LB,TXAMEA,9,2,0,100.0,0,2,1139,0,0,76.3,75.0,77.9,61.6,67.5,66.5,0,2,0,0,12,10.5,2,0,0,81.3,8,1,0,98,0,47,103,1,0,0,1,0,0,102,7,49,3,11,15,1,8,3,0,28,27,3.5
Bryson Stewart,160058,DI,TXAMEA,11,4,0,,0,0,1139,0,0,63.6,71.4,0.0,73.7,74.1,72.4,1,11,0,1,,6.3,1,0,5,0.0,0,4,0,1,0,1,293,292,23,261,1,7,0,1,149,143,0,12,11,1,0,16,0,0,0,
Celestin Haba,160064,ED,TXAMEA,10,5,1,,0,0,1139,1,0,69.9,82.2,0.0,91.0,71.3,51.0,8,23,1,1,,20.8,5,0,7,0.0,0,6,0,3,0,4,369,365,0,1,364,0,0,4,194,171,0,16,14,1,0,37,0,0,0,
Justice Williams,160067,ED,TXAMEA,11,3,2,,1,0,1139,0,0,80.5,64.6,17.7,61.3,65.5,29.1,0,9,0,0,,18.8,3,0,4,0.0,0,0,0,1,1,6,326,323,0,0,283,40,0,3,159,161,0,8,10,3,0,9,0,0,0,
Michael Noble,160068,LB,TXAMEA,11,21,0,70.6,0,0,1139,0,0,76.2,65.4,83.0,61.5,54.8,60.9,2,4,1,1,33,17.1,14,0,0,77.8,12,3,0,514,0,255,540,3,0,0,3,0,2,537,38,247,20,31,47,5,17,9,1,89,66,7.4
Prince Lollar,160069,LB,TXAMEA,5,1,0,33.3,0,0,1139,0,0,54.0,50.9,0.0,54.8,61.3,53.1,0,0,0,0,6,28.6,2,0,1,42.4,1,0,0,46,0,21,46,0,0,0,0,0,0,46,3,22,0,3,4,0,3,0,0,6,3,6.0
Michael Surface,160071,ED,TXAMEA,3,0,0,,0,0,1139,0,0,,65.2,75.9,54.0,69.9,73.6,0,1,0,0,,0.0,0,0,0,0.0,0,0,0,0,0,0,24,24,0,0,23,1,0,0,9,15,0,2,2,1,0,1,0,0,0,
Christian Shaw,160073,CB,TXAMEA,8,0,0,50.0,0,0,1139,1,1,68.4,67.5,78.7,,59.6,47.7,0,0,0,0,13,25.0,1,1,1,66.7,2,0,0,2,94,45,98,0,0,0,0,0,0,98,0,53,2,0,3,0,4,0,0,22,3,11.0
Patrick Brown Jr.,160079,DI,TXAMEA,11,5,2,,0,0,1139,0,0,60.4,69.5,43.0,64.1,72.0,78.7,0,2,0,0,,0.0,0,0,1,0.0,0,0,0,0,1,1,205,204,17,178,2,7,0,1,97,107,0,5,7,1,0,2,0,0,0,
Max Epps,160080,S,TXAMEA,11,8,0,52.2,0,0,1139,0,0,65.9,66.9,87.9,47.3,70.1,57.0,0,3,1,2,53,16.3,7,2,0,66.6,12,0,0,127,3,306,573,16,0,0,16,0,336,557,11,256,90,7,28,1,23,3,2,156,77,13.0
Dorian Gates,160081,ED,TXAMEA,1,0,0,,0,0,1139,0,0,,58.7,68.5,58.6,60.0,,0,0,0,0,,,0,0,0,0.0,0,0,0,0,0,0,3,3,0,0,3,0,0,0,2,1,0,0,0,0,0,0,0,0,0,
Anthony Gray,160086,DI,TXAMEA,1,0,0,,0,0,1139,0,0,,68.8,69.4,59.2,67.3,69.7,0,0,0,0,,0.0,0,0,0,0.0,0,0,0,0,0,0,6,6,0,6,0,0,0,0,2,4,0,1,1,1,0,0,0,0,0,
Sean-Krystoff King,160087,S,TXAMEA,8,2,0,60.0,0,0,1139,0,0,56.3,56.8,80.1,,57.7,67.4,0,0,0,1,42,12.5,2,0,0,46.3,6,0,0,53,2,61,131,2,0,0,2,0,59,129,0,70,15,3,12,0,10,0,0,81,56,13.5
Daryion Taylor,160088,CB,TXAMEA,10,14,0,68.8,0,1,1139,0,0,79.5,76.7,89.3,65.2,66.1,56.0,2,4,0,2,22,20.5,16,2,0,60.5,22,1,0,73,3,230,511,19,0,0,19,0,21,492,19,262,393,28,48,5,32,7,1,129,86,5.9
D'Ante Smith,160090,CB,TXAMEA,9,5,0,36.6,0,0,1139,0,0,84.7,87.0,85.0,,88.2,79.0,0,0,0,4,36,5.9,2,8,1,27.4,15,0,0,17,471,270,499,1,0,0,1,0,1,498,0,229,9,10,27,3,41,0,2,179,74,11.9
Jordan Polk,160091,CB,TXAMEA,11,7,0,69.4,2,1,1139,0,0,65.2,63.1,0.0,71.8,55.7,49.0,1,3,0,0,48,22.0,9,2,3,92.4,25,1,0,24,154,222,420,7,0,0,7,0,1,413,13,185,234,13,25,1,36,5,1,200,92,8.0
Lavon Williams,160093,LB,TXAMEA,1,0,0,,0,0,1139,0,0,,70.1,64.7,,67.0,73.1,0,0,0,0,,0.0,0,0,0,0.0,0,0,0,3,1,0,4,0,0,0,0,0,0,4,0,4,0,1,1,0,0,0,0,0,0,
Xavier Morris,160095,LB,TXAMEA,6,2,0,60.0,0,0,1139,0,0,52.5,45.0,78.7,41.8,47.9,67.9,0,1,0,0,7,9.1,1,0,0,65.4,3,0,0,106,0,46,121,4,0,0,4,0,0,117,13,62,10,3,8,0,5,1,0,16,8,5.3
Warren Robinson,160101,ED,TXAMEA,11,7,1,0.0,0,0,1139,0,0,61.6,68.8,25.4,66.1,71.6,57.5,0,7,0,0,,12.5,2,0,2,39.6,0,1,0,2,0,5,249,245,0,2,211,32,0,4,125,119,2,6,7,0,1,8,0,0,0,
Jaden Rios,160106,CB,TXAMEA,10,2,0,20.0,0,0,1139,0,0,65.7,68.8,79.4,,75.6,57.8,0,0,0,0,2,16.7,1,0,0,39.6,1,0,0,7,123,56,132,0,0,0,0,0,0,132,0,76,1,2,3,0,5,0,0,2,0,2.0
Darius Williams,160107,S,TXAMEA,11,12,0,47.4,0,2,1139,0,0,89.8,84.8,86.1,61.0,66.1,55.4,1,0,0,1,38,19.8,17,3,0,48.0,18,0,0,346,9,361,700,3,0,0,3,0,251,697,9,330,89,20,57,5,38,1,0,159,105,8.8
Champ Mathis,160108,S,TXAMEA,7,1,0,42.9,0,0,1139,1,0,40.2,43.1,79.9,,53.2,47.8,0,0,0,0,60,25.0,2,0,1,89.9,3,0,0,18,0,54,101,0,0,0,0,0,58,101,0,47,25,0,5,0,7,0,0,103,22,34.3
Brandon Tucker,160109,LB,TXAMEA,10,4,0,25.0,0,1,1139,0,0,73.0,74.0,79.0,67.8,68.6,63.7,0,0,0,0,26,19.0,4,1,0,54.2,1,2,0,136,0,57,151,4,0,0,4,0,0,147,10,84,11,8,13,4,4,2,0,26,17,26.0
Andrew Armstrong,160110,WR,TXAMEA,1,0,0,,0,0,1139,0,0,60.0,60.0,63.7,,,,0,0,0,0,,,0,0,0,0.0,0,0,0,0,0,1,1,0,0,0,0,0,1,1,0,0,0,0,0,0,0,0,0,0,0,
Kendall Paul,160113,CB,TXAMEA,10,4,0,58.5,0,0,1139,1,0,73.9,72.7,38.5,,65.4,58.4,0,0,0,1,34,17.8,8,5,2,86.3,24,0,0,21,510,290,540,1,0,0,1,0,0,539,0,250,6,15,33,5,41,0,2,289,61,12.0
Brenden Flowers,160122,S,SE LA,2,0,0,,0,0,294,0,0,66.0,54.6,74.8,,39.4,45.5,0,0,0,0,,50.0,1,0,0,0.0,0,0,0,14,0,14,32,0,0,0,0,0,8,32,0,18,10,0,1,0,0,0,0,0,0,
Ian Conerly-Goodly,160124,S,SE LA,9,10,0,54.5,0,2,294,0,0,60.4,67.7,83.9,72.8,78.9,72.8,0,1,0,0,70,13.2,5,0,0,139.2,6,0,0,119,1,168,289,2,0,0,2,0,132,287,2,119,35,2,23,0,11,1,2,146,52,24.3
KK Reno,160125,LB,SE LA,3,1,0,50.0,0,0,294,0,0,46.4,35.1,71.2,,40.7,76.7,0,0,0,0,17,0.0,0,0,0,79.2,1,0,0,16,0,11,17,0,0,0,0,0,0,17,0,6,1,0,1,0,2,0,0,17,19,17.0
Shemar Pearl,160126,DI,SE LA,1,0,0,,0,0,294,0,0,,60.0,66.0,,60.0,,0,0,0,0,,,0,0,0,0.0,0,0,0,0,0,0,1,1,0,0,1,0,0,0,0,1,0,0,0,0,0,0,0,0,0,
Rowan Briggs,160128,ED,SE LA,13,7,2,,0,0,294,1,0,64.6,64.6,83.9,59.0,63.4,59.2,0,9,0,0,,13.0,3,0,0,0.0,0,0,0,0,0,0,258,258,0,2,189,67,0,0,141,117,0,9,13,0,0,9,0,0,0,
Beau Davis,160129,DI,SE LA,2,1,0,,0,0,294,0,0,,61.0,73.4,58.6,61.0,73.6,0,0,0,0,,0.0,0,0,0,0.0,0,0,0,0,0,0,22,22,0,21,0,1,0,0,4,18,0,1,2,0,0,0,0,0,0,
Charles Hill,160130,ED,SE LA,4,2,0,,0,1,294,0,0,,73.1,0.0,81.5,68.5,65.2,1,5,0,0,,20.0,1,0,2,0.0,0,4,0,0,0,0,68,68,0,3,41,24,0,0,33,35,0,6,2,1,0,10,0,0,0,
Kaleb Proctor,160131,DI,SE LA,13,5,0,,0,1,294,0,0,57.2,57.1,40.4,61.3,58.4,71.2,1,5,0,0,,6.3,1,0,1,0.0,0,1,0,0,0,4,194,194,2,191,0,1,0,0,110,80,0,7,10,1,0,7,0,0,0,
Travon Jones,160146,TE,NWSTATE,2,0,0,,0,0,257,0,0,82.2,73.3,65.8,,,,0,0,0,1,,,0,0,1,0.0,0,0,0,0,0,2,2,0,0,0,0,0,2,2,0,0,0,0,0,0,0,0,0,0,0,
Dez Williams,160147,LB,NWSTATE,9,8,0,100.0,0,1,257,0,0,88.0,69.4,79.7,64.6,46.4,62.5,2,1,0,0,4,12.5,2,0,0,122.9,2,1,0,71,0,39,107,24,0,0,24,0,1,83,7,61,11,4,6,0,2,4,1,8,9,4.0
Ronnie Caldwell,160150,S,NWSTATE,11,9,0,66.7,1,2,257,0,0,75.9,68.9,46.3,65.1,57.6,63.6,2,6,0,0,23,16.3,7,1,1,86.8,10,0,0,197,14,221,501,41,0,0,41,0,43,460,25,255,206,11,27,3,15,8,0,105,44,10.5
Daniel Dufour,160155,CB,NWSTATE,1,0,0,50.0,0,0,257,0,0,64.3,65.5,71.2,,60.0,73.5,0,0,0,0,3,0.0,0,0,0,56.3,1,0,0,0,2,3,6,0,0,0,0,0,0,6,0,3,4,0,1,0,2,0,0,3,-2,3.0
JaQuon Lott,160161,DI,NWSTATE,7,1,0,,0,1,257,1,0,60.0,62.0,79.5,55.4,68.9,24.7,0,1,0,0,,20.0,1,0,0,0.0,0,0,0,0,0,0,77,77,60,17,0,0,0,0,34,43,0,3,3,0,0,1,0,0,0,
Jordan Banks,160162,ED,NWSTATE,9,7,0,0.0,0,0,257,0,0,43.7,59.8,88.3,52.7,70.4,49.1,1,5,0,0,,23.3,7,0,0,39.6,0,0,0,67,0,32,304,231,0,12,219,0,0,73,119,153,6,12,16,2,1,6,0,0,0,
Ray Gibson,160163,DI,NWSTATE,11,7,0,,0,0,257,0,0,58.1,53.2,63.5,51.3,56.2,50.1,0,3,0,0,,13.8,4,0,1,0.0,0,0,0,0,0,0,450,449,43,274,8,124,0,1,199,251,0,13,18,1,0,3,0,0,0,
Jaylon Henry,160176,WR,MCNEESE,1,0,0,,0,0,217,0,0,,60.0,60.0,,60.0,,0,0,0,0,,,0,0,0,0.0,0,0,0,0,0,0,1,0,0,0,0,0,0,1,0,1,0,0,0,0,0,0,0,0,0,
Crajaun Bennett,160193,CB,MCNEESE,6,1,0,58.3,0,0,217,0,0,70.6,71.1,83.8,59.4,69.8,81.1,0,0,0,1,33,5.9,1,2,0,84.9,14,0,0,17,354,200,379,6,0,0,6,0,0,373,1,178,0,4,15,0,24,0,2,137,60,9.8
Jayce Bludau,160195,LB,MCNEESE,2,2,0,100.0,0,0,217,0,0,72.8,68.8,69.0,59.5,59.4,61.2,0,0,0,0,-3,20.0,1,0,0,79.2,1,0,0,20,0,9,21,0,0,0,0,0,0,21,1,11,0,2,2,1,1,0,0,-3,0,-3.0
Jake Held,160196,CB,MCNEESE,1,0,0,,0,0,217,0,0,,60.0,60.0,,60.0,,0,0,0,0,,,0,0,0,0.0,0,0,0,0,0,0,1,0,0,0,0,0,0,1,0,1,0,0,0,0,0,0,0,0,0,
Jordan Toaston,160198,LB,MCNEESE,3,0,0,,0,0,217,0,0,62.8,65.2,87.2,59.6,64.4,77.5,0,0,0,0,,0.0,0,0,0,0.0,0,0,0,17,0,6,18,0,0,0,0,0,0,18,1,11,0,1,3,0,0,0,0,0,0,
Phillip Bradford,160201,ED,MCNEESE,3,0,0,,0,0,217,0,0,,62.5,74.1,57.2,63.8,71.3,0,0,0,0,,0.0,0,0,0,0.0,0,0,0,0,0,0,32,32,0,12,0,20,0,0,12,20,0,1,1,0,0,0,0,0,0,
Sedric Applewhite,160202,LB,MCNEESE,1,0,0,,0,0,217,0,0,60.6,60.4,68.5,59.4,,,0,0,0,0,,,0,0,0,0.0,0,0,0,1,0,2,3,1,0,0,1,0,0,2,1,0,1,0,0,0,0,0,0,0,0,
Mase Lewis,160203,ED,MCNEESE,2,0,0,,0,0,217,0,0,,61.5,73.3,59.9,61.4,,0,0,0,0,,,0,0,0,0.0,0,0,0,0,0,0,20,20,0,0,5,15,0,0,13,7,0,0,0,0,0,0,0,0,0,
Patrick Marshall,160220,CB,GRAMBLING,6,2,0,66.7,0,0,177,0,0,59.0,61.0,79.9,56.9,65.9,56.0,1,0,0,0,30,25.0,3,0,0,88.2,4,0,0,24,1,50,111,1,0,0,1,0,2,110,2,59,83,3,7,0,6,1,0,44,24,11.0
Nay'Ron Jenkins,160230,LB,FL A&M,1,0,0,,0,0,164,0,0,,60.0,60.0,,60.0,,0,0,0,0,,,0,0,0,0.0,0,0,0,0,0,0,1,0,0,0,0,0,0,1,0,1,0,0,0,0,0,0,0,0,0,
Wayne Quin II,160236,LB,FL A&M,1,0,0,,0,0,164,0,0,,60.0,60.0,,60.0,,0,0,0,0,,,0,0,0,0.0,0,0,0,0,0,0,1,0,0,0,0,0,0,1,0,1,0,0,0,0,0,0,0,0,0,
Isaiah Major,160238,LB,FL A&M,11,13,1,88.0,1,1,164,1,0,64.9,75.7,0.0,86.1,79.6,82.0,1,17,0,0,19,10.0,8,0,4,97.7,22,5,0,560,0,333,633,48,0,0,47,1,1,585,71,229,24,42,59,9,25,23,0,186,145,8.5
Lamar Clark,160239,S,FL A&M,1,0,0,,0,0,164,0,0,,60.0,73.9,,60.0,,0,0,0,0,,,0,0,0,0.0,0,0,0,0,0,0,1,0,0,0,0,0,0,1,0,1,0,0,0,0,0,0,0,0,0,
Michael Watson II,160241,LB,FL A&M,3,0,0,100.0,0,0,164,0,0,51.5,47.7,70.9,59.4,49.4,26.2,0,0,0,0,17,50.0,2,0,0,114.6,2,0,0,16,0,14,24,0,0,0,0,0,0,24,1,9,7,2,2,0,2,0,0,23,16,11.5
Devin Smith,160242,LB,FL A&M,2,1,0,,0,0,164,0,0,72.5,61.3,71.9,,51.2,54.3,0,0,0,0,,16.7,1,0,0,0.0,0,0,0,18,0,5,18,0,0,0,0,0,0,18,0,13,0,3,4,1,0,0,0,0,0,
Zaire Riley,160243,CB,FL A&M,2,0,0,,0,0,164,0,0,,61.6,70.5,,61.7,,0,0,0,0,,,0,0,0,0.0,0,0,0,0,9,0,9,0,0,0,0,0,0,9,0,9,0,0,0,0,0,0,0,0,0,
Cail Jackson,160250,CB,ALABAMA ST,11,7,0,63.6,0,1,105,0,0,72.9,69.4,16.0,59.5,62.4,46.8,1,1,0,3,27,20.7,6,0,1,38.3,14,0,0,58,1,131,271,1,0,0,1,0,2,270,9,131,208,6,16,1,22,2,0,120,90,8.6
Chevale Condry,160251,DI,ALABAMA ST,4,1,0,,0,0,105,0,0,,40.4,79.0,57.0,39.1,27.8,0,0,0,0,,25.0,1,0,0,0.0,0,0,0,0,0,0,43,43,20,23,0,0,0,0,9,34,0,0,2,0,0,0,0,0,0,
Rod Daniels,160252,ED,ALABAMA ST,4,1,0,,0,0,105,0,0,,58.3,81.3,61.5,53.6,23.6,2,4,0,0,,50.0,4,0,0,0.0,0,1,0,0,0,0,103,103,0,0,95,8,0,0,63,40,0,4,3,0,0,7,0,0,0,
Jaland Lewis-Horton,160253,ED,ALABAMA ST,2,2,0,,0,1,105,0,0,68.4,72.7,82.6,74.5,60.5,80.9,0,4,0,0,,0.0,0,0,0,0.0,0,3,0,0,0,0,104,104,0,0,104,0,0,0,56,48,0,4,2,0,0,7,0,0,0,
Maurice LaPierre,160255,ED,ALABAMA ST,9,1,0,,0,0,105,0,0,60.2,66.0,10.3,68.3,63.6,62.5,2,5,0,0,,16.7,1,0,1,0.0,0,1,0,0,0,0,76,75,0,0,75,0,0,1,47,29,0,3,4,1,0,8,0,0,0,
Grant DeGraffenreid,160259,LB,ALABAMA ST,1,1,0,,0,0,105,0,0,60.0,29.8,68.9,,30.5,74.3,0,0,0,0,,0.0,0,0,0,0.0,0,0,0,10,0,1,10,0,0,0,0,0,0,10,0,9,0,0,0,0,0,0,0,0,0,
Kanye Varner,160262,ED,ALABAMA ST,9,3,0,,0,0,105,0,0,68.9,63.2,85.1,59.1,61.3,49.5,1,7,0,0,,15.8,3,0,0,0.0,0,1,0,0,0,0,199,199,0,0,195,4,0,0,111,88,0,12,13,1,0,9,0,0,0,
Adrian Maddox,160267,CB,ALABAMA ST,10,12,0,70.5,0,0,105,1,0,68.3,67.2,7.3,63.0,67.1,46.0,2,0,0,2,35,21.8,12,1,2,94.5,31,1,0,64,30,269,490,22,0,0,22,0,3,468,22,199,371,16,31,5,44,3,3,316,204,10.2
Jakobi Robinson,160270,S,ALABAMA ST,4,0,0,50.0,0,0,105,0,0,51.7,53.7,78.8,,62.4,77.7,0,0,0,1,38,0.0,0,0,0,54.2,2,0,0,4,0,24,39,0,0,0,0,0,18,39,0,15,17,0,2,0,4,0,0,48,5,24.0
Pius Njenge,160274,DI,LAMAR,10,1,0,,0,0,204,0,0,55.5,55.3,28.3,61.3,58.7,31.2,0,1,0,0,,27.3,3,0,1,0.0,0,2,0,0,0,0,143,143,0,65,3,75,0,0,68,75,0,8,7,1,0,3,0,0,0,
Byron Mathis,160275,DI,LAMAR,2,1,0,,0,0,204,0,0,,45.8,76.2,62.4,41.2,76.0,0,0,0,0,,0.0,0,0,0,0.0,0,1,0,0,0,0,34,34,18,16,0,0,0,0,14,20,0,1,4,0,0,1,0,0,0,
Jaidan Scott,160290,S,SM HOUSTON,1,0,0,50.0,0,0,281,0,0,31.9,39.4,73.3,,62.9,74.3,0,0,0,0,43,0.0,0,0,1,135.4,1,0,0,12,0,11,20,0,0,0,0,0,7,20,0,9,1,0,1,0,2,0,1,43,15,43.0
Sincere Jackson,160296,LB,SM HOUSTON,1,3,0,100.0,0,0,281,0,0,63.5,67.2,71.8,,67.5,80.6,0,0,0,0,23,0.0,0,0,0,118.8,1,0,0,22,0,15,29,3,0,0,3,0,0,26,0,14,4,0,2,0,1,0,0,23,16,23.0
Jonah Henry,160307,CB,UTAHTC,3,1,0,66.7,0,0,1285,1,0,39.7,49.1,77.1,,74.8,47.7,0,0,0,0,70,25.0,1,0,0,149.3,2,0,0,6,0,15,36,0,0,0,0,0,0,36,0,21,30,1,2,0,3,0,1,83,41,41.5
Ryan Linehan,160309,LB,UTAHTC,1,0,0,,0,0,1285,0,0,60.1,66.0,71.2,58.1,67.1,76.7,0,0,0,0,,0.0,0,0,0,0.0,0,0,0,7,0,2,9,1,0,0,1,0,0,8,2,5,1,0,2,0,0,0,0,0,0,
Justin Kirkland,160310,DI,UTAHTC,11,15,1,,1,0,1285,1,0,60.0,72.9,28.4,62.3,80.7,76.1,2,11,0,0,,6.7,3,0,4,0.0,0,2,0,1,0,0,630,628,89,522,1,16,0,2,338,292,0,24,27,5,0,15,0,0,0,
Bill Hackett,160317,CB,ALBANY,8,5,0,62.5,0,0,106,1,0,63.5,58.7,81.0,69.4,42.6,61.0,0,1,0,0,43,11.1,3,0,2,102.6,10,0,0,43,122,102,205,13,0,0,13,0,7,192,5,98,20,3,19,0,16,1,1,106,17,10.6
Anton Juncaj,160319,ED,ALBANY,11,7,0,,0,0,106,0,0,67.8,75.1,31.3,69.1,75.5,51.7,8,12,0,0,,18.6,8,0,3,0.0,0,6,0,0,0,0,487,487,0,2,294,191,0,0,247,240,0,24,28,9,0,26,0,0,0,
Sammy Knipe,160320,LB,ALBANY,2,0,0,,0,0,106,0,0,60.6,73.1,67.3,,71.1,75.8,0,0,0,0,,0.0,0,0,0,0.0,0,0,0,8,0,2,8,0,0,0,0,0,0,8,0,6,0,0,2,0,0,0,0,0,0,
AJ Simon,160323,ED,ALBANY,10,10,0,100.0,0,0,106,0,0,82.7,81.8,46.4,70.4,83.3,83.6,2,13,0,1,4,3.0,1,0,2,43.8,1,6,0,3,0,11,432,429,0,11,326,92,0,3,203,218,0,24,22,7,1,21,0,4,0,4.0
Logan Clark,160326,CB,CAMPBELL,4,0,0,41.7,0,0,131,0,0,59.2,59.9,78.3,,61.9,82.3,0,0,0,0,58,0.0,0,0,0,79.5,5,0,0,3,88,53,91,0,0,0,0,0,0,91,0,38,0,1,7,0,12,0,0,123,25,24.6
Ed Dennis,160328,CB,CAMPBELL,10,3,0,46.2,0,0,131,0,0,67.0,66.5,84.2,48.5,65.5,43.1,0,1,0,1,34,27.3,6,1,0,67.8,6,0,0,28,83,144,268,7,0,0,7,0,14,261,0,124,136,3,13,1,13,1,1,105,37,17.5
Paul Hutson III,160334,DI,CAMPBELL,10,6,0,,0,1,131,0,0,60.0,57.0,37.6,55.9,59.4,60.5,1,4,0,0,,10.0,3,0,2,0.0,0,0,0,0,0,0,352,352,137,212,1,2,0,0,163,189,0,16,21,3,0,5,0,0,0,
Christopher Jackson,160335,LB,CAMPBELL,1,1,0,,0,0,131,0,0,,66.9,65.9,,64.5,73.6,0,0,0,0,,0.0,0,0,0,0.0,0,0,0,3,0,0,3,0,0,0,0,0,0,3,0,3,0,0,0,0,0,0,0,0,0,
Asa Johnson,160337,DI,CAMPBELL,1,0,0,,0,0,131,0,0,,66.9,71.0,58.3,66.5,70.2,0,0,0,0,,0.0,0,0,0,0.0,0,0,0,0,0,0,9,9,0,9,0,0,0,0,6,3,0,1,1,1,0,0,0,0,0,
Myles Rowser,160351,CB,CAMPBELL,9,3,0,64.3,0,0,131,1,0,77.1,77.3,15.2,79.2,74.1,84.7,1,0,0,1,28,5.9,2,3,1,84.8,9,0,0,119,2,143,309,0,0,0,0,0,81,309,3,163,107,7,29,1,14,1,2,65,22,7.2
Tyquez Royal,160352,S,CAMPBELL,1,0,0,100.0,0,0,131,0,0,48.6,42.7,75.9,54.8,46.9,50.0,0,0,0,0,25,33.3,1,0,0,118.8,1,0,0,38,0,13,41,3,0,0,3,0,0,38,7,21,0,0,2,0,1,0,0,25,14,25.0
Akim Sledge,160354,CB,CAMPBELL,4,3,0,66.7,0,0,131,0,0,58.5,58.9,80.6,59.7,59.7,54.9,0,0,0,0,11,14.3,2,0,1,81.3,4,0,0,14,124,72,149,6,0,0,6,0,0,143,1,76,5,1,9,0,6,0,0,34,4,8.5
Milon Jones,160381,S,KENNESAW,5,1,0,80.0,0,0,200,0,0,46.7,45.4,76.0,57.1,51.2,29.0,0,0,0,0,33,44.4,4,0,0,118.8,4,0,0,9,0,34,42,0,0,0,0,0,32,42,2,6,1,0,4,0,5,0,0,66,22,16.5
RJ Taylor,160392,ED,KENNESAW,3,1,0,,0,0,200,0,0,62.7,62.4,78.4,69.7,52.5,75.2,0,1,0,0,,0.0,0,0,0,0.0,0,0,0,0,0,5,31,31,0,0,31,0,0,0,12,14,0,0,1,0,0,1,0,0,0,
Jayven Williams,160395,CB,KENNESAW,2,0,0,57.1,0,0,200,0,0,54.3,52.5,77.1,,46.8,26.2,0,0,0,0,80,66.7,2,0,0,141.4,4,0,0,5,64,42,69,0,0,0,0,0,0,69,0,27,0,0,1,0,7,0,2,115,74,28.8
Joe Williams,160396,S,KENNESAW,3,2,0,60.0,0,0,200,0,0,46.7,48.8,78.4,,60.5,68.8,0,0,0,0,15,11.1,1,0,0,117.5,3,0,0,20,0,44,74,0,0,0,0,0,17,74,0,30,37,0,6,0,5,0,1,31,6,10.3
Caleb Jones,160402,DI,NC A&T,11,0,0,,1,0,246,0,0,,75.2,50.0,67.5,78.1,78.4,1,6,0,0,,0.0,0,0,2,0.0,0,3,0,0,0,0,258,258,19,232,1,6,0,0,137,121,0,11,10,2,0,10,0,0,0,
Steven Davis II,160415,CB,NC A&T,1,0,0,,0,0,246,0,0,61.2,61.7,71.4,,,,0,0,0,0,,,0,0,0,0.0,0,0,0,0,0,3,3,0,0,0,0,0,0,3,0,0,3,0,0,0,0,0,0,0,0,
Jelani King-Leverett,160419,ED,NC A&T,5,3,0,0.0,0,0,246,0,0,,71.9,78.2,60.3,76.2,56.4,0,2,0,0,,12.5,1,0,0,39.6,0,1,1,0,0,0,64,64,0,1,49,14,0,0,36,28,0,5,4,2,1,3,0,0,0,
Jhyheem Pittman,160421,DI,NC A&T,2,0,0,,0,0,246,0,0,61.5,49.4,75.9,59.3,42.2,37.7,1,0,0,0,,33.3,1,0,0,0.0,0,0,0,0,0,0,44,44,2,38,0,4,0,0,19,25,0,2,2,0,0,1,0,0,0,
Christopher Allen Jr.,160425,DI,NC A&T,1,0,0,,0,0,246,0,0,,60.1,69.6,58.3,60.0,,0,1,0,0,,,0,0,0,0.0,0,0,0,0,0,0,6,6,0,6,0,0,0,0,3,3,0,0,0,0,0,1,0,0,0,
Malich Jacobs,160429,LB,NC A&T,4,1,0,33.3,0,0,246,0,0,70.4,86.1,74.1,60.0,89.5,49.0,0,0,0,1,15,20.0,1,0,0,50.7,1,0,0,31,0,14,32,0,0,0,0,0,1,32,1,17,0,2,3,1,3,0,1,15,5,15.0
Tyshon Bullock,160432,ED,NC A&T,1,0,0,,0,0,246,0,0,,60.0,67.3,,60.0,,0,0,0,0,,,0,0,0,0.0,0,0,0,0,0,0,2,2,0,0,2,0,0,0,0,2,0,0,0,0,0,0,0,0,0,
Devon Marshall,160445,CB,VILLANOVA,9,1,0,66.7,0,0,334,0,0,68.4,67.4,80.9,,57.4,44.9,0,0,0,0,15,23.5,4,2,3,80.2,8,0,0,17,181,124,199,0,0,0,0,0,1,199,0,75,0,3,12,0,12,0,0,65,10,8.1
Josh Oluremi,160448,S,VILLANOVA,1,0,0,0.0,0,0,334,0,0,64.6,66.0,70.2,,60.0,78.6,0,0,0,0,,0.0,0,0,0,39.6,0,0,0,2,0,6,10,0,0,0,0,0,8,10,0,4,0,0,1,0,1,0,0,0,0,
Jon Wyatt,160457,S,VILLANOVA,2,0,0,100.0,0,0,334,0,0,50.6,51.4,71.8,58.1,60.3,20.4,0,0,0,0,13,100.0,1,0,0,118.8,1,0,0,5,0,6,13,2,0,0,2,0,3,11,3,4,3,0,0,0,1,0,0,13,7,13.0
Drake Hatcher,160463,DI,COLGATE,6,5,0,,0,0,142,0,0,60.0,62.5,82.0,53.8,64.7,79.0,0,0,0,0,,0.0,0,0,0,0.0,0,0,0,0,0,0,173,173,73,99,0,1,0,0,66,107,0,5,8,1,0,0,0,0,0,
Andrew Khalife,160465,S,COLGATE,1,0,0,100.0,0,0,142,0,0,45.0,47.2,67.3,,60.0,,0,0,0,0,15,,0,0,0,118.8,1,0,0,2,0,2,4,0,0,0,0,0,2,4,0,2,0,0,0,0,1,0,0,15,7,15.0
Zaven Koltookian,160466,ED,COLGATE,1,0,0,,0,0,142,0,0,,60.0,66.6,,60.0,,0,0,0,0,,,0,0,0,0.0,0,0,0,0,0,0,2,2,0,0,0,2,0,0,0,2,0,0,0,0,0,0,0,0,0,
Cole Kozlowski,160467,LB,COLGATE,5,0,0,0.0,0,0,142,0,0,69.6,66.9,75.0,55.5,63.9,61.2,0,2,0,0,,20.0,1,0,0,39.6,0,0,0,61,0,27,63,1,0,0,1,0,0,62,13,23,1,1,4,0,1,2,0,0,0,
Justin Lawrence,160468,CB,COLGATE,6,1,0,56.0,0,0,142,0,0,61.2,61.9,82.7,60.0,62.7,85.9,0,1,0,0,43,0.0,0,2,0,116.6,14,0,0,23,294,153,327,4,0,0,4,0,1,323,1,173,5,2,12,0,25,1,2,247,51,17.6
Danny Norocea,160473,DI,COLGATE,7,5,0,,0,0,142,1,0,60.0,68.6,81.9,76.3,61.3,76.5,0,1,0,0,,0.0,0,0,0,0.0,0,0,0,0,0,0,167,167,62,104,0,1,0,0,72,95,0,1,3,0,0,1,0,0,0,
Brian Rawls Jr.,160477,CB,COLGATE,2,0,0,100.0,0,0,142,0,0,50.5,52.7,73.8,,62.5,,0,0,0,0,12,,0,0,0,143.8,2,0,0,1,20,10,23,0,0,0,0,0,1,23,0,13,1,0,0,0,2,0,1,18,5,9.0
Taitwoine Sanders,160479,CB,COLGATE,7,3,0,62.5,0,0,142,0,0,55.2,56.8,81.2,,64.7,88.8,0,0,0,1,53,0.0,0,1,1,112.5,15,0,0,10,209,131,222,0,0,0,0,0,0,222,0,91,3,3,18,0,24,0,4,208,62,13.9
Sean Allison,160484,LB,DRAKE,1,0,0,,0,0,153,0,0,,60.0,64.7,59.8,,,0,0,0,0,,,0,0,0,0.0,0,0,0,0,0,0,1,1,0,1,0,0,0,0,1,0,0,0,0,0,0,0,0,0,0,
Trystan Anderson,160485,ED,DRAKE,4,1,0,,0,0,153,0,0,60.3,67.1,75.9,66.1,63.0,40.4,3,0,0,0,,20.0,1,0,0,0.0,0,0,0,1,0,1,37,36,0,0,19,17,0,1,19,17,0,2,3,0,0,3,0,0,0,
Jacob Auen,160486,DI,DRAKE,11,5,1,,0,0,153,0,0,,84.2,81.1,82.2,77.7,79.4,1,5,0,0,,0.0,0,0,0,0.0,0,2,0,0,0,0,195,194,27,164,1,2,0,1,99,96,0,6,7,0,0,8,0,0,0,
Cooper Cerese,160489,DI,DRAKE,1,0,0,,0,0,153,0,0,,29.6,72.0,58.4,31.2,16.6,0,0,0,0,,100.0,1,0,0,0.0,0,0,0,0,0,0,12,12,2,10,0,0,0,0,3,9,0,0,0,0,0,0,0,0,0,
James Kirkland,160498,CB,DRAKE,11,3,0,60.0,0,0,153,0,0,57.6,58.3,80.7,59.8,59.7,56.7,0,0,0,0,14,18.8,3,1,0,97.1,9,0,0,24,171,96,203,6,0,0,6,0,0,197,1,106,2,3,10,0,15,0,1,82,19,9.1
Nolan Korzeniowski,160499,DI,DRAKE,3,3,0,,0,0,153,0,0,,61.8,0.0,61.5,65.6,49.2,0,0,0,0,,20.0,1,0,1,0.0,0,0,0,0,0,0,56,56,9,44,0,3,0,0,16,40,0,0,1,0,0,0,0,0,0,
Cam Dyson,160526,LB,HOWARD,11,7,0,75.0,0,0,184,0,0,55.3,59.2,79.6,67.1,60.4,49.6,0,2,0,0,8,18.2,4,0,0,86.5,6,0,0,129,0,53,140,5,0,0,5,0,0,135,10,77,6,5,11,2,8,2,0,42,31,7.0
Kedrick Green,160528,S,HOWARD,3,0,0,0.0,0,0,184,0,0,60.6,67.9,75.6,54.7,83.2,84.8,0,0,0,0,,0.0,0,0,0,39.6,0,0,0,24,0,28,55,0,0,0,0,0,16,55,4,23,14,2,5,1,1,0,0,0,0,
Derrick Hartley Jr.,160529,CB,HOWARD,6,0,0,66.7,0,0,184,0,0,60.8,61.7,75.9,,63.5,76.6,0,0,0,0,27,0.0,0,0,0,148.6,2,0,0,2,48,27,50,0,0,0,0,0,0,50,0,23,0,1,2,0,3,0,1,37,11,18.5
Jahlil Warren,160530,CB,HOWARD,1,0,0,,0,0,184,0,0,,60.0,62.1,,60.0,,0,0,0,0,,,0,0,0,0.0,0,0,0,1,0,0,1,0,0,0,0,0,0,1,0,1,0,0,0,0,0,0,0,0,0,
Noah Miles,160535,ED,HOWARD,11,1,0,,0,0,184,0,0,58.7,61.5,33.0,56.7,69.7,56.7,1,2,0,0,,11.1,1,0,1,0.0,0,0,0,0,0,1,142,142,2,2,121,17,0,0,62,79,0,4,7,1,0,3,0,0,0,
J. Augustus Olidge,160539,CB,HOWARD,4,0,0,100.0,0,0,184,0,0,45.0,39.0,0.0,,60.9,42.6,0,0,0,0,41,50.0,1,0,1,118.8,2,0,0,1,16,10,18,1,0,0,1,0,0,17,0,8,0,0,1,0,2,0,0,42,17,21.0
Clayton Perrin,160541,S,HOWARD,9,8,0,50.0,0,0,184,0,0,76.2,68.1,83.4,54.6,54.7,49.4,0,0,0,1,64,21.1,8,1,0,95.8,4,0,0,126,5,150,330,7,0,0,7,0,119,323,9,171,72,11,22,1,8,0,3,108,66,27.0
Jason Seraphin,160546,DI,HOWARD,11,2,0,,0,0,184,0,0,60.0,68.3,83.5,60.3,69.5,27.2,1,1,0,0,,28.6,6,0,0,0.0,0,1,0,0,0,0,271,271,48,220,0,3,0,0,118,153,0,10,13,1,0,3,0,0,0,
Breylin Smith,160547,HB,HOWARD,1,0,0,,0,0,184,0,0,,59.6,65.7,59.1,,,0,0,0,0,,,0,0,0,0.0,0,0,0,0,0,0,1,1,0,0,1,0,0,0,1,0,0,0,0,0,0,0,0,0,0,
CJ Wesley,160548,LB,HOWARD,6,2,0,100.0,0,0,184,0,0,65.2,46.9,0.0,51.7,44.8,79.8,0,1,0,0,8,0.0,0,0,1,100.0,1,0,0,23,0,15,38,13,0,0,13,0,0,25,12,11,2,1,3,0,1,1,0,8,13,8.0
Nick Aguilera,160550,DI,MOREHEAD,1,0,0,,0,0,234,0,0,,61.6,68.8,59.0,60.9,,0,0,0,0,,,0,0,0,0.0,0,0,0,0,0,0,5,5,0,5,0,0,0,0,3,2,0,0,0,0,0,0,0,0,0,
Gunnison Bloodgood,160552,WR,MOREHEAD,2,0,0,,0,0,234,0,0,,60.4,60.0,,60.0,,0,0,0,0,,,0,0,1,0.0,0,0,0,0,0,0,2,0,0,0,0,0,0,2,0,2,0,0,0,0,0,0,0,0,0,
Luciano Corpora-Ellis,160556,CB,MOREHEAD,1,0,0,,0,0,234,0,0,64.1,65.0,70.3,,60.0,75.1,0,0,0,0,,0.0,0,0,0,0.0,0,0,0,0,0,3,4,0,0,0,0,0,0,4,0,1,4,0,1,0,0,0,0,0,0,
Alex Herrera Jr.,160559,CB,MOREHEAD,2,0,0,100.0,0,0,234,0,0,41.8,37.8,66.2,,60.0,73.4,0,0,0,0,12,0.0,0,0,0,110.4,2,0,0,0,0,2,4,0,0,0,0,0,0,4,0,2,3,0,1,0,2,0,0,21,17,10.5
Jake Lambden,160561,ED,MOREHEAD,2,0,0,,0,0,234,0,0,,44.3,74.1,54.9,45.4,23.9,0,1,0,0,,100.0,1,0,0,0.0,0,0,0,0,0,0,18,18,0,0,12,6,0,0,7,11,0,0,0,0,0,1,0,0,0,
Dylan Leonardis,160562,LB,MOREHEAD,7,3,0,66.7,0,0,234,0,0,73.0,65.0,78.2,55.4,58.9,75.6,0,0,0,1,25,0.0,0,0,0,68.1,2,0,0,73,0,24,84,10,0,0,10,0,0,74,5,55,1,6,9,0,3,0,0,36,22,18.0
Kaleb Lyons,160564,CB,MOREHEAD,11,4,0,61.3,0,0,234,1,0,57.4,58.7,23.1,80.5,62.2,64.4,0,1,0,1,53,13.6,3,4,1,130.2,19,1,0,13,337,181,367,7,0,0,7,0,3,360,3,183,7,6,15,0,31,2,4,379,122,19.9
Matthew McClelland,160565,S,MOREHEAD,2,1,0,,0,0,234,0,0,64.7,66.6,75.0,,64.8,76.1,0,0,0,0,,0.0,0,0,0,0.0,0,0,0,0,0,5,14,0,0,0,0,0,3,14,0,9,11,0,1,0,0,0,0,0,0,
Arvell Rogers,160570,DI,MOREHEAD,4,0,0,,0,0,234,0,0,,59.3,78.2,61.2,57.1,70.2,0,0,0,0,,,0,0,0,0.0,0,1,0,0,0,0,38,38,20,18,0,0,0,0,19,19,0,1,0,0,0,1,0,0,0,
Will Walters,160575,S,MOREHEAD,1,0,0,,0,0,234,0,0,50.5,57.8,68.3,,61.6,28.4,0,0,0,0,,50.0,1,0,0,0.0,0,0,0,6,0,5,7,0,0,0,0,0,1,7,0,2,0,1,1,0,0,0,0,0,0,
Sid Weddington,160576,DI,MOREHEAD,11,9,0,,0,0,234,1,0,57.6,66.6,60.0,61.8,69.6,56.4,0,5,0,0,,10.7,3,0,1,0.0,0,1,0,0,0,0,375,375,21,345,1,8,0,0,177,198,0,7,16,1,0,6,0,0,0,
Jaylen Banks,160579,DI,S ILLINOIS,1,0,0,,0,0,295,0,0,,60.3,64.6,,60.0,,0,0,0,0,,,0,0,0,0.0,0,0,0,0,0,0,1,1,0,0,0,1,0,0,0,1,0,0,0,0,0,0,0,0,0,
Ben Bogle,160580,LB,S ILLINOIS,1,0,0,0.0,0,0,295,0,0,58.2,58.3,65.1,,60.0,,0,0,0,0,,,0,1,0,39.6,0,0,0,5,0,5,6,0,0,0,0,0,1,6,0,1,0,0,0,0,2,0,0,0,0,
Desman Hearns,160586,WR,S ILLINOIS,1,0,0,,0,0,295,0,0,,60.0,63.5,,60.0,,0,0,0,0,,,0,0,0,0.0,0,0,0,0,1,0,1,0,0,0,0,0,0,1,0,1,0,0,0,0,0,0,0,0,0,
Cory McCalip,160591,ED,S ILLINOIS,1,0,0,,0,0,295,0,0,,60.5,64.7,,60.0,,0,0,0,0,,,0,0,0,0.0,0,0,0,0,0,0,1,1,0,1,0,0,0,0,0,1,0,0,0,0,0,0,0,0,0,
Tayvion Beasley,160755,CB,JACKSON ST,11,1,0,35.3,0,0,194,0,0,72.9,74.2,85.2,58.6,76.2,84.7,0,0,0,2,13,0.0,0,2,0,24.0,6,0,0,11,49,123,195,0,0,0,0,0,3,195,1,71,128,6,9,0,17,0,1,41,2,6.8
Kevin Coleman Jr.,160756,WR,JACKSON ST,1,0,0,,0,0,194,0,0,,60.0,60.0,,60.0,,0,0,0,0,,,0,0,3,0.0,0,0,0,0,0,0,1,0,0,0,0,0,0,1,0,1,0,0,0,0,0,0,0,0,0,
Jelani Davis,160758,DI,JACKSON ST,1,0,0,,0,0,194,0,0,,59.5,68.6,58.9,60.0,,0,0,0,0,,,0,0,0,0.0,0,0,0,0,0,0,4,4,0,4,0,0,0,0,3,1,0,0,0,0,0,0,0,0,0,
Willie Gaines,160761,WR,JACKSON ST,3,0,0,,0,0,194,0,0,60.0,43.8,60.0,,44.3,21.3,0,0,0,0,,100.0,1,0,1,0.0,0,0,0,0,0,1,3,0,0,0,0,0,0,3,0,2,0,0,0,0,0,0,0,0,0,
Jalin Hughes,160763,CB,JACKSON ST,9,3,0,44.4,0,0,194,0,0,69.9,70.4,84.2,,67.7,85.6,1,0,0,1,33,0.0,0,1,2,41.7,8,0,0,10,381,224,417,1,0,0,1,0,11,416,0,193,12,4,10,0,18,1,0,111,10,13.9
Jacob Humphrey,160764,DI,JACKSON ST,2,0,0,,0,0,194,0,0,,72.0,75.2,58.3,72.3,72.1,0,0,0,0,,0.0,0,0,0,0.0,0,0,0,0,0,0,18,18,11,6,0,1,0,0,4,14,0,2,2,1,0,0,0,0,0,
Travis Hunter,160766,CB,JACKSON ST,9,1,0,43.2,0,0,194,1,0,82.3,82.0,84.6,,72.2,79.1,0,0,1,2,50,0.0,0,8,1,47.7,16,0,0,13,477,250,503,0,0,0,0,0,0,503,0,253,12,1,17,0,37,0,0,285,78,17.8
Anthony Brown,160830,ED,NICHOLLS,1,0,0,,0,0,243,0,0,,61.3,71.1,59.4,60.6,,0,0,0,0,,,0,0,0,0.0,0,0,0,0,0,0,6,6,0,0,6,0,0,0,3,3,0,0,0,0,0,0,0,0,0,
Willie Butler,160832,CB,NICHOLLS,4,2,0,80.0,0,0,243,0,0,58.2,57.1,78.1,,51.7,30.5,0,0,0,0,29,33.3,4,0,0,97.9,8,0,0,3,84,54,87,0,0,0,0,0,0,87,0,33,0,2,6,1,10,0,0,75,47,9.4
Eli Ennis,160835,LB,NICHOLLS,9,10,1,75.0,0,0,243,0,0,64.1,69.5,83.9,67.8,72.9,70.5,3,9,0,0,16,14.3,7,1,0,91.7,12,2,0,225,0,178,477,101,0,0,101,0,8,376,61,238,141,19,32,5,16,14,0,104,78,8.7
JaQuan Fank,160836,DI,NICHOLLS,1,0,0,,0,0,243,0,0,,56.1,71.9,59.7,56.4,16.6,0,0,0,0,,100.0,1,0,0,0.0,0,0,0,0,0,0,13,13,0,13,0,0,0,0,2,11,0,0,0,0,0,0,0,0,0,
Kaiden Jones,160838,LB,NICHOLLS,8,7,0,93.8,0,0,243,0,0,46.0,54.9,25.5,59.4,65.1,69.8,0,1,0,0,28,9.8,4,0,1,129.4,15,0,0,283,2,140,306,9,0,0,9,0,0,297,12,154,12,17,30,4,16,1,1,161,114,10.7
Brandon Lairy,160840,LB,NICHOLLS,10,25,0,81.0,0,1,243,0,0,38.5,44.7,52.4,52.9,51.6,48.6,4,7,0,1,40,19.2,14,0,1,128.5,17,1,0,413,5,225,557,62,0,0,62,0,55,495,43,289,20,19,34,2,21,12,5,212,128,12.5
Ethan Lee,160841,S,NICHOLLS,6,6,0,57.1,0,0,243,0,0,68.0,66.6,82.0,60.0,61.2,64.0,0,0,0,0,35,15.4,4,0,0,78.9,4,0,0,69,1,121,202,2,0,0,2,0,92,200,1,80,38,1,16,1,7,0,0,49,17,12.3
Rasheed Lovelace,160843,DI,NICHOLLS,2,0,0,,0,0,243,0,0,,67.5,73.1,57.8,68.8,,0,0,0,0,,,0,0,0,0.0,0,0,0,0,0,0,18,18,2,16,0,0,0,0,8,10,0,0,0,0,0,0,0,0,0,
Connor Orgeron,160849,LB,NICHOLLS,1,0,0,,0,0,243,0,0,,60.8,64.1,,60.0,,0,0,0,0,,,0,0,0,0.0,0,0,0,1,0,0,1,0,0,0,0,0,0,1,0,1,0,0,0,0,0,0,0,0,0,
Alex Villavaso,160856,ED,NICHOLLS,8,8,0,,0,1,243,0,0,,77.9,41.7,85.4,67.8,54.3,2,9,0,0,,17.6,3,0,1,0.0,0,2,0,0,0,0,189,189,0,15,113,61,0,0,92,97,0,3,6,0,0,13,0,0,0,
Dane Whalen,160857,DI,NICHOLLS,4,0,0,,0,0,243,0,0,,60.1,76.0,56.5,61.5,70.2,0,1,0,0,,0.0,0,0,0,0.0,0,0,0,0,0,0,31,31,7,19,2,3,0,0,13,18,0,0,1,0,0,1,0,0,0,
Fred Flavors,160869,CB,SAMFORD,13,3,0,65.3,0,2,282,0,0,78.0,75.3,85.4,53.0,62.0,75.8,0,0,0,1,55,9.7,6,13,2,101.3,47,0,0,80,671,407,770,3,0,0,3,0,2,767,10,353,13,15,53,1,72,0,3,634,158,13.5
Makhi Gilbert,160872,DI,SAMFORD,3,0,0,,0,0,282,0,0,60.0,70.3,75.3,71.6,60.7,72.4,0,1,0,0,,0.0,0,0,0,0.0,0,0,0,0,0,0,20,20,20,0,0,0,0,0,14,6,0,1,2,0,0,1,0,0,0,
Joshua Mathiasen,160880,DI,SAMFORD,13,7,1,,0,1,282,1,0,60.0,59.2,38.0,54.9,62.0,81.1,0,0,0,0,,0.0,0,0,2,0.0,0,0,0,0,0,0,337,337,269,66,0,2,0,0,141,196,0,9,12,3,0,0,0,0,0,
Amari Baylor,160895,ED,VA MILT IN,3,0,0,,0,0,336,0,0,63.5,46.4,80.2,66.2,32.8,30.6,0,0,0,0,,33.3,1,0,0,0.0,0,0,0,8,6,7,53,38,0,0,38,0,0,15,10,36,1,0,2,0,0,0,0,0,0,
Bishop Cook,160899,S,VA MILT IN,1,0,0,,0,0,336,0,0,60.0,65.3,73.2,,65.6,76.4,0,0,0,0,,0.0,0,0,0,0.0,0,0,0,5,1,1,17,1,0,0,1,0,9,16,0,16,1,1,1,0,0,0,0,0,0,
Kouri Crump,160901,S,VA MILT IN,1,0,0,,0,0,336,0,0,62.6,66.8,71.8,,66.0,77.4,0,0,0,0,,0.0,0,0,0,0.0,0,0,0,5,1,4,12,0,0,0,0,0,5,12,0,8,1,0,2,0,0,0,0,0,0,
Stephen Dean III,160902,LB,VA MILT IN,1,0,0,,0,0,336,0,0,60.7,63.9,68.3,,63.2,77.9,0,0,0,0,,0.0,0,0,0,0.0,0,0,0,13,0,4,13,0,0,0,0,0,0,13,0,9,0,2,3,1,0,0,0,0,0,
Aaron Horton II,160907,CB,VA MILT IN,1,0,0,0.0,0,0,336,0,0,53.4,52.7,69.0,,60.0,,0,0,0,0,,,0,0,0,39.6,0,0,0,0,6,3,6,0,0,0,0,0,0,6,0,3,0,0,0,0,2,0,0,0,0,
Jahleel Porter,160915,CB,VA MILT IN,9,6,0,65.4,0,0,336,0,0,64.2,64.4,85.6,53.1,64.5,78.3,0,0,0,0,34,6.5,2,1,0,131.7,17,0,0,33,464,270,551,9,0,0,9,0,1,542,7,274,42,3,23,0,26,0,4,222,66,13.1
Jordan Smith,160920,CB,VA MILT IN,6,3,0,69.2,0,0,336,0,0,63.3,66.4,84.5,78.0,59.5,67.6,0,4,0,0,23,14.3,2,1,0,102.1,9,1,0,6,14,77,134,9,0,0,9,0,0,125,12,45,105,5,9,1,13,5,1,52,39,5.8
Geoffrey Speight Jr.,160922,DI,VA MILT IN,11,7,0,100.0,0,0,336,0,0,63.5,55.7,84.4,52.0,56.8,64.3,1,2,0,0,-2,6.9,2,0,0,79.2,1,0,0,0,0,2,477,476,65,190,8,213,0,1,220,255,0,15,20,5,1,3,0,-2,0,-2.0
Tyler Swann,160923,DI,VA MILT IN,11,3,0,,0,0,336,0,0,60.0,64.2,82.9,60.5,63.9,77.5,1,1,0,0,,0.0,0,0,0,0.0,0,0,0,0,0,0,212,212,89,75,0,48,0,0,80,132,0,7,7,0,0,2,0,0,0,
Calvin Fowler,161218,CB,DUQUESNE,1,0,0,,0,0,155,0,0,61.1,62.2,68.4,,60.0,,0,0,0,0,,,0,0,0,0.0,0,0,0,0,5,2,5,0,0,0,0,0,0,5,0,3,0,0,0,0,0,0,0,0,0,
Ty Howard,161224,ED,DUQUESNE,8,1,0,,0,0,155,0,0,,65.5,81.6,63.8,63.7,54.2,0,3,0,0,,27.3,3,0,0,0.0,0,3,0,1,0,0,113,111,0,1,101,9,0,2,58,55,1,5,7,0,0,6,0,0,0,
Jaden Keating,161225,S,DUQUESNE,1,0,0,,0,0,155,0,0,62.1,62.8,68.5,,60.0,,0,0,0,0,,,0,0,0,0.0,0,0,0,1,0,3,6,0,0,0,0,0,4,6,0,3,1,0,0,0,0,0,0,0,0,
Aiden Lehner,161226,DI,DUQUESNE,2,0,0,,0,0,155,0,0,,77.7,70.9,68.5,71.5,71.9,0,0,0,0,,0.0,0,0,0,0.0,0,0,0,0,0,0,10,10,0,10,0,0,0,0,4,6,0,0,2,0,0,0,0,0,0,
Connor Lenz,161227,DI,DUQUESNE,2,0,0,,0,0,155,0,0,,39.8,71.3,58.5,42.2,70.2,0,0,0,0,,0.0,0,0,0,0.0,0,0,0,0,0,0,10,10,0,10,0,0,0,0,4,6,0,1,1,0,0,0,0,0,0,
Brian Olan,161229,DI,DUQUESNE,2,0,0,,0,0,155,0,0,,61.5,70.3,58.6,61.8,,0,0,0,0,,,0,0,0,0.0,0,0,0,0,0,0,8,8,0,8,0,0,0,0,4,4,0,0,0,0,0,0,0,0,0,
Alex Reese III,161231,DI,DUQUESNE,10,6,0,,1,0,155,0,0,58.0,55.3,43.1,64.1,52.3,67.0,0,4,0,0,,7.7,1,0,1,0.0,0,0,0,1,0,2,200,198,43,155,0,0,0,2,91,107,0,4,6,0,0,4,0,0,0,
Colin Scharriter,161232,DI,DUQUESNE,2,0,0,,0,0,155,0,0,,52.8,70.9,58.6,54.7,,0,0,0,0,,,0,0,0,0.0,0,0,0,0,0,0,8,8,1,7,0,0,0,0,4,4,0,0,0,0,0,0,0,0,0,
Baylor Brock,161238,CB,E TENN ST,1,0,0,,0,0,157,0,0,,58.3,69.3,58.6,60.0,,0,0,0,0,,,0,0,0,0.0,0,0,0,0,0,0,2,1,0,0,1,0,0,1,1,1,1,0,0,0,0,0,0,0,0,
Reed Frederick,161244,CB,E TENN ST,1,0,0,60.0,0,0,157,0,0,54.7,54.5,71.8,58.1,60.0,77.7,0,2,0,0,21,0.0,0,1,0,94.6,3,0,0,6,0,11,16,0,0,0,0,0,0,16,3,2,10,0,2,0,5,2,0,51,26,17.0
Jayvon Henderson,161247,CB,E TENN ST,4,0,0,57.1,0,0,157,0,0,56.9,59.1,77.2,,70.3,79.0,0,0,0,0,40,0.0,0,1,0,141.4,4,0,0,2,67,48,69,0,0,0,0,0,0,69,0,21,0,1,4,0,7,0,1,104,11,26.0
Trevor Thompson,161256,LB,E TENN ST,1,0,0,,0,0,157,0,0,61.9,73.4,70.5,72.6,60.0,73.6,0,0,0,0,,,0,0,0,0.0,0,1,0,6,0,5,7,1,0,0,1,0,0,6,1,1,0,1,0,0,0,1,0,0,0,
Myles Hopson,161268,WR,MS VLY ST,1,0,0,,0,0,228,0,0,,60.0,60.0,60.0,,,0,0,0,0,,,0,0,1,0.0,0,0,0,0,0,0,1,0,0,0,0,0,0,1,1,0,0,0,0,0,0,0,0,0,0,
Malcolm Johnson,161269,S,MS VLY ST,8,8,0,61.1,0,2,228,0,0,57.8,59.0,28.3,58.5,64.1,64.2,0,0,0,0,39,16.4,10,2,1,84.5,11,0,0,104,0,236,406,0,0,0,0,0,210,406,2,168,90,9,43,1,18,0,0,136,81,12.4
Calijuwon Johnson,161270,CB,MS VLY ST,3,1,0,57.1,0,0,228,0,0,56.5,56.0,77.8,,54.9,20.6,0,0,0,0,15,80.0,4,1,1,74.7,4,0,0,16,39,48,82,0,0,0,0,0,15,82,0,34,12,0,0,0,7,0,0,42,22,10.5
Stefon Smith,161273,ED,MS VLY ST,10,1,1,,0,0,228,1,0,68.7,62.8,4.2,60.1,67.3,41.6,1,11,0,0,,22.6,7,0,5,0.0,0,0,0,0,0,0,430,429,0,8,280,141,0,1,218,212,0,18,23,5,0,12,0,0,0,
Charles Williams,161274,CB,MS VLY ST,3,0,0,87.5,0,0,228,0,0,44.1,46.6,76.5,,64.7,53.6,0,0,0,0,36,20.0,1,0,0,158.3,7,0,0,2,56,26,58,0,0,0,0,0,0,58,0,32,0,0,4,0,8,0,2,103,27,14.7
Jeremiah Jackson,161297,S,BUTLER,11,5,0,68.8,0,0,127,0,0,60.3,69.0,80.5,67.2,79.7,70.2,1,6,0,0,26,8.7,2,2,0,115.1,11,1,0,92,2,99,226,7,0,0,7,0,2,219,20,107,123,13,16,4,16,8,1,134,103,12.2
Frenchi Mack II,161300,DI,BUTLER,2,0,0,,0,0,127,1,0,53.0,40.3,73.2,55.7,48.3,22.1,0,1,0,0,,100.0,1,0,0,0.0,0,0,0,0,0,0,17,17,3,14,0,0,0,0,12,5,0,0,0,0,0,1,0,0,0,
Deklan Dougherty,161316,LB,BUTLER,1,0,0,,0,0,127,0,0,60.0,60.6,65.9,,,,0,0,0,0,,,0,0,0,0.0,0,0,0,0,0,1,1,0,0,0,0,0,0,1,0,0,1,0,0,0,0,0,0,0,0,
Tyson Garrett,161318,LB,BUTLER,11,6,0,62.5,0,0,127,0,0,73.0,70.3,78.1,59.8,65.3,88.7,0,4,0,0,14,0.0,0,1,0,74.0,5,0,0,172,0,107,221,8,0,0,8,0,0,213,15,99,41,9,16,1,8,4,0,38,28,7.6
Dawson Hubbard,161320,ED,BUTLER,2,0,0,,0,0,127,0,0,,60.7,72.6,58.1,62.5,,0,0,0,0,,,0,0,0,0.0,0,0,0,0,0,0,18,18,0,10,0,8,0,0,13,5,0,0,0,0,0,0,0,0,0,
Will Mason,161324,CB,BUTLER,11,4,0,52.5,0,0,127,0,0,73.3,79.6,83.3,56.6,91.1,83.9,0,0,0,2,41,6.6,4,6,2,87.1,21,0,0,65,437,227,505,0,0,0,0,0,1,505,3,275,1,21,53,2,40,0,4,276,42,13.1
Connor McCoy,161326,CB,BUTLER,1,0,0,,0,0,127,0,0,53.5,56.7,75.5,,64.7,28.2,0,0,0,0,,50.0,1,0,0,0.0,0,0,0,1,0,5,13,0,0,0,0,0,0,13,0,8,12,0,1,0,0,0,0,0,0,
Quinn Warweg,161334,CB,BUTLER,11,2,0,30.0,0,0,127,0,0,89.7,87.3,81.5,69.1,66.3,84.6,0,0,0,1,46,3.7,1,4,0,25.7,9,0,0,39,253,157,296,2,0,0,2,0,0,294,2,137,1,11,24,1,30,0,0,89,20,9.9
Steven Williams II,161335,ED,BUTLER,11,5,0,100.0,0,1,127,0,0,73.7,57.2,48.1,59.0,48.6,43.3,1,4,0,0,28,16.7,2,0,1,158.3,3,3,0,16,0,27,221,203,1,1,187,14,0,18,103,91,1,5,5,0,3,8,1,38,25,12.7
Wayne Favors III,161337,CB,DELWARE ST,4,0,0,,0,0,152,0,0,68.5,68.8,75.9,,63.1,74.2,0,0,0,0,,0.0,0,0,0,0.0,0,0,0,0,39,25,42,0,0,0,0,0,0,42,0,17,3,0,1,0,0,0,0,0,0,
Tyrone Cooper,161345,ED,DELWARE ST,3,1,0,,0,0,152,0,0,,53.7,70.6,56.6,56.0,69.7,0,0,0,0,,0.0,0,0,0,0.0,0,0,0,0,0,0,12,12,0,4,0,8,0,0,8,4,0,0,0,0,0,0,0,0,0,
Geovanny Fabian,161349,CB,DELWARE ST,4,0,0,50.0,0,0,152,0,0,56.3,57.8,74.7,,63.0,,0,0,0,0,19,,0,0,0,122.9,1,0,0,1,32,15,33,0,0,0,0,0,0,33,0,18,0,0,0,0,2,0,1,19,11,19.0
Donovan Mack,161355,DI,DELWARE ST,3,0,0,,0,0,152,0,0,,65.8,74.1,74.8,54.7,,0,2,0,0,,,0,0,0,0.0,0,0,0,0,0,0,12,12,12,0,0,0,0,0,8,4,0,0,0,0,0,2,0,0,0,
Kameron Young,161362,CB,DELWARE ST,5,0,0,20.0,0,0,152,0,0,57.1,57.8,78.0,60.0,60.9,80.3,0,0,0,0,15,0.0,0,1,2,39.6,1,0,0,3,41,31,55,1,0,0,1,0,2,54,1,23,8,2,4,0,5,0,0,15,0,15.0
Sean Morris,161368,DI,MORGAN ST,9,8,0,,0,0,235,0,0,66.8,65.8,58.2,65.7,61.4,56.5,2,8,0,0,,12.5,4,0,1,0.0,0,2,0,1,0,0,354,353,24,311,0,18,0,1,208,146,0,17,20,1,0,12,0,0,0,
Ted Windom Jr.,161369,DI,MORGAN ST,11,12,0,,1,0,235,0,0,60.0,72.9,33.2,60.6,81.5,50.4,0,4,0,0,,13.3,4,0,2,0.0,0,2,1,0,0,0,331,331,66,238,1,26,0,0,184,147,0,14,14,2,0,6,0,0,0,
Treyvon Christian,161374,DI,RHODE ISLD,3,0,0,,0,0,274,0,0,,53.6,75.1,58.2,53.7,70.2,0,0,0,0,,0.0,0,0,0,0.0,0,0,0,0,0,0,18,18,14,4,0,0,0,0,5,13,0,1,1,0,0,0,0,0,0,
A.J. Pena,161381,ED,RHODE ISLD,11,5,1,66.7,0,0,274,0,0,48.5,72.3,26.9,74.3,75.6,68.5,6,14,0,0,12,13.6,3,0,2,85.4,2,6,0,1,0,20,261,257,0,0,250,7,0,4,157,84,2,14,14,1,3,26,0,20,4,10.0
Declan Williams,161383,LB,RHODE ISLD,2,0,0,,0,0,274,0,0,62.2,72.3,71.1,70.5,60.0,73.2,0,4,0,0,,0.0,0,0,0,0.0,0,0,0,12,0,4,14,1,0,0,1,0,0,13,6,4,0,1,1,0,0,4,0,0,0,
Bodee Blackett,161385,LB,SO UTAH,3,0,0,0.0,0,0,298,0,0,60.0,31.1,70.1,,43.1,27.6,0,0,0,0,,50.0,1,0,0,39.6,0,0,0,12,0,1,20,0,0,0,0,0,0,20,0,19,7,0,1,0,1,0,0,0,0,
Kohner Cullimore,161386,LB,SO UTAH,11,25,0,73.7,0,1,298,1,0,63.0,67.8,0.0,79.2,66.4,56.3,6,7,0,0,34,15.6,15,0,3,120.3,14,5,0,587,0,285,609,5,0,0,5,0,1,604,57,267,14,39,56,5,19,18,1,179,114,12.8
Wyatt Dawe,161387,DI,SO UTAH,10,2,0,,0,0,298,0,0,56.7,49.8,27.0,60.9,49.9,25.6,1,1,0,0,,36.4,4,0,2,0.0,0,1,0,0,0,0,275,275,65,209,0,1,0,0,121,154,0,5,5,0,0,3,0,0,0,
Hanslee Peay,161394,S,SO UTAH,4,1,0,40.0,0,0,298,0,0,66.9,60.2,81.4,59.5,44.5,81.9,0,0,0,1,17,0.0,0,2,0,15.0,2,0,0,27,0,46,90,3,0,0,3,0,40,87,1,43,16,2,4,0,5,0,0,23,5,11.5
Zach Strand,161396,ED,SO UTAH,10,11,0,,1,0,298,2,0,60.9,73.2,7.9,70.9,78.2,54.2,4,24,0,0,,14.7,5,0,6,0.0,0,6,0,0,0,1,563,563,0,19,438,106,0,0,323,239,0,21,18,5,0,34,0,0,0,
Rylen Su'a-Filo,161397,DI,SO UTAH,10,5,2,,0,1,298,1,0,68.5,71.9,45.9,66.9,72.2,27.5,2,12,0,0,,32.3,10,0,2,0.0,0,6,0,0,0,1,463,463,52,396,10,5,0,0,247,215,0,15,16,3,0,20,0,0,0,
Rodrick Ward,161398,S,SO UTAH,11,13,0,42.1,1,0,298,1,0,73.9,75.0,0.0,73.8,79.9,67.8,3,1,0,4,61,13.6,9,9,3,30.7,16,1,0,153,9,331,608,29,0,0,29,0,201,579,10,267,215,16,44,0,38,5,0,302,213,18.9
Jacoby Brass,161402,ED,HOUCHR,10,5,0,,0,2,183,0,0,60.2,71.7,85.7,73.9,63.2,63.5,3,17,0,0,,17.4,4,0,1,0.0,0,6,0,0,0,0,387,387,1,12,325,49,0,0,231,156,0,15,14,3,0,26,0,0,0,
D'ante Davis,161404,S,HOUCHR,4,0,0,50.0,0,0,183,0,0,68.8,59.1,76.6,60.0,47.5,33.3,0,0,0,0,20,33.3,2,1,0,85.4,1,0,0,45,0,19,64,3,0,0,3,0,2,61,1,44,14,2,4,0,2,0,0,20,1,20.0
Caleb Flagg,161406,S,HOUCHR,11,12,1,52.0,0,1,183,1,0,76.2,72.1,84.9,67.4,61.8,55.5,0,0,1,1,36,18.8,12,1,0,50.7,13,0,0,294,1,254,536,8,0,0,8,0,112,528,7,275,121,20,40,2,25,0,0,132,60,10.2
Caleb King,161415,S,HOUCHR,7,0,0,,0,0,183,0,0,67.3,65.2,78.5,,59.9,55.0,0,0,0,0,,20.0,1,0,0,0.0,0,0,0,38,0,26,67,0,0,0,0,0,9,67,0,41,20,0,4,0,0,0,0,0,0,
Jaden King,161416,CB,HOUCHR,4,1,0,50.0,0,0,183,0,0,70.1,71.5,77.6,,69.8,77.7,0,0,0,0,29,0.0,0,0,0,116.7,3,0,0,3,48,27,63,1,0,0,1,0,0,62,0,36,11,1,2,0,6,0,1,48,4,16.0
Sincere Littles,161417,DI,HOUCHR,1,0,0,,0,0,183,0,0,,51.0,0.0,56.2,59.4,72.2,0,0,0,0,,0.0,0,0,1,0.0,0,0,0,0,0,0,26,26,3,22,0,1,0,0,11,15,0,2,2,0,0,0,0,0,0,
Kalim Mikhail,161426,LB,HOUCHR,1,0,0,,0,0,183,0,0,,61.3,67.5,60.0,60.8,,0,0,0,0,,,0,0,0,0.0,0,0,0,3,0,0,3,0,0,0,0,0,0,3,1,2,0,0,0,0,0,0,0,0,0,
Luke Desherow,161491,ED,LNDNWD,7,0,1,,0,0,949,0,0,,48.5,78.9,54.7,45.9,44.9,0,1,0,0,,25.0,1,0,0,0.0,0,0,0,0,0,0,88,88,0,49,35,4,0,0,50,38,0,1,3,0,0,1,0,0,0,
Devan Tursini-White,161501,DI,LNDNWD,2,0,0,,0,0,949,0,0,,65.2,72.1,71.7,57.5,,0,1,0,0,,,0,0,0,0.0,0,0,0,0,0,0,13,13,0,13,0,0,0,0,6,7,0,0,0,0,0,1,0,0,0,
Zack Aschemann,161502,DI,MURRAY ST,8,3,0,,1,0,236,0,0,60.0,56.7,29.3,60.4,58.7,56.3,0,2,0,0,,9.5,2,0,2,0.0,0,1,0,0,0,0,318,318,0,187,2,129,0,0,159,159,0,15,16,2,0,3,0,0,0,
Nate Chambers,161504,DI,MURRAY ST,11,8,1,,1,0,236,0,0,62.7,64.8,74.5,68.9,58.2,26.9,1,19,0,0,,27.0,10,0,1,0.0,0,1,0,0,0,0,699,699,285,271,3,140,0,0,378,321,0,17,19,3,0,21,0,0,0,
Kris Peat,161506,LB,MURRAY ST,4,0,0,100.0,0,1,236,0,0,65.3,57.2,0.0,57.7,56.9,56.7,0,1,0,0,17,16.7,1,0,1,102.1,4,0,0,13,0,13,55,23,0,0,23,0,0,32,4,38,19,2,5,1,4,1,0,34,27,8.5
KaVan Reed,161507,CB,MURRAY ST,8,0,0,33.3,0,0,236,0,0,49.4,58.3,78.4,55.1,78.3,78.6,0,1,0,0,27,0.0,0,0,0,67.4,1,0,0,10,4,28,61,3,0,0,3,0,13,58,3,30,31,2,3,0,3,1,0,27,23,27.0
Ben Ahio,161636,ED,SACRAMENTO,3,0,0,,0,0,279,0,0,,71.3,76.0,67.7,67.4,73.9,0,1,0,0,,0.0,0,0,0,0.0,0,0,0,0,0,0,26,26,0,0,23,3,0,0,11,15,0,1,2,0,0,1,0,0,0,
Daizon Allen,161637,CB,SACRAMENTO,1,0,0,,0,0,279,0,0,,60.2,68.5,,60.0,,0,0,0,0,,,0,0,0,0.0,0,0,0,0,0,0,2,0,0,0,0,0,0,2,0,2,0,0,0,0,0,0,0,0,0,
Riley Hernandez,161647,ED,SACRAMENTO,1,2,0,,0,0,279,0,0,62.2,59.0,79.5,53.6,60.6,75.2,0,0,0,0,,0.0,0,0,0,0.0,0,0,0,0,0,7,40,40,0,0,40,0,0,0,13,20,0,0,0,0,0,0,0,0,0,
Nakian Jackson,161649,LB,SACRAMENTO,3,0,0,,0,0,279,0,0,63.7,62.9,69.3,56.6,60.0,,0,0,0,0,,,0,0,0,0.0,0,0,0,12,0,9,12,0,0,0,0,0,0,12,2,1,0,0,0,0,0,0,0,0,0,
Dillon Juniel,161651,CB,SACRAMENTO,13,6,0,45.1,1,0,279,0,0,61.4,63.1,83.9,66.2,66.8,37.8,0,2,0,2,75,25.0,9,5,6,76.3,23,0,0,42,426,277,481,2,0,0,2,0,10,479,5,199,0,6,21,1,51,2,3,409,216,17.8
Brock Mather,161653,LB,SACRAMENTO,13,17,0,70.6,0,0,279,1,0,72.4,67.6,84.5,58.9,63.1,44.9,3,12,1,1,44,19.3,16,3,0,79.9,24,0,0,555,0,276,637,13,0,0,13,0,1,624,83,278,65,27,50,2,34,15,1,175,146,7.3
Torin Baker,161659,CB,TENN TECH,5,1,0,100.0,0,0,309,0,0,61.9,62.6,74.8,57.0,64.7,78.9,0,0,0,0,41,0.0,0,0,0,118.8,1,0,0,9,19,30,45,0,0,0,0,0,0,45,2,13,17,1,2,0,1,0,0,41,2,41.0
A.J. Crawford,161664,ED,TENN TECH,11,6,0,,1,0,309,1,0,65.8,68.3,40.2,70.3,62.3,28.1,4,8,0,0,,33.3,7,0,2,0.0,0,2,0,0,0,0,362,361,0,0,327,34,0,1,191,171,0,7,8,4,0,14,0,0,0,
Theron Gaines,161666,ED,TENN TECH,10,1,0,,0,0,309,0,0,60.1,67.5,82.2,67.2,63.0,35.0,3,7,0,0,,23.1,3,0,0,0.0,0,1,0,0,0,1,163,163,0,0,141,22,0,0,91,71,0,9,9,1,0,11,0,0,0,
Jacquez McGowan,161675,LB,TENN TECH,11,11,0,88.0,0,0,309,0,0,60.0,55.0,78.1,62.3,48.7,59.8,2,7,0,1,39,15.9,11,1,0,97.5,22,1,0,406,0,208,460,13,0,0,13,0,0,447,32,220,40,18,47,3,25,10,1,205,134,9.3
Ethan McLaurin,161676,ED,TENN TECH,11,5,0,,0,0,309,1,0,65.5,67.6,84.0,58.7,68.1,81.1,0,6,0,0,,0.0,0,0,0,0.0,0,1,0,0,0,0,263,263,4,53,156,50,0,0,132,131,0,5,7,1,0,7,0,0,0,
Caleb Nichols,161677,CB,TENN TECH,4,1,0,66.7,0,1,309,0,0,69.9,78.3,77.8,95.6,69.3,66.5,0,0,0,0,16,12.5,1,1,0,80.6,4,1,0,11,76,53,96,0,0,0,0,0,3,96,1,42,6,3,6,0,6,1,0,33,-5,8.3
Ashton Taylor,161685,LB,TENN TECH,4,0,0,100.0,0,0,309,0,0,28.9,37.4,73.7,51.9,65.2,42.0,0,1,0,0,3,25.0,1,0,0,79.2,1,0,0,36,0,13,36,0,0,0,0,0,0,36,3,20,0,1,3,0,1,1,0,3,0,3.0
Keonte Tillman,161689,ED,TENN TECH,1,0,0,,0,0,309,0,0,,62.0,73.3,58.5,62.2,,0,0,0,0,,,0,0,0,0.0,0,0,0,0,0,0,13,13,0,0,12,1,0,0,3,10,0,0,0,0,0,0,0,0,0,
Nevaeh Gattis,161833,CB,BROWN,1,0,0,,0,0,123,0,0,,52.5,67.0,,55.1,,0,0,0,0,,,0,0,0,0.0,0,0,0,3,3,0,6,0,0,0,0,0,0,6,0,6,0,0,0,0,0,0,0,0,0,
John Perdue,161844,LB,BROWN,4,1,0,,0,0,123,0,0,62.1,54.1,71.2,,51.4,26.7,0,0,0,0,,50.0,4,0,0,0.0,0,0,0,21,0,5,24,0,0,0,0,0,0,24,0,19,3,2,3,0,0,0,0,0,0,
Mike Renoit,161847,ED,BROWN,2,0,0,,0,0,123,0,0,,52.8,71.7,59.0,60.0,,0,0,0,0,,,0,0,0,0.0,0,0,0,0,0,0,10,10,0,2,7,1,0,0,9,1,0,0,0,0,0,0,0,0,0,
Sam Smith,161849,CB,BROWN,5,1,0,,0,1,123,0,0,73.9,66.2,0.0,,57.9,69.6,0,0,0,0,,16.7,1,0,1,0.0,0,0,0,17,4,28,57,0,0,0,0,0,0,57,0,29,36,0,4,0,0,0,0,0,0,
John Starman,161850,DI,BROWN,1,0,0,,0,0,123,0,0,,60.0,64.4,60.0,,,0,0,0,0,,,0,0,0,0.0,0,0,0,0,0,0,1,1,0,1,0,0,0,0,1,0,0,0,0,0,0,0,0,0,0,
Josh Adado,161851,DI,CITADEL,7,2,0,,0,0,139,0,0,,77.4,76.1,65.0,77.1,76.2,0,2,0,0,,0.0,0,0,0,0.0,0,0,0,0,0,0,49,49,3,29,2,15,0,0,15,34,0,3,4,0,0,2,0,0,0,
Josh Cole,161861,LB,CITADEL,3,0,0,,0,0,139,0,0,62.8,61.6,76.7,56.3,60.9,55.9,0,0,0,0,,25.0,1,0,0,0.0,0,0,0,13,0,9,24,9,0,0,9,0,0,15,3,12,1,2,3,0,0,0,0,0,0,
Avery Dixon,161864,CB,CITADEL,1,0,0,,0,0,139,0,0,,60.0,60.0,,60.0,,0,0,0,0,,,0,0,0,0.0,0,0,0,0,0,0,1,0,0,0,0,0,0,1,0,1,0,0,0,0,0,0,0,0,0,
Carson Walter,161888,S,CITADEL,6,1,0,50.0,0,0,139,0,0,67.7,67.6,75.5,56.8,65.8,39.2,0,0,0,0,2,33.3,1,1,0,56.3,1,0,0,18,4,19,41,0,0,0,0,0,8,41,2,20,9,0,1,0,2,0,0,2,5,2.0
Cale Williams,161890,S,CITADEL,3,1,0,,0,0,139,0,0,63.3,68.2,75.7,,71.1,77.2,0,0,0,0,,0.0,0,0,0,0.0,0,0,0,2,0,7,20,0,0,0,0,0,9,20,0,13,7,1,1,0,0,0,0,0,0,
Davin Driskell,162109,TE,CHARLES SO,1,0,0,,0,0,135,0,0,,60.0,60.0,,60.0,,0,0,0,0,,,0,0,1,0.0,0,0,0,0,0,0,1,0,0,0,0,0,0,1,0,1,0,0,0,0,0,0,0,0,0,
Ja'Won Grey,162110,WR,CHARLES SO,1,0,0,,0,0,135,0,0,,60.0,60.0,,60.0,,0,0,0,0,,,0,0,0,0.0,0,0,0,0,0,0,1,0,0,0,0,0,0,1,0,1,0,0,0,0,0,0,0,0,0,
Brandon Howard,162112,CB,CHARLES SO,1,1,0,50.0,0,0,135,0,0,60.8,54.5,70.5,,48.8,73.4,0,0,0,0,13,0.0,0,1,0,70.8,1,0,0,5,0,7,15,0,0,0,0,0,0,15,0,8,10,0,0,0,2,0,0,13,18,13.0
Chad Ishmal,162114,CB,CHARLES SO,1,0,0,,0,0,135,0,0,,60.0,66.6,,60.0,,0,0,0,0,,,0,0,0,0.0,0,0,0,1,3,0,4,0,0,0,0,0,0,4,0,4,0,0,0,0,0,0,0,0,0,
Jamel Johnson,162115,CB,CHARLES SO,9,2,0,60.6,0,0,135,0,0,72.6,69.3,83.0,60.0,49.6,41.8,0,0,0,4,53,28.0,7,3,0,67.8,20,0,0,20,341,193,362,0,0,0,0,0,1,362,1,168,0,3,16,0,33,0,2,274,38,13.7
Bryce Llewellyn,162120,S,CHARLES SO,9,9,0,68.4,0,0,135,0,0,75.9,75.6,83.1,68.4,73.3,77.8,0,3,0,1,28,12.0,6,0,1,62.0,13,1,0,143,5,179,371,23,0,0,23,0,2,348,8,184,198,21,35,3,19,4,0,113,74,8.7
Ja'mareese Ray,162122,LB,CHARLES SO,3,0,0,100.0,0,0,135,0,0,45.1,51.2,70.3,58.6,68.4,77.2,0,1,0,0,21,0.0,0,0,0,158.3,1,0,0,12,1,7,15,0,0,0,0,0,0,15,2,6,2,0,2,0,1,1,1,21,0,21.0
Kaylon Walters,162127,S,CHARLES SO,10,7,0,60.0,0,1,135,0,0,67.7,69.6,86.7,,71.5,50.7,0,0,0,0,19,23.1,6,2,1,109.6,6,0,0,113,8,246,466,0,0,0,0,0,195,466,0,220,150,2,13,0,10,0,1,58,28,9.7
Alpha Barry,162131,CB,GEORGETOWN,3,1,0,,0,0,172,0,0,60.0,69.1,70.4,,69.8,73.5,0,0,0,0,,0.0,0,0,0,0.0,0,0,0,6,9,1,15,0,0,0,0,0,0,15,0,14,0,0,0,0,0,0,0,0,0,
Madux Borrelli,162132,ED,GEORGETOWN,1,0,0,,0,0,172,0,0,,44.4,71.4,59.1,48.8,,0,0,0,0,,,0,0,0,0.0,0,0,0,0,0,0,8,8,0,1,6,1,0,0,1,7,0,0,0,0,0,0,0,0,0,
Jaiden Brown,162133,LB,GEORGETOWN,9,13,0,60.0,0,0,172,0,0,67.3,70.5,84.4,66.0,69.4,60.3,1,1,0,0,22,15.1,8,4,0,98.8,15,1,0,439,2,227,478,6,0,0,6,0,0,472,16,235,30,10,32,0,25,3,2,120,87,8.0
Wedner Cadet,162135,CB,GEORGETOWN,10,4,0,45.0,1,0,172,1,0,80.3,79.3,84.0,60.0,70.8,69.7,0,0,1,5,46,10.9,5,4,3,39.7,18,0,0,41,417,242,470,8,0,0,8,0,0,462,1,227,4,8,37,0,40,0,1,301,100,16.7
John Caramanico,162136,DI,GEORGETOWN,10,1,0,,0,0,172,0,0,60.0,70.5,82.9,70.1,66.8,77.8,1,5,0,0,,0.0,0,0,0,0.0,0,1,0,0,0,0,207,207,94,105,0,8,0,0,97,110,0,7,7,1,0,7,0,0,0,
Jaden Dugger,162137,S,GEORGETOWN,8,7,0,52.6,0,0,172,0,0,58.9,65.9,83.5,59.4,78.8,81.7,0,1,0,0,22,7.1,2,3,2,105.8,10,0,0,111,1,171,337,5,0,0,5,0,53,332,2,164,167,6,19,1,19,1,2,113,40,11.3
Andres Franquez,162139,ED,GEORGETOWN,4,1,0,,0,0,172,0,0,,48.0,75.5,55.5,48.0,71.5,0,0,0,0,,0.0,0,0,0,0.0,0,0,0,0,0,0,25,25,0,1,22,2,0,0,9,16,0,0,0,0,0,0,0,0,0,
Mateen Ibirogba,162142,ED,GEORGETOWN,11,2,0,,0,2,172,0,0,54.1,65.3,9.8,78.9,58.5,27.9,2,12,0,0,,36.0,9,0,4,0.0,0,7,0,3,0,3,400,397,3,103,194,97,0,3,228,169,0,19,14,1,0,21,0,0,0,
Jimmy Kibble,162144,WR,GEORGETOWN,1,0,0,,0,0,172,0,0,,71.7,60.0,,69.3,72.2,0,0,0,0,,0.0,0,0,0,0.0,0,0,0,0,0,0,1,0,0,0,0,0,0,1,0,1,0,1,1,0,0,0,0,0,0,
Naiteitei Mose,162148,LB,GEORGETOWN,3,0,0,,0,0,172,0,0,,46.7,71.7,,45.7,32.2,0,0,0,0,,50.0,1,0,0,0.0,0,0,0,6,0,0,9,1,0,0,1,0,0,8,0,9,1,1,1,0,0,0,0,0,0,
Chibuikem Oguayo,162150,ED,MORGAN ST,6,0,0,,0,0,235,0,0,,70.9,74.7,57.5,77.6,73.6,0,1,0,0,,0.0,0,0,0,0.0,0,0,0,0,0,0,24,24,0,1,17,6,0,0,14,10,0,2,2,0,0,1,0,0,0,
Matthew Plunkett,162153,ED,GEORGETOWN,6,0,0,100.0,0,0,172,0,0,47.2,43.3,77.4,53.0,53.3,32.2,0,0,0,0,14,50.0,1,0,0,118.8,1,0,0,2,1,3,29,25,0,1,24,0,0,4,16,10,0,0,1,0,1,0,0,14,4,14.0
Tyler Smith,162156,CB,GEORGETOWN,2,0,0,,0,0,172,0,0,61.3,62.5,68.1,,60.0,,0,0,0,0,,,0,0,0,0.0,0,0,0,1,5,2,6,0,0,0,0,0,0,6,0,4,0,0,0,0,0,0,0,0,0,
Jack Baretz,162158,ED,N DAKOTA,3,0,0,66.7,0,0,249,0,0,71.8,44.1,76.4,64.7,26.6,27.3,0,1,0,0,2,50.0,1,0,0,70.1,2,0,0,12,0,5,31,16,0,1,15,0,0,15,12,14,3,1,1,0,3,1,0,2,11,1.0
Antonio Bluiett,162160,CB,N DAKOTA,2,0,0,0.0,0,0,249,0,0,63.0,63.6,69.7,,60.3,,0,0,0,0,,,0,0,0,39.6,0,0,0,0,9,5,10,0,0,0,0,0,0,10,0,5,0,0,0,0,1,0,0,0,0,
Devin Hembry,162168,CB,N DAKOTA,10,0,0,69.2,0,0,249,0,0,55.1,57.1,81.2,73.6,56.3,53.5,1,2,0,0,72,23.1,3,1,1,151.4,9,0,0,13,169,102,190,5,0,0,5,0,0,185,6,82,3,0,10,0,13,3,2,212,46,23.6
Jack Teiken,162185,ED,N DAKOTA,1,0,0,,0,0,249,0,0,,58.3,70.3,56.3,60.8,,0,0,0,0,,,0,0,0,0.0,0,0,0,0,0,0,9,9,0,2,3,4,0,0,5,4,0,0,0,0,0,0,0,0,0,
Austin Altepeter,162190,LB,N DAK ST,1,0,0,100.0,0,0,250,0,0,60.0,28.3,64.2,,60.0,,0,0,0,0,5,,0,0,0,87.5,1,0,0,2,0,1,2,0,0,0,0,0,0,2,0,1,0,0,0,0,1,0,0,5,11,5.0
John Kaczor,162208,DI,N DAK ST,1,0,0,,0,0,250,0,0,,63.6,69.0,60.0,62.5,,0,0,0,0,,,0,0,0,0.0,0,0,0,0,0,0,5,5,0,5,0,0,0,0,1,4,0,0,0,0,0,0,0,0,0,
Logan Larson,162212,DI,N DAK ST,1,0,0,,0,0,250,0,0,,50.2,68.5,59.8,58.5,,0,0,0,0,,,0,0,0,0.0,0,0,0,0,0,0,4,4,0,4,0,0,0,0,2,2,0,0,0,0,0,0,0,0,0,
Kelton McCaslin,162215,ED,N DAK ST,1,0,0,,0,0,250,0,0,,47.6,0.0,58.6,61.9,,0,0,0,0,,,0,0,1,0.0,0,0,0,0,0,0,10,10,0,0,10,0,0,0,3,7,0,0,0,0,0,0,0,0,0,
Nathaniel Staehling,162218,LB,N DAK ST,1,1,0,,0,0,250,0,0,61.6,73.2,65.5,,70.5,76.0,0,0,0,0,,0.0,0,0,0,0.0,0,0,0,6,0,2,6,0,0,0,0,0,0,6,0,4,0,0,1,0,0,0,0,0,0,
Landon Bullock,162228,LB,PRESBYTERN,5,3,0,,0,0,271,0,0,57.1,57.0,78.8,52.1,60.4,48.0,1,0,0,0,,20.0,2,0,0,0.0,0,0,0,67,0,31,81,0,0,0,0,0,0,81,6,44,14,1,5,0,0,1,0,0,0,
Panos Burlos,162229,CB,PRESBYTERN,1,0,0,100.0,0,0,271,0,0,60.8,63.8,73.0,60.0,62.5,72.2,0,0,0,0,9,0.0,0,0,0,104.2,1,0,0,0,0,2,7,2,0,0,2,0,0,5,1,4,5,0,1,0,1,0,0,9,5,9.0
Dalton Epps,162240,ED,PRESBYTERN,3,1,0,,0,0,271,0,0,,78.4,71.8,68.5,72.0,73.8,1,1,0,0,,0.0,0,0,0,0.0,0,0,0,0,0,0,13,13,0,0,2,11,0,0,5,8,0,1,1,0,0,2,0,0,0,
Caleb Francis,162241,CB,PRESBYTERN,10,3,0,72.7,1,0,271,0,0,68.4,67.1,83.1,,58.8,47.5,0,0,0,0,48,20.6,7,4,3,140.2,16,0,0,45,280,190,345,9,0,0,9,0,1,336,0,155,9,3,24,0,22,0,3,200,39,12.5
Carson Freese,162242,DI,PRESBYTERN,2,0,0,,0,0,271,0,0,,43.3,70.1,,49.8,,0,0,0,0,,,0,0,0,0.0,0,0,0,0,0,0,6,6,3,2,0,1,0,0,0,6,0,0,0,0,0,0,0,0,0,
DeWayne Gissendanner,162243,CB,PRESBYTERN,2,0,0,100.0,0,0,271,0,0,44.5,43.6,69.9,,60.0,74.2,0,0,0,0,36,0.0,0,0,0,158.3,2,0,0,3,9,7,12,0,0,0,0,0,0,12,0,5,0,0,1,0,2,0,1,47,3,23.5
Isaiah Hernandez,162248,DI,PRESBYTERN,2,0,0,,0,0,271,0,0,,62.8,68.6,59.7,62.0,69.7,0,0,0,0,,0.0,0,0,0,0.0,0,0,0,0,0,0,5,5,0,4,0,1,0,0,2,3,0,1,1,0,0,0,0,0,0,
Malek Horlback,162250,ED,PRESBYTERN,9,9,0,78.6,0,0,271,0,0,74.1,68.8,69.3,67.6,61.7,62.6,3,13,0,0,30,14.3,6,0,1,122.0,11,1,0,62,13,100,503,390,0,0,390,0,0,113,169,234,38,18,27,4,14,17,1,106,67,9.6
Malik Lewis,162257,CB,PRESBYTERN,7,0,0,50.0,0,0,271,0,0,34.2,35.0,76.7,,48.5,26.5,0,0,0,0,29,40.0,2,0,1,117.7,4,0,0,7,62,38,73,0,0,0,0,0,0,73,0,35,4,2,3,0,8,0,2,66,7,16.5
Cade Lewis,162258,ED,PRESBYTERN,3,1,0,50.0,0,0,271,0,0,56.9,65.1,83.2,68.7,64.3,78.7,0,1,0,0,32,0.0,0,0,0,95.8,1,0,0,1,3,12,58,52,0,0,52,0,0,6,16,30,1,1,3,0,2,1,0,32,10,32.0
Dru McClough,162262,G,PRESBYTERN,1,0,0,,0,0,271,0,0,,60.0,66.3,,60.0,,0,0,0,0,,,0,0,0,0.0,0,0,0,0,0,0,2,2,0,2,0,0,0,0,0,2,0,0,0,0,0,0,0,0,0,
Christian Ohagwu,162267,DI,PRESBYTERN,11,3,0,,0,0,271,0,0,56.2,48.5,84.4,54.2,46.2,38.3,0,2,0,0,,27.3,3,0,0,0.0,0,0,0,0,0,1,240,240,147,88,1,4,0,0,113,126,0,3,5,0,0,2,0,0,0,
Elston Powell,162271,S,PRESBYTERN,2,0,0,50.0,0,0,271,0,0,41.8,44.0,78.9,59.1,54.5,35.2,0,0,0,0,25,33.3,3,1,0,126.4,3,0,0,18,0,42,70,2,0,0,2,0,38,68,2,26,12,1,6,0,6,0,1,62,44,20.7
Caleb Rentz,162273,G,PRESBYTERN,8,0,0,,0,1,271,0,0,,63.8,78.4,55.7,67.8,33.0,1,0,0,0,,50.0,1,0,1,0.0,0,1,0,0,0,0,105,105,4,38,4,59,0,0,47,58,0,1,1,0,0,2,0,0,0,
Braydin Samuels,162274,S,PRESBYTERN,2,3,0,100.0,0,0,271,0,0,59.4,48.1,0.0,57.8,37.3,33.5,0,0,0,0,22,33.3,5,0,1,102.8,3,0,0,26,1,34,61,1,0,0,1,0,31,60,3,24,2,1,7,0,3,0,0,26,4,8.7
Antoine Shaw,162276,S,PRESBYTERN,3,1,0,50.0,0,0,271,0,0,49.7,55.1,78.4,60.0,68.8,69.5,0,0,0,0,44,11.1,1,1,0,132.3,4,0,0,31,0,39,77,1,0,0,1,0,24,76,1,37,21,1,7,0,8,0,1,94,38,23.5
Otis Walton-Thatch,162284,ED,PRESBYTERN,5,1,0,,0,0,271,0,0,,50.9,76.4,55.2,49.9,76.4,0,1,0,0,,0.0,0,0,0,0.0,0,0,0,1,0,0,62,61,0,12,9,40,0,1,35,27,0,2,3,0,0,1,0,0,0,
Austin Wilkes,162287,S,PRESBYTERN,3,0,0,100.0,0,0,271,0,0,59.9,52.6,74.9,,40.9,24.1,0,0,0,0,20,66.7,2,0,0,158.3,2,0,0,5,0,13,29,0,0,0,0,0,10,29,0,16,14,0,1,0,2,0,1,28,38,14.0
Justin Bloise,162293,S,SACR HEART,1,0,0,,0,0,280,0,0,60.0,60.3,65.8,,,,0,0,0,0,,,0,0,0,0.0,0,0,0,0,1,1,1,0,0,0,0,0,0,1,0,0,0,0,0,0,0,0,0,0,0,
Kenny Selby,162324,CB,SACR HEART,3,0,0,,0,0,280,0,0,64.5,51.0,73.9,,30.9,21.7,0,0,0,0,,100.0,1,0,0,0.0,0,0,0,1,12,13,18,0,0,0,0,0,1,18,0,5,4,0,0,0,0,0,0,0,0,
Cayden Cutler,162343,S,TARLETON,1,0,0,0.0,0,0,401,0,0,60.0,60.0,63.1,,,,0,0,0,0,,,0,1,0,39.6,0,0,0,0,0,1,1,0,0,0,0,0,1,1,0,0,0,0,0,0,1,0,0,0,0,
Maleek Jones,162350,S,TARLETON,1,0,0,,0,0,401,0,0,,57.7,67.9,57.3,60.0,,0,0,0,0,,,0,0,0,0.0,0,0,0,0,0,0,4,4,0,1,1,2,0,0,3,1,0,0,0,0,0,0,0,0,0,
Patrick Jones,162351,S,TARLETON,11,20,0,74.4,0,1,401,1,0,71.9,75.3,65.5,79.5,72.2,62.3,3,3,0,2,25,13.5,10,2,2,74.1,29,3,0,161,4,300,678,176,0,0,176,0,4,502,72,306,333,29,44,8,39,9,1,214,173,7.4
Eman Lawoye,162352,S,TARLETON,5,4,0,100.0,0,0,401,0,0,71.1,74.4,77.7,,75.7,87.9,0,0,0,0,9,0.0,0,0,0,102.1,2,0,0,9,0,27,63,0,0,0,0,0,47,63,0,36,7,1,7,0,2,0,0,17,1,8.5
Garrett Richard,162360,LB,TARLETON,4,2,0,100.0,0,0,401,0,0,51.8,55.4,70.5,56.7,60.7,64.5,0,0,0,0,13,11.1,1,0,0,106.9,3,0,0,59,0,28,64,3,0,0,3,0,0,61,3,33,2,4,6,3,3,0,0,29,26,9.7
Courtland Stephens,162363,CB,TARLETON,5,0,0,0.0,0,0,401,0,0,53.2,59.6,81.0,51.7,76.3,78.8,0,2,0,0,,0.0,0,0,0,39.6,0,0,0,6,1,15,47,14,0,0,14,0,0,33,11,21,25,2,4,0,2,2,0,0,0,
Jamell Winn,162368,DI,TARLETON,1,1,0,,0,0,401,0,0,,46.8,74.7,59.7,47.5,72.4,0,0,0,0,,0.0,0,0,0,0.0,0,0,0,0,0,0,14,14,14,0,0,0,0,0,2,12,0,0,1,0,0,0,0,0,0,
Joey Carrillo,162370,ED,UC DAVIS,6,1,0,,0,0,322,0,0,,60.2,76.5,56.3,62.2,76.1,0,1,0,0,,0.0,0,0,0,0.0,0,0,0,0,0,0,46,46,0,12,17,17,0,0,21,25,0,3,3,1,0,1,0,0,0,
Clayton Lynam,162382,ED,UC DAVIS,2,0,0,,0,0,322,0,0,,70.0,71.9,64.3,63.4,,0,0,0,0,,,0,0,0,0.0,0,0,0,0,0,0,10,10,0,0,7,3,0,0,1,9,0,0,0,0,0,0,0,0,0,
Macray Madruga,162383,LB,UC DAVIS,3,1,0,,0,0,322,0,0,62.1,70.2,71.1,,68.6,76.8,0,0,0,0,,0.0,0,0,0,0.0,0,0,0,10,0,2,11,0,0,0,0,0,0,11,0,9,1,0,1,0,0,0,0,0,0,
Benjamin Newman,162385,DI,UC DAVIS,2,0,0,,0,0,322,0,0,,28.5,69.5,,32.3,,0,0,0,0,,,0,0,0,0.0,0,0,0,0,0,0,6,6,0,6,0,0,0,0,0,6,0,0,0,0,0,0,0,0,0,
Luke Roncevich,162387,DI,UC DAVIS,4,1,0,,0,0,322,0,0,,47.3,74.2,57.6,47.5,22.7,0,0,0,0,,50.0,1,0,0,0.0,0,0,0,0,0,0,24,24,5,19,0,0,0,0,4,20,0,0,0,0,0,0,0,0,0,
Nicholas Tyler,162388,ED,UC DAVIS,3,0,0,,0,0,322,0,0,,59.6,70.7,56.6,61.4,,0,0,0,0,,,0,0,0,0.0,0,0,0,0,0,0,8,8,0,2,3,3,0,0,3,5,0,0,0,0,0,0,0,0,0,
Luke Van Buuren,162389,LB,UC DAVIS,4,1,0,0.0,0,0,322,0,0,61.3,64.1,71.5,,63.8,43.7,0,0,0,0,,28.6,2,0,0,39.6,0,0,0,24,0,5,29,0,0,0,0,0,0,29,0,24,5,2,4,1,1,0,0,0,0,
Sam Buerkle,163881,DI,FORDHAM,12,1,0,,0,0,168,0,0,59.8,75.0,82.5,75.1,68.6,78.0,3,9,0,0,,0.0,0,0,0,0.0,0,5,0,0,0,1,295,295,20,222,2,51,0,0,177,117,0,8,4,0,0,17,0,0,0,
Peter Chalhoub,163884,ED,FORDHAM,11,2,0,,0,1,168,1,0,60.0,69.9,13.3,79.1,57.1,46.0,7,8,0,0,,28.6,2,0,2,0.0,0,1,0,0,0,0,196,196,8,76,66,46,0,0,132,64,0,2,3,0,0,16,0,0,0,
Alex Kemper,163893,CB,FORDHAM,9,7,0,34.6,0,0,168,0,0,73.6,73.7,85.5,60.0,65.9,72.4,0,0,1,2,65,10.3,3,8,4,72.0,18,0,0,7,534,338,552,1,0,0,1,0,1,551,1,213,9,5,19,1,52,0,5,312,98,17.3
Nick Pasquarella,163901,S,FORDHAM,3,0,0,,0,0,168,0,0,62.2,64.9,70.6,,63.5,76.4,0,0,0,0,,0.0,0,0,0,0.0,0,0,0,3,0,5,11,0,0,0,0,0,6,11,0,6,2,0,1,0,0,0,0,0,0,
Marc Pretto,163903,LB,FORDHAM,9,2,0,80.0,0,0,168,0,0,65.3,65.1,77.2,56.0,66.7,83.6,1,0,0,1,30,0.0,0,0,0,65.4,4,0,0,64,0,41,77,7,0,0,7,0,2,70,19,17,4,4,7,1,5,1,0,46,29,11.5
Claudy Robinson,163904,DI,FORDHAM,12,5,1,,0,1,168,0,0,61.8,73.8,85.4,65.7,74.1,51.4,1,4,0,0,,12.5,2,0,0,0.0,0,1,0,0,0,0,331,331,149,177,0,5,0,0,177,154,0,8,9,0,0,6,0,0,0,
Michael Thorn,163908,ED,FORDHAM,1,0,0,,0,0,168,0,0,,60.4,67.2,60.0,60.0,,0,0,0,0,,,0,0,0,0.0,0,0,0,0,0,0,2,2,0,0,1,1,0,0,1,1,0,0,0,0,0,0,0,0,0,
Graham Felgar,163913,S,GEORGETOWN,1,0,0,,0,0,172,0,0,,46.9,67.0,,52.1,21.6,0,0,0,0,,100.0,1,0,0,0.0,0,0,0,5,0,0,5,0,0,0,0,0,0,5,0,5,0,0,0,0,0,0,0,0,0,
Sam Boyer,163916,LB,HOLY CROSS,1,1,0,,0,0,181,0,0,61.5,48.8,0.0,,58.1,74.3,0,0,0,0,,0.0,0,0,1,0.0,0,0,0,10,0,5,12,1,0,0,1,0,0,11,0,7,1,0,0,0,0,0,0,0,0,
Osahon Noruwa,163923,ED,HOLY CROSS,6,0,0,,0,0,181,0,0,,48.7,8.6,57.5,47.2,28.0,0,2,0,0,,33.3,1,0,1,0.0,0,0,0,0,0,0,76,76,0,12,43,21,0,0,54,22,0,1,2,0,0,2,0,0,0,
Colin Reynolds,163926,ED,HOLY CROSS,1,0,0,,0,0,181,0,0,,57.8,69.8,57.4,59.7,71.1,0,0,0,0,,0.0,0,0,0,0.0,0,0,0,0,0,0,6,6,0,0,4,2,0,0,3,3,0,1,1,1,0,0,0,0,0,
Christian Ross,163927,ED,HOLY CROSS,1,0,0,,0,0,181,0,0,,56.4,71.1,56.3,,,0,0,0,0,,,0,0,0,0.0,0,0,0,0,0,0,7,7,0,0,7,0,0,0,7,0,0,0,0,0,0,0,0,0,0,
Daniel Santiago,163928,DI,HOLY CROSS,2,0,0,,0,0,181,0,0,,65.0,73.0,67.9,58.8,,0,0,0,0,,,0,0,0,0.0,0,0,0,0,0,0,8,8,8,0,0,0,0,0,4,4,0,0,0,0,0,0,0,0,0,
Michael Jordan Jr.,163934,CB,LEHIGH,11,4,0,72.7,0,0,205,0,0,61.6,61.8,15.0,61.7,65.6,39.0,0,0,0,0,44,26.1,6,1,1,96.4,16,1,0,35,259,158,304,4,0,0,4,0,6,300,7,139,0,4,13,0,22,1,0,178,54,11.1
Jacob Barrick,163938,TE,JVILLE ST,3,0,0,,0,0,196,0,0,,59.0,60.0,60.0,60.0,,0,0,0,0,,,0,0,0,0.0,0,0,0,0,0,0,3,0,0,0,0,0,0,3,1,2,0,0,0,0,0,0,0,0,0,
Keyon Clark,163946,DI,JVILLE ST,5,1,0,,0,0,196,0,0,,66.2,77.0,55.9,68.4,33.7,0,0,0,0,,33.3,2,0,0,0.0,0,0,0,0,0,0,57,57,0,37,13,7,0,0,17,40,0,1,3,0,0,0,0,0,0,
Jabari Mack,163962,CB,JVILLE ST,10,0,0,47.6,0,0,196,0,0,57.7,60.0,80.4,55.2,69.9,49.9,0,0,0,1,21,20.0,3,0,0,57.2,10,0,0,9,156,93,170,1,0,0,1,0,0,169,2,75,1,6,12,0,21,0,1,98,21,9.8
Ky'Won McCray,163967,S,JVILLE ST,11,5,0,25.0,0,0,196,0,0,72.8,75.7,5.6,62.9,81.1,87.3,0,0,0,0,16,5.9,2,0,1,43.8,1,1,0,158,2,123,250,1,0,0,1,0,47,249,6,121,41,15,27,1,4,1,0,16,16,16.0
Fred Perry,163971,S,JVILLE ST,11,18,1,66.7,1,1,196,0,0,70.8,73.8,0.0,80.0,78.4,77.3,1,1,0,1,66,13.0,10,0,3,102.9,14,0,0,145,1,240,513,6,0,0,6,0,288,507,7,266,72,22,49,2,21,2,2,168,84,12.0
Chuck Taylor,163978,DI,JVILLE ST,11,1,0,,0,1,196,0,0,,64.4,32.1,64.3,65.2,77.7,0,1,0,0,,0.0,0,0,1,0.0,0,1,0,0,0,0,138,138,94,43,1,0,0,0,47,91,0,4,7,0,0,2,0,0,0,
Larry Worth III,163980,LB,JVILLE ST,10,5,0,100.0,0,0,196,0,0,59.5,60.2,9.7,56.0,65.6,55.4,0,2,0,0,36,19.0,4,0,1,118.8,7,0,0,56,0,49,148,46,0,0,46,0,1,102,21,78,44,7,12,1,7,2,0,106,30,15.1
Jakeem Fletcher,163993,DI,ALABAMA ST,1,0,0,,0,0,105,0,0,,27.5,72.3,59.1,27.7,,0,0,0,0,,,0,0,0,0.0,0,0,0,0,0,0,16,16,0,16,0,0,0,0,2,14,0,0,0,0,0,0,0,0,0,
Nelson Jordan II,163996,ED,ALABAMA ST,7,4,0,,0,0,105,0,0,63.5,70.4,22.1,76.3,63.9,73.6,3,20,0,0,,9.5,2,0,3,0.0,0,3,0,0,0,1,352,352,1,4,347,0,0,0,196,155,0,11,15,2,0,26,0,0,0,
Keane Lewis,163997,S,ALABAMA ST,1,0,0,,0,0,105,0,0,47.8,47.5,66.5,,60.0,22.2,0,0,0,0,,100.0,1,0,0,0.0,0,0,0,0,0,2,4,0,0,0,0,0,3,4,0,2,0,0,0,0,0,0,0,0,0,
Terrell Lightfoot Jr,163998,ED,ALABAMA ST,2,0,0,,0,0,105,0,0,,60.1,73.6,57.8,60.7,71.1,0,0,0,0,,0.0,0,0,0,0.0,0,0,0,0,0,0,15,15,0,0,15,0,0,0,3,12,0,0,1,0,0,0,0,0,0,
Bobby Moore,164001,ED,ALABAMA ST,3,0,0,,0,0,105,0,0,,56.5,77.0,57.1,56.7,71.5,0,1,0,0,,0.0,0,0,0,0.0,0,0,0,0,0,0,36,36,0,0,35,1,0,0,19,17,0,0,1,0,0,1,0,0,0,
Kendyle Ball,164012,ED,AUSTINPEAY,1,0,0,,0,0,116,0,0,,60.0,65.2,,60.0,,0,0,0,0,,,0,0,0,0.0,0,0,0,0,0,0,2,2,0,0,0,2,0,0,0,2,0,0,0,0,0,0,0,0,0,
Armonde Crenshaw,164017,CB,AUSTINPEAY,1,0,0,,0,0,116,0,0,62.5,68.8,70.0,,66.6,73.5,0,0,0,0,,0.0,0,0,0,0.0,0,0,0,0,7,3,7,0,0,0,0,0,0,7,0,4,0,1,1,0,0,0,0,0,0,
Michael Evans,164018,CB,AUSTINPEAY,2,1,0,0.0,0,0,116,0,0,70.8,71.9,76.2,,69.1,78.5,0,0,0,0,,0.0,0,0,0,39.6,0,0,0,2,48,20,51,0,0,0,0,0,1,51,0,31,0,0,2,0,3,0,0,0,0,
Ellis Ellis Jr.,164025,CB,AUSTINPEAY,1,0,0,,0,0,116,0,0,61.3,62.9,68.5,,60.8,,0,0,0,0,,,0,0,0,0.0,0,0,0,1,5,2,6,0,0,0,0,0,0,6,0,4,0,0,0,0,0,0,0,0,0,
Braden Kaiser,164026,LB,AUSTINPEAY,2,1,0,,0,0,116,0,0,61.7,55.9,67.6,,53.7,40.2,0,0,0,0,,50.0,1,0,0,0.0,0,0,0,11,0,3,13,0,0,0,0,0,0,13,0,10,2,0,0,0,0,0,0,0,0,
Jaden Lyles,164028,S,AUSTINPEAY,3,1,0,,0,0,116,0,0,53.2,54.3,74.3,,56.1,35.2,0,0,0,0,,33.3,2,0,0,0.0,0,0,0,17,1,9,34,0,0,0,0,0,13,34,0,25,3,1,3,0,0,0,0,0,0,
Collins Malone,164029,LB,AUSTINPEAY,1,0,0,,0,0,116,0,0,,64.1,64.4,,60.0,,0,0,0,0,,,0,0,0,0.0,0,0,0,2,0,0,2,0,0,0,0,0,0,2,0,2,0,0,0,0,0,0,0,0,0,
KT Owens,164033,DI,AUSTINPEAY,1,0,0,,0,0,116,0,0,,61.2,71.1,55.3,63.9,,0,0,0,0,,,0,0,0,0.0,0,0,0,0,0,0,11,11,0,6,2,3,0,0,5,6,0,0,0,0,0,0,0,0,0,
Vinay Singh,164036,LB,AUSTINPEAY,3,1,0,,0,0,116,0,0,60.0,41.7,69.9,,42.7,29.5,0,0,0,0,,33.3,1,0,0,0.0,0,0,0,4,0,1,8,3,0,0,3,0,0,5,0,7,1,0,1,0,0,0,0,0,0,
Tra Stover,164037,CB,AUSTINPEAY,2,0,0,,0,0,116,0,0,60.0,63.2,67.5,,60.0,,0,0,0,0,,,0,0,0,0.0,0,0,0,1,4,1,5,0,0,0,0,0,0,5,0,4,0,0,0,0,0,0,0,0,0,
Rashaud Thomas Jr.,164038,LB,AUSTINPEAY,4,2,0,0.0,0,0,116,0,0,52.2,65.7,76.8,75.1,67.2,57.5,1,1,0,0,,14.3,1,0,0,39.6,0,0,0,37,0,10,40,3,0,0,3,0,0,37,3,27,0,4,4,1,2,2,0,0,0,
Myles Amey,164054,ED,IDAHO ST,3,0,0,,0,1,186,0,0,,56.4,78.9,54.1,59.4,74.7,0,0,0,0,,0.0,0,0,0,0.0,0,0,0,0,0,0,34,34,0,0,34,0,0,0,17,17,0,1,2,1,0,0,0,0,0,
Jayden Bell,164057,S,IDAHO ST,2,0,0,66.7,0,0,186,0,0,49.8,53.2,73.6,,60.6,60.3,0,0,0,0,19,14.3,1,0,0,91.0,2,0,0,31,2,29,53,1,0,0,1,0,0,52,0,24,19,3,6,0,3,0,0,24,17,12.0
Sam Benjamin,164058,ED,IDAHO ST,9,2,2,100.0,0,0,186,0,0,59.6,53.5,84.1,56.5,50.0,28.6,0,4,0,0,14,37.5,6,0,0,118.8,1,1,0,0,0,5,264,264,17,15,182,50,0,0,140,119,0,5,8,2,1,5,0,14,15,14.0
Dason Brooks,164060,LB,IDAHO ST,3,2,0,100.0,0,0,186,0,0,65.1,60.5,72.2,54.2,58.3,61.5,0,0,0,0,3,20.0,1,0,0,79.2,1,0,0,17,0,9,25,4,0,0,4,0,0,21,5,11,4,0,2,0,1,0,0,3,7,3.0
Curtis Hill,164070,DI,IDAHO ST,9,6,1,,0,0,186,0,0,70.0,62.9,82.1,69.4,54.2,52.0,1,3,0,0,,12.5,2,0,0,0.0,0,0,0,0,0,0,202,202,42,157,0,3,0,0,104,98,0,6,8,0,0,4,0,0,0,
Camron Pitcher,164080,LB,IDAHO ST,1,0,0,,0,0,186,0,0,,45.9,66.9,,49.5,25.6,0,0,0,0,,100.0,1,0,0,0.0,0,0,0,4,0,0,4,0,0,0,0,0,0,4,0,4,0,0,0,0,0,0,0,0,0,
Kris Sanchez,164081,LB,IDAHO ST,9,8,0,64.3,0,0,186,0,0,63.8,66.3,82.2,73.7,63.2,58.0,0,3,0,0,24,16.0,4,2,0,129.5,9,0,0,133,3,117,260,32,0,0,32,0,0,228,30,113,91,9,13,0,14,3,2,115,20,12.8
Teilor Tuioti,164090,LB,IDAHO ST,11,11,0,91.7,0,0,186,0,0,53.7,56.9,82.1,66.9,57.8,64.6,0,0,0,0,27,12.9,4,0,0,106.3,11,2,0,204,0,91,216,4,0,0,4,0,1,212,8,117,7,6,16,0,12,2,0,114,82,10.4
Trevon Kleint,164095,WR,MOREHEAD,1,0,0,,0,0,234,0,0,,60.0,60.0,,60.0,,0,0,0,0,,,0,0,0,0.0,0,0,0,0,0,0,1,0,0,0,0,0,0,1,0,1,0,0,0,0,0,0,0,0,0,
Oshea Davis,164098,CB,STF AUSTIN,3,0,0,100.0,0,0,301,0,0,66.5,67.2,74.0,,63.2,74.2,0,0,0,0,7,0.0,0,0,0,95.8,1,0,0,5,31,13,36,0,0,0,0,0,0,36,0,23,0,0,1,0,1,0,0,7,0,7.0
Justin Garrett,164099,S,STF AUSTIN,10,2,0,100.0,0,0,301,0,0,66.8,66.4,77.5,59.6,64.2,61.0,0,0,0,0,4,14.3,1,0,0,83.3,2,0,0,36,0,25,78,0,0,0,0,0,18,78,2,51,23,1,4,0,2,0,0,8,7,4.0
Nick Hallmon,164100,LB,STF AUSTIN,1,0,0,,0,0,301,0,0,61.6,71.5,68.7,60.0,62.7,,1,0,0,0,,,0,0,0,0.0,0,0,0,9,0,3,12,0,0,0,0,0,2,12,0,9,1,0,0,0,0,1,0,0,0,
Brandon Lane,164104,DI,STF AUSTIN,10,5,1,,0,0,301,0,0,60.6,74.2,5.8,69.4,72.4,61.0,0,0,0,0,,9.1,1,0,1,0.0,0,2,0,0,0,0,73,73,13,55,3,2,0,0,29,44,0,7,5,1,0,2,0,0,0,
De'Alo McGee,164109,DI,STF AUSTIN,8,1,0,,0,0,301,0,0,,58.4,0.0,56.0,64.6,74.4,0,1,0,0,,16.7,1,0,1,0.0,0,0,0,0,0,0,54,54,9,45,0,0,0,0,21,33,0,3,4,0,0,1,0,0,0,
Aaron Sears,164111,CB,STF AUSTIN,1,1,0,,0,0,301,0,0,64.8,65.7,70.5,,60.0,73.5,0,0,0,0,,0.0,0,0,0,0.0,0,0,0,3,11,5,14,0,0,0,0,0,0,14,0,9,0,0,0,0,0,0,0,0,0,
Jaydon Southard,164112,LB,STF AUSTIN,4,1,0,100.0,0,0,301,0,0,36.0,39.0,73.7,59.9,55.1,50.3,0,0,0,0,44,20.0,1,0,0,118.8,2,0,0,32,1,16,37,1,0,0,1,0,1,36,1,20,1,0,3,0,2,0,0,60,42,30.0
Colton Vatne,164114,DI,STF AUSTIN,1,0,0,,0,0,301,0,0,,54.0,69.5,70.9,49.4,70.2,0,0,0,0,,,0,0,0,0.0,0,1,0,0,0,0,6,6,0,6,0,0,0,0,3,3,0,1,0,0,0,1,0,0,0,
Ryan Williams,164115,LB,STF AUSTIN,1,0,0,,0,0,301,0,0,,63.6,65.0,,62.3,,0,0,0,0,,,0,0,0,0.0,0,0,0,5,0,0,5,0,0,0,0,0,0,5,0,5,0,0,0,0,0,0,0,0,0,
Jace Benesch,164198,LB,CENT ARK,3,2,0,100.0,0,0,132,0,0,72.0,67.6,93.1,60.0,57.9,57.9,0,0,0,0,-2,0.0,0,0,0,79.2,1,0,0,34,0,16,36,0,0,0,0,0,0,36,1,19,0,2,4,1,1,0,0,-2,2,-2.0
C.J. Bosket,164200,CB,CENT ARK,6,0,0,61.5,0,0,132,0,0,64.8,59.1,83.5,54.6,40.0,23.1,0,0,0,0,34,64.3,9,2,0,119.4,8,0,0,20,4,100,170,9,0,0,9,0,0,161,9,61,137,3,5,2,13,0,1,126,56,15.8
Cole Brown,164202,WR,CENT ARK,3,0,0,,0,0,132,0,0,,51.0,60.0,,60.0,,0,0,0,0,,,0,0,0,0.0,0,0,0,0,0,0,3,0,0,0,0,0,0,3,0,3,0,0,0,0,0,0,0,0,0,
Corley Hooper,164211,LB,CENT ARK,11,14,1,68.4,0,0,132,2,1,66.5,69.0,50.2,67.6,68.6,77.4,1,3,0,1,58,11.0,8,2,1,100.3,13,1,0,536,0,274,582,9,1,0,8,0,0,573,27,281,36,30,51,3,19,5,1,208,133,16.0
Samuel Horton,164212,ED,CENT ARK,6,0,0,,0,0,132,0,0,60.0,62.4,77.3,70.6,58.9,28.8,1,2,0,0,,42.9,3,0,0,0.0,0,0,0,0,0,0,59,56,0,5,44,7,0,3,21,38,0,4,4,0,0,3,0,0,0,
Javeon Jones,164213,DI,CENT ARK,11,7,0,,0,0,132,0,0,60.0,71.7,81.8,61.2,75.2,56.9,0,6,0,0,,14.3,3,0,0,0.0,0,1,0,0,0,0,253,253,6,227,0,20,0,0,135,118,0,9,11,1,0,7,0,0,0,
Jace McCoy,164218,ED,CENT ARK,11,7,1,100.0,0,0,132,0,0,56.2,60.3,27.1,60.4,65.9,71.5,2,6,0,0,21,15.0,3,0,2,118.8,1,2,0,1,0,0,267,266,1,0,197,68,0,1,137,130,0,10,10,1,1,10,0,21,21,21.0
Stephon McGlaun,164219,DI,CENT ARK,11,3,0,,0,0,132,0,0,60.9,66.0,82.3,66.1,62.3,57.1,1,4,0,0,,10.0,1,0,0,0.0,0,0,0,0,0,0,244,244,25,217,1,1,0,0,122,122,0,4,6,0,0,5,0,0,0,
Noah Mitchell,164220,LB,CENT ARK,7,5,0,100.0,0,0,132,0,0,56.0,60.0,77.2,62.2,63.5,74.8,1,1,0,0,27,5.9,1,0,0,156.3,8,0,0,89,0,45,103,6,0,0,6,0,0,97,11,47,8,4,11,0,8,2,1,96,59,12.0
Jaiden Robertson,164225,CB,CENT ARK,1,1,0,0.0,0,0,132,0,0,70.5,69.1,72.3,,59.5,76.2,0,0,0,0,,0.0,0,0,0,39.6,0,0,0,0,13,5,13,0,0,0,0,0,0,13,0,8,0,0,0,0,2,0,0,0,0,
David Walker,164231,ED,CENT ARK,11,6,1,,0,1,132,0,0,59.3,92.9,34.0,91.5,91.9,52.7,7,31,0,0,,20.0,13,0,3,0.0,0,16,0,2,0,0,504,501,0,3,378,120,0,3,278,226,0,46,46,12,0,54,0,0,0,
TD Williams,164233,CB,CENT ARK,11,2,0,38.6,0,1,132,1,1,82.6,79.3,47.7,52.6,63.8,62.2,0,0,0,1,36,15.6,5,9,2,60.7,17,0,0,44,613,358,681,0,0,0,0,0,8,681,4,319,15,12,25,1,44,0,2,219,73,12.9
Dillon Williams,164234,S,CENT ARK,2,1,0,0.0,0,0,132,0,0,69.9,64.2,76.1,60.0,50.5,51.1,0,0,0,0,,20.0,1,0,0,39.6,0,0,0,11,0,20,38,0,0,0,0,0,19,38,1,17,8,0,3,0,1,0,0,0,0,
Matthew Ballentine,164236,CB,E KENTUCKY,12,9,0,46.2,0,0,159,0,0,69.8,63.7,0.0,59.8,51.8,38.2,0,0,0,2,37,27.5,14,3,3,64.5,18,0,0,36,420,215,465,1,0,0,1,0,6,464,2,248,2,5,28,0,39,0,2,264,103,14.7
Jaylen Houston,164248,CB,E KENTUCKY,3,2,0,83.3,0,0,159,0,0,55.5,60.0,81.9,67.6,68.7,64.8,1,0,0,0,14,12.5,1,0,1,96.5,5,0,0,2,0,32,62,7,0,0,7,0,0,55,4,26,53,2,5,1,6,1,0,43,51,8.6
Treyveon Longmire,164254,CB,E KENTUCKY,2,0,0,0.0,0,0,159,0,0,51.9,52.3,71.2,,60.0,,0,0,0,0,,,0,0,0,39.6,0,0,0,0,11,4,11,0,0,0,0,0,0,11,0,7,0,0,0,0,1,0,0,0,0,
Kyeaure Magloire,164255,CB,E KENTUCKY,1,0,0,100.0,0,0,159,0,0,39.7,35.9,66.9,,,27.3,0,0,0,0,40,100.0,1,0,0,158.3,1,0,0,0,3,3,3,0,0,0,0,0,0,3,0,0,0,0,0,0,1,0,1,40,21,40.0
Kylan Robinson,164259,LB,E KENTUCKY,3,5,0,50.0,0,0,159,0,0,57.0,55.2,76.7,64.7,52.3,83.0,0,1,0,0,14,0.0,0,0,0,72.9,1,0,0,56,0,35,59,2,0,0,2,0,0,57,4,20,1,3,4,0,2,1,0,14,10,14.0
Javen Augustus,164272,ED,N ALABAMA,10,3,0,,0,0,389,0,0,62.6,73.0,80.9,71.7,63.4,61.0,5,5,0,0,,16.7,1,0,0,0.0,0,1,0,1,0,0,88,87,0,1,80,6,0,1,51,37,0,2,2,0,0,11,0,0,0,
Jamarion Augustus,164273,ED,N ALABAMA,5,1,0,,0,0,389,0,0,,56.5,76.2,64.3,51.1,25.6,0,2,0,0,,50.0,1,0,0,0.0,0,0,0,0,0,0,26,26,0,0,25,1,0,0,13,13,0,0,0,0,0,2,0,0,0,
Corey Clark,164276,DI,N ALABAMA,4,1,0,,0,0,389,0,0,,52.0,77.1,56.9,51.3,69.7,0,0,0,0,,0.0,0,0,0,0.0,0,0,0,1,0,0,50,49,7,39,1,2,0,1,17,33,0,0,0,0,0,0,0,0,0,
E.J. Colbert,164278,ED,N ALABAMA,11,4,0,,1,0,389,0,0,60.8,50.1,58.3,61.5,42.9,27.4,4,17,0,0,,35.3,6,0,1,0.0,0,0,0,1,0,1,331,330,6,78,177,69,0,1,159,171,0,4,7,1,0,21,0,0,0,
Keenan Hill,164293,CB,N ALABAMA,1,0,0,100.0,0,0,389,0,0,51.8,50.9,69.0,,60.0,,0,0,0,0,8,,0,0,0,100.0,1,0,0,0,6,4,6,0,0,0,0,0,0,6,0,2,0,0,0,0,1,0,0,8,0,8.0
Cameron Jamar,164298,CB,N ALABAMA,4,0,0,,0,0,389,0,0,60.0,62.2,74.9,,62.1,,0,0,0,0,,,0,0,0,0.0,0,0,0,1,1,1,14,1,0,0,1,0,1,13,0,13,10,0,0,0,0,0,0,0,0,
Christian Jones,164299,LB,N ALABAMA,4,1,0,0.0,0,0,389,0,0,92.6,91.0,76.0,,72.0,77.3,0,0,0,1,,0.0,0,0,0,0.0,0,0,0,25,0,5,33,5,0,0,5,0,0,28,0,28,3,1,2,0,1,0,0,0,0,
Ryan Madison,164302,S,N ALABAMA,4,1,0,,0,0,389,0,0,63.8,51.6,74.9,,43.9,63.9,0,0,0,0,,14.3,1,0,0,0.0,0,0,0,23,0,7,43,0,0,0,0,0,15,43,0,36,5,0,5,0,0,0,0,0,0,
Garrick Ponder,164307,LB,N ALABAMA,2,1,0,50.0,0,0,389,0,0,67.6,68.5,72.2,67.2,62.7,50.8,0,1,0,0,11,27.3,3,1,0,66.7,1,1,0,23,0,6,28,4,0,0,4,0,0,24,2,20,1,3,7,1,2,2,0,11,2,11.0
Ashaad Williams,164318,CB,N ALABAMA,9,3,0,72.7,0,0,389,1,0,48.8,53.2,81.0,,63.6,54.2,0,0,0,0,55,25.0,3,0,0,145.1,8,0,0,8,164,50,178,2,0,0,2,0,0,176,0,128,4,2,6,0,11,0,1,149,90,18.6
Barry Womack,164320,S,N ALABAMA,4,6,0,,0,0,389,0,0,68.7,69.1,77.3,,67.3,53.1,0,0,0,1,,22.2,4,0,0,0.0,0,0,0,16,0,26,65,0,0,0,0,0,48,65,0,39,1,3,8,1,0,0,0,0,0,
Sky Ellis,164325,DI,CAL POLY,6,0,0,,0,0,129,0,0,,52.5,79.8,51.6,53.2,61.4,0,4,0,0,,11.1,1,0,0,0.0,0,0,0,0,0,0,136,136,19,87,1,29,0,0,37,99,0,6,8,1,0,4,0,0,0,
Thomas McNamara,164328,S,CAL POLY,2,1,0,,0,0,129,0,0,61.6,64.9,73.0,,64.9,76.4,0,0,0,0,,0.0,0,0,0,0.0,0,0,0,1,0,5,19,0,0,0,0,0,18,19,0,14,0,0,0,0,0,0,0,0,0,
Ben Voigtlaender,164334,ED,E WASHGTON,1,1,0,,0,0,161,0,0,,63.8,68.8,,62.2,71.3,0,0,0,0,,0.0,0,0,0,0.0,0,0,0,0,0,0,3,3,0,0,2,1,0,0,0,3,0,0,0,0,0,0,0,0,0,
Aamarii Notice,164336,DI,IDAHO,10,1,0,,0,0,185,0,0,,67.1,79.3,63.9,66.0,78.5,1,2,0,0,,0.0,0,0,0,0.0,0,0,0,0,0,0,114,114,10,103,0,1,0,0,40,74,0,5,10,0,0,3,0,0,0,
Devante Keys,164347,ED,IDAHO,11,3,0,100.0,0,0,185,1,0,60.0,66.1,43.1,65.2,66.5,51.8,1,4,0,0,-7,14.3,1,0,1,79.2,1,1,0,1,0,1,195,194,6,31,116,41,0,1,109,85,0,2,3,0,1,6,0,-7,0,-7.0
Murvin Kenion III,164351,CB,IDAHO,12,3,0,40.0,0,1,185,0,0,84.1,82.8,27.9,58.8,77.7,76.4,0,0,0,4,26,8.3,3,5,1,25.8,10,0,0,56,0,231,393,1,0,0,1,0,107,392,2,160,228,8,30,3,25,0,1,100,60,10.0
Paul Lindstrom,164365,DI,IDAHO,2,0,0,,0,0,185,0,0,,50.1,68.9,59.9,57.5,,0,0,0,0,,,0,0,0,0.0,0,0,0,0,0,0,4,4,1,3,0,0,0,0,2,2,0,0,0,0,0,0,0,0,0,
Tuiumi Aiono,164373,DI,IDAHO,3,1,0,,0,0,185,0,0,,62.7,75.7,61.2,61.8,70.2,0,2,0,0,,0.0,0,0,0,0.0,0,0,0,0,0,0,38,38,6,32,0,0,0,0,16,22,0,0,0,0,0,2,0,0,0,
Cooper Barnum,164376,S,MONTANA,1,0,0,,0,0,232,0,0,60.0,60.0,66.3,,60.0,,0,0,0,0,,,0,0,0,0.0,0,0,0,0,0,1,2,0,0,0,0,0,1,2,0,1,1,0,0,0,0,0,0,0,0,
Robert Whitehead,164380,CB,MONTANA,1,0,0,,0,0,232,0,0,,60.0,67.3,,60.0,,0,0,0,0,,,0,0,0,0.0,0,0,0,0,3,0,3,0,0,0,0,0,0,3,0,3,0,0,0,0,0,0,0,0,0,
Takhari Carr,164386,CB,MONTANA ST,1,0,0,100.0,0,0,233,0,0,47.9,49.9,69.6,,62.5,,0,0,0,0,23,,0,0,0,158.3,1,0,0,3,8,5,11,0,0,0,0,0,0,11,0,6,0,0,0,0,1,0,1,23,0,23.0
Taco Dowler,164387,WR,MONTANA ST,4,0,0,,0,0,233,0,0,,61.5,60.0,,62.1,70.3,0,0,0,0,,0.0,0,0,2,0.0,0,0,0,0,0,0,7,0,0,0,0,0,0,7,0,7,0,0,1,0,0,0,0,0,0,
Caden Dowler,164388,S,MONTANA ST,3,0,0,,0,0,233,0,0,38.8,48.0,71.3,,61.9,27.0,0,0,0,0,,50.0,2,0,0,0.0,0,0,0,17,0,11,30,0,0,0,0,0,12,30,0,19,0,1,2,0,0,0,0,0,0,
Logan Fredericksen,164389,ED,MONTANA ST,1,0,0,,0,0,233,0,0,,55.0,70.2,55.2,,,0,0,0,0,,,0,0,0,0.0,0,0,0,0,0,0,6,6,0,0,4,2,0,0,6,0,0,0,0,0,0,0,0,0,0,
Devin Slaughter,164402,T,MONTANA ST,3,0,0,,0,0,233,0,0,,70.4,72.2,69.8,62.1,,1,0,0,0,,,0,0,2,0.0,0,0,0,0,0,0,14,14,0,9,0,5,0,0,7,7,0,0,0,0,0,1,0,0,0,
Camilo Arquette,164408,LB,N ARIZONA,1,0,0,,0,0,252,0,0,,60.0,60.0,60.0,,,0,0,0,0,,,0,0,0,0.0,0,0,0,0,0,0,1,0,0,0,0,0,0,1,1,0,0,0,0,0,0,0,0,0,0,
Logan Bayus,164409,ED,N ARIZONA,9,4,1,100.0,0,1,252,0,0,71.3,73.2,82.0,59.5,77.5,46.4,0,6,0,0,1,22.2,2,0,0,79.2,1,1,0,0,0,2,200,198,7,61,73,57,0,2,104,94,2,4,3,0,1,7,0,1,0,1.0
Davondre Bucannon,164412,CB,N ARIZONA,4,0,0,100.0,0,0,252,0,0,60.4,53.6,76.7,,30.3,33.8,0,0,0,0,10,33.3,2,0,0,101.4,3,0,0,7,60,44,70,0,0,0,0,0,3,70,0,26,0,0,4,0,3,0,0,25,5,8.3
Dwayne McDougle III,164427,CB,N ARIZONA,1,1,0,,0,0,252,0,0,,60.0,63.1,,60.0,76.2,0,0,0,0,,0.0,0,0,0,0.0,0,0,0,0,0,0,1,0,0,0,0,0,1,1,0,1,0,0,0,0,0,0,0,0,0,
Edward Rhambo,164432,CB,N ARIZONA,2,0,0,,0,0,252,0,0,60.0,62.3,63.3,,60.0,,0,0,0,0,,,0,0,0,0.0,0,0,0,0,1,1,2,0,0,0,0,0,0,2,0,1,0,0,0,0,0,0,0,0,0,
Brandon Wong,164437,LB,N ARIZONA,1,0,0,,0,0,252,0,0,,60.0,,60.0,,,0,0,0,0,,,0,0,0,0.0,0,0,0,0,0,0,1,0,0,0,0,0,0,1,1,0,0,0,0,0,0,0,0,0,0,
Tremell Harrell,164442,S,N COLORADO,2,1,0,100.0,0,0,253,0,0,49.3,50.8,0.0,60.0,67.5,67.9,0,0,0,0,19,20.0,1,0,1,157.6,3,0,0,6,3,27,59,0,0,0,0,0,35,59,1,31,15,0,3,0,3,0,1,37,10,12.3
Tywonne Harris,164443,CB,N COLORADO,10,3,0,66.7,0,0,253,0,0,64.4,60.8,0.0,55.3,66.6,72.4,0,0,0,1,32,9.1,2,1,3,81.0,10,0,0,31,151,111,228,3,0,0,3,0,0,225,5,112,43,6,17,0,15,0,1,104,38,10.4
Tizell Lewis,164445,CB,N COLORADO,10,3,0,60.9,0,0,253,1,0,52.6,53.9,15.5,58.7,63.9,59.4,0,0,0,0,74,16.0,4,1,2,135.0,14,0,0,42,250,141,308,1,0,0,1,0,1,307,1,166,12,5,18,2,23,0,4,235,138,16.8
Elias Rantissi,164446,LB,N COLORADO,4,11,0,63.6,0,0,253,0,0,76.9,67.0,81.4,75.3,52.9,75.7,0,5,0,0,24,9.1,3,2,0,77.8,7,0,0,218,1,89,225,1,0,0,1,0,0,224,11,125,4,5,19,0,11,5,0,60,39,8.6
Davin Beason,164451,LB,PORTLAND,3,0,0,,1,0,269,0,0,61.3,38.4,0.0,53.8,55.5,73.2,0,0,0,0,,0.0,0,0,1,0.0,0,0,0,9,0,1,10,1,0,0,1,0,0,9,6,3,0,0,1,0,0,0,0,0,0,
Dino Kahaulelio,164457,DI,PORTLAND,11,1,0,,1,0,269,0,0,60.0,53.0,48.8,63.5,47.0,28.4,2,4,0,0,,26.7,4,0,1,0.0,0,1,0,1,0,0,229,228,83,128,6,11,0,1,120,109,0,7,10,0,0,7,0,0,0,
Michael MacNeill,164458,DI,PORTLAND,1,0,0,,0,0,269,0,0,,45.5,0.0,58.4,61.8,,0,1,0,0,,,0,0,1,0.0,0,0,0,0,0,0,8,8,0,6,0,2,0,0,3,5,0,0,0,0,0,1,0,0,0,
Uilisoni Amone,164471,DI,UC DAVIS,2,0,0,,0,0,322,0,0,,30.1,0.0,59.9,29.2,,0,0,0,0,,,0,0,1,0.0,0,0,0,0,0,0,37,37,19,18,0,0,0,0,19,18,0,0,0,0,0,0,0,0,0,
Steven Bryant,164474,DI,WEBER ST,4,2,0,,0,0,342,0,0,60.0,75.0,0.0,77.7,69.9,43.9,2,1,0,0,,33.3,2,0,1,0.0,0,3,0,0,0,0,58,58,20,35,0,3,0,0,35,23,0,5,2,0,0,6,0,0,0,
Cameren Cope,164477,ED,WEBER ST,3,0,0,,0,0,342,0,0,,62.5,76.9,63.9,57.9,73.0,0,1,0,0,,0.0,0,0,0,0.0,0,0,0,1,0,0,28,27,0,2,22,3,0,1,19,9,0,0,1,0,0,1,0,0,0,
Kao Hansen,164479,S,WEBER ST,2,1,0,,0,0,342,0,0,65.7,67.4,74.4,,63.0,77.1,0,0,0,0,,0.0,0,0,0,0.0,0,0,0,3,0,10,15,0,0,0,0,0,7,15,0,5,5,0,1,0,0,0,0,0,0,
Peter Knudson,164482,TE,WEBER ST,1,0,0,,0,0,342,0,0,,60.0,60.0,,60.0,,0,0,0,0,,,0,0,0,0.0,0,0,0,0,0,0,1,0,0,0,0,0,0,1,0,1,0,0,0,0,0,0,0,0,0,
Shad Pulsipher,164487,ED,WEBER ST,13,6,2,,0,0,342,0,0,55.1,60.5,59.3,55.1,67.4,75.6,2,8,0,0,,6.1,2,0,1,0.0,0,0,0,1,0,1,335,334,2,50,171,111,0,1,193,141,0,16,25,1,0,10,0,0,0,
Nu'uletau Sellesin,164488,ED,WEBER ST,12,5,0,50.0,0,0,342,0,0,63.3,72.4,86.9,68.9,70.6,52.2,3,13,0,0,4,25.0,7,0,0,56.3,1,5,0,1,1,17,360,358,0,8,289,61,0,2,201,142,0,14,16,2,2,21,0,4,1,4.0
Steven Shoats-Thomas,164489,HB,WEBER ST,1,0,0,,0,0,342,0,0,,60.0,60.0,,60.0,,0,0,0,0,,,0,0,0,0.0,0,0,0,0,0,0,1,0,0,0,0,0,0,1,0,1,0,0,0,0,0,0,0,0,0,
Raimoana Tinirauarii,164492,LB,WEBER ST,1,0,0,,0,0,342,0,0,60.0,60.4,63.9,,,,0,0,0,0,,,0,0,0,0.0,0,0,0,0,0,1,1,0,0,0,0,0,0,1,0,0,1,0,0,0,0,0,0,0,0,
Noah Caston,164495,S,CAMPBELL,6,3,0,33.3,0,0,131,0,0,73.9,62.3,0.0,57.2,45.4,39.9,0,1,0,0,8,30.8,4,0,1,42.4,1,0,0,44,1,63,121,2,0,0,2,0,7,119,1,57,67,1,6,0,3,1,0,8,7,8.0
Ty Anderson,164498,LB,GARD-WEBB,13,16,0,73.9,0,0,171,0,0,67.1,70.0,86.8,59.8,75.6,65.1,0,4,1,1,25,14.6,6,0,0,90.9,17,2,0,104,0,145,313,57,0,0,56,1,1,256,35,133,151,11,19,4,23,6,1,170,181,10.0
Brendan Jackson,164501,LB,GARD-WEBB,10,6,0,80.0,0,1,171,0,0,84.4,75.9,20.6,81.0,58.3,59.9,5,5,0,0,7,20.0,7,1,1,79.2,4,4,0,310,0,137,323,8,0,0,8,0,0,315,37,149,4,21,22,6,5,14,0,10,2,2.5
Devon Myles,164506,S,GARD-WEBB,1,0,0,,0,0,171,0,0,60.0,60.0,68.0,,60.0,,0,0,0,0,,,0,0,0,0.0,0,0,0,2,0,1,4,0,0,0,0,0,2,4,0,3,0,0,0,0,0,0,0,0,0,
Josiah Wright,164509,CB,GARD-WEBB,13,8,0,63.5,1,0,171,0,0,67.8,68.0,6.3,65.3,69.6,72.7,1,3,0,3,39,12.5,8,4,5,80.6,33,0,0,114,1,365,548,7,0,0,7,0,57,541,14,169,369,19,48,4,52,4,3,380,147,11.5
Mofe Adewole,164511,DI,ROB MORRIS,1,0,0,,0,0,277,0,0,,60.0,65.6,,60.0,,0,0,0,0,,,0,0,0,0.0,0,0,0,0,0,0,1,1,0,0,1,0,0,0,0,1,0,0,0,0,0,0,0,0,0,
Jahlil Johnson,164519,LB,ALBANY,10,0,0,75.0,0,0,106,0,0,71.9,64.2,76.4,60.1,55.0,71.0,0,4,0,0,21,11.1,1,1,0,90.6,3,0,0,97,1,48,121,14,0,0,14,0,0,107,17,56,9,5,8,0,4,4,0,25,27,8.3
Shoes Brinkley,164529,CB,DELAWARE,6,3,0,75.0,0,0,151,0,0,65.2,65.5,79.3,60.0,63.7,60.4,0,0,0,0,45,14.3,1,1,0,116.7,3,0,0,14,37,56,95,1,0,0,1,0,3,94,1,38,40,1,3,0,4,0,0,67,25,22.3
Melkart Abou Jaoude,164530,ED,DELAWARE,2,0,0,,0,0,151,0,0,,58.2,69.2,56.4,60.6,,0,0,0,0,,,0,0,0,0.0,0,0,0,0,0,0,10,10,0,0,0,10,0,0,8,2,0,0,0,0,0,0,0,0,0,
Dominick Brogna,164532,DI,DELAWARE,1,0,0,,0,0,151,0,0,,69.2,66.6,60.0,62.4,70.8,0,0,0,0,,0.0,0,0,0,0.0,0,0,0,0,0,0,2,2,0,0,0,2,0,0,1,1,0,1,1,0,0,0,0,0,0,
Samuel Korpoi,164566,LB,MONMOUTH,2,0,0,,0,0,231,0,0,62.4,66.4,71.1,59.5,65.3,73.6,0,0,0,0,,0.0,0,0,0,0.0,0,0,0,8,0,5,10,1,0,0,1,0,0,9,1,4,1,0,1,0,0,0,0,0,0,
Damir McCrary,164568,ED,MONMOUTH,3,0,0,,0,0,231,0,0,60.0,67.3,72.7,68.0,60.1,73.0,0,0,0,0,,,0,0,0,0.0,0,1,0,0,0,1,6,6,0,0,6,0,0,0,2,3,0,0,0,0,0,1,0,0,0,
Miles Mitchell,164569,ED,MONMOUTH,11,14,1,20.0,0,0,231,0,0,56.2,52.3,87.5,59.3,46.1,69.2,1,9,0,0,30,9.1,3,0,0,52.1,1,3,0,10,0,29,386,370,0,0,320,50,0,16,176,181,6,10,16,1,5,13,0,30,17,30.0
Phil Rawlings,164572,CB,MONMOUTH,1,0,0,,0,0,231,0,0,46.8,44.5,71.6,,63.5,73.5,0,0,0,0,,0.0,0,0,1,0.0,0,0,0,0,6,2,7,1,0,0,1,0,0,6,0,5,0,0,1,0,0,0,0,0,0,
Bryce Rooks,164574,DI,MONMOUTH,3,2,0,,0,0,231,0,0,,64.3,78.9,62.5,62.9,71.3,1,2,0,0,,0.0,0,0,0,0.0,0,0,0,0,0,0,71,71,21,50,0,0,0,0,45,26,0,0,0,0,0,3,0,0,0,
Charlie Sasso,164575,LB,MONMOUTH,4,2,0,75.0,0,0,231,0,0,74.5,67.1,77.6,72.2,53.7,49.8,0,1,0,0,21,21.1,4,0,0,90.6,3,0,0,60,0,35,80,12,0,0,12,0,0,68,6,39,8,7,13,1,4,1,0,25,8,8.3
Luke Teskey,164590,ED,NEW HAMP,1,0,0,,0,0,240,0,0,,56.6,69.4,56.7,,,0,0,0,0,,,0,0,0,0.0,0,0,0,0,0,0,4,4,0,0,4,0,0,0,4,0,0,0,0,0,0,0,0,0,0,
Myles Brodie,164630,CB,TOWSON,1,0,0,,0,0,317,0,0,62.4,63.2,67.8,,60.0,,0,0,0,0,,,0,0,0,0.0,0,0,0,0,4,3,4,0,0,0,0,0,0,4,0,1,0,0,0,0,0,0,0,0,0,
Thaddeus Gianaris,164658,ED,DARTMOUTH,4,0,0,,0,0,148,0,0,,60.3,74.4,53.8,66.7,70.8,0,0,0,0,,0.0,0,0,0,0.0,0,0,0,0,0,0,17,17,0,0,14,3,0,0,12,5,0,1,1,0,0,0,0,0,0,
Francesco Barone,164661,CB,PENN,1,0,0,,0,0,267,0,0,,60.0,60.0,,60.0,,0,0,0,0,,,0,0,0,0.0,0,0,0,0,0,0,1,0,0,0,0,0,0,1,0,1,0,0,0,0,0,0,0,0,0,
Kadari Machen,164673,CB,PENN,2,0,0,,0,0,267,0,0,62.3,63.4,66.3,,60.0,,0,0,0,0,,,0,0,0,0.0,0,0,0,1,0,3,5,0,0,0,0,0,0,5,0,2,3,0,0,0,0,0,0,0,0,
Da'Quan Gonzales,164694,CB,YALE,7,0,0,50.0,0,0,352,0,0,71.1,71.2,80.0,,63.5,79.3,0,0,0,1,16,0.0,0,0,0,24.3,3,0,0,2,131,111,135,0,0,0,0,0,0,135,0,24,2,2,4,0,6,0,0,29,2,9.7
Joseph Nash,164698,DI,YALE,1,0,0,,0,0,352,0,0,,58.6,68.6,58.2,60.0,,0,0,0,0,,,0,0,0,0.0,0,0,0,0,0,0,4,4,0,4,0,0,0,0,3,1,0,0,0,0,0,0,0,0,0,
Joshua Tarver,164704,S,YALE,2,0,0,0.0,0,0,352,0,0,47.9,44.4,73.7,,47.4,24.2,0,0,0,0,,66.7,2,0,0,39.6,0,0,0,1,0,12,20,0,0,0,0,0,10,20,0,8,9,0,1,0,1,0,0,0,0,
Andre Thomas,164705,LB,YALE,1,0,0,,0,0,352,0,0,61.7,63.2,71.1,,61.0,,0,0,0,0,,,0,0,0,0.0,0,0,0,8,0,4,9,0,0,0,0,0,0,9,0,5,1,0,0,0,0,0,0,0,0,
Melik Williams,164707,LB,YALE,1,0,0,0.0,0,0,352,0,0,50.1,49.2,68.5,,60.6,,0,0,0,0,,,0,0,0,39.6,0,0,0,3,0,3,6,0,0,0,0,0,0,6,0,3,3,0,0,0,1,0,0,0,0,
Kaleb Broadbent,164712,CB,NORFOLK,4,0,0,66.7,0,0,244,0,0,55.8,49.6,77.1,59.5,44.2,28.5,0,0,0,0,15,40.0,2,0,0,97.9,2,0,0,10,0,12,49,4,0,0,4,0,0,45,2,35,35,1,3,0,3,0,0,29,28,14.5
Cameron Curry,164718,ED,NORFOLK,4,4,0,,0,0,244,0,0,60.0,49.7,81.3,54.9,48.2,78.6,0,0,0,0,,0.0,0,0,0,0.0,0,0,0,0,0,0,40,39,0,0,38,1,0,1,13,27,0,1,2,0,0,0,0,0,0,
Jordyn Heath,164724,DI,NORFOLK,7,2,0,,0,0,244,0,0,,65.5,0.0,61.5,70.5,74.3,0,0,0,0,,0.0,0,0,1,0.0,0,0,0,1,0,0,40,39,1,37,0,1,0,1,10,30,0,1,2,0,0,0,0,0,0,
Tyler Johnson,164727,ED,NORFOLK,5,3,0,,0,0,244,0,0,60.7,56.8,29.9,52.7,62.9,62.7,0,1,0,0,,8.3,1,0,1,0.0,0,0,0,0,0,3,126,126,0,0,122,4,0,0,58,65,0,4,8,1,0,1,0,0,0,
Jordin Lennon,164729,HB,NORFOLK,2,0,0,,0,0,244,0,0,,60.0,60.0,,60.0,,0,0,0,0,,,0,0,1,0.0,0,0,0,0,0,0,2,0,0,0,0,0,0,2,0,2,0,0,0,0,0,0,0,0,0,
Jeremiah Martin,164730,LB,NORFOLK,5,2,0,,0,0,244,0,0,63.7,57.9,74.2,54.4,56.5,80.3,0,0,0,0,,0.0,0,0,0,0.0,0,0,0,30,0,9,38,7,0,0,7,0,0,31,8,21,1,0,3,0,0,0,0,0,0,
Nyamusa Njoka,164734,S,NORFOLK,6,3,0,50.0,0,0,244,0,0,43.3,48.3,76.5,60.0,54.8,64.9,0,0,0,0,81,15.4,2,0,0,135.4,1,0,0,36,0,21,71,2,0,0,2,0,23,69,1,49,10,3,8,0,2,0,1,81,56,81.0
Christian Parham,164735,CB,NORFOLK,6,0,0,66.7,0,0,244,0,0,47.1,48.0,76.5,,52.1,33.1,0,0,0,0,28,37.5,3,0,0,147.2,4,0,0,7,40,10,52,3,0,0,3,0,0,49,0,42,2,1,5,0,6,0,2,72,29,18.0
Emile Sancho,164738,CB,NORFOLK,5,1,0,69.2,0,0,244,0,0,59.2,62.0,80.3,,70.2,56.9,0,0,0,0,46,15.4,2,1,1,151.4,9,0,0,4,146,62,153,0,0,0,0,0,1,153,0,91,2,3,10,0,13,0,2,180,63,20.0
Isaiah Stevens,164742,CB,NORFOLK,1,0,0,,0,0,244,0,0,,61.2,65.6,,60.0,,0,0,0,0,,,0,0,0,0.0,0,0,0,0,0,0,1,1,0,0,1,0,0,0,0,1,0,0,0,0,0,0,0,0,0,
Jalen Swindell,164744,DI,NORFOLK,4,1,0,,0,0,244,0,0,60.0,49.5,0.0,53.9,54.5,30.5,0,1,0,0,,33.3,2,0,1,0.0,0,0,0,1,0,0,53,52,0,45,0,7,0,1,20,33,0,2,3,2,0,1,0,0,0,
Michael Vinson,164747,LB,NORFOLK,8,2,0,,0,0,244,0,0,65.8,62.6,73.1,,58.2,61.2,0,0,0,0,,20.0,1,0,0,0.0,0,0,0,35,0,12,37,1,0,0,1,0,0,36,0,25,1,1,2,1,0,0,0,0,0,
A.J. Williams,164752,CB,NORFOLK,1,0,0,100.0,0,0,244,0,0,52.9,53.0,70.3,,60.0,74.2,0,0,0,0,11,0.0,0,0,0,112.5,1,0,0,0,8,3,8,0,0,0,0,0,0,8,0,5,0,0,1,0,1,0,0,11,0,11.0
Jaylen Williams,164753,ED,NORFOLK,3,2,0,100.0,0,0,244,0,0,61.9,60.3,79.9,65.4,54.9,55.7,0,4,0,0,14,12.5,1,0,0,118.8,1,0,0,0,0,3,85,85,0,0,68,17,0,0,35,47,0,3,5,0,1,4,0,14,0,14.0
Jayden Flaker,164760,LB,NC CENT,7,2,0,0.0,0,0,247,0,0,63.3,64.6,74.2,71.1,49.2,77.6,1,1,0,0,,0.0,0,0,0,39.6,0,1,0,14,0,8,24,8,0,0,8,0,0,16,10,6,1,1,0,0,1,3,0,0,0,
Reggie Jarrett,164764,ED,NC CENT,4,1,0,,0,0,247,0,0,60.0,60.6,75.7,53.7,65.2,74.9,0,0,0,0,,0.0,0,0,0,0.0,0,0,0,0,0,0,26,26,1,0,25,0,0,0,16,10,0,2,2,0,0,0,0,0,0,
Jaden Mack,164766,DI,NC CENT,4,0,0,,0,0,247,0,0,60.0,61.4,75.6,63.3,58.4,72.2,0,1,0,0,,0.0,0,0,0,0.0,0,0,0,0,0,0,32,32,3,22,4,3,0,0,14,18,0,0,2,0,0,1,0,0,0,
Nasheed Peoples,164770,CB,NC CENT,3,0,0,50.0,0,0,247,0,0,59.7,58.5,76.5,58.9,56.4,48.0,0,0,0,0,35,20.0,1,0,0,95.8,1,0,0,13,0,24,42,1,0,0,1,0,0,41,2,16,28,0,4,0,2,0,0,35,3,35.0
Malcolm Reed,164772,CB,NC CENT,4,0,0,25.0,0,0,247,0,0,63.1,62.6,79.2,,60.2,48.7,0,0,0,1,14,25.0,1,0,0,41.7,1,0,0,3,0,19,44,0,0,0,0,0,18,44,0,25,22,1,3,0,4,0,1,14,14,14.0
Jalan Gaines,164784,ED,ILL STATE,3,0,0,,0,0,188,0,0,60.4,70.2,0.0,66.0,75.9,75.7,0,5,0,0,,0.0,0,0,1,0.0,0,0,0,1,0,2,47,46,0,0,46,0,0,1,26,19,0,2,2,1,0,5,0,0,0,
Jahiel Blue-Smith,164795,CB,MO STATE,1,0,0,,0,0,230,0,0,62.3,63.6,63.8,,,73.5,0,0,0,0,,0.0,0,0,0,0.0,0,0,0,0,1,1,1,0,0,0,0,0,0,1,0,0,0,1,1,0,0,0,0,0,0,
Tyrin Brooks,164797,LB,MO STATE,4,2,0,66.7,0,0,230,0,0,56.9,58.0,74.4,70.8,55.2,57.3,0,2,0,0,14,25.0,1,0,0,89.6,2,0,0,72,0,38,82,6,0,0,6,0,0,76,8,36,4,0,1,0,3,2,0,23,12,11.5
Connor Lair,164803,LB,MO STATE,1,0,0,,0,0,230,0,0,,60.8,64.1,,60.0,,0,0,0,0,,,0,0,0,0.0,0,0,0,1,0,0,1,0,0,0,0,0,0,1,0,1,0,0,0,0,0,0,0,0,0,
Jared Lloyd,164804,LB,MO STATE,6,0,0,,0,0,230,0,0,66.2,60.1,0.0,67.9,56.5,54.0,0,0,0,0,,16.7,1,0,1,0.0,0,0,0,51,0,29,56,3,0,0,3,0,0,53,3,24,2,1,5,0,0,0,0,0,0,
Kaleb Peleki,164811,ED,MO STATE,1,0,0,,0,0,230,0,0,,62.8,72.9,56.1,65.6,69.7,0,0,0,0,,0.0,0,0,0,0.0,0,0,0,0,0,0,13,13,0,6,7,0,0,0,9,4,0,1,1,1,0,0,0,0,0,
Jordan McClom,164819,CB,N IOWA,1,0,0,,0,0,255,0,0,,60.0,63.8,,60.0,,0,0,0,0,,,0,0,0,0.0,0,0,0,0,1,0,1,0,0,0,0,0,0,1,0,1,0,0,0,0,0,0,0,0,0,
Mi'Quise Humphrey-Grace,164831,ED,S DAKOTA,5,1,0,,0,0,291,0,0,60.0,68.8,78.2,68.8,60.0,48.8,0,6,0,0,,25.0,1,0,0,0.0,0,0,0,0,0,0,53,53,0,1,47,5,0,0,40,13,0,0,2,0,0,6,0,0,0,
Marcus Simmons Jr.,164849,DI,S DAKOTA,8,6,0,,0,0,291,0,0,57.0,64.7,82.0,62.3,66.3,28.2,0,7,0,0,,29.4,5,0,0,0.0,0,1,0,2,0,0,212,210,45,152,2,11,0,2,112,100,0,2,6,1,0,8,0,0,0,
Jalen Lee,164854,CB,S DAK ST,2,0,0,100.0,0,0,292,0,0,62.7,65.6,73.4,,68.8,78.0,0,0,0,0,29,0.0,0,0,0,118.8,2,0,0,1,21,15,23,0,0,0,0,0,0,23,0,8,1,0,3,0,2,0,0,33,10,16.5
Jason Freeman,164860,LB,S DAK ST,15,19,0,71.0,0,0,292,0,0,72.1,78.2,16.8,68.5,84.6,86.2,5,3,1,2,27,6.6,6,1,2,68.1,22,2,0,408,11,287,540,22,0,0,22,0,10,518,33,220,88,37,66,6,31,10,1,171,72,7.8
Logan Green,164864,DI,S DAK ST,1,1,0,,0,0,292,0,0,,73.5,74.7,57.7,76.4,69.7,0,0,0,0,,0.0,0,0,0,0.0,0,0,0,0,0,0,22,22,4,18,0,0,0,0,12,10,0,0,0,0,0,0,0,0,0,
Dontay Johnson,164868,S,S DAK ST,3,1,0,75.0,0,0,292,0,0,47.8,52.1,75.8,,65.3,60.9,0,0,0,0,67,16.7,1,1,0,156.3,3,0,0,4,1,24,38,0,0,0,0,0,18,38,0,14,15,2,4,1,4,0,2,100,37,33.3
Bryce Johnson,164871,CB,S DAK ST,1,0,0,,0,0,292,0,0,62.1,62.6,69.2,,60.0,,0,0,0,0,,,0,0,0,0.0,0,0,0,1,0,4,6,0,0,0,0,0,0,6,0,2,5,0,0,0,0,0,0,0,0,
Aidan Murphy,164877,DI,S DAK ST,1,0,0,,0,0,292,0,0,,61.0,67.8,60.0,60.4,,0,0,0,0,,,0,0,0,0.0,0,0,0,0,0,0,3,3,0,3,0,0,0,0,1,2,0,0,0,0,0,0,0,0,0,
Dylan Dominguez,164900,S,YNGTOWN ST,1,0,0,0.0,0,0,353,0,0,60.6,50.0,67.7,,60.0,22.2,0,0,0,0,,,0,0,0,39.6,0,0,0,0,0,2,4,0,0,0,0,0,3,4,0,2,1,0,0,0,1,0,0,0,0,
Nehemiah Dukes,164901,DI,YNGTOWN ST,2,0,0,,0,0,353,0,0,,58.7,70.6,58.2,59.6,,0,0,0,0,,,0,0,0,0.0,0,0,0,0,0,0,9,9,0,9,0,0,0,0,3,6,0,0,0,0,0,0,0,0,0,
Jordan Rudolph,164917,CB,YNGTOWN ST,1,0,0,,0,0,353,0,0,62.9,63.8,69.0,,60.0,,0,0,0,0,,,0,0,0,0.0,0,0,0,0,6,3,6,0,0,0,0,0,0,6,0,3,0,0,0,0,0,0,0,0,0,
Michael Wells,164923,CB,YNGTOWN ST,2,0,0,100.0,0,0,353,0,0,41.8,48.1,71.6,59.7,69.7,20.9,0,0,0,0,55,75.0,3,0,0,118.8,4,0,0,8,0,9,20,0,0,0,0,0,0,20,1,10,12,1,1,0,4,0,0,100,66,25.0
Almarion Bell,164929,DI,W ILLINOIS,1,0,0,,0,0,345,0,0,,60.1,65.5,,60.0,,0,0,0,0,,,0,0,0,0.0,0,0,0,0,0,0,1,1,1,0,0,0,0,0,0,1,0,0,0,0,0,0,0,0,0,
Michael Cardilli,164932,LB,W ILLINOIS,4,0,0,,0,0,345,0,0,60.5,76.8,72.7,60.0,78.7,76.1,0,0,0,0,,0.0,0,0,0,0.0,0,0,0,18,0,3,18,0,0,0,0,0,0,18,1,14,0,2,2,1,0,0,0,0,0,
Elliot Cassem,164933,LB,W ILLINOIS,4,0,0,,0,0,345,0,0,60.0,50.6,72.5,56.9,50.7,,0,0,0,0,,,0,0,0,0.0,0,0,0,20,0,1,20,0,0,0,0,0,0,20,2,17,0,0,0,0,0,0,0,0,0,
Ryan Crandall,164935,LB,W ILLINOIS,7,10,0,93.3,0,0,345,2,0,63.3,64.8,82.7,55.1,66.7,50.5,0,1,0,1,16,21.6,8,0,0,62.8,14,0,0,72,2,80,205,52,0,0,52,0,0,153,9,116,78,9,19,3,15,1,0,86,89,6.1
Chase Graham,164940,LB,W ILLINOIS,10,17,0,90.0,0,0,345,0,0,58.8,61.1,85.9,54.8,62.9,59.2,3,5,0,1,18,16.7,13,1,0,64.6,9,0,0,404,0,131,423,18,0,0,18,0,0,405,46,246,1,25,48,4,10,8,0,90,48,10.0
Brayden Hall,164942,CB,W ILLINOIS,1,0,0,0.0,0,0,345,0,0,60.5,63.2,68.8,,63.2,76.6,0,0,0,0,,0.0,0,0,0,39.6,0,0,0,1,5,2,6,0,0,0,0,0,0,6,0,4,0,1,2,0,1,0,0,0,0,
Tre Henry,164943,ED,W ILLINOIS,9,9,0,,0,0,345,0,0,67.5,51.5,31.4,51.1,53.7,53.3,0,2,0,0,,12.5,4,0,2,0.0,0,2,0,0,0,0,364,364,12,74,29,249,0,0,151,213,0,15,19,1,0,4,0,0,0,
Caleb Moore,164948,S,W ILLINOIS,1,0,0,,0,0,345,0,0,,61.4,64.6,,60.2,,0,0,0,0,,,0,0,0,0.0,0,0,0,3,0,0,3,0,0,0,0,0,0,3,0,3,0,0,0,0,0,0,0,0,0,
Tahjae Mullix,164950,ED,W ILLINOIS,8,4,0,,0,0,345,0,0,60.0,60.2,81.5,58.0,60.0,69.2,0,4,0,0,,9.1,1,0,0,0.0,0,0,0,0,0,0,247,247,0,44,24,179,0,0,119,128,0,4,6,2,0,4,0,0,0,
Anthony Quinney,164952,S,W ILLINOIS,6,14,1,83.3,0,0,345,0,0,62.5,69.8,86.2,75.5,76.7,76.2,0,2,0,0,26,9.5,4,0,0,117.0,20,0,0,115,2,157,371,76,0,0,76,0,0,295,22,192,178,10,24,3,24,2,1,210,156,10.5
Mo Reed,164953,S,W ILLINOIS,4,3,0,,0,0,345,0,0,61.2,62.9,76.0,,63.6,44.1,0,0,0,0,,30.0,3,0,0,0.0,0,0,0,28,1,13,46,1,0,0,1,0,13,45,0,33,3,2,4,2,0,0,0,0,0,
Corey Scott,164958,CB,W ILLINOIS,4,3,0,53.3,0,0,345,0,0,55.5,54.9,81.7,,52.9,29.0,0,0,0,0,44,28.0,7,0,0,76.3,8,0,0,34,190,108,251,2,0,0,2,0,17,249,0,143,7,7,15,3,15,0,0,107,39,13.4
Tui Vaivai,164962,LB,W ILLINOIS,2,0,0,100.0,0,0,345,0,0,32.4,37.1,73.8,66.4,54.1,76.3,1,0,0,0,45,0.0,0,0,0,158.3,2,0,0,26,0,2,26,0,0,0,0,0,0,26,3,21,0,1,2,0,2,1,1,63,21,31.5
Elijah West,164964,CB,W ILLINOIS,9,2,0,37.5,0,0,345,0,0,58.5,61.4,81.6,60.0,67.8,74.1,0,0,0,0,48,7.7,1,1,1,125.0,3,0,0,15,156,68,206,0,0,0,0,0,28,206,1,137,6,3,10,0,8,0,1,108,16,36.0
Kyle Hill,164980,CB,ST FRANCIS,8,2,0,100.0,0,0,299,0,0,69.8,67.4,0.0,,63.3,52.9,0,0,0,0,2,20.0,1,0,2,79.2,1,0,0,10,121,69,135,0,0,0,0,0,1,135,0,66,3,1,2,0,1,0,0,2,0,2.0
Olanrewaju Adeyemi,164983,ED,WAGNER,2,0,0,,0,0,338,0,0,60.0,47.7,0.0,59.6,61.6,71.5,0,0,0,0,,0.0,0,0,1,0.0,0,0,0,0,0,0,6,6,0,0,1,5,0,0,2,4,0,0,1,0,0,0,0,0,0,
D'Angelo Aristilde,164991,CB,CENT CT ST,1,0,0,,0,0,133,0,0,60.0,60.3,65.9,,,,0,0,0,0,,,0,0,0,0.0,0,0,0,0,0,1,1,0,0,0,0,0,0,1,0,0,1,0,0,0,0,0,0,0,0,
Gavin Bryson,164992,CB,CENT CT ST,10,0,0,50.0,0,0,133,0,0,65.4,65.1,82.7,,60.4,55.5,0,0,0,0,70,17.6,3,4,1,129.6,13,0,0,30,350,206,381,0,0,0,0,0,0,381,0,175,0,5,14,0,26,0,3,296,87,22.8
Kimal Clark,164993,CB,CENT CT ST,8,1,0,100.0,0,0,133,0,0,63.9,64.0,78.5,,61.4,81.4,0,0,0,0,49,0.0,0,0,0,118.8,2,0,0,8,41,55,74,1,0,0,1,0,3,73,0,19,21,0,4,0,2,0,0,80,22,40.0
Mike Greene,164998,S,CENT CT ST,1,0,0,,0,0,133,0,0,,60.0,60.0,,60.0,,0,0,0,0,,,0,0,0,0.0,0,0,0,0,0,0,1,0,0,0,0,0,0,1,0,1,0,0,0,0,0,0,0,0,0,
CJ Holmes,164999,CB,CENT CT ST,1,0,0,,0,0,133,0,0,61.9,62.5,68.0,,,,0,0,0,0,,,0,0,0,0.0,0,0,0,0,3,3,3,0,0,0,0,0,0,3,0,0,0,0,0,0,0,0,0,0,0,
Elijah Johnston,165001,CB,CENT CT ST,1,0,0,100.0,0,0,133,0,0,61.9,62.5,68.0,,,,0,0,0,0,11,,0,0,0,112.5,1,0,0,0,3,3,3,0,0,0,0,0,0,3,0,0,0,0,0,0,1,0,0,11,0,11.0
Dylan Jones,165002,DI,CENT CT ST,9,3,0,,0,0,133,0,0,,74.1,42.1,86.3,61.2,75.2,0,8,0,0,,0.0,0,0,1,0.0,0,0,0,0,0,0,177,177,117,60,0,0,0,0,101,76,0,2,3,0,0,8,0,0,0,
Alex Pagliarini,165007,LB,CENT CT ST,3,0,0,,0,0,133,0,0,61.9,37.9,75.4,37.6,41.5,21.7,0,0,0,0,,60.0,3,0,0,0.0,0,0,0,28,0,5,29,1,0,0,1,0,0,28,2,22,0,1,2,0,0,0,0,0,0,
Malachi Wright,165017,LB,CENT CT ST,7,1,0,75.0,0,0,133,1,0,52.9,55.3,0.0,50.9,70.2,63.5,0,0,0,0,46,15.8,3,0,1,107.8,6,0,0,116,0,64,116,0,0,0,0,0,0,116,11,41,0,7,15,0,8,0,0,83,34,13.8
Zack Athy,165022,ED,STHLSK,8,4,0,,0,0,1470,0,0,60.1,70.2,77.5,60.4,75.6,78.2,0,3,0,0,,0.0,0,0,0,0.0,0,0,0,0,0,2,79,79,8,5,23,43,0,0,45,32,0,3,3,0,0,3,0,0,0,
Hassan Bailey,165023,LB,STHLSK,5,3,0,50.0,0,0,1470,0,0,66.5,71.0,79.6,53.3,72.7,84.3,0,1,0,0,65,0.0,0,0,0,135.4,1,0,0,127,0,57,127,0,0,0,0,0,0,127,5,65,0,6,7,0,2,1,1,65,69,65.0
Matt Beekey,165028,DI,STHLSK,8,3,0,,0,1,1470,0,0,74.6,68.0,0.0,60.1,71.6,75.8,0,0,0,0,,0.0,0,0,2,0.0,0,0,0,0,0,0,115,115,95,20,0,0,0,0,46,69,0,4,4,0,0,0,0,0,0,
Micah Brown,165030,S,STHLSK,9,15,0,60.0,0,1,1470,0,0,74.9,74.9,82.4,,73.3,66.6,0,0,0,0,17,12.0,6,3,0,120.0,3,0,0,156,0,106,263,0,0,0,0,0,46,263,0,157,61,11,29,0,5,0,1,34,16,11.3
Marc Christian-Georges,165038,ED,STHLSK,9,2,1,100.0,0,0,1470,1,0,67.7,69.7,87.3,67.1,68.4,57.6,0,6,0,0,19,17.2,5,0,0,106.8,8,0,0,69,24,96,317,170,0,0,169,1,0,147,52,169,54,14,22,3,8,6,0,77,47,9.6
Steven Cmielewski,165041,LB,STHLSK,8,16,0,57.1,0,1,1470,1,0,69.0,72.5,0.0,58.6,74.0,75.2,0,4,0,0,15,5.9,3,0,2,67.6,4,1,0,419,0,155,422,3,0,0,3,0,0,419,25,242,0,21,32,0,7,5,0,30,28,7.5
Stephen Cobbs,165042,ED,STHLSK,4,0,0,,0,0,1470,0,0,,68.5,75.4,64.1,67.0,,1,1,0,0,,,0,0,0,0.0,0,0,0,0,0,0,33,33,0,0,13,20,0,0,14,19,0,0,0,0,0,2,0,0,0,
Nic Comella,165045,S,STHLSK,2,2,0,,0,0,1470,0,0,63.2,67.1,72.8,,67.6,77.7,0,0,0,0,,0.0,0,0,0,0.0,0,0,0,9,0,5,16,0,0,0,0,0,5,16,0,11,2,0,0,0,0,0,0,0,0,
Mike Connors,165047,LB,STHLSK,3,3,0,100.0,0,0,1470,0,0,55.6,62.1,77.9,67.6,64.1,37.4,0,1,0,0,8,25.0,3,0,0,100.0,1,0,0,77,0,24,78,0,0,0,0,0,0,78,2,52,1,4,6,0,1,1,0,8,7,8.0
Jeremy DaCruz,165053,CB,STHLSK,7,1,0,86.7,0,0,1470,0,0,49.4,54.0,82.0,,69.8,63.9,0,0,0,0,75,15.4,2,0,1,158.3,13,0,0,16,230,102,247,1,0,0,1,0,0,246,0,145,0,2,10,0,15,0,4,225,65,17.3
CJ Davis,165054,S,STHLSK,9,14,0,40.0,0,1,1470,0,0,60.8,71.5,18.4,69.8,86.2,79.5,0,0,0,0,34,8.8,5,0,2,100.4,4,0,0,179,0,155,330,1,0,0,1,0,64,329,1,174,86,9,38,1,10,0,1,76,32,19.0
PJ DeVirgilio,165055,S,STHLSK,1,1,0,,0,0,1470,0,0,65.2,65.1,72.5,,60.1,76.4,0,0,0,0,,0.0,0,0,0,0.0,0,0,0,0,0,5,13,0,0,0,0,0,13,13,0,8,0,0,0,0,0,0,0,0,0,
Matthew DeVirgilio,165056,ED,STHLSK,2,1,0,100.0,0,0,1470,0,0,70.2,68.6,79.1,56.5,64.6,76.3,0,0,0,0,-3,0.0,0,0,0,79.2,1,0,0,0,0,2,29,27,0,0,27,0,0,2,8,19,2,1,2,1,1,0,0,-3,0,-3.0
Pat Duffy,165060,ED,STHLSK,1,0,0,,0,0,1470,0,0,,64.5,63.6,,60.0,,0,0,0,0,,,0,0,0,0.0,0,0,0,0,0,0,1,1,0,0,0,1,0,0,0,1,0,0,0,0,0,0,0,0,0,
Devin Fortes,165066,S,STHLSK,7,0,0,,0,0,1470,0,0,64.3,64.7,76.5,,61.1,,0,0,0,0,,,0,0,0,0.0,0,0,0,2,0,21,33,0,0,0,0,0,21,33,0,12,10,0,0,0,0,0,0,0,0,
Anthony Francis,165067,LB,STHLSK,1,1,0,,0,0,1470,0,0,,69.5,66.0,,61.2,72.2,0,0,0,0,,0.0,0,0,0,0.0,0,0,0,0,0,0,1,1,0,0,1,0,0,0,0,1,0,0,0,0,0,0,0,0,0,
David Fuller-Williams,165069,ED,STHLSK,9,12,0,,0,0,1470,0,0,69.1,73.3,85.5,57.8,71.7,86.9,0,6,0,1,,0.0,0,0,0,0.0,0,3,0,0,0,0,454,454,11,16,165,262,0,0,201,253,0,18,20,2,0,9,0,0,0,
KJ Grisham,165070,CB,STHLSK,8,2,0,35.0,0,0,1470,0,0,54.1,52.5,80.7,,47.5,46.2,0,0,0,1,70,25.0,4,1,0,60.6,7,0,0,20,184,97,207,1,0,0,1,0,1,206,0,110,1,1,10,0,20,0,1,161,40,23.0
Nate Harris,165071,ED,STHLSK,1,2,0,,0,0,1470,0,0,,68.9,73.2,67.7,63.8,73.9,0,1,0,0,,0.0,0,0,0,0.0,0,0,0,0,0,0,11,11,0,0,10,1,0,0,3,8,0,0,0,0,0,1,0,0,0,
Nate Hautala,165073,ED,STHLSK,7,5,0,,0,0,1470,0,0,60.0,75.9,80.9,63.7,78.3,83.0,0,2,0,0,,0.0,0,0,0,0.0,0,1,0,0,0,0,172,172,1,6,68,97,0,0,73,99,0,8,11,1,0,3,0,0,0,
Brandon Hogan,165076,LB,STHLSK,6,2,0,66.7,0,0,1470,0,0,62.4,71.2,0.0,57.3,77.6,77.7,0,0,0,0,8,6.7,1,0,1,74.3,2,0,0,103,0,35,103,0,0,0,0,0,0,103,2,66,0,5,12,0,3,0,0,12,4,6.0
Ifaenyi Ijezie,165079,ED,STHLSK,4,4,0,,0,0,1470,0,0,61.0,74.4,77.7,82.4,60.1,77.8,0,4,0,0,,0.0,0,0,0,0.0,0,0,0,0,0,0,92,92,6,13,31,42,0,0,39,53,0,3,3,0,0,4,0,0,0,
Jordan Irvine,165080,S,STHLSK,1,0,0,,0,0,1470,0,0,75.5,73.6,70.7,,62.1,77.7,0,0,0,0,,0.0,0,0,0,0.0,0,0,0,6,0,3,7,0,0,0,0,0,1,7,0,4,0,1,2,0,0,0,0,0,0,
Michael Lockavitch,165086,ED,STHLSK,8,2,0,,0,0,1470,2,0,65.4,82.3,82.4,81.9,73.5,52.3,1,18,0,0,,23.5,8,0,0,0.0,0,2,0,0,0,0,372,372,0,32,124,216,0,0,155,217,0,21,24,4,0,21,0,0,0,
Masyn Lorick,165087,S,STHLSK,9,15,0,50.0,0,1,1470,1,0,61.9,64.7,87.3,,67.4,48.0,0,0,0,1,63,20.6,14,3,0,66.0,12,0,0,166,2,259,587,0,0,0,0,0,296,587,0,328,123,9,39,2,24,0,0,228,136,19.0
Faisal Mass,165091,ED,STHLSK,1,1,0,,0,0,1470,0,0,,71.3,71.5,79.0,60.3,33.4,0,0,0,0,,25.0,1,0,0,0.0,0,0,0,0,0,0,11,11,0,0,7,4,0,0,3,8,0,1,2,0,0,0,0,0,0,
Marje Mulumba,165095,LB,STHLSK,9,7,1,76.0,0,1,1470,0,0,65.7,74.2,58.4,90.0,76.2,54.6,1,3,0,1,24,18.2,10,4,1,75.4,19,3,0,75,7,179,479,171,0,0,170,1,0,308,38,262,226,29,38,6,25,7,0,160,121,8.4
Sam Murphy,165096,LB,STHLSK,8,14,0,58.3,0,2,1470,1,0,81.2,80.8,83.9,79.6,71.1,54.1,5,3,0,0,17,19.2,10,4,0,71.9,7,1,0,450,0,180,451,1,0,0,1,0,0,450,16,255,0,19,28,3,12,9,0,61,37,8.7
Colby Myrbeck,165097,ED,STHLSK,1,0,0,,0,0,1470,0,0,,60.3,64.6,,60.0,,0,0,0,0,,,0,0,0,0.0,0,0,0,0,0,0,1,1,0,0,0,1,0,0,0,1,0,0,0,0,0,0,0,0,0,
Sean Patrick,165102,ED,STHLSK,1,1,0,,0,0,1470,0,0,,69.3,73.2,61.9,68.4,40.6,0,1,0,0,,33.3,1,0,0,0.0,0,0,0,0,0,0,14,14,0,1,3,10,0,0,7,7,0,1,1,0,0,1,0,0,0,
Hayes Pearson-Woodruff,165103,ED,STHLSK,1,0,0,,0,0,1470,0,0,,68.7,75.9,55.9,71.7,72.4,0,0,0,0,,0.0,0,0,0,0.0,0,0,0,0,0,0,26,26,12,0,9,5,0,0,10,16,0,2,2,1,0,0,0,0,0,
Kevin Porch,165105,CB,STHLSK,8,3,0,46.2,1,1,1470,1,0,80.6,76.0,0.0,,63.4,67.5,0,0,0,2,51,9.1,2,4,4,40.8,18,0,0,34,407,199,442,1,0,0,1,0,0,441,0,243,0,7,17,1,39,0,0,202,84,11.2
Jalen Rotella-White,165109,CB,STHLSK,2,0,0,,0,0,1470,0,0,65.4,66.2,72.3,,60.6,74.2,0,0,0,0,,0.0,0,0,0,0.0,0,0,0,0,15,5,15,0,0,0,0,0,0,15,0,10,0,0,1,0,0,0,0,0,0,
Mo Seide,165113,CB,STHLSK,4,0,0,33.3,0,0,1470,0,0,64.4,68.3,75.5,,72.8,80.3,0,0,0,0,5,0.0,0,0,0,42.4,1,0,0,3,23,17,35,0,0,0,0,0,0,35,0,18,9,3,4,0,3,0,0,5,0,5.0
Nathaniel Sena,165114,S,STHLSK,1,0,0,,0,0,1470,0,0,,60.0,63.5,,60.0,,0,0,0,0,,,0,0,0,0.0,0,0,0,0,1,0,1,0,0,0,0,0,0,1,0,1,0,0,0,0,0,0,0,0,0,
Bill Sousa,165116,LB,STHLSK,1,0,0,,0,0,1470,0,0,,60.9,63.9,,60.0,,0,0,0,0,,,0,0,0,0.0,0,0,0,1,0,0,1,0,0,0,0,0,0,1,0,1,0,0,0,0,0,0,0,0,0,
Justin Waters,165124,ED,STHLSK,8,9,1,100.0,0,0,1470,0,0,63.4,65.5,21.7,69.2,66.0,64.8,1,1,0,0,40,12.9,4,0,2,118.8,5,1,0,54,3,78,312,206,0,0,206,0,0,106,52,182,49,13,18,3,5,3,0,64,27,12.8
Jahnez Williams,165125,CB,STHLSK,9,2,0,72.7,0,1,1470,0,0,61.1,62.8,82.3,,67.1,81.5,0,0,0,0,43,4.5,1,0,1,131.4,16,0,0,27,273,133,302,0,0,0,0,0,0,302,0,169,2,6,19,1,22,0,2,203,26,12.7
PJ Williams,165126,DI,STHLSK,8,5,0,,0,0,1470,0,0,,61.7,81.7,57.2,62.6,76.9,0,1,0,0,,0.0,0,0,0,0.0,0,0,0,0,0,0,106,106,86,19,1,0,0,0,48,58,0,3,3,0,0,1,0,0,0,
Zavion Woodard,165127,CB,STHLSK,2,0,0,75.0,0,0,1470,0,0,62.1,65.1,82.0,,69.9,77.0,0,0,0,0,16,0.0,0,0,0,88.5,3,0,0,1,0,22,46,2,0,0,2,0,0,44,0,24,43,1,2,1,4,0,0,23,24,7.7
Luke Wagner,165134,ED,E ILLINOIS,1,0,0,,0,0,158,0,0,60.0,61.1,74.8,57.3,62.2,71.1,0,0,0,0,,0.0,0,0,0,0.0,0,0,0,0,0,1,14,14,0,0,14,0,0,0,7,6,0,0,1,0,0,0,0,0,0,
Braylon Willis,165136,ED,E ILLINOIS,10,5,0,100.0,0,0,158,0,0,56.1,59.1,82.7,61.0,56.1,81.2,1,12,0,0,10,0.0,0,0,0,108.3,1,0,0,1,0,2,166,165,0,4,144,17,0,1,119,45,0,4,7,0,1,13,0,10,16,10.0
Slade Dollar,165142,LB,SE MO ST,4,0,0,50.0,0,0,293,0,0,52.0,57.7,83.7,64.5,59.2,28.6,1,2,0,0,17,30.0,3,1,0,79.2,1,1,0,43,0,21,75,31,0,0,31,0,0,44,12,42,0,5,7,2,2,4,0,17,18,17.0
Eric Ivory Jr.,165145,S,SE MO ST,12,13,1,61.5,0,0,293,1,0,69.0,71.7,85.9,90.0,71.8,82.7,0,1,0,1,70,9.8,4,3,0,102.2,16,0,0,153,6,310,468,0,0,0,0,0,204,468,1,157,105,5,24,0,26,1,2,245,127,15.3
Jace Pulley,165150,DI,SE MO ST,1,0,0,,0,0,293,0,0,,52.6,73.4,54.9,54.4,22.2,0,0,0,0,,100.0,1,0,0,0.0,0,0,0,0,0,0,25,25,0,20,0,5,0,0,15,10,0,0,0,0,0,0,0,0,0,
Boogie Trotter,165156,CB,TENN STATE,7,1,0,76.9,0,1,308,1,0,59.7,61.2,86.3,58.3,66.6,46.8,1,0,0,0,27,20.7,6,3,0,128.7,30,0,0,13,5,173,283,1,0,0,1,0,2,282,1,109,260,7,22,1,39,1,3,345,183,11.5
Sean Owens,165173,DI,LNDNWD,1,0,0,,0,0,949,0,0,,58.2,67.8,58.1,,,0,0,0,0,,,0,0,0,0.0,0,0,0,0,0,0,3,3,0,3,0,0,0,0,3,0,0,0,0,0,0,0,0,0,0,
Kendal Brice,165176,ED,MURRAY ST,2,0,0,,0,0,236,0,0,60.0,64.0,74.9,57.5,74.3,26.7,0,1,0,0,,33.3,1,0,0,0.0,0,0,0,0,0,0,45,45,2,6,4,33,0,0,24,21,0,1,2,0,0,1,0,0,0,
Justus Johnson,165185,CB,MURRAY ST,11,5,0,66.0,0,0,236,0,0,72.0,72.0,84.4,50.5,70.3,76.7,0,1,0,0,64,9.1,4,4,0,97.9,35,0,0,39,368,248,463,6,0,0,6,0,9,457,6,209,40,10,35,0,53,1,1,439,184,12.5
Jkobe Jones,165186,S,MURRAY ST,1,0,0,,0,0,236,0,0,,60.0,66.0,,60.0,,0,0,0,0,,,0,0,0,0.0,0,0,0,0,2,0,2,0,0,0,0,0,0,2,0,2,0,0,0,0,0,0,0,0,0,
Japhet Mubenga,165192,ED,MURRAY ST,2,1,0,,0,0,236,0,0,60.0,56.8,77.7,53.5,59.8,28.6,1,2,0,0,,33.3,2,0,0,0.0,0,0,0,0,0,0,67,67,2,17,23,25,0,0,42,25,0,2,3,1,0,3,0,0,0,
Malachi Williams,165203,LB,MURRAY ST,1,0,0,,0,0,236,0,0,,60.0,60.0,,60.0,,0,0,0,0,,,0,0,0,0.0,0,0,0,0,0,0,1,0,0,0,0,0,0,1,0,1,0,0,0,0,0,0,0,0,0,
Caldra Williford,165205,CB,MURRAY ST,4,0,0,71.4,0,0,236,0,0,73.4,71.7,78.2,53.4,60.0,78.4,0,1,0,0,11,0.0,0,0,0,74.7,5,0,0,5,0,41,48,1,0,0,1,0,1,47,4,3,41,3,3,0,7,1,0,22,19,4.4
Amario Wilson,165207,ED,MURRAY ST,2,0,0,,0,0,236,0,0,,58.0,68.9,56.8,60.2,,0,0,0,0,,,0,0,0,0.0,0,0,0,0,0,0,4,4,0,0,2,2,0,0,2,2,0,0,0,0,0,0,0,0,0,
Ethan Hewitt,165209,DI,TENN TECH,3,1,0,,0,0,309,0,0,,61.4,73.1,54.3,64.7,27.8,0,1,0,0,,50.0,1,0,0,0.0,0,0,0,0,0,0,19,19,0,19,0,0,0,0,8,11,0,0,0,0,0,1,0,0,0,
Marcus Heard Jr.,165216,S,DAVIDSON,10,6,0,73.3,0,0,149,0,0,68.3,66.8,16.9,53.9,68.7,71.4,1,1,0,1,30,10.0,3,1,2,68.2,11,0,0,111,8,143,232,18,0,0,18,0,0,214,12,77,95,11,21,3,15,2,0,118,44,10.7
Amare Hill,165218,CB,DAVIDSON,8,0,0,57.1,0,0,149,0,0,70.3,72.4,78.9,,76.1,65.9,0,0,0,0,12,12.5,1,1,0,72.3,4,0,0,5,107,66,112,0,0,0,0,0,0,112,0,46,0,3,7,0,7,0,0,38,14,9.5
Josiah Jackson,165219,DI,DAVIDSON,5,0,0,,0,0,149,0,0,,66.9,74.9,65.6,64.0,,0,3,0,0,,,0,0,0,0.0,0,0,0,0,0,0,30,30,2,28,0,0,0,0,12,18,0,0,0,0,0,3,0,0,0,
Mikah Kent,165221,DI,DAVIDSON,7,3,0,,0,0,149,1,0,59.3,75.8,81.5,70.4,75.3,47.2,2,8,0,0,,21.4,3,0,0,0.0,0,3,0,0,0,1,133,133,54,38,39,2,0,0,70,62,0,10,8,1,0,13,0,0,0,
T.J. Magee,165223,CB,DAVIDSON,4,0,0,0.0,0,0,149,0,0,68.5,64.0,74.9,59.2,46.0,21.7,0,0,0,1,,100.0,1,0,0,0.0,0,0,0,6,34,26,40,0,0,0,0,0,0,40,1,13,0,0,0,0,1,0,0,0,0,
Dominic Njoku,165225,S,DAVIDSON,10,5,0,35.7,0,0,149,0,0,62.4,64.2,84.2,,66.9,68.4,0,0,0,0,47,16.0,4,0,1,61.0,5,0,0,73,4,187,310,0,0,0,0,0,146,310,0,123,87,4,16,0,14,0,0,98,24,19.6
Camron Willis,165233,LB,DAVIDSON,11,5,1,60.9,0,0,149,0,0,61.5,55.0,40.2,61.4,47.5,63.9,0,2,0,1,38,12.1,4,0,1,77.4,14,1,0,255,4,159,364,47,0,6,39,2,0,317,45,160,57,13,24,0,23,3,1,156,101,11.1
Chase Brown,165238,ED,DAYTON,2,0,0,,0,0,150,0,0,,62.7,73.0,54.4,66.3,30.2,0,1,0,0,,50.0,1,0,0,0.0,0,0,0,0,0,0,9,9,0,0,8,1,0,0,4,5,0,1,1,0,0,1,0,0,0,
Jayson Harris-Woodard,165245,ED,DAYTON,1,0,0,,0,0,150,0,0,,58.4,67.3,58.3,,,0,0,0,0,,,0,0,0,0.0,0,0,0,0,0,0,2,2,0,0,2,0,0,0,2,0,0,0,0,0,0,0,0,0,0,
Luke Mitchell,165253,S,DAYTON,1,0,0,,0,0,150,0,0,,60.1,60.0,,60.0,,0,0,0,0,,,0,0,0,0.0,0,0,0,0,0,0,1,0,0,0,0,0,0,1,0,1,0,0,0,0,0,0,0,0,0,
Alijah Brown,165265,ED,SAN DIEGO,1,0,0,,0,0,283,0,0,,52.0,71.8,58.9,55.0,,0,0,0,0,,,0,0,0,0.0,0,0,0,0,0,0,7,7,0,0,7,0,0,0,2,5,0,0,0,0,0,0,0,0,0,
Jack Hemmert,165270,DI,SAN DIEGO,9,1,0,,0,0,283,0,0,60.0,57.5,83.3,61.2,53.3,74.0,0,2,0,0,,16.7,1,0,0,0.0,0,1,0,0,0,0,131,131,74,53,2,2,0,0,72,59,0,5,4,1,0,3,0,0,0,
Ruben Lopez,165277,S,SAN DIEGO,2,1,0,57.1,0,0,283,0,0,75.5,74.4,77.7,61.0,66.3,85.1,0,1,0,1,11,0.0,0,1,0,31.5,4,0,0,21,0,46,76,5,0,0,5,0,12,71,9,21,38,3,8,0,7,1,0,36,27,9.0
Hunter Lysholm,165278,ED,SAN DIEGO,1,0,0,,0,0,283,0,0,,64.5,69.1,,63.0,,0,0,0,0,,,0,0,0,0.0,0,0,0,0,0,0,5,5,0,0,3,2,0,0,0,5,0,0,0,0,0,0,0,0,0,
Ezekiel Swayne,165290,CB,SAN DIEGO,1,0,0,0.0,0,0,283,0,0,65.5,66.1,72.3,,60.9,26.9,0,0,0,0,,100.0,1,0,0,39.6,0,0,0,0,16,6,16,0,0,0,0,0,0,16,0,10,0,0,0,0,1,0,0,0,0,
Xavier Van,165291,WR,SAN DIEGO,1,0,0,,0,0,283,0,0,,60.0,60.0,,60.0,,0,0,0,0,,,0,0,0,0.0,0,0,0,0,0,0,1,0,0,0,0,0,0,1,0,1,0,0,0,0,0,0,0,0,0,
Hreinson Vanover,165292,DI,SAN DIEGO,1,0,0,,0,0,283,0,0,,64.9,70.0,59.4,64.2,69.7,0,0,0,0,,0.0,0,0,0,0.0,0,0,0,0,0,0,7,7,0,7,0,0,0,0,2,5,0,0,1,0,0,0,0,0,0,
Andrew Young,165293,ED,SAN DIEGO,1,0,0,,0,0,283,0,0,60.0,61.3,67.3,58.9,,71.1,0,0,0,0,,0.0,0,0,0,0.0,0,0,0,0,0,0,2,2,0,0,2,0,0,0,2,0,0,0,1,0,0,0,0,0,0,
Ryan Calcagno,165299,S,STTHOM,9,0,0,66.7,0,0,1129,0,0,47.5,45.8,0.0,70.0,52.3,36.0,0,1,0,0,28,33.3,2,0,2,109.7,2,0,0,13,0,26,41,0,0,0,0,0,9,41,0,15,19,2,4,0,3,1,0,43,14,21.5
Logan Cassady,165301,CB,STTHOM,1,0,0,,0,0,1129,0,0,63.5,64.3,70.3,,60.0,,0,0,0,0,,,0,0,0,0.0,0,0,0,0,8,4,8,0,0,0,0,0,0,8,0,4,0,0,0,0,0,0,0,0,0,
Brody Kallman,165310,DI,STTHOM,1,0,0,,0,0,1129,0,0,,60.1,64.7,,60.0,,0,0,0,0,,,0,0,0,0.0,0,0,0,0,0,0,1,1,0,1,0,0,0,0,0,1,0,0,0,0,0,0,0,0,0,
Luis Miranda,165314,ED,STTHOM,1,0,0,,0,0,1129,0,0,,62.7,66.3,,60.9,,0,0,0,0,,,0,0,0,0.0,0,0,0,0,0,0,2,2,0,2,0,0,0,0,0,2,0,0,0,0,0,0,0,0,0,
Mark O'Reilly,165317,DI,STTHOM,11,2,1,,0,0,1129,0,0,63.6,69.5,83.1,69.3,64.3,69.5,4,11,0,0,,9.1,1,0,0,0.0,0,3,0,1,0,1,357,356,26,183,24,123,0,1,202,154,0,8,8,2,0,18,0,0,0,
Sanjay Redd,165321,CB,STTHOM,5,0,0,33.3,0,0,1129,0,0,53.7,47.0,0.0,46.1,58.0,63.8,0,1,0,0,11,20.0,1,0,1,45.1,1,0,0,7,31,18,38,0,0,0,0,0,0,38,1,19,0,1,4,0,3,1,0,11,0,11.0
Mitchell Schares,165323,CB,STTHOM,1,0,0,,0,0,1129,0,0,,60.0,61.7,,60.0,,0,0,0,0,,,0,0,0,0.0,0,0,0,1,0,0,1,0,0,0,0,0,0,1,0,1,0,0,0,0,0,0,0,0,0,
Ryan Sever,165324,LB,STTHOM,8,1,0,100.0,0,0,1129,0,0,49.4,61.7,77.4,60.9,73.4,73.6,0,6,0,0,22,7.7,1,0,0,118.8,4,1,0,108,1,46,114,4,0,0,4,0,0,110,30,38,1,10,11,2,4,7,0,56,30,14.0
Evan Tyler,165328,DI,STTHOM,4,2,0,,0,0,1129,0,0,60.6,65.1,75.8,59.6,61.0,49.8,1,0,0,0,,20.0,1,0,0,0.0,0,0,0,0,0,0,46,46,1,33,1,11,0,0,28,18,0,0,2,0,0,1,0,0,0,
Rohan Goulbourne,165339,DI,STETSON,3,0,0,,0,0,302,0,0,,47.7,0.0,58.2,58.7,66.5,0,0,0,0,,0.0,0,0,1,0.0,0,0,0,0,0,0,14,14,13,1,0,0,0,0,6,8,0,0,1,0,0,0,0,0,0,
Daniel Marsh,165345,ED,STETSON,1,0,0,,0,0,302,0,0,,59.2,66.6,59.0,,,0,0,0,0,,,0,0,0,0.0,0,0,0,0,0,0,2,2,0,0,0,2,0,0,2,0,0,0,0,0,0,0,0,0,0,
Chachi Perez,165348,S,STETSON,1,0,0,,0,0,302,0,0,60.0,64.0,70.0,,62.8,76.4,0,0,0,0,,0.0,0,0,0,0.0,0,0,0,0,0,1,8,0,0,0,0,0,8,8,0,7,0,0,1,0,0,0,0,0,0,
Hale Prior,165349,LB,STETSON,1,0,0,,0,0,302,0,0,,60.0,63.5,,60.0,,0,0,0,0,,,0,0,0,0.0,0,0,0,0,1,0,1,0,0,0,0,0,0,1,0,1,0,0,0,0,0,0,0,0,0,
Ezekiel Romero,165352,DI,STETSON,8,1,0,,0,0,302,0,0,,60.3,79.1,65.7,56.7,76.7,0,3,0,0,,0.0,0,0,0,0.0,0,0,0,0,0,0,99,99,10,49,7,33,0,0,33,66,0,4,5,2,0,3,0,0,0,
Brysson Stouffer,165356,ED,STETSON,9,1,0,,1,0,302,0,0,,64.8,20.4,63.7,67.2,76.2,0,3,0,0,,0.0,0,0,1,0.0,0,0,0,0,0,0,107,107,1,7,39,60,0,0,63,44,0,3,3,0,0,3,0,0,0,
Akim Abdur-Rahim,165362,CB,VALPO,1,0,0,,0,0,332,0,0,60.0,61.8,66.9,,60.0,,0,0,0,0,,,0,0,0,0.0,0,0,0,1,0,1,4,0,0,0,0,0,0,4,0,3,3,0,0,0,0,0,0,0,0,
Wade Abrams,165363,LB,VALPO,2,0,0,100.0,0,0,332,0,0,64.1,57.7,70.1,47.1,60.0,41.2,0,1,0,0,17,50.0,1,0,0,118.8,1,0,0,9,0,9,12,0,0,0,0,0,0,12,2,1,3,1,1,0,1,1,0,17,3,17.0
Frank Bartell,165365,CB,VALPO,1,0,0,,0,0,332,0,0,,60.0,64.5,,60.0,,0,0,0,0,,,0,0,0,0.0,0,0,0,1,0,0,2,0,0,0,0,0,1,2,0,2,0,0,0,0,0,0,0,0,0,
Logan Chastain,165367,DI,VALPO,12,11,0,,1,0,332,0,0,58.7,72.9,33.7,70.1,75.4,50.6,3,10,0,0,,13.8,4,0,2,0.0,0,2,0,0,0,4,355,355,30,314,0,11,0,0,180,171,0,12,14,0,0,15,0,0,0,
Owen Cherry,165368,S,VALPO,2,0,0,,0,0,332,0,0,65.5,65.7,70.2,,60.1,76.4,0,0,0,0,,0.0,0,0,0,0.0,0,0,0,4,0,10,13,0,0,0,0,0,7,13,0,3,2,1,1,0,0,0,0,0,0,
Connor Dickson,165372,CB,VALPO,1,0,0,,0,0,332,0,0,,60.0,63.7,,60.0,,0,0,0,0,,,0,0,0,0.0,0,0,0,0,0,0,1,0,0,0,0,0,1,1,0,1,0,0,0,0,0,0,0,0,0,
Amar Elmore,165374,ED,VALPO,4,0,0,,0,1,332,0,0,60.5,75.0,77.1,82.4,50.6,71.1,0,2,0,0,,,0,0,0,0.0,0,1,0,0,0,5,42,42,0,0,33,9,0,0,29,8,0,1,0,0,0,3,0,0,0,
Matthew Francisco,165376,DI,VALPO,1,0,0,,0,0,332,0,0,,60.1,64.7,,60.0,,0,0,0,0,,,0,0,0,0.0,0,0,0,0,0,0,1,1,0,1,0,0,0,0,0,1,0,0,0,0,0,0,0,0,0,
Alex Goworowski,165378,DI,VALPO,1,0,0,,0,0,332,0,0,,63.3,67.8,,60.0,71.5,0,0,0,0,,0.0,0,0,0,0.0,0,0,0,0,0,0,2,2,0,0,2,0,0,0,0,2,0,0,1,0,0,0,0,0,0,
Jon Henderson,165380,CB,VALPO,1,0,0,,0,0,332,0,0,,60.0,68.2,,60.0,,0,0,0,0,,,0,0,0,0.0,0,0,0,0,1,0,2,1,0,0,1,0,0,1,0,2,0,0,0,0,0,0,0,0,0,
Christian Hilton,165383,ED,VALPO,1,0,0,,0,0,332,0,0,,60.5,64.4,,60.0,,0,0,0,0,,,0,0,0,0.0,0,0,0,0,0,0,1,1,0,1,0,0,0,0,0,1,0,0,0,0,0,0,0,0,0,
Silas Mathis,165392,S,VALPO,1,0,0,100.0,0,0,332,0,0,51.8,49.5,69.8,,60.0,,0,0,0,0,8,,0,0,0,139.6,1,0,0,0,0,2,5,0,0,0,0,0,2,5,0,3,3,0,0,0,1,0,1,8,0,8.0
Matt Molnar,165394,ED,VALPO,1,0,0,,0,0,332,0,0,,58.9,68.5,58.9,60.0,,0,0,0,0,,,0,0,0,0.0,0,0,0,0,0,0,3,3,0,0,3,0,0,0,1,2,0,0,0,0,0,0,0,0,0,
Niko Paic,165396,DI,VALPO,1,0,0,,0,0,332,0,0,,51.8,68.8,59.9,55.8,68.7,0,0,0,0,,0.0,0,0,0,0.0,0,0,0,0,0,0,4,4,1,3,0,0,0,0,1,3,0,1,1,1,0,0,0,0,0,
Jake Paulline,165397,DI,VALPO,3,0,0,,0,0,332,0,0,,50.7,71.0,58.0,52.8,,0,0,0,0,,,0,0,0,0.0,0,0,0,0,0,0,10,10,0,10,0,0,0,0,4,6,0,0,0,0,0,0,0,0,0,
Chase Randall,165398,DI,VALPO,7,0,0,,0,0,332,0,0,,55.5,74.8,53.5,58.8,22.7,0,0,0,0,,50.0,1,0,0,0.0,0,0,0,0,0,0,30,30,2,26,2,0,0,0,16,14,0,1,1,0,0,0,0,0,0,
Ahmad Ross,165419,ED,HAMPTON,2,0,0,,0,0,178,0,0,,66.7,69.7,66.1,60.2,,0,0,0,0,,,0,0,0,0.0,0,0,0,1,0,0,5,4,0,0,4,0,0,1,2,3,0,0,0,0,0,0,0,0,0,
Cam Sturdifen,165423,S,HAMPTON,3,3,0,100.0,0,0,178,0,0,63.9,58.5,0.0,58.2,57.2,76.5,0,0,0,0,16,7.7,1,1,1,116.7,2,0,0,30,17,37,118,44,0,0,43,1,13,74,5,76,14,4,9,0,2,0,0,24,2,12.0
Daniel Ufua,165427,LB,HAMPTON,1,0,0,,0,0,178,0,0,,60.0,64.2,,60.0,,0,0,0,0,,,0,0,0,0.0,0,0,0,1,0,0,1,0,0,0,0,0,0,1,0,1,0,0,0,0,0,0,0,0,0,
Zanjerry Dunham,165435,LB,SCAR STATE,7,4,0,60.0,0,0,290,0,0,71.0,69.7,10.9,61.7,70.0,73.3,0,1,0,0,13,9.5,2,1,1,65.4,3,0,0,32,0,41,150,55,0,0,55,0,0,95,13,96,62,7,15,1,5,1,0,16,20,5.3
Moses Umoren,165440,DI,SCAR STATE,1,0,0,,0,0,290,0,0,,51.3,73.2,57.8,51.6,,0,0,0,0,,,0,0,0,0.0,0,0,0,0,0,0,20,20,0,20,0,0,0,0,6,14,0,0,0,0,0,0,0,0,0,
Jaeon Allen,165446,CB,SCAR STATE,1,0,0,,0,0,290,0,0,,60.0,67.3,,60.0,,0,0,0,0,,,0,0,0,0.0,0,0,0,0,3,0,3,0,0,0,0,0,0,3,0,3,0,0,0,0,0,0,0,0,0,
Jadin Jones,165449,LB,SCAR STATE,7,2,0,100.0,0,1,290,0,0,58.1,60.9,75.5,76.5,59.1,72.8,0,3,0,0,23,7.1,1,0,1,158.3,2,0,0,117,0,35,120,2,0,0,2,0,0,118,4,81,1,10,11,0,2,3,1,25,25,12.5
Marquis Bradley,165450,CB,SCAR STATE,2,0,0,100.0,0,0,290,0,0,65.3,65.9,73.5,,62.2,76.4,0,0,0,0,15,0.0,0,0,0,89.6,2,0,0,3,26,14,29,0,0,0,0,0,0,29,0,15,0,1,2,1,2,0,0,11,12,5.5
Kwantre' Harry,165453,TE,SCAR STATE,1,0,0,,0,0,290,0,0,60.0,41.9,64.8,,47.8,73.2,0,0,0,0,,0.0,0,0,0,0.0,0,0,0,3,0,1,3,0,0,0,0,0,0,3,0,2,0,1,1,0,0,0,0,0,0,
Tamorye Thompson,165454,DI,SCAR STATE,2,0,0,,0,0,290,0,0,,51.0,71.4,58.9,52.6,18.2,1,0,0,0,,100.0,1,0,0,0.0,0,0,0,0,0,0,8,8,0,5,3,0,0,0,2,6,0,0,0,0,0,1,0,0,0,
Karrlen Waymyers,165455,ED,SCAR STATE,1,0,0,,0,0,290,0,0,,70.3,70.0,69.5,60.0,71.5,0,0,0,0,,,0,0,0,0.0,0,1,0,0,0,0,4,4,0,0,4,0,0,0,2,2,0,1,0,0,0,1,0,0,0,
Ashaad Hall,165457,ED,SCAR STATE,10,0,0,,0,0,290,0,0,60.0,50.1,80.0,53.6,49.2,48.1,0,0,0,0,,28.6,2,0,0,0.0,0,0,0,0,0,0,65,65,0,0,57,8,0,0,25,40,0,4,5,2,0,0,0,0,0,
Ricardo Sprinkle,165458,DI,SCAR STATE,1,1,0,,0,0,290,0,0,,86.4,70.1,83.8,66.1,70.2,0,1,0,0,,0.0,0,0,0,0.0,0,0,0,0,0,0,7,7,0,7,0,0,0,0,3,4,0,0,0,0,0,1,0,0,0,
Jordan Watkins,165459,S,SCAR STATE,7,0,0,66.7,0,0,290,0,0,47.8,46.7,84.6,,43.7,27.0,0,0,0,0,55,46.2,6,0,0,146.2,8,0,0,24,1,82,194,7,0,0,7,0,66,187,0,112,96,2,7,0,12,0,2,141,108,17.6
Carnell Jones,165461,ED,SCAR STATE,2,0,0,,0,0,290,0,0,,60.8,76.7,55.4,63.5,,0,0,0,0,,,0,0,0,0.0,0,0,0,0,0,0,27,27,0,3,24,0,0,0,11,16,0,0,0,0,0,0,0,0,0,
Micaiah Settles,165462,DI,SCAR STATE,10,6,0,,0,0,290,0,0,,62.0,82.2,53.9,64.9,37.2,0,2,0,0,,21.1,4,0,0,0.0,0,1,0,3,0,0,216,213,50,163,0,0,0,3,89,127,0,5,9,1,0,3,0,0,0,
Jamal McKinney,165463,ED,SCAR STATE,9,1,0,,1,1,290,1,0,60.0,68.7,0.0,64.8,72.6,70.9,0,3,0,0,,10.0,1,0,2,0.0,0,2,0,0,0,0,118,118,0,0,114,4,0,0,53,65,0,10,8,6,0,5,0,0,0,
Javon Davis,165649,CB,MCNEESE,10,7,0,56.7,0,1,217,0,0,63.8,64.6,89.3,75.5,57.3,62.1,0,4,0,0,27,21.6,8,4,0,103.5,17,1,0,21,3,231,464,7,0,0,7,0,1,457,14,219,431,10,22,5,30,5,3,150,76,8.8
Nick Williams,165657,DI,NICHOLLS,3,1,0,,0,0,243,0,0,60.0,50.4,76.6,56.6,49.1,73.2,0,0,0,0,,0.0,0,0,0,0.0,0,0,0,0,0,0,47,47,9,37,0,1,0,0,18,29,0,0,2,0,0,0,0,0,0,
Matthew Broad,165659,LB,NWSTATE,2,0,0,,0,0,257,0,0,61.3,28.9,69.9,,26.0,20.0,0,0,0,0,,100.0,1,0,0,0.0,0,0,0,11,0,4,11,0,0,0,0,0,0,11,0,7,0,0,0,0,0,0,0,0,0,
Greg Carter,165664,DI,TXAMEA,1,0,0,,0,0,1139,0,0,,62.9,68.5,,61.8,,0,0,0,0,,,0,0,0,0.0,0,0,0,0,0,0,4,4,0,4,0,0,0,0,0,4,0,0,0,0,0,0,0,0,0,
Torami Dixon Jr.,165667,ED,TXAMEA,1,0,0,,0,0,1139,0,0,,89.3,71.3,64.5,80.4,76.5,0,1,0,0,,0.0,0,0,0,0.0,0,0,0,0,0,0,6,6,0,0,6,0,0,0,1,5,0,4,4,0,0,1,0,0,0,
Davotrick Dotrey,165668,CB,TXAMEA,1,0,0,50.0,0,0,1139,0,0,75.3,75.4,75.6,,60.4,77.2,0,0,0,0,7,0.0,0,1,0,58.3,1,0,0,1,1,16,22,0,0,0,0,0,0,22,0,6,20,1,2,0,2,0,0,7,10,7.0
Javotrick Dotrey,165669,S,TXAMEA,2,0,0,,0,0,1139,0,0,61.6,63.9,70.2,,61.8,,0,0,0,0,,,0,0,0,0.0,0,0,0,6,0,3,10,0,0,0,0,0,3,10,0,7,1,0,0,0,0,0,0,0,0,
Levi Drake Rodriguez,165670,DI,TXAMEA,11,9,0,,1,0,1139,0,0,60.8,76.7,57.1,65.2,82.4,56.8,0,8,0,0,,12.9,4,0,2,0.0,0,3,0,1,0,3,346,343,6,312,3,22,0,3,192,151,0,16,18,2,0,11,0,0,0,
George Gipson Jr.,165672,CB,TXAMEA,1,0,0,,0,0,1139,0,0,60.9,56.6,72.9,,53.6,,0,0,0,0,,,0,0,0,0.0,0,0,0,2,0,2,11,0,0,0,0,0,0,11,0,9,9,0,0,0,0,0,0,0,0,
Alex Bowman Jr.,165685,ED,ABILENE CH,1,0,0,,0,0,100,0,0,,58.5,69.5,58.3,60.0,,0,0,0,0,,,0,0,0,0.0,0,0,0,0,0,0,3,3,0,0,3,0,0,0,2,1,0,0,0,0,0,0,0,0,0,
Sean Dubose,165687,ED,ABILENE CH,2,0,0,,0,0,100,0,0,,59.4,0.0,71.4,60.0,,0,1,0,0,,,0,0,1,0.0,0,0,0,0,0,0,6,6,0,0,6,0,0,0,5,1,0,0,0,0,0,1,0,0,0,
Darius Moore,165695,LB,ABILENE CH,10,12,0,75.0,0,0,100,0,0,57.3,61.5,82.8,68.1,61.3,84.9,0,2,0,0,54,4.5,2,0,0,117.1,15,1,0,354,2,166,380,14,0,0,14,0,0,366,33,181,9,17,30,1,20,3,1,172,142,11.5
David Oke,165696,DI,ABILENE CH,10,3,0,,0,1,100,0,0,60.0,62.3,80.7,64.6,61.1,77.2,0,5,0,0,,0.0,0,0,0,0.0,0,1,0,0,0,0,185,185,1,152,6,26,0,0,101,84,0,3,3,1,0,6,0,0,0,
Reese Young,165701,LB,ABILENE CH,8,8,0,76.9,0,0,100,0,0,57.4,66.9,79.2,70.5,72.4,70.8,0,1,0,0,17,10.0,4,0,0,88.9,10,1,0,199,0,109,213,2,0,1,0,1,0,211,10,94,12,19,28,3,13,2,0,71,38,7.1
Jared Fotu,165707,LB,UTAHTC,9,3,0,100.0,0,0,1285,1,0,41.5,50.8,0.0,59.1,63.7,33.8,1,1,0,0,17,26.7,8,0,1,109.5,7,0,0,156,0,66,169,3,0,0,3,0,1,166,11,92,9,12,19,2,7,2,0,72,65,10.3
Tu'i Hala,165711,DI,UTAHTC,8,2,0,,0,0,1285,0,0,62.5,59.0,77.5,58.0,54.8,51.6,0,1,0,0,,12.5,1,0,0,0.0,0,1,0,1,0,0,81,80,2,70,2,6,0,1,42,39,0,4,5,1,0,2,0,0,0,
Will Alovao,165718,ED,UTAHTC,3,0,0,,0,0,1285,0,0,60.0,71.1,75.9,66.7,68.5,29.9,1,1,0,0,,100.0,1,0,0,0.0,0,1,0,1,0,1,33,32,0,0,31,1,0,1,19,13,0,0,0,0,0,3,0,0,0,
Mackavelli Malotumau,165722,DI,UTAHTC,9,5,0,,0,0,1285,0,0,59.6,55.5,80.6,61.8,50.8,55.7,2,4,0,0,,20.0,2,0,0,0.0,0,2,0,0,0,0,156,156,18,132,1,5,0,0,81,75,0,3,3,1,0,8,0,0,0,
Antonio Mayes,165723,CB,UTAHTC,10,7,0,48.6,0,0,1285,0,0,72.1,72.7,1.3,,79.0,80.2,0,0,0,0,40,7.3,3,4,3,72.6,18,0,0,16,486,293,534,2,0,0,2,0,6,532,0,241,24,6,31,1,37,0,0,266,82,14.8
Fasitootai Sagapolu,165731,DI,UTAHTC,11,1,0,,0,0,1285,0,0,60.0,62.8,81.5,51.4,70.7,56.1,0,3,0,0,,14.3,1,0,0,0.0,0,0,0,0,0,0,219,219,22,188,0,9,0,0,121,98,0,4,5,0,0,3,0,0,0,
Jaxson Smith,165732,CB,UTAHTC,1,0,0,0.0,0,0,1285,0,0,53.3,47.7,66.8,,,,0,0,0,0,,,0,0,0,39.6,0,0,0,0,0,2,2,0,0,0,0,0,0,2,0,0,2,0,0,0,1,0,0,0,0,
TJ Talamoni-Marcks,165734,DI,UTAHTC,3,0,0,,0,0,1285,0,0,,60.5,75.3,62.9,58.1,70.2,0,1,0,0,,0.0,0,0,0,0.0,0,0,0,0,0,0,31,31,4,27,0,0,0,0,14,17,0,0,1,0,0,1,0,0,0,
Ricky Wolfgramm,165738,DI,UTAHTC,1,0,0,,0,0,1285,0,0,60.0,63.8,71.9,61.1,60.7,71.3,0,1,0,0,,0.0,0,0,0,0.0,0,0,0,0,0,0,11,11,3,4,1,3,0,0,8,3,0,0,1,0,0,1,0,0,0,
Zyon Clark,165747,S,LAMAR,3,1,0,,0,0,204,0,0,62.1,71.9,72.9,,75.2,81.8,0,0,0,0,,0.0,0,0,0,0.0,0,0,0,9,0,4,21,0,0,0,0,0,11,21,0,17,1,2,3,0,0,0,0,0,0,
Braden Courtney,165749,ED,LAMAR,2,1,0,100.0,0,0,204,0,0,,62.2,76.3,56.9,65.2,76.2,0,0,0,0,7,0.0,0,0,0,95.8,1,0,0,0,0,0,40,40,0,2,23,15,0,0,23,17,0,2,3,0,1,0,0,7,6,7.0
Dwight Davis,165750,S,LAMAR,4,2,0,60.0,0,0,204,0,0,55.7,53.6,82.7,63.0,43.5,58.5,0,1,0,1,43,17.6,3,0,0,89.2,6,0,0,21,1,107,171,0,0,0,0,0,82,171,1,63,67,5,12,1,10,1,1,104,16,17.3
Brayden Faulkner,165754,LB,LAMAR,6,2,0,66.7,0,0,204,1,0,67.4,65.9,77.1,56.1,64.5,47.6,0,0,0,0,18,25.0,2,1,0,99.3,2,0,0,71,0,26,74,3,0,0,3,0,0,71,16,32,0,3,4,0,3,0,0,30,22,15.0
Ryan Harris,165759,LB,LAMAR,1,0,0,,0,0,204,0,0,60.4,54.4,71.3,,53.3,73.1,0,0,0,0,,0.0,0,0,0,0.0,0,0,0,3,0,2,9,3,0,0,3,0,0,6,0,7,3,1,1,0,0,0,0,0,0,
Greg Hookfin,165762,ED,LAMAR,9,4,0,0.0,0,0,204,0,0,66.9,61.4,84.3,54.3,61.2,81.3,0,1,0,0,,0.0,0,0,0,39.6,0,0,0,3,0,17,111,98,0,0,98,0,0,13,47,47,10,2,4,1,1,1,0,0,0,
Aaron King,165765,CB,LAMAR,9,3,0,52.6,0,0,204,0,0,69.5,69.1,82.1,,62.3,68.0,0,0,1,1,67,13.3,2,2,1,106.7,10,0,0,13,257,137,277,0,0,0,0,0,1,277,0,140,5,0,10,0,19,0,2,217,76,21.7
Max McAda,165768,CB,LAMAR,1,0,0,,0,0,204,0,0,,60.6,70.4,57.4,61.9,,0,0,0,0,,,0,0,0,0.0,0,0,0,0,0,0,8,8,0,0,3,5,0,0,4,4,0,0,0,0,0,0,0,0,0,
Du'Wayne Paulhill Jr.,165771,S,LAMAR,4,6,0,33.3,0,0,204,0,0,68.6,66.6,80.5,59.5,61.5,56.5,0,0,0,0,7,19.2,5,2,0,42.4,1,0,0,35,0,54,119,0,0,0,0,0,55,119,2,63,29,2,15,0,3,0,0,7,0,7.0
Kristian Pugh,165772,S,LAMAR,8,8,0,61.1,0,1,204,0,0,74.4,70.2,87.1,54.5,56.2,48.8,0,0,0,0,28,20.0,7,2,0,79.4,11,0,0,95,2,229,427,2,0,0,2,0,165,425,3,195,161,8,20,1,18,0,0,114,85,10.4
Blaise Tita,165778,LB,LAMAR,7,3,1,90.0,0,1,204,0,0,62.7,64.9,28.7,67.0,66.6,39.3,0,1,0,0,49,22.6,7,0,1,143.8,9,1,0,60,0,78,218,86,0,0,86,0,0,132,23,117,71,12,21,4,10,2,1,105,105,11.7
Darion White,165781,LB,LAMAR,1,0,0,100.0,0,0,204,0,0,81.6,88.7,66.1,,60.0,75.8,0,0,0,0,-1,0.0,0,0,0,79.2,1,0,0,5,0,4,5,0,0,0,0,0,0,5,0,1,0,2,2,1,1,0,0,-1,0,-1.0
Sir Zollocoffer,165785,S,LAMAR,1,1,0,,0,0,204,0,0,60.2,58.7,70.3,,58.0,76.1,0,0,0,0,,0.0,0,0,0,0.0,0,0,0,9,0,2,9,0,0,0,0,0,0,9,0,7,0,1,1,0,0,0,0,0,0,
Joshua Acord,165789,LB,SO UTAH,1,1,0,,0,0,298,0,0,,66.9,67.5,,64.8,73.1,0,0,0,0,,0.0,0,0,0,0.0,0,0,0,3,0,0,3,0,0,0,0,0,0,3,0,3,0,0,0,0,0,0,0,0,0,
Julian Amituanai,165791,ED,SO UTAH,4,0,0,,0,0,298,0,0,,59.2,76.9,53.8,62.5,71.5,0,0,0,0,,0.0,0,0,0,0.0,0,0,0,0,0,0,39,39,1,2,33,3,0,0,14,25,0,1,1,1,0,0,0,0,0,
Kobe Carter,165796,CB,SO UTAH,1,0,0,,0,0,298,0,0,,60.4,60.1,,60.0,,0,0,0,0,,,0,0,0,0.0,0,0,0,0,0,0,2,0,0,0,0,0,0,2,0,2,0,0,0,0,0,0,0,0,0,
Tyrese Dore,165800,LB,SO UTAH,10,4,0,80.0,0,0,298,0,0,55.9,57.9,80.0,60.8,59.2,87.4,2,1,0,0,27,0.0,0,0,0,157.9,4,0,0,64,3,64,155,30,0,0,30,0,1,125,14,77,56,7,12,2,5,3,1,62,28,15.5
Josh Dunn,165801,S,SO UTAH,11,14,0,80.6,1,1,298,0,0,64.9,60.5,50.1,58.8,54.6,45.1,0,3,0,1,74,20.9,14,3,1,120.0,29,0,0,244,3,272,535,47,0,0,47,0,2,488,27,236,239,18,39,1,36,3,2,401,231,13.8
Jack Fairchild,165802,WR,SO UTAH,2,0,0,,0,0,298,0,0,,60.8,60.1,,60.1,,0,0,0,0,,,0,0,0,0.0,0,0,0,0,0,0,3,0,0,0,0,0,0,3,0,3,0,0,0,0,0,0,0,0,0,
Brendan Hale,165803,S,SO UTAH,1,0,0,,0,0,298,0,0,85.5,80.4,73.0,,62.8,,0,0,0,1,,,0,0,0,0.0,0,0,0,0,0,4,21,0,0,0,0,0,18,21,0,17,2,0,0,0,0,0,0,0,0,
Quadir Lockett-Smith,165809,CB,SO UTAH,10,0,0,54.1,0,1,298,0,0,63.7,64.3,0.0,59.5,75.6,68.4,0,0,0,1,48,12.0,3,4,3,73.1,20,0,0,14,419,258,448,7,0,0,7,0,0,441,1,189,4,8,22,1,37,0,1,251,79,12.6
Josh Lopez,165810,ED,SO UTAH,6,2,0,,0,0,298,0,0,63.2,75.7,78.6,68.6,74.6,80.3,0,1,0,0,,0.0,0,0,0,0.0,0,1,0,24,0,8,67,43,0,0,36,7,0,24,18,41,0,5,4,0,0,2,0,0,0,
Justin Mitchell,165813,S,SO UTAH,5,0,0,,0,0,298,0,0,,62.1,67.7,,62.0,,0,0,0,0,,,0,0,0,0.0,0,0,0,4,0,0,15,0,0,0,0,0,6,15,0,15,0,0,0,0,0,0,0,0,0,
Payton Payne,165815,DI,SO UTAH,10,6,0,,1,0,298,0,0,58.6,69.9,64.8,69.9,67.8,80.6,1,13,0,0,,0.0,0,0,1,0.0,0,4,0,0,0,3,422,422,117,305,0,0,0,0,238,181,0,12,10,3,0,18,0,0,0,
Anisi Purcell,165819,DI,SO UTAH,3,0,0,,0,0,298,0,0,60.0,85.8,76.6,87.2,75.4,74.3,0,5,0,0,,0.0,0,0,0,0.0,0,1,0,0,0,1,60,60,0,51,2,7,0,0,25,34,0,3,3,1,0,6,0,0,0,
Julian Sanderlin,165820,ED,SO UTAH,11,4,1,,0,1,298,1,0,57.3,71.6,84.1,70.1,70.1,54.5,0,10,0,0,,18.8,3,0,0,0.0,0,3,0,0,0,1,260,260,0,1,227,32,0,0,138,121,0,9,9,1,0,13,0,0,0,
Malakai Dudek,166533,DI,FURMAN,3,0,0,,0,0,170,0,0,,78.0,74.0,64.0,79.9,74.5,0,0,0,0,,0.0,0,0,0,0.0,0,1,0,0,0,0,25,25,1,15,2,7,0,0,16,9,0,4,3,1,0,1,0,0,0,
Waverly Brooks,166537,DI,CITADEL,1,0,0,,0,0,139,0,0,,74.5,69.8,,69.1,,0,0,0,0,,,0,0,0,0.0,0,0,0,0,0,0,4,4,4,0,0,0,0,0,0,4,0,0,0,0,0,0,0,0,0,
Benny Radicia,166546,LB,WOFFORD,8,1,0,100.0,0,0,350,0,0,56.0,59.0,79.9,52.3,64.1,73.2,1,0,0,0,8,10.0,1,0,0,100.0,1,0,0,76,0,31,100,15,0,0,15,0,0,85,12,57,9,6,8,1,1,1,0,8,3,8.0
Devon Banks,166605,CB,BRYANT,1,0,0,100.0,0,0,124,0,0,67.6,68.0,74.2,,61.1,74.2,0,0,0,0,6,0.0,0,0,0,91.7,1,0,0,2,27,21,29,0,0,0,0,0,0,29,0,8,0,0,1,0,1,0,0,6,1,6.0
Eddie Jackson III,166617,CB,BRYANT,2,1,0,66.7,0,0,124,0,0,53.4,56.9,74.2,,68.2,58.6,0,0,0,0,24,16.7,1,0,0,109.7,2,0,0,7,33,21,40,0,0,0,0,0,0,40,0,19,0,0,4,0,3,0,0,38,1,19.0
Beau Shugarts,166619,DI,BRYANT,7,0,0,,0,0,124,0,0,,63.1,76.3,63.9,59.2,,0,1,0,0,,,0,0,0,0.0,0,0,0,0,0,0,47,46,7,37,1,1,0,1,34,13,0,0,0,0,0,1,0,0,0,
Sean Coverdale,166674,ED,MARIST,10,1,0,,0,0,213,0,0,,50.5,20.9,64.4,46.1,33.0,0,2,0,0,,25.0,1,0,1,0.0,0,0,0,0,0,0,109,109,1,13,53,42,0,0,47,62,0,1,2,0,0,2,0,0,0,
Nick Vecchiarelli,166685,S,MARIST,4,3,0,100.0,0,0,213,0,0,43.4,58.0,71.9,,75.6,83.0,0,0,0,0,56,0.0,0,0,0,118.8,1,0,0,9,2,7,20,0,0,0,0,0,6,20,0,13,3,2,3,0,1,0,0,56,19,56.0
Suraj Fong,166686,CB,MARIST,4,0,0,0.0,0,0,213,0,0,73.5,69.5,75.5,,47.9,27.5,0,0,0,0,,50.0,1,1,0,39.6,0,0,0,5,41,31,47,1,0,0,1,0,0,46,0,16,0,0,1,0,2,0,0,0,0,
Rechee Smith,166697,CB,MARIST,8,0,0,80.0,0,0,213,0,0,60.2,61.2,76.5,,62.8,67.3,0,0,0,0,40,16.7,1,0,0,110.8,4,0,0,12,56,34,69,0,0,0,0,0,0,69,0,35,1,2,5,1,5,0,0,53,5,13.3
Amir Proctor,166700,CB,MARIST,6,0,0,60.0,0,0,213,0,0,74.3,74.5,78.3,,67.9,79.8,0,0,0,0,25,0.0,0,0,0,87.1,3,0,0,8,93,62,104,2,0,0,2,0,0,102,0,42,0,0,4,0,5,0,0,42,6,14.0
Anthony Comestro,166702,LB,MARIST,1,1,0,,0,1,213,0,0,64.0,73.4,71.9,57.1,75.1,78.1,0,0,0,0,,0.0,0,0,0,0.0,0,0,0,30,0,10,30,0,0,0,0,0,0,30,2,18,0,1,2,0,0,0,0,0,0,
Sam Anthony,166994,S,ARKAPB,6,6,0,42.9,0,0,112,0,0,57.2,54.8,83.1,,50.0,46.4,0,0,0,0,27,24.1,7,0,0,108.9,3,0,0,62,5,90,227,0,0,0,0,0,97,227,0,137,61,3,16,0,7,0,1,53,36,17.7
Laprel Boyd,166996,CB,ARKAPB,11,5,0,65.2,0,0,112,0,0,58.3,60.9,17.0,68.6,70.4,75.5,1,0,0,1,44,6.3,1,1,3,110.0,15,0,0,33,267,147,320,3,0,0,3,0,0,317,1,172,17,2,10,0,23,1,3,177,73,11.8
Ralph Covington,166998,ED,ARKAPB,1,0,0,,0,0,112,0,0,,62.8,71.4,59.8,62.0,71.5,0,0,0,0,,0.0,0,0,0,0.0,0,0,0,0,0,0,6,6,0,0,4,2,0,0,2,4,0,0,1,0,0,0,0,0,0,
R.J Evans,167002,DI,ARKAPB,11,7,0,,0,0,112,0,0,61.8,68.4,82.7,56.3,70.9,69.3,1,1,0,0,,10.0,3,0,0,0.0,0,0,0,0,0,0,295,295,72,179,4,40,0,0,121,174,0,14,20,0,0,2,0,0,0,
Grant Ewell Jr.,167003,CB,ARKAPB,11,18,1,83.3,0,0,112,0,0,54.1,55.8,87.3,59.8,56.4,39.3,1,1,0,0,35,23.3,21,2,0,117.7,30,0,0,180,16,264,629,75,0,0,75,0,16,554,27,338,342,19,51,5,36,2,1,361,205,12.0
Mekhi Ferrell,167004,ED,ARKAPB,1,0,0,,0,0,112,0,0,,51.5,71.7,66.3,48.5,,0,1,0,0,,,0,0,0,0.0,0,0,0,0,0,0,9,9,0,2,6,1,0,0,4,5,0,0,0,0,0,1,0,0,0,
Marc Flemming,167005,ED,ARKAPB,9,2,0,,0,0,112,0,0,60.0,53.1,84.0,51.6,55.0,40.7,0,3,0,0,,25.0,2,0,0,0.0,0,1,0,1,0,1,154,153,0,2,145,6,0,1,76,77,0,1,4,0,0,4,0,0,0,
Jewel Fletcher,167006,CB,ARKAPB,3,0,0,0.0,0,0,112,0,0,70.9,68.6,75.1,,59.7,38.8,0,0,0,0,,33.3,1,1,0,39.6,0,0,0,0,36,12,36,0,0,0,0,0,0,36,0,24,0,2,2,0,3,0,0,0,0,
Rene Holguin,167011,S,ARKAPB,5,2,0,50.0,0,0,112,0,0,63.7,62.7,87.0,,60.5,71.6,0,0,0,0,11,10.0,1,0,0,66.7,1,0,0,19,0,16,54,0,0,0,0,0,25,54,0,38,9,3,7,0,2,0,0,11,0,11.0
Rocky Jack,167013,DI,ARKAPB,1,0,0,,0,0,112,0,0,,62.4,70.4,59.9,61.3,,0,0,0,0,,,0,0,0,0.0,0,0,0,0,0,0,5,5,1,4,0,0,0,0,2,3,0,0,0,0,0,0,0,0,0,
Tyree Johnson,167014,LB,ARKAPB,3,2,0,,0,0,112,0,0,62.6,62.2,76.5,57.7,61.5,57.4,0,0,0,0,,14.3,1,0,0,0.0,0,0,0,22,0,6,28,5,0,0,5,0,0,23,2,20,1,3,4,0,0,0,0,0,0,
Kenji Lewis,167016,WR,ARKAPB,2,0,0,,0,0,112,0,0,,60.4,60.1,,60.0,,0,0,0,0,,,0,0,0,0.0,0,0,0,0,0,0,2,0,0,0,0,0,0,2,0,2,0,0,0,0,0,0,0,0,0,
Mike Riley,167021,LB,ARKAPB,6,3,0,66.7,0,0,112,0,1,64.0,67.4,75.7,59.9,68.2,84.1,0,0,0,0,15,0.0,0,0,0,74.3,2,0,0,48,0,25,64,2,0,0,2,0,0,62,1,38,12,5,7,2,3,0,0,12,5,6.0
Lance Smith,167025,HB,ARKAPB,1,0,0,,0,0,112,0,0,,60.1,60.0,,60.0,,0,0,0,0,,,0,0,0,0.0,0,0,0,0,0,0,1,0,0,0,0,0,0,1,0,1,0,0,0,0,0,0,0,0,0,
Isaiah Ward,167027,ED,ARKAPB,7,4,0,,0,0,112,0,0,60.4,73.4,47.8,68.9,74.8,62.8,2,4,0,0,,13.0,3,0,1,0.0,0,1,0,5,0,9,220,213,16,8,157,32,0,7,79,132,2,10,16,4,0,7,0,0,0,
Kyre Williams,167030,S,ARKAPB,10,12,0,65.2,0,0,112,1,0,59.8,54.3,86.8,55.8,45.3,34.6,0,0,0,0,35,26.7,20,1,0,125.7,15,0,0,292,5,266,565,5,0,0,5,0,147,560,5,294,116,13,43,2,23,0,3,164,124,10.9
Jessie Alincy,167033,DI,BETH COOK,5,0,0,,0,0,119,0,0,,53.1,75.4,64.4,49.9,72.2,0,0,0,0,,0.0,0,0,0,0.0,0,0,0,0,0,0,33,33,3,26,1,3,0,0,9,24,0,1,2,0,0,0,0,0,0,
Darius Baker,167034,G,BETH COOK,1,0,0,,0,0,119,0,0,,59.9,66.8,60.0,60.0,,0,0,0,0,,,0,0,1,0.0,0,0,0,0,0,0,2,2,0,1,1,0,0,0,1,1,0,0,0,0,0,0,0,0,0,
Isaiah Doby,167040,S,BETH COOK,2,0,0,,0,0,119,0,0,62.2,58.6,73.9,,55.1,74.9,0,0,0,0,,0.0,0,0,0,0.0,0,0,0,7,0,5,12,3,0,0,3,0,0,9,0,7,1,1,2,0,0,0,0,0,0,
Devin Harrell,167046,LB,BETH COOK,4,4,0,100.0,0,0,119,0,0,38.4,41.7,73.4,59.1,49.6,29.4,0,0,0,0,61,30.8,4,0,0,118.8,6,0,0,93,0,38,102,1,0,0,1,0,0,101,1,63,7,4,5,1,6,0,0,112,102,18.7
Demetrius Hudson,167048,LB,BETH COOK,6,9,0,100.0,0,0,119,0,0,66.9,51.1,0.0,55.9,43.1,53.7,0,2,0,0,16,21.1,8,0,1,112.5,6,0,0,139,0,59,149,6,0,0,6,0,0,143,4,86,4,8,21,0,6,2,0,66,58,11.0
Jaquan Jackson,167049,CB,BETH COOK,9,5,0,41.2,0,0,119,1,0,68.8,66.2,28.3,74.6,57.1,72.6,0,0,0,0,29,11.1,2,5,1,100.2,7,1,0,26,165,147,380,10,0,0,10,0,22,370,2,231,157,3,11,1,17,1,3,99,18,14.1
Jerrold Pough,167058,CB,BETH COOK,10,2,0,40.9,0,0,119,0,0,72.1,67.8,23.6,54.3,54.1,68.9,0,0,0,1,17,13.0,3,2,1,34.1,9,0,0,21,327,181,375,4,0,0,4,0,22,371,5,189,0,1,18,0,22,0,0,89,26,9.9
Stephen Sparrow,167062,CB,BETH COOK,3,0,0,100.0,0,0,119,0,0,54.1,54.4,71.5,60.0,60.0,74.8,0,0,0,0,14,0.0,0,0,0,118.8,1,0,0,0,0,4,8,0,0,0,0,0,0,8,1,3,6,0,1,0,1,0,0,14,3,14.0
Tavoris Wilkins,167065,LB,BETH COOK,1,1,0,100.0,0,0,119,0,0,42.2,29.1,72.0,,30.1,22.7,0,0,0,0,7,66.7,2,0,0,95.8,1,0,0,14,0,10,16,0,0,0,0,0,0,16,0,6,2,0,0,0,1,0,0,7,14,7.0
Frank Wilson,167067,DI,BETH COOK,7,1,0,,0,0,119,0,0,,63.2,29.0,58.8,66.8,76.3,0,2,0,0,,0.0,0,0,1,0.0,0,1,0,0,0,0,135,135,13,107,4,11,0,0,58,77,0,5,5,1,0,3,0,0,0,
Jackson Barry,167069,LB,JACKSON ST,1,0,0,,0,0,194,0,0,60.0,74.7,68.3,,70.9,73.2,0,0,0,0,,0.0,0,0,0,0.0,0,0,0,4,0,1,4,0,0,0,0,0,0,4,0,3,0,1,1,0,0,0,0,0,0,
Cole Cucitrone,167072,LB,JACKSON ST,3,0,0,,0,0,194,0,0,61.4,65.5,69.3,60.0,65.5,73.6,0,0,0,0,,0.0,0,0,0,0.0,0,0,0,13,0,5,13,0,0,0,0,0,0,13,1,7,0,0,1,0,0,0,0,0,0,
Bradley Lewis,167086,ED,GRAMBLING,2,1,0,,0,0,177,0,0,,59.8,78.4,53.9,65.4,29.9,0,1,0,0,,50.0,1,0,0,0.0,0,0,0,0,0,0,47,47,0,1,46,0,0,0,26,21,0,0,0,0,0,1,0,0,0,
Kevin Thomas Jr.,167103,S,GRAMBLING,10,5,0,70.4,0,0,177,0,0,57.5,58.8,54.1,59.5,61.5,46.4,1,2,0,1,86,21.9,14,3,1,121.9,19,1,0,255,3,345,698,35,0,0,35,0,295,663,20,333,109,18,45,2,27,4,4,240,137,12.6
Meldon Capurs,167107,DI,GRAMBLING,1,1,0,,0,0,177,0,0,,71.0,74.9,64.1,68.4,72.4,0,1,0,0,,0.0,0,0,0,0.0,0,0,0,0,0,0,13,13,4,9,0,0,0,0,7,6,0,1,1,0,0,1,0,0,0,
Norey Johnson,167110,S,GRAMBLING,6,2,0,66.7,0,0,177,0,0,66.6,63.3,82.5,66.5,50.6,74.2,0,0,0,0,47,8.3,1,0,0,149.3,2,1,0,23,1,77,136,6,0,0,6,0,82,130,3,56,24,3,9,0,3,1,1,55,1,27.5
Robert Wilson,167113,CB,GRAMBLING,1,1,0,,0,0,177,0,0,60.0,64.1,76.7,,64.8,74.8,0,0,0,0,,0.0,0,0,0,0.0,0,0,0,0,0,1,13,1,0,0,1,0,0,12,0,12,12,0,0,0,0,0,0,0,0,
Terrion Morgan,167117,DI,GRAMBLING,5,0,0,,0,0,177,0,0,,67.8,75.7,65.5,65.1,26.4,1,1,0,0,,33.3,1,0,0,0.0,0,0,0,0,0,0,34,34,3,30,0,1,0,0,17,17,0,2,2,0,0,2,0,0,0,
Xavier Cousar,167120,DI,GRAMBLING,8,4,0,,0,0,177,0,0,60.0,61.9,82.8,65.1,60.3,34.3,2,3,0,0,,25.0,3,0,0,0.0,0,1,0,0,0,0,189,189,51,134,2,2,0,0,90,99,0,5,5,1,0,6,0,0,0,
Travis Pearson II,167124,CB,PRVIEW A&M,5,0,0,100.0,0,0,270,0,0,54.8,51.8,78.7,,41.5,46.9,0,0,0,1,50,25.0,1,0,0,118.8,5,0,0,3,100,48,103,0,0,0,0,0,0,103,0,55,0,0,3,0,5,0,1,105,39,21.0
Joshua Short,167129,CB,SOUTHERN U,8,2,0,85.7,0,0,297,0,0,57.5,60.6,81.4,69.4,64.7,32.8,0,0,0,0,13,30.8,4,0,0,101.2,6,0,0,25,2,71,143,8,0,0,8,0,2,135,3,69,106,3,7,0,7,0,0,58,42,9.7
Ja'sion Greathouse,167137,ED,SOUTHERN U,4,0,0,,0,0,297,0,0,,65.2,79.9,62.5,64.5,73.9,0,2,0,0,,0.0,0,0,0,0.0,0,1,0,0,0,0,55,55,0,1,54,0,0,0,36,19,0,2,1,0,0,3,0,0,0,
Marcus Malvoisin,167139,CB,SOUTHERN U,4,0,0,20.0,0,0,297,0,0,68.0,68.7,76.7,,65.7,28.1,0,0,0,0,1,50.0,1,1,0,39.6,1,0,0,0,48,25,48,0,0,0,0,0,0,48,0,23,0,0,1,0,5,0,0,1,5,1.0
Jalan Campbell,167140,LB,SOUTHERN U,12,19,0,67.6,0,1,297,1,0,52.3,66.9,84.2,86.6,65.7,64.8,5,21,0,0,53,15.0,15,2,0,94.3,25,4,0,651,0,343,671,13,0,0,13,0,1,658,64,264,6,45,66,8,37,30,1,239,176,9.6
Christopher Bess,167147,DI,SOUTHERN U,1,0,0,,0,0,297,0,0,,71.0,69.8,57.9,67.9,,0,0,0,0,,,0,0,0,0.0,0,0,0,0,0,0,7,7,0,4,0,3,0,0,3,4,0,0,0,0,0,0,0,0,0,
Ckelby Givens,167148,ED,SOUTHERN U,12,9,1,,0,1,297,1,0,61.5,76.2,48.0,64.0,87.5,75.7,1,8,0,0,,9.4,3,0,2,0.0,0,6,0,0,0,1,423,423,0,6,412,5,0,0,252,170,0,22,20,4,0,15,0,0,0,
Willie Miles,167149,DI,SOUTHERN U,9,5,0,,1,0,297,0,0,,63.7,0.0,60.6,76.6,78.9,0,2,0,0,,0.0,0,0,4,0.0,0,1,0,0,1,0,127,126,43,78,0,5,0,1,67,60,0,5,7,2,0,3,0,0,0,
Xavier Potts,167150,DI,SOUTHERN U,4,2,0,,0,0,297,0,0,,59.4,76.6,64.3,54.0,71.9,0,1,0,0,,0.0,0,0,0,0.0,0,0,0,0,0,0,51,51,2,45,1,3,0,0,32,19,0,0,0,0,0,1,0,0,0,
Danny Jackson,167151,DI,SOUTHERN U,2,0,0,,0,1,297,0,0,61.1,74.7,73.9,68.4,68.1,72.2,0,1,0,0,,0.0,0,0,0,0.0,0,0,0,0,0,0,23,23,2,16,0,5,0,0,11,12,0,1,1,0,0,1,0,0,0,
Joshua Donald,167152,DI,SOUTHERN U,10,3,0,,0,0,297,0,0,59.4,75.5,35.2,70.4,78.4,61.7,1,7,0,0,,14.3,1,0,1,0.0,0,1,0,0,0,1,160,160,19,125,4,12,0,0,97,62,0,3,3,1,0,9,0,0,0,
Nahamani Harris,167154,CB,TEXAS STHN,9,2,0,46.2,0,1,313,0,0,43.6,49.4,80.7,,74.5,28.2,0,0,0,0,42,23.1,3,3,3,123.1,6,0,0,6,120,67,147,0,0,0,0,0,0,147,0,80,21,2,8,0,13,0,2,134,70,22.3
Aaron Richard,167645,ED,PRINCETON,1,0,0,,0,0,272,0,0,,58.5,71.4,58.1,60.0,,0,0,0,0,,,0,0,0,0.0,0,0,0,0,0,0,5,5,0,0,5,0,0,0,4,1,0,0,0,0,0,0,0,0,0,
Bakari Edwards,167646,ED,PRINCETON,2,1,0,,0,0,272,0,0,,61.5,68.3,59.1,60.5,71.1,0,0,0,0,,0.0,0,0,0,0.0,0,0,0,0,0,0,3,3,0,1,2,0,0,0,2,1,0,0,0,0,0,0,0,0,0,
Charlie Lingon,167647,DI,PRINCETON,1,0,0,,0,0,272,0,0,,59.6,68.8,58.7,60.0,,0,0,0,0,,,0,0,0,0.0,0,0,0,0,0,0,5,5,0,5,0,0,0,0,4,1,0,0,0,0,0,0,0,0,0,
Tanner Mehrens,167648,DI,PRINCETON,1,0,0,,0,0,272,0,0,,59.4,65.2,59.2,,,0,0,0,0,,,0,0,0,0.0,0,0,0,0,0,0,2,2,0,0,0,2,0,0,2,0,0,0,0,0,0,0,0,0,0,
Jack DelGarbino,167649,DI,PRINCETON,1,0,0,,0,0,272,0,0,,70.9,68.6,68.6,60.5,70.2,0,1,0,0,,0.0,0,0,0,0.0,0,0,0,0,0,0,4,4,0,4,0,0,0,0,3,1,0,1,1,0,0,1,0,0,0,
Nasir Hill,167650,S,PRINCETON,1,0,0,,0,0,272,0,0,65.5,65.0,69.9,,,76.2,0,0,0,0,,0.0,0,0,0,0.0,0,0,0,0,0,7,7,0,0,0,0,0,7,7,0,0,0,0,1,0,0,0,0,0,0,
Sekou Roland,167657,LB,PRINCETON,1,0,0,,0,0,272,0,0,,59.4,68.1,59.3,,,0,0,0,0,,,0,0,0,0.0,0,0,0,0,0,0,2,2,0,0,2,0,0,0,2,0,0,0,0,0,0,0,0,0,0,
D'Shawn Jones,167664,CB,PRINCETON,1,0,0,,0,0,272,0,0,,60.0,65.7,,60.0,,0,0,0,0,,,0,0,0,0.0,0,0,0,0,0,0,1,1,0,0,1,0,0,0,0,1,0,0,0,0,0,0,0,0,0,
Solomon Williams,167667,CB,PRINCETON,1,0,0,,0,0,272,0,0,61.4,62.2,66.0,,,,0,0,0,0,,,0,0,0,0.0,0,0,0,0,0,2,2,0,0,0,0,0,0,2,0,0,2,0,0,0,0,0,0,0,0,
Glenie Cross III,167668,CB,PRINCETON,9,0,0,50.0,0,0,272,0,0,64.1,65.9,78.9,,75.4,74.7,0,0,0,1,12,9.1,1,0,0,24.7,6,0,0,10,111,89,123,0,0,0,0,0,1,123,0,34,0,3,10,0,12,0,0,45,11,7.5
Marco Scarano,167670,S,PRINCETON,6,2,0,71.4,0,0,272,0,0,52.6,60.5,86.2,70.9,70.5,32.0,1,1,0,0,12,30.0,3,1,0,86.6,5,0,0,13,2,35,69,19,0,1,18,0,6,50,11,23,28,4,5,0,7,2,0,42,32,8.4
Jerry Parra,167672,S,ALAB A&M,1,0,0,,0,0,104,0,0,,50.6,66.7,,53.0,21.8,0,0,0,0,,100.0,1,0,0,0.0,0,0,0,0,0,0,2,0,0,0,0,0,1,2,0,2,1,0,0,0,0,0,0,0,0,
Avian Rice,168336,S,ALAB A&M,11,9,0,53.8,0,0,104,0,0,60.2,60.3,17.6,75.1,59.4,43.4,4,3,0,2,39,23.8,15,3,3,82.7,14,1,0,232,14,353,599,21,0,0,21,0,226,578,16,230,105,11,39,3,26,8,3,183,133,13.1
Kristopher Wilkins,168337,DI,ALAB A&M,3,1,0,,0,0,104,0,0,,41.5,75.9,57.5,36.6,72.2,0,1,0,0,,0.0,0,0,0,0.0,0,0,0,1,0,0,47,46,3,33,1,9,0,1,23,24,0,1,1,0,0,1,0,0,0,
Detrick Jones,168340,DI,MS VLY ST,11,6,0,,0,1,228,0,0,60.0,59.8,43.5,58.0,63.7,43.7,1,2,0,0,,20.0,4,0,2,0.0,0,0,0,1,0,0,386,384,181,202,1,0,0,2,227,159,0,9,10,1,0,3,0,0,0,
Olen Tucker,168343,CB,ALAB A&M,2,0,0,100.0,0,0,104,0,0,49.5,50.7,73.9,,62.0,28.1,0,0,0,0,22,50.0,1,0,0,118.8,3,0,0,3,24,19,27,0,0,0,0,0,0,27,0,8,0,0,1,0,3,0,0,54,46,18.0
Abdural Lee,168345,S,MS VLY ST,9,5,0,81.8,0,0,228,0,0,50.2,46.4,82.8,60.0,36.6,39.6,0,0,0,2,30,24.4,11,1,0,73.9,18,0,0,88,7,182,315,2,0,0,2,0,155,313,1,132,63,10,29,2,22,0,1,158,76,8.8
Thomas Douglas,168348,ED,ALAB A&M,7,3,0,,0,1,104,0,0,68.4,69.9,9.0,66.2,73.0,66.7,5,4,0,0,,15.4,2,0,2,0.0,0,4,0,23,0,8,179,155,8,3,133,11,0,24,89,82,0,9,8,2,0,13,0,0,0,
Jai Barnes,168353,DI,GARD-WEBB,10,2,0,,0,0,171,0,0,51.4,38.7,81.7,57.5,34.4,42.2,0,1,0,0,,25.0,1,0,0,0.0,0,0,0,0,0,0,92,92,58,34,0,0,0,0,53,39,0,1,1,0,0,1,0,0,0,
Demetrie Morgan,168355,ED,ALAB A&M,2,0,0,0.0,0,0,104,0,0,60.0,52.9,74.5,56.1,62.7,73.4,0,0,0,0,,0.0,0,0,0,39.6,0,0,0,0,0,1,24,24,0,0,17,7,0,0,7,16,0,1,2,0,1,0,0,0,0,
Ryan Williams,168357,ED,ALAB A&M,2,0,0,,0,0,104,0,0,,50.0,72.9,60.0,51.2,,0,0,0,0,,,0,0,0,0.0,0,0,0,0,0,0,12,12,0,1,7,4,0,0,1,11,0,0,0,0,0,0,0,0,0,
Rudy Holland,168360,DI,MERRIMACK,11,2,0,,0,0,385,1,0,,69.8,32.9,70.5,68.7,76.0,1,1,0,0,,0.0,0,0,1,0.0,0,0,0,0,0,0,154,154,29,123,0,2,0,0,68,86,0,3,4,0,0,2,0,0,0,
Julian Sampson,168410,CB,STETSON,2,1,0,60.0,0,0,302,0,0,57.9,52.4,0.0,66.8,47.5,23.6,0,0,0,0,11,50.0,2,1,1,76.3,3,0,0,1,26,16,27,0,0,0,0,0,0,27,0,11,0,0,1,0,5,0,0,29,23,9.7
KJ Scott,168411,LB,MORGAN ST,6,1,0,40.0,0,0,235,0,0,57.6,39.1,0.0,47.7,34.0,23.5,0,2,0,0,6,50.0,7,0,1,47.9,2,0,0,63,0,34,71,0,0,0,0,0,0,71,3,34,8,3,6,2,5,2,0,6,7,3.0
Blake Cotton,168412,CB,UC DAVIS,10,1,1,40.0,0,0,322,0,0,53.9,57.9,82.2,89.3,65.3,57.1,0,0,0,0,37,17.6,3,1,2,78.2,12,0,0,13,254,142,270,2,0,0,2,0,1,268,2,126,0,1,13,0,30,0,1,228,73,19.0
Chaunzavia Lewis,168416,HB,TEXAS STHN,1,0,0,,0,0,313,0,0,,60.0,60.0,,60.0,,0,0,0,0,,,0,0,0,0.0,0,0,0,0,0,0,2,0,0,0,0,0,0,2,0,2,0,0,0,0,0,0,0,0,0,
DeKalon Taylor,168419,WR,INCAR WORD,1,0,0,,0,0,189,0,0,,60.0,60.0,,60.0,,0,0,0,0,,,0,0,0,0.0,0,0,0,0,0,0,2,0,0,0,0,0,0,2,0,2,0,0,0,0,0,0,0,0,0,
Reginald Barnes,168421,DI,MORGAN ST,10,0,0,,0,0,235,0,0,60.0,54.1,27.0,59.1,56.3,59.3,0,1,0,0,,14.3,1,0,1,0.0,0,0,0,0,0,0,122,122,45,77,0,0,0,0,64,58,0,4,6,1,0,1,0,0,0,
Jordan Jeudy,168430,DI,MORGAN ST,8,2,0,,0,0,235,0,0,70.7,62.8,77.6,59.8,58.0,57.2,0,2,0,0,,14.3,1,0,0,0.0,0,0,0,0,0,0,60,60,8,46,0,6,0,0,26,34,0,3,4,0,0,2,0,0,0,
Arturo Mattocks,168434,LB,MORGAN ST,6,2,0,,0,0,235,0,0,64.4,74.9,75.5,54.2,82.6,56.8,0,1,0,0,,25.0,1,0,0,0.0,0,0,0,53,0,19,61,0,0,0,0,0,0,61,7,35,8,1,1,0,0,1,0,0,0,
Deshawn Willoughby,168440,ED,MORGAN ST,6,2,0,,0,0,235,1,0,,65.0,76.8,58.1,67.5,73.4,0,2,0,0,,0.0,0,0,0,0.0,0,0,0,0,0,0,32,32,0,0,28,4,0,0,16,16,0,0,0,0,0,2,0,0,0,
Kole Wilson,168441,WR,INCAR WORD,1,0,0,,0,0,189,0,0,60.0,62.4,60.0,,,,0,0,0,0,,,0,0,0,0.0,0,0,0,0,0,1,1,0,0,0,0,0,0,1,0,0,0,0,0,0,0,0,0,0,0,
Alijah Muhammad,168448,S,TEXAS STHN,7,0,0,100.0,0,0,313,0,0,52.0,57.2,77.4,47.2,66.0,38.4,0,1,0,0,70,26.3,5,0,0,158.3,2,0,0,64,5,48,136,2,0,0,2,0,43,134,5,83,22,6,14,1,2,1,1,76,56,38.0
Malachi Bailey,168449,ED,ALCORN ST,11,0,0,,0,0,107,1,0,82.0,75.9,85.3,79.7,62.7,48.4,2,18,0,0,,21.7,5,0,0,0.0,0,11,0,0,0,1,371,371,1,26,202,142,0,0,193,177,0,23,18,1,0,31,0,0,0,
Santonial Rice,168450,ED,ALCORN ST,11,4,0,,0,0,107,0,0,73.3,68.5,51.5,61.3,70.4,84.4,0,4,0,0,,0.0,0,1,1,0.0,0,4,0,21,3,16,258,232,0,15,140,77,0,26,132,110,2,13,14,3,0,8,0,0,0,
Andrew Smith,168451,CB,ALCORN ST,11,3,0,61.1,0,1,107,0,0,74.8,73.5,83.9,60.0,61.8,65.2,0,0,1,1,24,15.9,7,2,0,73.0,22,0,0,25,436,261,471,1,0,0,1,0,0,470,1,209,9,14,34,3,36,0,1,193,64,8.8
Wallace Melton,168454,S,ALCORN ST,5,0,0,50.0,0,0,107,1,0,35.7,43.7,80.8,,60.0,57.7,0,0,0,0,23,18.2,2,0,0,113.2,3,0,0,71,0,71,151,0,0,0,0,0,45,151,0,80,35,2,9,0,6,0,1,43,26,14.3
Donte Thompson,168458,CB,INCAR WORD,14,1,0,43.9,0,1,189,0,0,81.9,80.5,21.6,59.2,71.8,51.4,0,0,0,1,37,23.1,9,9,5,58.7,25,0,0,21,718,414,774,3,0,0,3,0,5,771,1,359,27,11,29,3,57,0,1,295,127,11.8
DeJuan Lewis,168462,CB,PRVIEW A&M,9,5,0,55.6,0,0,270,1,0,73.1,63.2,1.0,64.2,46.6,42.8,2,1,0,1,12,24.4,11,0,2,44.0,10,0,0,106,3,185,382,35,0,0,35,0,2,347,16,181,234,9,29,2,18,3,0,81,58,8.1
Charles Gonzales,168463,ED,ALCORN ST,10,3,1,,0,0,107,1,0,68.1,48.5,40.9,61.3,35.8,25.7,0,8,0,0,,35.7,5,0,1,0.0,0,0,0,1,1,4,185,182,0,20,100,62,0,3,99,82,1,4,6,2,0,8,0,0,0,
Tait Deer,168465,DI,ALCORN ST,8,2,0,,0,0,107,0,0,60.5,62.7,78.9,68.6,56.0,76.0,1,1,0,0,,0.0,0,0,0,0.0,0,1,0,1,0,1,71,70,29,37,2,2,0,1,37,33,0,3,4,0,0,3,0,0,0,
Napoleon Collier,168467,CB,ALCORN ST,10,2,0,64.3,0,0,107,0,0,65.2,64.2,80.6,67.5,55.4,54.3,1,0,0,0,37,18.2,2,2,0,135.4,9,0,0,20,176,95,199,2,0,0,2,0,0,197,3,101,1,1,7,0,14,1,2,135,35,15.0
Jaquez Dew,168470,LB,ALCORN ST,3,1,0,,0,0,107,0,0,70.8,62.5,76.1,64.5,51.1,76.1,0,1,0,0,,0.0,0,0,0,0.0,0,0,0,31,0,9,35,3,0,0,3,0,0,32,4,22,1,1,1,0,0,1,0,0,0,
Scooter Baker,168471,LB,INCAR WORD,2,1,0,,0,0,189,0,0,62.6,71.1,71.5,72.3,65.6,80.2,0,0,0,0,,0.0,0,0,0,0.0,0,1,0,11,0,6,18,2,0,0,2,0,0,16,2,10,5,1,0,0,0,1,0,0,0,
Malik Giles,168476,CB,STETSON,1,0,0,,0,0,302,0,0,66.7,67.1,74.4,,60.4,,0,0,0,0,,,0,0,0,0.0,0,0,0,3,14,17,21,1,0,0,1,0,3,20,0,4,0,0,0,0,0,0,0,0,0,
Philip Gibson-Perry,168480,LB,SOUTHERN U,10,1,0,66.7,0,0,297,1,0,58.4,68.7,79.7,60.9,77.5,77.3,2,2,0,0,15,7.7,1,0,0,91.0,2,0,0,103,0,50,127,10,0,0,10,0,0,117,18,59,14,7,11,2,3,4,0,24,16,12.0
Kamaurja Kenney,168489,ED,ALCORN ST,11,1,0,,0,0,107,1,0,62.9,68.6,80.9,63.4,66.5,64.7,0,4,0,0,,16.7,1,0,0,0.0,0,2,0,0,0,1,152,152,0,7,74,71,0,0,77,74,0,4,4,1,0,6,0,0,0,
Aaron Reynolds,168490,S,INCAR WORD,6,1,0,75.0,0,0,189,0,0,48.7,59.8,79.5,71.1,74.8,72.0,0,0,0,1,13,10.0,1,0,1,52.1,3,1,0,6,0,44,87,3,0,0,3,0,75,84,2,41,2,3,8,2,4,1,0,26,1,8.7
Cole Parsley,168491,DI,UC DAVIS,2,0,0,,0,0,322,0,0,,63.2,69.0,,61.5,,0,0,0,0,,,0,0,0,0.0,0,0,0,0,0,0,4,4,1,3,0,0,0,0,0,4,0,0,0,0,0,0,0,0,0,
Trent Henry,168495,CB,GRAMBLING,9,4,0,50.0,0,0,177,0,0,53.7,54.1,0.0,,62.9,70.8,0,0,0,0,37,8.3,1,0,1,107.8,8,0,0,21,141,76,166,2,0,0,2,0,0,164,0,90,2,1,7,0,16,0,2,94,18,11.8
Kevin Deceus,168498,WR,BETH COOK,1,0,0,,0,0,119,0,0,,60.0,60.0,60.0,,,0,0,0,0,,,0,0,0,0.0,0,0,0,0,0,0,1,0,0,0,0,0,0,1,1,0,0,0,0,0,0,0,0,0,0,
Equandric Ross,168534,LB,ALCORN ST,4,1,0,50.0,0,0,107,0,0,63.7,74.5,75.3,82.5,65.3,54.5,2,3,0,0,15,25.0,1,0,0,75.0,1,2,0,56,0,25,60,2,0,0,2,0,0,58,12,23,2,3,2,0,2,7,0,15,15,15.0
Blanche Gold,168563,ED,MORGAN ST,5,0,0,,0,0,235,0,0,60.0,65.9,76.8,66.2,61.8,,0,1,0,0,,,0,0,0,0.0,0,0,0,0,0,1,27,27,0,0,26,1,0,0,12,14,0,0,0,0,0,1,0,0,0,
Darius Hampton,168566,ED,HOUCHR,1,0,0,,0,0,183,0,0,,40.6,0.0,59.8,60.0,,0,0,0,0,,,0,0,1,0.0,0,0,0,0,0,0,2,2,0,0,0,2,0,0,1,1,0,0,0,0,0,0,0,0,0,
Malik Hemmeian,168569,CB,MORGAN ST,3,0,0,100.0,0,0,235,0,0,71.6,71.8,74.4,,63.1,72.5,0,0,0,0,3,0.0,0,0,0,79.2,1,0,0,3,0,4,18,1,0,0,1,0,0,17,0,14,14,1,1,0,1,0,0,3,2,3.0
Keith Jenkins Jr.,168571,CB,MORGAN ST,3,0,0,0.0,0,0,235,0,0,66.0,66.3,79.0,,60.5,,0,0,0,0,,,0,0,0,39.6,0,0,0,0,6,16,23,0,0,0,0,0,0,23,0,7,17,0,0,0,1,0,0,0,0,
Maurice Crutchfield,168587,WR,MORGAN ST,1,0,0,,0,0,235,1,1,,60.2,60.0,,60.0,,0,0,0,0,,,0,0,0,0.0,0,0,0,0,0,0,1,0,0,0,0,0,0,1,0,1,0,0,0,0,0,0,0,0,0,
Ayo Meyers,168589,DI,MORGAN ST,2,1,0,,0,0,235,0,0,,76.2,75.3,58.8,76.0,72.0,0,0,0,0,,0.0,0,0,0,0.0,0,0,0,0,0,0,17,17,10,7,0,0,0,0,4,13,0,2,2,1,0,0,0,0,0,
Brandon King,168590,DI,MORGAN ST,4,0,0,,0,0,235,0,0,,52.1,0.0,55.7,61.3,70.2,0,0,0,0,,0.0,0,0,1,0.0,0,0,0,0,0,0,28,28,2,21,0,5,0,0,13,15,0,1,1,0,0,0,0,0,0,
Kendal Sims,168597,LB,MERRIMACK,7,0,0,0.0,0,0,385,0,0,64.6,61.1,76.5,69.9,53.9,38.7,0,0,0,0,,33.3,3,0,0,39.6,0,0,0,59,0,24,59,0,0,0,0,0,0,59,2,33,0,6,6,2,1,0,0,0,0,
Bryce Ricks,168601,DI,MERRIMACK,1,0,0,,0,0,385,0,0,,58.4,68.4,,59.2,,0,0,0,0,,,0,0,0,0.0,0,0,0,0,0,0,4,4,0,4,0,0,0,0,0,4,0,0,0,0,0,0,0,0,0,
Rajahn Cooper,168612,LB,MERRIMACK,1,0,0,,0,0,385,0,0,,59.8,61.7,59.1,,,0,0,0,0,,,0,0,0,0.0,0,0,0,1,0,0,1,0,0,0,0,0,0,1,1,0,0,0,0,0,0,0,0,0,0,
Cosey Scarebrook,168619,S,ROB MORRIS,6,3,0,60.0,0,0,277,0,0,63.3,61.9,85.5,58.0,57.8,48.8,0,1,1,1,49,24.1,7,2,0,94.9,9,1,0,101,1,137,284,11,0,0,11,0,81,273,4,143,90,8,19,1,15,2,1,174,101,19.3
Unknown Kennesaw D89,169017,DI,KENNESAW,2,0,0,,0,0,200,0,0,,56.1,74.1,56.8,57.0,,0,0,0,0,,,0,0,0,0.0,0,0,0,0,0,0,23,23,4,14,0,5,0,0,9,14,0,0,0,0,0,0,0,0,0,
KeShon Spraggins,169020,LB,TEXAS STHN,8,2,0,50.0,0,1,313,1,0,61.7,66.9,0.0,69.2,70.8,29.8,0,1,0,0,16,28.6,6,1,1,116.7,1,1,0,144,0,64,155,7,0,0,7,0,1,148,10,81,1,10,13,3,2,2,1,16,10,16.0
Charles George Jr.,169022,S,TEXAS STHN,10,8,0,50.0,0,1,313,1,0,55.2,55.4,84.0,61.8,54.1,26.9,0,0,0,2,42,39.5,15,0,0,62.5,6,1,0,173,9,223,464,13,0,0,13,0,220,451,9,232,49,7,15,0,12,1,1,88,33,14.7
Kerien Charlo,169023,WR,TEXAS STHN,1,0,0,,0,0,313,0,0,,60.0,60.0,,60.0,,0,0,0,0,,,0,0,0,0.0,0,0,0,0,0,0,2,0,0,0,0,0,0,2,0,2,0,0,0,0,0,0,0,0,0,
Josiah Hardman,169031,LB,TEXAS STHN,5,1,0,100.0,0,0,313,0,0,55.6,67.9,73.7,,78.5,83.0,0,0,0,0,9,0.0,0,0,0,104.2,1,0,0,9,0,6,18,0,0,0,0,0,0,18,0,12,7,1,2,1,1,0,0,9,2,9.0
Chris Ballard,169032,DI,ALCORN ST,10,4,2,,0,0,107,0,0,70.3,71.1,83.7,64.6,70.8,48.6,1,9,0,0,,23.1,3,0,0,0.0,0,4,0,1,0,2,274,273,79,74,38,82,0,1,154,118,0,9,6,1,0,14,0,0,0,
Unknown Alabama St D67,169034,ED,ALABAMA ST,1,0,0,,0,0,105,0,0,,54.6,72.6,60.0,55.2,,0,0,0,0,,,0,0,0,0.0,0,0,0,0,0,0,10,10,0,0,10,0,0,0,1,9,0,0,0,0,0,0,0,0,0,
Nick Cotton,169041,S,TEXAS STHN,8,3,0,80.0,0,0,313,0,0,58.3,57.6,83.2,,54.9,58.8,0,0,0,1,19,13.3,2,0,0,62.9,4,0,0,23,4,107,221,2,0,0,2,0,146,219,0,114,46,2,10,0,5,0,0,43,21,10.8
Brendin Benoit,169043,DI,NC CENT,6,1,0,,0,0,247,0,0,60.0,57.5,76.7,54.6,59.8,23.4,0,0,0,0,,66.7,2,0,0,0.0,0,0,0,0,0,0,60,60,3,57,0,0,0,0,36,24,0,0,0,0,0,0,0,0,0,
Randy Masters,169044,WR,TEXAS STHN,1,0,0,,0,0,313,0,0,,60.0,60.0,,60.0,,0,0,0,0,,,0,0,1,0.0,0,0,0,0,0,0,2,0,0,0,0,0,0,2,0,2,0,0,0,0,0,0,0,0,0,
Aleem Glass,169049,ED,ALAB A&M,1,0,0,,0,0,104,0,0,,61.2,71.2,56.7,62.8,71.5,0,0,0,0,,0.0,0,0,0,0.0,0,0,0,0,0,0,7,7,0,0,4,3,0,0,3,4,0,1,1,0,0,0,0,0,0,
Isaiah Bogerty,169054,LB,TEXAS STHN,10,11,0,88.9,0,0,313,0,0,52.3,55.0,79.8,59.7,56.7,50.3,0,0,0,0,18,22.2,10,0,0,100.5,8,1,0,243,0,112,275,29,0,0,29,0,0,246,27,136,3,12,24,1,9,1,0,73,64,9.1
Quintin Cook,169059,ED,TEXAS STHN,5,0,0,,0,0,313,0,0,60.0,72.8,76.1,58.4,66.9,71.5,0,1,0,0,,0.0,0,0,0,0.0,0,0,0,0,0,0,33,33,1,10,21,1,0,0,19,14,0,1,1,0,0,1,0,0,0,
Chad Peters,169060,S,ALCORN ST,4,3,0,50.0,0,0,107,0,0,55.5,60.4,75.9,,71.3,60.8,0,0,0,0,27,16.7,1,0,0,95.8,1,0,0,11,0,28,42,0,0,0,0,0,21,42,0,14,10,0,2,0,2,0,0,27,5,27.0
Cameron Stoudamire,169062,S,ALCORN ST,3,0,0,100.0,0,0,107,0,0,67.0,66.9,72.8,,61.1,79.8,0,0,0,0,8,0.0,0,0,0,100.0,1,0,0,8,0,7,17,0,0,0,0,0,5,17,0,10,4,0,2,0,1,0,0,8,2,8.0
Chris Joyce,169071,CB,JVILLE ST,2,0,0,,0,0,196,0,0,65.0,65.0,75.5,59.3,60.2,,0,0,0,0,,,0,0,0,0.0,0,0,0,0,12,9,17,3,0,0,3,0,0,14,1,7,2,0,0,0,0,0,0,0,0,
Ryan Davis,169116,LB,MS VLY ST,3,0,0,0.0,0,0,228,0,0,63.2,56.0,77.3,57.5,47.7,39.6,0,1,0,0,,28.6,2,0,0,39.6,0,0,0,62,0,35,66,3,0,0,3,0,0,63,3,28,1,3,5,0,1,1,0,0,0,
Hollis Robinson,169117,S,STF AUSTIN,2,0,0,,0,0,301,0,0,61.2,63.0,71.4,,62.0,,0,0,0,0,,,0,0,0,0.0,0,0,0,4,0,3,13,0,0,0,0,0,7,13,0,10,2,0,0,0,0,0,0,0,0,
Tommy Curtis,169126,LB,MS VLY ST,7,3,0,100.0,0,0,228,0,0,52.5,56.8,0.0,59.2,68.4,66.2,0,0,0,0,11,11.1,1,0,1,112.5,1,0,0,46,0,22,50,4,0,0,4,0,0,46,1,27,0,2,5,0,1,0,0,11,0,11.0
Xxavier Watson,169128,ED,PRVIEW A&M,8,0,0,100.0,0,0,270,1,1,,65.2,79.8,61.5,65.5,76.5,1,2,0,0,7,0.0,0,0,0,95.8,1,0,0,0,0,0,106,106,0,2,74,30,0,0,54,52,0,3,3,0,1,3,0,7,8,7.0
Michael Noubissi,169129,ED,PRVIEW A&M,1,0,0,,0,0,270,0,0,,55.8,72.2,56.6,57.6,71.1,0,0,0,0,,0.0,0,0,0,0.0,0,0,0,0,0,0,12,12,0,0,8,4,0,0,5,7,0,0,1,0,0,0,0,0,0,
Ejiro Egodogbare,169133,DI,YALE,9,6,1,,0,0,352,0,0,63.2,76.2,43.0,75.6,71.5,81.4,2,4,0,0,,0.0,0,0,1,0.0,0,1,0,0,0,1,202,202,16,182,1,3,0,0,109,92,0,13,16,2,0,7,0,0,0,
Unknown Yale D7,169135,LB,YALE,1,0,0,,0,0,352,0,0,,51.8,65.9,,54.8,,0,0,0,0,,,0,0,0,0.0,0,0,0,4,0,0,4,0,0,0,0,0,0,4,0,4,0,0,0,0,0,0,0,0,0,
Thomas Johnson,169137,ED,NC CENT,10,1,0,,0,1,247,1,0,60.0,72.2,56.0,71.0,73.5,38.8,0,12,0,0,,20.0,1,0,1,0.0,0,2,0,1,0,0,269,268,1,1,243,23,0,1,171,98,0,4,3,1,0,14,0,0,0,
Jadon Routt,169149,DI,PRVIEW A&M,2,0,0,,0,0,270,0,0,,55.4,73.4,64.7,52.1,71.1,0,1,0,0,,0.0,0,0,0,0.0,0,0,0,0,0,0,18,18,1,13,3,1,0,0,7,11,0,1,1,0,0,1,0,0,0,
Terphil Bien-Aime,169157,CB,ALAB A&M,3,0,0,,0,0,104,0,0,64.0,56.6,0.0,,61.7,,0,0,0,0,,,0,0,1,0.0,0,0,0,1,14,7,19,0,0,0,0,0,0,19,0,12,4,0,0,0,0,0,0,0,0,
Edgerrin Williams,169158,ED,INCAR WORD,3,1,0,,0,0,189,0,0,60.8,62.0,77.3,60.0,61.4,74.1,0,1,0,0,,0.0,0,0,0,0.0,0,0,0,2,0,3,33,28,0,0,26,2,1,5,13,17,2,1,1,0,0,1,0,0,0,
Caleb Hall,169171,S,TEXAS STHN,1,0,0,,0,0,313,0,0,60.5,63.9,70.4,,62.9,74.8,0,0,0,0,,0.0,0,0,0,0.0,0,0,0,1,0,2,7,0,0,0,0,0,5,7,0,5,1,0,1,0,0,0,0,0,0,
Unknown Stephen F. Austin 64,169180,ED,STF AUSTIN,1,0,0,,0,0,301,0,0,60.0,60.1,63.9,,,,0,0,0,0,,,0,0,0,0.0,0,0,0,0,0,1,1,0,0,0,0,0,0,1,0,0,1,0,0,0,0,0,0,0,0,
Deji Olabode,169187,LB,TEXAS STHN,1,1,0,,0,0,313,0,0,60.1,60.1,72.7,47.2,66.3,36.8,0,1,0,0,,33.3,2,0,0,0.0,0,0,0,10,0,2,12,2,0,0,2,0,0,10,1,9,0,3,3,1,0,1,0,0,0,
Jawonta Woodruff,169193,LB,MS VLY ST,1,0,0,100.0,0,0,228,0,0,58.2,51.8,73.8,60.0,46.1,22.3,0,0,0,0,8,66.7,2,0,0,100.0,1,0,0,27,0,20,28,1,0,0,1,0,0,27,1,7,0,0,1,0,1,0,0,8,3,8.0
Unknown Mississippi Valley State D40,169196,ED,MS VLY ST,1,1,0,,0,0,228,0,0,60.0,58.1,76.5,55.7,61.3,71.5,0,1,0,0,,0.0,0,0,0,0.0,0,0,0,0,0,0,38,38,0,0,27,11,0,0,32,6,0,0,0,0,0,1,0,0,0,
Unknown South Carolina State 15,169203,LB,SCAR STATE,2,0,0,,0,0,290,0,0,,49.6,70.9,,51.9,21.7,0,0,0,0,,100.0,1,0,0,0.0,0,0,0,1,3,0,6,2,0,0,2,0,0,4,0,6,0,0,0,0,0,0,0,0,0,
Jericho Taamu,169207,DI,ALAB A&M,4,1,0,,0,0,104,0,0,,58.1,75.5,60.2,56.7,73.6,0,1,0,0,,0.0,0,0,0,0.0,0,0,0,0,0,0,41,41,0,36,0,5,0,0,19,22,0,2,2,1,0,1,0,0,0,
Sam Fairley,169210,S,W ILLINOIS,4,1,0,,0,0,345,0,0,65.7,69.6,75.2,,70.7,81.1,0,0,0,0,,0.0,0,0,0,0.0,0,0,0,15,0,11,38,0,0,0,0,0,19,38,0,27,4,0,3,0,0,0,0,0,0,
Rorecross Willis,169217,CB,MS VLY ST,1,0,0,100.0,0,0,228,0,0,60.0,36.9,65.4,60.0,60.0,,0,0,0,0,9,,0,0,0,143.8,1,0,0,0,3,1,4,0,0,0,0,0,0,4,1,2,0,0,0,0,1,0,1,9,0,9.0
Max Harris,169223,LB,INCAR WORD,9,7,0,83.3,0,0,189,1,0,60.2,66.9,80.3,72.6,66.6,54.3,3,4,0,0,31,16.2,6,0,0,116.0,5,0,0,207,0,100,216,5,0,0,5,0,0,211,23,93,4,12,24,3,6,7,0,71,35,14.2
Eugene Foster,169224,FB,BETH COOK,1,0,0,,0,0,119,0,0,,60.0,60.0,60.0,,,0,0,0,0,,,0,0,0,0.0,0,0,0,0,0,0,1,0,0,0,0,0,0,1,1,0,0,0,0,0,0,0,0,0,0,
Alvin Brumfield,169241,LB,JACKSON ST,3,0,0,,0,0,194,0,0,60.0,60.9,64.3,60.0,60.4,73.2,0,0,0,0,,0.0,0,0,0,0.0,0,0,0,3,0,1,6,0,0,0,0,0,0,6,1,4,0,1,1,0,0,0,0,0,0,
Unknown Player Hanna,169244,ED,SCAR STATE,1,1,0,,0,0,290,0,0,,61.2,71.6,57.8,61.9,71.1,0,0,0,0,,0.0,0,0,0,0.0,0,0,0,0,0,0,7,7,0,0,7,0,0,0,3,4,0,0,0,0,0,0,0,0,0,
Unknown Grambling State D7,169246,ED,GRAMBLING,1,0,0,,0,0,177,0,0,,58.3,70.3,56.8,60.0,,0,0,0,0,,,0,0,0,0.0,0,0,0,1,0,0,6,5,0,0,5,0,0,1,4,2,0,0,0,0,0,0,0,0,0,
Jayden Staggers,169499,CB,INCAR WORD,3,0,0,0.0,0,0,189,0,0,49.7,51.3,74.4,,62.1,73.5,0,0,0,0,,0.0,0,0,0,39.6,0,0,0,0,28,13,28,0,0,0,0,0,0,28,0,15,0,0,1,0,2,0,0,0,0,
Casson Clark,169508,CB,GARD-WEBB,1,0,0,100.0,0,0,171,0,0,64.5,70.4,70.7,,71.9,78.5,0,0,0,0,5,0.0,0,0,0,87.5,1,0,0,3,12,4,15,0,0,0,0,0,0,15,0,11,0,2,3,0,1,0,0,5,2,5.0
Devonte Wilson,169514,S,INCAR WORD,1,0,0,0.0,0,0,189,0,0,83.1,81.1,71.4,,60.0,,0,0,0,0,,,0,1,0,39.6,0,0,0,0,0,6,10,0,0,0,0,0,8,10,0,4,2,0,0,0,1,0,0,0,0,
Greyson Calhoun,169517,LB,INCAR WORD,1,0,0,,0,0,189,0,0,61.4,69.9,69.4,63.3,61.0,,0,1,0,0,,,0,0,0,0.0,0,0,0,9,0,5,10,0,0,0,0,0,1,10,1,4,0,0,0,0,0,1,0,0,0,
Keenon Pitts,169520,CB,INCAR WORD,1,0,0,100.0,0,0,189,0,0,53.7,53.8,71.2,,60.0,,0,0,0,0,14,,0,0,0,118.8,1,0,0,0,10,6,10,0,0,0,0,0,0,10,0,4,0,0,0,0,1,0,0,14,4,14.0
Kolton Scheppler,169521,LB,INCAR WORD,1,0,0,,0,0,189,0,0,61.9,65.0,70.4,,62.5,,0,0,0,0,,,0,0,0,0.0,0,0,0,8,0,6,10,0,0,0,0,0,1,10,0,4,1,0,0,0,0,0,0,0,0,
Darren Castor,169528,CB,NORFOLK,1,0,0,80.0,0,0,244,0,0,52.6,54.9,74.8,,67.4,76.6,0,0,0,0,34,0.0,0,0,0,118.8,4,0,0,2,36,25,38,0,0,0,0,0,0,38,0,13,0,0,2,0,5,0,0,67,3,16.8
Jaheem Muhammad,169536,LB,TEXAS STHN,1,0,0,,0,0,313,0,0,,70.2,65.3,,67.8,74.3,0,0,0,0,,0.0,0,0,0,0.0,0,0,0,3,0,0,4,0,0,0,0,0,0,4,0,4,1,1,1,0,0,0,0,0,0,
Unknown Yale D69,169540,DI,YALE,1,0,0,,0,0,352,0,0,,60.3,68.2,58.2,60.0,,0,0,0,0,,,0,0,0,0.0,0,0,0,0,0,0,4,4,0,4,0,0,0,0,3,1,0,0,0,0,0,0,0,0,0,
Unknown Northern Colorado D41,169545,ED,N COLORADO,1,0,0,,0,0,253,0,0,,67.8,72.5,64.5,61.0,,0,1,0,0,,,0,0,0,0.0,0,0,0,1,0,0,8,7,0,0,7,0,0,1,1,7,0,0,0,0,0,1,0,0,0,
Unknown Weber State D46,169560,LB,WEBER ST,1,0,0,,0,0,342,0,0,,46.2,66.2,,56.5,,0,0,0,0,,,0,0,0,0.0,0,0,0,2,0,0,2,0,0,0,0,0,0,2,0,2,0,0,0,0,0,0,0,0,0,
Masi Lutui,169569,LB,WEBER ST,1,0,0,,0,0,342,0,0,,60.0,60.0,,60.0,,0,0,0,0,,,0,0,0,0.0,0,0,0,0,0,0,1,0,0,0,0,0,0,1,0,1,0,0,0,0,0,0,0,0,0,
Unknown Florida A&M D53,169581,ED,FL A&M,1,0,0,,0,0,164,0,0,60.0,68.7,70.0,67.3,,,0,1,0,0,,,0,0,0,0.0,0,0,0,1,0,1,4,3,0,1,2,0,0,1,3,0,0,0,0,0,0,1,0,0,0,
David Walker,169593,ED,TEXAS STHN,1,0,0,,0,0,313,0,0,,62.4,72.7,67.9,57.0,73.9,0,0,0,0,,0.0,0,0,0,0.0,0,1,0,0,0,0,8,8,0,0,8,0,0,0,2,6,0,2,1,0,0,1,0,0,0,
JaTerious Evans,169712,CB,STF AUSTIN,11,8,0,65.7,0,0,301,1,0,77.9,78.4,0.0,74.9,84.0,68.8,0,5,0,2,24,14.0,7,3,4,85.4,23,1,0,132,3,266,502,26,0,0,26,0,13,476,26,210,328,14,35,3,35,6,3,200,91,8.7
Tre Everett III,178235,S,HAMPTON,2,0,0,0.0,0,0,178,0,0,70.8,61.7,70.2,,53.2,,0,0,0,1,,,0,0,0,0.0,0,0,0,1,0,2,8,0,0,0,0,0,7,8,0,6,0,0,0,0,1,0,0,0,0,
