player,player_id,position,team_name,player_game_count,avg_depth_of_target,avoided_tackles,caught_percent,contested_catch_rate,contested_receptions,contested_targets,declined_penalties,drop_rate,drops,epa,first_downs,franchise_id,fumbles,grades_hands_drop,grades_hands_fumble,grades_offense,grades_pass_block,grades_pass_route,inline_rate,inline_snaps,interceptions,longest,pass_block_rate,pass_blocks,pass_plays,penalties,positive_epa_percent,receptions,route_rate,routes,slot_rate,slot_snaps,targeted_qb_rating,targets,touchdowns,wide_rate,wide_snaps,yards,yards_after_catch,yards_after_catch_per_reception,yards_per_reception,yprr
Efton Chism III,141521,WR,E WASHGTON,12,5.7,29,82.2,58.3,7,12,0,2.4,3,0.19,60,161,0,90.3,81.5,92.1,62.1,92.6,1.0,4,1,67,0.3,1,395,0,47.9,120,95.9,379,74.9,296,130.8,146,13,23.3,92,1306,798,6.7,10.9,3.45
Roy Alexander,142206,WR,INCAR WORD,14,8.4,21,72.7,44.4,8,18,0,2.9,3,0.11,51,189,2,90.2,25.4,74.8,,75.7,0.2,1,1,56,0.0,0,561,1,45.4,101,95.4,535,85.9,482,124.4,139,13,13.5,76,1121,538,5.3,11.1,2.1
Jordan Dwyer,158967,WR,IDAHO,14,17.1,4,58.5,48.0,12,25,0,4.8,4,0.12,57,185,0,77.9,77.8,88.4,,89.1,0.0,0,3,62,0.0,0,402,1,45.6,79,94.3,379,16.2,65,108.4,135,12,83.8,337,1204,231,2.9,15.2,3.18
Tristan Smith,192874,WR,SE MO ST,11,11.0,15,57.6,43.3,13,30,1,12.6,11,0.05,49,293,1,52.8,55.0,71.2,,71.5,0.0,0,6,54,0.0,0,527,1,44.0,76,95.3,502,13.9,73,75.6,132,6,86.1,454,929,284,3.7,12.2,1.85
Treyvhon Saunders,163878,WR,COLGATE,12,6.2,22,66.7,40.0,6,15,0,7.4,7,-0.17,38,142,1,72.5,66.0,70.8,,71.3,0.2,1,3,45,0.0,0,415,1,39.6,88,98.1,407,88.2,366,79.4,132,2,11.3,47,830,486,5.5,9.4,2.04
Cam Pedro,156804,WR,SE MO ST,13,8.9,14,63.6,47.6,10,21,1,9.7,9,0.02,43,293,0,64.4,76.6,69.0,,69.6,0.0,0,4,46,0.0,0,577,2,42.5,84,95.3,550,79.2,457,80.4,132,4,20.8,120,881,379,4.5,10.5,1.6
Jalen Walthall,146075,WR,INCAR WORD,14,14.7,27,64.9,39.1,9,23,1,1.2,1,0.09,47,189,2,93.1,38.2,78.2,,80.0,0.0,0,6,71,0.0,0,556,7,44.6,85,95.5,531,12.6,70,113.7,131,14,87.2,485,1289,686,8.1,15.2,2.43
Marquis Buchanan,161373,WR,RHODE ISLD,14,11.1,11,62.6,30.8,8,26,0,8.9,8,0.01,44,274,0,66.7,76.2,78.3,,79.3,0.5,2,7,57,0.0,0,427,2,46.1,82,95.1,406,68.1,291,87.8,131,8,31.4,134,1116,483,5.9,13.6,2.75
Blayne Taylor,165697,WR,ABILENE CH,14,13.9,10,57.0,31.0,9,29,1,13.1,11,0.21,51,100,0,51.7,75.6,72.5,,72.9,0.0,0,3,76,0.0,0,561,2,45.6,73,96.1,539,9.8,55,97.0,128,8,90.2,506,1117,403,5.5,15.3,2.07
Samuel Musungu,171151,WR,CORNELL,10,10.6,10,64.6,58.3,14,24,1,4.7,4,0.11,52,147,0,82.2,77.3,85.0,,85.1,0.0,0,4,82,0.0,0,396,2,44.1,82,95.7,379,23.7,94,100.5,127,10,76.0,301,960,370,4.5,11.7,2.53
Darius Cooper,136866,WR,TARLETON,14,17.5,16,60.8,53.6,15,28,0,8.4,7,0.14,53,401,0,68.3,75.7,89.6,63.1,89.8,0.0,0,3,75,0.2,1,407,2,48.4,76,94.6,385,4.9,20,128.4,125,14,95.1,387,1449,408,5.4,19.1,3.76
Dorian Anderson,141416,WR,SE MO ST,13,13.2,13,53.6,48.1,13,27,0,11.8,9,0.05,47,293,0,56.9,75.3,69.0,,70.0,0.0,0,2,51,0.0,0,634,5,43.8,67,94.8,601,16.4,104,105.6,125,12,83.6,530,1006,260,3.9,15.0,1.67
Jeff Weimer,158146,WR,IDAHO ST,12,12.6,9,61.5,44.4,8,18,0,5.1,4,0.06,47,186,1,79.9,54.1,70.4,67.9,71.2,0.0,0,1,84,0.4,2,542,1,46.8,75,93.9,509,18.5,100,101.1,122,6,81.5,442,1018,229,3.1,13.6,2.0
Landon Ruggieri,142050,WR,BRYANT,12,15.8,1,57.5,60.5,23,38,0,5.5,4,0.04,52,124,0,78.8,79.3,80.0,,80.9,0.0,0,6,55,0.0,0,514,1,44.1,69,96.1,494,48.2,248,107.0,120,15,51.8,266,1101,164,2.4,16.0,2.23
Ja'seem Reed,149619,WR,SAN DIEGO,11,12.9,10,65.3,53.3,8,15,0,6.1,5,0.04,51,283,0,76.9,76.2,90.9,,91.1,0.0,0,2,47,0.0,0,358,1,43.6,77,96.1,344,29.6,106,120.5,118,12,70.4,252,1054,276,3.6,13.7,3.06
Logan Tomlinson,170894,WR,NEW HAMP,13,10.2,5,69.8,65.4,17,26,0,4.7,4,-0.07,42,240,0,81.9,76.2,74.3,66.1,76.1,0.2,1,2,50,0.4,2,463,1,41.3,81,95.2,441,30.0,139,109.1,116,9,69.1,320,839,223,2.8,10.4,1.9
Kylon Harris,164101,WR,STF AUSTIN,12,8.0,8,73.3,41.7,5,12,0,2.3,2,0.1,43,301,0,90.5,82.4,82.5,67.7,83.4,0.3,1,2,60,0.5,2,380,0,41.6,85,97.6,371,75.0,285,120.8,116,10,24.7,94,1004,571,6.7,11.8,2.71
Daniel Sobkowicz,148032,WR,ILL STATE,14,11.5,11,70.2,59.1,13,22,0,4.8,4,0.1,54,188,1,81.7,57.3,81.8,61.0,82.0,0.0,0,1,84,0.2,1,482,4,47.2,80,95.4,460,2.5,12,123.7,114,9,97.5,470,1108,357,4.5,13.9,2.41
Nehemiah Martinez,144759,WR,ABILENE CH,14,6.5,27,67.9,42.9,6,14,0,8.4,7,0.19,37,100,0,65.1,87.1,74.6,62.1,73.1,0.0,0,4,75,0.2,1,490,1,45.2,76,95.9,470,93.7,459,110.6,112,10,4.5,22,998,712,9.4,13.1,2.12
Cameron Barmore,186590,WR,MERCYHURST,11,10.4,10,65.8,38.5,10,26,1,5.2,4,0.16,52,977,0,80.2,75.6,85.8,61.1,84.9,0.5,2,2,46,0.2,1,416,1,47.9,73,95.2,396,13.2,55,124.2,111,13,86.3,359,954,359,4.9,13.1,2.41
Eric Weatherly,156259,WR,BUCKNELL,12,11.6,16,67.6,62.5,5,8,0,5.1,4,-0.01,42,125,0,80.2,78.8,74.6,,76.6,0.2,1,1,44,0.0,0,449,5,46.0,75,94.4,424,94.2,423,110.9,111,8,5.3,24,858,329,4.4,11.4,2.02
Nate Rembert,196456,WR,MS VLY ST,11,8.2,16,64.9,50.0,3,6,0,4.0,3,-0.15,41,228,0,83.8,80.7,85.9,,88.0,2.6,9,4,76,0.0,0,343,0,36.9,72,94.8,325,79.6,273,91.9,111,4,17.5,60,1032,709,9.8,14.3,3.18
Darius Lewis,123515,WR,SE LA,12,5.9,18,73.6,41.7,5,12,1,4.7,4,-0.26,39,294,0,78.2,85.4,76.3,,78.0,0.6,2,1,40,0.0,0,341,1,39.1,81,93.0,317,68.9,235,105.8,110,5,22.3,76,818,502,6.2,10.1,2.58
JV Gibson,193295,WR,ARKAPB,12,14.0,13,64.8,33.3,6,18,0,7.9,6,-0.06,50,112,0,70.0,75.5,80.0,,85.2,0.5,2,3,60,0.0,0,405,10,38.9,70,93.1,377,17.5,71,118.9,108,9,82.0,332,1209,430,6.1,17.3,3.21
Christian Fredericksen,147624,WR,IDAHO ST,11,13.5,10,62.0,51.4,19,37,1,0.0,0,0.09,50,186,0,91.0,75.1,79.3,45.6,79.5,0.0,0,3,42,0.7,3,457,2,47.0,67,93.4,427,12.0,55,106.1,108,9,88.0,402,936,217,3.2,14.0,2.19
Bo Belquist,138230,WR,N DAKOTA,12,10.1,15,60.7,18.2,2,11,0,5.8,4,-0.04,45,249,0,77.0,67.4,83.2,,85.4,0.0,0,3,73,0.0,0,362,2,45.1,65,92.5,335,47.8,173,108.5,107,10,52.2,189,932,431,6.6,14.3,2.78
Xavier Loyd,144596,WR,ILL STATE,14,13.9,5,61.9,54.5,12,22,0,3.0,2,0.1,38,188,1,86.3,54.0,69.5,,69.3,0.0,0,3,59,0.0,0,510,1,47.3,65,96.1,490,14.9,76,96.9,105,6,85.1,434,909,175,2.7,14.0,1.86
Jeff Caldwell,154188,WR,LNDNWD,12,15.4,8,51.0,37.5,6,16,0,11.7,7,-0.06,35,949,0,57.5,74.5,74.2,,75.6,0.0,0,5,93,0.0,0,367,3,40.9,53,94.0,345,17.4,64,101.1,104,11,82.6,303,1032,481,9.1,19.5,2.99
Griffin Wilde,177231,WR,S DAK ST,15,12.5,12,68.9,58.3,7,12,0,2.7,2,0.13,48,292,0,88.1,75.6,86.5,60.9,88.0,1.1,4,2,60,0.3,1,371,2,45.7,71,96.0,356,36.9,137,137.0,103,12,61.7,229,1154,421,5.9,16.3,3.24
Jacob Sharp,103564,WR,WEBER ST,12,13.9,9,56.9,33.3,7,21,1,7.9,5,-0.02,32,342,1,69.8,50.1,71.7,,73.2,0.0,0,3,71,0.0,0,341,4,39.8,58,95.9,327,10.0,34,105.2,102,10,90.0,307,865,268,4.6,14.9,2.65
Karate Brenson,126530,WR,TENN STATE,13,9.4,21,69.6,46.7,7,15,0,6.6,5,0.21,46,308,0,74.6,75.4,88.3,,89.1,1.2,4,1,83,0.0,0,332,0,46.5,71,95.2,316,80.7,268,116.9,102,6,18.1,60,1011,494,7.0,14.2,3.2
Cooper Willman,138032,WR,E ILLINOIS,12,12.1,4,67.3,43.8,7,16,0,2.9,2,-0.02,46,158,0,87.8,83.5,80.3,63.9,80.7,0.0,0,4,80,0.2,1,479,0,44.2,68,95.2,456,12.9,62,107.2,101,8,87.1,417,949,287,4.2,14.0,2.08
Christian Jourdain,169011,WR,TXAMEA,12,12.9,5,54.0,35.3,6,17,0,8.5,5,-0.2,36,1139,0,67.0,54.1,65.7,49.9,65.7,0.0,0,3,36,0.0,0,544,2,38.0,54,94.9,516,5.5,30,83.6,100,6,94.5,514,696,164,3.0,12.9,1.35
Jaden Barnes,173738,WR,AUSTINPEAY,12,13.3,12,58.6,50.0,4,8,1,14.7,10,-0.12,35,116,1,46.2,50.3,71.8,,74.2,0.3,1,0,73,0.0,0,395,7,39.8,58,97.2,384,20.5,81,126.7,99,9,73.9,292,1080,434,7.5,18.6,2.81
Bryce Lance,148151,WR,N DAK ST,16,13.3,10,75.8,61.5,16,26,0,2.6,2,0.42,51,250,0,89.0,76.7,86.7,,87.2,0.5,2,1,74,0.0,0,404,2,57.6,75,94.1,380,8.9,36,145.6,99,17,90.6,366,1069,301,4.0,14.3,2.81
Sincere Brown,123276,WR,CAMPBELL,12,11.2,14,62.2,38.1,8,21,1,9.0,6,0.08,39,131,0,66.4,74.8,77.2,,80.2,0.3,1,6,74,0.0,0,400,6,43.0,61,93.0,372,6.8,27,111.7,98,12,93.0,372,1028,527,8.6,16.9,2.76
Jared Gipson,147783,WR,SACRAMENTO,12,13.2,10,58.8,25.0,4,16,0,0.0,0,-0.05,35,279,0,92.8,74.3,69.5,,70.5,0.0,0,2,78,0.0,0,517,4,44.7,57,96.1,497,2.1,11,108.7,97,9,97.9,506,821,255,4.5,14.4,1.65
Matthew Henry,192936,WR,W ILLINOIS,12,14.1,10,64.6,63.6,14,22,0,3.1,2,0.29,46,345,1,86.5,51.5,82.7,,84.0,0.0,0,2,81,0.0,0,421,3,50.6,62,94.8,399,3.6,15,117.5,96,6,96.4,406,1140,400,6.5,18.4,2.86
Dalton Bailey,170634,WR,STETSON,10,12.2,10,67.7,47.1,8,17,0,4.4,3,-0.23,36,302,0,81.4,75.3,77.0,,76.9,0.0,0,8,42,0.0,0,375,0,37.3,65,95.7,359,9.3,35,79.3,96,6,90.7,340,799,285,4.4,12.3,2.23
Max Tomczak,148297,WR,YNGTOWN ST,12,8.9,13,77.1,30.0,3,10,1,0.0,0,0.23,49,353,1,94.4,55.9,81.2,62.1,82.3,0.3,1,6,73,0.3,1,395,2,49.0,74,97.5,385,92.2,364,93.9,96,4,7.6,30,915,436,5.9,12.4,2.38
David Pantelis,151153,WR,YALE,10,13.7,14,63.5,58.8,10,17,0,7.6,5,0.2,37,352,1,72.1,80.2,82.2,69.8,83.9,0.0,0,0,62,0.3,1,349,4,47.5,61,93.1,325,96.8,338,122.3,96,8,2.6,9,910,258,4.2,14.9,2.8
Cooper Barkate,159333,WR,HARVARD,10,15.1,9,66.3,42.9,6,14,0,10.0,7,0.2,46,179,1,55.9,75.3,80.9,,82.8,0.0,0,1,51,0.0,0,363,1,45.8,63,94.5,343,16.8,61,139.1,95,11,83.2,302,1084,265,4.2,17.2,3.16
Jaylen Bonelli,171689,WR,WAGNER,11,14.8,5,56.4,30.8,4,13,2,7.0,4,-0.12,36,338,1,71.7,46.9,74.1,,76.2,0.3,1,5,68,0.0,0,364,4,35.3,53,94.0,342,20.1,73,83.7,94,6,79.7,290,802,204,3.8,15.1,2.35
Taj Hughes,160495,WR,DRAKE,12,3.0,19,81.7,33.3,3,9,0,1.3,1,0.02,34,153,0,92.5,79.6,83.0,40.9,90.7,1.3,4,1,55,5.0,16,318,2,48.0,76,89.9,286,66.7,212,105.7,93,4,9.1,29,652,574,7.6,8.6,2.28
Caden High,196883,WR,SCAR STATE,12,10.5,16,66.7,55.6,5,9,1,10.1,7,0.2,40,290,1,61.4,61.9,68.6,,71.1,0.7,3,2,70,0.0,0,413,8,45.9,62,93.9,388,93.0,384,114.3,93,7,6.3,26,905,391,6.3,14.6,2.33
Kyle Watkins,150033,WR,WOFFORD,12,16.7,10,53.3,43.5,10,23,0,14.0,8,-0.15,30,350,0,49.3,74.9,73.8,,74.9,0.0,0,3,63,0.0,0,325,1,36.7,49,94.8,308,36.6,119,73.2,92,1,63.4,206,810,232,4.7,16.5,2.63
Keenan Hambrick,132437,WR,ALAB A&M,12,11.8,8,56.5,36.4,4,11,0,10.3,6,-0.02,29,104,0,56.5,74.0,67.8,,67.2,0.0,0,3,65,0.0,0,432,2,43.6,52,95.1,411,6.7,29,89.4,92,5,93.1,402,789,343,6.6,15.2,1.92
Colton Hinton,172651,WR,FURMAN,11,10.6,11,64.8,14.3,1,7,0,4.8,3,-0.06,27,170,0,80.4,56.6,74.8,,75.4,0.0,0,5,84,0.0,0,337,2,38.4,59,95.5,322,22.3,75,81.3,91,5,76.3,257,649,354,6.0,11.0,2.02
Chandler Brayboy,105721,WR,ELON,11,12.5,21,65.6,50.0,5,10,0,15.7,11,-0.08,38,162,1,37.6,59.8,75.7,43.6,73.6,0.3,1,2,70,0.0,0,335,0,38.3,59,95.8,321,80.3,269,122.4,90,8,19.4,65,979,438,7.4,16.6,3.05
Romon Copeland,153292,WR,AUSTINPEAY,12,6.8,18,70.0,20.0,1,5,0,4.5,3,-0.13,24,116,0,81.5,86.7,73.1,62.1,71.2,0.0,0,3,42,0.2,1,414,1,38.7,63,96.6,400,75.6,313,85.2,90,3,24.2,100,596,381,6.0,9.5,1.49
Dylan Gary,163785,WR,W GEORGIA,11,14.0,6,55.1,42.1,8,19,0,3.9,2,0.08,34,1177,0,76.7,73.9,70.6,69.4,70.7,0.4,2,2,94,0.4,2,452,0,45.7,49,94.0,425,16.4,74,110.4,89,9,83.2,376,813,218,4.4,16.6,1.91
Javin Whatley,149832,WR,CHATTNOOGA,12,10.6,6,61.8,12.5,1,8,1,11.3,7,0.08,28,137,0,58.1,77.1,68.7,,69.8,0.3,1,4,71,0.0,0,349,3,45.6,55,95.1,332,80.8,282,89.0,89,6,18.6,65,677,314,5.7,12.3,2.04
Montigo Moss,142290,WR,MAINE,12,10.5,11,69.7,50.0,8,16,0,0.0,0,0.08,40,212,1,93.3,35.4,80.2,,80.8,0.3,1,1,79,0.0,0,316,0,45.5,62,93.4,295,57.0,180,115.5,89,7,42.7,135,723,214,3.5,11.7,2.45
Greg Gaines III,157600,WR,RHODE ISLD,14,12.6,3,56.8,31.8,7,22,0,5.7,3,0.01,36,274,1,76.8,47.1,67.1,,67.2,1.1,5,5,34,0.0,0,447,2,46.4,50,95.1,425,19.9,89,65.7,88,3,79.0,353,603,154,3.1,12.1,1.42
Eli Aragon-Cruz,192915,WR,W ILLINOIS,11,8.3,13,72.7,40.0,2,5,0,0.0,0,0.29,41,345,0,93.6,79.5,85.6,,87.2,0.3,1,2,35,0.0,0,370,1,50.9,64,94.9,351,91.9,340,117.5,88,7,7.0,26,798,443,6.9,12.5,2.27
Seven McGee,146562,WR,ALBANY,10,10.5,12,54.5,41.2,7,17,0,7.7,4,-0.09,29,106,1,71.8,47.3,70.7,,72.4,0.0,0,2,75,0.0,0,367,3,41.8,48,95.9,352,93.2,342,91.3,88,6,4.6,17,644,313,6.5,13.4,1.83
Luke Colella,155372,WR,PRINCETON,10,14.9,4,48.9,26.7,4,15,0,10.4,5,-0.29,27,272,0,60.6,74.1,67.0,,67.7,0.0,0,2,60,0.0,0,356,3,34.2,43,94.4,336,31.2,111,78.9,88,5,68.3,243,562,177,4.1,13.1,1.67
Keelan White,105718,WR,MONTANA,13,10.7,10,64.8,61.1,11,18,0,0.0,0,-0.01,39,232,0,93.0,74.5,74.6,61.9,75.0,0.2,1,3,26,0.2,1,464,3,44.6,57,95.3,442,12.9,60,87.0,88,4,86.9,403,634,194,3.4,11.1,1.43
Hunter Wood,122775,WR,MO STATE,12,9.9,5,72.4,55.6,10,18,0,6.0,4,0.22,42,230,0,76.3,84.2,78.2,,77.8,0.0,0,0,42,0.0,0,437,1,49.4,63,96.1,420,82.2,359,112.2,87,3,17.8,78,799,233,3.7,12.7,1.9
DeVonte Tanksley,149250,WR,TENN MARTN,12,14.3,13,55.2,50.0,4,8,0,12.7,7,0.17,27,310,0,54.5,76.8,67.3,,70.2,1.1,4,6,65,0.0,0,352,2,42.5,48,96.3,339,84.7,298,65.0,87,3,12.8,45,714,342,7.1,14.9,2.11
Mark Hamper,175085,WR,IDAHO,14,14.6,15,56.3,21.4,3,14,0,5.8,3,0.14,38,185,1,76.0,50.7,76.3,,77.4,0.5,2,5,74,0.0,0,373,0,45.7,49,94.4,352,48.8,182,94.2,87,6,50.1,187,963,377,7.7,19.7,2.74
Ronnel Johnson,178430,WR,STETSON,10,12.0,4,46.5,27.3,3,11,0,11.1,5,-0.13,21,302,0,58.9,60.2,56.9,,57.6,0.2,1,8,71,0.0,0,410,1,39.2,40,95.9,393,92.4,379,38.7,86,3,7.3,30,516,129,3.2,12.9,1.31
Takairee Kenebrew,91450,WR,N ALABAMA,12,13.4,17,52.3,40.0,2,5,0,13.5,7,-0.11,26,389,0,51.3,73.4,65.3,,65.9,0.0,0,6,76,0.0,0,406,1,39.6,45,94.6,384,8.1,33,67.9,86,4,91.9,373,738,360,8.0,16.4,1.92
Anderson Grover,146493,WR,SACRAMENTO,11,10.8,11,68.6,66.7,6,9,0,6.3,4,-0.04,39,279,0,74.7,83.0,70.3,,70.9,0.0,0,3,54,0.0,0,467,4,46.2,59,96.4,450,24.2,113,109.7,86,7,75.8,354,782,222,3.8,13.3,1.74
Trevonte Rucker,150937,WR,TENN MARTN,14,13.8,13,69.4,37.5,6,16,2,3.3,2,0.12,37,310,1,80.1,76.5,74.1,,75.6,0.2,1,1,78,0.0,0,411,6,42.4,59,96.4,396,4.4,18,128.5,85,8,95.4,392,858,242,4.1,14.5,2.17
Jalal Dean,149210,WR,TENN STATE,13,11.8,3,58.8,42.9,6,14,1,10.7,6,0.05,27,308,2,60.7,26.8,59.2,,60.2,0.0,0,2,61,0.0,0,461,5,42.1,50,95.2,439,22.6,104,94.8,85,6,77.4,357,611,251,5.0,12.2,1.39
Michael Love,97098,WR,LIUSHAR,12,12.0,9,60.0,41.7,5,12,0,5.6,3,-0.02,34,1298,0,77.3,82.9,75.2,,75.5,0.6,2,0,62,0.0,0,335,2,38.9,51,95.2,319,57.0,191,104.6,85,6,41.2,138,591,210,4.1,11.6,1.85
Giancarlo Woods,142801,WR,CAL POLY,11,14.7,9,60.0,58.8,10,17,0,8.9,5,-0.1,30,129,1,66.5,50.6,68.5,62.6,69.4,0.0,0,2,55,0.3,1,396,2,39.1,51,91.9,364,9.8,39,90.0,85,4,89.9,356,653,175,3.4,12.8,1.79
Jasiah Williams,142364,WR,STNY BROOK,11,5.6,11,61.9,25.0,2,8,0,7.1,4,0.1,26,303,0,72.6,79.4,63.8,,64.2,0.0,0,1,35,0.0,0,384,2,44.4,52,96.1,369,88.3,339,85.7,84,3,11.5,44,506,358,6.9,9.7,1.37
T.J. Lockley,151048,WR,W GEORGIA,11,7.9,2,61.9,20.0,2,10,0,7.1,4,0.11,25,1177,2,71.7,27.5,61.8,44.7,62.2,1.7,7,2,38,0.5,2,424,1,46.3,52,93.9,398,91.5,388,81.2,84,3,4.5,19,514,213,4.1,9.9,1.29
Justin Smith-Brown,142775,WR,SCAR STATE,12,10.7,14,65.5,66.7,4,6,0,8.3,5,0.17,30,290,0,67.6,76.6,66.8,,65.8,0.0,0,2,63,0.0,0,429,1,46.0,55,93.7,402,9.6,41,100.4,84,4,90.4,388,763,372,6.8,13.9,1.9
Geoffrey Jamiel,159763,WR,LEHIGH,13,10.4,8,71.4,46.2,6,13,0,0.0,0,0.04,36,205,0,93.2,55.7,83.0,,87.0,0.0,0,6,54,0.0,0,324,0,45.9,60,93.5,303,92.6,300,102.4,84,8,7.4,24,783,370,6.2,13.1,2.58
Danny Scudero,170781,WR,SACRAMENTO,11,11.1,7,65.1,41.7,5,12,0,1.8,1,-0.03,35,279,0,88.7,74.7,80.2,,79.4,0.3,1,5,41,0.0,0,353,0,46.2,54,96.3,340,95.5,337,85.4,83,5,4.0,14,680,284,5.3,12.6,2.0
Lan Larison,142157,HB,UC DAVIS,14,3.8,17,78.3,33.3,2,6,1,4.4,3,0.16,33,322,0,81.8,71.9,84.6,89.9,90.5,0.0,0,3,64,13.2,59,446,2,50.8,65,82.7,369,11.4,51,118.5,83,6,3.8,17,853,664,10.2,13.1,2.31
Josh Gary,159715,WR,BUCKNELL,12,11.9,3,63.4,47.1,8,17,0,7.1,4,0.01,35,125,0,71.3,74.4,63.9,,64.4,0.0,0,2,43,0.0,0,464,1,45.8,52,94.2,437,23.3,108,92.5,82,4,76.7,356,620,184,3.5,11.9,1.42
Ryan Upp,150733,WR,MOREHEAD,12,12.3,5,51.2,0.0,0,8,0,2.3,1,-0.07,22,234,0,85.9,81.0,71.0,,70.5,0.0,0,6,64,0.0,0,314,0,35.4,42,94.6,297,95.5,300,63.7,82,5,4.5,14,573,241,5.7,13.6,1.93
AJ Colombo,159947,WR,W CAROLINA,11,7.5,14,73.2,66.7,6,9,0,1.6,1,0.07,35,344,0,93.2,51.1,72.0,,71.8,1.1,5,0,28,0.0,0,456,0,47.0,60,95.2,434,85.7,391,113.4,82,5,12.1,55,591,233,3.9,9.9,1.36
Gavin Lochow,177638,WR,DAYTON,11,6.0,9,73.2,37.5,3,8,1,11.8,8,-0.2,27,150,3,56.8,28.9,61.6,,61.1,0.0,0,2,71,0.0,0,316,1,40.5,60,94.0,297,81.0,256,98.4,82,5,12.3,39,496,307,5.1,8.3,1.67
Tedy Afful,142365,WR,DUQUESNE,11,13.5,7,54.9,53.8,7,13,1,6.3,3,0.3,27,155,0,74.1,73.9,68.2,,69.4,0.3,1,5,61,0.0,0,314,5,47.4,45,96.2,302,1.9,6,75.4,82,6,97.8,307,563,172,3.8,12.5,1.86
Karmello English,176212,WR,W GEORGIA,9,11.2,10,61.0,35.3,6,17,0,9.1,5,0.09,30,1177,0,64.7,85.2,70.5,60.9,70.3,0.6,2,1,71,0.3,1,353,1,44.6,50,94.1,332,12.2,43,91.7,82,2,87.0,307,704,270,5.4,14.1,2.12
Dominic Kibby,162256,WR,PRESBYTERN,12,11.9,6,64.2,33.3,3,9,1,5.5,3,0.15,23,271,0,76.7,74.4,70.6,,70.0,0.0,0,2,94,0.0,0,380,2,43.2,52,93.9,357,70.5,268,98.9,81,4,29.5,112,722,359,6.9,13.9,2.02
Noah Robinson,145352,WR,ROB MORRIS,12,11.1,17,67.9,16.7,1,6,0,5.2,3,-0.04,28,277,0,77.9,74.8,73.9,,73.9,0.3,1,3,75,0.0,0,381,2,39.6,55,96.1,366,10.8,41,104.0,81,5,89.0,339,781,407,7.4,14.2,2.13
Fabian Baez,189296,WR,STETSON,10,12.4,15,51.3,47.1,8,17,0,18.0,9,-0.21,25,302,0,36.0,73.0,59.7,,60.4,0.0,0,3,45,0.0,0,413,2,38.1,41,94.7,391,0.2,1,76.8,80,5,99.8,412,515,140,3.4,12.6,1.32
Caleb Burke,142312,WR,NEW HAMP,12,11.1,8,65.0,30.8,4,13,0,3.7,2,0.03,30,240,2,82.7,29.3,70.6,66.6,71.1,0.6,2,1,86,0.6,2,336,0,43.5,52,95.5,321,81.8,275,113.0,80,6,15.8,53,709,357,6.9,13.6,2.21
D.J. Linkins,159171,WR,TENN TECH,12,11.9,4,62.0,58.3,7,12,0,2.0,1,-0.26,26,309,0,87.6,73.8,72.1,,72.0,0.0,0,2,69,0.0,0,342,1,37.4,49,96.2,329,9.4,32,89.2,79,3,90.6,310,631,171,3.5,12.9,1.92
Trent Tompkins,103944,WR,UC DAVIS,12,6.4,9,81.0,56.3,9,16,0,3.0,2,0.3,40,322,1,86.6,53.8,72.4,88.4,73.4,0.5,2,2,25,0.5,2,368,0,55.8,64,95.9,353,34.2,126,108.8,79,5,64.1,236,599,300,4.7,9.4,1.7
Ger-Cari Caldwell,124228,WR,NC A&T,11,13.3,7,53.2,40.0,6,15,1,8.7,4,-0.11,26,246,1,66.4,41.4,64.0,,64.7,0.0,0,4,76,0.0,0,377,2,37.7,42,92.8,350,12.5,47,64.8,79,3,87.5,330,510,227,5.4,12.1,1.46
Sam Phillips,149833,WR,CHATTNOOGA,10,14.0,6,64.1,27.3,3,11,0,0.0,0,-0.01,32,137,1,92.1,54.6,80.7,,81.7,0.0,0,3,84,0.0,0,301,0,43.4,50,95.0,286,15.9,48,96.0,78,3,84.1,253,818,277,5.5,16.4,2.86
Gavin Nelson,164571,WR,MONMOUTH,12,17.7,5,44.9,42.1,8,19,0,7.9,3,0.21,28,231,0,61.7,73.0,68.0,,67.9,0.0,0,1,72,0.0,0,320,0,48.5,35,95.3,305,6.3,20,81.7,78,3,93.8,300,650,137,3.9,18.6,2.13
Benjamin Omayebu,147626,WR,TARLETON,14,6.7,15,67.9,42.9,3,7,0,10.2,6,0.11,34,401,0,62.4,75.8,69.3,,69.5,0.3,1,6,34,0.0,0,327,2,47.7,53,94.2,308,93.9,307,57.3,78,0,5.8,19,574,357,6.7,10.8,1.86
Trejan Bridges,97600,WR,CENT ARK,12,12.5,14,67.9,71.4,10,14,0,3.6,2,0.15,37,132,1,83.0,84.8,79.3,,79.3,0.8,3,1,50,0.0,0,362,0,46.1,53,94.8,343,6.4,23,119.0,78,6,92.8,336,749,286,5.4,14.1,2.18
Noah Jennings,178610,WR,CHARLES SO,12,9.4,11,59.0,44.4,4,9,0,8.0,4,-0.24,24,135,0,68.8,55.4,71.7,,71.1,0.3,1,3,31,0.0,0,297,3,34.8,46,97.6,290,7.4,22,73.3,78,3,91.9,273,474,211,4.6,10.3,1.63
Keontez Lewis,146387,WR,S ILLINOIS,11,16.1,1,62.8,60.0,9,15,0,7.5,4,0.02,34,295,0,65.3,76.3,78.7,,80.4,0.0,0,3,65,0.0,0,326,2,41.2,49,95.4,311,17.8,58,103.2,78,5,82.2,268,813,225,4.6,16.6,2.61
Josh Lorick,192305,WR,INCAR WORD,14,9.2,8,64.1,57.1,4,7,0,5.7,3,0.07,25,189,0,76.1,74.4,60.8,,59.1,0.0,0,1,30,0.0,0,499,1,44.5,50,95.6,477,7.8,39,78.3,78,0,92.2,460,526,217,4.3,10.5,1.1
Nate Anderson,158161,WR,BUCKNELL,12,13.9,6,57.1,50.0,3,6,0,6.4,3,0.0,24,125,0,73.8,76.8,63.5,,63.8,0.0,0,1,47,0.0,0,429,0,45.0,44,93.7,402,20.3,87,95.3,77,5,79.7,342,542,179,4.1,12.3,1.35
Gavin Thomson,99598,WR,ST FRANCIS,10,10.6,7,61.0,28.6,2,7,0,11.3,6,-0.22,30,299,1,58.9,47.1,73.5,,75.0,0.0,0,3,64,0.0,0,296,3,36.3,47,98.6,292,21.3,63,107.2,77,7,78.7,233,742,315,6.7,15.8,2.54
E. Jai Mason,177868,WR,SAMFORD,11,9.2,8,67.5,50.0,7,14,0,8.8,5,-0.13,22,282,0,66.5,48.7,61.3,,63.7,0.0,0,2,41,0.0,0,370,2,43.7,52,96.5,357,8.4,31,97.9,77,6,91.6,339,451,226,4.3,8.7,1.26
Michael Plaskon,153963,WR,CENT CT ST,13,10.1,5,59.7,25.0,1,4,0,11.5,6,-0.22,28,133,0,56.7,85.0,67.7,,68.7,0.7,2,4,56,0.0,0,271,4,37.9,46,96.3,261,83.8,227,66.1,77,1,15.5,42,583,265,5.8,12.7,2.23
Josh Derry,176941,WR,MONMOUTH,10,8.1,12,76.6,80.0,4,5,0,6.3,4,0.32,35,231,0,74.3,75.3,88.2,43.3,88.2,2.1,5,2,94,0.8,2,242,0,52.0,59,93.8,227,76.4,185,126.6,77,5,20.7,50,921,473,8.0,15.6,4.06
Jared Richardson,164680,WR,PENN,10,11.0,19,60.5,37.5,6,16,1,11.5,6,0.09,32,267,0,58.2,73.6,74.0,,74.8,0.0,0,0,58,0.0,0,314,5,42.9,46,91.7,288,15.3,48,120.6,76,7,84.4,265,682,334,7.3,14.8,2.37
Mason Humphrey,172082,WR,LEHIGH,13,14.3,2,59.2,37.5,6,16,2,10.0,5,0.06,28,205,0,56.8,73.4,73.1,,74.5,0.0,0,0,37,0.0,0,312,5,46.6,45,93.6,292,3.8,12,105.5,76,5,96.2,300,587,81,1.8,13.0,2.01
Jackson Conners-McCarthy,174895,WR,MARIST,11,6.5,4,65.3,42.9,6,14,0,5.8,3,-0.24,23,213,1,76.3,48.2,64.3,78.7,64.0,8.5,29,1,62,0.6,2,341,0,35.7,49,93.5,319,69.8,238,88.5,75,3,20.2,69,436,272,5.6,8.9,1.37
JK Carter,148041,WR,MURRAY ST,12,14.6,2,56.0,50.0,5,10,0,4.5,2,-0.37,22,236,1,72.1,61.1,67.4,,67.0,0.0,0,8,44,0.0,0,296,0,34.3,42,94.6,280,12.5,37,44.7,75,1,87.5,259,560,153,3.6,13.3,2.0
Colin Chase,165302,WR,STTHOM,12,16.8,2,49.3,38.9,7,18,0,11.9,5,-0.21,28,1129,0,55.8,83.2,74.6,61.9,74.1,0.0,0,5,74,0.3,1,308,0,35.5,37,95.5,294,13.0,40,77.6,75,6,87.0,268,639,167,4.5,17.3,2.17
Levi Wentz,145365,WR,ALBANY,11,16.6,11,52.0,33.3,5,15,1,9.3,4,-0.13,31,106,0,65.2,73.3,69.4,,72.5,0.0,0,1,58,0.0,0,370,7,42.5,39,94.9,351,3.5,13,78.8,75,1,96.5,357,621,166,4.3,15.9,1.77
Jaylan Sanchez,160451,WR,VILLANOVA,14,10.7,15,52.7,22.2,2,9,0,11.4,5,-0.1,21,334,0,53.9,74.3,62.3,65.5,65.6,0.3,1,1,72,0.3,1,362,3,38.5,39,93.6,339,86.5,313,83.0,74,3,13.3,48,517,306,7.8,13.3,1.53
Carter Bell,104995,WR,S DAKOTA,14,11.3,8,71.6,33.3,2,6,0,3.6,2,0.24,35,291,0,83.0,88.2,84.5,,84.0,0.0,0,1,45,0.0,0,301,0,50.3,53,94.0,283,28.9,87,118.4,74,4,71.1,214,786,261,4.9,14.8,2.78
Javon Robinson,173924,WR,GRAMBLING,12,8.7,16,60.8,0.0,0,4,0,10.0,5,-0.28,21,177,0,63.3,79.4,65.1,,66.7,0.3,1,4,53,0.0,0,324,3,31.6,45,94.8,307,93.8,304,64.3,74,1,3.7,12,525,273,6.1,11.7,1.71
Sergio Morancy,148191,WR,N IOWA,12,12.1,2,51.4,6.3,1,16,0,13.6,6,0.1,26,255,0,50.6,78.5,66.1,,65.3,0.0,0,2,69,0.0,0,298,4,43.9,38,95.6,285,12.4,37,95.9,74,7,87.6,261,547,181,4.8,14.4,1.92
Mark Mahoney,148635,WR,BROWN,9,12.3,5,62.2,45.8,11,24,0,2.1,1,0.06,31,123,0,87.1,73.6,77.9,29.7,79.0,5.2,17,5,45,0.9,3,324,2,45.7,46,92.3,299,13.6,44,79.6,74,5,80.6,261,557,150,3.3,12.1,1.86
Rashad Rochelle,156502,WR,INDIANA ST,12,5.9,9,77.0,71.4,5,7,0,5.0,3,-0.02,29,191,0,79.5,83.7,77.8,,77.4,0.0,0,1,63,0.0,0,281,0,41.3,57,95.4,268,92.5,260,108.3,74,4,5.7,16,526,313,5.5,9.2,1.96
Scott Woods,148888,WR,HARVARD,10,6.2,6,72.6,50.0,4,8,0,5.4,3,0.2,27,179,1,77.5,67.7,71.0,54.4,69.7,0.0,0,0,65,0.0,0,317,1,45.5,53,94.3,299,94.6,300,107.6,73,3,5.4,17,549,375,7.1,10.4,1.84
Hollis Mathis,104797,WR,WM & MARY,12,7.7,17,72.6,66.7,6,9,0,11.7,7,0.14,29,348,0,56.2,77.6,76.8,,76.0,0.0,0,2,55,0.0,0,262,2,45.9,53,92.0,241,34.4,90,98.9,73,3,63.4,166,596,345,6.5,11.2,2.47
Bryson Canty,148731,WR,COLUMBIA,9,16.5,4,58.9,33.3,5,15,0,8.5,4,0.13,33,145,0,66.5,73.3,84.5,,84.4,0.0,0,3,55,0.0,0,264,0,46.5,43,97.0,256,22.7,60,117.0,73,9,77.3,204,760,157,3.7,17.7,2.97
John Erby,88754,WR,DUQUESNE,11,12.8,7,64.4,50.0,6,12,0,0.0,0,0.24,34,155,0,92.0,82.9,75.6,,79.5,0.0,0,3,45,0.0,0,339,0,46.0,47,95.3,323,87.0,295,113.9,73,8,12.7,43,679,236,5.0,14.4,2.1
Brennan Ridley,189014,WR,HAMPTON,12,9.8,4,72.2,33.3,3,9,1,5.5,3,0.01,26,178,0,76.7,52.5,67.1,,70.1,0.0,0,1,57,0.0,0,296,5,43.9,52,94.6,280,98.3,291,109.0,72,4,1.7,5,588,230,4.4,11.3,2.1
Brayden Munroe,176815,WR,N COLORADO,12,10.9,6,51.4,57.1,8,14,0,9.8,4,-0.28,18,253,0,56.6,84.6,59.7,,60.7,0.0,0,3,50,0.0,0,336,1,33.7,37,96.1,323,24.7,83,67.3,72,3,75.3,253,447,169,4.6,12.1,1.38
Jacquez Jones,152587,WR,NORFOLK,11,9.3,10,59.7,16.7,1,6,0,10.4,5,-0.13,21,244,0,60.4,74.9,71.1,,72.1,0.0,0,2,60,0.0,0,217,2,33.8,43,94.0,204,94.9,206,89.5,72,4,5.1,11,530,287,6.7,12.3,2.6
T.J. Speight,148001,WR,MONMOUTH,12,6.9,13,84.7,83.3,5,6,0,6.2,4,0.34,37,231,0,75.1,77.8,87.3,,88.1,1.1,3,0,89,0.0,0,272,0,51.2,61,94.9,258,84.6,230,146.5,72,6,14.3,39,904,654,10.7,14.8,3.5
Elijah Steward,159749,WR,LAFAYETTE,8,13.0,7,65.3,42.9,6,14,0,2.1,1,-0.04,28,203,0,86.8,73.7,80.8,61.9,82.4,0.5,1,2,46,0.5,1,211,3,44.8,47,95.7,202,6.6,14,86.8,72,1,92.9,196,644,214,4.6,13.7,3.19
Carson Persing,172060,WR,LAFAYETTE,12,6.8,3,76.1,33.3,1,3,0,5.3,3,-0.01,23,203,0,78.5,74.3,63.7,,65.6,0.3,1,3,45,0.0,0,330,1,46.1,54,96.1,317,96.4,318,75.0,71,0,3.3,11,463,193,3.6,8.6,1.46
Dakota Warfield,164316,WR,N ALABAMA,12,11.9,7,63.4,50.0,6,12,0,10.0,5,-0.04,28,389,0,56.2,73.6,65.9,68.0,67.2,0.3,1,3,36,0.3,1,398,3,40.4,45,94.5,376,11.8,47,84.5,71,3,87.9,350,564,161,3.6,12.5,1.5
AJ Barber,155366,WR,PRINCETON,10,11.8,2,54.9,0.0,0,5,0,7.1,3,-0.24,18,272,0,71.6,61.5,64.5,,64.0,0.0,0,8,41,0.0,0,326,1,34.3,39,94.8,309,84.7,276,43.3,71,2,14.7,48,437,207,5.3,11.2,1.41
Jimmy Kibble,162144,WR,GEORGETOWN,10,13.8,11,64.8,40.0,4,10,0,2.1,1,-0.1,35,172,0,87.2,73.6,84.0,,85.3,0.0,0,4,60,0.0,0,268,0,43.9,46,94.4,253,4.9,13,88.9,71,3,95.1,255,719,216,4.7,15.6,2.84
Junior Bergen,147642,WR,MONTANA,13,7.1,5,70.0,37.5,3,8,0,3.9,2,-0.03,23,232,0,81.8,66.7,70.2,,71.1,0.0,0,3,55,0.0,0,338,0,43.5,49,94.1,318,92.0,311,89.1,70,3,6.5,22,542,335,6.8,11.1,1.7
Nicholas Dunneman,177364,WR,GEORGETOWN,10,4.8,13,70.0,0.0,0,3,0,5.8,3,-0.13,27,172,0,75.4,66.2,68.1,,70.1,0.7,2,3,32,0.0,0,295,2,45.0,49,94.9,280,92.9,274,88.7,70,4,6.1,18,456,313,6.4,9.3,1.63
D.J. Rias,146573,WR,SAMFORD,11,8.0,11,71.0,41.7,5,12,0,3.9,2,-0.09,25,282,2,81.8,46.6,65.7,74.6,67.6,4.6,15,5,38,3.0,10,328,0,43.5,49,93.0,305,88.7,291,73.8,69,3,4.6,15,467,202,4.1,9.5,1.53
Trejon Spiller,153995,WR,PRVIEW A&M,12,15.0,2,49.3,40.0,4,10,0,10.5,4,-0.13,17,270,0,60.8,72.3,62.7,61.0,63.1,0.0,0,1,43,0.3,1,372,1,36.8,34,93.5,348,16.1,60,67.8,69,1,83.9,312,429,63,1.9,12.6,1.23
Samuel Gbatu Jr.,162378,WR,UC DAVIS,14,14.0,4,63.8,50.0,7,14,0,6.4,3,0.2,33,322,0,73.2,74.7,68.0,50.3,68.8,0.0,0,1,90,0.2,1,434,2,52.3,44,95.2,413,17.7,77,130.0,69,7,82.3,357,779,233,5.3,17.7,1.89
Phil Lutz,173613,WR,DELAWARE,11,15.7,14,65.2,50.0,4,8,0,4.3,2,0.19,34,151,0,79.9,73.3,81.3,,81.9,0.0,0,0,56,0.0,0,333,1,44.6,45,94.3,314,10.5,35,148.1,69,11,89.5,298,863,265,5.9,19.2,2.75
Joey Isabella,142453,WR,DUQUESNE,11,14.4,8,60.9,70.0,7,10,0,6.7,3,0.42,32,155,0,73.2,73.9,84.5,,85.0,0.0,0,6,85,0.0,0,262,1,50.4,42,95.4,250,72.1,189,102.8,69,11,27.9,73,772,311,7.4,18.4,3.09
Trey Radocha,143190,WR,DRAKE,11,8.9,1,75.4,66.7,6,9,0,1.9,1,-0.01,28,153,2,88.4,25.7,66.0,,68.3,0.0,0,3,63,0.0,0,345,1,46.0,52,94.5,326,24.6,85,99.4,69,4,75.4,260,552,195,3.8,10.6,1.69
Jacob WIldermuth,149796,WR,STTHOM,9,14.1,1,51.5,40.0,6,15,0,5.4,2,-0.09,16,1129,0,75.6,72.4,71.8,,71.5,0.4,1,5,38,0.0,0,238,0,38.2,35,95.8,228,57.1,136,58.1,68,4,42.4,101,394,85,2.4,11.3,1.73
Jamari Gassett,145690,WR,FL A&M,12,10.3,10,76.5,0.0,0,7,0,5.5,3,0.12,26,164,3,78.3,30.0,72.0,,71.8,0.0,0,1,55,0.0,0,324,1,44.6,52,93.5,303,67.3,218,140.0,68,7,32.1,104,751,352,6.8,14.4,2.48
Cole Thornton,143040,WR,FORDHAM,12,14.8,0,51.5,50.0,5,10,0,18.6,8,-0.41,18,168,0,35.2,80.2,55.9,,57.4,0.0,0,1,59,0.0,0,367,3,28.9,35,97.0,356,2.7,10,81.4,68,3,97.3,357,455,101,2.9,13.0,1.28
NyGhee Lolley,151718,WR,DELWARE ST,12,11.8,10,60.3,100.0,1,1,0,8.9,4,-0.28,22,152,2,65.7,26.6,59.7,,61.7,0.0,0,3,75,0.0,0,357,5,34.9,41,95.2,340,80.1,286,72.8,68,1,19.9,71,554,301,7.3,13.5,1.63
Darren Morris,167128,WR,SOUTHERN U,12,15.0,3,54.4,46.7,7,15,0,7.5,3,-0.14,22,297,0,69.1,72.6,63.4,,63.2,0.0,0,6,36,0.0,0,325,2,37.2,37,93.5,304,5.8,19,52.5,68,3,94.2,306,442,111,3.0,11.9,1.45
Isiah Williams,153962,WR,HOWARD,12,11.1,6,61.8,20.0,1,5,0,0.0,0,-0.16,27,184,0,91.3,60.4,65.2,,64.6,0.0,0,3,48,0.0,0,402,1,37.1,42,95.3,383,29.4,118,84.5,68,4,70.4,283,485,163,3.9,11.5,1.27
Nate Garnett Jr.,159927,WR,MOREHEAD,12,17.6,3,60.3,44.4,4,9,0,4.7,2,0.01,31,234,1,78.9,47.4,81.1,,82.7,0.0,0,2,88,0.0,0,268,1,36.9,41,94.0,252,6.0,16,121.6,68,6,94.0,252,921,278,6.8,22.5,3.65
Cooper Hutton,142156,WR,UC DAVIS,13,9.4,12,76.1,40.0,2,5,0,3.8,2,0.05,33,322,1,82.7,50.3,70.7,61.0,72.1,1.1,4,1,39,0.3,1,360,1,50.1,51,95.6,344,81.9,295,110.7,67,2,15.3,55,667,276,5.4,13.1,1.94
Eddie Kasper,164785,WR,ILL STATE,10,5.3,5,77.6,42.9,3,7,0,3.7,2,0.1,21,188,0,82.4,81.7,64.3,63.9,63.1,0.0,0,1,43,0.3,1,346,0,48.8,52,95.7,331,94.2,326,92.8,67,1,5.5,19,440,227,4.4,8.5,1.33
Cyrus Traugh,171539,WR,YNGTOWN ST,12,13.5,3,53.7,30.8,4,13,1,5.3,2,0.24,23,353,0,76.2,83.2,62.8,,62.3,0.0,0,1,44,0.0,0,345,2,49.7,36,98.6,340,4.1,14,91.0,67,5,95.9,331,409,109,3.0,11.4,1.2
Aaron Fontes,86638,WR,MONTANA,12,10.4,5,61.2,41.7,5,12,0,10.9,5,-0.03,20,232,0,59.8,75.0,67.8,,66.3,0.7,2,0,35,0.0,0,302,1,43.6,41,96.4,291,8.9,27,83.3,67,1,90.4,273,406,206,5.0,9.9,1.4
Ian Duarte,178254,WR,IDAHO ST,11,7.4,6,70.1,33.3,2,6,0,6.0,3,-0.04,24,186,0,75.1,73.6,65.9,,65.9,0.0,0,3,41,0.0,0,299,0,48.2,47,94.3,282,95.0,284,88.2,67,3,5.0,15,504,238,5.1,10.7,1.79
Malachi Henry,170550,WR,CENT ARK,12,11.0,8,61.2,30.0,3,10,0,2.4,1,0.05,29,132,1,84.9,73.0,68.1,,68.1,0.0,0,3,79,0.0,0,397,0,45.5,41,94.7,376,8.3,33,102.1,67,5,91.7,364,688,368,9.0,16.8,1.83
Kasey Hawthorne,138431,WR,HOWARD,11,11.7,8,59.7,27.3,3,11,0,2.4,1,-0.14,23,184,0,84.9,78.4,64.4,,62.9,0.0,0,2,34,0.0,0,355,1,36.8,40,94.9,337,15.8,56,80.5,67,3,83.1,295,421,200,5.0,10.5,1.25
Brendan Jenkins,177870,WR,SAMFORD,11,10.3,4,71.6,25.0,2,8,0,5.9,3,-0.03,27,282,0,75.1,78.6,65.0,,65.4,0.0,0,1,68,0.0,0,363,0,44.8,48,97.8,355,6.9,25,106.4,67,3,93.1,338,577,192,4.0,12.0,1.63
Landon Ellis,170902,WR,RICHMOND,13,9.9,5,77.3,81.8,9,11,1,8.9,5,0.28,29,276,1,65.8,46.1,69.3,,70.9,0.3,1,0,61,0.0,0,286,1,51.1,51,97.2,278,18.2,52,124.4,66,4,81.5,233,598,238,4.7,11.7,2.15
Justin Shorter,149419,WR,HOLY CROSS,12,14.7,2,59.1,40.0,4,10,1,7.1,3,0.24,26,181,0,71.2,66.1,68.3,,68.5,0.0,0,1,52,0.0,0,292,2,48.0,39,94.9,277,46.2,135,99.6,66,5,53.8,157,464,102,2.6,11.9,1.68
Carter Runyon,177002,TE,TOWSON,12,9.1,4,68.2,27.3,3,11,0,4.3,2,-0.02,25,317,0,80.6,73.5,70.2,59.6,73.5,48.2,196,1,49,9.8,40,407,4,45.3,45,84.3,343,47.9,195,109.5,66,5,1.2,5,502,236,5.2,11.2,1.46
Zion Booker,177939,WR,W CAROLINA,8,12.9,9,59.1,44.4,4,9,0,0.0,0,0.15,28,344,1,90.8,38.8,78.3,63.4,79.1,0.0,0,2,45,0.4,1,254,2,48.0,39,96.5,245,12.2,31,93.1,66,4,87.8,223,541,201,5.2,13.9,2.21
Mason Shipp,151158,WR,YALE,10,12.3,5,60.6,53.8,7,13,0,11.1,5,0.23,23,352,0,59.2,73.0,63.8,,63.1,0.0,0,0,32,0.0,0,348,3,48.3,40,94.0,327,3.7,13,90.6,66,2,96.3,335,442,138,3.5,11.1,1.35
Jaylon Domingeaux,172803,WR,SE LA,12,13.1,4,57.6,60.0,12,20,0,5.0,2,-0.26,20,294,0,63.4,72.7,59.1,,60.1,0.0,0,1,45,0.0,0,393,4,37.8,38,94.1,370,15.5,61,77.8,66,1,84.5,332,459,95,2.5,12.1,1.24
John Dunmore,101705,WR,TOWSON,12,14.0,7,63.6,60.0,6,10,0,4.5,2,-0.02,25,317,2,79.8,42.6,66.2,,66.6,0.3,1,1,80,0.0,0,395,3,45.0,42,92.7,366,10.1,40,112.7,66,5,89.6,354,612,253,6.0,14.6,1.67
Vinson Davis III,147920,WR,S ILLINOIS,11,9.2,10,57.6,57.1,4,7,0,17.4,8,0.06,23,295,0,38.6,77.0,63.1,,62.5,0.0,0,4,32,0.0,0,324,0,40.8,38,95.7,310,94.4,306,59.1,66,2,5.6,18,383,194,5.1,10.1,1.24
AJ Johnson,168341,WR,E TENN ST,11,14.0,7,60.6,44.4,8,18,1,0.0,0,-0.02,29,157,0,91.0,72.9,88.3,,90.0,0.0,0,6,75,0.0,0,217,2,46.0,40,93.1,202,12.0,26,86.8,66,6,88.0,191,662,199,5.0,16.6,3.28
Joanes Fortilien,160760,WR,JACKSON ST,13,16.0,3,60.6,36.4,4,11,0,2.4,1,0.2,31,194,1,84.7,39.5,79.0,,81.6,0.3,1,4,70,0.0,0,306,4,47.8,40,95.1,291,5.9,18,107.2,66,11,93.8,287,638,220,5.5,16.0,2.19
Andre Crawley,150502,WR,MORGAN ST,12,5.5,13,75.4,28.6,2,7,0,5.8,3,-0.02,26,235,0,76.4,75.1,71.6,,69.3,0.0,0,1,79,0.0,0,325,2,41.0,49,92.6,301,93.5,304,102.3,65,2,5.2,17,523,332,6.8,10.7,1.74
Jacob Petersen,149424,TE,HOLY CROSS,12,13.2,2,53.8,50.0,8,16,0,7.9,3,0.24,22,181,0,68.6,72.4,72.9,64.3,76.6,61.7,200,4,75,13.9,45,324,5,47.2,35,80.9,262,34.3,111,84.3,65,6,3.7,12,503,215,6.1,14.4,1.92
Jayvonne Dillard,178311,WR,NC A&T,12,11.0,5,55.4,60.0,9,15,0,10.0,4,-0.15,19,246,0,62.6,72.9,55.1,,54.2,0.0,0,0,43,0.0,0,412,2,38.3,36,93.2,384,7.8,32,75.2,65,0,92.2,380,421,148,4.1,11.7,1.1
Terry Matthews,150118,WR,NICHOLLS,11,12.9,9,54.7,11.1,1,9,1,14.6,6,-0.15,19,243,2,41.5,41.5,60.3,,60.5,0.0,0,2,52,0.0,0,324,2,36.7,35,96.0,311,35.2,114,64.7,64,0,64.8,210,462,151,4.3,13.2,1.49
J.J. Henry,146817,WR,ABILENE CH,14,9.0,10,65.6,0.0,0,1,0,12.5,6,0.1,28,100,0,53.9,75.7,66.3,,66.1,1.0,3,2,66,0.0,0,299,0,46.0,42,96.0,287,71.2,213,96.2,64,4,27.4,82,485,250,6.0,11.5,1.69
Mitchell January,160496,WR,DRAKE,11,10.7,4,67.2,0.0,0,4,1,8.5,4,0.11,28,153,0,66.6,73.6,65.4,,66.5,0.0,0,1,43,0.0,0,339,4,50.0,43,95.0,322,5.0,17,96.1,64,2,95.0,322,524,205,4.8,12.2,1.63
Chris Domercant,165058,WR,CHATTNOOGA,12,12.5,4,56.3,36.4,4,11,0,2.7,1,-0.01,27,137,0,83.4,72.6,72.3,,73.5,0.0,0,1,65,0.0,0,290,1,43.6,36,96.6,280,4.5,13,94.5,64,2,95.2,276,640,209,5.8,17.8,2.29
Tavarious Griffin,150829,TE,ALCORN ST,12,5.8,16,64.1,0.0,0,1,0,14.6,7,-0.18,14,107,1,49.0,60.5,62.7,53.2,57.4,38.1,134,1,47,11.9,42,352,3,37.2,41,85.8,302,59.1,208,73.2,64,0,1.7,6,372,321,7.8,9.1,1.23
Tra Neal,170886,WR,MONMOUTH,12,16.9,5,53.1,57.1,8,14,0,8.1,3,0.35,26,231,0,67.1,72.2,67.4,,67.3,0.0,0,1,51,0.0,0,287,2,52.0,34,96.9,278,7.7,22,108.2,64,7,92.3,265,490,104,3.1,14.4,1.76
Cam Pygatt,149353,WR,GEORGETOWN,11,10.0,6,56.3,22.2,2,9,0,5.3,2,-0.29,21,172,2,75.6,22.9,68.4,,67.4,0.0,0,1,77,0.0,0,275,0,38.3,36,96.0,264,26.2,72,85.6,64,2,73.8,203,503,223,6.2,14.0,1.91
VJ Wilkins,160356,WR,CAMPBELL,11,10.6,7,61.9,54.5,6,11,1,15.2,7,0.15,17,131,0,46.6,63.0,63.5,61.1,60.5,0.0,0,0,75,0.3,1,361,3,45.1,39,92.8,335,91.7,331,121.5,63,6,3.6,13,545,275,7.1,14.0,1.63
Shane Carr,186353,WR,SO UTAH,12,17.9,6,49.2,40.0,6,15,1,16.2,6,0.08,27,298,0,45.6,72.5,71.0,,70.3,0.0,0,2,56,0.0,0,320,3,41.7,31,94.4,302,28.4,91,103.0,63,6,71.6,229,626,147,4.7,20.2,2.07
Bryzai White,160752,TE,N ARIZONA,13,10.0,2,66.7,33.3,4,12,1,4.5,2,0.1,25,252,0,79.4,73.3,67.1,78.3,71.6,27.7,96,1,50,3.5,12,346,4,46.5,42,92.2,319,60.4,209,108.7,63,4,10.4,36,552,248,5.9,13.1,1.73
Brady Hutchison,160464,WR,COLGATE,12,9.0,9,71.4,44.4,4,9,0,4.3,2,-0.2,28,142,1,79.8,54.9,61.2,,61.7,0.0,0,5,57,0.0,0,433,2,39.8,45,98.2,425,3.0,13,90.0,63,5,97.0,420,530,240,5.3,11.8,1.25
Nick DeGennaro,129503,WR,RICHMOND,9,13.2,7,61.9,69.2,9,13,0,0.0,0,0.21,19,276,1,91.0,59.6,76.6,,77.4,0.0,0,1,60,0.0,0,232,1,48.0,39,95.7,222,19.8,46,104.9,63,4,80.2,186,555,208,5.3,14.2,2.5
Kelin Parsons,188567,WR,MERCER,14,11.6,8,66.7,50.0,8,16,0,8.7,4,-0.12,26,219,0,66.4,74.1,68.1,68.8,70.5,0.3,1,4,42,0.9,3,343,1,40.1,42,95.9,329,40.5,139,100.6,63,5,59.2,203,650,230,5.5,15.5,1.98
Trenton Leary,132721,WR,TEXAS STHN,11,9.7,7,68.3,66.7,2,3,0,6.5,3,-0.22,19,313,0,73.1,80.6,65.6,50.2,67.2,0.0,0,1,32,0.0,0,276,2,37.7,43,95.7,264,30.8,85,96.0,63,3,69.2,191,420,185,4.3,9.8,1.59
Jake Coleman,149504,WR,DAYTON,10,13.4,4,59.7,53.8,7,13,0,5.1,2,-0.23,26,150,0,76.7,72.7,70.7,,71.3,0.0,0,2,35,0.0,0,327,1,40.6,37,96.3,315,10.4,34,99.4,62,5,89.6,293,508,89,2.4,13.7,1.61
Jared Wilson,186234,WR,TXAMEA,10,11.0,4,53.2,20.0,2,10,0,2.9,1,-0.18,11,1139,1,82.2,35.0,49.7,,49.0,0.0,0,3,31,0.0,0,446,2,37.8,33,95.5,426,12.1,54,44.0,62,0,87.9,392,264,63,1.9,8.0,0.62
Einaj Carter,120737,WR,SCAR STATE,12,10.0,4,59.7,25.0,1,4,0,7.5,3,0.21,21,290,0,69.7,82.1,62.3,,61.9,0.0,0,3,75,0.0,0,361,2,47.2,37,93.6,338,38.5,139,103.0,62,6,61.5,222,582,303,8.2,15.7,1.72
Shamar Garrett,128323,WR,UTAHTC,10,6.4,4,58.1,40.0,2,5,0,14.3,6,-0.34,13,1285,0,48.5,68.6,61.2,70.8,63.1,0.0,0,2,24,0.5,1,206,0,35.2,36,95.6,197,56.8,117,59.0,62,1,38.8,80,247,164,4.6,6.9,1.25
Devin Smith,150475,WR,VILLANOVA,14,11.0,9,62.9,40.0,2,5,0,4.9,2,-0.06,23,334,0,77.1,57.5,65.1,,64.7,0.0,0,1,71,0.0,0,405,1,38.9,39,93.8,380,63.5,257,112.2,62,6,35.8,145,478,182,4.7,12.3,1.26
Marcus Calwise Jr.,185602,WR,E KENTUCKY,13,8.4,5,67.7,41.7,5,12,1,2.3,1,0.05,26,159,1,85.2,42.1,74.1,,76.5,0.7,2,1,67,0.0,0,274,3,43.9,42,92.0,252,96.0,263,114.9,62,5,3.3,9,538,231,5.5,12.8,2.13
Anthony Lowe,185179,WR,GARD-WEBB,12,12.0,13,64.5,40.0,4,10,0,0.0,0,-0.02,26,171,0,84.5,82.4,69.0,61.0,70.6,0.0,0,2,36,0.3,1,342,1,39.3,40,93.9,321,46.2,158,93.7,62,3,53.5,183,523,249,6.2,13.1,1.63
Ty McCullouch,71780,WR,MONTANA ST,16,10.5,6,66.1,70.0,7,10,0,14.6,7,0.37,23,233,0,41.7,76.9,66.5,,60.9,0.9,3,2,61,0.0,0,334,1,55.8,41,97.3,325,21.6,72,105.8,62,5,76.9,257,524,163,4.0,12.8,1.61
Ethan Hilliman,177302,WR,SACR HEART,11,10.1,0,54.1,43.8,7,16,1,15.4,6,-0.33,18,280,0,45.5,72.1,57.2,,60.3,0.0,0,2,44,0.0,0,252,4,31.0,33,97.2,245,15.9,40,71.5,61,3,84.1,212,316,129,3.9,9.6,1.29
Jer'Michael Carter,172737,WR,MCNEESE,12,12.4,5,62.3,25.0,2,8,0,7.3,3,-0.04,25,217,1,69.7,38.1,62.5,63.1,62.3,0.0,0,2,36,0.3,1,365,2,43.1,38,93.7,342,6.6,24,94.2,61,3,93.4,341,548,205,5.4,14.4,1.6
Jaxson Davis,178863,TE,MS VLY ST,7,12.2,3,50.8,54.5,6,11,0,6.1,2,0.01,21,228,0,72.9,71.9,74.0,70.3,86.7,42.5,94,5,38,7.2,16,221,1,39.2,31,90.0,199,51.6,114,43.3,61,1,5.4,12,404,134,4.3,13.0,2.03
Trey Cleveland,99570,WR,ABILENE CH,11,10.8,2,54.1,27.3,3,11,0,13.2,5,0.16,17,100,0,52.3,72.1,57.3,,56.9,0.0,0,1,37,0.0,0,320,1,47.4,33,97.5,312,10.3,33,67.2,61,1,89.7,287,313,56,1.7,9.5,1.0
Gabe Nunez,169559,WR,SO UTAH,12,9.0,12,72.1,66.7,4,6,0,6.4,3,0.2,30,298,0,74.1,83.6,76.6,,77.3,0.0,0,1,64,0.0,0,296,1,45.2,44,94.3,279,91.2,270,114.9,61,3,7.4,22,631,352,8.0,14.3,2.26
Chaz Davis,104092,WR,UC DAVIS,14,11.5,6,65.6,62.5,10,16,0,9.1,4,0.16,31,322,0,65.1,73.0,69.4,62.1,71.4,0.3,1,3,77,0.3,1,346,0,51.1,40,96.0,332,19.7,68,118.6,61,8,80.1,277,627,189,4.7,15.7,1.89
AJ Wilson,161436,WR,HOUCHR,12,17.5,6,48.3,37.5,6,16,1,9.4,3,-0.07,24,183,0,65.1,72.1,73.3,,73.9,0.0,0,2,97,0.0,0,304,3,35.0,29,93.8,285,8.2,25,120.1,60,8,91.4,278,825,347,12.0,28.4,2.89
Chris Carasia,149367,WR,LAFAYETTE,12,16.2,4,61.7,40.0,4,10,0,7.5,3,0.01,18,203,0,62.3,72.6,62.8,74.3,63.8,0.0,0,1,41,0.5,2,364,1,46.3,37,95.6,348,6.3,23,112.5,60,6,93.7,341,470,89,2.4,12.7,1.35
Bryant Williams,185236,WR,TENN STATE,12,12.3,9,61.7,53.8,7,13,0,2.6,1,0.15,20,308,0,83.4,72.6,62.2,,62.3,0.0,0,0,51,0.0,0,351,3,44.6,37,95.2,334,4.8,17,109.8,60,5,95.2,334,411,124,3.4,11.1,1.23
Brayden Smith,172688,WR,MERCER,11,10.3,5,57.6,40.0,4,10,0,10.5,4,-0.17,15,219,0,60.0,87.2,64.6,69.4,65.6,1.6,4,0,68,0.8,2,245,1,39.7,34,96.7,237,86.9,213,108.7,59,5,10.6,26,430,216,6.4,12.6,1.81
Dorrian Moultrie,109601,WR,HAMPTON,11,10.2,5,59.3,42.9,6,14,0,10.3,4,0.06,23,178,1,60.9,49.3,63.7,49.9,63.9,0.0,0,2,48,0.0,0,318,1,44.0,35,93.7,298,4.4,14,73.9,59,1,95.6,304,437,186,5.3,12.5,1.47
Sevonne Rhea,102928,WR,LAMAR,11,14.5,5,52.5,22.2,2,9,0,11.4,4,0.0,23,204,0,59.2,72.5,66.0,,66.2,0.0,0,4,80,0.0,0,297,2,39.4,31,90.6,269,29.6,88,84.5,59,5,70.0,208,547,196,6.3,17.6,2.03
Karim Page,168342,WR,E TENN ST,12,14.7,2,51.7,28.6,2,7,0,11.8,4,-0.17,20,157,0,58.7,72.0,64.2,61.9,64.2,0.0,0,3,36,0.3,1,294,0,40.3,30,94.2,277,12.6,37,50.4,58,0,87.4,257,373,126,4.2,12.4,1.35
Justice Hill,196833,WR,MURRAY ST,12,13.2,3,41.4,10.0,1,10,0,14.3,4,-0.26,14,236,0,51.2,76.0,59.5,,59.4,0.0,0,2,45,0.0,0,247,1,35.5,24,94.3,233,14.2,35,58.2,58,2,85.4,211,341,122,5.1,14.2,1.46
Julien Stokes,148953,WR,PENN,10,5.8,8,63.8,28.6,2,7,0,5.1,2,0.13,21,267,0,76.7,80.9,69.9,62.1,70.9,0.0,0,2,47,0.5,1,188,1,43.7,37,92.0,173,93.6,176,74.9,58,2,5.3,10,313,252,6.8,8.5,1.81
Chris Rhone,147089,WR,CHARLES SO,12,14.5,8,59.6,66.7,6,9,0,2.9,1,-0.26,25,135,0,82.2,72.2,72.7,49.9,72.9,0.0,0,3,70,0.0,0,309,2,33.9,34,97.4,301,9.7,30,96.2,57,4,90.3,279,588,149,4.4,17.3,1.95
Cincere Gill,177729,WR,PRESBYTERN,12,12.7,7,63.2,12.5,1,8,1,7.7,3,0.22,20,271,0,69.1,79.2,65.6,,63.8,0.0,0,1,79,0.0,0,364,6,44.3,36,95.3,347,9.9,36,118.9,57,5,90.1,328,578,278,7.7,16.1,1.67
Tremel Jones,186201,WR,TENN TECH,12,12.6,9,45.6,33.3,2,6,0,7.1,2,-0.27,13,309,0,69.2,77.7,60.1,,57.3,0.0,0,2,45,0.0,0,305,0,36.7,26,96.4,294,19.3,59,51.4,57,1,80.0,244,274,94,3.6,10.5,0.93
Camden Overton-Howard,159794,TE,GARD-WEBB,12,6.9,15,73.7,50.0,5,10,0,2.3,1,0.09,25,171,0,86.5,73.6,67.1,41.1,70.5,42.5,169,1,39,5.8,23,398,3,42.8,42,88.2,351,45.2,180,94.6,57,1,8.5,34,446,243,5.8,10.6,1.27
Luke Wooten,149438,WR,BUTLER,12,14.0,9,63.2,60.0,6,10,0,7.7,3,0.15,27,127,0,68.6,74.8,79.5,62.1,82.5,0.5,1,0,70,0.5,1,210,1,46.3,36,95.2,200,81.4,171,111.7,57,2,18.1,38,620,276,7.7,17.2,3.1
Josh Heverly,149617,WR,SAN DIEGO,11,14.4,1,49.1,28.6,2,7,0,6.7,2,0.05,18,283,0,70.7,71.5,63.3,,61.9,0.3,1,2,43,0.0,0,323,0,44.4,28,94.7,306,34.4,111,93.9,57,6,65.3,211,416,88,3.1,14.9,1.36
Joey Corcoran,142314,WR,NEW HAMP,11,9.9,3,67.9,62.5,5,8,0,5.0,2,-0.04,20,240,0,76.7,79.7,63.0,69.5,62.4,0.0,0,1,56,0.5,2,371,2,42.7,38,95.4,354,7.5,28,108.3,56,4,92.5,343,448,111,2.9,11.8,1.27
Chris Gundy,163167,WR,VALPO,11,11.9,3,51.8,50.0,3,6,0,3.3,1,-0.41,18,332,0,80.1,73.8,65.0,63.8,64.6,0.0,0,2,57,0.4,1,247,1,29.7,29,95.1,235,46.6,115,58.4,56,1,53.0,131,297,116,4.0,10.2,1.26
Sam Hicks,158584,HB,ABILENE CH,14,0.4,15,82.1,0.0,0,1,0,6.1,3,0.24,16,100,0,74.5,65.3,81.6,58.0,70.2,1.2,5,1,28,14.8,60,405,0,46.9,46,83.2,337,11.6,47,103.1,56,3,1.0,4,349,385,8.4,7.6,1.04
Marqeese Dietz,155299,WR,ALBANY,12,9.5,4,57.1,42.9,3,7,1,17.9,7,0.01,15,106,0,39.3,74.5,60.6,,58.4,0.0,0,1,38,0.0,0,293,1,45.7,32,96.2,282,98.0,287,65.1,56,0,2.0,6,307,76,2.4,9.6,1.09
Eric Denham,170742,WR,PORTLAND,11,15.6,2,60.7,100.0,6,6,1,2.9,1,0.2,21,269,1,83.1,25.2,69.0,40.6,74.0,0.0,0,3,42,0.7,2,282,3,46.2,34,93.3,263,93.6,264,86.1,56,3,3.2,9,509,105,3.1,15.0,1.94
Javonte Graves-Billips,149847,WR,CITADEL,12,10.8,11,54.5,0.0,0,3,0,6.3,2,-0.07,17,139,0,72.2,77.8,64.5,,65.2,3.0,7,2,66,0.0,0,230,0,38.2,30,95.7,220,87.0,200,88.5,55,4,5.2,12,421,223,7.4,14.0,1.91
Shemar Savage,178659,WR,PRVIEW A&M,9,15.0,10,49.1,43.8,7,16,0,15.6,5,-0.18,22,270,0,45.9,71.8,66.9,,70.0,0.4,1,1,47,0.0,0,274,7,35.7,27,92.0,252,18.6,51,95.4,55,4,81.0,222,472,108,4.0,17.5,1.87
Raiden Brown,178258,WR,IDAHO ST,12,8.5,2,69.1,57.1,4,7,0,2.6,1,0.07,17,186,0,84.2,72.8,60.7,19.7,60.5,0.0,0,2,46,0.3,1,324,0,45.6,38,94.4,306,91.7,297,89.0,55,3,8.3,27,347,89,2.3,9.1,1.13
Maleek Huggins,147957,WR,BETH COOK,12,12.6,3,69.1,50.0,3,6,0,5.0,2,0.02,25,119,1,77.6,45.1,70.8,,71.0,0.0,0,0,62,0.0,0,299,0,42.4,38,89.3,267,23.1,69,120.0,55,3,76.9,230,557,169,4.4,14.7,2.09
Jake Thaw,129600,WR,DELAWARE,11,6.6,2,74.5,55.6,5,9,0,2.4,1,-0.06,17,151,0,85.7,81.9,69.0,62.1,70.9,0.9,2,1,29,0.4,1,227,1,43.9,41,92.1,209,94.7,215,112.4,55,5,3.5,8,336,188,4.6,8.2,1.61
Jaceon Doss,173503,WR,TOWSON,12,12.5,4,50.9,40.0,6,15,1,12.5,4,-0.03,19,317,0,56.6,73.2,61.0,,60.6,0.0,0,5,76,0.0,0,352,3,44.8,28,93.2,328,9.1,32,57.9,55,3,90.9,320,437,158,5.6,15.6,1.33
Kobe Warden,122815,WR,N ALABAMA,12,7.7,3,78.2,50.0,3,6,0,8.5,4,-0.04,26,389,0,66.4,83.3,66.2,61.9,68.1,0.0,0,1,56,0.3,1,323,4,41.9,43,93.5,302,93.5,302,116.4,55,3,6.5,21,517,223,5.2,12.0,1.71
Kam Robinson,150189,WR,CENT ARK,11,11.9,6,58.2,40.0,2,5,0,3.0,1,0.1,20,132,0,81.8,74.5,60.0,,61.1,0.0,0,3,54,0.0,0,321,1,45.1,32,94.7,304,94.4,303,55.0,55,0,5.6,18,358,140,4.4,11.2,1.18
Deuce McMillan,161425,WR,HOUCHR,11,12.3,6,49.1,25.0,1,4,0,12.9,4,-0.13,12,183,0,55.6,35.4,56.4,,57.9,0.0,0,5,59,0.0,0,282,1,34.8,27,95.7,270,93.6,264,55.3,55,4,6.0,17,342,145,5.4,12.7,1.27
Jmariyae Robinson,164812,WR,MO STATE,12,10.3,5,70.4,20.0,1,5,0,15.6,7,0.27,22,230,1,42.6,26.0,66.2,44.8,67.6,0.3,1,3,44,0.3,1,293,0,50.2,38,94.2,276,52.9,155,107.3,54,4,46.8,137,583,230,6.1,15.3,2.11
Bryce Parker,173016,WR,UTAHTC,12,11.7,5,48.1,54.5,6,11,0,7.1,2,-0.2,18,1285,0,69.2,75.7,63.3,,62.3,0.4,1,2,75,0.0,0,278,0,35.3,26,95.3,265,49.6,138,82.6,54,4,50.0,139,403,157,6.0,15.5,1.52
Shawn Harris Jr.,105004,WR,RHODE ISLD,14,13.2,2,50.0,23.1,3,13,0,10.0,3,-0.03,14,274,0,63.3,51.1,60.9,,61.6,0.4,1,4,42,0.0,0,275,2,47.1,27,95.6,263,62.2,171,46.1,54,1,36.7,101,350,138,5.1,13.0,1.33
Jordan Nabors,127151,WR,STF AUSTIN,12,15.1,5,53.7,33.3,4,12,3,6.5,2,0.1,21,301,0,71.4,75.3,66.0,63.1,66.7,0.0,0,2,96,0.3,1,333,6,42.6,29,97.6,325,13.8,46,108.9,54,6,86.2,287,524,241,8.3,18.1,1.61
De'Andre Tamarez,166545,WR,W CAROLINA,12,14.1,10,61.1,66.7,2,3,0,8.3,3,0.12,27,344,1,66.4,38.6,64.4,,63.9,0.0,0,0,61,0.0,0,409,2,48.3,33,96.1,393,19.1,78,134.6,54,6,80.9,331,578,193,5.8,17.5,1.47
Onuma Dieke,128080,WR,ELON,11,13.0,8,64.8,63.6,7,11,1,5.4,2,0.06,21,162,0,75.1,72.9,64.8,,66.1,0.0,0,1,70,0.0,0,317,2,43.2,35,95.6,303,9.5,30,102.8,54,2,90.2,286,545,156,4.5,15.6,1.8
James Burns,130513,WR,PRVIEW A&M,9,17.0,1,57.4,25.0,2,8,0,8.8,3,-0.16,16,270,0,65.7,73.1,69.4,,68.4,0.0,0,3,80,0.0,0,186,1,37.2,31,98.4,183,25.3,47,81.9,54,3,74.7,139,474,154,5.0,15.3,2.59
Joaquin Davis,150441,WR,NC CENT,11,15.6,3,56.6,20.0,1,5,0,11.8,4,0.18,25,247,0,56.6,71.7,66.4,,66.2,0.0,0,4,40,0.0,0,256,0,45.3,30,94.9,243,8.2,21,78.2,53,4,91.4,234,448,103,3.4,14.9,1.84
Branden Alvarez,70865,WR,PORTLAND,10,13.3,8,67.9,41.7,5,12,0,0.0,0,0.12,23,269,0,84.3,43.7,68.6,,71.8,0.0,0,3,50,0.0,0,294,1,43.3,36,93.5,275,44.2,130,104.4,53,5,55.8,164,481,143,4.0,13.4,1.75
Jordan Hull,109604,WR,DELWARE ST,12,11.0,2,56.6,42.9,3,7,1,16.7,6,-0.23,14,152,0,43.4,72.5,50.9,,50.4,0.0,0,0,28,0.0,0,341,3,36.2,30,95.6,326,10.6,36,75.7,53,1,89.4,305,256,74,2.5,8.5,0.79
Max Mosey,163921,WR,HOLY CROSS,12,15.9,7,69.8,66.7,8,12,0,5.1,2,0.29,28,181,0,77.1,52.0,82.6,,84.2,0.4,1,1,84,0.0,0,263,2,48.6,37,94.3,248,30.8,81,142.2,53,6,68.8,181,714,235,6.4,19.3,2.88
Desmond Hutson,101738,WR,N IOWA,12,7.4,9,71.7,50.0,5,10,1,7.3,3,0.14,23,255,0,70.5,73.0,71.2,62.6,72.3,0.4,1,0,49,0.4,1,274,3,46.2,38,96.0,263,76.3,209,111.0,53,2,23.4,64,466,185,4.9,12.3,1.77
MJ Flowers,134081,HB,E ILLINOIS,12,1.6,13,83.0,100.0,2,2,0,6.4,3,-0.03,13,158,1,73.1,86.4,76.5,47.4,72.5,0.0,0,1,64,27.7,114,411,0,43.9,44,70.1,288,1.5,6,105.0,53,3,0.5,2,347,290,6.6,7.9,1.2
Taco Dowler,164387,WR,MONTANA ST,16,9.6,5,73.1,75.0,3,4,0,5.0,2,0.44,30,233,0,76.7,77.0,74.1,,79.9,1.1,3,0,72,0.0,0,262,2,57.0,38,98.5,258,87.4,229,150.5,52,11,9.5,25,598,292,7.7,15.7,2.32
Cole Monach,165282,WR,SAN DIEGO,10,12.7,2,55.8,14.3,1,7,0,6.5,2,0.01,20,283,0,73.0,73.7,61.6,,63.3,0.0,0,0,39,0.0,0,307,4,43.0,29,95.1,292,72.0,221,96.8,52,3,26.4,81,362,107,3.7,12.5,1.24
Nah'Shawn Hezekiah,154739,WR,S ILLINOIS,11,13.8,5,46.2,41.7,5,12,0,22.6,7,-0.07,17,295,0,28.9,73.5,58.2,,55.9,0.0,0,4,50,0.0,0,336,0,40.4,24,94.3,317,13.1,44,52.9,52,2,86.9,292,394,116,4.8,16.4,1.24
Winston Moore,171985,WR,COLGATE,11,8.4,5,61.5,60.0,3,5,1,5.9,2,-0.23,16,142,0,73.4,78.6,60.6,,58.9,0.0,0,3,45,0.0,0,280,1,40.1,32,97.9,274,82.5,231,52.0,52,0,17.1,48,283,106,3.3,8.8,1.03
Logan Booher,158922,WR,CAL POLY,9,9.3,4,67.3,50.0,4,8,0,0.0,0,-0.09,17,129,0,90.4,73.1,58.9,68.0,57.4,1.5,5,2,32,0.6,2,325,0,39.1,35,91.4,297,96.6,314,83.1,52,2,1.8,6,351,82,2.3,10.0,1.18
Myles Kitt-Denton,121392,WR,NWSTATE,12,13.6,7,50.0,30.8,4,13,0,10.3,3,-0.28,11,257,0,60.7,75.5,60.1,,62.2,0.0,0,2,75,0.0,0,244,2,25.6,26,95.9,234,2.0,5,96.1,52,5,98.0,239,453,194,7.5,17.4,1.94
Ethan Loss,161299,WR,BUTLER,12,13.6,5,61.5,54.5,6,11,0,5.9,2,0.23,22,127,0,74.1,73.2,79.2,,80.2,0.0,0,4,71,0.0,0,216,2,49.3,32,95.8,207,7.4,16,105.7,52,6,92.6,200,573,211,6.6,17.9,2.77
Mekai Felton,143042,WR,FORDHAM,11,13.0,1,44.2,37.5,3,8,0,25.8,8,-0.29,14,168,0,24.2,70.9,53.7,,54.3,0.0,0,3,52,0.0,0,286,2,30.4,23,97.9,280,93.7,268,48.2,52,1,6.3,18,335,81,3.5,14.6,1.2
Michael Briscoe,142810,WR,CAL POLY,11,15.9,4,49.0,60.0,3,5,0,10.7,3,0.0,16,129,0,59.5,73.5,65.9,67.8,62.4,0.0,0,2,95,0.6,2,321,0,40.9,25,91.9,295,9.3,30,96.7,51,4,90.7,291,538,185,7.4,21.5,1.82
Mohamed Diawara,178379,WR,MARIST,11,13.0,1,43.1,40.0,4,10,1,15.4,4,-0.19,18,213,0,48.8,78.1,60.4,57.7,60.0,0.3,1,0,48,0.6,2,335,1,35.5,22,92.2,309,58.2,195,90.8,51,4,41.2,138,326,82,3.7,14.8,1.06
Dervon Pesnell,102561,WR,CITADEL,12,16.3,1,50.0,33.3,3,9,0,7.4,2,-0.11,15,139,0,69.4,71.2,69.5,,69.0,0.0,0,2,54,0.0,0,229,1,36.2,25,96.5,221,0.0,0,72.1,50,1,100.0,229,460,141,5.6,18.4,2.08
Bisi Owens,164679,WR,PENN,10,12.3,4,70.0,63.6,7,11,0,5.4,2,0.21,19,267,0,75.1,72.5,67.4,,67.6,0.0,0,0,66,0.0,0,289,0,45.3,35,92.4,267,12.5,36,138.6,50,5,87.5,253,538,196,5.6,15.4,2.01
JJ Galbreath,141848,TE,S DAKOTA,10,9.5,4,66.0,20.0,1,5,0,13.2,5,0.17,19,291,1,54.1,72.3,70.6,66.5,84.0,73.0,165,0,80,4.9,11,226,3,49.1,33,88.9,201,21.2,48,123.1,50,4,5.3,12,472,256,7.8,14.3,2.35
Izaha Jones,165763,WR,LAMAR,10,14.0,2,38.0,0.0,0,6,0,24.0,6,-0.18,10,204,0,28.1,72.7,52.3,,51.8,0.0,0,1,47,0.0,0,261,1,35.9,19,90.0,235,6.5,17,52.2,50,1,93.5,244,241,57,3.0,12.7,1.03
Randall King,197063,WR,CAMPBELL,12,11.1,6,62.0,60.0,3,5,0,8.8,3,0.03,17,131,0,66.4,74.1,67.0,61.1,66.9,0.0,0,2,65,0.4,1,270,2,42.2,31,94.8,256,2.6,7,85.0,50,2,97.0,262,415,203,6.5,13.4,1.62
Parker Woodring,159274,WR,CORNELL,10,8.4,3,74.0,66.7,6,9,0,5.1,2,0.04,16,147,0,76.2,72.6,60.6,83.6,60.0,0.3,1,2,32,0.6,2,347,0,43.2,37,94.8,329,4.6,16,105.4,50,5,94.8,329,300,108,2.9,8.1,0.91
Rylan Davison,186611,WR,MERCYHURST,11,7.3,4,84.0,85.7,6,7,0,2.3,1,0.15,27,977,0,85.9,74.1,66.7,,66.8,0.0,0,1,61,0.0,0,389,1,48.4,42,95.1,370,18.0,70,129.2,50,5,81.5,317,450,191,4.5,10.7,1.22
Kristian Tate,174469,WR,DELWARE ST,12,16.9,3,54.0,33.3,3,9,1,6.9,2,-0.23,18,152,0,70.1,78.3,57.7,,58.9,0.0,0,2,60,0.0,0,367,2,35.9,27,96.5,354,6.3,23,83.6,50,3,93.7,344,398,98,3.6,14.7,1.12
Shawn Charles,104965,WR,ROB MORRIS,11,10.6,9,71.4,42.9,3,7,0,2.8,1,0.06,21,277,1,82.7,46.5,72.9,62.1,74.7,0.4,1,2,86,0.4,1,233,1,43.2,35,93.1,217,35.2,82,130.7,49,5,63.5,148,623,370,10.6,17.8,2.87
Cal Redman,104904,TE,STNY BROOK,12,8.9,3,65.3,55.6,5,9,1,13.5,5,0.13,23,303,1,45.5,36.4,63.2,61.5,62.8,37.9,131,0,34,10.4,36,346,2,44.7,32,86.4,299,58.7,203,116.5,49,4,2.9,10,386,160,5.0,12.1,1.29
Ryder Kurtz,171148,TE,CORNELL,9,7.1,1,73.5,40.0,2,5,0,2.7,1,0.2,18,147,0,84.5,72.9,68.0,64.3,75.3,66.6,207,1,68,19.0,59,311,1,47.5,36,77.2,240,28.3,88,119.5,49,4,5.1,16,441,271,7.5,12.3,1.84
Solomon Miller,161841,WR,BROWN,9,13.7,2,49.0,18.2,2,11,0,14.3,4,-0.11,13,123,0,43.0,75.2,57.8,,56.3,0.3,1,2,87,0.0,0,307,0,40.8,24,94.1,289,45.0,138,75.5,49,3,54.7,168,343,212,8.8,14.3,1.19
Cameren Smith,161150,HB,W ILLINOIS,11,2.4,5,69.4,0.0,0,6,0,8.1,3,0.27,16,345,0,68.5,66.7,69.6,68.6,63.5,6.3,25,0,81,27.3,108,395,1,50.5,34,69.4,274,7.6,30,120.5,49,5,0.0,0,313,278,8.2,9.2,1.14
Marcus Chretien,159089,WR,WEBER ST,11,9.3,3,71.4,42.9,3,7,0,0.0,0,0.02,17,342,0,90.3,72.3,67.2,,68.2,0.0,0,0,29,0.0,0,241,2,44.7,35,98.3,237,7.1,17,95.6,49,1,92.9,224,320,126,3.6,9.1,1.35
Aanjay Feliciano,165338,WR,STETSON,10,11.2,2,63.3,50.0,5,10,0,8.8,3,-0.14,16,302,0,65.7,72.0,56.4,,56.1,0.0,0,0,36,0.0,0,303,1,40.9,31,94.4,286,3.6,11,115.5,49,5,96.4,292,314,65,2.1,10.1,1.1
Isaiah Scott,185945,WR,WOFFORD,12,13.6,7,57.1,75.0,6,8,0,6.7,2,-0.26,16,350,1,71.4,33.2,61.5,,62.2,0.0,0,3,39,0.0,0,304,1,36.2,28,96.4,293,12.8,39,61.1,49,1,87.2,265,354,61,2.2,12.6,1.21
Christian Anaya,164384,WR,W ILLINOIS,10,12.3,0,65.3,54.5,6,11,0,0.0,0,0.19,17,345,1,90.0,36.6,61.7,,60.0,0.0,0,3,40,0.0,0,344,0,47.7,32,93.3,321,8.7,30,72.4,49,2,91.3,314,327,51,1.6,10.2,1.02
Allen Middleton,171504,WR,S ILLINOIS,12,9.6,5,67.3,57.1,4,7,0,5.7,2,-0.31,21,295,1,74.7,56.7,69.2,75.9,70.5,0.0,0,1,48,0.9,2,230,1,36.0,33,92.2,212,80.4,185,97.9,49,2,8.7,20,407,202,6.1,12.3,1.92
Caden Dennis,162163,WR,N DAKOTA,12,7.4,4,66.7,20.0,1,5,0,8.6,3,-0.08,15,249,0,66.4,73.4,56.6,,57.1,0.0,0,2,19,0.0,0,305,1,42.9,32,92.5,282,45.2,138,68.5,48,1,54.4,166,245,118,3.7,7.7,0.87
Will Downes,109276,WR,MARIST,9,17.0,7,39.6,22.2,2,9,0,13.6,3,-0.07,14,213,0,53.5,70.2,58.7,,59.0,0.0,0,3,28,0.0,0,279,1,39.8,19,92.8,259,10.4,29,53.3,48,3,89.6,250,270,79,4.2,14.2,1.04
Kendall Harris,172682,WR,MERCER,13,8.2,12,68.8,55.6,5,9,0,15.4,6,-0.15,17,219,0,46.8,72.9,61.9,61.0,62.0,0.0,0,0,36,0.4,1,250,2,39.7,33,96.4,241,3.6,9,95.0,48,1,96.4,241,330,175,5.3,10.0,1.37
Cory Nichols,192448,WR,LIUSHAR,12,12.1,8,47.9,50.0,5,10,0,17.9,5,-0.01,16,1298,1,33.9,47.6,57.2,,56.2,0.8,3,2,42,0.0,0,356,2,39.4,23,95.5,340,8.7,31,67.9,48,2,90.2,321,338,80,3.5,14.7,0.99
Dez Williams,144213,WR,STNY BROOK,12,12.7,3,62.5,54.5,6,11,0,3.2,1,0.12,16,303,0,80.9,71.9,61.4,,61.0,0.0,0,2,40,0.0,0,365,1,47.4,30,94.2,344,8.5,31,83.7,48,2,91.5,334,380,113,3.8,12.7,1.1
Damien Jones,178494,WR,ALCORN ST,12,9.9,1,62.5,0.0,0,3,0,9.1,3,-0.17,15,107,1,64.3,32.7,57.4,,57.5,0.0,0,4,42,0.0,0,247,3,38.3,30,95.1,235,27.5,68,51.8,48,1,72.5,179,293,120,4.0,9.8,1.25
Lucas Kopecky,186392,WR,VILLANOVA,11,15.5,2,54.2,45.5,5,11,0,3.7,1,-0.01,12,334,0,70.9,71.5,63.8,65.5,64.5,0.4,1,2,26,0.4,1,230,5,41.3,26,92.2,212,5.2,12,70.0,48,2,94.3,217,302,51,2.0,11.6,1.42
Chase Nenad,70591,WR,YALE,10,10.6,6,68.8,27.3,3,11,0,5.7,2,0.26,15,352,0,74.0,72.1,55.5,,55.9,0.0,0,2,31,0.0,0,324,2,48.5,33,93.5,303,9.3,30,95.6,48,4,90.7,294,297,71,2.2,9.0,0.98
Isaiah Spencer,172908,WR,JACKSON ST,13,12.0,1,74.5,25.0,1,4,0,2.8,1,0.24,21,194,0,82.8,73.6,74.9,62.1,76.4,0.0,0,1,67,0.4,1,236,2,49.3,35,94.9,224,78.0,184,135.7,47,4,22.0,52,631,250,7.1,18.0,2.82
Cody Jackson,144621,WR,TARLETON,14,16.1,6,61.7,25.0,1,4,0,14.7,5,0.22,21,401,0,48.0,71.6,69.0,,68.2,0.0,0,2,58,0.0,0,276,1,51.5,29,94.9,262,5.8,16,118.8,47,8,94.2,260,490,180,6.2,16.9,1.87
Amar Johnson,148220,HB,S DAK ST,15,0.5,4,63.8,0.0,0,1,0,11.8,4,0.18,13,292,0,58.4,76.2,83.5,66.4,67.9,0.0,0,1,31,11.9,30,252,0,47.9,30,84.1,212,7.9,20,74.2,47,1,4.0,10,233,230,7.7,7.8,1.1
Egypt Nelson,172724,WR,VA MILT IN,11,14.6,6,44.7,25.0,2,8,1,8.7,2,-0.6,10,336,0,64.7,71.5,54.3,,56.7,0.0,0,5,51,0.0,0,275,3,26.7,21,95.3,262,12.4,34,31.1,47,1,87.6,241,274,94,4.5,13.0,1.05
Eni Falayi,147417,TE,UTAHTC,6,8.9,2,68.1,27.3,3,11,0,0.0,0,-0.08,20,1285,0,90.0,72.5,77.7,62.5,83.7,37.0,81,0,81,9.6,21,219,2,41.2,32,86.8,190,45.2,99,132.7,47,5,17.8,39,433,206,6.4,13.5,2.28
Gary Givens III,189126,WR,VALPO,11,13.7,5,48.9,50.0,2,4,0,8.0,2,-0.35,16,332,0,66.7,70.7,68.6,,69.0,0.0,0,3,39,0.0,0,223,1,32.2,23,96.0,214,13.0,29,68.8,47,3,87.0,194,352,156,6.8,15.3,1.64
Kyndon Fuselier,165757,WR,LAMAR,12,11.1,8,66.0,75.0,9,12,0,8.8,3,-0.07,21,204,1,65.1,82.0,73.0,44.6,72.8,0.4,1,0,47,0.0,0,252,1,36.0,31,90.5,228,91.7,231,118.0,47,2,7.9,20,528,186,6.0,17.0,2.32
Paxton Scott,148839,WR,DARTMOUTH,6,8.6,6,72.3,62.5,5,8,0,0.0,0,0.27,26,148,0,90.1,72.8,81.4,,82.3,0.0,0,0,44,0.0,0,154,0,45.0,34,90.9,140,88.3,136,113.0,47,2,11.7,18,411,196,5.8,12.1,2.94
Tanaka Scott,144569,WR,N ALABAMA,12,13.5,2,55.3,16.7,1,6,0,7.1,2,-0.18,19,389,0,70.7,71.5,71.9,,72.0,6.8,19,7,41,0.0,0,281,0,39.5,26,94.7,266,79.4,223,67.0,47,3,12.1,34,419,106,4.1,16.1,1.58
Tyler Kirkwood,141800,WR,SOUTHERN U,11,13.0,4,38.3,11.1,1,9,0,10.0,2,-0.14,11,297,1,61.5,56.2,53.4,,51.9,0.0,0,1,54,0.0,0,300,0,35.3,18,95.3,286,99.3,298,49.3,47,0,0.7,2,273,100,5.6,15.2,0.95
Kolbe Katsis,185014,WR,N ARIZONA,11,9.3,6,72.3,20.0,1,5,1,8.1,3,0.05,22,252,0,69.7,73.3,72.8,,74.1,0.0,0,0,88,0.0,0,235,2,44.8,34,94.9,223,37.0,87,121.1,47,2,61.3,144,502,295,8.7,14.8,2.25
Quan Lee,158446,WR,FL A&M,11,11.5,8,61.7,71.4,5,7,0,9.4,3,0.04,21,164,0,65.7,33.2,66.3,,66.5,0.0,0,1,46,0.0,0,286,2,43.6,29,93.0,266,43.4,124,87.7,47,2,56.6,162,326,159,5.5,11.2,1.23
Garrett Cody,104932,WR,FORDHAM,7,16.7,0,39.1,18.2,2,11,0,10.0,2,-0.45,9,168,0,61.3,69.9,57.1,,57.4,0.0,0,1,39,0.0,0,197,0,27.5,18,95.9,189,6.6,13,42.9,46,0,93.4,184,191,51,2.8,10.6,1.01
Brody Reina,165228,WR,DAVIDSON,11,18.0,2,54.3,22.2,2,9,0,13.8,4,0.07,18,149,0,52.4,71.2,76.0,,79.4,0.0,0,2,43,0.0,0,150,1,43.8,25,96.0,144,15.3,23,108.1,46,6,84.7,127,433,65,2.6,17.3,3.01
Donnie Cheers,171793,WR,SE MO ST,13,11.8,0,52.2,28.6,4,14,0,11.1,3,-0.17,14,293,0,59.8,71.1,60.6,62.6,60.2,0.0,0,3,31,0.4,1,262,1,39.7,24,95.8,251,56.5,148,48.6,46,1,43.5,114,254,50,2.1,10.6,1.01
Scrappy Osby,160850,WR,NICHOLLS,12,9.0,0,60.9,50.0,1,2,0,3.4,1,-0.18,14,243,0,80.0,72.2,65.2,,66.8,0.0,0,3,84,0.0,0,236,4,36.7,28,95.8,226,95.8,226,71.5,46,2,3.8,9,346,135,4.8,12.4,1.53
Winston Williams,162391,TE,UC DAVIS,14,7.5,2,73.9,57.1,4,7,2,5.6,2,0.17,15,322,0,75.1,72.7,66.6,65.7,60.9,63.2,247,2,31,22.5,88,391,6,52.8,34,73.7,288,26.1,102,109.1,46,6,6.6,26,265,69,2.0,7.8,0.92
Nicholas Howard,197024,WR,GRAMBLING,12,14.9,3,54.3,33.3,2,6,0,13.8,4,-0.24,15,177,0,52.4,71.2,61.1,,60.8,0.0,0,0,35,0.0,0,237,1,31.3,25,97.0,230,4.6,11,88.1,46,2,95.4,226,290,137,5.5,11.6,1.26
Tyler Daniels,186211,WR,TXAMEA,12,12.4,2,54.3,50.0,3,6,0,7.4,2,-0.16,12,1139,0,68.4,71.1,57.2,63.1,56.9,0.0,0,1,58,0.3,1,317,1,35.8,25,93.1,295,95.3,302,77.9,46,1,4.7,15,357,99,4.0,14.3,1.21
Andrew Montez,192758,WR,BRYANT,12,11.8,2,52.2,46.2,6,13,1,20.0,6,0.1,16,124,1,33.7,29.4,55.8,65.6,55.9,0.0,0,2,29,0.6,2,324,4,44.5,24,95.1,308,30.2,98,83.5,46,4,69.8,226,299,75,3.1,12.5,0.97
Jerry Garcia Jr.,148425,WR,RICHMOND,13,11.0,7,68.9,0.0,0,2,0,16.2,6,0.38,18,276,0,44.5,76.5,67.1,,65.9,0.4,1,0,48,0.0,0,229,0,52.0,31,97.4,223,80.8,185,113.0,45,2,17.5,40,418,218,7.0,13.5,1.87
Worth Warner,142608,TE,PRESBYTERN,12,9.3,2,60.0,33.3,1,3,1,10.0,3,0.12,17,271,1,63.4,36.6,57.2,56.1,63.9,79.1,257,0,40,10.5,34,325,7,42.7,27,85.5,278,16.9,55,96.2,45,2,1.2,4,316,186,6.9,11.7,1.14
DJ Nelson,149247,TE,ALAB A&M,11,12.0,0,51.1,33.3,4,12,1,4.2,1,-0.06,12,104,0,76.5,70.7,60.3,70.6,60.5,14.7,41,2,35,4.3,12,279,5,40.9,23,90.7,253,22.9,64,64.7,45,2,59.5,166,256,73,3.2,11.1,1.01
Jayden Ivory,177244,WR,ST FRANCIS,11,11.2,2,57.8,0.0,0,3,0,10.3,3,-0.28,16,299,1,60.5,29.0,58.3,,59.5,0.0,0,0,52,0.0,0,272,0,36.6,26,98.5,268,91.9,250,83.1,45,0,7.4,20,355,97,3.7,13.7,1.32
Sawyer Racanelli,131910,WR,MONTANA,14,10.6,1,66.7,53.8,7,13,0,3.2,1,0.0,16,232,0,81.4,72.0,62.4,,60.5,1.5,5,0,81,0.0,0,336,0,44.4,30,95.2,320,36.9,124,110.3,45,2,61.6,207,409,165,5.5,13.6,1.28
ShunDerrick Powell,154768,HB,CENT ARK,11,-2.8,16,82.2,33.3,1,3,0,11.9,5,0.14,10,132,2,56.6,54.9,86.2,60.4,57.6,0.0,0,0,69,17.5,42,240,0,45.6,37,78.8,189,4.2,10,120.7,45,3,1.7,4,344,459,12.4,9.3,1.82
Dequan Stanley,144496,WR,E KENTUCKY,10,9.8,7,57.8,60.0,6,10,0,10.3,3,-0.1,14,159,0,60.7,71.2,67.9,,67.8,0.9,2,4,75,0.0,0,211,0,43.3,26,95.3,201,95.3,201,84.3,45,5,3.3,7,368,210,8.1,14.2,1.83
Kam'ryn Thomas,191814,WR,NORFOLK,10,17.3,3,48.9,50.0,3,6,0,12.0,3,-0.15,11,244,0,56.1,72.4,62.2,,65.4,0.0,0,1,49,0.0,0,178,6,34.3,22,93.3,166,44.9,80,79.8,45,2,55.1,98,339,78,3.5,15.4,2.04
Champ Dozier,174515,WR,HOUCHR,11,5.8,6,59.1,25.0,1,4,0,7.1,2,-0.36,10,183,0,69.2,65.9,63.9,77.7,62.6,0.0,0,2,42,14.1,25,177,0,31.2,26,84.2,149,60.5,107,64.9,44,1,6.8,12,263,168,6.5,10.1,1.77
Elijah Tau-Tolliver,147785,HB,SACRAMENTO,11,-1.3,12,86.4,50.0,1,2,0,9.5,4,-0.01,14,279,1,63.1,75.5,70.1,43.7,65.8,0.3,1,0,30,31.2,98,314,1,45.7,38,66.6,209,3.8,12,111.8,44,2,5.1,16,317,369,9.7,8.3,1.52
Quincy Craig,159061,HB,PORTLAND,11,5.7,5,68.2,50.0,3,6,0,6.3,2,0.2,14,269,0,72.1,88.9,74.0,54.8,67.0,0.4,1,0,43,5.2,13,248,2,46.7,30,85.9,213,39.5,98,126.1,44,5,2.8,7,310,182,6.1,10.3,1.46
Zavion Taylor,159377,WR,INDIANA ST,12,8.4,3,75.0,0.0,0,4,0,2.9,1,0.01,12,191,0,81.8,74.1,61.1,63.8,59.6,0.0,0,1,45,0.3,1,289,0,41.9,33,95.5,276,83.7,242,97.9,44,2,15.2,44,292,93,2.8,8.8,1.06
Dupree Fuller,167135,TE,SOUTHERN U,13,6.4,5,72.7,42.9,3,7,0,8.6,3,-0.01,16,297,0,65.7,72.0,73.5,48.5,84.1,83.9,156,0,31,10.8,20,186,1,37.7,32,83.3,155,15.6,29,114.5,44,2,0.0,0,387,204,6.4,12.1,2.5
Ivan Thorpe,160924,WR,VA MILT IN,11,3.3,3,68.2,100.0,3,3,0,6.3,2,-0.42,8,336,0,72.1,81.8,56.5,54.4,56.6,0.0,0,0,21,0.5,1,199,1,29.7,30,97.0,193,95.0,189,76.0,44,0,3.5,7,181,106,3.5,6.0,0.94
Branson Adams,150005,HB,W CAROLINA,12,1.6,3,84.1,57.1,4,7,0,2.6,1,0.04,10,344,0,83.4,79.1,76.5,24.3,63.9,0.3,1,2,48,18.0,61,339,0,45.7,37,79.4,269,3.8,13,82.0,44,1,2.9,10,282,248,6.7,7.6,1.05
Maxwell James,148356,WR,MONMOUTH,11,16.0,0,51.2,53.8,7,13,0,12.0,3,0.42,19,231,1,57.5,27.7,58.9,,59.6,0.0,0,2,42,0.0,0,239,0,51.5,22,95.0,227,6.3,15,84.7,43,4,93.7,224,293,61,2.8,13.3,1.29
Ricky Gonzalez II,177351,WR,FORDHAM,12,12.5,2,46.5,0.0,0,7,0,4.8,1,-0.22,10,168,0,74.4,70.2,56.1,,56.2,0.0,0,3,35,0.0,0,295,2,33.8,20,95.3,281,5.1,15,42.7,43,1,94.9,280,239,45,2.3,12.0,0.85
Lance Mason,127157,TE,MO STATE,12,5.8,4,79.1,20.0,1,5,0,2.9,1,0.28,22,230,0,82.7,72.3,82.5,74.7,90.5,84.1,174,1,82,7.2,15,207,1,52.0,34,88.9,184,9.7,20,148.6,43,6,2.9,6,590,425,12.5,17.4,3.21
Teree McDonald,171720,WR,WAGNER,12,10.8,2,60.5,100.0,3,3,0,10.3,3,-0.05,13,338,0,60.7,72.1,53.0,61.9,54.5,0.0,0,1,80,0.3,1,293,5,36.3,26,92.8,272,8.5,25,112.4,43,5,91.5,268,318,99,3.8,12.2,1.17
Jaden Proctor,160039,WR,TXAMEA,8,12.3,2,60.5,33.3,2,6,0,3.7,1,-0.24,12,1139,1,78.4,71.9,65.2,,65.4,0.0,0,2,36,0.0,0,207,0,36.9,26,95.7,198,98.1,203,69.7,43,1,1.9,4,298,73,2.8,11.5,1.51
Grahm Goering,148225,WR,S DAK ST,10,13.8,2,58.1,50.0,6,12,0,16.7,5,0.05,18,292,0,44.3,71.6,65.4,,64.0,0.0,0,2,45,0.0,0,237,0,44.1,25,96.6,229,16.0,38,104.8,43,5,84.0,199,360,121,4.8,14.4,1.57
Nate DeMontagnac,148138,WR,N DAKOTA,11,11.2,1,44.2,33.3,2,6,1,17.4,4,0.02,12,249,1,44.0,27.6,56.9,,57.1,0.0,0,2,38,0.0,0,218,2,44.7,19,94.5,206,4.6,10,58.1,43,2,95.4,208,238,61,3.2,12.5,1.16
Chris Corbo,159302,TE,DARTMOUTH,10,9.6,3,74.4,50.0,5,10,0,3.0,1,0.17,16,148,0,81.4,72.4,75.0,70.6,73.7,17.7,38,2,36,3.3,7,215,1,46.6,32,91.6,197,76.3,164,114.8,43,7,6.0,13,315,118,3.7,9.8,1.6
D'Vontae Key,122754,WR,MO STATE,12,12.1,1,58.1,50.0,6,12,0,21.9,7,0.16,18,230,0,28.9,31.9,58.4,62.1,56.9,0.0,0,0,62,0.3,1,371,0,46.6,25,96.2,357,11.6,43,113.1,43,3,88.4,328,406,94,3.8,16.2,1.14
Paul Marsh,153965,WR,CENT CT ST,11,16.3,2,46.5,55.6,5,9,0,16.7,4,-0.19,11,133,0,44.2,70.8,65.0,,67.5,1.2,2,1,49,0.0,0,171,2,39.5,20,94.7,162,22.2,38,87.1,43,3,76.0,130,337,72,3.6,16.9,2.08
Kerrick Ross,178881,WR,MS VLY ST,6,10.0,7,62.8,25.0,1,4,0,6.9,2,-0.35,14,228,0,70.0,77.1,62.1,,62.7,0.9,2,5,34,0.0,0,215,1,32.4,27,96.3,207,38.1,82,66.1,43,3,57.2,123,289,116,4.3,10.7,1.4
Jessie Campbell III,147837,WR,MCNEESE,10,15.5,0,42.9,20.0,2,10,0,18.2,4,0.01,11,217,0,40.8,69.9,55.1,60.9,55.0,0.4,1,3,39,0.4,1,232,3,41.8,18,94.4,219,7.8,18,41.0,42,1,91.8,213,252,44,2.4,14.0,1.15
Ephraim Floyd,168347,WR,E TENN ST,12,16.1,6,52.4,40.0,2,5,0,0.0,0,-0.1,13,157,0,86.7,74.4,63.6,,62.6,0.4,1,3,34,0.0,0,270,2,44.2,22,91.9,248,88.9,240,63.4,42,2,10.4,28,318,160,7.3,14.5,1.28
Giovanni Adopte,176885,WR,GARD-WEBB,12,12.6,4,52.4,30.0,3,10,0,8.3,2,0.23,16,171,0,66.8,70.7,61.9,,65.3,0.0,0,4,40,0.0,0,245,3,48.3,22,95.5,234,8.2,20,55.2,42,2,91.8,225,334,99,4.5,15.2,1.43
Reece Thomas,173086,WR,LNDNWD,12,7.1,7,64.3,50.0,3,6,1,10.0,3,-0.16,17,949,1,63.3,30.1,62.6,66.0,62.7,0.0,0,3,28,0.8,2,245,1,38.1,27,93.5,229,76.7,188,73.2,42,2,23.3,57,317,165,6.1,11.7,1.38
Tevarrius Adams,102341,WR,ALCORN ST,12,6.7,0,61.9,28.6,2,7,1,3.7,1,-0.16,16,107,0,78.4,73.7,54.8,,57.9,0.7,2,1,32,0.0,0,307,3,36.5,26,96.4,296,59.9,184,71.5,42,0,39.4,121,280,158,6.1,10.8,0.95
Jamarien Dalton,148331,WR,ELON,11,11.6,8,73.8,40.0,2,5,0,0.0,0,-0.11,19,162,0,89.5,71.9,66.5,,66.3,0.4,1,1,30,0.0,0,279,0,40.0,31,95.0,265,9.3,26,110.0,42,2,90.3,252,408,136,4.4,13.2,1.54
Calvin Wiggins,98218,WR,HOUCHR,12,15.1,1,26.2,26.7,4,15,0,8.3,1,-0.3,8,183,0,64.6,68.7,53.5,,53.7,0.0,0,1,28,0.0,0,249,0,34.6,11,95.2,237,9.6,24,31.7,42,0,90.4,225,147,14,1.3,13.4,0.62
Jordan Bly,145345,WR,GARD-WEBB,10,7.5,6,66.7,0.0,0,2,1,0.0,0,0.04,11,171,0,88.6,76.5,59.5,62.1,60.4,0.0,0,4,42,0.4,1,247,3,41.5,28,95.1,235,94.7,234,69.6,42,3,4.5,11,280,205,7.3,10.0,1.19
Lorenzo Jenkins,170118,WR,BETH COOK,12,16.1,0,54.8,60.0,3,5,0,4.2,1,0.1,12,119,0,77.4,70.9,58.2,62.1,59.1,0.0,0,0,44,0.4,1,280,2,47.1,23,92.1,258,16.4,46,99.8,42,3,83.6,234,285,32,1.4,12.4,1.1
DeQuadrion Welch,186066,WR,ALAB A&M,8,12.6,2,52.4,50.0,2,4,0,8.3,2,-0.01,14,104,0,66.7,76.6,71.5,68.5,71.1,0.0,0,2,44,1.1,2,178,2,40.4,22,92.1,164,93.8,167,81.6,42,3,6.2,11,322,114,5.2,14.6,1.96
Quincy Brown,144698,WR,NICHOLLS,7,11.8,3,58.5,30.0,3,10,0,4.0,1,-0.02,13,243,1,77.2,28.5,67.1,,66.4,0.0,0,0,35,0.0,0,163,2,40.6,24,94.5,154,11.0,18,105.9,41,3,89.0,145,302,69,2.9,12.6,1.96
Parker Olthoff,160505,TE,DRAKE,12,7.0,3,56.1,0.0,0,6,0,11.5,3,-0.02,9,153,0,58.4,70.9,48.0,73.6,46.8,56.9,228,2,40,6.0,24,401,1,46.0,23,88.8,356,33.2,133,74.5,41,3,9.0,36,213,124,5.4,9.3,0.6
Ta'ir Brooks,156919,WR,N ARIZONA,13,14.4,2,56.1,55.6,5,9,0,8.0,2,0.08,17,252,0,67.6,70.9,66.6,,64.6,0.0,0,1,68,0.0,0,297,0,46.4,23,94.3,280,10.8,32,113.1,41,4,89.2,265,412,99,4.3,17.9,1.47
Kymari Gray,165410,WR,HAMPTON,10,8.5,4,58.5,14.3,1,7,1,11.1,3,-0.03,15,178,0,50.1,70.9,55.8,,56.3,0.0,0,2,45,0.0,0,247,4,44.9,24,91.9,227,4.5,11,70.0,41,2,95.5,236,228,124,5.2,9.5,1.0
Jake Young,162766,TE,W CAROLINA,12,7.7,4,68.3,40.0,2,5,0,6.7,2,0.09,19,344,0,71.4,71.6,49.2,32.8,54.9,59.0,291,1,22,11.6,57,493,4,45.9,28,84.6,417,28.0,138,97.7,41,2,11.4,56,321,125,4.5,11.5,0.77
Jacardia Wright,99250,HB,MO STATE,12,-0.5,14,80.5,33.3,1,3,1,8.3,3,0.31,16,230,0,52.3,90.8,77.3,18.7,61.2,0.0,0,1,60,18.7,59,316,2,51.3,33,78.5,248,2.2,7,112.3,41,2,3.2,10,389,438,13.3,11.8,1.57
Chris Harris,148162,WR,N DAK ST,16,11.1,3,70.7,100.0,3,3,0,6.5,2,0.39,20,250,0,72.1,71.7,64.2,,63.9,0.0,0,0,49,0.0,0,243,1,56.0,29,95.5,232,18.9,46,117.1,41,2,81.1,197,392,131,4.5,13.5,1.69
Jordan Kelley,159257,WR,COLUMBIA,10,10.6,5,61.0,0.0,0,7,0,10.7,3,0.15,12,145,1,59.7,28.6,57.3,,57.2,0.0,0,1,29,0.0,0,275,0,46.5,25,97.8,269,3.3,9,80.3,41,1,96.7,266,290,107,4.3,11.6,1.08
Mason Pierce,104954,WR,INCAR WORD,14,5.6,4,75.6,66.7,2,3,0,11.4,4,0.13,10,189,1,57.4,58.6,54.7,,55.4,0.4,1,0,22,0.0,0,228,2,43.8,31,96.1,219,93.4,213,100.9,41,2,6.1,14,192,102,3.3,6.2,0.88
Braylon Henderson,109500,WR,N DAK ST,14,11.7,5,70.7,40.0,2,5,0,6.5,2,0.48,16,250,0,64.3,73.2,62.1,,61.5,0.4,1,0,32,0.0,0,258,3,59.8,29,95.3,246,70.9,183,110.9,41,2,28.7,74,331,121,4.2,11.4,1.35
Chaz Davis,186903,WR,MERCYHURST,10,8.0,3,70.7,100.0,3,3,0,9.4,3,0.04,12,977,1,63.3,62.0,64.9,,61.7,0.0,0,0,29,0.0,0,188,0,44.8,29,96.3,181,96.8,182,97.8,41,1,3.2,6,282,114,3.9,9.7,1.56
Jacari Carter,142525,WR,ALBANY,11,14.5,2,53.7,20.0,1,5,0,8.3,2,-0.04,9,106,0,65.7,57.9,63.0,,63.1,0.0,0,2,52,0.0,0,214,1,45.5,22,94.4,202,15.0,32,72.5,41,2,85.0,182,293,49,2.2,13.3,1.45
Max Patterson,145128,WR,DELAWARE,11,12.2,4,62.5,44.4,4,9,0,7.4,2,0.28,13,151,0,69.2,71.2,61.6,,61.9,0.9,2,1,39,0.0,0,234,1,49.1,25,92.3,216,6.8,16,74.0,40,0,92.3,216,290,97,3.9,11.6,1.34
Chason Barber,161825,WR,BROWN,10,16.8,0,47.5,20.0,2,10,1,0.0,0,0.0,13,123,0,85.9,70.2,65.8,,66.0,0.0,0,1,44,0.0,0,219,1,46.1,19,93.2,204,0.5,1,62.7,40,0,99.5,218,302,47,2.5,15.9,1.48
Breylin Smith,160547,WR,HOWARD,11,10.8,8,47.5,40.0,2,5,0,9.5,2,-0.28,9,184,0,63.6,28.5,53.1,,55.9,0.0,0,1,30,0.0,0,252,3,32.6,19,94.8,239,94.4,238,62.1,40,1,5.6,14,216,117,6.2,11.4,0.9
Jonathan Harris,172750,WR,MCNEESE,12,13.1,3,50.0,28.6,2,7,0,13.0,3,-0.13,11,217,0,54.9,70.9,64.1,,65.1,0.0,0,1,61,0.0,0,169,1,40.0,20,94.7,160,94.1,159,75.2,40,1,5.3,9,322,122,6.1,16.1,2.01
Daniel Haughton,159315,WR,DARTMOUTH,10,10.0,9,67.5,18.2,2,11,0,6.9,2,0.18,18,148,0,70.7,71.5,66.3,62.6,65.2,0.0,0,2,72,0.3,1,287,0,45.8,27,94.8,272,19.2,55,107.4,40,3,80.8,232,431,214,7.9,16.0,1.58
Thomas Nance,100938,TE,BETH COOK,12,4.8,3,85.0,75.0,3,4,0,2.9,1,-0.11,20,119,0,82.8,72.7,67.3,62.6,81.5,66.8,171,0,45,15.6,40,256,5,40.4,34,75.0,192,27.3,70,121.3,40,2,2.7,7,364,225,6.6,10.7,1.9
JoJo Bermudez,164134,WR,DELAWARE,6,8.6,7,62.5,50.0,3,6,0,3.8,1,0.0,10,151,0,77.8,39.7,67.2,,66.1,1.4,2,0,38,0.0,0,146,1,40.6,25,94.5,138,21.2,31,85.0,40,1,77.4,113,216,113,4.5,8.6,1.57
Jayleen Record,144374,WR,WEBER ST,12,9.1,4,62.5,25.0,1,4,0,7.4,2,-0.02,12,342,0,69.2,71.6,57.4,,58.6,0.0,0,1,53,0.0,0,243,1,40.4,25,96.7,235,98.8,240,115.8,40,5,1.2,3,312,214,8.6,12.5,1.33
Kyree Benton,174457,WR,DELWARE ST,11,8.8,2,65.0,25.0,1,4,0,0.0,0,-0.24,11,152,0,88.0,74.5,62.3,,61.2,0.0,0,0,48,0.0,0,226,3,32.9,26,95.6,216,65.5,148,100.6,40,2,34.1,77,266,116,4.5,10.2,1.23
Chandler Whitfield,97111,WR,SOUTHERN U,9,16.0,3,60.0,50.0,3,6,0,7.7,2,-0.04,17,297,0,70.0,77.7,69.2,,69.1,0.0,0,2,42,0.0,0,230,2,39.9,24,92.6,213,22.2,51,106.9,40,4,77.8,179,406,108,4.5,16.9,1.91
Michael Shulikov,178255,WR,IDAHO ST,11,11.1,1,51.3,58.3,7,12,0,9.1,2,0.06,12,186,1,64.7,27.2,54.9,63.9,53.5,0.0,0,2,26,0.4,1,236,1,47.1,20,92.8,219,61.9,146,75.4,39,4,37.7,89,166,28,1.4,8.3,0.76
Joe Stoffel,125309,TE,N DAK ST,16,7.2,3,71.8,25.0,1,4,0,3.4,1,0.49,21,250,0,79.5,71.5,75.2,77.7,74.7,77.2,213,2,37,5.1,14,276,2,60.8,28,89.1,246,17.8,49,113.9,39,5,5.1,14,316,177,6.3,11.3,1.28
Hakeem Meggett,164505,WR,E TENN ST,12,20.5,2,53.8,22.2,2,9,0,16.0,4,-0.12,14,157,1,47.3,28.5,67.0,0.0,67.2,0.0,0,2,68,0.0,0,195,1,36.5,21,92.8,181,10.8,21,88.3,39,2,88.7,173,427,81,3.9,20.3,2.36
Layne Pryor,148184,TE,N IOWA,11,5.4,3,76.9,40.0,2,5,0,0.0,0,0.03,14,255,1,89.2,32.7,71.1,72.3,61.5,65.3,186,0,24,8.1,23,285,3,42.4,30,88.8,253,30.9,88,109.1,39,2,2.8,8,242,130,4.3,8.1,0.96
Ja'Vion Griffin,148422,WR,RICHMOND,11,13.9,3,53.8,36.4,4,11,0,4.5,1,0.02,17,276,0,75.2,70.4,64.3,,65.8,0.0,0,1,32,0.0,0,240,0,45.1,21,97.9,235,6.3,15,77.8,39,1,93.8,225,309,107,5.1,14.7,1.31
Patrick Wagner,165329,TE,STTHOM,10,8.8,7,61.5,27.3,3,11,0,0.0,0,-0.28,10,1129,0,87.7,71.3,63.4,68.9,70.7,84.8,201,1,32,15.2,36,237,2,33.3,24,82.3,195,8.0,19,76.3,39,1,5.1,12,235,102,4.3,9.8,1.21
Malique Leatherbury,177052,WR,MORGAN ST,12,6.9,7,71.8,0.0,0,1,0,6.7,2,0.15,10,235,0,70.9,83.4,60.5,,60.3,0.0,0,0,46,0.0,0,201,1,44.0,28,95.5,192,99.0,199,96.8,39,1,1.0,2,247,138,4.9,8.8,1.29
Carver Cheeks,176809,WR,N COLORADO,8,12.0,2,48.7,41.7,5,12,0,9.5,2,-0.07,12,253,0,62.7,71.1,67.4,,64.1,0.0,0,0,75,0.0,0,170,2,34.5,19,97.1,165,10.6,18,96.2,39,2,89.4,152,341,161,8.5,17.9,2.07
Ron Vann Jr.,147446,WR,E KENTUCKY,13,12.3,2,53.8,40.0,2,5,0,8.7,2,0.1,12,159,1,66.7,27.7,57.4,,56.8,0.4,1,2,20,0.0,0,282,3,44.2,21,94.0,265,5.7,16,56.7,39,1,94.0,265,211,54,2.6,10.0,0.8
Tristin Duncan,192930,WR,W ILLINOIS,11,9.8,2,65.8,33.3,2,6,0,7.4,2,0.25,13,345,1,68.4,28.6,59.5,,58.7,0.0,0,0,47,0.0,0,257,1,48.4,25,94.9,244,23.0,59,95.2,38,1,77.0,198,269,107,4.3,10.8,1.1
Devin Herring,181187,WR,ALAB A&M,12,10.3,5,55.3,33.3,2,6,0,12.5,3,-0.02,12,104,1,54.9,27.6,55.5,60.9,56.2,0.0,0,3,24,0.4,1,253,1,41.7,21,94.5,239,60.5,153,46.7,38,0,39.5,100,287,148,7.0,13.7,1.2
Markell Quick,174404,WR,NC CENT,10,12.9,3,68.4,33.3,1,3,0,7.1,2,0.16,17,247,0,69.2,76.8,74.2,61.9,74.8,0.5,1,0,63,0.5,1,188,0,45.3,26,95.7,180,93.1,175,150.8,38,5,6.4,12,527,241,9.3,20.3,2.93
Joe Gillette,109605,WR,MAINE,11,13.1,5,76.3,66.7,2,3,0,0.0,0,-0.02,17,212,0,89.8,73.1,70.6,,71.3,0.4,1,1,55,0.0,0,251,0,45.5,29,92.8,233,25.5,64,123.7,38,2,74.1,186,469,150,5.2,16.2,2.01
Caleb Borders,168338,WR,GARD-WEBB,10,15.3,2,55.3,37.5,3,8,0,4.5,1,0.03,15,171,0,75.2,71.2,62.2,,62.4,0.0,0,0,35,0.0,0,219,1,40.5,21,93.6,205,17.4,38,91.1,38,1,82.6,181,312,69,3.3,14.9,1.52
RaJa Nelson,125301,WR,N DAK ST,8,12.6,0,68.4,40.0,4,10,0,0.0,0,0.28,16,250,0,88.0,72.9,69.9,,71.5,0.6,1,2,33,0.0,0,168,0,53.8,26,94.6,159,79.8,134,91.8,38,3,19.0,32,258,25,1.0,9.9,1.62
Jayce Freeman,164607,WR,STNY BROOK,11,14.3,5,60.5,40.0,2,5,1,4.2,1,0.16,22,303,0,77.2,73.9,68.1,,67.8,0.0,0,0,70,0.0,0,297,2,45.7,23,94.9,282,11.4,34,144.2,38,6,88.6,263,507,169,7.3,22.0,1.8
Gerard Bullock Jr.,164014,TE,TENN STATE,13,6.2,5,65.8,55.6,5,9,0,0.0,0,0.01,10,308,0,87.7,71.1,51.9,75.2,55.8,56.8,249,3,32,13.9,61,438,3,41.2,25,82.0,359,37.4,164,64.8,38,2,5.0,22,212,101,4.0,8.5,0.59
CJ Nelson,162514,WR,E ILLINOIS,11,11.6,3,52.6,12.5,1,8,0,13.0,3,0.13,12,158,0,63.6,70.8,54.9,,55.9,0.0,0,2,40,0.0,0,269,2,44.2,20,95.9,258,88.8,239,62.3,38,1,11.2,30,269,116,5.8,13.5,1.04
KeShawn Toney,99179,TE,SCAR STATE,11,5.0,4,78.9,66.7,2,3,0,0.0,0,0.16,22,290,0,90.0,72.1,69.3,75.7,76.5,64.9,203,0,27,10.2,32,313,0,46.0,30,85.0,266,29.1,91,128.9,38,3,2.9,9,328,231,7.7,10.9,1.23
Malik Knight,159944,WR,W CAROLINA,12,15.8,3,60.5,58.3,7,12,1,4.2,1,0.23,16,344,0,77.2,70.9,66.8,,70.8,0.0,0,2,48,0.0,0,191,3,46.4,23,93.2,178,6.8,13,82.3,38,1,93.2,178,392,103,4.5,17.0,2.2
Chauncey Spikes,159896,WR,NC CENT,11,14.8,3,47.4,33.3,2,6,0,14.3,3,0.15,12,247,0,50.6,69.9,56.7,,55.1,0.0,0,2,66,0.0,0,257,1,46.5,18,95.3,245,2.3,6,75.7,38,3,97.7,251,271,112,6.2,15.1,1.11
Rohan Jones,159125,TE,MONTANA ST,14,6.7,6,78.9,62.5,5,8,0,9.1,3,0.34,20,233,0,64.1,72.4,79.9,70.0,84.5,50.8,92,0,70,13.3,24,181,1,53.4,30,85.6,155,47.5,86,157.7,38,9,0.6,1,469,269,9.0,15.6,3.03
Caden Burti,156807,WR,ALBANY,12,12.0,1,65.8,88.9,8,9,0,3.8,1,0.02,19,106,0,77.8,71.8,65.2,,65.8,0.0,0,2,26,0.0,0,273,0,45.9,25,94.1,257,33.0,90,92.1,38,3,67.0,183,281,53,2.1,11.2,1.09
Terrance Gipson,97413,WR,E ILLINOIS,6,11.6,1,60.5,40.0,2,5,0,11.5,3,-0.14,13,158,0,57.3,73.1,67.9,,67.4,0.0,0,2,46,0.0,0,153,0,43.5,23,96.1,147,2.0,3,61.8,38,0,98.0,150,285,54,2.3,12.4,1.94
J'Mari Taylor,150482,HB,NC CENT,11,2.4,9,81.6,50.0,1,2,0,3.1,1,0.2,13,247,0,80.9,91.1,86.3,71.9,77.4,0.0,0,1,39,20.0,51,255,0,45.9,31,75.7,193,2.0,5,104.5,38,2,0.4,1,285,226,7.3,9.2,1.48
Tsion Nunnally,146509,WR,IDAHO ST,7,8.7,4,67.6,40.0,2,5,0,0.0,0,0.18,11,186,0,87.7,71.1,61.8,64.7,60.2,0.0,0,3,19,0.5,1,201,0,48.7,25,94.5,190,81.6,164,63.1,37,2,18.4,37,182,78,3.1,7.3,0.96
Tay Lanier,78216,WR,N ARIZONA,13,13.6,1,70.3,42.9,3,7,0,7.1,2,0.07,18,252,0,69.2,71.9,70.1,,73.8,0.0,0,1,52,0.0,0,190,1,43.9,26,94.7,180,23.7,45,131.9,37,4,75.8,144,413,111,4.3,15.9,2.29
Jalen McDonald,171626,WR,MERRIMACK,11,17.9,1,48.6,50.0,3,6,0,5.3,1,-0.11,10,385,0,73.6,75.4,65.4,69.2,62.6,0.5,1,2,49,0.9,2,220,1,39.5,18,94.5,208,11.4,25,89.9,37,4,88.2,194,300,101,5.6,16.7,1.44
Matt Robbert,148749,TE,RICHMOND,12,6.8,2,64.9,25.0,1,4,0,11.1,3,0.14,14,276,0,59.5,71.3,62.2,60.7,61.9,46.4,150,3,31,14.6,47,323,3,48.2,24,83.0,268,52.0,168,61.4,37,1,1.5,5,267,149,6.2,11.1,1.0
Doryn Smith,159275,WR,CORNELL,10,12.6,4,62.2,50.0,5,10,0,14.8,4,0.14,12,147,0,48.8,70.8,54.3,61.8,54.4,0.0,0,1,48,0.3,1,308,1,45.6,23,95.5,294,68.5,211,87.2,37,1,31.5,97,316,140,6.1,13.7,1.07
Brayden Miller,178436,WR,STETSON,8,9.8,5,59.5,0.0,0,1,0,15.4,4,-0.03,13,302,0,49.8,74.7,57.8,69.0,58.0,3.4,9,2,45,0.8,2,261,1,40.2,22,93.5,244,95.4,249,70.6,37,1,1.1,3,288,113,5.1,13.1,1.18
Twon Hines,172784,WR,NWSTATE,12,11.9,1,51.4,28.6,2,7,0,9.5,2,-0.26,12,257,0,63.8,75.2,57.1,,56.7,0.0,0,1,40,0.0,0,248,0,27.8,19,95.6,237,21.8,54,62.6,37,0,77.8,193,257,122,6.4,13.5,1.08
Daemon Dawkins,153930,WR,ARKAPB,12,9.6,5,51.4,40.0,2,5,0,13.6,3,-0.13,12,112,0,55.1,74.0,64.2,,65.0,2.8,6,1,31,0.0,0,212,0,37.6,19,95.3,202,64.2,136,82.3,37,2,33.0,70,272,128,6.7,14.3,1.35
Brigham Dunphy,165061,WR,STHLSK,8,7.4,5,70.3,50.0,3,6,0,3.7,1,-0.3,13,1470,0,78.4,75.7,69.7,,70.9,0.0,0,1,52,0.0,0,153,1,34.5,26,96.7,148,91.5,140,96.2,37,1,7.8,12,336,215,8.3,12.9,2.27
Lonyatta Alexander Jr.,146268,WR,MONTANA ST,16,11.8,1,59.5,0.0,0,5,0,12.0,3,0.39,12,233,0,56.3,70.6,57.1,55.0,55.7,0.0,0,0,37,0.0,0,207,4,55.2,22,97.1,201,15.5,32,81.4,37,0,84.5,175,264,54,2.5,12.0,1.31
Javon Gipson,144509,WR,ABILENE CH,13,12.7,3,67.6,40.0,4,10,0,3.8,1,0.21,18,100,0,77.8,71.1,67.5,,66.7,0.0,0,0,43,0.0,0,258,0,44.3,25,95.3,246,5.4,14,115.9,37,2,94.6,244,351,126,5.0,14.0,1.43
Dayan Bilbo,186206,WR,TXAMEA,11,9.1,1,62.2,40.0,2,5,0,14.8,4,0.0,11,1139,0,51.0,76.8,64.3,,63.3,0.0,0,0,33,0.0,0,137,0,39.1,23,93.4,128,98.5,135,86.9,37,1,0.0,0,213,79,3.4,9.3,1.66
Adjatay Dabbs,172676,WR,MERCER,14,11.7,2,75.7,85.7,6,7,0,3.4,1,-0.04,18,219,0,80.1,73.6,76.6,,76.3,0.0,0,1,46,0.0,0,189,2,42.7,28,97.9,185,4.2,8,128.1,37,3,94.7,179,419,167,6.0,15.0,2.26
Joe Kerbacher,186634,WR,MERCYHURST,7,4.4,2,78.4,66.7,2,3,1,12.1,4,0.13,12,977,0,55.5,74.9,62.5,,62.3,0.0,0,0,44,0.0,0,174,1,45.5,29,94.8,165,93.1,162,114.1,37,2,6.3,11,261,168,5.8,9.0,1.58
Elyjah Mitchell,174277,WR,NORFOLK,10,13.2,0,64.9,25.0,2,8,0,0.0,0,-0.13,13,244,0,87.7,71.1,62.7,,64.2,0.0,0,0,43,0.0,0,204,2,35.6,24,95.1,194,8.8,18,105.1,37,2,91.2,186,275,67,2.8,11.5,1.42
Mitchell Sellers,121476,TE,SE MO ST,8,9.0,2,78.4,70.0,7,10,0,3.3,1,0.21,17,293,1,80.0,30.1,69.0,,70.8,22.7,35,0,31,0.0,0,154,1,45.3,29,96.1,148,72.1,111,135.5,37,6,5.2,8,260,77,2.7,9.0,1.76
Max Dowling,163805,TE,TENN MARTN,14,8.8,0,62.2,33.3,1,3,0,14.8,4,0.05,11,310,1,49.8,28.1,52.3,35.9,60.4,58.4,125,0,48,10.7,23,214,3,44.2,23,86.0,184,33.6,72,124.8,37,5,7.9,17,278,110,4.8,12.1,1.51
Mark Didio Jr.,171703,WR,WAGNER,12,7.0,0,67.6,75.0,3,4,0,7.4,2,-0.07,11,338,0,70.0,81.1,54.6,,54.7,1.1,3,2,47,0.0,0,263,0,37.2,25,93.9,247,89.7,236,72.2,37,1,9.1,24,243,65,2.6,9.7,0.98
DreSean Kendrick,142417,WR,WM & MARY,10,13.0,2,44.4,60.0,3,5,0,0.0,0,-0.02,11,348,0,84.7,77.6,65.7,,64.5,0.0,0,2,62,0.0,0,193,0,40.3,16,91.2,176,19.2,37,60.3,36,2,80.3,155,223,138,8.6,13.9,1.27
Travis Theis,104837,HB,S DAKOTA,13,2.1,14,91.7,0.0,0,1,0,2.9,1,0.2,16,291,0,82.7,84.5,93.8,66.0,88.1,3.8,9,0,49,16.9,40,236,0,49.5,33,77.1,182,5.1,12,129.7,36,2,3.0,7,385,324,9.8,11.7,2.12
Jarett Hunter,138434,HB,HOWARD,12,1.5,3,69.4,33.3,1,3,1,10.7,3,-0.24,7,184,0,60.5,81.4,74.5,70.6,56.2,0.0,0,0,21,15.2,41,270,1,37.2,25,81.9,221,6.3,17,88.2,36,1,0.4,1,164,142,5.7,6.6,0.74
Coleman Kuntz,161652,TE,SACRAMENTO,9,5.6,2,69.4,66.7,4,6,0,10.7,3,-0.05,13,279,0,59.5,33.3,55.5,72.2,54.4,52.6,171,0,20,22.2,72,325,2,46.3,25,76.0,247,44.6,145,100.6,36,2,1.8,6,191,108,4.3,7.6,0.77
Ty Pezza,161845,TE,BROWN,10,5.9,5,80.6,40.0,2,5,0,3.3,1,0.06,12,123,0,80.5,72.2,53.4,40.6,54.8,11.1,34,1,24,1.6,5,306,0,46.7,29,93.5,286,67.6,207,101.2,36,2,19.9,61,238,107,3.7,8.2,0.83
Ben Ferguson,159806,WR,FURMAN,11,9.3,3,63.9,33.3,2,6,0,8.0,2,0.06,13,170,0,66.8,72.2,63.8,,66.0,0.0,0,0,64,0.0,0,213,2,40.0,23,96.2,205,89.7,191,123.3,36,3,10.3,22,347,141,6.1,15.1,1.69
Jyrin Johnson,141965,TE,TEXAS STHN,11,3.9,2,72.2,60.0,3,5,0,10.3,3,-0.26,17,313,0,60.7,71.2,63.9,54.5,65.4,49.8,130,2,30,8.4,22,261,2,35.1,26,87.7,229,48.7,127,70.5,36,0,1.1,3,271,191,7.3,10.4,1.18
RJ Lamarre,105005,WR,STNY BROOK,12,10.8,2,61.1,100.0,3,3,0,0.0,0,-0.12,11,303,0,86.7,70.6,60.9,,62.3,0.0,0,1,30,0.0,0,207,2,39.6,22,95.2,197,15.9,33,72.3,36,0,84.1,174,267,86,3.9,12.1,1.36
Jamar Curtis,159741,HB,LAFAYETTE,12,1.2,5,83.3,0.0,0,3,0,3.2,1,0.04,9,203,0,80.9,91.5,86.2,73.5,69.4,0.3,1,0,27,26.5,76,287,0,46.5,30,69.7,200,5.2,15,102.8,36,1,4.2,12,232,250,8.3,7.7,1.16
Parker Wroble,139055,WR,MERCER,14,7.1,5,66.7,100.0,2,2,0,14.3,4,-0.09,15,219,1,51.4,50.2,64.7,63.1,65.0,1.0,2,4,69,0.5,1,192,0,40.3,24,96.4,185,84.9,163,92.8,36,4,13.0,25,326,173,7.2,13.6,1.76
Roland Dempster,142372,HB,STNY BROOK,12,-0.1,10,88.6,,0,0,0,3.1,1,0.11,15,303,0,80.9,69.4,84.8,37.9,70.1,0.0,0,0,40,22.4,70,313,1,44.4,31,75.1,235,16.6,52,115.8,35,1,3.2,10,333,362,11.7,10.7,1.42
Jack Neri,142932,TE,MONMOUTH,12,5.9,1,91.4,50.0,1,2,0,0.0,0,0.51,18,231,0,90.1,72.2,63.4,70.2,66.8,57.0,200,0,40,21.4,75,351,2,55.9,32,74.9,263,17.7,62,144.5,35,5,0.3,1,321,158,4.9,10.0,1.22
Eli Mirza,171752,WR,E ILLINOIS,6,13.3,2,60.0,0.0,0,3,0,8.7,2,-0.16,14,158,0,47.1,71.4,64.4,63.6,64.3,0.0,0,1,27,0.6,1,156,0,43.9,21,94.2,147,78.2,122,85.1,35,2,21.8,34,217,72,3.4,10.3,1.48
Fabrice Mukendi,148549,HB,BRYANT,8,-1.7,7,80.0,0.0,0,2,0,6.7,2,-0.06,11,124,1,70.7,74.2,73.2,34.4,70.7,0.0,0,0,28,8.6,14,162,1,42.8,28,89.5,145,5.6,9,101.4,35,1,0.0,0,212,284,10.1,7.6,1.46
Miequle Brock,191935,HB,NICHOLLS,9,0.2,16,82.9,66.7,2,3,0,9.4,3,-0.48,9,243,1,63.3,58.9,73.1,39.1,67.6,0.0,0,1,80,11.0,15,136,0,32.1,29,86.8,118,18.4,25,99.9,35,2,6.6,9,219,293,10.1,7.6,1.86
Julio DaSilva,139101,WR,VA MILT IN,12,10.7,3,48.6,42.9,3,7,0,15.0,3,-0.69,12,336,1,49.0,24.7,54.3,,53.2,0.0,0,5,20,0.0,0,269,0,26.1,17,96.7,260,8.6,23,21.5,35,0,91.4,246,156,61,3.6,9.2,0.6
James BlackStrain,143905,WR,MO STATE,12,11.4,5,68.6,54.5,6,11,0,4.0,1,0.23,20,230,0,77.2,70.9,66.4,,67.0,0.0,0,1,37,0.0,0,279,1,48.2,24,97.5,272,1.8,5,119.7,35,3,98.2,274,368,146,6.1,15.3,1.35
Aldrich Doe,174898,WR,BRYANT,12,11.3,1,60.0,42.9,3,7,0,16.0,4,0.03,13,124,0,47.1,70.6,53.4,,53.2,0.0,0,0,31,0.0,0,332,2,43.5,21,95.5,317,3.0,10,91.7,35,1,97.0,322,253,51,2.4,12.0,0.8
Tommy Smith,103936,TE,RHODE ISLD,14,11.1,2,80.0,100.0,2,2,0,0.0,0,-0.07,19,274,0,88.6,74.1,75.4,71.5,75.0,42.9,108,1,46,3.2,8,252,4,45.8,28,91.3,230,18.7,47,133.1,35,3,37.7,95,418,141,5.0,14.9,1.82
Edan Stagg,159256,WR,COLUMBIA,6,9.2,9,68.6,0.0,0,3,0,14.3,4,0.04,15,145,0,49.8,73.5,69.6,,70.3,0.0,0,2,43,0.0,0,143,0,47.9,24,99.3,142,93.0,133,77.9,35,1,7.0,10,277,113,4.7,11.5,1.95
Cameron Lewis,87522,TE,E TENN ST,5,12.5,7,54.3,0.0,0,2,1,13.6,3,-0.03,12,157,0,54.9,70.4,71.2,63.7,78.5,47.1,66,1,32,13.6,19,140,3,38.8,19,79.3,111,41.4,58,79.1,35,2,4.3,6,207,101,5.3,10.9,1.86
Kameran Senegal,160173,WR,MCNEESE,12,7.8,8,68.6,100.0,2,2,1,7.7,2,-0.03,14,217,0,58.4,71.9,63.7,,64.6,0.0,0,1,50,0.0,0,213,1,43.3,24,94.4,201,96.2,205,92.6,35,1,3.8,8,300,177,7.4,12.5,1.49
Luke Brenner,149501,WR,DAYTON,11,7.4,6,71.4,14.3,1,7,0,3.8,1,-0.1,11,150,1,68.4,38.7,60.6,,60.6,0.0,0,1,69,0.0,0,203,0,43.0,25,95.1,193,60.6,123,124.2,35,4,38.9,79,306,206,8.2,12.2,1.59
Isaac Boston,148828,WR,CENT CT ST,10,13.9,1,57.1,66.7,6,9,0,0.0,0,0.01,14,133,0,86.3,70.4,68.3,,68.1,0.0,0,1,31,0.0,0,184,1,42.6,20,95.7,176,22.8,42,106.4,35,5,77.2,142,244,53,2.7,12.2,1.39
Austin Urena,186681,WR,MERCYHURST,9,8.2,0,71.4,40.0,2,5,0,13.8,4,0.23,15,977,0,51.0,71.1,62.3,,61.6,0.0,0,1,41,0.0,0,180,0,49.7,25,96.1,173,93.3,168,109.0,35,3,6.1,11,258,126,5.0,10.3,1.49
Cash Cheeks,176808,TE,N COLORADO,11,7.8,2,51.4,27.3,3,11,0,14.3,3,-0.21,8,253,0,52.3,70.1,60.7,74.5,58.9,40.9,81,1,27,11.6,23,198,1,37.2,18,83.3,165,43.4,86,53.4,35,0,12.6,25,171,71,3.9,9.5,1.04
Chris Herron,99472,WR,PRVIEW A&M,11,6.4,5,57.1,25.0,1,4,0,13.0,3,-0.04,9,270,0,56.1,72.4,57.4,,56.2,0.0,0,2,45,0.0,0,253,1,35.0,20,91.7,232,82.2,208,62.6,35,1,16.6,42,228,142,7.1,11.4,0.98
Ismael Fuller,121678,WR,HOUCHR,11,11.8,4,37.1,14.3,1,7,0,7.1,1,-0.28,9,183,0,53.7,68.7,56.9,,58.1,0.0,0,0,71,0.0,0,201,1,30.4,13,95.0,191,6.5,13,83.0,35,2,93.5,188,260,138,10.6,20.0,1.36
Chase Miller,158220,WR,STHLSK,11,13.4,0,44.1,60.0,3,5,0,11.8,2,-0.16,12,1470,0,57.1,72.8,58.5,,60.5,0.0,0,3,66,0.0,0,209,0,38.2,15,97.6,204,28.2,59,59.1,34,3,71.8,150,225,88,5.9,15.0,1.1
Seth Sweitzer,171632,WR,MERRIMACK,11,10.6,3,61.8,20.0,1,5,0,0.0,0,0.0,11,385,0,86.7,71.1,62.5,71.6,62.1,0.0,0,2,71,0.4,1,235,3,41.3,21,94.5,222,91.9,216,82.2,34,2,7.7,18,274,142,6.8,13.0,1.23
Quaron Adams,157566,WR,S DAKOTA,14,23.5,3,52.9,25.0,1,4,1,5.3,1,0.3,15,291,0,72.8,71.5,72.4,,71.6,0.0,0,2,71,0.0,0,206,4,50.3,18,94.7,195,69.4,143,113.4,34,5,30.6,63,543,183,10.2,30.2,2.78
Alex Ginnever,159606,TE,E ILLINOIS,8,10.1,3,64.7,33.3,1,3,0,18.5,5,0.07,12,158,0,30.4,70.6,50.7,43.9,51.6,70.4,188,2,37,13.1,35,267,0,45.7,22,83.9,224,23.2,62,79.5,34,2,6.0,16,232,112,5.1,10.5,1.04
Ethan Chambers,148081,WR,INDIANA ST,12,11.6,1,64.7,100.0,3,3,0,8.3,2,0.01,10,191,0,67.7,71.2,55.2,23.7,55.8,0.0,0,1,28,0.3,1,303,3,43.8,22,94.7,287,16.2,49,72.9,34,0,83.2,252,238,69,3.1,10.8,0.83
Cade Collier,141878,TE,SE LA,12,10.4,1,50.0,20.0,2,10,0,19.0,4,-0.28,10,294,0,41.0,69.9,52.1,79.2,52.4,68.5,191,2,19,9.7,27,279,4,37.9,17,84.9,237,27.6,77,57.8,34,2,2.5,7,155,64,3.8,9.1,0.65
TJ Cadden,171948,WR,BUCKNELL,9,12.0,1,79.4,40.0,2,5,0,0.0,0,0.1,18,125,1,88.3,58.6,73.3,,74.6,0.0,0,0,37,0.0,0,160,0,46.4,27,95.6,153,93.8,150,142.6,34,3,6.3,10,380,97,3.6,14.1,2.48
Cody Ruff,165110,TE,STHLSK,11,10.2,1,50.0,60.0,3,5,0,22.7,5,-0.14,14,1470,0,29.5,70.0,57.6,59.8,61.8,89.8,194,2,50,19.4,42,216,1,35.1,17,78.7,170,9.3,20,67.4,34,2,0.0,0,233,80,4.7,13.7,1.37
Quenton Rogers,177558,WR,E ILLINOIS,8,12.2,4,64.7,33.3,2,6,0,12.0,3,-0.07,13,158,0,56.1,70.6,66.2,63.9,65.5,0.0,0,1,62,0.6,1,165,0,43.1,22,96.4,159,4.2,7,96.0,34,1,95.8,158,346,135,6.1,15.7,2.18
Koby Gross,86477,TE,FL A&M,12,8.9,6,69.7,,0,0,1,0.0,0,0.14,11,164,2,88.0,18.9,59.3,62.0,64.5,51.5,135,2,41,9.5,25,262,3,47.5,23,84.0,220,39.7,104,96.5,33,3,6.9,18,248,87,3.8,10.8,1.13
Blaine Green,144653,WR,STF AUSTIN,6,13.0,7,66.7,50.0,2,4,0,0.0,0,0.46,16,301,0,86.7,72.8,79.5,67.6,79.0,0.0,0,1,50,2.4,3,124,0,54.1,22,96.0,119,22.6,28,124.9,33,3,77.4,96,393,176,8.0,17.9,3.3
Devin Downing,175016,WR,SO UTAH,12,11.1,3,57.6,14.3,1,7,0,0.0,0,0.25,15,298,0,85.5,70.1,63.2,,63.0,0.0,0,2,55,0.0,0,238,2,48.4,19,93.7,223,6.7,16,82.0,33,2,93.3,222,293,114,6.0,15.4,1.31
Trevon Kleint,164095,WR,MOREHEAD,12,10.6,2,48.5,0.0,0,4,0,15.8,3,-0.13,6,234,1,49.0,24.7,53.1,61.9,53.6,0.0,0,0,16,0.5,1,207,1,36.2,16,94.2,195,3.9,8,61.0,33,0,96.1,199,147,27,1.7,9.2,0.75
Matt Childs,192700,HB,BROWN,9,2.6,7,87.9,33.3,1,3,0,3.3,1,0.08,12,123,0,80.0,60.1,70.0,35.9,89.7,0.0,0,1,75,14.4,27,187,0,46.8,29,79.1,148,6.4,12,122.7,33,2,0.5,1,384,302,10.4,13.2,2.59
Edward Saydee,97300,HB,GARD-WEBB,11,-2.3,8,87.9,,0,0,0,6.5,2,0.06,12,171,0,71.4,72.3,73.6,70.6,75.2,0.0,0,0,40,22.6,49,217,0,42.9,29,73.3,159,6.9,15,106.4,33,1,3.2,7,235,317,10.9,8.1,1.48
Amaaz Eugene,178015,WR,NWSTATE,12,10.4,0,54.5,66.7,2,3,0,18.2,4,-0.44,10,257,0,42.6,71.5,56.3,,57.9,0.0,0,2,37,0.0,0,194,1,26.8,18,94.3,183,98.5,191,61.6,33,1,1.5,3,231,74,4.1,12.8,1.26
Lincoln Cardillo,178376,HB,MARIST,11,0.4,13,75.8,,0,0,1,7.4,2,-0.07,7,213,0,69.2,81.7,64.1,51.9,59.6,2.3,5,0,27,13.8,30,217,2,40.2,25,79.3,172,35.0,76,85.4,33,0,6.9,15,160,237,9.5,6.4,0.93
Tyson Schilling,186229,WR,TXAMEA,8,11.4,6,60.6,25.0,1,4,0,0.0,0,-0.27,12,1139,0,85.9,70.2,58.2,73.0,58.8,0.0,0,2,28,0.9,2,215,0,37.4,20,97.2,209,96.3,207,76.3,33,2,3.7,8,228,67,3.4,11.4,1.09
Ja'Naylon Dupree,188620,WR,JACKSON ST,13,9.7,5,69.7,50.0,1,2,0,8.0,2,0.11,17,194,1,66.8,26.3,72.2,,72.5,0.0,0,1,66,0.0,0,186,1,46.1,23,95.7,178,97.8,182,134.2,33,5,2.2,4,373,248,10.8,16.2,2.1
Molayo Irefin,191608,WR,MAINE,11,17.1,2,57.6,25.0,1,4,0,9.5,2,0.01,12,212,0,62.9,80.6,59.2,,59.0,0.0,0,2,44,0.0,0,242,0,43.0,19,95.0,230,17.4,42,73.0,33,1,82.6,200,302,43,2.3,15.9,1.31
Dylan Djete,159994,WR,WOFFORD,11,9.6,4,60.6,33.3,1,3,0,13.0,3,-0.09,12,350,0,53.5,70.8,65.4,,63.8,0.0,0,3,32,0.0,0,198,0,42.0,20,94.9,188,86.4,171,61.3,33,2,13.6,27,209,91,4.6,10.5,1.11
Joshua Acord,165789,TE,SO UTAH,12,5.6,4,69.7,25.0,1,4,1,8.0,2,0.1,10,298,0,67.6,70.9,57.6,58.7,56.1,81.4,228,0,27,16.1,45,280,7,42.8,23,79.6,223,13.9,39,104.5,33,2,1.4,4,191,99,4.3,8.3,0.86
Elijah Howard,144080,HB,CENT CT ST,11,3.9,5,66.7,50.0,1,2,0,12.0,3,-0.23,14,133,1,58.4,72.0,75.7,58.2,65.0,0.0,0,0,39,19.3,47,244,1,39.4,22,76.2,186,5.3,13,98.8,33,1,5.7,14,246,209,9.5,11.2,1.32
Brandon Lanier,75662,TE,W ILLINOIS,11,4.7,7,84.8,66.7,2,3,3,3.4,1,0.3,9,345,2,80.0,20.1,43.3,35.2,46.8,73.7,322,0,16,19.5,85,437,10,51.2,28,76.0,332,22.0,96,104.5,33,1,3.9,17,220,138,4.9,7.9,0.66
Payton Rhoades,142087,WR,SACR HEART,11,9.2,3,68.8,80.0,4,5,0,4.3,1,-0.29,10,280,0,76.5,70.8,58.6,66.5,57.5,0.0,0,2,37,1.6,4,257,0,33.9,22,95.7,246,1.6,4,61.7,32,0,98.4,253,218,89,4.0,9.9,0.89
Marc Taglieri Jr.,142078,TE,BRYANT,10,5.2,0,65.6,0.0,0,2,0,8.7,2,-0.08,10,124,0,64.7,70.4,60.2,69.8,54.6,75.5,176,0,37,11.2,26,233,0,42.3,21,87.1,203,16.3,38,107.2,32,2,4.7,11,227,142,6.8,10.8,1.12
Malik Bowen-Sims,122368,WR,AUSTINPEAY,11,8.1,1,62.5,33.3,1,3,0,16.7,4,-0.18,8,116,0,44.0,70.2,55.2,,55.4,0.0,0,2,42,0.0,0,231,0,39.7,20,97.0,224,25.1,58,54.9,32,0,74.9,173,206,81,4.1,10.3,0.92
Goldie Lawrence,170346,WR,FL A&M,10,5.3,9,71.9,100.0,1,1,0,8.0,2,0.18,12,164,1,66.7,36.1,65.3,,63.7,0.0,0,3,48,0.0,0,171,2,46.9,23,94.7,162,5.3,9,67.6,32,1,94.7,162,263,206,9.0,11.4,1.62
Byron Shipman,143061,WR,HOLY CROSS,12,11.7,2,46.9,37.5,3,8,0,16.7,3,0.17,10,181,0,47.2,69.5,56.2,62.6,56.5,0.0,0,0,26,0.5,1,221,3,47.6,15,93.7,207,26.7,59,74.1,32,1,73.3,162,173,47,3.1,11.5,0.84
Samuel Baddoo,148662,WR,BROWN,10,6.5,0,62.5,57.1,4,7,0,4.8,1,-0.04,8,123,0,74.4,78.8,50.5,,51.2,0.4,1,1,17,0.0,0,244,0,43.5,20,95.1,232,98.8,241,56.0,32,0,0.8,2,114,57,2.9,5.7,0.49
Cameron Nelson,148043,WR,MS VLY ST,10,12.6,1,40.6,66.7,4,6,0,18.8,3,-0.06,7,228,0,41.3,37.1,51.2,,50.2,0.0,0,2,25,0.0,0,304,0,39.3,13,95.4,290,19.7,60,56.8,32,3,80.3,244,120,14,1.1,9.2,0.41
Jaylen Lynch,159064,WR,PORTLAND,11,14.3,4,50.0,0.0,0,6,0,15.8,3,0.13,10,269,0,49.0,69.7,53.7,62.1,52.2,0.0,0,0,46,0.3,1,312,2,44.3,16,92.3,288,13.1,41,75.8,32,0,86.9,271,246,67,4.2,15.4,0.85
Wenkers Wright,148031,HB,ILL STATE,14,0.1,0,59.4,100.0,1,1,0,9.5,2,0.19,5,188,0,62.5,78.4,74.3,81.7,50.8,0.0,0,1,39,19.9,64,321,0,49.8,19,76.6,246,5.6,18,70.3,32,1,6.2,20,164,204,10.7,8.6,0.67
Calvin Jones,132441,WR,W CAROLINA,9,6.7,5,68.8,80.0,4,5,0,12.0,3,0.15,9,344,1,56.1,26.1,58.2,,57.8,0.0,0,1,49,0.0,0,185,1,48.6,22,95.7,177,10.8,20,78.8,32,0,89.2,165,249,133,6.0,11.3,1.41
Aramoni Rhone,145892,WR,ARKAPB,12,14.6,2,59.4,42.9,3,7,1,9.5,2,-0.02,13,112,1,65.7,27.3,67.6,,68.3,0.5,1,0,52,0.0,0,219,2,38.2,19,90.9,199,15.5,34,110.7,32,2,84.0,184,294,72,3.8,15.5,1.48
Nick Kupfer,148137,WR,N DAKOTA,12,7.3,4,68.8,66.7,2,3,0,0.0,0,-0.02,11,249,0,86.7,71.1,67.9,64.5,67.5,1.3,2,0,22,0.7,1,151,0,44.5,22,90.1,136,46.4,70,97.3,32,1,51.7,78,211,92,4.2,9.6,1.55
Kaedyn Odermann,148883,WR,HARVARD,10,12.3,1,50.0,50.0,1,2,0,15.8,3,0.17,12,179,0,47.2,69.5,56.9,,56.7,0.0,0,1,30,0.0,0,238,1,44.1,16,93.3,222,3.4,8,67.4,32,1,96.6,230,202,56,3.5,12.6,0.91
Marcus Libman,148710,WR,COLUMBIA,10,12.3,1,71.9,33.3,2,6,0,8.0,2,0.23,14,145,0,67.7,70.9,69.1,,69.7,0.0,0,2,37,0.0,0,161,1,46.8,23,96.9,156,85.1,137,96.9,32,2,14.9,24,308,63,2.7,13.4,1.97
Marquez Phillips,164045,WR,MORGAN ST,12,10.6,0,59.4,44.4,4,9,0,9.5,2,-0.02,13,235,0,62.7,70.1,58.3,,58.6,0.0,0,0,37,0.0,0,274,2,40.5,19,95.6,262,3.3,9,106.1,32,2,96.7,265,259,58,3.1,13.6,0.99
Jack Melore,193015,WR,MARIST,10,10.1,1,68.8,33.3,1,3,0,0.0,0,-0.23,7,213,0,86.7,70.6,57.2,,56.8,0.0,0,1,68,0.0,0,186,0,32.2,22,96.8,180,26.9,50,97.1,32,2,73.1,136,230,79,3.6,10.5,1.28
Chance Peterson,177110,WR,NC CENT,11,10.0,1,65.6,,0,0,0,12.5,3,0.28,10,247,1,54.9,29.7,67.3,,67.2,0.0,0,1,42,0.0,0,126,1,45.9,21,96.8,122,95.2,120,99.6,32,2,4.8,6,269,127,6.0,12.8,2.2
Tavian Morris,150417,WR,NORFOLK,11,14.9,1,50.0,44.4,4,9,0,15.8,3,-0.06,13,244,0,49.2,69.7,62.9,,64.4,0.0,0,0,80,0.0,0,189,0,35.0,16,95.2,180,5.8,11,88.7,32,1,94.2,178,265,114,7.1,16.6,1.47
Daniel Lopes,148477,WR,VILLANOVA,12,16.2,6,40.6,0.0,0,1,0,0.0,0,0.02,8,334,0,82.7,68.7,54.8,,54.8,0.0,0,0,23,0.0,0,232,1,40.8,13,94.0,218,12.1,28,54.9,32,0,87.9,204,146,61,4.7,11.2,0.67
Isaiah Eastman,170713,WR,N ARIZONA,13,8.7,6,62.5,50.0,4,8,0,0.0,0,0.0,8,252,0,86.7,42.4,61.2,,59.4,0.0,0,0,46,0.0,0,217,1,42.3,20,94.5,205,85.3,185,95.6,32,1,9.7,21,238,114,5.7,11.9,1.16
JT Smith,178693,HB,WOFFORD,11,1.9,11,74.2,40.0,2,5,0,11.5,3,-0.31,5,350,0,48.6,69.7,63.1,52.0,62.8,0.0,0,0,55,17.6,37,210,0,32.5,23,79.0,166,3.3,7,110.8,31,2,1.4,3,189,176,7.7,8.2,1.14
Patrick Smith,146956,HB,TENN MARTN,14,-1.4,8,58.1,0.0,0,1,0,10.0,2,0.08,4,310,0,63.6,78.9,78.8,33.5,56.4,0.0,0,0,14,16.8,50,297,1,42.4,18,80.8,240,6.1,18,65.9,31,0,2.4,7,115,168,9.3,6.4,0.48
Jordan Davis,105570,TE,WOFFORD,12,7.2,2,67.7,50.0,2,4,0,4.5,1,-0.16,11,350,0,75.2,70.4,63.2,69.5,71.3,68.4,195,1,45,21.1,60,285,2,37.3,21,75.4,215,28.8,82,105.0,31,3,1.1,3,206,94,4.5,9.8,0.96
Markell Holman,185737,HB,ST FRANCIS,11,1.3,5,64.5,,0,0,0,13.0,3,-0.25,8,299,0,53.7,79.5,71.0,24.4,63.5,0.6,1,1,26,9.0,15,167,0,35.2,20,89.8,150,3.0,5,63.2,31,0,1.2,2,155,129,6.5,7.8,1.03
Ben Moseley,148686,WR,BROWN,8,12.2,2,71.0,55.6,5,9,0,0.0,0,0.11,13,123,0,87.0,70.7,67.7,,67.9,0.5,1,1,31,0.0,0,198,0,46.6,22,95.5,189,6.1,12,83.8,31,0,92.9,184,268,68,3.1,12.2,1.42
Seamus Gilmartin,177453,TE,HARVARD,10,15.6,2,58.1,0.0,0,2,0,0.0,0,0.3,17,179,0,85.1,70.5,71.2,68.7,74.1,29.2,63,0,54,1.9,4,216,1,46.6,18,94.4,204,63.9,138,141.0,31,4,6.5,14,379,120,6.7,21.1,1.86
Colton Hoag,171500,TE,S ILLINOIS,12,6.7,2,67.7,28.6,2,7,0,4.5,1,-0.1,9,295,0,76.7,70.7,61.5,51.6,59.3,56.9,181,1,34,17.9,57,318,0,39.6,21,78.0,248,33.6,107,94.6,31,2,2.8,9,208,92,4.4,9.9,0.84
Aviyon Smith-Mack,171609,WR,LIUSHAR,10,11.3,6,54.8,33.3,1,3,0,5.6,1,-0.1,11,1298,0,73.6,70.6,62.9,,63.2,0.5,1,1,69,0.0,0,206,0,38.8,17,95.1,196,57.8,119,73.1,31,0,40.8,84,288,138,8.1,16.9,1.47
Tyvon Edmonds Jr.,148583,HB,ROB MORRIS,10,0.1,3,77.4,33.3,1,3,0,4.0,1,0.02,10,277,0,77.2,89.3,81.1,31.8,76.2,0.0,0,0,19,11.0,17,154,0,38.3,24,86.4,133,5.8,9,88.4,31,0,4.5,7,162,193,8.0,6.8,1.22
Ajai Harrell,172838,WR,ALABAMA ST,12,11.6,4,48.4,100.0,2,2,0,0.0,0,-0.1,10,105,0,83.8,75.5,58.4,,57.2,0.9,2,2,34,0.0,0,213,2,35.9,15,98.1,209,44.6,95,47.6,31,1,54.5,116,159,82,5.5,10.6,0.76
Eric Olsen,165724,TE,UTAHTC,12,9.3,2,58.1,0.0,0,3,0,25.0,6,-0.28,9,1285,0,27.0,72.9,50.4,72.4,50.9,53.0,142,0,53,17.5,47,268,5,33.3,18,78.7,211,36.6,98,96.0,31,1,9.0,24,259,122,6.8,14.4,1.23
Tonorris Brookins II,161262,WR,MS VLY ST,12,14.0,3,40.0,40.0,2,5,0,25.0,4,-0.23,8,228,0,29.9,69.9,47.6,,47.7,0.3,1,3,22,0.0,0,323,3,35.3,12,95.7,309,15.5,50,15.3,30,0,84.2,272,140,30,2.5,11.7,0.45
Cameron Alves,165018,WR,CENT CT ST,13,6.9,0,43.3,66.7,2,3,0,18.8,3,-0.17,7,133,0,41.3,69.2,55.5,,55.8,1.7,2,1,19,0.0,0,121,2,41.4,13,91.7,111,92.6,112,39.9,30,0,5.8,7,112,61,4.7,8.6,1.01
Duke Miller,172874,WR,ALAB A&M,4,8.5,3,76.7,0.0,0,3,0,8.0,2,0.12,15,104,0,66.7,71.8,83.5,,82.9,0.0,0,0,38,0.0,0,86,0,43.9,23,95.3,82,55.8,48,131.1,30,2,44.2,38,309,112,4.9,13.4,3.77
Almari Brown,189300,WR,STETSON,8,2.9,4,66.7,,0,0,0,16.7,4,-0.36,5,302,0,44.0,78.9,54.7,78.7,51.7,0.0,0,0,25,2.2,4,185,0,33.1,20,93.0,172,63.2,117,82.2,30,1,0.0,0,97,96,4.8,4.9,0.56
Jay McEuen,70985,TE,UTAHTC,12,4.9,1,60.0,83.3,5,6,0,10.0,2,-0.23,4,1285,0,61.3,72.0,55.6,68.2,47.5,81.3,218,0,21,38.4,103,268,2,37.1,18,60.1,161,4.1,11,69.3,30,0,3.7,10,124,69,3.8,6.9,0.77
Dominic Vrbancic,165260,WR,DAYTON,11,8.6,7,73.3,50.0,2,4,0,0.0,0,-0.21,11,150,0,86.7,70.6,58.5,62.1,57.4,0.0,0,1,32,0.3,1,289,2,41.2,22,93.8,271,14.2,41,83.2,30,0,85.8,248,244,86,3.9,11.1,0.9
Stockton Owen,148679,HB,BROWN,10,-0.5,4,100.0,,0,0,0,0.0,0,0.04,12,123,0,89.5,87.4,74.8,73.6,83.4,0.0,0,0,22,23.0,43,187,0,45.3,30,74.9,140,5.9,11,95.1,30,0,1.1,2,205,220,7.3,6.8,1.46
Jason Barnes Jr.,160827,WR,NICHOLLS,10,5.4,2,63.3,33.3,1,3,0,13.6,3,-0.11,5,243,0,53.7,70.2,53.4,,52.8,0.0,0,1,35,0.0,0,155,0,37.7,19,94.2,146,96.1,149,59.6,30,0,3.9,6,134,83,4.4,7.1,0.92
KJ Reed,177360,WR,FORDHAM,12,13.1,4,53.3,40.0,2,5,0,5.9,1,-0.39,11,168,0,71.9,73.2,61.8,,61.0,0.0,0,0,41,0.0,0,183,0,30.8,16,94.0,172,99.5,182,78.6,30,1,0.5,1,151,55,3.4,9.4,0.88
Jermaine Johnson,102949,WR,DUQUESNE,8,13.1,0,53.3,16.7,1,6,0,5.9,1,0.2,9,155,0,70.9,29.2,57.7,,59.0,0.0,0,0,33,0.0,0,160,3,44.7,16,95.0,152,28.8,46,104.2,30,3,71.3,114,175,21,1.3,10.9,1.15
Drew Krobath,161495,WR,LNDNWD,11,16.3,0,53.3,25.0,1,4,0,11.1,2,-0.11,12,949,0,60.0,71.4,57.6,68.6,57.7,0.0,0,2,38,1.5,4,265,1,38.9,16,93.2,247,60.8,161,73.2,30,2,39.2,104,232,33,2.1,14.5,0.94
Jake Woods,141663,TE,CAL POLY,11,7.4,3,70.0,0.0,0,1,0,0.0,0,-0.01,10,129,0,86.3,70.4,69.3,62.8,71.8,67.5,110,2,29,12.9,21,163,1,44.1,21,81.0,132,31.9,52,91.4,30,3,0.6,1,183,77,3.7,8.7,1.39
Kerien Charlo,169023,WR,TEXAS STHN,11,8.4,2,53.3,16.7,1,6,0,20.0,4,-0.34,10,313,0,36.7,71.3,54.7,,54.0,0.0,0,1,20,0.0,0,193,0,32.8,16,94.8,183,99.5,192,56.0,30,0,0.5,1,168,89,5.6,10.5,0.92
Tyran Warren,178517,WR,ALCORN ST,11,18.7,0,33.3,22.2,2,9,0,23.1,3,-0.33,6,107,0,35.9,68.2,53.4,,55.0,0.0,0,3,73,0.0,0,253,3,32.6,10,95.7,242,5.9,15,66.5,30,3,93.7,237,309,83,8.3,30.9,1.28
JR Waters,100642,WR,GRAMBLING,12,20.5,2,34.5,28.6,2,7,1,0.0,0,-0.46,5,177,0,80.9,67.9,69.7,,68.6,0.0,0,1,23,0.0,0,85,1,26.6,10,92.9,79,5.9,5,57.0,29,2,94.1,80,122,47,4.7,12.2,1.54
Damonta Witherspoon,138062,HB,SAMFORD,11,-1.6,7,86.2,0.0,0,1,0,3.8,1,-0.07,5,282,0,78.9,65.9,68.3,68.7,70.0,0.0,0,0,35,22.7,63,277,1,42.5,25,74.4,206,2.2,6,85.2,29,0,0.7,2,129,178,7.1,5.2,0.63
Eden James,160531,HB,HOWARD,12,0.8,4,79.3,,0,0,0,11.5,3,-0.08,5,184,0,58.4,87.3,68.2,73.6,58.7,0.0,0,1,34,14.0,24,172,0,34.2,23,80.2,138,5.2,9,74.3,29,0,0.6,1,153,170,7.4,6.7,1.11
Alec Keathley,149517,TE,DAYTON,11,6.5,1,75.9,100.0,3,3,1,4.3,1,-0.3,12,150,0,75.9,70.6,62.2,52.6,60.4,78.9,224,1,26,15.1,43,284,4,36.7,22,81.3,231,16.9,48,91.7,29,1,1.4,4,204,74,3.4,9.3,0.88
Reed Swanson,171994,WR,COLGATE,8,10.7,3,69.0,100.0,1,1,0,0.0,0,-0.19,13,142,0,85.9,70.2,64.5,,64.8,0.0,0,1,32,0.0,0,182,1,43.5,20,97.3,177,13.7,25,116.8,29,4,86.3,157,223,62,3.1,11.2,1.26
Kentrell Prejean,177222,WR,S DAK ST,15,8.3,1,62.1,50.0,3,6,0,5.3,1,0.09,7,292,0,73.6,73.6,57.7,,57.8,0.0,0,1,29,0.0,0,203,0,45.4,18,96.6,196,83.7,170,73.2,29,1,16.3,33,155,89,4.9,8.6,0.79
Jayden Pressey,162272,WR,PRESBYTERN,11,8.9,3,58.6,0.0,0,3,0,10.5,2,0.24,7,271,0,49.4,70.3,50.9,,52.7,0.0,0,1,35,0.0,0,210,6,45.5,17,95.2,200,11.4,24,87.3,29,2,88.6,186,193,144,8.5,11.4,0.97
Jai Boyd,177940,WR,W CAROLINA,9,12.4,4,65.5,50.0,3,6,0,9.5,2,0.22,11,344,0,62.5,70.1,65.4,,65.1,0.0,0,1,56,0.0,0,144,1,43.8,19,95.1,137,23.6,34,86.4,29,0,76.4,110,307,148,7.8,16.2,2.24
Jake Newsham,165098,WR,STHLSK,11,14.6,0,44.8,44.4,4,9,0,0.0,0,-0.28,12,1470,0,82.7,69.5,60.9,,60.9,0.0,0,3,28,0.0,0,224,1,33.0,13,97.3,218,6.7,15,47.0,29,2,92.4,207,168,10,0.8,12.9,0.77
Kenyon Miles,170930,WR,VILLANOVA,10,12.9,0,41.4,16.7,1,6,0,29.4,5,-0.27,4,334,1,22.5,21.4,49.4,,47.3,0.0,0,1,36,0.0,0,155,1,32.9,12,94.2,146,12.3,19,50.4,29,1,87.7,136,116,31,2.6,9.7,0.79
Ke'Nard King,160134,WR,NWSTATE,8,13.2,2,44.8,25.0,1,4,1,0.0,0,-0.24,9,257,0,82.7,77.4,62.4,,65.2,0.0,0,1,34,0.0,0,133,1,28.5,13,97.7,130,98.5,131,55.4,29,0,1.5,2,211,99,7.6,16.2,1.62
Quaydarius Davis,160757,WR,SOUTHERN U,7,12.3,0,48.3,33.3,3,9,0,12.5,2,-0.22,8,297,0,57.1,69.9,61.4,,60.8,0.0,0,1,20,0.0,0,161,0,31.4,14,95.0,153,3.1,5,59.7,29,1,96.3,155,141,13,0.9,10.1,0.92
Jackson Dufrene,177985,WR,NICHOLLS,10,11.8,0,44.8,40.0,2,5,1,0.0,0,-0.39,8,243,0,82.7,68.7,61.6,,61.3,0.0,0,1,25,0.0,0,165,1,33.5,13,95.8,158,9.7,16,58.1,29,1,90.3,149,150,42,3.2,11.5,0.95
Zimere Winston,176937,WR,ELON,11,10.9,3,55.2,0.0,0,2,0,23.8,5,-0.09,9,162,0,24.8,70.3,63.2,,62.8,0.0,0,1,45,0.0,0,137,0,37.4,16,95.6,131,89.1,122,77.8,29,1,10.9,15,227,137,8.6,14.2,1.73
Jamison Warren,150563,WR,NC A&T,7,15.2,1,57.1,37.5,3,8,0,5.9,1,-0.14,11,246,1,70.9,25.0,61.2,44.9,62.1,0.0,0,1,53,0.0,0,160,0,41.4,16,95.0,152,98.8,158,67.3,28,0,1.3,2,218,22,1.4,13.6,1.43
Tyler Dostin,163127,TE,TENN MARTN,13,6.5,2,82.1,25.0,1,4,0,0.0,0,0.25,15,310,0,87.0,70.7,76.2,74.3,87.8,57.7,97,0,57,12.5,21,168,2,43.9,23,85.1,143,31.0,52,158.3,28,5,10.7,18,406,277,12.0,17.7,2.84
Jacolby Hewitt,84225,WR,ALAB A&M,6,9.8,6,53.6,0.0,0,2,0,11.8,2,0.22,5,104,0,57.1,72.8,57.4,,57.7,0.0,0,0,45,0.0,0,145,0,44.9,15,95.2,138,57.2,83,83.8,28,1,42.8,62,169,76,5.1,11.3,1.22
Chris Street,131668,HB,UTAHTC,9,-1.4,8,64.3,0.0,0,2,0,14.3,3,-0.29,7,1285,0,53.5,36.0,63.1,86.7,64.9,0.0,0,1,31,36.5,77,211,0,35.8,18,60.7,128,5.7,12,86.2,28,2,3.8,8,145,168,9.3,8.1,1.13
Jermaine Corbett,165051,HB,MERRIMACK,11,-0.8,8,71.4,,0,0,1,16.7,4,-0.12,8,385,1,44.4,76.6,71.8,64.3,44.8,0.0,0,0,36,28.4,56,197,2,40.3,20,67.0,132,10.2,20,104.3,28,1,1.0,2,207,271,13.6,10.4,1.57
Isaiah Johnson,185903,WR,W CAROLINA,11,9.4,10,78.6,0.0,0,2,1,4.3,1,0.2,14,344,0,75.9,70.6,69.3,67.1,71.1,2.4,4,0,62,0.6,1,169,3,44.2,22,95.9,162,87.0,147,151.9,28,5,10.7,18,307,144,6.5,14.0,1.9
Demari Davis,192925,WR,W ILLINOIS,9,11.4,4,67.9,75.0,3,4,0,5.0,1,0.21,13,345,0,75.4,72.8,71.4,,72.3,0.0,0,0,74,0.0,0,173,2,45.3,19,93.1,161,83.8,145,146.4,28,3,14.5,25,363,167,8.8,19.1,2.25
Carter James,166688,HB,MARIST,10,-0.6,2,71.4,,0,0,1,0.0,0,-0.26,5,213,0,87.4,71.5,64.1,78.1,72.4,0.0,0,1,22,27.3,66,242,1,35.4,20,66.9,162,6.2,15,86.2,28,2,0.8,2,105,145,7.3,5.3,0.65
DeKalon Taylor,168419,HB,INCAR WORD,11,0.7,7,78.6,100.0,2,2,0,8.3,2,0.15,9,189,0,65.7,77.2,71.8,57.9,59.8,0.3,1,0,20,6.1,18,296,0,45.4,22,90.2,267,9.1,27,90.9,28,0,6.8,20,163,184,8.4,7.4,0.61
Xavier Harris,86420,WR,MONTANA,14,9.8,8,75.0,33.3,1,3,0,0.0,0,0.1,10,232,0,75.2,77.3,71.4,,70.3,0.7,1,0,37,0.0,0,145,2,47.8,21,95.2,138,86.9,126,141.4,28,3,6.9,10,276,114,5.4,13.1,2.0
Kian Salehi,170654,WR,CAL POLY,9,10.9,0,53.6,33.3,1,3,0,11.8,2,-0.1,8,129,0,57.1,69.2,57.6,,58.7,0.0,0,1,28,0.0,0,148,0,39.7,15,95.3,141,91.2,135,53.6,28,0,8.8,13,146,38,2.5,9.7,1.04
Sean McElwain,159230,TE,WM & MARY,12,10.3,1,71.4,0.0,0,1,0,13.0,3,0.18,16,348,0,56.1,70.6,65.6,70.2,68.1,83.3,244,2,58,10.6,31,293,1,46.7,20,82.9,243,14.3,42,123.5,28,5,1.7,5,361,182,9.1,18.1,1.49
Landen Lucas,170828,TE,ROB MORRIS,12,7.6,4,67.9,50.0,2,4,1,0.0,0,-0.04,14,277,0,85.5,70.4,53.6,34.5,58.0,65.8,206,0,41,12.8,40,313,4,41.7,19,83.7,262,25.2,79,91.4,28,0,7.0,22,220,130,6.8,11.6,0.84
Dylan Kedzior,171203,HB,BRYANT,10,-0.1,9,82.1,0.0,0,1,0,11.5,3,0.14,9,124,0,59.5,59.5,66.5,52.3,64.8,0.0,0,0,38,10.5,17,162,0,49.3,23,83.3,135,6.2,10,94.9,28,0,0.6,1,190,205,8.9,8.3,1.41
Sean Sallis,156806,TE,TXAMEA,11,8.0,1,75.0,85.7,6,7,1,4.5,1,-0.12,12,1139,0,75.9,70.6,69.2,74.8,72.6,36.6,53,2,49,8.3,12,145,1,44.5,21,86.2,125,55.2,80,109.5,28,3,3.4,5,262,111,5.3,12.5,2.1
Deablo Mcgee,196855,WR,ALCORN ST,9,10.8,7,57.1,33.3,1,3,0,11.1,2,-0.1,7,107,0,58.6,70.1,62.8,61.0,61.7,0.0,0,0,36,0.6,1,169,1,40.2,16,97.0,164,4.7,8,102.8,28,2,95.3,161,197,103,6.4,12.3,1.2
Jalen Jones,178039,WR,ALABAMA ST,10,10.4,4,67.9,50.0,3,6,0,9.5,2,-0.13,12,105,0,63.6,25.6,68.8,,71.0,0.7,1,0,45,0.0,0,140,1,34.6,19,97.1,136,97.1,136,120.5,28,2,2.1,3,256,137,7.2,13.5,1.88
Aaron Maione,149470,WR,DAVIDSON,9,5.4,9,71.4,100.0,1,1,0,4.8,1,0.12,10,149,0,75.2,52.2,65.4,68.1,71.2,8.9,12,1,60,2.2,3,135,0,46.5,20,91.9,124,61.5,83,107.4,28,2,27.4,37,248,228,11.4,12.4,2.0
Darius Hale,150185,HB,CENT ARK,12,-1.5,7,77.8,,0,0,0,12.5,3,-0.19,4,132,1,64.7,58.7,76.7,37.3,67.2,10.9,20,0,14,27.3,50,183,2,39.1,21,69.9,128,2.7,5,96.0,27,1,1.6,3,110,146,7.0,5.2,0.86
Noah Cronquist,86569,WR,E WASHGTON,11,11.7,3,59.3,0.0,0,2,0,5.9,1,0.09,8,161,0,70.9,71.5,58.6,61.9,56.7,0.0,0,0,43,0.4,1,225,0,43.2,16,97.3,219,23.6,53,110.1,27,2,76.4,172,220,87,5.4,13.8,1.0
Marco Maldonado,160469,HB,COLGATE,12,0.6,2,74.1,0.0,0,1,0,4.8,1,-0.29,3,142,0,74.4,58.6,62.4,77.7,53.3,0.0,0,0,24,18.8,49,261,0,36.7,20,80.1,209,5.4,14,82.2,27,0,0.8,2,119,117,5.9,6.0,0.57
Kristian Gammage,193294,WR,ARKAPB,8,5.8,3,59.3,0.0,0,2,1,11.1,2,-0.02,7,112,0,49.0,73.1,61.7,,65.2,4.5,7,0,53,0.0,0,154,5,45.1,16,92.2,142,81.2,125,98.2,27,1,13.6,21,223,177,11.1,13.9,1.57
Jacoby Bellazar,172535,WR,GRAMBLING,9,10.3,4,51.9,50.0,2,4,0,22.2,4,-0.36,6,177,1,34.7,29.4,51.0,,52.7,1.3,2,2,30,0.0,0,159,1,31.8,14,93.1,148,89.9,143,48.7,27,1,8.8,14,142,102,7.3,10.1,0.96
Tyion Berry,155969,WR,CENT ARK,11,10.0,9,51.9,25.0,1,4,0,12.5,2,0.26,12,132,0,55.5,72.1,60.9,,62.8,0.0,0,3,23,0.0,0,160,0,47.4,14,97.5,156,95.6,153,55.9,27,2,4.4,7,165,95,6.8,11.8,1.06
Jaden Thrower,159087,WR,WEBER ST,7,13.3,1,51.9,50.0,3,6,0,6.7,1,0.02,8,342,0,68.7,74.8,63.1,,62.8,0.0,0,0,30,0.0,0,144,0,40.9,14,95.1,137,8.3,12,83.6,27,1,91.7,132,168,24,1.7,12.0,1.23
Malachi Imoh,142414,HB,WM & MARY,12,0.1,8,81.5,,0,0,0,4.3,1,0.01,10,348,1,76.5,51.3,78.1,26.3,67.7,0.7,1,1,41,5.6,8,144,0,45.6,22,88.9,128,13.9,20,101.9,27,1,4.2,6,248,262,11.9,11.3,1.94
Hunter Rice,149970,HB,VA MILT IN,12,-1.7,3,66.7,0.0,0,2,0,14.3,3,-0.48,3,336,1,50.8,87.2,69.5,72.8,50.2,0.0,0,0,29,31.7,84,265,0,28.1,18,64.5,171,3.4,9,75.4,27,0,1.9,5,115,154,8.6,6.4,0.67
Ethen Horne,192236,WR,VA MILT IN,12,14.1,0,55.6,66.7,2,3,1,11.8,2,-0.44,7,336,0,58.8,70.5,69.1,,69.8,0.0,0,2,39,0.0,0,122,1,25.9,15,95.1,116,36.1,44,74.5,27,2,63.9,78,209,56,3.7,13.9,1.8
Asa Gregg,172837,WR,ALABAMA ST,10,11.3,3,55.6,50.0,3,6,0,11.8,2,0.2,11,105,0,58.8,69.5,66.1,,65.7,0.6,1,1,60,0.0,0,167,0,39.2,15,99.4,166,35.9,60,99.3,27,2,63.5,106,270,109,7.3,18.0,1.63
Jahmil Perryman,177257,WR,ST FRANCIS,11,6.9,4,66.7,,0,0,0,5.3,1,-0.32,3,299,0,73.0,74.5,52.3,,50.1,0.0,0,1,46,0.0,0,264,0,34.1,18,98.9,261,12.9,34,75.2,27,1,86.7,229,134,109,6.1,7.4,0.51
Tanner Beaman,159056,TE,PORTLAND,10,7.0,1,77.8,66.7,2,3,0,0.0,0,0.08,14,269,0,86.3,70.4,70.4,63.1,75.8,57.1,97,0,56,18.2,31,170,3,45.9,21,74.7,127,25.3,43,118.7,27,1,13.5,23,257,145,6.9,12.2,2.02
Brock Chappell,172640,TE,FURMAN,11,6.4,2,81.5,66.7,2,3,1,8.3,2,-0.07,14,170,0,66.7,70.7,54.9,66.3,64.4,64.6,179,0,22,16.2,45,277,5,38.3,22,79.8,221,26.0,72,124.4,27,2,4.7,13,214,105,4.8,9.7,0.97
Chernet Estes,157701,WR,UTAHTC,12,9.4,1,37.0,0.0,0,2,0,23.1,3,-0.22,8,1285,0,32.9,67.9,56.1,60.9,57.0,0.0,0,0,22,0.7,1,142,1,34.3,10,95.8,136,19.0,27,52.4,27,0,81.0,115,126,47,4.7,12.6,0.93
Omari Stewart,174402,WR,BETH COOK,10,11.6,0,51.9,50.0,1,2,0,6.7,1,-0.13,6,119,0,69.9,71.7,58.3,,59.1,0.0,0,3,33,0.0,0,159,0,37.6,14,93.7,149,54.7,87,37.8,27,1,45.3,72,128,57,4.1,9.1,0.86
Jermaine Minor Jr.,178066,TE,SOUTHERN U,13,7.3,4,63.0,66.7,2,3,0,19.0,4,-0.05,11,297,1,42.4,15.6,50.8,52.0,59.5,88.7,125,0,25,6.4,9,141,3,40.5,17,86.5,122,10.6,15,100.4,27,1,0.0,0,217,124,7.3,12.8,1.78
Eli Gillman,159007,HB,MONTANA,14,-0.4,7,66.7,0.0,0,2,0,14.3,3,-0.04,7,232,0,50.6,90.5,86.5,76.6,58.6,0.0,0,0,68,11.5,25,217,0,42.7,18,83.9,182,4.6,10,109.5,27,2,4.6,10,176,198,11.0,9.8,0.97
C.J. Evans,121347,HB,TENN STATE,13,1.0,11,88.9,0.0,0,2,2,4.0,1,0.0,9,308,0,77.8,80.2,76.0,86.6,87.4,0.0,0,0,74,19.5,30,154,3,39.5,24,76.6,118,17.5,27,150.9,27,3,3.9,6,306,285,11.9,12.8,2.59
Rohan Fluellen,173135,WR,STF AUSTIN,9,5.9,8,77.8,50.0,3,6,1,0.0,0,0.04,10,301,0,86.3,71.2,67.6,,68.5,0.0,0,0,47,0.0,0,102,1,48.0,21,98.0,100,88.2,90,126.1,27,2,10.8,11,225,145,6.9,10.7,2.25
Charles Garrison,164441,TE,N COLORADO,12,11.5,1,55.6,66.7,6,9,0,6.3,1,-0.3,9,253,1,70.1,23.5,47.8,70.6,59.8,59.9,118,1,36,15.2,30,197,1,32.3,15,81.7,161,31.5,62,64.4,27,0,4.6,9,204,55,3.7,13.6,1.27
Rickey Spruill,148608,HB,WAGNER,12,3.3,4,77.8,0.0,0,1,0,8.7,2,-0.12,9,338,0,65.7,89.0,74.6,80.8,61.9,0.0,0,1,81,24.4,65,266,0,37.8,21,71.4,190,1.9,5,119.9,27,3,2.6,7,205,167,8.0,9.8,1.08
Tyler Cherry,123170,WR,CITADEL,12,13.1,4,59.3,,0,0,0,5.9,1,-0.17,11,139,0,70.9,69.8,65.9,63.1,67.5,7.4,15,2,45,0.5,1,202,2,34.7,16,95.0,192,51.5,104,93.3,27,2,41.1,83,311,138,8.6,19.4,1.62
Ean Pope,171155,HB,CORNELL,10,4.0,4,63.0,0.0,0,3,0,10.5,2,0.13,6,147,0,60.0,75.9,65.5,72.8,57.8,0.0,0,0,32,23.9,67,280,0,47.2,17,73.6,206,4.3,12,73.8,27,0,6.1,17,125,94,5.5,7.4,0.61
Se'Quan Osborne,177042,WR,HOWARD,11,15.7,6,40.7,28.6,2,7,0,15.4,2,-0.27,9,184,0,49.5,68.2,62.3,,63.8,0.0,0,3,40,0.0,0,117,2,35.7,11,98.3,115,18.8,22,33.3,27,1,81.2,95,159,91,8.3,14.5,1.38
Ja'Carree Kelly,173611,WR,DELAWARE,11,9.1,4,63.0,66.7,2,3,0,10.5,2,0.19,8,151,0,61.3,72.5,62.8,,64.3,1.1,2,1,29,0.0,0,177,1,43.5,17,94.9,168,93.2,165,78.6,27,1,4.5,8,176,98,5.8,10.4,1.05
Peter Cleary,153967,TE,CENT CT ST,12,5.8,1,37.0,33.3,2,6,0,23.1,3,-0.17,6,133,0,35.9,68.7,44.0,49.1,45.5,68.7,219,0,21,16.3,52,319,1,39.5,10,78.7,251,26.3,84,60.6,27,1,1.9,6,99,72,7.2,9.9,0.39
Reed Dexter,149657,WR,MARIST,10,13.0,0,46.2,0.0,0,4,0,20.0,3,-0.22,7,213,0,38.6,68.5,54.3,,53.1,0.0,0,0,20,0.0,0,177,0,34.1,12,94.4,167,22.0,39,68.6,26,1,78.0,138,95,36,3.0,7.9,0.57
Myles Parker,149765,WR,ALAB A&M,8,6.9,2,50.0,0.0,0,2,0,18.8,3,0.06,5,104,0,41.1,78.0,54.7,,53.9,0.0,0,1,28,0.0,0,126,0,41.5,13,97.6,123,85.7,108,47.4,26,0,10.3,13,123,87,6.7,9.5,1.0
Asa Wondeh,160754,WR,TENN MARTN,14,6.3,3,76.9,50.0,2,4,1,9.1,2,0.21,10,310,0,63.8,73.8,54.0,,58.4,0.0,0,0,26,0.0,0,191,3,45.0,20,94.2,180,56.0,107,106.3,26,1,43.5,83,170,67,3.4,8.5,0.94
Ethan Harris,159805,WR,FURMAN,11,11.8,1,57.7,0.0,0,4,0,0.0,0,-0.11,9,170,0,83.8,69.2,61.0,,60.6,0.0,0,0,47,0.0,0,178,0,38.6,15,96.1,171,7.9,14,99.2,26,1,92.1,164,226,57,3.8,15.1,1.32
Cooper Heisey,98295,TE,MAINE,10,4.3,0,76.9,,0,0,2,0.0,0,0.03,10,212,0,86.7,70.6,69.1,58.5,75.2,66.7,104,0,13,17.9,28,156,3,46.9,20,75.6,118,28.2,44,124.7,26,5,4.5,7,118,65,3.3,5.9,1.0
Jaden Sutton,109120,HB,DELWARE ST,12,0.8,8,61.5,,0,0,0,20.0,4,-0.32,6,152,1,36.9,65.8,76.3,51.8,39.0,0.0,0,3,55,17.8,54,303,0,33.8,16,79.5,241,3.0,9,56.4,26,1,3.0,9,186,208,13.0,11.6,0.77
Kylan Galbreath,161505,WR,MURRAY ST,12,6.5,4,73.1,25.0,1,4,0,5.0,1,-0.37,7,236,0,73.6,70.7,59.8,61.1,60.3,0.0,0,1,31,0.6,1,171,0,32.9,19,97.1,166,94.2,161,72.0,26,0,2.9,5,156,52,2.7,8.2,0.94
Elijah Ford,162299,WR,SACR HEART,11,9.7,2,61.5,57.1,4,7,0,15.8,3,-0.37,5,280,0,47.2,71.7,59.4,,57.3,0.0,0,0,39,0.0,0,116,1,31.0,16,97.4,113,79.3,92,73.2,26,0,20.7,24,124,61,3.8,7.8,1.1
Trevon Brown,104925,WR,BUTLER,12,13.4,0,73.1,50.0,4,8,0,5.0,1,0.2,14,127,0,74.6,70.2,70.2,,70.4,0.0,0,1,40,0.0,0,145,0,51.8,19,97.2,141,3.4,5,129.2,26,5,96.6,140,266,23,1.2,14.0,1.89
Nick Ostmo,105623,HB,MONTANA,12,0.3,4,73.1,50.0,1,2,0,5.0,1,0.01,9,232,1,73.6,66.4,80.2,65.7,54.3,0.4,1,0,27,13.5,31,229,0,44.6,19,84.7,194,3.1,7,100.8,26,1,2.6,6,156,175,9.2,8.2,0.8
Karter Johnson,98133,TE,FL A&M,10,9.3,3,57.7,0.0,0,4,0,11.8,2,-0.02,7,164,1,57.1,25.1,51.1,53.0,53.4,68.4,130,1,22,19.5,37,190,1,41.4,15,74.7,142,23.7,45,69.2,26,1,7.4,14,139,72,4.8,9.3,0.98
Ryan King,122484,WR,MONTANA ST,15,13.1,0,57.7,20.0,1,5,0,11.8,2,0.2,9,233,0,57.1,70.5,57.3,,56.0,0.7,1,0,27,0.0,0,149,1,54.5,15,97.3,145,2.7,4,76.1,26,0,96.6,144,162,10,0.7,10.8,1.12
Michael Wortham,170696,QB,E WASHGTON,12,-1.3,1,96.2,100.0,1,1,0,0.0,0,0.33,9,161,1,87.7,28.0,78.5,,78.6,0.0,0,0,34,0.0,0,67,0,45.5,25,85.1,57,31.3,21,113.0,26,1,6.0,4,209,242,9.7,8.4,3.67
Emmerson Cortez-Menjivar,175077,WR,IDAHO,14,8.1,2,61.5,33.3,2,6,0,11.1,2,0.06,8,185,0,60.0,73.7,55.0,,52.6,0.4,1,2,41,0.0,0,269,2,44.5,16,95.2,256,30.9,83,93.1,26,4,68.8,185,201,144,9.0,12.6,0.79
Colby Ramshaw,159164,TE,NEW HAMP,13,6.2,3,57.7,16.7,1,6,0,11.8,2,-0.12,6,240,0,60.0,70.4,41.9,64.0,46.7,54.5,189,1,28,9.8,34,347,4,40.5,15,85.6,297,40.3,140,93.1,26,3,5.2,18,128,81,5.4,8.5,0.43
Elijah Downing,104959,WR,MURRAY ST,11,12.8,1,34.6,25.0,2,8,1,25.0,3,-0.38,4,236,0,32.9,67.9,54.3,,52.5,0.0,0,2,31,0.0,0,110,1,34.3,9,92.7,102,5.5,6,29.0,26,1,94.5,104,108,43,4.8,12.0,1.06
Nick Laboy,148767,WR,DELAWARE,11,13.2,3,57.7,66.7,2,3,0,11.8,2,-0.15,7,151,0,57.1,69.2,56.7,,57.5,0.0,0,1,34,0.0,0,134,0,39.1,15,95.5,128,10.4,14,74.7,26,1,89.6,120,173,75,5.0,11.5,1.35
Plez Lawrence,159371,HB,INDIANA ST,11,0.1,3,88.5,,0,0,0,4.2,1,0.19,7,191,0,66.8,87.9,65.1,81.6,72.1,0.0,0,0,47,21.3,34,160,0,44.7,23,73.8,118,6.9,11,140.7,26,3,0.6,1,222,216,9.4,9.7,1.88
Trenell Ridgley,170831,WR,ROB MORRIS,12,8.1,0,73.1,33.3,1,3,0,9.5,2,0.06,9,277,1,62.7,40.7,54.5,,55.8,0.5,1,0,21,0.0,0,193,2,42.1,19,94.8,183,84.5,163,105.6,26,1,15.0,29,186,90,4.7,9.8,1.02
Kryon Downing,159630,WR,SE MO ST,9,9.3,2,65.4,25.0,1,4,0,19.0,4,0.32,8,293,0,40.8,72.0,55.2,,55.5,0.0,0,0,24,0.0,0,138,1,49.6,17,93.5,129,76.8,106,106.3,26,2,18.8,26,150,61,3.6,8.8,1.16
Mason Stahl,129795,WR,SACR HEART,11,11.8,0,48.0,33.3,1,3,0,14.3,2,-0.17,4,280,0,51.7,76.5,52.0,,51.4,0.0,0,0,48,0.0,0,158,1,37.4,12,98.1,155,94.9,150,67.9,25,0,5.1,8,155,73,6.1,12.9,1.0
Eli Paulson,172168,WR,STTHOM,12,9.8,3,68.0,100.0,2,2,1,0.0,0,-0.29,9,1129,0,85.5,76.0,60.0,29.1,60.0,0.0,0,0,44,0.0,0,220,2,32.1,17,96.4,212,45.0,99,93.3,25,0,55.0,121,207,96,5.6,12.2,0.98
Caleb Fauria,131676,TE,DELAWARE,11,11.7,3,48.0,33.3,1,3,0,7.7,1,0.14,7,151,0,66.1,68.5,57.8,71.1,53.8,44.6,119,0,36,11.2,30,267,1,44.6,12,82.8,221,47.2,126,76.3,25,1,5.2,14,125,48,4.0,10.4,0.57
Jayden Becks,131443,HB,MO STATE,11,1.0,3,88.0,50.0,1,2,0,4.3,1,0.1,10,230,1,75.9,40.7,75.5,39.4,70.7,0.7,1,0,57,16.1,22,137,0,44.0,22,81.8,112,6.6,9,133.2,25,2,6.6,9,239,234,10.6,10.9,2.13
Kevin Barnett,159379,WR,INDIANA ST,12,12.7,0,60.0,75.0,3,4,0,16.7,3,-0.11,6,191,0,47.2,69.5,50.0,,48.2,0.0,0,1,73,0.0,0,279,0,38.3,15,95.3,266,5.4,15,78.3,25,1,94.6,264,177,15,1.0,11.8,0.67
Amauri Pesek-Hickson,122573,HB,N IOWA,11,-1.0,4,76.0,0.0,0,1,0,5.0,1,0.03,7,255,0,73.6,47.6,73.4,55.1,65.9,0.6,1,0,21,16.7,29,174,2,43.5,19,81.6,142,6.9,12,105.1,25,1,5.7,10,158,204,10.7,8.3,1.11
Logan Compton,99526,TE,INCAR WORD,14,10.8,0,72.0,50.0,1,2,0,5.3,1,0.06,10,189,0,72.8,70.4,51.2,73.6,51.8,61.8,231,1,39,17.6,66,374,0,44.7,18,79.1,296,26.2,98,121.5,25,4,3.5,13,219,90,5.0,12.2,0.74
Noah Kjar,192658,WR,WEBER ST,11,10.3,0,64.0,100.0,1,1,0,11.1,2,-0.05,5,342,0,58.6,74.8,57.4,,57.0,0.0,0,0,41,0.0,0,132,0,38.8,16,97.7,129,96.2,127,88.8,25,0,3.8,5,200,89,5.6,12.5,1.55
Joshua Carter,97142,HB,E KENTUCKY,13,3.6,3,96.0,50.0,1,2,0,0.0,0,0.14,8,159,1,88.6,88.5,85.9,72.6,71.0,0.0,0,0,30,21.7,57,263,1,47.0,24,74.9,197,3.4,9,105.0,25,0,0.0,0,230,166,6.9,9.6,1.17
Julius Loughridge,149316,HB,FORDHAM,11,-3.2,12,84.0,,0,0,0,16.0,4,-0.37,7,168,0,45.8,84.7,77.9,75.2,55.3,0.3,1,0,44,40.5,117,289,0,29.7,21,57.8,167,4.2,12,92.5,25,0,1.0,3,155,213,10.1,7.4,0.93
Mason Kuehner,185665,WR,LAFAYETTE,11,13.3,3,68.0,33.3,1,3,0,5.6,1,-0.09,9,203,0,73.0,81.8,61.3,,61.4,0.0,0,2,69,0.0,0,167,0,43.5,17,96.4,161,4.8,8,81.8,25,1,95.2,159,258,88,5.2,15.2,1.6
Curron Borders,170761,HB,SACRAMENTO,11,-1.6,4,80.0,100.0,1,1,0,4.8,1,-0.01,6,279,0,76.1,69.0,73.7,73.0,79.2,0.0,0,1,17,40.0,60,150,0,47.2,20,58.0,87,4.0,6,66.8,25,0,2.7,4,101,138,6.9,5.1,1.16
Joseph Kennerly Jr.,161363,WR,MORGAN ST,12,11.4,2,44.0,,0,0,0,15.4,2,-0.07,6,235,0,55.5,69.4,48.1,,48.9,0.0,0,1,74,0.0,0,294,2,39.9,11,94.6,278,8.2,24,61.9,25,1,91.5,269,159,71,6.5,14.5,0.57
Zach Switzer,177754,HB,PRESBYTERN,11,1.9,7,84.0,0.0,0,2,0,0.0,0,0.15,11,271,0,86.3,58.2,73.2,45.1,87.9,0.0,0,1,67,9.6,14,146,0,43.8,21,84.9,124,4.1,6,118.5,25,2,3.4,5,251,255,12.1,12.0,2.02
Jack Rilling,146773,WR,MARIST,10,13.1,6,56.0,25.0,1,4,0,17.6,3,-0.24,6,213,0,43.5,69.4,57.8,,59.1,0.0,0,1,39,0.0,0,145,0,38.2,14,93.8,136,30.3,44,57.1,25,0,69.0,100,150,31,2.2,10.7,1.1
Nick Laughlin,170847,WR,MAINE,12,3.9,6,88.0,100.0,1,1,0,0.0,0,0.28,7,212,0,86.7,72.5,66.6,63.9,65.7,0.8,1,0,36,0.8,1,121,0,51.3,22,95.9,116,68.6,83,111.8,25,1,25.6,31,191,141,6.4,8.7,1.65
Joey Felton,109619,WR,YALE,9,8.4,3,80.0,33.3,1,3,0,0.0,0,0.33,10,352,0,85.9,75.7,67.5,,67.0,0.0,0,2,71,0.0,0,149,0,52.8,20,95.3,142,98.7,147,113.6,25,3,1.3,2,244,117,5.9,12.2,1.72
Jackson Parker,142225,WR,ALBANY,11,11.7,4,60.0,0.0,0,3,0,0.0,0,0.13,9,106,1,83.8,23.5,61.3,,61.1,0.0,0,1,38,0.0,0,136,3,43.8,15,95.6,130,2.2,3,87.9,25,1,97.8,133,235,84,5.6,15.7,1.81
Marvin Landy,136896,TE,JACKSON ST,13,5.5,2,76.0,,0,0,0,5.0,1,0.07,11,194,0,73.6,70.1,69.2,63.0,73.2,64.1,127,0,42,23.7,47,198,0,44.7,19,72.2,143,34.8,69,145.7,25,3,0.5,1,244,131,6.9,12.8,1.71
Jayvian Allen,149203,HB,N ALABAMA,11,0.3,4,60.0,,0,0,0,16.7,3,0.08,8,389,0,45.4,67.6,65.0,57.6,52.0,0.0,0,0,34,15.9,36,226,0,45.1,15,80.5,182,6.6,15,92.3,25,1,1.8,4,161,152,10.1,10.7,0.88
Grayson O'Bara,159314,WR,DARTMOUTH,10,9.4,4,76.0,50.0,2,4,0,0.0,0,-0.09,11,148,0,85.5,71.7,75.1,,75.0,0.0,0,1,72,0.0,0,113,0,44.1,19,98.2,111,46.0,52,120.2,25,2,54.0,61,269,131,6.9,14.2,2.42
Bradley Clark,88749,WR,S ILLINOIS,12,11.1,2,64.0,50.0,2,4,0,0.0,0,-0.2,12,295,0,84.7,69.7,63.6,,63.4,0.0,0,0,35,0.0,0,212,1,38.8,16,92.5,196,13.2,28,129.8,25,3,86.8,184,209,71,4.4,13.1,1.07
Devin Matthews,148460,HB,TOWSON,12,0.2,4,84.0,,0,0,0,8.7,2,0.16,7,317,0,64.7,89.6,84.5,19.2,67.7,0.0,0,0,20,10.5,16,152,0,50.3,21,85.5,130,5.3,8,103.7,25,1,1.3,2,142,142,6.8,6.8,1.09
Errol Rogers Jr.,122657,WR,SE LA,12,9.4,0,56.0,25.0,1,4,0,6.7,1,-0.28,10,294,0,68.7,69.0,51.7,,52.0,0.0,0,3,23,0.0,0,291,2,35.8,14,93.1,271,33.7,98,48.0,25,1,66.3,193,153,34,2.4,10.9,0.56
Devyn Gibbs,139381,TE,LAMAR,11,8.4,3,68.0,33.3,1,3,0,5.6,1,0.02,8,204,0,72.8,69.9,58.3,76.9,61.6,58.6,116,1,28,11.1,22,198,2,38.7,17,83.8,166,34.3,68,108.8,25,4,6.1,12,163,103,6.1,9.6,0.98
Cam Jefferson,178062,WR,SOUTHERN U,11,13.6,0,44.0,33.3,1,3,0,15.4,2,0.01,9,297,1,35.9,20.5,55.3,,54.9,0.0,0,1,71,0.0,0,188,1,39.5,11,94.1,177,69.7,131,68.4,25,1,30.3,57,198,93,8.5,18.0,1.12
Chase Merrell,172985,TE,SO UTAH,12,5.4,4,84.0,0.0,0,3,0,0.0,0,0.09,10,298,1,86.3,27.4,64.3,51.3,71.4,74.1,140,0,27,11.6,22,189,1,44.3,21,82.0,155,16.4,31,139.4,25,4,4.8,9,199,107,5.1,9.5,1.28
Jamil Bishop,185136,WR,CHARLES SO,9,10.2,0,48.0,0.0,0,1,0,14.3,2,-0.27,7,135,0,53.7,76.3,62.0,,58.8,0.0,0,2,64,0.0,0,127,1,33.6,12,98.4,125,95.3,121,48.4,25,1,3.9,5,158,71,5.9,13.2,1.26
JT Mayo,142420,WR,WM & MARY,11,9.0,5,56.0,14.3,1,7,1,6.7,1,0.11,11,348,0,57.1,69.6,52.4,44.4,55.6,0.4,1,0,31,1.5,4,260,7,44.9,14,92.7,241,57.7,150,91.9,25,1,41.9,109,179,74,5.3,12.8,0.74
John Holbrook,172652,WR,FURMAN,10,12.7,1,44.0,25.0,1,4,0,8.3,1,-0.39,9,170,0,64.6,68.2,59.9,,61.5,0.0,0,2,28,0.0,0,144,0,30.9,11,94.4,136,95.8,138,46.1,25,1,3.5,5,164,54,4.9,14.9,1.21
Marcus Velez,104901,TE,BETH COOK,11,3.5,1,80.0,66.7,2,3,0,0.0,0,0.1,5,119,0,85.9,71.4,54.6,76.2,59.6,68.3,123,1,20,19.4,35,180,2,43.5,20,78.3,141,23.3,42,75.2,25,0,3.3,6,151,95,4.8,7.6,1.07
Logan Mauldin,122348,TE,MCNEESE,12,8.6,2,62.5,20.0,1,5,0,6.3,1,0.02,11,217,0,70.1,69.6,61.1,66.8,61.6,80.9,161,2,38,8.5,17,199,2,43.6,15,85.9,171,16.1,32,62.3,24,1,0.5,1,167,101,6.7,11.1,0.98
Chase Stafford,142663,TE,WAGNER,12,6.8,1,50.0,0.0,0,1,1,20.0,3,-0.24,8,338,0,43.3,69.0,51.4,74.2,53.4,61.1,151,2,31,13.8,34,247,3,34.3,12,82.6,204,32.4,80,59.9,24,2,4.5,11,133,68,5.7,11.1,0.65
Nicholas Dobson,150564,TE,NC A&T,11,3.1,6,79.2,66.7,2,3,0,9.5,2,-0.14,5,246,1,64.7,27.4,61.0,61.2,70.5,95.8,138,1,33,21.5,31,144,0,35.1,19,71.5,103,2.8,4,71.4,24,0,0.0,0,127,109,5.7,6.7,1.23
Sam Milligan,171964,WR,BUCKNELL,12,13.3,3,79.2,100.0,4,4,0,0.0,0,0.08,15,125,0,85.9,71.4,77.9,65.6,78.0,6.3,9,1,36,1.4,2,143,1,46.7,19,93.0,133,26.6,38,137.7,24,5,67.1,96,281,72,3.8,14.8,2.11
Carter Moses,164523,TE,ALBANY,11,5.6,0,66.7,0.0,0,1,0,15.8,3,-0.27,8,106,0,49.0,69.7,57.1,66.5,64.0,88.0,205,2,17,37.8,88,233,2,40.6,16,57.1,133,6.9,16,59.5,24,1,0.0,0,131,84,5.3,8.2,0.98
Isaiah Davis,123307,WR,STF AUSTIN,12,11.4,1,66.7,0.0,0,1,0,11.1,2,0.2,10,301,0,58.6,69.5,59.6,66.4,59.9,0.0,0,0,61,1.1,2,188,0,46.5,16,97.3,183,17.0,32,129.2,24,2,83.0,156,252,139,8.7,15.8,1.38
Dallas Holmes,159750,TE,LAFAYETTE,11,13.4,1,50.0,20.0,1,5,1,7.7,1,-0.15,7,203,0,66.1,68.5,48.8,58.3,48.0,53.5,147,3,18,20.0,55,275,2,40.1,12,77.5,213,41.5,114,63.2,24,3,0.7,2,112,45,3.8,9.3,0.53
Mitch Bartol,130644,TE,ILL STATE,14,5.3,2,79.2,33.3,1,3,0,0.0,0,0.16,8,188,1,86.7,27.3,50.5,68.6,50.6,60.5,207,1,27,15.5,53,342,1,50.0,19,81.3,278,38.9,133,108.3,24,2,0.3,1,180,109,5.7,9.5,0.65
Dave Pardo,174495,WR,CENT CT ST,13,12.2,0,62.5,50.0,2,4,0,0.0,0,-0.09,10,133,0,83.8,69.2,57.5,,55.5,0.0,0,2,31,0.0,0,230,0,42.3,15,95.7,220,7.0,16,51.4,24,0,93.0,214,184,20,1.3,12.3,0.84
Lofton O'Groske,192036,WR,S DAK ST,11,13.3,0,62.5,33.3,2,6,0,0.0,0,0.43,10,292,0,83.8,69.6,64.7,,63.5,0.0,0,0,35,0.0,0,163,1,49.0,15,95.1,155,8.0,13,104.9,24,1,92.0,150,212,37,2.5,14.1,1.37
Quasean Holmes,159507,HB,GARD-WEBB,12,-1.5,9,91.7,,0,0,0,4.3,1,0.03,9,171,0,75.9,74.7,72.9,78.0,75.1,0.0,0,0,39,11.5,15,130,0,41.6,22,84.6,110,6.9,9,137.2,24,3,0.0,0,178,221,10.0,8.1,1.62
Taylor Shields,104957,WR,GARD-WEBB,9,14.0,3,50.0,50.0,4,8,0,0.0,0,0.12,12,171,0,66.1,69.7,62.9,,62.5,0.0,0,0,65,0.0,0,168,0,42.7,12,93.5,157,11.3,19,125.5,24,3,88.1,148,243,86,7.2,20.3,1.55
Q'Daryius Jennings,151215,HB,MURRAY ST,11,0.3,4,70.8,,0,0,0,0.0,0,-0.25,6,236,0,84.7,57.7,74.3,86.7,65.1,0.0,0,0,23,13.6,20,147,0,33.8,17,81.6,120,11.6,17,82.3,24,0,3.4,5,122,111,6.5,7.2,1.02
Clayton Wayland,192641,WR,STF AUSTIN,9,15.1,0,54.2,0.0,0,6,0,0.0,0,-0.1,11,301,1,82.7,22.1,58.4,,59.7,0.0,0,0,53,0.0,0,184,0,34.4,13,97.8,180,18.5,34,121.0,24,3,81.5,150,197,53,4.1,15.2,1.09
Gary Cooper,101684,WR,BRYANT,4,9.6,4,70.8,50.0,3,6,0,5.6,1,0.0,11,124,0,71.9,69.7,63.8,,63.1,0.7,1,2,36,0.0,0,139,0,44.2,17,98.6,137,85.6,119,64.1,24,0,13.7,19,217,75,4.4,12.8,1.58
Christian McNees,177994,WR,NICHOLLS,7,11.0,1,50.0,16.7,1,6,0,14.3,2,0.04,9,243,1,51.7,21.4,57.2,46.3,58.9,0.0,0,2,38,0.8,1,127,1,41.0,12,95.3,121,11.8,15,69.4,24,2,88.2,112,188,70,5.8,15.7,1.55
Richie Ilarraza,154743,WR,HOWARD,4,5.0,2,83.3,0.0,0,1,0,4.8,1,0.07,12,184,0,74.4,75.1,73.9,,72.3,0.0,0,1,22,0.0,0,108,1,41.5,20,97.2,105,93.5,101,96.5,24,1,6.5,7,192,85,4.3,9.6,1.83
Anthony Rucker,160399,TE,NC A&T,10,6.7,3,75.0,50.0,1,2,0,10.0,2,0.03,8,246,0,61.3,69.9,63.0,65.7,66.8,69.3,79,1,38,9.6,11,114,1,42.1,18,85.1,97,23.7,27,122.2,24,3,7.0,8,204,91,5.1,11.3,2.1
Ryder MacGillivray,157629,WR,N COLORADO,9,10.6,0,58.3,40.0,2,5,0,0.0,0,-0.37,5,253,0,83.3,69.0,62.2,,61.8,0.0,0,1,38,0.0,0,93,0,33.7,14,98.9,92,82.8,77,57.5,24,0,15.1,14,139,89,6.4,9.9,1.51
Max McCormick,162147,TE,GEORGETOWN,9,2.3,1,43.5,33.3,1,3,0,16.7,2,-0.19,2,172,0,47.4,67.9,37.8,64.5,37.5,53.5,121,2,11,8.4,19,226,2,41.1,10,86.7,196,40.3,91,29.1,23,1,5.3,12,48,32,3.2,4.8,0.24
Carl Smith,123365,WR,ROB MORRIS,11,10.3,4,65.2,0.0,0,3,0,11.8,2,-0.11,12,277,0,57.1,69.9,65.4,,63.9,0.0,0,1,42,0.0,0,173,0,37.6,15,95.4,165,37.0,64,117.5,23,2,63.0,109,277,143,9.5,18.5,1.68
Aiden Ramos,170652,HB,CAL POLY,11,-2.7,5,82.6,,0,0,0,0.0,0,0.13,8,129,0,85.5,87.9,63.8,68.0,71.2,0.0,0,1,28,19.3,37,192,0,43.7,19,76.0,146,3.6,7,74.8,23,0,0.5,1,145,200,10.5,7.6,0.99
Kevin McGuire,162316,WR,SACR HEART,11,8.9,2,69.6,50.0,1,2,0,11.1,2,-0.27,12,280,0,58.6,69.8,67.4,,67.3,0.0,0,1,49,0.0,0,131,0,32.8,16,97.7,128,80.9,106,95.9,23,1,19.1,25,218,84,5.3,13.6,1.7
Marquez Bell,123555,WR,FL A&M,12,7.0,4,73.9,33.3,1,3,0,5.6,1,0.04,7,164,0,71.9,73.0,62.6,,61.6,0.0,0,0,43,0.0,0,131,0,46.7,17,93.1,122,22.9,30,91.9,23,0,77.1,101,156,75,4.4,9.2,1.28
Jackson Pryor,185859,TE,FURMAN,8,9.7,0,69.6,50.0,1,2,0,0.0,0,0.06,10,170,0,84.2,69.5,76.7,62.1,78.3,37.6,35,0,45,1.1,1,93,0,41.1,16,95.7,89,52.7,49,132.3,23,2,9.7,9,239,88,5.5,14.9,2.69
Thad Franklin Jr.,143940,HB,FL A&M,12,0.9,1,82.6,0.0,0,2,0,5.0,1,0.18,8,164,0,74.4,76.5,72.6,36.5,73.4,0.0,0,0,22,17.4,27,155,1,46.2,19,76.8,119,0.6,1,124.6,23,2,1.3,2,160,157,8.3,8.4,1.34
Bryson Dickerson,160006,TE,W GEORGIA,11,8.0,2,65.2,,0,0,1,6.3,1,0.12,8,1177,0,69.9,69.2,49.2,81.5,51.5,38.7,98,1,40,19.4,49,253,2,45.3,15,75.1,190,49.8,126,83.2,23,1,5.5,14,168,91,6.1,11.2,0.88
Kobe Brown,196742,WR,SOUTHERN U,8,5.7,2,65.2,,0,0,0,11.8,2,-0.1,6,297,0,58.8,71.1,63.4,,62.9,0.0,0,0,21,0.0,0,92,0,37.1,15,96.7,89,97.8,90,81.4,23,0,2.2,2,138,120,8.0,9.2,1.55
Isaac Seide,105610,HB,NEW HAMP,10,-0.3,5,82.6,0.0,0,1,0,5.0,1,-0.09,4,240,0,73.6,75.8,64.6,38.4,55.8,0.0,0,0,16,20.9,51,244,0,42.1,19,75.0,183,1.6,4,83.0,23,0,2.0,5,90,105,5.5,4.7,0.49
MarShawn Ferguson Jr.,172278,WR,HAMPTON,12,6.1,1,69.6,33.3,2,6,0,0.0,0,-0.21,8,178,0,71.9,69.7,59.2,,61.6,0.0,0,2,22,0.0,0,126,1,38.1,16,93.7,118,96.0,121,45.7,23,0,4.0,5,121,43,2.7,7.6,1.03
Davin Stoffel,177226,TE,S DAK ST,14,11.6,0,60.9,0.0,0,2,0,6.7,1,0.23,8,292,0,68.7,69.0,55.5,66.5,57.7,67.6,146,0,41,13.9,30,216,4,48.8,14,81.0,175,23.6,51,99.4,23,1,8.3,18,177,58,4.1,12.6,1.01
Cameron Gardner,84310,TE,MS VLY ST,10,14.0,1,56.5,75.0,3,4,0,13.3,2,0.03,8,228,0,53.7,69.2,60.1,49.8,63.7,14.1,21,1,24,2.7,4,149,1,38.7,13,92.6,138,49.0,73,59.7,23,0,36.9,55,158,19,1.5,12.2,1.14
Tristen Riley,148550,WR,BRYANT,8,11.5,4,69.6,100.0,4,4,0,0.0,0,0.06,11,124,0,84.7,69.7,67.1,,68.0,0.0,0,2,25,0.0,0,152,1,44.8,16,95.4,145,97.4,148,82.0,23,2,2.6,4,161,33,2.1,10.1,1.11
Marcus Yarns,142272,HB,DELAWARE,9,4.0,1,73.9,0.0,0,1,1,5.6,1,0.1,10,151,0,72.8,89.6,84.9,61.2,77.1,0.0,0,1,86,28.9,58,201,1,42.2,17,69.7,140,17.4,35,137.2,23,5,2.0,4,297,224,13.2,17.5,2.12
Keyondray Jones-Logan,174454,WR,S DAKOTA,14,-2.3,5,91.3,0.0,0,1,0,4.5,1,0.6,9,291,0,75.2,81.1,73.6,71.8,65.3,1.4,1,0,13,1.4,1,74,0,54.2,21,97.3,72,43.2,32,97.3,23,1,32.4,24,89,164,7.8,4.2,1.24
Jeremiah Ratliff,189290,WR,PRVIEW A&M,10,5.9,7,78.3,33.3,1,3,0,0.0,0,-0.21,11,270,0,85.1,69.9,65.7,,66.7,0.0,0,0,27,0.0,0,131,0,34.6,18,96.9,127,85.5,112,114.7,23,1,13.0,17,185,152,8.4,10.3,1.46
Adam Jones,176769,HB,MONTANA ST,15,3.7,3,91.3,100.0,1,1,0,4.5,1,0.32,8,233,0,75.9,75.2,79.0,56.9,67.3,0.8,2,0,56,26.0,64,246,0,52.7,21,72.4,178,8.1,20,123.6,23,1,1.6,4,234,161,7.7,11.1,1.31
Christopher Watkins,149658,HB,TOWSON,12,-0.2,3,87.0,0.0,0,1,0,4.8,1,0.19,5,317,1,74.6,36.1,61.9,45.7,64.2,0.0,0,0,13,17.5,21,120,0,47.4,20,79.2,95,6.7,8,86.1,23,0,3.3,4,107,126,6.3,5.4,1.13
Apollos Cook,170043,WR,MERCER,13,11.8,2,56.5,50.0,1,2,0,18.8,3,-0.21,6,219,0,41.1,68.7,56.2,,54.9,0.0,0,1,55,0.0,0,149,0,40.1,13,98.7,147,24.2,36,58.4,23,0,75.8,113,151,52,4.0,11.6,1.03
Laquan Veney,147305,WR,NC A&T,11,9.7,6,68.2,60.0,3,5,0,6.3,1,-0.01,12,246,0,70.9,74.8,59.0,,60.4,0.0,0,0,23,0.0,0,190,0,38.7,15,90.0,171,96.8,184,103.8,22,1,3.2,6,157,18,1.2,10.5,0.92
Cole Bunicci,142367,TE,STNY BROOK,12,10.8,1,63.6,0.0,0,2,0,0.0,0,-0.05,12,303,0,83.3,69.4,67.8,42.6,67.7,34.9,67,0,63,10.9,21,192,1,41.9,14,83.3,160,55.7,107,134.5,22,2,4.7,9,259,108,7.7,18.5,1.62
Detraveon Brown,121881,WR,SOUTHERN U,9,16.5,1,45.5,60.0,3,5,0,9.1,1,-0.08,8,297,0,62.9,67.9,63.8,,63.2,0.0,0,0,37,0.0,0,127,0,37.0,10,93.7,119,5.5,7,87.5,22,1,94.5,120,171,34,3.4,17.1,1.44
Charlie Kreinbucher,159727,TE,BUCKNELL,12,3.3,3,100.0,100.0,1,1,0,0.0,0,0.1,9,125,0,86.7,70.6,50.1,47.0,55.1,60.1,223,0,20,19.7,73,371,1,46.1,22,74.4,276,20.8,77,115.2,22,1,19.1,71,176,110,5.0,8.0,0.64
Brandon Epton Jr.,144359,HB,SE MO ST,6,0.0,1,90.9,0.0,0,1,0,4.8,1,-0.19,5,293,0,74.4,84.0,69.3,30.6,63.3,3.2,6,0,21,15.6,29,186,0,42.8,20,79.0,147,5.4,10,100.9,22,1,3.8,7,101,118,5.9,5.1,0.69
Jason Collins Jr.,173819,HB,MORGAN ST,11,-1.1,5,77.3,,0,0,0,10.5,2,-0.03,7,235,0,60.2,76.2,78.8,71.2,61.7,0.0,0,0,35,17.6,27,153,0,42.3,17,77.8,119,1.3,2,96.8,22,0,4.6,7,160,203,11.9,9.4,1.34
Donivan Wright,131963,WR,ALAB A&M,11,11.1,1,63.6,50.0,1,2,0,12.5,2,-0.1,9,104,0,58.6,79.2,62.5,,63.6,0.0,0,1,34,0.0,0,166,2,43.4,14,95.8,159,62.0,103,107.6,22,2,38.0,63,217,108,7.7,15.5,1.36
A'Ceon Cobb,156521,WR,FL A&M,7,16.0,3,54.5,33.3,1,3,0,20.0,3,0.04,10,164,0,38.6,68.5,64.3,,65.6,0.0,0,2,70,0.0,0,122,2,42.1,12,93.4,114,9.0,11,96.6,22,4,91.0,111,250,115,9.6,20.8,2.19
Iaan Cousin,104816,WR,SAMFORD,6,10.5,7,81.8,0.0,0,1,0,0.0,0,0.04,12,282,0,85.1,72.3,81.4,65.1,85.6,9.6,9,0,77,1.1,1,94,0,50.0,18,95.7,90,81.9,77,149.1,22,2,8.5,8,321,185,10.3,17.8,3.57
Tysen Kershaw,138279,WR,N IOWA,10,15.7,1,54.5,0.0,0,1,0,7.7,1,0.19,10,255,0,66.1,68.6,63.9,,62.3,0.0,0,0,37,0.0,0,142,1,45.1,12,93.7,133,14.8,21,98.3,22,1,85.2,121,188,32,2.7,15.7,1.41
Devin Hester Jr.,185849,WR,FURMAN,10,6.0,1,77.3,,0,0,0,0.0,0,-0.16,7,170,0,84.7,70.0,60.8,,61.0,0.0,0,1,26,0.0,0,128,1,37.7,17,95.3,122,14.1,18,71.4,22,0,85.9,110,126,63,3.7,7.4,1.03
Ze'Vian Capers,123979,WR,GARD-WEBB,8,13.0,1,31.8,25.0,2,8,0,0.0,0,-0.2,2,171,0,79.3,67.1,53.1,60.9,54.1,0.0,0,1,14,1.0,1,97,2,35.6,7,91.8,89,10.3,10,22.2,22,0,89.7,87,55,31,4.4,7.9,0.62
Peyton Smith,165288,TE,SAN DIEGO,11,6.0,1,72.7,80.0,4,5,0,0.0,0,-0.02,10,283,0,84.2,69.5,62.0,67.9,57.4,62.2,163,1,18,15.3,40,262,2,42.4,16,80.5,211,29.4,77,97.2,22,2,5.7,15,122,66,4.1,7.6,0.58
Jayden West,170602,WR,E KENTUCKY,12,9.8,0,40.9,20.0,1,5,0,25.0,3,-0.05,7,159,0,29.8,67.5,51.8,,50.6,0.0,0,0,18,0.0,0,179,0,43.2,9,94.4,169,19.0,34,52.1,22,0,81.0,145,84,31,3.4,9.3,0.5
Joshua Harris,149887,WR,FURMAN,3,14.5,1,59.1,0.0,0,3,0,7.1,1,-0.15,8,170,0,67.5,73.4,71.1,,71.9,0.0,0,2,58,0.0,0,100,1,31.9,13,94.0,94,9.0,9,92.4,22,2,91.0,91,257,96,7.4,19.8,2.73
Zay Davis,186039,HB,NWSTATE,12,-1.5,8,68.2,0.0,0,1,0,21.1,4,-0.51,3,257,0,34.5,72.5,54.7,48.4,46.3,0.0,0,0,51,33.1,56,169,1,24.7,15,63.9,108,3.0,5,95.8,22,1,0.0,0,115,165,11.0,7.7,1.06
Xavier Gaillardetz,161245,WR,E TENN ST,12,14.5,5,59.1,25.0,1,4,0,7.1,1,-0.16,8,157,0,67.5,86.3,65.6,,65.0,0.0,0,2,42,0.0,0,114,0,41.5,13,93.0,106,36.8,42,93.0,22,3,61.4,70,211,83,6.4,16.2,1.99
DeMarcus McElroy,156793,HB,ST FRANCIS,11,2.5,1,68.2,0.0,0,1,0,6.3,1,-0.18,7,299,1,70.1,43.1,69.1,47.4,57.1,0.0,0,0,16,15.1,25,166,0,39.3,15,83.1,138,2.4,4,94.5,22,1,6.6,11,108,77,5.1,7.2,0.78
Sam Reynolds,146914,WR,TOWSON,12,7.8,4,72.7,80.0,4,5,0,15.8,3,0.21,13,317,0,47.5,69.5,61.4,,61.5,0.0,0,1,57,0.0,0,159,1,52.0,16,93.1,148,92.5,147,100.9,22,1,7.5,12,222,94,5.9,13.9,1.5
Covadis Knighten,160213,TE,GRAMBLING,12,3.9,2,81.8,100.0,2,2,0,0.0,0,0.08,8,177,0,85.1,69.9,67.2,69.5,69.5,81.3,100,0,18,14.6,18,123,2,39.2,18,82.9,102,7.3,9,104.7,22,1,7.3,9,121,74,4.1,6.7,1.19
Josh Gale,142170,TE,UC DAVIS,11,6.8,2,72.7,50.0,1,2,0,5.9,1,0.35,9,322,0,58.8,69.5,74.8,47.3,72.4,49.5,48,0,40,5.2,5,97,1,52.7,16,91.8,89,38.1,37,117.2,22,1,12.4,12,208,139,8.7,13.0,2.34
Preston Bird,189064,WR,SAMFORD,11,7.8,2,81.8,66.7,2,3,0,5.3,1,-0.28,11,282,1,73.6,28.9,64.7,,65.5,0.8,1,1,31,0.0,0,122,0,43.9,18,93.4,114,51.6,63,101.3,22,1,47.5,58,203,97,5.4,11.3,1.78
Charles Pierre Jr.,164844,HB,S DAKOTA,14,-0.6,12,86.4,,0,0,0,9.5,2,0.29,7,291,0,63.8,90.5,90.9,59.6,77.4,0.0,0,0,53,13.0,18,138,0,53.1,19,79.7,110,1.4,2,133.0,22,2,5.1,7,190,202,10.6,10.0,1.73
Malachi Hosley,177483,HB,PENN,10,4.8,8,50.0,0.0,0,2,0,31.3,5,0.11,4,267,0,20.9,90.9,88.7,56.4,44.7,0.0,0,2,24,19.2,41,213,0,43.6,11,75.6,161,8.0,17,21.6,22,0,1.4,3,83,113,10.3,7.5,0.52
Alex Moore,102610,TE,IDAHO,14,6.2,1,81.8,0.0,0,1,0,0.0,0,0.2,7,185,0,85.1,70.5,58.0,52.1,55.5,56.8,129,0,33,7.5,17,227,0,47.7,18,87.2,198,26.4,60,108.9,22,1,16.7,38,143,49,2.7,7.9,0.72
Donovan Giles,162932,WR,ARKAPB,12,15.0,1,36.4,0.0,0,2,0,0.0,0,-0.05,5,112,0,79.3,67.1,55.1,,57.4,2.9,5,1,37,0.0,0,172,2,36.4,8,94.2,162,71.5,123,51.9,22,1,25.6,44,123,49,6.1,15.4,0.76
Hunter Johnson,143173,WR,DRAKE,12,13.9,0,54.5,60.0,3,5,0,7.7,1,-0.19,6,153,0,66.1,69.2,59.4,,62.0,0.0,0,1,38,0.0,0,119,2,45.5,12,94.1,112,4.2,5,76.3,22,1,95.8,114,172,39,3.3,14.3,1.54
Matteo Perez,155193,HB,UC DAVIS,12,1.2,2,90.5,0.0,0,1,1,0.0,0,0.21,9,322,0,85.5,90.5,71.2,74.3,74.4,0.8,1,1,20,21.8,26,119,2,53.6,19,75.6,90,5.9,7,91.9,21,1,3.4,4,147,141,7.4,7.7,1.63
Mikey Henderson,122930,WR,TARLETON,5,8.0,4,61.9,0.0,0,1,0,13.3,2,-0.1,9,401,0,55.5,69.0,64.3,,64.4,1.2,1,1,18,0.0,0,81,1,40.0,13,92.6,75,95.1,77,70.3,21,1,3.7,3,104,84,6.5,8.0,1.39
Dash Luke,155552,WR,MO STATE,11,10.7,3,76.2,66.7,2,3,0,5.9,1,0.26,10,230,0,70.9,73.0,66.4,,65.6,0.0,0,0,32,0.0,0,144,0,48.6,16,97.2,140,97.9,141,140.2,21,2,1.4,2,216,63,3.9,13.5,1.54
JC Roque Jr.,177181,WR,N IOWA,8,5.6,2,76.2,66.7,2,3,0,0.0,0,-0.16,6,255,0,84.7,79.7,65.3,,68.5,0.0,0,1,60,0.0,0,90,0,35.6,16,96.7,87,97.8,88,97.9,21,1,2.2,2,183,102,6.4,11.4,2.1
Javion Phelps,148203,WR,S DAKOTA,13,12.6,1,81.0,80.0,4,5,0,5.6,1,0.28,11,291,0,49.2,69.7,69.4,,67.8,0.0,0,1,31,0.0,0,108,0,52.0,17,94.4,102,2.8,3,103.6,21,1,97.2,105,206,19,1.1,12.1,2.02
Dayeton Sweeting,186231,TE,TXAMEA,12,5.1,1,71.4,66.7,2,3,0,0.0,0,-0.3,8,1139,0,83.8,69.2,56.2,24.1,71.1,57.4,74,1,30,8.5,11,129,1,36.3,15,87.6,113,33.3,43,72.3,21,0,0.0,0,154,105,7.0,10.3,1.36
Eric Johnson,143121,WR,IDAHO ST,9,10.3,0,52.4,0.0,0,1,0,21.4,3,0.02,7,186,0,36.5,68.2,57.4,,55.4,0.0,0,1,19,0.0,0,117,1,41.4,11,94.9,111,12.8,15,79.1,21,2,87.2,102,108,32,2.9,9.8,0.97
Jordan Yates,97416,WR,TENN TECH,12,5.8,0,66.7,50.0,2,4,0,17.6,3,-0.14,8,309,0,43.5,28.3,54.8,,54.8,0.0,0,1,13,0.0,0,157,0,39.9,14,91.7,144,73.9,116,72.1,21,1,20.4,32,93,34,2.4,6.6,0.65
Jaylen Ward,156599,WR,FL A&M,8,14.6,5,61.9,0.0,0,3,0,0.0,0,0.13,10,164,0,82.7,70.7,64.0,,64.8,0.0,0,0,28,0.0,0,150,2,47.8,13,91.3,137,8.7,13,106.3,21,1,91.3,137,185,92,7.1,14.2,1.35
Mekhi Collins,162198,WR,N DAK ST,14,13.6,2,76.2,71.4,5,7,0,0.0,0,0.32,13,250,0,84.2,69.5,73.1,,74.8,0.0,0,0,70,0.0,0,110,0,53.8,16,94.5,104,35.5,39,157.2,21,3,64.5,71,303,103,6.4,18.9,2.91
Jay Gibson,105669,TE,CHATTNOOGA,9,6.3,3,61.9,50.0,1,2,0,13.3,2,0.05,7,137,0,55.5,69.0,51.7,52.5,55.0,66.0,161,1,26,31.6,77,244,4,45.9,13,66.4,162,14.8,36,70.3,21,1,2.5,6,104,66,5.1,8.0,0.64
Jaiden Ellis-Lahey,171468,WR,N IOWA,8,12.2,1,38.1,0.0,0,2,0,38.5,5,-0.04,7,255,0,15.2,67.1,49.0,,49.6,0.0,0,1,50,0.0,0,156,2,39.7,8,93.6,146,8.3,13,59.4,21,1,91.7,143,149,40,5.0,18.6,1.02
Jay Jones,134762,WR,S ILLINOIS,8,17.5,0,23.8,33.3,2,6,0,28.6,2,-0.18,5,295,0,19.8,65.7,54.2,,52.1,0.0,0,0,55,0.0,0,134,1,37.3,5,94.0,126,9.0,12,69.1,21,1,91.0,122,132,25,5.0,26.4,1.05
Anthony Williams Jr.,144472,HB,STF AUSTIN,9,4.4,2,85.7,,0,0,0,5.3,1,0.31,8,301,0,72.8,73.2,60.4,83.4,58.0,10.4,18,0,33,17.3,30,173,1,50.9,18,81.5,141,46.2,80,131.3,21,2,6.4,11,166,98,5.4,9.2,1.18
Jacob Flynn,97318,WR,STHLSK,10,18.0,0,38.1,25.0,1,4,0,11.1,1,-0.19,5,1470,0,58.9,69.0,60.1,,59.7,0.0,0,0,47,0.0,0,116,0,34.5,8,97.4,113,14.7,17,94.9,21,2,84.5,98,148,17,2.1,18.5,1.31
Keylan Johnson,136890,WR,TARLETON,7,22.0,1,38.1,0.0,0,4,0,20.0,2,-0.13,6,401,0,41.2,67.1,58.7,,59.7,0.0,0,1,50,0.0,0,101,2,37.5,8,95.0,96,3.0,3,68.0,21,1,97.0,98,192,55,6.9,24.0,2.0
Jed Castles,144760,TE,ABILENE CH,14,11.3,1,71.4,71.4,5,7,0,0.0,0,0.11,10,100,0,83.8,69.2,57.1,50.5,57.4,69.4,195,0,36,11.0,31,281,4,42.2,15,85.1,239,25.6,72,145.4,21,4,4.3,12,223,58,3.9,14.9,0.93
Jared Dunn,148593,TE,MERRIMACK,10,4.6,2,85.7,100.0,3,3,0,5.3,1,-0.18,7,385,1,72.8,25.3,64.8,58.2,60.8,77.6,121,0,26,20.5,32,156,0,37.3,18,76.3,119,19.2,30,103.8,21,0,0.6,1,187,95,5.3,10.4,1.57
Titus Evans,171113,WR,COLUMBIA,9,9.8,2,52.4,0.0,0,3,0,15.4,2,0.15,6,145,0,49.8,68.2,60.1,64.4,59.4,1.1,1,0,17,1.1,1,92,0,41.8,11,97.8,90,25.0,23,66.6,21,0,73.9,68,105,41,3.7,9.5,1.17
Brandon Fitez,122294,WR,CAMPBELL,11,10.0,0,52.4,33.3,1,3,0,8.3,1,0.01,7,131,0,64.6,49.0,57.9,,57.2,0.0,0,0,23,0.0,0,145,0,43.4,11,93.8,136,98.6,143,72.3,21,0,1.4,2,134,23,2.1,12.2,0.99
Ke'Travion Hargrove,146841,HB,GRAMBLING,12,2.6,4,71.4,0.0,0,1,0,11.8,2,-0.33,4,177,0,58.6,62.8,72.9,37.5,58.7,0.0,0,0,20,23.6,41,174,2,28.3,15,74.1,129,4.6,8,83.8,21,0,5.7,10,112,90,6.0,7.5,0.87
Jordan Owens,164222,TE,CENT ARK,12,3.1,5,85.7,0.0,0,1,0,5.3,1,-0.01,8,132,0,73.8,71.7,63.0,80.9,59.2,69.7,166,0,33,35.3,84,238,1,44.2,18,61.3,146,10.9,26,128.4,21,2,0.4,1,151,118,6.6,8.4,1.03
Ashton Maples,138129,WR,TENN TECH,11,11.6,0,52.4,16.7,1,6,0,0.0,0,-0.53,8,309,0,81.5,68.2,59.1,,57.1,0.6,1,1,33,0.0,0,171,0,30.1,11,95.3,163,93.6,160,88.1,21,3,5.8,10,114,26,2.4,10.4,0.7
Brandon Hayes,121459,WR,SE LA,11,9.5,0,57.1,,0,0,0,7.7,1,-0.43,4,294,0,66.1,46.4,56.2,,60.5,0.0,0,1,17,0.0,0,86,1,37.3,12,96.5,83,19.8,17,83.1,21,3,80.2,69,69,73,6.1,5.8,0.83
Cedd Seabrough,144004,TE,W GEORGIA,11,4.9,4,71.4,0.0,0,1,0,6.3,1,0.07,9,1177,0,70.9,69.5,56.3,62.4,63.2,43.5,93,0,24,21.0,45,214,1,47.8,15,76.2,163,45.3,97,124.4,21,4,4.7,10,117,47,3.1,7.8,0.72
Collin Guggenheim,139460,HB,NICHOLLS,12,-1.2,3,76.2,0.0,0,1,0,5.9,1,-0.1,4,243,0,71.9,67.9,68.9,72.9,65.5,0.0,0,0,39,19.5,43,221,0,38.6,16,76.0,168,5.0,11,104.3,21,1,1.8,4,115,145,9.1,7.2,0.68
Ivan Drobocky,141887,TE,SE LA,8,3.9,0,66.7,,0,0,0,6.7,1,-0.3,5,294,0,68.7,69.0,58.5,,62.5,85.7,84,1,23,0.0,0,98,0,32.3,14,94.9,93,13.3,13,53.1,21,0,1.0,1,77,67,4.8,5.5,0.83
Ivan Hoyt,159305,WR,DAVIDSON,10,15.8,1,71.4,100.0,4,4,0,0.0,0,0.18,11,149,0,83.8,69.2,69.9,,70.9,0.0,0,0,43,0.0,0,94,1,45.6,15,95.7,90,13.8,13,124.3,21,1,86.2,81,236,63,4.2,15.7,2.62
Myles Thomason,159170,HB,NEW HAMP,5,-0.3,2,76.2,0.0,0,1,0,0.0,0,-0.29,4,240,0,84.2,85.8,66.7,68.4,68.8,0.0,0,0,18,18.4,27,147,1,35.9,16,78.9,116,5.4,8,79.7,21,0,1.4,2,71,101,6.3,4.4,0.61
Michael Mansaray,141838,HB,VALPO,11,-1.5,2,71.4,,0,0,0,6.3,1,-0.33,4,332,0,69.9,90.0,71.5,63.2,60.3,0.0,0,0,61,23.5,52,221,0,32.4,15,72.9,161,5.9,13,84.2,21,0,1.8,4,114,161,10.7,7.6,0.71
Jalen Johnson,150097,WR,GRAMBLING,12,11.6,3,61.9,33.3,1,3,0,0.0,0,-0.26,8,177,1,84.2,83.5,54.2,63.9,53.2,0.0,0,3,67,0.3,1,333,0,32.6,13,94.6,315,18.9,63,67.1,21,1,81.1,270,187,128,9.8,14.4,0.59
Marcus Floyd Jr.,177562,WR,MURRAY ST,12,12.7,2,61.9,50.0,2,4,0,13.3,2,-0.09,10,236,0,55.5,69.0,67.3,,68.9,0.0,0,1,36,0.0,0,113,0,40.2,13,90.3,102,96.5,109,105.9,21,2,0.9,1,203,38,2.9,15.6,1.99
Painter Richards-Baker,148860,WR,DARTMOUTH,10,11.2,1,61.9,0.0,0,1,0,7.1,1,0.24,7,148,0,68.7,69.0,60.8,,58.3,0.0,0,0,75,0.0,0,209,0,45.6,13,93.3,195,6.2,13,133.2,21,2,93.8,196,241,87,6.7,18.5,1.24
Matt Buron,163882,TE,FORDHAM,12,7.7,0,71.4,100.0,1,1,0,6.3,1,-0.29,7,168,0,69.9,69.2,49.7,75.9,55.9,35.8,81,0,20,22.1,50,226,0,33.8,15,74.3,168,58.4,132,86.4,21,0,3.5,8,125,45,3.0,8.3,0.74
Desmin Jackson,159309,HB,DARTMOUTH,9,0.8,4,85.7,0.0,0,1,0,0.0,0,0.01,5,148,0,85.1,81.6,69.3,13.2,72.8,0.0,0,0,41,12.9,13,101,0,43.2,18,84.2,85,22.8,23,90.3,21,0,7.9,8,119,106,5.9,6.6,1.4
Sean O'Brien,186138,TE,CENT CT ST,5,11.3,0,33.3,33.3,2,6,0,22.2,2,-0.44,4,133,0,37.6,66.7,56.2,72.8,55.7,62.2,56,1,62,14.4,13,90,0,33.7,7,81.1,73,28.9,26,31.8,21,0,7.8,7,110,76,10.9,15.7,1.51
Bryce Cox,172019,HB,GEORGETOWN,11,-1.6,5,76.2,,0,0,0,5.9,1,-0.1,4,172,0,60.0,87.4,73.1,36.8,61.8,0.0,0,0,18,13.1,28,214,0,40.6,16,82.7,177,1.9,4,84.0,21,0,5.1,11,93,113,7.1,5.8,0.53
Jaycob Horn,121973,WR,E KENTUCKY,10,10.0,0,57.1,50.0,2,4,0,20.0,3,-0.15,7,159,0,41.1,68.7,55.8,,54.0,0.0,0,1,15,0.0,0,175,0,39.6,12,90.9,159,20.0,35,49.1,21,0,80.0,140,97,26,2.2,8.1,0.61
Luke Woodson,160519,HB,DRAKE,12,0.2,3,85.7,,0,0,0,5.3,1,-0.09,6,153,0,72.8,85.0,67.9,68.1,60.6,0.0,0,0,23,17.0,33,194,0,44.3,18,78.4,152,12.4,24,90.1,21,0,2.1,4,118,119,6.6,6.6,0.78
Kelvin Dean Jr.,97429,HB,FL A&M,12,1.6,7,80.0,,0,0,1,5.9,1,-0.01,7,164,0,70.9,59.4,64.8,39.8,69.8,0.0,0,0,21,22.4,33,147,2,43.1,16,74.1,109,2.0,3,126.0,20,2,0.7,1,125,114,7.1,7.8,1.15
Kayvon Britten,63937,HB,TARLETON,14,-0.1,5,75.0,0.0,0,1,0,21.1,4,0.23,7,401,0,34.5,87.1,92.1,90.1,62.0,0.0,0,0,47,50.2,162,323,0,49.7,15,47.7,154,1.5,5,116.0,20,1,0.3,1,167,185,12.3,11.1,1.08
Tristan Shannon,149651,HB,MARIST,11,0.7,5,90.0,50.0,1,2,0,5.3,1,-0.11,7,213,0,72.8,85.9,84.5,84.1,81.3,0.0,0,0,22,20.9,33,158,0,38.2,18,75.3,119,7.0,11,86.3,20,0,0.6,1,94,86,4.8,5.2,0.79
Abe Haerr,154210,TE,LNDNWD,12,9.0,1,75.0,,0,0,0,0.0,0,0.0,9,949,1,83.8,23.5,54.3,59.4,57.0,68.0,185,0,57,21.7,59,272,1,42.7,15,72.8,198,7.7,21,114.8,20,0,24.3,66,241,133,8.9,16.1,1.22
Malachi Taylor,147091,WR,CITADEL,12,14.5,0,35.0,40.0,2,5,0,0.0,0,-0.11,4,139,0,78.5,66.7,53.0,,52.9,0.0,0,1,36,0.0,0,173,2,37.5,7,97.1,168,7.5,13,30.2,20,0,92.5,160,95,7,1.0,13.6,0.57
Nathan Lhotsky,172722,TE,VA MILT IN,8,10.9,0,45.0,0.0,0,3,0,30.8,4,-0.54,7,336,0,22.7,68.1,49.5,72.8,52.5,22.4,34,1,20,3.9,6,152,0,32.2,9,92.1,140,72.4,110,40.6,20,0,5.3,8,105,25,2.8,11.7,0.75
Quanye Veney,159174,WR,RICHMOND,13,7.4,0,60.0,50.0,1,2,0,25.0,4,0.05,9,276,0,29.7,32.1,59.2,,58.7,0.0,0,3,27,0.0,0,88,0,52.3,12,96.6,85,95.5,84,38.5,20,0,3.4,3,125,73,6.1,10.4,1.47
Tyquan Henderson,173570,WR,JACKSON ST,7,15.6,0,65.0,66.7,2,3,0,0.0,0,0.08,9,194,0,82.7,69.2,67.0,,66.2,0.0,0,0,48,0.0,0,134,1,43.8,13,97.0,130,3.0,4,124.8,20,1,97.0,130,249,30,2.3,19.2,1.92
Curtis Deville,162880,WR,MCNEESE,8,14.2,3,40.0,25.0,1,4,0,38.5,5,-0.27,5,217,0,15.0,67.1,51.0,,50.6,0.0,0,1,22,0.0,0,129,2,38.1,8,91.5,118,7.0,9,36.7,20,0,93.0,120,106,35,4.4,13.3,0.9
Joseph Moreland,176455,TE,NWSTATE,12,6.1,0,40.0,25.0,1,4,0,11.1,1,-0.33,4,257,0,59.3,67.1,37.3,41.7,60.0,93.7,118,1,24,26.2,33,126,3,30.3,8,72.2,91,5.6,7,32.9,20,0,0.0,0,88,24,3.0,11.0,0.97
Miles Williams,158953,WR,E WASHGTON,4,7.0,1,70.0,0.0,0,2,0,6.7,1,0.06,9,161,0,55.7,69.0,52.5,62.1,55.0,0.0,0,1,18,0.8,1,120,1,47.0,14,96.7,116,20.8,25,80.2,20,1,79.2,95,115,83,5.9,8.2,0.99
Daniel Thomason,165736,WR,UTAHTC,12,10.9,1,40.0,0.0,0,1,1,33.3,4,-0.21,6,1285,0,22.7,67.5,51.0,,50.1,0.5,1,1,33,0.0,0,201,1,33.7,8,96.0,193,22.9,46,36.5,20,0,76.6,154,105,36,4.5,13.1,0.54
Jay Parker,78795,WR,TENN TECH,12,9.2,2,65.0,100.0,1,1,1,13.3,2,-0.25,7,309,0,55.5,73.5,70.2,,71.1,1.4,1,0,79,0.0,0,73,2,37.7,13,94.5,69,91.8,67,113.8,20,1,5.5,4,196,118,9.1,15.1,2.84
Jade Kneeland,186251,WR,AUSTINPEAY,8,7.8,1,55.0,66.7,2,3,0,8.3,1,-0.25,4,116,0,49.5,68.2,55.5,,54.9,0.0,0,1,24,0.0,0,136,0,33.8,11,97.8,133,8.1,11,48.5,20,0,91.9,125,103,35,3.2,9.4,0.77
Jostein Clarke,102516,WR,BETH COOK,11,11.7,0,30.0,0.0,0,4,0,14.3,1,-0.09,3,119,0,33.8,66.2,48.1,,48.3,0.0,0,2,13,0.0,0,135,1,42.0,6,88.1,119,13.3,18,16.7,20,1,86.7,117,50,0,0.0,8.3,0.42
Zoe Roberts,138182,WR,TENN MARTN,11,12.9,0,60.0,25.0,1,4,0,7.7,1,-0.07,8,310,0,66.1,68.5,56.3,,57.2,0.0,0,0,50,0.0,0,219,2,40.5,12,95.9,210,26.9,59,109.2,20,1,72.6,159,194,51,4.3,16.2,0.92
Donovan Eaglin,129612,HB,ALAB A&M,12,2.8,3,70.0,,0,0,0,6.7,1,-0.14,7,104,0,69.0,83.2,77.0,88.5,60.9,0.0,0,0,23,19.9,45,226,0,40.6,14,77.4,175,2.2,5,101.9,20,1,3.5,8,119,108,7.7,8.5,0.68
Steve Hall,171764,HB,LNDNWD,11,-0.7,6,70.0,,0,0,0,6.7,1,-0.06,4,949,0,68.7,88.0,81.2,88.1,59.1,0.0,0,0,25,22.6,35,155,0,44.2,14,74.2,115,5.2,8,77.7,20,0,1.3,2,83,98,7.0,5.9,0.72
Robert McMinn,150805,WR,ALABAMA ST,12,10.0,4,60.0,0.0,0,1,0,0.0,0,-0.06,5,105,0,82.2,83.9,67.7,,67.7,0.0,0,1,84,0.0,0,83,1,35.4,12,98.8,82,81.9,68,122.9,20,4,18.1,15,279,228,19.0,23.3,3.4
Ludovick Choquette,141913,HB,LIUSHAR,12,-2.7,4,75.0,,0,0,1,11.8,2,-0.2,3,1298,0,57.3,73.9,70.1,70.0,54.2,0.6,1,0,28,21.7,39,180,1,37.6,15,76.1,137,2.8,5,114.2,20,2,4.4,8,78,131,8.7,5.2,0.57
Latrell Fordham,145756,WR,YNGTOWN ST,6,10.4,4,80.0,100.0,1,1,0,0.0,0,0.15,10,353,0,84.7,73.4,67.8,,68.1,0.0,0,0,32,0.0,0,146,0,44.7,16,96.6,141,20.5,30,116.0,20,1,79.5,116,157,51,3.2,9.8,1.11
Morgan McPhaul,160913,TE,VA MILT IN,12,3.0,2,65.0,33.3,1,3,1,7.1,1,-0.45,2,336,0,68.7,69.4,49.0,60.7,47.0,69.3,149,1,16,28.8,62,215,6,24.5,13,68.8,148,28.4,61,65.4,20,1,0.0,0,64,37,2.8,4.9,0.43
Joe Skule,171673,TE,ST FRANCIS,9,7.4,1,65.0,25.0,1,4,0,7.1,1,-0.19,7,299,2,68.7,12.0,47.1,62.2,52.1,65.4,168,0,32,16.0,41,257,1,38.9,13,82.5,212,23.3,60,86.3,20,0,10.9,28,144,111,8.5,11.1,0.68
Jack Purdy,178689,WR,WOFFORD,9,10.4,0,35.0,20.0,2,10,0,0.0,0,0.08,5,350,0,78.5,66.7,60.0,,59.7,0.0,0,0,20,0.0,0,115,0,43.4,7,92.2,106,8.7,10,65.6,20,1,91.3,105,85,16,2.3,12.1,0.8
Darrin Fugitt,154203,TE,LNDNWD,10,7.2,3,70.0,,0,0,0,12.5,2,-0.08,9,949,0,57.3,69.9,56.9,61.8,58.1,61.7,142,0,40,23.0,53,230,1,40.6,14,72.2,166,5.7,13,136.9,20,2,25.2,58,207,117,8.4,14.8,1.25
B.J. Fleming,164418,WR,N ARIZONA,8,11.6,2,70.0,66.7,2,3,0,6.7,1,-0.18,7,252,0,68.7,71.7,69.7,,68.2,0.0,0,0,62,0.0,0,97,0,41.7,14,99.0,96,14.4,14,119.2,20,1,85.6,83,202,103,7.4,14.4,2.1
Corey Reddick,159942,HB,W CAROLINA,6,1.3,2,63.2,40.0,2,5,0,7.7,1,0.01,5,344,0,66.1,79.8,66.6,21.7,64.9,0.0,0,0,29,11.6,8,69,0,43.9,12,85.5,59,8.7,6,79.9,19,0,5.8,4,115,107,8.9,9.6,1.95
Isaiah Johnson,121892,HB,ABILENE CH,10,1.8,2,89.5,0.0,0,1,0,5.6,1,0.15,5,100,0,71.9,77.0,76.2,75.6,59.5,1.3,2,0,27,17.0,26,153,1,44.2,17,80.4,123,15.7,24,96.3,19,0,0.7,1,135,117,6.9,7.9,1.1
Harlan Dixon,122669,HB,SE LA,12,-2.6,2,73.7,100.0,1,1,1,12.5,2,-0.29,3,294,0,58.8,70.9,64.1,50.2,53.1,0.0,0,0,22,25.5,37,145,1,33.6,14,71.7,104,5.5,8,76.0,19,0,7.6,11,55,91,6.5,3.9,0.53
Bradley Schlom,131808,WR,SAN DIEGO,10,13.6,0,73.7,100.0,1,1,0,0.0,0,0.11,8,283,0,68.7,69.0,57.6,,56.5,0.0,0,0,60,0.0,0,222,0,44.1,14,95.0,211,32.0,71,146.4,19,2,67.6,150,218,60,4.3,15.6,1.03
Braedon Wissler,131885,HB,SO UTAH,12,0.5,1,84.2,50.0,1,2,0,5.9,1,0.1,4,298,0,70.9,84.5,69.3,64.9,61.9,0.0,0,1,20,28.2,40,142,0,42.2,16,69.7,99,1.4,2,64.0,19,0,4.9,7,88,93,5.8,5.5,0.89
Wesley Carlock,139062,WR,SAMFORD,8,6.1,0,68.4,100.0,1,1,0,13.3,2,-0.18,4,282,0,55.7,69.1,54.1,63.9,56.8,2.4,3,2,23,0.8,1,123,0,40.7,13,94.3,116,92.7,114,60.7,19,1,1.6,2,108,64,4.9,8.3,0.93
Joey Suchy,143141,HB,BUTLER,11,-1.7,3,78.9,,0,0,0,6.3,1,0.37,5,127,0,70.9,65.2,71.6,76.8,67.2,1.9,3,0,23,44.0,70,159,1,52.4,15,53.5,85,0.6,1,86.0,19,0,5.7,9,88,112,7.5,5.9,1.04
B.K. Jackson,145318,HB,TXAMEA,12,-0.8,2,78.9,,0,0,0,6.3,1,-0.35,4,1139,0,69.9,57.3,66.1,62.3,58.4,0.0,0,0,39,21.3,39,183,0,36.5,15,76.5,140,2.2,4,89.7,19,0,0.0,0,105,140,9.3,7.0,0.75
Drake Martinez,146023,TE,HOUCHR,11,5.5,2,84.2,,0,0,0,5.9,1,-0.12,8,183,0,72.8,69.9,48.8,34.8,58.0,44.4,115,0,24,19.7,51,259,1,36.3,16,76.1,197,40.2,104,132.9,19,2,3.9,10,142,58,3.6,8.9,0.72
Alijah Cason,191890,WR,HOLY CROSS,11,7.3,3,78.9,0.0,0,4,0,0.0,0,0.24,4,181,0,83.8,73.2,67.9,,65.3,0.0,0,0,38,0.0,0,53,0,34.6,15,98.1,52,35.8,19,86.8,19,0,60.4,32,92,66,4.4,6.1,1.77
Devin Gandy,147781,WR,SACRAMENTO,11,11.2,0,57.9,0.0,0,1,0,8.3,1,-0.2,5,279,0,66.1,68.5,58.8,,60.2,0.0,0,0,31,0.0,0,99,1,38.9,11,96.0,95,93.9,93,77.3,19,0,6.1,6,123,37,3.4,11.2,1.29
Barika Kpeenu,148156,HB,N DAK ST,16,1.3,6,78.9,0.0,0,1,0,6.3,1,0.44,4,250,1,70.1,78.5,72.0,38.6,55.5,0.0,0,0,40,15.1,27,179,0,59.8,15,79.3,142,2.8,5,110.1,19,1,6.1,11,118,111,7.4,7.9,0.83
Jack Martens,148202,WR,S DAKOTA,14,18.6,0,57.9,71.4,5,7,0,0.0,0,0.26,8,291,0,81.5,69.0,59.3,61.9,60.2,0.0,0,0,40,0.5,1,188,4,50.0,11,93.1,175,25.5,48,110.0,19,1,74.5,140,192,30,2.7,17.5,1.1
Jalen Fletcher,189034,HB,N ALABAMA,12,4.4,1,57.9,,0,0,0,0.0,0,0.16,5,389,0,81.5,82.6,70.3,31.7,67.8,0.0,0,1,55,4.2,5,118,0,45.5,11,89.0,105,9.3,11,74.7,19,1,6.8,8,131,115,10.5,11.9,1.25
Travis Terrell Jr.,188626,HB,JACKSON ST,11,-0.6,2,68.4,0.0,0,1,0,13.3,2,0.01,5,194,1,53.7,55.1,66.4,26.5,53.0,0.0,0,1,14,20.4,20,98,0,37.5,13,78.6,77,23.5,23,53.8,19,0,0.0,0,76,99,7.6,5.8,0.99
Jalen Geer,155377,WR,PRINCETON,10,13.8,2,68.4,25.0,1,4,0,0.0,0,-0.25,9,272,0,82.7,68.7,57.4,,57.9,0.0,0,0,31,0.0,0,217,0,33.7,13,94.5,205,20.3,44,94.0,19,0,79.7,173,159,26,2.0,12.2,0.78
Antonio Martin,156308,HB,SE LA,12,-2.2,3,89.5,0.0,0,1,0,0.0,0,-0.38,4,294,0,84.7,91.5,77.7,63.2,60.0,0.0,0,0,18,22.1,47,213,2,36.7,17,72.8,155,5.6,12,83.1,19,0,6.6,14,75,110,6.5,4.4,0.48
Tye Edwards,158816,HB,N IOWA,12,2.4,3,63.2,,0,0,0,14.3,2,0.09,6,255,0,53.7,81.1,82.2,68.4,56.8,0.0,0,0,29,11.8,24,203,0,43.5,12,83.7,170,2.0,4,90.0,19,1,9.4,19,81,92,7.7,6.8,0.48
Wesley Garrett,158955,WR,E WASHGTON,9,12.8,0,73.7,50.0,1,2,0,0.0,0,0.2,8,161,0,83.3,69.0,60.9,63.8,59.4,0.0,0,2,44,0.6,1,162,0,45.8,14,95.7,155,27.2,44,102.9,19,2,72.2,117,200,69,4.9,14.3,1.29
Adrian Cormier,159084,HB,WEBER ST,12,-0.9,2,78.9,,0,0,0,6.3,1,0.1,4,342,0,70.1,56.4,66.8,50.2,65.6,0.0,0,1,16,15.4,18,117,0,42.5,15,82.9,97,11.1,13,65.8,19,0,0.0,0,96,114,7.6,6.4,0.99
Jaden Wimberly,159771,WR,HAMPTON,11,10.4,1,57.9,25.0,1,4,0,8.3,1,-0.07,2,178,0,64.6,68.2,52.8,,51.1,0.0,0,0,12,0.0,0,148,1,38.2,11,97.3,144,2.7,4,64.6,19,0,97.3,144,65,40,3.6,5.9,0.45
Mark Bails,186349,WR,SO UTAH,4,13.8,0,63.2,66.7,4,6,0,14.3,2,-0.07,7,298,0,53.9,69.5,69.3,,68.0,0.0,0,0,22,0.0,0,82,0,34.6,12,95.1,78,2.4,2,76.0,19,0,97.6,80,97,23,1.9,8.1,1.24
Jariyah Sawyer,160481,WR,COLGATE,11,6.8,1,68.4,100.0,1,1,0,7.1,1,-0.24,3,142,0,67.5,73.2,48.4,63.1,49.3,0.0,0,2,13,0.6,1,170,0,35.5,13,98.8,168,35.9,61,35.1,19,0,64.1,109,71,9,0.7,5.5,0.42
Jameel Gardner Jr.,163131,WR,JACKSON ST,9,13.7,3,57.9,50.0,1,2,0,8.3,1,0.18,7,194,0,64.6,69.8,63.5,,62.6,0.0,0,2,27,0.0,0,115,0,45.0,11,94.8,109,1.7,2,55.7,19,1,98.3,113,125,31,2.8,11.4,1.15
Jayden Jenkins,164776,HB,DELWARE ST,12,1.6,3,84.2,100.0,1,1,0,5.9,1,-0.17,5,152,0,70.9,81.7,60.6,58.8,57.9,0.0,0,0,16,14.8,20,135,0,32.3,16,83.0,112,17.0,23,101.8,19,1,4.4,6,80,76,4.8,5.0,0.71
Jarel Washington,165123,HB,STHLSK,11,1.4,2,68.4,0.0,0,1,0,7.1,1,-0.05,6,1470,0,67.5,90.1,69.2,19.9,60.7,0.0,0,0,27,25.0,49,196,1,36.3,13,73.0,143,0.0,0,86.3,19,0,2.0,4,124,140,10.8,9.5,0.87
Andre Dennis,165751,WR,LAMAR,7,14.6,0,42.1,0.0,0,2,0,27.3,3,0.31,4,204,1,27.6,14.4,55.2,,53.3,0.0,0,1,32,0.0,0,102,2,45.3,8,93.1,95,40.2,41,50.3,19,1,59.8,61,80,38,4.8,10.0,0.84
Jackson Head,170799,TE,AUSTINPEAY,11,3.9,0,84.2,,0,0,0,5.9,1,0.03,6,116,0,70.9,69.5,54.4,64.4,50.6,69.1,152,0,15,5.5,12,220,1,43.5,16,92.3,203,25.0,55,109.2,19,1,5.9,13,114,56,3.5,7.1,0.56
Rodney Nelson,170887,HB,MONMOUTH,12,-2.2,7,89.5,,0,0,0,0.0,0,0.34,5,231,0,84.7,51.6,72.5,64.5,67.6,0.0,0,0,26,10.4,24,231,0,54.5,17,86.1,199,2.2,5,99.8,19,0,1.3,3,151,190,11.2,8.9,0.76
Braden Dougherty,171112,TE,COLUMBIA,9,7.8,2,68.4,,0,0,0,0.0,0,0.1,10,145,0,82.7,68.7,64.8,58.3,64.4,75.1,178,0,36,22.8,54,237,2,44.6,13,75.1,178,19.0,45,130.8,19,2,4.2,10,167,71,5.5,12.8,0.94
Burke Carroll,172018,TE,GEORGETOWN,10,5.4,0,63.2,0.0,0,1,0,7.7,1,-0.42,3,172,0,66.1,68.5,49.5,74.5,49.1,55.2,85,2,24,10.4,16,154,1,36.2,12,86.4,133,39.6,61,35.5,19,0,3.9,6,93,36,3.0,7.8,0.7
Eric Horn,172840,WR,ALABAMA ST,12,17.6,2,52.6,50.0,2,4,0,9.1,1,-0.08,6,105,0,62.9,69.2,61.4,,61.8,0.0,0,1,75,0.0,0,157,1,34.6,10,97.5,153,2.5,4,111.2,19,2,97.5,153,255,108,10.8,25.5,1.67
Deyandre Ruffin,184287,WR,SCAR STATE,11,10.4,5,63.2,33.3,1,3,0,20.0,3,0.11,9,290,0,41.3,69.5,66.1,,64.8,0.0,0,2,33,0.0,0,128,0,48.7,12,92.2,118,5.5,7,77.2,19,1,94.5,121,203,77,6.4,16.9,1.72
Aiden Valdez,176878,TE,CAMPBELL,12,6.3,0,63.2,25.0,1,4,0,7.7,1,0.04,7,131,0,66.1,70.1,48.0,67.9,47.7,89.4,219,2,37,18.0,44,245,1,44.1,12,77.6,190,6.9,17,78.0,19,3,0.0,0,106,66,5.5,8.8,0.56
KJ Shankle,122614,HB,TXAMEA,6,2.6,1,66.7,0.0,0,2,0,0.0,0,-0.16,5,1139,0,82.2,83.1,66.9,67.7,76.0,0.0,0,1,18,12.1,17,141,0,36.0,12,84.4,119,1.4,2,76.9,18,1,0.0,0,103,118,9.8,8.6,0.87
Josh Rillos,188651,WR,UTAHTC,7,9.8,7,72.2,50.0,1,2,0,0.0,0,-0.04,6,1285,0,83.3,69.0,58.9,43.2,58.9,0.0,0,0,27,0.0,0,185,1,41.6,13,96.2,178,17.3,32,92.1,18,0,82.7,153,129,53,4.1,9.9,0.72
Sekou Kamau,171713,HB,WAGNER,12,-1.2,3,72.2,0.0,0,1,0,13.3,2,-0.06,4,338,0,53.7,63.9,65.4,48.5,62.2,4.1,4,0,11,17.5,17,97,0,36.5,13,81.4,79,6.2,6,100.0,18,1,2.1,2,83,142,10.9,6.4,1.05
Jordan Garrison,170642,WR,CAL POLY,9,8.2,3,77.8,66.7,2,3,0,0.0,0,-0.02,6,129,0,83.3,69.0,59.1,,58.2,0.0,0,0,17,0.0,0,136,0,43.3,14,88.2,120,45.6,62,91.9,18,0,54.4,74,109,33,2.4,7.8,0.91
RJ Jackson,147895,WR,CAMPBELL,10,9.4,1,66.7,55.6,5,9,0,0.0,0,0.26,10,131,0,83.3,69.0,66.4,,66.2,0.0,0,1,27,0.0,0,148,1,51.5,12,89.2,132,4.1,6,71.5,18,0,95.9,142,160,29,2.4,13.3,1.21
Jordan Riles,146211,WR,N COLORADO,9,11.1,0,44.4,0.0,0,4,0,0.0,0,-0.37,5,253,0,80.1,67.5,55.3,,56.3,0.0,0,0,20,0.0,0,132,1,32.0,8,94.7,125,75.0,99,55.1,18,0,25.0,33,69,25,3.1,8.6,0.55
Cole Clarke,165040,TE,STHLSK,11,10.2,0,33.3,33.3,1,3,0,25.0,2,-0.68,4,1470,0,33.4,32.4,43.0,73.7,51.6,61.0,75,1,35,9.8,12,123,0,27.3,6,78.0,96,23.6,29,61.6,18,2,0.8,1,77,20,3.3,12.8,0.8
Evan Burkhart,131607,WR,CAL POLY,11,10.4,3,72.2,,0,0,0,13.3,2,0.07,7,129,0,55.5,71.5,61.3,,60.4,0.0,0,0,43,0.0,0,124,0,37.2,13,91.1,113,61.3,76,115.7,18,1,37.9,47,151,67,5.2,11.6,1.34
Seth Cromwell,185002,HB,N ARIZONA,12,-1.5,4,88.9,50.0,1,2,0,5.9,1,0.07,3,252,0,71.1,77.6,79.6,59.9,60.5,0.0,0,0,22,18.3,33,180,1,45.9,16,77.8,140,3.3,6,81.7,18,0,3.9,7,65,90,5.6,4.1,0.46
Corey Ibrahim,161876,HB,CITADEL,12,1.7,3,77.8,100.0,1,1,0,6.7,1,0.0,5,139,0,69.0,75.4,62.8,40.3,72.7,0.0,0,0,33,21.6,22,102,0,40.0,14,77.5,79,2.9,3,94.7,18,0,0.0,0,121,109,7.8,8.6,1.53
Omari Walker,147059,WR,RHODE ISLD,14,11.9,2,66.7,100.0,1,1,0,7.7,1,0.2,9,274,0,66.1,69.2,60.9,,63.8,0.8,1,0,23,0.0,0,130,3,48.8,12,94.6,123,54.6,71,93.1,18,0,43.8,57,153,26,2.2,12.8,1.24
Zay Perkins,159212,WR,TOWSON,11,11.1,1,72.2,66.7,4,6,0,7.1,1,-0.21,9,317,2,68.7,12.0,57.9,,56.1,0.6,1,1,27,0.0,0,172,0,41.5,13,92.4,159,89.0,153,73.6,18,0,10.5,18,149,21,1.6,11.5,0.94
Amonte Jones,160398,WR,NC A&T,4,9.4,2,66.7,80.0,4,5,1,7.7,1,-0.18,8,246,0,66.1,73.3,69.5,,68.4,0.0,0,1,16,0.0,0,90,1,42.5,12,96.7,87,98.9,89,58.3,18,0,1.1,1,103,50,4.2,8.6,1.18
Sam Rodriguez,143206,TE,DRAKE,12,11.4,0,38.9,0.0,0,3,0,30.0,3,0.06,5,153,0,27.6,67.1,48.3,57.7,49.4,61.9,96,0,43,10.3,16,155,3,47.9,7,85.2,132,31.0,48,58.8,18,0,6.5,10,105,26,3.7,15.0,0.8
Jacorian Sewell,169535,HB,ALCORN ST,12,1.2,4,61.1,,0,0,0,8.3,1,-0.1,3,107,0,64.9,69.1,71.6,62.6,59.3,0.4,1,0,16,25.9,70,270,0,41.2,11,70.7,191,7.8,21,65.5,18,0,0.0,0,54,62,5.6,4.9,0.28
Collin Sullivan,129834,WR,HOUCHR,9,10.2,0,50.0,75.0,3,4,0,18.2,2,-0.14,8,183,0,49.5,68.2,68.5,,67.2,0.0,0,1,27,0.0,0,84,0,34.1,9,97.6,82,6.0,5,51.9,18,0,94.0,79,135,46,5.1,15.0,1.65
Davion Godley,192652,HB,WEBER ST,10,-0.1,2,72.2,,0,0,0,13.3,2,-0.13,3,342,0,53.7,60.2,72.2,28.5,58.0,0.0,0,0,15,11.2,11,98,1,41.5,13,85.7,84,12.2,12,82.4,18,0,0.0,0,87,111,8.5,6.7,1.04
Jo'Shon Barbie,160174,HB,MCNEESE,12,1.6,1,77.8,0.0,0,1,0,0.0,0,-0.21,3,217,1,83.3,48.4,65.6,64.7,46.2,0.0,0,0,25,24.6,43,175,0,37.7,14,71.4,125,7.4,13,105.6,18,1,0.0,0,88,83,5.9,6.3,0.7
TJ Thomas,188550,HB,ELON,7,1.8,4,72.2,,0,0,0,13.3,2,-0.04,5,162,0,55.5,60.9,76.5,63.5,59.4,0.0,0,1,33,19.7,26,132,0,44.8,13,77.3,102,7.6,10,82.6,18,1,3.0,4,108,100,7.7,8.3,1.06
JaCorey Hyder,145522,TE,LAMAR,9,5.6,3,72.2,0.0,0,1,1,7.1,1,-0.08,7,204,0,67.5,68.7,56.0,57.9,57.5,52.2,83,0,37,14.5,23,159,2,37.0,13,73.0,116,37.7,60,116.4,18,1,10.1,16,154,82,6.3,11.8,1.33
Delvecchio Powell II,142575,HB,ROB MORRIS,12,-0.3,4,77.8,,0,0,0,0.0,0,-0.01,3,277,0,83.8,59.4,65.7,36.5,67.2,0.0,0,1,29,10.1,13,129,0,43.3,14,84.5,109,7.0,9,67.8,18,0,6.2,8,105,139,9.9,7.5,0.96
Marcus Middleton,170884,TE,MONMOUTH,12,4.4,2,77.8,,0,0,1,12.5,2,0.59,8,231,1,45.4,23.5,47.9,70.0,44.5,84.3,166,0,25,18.3,36,197,2,57.8,14,73.6,145,8.6,17,141.9,18,2,1.0,2,165,113,8.1,11.8,1.14
Jo Silver,164549,HB,DELAWARE,11,0.6,1,66.7,0.0,0,1,0,20.0,3,0.22,7,151,0,41.1,84.6,75.6,57.5,47.7,0.0,0,0,41,18.6,31,167,0,45.2,12,75.4,126,9.0,15,103.5,18,1,1.8,3,118,104,8.7,9.8,0.94
Isaiah Gerena,150521,TE,N ARIZONA,13,5.6,5,72.2,0.0,0,1,0,13.3,2,0.07,7,252,1,57.1,25.8,48.6,62.5,51.3,83.1,177,0,24,31.5,67,213,4,49.8,13,64.3,137,13.6,29,87.7,18,0,0.0,0,110,62,4.8,8.5,0.8
Ja'Keith Hamilton,172646,WR,FURMAN,8,10.3,1,50.0,50.0,2,4,0,10.0,1,-0.26,5,170,0,62.9,67.9,56.6,,56.9,0.0,0,2,13,0.0,0,111,0,34.9,9,95.5,106,4.5,5,16.7,18,0,95.5,106,50,28,3.1,5.6,0.47
Jack Coulson,102593,WR,VALPO,11,11.7,0,61.1,25.0,1,4,0,8.3,1,-0.3,5,332,1,64.6,20.5,58.7,,58.2,0.0,0,0,43,0.0,0,104,0,38.6,11,97.1,101,14.4,15,107.6,18,1,85.6,89,156,91,8.3,14.2,1.54
Jaxson Isaac,165131,TE,ARKAPB,9,4.8,0,83.3,66.7,2,3,0,0.0,0,-0.08,6,112,1,83.8,23.5,49.1,32.3,56.3,69.3,133,0,39,26.6,51,192,0,40.8,15,69.8,134,24.0,46,111.3,18,1,4.7,9,113,36,2.4,7.5,0.84
Josh Fillion,164583,WR,NEW HAMP,12,10.0,0,50.0,33.3,1,3,1,0.0,0,-0.21,2,240,0,80.1,67.5,52.3,,53.1,0.0,0,0,12,0.0,0,105,1,32.3,9,94.3,99,46.7,49,57.6,18,0,52.4,55,60,6,0.7,6.7,0.61
Brendan Lee,171149,WR,CORNELL,8,9.9,4,83.3,100.0,1,1,0,6.3,1,0.2,10,147,0,69.9,69.2,67.2,,66.8,0.0,0,0,45,0.0,0,136,0,47.4,15,97.8,133,99.3,135,155.8,18,2,0.7,1,250,104,6.9,16.7,1.88
Derek Allen Jr.,179895,WR,BUTLER,7,9.3,4,61.1,0.0,0,1,0,21.4,3,0.46,6,127,0,38.6,68.5,61.4,,60.4,0.0,0,0,58,0.0,0,114,0,55.6,11,94.7,108,23.7,27,107.9,18,1,76.3,87,157,45,4.1,14.3,1.45
Julien Lewis,145248,WR,GRAMBLING,10,8.7,1,72.2,0.0,0,2,0,0.0,0,-0.11,3,177,0,82.7,68.7,62.7,,62.0,0.0,0,0,17,0.0,0,85,0,42.9,13,90.6,77,9.4,8,83.3,18,0,90.6,77,91,45,3.5,7.0,1.18
Andrew Eichmann,192194,WR,STTHOM,8,12.3,0,5.6,0.0,0,9,0,50.0,1,-0.73,0,1129,0,24.5,61.0,48.6,,47.7,0.0,0,0,5,0.0,0,56,0,18.2,1,98.2,55,1.8,1,39.6,18,0,98.2,55,5,1,1.0,5.0,0.09
Javon Ross,193348,WR,BETH COOK,10,8.9,1,61.1,0.0,0,2,0,8.3,1,-0.01,7,119,0,67.8,69.5,57.7,,58.9,0.0,0,1,27,0.0,0,154,1,43.3,11,91.6,141,94.8,146,53.9,18,0,5.2,8,104,47,4.3,9.5,0.74
Payton Brown,192848,HB,SE MO ST,8,-0.4,4,83.3,0.0,0,1,0,0.0,0,0.11,10,293,0,83.8,66.0,73.5,48.4,69.6,2.9,7,0,21,15.4,37,240,0,44.5,15,80.4,193,4.2,10,120.4,18,1,2.5,6,152,168,11.2,10.1,0.79
Ian Simpson,176860,TE,UC DAVIS,6,4.1,2,83.3,0.0,0,1,0,11.8,2,0.38,8,322,0,58.6,69.5,64.6,62.1,65.1,73.5,108,0,37,15.6,23,147,3,55.7,15,80.3,118,19.0,28,144.4,18,3,4.8,7,165,111,7.4,11.0,1.4
Najih Rahman,177432,WR,BROWN,10,6.6,1,72.2,20.0,1,5,0,0.0,0,0.17,4,123,0,83.3,72.7,55.5,,58.9,0.0,0,1,19,0.0,0,131,1,53.6,13,95.4,125,85.5,112,62.3,18,0,14.5,19,100,27,2.1,7.7,0.8
Luke Hensley,148308,WR,YNGTOWN ST,6,10.7,0,66.7,50.0,1,2,0,0.0,0,0.42,9,353,0,82.2,68.5,63.6,,62.0,0.0,0,1,29,0.0,0,121,0,53.3,12,99.2,120,23.1,28,68.1,18,0,76.9,93,145,24,2.0,12.1,1.21
Lukkas Londono,148463,WR,TOWSON,11,8.4,3,66.7,33.3,1,3,0,14.3,2,0.13,8,317,0,51.7,71.3,59.1,,59.8,0.0,0,0,23,0.0,0,126,1,44.9,12,93.7,118,96.8,122,91.0,18,0,2.4,3,144,86,7.2,12.0,1.22
Micah Kelly,97099,HB,SAMFORD,11,-3.3,2,72.2,,0,0,0,13.3,2,-0.14,5,282,0,53.7,69.7,65.9,81.2,56.0,0.0,0,1,18,23.0,42,183,0,46.6,13,74.9,137,2.7,5,55.1,18,0,0.5,1,69,109,8.4,5.3,0.5
Ethan Wright,123587,HB,YNGTOWN ST,11,0.1,3,94.4,100.0,2,2,0,0.0,0,0.14,4,353,1,84.7,78.8,77.3,51.3,60.0,1.1,2,0,15,16.8,31,184,0,50.0,17,81.0,149,7.1,13,90.0,18,0,4.3,8,101,101,5.9,5.9,0.68
Michael Monios,104948,WR,MAINE,12,8.7,0,47.1,0.0,0,2,0,0.0,0,-0.17,6,212,0,79.3,68.7,61.7,,61.3,0.0,0,0,16,0.0,0,82,0,30.9,8,98.8,81,58.5,48,56.5,17,0,40.2,33,62,19,2.4,7.8,0.77
Trevion Green,192157,WR,MOREHEAD,12,13.1,2,47.1,33.3,1,3,0,11.1,1,-0.07,6,234,0,59.3,67.1,57.2,,56.5,0.0,0,0,23,0.0,0,129,1,31.4,8,93.8,121,2.3,3,86.6,17,1,97.7,126,105,57,7.1,13.1,0.87
Bronson Yoder,104872,HB,WM & MARY,12,-0.6,7,64.7,0.0,0,1,0,15.4,2,0.12,5,348,0,49.8,50.2,74.2,43.4,48.7,0.9,2,0,23,16.2,38,235,2,44.0,11,77.9,183,3.8,9,84.9,17,0,1.3,3,118,124,11.3,10.7,0.64
Lontrell Turner,172961,HB,INCAR WORD,14,0.9,1,70.6,100.0,1,1,0,7.7,1,0.07,4,189,0,66.1,49.7,72.0,36.4,58.8,0.6,1,0,30,8.8,15,170,1,45.7,12,87.6,149,10.6,18,99.4,17,1,5.9,10,77,73,6.1,6.4,0.52
Malik Cooper,144384,WR,WAGNER,12,12.8,0,64.7,33.3,1,3,0,15.4,2,-0.16,5,338,0,49.8,76.2,57.5,,54.9,0.0,0,0,36,0.0,0,126,1,39.7,11,96.0,121,11.1,14,85.4,17,0,88.9,112,120,18,1.6,10.9,0.99
Jakob Dixon,176720,WR,E KENTUCKY,7,7.0,4,82.4,75.0,3,4,0,0.0,0,0.17,9,159,0,83.8,69.2,67.8,,66.5,0.0,0,0,18,0.0,0,123,1,47.4,14,92.7,114,3.3,4,119.6,17,1,96.7,119,136,58,4.1,9.7,1.19
Angel Johnson,148226,HB,S DAK ST,11,-1.2,6,82.4,,0,0,1,0.0,0,0.45,8,292,0,83.3,61.1,88.1,69.8,79.1,0.0,0,0,66,10.2,10,98,1,47.8,14,83.7,82,8.2,8,128.9,17,1,3.1,3,174,195,13.9,12.4,2.12
Kendric Rhymes,167130,HB,SOUTHERN U,13,6.5,0,47.1,0.0,0,2,0,11.1,1,-0.21,3,297,0,58.9,90.4,74.0,81.5,55.5,0.0,0,0,37,23.0,44,191,2,33.3,8,73.3,140,7.9,15,79.5,17,1,0.0,0,76,36,4.5,9.5,0.54
Rickie Shaw II,159995,WR,WOFFORD,11,10.0,2,58.8,25.0,1,4,0,0.0,0,-0.22,5,350,0,80.9,68.7,62.2,,64.1,0.0,0,0,95,0.0,0,87,1,36.1,10,95.4,83,40.2,35,115.1,17,1,59.8,52,181,72,7.2,18.1,2.18
Marlin Cochran,177944,HB,W CAROLINA,12,1.5,2,76.5,100.0,1,1,0,0.0,0,0.2,5,344,0,83.8,82.4,62.3,29.9,68.7,0.0,0,1,26,19.8,24,121,0,45.5,13,76.0,92,5.0,6,69.7,17,0,3.3,4,116,93,7.2,8.9,1.26
AJ Bennett,167153,WR,TEXAS STHN,7,15.6,0,29.4,66.7,2,3,0,28.6,2,-0.28,1,313,0,29.3,65.7,48.8,,49.1,0.0,0,0,41,0.0,0,110,0,32.4,5,95.5,105,3.6,4,44.5,17,0,96.4,106,71,10,2.0,14.2,0.68
Qualan Jones,97196,HB,STF AUSTIN,10,-1.7,3,76.5,,0,0,0,18.8,3,0.03,3,301,0,41.1,90.1,82.3,79.3,51.6,0.5,1,0,33,33.8,71,210,0,38.6,13,66.2,139,4.8,10,85.4,17,0,0.0,0,80,115,8.8,6.2,0.58
Russell Pytlak,186670,TE,MERCYHURST,11,2.6,0,82.4,0.0,0,1,0,0.0,0,0.16,7,977,1,83.3,22.8,53.3,66.4,60.5,92.6,137,0,18,17.6,26,148,1,45.4,14,78.4,116,6.1,9,112.5,17,1,0.7,1,107,89,6.4,7.6,0.92
Javon Charles,138202,TE,ILL STATE,13,2.8,0,70.6,0.0,0,1,0,14.3,2,0.06,6,188,0,51.7,69.4,52.6,67.1,52.9,67.3,74,0,24,10.9,12,110,1,41.1,12,86.4,95,32.7,36,100.9,17,1,0.0,0,83,60,5.0,6.9,0.87
Tyree Taylor,178624,TE,CHARLES SO,12,3.7,2,70.6,100.0,1,1,0,0.0,0,-0.35,4,135,0,82.2,68.5,63.7,34.2,72.0,86.5,83,2,26,18.8,18,96,0,35.5,12,79.2,76,10.4,10,44.4,17,0,1.0,1,94,69,5.8,7.8,1.24
Devion Newson,188078,WR,W GEORGIA,11,9.5,5,58.8,0.0,0,2,0,9.1,1,0.17,7,1177,0,64.6,68.2,62.0,,61.7,1.0,1,0,43,0.0,0,99,0,52.2,10,92.9,92,11.1,11,87.4,17,0,85.9,85,148,106,10.6,14.8,1.61
Kevin Johnson,103968,WR,HAMPTON,5,10.8,2,58.8,25.0,1,4,0,0.0,0,0.21,6,178,0,80.9,68.4,65.9,,67.6,0.0,0,0,31,0.0,0,66,0,45.0,10,90.9,60,98.5,65,99.1,17,1,1.5,1,116,49,4.9,11.6,1.93
Stacy Dobbins,185107,WR,UC DAVIS,14,7.5,2,88.2,,0,0,0,6.3,1,0.15,8,322,0,69.9,70.5,63.7,,62.7,0.0,0,0,41,0.0,0,117,0,53.1,15,96.6,113,21.4,25,104.4,17,0,77.8,91,154,65,4.3,10.3,1.36
Tyrell Coard,172675,HB,MERCER,13,2.3,3,88.2,0.0,0,1,0,6.3,1,-0.19,7,219,0,69.9,80.7,70.7,46.4,75.1,0.0,0,0,31,17.1,19,111,0,40.4,15,82.0,91,7.2,8,147.2,17,3,8.1,9,167,156,10.4,11.1,1.84
Logan Perez,192559,WR,NEW HAMP,13,8.8,0,64.7,66.7,2,3,0,15.4,2,-0.45,5,240,1,49.5,23.9,55.8,60.9,55.8,0.0,0,2,32,1.3,1,79,0,35.5,11,94.9,75,19.0,15,30.4,17,0,79.7,63,57,39,3.5,5.2,0.76
Jeremiah Colclough,171698,WR,WAGNER,12,11.9,1,52.9,50.0,1,2,0,18.2,2,-0.05,5,338,0,44.3,75.5,54.3,,55.6,0.0,0,0,77,0.0,0,165,1,36.1,9,93.9,155,86.7,143,112.1,17,1,9.7,16,189,66,7.3,21.0,1.22
Cyrus Wilson,177035,WR,HOWARD,11,19.2,1,64.7,50.0,1,2,1,0.0,0,-0.25,9,184,0,81.5,69.5,57.9,,57.3,0.5,1,2,61,0.0,0,222,1,36.2,11,95.9,213,49.5,110,68.5,17,0,50.0,111,234,76,6.9,21.3,1.1
Jalen Madison,142089,HB,SACR HEART,11,-1.9,1,76.5,,0,0,0,7.1,1,-0.27,5,280,0,67.5,81.7,72.8,69.7,57.6,0.0,0,0,16,28.0,54,193,2,34.8,13,69.4,134,5.7,11,89.3,17,0,3.6,7,96,122,9.4,7.4,0.72
Evan Brooks,192401,WR,LIUSHAR,7,16.6,0,23.5,33.3,2,6,0,20.0,1,-0.05,3,1298,0,49.8,65.7,55.0,,55.1,0.0,0,0,16,0.0,0,84,0,31.6,4,94.0,79,17.9,15,59.2,17,1,82.1,69,45,5,1.3,11.3,0.57
Tyler Terhark,125310,WR,N DAK ST,10,11.9,0,64.7,50.0,3,6,0,0.0,0,0.07,5,250,0,82.2,68.5,67.8,,67.3,0.0,0,0,49,0.0,0,61,0,53.6,11,91.8,56,36.1,22,84.2,17,0,63.9,39,115,7,0.6,10.5,2.05
Donald McKinney,146167,WR,TEXAS STHN,7,18.6,0,52.9,62.5,5,8,0,0.0,0,-0.13,6,313,0,80.9,67.9,63.7,,64.3,0.0,0,1,49,0.0,0,94,1,33.3,9,95.7,90,4.3,4,96.1,17,3,95.7,90,142,20,2.2,15.8,1.58
Jayden Boyd,165742,WR,LAMAR,10,13.2,0,58.8,40.0,2,5,0,9.1,1,-0.25,4,204,0,62.9,67.9,56.1,,56.6,0.0,0,1,39,0.0,0,115,3,29.9,10,93.0,107,11.3,13,66.1,17,1,88.7,102,81,20,2.0,8.1,0.76
Myles Wilson,148603,WR,MERRIMACK,10,7.5,1,64.7,50.0,1,2,0,0.0,0,0.05,2,385,0,82.2,68.5,55.6,66.8,54.0,1.6,2,0,24,1.6,2,129,0,43.1,11,93.8,121,46.5,60,72.7,17,0,51.9,67,68,39,3.5,6.2,0.56
Chase Belcher,164410,HB,W GEORGIA,10,6.1,4,82.4,,0,0,0,6.7,1,0.06,4,1177,0,68.7,82.7,75.0,68.6,69.8,0.0,0,0,70,20.3,28,138,1,42.1,14,77.5,107,6.5,9,130.9,17,1,8.7,12,182,133,9.5,13.0,1.7
O'Shaan Allison,77801,HB,AUSTINPEAY,12,-2.6,0,87.5,,0,0,0,0.0,0,-0.44,1,116,0,83.3,83.6,64.6,55.1,57.4,0.0,0,0,9,14.7,24,163,0,30.2,14,82.8,135,6.1,10,79.2,16,0,1.8,3,25,59,4.2,1.8,0.19
JJ Davis,53540,HB,MORGAN ST,8,3.4,3,87.5,100.0,1,1,0,6.7,1,-0.07,6,235,0,68.7,84.5,68.3,69.9,78.9,0.0,0,0,26,12.2,10,82,0,42.7,14,87.8,72,4.9,4,98.7,16,0,4.9,4,123,85,6.1,8.8,1.71
Tuna Altahir,147591,HB,E WASHGTON,12,0.1,1,56.3,,0,0,0,10.0,1,0.15,3,161,0,61.0,89.9,72.7,85.8,48.8,0.0,0,0,12,19.3,43,223,0,48.8,9,77.6,173,5.8,13,101.3,16,2,2.7,6,49,72,8.0,5.4,0.28
BJ Curry,178528,HB,ARKAPB,10,2.7,8,68.8,0.0,0,1,0,15.4,2,-0.16,4,112,0,51.7,78.8,70.6,63.5,50.1,0.0,0,1,85,20.7,50,241,0,39.5,11,75.9,183,1.2,3,80.7,16,0,10.4,25,182,166,15.1,16.5,0.99
Mekhi Campfield,178616,WR,CHARLES SO,12,6.7,0,43.8,0.0,0,5,0,0.0,0,-0.2,3,135,0,78.5,66.7,53.3,,51.2,0.0,0,0,12,0.0,0,126,0,31.2,7,99.2,125,78.6,99,51.0,16,0,21.4,27,42,27,3.9,6.0,0.34
Da'Kendall James,84158,WR,TOWSON,6,11.4,2,56.3,50.0,1,2,0,18.2,2,-0.1,7,317,1,44.3,22.1,51.8,,53.6,0.0,0,1,25,0.0,0,107,3,43.0,9,93.5,100,17.8,19,55.7,16,0,82.2,88,126,36,4.0,14.0,1.26
Levontai Summersett,172872,HB,FL A&M,11,1.4,4,87.5,,0,0,1,0.0,0,0.16,5,164,0,83.8,52.1,68.9,47.7,62.3,0.0,0,0,11,14.8,20,135,2,47.2,14,80.0,108,4.4,6,85.7,16,0,4.4,6,73,76,5.4,5.2,0.68
Dillon Golden,161834,TE,BROWN,10,3.1,0,75.0,66.7,2,3,0,0.0,0,-0.17,1,123,0,82.2,68.5,48.7,68.5,44.3,62.6,109,0,8,18.4,32,174,0,39.1,12,75.9,132,24.1,42,78.1,16,0,0.0,0,52,31,2.6,4.3,0.39
Nolan Ulm,141541,WR,E WASHGTON,4,10.0,1,43.8,33.3,1,3,0,30.0,3,0.36,3,161,0,25.5,66.7,47.5,,46.6,0.0,0,0,25,0.0,0,108,1,55.3,7,95.4,103,29.6,32,74.0,16,1,70.4,76,56,23,3.3,8.0,0.54
Tyler Rose,142425,WR,MARIST,6,16.3,0,37.5,33.3,1,3,0,14.3,1,-0.26,2,213,0,53.4,66.2,50.5,,50.6,0.0,0,2,14,0.0,0,112,0,35.6,6,92.9,104,22.3,25,7.3,16,0,76.8,86,52,19,3.2,8.7,0.5
Kona Crowell,173001,HB,UTAHTC,8,0.6,0,75.0,100.0,1,1,0,7.7,1,-0.06,6,1285,0,67.5,78.9,64.3,71.8,68.9,0.0,0,0,22,33.6,40,119,0,38.1,12,63.9,76,4.2,5,94.3,16,0,4.2,5,114,108,9.0,9.5,1.5
Kareem Burke,160224,WR,ARKAPB,8,13.0,5,50.0,0.0,0,2,0,11.1,1,-0.36,4,112,0,58.9,75.6,64.4,,63.5,0.0,0,1,30,0.0,0,87,1,34.1,8,97.7,85,24.1,21,42.4,16,0,75.9,66,95,80,10.0,11.9,1.12
Erik Barker,143708,TE,MONTANA,14,9.1,2,62.5,66.7,2,3,0,9.1,1,0.04,8,232,0,49.5,68.2,57.7,73.6,56.5,73.1,158,0,29,19.0,41,216,1,50.0,10,74.5,161,19.4,42,120.3,16,3,6.0,13,102,32,3.2,10.2,0.63
Hunter Brown,109756,TE,E KENTUCKY,8,8.5,0,62.5,33.3,1,3,0,9.1,1,-0.17,5,159,0,62.9,67.9,59.7,75.8,54.0,71.7,71,0,25,14.1,14,99,1,42.2,10,79.8,79,27.3,27,81.8,16,0,1.0,1,106,41,4.1,10.6,1.34
Bretton Stone,165733,HB,UTAHTC,9,1.3,1,87.5,,0,0,0,12.5,2,0.07,5,1285,0,55.7,78.5,67.8,54.8,64.6,0.0,0,0,62,21.5,17,79,0,41.3,14,73.4,58,3.8,3,107.0,16,0,3.8,3,155,151,10.8,11.1,2.67
Malik Grant,109133,HB,RHODE ISLD,14,-0.1,5,87.5,,0,0,0,0.0,0,-0.03,8,274,0,83.3,92.0,82.6,76.5,60.8,0.0,0,0,35,16.2,38,235,0,46.0,14,80.0,188,3.0,7,127.1,16,1,8.5,20,152,169,12.1,10.9,0.81
Ja'briel Mace,170926,HB,VILLANOVA,13,4.4,2,75.0,,0,0,0,0.0,0,-0.14,6,334,0,82.2,81.5,71.9,87.5,71.8,0.0,0,0,35,22.9,25,109,0,38.2,12,73.4,80,22.9,25,98.7,16,0,0.9,1,131,107,8.9,10.9,1.64
Dylan Lord,185470,WR,ILL STATE,3,6.5,3,62.5,0.0,0,2,0,9.1,1,-0.26,5,188,0,64.6,68.2,62.5,,60.9,0.0,0,1,28,0.0,0,80,0,36.8,10,95.0,76,98.8,79,50.5,16,0,1.3,1,86,44,4.4,8.6,1.13
Jerrell Wimbley,164117,HB,STF AUSTIN,11,-0.8,5,75.0,0.0,0,1,0,14.3,2,0.09,5,301,0,52.0,48.3,65.3,79.6,60.1,7.1,13,0,44,34.4,63,183,1,40.7,12,65.0,119,15.8,29,98.4,16,0,2.2,4,130,139,11.6,10.8,1.09
Chris Colby,186385,WR,VILLANOVA,11,13.4,1,62.5,50.0,1,2,0,0.0,0,0.01,8,334,0,62.9,67.9,65.0,,65.1,0.0,0,0,24,0.0,0,120,1,43.8,10,93.3,112,63.3,76,90.9,16,0,36.7,44,141,48,4.8,14.1,1.26
Jaxton Santiago,185442,WR,YALE,9,13.0,0,62.5,50.0,1,2,0,0.0,0,0.05,8,352,0,80.9,67.9,61.2,,62.9,0.0,0,0,29,0.0,0,105,1,46.0,10,95.2,100,39.0,41,90.6,16,0,61.0,64,140,35,3.5,14.0,1.4
Austin Palmer,171629,WR,MERRIMACK,9,9.4,1,43.8,33.3,1,3,0,0.0,0,0.09,3,385,0,79.3,68.2,56.4,,56.1,0.0,0,0,16,0.0,0,104,1,43.7,7,99.0,103,2.9,3,53.6,16,0,97.1,101,58,47,6.7,8.3,0.56
Cole Ruble,171806,HB,SE MO ST,7,1.3,4,68.8,,0,0,0,15.4,2,0.01,5,293,2,49.5,43.0,58.8,78.4,36.9,0.0,0,0,37,9.9,14,142,0,39.4,11,88.0,125,2.1,3,88.3,16,0,0.0,0,111,107,9.7,10.1,0.89
Nate Levicki,177738,TE,PRESBYTERN,12,14.4,1,87.5,50.0,1,2,0,0.0,0,0.2,11,271,0,83.8,70.6,77.2,78.0,89.1,91.2,135,0,57,16.9,25,148,5,43.9,14,79.1,117,4.7,7,158.3,16,5,0.0,0,312,129,9.2,22.3,2.67
John McIntyre,192109,TE,CHATTNOOGA,12,3.9,1,75.0,0.0,0,1,0,0.0,0,0.06,10,137,0,82.2,68.9,58.3,59.6,67.2,65.4,104,0,32,23.3,37,159,2,44.6,12,71.1,113,13.2,21,123.2,16,1,5.0,8,145,113,9.4,12.1,1.28
Bryce Myers,148964,TE,PENN,10,7.3,1,56.3,,0,0,0,25.0,3,0.1,4,267,0,33.2,67.9,54.5,67.5,43.9,67.6,138,1,30,20.6,42,204,1,44.8,9,73.0,149,27.9,57,67.2,16,1,4.4,9,90,46,5.1,10.0,0.6
Braydon Black,186596,WR,MERCYHURST,7,9.2,1,37.5,0.0,0,2,0,14.3,1,0.19,3,977,0,53.4,71.8,54.8,,55.5,0.0,0,1,42,0.0,0,115,1,47.3,6,97.4,112,8.7,10,66.1,16,2,91.3,105,74,49,8.2,12.3,0.66
Jayden Drayton,177478,WR,PENN,9,5.7,4,62.5,50.0,1,2,0,9.1,1,0.24,5,267,0,63.3,70.2,66.4,,63.6,0.0,0,0,27,0.0,0,81,0,45.5,10,95.1,77,93.8,76,87.5,16,0,6.2,5,128,69,6.9,12.8,1.66
Tyrell Greene Jr.,176989,HB,TOWSON,12,-1.3,6,75.0,,0,0,0,7.7,1,-0.34,5,317,0,67.5,65.5,84.8,68.5,56.1,0.0,0,0,16,25.7,37,144,0,39.8,12,68.8,99,4.9,7,87.0,16,0,1.4,2,86,116,9.7,7.2,0.87
Marvin Session,159080,WR,WEBER ST,9,8.3,3,81.3,50.0,1,2,0,7.1,1,0.16,6,342,0,67.8,68.7,59.0,,59.4,0.0,0,1,33,0.0,0,109,0,48.6,13,96.3,105,9.2,10,94.5,16,1,90.8,99,127,26,2.0,9.8,1.21
Logan Galletta,175338,WR,LEHIGH,13,13.9,1,62.5,50.0,1,2,0,9.1,1,-0.16,8,205,0,62.9,69.7,60.9,,60.9,0.0,0,0,42,0.0,0,131,0,46.7,10,93.1,122,19.1,25,112.0,16,1,80.9,106,142,46,4.6,14.2,1.16
Kade Neely,122717,TE,MURRAY ST,12,9.3,1,68.8,0.0,0,1,0,15.4,2,-0.41,10,236,0,49.5,68.2,56.7,77.9,57.3,44.8,94,1,62,12.9,27,210,3,35.5,11,81.9,172,46.2,97,123.4,16,3,8.1,17,194,119,10.8,17.6,1.13
Adrian Green,155922,WR,HOUCHR,10,4.6,2,75.0,0.0,0,2,1,7.7,1,0.02,4,183,0,66.4,69.2,53.9,,54.9,0.0,0,0,15,0.0,0,99,1,37.2,12,94.9,94,92.9,92,84.4,16,0,7.1,7,76,42,3.5,6.3,0.81
Trey McDonald,148489,TE,WM & MARY,12,11.6,1,66.7,33.3,1,3,0,0.0,0,-0.02,6,348,0,81.5,68.2,50.0,70.6,54.8,82.6,180,2,31,17.9,39,218,4,43.9,10,77.1,168,10.6,23,54.2,15,0,0.5,1,130,41,4.1,13.0,0.77
Joey Giorgi,148693,HB,COLUMBIA,10,1.5,1,53.3,0.0,0,1,0,11.1,1,0.12,2,145,0,58.9,90.3,83.1,83.0,53.8,0.0,0,1,13,35.6,58,163,0,46.8,8,62.0,101,2.5,4,32.4,15,0,1.2,2,49,57,7.1,6.1,0.49
Caleb Anderson,163066,TE,ALCORN ST,12,4.3,1,60.0,,0,0,0,10.0,1,-0.16,3,107,0,61.0,67.5,53.0,50.7,50.9,39.5,45,0,16,8.8,10,114,1,38.7,9,86.0,98,54.4,62,92.1,15,1,5.3,6,64,37,4.1,7.1,0.65
Quincy Vaughn,138259,TE,N DAKOTA,12,9.1,2,73.3,0.0,0,1,0,8.3,1,-0.07,7,249,0,64.6,75.2,76.9,70.2,63.8,85.7,132,0,20,26.0,40,154,1,46.9,11,69.5,107,11.7,18,116.2,15,1,1.9,3,111,56,5.1,10.1,1.04
Mike Martinez,100628,TE,IDAHO,14,3.4,0,66.7,100.0,1,1,0,9.1,1,0.22,5,185,0,64.6,68.7,59.6,36.7,62.0,92.5,149,0,23,24.2,39,161,4,51.3,10,73.9,119,6.2,10,123.1,15,2,0.6,1,93,69,6.9,9.3,0.78
Barry White,174389,TE,ALAB A&M,12,11.4,1,66.7,,0,0,0,0.0,0,0.31,8,104,0,80.9,68.5,59.1,76.6,63.2,38.7,58,1,38,16.0,24,150,1,52.4,10,79.3,119,32.0,48,121.5,15,2,9.3,14,189,78,7.8,18.9,1.59
William Enneking,109365,TE,BUTLER,9,8.6,1,80.0,33.3,1,3,1,0.0,0,0.28,5,127,0,82.2,68.5,60.2,66.2,61.4,73.8,124,0,34,31.0,52,168,1,50.3,12,65.5,110,19.0,32,146.5,15,2,6.0,10,145,62,5.2,12.1,1.32
Alec Pell,85874,TE,AUSTINPEAY,8,4.7,0,73.3,0.0,0,1,0,8.3,1,-0.34,6,116,0,64.6,68.2,42.6,34.5,49.1,60.6,126,0,18,10.6,22,208,1,34.0,11,87.0,181,34.6,72,123.9,15,2,4.8,10,76,52,4.7,6.9,0.42
Chance Miller,159044,WR,PORTLAND,11,17.2,2,33.3,25.0,1,4,0,0.0,0,0.15,4,269,0,76.3,65.7,53.3,,52.1,0.0,0,1,28,0.0,0,199,0,44.2,5,95.5,190,23.1,46,26.2,15,0,76.9,153,87,29,5.8,17.4,0.46
Zion Hall,147560,HB,CAL POLY,7,-3.3,1,86.7,,0,0,0,7.1,1,-0.25,2,129,0,69.0,83.6,63.1,32.2,58.8,0.0,0,0,11,17.0,23,135,0,40.3,13,72.6,98,3.0,4,79.2,15,0,1.5,2,30,70,5.4,2.3,0.31
Caeleb Schlachter,157872,TE,E KENTUCKY,12,9.1,0,40.0,0.0,0,3,0,0.0,0,-0.1,3,159,0,78.5,67.4,50.4,69.4,51.0,58.4,66,0,19,2.7,3,113,1,38.0,6,85.8,97,39.8,45,71.3,15,1,1.8,2,49,7,1.2,8.2,0.51
Elisha Cummings,147611,HB,IDAHO,10,0.9,1,60.0,0.0,0,1,0,10.0,1,0.09,3,185,0,62.9,73.3,72.9,72.0,52.1,0.0,0,0,34,11.8,20,170,1,44.7,9,82.4,140,5.3,9,71.3,15,0,2.9,5,69,60,6.7,7.7,0.49
TK Marshall,125298,HB,N DAK ST,16,3.8,3,80.0,100.0,1,1,0,7.7,1,0.45,8,250,0,66.1,82.5,67.1,50.9,65.0,0.0,0,0,48,22.3,37,166,1,55.8,12,72.9,121,1.8,3,141.0,15,1,4.2,7,197,155,12.9,16.4,1.63
Josh Pitsenberger,164699,HB,YALE,9,-0.5,9,86.7,,0,0,0,7.1,1,0.2,3,352,0,67.5,90.1,78.3,84.9,60.1,0.0,0,0,39,13.2,28,212,0,45.2,13,81.1,172,0.9,2,132.6,15,2,0.9,2,95,95,7.3,7.3,0.55
Ethan John,189284,TE,PRVIEW A&M,12,4.9,2,53.3,,0,0,0,20.0,2,-0.09,5,270,0,41.6,68.3,48.9,68.1,50.0,54.2,122,0,21,16.0,36,225,0,39.7,8,80.0,180,32.0,72,71.8,15,0,12.0,27,91,55,6.9,11.4,0.51
Myles Miree,173833,HB,MORGAN ST,12,2.8,1,80.0,,0,0,0,7.7,1,-0.1,5,235,0,66.4,77.0,72.1,76.2,64.1,0.0,0,0,33,16.8,20,119,2,37.3,12,78.2,93,3.4,4,119.7,15,1,0.8,1,111,90,7.5,9.3,1.19
Ayron Rodriguez,186672,HB,MERCYHURST,11,3.1,0,73.3,100.0,1,1,0,8.3,1,0.16,4,977,0,67.5,55.8,67.4,58.1,53.4,0.0,0,0,11,14.0,30,215,0,48.7,11,80.9,174,4.7,10,119.4,15,2,1.9,4,60,41,3.7,5.5,0.34
Tyshon King,171530,HB,YNGTOWN ST,12,-1.1,3,86.7,100.0,1,1,0,7.1,1,0.25,6,353,0,67.5,80.1,71.8,74.6,63.9,0.0,0,0,22,21.5,45,209,1,45.8,13,76.6,160,1.9,4,118.9,15,1,3.8,8,108,129,9.9,8.3,0.68
Malik Dotson,176744,HB,E WASHGTON,9,0.1,0,80.0,0.0,0,1,0,0.0,0,0.12,6,161,0,82.2,86.2,84.5,63.2,81.2,0.0,0,0,34,14.7,14,95,0,47.3,12,81.1,77,6.3,6,109.2,15,0,3.2,3,153,180,15.0,12.8,1.99
Jonathan Alexander,185628,WR,GEORGETOWN,9,9.9,0,46.7,50.0,1,2,1,0.0,0,-0.64,2,172,0,79.3,67.1,50.2,,52.1,0.9,1,1,16,0.0,0,106,1,28.6,7,92.5,98,31.1,33,25.7,15,0,67.9,72,43,10,1.4,6.1,0.44
Da'Shon Davis,105008,WR,TENN STATE,7,7.9,0,40.0,33.3,1,3,0,40.0,4,0.0,2,308,0,15.8,66.2,49.9,63.1,51.2,0.0,0,0,72,1.6,1,64,1,38.7,6,95.3,61,100.0,64,66.5,15,0,0.0,0,112,89,14.8,18.7,1.84
Matt Lawson,185454,HB,ILL STATE,12,-1.5,1,73.3,,0,0,0,0.0,0,0.16,2,188,0,81.5,87.6,70.0,84.3,63.1,0.0,0,0,11,16.8,18,107,1,49.5,11,81.3,87,4.7,5,80.1,15,0,6.5,7,61,72,6.5,5.5,0.7
Edward Core,138368,TE,DELWARE ST,4,5.0,2,80.0,,0,0,0,0.0,0,-0.21,3,152,0,82.2,68.5,59.6,69.7,59.1,47.1,33,2,22,7.1,5,70,2,38.2,12,90.0,63,52.9,37,50.1,15,0,0.0,0,83,41,3.4,6.9,1.32
Darvon Hubbard,124320,HB,N ARIZONA,11,-3.5,2,100.0,,0,0,0,0.0,0,0.05,6,252,0,84.2,87.3,71.7,33.0,71.2,0.0,0,0,38,27.4,45,164,0,45.9,15,69.5,114,3.7,6,104.7,15,0,2.4,4,137,189,12.6,9.1,1.2
Omarion Blakes,178475,WR,ALCORN ST,12,7.4,3,80.0,100.0,1,1,0,0.0,0,-0.13,6,107,1,82.7,54.6,61.6,64.7,60.4,2.6,3,1,27,0.9,1,114,0,34.9,12,93.0,106,92.1,105,76.7,15,0,5.3,6,136,74,6.2,11.3,1.28
Ryan Lonergan,102509,TE,MONTANA ST,16,6.3,0,86.7,0.0,0,1,1,7.1,1,0.25,10,233,0,70.9,69.5,77.2,58.5,73.0,64.2,113,0,53,20.5,36,176,1,51.8,13,76.7,135,31.8,56,158.3,15,2,2.8,5,250,175,13.5,19.2,1.85
Shakhi Carson,145783,HB,STNY BROOK,11,-1.5,3,100.0,100.0,1,1,0,0.0,0,0.01,6,303,0,83.8,56.7,70.2,54.1,83.6,0.0,0,0,20,34.7,26,75,1,45.8,15,64.0,48,13.3,10,94.7,15,0,4.0,3,101,123,8.2,6.7,2.1
Courtney Reese,101297,HB,BETH COOK,12,1.0,1,93.3,100.0,1,1,0,6.7,1,-0.02,3,119,0,69.9,84.2,66.1,62.3,65.4,0.0,0,0,31,20.7,25,121,1,43.6,14,72.7,88,7.4,9,116.1,15,1,0.8,1,98,87,6.2,7.0,1.11
Ethan Hosak,172047,TE,LAFAYETTE,12,10.3,0,60.0,33.3,1,3,0,10.0,1,0.2,4,203,0,61.0,67.5,59.7,58.6,55.6,62.9,78,1,28,13.7,17,124,1,50.0,9,83.9,104,34.7,43,81.9,15,3,0.0,0,65,13,1.4,7.2,0.63
Hut Graham,157335,WR,ABILENE CH,10,12.3,1,73.3,,0,0,0,8.3,1,0.63,10,100,0,64.6,68.3,62.7,,64.0,0.0,0,0,31,0.0,0,118,1,57.4,11,97.5,115,96.6,114,129.6,15,1,3.4,4,159,24,2.2,14.5,1.38
Daniel Moyer,138416,HB,ROB MORRIS,11,-1.4,1,73.3,100.0,1,1,0,8.3,1,-0.33,1,277,0,64.9,69.3,67.1,62.7,51.9,0.0,0,1,8,9.2,12,130,0,30.6,11,86.2,112,3.8,5,47.9,15,0,5.4,7,37,59,5.4,3.4,0.33
Matthew Mahoney,155388,WR,PRINCETON,10,16.6,1,60.0,50.0,2,4,0,10.0,1,0.03,6,272,0,61.0,67.5,62.4,,62.6,0.0,0,1,38,0.0,0,112,0,45.7,9,93.8,105,22.3,25,69.3,15,0,77.7,87,162,30,3.3,18.0,1.54
Mason Gilbert,143093,TE,MAINE,12,9.0,0,80.0,100.0,2,2,0,7.7,1,0.19,10,212,0,68.7,23.8,58.5,56.5,60.3,63.2,141,0,32,13.5,30,223,1,48.3,12,79.4,177,30.0,67,134.2,15,1,6.7,15,163,65,5.4,13.6,0.92
Davion Cherwin,149554,HB,DRAKE,10,-0.9,1,80.0,0.0,0,1,0,14.3,2,-0.05,5,153,0,52.0,84.6,71.4,63.0,57.4,0.0,0,1,14,10.0,13,130,0,50.0,12,86.9,113,14.6,19,58.3,15,0,6.2,8,70,93,7.8,5.8,0.62
Thomas Brown,149445,WR,NC A&T,11,11.1,2,53.3,33.3,1,3,0,11.1,1,-0.22,4,246,0,58.9,67.1,55.9,,57.5,0.0,0,1,14,0.0,0,75,1,33.8,8,94.7,71,8.0,6,38.2,15,0,92.0,69,70,36,4.5,8.8,0.99
William Parker,143019,TE,COLGATE,11,4.5,5,80.0,100.0,1,1,0,7.7,1,-0.08,5,142,0,67.5,69.2,57.7,74.7,57.9,42.4,67,0,13,15.8,25,158,3,42.1,12,81.6,129,38.6,61,114.2,15,1,9.5,15,91,48,4.0,7.6,0.71
Lee Negrotto,139474,TE,NICHOLLS,11,6.9,2,73.3,50.0,1,2,1,8.3,1,-0.03,7,243,0,64.6,68.2,54.3,66.8,64.9,61.1,96,0,23,19.1,30,157,4,42.5,11,75.2,118,28.7,45,134.2,15,2,6.4,10,113,84,7.6,10.3,0.96
Dylan McFadden,149401,WR,LEHIGH,6,18.7,1,40.0,0.0,0,5,0,14.3,1,0.07,5,205,0,53.4,66.2,58.5,,58.9,0.0,0,3,51,0.0,0,87,0,43.9,6,94.3,82,11.5,10,28.3,15,0,87.4,76,117,62,10.3,19.5,1.43
Gabriel Abel,165294,HB,STTHOM,9,1.1,4,80.0,100.0,2,2,0,0.0,0,-0.05,5,1129,0,82.2,68.9,55.4,43.0,70.3,0.0,0,0,11,45.8,55,120,0,38.8,12,52.5,63,0.8,1,86.9,15,0,5.8,7,73,59,4.9,6.1,1.16
David Avit,186379,HB,VILLANOVA,14,0.4,3,73.3,,0,0,1,0.0,0,0.04,6,334,0,81.5,90.6,90.4,84.1,75.3,0.0,0,0,56,39.1,75,192,1,40.9,11,58.3,112,1.6,3,111.8,15,0,0.0,0,175,163,14.8,15.9,1.56
Elijah Burris,153290,HB,HAMPTON,8,1.6,5,66.7,0.0,0,1,0,9.1,1,0.07,3,178,0,64.6,88.9,70.7,43.8,68.6,0.0,0,0,33,10.4,14,134,1,45.2,10,84.3,113,6.7,9,111.5,15,1,0.0,0,114,122,12.2,11.4,1.01
Michael Nesbit,177428,WR,BROWN,10,15.0,2,46.7,50.0,1,2,0,22.2,2,-0.06,5,123,0,38.0,66.7,53.8,,53.1,0.0,0,1,40,0.0,0,125,0,46.2,7,95.2,119,10.4,13,43.2,15,0,89.6,112,108,36,5.1,15.4,0.91
Archie Cox,161313,WR,BUTLER,12,14.7,3,53.3,0.0,0,2,0,0.0,0,-0.11,2,127,0,79.3,71.3,61.7,,62.1,1.5,1,1,19,0.0,0,68,0,37.5,8,94.1,64,14.7,10,62.9,15,1,83.8,57,79,24,3.0,9.9,1.23
Jeff Ciccio,104880,TE,FORDHAM,12,9.5,0,40.0,20.0,1,5,0,14.3,1,-0.25,4,168,0,53.4,66.2,53.0,66.7,54.4,40.9,70,1,29,26.3,45,171,1,30.5,6,70.8,121,50.9,87,50.7,15,1,4.1,7,75,17,2.8,12.5,0.62
Kareame Cotton Jr.,150138,WR,NWSTATE,10,9.4,2,60.0,0.0,0,1,0,0.0,0,-0.28,3,257,0,80.1,75.2,55.1,,63.6,0.0,0,1,47,0.0,0,80,1,26.0,9,67.5,54,23.8,19,50.7,15,0,48.8,39,95,84,9.3,10.6,1.76
Jordan Gant,159654,HB,TENN STATE,13,2.7,2,66.7,100.0,1,1,0,28.6,4,-0.05,5,308,0,24.6,84.3,63.8,83.5,45.3,0.0,0,0,28,20.7,35,169,0,36.8,10,75.7,128,14.2,24,120.0,15,2,4.1,7,82,75,7.5,8.2,0.64
Austin Bray,159694,TE,YNGTOWN ST,12,9.9,0,53.3,0.0,0,3,0,0.0,0,0.36,2,353,0,80.1,68.1,56.2,67.5,52.3,51.5,85,2,12,9.1,15,165,0,52.8,8,89.1,147,41.2,68,20.0,15,0,7.3,12,47,30,3.8,5.9,0.32
Tariq Thomas,189180,HB,BUCKNELL,11,-0.3,2,93.3,,0,0,0,0.0,0,0.03,4,125,0,84.7,63.2,65.4,57.4,55.9,0.0,0,1,10,25.0,73,292,0,46.2,14,69.9,204,8.6,25,60.0,15,0,11.0,32,76,83,5.9,5.4,0.37
Jaden Green,185693,HB,LEHIGH,13,0.6,3,80.0,,0,0,0,0.0,0,-0.18,5,205,0,83.3,90.2,73.7,60.5,72.8,0.0,0,1,13,17.3,24,139,1,41.2,12,77.7,108,2.2,3,56.1,15,0,3.6,5,62,92,7.7,5.2,0.57
David Afari,52809,HB,N COLORADO,10,-2.6,1,60.0,,0,0,0,30.8,4,-0.25,4,253,1,22.8,70.4,61.8,64.5,30.4,0.0,0,0,29,16.3,14,86,0,36.6,9,79.1,68,7.0,6,84.3,15,0,3.5,3,116,141,15.7,12.9,1.71
Xaviah Bascon,177444,HB,HARVARD,10,1.7,3,66.7,,0,0,0,9.1,1,0.09,5,179,0,64.9,89.4,72.8,74.1,63.7,0.0,0,0,23,29.0,62,214,0,45.1,10,68.2,146,1.4,3,105.4,15,1,0.0,0,92,83,8.3,9.2,0.63
Trevin Ewing,142282,WR,MAINE,12,12.0,2,64.3,0.0,0,2,0,10.0,1,0.34,6,212,0,61.0,30.6,66.2,,62.7,0.0,0,0,64,0.0,0,107,0,45.1,9,95.3,102,22.4,24,107.4,14,0,77.6,83,174,86,9.6,19.3,1.71
Tavion Banks,142274,HB,MAINE,10,-0.8,3,71.4,,0,0,0,16.7,2,-0.12,0,212,0,47.1,67.2,64.5,68.9,46.4,0.0,0,0,5,20.1,29,144,1,40.3,10,77.8,112,2.1,3,74.1,14,0,8.3,12,31,57,5.7,3.1,0.28
Kobe Dillon,141787,HB,SOUTHERN U,13,1.9,2,50.0,,0,0,0,22.2,2,-0.12,3,297,0,37.6,59.4,69.9,79.5,47.4,0.0,0,1,22,14.4,23,160,0,41.7,7,80.0,128,3.1,5,30.1,14,0,0.0,0,54,75,10.7,7.7,0.42
Wyatt Hodges,149582,WR,PRESBYTERN,12,6.1,1,78.6,,0,0,0,8.3,1,0.34,5,271,0,64.6,68.2,54.1,,53.9,0.0,0,0,16,0.0,0,154,2,50.3,11,96.8,149,98.7,152,114.0,14,1,1.3,2,79,53,4.8,7.2,0.53
Jerrian Parker Jr.,185595,HB,S ILLINOIS,10,-1.2,3,64.3,0.0,0,1,0,30.8,4,-0.2,4,295,0,22.8,85.2,57.1,45.5,41.0,0.0,0,0,16,14.9,25,168,0,34.6,9,81.5,137,9.5,16,77.4,14,0,4.8,8,73,82,9.1,8.1,0.53
Isaiah Ragland,170932,HB,VILLANOVA,12,0.1,3,64.3,50.0,1,2,0,25.0,3,-0.01,3,334,0,33.2,74.8,76.7,58.1,44.6,0.0,0,0,24,35.3,61,173,1,41.0,9,61.8,107,2.3,4,76.2,14,0,0.0,0,69,79,8.8,7.7,0.64
TK Paisant,153305,TE,HAMPTON,12,9.1,1,64.3,0.0,0,2,1,10.0,1,-0.03,4,178,0,62.9,67.9,54.6,70.6,58.2,42.1,48,1,46,6.1,7,114,2,44.9,9,88.6,101,55.3,63,58.9,14,0,1.8,2,111,45,5.0,12.3,1.1
Scotty Presson Jr.,148033,TE,ILL STATE,13,11.0,0,78.6,66.7,2,3,0,0.0,0,0.03,7,188,0,81.5,68.7,59.1,71.0,58.7,26.1,31,0,41,1.7,2,119,0,46.0,11,94.1,112,73.9,88,102.7,14,0,0.0,0,121,16,1.5,11.0,1.08
Drew Cassens,130544,TE,BUTLER,11,6.6,2,71.4,0.0,0,1,0,0.0,0,0.28,7,127,0,80.9,67.9,62.3,69.7,65.4,76.4,120,0,30,38.2,60,157,4,52.3,10,59.2,93,16.6,26,99.1,14,0,3.2,5,126,75,7.5,12.6,1.35
Paul Neel,149286,HB,BUCKNELL,11,-0.5,3,78.6,0.0,0,1,0,0.0,0,0.0,2,125,0,81.5,52.0,62.7,63.6,56.8,0.0,0,1,44,24.2,38,157,0,46.6,11,72.0,113,15.3,24,89.3,14,1,12.7,20,96,106,9.6,8.7,0.85
Ty Arrington,104060,WR,DUQUESNE,8,12.1,2,50.0,,0,0,0,12.5,1,0.12,4,155,0,56.4,66.7,57.2,,56.5,0.0,0,1,40,0.0,0,93,0,40.7,7,97.8,91,24.7,23,38.7,14,0,75.3,70,83,25,3.6,11.9,0.91
Delvin Attafah,102950,WR,CENT CT ST,12,10.4,2,35.7,100.0,1,1,0,0.0,0,-0.42,3,133,1,76.3,13.7,48.4,,48.0,0.0,0,1,22,0.0,0,110,0,30.8,5,94.5,104,8.2,9,18.5,14,0,91.8,101,55,24,4.8,11.0,0.53
Elijah Sessoms,164548,TE,DELAWARE,11,8.9,0,35.7,66.7,2,3,0,0.0,0,0.22,1,151,0,76.3,65.7,44.4,64.5,43.3,53.0,107,1,19,12.9,26,202,1,47.6,5,82.7,167,41.6,84,14.6,14,0,3.5,7,40,9,1.8,8.0,0.24
Avery Jones,172049,WR,LAFAYETTE,7,14.4,1,71.4,0.0,0,2,0,0.0,0,0.18,7,203,0,80.9,68.7,70.4,,69.4,0.0,0,0,23,0.0,0,78,0,43.2,10,94.9,74,28.2,22,98.2,14,0,71.8,56,123,52,5.2,12.3,1.66
Rajaez Mosley,186554,HB,W GEORGIA,11,1.1,3,92.9,,0,0,0,7.1,1,0.1,4,1177,1,67.5,70.1,69.4,64.8,46.3,0.0,0,0,20,31.1,75,241,0,48.6,13,63.5,153,7.5,18,97.0,14,0,10.4,25,102,101,7.8,7.8,0.67
Darrell Smith,159621,HB,SE MO ST,6,0.1,2,85.7,100.0,2,2,0,7.7,1,-0.08,6,293,0,66.4,69.0,70.2,84.8,65.8,0.0,0,0,34,11.1,13,117,0,42.9,12,85.5,100,5.1,6,105.4,14,0,0.9,1,130,128,10.7,10.8,1.3
Brayden Latham,170591,HB,E KENTUCKY,13,1.9,0,71.4,100.0,1,1,0,16.7,2,-0.42,3,159,0,49.8,69.5,70.8,73.4,53.9,0.0,0,0,22,26.4,39,148,0,32.8,10,66.2,98,4.1,6,81.3,14,0,0.0,0,66,49,4.9,6.6,0.67
Alex Herrera,185214,TE,E ILLINOIS,3,12.0,1,85.7,100.0,2,2,0,7.7,1,-0.3,8,158,0,66.4,68.5,70.8,70.0,69.5,14.6,14,0,25,5.2,5,96,0,41.9,12,92.7,89,82.3,79,150.9,14,2,3.1,3,150,38,3.2,12.5,1.69
Tyson Greenwade,178606,HB,CHARLES SO,12,3.1,3,50.0,,0,0,0,30.0,3,-0.34,3,135,0,25.5,74.0,75.0,40.1,42.9,0.0,0,1,25,30.9,46,149,0,34.0,7,67.1,100,2.0,3,31.3,14,0,0.0,0,58,35,5.0,8.3,0.58
Rushawn Baker,149262,HB,ELON,12,1.1,1,57.1,0.0,0,1,1,20.0,2,-0.11,2,162,0,41.2,90.8,71.8,44.3,44.4,0.0,0,0,15,20.9,48,230,1,36.7,8,75.2,173,0.0,0,65.5,14,0,2.2,5,53,44,5.5,6.6,0.31
Bakari Dailey,160263,WR,ALABAMA ST,7,16.6,1,35.7,0.0,0,1,0,16.7,1,-0.44,2,105,0,49.8,65.7,53.6,,52.8,0.0,0,2,47,0.0,0,96,0,30.5,5,99.0,95,5.2,5,15.2,14,0,94.8,91,77,19,3.8,15.4,0.81
Luke Daly,160436,WR,VILLANOVA,11,17.1,3,42.9,50.0,1,2,0,14.3,1,0.22,3,334,0,53.8,66.2,58.0,,57.8,0.0,0,0,32,0.0,0,65,0,41.3,6,96.9,63,20.0,13,59.5,14,0,80.0,52,73,25,4.2,12.2,1.16
Brooks Rigney,186225,WR,TXAMEA,6,8.9,2,64.3,,0,0,0,25.0,3,-0.48,7,1139,1,30.0,18.7,61.7,,61.3,0.0,0,2,41,0.0,0,80,1,33.3,9,90.0,72,63.8,51,80.1,14,1,36.3,29,135,50,5.6,15.0,1.88
Nathanial Clark,177033,TE,HOWARD,10,14.7,0,38.5,0.0,0,2,0,28.6,2,-0.14,3,184,0,34.2,66.2,38.0,36.8,46.1,94.7,89,0,30,18.1,17,94,1,38.2,5,78.7,74,4.3,4,80.3,13,1,1.1,1,64,22,4.4,12.8,0.86
Jayce Medlock,97820,TE,PRVIEW A&M,12,3.1,1,84.6,100.0,1,1,0,8.3,1,-0.16,5,270,0,66.1,69.8,63.8,67.9,64.3,60.6,77,0,23,19.7,25,127,0,35.5,11,76.4,97,29.9,38,93.3,13,0,6.3,8,83,59,5.4,7.5,0.86
Dwayne McGee,188561,HB,MERCER,14,0.4,2,92.3,100.0,2,2,0,0.0,0,-0.02,5,219,0,82.2,87.1,82.8,61.6,61.1,0.0,0,0,30,21.0,37,176,0,45.3,12,76.1,134,5.7,10,104.5,13,0,1.1,2,118,113,9.4,9.8,0.88
Autavius Ison,178608,HB,CHARLES SO,11,0.6,3,69.2,0.0,0,2,0,18.2,2,-0.24,2,135,0,44.3,82.5,69.6,56.8,49.6,0.0,0,1,16,25.8,49,190,1,34.2,9,73.7,140,1.6,3,48.9,13,0,0.5,1,66,71,7.9,7.3,0.47
Tony Harste,186155,WR,IDAHO,11,14.6,1,76.9,50.0,1,2,1,0.0,0,0.16,9,185,0,80.9,70.4,61.0,,65.1,0.7,1,0,65,0.0,0,134,2,46.9,10,94.8,127,75.4,101,118.3,13,0,23.9,32,203,68,6.8,20.3,1.6
Koby Keenan,178093,TE,BRYANT,12,5.2,0,69.2,33.3,1,3,0,18.2,2,0.04,2,124,0,44.7,67.5,43.8,35.2,46.1,71.6,73,1,16,16.7,17,102,1,42.1,9,78.4,80,21.6,22,47.6,13,0,4.9,5,62,30,3.3,6.9,0.78
Gary Clinton,148116,TE,MO STATE,12,7.9,0,46.2,0.0,0,3,0,25.0,2,0.19,2,230,0,33.8,66.2,51.7,43.8,43.2,93.1,163,0,13,17.1,30,175,0,50.6,6,81.1,142,4.0,7,57.2,13,0,2.3,4,52,24,4.0,8.7,0.37
Ty Moore,122277,WR,NWSTATE,11,11.2,5,76.9,0.0,0,1,0,0.0,0,-0.28,8,257,1,80.9,23.8,64.8,,65.3,0.0,0,2,30,0.0,0,99,0,35.1,10,98.0,97,5.1,5,69.9,13,0,94.9,94,135,73,7.3,13.5,1.39
Drew Deck,143699,WR,MONTANA,7,7.6,0,53.8,0.0,0,2,0,0.0,0,-0.02,2,232,0,78.5,77.6,66.1,,67.7,0.0,0,1,18,0.0,0,68,1,43.9,7,97.1,66,97.1,66,39.9,13,0,2.9,2,78,42,6.0,11.1,1.18
Luke Hansen,177629,HB,DAYTON,6,-2.6,4,76.9,,0,0,0,0.0,0,-0.44,1,150,2,80.9,55.6,67.8,62.8,34.0,0.0,0,1,15,56.8,67,118,0,33.6,10,40.7,48,5.1,6,46.6,13,0,0.0,0,29,70,7.0,2.9,0.6
KZ Adams,156690,HB,SCAR STATE,12,-2.1,4,92.3,,0,0,0,7.7,1,0.13,5,290,0,66.1,88.3,66.7,57.2,56.3,0.0,0,0,11,22.6,45,199,0,47.1,12,74.4,148,16.6,33,120.5,13,1,0.5,1,88,114,9.5,7.3,0.59
Brandon Jimenez,102525,WR,VALPO,10,16.2,0,30.8,,0,0,0,20.0,1,-0.62,4,332,0,45.9,65.0,54.1,,53.8,0.0,0,1,26,0.0,0,96,0,23.7,4,96.9,93,60.4,58,19.7,13,0,39.6,38,75,13,3.3,18.8,0.81
Chaz Middleton,182279,TE,ROB MORRIS,11,12.6,1,53.8,50.0,1,2,0,0.0,0,-0.01,4,277,0,79.3,67.1,74.8,,73.5,10.9,5,2,18,0.0,0,46,0,45.2,7,91.3,42,37.0,17,67.5,13,2,52.2,24,64,21,3.0,9.1,1.52
Brian Santana-Fis,182865,HB,MAINE,12,1.3,2,76.9,,0,0,0,9.1,1,0.09,2,212,0,62.9,71.1,67.4,60.6,52.8,0.0,0,0,16,24.5,36,147,1,48.2,10,72.8,107,0.7,1,97.0,13,0,2.0,3,96,84,8.4,9.6,0.9
Marquis Harris,163464,TE,GRAMBLING,12,21.2,1,46.2,50.0,1,2,0,0.0,0,-0.23,5,177,0,77.5,66.2,62.2,68.8,75.1,72.2,65,2,71,2.2,2,90,2,30.2,6,93.3,84,13.3,12,78.7,13,1,14.4,13,180,83,13.8,30.0,2.14
Coby Cavil,147176,WR,PRVIEW A&M,10,9.1,5,61.5,,0,0,0,11.1,1,-0.12,5,270,0,58.9,71.6,69.9,,70.9,0.0,0,1,72,0.0,0,49,1,33.3,8,91.8,45,83.7,41,93.8,13,1,16.3,8,146,128,16.0,18.3,3.24
Dany'e Brooks,150121,WR,NICHOLLS,9,14.0,0,61.5,50.0,1,2,0,0.0,0,-0.19,4,243,1,79.3,17.6,55.3,,54.6,0.0,0,0,39,0.0,0,139,0,35.6,8,95.0,132,14.4,20,90.2,13,0,85.6,119,115,10,1.3,14.4,0.87
John Volker,155414,HB,PRINCETON,9,0.5,4,76.9,,0,0,0,0.0,0,-0.16,4,272,0,62.9,86.4,70.3,60.1,56.7,1.2,2,0,19,17.6,30,170,1,38.4,10,80.0,136,4.7,8,90.2,13,0,4.7,8,75,90,9.0,7.5,0.55
Ryan Schwendeman,160594,TE,S ILLINOIS,4,6.2,0,53.8,0.0,0,1,0,22.2,2,0.12,5,295,0,37.6,66.7,50.9,32.8,51.6,68.4,80,0,35,8.5,10,117,0,40.7,7,89.7,105,27.4,32,114.1,13,2,4.3,5,86,53,7.6,12.3,0.82
Grant Robinson,149893,HB,FURMAN,11,-1.3,4,92.3,,0,0,0,0.0,0,-0.19,0,170,0,82.2,70.2,60.3,65.2,66.7,0.0,0,0,9,41.9,57,136,0,37.4,12,57.4,78,6.6,9,79.2,13,0,0.7,1,35,47,3.9,2.9,0.45
Jalen Mitchell,97173,HB,TENN TECH,12,-0.7,3,84.6,,0,0,0,0.0,0,-0.29,5,309,0,81.5,56.0,70.2,70.5,65.7,0.6,1,0,39,18.0,31,172,1,35.2,11,77.9,134,2.9,5,101.6,13,0,0.6,1,109,125,11.4,9.9,0.81
Javin Dames,166614,WR,BRYANT,3,13.8,0,61.5,66.7,2,3,0,20.0,2,0.11,6,124,0,41.2,67.1,68.9,,66.8,0.0,0,0,17,0.0,0,46,0,37.8,8,97.8,45,15.2,7,85.1,13,0,84.8,39,99,10,1.3,12.4,2.2
Jamal Cooney,109599,WR,ALBANY,9,14.5,3,30.8,,0,0,0,20.0,1,-0.19,3,106,0,45.4,78.4,54.6,,55.7,0.0,0,0,24,0.0,0,92,0,30.3,4,96.7,89,10.9,10,44.4,13,0,89.1,82,52,24,6.0,13.0,0.58
Nick Johnson,193062,WR,TXAMEA,4,6.6,3,61.5,100.0,1,1,0,11.1,1,-0.32,5,1139,1,61.0,42.3,58.1,,58.8,0.0,0,0,22,0.0,0,120,0,35.5,8,91.7,110,5.0,6,83.5,13,0,95.0,114,94,44,5.5,11.8,0.85
Jaylon Barden,123002,WR,SAMFORD,11,5.5,0,61.5,0.0,0,4,0,0.0,0,0.07,2,282,0,79.3,83.8,56.2,,58.5,1.5,1,0,15,0.0,0,65,1,44.4,8,96.9,63,4.6,3,71.3,13,0,93.8,61,56,26,3.3,7.0,0.89
Cole Mitchell,144031,TE,ROB MORRIS,12,7.2,0,84.6,100.0,1,1,0,15.4,2,0.0,6,277,0,49.5,68.2,43.0,42.2,49.5,73.1,147,0,40,15.9,32,201,4,39.5,11,80.6,162,18.4,37,146.0,13,2,5.5,11,124,50,4.5,11.3,0.77
Keayen Nead,164486,TE,WEBER ST,12,4.4,2,69.2,0.0,0,1,0,18.2,2,0.01,4,342,0,44.7,68.1,58.7,70.1,50.9,68.7,136,0,16,25.3,50,198,5,40.2,9,70.2,139,30.3,60,104.6,13,1,1.0,2,60,41,4.6,6.7,0.43
Jeremiah Pruitte,101338,TE,FL A&M,10,11.0,3,76.9,100.0,1,1,0,0.0,0,0.17,8,164,0,80.9,67.9,65.7,53.5,72.1,52.5,52,1,32,20.2,20,99,0,42.7,10,77.8,77,35.4,35,96.6,13,1,9.1,9,115,51,5.1,11.5,1.49
Billy Dozier,130549,HB,BUTLER,10,-2.9,3,84.6,,0,0,0,8.3,1,-0.23,3,127,0,64.6,82.4,74.9,82.2,74.3,0.0,0,0,11,27.5,14,51,0,43.1,11,72.5,37,3.9,2,83.0,13,0,23.5,12,51,82,7.5,4.6,1.38
KD Mosley,186328,TE,HOWARD,9,20.2,1,38.5,60.0,3,5,0,16.7,1,-0.17,4,184,0,49.8,65.7,53.2,61.6,60.0,89.7,87,0,33,8.2,8,97,1,31.9,5,85.6,83,4.1,4,94.7,13,1,1.0,1,109,30,6.0,21.8,1.31
Jaden McGill,184189,HB,TENN STATE,13,-0.9,2,100.0,100.0,1,1,0,0.0,0,0.24,6,308,0,82.7,76.2,80.4,58.2,76.5,0.0,0,0,12,17.3,22,127,0,52.9,13,81.1,103,9.4,12,99.0,13,0,3.9,5,101,113,8.7,7.8,0.98
Jackson Namian,164659,WR,DARTMOUTH,8,7.3,0,76.9,50.0,1,2,0,0.0,0,0.37,4,148,0,81.5,34.2,66.4,63.9,66.6,0.0,0,0,28,1.3,1,77,0,52.6,10,97.4,75,84.4,65,96.0,13,0,15.6,12,93,36,3.6,9.3,1.24
Trey Clark,189306,HB,STETSON,11,-1.6,7,92.3,,0,0,0,7.7,1,-0.1,3,302,0,67.5,68.8,77.1,78.9,60.5,0.0,0,0,23,34.7,69,199,1,41.6,12,63.3,126,6.0,12,92.3,13,0,0.5,1,80,97,8.1,6.7,0.63
Brandon Niemenski,147390,TE,LIUSHAR,12,10.2,0,53.8,0.0,0,1,0,0.0,0,0.15,4,1298,1,78.5,16.5,44.4,74.2,47.2,62.2,120,0,29,22.8,44,193,5,42.0,7,76.2,147,32.1,62,102.1,13,1,5.7,11,92,31,4.4,13.1,0.63
Dylan Magazu,176930,TE,ELON,12,1.8,3,76.9,0.0,0,1,0,9.1,1,-0.01,5,162,0,62.9,68.4,59.4,54.7,55.6,76.2,109,0,12,17.5,25,143,0,47.5,10,81.1,116,18.9,27,114.9,13,1,1.4,2,72,59,5.9,7.2,0.62
David Alpers III,164853,TE,S DAK ST,15,9.0,2,69.2,0.0,0,1,0,0.0,0,0.12,8,292,0,80.1,68.1,54.6,33.8,58.9,62.2,97,0,59,6.4,10,156,1,42.3,9,89.7,140,25.6,40,137.5,13,1,9.0,14,163,103,11.4,18.1,1.16
Quay Kindell,178615,WR,CHARLES SO,9,3.8,1,69.2,0.0,0,2,0,10.0,1,-0.2,6,135,0,61.0,72.2,56.1,,54.8,0.0,0,0,15,0.0,0,134,0,35.6,9,98.5,132,95.5,128,84.8,13,0,4.5,6,78,50,5.6,8.7,0.59
Trace Pedigo,149982,WR,VA MILT IN,12,7.3,0,41.7,,0,0,0,28.6,2,-0.4,2,336,0,29.1,65.7,50.4,,48.8,0.0,0,1,9,0.0,0,108,0,28.2,5,95.4,103,9.3,10,14.6,12,0,90.7,98,32,10,2.0,6.4,0.31
Xavier Leigh,162311,HB,SACR HEART,11,-0.1,4,91.7,,0,0,0,0.0,0,-0.31,1,280,0,81.5,58.9,66.7,42.8,61.4,0.0,0,0,17,8.5,9,106,0,30.8,11,89.6,95,5.7,6,79.2,12,0,2.8,3,30,53,4.8,2.7,0.32
Chance Knox,139111,WR,STNY BROOK,3,2.1,0,75.0,0.0,0,1,0,0.0,0,-0.3,1,303,0,80.1,75.8,58.2,,58.1,0.0,0,0,5,0.0,0,41,1,29.3,9,100.0,41,95.1,39,77.1,12,0,4.9,2,18,27,3.0,2.0,0.44
Makhi Green,164564,HB,MONMOUTH,11,-1.3,1,83.3,,0,0,0,9.1,1,0.42,5,231,0,62.9,74.2,69.8,81.3,72.7,1.0,1,0,26,14.9,15,101,0,56.1,10,83.2,84,9.9,10,100.3,12,0,8.9,9,97,114,11.4,9.7,1.15
Chaney Fitzgerald,160330,WR,CAMPBELL,4,11.0,1,75.0,100.0,1,1,0,0.0,0,0.12,6,131,0,80.9,67.9,74.5,,74.2,0.0,0,0,29,0.0,0,47,0,46.3,9,87.2,41,100.0,47,109.7,12,0,0.0,0,130,33,3.7,14.4,3.17
Hunter Provience,176776,TE,MONTANA ST,11,10.3,0,66.7,0.0,0,1,0,20.0,2,0.32,5,233,0,44.3,68.6,80.1,70.3,78.8,68.2,30,0,25,13.6,6,44,0,50.0,8,81.8,36,29.5,13,126.4,12,1,2.3,1,118,52,6.5,14.8,3.28
Manny Smith,164229,WR,CENT ARK,10,11.3,2,50.0,50.0,1,2,0,33.3,3,-0.34,3,132,0,22.7,73.3,58.4,,54.9,0.0,0,1,54,0.0,0,67,0,34.4,6,91.0,61,91.0,61,38.9,12,0,9.0,6,86,55,9.2,14.3,1.41
Reece Perkins,174576,TE,TENN TECH,12,4.6,2,66.7,,0,0,0,0.0,0,0.04,3,309,0,79.3,67.1,53.6,64.2,55.3,77.4,82,0,24,19.8,21,106,1,42.7,8,79.2,84,13.2,14,76.7,12,0,0.9,1,55,24,3.0,6.9,0.65
Gabe Sloat,103980,HB,RHODE ISLD,14,1.9,0,83.3,,0,0,0,0.0,0,0.03,4,274,1,80.9,44.9,59.8,54.0,56.9,0.0,0,0,26,19.1,25,131,0,47.6,10,77.1,101,5.3,7,103.5,12,0,9.2,12,106,87,8.7,10.6,1.05
Tre Bradford,124088,HB,GRAMBLING,12,-2.0,1,91.7,,0,0,0,0.0,0,0.15,2,177,0,81.5,74.3,72.1,70.6,65.9,0.0,0,0,22,22.2,28,126,1,44.2,11,74.6,94,0.8,1,83.0,12,0,5.6,7,47,70,6.4,4.3,0.5
Kahlil Overton,105023,TE,LIUSHAR,12,4.8,2,75.0,0.0,0,1,0,10.0,1,-0.16,5,1298,0,61.0,67.5,49.6,41.9,53.6,52.3,81,0,31,11.0,17,155,3,39.6,9,82.6,128,45.2,70,97.2,12,0,1.9,3,94,63,7.0,10.4,0.73
Tyler Nix,174573,TE,TENN TECH,12,4.9,1,75.0,33.3,1,3,0,0.0,0,-0.44,4,309,0,80.1,67.5,59.9,41.2,61.4,54.3,51,1,14,6.4,6,94,0,34.5,9,86.2,81,43.6,41,52.4,12,0,2.1,2,65,36,4.0,7.2,0.8
Jake Vickers,143272,TE,VALPO,11,14.3,0,41.7,0.0,0,3,1,0.0,0,-0.36,4,332,0,79.3,67.1,53.9,78.1,50.0,79.8,190,0,16,22.3,53,238,2,30.4,5,74.8,178,11.8,28,56.3,12,0,4.6,11,56,19,3.8,11.2,0.31
Derrick White,167029,WR,ARKAPB,5,12.4,1,50.0,0.0,0,2,0,0.0,0,-0.37,1,112,1,77.5,20.8,55.9,,54.7,0.0,0,0,19,0.0,0,58,1,40.4,6,98.3,57,31.0,18,57.3,12,0,69.0,40,39,23,3.8,6.5,0.68
Markiel Cockrell,192736,HB,BRYANT,8,2.5,2,75.0,0.0,0,1,0,18.2,2,-0.23,3,124,0,44.3,58.0,65.7,62.5,53.7,0.0,0,0,35,7.7,6,78,0,36.0,9,88.5,69,9.0,7,95.1,12,0,1.3,1,88,82,9.1,9.8,1.28
Destin Moore,177924,WR,VA MILT IN,9,7.6,0,66.7,0.0,0,2,0,0.0,0,-0.54,2,336,0,79.3,77.3,58.5,,58.0,0.0,0,0,40,0.0,0,74,0,28.2,8,95.9,71,90.5,67,111.5,12,1,9.5,7,75,49,6.1,9.4,1.06
Mitchell Dixon,142159,TE,UC DAVIS,10,6.2,2,83.3,,0,0,0,0.0,0,0.07,7,322,0,81.5,68.2,63.1,70.4,67.6,67.8,78,0,28,26.1,30,115,1,45.8,10,69.6,80,23.5,27,96.9,12,0,8.7,10,87,64,6.4,8.7,1.09
Damon Bankston,147854,HB,WEBER ST,11,3.3,3,83.3,,0,0,0,0.0,0,0.14,5,342,0,80.9,82.8,82.6,67.5,85.6,0.0,0,0,48,16.7,31,186,2,45.6,10,81.7,152,8.1,15,142.4,12,1,0.0,0,138,110,11.0,13.8,0.91
JJ Cowan,197712,HB,CAMPBELL,9,0.3,3,91.7,,0,0,0,8.3,1,0.13,4,131,0,64.6,84.4,71.8,23.9,59.3,0.0,0,0,19,7.1,10,141,0,43.0,11,90.1,127,0.7,1,121.2,12,1,0.0,0,77,70,6.4,7.0,0.61
Dawson Hearne,160040,TE,TARLETON,14,6.2,0,83.3,,0,0,0,0.0,0,0.15,5,401,0,80.9,67.9,52.4,69.7,51.9,66.9,208,0,18,58.5,182,311,2,48.8,10,39.5,123,8.0,25,119.8,12,1,1.3,4,73,26,2.6,7.3,0.59
Darnell Deas,151023,HB,BETH COOK,9,5.3,7,91.7,0.0,0,1,0,0.0,0,0.26,5,119,0,81.5,50.0,78.0,31.1,91.7,0.0,0,0,70,10.6,5,47,0,46.7,11,85.1,40,6.4,3,158.3,12,2,12.8,6,203,177,16.1,18.5,5.08
Derrick Anderson Jr.,159716,WR,BUCKNELL,7,16.8,0,50.0,25.0,1,4,0,0.0,0,0.13,3,125,0,77.5,66.2,63.4,,64.3,0.0,0,0,74,0.0,0,74,1,44.1,6,91.9,68,25.7,19,120.1,12,1,74.3,55,140,64,10.7,23.3,2.06
Malik Antwine,143502,WR,MS VLY ST,4,13.7,0,16.7,0.0,0,3,0,33.3,1,-0.61,1,228,0,31.6,62.9,47.9,,46.3,13.3,11,1,15,0.0,0,83,0,26.3,2,96.4,80,66.3,55,4.9,12,0,20.5,17,19,18,9.0,9.5,0.24
Malcolm Jefferies,161352,TE,DELWARE ST,12,5.2,1,50.0,50.0,1,2,2,33.3,3,-0.29,2,152,0,22.9,67.0,36.3,62.8,39.3,67.1,102,0,8,19.1,29,152,7,32.9,6,76.3,116,30.3,46,84.0,12,1,1.3,2,22,4,0.7,3.7,0.19
Brandan Serrano,138358,TE,YNGTOWN ST,12,0.8,1,66.7,,0,0,0,11.1,1,0.13,2,353,0,58.9,67.1,50.6,60.5,50.6,86.0,74,0,15,20.9,18,86,2,41.7,8,77.9,67,4.7,4,99.7,12,1,1.2,1,41,47,5.9,5.1,0.61
Griffin Woodell,164528,HB,ALBANY,7,0.3,1,75.0,,0,0,0,10.0,1,-0.04,2,106,0,62.9,84.1,68.2,75.5,63.4,0.0,0,0,15,27.7,36,130,0,40.9,9,70.8,92,4.6,6,81.6,12,0,0.0,0,49,66,7.3,5.4,0.53
Aslin Shipe,192255,HB,VA MILT IN,11,-4.8,0,83.3,,0,0,0,0.0,0,-0.06,1,336,0,80.9,45.6,54.3,74.9,61.0,0.0,0,0,14,10.8,4,37,0,34.3,10,83.8,31,45.9,17,79.2,12,0,0.0,0,33,85,8.5,3.3,1.06
Jordan DeLucia,148658,HB,BROWN,7,-1.5,1,91.7,,0,0,0,0.0,0,-0.49,1,123,0,81.5,82.2,64.9,22.5,71.0,0.0,0,0,9,24.1,20,83,0,35.1,11,71.1,59,2.4,2,79.2,12,0,1.2,1,33,50,4.5,3.0,0.56
Derick Harden,186080,TE,ALABAMA ST,12,8.0,2,58.3,0.0,0,1,0,0.0,0,-0.06,6,105,0,78.5,66.7,42.0,62.8,68.2,71.7,71,1,30,19.2,19,99,2,39.6,7,77.8,77,12.1,12,81.6,12,1,0.0,0,109,68,9.7,15.6,1.42
Cam Smith,159993,WR,WOFFORD,6,14.8,0,25.0,40.0,2,5,0,50.0,3,-0.36,3,350,0,12.8,64.1,53.8,,51.9,0.0,0,0,14,0.0,0,49,0,34.7,3,100.0,49,6.1,3,39.6,12,0,93.9,46,35,20,6.7,11.7,0.71
Caleb Tillman,160572,WR,MOREHEAD,11,11.0,1,41.7,0.0,0,1,1,16.7,1,-0.44,2,234,0,49.8,65.7,52.4,,52.8,0.0,0,0,25,0.0,0,75,1,24.3,5,93.3,70,1.3,1,54.5,12,0,98.7,74,51,22,4.4,10.2,0.73
Cortez Lane,188922,WR,NC A&T,9,6.3,1,41.7,33.3,2,6,0,16.7,1,-0.49,3,246,0,49.8,71.7,53.1,,52.9,0.0,0,0,16,0.0,0,114,0,26.9,5,91.2,104,96.5,110,81.3,12,1,2.6,3,48,20,4.0,9.6,0.46
Landon Sauers,147911,TE,CHARLES SO,12,7.1,1,75.0,100.0,3,3,0,0.0,0,-0.03,4,135,1,80.1,22.1,59.7,46.7,62.3,82.4,56,1,31,14.7,10,68,0,47.6,9,79.4,54,14.7,10,83.3,12,1,1.5,1,74,28,3.1,8.2,1.37
John Anthony Jr.,161487,WR,LNDNWD,8,9.0,0,91.7,,0,0,0,0.0,0,-0.14,4,949,0,81.5,68.2,59.3,,60.6,0.0,0,0,18,0.0,0,87,2,42.7,11,94.3,82,57.5,50,127.1,12,1,42.5,37,94,25,2.3,8.5,1.15
Shen Butler Lawson Jr,134539,HB,INDIANA ST,12,1.3,3,83.3,,0,0,0,0.0,0,-0.14,4,191,0,80.9,76.9,63.7,57.6,66.2,0.0,0,0,19,17.4,28,161,0,42.8,10,77.6,125,6.8,11,98.3,12,0,2.5,4,91,74,7.4,9.1,0.73
Damian Harris,142993,WR,WM & MARY,4,12.2,0,66.7,100.0,1,1,0,0.0,0,0.03,4,348,0,79.3,72.2,66.9,,66.6,0.0,0,0,30,0.0,0,76,0,45.2,8,96.1,73,3.9,3,92.7,12,0,96.1,73,101,19,2.4,12.6,1.38
Donny Marcus,130340,HB,CENT CT ST,10,1.2,1,58.3,0.0,0,1,0,36.4,4,-0.29,5,133,0,18.7,85.7,58.9,75.7,40.1,0.9,1,0,30,21.1,23,109,0,36.9,7,76.1,83,9.2,10,120.5,12,2,7.3,8,87,71,10.1,12.4,1.05
Rylan Schlepp,164401,TE,MONTANA ST,14,11.6,1,66.7,33.3,1,3,0,0.0,0,0.26,6,233,0,79.3,67.8,79.3,72.1,82.0,87.2,68,0,37,10.3,8,78,1,51.4,8,84.6,66,11.5,9,142.0,12,2,1.3,1,129,59,7.4,16.1,1.95
Roshawn Lacy,191570,WR,TENN STATE,13,14.2,1,50.0,0.0,0,1,0,14.3,1,-0.06,2,308,0,53.4,66.2,52.0,,52.1,0.0,0,1,15,0.0,0,110,1,41.2,6,92.7,102,21.8,24,25.3,12,0,78.2,86,47,24,4.0,7.8,0.46
Johntu Reed,159276,HB,CORNELL,5,-0.3,2,75.0,0.0,0,1,0,0.0,0,0.12,2,147,0,80.1,76.4,67.6,48.3,75.2,1.9,1,0,8,18.5,10,54,1,37.7,9,81.5,44,1.9,1,104.9,12,1,3.7,2,33,48,5.3,3.7,0.75
Damani Wilks,141324,WR,UTAHTC,3,16.5,2,33.3,,0,0,0,20.0,1,-0.46,2,1285,0,45.9,65.0,57.5,,56.1,0.0,0,1,21,0.0,0,71,0,27.5,4,97.2,69,15.5,11,11.5,12,0,84.5,60,47,26,6.5,11.8,0.68
Cortezz Jones,138045,HB,LNDNWD,12,0.2,2,83.3,0.0,0,1,0,0.0,0,0.12,2,949,0,80.9,62.7,72.8,73.5,61.9,0.0,0,0,23,27.2,31,114,0,47.2,10,67.5,77,7.0,8,91.0,12,0,1.8,2,70,67,6.7,7.0,0.91
Richard Dandridge,173264,WR,YNGTOWN ST,12,11.2,0,75.0,100.0,2,2,0,10.0,1,0.24,4,353,0,61.0,68.1,54.2,61.0,56.4,0.0,0,0,17,0.8,1,124,2,53.3,9,97.6,121,9.7,12,91.3,12,0,90.3,112,77,7,0.8,8.6,0.64
Quante Jennings,162253,HB,PRESBYTERN,12,0.0,0,91.7,,0,0,0,0.0,0,0.47,3,271,0,82.7,86.6,84.5,44.3,73.8,0.0,0,0,14,15.3,19,124,0,53.0,11,80.6,100,4.8,6,89.6,12,0,1.6,2,66,68,6.2,6.0,0.66
Ray Mckneely-Harris,169949,HB,NWSTATE,12,3.0,4,58.3,,0,0,0,22.2,2,-0.26,5,257,0,37.6,78.7,57.4,37.8,60.1,0.0,0,1,54,22.1,17,77,0,26.4,7,74.0,57,7.8,6,53.1,12,0,0.0,0,107,71,10.1,15.3,1.88
Tim Nesslage,143205,TE,DRAKE,12,6.8,0,66.7,50.0,1,2,0,11.1,1,0.06,4,153,0,61.0,67.5,55.7,51.5,57.4,54.9,45,1,9,13.4,11,82,1,53.9,8,80.5,66,37.8,31,64.9,12,1,6.1,5,41,25,3.1,5.1,0.62
Kaleb Heatherly,164290,TE,N ALABAMA,12,3.5,0,41.7,0.0,0,2,0,16.7,1,0.03,1,389,0,53.4,66.2,52.8,64.2,39.1,77.8,189,0,8,27.6,67,243,1,42.6,5,66.3,161,7.8,19,77.1,12,1,0.4,1,9,17,3.4,1.8,0.06
Keynan Richardson-Cook,162154,WR,GEORGETOWN,11,9.6,1,72.7,33.3,1,3,0,0.0,0,-0.3,5,172,0,79.3,67.1,59.2,,57.9,0.0,0,0,36,0.0,0,113,0,36.2,8,92.9,105,11.5,13,104.7,11,0,88.5,100,111,38,4.8,13.9,1.06
Greyton Gannon,164862,TE,S DAK ST,7,13.3,0,81.8,,0,0,0,0.0,0,0.15,5,292,0,80.1,67.5,57.9,75.2,61.3,50.0,52,1,41,2.9,3,104,2,45.5,9,92.3,96,37.5,39,101.9,11,1,12.5,13,113,17,1.9,12.6,1.18
Noah Bennee,158474,TE,WEBER ST,11,5.3,0,54.5,,0,0,0,0.0,0,0.03,3,342,0,77.5,66.2,55.6,65.2,48.1,51.1,89,0,17,21.3,37,174,0,42.9,6,76.4,133,48.9,85,94.5,11,1,0.0,0,44,30,5.0,7.3,0.33
Tyler Macon,146873,WR,ALCORN ST,8,10.1,2,63.6,50.0,1,2,0,0.0,0,-0.3,6,107,1,78.5,76.0,67.3,,67.8,0.0,0,0,31,0.0,0,77,0,35.1,7,66.2,51,16.9,13,88.8,11,0,55.8,43,89,60,8.6,12.7,1.75
Ivory Aikens,185918,WR,WOFFORD,7,9.5,1,27.3,0.0,0,1,0,25.0,1,-0.59,0,350,0,39.5,70.3,51.5,,46.9,0.0,0,1,16,0.0,0,72,0,28.6,3,97.2,70,93.1,67,1.7,11,0,6.9,5,14,23,7.7,4.7,0.2
La'Vell Wright,146736,HB,AUSTINPEAY,10,-0.5,1,45.5,,0,0,0,44.4,4,-0.3,1,116,0,13.1,88.6,71.7,74.0,31.4,0.0,0,0,14,26.7,35,131,0,36.2,5,72.5,95,3.1,4,52.5,11,0,6.1,8,32,50,10.0,6.4,0.34
Colt Sechrest,164919,TE,YNGTOWN ST,10,4.0,1,63.6,0.0,0,1,0,0.0,0,0.03,2,353,0,78.5,66.7,44.6,66.4,44.9,44.1,83,1,23,8.0,15,188,3,42.9,7,89.9,169,45.2,85,38.4,11,0,10.1,19,56,47,6.7,8.0,0.33
Connor Wisham,169024,HB,PRVIEW A&M,9,-0.2,1,54.5,,0,0,0,14.3,1,-0.39,2,270,0,53.4,85.6,69.9,54.0,52.1,0.0,0,0,26,40.4,57,141,0,27.7,6,56.7,80,6.4,9,62.3,11,0,2.8,4,39,50,8.3,6.5,0.49
Dennis Palmer,193345,HB,BETH COOK,8,0.4,2,72.7,0.0,0,1,0,0.0,0,0.01,2,119,0,79.3,90.4,75.0,74.3,58.1,0.0,0,0,30,34.2,65,190,1,42.8,8,64.7,123,1.6,3,86.2,11,0,0.0,0,62,63,7.9,7.8,0.5
Tajon Evans,159086,WR,WEBER ST,7,12.5,0,54.5,0.0,0,4,0,0.0,0,-0.31,3,342,0,77.5,66.2,61.8,,61.4,0.0,0,0,26,0.0,0,48,0,34.8,6,95.8,46,10.4,5,68.4,11,0,89.6,43,55,15,2.5,9.2,1.2
Ethan Thulin,177651,WR,DAYTON,10,7.4,2,54.5,0.0,0,2,0,0.0,0,0.38,6,150,0,77.5,66.2,70.7,,69.9,0.0,0,1,18,0.0,0,43,0,54.8,6,97.7,42,76.7,33,64.2,11,1,23.3,10,64,28,4.7,10.7,1.52
Isaiah Fuhrmann,188538,WR,ELON,7,16.9,0,27.3,33.3,1,3,0,0.0,0,0.07,1,162,0,73.1,64.1,55.5,,55.5,0.0,0,0,17,0.0,0,77,0,38.4,3,94.8,73,13.0,10,69.9,11,1,87.0,67,28,1,0.3,9.3,0.38
Connor Hulstein,155382,TE,PRINCETON,10,8.5,0,54.5,,0,0,0,25.0,2,-0.11,3,272,0,34.2,66.2,47.4,70.6,48.1,19.0,26,0,16,1.5,2,137,0,38.5,6,93.4,128,62.0,85,97.5,11,1,19.0,26,52,20,3.3,8.7,0.41
Peter Knudson,164482,TE,WEBER ST,12,4.1,1,81.8,,0,0,0,10.0,1,-0.07,4,342,0,61.0,67.5,59.4,68.5,52.2,59.1,91,0,14,19.5,30,154,1,41.2,9,77.3,119,33.1,51,120.8,11,1,7.8,12,63,46,5.1,7.0,0.53
Jaxon Laminack,177670,WR,DRAKE,8,8.0,1,90.9,100.0,1,1,0,0.0,0,0.01,6,153,0,81.5,49.1,68.4,,70.0,0.0,0,0,56,0.0,0,86,0,50.6,10,96.5,83,66.3,57,145.1,11,1,33.7,29,127,53,5.3,12.7,1.53
Khalan Griffin,129847,HB,LAMAR,11,0.9,0,81.8,100.0,1,1,0,10.0,1,-0.04,2,204,0,61.4,78.0,82.0,62.7,54.2,0.0,0,0,13,30.1,63,209,1,38.7,9,66.0,138,2.4,5,121.6,11,1,0.0,0,65,55,6.1,7.2,0.47
A.J. Gates,145444,HB,ALABAMA ST,8,-0.9,1,63.6,,0,0,0,12.5,1,-0.41,1,105,0,56.4,39.5,72.6,36.8,53.4,1.5,1,0,65,8.8,6,68,0,29.4,7,91.2,62,8.8,6,77.1,11,0,1.5,1,58,77,11.0,8.3,0.94
Jase Hoath,171819,TE,TENN STATE,12,4.1,2,81.8,100.0,1,1,1,0.0,0,0.2,6,308,0,80.1,67.5,55.5,75.5,61.5,82.1,115,1,22,24.3,34,140,3,48.9,9,72.1,101,15.0,21,66.3,11,0,0.7,1,99,61,6.8,11.0,0.98
Austin York,164335,TE,E WASHGTON,12,5.2,1,81.8,,0,0,0,10.0,1,0.27,3,161,0,62.9,68.4,55.3,73.9,47.9,63.7,121,0,41,18.9,36,190,0,47.5,9,78.4,149,21.6,41,96.6,11,0,10.5,20,79,44,4.9,8.8,0.53
Andrew Civey,171795,TE,SE MO ST,12,6.3,0,81.8,,0,0,0,10.0,1,0.08,5,293,0,61.0,67.5,46.1,55.2,48.1,87.9,204,0,20,22.4,52,232,6,43.6,9,73.3,170,6.0,14,100.0,11,0,3.9,9,88,28,3.1,9.8,0.52
Kobe Stewart,145195,WR,BETH COOK,10,13.5,1,72.7,75.0,3,4,0,0.0,0,-0.21,6,119,0,79.3,67.1,71.6,,71.4,0.0,0,0,54,0.0,0,82,0,35.1,8,90.2,74,2.4,2,145.1,11,1,97.6,80,189,52,6.5,23.6,2.55
Joe Crifasi,153951,WR,CENT CT ST,11,11.8,1,54.5,0.0,0,1,0,0.0,0,-0.23,3,133,0,77.5,67.4,59.9,62.1,59.9,0.0,0,2,17,1.3,1,76,0,41.2,6,88.2,67,11.8,9,68.8,11,2,88.2,67,56,21,3.5,9.3,0.84
Kevin English,153942,TE,ARKAPB,11,9.2,0,36.4,0.0,0,1,0,20.0,1,-0.1,3,112,0,50.3,65.7,50.9,65.7,48.0,57.7,128,0,14,26.6,59,222,3,35.0,4,68.5,152,39.2,87,75.2,11,1,2.3,5,32,10,2.5,8.0,0.21
Cole Grossman,105310,TE,MONTANA,5,8.1,0,36.4,0.0,0,2,0,20.0,1,-0.25,2,232,0,45.4,65.0,47.1,66.8,48.3,41.1,37,1,10,2.2,2,90,0,33.3,4,94.4,85,56.7,51,7.0,11,0,0.0,0,24,15,3.8,6.0,0.28
Anthony Manaves,104877,TE,E ILLINOIS,7,8.8,0,36.4,,0,0,0,0.0,0,-0.12,2,158,0,74.9,65.0,41.3,51.1,40.4,75.6,152,0,32,10.0,20,201,0,42.0,4,86.1,173,21.4,43,51.3,11,0,3.0,6,50,15,3.8,12.5,0.29
Zach Palmer-Smith,159550,HB,RICHMOND,13,0.8,6,63.6,,0,0,0,0.0,0,0.22,4,276,0,78.5,89.0,82.7,77.1,57.0,0.4,1,0,15,23.4,59,252,0,47.8,7,74.6,188,1.6,4,101.3,11,1,0.0,0,42,41,5.9,6.0,0.22
Nathan Denney,151139,HB,YALE,9,2.7,0,90.9,100.0,1,1,0,0.0,0,0.39,5,352,0,80.9,84.0,64.0,82.4,70.2,0.0,0,0,24,20.0,15,75,0,52.1,10,76.0,57,5.3,4,134.5,11,1,0.0,0,99,70,7.0,9.9,1.74
Isaiah Smith,138255,HB,N DAKOTA,12,1.3,3,72.7,0.0,0,2,0,0.0,0,-0.02,4,249,0,58.9,73.9,72.7,74.0,58.0,0.0,0,0,74,38.5,65,169,0,40.5,8,54.4,92,5.9,10,154.4,11,2,1.8,3,159,147,18.4,19.9,1.73
Ryan Mann,165390,HB,VALPO,9,4.4,0,90.9,100.0,1,1,0,0.0,0,-0.44,4,332,0,80.9,47.9,66.9,83.5,68.7,1.8,2,0,25,14.4,16,111,1,30.8,10,80.2,89,11.7,13,99.6,11,0,7.2,8,87,47,4.7,8.7,0.98
Brian Trobel,179546,HB,MERCYHURST,11,2.3,5,90.9,0.0,0,1,0,0.0,0,-0.08,6,977,0,80.9,71.0,73.7,75.6,65.2,0.0,0,0,35,12.9,17,132,1,41.4,10,84.1,111,7.6,10,158.3,11,2,1.5,2,142,121,12.1,14.2,1.28
Tylon Williams,173925,WR,GRAMBLING,12,11.5,2,45.5,0.0,0,1,0,0.0,0,-0.22,3,177,0,76.3,70.6,58.4,,59.0,0.0,0,0,47,0.0,0,117,0,32.7,5,96.6,113,94.0,110,75.2,11,0,6.0,7,93,84,16.8,18.6,0.82
Luke Bracey,159898,TE,NC CENT,11,10.1,1,72.7,0.0,0,1,0,11.1,1,0.04,4,247,0,41.2,68.8,53.1,57.7,48.1,80.3,114,0,33,23.2,33,142,2,42.4,8,71.8,102,17.6,25,125.6,11,1,1.4,2,86,17,2.1,10.8,0.84
Tamatoa Falatea,109627,WR,PRINCETON,4,11.1,0,36.4,0.0,0,2,0,20.0,1,-0.44,1,272,0,45.4,65.0,50.5,,50.3,0.0,0,1,23,0.0,0,75,1,32.4,4,94.7,71,13.3,10,9.7,11,0,86.7,65,40,2,0.5,10.0,0.56
Andre Banks,112003,WR,CITADEL,10,15.3,0,45.5,50.0,1,2,1,16.7,1,-0.2,3,139,0,49.8,65.7,60.4,,59.7,11.1,6,0,22,0.0,0,54,1,35.3,5,94.4,51,50.0,27,65.3,11,0,38.9,21,67,12,2.4,13.4,1.31
KJ Fields,170615,WR,N ALABAMA,12,11.6,1,72.7,100.0,1,1,0,0.0,0,-0.22,4,389,0,79.3,70.5,64.7,,69.3,0.0,0,0,37,0.0,0,57,2,34.0,8,93.0,53,70.2,40,108.5,11,0,29.8,17,121,46,5.8,15.1,2.28
Caden Meis,106703,HB,N COLORADO,11,2.9,2,63.6,0.0,0,1,0,22.2,2,-0.17,3,253,0,37.6,86.8,66.3,77.4,46.6,0.0,0,0,16,13.9,16,115,0,33.9,7,82.6,95,2.6,3,73.7,11,0,3.5,4,49,53,7.6,7.0,0.52
Kyle Parsons,159997,HB,WOFFORD,12,1.2,1,63.6,0.0,0,1,0,22.2,2,-0.29,4,350,0,38.0,58.6,63.9,57.1,63.0,0.0,0,1,29,25.3,20,79,0,36.4,7,72.2,57,1.3,1,48.3,11,0,1.3,1,82,70,10.0,11.7,1.44
Brayden Blackmon,150006,TE,W CAROLINA,12,4.3,1,72.7,0.0,0,2,0,0.0,0,0.28,5,344,0,79.3,67.1,61.2,52.9,56.0,70.7,106,0,16,16.0,24,150,0,50.3,8,80.7,121,19.3,29,94.1,11,0,8.0,12,83,53,6.6,10.4,0.69
Bryant Johnson,121641,WR,E KENTUCKY,9,12.9,0,81.8,100.0,2,2,0,0.0,0,-0.28,8,159,0,80.1,67.5,62.3,,63.7,0.0,0,0,24,0.0,0,109,2,36.4,9,90.8,99,11.0,12,140.9,11,1,89.0,97,116,25,2.8,12.9,1.17
Jakobe Thomas,143339,HB,MS VLY ST,12,2.3,2,54.5,,0,0,0,0.0,0,-0.11,2,228,0,77.5,85.1,71.5,89.8,62.3,0.0,0,0,20,43.1,47,109,0,37.5,6,56.9,62,6.4,7,99.8,11,1,2.8,3,58,54,9.0,9.7,0.94
Kennieth Lacy,160140,HB,NWSTATE,9,-2.8,2,63.6,,0,0,2,12.5,1,-0.36,0,257,0,56.4,64.6,61.2,62.3,53.1,0.0,0,0,10,30.8,33,107,2,28.2,7,66.4,71,0.0,0,67.6,11,0,0.0,0,20,54,7.7,2.9,0.28
Kaden Williams,173775,HB,AUSTINPEAY,11,-2.2,3,81.8,,0,0,0,0.0,0,0.31,1,116,0,80.1,82.3,61.6,58.0,61.2,0.0,0,0,19,7.0,6,86,0,45.8,9,89.5,77,16.3,14,86.7,11,0,3.5,3,53,87,9.7,5.9,0.69
James Yoest,178454,WR,STETSON,7,7.1,1,54.5,100.0,1,1,0,0.0,0,-0.4,3,302,0,77.5,71.0,51.3,,53.0,0.0,0,2,14,0.0,0,111,0,37.4,6,94.6,105,100.0,111,25.8,11,0,0.0,0,47,16,2.7,7.8,0.45
Jamaal Levi,172756,WR,MCNEESE,10,13.3,1,54.5,,0,0,0,0.0,0,0.16,5,217,0,53.4,74.4,74.5,,70.9,0.0,0,0,43,0.0,0,38,1,45.5,6,84.2,32,68.4,26,125.2,11,1,26.3,10,125,84,14.0,20.8,3.91
Corey Turner,178593,WR,BETH COOK,10,18.5,0,27.3,,0,0,0,40.0,2,-0.51,1,119,0,21.7,67.4,49.2,,49.6,0.0,0,0,15,0.0,0,40,0,20.5,3,97.5,39,100.0,40,39.6,11,0,0.0,0,23,4,1.3,7.7,0.59
Shimique Blizzard,178296,HB,NC A&T,12,-1.3,4,81.8,,0,0,0,10.0,1,-0.18,4,246,0,61.0,74.6,65.2,53.5,53.0,0.8,1,0,26,12.9,17,132,0,33.3,9,80.3,106,4.5,6,93.9,11,0,6.8,9,72,82,9.1,8.0,0.68
Jett Carpenter,141520,TE,E WASHGTON,10,6.0,2,72.7,100.0,2,2,0,0.0,0,0.15,5,161,0,79.3,67.8,56.8,70.9,44.1,56.7,119,0,16,13.8,29,210,2,50.7,8,82.9,174,28.1,59,115.7,11,1,14.8,31,60,24,3.0,7.5,0.34
Quinton Gregory,143070,WR,HOLY CROSS,11,10.4,1,54.5,33.3,1,3,0,0.0,0,0.0,3,181,0,77.5,70.1,54.2,,51.4,0.0,0,1,16,0.0,0,89,1,47.1,6,97.8,87,76.4,68,32.4,11,0,21.3,19,60,29,4.8,10.0,0.69
Cameron Jackson,178061,WR,SOUTHERN U,7,20.3,1,45.5,0.0,0,1,0,16.7,1,-0.19,1,297,1,49.8,13.7,50.3,,51.2,0.0,0,1,21,0.0,0,77,1,36.8,5,88.3,68,7.8,6,25.2,11,0,92.2,71,61,14,2.8,12.2,0.9
Jamarie Hostzclaw,186083,HB,ALABAMA ST,7,0.9,2,63.6,0.0,0,1,0,0.0,0,-0.02,3,105,0,78.5,85.2,84.4,44.6,72.0,0.0,0,0,19,10.8,8,74,0,38.4,7,87.8,65,5.4,4,82.4,11,0,0.0,0,72,87,12.4,10.3,1.11
Bryson Irby,138996,HB,E TENN ST,11,0.0,0,81.8,,0,0,0,0.0,0,-0.04,2,157,0,80.1,79.7,79.3,81.8,56.5,0.0,0,1,20,31.8,54,170,0,45.2,9,63.5,108,6.5,11,45.8,11,0,2.4,4,45,65,7.2,5.0,0.42
Lashaun Lester,160588,HB,S ILLINOIS,7,-3.0,0,90.9,,0,0,0,9.1,1,0.0,0,295,0,62.9,83.7,63.7,36.1,49.9,0.0,0,0,8,18.7,20,107,1,40.2,10,79.4,85,14.0,15,79.2,11,0,6.5,7,29,59,5.9,2.9,0.34
Samuel Albee,172672,TE,MERCER,14,6.2,1,81.8,,0,0,0,10.0,1,-0.04,3,219,0,61.0,67.5,49.2,61.5,48.7,93.3,166,0,22,32.6,58,178,5,40.9,9,64.0,114,5.1,9,131.1,11,1,0.6,1,90,42,4.7,10.0,0.79
J.D. Dixon,186197,WR,TENN TECH,9,6.9,2,72.7,50.0,1,2,0,11.1,1,-0.24,4,309,1,58.9,19.0,63.4,,65.8,0.0,0,0,31,0.0,0,39,1,37.8,8,94.9,37,41.0,16,105.9,11,0,59.0,23,114,69,8.6,14.3,3.08
Kellyn West,149466,TE,DAVIDSON,11,6.6,0,63.6,100.0,1,1,0,22.2,2,0.19,3,149,0,37.6,75.4,55.6,41.0,47.5,33.0,37,0,42,4.5,5,112,1,44.8,7,89.3,100,47.3,53,93.0,11,0,19.6,22,100,55,7.9,14.3,1.0
Blaine Zoller,191738,TE,CORNELL,4,8.5,1,54.5,0.0,0,2,0,25.0,2,-0.46,2,147,0,33.4,66.2,46.9,64.4,52.0,71.2,52,0,25,19.2,14,73,0,30.0,6,78.1,57,24.7,18,67.6,11,0,4.1,3,53,21,3.5,8.8,0.93
Chance Newman,78465,TE,NWSTATE,8,11.2,0,36.4,0.0,0,2,1,33.3,2,-0.17,2,257,0,25.7,27.8,34.3,54.4,40.8,97.1,99,0,32,15.7,16,102,4,26.0,4,80.4,82,1.0,1,56.3,11,0,1.0,1,63,6,1.5,15.8,0.77
Keylijah Williams,174917,WR,BRYANT,8,10.1,1,36.4,0.0,0,1,0,0.0,0,-0.08,1,124,0,74.9,75.2,47.9,,49.3,0.0,0,0,11,0.0,0,93,1,40.2,4,98.9,92,3.2,3,44.9,11,0,96.8,90,19,26,6.5,4.8,0.21
Evan Jernegan,149749,TE,VALPO,10,6.8,1,90.0,66.7,2,3,0,0.0,0,-0.35,4,332,0,80.9,67.9,48.8,74.7,56.8,72.5,100,0,17,8.0,11,138,1,34.4,9,87.0,120,15.2,21,98.8,10,0,8.7,12,77,23,2.6,8.6,0.64
Faysal Aden,131843,HB,ALBANY,10,0.0,2,90.0,,0,0,0,0.0,0,0.03,5,106,0,80.1,83.7,65.7,56.9,62.5,0.0,0,0,11,32.3,65,201,0,40.6,9,64.2,129,3.0,6,125.4,10,1,1.0,2,61,58,6.4,6.8,0.47
Jimmy Athans,171488,HB,S ILLINOIS,9,-1.7,0,70.0,100.0,1,1,0,12.5,1,-0.16,0,295,0,56.8,78.9,67.6,81.3,51.0,0.0,0,0,9,13.4,9,67,0,37.3,7,76.1,51,6.0,4,72.9,10,0,3.0,2,-1,14,2.0,-0.1,-0.02
Hunter Barnhart,138107,TE,TENN TECH,12,6.2,0,60.0,,0,0,0,14.3,1,-0.02,3,309,0,53.4,68.3,49.5,69.2,46.2,81.6,142,0,22,27.6,48,174,0,44.4,6,71.3,124,14.9,26,112.5,10,1,1.1,2,65,35,5.8,10.8,0.52
Levi Linowes,177421,TE,BROWN,7,7.2,0,90.0,100.0,2,2,0,0.0,0,0.0,6,123,0,80.1,67.5,66.0,71.3,62.5,69.9,65,0,31,16.1,15,93,0,44.2,9,78.5,73,20.4,19,137.1,10,1,1.1,1,89,29,3.2,9.9,1.22
Derek Anderson,148197,TE,N IOWA,12,6.8,0,60.0,0.0,0,3,0,0.0,0,-0.02,6,255,0,78.5,66.7,55.8,29.6,58.5,74.3,81,0,26,10.1,11,109,1,40.2,6,87.2,95,23.9,26,81.3,10,0,1.8,2,70,33,5.5,11.7,0.74
Antonio Wright,185885,HB,PRESBYTERN,10,-4.2,0,100.0,,0,0,0,0.0,0,-0.31,4,271,0,80.9,84.7,72.2,54.2,77.4,0.0,0,0,49,20.8,16,77,0,42.5,10,76.6,59,2.6,2,118.8,10,0,1.3,1,149,191,19.1,14.9,2.53
Rylan Crawford,159363,WR,ILL STATE,8,8.7,1,40.0,0.0,0,3,0,20.0,1,-0.17,3,188,0,45.4,66.0,60.6,,58.6,0.0,0,0,12,0.0,0,41,0,42.1,4,92.7,38,0.0,0,52.9,10,0,100.0,41,42,12,3.0,10.5,1.11
Darryl Taylor,174406,WR,NC CENT,7,9.0,2,70.0,,0,0,0,12.5,1,-0.4,4,247,0,56.4,47.7,66.5,,67.5,0.0,0,1,39,0.0,0,42,1,34.2,7,90.5,38,11.9,5,58.3,10,0,88.1,37,90,31,4.4,12.9,2.37
Jaelon Travis,122622,WR,INCAR WORD,7,9.6,0,80.0,100.0,2,2,0,0.0,0,-0.5,4,189,0,79.3,67.1,68.6,,70.1,0.0,0,0,23,0.0,0,41,1,41.0,8,95.1,39,7.3,3,101.3,10,0,92.7,38,83,31,3.9,10.4,2.13
Bryce Strong,186029,HB,MCNEESE,8,0.9,6,70.0,,0,0,0,22.2,2,-0.09,2,217,0,37.6,58.6,75.4,20.1,48.0,0.0,0,0,27,20.0,14,70,0,42.2,7,75.7,53,8.6,6,83.3,10,0,1.4,1,55,52,7.4,7.9,1.04
Matthew McCallister,145243,WR,MCNEESE,10,6.3,1,50.0,0.0,0,1,0,37.5,3,-0.1,4,217,0,19.8,86.2,56.9,,57.6,1.5,1,0,80,0.0,0,65,0,44.3,5,93.8,61,96.9,63,123.8,10,1,1.5,1,112,85,17.0,22.4,1.84
LJ Robinson,142545,WR,MERRIMACK,11,6.9,2,60.0,,0,0,0,14.3,1,-0.09,3,385,0,56.4,70.5,53.2,61.0,55.1,1.2,1,0,15,1.2,1,86,2,36.1,6,95.3,82,20.9,18,70.8,10,0,77.9,67,45,30,5.0,7.5,0.55
Kenyon Sims,83679,HB,SAN DIEGO,9,2.5,2,70.0,,0,0,0,22.2,2,-0.1,5,283,0,38.0,81.0,66.1,57.4,52.0,0.0,0,0,28,6.5,4,62,0,40.7,7,88.7,55,19.4,12,131.7,10,1,8.1,5,91,67,9.6,13.0,1.65
Justin Cayenne,148960,TE,PENN,10,7.4,0,90.0,100.0,1,1,0,0.0,0,0.22,3,267,0,80.1,67.5,49.7,55.6,51.1,67.9,142,0,15,24.9,52,209,1,46.4,9,70.3,147,23.4,49,123.8,10,1,4.8,10,57,19,2.1,6.3,0.39
Hope Adebayo,149767,HB,STTHOM,11,-2.4,7,80.0,0.0,0,2,0,0.0,0,-0.22,1,1129,0,79.3,90.7,85.7,80.1,58.1,0.0,0,0,14,45.1,78,173,2,33.7,8,53.2,92,3.5,6,79.2,10,0,4.6,8,28,56,7.0,3.5,0.3
Jawaun Northington,165194,HB,MURRAY ST,11,0.4,5,90.0,,0,0,0,0.0,0,-0.23,2,236,0,80.9,88.1,79.1,65.2,66.4,0.0,0,0,13,26.3,30,114,0,39.0,9,65.8,75,6.1,7,88.8,10,0,4.4,5,53,45,5.0,5.9,0.71
Targhee Lambson,179003,HB,SO UTAH,12,3.5,1,50.0,,0,0,0,16.7,1,0.15,1,298,0,49.8,92.6,93.0,75.5,47.1,0.0,0,1,13,42.6,100,235,0,45.5,5,54.9,129,2.1,5,21.7,10,0,3.0,7,42,38,7.6,8.4,0.33
Da'Veon Ford,169019,HB,TEXAS STHN,9,-1.2,1,90.0,,0,0,0,10.0,1,-0.05,3,313,1,61.4,54.0,57.9,52.0,44.2,0.0,0,0,37,29.0,31,107,1,43.6,9,67.3,72,0.0,0,92.1,10,0,0.0,0,61,80,8.9,6.8,0.85
Mehki Wall,156261,WR,NC CENT,10,14.0,1,70.0,0.0,0,1,1,12.5,1,0.08,5,247,0,61.0,70.2,63.9,,63.9,0.0,0,0,46,0.0,0,78,1,40.0,7,89.7,70,100.0,78,152.1,10,2,0.0,0,125,51,7.3,17.9,1.79
DeAirious Smith,138026,WR,E ILLINOIS,2,16.3,0,50.0,0.0,0,1,0,16.7,1,-0.25,2,158,1,49.8,13.7,60.1,,59.6,0.0,0,0,47,0.0,0,36,0,33.3,5,91.7,33,0.0,0,85.4,10,0,100.0,36,100,19,3.8,20.0,3.03
Torin Baker,161659,HB,TENN TECH,12,4.1,0,90.0,,0,0,0,0.0,0,-0.28,4,309,0,80.1,81.9,67.2,74.3,67.0,0.0,0,0,33,16.7,14,84,0,29.6,9,81.0,68,2.4,2,105.8,10,0,9.5,8,94,59,6.6,10.4,1.38
Torrance Farmer,163458,HB,W ILLINOIS,7,0.6,2,80.0,,0,0,0,0.0,0,0.39,6,345,0,79.3,80.8,67.6,57.3,74.9,3.6,3,1,27,28.6,24,84,0,50.0,8,67.9,57,7.1,6,94.6,10,1,0.0,0,82,97,12.1,10.3,1.44
Aidan Henry,165074,WR,STHLSK,8,14.9,0,60.0,50.0,1,2,0,0.0,0,-0.39,4,1470,0,77.5,66.2,65.8,,64.6,0.0,0,1,34,0.0,0,56,0,29.6,6,96.4,54,23.2,13,45.8,10,0,76.8,43,80,15,2.5,13.3,1.48
Bradley West,86734,WR,MOREHEAD,12,10.4,2,60.0,0.0,0,1,0,14.3,1,-0.29,4,234,0,53.4,66.6,56.0,,56.0,0.0,0,0,44,0.0,0,112,1,27.4,6,93.8,105,99.1,111,119.2,10,1,0.9,1,81,12,2.0,13.5,0.77
Sam Slade,163930,HB,HOLY CROSS,11,0.9,8,100.0,,0,0,0,0.0,0,0.32,8,181,0,80.9,85.7,72.4,78.6,64.7,0.6,1,0,19,25.8,46,178,0,49.7,10,71.3,127,10.1,18,115.8,10,0,5.6,10,118,109,10.9,11.8,0.93
Robert Tucker III,148792,HB,CORNELL,9,5.2,2,90.0,50.0,1,2,0,0.0,0,-0.05,4,147,0,80.9,80.6,76.7,13.3,76.0,0.0,0,1,30,25.3,23,91,0,38.4,9,68.1,62,2.2,2,90.0,10,1,4.4,4,71,38,4.2,7.9,1.15
Trevor Wilson,159921,TE,ROB MORRIS,9,4.6,0,70.0,100.0,1,1,0,0.0,0,-0.14,3,277,0,78.5,66.7,57.0,37.0,63.5,69.5,41,0,15,16.9,10,59,2,35.2,7,81.4,48,22.0,13,113.3,10,1,3.4,2,47,19,2.7,6.7,0.98
Stephen Martin,123753,WR,SAMFORD,8,8.2,0,70.0,100.0,1,1,0,0.0,0,-0.31,4,282,0,78.5,66.7,65.4,,66.5,0.0,0,0,13,0.0,0,49,0,44.4,7,91.8,45,8.2,4,85.4,10,0,91.8,45,60,18,2.6,8.6,1.33
Xavier Coleman,143822,HB,LAMAR,11,1.7,0,50.0,66.7,2,3,0,0.0,0,-0.1,1,204,0,76.3,39.9,58.7,83.5,65.0,0.0,0,1,11,10.0,5,50,0,33.3,5,82.0,41,36.0,18,16.7,10,0,6.0,3,26,23,4.6,5.2,0.63
Ethan Clark,173894,HB,PRINCETON,8,6.3,2,80.0,,0,0,0,0.0,0,-0.38,4,272,0,79.3,84.7,67.6,52.8,63.9,0.0,0,0,22,12.3,15,122,0,33.0,8,84.4,103,4.1,5,100.0,10,0,7.4,9,80,56,7.0,10.0,0.78
Carlos Anaya,185919,TE,WOFFORD,12,6.4,2,70.0,100.0,3,3,0,12.5,1,-0.37,7,350,0,56.4,66.7,50.4,48.5,57.3,80.9,106,1,17,21.4,28,131,2,33.1,7,75.6,99,16.8,22,55.0,10,0,0.8,1,82,41,5.9,11.7,0.83
Charles DePrima,148879,QB,HARVARD,10,7.0,2,80.0,100.0,1,1,0,0.0,0,0.37,4,179,2,80.9,50.6,85.6,,75.1,1.1,1,0,52,0.0,0,94,0,52.9,8,50.0,47,30.9,29,152.1,10,1,11.7,11,148,74,9.3,18.5,3.15
Anthony Williams Jr.,101651,WR,ALCORN ST,10,2.4,2,80.0,100.0,1,1,0,0.0,0,-0.31,2,107,0,79.3,80.6,65.1,59.6,57.0,0.0,0,0,17,11.9,13,109,1,30.2,8,85.3,93,11.9,13,79.2,10,0,53.2,58,20,31,3.9,2.5,0.22
Christian Pedersen,144171,TE,MOREHEAD,12,2.7,2,90.0,0.0,0,1,0,0.0,0,0.07,5,234,0,80.9,68.4,55.2,66.7,58.7,87.7,185,0,21,46.0,97,211,1,39.7,9,50.7,107,7.1,15,137.9,10,1,0.9,2,91,69,7.7,10.1,0.85
Nigel Johnson,179062,WR,SCAR STATE,10,13.7,1,60.0,0.0,0,1,0,0.0,0,0.2,3,290,0,78.5,66.7,66.3,,67.3,0.0,0,0,64,0.0,0,65,1,42.6,6,93.8,61,9.2,6,137.5,10,1,90.8,59,133,58,9.7,22.2,2.18
Tru Tanner,197515,WR,UTAHTC,4,16.7,0,50.0,,0,0,0,0.0,0,-0.48,3,1285,0,77.5,67.0,58.1,,58.9,0.0,0,1,23,0.0,0,88,0,25.3,5,94.3,83,22.7,20,58.8,10,1,77.3,68,51,9,1.8,10.2,0.61
Cody Hardy,159122,TE,ELON,10,4.2,1,60.0,0.0,0,1,0,25.0,2,0.04,3,162,0,33.4,67.7,54.0,68.2,43.5,73.0,149,0,15,24.0,49,204,2,39.4,6,68.6,140,24.5,50,100.4,10,1,1.0,2,36,33,5.5,6.0,0.26
Donovan Snyder,179991,HB,STETSON,8,-0.7,2,90.0,,0,0,0,0.0,0,-0.09,4,302,0,80.1,84.8,67.7,88.3,64.8,0.0,0,0,15,30.9,38,123,0,38.7,9,66.7,82,4.9,6,86.7,10,0,0.8,1,48,54,6.0,5.3,0.59
Jackson Williams,192004,WR,N DAK ST,12,10.4,2,80.0,,0,0,0,11.1,1,0.35,5,250,0,58.9,85.7,69.8,,67.2,0.0,0,0,38,0.0,0,70,0,53.7,8,95.7,67,80.0,56,152.1,10,1,20.0,14,128,44,5.5,16.0,1.91
Scottie Alexander,144441,WR,TENN MARTN,11,16.1,0,30.0,0.0,0,3,0,25.0,1,-0.05,3,310,0,39.5,66.0,59.3,,57.7,0.0,0,1,33,0.0,0,62,0,35.5,3,100.0,62,16.1,10,50.8,10,1,83.9,52,72,13,4.3,24.0,1.16
Nodin Tracy,172013,WR,FORDHAM,8,12.6,0,80.0,33.3,1,3,0,0.0,0,-0.3,5,168,0,80.1,68.1,72.1,,71.6,0.0,0,1,40,0.0,0,63,0,27.9,8,96.8,61,6.3,4,79.2,10,0,93.7,59,145,39,4.9,18.1,2.38
Devontae Houston,147375,HB,E TENN ST,10,-1.6,1,50.0,,0,0,0,28.6,2,-0.16,1,157,0,38.0,88.9,71.9,53.3,45.4,0.0,0,0,10,30.1,49,163,0,38.2,5,65.6,107,6.7,11,56.3,10,0,1.8,3,23,35,7.0,4.6,0.21
Onterrio Smith Jr.,170782,WR,SACRAMENTO,8,14.8,0,50.0,,0,0,0,0.0,0,0.11,2,279,0,76.3,65.7,61.7,,61.1,0.0,0,0,9,0.0,0,43,0,42.5,5,93.0,40,27.9,12,89.6,10,1,72.1,31,29,15,3.0,5.8,0.73
Joey Audia,149440,WR,BUTLER,12,-0.8,2,90.0,,0,0,0,10.0,1,0.33,2,127,0,61.0,44.8,58.8,,56.5,1.3,1,0,26,0.0,0,76,2,54.1,9,94.7,72,90.8,69,98.3,10,0,6.6,5,76,89,9.9,8.4,1.06
Jalen Smith,171774,WR,LNDNWD,12,7.0,0,90.0,100.0,1,1,0,10.0,1,-0.15,5,949,0,61.0,67.5,59.0,,57.9,0.0,0,0,22,0.0,0,93,0,37.5,9,94.6,88,50.5,47,109.6,10,0,49.5,46,103,30,3.3,11.4,1.17
Chance Harris,150720,HB,MOREHEAD,11,-1.1,0,50.0,,0,0,0,16.7,1,-0.15,2,234,0,49.8,85.0,66.9,71.7,53.6,0.0,0,0,19,40.0,42,105,1,33.3,5,59.0,62,0.0,0,56.3,10,0,0.0,0,28,42,8.4,5.6,0.45
Aidan Littles,174572,HB,TENN TECH,7,1.9,3,90.0,,0,0,0,0.0,0,-0.12,6,309,0,80.1,83.7,74.3,39.4,75.2,1.3,1,0,24,16.3,13,80,0,47.5,9,83.8,67,1.3,1,102.9,10,0,6.3,5,87,68,7.6,9.7,1.3
Casey McKinney,151296,WR,NEW HAMP,6,9.4,0,40.0,0.0,0,1,0,20.0,1,-0.17,0,240,0,49.8,70.7,49.6,,51.5,0.0,0,0,9,0.0,0,40,1,40.5,4,92.5,37,20.0,8,47.9,10,0,80.0,32,9,0,0.0,2.3,0.24
Cooper Wallace,105556,HB,CITADEL,12,0.9,2,90.0,100.0,1,1,1,0.0,0,-0.27,3,139,0,80.1,56.4,63.2,31.3,70.4,0.0,0,0,30,30.4,34,112,2,29.4,9,67.0,75,0.0,0,97.9,10,0,0.9,1,75,78,8.7,8.3,1.0
Aaron Blancas,175115,WR,IDAHO ST,7,6.6,2,66.7,0.0,0,2,0,0.0,0,0.12,4,186,0,77.5,57.6,62.3,,60.7,0.0,0,0,14,0.0,0,71,0,51.4,6,98.6,70,93.0,66,120.6,9,1,7.0,5,56,28,4.7,9.3,0.8
Ryan Osborne,171194,TE,HARVARD,8,10.3,0,88.9,,0,0,0,0.0,0,0.44,6,179,0,79.3,67.8,69.7,83.8,68.9,29.3,24,0,24,3.7,3,82,0,54.4,8,92.7,76,56.1,46,151.6,9,3,12.2,10,98,26,3.3,12.3,1.29
Sam Hedrick,148428,T,DAVIDSON,11,13.0,2,44.4,0.0,0,1,0,0.0,0,0.35,4,149,0,74.9,66.0,66.1,66.6,75.9,71.6,48,1,36,34.3,23,67,3,46.9,4,64.2,43,0.0,0,81.9,9,1,9.0,6,98,54,13.5,24.5,2.28
Jaren Mitchell,91818,WR,INCAR WORD,10,6.6,0,55.6,50.0,1,2,0,16.7,1,-0.14,3,189,0,49.8,65.7,51.8,,52.6,0.0,0,1,9,0.0,0,64,0,41.7,5,93.8,60,98.4,63,22.7,9,0,1.6,1,30,8,1.6,6.0,0.5
Truman Werremeyer,148158,TE,N DAK ST,16,2.2,1,100.0,,0,0,0,0.0,0,0.39,4,250,0,80.1,68.1,54.6,58.5,66.6,77.0,57,0,16,16.2,12,74,1,55.9,9,79.7,59,8.1,6,94.9,9,0,4.1,3,61,41,4.6,6.8,1.03
Aiden Carlson,149804,WR,STTHOM,6,8.2,0,33.3,0.0,0,1,0,0.0,0,-0.36,0,1129,0,73.1,64.1,59.7,70.3,57.0,12.0,6,0,9,4.0,2,50,0,26.0,3,96.0,48,18.0,9,42.4,9,0,70.0,35,20,8,2.7,6.7,0.42
Lance Rees,148082,TE,INDIANA ST,12,2.4,0,77.8,100.0,2,2,0,0.0,0,-0.09,3,191,1,78.5,24.3,49.3,64.8,49.8,66.7,62,0,11,20.4,19,93,2,48.3,7,74.2,69,12.9,12,119.9,9,1,5.4,5,35,22,3.1,5.0,0.51
Cinsere Clark,155641,WR,ST FRANCIS,4,11.9,0,66.7,,0,0,0,14.3,1,-0.18,2,299,0,53.4,66.2,53.1,,52.3,0.0,0,0,16,0.0,0,68,0,40.9,6,97.1,66,10.3,7,80.8,9,0,89.7,61,50,6,1.0,8.3,0.76
Alejandro Vazquez,188126,TE,MERCYHURST,11,2.9,2,77.8,,0,0,1,0.0,0,0.3,1,977,0,78.5,66.7,56.0,32.6,54.8,88.6,93,0,10,19.0,20,105,2,51.5,7,75.2,79,8.6,9,86.6,9,0,0.0,0,43,35,5.0,6.1,0.54
Donovan Payne,147732,TE,ALAB A&M,7,8.9,1,55.6,100.0,3,3,1,16.7,1,-0.22,4,104,0,49.8,65.7,56.8,62.1,62.4,48.3,28,1,20,12.1,7,58,1,46.3,5,81.0,47,31.0,18,65.0,9,3,5.2,3,36,17,3.4,7.2,0.77
Deshaun Buchanan,175075,HB,IDAHO,8,2.3,4,88.9,,0,0,0,0.0,0,0.44,3,185,1,79.3,52.9,76.5,55.7,54.3,0.0,0,0,21,12.4,12,97,0,52.7,8,84.5,82,1.0,1,132.9,9,1,2.1,2,63,50,6.3,7.9,0.77
Myion Hicks,149888,HB,FURMAN,11,-1.9,1,66.7,0.0,0,1,0,0.0,0,-0.35,0,170,0,77.5,77.8,69.8,69.3,51.2,0.0,0,0,8,29.1,52,179,0,33.1,6,66.5,119,3.9,7,70.1,9,0,0.6,1,9,23,3.8,1.5,0.08
Sam Willoughby,146574,TE,SAMFORD,7,3.2,2,100.0,,0,0,0,0.0,0,-0.43,4,282,0,80.9,68.7,68.4,64.5,70.1,10.4,5,0,18,2.1,1,48,0,40.9,9,89.6,43,85.4,41,130.1,9,1,2.1,1,57,31,3.4,6.3,1.33
Khamran Laborn,145682,HB,E TENN ST,9,0.0,2,88.9,,0,0,0,0.0,0,-0.21,3,157,0,79.3,58.5,75.1,80.5,67.5,0.0,0,0,8,26.3,10,38,0,44.4,8,68.4,26,26.3,10,88.9,9,0,2.6,1,48,45,5.6,6.0,1.85
Sean Ward,159319,TE,DARTMOUTH,10,10.4,0,66.7,0.0,0,1,0,0.0,0,0.01,5,148,0,78.5,66.7,67.2,71.0,67.1,69.5,73,0,20,26.7,28,105,1,43.1,6,70.5,74,21.0,22,125.2,9,1,0.0,0,66,25,4.2,11.0,0.89
Latrelle Murrell,186555,HB,W GEORGIA,10,1.2,2,77.8,,0,0,0,12.5,1,0.06,2,1177,0,56.4,79.6,69.5,60.4,52.9,0.0,0,0,13,18.6,13,70,0,44.1,7,80.0,56,4.3,3,89.4,9,0,18.6,13,49,52,7.4,7.0,0.88
Kai Rios,159367,TE,INDIANA ST,12,5.0,0,77.8,,0,0,0,0.0,0,-0.12,2,191,0,78.5,66.7,36.0,40.7,50.0,73.1,106,1,26,18.6,27,145,2,47.4,7,75.2,109,23.4,34,92.4,9,1,2.1,3,61,38,5.4,8.7,0.56
Brian Thomas,177812,WR,VALPO,11,6.1,2,55.6,,0,0,0,0.0,0,-0.29,1,332,0,76.3,51.4,65.2,77.0,59.0,0.0,0,0,21,6.1,4,66,0,28.6,5,89.4,59,39.4,26,101.2,9,1,27.3,18,34,12,2.4,6.8,0.58
Brady McCullough,159423,TE,N IOWA,10,9.3,0,55.6,33.3,1,3,0,16.7,1,-0.08,1,255,0,53.4,66.2,63.1,64.4,57.0,31.0,13,1,33,2.4,1,42,0,41.0,5,90.5,38,59.5,25,35.2,9,0,9.5,4,57,16,3.2,11.4,1.5
Fabian McCray,97862,WR,JACKSON ST,3,11.7,0,55.6,,0,0,0,16.7,1,0.21,2,194,0,49.8,65.7,49.1,,51.6,0.0,0,1,9,0.0,0,53,0,48.1,5,98.1,52,52.8,28,22.7,9,0,47.2,25,30,4,0.8,6.0,0.58
Donovan Wadley,159476,WR,MERRIMACK,3,7.6,6,77.8,100.0,1,1,0,0.0,0,-0.47,3,385,0,78.5,72.4,65.3,,66.6,0.0,0,0,57,0.0,0,41,1,27.5,7,97.6,40,24.4,10,109.7,9,0,75.6,31,93,50,7.1,13.3,2.33
A.J. Little,177829,WR,CHATTNOOGA,12,11.0,0,22.2,0.0,0,3,0,0.0,0,0.04,1,137,0,70.7,80.8,53.2,,50.5,0.0,0,1,7,0.0,0,82,0,38.8,2,97.6,80,31.7,26,0.0,9,0,68.3,56,10,13,6.5,5.0,0.13
Derek Burrell,159547,WR,WAGNER,11,9.0,1,88.9,100.0,1,1,0,0.0,0,0.13,2,338,0,80.1,70.0,60.3,,59.8,3.8,3,0,18,0.0,0,80,0,41.7,8,90.0,72,52.5,42,94.0,9,0,43.8,35,59,22,2.8,7.4,0.82
Christian Greenlaw,173947,TE,HAMPTON,11,3.9,0,77.8,,0,0,0,12.5,1,-0.08,5,178,0,56.4,66.7,61.9,67.5,66.2,56.7,34,0,35,3.3,2,60,0,40.4,7,91.7,55,40.0,24,143.5,9,1,3.3,2,86,88,12.6,12.3,1.56
Jaden Coffen,144383,TE,MORGAN ST,10,3.8,0,88.9,,0,0,0,11.1,1,-0.02,5,235,0,58.9,67.1,69.3,70.9,72.9,41.7,15,1,25,5.6,2,36,0,41.2,8,91.7,33,41.7,15,97.5,9,1,2.8,1,72,40,5.0,9.0,2.18
Joey Wassler,173918,TE,PRINCETON,8,7.8,0,44.4,0.0,0,1,0,0.0,0,-0.5,2,272,0,74.9,65.0,49.5,50.6,57.0,67.2,80,2,10,26.1,31,119,2,33.6,4,68.9,82,26.1,31,12.0,9,0,6.7,8,26,18,4.5,6.5,0.32
Antoine Bell,159950,TE,NC A&T,4,6.6,1,55.6,100.0,1,1,0,0.0,0,-0.22,3,246,0,76.3,65.7,72.9,70.6,78.1,67.9,19,0,26,7.1,2,28,1,30.8,5,85.7,24,32.1,9,110.9,9,1,0.0,0,55,22,4.4,11.0,2.29
DePhabian Fant,143329,HB,MS VLY ST,11,-1.1,5,66.7,,0,0,0,0.0,0,-0.08,2,228,0,77.5,84.5,66.8,66.9,59.7,0.0,0,0,68,49.7,79,159,0,39.4,6,49.1,78,9.4,15,143.8,9,1,0.0,0,106,117,19.5,17.7,1.36
Patrick Boyd Jr.,177941,HB,W CAROLINA,4,2.8,0,77.8,0.0,0,2,0,0.0,0,0.19,1,344,0,78.5,80.7,68.5,32.1,65.7,0.0,0,0,12,25.0,16,64,0,43.5,7,71.9,46,7.8,5,83.8,9,0,3.1,2,37,51,7.3,5.3,0.8
Jaharie Martin,102441,HB,MAINE,11,0.0,1,88.9,,0,0,0,0.0,0,0.26,2,212,0,79.3,74.3,67.8,73.4,58.1,0.0,0,0,15,20.7,28,135,0,46.8,8,74.8,101,1.5,2,86.1,9,0,4.4,6,42,47,5.9,5.3,0.42
Jackson Lowe,99180,TE,INCAR WORD,13,9.0,1,88.9,,0,0,0,0.0,0,0.22,5,189,0,79.3,67.1,64.5,69.4,64.8,62.5,60,0,17,14.6,14,96,0,53.7,8,84.4,81,28.1,27,141.0,9,3,3.1,3,75,37,4.6,9.4,0.93
Jayden Cook,142371,WR,STNY BROOK,8,8.6,0,77.8,50.0,1,2,0,0.0,0,0.16,2,303,0,78.5,69.6,56.2,33.1,58.5,0.0,0,0,33,3.6,2,56,2,40.7,7,92.9,52,16.1,9,135.2,9,1,67.9,38,68,41,5.9,9.7,1.31
Donovan Lewis,178135,WR,DELAWARE,7,9.1,1,55.6,,0,0,0,16.7,1,0.03,1,151,0,49.8,69.3,58.8,,58.2,0.0,0,0,9,0.0,0,43,0,39.5,5,100.0,43,32.6,14,62.7,9,0,67.4,29,31,16,3.2,6.2,0.72
John Gores,162203,WR,N DAK ST,8,12.2,2,77.8,,0,0,0,0.0,0,0.73,7,250,0,78.5,75.2,85.8,,84.5,0.0,0,0,38,0.0,0,33,0,57.6,7,100.0,33,100.0,33,158.3,9,3,0.0,0,126,44,6.3,18.0,3.82
Wyatt Rogers,178442,WR,STETSON,4,10.1,0,55.6,50.0,1,2,0,16.7,1,-0.52,1,302,0,49.8,65.7,54.6,,54.4,0.0,0,1,9,0.0,0,31,0,35.5,5,100.0,31,93.5,29,25.0,9,0,6.5,2,35,6,1.2,7.0,1.13
Nathan Hebb,139461,TE,NICHOLLS,12,4.4,0,44.4,,0,0,0,33.3,2,-0.17,1,243,0,26.0,65.0,37.0,62.9,30.2,71.4,132,0,12,24.3,45,185,4,39.5,4,74.6,138,13.5,25,51.6,9,0,3.2,6,23,13,3.3,5.8,0.17
James Louis,139438,HB,MOREHEAD,12,0.3,0,55.6,,0,0,0,16.7,1,-0.13,1,234,0,49.8,72.1,71.5,86.3,51.9,0.0,0,1,29,46.5,59,127,0,30.8,5,52.8,67,0.8,1,31.0,9,0,0.0,0,48,65,13.0,9.6,0.72
Naieem Kearney,149326,HB,GEORGETOWN,8,-0.4,0,77.8,,0,0,0,12.5,1,-0.49,0,172,0,56.8,70.0,70.2,71.2,49.4,0.0,0,0,5,14.0,13,93,1,34.4,7,83.9,78,1.1,1,79.2,9,0,1.1,1,19,15,2.1,2.7,0.24
Zyion Claville,162954,WR,TEXAS STHN,6,18.4,0,22.2,33.3,1,3,0,33.3,1,-0.27,1,313,0,31.6,62.9,50.4,,49.2,0.0,0,1,8,0.0,0,77,0,36.8,2,98.7,76,0.0,0,0.0,9,0,100.0,77,13,4,2.0,6.5,0.17
Brock Biestek,149347,WR,GEORGETOWN,4,10.1,0,55.6,0.0,0,3,0,0.0,0,-0.04,2,172,0,76.3,65.7,55.5,,55.0,0.0,0,0,15,0.0,0,66,0,44.4,5,95.5,63,9.1,6,65.5,9,0,90.9,60,37,4,0.8,7.4,0.59
Rykin Maxwell,172253,WR,MURRAY ST,7,13.9,0,44.4,66.7,2,3,0,0.0,0,-0.4,3,236,0,74.9,65.0,60.0,,59.5,0.0,0,1,19,0.0,0,39,0,32.4,4,94.9,37,2.6,1,23.6,9,0,97.4,38,52,5,1.3,13.0,1.41
Dason Brooks,164060,HB,IDAHO ST,12,-1.3,4,77.8,100.0,1,1,0,0.0,0,0.14,3,186,0,78.5,69.8,86.8,81.6,69.3,0.0,0,0,36,61.5,88,143,0,42.3,7,38.5,55,0.7,1,95.4,9,0,2.1,3,62,81,11.6,8.9,1.13
Luke Yoder,172094,HB,LEHIGH,13,1.7,1,77.8,,0,0,0,0.0,0,0.18,3,205,0,78.5,57.1,79.8,86.5,62.3,0.0,0,1,11,27.1,49,181,0,48.5,7,66.9,121,1.7,3,47.0,9,0,1.7,3,43,51,7.3,6.1,0.36
Alex Haight,164666,WR,PENN,7,14.1,0,66.7,0.0,0,1,0,0.0,0,0.0,3,267,0,78.5,66.7,66.4,,65.7,0.0,0,1,55,0.0,0,31,1,46.4,6,90.3,28,19.4,6,65.3,9,0,80.6,25,102,53,8.8,17.0,3.64
Chris Gee,171978,HB,COLGATE,9,-2.6,5,100.0,,0,0,0,0.0,0,0.0,2,142,0,80.1,68.6,73.1,31.8,61.4,0.0,0,0,8,16.8,20,119,0,47.5,9,83.2,99,5.0,6,90.7,9,0,0.0,0,52,75,8.3,5.8,0.53
Denzell Gibson,176950,HB,NEW HAMP,10,0.4,1,100.0,,0,0,0,0.0,0,0.31,4,240,0,80.1,85.4,68.5,77.6,72.2,0.0,0,0,19,17.5,18,103,0,50.5,9,77.7,80,1.9,2,97.2,9,0,1.9,2,66,62,6.9,7.3,0.83
Glover Cook III,100831,HB,TENN MARTN,14,0.3,0,66.7,,0,0,0,14.3,1,0.21,3,310,0,56.4,86.3,67.2,47.3,53.7,0.0,0,0,17,21.1,24,114,0,43.0,6,74.6,85,9.6,11,80.8,9,0,6.1,7,50,60,10.0,8.3,0.59
Daniel Coles,196872,HB,NC A&T,7,3.2,1,88.9,50.0,1,2,0,0.0,0,0.09,5,246,0,79.3,53.2,58.0,27.5,70.3,0.0,0,0,17,8.6,5,58,0,39.2,8,81.0,47,1.7,1,135.0,9,2,15.5,9,62,35,4.4,7.8,1.32
Ernest Davis III,167984,HB,MERCYHURST,7,2.6,1,88.9,,0,0,0,11.1,1,0.25,4,977,1,58.9,20.3,68.1,81.1,47.3,0.0,0,0,24,16.0,13,81,0,50.0,8,82.7,67,3.7,3,100.9,9,0,1.2,1,74,61,7.6,9.3,1.1
Jamaire Harden,185695,WR,LEHIGH,12,9.3,0,62.5,,0,0,0,0.0,0,0.25,2,205,0,76.3,67.0,55.0,,54.5,0.0,0,0,22,0.0,0,93,0,47.0,5,89.2,83,97.8,91,81.8,8,0,2.2,2,53,17,3.4,10.6,0.64
Ty Holtz,161837,TE,BROWN,8,5.5,2,62.5,,0,0,0,0.0,0,0.44,0,123,0,76.3,76.1,56.5,34.4,61.2,4.3,2,0,6,2.1,1,47,0,56.5,5,91.5,43,27.7,13,66.7,8,0,2.1,1,24,29,5.8,4.8,0.56
CharMar Brown,174409,HB,N DAK ST,16,0.1,2,75.0,,0,0,0,14.3,1,0.24,3,250,0,53.4,87.9,90.7,67.2,55.6,0.0,0,0,17,19.0,22,116,0,53.6,6,76.7,89,0.9,1,94.3,8,0,0.0,0,57,54,9.0,9.5,0.64
Chad Martini,148783,WR,CORNELL,9,6.8,0,62.5,0.0,0,2,0,16.7,1,0.32,2,147,0,49.8,66.1,60.1,,58.1,0.0,0,0,9,0.0,0,43,0,55.8,5,95.3,41,14.0,6,73.4,8,0,86.0,37,37,13,2.6,7.4,0.9
Journey Wyche,192118,HB,CHATTNOOGA,11,0.3,0,87.5,,0,0,0,0.0,0,-0.02,4,137,0,78.5,83.9,63.3,58.5,71.7,0.0,0,0,22,34.6,28,81,0,42.3,7,64.2,52,1.2,1,109.9,8,0,0.0,0,83,81,11.6,11.9,1.6
Teddy Davenport,145463,WR,SAMFORD,5,6.0,0,75.0,100.0,1,1,0,0.0,0,-0.45,1,282,0,77.5,66.2,52.0,,57.1,5.4,2,0,19,0.0,0,37,0,29.7,6,100.0,37,94.6,35,82.3,8,0,0.0,0,34,9,1.5,5.7,0.92
Alex Williams,145537,TE,W ILLINOIS,11,6.5,0,75.0,0.0,0,1,0,0.0,0,0.17,2,345,0,77.5,67.0,46.6,27.3,58.5,78.4,80,1,18,30.4,31,102,1,41.8,6,66.7,68,16.7,17,56.8,8,0,2.9,3,61,24,4.0,10.2,0.9
Carson Gresock,185177,HB,GARD-WEBB,9,-2.6,2,75.0,100.0,1,1,1,14.3,1,0.15,2,171,0,53.4,70.5,77.9,47.0,53.4,0.0,0,0,43,23.8,25,105,1,41.8,6,70.5,74,2.9,3,107.8,8,0,1.0,1,83,98,16.3,13.8,1.12
Landon Reed,149821,TE,STTHOM,11,1.8,0,62.5,,0,0,0,0.0,0,-0.29,1,1129,0,76.3,70.6,63.8,88.4,54.6,26.1,23,0,7,42.0,37,88,0,35.4,5,54.5,48,0.0,0,69.3,8,0,2.3,2,29,20,4.0,5.8,0.6
Devin Paige,172059,WR,LAFAYETTE,12,4.1,3,50.0,,0,0,0,33.3,2,-0.39,1,203,0,26.0,66.9,48.1,,49.2,0.0,0,0,26,0.0,0,45,0,32.5,4,88.9,40,100.0,45,62.5,8,0,0.0,0,36,51,12.8,9.0,0.9
Alfred Jordan Jr.,175120,WR,IDAHO ST,4,12.8,0,50.0,0.0,0,1,0,0.0,0,0.16,3,186,0,76.3,65.7,55.2,63.9,54.9,0.0,0,0,40,1.4,1,69,0,49.2,4,92.8,64,85.5,59,90.6,8,0,14.5,10,90,55,13.8,22.5,1.41
Jihad Marks,147710,WR,MCNEESE,8,15.9,2,87.5,100.0,1,1,0,0.0,0,0.62,5,217,0,78.5,66.7,73.4,,75.1,0.0,0,0,54,0.0,0,33,1,58.1,7,93.9,31,97.0,32,158.3,8,1,3.0,1,123,19,2.7,17.6,3.97
Tyler Hatcher,156757,TE,HAMPTON,10,4.1,0,87.5,100.0,1,1,1,0.0,0,0.12,4,178,0,78.5,67.4,49.8,69.2,55.5,39.8,33,0,25,6.0,5,83,1,44.7,7,85.5,71,56.6,47,144.3,8,2,0.0,0,73,56,8.0,10.4,1.03
Kirby Vorhees,177229,HB,S DAK ST,11,3.6,0,12.5,,0,0,0,0.0,0,0.0,0,292,0,66.7,67.7,86.5,85.6,49.7,0.0,0,0,5,7.1,5,70,2,38.2,1,90.0,63,2.9,2,39.6,8,0,2.9,2,5,2,2.0,5.0,0.08
Donovan Weatherly,177655,TE,DAYTON,10,12.5,2,75.0,,0,0,0,0.0,0,-0.14,5,150,0,77.5,66.2,69.0,65.5,70.8,53.7,29,0,27,1.9,1,54,0,44.4,6,98.1,53,22.2,12,153.1,8,2,16.7,9,94,31,5.2,15.7,1.77
Ethan Greenwood,161869,QB,LIUSHAR,11,2.0,1,100.0,,0,0,0,0.0,0,0.17,5,1298,2,79.3,70.0,77.6,81.4,93.1,0.0,0,0,64,1.1,2,179,2,43.1,8,6.1,11,1.1,2,158.3,8,2,0.6,1,144,128,16.0,18.0,13.09
VJ Johnson,139109,WR,VA MILT IN,2,17.4,0,50.0,0.0,0,1,0,0.0,0,-0.54,0,336,0,74.9,65.0,53.3,,53.2,0.0,0,0,4,0.0,0,34,0,21.2,4,97.1,33,35.3,12,56.3,8,0,64.7,22,12,3,0.8,3.0,0.36
Stevie Rocker,146242,HB,MONTANA,10,0.1,4,87.5,,0,0,0,0.0,0,0.14,3,232,0,80.1,78.9,80.8,77.8,90.7,10.5,4,0,34,10.5,4,38,1,47.1,7,78.9,30,13.2,5,113.5,8,0,7.9,3,90,91,13.0,12.9,3.0
Kevon King,164728,HB,NORFOLK,11,-1.1,2,75.0,0.0,0,1,0,0.0,0,-0.23,2,244,0,77.5,80.6,80.8,46.1,62.9,0.0,0,0,16,30.9,30,97,0,34.8,6,64.9,63,0.0,0,82.3,8,0,0.0,0,34,50,8.3,5.7,0.54
Scott Giuliano,148895,TE,HARVARD,10,5.3,0,50.0,,0,0,0,0.0,0,0.02,2,179,0,74.9,65.0,51.7,58.9,52.3,87.5,91,0,15,38.5,40,104,0,39.8,4,58.7,61,6.7,7,100.5,8,1,1.0,1,33,12,3.0,8.3,0.54
Caden Jumper,146471,TE,MURRAY ST,11,5.3,0,75.0,0.0,0,1,0,0.0,0,-0.4,3,236,0,77.5,69.1,51.2,58.9,51.0,55.1,87,1,9,15.8,25,158,3,34.2,6,81.6,129,37.3,59,82.8,8,1,5.1,8,35,26,4.3,5.8,0.27
Colin Melendez,186651,TE,MERCYHURST,7,2.1,0,50.0,0.0,0,1,0,20.0,1,-0.52,2,977,0,45.4,65.0,43.1,59.1,38.3,85.7,48,0,14,12.5,7,56,0,32.1,4,83.9,47,7.1,4,58.3,8,0,3.6,2,28,30,7.5,7.0,0.6
Mike Pappas,186663,TE,MERCYHURST,4,1.6,0,75.0,,0,0,0,0.0,0,0.29,3,977,0,77.5,72.0,80.7,8.7,89.3,25.0,5,0,16,5.0,1,20,0,35.0,6,95.0,19,5.0,1,122.9,8,2,0.0,0,36,26,4.3,6.0,1.89
Jake Ciolino,166676,WR,MARIST,10,12.5,0,87.5,,0,0,0,0.0,0,0.13,4,213,0,78.5,66.7,72.2,,71.2,0.0,0,1,30,0.0,0,44,0,37.5,7,90.9,40,95.5,42,118.8,8,1,4.5,2,109,26,3.7,15.6,2.73
Tank McMath,160847,WR,NICHOLLS,9,7.1,0,37.5,0.0,0,3,0,0.0,0,-0.45,0,243,0,73.1,64.1,48.8,,49.3,0.0,0,0,5,0.0,0,78,1,29.2,3,92.3,72,15.4,12,45.8,8,0,84.6,66,4,-1,-0.3,1.3,0.06
Matt D'Avino,185687,WR,LEHIGH,11,15.0,0,50.0,100.0,2,2,0,0.0,0,0.12,3,205,0,74.9,65.0,59.5,,58.1,0.0,0,1,41,0.0,0,90,1,43.8,4,88.9,80,3.3,3,93.2,8,1,96.7,87,95,9,2.3,23.8,1.19
Braylon Knauth,192438,WR,CITADEL,8,11.0,0,50.0,0.0,0,1,0,0.0,0,-0.21,2,139,0,74.9,83.3,59.0,,61.7,0.0,0,0,11,0.0,0,30,0,42.9,4,93.3,28,16.7,5,57.8,8,0,83.3,25,27,9,2.3,6.8,0.96
Christian Tait,142992,WR,WAGNER,10,16.0,0,62.5,100.0,1,1,0,16.7,1,0.09,4,338,0,49.8,65.7,61.7,,61.4,0.0,0,0,26,0.0,0,69,0,41.2,5,98.6,68,31.9,22,136.5,8,2,68.1,47,82,8,1.6,16.4,1.21
Delon Thompson,170759,HB,PORTLAND,11,2.5,3,87.5,,0,0,0,0.0,0,0.04,3,269,0,78.5,90.0,81.1,72.8,66.1,0.0,0,0,23,12.6,13,103,0,44.3,7,82.5,85,1.9,2,108.9,8,0,0.0,0,81,62,8.9,11.6,0.95
Shaun Grayson,85731,TE,LAMAR,9,5.9,0,50.0,0.0,0,1,1,42.9,3,0.15,1,204,0,16.6,65.0,50.3,73.8,44.1,63.8,37,0,9,15.5,9,58,4,38.5,4,75.9,44,15.5,9,56.3,8,0,17.2,10,20,4,1.0,5.0,0.45
Ryan Clark,142060,HB,BRYANT,12,1.0,1,75.0,,0,0,0,14.3,1,0.3,2,124,0,53.4,45.7,61.7,75.9,55.8,0.0,0,0,10,23.6,17,72,0,49.3,6,69.4,50,0.0,0,77.1,8,0,0.0,0,23,32,5.3,3.8,0.46
Major Bowden,165740,HB,LAMAR,10,0.8,3,62.5,100.0,1,1,0,0.0,0,-0.29,2,204,0,77.5,78.4,80.6,79.0,68.2,0.0,0,0,28,13.2,7,53,0,32.7,5,83.0,44,18.9,10,82.3,8,0,3.8,2,54,69,13.8,10.8,1.23
Sammy Malignaggi,138458,HB,CAMPBELL,8,-1.1,2,87.5,,0,0,0,12.5,1,0.29,2,131,0,56.4,81.0,62.4,33.7,61.2,0.0,0,0,18,20.0,10,50,0,50.0,7,74.0,37,0.0,0,90.1,8,0,2.0,1,45,52,7.4,6.4,1.22
Dennis Moody III,170621,HB,N ALABAMA,10,1.0,0,62.5,,0,0,0,16.7,1,-0.31,0,389,0,49.8,44.1,63.7,66.4,46.2,0.0,0,0,6,15.5,16,103,0,35.4,5,80.6,83,6.8,7,66.7,8,0,0.0,0,12,17,3.4,2.4,0.14
Drew Danson,170893,TE,NEW HAMP,13,1.6,0,62.5,,0,0,0,0.0,0,-0.04,3,240,1,77.5,15.1,51.1,73.2,42.4,75.0,87,0,16,22.4,26,116,2,44.5,5,73.3,85,18.1,21,110.9,8,1,0.9,1,33,28,5.6,6.6,0.39
Gavin Hall,185847,HB,FURMAN,8,-2.4,3,100.0,,0,0,0,0.0,0,0.06,2,170,0,79.3,65.4,79.8,21.5,90.4,0.0,0,0,28,15.5,9,58,1,41.4,8,81.0,47,1.7,1,94.3,8,0,0.0,0,53,72,9.0,6.6,1.13
Arlie Lee,186290,WR,CENT ARK,7,19.0,1,37.5,0.0,0,2,0,0.0,0,-0.47,2,132,0,73.1,64.1,68.8,,68.6,0.0,0,1,48,0.0,0,18,0,16.7,3,100.0,18,5.6,1,64.6,8,1,94.4,17,60,22,7.3,20.0,3.33
Evan Shafer,178158,TE,MONTANA,14,7.1,0,75.0,50.0,1,2,0,0.0,0,0.17,5,232,0,77.5,66.2,53.0,42.3,50.3,72.9,140,0,20,18.2,35,192,4,47.0,6,78.1,150,17.2,33,96.4,8,0,1.6,3,61,21,3.5,10.2,0.41
Anthony James Jr.,168483,WR,MORGAN ST,6,7.8,1,50.0,0.0,0,1,0,0.0,0,0.02,1,235,1,76.3,21.0,53.5,,56.2,0.0,0,0,14,0.0,0,64,3,43.3,4,93.8,60,4.7,3,66.7,8,0,95.3,61,44,20,5.0,11.0,0.73
Javarius George,185868,WR,MERCER,4,3.4,0,50.0,0.0,0,1,0,0.0,0,-0.05,1,219,0,74.9,75.7,58.6,,57.5,0.0,0,0,13,0.0,0,31,0,40.0,4,96.8,30,67.7,21,60.4,8,0,32.3,10,32,33,8.3,8.0,1.07
Isaiah Smith,143535,HB,SAN DIEGO,11,2.3,1,87.5,,0,0,0,0.0,0,0.22,0,283,0,78.5,65.1,66.9,43.5,52.4,0.0,0,0,9,26.1,43,165,1,45.8,7,68.5,113,4.8,8,84.4,8,0,3.6,6,34,20,2.9,4.9,0.3
Jamie Lamson,104947,WR,MAINE,5,6.5,1,75.0,,0,0,0,0.0,0,0.11,1,212,0,77.5,66.2,57.1,,57.4,0.0,0,0,10,0.0,0,56,0,42.6,6,96.4,54,19.6,11,83.9,8,0,80.4,45,37,7,1.2,6.2,0.69
Scooter Adams,139492,HB,PRVIEW A&M,12,-1.3,1,50.0,,0,0,0,20.0,1,0.03,3,270,0,45.4,82.6,63.2,51.5,55.8,0.0,0,0,54,27.8,25,90,0,42.4,4,71.1,64,4.4,4,123.4,8,1,2.2,2,77,92,23.0,19.3,1.2
Sawyer Burt,159847,TE,MERCER,14,6.6,0,62.5,,0,0,0,28.6,2,0.15,4,219,0,33.4,66.2,47.0,52.8,56.1,94.6,105,1,39,32.4,36,111,4,46.2,5,64.0,71,5.4,6,94.3,8,1,0.0,0,77,48,9.6,15.4,1.08
Jayden Flaig,176840,TE,SACRAMENTO,6,9.9,1,75.0,,0,0,0,0.0,0,0.06,4,279,0,77.5,67.0,53.2,64.9,54.7,64.5,80,0,17,24.2,30,124,1,48.7,6,74.2,92,34.7,43,132.3,8,1,0.8,1,54,22,3.7,9.0,0.59
A.J. Coons,138298,WR,S DAKOTA,13,16.9,0,62.5,50.0,1,2,0,0.0,0,0.13,4,291,0,77.5,66.2,66.5,,67.1,15.4,12,1,37,0.0,0,78,1,46.7,5,96.2,75,56.4,44,106.3,8,1,28.2,22,121,30,6.0,24.2,1.61
Nick Williams,159772,TE,LEHIGH,9,12.0,1,37.5,0.0,0,1,0,40.0,2,0.06,2,205,0,13.2,64.1,36.1,27.0,36.7,85.3,116,0,23,14.0,19,136,1,47.7,3,80.9,110,14.0,19,53.6,8,0,0.7,1,39,10,3.3,13.0,0.35
Jalyn Witcher,149586,WR,DELAWARE,4,15.0,2,62.5,0.0,0,2,0,0.0,0,0.23,2,151,0,76.3,65.7,60.8,,60.1,0.0,0,0,18,0.0,0,46,0,47.7,5,95.7,44,4.3,2,115.6,8,1,95.7,44,42,18,3.6,8.4,0.95
Andrew Smith,150477,WR,NC CENT,8,10.4,0,62.5,,0,0,0,16.7,1,0.21,2,247,0,49.8,65.7,52.5,,54.8,0.0,0,0,8,0.0,0,53,1,45.1,5,96.2,51,9.4,5,72.9,8,0,90.6,48,36,-3,-0.6,7.2,0.71
Jordan Smith,154034,WR,SCAR STATE,10,8.1,3,50.0,0.0,0,2,0,0.0,0,-0.24,2,290,0,76.3,67.7,61.8,,61.0,0.0,0,0,19,0.0,0,59,0,42.6,4,91.5,54,89.8,53,69.3,8,0,10.2,6,49,38,9.5,12.3,0.91
Corey Lorio,150153,WR,SE LA,11,4.3,0,75.0,100.0,1,1,0,0.0,0,0.14,3,294,0,77.5,66.2,59.2,,58.1,0.0,0,0,15,0.0,0,62,0,49.2,6,95.2,59,80.6,50,89.1,8,0,19.4,12,47,29,4.8,7.8,0.8
Kevin Brenner,103653,TE,S DAK ST,13,5.0,0,75.0,,0,0,0,0.0,0,0.21,3,292,0,77.5,66.4,46.9,37.0,51.2,67.0,69,0,10,15.5,16,103,1,48.0,6,80.6,83,22.3,23,128.6,8,1,4.9,5,47,15,2.5,7.8,0.57
Christian Berry,165211,T,DAVIDSON,11,10.1,1,50.0,0.0,0,1,0,0.0,0,0.28,3,149,0,74.9,65.0,64.0,63.3,62.5,70.1,47,0,17,28.4,19,67,2,52.2,4,71.6,48,13.4,9,104.7,8,1,4.5,3,41,21,5.3,10.3,0.85
Jay Pearson,159593,HB,E ILLINOIS,11,0.6,3,75.0,,0,0,0,0.0,0,0.11,1,158,0,77.5,59.5,63.7,80.1,65.1,0.0,0,1,55,32.4,23,71,0,44.6,6,60.6,43,2.8,2,75.0,8,0,4.2,3,96,87,14.5,16.0,2.23
Zavion Woodard,165127,HB,STHLSK,11,-2.0,3,100.0,,0,0,0,0.0,0,-0.56,2,1470,1,79.3,61.6,64.6,77.7,48.6,0.0,0,0,11,28.9,33,114,1,31.9,8,70.2,80,0.0,0,83.9,8,0,0.9,1,33,49,6.1,4.1,0.41
Ethan Shine,182277,FB,ROB MORRIS,12,8.1,2,62.5,0.0,0,1,0,0.0,0,0.27,5,277,0,77.5,72.2,74.9,27.5,91.7,15.4,8,0,26,15.4,8,52,1,48.9,5,76.9,40,5.8,3,132.8,8,1,3.8,2,75,40,8.0,15.0,1.88
Justin Franklin,147951,WR,E TENN ST,9,8.3,1,37.5,100.0,1,1,1,25.0,1,0.01,3,157,0,39.5,67.7,56.3,,55.3,0.0,0,1,18,0.0,0,78,1,41.1,3,92.3,72,93.6,73,17.7,8,0,6.4,5,46,17,5.7,15.3,0.64
Kordell Rodgers,197519,TE,TEXAS STHN,10,10.4,0,75.0,0.0,0,1,0,0.0,0,0.2,5,313,0,77.5,68.8,64.7,71.7,70.5,60.7,34,1,12,7.1,4,56,0,47.2,6,87.5,49,32.1,18,92.2,8,2,5.4,3,53,9,1.5,8.8,1.08
Austin Jarrard,144644,TE,SACRAMENTO,7,11.8,0,50.0,,0,0,0,0.0,0,-0.29,1,279,0,74.9,65.0,50.7,41.7,49.7,61.3,49,0,6,20.0,16,80,1,37.3,4,76.3,61,36.3,29,95.8,8,1,1.3,1,19,17,4.3,4.8,0.31
Kyree Drake,165059,WR,STHLSK,4,19.9,0,25.0,,0,0,0,0.0,0,-0.12,1,1470,0,70.7,27.0,62.3,,66.6,0.0,0,0,34,0.0,0,33,1,28.1,2,97.0,32,93.9,31,48.4,8,0,6.1,2,41,15,7.5,20.5,1.28
Tae Gayden,149115,WR,AUSTINPEAY,10,14.0,0,42.9,0.0,0,1,0,0.0,0,-0.12,2,116,0,73.1,64.1,51.7,,52.5,0.0,0,1,12,0.0,0,87,1,42.4,3,97.7,85,23.0,20,13.7,7,0,77.0,67,26,0,0.0,8.7,0.31
Timothy Carter,172942,HB,INCAR WORD,6,2.9,0,57.1,,0,0,0,20.0,1,-0.03,0,189,0,45.4,58.3,62.4,58.1,44.8,0.0,0,0,9,11.4,9,79,0,48.7,4,87.3,69,7.6,6,65.2,7,0,3.8,3,26,17,4.3,6.5,0.38
Jackson Gerard,148846,WR,DARTMOUTH,8,11.3,2,42.9,,0,0,0,0.0,0,0.0,2,148,0,73.1,64.1,61.4,,61.6,0.0,0,0,17,0.0,0,44,0,42.9,3,95.5,42,13.6,6,61.0,7,0,86.4,38,39,18,6.0,13.0,0.93
Lamagea McDowell,122306,HB,PRVIEW A&M,12,0.3,1,85.7,,0,0,0,0.0,0,-0.04,2,270,0,77.5,88.8,73.9,31.8,55.2,0.0,0,0,8,22.9,36,157,0,40.0,6,74.5,117,10.8,17,83.3,7,0,3.2,5,28,24,4.0,4.7,0.24
D'angelo Durham,83752,HB,MCNEESE,9,-1.6,0,85.7,,0,0,0,0.0,0,0.35,4,217,0,78.5,82.9,68.9,16.2,69.3,0.0,0,0,13,17.1,12,70,0,50.0,6,77.1,54,7.1,5,98.2,7,0,2.9,2,53,65,10.8,8.8,0.98
Errick Simmons,139357,WR,JACKSON ST,4,26.1,0,28.6,100.0,1,1,0,50.0,2,0.41,1,194,0,17.2,19.5,58.3,,57.1,0.0,0,0,29,0.0,0,29,0,48.1,2,93.1,27,3.4,1,86.9,7,1,96.6,28,34,9,4.5,17.0,1.26
Itty Henry,162508,TE,ABILENE CH,14,11.7,0,71.4,0.0,0,1,0,0.0,0,0.36,4,100,0,77.5,66.2,64.1,48.4,64.2,71.6,68,0,27,12.6,12,95,2,44.8,5,80.0,76,24.2,23,147.6,7,1,3.2,3,78,16,3.2,15.6,1.03
Nygel Osborne,173015,HB,UTAHTC,8,-1.1,0,57.1,,0,0,0,20.0,1,-0.39,0,1285,0,45.4,78.2,61.6,82.8,46.0,0.0,0,0,5,30.9,17,55,1,23.5,4,67.3,37,5.5,3,62.2,7,0,5.5,3,11,15,3.8,2.8,0.3
Jackson House,170586,WR,E KENTUCKY,7,9.4,0,28.6,66.7,2,3,0,0.0,0,-0.01,0,159,0,70.7,62.9,50.3,,49.9,0.0,0,0,7,0.0,0,27,0,40.0,2,92.6,25,100.0,27,39.6,7,0,0.0,0,11,1,0.5,5.5,0.44
Jelani Mason,142528,WR,MERRIMACK,4,10.4,2,71.4,,0,0,0,16.7,1,-0.28,1,385,0,50.3,65.7,56.8,,57.2,0.0,0,0,15,0.0,0,41,0,28.2,5,95.1,39,87.8,36,84.8,7,0,12.2,5,39,22,4.4,7.8,1.0
Alex Geraci,148847,TE,DARTMOUTH,9,6.9,0,42.9,33.3,1,3,0,0.0,0,-0.19,1,148,0,74.9,65.0,52.9,70.1,52.1,24.6,16,0,9,6.2,4,65,1,41.7,3,86.2,56,73.8,48,50.3,7,0,1.5,1,20,2,0.7,6.7,0.36
Ryan Morrow,142725,HB,ALAB A&M,8,-2.4,2,85.7,,0,0,0,0.0,0,0.2,5,104,0,77.5,82.1,70.8,59.1,73.7,0.0,0,0,18,22.2,14,63,0,58.3,6,74.6,47,7.9,5,140.8,7,1,4.8,3,58,70,11.7,9.7,1.23
Q Jones,148852,HB,DARTMOUTH,10,3.3,2,71.4,,0,0,0,16.7,1,0.13,3,148,0,49.8,81.4,69.6,58.6,54.3,0.0,0,0,19,10.3,16,156,1,43.8,5,83.3,130,5.8,9,128.0,7,1,8.3,13,45,34,6.8,9.0,0.35
River Stout,185038,WR,N COLORADO,7,11.3,0,57.1,100.0,1,1,0,0.0,0,-0.64,3,253,0,74.9,65.0,60.7,,59.6,0.0,0,0,14,0.0,0,52,0,28.0,4,96.2,50,15.4,8,68.8,7,0,84.6,44,32,12,3.0,8.0,0.64
Corey Richardson,186255,HB,AUSTINPEAY,9,-1.7,1,85.7,0.0,0,1,0,0.0,0,0.06,3,116,1,78.5,35.1,76.2,76.0,55.7,0.0,0,0,21,7.3,3,41,0,50.0,6,90.2,37,4.9,2,103.0,7,0,2.4,1,61,71,11.8,10.2,1.65
Logan Lyson,177316,TE,SACR HEART,10,9.1,1,71.4,100.0,1,1,0,0.0,0,-0.5,2,280,0,76.3,65.7,54.5,60.5,55.9,66.7,40,0,8,11.7,7,60,3,24.1,5,86.7,52,18.3,11,116.1,7,1,8.3,5,25,5,1.0,5.0,0.48
Andrew King,185284,HB,RICHMOND,10,-0.6,1,85.7,,0,0,0,0.0,0,0.17,3,276,0,77.5,58.8,76.5,34.6,82.4,0.0,0,0,61,20.5,8,39,0,51.4,6,76.9,30,5.1,2,118.8,7,0,0.0,0,96,92,15.3,16.0,3.2
Maxwell Warren,177401,WR,HOLY CROSS,7,27.3,1,57.1,0.0,0,1,0,0.0,0,0.4,1,181,0,74.9,70.5,64.3,,62.1,0.0,0,0,74,0.0,0,39,0,47.4,4,97.4,38,5.1,2,141.4,7,1,94.9,37,90,37,9.3,22.5,2.37
Jay Barry,145215,WR,N COLORADO,4,5.0,1,42.9,100.0,1,1,0,0.0,0,-0.55,0,253,1,73.1,10.3,50.5,,49.4,0.0,0,3,6,0.0,0,33,0,37.5,3,97.0,32,21.2,7,10.7,7,0,78.8,26,12,3,1.0,4.0,0.38
Jalen Rouse,138095,HB,TENN STATE,10,-0.9,3,85.7,,0,0,0,0.0,0,0.1,2,308,0,77.5,36.3,62.2,26.2,62.1,0.0,0,0,14,9.3,5,54,0,41.5,6,88.9,48,7.4,4,92.3,7,0,5.6,3,43,48,8.0,7.2,0.9
Ethan Hebb,159262,WR,COLUMBIA,9,20.4,0,71.4,100.0,1,1,0,16.7,1,0.38,4,145,0,49.8,66.6,73.1,,72.0,0.0,0,0,73,0.0,0,32,0,51.6,5,96.9,31,43.8,14,153.3,7,1,56.3,18,144,49,9.8,28.8,4.65
Jamir Robertson,174499,HB,CENT CT ST,8,5.6,0,85.7,,0,0,0,14.3,1,0.3,3,133,0,53.4,73.0,69.3,,71.3,0.0,0,0,49,0.0,0,22,1,45.5,6,100.0,22,86.4,19,158.3,7,1,13.6,3,88,50,8.3,14.7,4.0
Troy Bruce,172039,HB,LAFAYETTE,12,-1.3,1,100.0,,0,0,0,0.0,0,-0.06,4,203,0,78.5,85.5,72.3,65.7,61.3,0.0,0,0,16,18.0,23,128,0,43.7,7,80.5,103,3.9,5,93.5,7,0,1.6,2,45,54,7.7,6.4,0.44
Cole Pruett,158519,WR,E WASHGTON,10,8.6,0,85.7,100.0,1,1,0,0.0,0,0.04,3,161,0,77.5,66.2,57.9,,56.5,0.0,0,0,16,0.0,0,73,0,42.3,6,97.3,71,20.5,15,135.4,7,1,79.5,58,49,1,0.2,8.2,0.69
Matthew Pilc,148754,TE,CORNELL,7,11.4,0,28.6,0.0,0,3,0,33.3,1,0.03,1,147,0,31.6,62.9,47.4,59.8,43.5,64.0,64,1,6,22.0,22,100,1,42.9,2,77.0,77,33.0,33,0.0,7,0,3.0,3,9,2,1.0,4.5,0.12
Danny Joiner,147316,TE,SE MO ST,3,4.6,0,57.1,,0,0,0,0.0,0,0.03,1,293,0,74.9,65.0,46.6,70.1,43.3,85.7,90,0,6,7.6,8,105,2,45.9,4,85.7,90,12.4,13,62.2,7,0,1.9,2,17,12,3.0,4.3,0.19
Kobe Paul,131399,WR,JACKSON ST,3,6.4,0,85.7,,0,0,0,14.3,1,0.31,3,194,0,53.4,66.2,57.8,,57.6,0.0,0,0,21,0.0,0,50,0,54.2,6,96.0,48,100.0,50,135.4,7,1,0.0,0,49,8,1.3,8.2,1.02
Aidan Garrigan,147663,WR,MONTANA ST,10,17.3,1,28.6,0.0,0,1,0,50.0,2,0.32,1,233,0,17.2,62.9,55.6,,53.0,2.1,1,0,56,0.0,0,48,0,51.1,2,97.9,47,18.8,9,65.2,7,0,79.2,38,64,26,13.0,32.0,1.36
Joshua Casilli,148932,WR,PENN,7,17.6,0,71.4,50.0,1,2,0,0.0,0,0.38,4,267,0,76.3,65.7,62.2,,63.2,0.0,0,1,27,0.0,0,58,0,48.1,5,93.1,54,56.9,33,108.6,7,1,43.1,25,79,28,5.6,15.8,1.46
Reggie Davis,149834,HB,CHATTNOOGA,12,-1.6,1,85.7,,0,0,0,0.0,0,0.12,2,137,0,77.5,69.6,72.9,44.2,55.4,0.0,0,0,25,40.2,84,209,2,44.2,6,57.4,120,2.4,5,138.4,7,1,0.5,1,54,68,11.3,9.0,0.45
Saul Diaz,123173,TE,CITADEL,9,7.4,1,71.4,,0,0,0,0.0,0,-0.09,3,139,0,76.3,65.7,41.0,46.2,63.3,86.4,89,0,24,34.0,35,103,1,33.7,5,60.2,62,8.7,9,127.4,7,1,0.0,0,44,24,4.8,8.8,0.71
Brody Gormley,164863,TE,S DAK ST,8,0.0,2,71.4,,0,0,0,0.0,0,0.15,2,292,0,76.3,65.7,63.1,,78.3,83.8,31,0,61,0.0,0,37,0,41.2,5,91.9,34,13.5,5,113.7,7,0,2.7,1,97,97,19.4,19.4,2.85
Derrick Bohler,175983,WR,STF AUSTIN,8,13.1,0,28.6,33.3,1,3,0,0.0,0,-0.12,1,301,0,70.7,62.9,54.6,,54.2,0.0,0,1,8,0.0,0,29,0,35.7,2,96.6,28,69.0,20,0.0,7,0,31.0,9,12,3,1.5,6.0,0.43
Matt Ross,104250,WR,INDIANA ST,5,9.3,1,57.1,100.0,1,1,0,0.0,0,0.08,2,191,0,74.9,65.0,65.8,,65.2,0.0,0,0,23,0.0,0,42,0,53.8,4,92.9,39,0.0,0,77.7,7,0,100.0,42,47,7,1.8,11.8,1.21
Zachary Kim,176952,WR,NEW HAMP,4,12.4,0,71.4,100.0,2,2,0,0.0,0,-0.39,1,240,0,76.3,65.7,68.4,,67.6,0.0,0,0,20,0.0,0,23,0,34.8,5,100.0,23,17.4,4,91.4,7,0,82.6,19,50,16,3.2,10.0,2.17
Jonathan Burns,147950,TE,E TENN ST,10,6.7,1,71.4,0.0,0,1,0,16.7,1,0.1,4,157,0,49.8,65.7,49.5,62.6,55.8,56.1,83,0,33,39.2,58,148,1,45.7,5,58.1,86,26.4,39,153.3,7,1,4.7,7,95,58,11.6,19.0,1.1
Austin Hill,130334,WR,STETSON,1,5.9,1,42.9,0.0,0,2,0,25.0,1,-0.09,1,302,0,39.5,72.7,55.1,,55.4,0.0,0,1,25,0.0,0,18,0,27.8,3,100.0,18,16.7,3,13.1,7,0,83.3,15,25,27,9.0,8.3,1.39
John Barr,181146,WR,NWSTATE,8,16.0,1,57.1,0.0,0,1,0,0.0,0,-0.4,1,257,0,74.9,65.0,58.2,,59.0,0.0,0,0,41,0.0,0,65,1,34.4,4,98.5,64,12.3,8,82.4,7,0,87.7,57,55,20,5.0,13.8,0.86
Javonte King,176770,WR,MONTANA ST,6,7.1,2,57.1,50.0,1,2,0,0.0,0,0.27,1,233,0,74.9,65.0,55.9,,54.2,0.0,0,0,7,0.0,0,26,1,38.5,4,100.0,26,0.0,0,62.2,7,0,100.0,26,16,14,3.5,4.0,0.62
Robert Giaimo,154204,HB,LNDNWD,11,1.9,2,57.1,,0,0,0,0.0,0,-0.35,0,949,0,74.9,84.8,71.4,81.9,53.0,0.0,0,1,6,25.7,29,113,0,30.2,4,70.8,80,5.3,6,22.6,7,0,1.8,2,14,23,5.8,3.5,0.18
Kai Holloway,154041,WR,ROB MORRIS,10,6.7,0,57.1,50.0,1,2,0,20.0,1,-0.03,1,277,0,45.9,66.0,48.7,,48.4,0.0,0,0,6,0.0,0,58,1,36.4,4,94.8,55,37.9,22,62.2,7,0,60.3,35,16,5,1.3,4.0,0.29
Jackson Willette,149677,TE,MARIST,9,4.9,0,71.4,,0,0,0,0.0,0,-0.02,2,213,0,76.3,65.7,52.2,63.6,49.5,82.2,134,0,24,32.5,53,163,2,39.5,5,63.8,104,10.4,17,87.2,7,0,4.9,8,43,54,10.8,8.6,0.41
Kywon Morgan,171782,HB,MURRAY ST,9,-2.9,3,100.0,,0,0,0,0.0,0,-0.35,3,236,0,78.5,83.4,71.7,56.5,63.8,0.0,0,0,8,5.6,4,72,0,38.0,7,93.1,67,4.2,3,82.7,7,0,5.6,4,27,47,6.7,3.9,0.4
Taylor Wright-Rawls,148534,WR,MERCYHURST,5,4.6,0,42.9,0.0,0,1,0,25.0,1,0.1,2,977,0,39.5,64.1,55.2,,55.1,0.0,0,0,15,0.0,0,44,0,34.9,3,97.7,43,0.0,0,55.7,7,0,100.0,44,30,19,6.3,10.0,0.7
Jack Clinkenbeard,149198,WR,SE MO ST,7,7.3,0,57.1,,0,0,0,20.0,1,0.29,3,293,0,45.4,65.0,51.8,,55.3,0.0,0,0,9,0.0,0,66,2,55.7,4,92.4,61,89.4,59,67.0,7,0,10.6,7,29,13,3.3,7.3,0.48
Brandon Rogers,150819,HB,ALCORN ST,10,-1.7,0,71.4,50.0,1,2,0,0.0,0,-0.31,2,107,0,76.3,80.5,65.2,78.1,67.8,0.0,0,0,11,32.8,20,61,0,28.8,5,67.2,41,11.5,7,74.1,7,0,0.0,0,16,27,5.4,3.2,0.39
Braylon Gardoni,171115,WR,COLUMBIA,9,13.0,1,42.9,0.0,0,2,0,25.0,1,-0.12,2,145,0,39.5,64.1,57.2,,57.2,0.0,0,0,15,0.0,0,34,0,39.4,3,97.1,33,100.0,34,59.2,7,0,0.0,0,36,11,3.7,12.0,1.09
Griffin Johnson,171121,HB,COLUMBIA,8,2.6,0,42.9,,0,0,0,0.0,0,0.23,2,145,0,73.1,79.7,74.1,56.0,69.9,0.0,0,0,16,28.9,11,38,0,42.1,3,71.1,27,0.0,0,59.2,7,0,0.0,0,36,16,5.3,12.0,1.33
Nolan Clayton,170919,TE,VILLANOVA,11,3.9,0,42.9,,0,0,0,40.0,2,-0.29,1,334,0,21.7,65.4,53.9,74.7,39.3,82.6,71,0,15,19.8,17,86,0,34.9,3,76.7,66,3.5,3,50.3,7,0,7.0,6,20,27,9.0,6.7,0.3
Nick Lemon,171177,WR,DARTMOUTH,6,14.1,2,42.9,0.0,0,1,0,0.0,0,-0.15,2,148,0,73.1,69.3,67.7,,67.4,0.0,0,0,21,0.0,0,30,0,31.0,3,96.7,29,30.0,9,58.6,7,0,70.0,21,35,47,15.7,11.7,1.21
Sawyer Seidl,177166,HB,N DAKOTA,11,0.0,1,100.0,,0,0,1,0.0,0,-0.04,2,249,0,78.5,73.6,73.2,55.6,63.7,0.0,0,0,16,40.7,46,113,1,47.2,7,57.5,65,0.0,0,91.7,7,0,0.9,1,42,42,6.0,6.0,0.65
Ezra Moleni,170777,HB,SACRAMENTO,9,0.3,1,71.4,,0,0,0,16.7,1,-0.43,2,279,0,49.8,79.7,72.7,68.3,61.5,1.5,1,0,19,34.3,23,67,0,39.4,5,64.2,43,10.4,7,129.2,7,1,1.5,1,47,64,12.8,9.4,1.09
Josh Robinson,177130,HB,ILL STATE,9,-0.9,1,85.7,,0,0,0,14.3,1,0.0,0,188,0,53.4,77.8,64.4,82.2,48.4,0.0,0,0,7,20.4,11,54,0,40.4,6,77.8,42,9.3,5,79.2,7,0,11.1,6,15,18,3.0,2.5,0.36
Aaron Tutino,105976,WR,ST FRANCIS,3,5.3,0,57.1,,0,0,0,33.3,2,-0.25,1,299,0,25.7,84.5,57.8,,57.9,0.0,0,0,13,0.0,0,33,0,39.4,4,100.0,33,33.3,11,64.0,7,0,66.7,22,24,14,3.5,6.0,0.73
Steven Mahar Jr.,123047,TE,DUQUESNE,9,0.7,0,100.0,,0,0,0,0.0,0,-0.02,2,155,0,78.5,66.7,53.9,57.3,54.2,84.9,79,0,12,30.1,28,93,1,41.8,7,67.7,63,1.1,1,121.7,7,2,0.0,0,26,21,3.0,3.7,0.41
Charly Mullaly,177388,WR,HOLY CROSS,4,14.1,1,100.0,100.0,1,1,0,0.0,0,0.2,4,181,0,78.5,66.7,70.1,,73.7,0.0,0,0,43,0.0,0,44,1,45.0,7,90.9,40,15.9,7,158.3,7,1,84.1,37,141,42,6.0,20.1,3.53
Kendric Sanders,170655,HB,CAL POLY,2,-0.1,1,85.7,,0,0,0,14.3,1,0.27,1,129,0,53.4,73.2,54.1,70.0,59.3,0.0,0,0,19,3.2,1,31,0,50.0,6,93.5,29,0.0,0,85.1,7,0,0.0,0,31,34,5.7,5.2,1.07
Shawn Solomon Jr.,178212,HB,DUQUESNE,9,8.7,0,57.1,,0,0,0,0.0,0,0.12,2,155,0,74.9,84.5,64.4,55.1,62.3,0.0,0,1,36,35.3,30,85,0,43.9,4,63.5,54,0.0,0,74.7,7,1,0.0,0,42,30,7.5,10.5,0.78
Romello Jones,172697,WR,CITADEL,6,6.9,2,42.9,,0,0,0,25.0,1,-0.11,2,139,0,39.5,64.1,58.7,,58.3,3.4,1,0,29,0.0,0,29,0,44.4,3,93.1,27,93.1,27,62.2,7,0,0.0,0,41,23,7.7,13.7,1.52
Ian Sheehan,178198,WR,DUQUESNE,9,14.9,1,57.1,0.0,0,2,0,20.0,1,0.39,3,155,0,45.4,65.0,60.7,,61.8,0.0,0,0,35,0.0,0,46,1,53.5,4,93.5,43,4.3,2,99.1,7,0,95.7,44,83,38,9.5,20.8,1.93
Sam Strandell,162184,WR,N DAKOTA,10,9.3,2,71.4,,0,0,0,0.0,0,-0.62,1,249,0,77.5,66.2,63.4,60.9,63.8,0.0,0,0,9,2.9,1,35,0,33.3,5,91.4,32,51.4,18,77.7,7,0,45.7,16,27,12,2.4,5.4,0.84
Aaron Rice,159590,WR,E ILLINOIS,6,12.5,0,33.3,0.0,0,2,0,0.0,0,-0.07,1,158,0,70.7,62.9,54.5,,54.3,0.0,0,0,13,0.0,0,44,0,51.2,2,93.2,41,0.0,0,43.8,6,0,100.0,44,20,10,5.0,10.0,0.49
Malcolm Terry II,121873,HB,COLUMBIA,9,1.0,2,100.0,,0,0,0,0.0,0,0.15,4,145,0,77.5,68.8,76.0,58.0,67.6,0.0,0,0,15,40.5,53,131,0,45.7,6,58.0,76,0.8,1,105.6,6,0,0.8,1,56,50,8.3,9.3,0.74
Bailor Hughes,139031,HB,FURMAN,8,5.5,1,66.7,0.0,0,1,0,20.0,1,0.06,0,170,0,45.9,78.4,59.5,52.2,47.6,0.0,0,0,14,22.4,11,49,0,37.5,4,75.5,37,10.2,5,72.9,6,0,2.0,1,22,27,6.8,5.5,0.59
Jaden Norby,148133,TE,N DAKOTA,12,2.7,0,66.7,,0,0,0,0.0,0,-0.09,1,249,0,74.9,66.3,52.8,77.1,42.3,95.6,151,0,8,26.6,42,158,1,46.9,4,67.1,106,3.2,5,70.8,6,0,0.0,0,19,13,3.3,4.8,0.18
Luke Rives,193378,WR,DARTMOUTH,3,4.3,2,83.3,,0,0,0,0.0,0,-0.24,2,148,0,76.3,68.9,65.4,,66.2,0.0,0,0,14,0.0,0,13,0,46.2,5,100.0,13,46.2,6,85.4,6,0,46.2,6,27,48,9.6,5.4,2.08
Griffin Caldwell,161295,HB,BUTLER,10,0.0,0,83.3,100.0,1,1,0,16.7,1,0.17,0,127,1,49.8,64.5,77.4,82.7,41.0,0.0,0,0,6,63.6,42,66,0,47.0,5,36.4,24,4.5,3,79.2,6,0,9.1,6,14,27,5.4,2.8,0.58
Taron Biles-Walker,174272,WR,NORFOLK,8,2.7,0,66.7,,0,0,0,0.0,0,-0.19,2,244,0,74.9,68.2,56.3,,55.8,0.0,0,0,10,0.0,0,48,0,33.3,4,87.5,42,97.9,47,71.5,6,0,0.0,0,20,21,5.3,5.0,0.48
Roriyon Richardson,182785,WR,TEXAS STHN,4,8.8,0,50.0,50.0,2,4,0,0.0,0,0.03,2,313,0,73.1,64.1,55.9,,55.2,0.0,0,0,11,0.0,0,44,0,36.4,3,100.0,44,0.0,0,57.6,6,0,100.0,44,20,4,1.3,6.7,0.45
Tay Norman,148192,WR,N IOWA,7,5.5,0,83.3,,0,0,0,16.7,1,0.23,2,255,0,49.8,65.7,57.8,,57.3,0.0,0,0,16,0.0,0,33,0,51.6,5,93.9,31,12.1,4,97.9,6,0,87.9,29,45,17,3.4,9.0,1.45
Lavar Lindo,122107,TE,STF AUSTIN,9,9.2,0,83.3,,0,0,0,0.0,0,0.21,4,301,0,76.3,65.7,60.2,54.4,64.5,61.0,47,0,32,27.3,21,77,0,43.2,5,68.8,53,31.2,24,149.3,6,1,2.6,2,62,20,4.0,12.4,1.17
Savion Sims,153278,WR,TEXAS STHN,9,9.0,1,83.3,100.0,1,1,0,0.0,0,-0.26,3,313,0,76.3,65.7,55.9,,54.0,0.0,0,1,18,0.0,0,112,0,42.2,5,91.1,102,4.5,5,68.8,6,0,95.5,107,60,21,4.2,12.0,0.59
Matt Lowe,128185,TE,MORGAN ST,10,4.8,0,83.3,100.0,1,1,0,0.0,0,-0.35,5,235,0,76.3,65.7,64.4,69.3,66.6,78.4,58,0,27,32.4,24,74,1,27.9,5,63.5,47,16.2,12,107.6,6,0,0.0,0,59,40,8.0,11.8,1.26
Ness Davis,166999,HB,ARKAPB,6,1.8,1,66.7,,0,0,0,20.0,1,0.07,2,112,0,45.9,77.3,60.5,62.1,51.2,0.0,0,0,19,13.0,7,54,0,41.5,4,85.2,46,5.6,3,81.9,6,0,5.6,3,35,39,9.8,8.8,0.76
Taj Butts,128015,HB,DUQUESNE,6,-2.0,0,83.3,,0,0,0,0.0,0,0.34,2,155,0,76.3,84.5,68.9,70.2,60.5,0.0,0,0,13,43.8,39,89,0,50.6,5,53.9,48,4.5,4,88.9,6,0,3.4,3,32,42,8.4,6.4,0.67
Eli Mahan,148372,TE,MAINE,10,3.5,0,33.3,0.0,0,3,1,0.0,0,0.09,2,212,0,70.7,64.6,47.5,42.8,43.9,82.0,73,1,8,23.6,21,89,5,46.4,2,75.3,67,7.9,7,2.8,6,0,2.2,2,12,7,3.5,6.0,0.18
Luke Pecovic,149674,TE,MARIST,11,1.7,0,66.7,,0,0,0,0.0,0,-0.13,2,213,0,74.9,65.0,48.9,70.0,48.9,81.1,172,1,15,43.9,93,212,0,39.3,4,54.2,115,10.8,23,43.1,6,0,7.1,15,36,30,7.5,9.0,0.31
Wesley Graves,150549,HB,NC A&T,5,0.7,0,50.0,,0,0,0,25.0,1,-0.12,2,246,0,39.5,83.7,61.2,57.3,49.8,1.1,1,2,17,33.0,29,88,0,43.7,3,67.0,59,0.0,0,24.3,6,0,0.0,0,29,34,11.3,9.7,0.49
Cameren Dalrymple,144301,FB,NC A&T,10,2.7,0,66.7,0.0,0,1,0,0.0,0,-0.16,3,246,0,74.9,84.1,65.3,30.0,57.2,0.0,0,0,35,39.2,51,130,0,34.7,4,55.4,72,0.8,1,101.4,6,0,6.2,8,63,55,13.8,15.8,0.88
CJ Miller,159836,HB,MERCER,13,-1.2,2,100.0,,0,0,1,0.0,0,-0.07,3,219,0,77.5,52.0,72.7,58.4,68.2,0.0,0,0,37,25.0,28,112,1,39.1,6,73.2,82,7.1,8,118.8,6,0,0.0,0,82,89,14.8,13.7,1.0
Elijah Ervin,177211,WR,S DAK ST,11,4.3,0,33.3,0.0,0,3,0,33.3,1,0.2,1,292,0,31.6,62.9,57.5,,50.1,0.0,0,0,8,0.0,0,53,0,44.0,2,94.3,50,0.0,0,42.4,6,0,100.0,53,13,12,6.0,6.5,0.26
Nathan Schillinger,163929,TE,HOLY CROSS,12,12.3,0,50.0,0.0,0,1,1,0.0,0,0.28,2,181,0,73.1,64.1,47.7,32.8,50.3,72.9,78,0,29,18.7,20,107,2,44.6,3,77.6,83,16.8,18,74.3,6,0,6.5,7,44,15,5.0,14.7,0.53
Asa Chatman,188636,HB,UTAHTC,3,-3.2,2,83.3,,0,0,0,16.7,1,0.12,0,1285,0,49.8,71.3,60.1,75.4,54.9,0.0,0,0,9,18.2,4,22,0,45.5,5,81.8,18,0.0,0,79.2,6,0,9.1,2,13,33,6.6,2.6,0.72
Jojo Uga,193274,HB,ALBANY,11,0.7,1,83.3,,0,0,0,0.0,0,-0.26,1,106,1,76.3,59.4,75.0,86.5,42.0,0.0,0,0,15,38.1,37,97,2,48.4,5,59.8,58,0.0,0,80.6,6,0,0.0,0,20,18,3.6,4.0,0.34
Ry Yates,142432,TE,YALE,5,11.0,1,66.7,0.0,0,1,0,33.3,2,0.12,3,352,0,26.0,65.0,60.6,75.5,57.0,68.1,47,0,24,27.5,19,69,0,44.4,4,65.2,45,14.5,10,136.8,6,1,15.9,11,57,22,5.5,14.3,1.27
Johnny Crawford III,161862,HB,CITADEL,11,0.8,3,83.3,,0,0,0,0.0,0,-0.46,2,139,0,76.3,29.8,56.1,28.3,71.3,0.0,0,0,24,28.6,16,56,0,26.5,5,58.9,33,0.0,0,104.9,6,0,0.0,0,55,55,11.0,11.0,1.67
Trevon West,122948,WR,TARLETON,5,4.5,1,83.3,100.0,1,1,0,0.0,0,0.35,3,401,0,76.3,65.7,63.6,,63.1,0.0,0,0,14,0.0,0,36,0,54.5,5,91.7,33,5.6,2,99.3,6,0,94.4,34,47,25,5.0,9.4,1.42
Irv Mulligan,105619,HB,JACKSON ST,12,1.5,2,50.0,,0,0,1,0.0,0,0.28,1,194,0,74.9,84.9,88.8,59.1,57.7,0.0,0,0,22,43.4,62,143,2,50.0,3,53.8,77,7.0,10,70.8,6,0,0.0,0,39,31,10.3,13.0,0.51
Tama Tuitele,100993,TE,N COLORADO,9,10.2,0,66.7,100.0,1,1,0,20.0,1,-0.33,2,253,0,45.9,66.5,45.6,76.9,43.4,42.3,30,0,23,21.1,15,71,2,30.0,4,77.5,55,38.0,27,88.2,6,0,5.6,4,44,7,1.8,11.0,0.8
Christopher Hall,189095,WR,SAN DIEGO,3,11.2,1,83.3,,0,0,0,0.0,0,-0.01,4,283,0,76.3,65.9,72.9,,70.2,0.0,0,0,27,0.0,0,36,0,42.9,5,94.4,34,88.9,32,158.3,6,1,11.1,4,77,29,5.8,15.4,2.26
Jake Cox,141549,TE,IDAHO,5,4.8,0,66.7,0.0,0,1,0,0.0,0,0.13,2,185,0,74.9,65.0,63.9,49.5,61.5,87.5,42,0,36,27.1,13,48,0,39.1,4,68.8,33,4.2,2,130.6,6,2,8.3,4,48,28,7.0,12.0,1.45
Matt Colombo,131822,HB,SAN DIEGO,3,0.0,0,100.0,,0,0,0,0.0,0,-0.29,1,283,1,77.5,52.4,63.1,50.8,44.1,0.0,0,0,11,17.9,12,67,0,34.4,6,77.6,52,3.0,2,92.4,6,0,4.5,3,37,37,6.2,6.2,0.71
Treylin Whaley,160858,TE,NICHOLLS,6,16.3,0,50.0,100.0,2,2,0,0.0,0,-0.21,3,243,0,73.1,64.1,64.2,31.5,72.7,33.3,8,1,18,4.2,1,24,0,21.7,3,95.8,23,41.7,10,70.8,6,2,25.0,6,39,7,2.3,13.0,1.7
J'Wan Evans,99628,HB,N ARIZONA,10,0.5,3,83.3,,0,0,0,0.0,0,0.05,1,252,0,77.5,83.4,81.0,79.5,65.3,0.0,0,0,16,11.1,7,63,0,49.2,5,82.5,52,1.6,1,89.6,6,0,1.6,1,33,40,8.0,6.6,0.63
Josh Crabtree,122859,WR,MURRAY ST,4,8.8,0,50.0,0.0,0,1,0,0.0,0,-0.79,2,236,0,73.1,64.1,54.1,,55.4,0.0,0,1,12,0.0,0,39,0,25.0,3,92.3,36,84.6,33,22.2,6,0,15.4,6,26,15,5.0,8.7,0.72
Jesse Valenzuela,174532,HB,HOUCHR,10,8.3,0,83.3,,0,0,0,0.0,0,0.2,2,183,0,76.3,65.9,70.0,63.3,64.5,0.0,0,1,49,39.4,28,71,1,37.5,5,54.9,39,7.0,5,118.8,6,1,1.4,1,77,36,7.2,15.4,1.97
Michael Otterstedt,147581,TE,CAL POLY,8,17.7,0,50.0,0.0,0,1,0,0.0,0,0.17,2,129,0,73.1,64.1,52.4,57.8,59.5,93.9,62,0,34,37.9,25,66,3,42.4,3,62.1,41,4.5,3,120.1,6,1,1.5,1,53,11,3.7,17.7,1.29
Brady Blackburn,191743,WR,HARVARD,10,7.3,0,66.7,,0,0,0,0.0,0,0.31,0,179,0,74.9,65.0,55.4,,53.2,0.0,0,0,9,0.0,0,61,0,53.3,4,98.4,60,11.5,7,75.7,6,0,88.5,54,26,5,1.3,6.5,0.43
Udechukwu Enyeribe,172022,HB,GEORGETOWN,8,1.8,0,16.7,,0,0,0,0.0,0,-0.67,1,172,0,66.7,81.7,58.1,61.4,51.7,0.0,0,0,12,12.0,6,50,0,31.9,1,84.0,42,4.0,2,39.6,6,0,0.0,0,12,12,12.0,12.0,0.29
Jordan Hornbeak,146035,HB,N COLORADO,9,0.0,0,83.3,100.0,1,1,0,0.0,0,-0.32,1,253,0,76.3,77.0,63.9,45.3,62.8,0.0,0,0,9,9.5,4,42,0,33.3,5,85.7,36,21.4,9,79.2,6,0,7.1,3,13,17,3.4,2.6,0.36
Elijah Daniels,174478,WR,CENT CT ST,4,14.5,0,33.3,50.0,1,2,0,33.3,1,-0.49,2,133,0,17.0,62.9,53.5,,54.6,0.0,0,0,32,0.0,0,39,0,30.6,2,92.3,36,23.1,9,99.3,6,1,76.9,30,43,1,0.5,21.5,1.19
Jaylon Spears,150117,HB,NICHOLLS,2,0.0,1,66.7,,0,0,0,0.0,0,-0.09,2,243,0,74.9,31.0,62.4,73.5,73.6,0.0,0,0,29,9.5,2,21,0,35.0,4,85.7,18,14.3,3,80.6,6,0,4.8,1,33,43,10.8,8.3,1.83
Brandon Langdok,143178,WR,DRAKE,7,9.7,0,50.0,50.0,1,2,0,40.0,2,-0.14,2,153,0,21.7,70.9,48.1,,49.8,2.7,1,0,14,0.0,0,37,0,34.4,3,86.5,32,81.1,30,100.7,6,1,16.2,6,25,3,1.0,8.3,0.78
Sean Clarke,159178,TE,RICHMOND,13,6.8,0,83.3,,0,0,0,16.7,1,0.45,3,276,0,49.8,65.7,58.1,78.7,54.2,65.6,61,0,15,35.5,33,93,3,50.6,5,62.4,58,33.3,31,132.6,6,1,0.0,0,38,9,1.8,7.6,0.66
Ryan von Brandt,160925,WR,VA MILT IN,11,10.8,0,50.0,0.0,0,1,0,0.0,0,-0.43,1,336,0,73.1,64.1,51.2,68.4,53.2,3.4,2,0,17,3.4,2,58,0,21.1,3,94.8,55,87.9,51,101.4,6,1,8.6,5,26,4,1.3,8.7,0.47
Andrew Jacobs,164836,WR,YNGTOWN ST,7,10.0,6,66.7,66.7,2,3,0,0.0,0,-0.17,2,353,0,74.9,65.0,65.1,,63.1,0.0,0,0,23,0.0,0,50,0,35.4,4,96.0,48,42.0,21,84.7,6,0,58.0,29,39,8,2.0,9.8,0.81
Mason Mini,175102,TE,IDAHO,12,9.5,1,83.3,,0,0,0,16.7,1,0.1,2,185,0,53.4,67.4,49.0,39.2,50.9,70.2,85,0,27,14.9,18,121,2,47.7,5,78.5,95,16.5,20,109.0,6,0,9.1,11,61,22,4.4,12.2,0.64
Damien Moore,70767,HB,LAMAR,12,3.3,3,66.7,,0,0,0,0.0,0,0.28,3,204,0,76.3,82.4,74.1,43.1,71.4,0.0,0,0,72,12.5,8,64,0,43.4,4,76.6,49,0.0,0,149.3,6,2,1.6,1,103,89,22.3,25.8,2.1
Justice Jackson,141526,HB,IDAHO ST,12,-3.2,2,83.3,,0,0,0,0.0,0,-0.07,0,186,0,76.3,80.1,74.0,84.3,60.5,0.0,0,0,9,46.2,36,78,0,44.6,5,52.6,41,3.8,3,79.2,6,0,7.7,6,12,30,6.0,2.4,0.29
Nicholas Brown,179048,TE,SCAR STATE,9,7.5,0,33.3,0.0,0,2,0,0.0,0,0.44,2,290,0,70.7,66.7,47.3,71.6,54.5,74.2,46,0,67,14.5,9,62,3,50.0,2,82.3,51,24.2,15,121.5,6,1,0.0,0,89,70,35.0,44.5,1.75
Carson Williams,145677,TE,N DAK ST,16,10.0,0,33.3,25.0,1,4,0,33.3,1,0.32,0,250,0,32.3,64.6,44.6,59.0,33.8,80.9,114,0,6,16.3,23,141,2,51.9,2,75.2,106,16.3,23,42.4,6,0,2.8,4,11,5,2.5,5.5,0.1
Chase Holmes,187175,WR,DAYTON,3,12.0,0,66.7,0.0,0,1,0,0.0,0,-0.48,4,150,0,74.9,65.0,71.1,,71.0,0.0,0,1,21,0.0,0,16,0,53.3,4,93.8,15,0.0,0,54.2,6,0,100.0,16,52,11,2.8,13.0,3.47
Jaden Scott,162123,WR,CHARLES SO,7,14.5,1,66.7,0.0,0,1,0,0.0,0,0.06,1,135,0,74.9,65.0,57.4,,57.1,0.0,0,0,27,0.0,0,34,0,41.2,4,100.0,34,17.6,6,92.4,6,0,82.4,28,50,2,0.5,12.5,1.47
Gregory Perkins,141802,TE,NORFOLK,12,6.5,0,66.7,,0,0,0,20.0,1,-0.08,2,244,0,45.4,65.0,47.8,66.0,46.1,89.7,157,1,14,57.1,100,175,0,36.5,4,40.0,70,2.9,5,79.2,6,1,0.6,1,31,14,3.5,7.8,0.44
Seth Glatz,164938,HB,ILL STATE,12,4.3,1,83.3,0.0,0,1,0,0.0,0,-0.43,3,188,0,76.3,58.5,73.9,75.8,59.8,0.0,0,0,16,6.3,4,63,0,38.3,5,90.5,57,12.7,8,100.7,6,0,9.5,6,49,50,10.0,9.8,0.86
Willtrell Hartson,170253,HB,S ILLINOIS,8,-4.2,1,100.0,,0,0,0,0.0,0,-0.07,2,295,0,77.5,44.5,58.4,27.8,66.2,0.0,0,0,19,12.1,7,58,0,49.1,6,86.2,50,3.4,2,88.2,6,0,3.4,2,31,56,9.3,5.2,0.62
James Randle,185910,WR,W CAROLINA,7,12.7,0,50.0,50.0,1,2,0,0.0,0,-0.56,1,344,0,73.1,70.9,64.5,,60.6,0.0,0,0,21,0.0,0,33,0,24.2,3,97.0,32,6.1,2,70.8,6,0,93.9,31,39,13,4.3,13.0,1.22
Maxwell Woods,192051,HB,S DAK ST,6,-1.3,2,83.3,,0,0,0,16.7,1,-0.33,0,292,0,53.4,80.6,72.2,28.7,52.8,0.0,0,0,9,6.5,2,31,0,34.5,5,87.1,27,12.9,4,79.9,6,0,9.7,3,19,34,6.8,3.8,0.7
Keion Battle,130537,WR,W ILLINOIS,1,13.0,0,33.3,0.0,0,2,0,0.0,0,-0.15,0,345,0,70.7,62.9,55.5,,55.7,0.0,0,0,8,0.0,0,16,0,42.9,2,87.5,14,0.0,0,42.4,6,0,100.0,16,14,1,0.5,7.0,1.0
Albert Thomas,189291,WR,PRVIEW A&M,10,15.5,0,66.7,0.0,0,1,0,20.0,1,0.04,3,270,0,45.4,65.0,58.6,64.4,58.7,1.7,1,0,42,1.7,1,59,1,32.8,4,96.6,57,20.3,12,143.8,6,1,78.0,46,67,10,2.5,16.8,1.18
Cameron Heald,149444,TE,BUTLER,12,8.7,0,83.3,100.0,2,2,0,0.0,0,0.08,2,127,0,76.3,66.6,54.6,76.0,53.5,69.1,67,0,12,33.0,32,97,1,52.2,5,60.8,59,25.8,25,85.4,6,0,4.1,4,27,4,0.8,5.4,0.46
Gregory Martin,178876,WR,MS VLY ST,6,14.0,0,66.7,,0,0,0,0.0,0,-0.19,1,228,0,74.9,72.1,65.3,,64.9,0.0,0,0,29,0.0,0,33,0,31.3,4,97.0,32,93.9,31,134.7,6,1,6.1,2,54,8,2.0,13.5,1.69
Jawon Hall,185558,WR,YNGTOWN ST,6,9.3,1,66.7,50.0,1,2,0,0.0,0,0.13,2,353,0,74.9,69.6,59.0,,59.4,0.0,0,0,24,0.0,0,39,1,44.7,4,97.4,38,12.8,5,87.5,6,0,87.2,34,43,14,3.5,10.8,1.13
Matthew Akuchie,123588,WR,WM & MARY,11,21.3,0,50.0,100.0,2,2,0,0.0,0,0.29,3,348,0,73.1,64.1,60.3,,57.1,0.0,0,1,25,0.0,0,86,0,54.3,3,94.2,81,16.3,14,75.0,6,1,83.7,72,45,-2,-0.7,15.0,0.56
Jouvensly Bazil,100591,HB,BETH COOK,7,-2.7,0,83.3,,0,0,0,16.7,1,-0.32,0,119,0,49.8,78.0,52.6,25.1,48.5,0.0,0,0,5,23.0,14,61,0,32.8,5,73.8,45,3.3,2,79.2,6,0,0.0,0,6,15,3.0,1.2,0.13
Scott Raymond,159489,TE,ST FRANCIS,2,1.0,0,50.0,0.0,0,1,0,25.0,1,-0.87,0,299,0,40.2,64.1,61.6,41.9,60.1,60.0,15,1,9,8.0,2,25,0,28.0,3,92.0,23,28.0,7,19.4,6,0,12.0,3,22,14,4.7,7.3,0.96
Tommy Donovan,177116,WR,ILL STATE,5,6.8,0,50.0,50.0,1,2,0,40.0,2,0.16,3,188,0,21.7,65.4,53.6,,53.3,0.0,0,0,14,0.0,0,32,0,46.7,3,93.8,30,90.6,29,58.3,6,0,9.4,3,21,1,0.3,7.0,0.7
Santana Fleming,177949,WR,W CAROLINA,4,7.4,0,80.0,,0,0,0,0.0,0,-0.35,2,344,0,74.9,65.0,62.6,,62.5,2.2,1,0,25,0.0,0,46,0,34.8,4,100.0,46,30.4,14,103.3,5,0,67.4,31,44,24,6.0,11.0,0.96
Logan Gingg,149620,HB,SAN DIEGO,10,2.6,0,80.0,,0,0,0,0.0,0,0.08,2,283,0,74.9,86.7,72.8,72.4,64.4,2.0,2,0,9,34.7,35,101,0,46.5,4,63.4,64,5.9,6,84.2,5,0,1.0,1,21,24,6.0,5.3,0.33
Davis Ellis,148971,WR,PENN,7,7.4,0,60.0,0.0,0,1,0,0.0,0,0.46,1,267,0,73.1,64.1,61.2,,60.6,0.0,0,0,6,0.0,0,17,0,43.8,3,94.1,16,11.8,2,64.6,5,0,88.2,15,12,1,0.3,4.0,0.75
Kyle Pinnix,150021,WR,WOFFORD,3,12.4,1,60.0,,0,0,0,25.0,1,-0.79,2,350,0,39.5,64.1,56.5,,58.8,0.0,0,1,20,0.0,0,28,1,33.3,3,85.7,24,17.9,5,43.3,5,0,82.1,23,37,31,10.3,12.3,1.54
Rodny Ojo,189289,WR,PRVIEW A&M,3,19.0,0,40.0,,0,0,0,0.0,0,0.05,1,270,0,70.7,62.9,63.3,,62.6,0.0,0,0,15,0.0,0,16,0,40.0,2,93.8,15,6.3,1,47.9,5,0,93.8,15,14,0,0.0,7.0,0.93
Trevor Shorter,148610,WR,MERRIMACK,10,6.6,0,80.0,100.0,1,1,0,0.0,0,-0.12,2,385,0,74.9,65.0,55.5,,56.0,0.0,0,0,13,0.0,0,66,1,35.0,4,90.9,60,6.1,4,128.8,5,1,93.9,62,27,6,1.5,6.8,0.45
Jamario Clements,148567,HB,DUQUESNE,11,-0.2,0,100.0,,0,0,0,0.0,0,0.36,1,155,0,76.3,69.3,76.5,81.3,56.1,0.0,0,0,14,41.8,71,170,0,48.1,5,55.3,94,0.6,1,90.8,5,0,0.0,0,29,30,6.0,5.8,0.31
JD Martin,151035,HB,JACKSON ST,3,-0.6,0,80.0,,0,0,0,0.0,0,0.17,2,194,0,74.9,45.2,75.5,68.5,72.4,0.0,0,0,27,31.3,10,32,0,48.3,4,62.5,20,9.4,3,106.7,5,0,3.1,1,48,46,11.5,12.0,2.4
Ashton Reynolds,189332,WR,STETSON,9,6.0,0,20.0,50.0,1,2,0,0.0,0,-0.49,1,302,0,66.7,61.0,46.4,,48.8,0.0,0,0,14,0.0,0,88,0,31.3,1,90.9,80,100.0,88,39.6,5,0,0.0,0,14,0,0.0,14.0,0.18
Declan McKevitt,148374,TE,MAINE,12,9.4,0,80.0,0.0,0,1,0,0.0,0,0.04,3,212,0,76.3,67.9,55.2,62.6,69.1,65.1,41,0,25,20.6,13,63,1,40.7,4,68.3,43,19.0,12,151.3,5,1,4.8,3,54,17,4.3,13.5,1.26
Charlie Mill,148333,WR,ELON,6,8.4,0,60.0,100.0,1,1,0,25.0,1,-0.32,3,162,0,39.5,64.1,53.4,99.9,53.4,0.0,0,0,18,3.6,2,55,0,32.7,3,90.9,50,30.9,17,74.6,5,0,65.5,36,27,0,0.0,9.0,0.54
Tymere Robinson,153308,HB,HAMPTON,12,-2.0,0,100.0,,0,0,0,0.0,0,-0.15,3,178,0,76.3,88.0,73.6,20.7,64.7,0.0,0,0,28,10.7,13,121,0,40.7,5,84.3,102,0.8,1,141.3,5,1,0.0,0,42,54,10.8,8.4,0.41
Ja'Quan Snipes,153312,HB,HAMPTON,9,-4.4,0,100.0,,0,0,0,0.0,0,0.14,0,178,0,76.3,86.9,75.4,83.7,54.5,0.0,0,0,7,18.7,17,91,0,48.2,5,76.9,70,5.5,5,79.2,5,0,0.0,0,2,24,4.8,0.4,0.03
Alek Marshall,191399,TE,CAL POLY,11,9.8,0,80.0,,0,0,0,0.0,0,0.38,3,129,0,45.4,65.0,48.2,46.4,58.5,85.7,48,0,18,26.8,15,56,1,51.0,4,64.3,36,14.3,8,136.3,5,2,0.0,0,36,12,3.0,9.0,1.0
Jeremiah Edwards,88748,WR,TENN MARTN,5,14.2,0,40.0,,0,0,0,33.3,1,-0.1,1,310,0,31.6,62.9,54.7,,54.1,0.0,0,0,18,0.0,0,19,0,36.8,2,100.0,19,100.0,19,57.1,5,0,0.0,0,26,18,9.0,13.0,1.37
Unterrio Latin-Henley,191480,HB,MONTANA ST,2,-2.2,1,100.0,,0,0,0,0.0,0,0.24,1,233,0,76.3,72.1,71.0,,86.7,0.0,0,0,12,0.0,0,8,0,50.0,5,100.0,8,0.0,0,93.3,5,0,0.0,0,32,43,8.6,6.4,4.0
Cole Hoskyns,154715,TE,GARD-WEBB,8,1.2,0,100.0,100.0,1,1,0,0.0,0,0.27,1,171,0,77.5,68.3,48.6,47.6,53.1,58.1,54,0,18,19.4,18,93,1,48.2,5,72.0,67,35.5,33,79.2,5,0,3.2,3,15,9,1.8,3.0,0.22
Tyler Picinic,155397,TE,PRINCETON,2,7.4,0,60.0,0.0,0,1,0,25.0,1,-0.34,2,272,0,39.5,64.1,54.5,58.8,57.6,40.0,16,0,13,25.0,10,40,1,25.6,3,72.5,29,37.5,15,110.0,5,1,22.5,9,22,1,0.3,7.3,0.76
Justin Luke,155542,WR,N ALABAMA,10,20.4,0,80.0,,0,0,0,0.0,0,0.22,4,389,0,74.9,72.5,72.7,,74.0,0.0,0,0,70,0.0,0,39,0,45.9,4,94.9,37,12.8,5,158.3,5,2,87.2,34,131,59,14.8,32.8,3.54
Hans Wisnewski,197660,TE,CAMPBELL,12,6.6,2,40.0,,0,0,0,33.3,1,0.23,2,131,0,31.6,62.9,42.3,69.8,48.1,94.0,94,0,19,27.0,27,100,2,46.2,2,65.0,65,2.0,2,60.4,5,0,0.0,0,30,12,6.0,15.0,0.46
Jeremiah Giedrys,156263,WR,STETSON,4,10.2,0,40.0,0.0,0,1,0,0.0,0,-0.19,1,302,0,70.7,62.9,58.9,,59.8,0.0,0,0,11,0.0,0,16,0,37.5,2,100.0,16,0.0,0,51.3,5,0,100.0,16,19,10,5.0,9.5,1.19
Jimmy Casey,156289,TE,SACR HEART,11,4.8,0,60.0,0.0,0,1,0,0.0,0,-0.16,1,280,0,73.1,64.1,51.9,38.8,46.0,66.0,62,1,14,8.5,8,94,0,38.9,3,88.3,83,30.9,29,30.0,5,0,2.1,2,21,13,4.3,7.0,0.25
Darius Stewart,147714,HB,N COLORADO,11,-3.4,1,100.0,,0,0,0,0.0,0,-0.46,0,253,0,76.3,85.6,68.1,53.7,56.5,0.0,0,0,6,27.9,17,61,0,28.3,5,72.1,44,9.8,6,79.2,5,0,1.6,1,8,25,5.0,1.6,0.18
Anthony Stell Jr.,88718,WR,INCAR WORD,4,12.2,0,40.0,0.0,0,1,0,0.0,0,0.11,0,189,0,70.7,62.9,47.1,,48.1,0.0,0,0,8,0.0,0,61,0,41.8,2,90.2,55,6.6,4,47.9,5,0,93.4,57,10,0,0.0,5.0,0.18
RJ Hart,97797,WR,STNY BROOK,3,10.2,0,60.0,100.0,1,1,0,0.0,0,0.29,2,303,0,73.1,64.1,58.9,,58.3,0.0,0,0,10,0.0,0,26,1,52.0,3,96.2,25,11.5,3,69.6,5,0,88.5,23,21,2,0.7,7.0,0.84
Rayf Vinson,146809,WR,SAMFORD,7,6.6,0,100.0,,0,0,0,0.0,0,-0.12,2,282,0,76.3,65.7,56.9,18.0,61.8,2.8,2,0,89,5.6,4,71,0,41.4,5,93.0,66,90.1,64,158.3,5,1,0.0,0,122,89,17.8,24.4,1.85
Troy Fletcher,158925,HB,CAL POLY,6,-0.8,2,100.0,,0,0,0,0.0,0,-0.17,2,129,0,76.3,76.8,62.9,63.9,64.2,0.0,0,0,17,27.3,18,66,0,29.5,5,66.7,44,1.5,1,101.7,5,0,1.5,1,42,46,9.2,8.4,0.95
Tyrece Fairly-Diyem,158926,WR,CAL POLY,2,23.4,5,40.0,50.0,1,2,0,0.0,0,-0.07,2,129,0,70.7,65.3,65.5,,66.1,0.0,0,0,43,0.0,0,42,0,41.5,2,97.6,41,28.6,12,85.4,5,0,71.4,30,60,29,14.5,30.0,1.46
Landyn Backey,159121,WR,ELON,6,10.2,0,60.0,75.0,3,4,0,0.0,0,0.16,2,162,0,73.1,65.4,57.1,,56.6,0.0,0,0,10,0.0,0,39,0,41.7,3,92.3,36,30.8,12,71.3,5,0,69.2,27,23,0,0.0,7.7,0.64
Peyton Strickland,159162,TE,NEW HAMP,10,8.8,0,20.0,0.0,0,1,0,0.0,0,-0.09,1,240,0,66.7,61.0,53.5,72.8,52.4,56.9,29,1,16,9.8,5,51,0,39.6,1,84.3,43,35.3,18,0.8,5,0,5.9,3,16,10,10.0,16.0,0.37
Joshua Nicholson,146158,WR,SACRAMENTO,4,8.0,0,20.0,,0,0,0,50.0,1,-0.59,0,279,0,24.5,72.3,51.1,,53.0,0.0,0,1,9,0.0,0,28,0,29.6,1,96.4,27,17.9,5,0.0,5,0,82.1,23,9,5,5.0,9.0,0.33
Dean Boyd,159328,WR,HARVARD,10,20.2,0,0.0,,0,0,0,100.0,1,0.22,0,179,0,16.4,,48.3,,46.1,0.0,0,0,0,0.0,0,43,1,41.0,0,90.7,39,7.0,3,39.6,5,0,93.0,40,0,0,,,0.0
Pat Bowen,159446,HB,LIUSHAR,11,-2.8,0,80.0,,0,0,0,0.0,0,0.04,1,1298,0,74.9,66.8,66.5,63.7,56.0,0.0,0,1,24,32.2,39,121,0,36.3,4,65.3,79,1.7,2,95.0,5,1,2.5,3,34,45,11.3,8.5,0.43
Josh Burrell,143875,TE,FURMAN,2,5.6,2,40.0,,0,0,0,0.0,0,-0.66,2,170,0,70.7,62.9,56.8,72.5,61.6,45.2,14,0,37,12.9,4,31,0,22.6,2,87.1,27,51.6,16,71.3,5,0,3.2,1,43,24,12.0,21.5,1.59
EJ Oakmon,160061,HB,TXAMEA,3,6.8,1,80.0,,0,0,0,0.0,0,0.06,1,1139,0,76.3,77.3,72.0,64.7,78.1,0.0,0,0,62,25.5,13,51,0,38.1,4,64.7,33,9.8,5,158.3,5,1,0.0,0,74,52,13.0,18.5,2.24
Jalon Howard,160234,WR,FL A&M,2,6.2,0,20.0,0.0,0,1,0,0.0,0,-1.72,0,164,0,66.7,61.0,55.9,,55.9,0.0,0,1,7,0.0,0,10,0,0.0,1,100.0,10,70.0,7,0.0,5,0,30.0,3,7,10,10.0,7.0,0.7
Trey Goodridge,177108,WR,NC CENT,4,22.0,0,0.0,0.0,0,1,0,100.0,1,-0.56,0,247,0,16.4,64.2,44.9,,45.5,0.0,0,1,0,0.0,0,11,0,36.4,0,100.0,11,100.0,11,0.0,5,0,0.0,0,0,0,,,0.0
Dave Thomson,160482,TE,COLGATE,12,5.6,0,80.0,0.0,0,1,0,0.0,0,-0.13,3,142,0,74.9,67.6,42.7,57.6,54.0,57.5,46,0,14,23.8,19,80,2,40.3,4,75.0,60,28.8,23,90.0,5,0,7.5,6,28,12,3.0,7.0,0.47
Jamal Browder,160605,WR,ARKAPB,4,15.2,1,40.0,0.0,0,1,0,0.0,0,-0.1,1,112,0,70.7,62.9,55.4,,55.0,0.0,0,1,11,0.0,0,44,0,36.6,2,93.2,41,11.4,5,8.3,5,0,88.6,39,11,7,3.5,5.5,0.27
Ricky Ortega,142401,QB,CENT CT ST,6,2.6,0,60.0,,0,0,0,25.0,1,-0.5,1,133,0,39.5,76.6,60.3,,73.4,0.0,0,0,9,0.0,0,17,2,50.0,3,58.8,10,35.3,6,72.9,5,0,11.8,2,25,32,10.7,8.3,2.5
Luke Schalow,160917,HB,VA MILT IN,11,-1.4,2,80.0,,0,0,1,0.0,0,-0.57,0,336,0,74.9,79.1,53.4,82.6,62.3,0.0,0,0,16,23.9,16,67,1,21.9,4,73.1,49,1.5,1,88.3,5,0,1.5,1,26,36,9.0,6.5,0.53
Ryan Lee,161354,TE,DELWARE ST,10,6.2,0,100.0,100.0,1,1,0,0.0,0,-0.27,1,152,0,76.3,67.3,46.7,57.7,49.4,52.9,46,0,42,4.6,4,87,1,28.9,5,90.8,79,43.7,38,108.3,5,0,1.1,1,50,19,3.8,10.0,0.63
Da'shun Hugley,141886,WR,SE LA,10,11.6,0,40.0,100.0,1,1,0,0.0,0,-0.21,0,294,0,73.1,66.0,49.0,63.8,48.7,0.0,0,1,6,1.1,1,88,0,38.6,2,93.2,82,26.1,23,8.3,5,0,72.7,64,12,2,1.0,6.0,0.15
Xander Werner,141661,TE,N ARIZONA,12,8.0,0,60.0,,0,0,0,0.0,0,0.04,3,252,0,73.1,66.2,67.6,56.4,68.6,70.0,35,1,25,22.0,11,50,1,46.8,3,72.0,36,26.0,13,82.9,5,1,2.0,1,37,24,8.0,12.3,1.03
Qwentin Brown,161828,HB,BROWN,8,-0.2,2,80.0,,0,0,0,0.0,0,0.04,3,123,0,76.3,79.7,72.0,80.0,63.9,1.9,1,0,14,14.8,8,54,0,46.0,4,79.6,43,5.6,3,108.3,5,0,0.0,0,50,49,12.3,12.5,1.16
Deverious Abercrombie,162224,WR,PRESBYTERN,4,16.4,0,80.0,,0,0,0,0.0,0,-0.15,2,271,1,74.9,12.0,57.8,,59.8,1.9,1,0,30,0.0,0,52,2,38.8,4,94.2,49,7.7,4,118.8,5,0,90.4,47,67,14,3.5,16.8,1.37
Jalen Rogers,162598,WR,FL A&M,1,13.4,0,60.0,,0,0,0,0.0,0,0.53,2,164,0,73.1,64.1,66.2,,65.5,0.0,0,0,14,0.0,0,18,0,44.4,3,100.0,18,100.0,18,75.4,5,0,0.0,0,28,9,3.0,9.3,1.56
Ryan Ingram,139148,HB,WOFFORD,12,0.2,0,80.0,,0,0,0,20.0,1,-0.1,0,350,0,45.9,70.2,70.0,35.6,45.5,0.0,0,0,8,25.5,35,137,1,40.3,4,70.1,96,3.6,5,79.2,5,0,0.7,1,14,9,2.3,3.5,0.15
Trey Foster,138994,HB,E TENN ST,3,0.2,0,40.0,,0,0,0,33.3,1,-0.22,1,157,0,31.6,77.3,72.8,77.2,47.4,0.0,0,1,26,10.7,3,28,0,29.6,2,85.7,24,10.7,3,22.5,5,0,0.0,0,32,26,13.0,16.0,1.33
Donovan Price,186055,TE,ALAB A&M,8,10.6,0,80.0,,0,0,0,0.0,0,-0.16,4,104,0,76.3,65.7,61.7,77.1,69.8,56.2,41,0,21,17.8,13,73,0,38.2,4,76.7,56,24.7,18,152.9,5,1,8.2,6,56,11,2.8,14.0,1.0
Jaden Gresham,186051,WR,ALAB A&M,4,10.4,0,60.0,,0,0,0,0.0,0,0.24,2,104,0,73.1,65.4,61.7,,61.7,0.0,0,1,34,0.0,0,28,1,48.1,3,96.4,27,7.1,2,57.5,5,0,89.3,25,54,36,12.0,18.0,2.0
Justin Reshard,164621,WR,STNY BROOK,3,16.6,0,0.0,,0,0,0,,0,-1.06,0,303,0,,,53.6,,52.6,0.0,0,1,0,0.0,0,22,0,19.0,0,95.5,21,95.5,21,0.0,5,0,4.5,1,0,0,,,0.0
Jaleel Sales,165229,TE,DAVIDSON,9,6.6,0,80.0,100.0,1,1,0,0.0,0,0.15,3,149,0,74.9,76.2,55.6,64.4,62.8,27.3,12,0,27,2.3,1,44,0,39.5,4,93.2,41,52.3,23,147.1,5,2,20.5,9,49,25,6.3,12.3,1.2
Avery Knight,192942,HB,W ILLINOIS,4,3.4,1,40.0,,0,0,0,50.0,2,-0.16,0,345,0,17.2,73.1,58.9,32.3,33.2,0.0,0,0,5,12.8,6,47,0,34.1,2,80.9,38,10.6,5,47.9,5,0,0.0,0,8,5,2.5,4.0,0.21
Matthew Rink,165322,TE,STTHOM,10,5.2,0,60.0,0.0,0,1,0,0.0,0,-0.15,3,1129,0,73.1,64.1,52.7,55.9,46.3,98.0,145,0,11,23.0,34,148,3,36.2,3,73.0,108,0.0,0,105.0,5,1,0.7,1,16,8,2.7,5.3,0.15
Tyler Smith,165434,HB,SCAR STATE,9,7.4,0,60.0,,0,0,0,0.0,0,0.16,1,290,0,73.1,79.6,64.1,29.3,53.7,0.0,0,1,7,15.6,12,77,0,42.0,3,75.3,58,14.3,11,64.6,5,1,3.9,3,14,18,6.0,4.7,0.24
Alec Burton,77884,TE,UTAHTC,9,15.4,0,60.0,0.0,0,1,0,0.0,0,0.0,3,1285,0,73.1,64.1,58.9,63.2,70.4,90.0,63,1,64,50.0,35,70,1,42.4,3,48.6,34,7.1,5,104.2,5,2,1.4,1,119,56,18.7,39.7,3.5
Levi Wilkins,166586,TE,BRYANT,12,7.0,0,60.0,100.0,1,1,0,25.0,1,0.04,1,124,0,39.5,67.9,43.7,68.6,43.4,76.8,53,0,20,20.3,14,69,0,50.8,3,78.3,54,10.1,7,78.8,5,0,1.4,1,32,6,2.0,10.7,0.59
Travien Watson,185835,WR,E TENN ST,4,5.4,0,80.0,50.0,1,2,0,0.0,0,-0.26,0,157,0,74.9,65.0,53.3,,53.5,0.0,0,0,9,0.0,0,29,0,37.0,4,93.1,27,17.2,5,87.5,5,0,82.8,24,25,5,1.3,6.3,0.93
Charley Rossi,167665,WR,PRINCETON,10,3.4,0,80.0,,0,0,0,20.0,1,-0.2,2,272,0,45.4,70.0,63.3,,63.4,5.7,2,0,20,0.0,0,35,0,48.5,4,94.3,33,77.1,27,140.4,5,2,17.1,6,41,34,8.5,10.3,1.24
Jalynn Williams,76606,HB,W CAROLINA,7,-1.2,3,60.0,,0,0,0,40.0,2,0.79,1,344,0,21.7,80.2,73.0,53.6,38.0,0.0,0,0,9,13.9,5,36,1,69.4,3,86.1,31,5.6,2,64.6,5,0,2.8,1,15,16,5.3,5.0,0.48
Kaedric Cobbs,123303,HB,BRYANT,9,-2.0,1,80.0,,0,0,0,0.0,0,0.16,0,124,0,74.9,73.5,60.9,78.7,57.7,0.0,0,0,7,9.1,4,44,1,38.1,4,88.6,39,4.5,2,79.2,5,0,2.3,1,12,25,6.3,3.0,0.31
Chaunzavia Lewis,168416,HB,TEXAS STHN,8,-1.0,0,60.0,,0,0,0,25.0,1,-0.21,0,313,0,39.5,82.9,69.6,47.2,53.1,0.0,0,0,6,21.9,7,32,0,25.8,3,75.0,24,3.1,1,64.6,5,0,0.0,0,6,14,4.7,2.0,0.25
Isaiah Robinson,168442,HB,INCAR WORD,3,0.2,1,80.0,,0,0,0,20.0,1,-0.18,1,189,0,49.8,24.8,58.8,,33.1,0.0,0,0,10,0.0,0,42,0,34.2,4,90.5,38,2.4,1,85.0,5,0,4.8,2,22,24,6.0,5.5,0.58
Landen Chambers,170530,HB,CENT ARK,6,0.2,0,80.0,,0,0,0,20.0,1,0.31,2,132,0,45.4,79.4,76.4,79.1,54.4,0.0,0,0,20,20.5,8,39,0,44.7,4,76.9,30,0.0,0,102.5,5,0,2.6,1,43,41,10.3,10.8,1.43
Ty Love,122109,WR,STF AUSTIN,5,3.0,2,80.0,,0,0,0,0.0,0,0.09,2,301,0,74.9,65.0,60.1,,64.8,0.0,0,0,18,0.0,0,20,1,45.0,4,100.0,20,0.0,0,142.1,5,1,100.0,20,43,26,6.5,10.8,2.15
Bryce Bailey,121794,WR,TENN MARTN,7,7.6,0,20.0,,0,0,0,0.0,0,-0.33,1,310,0,66.7,63.6,53.7,,52.3,0.0,0,0,6,0.0,0,38,0,25.0,1,94.7,36,47.4,18,39.6,5,0,47.4,18,6,1,1.0,6.0,0.17
Darrion Sherfield,121702,WR,HOUCHR,1,13.6,1,80.0,,0,0,0,0.0,0,-0.12,4,183,0,74.9,65.0,69.0,,68.7,0.0,0,0,17,0.0,0,30,0,50.0,4,93.3,28,90.0,27,107.5,5,0,10.0,3,49,9,2.3,12.3,1.75
Darryle Evans,121677,HB,HOUCHR,12,2.4,1,60.0,,0,0,0,25.0,1,-0.25,2,183,0,39.5,72.4,69.2,60.1,53.2,0.0,0,0,31,57.4,74,129,0,31.4,3,41.9,54,2.3,3,94.6,5,0,0.0,0,51,41,13.7,17.0,0.94
Tommy Miller,196493,WR,STHLSK,8,3.2,0,20.0,,0,0,0,50.0,1,-0.72,1,1470,0,24.5,67.8,50.8,,53.5,0.0,0,0,12,0.0,0,24,0,13.0,1,95.8,23,79.2,19,39.6,5,0,20.8,5,12,7,7.0,12.0,0.52
BJ Wuest,171443,WR,INDIANA ST,12,7.0,1,80.0,,0,0,0,0.0,0,-0.21,2,191,0,74.9,65.0,54.5,,55.7,0.0,0,0,15,0.0,0,66,0,36.5,4,95.5,63,27.3,18,99.2,5,0,72.7,48,39,5,1.3,9.8,0.62
Ryan Simpson,105697,WR,MONTANA,10,11.0,0,60.0,100.0,1,1,0,25.0,1,0.07,1,232,1,39.5,17.6,46.6,,51.5,0.0,0,0,13,0.0,0,44,0,46.3,3,90.9,40,20.5,9,71.3,5,0,79.5,35,23,0,0.0,7.7,0.58
Mark Biggins,105649,HB,CAMPBELL,8,0.2,0,80.0,,0,0,0,0.0,0,-0.11,0,131,0,74.9,86.4,67.4,84.7,52.3,0.0,0,0,8,20.3,27,133,0,38.5,4,72.2,96,0.0,0,79.2,5,0,0.0,0,12,19,4.8,3.0,0.13
Jadon Turner,104840,HB,CENT CT ST,11,1.8,0,80.0,,0,0,0,20.0,1,0.28,1,133,0,45.9,85.4,76.2,70.9,48.0,0.0,0,0,15,16.9,12,71,0,45.6,4,78.9,56,5.6,4,85.0,5,0,9.9,7,22,16,4.0,5.5,0.39
Jaelin Benefield,104802,HB,S ILLINOIS,3,-2.8,0,80.0,,0,0,0,20.0,1,0.62,0,295,0,45.4,75.6,65.4,71.1,48.0,0.0,0,0,6,2.8,1,36,0,52.9,4,91.7,33,11.1,4,79.2,5,0,11.1,4,3,19,4.8,0.8,0.09
Savion McKinnon,172056,WR,LAFAYETTE,7,17.4,1,60.0,0.0,0,2,0,0.0,0,-0.46,1,203,0,73.1,64.1,54.1,,53.4,0.0,0,1,10,0.0,0,32,1,31.3,3,100.0,32,6.3,2,30.0,5,0,93.8,30,21,13,4.3,7.0,0.66
Elias Spence,104032,TE,PORTLAND,11,7.6,0,60.0,100.0,1,1,0,0.0,0,0.44,2,269,0,73.1,68.5,64.4,69.8,53.7,61.5,40,0,15,30.8,20,65,2,49.2,3,64.6,42,21.5,14,69.6,5,0,4.6,3,21,6,2.0,7.0,0.5
Matthew McKinley-Daniels,185323,WR,DELAWARE,3,8.4,0,20.0,0.0,0,1,0,75.0,3,-0.1,0,151,0,2.7,64.3,45.9,,43.9,0.0,0,0,14,0.0,0,28,0,38.5,1,92.9,26,3.6,1,39.6,5,0,96.4,27,14,2,2.0,14.0,0.54
Kyron Cumby,101712,HB,TENN TECH,3,-3.6,1,80.0,,0,0,0,20.0,1,-0.57,1,309,0,45.9,76.8,66.9,75.8,54.3,0.0,0,1,9,12.1,4,33,0,38.7,4,84.8,28,6.1,2,39.6,5,0,0.0,0,13,33,8.3,3.3,0.46
Jacque Holley,178427,WR,STETSON,3,13.6,0,60.0,,0,0,0,25.0,1,-0.46,2,302,0,39.5,64.1,58.5,,58.3,0.0,0,2,41,0.0,0,37,0,41.7,3,97.3,36,100.0,37,97.9,5,1,0.0,0,55,15,5.0,18.3,1.53
Scooter Risper,172686,WR,MERCER,7,2.4,0,20.0,0.0,0,1,0,0.0,0,-0.33,0,219,0,66.7,61.0,58.0,,52.7,0.0,0,0,-1,0.0,0,22,0,31.8,1,100.0,22,40.9,9,39.6,5,0,54.5,12,-1,4,4.0,-1.0,-0.05
Marquese Albert,102421,HB,NICHOLLS,4,-4.0,2,100.0,,0,0,0,0.0,0,-0.15,0,243,0,76.3,78.5,69.2,72.7,67.6,0.0,0,0,9,8.0,2,25,0,39.1,5,84.0,21,4.0,1,83.3,5,0,0.0,0,20,40,8.0,4.0,0.95
Jameson Garcia,172949,WR,INCAR WORD,3,16.0,0,40.0,,0,0,0,33.3,1,-1.1,0,189,0,31.6,62.9,57.7,,54.7,0.0,0,0,11,0.0,0,16,0,40.0,2,93.8,15,0.0,0,51.3,5,0,100.0,16,19,11,5.5,9.5,1.27
Zach Mitchell,172988,WR,SO UTAH,2,10.6,1,60.0,,0,0,0,25.0,1,-0.18,2,298,0,39.5,64.1,65.9,,65.4,0.0,0,0,40,0.0,0,29,0,37.0,3,93.1,27,24.1,7,143.3,5,1,75.9,22,62,21,7.0,20.7,2.3
David Murray,178652,TE,PRVIEW A&M,12,4.0,0,80.0,,0,0,0,20.0,1,-0.23,2,270,0,45.4,66.0,41.9,61.1,48.4,64.9,74,0,15,27.2,31,114,1,33.3,4,68.4,78,26.3,30,98.3,5,0,6.1,7,38,22,5.5,9.5,0.49
Joshua Smith,173215,TE,MORGAN ST,7,13.4,0,40.0,,0,0,0,33.3,1,-0.39,1,235,0,39.5,64.1,45.0,76.6,45.9,63.6,21,0,18,18.2,6,33,1,37.9,2,69.7,23,24.2,8,56.3,5,0,3.0,1,25,6,3.0,12.5,1.09
Tyler Parker,178687,WR,WOFFORD,4,8.4,0,40.0,25.0,1,4,0,0.0,0,-0.51,1,350,0,73.1,64.1,60.0,,59.6,0.0,0,0,10,0.0,0,41,0,25.0,2,97.6,40,9.8,4,47.9,5,0,90.2,37,13,0,0.0,6.5,0.33
Saeed St. Fleur,173622,HB,DELAWARE,9,0.2,2,80.0,,0,0,0,0.0,0,0.24,1,151,0,74.9,53.3,75.9,79.0,64.7,2.0,1,0,8,10.0,5,50,0,56.3,4,86.0,43,8.0,4,81.7,5,0,0.0,0,18,27,6.8,4.5,0.42
Justin Thompson,182977,TE,ST FRANCIS,8,6.2,0,20.0,,0,0,0,66.7,2,0.11,0,299,0,10.9,64.3,45.9,63.5,34.1,79.2,76,0,9,21.9,21,96,0,41.7,1,78.1,75,13.5,13,39.6,5,0,7.3,7,9,2,2.0,9.0,0.12
Bird Butler,182328,HB,WEBER ST,8,-1.4,0,100.0,,0,0,0,0.0,0,-0.43,0,342,0,76.3,69.6,74.7,21.6,58.8,0.0,0,0,12,5.3,2,38,0,27.8,5,89.5,34,15.8,6,85.0,5,0,0.0,0,22,29,5.8,4.4,0.65
Isaiah Grimes,182324,TE,GEORGETOWN,3,4.2,0,80.0,100.0,1,1,0,0.0,0,0.2,2,172,0,74.9,66.9,50.8,42.2,55.6,67.9,38,0,12,10.7,6,56,0,51.9,4,83.9,47,32.1,18,130.4,5,1,0.0,0,29,20,5.0,7.3,0.62
Jacques Wyatt,177559,WR,SE MO ST,4,13.2,0,20.0,100.0,1,1,0,0.0,0,0.1,1,293,0,66.7,68.0,57.4,,57.0,0.0,0,0,25,0.0,0,39,0,43.2,1,94.9,37,30.8,12,47.9,5,0,69.2,27,25,0,0.0,25.0,0.68
Jordan Fisher,176847,HB,UC DAVIS,8,-2.8,0,80.0,,0,0,0,0.0,0,0.45,0,322,0,74.9,80.8,77.2,51.6,69.8,0.0,0,1,13,20.8,11,53,0,64.7,4,75.5,40,9.4,5,42.1,5,0,7.5,4,18,30,7.5,4.5,0.45
Michael Cadden,189163,HB,BUCKNELL,9,1.6,0,80.0,,0,0,0,20.0,1,0.1,1,125,0,45.4,80.7,64.3,20.4,52.3,0.0,0,0,8,15.9,10,63,0,41.9,4,82.5,52,11.1,7,85.0,5,0,15.9,10,22,16,4.0,5.5,0.42
Doe Boyland,149553,HB,DRAKE,4,-1.0,5,60.0,0.0,0,1,0,0.0,0,0.35,2,153,0,73.1,78.4,61.2,79.2,62.3,0.0,0,0,32,17.6,9,51,1,51.1,3,78.4,40,17.6,9,97.9,5,0,0.0,0,55,66,22.0,18.3,1.38
Brendon Wyatt,171634,HB,MERRIMACK,11,2.5,0,100.0,,0,0,0,0.0,0,-0.1,3,385,0,74.9,83.3,75.4,28.2,67.9,0.0,0,0,19,31.1,19,61,0,36.7,4,68.9,42,3.3,2,158.3,4,1,0.0,0,54,44,11.0,13.5,1.29
Rico Powers Jr.,124250,WR,JACKSON ST,2,0.3,0,100.0,,0,0,0,0.0,0,0.13,0,194,0,74.9,71.2,56.9,,53.2,0.0,0,0,6,0.0,0,37,0,50.0,4,97.3,36,5.4,2,79.2,4,0,94.6,35,9,8,2.0,2.3,0.25
Rovaughn Banks Jr.,165683,HB,ABILENE CH,8,2.3,1,50.0,,0,0,0,33.3,1,0.12,1,100,0,31.6,79.2,64.7,16.3,54.7,0.0,0,1,21,4.5,2,44,0,40.0,2,86.4,38,11.4,5,35.4,4,0,2.3,1,30,27,13.5,15.0,0.79
Jeremy Decaro,193001,HB,MARIST,3,-4.3,1,75.0,,0,0,0,0.0,0,-0.46,0,213,0,73.1,71.6,57.7,55.8,63.0,0.0,0,0,6,18.8,6,32,0,20.0,3,75.0,24,6.3,2,77.1,4,0,0.0,0,12,25,8.3,4.0,0.5
Max Carter,165366,TE,VALPO,8,4.8,0,75.0,,0,0,0,0.0,0,-0.15,0,332,0,73.1,64.1,44.7,52.7,47.8,75.0,42,0,5,25.0,14,56,1,42.3,3,69.6,39,14.3,8,77.1,4,0,3.6,2,10,5,1.7,3.3,0.26
Gram Smithson,126221,WR,FURMAN,5,9.5,0,25.0,0.0,0,1,0,0.0,0,-1.12,0,170,1,66.7,15.6,35.8,,36.7,0.0,0,1,-2,0.0,0,10,0,11.1,1,90.0,9,20.0,2,0.0,4,0,80.0,8,-2,0,0.0,-2.0,-0.22
Tate Taylor,126978,TE,SAMFORD,11,2.8,2,75.0,,0,0,0,25.0,1,-0.07,3,282,0,39.5,64.1,52.7,69.8,56.7,89.5,119,0,29,52.6,70,133,0,46.1,3,45.1,60,6.8,9,113.5,4,0,1.5,2,47,36,12.0,15.7,0.78
Mason Sheron,165230,HB,DAVIDSON,11,0.0,0,75.0,,0,0,0,25.0,1,0.01,2,149,0,40.2,90.4,75.4,55.6,51.3,6.7,7,0,18,51.4,54,105,0,44.1,3,46.7,49,2.9,3,101.0,4,0,0.0,0,35,25,8.3,11.7,0.71
Eric Ruess,165197,TE,E TENN ST,11,7.0,0,50.0,,0,0,0,0.0,0,-0.25,0,157,0,70.7,62.9,49.0,59.5,43.1,67.6,92,1,5,39.0,53,136,2,39.8,2,57.4,78,19.9,27,16.7,4,0,2.2,3,10,8,4.0,5.0,0.13
Parker Perry,165195,WR,MURRAY ST,3,14.5,0,25.0,0.0,0,1,0,0.0,0,-0.39,1,236,0,66.7,61.0,57.9,,57.3,0.0,0,0,8,0.0,0,22,0,38.1,1,95.5,21,4.5,1,39.6,4,0,95.5,21,8,0,0.0,8.0,0.38
James Miller,148699,TE,COLUMBIA,8,7.8,0,25.0,0.0,0,2,0,0.0,0,0.28,1,145,0,66.7,61.0,55.6,72.8,48.2,84.7,50,0,9,18.6,11,59,2,44.6,1,78.0,46,10.2,6,39.6,4,0,5.1,3,9,4,4.0,9.0,0.2
Brady Roark,104051,TE,RHODE ISLD,14,3.0,1,100.0,,0,0,1,0.0,0,-0.12,1,274,0,74.9,65.0,40.6,60.5,41.1,89.4,177,0,9,20.2,40,198,5,42.0,4,76.3,151,3.0,6,85.4,4,0,6.6,13,18,6,1.5,4.5,0.12
Santino Correa,164535,WR,MARIST,6,18.0,1,25.0,0.0,0,2,0,0.0,0,-0.57,1,213,0,66.7,61.0,69.3,,68.2,0.0,0,0,35,0.0,0,22,0,23.8,1,95.5,21,9.1,2,63.5,4,0,90.9,20,35,12,12.0,35.0,1.67
Jayvin Pyle-Thompson,172030,WR,GEORGETOWN,2,15.5,0,25.0,,0,0,0,0.0,0,-1.1,0,172,0,66.7,61.0,54.1,,53.7,0.0,0,0,5,0.0,0,22,0,9.5,1,95.5,21,0.0,0,39.6,4,0,100.0,22,5,0,0.0,5.0,0.24
Braelon Bridges,136856,HB,TARLETON,10,-1.8,0,100.0,,0,0,0,0.0,0,0.03,0,401,0,74.9,85.3,73.5,73.0,59.4,0.0,0,0,8,42.6,23,54,0,50.9,4,57.4,31,1.9,1,80.2,4,0,0.0,0,13,20,5.0,3.3,0.42
Deondra Duehart,196879,HB,SCAR STATE,9,0.3,0,100.0,,0,0,0,0.0,0,0.25,0,290,0,74.9,74.9,68.0,85.0,51.1,0.0,0,0,7,18.3,21,115,0,42.6,4,76.5,88,8.7,10,80.2,4,0,0.0,0,13,12,3.0,3.3,0.15
Jordan Fuller,149418,HB,HOLY CROSS,3,4.8,1,100.0,,0,0,0,0.0,0,0.17,1,181,0,74.9,66.2,74.1,82.6,60.2,2.0,1,0,26,22.0,11,50,0,43.2,4,72.0,36,6.0,3,100.0,4,0,0.0,0,32,13,3.3,8.0,0.89
Keoua Kauhi,164075,HB,IDAHO ST,12,-2.5,0,75.0,,0,0,0,0.0,0,0.22,0,186,0,73.1,33.6,69.5,64.5,51.7,0.0,0,0,8,68.5,98,143,1,54.5,3,29.4,42,3.5,5,84.4,4,0,4.2,6,19,27,9.0,6.3,0.45
Christian Vann,197721,HB,GARD-WEBB,5,-2.8,0,75.0,,0,0,0,25.0,1,0.6,1,171,0,39.5,75.9,63.7,71.8,47.6,0.0,0,0,12,5.6,1,18,0,41.2,3,88.9,16,11.1,2,80.2,4,0,0.0,0,15,23,7.7,5.0,0.94
Landers Green,185213,WR,E ILLINOIS,1,14.3,1,75.0,100.0,1,1,0,0.0,0,0.77,3,158,0,73.1,64.1,80.1,,78.1,0.0,0,0,27,0.0,0,15,0,53.8,3,86.7,13,0.0,0,114.6,4,0,100.0,15,48,6,2.0,16.0,3.69
Julian Bumper,138405,HB,ELON,7,1.8,0,75.0,,0,0,0,25.0,1,0.33,1,162,0,45.4,76.7,52.5,42.8,49.1,0.0,0,0,16,14.6,7,48,0,48.9,3,79.2,38,0.0,0,92.7,4,0,12.5,6,27,24,8.0,9.0,0.71
Jalen Carr,102613,WR,ILL STATE,5,5.5,0,50.0,,0,0,0,33.3,1,0.03,1,188,0,31.6,73.9,52.2,,51.0,0.0,0,1,5,0.0,0,42,0,53.7,2,97.6,41,81.0,34,16.7,4,0,19.0,8,9,1,0.5,4.5,0.22
Corey Warren Jr.,139486,HB,NICHOLLS,10,-1.0,1,100.0,,0,0,0,0.0,0,-0.06,3,243,0,74.9,62.6,69.1,43.0,60.6,0.0,0,0,13,16.0,12,75,1,38.0,4,80.0,60,6.7,5,97.9,4,0,1.3,1,30,34,8.5,7.5,0.5
Noah West-Baranco,186179,WR,IDAHO,4,13.8,0,50.0,,0,0,0,0.0,0,-0.55,1,185,0,70.7,62.9,61.2,,61.4,0.0,0,0,7,0.0,0,16,0,37.5,2,100.0,16,25.0,4,56.3,4,0,75.0,12,12,3,1.5,6.0,0.75
Brennan Tormey,172666,TE,FURMAN,8,12.0,1,75.0,0.0,0,1,0,0.0,0,0.14,2,170,0,73.1,64.1,56.5,70.9,70.0,64.5,20,0,25,6.5,2,31,0,46.4,3,83.9,26,32.3,10,108.3,4,0,0.0,0,42,6,2.0,14.0,1.62
Ty Everson,172677,TE,MERCER,11,3.3,0,75.0,100.0,1,1,0,0.0,0,0.01,1,219,0,73.1,64.1,40.5,47.2,49.3,93.3,70,1,13,28.0,21,75,5,44.6,3,72.0,54,2.7,2,41.7,4,0,4.0,3,16,11,3.7,5.3,0.3
Beau Bankston,178405,WR,STETSON,2,4.5,0,50.0,0.0,0,1,0,0.0,0,0.09,1,302,0,70.7,62.9,51.5,,56.0,0.0,0,0,13,0.0,0,28,1,48.1,2,96.4,27,100.0,28,63.5,4,0,0.0,0,19,9,4.5,9.5,0.7
Jett Booker,150171,WR,SE LA,8,9.3,1,50.0,0.0,0,1,0,0.0,0,-0.11,1,294,0,70.7,62.9,60.7,,62.1,0.0,0,0,24,0.0,0,21,0,28.6,2,100.0,21,33.3,7,74.0,4,0,66.7,14,29,16,8.0,14.5,1.38
Cory O'Bryant,172760,WR,MCNEESE,7,10.5,0,50.0,0.0,0,1,0,0.0,0,-0.32,0,217,0,73.1,12.5,52.0,,53.9,0.0,0,0,7,0.0,0,24,1,31.8,2,91.7,22,0.0,0,57.3,4,0,100.0,24,13,2,1.0,6.5,0.59
Maika Heck,141594,TE,CENT CT ST,12,7.3,0,25.0,0.0,0,1,0,50.0,1,0.11,1,133,0,24.5,61.0,42.2,33.8,41.4,80.0,48,0,15,16.7,10,60,0,41.4,1,80.0,48,18.3,11,42.7,4,0,0.0,0,15,4,4.0,15.0,0.31
Isaac Knowles,161672,WR,TENN TECH,10,3.8,0,75.0,,0,0,0,0.0,0,-0.14,1,309,0,73.1,64.1,52.3,,53.2,0.0,0,1,12,0.0,0,51,1,42.6,3,92.2,47,15.7,8,49.0,4,0,84.3,43,23,9,3.0,7.7,0.49
Ethen Cluff,141623,WR,N ARIZONA,11,6.8,2,50.0,0.0,0,1,0,0.0,0,0.14,1,252,0,70.7,65.3,60.0,,58.9,0.0,0,0,25,0.0,0,36,0,51.4,2,97.2,35,27.8,10,74.0,4,0,72.2,26,29,26,13.0,14.5,0.83
Jared Rhodes,161499,HB,LNDNWD,2,-5.0,3,100.0,,0,0,0,0.0,0,0.04,1,949,0,74.9,75.0,63.5,78.1,71.1,3.6,1,0,19,17.9,5,28,0,34.6,4,75.0,21,0.0,0,93.8,4,0,0.0,0,26,46,11.5,6.5,1.24
Dylan Creech,141743,TE,ALABAMA ST,11,7.0,0,75.0,,0,0,0,0.0,0,-0.1,2,105,0,73.1,66.4,68.5,75.0,80.5,66.7,20,0,21,30.0,9,30,0,31.0,3,66.7,20,10.0,3,145.8,4,1,0.0,0,40,32,10.7,13.3,2.0
Khiryn Boyd,188786,WR,DUQUESNE,2,6.8,0,50.0,0.0,0,2,0,0.0,0,-0.46,0,155,0,70.7,66.7,56.6,,56.5,0.0,0,0,7,0.0,0,9,0,33.3,2,100.0,9,88.9,8,56.3,4,0,11.1,1,12,13,6.5,6.0,1.33
Malae Fonoti,192496,HB,MONTANA,3,-0.8,2,75.0,,0,0,0,0.0,0,0.0,1,232,0,73.1,80.2,90.3,54.7,70.6,0.0,0,0,10,10.7,3,28,0,59.3,3,85.7,24,0.0,0,84.4,4,0,0.0,0,19,24,8.0,6.3,0.79
Logan Mack,172893,WR,JACKSON ST,4,19.8,0,25.0,0.0,0,2,0,0.0,0,-0.02,0,194,0,66.7,61.0,55.8,,53.8,0.0,0,0,5,0.0,0,22,0,35.0,1,90.9,20,0.0,0,39.6,4,0,100.0,22,5,4,4.0,5.0,0.25
Ershod Jasey II,161322,HB,BUTLER,8,6.8,0,75.0,,0,0,0,0.0,0,0.2,2,127,1,73.1,51.9,71.2,72.5,41.7,0.0,0,0,25,34.1,14,41,0,53.8,3,63.4,26,2.4,1,136.5,4,1,9.8,4,31,18,6.0,10.3,1.19
Logan Collier,189028,WR,N ALABAMA,6,18.8,0,50.0,0.0,0,1,0,0.0,0,0.37,2,389,0,70.7,50.0,60.9,,66.9,6.3,1,0,25,0.0,0,16,1,62.5,2,100.0,16,43.8,7,84.4,4,0,50.0,8,39,11,5.5,19.5,2.44
Ryan Corbett,160458,WR,COLGATE,5,7.8,0,25.0,,0,0,0,50.0,1,-0.26,0,142,0,24.5,61.0,46.5,,50.0,0.0,0,1,9,0.0,0,56,0,38.9,1,96.4,54,17.9,10,0.0,4,0,82.1,46,9,0,0.0,9.0,0.17
Karaaz Johnson,177988,WR,NICHOLLS,7,11.0,0,25.0,0.0,0,1,0,50.0,1,-0.49,1,243,0,24.5,12.3,51.8,,51.7,0.0,0,0,10,0.0,0,30,0,21.4,1,93.3,28,93.3,28,79.2,4,1,6.7,2,10,0,0.0,10.0,0.36
Dante DeNardo,149559,WR,DRAKE,3,15.0,0,50.0,0.0,0,2,0,0.0,0,-0.49,1,153,0,70.7,62.9,60.8,,60.2,0.0,0,0,5,0.0,0,18,0,23.5,2,94.4,17,0.0,0,95.8,4,1,100.0,18,10,0,0.0,5.0,0.59
Andrew Frazier,173585,TE,DAVIDSON,11,4.8,0,75.0,,0,0,0,25.0,1,0.2,0,149,0,39.5,56.7,62.4,,43.6,20.2,25,0,6,0.0,0,124,1,48.7,3,39.5,49,8.9,11,77.1,4,0,9.7,12,12,-1,-0.3,4.0,0.24
Jesse Miller,177198,TE,S DAKOTA,7,5.0,0,0.0,,0,0,0,,0,0.76,0,291,0,,,50.9,69.7,46.0,82.8,24,0,0,6.9,2,29,0,48.3,0,93.1,27,13.8,4,39.6,4,0,3.4,1,0,0,,,0.0
Dylan Walker,160324,TE,ALBANY,10,9.5,0,25.0,,0,0,0,50.0,1,-0.15,1,106,0,24.9,61.0,43.9,57.8,43.2,90.4,75,0,13,48.2,40,83,0,37.5,1,49.4,41,2.4,2,40.6,4,0,0.0,0,13,1,1.0,13.0,0.32
Braden Contreras,143255,WR,ILL STATE,9,14.5,0,75.0,0.0,0,1,0,0.0,0,-0.12,2,188,0,73.1,77.7,58.6,,57.3,0.0,0,0,20,0.0,0,61,0,46.6,3,95.1,58,8.2,5,146.9,4,1,91.8,56,41,4,1.3,13.7,0.71
Dedrick Talbert,160214,HB,GRAMBLING,10,-0.5,1,75.0,,0,0,0,0.0,0,-0.35,1,177,0,73.1,43.2,70.1,78.7,64.9,0.0,0,0,11,30.4,17,56,0,29.6,3,67.9,38,1.8,1,78.1,4,0,0.0,0,13,15,5.0,4.3,0.34
Tyronne Hayes,160191,TE,MCNEESE,10,6.5,0,75.0,,0,0,0,25.0,1,-0.32,2,217,0,45.4,66.9,39.4,35.2,45.4,72.5,74,0,19,17.6,18,102,4,32.3,3,77.5,79,14.7,15,96.9,4,0,2.9,3,31,6,2.0,10.3,0.39
Kieran Fry,143426,WR,SO UTAH,6,17.0,0,25.0,0.0,0,1,0,0.0,0,-0.14,1,298,0,66.7,63.6,54.7,,54.3,0.0,0,0,21,0.0,0,27,0,37.0,1,100.0,27,100.0,27,49.0,4,0,0.0,0,21,2,2.0,21.0,0.78
Jaden Gilbert,183009,HB,YNGTOWN ST,5,4.0,3,75.0,,0,0,0,25.0,1,-1.03,0,353,0,39.5,43.1,66.1,,48.9,0.0,0,0,5,0.0,0,12,0,25.0,3,100.0,12,41.7,5,77.1,4,0,8.3,1,9,12,4.0,3.0,0.75
Jake Olson,143731,TE,MONTANA,14,7.0,0,75.0,0.0,0,1,0,0.0,0,0.27,1,232,0,74.9,65.0,66.2,72.5,68.0,68.0,34,0,9,14.0,7,50,1,56.8,3,74.0,37,26.0,13,122.9,4,1,2.0,1,18,4,1.3,6.0,0.49
Zayden Davis,182706,WR,TXAMEA,7,11.3,0,50.0,0.0,0,1,0,0.0,0,-0.78,0,1139,0,70.7,62.9,48.2,,53.4,0.0,0,0,4,0.0,0,30,2,16.7,2,100.0,30,3.3,1,56.3,4,0,96.7,29,4,0,0.0,2.0,0.13
Kenaz McMillian,174234,WR,ELON,8,2.8,0,75.0,,0,0,0,25.0,1,0.03,1,162,1,39.5,10.3,45.4,,45.7,0.0,0,0,10,0.0,0,22,0,52.4,3,95.5,21,90.9,20,88.5,4,0,9.1,2,23,16,5.3,7.7,1.1
Tristan Michaud,144545,WR,S DAKOTA,12,15.8,0,50.0,50.0,1,2,0,33.3,1,-0.1,1,291,0,31.6,62.9,52.2,,50.9,0.0,0,0,10,0.0,0,52,1,39.6,2,92.3,48,11.5,6,60.4,4,0,88.5,46,16,3,1.5,8.0,0.33
Rocco Ciocca,159369,TE,INDIANA ST,6,6.5,0,75.0,0.0,0,1,0,0.0,0,0.37,1,191,0,73.1,68.5,55.3,70.6,53.0,38.9,7,0,8,16.7,3,18,0,58.8,3,77.8,14,16.7,3,78.1,4,0,16.7,3,13,7,2.3,4.3,0.93
Hunter Satterfield,177751,WR,PRESBYTERN,1,15.3,0,50.0,,0,0,0,0.0,0,-0.17,0,271,0,73.1,64.1,72.7,,71.0,0.0,0,0,10,0.0,0,10,0,62.5,2,80.0,8,0.0,0,60.4,4,0,100.0,10,16,7,3.5,8.0,2.0
Travis West,103551,CB,PORTLAND,5,12.5,0,75.0,100.0,1,1,0,0.0,0,0.14,1,269,0,73.1,66.9,71.4,,70.0,0.0,0,0,33,0.0,0,27,0,48.1,3,100.0,27,44.4,12,116.7,4,0,55.6,15,50,11,3.7,16.7,1.85
D.J. Crowther,159311,HB,DARTMOUTH,7,-0.8,1,100.0,,0,0,0,0.0,0,0.25,0,148,0,74.9,82.0,65.9,43.3,51.3,0.0,0,0,6,12.5,10,80,1,48.8,4,87.5,70,16.3,13,79.2,4,0,11.3,9,3,6,1.5,0.8,0.04
Carson Jenkins,159227,WR,WM & MARY,9,11.8,1,100.0,100.0,1,1,0,0.0,0,0.4,2,348,0,74.9,75.8,64.4,63.6,66.8,0.0,0,0,48,3.1,1,32,0,53.6,4,84.4,27,75.0,24,118.8,4,0,21.9,7,61,14,3.5,15.3,2.26
JP Murphy,146148,TE,E WASHGTON,9,5.5,2,100.0,,0,0,1,0.0,0,0.16,3,161,0,74.9,65.0,50.9,55.5,57.2,66.2,45,0,23,16.2,11,68,2,49.2,4,80.9,55,20.6,14,158.3,4,1,13.2,9,51,34,8.5,12.8,0.93
Carter Neuman,146346,TE,BRYANT,10,8.3,0,75.0,100.0,1,1,0,0.0,0,0.47,2,124,0,73.1,66.4,64.5,67.8,60.3,83.0,39,0,15,8.5,4,47,0,52.3,3,85.1,40,6.4,3,139.6,4,1,0.0,0,34,18,6.0,11.3,0.85
Ricky Parks,146431,HB,FORDHAM,8,-1.8,0,25.0,,0,0,0,66.7,2,-0.41,0,168,0,10.9,61.8,57.7,85.0,31.7,0.0,0,0,7,35.1,26,74,1,29.2,1,64.9,48,4.1,3,39.6,4,0,1.4,1,7,12,12.0,7.0,0.15
Fisher Clements,159029,TE,N COLORADO,3,7.5,0,50.0,0.0,0,1,0,0.0,0,-0.54,1,253,0,70.7,62.9,47.8,37.6,56.5,74.2,23,1,9,19.4,6,31,0,29.6,2,71.0,22,19.4,6,57.3,4,1,3.2,1,13,0,0.0,6.5,0.59
Coen Sutton,147030,WR,GEORGETOWN,10,8.3,0,50.0,,0,0,0,0.0,0,-0.37,2,172,0,70.7,62.9,55.5,,56.1,0.0,0,1,17,0.0,0,47,1,43.5,2,97.9,46,12.8,6,29.2,4,0,87.2,41,24,7,3.5,12.0,0.52
Jason Weir,147435,TE,STHLSK,11,7.8,0,100.0,,0,0,0,0.0,0,-0.11,2,1470,0,74.9,65.0,48.0,49.3,54.7,98.8,80,0,19,28.4,23,81,1,38.3,4,71.6,58,0.0,0,113.5,4,0,1.2,1,45,14,3.5,11.3,0.78
Vann Schield,157212,HB,N COLORADO,7,2.5,1,75.0,,0,0,0,0.0,0,-0.37,0,253,0,73.1,80.0,57.0,36.5,58.3,0.0,0,0,11,16.3,7,43,0,34.9,3,83.7,36,7.0,3,84.4,4,0,7.0,3,19,14,4.7,6.3,0.53
Jacob Rodriguez,177361,HB,FORDHAM,4,6.3,1,50.0,0.0,0,1,0,0.0,0,-0.21,1,168,0,31.6,79.1,64.3,61.1,46.4,0.0,0,0,10,42.9,21,49,0,31.3,2,55.1,27,0.0,0,59.4,4,0,2.0,1,15,18,9.0,7.5,0.56
Amare Lattimore,188110,WR,MERCYHURST,3,1.3,0,50.0,50.0,1,2,0,33.3,1,0.1,1,977,0,31.6,65.3,62.7,,54.8,0.0,0,0,19,0.0,0,14,0,42.9,2,100.0,14,100.0,14,65.6,4,0,0.0,0,21,21,10.5,10.5,1.5
Isaiah Nwokenkwo,155249,HB,ALAB A&M,8,-1.8,1,75.0,,0,0,0,0.0,0,0.09,1,104,0,73.1,82.5,73.3,82.4,60.2,0.0,0,0,21,28.9,13,45,0,43.9,3,66.7,30,6.7,3,100.0,4,0,2.2,1,34,35,11.7,11.3,1.13
Tyshawn Tate,181203,TE,ALAB A&M,8,7.5,0,50.0,,0,0,0,0.0,0,0.13,0,104,0,70.7,62.9,38.2,50.7,48.6,43.9,18,0,5,9.8,4,41,3,41.0,2,85.4,35,26.8,11,56.3,4,0,4.9,2,9,1,0.5,4.5,0.26
Elijah Cruz,154733,WR,HOWARD,4,10.5,0,50.0,,0,0,0,0.0,0,-0.26,2,184,0,70.7,62.9,60.5,,63.1,4.0,1,1,21,0.0,0,25,0,40.0,2,100.0,25,80.0,20,71.9,4,1,16.0,4,27,5,2.5,13.5,1.08
Aidan Quinn,154686,TE,S ILLINOIS,4,2.0,0,75.0,100.0,2,2,0,0.0,0,0.0,0,295,0,74.9,65.0,66.5,55.6,57.3,71.9,41,0,7,21.1,12,57,0,53.8,3,71.9,41,19.3,11,77.1,4,0,8.8,5,12,1,0.3,4.0,0.29
Nate Thomas,148204,HB,IDAHO,8,1.3,1,100.0,100.0,1,1,2,0.0,0,0.14,3,185,0,74.9,87.5,80.4,45.6,60.4,0.0,0,0,20,22.9,19,83,2,46.2,4,74.7,62,2.4,2,114.6,4,0,1.2,1,46,41,10.3,11.5,0.74
Jacob Trimble,176780,WR,MONTANA ST,8,9.3,1,75.0,0.0,0,1,0,0.0,0,0.46,2,233,0,73.1,66.0,57.4,,57.1,2.4,1,0,23,0.0,0,41,0,53.7,3,100.0,41,80.5,33,107.3,4,0,17.1,7,41,21,7.0,13.7,1.0
Ryan Belk,151137,TE,YALE,7,8.0,0,75.0,50.0,1,2,0,0.0,0,0.07,1,352,0,73.1,64.1,54.6,51.4,45.7,83.8,83,0,14,27.3,27,99,1,45.8,3,70.7,70,8.1,8,130.2,4,1,6.1,6,25,6,2.0,8.3,0.36
Malik Dryden,189313,HB,STETSON,5,-4.3,0,75.0,,0,0,0,25.0,1,-0.15,0,302,0,39.5,82.8,69.5,70.0,45.7,0.0,0,0,1,49.4,41,83,0,34.2,3,47.0,39,4.8,4,77.1,4,0,0.0,0,2,15,5.0,0.7,0.05
Tyler Wilkins,150520,WR,MORGAN ST,4,9.0,0,75.0,,0,0,0,0.0,0,-0.27,2,235,0,73.1,64.1,61.1,,64.6,0.0,0,0,25,0.0,0,28,1,41.7,3,85.7,24,3.6,1,109.4,4,0,96.4,27,43,18,6.0,14.3,1.79
Garrett Robertson,170947,WR,WM & MARY,11,7.8,0,50.0,50.0,1,2,1,33.3,1,-0.07,0,348,0,31.6,62.9,46.2,,47.4,0.0,0,0,8,0.0,0,66,3,45.2,2,93.9,62,30.3,20,56.3,4,0,69.7,46,12,2,1.0,6.0,0.19
Jazir Francois,196481,WR,STHLSK,2,5.5,0,25.0,0.0,0,1,0,50.0,1,-0.33,0,1470,0,24.5,64.3,45.7,,49.9,0.0,0,0,9,0.0,0,21,1,40.0,1,95.2,20,81.0,17,39.6,4,0,19.0,4,9,2,2.0,9.0,0.45
Aziz Foster-Powell,170904,HB,RICHMOND,6,1.5,1,75.0,,0,0,0,0.0,0,0.18,1,276,0,73.1,40.5,63.8,17.3,58.8,2.4,1,0,7,24.4,10,41,0,47.5,3,73.2,30,7.3,3,77.1,4,0,2.4,1,9,8,2.7,3.0,0.3
Jayden Sumpter,185647,HB,GEORGETOWN,3,-0.5,1,100.0,,0,0,0,0.0,0,-0.42,1,172,0,74.9,74.8,62.9,69.6,74.0,0.0,0,0,9,4.5,1,22,0,52.4,4,90.9,20,0.0,0,90.6,4,0,0.0,0,23,25,6.3,5.8,1.15
BJ Atkins,193385,WR,PRESBYTERN,11,9.5,0,75.0,100.0,1,1,0,0.0,0,0.09,2,271,0,73.1,64.1,57.2,67.9,59.4,0.0,0,0,11,2.7,1,37,1,37.1,3,91.9,34,5.4,2,81.3,4,0,91.9,34,16,3,1.0,5.3,0.47
Daymond Hamler,150494,WR,MORGAN ST,4,8.5,0,50.0,,0,0,0,0.0,0,0.11,1,235,0,70.7,62.9,59.6,,59.5,0.0,0,0,15,0.0,0,20,0,42.1,2,95.0,19,50.0,10,59.4,4,0,50.0,10,15,4,2.0,7.5,0.79
Myseth Currie,170710,WR,N ARIZONA,8,6.8,0,100.0,,0,0,0,0.0,0,0.49,3,252,0,76.3,65.7,66.9,,63.4,0.0,0,0,18,0.0,0,25,0,58.3,4,96.0,24,20.0,5,154.2,4,1,80.0,20,46,20,5.0,11.5,1.92
Morgan Sampson,178978,TE,LAMAR,9,5.8,0,50.0,,0,0,0,0.0,0,0.02,2,204,0,70.7,62.9,75.0,57.9,59.6,82.5,52,0,9,41.3,26,63,1,38.1,2,58.7,37,3.2,2,61.5,4,0,11.1,7,17,7,3.5,8.5,0.46
Aidan Behymer,185541,TE,N DAKOTA,8,7.3,0,50.0,,0,0,0,33.3,1,0.18,1,249,0,32.3,68.7,41.1,50.9,46.1,85.7,36,0,9,23.8,10,42,0,43.6,2,69.0,29,14.3,6,56.3,4,0,0.0,0,12,9,4.5,6.0,0.41
Nathaniel Eberly-Rodriguez,185823,TE,CHATTNOOGA,5,8.8,0,50.0,0.0,0,1,0,33.3,1,0.81,1,137,0,31.6,62.9,61.7,71.7,50.8,75.0,15,0,12,15.0,3,20,0,65.0,2,85.0,17,5.0,1,62.5,4,0,0.0,0,18,6,3.0,9.0,1.06
Jacquez Robertson,71408,HB,N COLORADO,8,1.8,0,25.0,,0,0,0,50.0,1,-0.29,0,253,0,24.5,76.8,59.3,62.3,42.4,0.0,0,0,-2,20.6,7,34,0,30.3,1,76.5,26,8.8,3,39.6,4,0,2.9,1,-2,2,2.0,-2.0,-0.08
Joseph Bongono,161336,TE,TEXAS STHN,10,1.3,0,33.3,,0,0,0,66.7,2,0.38,0,313,0,10.9,63.6,48.4,72.1,31.1,84.8,28,0,6,15.2,5,33,0,42.4,1,84.8,28,15.2,5,42.4,3,0,0.0,0,6,5,5.0,6.0,0.21
Brady Preston,161331,FB,BUTLER,9,6.0,0,66.7,,0,0,0,0.0,0,0.06,0,127,0,73.1,64.1,64.4,75.4,65.9,54.8,23,1,8,33.3,14,42,0,40.0,2,61.9,26,35.7,15,30.6,3,0,7.1,3,9,5,2.5,4.5,0.35
Quincy Crittendon,149944,QB,SAMFORD,11,-8.7,0,0.0,,0,0,0,100.0,1,-0.11,0,282,4,16.4,63.0,77.7,,29.6,0.0,0,0,0,0.0,0,464,1,44.0,0,0.9,4,0.0,0,39.6,3,0,0.0,0,0,0,,,0.0
Jaren Bowling,177538,TE,TENN MARTN,4,5.0,0,100.0,100.0,1,1,0,0.0,0,-0.24,1,310,0,73.1,65.4,61.5,,64.6,41.7,5,0,13,0.0,0,12,0,33.3,3,100.0,12,58.3,7,100.0,3,0,0.0,0,24,9,3.0,8.0,2.0
Derek Varley,178125,TE,STHLSK,4,11.0,0,33.3,,0,0,0,0.0,0,-0.44,0,1470,0,66.7,61.0,48.3,47.5,50.7,86.2,25,0,2,31.0,9,29,0,18.5,1,62.1,18,3.4,1,42.4,3,0,0.0,0,2,0,0.0,2.0,0.11
Anson Kraut,172984,WR,SO UTAH,12,26.3,0,66.7,,0,0,0,0.0,0,0.01,2,298,0,70.7,62.9,56.1,,55.9,0.0,0,1,18,0.0,0,72,0,43.5,2,95.8,69,26.4,19,58.3,3,0,73.6,53,29,4,2.0,14.5,0.42
Julian Alessi,142161,WR,UC DAVIS,3,3.0,1,100.0,,0,0,0,0.0,0,0.92,2,322,0,73.1,64.1,83.6,,85.5,0.0,0,0,21,0.0,0,9,0,75.0,3,88.9,8,44.4,4,118.8,3,0,55.6,5,45,36,12.0,15.0,5.63
Shane McLaughlin,148885,HB,HARVARD,5,-0.7,0,66.7,,0,0,0,0.0,0,0.34,1,179,0,70.7,45.8,59.8,36.5,56.3,0.0,0,0,18,21.5,17,79,0,47.2,2,69.6,55,0.0,0,82.6,3,0,0.0,0,18,12,6.0,9.0,0.33
Lekeldrick Bridges,192493,WR,MONTANA,2,19.0,0,33.3,,0,0,0,0.0,0,0.02,0,232,0,66.7,64.3,50.7,,48.6,0.0,0,0,6,0.0,0,20,0,40.0,1,100.0,20,10.0,2,42.4,3,0,90.0,18,6,2,2.0,6.0,0.3
Tyler Padezan,142458,WR,DUQUESNE,4,20.0,0,0.0,0.0,0,1,0,100.0,1,-1.27,0,155,0,16.4,,48.8,,46.2,0.0,0,0,0,0.0,0,9,0,11.1,0,100.0,9,0.0,0,39.6,3,0,100.0,9,0,0,,,0.0
Simon Brackin,155368,TE,PRINCETON,7,3.3,1,66.7,,0,0,0,33.3,1,-0.07,1,272,0,31.6,62.9,61.7,76.7,58.6,79.4,50,1,31,55.6,35,63,1,44.8,2,44.4,28,19.0,12,70.1,3,0,0.0,0,39,33,16.5,19.5,1.39
Kale Wakley,173026,WR,UTAHTC,1,7.3,0,0.0,,0,0,0,,0,-0.16,0,1285,0,,,52.0,,52.1,0.0,0,0,0,0.0,0,22,0,25.0,0,90.9,20,22.7,5,39.6,3,0,77.3,17,0,0,,,0.0
Danny Meuser,142987,HB,BUCKNELL,4,0.3,0,33.3,,0,0,0,50.0,1,-0.07,0,125,0,24.5,75.2,60.1,75.4,39.9,0.0,0,0,5,23.5,4,17,0,33.3,1,64.7,11,5.9,1,42.4,3,0,5.9,1,5,2,2.0,5.0,0.45
Tyler Nansel,160503,TE,DRAKE,7,9.3,0,100.0,,0,0,0,0.0,0,-0.29,2,153,0,73.1,64.1,72.8,68.4,77.9,50.0,9,0,17,11.1,2,18,0,47.1,3,83.3,15,44.4,8,118.8,3,0,5.6,1,38,10,3.3,12.7,2.53
Zach Osborne,160474,QB,COLGATE,4,-1.0,0,66.7,,0,0,0,0.0,0,-0.83,0,142,0,70.7,76.6,61.9,,79.3,0.0,0,0,8,0.0,0,10,0,40.0,2,30.0,3,20.0,2,78.5,3,0,0.0,0,15,14,7.0,7.5,5.0
Mason Mozo,160472,TE,COLGATE,11,3.0,0,100.0,100.0,1,1,0,0.0,0,-0.23,1,142,0,73.1,64.1,47.6,69.7,56.4,57.5,23,0,5,12.5,5,40,0,36.8,3,82.5,33,25.0,10,79.2,3,0,5.0,2,9,0,0.0,3.0,0.27
Michael Brescia,149295,QB,COLGATE,4,-2.7,0,100.0,,0,0,0,0.0,0,-0.23,0,142,0,73.1,79.0,65.0,,63.2,0.0,0,0,5,0.0,0,97,0,36.5,3,4.1,4,2.1,2,84.7,3,0,0.0,0,13,21,7.0,4.3,3.25
Isaac Stopke,176541,HB,MOREHEAD,11,-4.7,0,66.7,,0,0,0,0.0,0,0.08,0,234,0,70.7,86.7,74.4,72.0,56.2,0.0,0,0,12,36.8,32,87,0,42.5,2,57.5,50,0.0,0,74.3,3,0,1.1,1,12,24,12.0,6.0,0.24
Luka Popovic,143155,WR,BUTLER,3,4.7,1,66.7,,0,0,0,0.0,0,-0.24,0,127,0,70.7,62.9,55.2,,59.6,0.0,0,0,8,0.0,0,20,0,35.0,2,100.0,20,50.0,10,77.1,3,0,50.0,10,14,10,5.0,7.0,0.7
Cade Osterman,173415,WR,N DAK ST,3,13.0,0,100.0,,0,0,0,0.0,0,1.92,3,250,0,73.1,64.1,89.8,,90.4,0.0,0,0,29,0.0,0,8,0,57.1,3,87.5,7,62.5,5,118.8,3,0,37.5,3,64,25,8.3,21.3,9.14
Dareion Murphy,167653,HB,PRINCETON,5,11.7,0,33.3,,0,0,0,0.0,0,-0.27,1,272,0,66.7,79.3,63.6,44.4,51.6,0.0,0,0,12,20.3,16,79,0,31.9,1,73.4,58,7.6,6,46.5,3,0,6.3,5,12,0,0.0,12.0,0.21
Brendan Cassamajor,149290,HB,COLGATE,10,-1.3,0,66.7,,0,0,0,33.3,1,0.1,1,142,0,31.6,54.3,74.8,55.4,47.8,0.0,0,0,12,41.2,21,51,0,48.0,2,56.9,29,3.9,2,70.1,3,0,2.0,1,6,7,3.5,3.0,0.21
Matthew Quesada,191530,WR,N COLORADO,7,-3.0,0,66.7,,0,0,0,0.0,0,-0.23,0,253,0,70.7,62.9,52.7,,51.9,0.0,0,0,0,0.0,0,40,0,36.8,2,95.0,38,30.0,12,70.1,3,0,70.0,28,-1,6,3.0,-0.5,-0.03
Korey Tai,177167,WR,N DAKOTA,8,-1.0,0,100.0,,0,0,0,0.0,0,0.19,1,249,0,73.1,66.0,56.8,,55.2,0.0,0,0,13,0.0,0,39,0,45.9,3,94.9,37,89.7,35,97.2,3,0,10.3,4,22,25,8.3,7.3,0.59
Eli Stewart,143181,FB,DRAKE,12,0.3,0,66.7,,0,0,0,0.0,0,0.24,0,153,0,70.7,62.9,54.8,79.7,53.5,19.5,8,0,8,31.7,13,41,0,56.4,2,63.4,26,2.4,1,74.3,3,0,0.0,0,12,10,5.0,6.0,0.46
Kalani Norris,97458,WR,FL A&M,5,3.0,1,66.7,0.0,0,1,0,0.0,0,-0.18,1,164,0,70.7,68.4,64.6,,62.0,0.0,0,0,15,0.0,0,25,0,44.0,2,100.0,25,96.0,24,93.8,3,0,4.0,1,26,24,12.0,13.0,1.04
Taron Dickens,177946,QB,W CAROLINA,7,-2.0,0,66.7,,0,0,0,0.0,0,0.11,1,344,4,,25.8,75.0,,57.8,0.0,0,0,8,0.0,0,222,4,45.9,2,0.5,1,0.0,0,70.1,3,0,0.0,0,7,18,9.0,3.5,7.0
Kaleb Costner,143223,TE,STETSON,4,1.7,0,33.3,0.0,0,1,0,0.0,0,-0.31,1,302,0,66.7,66.3,54.2,62.4,56.8,26.5,9,0,15,14.7,5,34,0,37.5,1,79.4,27,41.2,14,50.7,3,0,0.0,0,15,17,17.0,15.0,0.56
Kolby Howard,191519,TE,N COLORADO,1,7.0,1,66.7,,0,0,0,0.0,0,-1.39,0,253,0,70.7,62.9,60.5,,60.4,0.0,0,0,2,0.0,0,3,0,0.0,2,100.0,3,0.0,0,70.1,3,0,100.0,3,-10,-4,-2.0,-5.0,-3.33
Sam Valor,149472,FB,DAVIDSON,10,-5.3,0,33.3,,0,0,0,0.0,0,0.09,0,149,0,66.7,78.1,69.6,74.8,46.1,60.7,34,0,0,14.3,8,56,0,41.1,1,85.7,48,23.2,13,42.4,3,0,12.5,7,0,8,8.0,0.0,0.0
Nae'Saan Dickerson,121413,WR,GRAMBLING,2,28.3,0,66.7,0.0,0,1,0,0.0,0,0.28,2,177,0,70.7,62.9,74.8,,74.0,0.0,0,0,35,0.0,0,17,0,41.2,2,100.0,17,11.8,2,109.7,3,0,88.2,15,61,3,1.5,30.5,3.59
Aiden Schomp,185710,TE,LEHIGH,6,1.3,0,66.7,0.0,0,1,0,0.0,0,0.01,0,205,0,70.7,62.9,35.6,67.5,46.2,83.8,31,0,1,5.4,2,37,0,35.1,2,94.6,35,13.5,5,70.1,3,0,0.0,0,1,3,1.5,0.5,0.03
Jamal Bing Jr.,177473,HB,PENN,8,1.0,0,33.3,,0,0,0,0.0,0,0.01,0,267,0,66.7,46.3,62.2,41.1,52.1,0.0,0,0,4,33.9,21,62,0,38.2,1,59.7,37,4.8,3,42.4,3,0,1.6,1,4,8,8.0,4.0,0.11
Travon Jones,160146,TE,NWSTATE,1,8.0,0,100.0,100.0,1,1,0,0.0,0,0.34,2,257,0,73.1,64.1,82.6,,88.3,100.0,9,0,16,0.0,0,9,0,44.4,3,100.0,9,0.0,0,102.8,3,0,0.0,0,26,2,0.7,8.7,2.89
Gaven Ziebarth,148130,HB,N DAKOTA,12,-3.0,0,66.7,,0,0,0,33.3,1,-0.19,1,249,0,32.3,77.9,69.7,54.3,45.6,0.0,0,0,4,35.8,39,109,1,45.7,2,61.5,67,1.8,2,109.7,3,1,0.0,0,-1,7,3.5,-0.5,-0.01
Ty Yocum,168361,TE,MERRIMACK,4,7.0,0,100.0,,0,0,0,0.0,0,0.35,2,385,0,73.1,64.1,90.4,39.3,88.4,95.5,21,0,30,27.3,6,22,1,50.0,3,72.7,16,0.0,0,112.5,3,0,0.0,0,33,12,4.0,11.0,2.06
Chase Bingmon,189280,HB,PRVIEW A&M,4,-4.7,2,100.0,,0,0,0,0.0,0,-0.13,1,270,0,73.1,77.3,71.5,60.0,77.3,0.0,0,0,20,32.5,13,40,1,34.2,3,62.5,25,7.5,3,108.3,3,0,2.5,1,30,44,14.7,10.0,1.2
Armand Burris,192284,WR,FL A&M,2,0.0,1,100.0,,0,0,0,0.0,0,0.1,1,164,0,73.1,64.1,67.9,,67.1,0.0,0,0,12,0.0,0,13,0,58.3,3,92.3,12,0.0,0,104.2,3,0,100.0,13,27,27,9.0,9.0,2.25
Jack Comeau,173896,TE,PRINCETON,8,-0.3,0,100.0,,0,0,0,0.0,0,-0.33,2,272,0,73.1,64.1,46.2,74.0,57.7,70.0,42,0,14,25.0,15,60,1,32.8,3,73.3,44,23.3,14,111.1,3,0,6.7,4,32,33,11.0,10.7,0.73
Sonny Mannino,166694,QB,MARIST,11,3.7,0,66.7,,0,0,0,0.0,0,-0.12,2,213,2,70.7,65.0,68.9,62.2,66.9,0.0,0,0,16,0.2,1,429,3,38.9,2,2.6,11,1.6,7,100.7,3,0,0.2,1,31,33,16.5,15.5,2.82
Owen Sweeney,192256,WR,VA MILT IN,3,20.0,0,33.3,100.0,1,1,0,0.0,0,0.29,1,336,0,66.7,61.0,71.8,,70.2,0.0,0,0,34,0.0,0,10,0,40.0,1,100.0,10,0.0,0,77.1,3,0,100.0,10,34,14,14.0,34.0,3.4
Dalton Restelli,177832,TE,CHATTNOOGA,5,10.3,0,33.3,,0,0,0,50.0,1,0.65,1,137,0,24.5,61.0,59.1,75.5,41.4,75.6,34,1,1,35.6,16,45,0,56.8,1,64.4,29,11.1,5,42.4,3,1,0.0,0,1,0,0.0,1.0,0.03
Jason Palmieri,177319,WR,SACR HEART,10,4.7,0,33.3,0.0,0,1,0,0.0,0,-0.04,1,280,0,66.7,76.0,53.3,63.6,54.1,0.0,0,0,11,2.4,1,42,0,41.5,1,95.2,40,97.6,41,45.1,3,0,2.4,1,11,6,6.0,11.0,0.28
Jahee Blake,159661,WR,NORFOLK,3,9.0,0,33.3,0.0,0,1,0,0.0,0,0.16,1,244,0,66.7,61.0,55.4,,57.7,0.0,0,0,26,0.0,0,38,0,30.6,1,94.7,36,5.3,2,105.6,3,1,94.7,36,26,8,8.0,26.0,0.72
Deon Silas,144540,HB,RHODE ISLD,12,2.7,1,66.7,,0,0,0,33.3,1,0.01,0,274,0,31.6,67.5,58.9,69.3,46.4,0.0,0,0,14,28.6,20,70,0,43.1,2,65.7,46,2.9,2,85.4,3,0,8.6,6,20,16,8.0,10.0,0.43
Aaron Okoro,191404,WR,CAL POLY,2,6.7,0,33.3,0.0,0,1,0,0.0,0,-0.35,0,129,0,24.5,61.0,47.4,,48.5,0.0,0,1,8,0.0,0,19,0,43.8,1,84.2,16,15.8,3,2.8,3,0,84.2,16,8,2,2.0,8.0,0.5
Brandon Boria,176969,HB,STNY BROOK,7,-2.0,0,66.7,,0,0,0,0.0,0,-0.03,1,303,0,70.7,80.6,64.3,85.6,54.0,0.0,0,1,15,20.4,10,49,0,41.3,2,73.5,36,22.4,11,36.1,3,0,2.0,1,13,18,9.0,6.5,0.36
Ty'shaun Granger,148458,WR,NORFOLK,2,18.3,0,33.3,,0,0,0,0.0,0,-0.59,1,244,0,66.7,61.0,65.3,,64.6,0.0,0,0,10,0.0,0,9,0,33.3,1,100.0,9,0.0,0,43.8,3,0,100.0,9,10,0,0.0,10.0,1.11
Quentin Cobb-Butler,192191,WR,STTHOM,2,17.3,0,0.0,0.0,0,1,0,,0,-0.7,0,1129,0,,68.0,52.7,,52.9,0.0,0,0,0,0.0,0,14,0,15.4,0,92.9,13,57.1,8,39.6,3,0,42.9,6,0,0,,,0.0
Mariano Birdno,192186,TE,STTHOM,8,16.7,0,66.7,,0,0,0,0.0,0,-0.14,1,1129,0,70.7,66.7,49.7,76.0,49.5,85.4,82,0,25,11.5,11,96,3,36.7,2,84.4,81,9.4,9,96.5,3,0,1.0,1,28,2,1.0,14.0,0.35
Kamron Randell-Taylor,176821,WR,N COLORADO,3,-4.0,0,100.0,,0,0,0,0.0,0,-0.6,1,253,0,74.9,66.5,66.0,,68.1,0.0,0,0,4,0.0,0,6,0,20.0,3,83.3,5,50.0,3,79.2,3,0,50.0,3,8,20,6.7,2.7,1.6
Calvin Hill,97069,HB,HOUCHR,12,-4.0,0,66.7,,0,0,0,0.0,0,-0.28,1,183,0,73.1,72.6,69.3,60.7,50.9,0.0,0,0,8,55.6,75,135,0,32.3,2,43.0,58,6.7,9,72.9,3,0,0.7,1,11,18,9.0,5.5,0.19
Nate Hill,124726,WR,VILLANOVA,4,5.3,0,33.3,0.0,0,1,0,0.0,0,0.34,0,334,0,66.7,61.0,55.1,,54.8,0.0,0,0,6,0.0,0,17,0,46.7,1,88.2,15,5.9,1,42.4,3,0,94.1,16,6,1,1.0,6.0,0.4
Luke Foster,151141,TE,YALE,7,10.3,0,100.0,,0,0,0,0.0,0,0.16,2,352,0,73.1,65.4,63.0,73.1,60.4,92.3,48,0,19,34.6,18,52,1,41.3,3,61.5,32,1.9,1,143.8,3,2,5.8,3,27,5,1.7,9.0,0.84
Khristopher Simmons,104976,WR,GRAMBLING,8,18.0,0,100.0,100.0,1,1,0,0.0,0,0.12,3,177,0,73.1,64.1,62.2,64.0,61.7,1.8,1,0,23,1.8,1,55,0,44.2,3,92.7,51,14.5,8,158.3,3,1,83.6,46,49,1,0.3,16.3,0.96
Abe Williams,165417,WR,HAMPTON,6,6.3,0,66.7,100.0,1,1,0,33.3,1,-0.45,0,178,0,31.6,64.6,54.6,,49.0,0.0,0,0,8,0.0,0,32,0,35.5,2,96.9,31,0.0,0,70.1,3,0,100.0,32,6,2,1.0,3.0,0.19
Barret Labus,149764,HB,VALPO,2,-0.7,0,66.7,0.0,0,1,0,0.0,0,-0.63,0,332,0,70.7,67.7,59.7,62.2,56.2,0.0,0,0,2,4.5,1,22,0,18.2,2,95.5,21,31.8,7,70.1,3,0,0.0,0,2,7,3.5,1.0,0.1
Max Ziebarth,159353,TE,ILL STATE,5,9.3,0,33.3,,0,0,0,0.0,0,-0.17,0,188,0,66.7,61.0,51.4,,52.4,21.1,4,0,7,0.0,0,19,0,43.8,1,84.2,16,78.9,15,42.4,3,0,0.0,0,7,3,3.0,7.0,0.44
Donovan Shepard,165354,HB,HAMPTON,9,-1.7,0,100.0,,0,0,0,0.0,0,0.04,1,178,0,73.1,85.4,60.1,79.9,59.6,0.0,0,0,13,15.2,7,46,0,39.1,3,84.8,39,4.3,2,94.4,3,0,2.2,1,20,25,8.3,6.7,0.51
Caydon Coffman,159325,WR,HARVARD,7,11.0,0,33.3,,0,0,0,66.7,2,0.71,1,179,0,3.7,61.0,57.3,,45.6,0.0,0,0,5,0.0,0,17,0,62.5,1,94.1,16,41.2,7,42.4,3,0,58.8,10,5,1,1.0,5.0,0.31
Terence Loville,73749,WR,PORTLAND,1,16.0,0,0.0,0.0,0,1,0,,0,-0.4,0,269,0,,,53.5,,53.5,0.0,0,1,0,0.0,0,14,0,42.9,0,100.0,14,21.4,3,0.0,3,0,78.6,11,0,0,,,0.0
Cole Watson,171778,TE,LNDNWD,5,2.3,0,100.0,,0,0,0,0.0,0,-0.12,2,949,0,73.1,64.1,66.2,71.9,69.5,85.0,17,0,11,30.0,6,20,0,42.1,3,65.0,13,0.0,0,91.7,3,0,10.0,2,18,11,3.7,6.0,1.38
Allen Mitchell,128026,HB,CAMPBELL,8,-0.7,0,100.0,,0,0,0,0.0,0,0.06,1,131,0,73.1,77.3,63.9,82.0,58.3,0.0,0,0,7,14.9,10,67,0,43.1,3,73.1,49,0.0,0,84.7,3,0,0.0,0,13,15,5.0,4.3,0.27
CJ Johnson,177734,HB,PRESBYTERN,8,-2.7,0,33.3,,0,0,0,50.0,1,-0.51,1,271,0,24.5,78.7,68.9,67.8,54.0,0.0,0,0,4,4.5,1,22,0,19.0,1,90.9,20,9.1,2,42.4,3,0,9.1,2,4,8,8.0,4.0,0.2
Cam Edwards,192931,WR,W ILLINOIS,2,25.7,0,0.0,0.0,0,1,0,,0,-1.16,0,345,0,,,55.9,,55.4,0.0,0,0,0,0.0,0,5,0,20.0,0,100.0,5,20.0,1,39.6,3,0,80.0,4,0,0,,,0.0
Tre Peterson,151128,HB,YALE,9,-2.0,0,66.7,,0,0,0,0.0,0,0.2,1,352,0,70.7,63.9,76.5,56.6,54.7,0.0,0,0,6,14.5,12,83,0,53.9,2,78.3,65,2.4,2,72.9,3,0,1.2,1,11,15,7.5,5.5,0.17
Julian White,192021,HB,ROB MORRIS,6,-2.7,0,100.0,,0,0,0,0.0,0,0.57,0,277,0,73.1,77.1,72.8,73.4,58.0,0.0,0,0,4,6.5,2,31,0,60.0,3,90.3,28,3.2,1,79.2,3,0,3.2,1,5,13,4.3,1.7,0.18
Danny Green Jr.,197034,HB,TEXAS STHN,4,-2.7,1,33.3,,0,0,0,0.0,0,-0.35,0,313,0,66.7,79.8,68.6,23.6,60.2,0.0,0,0,13,27.0,10,37,0,35.3,1,70.3,26,0.0,0,47.9,3,0,0.0,0,13,14,14.0,13.0,0.5
Malcolm Brown,150492,TE,MORGAN ST,4,6.3,0,0.0,,0,0,0,,0,-0.11,0,235,0,,,39.5,53.1,49.4,68.8,22,0,0,18.8,6,32,0,45.2,0,78.1,25,28.1,9,39.6,3,0,0.0,0,0,0,,,0.0
Airius Trice,149239,WR,TENN MARTN,4,1.0,0,100.0,100.0,1,1,0,0.0,0,-0.67,1,310,0,73.1,64.1,61.9,,61.3,0.0,0,0,5,0.0,0,16,0,26.7,3,93.8,15,6.3,1,79.2,3,0,93.8,15,9,6,2.0,3.0,0.6
Kolbe Burrell,130401,HB,NWSTATE,5,0.3,0,33.3,,0,0,0,0.0,0,-0.1,0,257,0,66.7,75.2,62.6,81.0,58.7,0.0,0,1,1,35.0,7,20,0,30.0,1,65.0,13,0.0,0,2.8,3,0,0.0,0,1,4,4.0,1.0,0.08
Da'Shaun Whatley,164924,HB,YNGTOWN ST,6,-2.0,0,100.0,,0,0,0,0.0,0,-0.01,1,353,0,73.1,78.2,65.1,81.5,65.3,0.0,0,0,11,19.4,6,31,0,45.2,3,80.6,25,0.0,0,87.5,3,0,0.0,0,15,21,7.0,5.0,0.6
Keegan Wilburn,130608,WR,BRYANT,4,21.7,0,33.3,,0,0,0,0.0,0,-0.06,1,124,0,66.7,67.8,53.5,,56.0,0.0,0,0,40,0.0,0,28,1,50.0,1,100.0,28,71.4,20,81.9,3,0,28.6,8,40,16,16.0,40.0,1.43
Connor Lair,164803,FB,MO STATE,3,0.3,1,100.0,,0,0,0,0.0,0,0.32,3,230,0,73.1,68.7,64.4,,90.8,25.0,1,0,27,0.0,0,4,0,75.0,3,100.0,4,0.0,0,149.3,3,2,0.0,0,31,30,10.0,10.3,7.75
Chris Mosley,164768,HB,NC CENT,6,-1.0,0,66.7,,0,0,0,33.3,1,-0.09,1,247,0,31.6,80.5,86.1,76.7,45.6,0.0,0,0,12,16.7,4,24,0,40.9,2,75.0,18,0.0,0,109.7,3,1,0.0,0,6,14,7.0,3.0,0.33
Noah Cundiff,159166,WR,NEW HAMP,7,5.3,0,66.7,,0,0,0,0.0,0,0.34,2,240,0,70.7,62.9,61.7,,61.5,0.0,0,0,9,0.0,0,26,0,58.3,2,92.3,24,3.8,1,77.1,3,0,96.2,25,14,6,3.0,7.0,0.58
William Lankford,159106,WR,ELON,8,9.0,3,33.3,,0,0,0,0.0,0,-0.21,1,162,0,66.7,72.5,60.5,,58.2,0.0,0,0,18,0.0,0,30,0,37.0,1,86.7,26,23.3,7,54.9,3,0,70.0,21,18,14,14.0,18.0,0.69
Ty Stylski,149506,HB,DAYTON,5,-3.7,1,66.7,,0,0,0,0.0,0,-0.14,0,150,0,70.7,77.3,67.1,75.0,57.4,0.0,0,0,0,9.7,3,31,0,32.3,2,90.3,28,0.0,0,70.1,3,0,0.0,0,-1,5,2.5,-0.5,-0.04
Timothy Scott Jr.,192795,WR,DELWARE ST,4,8.0,1,33.3,,0,0,0,0.0,0,-0.27,0,152,0,66.7,76.3,53.3,,53.2,0.0,0,0,3,0.0,0,24,0,33.3,1,100.0,24,37.5,9,42.4,3,0,62.5,15,3,6,6.0,3.0,0.13
Ronnie Thomas Jr.,134318,WR,LNDNWD,5,2.3,0,0.0,0.0,0,2,0,,0,-0.34,0,949,0,,70.4,47.8,,47.6,0.0,0,0,0,0.0,0,35,0,42.4,0,94.3,33,80.0,28,39.6,3,0,20.0,7,0,0,,,0.0
Will Jarvis,148667,WR,BROWN,8,1.0,0,33.3,,0,0,0,50.0,1,0.47,0,123,0,24.5,62.4,55.7,,47.4,0.0,0,0,7,0.0,0,19,0,63.2,1,94.7,18,68.4,13,42.4,3,0,26.3,5,7,11,11.0,7.0,0.39
Jack Larsen,148726,TE,COLUMBIA,10,11.0,0,66.7,0.0,0,1,0,0.0,0,0.45,1,145,0,70.7,64.6,71.3,73.7,50.5,92.5,49,0,9,22.6,12,53,1,53.1,2,71.7,38,7.5,4,81.3,3,0,0.0,0,17,11,5.5,8.5,0.45
Jared White,164405,HB,MONTANA ST,10,16.7,0,33.3,0.0,0,1,0,0.0,0,0.58,1,233,0,66.7,58.5,68.8,21.4,54.3,0.0,0,0,24,19.6,9,46,0,55.6,1,78.3,36,10.9,5,102.8,3,1,0.0,0,24,13,13.0,24.0,0.67
Camare Hampton,191942,WR,NICHOLLS,2,18.3,0,33.3,50.0,1,2,0,50.0,1,-0.06,1,243,0,24.5,61.0,53.0,,52.4,0.0,0,0,20,0.0,0,27,0,45.8,1,88.9,24,7.4,2,57.6,3,0,92.6,25,20,3,3.0,20.0,0.83
Damar Jackson,192787,TE,DELWARE ST,3,5.0,0,66.7,,0,0,0,0.0,0,-1.13,0,152,1,70.7,9.0,41.5,68.6,41.1,34.4,11,0,10,6.3,2,32,0,22.6,2,90.6,29,62.5,20,71.5,3,0,0.0,0,10,9,4.5,5.0,0.34
Tyler Siddons,164227,TE,CENT ARK,12,-1.0,0,33.3,,0,0,0,0.0,0,-0.07,0,132,0,70.7,62.9,31.9,56.4,37.2,94.6,53,0,2,39.3,22,56,1,44.4,1,57.1,32,3.6,2,42.4,3,0,0.0,0,2,1,1.0,2.0,0.06
Matthias Latham,171624,HB,MERRIMACK,10,2.0,0,66.7,,0,0,1,0.0,0,0.45,1,385,0,70.7,76.1,63.6,65.9,76.0,0.0,0,0,29,45.2,14,31,1,41.9,2,54.8,17,3.2,1,109.0,3,0,0.0,0,37,29,14.5,18.5,2.18
Sean Wilson,185332,WR,DELAWARE,1,19.0,0,66.7,100.0,1,1,0,0.0,0,1.14,2,151,0,70.7,62.9,89.9,,85.3,0.0,0,0,27,0.0,0,4,0,75.0,2,100.0,4,0.0,0,140.3,3,2,100.0,4,31,0,0.0,15.5,7.75
Zaire Thornton,138097,WR,CHATTNOOGA,2,7.3,0,66.7,,0,0,0,0.0,0,-1.06,0,137,0,70.7,62.9,57.1,,57.2,0.0,0,0,12,0.0,0,10,0,30.0,2,100.0,10,20.0,2,82.6,3,0,80.0,8,18,1,0.5,9.0,1.8
Marcus Preston,138252,WR,S DAK ST,9,5.7,0,100.0,100.0,1,1,0,0.0,0,0.91,2,292,0,73.1,64.1,58.7,,60.2,0.0,0,0,18,0.0,0,36,1,67.6,3,94.4,34,25.0,9,139.6,3,1,72.2,26,24,7,2.3,8.0,0.71
Kyle Morgan,150463,TE,NC CENT,10,11.3,1,66.7,,0,0,0,33.3,1,0.14,1,247,0,31.6,65.3,40.8,64.5,49.4,66.0,33,0,28,14.0,7,50,1,40.0,2,80.0,40,26.0,13,109.7,3,0,4.0,2,41,13,6.5,20.5,1.03
Devin Nelson,185481,HB,INDIANA ST,4,2.7,0,66.7,0.0,0,1,0,0.0,0,-0.43,0,191,0,70.7,77.8,64.9,59.7,58.5,0.0,0,0,3,23.3,7,30,0,36.7,2,76.7,23,20.0,6,70.1,3,0,0.0,0,5,11,5.5,2.5,0.22
Cooper Dawson,99846,TE,CHARLES SO,10,2.0,0,100.0,,0,0,1,0.0,0,-0.39,0,135,0,73.1,64.1,60.7,51.2,43.5,84.3,75,0,5,24.7,22,89,2,29.1,3,71.9,64,7.9,7,83.3,3,0,4.5,4,12,6,2.0,4.0,0.19
RJ Carver,150341,HB,LAMAR,3,9.7,0,66.7,,0,0,0,0.0,0,0.68,2,204,0,73.1,25.4,61.6,78.0,81.4,0.0,0,0,11,25.0,6,24,0,52.2,2,70.8,17,8.3,2,127.8,3,1,4.2,1,22,3,1.5,11.0,1.29
Blake Youngblood,163931,WR,HOLY CROSS,8,6.3,0,66.7,0.0,0,1,0,0.0,0,-0.14,1,181,0,70.7,62.9,59.1,,55.8,0.0,0,0,17,0.0,0,38,0,50.0,2,94.7,36,23.7,9,86.8,3,0,76.3,29,21,10,5.0,10.5,0.58
Luke Schuler,172175,TE,STTHOM,4,9.0,1,66.7,,0,0,0,0.0,0,-0.64,2,1129,0,70.7,64.6,73.6,73.3,78.9,90.9,20,0,13,31.8,7,22,0,22.7,2,68.2,15,0.0,0,84.0,3,0,0.0,0,19,9,4.5,9.5,1.27
Trais Higgins,158971,WR,IDAHO,9,19.0,0,66.7,,0,0,0,0.0,0,0.01,2,185,0,70.7,66.2,64.6,,64.3,0.0,0,0,18,0.0,0,30,0,46.7,2,100.0,30,10.0,3,104.9,3,0,90.0,27,34,8,4.0,17.0,1.13
Jordon Hamilton,174594,HB,TXAMEA,2,0.7,2,100.0,,0,0,0,0.0,0,1.64,3,1139,0,73.1,70.3,69.0,,91.1,0.0,0,0,22,0.0,0,5,0,60.0,3,100.0,5,0.0,0,158.3,3,1,0.0,0,46,44,14.7,15.3,9.2
Chris Shaw,163905,WR,FORDHAM,6,15.3,0,100.0,100.0,1,1,0,0.0,0,-0.01,1,168,0,73.1,64.1,63.1,,62.9,0.0,0,0,35,0.0,0,22,0,28.6,3,95.5,21,100.0,22,158.3,3,1,0.0,0,44,0,0.0,14.7,2.1
Jack Betten,163880,WR,FORDHAM,2,12.3,0,66.7,,0,0,0,0.0,0,-0.01,2,168,0,70.7,62.9,78.9,,76.5,0.0,0,0,60,0.0,0,9,0,33.3,2,100.0,9,0.0,0,149.3,3,1,100.0,9,71,39,19.5,35.5,7.89
Alex Jreige,172284,HB,ALBANY,3,-1.7,1,100.0,,0,0,0,0.0,0,-0.2,1,106,0,73.1,80.8,65.7,47.6,56.9,0.0,0,0,6,43.3,42,97,0,42.5,3,51.5,50,2.1,2,121.5,3,1,2.1,2,11,16,5.3,3.7,0.22
Donny Austin,179705,HB,IDAHO ST,12,-4.7,0,33.3,0.0,0,1,0,50.0,1,-0.02,1,186,0,24.5,81.3,72.2,83.2,44.5,0.0,0,0,31,71.2,151,212,0,46.5,1,26.4,56,0.9,2,112.5,3,1,0.9,2,31,36,36.0,31.0,0.55
Jackson Blee,170936,TE,WM & MARY,10,2.3,0,100.0,,0,0,0,0.0,0,0.39,2,348,0,74.9,65.0,54.8,78.0,62.9,86.1,31,0,17,13.9,5,36,1,60.6,3,77.8,28,8.3,3,116.7,3,0,0.0,0,36,29,9.7,12.0,1.29
Evan Chisolm,162341,WR,TARLETON,6,31.0,0,0.0,0.0,0,3,0,,0,-0.58,0,401,0,,,53.2,,51.7,0.0,0,0,0,0.0,0,15,0,21.4,0,93.3,14,6.7,1,39.6,3,0,93.3,14,0,0,,,0.0
Semaj Bolin,103549,WR,VALPO,4,2.0,0,100.0,,0,0,0,0.0,0,-0.76,0,332,0,73.1,64.1,57.1,,57.2,0.0,0,0,7,0.0,0,13,0,23.1,3,100.0,13,46.2,6,79.2,3,0,53.8,7,9,3,1.0,3.0,0.69
Ta'Erik Tate,192636,WR,STF AUSTIN,3,8.0,1,66.7,,0,0,0,0.0,0,0.27,1,301,0,70.7,62.9,61.8,,61.1,0.0,0,0,28,0.0,0,13,0,63.6,2,84.6,11,23.1,3,99.3,3,0,76.9,10,30,31,15.5,15.0,2.73
Johnny Martin,157967,HB,STNY BROOK,10,-0.7,0,33.3,,0,0,0,0.0,0,-0.08,0,303,0,66.7,63.6,78.7,56.5,53.5,0.0,0,0,3,15.6,5,32,1,40.7,1,75.0,24,12.5,4,42.4,3,0,6.3,2,3,6,6.0,3.0,0.13
Sone Ntoh,109136,HB,MONMOUTH,12,2.7,0,100.0,,0,0,0,0.0,0,0.42,1,231,0,73.1,75.0,84.0,56.0,52.5,0.0,0,0,6,20.8,31,149,0,46.7,3,73.2,109,0.7,1,124.3,3,1,0.7,1,13,5,1.7,4.3,0.12
Freddie Brown,99534,WR,TARLETON,7,6.3,0,33.3,,0,0,0,50.0,1,0.2,0,401,0,31.6,62.9,48.2,,48.6,0.0,0,0,3,0.0,0,43,0,41.5,1,95.3,41,100.0,43,42.4,3,0,0.0,0,3,-1,-1.0,3.0,0.07
Rowdy Godwin,139542,TE,PRVIEW A&M,4,10.7,0,33.3,,0,0,0,50.0,1,-0.59,0,270,0,24.5,61.0,46.6,73.1,42.5,73.5,25,1,4,23.5,8,34,0,38.7,1,70.6,24,23.5,8,2.8,3,0,2.9,1,4,-1,-1.0,4.0,0.17
Luke Malaga,148787,WR,CORNELL,4,4.3,0,33.3,,0,0,0,50.0,1,-0.25,0,147,0,24.5,77.9,45.4,,47.2,0.0,0,0,5,0.0,0,30,0,25.9,1,90.0,27,90.0,27,42.4,3,0,10.0,3,5,7,7.0,5.0,0.19
Jamal Jeffers,177566,WR,E ILLINOIS,3,16.7,0,33.3,0.0,0,1,0,0.0,0,0.41,1,158,0,66.7,61.0,59.0,,58.8,0.0,0,0,17,0.0,0,21,0,50.0,1,95.2,20,100.0,21,53.5,3,0,0.0,0,17,2,2.0,17.0,0.85
Kaden Cooper,170608,WR,N ALABAMA,7,5.3,1,100.0,,0,0,0,0.0,0,-0.06,1,389,0,74.9,72.3,69.4,,68.6,0.0,0,0,21,0.0,0,20,0,50.0,3,90.0,18,40.0,8,102.8,3,0,60.0,12,26,10,3.3,8.7,1.44
Anthony Westervelt,177564,WR,SE MO ST,7,8.7,1,33.3,0.0,0,1,0,0.0,0,-0.9,0,293,0,66.7,61.0,57.1,,56.7,0.0,0,0,9,0.0,0,26,0,23.1,1,100.0,26,23.1,6,42.4,3,0,76.9,20,9,12,12.0,9.0,0.35
Rory Jones-Amen-Hetep,178312,WR,NC A&T,3,16.3,0,33.3,100.0,1,1,0,0.0,0,-0.75,0,246,0,66.7,61.0,53.6,,53.1,0.0,0,0,-1,0.0,0,20,0,30.0,1,100.0,20,10.0,2,42.4,3,0,90.0,18,-1,0,0.0,-1.0,-0.05
Mason Gudger,162140,HB,GEORGETOWN,2,-2.0,0,100.0,,0,0,0,0.0,0,-0.07,2,172,0,73.1,74.7,71.0,73.4,73.4,0.0,0,0,13,17.6,3,17,0,43.8,3,76.5,13,0.0,0,95.8,3,0,5.9,1,21,27,9.0,7.0,1.62
Darren Bennett,178310,TE,JACKSON ST,10,13.7,0,33.3,,0,0,0,0.0,0,0.49,1,194,0,66.7,61.0,59.4,42.1,58.9,80.4,37,0,22,30.4,14,46,1,50.0,1,67.4,31,17.4,8,60.4,3,0,2.2,1,22,5,5.0,22.0,0.71
Jordan Sprycha,161998,TE,E ILLINOIS,3,7.7,0,33.3,,0,0,0,50.0,1,-0.14,1,158,1,24.5,15.6,43.4,70.8,38.7,55.9,19,1,15,14.7,5,34,0,45.2,1,76.5,26,35.3,12,11.1,3,0,8.8,3,15,10,10.0,15.0,0.58
Jailen Hicks,178294,HB,NC A&T,2,4.0,0,33.3,,0,0,0,0.0,0,-0.59,0,246,0,66.7,70.7,59.1,14.0,58.7,0.0,0,1,7,28.6,4,14,0,42.9,1,71.4,10,7.1,1,2.8,3,0,0.0,0,7,8,8.0,7.0,0.7
Jay Avery,178290,WR,NC A&T,5,15.7,0,66.7,,0,0,0,0.0,0,-0.73,1,246,1,70.7,9.0,52.5,,55.5,0.0,0,0,25,0.0,0,20,0,21.1,2,95.0,19,95.0,19,109.7,3,0,5.0,1,44,8,4.0,22.0,2.32
Narkel LeFlore,161956,HB,TENN MARTN,2,-0.3,1,100.0,100.0,1,1,0,0.0,0,0.15,0,310,0,73.1,75.5,61.4,73.2,59.6,0.0,0,0,2,9.5,2,21,0,27.8,3,76.2,16,4.8,1,79.2,3,0,4.8,1,5,6,2.0,1.7,0.31
Coleby Hamm,172749,HB,MCNEESE,7,-1.0,1,100.0,,0,0,0,0.0,0,-0.42,0,217,0,73.1,57.6,73.8,53.6,70.2,0.0,0,0,12,30.9,17,55,0,34.6,3,65.5,36,3.6,2,100.0,3,0,0.0,0,24,27,9.0,8.0,0.67
Daniel Tarabrella,178225,TE,DUQUESNE,10,8.3,0,100.0,,0,0,0,0.0,0,0.47,2,155,0,74.9,66.9,58.7,72.9,54.0,69.8,44,0,31,17.5,11,63,3,56.7,3,77.8,49,0.0,0,118.8,3,0,1.6,1,42,17,5.7,14.0,0.86
Ha'Keem Monroe,161881,WR,CITADEL,6,7.0,0,0.0,,0,0,0,100.0,1,-0.21,0,139,0,16.8,,47.8,,47.6,0.0,0,0,0,0.0,0,44,0,31.7,0,93.2,41,11.4,5,39.6,3,0,88.6,39,0,0,,,0.0
Corbin Wilson,197715,WR,NC A&T,3,29.0,0,0.0,,0,0,0,,0,-0.78,0,246,0,,,47.1,,46.6,0.0,0,0,0,0.0,0,15,0,21.4,0,93.3,14,6.7,1,39.6,3,0,93.3,14,0,0,,,0.0
Isaiah Gordon,156790,HB,CHARLES SO,6,0.7,0,66.7,,0,0,0,0.0,0,-0.17,0,135,0,70.7,74.8,60.4,72.2,59.4,0.0,0,0,3,42.4,14,33,0,37.5,2,57.6,19,0.0,0,70.1,3,0,0.0,0,3,3,1.5,1.5,0.16
Malik Jackson,101675,TE,TOWSON,9,13.3,0,66.7,0.0,0,1,0,0.0,0,-0.71,1,317,0,70.7,62.9,56.5,73.5,58.1,73.7,28,0,20,26.3,10,38,0,25.7,2,65.8,25,7.9,3,91.0,3,0,0.0,0,24,10,5.0,12.0,0.96
Art Williams,175113,HB,IDAHO,13,1.0,1,66.7,,0,0,0,0.0,0,-0.21,1,185,0,70.7,45.8,71.9,77.1,52.4,0.0,0,0,11,13.0,13,100,0,38.9,2,82.0,82,2.0,2,70.1,3,0,0.0,0,5,9,4.5,2.5,0.06
Corey Russell,102413,HB,SOUTHERN U,13,2.7,0,66.7,,0,0,0,33.3,1,0.27,1,297,0,39.5,72.3,76.1,62.0,47.2,0.0,0,0,17,15.6,14,90,0,38.8,2,73.3,66,2.2,2,86.8,3,0,0.0,0,21,15,7.5,10.5,0.32
Jaylen Jenkins,178174,HB,STF AUSTIN,11,-2.0,0,100.0,,0,0,0,0.0,0,0.22,2,301,0,73.1,72.3,78.1,65.0,57.8,0.0,0,0,27,40.7,33,81,0,51.3,3,59.3,48,7.4,6,118.8,3,0,2.5,2,48,54,18.0,16.0,1.0
DJ Moffett,156044,HB,ALAB A&M,6,-1.7,1,100.0,,0,0,0,0.0,0,0.44,2,104,0,73.1,76.7,73.0,0.0,69.4,0.0,0,0,31,4.5,1,22,0,57.1,3,90.9,20,4.5,1,118.8,3,0,0.0,0,41,46,15.3,13.7,2.05
Michael Johnson,147784,HB,SACRAMENTO,3,-4.0,0,100.0,,0,0,0,0.0,0,0.08,0,279,0,73.1,41.1,62.3,18.7,67.6,0.0,0,0,9,14.3,2,14,0,50.0,3,85.7,12,7.1,1,79.2,3,0,7.1,1,9,21,7.0,3.0,0.75
Jonathan Askew,188090,HB,MERCYHURST,5,3.3,2,100.0,,0,0,0,0.0,0,0.54,2,977,0,73.1,75.6,73.7,36.4,71.2,0.0,0,0,15,23.3,7,30,0,56.7,3,76.7,23,0.0,0,112.5,3,0,0.0,0,33,23,7.7,11.0,1.43
Jahbari Kuykendall,175810,HB,ALABAMA ST,6,2.0,1,100.0,,0,0,0,0.0,0,-0.18,1,105,0,73.1,30.0,67.9,17.6,83.4,0.0,0,0,35,23.1,3,13,0,30.8,3,76.9,10,23.1,3,116.7,3,0,0.0,0,36,30,10.0,12.0,3.6
Zach Witte,141853,TE,S DAKOTA,13,11.0,0,66.7,,0,0,0,0.0,0,0.04,0,291,0,70.7,62.9,56.0,77.2,53.8,87.0,47,0,9,25.9,14,54,1,42.9,2,66.7,36,9.3,5,74.3,3,0,0.0,0,12,2,1.0,6.0,0.33
Joseph Owumi,150517,WR,MORGAN ST,10,11.3,0,33.3,,0,0,0,0.0,0,0.14,1,235,0,66.7,61.0,56.4,,55.2,0.0,0,1,39,0.0,0,49,0,44.4,1,91.8,45,8.2,4,81.9,3,1,91.8,45,39,27,27.0,39.0,0.87
Ahmad Miller,172895,HB,JACKSON ST,3,3.7,2,100.0,,0,0,0,0.0,0,0.26,1,194,0,74.9,76.2,73.7,26.8,68.4,0.0,0,0,12,24.1,7,29,0,53.6,3,72.4,21,0.0,0,101.4,3,0,0.0,0,25,14,4.7,8.3,1.19
Avari Marshall,161356,WR,DELWARE ST,8,8.0,0,33.3,,0,0,0,0.0,0,0.07,1,152,0,66.7,61.0,53.8,,53.8,0.0,0,0,16,0.0,0,49,0,38.3,1,95.9,47,91.8,45,52.1,3,0,8.2,4,16,0,0.0,16.0,0.34
Devin Matthews,174602,WR,TXAMEA,2,13.5,0,50.0,,0,0,0,0.0,0,-0.63,0,1139,0,66.7,25.0,55.3,,55.6,0.0,0,0,5,0.0,0,11,0,18.2,1,100.0,11,36.4,4,56.3,2,0,63.6,7,5,2,2.0,5.0,0.45
Devin Ford,74018,WR,WEBER ST,4,10.5,0,50.0,50.0,1,2,0,0.0,0,-0.07,1,342,0,66.7,61.0,59.5,,59.2,0.0,0,0,13,0.0,0,18,0,33.3,1,100.0,18,0.0,0,70.8,2,0,100.0,18,13,0,0.0,13.0,0.72
Keilon Elder,83673,HB,GRAMBLING,8,2.5,0,100.0,100.0,1,1,0,0.0,0,-0.11,0,177,0,31.6,56.3,71.7,31.2,40.2,0.0,0,0,3,29.6,8,27,0,39.1,2,59.3,16,0.0,0,79.2,2,0,0.0,0,5,0,0.0,2.5,0.31
Khatib Lyles,97803,WR,AUSTINPEAY,10,18.0,1,50.0,,0,0,0,0.0,0,-0.47,1,116,0,66.7,61.0,52.8,,54.7,0.0,0,1,35,0.0,0,53,1,33.3,1,96.2,51,18.9,10,56.3,2,0,81.1,43,35,14,14.0,35.0,0.69
Wayne Dennis Jr.,98108,TE,HOWARD,4,27.5,0,50.0,0.0,0,1,0,0.0,0,-0.4,1,184,0,66.7,61.0,65.4,,69.0,50.0,4,0,10,0.0,0,8,0,25.0,1,100.0,8,50.0,4,64.6,2,0,0.0,0,10,2,2.0,10.0,1.25
Mykel Tubbs,98822,WR,W GEORGIA,3,19.0,0,0.0,0.0,0,2,0,,0,-0.43,0,1177,0,,,55.5,,54.7,0.0,0,0,0,0.0,0,10,0,22.2,0,90.0,9,20.0,2,39.6,2,0,80.0,8,0,0,,,0.0
Garrison Johnson Sr.,99596,HB,CITADEL,12,-1.5,0,50.0,,0,0,0,0.0,0,-0.05,1,139,0,66.7,65.8,73.5,68.7,65.4,0.0,0,1,11,47.9,34,71,1,37.7,1,49.3,35,2.8,2,27.1,2,0,0.0,0,11,14,14.0,11.0,0.31
Dayron Johnson,105006,WR,TENN STATE,4,1.0,0,100.0,,0,0,0,0.0,0,-0.49,1,308,0,70.7,31.9,63.3,,62.8,0.0,0,0,14,0.0,0,32,0,33.3,2,93.8,30,96.9,31,93.8,2,0,3.1,1,13,11,5.5,6.5,0.43
Caleb Mead,105125,CB,NEW HAMP,3,-4.5,0,100.0,,0,0,0,0.0,0,-0.7,0,240,0,70.7,37.1,70.0,,62.4,0.0,0,0,1,0.0,0,5,1,0.0,2,100.0,5,0.0,0,79.2,2,0,20.0,1,-1,8,4.0,-0.5,-0.2
Lance Jackson,105590,HB,CHATTNOOGA,5,1.5,0,50.0,,0,0,0,0.0,0,0.35,1,137,0,66.7,79.3,61.8,82.3,62.4,0.0,0,0,20,54.3,19,35,0,62.9,1,45.7,16,2.9,1,85.4,2,0,0.0,0,20,17,17.0,20.0,1.25
Jalen Montgomery,121815,HB,E KENTUCKY,10,-3.5,1,100.0,,0,0,0,0.0,0,-0.26,2,159,0,73.1,63.0,70.7,,73.8,0.0,0,0,46,0.0,0,14,0,41.7,2,85.7,12,85.7,12,118.8,2,0,0.0,0,81,88,44.0,40.5,6.75
Tyree Saunders,123364,WR,ALABAMA ST,1,9.0,0,50.0,0.0,0,1,0,0.0,0,0.93,0,105,0,66.7,61.0,56.1,,55.8,0.0,0,0,8,0.0,0,11,0,50.0,1,90.9,10,0.0,0,60.4,2,0,100.0,11,8,3,3.0,8.0,0.8
Charlie Gordinier,123538,TE,SACR HEART,6,3.5,0,50.0,,0,0,0,0.0,0,-0.6,0,280,0,66.7,61.0,50.8,26.3,43.3,81.6,40,0,6,8.2,4,49,0,29.2,1,89.8,44,12.2,6,56.3,2,0,0.0,0,6,4,4.0,6.0,0.14
Andre Hines Jr.,123539,HB,WAGNER,7,6.0,1,50.0,,0,0,0,0.0,0,0.09,0,338,0,66.7,62.6,69.9,78.0,53.3,0.0,0,0,7,38.8,19,49,1,34.9,1,51.0,25,2.0,1,58.3,2,0,2.0,1,7,9,9.0,7.0,0.28
JJ Evans,123983,WR,N ALABAMA,8,20.5,0,0.0,,0,0,0,,0,0.29,0,389,0,,,46.8,67.9,50.4,0.0,0,0,0,3.4,1,29,1,46.2,0,89.7,26,65.5,19,39.6,2,0,31.0,9,0,0,,,0.0
Peyton Kramer,125693,WR,TARLETON,2,9.5,0,50.0,,0,0,0,0.0,0,0.67,1,401,0,66.7,61.0,68.5,,66.9,0.0,0,0,19,0.0,0,6,0,66.7,1,100.0,6,100.0,6,83.3,2,0,0.0,0,19,11,11.0,19.0,3.17
Cole Wright,128143,WR,UC DAVIS,2,4.0,0,50.0,0.0,0,1,0,0.0,0,0.22,0,322,0,66.7,61.0,58.0,,57.3,0.0,0,0,9,0.0,0,11,0,36.4,1,100.0,11,36.4,4,62.5,2,0,63.6,7,9,0,0.0,9.0,0.82
Dahlyn Jones,131319,TE,WEBER ST,7,0.5,0,100.0,,0,0,0,0.0,0,0.25,1,342,0,70.7,62.9,63.3,67.0,56.3,56.7,17,0,5,6.7,2,30,0,51.9,2,83.3,25,36.7,11,127.1,2,1,0.0,0,10,9,4.5,5.0,0.4
Oshae Baker,138147,S,TENN MARTN,1,-1.0,1,100.0,,0,0,0,0.0,0,-0.83,0,310,0,70.7,70.9,61.9,,61.4,0.0,0,0,3,0.0,0,2,2,0.0,2,100.0,2,100.0,2,79.2,2,0,0.0,0,5,7,3.5,2.5,2.5
Mark Gronowski,138303,QB,S DAK ST,15,-5.5,2,100.0,,0,0,1,0.0,0,0.15,1,292,1,66.7,83.1,83.1,,72.7,0.0,0,0,21,0.0,0,401,1,45.7,2,1.7,7,0.0,0,116.7,2,0,0.2,1,24,35,17.5,12.0,3.43
Rashad Raymond,139121,HB,TENN MARTN,5,0.0,0,100.0,,0,0,0,0.0,0,0.11,0,310,0,70.7,78.2,57.9,40.5,57.2,0.0,0,0,3,20.7,6,29,0,42.9,2,75.9,22,3.4,1,79.2,2,0,0.0,0,6,6,3.0,3.0,0.27
Mike Chandler II,139371,QB,CAMPBELL,12,-0.5,0,100.0,,0,0,0,0.0,0,0.01,1,131,0,70.7,73.0,70.3,,71.2,0.0,0,0,19,0.0,0,209,1,39.4,2,3.3,7,1.0,2,104.2,2,0,2.4,5,18,19,9.5,9.0,2.57
Dane Wallace,139528,WR,NWSTATE,6,7.0,0,50.0,0.0,0,1,0,0.0,0,-0.39,0,257,0,70.7,62.9,57.2,,56.6,0.0,0,0,9,0.0,0,20,0,22.2,1,90.0,18,70.0,14,62.5,2,0,30.0,6,9,2,2.0,9.0,0.5
E'Shawn Mayes,141737,TE,W GEORGIA,5,-0.5,0,50.0,,0,0,0,0.0,0,-0.09,1,1177,0,66.7,61.0,63.5,73.5,61.7,40.0,6,0,14,13.3,2,15,0,33.3,1,86.7,13,46.7,7,72.9,2,0,6.7,1,14,15,15.0,14.0,1.08
Fonnae Webb,142363,HB,NORFOLK,9,1.0,0,50.0,0.0,0,1,0,0.0,0,-0.34,1,244,0,66.7,82.4,74.2,52.5,56.9,0.0,0,0,5,30.2,16,53,0,32.1,1,69.8,37,1.9,1,95.8,2,1,0.0,0,5,2,2.0,5.0,0.14
Adam Barakat,142995,WR,SAN DIEGO,3,9.5,0,0.0,,0,0,0,100.0,1,-0.41,0,283,0,16.4,,43.7,,45.3,0.0,0,0,0,0.0,0,5,0,40.0,0,100.0,5,0.0,0,39.6,2,0,100.0,5,0,0,,,0.0
Shavarick Williams,144178,WR,MURRAY ST,2,0.0,0,100.0,,0,0,0,0.0,0,-0.75,0,236,0,70.7,62.9,59.2,,58.6,0.0,0,0,3,0.0,0,5,0,20.0,2,100.0,5,0.0,0,79.2,2,0,100.0,5,4,4,2.0,2.0,0.8
Kamonte Grimes,144994,WR,N IOWA,4,1.0,0,100.0,,0,0,0,0.0,0,-0.28,1,255,0,70.7,66.2,60.5,,60.0,0.0,0,0,15,0.0,0,18,0,47.1,2,94.4,17,50.0,9,106.3,2,0,50.0,9,19,17,8.5,9.5,1.12
Richard Mays Jr.,145421,WR,JACKSON ST,3,3.0,0,50.0,,0,0,0,50.0,1,-0.03,0,194,0,24.5,65.1,50.9,,49.1,0.0,0,0,5,0.0,0,9,0,33.3,1,100.0,9,0.0,0,56.3,2,0,100.0,9,5,6,6.0,5.0,0.56
Naran Buntin,145782,ED,N IOWA,2,14.0,0,50.0,,0,0,0,0.0,0,-0.25,0,255,0,66.7,61.0,57.2,,57.7,0.0,0,0,5,0.0,0,4,0,25.0,1,100.0,4,75.0,3,56.3,2,0,25.0,1,5,8,8.0,5.0,1.25
Hayden Erickson,146437,TE,S DAKOTA,13,12.0,0,50.0,,0,0,0,50.0,1,0.36,1,291,0,24.9,61.0,57.6,57.6,36.0,98.0,96,0,38,26.5,26,98,1,54.9,1,69.4,68,0.0,0,95.8,2,0,1.0,1,38,14,14.0,38.0,0.56
Jacoby Boykins,146600,WR,ABILENE CH,3,9.5,0,50.0,,0,0,0,0.0,0,-0.01,1,100,0,66.7,61.0,57.9,,62.6,0.0,0,0,12,0.0,0,10,1,40.0,1,100.0,10,10.0,1,68.8,2,0,90.0,9,12,0,0.0,12.0,1.2
Ty Lyles,147079,WR,GARD-WEBB,5,0.0,1,100.0,100.0,1,1,0,0.0,0,1.15,1,171,0,70.7,71.0,63.4,,63.3,0.0,0,0,15,0.0,0,12,0,72.7,2,91.7,11,0.0,0,100.0,2,0,100.0,12,16,16,8.0,8.0,1.45
Kekoa Visperas,147588,QB,E WASHGTON,11,6.0,0,50.0,,0,0,0,0.0,0,0.21,1,161,1,66.7,75.1,80.7,,63.1,0.0,0,0,7,0.0,0,334,0,48.8,1,1.8,6,0.6,2,58.3,2,0,0.3,1,7,11,11.0,7.0,1.17
Cole Payton,148154,QB,N DAK ST,7,0.5,0,100.0,,0,0,0,0.0,0,-0.2,0,250,0,70.7,76.2,77.3,,55.4,4.2,1,0,3,0.0,0,24,1,41.7,2,29.2,7,4.2,1,79.2,2,0,8.3,2,5,4,2.0,2.5,0.71
James Welde,148473,TE,VILLANOVA,5,6.5,0,50.0,,0,0,0,0.0,0,0.37,1,334,0,66.7,61.0,55.5,61.3,54.8,81.6,31,0,5,26.3,10,38,0,52.9,1,63.2,24,7.9,3,95.8,2,1,7.9,3,5,0,0.0,5.0,0.21
Martin Lucas,148490,HB,WM & MARY,2,-3.0,1,50.0,,0,0,0,50.0,1,0.51,1,348,0,24.5,20.3,54.7,20.8,40.2,0.0,0,0,15,25.0,4,16,0,60.0,1,75.0,12,0.0,0,75.0,2,0,0.0,0,15,15,15.0,15.0,1.25
Bailey Lash,148515,TE,BRYANT,4,6.0,0,50.0,,0,0,0,0.0,0,-0.43,1,124,0,66.7,63.6,54.6,,60.5,87.5,7,0,17,0.0,0,8,0,28.6,1,87.5,7,0.0,0,79.2,2,0,0.0,0,17,15,15.0,17.0,2.43
Marques Owens,149271,WR,BUCKNELL,4,13.0,0,50.0,0.0,0,1,0,0.0,0,-0.41,1,125,0,66.7,61.0,62.1,,61.5,0.0,0,1,8,0.0,0,11,0,36.4,1,100.0,11,18.2,2,20.8,2,0,81.8,9,8,3,3.0,8.0,0.73
Kyle Fontes,149278,TE,BUCKNELL,6,5.0,0,100.0,,0,0,0,0.0,0,0.44,1,125,0,70.7,62.9,61.3,71.9,64.2,66.7,12,0,13,38.9,7,18,1,38.9,2,61.1,11,11.1,2,102.1,2,0,22.2,4,17,7,3.5,8.5,1.55
Jaden Allen,149305,TE,FORDHAM,4,11.5,0,50.0,100.0,1,1,0,0.0,0,-0.75,0,168,0,70.7,62.9,53.4,74.7,48.3,26.2,17,0,4,18.5,12,65,0,17.5,1,80.0,52,60.0,39,56.3,2,0,4.6,3,4,0,0.0,4.0,0.08
Gabe Decker,149369,TE,LAFAYETTE,5,5.0,0,50.0,,0,0,0,0.0,0,0.48,0,203,0,66.7,63.6,49.3,33.6,46.8,63.2,24,0,6,10.5,4,38,0,57.1,1,81.6,31,31.6,12,56.3,2,0,0.0,0,6,1,1.0,6.0,0.19
Cade Beam,149507,TE,DAYTON,11,15.5,0,50.0,,0,0,0,0.0,0,-0.53,1,150,0,66.7,71.7,48.6,39.3,46.5,80.0,64,0,7,32.5,26,80,1,32.9,1,61.3,49,0.0,0,58.3,2,0,0.0,0,7,2,2.0,7.0,0.14
Jarrell Wiley,150064,HB,INCAR WORD,4,0.0,0,50.0,,0,0,0,50.0,1,-0.22,0,189,0,24.5,77.8,63.3,44.5,42.6,0.0,0,0,5,22.2,8,36,0,39.4,1,72.2,26,11.1,4,56.3,2,0,8.3,3,5,10,10.0,5.0,0.19
Reggie Branch II,150071,HB,MO STATE,4,2.5,0,100.0,,0,0,0,0.0,0,-0.59,0,230,0,70.7,73.2,64.6,,57.5,0.0,0,0,7,0.0,0,14,0,35.7,2,100.0,14,0.0,0,91.7,2,0,28.6,4,12,7,3.5,6.0,0.86
Ikeem Wright,150435,TE,NORFOLK,4,3.5,0,50.0,0.0,0,1,0,0.0,0,-0.01,1,244,0,66.7,61.0,64.3,67.3,53.6,92.0,46,0,11,66.0,33,50,0,35.4,1,32.0,16,0.0,0,66.7,2,0,0.0,0,11,11,11.0,11.0,0.69
Demier Shipley,150508,WR,MORGAN ST,2,15.0,0,50.0,0.0,0,1,0,0.0,0,0.41,1,235,0,66.7,61.0,55.6,,55.7,0.0,0,1,20,0.0,0,10,0,50.0,1,100.0,10,0.0,0,45.8,2,0,100.0,10,20,14,14.0,20.0,2.0
Chris Taylor,150688,WR,STF AUSTIN,5,12.5,0,100.0,100.0,1,1,0,0.0,0,0.48,1,301,0,70.7,62.9,68.6,,66.1,0.0,0,0,15,0.0,0,14,0,69.2,2,92.9,13,42.9,6,154.2,2,1,57.1,8,23,4,2.0,11.5,1.77
Amarie Jones Jr.,150854,TE,BETH COOK,9,9.5,0,50.0,100.0,1,1,1,0.0,0,0.44,0,119,0,66.7,68.4,44.3,24.7,50.1,80.0,20,0,7,20.0,5,25,1,40.9,1,72.0,18,8.0,2,58.3,2,0,4.0,1,7,0,0.0,7.0,0.39
Marquis Gillis,151714,HB,DELWARE ST,2,-5.5,2,100.0,,0,0,0,0.0,0,-0.36,0,152,0,70.7,73.5,63.3,,59.7,0.0,0,0,-4,0.0,0,18,1,38.9,2,100.0,18,0.0,0,79.2,2,0,5.6,1,-8,3,1.5,-4.0,-0.44
Tyler Thompson,153314,WR,HAMPTON,3,4.0,0,100.0,,0,0,0,0.0,0,0.23,1,178,0,70.7,65.3,54.2,,57.3,0.0,0,0,11,0.0,0,27,1,45.8,2,88.9,24,11.1,3,89.6,2,0,88.9,24,11,3,1.5,5.5,0.46
Robert Carter Jr.,154439,CB,ROB MORRIS,1,14.0,0,50.0,,0,0,0,0.0,0,-0.37,0,277,0,66.7,69.8,61.1,,61.8,50.0,1,0,7,0.0,0,2,2,50.0,1,100.0,2,50.0,1,58.3,2,0,0.0,0,7,2,2.0,7.0,3.5
Montrell Walker,154758,TE,HOWARD,12,3.0,0,50.0,,0,0,0,0.0,0,-0.01,1,184,0,66.7,61.0,44.3,72.8,48.2,97.3,73,0,5,37.3,28,75,1,38.6,1,61.3,46,2.7,2,95.8,2,1,0.0,0,5,1,1.0,5.0,0.11
Nate Boehm,154789,WR,MOREHEAD,1,14.0,0,0.0,0.0,0,1,0,,0,-0.45,0,234,0,,,54.0,,54.9,0.0,0,0,0,0.0,0,10,0,22.2,0,90.0,9,100.0,10,39.6,2,0,0.0,0,0,0,,,0.0
Matt Carlino,155509,TE,DELAWARE,2,0.5,0,100.0,,0,0,0,0.0,0,0.16,0,151,0,70.7,62.9,66.5,66.0,60.5,80.0,4,0,2,20.0,1,5,0,40.0,2,80.0,4,20.0,1,79.2,2,0,0.0,0,4,3,1.5,2.0,1.0
Quincy McDuffie,155896,WR,LIUSHAR,6,3.5,0,50.0,,0,0,0,0.0,0,-0.88,0,1298,0,66.7,61.0,53.6,,52.9,0.0,0,0,1,0.0,0,24,0,16.7,1,100.0,24,20.8,5,56.3,2,0,79.2,19,1,0,0.0,1.0,0.04
Dax Courtney,157031,TE,CENT ARK,5,-1.0,0,50.0,0.0,0,1,0,0.0,0,-0.1,1,132,0,66.7,63.6,60.8,,70.0,66.7,6,0,12,0.0,0,9,0,33.3,1,100.0,9,11.1,1,108.3,2,1,0.0,0,12,12,12.0,12.0,1.33
Barry Kleinpeter,159173,QB,NEW HAMP,3,0.0,0,50.0,,0,0,0,0.0,0,-0.17,0,240,1,66.7,46.8,53.0,,63.0,0.0,0,0,3,0.0,0,36,0,39.4,1,11.1,4,0.0,0,56.3,2,0,0.0,0,3,10,10.0,3.0,0.75
Tyson Garrett,159236,HB,WM & MARY,3,-3.0,0,100.0,,0,0,0,0.0,0,-1.94,0,348,0,70.7,66.9,63.0,,66.0,0.0,0,0,5,0.0,0,3,0,0.0,2,100.0,3,0.0,0,85.4,2,0,0.0,0,9,15,7.5,4.5,3.0
Chase Mason,159444,QB,S DAK ST,10,-4.0,0,100.0,,0,0,0,0.0,0,0.23,0,292,0,70.7,59.4,73.0,,57.8,0.0,0,0,-1,0.0,0,46,2,42.9,2,19.6,9,6.5,3,79.2,2,0,4.3,2,-3,5,2.5,-1.5,-0.33
Brayden Porter,159487,FB,ST FRANCIS,3,7.5,0,100.0,,0,0,0,0.0,0,0.58,1,299,0,70.7,70.1,61.0,43.6,62.8,0.0,0,0,30,21.4,3,14,0,50.0,2,78.6,11,21.4,3,118.8,2,0,7.1,1,33,18,9.0,16.5,3.0
Alex Brown,159714,WR,BUCKNELL,4,21.0,0,0.0,0.0,0,1,0,,0,0.58,0,125,0,,,54.6,,54.0,0.0,0,0,0,0.0,0,13,0,33.3,0,92.3,12,15.4,2,39.6,2,0,84.6,11,0,0,,,0.0
Garrison Curry,159925,TE,PRESBYTERN,7,1.0,0,50.0,,0,0,0,0.0,0,-1.58,0,271,0,66.7,61.0,45.7,67.2,51.5,77.8,14,1,2,11.1,2,18,0,23.5,1,83.3,15,22.2,4,16.7,2,0,0.0,0,2,1,1.0,2.0,0.13
Rodeo Graham Jr.,160117,HB,SE LA,10,-1.5,1,100.0,,0,0,0,0.0,0,-0.19,0,294,0,73.1,81.2,61.2,9.3,61.2,0.0,0,0,2,6.3,2,32,0,37.9,2,84.4,27,0.0,0,79.2,2,0,9.4,3,3,6,3.0,1.5,0.11
Marcus Harris,160261,HB,ALABAMA ST,7,0.0,0,100.0,,0,0,0,0.0,0,0.33,0,105,0,70.7,84.5,70.7,57.2,55.9,4.8,2,0,6,31.0,13,42,0,41.5,2,66.7,28,0.0,0,79.2,2,0,4.8,2,6,6,3.0,3.0,0.21
Joshua George,160424,TE,NC A&T,11,-2.0,0,50.0,,0,0,0,50.0,1,-0.3,0,246,0,24.5,61.0,40.9,54.5,34.6,97.9,46,0,5,36.2,17,47,0,29.5,1,59.6,28,0.0,0,56.3,2,0,0.0,0,5,11,11.0,5.0,0.18
Isaiah Wright,160456,HB,VILLANOVA,6,-2.5,0,50.0,,0,0,0,50.0,1,-0.53,0,334,0,24.5,76.8,68.5,85.1,33.5,0.0,0,0,5,73.1,19,26,0,29.2,1,26.9,7,3.8,1,56.3,2,0,0.0,0,5,8,8.0,5.0,0.71
Miles Marshall,160589,TE,S ILLINOIS,9,-2.0,0,100.0,,0,0,0,0.0,0,-0.3,0,295,0,70.7,62.9,47.0,66.6,47.9,56.0,14,0,4,8.0,2,25,0,41.7,2,88.0,22,20.0,5,81.3,2,0,8.0,2,7,11,5.5,3.5,0.32
Isaiah Lemmond,160911,WR,WM & MARY,4,7.0,0,100.0,,0,0,0,0.0,0,0.4,1,348,0,70.7,62.9,59.7,,57.3,0.0,0,0,9,0.0,0,29,0,51.7,2,100.0,29,10.3,3,97.9,2,0,89.7,26,15,1,0.5,7.5,0.52
Reagan Andrew,161309,QB,BUTLER,12,2.0,0,50.0,0.0,0,1,0,0.0,0,0.22,1,127,1,66.7,69.0,89.0,,91.0,0.0,0,0,34,0.0,0,261,1,48.8,1,0.8,2,0.0,0,95.8,2,0,0.0,0,34,29,29.0,34.0,17.0
Jackson White,161434,WR,HOUCHR,5,16.0,0,50.0,100.0,1,1,0,0.0,0,-0.27,0,183,0,66.7,61.0,54.4,,53.4,0.0,0,0,6,0.0,0,18,0,25.0,1,88.9,16,94.4,17,56.3,2,0,5.6,1,6,0,0.0,6.0,0.38
Fred Highsmith,162111,WR,CHARLES SO,2,13.0,0,50.0,,0,0,0,0.0,0,0.33,1,135,0,66.7,61.0,65.6,,64.6,0.0,0,0,25,0.0,0,7,0,42.9,1,100.0,7,42.9,3,95.8,2,0,57.1,4,25,9,9.0,25.0,3.57
Mason South,162181,TE,N DAKOTA,12,0.5,0,50.0,,0,0,0,0.0,0,-0.02,1,249,0,66.7,61.0,60.0,37.1,48.3,75.7,56,1,12,39.2,29,74,0,51.6,1,51.4,38,4.1,3,29.2,2,0,0.0,0,12,11,11.0,12.0,0.32
Brennen Taranto,162282,WR,PRESBYTERN,3,28.5,0,0.0,,0,0,0,,0,-0.53,0,271,0,,,50.6,,52.6,0.0,0,0,0,0.0,0,12,0,10.0,0,83.3,10,41.7,5,39.6,2,0,58.3,7,0,0,,,0.0
Tre'Vonte Citizen,162731,HB,MCNEESE,5,-1.5,0,100.0,,0,0,0,0.0,0,0.52,0,217,0,73.1,47.4,67.4,35.0,65.2,0.0,0,0,5,32.1,9,28,1,52.0,2,60.7,17,0.0,0,85.4,2,0,7.1,2,9,12,6.0,4.5,0.53
Luke Shields,163875,WR,TENN TECH,10,19.0,0,50.0,,0,0,0,0.0,0,-0.21,1,309,0,66.7,61.0,55.0,,60.1,0.0,0,0,12,0.0,0,17,2,35.7,1,82.4,14,29.4,5,68.8,2,0,70.6,12,12,7,7.0,12.0,0.86
Mason Hatfield,163890,HB,FORDHAM,4,-2.0,1,50.0,,0,0,0,0.0,0,-0.47,0,168,0,66.7,79.1,61.3,78.7,54.3,0.0,0,0,2,33.3,14,42,0,24.4,1,66.7,28,7.1,3,56.3,2,0,0.0,0,2,8,8.0,2.0,0.07
DJ Carter,164015,WR,AUSTINPEAY,2,4.0,0,50.0,100.0,1,1,0,0.0,0,-1.94,0,116,0,66.7,61.0,60.0,,59.6,0.0,0,0,-2,0.0,0,3,0,0.0,1,100.0,3,66.7,2,56.3,2,0,33.3,1,-2,0,0.0,-2.0,-0.67
Dax Bridges,164097,WR,STF AUSTIN,2,14.0,0,50.0,,0,0,0,0.0,0,0.82,1,301,0,66.7,61.0,85.6,,82.6,0.0,0,0,17,0.0,0,2,0,50.0,1,100.0,2,0.0,0,118.8,2,1,100.0,2,17,0,0.0,17.0,8.5
Triston Edwards,164208,WR,CENT ARK,4,20.0,0,50.0,,0,0,0,0.0,0,0.5,1,132,0,70.7,62.9,61.4,,58.2,0.0,0,0,17,0.0,0,20,0,63.2,1,95.0,19,0.0,0,79.2,2,0,100.0,20,17,4,4.0,17.0,0.89
Clint McKee,165190,HB,MURRAY ST,2,-2.5,0,50.0,,0,0,0,50.0,1,-0.87,0,236,0,24.5,71.4,56.0,,29.5,0.0,0,0,5,0.0,0,2,0,0.0,1,100.0,2,0.0,0,56.3,2,0,0.0,0,5,13,13.0,5.0,2.5
Devin Yeats,165408,WR,VALPO,7,13.5,0,0.0,,0,0,1,,0,-0.1,0,332,0,66.7,61.0,48.5,,47.3,0.0,0,0,0,0.0,0,56,3,24.1,0,96.4,54,19.6,11,39.6,2,0,80.4,45,0,0,,,0.0
Shamontae Burgess,165444,WR,SCAR STATE,2,-1.0,1,100.0,,0,0,0,0.0,0,0.42,1,290,0,70.7,70.4,69.3,,68.4,0.0,0,0,9,0.0,0,5,0,60.0,2,100.0,5,100.0,5,85.4,2,0,0.0,0,9,11,5.5,4.5,1.8
Reggie Graff,165710,QB,UTAHTC,12,-2.0,0,100.0,,0,0,0,0.0,0,-0.14,2,1285,3,70.7,55.3,68.2,,91.6,0.0,0,0,19,0.0,0,266,3,41.5,2,0.8,2,0.0,0,150.0,2,1,0.0,0,21,26,13.0,10.5,10.5
Jamarious Brooks,169238,HB,PRVIEW A&M,8,-6.5,0,100.0,,0,0,0,0.0,0,-0.08,1,270,0,73.1,40.3,60.2,79.3,65.7,0.0,0,0,18,15.8,6,38,0,37.8,2,81.6,31,5.3,2,112.5,2,0,0.0,0,22,35,17.5,11.0,0.71
Haydn Stay,169705,TE,N DAKOTA,10,6.0,0,100.0,100.0,1,1,0,0.0,0,0.15,1,249,0,70.7,62.9,61.4,72.5,54.1,100.0,44,0,11,36.4,16,44,0,48.6,2,52.3,23,0.0,0,91.7,2,0,0.0,0,12,0,0.0,6.0,0.52
Brooks Wheatley,170665,WR,CAL POLY,7,5.0,0,50.0,,0,0,0,0.0,0,-0.31,1,129,0,66.7,66.4,55.2,,58.7,0.0,0,1,13,0.0,0,21,0,45.0,1,90.5,19,100.0,21,31.3,2,0,0.0,0,13,9,9.0,13.0,0.68
Zachary Dodson-Greene,170698,WR,MONTANA ST,9,4.5,0,100.0,,0,0,0,0.0,0,0.13,1,233,0,70.7,62.9,57.3,,56.2,0.0,0,0,11,0.0,0,30,0,41.4,2,96.7,29,33.3,10,95.8,2,0,66.7,20,14,5,2.5,7.0,0.48
Jamaal Brown,170897,HB,RICHMOND,4,5.0,0,100.0,100.0,1,1,0,0.0,0,-0.06,1,276,0,70.7,77.5,60.5,75.4,59.6,0.0,0,0,6,8.0,2,25,0,45.8,2,88.0,22,16.0,4,87.5,2,0,0.0,0,10,0,0.0,5.0,0.45
Cassius Harris,170908,WR,RICHMOND,1,5.0,0,100.0,,0,0,0,0.0,0,-0.42,1,276,0,70.7,62.9,69.9,,71.2,0.0,0,0,6,0.0,0,3,1,33.3,2,100.0,3,0.0,0,87.5,2,0,100.0,3,10,0,0.0,5.0,3.33
Trace Ruckman,171783,S,MURRAY ST,2,10.0,0,0.0,,0,0,0,,0,-3.34,0,236,0,,,55.3,,54.9,0.0,0,1,0,0.0,0,2,0,0.0,0,100.0,2,0.0,0,0.0,2,0,0.0,0,0,0,,,0.0
Jake Stalsitz,172092,TE,LEHIGH,11,7.0,0,0.0,0.0,0,1,0,100.0,1,-0.23,0,205,0,16.8,,43.6,33.8,30.7,86.4,38,0,0,6.8,3,44,0,43.9,0,86.4,38,11.4,5,39.6,2,0,0.0,0,0,0,,,0.0
Owen Lyons,172164,WR,STTHOM,6,4.5,0,100.0,,0,0,0,0.0,0,-0.05,0,1129,0,70.7,62.9,57.0,,57.5,0.0,0,0,7,0.0,0,9,0,55.6,2,100.0,9,0.0,0,93.8,2,0,100.0,9,13,4,2.0,6.5,1.44
Kaiden Swortzel,172710,TE,CITADEL,7,12.5,0,50.0,,0,0,0,0.0,0,-0.59,1,139,0,66.7,61.0,57.5,77.0,59.2,97.5,39,0,11,45.0,18,40,1,28.2,1,52.5,21,0.0,0,66.7,2,0,0.0,0,11,8,8.0,11.0,0.52
Reed Boyd,172735,TE,MCNEESE,5,1.5,0,100.0,,0,0,0,0.0,0,-0.22,2,217,0,70.7,62.9,51.2,50.3,58.7,77.8,7,0,5,33.3,3,9,0,33.3,2,33.3,3,11.1,1,83.3,2,0,0.0,0,8,5,2.5,4.0,2.67
Jalen Wright,172774,WR,MCNEESE,7,26.0,0,50.0,,0,0,0,0.0,0,0.29,1,217,0,66.7,61.0,62.4,,59.6,0.0,0,1,10,0.0,0,29,0,55.2,1,100.0,29,13.8,4,64.6,2,1,86.2,25,10,0,0.0,10.0,0.34
Tacaris Bozeman,172830,HB,ALABAMA ST,4,0.5,1,100.0,,0,0,0,0.0,0,0.81,2,105,0,70.7,36.9,66.5,72.4,81.6,0.0,0,0,22,13.3,2,15,0,57.1,2,80.0,12,0.0,0,118.8,2,0,0.0,0,43,42,21.0,21.5,3.58
Robert Lockhart,172864,HB,FL A&M,4,1.5,0,100.0,,0,0,0,0.0,0,-0.69,0,164,0,70.7,75.5,64.6,,59.3,0.0,0,0,6,0.0,0,6,0,16.7,2,100.0,6,50.0,3,79.2,2,0,16.7,1,5,2,1.0,2.5,0.83
Surahz Buncom,173067,WR,E ILLINOIS,5,18.0,0,50.0,0.0,0,1,0,0.0,0,0.06,0,158,0,66.7,61.0,51.2,,50.9,0.0,0,0,5,0.0,0,48,0,38.3,1,97.9,47,6.3,3,56.3,2,0,93.8,45,5,1,1.0,5.0,0.11
AJ Jayroe,173675,WR,WEBER ST,1,12.5,0,0.0,,0,0,0,,0,0.31,0,342,0,,,55.7,,56.3,0.0,0,0,0,0.0,0,5,0,40.0,0,100.0,5,0.0,0,39.6,2,0,100.0,5,0,0,,,0.0
X'Zavion Evans,174273,HB,NORFOLK,10,-2.0,0,100.0,,0,0,0,0.0,0,-0.01,0,244,0,70.7,57.0,68.0,66.6,56.9,0.0,0,0,8,42.7,38,89,0,34.9,2,53.9,48,0.0,0,95.8,2,0,1.1,1,14,18,9.0,7.0,0.29
Braxton Garmon,174591,HB,TXAMEA,5,-2.0,0,100.0,,0,0,0,0.0,0,-0.51,0,1139,0,70.7,76.2,68.5,66.2,56.7,0.0,0,0,2,26.7,8,30,0,35.7,2,66.7,20,6.7,2,79.2,2,0,0.0,0,-2,2,1.0,-1.0,-0.1
Preston Kilgore,174599,TE,TXAMEA,4,0.0,0,0.0,,0,0,0,100.0,1,-0.06,0,1139,0,16.4,,43.3,67.5,38.3,54.5,6,0,0,9.1,1,11,1,27.3,0,90.9,10,36.4,4,39.6,2,0,0.0,0,0,0,,,0.0
Colson Coon,176762,HB,MONTANA ST,9,2.5,1,100.0,,0,0,0,0.0,0,-0.24,1,233,0,70.7,64.4,85.1,75.8,61.6,0.0,0,0,14,18.2,4,22,0,38.1,2,77.3,17,4.5,1,104.2,2,0,4.5,1,18,13,6.5,9.0,1.06
Dylan Evans,176946,WR,NEW HAMP,1,21.0,0,100.0,,0,0,0,0.0,0,1.59,1,240,0,70.7,62.9,88.0,,81.6,0.0,0,0,36,0.0,0,2,0,100.0,2,100.0,2,0.0,0,118.8,2,0,100.0,2,45,3,1.5,22.5,22.5
Sterling Greene,177109,WR,NC CENT,3,10.0,0,100.0,,0,0,0,0.0,0,-0.47,2,247,0,70.7,68.4,77.9,,78.1,0.0,0,0,15,0.0,0,5,0,60.0,2,100.0,5,100.0,5,158.3,2,1,0.0,0,26,14,7.0,13.0,5.2
Larenzo Fenner,177187,WR,S DAKOTA,2,7.5,0,0.0,,0,0,0,100.0,1,-0.3,0,291,0,16.4,,50.6,,41.9,20.0,1,0,0,0.0,0,5,0,40.0,0,100.0,5,0.0,0,39.6,2,0,80.0,4,0,0,,,0.0
Kevin Emmanuel,177532,HB,MURRAY ST,4,-0.5,0,100.0,,0,0,0,0.0,0,-0.21,0,236,0,70.7,77.5,72.9,72.9,61.7,0.0,0,0,2,14.3,2,14,0,33.3,2,71.4,10,0.0,0,79.2,2,0,0.0,0,2,3,1.5,1.0,0.2
Noah Dudik,177624,WR,DAYTON,2,10.0,0,0.0,,0,0,0,,0,0.08,0,150,0,,,53.4,,53.5,0.0,0,0,0,0.0,0,10,0,60.0,0,100.0,10,20.0,2,39.6,2,0,80.0,8,0,0,,,0.0
Mason Hackett,177628,HB,DAYTON,11,-1.5,0,100.0,,0,0,0,0.0,0,-0.19,2,150,0,70.7,90.8,68.1,35.3,54.9,0.0,0,0,10,42.8,74,173,0,42.4,2,54.9,95,0.6,1,145.8,2,1,0.0,0,19,22,11.0,9.5,0.2
Jalen Patrick,177746,WR,PRESBYTERN,8,-1.0,0,50.0,,0,0,0,0.0,0,0.3,1,271,0,66.7,73.2,73.5,,62.8,0.0,0,0,43,0.0,0,22,0,45.0,1,77.3,17,77.3,17,95.8,2,0,22.7,5,43,46,46.0,43.0,2.53
Khalil Harris,178060,WR,SOUTHERN U,5,17.5,2,100.0,,0,0,0,0.0,0,0.8,2,297,0,70.7,62.9,74.6,,74.9,0.0,0,0,76,0.0,0,23,0,56.5,2,100.0,23,95.7,22,118.8,2,0,4.3,1,116,81,40.5,58.0,5.04
Adam Watts,178262,WR,IDAHO ST,2,9.0,0,0.0,,0,0,0,100.0,1,0.45,0,186,0,16.4,60.3,52.7,,44.5,0.0,0,0,0,0.0,0,6,0,66.7,0,83.3,5,100.0,6,39.6,2,0,0.0,0,0,0,,,0.0
Zamariyon Kendall,178873,HB,MS VLY ST,7,-0.5,1,100.0,,0,0,0,0.0,0,-0.57,1,228,0,70.7,81.7,56.6,21.1,56.5,0.0,0,0,10,45.2,33,73,0,25.4,2,54.8,40,5.5,4,102.1,2,0,1.4,1,17,18,9.0,8.5,0.43
Za'Marion Webber,181177,HB,ARKAPB,11,-2.0,1,50.0,,0,0,1,50.0,1,0.0,0,112,0,24.5,23.7,60.0,57.0,41.8,0.0,0,0,-1,25.4,31,122,1,37.3,1,68.0,83,3.3,4,56.3,2,0,9.8,12,-1,2,2.0,-1.0,-0.01
Nasim Cosby,182675,WR,NC CENT,4,-3.5,0,100.0,,0,0,0,0.0,0,0.03,1,247,0,70.7,62.9,62.0,,60.9,0.0,0,0,12,0.0,0,15,0,42.9,2,93.3,14,6.7,1,100.0,2,0,93.3,14,16,23,11.5,8.0,1.14
Jaedon Matthews,184990,HB,CAL POLY,2,-2.0,0,100.0,,0,0,0,0.0,0,-0.47,0,129,0,70.7,70.1,64.6,75.7,60.8,0.0,0,0,2,26.7,4,15,0,35.7,2,66.7,10,6.7,1,79.2,2,0,0.0,0,-1,3,1.5,-0.5,-0.1
Kobe Kossak,185034,WR,N COLORADO,2,5.5,0,100.0,,0,0,0,0.0,0,0.13,1,253,0,70.7,64.6,63.4,,62.7,0.0,0,0,14,0.0,0,12,0,41.7,2,100.0,12,100.0,12,106.3,2,0,0.0,0,19,8,4.0,9.5,1.58
Kiwan Sims,185063,WR,PORTLAND,1,0.0,0,100.0,,0,0,0,0.0,0,1.04,1,269,0,70.7,62.9,93.0,,90.7,0.0,0,0,21,0.0,0,2,0,100.0,2,100.0,2,100.0,2,118.8,2,0,0.0,0,29,29,14.5,14.5,14.5
Ferdinand Nyivih,185534,T,MORGAN ST,2,17.5,0,50.0,,0,0,0,0.0,0,1.72,1,235,0,66.7,61.0,71.7,,71.6,50.0,2,0,29,0.0,0,4,0,75.0,1,100.0,4,50.0,2,95.8,2,0,0.0,0,29,14,14.0,29.0,7.25
Savion Hart,185636,HB,GEORGETOWN,4,1.5,0,0.0,,0,0,0,,0,0.07,0,172,0,,81.6,75.0,75.1,54.1,0.0,0,0,0,23.8,5,21,1,55.0,0,71.4,15,0.0,0,39.6,2,0,0.0,0,0,0,,,0.0
Cole Shaw,185875,WR,MERCER,2,2.5,0,100.0,,0,0,0,0.0,0,0.03,0,219,0,70.7,62.9,53.7,,56.0,0.0,0,0,7,0.0,0,12,0,36.4,2,91.7,11,16.7,2,83.3,2,0,83.3,10,8,3,1.5,4.0,0.73
Ravon Grant,186529,WR,W GEORGIA,1,14.5,1,50.0,,0,0,0,50.0,1,-0.63,0,1177,0,24.5,61.0,57.6,,57.8,0.0,0,0,8,0.0,0,6,0,33.3,1,100.0,6,83.3,5,60.4,2,0,16.7,1,8,3,3.0,8.0,1.33
DK Daniel,188055,WR,W GEORGIA,4,21.0,0,50.0,,0,0,0,0.0,0,0.16,1,1177,0,66.7,61.0,62.5,,62.0,0.0,0,0,12,0.0,0,11,0,36.4,1,100.0,11,81.8,9,68.8,2,0,18.2,2,12,4,4.0,12.0,1.09
Bryce Hicks,188064,HB,W GEORGIA,4,11.0,0,50.0,,0,0,0,0.0,0,0.18,1,1177,0,66.7,75.0,72.5,81.3,59.5,0.0,0,0,12,36.0,9,25,0,40.0,1,64.0,16,8.0,2,68.8,2,0,8.0,2,12,7,7.0,12.0,0.75
Cleveland Charlton,188578,WR,TOWSON,2,20.0,0,0.0,,0,0,0,100.0,1,0.28,0,317,0,16.8,,46.9,,46.7,0.0,0,0,0,0.0,0,10,0,66.7,0,90.0,9,0.0,0,39.6,2,0,100.0,10,0,0,,,0.0
Elijah Simley-Flores,188652,WR,UTAHTC,4,10.5,0,0.0,,0,0,0,,0,-0.32,0,1285,0,,,52.9,,53.1,0.0,0,0,0,0.0,0,20,0,27.8,0,90.0,18,85.0,17,39.6,2,0,15.0,3,0,0,,,0.0
Michael Carlock-Williams,188921,WR,NC A&T,1,3.0,0,100.0,,0,0,0,0.0,0,-0.41,0,246,0,70.7,65.3,67.3,,70.0,0.0,0,0,5,0.0,0,2,0,0.0,2,100.0,2,0.0,0,83.3,2,0,0.0,0,8,2,1.0,4.0,4.0
Tyler Brown,188929,HB,DAYTON,5,-4.0,0,100.0,,0,0,0,0.0,0,0.27,1,150,0,70.7,76.7,66.7,78.4,71.2,0.0,0,0,16,37.5,6,16,0,75.0,2,62.5,10,0.0,0,112.5,2,0,0.0,0,22,30,15.0,11.0,2.2
LeRoy Lewis IV,188944,WR,DAYTON,1,2.5,0,100.0,,0,0,0,0.0,0,0.46,1,150,0,70.7,62.9,66.3,,67.9,0.0,0,0,9,0.0,0,5,0,80.0,2,100.0,5,20.0,1,95.8,2,0,80.0,4,14,9,4.5,7.0,2.8
Camren Stewart,189212,HB,ALCORN ST,6,-1.5,0,0.0,,0,0,0,,0,-0.32,0,107,0,,79.5,60.5,77.1,51.5,0.0,0,2,0,22.2,6,27,0,42.3,0,74.1,20,11.1,3,0.0,2,0,0.0,0,0,0,,,0.0
Tony Phillips Jr.,189239,HB,GRAMBLING,4,-6.5,1,100.0,,0,0,0,0.0,0,0.34,1,177,0,70.7,71.2,63.2,70.0,77.9,0.0,0,0,4,16.7,1,6,0,66.7,2,83.3,5,16.7,1,118.8,2,1,16.7,1,4,17,8.5,2.0,0.8
Ashton Goll,189318,WR,STETSON,2,6.5,1,50.0,,0,0,0,50.0,1,0.54,1,302,0,24.5,61.0,54.4,,54.1,0.0,0,0,12,0.0,0,16,0,56.3,1,100.0,16,100.0,16,68.8,2,0,0.0,0,12,8,8.0,12.0,0.75
Ty Bourland,191383,TE,CAL POLY,5,1.0,0,100.0,,0,0,0,0.0,0,0.4,1,129,0,70.7,62.9,65.3,62.5,73.4,100.0,15,0,11,46.7,7,15,2,42.9,2,53.3,8,0.0,0,106.3,2,0,0.0,0,19,17,8.5,9.5,2.38
Trey Wilson,191412,HB,CAL POLY,1,-0.5,0,50.0,,0,0,0,50.0,1,-0.41,0,129,0,24.5,69.8,45.6,,37.9,0.0,0,0,6,0.0,0,2,0,50.0,1,100.0,2,50.0,1,56.3,2,0,0.0,0,6,4,4.0,6.0,3.0
Cade Callahan,191616,TE,MERRIMACK,8,-2.5,0,100.0,,0,0,0,0.0,0,-0.25,0,385,1,70.7,9.0,47.2,69.6,34.7,78.1,25,0,7,12.5,4,32,0,45.2,2,84.4,27,12.5,4,79.2,2,0,3.1,1,2,7,3.5,1.0,0.07
Garon Kemp,191822,WR,YALE,2,12.0,0,50.0,,0,0,0,50.0,1,-0.74,0,352,0,24.5,63.6,47.5,,48.0,0.0,0,0,4,0.0,0,4,0,25.0,1,100.0,4,25.0,1,56.3,2,0,75.0,3,4,0,0.0,4.0,1.0
Mason McSweeney,191902,TE,HOLY CROSS,9,4.0,0,50.0,0.0,0,1,0,0.0,0,-0.48,0,181,0,66.7,65.1,62.3,66.6,56.1,41.7,5,0,4,16.7,2,12,0,25.0,1,83.3,10,16.7,2,56.3,2,0,0.0,0,4,0,0.0,4.0,0.4
Damin Green,192156,WR,MOREHEAD,1,-4.0,1,100.0,,0,0,0,0.0,0,-0.26,0,234,0,70.7,71.6,57.9,,58.1,0.0,0,0,0,0.0,0,7,0,16.7,2,85.7,6,100.0,7,79.2,2,0,0.0,0,-4,4,2.0,-2.0,-0.67
Anthony Ice,192162,WR,MOREHEAD,9,-2.5,0,100.0,,0,0,0,0.0,0,-0.3,1,234,0,70.7,62.9,53.7,,55.2,0.0,0,0,10,0.0,0,40,0,28.6,2,87.5,35,100.0,40,137.5,2,1,0.0,0,15,20,10.0,7.5,0.43
Cam Miller,192211,FB,STTHOM,5,1.5,0,100.0,,0,0,0,0.0,0,-0.62,0,1129,0,70.7,65.8,43.7,7.9,63.5,33.3,3,0,5,44.4,4,9,0,33.3,2,55.6,5,0.0,0,83.3,2,0,0.0,0,8,5,2.5,4.0,1.6
Leo Boehling,192224,HB,VA MILT IN,5,1.5,0,50.0,100.0,1,1,0,0.0,0,-1.28,0,336,0,66.7,74.8,58.3,15.8,59.2,0.0,0,0,1,38.9,7,18,0,11.8,1,55.6,10,0.0,0,56.3,2,0,0.0,0,1,0,0.0,1.0,0.1
Victor Young,192264,WR,VA MILT IN,3,9.5,0,100.0,,0,0,0,0.0,0,0.39,1,336,0,70.7,62.9,71.9,,70.3,0.0,0,0,20,0.0,0,10,0,40.0,2,100.0,10,90.0,9,108.3,2,0,10.0,1,20,1,0.5,10.0,2.0
Brit Simmons,192334,WR,LAMAR,3,0.0,2,100.0,,0,0,0,0.0,0,0.31,1,204,0,70.7,62.9,65.3,,65.0,0.0,0,0,18,0.0,0,17,0,35.3,2,100.0,17,17.6,3,114.6,2,0,82.4,14,23,23,11.5,11.5,1.35
Trevon Bradford,192344,TE,NWSTATE,3,9.5,0,50.0,,0,0,1,0.0,0,0.05,0,257,0,66.7,63.6,31.2,46.5,50.9,100.0,21,1,1,33.3,7,21,1,52.4,1,66.7,14,0.0,0,16.7,2,0,0.0,0,1,0,0.0,1.0,0.07
Camryn Davis,192352,WR,NWSTATE,4,3.5,0,0.0,0.0,0,1,0,100.0,1,-1.01,0,257,0,16.8,,47.0,,47.1,0.0,0,1,0,0.0,0,29,0,14.8,0,93.1,27,100.0,29,0.0,2,0,0.0,0,0,0,,,0.0
Matt Gower,192355,TE,NWSTATE,4,7.0,0,0.0,,0,0,0,,0,-0.04,0,257,0,,62.5,54.6,70.4,51.5,64.3,9,0,0,21.4,3,14,0,35.7,0,78.6,11,0.0,0,39.6,2,0,14.3,2,0,0,,,0.0
Jeremiah James,192358,HB,NWSTATE,4,5.0,0,100.0,,0,0,0,0.0,0,0.28,2,257,0,70.7,78.0,63.2,84.1,74.9,0.0,0,0,15,53.6,15,28,0,42.9,2,46.4,13,0.0,0,110.4,2,0,0.0,0,21,11,5.5,10.5,1.62
Jack Perozek,192491,T,DAVIDSON,3,13.5,0,50.0,,0,0,0,0.0,0,0.14,1,149,0,66.7,61.0,65.1,66.9,72.0,57.1,4,0,15,14.3,1,7,1,42.9,1,85.7,6,0.0,0,75.0,2,0,0.0,0,15,4,4.0,15.0,2.5
Rico Bond,192802,WR,LNDNWD,3,-3.0,0,100.0,,0,0,0,0.0,0,-0.39,0,949,0,70.7,73.6,58.3,,54.9,0.0,0,0,4,0.0,0,17,0,35.3,2,100.0,17,64.7,11,79.2,2,0,35.3,6,6,12,6.0,3.0,0.35
Jacorey Love,192864,HB,SE MO ST,2,-4.5,0,50.0,,0,0,0,0.0,0,0.01,0,293,0,66.7,75.3,63.5,80.2,53.1,0.0,0,0,2,12.8,5,39,0,41.0,1,87.2,34,5.1,2,56.3,2,0,5.1,2,2,7,7.0,2.0,0.06
Jackson Riddle,192984,HB,IDAHO ST,1,8.0,1,100.0,,0,0,0,0.0,0,0.54,2,186,0,70.7,65.3,65.8,,89.3,0.0,0,0,27,0.0,0,3,0,66.7,2,100.0,3,0.0,0,118.8,2,0,0.0,0,41,25,12.5,20.5,13.67
JaiSean McMillian,193069,HB,TXAMEA,11,-3.0,0,50.0,,0,0,0,0.0,0,-0.41,0,1139,0,70.7,85.1,66.4,57.6,56.9,0.0,0,1,4,28.6,20,70,0,29.4,1,68.6,48,1.4,1,16.7,2,0,0.0,0,4,10,10.0,4.0,0.08
Cam Taylor,193321,WR,ARKAPB,5,12.5,0,0.0,,0,0,0,100.0,2,-0.54,0,112,0,3.1,68.4,44.0,,43.6,0.0,0,0,0,0.0,0,33,1,21.2,0,100.0,33,84.8,28,39.6,2,0,12.1,4,0,0,,,0.0
Justin Montgomery,193413,HB,PRESBYTERN,7,-4.0,1,50.0,,0,0,0,0.0,0,0.2,0,271,0,66.7,80.0,69.0,77.8,58.3,0.0,0,0,2,18.8,3,16,0,35.7,1,75.0,12,0.0,0,56.3,2,0,0.0,0,2,8,8.0,2.0,0.17
Chief Montalvo,196905,WR,COLGATE,3,9.5,0,100.0,,0,0,0,0.0,0,-1.3,2,142,0,70.7,62.9,67.9,,67.0,0.0,0,0,12,0.0,0,17,0,18.8,2,94.1,16,100.0,17,114.6,2,0,0.0,0,23,4,2.0,11.5,1.44
Deng Deng,197741,WR,N DAKOTA,4,7.0,0,100.0,100.0,1,1,0,0.0,0,-0.3,0,249,0,70.7,62.9,60.3,,61.0,0.0,0,0,12,0.0,0,26,1,29.2,2,92.3,24,11.5,3,95.8,2,0,88.5,23,14,0,0.0,7.0,0.58
Tahj Smith,173837,QB,MORGAN ST,6,11.0,0,100.0,,0,0,0,0.0,0,0.0,1,235,3,66.7,25.1,58.7,,84.9,0.0,0,0,9,0.0,0,163,1,41.8,1,1.2,2,0.0,0,143.8,1,1,0.0,0,9,0,0.0,9.0,4.5
Nick Minicucci,173617,QB,DELAWARE,7,-6.0,0,100.0,,0,0,0,0.0,0,-0.02,1,151,3,66.7,27.6,56.1,62.2,79.0,0.0,0,0,15,0.6,1,159,3,44.0,1,1.3,2,0.0,0,118.8,1,0,0.0,0,15,21,21.0,15.0,7.5
Dante Sellari,173599,TE,DAVIDSON,3,-3.0,0,100.0,,0,0,0,0.0,0,-0.39,0,149,0,66.7,73.3,49.9,,54.8,50.0,5,0,7,0.0,0,10,0,30.0,1,100.0,10,10.0,1,95.8,1,0,20.0,2,7,10,10.0,7.0,0.7
Jackson Hensley,123388,TE,E KENTUCKY,1,12.0,0,0.0,,0,0,0,,0,-0.96,0,159,0,,,56.9,,59.8,100.0,1,0,0,0.0,0,1,0,0.0,0,100.0,1,0.0,0,39.6,1,0,0.0,0,0,0,,,0.0
Tahir Henry,173589,WR,DAVIDSON,3,-2.0,0,100.0,,0,0,0,0.0,0,-0.28,0,149,0,66.7,70.7,60.8,,57.0,0.0,0,0,2,0.0,0,7,1,16.7,1,85.7,6,85.7,6,79.2,1,0,14.3,1,2,4,4.0,2.0,0.33
Alani Ajigbotosho,173573,WR,DAVIDSON,4,2.0,0,100.0,,0,0,0,0.0,0,-0.35,0,149,0,66.7,61.0,54.4,,53.4,0.0,0,0,2,0.0,0,23,0,31.8,1,95.7,22,0.0,0,79.2,1,0,100.0,23,2,0,0.0,2.0,0.09
Javery Mayberry,185019,TE,N ARIZONA,1,19.0,0,0.0,,0,0,0,,0,-2.92,0,252,0,,,69.0,,59.0,100.0,1,1,0,0.0,0,1,0,0.0,0,100.0,1,0.0,0,0.0,1,0,0.0,0,0,0,,,0.0
Casey Carlesimo,197891,WR,SAN DIEGO,1,5.0,0,100.0,100.0,1,1,0,0.0,0,-1.06,0,283,0,66.7,61.0,60.4,,60.1,0.0,0,0,5,0.0,0,2,0,50.0,1,100.0,2,0.0,0,87.5,1,0,100.0,2,5,0,0.0,5.0,2.5
Kyle Williams,173288,HB,MORGAN ST,2,-4.0,0,100.0,,0,0,0,0.0,0,0.43,1,235,0,66.7,73.3,68.8,,73.7,0.0,0,0,5,0.0,0,4,0,50.0,1,100.0,4,0.0,0,127.1,1,1,0.0,0,5,9,9.0,5.0,1.25
Marquis McCants,193341,WR,BETH COOK,7,5.0,0,100.0,,0,0,0,0.0,0,-0.22,1,119,0,66.7,61.0,58.8,,58.5,0.0,0,0,6,0.0,0,24,0,26.1,1,95.8,23,4.2,1,91.7,1,0,95.8,23,6,1,1.0,6.0,0.26
Tony Terry,173085,TE,SE MO ST,4,0.0,0,100.0,,0,0,0,0.0,0,-0.27,0,293,0,66.7,63.6,42.9,26.4,57.6,95.7,22,0,0,21.7,5,23,1,45.0,1,73.9,17,0.0,0,79.2,1,0,4.3,1,0,0,0.0,0.0,0.0
Chance Arbon,172969,WR,SO UTAH,1,10.0,0,0.0,0.0,0,1,0,,0,1.38,0,298,0,,,57.5,,57.9,0.0,0,0,0,0.0,0,2,0,50.0,0,100.0,2,0.0,0,39.6,1,0,100.0,2,0,0,,,0.0
Sebastien Saint-Louis,172900,TE,JACKSON ST,7,0.0,1,100.0,,0,0,0,0.0,0,0.22,1,194,0,66.7,61.0,50.7,54.1,61.1,93.5,29,0,10,45.2,14,31,2,34.5,1,51.6,16,3.2,1,108.3,1,0,0.0,0,10,10,10.0,10.0,0.63
Aiden Ruckh,172662,TE,FURMAN,3,-2.0,0,0.0,,0,0,0,100.0,1,-0.15,0,170,0,16.4,64.2,50.5,70.1,37.6,73.3,11,0,0,33.3,5,15,1,33.3,0,66.7,10,20.0,3,39.6,1,0,6.7,1,0,0,,,0.0
Cole Schnieder,185182,TE,GARD-WEBB,4,3.0,0,100.0,,0,0,0,0.0,0,-0.21,1,171,0,66.7,61.0,58.3,64.4,54.9,34.9,15,0,8,16.3,7,43,0,35.7,1,81.4,35,46.5,20,100.0,1,0,7.0,3,8,5,5.0,8.0,0.23
Quentin Thomas,172234,WR,CAMPBELL,1,4.0,0,100.0,,0,0,0,0.0,0,0.01,0,131,0,66.7,61.0,59.3,,58.8,0.0,0,0,4,0.0,0,3,0,33.3,1,100.0,3,0.0,0,83.3,1,0,100.0,3,4,0,0.0,4.0,1.33
Tak Tateoka,172179,QB,STTHOM,11,15.0,0,100.0,,0,0,0,0.0,0,-0.06,1,1129,2,66.7,46.6,61.9,,92.5,0.0,0,0,24,0.0,0,239,3,37.8,1,0.8,2,0.0,0,118.8,1,0,0.0,0,24,9,9.0,24.0,12.0
Stefano Giovannelli,172152,WR,STTHOM,4,11.0,0,100.0,100.0,1,1,0,0.0,0,-0.59,0,1129,0,66.7,61.0,73.1,,68.0,0.0,0,0,11,0.0,0,6,0,33.3,1,100.0,6,0.0,0,112.5,1,0,100.0,6,11,0,0.0,11.0,1.83
Julian Alfaro Diedrich,172147,HB,STTHOM,1,10.0,0,0.0,,0,0,0,,0,-1.24,0,1129,0,,,86.4,,60.0,0.0,0,0,0,0.0,0,1,0,0.0,0,100.0,1,100.0,1,39.6,1,0,0.0,0,0,0,,,0.0
Blake Matthews,172107,WR,BUTLER,2,-2.0,0,0.0,,0,0,0,,0,-1.34,0,127,0,,,57.4,,58.0,0.0,0,0,0,0.0,0,2,0,0.0,0,100.0,2,100.0,2,39.6,1,0,0.0,0,0,0,,,0.0
Joseph Marranca,172085,TE,LEHIGH,13,-1.0,0,100.0,,0,0,0,0.0,0,-0.01,0,205,0,66.7,61.0,47.5,58.9,42.2,87.1,54,0,6,24.2,15,62,2,51.7,1,74.2,46,8.1,5,91.7,1,0,0.0,0,6,7,7.0,6.0,0.13
Connor Hilling,172080,HB,LEHIGH,2,-3.0,1,100.0,,0,0,0,0.0,0,-0.95,0,205,0,66.7,70.7,71.4,,65.0,0.0,0,0,1,0.0,0,2,0,0.0,1,50.0,1,0.0,0,79.2,1,0,0.0,0,1,4,4.0,1.0,1.0
Shaun Purvy,172061,WR,LAFAYETTE,4,-1.0,0,100.0,,0,0,0,0.0,0,0.28,0,203,0,66.7,61.0,57.2,,55.9,0.0,0,0,4,0.0,0,12,0,36.4,1,91.7,11,16.7,2,83.3,1,0,83.3,10,4,5,5.0,4.0,0.36
Mac Busteed,171756,TE,LNDNWD,1,-3.0,0,100.0,,0,0,0,0.0,0,1.3,0,949,0,66.7,61.0,51.8,,57.6,50.0,2,0,0,0.0,0,4,0,50.0,1,100.0,4,25.0,1,79.2,1,0,25.0,1,0,3,3.0,0.0,0.0
Luke Mailander,185471,WR,ILL STATE,1,13.0,0,0.0,0.0,0,1,0,,0,-1.14,0,188,0,,,59.3,,59.9,0.0,0,0,0,0.0,0,1,0,0.0,0,100.0,1,0.0,0,39.6,1,0,100.0,1,0,0,,,0.0
Sam Penna,171665,WR,ST FRANCIS,3,-3.0,0,100.0,,0,0,0,0.0,0,-1.32,0,299,0,66.7,61.0,58.1,,57.9,0.0,0,0,-3,0.0,0,6,0,0.0,1,100.0,6,100.0,6,79.2,1,0,0.0,0,-3,0,0.0,-3.0,-0.5
Elijah Coker,185498,WR,INDIANA ST,5,20.0,0,0.0,,0,0,0,100.0,1,-0.2,0,191,0,16.4,,48.4,63.8,47.6,0.0,0,0,0,4.5,1,22,0,33.3,0,90.9,20,0.0,0,39.6,1,0,95.5,21,0,0,,,0.0
Jeron Askren,185519,TE,MO STATE,2,0.0,0,0.0,,0,0,0,100.0,1,-0.43,0,230,0,16.8,,32.6,,30.7,100.0,4,0,0,0.0,0,4,0,25.0,0,100.0,4,0.0,0,39.6,1,0,0.0,0,0,0,,,0.0
Graeson Underwood,123202,TE,CITADEL,3,3.0,0,100.0,,0,0,0,0.0,0,-0.78,0,139,0,66.7,70.7,68.0,70.4,62.7,100.0,4,0,9,75.0,3,4,0,0.0,1,25.0,1,0.0,0,104.2,1,0,0.0,0,9,6,6.0,9.0,9.0
Tyreek Wood,185535,TE,MORGAN ST,9,5.0,0,100.0,,0,0,0,0.0,0,-0.56,0,235,0,66.7,61.0,45.3,37.7,48.0,69.2,18,0,6,19.2,5,26,0,33.3,1,73.1,19,15.4,4,91.7,1,0,0.0,0,6,1,1.0,6.0,0.32
Cal Weidemann,171512,WR,S ILLINOIS,5,-4.0,1,100.0,,0,0,0,0.0,0,-0.61,0,295,0,66.7,64.3,55.4,82.4,54.4,8.3,1,0,4,16.7,2,12,0,41.7,1,83.3,10,25.0,3,83.3,1,0,58.3,7,4,8,8.0,4.0,0.4
Ramone Green Jr.,171449,HB,MO STATE,2,-6.0,0,100.0,,0,0,0,0.0,0,-1.14,0,230,0,66.7,67.8,55.4,,62.5,0.0,0,0,6,0.0,0,4,0,0.0,1,100.0,4,0.0,0,91.7,1,0,0.0,0,6,12,12.0,6.0,1.5
Tae Marrero Jr.,185591,WR,S ILLINOIS,2,-2.0,1,100.0,,0,0,0,0.0,0,0.1,1,295,0,66.7,81.9,65.8,,65.1,0.0,0,0,11,0.0,0,7,0,66.7,1,85.7,6,100.0,7,112.5,1,0,0.0,0,11,13,13.0,11.0,1.83
Carson Dunn,171418,HB,INDIANA ST,4,2.0,0,100.0,,0,0,0,0.0,0,-0.7,0,191,0,66.7,72.0,55.5,16.7,62.3,0.0,0,0,3,58.3,7,12,0,33.3,1,41.7,5,0.0,0,79.2,1,0,0.0,0,3,1,1.0,3.0,0.6
Hyatt Timosciek,171335,TE,TENN MARTN,2,6.0,0,0.0,,0,0,0,,0,-2.6,0,310,0,,61.9,53.0,,53.9,50.0,2,0,0,0.0,0,4,0,0.0,0,100.0,4,50.0,2,39.6,1,0,0.0,0,0,0,,,0.0
DJ Tyler,170819,WR,WOFFORD,1,12.0,0,0.0,,0,0,0,,0,1.14,0,350,0,,,55.8,,56.7,0.0,0,0,0,0.0,0,4,0,66.7,0,75.0,3,0.0,0,39.6,1,0,100.0,4,0,0,,,0.0
Aidan Bouman,122508,QB,S DAKOTA,14,-1.0,0,0.0,,0,0,0,,0,0.24,0,291,2,,70.8,91.9,,43.2,0.0,0,1,0,0.0,0,361,2,50.3,0,1.4,5,0.3,1,0.0,1,0,0.0,0,0,0,,,0.0
Carson Conklin,170765,QB,SACRAMENTO,12,3.0,0,0.0,,0,0,0,,0,-0.01,0,279,4,,53.2,72.9,,54.3,0.0,0,1,0,0.0,0,474,1,46.8,0,0.2,1,0.0,0,0.0,1,0,0.0,0,0,0,,,0.0
Jakyre Henley,185660,WR,LAFAYETTE,2,5.0,0,0.0,,0,0,0,,0,0.13,0,203,0,,61.9,57.9,,56.9,0.0,0,0,0,0.0,0,3,0,33.3,0,100.0,3,33.3,1,39.6,1,0,66.7,2,0,0,,,0.0
Carson Jacoby,185662,TE,LAFAYETTE,1,37.0,0,100.0,,0,0,0,0.0,0,3.68,1,203,0,66.7,61.0,92.0,,86.0,0.0,0,0,43,0.0,0,1,0,100.0,1,100.0,1,100.0,1,118.8,1,0,0.0,0,43,6,6.0,43.0,43.0
Ryan Fontaine,170714,HB,N ARIZONA,2,9.0,0,100.0,,0,0,0,0.0,0,-0.2,1,252,0,66.7,73.8,73.2,,88.6,0.0,0,0,25,0.0,0,2,0,50.0,1,100.0,2,0.0,0,118.8,1,0,0.0,0,25,16,16.0,25.0,12.5
Jonathan Moyer,185669,WR,LAFAYETTE,1,13.0,0,0.0,,0,0,0,,0,-1.64,0,203,0,,,59.0,,58.0,0.0,0,0,0,0.0,0,2,0,0.0,0,100.0,2,0.0,0,39.6,1,0,100.0,2,0,0,,,0.0
Jason Penza,185670,QB,LAFAYETTE,3,-8.0,0,100.0,,0,0,0,0.0,0,-0.23,0,203,0,66.7,47.6,78.0,,61.3,0.0,0,0,-2,0.0,0,7,0,57.1,1,14.3,1,0.0,0,79.2,1,0,0.0,0,-2,6,6.0,-2.0,-2.0
Aaron Crossley,185686,HB,LEHIGH,4,3.0,0,100.0,,0,0,0,0.0,0,0.35,1,205,0,66.7,79.3,62.3,67.5,59.8,0.0,0,0,9,10.0,1,10,1,60.0,1,90.0,9,0.0,0,104.2,1,0,0.0,0,9,6,6.0,9.0,1.0
Jared Taylor,170695,QB,E WASHGTON,10,-6.0,0,100.0,,0,0,0,0.0,0,0.15,1,161,1,66.7,68.5,89.0,,66.2,0.0,0,0,20,0.0,0,62,0,47.5,1,8.1,5,0.0,0,118.8,1,0,0.0,0,20,26,26.0,20.0,4.0
Ben Haulmark,170546,TE,CENT ARK,1,-1.0,1,100.0,100.0,1,1,0,0.0,0,-7.09,0,132,1,66.7,15.6,28.3,,27.4,100.0,1,0,3,0.0,0,1,0,0.0,1,100.0,1,0.0,0,79.2,1,0,0.0,0,3,4,4.0,3.0,3.0
Nevon Cooper,169069,WR,PRVIEW A&M,7,4.0,0,100.0,,0,0,0,0.0,0,0.3,1,270,0,66.7,83.9,60.6,,60.5,0.0,0,0,9,0.0,0,16,0,37.5,1,100.0,16,0.0,0,104.2,1,0,100.0,16,9,5,5.0,9.0,0.56
Charles George Jr.,169022,S,TEXAS STHN,7,5.0,0,0.0,,0,0,0,100.0,1,-0.1,0,313,0,16.4,,38.9,37.5,40.0,65.2,15,0,0,17.4,4,23,1,31.8,0,78.3,18,34.8,8,39.6,1,0,0.0,0,0,0,,,0.0
Dylan Domel,168447,TE,TXAMEA,2,14.0,0,0.0,,0,0,0,,0,-0.35,0,1139,0,,61.9,45.3,34.9,50.6,53.8,7,0,0,0.0,0,13,1,23.1,0,100.0,13,30.8,4,39.6,1,0,7.7,1,0,0,,,0.0
Julio Tatis,185815,HB,WAGNER,2,0.0,0,0.0,,0,0,0,,0,-0.46,0,338,0,,73.3,62.7,57.4,56.4,0.0,0,0,0,45.5,5,11,0,27.3,0,54.5,6,0.0,0,39.6,1,0,0.0,0,0,0,,,0.0
Jacari Shell,168350,WR,GARD-WEBB,2,14.0,0,100.0,,0,0,0,0.0,0,-0.11,1,171,0,66.7,61.0,71.2,,70.3,0.0,0,0,14,0.0,0,3,0,50.0,1,66.7,2,100.0,3,118.8,1,0,0.0,0,14,0,0.0,14.0,7.0
Jordan Dupre,167134,WR,SOUTHERN U,4,18.0,0,0.0,,0,0,0,,0,-0.76,0,297,0,,,52.1,,51.7,0.0,0,0,0,0.0,0,23,0,21.1,0,82.6,19,65.2,15,39.6,1,0,34.8,8,0,0,,,0.0
Nebanye Moore,167056,TE,NC CENT,6,15.0,0,0.0,,0,0,0,,0,0.35,0,247,0,,,51.1,79.4,49.0,66.7,14,0,0,14.3,3,21,0,50.0,0,85.7,18,28.6,6,39.6,1,0,0.0,0,0,0,,,0.0
Mekhi Hagens,167009,QB,ARKAPB,12,8.0,0,0.0,,0,0,0,,0,-0.08,0,112,5,,50.1,71.7,,60.0,0.0,0,1,0,0.0,0,425,3,38.4,0,0.2,1,0.0,0,0.0,1,0,0.0,0,0,0,,,0.0
Marcus Crawford,166611,HB,STHLSK,1,28.0,0,0.0,,0,0,0,,0,-1.09,0,1470,0,,73.1,66.2,27.5,55.7,0.0,0,1,0,38.5,5,13,0,15.4,0,61.5,8,0.0,0,0.0,1,0,0.0,0,0,0,,,0.0
Alec Mahler,165661,P,SE LA,2,16.0,0,100.0,,0,0,0,0.0,0,1.02,1,294,0,66.7,62.4,70.0,,87.7,0.0,0,0,22,0.0,0,2,0,50.0,1,50.0,1,0.0,0,118.8,1,0,0.0,0,22,6,6.0,22.0,22.0
Brandon Wilson,122467,DI,E TENN ST,2,1.0,0,0.0,,0,0,0,100.0,1,-2.06,0,157,0,16.4,,47.7,63.8,29.9,0.0,0,0,0,50.0,1,2,3,0.0,0,50.0,1,0.0,0,39.6,1,0,0.0,0,0,0,,,0.0
Langston Green,165215,T,DAVIDSON,8,17.0,0,100.0,100.0,1,1,0,0.0,0,0.5,1,149,0,66.7,61.0,63.3,80.7,71.4,67.6,23,0,21,47.1,16,34,0,45.5,1,50.0,17,0.0,0,118.8,1,0,0.0,0,21,4,4.0,21.0,1.24
Dominic Mangiafico,165089,LB,STHLSK,2,5.0,0,0.0,0.0,0,1,0,100.0,1,-1.84,0,1470,0,16.4,,49.1,,28.0,0.0,0,0,0,0.0,0,2,0,0.0,0,100.0,2,0.0,0,39.6,1,0,0.0,0,0,0,,,0.0
Noah Canty,165035,TE,DUQUESNE,2,7.0,0,100.0,,0,0,0,0.0,0,-0.59,1,155,0,66.7,61.0,58.3,35.7,63.4,70.6,12,0,4,23.5,4,17,0,31.3,1,70.6,12,17.6,3,122.9,1,1,0.0,0,4,0,0.0,4.0,0.33
Jemarious Reaves,185911,WR,W CAROLINA,1,38.0,0,0.0,,0,0,0,,0,-1.11,0,344,0,,,57.4,,58.3,0.0,0,0,0,0.0,0,2,0,0.0,0,100.0,2,0.0,0,39.6,1,0,100.0,2,0,0,,,0.0
Beau Brungard,164897,QB,YNGTOWN ST,12,-8.0,0,100.0,,0,0,0,0.0,0,0.21,1,353,2,66.7,68.6,82.0,,87.9,0.0,0,0,15,0.0,0,417,2,48.3,1,0.2,1,0.0,0,118.8,1,0,0.0,0,15,23,23.0,15.0,15.0
Joe Ollman,164878,LB,S DAK ST,1,-3.0,0,0.0,,0,0,0,,0,-1.86,0,292,0,,,55.9,,55.3,0.0,0,0,0,0.0,0,1,1,0.0,0,100.0,1,0.0,0,39.6,1,0,0.0,0,0,0,,,0.0
Tysen Boze,164823,WR,S DAKOTA,9,17.0,0,100.0,100.0,1,1,0,0.0,0,0.64,1,291,0,66.7,61.0,60.0,,57.2,0.0,0,0,15,0.0,0,24,1,65.2,1,95.8,23,25.0,6,118.8,1,0,75.0,18,15,-2,-2.0,15.0,0.65
AJ Adams,185952,TE,DAVIDSON,2,-3.0,0,100.0,,0,0,0,0.0,0,2.7,0,149,0,66.7,67.8,67.6,63.8,60.6,0.0,0,0,2,50.0,1,2,0,50.0,1,50.0,1,0.0,0,79.2,1,0,50.0,1,2,5,5.0,2.0,2.0
Sam Brecker,164580,WR,NEW HAMP,1,6.0,0,100.0,,0,0,0,0.0,0,0.54,0,240,0,66.7,67.1,57.2,,57.7,0.0,0,0,7,0.0,0,4,0,50.0,1,100.0,4,100.0,4,95.8,1,0,0.0,0,7,1,1.0,7.0,1.75
Joel Jameson,164359,T,HOUCHR,7,17.0,0,0.0,0.0,0,1,0,,0,-0.04,0,183,0,,,34.4,23.2,45.5,74.5,35,0,0,59.6,28,47,0,24.4,0,38.3,18,2.1,1,39.6,1,0,0.0,0,0,0,,,0.0
Jalyn Daniels,164280,HB,N ALABAMA,1,-7.0,0,100.0,,0,0,0,0.0,0,-0.82,0,389,0,66.7,67.8,54.5,,60.7,0.0,0,0,-1,0.0,0,1,0,0.0,1,100.0,1,0.0,0,79.2,1,0,100.0,1,-1,6,6.0,-1.0,-1.0
Cameron Hergott,164247,QB,E KENTUCKY,4,9.0,0,0.0,,0,0,0,,0,-0.18,0,159,0,,75.1,71.1,,60.0,0.0,0,0,0,0.0,0,14,0,33.3,0,7.1,1,7.1,1,39.6,1,0,14.3,2,0,0,,,0.0
Aiden Garcia,164067,WR,IDAHO ST,3,4.0,0,100.0,,0,0,0,0.0,0,-0.08,1,186,0,66.7,61.0,66.9,,62.1,0.0,0,0,7,0.0,0,10,0,55.6,1,90.0,9,20.0,2,95.8,1,0,80.0,8,7,3,3.0,7.0,0.78
Ashton Grable,163953,G,FL A&M,12,-1.0,0,100.0,,0,0,0,0.0,0,0.1,0,164,0,70.1,60.9,60.9,72.6,65.1,0.0,0,0,7,100.0,447,447,6,45.1,1,0.0,0,0.0,0,95.8,1,0,0.0,0,7,8,8.0,7.0,
Patrick Williams II,163278,WR,GRAMBLING,10,10.0,0,0.0,,0,0,0,,0,0.05,0,177,0,,,56.0,,53.5,8.3,1,0,0,0.0,0,12,1,25.0,0,100.0,12,25.0,3,39.6,1,0,66.7,8,0,0,,,0.0
Daquon Kincey,186088,HB,ALABAMA ST,11,-6.0,1,100.0,,0,0,0,0.0,0,-0.1,0,105,0,66.7,77.2,82.6,85.4,56.5,0.0,0,0,2,30.2,19,63,0,30.6,1,68.3,43,1.6,1,79.2,1,0,0.0,0,2,8,8.0,2.0,0.05
Jordan Edwards,186109,WR,FL A&M,1,4.0,0,0.0,,0,0,0,,0,-1.22,0,164,0,,,56.8,,57.8,0.0,0,0,0,0.0,0,2,0,0.0,0,100.0,2,50.0,1,39.6,1,0,50.0,1,0,0,,,0.0
Andrew Ritter,186114,TE,FL A&M,3,3.0,1,100.0,,0,0,0,0.0,0,-1.43,1,164,0,66.7,61.0,69.3,67.3,74.5,85.7,6,0,17,14.3,1,7,0,28.6,1,85.7,6,14.3,1,118.8,1,0,0.0,0,17,14,14.0,17.0,2.83
Nate Blount IV,186117,HB,JACKSON ST,3,-5.0,0,0.0,,0,0,0,,0,0.57,0,194,0,,19.3,58.0,71.0,56.2,0.0,0,0,0,33.3,2,6,0,50.0,0,66.7,4,16.7,1,39.6,1,0,0.0,0,0,0,,,0.0
Kheagian Heckaman,163238,TE,TENN STATE,11,1.0,0,100.0,,0,0,0,0.0,0,-0.64,0,308,0,66.7,61.0,55.5,70.0,50.3,76.2,16,0,4,14.3,3,21,0,23.8,1,85.7,18,9.5,2,83.3,1,0,14.3,3,4,3,3.0,4.0,0.22
Ty Englehart,162239,QB,PRESBYTERN,4,10.0,0,100.0,,0,0,0,0.0,0,-0.11,1,271,0,66.7,48.1,60.1,,79.1,0.0,0,0,13,0.0,0,53,0,35.3,1,3.8,2,0.0,0,158.3,1,1,0.0,0,13,3,3.0,13.0,6.5
Kaden Zenzen,162223,TE,N DAK ST,7,10.0,0,100.0,,0,0,0,0.0,0,1.02,1,250,0,66.7,61.0,48.6,,62.0,78.6,11,0,17,0.0,0,14,0,64.3,1,100.0,14,21.4,3,118.8,1,0,0.0,0,17,7,7.0,17.0,1.21
Luke Kokat,162211,TE,N DAK ST,9,19.0,0,0.0,,0,0,0,100.0,1,0.78,0,250,0,16.4,66.6,46.2,73.0,38.6,72.0,18,0,0,20.0,5,25,0,54.2,0,76.0,19,16.0,4,39.6,1,0,4.0,1,0,0,,,0.0
Davin Driskell,162109,TE,CHARLES SO,2,3.0,0,100.0,,0,0,0,0.0,0,-0.39,0,135,0,66.7,61.0,58.8,42.1,54.3,100.0,13,0,3,15.4,2,13,0,30.8,1,84.6,11,0.0,0,79.2,1,0,0.0,0,3,0,0.0,3.0,0.27
Drew Allison,186205,TE,TXAMEA,2,9.0,0,100.0,,0,0,0,0.0,0,0.37,1,1139,0,66.7,61.0,66.2,,74.4,100.0,6,0,6,0.0,0,6,0,50.0,1,100.0,6,0.0,0,131.3,1,1,0.0,0,6,0,0.0,6.0,1.0
Zeke Burnett,161640,HB,SACRAMENTO,5,-5.0,2,100.0,,0,0,0,0.0,0,0.4,1,279,0,66.7,74.4,57.6,79.6,59.7,0.0,0,0,12,40.0,8,20,0,50.0,1,60.0,12,15.0,3,116.7,1,0,5.0,1,12,17,17.0,12.0,1.0
Joshlyn McCarter,161423,TE,HOUCHR,6,0.0,0,0.0,,0,0,0,,0,-0.06,0,183,0,,,39.2,32.6,48.2,65.8,25,0,0,26.3,10,38,0,27.3,0,65.8,25,26.3,10,39.6,1,0,5.3,2,0,0,,,0.0
Alex Gochis,161220,WR,DUQUESNE,5,21.0,0,0.0,,0,0,0,,0,-0.06,0,155,0,,61.9,55.6,64.5,53.9,11.1,1,0,0,11.1,1,9,0,37.5,0,88.9,8,11.1,1,39.6,1,0,77.8,7,0,0,,,0.0
Emari Matthews,160768,HB,JACKSON ST,9,-6.0,0,0.0,,0,0,0,,0,0.22,0,194,0,,82.7,74.0,80.7,52.6,0.0,0,0,0,31.4,11,35,0,42.4,0,65.7,23,0.0,0,39.6,1,0,0.0,0,0,0,,,0.0
Eli Smith,160452,HB,VILLANOVA,2,-1.0,2,100.0,,0,0,0,0.0,0,1.1,1,334,0,66.7,72.6,70.7,78.4,84.8,0.0,0,0,21,60.0,6,10,0,62.5,1,30.0,3,0.0,0,118.8,1,0,0.0,0,21,22,22.0,21.0,7.0
Chris Dobrydney,160437,WR,VILLANOVA,1,21.0,0,0.0,0.0,0,1,0,,0,-0.63,0,334,0,,,56.7,,57.8,0.0,0,0,0,0.0,0,2,0,0.0,0,100.0,2,100.0,2,39.6,1,0,0.0,0,0,0,,,0.0
Davyn Reid,160347,WR,CAMPBELL,3,7.0,0,0.0,,0,0,0,,0,-1.45,0,131,0,,,48.2,,54.4,0.0,0,0,0,0.0,0,8,1,0.0,0,75.0,6,100.0,8,39.6,1,0,0.0,0,0,0,,,0.0
Micah Jernigan,160141,WR,NWSTATE,2,17.0,0,0.0,,0,0,0,,0,-0.94,0,257,0,,,57.4,,57.2,0.0,0,0,0,0.0,0,3,0,0.0,0,100.0,3,0.0,0,39.6,1,0,100.0,3,0,0,,,0.0
Jase Skoglund,186256,TE,AUSTINPEAY,3,10.0,0,0.0,,0,0,0,,0,-0.76,0,116,0,,,47.3,51.2,50.7,55.6,10,1,0,22.2,4,18,0,23.5,0,72.2,13,44.4,8,0.0,1,0,0.0,0,0,0,,,0.0
Kaleb Proctor,160131,DI,SE LA,2,-4.0,0,100.0,,0,0,0,0.0,0,1.02,0,294,0,66.7,61.0,60.0,63.8,58.8,0.0,0,0,-4,50.0,1,2,1,50.0,1,50.0,1,0.0,0,79.2,1,0,0.0,0,-4,0,0.0,-4.0,-4.0
Khamari James,186324,WR,HOWARD,1,-4.0,0,100.0,,0,0,0,0.0,0,0.93,0,184,0,66.7,61.0,61.6,,60.9,0.0,0,0,8,0.0,0,1,0,100.0,1,100.0,1,0.0,0,100.0,1,0,100.0,1,8,12,12.0,8.0,8.0
Kody Finley,160115,WR,NWSTATE,3,10.0,0,0.0,,0,0,0,,0,-0.11,0,257,0,,,53.5,,53.4,0.0,0,0,0,0.0,0,18,0,26.7,0,83.3,15,0.0,0,39.6,1,0,100.0,18,0,0,,,0.0
Anthony Reagan Jr.,186331,HB,HOWARD,3,1.0,0,0.0,,0,0,0,100.0,1,-0.08,0,184,0,16.4,76.7,45.9,76.3,29.8,0.0,0,0,0,25.0,3,12,0,41.7,0,75.0,9,0.0,0,39.6,1,0,0.0,0,0,0,,,0.0
Devery Cagle,160020,K,WOFFORD,2,-6.0,0,100.0,,0,0,0,0.0,0,0.23,0,350,0,66.7,61.0,56.6,60.5,56.8,0.0,0,0,7,50.0,1,2,0,50.0,1,50.0,1,0.0,0,95.8,1,0,0.0,0,7,13,13.0,7.0,7.0
Braden Thompson,159629,TE,SE MO ST,2,29.0,0,0.0,,0,0,0,100.0,1,-0.04,0,293,0,2.7,,34.9,,29.2,100.0,14,0,0,0.0,0,14,0,61.5,0,92.9,13,0.0,0,39.6,1,0,0.0,0,0,0,,,0.0
Ian Umansky,159576,TE,WAGNER,3,4.0,0,0.0,,0,0,0,100.0,1,0.0,0,338,0,16.4,61.9,43.6,26.2,33.0,94.7,18,0,0,52.6,10,19,0,36.8,0,47.4,9,5.3,1,39.6,1,0,0.0,0,0,0,,,0.0
James Tharpe,159482,TE,ST FRANCIS,4,8.0,0,100.0,,0,0,0,0.0,0,0.0,1,299,0,66.7,61.0,53.7,,64.5,80.0,8,0,1,0.0,0,10,1,40.0,1,100.0,10,20.0,2,118.8,1,1,0.0,0,1,0,0.0,1.0,0.1
Luca Stanzani,159449,QB,LIUSHAR,11,-2.0,0,0.0,,0,0,0,,0,-0.18,0,1298,1,,38.8,57.4,,57.5,0.0,0,0,0,0.0,0,192,1,35.7,0,1.0,2,0.0,0,39.6,1,0,0.0,0,0,0,,,0.0
Braxton Crouse,121759,WR,MURRAY ST,3,-1.0,0,0.0,,0,0,0,100.0,1,-0.58,0,236,0,16.4,,45.9,,45.7,0.0,0,0,0,0.0,0,7,0,16.7,0,85.7,6,100.0,7,39.6,1,0,0.0,0,0,0,,,0.0
Jerry Mays,186545,TE,W GEORGIA,2,4.0,0,100.0,,0,0,0,0.0,0,0.54,0,1177,0,66.7,71.4,65.4,,56.0,14.3,1,0,5,0.0,0,7,0,42.9,1,100.0,7,0.0,0,87.5,1,0,85.7,6,5,1,1.0,5.0,0.71
Cal Martine,159358,FB,ILL STATE,2,3.0,0,0.0,0.0,0,1,0,,0,-0.91,0,188,0,,69.7,64.4,73.5,49.6,0.0,0,0,0,50.0,2,4,0,0.0,0,50.0,2,0.0,0,39.6,1,0,0.0,0,0,0,,,0.0
Justin Leszynski,159323,TE,HARVARD,2,13.0,0,100.0,100.0,1,1,0,0.0,0,0.69,1,179,0,66.7,63.6,68.9,,74.4,50.0,2,0,15,0.0,0,4,0,66.7,1,75.0,3,50.0,2,118.8,1,0,0.0,0,15,2,2.0,15.0,5.0
James Reinbold,159290,ED,CORNELL,2,4.0,0,0.0,,0,0,0,,0,0.3,0,147,0,,,60.3,67.7,60.0,0.0,0,0,0,50.0,1,2,0,50.0,0,50.0,1,0.0,0,39.6,1,0,0.0,0,0,0,,,0.0
AJ Holmes,159277,HB,CORNELL,1,7.0,0,0.0,,0,0,0,,0,-2.32,0,147,0,,74.3,55.6,,57.1,0.0,0,1,0,0.0,0,2,0,50.0,0,100.0,2,0.0,0,0.0,1,0,100.0,2,0,0,,,0.0
Kyle Love,159228,WR,WM & MARY,1,24.0,0,0.0,,0,0,0,,0,-0.53,0,348,0,,61.9,58.0,,59.3,0.0,0,0,0,0.0,0,1,0,0.0,0,100.0,1,0.0,0,39.6,1,0,100.0,1,0,0,,,0.0
Bryant Ward,159100,HB,ELON,2,6.0,0,100.0,,0,0,0,0.0,0,1.58,0,162,1,66.7,15.7,44.6,75.5,24.9,0.0,0,0,7,50.0,2,4,0,66.7,1,50.0,2,0.0,0,95.8,1,0,0.0,0,7,1,1.0,7.0,3.5
Drew Klumph,159010,WR,MONTANA,1,10.0,0,0.0,,0,0,0,,0,-0.71,0,232,0,,,59.0,,59.3,0.0,0,0,0,0.0,0,1,0,0.0,0,100.0,1,0.0,0,39.6,1,0,100.0,1,0,0,,,0.0
Ian Finch,159009,TE,MONTANA,1,3.0,0,100.0,,0,0,0,0.0,0,0.3,1,232,0,66.7,61.0,72.1,,75.7,50.0,1,0,2,0.0,0,2,0,50.0,1,100.0,2,50.0,1,118.8,1,1,0.0,0,2,0,0.0,2.0,1.0
Toriano Tate,158041,S,W ILLINOIS,1,11.0,0,0.0,0.0,0,1,0,,0,-2.12,0,345,0,,76.0,58.8,,59.0,0.0,0,0,0,0.0,0,2,0,0.0,0,100.0,2,0.0,0,39.6,1,0,100.0,2,0,0,,,0.0
Micah Bell,157984,HB,MERCER,11,2.0,0,100.0,,0,0,0,0.0,0,-0.15,0,219,0,66.7,57.6,74.1,65.9,52.4,0.0,0,0,2,10.9,6,55,0,36.5,1,85.5,47,0.0,0,79.2,1,0,0.0,0,2,0,0.0,2.0,0.04
Rian Black,156675,WR,RHODE ISLD,1,14.0,0,0.0,,0,0,0,100.0,1,-0.23,0,274,0,16.4,,42.2,,44.4,0.0,0,0,0,0.0,0,3,0,33.3,0,100.0,3,0.0,0,39.6,1,0,100.0,3,0,0,,,0.0
Alain Paul,155944,WR,LIUSHAR,3,6.0,0,0.0,0.0,0,1,0,,0,-0.84,0,1298,0,,,53.8,,52.8,9.1,1,1,0,0.0,0,11,0,20.0,0,90.9,10,72.7,8,0.0,1,0,18.2,2,0,0,,,0.0
Remiello Thomas,155918,TE,MS VLY ST,11,9.0,0,100.0,,0,0,0,0.0,0,-0.08,1,228,0,66.7,61.0,41.2,59.8,49.2,95.0,76,0,4,45.0,36,80,0,37.7,1,53.8,43,3.8,3,122.9,1,1,0.0,0,4,0,0.0,4.0,0.09
Walter Smith,197798,WR,ALABAMA ST,1,16.0,0,100.0,,0,0,0,0.0,0,-0.28,1,105,0,66.7,61.0,67.9,,67.4,0.0,0,0,24,0.0,0,6,0,16.7,1,100.0,6,100.0,6,118.8,1,0,0.0,0,24,8,8.0,24.0,4.0
Jordan Dees,188056,WR,W GEORGIA,4,10.0,0,0.0,,0,0,0,,0,0.44,0,1177,0,,61.9,53.0,,53.7,0.0,0,0,0,0.0,0,10,0,60.0,0,100.0,10,90.0,9,39.6,1,0,10.0,1,0,0,,,0.0
Kanarius Johnson,196446,WR,MS VLY ST,2,12.0,0,0.0,,0,0,0,,0,-1.02,0,228,0,,,54.5,,55.6,0.0,0,0,0,0.0,0,5,0,0.0,0,100.0,5,0.0,0,39.6,1,0,100.0,5,0,0,,,0.0
Marvin Smith,155900,S,ALAB A&M,1,11.0,0,100.0,,0,0,0,0.0,0,4.77,1,104,0,66.7,61.0,85.8,,87.7,0.0,0,0,14,0.0,0,1,2,100.0,1,100.0,1,0.0,0,118.8,1,0,0.0,0,14,3,3.0,14.0,14.0
Reese Dykstra,155884,TE,LIUSHAR,10,13.0,0,100.0,,0,0,0,0.0,0,-0.47,1,1298,0,66.7,61.0,56.0,73.6,54.8,57.7,15,0,18,34.6,9,26,1,34.6,1,65.4,17,3.8,1,118.8,1,0,3.8,1,18,5,5.0,18.0,1.06
Nigel Brown,155872,DI,PRESBYTERN,1,0.0,0,100.0,,0,0,0,0.0,0,0.41,1,271,0,66.7,61.0,57.3,,79.8,0.0,0,0,1,0.0,0,1,2,100.0,1,100.0,1,0.0,0,118.8,1,1,0.0,0,1,1,1.0,1.0,1.0
Dylan Boone,155797,TE,SCAR STATE,3,4.0,0,0.0,,0,0,0,100.0,1,-0.46,0,290,0,16.4,,53.6,,32.6,66.7,2,0,0,0.0,0,3,0,33.3,0,100.0,3,33.3,1,39.6,1,0,0.0,0,0,0,,,0.0
Jaylen White,155505,HB,NORFOLK,4,-4.0,0,100.0,,0,0,0,0.0,0,-0.05,1,244,0,66.7,77.8,56.6,78.8,65.4,0.0,0,0,6,38.5,5,13,0,36.4,1,53.8,7,0.0,0,91.7,1,0,7.7,1,6,10,10.0,6.0,0.86
Cee Chosen,155205,WR,TOWSON,3,22.0,0,0.0,,0,0,0,,0,-0.42,0,317,0,,61.9,59.1,,54.5,0.0,0,0,0,0.0,0,9,0,22.2,0,100.0,9,11.1,1,39.6,1,0,88.9,8,0,0,,,0.0
Andrew Body,155202,QB,ALABAMA ST,1,-1.0,0,100.0,,0,0,0,0.0,0,0.3,0,105,0,66.7,72.6,81.5,,57.4,0.0,0,0,9,0.0,0,13,1,38.5,1,7.7,1,0.0,0,104.2,1,0,0.0,0,9,10,10.0,9.0,9.0
Jamel Stewart,154755,DI,HOWARD,1,8.0,0,100.0,,0,0,0,0.0,0,1.15,1,184,0,66.7,61.0,67.1,,79.8,0.0,0,0,3,0.0,0,1,1,100.0,1,100.0,1,0.0,0,118.8,1,1,0.0,0,3,0,0.0,3.0,3.0
Jimmie Haywood,121460,TE,ALABAMA ST,9,5.0,0,100.0,,0,0,0,0.0,0,0.32,1,105,0,66.7,61.0,48.3,75.3,68.7,47.8,11,0,4,34.8,8,23,1,50.0,1,60.9,14,0.0,0,122.9,1,1,0.0,0,4,0,0.0,4.0,0.29
Gareth Warren,154267,T,LNDNWD,12,-7.0,0,100.0,,0,0,2,0.0,0,-0.1,0,949,0,66.7,61.0,61.3,68.4,65.2,0.0,0,0,6,99.8,405,406,6,40.5,1,0.2,1,0.0,0,91.7,1,0,0.0,0,6,13,13.0,6.0,6.0
Chris Zellous,153319,QB,HAMPTON,12,-4.0,0,0.0,,0,0,0,,0,-0.08,0,178,0,,46.5,62.1,,59.5,0.0,0,0,0,0.0,0,205,1,44.0,0,0.5,1,0.5,1,39.6,1,0,0.0,0,0,0,,,0.0
Tyce Fusilier,150885,HB,SOUTHERN U,1,14.0,0,0.0,,0,0,0,,0,-1.74,0,297,0,,67.3,60.9,,59.5,0.0,0,0,0,0.0,0,1,0,0.0,0,100.0,1,0.0,0,39.6,1,0,0.0,0,0,0,,,0.0
Skyler Jordan,150817,WR,DELWARE ST,1,25.0,0,100.0,,0,0,0,0.0,0,8.49,1,152,0,66.7,65.1,90.6,,86.5,0.0,0,0,71,0.0,0,1,0,100.0,1,100.0,1,0.0,0,158.3,1,1,100.0,1,71,46,46.0,71.0,71.0
Harrison Cohen,109529,TE,MOREHEAD,1,12.0,0,100.0,,0,0,0,0.0,0,2.7,1,234,0,66.7,61.0,79.8,,89.0,100.0,1,0,10,0.0,0,1,0,100.0,1,100.0,1,0.0,0,147.9,1,1,0.0,0,10,0,0.0,10.0,10.0
Declan O'Brien,188760,WR,DELAWARE,1,8.0,0,100.0,100.0,1,1,0,0.0,0,-0.32,1,151,0,66.7,61.0,73.0,,70.8,0.0,0,0,8,0.0,0,3,0,33.3,1,100.0,3,100.0,3,100.0,1,0,0.0,0,8,0,0.0,8.0,2.67
Max Cullen,149993,TE,VA MILT IN,10,31.0,0,0.0,,0,0,0,,0,-1.06,0,336,0,,,48.7,39.7,48.0,90.9,20,0,0,27.3,6,22,0,10.5,0,68.2,15,9.1,2,39.6,1,0,0.0,0,0,0,,,0.0
Caleb Jones,188795,HB,DUQUESNE,2,-1.0,0,0.0,,0,0,0,,0,-0.53,0,155,0,,71.3,48.3,0.0,55.1,0.0,0,0,0,0.0,0,7,0,28.6,0,100.0,7,0.0,0,39.6,1,0,0.0,0,0,0,,,0.0
Tyler Knoop,108982,QB,STNY BROOK,11,-3.0,0,100.0,,0,0,0,0.0,0,0.17,0,303,2,,39.0,74.7,,,0.0,0,0,9,0.0,0,332,0,47.6,1,0.0,0,0.0,0,79.2,1,0,0.0,0,1,4,4.0,1.0,
Michael Mitchler,149951,TE,SAMFORD,4,23.0,0,0.0,,0,0,0,,0,-0.44,0,282,0,,,53.8,60.4,49.6,100.0,18,0,0,38.9,7,18,0,37.5,0,61.1,11,0.0,0,39.6,1,0,0.0,0,0,0,,,0.0
Damian Tyminski,196507,WR,STHLSK,4,10.0,0,0.0,,0,0,0,,0,-0.77,0,1470,0,,62.5,55.4,,52.7,0.0,0,0,0,0.0,0,24,0,20.8,0,100.0,24,8.3,2,39.6,1,0,87.5,21,0,0,,,0.0
Paul Kelly,188943,WR,DAYTON,1,-1.0,0,100.0,,0,0,0,0.0,0,0.46,0,150,0,66.7,84.3,56.9,,57.2,0.0,0,0,7,0.0,0,5,0,80.0,1,100.0,5,80.0,4,95.8,1,0,20.0,1,7,8,8.0,7.0,1.4
Grant Sergent,108937,QB,SAN DIEGO,11,10.0,0,100.0,,0,0,0,0.0,0,0.04,1,283,3,66.7,44.6,82.7,,79.1,0.0,0,0,46,0.0,0,395,5,43.5,1,0.8,3,0.0,0,118.8,1,0,0.3,1,46,36,36.0,46.0,15.33
Hank Foley,188971,WR,DRAKE,4,-4.0,0,100.0,,0,0,0,0.0,0,-0.52,0,153,0,66.7,64.3,46.7,,52.9,0.0,0,0,7,0.0,0,25,0,23.8,1,84.0,21,28.0,7,95.8,1,0,72.0,18,7,11,11.0,7.0,0.33
Spencer Halvorson,188977,TE,DRAKE,1,12.0,0,100.0,,0,0,0,0.0,0,2.23,1,153,0,66.7,61.0,79.8,64.5,80.9,66.7,2,0,30,33.3,1,3,0,100.0,1,66.7,2,33.3,1,118.8,1,0,0.0,0,30,18,18.0,30.0,15.0
Sam Johnson,188981,WR,DRAKE,1,-4.0,0,100.0,,0,0,0,0.0,0,0.07,0,153,0,66.7,63.6,52.7,,59.1,0.0,0,0,5,0.0,0,3,0,66.7,1,100.0,3,66.7,2,87.5,1,0,33.3,1,5,9,9.0,5.0,1.67
Ryan Lamb,149905,G,FURMAN,11,3.0,0,100.0,,0,0,0,0.0,0,-0.12,0,170,0,70.1,60.9,63.2,72.0,65.1,0.0,0,0,5,100.0,378,378,4,37.5,1,0.0,0,0.0,0,87.5,1,0,0.0,0,5,2,2.0,5.0,
Melvin Ravenel,149858,CB,CITADEL,1,20.0,0,0.0,,0,0,0,,0,-1.13,0,139,0,,,58.0,,57.7,0.0,0,0,0,0.0,0,1,2,0.0,0,100.0,1,0.0,0,39.6,1,0,0.0,0,0,0,,,0.0
Shawn Shipman,149824,HB,W ILLINOIS,4,3.0,0,100.0,,0,0,0,0.0,0,0.36,0,345,0,66.7,75.2,66.6,28.1,62.6,0.0,0,0,6,50.0,5,10,1,57.1,1,40.0,4,0.0,0,91.7,1,0,0.0,0,6,3,3.0,6.0,1.5
Henry Dolan,149469,TE,DAVIDSON,2,6.0,0,100.0,,0,0,0,0.0,0,2.2,1,149,0,66.7,61.0,76.9,,84.4,50.0,1,0,25,0.0,0,2,0,50.0,1,100.0,2,0.0,0,118.8,1,0,0.0,0,25,19,19.0,25.0,12.5
Luke Durkin,149464,QB,DAVIDSON,8,5.0,0,100.0,,0,0,0,0.0,0,0.18,1,149,0,66.7,26.3,64.5,,84.2,0.0,0,0,6,0.0,0,100,0,43.2,1,2.0,2,0.0,0,131.3,1,1,0.0,0,6,1,1.0,6.0,3.0
Roan Martinez,189103,WR,SAN DIEGO,1,26.0,0,0.0,,0,0,0,100.0,1,-0.58,0,283,0,16.4,,37.6,,44.8,0.0,0,0,0,0.0,0,1,0,0.0,0,100.0,1,0.0,0,39.6,1,0,100.0,1,0,0,,,0.0
Dom DiNuzzo,189120,TE,VALPO,4,31.0,0,0.0,,0,0,0,,0,-0.54,0,332,0,,,51.5,,52.2,18.2,2,0,0,0.0,0,11,0,33.3,0,81.8,9,81.8,9,39.6,1,0,0.0,0,0,0,,,0.0
Ryder Langsdale,149377,T,LAFAYETTE,12,-9.0,0,100.0,,0,0,0,0.0,0,-0.01,0,203,1,70.1,60.9,75.0,79.7,65.1,0.0,0,0,-9,100.0,416,416,0,45.0,1,0.0,0,0.0,0,79.2,1,0,0.0,0,-9,0,0.0,-9.0,
AJ Bosch,189159,WR,BUCKNELL,4,23.0,0,0.0,0.0,0,1,0,100.0,1,0.82,0,125,0,16.8,,44.2,,45.1,0.0,0,0,0,0.0,0,4,0,33.3,0,75.0,3,100.0,4,39.6,1,0,0.0,0,0,0,,,0.0
Keller Gammons,149375,TE,LAFAYETTE,2,0.0,0,100.0,,0,0,0,0.0,0,-1.06,0,203,0,66.7,61.0,61.4,,57.5,60.0,3,0,1,0.0,0,5,0,0.0,1,100.0,5,20.0,1,79.2,1,0,0.0,0,1,1,1.0,1.0,0.2
Mike Fraraccio,148966,TE,PENN,3,9.0,0,100.0,100.0,1,1,0,0.0,0,0.42,1,267,0,66.7,63.6,64.3,69.6,81.7,80.0,4,0,6,40.0,2,5,0,80.0,1,60.0,3,0.0,0,131.3,1,1,0.0,0,6,0,0.0,6.0,2.0
Christian Lynch,189193,HB,PRINCETON,3,-4.0,0,0.0,,0,0,0,,0,0.02,0,272,0,,71.9,61.1,71.2,54.0,0.0,0,0,0,12.5,2,16,0,42.9,0,81.3,13,0.0,0,39.6,1,0,6.3,1,0,0,,,0.0
Jason Gabriel,196747,HB,SOUTHERN U,1,24.0,0,100.0,,0,0,0,0.0,0,-0.02,1,297,0,66.7,67.8,61.9,70.3,70.3,0.0,0,0,23,6.3,1,16,0,42.9,1,81.3,13,0.0,0,158.3,1,1,0.0,0,23,0,0.0,23.0,1.77
Barry Remo,196767,FB,SOUTHERN U,3,-1.0,0,100.0,,0,0,0,0.0,0,0.2,0,297,0,66.7,73.6,68.1,72.5,61.2,25.0,2,0,4,37.5,3,8,0,57.1,1,50.0,4,0.0,0,83.3,1,0,0.0,0,4,5,5.0,4.0,1.0
Aleni Mageo,189269,HB,NC CENT,6,1.0,0,100.0,,0,0,0,0.0,0,0.04,1,247,0,66.7,77.3,62.1,25.1,65.7,0.0,0,0,15,26.3,5,19,0,42.1,1,73.7,14,0.0,0,158.3,1,1,0.0,0,15,14,14.0,15.0,1.07
Demarius Tolen,189275,WR,NC CENT,1,10.0,0,0.0,,0,0,0,100.0,1,-1.22,0,247,0,16.4,,49.1,,44.2,0.0,0,0,0,0.0,0,2,0,0.0,0,100.0,2,0.0,0,39.6,1,0,100.0,2,0,0,,,0.0
Jacob Cisneros,148956,HB,PENN,1,23.0,0,100.0,,0,0,0,0.0,0,3.33,1,267,0,66.7,67.1,67.5,70.2,86.3,0.0,0,0,19,25.0,1,4,0,100.0,1,50.0,2,0.0,0,158.3,1,1,0.0,0,19,0,0.0,19.0,9.5
Malik Frederick,148875,HB,HARVARD,9,3.0,0,100.0,,0,0,0,0.0,0,0.36,0,179,0,66.7,81.1,65.2,58.6,55.0,0.0,0,0,3,33.3,14,42,0,39.5,1,59.5,25,0.0,0,79.2,1,0,4.8,2,3,0,0.0,3.0,0.12
Christian Benson,148868,HB,DARTMOUTH,1,2.0,0,100.0,100.0,1,1,0,0.0,0,0.17,0,148,0,66.7,70.7,53.0,,58.8,0.0,0,0,2,0.0,0,6,0,33.3,1,100.0,6,0.0,0,79.2,1,0,33.3,2,2,0,0.0,2.0,0.33
Eddy Tillman,148784,HB,CORNELL,5,1.0,0,100.0,,0,0,0,0.0,0,0.42,0,147,0,66.7,78.0,63.4,37.0,55.1,0.0,0,0,3,33.3,7,21,1,50.0,1,66.7,14,4.8,1,79.2,1,0,9.5,2,3,2,2.0,3.0,0.21
Jameson Wang,148782,QB,CORNELL,10,-9.0,1,100.0,,0,0,0,0.0,0,0.09,0,147,0,,83.8,74.1,62.2,46.8,0.0,0,0,1,0.2,1,441,4,44.4,1,0.5,2,0.0,0,79.2,1,0,0.0,0,1,10,10.0,1.0,0.5
Hunter Sloan,148780,DI,CORNELL,1,-4.0,0,100.0,,0,0,0,0.0,0,6.52,1,147,0,66.7,61.0,77.2,,92.1,0.0,0,0,40,0.0,0,1,0,100.0,1,100.0,1,0.0,0,118.8,1,0,0.0,0,40,44,44.0,40.0,40.0
Jake Willcox,148649,QB,BROWN,10,19.0,2,100.0,,0,0,0,0.0,0,0.01,1,123,4,66.7,61.2,68.9,,91.2,0.0,0,0,33,0.0,0,479,0,45.3,1,0.6,3,0.0,0,118.8,1,0,0.0,0,33,14,14.0,33.0,11.0
Gavin McCusker,148580,QB,MERRIMACK,1,-6.0,0,100.0,,0,0,0,0.0,0,-4.66,0,385,1,66.7,15.6,28.5,,27.0,0.0,0,0,10,0.0,0,1,0,0.0,1,100.0,1,0.0,0,108.3,1,0,0.0,0,10,16,16.0,10.0,10.0
Jaxson Dicus,189311,HB,STETSON,3,5.0,0,100.0,,0,0,0,0.0,0,-0.5,1,302,0,66.7,75.8,64.7,66.4,58.1,0.0,0,0,16,36.7,18,49,0,25.5,1,63.3,31,4.1,2,118.8,1,0,0.0,0,16,11,11.0,16.0,0.52
Darius Wilson,148492,QB,WM & MARY,12,9.0,0,100.0,,0,0,0,0.0,0,0.12,1,348,1,66.7,61.8,80.3,65.5,63.5,0.0,0,0,6,0.3,1,364,1,46.3,1,1.9,7,0.5,2,131.3,1,1,0.8,3,6,0,0.0,6.0,0.86
Daniel Bettis,105198,TE,SAMFORD,10,1.0,0,100.0,,0,0,0,0.0,0,-0.05,0,282,0,66.7,63.6,54.3,77.5,48.2,100.0,42,0,1,50.0,21,42,0,46.2,1,47.6,20,0.0,0,79.2,1,0,0.0,0,1,0,0.0,1.0,0.05
Brady McElhaney,148450,WR,TOWSON,4,23.0,0,0.0,0.0,0,1,0,,0,-0.58,0,317,0,,,53.1,,53.6,0.0,0,0,0,0.0,0,10,0,20.0,0,100.0,10,100.0,10,39.6,1,0,0.0,0,0,0,,,0.0
Tayvonne Miller,196844,HB,ALCORN ST,1,1.0,0,0.0,,0,0,0,,0,-0.49,0,107,0,,67.3,64.4,74.9,54.1,0.0,0,0,0,25.0,3,12,0,25.0,0,75.0,9,8.3,1,39.6,1,0,0.0,0,0,0,,,0.0
Tyjuan Atkins,148261,WR,STF AUSTIN,3,33.0,0,100.0,,0,0,0,0.0,0,1.05,1,301,0,66.7,61.0,74.1,,70.5,0.0,0,0,25,0.0,0,8,0,71.4,1,87.5,7,25.0,2,158.3,1,1,75.0,6,25,0,0.0,25.0,3.57
Hunter Simmons,148254,QB,S ILLINOIS,5,-6.0,0,100.0,,0,0,0,0.0,0,-0.02,0,295,1,,60.9,75.3,,,0.0,0,0,-4,0.0,0,149,0,41.5,1,0.0,0,0.0,0,79.2,1,0,0.0,0,-4,2,2.0,-4.0,
Jonathan Collins Jr.,105114,CB,NEW HAMP,1,0.0,0,100.0,,0,0,0,0.0,0,-1.65,0,240,0,66.7,61.0,59.6,,59.4,0.0,0,0,6,0.0,0,1,1,0.0,1,100.0,1,0.0,0,91.7,1,0,0.0,0,6,6,6.0,6.0,6.0
Taiye Ajose,191415,WR,E ILLINOIS,2,9.0,0,0.0,0.0,0,1,0,,0,0.7,0,158,0,,,56.1,,57.0,0.0,0,0,0,0.0,0,4,0,25.0,0,100.0,4,0.0,0,39.6,1,0,100.0,4,0,0,,,0.0
Kenny Ajose,191416,WR,E ILLINOIS,1,22.0,0,0.0,,0,0,0,100.0,1,0.32,0,158,0,16.4,,46.6,62.6,47.4,0.0,0,0,0,5.3,1,19,0,50.0,0,89.5,17,0.0,0,39.6,1,0,100.0,19,0,0,,,0.0
Noah Schaffner,148128,WR,N DAKOTA,1,3.0,0,100.0,,0,0,0,0.0,0,-0.79,0,249,0,66.7,61.0,61.0,,60.6,0.0,0,0,3,0.0,0,1,0,0.0,1,100.0,1,0.0,0,79.2,1,0,100.0,1,3,0,0.0,3.0,3.0
Dane Steel,191486,WR,MONTANA ST,4,5.0,0,0.0,0.0,0,1,0,100.0,1,-0.75,0,233,0,16.8,62.5,46.0,,45.3,0.0,0,0,0,0.0,0,11,0,20.0,0,90.9,10,81.8,9,39.6,1,0,18.2,2,0,0,,,0.0
Jabez Woods,191492,WR,MONTANA ST,1,6.0,0,0.0,,0,0,0,,0,-1.42,0,233,0,,,58.3,,59.4,0.0,0,0,0,0.0,0,1,0,0.0,0,100.0,1,0.0,0,39.6,1,0,100.0,1,0,0,,,0.0
Joey Shew,148090,ED,INDIANA ST,2,6.0,0,100.0,100.0,1,1,0,0.0,0,-1.44,0,191,1,66.7,15.6,45.8,63.8,31.2,0.0,0,0,14,50.0,1,2,0,0.0,1,50.0,1,0.0,0,118.8,1,0,0.0,0,14,8,8.0,14.0,14.0
Korbin Allen,148070,HB,INDIANA ST,2,0.0,1,100.0,,0,0,0,0.0,0,0.23,0,191,0,66.7,72.0,66.1,86.1,70.5,0.0,0,0,8,33.3,2,6,0,50.0,1,66.7,4,0.0,0,100.0,1,0,16.7,1,8,8,8.0,8.0,2.0
Will Silverman,148002,WR,MONMOUTH,2,23.0,0,0.0,,0,0,0,,0,-1.21,0,231,0,,,58.1,,57.7,0.0,0,0,0,0.0,0,2,0,0.0,0,100.0,2,0.0,0,39.6,1,0,100.0,2,0,0,,,0.0
Elijah Taylor,147689,WR,N ARIZONA,2,12.0,0,100.0,100.0,1,1,0,0.0,0,0.92,0,252,0,66.7,61.0,63.3,,63.1,0.0,0,0,11,0.0,0,11,0,70.0,1,90.9,10,0.0,0,112.5,1,0,100.0,11,11,-1,-1.0,11.0,1.1
Cameron Overton,105022,WR,LIUSHAR,4,9.0,0,100.0,,0,0,0,0.0,0,-0.13,1,1298,0,66.7,61.0,53.1,,54.1,0.0,0,0,11,0.0,0,39,0,33.3,1,100.0,39,66.7,26,112.5,1,0,33.3,13,11,2,2.0,11.0,0.28
Nicholas Williams,147641,TE,ALABAMA ST,6,15.0,0,100.0,,0,0,0,0.0,0,0.28,1,105,0,66.7,61.0,62.5,,62.6,36.4,4,0,15,0.0,0,11,0,36.4,1,100.0,11,54.5,6,118.8,1,0,9.1,1,15,0,0.0,15.0,1.36
Messiah Jones,147597,TE,E WASHGTON,4,5.0,0,100.0,,0,0,0,0.0,0,0.61,0,161,0,66.7,61.0,55.0,69.6,55.1,45.5,5,0,7,18.2,2,11,0,45.5,1,81.8,9,45.5,5,95.8,1,0,9.1,1,7,2,2.0,7.0,0.78
Carlos Martin,191805,WR,NORFOLK,1,5.0,0,0.0,,0,0,0,,0,-0.16,0,244,0,,,55.1,,55.7,0.0,0,0,0,0.0,0,7,0,28.6,0,100.0,7,100.0,7,39.6,1,0,0.0,0,0,0,,,0.0
Jaylen Parham,191808,HB,NORFOLK,2,2.0,0,100.0,,0,0,0,0.0,0,0.01,0,244,0,66.7,70.7,58.7,73.4,61.0,0.0,0,0,5,75.0,3,4,0,50.0,1,25.0,1,25.0,1,87.5,1,0,0.0,0,5,3,3.0,5.0,5.0
Cam'Ron Ransom,147110,QB,BETH COOK,11,-7.0,0,100.0,,0,0,0,0.0,0,-0.02,0,119,3,,25.9,69.6,,41.5,0.0,0,0,0,0.0,0,345,5,42.0,1,0.9,3,0.0,0,79.2,1,0,0.0,0,0,7,7.0,0.0,0.0
Evan Bearden,104039,DI,UC DAVIS,1,10.0,0,0.0,,0,0,0,,0,-0.54,0,322,0,,,62.0,,57.7,100.0,1,0,0,0.0,0,1,0,0.0,0,100.0,1,0.0,0,39.6,1,0,0.0,0,0,0,,,0.0
Miles Campbell,146943,TE,NC CENT,4,20.0,0,0.0,,0,0,0,,0,0.47,0,247,0,66.7,61.0,42.4,71.1,48.5,63.6,21,0,0,12.1,4,33,0,55.2,0,78.8,26,30.3,10,39.6,1,0,3.0,1,0,0,,,0.0
Dante Chachere,103930,QB,PORTLAND,11,13.0,0,0.0,,0,0,0,,0,0.14,0,269,4,,37.1,63.6,,53.3,0.0,0,1,0,0.0,0,331,2,45.3,0,0.9,3,0.0,0,0.0,1,0,0.0,0,0,0,,,0.0
Makai Cope,146430,WR,SACRAMENTO,3,8.0,0,0.0,,0,0,0,,0,-0.66,0,279,0,,62.5,60.2,66.7,56.0,0.0,0,0,0,12.5,1,8,0,0.0,0,87.5,7,87.5,7,39.6,1,0,0.0,0,0,0,,,0.0
Ari Patu,146360,QB,N ALABAMA,3,7.0,0,100.0,,0,0,0,0.0,0,-0.43,1,389,2,66.7,31.7,55.4,76.5,87.9,0.0,0,0,13,1.8,2,109,0,33.6,1,0.9,1,0.0,0,118.8,1,0,0.0,0,13,6,6.0,13.0,13.0
Peder Haugo,191987,HB,N DAK ST,2,-5.0,0,100.0,,0,0,0,0.0,0,1.61,1,250,0,66.7,78.5,63.9,74.6,64.9,0.0,0,0,19,10.0,1,10,0,70.0,1,90.0,9,10.0,1,118.8,1,0,0.0,0,19,24,24.0,19.0,2.11
Deamikkio Nathan,146213,WR,MO STATE,4,16.0,0,0.0,,0,0,0,,0,-0.79,0,230,0,,,55.8,,56.2,0.0,0,0,0,0.0,0,5,0,20.0,0,100.0,5,100.0,5,39.6,1,0,0.0,0,0,0,,,0.0
Matt Reardon,145811,WR,YNGTOWN ST,2,6.0,0,0.0,,0,0,0,,0,-1.58,0,353,0,,,56.2,,55.1,0.0,0,1,0,0.0,0,5,0,20.0,0,100.0,5,0.0,0,0.0,1,0,100.0,5,0,0,,,0.0
Pat McQuaide,145792,QB,NICHOLLS,12,-16.0,0,100.0,,0,0,0,0.0,0,-0.19,0,243,1,,71.2,62.9,,,0.0,0,0,-16,0.0,0,453,3,36.7,1,0.0,0,0.0,0,79.2,1,0,0.0,0,-16,0,0.0,-16.0,
Jack Smith,192043,WR,S DAK ST,5,5.0,0,0.0,0.0,0,1,0,,0,1.07,0,292,0,,,55.4,,54.1,0.0,0,0,0,0.0,0,10,0,70.0,0,100.0,10,50.0,5,39.6,1,0,50.0,5,0,0,,,0.0
Riley Engelhard,145554,TE,ALBANY,3,29.0,0,0.0,,0,0,0,,0,0.4,0,106,0,,,67.3,70.2,55.1,100.0,6,0,0,50.0,3,6,0,40.0,0,33.3,2,0.0,0,39.6,1,0,0.0,0,0,0,,,0.0
Obie Sanni,145354,HB,TENN TECH,4,-6.0,0,100.0,,0,0,0,0.0,0,-0.16,0,309,0,66.7,29.1,74.2,79.4,56.2,0.0,0,0,2,25.0,6,24,0,34.8,1,70.8,17,4.2,1,79.2,1,0,0.0,0,2,8,8.0,2.0,0.12
Josh Williams,192117,WR,CHATTNOOGA,2,11.0,0,100.0,,0,0,0,0.0,0,0.3,1,137,0,66.7,61.0,68.6,,69.7,0.0,0,0,11,0.0,0,3,0,66.7,1,100.0,3,0.0,0,112.5,1,0,100.0,3,11,0,0.0,11.0,3.67
Arthur Rodgers,145270,HB,NC CENT,4,-5.0,3,100.0,,0,0,0,0.0,0,0.37,1,247,0,66.7,29.1,75.7,12.9,71.6,0.0,0,0,9,36.4,4,11,0,40.0,1,63.6,7,0.0,0,104.2,1,0,0.0,0,9,14,14.0,9.0,1.29
Nick Sowell,196894,WR,SCAR STATE,3,9.0,0,0.0,,0,0,0,,0,-0.34,0,290,0,16.4,,46.0,,47.5,0.0,0,0,0,0.0,0,16,0,42.9,0,87.5,14,6.3,1,39.6,1,0,93.8,15,0,0,,,0.0
Zack Jackson,144885,WR,TOWSON,2,-1.0,0,100.0,,0,0,0,0.0,0,-0.95,0,317,0,66.7,62.4,59.3,,58.4,0.0,0,0,0,0.0,0,4,0,0.0,1,75.0,3,100.0,4,79.2,1,0,0.0,0,0,1,1.0,0.0,0.0
Michael Godette,197835,HB,NC A&T,1,-3.0,1,100.0,,0,0,0,0.0,0,-0.71,0,246,0,66.7,72.7,70.6,,64.1,0.0,0,0,4,0.0,0,3,0,0.0,1,66.7,2,0.0,0,83.3,1,0,0.0,0,4,7,7.0,4.0,2.0
Aaron Steinfeldt,144839,TE,ALBANY,2,2.0,0,100.0,,0,0,0,0.0,0,-0.61,0,106,0,66.7,61.0,42.8,36.0,47.2,100.0,27,0,2,29.6,8,27,2,30.8,1,66.7,18,0.0,0,79.2,1,0,0.0,0,2,0,0.0,2.0,0.11
Ben Buesgens,192188,WR,STTHOM,3,16.0,0,0.0,,0,0,0,,0,-0.02,0,1129,0,,,55.0,,55.2,0.0,0,0,0,0.0,0,9,0,22.2,0,100.0,9,100.0,9,39.6,1,0,0.0,0,0,0,,,0.0
Ben Harris,144624,QB,N ALABAMA,6,-5.0,1,100.0,,0,0,0,0.0,0,-0.34,1,389,0,66.7,48.5,74.7,,85.8,0.0,0,0,19,0.0,0,52,1,40.9,1,1.9,1,0.0,0,158.3,1,1,1.9,1,19,24,24.0,19.0,19.0
Errington McRae,144271,TE,ALABAMA ST,3,13.0,0,0.0,,0,0,0,,0,0.21,0,105,0,,61.9,37.7,64.0,52.4,90.0,9,0,0,10.0,1,10,1,30.0,0,90.0,9,0.0,0,39.6,1,0,0.0,0,0,0,,,0.0
Joseph Koch,192206,HB,STTHOM,5,2.0,0,100.0,,0,0,0,0.0,0,-0.66,0,1129,0,66.7,81.7,76.6,64.8,53.9,0.0,0,0,3,41.0,16,39,0,21.6,1,59.0,23,5.1,2,79.2,1,0,10.3,4,3,1,1.0,3.0,0.13
Xzavier Vaughn,102342,QB,ALCORN ST,12,3.0,0,100.0,100.0,1,1,0,0.0,0,-0.08,0,107,2,66.7,54.0,61.6,,61.3,0.0,0,0,4,0.0,0,330,2,40.8,1,0.6,2,0.0,0,83.3,1,0,0.0,0,4,1,1.0,4.0,2.0
Christian Grubb,100596,HB,PORTLAND,9,4.0,0,0.0,,0,0,0,,0,-0.58,0,269,0,,78.5,69.7,19.0,52.7,0.0,0,0,0,13.6,3,22,0,25.0,0,81.8,18,13.6,3,39.6,1,0,0.0,0,0,0,,,0.0
Kenji Christian,144072,HB,NC A&T,3,0.0,0,0.0,,0,0,0,,0,-0.55,0,246,0,66.7,78.9,87.5,74.8,61.8,0.0,0,0,0,12.0,3,25,0,41.7,0,84.0,21,0.0,0,39.6,1,0,0.0,0,0,0,,,0.0
Malik McNeely,192247,WR,VA MILT IN,4,30.0,0,0.0,,0,0,0,,0,-0.18,0,336,0,,,48.8,,51.9,0.0,0,0,0,0.0,0,21,1,25.0,0,95.2,20,9.5,2,39.6,1,0,90.5,19,0,0,,,0.0
Parker Self,143894,WR,E TENN ST,1,23.0,0,100.0,,0,0,0,0.0,0,0.3,1,157,0,66.7,61.0,74.8,,72.1,0.0,0,0,22,0.0,0,2,0,50.0,1,100.0,2,0.0,0,118.8,1,0,100.0,2,22,-1,-1.0,22.0,11.0
Jalynnee McGee,143755,HB,PORTLAND,8,2.0,0,100.0,,0,0,0,0.0,0,-0.11,0,269,0,66.7,76.7,63.8,70.1,55.7,0.0,0,0,3,5.0,1,20,0,42.1,1,95.0,19,10.0,2,79.2,1,0,5.0,1,3,1,1.0,3.0,0.16
Jon Tyree,192258,WR,VA MILT IN,1,3.0,0,100.0,,0,0,0,0.0,0,-0.08,0,336,0,66.7,61.0,61.2,,60.8,0.0,0,0,3,0.0,0,1,0,0.0,1,100.0,1,100.0,1,79.2,1,0,0.0,0,3,0,0.0,3.0,3.0
Nasir Hennigan,197038,HB,LIUSHAR,6,-1.0,0,100.0,,0,0,0,0.0,0,0.21,0,1298,0,66.7,77.5,58.6,39.2,54.6,0.0,0,0,4,37.0,17,46,0,44.4,1,60.9,28,0.0,0,83.3,1,0,0.0,0,4,5,5.0,4.0,0.14
Colter May,143557,FB,WEBER ST,6,2.0,0,100.0,,0,0,0,0.0,0,0.77,1,342,0,66.7,66.2,51.9,78.2,68.6,0.0,0,0,2,50.0,6,12,0,75.0,1,50.0,6,8.3,1,118.8,1,1,0.0,0,2,0,0.0,2.0,0.33
Jacob McCauley,143179,WR,DRAKE,8,3.0,0,100.0,,0,0,0,0.0,0,0.1,0,153,0,66.7,61.0,47.4,,46.9,2.3,1,0,6,0.0,0,44,1,57.1,1,95.5,42,22.7,10,91.7,1,0,75.0,33,6,3,3.0,6.0,0.14
Anthony Carter,197042,WR,TENN MARTN,4,0.0,2,100.0,,0,0,0,0.0,0,-0.54,0,310,1,66.7,15.9,43.5,,42.9,0.0,0,0,5,0.0,0,15,0,21.4,1,93.3,14,6.7,1,87.5,1,0,93.3,14,5,5,5.0,5.0,0.36
Cross Patton,100588,HB,BETH COOK,3,-3.0,0,100.0,,0,0,0,0.0,0,-0.22,0,119,0,66.7,73.1,59.9,76.3,60.6,0.0,0,0,-1,38.5,5,13,0,30.8,1,61.5,8,0.0,0,79.2,1,0,0.0,0,-1,2,2.0,-1.0,-0.13
Rickey Evans,197066,WR,TEXAS STHN,3,11.0,0,0.0,,0,0,0,,0,0.57,0,313,0,,62.5,54.2,,54.7,0.0,0,0,0,0.0,0,8,0,42.9,0,87.5,7,37.5,3,39.6,1,0,62.5,5,0,0,,,0.0
Nathan Lamb,98020,QB,W ILLINOIS,12,0.0,0,100.0,,0,0,0,0.0,0,0.25,0,345,6,66.7,66.2,78.7,62.2,80.7,0.0,0,0,-5,0.2,1,496,3,48.9,1,0.4,2,0.0,0,79.2,1,0,0.0,0,-5,-5,-5.0,-5.0,-2.5
Zach Calzada,98006,QB,INCAR WORD,14,9.0,0,0.0,0.0,0,1,0,,0,0.09,0,189,0,,74.3,74.9,,50.6,0.0,0,0,0,0.0,0,615,10,44.9,0,0.3,2,0.0,0,39.6,1,0,0.0,0,0,0,,,0.0
Jack Stabler,192387,WR,SO UTAH,1,18.0,2,100.0,,0,0,0,0.0,0,1.66,1,298,0,66.7,61.0,84.5,,80.0,0.0,0,0,33,0.0,0,3,0,66.7,1,100.0,3,0.0,0,118.8,1,0,100.0,3,33,15,15.0,33.0,11.0
Christo Kelly,143063,C,HOLY CROSS,12,-6.0,0,100.0,,0,0,1,0.0,0,0.22,0,181,0,70.1,,63.0,67.9,60.8,0.0,0,0,-3,100.0,373,373,3,46.6,1,0.0,0,0.0,0,79.2,1,0,0.0,0,-3,3,3.0,-3.0,
Jamall Mensah,142963,WR,RHODE ISLD,1,25.0,0,0.0,,0,0,0,,0,-1.43,0,274,0,,,54.5,,55.0,0.0,0,0,0,0.0,0,10,0,22.2,0,90.0,9,90.0,9,39.6,1,0,10.0,1,0,0,,,0.0
Lemeko Mayes,142497,WR,LIUSHAR,3,6.0,0,100.0,100.0,1,1,0,0.0,0,1.15,1,1298,0,66.7,61.0,58.4,,59.0,0.0,0,0,20,0.0,0,18,0,66.7,1,100.0,18,22.2,4,118.8,1,0,77.8,14,20,14,14.0,20.0,1.11
Tre Page III,192451,HB,TARLETON,1,-4.0,1,100.0,,0,0,0,0.0,0,0.66,1,401,0,66.7,61.0,81.4,,74.2,0.0,0,0,16,0.0,0,1,0,100.0,1,100.0,1,0.0,0,118.8,1,0,100.0,1,16,20,20.0,16.0,16.0
Calvin Collier,197601,WR,SOUTHERN U,2,22.0,0,0.0,,0,0,0,,0,-0.05,0,297,0,,,50.1,,53.2,0.0,0,0,0,0.0,0,17,0,42.9,0,82.4,14,100.0,17,39.6,1,0,0.0,0,0,0,,,0.0
Brendan Bell,142391,LB,VILLANOVA,4,-2.0,0,100.0,,0,0,0,0.0,0,0.86,0,334,0,66.7,66.3,65.4,,57.3,75.0,3,0,0,0.0,0,4,3,50.0,1,100.0,4,0.0,0,79.2,1,0,0.0,0,0,2,2.0,0.0,0.0
Braelen Morgan,141792,HB,SOUTHERN U,1,2.0,1,100.0,,0,0,0,0.0,0,-0.08,1,297,0,66.7,71.0,60.8,72.9,75.0,0.0,0,0,8,20.0,1,5,0,25.0,1,60.0,3,0.0,0,100.0,1,0,0.0,0,8,6,6.0,8.0,2.67
Jordan Jefferson,141676,HB,SO UTAH,2,-2.0,0,100.0,,0,0,0,0.0,0,-1.13,0,298,0,66.7,73.1,57.4,,61.8,0.0,0,0,3,0.0,0,4,0,0.0,1,100.0,4,25.0,1,79.2,1,0,0.0,0,3,5,5.0,3.0,0.75
Titus Cram,192569,FB,N IOWA,2,19.0,0,100.0,,0,0,0,0.0,0,0.53,1,255,0,66.7,66.3,62.8,,86.6,0.0,0,0,25,0.0,0,3,0,66.7,1,100.0,3,0.0,0,118.8,1,0,0.0,0,25,6,6.0,25.0,8.33
Briggs Hughston,192574,TE,N IOWA,1,13.0,0,0.0,0.0,0,1,0,,0,-0.58,0,255,0,,,55.4,,59.2,100.0,1,0,0,0.0,0,1,0,0.0,0,100.0,1,0.0,0,39.6,1,0,0.0,0,0,0,,,0.0
Cannon Lemberg,192626,WR,STF AUSTIN,1,-2.0,0,100.0,,0,0,0,0.0,0,0.75,1,301,0,66.7,81.2,66.9,,66.3,0.0,0,0,13,0.0,0,6,0,83.3,1,100.0,6,100.0,6,118.8,1,0,0.0,0,13,15,15.0,13.0,2.17
Chris Martinez,192628,HB,STF AUSTIN,4,-3.0,0,100.0,,0,0,0,0.0,0,0.46,1,301,0,66.7,24.9,74.0,,76.4,0.0,0,0,14,0.0,0,4,0,50.0,1,75.0,3,0.0,0,118.8,1,0,0.0,0,14,17,17.0,14.0,4.67
Logan Wilcox,139487,TE,NICHOLLS,1,1.0,0,100.0,,0,0,0,0.0,0,-0.15,0,243,0,66.7,61.0,43.8,,65.8,0.0,0,0,8,0.0,0,1,1,0.0,1,100.0,1,0.0,0,100.0,1,0,0.0,0,8,7,7.0,8.0,8.0
Connor Venetis,139408,TE,NICHOLLS,8,1.0,0,100.0,,0,0,0,0.0,0,-0.55,0,243,0,66.7,61.0,45.5,52.8,45.2,89.5,34,0,1,26.3,10,38,0,36.1,1,71.1,27,5.3,2,79.2,1,0,5.3,2,1,0,0.0,1.0,0.04
Desmond Moultrie,139348,HB,JACKSON ST,7,5.0,0,100.0,,0,0,0,0.0,0,-0.38,0,194,0,66.7,75.5,64.3,71.8,65.2,0.0,0,0,11,7.1,1,14,0,50.0,1,92.9,13,0.0,0,112.5,1,0,0.0,0,11,6,6.0,11.0,0.85
Devon Cole Jr.,138297,WR,S DAK ST,7,10.0,0,0.0,,0,0,0,,0,0.09,0,292,0,,,51.2,,50.1,0.0,0,0,0,0.0,0,33,0,56.7,0,90.9,30,60.6,20,39.6,1,0,39.4,13,0,0,,,0.0
Courtlin Scott,192691,WR,ABILENE CH,1,33.0,0,0.0,,0,0,0,,0,-1.02,0,100,0,,,58.4,,59.6,0.0,0,0,0,0.0,0,1,0,0.0,0,100.0,1,0.0,0,39.6,1,0,100.0,1,0,0,,,0.0
Jack Ihry,138239,TE,N DAKOTA,5,2.0,0,100.0,,0,0,0,0.0,0,0.56,1,249,0,66.7,61.0,78.2,67.7,83.5,100.0,15,0,23,33.3,5,15,0,53.8,1,53.3,8,0.0,0,118.8,1,0,0.0,0,23,21,21.0,23.0,2.88
Brett Spaulding,138214,TE,ILL STATE,6,21.0,0,0.0,,0,0,0,,0,-0.59,0,188,0,,,53.5,70.1,51.1,52.9,9,0,0,17.6,3,17,0,25.0,0,76.5,13,47.1,8,39.6,1,0,0.0,0,0,0,,,0.0
Kendi Young,138033,HB,E ILLINOIS,4,1.0,0,100.0,,0,0,0,0.0,0,-0.34,0,158,0,66.7,72.0,60.0,74.6,57.9,0.0,0,0,5,12.5,2,16,0,37.5,1,87.5,14,0.0,0,87.5,1,0,0.0,0,5,4,4.0,5.0,0.36
Kyle Weber,136927,TE,TARLETON,13,14.0,0,0.0,,0,0,0,,0,0.32,0,401,0,,65.5,52.4,63.4,44.6,81.0,47,0,0,53.4,31,58,1,57.9,0,46.6,27,10.3,6,39.6,1,0,0.0,0,0,0,,,0.0
Davone Walden Jr.,133201,CB,CENT CT ST,2,27.0,0,0.0,,0,0,0,,0,-1.46,0,133,0,,,52.4,,51.9,0.0,0,0,0,0.0,0,2,3,50.0,0,100.0,2,0.0,0,39.6,1,0,0.0,0,0,0,,,0.0
Keshawn Wicks,97625,HB,FL A&M,3,4.0,0,100.0,,0,0,0,0.0,0,-0.09,0,164,0,66.7,69.9,60.2,,60.0,0.0,0,0,7,0.0,0,9,0,44.4,1,100.0,9,0.0,0,95.8,1,0,0.0,0,7,3,3.0,7.0,0.78
Cooper Shults,131724,TE,SAN DIEGO,10,14.0,0,0.0,,0,0,0,,0,-0.08,0,283,0,,,65.8,58.7,50.5,80.0,12,0,0,33.3,5,15,0,42.9,0,66.7,10,6.7,1,39.6,1,0,6.7,1,0,0,,,0.0
Carter Guillaume,192860,G,SE MO ST,13,-6.0,0,0.0,,0,0,0,,0,0.02,0,293,0,,,63.7,81.4,,0.0,0,0,0,100.0,707,707,6,43.5,0,0.0,0,0.0,0,39.6,1,0,0.0,0,0,0,,,
Javion Posey,97606,WR,JACKSON ST,3,1.0,0,0.0,,0,0,0,100.0,1,0.72,0,194,0,16.4,,47.7,,45.8,0.0,0,0,0,0.0,0,7,0,57.1,0,100.0,7,85.7,6,39.6,1,0,14.3,1,0,0,,,0.0
Javonte Kinsey,130372,TE,CAMPBELL,1,15.0,0,0.0,,0,0,0,,0,-2.94,0,131,0,,,57.6,,59.1,0.0,0,0,0,0.0,0,1,0,0.0,0,100.0,1,0.0,0,39.6,1,0,100.0,1,0,0,,,0.0
Dkhai Joseph,192899,WR,SE LA,5,12.0,0,0.0,,0,0,0,,0,-0.09,0,294,0,,63.8,54.0,,54.6,0.0,0,0,0,0.0,0,9,0,33.3,0,100.0,9,77.8,7,39.6,1,0,22.2,2,0,0,,,0.0
Darnell O'Quinn,192901,WR,SE LA,4,11.0,0,100.0,,0,0,0,0.0,0,0.06,1,294,0,66.7,9.3,45.7,,62.4,0.0,0,0,11,0.0,0,9,0,55.6,1,100.0,9,33.3,3,112.5,1,0,55.6,5,11,0,0.0,11.0,1.22
Kevin Schaeffer,129904,TE,RHODE ISLD,8,4.0,0,0.0,,0,0,0,100.0,1,0.33,0,274,0,16.4,,49.6,51.1,36.7,85.7,30,0,0,31.4,11,35,0,50.0,0,65.7,23,0.0,0,39.6,1,0,14.3,5,0,0,,,0.0
Jay Rudolph,128313,TE,SACRAMENTO,3,3.0,0,0.0,,0,0,0,,0,-0.24,0,279,0,66.7,61.0,56.0,32.5,51.8,80.0,16,0,0,25.0,5,20,0,26.3,0,70.0,14,20.0,4,39.6,1,0,0.0,0,0,0,,,0.0
Connor Witthoft,128287,TE,DELAWARE,8,5.0,0,100.0,,0,0,0,0.0,0,0.55,0,151,0,66.7,63.6,50.2,78.2,49.3,69.6,16,0,6,17.4,4,23,0,40.9,1,78.3,18,17.4,4,91.7,1,0,8.7,2,6,1,1.0,6.0,0.33
Dayton Toney,128216,WR,MONTANA,1,28.0,0,0.0,0.0,0,1,0,100.0,1,-1.12,0,232,0,16.8,,35.9,,46.0,0.0,0,0,0,0.0,0,1,0,0.0,0,100.0,1,0.0,0,39.6,1,0,100.0,1,0,0,,,0.0
Logan Fife,128176,QB,MONTANA,13,4.0,0,0.0,,0,0,0,,0,0.08,0,232,3,,56.4,78.3,62.2,44.2,0.0,0,0,0,0.3,1,323,1,45.1,0,0.9,3,0.0,0,39.6,1,0,0.3,1,0,0,,,0.0
Cortaz Williams,127560,HB,CENT CT ST,1,-2.0,0,100.0,,0,0,0,0.0,0,-0.44,0,133,0,66.7,74.0,60.2,,60.2,0.0,0,0,3,0.0,0,6,0,33.3,1,100.0,6,0.0,0,79.2,1,0,16.7,1,3,5,5.0,3.0,0.5
Daniel Richardson,97103,QB,FL A&M,12,5.0,0,0.0,,0,0,0,,0,0.16,0,164,4,,36.6,80.8,62.2,57.6,0.0,0,0,0,0.2,1,402,4,47.1,0,0.2,1,0.0,0,39.6,1,0,0.0,0,0,0,,,0.0
Carson Sudbury,192990,HB,IDAHO ST,1,35.0,0,0.0,,0,0,0,100.0,1,-0.6,0,186,0,16.4,65.5,46.7,,44.4,0.0,0,0,0,0.0,0,2,0,0.0,0,100.0,2,50.0,1,39.6,1,0,50.0,1,0,0,,,0.0
Isaiah Schmidtke,125831,HB,BRYANT,3,-5.0,0,0.0,,0,0,0,100.0,1,-0.36,0,124,0,16.4,67.4,48.0,74.6,28.8,0.0,0,0,0,28.6,2,7,0,28.6,0,71.4,5,0.0,0,39.6,1,0,0.0,0,0,0,,,0.0
Jackson Bratton,123909,LB,N ALABAMA,2,3.0,0,100.0,,0,0,0,0.0,0,-1.31,1,389,0,66.7,61.0,75.4,,78.2,50.0,1,0,15,0.0,0,2,1,50.0,1,100.0,2,0.0,0,118.8,1,0,50.0,1,15,12,12.0,15.0,7.5
Steve Brown,193028,WR,TENN TECH,5,3.0,0,100.0,,0,0,0,0.0,0,0.28,0,309,0,66.7,61.0,57.8,,56.4,0.0,0,0,7,0.0,0,9,1,44.4,1,100.0,9,77.8,7,95.8,1,0,22.2,2,7,4,4.0,7.0,0.78
D'Arious Reed,193048,WR,TENN TECH,2,43.0,0,0.0,,0,0,0,,0,-0.23,0,309,0,,,38.0,,48.5,0.0,0,0,0,0.0,0,2,1,50.0,0,100.0,2,50.0,1,39.6,1,0,50.0,1,0,0,,,0.0
Sean Brown,123871,QB,TOWSON,10,5.0,0,0.0,,0,0,0,,0,0.0,0,317,6,,29.4,72.3,,47.3,0.0,0,0,0,0.0,0,326,0,45.9,0,0.3,1,0.0,0,39.6,1,0,0.0,0,0,0,,,0.0
Major McBride,193068,HB,TXAMEA,1,21.0,0,0.0,,0,0,0,,0,-1.2,0,1139,0,,62.5,58.0,,58.6,0.0,0,0,0,0.0,0,2,0,0.0,0,100.0,2,50.0,1,39.6,1,0,0.0,0,0,0,,,0.0
Matt Krebbs,178389,WR,MARIST,1,4.0,0,0.0,,0,0,0,,0,-0.2,0,213,0,,,54.0,,54.9,0.0,0,0,0,0.0,0,9,0,33.3,0,100.0,9,0.0,0,39.6,1,0,100.0,9,0,0,,,0.0
Connor Mullins,178183,TE,STF AUSTIN,7,11.0,0,0.0,,0,0,0,,0,0.26,0,301,0,,,56.5,55.7,50.2,71.2,37,0,0,25.0,13,52,0,42.3,0,75.0,39,19.2,10,39.6,1,0,1.9,1,0,0,,,0.0
Anwar O'neal,178137,T,DELAWARE,11,-4.0,0,100.0,,0,0,0,0.0,0,0.15,0,151,0,70.1,60.9,68.2,74.4,65.1,0.5,2,0,-3,100.0,441,441,2,44.9,1,0.0,0,0.5,2,79.2,1,0,0.0,0,-3,1,1.0,-3.0,
Joshua Roberson,178118,HB,STHLSK,2,1.0,0,0.0,,0,0,0,,0,-0.31,0,1470,0,,73.2,57.5,68.1,57.4,0.0,0,0,0,16.7,1,6,0,20.0,0,66.7,4,0.0,0,39.6,1,0,0.0,0,0,0,,,0.0
Aaron Fields,178107,WR,STHLSK,2,10.0,0,0.0,,0,0,0,100.0,1,-0.41,0,1470,0,16.4,,46.6,,47.3,0.0,0,0,0,0.0,0,17,0,35.3,0,100.0,17,23.5,4,39.6,1,0,76.5,13,0,0,,,0.0
Gage Ridgel,178028,TE,NWSTATE,4,14.0,0,0.0,0.0,0,1,0,,0,-0.52,0,257,0,,64.2,47.6,69.3,47.5,94.1,16,0,0,11.8,2,17,0,29.4,0,88.2,15,0.0,0,39.6,1,0,0.0,0,0,0,,,0.0
James Tyre,177965,WR,W CAROLINA,2,10.0,0,0.0,,0,0,0,,0,0.36,0,344,0,,62.5,55.6,,56.7,0.0,0,0,0,0.0,0,4,0,25.0,0,100.0,4,100.0,4,39.6,1,0,0.0,0,0,0,,,0.0
Owen Dupree,177847,WR,W GEORGIA,3,25.0,0,0.0,,0,0,0,,0,-0.59,0,1177,0,,,54.1,,54.6,0.0,0,0,0,0.0,0,13,0,18.2,0,84.6,11,69.2,9,39.6,1,0,30.8,4,0,0,,,0.0
Jake Metze,177673,HB,DRAKE,1,-1.0,0,100.0,,0,0,0,0.0,0,-0.52,0,153,0,66.7,72.5,67.3,,60.8,0.0,0,0,9,0.0,0,4,0,66.7,1,75.0,3,25.0,1,104.2,1,0,0.0,0,9,10,10.0,9.0,3.0
Cayden Betts,178856,HB,MS VLY ST,8,-1.0,0,100.0,,0,0,0,0.0,0,0.12,1,228,0,66.7,79.5,71.0,77.6,58.4,3.6,2,0,10,53.6,30,56,0,40.4,1,44.6,25,7.1,4,108.3,1,0,0.0,0,10,11,11.0,10.0,0.4
Chris Franklin,177535,HB,TENN MARTN,3,2.0,0,100.0,,0,0,0,0.0,0,0.14,0,310,0,66.7,76.5,65.3,70.2,59.2,0.0,0,0,3,14.3,1,7,0,42.9,1,85.7,6,0.0,0,79.2,1,0,14.3,1,3,1,1.0,3.0,0.5
Waydale Jones,55452,WR,N COLORADO,3,33.0,0,0.0,0.0,0,1,0,,0,-1.08,0,253,0,,,55.7,,55.0,0.0,0,0,0,0.0,0,7,0,0.0,0,100.0,7,28.6,2,39.6,1,0,71.4,5,0,0,,,0.0
Sean Williams Jr.,177494,HB,PENN,4,5.0,0,100.0,100.0,1,1,0,0.0,0,0.25,0,267,0,66.7,74.0,58.2,44.9,55.0,0.0,0,0,5,10.3,3,29,0,44.8,1,89.7,26,6.9,2,87.5,1,0,0.0,0,5,0,0.0,5.0,0.19
Logan Reaska,177464,TE,HARVARD,3,6.0,0,0.0,,0,0,0,,0,-0.99,0,179,0,,,52.0,70.9,49.8,68.8,11,1,0,31.3,5,16,0,42.9,0,68.8,11,6.3,1,0.0,1,0,0.0,0,0,0,,,0.0
Jayden Clerveaux,177373,HB,HOLY CROSS,12,0.0,0,0.0,,0,0,0,100.0,1,0.05,0,181,0,16.8,84.8,79.1,85.2,41.5,0.0,0,0,0,37.5,48,128,3,42.6,0,60.2,77,6.3,8,39.6,1,0,0.0,0,0,0,,,0.0
Niko Alailefaleula,178990,HB,SO UTAH,8,2.0,0,100.0,,0,0,0,0.0,0,-0.16,0,298,0,66.7,67.8,66.4,80.6,62.1,0.0,0,0,8,60.0,9,15,0,26.7,1,40.0,6,0.0,0,100.0,1,0,0.0,0,8,6,6.0,8.0,1.33
Ben Evee,177289,WR,SACR HEART,4,4.0,0,0.0,,0,0,0,,0,-0.35,0,280,0,,,52.8,,52.2,0.0,0,0,0,0.0,0,21,0,30.0,0,95.2,20,0.0,0,39.6,1,0,100.0,21,0,0,,,0.0
Andrew Gustad,177213,TE,S DAK ST,2,9.0,0,0.0,,0,0,0,100.0,1,-0.77,0,292,0,16.8,,37.0,,36.6,80.0,4,0,0,0.0,0,5,0,20.0,0,100.0,5,20.0,1,39.6,1,0,0.0,0,0,0,,,0.0
Lendon Phillips Jr.,177200,HB,S DAKOTA,7,5.0,0,100.0,,0,0,0,0.0,0,0.27,0,291,0,66.7,45.2,85.2,76.6,58.9,6.3,1,0,7,25.0,4,16,0,53.3,1,75.0,12,0.0,0,95.8,1,0,0.0,0,7,2,2.0,7.0,0.58
Ian Collins,177176,WR,N IOWA,4,8.0,0,0.0,0.0,0,1,0,,0,-0.8,0,255,0,,,53.7,,53.9,0.0,0,0,0,0.0,0,13,0,15.4,0,100.0,13,0.0,0,39.6,1,0,100.0,13,0,0,,,0.0
Leonte Oulahi,177007,WR,WM & MARY,1,26.0,0,0.0,,0,0,0,,0,0.59,0,348,0,,,55.8,,56.3,0.0,0,0,0,0.0,0,7,0,57.1,0,100.0,7,0.0,0,39.6,1,0,100.0,7,0,0,,,0.0
Ryan Blagg,176944,WR,NEW HAMP,1,1.0,0,0.0,,0,0,0,,0,-0.51,0,240,0,,,57.2,,57.7,0.0,0,0,0,0.0,0,2,0,0.0,0,100.0,2,0.0,0,39.6,1,0,100.0,2,0,0,,,0.0
Franz Pohlman,176855,TE,UC DAVIS,3,3.0,0,0.0,,0,0,0,,0,-0.54,0,322,0,,,59.5,,52.9,66.7,2,0,0,0.0,0,3,0,50.0,0,66.7,2,33.3,1,39.6,1,0,0.0,0,0,0,,,0.0
Penn Stoller,179994,TE,BUTLER,2,10.0,0,100.0,,0,0,0,0.0,0,-1.34,0,127,0,66.7,63.6,74.6,,76.4,50.0,1,0,10,0.0,0,2,0,0.0,1,100.0,2,50.0,1,108.3,1,0,0.0,0,10,0,0.0,10.0,5.0
Scottre Humphrey,176767,HB,MONTANA ST,15,-2.0,0,0.0,,0,0,0,,0,0.54,0,233,0,,75.7,92.9,25.2,48.8,0.0,0,0,0,19.0,12,63,0,61.7,0,76.2,48,6.3,4,39.6,1,0,0.0,0,0,0,,,0.0
Tony Forrest Jr.,123744,G,GRAMBLING,10,-2.0,0,100.0,,0,0,1,0.0,0,0.09,0,177,0,66.7,61.0,49.9,72.5,48.7,87.5,21,0,-1,25.0,6,24,1,37.5,1,75.0,18,4.2,1,79.2,1,0,0.0,0,-1,1,1.0,-1.0,-0.06
Janí Weir,176757,WR,E WASHGTON,1,35.0,0,0.0,,0,0,0,100.0,1,-0.85,0,161,0,16.4,,35.1,,44.9,0.0,0,0,0,0.0,0,1,0,0.0,0,100.0,1,100.0,1,39.6,1,0,0.0,0,0,0,,,0.0
Eddie Schultz,176742,WR,PORTLAND,2,39.0,0,0.0,,0,0,0,,0,0.95,0,269,0,,,55.4,,54.4,0.0,0,0,0,0.0,0,6,0,66.7,0,100.0,6,0.0,0,39.6,1,0,100.0,6,0,0,,,0.0
Courtland Taylor,181204,WR,ALAB A&M,2,14.0,0,0.0,,0,0,0,,0,-0.92,0,104,0,,,55.7,,54.9,0.0,0,0,0,0.0,0,7,0,33.3,0,85.7,6,0.0,0,39.6,1,0,100.0,7,0,0,,,0.0
Justus Durant,181430,HB,CHATTNOOGA,7,-2.0,0,100.0,,0,0,0,0.0,0,-0.08,1,137,0,66.7,83.4,73.6,54.8,54.8,0.0,0,0,10,30.6,19,62,0,44.8,1,62.9,39,3.2,2,108.3,1,0,1.6,1,10,12,12.0,10.0,0.26
Tyleik Maxwell,176705,WR,E KENTUCKY,3,25.0,0,0.0,0.0,0,1,0,,0,-1.4,0,159,0,,,56.3,,54.6,0.0,0,0,0,0.0,0,10,0,25.0,0,80.0,8,0.0,0,39.6,1,0,100.0,10,0,0,,,0.0
LJ Harm,175086,P,IDAHO,1,7.0,0,100.0,,0,0,0,0.0,0,-0.72,0,185,0,66.7,64.3,50.1,,39.4,0.0,0,0,7,0.0,0,1,0,0.0,1,100.0,1,0.0,0,95.8,1,0,0.0,0,7,0,0.0,7.0,7.0
Elijah Johnson,182298,TE,SAN DIEGO,7,5.0,0,0.0,0.0,0,1,0,100.0,1,-0.44,0,283,0,16.4,,47.1,61.7,39.7,66.7,18,0,0,25.9,7,27,0,34.6,0,74.1,20,22.2,6,39.6,1,0,7.4,2,0,0,,,0.0
Ian Langi,182316,TE,BETH COOK,3,0.0,0,100.0,,0,0,0,0.0,0,-0.26,0,119,0,66.7,61.0,54.2,23.4,64.9,55.0,11,0,9,30.0,6,20,0,33.3,1,65.0,13,20.0,4,104.2,1,0,0.0,0,9,9,9.0,9.0,0.69
Tausagafou Ho Ching,174518,DI,N ARIZONA,2,4.0,0,100.0,,0,0,0,0.0,0,-1.21,1,252,0,66.7,65.7,69.3,,77.4,0.0,0,0,9,0.0,0,2,0,50.0,1,100.0,2,0.0,0,143.8,1,1,0.0,0,9,5,5.0,9.0,4.5
Jaiden Bivens,174393,HB,BETH COOK,2,5.0,0,0.0,,0,0,0,,0,0.16,0,119,0,,67.3,55.0,74.6,56.4,0.0,0,0,0,25.0,2,8,0,66.7,0,75.0,6,0.0,0,39.6,1,0,0.0,0,0,0,,,0.0
Josh Guilford,123629,WR,WM & MARY,7,4.0,0,100.0,,0,0,0,0.0,0,0.26,0,348,0,66.7,61.0,55.4,,55.0,0.0,0,0,4,0.0,0,17,0,50.0,1,94.1,16,5.9,1,83.3,1,0,94.1,16,4,0,0.0,4.0,0.25
Jordon Davis,182683,QB,TEXAS STHN,6,-16.0,0,100.0,,0,0,0,0.0,0,-0.05,0,313,1,,76.7,68.3,,54.3,0.0,0,0,-20,0.0,0,100,5,38.9,1,1.0,1,0.0,0,79.2,1,0,0.0,0,-20,-4,-4.0,-20.0,-20.0
Jordan Richburg,173961,WR,HAMPTON,3,5.0,0,0.0,,0,0,0,,0,0.47,0,178,0,,,52.7,,47.7,0.0,0,0,0,0.0,0,10,0,55.6,0,90.0,9,100.0,10,39.6,1,0,0.0,0,0,0,,,0.0
Enan Baskerville,173939,WR,HAMPTON,1,-2.0,0,100.0,,0,0,0,0.0,0,-1.84,0,178,0,66.7,61.0,60.6,,60.3,0.0,0,0,-2,0.0,0,1,0,0.0,1,100.0,1,100.0,1,79.2,1,0,0.0,0,-2,0,0.0,-2.0,-2.0
Jayden Adebo,182853,G,TEXAS STHN,10,3.0,0,100.0,,0,0,2,0.0,0,-0.24,0,313,0,70.1,60.9,61.8,83.3,65.1,0.0,0,0,-4,100.0,302,302,10,36.1,1,0.0,0,0.0,0,79.2,1,0,0.0,0,-4,-7,-7.0,-4.0,
Jackson Green,173899,WR,PRINCETON,5,-6.0,0,100.0,,0,0,0,0.0,0,-0.21,0,272,0,66.7,61.0,55.3,,54.1,0.0,0,0,1,0.0,0,15,0,38.5,1,86.7,13,26.7,4,79.2,1,0,73.3,11,1,7,7.0,1.0,0.08
Connor Bonesio,182880,TE,UC DAVIS,2,1.0,0,100.0,,0,0,0,0.0,0,0.12,0,322,0,66.7,63.6,50.5,67.3,56.2,100.0,6,0,2,16.7,1,6,0,66.7,1,83.3,5,0.0,0,79.2,1,0,0.0,0,2,1,1.0,2.0,0.4
Aidan Besselman,173891,WR,PRINCETON,2,5.0,0,100.0,,0,0,0,0.0,0,1.28,0,272,0,66.7,61.0,57.9,,57.9,0.0,0,0,5,0.0,0,4,0,75.0,1,100.0,4,0.0,0,87.5,1,0,100.0,4,5,0,0.0,5.0,1.25
