player,player_id,position,team_name,player_game_count,assists,declined_penalties,franchise_id,grades_fgep_defense,grades_fgep_kicker,grades_fgep_offense,grades_kick_return,grades_kickoff_kicker,grades_long_snap,grades_misc_st,grades_punt_return,grades_punter,grades_special_teams_penalty,missed_tackles,penalties,snap_counts_field_goal,snap_counts_field_goal_blocking,snap_counts_kickoff,snap_counts_kickoff_return,snap_counts_punt_coverage,snap_counts_punt_return,tackles
Phoenix Porter,52591,LB,E ILLINOIS,12,0,0,158,60.1,,,,,,59.2,,,70.9,1,0,0,59,8,2,5,22,0
David Afari,52809,HB,N COLORADO,5,0,0,253,,,,59.2,,,60.0,,,68.9,0,0,0,0,0,24,0,0,0
Hank Perry,53355,T,FORDHAM,12,0,0,168,,,63.6,,,,59.6,,,68.5,1,0,15,0,0,0,70,0,1
James Camden,53418,LB,MURRAY ST,7,0,0,236,59.7,,,,,,54.8,,,72.4,1,0,0,30,5,0,40,3,0
JJ Davis,53540,HB,MORGAN ST,4,0,0,235,,,,56.4,,,60.4,,,63.8,0,0,0,0,1,14,0,0,0
Jakari Patterson,53555,ED,AUSTINPEAY,12,0,0,116,59.8,,,,,,64.0,,,70.2,0,0,0,23,8,1,0,18,0
Waydale Jones,55452,WR,N COLORADO,3,0,0,253,,,,,,,60.6,,,70.3,0,0,0,0,0,23,0,0,0
Shaun Myers,62235,LB,N ALABAMA,3,0,0,389,59.8,,,,,,60.7,,,64.3,0,0,0,8,3,0,0,1,0
Diego Neri,62732,LB,W ILLINOIS,4,0,0,345,60.0,,,,,,51.6,,,68.0,1,0,0,26,1,1,12,1,0
Jordan Montgomery,64332,S,MS VLY ST,12,0,1,228,59.7,,,,,,58.7,,,29.8,0,1,0,66,21,23,6,25,1
Logan Nash,64572,CB,ROB MORRIS,10,1,0,277,60.0,,,,,,71.3,,,78.9,0,0,0,4,42,11,0,38,1
Shiloh Means,64602,S,PENN,10,0,0,267,59.7,,,,,,60.0,,,66.3,0,0,0,46,0,4,0,1,0
Nicholas Schwitzgebel,65005,G,BUTLER,12,0,0,127,,,78.7,,,,66.6,,,74.6,0,0,69,0,0,0,0,0,0
Reggie Thomas,66271,LB,LAFAYETTE,12,0,0,203,59.6,,,,,,59.7,,,72.5,1,0,0,38,21,13,41,7,2
Erich Osteen,70404,ED,MONTANA,6,0,0,232,,,,,,,61.3,,,72.9,0,0,0,0,3,28,0,4,0
Jonathan Thomas,70412,LB,INCAR WORD,8,0,0,189,60.0,,,,,,60.1,,,68.6,0,0,0,2,2,16,0,4,0
Blake Antzoulatos,70424,LB,UC DAVIS,9,2,0,322,60.0,,,59.9,,,58.7,,,29.4,0,1,0,2,28,35,33,13,1
Noah Skobis,70465,CB,MOREHEAD,12,0,0,234,59.9,,,,,,51.3,60.3,,29.7,0,2,0,2,0,56,24,13,1
Jacob Skobis,70487,S,IDAHO,1,0,0,185,,,,,,,60.6,,,63.9,0,0,0,0,2,0,0,1,0
Mister Williams,70521,LB,INCAR WORD,13,0,0,189,59.4,,,,,,61.6,,,71.9,0,0,0,46,1,0,0,5,0
Josh Leff,70557,P,GEORGETOWN,3,0,0,172,,,,,49.2,,60.0,,,68.9,0,0,0,0,6,0,0,0,0
Chase Nenad,70591,WR,YALE,4,0,0,352,,,,,,,69.3,,,91.9,0,0,0,0,0,5,0,0,0
Jonathan Greaves,70706,G,SAN DIEGO,7,0,0,283,,,60.0,,,,61.2,,,67.5,0,0,3,0,0,0,25,0,0
Sean Farfan,70749,LS,N ARIZONA,13,0,0,252,,,77.3,,,88.6,78.2,,,66.5,1,0,65,0,0,0,42,0,3
Damien Moore,70767,HB,LAMAR,11,0,0,204,,,,59.9,,,63.5,,,70.9,1,0,0,0,0,29,43,0,2
Branden Alvarez,70865,WR,PORTLAND,4,0,0,269,59.9,,60.6,60.0,,,65.7,63.2,,70.0,0,0,10,1,10,22,0,6,0
Calvin Pitcher,70877,S,IDAHO ST,4,0,0,186,60.3,,,,,,60.5,,,62.9,0,0,0,16,0,1,0,0,0
Jayden Williams,70895,CB,TEXAS STHN,9,0,0,313,59.7,,,,,,62.1,,,72.3,0,0,0,38,0,8,0,9,0
Nehemiah Magalei,70950,DI,W GEORGIA,10,0,0,1177,73.1,,,,,,80.7,,,71.2,0,0,0,40,0,0,0,6,0
Jay McEuen,70985,TE,UTAHTC,12,0,0,1285,,,72.3,,,,66.3,,,75.5,0,0,41,0,1,81,89,14,0
Quantraill Morris-Walker,71187,CB,RICHMOND,12,1,0,276,59.7,,,,,,66.2,,,72.6,1,0,0,35,26,0,33,7,4
Jackson Cloyd,71301,ED,UC DAVIS,11,0,0,322,59.6,,,,,,64.0,,,70.9,0,0,0,18,0,0,40,24,0
Thomas Mirabella,71402,G,UC DAVIS,12,0,0,322,,,76.4,,,,65.9,,,74.6,0,0,67,0,0,0,0,0,0
Jacquez Robertson,71408,HB,N COLORADO,12,0,0,253,,,,59.9,,,59.0,,,72.4,0,0,0,0,0,80,0,0,0
Syrr Barnes,71429,LB,IDAHO,13,0,0,185,60.0,,,,,,61.0,,,41.1,0,1,0,2,47,67,14,28,1
Josiah Sagale,71554,G,IDAHO ST,12,0,0,186,,,76.0,,,,64.2,,,65.1,0,0,64,0,0,0,46,0,0
Koby Sarna,71604,DI,ILL STATE,2,0,0,188,59.4,,,,,,59.5,,,62.7,0,0,0,3,0,0,0,0,0
Ty McCullouch,71780,WR,MONTANA ST,7,0,0,233,,,,,,,60.3,,,67.7,0,0,0,0,0,7,3,0,0
Jayden Evans,71792,TE,FL A&M,4,1,0,164,,,62.8,,,,66.2,,,73.4,0,0,13,0,17,16,0,17,0
Cole Bullock,72090,LB,MONTANA ST,3,0,0,233,60.2,,,,,,69.3,,,68.6,0,0,0,4,6,6,0,0,0
Josh Alford,72159,CB,IDAHO ST,12,0,0,186,59.9,,,,,,62.7,,,72.7,0,0,0,39,0,0,0,8,0
Dillon Towles-Kendle,72160,CB,PRESBYTERN,6,0,0,271,60.0,,,,,,66.8,,,73.3,0,0,0,1,0,0,0,25,0
Logan Bednar,72195,G,MONMOUTH,6,0,0,231,,,71.6,,,,64.1,,,67.3,0,0,27,0,0,0,0,0,0
Mathias Talavou,72199,G,SAN DIEGO,9,0,0,283,,,76.3,,,,65.6,,,71.3,0,0,49,0,0,0,0,0,0
Victory Vaka,72437,DI,N ARIZONA,7,0,0,252,59.4,,19.0,,,,32.3,,,71.8,0,0,37,2,0,0,0,0,0
Shamar Hawkins,72496,S,JACKSON ST,14,0,0,194,59.5,,,59.6,,,76.8,,,75.6,1,0,0,15,67,14,12,31,11
Myles Taylor,72533,CB,S DAK ST,7,0,0,292,59.8,,,,,,51.4,,,74.8,0,1,0,3,0,20,0,20,0
Nick Veloz,72813,LB,ELON,10,0,0,162,60.0,,,,,,61.5,,,63.4,0,0,0,24,0,0,0,4,0
Semaj Williams,72828,CB,ST FRANCIS,9,0,0,299,59.5,,,,,,60.3,,,64.0,0,0,0,28,0,0,0,4,0
Darian Allen,72931,CB,E KENTUCKY,1,0,0,159,,,,,,,61.5,,,67.9,0,0,0,0,4,3,0,1,0
Max Franco,72947,CB,VALPO,11,0,0,332,59.5,,,,,,63.2,60.3,,77.0,0,0,0,46,2,0,0,15,0
David Meyer,72980,LB,UC DAVIS,14,0,0,322,59.7,,,,,,61.8,,,74.3,1,0,0,53,2,7,59,14,2
Lando Brown,73191,ED,SO UTAH,9,0,0,298,59.8,,,,,,58.5,,,29.8,0,1,0,3,11,0,0,25,0
Fynn Williams,73221,S,MO STATE,1,0,0,230,,,,,,,60.0,,,62.4,0,0,0,0,1,0,0,0,0
Joseph Obeto,73245,CB,STTHOM,9,0,0,1129,60.0,,,,,,62.6,,,72.9,0,0,0,16,0,0,0,5,0
Zeke Mata,73456,K,S DAKOTA,14,0,0,291,,53.9,,,67.9,,64.3,,,79.5,0,0,3,0,90,0,0,0,1
Ty Morrison,73471,K,MONTANA,14,0,0,232,,76.4,,,,,63.5,,56.8,74.6,0,2,73,0,0,0,55,0,1
Tyreese Shakir,73488,CB,PORTLAND,11,0,0,269,59.9,,,,,,70.5,,,76.0,0,0,0,68,1,1,42,4,3
Rickie Davis Jr.,73500,CB,CHATTNOOGA,8,0,0,137,,,,,,,57.7,,,27.7,0,2,0,0,44,27,3,16,4
Richie Pinomi,73589,G,GEORGETOWN,11,0,0,172,,,72.0,,,,66.1,,,64.8,0,0,25,0,0,0,58,0,0
Trent Whalen,73609,LB,SO UTAH,7,0,0,298,60.1,,,,,,65.5,,,66.0,0,0,0,3,0,0,0,13,0
Cory Hall,73699,ED,N ARIZONA,13,0,0,252,58.7,,73.3,,,,63.3,,,69.5,0,0,46,23,0,0,37,8,0
Jalen Williams,73776,S,SACRAMENTO,12,1,0,279,60.0,,,,,,74.0,,,75.6,0,0,0,15,12,42,16,3,2
Maurice Wilmer,73825,LB,LIUSHAR,9,0,0,1298,60.0,,,,,,63.7,,,69.9,0,0,0,18,1,0,0,14,0
McKel Broussard,73850,S,E WASHGTON,9,0,0,161,59.7,,,,,,59.9,,,63.6,0,0,0,25,0,0,1,0,0
Adrian Rodriguez,73955,LB,IDAHO ST,11,0,0,186,60.3,,,,,,56.8,,,28.9,0,1,0,45,1,14,12,7,1
Devin Ford,74018,WR,WEBER ST,8,0,0,342,,,,,,,56.7,,,38.9,0,1,0,0,17,47,1,7,0
Jordan Little,74019,CB,GARD-WEBB,2,0,0,171,59.9,,,,,,57.3,,,64.4,0,0,0,1,1,1,0,0,0
Aidan Shinfeld,74287,WR,COLUMBIA,10,1,0,145,,,,59.6,,,69.0,64.9,,77.8,2,0,0,0,34,27,22,36,2
Zach Zoglio,74758,LS,MAINE,12,1,0,212,,,83.1,,,87.4,79.0,,,67.2,0,0,42,0,0,0,58,0,0
Fredrick Sturgis,75096,G,BUCKNELL,11,0,0,125,,,16.6,,,,29.6,,,73.8,0,1,57,0,0,0,0,0,0
William Barber,75271,S,ROB MORRIS,12,0,0,277,60.2,,,,,,69.9,,,80.2,0,0,0,32,55,2,57,12,3
Aneesh Vyas,75285,DI,BUCKNELL,12,0,0,125,57.7,,,,,,58.3,,,72.2,0,0,0,48,0,0,0,11,0
Brandon Lanier,75662,TE,W ILLINOIS,5,0,0,345,,,60.0,,,,61.4,,,67.4,0,0,1,0,7,17,0,1,0
Tim Lowery,75711,S,DUQUESNE,3,0,0,155,59.8,,,,,,61.3,,,67.0,0,0,0,5,5,0,2,2,0
John Clifford Jr.,76014,S,TARLETON,10,0,1,401,,,,,,,49.1,,,28.5,0,2,0,0,0,36,0,7,0
Kylyn Macklin,76089,ED,MOREHEAD,8,0,0,234,59.4,,,51.6,,,61.1,,,68.5,0,0,0,3,3,3,0,4,0
Robert Coleman,76149,QB,LAMAR,1,0,0,204,,,,,,,60.0,,,63.3,0,0,0,0,0,0,0,0,0
Jaylan Wesley,76319,CB,LNDNWD,12,0,0,949,59.7,,,,,,64.8,,,85.2,0,0,0,37,17,1,37,44,1
Isaiah Watson,76777,CB,MAINE,12,0,0,212,59.9,,,,,,64.2,,,74.0,0,0,0,28,30,0,0,10,0
Keshon Artis,77126,LB,NORFOLK,5,0,0,244,60.0,,,,,,63.6,,,68.2,0,0,0,2,7,0,3,6,0
DaeSean Winston,77142,S,ALBANY,1,0,0,106,,,,,,,62.2,,,67.8,0,0,0,0,2,0,1,3,0
Jalen Goss,77322,T,FL A&M,5,0,0,164,,,66.5,,,,63.4,,,69.5,0,0,19,0,0,0,0,0,0
O'Shaan Allison,77801,HB,AUSTINPEAY,1,0,0,116,,,,,,,60.0,,,63.3,0,0,0,0,0,0,0,0,0
Jaylen Jackson,77809,LB,MCNEESE,12,0,0,217,60.0,,,,,,71.6,,,75.6,0,0,0,18,44,12,2,25,2
Tay Lanier,78216,WR,N ARIZONA,6,0,0,252,,,,59.4,,,61.9,,,71.7,0,0,0,0,10,14,0,1,0
Chance Newman,78465,TE,NWSTATE,8,0,0,257,,,61.0,,,,57.6,,,71.6,0,0,11,0,0,64,1,0,0
Darrell Bryant Jr.,78693,S,N COLORADO,11,1,0,253,60.0,,,,,,63.5,,,76.1,0,1,0,1,15,0,10,44,1
Jay Parker,78795,WR,TENN TECH,4,0,0,309,59.3,,,57.5,,,59.6,,,63.3,0,0,0,1,0,18,0,0,0
Gregory Young II,79147,S,MORGAN ST,11,0,0,235,59.9,,,,,,60.1,,,71.8,2,0,0,33,51,0,0,13,2
Steven Shaw,79205,DI,PRVIEW A&M,12,0,0,270,58.2,,15.1,,,,47.4,,,69.4,0,0,26,25,0,0,54,13,1
Brandon Lopes,79526,LB,MS VLY ST,4,0,0,228,59.4,,,,,,60.3,,,66.3,0,0,0,12,0,1,0,2,0
Jamar Darboe,81213,LB,HAMPTON,5,0,0,178,59.9,,,,,,58.0,,,28.2,0,1,0,10,13,0,3,4,1
Ahmad McCullough,81291,LB,MORGAN ST,12,0,0,235,59.8,,,,,,63.6,,,79.5,0,1,0,33,4,54,51,7,2
Ralph Frias III,81560,G,N ARIZONA,13,0,0,252,,,75.9,,,,65.1,,,74.5,0,0,62,0,0,0,42,0,0
Nazir Sy,82478,DI,SAMFORD,2,0,0,282,58.7,,60.0,,,,51.0,,,63.6,0,0,4,5,0,0,0,0,0
Davin Cotton,82492,DI,SOUTHERN U,13,0,0,297,58.7,,,,,,60.9,,,72.5,0,0,0,28,0,0,0,12,0
Wilson Beaverstock,82626,K,SAMFORD,11,0,0,282,,30.7,,,64.0,,63.1,,,75.1,0,0,21,0,50,0,0,0,3
Kaleb Dawson,83131,S,ALAB A&M,12,0,0,104,59.6,,,,,,60.9,,,67.5,0,0,0,50,0,0,9,10,0
Xavier Lanier,83411,CB,SAMFORD,11,0,0,282,59.6,,,,,,64.3,,,82.7,0,0,0,40,34,0,8,60,1
Keilon Elder,83673,HB,GRAMBLING,12,0,0,177,,,,90.1,,,69.0,,,73.9,0,0,0,0,0,43,77,16,2
Kenyon Sims,83679,HB,SAN DIEGO,7,0,0,283,,,,60.8,,,61.7,,,66.2,0,0,0,0,10,23,0,0,0
D'angelo Durham,83752,HB,MCNEESE,9,0,0,217,,,,,,,58.8,,,71.9,0,0,0,0,5,29,48,0,0
Keith Gallmon Jr.,83890,S,AUSTINPEAY,8,0,0,116,59.7,,,,,,61.9,,,73.7,0,0,0,31,0,0,0,4,0
Da'Kendall James,84158,WR,TOWSON,6,0,0,317,,,,75.8,,,66.7,,,70.9,0,0,0,0,0,6,20,0,1
Jacolby Hewitt,84225,WR,ALAB A&M,3,0,0,104,,,,,,,59.4,63.9,,65.0,0,0,0,0,0,0,1,8,0
Cameron Gardner,84310,TE,MS VLY ST,10,0,0,228,,,63.5,59.9,,,62.0,,,71.1,0,0,12,0,0,50,0,0,0
Tienne Fridge,85688,S,E ILLINOIS,12,2,0,158,59.8,,,,,,68.6,,,80.7,0,0,0,23,47,67,31,25,4
Micah Gardner,85720,S,UTAHTC,7,0,0,1285,60.0,,,,,,58.2,,,82.4,1,0,0,16,23,54,20,9,1
Shaun Grayson,85731,TE,LAMAR,8,0,0,204,,,65.6,,,,32.1,,,25.9,0,2,16,0,1,17,0,0,0
Alec Pell,85874,TE,AUSTINPEAY,7,0,0,116,,,70.6,,,,63.6,,,62.5,0,0,32,0,0,0,0,0,0
Khalani Riddick,85902,S,SE MO ST,13,1,0,293,59.8,,,,,,63.1,79.4,,73.2,2,0,0,44,42,5,0,54,5
Ben D'Aquila,85971,P,N ARIZONA,13,0,0,252,,,67.3,,,,63.2,,79.5,70.9,0,1,65,0,0,0,42,0,0
Isaias Sierra,86098,G,N COLORADO,2,0,0,253,,,60.0,,,,61.0,,,64.7,0,0,2,0,0,0,11,0,0
Joshua Harvey,86160,S,N COLORADO,2,0,0,253,,,,,,,74.9,,,67.2,0,0,0,0,0,0,4,0,1
Jake Langdon,86374,HB,COLUMBIA,1,0,0,145,,,,,,,60.5,,,67.1,0,0,0,0,2,0,0,0,0
Xavier Harris,86420,WR,MONTANA,7,0,0,232,,,,72.5,,,57.7,,,65.4,0,0,0,0,0,27,0,0,0
Koby Gross,86477,TE,FL A&M,11,0,0,164,59.3,,72.4,,,,64.0,,,66.3,0,0,42,1,8,15,0,0,1
Samuel Scaife IV,86521,CB,LAMAR,1,0,0,204,59.9,,,,,,51.9,,,66.2,1,0,0,3,0,5,2,0,0
Noah Cronquist,86569,WR,E WASHGTON,12,0,0,161,,,,59.9,,,73.9,,,74.9,1,0,0,0,2,78,18,0,3
Aaron Fontes,86638,WR,MONTANA,5,0,0,232,,,,58.6,,,60.3,,,65.5,0,0,0,0,0,9,0,0,0
Anakin Aupiu,86929,LB,TENN STATE,6,0,0,308,59.7,,,,,,59.2,,,74.7,1,0,0,11,22,15,12,8,1
Davion Ross,87045,S,SACRAMENTO,12,0,0,279,59.9,,,,,,69.2,,,76.0,0,0,0,13,39,14,0,32,2
Cameron Lewis,87522,TE,E TENN ST,1,0,0,157,,,60.0,,,,60.8,,,67.9,0,0,5,0,0,0,3,0,0
Semaj Verner,87849,CB,UC DAVIS,13,0,0,322,59.9,,,,,,64.4,,,55.5,0,1,0,44,48,39,0,11,2
Kenneth Shaffner,87913,ED,MOREHEAD,9,0,0,234,59.4,,,,,,67.5,,,73.0,0,0,0,4,24,17,0,7,2
Keonte Huguely,87952,S,MERCYHURST,10,1,0,977,,,,,,,56.9,,,77.7,4,0,0,0,43,18,7,15,6
Darrien Sampson,88349,CB,E WASHGTON,9,0,0,161,59.9,,,,,,62.3,,,71.3,0,0,0,28,9,0,0,3,0
Will McElvain,88639,QB,CENT ARK,6,0,0,132,,,,,,,60.5,,63.0,67.5,0,0,0,0,0,0,10,0,0
Bradley Clark,88749,WR,S ILLINOIS,3,0,0,295,,,,,,,62.2,,,67.1,0,0,0,0,1,6,0,5,0
John Erby,88754,WR,DUQUESNE,11,0,0,155,,,,44.8,,,61.4,63.3,,69.9,0,0,0,0,0,15,0,54,0
Jamauri Jackson,88765,S,CAL POLY,10,1,0,129,60.0,,,,,,60.7,,,70.3,1,0,0,6,16,7,0,3,1
Iverson Brown,89147,S,S ILLINOIS,12,0,0,295,59.7,,,,,,66.5,,,75.4,0,0,0,59,1,0,0,41,0
Sebastian Conwell,90709,LB,PRESBYTERN,12,0,0,271,60.7,,,,,,53.4,,,29.6,1,1,0,28,0,36,45,0,1
Justin Toler,91167,CB,TOWSON,4,1,0,317,,,,,,,70.5,,,73.4,0,0,0,0,10,8,12,5,0
Ethan Zager,91197,S,DRAKE,12,2,1,153,59.8,,,,,,70.4,,,28.1,1,3,0,36,61,3,46,49,6
Takairee Kenebrew,91450,WR,N ALABAMA,1,0,0,389,,,,,,,60.8,,,63.5,0,0,0,0,3,0,0,0,0
Joshua Hong,91547,S,SAN DIEGO,4,0,0,283,59.8,,,,,,60.1,,,62.8,0,0,0,13,0,0,0,1,0
Jaren Mitchell,91818,WR,INCAR WORD,1,0,0,189,,,,,,,61.0,,,65.9,0,0,0,0,0,0,0,3,0
Calvin Hill,97069,HB,HOUCHR,2,0,0,183,,,,,,,59.9,,,65.3,0,0,0,0,0,4,0,0,0
Tyetus Smith-Lindsey,97072,HB,NICHOLLS,2,0,0,243,,,,,,,61.0,,,64.0,0,0,0,0,3,0,0,0,0
Mark Aitken,97088,S,E ILLINOIS,10,0,0,158,59.6,,,57.6,,,63.7,,,69.5,0,0,0,26,9,15,10,1,1
James Lowery,97092,K,TENN STATE,13,0,0,308,,61.0,,,69.8,,64.0,,57.1,76.9,0,0,64,0,63,0,18,0,1
Michael Love,97098,WR,LIUSHAR,12,0,0,1298,,,,85.6,,,60.7,54.9,,68.5,0,0,0,0,6,51,1,43,0
Micah Kelly,97099,HB,SAMFORD,5,0,0,282,,,,,,,67.2,,,76.1,0,0,0,0,3,0,0,17,0
Chandler Whitfield,97111,WR,SOUTHERN U,5,0,0,297,,,,64.9,,,60.5,66.9,,66.2,0,0,0,0,0,22,0,23,0
Randy Jordan,97138,CB,HAMPTON,12,0,0,178,59.6,,,59.9,,,70.0,,,76.9,1,0,0,30,7,27,22,27,3
Joshua Carter,97142,HB,E KENTUCKY,1,0,0,159,,,,,,,60.0,,,64.8,0,0,0,0,0,1,0,0,0
Jalen Mitchell,97173,HB,TENN TECH,4,0,0,309,60.0,,,,,,58.9,,,68.8,0,0,0,2,0,0,13,0,0
Qualan Jones,97196,HB,STF AUSTIN,5,0,0,301,,,,,,,60.4,,,70.2,0,0,0,0,0,12,1,4,0
Caleb Blake,97240,CB,BETH COOK,12,1,0,119,59.7,,,,,,74.4,,,76.8,0,0,0,29,33,0,7,36,3
Edward Saydee,97300,HB,GARD-WEBB,10,0,0,171,,,,,,,60.9,,,66.7,0,0,0,0,1,0,30,0,0
Jacob Flynn,97318,WR,STHLSK,6,0,0,1470,,,,,,,60.9,,,67.7,0,0,0,0,3,14,2,0,0
Mike Coleman,97333,CB,ALBANY,3,0,0,106,59.8,,,,,,54.6,,,72.8,1,0,0,2,13,0,14,3,0
Keevan Bailey,97347,CB,CAMPBELL,10,0,0,131,59.5,,,,,,57.0,,,75.5,1,0,0,32,7,1,11,5,0
Marquez Beason,97360,CB,TXAMEA,4,0,0,1139,,,,,,,64.6,,,68.7,0,0,0,0,3,0,0,8,1
A.J. Phillips,97378,TE,N ALABAMA,3,0,0,389,,,,,,,59.2,,,68.4,0,0,0,0,0,20,0,0,0
Terrance Gipson,97413,WR,E ILLINOIS,5,0,0,158,,,,48.3,,,60.2,,,63.5,0,0,0,0,0,27,0,0,0
Jordan Yates,97416,WR,TENN TECH,12,0,0,309,,,,,,,61.7,69.4,,68.3,0,0,0,0,0,2,0,57,0
KJ Coleman,97418,S,W ILLINOIS,12,1,1,345,60.2,,,,,,65.5,,,34.9,1,1,0,77,71,4,42,8,3
Kelvin Dean Jr.,97429,HB,FL A&M,2,0,0,164,,,,,,,60.9,,,67.9,0,0,0,0,0,5,0,3,0
Kalani Norris,97458,WR,FL A&M,2,0,0,164,,,,,,,60.9,62.2,,68.5,0,0,0,0,0,6,0,3,0
Cam Sims,97479,CB,E TENN ST,12,0,0,157,80.7,,,,,,86.0,,,73.9,0,0,0,46,2,0,0,18,0
Thomas Joe-Kamara,97527,S,ALBANY,11,0,0,106,59.8,,,,,,66.9,,,72.4,0,0,0,50,32,0,0,8,2
Kanyon Walker,97528,LB,MURRAY ST,10,0,0,236,59.7,,,,,,63.7,,,78.0,0,0,0,25,2,56,7,16,0
Kierron Smith,97574,DI,TENN STATE,13,0,0,308,57.4,,,,,,57.0,,,68.7,0,0,0,55,0,0,0,5,0
Patrick Nations,97590,K,E KENTUCKY,13,0,0,159,,75.8,,,82.2,,63.5,,,75.4,0,0,48,0,59,0,0,0,1
Trejan Bridges,97600,WR,CENT ARK,12,0,0,132,,,,,,,36.9,88.2,,28.3,0,1,0,0,0,1,9,60,0
Nate Wyatt,97634,CB,LIUSHAR,9,0,0,1298,59.8,,,,,,57.3,,,74.9,1,0,0,18,22,33,25,8,1
Mateo Sudipo,97698,S,W CAROLINA,12,1,0,344,59.7,,,59.9,,,62.9,,,69.0,1,0,0,46,25,4,4,17,1
Steve Lubischer,97708,LB,BRYANT,11,0,0,124,59.7,,,,,,68.7,,,81.4,0,0,0,19,47,43,36,27,6
Raquon Hartley,97728,LB,GARD-WEBB,11,0,0,171,60.0,,,,,,55.6,,,72.3,0,0,0,39,12,2,26,6,0
Camari Harris,97729,LB,VALPO,6,0,0,332,60.2,,,,,,63.9,,,74.5,0,0,0,13,5,0,0,11,0
Kyle Kelly,97740,LB,E KENTUCKY,3,0,0,159,60.1,,,,,,62.2,,,66.2,0,0,0,11,0,0,0,5,0
Kyler Laing,97746,ED,MERCYHURST,3,0,0,977,59.4,,,,,,59.7,,,64.8,0,0,0,7,0,0,0,0,0
Khatib Lyles,97803,WR,AUSTINPEAY,9,0,0,116,,,,,,,56.9,,,29.0,0,2,0,0,0,37,15,8,1
Jayce Medlock,97820,TE,PRVIEW A&M,11,0,0,270,,,,59.4,,,58.3,,,72.0,0,0,0,0,0,64,0,0,0
Fabian McCray,97862,WR,JACKSON ST,2,0,0,194,,,,,,,63.4,,,67.8,0,0,0,0,3,6,0,0,0
Tavier Williams,97894,S,MO STATE,8,0,0,230,60.6,,,,,,57.1,,,76.2,0,0,0,16,2,38,0,18,0
Jaylon Sharpe,97906,LB,TENN MARTN,14,0,0,310,59.9,,,61.8,,,63.7,,,67.0,0,0,0,44,0,2,0,16,0
Darius Gooden,97913,CB,HAMPTON,11,0,0,178,60.1,,,,,,67.7,,,77.0,0,0,0,34,1,18,10,25,1
Allen Smith,97921,ED,FL A&M,12,0,0,164,58.8,,,,,,59.3,,,69.8,1,0,0,37,23,0,0,5,2
Allen Walker,97947,ED,JACKSON ST,13,0,0,194,59.1,,,59.9,,,53.9,,,28.4,0,2,0,15,27,2,12,49,1
Malachi Burby,97978,DI,RHODE ISLD,11,0,0,274,59.6,,,,,,60.3,,,66.1,0,0,0,33,0,0,0,1,0
Clifton McDowell,98003,QB,MCNEESE,1,0,0,217,,,,,,,60.0,,,63.3,0,1,0,0,0,0,0,0,0
Zach Calzada,98006,QB,INCAR WORD,3,0,0,189,,,,,,,60.0,,63.2,65.2,0,0,0,0,0,0,3,0,0
Xavier Graham,98041,G,W CAROLINA,8,0,0,344,,,76.8,,,,65.2,,,64.3,0,0,48,0,0,0,1,0,0
Elijah Wroten,98069,DI,ILL STATE,13,0,0,188,,,78.0,,,,66.3,,,74.0,0,0,63,0,0,0,0,0,0
Hunter Jones,98076,G,CAL POLY,1,0,0,129,,,60.0,,,,61.1,,,65.7,0,0,3,0,0,0,0,0,0
Austin Mosier,98081,G,ALBANY,8,0,0,106,,,72.0,,,,64.4,,,70.1,0,0,30,0,0,0,0,0,0
Evan Henry,98085,G,JACKSON ST,5,0,0,194,,,68.5,,,,63.5,,,67.4,0,0,23,0,0,0,0,0,0
Wayne Dennis Jr.,98108,TE,HOWARD,1,0,0,184,,,,,,,60.0,,,66.1,0,0,0,0,0,7,0,0,0
Isaiah Abdullah,98127,LB,TENN MARTN,2,0,0,310,,,,,,,60.2,,,64.6,0,0,0,0,0,5,0,0,0
Thomas Brunner,98129,ED,W ILLINOIS,11,0,0,345,59.5,,,,,,60.3,,,67.9,0,0,0,39,0,0,0,1,0
Karter Johnson,98133,TE,FL A&M,8,1,0,164,,,67.9,59.9,,,60.0,,,29.8,1,1,22,0,0,24,29,0,0
Jacoby Sharpe,98158,DI,HAMPTON,7,0,0,178,58.5,,,,,,59.6,,,66.9,0,0,0,11,0,0,0,4,0
Calvin Wiggins,98218,WR,HOUCHR,7,0,0,183,,,,61.8,,,62.4,,,71.3,0,0,0,0,1,11,2,17,0
Jermaine Donaldson,98260,T,CAMPBELL,10,0,0,131,,,71.6,,,,64.0,,,64.7,0,0,38,0,0,0,1,0,0
Cooper Heisey,98295,TE,MAINE,3,0,0,212,,,,,,,60.2,,,66.5,0,0,0,0,1,4,2,0,0
Dorian Wesley,98338,DI,ALAB A&M,12,0,0,104,58.2,,,,,,59.9,,,69.7,0,0,0,40,0,0,37,8,0
Donato Crisanti,98354,LS,RHODE ISLD,14,1,0,274,,,75.1,,,79.5,67.9,,,67.4,0,0,58,0,0,0,61,0,0
Cornelious Brown IV,98356,QB,ALAB A&M,1,0,0,104,,,,,,,60.0,,60.0,63.3,0,0,0,0,0,0,1,0,0
Donnell Wilson,98382,T,TENN TECH,12,0,0,309,,,74.8,,,,64.8,,,65.5,0,0,56,0,0,0,0,0,0
Stevie Ballard,98393,T,NWSTATE,9,0,0,257,,,70.0,,,,63.3,,,73.1,0,0,27,0,0,0,1,0,0
John Olmstead,98409,T,MAINE,10,0,0,212,,,72.2,,,,64.7,,,74.2,0,0,37,0,0,0,0,0,0
Colby Warkentin,98437,DI,SACRAMENTO,9,0,0,279,58.7,,,,,,59.3,,,67.8,0,0,0,32,0,0,0,2,0
Izaiah Henderson,98456,DI,MAINE,12,0,0,212,57.1,,,,,,56.6,,,69.4,0,0,0,55,0,0,0,5,0
Cameron Vaughn,98467,T,BETH COOK,3,0,0,119,,,19.0,,,,27.3,,,63.8,0,0,13,0,0,0,0,0,0
Jayme Motley-Simmons,98490,T,N ALABAMA,10,0,0,389,,,70.9,,,,64.3,,,73.1,0,0,31,0,0,0,0,0,0
Jonah Brewster,98514,G,HOUCHR,8,0,0,183,,,74.1,,,,65.5,,,74.5,0,0,47,0,0,0,0,0,0
Dallaz Corbitt,98549,ED,BETH COOK,12,0,0,119,58.5,,,,,,59.9,,,71.4,0,0,0,39,0,0,0,7,0
Damarius Good,98554,HB,LIUSHAR,4,0,0,1298,,,,59.9,,,61.2,,,69.1,0,0,0,0,6,16,0,0,0
Kariem Al Soufi,98698,G,TARLETON,14,0,0,401,,,79.7,,,,66.2,,,64.5,0,0,70,0,0,0,0,0,0
Jack Brady,98808,P,CAMPBELL,12,0,1,131,,,66.2,,,,63.3,,57.5,72.5,0,1,48,0,0,0,50,0,0
Mykel Tubbs,98822,WR,W GEORGIA,6,0,1,1177,,,,,,,54.7,,,29.1,0,1,0,0,5,0,0,38,0
Stacy Brown,98892,S,PRVIEW A&M,11,0,0,270,59.9,,,,,,57.8,,,29.2,1,2,0,9,52,57,25,32,5
Aidan Harrison,98894,LB,W ILLINOIS,7,0,0,345,59.9,,,,,,59.4,,,79.0,1,0,0,5,28,52,19,9,1
Kameron Brown,99007,LB,CHATTNOOGA,10,0,0,137,59.9,,,,,,54.2,,,69.4,1,0,0,14,21,36,7,10,0
Chris Akporoghene,99050,G,FL A&M,2,0,0,164,,,60.0,,,,61.6,,,63.0,0,0,8,0,0,0,0,0,0
Brevyn Jones,99098,T,W GEORGIA,8,0,0,1177,,,71.8,,,,64.0,,,65.3,0,0,42,0,0,0,0,0,0
Jake Pope,99114,T,ILL STATE,13,0,0,188,,,76.1,,,,65.9,,,76.3,0,0,63,0,0,0,0,0,0
Kinkead Dent,99132,QB,TENN MARTN,14,0,0,310,,,67.9,,,,62.4,,,61.3,0,0,76,0,0,0,0,0,0
KeShawn Toney,99179,TE,SCAR STATE,7,0,0,290,,,63.2,,,,61.7,,,68.1,0,0,12,0,0,6,18,0,0
Jackson Lowe,99180,TE,INCAR WORD,7,0,0,189,,,70.4,,,,71.3,,,64.5,0,0,32,0,0,0,6,0,1
Nik Ognenovic,99194,T,ROB MORRIS,3,0,0,277,,,60.0,,,,61.3,,,64.9,0,0,6,0,0,0,13,0,0
Jacardia Wright,99250,HB,MO STATE,3,0,0,230,,,,61.8,,,60.0,,,65.2,0,0,0,0,0,3,0,0,0
Xavier Player,99260,CB,TEXAS STHN,11,0,0,313,59.9,,,,,,64.3,,,37.1,0,1,0,13,29,0,31,3,2
Blake Peterson,99313,ED,S DAK ST,1,0,0,292,,,,,,,62.0,,,69.1,0,0,0,0,0,0,0,5,0
Myron Warren,99320,DI,INCAR WORD,10,0,0,189,58.1,,,,,,59.0,,,75.3,0,0,0,19,0,0,0,2,0
Marcus Hicks,99331,T,S DAK ST,11,0,0,292,,,73.7,,,,64.8,,,69.0,0,0,48,0,0,0,0,0,0
Tre'Jon Lewis,99334,DI,E ILLINOIS,12,0,0,158,80.6,,60.0,,,,90.2,,,70.6,0,0,1,53,0,0,0,16,0
Na'Drian Dizadare,99379,LB,TENN MARTN,8,0,0,310,59.6,,,,,,67.7,,,68.6,0,0,0,1,25,19,0,3,0
Aric Horne,99389,LB,FL A&M,10,0,0,164,60.0,,,,,,61.1,,,66.4,0,0,0,42,0,0,0,2,0
Marcus Alexander,99432,G,AUSTINPEAY,11,0,0,116,,,77.6,,,,65.5,,,64.4,0,0,53,0,0,0,0,0,0
Chris Herron,99472,WR,PRVIEW A&M,2,0,0,270,,,,60.0,,,60.4,,,67.0,0,0,0,0,0,3,0,0,0
Logan Compton,99526,TE,INCAR WORD,5,0,0,189,,,,,,,55.4,,,66.9,0,0,0,0,0,13,3,0,0
Freddie Brown,99534,WR,TARLETON,2,0,0,401,,,,,,,62.2,,,68.3,0,0,0,0,0,6,0,4,0
Trey Cleveland,99570,WR,ABILENE CH,4,0,0,100,,,,,,,59.6,,,67.4,0,0,0,0,0,1,4,0,0
Gavin Thomson,99598,WR,ST FRANCIS,5,0,0,299,59.9,,,66.5,,,60.8,60.3,,62.9,0,0,0,1,0,2,0,3,0
J'Wan Evans,99628,HB,N ARIZONA,11,0,0,252,,,,58.7,,,60.0,,,64.0,0,0,0,0,0,42,0,0,0
Jalen Frazier,99739,S,W GEORGIA,6,0,0,1177,59.8,,,,,,66.4,,,69.1,0,0,0,10,20,0,0,1,1
Dune Smith,99746,LB,INCAR WORD,12,0,0,189,59.9,,,,,,70.3,,,77.2,0,0,0,31,37,0,44,9,4
Raymond Woodie III,99762,S,BETH COOK,11,0,0,119,59.6,,,,,,60.3,60.0,,64.7,0,0,0,47,0,1,0,3,0
Cornelius Evans,99797,LB,E KENTUCKY,6,0,0,159,,,,59.9,,,71.7,,,66.5,0,0,0,0,14,3,0,1,3
Chayce Chalmers,99817,S,STNY BROOK,12,2,0,303,58.8,,,,,,72.9,,,80.8,0,0,0,38,70,33,62,24,3
Tru Thompson,99831,DI,JACKSON ST,12,0,0,194,58.0,,,,,,58.7,,,69.6,0,0,0,33,0,0,0,10,0
Cooper Dawson,99846,TE,CHARLES SO,4,0,0,135,,,64.9,,,,62.5,,,63.5,0,0,15,0,0,0,0,0,0
Curtis Fann Jr.,99850,ED,W CAROLINA,12,0,0,344,58.7,,70.5,,,,62.0,,,69.1,0,0,34,44,0,0,1,12,0
Jared Campbell,99878,P,W ILLINOIS,12,0,0,345,,,50.4,,,,58.8,,54.7,71.0,0,2,64,0,0,0,43,0,0
Jordan Daniels,100260,G,W CAROLINA,7,0,0,344,,,69.5,,,,63.7,,,67.4,0,0,28,0,0,0,0,0,0
Corry Thomas Jr.,100283,CB,IDAHO,12,0,0,185,59.8,,,,,,67.9,,,78.8,2,0,0,27,29,2,22,31,2
Michael Newman,100329,LB,W ILLINOIS,5,0,0,345,59.7,,,,,,61.8,,,68.2,0,0,0,19,6,0,1,4,0
Charles Brown Jr.,100332,LB,DELWARE ST,11,0,0,152,59.7,,,,,,63.8,,,77.0,0,0,0,41,3,70,62,9,2
Julian Richardson,100336,ED,W GEORGIA,11,1,0,1177,59.1,,,,,,65.7,,,74.7,0,0,0,39,0,0,44,8,0
Kyle Romenick,100363,P,DUQUESNE,10,0,0,155,,,,,,,49.2,,52.2,29.1,0,1,0,0,0,0,46,0,0
Jackson Foster,100368,P,TENN STATE,6,0,0,308,,,60.0,,,,61.7,,64.5,70.3,0,0,3,0,0,0,17,0,0
K.J. Trujillo,100380,CB,IDAHO,13,0,0,185,60.0,,,58.7,,,58.0,,,75.5,0,0,0,28,18,28,3,20,1
Jamal McMurrin,100387,CB,PORTLAND,10,0,0,269,59.5,,,,,,61.9,,,73.0,0,0,0,43,0,1,2,12,0
LaCarea Pleasant-Johnson,100394,CB,SO UTAH,12,0,0,298,60.1,,,,,,63.3,,,71.4,0,0,0,53,17,1,0,16,0
Kaleb Tuliau,100405,CB,AUSTINPEAY,12,0,0,116,60.0,,,,,,64.2,60.0,,77.6,0,0,0,1,7,55,0,23,0
Jake Siegal,100426,DI,ILL STATE,11,0,0,188,57.8,,,,,,49.8,,,28.3,0,1,0,37,0,0,0,8,0
Stephon Wright,100437,ED,TEXAS STHN,8,0,0,313,59.7,,60.0,,,,61.3,,,68.0,0,0,4,22,0,0,0,2,0
Parker Jacobs,100442,ED,ROB MORRIS,10,0,0,277,59.9,,71.7,,,,64.3,,,73.5,0,0,35,28,0,0,0,9,0
Ruperake Fuavai,100486,ED,HOUCHR,11,1,0,183,59.6,,,,,,64.3,,,87.8,1,0,0,44,0,31,34,0,1
Adam Cohen,100498,LB,E WASHGTON,12,0,0,161,59.8,,,,,,64.2,,,70.1,0,0,0,38,0,0,33,5,1
Hayden Harris,100502,ED,MONTANA,12,0,0,232,58.0,,,,,,58.3,,,69.4,0,0,0,49,0,0,0,4,0
Orin Patu,100560,ED,BETH COOK,12,0,0,119,59.1,,69.0,59.9,,,63.0,,,73.8,0,0,26,38,0,34,0,16,0
Chase Artopoeus,100577,QB,CHATTNOOGA,1,0,0,137,,,,,,,60.0,,60.0,64.0,0,0,0,0,0,0,1,0,0
Cross Patton,100588,HB,BETH COOK,9,0,0,119,,,,,,,65.9,,,70.0,0,0,0,0,0,55,0,2,0
Jouvensly Bazil,100591,HB,BETH COOK,8,0,0,119,,,,,,,62.4,,,71.2,0,0,0,0,8,18,4,6,1
Christian Grubb,100596,HB,PORTLAND,10,0,0,269,,,,60.2,,,60.2,,,66.6,0,0,0,0,0,76,0,4,0
Mike Martinez,100628,TE,IDAHO,14,0,0,185,,,76.1,59.9,,,68.6,,,68.6,0,0,65,0,7,22,0,0,0
JR Waters,100642,WR,GRAMBLING,12,0,0,177,,,,,,,54.4,,,28.9,1,3,0,0,0,4,61,0,2
Orlandus McLaurin,100686,CB,ALCORN ST,12,0,0,107,59.5,,,60.0,,,60.6,,,66.3,0,0,0,43,1,2,0,5,0
Juju Williams,100694,ED,NC CENT,4,0,0,247,59.0,,,,,,59.4,,,66.5,0,0,0,10,0,0,0,4,0
Jalen Rudolph,100719,DI,GRAMBLING,10,0,0,177,58.1,,,,,,58.6,,,68.9,0,0,0,19,0,0,0,6,0
Scott Payne,100726,K,N ALABAMA,11,0,0,389,,57.7,,,43.8,,61.5,,,68.4,0,0,40,0,8,0,0,0,0
Cameron Cooper,100805,G,LNDNWD,12,0,0,949,,,74.1,,,,64.5,,,65.9,0,0,56,0,0,0,0,0,0
Glover Cook III,100831,HB,TENN MARTN,11,0,0,310,,,,,,,64.2,,,70.1,0,0,0,0,55,0,0,4,0
Reggie Ellis,100916,CB,MCNEESE,10,0,0,217,60.0,,,,,,65.4,,,71.6,2,0,0,3,39,0,15,3,3
Jayden Curry,100926,S,MAINE,10,0,0,212,59.8,,,,,,69.0,,,75.0,0,0,0,16,40,1,0,26,1
Thomas Nance,100938,TE,BETH COOK,12,0,0,119,,,74.0,38.9,,,70.0,,,76.6,0,0,46,0,5,60,1,1,0
Kam'ron Green,100954,ED,N ALABAMA,12,0,0,389,60.0,,,,,,61.7,,,66.5,0,0,0,14,0,0,0,4,0
Tama Tuitele,100993,TE,N COLORADO,9,0,0,253,,,74.1,,,91.8,73.8,,45.7,73.2,2,0,17,0,0,56,60,0,2
Marcelo Mendiola,101017,G,S ILLINOIS,11,0,0,295,,,75.4,,,,64.8,,,63.9,0,0,40,0,0,0,0,0,0
Jaymason Willingham,101223,LB,PORTLAND,1,0,0,269,60.0,,,,,,60.0,,,62.9,0,0,0,1,0,0,0,0,0
Courtney Reese,101297,HB,BETH COOK,10,0,0,119,,,,65.2,,,59.3,,,68.1,0,0,0,0,0,53,0,0,0
Kyron White,101307,S,ABILENE CH,4,0,0,100,,,,,,,61.5,,,76.0,0,1,0,0,25,4,0,26,0
Jeremiah Pruitte,101338,TE,FL A&M,12,0,0,164,,,70.9,,,,64.0,,,48.6,1,1,33,0,35,14,46,22,4
Sawyer Merrill,101346,WR,SACRAMENTO,11,1,0,279,,,,,,,61.0,60.3,,41.0,5,3,0,0,58,54,44,26,6
Matt Guggemos,101391,S,STTHOM,12,0,0,1129,60.2,,,59.9,,,85.0,,,79.0,0,0,0,32,46,8,0,43,0
Dontay Hunter II,101414,ED,PRVIEW A&M,6,0,1,270,59.0,,,,,,41.6,,,26.8,0,1,0,9,0,0,0,6,0
Mosai Newsom,101444,DI,S DAKOTA,13,0,0,291,57.8,,,,,,60.2,,,70.3,0,0,0,28,0,0,0,17,0
Joseph Appiah Darkwa,101454,DI,CAMPBELL,3,0,0,131,59.1,,,,,,59.2,,,63.7,0,0,0,5,0,0,0,0,0
Garrett Hustedt,101467,LB,MONTANA,7,0,0,232,59.6,,,,,,60.6,,,65.1,0,0,0,11,0,5,0,2,0
Cortez Andrews,101493,LB,ALAB A&M,10,0,0,104,59.8,,,,,,62.9,,,76.9,0,0,0,54,0,0,0,6,0
Mahdi Hazime,101542,G,HOUCHR,10,0,0,183,,,76.9,,,,65.3,,,64.7,0,0,49,0,0,0,0,0,0
Dalton Daddona,101553,G,HOLY CROSS,3,0,0,181,,,14.5,,,,28.0,,,68.9,0,0,12,0,0,0,0,0,0
JJ Guedet,101563,T,ILL STATE,13,0,0,188,,,74.4,,,,64.6,,,66.0,0,0,58,0,0,0,0,0,0
Noah Fenske,101593,T,S ILLINOIS,3,0,0,295,,,61.0,,,,61.9,,,68.8,0,0,7,0,0,0,0,0,0
Dave Monnot III,101597,T,CHATTNOOGA,12,0,0,137,,,75.6,,,,64.9,,,66.1,0,0,61,0,0,0,1,0,0
Julius Davis,101649,HB,MONTANA ST,2,0,0,233,,,,,,,61.6,,,68.3,0,0,0,0,0,0,0,8,0
Anthony Williams Jr.,101651,WR,ALCORN ST,3,0,0,107,,,,59.0,,,60.1,,,64.3,0,0,0,0,0,7,0,0,0
Malik Jackson,101675,TE,TOWSON,12,0,0,317,,,74.7,,,,63.1,,,67.7,0,0,54,0,0,31,0,0,0
John Dunmore,101705,WR,TOWSON,12,0,0,317,,,,54.0,,,61.0,74.1,,67.1,0,0,0,0,0,23,0,45,0
Desmond Hutson,101738,WR,N IOWA,12,0,0,255,,,,59.9,,,62.8,,,75.7,0,0,0,0,1,58,42,0,1
Mohamed Bakayoko,101780,ED,ALAB A&M,9,1,0,104,59.7,,,,,,80.0,,,78.3,1,0,0,15,25,28,16,19,2
Zach West,101802,ED,E TENN ST,11,1,0,157,59.8,,,,,,60.1,,,28.6,0,2,0,33,0,8,40,58,3
Erek Campbell,101806,LB,MS VLY ST,12,0,0,228,59.5,,,,,,52.5,,,35.3,1,2,0,63,10,57,11,18,1
Jaylen Stanford,101861,S,PRVIEW A&M,10,0,0,270,60.1,,,,,,67.4,,,72.7,0,0,0,17,15,0,0,22,1
Rylan Ortt,101877,S,MONTANA ST,16,0,0,233,59.6,,,59.9,,,67.0,,,33.0,0,1,0,32,2,8,0,83,0
Jordan Johnson,101881,S,MORGAN ST,1,0,0,235,60.0,,,,,,61.0,,,66.1,0,0,0,2,0,0,1,2,0
Hosea Robinson,101885,LB,MORGAN ST,3,0,0,235,,,,,,,52.2,,,27.8,0,1,0,0,10,1,0,5,0
Marquez Casey,101892,DI,AUSTINPEAY,11,0,0,116,58.5,,,,,,61.9,,,71.7,0,0,0,32,4,2,0,22,0
Jimmie Jenkins,101904,G,ALABAMA ST,5,0,0,105,,,71.5,,,,64.2,,,68.8,0,0,31,0,0,0,0,0,0
Rushawn Lawrence,101911,DI,STNY BROOK,12,0,0,303,74.3,,,,,,83.9,,,74.1,0,0,0,34,0,0,0,22,0
Athen Smith,101924,DI,JACKSON ST,1,0,0,194,59.6,,,,,,60.4,,,64.8,0,0,0,3,0,0,0,1,0
Jacob Newsom,101951,DI,E WASHGTON,3,0,0,161,58.5,,,,,,58.2,,,63.8,0,0,0,7,0,0,0,0,0
Brock Harrison,101952,ED,E WASHGTON,12,0,0,161,58.4,,,,,,59.9,,,68.0,0,0,0,38,0,0,36,7,0
Pat Hayden,101999,DI,MONTANA,11,0,0,232,57.7,,,,,,57.7,,,68.9,0,0,0,46,0,0,0,3,0
Daviyon Johnson,102002,DI,SOUTHERN U,3,0,0,297,,,,,,,62.1,,,69.0,0,0,0,0,0,0,0,5,0
Marcus Wehr,102004,G,MONTANA ST,2,0,0,233,,,66.4,,,,62.9,,,66.7,0,0,12,0,0,0,0,0,0
Blake Schmidt,102005,DI,MONTANA ST,3,0,0,233,58.8,,,,,,59.0,,,65.2,0,0,0,8,0,0,0,2,0
Darrius Outlaw,102006,DI,HAMPTON,5,0,0,178,58.8,,,,,,60.2,,,67.4,0,0,0,7,0,0,0,4,0
Justin Ritter,102043,K,TOWSON,12,0,0,317,,,66.6,,59.3,,62.3,,,65.0,1,0,54,0,10,0,0,0,1
Ethan Quarshie,102081,ED,CAMPBELL,10,0,0,131,59.1,,,,,,62.4,,,75.3,0,0,0,29,5,44,0,0,1
Di'Andre Davis,102094,LB,E TENN ST,12,2,0,157,,,,,,,65.1,,,79.4,2,0,0,0,61,51,46,3,2
Isaiah Bishop,102149,ED,SACR HEART,10,0,0,280,59.3,,,,,,63.0,,,70.0,0,0,0,20,12,0,0,9,0
Ryan Moran,102150,LB,MONMOUTH,12,1,0,231,59.7,,,,,,66.8,,,70.8,0,0,0,46,9,0,19,10,0
Ian Hover,102232,G,MERCER,1,0,0,219,,,60.0,,,,60.0,,,61.6,0,0,1,0,0,0,0,0,0
Luke Dahlgren,102250,G,E WASHGTON,8,0,0,161,,,75.4,,,,64.9,,,64.1,0,0,40,0,0,0,0,0,0
Matthew Hewa Baddege,102256,T,E WASHGTON,6,0,0,161,,,68.3,,,,63.4,,,68.3,0,0,23,0,0,0,0,0,0
Gabriel Thompson,102264,G,E TENN ST,1,0,0,157,,,,,,,60.0,,,64.5,0,0,0,0,0,0,2,0,0
Jayden Borjas,102298,G,INCAR WORD,4,0,0,189,,,60.0,,,,59.1,,,64.2,0,0,9,0,0,0,2,0,0
Jack Sherman,102302,DI,INDIANA ST,11,0,0,191,57.5,,,,,,58.6,,,72.3,0,0,0,48,0,0,72,0,0
Ed Gatling,102308,C,MONMOUTH,7,0,0,231,,,76.1,,,,58.8,,,28.1,0,1,44,0,0,0,0,0,0
Tevarrius Adams,102341,WR,ALCORN ST,11,0,0,107,,,,69.4,,,58.3,61.1,,69.3,0,0,0,0,0,66,0,7,0
Christian Lewis,102387,CB,AUSTINPEAY,12,0,0,116,59.8,,,,,,65.2,,,76.4,0,0,0,3,8,4,0,48,0
Corey Russell,102413,HB,SOUTHERN U,10,0,0,297,,,,62.6,,,58.9,,,64.6,0,0,0,0,0,43,0,0,0
Marquese Albert,102421,HB,NICHOLLS,5,0,0,243,,,,59.0,,,61.6,,,64.4,0,0,0,0,6,18,0,0,0
Nigel White,102425,CB,ILL STATE,14,1,0,188,59.4,,,,,,70.3,,,81.9,0,0,0,20,75,0,58,40,4
Chance Trentman-Rosas,102432,TE,INCAR WORD,14,2,0,189,,,67.9,55.5,,,85.9,,,80.2,1,0,76,0,79,73,57,64,6
Jaharie Martin,102441,HB,MAINE,9,0,0,212,,,,,,,63.2,,,29.4,0,1,0,0,2,4,39,0,3
Braden Price,102463,CB,RHODE ISLD,14,0,0,274,60.6,,,,,,70.4,,,75.8,0,0,0,38,0,0,42,3,2
Jordan White,102466,S,HAMPTON,10,0,0,178,59.7,,,,,,60.4,,,65.8,0,0,0,30,0,0,0,3,0
Ricky Harleston,102467,S,NORFOLK,12,0,0,244,59.8,,,,,,66.6,,,73.3,0,0,0,34,48,10,0,15,1
Ryan Lonergan,102509,TE,MONTANA ST,16,0,0,233,,,79.3,,,,65.2,,,65.5,0,0,104,0,0,3,45,0,0
Jostein Clarke,102516,WR,BETH COOK,2,0,0,119,,,60.0,,,,61.1,,,60.5,0,0,5,0,0,0,0,0,0
Brandon Jimenez,102525,WR,VALPO,6,0,0,332,,,60.0,,,,64.3,,,72.9,0,0,1,0,12,9,7,9,1
Dervon Pesnell,102561,WR,CITADEL,10,0,0,139,,,,,,,60.7,,,69.5,0,0,0,0,1,44,0,3,0
Jack Coulson,102593,WR,VALPO,9,0,0,332,,,,,,,56.7,,,75.4,0,0,0,0,14,46,36,6,0
Branden Walker,102598,WR,HOUCHR,2,0,0,183,,,,,,,60.0,60.9,,63.6,0,0,0,0,0,0,0,4,0
Kyrin Beachem,102604,S,IDAHO,12,0,0,185,59.6,,,,,,63.5,,,71.9,0,0,0,18,23,1,10,20,0
Alex Moore,102610,TE,IDAHO,14,0,0,185,,,76.1,67.3,,,63.7,,,71.1,0,0,65,0,0,47,0,0,0
Jalen Carr,102613,WR,ILL STATE,13,3,0,188,,,,59.3,,,70.7,,,74.6,1,0,0,0,65,64,12,12,2
Luke Smith,102705,C,E TENN ST,1,0,0,157,,,,,,,60.0,,,64.5,0,0,0,0,0,0,2,0,0
Grant Laws,102839,DI,BUCKNELL,1,0,0,125,59.7,,,,,,60.0,,,61.8,0,0,0,1,0,0,0,0,0
Jermaine Johnson,102949,WR,DUQUESNE,6,0,0,155,,,,51.7,,,59.1,,,63.3,0,0,0,0,0,22,0,0,0
Delvin Attafah,102950,WR,CENT CT ST,4,0,0,133,,,,,,,62.8,,,68.4,0,0,0,0,5,0,0,9,0
Semaj Bolin,103549,WR,VALPO,1,0,0,332,,,,,,,60.0,,,67.0,0,0,0,0,3,0,4,0,0
Travis West,103551,CB,PORTLAND,11,1,0,269,59.5,,,59.4,,,69.3,,,76.5,0,0,0,12,64,7,25,17,3
Jacob Sharp,103564,WR,WEBER ST,3,0,0,342,,,,59.9,,,64.9,,,63.2,0,0,0,0,3,2,0,0,1
Bruce Harmon Jr.,103569,CB,STF AUSTIN,9,0,1,301,60.0,,,,,,50.6,,,28.3,0,1,0,23,0,0,0,20,0
Edwin Dearman,103591,S,SAMFORD,11,0,0,282,59.9,,,,,,65.5,,,67.0,0,0,0,46,14,0,5,2,0
Emmanuel Gomes,103595,S,RHODE ISLD,14,0,0,274,59.6,,,,,,66.0,,,71.9,0,0,0,45,43,2,0,0,1
Seun Filaoye,103602,S,RHODE ISLD,14,0,0,274,60.4,,,,,,66.6,,,48.6,0,1,0,18,47,2,57,2,2
Dee'Shari Keith,103613,S,MS VLY ST,11,1,0,228,60.3,,,,,,69.5,,,70.2,0,0,0,35,12,3,1,3,2
Emmonte Davis,103619,CB,INCAR WORD,14,0,0,189,59.8,,,61.2,,,68.5,,,83.9,2,0,0,2,71,52,54,61,8
Kevin Brenner,103653,TE,S DAK ST,12,0,0,292,,,75.5,,,,58.5,,,30.0,1,1,62,0,8,25,30,5,0
Zac Wilson,103654,ED,S DAK ST,6,0,0,292,59.4,,,,,,59.9,,,64.4,0,0,0,9,0,0,0,1,0
Ryan Capasso,103669,DI,N COLORADO,10,0,0,253,58.5,,64.6,,,,59.9,,,66.6,0,0,17,25,0,0,0,2,0
Elijah Reames,103673,LS,NICHOLLS,12,0,0,243,,,61.6,,,54.9,42.7,,,67.8,3,0,5,0,0,0,73,0,2
Kennedy Freeman,103681,ED,PORTLAND,11,0,0,269,59.3,,,,,,60.9,,,66.9,0,0,0,12,0,0,47,0,0
Zeke Birch,103693,DI,WEBER ST,12,0,0,342,57.8,,,,,,57.9,,,68.2,0,0,0,33,0,0,0,5,0
Jarod DePriest,103718,DI,S DAK ST,14,0,0,292,58.2,,,,,,58.4,,,67.6,0,0,0,31,0,0,0,4,0
Chris Campos,103741,K,STF AUSTIN,12,0,0,301,,88.9,,,,,61.6,,,67.7,0,0,74,0,0,0,0,0,0
Sage Beuchert-Irvine,103757,ED,NORFOLK,12,0,0,244,58.8,,73.3,59.9,,,62.9,,,74.9,0,0,42,28,0,15,0,4,0
David Hoage,103759,ED,N COLORADO,9,0,0,253,59.0,,,,,,60.6,,,67.8,0,0,0,24,0,0,0,7,0
Cole Brockwell,103781,LB,RHODE ISLD,14,0,0,274,59.1,,,,,,61.7,,,71.4,0,0,0,47,7,41,0,3,1
Matt Barnett,103782,LB,LNDNWD,5,0,0,949,60.2,,,,,,62.6,,,72.6,0,0,0,8,9,9,16,10,0
Adam Bock,103784,LB,S DAK ST,14,0,0,292,60.2,,,,,,61.7,,,68.9,0,0,0,39,0,2,0,3,0
Graham Spalding,103786,LB,S DAK ST,14,0,0,292,59.9,,,,,,46.2,,,27.2,0,1,0,24,3,2,0,3,0
Jamar Shegog,103825,LB,ROB MORRIS,12,0,0,277,59.6,,,,,,62.3,,,69.4,0,0,0,40,0,7,0,12,0
Jermaine Brown,103828,LB,STF AUSTIN,10,0,0,301,59.9,,,,,,67.3,,,71.2,0,0,0,21,6,0,0,9,1
Jared Penning,103855,T,N IOWA,12,0,0,255,,,75.1,,,,65.4,,,72.7,0,0,43,0,0,0,0,0,0
Tristan Roper,103856,T,N IOWA,5,0,0,255,,,61.8,,,,62.1,,,65.5,0,0,10,0,0,0,0,0,0
Richard Estrella,103858,T,PORTLAND,1,0,0,269,,,60.0,,,,60.0,,,63.4,0,0,1,0,0,0,0,0,0
Jordan Riendeau,103861,TE,RHODE ISLD,14,0,0,274,,,75.2,59.6,,,66.4,,,70.0,0,0,58,0,0,62,31,0,1
Evan Beerntsen,103865,G,S DAK ST,9,0,0,292,,,77.0,,,,64.5,,,65.1,0,0,50,0,0,0,2,0,0
Ethan Vibert,103867,G,S DAK ST,11,0,0,292,,,77.6,,,,65.2,,,72.5,0,0,60,0,0,0,2,0,0
Caleb Lee-Collins,103921,S,GRAMBLING,11,0,0,177,60.1,,,,,,62.8,,,74.9,0,0,0,27,13,14,5,14,0
Justin Fomby,103928,QB,NC A&T,1,0,0,246,,,,,,,60.0,,,23.1,0,1,0,0,0,0,0,0,0
Tommy Smith,103936,TE,RHODE ISLD,14,1,0,274,,,,59.0,,,72.8,,,66.9,0,1,0,0,64,64,62,68,5
Trent Tompkins,103944,WR,UC DAVIS,3,0,0,322,,,,,,,60.2,,,63.3,0,0,0,0,0,1,0,2,0
Kevin Johnson,103968,WR,HAMPTON,4,0,0,178,,,,59.4,,,59.7,,,70.5,0,0,0,0,3,5,8,0,0
Gabe Sloat,103980,HB,RHODE ISLD,14,0,0,274,,,,61.8,,,62.8,53.2,,81.7,0,0,0,0,2,56,2,72,0
Talmage Brown,103985,HB,SO UTAH,6,0,0,298,,,66.8,,,,61.0,,,68.5,0,0,19,0,0,0,19,2,0
Dawson Fenton,104031,LB,N IOWA,2,0,0,255,,,,,,,62.1,,,65.7,0,0,0,0,7,0,0,0,0
Elias Spence,104032,TE,PORTLAND,11,0,0,269,,,74.8,,,,72.4,,,82.0,0,1,51,0,58,58,1,18,6
Evan Bearden,104039,DI,UC DAVIS,13,0,0,322,58.8,,,,,,68.7,,,70.4,0,0,0,36,0,0,0,12,0
Brady Roark,104051,TE,RHODE ISLD,14,0,0,274,,,74.8,,,,69.9,,,64.7,0,0,57,0,0,0,62,0,1
Ty Arrington,104060,WR,DUQUESNE,11,1,0,155,59.9,,,,,,72.9,,,52.5,0,1,0,1,10,35,23,36,3
Chaz Davis,104092,WR,UC DAVIS,13,0,0,322,,,,,,,64.0,,,76.5,0,0,0,0,2,14,26,29,0
Jaedon Joyner,104237,CB,WM & MARY,9,0,0,348,59.6,,,,,,52.6,,,73.2,2,0,0,21,0,2,9,12,0
Latrelle Smith-Leaks,104238,CB,WM & MARY,2,0,0,348,59.9,,,,,,59.9,,,61.3,0,0,0,6,0,0,0,0,0
Trayson Fowler,104245,S,CHARLES SO,12,0,0,135,,,,,,,77.5,,,79.6,0,0,0,0,35,0,65,16,6
Matt Ross,104250,WR,INDIANA ST,3,0,0,191,60.0,,,,,,52.5,,,73.8,1,0,0,1,6,13,11,8,0
Jaden Woods,104256,S,E TENN ST,11,0,0,157,60.3,,,,,,63.4,,,65.5,0,0,0,43,0,0,0,13,0
Jackson Barletta,104260,LB,FORDHAM,11,1,0,168,59.9,,,,,,57.3,,,75.1,2,0,0,46,12,2,44,11,0
Robert McDaniel,104268,S,JACKSON ST,14,0,0,194,59.7,,,,,,62.6,,,67.2,0,0,0,33,1,1,0,12,0
Markeyvrick Eddie,104270,CB,NICHOLLS,10,1,0,243,59.9,,,,,,64.5,,,77.3,0,0,0,9,42,0,26,26,1
Robby Riobe,104282,S,MAINE,10,0,0,212,60.4,,,,,,63.1,,,66.0,0,0,0,27,1,0,0,7,0
Edwin Summerour,104294,CB,ALCORN ST,12,0,0,107,59.5,,,,,,64.7,,,29.2,1,1,0,33,27,2,6,6,6
Aaron Harris,104296,CB,NC A&T,12,0,0,246,59.5,,,66.9,,,61.0,65.4,,72.7,0,0,0,49,3,36,4,15,0
Janaz Sumpter,104298,CB,NC A&T,12,0,0,246,90.3,,,,,,90.1,,,73.4,0,0,0,25,4,4,0,19,0
Gavin Davis-Smith,104313,S,SACRAMENTO,8,0,0,279,59.8,,,,,,62.6,,,67.4,0,0,0,32,13,0,0,7,0
Jordan Jackson,104327,S,STNY BROOK,11,0,0,303,59.6,,,,,,58.8,,,31.8,1,1,0,32,42,1,14,7,2
Fondren Hollis III,104331,CB,TENN STATE,6,0,0,308,60.0,,,,,,62.0,,,68.6,0,0,0,3,0,0,0,10,0
Dorian Davis,104347,S,AUSTINPEAY,9,0,0,116,59.9,,,,,,64.0,,,76.9,0,0,0,27,0,28,6,21,0
Micah Nelson,104348,ED,W CAROLINA,10,0,0,344,59.1,,,,,,61.0,,,68.2,0,0,0,30,0,0,0,10,0
Earenest Grayson III,104367,ED,MCNEESE,12,0,0,217,59.0,,,,,,59.7,,,70.0,1,0,0,14,0,0,55,13,1
Ja'Courtney Snipes,104378,DI,CHARLES SO,12,0,0,135,57.5,,,,,,57.6,,,69.0,0,0,0,56,0,0,0,6,0
Joel Parker,104398,ED,MONMOUTH,7,0,0,231,59.3,,,,,,60.1,,,65.9,0,0,0,17,0,0,0,2,0
Jacob Tuiasosopo,104400,ED,MAINE,12,0,0,212,59.0,,,,,,65.6,,,70.4,0,0,0,58,0,2,55,4,2
CJ Barnes,104410,DI,MURRAY ST,11,0,0,236,58.7,,,,,,59.0,,,68.1,0,0,0,56,0,0,0,1,0
Melik Ward,104411,DI,NC A&T,9,0,0,246,58.5,,,,,,61.2,,,71.5,0,0,0,18,0,60,0,1,0
Brandon Knott,104427,DI,SACRAMENTO,5,0,0,279,58.7,,,,,,59.2,,,65.4,0,0,0,14,0,0,0,2,0
Nick Gaes,104432,ED,S DAKOTA,11,0,0,291,59.5,,,,,,60.0,,,66.8,0,0,0,31,0,0,0,0,0
Blake Holden,104434,DI,S DAKOTA,12,0,0,291,58.0,,,,,,60.6,,,70.1,0,0,0,24,0,0,0,16,0
Niko Papic,104436,T,STNY BROOK,12,0,0,303,,,75.3,,,,64.8,,,66.1,0,0,64,0,0,0,0,0,0
Darrius Bell,104446,ED,CHARLES SO,4,0,0,135,59.9,,,,,,63.8,,,67.0,0,0,0,2,0,0,0,8,0
Tyler Larco,104488,P,MCNEESE,12,0,0,217,,67.1,,,78.5,,63.4,,,75.2,1,0,49,0,57,0,0,0,0
Christiaan Masucci,104494,K,W ILLINOIS,1,0,0,345,,,,,58.3,,60.0,,,66.0,0,0,0,0,2,0,0,0,0
Joel Barrows,104510,ED,E ILLINOIS,9,0,0,158,58.8,,,,,,50.9,,,28.5,0,1,0,38,0,1,0,14,0
Anthony Shockey,104512,LB,E ILLINOIS,12,0,0,158,59.9,,,,,,63.3,,,66.2,0,0,0,62,1,1,0,20,0
Xavier Nurse,104531,ED,SAMFORD,7,0,0,282,59.4,,,,,,60.3,,,66.3,0,0,0,13,0,0,0,2,0
Xavier Marshall,104561,LB,HAMPTON,4,0,0,178,60.0,,,,,,67.6,,,67.1,0,0,0,17,0,0,16,5,1
Clarens Legagneur,104576,S,STNY BROOK,12,1,0,303,59.9,,,,,,73.0,,,82.3,1,0,0,21,49,1,33,28,3
Tevin Shipp,104582,LB,TENN MARTN,14,0,0,310,59.7,,,,,,66.3,,,80.3,1,0,0,36,1,0,24,60,1
Chris Hunter Jr.,104585,LB,TENN MARTN,14,0,0,310,59.9,,,,,,54.3,,,75.7,3,0,0,31,12,2,39,30,1
Chester Geffrard,104588,ED,PRVIEW A&M,8,0,0,270,59.3,,,,,,68.0,,,71.6,0,0,0,6,3,0,0,16,1
Drew Babcock,104593,LB,WM & MARY,3,0,0,348,,,,,,,34.5,,,26.6,0,1,0,0,0,0,0,10,0
Jake Maggio,104603,LS,SCAR STATE,2,0,0,290,,,60.0,,,0.0,29.0,,,62.1,0,0,2,0,0,0,1,0,0
Sam Katz,104610,LS,NC CENT,1,0,0,247,,,,,,,60.0,,,63.3,0,0,0,0,0,0,0,0,0
Payton Collins,104632,T,E KENTUCKY,1,0,0,159,,,60.0,,,,60.8,,,66.5,0,0,3,0,0,0,0,0,0
Ryan Joyce,104638,G,FORDHAM,12,0,0,168,,,73.2,,,,64.8,,,71.6,0,0,33,0,0,0,0,0,0
Antwann Fann,104647,G,CAMPBELL,3,0,0,131,,,61.9,,,,61.9,,,63.1,0,0,6,0,0,0,0,0,0
Max Lovblad,104656,T,MAINE,9,0,0,212,,,69.6,,,,63.5,,,64.9,0,0,32,0,0,0,0,0,0
Cesar Minarro,104668,C,NC A&T,3,0,0,246,,,60.0,,,,61.1,,,63.1,0,0,3,0,0,0,0,0,0
Cade Salyers,104689,G,RICHMOND,13,0,0,276,,,75.9,,,,65.0,,,66.3,0,0,69,0,0,0,0,0,0
Billy Lutui,104694,G,PORTLAND,3,0,0,269,,,64.2,,,,62.6,,,68.4,0,0,9,0,0,0,0,0,0
Joey Lombard,104700,C,S DAKOTA,5,0,0,291,,,69.9,,,,63.8,,,69.7,0,0,21,0,0,0,0,0,0
Chandon Page,104710,DI,TENN STATE,7,0,0,308,59.3,,62.0,,,,61.0,,,65.3,0,0,13,22,3,0,0,0,0
Abdou Toure,104750,T,S ILLINOIS,1,0,0,295,,,60.0,,,,60.0,,,62.1,0,0,2,0,0,0,0,0,0
Jake Green,104751,G,S ILLINOIS,9,0,0,295,,,71.8,,,,64.4,,,71.1,0,0,27,0,0,0,0,0,0
Malik Richardson,104793,ED,SCAR STATE,4,0,0,290,59.7,,,,,,75.8,,,68.1,0,0,0,1,5,0,0,3,1
Hollis Mathis,104797,WR,WM & MARY,2,0,0,348,,,,,,,60.0,,,62.9,0,0,0,0,0,2,0,0,0
Iaan Cousin,104816,WR,SAMFORD,6,1,0,282,,,,59.1,,,79.3,,,71.5,0,0,0,0,0,5,24,0,2
Travis Theis,104837,HB,S DAKOTA,6,0,0,291,,,,61.8,,,69.4,,,68.2,0,0,0,0,0,16,0,0,0
Jadon Turner,104840,HB,CENT CT ST,13,0,0,133,,,,67.1,,,44.1,,,69.6,0,0,0,0,30,58,0,4,0
Rush Lansdell,104871,LB,N ALABAMA,12,1,0,389,59.7,,,,,,66.6,,,77.8,0,0,0,22,44,12,36,8,1
Bronson Yoder,104872,HB,WM & MARY,6,0,0,348,,,,59.0,,,59.8,,,64.2,0,0,0,0,0,21,0,0,0
Marcus Barnes,104873,S,WM & MARY,12,0,1,348,60.0,,,,,,48.7,,,28.2,0,1,0,41,0,2,0,12,0
Anthony Manaves,104877,TE,E ILLINOIS,6,0,0,158,,,65.1,,,,62.2,,,80.3,0,0,15,0,0,36,12,0,0
Jeff Ciccio,104880,TE,FORDHAM,8,0,0,168,,,67.7,,,,63.3,,,66.3,0,0,23,0,1,0,0,0,0
Marcus Velez,104901,TE,BETH COOK,10,0,0,119,,,72.5,59.2,,,65.9,,,70.1,0,0,43,0,0,57,0,0,0
Cal Redman,104904,TE,STNY BROOK,12,0,0,303,,,67.7,63.5,,,60.7,,,71.6,0,0,23,0,1,58,62,0,0
Geordan Livingston,104913,CB,CHARLES SO,12,0,0,135,,,,,,,62.3,,,78.0,0,0,0,0,0,70,42,14,1
Trevon Brown,104925,WR,BUTLER,2,0,0,127,,,,,,,61.7,,,66.6,0,0,0,0,1,0,0,3,0
Garrett Cody,104932,WR,FORDHAM,3,0,0,168,,,,,,,64.2,,,69.8,0,0,0,0,0,0,3,14,0
Jamie Lamson,104947,WR,MAINE,4,0,0,212,,,,,,,63.0,,,71.8,0,0,0,0,10,1,10,11,0
Michael Monios,104948,WR,MAINE,2,0,0,212,,,,,,,68.6,62.0,,91.4,0,0,0,0,1,1,0,6,0
Mason Pierce,104954,WR,INCAR WORD,14,0,0,189,,,,56.9,,,60.0,66.5,,66.4,0,0,0,0,0,73,2,20,0
Taylor Shields,104957,WR,GARD-WEBB,8,0,0,171,,,,,,,62.9,60.3,,76.7,0,0,0,0,2,49,0,8,0
Elijah Downing,104959,WR,MURRAY ST,2,0,0,236,,,,,,,58.9,,,70.4,0,0,0,0,0,11,0,0,0
Shawn Charles,104965,WR,ROB MORRIS,8,0,1,277,,,,,,,50.7,,,28.5,0,1,0,0,0,7,0,34,0
Khristopher Simmons,104976,WR,GRAMBLING,10,0,0,177,,,,,,,74.2,,,46.8,1,1,0,0,0,5,62,11,4
Marqui Johnson,104982,WR,MONTANA ST,4,0,0,233,,,,56.9,,,62.3,,,67.8,0,0,0,0,9,13,2,3,0
Carter Bell,104995,WR,S DAKOTA,13,0,0,291,,,,,,,61.8,86.0,,68.9,0,0,0,0,0,2,0,69,0
Shawn Harris Jr.,105004,WR,RHODE ISLD,5,0,0,274,,,,59.6,,,59.3,67.0,,66.0,0,0,0,0,0,4,1,23,0
RJ Lamarre,105005,WR,STNY BROOK,11,0,0,303,,,,,,,70.0,,,78.7,0,0,0,0,2,40,0,28,0
Dayron Johnson,105006,WR,TENN STATE,6,0,0,308,,,,57.9,,,60.2,45.0,,65.1,0,0,0,0,0,27,0,13,0
Jaheim Mullen,105017,S,STF AUSTIN,12,0,0,301,59.9,,,,,,73.9,,,74.8,0,0,0,25,29,5,33,15,2
Kahlil Overton,105023,TE,LIUSHAR,2,0,0,1298,,,,,,,58.8,,,67.7,0,0,0,0,0,6,10,0,0
Trevin Gradney,105052,CB,MONTANA,13,0,0,232,59.5,,,,,,64.1,,,81.6,0,0,0,59,0,5,0,7,0
Miles Richardson,105069,S,GARD-WEBB,12,0,0,171,81.0,,,,,,82.1,,,68.2,0,0,0,54,7,0,21,3,0
Jeremiah Wynn,105081,S,MORGAN ST,3,0,0,235,60.0,,,,,,69.4,,,72.0,0,0,0,1,6,4,6,5,2
Kendall Bohler,105105,CB,FL A&M,12,0,0,164,59.4,,,,,,61.9,,,74.6,0,1,0,58,0,0,0,10,0
Ty Leonard,105110,S,SE MO ST,13,0,0,293,60.1,,,,,,49.5,,,75.8,1,0,0,43,2,0,10,32,0
Jonathan Collins Jr.,105114,CB,NEW HAMP,13,1,1,240,59.4,,,,,,56.0,,,46.4,4,1,0,26,59,0,46,46,4
Anthony Wynn,105120,S,CENT CT ST,3,0,0,133,,,,,,,61.2,,,70.6,0,0,0,0,0,13,0,0,0
Jelen Lee,105123,CB,W GEORGIA,11,0,1,1177,90.2,,,,,,85.7,,,29.0,0,1,0,37,19,0,0,7,3
Caleb Mead,105125,CB,NEW HAMP,13,0,0,240,59.8,,,68.0,,,61.1,,,68.5,0,0,0,14,4,63,0,5,0
Noah Stansbury,105136,CB,NEW HAMP,13,0,1,240,59.7,,,,,,61.7,,,29.7,0,1,0,32,56,0,0,18,2
Jalen Williams,105173,ED,MO STATE,12,0,0,230,59.4,,76.3,,,,64.1,,,68.5,0,0,66,48,0,0,0,9,0
Daniel Bettis,105198,TE,SAMFORD,11,0,0,282,,,73.6,59.9,,,63.7,,,77.9,0,0,47,0,0,58,70,0,1
Charles Lincoln,105208,G,CAL POLY,6,0,0,129,,,45.3,,,,54.1,,,64.8,0,0,15,0,0,0,1,0,0
Ernie Smith,105220,ED,TOWSON,12,0,0,317,58.4,,74.5,,,,61.6,,,70.8,0,0,54,57,0,0,0,5,0
Dan Toatley,105224,DI,CENT CT ST,13,0,0,133,58.1,,74.9,,,,55.2,,,29.1,0,1,56,37,0,7,4,16,0
Marvion Field,105225,DI,E KENTUCKY,10,0,0,159,58.3,,,,,,58.5,,,66.3,0,0,0,17,0,0,0,3,0
Marlon Taylor,105234,DI,CHATTNOOGA,12,0,0,137,57.9,,,,,,59.7,,,70.2,0,0,0,37,0,0,0,14,0
Nick Jackson,105244,DI,SAMFORD,10,0,0,282,57.8,,,,,,57.6,,,66.6,0,0,0,20,0,0,0,2,0
Chris Hill,105248,DI,MERCER,12,0,0,219,58.2,,,,,,60.1,,,69.9,0,0,0,22,0,0,68,3,0
Akie Nance,105260,DI,HAMPTON,11,0,0,178,58.0,,,,,,59.0,,,68.8,0,0,0,34,0,0,0,10,0
Jevale Roberson,105262,G,LAMAR,11,0,0,204,,,74.4,,,,64.9,,,69.1,0,0,37,0,0,0,0,0,0
Caleb Williams,105263,DI,LAMAR,11,0,0,204,57.7,,,,,,48.9,,,28.2,0,1,0,34,0,0,0,2,0
Jared Pedraza,105277,LB,SE MO ST,11,0,0,293,60.0,,,,,,54.0,,,50.3,2,1,0,17,73,36,21,5,3
Sean Lehane,105296,K,NEW HAMP,13,0,0,240,,,,,,,63.6,,65.1,75.6,0,4,0,0,0,0,60,0,1
Aidan Cadogan,105298,P,MAINE,12,0,0,212,,,65.7,,60.0,,54.3,,59.6,72.6,1,2,42,0,1,0,48,0,0
Scotty Roblow,105300,P,NWSTATE,9,1,0,257,,,61.3,,66.2,,62.8,,56.0,73.2,1,0,12,0,19,0,20,0,0
Eric Bernstein,105304,K,WM & MARY,12,0,0,348,,58.8,,,,,61.4,,,67.2,0,0,56,0,0,0,0,0,0
Cole Grossman,105310,TE,MONTANA,2,0,0,232,,,,,,,59.5,,,66.7,0,0,0,0,0,1,4,0,0
Ken Standley,105336,LB,MERCER,14,1,0,219,59.9,,,,,,65.8,,,78.7,1,0,0,34,31,4,78,10,4
Darrius Harry,105351,ED,SOUTHERN U,12,0,0,297,60.3,,,,,,65.7,,,77.0,0,0,0,53,0,0,7,30,0
Ryan Tirrell,105353,LB,MONTANA,13,0,0,232,59.8,,,,,,61.7,,,70.3,0,0,0,62,0,5,0,7,0
Thomas Neville,105356,ED,SAMFORD,7,1,0,282,59.5,,,,,,66.4,,,66.7,0,0,0,11,15,0,0,0,1
Ryan Toscano,105370,LB,NEW HAMP,13,0,0,240,60.1,,,,,,64.5,,,75.6,0,0,0,45,2,0,60,15,1
Zedane Williams,105389,S,NEW HAMP,12,0,0,240,59.8,,,,,,64.5,,,41.7,0,1,0,37,33,0,0,29,2
Judaea Moon,105392,LB,CAL POLY,11,0,0,129,60.0,,,,,,63.1,,,72.1,0,0,0,36,0,7,38,7,1
Damion Powell,105433,T,STNY BROOK,2,0,0,303,,,64.0,,,,62.6,,,70.1,0,0,11,0,0,0,0,0,0
Dillon Botner,105438,T,MONTANA,14,0,0,232,,,77.4,,,,65.4,,,64.9,0,0,75,0,0,0,0,0,0
Payson Campisano,105462,G,CAL POLY,7,0,0,129,,,67.1,,,,62.2,,,65.2,0,0,23,0,0,0,1,0,0
Jordin Martell,105463,T,CENT CT ST,8,0,0,133,,,72.3,,,,65.0,,,73.8,0,0,38,0,0,0,0,0,0
Dylan Poirier,105466,C,NEW HAMP,11,0,0,240,,,73.9,,,,65.2,,,74.8,0,0,47,0,0,0,0,0,0
Jordan Cooper,105469,T,RHODE ISLD,6,0,0,274,,,64.1,,,,62.5,,,63.7,0,0,15,0,0,0,0,0,0
Brock Bethea,105484,T,RHODE ISLD,13,0,0,274,,,74.4,,,,63.5,,,66.6,0,0,53,0,0,0,2,0,0
Bradly Anyanwu,105496,G,DELAWARE,11,0,0,151,,,75.8,,,,65.6,,,73.0,0,0,47,0,0,0,0,0,0
Jayden Anderson,105535,ED,CENT CT ST,13,2,1,133,59.3,,72.1,,,,66.4,,,51.1,1,1,40,31,54,10,60,16,4
Keandre Booker,105538,ED,TENN STATE,13,0,0,308,59.0,,,,,,62.4,,,70.3,0,0,0,30,2,0,0,20,0
Grant Burkett,105544,P,MO STATE,12,0,1,230,,,67.4,,,,63.3,,64.0,71.4,0,1,66,0,0,0,47,0,0
Jordan Davis,105570,TE,WOFFORD,9,0,0,350,,,67.5,,,,62.8,,,64.5,0,0,21,0,0,2,1,0,0
Lance Jackson,105590,HB,CHATTNOOGA,8,0,0,137,,,,,,,71.9,,,78.7,0,0,0,0,7,22,33,21,2
Quincy Watson,105592,HB,DELAWARE,10,0,0,151,,,,,,,63.9,,,77.9,0,0,0,0,0,46,18,7,0
Isaac Seide,105610,HB,NEW HAMP,3,0,0,240,,,,,,,67.4,,,69.5,0,0,0,0,1,15,11,0,1
Irv Mulligan,105619,HB,JACKSON ST,1,0,0,194,,,,,,,61.0,,,66.8,0,0,0,0,4,0,0,0,0
Ryder Meyer,105638,S,MONTANA,11,0,0,232,59.8,,61.0,,,,61.3,,,65.7,0,0,11,40,0,3,0,3,0
Cole Escoto,105647,S,CENT CT ST,13,0,0,133,,,87.2,,,53.7,40.8,,,29.8,4,1,56,0,0,0,70,0,3
Mark Biggins,105649,HB,CAMPBELL,4,0,0,131,,,,,,,61.0,,,72.1,0,0,0,0,2,13,0,1,0
Levaughn Lewis,105655,TE,DELAWARE,3,0,0,151,59.6,,60.0,,,,63.2,,,65.7,0,0,5,1,0,0,0,6,0
Brockman Wallace II,105657,ED,TOWSON,9,0,0,317,59.5,,,,,,53.2,,,71.0,0,0,0,3,0,0,34,1,0
Thomas Wyatt,105661,LB,CITADEL,12,0,0,139,59.6,,,,,,60.9,,,66.5,0,0,0,45,1,1,0,5,0
Jay Gibson,105669,TE,CHATTNOOGA,6,0,0,137,,,68.7,,,,71.0,,,63.6,0,0,25,0,0,0,8,1,1
Mateo Vandamia,105686,LB,NEW HAMP,5,0,0,240,60.2,,,,,,55.5,,,68.8,0,0,0,10,3,15,0,6,0
Chandler Brayboy,105721,WR,ELON,10,0,0,162,,,,90.7,,,62.5,,,66.6,0,0,0,0,7,42,0,0,1
Ken Savanah,105798,LB,LAMAR,12,0,0,204,59.8,,,,,,68.2,,,73.2,0,0,0,38,56,16,5,4,3
Zamir Wallace,105836,CB,SACR HEART,2,0,0,280,59.8,,,,,,62.2,,,66.9,0,0,0,3,0,0,0,4,0
Terron Mallory,105846,CB,NORFOLK,12,0,0,244,59.9,,,,,,67.5,,,77.7,0,0,0,42,7,37,0,16,0
Sammy Fort,105949,S,N IOWA,2,0,0,255,60.2,,,,,,62.5,,,68.2,0,0,0,14,2,0,0,4,0
Jayson Coley,105950,S,MURRAY ST,12,0,0,236,59.5,,,,,,67.3,,,43.3,1,1,0,33,44,81,1,34,2
Luke Herzog,105954,ED,STTHOM,12,0,0,1129,59.6,,,,,,62.6,,,73.2,0,0,0,45,0,10,0,21,0
Esaias Guthrie,105959,S,JACKSON ST,14,0,0,194,60.1,,,,,,62.9,60.0,,65.2,0,0,0,34,1,0,0,12,0
Rudy Silvera,105967,CB,STNY BROOK,12,0,0,303,59.9,,,,,,55.1,,,37.3,1,1,0,46,60,1,7,37,2
Aaron Tutino,105976,WR,ST FRANCIS,11,0,0,299,,,,,,,61.6,41.9,,68.4,0,0,0,0,0,1,0,65,0
Isas Waxter,105977,CB,VILLANOVA,11,0,0,334,59.7,,,,,,61.0,,,75.8,1,0,0,36,38,0,0,15,1
Seth Verilus,105992,LB,ROB MORRIS,8,0,0,277,59.7,,,,,,60.9,,,70.1,0,0,0,25,0,0,21,9,0
Archie Russ III,106013,CB,YALE,4,0,0,352,,,,,,,61.7,,,70.0,0,0,0,0,3,2,1,8,0
Wande Owens,106015,S,NEW HAMP,13,1,0,240,59.7,,,,,,70.4,,,75.1,0,0,0,50,20,1,40,16,4
Jermaine Baker,106018,LB,MAINE,11,1,0,212,86.9,,,,,,70.9,,,27.8,0,2,0,40,4,31,0,13,1
Michael Oppong,106021,CB,FL A&M,6,0,0,164,60.2,,,,,,56.4,,,73.1,1,0,0,9,18,5,6,9,0
Trevor Sterry,106197,WR,MARIST,3,0,0,213,,,,,,,62.3,,,72.7,0,0,0,0,0,21,0,3,0
Will Mostaert,106258,DI,N DAK ST,9,0,0,250,58.9,,,,,,59.6,,,66.2,0,0,0,13,0,0,0,2,0
Terrence Lane II,106265,ED,HAMPTON,10,0,0,178,58.6,,,,,,59.9,,,69.7,0,0,0,25,0,0,9,16,0
Rayshad Wallace,106280,ED,MAINE,2,0,0,212,59.7,,,,,,60.3,,,63.8,0,0,0,1,0,0,0,1,0
Tyreke Brown,106326,ED,SACR HEART,9,1,0,280,59.1,,,,,,63.5,,,29.2,0,1,0,25,1,0,41,21,1
Nicholas Lenon,106367,ED,MERRIMACK,11,0,0,385,57.1,,73.1,,,,59.1,,,65.9,0,0,46,36,0,0,0,3,0
Cole Birdow,106368,T,MERRIMACK,10,0,0,385,,,76.3,,,,65.1,,,64.0,0,0,45,0,0,0,0,0,0
Chandon Pierre,106380,DI,VILLANOVA,1,0,0,334,,,,,,,60.0,,,67.2,0,0,0,0,0,0,0,1,0
Elijah Beach,106384,DI,N DAKOTA,12,0,0,249,58.0,,,,,,58.4,,,70.3,0,0,0,55,0,0,0,4,0
Jalen Bell,106404,DI,TENN STATE,1,0,0,308,,,,,,,60.0,,,64.7,0,0,0,0,0,0,0,1,0
Dwayne Majors,106406,DI,ST FRANCIS,6,0,0,299,58.4,,,,,,58.5,,,66.8,0,0,0,28,0,0,0,1,0
Gavin Thomas,106408,DI,ST FRANCIS,8,0,0,299,59.8,,71.8,,,,64.8,,,71.4,0,0,27,1,0,0,0,4,0
Jalen Howard,106409,ED,CENT CT ST,13,0,0,133,59.2,,,,,,61.8,,,70.4,0,0,0,32,0,0,0,15,0
CJ Pressley,106410,ED,PRVIEW A&M,12,0,0,270,58.8,,74.4,,,,63.4,,,71.3,0,0,52,30,0,0,70,14,0
Jaylin Rainey,106425,DI,SAMFORD,8,0,0,282,58.7,,,,,,58.9,,,65.4,0,0,0,11,0,0,0,1,0
Marcus Mauney,106444,DI,NORFOLK,12,0,0,244,58.0,,60.0,,,,61.9,,,70.4,0,0,5,33,0,0,63,8,1
Collin Richardson,106454,DI,HARVARD,1,0,0,179,,,,,,,60.0,,,67.5,0,0,0,0,0,0,0,1,0
David Madzivanyika,106455,DI,CAMPBELL,8,0,0,131,58.7,,,,,,58.7,,,65.7,0,0,0,23,0,0,0,0,0
Marcus Winfield,106497,ED,ALBANY,8,0,0,106,59.6,,,,,,61.0,,,66.5,0,0,0,19,0,0,0,4,0
Quantez Mansfield,106652,DI,NC CENT,11,0,0,247,58.4,,73.6,,,,63.7,,,77.1,0,0,44,23,0,0,2,10,0
Eli Mostaert,106659,DI,N DAK ST,15,0,0,250,58.4,,,,,,50.0,,,28.3,0,1,0,28,0,2,0,12,0
Logan Hofstedt,106691,TE,N DAK ST,1,0,0,250,,,,,,,59.8,,,64.0,0,0,0,0,0,2,0,0,0
Kobe Joseph,106701,LB,CHATTNOOGA,12,0,0,137,59.8,,,,,,65.9,,,69.3,0,0,0,31,2,3,36,16,0
Caden Meis,106703,HB,N COLORADO,9,0,0,253,,,,,,,66.0,,,76.6,0,0,0,0,0,54,5,0,0
Sam Contorno,106723,K,N ALABAMA,11,0,0,389,,60.0,,,72.4,,63.3,,65.8,76.4,0,0,2,0,50,0,5,0,1
Griffin Crosa,106770,K,N DAK ST,16,0,0,250,,84.1,,,,,61.8,,,68.2,0,0,89,0,0,0,0,0,0
Luke Weerts,106810,LB,N DAK ST,9,0,0,250,59.3,,,,,,61.6,,,68.5,0,0,0,18,1,13,0,11,0
Nick Kubitz,106811,LB,N DAK ST,14,1,0,250,59.2,,,,,,81.2,,,76.9,0,0,0,23,34,0,32,15,3
Cameron Gillis,106815,K,FL A&M,12,0,0,164,,79.8,,,43.7,,51.6,,,29.7,1,1,51,0,51,0,0,0,1
Austin Chilton,108067,S,VALPO,8,0,0,332,59.8,,,,,,62.7,,,72.6,0,0,0,19,1,10,1,16,0
Andres Lehrmann,108068,ED,MONTANA,10,0,0,232,58.4,,,,,,58.7,,,67.5,0,0,0,33,0,0,0,2,0
Maurio Goings,108096,LB,DELWARE ST,11,0,0,152,59.9,,,59.1,,,72.1,,,73.9,0,0,0,34,9,34,62,6,3
Myles Talley,108114,LB,SACR HEART,11,0,0,280,60.0,,,,,,65.8,,,72.8,0,0,0,34,0,0,37,17,1
Marques White,108130,ED,MCNEESE,12,0,0,217,58.9,,,,,,62.0,,,69.3,0,0,0,33,0,0,0,18,0
Jack Pilson,108141,LB,E ILLINOIS,9,1,0,158,60.1,,,,,,64.3,,,75.5,2,0,0,4,33,18,26,17,2
Jonathan Melvin,108147,LB,CAMPBELL,5,0,0,131,60.2,,,,,,64.6,,,71.7,0,0,0,18,1,4,19,3,1
Hamilton Moore,108149,LB,LAMAR,11,1,0,204,60.1,,,,,,67.7,,,78.4,0,0,0,20,0,19,9,3,0
Jay Thompson,108297,ED,MERRIMACK,11,0,0,385,58.6,,73.1,,,,61.8,,,67.1,0,0,44,27,0,2,0,1,0
Matthew Leavelle,108400,ED,NC CENT,8,0,0,247,59.5,,67.2,,,,62.3,,,65.7,0,0,23,8,0,2,0,2,0
Brian McNamara,108419,LS,SACR HEART,11,0,1,280,,,82.2,,,70.4,60.0,,,29.5,0,2,36,0,0,0,60,0,1
A.J. Ackerman,108456,DI,DUQUESNE,10,0,0,155,58.0,,76.1,,,,55.2,,,28.7,0,1,49,25,0,2,0,6,0
Blake Feigenspan,108591,C,PRINCETON,1,0,0,272,,,,,,,60.0,,,63.3,0,0,0,0,0,0,1,0,0
Mason Williams,108596,C,INCAR WORD,3,0,0,189,,,,,,,60.0,,,65.2,0,0,0,0,0,0,3,0,0
Jalen Goodman,108725,S,VILLANOVA,14,0,0,334,59.7,,,,,,65.9,,,74.5,0,0,0,44,64,1,0,0,1
Gianni Rizzo,108816,LB,DUQUESNE,10,0,0,155,59.5,,,,,,60.6,,,65.9,0,0,0,27,0,0,0,5,0
Jake Rock,108889,G,N DAK ST,13,0,0,250,,,77.1,,,,65.3,,,66.7,0,0,80,0,0,0,0,0,0
Hunter Poncius,108890,T,N DAK ST,16,0,0,250,59.7,,82.4,,,,67.1,,,65.3,0,0,97,2,0,0,0,0,0
Josh Navratil,108945,ED,N DAKOTA,12,0,0,249,59.6,,,,,,60.1,,,72.8,0,0,0,53,3,1,37,8,0
Jack Iuliano,108949,ED,ALBANY,12,0,0,106,59.6,,,,,,62.0,,,69.1,0,0,0,38,0,0,0,16,0
Connor Watkins,108971,QB,VILLANOVA,4,0,0,334,,,,,,,60.0,,61.4,65.7,0,0,0,0,0,0,4,0,0
Dylan Hendricks,109020,ED,N DAK ST,6,0,0,250,59.4,,,,,,61.2,,,67.5,0,0,0,14,0,0,0,5,0
Khalil Baker,109119,S,ELON,12,0,0,162,59.6,,,,,,62.0,,,70.8,0,0,0,45,1,14,3,10,0
Jaden Sutton,109120,HB,DELWARE ST,3,0,0,152,,,,59.1,,,60.0,,,65.7,0,0,0,0,0,7,0,0,0
Marques Mason,109131,S,SACR HEART,10,0,0,280,59.8,,,58.9,,,68.1,,,71.7,0,0,0,30,0,3,24,24,1
Malik Grant,109133,HB,RHODE ISLD,2,0,0,274,,,,,,,60.3,,,66.3,0,0,0,0,0,2,0,0,0
Sone Ntoh,109136,HB,MONMOUTH,12,0,0,231,,,,43.9,,,60.6,,,73.9,0,0,0,0,0,68,0,1,0
Will Downes,109276,WR,MARIST,2,0,0,213,,,,,,,60.0,60.0,,64.6,0,0,0,0,0,0,2,1,0
Kenneth Cooper,109279,S,MAINE,10,1,0,212,60.1,,,59.9,,,60.4,,,77.3,1,0,0,11,36,47,0,9,0
Josh Addo,109280,LB,MERRIMACK,11,0,0,385,,,,,,,41.7,,,29.4,0,2,0,0,4,43,15,1,0
Tyron Herring,109284,CB,DELAWARE,11,0,0,151,59.8,,,,,,63.7,,,73.7,0,0,0,11,8,0,0,13,0
William Enneking,109365,TE,BUTLER,9,0,0,127,,,74.2,,,,65.9,,,63.7,0,0,53,0,0,2,12,0,1
Braylon Henderson,109500,WR,N DAK ST,3,0,0,250,,,,58.0,,,60.0,61.9,,62.8,0,0,0,0,0,2,0,2,0
Jaquan Allen,109582,WR,CENT CT ST,9,0,0,133,,,,,,,63.2,,,71.2,0,0,0,0,1,8,0,21,0
Jamal Cooney,109599,WR,ALBANY,12,0,0,106,,,,66.1,,,44.5,73.4,,28.3,0,1,0,0,0,64,0,16,0
Dorrian Moultrie,109601,WR,HAMPTON,6,0,0,178,,,,58.3,,,60.3,67.0,,67.0,0,0,0,0,0,14,1,20,0
Jordan Hull,109604,WR,DELWARE ST,4,0,0,152,,,,,,,60.3,61.4,,65.4,0,0,0,0,0,1,0,3,0
Joe Gillette,109605,WR,MAINE,1,0,0,212,,,,,,,60.0,,,94.4,0,0,0,0,0,1,0,0,0
Joey Felton,109619,WR,YALE,9,0,0,352,,,,60.1,,,60.4,63.8,,64.9,0,0,0,0,0,52,0,8,0
Hunter Brown,109756,TE,E KENTUCKY,2,0,0,159,59.5,,,,,,60.2,,,65.1,0,0,0,5,0,1,0,1,0
Robbie Peterson,110472,CB,N IOWA,12,0,0,255,59.8,,,,,,62.2,,,77.9,0,0,0,54,19,0,5,28,1
Timothy Robinson,112920,T,MURRAY ST,6,0,0,236,,,66.3,,,,63.1,,,68.5,0,0,17,0,0,0,0,0,0
Einaj Carter,120737,WR,SCAR STATE,12,0,0,290,,,,77.9,,,46.0,52.3,,28.0,0,1,0,0,0,46,0,25,0
Draylen Ellis,121346,QB,TENN STATE,1,0,0,308,,,,,,,60.0,,,66.0,0,0,0,0,0,0,0,1,0
C.J. Evans,121347,HB,TENN STATE,11,0,0,308,,,,91.6,,,60.9,64.5,,67.8,0,0,0,0,0,35,0,54,0
Hosea Knifeley Jr,121353,ED,AUSTINPEAY,12,0,0,116,59.9,,,,,,42.1,,,27.1,0,2,0,36,0,0,0,25,0
Ethan Myers,121358,LS,CHATTNOOGA,11,0,0,137,,,82.0,,,76.0,67.8,,,67.0,1,0,56,0,0,0,53,0,1
Michael Treadwell,121366,C,AUSTINPEAY,2,0,0,116,,,60.0,,,,46.6,,,66.0,1,0,4,0,0,0,10,0,0
Antoine Williams,121369,LB,W CAROLINA,12,0,0,344,59.9,,,,,,63.1,,,75.3,0,0,0,23,19,23,1,31,1
Demetrias Charles,121377,LB,CENT ARK,10,0,0,132,59.0,,,,,,59.7,,,67.9,0,0,0,43,0,0,0,3,0
Bakarius Collier,121379,G,CENT ARK,2,0,0,132,,,60.0,,,,60.0,,,63.1,0,0,1,0,0,0,1,0,0
Myles Kitt-Denton,121392,WR,NWSTATE,11,0,0,257,,,,71.5,,,59.5,60.6,,64.8,0,0,0,0,0,59,1,3,0
Justin Lairy,121393,T,CENT ARK,12,0,0,132,,,76.1,,,,52.4,,,28.9,0,1,64,0,0,0,10,0,0
William Mayo,121396,C,CENT ARK,12,0,0,132,,,76.1,,,,59.7,,,28.8,0,1,64,0,0,0,1,0,0
Jamal Mull,121398,G,CENT ARK,12,0,0,132,,,75.2,,,,53.7,,,29.3,0,1,64,0,0,0,9,0,0
TaMuarion Wilson,121402,S,CENT ARK,12,0,0,132,59.9,,,,,,68.0,,,73.2,2,0,0,48,14,0,15,5,5
Nae'Saan Dickerson,121413,WR,GRAMBLING,3,0,0,177,,,,,,,58.4,,,67.0,0,0,0,0,0,0,11,0,0
Vinson Brown,121450,CB,TOWSON,7,0,0,317,60.0,,,,,,61.7,,,69.9,0,0,0,1,0,5,2,12,0
Brandon Hayes,121459,WR,SE LA,11,0,0,294,,,,76.5,,,61.5,,,66.3,0,0,0,0,0,55,1,6,0
Jimmie Haywood,121460,TE,ALABAMA ST,12,1,0,105,,,,,,,63.9,,,49.4,1,1,0,0,41,45,23,0,4
Michael Pleas Jr.,121468,ED,TENN MARTN,14,0,0,310,59.6,,,,,,67.9,,,78.2,1,0,0,47,0,0,24,74,1
Mitchell Sellers,121476,TE,SE MO ST,1,0,0,293,,,,,,,59.8,,,64.0,0,0,0,0,0,2,0,0,0
Deris Jackson,121528,DI,SOUTHERN U,5,0,0,297,59.2,,,,,,61.1,,,66.8,0,0,0,5,0,0,0,4,0
Kaghen Roach,121606,ED,ABILENE CH,13,0,0,100,79.0,,66.8,,,,90.1,,,75.3,0,0,19,63,0,0,0,7,0
Khalil Arnold,121623,ED,ARKAPB,11,0,0,112,57.3,,71.1,,,,64.4,,,74.1,0,0,34,48,0,9,44,18,3
Darrian Baker,121624,ED,E KENTUCKY,12,0,0,159,58.5,,60.0,,,,61.1,,,70.4,0,0,4,39,0,0,0,17,0
Jadyn Bost,121627,ED,ALCORN ST,12,0,0,107,58.8,,72.8,,,,56.9,,,69.6,2,0,45,28,0,0,74,2,1
Jonathan Duff,121632,LS,E KENTUCKY,13,0,0,159,,,85.4,,,62.5,66.1,,,67.3,0,0,48,0,0,0,62,0,1
Gabe Fletcher,121633,DI,E KENTUCKY,10,0,0,159,58.5,,,,,,58.5,,,67.6,0,0,0,17,0,0,0,4,0
Tre' Goodin,121635,CB,E KENTUCKY,13,0,0,159,59.7,,,,,,70.1,,,58.5,0,1,0,5,2,47,59,35,4
Ryan Jackson,121640,DI,E KENTUCKY,13,0,0,159,57.8,,73.6,,,,61.9,,,72.3,0,0,48,40,0,0,0,22,0
Clayton Thomas Jr.,121659,LS,BETH COOK,12,0,0,119,,,85.0,,,88.4,70.8,,,67.7,3,0,46,0,0,0,67,0,0
Darryle Evans,121677,HB,HOUCHR,12,0,0,183,,,,59.4,,,55.5,,,37.7,0,1,0,0,5,80,1,51,0
Ismael Fuller,121678,WR,HOUCHR,8,0,0,183,,,,,,,54.8,,,73.3,0,0,0,0,1,53,0,2,0
Devion Hargrove,121681,CB,HOUCHR,12,0,0,183,59.5,,,,,,48.6,,,27.3,2,5,0,40,55,5,47,19,4
Kendal Septs,121701,G,HOUCHR,11,0,0,183,,,74.0,,,,64.5,,,72.2,0,0,37,0,0,0,1,0,0
Darrion Sherfield,121702,WR,HOUCHR,1,0,0,183,,,,,,,60.0,,,64.5,0,0,0,0,0,0,1,0,0
Hayden Hagler,121732,TE,MO STATE,2,0,0,230,,,60.0,,,,60.9,,,70.4,0,0,5,0,0,10,6,0,0
Kerion Martin,121739,S,YNGTOWN ST,11,1,0,353,59.8,,,,,,59.8,,,73.5,0,0,0,44,39,0,0,4,1
Zane Porter,121745,LB,MOREHEAD,8,0,0,234,59.8,,,,,,67.7,,,69.6,0,0,0,17,16,0,0,10,3
Josh Hastings,121766,S,TENN MARTN,12,0,0,310,59.6,,,,,,62.7,,,71.7,0,0,0,46,2,5,6,27,0
Meonta Kimbrough,121772,DI,TENN STATE,8,0,0,308,,,,,,,65.3,,,69.7,0,0,0,0,0,0,0,10,0
Davion Mayo,121776,LB,CENT ARK,8,1,0,132,59.5,,,59.9,,,68.0,,,72.5,0,0,0,9,46,25,0,0,1
Travis Moss,121779,LB,FL A&M,9,3,0,164,60.2,,,,,,58.5,,,27.6,1,2,0,5,39,29,0,9,5
Bryce Bailey,121794,WR,TENN MARTN,13,0,0,310,,,,59.9,,,54.8,,,44.9,1,1,0,0,0,11,53,0,1
Vincent Dinkins,121802,DI,MURRAY ST,4,0,0,236,59.4,,,,,,59.5,,,64.6,0,0,0,8,0,0,0,0,0
Davon Martin,121813,CB,MURRAY ST,10,0,0,236,59.9,,,,,,61.7,,,70.4,0,0,0,33,0,0,0,0,0
Jalen Montgomery,121815,HB,E KENTUCKY,13,2,0,159,,,,63.6,,,72.3,68.5,,72.0,1,0,0,0,47,63,11,56,2
Ahmad Bradley,121835,DI,SE LA,12,0,0,294,57.8,,73.7,,,,60.7,,,67.4,0,0,53,23,0,0,0,1,0
Malcolm Terry II,121873,HB,COLUMBIA,9,0,0,145,60.0,,,59.1,,,63.3,,,76.2,0,0,0,2,13,11,16,30,0
Detraveon Brown,121881,WR,SOUTHERN U,1,0,0,297,,,,,,,60.0,,,64.3,0,0,0,0,0,0,0,1,0
Isaiah Johnson,121892,HB,ABILENE CH,2,0,0,100,,,,,,,60.7,,,66.4,0,0,0,0,0,2,0,1,0
Josh Emmanuel,121966,LB,INCAR WORD,14,2,0,189,59.9,,,,,,76.4,,,29.2,1,3,0,6,85,60,57,65,7
Davis Burns,122000,S,N ARIZONA,10,1,0,252,59.8,,,,,,69.5,,,73.4,0,0,0,2,44,9,0,1,1
Fisher Jackson,122063,ED,UTAHTC,11,0,0,1285,59.3,,,,,,53.4,,,29.1,0,1,0,22,0,6,0,34,0
Kellen Culberson,122093,C,NC A&T,1,0,0,246,,,,,,,60.0,,,66.0,0,0,0,0,0,0,0,0,0
Rodney Johnson,122103,CB,SOUTHERN U,11,0,0,297,81.7,,,,,,81.8,,,81.6,0,0,0,41,2,1,8,41,0
Lavar Lindo,122107,TE,STF AUSTIN,12,0,0,301,,,77.1,,,,65.7,,,72.0,0,0,74,0,0,21,7,13,0
Ty Love,122109,WR,STF AUSTIN,11,1,0,301,,,,,,,72.8,,,84.5,0,0,0,0,52,22,43,44,1
Ky Thomas,122120,ED,STF AUSTIN,12,0,0,301,58.7,,75.4,,,,60.3,,,43.6,0,1,54,22,0,0,52,10,0
Jeremiah Walker,122125,CB,STF AUSTIN,12,2,0,301,59.8,,,,,,65.8,,,40.9,0,1,0,26,0,1,38,62,1
EJ Williams,122130,S,MO STATE,6,0,0,230,,,,,,,58.8,,,74.9,0,0,0,0,11,6,6,19,0
Hunter Helms,122149,QB,RHODE ISLD,1,0,0,274,,,,,,,60.0,,60.0,63.3,0,0,0,0,0,0,1,0,0
Chris Houston,122170,WR,CHATTNOOGA,12,2,0,137,60.0,,,57.7,,,74.2,,,78.5,3,0,0,1,61,16,26,7,6
Darion Smith,122196,ED,MO STATE,12,0,0,230,59.2,,71.7,,,,61.7,,,66.6,0,0,38,45,0,0,0,0,0
KeShawn Washington,122227,S,MURRAY ST,12,0,0,236,59.9,,,,,,62.2,,,67.0,0,0,0,39,3,0,0,8,0
Dazalin Worsham,122232,CB,W GEORGIA,6,0,0,1177,59.6,,,,,,63.5,,,72.1,0,0,0,8,3,0,0,25,0
DeAndre Dingle-Prince,122237,DI,NC A&T,2,0,0,246,58.9,,,,,,59.3,,,64.7,0,0,0,5,0,0,5,0,0
Kevon Haigler,122240,ED,MURRAY ST,11,0,0,236,74.6,,,,,,82.4,,,66.4,0,0,0,38,0,0,0,0,0
Mike Smith Jr.,122255,S,E KENTUCKY,13,0,0,159,59.6,,,,,,59.8,,,64.2,0,0,0,52,0,1,0,0,0
Seth Williams,122258,G,E TENN ST,8,0,0,157,,,74.7,,,,64.2,,,65.1,0,0,38,0,0,0,1,0,0
Tony Anyanwu,122261,ED,STF AUSTIN,10,0,0,301,58.8,,,,,,60.1,,,67.2,0,0,0,16,0,0,0,5,0
Ty Moore,122277,WR,NWSTATE,11,0,0,257,,,,59.6,,,65.3,,,80.3,0,0,0,0,11,83,86,20,3
Brandon Fitez,122294,WR,CAMPBELL,12,0,0,131,,,,43.3,,,65.2,69.5,,83.1,0,0,0,0,0,14,0,38,0
Dante Jones,122301,G,CAMPBELL,2,0,0,131,,,64.9,,,,62.7,,,68.6,0,0,10,0,0,0,0,0,0
Lamagea McDowell,122306,HB,PRVIEW A&M,3,0,0,270,,,,,,,76.9,,,92.8,0,0,0,0,0,3,0,1,0
Logan Mauldin,122348,TE,MCNEESE,12,0,0,217,,,63.7,59.9,,,62.0,,,72.4,0,0,12,0,2,61,3,0,0
Malik Bowen-Sims,122368,WR,AUSTINPEAY,3,0,0,116,,,,60.0,,,60.0,,,64.2,0,0,0,0,0,2,0,0,0
Isaiah Fisher-Smith,122372,S,NC CENT,9,0,0,247,60.0,,,,,,89.6,,,75.9,0,0,0,1,45,0,0,33,3
Da'Quan Johnson,122375,S,CAMPBELL,11,0,0,131,59.5,,,,,,61.2,,,68.3,0,0,0,40,4,4,0,8,0
Demorie Tate,122420,CB,FL A&M,3,0,0,164,59.9,,,,,,60.4,,,70.0,0,0,0,2,7,0,7,0,0
Anthony Fieldings,122439,CB,ALAB A&M,7,0,0,104,59.6,,,,,,61.8,,,70.7,0,0,0,30,0,0,0,8,0
Sean Pelkisson,122454,ED,RHODE ISLD,14,1,0,274,59.8,,,59.6,,,86.8,,,91.1,0,0,0,7,63,62,50,12,4
Brandon Wilson,122467,DI,E TENN ST,12,0,0,157,58.2,,,,,,60.9,,,69.5,0,0,0,23,0,0,45,11,0
Khatavian Franks,122472,LB,DUQUESNE,7,0,0,155,59.5,,,,,,62.3,,,67.4,0,0,0,18,1,0,0,9,0
Wing Green,122477,T,CAMPBELL,8,0,0,131,,,71.4,,,,64.4,,,72.5,0,0,34,0,0,0,8,0,0
Jude Kelley,122482,K,CHATTNOOGA,12,0,0,137,,78.7,,,65.9,,63.4,,67.4,74.9,0,0,60,0,46,0,12,0,3
Ryan King,122484,WR,MONTANA ST,5,0,0,233,,,,,,,67.7,,,68.6,0,0,0,0,30,0,0,0,1
Tyson Meiguez,122488,LB,MURRAY ST,10,0,0,236,59.6,,,,,,62.1,,,70.8,0,0,0,47,4,0,51,0,1
Mason Chambers,122509,S,INCAR WORD,14,0,0,189,59.5,,,,,,58.8,,,73.3,0,0,0,52,0,0,36,2,0
Anthony Smith,122535,G,TENN STATE,13,0,0,308,,,75.3,,,,64.9,,,66.4,0,0,65,0,0,0,0,0,0
Hunter Zenzen,122542,ED,N DAK ST,5,0,0,250,60.0,,,,,,62.0,,,67.0,0,0,0,4,0,0,0,9,0
Johnquai Lewis,122568,S,MCNEESE,10,0,1,217,59.8,,,,,,60.3,,,28.6,0,1,0,6,48,0,12,5,3
Amauri Pesek-Hickson,122573,HB,N IOWA,11,0,0,255,,,,58.3,,,57.9,,,69.4,0,0,0,0,0,65,0,0,0
Karon Prunty,122574,CB,NC A&T,12,0,0,246,59.8,,,,,,61.4,,,73.1,0,0,0,53,34,0,0,3,1
Owen Lawson,122602,P,ALBANY,12,0,0,106,,,66.0,,60.0,,63.3,,45.7,72.8,0,1,45,0,1,0,53,0,0
Witt Mitchum,122607,T,N ALABAMA,7,0,0,389,,,64.7,,,,62.6,,,67.9,0,0,11,0,0,0,0,0,0
KJ Shankle,122614,HB,TXAMEA,1,0,0,1139,,,,,,,60.2,,,63.3,0,0,0,0,1,0,0,2,0
Jaelon Travis,122622,WR,INCAR WORD,9,0,0,189,,,,,,,60.1,,,69.5,0,0,0,0,0,40,0,1,0
Dabari Hawkins,122640,CB,TARLETON,14,0,0,401,60.4,,,,,,58.9,,,44.2,0,1,0,36,5,61,0,41,0
Harlan Dixon,122669,HB,SE LA,11,0,0,294,,,,57.6,,,59.7,,,69.7,0,0,0,0,0,45,0,0,0
Kershawn Fisher,122670,ED,NICHOLLS,3,0,0,243,60.0,,,,,,61.7,,,65.9,0,0,0,5,0,0,0,3,0
Tyler Mansfield,122682,CB,SE LA,8,0,0,294,60.0,,,,,,39.1,,,27.3,2,2,0,2,17,0,9,25,2
Taz Marshall,122683,S,MS VLY ST,10,0,0,228,59.9,,,,,,64.3,,,76.8,0,0,0,21,16,37,20,8,1
Joseph Mason,122684,ED,NICHOLLS,3,0,0,243,58.6,,,,,,58.9,,,66.0,0,0,0,18,0,0,0,2,0
Desmond Daniels,122702,T,ALABAMA ST,12,0,0,105,,,76.0,,,,66.0,,,75.4,0,0,59,0,0,0,0,0,0
Lovie Jenkins,122709,S,MURRAY ST,11,0,0,236,59.4,,,,,,59.7,,,71.3,0,0,0,53,10,21,1,3,1
Marqui Lowery Jr.,122714,CB,S DAKOTA,1,0,0,291,,,,,,,60.5,,,66.5,0,0,0,0,0,0,0,2,0
Kade Neely,122717,TE,MURRAY ST,10,0,0,236,,,72.5,,,,60.3,,,73.8,2,0,42,0,18,17,35,3,1
Caden Bolz,122737,LS,MO STATE,12,0,0,230,,,84.2,,,70.2,74.9,,,66.7,0,0,65,0,0,0,46,0,2
Tahj Chambers,122740,LB,MO STATE,12,2,0,230,59.6,,,,,,74.9,,,78.2,0,0,0,52,52,3,44,22,1
P.J. Hall,122748,S,MO STATE,8,1,0,230,60.5,,,,,,74.6,,,74.7,0,0,0,27,11,10,5,2,2
Dwight Jacobs Jr.,122750,CB,ALABAMA ST,10,0,0,105,59.9,,,,,,52.8,,,29.2,1,1,0,4,31,23,25,7,0
D'Vontae Key,122754,WR,MO STATE,12,1,0,230,,,,42.3,,,55.6,,,76.5,2,0,0,0,26,13,34,0,1
Ja'Veo Toliver,122770,T,MO STATE,10,0,0,230,,,64.2,,,,62.0,,,66.9,0,0,16,0,0,0,37,0,0
Armon Wallace,122773,DI,MO STATE,11,0,0,230,58.5,,,,,,55.9,,,68.0,1,0,0,10,0,0,40,5,0
Hunter Wood,122775,WR,MO STATE,12,0,0,230,60.0,,60.0,60.0,,,50.5,73.0,,29.5,0,1,3,1,2,66,0,49,0
Montrell Campbell,122784,CB,ALAB A&M,4,0,0,104,59.7,,,,,,43.4,,,69.8,0,1,0,18,0,0,0,4,0
Kobe Warden,122815,WR,N ALABAMA,8,0,0,389,,,,66.0,,,61.2,71.5,,67.0,0,0,0,0,0,5,0,38,0
Jalen Brooks,122823,LB,CAMPBELL,12,1,0,131,60.5,,,,,,63.9,,,72.5,0,0,0,58,7,19,36,0,1
Clyde Pinder,122844,DI,FL A&M,8,0,0,164,58.2,,,,,,58.7,,,66.4,0,0,0,12,0,0,0,3,0
Josh Crabtree,122859,WR,MURRAY ST,4,0,0,236,,,,,,,61.4,,,74.0,0,0,0,0,2,27,0,2,0
Christopher Scott Jr.,122884,WR,AUSTINPEAY,1,0,0,116,,,,,,,60.7,,,66.5,0,0,0,0,2,1,0,2,0
Ian Williams,122891,K,FURMAN,11,0,0,170,,73.6,,,89.1,,64.5,,54.0,78.7,0,0,46,0,49,0,60,0,0
Caleb Offord,122908,CB,ALABAMA ST,8,0,0,105,60.0,,,,,,61.6,,,70.0,0,0,0,3,0,5,0,7,0
Mikey Henderson,122930,WR,TARLETON,4,0,0,401,,,,,,,59.9,,,67.6,0,0,0,0,0,16,0,7,0
Trevon West,122948,WR,TARLETON,6,0,0,401,,,,,,,60.5,,,28.2,0,2,0,0,33,0,23,0,3
Jake Henry,122971,G,STF AUSTIN,6,0,0,301,,,68.5,,,,61.9,,,70.0,0,0,17,0,0,0,2,0,0
Jaylon Barden,123002,WR,SAMFORD,8,0,0,282,,,,,,,61.4,52.5,,67.2,0,0,0,0,0,0,0,42,0
AJ Roberts,123019,LB,STNY BROOK,12,0,0,303,59.6,,,,,,54.2,,,41.7,1,1,0,46,10,0,15,29,1
Sam Williams,123027,ED,MURRAY ST,6,0,0,236,59.2,,,,,,61.9,,,71.0,0,0,0,9,16,0,1,0,0
Latarie Kinsler,123042,ED,FL A&M,1,0,0,164,,,,,,,60.0,,,64.8,0,0,0,0,0,0,0,2,0
Steven Mahar Jr.,123047,TE,DUQUESNE,1,0,0,155,,,,,,,63.3,,,67.8,0,0,0,0,0,0,0,8,0
Brandon Peskin,123052,K,RICHMOND,10,0,0,276,,64.8,,,,,61.3,,,66.8,0,0,47,0,0,0,0,0,0
Derrick Lewis II,123144,LB,INCAR WORD,5,0,0,189,,,,,,,73.3,,,68.8,0,0,0,0,36,0,0,0,3
Zach Blanchard,123167,G,CITADEL,12,0,0,139,,,77.7,,,,65.5,,,64.3,0,0,54,0,0,0,1,0,0
Tyler Cherry,123170,WR,CITADEL,8,0,0,139,,,,59.9,,,59.8,,,69.3,0,0,0,0,0,34,0,0,0
Saul Diaz,123173,TE,CITADEL,2,0,0,139,,,,,,,59.9,,,65.8,0,0,0,0,1,0,3,0,0
Bryson Jones,123182,T,CITADEL,2,0,0,139,,,60.0,,,,61.4,,,62.1,0,0,7,0,0,0,0,0,0
Cameron Moewe,123190,T,CITADEL,12,0,0,139,,,75.4,,,,66.0,,,76.4,0,0,54,0,0,0,1,0,0
KJ Pierce,123194,DI,CITADEL,12,0,0,139,58.3,,,,,,51.4,,,28.0,0,1,0,14,0,0,51,3,0
Dominick Poole,123195,S,CITADEL,12,3,0,139,60.4,,,,,,77.7,61.0,,71.8,0,0,0,50,52,0,0,4,5
Cornelius Dyson,123215,S,SE LA,5,0,0,294,60.0,,,,,,60.4,,,63.9,0,0,0,26,0,1,0,0,0
Joseph Solomon,123234,T,E ILLINOIS,11,0,0,158,,,72.7,,,,64.8,,,73.1,0,0,40,0,0,0,0,0,0
Sincere Brown,123276,WR,CAMPBELL,6,0,0,131,,,,58.2,,,59.9,,,67.9,0,0,0,0,2,25,0,0,0
Cesar Reyes,123292,C,FL A&M,1,0,0,164,,,60.0,,,,61.4,,,66.3,0,0,4,0,0,0,0,0,0
Kaedric Cobbs,123303,HB,BRYANT,3,0,0,124,,,,57.5,,,59.8,,,67.2,0,0,0,0,0,17,0,0,0
Isaiah Davis,123307,WR,STF AUSTIN,7,0,0,301,,,,,,,59.0,,,67.7,0,0,0,0,0,17,1,0,0
Xavier Spencer,123334,CB,SOUTHERN U,13,0,0,297,59.3,,,,,,57.6,,,30.1,0,2,0,44,22,7,17,29,1
Derrell Bailey Jr.,123340,T,E TENN ST,2,0,0,157,,,60.0,,,,58.6,,,66.8,0,0,2,0,0,0,2,0,0
Lakeem Rudolph,123362,LB,CAMPBELL,11,1,0,131,59.7,,,,,,67.0,,,69.6,0,0,0,36,1,6,6,9,0
Carl Smith,123365,WR,ROB MORRIS,7,0,0,277,60.0,,60.0,,,,60.9,,,74.3,0,0,2,1,0,2,0,28,0
James Ash,123371,DI,FL A&M,12,0,0,164,57.1,,,,,,50.6,,,29.1,0,1,0,53,0,0,0,13,0
Christian Forbes,123384,T,HOWARD,12,0,0,184,,,71.6,,,,63.3,,,65.6,0,0,41,0,0,0,1,0,0
Thomas Grippo,123387,C,LAFAYETTE,1,0,0,203,,,60.0,,,,60.1,,,64.0,0,0,2,0,0,0,0,0,0
Jackson Hensley,123388,TE,E KENTUCKY,1,0,0,159,,,,,,,62.7,,,68.3,0,0,0,0,5,0,0,3,0
Daniel King,123422,K,SO UTAH,8,0,0,298,,50.3,,,73.4,,62.8,,61.0,74.8,0,0,10,0,41,0,2,0,0
Talique Allen,123441,S,SE LA,6,1,0,294,59.9,,,,,,68.7,,,79.6,0,0,0,8,7,24,32,1,1
Travis Collier,123446,CB,N ALABAMA,6,0,0,389,59.7,,,,,,62.3,,,72.1,0,0,0,10,9,0,6,14,0
Taylor Behl,123474,LB,HOUCHR,3,0,0,183,60.1,,,,,,60.3,,,62.5,0,0,0,12,0,0,0,0,0
Dillon Brooks,123475,G,TARLETON,8,0,0,401,,,,,,,61.1,,,65.1,0,0,0,0,0,0,35,0,0
Javarian Jenkins,123484,LB,JACKSON ST,14,2,0,194,,,,,,,67.6,,,45.6,1,1,0,0,79,0,21,36,6
Dylan Howerton,123511,G,ABILENE CH,14,0,0,100,,,77.1,,,,66.3,,,77.5,0,0,73,0,0,0,0,0,0
Darius Lewis,123515,WR,SE LA,12,0,0,294,,,,,,,61.8,69.5,,68.2,0,0,0,0,0,0,0,63,0
Elijah Moffett,123520,S,ABILENE CH,14,0,0,100,76.9,,,,,,90.0,,,76.4,0,0,0,68,31,0,22,7,5
Charlie Gordinier,123538,TE,SACR HEART,6,0,0,280,,,67.2,,,,63.0,,,63.8,0,0,20,0,0,0,0,0,0
Andre Hines Jr.,123539,HB,WAGNER,1,0,0,338,,,,,,,60.7,,,66.1,0,0,0,0,0,0,0,4,0
Jason Scott,123549,S,DELAWARE,11,0,0,151,59.6,,,,,,53.8,,,29.9,0,1,0,30,3,0,29,9,0
Sammy Anderson Jr.,123554,CB,AUSTINPEAY,9,0,0,116,60.1,,,,,,62.8,,,69.3,0,0,0,27,0,0,0,13,0
Marquez Bell,123555,WR,FL A&M,9,0,0,164,,,,58.6,,,59.9,62.9,,69.3,0,0,0,0,0,47,0,3,0
Daved Jones Jr.,123567,LB,JACKSON ST,11,2,0,194,59.7,,,,,,67.2,,,82.2,1,0,0,2,69,44,29,14,3
Ethan Wright,123587,HB,YNGTOWN ST,10,0,0,353,,,,,,,61.1,,,77.0,1,0,0,0,1,2,28,2,1
Matthew Akuchie,123588,WR,WM & MARY,5,0,0,348,,,60.0,,,,59.7,,,76.5,0,0,7,0,22,11,19,4,0
Marlon Krakue,123604,ED,N ALABAMA,12,0,0,389,59.9,,72.6,,,,64.3,,,70.9,0,0,41,25,2,2,0,11,0
Carter Odell,123609,S,ROB MORRIS,5,0,0,277,60.0,,,,,,68.6,,,75.6,0,0,0,2,14,12,21,17,2
Chance Coleman,123621,LB,FL A&M,6,0,0,164,60.0,,,,,,33.8,,,26.5,0,3,0,1,19,3,0,20,0
Josh Guilford,123629,WR,WM & MARY,2,0,0,348,,,,,,,60.5,,,65.5,0,0,0,0,2,0,0,0,0
Andrew Volmar,123650,CB,BETH COOK,12,0,0,119,59.5,,,,,,54.8,,,75.5,0,1,0,45,0,0,0,32,0
T.J. Marshall,123673,S,ABILENE CH,14,2,0,100,60.0,,,,,,71.7,,,83.4,1,0,0,1,89,82,47,64,6
Anthony Frederique,123701,P,BETH COOK,12,0,0,119,,,,,,,63.6,,67.8,76.0,1,1,0,0,0,0,67,0,0
Philjae Bien-Aime,123733,CB,N ALABAMA,7,0,0,389,59.7,,,,,,62.8,,,77.2,0,0,0,14,0,0,0,7,0
Tony Forrest Jr.,123744,G,GRAMBLING,11,0,0,177,,,81.5,,,,53.9,,,27.9,0,2,45,0,4,31,55,3,0
Stephen Martin,123753,WR,SAMFORD,11,0,0,282,,,,,,,65.0,,,75.6,0,0,0,0,1,59,0,27,0
Lawrence Martinez,123754,LS,FL A&M,2,0,0,164,,,60.0,,,46.9,68.7,,,63.7,0,0,3,0,0,0,6,0,1
Ira Armstead,123767,ED,E ILLINOIS,12,0,0,158,58.8,,16.9,,,,48.4,,,71.7,1,0,40,36,8,3,25,12,2
Jon Horton,123780,ED,GRAMBLING,11,0,0,177,88.3,,,,,,90.6,,,68.6,0,0,0,19,0,0,0,14,0
Isaiah Foote,123810,G,W ILLINOIS,12,0,0,345,,,75.2,,,,64.8,,,66.2,0,0,64,0,0,0,0,0,0
David Laney,123822,S,NC A&T,6,0,0,246,59.6,,,,,,60.7,,,66.2,0,0,0,25,1,0,0,3,0
Xavier McIver,123825,DI,TENN MARTN,9,0,0,310,57.7,,,,,,57.6,,,65.9,0,0,0,16,0,0,0,3,0
Ty Moss,123828,S,TENN TECH,12,3,0,309,59.9,,,,,,76.5,,,70.0,0,0,0,10,58,0,0,0,3
Jalen Tate,123864,S,FURMAN,6,0,0,170,,,,,,,48.6,,,27.8,0,1,0,0,17,0,10,7,0
Will Buchanan,123872,T,CHATTNOOGA,11,0,0,137,,,74.9,,,,65.1,,,70.4,0,0,56,0,0,0,1,0,0
Ike Okoye,123888,ED,ST FRANCIS,9,0,0,299,59.8,,60.0,,,,52.9,,,29.8,0,1,7,25,6,13,3,36,0
Chancellor Smith,123893,CB,ALAB A&M,4,0,0,104,60.0,,,,,,65.2,,,70.0,0,0,0,1,24,1,0,9,0
Rashad Whitehead,123898,ED,E TENN ST,12,0,0,157,60.1,,74.7,,,,68.1,,,74.5,0,0,57,7,0,4,0,33,0
Jackson Bratton,123909,LB,N ALABAMA,9,0,0,389,59.3,,,,,,62.5,,,73.2,0,0,0,36,0,0,0,13,0
Sam Johnson,123919,P,VALPO,11,0,0,332,,,64.5,,60.0,,48.3,,68.0,28.3,0,3,30,0,1,0,65,0,0
C.J. Williams,123941,CB,W CAROLINA,11,0,0,344,77.8,,,,,,70.5,,,53.1,0,1,0,53,0,0,0,48,0
Nick Turner,123969,CB,GRAMBLING,11,0,0,177,59.7,,,,,,56.9,,,74.1,0,0,0,19,1,0,55,12,0
Ze'Vian Capers,123979,WR,GARD-WEBB,5,0,0,171,,,,,,,60.9,,,64.3,0,0,0,0,4,4,0,0,0
JJ Evans,123983,WR,N ALABAMA,4,0,0,389,,,,,,,60.9,,,72.9,0,0,0,0,0,16,15,3,0
Eric Reed Jr.,124000,CB,SOUTHERN U,8,0,0,297,59.5,,,,,,63.9,,,73.8,0,0,0,23,12,7,3,15,1
RJ Adams,124047,T,NC A&T,12,0,0,246,,,71.4,,,,64.5,,,73.8,0,0,33,0,0,0,0,0,0
Cody Goatley,124063,LB,E TENN ST,5,0,0,157,60.0,,,,,,60.4,,,65.5,0,0,0,7,0,0,0,0,0
Vito Tisdale Jr.,124079,CB,E KENTUCKY,13,0,0,159,59.4,,,,,,63.9,,,74.8,0,0,0,30,0,0,0,34,0
Joel Williams,124083,S,GRAMBLING,11,0,0,177,60.0,,,,,,63.9,,,70.4,0,0,0,31,0,0,0,18,0
Antoine Sampah,124112,LB,CAMPBELL,6,0,0,131,59.8,,,,,,60.6,,,69.5,0,0,0,12,9,11,3,0,0
Phillip Webb,124118,ED,JACKSON ST,14,0,0,194,58.8,,,,,,59.5,,,68.6,0,0,0,27,0,0,0,9,0
Aidan Martin,124180,K,TXAMEA,12,0,0,1139,,,,,56.8,,63.0,,,76.1,2,0,0,0,47,0,0,0,2
Tyler Jones,124208,S,TENN STATE,13,1,0,308,59.8,,,,,,73.1,,,85.7,0,0,0,14,35,19,0,41,2
Ger-Cari Caldwell,124228,WR,NC A&T,4,0,0,246,59.6,,,,,,60.4,,,65.3,0,0,0,3,1,0,0,1,0
Rico Powers Jr.,124250,WR,JACKSON ST,2,0,0,194,,,,,,,59.6,64.0,,64.4,0,0,0,0,0,6,0,6,0
Chayce Bishop,124271,S,CHATTNOOGA,11,1,0,137,60.0,,,,,,72.6,,,76.3,1,0,0,2,60,9,3,15,1
Darvon Hubbard,124320,HB,N ARIZONA,7,0,0,252,,,,59.9,,,61.4,,,71.7,0,0,0,0,0,22,0,5,0
Avery Hughes,124321,S,LAMAR,9,0,0,204,59.9,,,,,,61.8,,,74.2,0,0,0,3,2,36,4,5,0
Chase Lloyd,124356,S,FL A&M,12,0,0,164,59.9,,,59.9,,,57.8,,,42.2,1,2,0,28,62,55,28,32,1
Jeremiah Bodwin,124722,LB,NWSTATE,6,0,0,257,60.2,,,,,,68.1,,,73.8,0,0,0,17,1,25,1,7,0
Shug Bentley,124795,LB,STETSON,11,2,0,302,59.3,,,,,,70.7,,,90.0,1,0,0,44,22,37,11,30,3
Toby Bolton,124922,CB,TENN TECH,10,0,0,309,59.5,,,,,,60.9,,,71.4,0,0,0,24,0,0,5,5,0
Jett Sutton,125047,S,N DAKOTA,10,0,0,249,59.7,,,,,,61.0,,,74.2,1,0,0,27,6,0,30,4,1
Max Eubanks,125080,S,FURMAN,4,0,0,170,,,,,,,62.1,,,66.6,0,0,0,0,18,0,0,0,0
Seth Anderson,125281,T,N DAKOTA,12,0,0,249,,,75.1,,,,64.8,,,66.0,0,0,63,0,0,0,0,0,0
Oscar Benson,125282,CB,N DAK ST,11,1,0,250,59.8,,,,,,65.0,,,75.0,1,0,0,16,42,13,4,5,1
Bryce Friday,125288,DI,N DAK ST,1,0,0,250,59.3,,,,,,59.6,,,61.6,0,0,0,1,0,0,0,0,0
Hayden Johnston,125295,C,N DAK ST,1,0,0,250,,,,,,,60.1,,,61.5,0,0,0,0,0,0,2,0,0
Sam Jung,125296,S,N DAK ST,7,0,0,250,59.8,,,,,,61.4,,,66.7,0,0,0,22,1,0,1,7,0
TK Marshall,125298,HB,N DAK ST,16,2,0,250,,,,77.2,,,69.2,,,76.2,0,0,0,0,49,61,0,23,2
Mason Miller,125300,T,N DAK ST,16,0,0,250,59.5,,80.6,,,,67.1,,,75.4,0,0,88,2,0,0,0,0,0
RaJa Nelson,125301,WR,N DAK ST,3,0,0,250,,,,58.3,,,60.7,,,63.7,0,0,0,0,0,5,0,2,0
Loshiaka Roques,125303,ED,N DAK ST,14,0,0,250,59.5,,,,,,51.1,,,28.3,0,1,0,28,1,0,0,16,0
Kaedin Steindorf,125308,P,N DAK ST,16,0,0,250,,,68.9,,60.1,,63.6,,64.4,70.8,1,2,97,0,1,0,44,0,0
Joe Stoffel,125309,TE,N DAK ST,16,0,0,250,,,79.2,,,,66.2,,,70.1,0,0,91,0,0,2,0,0,0
Tyler Terhark,125310,WR,N DAK ST,12,0,0,250,,,,,,,67.6,,,78.4,0,0,0,0,16,12,33,3,1
Grey Zabel,125314,T,N DAK ST,16,0,0,250,,,78.5,,,,66.8,,,78.2,0,0,88,0,0,0,0,0,0
Rory Bell,125317,K,UC DAVIS,7,0,0,322,,,,,67.3,,62.0,,,73.9,1,0,0,0,28,0,0,0,0
Dyshier Clary,125320,DI,STNY BROOK,7,0,0,303,58.6,,,,,,60.7,,,67.7,0,0,0,7,0,0,0,6,0
Sam Davis,125321,G,ROB MORRIS,1,0,0,277,,,60.0,,,,60.0,,,63.7,0,0,1,0,0,0,0,0,0
Daiyaan Hawkins,125329,CB,ALBANY,1,0,0,106,60.0,,,,,,60.0,,,63.0,0,0,0,3,0,0,0,0,0
Will Leyland,125332,K,S DAKOTA,14,0,0,291,,79.5,,,60.1,,61.7,,,68.0,0,0,78,0,1,0,0,0,0
Alex Odom,125337,S,MONMOUTH,7,0,0,231,59.8,,,60.0,,,69.5,,,71.3,0,0,0,28,48,2,4,7,3
Robert Johnson,125366,DI,W GEORGIA,9,0,0,1177,58.5,,,,,,62.7,,,71.3,0,0,0,16,6,3,7,3,1
Alen Karajic,125368,K,CHATTNOOGA,2,0,0,137,,60.0,,,61.3,,60.0,,,66.7,0,0,1,0,3,0,0,0,0
Deco Wilson,125381,S,FL A&M,12,0,0,164,59.6,,,,,,65.8,,,77.5,0,0,0,58,0,5,25,9,0
Josh McCormick,125639,K,WM & MARY,12,2,0,348,,,,,75.1,,48.8,,,28.9,1,1,0,0,62,0,0,0,0
Robert Sanders,125671,ED,PRINCETON,3,0,0,272,59.3,,,,,,60.4,,,73.4,0,0,0,9,0,0,0,1,0
Jayvont Williams,125672,S,VILLANOVA,14,1,0,334,60.0,,,,,,73.4,,,77.5,0,0,0,3,1,7,2,48,0
Peyton Kramer,125693,WR,TARLETON,7,0,0,401,,,,,,,68.1,,,74.2,0,0,0,0,0,0,0,23,0
Isaiah Schmidtke,125831,HB,BRYANT,8,0,0,124,,,,59.1,,,59.7,,,70.3,0,0,0,0,0,50,0,0,0
Tyson Williams,125941,CB,ABILENE CH,13,0,0,100,59.2,,,60.0,,,61.6,,,79.2,0,0,0,68,15,2,12,1,0
Dyson Bell,126112,CB,TENN TECH,4,0,0,309,,,,,,,67.7,,,70.4,0,0,0,0,9,0,0,21,1
Gram Smithson,126221,WR,FURMAN,11,0,0,170,,,,,,,66.0,,,76.3,1,0,0,0,21,0,23,38,1
Ian Scott,126229,WR,DARTMOUTH,3,0,0,148,,,,57.9,,,60.2,,,64.4,0,0,0,0,0,9,0,0,0
Luke Smith,126242,LB,FURMAN,1,0,0,170,,,,,,,60.0,,,63.8,0,0,0,0,0,5,0,0,0
Evan Carney,126470,T,W CAROLINA,8,0,0,344,,,74.1,,,,65.2,,,72.8,0,0,48,0,0,0,1,0,0
Karate Brenson,126530,WR,TENN STATE,2,0,0,308,,,,60.0,,,60.1,,,63.2,0,0,0,0,0,3,0,0,0
Kendall Huston,126531,LB,W ILLINOIS,6,0,0,345,60.1,,,,,,67.7,,,70.6,0,0,0,5,4,8,0,5,1
Michael Teason,126548,LB,MO STATE,12,0,0,230,59.6,,,,,,67.5,,,74.5,1,0,0,31,38,5,3,13,4
Jordan Marshall,126554,CB,E KENTUCKY,1,0,0,159,,,,,,,70.9,,,70.7,0,0,0,0,2,9,5,0,1
Jeffery Vercher,126676,HB,VALPO,9,0,0,332,59.9,,,49.0,,,64.6,,,72.7,0,0,0,1,28,31,0,16,0
Braxton Lawrence,126717,LB,IDAHO,1,0,0,185,,,,,,,61.1,,,64.6,0,0,0,0,3,0,0,0,0
Montre Samuels-Parker,126822,DI,N DAKOTA,3,0,0,249,58.8,,,,,,59.8,,,68.9,0,0,0,9,0,0,0,2,0
Trey Gibbs,126850,T,SE MO ST,13,0,0,293,,,78.2,,,,66.8,,,77.3,0,0,75,0,0,0,0,0,0
Chase Allen,126962,S,AUSTINPEAY,12,0,0,116,59.8,,,,,,68.6,,,38.7,0,1,0,16,47,56,36,21,5
Tate Taylor,126978,TE,SAMFORD,10,0,0,282,,,,,,,57.2,,,73.6,1,0,0,0,4,5,0,50,0
Brady Anderson,127093,C,WAGNER,3,0,0,338,,,64.7,,,,62.6,,,66.8,0,0,14,0,0,0,0,0,0
Jack Stoll,127096,LB,CENT CT ST,13,0,0,133,60.4,,,,,,39.0,,,27.0,0,3,0,45,4,35,0,18,0
Sean Line,127117,LB,HARVARD,3,0,0,179,,,,,,,53.9,,,66.3,1,0,0,0,14,0,0,2,0
Jordan Nabors,127151,WR,STF AUSTIN,7,0,0,301,,,,64.6,,,58.8,,,65.0,0,0,0,0,3,29,2,0,0
Caleb Flores,127156,G,INCAR WORD,10,0,0,189,,,74.5,,,,64.4,,,68.6,0,0,50,0,0,0,1,0,0
Lance Mason,127157,TE,MO STATE,11,0,0,230,,,75.0,,,,58.9,,,81.6,0,0,52,0,2,59,41,0,0
Jack Ziebell,127178,C,N COLORADO,11,0,0,253,,,70.9,,,,60.2,,,70.9,0,0,24,0,0,0,1,0,0
Brody McNew,127243,K,STF AUSTIN,1,0,0,301,,,,,,,60.0,,60.0,64.0,0,0,0,0,0,0,1,0,0
Cinque Williams,127302,S,AUSTINPEAY,4,0,0,116,60.6,,,,,,74.6,,,72.8,0,0,0,20,13,0,10,10,2
Jake Hall,127310,T,TARLETON,1,0,0,401,,,,,,,60.0,,,61.0,0,0,0,0,0,0,1,0,0
Daniel Hernandez,127332,WR,LIUSHAR,2,0,0,1298,,,,,,,60.0,,,65.9,0,0,0,0,0,9,0,0,0
Vahn Friday,127377,DI,STHLSK,2,0,0,1470,90.5,,,,,,90.6,,,25.7,0,1,0,7,0,0,0,1,0
Sebastien Tasko,127385,K,HARVARD,10,0,0,179,,,66.1,,,,62.9,,55.0,70.6,0,0,47,0,0,0,37,0,0
Ejike Adele,127510,ED,DARTMOUTH,2,0,0,148,59.6,,,,,,61.5,,,79.9,0,0,0,1,0,0,0,2,0
Cortaz Williams,127560,HB,CENT CT ST,1,0,0,133,,,,,,,60.0,,,23.3,0,1,0,0,0,0,0,0,0
Keydrain Calligan,127949,CB,SE LA,11,0,1,294,59.8,,,,,,50.3,,,36.9,2,1,0,45,1,0,27,39,1
Taj Butts,128015,HB,DUQUESNE,3,0,0,155,,,,62.8,,,60.0,,,63.9,0,0,0,0,0,5,0,0,0
TJ Woodley,128018,FB,TEXAS STHN,5,0,0,313,,,,,,,61.1,,,71.7,0,0,0,0,0,23,0,9,0
Allen Mitchell,128026,HB,CAMPBELL,7,0,0,131,60.1,,,,,,63.9,,,70.8,0,0,0,7,9,9,2,13,0
Trevon Piggee,128041,DI,E ILLINOIS,6,0,0,158,58.6,,,,,,59.5,,,67.1,0,0,0,11,0,0,0,5,0
Tristan Armstrong,128072,CB,CENT CT ST,11,1,1,133,59.6,,,,,,64.2,,,28.8,0,2,0,26,9,0,47,20,1
Onuma Dieke,128080,WR,ELON,11,0,0,162,,,,,,,63.7,60.3,,75.7,0,0,0,0,6,3,55,2,1
Osei Dixon,128081,S,HAMPTON,3,0,0,178,60.0,,,,,,66.8,,,68.7,0,0,0,1,8,9,0,8,1
Devon Edwards,128149,LB,LNDNWD,5,0,0,949,60.2,,,,,,59.6,,,67.6,0,0,0,18,1,1,12,0,0
Brandon Guzman,128153,CB,CAMPBELL,11,0,0,131,59.3,,,,,,53.9,,,76.2,0,1,0,47,6,0,0,17,0
Payton Polson,128164,LB,N COLORADO,12,1,0,253,59.1,,,,,,66.8,,,71.5,0,0,0,68,15,2,30,8,0
Sanjay Strickland,128168,LB,LNDNWD,8,0,0,949,60.1,,,,,,60.4,,,63.1,0,0,0,30,0,0,0,0,0
Joseph Church,128173,T,MS VLY ST,8,0,0,228,,,68.8,,,,63.4,,,65.3,0,0,29,0,0,0,0,0,0
Logan Fife,128176,QB,MONTANA,12,0,0,232,,,67.3,,,,62.3,,,61.2,0,0,64,0,0,0,0,0,0
Matt Lowe,128185,TE,MORGAN ST,12,0,0,235,,,73.4,,,,58.6,,,75.3,0,1,44,0,0,27,3,0,0
Riley Wilson,128218,ED,MONTANA,12,0,0,232,58.2,,,,,,58.4,,,67.4,0,0,0,54,0,0,0,4,0
Marquese Allen-Patmon,128219,S,ARKAPB,12,1,0,112,59.8,,,,,,61.2,,,49.3,2,1,0,34,58,54,45,29,2
Davion Blackwell,128223,LB,AUSTINPEAY,12,0,0,116,59.7,,,,,,66.4,,,78.0,2,0,0,24,50,0,45,27,4
Jonah Chong,128227,QB,N COLORADO,11,0,0,253,,,63.7,,,,61.4,,,60.9,0,0,24,0,0,0,0,0,0
Angel King,128234,S,WEBER ST,11,0,0,342,59.8,,,,,,64.6,,,66.6,0,0,0,28,4,0,0,6,0
Mathias Bertram,128255,S,IDAHO,14,2,0,185,59.7,,,,,,63.8,,,59.8,2,1,0,42,44,50,40,37,3
Dion Hunter,128264,LB,AUSTINPEAY,12,1,0,116,60.1,,,,,,73.0,,,73.1,0,0,0,27,33,16,0,23,1
Connor Witthoft,128287,TE,DELAWARE,11,0,0,151,,,74.5,59.9,,,63.3,,,65.3,0,0,55,0,0,15,0,0,0
Vai Kaho,128304,LB,MONTANA,12,0,0,232,59.4,,,,,,60.5,,,67.1,0,0,0,43,0,0,0,6,0
Jay Rudolph,128313,TE,SACRAMENTO,3,0,0,279,,,60.0,,,,59.1,,,65.5,0,0,7,0,0,16,0,0,0
Joey Wright,128318,T,SACRAMENTO,11,0,0,279,,,75.6,,,,65.7,,,74.9,0,0,57,0,0,0,0,0,0
Shamar Garrett,128323,WR,UTAHTC,10,0,0,1285,,,,52.5,,,61.6,74.1,,67.8,0,0,0,0,5,69,1,40,0
Mikale Greer,128324,CB,N ARIZONA,13,0,0,252,59.7,,,,,,68.8,,,75.2,0,0,0,15,0,3,0,35,0
Elijah Wood,128340,ED,UTAHTC,8,0,0,1285,59.5,,,,,,51.8,,,70.4,1,0,0,9,30,0,0,1,0
Garrett Walchli,128403,WR,MONTANA ST,6,0,0,233,,,,,,,64.9,,,70.6,0,0,0,0,15,4,0,15,0
Hank Gibbs,128414,QB,N COLORADO,1,0,0,253,,,,,,,60.2,,,68.6,0,1,0,0,0,4,0,0,0
Matthew Barnes,128742,T,DAYTON,8,0,0,150,,,,,,,60.9,,,65.9,0,0,0,0,0,0,34,0,0
A.J. Seay,128788,CB,N ALABAMA,10,0,0,389,59.9,,,,,,64.0,,,76.2,0,0,0,19,5,3,0,21,0
Dylan Leiggi,128825,T,W ILLINOIS,3,0,0,345,,,65.5,,,,62.8,,,68.6,0,0,11,0,0,0,0,0,0
Mason Jones,128960,G,BUCKNELL,4,0,0,125,,,60.0,,,,59.8,,,64.3,0,0,5,0,0,0,1,0,0
Mena Mannan,128965,TE,E KENTUCKY,2,0,0,159,,,60.0,,,,57.3,,,63.2,0,0,2,0,0,3,0,0,0
Spencer Rich,129054,LB,UTAHTC,8,0,0,1285,58.5,,,,,,60.9,,,74.1,0,0,0,58,0,2,19,26,0
Jeremiah Bailey,129179,DI,E KENTUCKY,13,0,0,159,58.0,,72.9,,,,62.7,,,74.6,0,0,41,49,0,0,62,20,0
Shivan Abdullah,129328,QB,TENN STATE,3,0,0,308,,60.0,,,58.2,,60.0,,,69.1,0,0,1,0,7,0,0,0,0
Reuben Lowery III,129393,S,CHATTNOOGA,11,0,0,137,59.6,,,,,,64.5,,,68.4,0,0,0,43,1,0,2,29,0
Bo Spearman,129400,LB,AUSTINPEAY,12,0,0,116,59.7,,,,,,58.9,,,28.9,0,1,0,27,3,0,31,25,1
Jordan Walker,129403,S,CHATTNOOGA,12,0,0,137,59.6,,,,,,59.5,,,68.0,0,0,0,43,2,0,14,0,0
Quay Wiggles,129404,DI,CHATTNOOGA,12,0,0,137,58.9,,,,,,61.4,,,71.0,0,0,0,32,0,0,0,18,0
Reid Williams,129405,C,CHATTNOOGA,1,0,0,137,,,,,,75.6,61.1,,,61.9,0,0,0,0,0,0,1,0,0
Blaise Sparks,129428,T,DELAWARE,1,0,0,151,,,60.0,,,,60.0,,,60.9,0,0,1,0,0,0,0,0,0
Kevin Tyler,129429,G,PRVIEW A&M,12,0,0,270,,,77.4,,,,65.4,,,64.2,0,0,52,0,0,0,0,0,0
Josh Volk,129484,G,N IOWA,12,0,0,255,,,76.0,,,,65.0,,,63.9,0,0,43,0,0,0,0,0,0
Sebastian Alonso,129492,LS,GEORGETOWN,11,0,0,172,,,81.6,,,80.5,73.8,,,29.4,1,1,34,0,0,0,58,0,4
Nick DeGennaro,129503,WR,RICHMOND,9,0,0,276,,,,,,,61.7,69.9,,70.6,0,0,0,0,0,17,0,30,0
Khristopher Love,129523,G,TXAMEA,12,0,0,1139,,,,,,,66.7,,,66.1,0,0,0,0,0,0,57,0,1
Zach Perkins,129529,G,HAMPTON,12,0,0,178,,,77.7,,,,65.7,,,67.4,0,0,57,0,0,0,0,0,0
Isaac Dowling,129553,LB,MERCER,11,0,0,219,60.3,,,,,,64.4,,,76.2,0,0,0,31,0,4,0,9,0
TJ Moore,129562,CB,MERCER,13,0,0,219,60.3,,,,,,64.5,,,75.5,1,0,0,44,0,3,46,11,2
Jordan Swain,129565,DI,MERCER,4,0,0,219,58.6,,,,,,59.6,,,71.9,0,0,0,12,0,11,0,4,0
Jaden Taylor,129567,DI,NC CENT,7,0,0,247,58.9,,,,,,61.3,,,68.1,0,0,0,9,0,0,0,7,0
Jerome Nichols,129591,LB,FL A&M,7,1,0,164,59.6,,,59.9,,,65.0,,,69.0,0,0,0,11,13,17,0,3,2
Noah Stewart,129598,T,E WASHGTON,7,0,0,161,,,69.1,,,,63.5,,,65.5,0,0,29,0,0,0,0,0,0
Jake Thaw,129600,WR,DELAWARE,11,0,0,151,,,,62.7,,,59.2,74.2,,67.8,0,0,0,0,0,5,0,50,0
Donovan Eaglin,129612,HB,ALAB A&M,5,0,0,104,,,,,,,55.9,,,65.6,0,0,0,0,0,2,3,0,0
Devin Hightower,129621,LB,RHODE ISLD,14,0,0,274,58.9,,,,,,63.3,,,68.0,0,0,0,40,7,0,0,3,1
Nikobe Myers,129629,CB,ALAB A&M,6,2,0,104,,,,,,,73.2,,,78.0,0,0,0,0,31,19,15,13,2
Tyrell Lawrence,129658,G,ALAB A&M,12,0,0,104,,,78.9,,,,64.0,,,65.3,0,0,63,0,0,0,5,0,0
Victor Pless,129664,CB,MERCER,4,0,0,219,59.8,,,,,,61.2,,,69.0,0,0,0,2,5,3,1,1,0
Marquis Black,129675,DI,GARD-WEBB,12,0,0,171,57.6,,,,,,57.6,,,67.9,0,0,0,44,0,0,0,6,0
Barron Miles,129702,WR,GRAMBLING,9,0,0,177,,,,,,,57.8,,,28.9,0,1,0,0,0,29,0,24,0
Eli Simonson,129712,T,UC DAVIS,2,0,0,322,91.3,,,,,,93.0,,,62.8,0,0,0,2,0,0,0,0,0
Jordan Butler,129719,DI,ABILENE CH,3,0,0,100,58.8,,,,,,58.9,,,63.9,0,0,0,3,0,0,0,0,0
George French II,129780,T,ABILENE CH,9,0,0,100,,,73.5,,,,56.8,,,28.7,0,1,52,0,0,0,0,0,0
Mason Stahl,129795,WR,SACR HEART,10,0,0,280,,,,,,,54.4,66.9,,74.3,1,1,0,0,13,7,39,21,0
Collin Sullivan,129834,WR,HOUCHR,6,0,0,183,,,,,,,59.9,,,72.2,0,0,0,0,0,22,0,0,0
Khalan Griffin,129847,HB,LAMAR,4,0,0,204,,,,,,,47.1,,,66.4,1,0,0,0,1,0,5,0,0
Amir Byrd,129872,S,MAINE,8,0,0,212,59.9,,,,,,58.4,,,72.1,1,0,0,6,7,0,0,26,0
Stanley Dennis II,129875,DI,SACR HEART,7,0,0,280,59.0,,,,,,61.0,60.2,,71.1,0,0,0,13,4,0,11,11,0
Beau Lanzidelle,129883,G,MERRIMACK,11,0,0,385,,,72.9,,,,64.3,,,66.1,0,0,48,0,0,0,0,0,0
Lorenzo Garcia,129954,K,ALCORN ST,3,0,0,107,,,,,39.4,,60.8,,,71.5,0,0,0,0,14,0,0,0,0
John Hartman,130273,G,COLGATE,12,0,0,142,,,75.3,,,,65.0,,,72.6,0,0,44,0,0,0,13,0,0
Isiah Childs,130284,LB,MONTANA,12,0,0,232,,,,64.0,,,63.1,,,44.0,1,1,0,0,68,49,44,42,3
Ronald Jackson Jr.,130297,CB,MONTANA,13,1,0,232,59.5,,,,,,73.6,60.3,,50.6,0,1,0,52,0,0,47,3,3
Austin Hill,130334,WR,STETSON,1,0,0,302,,,,,,,59.3,64.4,,65.1,0,0,0,0,0,0,1,8,0
Donny Marcus,130340,HB,CENT CT ST,8,0,0,133,,,,58.6,,,78.8,,,69.8,0,0,0,0,0,41,0,1,0
Jeremiah Banks-Wall,130351,T,W ILLINOIS,1,0,0,345,,,60.0,,,,60.0,,,60.9,0,0,1,0,0,0,0,0,0
Elijah Eberhardt,130360,CB,ALAB A&M,12,1,0,104,59.5,,,,,,63.4,,,77.9,1,0,0,24,18,0,5,34,1
Deshawn Jones Jr.,130367,CB,STNY BROOK,10,0,0,303,59.8,,,,,,62.4,,,74.2,0,0,0,17,3,1,4,12,0
Javonte Kinsey,130372,TE,CAMPBELL,5,0,0,131,,,,,,,56.8,,,68.0,0,0,0,0,2,20,0,0,0
Marcus Sheppard,130383,CB,N DAK ST,13,0,0,250,60.0,,,,,,62.3,,,71.7,0,0,0,31,0,0,0,9,0
Kody Sparks,130385,QB,TENN MARTN,1,0,0,310,,,,,,,60.2,,,66.3,0,0,0,0,0,2,0,0,0
Jack Wardzala,130391,DI,DAYTON,10,0,0,150,79.8,,,,,,89.9,,,70.7,0,0,0,28,0,0,0,4,0
Lonnie Rice,130418,LB,BRYANT,10,0,0,124,59.7,,,,,,54.5,,,70.3,1,0,0,24,9,0,0,2,0
AJ Urbaniak,130423,G,MERRIMACK,11,0,0,385,,,74.0,,,,65.2,,,75.3,0,0,48,0,0,0,0,0,0
Fred Stokes,130444,ED,PRVIEW A&M,12,0,0,270,58.9,,69.0,,,,54.0,,,28.5,0,1,26,28,0,0,12,14,0
Jason Eaton,130454,T,TENN MARTN,14,0,0,310,,,77.1,,,,60.9,,,29.0,0,1,73,0,0,0,0,0,0
Adam Heston,130461,P,SE MO ST,13,0,0,293,,,67.9,,,,62.5,,60.2,62.5,0,0,75,0,0,0,3,0,0
Peyton Knight,130467,LS,SE MO ST,13,0,0,293,,,90.0,,,87.5,80.0,,,67.0,0,0,75,0,0,0,51,0,1
Coleon Smith,130480,T,S ILLINOIS,4,0,0,295,,,64.2,,,,62.6,,,69.0,0,0,12,0,0,0,0,0,0
Jeremiah Batiste,130509,CB,CHATTNOOGA,11,1,0,137,59.5,,,,,,66.0,,,75.6,0,0,0,22,6,4,24,17,0
James Burns,130513,WR,PRVIEW A&M,3,0,0,270,,,,59.1,,,59.7,,,63.6,0,0,0,0,0,6,0,0,0
Aveon Smith,130529,QB,ALAB A&M,1,0,0,104,,,,59.1,,,59.8,,,62.2,0,0,0,0,0,5,0,0,0
Jacquez Warren,130534,S,ROB MORRIS,8,0,0,277,59.8,,,,,,61.3,,,71.5,0,0,0,16,0,6,0,3,0
Keion Battle,130537,WR,W ILLINOIS,1,0,0,345,,,,,,,76.5,,,68.4,0,0,0,0,0,8,8,0,2
Drew Cassens,130544,TE,BUTLER,7,0,0,127,,,70.3,,,,63.4,,,64.0,0,0,31,0,0,2,0,0,0
Billy Dozier,130549,HB,BUTLER,1,0,0,127,,,,,,,60.1,,,65.4,0,0,0,0,0,2,0,0,0
CJ Dunn,130551,DI,ALAB A&M,6,0,0,104,90.1,,,,,,91.1,,,66.5,0,0,0,13,0,0,0,3,0
Patrick Hoffmann,130556,WR,S DAK ST,1,0,0,292,59.3,,,,,,59.6,,,61.6,0,0,0,1,0,0,0,0,0
Bryce McNair,130598,T,MERCER,4,0,0,219,,,,,,,61.7,,,70.0,0,0,0,0,0,10,0,2,0
Keegan Wilburn,130608,WR,BRYANT,3,0,0,124,,,,56.7,,,59.9,,,63.1,0,0,0,0,0,17,0,0,0
Jaelen Crider,130616,DI,YNGTOWN ST,11,0,0,353,58.1,,,,,,58.6,,,68.6,0,0,0,37,0,0,0,5,0
Mitch Bartol,130644,TE,ILL STATE,14,1,0,188,,,70.9,,,,64.5,,,76.9,1,0,32,0,5,39,60,0,0
Dylan Calabrese,130646,LS,ILL STATE,14,0,0,188,,,88.6,,,89.4,79.2,,,67.4,2,0,63,0,0,0,64,0,3
Quinton Cannon,130647,LB,GARD-WEBB,12,1,0,171,59.8,,,,,,57.6,,,32.3,1,1,0,20,31,40,46,13,2
Anthony Enechukwu,130649,S,GARD-WEBB,11,0,0,171,59.7,,,,,,62.7,,,71.0,0,0,0,21,41,9,6,2,0
Ryan Kilburg,130652,S,E ILLINOIS,1,0,0,158,59.9,,,,,,60.0,,,61.1,0,0,0,1,0,0,0,0,0
Jeremiah Piper,130659,CB,W ILLINOIS,12,0,0,345,60.2,,,,,,64.3,,,80.8,0,0,0,41,57,49,25,18,0
Logan Wilson,130669,DI,INDIANA ST,8,0,0,191,58.4,,,,,,57.1,,,67.9,0,0,0,17,0,0,52,0,0
Jamarion Ellis,130674,ED,ALAB A&M,9,0,0,104,58.7,,,,,,51.2,,,28.6,0,1,0,41,0,6,0,8,0
Boothe Larkin,131015,LS,ARKAPB,1,0,0,112,,,,,,68.0,62.1,,,63.9,0,0,0,0,0,0,6,0,0
Brian Booker,131222,DI,TEXAS STHN,11,0,0,313,59.2,,72.2,,,,63.5,,,67.9,0,0,42,20,0,0,0,7,0
Dahlyn Jones,131319,TE,WEBER ST,1,0,0,342,,,,,,,60.0,,,62.2,0,0,0,0,0,1,0,0,0
Kobe Paul,131399,WR,JACKSON ST,4,0,0,194,,,,,,,65.7,,,85.5,0,0,0,0,12,14,0,6,0
Elijah Bowser,131436,T,TENN MARTN,14,0,0,310,,,79.5,,,,66.9,,,75.2,0,0,76,0,0,0,0,0,0
Jayden Becks,131443,HB,MO STATE,10,0,0,230,,,,60.5,,,60.3,,,65.5,0,0,0,0,0,56,0,5,0
Quincy Johnson,131445,S,MORGAN ST,3,0,0,235,60.0,,,,,,60.7,,,67.8,0,0,0,4,1,0,6,3,0
Khary Crump,131568,CB,HOUCHR,12,0,0,183,59.3,,,,,,59.0,,,33.1,1,1,0,56,58,0,9,12,2
Ugochukwu Nosike,131590,DI,W CAROLINA,10,0,0,344,58.3,,,,,,58.8,,,68.9,0,0,0,19,0,0,0,5,0
Edric Whitley,131599,CB,TEXAS STHN,10,1,0,313,59.6,,,,,,67.6,,,29.0,0,2,0,21,29,0,5,21,5
Evan Burkhart,131607,WR,CAL POLY,6,0,0,129,,,,57.9,,,64.2,,,71.3,0,0,0,0,2,9,0,15,0
Will Shaffer,131628,LB,ABILENE CH,13,0,0,100,59.8,,,,,,62.3,,,75.1,0,0,0,68,0,1,0,7,0
Dejuan Butler,131640,CB,SACRAMENTO,12,1,0,279,,,,,,,70.5,,,85.4,0,0,0,0,63,75,37,28,5
Everett Johnson,131652,G,MONTANA,14,0,0,232,,,76.5,,,,65.1,,,66.4,0,0,75,0,0,0,0,0,0
Tyson McWilliams,131658,CB,UC DAVIS,12,0,0,322,60.1,,,,,,67.6,,,76.8,0,0,0,18,54,4,11,21,1
Tramayne Mejia-Paster,131662,LB,BETH COOK,8,0,0,119,59.6,,,,,,57.0,,,74.4,0,0,0,13,0,0,23,2,0
Chris Street,131668,HB,UTAHTC,9,0,0,1285,,,,59.1,,,69.0,,,78.0,0,0,0,0,20,73,66,8,3
Caleb Fauria,131676,TE,DELAWARE,2,0,0,151,,,,,,,60.1,,,65.1,0,0,0,0,0,2,0,0,0
Devin Grant,131680,ED,INCAR WORD,13,0,0,189,58.9,,,,,,61.0,,,74.6,0,0,0,32,0,0,0,6,0
Trey Ortega III,131689,S,VALPO,5,1,0,332,59.3,,60.0,,,,65.3,,,69.1,0,0,5,8,8,12,0,2,1
Alvin Williams,131698,ED,NORFOLK,11,0,0,244,58.5,,70.9,,,,61.2,,,72.6,0,0,33,14,0,37,0,4,0
Louie Cresto,131707,ED,IDAHO ST,6,0,0,186,58.4,,,,,,58.5,,,65.9,0,0,0,17,0,0,0,1,0
Cooper Shults,131724,TE,SAN DIEGO,6,0,0,283,,,71.1,,,,63.7,,,62.5,0,0,34,0,0,0,0,0,0
Isaac Ward,131841,QB,FURMAN,1,0,0,170,,,,,,,59.8,,,65.9,0,0,0,0,0,8,0,0,0
Faysal Aden,131843,HB,ALBANY,1,0,0,106,,,,,,,60.0,,,64.8,0,0,0,0,0,1,0,0,0
Rob Bonar,131848,LB,LAMAR,1,0,0,204,,,,,,,60.0,,,64.4,0,0,0,0,0,0,1,0,0
Kenzel Lawler,131861,CB,MONTANA,13,0,0,232,59.8,,,,,,65.0,,,57.0,0,1,0,2,59,4,49,43,4
Sione Tuha,131880,LB,N COLORADO,9,0,0,253,59.8,,,,,,68.1,,,72.5,1,0,0,23,3,0,39,8,2
Braedon Wissler,131885,HB,SO UTAH,12,0,0,298,,,,58.1,,,56.6,,,67.3,0,0,0,0,0,63,4,0,0
Bradley McGannon,131904,DI,S DAKOTA,2,0,0,291,,,,,,,60.3,,,65.2,0,0,0,0,0,0,0,2,0
Sawyer Racanelli,131910,WR,MONTANA,10,0,0,232,,,,,,,74.0,,,76.1,0,0,0,0,0,5,30,11,3
Moon Ashby,131923,ED,UTAHTC,1,0,0,1285,,,,,,,60.2,,,64.3,0,0,0,0,0,4,0,0,0
Marquise Freeman,131931,ED,CHATTNOOGA,8,0,0,137,58.7,,,,,,60.0,,,66.6,0,0,0,10,0,0,0,6,0
Alphonse Oywak,131949,CB,E WASHGTON,12,0,0,161,59.7,,,,,,61.9,,,71.3,0,0,0,40,1,0,0,7,0
Donivan Wright,131963,WR,ALAB A&M,10,0,0,104,,,,69.6,,,58.2,91.1,,68.5,0,0,0,1,0,28,10,18,0
Jaheim Lowe,132049,LB,TXAMEA,4,0,0,1139,60.0,,,,,,63.6,,,69.1,0,0,0,4,3,0,0,8,0
Syncere Massey,132106,DI,TEXAS STHN,11,0,0,313,58.5,,60.0,,,,59.1,,,68.1,0,0,1,37,0,0,0,3,0
Demetrios Walker II,132316,ED,SOUTHERN U,3,0,0,297,59.9,,,,,,63.5,,,68.3,0,0,0,3,15,0,0,1,0
William McRainey,132419,LB,E TENN ST,12,1,0,157,59.6,,,,,,57.8,,,37.0,0,1,0,44,2,2,40,19,0
Raequan Ousley,132422,CB,GARD-WEBB,12,0,0,171,90.9,,,,,,90.4,,,27.5,0,2,0,28,6,0,3,20,0
Kevon Angry,132430,CB,ALBANY,12,0,0,106,90.1,,,,,,90.3,,,70.2,0,0,0,40,0,0,0,18,0
Jaiden Bond,132431,HB,W CAROLINA,3,0,0,344,59.9,,,,,,62.2,,,72.1,0,0,0,1,1,18,2,4,0
Caleb Carter,132433,T,W CAROLINA,12,0,0,344,,,79.3,,,66.0,66.7,,,74.4,0,0,74,0,0,0,1,0,0
Colby Cross,132434,LS,W CAROLINA,12,1,0,344,,,61.2,,,46.7,56.0,,,29.8,1,1,74,0,0,0,52,0,0
Jaquarius Guinn,132436,DI,W CAROLINA,11,0,0,344,58.3,,,,,,58.6,,,67.6,0,0,0,22,0,0,0,5,0
Keenan Hambrick,132437,WR,ALAB A&M,6,0,0,104,,,,,,,53.1,,,66.5,0,0,0,0,0,2,5,0,0
Calvin Jones,132441,WR,W CAROLINA,9,0,0,344,,,,49.8,,,59.7,36.6,,65.2,0,0,0,0,0,45,0,9,0
Chris Morgan,132445,DI,W CAROLINA,12,0,0,344,57.9,,,,,,59.6,,,71.7,0,0,0,34,0,0,22,17,0
Giovanni Ricciardi,132448,LB,CITADEL,11,1,0,139,60.2,,,,,,70.3,,,76.9,0,0,0,32,47,54,48,28,3
Paxton Robertson,132449,K,W CAROLINA,9,0,0,344,,55.1,,,75.0,,63.3,,60.0,75.5,0,0,27,0,56,0,1,0,1
Quintin Talley,132454,S,GRAMBLING,3,0,0,177,60.0,,,,,,60.3,,,66.3,0,0,0,8,0,0,0,3,0
Trenton Leary,132721,WR,TEXAS STHN,11,0,0,313,,,,67.0,,,59.8,63.1,,70.8,0,0,0,0,0,60,0,22,0
Jestus Johnson,132972,G,DELWARE ST,4,0,0,152,,,69.6,,,,53.3,,,26.8,0,1,18,0,0,0,0,0,0
Duncan Parham,133087,ED,CENT ARK,12,0,0,132,59.8,,,,,,57.3,,,29.3,0,1,0,1,0,25,0,51,0
Davone Walden Jr.,133201,CB,CENT CT ST,13,0,0,133,59.5,,,,,,81.6,,,79.9,0,0,0,49,3,5,61,20,6
Tylan George,133221,LB,INCAR WORD,14,0,0,189,60.0,,,,,,66.2,,,71.9,0,0,0,1,9,73,0,0,2
Tah Banda,133231,LB,LAMAR,11,0,0,204,59.4,,,,,,60.6,,,78.7,1,0,0,27,38,23,15,2,1
Anas Luqman,133626,ED,ARKAPB,11,0,0,112,58.0,,,,,,59.5,,,73.0,0,0,0,44,0,0,0,16,0
Blake Howard,133657,LB,E KENTUCKY,12,0,0,159,,,,54.6,,,60.8,,,77.7,1,0,0,0,45,51,1,14,1
Quincy Hughes,133667,T,WOFFORD,12,0,0,350,,,70.1,,,,63.6,,,65.2,0,0,34,0,0,0,1,0,0
David Maurer,133703,K,DAYTON,11,0,0,150,,,,,61.4,,63.1,,,76.1,0,0,0,0,47,0,0,0,0
Joshua Thornhill,133881,S,BETH COOK,12,0,0,119,59.8,,,,,,47.3,,,79.2,1,1,0,24,9,3,3,36,0
Cam Junior,133941,LB,E KENTUCKY,13,0,0,159,59.6,,,,,,61.2,,,68.3,0,0,0,35,0,0,0,7,0
Ray Coney,133963,LB,E TENN ST,12,0,0,157,59.7,,,,,,67.0,,,71.0,0,0,0,39,29,2,0,15,1
MJ Flowers,134081,HB,E ILLINOIS,1,0,0,158,,,,,,,60.0,,,62.0,0,0,0,0,0,1,0,0,0
Ronnie Thomas Jr.,134318,WR,LNDNWD,4,0,0,949,,,,56.7,,,60.3,53.3,,63.5,0,0,0,0,0,18,0,2,0
Caleb Lewis,134662,HB,TARLETON,4,0,0,401,,,,,,,60.1,64.5,,66.7,0,0,0,0,0,11,0,12,0
Dominik Stadlman,134696,K,AUSTINPEAY,12,0,0,116,,,66.6,,,,63.7,,71.4,73.4,0,1,53,0,0,0,63,1,0
Steven Lewis,134735,DI,SE MO ST,3,0,0,293,58.6,,,,,,59.8,,,65.5,0,0,0,10,0,0,15,2,0
Dony'e Taylor,134747,CB,SE MO ST,4,0,0,293,,,,,,,69.8,,,73.0,0,0,0,0,22,11,16,11,2
Gianini Belizaire,134754,DI,INDIANA ST,12,0,0,191,57.6,,,,,,57.2,,,70.0,0,0,0,46,0,0,0,0,0
Devin Love,134766,DI,S ILLINOIS,12,0,0,295,57.7,,,,,,57.9,,,68.8,0,0,0,44,0,0,0,5,0
Peyton Reeves,134769,DI,S ILLINOIS,11,0,0,295,58.6,,,,,,58.9,,,68.1,0,0,0,43,0,0,0,1,0
Joey Spano,134771,K,LIUSHAR,1,0,0,1298,,,,,,,60.0,,55.0,66.2,0,0,0,0,0,0,3,0,0
Jeffrey Wells,134774,S,S ILLINOIS,4,0,0,295,,,,,,,43.5,,,26.3,0,1,0,0,16,3,0,0,0
Braden Hay,134814,LB,HOUCHR,9,0,0,183,60.3,,,,,,60.9,,,70.6,0,0,0,45,0,0,10,0,0
Leon Young,136847,DI,TXAMEA,12,0,0,1139,69.3,,,,,,75.8,,,73.6,0,0,0,42,0,0,0,5,0
Darius Cooper,136866,WR,TARLETON,12,0,0,401,,,,60.0,,,56.5,,,70.6,0,0,0,0,0,2,55,0,0
Greg Eggleston Jr.,136871,CB,TARLETON,8,0,0,401,60.0,,,,,,60.2,,,68.5,1,0,0,3,36,0,0,2,1
Marsean Fisher,136873,WR,TARLETON,14,0,0,401,,,,,,,69.4,,,61.1,0,1,0,0,81,1,56,41,3
Jack Gallagher,136876,T,TARLETON,14,0,0,401,,,76.3,,,,65.1,,,66.3,0,0,73,0,0,0,0,0,0
Adrian Guzman,136879,K,TARLETON,13,0,0,401,60.0,58.3,,,71.7,,64.2,,68.1,78.6,0,0,23,6,52,0,58,0,0
D.J. Harris,136881,LB,HOUCHR,12,0,0,183,59.3,,,,,,53.9,,,73.4,1,0,0,48,7,31,0,6,0
Keylan Johnson,136890,WR,TARLETON,3,0,0,401,,,,,,,62.2,,,69.9,0,0,0,0,0,0,2,9,0
Derrel Kelley III,136894,HB,TARLETON,1,0,0,401,,,,,,,60.0,,,62.7,0,0,0,0,0,1,0,0,0
Robert Rios,136904,DI,TARLETON,9,0,0,401,58.3,,,,,,59.0,,,70.7,0,0,0,17,0,0,0,3,0
Deangelo Rosemond,136907,CB,TARLETON,11,0,0,401,,,,62.3,,,60.6,,,64.3,0,0,0,0,0,52,0,0,0
Devin Sterling,136912,LB,TARLETON,10,0,0,401,59.9,,,,,,61.0,,,71.4,0,0,0,23,2,3,11,4,0
Kyle Weber,136927,TE,TARLETON,14,0,0,401,,,77.9,,,,63.6,,,78.7,0,0,72,0,0,69,62,0,1
Branden Coleman,137434,CB,WAGNER,9,0,0,338,59.8,,,,,,68.0,,,73.3,0,0,0,2,6,0,0,26,0
Colin Bohanek,137996,LB,S ILLINOIS,2,0,0,295,60.4,,,,,,60.4,,,62.3,0,0,0,9,0,0,0,0,0
Kaelin Drakeford,138003,S,E ILLINOIS,11,0,0,158,59.7,,,,,,69.4,,,79.7,0,0,0,53,28,1,0,16,2
Jaron Hacha,138008,DI,E ILLINOIS,8,0,0,158,57.9,,,,,,58.5,,,66.7,0,0,0,15,0,0,0,5,0
Tyris Harvey,138009,CB,ROB MORRIS,11,0,0,277,59.8,,,,,,55.9,,,29.8,0,1,0,36,13,12,3,35,0
Jamari Johnson,138013,ED,E ILLINOIS,6,0,0,158,59.4,,,,,,61.3,,,66.0,0,0,0,3,0,0,0,5,0
Drake Van Hyfte,138029,DI,E ILLINOIS,9,0,0,158,58.4,,,,,,62.3,,,68.6,0,0,0,17,0,0,31,9,1
Cooper Willman,138032,WR,E ILLINOIS,12,0,0,158,,,60.0,57.2,,,60.9,70.9,,67.0,0,0,2,1,1,32,0,42,0
Jamari Dailey,138038,S,MURRAY ST,12,0,0,236,59.8,,,,,,68.9,,,41.2,0,1,0,49,44,12,13,2,4
Andrew Long,138048,ED,MURRAY ST,10,0,0,236,59.7,,,,,,59.2,,,70.3,0,0,0,12,26,0,0,1,0
Shug Walker,138060,LB,S ILLINOIS,11,0,0,295,59.9,,,,,,57.3,,,72.1,1,0,0,20,2,27,52,3,1
Damonta Witherspoon,138062,HB,SAMFORD,11,0,0,282,,,,63.5,,,58.7,,,70.3,0,0,0,0,0,58,0,0,0
DC Pippin,138064,K,SE MO ST,13,0,0,293,,77.6,,,67.2,,64.1,,,77.1,0,0,75,0,82,0,0,0,2
Detoye Adewole,138065,ED,MURRAY ST,11,0,0,236,58.6,,,,,,58.7,,,67.2,0,0,0,34,0,0,0,0,0
Emmanuel Baez,138068,ED,TENN STATE,11,0,0,308,59.0,,,,,,59.6,,,70.0,0,0,0,35,0,0,12,4,0
Tramel Brown II,138071,G,ALCORN ST,1,0,0,107,,,60.0,,,,60.0,,,63.4,0,0,1,0,0,0,0,0,0
Carson Buchanan,138072,LS,TENN STATE,13,1,0,308,,,85.2,,,88.6,89.0,,,67.5,0,0,63,0,0,0,69,0,4
Ahmad Nelson,138090,LB,TENN STATE,13,0,0,308,59.7,,,,,,64.8,,,68.4,0,0,0,55,0,1,0,24,0
Jalen Rouse,138095,HB,TENN STATE,5,0,0,308,,,,,,,67.7,,,72.6,0,0,0,0,26,5,1,9,1
Zaire Thornton,138097,WR,CHATTNOOGA,6,0,0,137,,,,,,,60.2,,,68.6,0,0,0,0,0,27,5,0,0
Chris Walker,138100,ED,TENN STATE,10,0,0,308,,,,,,,67.4,,,68.9,0,0,0,0,0,0,0,20,0
Kennedy Wilbert,138102,G,TENN STATE,13,0,0,308,,,24.0,,,,42.2,,,64.5,0,0,65,0,0,0,0,0,0
Hunter Barnhart,138107,TE,TENN TECH,12,0,0,309,,,,63.2,,,53.8,,,29.2,0,1,0,0,1,58,58,0,0
Kanstin Brooks,138109,DI,TENN TECH,12,0,0,309,57.6,,,,,,57.7,,,69.2,0,0,0,34,0,0,0,3,0
Adrian Hall Jr.,138117,DI,BETH COOK,11,0,0,119,59.2,,,,,,61.2,,,71.4,0,0,0,41,0,0,0,8,0
Dominic Howard,138122,S,SCAR STATE,8,1,0,290,,,,,,,51.3,,,73.3,2,0,0,0,10,0,0,30,0
Hayden Olsen,138132,K,TENN TECH,2,0,0,309,,63.9,,,,,60.0,,,63.5,0,0,5,0,0,0,0,0,0
Daniel Rickert,138135,ED,TENN TECH,11,0,0,309,58.8,,,,,,62.4,,,72.1,0,0,0,26,0,2,0,25,0
Mitchell Appleton,138146,G,TENN MARTN,14,0,0,310,,,78.1,,,,66.6,,,75.4,0,0,76,0,0,0,0,0,0
Oshae Baker,138147,S,TENN MARTN,14,0,0,310,59.4,,,62.1,,,64.7,74.5,,73.8,0,0,0,49,0,54,10,77,1
Kareem Dinzey,138153,LB,BRYANT,6,0,0,124,,,,,,,61.6,,,70.0,0,0,0,0,2,31,0,6,0
Zoe Roberts,138182,WR,TENN MARTN,1,0,0,310,,,,,,,60.1,,,63.5,0,0,0,0,0,2,0,0,0
Josiah Tingley,138187,G,TENN MARTN,14,0,0,310,,,60.0,,,,61.4,,,67.9,0,0,1,0,0,0,73,0,0
Shamari Weir,138188,LB,TENN MARTN,11,2,0,310,60.0,,,,,,67.6,,,75.6,1,0,0,1,42,45,10,3,1
LaVoise-Deontae McCoy,138192,LB,ILL STATE,14,0,0,188,79.0,,,,,,86.0,,,71.4,0,0,0,60,0,9,0,22,0
Darius Walker,138196,LB,ILL STATE,5,0,0,188,59.8,,,,,,61.7,,,64.3,0,0,0,11,0,0,0,4,0
Jeff Bowens,138200,CB,GARD-WEBB,12,0,1,171,59.8,,,,,,52.8,,,29.1,0,2,0,44,5,4,33,7,0
Javon Charles,138202,TE,ILL STATE,14,0,0,188,,,75.8,63.5,,,66.2,,,74.4,0,0,63,0,0,43,63,31,0
D'Marco Cross,138204,DI,BUTLER,9,0,0,127,58.7,,,,,,60.1,,,70.9,0,0,0,25,0,0,0,5,0
Dillon Gearhart,138206,S,ILL STATE,14,0,0,188,59.9,,,,,,73.0,,,75.0,0,0,0,59,6,0,57,25,5
Keondre Jackson,138208,S,ILL STATE,12,1,0,188,60.2,,,,,,57.8,,,71.3,2,0,0,47,0,0,31,24,1
Brett Spaulding,138214,TE,ILL STATE,14,0,0,188,,,75.5,,,,66.0,,,73.0,0,0,63,0,0,0,8,31,0
Bo Belquist,138230,WR,N DAKOTA,12,0,0,249,,,,,,,62.3,66.1,,67.9,0,0,0,0,3,0,0,47,0
Dylan Boecker,138231,ED,N DAKOTA,9,0,0,249,59.8,,,,,,62.1,,,78.1,0,0,0,4,0,52,0,2,0
Jack Ihry,138239,TE,N DAKOTA,2,0,0,249,,,,,,,61.1,,,66.6,0,0,0,0,7,6,0,0,0
Kason Kelley,138240,LB,N DAKOTA,11,0,0,249,59.1,,,,,,63.8,,,74.5,0,0,0,26,9,0,0,28,0
Jack Kuntz,138245,G,N DAKOTA,12,0,0,249,,,78.9,,,,65.5,,,65.7,0,0,63,0,0,0,22,0,0
Craig Orlando,138249,DI,N DAKOTA,12,0,0,249,57.3,,,,,,51.3,,,29.2,0,1,0,56,0,0,0,12,0
Wyatt Pedigo,138250,LB,N DAKOTA,11,0,0,249,59.8,,,,,,63.8,,,69.5,0,0,0,40,3,0,0,8,0
Marcus Preston,138252,WR,S DAK ST,7,0,0,292,,,,,,,64.6,,,73.1,0,0,0,0,6,10,0,17,0
Sam Robertson,138254,S,E KENTUCKY,3,0,0,159,59.8,,,,,,61.0,,,62.9,0,0,0,9,0,0,0,4,0
Isaiah Smith,138255,HB,N DAKOTA,2,0,0,249,,,,63.5,,,60.1,,,65.5,0,0,0,0,0,3,0,0,0
Quincy Vaughn,138259,TE,N DAKOTA,12,0,0,249,,,75.5,,,,64.8,,,61.6,0,0,63,0,0,0,0,0,0
Hayden Amos,138268,C,N IOWA,10,0,0,255,,,72.6,,,,64.8,,,74.4,0,0,39,0,0,0,0,0,0
Blake Anderson,138269,G,N IOWA,12,0,0,255,,,73.1,,,,64.9,,,71.6,0,0,43,0,0,0,0,0,0
Ben Belken,138271,LB,N IOWA,12,0,0,255,59.8,,,,,,65.7,,,71.5,0,0,0,49,11,7,21,20,1
Cannon Butler,138273,ED,N IOWA,12,0,0,255,57.3,,,,,,61.7,,,71.7,0,0,0,57,0,0,22,14,1
Jack Kriebs,138281,DI,N IOWA,6,0,0,255,59.0,,,,,,59.7,,,67.8,0,0,0,26,0,0,0,2,0
Cael Loecher,138283,P,N IOWA,2,0,0,255,,,,,,,60.0,,52.4,66.8,0,0,0,0,0,0,4,0,0
Steven Arrell,138293,CB,S DAK ST,15,1,0,292,59.6,,,,,,59.8,60.0,,75.2,2,0,0,19,92,0,17,15,0
Max Baloun,138294,DI,S DAK ST,15,0,0,292,66.3,,79.3,,,,72.1,,,75.7,0,0,86,39,0,0,0,1,0
Dalys Beanum,138295,CB,S DAK ST,15,0,0,292,59.7,,,,,,61.5,82.5,,70.6,0,0,0,33,0,2,0,51,0
Devon Cole Jr.,138297,WR,S DAK ST,3,0,0,292,,,,,,,60.2,,,68.8,0,0,0,0,1,0,0,4,0
A.J. Coons,138298,WR,S DAKOTA,14,0,0,291,60.1,,,,,,63.0,,,76.1,0,0,0,5,2,53,5,21,0
Hunter Dustman,138300,P,S DAK ST,15,0,1,292,,76.9,,,80.7,,65.2,,74.4,81.2,0,2,89,0,98,0,47,0,0
Caleb Francl,138302,S,S DAK ST,13,0,0,292,60.2,,,,,,55.0,,,73.4,1,0,0,33,0,0,36,2,0
Mark Gronowski,138303,QB,S DAK ST,2,0,0,292,,,,,,,60.0,,61.0,64.5,0,0,0,0,0,0,2,0,0
Abe Hoskins III,138304,CB,S DAK ST,7,0,0,292,60.0,,,,,,65.0,,,71.7,0,0,0,2,15,0,0,16,0
Randy Keumogne,138305,ED,S DAK ST,7,0,0,292,59.4,,,,,,59.6,,,63.9,0,0,0,11,0,0,0,0,0
Aaron Kusler,138306,LB,S DAK ST,14,1,0,292,60.0,,60.0,59.6,,,64.4,,,78.5,1,1,9,3,45,49,28,62,0
Jalen Lee,138309,G,S DAK ST,6,0,0,292,,,72.8,,,,64.2,,,65.3,0,0,29,0,0,0,0,0,0
Daeton Mcgaughy,138311,LB,S DAK ST,15,1,0,292,59.9,,,,,,67.1,,,32.6,0,1,0,17,17,2,23,15,1
Gus Miller,138312,C,S DAK ST,2,0,0,292,,,,,,,60.0,,,64.5,0,0,0,0,0,0,2,0,0
Cale Reeder,138314,S,S DAK ST,1,0,0,292,59.9,,,,,,60.0,,,61.0,0,0,0,3,0,0,0,0,0
Hunter Allen,138326,ED,YNGTOWN ST,11,0,0,353,58.8,,,,,,59.7,,,66.4,0,0,0,32,0,0,2,5,0
Aboubakare Dabo,138333,DI,SACR HEART,7,0,0,280,59.1,,,,,,61.8,,,72.0,0,0,0,12,0,0,0,12,0
Devin Johnson,138339,LB,YNGTOWN ST,12,0,0,353,59.9,,,,,,69.2,,,78.0,1,0,0,52,47,1,40,29,6
Dawan Martin,138345,ED,YNGTOWN ST,10,0,0,353,59.1,,,,,,60.4,,,67.9,0,0,0,28,0,0,0,5,0
Sam Merryman,138347,LS,YNGTOWN ST,12,0,0,353,,,87.4,,,73.2,61.8,,,29.3,1,1,57,0,0,0,38,0,0
David Metzler,138348,G,YNGTOWN ST,1,0,0,353,,,60.0,,,,61.0,,,62.9,0,0,5,0,0,0,0,0,0
Logan Pasco,138353,LB,YNGTOWN ST,9,2,0,353,59.9,,,,,,52.0,,,45.7,2,3,0,2,45,57,29,24,2
Amarian Robinson,138355,CB,W CAROLINA,12,0,0,344,59.9,,,,,,56.2,,,70.6,2,0,0,20,66,0,10,0,1
Brandan Serrano,138358,TE,YNGTOWN ST,12,2,0,353,,,,,,,64.4,,,74.1,0,0,0,0,37,50,40,5,2
Michael Voitus,138361,ED,YNGTOWN ST,12,0,0,353,59.0,,,,,,61.1,,,68.8,0,0,0,43,0,0,38,9,0
Michel Bergeron,138364,LS,DELWARE ST,11,0,0,152,,,81.0,,,80.9,71.8,,,67.1,1,0,39,0,0,0,59,0,1
Jeffery Broughton,138366,S,DELWARE ST,10,0,0,152,59.9,,,,,,76.1,,,69.2,0,0,0,7,31,6,0,3,5
Edward Core,138368,TE,DELWARE ST,1,0,0,152,,,,,,,60.0,,,63.0,0,0,0,0,0,1,0,0,0
Ron Holmes,138374,LB,ALBANY,12,0,0,106,59.9,,,,,,63.6,,,71.1,0,0,0,55,0,0,5,19,0
Eric Montes,138384,ED,DELWARE ST,12,0,0,152,58.7,,,,,,60.2,,,70.6,0,0,0,66,0,0,0,10,0
Matt Noll,138386,K,JACKSON ST,14,0,0,194,,,68.6,,,,63.4,,75.5,70.1,0,2,90,0,0,0,40,0,0
Aiden Weber,138399,LB,SCAR STATE,12,1,1,290,60.0,,,,,,57.2,,,27.4,2,5,0,14,70,47,47,35,12
Coleon Williams,138401,CB,MONMOUTH,11,4,0,231,,,,,,,51.9,,,29.9,2,1,0,0,69,57,1,0,0
Trey Alsbrooks,138403,ED,BUTLER,7,0,0,127,59.4,,,,,,62.2,,,77.1,0,0,0,13,0,0,0,5,0
Julian Bumper,138405,HB,ELON,5,0,0,162,,,,,,,63.2,29.5,,71.1,0,0,0,0,0,7,0,15,0
Josh Johnson,138411,ED,ELON,12,0,0,162,59.2,,64.1,,,,61.7,,,70.6,0,0,13,35,0,0,62,7,0
Will McCoy,138415,LS,ELON,7,0,0,162,,,,,,87.1,67.7,,,66.1,1,0,0,0,0,0,34,0,0
Daniel Moyer,138416,HB,ROB MORRIS,9,0,0,277,,,,,,,59.4,,,69.9,0,0,0,0,5,35,9,0,0
Jon Seaton,138421,DI,ELON,3,0,0,162,59.0,,,,,,59.0,,,62.8,0,0,0,3,0,0,0,0,0
Dylan Tucker,138424,CB,ELON,10,0,0,162,60.1,,,,,,63.2,,,72.4,0,0,0,25,3,0,0,13,0
Marcus Brown,138425,ED,INCAR WORD,13,0,0,189,80.8,,,,,,86.3,,,71.7,0,0,0,30,0,0,13,5,0
Kenny Gallop Jr.,138428,S,HOWARD,11,0,0,184,87.8,,,,,,72.0,,,74.1,0,0,0,45,44,6,50,0,2
Kasey Hawthorne,138431,WR,HOWARD,3,0,0,184,,,,59.9,,,59.1,,,67.1,0,0,0,0,0,4,1,0,0
Carson Hinton,138432,CB,HOWARD,12,1,0,184,80.7,,,,,,78.0,,,77.1,3,0,0,41,44,2,49,28,6
Jarett Hunter,138434,HB,HOWARD,1,0,0,184,,,,,,,60.0,,,63.3,0,0,0,0,0,0,1,0,0
Sammy Malignaggi,138458,HB,CAMPBELL,5,0,0,131,,,,59.9,,,67.7,,,71.9,0,0,0,0,13,19,15,13,2
Treyvon Branch,138505,T,MORGAN ST,2,0,0,235,,,60.0,,,,61.6,,,63.3,0,0,8,0,0,0,0,0,0
Carlvainsky Decius,138510,CB,MORGAN ST,12,0,0,235,59.7,,,59.9,,,70.6,,,78.0,2,0,0,41,14,20,18,27,1
Elijah Williams,138526,ED,MORGAN ST,12,0,0,235,75.8,,73.6,,,,77.2,,,76.0,0,0,49,42,0,45,53,8,0
Nate Brackett,138983,P,E TENN ST,12,0,0,157,,,67.2,,,,63.2,,56.2,71.2,0,0,62,0,0,0,46,0,0
Trey Foster,138994,HB,E TENN ST,11,0,0,157,,,,,,,59.4,,,36.0,0,1,0,0,3,40,9,50,0
Chris Hope,138995,S,E TENN ST,6,0,0,157,59.9,,,,,,77.7,,,81.1,0,0,0,21,12,2,23,2,4
Bryson Irby,138996,HB,E TENN ST,2,0,0,157,,,,,,,60.0,,,64.2,0,0,0,0,0,1,1,0,0
Trey Richburg,139011,G,NC CENT,6,0,0,247,,,70.2,,,,63.6,,,65.1,0,0,32,0,0,0,0,0,0
Braxton Shipp,139013,T,E TENN ST,8,0,0,157,,,73.5,,,,64.8,,,71.1,0,0,36,0,0,0,0,0,0
Luke Clark,139022,ED,FURMAN,9,0,0,170,58.5,,68.3,,,,61.0,,,68.9,0,0,24,49,0,0,16,10,0
Evan DiMaggio,139025,LB,FURMAN,11,0,0,170,60.0,,73.4,,,,74.2,,,67.4,0,0,46,1,0,0,33,11,2
Bailor Hughes,139031,HB,FURMAN,9,0,0,170,,,,,,,58.0,,,73.2,0,1,0,0,0,38,0,17,0
Blake Hundley,139032,T,FURMAN,3,0,0,170,,,64.2,,,,62.6,,,64.7,0,0,15,0,0,0,0,0,0
Jeremiah Jackson,139033,ED,FURMAN,11,0,0,170,,,,,,,64.7,,,68.3,0,0,0,0,0,0,0,11,0
E.J. Wilson,139048,G,FURMAN,10,0,0,170,,,75.8,,,,65.1,,,66.5,0,0,46,0,0,0,0,0,0
Riley Adcock,139051,C,MERCER,1,0,0,219,,,60.0,,,,61.0,,,61.8,0,0,3,0,0,0,0,0,0
Myles Jones,139053,ED,MERCER,1,0,0,219,60.0,,,,,,60.0,,,61.7,0,0,0,1,0,0,0,0,0
Parker Wroble,139055,WR,MERCER,14,1,0,219,,,,57.5,,,52.2,64.1,,28.5,1,3,0,1,51,55,3,78,2
Alex Applefield,139057,LS,SAMFORD,11,1,0,282,,,85.0,,,89.9,77.2,,,29.7,1,1,46,0,0,0,65,0,1
Zach Brown,139060,T,SAMFORD,11,0,0,282,,,52.6,,,,58.5,,,65.5,0,0,47,0,0,0,0,0,0
Wesley Carlock,139062,WR,SAMFORD,8,0,0,282,,,,,,,69.6,,,80.7,0,0,0,0,0,21,0,49,0
Josiah Cotton,139066,LB,STF AUSTIN,10,0,0,301,60.0,,,,,,63.2,,,72.0,0,0,0,20,1,1,0,9,0
Cooper Frazier,139071,C,SAMFORD,9,0,0,282,,,75.6,,,,64.9,,,64.1,0,0,41,0,0,0,0,0,0
Donovan Hawkins,139072,T,SAMFORD,11,0,0,282,,,75.8,,,,59.4,,,28.4,0,1,47,0,0,0,0,0,0
Johnny Johnson,139076,ED,SAMFORD,9,0,0,282,58.8,,,,,,58.8,,,66.0,0,0,0,27,0,0,0,0,0
Noah Martin,139079,LB,SAMFORD,11,0,0,282,59.9,,,,,,71.8,,,72.7,1,0,0,49,0,1,70,2,4
Mitchell Owen,139084,CB,SAMFORD,4,0,0,282,60.0,,,,,,55.8,,,28.5,0,1,0,1,16,0,0,24,1
Shelton Quarles Jr.,139089,LB,BETH COOK,11,0,0,119,59.9,,,,,,50.3,,,28.7,1,1,0,19,19,5,31,3,4
Wade White,139093,S,SAMFORD,10,0,0,282,60.0,,,,,,63.3,,,72.4,0,0,0,2,31,0,45,2,3
Andre Cooper II,139099,WR,ROB MORRIS,1,0,0,277,,,,,,,62.3,,,66.7,0,0,0,0,0,0,0,7,0
Cole Holtz,139106,C,VA MILT IN,2,0,0,336,,,60.0,,,,60.6,,,61.5,0,0,2,0,0,0,0,0,0
Chance Knox,139111,WR,STNY BROOK,3,0,0,303,,,,63.0,,,60.0,65.8,,64.6,0,0,0,0,0,6,0,11,0
Rashad Raymond,139121,HB,TENN MARTN,5,0,0,310,,,,,,,57.8,,,69.6,0,0,0,0,0,27,0,2,0
Tahj Summey,139125,S,VA MILT IN,3,1,0,336,59.8,,,,,,46.0,,,26.4,0,1,0,12,3,0,0,3,0
John Boyles,139139,ED,WOFFORD,12,0,0,350,59.5,,,,,,61.8,,,68.5,0,0,0,51,6,0,0,14,0
Bryce Corriston,139140,QB,WOFFORD,11,0,0,350,,,64.0,,,,61.3,,,63.5,0,0,26,0,0,0,2,0,0
Briggs Kearse,139150,G,WOFFORD,12,0,0,350,,,74.2,,,,64.5,,,64.0,0,0,34,0,0,0,1,0,0
Ezra King,139152,P,PRESBYTERN,12,0,0,271,,,,,,,63.0,,51.2,74.0,0,3,0,0,0,0,45,0,0
Chuck Smith,139157,ED,VILLANOVA,8,0,0,334,59.0,,,,,,61.5,,,69.2,0,0,0,9,0,0,0,7,0
Isaiah Wadsworth,139159,CB,WOFFORD,11,0,0,350,90.1,,,,,,84.8,,,29.8,0,1,0,48,0,0,0,36,0
Gilbert Deglau,139178,C,VILLANOVA,1,0,0,334,,,60.0,,,,60.6,,,63.6,0,0,3,0,0,0,0,0,0
Jonathan Hammond,139187,ED,WM & MARY,12,1,0,348,59.8,,,,,66.3,74.2,,,67.2,0,0,0,39,0,0,32,6,3
Jerrad Price,139221,DI,E ILLINOIS,11,0,0,158,57.5,,,,,,57.8,,,68.4,0,0,0,31,0,0,0,7,0
Jordan Bussey,139319,DI,MS VLY ST,8,0,0,228,58.2,,,,,,58.9,,,68.7,0,0,0,19,0,0,10,3,0
Trey Lockhart Jr.,139341,S,STETSON,10,1,0,302,59.6,,,,,,69.4,,,74.4,0,1,0,49,27,0,0,19,2
Desmond Moultrie,139348,HB,JACKSON ST,14,1,0,194,,,,63.2,,,79.9,,,87.1,2,0,0,0,97,57,41,67,7
Donovan Parham,139351,ED,MS VLY ST,12,0,0,228,58.5,,,,,,58.8,,,67.5,0,0,0,50,0,0,0,4,0
Anthony Petty,139352,S,JACKSON ST,11,0,0,194,59.9,,,,,,60.8,60.9,,74.2,0,0,0,7,0,3,0,33,0
Errick Simmons,139357,WR,JACKSON ST,7,2,0,194,,,,54.5,,,60.7,,,72.6,2,0,0,0,30,16,8,7,0
Jalen Freeman,139380,ED,LAMAR,12,0,0,204,58.8,,,,,,60.4,,,77.3,0,0,0,36,0,0,0,5,0
Devyn Gibbs,139381,TE,LAMAR,7,1,0,204,,,67.0,,,,68.2,,,68.0,0,0,20,0,0,0,18,0,0
Caimyn Layne,139389,ED,TARLETON,4,0,0,401,59.3,,,,,,44.5,,,27.3,0,1,0,9,0,0,0,10,0
Marcques Mayo,139392,T,GRAMBLING,1,0,0,177,,,60.0,,,,60.8,,,66.7,0,0,3,0,0,0,0,0,0
Connor Venetis,139408,TE,NICHOLLS,9,0,0,243,,,64.8,,,,66.1,,,70.9,1,0,15,0,23,0,5,0,1
Noah Benza,139416,ED,MOREHEAD,12,0,0,234,58.9,,60.0,,,,60.3,,,70.6,0,0,7,42,0,0,0,8,0
Davier Fairrow,139424,ED,PRVIEW A&M,9,0,0,270,59.0,,,,,,60.2,,,67.6,0,0,0,13,0,2,0,5,0
James Louis,139438,HB,MOREHEAD,8,0,0,234,,,,61.5,,,62.7,,,70.5,0,0,0,0,15,25,0,9,0
Jihad McCall,139439,S,MOREHEAD,12,0,0,234,59.5,,,,,,63.6,,,74.8,0,0,0,40,4,0,0,43,0
Brady McKnight,139441,LS,MOREHEAD,12,0,0,234,,,83.4,,,91.9,75.9,,,29.6,0,1,40,0,0,0,66,0,2
Gabe Smith,139444,DI,MOREHEAD,10,0,0,234,57.6,,,,,,56.9,,,67.1,0,0,0,42,0,0,0,0,0
James Wayne,139449,T,MOREHEAD,11,0,0,234,,,75.1,,,,64.8,,,64.2,0,0,40,0,0,0,0,0,0
Jaden Ben,139452,T,NICHOLLS,12,0,0,243,,,28.0,,,,49.9,,,70.8,1,0,49,0,0,0,52,0,0
Zack Bernard,139453,DI,NICHOLLS,12,0,0,243,57.6,,,,,,59.8,,,72.1,0,0,0,49,0,0,0,23,0
Dillion Davis,139456,ED,NICHOLLS,9,0,0,243,59.0,,,,,,59.7,,,65.7,0,0,0,12,0,0,0,3,0
Collin Guggenheim,139460,HB,NICHOLLS,1,0,0,243,,,,,,,60.0,,,61.1,0,0,0,0,0,1,0,0,0
Nathan Hebb,139461,TE,NICHOLLS,12,0,0,243,,,73.3,,,,70.8,,,76.7,0,0,46,0,0,47,72,10,1
DeAndre' Keller,139467,G,NICHOLLS,6,0,0,243,,,72.4,,,,64.1,,,64.6,0,0,27,0,0,0,0,0,0
Jackson McFarland,139471,LS,NICHOLLS,11,0,0,243,,,79.2,,,62.0,64.6,,,63.3,0,0,46,0,0,0,0,0,0
Lee Negrotto,139474,TE,NICHOLLS,10,0,0,243,,,72.8,,,,64.1,,,61.9,0,0,44,0,2,0,0,0,0
Maurquel Price,139475,CB,MCNEESE,10,0,0,217,59.8,,,,,,64.1,,,73.5,0,0,0,6,15,0,0,30,0
Hayden Shaheen,139480,LB,NICHOLLS,12,0,0,243,59.6,,,,,,64.4,,,68.0,0,0,0,48,2,0,0,27,0
Corey Warren Jr.,139486,HB,NICHOLLS,11,0,0,243,,,60.0,59.6,,,61.5,,,81.5,1,0,2,0,32,45,57,16,1
Logan Wilcox,139487,TE,NICHOLLS,12,0,0,243,,,73.1,,,,67.8,,,71.9,0,0,44,0,0,5,1,30,0
Keontae Williams,139488,S,NICHOLLS,9,0,0,243,59.7,,,,,,56.3,,,66.0,0,0,0,40,5,0,0,6,0
Malik Woodery,139489,CB,NICHOLLS,3,0,0,243,59.9,,,,,,61.7,,,70.5,0,0,0,7,4,3,5,7,0
Scooter Adams,139492,HB,PRVIEW A&M,12,0,0,270,,,,61.4,,,58.2,,,64.7,0,0,0,0,0,53,0,0,0
Kevin Davis Jr.,139503,S,PRVIEW A&M,11,0,0,270,59.6,,,,,,61.6,,,69.9,0,0,0,36,6,6,0,15,0
Johnny Mitchell,139519,DI,NWSTATE,11,0,0,257,57.2,,,,,,51.1,,,29.3,0,1,0,74,0,0,0,8,0
Isaiah Robinson,139522,S,NWSTATE,12,0,0,257,59.8,,,,,,66.7,,,62.3,3,1,0,64,37,64,93,21,5
Brayden Staggs,139525,G,BRYANT,3,0,0,124,,,64.0,,,,62.3,,,62.5,0,0,9,0,0,0,0,0,0
Dane Wallace,139528,WR,NWSTATE,3,0,0,257,,,,,,,65.3,,,78.4,0,0,0,0,14,32,21,5,1
Caesar Magee,139529,CB,NWSTATE,10,0,0,257,59.2,,,,,,61.6,60.0,,74.7,0,0,0,61,0,0,0,13,0
Taylen Blaylock,139537,CB,LNDNWD,11,0,1,949,59.7,,,57.6,,,56.2,70.7,,33.4,0,1,0,12,61,40,32,49,0
Rowdy Godwin,139542,TE,PRVIEW A&M,1,0,0,270,,,,,,,59.5,,,65.4,0,0,0,0,0,5,0,0,0
Reed Honshtein,139545,K,NWSTATE,12,0,0,257,,59.9,,,60.1,,63.8,,66.0,76.2,1,0,27,0,1,0,77,0,1
Amari Duncan,141262,CB,UTAHTC,5,0,0,1285,60.1,,,,,,61.1,,,67.0,0,0,0,15,0,0,0,0,0
Ty Hyde,141280,T,IDAHO ST,8,0,0,186,,,72.7,,,,63.4,,,65.3,0,0,43,0,0,0,35,0,0
Bayo Kannike,141282,T,UTAHTC,4,0,0,1285,,,63.5,,,,62.5,,,70.0,0,0,10,0,0,0,0,0,0
Tuiits Kanosh,141284,DI,UTAHTC,1,0,0,1285,59.7,,,,,,60.0,,,61.8,0,0,0,1,0,0,0,0,0
Cannon Panfiloff,141298,T,MONTANA,3,0,0,232,,,67.3,,,,63.3,,,71.6,0,0,18,0,0,0,0,0,0
Devyn Perkins,141301,CB,SO UTAH,5,0,0,298,60.7,,,58.7,,,66.0,,,71.0,0,0,0,24,19,5,1,4,1
Laytan Tanuvasa,141312,DI,UTAHTC,12,0,0,1285,57.1,,,,,,56.8,,,71.8,0,0,0,53,0,0,0,3,0
Malini Ti'a,141316,CB,SACRAMENTO,11,0,0,279,60.0,,,,,,60.6,,,33.8,0,1,0,21,52,15,2,5,1
Micah Vuki,141320,DI,UTAHTC,8,0,0,1285,59.0,,66.8,,,,61.4,,,66.2,0,0,22,12,0,0,1,3,0
Damani Wilks,141324,WR,UTAHTC,3,0,1,1285,,,,,,,59.0,,,26.6,0,2,0,0,0,0,16,1,2
Cameron Donald,141339,DI,FL A&M,12,0,0,164,57.5,,60.0,,,,57.5,,,69.0,0,0,4,43,0,0,0,4,0
Hayden Baron,141369,G,ROB MORRIS,4,0,0,277,,,62.6,,,,62.2,,,65.6,0,0,11,0,0,0,0,0,0
Dakarai Cabell,141373,S,ROB MORRIS,3,0,0,277,60.1,,,,,,60.3,,,68.7,0,0,0,6,0,12,3,0,0
Bernadin Fleurima Jr.,141383,DI,ROB MORRIS,6,0,0,277,58.8,,,,,,59.8,,,66.6,0,0,0,13,0,0,0,3,0
Riley Kemper,141387,T,ROB MORRIS,1,0,0,277,,,60.0,,,,60.8,,,66.5,0,0,3,0,0,0,0,0,0
David Swartzenruber,141401,CB,ROB MORRIS,10,0,0,277,,,,,,,71.4,,,78.0,0,0,0,0,39,6,3,39,2
Diego Turcios,141404,T,ROB MORRIS,4,0,0,277,,,68.8,,,,63.2,,,63.0,0,0,16,0,0,0,0,0,0
Kyle Wittenrich,141408,LS,HOUCHR,8,0,0,183,,,80.9,,,49.7,51.1,,,66.3,1,0,32,0,0,0,39,0,0
Dorian Anderson,141416,WR,SE MO ST,4,0,0,293,,,,,,,62.0,,,66.8,0,0,0,0,2,3,0,3,0
Bryan Rice,141491,ED,W GEORGIA,8,0,0,1177,59.2,,,,,,63.5,,,77.4,0,0,0,15,7,4,0,22,0
Matthew Brown,141519,DI,E WASHGTON,12,0,0,161,57.6,,,,,,57.9,,,69.6,0,0,0,42,0,0,0,10,0
Jett Carpenter,141520,TE,E WASHGTON,11,0,0,161,59.7,,74.5,59.9,,,46.0,,,27.2,1,2,54,2,2,14,33,12,0
Efton Chism III,141521,WR,E WASHGTON,12,0,0,161,,,67.2,,,,62.7,78.2,,66.3,0,0,63,0,3,3,0,31,0
Jackson Cleaver,141522,K,E WASHGTON,12,0,0,161,,51.4,,,74.0,,63.8,,,78.1,0,0,3,0,72,0,0,0,1
Wyatt Hansen,141525,T,E WASHGTON,11,0,0,161,,,76.5,,,,65.7,,,71.7,0,0,58,0,0,0,0,0,0
Justice Jackson,141526,HB,IDAHO ST,12,0,0,186,,,,71.3,,,63.1,,,80.4,1,0,0,0,60,77,0,0,1
Conner O'Farrell,141533,LB,E WASHGTON,12,1,0,161,60.0,,,,,,67.9,,,86.0,1,0,0,15,74,76,36,22,2
Brenden Rivera,141535,G,E WASHGTON,10,0,0,161,,,75.1,,,,65.4,,,72.7,0,0,43,0,0,0,0,0,0
Cage Schenck,141538,CB,E WASHGTON,12,1,1,161,60.4,,,,,,61.7,,,29.7,1,1,0,55,50,2,26,15,1
Trevor Thurman,141540,ED,E WASHGTON,10,0,0,161,59.2,,,,,,68.1,,,82.8,0,0,0,9,58,61,27,17,0
Nolan Ulm,141541,WR,E WASHGTON,1,0,0,161,,,,,,,60.6,,,69.0,0,0,0,0,0,0,3,2,0
DaJean Wells,141542,CB,E WASHGTON,10,0,0,161,59.8,,,,,,63.0,,,77.0,0,0,0,40,1,0,3,25,0
Ahmani Williams,141543,LB,E WASHGTON,12,0,0,161,60.3,,,,,,63.9,,,73.6,0,0,0,31,3,31,18,6,1
Nate Azzopardi,141546,G,IDAHO,14,0,0,185,,,77.4,,,,66.0,,,72.3,0,0,65,0,0,0,0,0,0
Jake Cox,141549,TE,IDAHO,5,0,0,185,,,70.1,,,,64.2,,,73.2,0,0,29,0,0,4,0,0,0
Logan Harris,141557,G,IDAHO,14,0,0,185,,,78.8,,,,65.9,,,64.7,0,0,65,0,0,0,0,0,0
Zach Krotzer,141566,DI,IDAHO,12,0,0,185,58.6,,,,,,59.7,,,69.2,0,0,0,24,0,0,0,10,0
Tommy McCormick,141567,S,IDAHO,14,0,0,185,59.8,,,61.8,,,62.5,,,79.0,0,1,0,58,30,46,4,41,0
Derek Tommasini,141575,LB,E WASHGTON,2,0,0,161,,,,,,,70.9,,,66.5,0,0,0,0,8,0,0,0,1
Malakai Williams,141577,ED,IDAHO,13,0,0,185,58.7,,,,,,52.8,,,29.2,0,1,0,51,0,21,0,14,0
Zack Conner,141583,ED,IDAHO ST,12,0,0,186,58.4,,,,,,53.6,,,67.7,0,0,0,36,0,11,10,3,0
Hunter Hays,141593,QB,IDAHO ST,12,0,0,186,,,67.3,,,,62.3,,,61.2,0,0,64,0,0,0,0,0,0
Maika Heck,141594,TE,CENT CT ST,12,0,0,133,,,,,,,61.1,,,81.3,0,0,0,0,0,57,0,0,0
Jalen Henderson,141595,CB,MOREHEAD,4,0,0,234,59.5,,,59.0,,,60.4,,,67.0,0,0,0,9,0,4,0,2,0
Jack O'Connor,141603,G,CAMPBELL,7,0,0,131,,,65.9,,,,62.0,,,69.3,0,0,18,0,0,0,23,0,0
David Rowe,141608,DI,IDAHO ST,11,0,0,186,74.0,,,,,,81.4,,,69.4,0,0,0,50,0,0,1,3,0
Spencer Tatafu,141614,ED,IDAHO ST,4,0,0,186,58.9,,63.5,,,,60.9,,,63.2,0,0,12,4,0,0,0,0,0
Ethen Cluff,141623,WR,N ARIZONA,13,1,0,252,,,,,,,70.2,,,48.5,3,1,0,0,73,54,41,52,7
Tommy Ellis,141627,LB,N ARIZONA,13,0,0,252,58.7,,,,,,62.3,,,71.5,0,0,0,41,12,0,7,11,0
Blake Gamez,141630,C,TENN STATE,1,0,0,308,,,60.0,,,,60.0,,,63.4,0,0,1,0,0,0,0,0,0
Colby Humphrey,141638,CB,S DAK ST,15,0,0,292,59.7,,,,,,63.2,,,32.3,0,2,0,24,37,0,42,36,2
Alofaletauia Maluia,141645,G,W GEORGIA,4,0,0,1177,,,68.3,,,,63.1,,,63.0,0,0,15,0,0,0,0,0,0
Kody Say,141653,WR,N ARIZONA,1,0,0,252,,,,,,,60.5,,,63.1,0,0,0,0,2,0,0,0,0
Xander Werner,141661,TE,N ARIZONA,13,0,0,252,,,75.8,,,,50.1,,,29.1,2,1,65,0,0,58,8,0,1
Jake Woods,141663,TE,CAL POLY,10,0,0,129,,,67.5,,,,60.7,,,69.4,0,0,21,0,8,36,6,2,0
Collin Gardner,141671,T,SO UTAH,1,0,0,298,,,61.5,,,,62.0,,,67.2,0,0,6,0,0,0,0,0,0
Jordan Jefferson,141676,HB,SO UTAH,7,0,0,298,,,,56.4,,,60.1,,,63.9,0,0,0,0,0,35,0,0,0
Garrett Beck,141711,LB,WEBER ST,10,0,0,342,59.8,,,,,,63.4,,,68.5,0,0,0,29,23,1,0,3,0
Easton Payne,141717,DI,WEBER ST,7,0,0,342,59.1,,60.0,,,,60.8,,,65.3,0,0,2,3,0,0,16,1,0
Kyle Thompson,141724,K,WEBER ST,11,0,0,342,,66.6,,,60.5,,47.4,,,28.7,0,2,56,0,8,0,0,0,0
Abraham Williams,141727,CB,IDAHO,4,0,0,185,59.8,,,56.3,,,69.9,,,72.3,1,0,0,9,2,15,17,12,2
Brayden Wilson,141728,ED,WEBER ST,12,0,0,342,58.8,,,,,,60.2,,,68.0,0,0,0,31,0,0,23,6,0
E'Shawn Mayes,141737,TE,W GEORGIA,9,0,0,1177,,,23.1,,,,48.7,,,69.9,0,0,16,0,0,51,37,0,0
James Burgess Jr.,141739,CB,ALABAMA ST,12,0,0,105,60.5,,,,,,59.9,,,76.3,0,0,0,32,1,0,0,30,0
Dylan Creech,141743,TE,ALABAMA ST,12,0,0,105,,,,59.6,,,52.7,,,28.9,0,1,0,0,1,45,64,0,0
Janil Brown,141749,DI,ALABAMA ST,10,0,0,105,58.8,,,,,,60.0,,,67.5,0,0,0,13,0,0,0,4,0
Calvin Lester III,141763,G,MS VLY ST,9,0,0,228,,,70.7,,,,55.5,,,27.8,0,1,30,0,0,0,0,0,0
Christon Love,141764,C,ARKAPB,11,0,0,112,,,68.0,,,,63.5,,,71.9,0,0,20,0,0,0,0,0,0
Kendarius Clark,141767,DI,CENT ARK,1,0,0,132,59.6,,,,,,59.8,,,62.0,0,0,0,1,0,0,0,0,0
Rylan Woods,141780,LB,VALPO,7,0,0,332,59.4,,60.0,,,,59.0,,,68.3,0,0,1,18,2,11,16,0,0
Braelen Morgan,141792,HB,SOUTHERN U,3,0,0,297,,,,57.7,,,60.1,60.0,,64.1,0,0,0,0,0,9,0,1,0
Traveon Newsome,141796,G,INCAR WORD,10,0,0,189,,,75.4,,,,56.8,,,28.0,0,1,40,0,0,0,3,0,0
Tyler Kirkwood,141800,WR,SOUTHERN U,8,0,0,297,,,,58.4,,,61.0,61.6,,67.7,0,0,0,0,15,20,0,26,0
Gregory Perkins,141802,TE,NORFOLK,12,0,0,244,,,72.6,,,,62.2,,,68.6,0,0,44,0,0,29,0,0,0
Luke Rose,141806,CB,SOUTHERN U,11,0,0,297,59.9,,,,,,67.5,,,73.5,0,1,0,1,3,3,21,25,2
Carline Davis III,141810,CB,CENT ARK,6,0,0,132,59.9,,,,,,61.7,,,67.4,0,0,0,1,4,0,0,5,0
Derrick Williams,141820,LB,SOUTHERN U,13,0,0,297,59.6,,,,,,63.0,,,72.4,0,0,0,50,3,28,17,26,0
Austin Kent,141830,DI,SE LA,1,0,0,294,59.0,,,,,,59.1,,,63.1,0,0,0,2,0,0,0,0,0
Luke Jackson,141833,K,TXAMEA,10,0,0,1139,,62.8,,,,,61.1,,,66.5,0,0,41,0,0,0,0,0,0
Bryce Henderson,141844,T,S DAKOTA,4,0,0,291,,,66.2,,,,62.9,,,64.6,0,0,20,0,0,0,0,0,0
Ben Kohls,141845,C,S DAKOTA,4,0,0,291,,,64.5,,,,62.6,,,64.9,0,0,16,0,0,0,0,0,0
JJ Galbreath,141848,TE,S DAKOTA,8,0,0,291,,,73.3,,,,64.2,,,62.2,0,0,46,0,0,0,0,0,0
Clayton Denker,141849,S,S DAKOTA,9,0,0,291,,,,,,,70.4,,,82.8,0,0,0,0,51,34,33,21,4
Zach Witte,141853,TE,S DAKOTA,14,0,0,291,,,77.6,,,75.6,65.8,,,63.6,0,0,81,0,0,0,1,0,0
Teven McKelvey,141854,S,S DAKOTA,12,0,1,291,59.8,,,,,,45.0,,,27.4,0,1,0,40,1,2,0,0,0
Josiah Ganues,141865,S,S DAKOTA,14,0,0,291,60.0,,,,,,52.6,,,28.6,0,1,0,43,0,4,0,31,0
Will Dunn,141866,DI,S DAKOTA,11,0,0,291,58.1,,,,,,60.9,,,70.0,0,0,0,14,0,0,0,13,0
Cade Collier,141878,TE,SE LA,12,1,0,294,,,74.2,,,88.5,82.9,,,66.6,1,0,53,0,0,0,58,0,2
Noah Devlin,141882,T,SE LA,12,0,0,294,,,74.3,,,,64.6,,,64.2,0,0,53,0,0,0,0,0,0
Da'shun Hugley,141886,WR,SE LA,10,3,0,294,,,,,,,64.9,,,78.5,2,0,0,0,40,42,41,1,1
Ivan Drobocky,141887,TE,SE LA,4,0,0,294,,,,,,,28.2,,,25.4,0,2,0,0,0,0,0,11,0
Justin Dumas,141890,LB,SE LA,12,0,0,294,60.0,,60.6,,,,70.9,,,86.1,0,0,10,5,57,58,58,56,1
Blayne Delahoussaye,141891,CB,SE LA,4,0,0,294,60.4,,,,,,61.8,,,68.6,0,0,0,10,0,0,0,4,0
Donte' Daniels,141898,LB,SE LA,11,0,0,294,60.0,,,,,,71.5,,,73.0,0,1,0,43,5,10,0,10,0
Cullan Scott,141902,DI,ALCORN ST,7,0,0,107,58.7,,60.0,,,,59.3,,,65.3,0,0,2,13,0,0,0,1,0
Ludovick Choquette,141913,HB,LIUSHAR,11,0,0,1298,,,,,,,60.4,,,71.7,0,0,0,0,0,53,0,0,0
Brian Bruce,141915,DI,W ILLINOIS,8,0,0,345,57.7,,,,,,57.5,,,67.6,0,0,0,41,2,0,1,1,0
Braylen Brooks,141923,CB,W ILLINOIS,12,2,0,345,59.9,,,,,,62.5,,,84.6,2,0,0,32,26,4,33,6,1
Juan De La Cruz,141924,LB,W ILLINOIS,9,0,0,345,59.9,,,,,,60.8,,,67.0,0,0,0,46,0,0,0,2,0
Bradyn Smith,141927,LB,W ILLINOIS,10,1,0,345,60.1,,,,,,61.4,,,29.9,0,1,0,7,50,37,12,14,2
Sam Cook,141936,ED,SE MO ST,12,0,0,293,59.8,,,,,,60.9,,,74.5,1,0,0,26,25,9,0,22,1
Jyrin Johnson,141965,TE,TEXAS STHN,2,0,0,313,,,,,,,60.0,,,63.7,0,0,0,0,0,2,0,0,0
Xavier Goynes,141969,S,TEXAS STHN,10,2,0,313,59.5,,,,,,66.3,,,50.7,3,1,0,11,45,1,51,7,8
Mehdi Torrence,141971,C,TEXAS STHN,8,0,0,313,,,69.9,,,,63.7,,,66.5,0,0,30,0,0,0,0,0,0
Javius Williams,141975,S,TEXAS STHN,11,0,0,313,60.5,,,,,,71.0,,,70.6,0,0,0,54,3,0,0,12,2
Gabe Smith,141976,ED,TEXAS STHN,9,0,0,313,59.6,,,,,,60.8,,,71.1,0,0,0,11,7,12,13,9,0
Geor'Terrius Spivey,141985,G,GRAMBLING,1,0,0,177,,,60.0,,,,60.6,,,61.5,0,0,2,0,0,0,0,0,0
Lane Lewis,142001,ED,STF AUSTIN,2,0,0,301,59.8,,,,,,60.0,,,63.0,0,0,0,3,0,0,0,0,0
Ricky Frazier,142009,LB,GRAMBLING,11,0,0,177,60.0,,,,,,44.2,,,28.8,0,1,0,1,22,40,0,5,0
Ty Hall,142019,CB,NWSTATE,4,0,0,257,59.7,,,,,,64.6,,,76.4,2,0,0,19,14,29,32,3,2
Landon Ruggieri,142050,WR,BRYANT,11,0,0,124,,,,,,,56.7,67.4,,70.2,0,0,0,0,1,0,11,35,0
Jayvis Rayside,142055,S,CENT CT ST,13,0,0,133,59.7,,,,,,73.0,,,75.8,1,0,0,21,67,0,10,31,3
Ben Silver,142065,ED,BRYANT,12,0,0,124,59.5,,,,,,56.0,,,73.6,1,0,0,39,0,2,55,4,1
Austin Edmonds,142069,LB,JACKSON ST,14,2,0,194,59.9,,,,,,61.5,,,88.3,4,0,0,2,87,17,38,49,7
Ethan Gettman,142070,K,VILLANOVA,14,0,0,334,,76.4,,,76.9,,64.9,,52.6,80.3,0,0,57,0,67,0,66,0,1
Dontae Lunan,142071,LB,ALBANY,12,0,0,106,60.0,,,,,,65.9,,,75.1,0,0,0,53,19,1,0,21,0
Colin Elliott,142072,S,BRYANT,12,0,0,124,60.1,,,,,,66.7,,,79.4,0,0,0,64,4,74,36,5,3
Marc Taglieri Jr.,142078,TE,BRYANT,10,0,0,124,,,71.4,,,,62.6,,,77.1,0,0,34,0,0,55,0,0,0
Christopher Eaton Jr.,142080,ED,HAMPTON,11,0,0,178,58.9,,,,,,60.3,,,70.7,0,0,0,45,0,0,0,17,0
Payton Rhoades,142087,WR,SACR HEART,11,3,0,280,,,,,,,74.4,,,76.2,3,0,0,0,43,30,60,17,8
Jalen Madison,142089,HB,SACR HEART,1,0,0,280,,,,,,,60.0,,,64.2,0,0,0,0,0,0,0,1,0
Cody Wilson,142093,G,SACR HEART,11,0,0,280,,,71.0,,,,63.9,,,64.2,0,0,36,0,0,0,0,0,0
Jaheem Knight,142100,CB,SACR HEART,10,0,0,280,59.6,,,,,,65.6,,,71.7,0,0,0,11,3,0,0,16,1
Quinn Hart,142103,CB,SACR HEART,11,0,0,280,59.4,,,,,,66.7,,,76.8,1,0,0,32,7,0,37,19,2
Bayo Gbowu,142117,ED,SACR HEART,3,0,0,280,59.7,,,,,,60.9,,,65.3,0,0,0,3,0,0,0,2,0
Carson Primrose,142120,DI,RHODE ISLD,14,0,0,274,58.5,,,,,,58.9,,,68.3,0,0,0,43,0,0,0,2,0
Kyle Davis,142124,ED,HOWARD,5,0,0,184,59.2,,,,,,60.8,,,68.8,0,0,0,7,0,0,0,4,0
Cooper Hutton,142156,WR,UC DAVIS,10,0,0,322,,,,68.0,,,79.2,,,91.5,0,0,0,0,0,43,0,0,0
Lan Larison,142157,HB,UC DAVIS,11,0,0,322,,,,70.1,,,53.0,,,72.9,1,0,0,0,2,17,34,0,0
Mitchell Dixon,142159,TE,UC DAVIS,9,0,0,322,,,67.0,,,,61.8,,,68.0,0,0,20,0,0,32,19,0,0
Julian Alessi,142161,WR,UC DAVIS,10,1,0,322,,,,,,,63.5,,,77.8,1,0,0,0,37,36,18,15,1
Andrew Rumary,142166,T,UC DAVIS,12,0,0,322,,,76.1,,,,65.1,,,65.7,0,0,65,0,0,0,0,0,0
Abe Del Real,142169,WR,UC DAVIS,2,0,0,322,,,,,,,60.7,,,65.0,0,0,0,0,5,0,1,0,0
Josh Gale,142170,TE,UC DAVIS,14,0,0,322,,,76.6,,,,69.6,,,75.4,0,0,69,0,0,18,0,53,0
Mario Minor,142173,CB,UC DAVIS,3,0,0,322,60.0,,,,,,60.9,,,67.7,0,0,0,1,0,0,0,2,0
Markeece Alexander,142174,CB,UC DAVIS,10,0,0,322,60.0,,,,,,54.5,,,30.0,0,1,0,3,6,32,0,47,0
Jacob Horne,142175,CB,UC DAVIS,11,1,0,322,60.0,,,,,,67.8,,,81.3,0,0,0,2,55,38,42,40,3
Kavir Bains-Marquez,142177,S,UC DAVIS,14,0,0,322,83.2,,,,,,86.8,,,77.6,0,0,0,47,0,8,5,77,0
Luka Sarac,142182,ED,UC DAVIS,14,0,0,322,59.7,,,,,,64.6,,,72.3,0,0,0,37,2,29,60,5,1
Princeton Toki,142184,DI,UC DAVIS,12,0,0,322,58.5,,64.8,,,,60.4,,,68.8,0,0,9,26,0,0,0,6,0
Noa Masui,142185,ED,UC DAVIS,6,0,0,322,60.0,,66.2,,,,63.2,,,67.1,0,0,20,3,0,0,0,1,0
Zach Kennedy,142186,ED,UC DAVIS,14,0,0,322,58.8,,,,,,60.7,,,69.3,0,0,0,50,0,0,0,12,0
Jamal Marshall,142194,DI,PRVIEW A&M,12,0,0,270,57.8,,,,,,62.9,,,38.7,0,1,0,45,0,0,70,10,2
Steven Thomas,142195,T,PRVIEW A&M,12,0,0,270,,,74.1,,,,56.5,,,28.3,0,1,52,0,0,0,4,0,0
Warren Shankle,142200,LB,PRVIEW A&M,3,0,0,270,60.0,,,,,,60.6,,,64.2,0,0,0,3,0,0,0,1,0
Carlos Villagomez,142205,P,PRVIEW A&M,5,0,0,270,,,,,50.7,,61.8,,,73.5,0,0,0,0,25,0,0,0,2
Roy Alexander,142206,WR,INCAR WORD,3,0,0,189,,,,,,,60.0,,,65.2,0,0,0,0,0,0,3,0,0
Semaj Brown,142210,CB,HOUCHR,11,1,0,183,,,,83.4,,,68.3,60.3,,43.2,1,1,0,0,57,41,46,1,4
Tyson Foster,142214,G,WAGNER,3,0,0,338,,,66.1,,,,63.0,,,68.9,0,0,12,0,0,0,0,0,0
Will Marotta,142219,G,ALBANY,12,0,0,106,,,76.3,,,,65.1,,,64.0,0,0,45,0,0,0,0,0,0
John Opalko,142224,P,ALBANY,12,0,0,106,,47.2,,,,,61.2,,,66.6,0,0,43,0,0,0,0,0,0
Jackson Parker,142225,WR,ALBANY,1,0,0,106,,,,,,,60.0,,,63.0,0,0,0,0,0,1,0,0,0
Fintan Brose,142242,G,DELAWARE,3,0,0,151,,,63.7,,,,62.4,,,66.5,0,0,9,0,0,0,0,0,0
Brock Gingrich,142247,C,DELAWARE,1,0,0,151,,,60.0,,,,60.6,,,61.5,0,0,2,0,0,0,0,0,0
Jack Hall,142249,ED,DELAWARE,7,0,0,151,59.6,,,,,,65.4,,,75.8,0,0,0,2,0,0,0,10,0
Christian Pierce,142260,S,W ILLINOIS,12,0,0,345,59.2,,,,,,74.2,,,79.0,1,0,0,43,47,51,6,20,4
Brandon Ratcliffe,142263,K,DELAWARE,3,0,0,151,,49.6,,,,,60.0,,60.0,64.4,0,0,4,0,0,0,1,0,0
Ethan Saunders,142265,ED,DELAWARE,10,0,0,151,,,,,,,62.0,,,74.2,0,0,0,0,0,0,29,3,0
Patrick Shupp,142268,G,DELAWARE,10,0,0,151,,,76.8,,,,65.2,,,64.3,0,0,48,0,0,0,0,0,0
Dillon Trainer,142269,LB,DELAWARE,8,0,0,151,82.7,,,,,,81.6,,,71.1,1,0,0,21,0,0,11,12,0
Nic Ware,142271,S,DELAWARE,11,0,0,151,59.8,,,,,,63.0,,,77.8,0,0,0,8,22,12,29,11,0
Tavion Banks,142274,HB,MAINE,9,0,0,212,,,,61.7,,,58.8,,,73.5,1,0,0,0,0,53,42,12,2
John Costanza,142280,DI,MAINE,12,0,0,212,70.6,,72.4,,,,74.7,,,70.0,0,0,42,49,0,0,58,4,0
Trevin Ewing,142282,WR,MAINE,12,0,0,212,,,,78.8,,,59.4,,,64.7,0,0,0,0,0,69,0,0,0
Montigo Moss,142290,WR,MAINE,5,0,0,212,,,,,,,62.9,,,71.6,0,0,0,0,15,1,0,3,0
Kolubah Pewee Jr.,142296,CB,GEORGETOWN,9,0,2,172,60.0,,,,,,43.8,,,28.2,1,2,0,36,16,1,0,23,0
Shakur Smalls,142301,S,MAINE,8,0,0,212,60.0,,,,,,69.9,,,69.2,0,0,0,13,18,1,0,6,2
Tyshawn Stewart,142304,LB,MAINE,8,1,0,212,59.8,,,,,,79.0,,,72.8,0,0,0,8,3,24,19,1,0
Christian Thomas,142306,LB,MAINE,8,1,0,212,59.6,,,,,,69.7,,,70.3,0,0,0,34,0,0,26,5,1
Vincent Thomas,142307,LB,CENT CT ST,13,0,0,133,59.6,,,,,,77.7,,,59.7,1,1,0,16,62,28,58,38,11
Broox Bolden,142311,CB,MARIST,11,0,1,213,59.6,,,58.4,,,70.0,,,34.1,0,1,0,44,11,7,49,3,5
Caleb Burke,142312,WR,NEW HAMP,6,0,0,240,,,,,,,60.4,59.2,,68.5,0,0,0,0,0,15,0,14,0
Dominic Cavanagh,142313,LB,NEW HAMP,11,3,0,240,,,,,,,76.5,,,40.2,0,1,0,0,57,39,44,19,6
Joey Corcoran,142314,WR,NEW HAMP,9,0,0,240,,,,,,,61.3,49.9,,67.8,0,0,0,0,0,3,0,33,0
Will Coty,142315,LB,NEW HAMP,1,0,0,240,,,,,,,60.0,,,64.2,0,0,0,0,0,0,0,1,0
Zach Garron,142321,ED,NEW HAMP,13,0,0,240,59.0,,69.8,,,,69.1,,,80.4,0,0,29,15,19,47,4,34,1
Duncan Moreland,142330,S,NEW HAMP,11,0,0,240,59.8,,,,,,66.6,60.0,,80.3,0,0,0,3,7,36,0,40,0
Brandon Perkins,142332,LB,NEW HAMP,13,0,0,240,60.2,,,,,,62.3,,,64.3,0,0,0,45,1,0,0,7,0
Neil Politano,142333,DI,NEW HAMP,13,0,0,240,72.1,,,,,,78.9,,,70.4,0,0,0,39,0,7,0,11,0
Flex Ruiz,142334,ED,NEW HAMP,13,0,1,240,58.5,,,59.2,,,48.0,,,28.1,0,2,0,40,9,26,0,32,0
Josiah Silver,142337,ED,NEW HAMP,11,0,0,240,59.1,,,,,,69.0,,,70.9,0,0,0,30,2,0,29,14,0
Brendan Tighe,142340,S,NEW HAMP,13,0,0,240,59.5,,,,,,62.8,,,30.0,0,1,0,41,4,1,38,3,2
Gavin Urda,142343,S,NEW HAMP,13,1,1,240,59.8,,,,,,81.2,,,50.7,4,1,0,6,64,55,60,41,11
Wayne Galloway,142347,LB,RICHMOND,13,0,0,276,59.8,,,,,,60.4,,,71.2,0,0,0,41,0,0,39,13,0
Jeremiah Grant,142348,ED,RICHMOND,13,0,0,276,58.7,,,,,,60.8,,,69.1,0,0,0,34,0,0,39,12,0
Chance Graves,142349,CB,RICHMOND,11,1,0,276,59.6,,,,,,73.5,,,77.8,0,0,0,24,41,0,22,31,4
Jabril Hayes,142352,S,RICHMOND,12,0,0,276,59.9,,,,,,64.8,,,34.7,0,1,0,38,45,1,25,0,4
Fonnae Webb,142363,HB,NORFOLK,8,0,0,244,59.7,,,,,,61.8,,,73.7,0,0,0,1,0,38,8,17,0
Jasiah Williams,142364,WR,STNY BROOK,10,0,0,303,,,60.0,57.1,,,61.0,56.8,,67.5,0,0,1,0,1,18,0,42,0
Tedy Afful,142365,WR,DUQUESNE,4,0,0,155,,,,59.9,,,60.2,,,65.9,0,0,0,0,0,6,0,0,0
Cole Bunicci,142367,TE,STNY BROOK,12,0,0,303,,,76.1,61.8,,,62.1,,,71.8,0,0,64,0,1,58,0,0,0
Nick Capazzola,142369,DI,STNY BROOK,10,0,0,303,58.8,,60.0,,,,61.2,,,71.5,0,0,1,15,0,0,0,9,0
Jayden Cook,142371,WR,STNY BROOK,8,0,0,303,,,,,,,60.9,,,71.2,0,0,0,0,0,36,7,14,0
Roland Dempster,142372,HB,STNY BROOK,2,1,0,303,,,,,,,74.6,,,67.6,0,0,0,0,6,0,2,0,0
JuJu Ganthier,142375,S,HAMPTON,12,1,0,178,60.0,,,,,,67.8,,,77.0,0,0,0,1,65,29,3,8,0
Drew Guttieri,142377,LB,STNY BROOK,11,0,0,303,59.9,,,,,,63.4,,,77.8,0,0,0,5,18,46,4,21,0
Kevonne Wilder,142387,WR,STNY BROOK,3,0,0,303,,,,59.1,,,60.5,35.9,,65.4,0,0,0,0,0,5,0,7,0
Temi Ajirotutu,142389,G,VILLANOVA,4,0,0,334,,,66.2,,,,59.7,,,64.3,0,0,11,0,0,0,3,0,0
Brendan Bell,142391,LB,VILLANOVA,14,1,0,334,59.9,,,,,,67.3,,,74.8,1,0,0,48,62,2,64,21,4
Timmy Furgeson,142394,LB,VILLANOVA,14,0,0,334,,,87.4,,,62.6,69.1,,,67.5,1,0,57,0,0,0,66,0,3
Ayden Howard,142396,ED,VILLANOVA,14,0,0,334,57.8,,60.0,,,,63.8,,,70.9,0,0,4,45,0,0,66,16,1
Richie Kimmel,142397,LB,VILLANOVA,12,0,0,334,59.6,,,,,,64.1,,,71.8,0,0,0,21,27,5,0,13,0
Tyrell Mims,142398,CB,VILLANOVA,12,1,0,334,60.0,,,,,,70.1,,,58.5,0,1,0,45,57,0,52,15,3
Jordan Nelson,142399,LB,VILLANOVA,14,3,0,334,59.9,,,,,,68.0,,,81.9,0,0,0,8,32,58,66,14,0
Obinna Nwobodo,142400,DI,VILLANOVA,14,0,0,334,57.6,,19.7,,,,45.8,,,77.4,0,0,53,49,0,0,0,17,0
Jake Picard,142402,C,VILLANOVA,4,0,0,334,,,,,,,60.0,,,65.7,0,0,0,0,0,0,4,0,0
Ethan Potter,142403,S,VILLANOVA,14,1,0,334,59.8,,,56.6,,,72.4,,,86.3,0,0,0,47,64,56,64,27,5
Kshawn Schulters,142405,CB,MONMOUTH,12,0,0,231,60.1,,,,,,66.9,,,90.2,0,0,0,39,9,0,0,26,0
Ty Trinh,142406,S,VILLANOVA,14,0,0,334,60.3,,,,,,55.2,,,46.2,0,1,0,27,20,1,52,18,1
Malachi Imoh,142414,HB,WM & MARY,1,0,0,348,,,,,,,60.0,,,62.3,0,0,0,0,0,1,0,0,0
John Kearney,142416,ED,WM & MARY,12,0,0,348,,,,,,,71.1,,,46.3,1,2,0,0,63,56,40,45,7
DreSean Kendrick,142417,WR,WM & MARY,9,0,0,348,,,,57.7,,,61.3,62.4,,66.1,0,0,0,0,0,11,0,23,0
Mike Malone,142419,DI,WM & MARY,4,0,0,348,59.1,,60.0,,,,59.6,,,63.9,0,0,2,4,0,0,0,0,0
JT Mayo,142420,WR,WM & MARY,7,0,0,348,,,,59.9,,,76.4,,,69.2,0,0,0,0,4,1,10,5,1
Quinn Osborne,142423,LB,WM & MARY,11,0,0,348,59.6,,,,,,61.4,,,67.6,0,0,0,47,0,0,0,7,0
Alex Washington,142431,LB,WM & MARY,12,0,0,348,59.7,,,,,,63.5,,,67.3,1,0,0,50,1,0,30,6,2
Joey Isabella,142453,WR,DUQUESNE,4,0,0,155,,,,,,,60.7,60.0,,66.3,0,0,0,0,3,5,0,1,0
Jaelen Carson,142455,CB,DUQUESNE,11,0,0,155,59.8,,,59.1,,,73.2,,,84.9,2,0,0,13,54,32,37,48,5
Tyler Padezan,142458,WR,DUQUESNE,6,0,0,155,,,,,,,61.4,,,68.8,0,0,0,0,0,20,2,5,0
Luke Harris,142461,LB,DUQUESNE,1,0,0,155,60.0,,,,,,60.0,,,60.7,0,0,0,1,0,0,0,0,0
Donovan Stanley,142466,CB,DUQUESNE,9,0,0,155,59.9,,,,,,61.0,,,74.3,0,0,0,11,34,2,1,30,0
Marshal Jones,142469,CB,DUQUESNE,1,0,0,155,59.9,,,,,,60.0,,,61.1,0,0,0,1,0,0,0,0,0
Clemente Ojinnaka,142476,DI,DUQUESNE,11,0,0,155,58.7,,74.9,,,,61.3,,,74.8,1,0,51,9,0,0,6,2,1
Kevin Kurzinger,142477,DI,DUQUESNE,8,0,0,155,58.6,,60.0,,,,35.4,,,26.1,0,2,4,19,0,2,0,5,0
Brian Bruzdewicz,142479,P,DUQUESNE,11,0,0,155,,64.0,,,,,44.9,,,28.2,0,1,47,0,0,0,0,0,0
Shemar Paul,142484,CB,LIUSHAR,10,0,0,1298,60.1,,,,,,64.0,,,76.1,1,0,0,20,26,0,29,17,3
Jake Timm,142493,C,LIUSHAR,11,0,0,1298,,,75.9,,,,65.0,,,64.6,0,0,43,0,0,0,0,0,0
Lemeko Mayes,142497,WR,LIUSHAR,11,0,0,1298,,,,,,,63.9,,,80.7,0,0,0,0,0,56,0,7,0
Sean Kelly,142504,LB,LIUSHAR,12,0,0,1298,59.8,,,,,,77.4,,,43.1,0,1,0,14,49,0,52,13,7
Ayinde Johnson,142505,CB,RHODE ISLD,13,0,0,274,60.4,,,,,,64.0,,,73.4,0,0,0,36,0,0,0,19,0
Caleb Nartey,142507,S,LIUSHAR,11,0,0,1298,59.6,,,,,,58.5,,,70.5,0,0,0,36,9,0,0,20,0
Qualil Lumpkins,142511,LB,LIUSHAR,9,1,0,1298,60.3,,,,,,68.1,,,77.0,0,0,0,40,41,0,29,25,1
Mason Buono,142515,G,LIUSHAR,11,0,0,1298,,,75.5,,,,65.4,,,72.3,0,0,45,0,0,0,0,0,0
Taylor Bolesta,142516,DI,STNY BROOK,12,0,0,303,58.4,,,,,,62.5,,,76.4,0,0,0,28,0,0,62,20,0
Matthew Nieves,142521,ED,LIUSHAR,9,0,0,1298,59.3,,,,,,61.8,,,72.4,0,0,0,11,2,20,1,5,0
Jacari Carter,142525,WR,ALBANY,12,0,0,106,,,,,,,61.0,59.4,,68.3,0,0,0,0,0,1,0,55,0
Jelani Mason,142528,WR,MERRIMACK,1,0,0,385,,,,,,,60.0,,,62.5,0,0,0,0,0,0,0,1,0
Sunny Okunlola,142544,G,INDIANA ST,7,0,0,191,,,70.6,,,,64.1,,,70.6,0,0,23,0,0,0,0,0,0
LJ Robinson,142545,WR,MERRIMACK,3,0,0,385,,,,,,,60.2,62.4,,64.9,0,0,0,0,1,3,0,4,0
Deon Houston,142546,CB,MERRIMACK,11,0,1,385,59.4,,,,,,53.1,,,29.3,1,1,0,40,5,0,11,20,1
Nate Palanica Jr.,142547,S,MERRIMACK,11,0,0,385,59.8,,,,,,64.6,,,77.6,1,0,0,12,51,54,0,41,2
Wes Matthews,142548,S,MERRIMACK,11,0,0,385,59.9,,,59.9,,,56.6,,,37.4,1,1,0,18,51,36,11,41,3
Donte Williams,142550,S,MERRIMACK,10,1,0,385,59.9,,,60.5,,,74.3,,,74.1,0,0,0,23,4,21,3,29,0
Malek Sabri,142552,ED,MERRIMACK,10,0,0,385,59.2,,,,,,61.7,,,67.8,0,0,0,8,5,0,33,4,0
Grant Jackson,142553,CB,MERRIMACK,10,0,0,385,60.2,,,60.0,,,64.9,,,72.1,0,0,0,10,41,1,0,14,0
Brandon Roberts,142556,DI,MERRIMACK,8,0,0,385,58.2,,,,,,58.1,,,66.6,0,0,0,22,0,0,0,1,0
Tyler Leavy,142558,DI,MERRIMACK,9,0,0,385,57.5,,,,,,55.2,,,70.8,0,0,0,26,0,0,1,1,0
Melteon Davis,142559,DI,MORGAN ST,9,0,0,235,58.5,,,,,,59.1,,,67.5,0,0,0,27,0,1,0,3,0
Cole Peterson,142560,P,MERRIMACK,11,0,0,385,,,66.2,,,,63.4,,46.9,72.7,0,1,48,0,0,0,53,0,2
Lliam Davis,142564,P,MERRIMACK,10,0,0,385,,74.7,,,68.6,,63.1,,,74.0,0,0,46,0,46,0,0,0,2
Delvecchio Powell II,142575,HB,ROB MORRIS,12,0,0,277,,,,59.6,,,73.6,,,35.7,0,1,0,0,1,31,61,35,4
Worth Warner,142608,TE,PRESBYTERN,12,0,1,271,,,70.9,,,,56.8,,,29.3,0,1,33,0,3,8,25,0,1
Oladapo Salimonu,142615,CB,NORFOLK,7,1,0,244,59.9,,,,,,56.3,,,75.5,1,0,0,4,6,29,15,1,0
Harrison Kennedy,142642,DI,MS VLY ST,10,0,0,228,59.2,,,,,,60.8,,,67.4,0,0,0,7,0,0,42,1,0
Chase Stafford,142663,TE,WAGNER,11,0,0,338,,,71.5,,,,63.4,,,74.9,0,0,34,0,0,0,18,0,0
Travis Laster,142666,CB,DELWARE ST,7,0,0,152,59.7,,,,,,41.3,,,28.8,0,2,0,6,0,26,1,12,0
John Gioia,142669,LB,TOWSON,5,0,0,317,,,,61.8,,,60.9,,,69.9,0,0,0,0,0,6,0,0,0
Justin Reilly,142681,S,WAGNER,10,0,0,338,60.1,,,,,,56.6,,,70.2,1,0,0,30,2,3,0,13,0
Mateusz Zielinski,142682,T,WAGNER,9,0,0,338,,,66.3,,,,62.9,,,64.4,0,0,21,0,0,0,0,0,0
Antonio Williams,142685,T,DELWARE ST,11,0,0,152,,,72.3,,,,64.7,,,73.6,0,0,37,0,0,0,0,0,0
Christian Davis,142688,S,WAGNER,12,0,0,338,59.9,,,,,,66.8,,,77.8,0,0,0,34,46,0,34,1,3
Jalin Justice,142689,LB,WAGNER,12,0,0,338,59.6,,62.3,,,,66.2,,,69.1,0,0,10,38,0,0,15,19,2
Terrell Staton,142692,T,MERCYHURST,1,0,0,977,,,60.0,,,,60.4,,,62.5,0,0,3,0,0,0,0,0,0
Tajay Passmore,142715,ED,LNDNWD,7,0,0,949,58.5,,,,,,59.1,,,72.9,0,0,0,10,0,0,0,1,0
Logan MacGregor,142720,LS,ALAB A&M,12,0,0,104,,,88.4,,,88.6,70.4,,,29.4,1,1,62,0,0,0,42,0,0
Xavier Lankford,142724,QB,ALAB A&M,6,0,0,104,,,,61.8,,,59.9,,60.6,67.3,0,0,0,0,0,4,7,0,0
Ryan Morrow,142725,HB,ALAB A&M,8,0,0,104,,,,,,,65.1,,,71.1,0,0,0,0,0,42,2,0,0
Israel Mukwiza,142732,G,MERCER,14,0,0,219,,,76.0,,,,65.0,,,66.3,0,0,70,0,0,0,0,0,0
Carson Vinson,142734,T,ALAB A&M,12,0,0,104,,,75.9,,,,63.6,,,76.6,0,0,62,0,0,0,5,0,0
Nevell Brown,142736,G,ALAB A&M,5,0,0,104,,,60.0,,,,57.6,,,65.2,0,0,8,0,0,0,3,0,0
Nick Glenn,142737,DI,ALAB A&M,11,0,0,104,58.4,,,,,,59.1,,,67.7,0,0,0,31,0,0,14,4,0
KC Eziomume,142746,CB,ALBANY,10,0,0,106,59.6,,,,,,56.8,,,71.8,1,0,0,28,17,0,5,6,0
Jordan Cumberbatch,142750,S,FL A&M,12,0,0,164,60.0,,,,,,50.8,,,29.8,2,1,0,3,31,56,21,11,1
Dimitris Biamby,142753,LB,ALAB A&M,12,0,0,104,59.8,,,,,,54.1,,,29.4,0,1,0,46,36,27,0,9,0
Rakim White,142764,WR,SCAR STATE,6,0,0,290,,,,,,,66.9,,,75.3,0,0,0,0,1,4,0,22,0
Khalil Ellis,142767,TE,SCAR STATE,3,0,0,290,,,,59.9,,,60.5,,,67.6,0,0,0,0,0,3,5,0,0
Cam Johnson,142769,T,SCAR STATE,12,0,0,290,,,76.4,,,,66.0,,,74.6,0,0,63,0,0,0,1,0,0
Eric Brown,142770,C,SCAR STATE,10,0,0,290,,,74.0,,,,64.6,,,66.2,0,0,55,0,0,0,0,0,0
Nick Taiste,142771,G,SCAR STATE,12,0,0,290,,,77.3,,,,66.5,,,66.2,0,0,51,0,0,0,32,0,1
Justin Smith-Brown,142775,WR,SCAR STATE,8,0,0,290,,,,60.6,,,64.9,56.6,,65.1,0,0,0,0,1,18,0,6,1
Jamre Benjamin,142777,CB,SCAR STATE,2,0,0,290,59.7,,,,,,60.8,,,67.9,0,0,0,10,0,0,0,1,0
Michael Brunson,142778,CB,SCAR STATE,10,0,0,290,,,,,,,56.4,,,71.2,1,0,0,0,66,0,0,14,2
Aaron Smith,142779,LB,SCAR STATE,10,0,0,290,60.1,,,,,,49.9,,,71.8,3,0,0,28,7,0,36,13,1
Jared Kirksey,142786,ED,SCAR STATE,2,0,0,290,,,60.0,,,,43.8,,,25.3,0,1,8,0,0,0,0,0,0
Dyson Roberts,142787,P,SCAR STATE,12,0,0,290,,,,,,,38.0,,58.2,27.8,1,3,0,0,0,0,54,0,0
Bryce Turner,142789,S,PRVIEW A&M,12,0,0,270,59.8,,,,,,51.9,,,28.4,0,1,0,25,0,1,0,29,0
Ethan Bronson,142794,G,CAL POLY,2,0,0,129,,,64.0,,,,62.2,,,62.4,0,0,8,0,0,0,0,0,0
Austin Anderson,142796,T,CAL POLY,8,0,0,129,,,64.2,,,,61.5,,,67.1,0,0,16,0,0,0,40,0,0
Giancarlo Woods,142801,WR,CAL POLY,5,0,0,129,,,,,,,47.4,53.0,,28.1,0,1,0,0,4,16,7,10,0
Xavier Oliphant,142807,CB,CAL POLY,6,0,0,129,59.8,,,,,,61.0,67.5,,72.1,1,0,0,8,9,0,22,23,2
Michael Briscoe,142810,WR,CAL POLY,3,0,0,129,,,,,,,60.7,,,69.1,0,0,0,0,6,3,3,0,0
Jeremy Justice,142812,S,CAL POLY,11,2,0,129,59.7,,,,,,77.9,,,57.9,4,1,0,5,44,68,57,30,11
Ethan Rodriguez,142817,DI,CAL POLY,10,0,0,129,74.1,,,,,,72.3,,,28.2,0,1,0,32,0,0,0,9,0
Elijah Ponder,142819,ED,CAL POLY,11,0,0,129,58.6,,,,,,59.9,,,69.2,0,0,0,49,0,0,0,12,0
Robbie Greer,142821,TE,CAL POLY,3,0,0,129,,,60.0,,,,61.9,,,68.4,0,0,6,0,0,1,0,0,0
Eric Aldridge Jr.,142834,G,ALCORN ST,2,0,0,107,,,60.0,,,,60.6,,,63.2,0,0,2,0,0,0,0,0,0
Darius Meeks,142837,G,GRAMBLING,4,0,0,177,,,61.4,,,,62.0,,,63.9,0,0,11,0,0,0,0,0,0
Dominic Pagano,142850,S,CHARLES SO,2,0,0,135,60.1,,,,,,60.4,,,64.5,0,0,0,4,0,0,0,1,0
Tylan Hollis,142853,LB,CHARLES SO,12,1,1,135,60.0,,,,,,60.9,,,29.0,0,1,0,1,38,0,1,35,1
Mikah Riley,142859,ED,CHARLES SO,1,0,0,135,60.0,,,,,,60.0,,,64.3,0,0,0,1,0,0,0,1,0
Devin Daugherty,142876,LS,ABILENE CH,14,0,0,100,,,90.1,,,76.3,69.8,,,63.9,0,0,78,0,0,0,0,0,0
Maurice Perkins,142893,CB,FURMAN,11,0,0,170,59.8,,,,,,63.4,,,77.0,0,0,0,35,28,0,13,19,0
Jack Neri,142932,TE,MONMOUTH,10,1,0,231,,,83.4,,,,74.2,,,76.9,0,0,50,0,2,3,20,0,2
Jamir Barnes,142939,HB,MONMOUTH,8,0,0,231,,,,,,,56.1,,,71.4,1,0,0,0,22,4,9,1,0
JT Cornelius,142942,T,MONMOUTH,11,0,0,231,,,74.5,,,,64.6,,,64.0,0,0,54,0,0,0,0,0,0
Mike Reid,142944,CB,S DAKOTA,14,0,0,291,59.7,,,,,,62.9,,,75.3,0,0,0,41,0,0,10,31,0
Jude Umnuakwe,142946,CB,BRYANT,9,0,0,124,59.8,,,,,,62.6,,,72.0,0,0,0,21,8,15,0,11,0
Caleb Dennis,142948,LB,SACR HEART,11,0,0,280,59.2,,,,,,67.7,,,77.2,1,0,0,9,37,26,13,26,3
Sheku Tonkara,142951,DI,MONMOUTH,7,0,0,231,57.9,,,,,,58.0,,,69.3,0,0,0,27,0,0,0,1,0
Justin O'Bannon,142956,ED,MONMOUTH,12,0,0,231,59.0,,70.0,,,,62.6,,,72.4,0,0,30,44,0,0,33,11,0
Jig Williams,142960,WR,RHODE ISLD,14,0,0,274,,,,,,,65.7,,,57.0,0,1,0,0,0,64,0,69,0
Adam McKanna,142970,G,RHODE ISLD,13,0,0,274,,,77.1,,,,64.7,,,68.5,0,0,52,0,0,0,53,0,0
Jacob Otts,142971,T,RHODE ISLD,2,0,0,274,,,,,,,60.0,,,64.5,0,0,0,0,0,0,2,0,0
Fredrick Mallay,142976,CB,RHODE ISLD,14,0,0,274,59.9,,,,,,71.7,,,71.2,0,0,0,21,62,0,0,7,4
Gabe Salomons,142979,ED,RHODE ISLD,14,0,0,274,80.8,,,,,,85.3,,,69.5,0,0,0,45,0,16,0,2,0
Westley Neal Jr.,142983,DI,RHODE ISLD,14,0,0,274,85.0,,60.0,,,,90.7,,,68.2,0,0,1,43,0,0,0,3,0
Danny Meuser,142987,HB,BUCKNELL,5,1,0,125,,,,,,,65.6,,,68.7,0,0,0,0,17,21,0,0,1
Christian Tait,142992,WR,WAGNER,12,0,0,338,,,,,,,61.9,,,74.1,0,0,0,0,0,58,0,3,0
Damian Harris,142993,WR,WM & MARY,4,0,0,348,59.8,,,58.8,,,60.9,55.4,,66.0,0,0,0,3,0,15,0,7,0
Adam Barakat,142995,WR,SAN DIEGO,5,0,0,283,,,,,,,60.0,,,72.5,0,0,0,0,0,22,0,0,0
Tyler Alston,143003,ED,MONMOUTH,8,0,0,231,59.0,,,,,,59.2,,,65.5,0,0,0,13,0,0,0,0,0
Ruben Anderson,143013,K,WM & MARY,12,0,0,348,,,,,,,62.7,,71.4,73.4,0,0,0,0,0,0,41,0,0
William Parker,143019,TE,COLGATE,11,0,0,142,,,,59.9,,,38.4,,,26.8,0,2,0,0,0,60,0,0,0
Michael Slivka,143028,LB,COLGATE,7,0,0,142,60.0,,62.7,,,,62.4,,,67.5,0,0,18,5,0,0,0,3,0
Nick Marsh,143029,ED,COLGATE,11,0,0,142,59.9,,,,,,61.0,,,67.0,0,0,0,36,0,0,0,2,0
Chris Heckel,143034,LB,COLGATE,12,0,0,142,,,,,,,55.4,,,79.9,1,0,0,0,2,71,0,10,0
Christian Sweeney,143035,LB,COLGATE,12,0,0,142,59.6,,,,,,60.9,,,70.9,0,0,0,50,0,0,0,7,0
Ke'Tre Dickens II,143038,DI,COLGATE,11,0,0,142,58.2,,,,,,57.9,,,66.4,0,0,0,27,0,0,0,0,0
Cole Thornton,143040,WR,FORDHAM,8,0,0,168,,,,,,,61.7,54.3,,67.5,0,0,0,0,2,0,0,35,0
Mekai Felton,143042,WR,FORDHAM,2,0,0,168,,,,58.7,,,60.0,,,62.9,0,0,0,0,0,3,0,0,0
Cody Johnson,143049,C,FORDHAM,1,0,0,168,,,,,,,60.0,,,63.3,0,0,0,0,0,0,0,0,0
Mike Courtney,143052,S,FORDHAM,12,2,0,168,59.7,,,,,,59.6,,,53.4,4,1,0,59,48,0,70,14,9
Nahil Perkins,143053,CB,FORDHAM,12,1,0,168,59.7,,,,,,82.7,,,81.6,1,0,0,57,7,0,61,18,5
Byron Shipman,143061,WR,HOLY CROSS,12,0,0,181,,,,,,,60.6,,,79.6,0,0,0,0,0,49,53,7,0
Christo Kelly,143063,C,HOLY CROSS,8,0,0,181,,,74.0,,,,64.5,,,63.7,0,0,33,0,0,0,0,0,0
Declan McCauley,143067,T,HOLY CROSS,2,0,0,181,,,64.2,,,,62.6,,,66.6,0,0,10,0,0,0,0,0,0
Quinton Gregory,143070,WR,HOLY CROSS,11,0,0,181,,,,,,,60.0,,,72.2,0,0,0,0,0,52,0,0,0
Matthew Kane,143075,LB,HOLY CROSS,12,0,0,181,,,74.7,,,,59.5,,,29.0,0,1,57,0,0,55,0,8,0
Mason Gilbert,143093,TE,MAINE,10,0,0,212,,,71.1,,,,63.6,,,62.0,0,0,35,0,0,1,0,0,0
Semaj Cross,143096,S,LAFAYETTE,12,0,0,203,59.5,,,,,,57.3,,,64.7,0,0,0,29,0,0,2,3,0
A.T. Ntantang,143097,CB,LAFAYETTE,12,1,1,203,59.5,,,,,,55.2,,,29.0,1,1,0,29,21,0,6,11,2
Preston Forney,143098,LB,LAFAYETTE,12,0,0,203,60.0,,,,,,58.3,,,70.4,0,0,0,36,0,0,30,9,0
Shaikyi Hannah,143099,CB,VALPO,7,0,0,332,59.8,,,,,,64.8,,,73.3,0,0,0,2,9,8,0,17,0
Neriyan Brown,143100,S,LAFAYETTE,12,0,0,203,60.5,,,,,,55.9,,,67.6,1,0,0,46,4,8,0,12,0
Tristen Roundtree,143101,S,LAFAYETTE,7,0,0,203,59.6,,,,,,61.4,,,66.8,0,0,0,14,1,0,0,5,0
Adam Port,143106,DI,LAFAYETTE,6,0,0,203,59.1,,,,,,59.8,,,66.5,0,0,0,6,0,0,0,4,0
Jakob Trestik,143109,P,LAFAYETTE,12,0,0,203,,60.0,,,71.9,,64.3,,42.4,78.7,1,1,2,0,56,0,39,0,1
Dante Perri,143112,QB,LEHIGH,13,0,0,205,,,66.8,,,,62.7,,,64.4,0,0,57,0,4,3,0,0,0
George Padezanin,143117,C,LEHIGH,1,0,0,205,,,,,,,60.0,,,63.3,0,0,0,0,0,0,1,0,0
Eric Johnson,143121,WR,IDAHO ST,11,0,0,186,,,,,,,57.6,,,75.6,1,0,0,0,8,49,23,1,1
Mike DeNucci,143132,LB,LEHIGH,11,0,0,205,60.1,,,,,,63.6,,,75.6,0,0,0,34,1,3,0,9,0
Spencer Roof,143134,S,TENN STATE,9,0,0,308,59.9,,,,,,60.8,60.0,,65.4,0,0,0,37,3,0,0,4,0
Ben Banks-Altekruse,143138,K,UC DAVIS,14,0,0,322,,,67.9,,,,63.5,,67.7,71.3,0,3,76,0,0,0,47,0,1
Joey Suchy,143141,HB,BUTLER,2,0,0,127,,,,,,,60.6,,,68.9,0,0,0,0,1,2,0,0,0
Owen Keane,143147,G,BUTLER,11,0,0,127,,,79.4,,,,66.1,,,64.5,0,0,67,0,0,0,0,0,0
Luka Popovic,143155,WR,BUTLER,5,0,0,127,,,,,,,59.9,,,71.9,1,0,0,0,24,17,0,0,1
Luke Bailey,143172,QB,DRAKE,1,0,0,153,,,,,,,60.0,,,23.1,0,1,0,0,0,0,0,0,0
Hunter Johnson,143173,WR,DRAKE,1,0,0,153,,,,,,,60.0,,,63.3,0,0,0,0,0,0,0,0,0
Jun Ahn,143175,HB,DRAKE,8,0,0,153,,,,,,,60.3,,,67.9,0,0,0,0,0,31,0,0,0
Brandon Langdok,143178,WR,DRAKE,6,0,0,153,,,,63.0,,,60.5,,,64.6,0,0,0,0,0,21,0,1,0
Jacob McCauley,143179,WR,DRAKE,10,1,1,153,,,,,,,69.5,,,33.4,0,1,0,0,31,36,40,14,1
Eli Stewart,143181,FB,DRAKE,12,1,0,153,,,,,,,60.5,,,78.0,0,0,0,0,0,50,45,0,0
Bennet Krebs,143182,C,DRAKE,2,0,0,153,,,,,,,60.2,,,63.8,0,0,0,0,0,0,3,0,0
Ross Palmer,143186,T,DRAKE,12,0,0,153,,,76.9,,,,60.1,,,28.6,0,1,53,0,0,0,0,0,0
Isaac House,143188,G,DRAKE,12,0,0,153,,,73.7,,,,64.4,,,65.7,0,0,53,0,0,0,0,0,0
Trey Radocha,143190,WR,DRAKE,7,0,0,153,,,,,,,60.7,35.4,,66.3,0,0,0,0,0,3,0,20,0
Jackson Williams,143194,S,DRAKE,2,0,0,153,,,,,,,64.0,,,69.1,0,0,0,0,0,0,0,7,0
Joe Frommelt,143195,LB,DRAKE,11,0,0,153,,,,,,,64.7,,,71.3,1,0,0,0,1,0,44,0,2
Jason Christenson,143199,DI,DRAKE,2,0,0,153,59.3,,,,,,60.7,,,86.8,0,0,0,1,0,0,0,1,0
Tyler Radocha,143203,S,DRAKE,12,0,0,153,90.6,,,,,,91.0,,,29.7,0,1,0,38,0,2,0,50,0
Tim Nesslage,143205,TE,DRAKE,12,0,0,153,,,74.2,,,,73.5,,,69.1,0,0,53,0,0,49,44,1,1
Sam Rodriguez,143206,TE,DRAKE,2,0,0,153,,,,,,,60.0,,,63.9,0,0,0,0,0,1,0,0,0
Shane Dunning,143207,K,DRAKE,12,0,0,153,,76.4,,,60.0,,63.3,,67.6,74.1,0,1,52,0,1,0,50,0,0
Kaleb Costner,143223,TE,STETSON,4,0,0,302,,,65.6,,,,68.0,,,71.1,0,0,16,0,6,0,1,13,1
Alex Villas,143236,S,DELAWARE,4,0,0,151,59.9,,,,,,61.6,,,65.6,0,0,0,2,0,0,0,5,0
Micah Adams,143241,S,STETSON,4,0,0,302,90.4,,,59.9,,,91.6,,,75.8,0,0,0,23,0,1,0,2,0
Tyler Lewis,143248,DI,NWSTATE,6,0,0,257,58.4,,,,,,59.1,,,68.0,0,0,0,15,0,0,0,3,0
Braden Contreras,143255,WR,ILL STATE,14,0,0,188,,,,59.4,,,61.4,62.4,,77.0,0,0,0,0,0,71,0,21,0
Tyler Eberhart,143259,C,VALPO,2,0,0,332,,,60.0,,,,60.7,,,63.9,0,0,1,0,0,0,4,0,0
Carter Woody,143261,G,VALPO,5,0,0,332,,,66.2,,,,62.7,,,62.8,0,0,11,0,0,0,0,0,0
Jeremiah Orr,143264,T,HAMPTON,12,0,0,178,,,74.3,,,,64.6,,,66.1,0,0,57,0,0,0,0,0,0
Keith Szczepanski,143267,T,MERRIMACK,11,0,0,385,,,73.4,,,,64.3,,,63.7,0,0,48,0,0,0,0,0,0
Jake Vickers,143272,TE,VALPO,10,0,0,332,,,79.8,,,73.9,65.7,,,64.1,0,0,29,0,0,6,0,0,0
Keyon Turner,143280,S,S DAKOTA,14,0,0,291,,,,,,,79.1,,,78.0,0,0,0,0,91,0,1,33,5
Sam Hafner,143296,DI,VALPO,11,0,0,332,58.1,,,,,,50.1,,,28.4,0,1,0,46,0,0,0,3,0
DePhabian Fant,143329,HB,MS VLY ST,10,1,0,228,,,,66.2,,,63.3,,,70.5,0,0,0,0,1,62,15,10,1
Khalil James-Ware,143330,T,MS VLY ST,10,0,0,228,,,69.6,,,,44.9,,,26.6,0,2,28,0,0,0,3,0,0
Jamison Lindsey,143333,CB,NICHOLLS,10,0,0,243,60.1,,,,,,68.4,,,76.0,0,0,0,8,18,0,0,41,0
Jakobe Thomas,143339,HB,MS VLY ST,11,0,0,228,,,,,,,72.5,,,77.6,0,0,0,0,3,40,45,0,3
Jayren Fox,143340,LB,FL A&M,10,0,0,164,59.9,,,,,,66.6,,,70.9,0,0,0,8,31,23,0,0,3
Jacob Allen,143343,G,MURRAY ST,8,0,0,236,,,74.5,,,,65.0,,,70.7,0,0,39,0,0,0,0,0,0
Amari Pouncy,143350,ED,UTAHTC,8,0,0,1285,58.2,,,,,,59.4,,,68.5,0,0,0,37,8,0,0,4,0
Eric Haney,143369,CB,SAN DIEGO,11,0,0,283,59.7,,,67.1,,,60.9,56.1,,73.4,0,0,0,35,0,10,15,37,0
Kieran Fry,143426,WR,SO UTAH,1,0,0,298,,,,58.0,,,59.6,,,64.1,0,0,0,0,0,6,0,0,0
Malik Antwine,143502,WR,MS VLY ST,3,0,0,228,,,,,,,59.7,,,67.8,0,0,0,0,0,21,0,0,0
Chase Lyons,143515,ED,SAN DIEGO,9,0,0,283,59.8,,,,,,60.0,,,69.1,0,0,0,34,3,1,16,1,0
Jagger Pagano,143516,LB,SAN DIEGO,8,0,0,283,59.7,,,,,,61.8,,,77.6,0,0,0,33,0,0,0,2,0
Justin Aletor,143519,DI,SAN DIEGO,1,0,0,283,59.3,,,,,,59.6,,,61.6,0,0,0,1,0,0,0,0,0
Josh Cashiola,143522,ED,SACRAMENTO,7,0,0,279,59.9,,,,,,61.6,,,67.1,0,0,0,20,0,0,0,4,0
Isaiah Smith,143535,HB,SAN DIEGO,11,0,0,283,,,,59.6,,,64.9,,,67.7,0,0,0,0,1,37,0,0,0
Colter May,143557,FB,WEBER ST,12,1,0,342,,,,63.2,,,66.9,,,85.7,2,0,0,0,70,65,40,37,4
Reggie Neal,143574,G,TEXAS STHN,8,0,0,313,,,72.0,,,,64.4,,,71.2,0,0,28,0,0,0,0,0,0
Michael Onwuzurike,143613,LB,CENT ARK,2,0,0,132,59.7,,,,,,60.8,,,65.4,0,0,0,1,3,0,0,0,0
Drew Deck,143699,WR,MONTANA,8,0,0,232,,,,60.0,,,60.1,48.8,,67.3,0,0,0,0,0,1,4,17,0
Brandon Casey,143705,T,MONTANA,4,0,0,232,,,69.2,,,,63.9,,,72.6,0,0,24,0,0,0,0,0,0
Erik Barker,143708,TE,MONTANA,14,0,0,232,,,70.0,,,,66.9,,,64.9,1,0,30,0,0,2,55,0,2
Gabe Longin,143709,S,MONTANA,8,0,0,232,,,,,,,70.9,,,74.8,0,0,0,0,3,0,0,29,0
Rishi Daniels,143710,S,WEBER ST,12,0,0,342,,,,,,,52.4,,,28.7,0,3,0,0,19,63,6,51,2
Jaxon Lee,143712,S,MONTANA,12,0,0,232,60.2,,,,,,61.4,,,67.1,0,0,0,58,0,5,0,2,0
Noah Kaschmitter,143715,ED,MONTANA,7,0,0,232,58.7,,,,,,58.9,,,66.0,0,0,0,15,0,0,0,2,0
Henry Nuce,143716,ED,MONTANA,13,0,0,232,58.4,,,,,,59.2,,,67.8,0,0,0,29,0,0,0,6,0
Journey Grimsrud,143717,G,MONTANA,1,0,0,232,,,60.0,,,,60.0,,,61.0,0,0,1,0,0,0,0,0,0
Dylan Smith,143720,ED,MONTANA,9,0,0,232,,,73.0,,,,64.1,,,61.3,0,0,45,0,0,0,0,0,0
Sloan McPherson,143721,DI,MONTANA,14,0,0,232,59.8,,76.9,,,,64.9,,,75.2,0,0,72,1,0,66,0,0,0
Jace Klucewich,143723,S,MONTANA,12,0,0,232,59.8,,,,,,66.2,,,68.9,0,0,0,23,28,0,5,6,2
Brady Lang,143724,WR,MONTANA,1,0,0,232,,,,,,,62.3,,,71.4,0,0,0,0,0,0,0,4,0
Padraig Lang,143725,S,MONTANA,1,0,0,232,,,,,,,61.5,,,66.6,0,0,0,0,0,0,0,4,0
Geno Leonard,143726,LB,MONTANA,7,1,0,232,59.7,,,,,,60.6,,,74.4,1,0,0,9,14,30,0,3,0
Grayson Pibal,143729,LS,MONTANA,14,0,0,232,,,90.0,,,89.8,75.3,,,29.8,0,1,75,0,0,0,55,0,0
Jake Olson,143731,TE,MONTANA,14,0,0,232,,,78.2,,,,63.8,,,78.5,0,0,75,0,0,66,55,0,0
TJ Rausch,143733,S,MONTANA,14,1,0,232,59.9,,,,,,72.7,,,87.3,1,0,0,17,75,53,24,50,6
Liam Brown,143735,G,MONTANA,14,0,0,232,,,80.1,,,,66.3,,,64.6,0,0,73,0,0,0,0,0,0
Declan McCabe,143737,C,MONTANA,8,0,0,232,,,71.4,,,,64.4,,,73.7,0,0,33,0,0,0,0,0,0
Jalynnee McGee,143755,HB,PORTLAND,5,0,0,269,,,,,,,63.7,,,74.4,0,0,0,0,0,33,0,11,0
Day Day Bright,143760,CB,JACKSON ST,11,0,0,194,59.5,,,,,,63.2,62.0,,71.8,0,0,0,19,0,0,0,20,0
Xavier Coleman,143822,HB,LAMAR,11,0,0,204,,,,61.2,,,64.3,,,68.9,0,0,0,0,11,36,0,6,1
Connor Lytton,143831,K,CAMPBELL,12,0,0,131,,61.3,,,62.1,,61.6,,,68.1,0,0,48,0,6,0,0,0,0
Trey Brown III,143848,ED,N ARIZONA,11,0,0,252,60.0,,,,,,66.6,,,77.6,0,0,0,1,5,44,0,13,1
Dylan Merrell,143863,CB,LIUSHAR,12,0,0,1298,59.6,,,,,,69.5,60.3,,78.6,0,0,0,29,54,8,34,27,4
Josh Burrell,143875,TE,FURMAN,1,0,0,170,,,,,,,59.3,,,66.5,0,0,0,0,0,6,3,0,0
Liam McCormick,143887,DI,LIUSHAR,11,0,0,1298,57.9,,,,,,60.5,,,73.2,0,0,0,34,0,0,0,23,0
Vance Nicklaus,143889,TE,SAMFORD,11,0,0,282,,,73.3,,,,63.4,,,66.6,0,0,47,0,1,0,60,0,0
Parker Self,143894,WR,E TENN ST,12,0,0,157,,,,,,,83.7,,,83.9,0,0,0,0,64,41,2,56,7
George Wilson Jr.,143902,ED,CAMPBELL,12,0,0,131,58.8,,,,,,59.6,,,70.9,0,0,0,35,7,8,7,0,0
James BlackStrain,143905,WR,MO STATE,10,0,0,230,,,,,,,60.0,,,79.8,0,0,0,0,1,57,0,18,0
Thad Franklin Jr.,143940,HB,FL A&M,1,0,0,164,60.0,,,,,,60.0,,,62.9,0,0,0,1,0,0,0,0,0
Gabriel Stephens,143980,ED,E KENTUCKY,11,1,0,159,59.1,,,,,,67.9,,,70.7,0,0,0,16,13,0,8,12,1
Nate Evans,143991,CB,DELAWARE,11,0,0,151,59.8,,,,,,61.1,,,74.9,0,0,0,31,39,0,2,19,0
Zyun Reeves,144003,DI,MS VLY ST,11,0,0,228,57.8,,60.0,,,,60.6,,,68.8,0,0,6,26,0,0,17,1,1
Cedd Seabrough,144004,TE,W GEORGIA,11,0,0,1177,,,75.3,,,,69.1,,,73.8,0,0,62,0,8,16,0,48,1
Khalil Anderson,144012,S,MO STATE,10,0,0,230,60.0,,,,,,66.6,,,29.6,1,1,0,4,60,6,7,26,5
Stephon Hall,144023,S,YNGTOWN ST,11,0,0,353,59.8,,,,,,60.6,,,65.0,0,0,0,42,6,0,0,1,0
Cole Mitchell,144031,TE,ROB MORRIS,10,0,0,277,,,72.8,,,,63.5,,,65.2,0,0,44,0,0,8,6,0,0
Kenji Christian,144072,HB,NC A&T,1,0,0,246,,,,59.9,,,60.0,,,61.2,0,0,0,0,0,1,0,0,0
Elijah Howard,144080,HB,CENT CT ST,1,0,0,133,,,,59.6,,,59.8,,,62.0,0,0,0,0,0,4,0,0,0
Jalen Hoyle,144081,S,STNY BROOK,10,0,0,303,59.8,,,,,,67.1,,,76.4,0,0,0,26,47,0,28,23,2
Ian Maloney,144165,LB,MO STATE,6,0,0,230,,,,,,,55.3,,,67.5,0,0,0,0,17,0,0,1,0
Brayln Oliver,144169,CB,FL A&M,5,0,0,164,59.1,,60.0,,,,60.0,,,66.7,0,0,4,12,0,0,0,0,0
Christian Pedersen,144171,TE,MOREHEAD,11,0,0,234,,,72.1,59.9,,,62.7,,,68.4,0,0,40,0,0,32,0,0,0
Dez Williams,144213,WR,STNY BROOK,12,0,0,303,59.4,,,,,,55.7,,,72.0,0,1,0,1,1,58,0,14,0
Christian Lowery,144227,K,W CAROLINA,8,0,0,344,,65.9,,,65.6,,62.3,,,71.1,0,0,47,0,23,0,0,0,0
Triston O'Brien,144233,LS,INDIANA ST,12,0,0,191,,,81.9,,,71.6,68.2,,,67.9,2,0,35,0,0,0,75,0,2
Malik Rainey,144235,CB,E ILLINOIS,11,1,0,158,59.8,,,,,,65.1,,,74.7,0,0,0,34,16,12,23,12,1
Almarion Crim,144245,T,CHATTNOOGA,1,0,0,137,,,60.0,,,,60.1,,,66.1,0,0,2,0,0,0,0,0,0
Carson Walker,144258,T,ABILENE CH,14,0,0,100,,,80.6,,,,62.0,,,28.9,0,1,78,0,0,0,0,0,0
Cam Blaylock,144260,DI,TENN STATE,13,0,0,308,57.7,,,,,,50.7,,,28.8,0,1,0,57,0,0,0,9,0
Andrew Jones,144268,LB,GRAMBLING,12,0,0,177,60.0,,,,,,64.3,,,67.7,0,0,0,36,0,0,3,21,0
Errington McRae,144271,TE,ALABAMA ST,4,0,0,105,,,62.4,59.9,,,63.6,,,70.8,0,0,10,0,1,8,1,7,0
Eric Randall III,144278,S,GRAMBLING,10,0,1,177,59.9,,,,,,50.4,,,29.0,2,1,0,6,40,0,0,22,1
Cameren Dalrymple,144301,FB,NC A&T,12,1,0,246,,,70.9,62.4,,,59.3,,,39.7,2,1,34,0,26,85,61,25,3
Patrick Turner,144349,LB,GEORGETOWN,9,1,0,172,60.0,,70.4,60.0,,,58.3,,,72.3,2,0,31,3,1,25,22,0,1
Brandon Epton Jr.,144359,HB,SE MO ST,5,0,0,293,,,,64.4,,,59.7,,,63.3,0,0,0,0,0,22,0,0,0
Brendan Hall,144362,P,MONTANA ST,16,0,0,233,,,,,93.7,,65.5,,76.5,83.0,0,0,0,0,115,0,45,0,0
Izaiah Kelley,144364,S,ABILENE CH,14,0,0,100,60.2,,,,,,75.6,,,76.7,0,0,0,44,83,14,5,7,5
Trevion Sneed,144379,LB,STF AUSTIN,7,0,0,301,59.6,,,,,,64.1,,,75.5,0,0,0,1,11,5,0,27,0
Jaden Coffen,144383,TE,MORGAN ST,11,0,0,235,,,,,,,49.5,,,27.7,0,3,0,0,0,52,45,37,0
Malik Cooper,144384,WR,WAGNER,11,0,0,338,,,,56.7,,,64.8,,,69.7,0,0,0,0,5,39,0,29,1
Corey Palmer,144385,WR,DELWARE ST,2,0,0,152,,,,,,,60.8,,,68.5,0,0,0,0,5,0,6,0,0
Balansama Kamara,144390,ED,ALBANY,9,0,0,106,59.2,,,,,,61.2,,,67.1,0,0,0,21,0,0,0,10,0
T.J. Huggins,144419,CB,FL A&M,10,0,0,164,59.7,,,,,,56.8,,,50.6,1,1,0,40,25,14,3,28,1
Hutson Lillibridge,144425,G,MO STATE,5,0,0,230,,,69.2,,,,63.8,,,72.2,0,0,23,0,0,0,0,0,0
Scottie Alexander,144441,WR,TENN MARTN,1,0,0,310,,,,,,,60.5,,,66.5,0,0,0,0,0,0,0,2,0
Jaden Moore,144449,LB,TENN MARTN,14,1,0,310,59.9,,,,,,70.1,,,80.3,2,0,0,3,75,40,50,4,8
Ah'Mare Lee,144462,CB,FL A&M,5,0,0,164,60.0,,,,,,53.1,,,26.7,0,2,0,1,22,0,0,2,2
Trevion Shadrick-Harris,144469,S,E WASHGTON,7,0,0,161,,,,,,,64.4,,,75.2,0,0,0,0,0,18,0,13,0
Anthony Williams Jr.,144472,HB,STF AUSTIN,2,0,0,301,,,,,,,60.0,,,64.5,0,0,0,0,0,1,0,0,0
Dequan Stanley,144496,WR,E KENTUCKY,2,0,0,159,,,,,,,60.1,,,65.5,0,0,0,0,0,8,0,0,0
Chris Esqueda-Almanza,144505,K,LAMAR,6,0,0,204,,43.2,,,,,61.2,,58.9,66.5,0,0,20,0,1,0,2,0,0
Javon Gipson,144509,WR,ABILENE CH,12,0,0,100,,,,,,,70.5,,,77.6,1,0,0,0,64,44,28,12,3
Elijah Bean,144521,WR,ALABAMA ST,2,0,0,105,,,,,,,62.1,,,70.1,0,0,0,0,0,0,0,8,0
Cisco Caston,144523,S,GRAMBLING,8,0,0,177,59.8,,,,,,62.1,,,68.0,0,0,0,11,1,0,9,12,0
Deon Silas,144540,HB,RHODE ISLD,13,0,0,274,,,,61.4,,,59.3,,,64.6,0,0,0,0,0,60,0,0,0
Carston Marshall,144551,LB,YNGTOWN ST,8,0,0,353,60.1,,,,,,72.7,,,74.4,0,0,0,5,21,0,0,17,2
Tanaka Scott,144569,WR,N ALABAMA,12,0,0,389,,,69.0,,,,62.2,,,70.7,0,0,26,0,11,44,5,0,0
Jaden Robinson,144576,CB,SO UTAH,12,0,0,298,59.7,,,,,,66.5,,,71.4,0,0,0,59,13,31,14,11,2
Edwin White-Schultz,144583,S,N ALABAMA,7,0,1,389,90.2,,,,,,72.5,,,26.2,0,3,0,25,0,2,0,10,0
Xavier Loyd,144596,WR,ILL STATE,6,0,0,188,,,,59.6,,,60.4,,,67.4,0,0,0,0,0,10,0,0,0
Cody Jackson,144621,WR,TARLETON,2,0,0,401,,,,,,,60.1,,,64.8,0,0,0,0,0,2,0,0,0
Ben Harris,144624,QB,N ALABAMA,11,0,0,389,,,65.7,,,,61.9,,,61.1,0,0,42,0,0,0,0,0,0
Ralph Rucker IV,144625,QB,BUCKNELL,1,0,0,125,,,,,,,60.0,,60.0,63.3,0,0,0,0,0,0,1,0,0
Jordan Mukes,144633,CB,ABILENE CH,13,0,0,100,60.2,,,,,,64.0,,,79.1,0,0,0,57,5,0,0,6,0
Dorian Plumley,144634,S,ABILENE CH,14,1,0,100,59.9,,,,,,67.0,,,80.2,1,0,0,57,80,3,0,1,2
Austin Jarrard,144644,TE,SACRAMENTO,4,0,0,279,,,68.1,,,,62.8,,,70.0,0,0,23,0,1,14,0,0,0
Blaine Green,144653,WR,STF AUSTIN,1,0,0,301,,,,,,,60.0,29.3,,63.3,0,0,0,0,0,0,0,3,0
Donnie Wingate,144674,ED,LNDNWD,9,0,0,949,58.4,,,,,,58.6,,,70.2,0,0,0,27,0,0,0,1,0
Quincy Brown,144698,WR,NICHOLLS,1,0,0,243,,,,,,,60.0,,,62.1,0,0,0,0,1,0,0,0,0
D'Arco Perkins-McAllister,144701,CB,CHATTNOOGA,12,0,0,137,59.6,,,,,,57.4,,,74.1,1,0,0,33,10,8,3,11,0
Jayhvion Gipson,144704,LB,HOUCHR,11,1,0,183,60.2,,,,,,62.3,,,81.6,2,0,0,14,51,35,28,29,2
Nehemiah Martinez,144759,WR,ABILENE CH,14,1,0,100,,,,68.0,,,61.5,76.9,,40.2,1,1,0,0,69,75,31,62,2
Jed Castles,144760,TE,ABILENE CH,14,0,0,100,,,77.6,,,,62.6,,,72.3,0,0,78,0,0,54,21,0,0
Brayden Dudley,144795,DI,MERCER,12,0,0,219,59.3,,,,,,67.6,,,81.4,0,0,0,12,11,0,0,42,0
Jaquez Smith,144830,WR,MO STATE,1,0,0,230,,,,,,,60.7,,,68.3,0,0,0,0,0,5,0,0,0
Aaron Steinfeldt,144839,TE,ALBANY,4,0,0,106,,,63.0,,,,44.4,,,27.1,0,1,14,0,0,11,0,0,0
Denin Limouris,144855,TE,NEW HAMP,10,0,0,240,,,,54.6,,,59.7,,,68.4,0,0,0,0,0,35,29,0,0
Gaven Cooke,144865,S,UC DAVIS,13,1,0,322,59.9,,,,,,71.5,,,74.2,0,0,0,14,77,2,0,3,4
Cameron James,144974,T,JACKSON ST,4,0,0,194,,,66.2,,,,62.9,,,63.9,0,0,20,0,0,0,0,0,0
Kamonte Grimes,144994,WR,N IOWA,10,0,0,255,,,,,,,59.7,61.8,,72.2,0,0,0,0,7,32,0,12,0
Davon Townley Jr.,145091,ED,MO STATE,11,0,0,230,59.4,,,,,,61.8,,,67.1,0,0,0,14,0,0,0,8,0
Brandon Calloway,145121,CB,FL A&M,3,0,0,164,59.7,,,,,,61.6,,,68.9,0,0,0,4,0,0,0,6,0
Max Patterson,145128,WR,DELAWARE,4,0,0,151,,,,,,,58.4,,,66.8,0,0,0,0,0,17,0,0,0
Carnell Davis,145138,CB,DUQUESNE,11,0,1,155,59.7,,,,,,50.1,,,28.3,0,1,0,24,15,1,0,4,0
Todd Bowles Jr.,145147,S,LIUSHAR,10,0,0,1298,59.4,,,,,,61.1,,,67.5,0,0,0,35,4,13,1,1,1
Al Ashford III,145162,CB,N ARIZONA,13,0,0,252,60.1,,,,,,65.5,,,82.4,0,0,0,26,21,4,2,39,0
Kobe Stewart,145195,WR,BETH COOK,5,0,0,119,,,,,,,52.3,,,69.4,0,0,0,0,0,25,0,8,0
Amari Wansley,145201,S,MURRAY ST,12,0,0,236,59.6,,,,,,60.9,,,72.9,2,0,0,59,38,11,7,2,1
Zeroun Skinner,145202,CB,NEW HAMP,10,0,0,240,59.6,,,,,,81.2,,,73.6,0,0,0,10,41,0,0,32,4
Justice Cross,145203,LB,MURRAY ST,11,0,0,236,60.0,,,,,,62.4,,,71.3,0,0,0,41,14,0,34,0,1
Jay Barry,145215,WR,N COLORADO,2,0,0,253,,,,,,,60.1,,,68.0,0,0,0,0,0,12,0,0,0
Baba Conate,145231,ED,BETH COOK,7,1,0,119,,,,,,,64.4,,,72.9,0,0,0,0,23,23,31,0,1
Matthew McCallister,145243,WR,MCNEESE,12,0,0,217,,,,,,,61.6,70.5,,72.3,0,0,0,0,7,19,0,63,0
Erron Mahoney-Bean,145244,T,GRAMBLING,12,0,0,177,,,74.6,,,,64.7,,,65.2,0,0,54,0,0,0,0,0,0
Julien Lewis,145248,WR,GRAMBLING,3,0,0,177,59.6,,,,,,62.4,,,68.5,0,0,0,1,0,0,0,7,0
Austin McCready,145261,K,ALAB A&M,12,1,0,104,,65.0,44.5,,64.5,,59.0,,71.3,75.8,0,1,57,0,38,0,42,0,0
Arthur Rodgers,145270,HB,NC CENT,4,0,0,247,,,,,,,60.1,,,71.1,0,0,0,0,0,19,0,0,0
Jeremiah McClendon,145280,CB,S ILLINOIS,9,1,0,295,59.5,,,,,,73.7,60.3,,77.1,0,0,0,18,24,0,27,5,3
Hagan Stephenson,145284,S,TARLETON,14,1,0,401,,,,,,,71.2,,,83.5,0,0,0,0,81,68,0,42,2
Jaydyn Johnson,145286,S,LNDNWD,12,1,0,949,59.8,,,,,,67.2,,,43.9,0,1,0,16,54,49,0,50,3
Hunter Burns,145293,LS,JACKSON ST,3,0,0,194,,,24.3,,,0.0,29.1,,,26.5,0,1,21,0,0,0,0,0,0
John McConnell,145294,P,MERCER,14,0,1,219,,,67.9,,,,63.9,,52.5,74.4,0,1,75,0,0,0,78,0,0
Harold West,145327,S,ABILENE CH,14,0,0,100,59.7,,,,,,66.5,,,81.4,0,0,0,30,73,20,0,1,1
Robert Johnson,145328,CB,TENN MARTN,5,0,0,310,59.7,,,,,,61.7,,,69.1,0,0,0,19,0,0,0,8,0
Chris Wright,145329,ED,ABILENE CH,13,0,0,100,70.8,,,,,,78.4,,,76.2,0,0,0,66,0,0,0,6,0
Jordan Bly,145345,WR,GARD-WEBB,5,0,0,171,,,,63.2,,,60.9,73.0,,67.7,0,0,0,0,0,6,0,8,0
Noah Robinson,145352,WR,ROB MORRIS,4,0,0,277,,,,59.9,,,59.4,,,69.4,0,0,0,0,0,1,9,3,0
Obie Sanni,145354,HB,TENN TECH,3,0,0,309,,,,,,,62.2,,,70.0,0,0,0,0,0,14,0,11,0
Malcolm Britt,145364,LB,NORFOLK,11,0,0,244,59.9,,,59.4,,,73.0,,,77.6,0,0,0,3,32,32,61,16,7
Levi Wentz,145365,WR,ALBANY,1,0,0,106,,,,,,,60.0,,,64.4,0,0,0,0,0,1,0,0,0
Jahaad Scales,145372,S,WOFFORD,8,0,1,350,60.0,,,,,,47.4,,,28.0,0,1,0,1,0,9,0,18,0
Corey Chapman,145373,S,NORFOLK,12,0,0,244,59.8,,,,,,71.8,,,81.2,2,0,0,21,51,14,72,33,10
Keyshawn Hunter,145385,DI,DELAWARE,2,0,0,151,,,,,,,60.0,,,67.7,0,0,0,0,0,0,0,2,0
Kris Caine,145388,ED,STNY BROOK,6,1,0,303,59.3,,,,,,67.3,,,72.7,0,0,0,14,21,0,0,10,0
Richard Mays Jr.,145421,WR,JACKSON ST,8,0,0,194,,,,59.6,,,61.4,,,72.2,0,0,0,0,0,34,0,13,0
Jeremiah Robinson,145428,S,YNGTOWN ST,8,0,0,353,60.2,,,,,,55.6,,,70.5,1,0,0,6,12,8,0,12,0
A.J. Gates,145444,HB,ALABAMA ST,5,0,0,105,,,,65.0,,,59.4,,,63.5,0,0,0,0,0,16,0,0,0
Ike Rowell,145445,S,N ALABAMA,12,0,0,389,60.0,,,,,,71.1,,,83.4,0,0,0,22,57,47,1,13,4
Brett Johnson,145456,G,SAMFORD,11,0,0,282,,,19.1,,,,32.1,,,75.3,0,0,47,0,0,0,0,0,0
Xander Echols,145485,LS,IDAHO,14,0,0,185,,,84.2,,,60.1,60.3,,,66.7,4,1,65,0,0,0,48,0,1
Tyler Williams,145499,S,CAL POLY,8,0,0,129,,,,,,,74.8,,,75.0,0,0,0,0,19,0,28,5,3
Caden Holt,145521,LB,TARLETON,14,0,0,401,59.7,,,,,,62.8,,,75.5,0,0,0,35,13,19,3,8,0
JaCorey Hyder,145522,TE,LAMAR,6,0,0,204,,,,,,,58.7,,,67.5,0,0,0,0,0,0,13,0,0
Caleb Lewis,145526,ED,INCAR WORD,6,0,0,189,59.5,,69.8,,,,63.1,,,64.4,0,0,31,3,1,0,1,0,0
Tysean Jefferson,145530,WR,TENN STATE,8,0,0,308,,,,,,,66.7,,,74.1,1,0,0,0,5,0,39,0,4
Alex Williams,145537,TE,W ILLINOIS,11,0,0,345,,,75.2,59.9,,,72.1,,,82.6,0,0,58,0,9,82,1,7,2
BJ Wagner,145542,S,DELWARE ST,12,1,0,152,59.6,,,,,,46.4,,,30.0,5,1,0,52,28,1,55,30,1
Knox Boyd,145548,T,LAMAR,12,0,0,204,,,72.9,,,,64.2,,,65.5,0,0,48,0,0,0,0,0,0
DJ Brown,145549,S,PENN,10,0,0,267,,,,,,,62.4,,,79.1,0,0,0,0,0,48,29,24,0
Riley Engelhard,145554,TE,ALBANY,12,0,0,106,,,73.6,,,,65.1,,,81.3,0,0,45,0,0,63,53,31,0
Doug Newsome,145564,CB,TENN MARTN,4,0,0,310,59.6,,,,,,62.6,,,72.1,0,0,0,9,0,0,0,18,0
Steven Parker,145565,S,ALAB A&M,11,0,1,104,59.7,,,,,,51.5,,,27.9,0,2,0,34,26,0,0,22,1
Isaiah Potts,145567,DI,CAMPBELL,11,0,0,131,75.4,,,,,,83.5,,,66.3,0,0,0,30,0,0,0,0,0
B.J. Ragland,145568,G,CHATTNOOGA,4,0,0,137,,,65.8,,,,63.3,,,71.5,0,0,17,0,0,0,1,0,0
Andrew Behm,145595,LB,S ILLINOIS,2,0,0,295,60.0,,,,,,60.5,,,67.3,0,0,0,1,2,0,4,1,0
Joe Malchesky,145596,S,ROB MORRIS,12,1,0,277,60.0,,,,,,56.0,,,84.8,3,1,0,4,54,37,58,53,3
Luke Bauer,145597,ED,MOREHEAD,12,0,0,234,58.5,,,,,,59.1,,,68.5,0,0,0,33,0,0,0,7,0
Tyler Rieger,145601,LS,DUQUESNE,11,0,0,155,,,86.3,,,88.0,73.5,,,66.9,1,0,53,0,0,0,50,0,0
Dontae Pollard,145609,CB,SAMFORD,11,0,0,282,60.0,,,,,,56.6,,,38.1,0,1,0,43,0,0,29,62,0
Matt Kordas,145647,S,INCAR WORD,14,1,0,189,60.1,,,,,,78.8,,,69.8,1,1,0,6,86,73,13,65,7
Willie Jones,145659,S,W ILLINOIS,5,0,0,345,60.1,,,,,,54.1,,,67.6,1,0,0,16,5,8,0,0,0
Carson Williams,145677,TE,N DAK ST,16,0,0,250,,,78.8,59.9,,,62.7,,,70.2,0,0,87,0,0,56,0,0,0
Janik Ogunlade,145679,T,FL A&M,1,0,0,164,,,60.0,,,,61.1,,,66.3,0,0,4,0,0,0,0,0,0
Khamran Laborn,145682,HB,E TENN ST,10,0,0,157,,,,68.7,,,60.8,,,64.5,0,0,0,0,0,35,1,1,0
Anton Ricumstrict,145684,ED,DELWARE ST,12,0,0,152,73.9,,,,,,77.2,,,68.9,0,0,0,51,0,46,1,8,0
Solomanie Bambara,145689,ED,W GEORGIA,11,1,0,1177,59.3,,,59.6,,,62.0,,,74.6,1,0,0,12,43,45,3,2,1
Jamari Gassett,145690,WR,FL A&M,11,0,0,164,,,,,,,60.9,72.0,,67.7,0,0,0,0,0,4,0,41,0
Jibrahn Claude,145691,S,W GEORGIA,6,1,0,1177,59.7,,,,,,65.5,,,76.8,0,0,0,23,9,0,5,3,0
Chris King,145693,DI,MONMOUTH,11,0,0,231,57.7,,,,,,59.5,,,75.9,0,0,0,37,0,0,0,9,0
Isaiah Rogers,145706,DI,MONMOUTH,11,0,0,231,58.0,,,,,,59.6,,,73.3,0,0,0,33,0,0,0,9,0
Bryson Moss,145745,HB,JACKSON ST,9,0,0,194,,,,,,,87.1,,,82.3,0,0,0,0,17,39,0,41,2
Latrell Fordham,145756,WR,YNGTOWN ST,4,0,0,353,,,,64.9,,,60.5,,,63.5,0,0,0,0,1,17,0,0,0
Jaden Gaines,145762,ED,CHATTNOOGA,2,0,0,137,60.1,,,,,,60.4,,,64.9,0,0,0,4,0,0,0,1,0
Austin Smith,145763,QB,AUSTINPEAY,1,0,0,116,,,,,,,60.0,,,63.3,0,0,0,0,0,0,0,0,0
Cam Smith,145767,S,JACKSON ST,14,0,0,194,59.9,,,,,,52.0,,,69.7,1,0,0,30,35,0,0,7,1
Naran Buntin,145782,ED,N IOWA,4,0,0,255,,,,,,,60.6,,,68.9,0,0,0,0,8,14,0,0,0
Shakhi Carson,145783,HB,STNY BROOK,6,0,0,303,,,,47.8,,,59.7,,,64.5,0,0,0,0,2,13,0,1,0
Pat McQuaide,145792,QB,NICHOLLS,2,0,0,243,,,60.6,,,,60.9,,,60.7,0,0,10,0,0,0,0,0,0
Matt Reardon,145811,WR,YNGTOWN ST,7,0,0,353,,,,,,,54.1,,,28.5,0,1,0,0,0,43,0,0,0
Daylan Long,145825,S,NORFOLK,12,1,0,244,59.6,,,,,,66.7,,,68.0,0,0,0,38,9,0,0,8,1
Dee Pierce,145828,S,ROB MORRIS,8,0,0,277,59.3,,,,,,61.5,,,75.1,0,0,0,21,17,7,4,13,0
Aramoni Rhone,145892,WR,ARKAPB,1,0,0,112,,,,,,,60.0,,,62.4,0,0,0,0,1,0,0,0,0
Jalen Riven,145909,ED,W ILLINOIS,12,0,0,345,58.9,,71.3,,,,68.4,,,38.3,0,1,38,48,6,7,39,3,3
Vontrell Chairse,145917,ED,S ILLINOIS,8,0,0,295,59.0,,,,,,60.5,,,71.7,0,0,0,12,0,0,0,3,0
Joshua Nobles,145930,ED,JACKSON ST,14,1,0,194,58.7,,,,,,57.8,,,69.4,1,0,0,31,10,0,0,9,0
Cole Johnson,145945,LB,DAYTON,5,0,0,150,,,,,,,62.1,,,69.0,0,0,0,0,1,19,0,14,0
Elijah Hawk,145952,DI,CAMPBELL,10,0,0,131,58.7,,,,,,59.1,,,70.1,0,0,0,35,0,0,0,0,0
James Wilborn Jr,145988,DI,MERRIMACK,11,0,0,385,58.3,,60.0,,,,44.9,,,29.0,1,1,3,15,0,0,44,0,0
Jalen Neal,145994,CB,RHODE ISLD,5,0,0,274,59.9,,,,,,63.7,,,69.7,0,0,0,8,10,0,0,10,0
Damir Abdullah,146016,S,IDAHO ST,12,1,0,186,59.9,,,,,,69.0,,,81.0,0,0,0,6,67,47,0,32,3
Drake Martinez,146023,TE,HOUCHR,9,0,0,183,,,15.1,,,,35.6,,,67.0,0,0,27,0,0,18,44,0,0
Chrishawn Gordon,146032,S,MONTANA,11,0,0,232,59.7,,,,,,62.1,,,69.3,0,0,0,40,0,0,1,11,0
Jordan Hornbeak,146035,HB,N COLORADO,11,1,0,253,,,,,,,60.9,,,74.8,0,0,0,0,22,62,73,0,2
Pedro Timoteo,146038,T,PORTLAND,7,0,0,269,,,72.6,,,,64.6,,,71.4,0,0,31,0,0,0,0,0,0
Hunter Nabers,146044,LB,VALPO,1,0,0,332,59.6,,,,,,59.8,,,62.0,0,0,0,1,0,0,0,0,0
Emari Pait,146055,S,ALAB A&M,2,0,0,104,60.1,,,,,,60.2,,,62.2,0,0,0,8,0,0,0,0,0
Nate Adams,146074,T,STF AUSTIN,6,0,0,301,,,64.7,,,,60.5,,,65.1,0,0,17,0,0,0,2,0,0
Jalen Walthall,146075,WR,INCAR WORD,3,0,0,189,,,,,,,60.0,,,65.2,0,0,0,0,0,0,3,0,0
Ty Marsh,146077,S,NICHOLLS,12,0,0,243,59.9,,,60.0,,,75.4,,,64.7,2,1,0,18,37,57,70,63,8
Dorian Blackwell,146080,CB,MAINE,10,0,0,212,59.7,,,,,,62.7,,,75.4,1,0,0,15,47,0,0,35,1
Jacques Badolato-Birdsell,146087,HB,PORTLAND,11,0,0,269,,,,,,,64.8,,,75.4,1,0,0,0,64,77,4,26,0
Zach Lewis,146093,S,N ARIZONA,13,0,0,252,60.0,,,,,,67.1,,,81.0,0,0,0,32,13,0,0,2,1
Duece Jones,146102,CB,GRAMBLING,10,0,0,177,59.5,,,,,,60.4,,,72.1,0,0,0,17,1,0,14,5,0
Ronald Wilson,146133,S,INCAR WORD,14,0,0,189,59.9,,,,,,59.6,,,70.3,0,0,0,37,0,0,18,1,0
JP Murphy,146148,TE,E WASHGTON,10,0,0,161,,,73.6,,,,62.4,,,68.6,0,0,48,0,2,65,0,0,0
Joshua Nicholson,146158,WR,SACRAMENTO,4,0,0,279,,,,59.9,,,60.9,63.9,,64.7,0,0,0,0,1,1,0,9,0
Donald McKinney,146167,WR,TEXAS STHN,1,0,0,313,,,,,,,60.0,,,63.1,0,0,0,0,0,1,0,0,0
Nick Dimitris,146202,DI,FL A&M,4,0,0,164,58.6,,,,,,58.4,,,64.1,0,0,0,6,0,0,0,0,0
Deamikkio Nathan,146213,WR,MO STATE,9,0,0,230,,,,,,,50.8,,,73.2,1,0,0,0,11,42,0,10,0
Stevie Rocker,146242,HB,MONTANA,14,2,0,232,,,,,,,74.7,,,77.6,1,0,0,0,75,11,0,5,6
Logan Kraut,146251,LB,UC DAVIS,7,0,0,322,,,,,,,59.3,,,31.2,0,1,0,0,11,0,0,27,0
Ammon Allen,146261,LB,N ARIZONA,8,0,0,252,60.0,,,,,,59.3,,,73.9,1,0,0,24,16,0,13,2,1
Lonyatta Alexander Jr.,146268,WR,MONTANA ST,7,0,0,233,,,,,,,60.8,,,68.0,0,0,0,0,0,8,0,0,0
Kaleb Higgins,146298,S,SACRAMENTO,3,0,0,279,60.3,,,,,,71.0,,,67.6,0,0,0,10,3,0,7,3,1
Ryan Williams,146328,DI,MO STATE,6,0,0,230,58.7,,,,,,60.2,,,66.5,0,0,0,8,0,0,0,5,0
Sam Vidlak,146333,QB,STF AUSTIN,2,0,0,301,,,,,,,60.0,,,64.5,0,0,0,0,0,0,1,0,0
Carter Neuman,146346,TE,BRYANT,4,0,0,124,,,60.0,59.6,,,60.4,,,67.9,0,0,6,0,0,18,0,0,0
Arnez Madison,146349,CB,SO UTAH,6,0,0,298,,,,,,,64.6,,,74.2,0,0,0,0,38,12,0,5,0
Jake Parrella,146356,ED,S ILLINOIS,10,0,0,295,59.5,,60.0,,,,60.5,,,66.5,0,0,1,18,0,0,0,2,0
Keontez Lewis,146387,WR,S ILLINOIS,1,0,0,295,,,,,,,62.5,,,67.7,0,0,0,0,0,0,0,5,0
Makai Cope,146430,WR,SACRAMENTO,1,0,0,279,,,,57.7,,,60.0,,,62.2,0,0,0,0,0,5,0,0,0
Ricky Parks,146431,HB,FORDHAM,3,0,0,168,,,,,,,58.4,,,68.3,0,0,0,0,0,0,14,0,0
Hayden Erickson,146437,TE,S DAKOTA,12,0,0,291,,,76.8,,,,65.9,,,71.8,0,0,66,0,0,0,0,0,0
Ethan Calvert,146442,LB,CAL POLY,10,0,0,129,59.8,,,,,,67.8,,,76.4,0,0,0,20,21,24,9,31,2
Caden Jumper,146471,TE,MURRAY ST,11,0,0,236,,,72.3,59.4,,,65.1,,,74.7,0,0,40,0,0,71,58,0,0
Anderson Grover,146493,WR,SACRAMENTO,10,0,0,279,,,,,,,61.6,75.5,,67.0,0,0,0,0,3,0,0,33,0
Reed Shumpert,146495,WR,CAL POLY,1,0,0,129,,,,,,,60.9,,,69.3,0,0,0,0,0,8,0,0,0
Orion Peters,146506,WR,IDAHO,1,0,0,185,,,,,,,60.0,,,61.0,0,0,0,0,0,0,1,0,0
Jhamell Blenman,146513,CB,IDAHO,10,0,0,185,59.9,,,,,,63.9,,,72.2,0,0,0,5,35,3,0,2,0
Giovanni Iovino,146522,LB,SAN DIEGO,9,0,0,283,60.0,,,,,,63.1,,,83.0,0,0,0,30,0,0,2,1,0
Alec Eckert,146527,DI,MONTANA ST,15,0,0,233,58.1,,22.9,,,,47.7,,,68.1,0,0,41,22,0,0,0,7,0
Seven McGee,146562,WR,ALBANY,2,0,0,106,,,,,,,60.3,,,63.8,0,0,0,0,2,1,0,0,0
D.J. Rias,146573,WR,SAMFORD,11,0,0,282,,,,70.7,,,60.5,53.9,,65.3,0,0,0,0,0,48,0,12,0
Sam Willoughby,146574,TE,SAMFORD,11,1,0,282,,,,,,,68.5,,,86.0,1,0,0,0,7,47,0,64,0
Donnie Hardin,146577,G,LIUSHAR,11,0,0,1298,,,73.6,,,,65.0,,,73.8,0,0,45,0,0,0,0,0,0
Keelan Cox,146585,ED,TEXAS STHN,11,0,0,313,59.6,,,,,,61.9,,,67.9,0,0,0,43,0,0,2,11,0
Jacoby Boykins,146600,WR,ABILENE CH,1,0,0,100,,,,,,,60.8,,,68.8,0,0,0,0,0,1,0,2,0
Jermaine Hamilton-Jordan,146639,CB,ALCORN ST,9,1,0,107,59.8,,,,,,53.8,,,36.4,1,1,0,3,16,19,28,15,0
Francisco Castro,146647,LS,HOLY CROSS,12,0,0,181,,,87.4,,,90.1,75.0,,,67.0,2,0,57,0,0,0,53,0,1
Corey Collier Jr.,146702,S,FL A&M,10,0,0,164,59.4,,,,,,42.6,,,29.2,4,2,0,23,47,4,19,14,5
Jack Rilling,146773,WR,MARIST,11,0,0,213,,,,59.9,,,56.5,,,29.9,0,2,0,0,3,71,0,28,0
Ralph Walker,146779,CB,SE LA,8,0,0,294,60.0,,,,,,49.0,,,73.2,0,1,0,2,5,1,0,22,0
Rayf Vinson,146809,WR,SAMFORD,7,1,0,282,,,,,,,56.8,,,35.8,2,2,0,0,23,0,5,38,1
Erick Cade,146816,T,MO STATE,9,0,0,230,,,73.2,,,,64.3,,,65.6,0,0,50,0,0,0,0,0,0
J.J. Henry,146817,WR,ABILENE CH,5,0,0,100,,,,59.1,,,61.4,35.6,,66.8,0,0,0,0,4,3,0,8,0
Ke'Travion Hargrove,146841,HB,GRAMBLING,1,0,0,177,,,,,,,60.7,,,68.2,0,0,0,0,0,5,0,0,0
Tre Phillips,146858,CB,ALABAMA ST,12,1,1,105,59.3,,,,,,73.0,,,51.4,0,2,0,32,57,0,62,54,6
Matai Mata'afa,146862,ED,MONTANA,12,0,0,232,59.4,,,59.9,,,54.5,,,28.2,0,1,0,2,0,57,0,0,0
Daniel Robledo,146871,DI,N ARIZONA,6,0,0,252,58.7,,,,,,59.7,,,66.8,0,0,0,9,0,0,0,3,0
Tyler Macon,146873,WR,ALCORN ST,2,0,0,107,,,,69.5,,,60.1,,,62.4,0,0,0,0,0,7,0,0,0
Isaiah Norris,146903,CB,NC CENT,8,0,0,247,59.8,,,,,,66.7,,,73.9,0,0,0,20,13,0,0,10,1
Sam Reynolds,146914,WR,TOWSON,5,0,0,317,,,,,,,61.3,,,70.4,0,0,0,0,0,18,0,13,0
Camden Hardy,146920,S,NWSTATE,7,0,0,257,82.9,,,,,,89.9,,,68.2,0,0,0,41,4,0,0,12,0
Nick Edwards,146939,G,TENN MARTN,14,0,0,310,,,25.4,,,,40.1,,,28.8,0,1,76,0,0,0,0,0,0
Nigel Lanier,146940,WR,GRAMBLING,11,0,0,177,,,,,,,64.3,,,73.6,0,0,0,0,0,55,0,0,0
Miles Campbell,146943,TE,NC CENT,4,0,0,247,,,64.5,,,,61.6,,,69.3,0,0,14,0,0,21,0,0,0
Aaron Willis,146946,LB,DELWARE ST,10,0,0,152,60.0,,,59.9,,,53.2,,,29.7,0,1,0,27,21,10,0,11,0
Patrick Smith,146956,HB,TENN MARTN,13,0,0,310,,,,62.1,,,59.4,,,71.2,0,0,0,0,0,61,1,0,0
Terion Sugick,146979,DI,MURRAY ST,10,0,0,236,57.9,,,,,,57.6,,,67.2,0,0,0,39,0,0,0,1,0
Jaden Lindsay,147027,G,GARD-WEBB,8,0,0,171,,,74.4,,,,64.6,,,63.8,0,0,35,0,0,0,0,0,0
Coen Sutton,147030,WR,GEORGETOWN,11,0,0,172,,,,,,,65.9,,,81.1,0,0,0,0,0,36,0,49,0
Jonathan Streeter,147034,CB,CAMPBELL,7,0,0,131,59.7,,,,,,70.9,,,74.6,0,0,0,4,20,8,13,8,2
Trevor Moffitt,147036,LB,GARD-WEBB,11,0,1,171,59.8,,,,,,49.8,,,28.1,0,1,0,45,0,0,0,5,0
Deshawn McKnight,147037,ED,TENN MARTN,13,0,0,310,58.2,,,,,,49.7,,,28.2,0,1,0,26,0,0,0,14,0
Justin Isler,147039,ED,GARD-WEBB,11,0,0,171,59.0,,,,,,59.9,,,68.1,0,0,0,30,0,0,0,4,0
Nason Simmons,147055,G,TENN TECH,12,0,0,309,,,77.0,,,,66.0,,,73.6,0,0,55,0,0,0,0,0,0
Omari Walker,147059,WR,RHODE ISLD,6,0,0,274,,,,,,,68.1,,,74.7,0,0,0,0,0,0,1,31,0
Dennard Flowers,147062,ED,MURRAY ST,11,0,0,236,69.9,,,,,,76.3,,,72.1,0,0,0,53,0,2,0,1,0
Ty Lyles,147079,WR,GARD-WEBB,6,0,0,171,,,,63.2,,,66.9,,,67.7,0,0,0,0,0,26,8,0,1
Chris Rhone,147089,WR,CHARLES SO,9,0,0,135,,,,,,,65.5,,,70.7,0,0,0,0,5,13,43,0,2
Malachi Taylor,147091,WR,CITADEL,2,0,0,139,,,,,,,60.7,,,69.4,0,0,0,0,0,6,0,0,0
Charles Arnold,147096,CB,MO STATE,11,0,0,230,,,,,,,72.0,,,74.4,0,0,0,0,71,13,0,21,3
Ze'marion Harrell,147098,LB,HAMPTON,5,0,0,178,59.9,,,,,,48.6,,,70.2,2,0,0,4,14,0,22,1,0
Myles Winslow,147132,DI,MCNEESE,9,0,0,217,58.2,,,,,,59.6,,,67.7,0,0,0,12,0,0,0,6,0
Cam George,147165,ED,NWSTATE,12,0,0,257,58.4,,,,,,60.2,,,72.4,0,0,0,90,2,0,2,13,0
Lanard Harris,147170,CB,TENN MARTN,14,1,0,310,59.8,,,59.9,,,74.4,50.0,,29.8,2,1,0,3,78,29,11,8,11
Nijel McGriff,147171,ED,TARLETON,4,0,0,401,59.2,,,,,,60.2,,,65.6,0,0,0,6,0,0,0,2,0
Coby Cavil,147176,WR,PRVIEW A&M,5,0,0,270,59.7,,,61.1,,,59.7,58.3,,66.2,0,0,0,6,0,19,0,7,0
Kip Warren,147196,K,MOREHEAD,12,0,0,234,,,65.5,,,,63.5,,57.4,74.0,0,0,40,0,0,0,66,0,0
Ronnie Hamrick,147229,S,LAMAR,12,0,0,204,59.7,,,,,,56.5,,,28.9,0,1,0,45,34,1,0,6,1
Drake Johnson,147230,S,ALABAMA ST,1,0,0,105,60.0,,,,,,60.0,,,61.4,0,0,0,4,0,0,0,0,0
Kaydon Olivia,147244,LS,S DAK ST,15,0,0,292,,,90.6,,,88.6,78.1,,,66.9,0,0,92,0,0,0,48,0,0
Cameron Dye,147286,T,S ILLINOIS,1,0,0,295,,,60.0,,,,60.0,,,63.7,0,0,1,0,0,0,0,0,0
Tony McCray Jr.,147293,CB,W GEORGIA,6,0,0,1177,59.7,,,,,,64.7,,,73.0,0,0,0,4,5,0,0,28,0
Laquan Veney,147305,WR,NC A&T,8,0,0,246,,,,57.9,,,59.2,72.0,,66.5,0,0,0,0,0,33,0,12,0
Danny Joiner,147316,TE,SE MO ST,2,0,0,293,,,,,,,62.7,,,66.9,0,0,0,0,0,0,2,6,0
Kalvyn Crummie,147348,LB,TENN TECH,12,0,0,309,60.1,,,,,,68.7,,,78.2,0,0,0,24,39,14,12,28,2
Raleigh Oxendine,147353,DI,YALE,1,0,0,352,,,,,,,59.6,,,65.0,0,0,0,0,0,4,0,0,0
Kahleef Jimmison,147365,S,DELWARE ST,12,1,0,152,60.3,,,,,,69.3,,,79.1,0,0,0,60,43,0,13,30,2
Devontae Houston,147375,HB,E TENN ST,5,0,0,157,,,,58.9,,,59.5,,,64.3,0,0,0,0,2,14,1,1,0
Femi Sakiri,147386,C,ABILENE CH,14,0,0,100,,,75.3,,,,64.2,,,65.6,0,0,59,0,0,0,23,0,0
Brandon Niemenski,147390,TE,LIUSHAR,11,0,0,1298,,,72.4,,,,63.0,,,67.8,0,0,45,0,0,20,11,0,0
Deon Mclean Jr.,147398,S,CENT CT ST,10,1,0,133,60.0,,,,,,65.6,,,70.9,0,0,0,15,13,1,1,14,0
Carter Hooper,147404,ED,S DAKOTA,14,0,0,291,60.0,,,,,,61.7,,,66.4,0,0,0,2,0,0,41,3,0
Eni Falayi,147417,TE,UTAHTC,1,0,0,1285,59.4,,60.0,,,,59.9,,,66.0,0,0,1,3,0,6,0,0,0
Tommy Brandt,147423,G,DUQUESNE,1,0,0,155,,,60.0,,,,60.1,,,62.2,0,0,2,0,0,0,0,0,0
Dorian Helm,147431,S,BRYANT,7,1,0,124,59.9,,,,,,73.8,,,71.2,0,0,0,8,32,0,0,15,3
Jason Weir,147435,TE,STHLSK,11,0,0,1470,,,69.5,,,,70.1,,,68.6,0,0,31,0,0,7,60,0,1
Ethan Dumont,147441,LS,DELAWARE,11,0,0,151,,,76.6,,,53.9,62.8,,,63.5,0,0,55,0,0,0,0,0,0
J.J. Dervil,147445,S,N IOWA,12,0,0,255,60.2,,,,,,60.3,,,80.3,0,0,0,65,37,0,41,30,0
Ron Vann Jr.,147446,WR,E KENTUCKY,4,0,0,159,,,,,,,62.8,,,69.5,0,0,0,0,0,8,0,9,0
Anthony Tocchini,147451,T,LNDNWD,1,0,0,949,,,60.0,,,,61.5,,,68.4,0,0,5,0,0,0,0,0,0
Dean Jones,147513,CB,SO UTAH,5,0,0,298,,,,,,,60.4,,,69.3,0,0,0,0,4,1,11,6,0
Dylan Rollins,147530,G,MONTANA ST,13,0,0,233,,,81.5,,,,66.8,,,65.0,0,0,87,0,0,0,0,0,0
Viliami Tausinga,147533,ED,SO UTAH,12,0,0,298,,,74.5,,,,64.7,,,64.6,0,0,54,0,0,0,0,0,0
Tim Coutras,147546,S,TENN TECH,12,1,0,309,59.7,,,,,,72.2,,,73.6,0,0,0,39,6,0,49,6,2
Jackson Shirer,147552,ED,DELWARE ST,8,0,0,152,59.1,,,,,,59.7,,,66.0,0,0,0,14,0,0,0,3,0
Austin Turner,147554,LS,AUSTINPEAY,12,0,0,116,,,86.6,,,78.2,72.0,,,67.3,0,0,53,0,0,0,63,0,0
Khristian Zachary,147556,DI,ALAB A&M,1,0,0,104,59.6,,,,,,59.8,,,63.2,0,0,0,2,0,0,0,0,0
Je'kob Jones,147577,LB,CAL POLY,10,0,0,129,59.8,,,,,,64.3,,,68.9,0,0,0,31,5,0,4,5,1
Thomas Bouda,147579,ED,CAL POLY,10,0,0,129,58.8,,,,,,60.1,,,68.5,0,0,0,29,0,0,0,6,0
Mason Barbour,147580,ED,CAL POLY,9,0,0,129,59.0,,67.7,,,,61.6,,,66.5,0,0,25,17,0,0,7,2,0
Michael Otterstedt,147581,TE,CAL POLY,5,0,0,129,,,65.6,,,,69.5,,,90.2,0,0,16,0,0,16,6,14,0
Antonio Vakameilalo,147582,DI,CAL POLY,5,0,0,129,90.6,,60.0,,,,91.9,,,63.8,0,0,7,6,0,0,0,0,0
Josh Ngaluafe,147584,DI,CAL POLY,6,0,0,129,58.2,,60.0,,,,58.5,,,66.7,0,0,4,19,0,0,0,1,0
Tuna Altahir,147591,HB,E WASHGTON,3,0,0,161,,,,,,,59.9,,,68.4,0,0,0,0,2,0,6,0,0
Messiah Jones,147597,TE,E WASHGTON,5,0,0,161,,,67.9,,,,63.1,,,62.8,0,0,22,0,0,0,0,0,0
Kentrell Williams Jr.,147598,S,E WASHGTON,11,0,0,161,59.7,,,,,,56.0,,,28.3,0,1,0,39,1,0,0,0,1
Armani Orange,147600,S,E WASHGTON,10,0,0,161,59.9,,,,,,65.5,,,70.0,0,0,0,12,56,0,0,7,1
Shane Aleaga,147604,LB,E WASHGTON,2,0,0,161,,,,,,,62.7,,,68.7,0,1,0,0,9,3,0,1,0
Elisha Cummings,147611,HB,IDAHO,3,0,0,185,,,,57.4,,,60.2,,,62.7,0,0,0,0,0,11,0,0,0
Kemari Munier-Bailey,147612,ED,WEBER ST,12,0,0,342,58.6,,,,,,49.6,,,28.0,0,1,0,35,4,0,0,4,0
Isiah King,147616,LB,IDAHO,12,1,0,185,59.6,,,,,,65.6,,,75.6,1,0,0,42,36,37,33,10,3
Sam Brown,147620,ED,IDAHO,9,0,0,185,59.0,,60.0,,,,60.6,,,68.3,0,0,5,22,0,0,0,5,0
Christian Fredericksen,147624,WR,IDAHO ST,4,0,0,186,,,,,,,61.6,,,69.0,0,0,0,0,5,8,0,0,0
Benjamin Omayebu,147626,WR,TARLETON,14,0,0,401,,,,59.7,,,56.3,,,29.6,0,1,0,0,0,69,0,40,0
Tylor Bohannon,147633,CB,IDAHO ST,9,0,0,186,59.8,,,,,,61.6,,,70.3,0,0,0,29,0,0,0,3,0
Cortland Horton,147638,ED,IDAHO ST,6,0,0,186,58.0,,,,,,58.8,,,68.2,0,0,0,27,0,1,13,4,0
Nicholas Williams,147641,TE,ALABAMA ST,2,0,0,105,,,,,,,60.7,,,69.4,0,0,0,0,0,5,0,0,0
Junior Bergen,147642,WR,MONTANA,11,0,0,232,,,,55.8,,,60.5,90.7,,67.0,0,0,0,0,0,52,0,41,0
Tanner Huff,147643,CB,MONTANA,14,2,0,232,,,,,,,71.2,,,78.8,2,0,0,0,84,0,0,50,8
Dylan Simmons,147645,CB,MO STATE,5,0,0,230,,,,,,,61.6,,,73.5,0,0,0,0,8,3,0,14,0
Elijah Elliott,147649,HB,MONTANA ST,1,0,0,233,,,,,,,61.4,,,66.4,0,0,0,0,3,6,0,1,0
Cole Snyder,147656,T,DELAWARE,4,0,0,151,,,64.9,,,,62.7,,,63.5,0,0,16,0,0,0,0,0,0
Titan Fleischmann,147659,T,MONTANA ST,15,0,0,233,,,80.0,,,,67.2,,,76.0,0,0,96,0,0,0,0,0,0
Aidan Garrigan,147663,WR,MONTANA ST,16,0,0,233,,,,60.0,,,67.0,,,75.6,0,0,0,0,114,37,0,15,1
Kenneth Eiden IV,147664,ED,MONTANA ST,15,0,0,233,58.5,,,,,,60.3,,,67.2,0,0,0,29,0,0,45,7,0
Jackson Harmon,147666,CB,MONTANA ST,6,1,0,233,60.0,,,,,,49.3,,,27.0,0,1,0,6,9,0,0,3,0
Tyson Pottenger,147668,S,MONTANA ST,13,0,0,233,59.8,,,,,,67.0,,,73.8,0,0,0,11,41,18,17,3,1
Kendric Bailey,147669,S,LNDNWD,10,0,0,949,59.9,,,,,,65.5,,,73.6,0,0,0,15,3,3,0,27,0
Danny Uluilakepa,147674,LB,MONTANA ST,4,0,0,233,60.1,,,,,,61.8,,,62.6,0,0,0,11,0,0,0,4,0
Miles Jackson,147676,CB,MONTANA ST,12,0,0,233,59.7,,,,,,61.6,,,67.1,0,0,0,25,1,6,0,6,0
McCade O'Reilly,147677,LB,MONTANA ST,13,0,0,233,60.2,,,,,,62.9,,,68.1,0,0,0,32,1,0,0,8,0
Zack Black,147680,DI,MONTANA ST,8,0,0,233,58.5,,,,,,59.1,,,66.4,0,0,0,13,0,0,0,2,0
Brody Grebe,147681,ED,MONTANA ST,11,0,0,233,58.9,,,,,,59.9,,,68.8,0,0,0,29,0,3,0,6,0
Paul Brott,147683,DI,MONTANA ST,14,0,0,233,58.1,,71.0,,,,61.0,,,72.4,0,0,32,28,0,0,0,4,0
Tommy Sullivan,147688,LS,MONTANA ST,16,0,0,233,,,91.0,,,87.9,77.9,,,66.8,0,0,104,0,0,0,45,0,0
Elijah Taylor,147689,WR,N ARIZONA,3,0,0,252,,,,,,,81.2,,,74.4,0,0,0,0,4,3,0,20,0
Connor DePrez,147692,G,N ARIZONA,12,0,0,252,,,75.1,,,,64.7,,,66.3,0,0,62,0,0,0,5,0,0
Malachi Williams,147702,S,W GEORGIA,10,0,0,1177,60.1,,,,,,64.0,,,77.6,1,0,0,41,63,1,39,5,2
Quinlan Popham,147705,LB,N ARIZONA,12,1,0,252,60.1,,,,,,71.7,,,83.0,0,0,0,4,58,52,22,50,3
Richard Kwete,147708,ED,N ARIZONA,3,0,0,252,58.9,,,,,,59.4,,,64.2,0,0,0,4,0,0,0,1,0
Jihad Marks,147710,WR,MCNEESE,4,0,0,217,,,,,,,62.2,,,71.0,0,0,0,0,2,18,0,3,0
Frank Thompson,147718,G,N COLORADO,10,0,0,253,,,71.0,,,,63.0,,,64.0,0,0,22,0,0,0,1,0,0
James Betschart,147719,G,N COLORADO,11,0,0,253,,,69.2,,,,63.8,,,72.5,0,0,24,0,0,0,0,0,0
Ethan Kramer,147724,T,N ARIZONA,4,0,0,252,,,69.2,,,,63.3,,,63.6,0,0,18,0,0,0,0,0,0
Donovan Payne,147732,TE,ALAB A&M,3,0,0,104,,,,,,,60.0,,,64.0,0,0,0,0,0,1,2,0,0
Giancarlo Duplessy,147739,S,N COLORADO,2,0,0,253,,,,,,,61.8,,,69.7,0,0,0,0,5,0,1,0,0
Vincent King,147740,LB,LNDNWD,12,0,0,949,59.6,,,,,,66.9,,,74.2,0,0,0,54,22,4,11,8,3
Keenan Guthrie,147742,LB,N COLORADO,12,0,0,253,59.8,,,,,,62.0,,,71.2,0,0,0,41,0,0,8,19,0
Keyvon Lakes,147744,ED,N COLORADO,9,0,0,253,59.1,,,,,,63.3,,,73.3,0,0,0,35,0,0,0,21,0
Jordan Knapke,147745,S,LNDNWD,12,0,0,949,59.9,,,,,,64.1,,,70.1,0,0,0,43,12,0,2,1,1
Micah Nanninga,147751,T,N COLORADO,11,0,0,253,,,68.6,,,,64.2,,,72.8,0,0,24,0,0,0,0,0,0
Joe Brown,147753,DI,YNGTOWN ST,9,0,0,353,58.6,,,,,,59.6,,,68.3,0,0,0,15,6,0,0,2,0
Jayden Brannan,147771,ED,PORTLAND,3,0,0,269,59.4,,,,,,67.2,,,75.4,0,0,0,3,13,0,22,1,1
Ronan Gay,147773,S,PORTLAND,11,1,0,269,,,,,,,61.3,,,77.6,0,0,0,0,55,58,0,27,0
Slade Shufelt,147777,ED,PORTLAND,10,0,0,269,59.1,,,59.9,,,58.9,,,69.6,0,0,0,26,0,23,0,2,0
Devin Gandy,147781,WR,SACRAMENTO,3,0,0,279,,,,,,,60.6,,,66.8,0,0,0,0,3,7,0,0,0
Jared Gipson,147783,WR,SACRAMENTO,3,0,0,279,,,,,,,65.2,,,64.6,0,0,0,0,3,0,0,0,1
Michael Johnson,147784,HB,SACRAMENTO,8,0,0,279,,,,51.2,,,59.6,,,64.0,0,0,0,0,0,43,0,0,0
Aidan Meek,147792,T,SACRAMENTO,12,0,0,279,,,78.0,,,,66.3,,,74.2,0,0,63,0,0,0,0,0,0
Sawyer Hays,147794,T,SACRAMENTO,10,0,0,279,,,60.0,,,,61.4,,,68.3,0,0,5,0,0,0,40,0,0
Jackson Slater,147796,G,SACRAMENTO,4,0,0,279,,,69.6,,,,63.4,,,63.1,0,0,18,0,0,0,0,0,0
Ty Smith,147803,WR,SACRAMENTO,1,0,0,279,,,,,,,60.3,,,64.9,0,0,0,0,0,6,0,0,0
Will Schalde,147804,ED,SACRAMENTO,12,0,0,279,60.2,,19.7,,,,37.1,,,69.3,0,0,63,9,0,0,10,3,0
Patrick Dean,147806,CB,SACRAMENTO,4,0,0,279,60.4,,,,,,62.6,,,73.3,0,0,0,11,13,0,7,15,0
Eian Moore,147807,S,SACRAMENTO,12,0,0,279,60.6,,,,,,61.7,,,70.6,0,0,0,38,19,0,23,2,1
Kameron Rocha,147808,S,SO UTAH,10,0,0,298,59.7,,,,,,60.1,,,30.3,0,1,0,21,4,47,8,18,0
DJ Houston,147812,CB,SACRAMENTO,5,0,0,279,60.4,,,,,,64.7,,,73.9,0,0,0,10,5,9,0,19,0
Oge Feo,147817,LB,SACRAMENTO,10,0,0,279,60.1,,,,,,69.0,,,78.8,0,0,0,2,45,54,5,1,2
Mitchell Wolfe,147820,LB,SACRAMENTO,12,0,0,279,59.8,,73.0,,,,69.2,,,75.3,0,0,45,12,2,8,11,31,0
Mason Brosseau,147824,DI,SACRAMENTO,9,0,0,279,79.9,,,,,,89.3,,,67.7,0,0,0,33,0,0,0,4,0
Kyle Sfarcioc,147834,G,SO UTAH,6,0,0,298,,,70.3,,,,64.0,,,70.5,0,0,22,0,0,0,0,0,0
Jessie Campbell III,147837,WR,MCNEESE,11,0,0,217,,,,60.0,,,61.3,,,69.8,0,0,0,0,0,54,0,3,0
George Ramirez,147840,S,SO UTAH,12,0,0,298,59.7,,,,,,63.4,,,74.2,0,0,0,64,63,1,0,8,1
Joe Tongamoa,147844,DI,SO UTAH,10,0,0,298,59.9,,,,,,61.3,,,68.6,0,0,0,43,0,0,0,5,0
Damon Bankston,147854,HB,WEBER ST,1,0,0,342,,,,60.0,,,60.0,,,61.2,0,0,0,0,0,1,0,0,0
Cole Casto,147856,C,WEBER ST,4,0,0,342,,,68.5,,,,63.6,,,70.1,0,0,17,0,0,0,0,0,0
Jalon Rock,147859,CB,WEBER ST,11,0,0,342,81.1,,,,,,82.1,,,29.4,0,1,0,45,0,0,21,7,3
Jayden Ah You,147860,LB,WEBER ST,8,0,0,342,59.2,,,,,,66.5,,,71.8,0,0,0,14,0,25,0,1,0
Kaufusi Pakofe,147863,DI,WEBER ST,8,0,0,342,58.4,,,,,,58.1,,,65.2,0,0,0,16,0,0,0,0,0
Grant Sands,147864,LS,WEBER ST,12,1,0,342,,,89.0,,,69.0,73.2,,,66.7,0,0,65,0,0,0,47,0,1
Elias Foreman,147875,LB,CAMPBELL,1,0,0,131,,,,,,,62.5,,,67.1,0,0,0,0,3,0,0,3,0
Christian Hunter,147876,S,CAMPBELL,8,0,0,131,,,,59.9,,,65.9,,,76.2,0,0,0,0,34,28,0,23,0
Logan Livermon,147878,LB,CAMPBELL,12,0,0,131,60.0,,,,,,55.3,,,29.4,1,3,0,42,23,42,34,15,4
Cole Parvin,147885,S,YNGTOWN ST,1,0,0,353,,,,,,,60.0,60.3,,62.1,0,0,0,0,0,0,0,1,0
Mike Swain,147888,S,TOWSON,5,0,0,317,60.0,,,,,,62.3,,,74.0,0,0,0,5,0,0,0,6,0
CJ Tillman,147894,S,CAMPBELL,12,0,0,131,59.7,,,,,,68.7,,,74.8,2,0,0,26,33,5,30,10,2
RJ Jackson,147895,WR,CAMPBELL,1,0,0,131,,,,,,,60.0,,,63.9,0,0,0,0,1,0,0,0,0
Devonte Turner,147905,DI,CHARLES SO,12,0,0,135,58.0,,69.5,,,,52.2,,,28.7,0,1,29,54,0,0,0,1,0
Landon Sauers,147911,TE,CHARLES SO,12,0,0,135,,,69.9,59.0,,,54.0,,,29.1,0,1,29,0,0,69,0,0,0
Kamron Smith,147913,CB,SAMFORD,11,0,0,282,59.6,,,,,,66.6,,,78.9,0,0,0,27,0,58,0,66,0
Bryson Oliver,147915,LB,CHARLES SO,12,0,0,135,59.9,,,,,,59.9,,,68.5,0,0,0,1,0,72,0,0,0
Franklin Rogers,147916,P,ALCORN ST,12,0,0,107,,,66.0,,,,48.7,,41.5,27.8,0,3,46,0,0,0,41,0,0
Laron Davis,147919,DI,CHARLES SO,12,0,0,135,58.7,,,,,,60.1,,,69.8,0,0,0,60,0,0,0,8,0
Vinson Davis III,147920,WR,S ILLINOIS,5,0,0,295,,,,59.6,,,61.0,,,65.1,0,0,0,0,1,32,0,0,0
Jake Johnson,147922,G,CHARLES SO,4,0,0,135,,,62.0,,,,62.1,,,63.5,0,0,11,0,0,0,0,0,0
Nick Bartalo,147929,LB,CHARLES SO,12,0,0,135,59.9,,60.7,,,,48.1,,,70.8,0,0,8,15,1,0,67,24,0
Josias Addison,147933,DI,CHARLES SO,2,0,0,135,59.3,,,,,,59.5,,,64.4,0,0,0,7,0,0,0,0,0
Boogsie Silvera,147936,S,MCNEESE,11,0,0,217,59.7,,,,,,56.3,,,29.8,0,1,0,29,1,0,18,20,0
Nick Hunter,147938,ED,E TENN ST,9,0,0,157,59.9,,,,,,62.1,,,67.5,0,0,0,14,2,0,0,6,0
Willie Harris,147942,DI,E TENN ST,11,0,1,157,58.5,,,,,,48.4,,,27.9,0,1,0,25,0,0,0,8,0
TJ Jones,147947,S,DUQUESNE,10,0,0,155,59.4,,,61.0,,,61.5,,,67.6,0,0,0,26,0,13,0,9,0
Jonathan Burns,147950,TE,E TENN ST,2,0,0,157,,,,,,,59.5,,,66.4,0,0,0,0,0,1,2,0,0
Justin Franklin,147951,WR,E TENN ST,3,0,0,157,,,,63.0,,,61.6,60.3,,69.9,0,0,0,0,0,3,0,5,0
Maleek Huggins,147957,WR,BETH COOK,12,0,0,119,,,,,,,36.3,73.5,,27.4,0,1,0,0,1,0,0,45,0
Jordan Love,147963,C,TARLETON,14,0,0,401,,,77.2,,,,65.3,,,64.4,0,0,73,0,0,0,0,0,0
Frankie Savino,147992,QB,MONMOUTH,12,0,0,231,,,67.3,,,,62.3,,,61.2,0,0,65,0,0,0,0,0,0
David Dutra,147999,T,MONMOUTH,10,0,0,231,,,74.4,,,,65.3,,,75.1,0,0,50,0,0,0,0,0,0
TJ Lewis,148000,C,MONMOUTH,2,0,0,231,,,60.6,,,,62.0,,,62.4,0,0,11,0,0,0,0,0,0
T.J. Speight,148001,WR,MONMOUTH,12,0,0,231,,,,65.3,,,59.1,,,68.1,0,0,0,0,2,75,0,0,0
Will Silverman,148002,WR,MONMOUTH,2,0,0,231,,,,,,,61.7,,,64.8,0,0,0,0,6,0,0,0,0
Justin Nyers,148004,LS,MONMOUTH,12,0,0,231,,,44.4,,,18.9,43.1,,,29.3,0,1,64,0,2,0,33,0,0
Vincenzo Rea,148005,K,MONMOUTH,6,0,0,231,,,,,58.1,,62.3,,,74.7,0,0,0,0,34,0,0,0,0
Remi Johnson,148006,LB,MONMOUTH,5,0,0,231,59.8,,,,,,61.2,,,66.8,0,0,0,13,0,0,0,2,0
Justin Bennin,148007,S,MONMOUTH,11,0,0,231,59.6,,,,,,73.1,,,72.0,0,0,0,30,32,8,0,2,4
John England,148008,CB,MONMOUTH,11,0,0,231,60.0,,,,,,65.2,,,73.2,0,0,0,11,2,0,0,30,0
Kadeem McKnight,148012,S,MONMOUTH,8,0,0,231,59.9,,,,,,58.4,,,68.8,0,0,0,3,0,43,0,0,0
Adrian Hawkins,148013,G,S DAKOTA,4,0,0,291,,,70.3,,,,63.6,,,64.7,0,0,21,0,0,0,0,0,0
Nathan Carabatsakis,148015,ED,ROB MORRIS,10,0,0,277,59.2,,60.0,,,,59.6,,,67.7,0,0,1,19,0,0,0,6,0
Tim White,148022,S,S DAKOTA,13,3,0,291,59.8,,,,,,76.5,,,78.2,0,0,0,9,39,35,32,36,4
Jayson Jenkins,148027,K,ROB MORRIS,12,0,0,277,,53.5,,,78.6,,63.3,,,75.0,0,0,45,0,55,0,0,0,2
Wenkers Wright,148031,HB,ILL STATE,2,0,0,188,,,,59.9,,,59.6,,,66.1,0,0,0,0,0,10,0,0,0
Daniel Sobkowicz,148032,WR,ILL STATE,5,0,0,188,,,,70.9,,,60.1,,,65.7,0,0,0,0,0,8,0,0,0
Scotty Presson Jr.,148033,TE,ILL STATE,14,0,1,188,,,70.4,59.9,,,66.1,,,56.1,0,1,31,0,0,36,64,31,2
Boden Turner,148036,C,ILL STATE,1,0,0,188,60.0,,,,,,60.0,,,62.9,0,0,0,1,0,0,0,0,0
JK Carter,148041,WR,MURRAY ST,12,0,0,236,,,,53.2,,,59.1,29.6,,66.6,0,0,0,0,1,97,3,8,0
Nick Kessler,148042,DI,ILL STATE,13,0,0,188,58.7,,,,,,62.1,,,71.3,0,0,0,27,0,1,0,17,0
Cameron Nelson,148043,WR,MS VLY ST,8,1,0,228,,,,51.5,,,56.2,54.1,,66.1,1,0,0,0,0,25,3,6,0
Cam Wilson,148044,CB,ILL STATE,13,0,0,188,59.9,,,,,,54.8,,,78.0,3,0,0,2,67,0,42,22,2
Jack Dwyer,148046,S,ILL STATE,14,0,0,188,60.0,,,,,,71.9,,,86.1,0,0,0,3,9,62,64,32,5
Reese Edwards,148051,ED,ILL STATE,14,0,0,188,59.7,,,,,,63.8,,,71.6,0,0,0,20,0,9,0,38,0
Ian Wagner,148054,K,ILL STATE,14,0,0,188,,58.6,,,78.7,,63.9,,,76.7,0,0,63,0,75,0,0,0,2
JP Osafo,148057,CB,INDIANA ST,6,0,0,191,59.7,,,,,,61.3,,,70.2,0,0,0,32,0,0,0,0,0
Korbin Allen,148070,HB,INDIANA ST,1,0,0,191,,,,,,,61.8,,,64.8,0,0,0,0,6,0,0,0,0
Omarion Dixon,148073,LB,INDIANA ST,6,0,0,191,60.0,,,,,,58.2,,,75.5,0,0,0,1,8,22,0,12,0
Griffin Comer,148076,C,INDIANA ST,5,0,0,191,,,76.7,,,,67.0,,,65.5,0,0,15,0,0,0,0,0,0
James Mallory,148079,WR,INDIANA ST,3,0,0,191,,,,,,,60.9,,,69.7,0,0,0,0,0,22,0,3,0
Ethan Chambers,148081,WR,INDIANA ST,12,2,0,191,,,,59.9,,,75.1,,,83.7,0,0,0,0,48,71,75,23,2
Lance Rees,148082,TE,INDIANA ST,12,0,0,191,,,71.3,,,,64.7,,,72.6,0,0,35,0,1,71,0,0,0
Kaleal Davis,148085,S,INDIANA ST,12,1,0,191,59.7,,,,,,68.9,,,76.1,0,0,0,25,10,2,72,34,2
Geoffrey Brown,148087,LB,INDIANA ST,11,0,0,191,60.4,,,,,,62.3,,,73.3,0,0,0,57,2,0,0,0,0
Joey Shew,148090,ED,INDIANA ST,12,0,0,191,72.0,,,,,,78.2,,,69.8,0,0,0,60,1,2,75,0,1
Maddix Blackwell,148092,S,INDIANA ST,12,1,0,191,59.4,,,,,,68.2,,,71.7,0,0,0,61,43,1,3,0,3
Blake Surface,148093,LB,INDIANA ST,11,0,0,191,59.7,,,,,,60.5,,,69.9,0,0,0,42,0,8,0,4,0
Gary Clinton,148116,TE,MO STATE,12,0,0,230,,,76.2,,,,60.3,,,70.6,0,0,66,0,0,61,0,0,0
Todric McGee,148117,S,MO STATE,5,0,0,230,60.0,,,,,,60.8,,,72.6,1,0,0,23,27,1,1,18,0
Lemondre Joe,148119,CB,MO STATE,10,0,0,230,59.7,,,,,,61.3,,,70.0,0,0,0,29,0,1,0,8,0
Caleb Dietlin,148122,ED,MO STATE,11,0,0,230,59.5,,,,,,62.5,,,70.9,0,0,0,9,1,9,0,10,0
Sterling Smithson,148124,DI,MO STATE,12,0,0,230,58.5,,77.9,,,,64.0,,,74.0,0,0,62,32,0,0,0,3,0
Simon Romfo,148126,QB,N DAKOTA,12,0,0,249,,,67.3,,,,62.3,,,61.2,0,0,64,0,0,0,0,0,0
Jaden Norby,148133,TE,N DAKOTA,11,0,0,249,,,,59.9,,,63.0,,,70.7,0,0,0,0,0,61,36,0,0
Sam Hagen,148136,T,S DAK ST,12,0,0,292,,,76.4,,,,65.0,,,74.7,0,0,66,0,0,0,2,0,0
Nick Kupfer,148137,WR,N DAKOTA,12,1,0,249,,,,,,,64.6,,,74.9,0,0,0,0,4,29,40,0,0
Nate DeMontagnac,148138,WR,N DAKOTA,8,0,0,249,,,,63.0,,,60.2,,,72.5,0,0,0,0,0,44,4,0,0
Cole Davis,148140,S,N DAKOTA,10,0,1,249,60.0,,,,,,61.7,,,29.3,1,1,0,14,48,1,0,30,4
Malachi McNeal,148141,LB,N DAKOTA,10,0,0,249,59.1,,,,,,62.6,,,75.0,0,0,0,30,0,7,0,18,0
Clayton Bishop,148142,CB,N DAKOTA,12,1,0,249,60.0,,,,,,65.0,,,78.3,0,0,0,6,32,53,36,19,2
Casey Schultz,148145,DI,N DAKOTA,1,0,0,249,,,,,,,59.8,,,64.0,0,0,0,0,0,2,0,0,0
Bryce Lance,148151,WR,N DAK ST,14,0,0,250,,,,61.8,,,60.6,,,74.3,1,0,0,0,1,29,39,0,2
Cole Payton,148154,QB,N DAK ST,5,1,0,250,,,,,,,72.8,,,71.1,0,0,0,0,0,0,9,0,0
Barika Kpeenu,148156,HB,N DAK ST,4,0,0,250,,,,,,,65.0,,,73.1,0,0,0,0,0,0,0,8,0
Truman Werremeyer,148158,TE,N DAK ST,16,0,0,250,,,78.5,59.9,,,65.0,,,64.9,0,0,93,0,0,7,42,0,0
Chris Harris,148162,WR,N DAK ST,16,0,0,250,,,,,,,63.7,,,38.0,0,1,0,0,88,55,0,25,3
Finn Diggins,148164,TE,N DAK ST,15,0,0,250,,,77.2,59.6,,,64.2,,,75.2,0,0,66,0,0,55,0,0,0
Britton Pascoe,148165,CB,ROB MORRIS,4,0,0,277,,,,,,,60.1,,,67.2,0,0,0,0,0,15,1,0,0
Ryan Jones,148166,S,N DAK ST,16,0,0,250,60.0,,,,,,69.4,,,78.6,0,0,0,30,98,8,13,23,1
Enock Sibomana,148168,CB,N DAK ST,16,0,0,250,59.8,,,,,,54.3,,,28.2,0,3,0,32,50,30,32,33,2
Logan Kopp,148170,LB,N DAK ST,6,0,0,250,,,,,,,51.1,,,68.0,1,0,0,0,1,0,11,4,0
Kole Menz,148173,ED,N DAK ST,16,0,0,250,59.5,,,,,,63.2,,,72.1,0,0,0,15,19,2,0,2,0
Kody Huisman,148174,DI,N DAK ST,16,0,0,250,89.8,,,,,,91.1,,,69.8,0,0,0,34,0,0,1,12,0
Jaxon Duttenhefer,148175,DI,N DAK ST,15,0,0,250,58.7,,,,,,65.3,,,69.4,0,0,0,23,0,0,38,5,1
Layne Pryor,148184,TE,N IOWA,11,0,0,255,,,70.9,,,,68.5,,,71.0,0,0,34,0,1,64,2,0,0
Carson Petlon,148187,T,N IOWA,1,0,0,255,,,60.0,,,,60.0,,,63.7,0,0,1,0,0,0,0,0,0
Carter Hewitt,148189,DI,N IOWA,12,0,0,255,58.1,,,,,,60.0,,,73.1,0,0,0,60,0,0,45,15,0
Sergio Morancy,148191,WR,N IOWA,12,0,0,255,,,,64.4,,,60.8,90.8,,65.2,0,0,0,0,1,72,0,4,0
Tucker Langenberg,148194,LB,N IOWA,12,0,1,255,59.7,,,,,,61.8,,,30.0,1,1,0,61,1,0,45,30,1
Mo Olowo,148195,S,N IOWA,3,0,0,255,59.8,,,,,,61.2,,,64.0,0,0,0,14,0,0,0,4,0
Caleb Frazer,148196,LB,N IOWA,8,1,0,255,59.8,,,,,,76.2,,,73.1,0,0,0,17,34,0,0,10,4
Derek Anderson,148197,TE,N IOWA,12,0,0,255,58.0,,72.9,,,,62.7,,,73.2,0,0,43,33,0,59,45,6,0
Jack Martens,148202,WR,S DAKOTA,4,0,0,291,,,,,,,73.1,,,66.3,0,0,0,0,0,6,0,3,0
Javion Phelps,148203,WR,S DAKOTA,1,0,0,291,,,,,,,60.2,,,66.2,0,0,0,0,0,2,0,0,0
Nate Thomas,148204,HB,IDAHO,8,0,0,185,,,,,,,66.0,,,71.2,0,0,0,0,32,16,1,2,1
Gerrit Poncius,148206,T,S DAKOTA,9,0,0,291,,,75.0,,,,65.4,,,73.9,0,0,52,0,0,0,0,0,0
Caden Ellingson,148207,G,S DAKOTA,14,0,0,291,,,78.6,,,,66.5,,,73.0,0,0,81,0,0,0,0,0,0
Sam Kohls,148208,G,S DAKOTA,14,0,0,291,,,80.1,,,,66.0,,,68.0,0,0,81,0,0,0,45,0,0
Shahid Barros,148211,CB,S DAKOTA,12,0,0,291,59.8,,,,,,63.8,,,73.1,0,0,0,29,0,1,0,24,0
Matt Walsh,148212,S,S DAKOTA,12,0,0,291,,,,59.1,,,72.8,,,79.2,0,0,0,0,73,46,39,28,3
Nyle Dickel,148213,ED,S DAKOTA,14,2,0,291,,,,,,,76.7,,,79.9,0,0,0,0,75,4,48,58,2
Austin Rosetta,148215,LB,S DAKOTA,3,0,0,291,,,,,,,69.9,,,71.6,0,0,0,0,14,0,2,9,2
Earl Miller Jr.,148219,DI,BETH COOK,10,0,0,119,58.6,,,,,,59.4,,,71.1,0,0,0,38,0,0,0,4,0
Amar Johnson,148220,HB,S DAK ST,6,0,0,292,,,,59.6,,,60.1,,,68.0,0,0,0,0,0,14,0,0,0
Jon Bell,148223,QB,S DAK ST,13,0,0,292,,,68.1,,,,62.5,,,61.3,0,0,79,0,0,0,0,0,0
Grahm Goering,148225,WR,S DAK ST,1,0,0,292,,,,,,,60.0,,,64.2,0,0,0,0,0,2,0,0,0
Angel Johnson,148226,HB,S DAK ST,11,0,0,292,,,,73.0,,,58.8,,,64.0,0,0,0,0,0,35,1,0,0
Colby Huerter,148237,S,S DAK ST,8,0,0,292,60.0,,,,,,62.9,,,77.2,0,0,0,16,0,0,0,3,0
Matthew Durrance,148240,S,S DAK ST,14,0,0,292,60.0,,,,,,61.8,,,74.3,0,0,0,28,0,2,0,1,0
Tucker Large,148243,S,S DAK ST,10,0,0,292,60.4,,,,,,62.6,63.4,,75.0,0,0,0,26,0,2,0,9,0
Aydan Dautermann,148244,CB,S DAK ST,14,1,0,292,59.8,,,,,,61.4,,,30.2,0,1,0,4,19,31,5,39,1
Levi Vanden Bos,148248,ED,S DAK ST,12,0,0,292,59.4,,,,,,59.6,,,65.3,0,0,0,21,0,0,0,0,0
Aaron Wolfcale-Holsten,148249,DI,S DAK ST,3,0,0,292,59.0,,,,,,59.5,,,64.5,0,0,0,4,0,0,0,1,0
Ethan Tyla,148259,C,COLGATE,12,0,0,142,,,,,,,28.7,,,64.8,0,0,0,0,0,0,52,0,0
Jon Nalley,148260,C,S ILLINOIS,3,0,0,295,,,63.2,,,,62.3,,,63.9,0,0,14,0,0,0,0,0,0
Dayton Mitchell,148263,WR,S ILLINOIS,4,0,0,295,,,,,,,60.6,66.2,,65.5,0,0,0,0,0,0,0,16,0
David Miller,148265,CB,S ILLINOIS,2,0,0,295,60.0,,,,,,60.0,,,63.5,0,0,0,1,0,0,0,1,0
Louis Wilbert,148266,ED,S ILLINOIS,10,0,0,295,58.9,,,,,,59.5,,,66.5,0,0,0,24,0,0,0,3,0
Cejai Parson,148270,S,S ILLINOIS,9,0,0,295,60.0,,,,,,68.3,,,73.8,0,0,0,9,0,13,7,29,1
Shane Roth,148271,LB,S ILLINOIS,12,1,0,295,59.9,,,,,,62.5,,,89.5,3,0,0,12,51,63,51,38,4
Caden Reeves,148272,ED,S ILLINOIS,10,0,0,295,59.1,,69.3,,,,61.8,,,67.2,0,0,29,18,0,0,0,3,0
Trace Brown,148285,DI,W ILLINOIS,3,0,0,345,58.6,,,,,,58.5,,,64.8,0,0,0,8,0,0,0,0,0
Daryan Bowling,148296,WR,YNGTOWN ST,6,0,0,353,,,,,,,57.1,,,75.5,2,0,0,0,9,8,18,20,1
Max Tomczak,148297,WR,YNGTOWN ST,6,0,0,353,,,,59.9,,,62.0,63.0,,67.4,0,0,0,0,4,3,0,6,0
Emariyon Johnson,148305,T,MERCER,13,0,0,219,,,76.4,,,,65.1,,,64.3,0,0,67,0,0,0,0,0,0
Luke Hensley,148308,WR,YNGTOWN ST,5,0,0,353,,,,,,,53.6,,,73.7,1,0,0,0,0,28,19,0,0
Preston Zandier,148313,LB,YNGTOWN ST,12,1,0,353,59.7,,,,,,68.9,,,55.5,0,1,0,42,45,18,40,22,5
Andrew Centofanti,148314,LB,YNGTOWN ST,12,0,0,353,59.6,,,,,,69.1,,,80.6,0,0,0,24,59,22,5,26,2
Chris Sammarone,148318,LB,YNGTOWN ST,11,0,0,353,,,,,,,55.9,,,29.5,0,2,0,0,52,37,0,12,2
Brendon Kilpatrick,148322,P,YNGTOWN ST,12,0,1,353,,,66.8,,,,63.2,,69.7,71.2,0,1,57,0,0,0,40,0,0
Parris Lowery,148325,DI,ELON,7,0,0,162,58.5,,,,,,58.4,,,65.2,0,0,0,13,0,0,0,0,0
Zy'Mere Reddick,148328,CB,ELON,12,0,0,162,59.9,,,,,,67.2,,,76.7,0,0,0,1,29,4,18,49,1
Jake Louro,148329,DI,ELON,11,0,0,162,57.8,,,,,,57.8,,,68.0,0,0,0,30,0,0,0,6,0
Jamarien Dalton,148331,WR,ELON,2,0,0,162,,,,,,,60.0,,,62.5,0,0,0,0,0,1,0,1,0
Zach Richardson,148332,C,ELON,12,0,0,162,,,77.4,,,,66.1,,,73.8,0,0,58,0,0,0,0,0,0
Charlie Mill,148333,WR,ELON,12,3,0,162,,,,,,,57.0,,,33.4,4,2,0,0,62,62,62,55,4
Donovan Everette,148335,DI,ELON,7,0,0,162,58.8,,66.3,,,,64.0,,,70.9,0,0,18,4,0,15,6,0,1
Darius Harris,148336,S,ELON,11,0,0,162,59.9,,,,,,67.7,,,76.6,0,0,0,2,34,0,16,24,2
Davis LeDoyen,148337,TE,ELON,10,0,0,162,,,66.3,59.9,,,60.7,,,72.2,0,0,18,0,0,35,1,0,0
Luke Duska,148339,T,ELON,12,0,0,162,,,75.1,,,,64.8,,,64.1,0,0,58,0,0,0,0,0,0
Jeff Yurk,148340,P,ELON,12,0,0,162,,,66.9,,59.8,,63.6,,76.6,73.3,1,1,58,0,1,0,62,0,1
Caleb Curtain,148341,S,ELON,12,0,0,162,60.5,,,,,,63.8,,,71.7,0,0,0,43,18,3,0,6,0
TJ Young,148344,LB,ELON,6,0,0,162,60.0,,,,,,63.5,,,77.5,0,0,0,4,13,9,18,13,1
Jonathan Robinson,148345,CB,ELON,12,0,0,162,60.0,,,,,,48.9,,,27.3,3,3,0,22,27,2,34,20,2
Caden Martinez,148346,LB,ELON,5,0,0,162,59.9,,,,,,60.5,,,68.8,0,0,0,5,2,15,0,2,0
Scott Hummel,148351,G,RICHMOND,13,0,0,276,,,78.6,,,,66.6,,,74.4,0,0,68,0,0,0,0,0,0
Maxwell James,148356,WR,MONMOUTH,8,0,0,231,,,,59.4,,,61.0,,,71.5,0,0,0,0,11,47,0,3,0
Matei Fitz,148366,DI,RICHMOND,12,0,0,276,57.9,,,,,,59.0,,,69.4,0,0,0,34,0,4,0,10,0
Jaelin Montgomery,148368,T,TOWSON,12,0,0,317,,,76.2,,,,65.1,,,64.5,0,0,49,0,0,0,0,0,0
Eli Mahan,148372,TE,MAINE,8,0,0,212,,,,59.9,,,60.3,,,67.6,0,0,0,0,1,25,3,0,0
Declan McKevitt,148374,TE,MAINE,12,0,0,212,,,72.7,59.4,,,67.4,,,72.2,0,0,42,0,1,64,0,4,0
Daniel Doegan,148381,CB,MAINE,10,0,0,212,59.7,,,,,,48.9,,,50.9,1,2,0,4,12,40,3,34,1
Shymell Davis,148384,DI,MAINE,12,0,0,212,58.7,,73.1,,,,63.2,,,72.7,0,0,42,12,0,0,1,1,0
Latrell Couchman,148385,LB,MAINE,12,0,0,212,59.7,,,,,,72.6,,,76.7,0,0,0,19,26,35,37,4,4
Xavier Holmes,148387,ED,MAINE,12,0,0,212,59.6,,,,,,60.8,,,68.4,0,0,0,57,0,3,0,5,0
Jabari Echols,148393,CB,MERRIMACK,8,0,0,385,59.6,,60.0,,,,47.7,,,72.1,0,1,1,14,1,0,0,12,0
Tim Bonagura,148394,DI,NEW HAMP,13,0,0,240,58.2,,,,,,62.0,,,71.4,0,0,0,19,0,36,60,5,0
Nick Mazzie,148399,K,NEW HAMP,13,0,0,240,,83.3,,,51.1,,63.7,,,75.9,0,0,55,0,66,0,0,0,1
Malik Hill,148404,CB,RHODE ISLD,5,0,0,274,,,,,,,62.5,,,70.8,0,0,0,0,1,0,0,16,0
Aaron Trusler,148412,P,RICHMOND,13,0,0,276,,,67.6,,,,63.2,,62.4,70.2,0,0,69,0,0,0,39,0,0
Owen Laughlin,148413,LB,RICHMOND,13,2,0,276,,,,,,,68.1,,,76.1,2,0,0,0,73,35,39,0,3
Edward McDonough,148414,LB,RICHMOND,13,1,0,276,,,,,,,61.3,,,72.0,1,0,0,0,52,46,0,0,1
Carsen Stocklinski,148415,DI,RICHMOND,12,0,0,276,58.2,,,,,,59.5,,,69.8,0,0,0,39,0,0,0,11,0
Brian Catanzarite,148416,LS,RICHMOND,13,0,0,276,,,84.9,,,47.7,60.1,,,66.3,0,0,68,0,0,0,39,0,0
Keith Gouveia,148417,G,RICHMOND,3,0,0,276,,,66.8,,,,62.8,,,62.8,0,0,12,0,0,0,0,0,0
Thaos Figaro,148420,ED,RICHMOND,3,0,0,276,59.3,,,,,,59.4,,,64.0,0,0,0,3,0,0,0,1,0
Gabriel Carbajal,148421,T,RICHMOND,13,0,0,276,,,77.3,,,,66.4,,,75.7,0,0,69,0,0,0,0,0,0
Ja'Vion Griffin,148422,WR,RICHMOND,5,0,0,276,,,,,,,62.6,,,70.4,0,0,0,0,0,21,0,20,0
Ethan Calveric,148424,G,RICHMOND,6,0,0,276,,,70.4,,,,53.6,,,27.4,0,1,33,0,0,0,0,0,0
Jerry Garcia Jr.,148425,WR,RICHMOND,13,0,0,276,,,,58.7,,,61.9,,,70.9,0,0,0,0,0,51,0,29,0
Donovan Hoilette Jr.,148427,ED,RICHMOND,2,0,0,276,59.7,,,,,,60.1,,,65.2,0,0,0,7,0,0,0,0,0
Sam Hedrick,148428,T,DAVIDSON,7,0,0,149,,,67.2,61.8,,,62.6,,,63.6,0,0,20,0,0,3,1,0,0
Bryson Parker,148429,S,RICHMOND,4,0,0,276,60.2,,,,,,70.1,,,71.0,0,0,0,9,21,0,0,1,2
Elijah McMillan,148430,DI,RICHMOND,3,0,0,276,59.1,,,,,,60.0,,,66.3,0,0,0,2,0,0,0,3,0
Franco Milano,148432,ED,STNY BROOK,12,0,0,303,59.4,,75.8,,,,65.5,,,75.1,0,0,57,7,0,0,0,5,0
Enda Kirby,148433,P,STNY BROOK,12,0,0,303,,74.2,,,,,61.5,,,67.4,0,0,65,0,0,0,0,0,0
Kollin Melendez,148434,G,STNY BROOK,12,0,0,303,,,78.5,,,,66.2,,,69.9,0,0,64,0,0,0,0,0,0
Anthony Williams,148439,ED,STNY BROOK,8,0,0,303,59.5,,60.0,,,,62.2,,,68.8,0,0,1,9,0,0,0,6,0
Calvin Harrison,148440,S,STNY BROOK,11,2,0,303,59.8,,,,,,83.0,,,86.2,1,0,0,2,63,55,58,23,9
Anthony Denicola,148441,LB,STNY BROOK,11,1,0,303,60.0,,60.0,,,,69.7,,,78.2,0,0,1,1,60,17,25,19,3
Rodney Faulk,148443,ED,STNY BROOK,12,0,0,303,59.0,,,,,,62.4,,,73.8,0,0,0,37,0,0,0,20,0
Florian Staehler,148445,G,TOWSON,12,0,0,317,,,76.8,,,,65.9,,,73.6,0,0,54,0,0,0,0,0,0
Brady McElhaney,148450,WR,TOWSON,4,0,0,317,,,,,,,63.7,,,72.4,0,0,0,0,0,10,0,12,0
Daniel Raymond,148454,S,TOWSON,12,1,0,317,59.7,,,61.8,,,70.1,60.0,,74.4,0,0,0,56,61,6,45,1,4
Josh Cupitt,148457,P,DELAWARE,11,0,0,151,,,66.7,,,,62.8,,44.8,69.3,0,0,55,0,0,0,28,0,0
Ty'shaun Granger,148458,WR,NORFOLK,1,0,0,244,,,,,,,60.0,,,65.5,0,0,0,0,0,1,0,0,0
Keegan Vaughan,148459,K,TOWSON,12,0,0,317,,76.0,,,54.9,,61.7,,,68.6,0,0,54,0,8,0,0,0,0
Devin Matthews,148460,HB,TOWSON,8,0,0,317,,,,58.4,,,60.5,,,66.7,0,0,0,0,1,19,0,0,0
Ubayd Steed,148461,S,S ILLINOIS,12,2,0,295,59.5,,,,,,75.4,,,74.0,0,0,0,49,53,0,6,8,6
Dion Crews-Harris,148462,ED,TOWSON,8,0,0,317,59.2,,,,,,60.6,,,66.6,0,0,0,12,0,0,28,1,0
Lukkas Londono,148463,WR,TOWSON,11,0,0,317,,,,60.7,,,58.9,61.0,,70.4,0,0,0,0,0,50,0,7,0
Patrick Coyle,148464,LS,TOWSON,12,0,0,317,,,86.8,,,87.3,71.8,,,66.9,1,0,54,0,0,0,46,0,0
Shafeek Smith,148469,CB,TOWSON,9,0,0,317,60.2,,,59.4,,,62.4,,,72.8,0,0,0,18,4,5,0,3,0
Xavier Terry,148471,S,TOWSON,12,0,0,317,59.7,,,,,,63.1,,,77.4,0,0,0,58,6,14,46,16,1
James Welde,148473,TE,VILLANOVA,14,0,0,334,,,74.8,,,,63.3,,,64.5,0,0,57,0,0,9,1,0,0
Stephane Voltaire,148475,T,VILLANOVA,14,0,0,334,,,75.7,,,,63.8,,,75.4,0,0,56,0,0,0,4,0,0
Shane Hartzell,148476,LB,VILLANOVA,14,1,0,334,77.7,,,,,,80.8,,,69.8,0,0,0,46,8,2,64,18,0
Daniel Lopes,148477,WR,VILLANOVA,1,0,0,334,,,,,,,60.0,,,63.3,0,0,0,0,0,0,1,0,0
Christian Sapp,148478,S,VILLANOVA,12,0,0,334,60.0,,,70.1,,,68.9,,,72.6,0,0,0,3,56,10,8,7,1
Ian Erickson,148482,G,VILLANOVA,14,0,0,334,,,77.2,,,,66.0,,,73.3,0,0,57,0,0,0,0,0,0
Ryan Shonk,148485,FB,WM & MARY,10,0,0,348,,,47.2,,,2.6,43.7,,,64.5,0,0,41,0,0,1,9,0,1
Ethan Yip,148488,CB,WM & MARY,4,0,0,348,59.9,,,,,,61.6,,,72.5,0,0,0,1,18,0,13,13,0
Trey McDonald,148489,TE,WM & MARY,1,0,0,348,,,60.0,,,,61.6,,,65.8,0,0,7,0,0,2,0,0,0
Andrew Piercy,148491,K,WM & MARY,12,0,0,348,,,66.8,,,,62.1,,,61.2,0,0,56,0,0,0,0,0,0
Darius Wilson,148492,QB,WM & MARY,1,0,0,348,,,,,,,60.0,,,63.9,0,0,0,0,1,0,0,0,0
David Roulley,148494,S,WM & MARY,3,1,0,348,,,,,,,70.9,,,72.1,0,0,0,0,17,0,0,0,1
Jalen Jones,148495,CB,WM & MARY,11,0,1,348,59.9,,,,,,49.2,63.2,,28.7,0,1,0,46,0,2,0,6,0
Davin Dzidzienyo,148496,ED,WM & MARY,12,0,0,348,58.3,,,,,,59.1,,,68.8,0,0,0,49,0,0,0,7,0
Tyler Merwarth,148498,S,ALBANY,12,0,0,106,,,,59.9,,,70.6,,,44.2,2,1,0,0,51,63,53,35,8
Josh Gaffney,148503,G,ALBANY,5,0,0,106,,,70.0,,,,63.9,,,70.4,0,0,21,0,0,0,0,0,0
Denzel Patrick,148506,S,ALBANY,12,0,0,106,59.9,,,,,,68.2,,,72.3,0,0,0,50,47,0,0,7,3
Ghassan Chehade,148508,DI,ALBANY,9,0,0,106,58.3,,,,,,60.2,,,70.1,0,0,0,23,0,0,0,13,0
Andrew Berkery,148513,T,BRYANT,12,0,0,124,,,73.1,,,,64.9,,,74.5,0,0,42,0,0,0,0,0,0
Bailey Lash,148515,TE,BRYANT,11,0,0,124,,,60.0,59.9,,,60.6,,,72.9,0,0,7,0,0,71,0,0,0
Anthony Perez,148516,G,BRYANT,12,0,0,124,,,71.8,,,,63.4,,,66.8,0,0,42,0,0,0,38,0,0
Eric Dukes,148521,ED,BRYANT,8,0,0,124,59.6,,,,,,66.8,,,66.1,0,0,0,17,0,8,0,1,0
Michael Otty,148531,DI,BRYANT,8,0,0,124,79.7,,,,,,88.5,,,67.2,0,0,0,26,0,0,0,2,0
Jaymian Simon,148533,ED,PRVIEW A&M,4,0,0,270,59.3,,,,,,63.5,,,71.6,0,0,0,6,0,0,0,10,0
Taylor Wright-Rawls,148534,WR,MERCYHURST,2,0,0,977,,,,,,,76.7,,,91.9,0,0,0,0,0,5,0,0,0
Calson Goodwill,148538,CB,DELAWARE,1,0,0,151,59.9,,,,,,60.0,,,63.6,0,0,0,1,0,0,0,0,0
Jalen Lavine,148539,CB,SCAR STATE,10,0,1,290,59.5,,,,,,54.7,,,41.0,0,1,0,29,15,40,3,48,0
Sean Hunt,148543,S,BRYANT,12,1,0,124,59.7,,,,,,66.6,60.0,,79.2,1,0,0,27,51,0,55,30,2
Chris Yates,148545,S,BRYANT,12,0,0,124,59.7,,,,,,77.5,,,53.3,2,1,0,38,48,5,42,25,5
Jimmy O'Brien,148547,K,BRYANT,12,0,0,124,,,65.7,,,,62.8,,39.7,70.4,0,0,42,0,0,0,33,0,0
Fabrice Mukendi,148549,HB,BRYANT,1,0,0,124,,,,,,,60.0,,,62.1,0,0,0,0,1,0,0,0,0
Sam Neill,148552,WR,DUQUESNE,2,0,0,155,,,,,,,60.9,,,64.6,0,0,0,0,3,0,0,0,0
Antonio Epps,148554,S,DUQUESNE,11,1,0,155,59.7,,,,,,71.1,,,75.2,1,0,0,29,52,3,0,17,3
Michael Berarducci,148555,K,DUQUESNE,2,0,0,155,,,,,,,60.0,,63.8,67.3,0,1,0,0,0,0,4,0,0
Jack Dilts,148556,T,DUQUESNE,8,0,0,155,,,72.7,,,,64.2,,,65.8,0,0,46,0,0,0,0,0,0
Joey Corado,148558,K,DUQUESNE,2,0,0,155,,60.0,,,49.2,,60.0,,,68.1,0,0,1,0,5,0,0,0,0
Andrew Smith,148560,P,DUQUESNE,11,0,0,155,,64.3,,,49.4,,63.3,,,76.5,0,1,5,0,55,0,0,0,0
Cameron McLaurin,148562,C,DUQUESNE,1,0,0,155,,,60.0,,,,60.0,,,61.6,0,0,1,0,0,0,0,0,0
Malichi Lowery,148566,CB,DUQUESNE,10,0,0,155,59.8,,,,,,65.4,,,67.9,0,0,0,13,54,0,0,3,1
Jamario Clements,148567,HB,DUQUESNE,2,0,0,155,,,,,,,60.6,,,65.0,0,0,0,0,3,1,0,0,0
CJ Barnes,148568,S,DUQUESNE,8,0,0,155,59.7,,,,,,60.1,,,63.1,0,0,0,18,0,0,0,1,0
Nolan Vigliotti,148573,LS,DUQUESNE,9,0,0,155,,,,,,,53.7,,,28.0,0,1,0,0,0,0,44,0,0
Cameron Dalrymple,148576,CB,MERRIMACK,11,0,0,385,60.0,,,,,,52.6,57.7,,74.4,0,1,0,2,1,1,0,39,0
Tre Jordan III,148578,S,MERRIMACK,11,0,0,385,59.8,,,63.5,,,61.0,60.3,,67.9,0,0,0,31,0,7,0,6,0
James Smith Jr.,148585,C,MERRIMACK,10,0,0,385,,,75.3,,,,65.5,,,73.5,0,0,45,0,0,0,0,0,0
Jason Compoh,148586,ED,MERRIMACK,10,0,0,385,58.7,,60.0,,,,71.2,,,69.9,0,0,2,18,0,13,34,0,0
DJ Frazier,148587,LB,MERRIMACK,11,0,0,385,59.9,,,,,,61.2,,,68.4,0,0,0,38,3,3,0,1,0
Chiebuka Aduaka,148589,ED,ALBANY,10,0,0,106,59.6,,,,,,61.1,,,66.8,0,0,0,17,0,0,0,4,0
Jaylen Laudermilk,148591,WR,NORFOLK,12,0,0,244,,,,55.7,,,61.2,53.8,,67.7,0,1,0,0,2,43,0,44,0
Jared Dunn,148593,TE,MERRIMACK,2,0,0,385,,,,,,,74.7,,,68.2,0,0,0,0,0,12,14,0,2
Cahill Burke,148597,LS,MERRIMACK,1,0,0,385,,,60.0,,,0.0,27.9,,,63.0,0,0,4,0,0,0,3,0,0
Joey Trainor,148599,G,MERRIMACK,1,0,0,385,,,60.0,,,,60.0,,,62.1,0,0,2,0,0,0,0,0,0
Garry Rosemond Jr.,148601,CB,MERRIMACK,11,0,0,385,84.4,,,55.7,,,89.9,60.9,,71.1,0,0,0,36,0,3,1,32,0
Myles Wilson,148603,WR,MERRIMACK,5,0,0,385,,,,,,,65.6,,,73.0,0,0,0,0,0,1,4,21,0
Trevor Shorter,148610,WR,MERRIMACK,1,0,0,385,,,,,,,60.0,,,64.6,0,0,0,0,1,0,0,0,0
Joshua Brown,148613,P,WAGNER,7,0,1,338,,,60.0,,,,46.9,,68.4,27.7,0,2,8,0,0,0,17,0,0
Justin Curtis,148617,C,MO STATE,1,0,0,230,,,,,,,60.0,,,61.8,0,0,0,0,0,0,1,0,0
Da'Jour Dixon,148618,G,MORGAN ST,3,0,0,235,,,49.4,,,,50.9,,,63.7,0,0,12,0,0,0,0,0,0
Nicholas Gadson,148621,ED,WAGNER,12,0,0,338,59.7,,,,,,61.6,,,77.5,1,0,0,36,0,47,56,11,1
Moses Pryor,148626,LB,WAGNER,2,0,0,338,,,,,,,58.6,,,69.1,0,0,0,0,0,0,14,0,0
Michael Davidson,148628,LS,BROWN,10,0,0,123,,,83.4,,,89.1,69.8,,,66.3,2,0,40,0,0,0,40,0,0
Mark Mahoney,148635,WR,BROWN,1,0,0,123,,,,,,,60.0,,,62.8,0,0,0,0,1,0,0,0,0
Nate Lussier,148637,LB,BROWN,9,0,0,123,59.7,,,,,,60.7,,,28.2,0,1,0,13,4,3,0,4,0
Jack Connolly,148640,G,BROWN,7,0,0,123,,,71.4,,,,64.2,,,69.2,0,0,25,0,0,0,0,0,0
Jake Willcox,148649,QB,BROWN,1,0,0,123,,,,,,,60.0,,,63.3,0,0,0,0,0,0,0,0,0
Justin Anagonye,148653,DI,BUTLER,9,0,0,127,79.5,,,,,,84.0,,,72.5,0,0,0,26,0,10,0,7,0
Kevin Coss,148655,ED,BROWN,10,0,0,123,59.4,,,,,,54.3,,,71.5,0,0,0,27,0,0,40,7,0
Treyvon Hobbs,148657,S,CHATTNOOGA,5,0,0,137,59.9,,,,,,63.6,,,71.1,0,0,0,4,6,12,0,9,0
Quincy Eutsay,148660,ED,BROWN,10,0,0,123,59.4,,,,,,61.5,,,71.8,0,0,0,34,0,0,0,9,0
AJ Heidtke,148661,G,BROWN,10,0,0,123,,,72.1,,,,63.9,,,61.9,0,0,40,0,0,0,0,0,0
Samuel Baddoo,148662,WR,BROWN,7,0,0,123,,,,,,,59.9,48.5,,67.2,0,0,0,0,0,13,0,33,0
Winston Jordan,148663,DI,BROWN,10,0,0,123,58.6,,,,,,44.4,,,27.0,0,1,0,16,0,0,0,3,0
Kyle Philbin,148664,DI,BROWN,10,0,0,123,58.0,,,,,,59.3,,,71.8,0,0,0,40,0,0,0,10,0
Cortland Dicks,148665,QB,BROWN,10,0,0,123,,,,,,,65.3,,,69.7,0,0,0,0,0,0,0,29,0
Christopher Maron,148666,K,BROWN,10,0,0,123,,69.6,,,,,61.1,,,66.4,0,0,40,0,0,0,0,0,0
Will Jarvis,148667,WR,BROWN,10,0,0,123,,,,,,,64.8,,,36.0,3,1,0,0,48,62,20,29,5
Tim Malo,148668,S,BROWN,10,0,1,123,59.9,,,,,,49.7,60.3,,28.3,0,1,0,46,4,0,0,8,0
Caleb Moorhead,148669,LB,BROWN,10,0,0,123,59.9,,,,,,63.1,,,71.0,0,0,0,44,4,0,40,12,0
Mike Bumpus,148670,DI,BROWN,10,0,0,123,75.2,,,,,,84.1,,,73.3,0,0,0,40,0,0,0,8,0
Jack Whitten,148676,S,BROWN,7,0,0,123,,,,,,,67.5,,,74.4,0,0,0,0,0,0,0,26,0
Isaiah Reed,148677,CB,BROWN,3,0,0,123,59.6,,,,,,61.7,,,74.2,0,0,0,10,0,0,0,3,0
Noble Cooper,148678,S,BROWN,9,0,0,123,60.1,,,,,,57.6,,,70.8,1,0,0,23,0,10,17,8,1
Stockton Owen,148679,HB,BROWN,8,0,0,123,,,,60.8,,,63.2,,,69.4,0,0,0,0,9,49,0,15,0
Sami Miller,148681,CB,BROWN,8,0,0,123,60.0,,,,,,54.5,,,75.0,1,0,0,2,30,0,18,15,0
Uriel Richardson,148682,LB,BROWN,7,1,0,123,60.0,,,,,,66.5,,,73.2,0,0,0,1,19,40,0,17,1
Austin Alley,148683,K,BROWN,10,0,0,123,,,,,64.0,,64.2,,38.1,78.3,0,1,0,0,50,0,40,0,1
Ben Moseley,148686,WR,BROWN,8,1,0,123,,,,60.0,,,68.8,,,71.5,0,0,0,0,0,9,15,19,0
Scott Rosati,148692,LB,COLUMBIA,8,0,0,145,,,,,,,64.2,,,68.8,0,0,0,0,29,0,0,0,0
Joey Giorgi,148693,HB,COLUMBIA,2,0,0,145,,,,,,,60.1,,,65.1,0,0,0,0,0,2,0,0,0
Carter McFadden,148694,CB,COLUMBIA,9,0,0,145,59.4,,,56.8,,,49.3,65.6,,28.6,0,1,0,24,2,10,0,30,0
Ben Corniello,148695,DI,COLUMBIA,1,0,0,145,60.0,,,,,,60.0,,,61.7,0,0,0,1,0,0,0,0,0
Reid Englert,148696,DI,COLUMBIA,1,0,0,145,,,60.0,,,,60.0,,,63.7,0,0,1,0,0,0,0,0,0
Anthony Roussos,148697,LB,COLUMBIA,3,0,0,145,60.0,,,,,,60.9,,,73.7,0,0,0,7,0,2,4,2,0
James Miller,148699,TE,COLUMBIA,4,0,0,145,,,60.0,,,,58.5,,,64.8,0,0,4,0,0,10,0,0,0
James Knox,148701,ED,COLUMBIA,1,0,0,145,,,,,,,60.0,,,63.1,0,0,0,0,0,1,0,0,0
William Hughes,148708,P,COLUMBIA,10,0,0,145,,,,,,,62.8,,61.4,73.2,0,1,0,0,2,0,35,0,0
Marcus Libman,148710,WR,COLUMBIA,7,0,0,145,59.9,,,,,,59.9,,,68.8,0,0,0,1,2,19,3,0,0
Seth Parker,148716,CB,SAMFORD,7,0,0,282,59.8,,,,,,63.1,,,71.9,0,0,0,13,0,0,0,18,0
CJ Brown,148718,LB,COLUMBIA,6,0,0,145,59.8,,,,,,61.2,,,67.1,0,0,0,19,11,0,0,0,0
Pat Colicchio,148719,G,COLUMBIA,9,0,0,145,,,72.6,,,,64.7,,,71.8,0,0,41,0,0,0,0,0,0
Rocco Milia,148721,LB,COLUMBIA,1,0,0,145,,,,,,,60.0,,,90.7,0,0,0,0,0,0,0,0,0
John Iannuzzi,148722,G,COLUMBIA,9,0,0,145,,,74.8,,,,65.1,,,70.0,0,0,41,0,0,0,0,0,0
Patrick Passalacqua,148723,DI,COLUMBIA,10,0,0,145,58.0,,60.0,,,,59.1,,,69.7,0,0,4,34,0,0,33,0,0
Jalen Smith,148725,CB,COLUMBIA,2,0,0,145,59.5,,,,,,59.8,,,69.3,0,0,0,2,0,0,0,0,0
Jack Larsen,148726,TE,COLUMBIA,10,0,0,145,60.0,,72.7,59.9,,,63.1,,,71.9,0,0,41,1,0,29,0,0,0
Bryson Canty,148731,WR,COLUMBIA,5,0,0,145,59.7,,,59.9,,,60.2,,,64.3,0,0,0,2,2,3,0,0,0
Shawn Riley,148732,LB,COLUMBIA,3,0,0,145,,,,,,,42.4,,,27.1,0,1,0,0,0,6,8,4,0
Matthew Werd,148733,K,COLUMBIA,9,0,0,145,,,65.6,,,,52.7,,,27.0,0,1,41,0,0,0,0,0,0
Hayden McDonald,148735,S,COLUMBIA,10,0,0,145,60.1,,,61.8,,,60.6,,,71.6,0,0,0,32,2,11,11,0,0
Aaron Brebnor,148736,S,COLUMBIA,8,1,0,145,59.8,,,,,,68.8,,,74.4,0,0,0,4,2,3,13,0,0
John Martin,148738,DI,COLUMBIA,6,0,0,145,59.6,,65.8,,,,62.3,,,68.1,0,0,17,6,0,0,0,0,0
Raleigh Erwin,148743,ED,COLUMBIA,7,0,0,145,58.2,,,,,,57.7,,,68.5,0,0,0,25,0,22,0,0,0
Lucas Mireur,148745,S,COLUMBIA,10,1,0,145,,,,,,,72.6,60.3,,77.7,0,0,0,0,43,22,22,23,3
Joseph Garbowski,148748,DI,STNY BROOK,2,0,0,303,59.4,,,,,,60.3,,,66.9,0,0,0,1,0,0,0,1,0
Matt Robbert,148749,TE,RICHMOND,11,0,0,276,,,,59.9,,,64.1,,,68.9,0,0,0,0,0,43,0,0,0
Anthony Chideme-Alfaro,148750,CB,N DAK ST,13,0,0,250,59.7,,,,,,62.1,,,71.2,0,0,0,26,1,0,1,9,0
Matthew Pilc,148754,TE,CORNELL,7,0,0,147,,,71.5,,,,63.7,,,63.6,0,0,36,0,1,0,7,0,0
Brendan Chestnut,148760,DI,CORNELL,9,0,0,147,57.7,,64.2,,,,63.4,,,72.1,0,0,13,33,0,0,13,6,1
Nick Laboy,148767,WR,DELAWARE,1,0,0,151,,,,,,,60.0,,,63.1,0,0,0,0,0,1,0,0,0
Max Van Fleet,148779,DI,CORNELL,3,0,0,147,59.0,,60.0,,,,59.8,,,64.4,0,0,2,5,0,0,0,1,0
Hunter Sloan,148780,DI,CORNELL,10,0,0,147,58.1,,61.1,,,,60.5,,,73.3,0,0,10,40,0,0,33,9,0
Michael O'Keefe,148781,CB,CORNELL,9,0,0,147,59.6,,,,,,62.3,,,74.3,0,0,0,45,1,0,0,6,0
Jameson Wang,148782,QB,CORNELL,5,0,0,147,,,,,,,60.0,,67.0,66.7,0,0,0,0,0,0,6,0,0
Chad Martini,148783,WR,CORNELL,4,0,0,147,,,,,,,60.6,,,65.7,0,0,0,0,2,11,0,0,0
Eddy Tillman,148784,HB,CORNELL,2,0,0,147,,,,,,,60.0,,,63.7,0,0,0,0,0,0,1,1,0
Amon Williams,148785,DI,CORNELL,10,0,0,147,58.4,,,,,,59.0,,,69.4,0,0,0,16,0,56,0,1,0
Luke Malaga,148787,WR,CORNELL,9,0,0,147,,,,58.5,,,60.0,67.5,,69.2,0,0,0,0,3,38,0,23,0
Mamadou Bah,148788,CB,CORNELL,9,0,0,147,59.9,,,,,,63.5,,,72.6,0,0,0,1,1,0,0,20,0
Damon Barnes,148789,S,CORNELL,10,0,0,147,59.8,,,,,,58.9,,,32.7,0,1,0,43,3,24,0,6,0
Robert Tucker III,148792,HB,CORNELL,7,0,0,147,,,,,,,64.6,,,65.0,0,0,0,0,0,0,23,0,1
Eddie Marinaro,148797,WR,CORNELL,3,0,0,147,,,,,,,61.7,,,68.8,0,0,0,0,8,7,0,0,0
Christian Madison,148798,CB,CORNELL,5,1,0,147,59.8,,,,,,65.5,,,73.4,0,0,0,6,30,18,0,12,0
Muhammad-Ali Kobo,148801,ED,CORNELL,10,0,0,147,58.5,,60.0,,,,60.5,,,74.1,0,0,3,42,0,0,0,8,0
Devin Malone,148802,DI,CORNELL,8,0,0,147,59.1,,71.9,,,,64.2,,,71.9,0,0,36,4,0,0,0,3,0
Jack Powers,148803,G,CORNELL,6,0,0,147,,,66.1,,,,59.0,,,69.5,0,0,12,0,0,0,5,0,0
Luke Banbury,148804,LB,CORNELL,10,0,0,147,59.8,,61.5,,,,63.0,,,74.2,0,0,9,47,1,4,0,9,0
Nathaniel Hillenburg,148806,K,CORNELL,3,0,0,147,,,,,,,60.9,,46.5,69.4,0,0,0,0,0,0,12,0,0
Trey Harris,148808,S,CORNELL,10,0,0,147,59.4,,,,,,63.6,,,72.6,0,0,0,46,3,4,0,6,1
Ezekiel Evans,148811,DI,CORNELL,1,0,0,147,59.2,,,,,,59.3,,,63.3,0,0,0,3,0,0,0,0,0
Tyson McCloud,148816,S,STNY BROOK,12,2,0,303,59.8,,,,,,75.0,,,86.2,0,0,0,31,71,15,48,29,6
Gannon McCorkle,148821,ED,MARIST,10,0,0,213,58.5,,,,,,59.5,,,73.1,0,0,0,46,0,0,0,3,0
Danny Cronin,148822,LB,DARTMOUTH,4,0,0,148,59.4,,,,,,60.6,,,65.1,0,0,0,8,2,0,0,1,0
Cam Maddox,148832,S,NC A&T,5,0,0,246,59.9,,,,,,60.8,,,65.0,0,0,0,7,1,0,0,2,0
Onye Onuoha,148833,CB,BUTLER,6,0,0,127,60.0,,,,,,64.1,,,81.6,0,0,0,2,0,0,0,8,0
Paxton Scott,148839,WR,DARTMOUTH,2,0,0,148,,,,,,,60.0,61.4,,64.1,0,0,0,0,0,1,0,3,0
Derrell Porter,148842,DI,DARTMOUTH,1,0,0,148,,,,,,,60.0,,,64.7,0,0,0,0,0,0,0,1,0
Konstantin Spork,148843,T,DARTMOUTH,10,0,0,148,,,75.1,,,,64.8,,,72.5,0,0,52,0,0,0,1,0,0
James Coslet,148844,G,DARTMOUTH,1,0,0,148,,,60.0,,,,60.9,,,64.0,0,0,4,0,0,0,0,0,0
Jackson Gerard,148846,WR,DARTMOUTH,3,0,0,148,,,,,,,68.1,,,90.0,0,0,0,0,9,8,0,4,0
Alex Geraci,148847,TE,DARTMOUTH,9,0,0,148,,,72.8,,,,64.3,,,70.6,0,0,44,0,0,35,0,13,0
Nick Marinaro,148848,C,DARTMOUTH,1,0,0,148,,,,,,,60.0,,,63.3,0,0,0,0,0,0,1,0,0
Braden Mullen,148849,ED,DARTMOUTH,10,0,0,148,59.6,,75.8,,,10.8,54.2,,,90.1,0,0,20,43,0,4,17,2,0
Jackson Proctor,148851,QB,DARTMOUTH,1,0,0,148,,,,,,,60.0,,60.0,63.3,0,0,0,0,0,0,1,0,0
Q Jones,148852,HB,DARTMOUTH,3,0,0,148,,,,,,,59.4,,,62.0,0,0,0,0,0,4,0,0,0
Zachary Farris,148853,S,DARTMOUTH,10,0,0,148,59.9,,,,,,63.4,,,73.7,0,0,0,29,0,0,41,13,2
Jordan Washington,148854,CB,DARTMOUTH,10,0,0,148,90.5,,,61.8,,,92.0,,,74.2,0,0,0,43,2,4,0,4,0
Carson Franks,148855,S,DARTMOUTH,7,0,0,148,,,,,,,70.0,,,78.0,0,0,0,0,32,16,1,24,1
John Ballowe,148856,LB,DARTMOUTH,2,0,0,148,,,,,,,60.1,,,69.0,0,0,0,0,0,5,0,0,0
Davis Golick,148857,P,DARTMOUTH,10,0,0,148,,,,,,,62.8,,47.5,73.5,0,0,0,0,0,0,42,0,0
Tristan Holmbeck,148858,G,DARTMOUTH,4,0,0,148,,,64.7,,,,61.6,,,65.7,0,0,16,0,0,0,1,0,0
Sean Harmon,148859,TE,DARTMOUTH,4,0,0,148,,,,,,,60.1,,,66.4,0,0,0,0,0,17,0,0,0
Reese Spence,148861,CB,DARTMOUTH,9,0,0,148,,,,,,,67.4,,,73.1,0,0,0,0,49,13,0,1,1
Micah Green,148865,LB,DARTMOUTH,10,0,0,148,60.1,,,,,,65.4,,,82.9,0,0,0,43,2,4,0,2,0
Josiah Green,148866,DI,DARTMOUTH,10,0,0,148,58.0,,,,,,61.3,,,90.0,0,0,0,43,0,0,42,2,0
Christian Benson,148868,HB,DARTMOUTH,8,0,0,148,,,,59.6,,,59.7,,,70.6,0,0,0,0,0,40,0,0,0
Chris Ramundo,148871,ED,HARVARD,5,0,0,179,59.5,,,,,,60.2,,,64.5,0,0,0,4,0,0,0,1,0
Tyler Huenemann,148872,DI,HARVARD,9,0,0,179,58.2,,,,,,61.7,,,76.3,0,0,0,29,0,0,0,19,0
Malik Frederick,148875,HB,HARVARD,5,0,0,179,,,,55.7,,,63.2,,,71.6,0,0,0,0,0,12,0,8,0
Brock Locnikar,148876,LB,HARVARD,9,0,0,179,60.1,,,,,,65.3,,,78.0,0,0,0,7,3,42,0,21,0
Kaleb Moody,148877,S,VILLANOVA,14,1,0,334,60.0,,,,,,70.6,,,77.6,0,0,0,5,8,0,8,49,0
Oreck Frazier,148880,LB,HARVARD,9,0,0,179,,,,,,,60.9,,,76.7,1,0,0,0,34,40,0,11,0
Kwaku Adubofour,148881,DI,HARVARD,5,0,0,179,59.4,,,,,,60.4,,,66.0,0,0,0,6,0,0,0,2,0
Brandon Svets,148882,ED,HARVARD,8,0,0,179,59.3,,68.8,,,,64.3,,,74.3,0,0,28,21,0,0,0,13,0
Kaedyn Odermann,148883,WR,HARVARD,4,0,0,179,,,,,,,59.3,,,64.2,0,0,0,0,1,1,1,1,0
Shane McLaughlin,148885,HB,HARVARD,1,0,0,179,,,,,,,60.0,,,63.2,0,0,0,0,0,1,0,0,0
Scott Woods,148888,WR,HARVARD,10,0,0,179,,,,,,,67.1,88.1,,85.8,0,0,0,0,0,1,1,42,0
Dominic Young-Smith,148890,DI,HARVARD,6,0,0,179,58.9,,,,,,60.4,,,72.8,0,0,0,8,0,0,0,4,0
Ameer Dudley,148894,CB,HARVARD,3,0,0,179,,,,,,,48.4,,,66.8,1,0,0,0,4,0,0,3,0
Scott Giuliano,148895,TE,HARVARD,8,0,0,179,,,72.4,,,,49.4,,,26.6,0,1,40,0,0,7,1,0,0
Riley Jenne,148897,WR,HARVARD,2,0,0,179,,,,,,,61.3,,,66.2,0,0,0,0,0,0,0,3,0
Jacob Psyk,148899,ED,HARVARD,10,0,0,179,58.6,,66.4,,,,62.6,,,73.3,0,0,18,30,0,0,0,16,0
Nick Yagodich,148901,DI,HARVARD,9,0,0,179,58.2,,,,,,61.0,,,74.1,0,0,0,28,0,0,0,16,0
Michael Entwistle,148902,G,HARVARD,1,0,0,179,,,,,,,60.0,,,63.3,0,0,0,0,0,0,1,0,0
Mitchell Gonser,148904,LB,HARVARD,10,0,0,179,59.7,,,,,,67.4,,,75.9,0,0,0,33,1,1,37,18,2
Jack Gentle,148906,C,HARVARD,3,0,0,179,,,66.7,,,,63.1,,,69.1,0,0,13,0,0,0,0,0,0
Austin Gentle,148907,C,HARVARD,7,0,0,179,,,73.2,,,,64.2,,,71.8,0,0,33,0,0,0,1,0,0
Gavin Shipman,148908,CB,HARVARD,5,0,0,179,59.8,,,,,,63.5,,,80.6,0,0,0,4,0,0,0,8,0
Myles Wiley,148913,S,HARVARD,10,2,0,179,60.2,,,,,,72.8,,,77.0,1,0,0,31,11,1,20,18,2
Phillip Smitherman,148915,S,HOWARD,11,0,0,184,59.9,,,59.9,,,61.0,,,48.3,0,2,0,1,21,14,5,40,1
Will Troutman,148918,LB,HARVARD,9,0,0,179,,,22.8,,,17.6,42.7,,,66.7,0,0,16,0,6,0,37,0,0
Marcus Alexander,148919,LB,HARVARD,10,1,0,179,60.0,,,,,,66.3,,,72.7,0,0,0,28,28,0,6,19,0
Eric Little,148920,LB,HARVARD,9,0,0,179,60.0,,,,,,60.8,,,78.4,0,0,0,29,0,0,29,26,0
Cameron Polemeni-Hegarty,148925,G,PENN,10,0,0,267,,,73.8,,,,65.1,,,73.5,0,0,47,0,0,0,0,0,0
Joshua Casilli,148932,WR,PENN,4,0,0,267,,,,,,,60.3,,,68.4,0,0,0,0,0,4,2,0,0
Jack Fairman,148936,LB,PENN,10,0,0,267,60.1,,,,,,61.3,,,68.9,0,0,0,43,0,3,1,2,0
Sam Carlson,148941,ED,PENN,10,0,0,267,58.9,,60.0,,,,59.8,,,67.3,0,0,4,30,0,0,0,2,0
Travis McFarling,148947,DI,PENN,9,0,0,267,57.9,,,,,,57.9,,,68.3,0,0,0,28,0,0,0,2,0
Julian Talley,148951,S,PENN,10,0,0,267,59.7,,,,,,60.4,,,65.2,0,0,0,40,0,1,0,2,0
Julien Stokes,148953,WR,PENN,10,0,0,267,,,,58.7,,,60.5,68.9,,66.2,0,0,0,0,0,52,0,27,0
Paul Jennings,148954,ED,PENN,2,0,0,267,59.2,,,,,,59.7,,,65.0,0,0,0,7,0,0,0,1,0
Nicholas Ostlund,148955,DI,PENN,10,0,0,267,59.0,,75.8,,,,64.4,,,72.5,0,0,47,4,0,0,29,0,0
Jacob Cisneros,148956,HB,PENN,10,0,0,267,,,,58.2,,,77.8,,,80.1,0,0,0,0,56,52,28,26,2
Grant Parker,148958,CB,PENN,2,0,0,267,60.0,,,,,,62.6,,,69.8,0,0,0,1,5,5,0,3,0
Justin Cayenne,148960,TE,PENN,3,0,0,267,,,,,,,60.0,,,64.8,0,0,0,0,0,4,0,0,0
Sulayman Adeoye,148963,ED,PENN,9,0,0,267,59.2,,72.9,,,,62.0,,,70.8,0,0,43,17,0,0,16,0,0
Bryce Myers,148964,TE,PENN,4,0,0,267,,,,,,,60.0,,,69.0,0,0,0,0,0,4,5,3,0
Mike Fraraccio,148966,TE,PENN,8,0,0,267,,,,59.9,,,60.0,,,66.9,0,0,0,0,0,39,0,0,0
Bryce Hall,148967,DI,PENN,9,0,0,267,58.1,,,,,,57.7,,,65.5,0,0,0,20,0,0,0,0,0
Nick Fryhoff,148968,DI,PENN,8,0,0,267,59.6,,71.5,,,,64.6,,,74.1,0,0,34,1,0,0,0,0,0
Albert Jang,148970,P,PENN,9,0,0,267,,,,,60.1,,62.2,,58.3,72.0,0,0,1,0,1,0,28,0,0
Davis Ellis,148971,WR,PENN,10,1,0,267,,,,,,,74.2,,,80.5,0,0,0,0,41,46,24,4,2
CJ Tremble,148972,S,PENN,7,0,0,267,,,,,,,48.1,,,29.0,0,1,0,0,9,29,0,20,0
Max Matolcsy,148973,LB,PENN,10,1,0,267,59.4,,,59.6,,,64.4,,,29.7,0,1,0,13,36,34,18,15,3
Jake Peterson,148975,LB,PENN,9,2,0,267,,,,,,,70.3,,,75.5,0,0,0,0,46,42,6,0,4
Chandler Kirton,149107,C,AUSTINPEAY,1,0,0,116,,,,,,,60.0,,,63.3,0,0,0,0,0,0,0,0,0
Tae Gayden,149115,WR,AUSTINPEAY,11,0,0,116,,,,,,,64.4,,,70.8,0,0,0,0,0,61,1,0,0
DeTerias Glover,149116,ED,NC A&T,3,0,0,246,59.8,,,,,,60.0,,,64.1,0,0,0,3,0,0,0,0,0
Jaheim Ward,149123,S,E KENTUCKY,13,0,0,159,59.7,,,,,,54.1,,,28.7,0,2,0,43,19,4,0,19,0
Eddie Buxton Jr.,149125,S,SOUTHERN U,2,0,0,297,59.8,,,,,,61.9,,,70.2,0,0,0,2,0,0,4,5,0
Harrison Wilkes,149129,G,AUSTINPEAY,5,0,0,116,,,68.6,,,,64.2,,,73.1,0,0,24,0,0,0,0,0,0
Brodie Williams,149130,S,AUSTINPEAY,7,0,0,116,60.4,,,,,,62.7,,,69.2,0,0,0,15,0,0,0,6,0
Jack Baker,149144,TE,AUSTINPEAY,12,0,0,116,,,74.3,,,,61.9,,,72.1,0,0,53,0,0,65,52,0,0
Elijawah Tolbert,149150,LB,E ILLINOIS,4,0,0,158,59.9,,,,,,61.1,,,69.2,0,0,0,15,1,0,11,6,0
Zay Gentry,149151,S,E ILLINOIS,11,0,0,158,59.7,,,59.9,,,66.8,60.3,,68.1,0,0,0,47,2,9,13,5,1
Joe McNab,149152,TE,E ILLINOIS,11,0,0,158,,,71.5,59.6,,,69.1,,,73.5,0,0,38,0,0,59,50,0,2
Zeke Lewis,149157,HB,E ILLINOIS,9,1,0,158,,,,,,,53.8,,,80.9,2,0,0,0,39,56,7,16,2
Payton Orth,149160,LB,E ILLINOIS,4,0,0,158,,,,,,,63.1,,,72.0,0,0,0,0,10,24,6,5,1
Jack Valente,149163,G,E ILLINOIS,4,0,0,158,,,67.5,,,84.3,80.7,,,64.4,0,0,9,0,0,0,11,0,2
Kinstin Reaves,149165,DI,AUSTINPEAY,12,0,0,116,59.1,,,,,,62.6,,,72.0,0,0,0,27,0,0,62,15,0
Nick Coates,149169,CB,E ILLINOIS,4,0,0,158,60.0,,,,,,62.0,,,66.9,0,0,0,13,0,0,0,9,0
Collin Tyson,149170,S,E ILLINOIS,7,0,0,158,,,,,,,48.9,,,69.1,2,0,0,0,22,0,0,11,0
Julian Patino,149173,K,E ILLINOIS,12,0,0,158,,60.2,,,60.1,,63.1,,,74.7,0,0,26,0,48,0,0,0,4
Judd Cunningham,149184,LS,SE MO ST,13,0,1,293,,,77.2,59.4,,,51.9,,,27.9,0,2,75,0,1,60,0,14,0
Bryce Norman,149187,LB,SE MO ST,13,2,0,293,60.0,,,,,,62.3,,,29.5,1,1,0,46,16,4,40,12,3
Caleb Webb,149195,DI,SE MO ST,10,0,0,293,59.3,,,,,,58.5,,,69.4,0,0,0,2,0,32,0,0,0
Mali Walton,149196,LB,SE MO ST,13,0,0,293,59.9,,,61.8,,,77.0,,,77.4,0,0,0,29,81,15,49,7,9
Jack Clinkenbeard,149198,WR,SE MO ST,12,0,0,293,,,,,,,63.5,,,81.1,0,0,0,0,3,49,25,29,0
Sam Keeper,149201,DI,SE MO ST,13,0,0,293,57.5,,,,,,57.5,,,69.0,0,0,0,40,0,0,0,7,0
Trace Danley,149209,CB,TENN TECH,3,0,0,309,59.7,,,,,,60.5,,,66.6,0,0,0,7,0,0,0,0,0
Jalal Dean,149210,WR,TENN STATE,2,0,0,308,,,,,,,60.0,,,63.3,0,0,0,0,0,3,0,0,0
Wes Delk,149211,G,TENN TECH,10,0,0,309,,,73.4,,,,64.4,,,65.6,0,0,51,0,0,0,0,0,0
Alex Delk,149212,G,TENN TECH,3,0,0,309,,,62.1,,,,62.2,,,66.3,0,0,10,0,0,0,0,0,0
Aaron Swafford,149225,LB,TENN TECH,11,0,0,309,59.9,,,,,,61.0,,,65.8,0,0,0,23,0,0,0,3,0
Christian Thomas,149226,G,TENN TECH,11,0,0,309,,,74.5,,,,65.4,,,75.6,0,0,51,0,0,0,0,0,0
Hudson Tucker,149227,ED,TENN TECH,12,0,0,309,58.5,,,,,,59.3,,,67.8,0,0,0,26,1,0,0,5,0
Toby Camp,149240,DI,TENN MARTN,14,0,0,310,58.0,,,,,,58.7,,,67.7,0,0,0,23,0,0,69,4,0
JaMichael McGoy Jr.,149245,CB,TENN MARTN,14,0,0,310,59.9,,,,,,62.9,,,73.8,0,0,0,41,1,0,0,19,0
DJ Nelson,149247,TE,ALAB A&M,8,0,0,104,,,68.1,,,,61.4,,,72.5,0,0,23,0,0,3,3,0,0
DeVonte Tanksley,149250,WR,TENN MARTN,3,0,0,310,,,,,,,60.3,64.3,,65.3,0,0,0,0,0,2,0,5,0
Christian Dowell,149251,DI,TENN MARTN,12,0,0,310,57.1,,,,,,58.5,,,71.1,0,0,0,34,0,0,0,17,0
Brad Jamison,149258,LB,BUCKNELL,11,0,0,125,59.6,,,,,,60.8,,,67.1,0,0,0,48,0,2,0,5,0
Nick Niemynski,149260,K,BUCKNELL,1,0,0,125,,60.0,,,60.0,,60.0,,,64.2,0,0,1,0,1,0,0,0,0
Rushawn Baker,149262,HB,ELON,2,0,0,162,,,,,,,60.9,,,69.8,0,0,0,0,0,7,0,0,0
Chris Sims,149265,CB,BUCKNELL,12,1,0,125,59.6,,,,,,64.4,,,79.0,0,0,0,28,6,51,1,36,0
John Schlendorf,149272,S,BUCKNELL,12,0,0,125,59.8,,,,,,75.2,,,75.2,1,0,0,53,59,2,0,11,9
Justin Fisher,149273,ED,BUCKNELL,3,0,0,125,59.2,,,,,,59.8,,,64.8,0,0,0,4,0,0,0,1,0
Aidan Catania,149274,LB,BUCKNELL,1,0,0,125,,,,,,,62.3,,,67.3,0,0,0,0,7,0,0,0,0
Cade Rooney,149275,DI,BUCKNELL,11,0,0,125,59.7,,,,,,61.8,,,72.5,0,0,0,51,0,0,0,10,0
Mason Taylor,149276,S,BUCKNELL,12,0,0,125,59.6,,,,,,60.8,,,69.6,0,0,0,42,4,7,0,2,0
Christian Spugnardi,149277,TE,BUCKNELL,12,2,0,125,,,75.7,,,,67.1,,,80.4,1,0,62,0,60,2,55,32,0
Jack Barnes,149282,ED,BUCKNELL,9,0,0,125,58.7,,,,,,48.8,,,27.9,0,1,0,29,0,0,0,6,0
Jake Guy,149285,G,BUCKNELL,2,0,0,125,,,60.8,,,,60.3,,,63.1,0,0,5,0,0,0,1,0,0
Paul Neel,149286,HB,BUCKNELL,10,0,0,125,,,,,,,59.0,,,67.5,0,0,0,0,0,48,0,0,0
Alex Smith Jr.,149287,S,BUCKNELL,12,0,0,125,59.8,,,,,,60.3,,,30.1,0,1,0,44,62,0,0,46,1
Spencer Biscoe,149288,K,STNY BROOK,12,0,0,303,,,,,69.1,,63.8,,,78.3,0,0,0,0,71,0,0,0,0
Brendan Cassamajor,149290,HB,COLGATE,12,0,0,142,,,,,,,68.2,,,75.1,0,0,0,0,52,67,0,0,3
Asauni Allen,149291,S,COLGATE,9,1,0,142,60.4,,,,,,62.8,,,74.0,0,0,0,31,21,0,34,4,0
Andrew Taddeo,149293,DI,COLGATE,11,0,0,142,57.9,,,,,,58.3,,,70.8,0,0,0,41,0,0,0,4,0
Ethan Malachi West,149294,ED,COLGATE,1,0,0,142,60.0,,,,,,60.0,,,60.8,0,0,0,1,0,0,0,0,0
Shelby Pruett,149296,P,COLGATE,12,1,0,142,,,60.0,,,,63.2,,65.2,74.2,0,1,6,0,0,0,53,0,0
Brody Hock,149297,LB,COLGATE,11,0,0,142,59.9,,,,,,61.0,,,30.0,0,2,0,54,50,12,49,19,4
Andrew Bonanni,149299,C,COLGATE,1,0,0,142,,,61.2,,,,61.9,,,68.7,0,0,7,0,0,0,0,0,0
Mack Marrone,149300,LB,COLGATE,12,2,0,142,59.7,,,,,,69.2,,,86.2,1,0,0,16,54,66,53,38,3
Elijah Hamilton,149301,LB,COLGATE,12,2,0,142,59.9,,,,,,72.8,,,84.6,0,0,0,2,54,71,14,38,3
Tank Pritchett,149302,HB,COLGATE,4,0,0,142,,,,,,,62.9,,,71.8,0,0,0,0,0,19,0,13,0
Jaden Allen,149305,TE,FORDHAM,4,0,0,168,,,61.5,,,,65.7,,,74.6,0,0,10,0,1,1,0,18,0
David Evbomenya,149306,T,FORDHAM,10,0,0,168,,,69.7,,,,63.2,,,67.9,0,0,27,0,0,0,60,0,0
Jack Low,149308,ED,FORDHAM,1,0,0,168,,,,,,,60.0,,,63.5,0,0,0,0,0,0,0,1,0
Javari Rice-Wilson,149309,ED,NORFOLK,9,0,0,244,58.9,,,,,,59.4,,,65.8,0,0,0,15,0,0,0,3,0
James Conway,149310,LB,FORDHAM,4,0,0,168,60.1,,,,,,63.3,,,72.0,0,0,0,12,0,0,0,6,0
Trey Bradford,149311,S,FORDHAM,11,0,0,168,59.9,,,,,,51.2,,,31.1,1,2,0,17,37,36,9,31,2
Matt Jaworski,149312,ED,FORDHAM,12,0,0,168,59.0,,70.2,,,,78.0,,,78.6,0,0,30,48,0,0,0,41,0
Demarice Rice-Williams,149313,LB,FORDHAM,12,0,0,168,,,,,,,51.1,,,29.0,2,2,0,0,47,66,23,39,1
Nick Holle,149314,LB,FORDHAM,5,0,0,168,,,,,,,62.4,,,71.3,0,0,0,0,10,7,0,2,0
Tristan Wright,149315,ED,FORDHAM,10,0,0,168,59.7,,,,,,65.9,,,77.0,0,0,0,1,11,52,0,27,0
Julius Loughridge,149316,HB,FORDHAM,2,0,0,168,59.9,,,,,,60.0,,,62.9,0,0,0,2,0,0,0,0,0
Cole Pascucci,149318,ED,GEORGETOWN,11,0,0,172,59.5,,,,,,64.8,,,76.7,1,0,0,2,20,51,58,2,4
Ethan Hunt,149328,DI,GEORGETOWN,3,0,0,172,59.3,,,,,,59.5,,,64.1,0,0,0,3,0,0,0,0,0
Zayid Aziz,149329,S,GEORGETOWN,10,1,0,172,59.8,,,,,,61.4,,,29.3,0,1,0,27,43,1,3,24,1
Jed Henry,149333,ED,GEORGETOWN,4,0,0,172,59.8,,,,,,59.9,,,66.2,0,0,0,1,0,22,0,0,0
Patrick Ryan,149334,K,GEORGETOWN,11,0,0,172,,61.3,,,44.6,,63.9,,54.1,76.5,0,0,34,0,20,0,58,0,0
VeRon Garrison,149336,DI,GEORGETOWN,7,0,0,172,57.6,,,,,,57.0,,,67.1,0,0,0,30,0,0,0,0,0
Brock Biestek,149347,WR,GEORGETOWN,1,0,0,172,,,,,,,60.0,,,61.1,0,0,0,0,0,1,0,0,0
Preston Murray,149348,S,GEORGETOWN,11,1,0,172,60.0,,64.9,,,,56.5,,,75.2,2,0,34,46,22,1,56,0,1
Greg Johnson,149351,T,GEORGETOWN,9,0,0,172,,,68.5,,,,63.4,,,64.8,0,0,26,0,0,0,0,0,0
Cam Pygatt,149353,WR,GEORGETOWN,1,0,0,172,,,,,,,60.0,,,63.2,0,0,0,0,0,1,0,0,0
David Ealey III,149355,LB,GEORGETOWN,10,1,0,172,59.9,,,,,,64.6,,,72.9,0,0,0,41,11,0,0,0,0
Maximus Villar,149356,ED,BRYANT,9,0,0,124,59.5,,66.7,,,,62.7,,,71.7,0,0,19,25,0,0,0,16,0
Kwame Achampong,149357,DI,BUTLER,10,0,0,127,58.4,,,,,,58.6,,,66.9,0,0,0,24,0,0,0,2,0
Diandre Harris,149358,S,GEORGETOWN,11,1,1,172,59.9,,,,,,59.4,,,30.0,0,2,0,19,36,5,0,45,3
De'Andre Wilborn,149360,ED,VALPO,11,1,0,332,59.5,,,,,,71.8,,,75.1,0,0,0,4,4,2,63,0,2
Kenneth Borders,149361,S,GEORGETOWN,10,0,0,172,60.1,,,,,,72.3,,,58.7,0,1,0,2,38,39,50,46,5
Terell Cannon,149365,DI,LAFAYETTE,8,0,0,203,59.3,,,,,,60.6,,,67.7,0,0,0,12,0,0,0,5,0
Chris Carasia,149367,WR,LAFAYETTE,1,0,0,203,,,,,,,60.0,,,63.3,0,0,0,0,0,0,0,0,0
Gabe Decker,149369,TE,LAFAYETTE,12,0,0,203,,,,59.9,,,60.1,,,73.3,0,0,0,0,0,58,4,1,0
Ryder Langsdale,149377,T,LAFAYETTE,11,0,0,203,,,19.4,,,,32.6,,,75.3,0,0,49,0,0,0,1,0,0
Brian Henesey,149380,P,LAFAYETTE,2,0,0,203,,,60.0,,,,60.8,,61.2,63.7,0,0,7,0,0,0,2,0,0
Gus Salopek,149381,T,LAFAYETTE,8,0,0,203,,,71.1,,,,63.9,,,64.9,0,0,38,0,0,0,0,0,0
Phillip Peiffer,149382,DI,LAFAYETTE,2,0,0,203,59.6,,60.0,,,,61.2,,,65.7,0,0,7,8,0,0,0,1,0
Mekhi Ajose-Williamson,149384,S,LAFAYETTE,10,0,0,203,60.0,,,,,,64.3,,,75.1,0,0,0,1,10,47,1,0,1
Matthew Sherer,149385,T,LAFAYETTE,5,0,0,203,,,67.4,,,,62.2,,,65.0,0,0,24,0,0,0,1,0,0
Isaiah Ambroise,149386,CB,LAFAYETTE,1,0,0,203,59.9,,,,,,60.0,,,63.6,0,0,0,1,0,0,0,0,0
Gabe DuBois,149387,CB,LAFAYETTE,12,0,0,203,59.4,,,,,,61.0,63.9,,72.1,0,0,0,39,0,5,2,8,0
Tim O'Hearn,149389,ED,LAFAYETTE,11,0,0,203,59.5,,,,,,61.6,,,70.8,0,0,0,40,6,4,5,10,0
Saiku White,149390,S,LAFAYETTE,11,0,0,203,59.8,,,,,,55.6,,,80.9,0,1,0,42,0,7,30,9,0
Andrew Worthy,149398,CB,LEHIGH,12,0,0,205,60.1,,,,,,62.7,,,73.8,0,0,0,29,0,5,3,6,0
Tucker Knupp,149399,LB,LEHIGH,13,1,0,205,60.1,,,,,,54.8,,,44.7,2,2,0,2,60,54,45,39,4
Xavier Stephens,149400,DI,FURMAN,5,0,0,170,58.0,,67.2,,,,60.3,,,68.6,0,0,22,27,0,0,14,5,0
Dylan McFadden,149401,WR,LEHIGH,11,1,0,205,,,,,,,72.7,,,75.3,0,0,0,0,0,3,37,21,1
Michael McCormick,149406,LB,LEHIGH,13,2,0,205,59.9,,,43.9,,,78.7,,,81.4,0,0,0,2,68,53,19,39,5
Dillon Sheehan,149407,ED,LEHIGH,13,0,0,205,59.1,,,,,,60.0,,,67.4,0,0,0,17,0,0,45,2,1
Christian Curatolo,149408,T,LEHIGH,1,0,0,205,,,,,,,60.0,,,63.3,0,0,0,0,0,0,1,0,0
Harrison Jenkins,149412,S,LEHIGH,11,0,0,205,,,,,,,62.6,,,74.6,1,0,0,0,57,20,0,7,0
Logan Jones,149414,S,SCAR STATE,11,0,0,290,59.8,,,,,,65.7,,,66.1,0,0,0,27,8,0,0,5,1
Kevin Gillis,149417,DI,HOLY CROSS,3,0,0,181,58.9,,,,,,58.9,,,64.3,0,0,0,6,0,0,0,0,0
Justin Shorter,149419,WR,HOLY CROSS,12,0,0,181,,,,59.9,,,61.6,55.1,,67.8,0,0,0,0,0,1,0,50,0
Joseph Townsend,149420,ED,HOLY CROSS,3,0,0,181,59.2,,,,,,59.6,,,27.9,0,1,0,10,0,0,0,14,0
Curtis Harris-Lopez,149421,S,HOLY CROSS,11,0,0,181,60.4,,,76.9,,,59.7,,,66.0,0,0,0,36,0,24,7,0,0
Ryan Ruane,149422,CB,HOLY CROSS,12,1,1,181,59.9,,,,,,64.5,,,34.6,1,1,0,49,64,32,0,36,5
Dorian Rawls,149423,CB,HOLY CROSS,9,0,0,181,59.8,,,,,,64.8,,,76.8,2,0,0,17,26,12,15,12,3
Jacob Petersen,149424,TE,HOLY CROSS,12,0,0,181,,,,,,,64.2,,,29.9,0,1,0,0,0,1,53,0,2
Cam McNair,149426,T,HOLY CROSS,12,0,0,181,,,74.2,,,,64.6,,,65.9,0,0,57,0,0,0,0,0,0
Joshua Williams,149427,DI,HOLY CROSS,1,0,0,181,58.8,,,,,,58.7,,,63.9,0,0,0,7,0,0,0,0,0
Jake Jarmolowich,149428,S,HOLY CROSS,11,1,0,181,59.9,,,,,,70.8,,,69.1,0,0,0,44,57,0,1,0,2
Frankie Monte,149429,LB,HOLY CROSS,11,0,0,181,59.5,,,,,,59.6,,,64.0,0,0,0,43,0,0,0,0,0
Jack Norris,149431,K,HOLY CROSS,12,0,0,181,,,66.8,,,,63.4,,44.4,72.3,1,0,57,0,0,0,52,0,0
Brandon Cox,149433,CB,HOLY CROSS,5,0,0,181,,,,,,,62.1,,,72.0,0,0,0,0,2,20,0,2,0
Damon Donalds,149435,DI,HOLY CROSS,5,0,0,181,88.4,,,,,,90.8,,,65.3,0,0,0,16,0,0,0,0,0
Luke Wooten,149438,WR,BUTLER,12,2,0,127,,,,,,,62.3,62.6,,69.6,1,0,0,0,70,4,0,14,1
Joey Audia,149440,WR,BUTLER,12,0,0,127,,,,69.6,,,60.4,66.0,,67.5,0,0,0,0,2,44,0,49,0
Adam Dolan,149443,T,BUTLER,12,0,0,127,,,76.7,,,,66.2,,,77.0,0,0,69,0,0,0,0,0,0
Cameron Heald,149444,TE,BUTLER,12,0,0,127,,,,61.8,,,63.9,,,70.5,0,0,0,0,0,44,30,0,1
Thomas Brown,149445,WR,NC A&T,12,0,0,246,,,,,,,61.3,,,74.8,0,0,0,0,2,85,0,16,0
Adam Cipriano,149447,CB,BUTLER,11,5,0,127,59.9,,,,,,75.8,,,84.2,3,0,0,20,72,34,26,38,6
Nick Bafia,149451,S,BUTLER,9,0,0,127,59.9,,,,,,62.3,,,82.1,0,0,0,22,0,2,18,7,0
Adam Sturtz,149452,LB,BUTLER,11,0,0,127,59.6,,,,,,63.2,,,78.2,0,0,0,30,3,0,30,10,1
Brayton Spetter,149453,LB,BUTLER,12,0,0,127,59.9,,,,,,79.5,,,84.1,0,0,0,5,75,42,31,44,7
Danny Orgler,149454,ED,BUTLER,7,0,0,127,59.3,,,,,,61.7,,,72.8,0,0,0,7,0,0,0,4,0
Kellen Madison,149455,CB,BUTLER,5,0,0,127,59.6,,,,,,61.3,,,73.4,0,0,0,11,0,0,0,1,0
Evan Niemi,149456,ED,BUTLER,6,0,0,127,59.8,,,,,,63.9,,,72.9,0,0,0,3,2,0,5,23,0
Jack Burch,149459,ED,BUTLER,9,0,0,127,90.5,,,,,,91.5,,,80.6,0,0,0,13,0,0,0,9,0
Luke Durkin,149464,QB,DAVIDSON,4,0,0,149,,,62.5,,,,61.3,,60.0,61.9,0,0,17,0,0,0,1,0,0
Kellyn West,149466,TE,DAVIDSON,11,0,0,149,59.8,,,58.4,,,63.2,,,65.6,0,0,0,7,1,56,0,1,0
Henry Dolan,149469,TE,DAVIDSON,7,1,0,149,,,,,,,65.5,,,74.7,0,0,0,0,43,41,28,6,0
Aaron Maione,149470,WR,DAVIDSON,9,0,0,149,,,66.6,57.1,,,61.3,63.1,,67.5,0,0,54,0,1,18,1,38,0
Sam Valor,149472,FB,DAVIDSON,5,0,0,149,,,,77.2,,,61.2,,,68.6,0,0,0,0,6,16,3,0,0
Malik McDaniel,149477,G,DAVIDSON,8,0,0,149,,,77.3,,,,59.6,,,28.3,0,1,51,0,0,0,1,0,0
Sam Valiant,149478,T,DAVIDSON,4,0,0,149,,,21.9,,,,30.3,,,64.9,0,0,22,0,0,0,1,0,0
Yusuf Ahmed,149484,S,DAVIDSON,3,0,0,149,60.0,,,,,,61.2,,,67.5,0,0,0,1,13,11,5,2,0
John Tessmann,149486,LB,DAVIDSON,11,0,0,149,59.2,,,,,,64.4,,,80.0,0,0,0,47,0,3,0,20,0
Daniel Carter,149487,S,DAVIDSON,11,0,0,149,59.9,,,,,,63.5,,,65.7,0,0,0,45,1,4,0,22,0
Darryn Kindles,149488,DI,DAVIDSON,11,0,0,149,78.0,,,,,,86.9,,,69.9,0,0,0,27,0,0,0,14,0
Garrett Crockett,149490,DI,DAVIDSON,5,0,0,149,59.5,,,,,,60.6,,,65.5,0,0,0,2,0,0,15,1,0
Julian Rawlins,149491,ED,DAVIDSON,9,0,0,149,59.7,,,,,,51.7,,,28.5,0,1,0,30,1,0,0,20,0
Grant Reeder,149493,DI,DAVIDSON,8,0,0,149,58.7,,,,,,61.6,,,69.4,0,0,0,21,0,0,0,14,0
Danny Reyes,149494,K,DAVIDSON,2,0,0,149,,67.7,,,,80.2,63.8,,,64.8,0,0,11,0,0,0,3,0,0
Luke Brenner,149501,WR,DAYTON,9,0,0,150,,,,69.0,,,61.3,,,68.7,0,0,0,0,9,26,0,4,0
Jake Coleman,149504,WR,DAYTON,2,0,0,150,,,,,,,60.4,,,62.9,0,0,0,0,2,0,0,0,0
Ty Stylski,149506,HB,DAYTON,5,0,0,150,,,,59.4,,,50.2,,,69.1,0,1,0,0,0,25,0,0,0
Cade Beam,149507,TE,DAYTON,11,0,0,150,,,,59.9,,,61.0,,,70.6,0,0,0,0,0,46,19,0,1
Colin Koennecke,149509,T,DAYTON,11,0,0,150,,,70.5,,,,63.7,,,65.3,0,0,36,0,0,0,0,0,0
Conor Clyde,149512,T,DAYTON,11,0,0,150,,,72.0,,,,64.6,,,74.2,0,0,36,0,0,0,0,0,0
Kevin Roberts,149516,TE,DAYTON,11,0,0,150,,,71.9,,,,64.9,,,73.6,0,0,36,0,0,0,0,0,0
Alec Keathley,149517,TE,DAYTON,5,0,0,150,,,67.2,,,,72.3,,,68.9,0,0,20,0,0,15,13,0,1
Ca'ron Coleman,149520,S,DAYTON,11,1,0,150,59.4,,,,,,71.6,,,78.0,0,1,0,38,30,0,0,57,4
Jeremy Jonozzo,149522,CB,DAYTON,11,0,0,150,59.9,,,59.9,,,66.9,64.4,,77.8,0,0,0,26,20,1,0,21,1
Logan Miller,149531,S,DAYTON,11,1,0,150,60.0,,,,,,58.1,,,69.1,1,0,0,38,35,0,0,3,0
Aiden McKinley,149533,LB,DAYTON,11,0,0,150,59.7,,,,,,60.5,,,74.4,0,0,0,39,0,0,25,6,0
Logan Foody,149534,LB,DAYTON,11,0,0,150,,,,,,,65.5,,,44.2,1,1,0,0,46,46,0,56,1
Bryce Jamison,149537,S,HAMPTON,3,1,0,178,,,,,,,66.3,,,71.5,0,0,0,0,14,0,3,10,0
Jerell Lewis,149540,ED,DAYTON,11,0,0,150,58.2,,,,,,58.1,,,66.6,0,0,0,25,0,0,0,2,0
Nate Hess,149541,DI,DAYTON,11,0,0,150,58.6,,,,,,59.7,,,67.4,0,0,0,27,0,0,16,3,0
Davion Cherwin,149554,HB,DRAKE,6,0,0,153,,,,,,,63.1,,,71.1,0,0,0,0,19,20,0,0,2
Kyle Kennedy,149557,T,DRAKE,1,0,0,153,,,60.0,,,,60.6,,,63.2,0,0,2,0,0,0,0,0,0
Dante DeNardo,149559,WR,DRAKE,12,0,0,153,,,,,,,67.4,,,80.3,1,0,0,0,42,48,4,43,5
Riley Dravet,149563,CB,WAGNER,12,0,0,338,59.4,,,,,,63.8,,,28.2,1,2,0,30,33,0,31,21,6
Holden Hughes,149564,CB,DRAKE,5,0,0,153,59.5,,,,,,63.4,,,74.3,0,0,0,12,0,0,0,15,0
Caleb Bowling,149565,S,DRAKE,11,0,0,153,60.6,,,,,,63.4,,,72.8,0,0,0,37,0,0,0,8,0
Sam Anderson,149566,CB,DRAKE,11,0,0,153,,,,,,,58.7,,,78.2,0,0,0,0,41,50,0,36,0
Ty Scott,149567,CB,DRAKE,2,0,0,153,,,,,,,62.0,,,69.2,0,0,0,0,0,3,0,5,0
CJ Grisar,149570,S,DRAKE,11,0,0,153,60.0,,,,,,75.5,,,73.3,0,0,0,1,1,1,3,45,1
Sebastian Adamski,149572,LB,DRAKE,12,0,0,153,60.0,,,,,,63.7,,,71.5,0,0,0,37,1,0,43,1,1
Tom Shefte,149573,ED,DRAKE,3,1,0,153,,,,,,,72.5,,,66.6,0,0,0,0,0,0,5,2,0
Finn Claypool,149576,ED,DRAKE,3,0,0,153,,,,,,,65.3,,,75.3,0,0,0,0,0,0,8,6,0
Wyatt Hodges,149582,WR,PRESBYTERN,12,1,1,271,,,67.0,,,,63.2,,,51.7,1,1,60,0,14,28,45,21,1
Jake Davis,149583,WR,W GEORGIA,4,0,1,1177,,,,,,,62.5,,,74.3,0,1,0,0,0,19,0,14,0
Warner Bush,149585,QB,PRESBYTERN,2,0,0,271,,,,,57.3,,60.0,,,67.0,0,0,0,0,3,0,0,0,0
Jalyn Witcher,149586,WR,DELAWARE,1,0,0,151,,,,,,,59.2,,,64.7,0,0,0,0,0,0,0,3,0
Patch Bennett,149591,T,PRESBYTERN,3,0,0,271,,,,,,,60.0,,,65.2,0,0,0,0,0,0,3,0,0
Alex Lewis,149596,TE,CITADEL,8,0,0,139,,,,,,,61.1,,,69.7,0,0,0,0,1,20,0,3,0
Brooks Russ-Martin,149601,S,PRESBYTERN,12,0,0,271,59.4,,,,,,61.3,64.2,,71.8,0,0,0,39,6,1,0,41,0
Bradley Russ-Martin,149602,CB,PRESBYTERN,11,0,0,271,90.1,,,,,,78.1,,,37.2,1,1,0,33,49,3,0,2,1
Alex Herriott,149611,LB,PRESBYTERN,12,0,0,271,59.6,,60.0,,,,64.9,,,69.9,0,0,1,42,3,0,45,3,0
Coby Cornelius,149613,LB,PRESBYTERN,5,0,0,271,59.9,,,,,,50.3,,,27.5,0,2,0,3,21,29,0,0,1
Josh Heverly,149617,WR,SAN DIEGO,3,0,0,283,,,,,,,61.4,,,69.5,0,0,0,0,5,6,0,0,0
Ja'seem Reed,149619,WR,SAN DIEGO,1,0,0,283,,,,,,,60.0,,,62.2,0,0,0,0,0,1,0,0,0
Logan Gingg,149620,HB,SAN DIEGO,8,0,0,283,,,,,,,65.6,,,78.2,0,0,0,0,19,36,0,37,0
Evans Bowling,149625,T,SAN DIEGO,4,0,0,283,,,69.0,,,,63.7,,,71.0,0,0,24,0,0,0,0,0,0
Trey Sena-Ortega,149630,S,SAN DIEGO,9,0,0,283,60.1,,,,,,66.3,,,72.3,0,0,0,27,18,11,0,21,1
Jerry Riggins,149633,ED,SAN DIEGO,11,0,0,283,59.7,,,,,,50.3,,,28.0,0,3,0,33,6,1,50,15,1
Giulio Fernandes,149635,LB,SAN DIEGO,3,0,0,283,59.9,,,,,,59.3,,,65.7,0,0,0,3,0,8,0,0,0
Nick Murray,149636,CB,SAN DIEGO,9,0,0,283,59.6,,,,,,60.5,,,76.9,1,0,0,36,0,0,38,2,1
Malachi Cooper,149640,DI,SAN DIEGO,8,0,0,283,58.7,,,,,,58.9,,,66.8,0,0,0,30,0,0,0,1,0
Brian Coburn,149641,DI,SAN DIEGO,10,0,0,283,90.0,,,,,,90.8,,,64.7,0,0,0,26,0,0,0,2,0
Aidan Lehman,149642,K,SAN DIEGO,11,0,0,283,,75.6,,,70.1,,63.7,,,76.0,0,0,56,0,67,0,0,0,2
Tristan Shannon,149651,HB,MARIST,11,0,0,213,,,,60.8,,,60.4,41.8,,65.7,0,0,0,0,1,64,0,12,0
Christopher Watkins,149658,HB,TOWSON,12,0,0,317,59.7,,,,,,73.8,,,73.4,0,0,0,5,16,11,4,24,1
Ibrahim Giwa,149662,G,TOWSON,1,0,0,317,,,60.0,,,,60.6,,,65.6,0,0,3,0,0,0,0,0,0
Masin Cobb,149664,T,MARIST,2,0,0,213,,,,,,,60.0,,,64.5,0,0,0,0,0,0,2,0,0
Dominic Perricone,149665,G,MARIST,10,0,0,213,,,71.2,,,,62.8,,,71.0,0,0,25,0,0,0,2,0,0
Jake Anapol,149668,C,MARIST,1,0,0,213,,,,,,,60.0,,,63.3,0,0,0,0,0,0,1,0,0
Luke Pecovic,149674,TE,MARIST,10,0,0,213,,,68.0,,,,61.9,,,67.1,0,0,26,0,0,6,1,0,0
Jackson Willette,149677,TE,MARIST,2,0,0,213,,,60.0,,,,59.6,,,66.5,0,0,2,0,0,0,1,0,0
David LaFears,149678,CB,MARIST,11,0,0,213,60.0,,,,,,56.6,,,79.5,1,1,0,1,39,71,0,41,0
Kolbe Benham,149684,S,MARIST,6,0,0,213,59.6,,,,,,62.1,,,67.2,0,0,0,26,2,0,15,0,1
Austin Trimble,149686,CB,MARIST,11,0,0,213,59.3,,,,,,63.8,,,76.6,0,0,0,51,27,0,0,2,1
Tyler Ruscher,149693,LB,MARIST,11,0,0,213,,,,,,,71.2,,,75.1,0,0,0,0,38,60,58,0,8
Angelo Vokolos,149694,LB,MARIST,2,0,0,213,59.7,,,,,,59.9,,,70.0,0,0,0,2,0,12,0,0,0
John Testa,149696,LB,MARIST,2,0,0,213,,,,,,,60.9,,,68.0,0,0,0,0,0,7,0,1,0
Nick Jackson,149698,DI,MARIST,6,0,0,213,58.5,,,,,,58.8,,,71.7,0,0,0,12,0,0,0,1,0
Miles Kauderer,149703,ED,MARIST,7,0,0,213,59.2,,,,,,60.7,,,71.6,0,0,0,24,0,0,0,3,0
Dawson Harrington,149717,T,STETSON,11,0,0,302,,,74.0,,,,63.9,,,72.3,0,0,37,0,0,0,2,0,0
Zarrion Robinson,149724,S,STETSON,4,0,0,302,59.8,,,,,,60.1,,,63.3,0,0,0,11,0,0,0,0,0
RJ Williams,149725,S,STETSON,8,0,0,302,59.4,,,,,,61.5,,,68.6,0,0,0,38,2,0,0,6,0
Andrew Thompson,149726,ED,STETSON,10,0,0,302,58.6,,,,,,59.7,,,71.5,0,0,0,39,0,0,0,7,0
Brady Meitz,149729,QB,STETSON,2,0,0,302,,,,,,,60.0,,55.0,64.5,0,0,0,0,0,0,2,0,0
Jackson Dorr,149741,P,STNY BROOK,12,0,0,303,,,67.3,,,,62.3,,,61.2,0,0,65,0,0,0,0,0,0
George Dristiliaris,149742,ED,BUTLER,3,0,0,127,59.7,,,,,,62.8,,,86.2,0,0,0,4,0,2,0,2,0
Jake Birmingham,149745,LB,VALPO,9,0,0,332,59.4,,,,,,61.5,,,74.1,0,0,0,41,0,0,0,6,0
Max Kobs,149748,S,VALPO,5,0,0,332,,,,,,,70.6,,,73.4,0,0,0,0,11,6,11,11,1
Caleb Rao,149750,CB,VALPO,6,0,0,332,59.5,,,,,,60.7,,,75.8,1,0,0,10,24,4,5,26,1
Hayden Bedell,149752,LB,VALPO,11,0,0,332,59.5,,,,,,62.8,,,72.8,0,0,0,33,20,21,24,5,1
Kevin Spelman,149757,ED,VALPO,11,0,0,332,58.1,,60.0,,,,58.7,,,73.2,0,0,2,49,0,0,0,2,0
Colin Graves,149760,S,VALPO,10,0,0,332,59.4,,,60.0,,,61.0,68.1,,73.3,0,0,0,44,0,4,0,44,0
Ryan Hawk,149762,K,VALPO,11,1,0,332,,81.4,,,82.1,,48.6,,,28.9,1,1,30,0,38,0,0,0,0
Ryan Merklinger,149763,T,W ILLINOIS,5,0,0,345,,,67.4,,,,63.3,,,70.5,0,0,19,0,0,0,0,0,0
Barret Labus,149764,HB,VALPO,2,0,0,332,,,,62.8,,,70.0,,,71.2,0,0,0,0,2,9,10,8,1
Myles Parker,149765,WR,ALAB A&M,8,0,0,104,,,,58.2,,,65.1,42.1,,65.1,0,0,0,0,0,37,0,14,0
Hope Adebayo,149767,HB,STTHOM,4,0,0,1129,,,,,,,56.1,,,66.0,0,0,0,0,0,2,3,0,0
Jonathan Bunce,149770,ED,S DAKOTA,14,0,0,291,59.9,,,,,,64.7,,,78.3,1,0,0,13,26,52,48,53,1
Seth Hopkins,149780,DI,STTHOM,9,0,0,1129,74.1,,,,,,82.0,,,69.9,0,0,0,29,0,0,0,1,0
C.J. Warren,149795,DI,STTHOM,11,0,0,1129,58.7,,,,,,60.0,,,67.6,0,0,0,32,0,0,25,3,0
Jacob WIldermuth,149796,WR,STTHOM,6,0,0,1129,,,60.0,,,,57.2,,,67.2,0,0,1,0,0,7,3,2,0
Grif Wurtz,149797,S,STTHOM,11,0,0,1129,60.0,,66.0,59.9,,,62.9,63.2,,70.7,0,0,45,2,9,2,0,6,0
Shea Albrecht,149800,G,STTHOM,11,0,0,1129,,,27.1,,,,38.3,,,28.3,0,1,40,0,0,0,6,0,0
David Ayeni,149801,LB,STTHOM,6,0,0,1129,59.1,,,,,,59.7,,,64.4,0,0,0,20,0,0,0,1,0
Aiden Carlson,149804,WR,STTHOM,5,0,0,1129,,,64.5,,,,61.4,,,65.4,0,0,14,0,0,1,1,0,0
Nick Flaskamp,149806,LB,STTHOM,9,1,0,1129,60.0,,,,,,77.6,,,76.6,0,0,0,5,30,5,29,10,8
Noah Friedt,149808,DI,STTHOM,12,0,0,1129,58.3,,,,,,58.4,,,67.4,0,0,0,38,0,0,0,2,0
Nick Hand,149810,S,STTHOM,3,0,0,1129,,,,,,,60.0,,,64.1,0,0,0,0,0,0,0,3,0
Jason Laliberte Jr.,149813,T,STTHOM,11,0,0,1129,,,70.4,,,,58.9,,,68.2,0,0,32,0,0,0,7,0,0
Yusef Leak,149814,CB,MCNEESE,12,0,0,217,59.5,,,,,,53.7,,,30.0,0,1,0,46,0,0,36,15,0
IBK Mafe,149815,DI,STTHOM,12,0,0,1129,59.0,,,,,,68.4,,,76.5,1,0,0,11,48,0,54,3,5
Caden Nelson,149819,LB,STTHOM,6,0,0,1129,59.0,,,,,,60.8,,,76.1,0,0,0,22,0,2,8,4,0
Alec Rasmussen,149820,T,STTHOM,6,0,0,1129,,,,,,,57.7,,,66.8,0,0,0,0,0,0,7,0,0
Landon Reed,149821,TE,STTHOM,6,0,0,1129,,,66.6,,,,60.8,,,62.7,0,0,19,0,0,0,2,0,0
Langston Robinson,149823,C,STTHOM,6,0,0,1129,,,,,,,57.7,,,66.8,0,0,0,0,0,0,7,0,0
Shawn Shipman,149824,HB,W ILLINOIS,8,0,0,345,,,,,,,66.7,,,71.4,0,0,0,0,0,58,0,6,0
Branden Smith,149825,CB,STTHOM,2,0,0,1129,60.1,,,,,,61.4,,,67.1,0,0,0,6,0,0,0,2,0
Brock Stanek,149827,T,STTHOM,5,0,0,1129,,,63.7,,,,58.9,,,66.9,0,0,10,0,0,0,3,0,0
Javin Whatley,149832,WR,CHATTNOOGA,11,0,0,137,,,,72.6,,,60.1,,,65.2,0,0,0,0,1,54,1,0,0
Sam Phillips,149833,WR,CHATTNOOGA,7,0,0,137,,,,,,,60.2,67.2,,67.1,0,0,0,0,0,0,5,25,0
Reggie Davis,149834,HB,CHATTNOOGA,8,0,0,137,,,,62.3,,,59.6,,,69.0,0,0,0,0,1,32,0,0,0
Christian Anderson,149836,T,ALAB A&M,12,0,0,104,,,75.2,,,,62.2,,,66.8,0,0,63,0,0,0,5,0,0
Demetrius Coleman,149839,CB,CHATTNOOGA,11,0,0,137,59.7,,,,,,66.3,,,77.6,0,0,0,10,11,0,49,24,2
Josh Battle,149841,S,CHATTNOOGA,12,0,0,137,59.9,,,,,,63.3,,,71.3,0,0,0,45,17,17,8,27,0
Kelvin Morris,149844,DI,CHATTNOOGA,1,0,0,137,59.6,,,,,,59.8,,,62.0,0,0,0,1,0,0,0,0,0
Javonte Graves-Billips,149847,WR,CITADEL,12,0,0,139,,,,59.9,,,58.5,,,71.5,0,0,0,0,0,59,0,0,0
Mike Bartilucci,149848,C,CITADEL,1,0,0,139,,,60.0,,,,61.1,,,65.7,0,0,3,0,0,0,0,0,0
Cole England,149852,TE,CITADEL,2,0,0,139,,,,,,,60.2,,,67.1,0,0,0,0,0,7,0,0,0
Melvin Ravenel,149858,CB,CITADEL,12,0,0,139,59.8,,,60.0,,,66.7,,,81.0,1,0,0,27,13,16,27,41,0
Je'Mazin Roberts,149860,LB,CITADEL,11,0,0,139,60.4,,,,,,61.2,,,65.1,0,0,0,24,1,3,0,1,0
Jordan Marks,149861,DI,CITADEL,8,0,0,139,57.2,,,,,,56.4,,,67.1,0,0,0,35,0,0,0,1,0
Phillip Collins,149862,DI,CITADEL,12,0,0,139,58.6,,,,,,60.4,,,65.3,0,0,0,10,0,0,51,0,0
Chris Iverson,149864,DI,CITADEL,11,0,0,139,57.9,,,,,,58.1,,,68.3,0,0,0,28,0,0,0,5,0
John Hewlett,149866,DI,CITADEL,1,0,0,139,59.7,,,,,,60.0,,,61.8,0,0,0,1,0,0,0,0,0
Davion Hood,149880,ED,AUSTINPEAY,12,0,0,116,58.1,,,,,,64.0,,,75.4,0,0,0,31,4,0,0,47,0
Joshua Harris,149887,WR,FURMAN,3,0,0,170,,,,,,,60.9,64.6,,65.6,0,0,0,0,0,0,0,16,0
Luke Hedrick,149891,QB,FURMAN,10,0,0,170,,,66.0,,,,62.0,,,61.1,0,0,46,0,0,0,0,0,0
Grant Robinson,149893,HB,FURMAN,10,0,0,170,,,,58.2,,,58.7,,,68.5,0,0,0,0,0,57,0,0,0
Amaah Achina,149894,LB,FURMAN,10,0,0,170,59.8,,,,,,60.1,,,69.3,0,0,0,37,1,0,21,5,0
Luke Petit,149901,G,FURMAN,10,0,0,170,,,73.0,,,,64.4,,,66.7,0,0,46,0,0,0,0,0,0
Ryan Lamb,149905,G,FURMAN,4,0,0,170,,,66.8,,,,62.7,,,63.0,0,0,12,0,0,0,1,0,0
Will Kobuszewski,149910,LB,FURMAN,5,0,0,170,,,,,,,66.5,,,71.8,0,0,0,0,19,0,0,13,0
DJ Durham Jr.,149912,S,FURMAN,1,0,0,170,,,,,,,60.0,,,62.3,0,0,0,0,1,0,0,0,0
Brandt Babin,149917,S,FURMAN,9,0,0,170,,,,,,,53.8,,,29.8,0,1,0,0,5,13,36,1,0
Luke McLaughlin,149920,LB,FURMAN,5,0,0,170,60.0,,,59.9,,,59.8,,,70.5,0,0,0,32,4,34,18,0,0
Myles Redding,149936,S,MERCER,14,1,0,219,59.6,,,,,,81.9,,,75.8,1,0,0,42,81,12,0,2,7
Marques Thomas,149938,LB,MERCER,14,4,0,219,60.4,,,,,,71.0,,,50.3,0,1,0,28,49,5,63,7,3
Carson Goold,149946,WR,SAMFORD,2,0,0,282,,,,,,,38.6,,,26.5,0,1,0,0,0,12,0,0,0
Nick Speros,149947,WR,SAMFORD,1,0,0,282,,,,,,,75.3,,,63.4,0,0,0,0,2,1,0,0,0
Michael Mitchler,149951,TE,SAMFORD,3,0,0,282,,,,,,,59.2,,,65.7,0,0,0,0,0,18,0,0,0
David Coltrane,149954,LB,SAMFORD,11,0,0,282,60.0,,,,,,66.9,,,82.8,0,0,0,1,41,29,70,66,2
Evan Craighead,149955,CB,ALAB A&M,3,0,0,104,59.9,,,,,,64.7,,,66.0,0,0,0,2,10,0,0,4,0
Jamall Thompson Jr.,149959,ED,SAMFORD,10,0,0,282,58.7,,,,,,59.0,,,66.4,0,0,0,25,0,0,0,1,0
Midnight Steward,149960,S,SAMFORD,8,1,0,282,59.8,,,,,,55.3,,,30.0,1,1,0,6,27,0,48,0,3
Hunter Rice,149970,HB,VA MILT IN,11,0,0,336,,,,,,,73.1,,,66.8,1,0,0,0,1,0,74,0,4
John Covert,149972,ED,VA MILT IN,10,0,0,336,59.1,,,,,,60.2,,,71.6,0,0,0,24,0,0,0,1,0
Jabari Haslem,149973,LB,VA MILT IN,12,0,0,336,60.3,,,,,,63.2,,,75.5,0,0,0,47,6,0,0,4,0
Tommy Inge,149975,G,VA MILT IN,11,0,0,336,,,71.0,,,,64.0,,,67.9,0,0,29,0,0,0,0,0,0
Tyriq Poindexter,149980,T,VA MILT IN,11,0,0,336,,,72.5,,,,64.1,,,63.7,0,0,27,0,0,0,0,0,0
Jason Johnson,149984,LB,VA MILT IN,8,0,0,336,59.6,,,,,,61.1,,,73.8,0,0,0,31,0,0,0,2,0
Shamus Jones,149985,S,VA MILT IN,12,0,1,336,79.9,,,,,,69.7,,,46.0,3,1,0,58,36,13,87,5,2
Noel Innocent,149986,CB,VA MILT IN,12,0,0,336,59.7,,,,,,58.5,,,30.1,0,1,0,51,34,10,6,10,1
Eric Rankin,149987,LB,VA MILT IN,12,0,0,336,58.2,,,,,,58.8,,,72.5,0,0,0,62,0,0,0,3,0
Dorien Starnes,149989,ED,VA MILT IN,12,0,0,336,58.9,,,,,,59.7,,,69.7,0,0,0,46,0,6,0,3,0
Jonathan Hunter-Horton,149990,S,VA MILT IN,9,0,0,336,60.0,,62.5,61.8,,,74.1,,,79.3,0,0,17,2,26,46,57,34,5
Terrell Jackson,149991,DI,VA MILT IN,11,0,0,336,57.3,,,,,,57.2,,,71.0,0,0,0,42,0,0,0,4,0
Max Cullen,149993,TE,VA MILT IN,12,0,0,336,,,69.8,,,,61.8,,,71.6,0,0,28,0,0,73,0,0,0
Hunter Robbins,149994,DI,VA MILT IN,7,0,0,336,58.3,,,,,,59.7,,,78.6,0,0,0,12,0,0,0,2,0
Caden Beck,149996,K,VA MILT IN,11,0,0,336,,68.7,,,59.8,,60.9,,,66.2,0,0,29,0,1,0,0,0,0
Branson Adams,150005,HB,W CAROLINA,5,0,0,344,59.8,,,,,,61.2,,,67.2,0,0,0,4,0,5,0,3,0
Brayden Blackmon,150006,TE,W CAROLINA,9,0,0,344,,,74.7,,,,63.8,,,70.1,0,0,54,0,0,26,1,0,0
Caleb Fisher,150014,ED,W CAROLINA,12,0,0,344,82.0,,,,,,77.8,,,44.0,1,1,0,29,0,5,47,19,2
Anthonie Lattany,150019,DI,WOFFORD,12,0,1,350,58.8,,,,,,52.2,,,28.8,0,1,0,51,0,0,0,13,0
Kyle Pinnix,150021,WR,WOFFORD,2,0,0,350,,,,,,,60.1,,,69.4,0,0,0,0,0,5,9,4,0
Ben Marler,150023,T,WOFFORD,4,0,0,350,,,63.5,,,,62.8,,,69.0,0,0,13,0,0,0,0,0,0
Kyle Watkins,150033,WR,WOFFORD,2,0,0,350,,,,,,,29.8,,,24.6,0,1,0,0,0,1,0,2,0
Corey Seay,150034,TE,WOFFORD,12,0,0,350,,,70.6,,,,61.0,,,69.8,0,0,34,0,0,63,1,0,0
Amir Annoor,150037,CB,WOFFORD,12,0,0,350,60.1,,,,,,63.1,70.1,,73.6,0,0,0,54,4,0,0,43,0
Isaiah Mananga,150038,S,WOFFORD,12,1,0,350,59.6,,,,,,56.4,,,29.8,0,2,0,44,28,55,0,10,2
Damien Curtis,150039,CB,WOFFORD,12,0,0,350,60.1,,,,,,55.4,,,77.2,3,0,0,9,14,12,12,32,2
Matthew Clayton,150042,ED,WOFFORD,12,0,0,350,59.7,,,,,,64.3,,,82.1,1,0,0,11,47,55,45,12,3
Gabriel Harris,150045,CB,WOFFORD,6,0,0,350,,,,,,,63.7,,,68.8,0,0,0,0,9,33,0,0,1
Josh Harris,150047,ED,WOFFORD,12,0,0,350,60.0,,,,,,54.8,,,68.4,0,0,0,3,0,0,64,0,0
Seth Foster,150048,DI,WOFFORD,12,0,0,350,58.3,,,,,,59.2,,,69.3,0,0,0,43,0,0,0,7,0
Brandon Maina,150051,ED,WOFFORD,4,0,0,350,90.1,,,,,,91.2,,,65.2,0,0,0,16,0,0,0,2,0
Marcus Dees,150052,ED,WOFFORD,3,0,0,350,59.7,,,,,,61.9,,,66.8,0,0,0,5,0,0,0,7,0
Jarrell Wiley,150064,HB,INCAR WORD,1,0,0,189,,,,,,,60.0,,,63.3,0,0,0,0,0,0,1,0,0
Darius Sanders,150065,S,INCAR WORD,14,0,0,189,60.2,,,,,,62.1,,,53.3,0,1,0,40,3,0,51,23,1
Josh Gonzalez,150068,DI,INCAR WORD,5,0,0,189,58.7,,,,,,58.5,,,64.4,0,0,0,9,0,0,0,0,0
Reggie Branch II,150071,HB,MO STATE,1,0,0,230,,,,,,,60.0,,,62.1,0,0,0,0,1,0,0,0,0
Callum Eddings,150074,P,STF AUSTIN,12,0,0,301,,,67.8,,,,63.4,,72.6,71.5,0,0,74,0,0,0,51,0,0
Twillie Lovett,150081,CB,ALABAMA ST,9,0,0,105,60.0,,,,,,47.7,,,29.6,3,1,0,2,40,0,22,26,2
Welland Williams,150084,DI,MCNEESE,12,0,0,217,57.3,,,,,,48.6,,,28.1,0,1,0,24,0,0,0,13,0
Thomas Miles,150091,S,MCNEESE,12,1,0,217,59.6,,,,,,62.9,,,72.0,0,0,0,46,0,0,40,1,0
Micah Davey,150093,LB,MCNEESE,7,0,0,217,59.9,,,,,,62.1,,,67.4,0,0,0,19,0,0,4,9,0
Jalen Johnson,150097,WR,GRAMBLING,11,0,0,177,,,,,,,61.5,47.5,,67.6,0,0,0,0,0,0,0,48,0
Cameron Foster,150100,T,SOUTHERN U,13,0,0,297,,,73.8,,,,65.1,,,75.0,0,0,46,0,0,0,0,0,0
Kylin White,150105,LB,NICHOLLS,12,0,0,243,59.7,,,,,,61.5,,,30.0,0,1,0,5,0,40,25,39,2
Tyler Morton,150110,S,NICHOLLS,5,0,0,243,59.7,,,,,,60.9,64.3,,66.1,0,0,0,10,1,0,0,24,0
Jake Dalmado,150112,ED,NICHOLLS,11,0,0,243,59.6,,,,,,66.8,,,70.9,0,0,0,23,5,2,3,24,0
Jaylon Spears,150117,HB,NICHOLLS,1,0,0,243,,,,59.4,,,60.0,,,61.6,0,0,0,0,0,2,0,0,0
Terry Matthews,150118,WR,NICHOLLS,10,0,0,243,,,,,,,61.4,79.5,,67.3,0,0,0,0,0,0,0,42,0
Christian Mannino,150119,DI,NICHOLLS,9,0,0,243,59.4,,68.4,,,,63.0,,,66.9,0,0,26,1,0,0,8,1,0
Dany'e Brooks,150121,WR,NICHOLLS,9,0,0,243,,,,,,,59.5,,,75.2,1,0,0,0,7,1,0,27,0
Quinton Sharkey,150124,LB,NICHOLLS,11,0,0,243,59.8,,,,,,63.9,,,69.6,0,0,0,32,2,0,0,17,0
Cadillac Rhone,150129,LB,NWSTATE,6,0,0,257,59.8,,,,,,49.0,,,37.4,0,1,0,42,16,7,25,10,0
Jaeden Ward,150131,LB,JACKSON ST,12,0,0,194,59.8,,,,,,64.0,,,74.0,0,0,0,14,2,7,0,23,0
Kareame Cotton Jr.,150138,WR,NWSTATE,1,0,0,257,60.0,,,,,,61.4,,,65.8,0,0,0,1,1,0,0,2,0
D'Andre Richard,150141,G,SOUTHERN U,9,0,0,297,,,26.4,,,,47.0,,,72.2,0,0,39,0,0,0,0,0,0
Ara Rauls III,150144,S,NWSTATE,6,0,0,257,59.8,,,,,,61.6,,,74.5,0,0,0,19,2,0,0,0,0
Kwame Sarkodie,150147,LB,PRVIEW A&M,10,0,0,270,59.9,,,,,,60.2,,,72.2,1,0,0,8,30,0,6,4,1
Corey Lorio,150153,WR,SE LA,11,0,0,294,,,,,,,80.6,,,73.8,0,0,0,0,0,7,2,53,0
Markel Linzer,150158,CB,GRAMBLING,9,0,0,177,59.7,,,,,,60.2,,,70.7,1,0,0,20,12,0,0,15,3
Blakley Miller,150159,G,SE LA,7,0,0,294,,,72.0,,,,64.9,,,73.4,0,0,37,0,0,0,0,0,0
Bryce Cage,150163,ED,GRAMBLING,12,0,0,177,76.0,,,,,,84.2,,,70.2,0,0,0,40,0,0,0,21,0
Coryell Pierce,150170,S,SE LA,11,0,0,294,59.9,,,,,,69.6,,,70.9,0,0,0,45,5,15,2,9,1
Jett Booker,150171,WR,SE LA,11,0,0,294,,,,,,,67.6,,,73.6,0,0,0,0,0,18,0,49,0
Barylre Davenport,150174,ED,CENT ARK,1,0,0,132,59.6,,,,,,62.2,,,67.4,0,0,0,2,4,3,0,4,0
KeMari Clark,150175,S,CENT ARK,9,2,0,132,59.9,,,,,,75.2,,,69.8,1,0,0,7,30,0,0,1,4
Darius Hale,150185,HB,CENT ARK,4,0,0,132,,,,,,,53.1,,,66.7,0,0,0,0,0,1,6,0,0
Kam Robinson,150189,WR,CENT ARK,9,0,0,132,,,,53.8,,,52.6,,,65.3,0,0,0,0,0,24,7,0,0
Bradley Clark,150190,DI,CENT ARK,12,0,0,132,57.3,,,,,,57.0,,,68.0,0,0,0,39,0,0,0,4,0
James Jordan,150193,CB,CENT ARK,8,0,0,132,59.7,,,,,,60.5,,,66.0,0,0,0,20,0,0,0,3,0
Kyle Gasaway,150198,LS,CENT ARK,12,0,0,132,,,88.8,,,84.9,77.8,,,66.7,2,0,64,0,0,0,45,0,3
Sean Smith,150200,CB,CENT ARK,10,0,0,132,59.6,,,43.3,,,64.1,,,74.9,0,0,0,11,5,7,0,41,0
Will Leota,150201,LB,SACRAMENTO,11,0,0,279,59.4,,,,,,60.8,,,65.3,0,0,0,57,0,0,0,10,0
Andy Day,150207,P,UTAHTC,12,0,0,1285,,,65.7,,,,64.0,,77.2,76.0,1,0,42,0,0,0,90,0,1
Darrian Feazell-Tau,150209,LB,SO UTAH,8,0,0,298,,,,,,,60.3,,,76.0,0,0,0,0,0,41,25,0,1
Baylor Payan,150219,LS,FL A&M,12,0,0,164,,,85.7,,,85.5,77.4,,,66.1,0,0,49,0,0,0,35,0,1
Jayden Sheridan,150222,CB,UTAHTC,11,0,0,1285,59.5,,,,,,61.6,,,74.9,0,0,0,61,2,0,6,1,0
Gabriel Valenzuela,150225,S,UTAHTC,6,0,0,1285,59.6,,,,,,60.7,,,75.8,0,0,0,17,11,44,24,17,1
Jagger Williams,150226,S,UTAHTC,7,0,0,1285,59.7,,,,,,62.3,,,68.3,0,0,0,15,0,0,0,15,0
O'Brien Jackson,150260,G,E KENTUCKY,12,0,0,159,,,74.5,,,,64.4,,,71.9,0,0,43,0,0,0,37,0,0
Telly McCallister,150266,HB,E KENTUCKY,12,0,0,159,,,,,,,71.6,,,76.1,0,0,0,0,45,17,0,23,3
John Mathis,150274,DI,INCAR WORD,13,0,0,189,57.9,,,,,,53.6,,,29.1,0,1,0,30,0,57,0,3,0
Christian Williams,150282,S,NWSTATE,10,0,0,257,61.0,,,,,,55.2,,,74.7,2,0,0,77,25,11,11,14,0
Nick Chrest,150285,S,MOREHEAD,1,0,0,234,,,,,,,60.2,,,66.2,0,0,0,0,0,2,0,0,0
Cameron Plummer,150296,ED,SOUTHERN U,4,0,0,297,60.0,,60.0,,,,61.3,,,66.1,0,0,1,1,0,0,0,2,0
Amon Scarbrough,150316,S,ALABAMA ST,12,0,0,105,60.2,,,,,,63.2,,,65.4,0,0,0,33,2,0,0,9,0
Osiris Smith,150319,LB,GRAMBLING,11,0,0,177,59.8,,,,,,59.5,,,77.5,0,0,0,3,39,25,0,27,0
Mitchell Etheridge III,150326,ED,NC A&T,11,3,0,246,59.5,,,,,,66.7,,,29.6,0,2,0,12,29,56,55,32,2
Cameron George,150333,WR,LAMAR,1,0,0,204,,,60.0,,,,61.8,,,68.8,0,0,6,0,0,0,0,0,0
RJ Carver,150341,HB,LAMAR,11,0,0,204,,,,55.7,,,55.0,,,30.2,2,1,0,0,4,52,43,19,2
Caleb Leonard,150345,G,PRVIEW A&M,12,0,0,270,,,73.5,,,,64.4,,,65.9,0,0,52,0,0,0,0,0,0
Antorius Hambric Jr.,150358,S,LAMAR,11,1,0,204,59.8,,,,,,64.9,,,69.5,0,0,0,10,15,10,0,1,0
Ramond Stevens,150359,CB,LAMAR,12,0,0,204,77.5,,,,,,85.2,,,76.7,0,0,0,54,0,0,0,6,0
Damian Alexander,150361,CB,LAMAR,12,1,0,204,60.0,,,,,,75.5,,,76.5,0,0,0,19,10,0,21,9,2
Jaden Harding,150364,CB,LAMAR,12,0,0,204,,,,,,,83.0,,,79.8,0,0,0,0,2,46,30,33,5
AJ Owens,150366,ED,TARLETON,13,0,0,401,59.4,,,60.0,,,61.2,,,68.7,0,0,0,30,0,4,0,9,0
Jaymond Jackson,150373,DI,LAMAR,12,0,0,204,72.7,,73.1,,,,79.5,,,76.5,0,0,42,36,0,0,0,2,0
Blake Gotcher,150375,LB,NWSTATE,12,0,0,257,59.3,,,,,,66.0,,,70.6,0,0,0,92,25,0,0,20,2
Zac Yassine,150379,DI,SOUTHERN U,11,0,0,297,58.4,,,,,,60.4,,,71.0,0,0,0,24,0,0,0,13,0
Ayden Bell,150382,DI,GARD-WEBB,12,0,0,171,68.8,,,,,,74.9,,,69.6,0,0,0,54,0,0,0,6,0
Devon Allen,150387,CB,NORFOLK,12,0,0,244,59.4,,,,,,66.1,,,76.9,0,0,0,50,47,32,3,12,4
Levontae Jacobs,150404,DI,NORFOLK,9,0,0,244,58.0,,,,,,58.2,,,68.0,0,0,0,21,0,0,0,5,0
Terique Miles,150415,LB,NORFOLK,12,0,0,244,60.2,,,,,,61.5,,,76.8,0,0,0,44,9,0,66,20,0
Andrew Nickens,150419,G,NC CENT,1,0,0,247,,,60.0,,,,60.0,,,63.4,0,0,1,0,0,0,0,0,0
Collis Pride,150422,WR,NORFOLK,1,0,0,244,,,,,,,60.0,,,67.5,0,0,0,0,0,0,0,1,0
Pierre Royster,150423,S,ST FRANCIS,9,1,0,299,60.1,,,,,,65.0,,,73.1,0,0,0,11,15,0,0,33,1
Christian Ruffin,150424,CB,NORFOLK,11,2,0,244,59.7,,,,,,69.9,,,29.5,2,2,0,11,44,60,67,32,3
Jayden Smith,150425,S,NORFOLK,12,1,0,244,60.5,,,,,,65.0,,,69.6,0,0,0,42,3,9,8,2,0
Amadeu Vital,150428,DI,NORFOLK,6,0,0,244,57.9,,,,,,57.9,,,66.5,0,0,0,14,0,0,0,2,0
Ikeem Wright,150435,TE,NORFOLK,2,0,0,244,,,60.0,,,,48.8,,,67.0,0,0,4,0,0,3,0,0,0
Jaki Brevard,150439,LB,NC CENT,10,1,0,247,59.9,,,,,,65.9,,,74.8,0,0,0,26,0,0,40,19,0
Joaquin Davis,150441,WR,NC CENT,11,0,0,247,,,,,,,58.1,,,79.8,1,0,0,0,49,4,36,3,1
Sirr Green,150445,T,NC CENT,1,0,0,247,,,60.0,,,,60.8,,,66.5,0,0,3,0,0,0,0,0,0
Walker Harris,150449,QB,NC CENT,1,0,0,247,,,,,,,60.0,,,23.1,0,1,0,0,0,0,0,0,0
Kole Jones,150454,S,NC CENT,9,0,0,247,59.6,,,,,,62.4,,,70.2,0,0,0,25,0,4,0,13,0
Makai McCall,150459,ED,NC CENT,7,0,0,247,60.0,,,,,,62.2,,,68.6,0,0,0,20,0,0,0,7,0
Jordan McGill,150461,G,NC CENT,11,0,0,247,,,71.1,,,,63.1,,,66.1,0,0,37,0,0,0,41,0,0
Kyle Morgan,150463,TE,NC CENT,11,0,0,247,,,19.5,,,,36.0,,,73.0,0,0,58,0,0,34,38,0,0
Quest Powell,150467,QB,NC CENT,11,0,0,247,,,67.0,,,,62.2,,,61.2,0,1,60,0,0,0,0,0,0
Josh Pullen,150468,LB,NC CENT,9,0,0,247,60.0,,,,,,56.6,,,70.8,1,0,0,1,10,26,1,10,0
Marvin Reed,150469,CB,NC CENT,3,0,0,247,60.0,,,,,,61.1,,,67.2,0,0,0,3,0,0,0,4,0
Devin Smith,150475,WR,VILLANOVA,11,0,0,334,,,,51.6,,,58.4,47.4,,67.7,0,0,0,0,0,23,3,33,0
Andrew Smith,150477,WR,NC CENT,5,0,0,247,,,,,,,63.1,,,28.9,0,1,0,0,21,0,1,9,2
Christian Smith,150478,DI,NC CENT,8,0,0,247,58.9,,,,,,61.1,,,69.0,0,0,0,12,0,0,0,7,0
Mykah Stone,150480,LS,NC CENT,11,0,0,247,,,88.0,,,86.3,74.9,,,66.4,0,0,60,0,0,0,41,0,0
J'Mari Taylor,150482,HB,NC CENT,9,0,0,247,,,,,,,68.8,,,71.0,0,0,0,0,0,3,36,0,1
Max U'Ren,150484,LB,NC CENT,10,0,0,247,59.9,,,,,,63.3,,,70.7,0,0,0,29,0,0,3,13,0
Jelani Vassell,150485,S,NC CENT,8,0,0,247,60.4,,,,,,57.5,,,73.7,1,0,0,25,20,0,0,9,0
Juan Velarde Vasquez,150486,P,NC CENT,11,0,0,247,,65.3,,,58.2,,63.2,,66.5,73.6,0,0,58,0,7,0,40,0,0
Malcolm Brown,150492,TE,MORGAN ST,6,0,0,235,,,,,,,59.3,,,65.8,0,0,0,0,0,25,0,0,0
Andre Crawley,150502,WR,MORGAN ST,12,0,0,235,,,,61.8,,,59.2,,,72.8,0,0,0,0,0,53,0,0,0
Demier Shipley,150508,WR,MORGAN ST,2,0,0,235,,,64.7,,,,68.3,,,64.2,0,0,14,0,4,0,0,0,1
Tyler Wilkins,150520,WR,MORGAN ST,1,0,0,235,,,,,,,60.0,,,62.1,0,0,0,0,1,0,0,0,0
Isaiah Gerena,150521,TE,N ARIZONA,13,0,0,252,,,76.1,63.2,,,64.4,,,70.9,0,0,65,0,1,39,0,5,0
Bryan Stukes,150525,S,MORGAN ST,12,1,0,235,90.0,,,,,,79.9,,,47.4,1,1,0,28,47,0,35,20,2
Josh Graham,150527,CB,MORGAN ST,10,0,0,235,59.4,,,,,,62.0,,,71.1,0,0,0,24,13,4,0,14,0
Xavier Shell,150528,LB,MORGAN ST,8,0,0,235,59.8,,,,,,61.2,,,65.6,0,0,0,24,1,0,0,4,0
Erick Hunter,150533,LB,MORGAN ST,2,0,0,235,59.8,,,,,,61.4,,,65.2,0,0,0,4,0,0,0,3,0
Nana Asante,150540,ED,MORGAN ST,12,0,0,235,90.2,,60.0,,,,91.4,,,28.6,0,1,4,44,0,0,0,8,0
Charlie Dixon,150545,HB,NC A&T,4,0,0,246,,,,,,,59.9,,,67.5,0,0,0,0,0,22,0,0,0
Wesley Graves,150549,HB,NC A&T,2,0,0,246,,,,,,,63.7,,,71.6,0,0,0,0,2,8,13,4,1
Korion Sharpe,150552,G,NC A&T,12,0,0,246,59.6,,73.4,,,,64.6,,,71.8,0,0,34,1,0,0,0,0,0
Calvin Cunningham,150555,G,NC A&T,5,0,0,246,,,63.1,,,,62.1,,,62.3,0,0,7,0,0,0,0,0,0
Jonathan Cannon Jr.,150556,T,NC A&T,8,0,0,246,,,68.6,,,,52.7,,,27.7,0,1,27,0,0,0,0,0,0
Jason Ivey,150559,T,NC A&T,11,0,0,246,,,69.2,,,,63.4,,,64.1,0,0,21,0,0,0,0,0,0
Jamison Warren,150563,WR,NC A&T,1,0,0,246,,,,,,,60.0,,,90.7,0,0,0,0,0,0,0,0,0
Nicholas Dobson,150564,TE,NC A&T,10,0,0,246,,,69.1,59.9,,,60.6,,,71.8,0,0,26,0,0,69,52,0,0
Henry Daniel,150574,ED,NC A&T,12,0,0,246,58.7,,,,,,60.1,,,70.6,0,0,0,56,0,0,9,7,0
Anthony Hairston,150576,LB,NC A&T,2,0,0,246,,,,,,,60.4,,,62.1,0,0,0,0,0,0,5,0,0
Javon Armstrong-Grady,150578,ED,NC A&T,10,0,0,246,58.9,,,,,,59.8,,,69.5,0,0,0,46,0,0,0,7,0
Andrew Brown,150580,K,NC A&T,12,0,0,246,,75.7,,,62.4,,63.2,,59.3,74.6,0,0,34,0,42,0,10,0,1
Damien Jackson Jr.,150582,LS,NC A&T,8,0,0,246,,,,,,88.6,74.4,,,66.6,0,0,0,0,0,0,42,0,1
Ezequiel Johnson,150599,HB,JACKSON ST,1,0,0,194,,,,,,,61.6,,,68.3,0,0,0,0,7,0,0,0,0
Joshua Nieves,150622,WR,W ILLINOIS,9,0,0,345,,,,59.4,,,59.7,,,72.4,0,0,0,0,2,65,0,0,0
Joel Kashila,150637,LB,SCAR STATE,9,0,0,290,,,,,,,55.6,,,41.5,1,1,0,0,65,35,0,1,2
Edward Bobino III,150669,DI,STF AUSTIN,12,0,0,301,58.1,,,,,,59.2,,,70.1,0,0,0,36,0,0,0,11,0
Charles Demmings,150672,CB,STF AUSTIN,11,0,0,301,59.6,,,59.9,,,53.9,,,29.2,0,1,0,25,0,1,0,28,0
Griffin Edwards,150676,TE,STF AUSTIN,8,0,0,301,,,73.1,52.4,,,64.1,,,61.8,0,0,46,0,0,1,0,0,0
Robert Keller,150679,T,STF AUSTIN,3,0,0,301,,,,,,,60.0,,,65.2,0,0,0,0,0,0,2,0,0
Jared Manos,150681,G,STF AUSTIN,11,0,0,301,,,75.8,,,,64.9,,,64.1,0,0,63,0,0,0,0,0,0
Dalton McElyea,150682,QB,STF AUSTIN,1,0,0,301,,,,,,,59.8,,,64.9,0,0,0,0,1,0,3,0,0
Luke Watson,150689,LB,STF AUSTIN,10,0,0,301,60.1,,,,,,62.6,,,67.8,0,0,0,19,0,0,0,7,0
Jordon Vaughn,150705,HB,ABILENE CH,10,0,0,100,,,,,,,68.8,,,72.4,0,0,0,0,1,5,0,36,0
Dylan Cook,150713,S,MOREHEAD,10,0,0,234,60.0,,69.9,,,,67.9,,,76.0,1,0,29,1,34,3,25,26,2
Chance Harris,150720,HB,MOREHEAD,10,0,0,234,,,,56.9,,,59.3,,,65.7,0,0,0,0,2,44,0,0,0
Ryan Upp,150733,WR,MOREHEAD,12,0,0,234,,,,59.1,,,60.8,74.3,,66.8,0,0,0,0,0,6,0,34,0
Jordan Adderley,150738,CB,LEHIGH,11,0,0,205,59.9,,,,,,62.7,,,74.1,0,0,0,26,1,0,0,6,0
Jordan Campbell,150741,S,SACR HEART,11,0,0,280,60.4,,,,,,64.0,,,69.4,0,0,0,33,0,0,0,25,0
Mike Coffey,150743,TE,MONMOUTH,3,0,0,231,,,64.7,,,,63.3,,,71.5,0,0,15,0,0,0,0,0,0
Blaise Heshler,150755,G,SACR HEART,4,0,0,280,,,64.3,,,,48.8,,,27.1,0,1,16,0,0,0,0,0,0
Matt Kling,150761,K,SACR HEART,11,0,0,280,,66.2,,,63.1,,63.0,,,73.8,0,0,36,0,43,0,0,0,1
Maximus Mongelli,150773,S,SACR HEART,10,1,0,280,59.6,,,61.8,,,61.7,,,68.4,1,0,0,30,20,25,0,1,2
Gianni Principato,150777,G,SACR HEART,11,0,0,280,,,73.9,,,,64.3,,,70.3,0,0,36,0,0,0,35,0,0
Ethan Rodriguez,150779,ED,SACR HEART,5,0,0,280,59.5,,,,,,59.5,,,69.4,0,0,0,3,1,5,9,0,0
Jake Sokol,150784,LB,SACR HEART,1,0,0,280,60.0,,,,,,60.0,,,60.7,0,0,0,1,0,0,0,0,0
Tim Suk,150787,T,SACR HEART,2,0,0,280,,,60.0,,,,61.6,,,66.8,0,0,6,0,0,0,0,0,0
Jake Walsh,150790,LS,SACR HEART,11,0,0,280,,,65.1,,,,61.8,,,61.1,0,0,36,0,0,0,0,0,0
Robert McMinn,150805,WR,ALABAMA ST,12,0,0,105,60.0,,,65.5,,,59.8,78.7,,68.6,0,0,0,1,0,48,2,63,0
Treqwan Thomas,150807,ED,ALABAMA ST,9,0,0,105,59.8,,,,,,44.9,,,27.3,0,1,0,13,1,0,0,10,0
Keeundra Salter,150808,T,ALABAMA ST,8,0,0,105,,,72.6,,,,64.8,,,74.4,0,0,39,0,0,0,0,0,0
DeMarkus Cunningham,150809,LB,ALABAMA ST,12,0,0,105,59.8,,,,,,72.0,,,69.0,0,0,0,29,0,2,17,11,2
Rhoody Jean-Louis,150810,LB,ALABAMA ST,10,0,0,105,59.3,,62.7,,,,67.9,,,72.0,0,0,11,13,0,18,50,5,1
Stefon Young-Rolle,150812,ED,ALABAMA ST,8,0,0,105,59.5,,60.0,,,,66.8,,,67.4,0,0,1,8,0,0,41,6,1
Kole Williams,150815,S,ALCORN ST,10,3,0,107,60.0,,,,,,50.5,,,78.4,3,0,0,9,45,53,25,32,1
Skyler Jordan,150817,WR,DELWARE ST,8,0,0,152,,,,59.6,,,59.6,,,67.6,0,0,0,0,0,27,0,9,0
Brandon Rogers,150819,HB,ALCORN ST,5,0,0,107,,,,59.4,,,49.4,,,28.1,0,1,0,0,1,13,0,21,0
Tavarious Griffin,150829,TE,ALCORN ST,1,0,0,107,,,,,,,60.0,,,63.7,0,0,0,0,0,1,0,0,0
Christopher Daigre,150831,CB,SE MO ST,13,1,0,293,60.0,,,,,,60.9,,,78.2,1,0,0,43,27,0,4,20,1
Kobe Towns,150834,S,ALCORN ST,12,1,0,107,59.6,,,,,,48.8,,,29.6,1,2,0,13,51,2,46,22,4
Mailk Gaither,150838,LB,SAMFORD,5,0,0,282,60.0,,,,,,60.5,,,64.1,0,0,0,4,1,0,0,0,0
Devin Dawson,150840,DI,ABILENE CH,3,0,0,100,59.2,,,,,,59.3,,,63.6,0,0,0,6,0,0,0,0,0
Noah Kiani,150843,K,ALCORN ST,12,0,1,107,,73.7,,,50.9,,50.3,,,29.3,0,1,46,0,41,0,0,0,1
Jason Longcor,150845,LS,ALCORN ST,12,1,0,107,,,38.1,,,43.4,41.0,,,68.1,1,0,46,0,0,0,74,0,0
Arelious Dunn,150848,C,ALABAMA ST,3,0,0,105,,,66.5,,,,63.1,,,70.0,0,0,15,0,0,0,0,0,0
Amarie Jones Jr.,150854,TE,BETH COOK,12,0,0,119,,,73.3,55.0,,,64.5,,,78.5,2,0,45,0,38,77,67,24,3
Ebenezer Dibula,150855,DI,BETH COOK,10,0,0,119,58.4,,,,,,59.3,,,69.2,0,0,0,32,0,0,0,7,0
Charles Davis,150861,T,FL A&M,6,0,0,164,,,71.5,,,,64.2,,,69.5,0,0,26,0,0,0,0,0,0
Ricky Taylor,150862,G,FL A&M,4,0,0,164,,,66.9,,,,63.3,,,71.4,0,0,17,0,0,0,0,0,0
Andre Powell Jr.,150872,S,FL A&M,3,0,0,164,60.1,,,,,,61.7,,,68.3,0,0,0,9,0,0,9,9,0
Michael Marshall,150875,G,FL A&M,11,0,0,164,,,76.2,,,,64.8,,,69.1,0,0,44,0,9,10,0,1,0
Deondri Clark Jr.,150876,ED,MS VLY ST,9,0,0,228,59.2,,,,,,60.2,,,67.0,0,0,0,20,0,0,0,3,0
Malcolm Major,150879,LB,FL A&M,12,0,0,164,,,,,,,60.0,,,80.2,1,0,0,0,29,40,17,24,0
Tyce Fusilier,150885,HB,SOUTHERN U,1,0,0,297,,,,,,,59.9,,,63.0,0,0,0,0,0,3,0,0,0
Ken Pierre-Charles,150895,S,GRAMBLING,11,1,0,177,59.9,,,,,,67.4,,,42.6,1,1,0,5,41,50,61,34,2
Josh Darling,150898,LB,GRAMBLING,12,1,1,177,59.6,,,,,,57.4,,,28.5,0,2,0,14,44,12,59,24,2
J'Cobe Scott,150900,DI,GRAMBLING,10,0,0,177,58.1,,,,,,59.7,,,70.2,0,0,0,26,0,0,0,16,0
Jaden Hardy,150904,DI,GRAMBLING,12,0,0,177,70.8,,,,,,70.1,,,29.1,0,1,0,38,0,0,0,20,0
Horacio Johnson,150912,S,SOUTHERN U,11,0,0,297,60.0,,,59.6,,,57.8,60.6,,76.8,1,0,0,38,5,5,9,23,0
Joshua Griffin,150917,K,SOUTHERN U,13,0,0,297,,75.3,,,68.4,,63.5,,,75.4,1,0,49,0,60,0,0,0,2
Frankie Dunn Jr.,150925,CB,JACKSON ST,11,0,0,194,59.9,,,,,,64.6,,,74.5,1,0,0,1,33,0,0,27,2
Kevin May,150930,HB,ALCORN ST,6,1,0,107,,,,,,,49.5,,,25.6,1,3,0,0,21,3,0,9,5
Trevonte Rucker,150937,WR,TENN MARTN,6,0,0,310,,,,72.8,,,36.4,,,26.7,0,1,0,0,0,6,0,8,0
Dylan Spencer,150940,C,CENT ARK,12,0,0,132,,,78.1,,,,62.4,,,74.8,0,0,64,0,0,0,10,0,0
Ke'Vric Wiggins Jr.,150947,CB,JACKSON ST,13,0,0,194,59.7,,,,,,62.3,,,73.2,0,0,0,38,0,0,0,10,0
Jeremiah Williams,150948,DI,JACKSON ST,14,0,0,194,72.9,,,,,,72.2,,,28.6,0,1,0,39,0,0,0,11,0
Conroy Cunningham II,150970,ED,SAMFORD,8,0,0,282,59.1,,,,,,60.4,,,67.1,0,0,0,23,7,0,10,0,0
Kirk Ford,150981,T,JACKSON ST,6,0,0,194,,,69.4,,,,63.8,,,67.9,0,0,29,0,0,0,0,0,0
Terry Lindsey,151017,HB,BETH COOK,9,0,0,119,,,,,,,60.3,,,29.5,0,1,0,0,2,31,43,4,1
Darnell Deas,151023,HB,BETH COOK,12,0,0,119,,,,74.0,,,58.7,,,65.5,0,1,0,0,1,71,0,0,0
Derrick Sinegal,151026,LB,ALCORN ST,5,0,0,107,60.0,,,,,,61.2,,,65.4,0,0,0,4,3,0,0,0,0
JD Martin,151035,HB,JACKSON ST,1,0,0,194,,,,,,,59.7,,,63.8,0,0,0,0,0,4,0,0,0
T.J. Lockley,151048,WR,W GEORGIA,2,0,0,1177,,,,,,,60.0,,,66.7,0,0,0,0,0,0,8,0,0
Walter Simmons III,151059,WR,BETH COOK,6,0,0,119,,,,,,,43.9,,,27.4,0,1,0,0,2,0,0,14,0
Carson Smith,151060,P,AUSTINPEAY,12,1,0,116,,69.0,,,85.4,,52.1,,,29.8,0,1,53,0,57,0,0,0,0
Amaad Foston,151081,TE,HAMPTON,4,0,0,178,,,,59.9,,,62.7,,,68.2,0,0,0,0,3,18,0,10,0
Bennie Anderson,151122,G,YALE,10,0,0,352,,,77.0,,,,65.9,,,73.0,0,0,55,0,0,0,0,0,0
Kade Barnes,151123,CB,YALE,8,0,0,352,,,,,,,66.1,60.3,,75.1,0,0,0,0,45,1,0,17,0
Nathaniel Campbell,151124,LB,YALE,5,0,0,352,60.2,,,,,,63.2,,,74.5,1,0,0,9,29,0,22,10,2
Jacob Saffold,151130,CB,YALE,2,0,0,352,60.0,,,,,,61.7,,,68.6,0,0,0,2,0,0,0,6,0
Mitchell Tyler,151134,ED,YALE,7,0,0,352,59.3,,,,,,73.3,,,68.8,0,0,0,6,23,0,0,1,3
Damian Anderson,151135,CB,YALE,5,0,0,352,,,,,,,61.9,,,68.8,0,0,0,0,0,0,0,11,0
Inumidun Ayo-Durojaiye,151136,LB,YALE,10,1,0,352,60.0,,,,,,73.9,,,77.8,0,0,0,36,30,0,39,12,3
Ryan Belk,151137,TE,YALE,10,0,0,352,,,,,,,70.1,,,76.3,0,0,0,0,6,53,0,25,1
Jacob Biggs,151138,LB,YALE,9,0,0,352,59.8,,60.0,,,,65.6,,,69.2,0,0,7,30,16,2,4,9,1
Nathan Denney,151139,HB,YALE,10,0,0,352,,,,69.2,,,64.7,,,71.6,0,0,0,0,0,55,0,0,0
Shamus Florio,151140,P,YALE,10,1,0,352,,,66.7,,62.1,,64.2,,59.1,77.2,3,0,55,0,62,0,39,0,3
Luke Foster,151141,TE,YALE,10,1,0,352,,,74.6,59.9,,,68.0,,,72.6,0,0,55,0,1,54,39,9,0
Joseph Gonzales,151142,S,YALE,8,1,0,352,60.0,,,,,,68.6,,,76.2,0,0,0,1,19,37,5,2,2
Alvin Gulley Jr.,151143,DI,YALE,8,0,0,352,58.0,,,,,,59.0,,,71.1,0,0,0,32,0,0,0,8,0
Sean Guyton,151144,CB,YALE,7,0,0,352,59.9,,,,,,60.1,,,72.6,0,0,0,26,0,3,23,5,0
Zack Haaland,151145,CB,YALE,10,0,0,352,60.0,,,,,,66.0,,,77.0,1,0,0,5,62,52,38,2,3
Kevin Jourdain,151148,DI,YALE,10,0,0,352,59.1,,77.8,,,,64.8,,,65.3,0,0,55,6,0,0,0,0,0
Ben Mann,151150,TE,YALE,10,0,0,352,,,87.0,,,75.4,68.5,,,66.6,0,0,55,0,0,2,39,0,0
Tamatoa McDonough,151151,ED,YALE,9,0,0,352,59.0,,,,,,61.2,,,69.0,0,0,0,29,0,0,0,12,0
Jack Michalik,151152,ED,YALE,10,0,0,352,60.0,,73.6,,,,65.0,,,71.7,0,0,48,1,29,52,0,2,2
David Pantelis,151153,WR,YALE,9,0,0,352,,,,,,,61.8,57.2,,68.0,0,0,0,0,0,4,0,31,0
Wyatt Raymond,151154,LB,YALE,9,1,0,352,60.1,,,,,,70.5,,,77.6,1,0,0,7,53,0,35,25,4
Aaron Session,151156,T,MCNEESE,10,0,0,217,,,72.8,,,,64.8,,,73.4,0,0,41,0,0,0,0,0,0
Dean Shaffer,151157,LB,YALE,4,0,0,352,60.0,,,,,,61.5,,,64.9,0,0,0,19,0,0,4,3,0
Mason Shipp,151158,WR,YALE,3,0,0,352,,,,,,,60.4,,,67.1,0,0,0,0,0,3,0,0,0
Kelvin Smith,151160,WR,YALE,8,0,0,352,,,,,,,64.4,,,71.9,0,0,0,0,0,4,0,22,0
Sean Sullivan,151161,G,YALE,10,0,0,352,,,74.7,,,,65.2,,,71.7,0,0,55,0,0,0,0,0,0
Walker Warncke,151165,LB,YALE,10,2,0,352,59.9,,,,,,60.5,,,29.5,0,1,0,1,33,52,5,0,1
Colt Cooper,151177,ED,ABILENE CH,5,0,0,100,58.9,,64.7,,,,54.0,,,70.4,1,0,15,5,0,2,7,0,0
Cirby Coheley,151178,LB,ABILENE CH,13,0,0,100,60.2,,,,,,62.9,,,75.1,0,0,0,68,0,2,0,7,0
Derek Simmons,151198,T,W CAROLINA,8,0,0,344,,,73.6,,,,64.4,,,66.1,0,0,52,0,0,0,1,0,0
Jamal Marshall,151199,S,GEORGETOWN,9,1,0,172,59.9,,,,,,75.8,,,75.7,0,0,0,2,9,0,8,31,2
Ethan Taite,151211,LB,ABILENE CH,14,0,0,100,59.9,,,,,,76.1,,,87.9,1,0,0,2,89,82,57,64,8
Isaiah Pedack,151214,ED,INCAR WORD,1,0,0,189,59.8,,,,,,60.0,,,62.7,0,0,0,1,0,0,0,0,0
Q'Daryius Jennings,151215,HB,MURRAY ST,10,0,0,236,,,,59.0,,,49.3,,,29.1,1,1,0,0,4,72,25,3,0
Tyler Boone,151220,LB,MURRAY ST,1,0,0,236,,,,,,,60.2,,,66.2,0,0,0,0,0,2,0,0,0
Donovan McBride,151226,DI,ILL STATE,13,0,0,188,79.2,,,,,,87.4,,,73.1,0,0,0,21,0,0,0,13,0
Henry Kofowo,151235,G,MURRAY ST,9,0,0,236,,,75.6,,,,65.0,,,65.8,0,0,42,0,0,0,0,0,0
Dimonyai Lacey,151236,DI,JACKSON ST,2,0,0,194,59.5,,,,,,59.7,,,63.0,0,0,0,2,0,0,0,0,0
Rodreques Boller,151237,T,MURRAY ST,9,0,0,236,,,73.0,,,,65.0,,,72.3,0,0,42,0,0,0,0,0,0
Daniel Faccone,151245,TE,MOREHEAD,5,0,0,234,,,,59.9,,,60.3,,,67.9,0,0,0,0,0,20,0,0,0
Giambi Nesbitt,151262,DI,ST FRANCIS,3,0,0,299,58.7,,,,,,58.7,,,64.9,0,0,0,11,0,0,0,0,0
Jack Courtney,151263,ED,ST FRANCIS,5,0,0,299,,,,,,,62.3,,,66.6,0,0,0,0,0,0,0,6,0
Aidan Cirulli,151268,P,ST FRANCIS,11,1,1,299,,,64.9,,60.0,,63.7,,46.0,74.6,0,2,34,0,1,0,67,0,1
Mason Frye,151271,S,ST FRANCIS,11,0,0,299,59.7,,,,,,52.7,,,28.7,1,2,0,14,29,47,1,61,2
Nathaniel Frye,151272,S,ST FRANCIS,11,0,0,299,59.6,,,59.6,,,53.6,,,83.7,3,0,0,31,42,49,41,61,1
Mac Plummer,151276,K,ST FRANCIS,11,0,0,299,,51.5,,,64.6,,62.9,,,73.6,1,1,34,0,41,0,0,0,1
Eddie Bierals,151295,DI,ST FRANCIS,11,0,0,299,,,68.9,,,,55.0,,,68.3,2,0,29,0,0,0,64,5,0
Casey McKinney,151296,WR,NEW HAMP,3,0,0,240,,,,,,,61.1,35.1,,65.0,0,0,0,0,0,1,0,12,0
Kesean Dyson,151297,LB,MAINE,12,1,0,212,60.1,,,,,,72.5,,,78.3,1,0,0,52,57,0,58,6,7
Larmar Frazier,151301,S,MARIST,11,2,0,213,60.0,,,,,,73.2,,,80.5,1,0,0,7,23,0,43,39,2
Nico Nuzzo,151307,LB,ST FRANCIS,7,0,0,299,60.0,,,,,,64.2,,,82.1,1,0,0,13,27,30,33,43,3
Gregory Reddick,151310,S,N ALABAMA,12,0,1,389,59.6,,,59.9,,,59.6,,,73.3,1,1,0,44,10,1,4,10,1
Gerardo Baeza,151504,P,JACKSON ST,14,0,0,194,,77.4,,,60.6,,68.6,,,90.3,1,0,89,0,50,0,0,1,1
Jamarius Brown,151592,S,SOUTHERN U,13,2,0,297,59.7,,,59.9,,,67.9,60.0,,82.3,3,0,0,28,57,18,70,62,6
Damon Banks,151693,DI,MERCYHURST,9,0,0,977,57.9,,30.4,,,,44.9,,,66.9,0,0,12,34,0,1,0,0,0
Jasiyah Brooks,151701,S,DELWARE ST,1,0,0,152,,,,,,,60.0,,,65.1,0,0,0,0,0,0,0,2,0
Isaiah Cook,151705,G,DELWARE ST,2,0,0,152,,,60.0,,,,61.5,,,66.8,0,0,4,0,0,0,0,0,0
Darren Cook,151706,DI,DELWARE ST,12,0,0,152,57.2,,,,,,60.8,,,71.8,0,0,0,64,0,0,61,9,1
Diu Dau,151710,T,DELWARE ST,2,0,0,152,,,60.0,,,,60.6,,,63.5,0,0,3,0,0,0,0,0,0
Jayden Estes,151712,S,DELWARE ST,4,0,0,152,60.0,,,,,,63.0,,,69.8,0,0,0,13,6,14,15,0,1
Marquis Gillis,151714,HB,DELWARE ST,2,0,0,152,,,,65.2,,,59.8,,,64.0,0,0,0,0,0,11,0,0,0
NyGhee Lolley,151718,WR,DELWARE ST,11,0,0,152,,,,58.3,,,62.7,,,71.3,0,0,0,0,0,45,34,0,0
Joe Maxwell III,151719,T,DELWARE ST,2,0,0,152,,,60.0,,,,61.3,,,65.3,0,0,4,0,0,0,0,0,0
Brandon Williams,151791,S,MS VLY ST,11,0,0,228,59.9,,,,,,62.1,,,67.6,0,0,0,43,15,0,0,3,0
Jalen Jones,151843,TE,VALPO,1,0,0,332,,,,,,,60.8,,,63.9,0,0,0,0,5,0,0,0,0
Ritse Vaes,152117,K,ABILENE CH,14,0,0,100,,86.2,,,74.9,,61.9,,,68.9,0,0,78,0,6,0,0,0,0
Bryce McIntosh,152175,CB,SCAR STATE,4,0,0,290,,,,,,,61.6,,,70.2,0,0,0,0,1,1,0,4,0
Kamren Amao,152248,CB,PRVIEW A&M,11,0,0,270,60.1,,,,,,58.5,,,76.4,1,0,0,9,23,4,32,17,0
Victor Idusuyi II,152274,DI,STF AUSTIN,7,0,0,301,59.0,,60.8,,,,62.3,,,74.7,0,0,5,3,0,0,0,6,0
Braylon Monroe,152296,WR,PRVIEW A&M,12,0,0,270,,,,,,,69.0,,,80.4,2,0,0,0,52,0,34,28,5
Donta Stuart,152349,S,TARLETON,14,1,0,401,59.9,,,,,,65.2,,,72.7,0,0,0,40,40,0,8,9,0
Jacquez Jones,152587,WR,NORFOLK,2,0,0,244,,,,,,,60.3,,,65.6,0,0,0,0,1,1,0,0,0
Sam Hill,152773,G,HOWARD,10,0,0,184,,,74.0,,,,65.0,,,72.1,0,0,37,0,0,0,0,0,0
Nathan Baker,152926,G,TARLETON,2,0,0,401,,,60.4,,,,61.7,,,65.9,0,0,5,0,0,0,0,0,0
Kevin Herring,152972,ED,ALAB A&M,2,0,0,104,59.8,,,,,,59.9,,,63.1,0,0,0,2,0,0,0,0,0
Evan Rutkowski,153073,LB,TOWSON,9,0,0,317,,,,,,,61.5,,,72.3,0,0,0,0,6,6,27,3,1
Michael Akins,153265,ED,TEXAS STHN,11,0,0,313,59.7,,,,,,61.8,,,69.4,0,0,0,36,0,0,0,7,0
Atravon Bossier,153267,DI,NWSTATE,5,0,0,257,59.0,,,,,,59.8,,,65.5,0,0,0,6,0,0,0,2,0
Alex Bouldin,153268,LB,TEXAS STHN,3,0,0,313,59.7,,,,,,60.2,,,66.7,0,0,0,12,0,0,4,1,0
Calvin Henderson,153276,S,GRAMBLING,11,0,0,177,59.9,,,,,,65.4,,,68.7,0,0,0,25,13,0,6,7,1
Savion Sims,153278,WR,TEXAS STHN,10,0,0,313,,,,,,,67.1,,,75.8,0,0,0,0,3,61,44,3,2
Romon Copeland,153292,WR,AUSTINPEAY,12,0,0,116,,,,69.0,,,60.7,85.5,,67.7,0,0,0,0,0,64,0,55,0
Rodrick Dorsey,153295,DI,HAMPTON,8,0,0,178,57.9,,,,,,59.1,,,69.3,0,0,0,31,0,0,0,10,0
Tyler McDuffie,153302,T,HAMPTON,12,0,0,178,,,75.3,,,,65.6,,,75.1,0,0,57,0,0,0,0,0,0
TK Paisant,153305,TE,HAMPTON,8,0,0,178,,,72.4,,,,64.7,,,75.0,0,0,38,0,0,10,0,0,0
Tymere Robinson,153308,HB,HAMPTON,11,0,0,178,,,,59.4,,,67.6,,,72.9,0,0,0,0,20,43,52,13,1
Ja'Quan Snipes,153312,HB,HAMPTON,11,0,0,178,,,,,,,63.9,,,76.7,0,0,0,0,18,25,30,3,1
Rashawn Washington,153316,DI,SCAR STATE,9,0,0,290,58.2,,,,,,58.1,,,68.2,0,0,0,29,0,0,0,1,0
Jordan Wimberly,153318,WR,HAMPTON,1,0,0,178,,,,,,,60.0,,,66.0,0,0,0,0,0,0,0,1,0
Rodney Patterson,153404,CB,MORGAN ST,10,0,0,235,59.4,,,,,,60.6,,,73.6,0,0,0,8,41,2,9,1,1
Jadon Carter,153406,CB,MORGAN ST,12,1,0,235,83.6,,,,,,79.8,,,78.1,0,0,0,28,17,0,42,19,1
Joe Murray,153433,ED,MORGAN ST,10,0,0,235,59.3,,67.2,61.8,,,66.4,,,72.3,0,0,20,7,22,41,0,2,2
Aidan Corning,153461,T,E WASHGTON,4,0,0,161,,,66.3,,,,62.9,,,65.3,0,0,20,0,0,0,0,0,0
Kimo Hiu,153468,S,CHARLES SO,12,2,0,135,60.3,,,,,,65.7,,,82.1,0,2,0,11,39,72,67,31,2
Daemon Dawkins,153930,WR,ARKAPB,7,0,0,112,,,,76.8,,,59.0,61.8,,64.2,0,0,0,1,0,30,0,5,0
Tavon Hardwick,153933,S,ARKAPB,10,1,0,112,60.0,,,,,,60.0,,,75.6,3,0,0,31,26,1,17,4,2
Dae'Trell Cooper,153934,HB,ARKAPB,12,0,0,112,,,,,,,58.6,,,84.1,2,1,0,0,53,77,0,12,0
Bryce Lusk,153936,T,ARKAPB,6,0,0,112,,,66.8,59.9,,,61.7,,,69.9,0,0,16,0,0,35,0,0,0
C.J. Van Buren,153940,G,ARKAPB,11,0,0,112,,,76.5,,,,65.2,,,64.0,0,0,46,0,0,0,0,0,0
Kevin English,153942,TE,ARKAPB,11,0,0,112,,,72.6,,,,62.0,,,66.9,0,0,43,0,0,25,0,0,0
Kaleb Knox,153944,S,ARKAPB,5,0,0,112,59.8,,,,,,60.2,,,72.4,0,0,0,15,4,17,8,2,0
Kyle Knox,153945,CB,ARKAPB,1,0,0,112,60.0,,,,,,60.0,,,62.1,0,0,0,1,0,0,0,1,0
Rico Dozier,153946,LB,ALABAMA ST,11,0,0,105,59.9,,,,,,62.4,,,69.2,0,0,0,26,0,8,0,9,0
Joe Crifasi,153951,WR,CENT CT ST,13,0,0,133,,,,,,,54.8,,,30.0,0,1,0,0,0,63,0,20,0
Alec Ambrosia,153957,G,CENT CT ST,13,0,0,133,,,77.1,,,,65.0,,,73.5,0,0,56,0,0,0,70,0,0
Isaiah DeLoatch,153961,T,CENT CT ST,7,0,0,133,,,69.4,,,,63.5,,,64.9,0,0,31,0,0,0,0,0,0
Isiah Williams,153962,WR,HOWARD,11,0,0,184,,,,49.8,,,59.1,68.2,,68.3,0,0,0,0,0,55,1,29,0
Michael Plaskon,153963,WR,CENT CT ST,13,0,0,133,,,,,,,61.7,67.4,,68.7,0,0,0,0,0,3,0,54,0
Paul Marsh,153965,WR,CENT CT ST,2,0,0,133,,,,,,,70.8,,,71.9,0,0,0,0,0,0,12,0,1
Peter Cleary,153967,TE,CENT CT ST,12,0,0,133,,,60.0,59.9,,,72.4,,,66.5,0,0,1,0,0,58,0,0,0
Isaiah Greene,153970,CB,CAMPBELL,12,0,0,131,59.7,,,,,,68.0,,,76.6,0,0,0,34,30,1,0,16,2
Jonathan Cabral-Martin,153976,S,N IOWA,12,0,0,255,59.9,,,,,,73.0,,,81.5,0,0,0,53,41,0,43,29,4
Harold Miles III,153982,LB,RHODE ISLD,10,0,0,274,59.9,,,,,,60.6,,,66.3,0,0,0,15,1,0,0,0,0
Aidan Clark,153991,P,CENT CT ST,13,1,0,133,,,66.8,,,,63.7,,45.4,74.1,2,0,56,0,0,0,70,0,0
Michael Coney,153994,K,LIUSHAR,12,0,0,1298,,73.7,,,62.0,,63.3,,,75.0,0,0,45,0,55,0,0,0,1
Trejon Spiller,153995,WR,PRVIEW A&M,8,0,0,270,,,,,,,62.6,,,69.1,0,0,0,0,1,7,1,6,0
Cameron Franklin,153996,S,PRVIEW A&M,10,0,0,270,59.6,,,,,,62.4,,,68.1,0,0,0,29,7,0,0,11,0
Luis Chavarria,154004,C,HOUCHR,9,0,0,183,,,74.1,,,,65.2,,,75.2,0,0,48,0,0,0,0,0,0
Adonis Davis,154019,LB,SCAR STATE,5,0,0,290,60.2,,,,,,61.8,,,68.1,0,0,0,5,4,0,0,0,0
Octaveon Minter,154027,DI,SCAR STATE,5,0,0,290,58.1,,,,,,57.8,,,65.9,0,0,0,16,0,0,0,0,0
Jordan Smith,154034,WR,SCAR STATE,11,1,1,290,,,,61.8,,,63.0,,,44.3,1,1,0,0,0,9,49,14,2
Jayvion Snow,154035,LB,SCAR STATE,9,1,0,290,,,,,,,72.8,,,90.2,1,0,0,0,65,35,0,36,3
Gavyn Zimmerman,154040,K,SCAR STATE,1,0,0,290,,60.0,,,,,60.0,,,61.7,0,0,1,0,0,0,0,0,0
Kai Holloway,154041,WR,ROB MORRIS,8,0,0,277,,,,58.0,,,63.0,,,75.2,0,0,0,0,0,28,0,37,0
Tim Alderman,154072,ED,AUSTINPEAY,4,0,0,116,58.9,,60.0,,,,67.7,,,72.6,0,0,7,7,9,25,21,1,1
Lucas Allen,154177,ED,LNDNWD,2,0,0,949,,,,,,,60.2,,,63.1,0,0,0,0,0,0,3,0,0
Joe Becker,154181,T,LNDNWD,2,0,0,949,,,60.0,,,,60.2,,,65.8,0,0,2,0,0,0,0,0,0
Frank Caldwell,154187,ED,LNDNWD,12,0,0,949,59.2,,,,,,60.7,,,67.9,0,0,0,10,0,0,53,0,0
Jeff Caldwell,154188,WR,LNDNWD,4,0,0,949,,,,,,,63.3,,,66.2,0,0,0,0,2,0,0,6,0
Darrin Fugitt,154203,TE,LNDNWD,5,0,0,949,,,,,,,61.0,,,69.6,0,0,0,0,1,18,0,0,0
Robert Giaimo,154204,HB,LNDNWD,11,0,0,949,,,,61.1,,,76.5,,,73.0,0,0,0,0,0,12,0,45,0
Abe Haerr,154210,TE,LNDNWD,12,0,0,949,,,74.7,,,,64.1,,,65.4,0,0,57,0,2,19,0,0,0
Gus Hetzel,154214,S,LNDNWD,12,2,0,949,,,,,,,66.1,,,77.4,3,1,0,0,65,15,41,8,5
Jackson Hetzel,154215,LB,LNDNWD,12,1,0,949,59.9,,,,,,71.6,,,80.9,0,0,0,2,43,64,5,28,2
Ethan Johnson,154217,C,LNDNWD,12,0,0,949,,,77.1,,,,66.0,,,73.7,0,0,56,0,0,0,0,0,0
Aaron Kness,154218,LB,LNDNWD,12,0,0,949,,,,,,,57.6,,,38.9,1,1,0,0,7,55,45,28,2
Kobe McClendon,154229,ED,LNDNWD,6,0,0,949,59.5,,,,,,60.3,,,65.9,0,0,0,6,0,0,0,3,0
Adel Mountassir,154234,G,LNDNWD,12,0,0,949,,,75.3,,,,65.6,,,75.4,0,0,56,0,0,0,0,0,0
Jayden Patrick,154239,CB,LNDNWD,12,0,1,949,88.1,,,59.2,,,68.8,,,41.3,1,1,0,41,54,49,2,34,0
Darius Ragland,154243,CB,LNDNWD,2,0,0,949,,,,,,,61.3,,,71.0,0,0,0,0,5,0,7,3,0
Logan Seibert,154257,K,LNDNWD,12,0,0,949,,70.6,,,77.3,,63.6,,,75.5,0,0,57,0,62,0,0,0,0
Branden Stearman,154261,LB,MOREHEAD,10,0,0,234,60.1,,,,,,62.1,,,65.0,0,0,0,29,0,0,0,6,0
Jacob Swihart,154263,G,LNDNWD,1,0,0,949,,,,,,,60.0,,,63.5,0,0,0,0,0,0,0,1,0
Gareth Warren,154267,T,LNDNWD,12,0,0,949,,,76.6,,,,65.1,,,64.0,0,0,56,0,0,0,0,0,0
Za'Heir Barnes-Vaughn,154281,DI,AUSTINPEAY,6,0,0,116,59.0,,,,,,53.9,,,72.8,0,0,0,23,0,0,35,10,0
Robert Carter Jr.,154439,CB,ROB MORRIS,11,0,0,277,87.3,,,86.5,,,83.5,,,72.2,0,0,0,36,35,21,0,13,0
Xavier Toliver,154606,S,HOUCHR,12,1,0,183,60.0,,,59.4,,,60.4,,,29.0,0,1,0,56,55,6,5,0,3
Kristos Fernandez,154608,T,LIUSHAR,2,0,0,1298,,,60.0,,,,61.4,,,64.7,0,0,6,0,0,0,0,0,0
Leisaan Hibbert,154609,S,LIUSHAR,12,1,0,1298,60.0,,,59.1,,,53.3,60.9,,28.9,0,1,0,6,5,43,0,48,0
Jaden Dawkins,154618,LB,LIUSHAR,5,0,0,1298,60.0,,,,,,59.8,,,27.8,0,1,0,1,10,0,0,5,1
Nathan Payne,154654,LS,VA MILT IN,1,0,0,336,,,60.0,,,81.0,78.6,,,63.3,0,0,1,0,0,0,4,0,1
Carson Griffin,154679,ED,MERCER,14,0,0,219,60.0,,,,,,64.3,,,72.3,0,0,0,17,4,0,77,7,1
Cole Hoskyns,154715,TE,GARD-WEBB,12,0,0,171,,,,54.5,,,63.5,,,80.2,0,0,0,0,0,68,27,10,0
Chris Gales,154723,LB,ALBANY,12,1,0,106,,,,,,,63.2,,,51.7,0,1,0,0,51,36,0,36,1
AJ Chandler,154729,WR,HOWARD,2,0,0,184,,,60.0,,,,61.3,,,65.0,0,0,6,0,0,0,2,1,0
Elijah Cruz,154733,WR,HOWARD,2,0,0,184,,,,,,,62.2,,,68.9,0,0,0,0,2,6,0,7,0
Darius Fox,154736,G,HOWARD,11,0,0,184,,,72.5,,,,64.1,,,74.1,0,0,38,0,0,0,1,0,0
KJ Henderson,154738,LB,HOWARD,9,1,0,184,,,,,,,60.9,,,33.9,0,1,0,0,31,0,39,4,1
Nah'Shawn Hezekiah,154739,WR,S ILLINOIS,10,0,0,295,,,,,,,66.0,,,71.5,0,0,0,0,1,3,0,36,0
Jamal Hines,154740,T,HOWARD,1,0,0,184,,,,,,,60.0,,,63.3,0,0,0,0,0,0,1,0,0
CJ Hoffman,154741,TE,HOWARD,8,0,0,184,59.7,,,,,,42.5,,,28.3,0,2,0,2,2,32,5,0,0
Terrance Hollon,154742,LB,HOWARD,10,0,0,184,59.2,,,,,,61.4,,,67.9,0,0,0,42,0,2,0,10,0
Richie Ilarraza,154743,WR,HOWARD,5,0,0,184,,,,,,,60.3,61.3,,65.9,0,0,0,0,0,3,0,21,0
Jay Jones II,154745,LB,HOWARD,11,1,0,184,60.0,,,,,,50.6,,,28.3,0,3,0,3,24,45,2,9,1
Robert Jones III,154746,CB,HOWARD,12,0,0,184,79.8,,,59.9,,,79.5,,,73.1,1,0,0,44,44,2,0,10,1
Jabari Knighten,154747,CB,HOWARD,8,0,0,184,59.6,,,,,,69.3,,,71.9,0,0,0,27,0,1,3,21,1
Emerson Martin,154749,DI,HOWARD,10,0,0,184,58.2,,,,,,58.3,,,67.2,0,0,0,26,0,0,0,2,0
Xavier Ricks,154753,DI,HOWARD,10,0,0,184,,,72.7,,,,64.4,,,65.6,0,0,28,0,0,0,0,1,0
Xavier Robiou,154754,S,HOWARD,11,1,0,184,59.4,,,59.9,,,68.4,,,82.2,0,0,0,36,36,4,47,20,2
Jamel Stewart,154755,DI,HOWARD,11,0,0,184,58.0,,,,,,50.4,,,28.8,0,1,0,34,0,18,0,8,0
Jaylon Tolbert,154757,QB,HOWARD,2,0,0,184,59.9,,,,,,60.3,,60.0,65.2,0,0,0,5,0,0,1,0,0
Montrell Walker,154758,TE,HOWARD,1,0,0,184,,,60.0,,,,61.5,,,61.6,0,0,7,0,0,0,0,0,0
Dylan West,154760,K,HOWARD,12,0,0,184,,58.2,,,57.5,,62.8,,,73.0,0,0,41,0,37,0,0,0,0
ShunDerrick Powell,154768,HB,CENT ARK,3,0,0,132,,,,,,,56.3,,,65.3,0,0,0,0,0,1,4,0,0
Ty Williams Jr.,154784,S,NC A&T,3,0,0,246,59.8,,,,,,61.5,,,64.3,0,0,0,8,0,0,0,3,0
Rufus Toe,154792,ED,HOUCHR,8,0,0,183,58.9,,,,,,59.1,,,65.6,0,0,0,14,0,0,0,0,0
Matteo Perez,155193,HB,UC DAVIS,14,0,0,322,,,,59.0,,,59.6,67.5,,73.2,0,0,0,0,0,66,0,79,0
Grant Nickel,155198,P,ABILENE CH,14,0,0,100,,,,,,,63.4,,67.6,74.8,0,2,0,0,0,0,56,0,2
Les Odimara,155200,CB,TARLETON,8,1,0,401,60.5,,,,,,67.1,,,76.4,0,0,0,16,38,0,0,26,0
Cee Chosen,155205,WR,TOWSON,1,0,0,317,,,,59.9,,,60.0,,,61.2,0,0,0,0,0,1,0,0,0
Destin Refuge,155231,LB,NICHOLLS,1,0,0,243,,,,,,,61.1,,,64.9,0,0,0,0,2,0,0,1,0
Jeremiah Frazier,155242,G,ALABAMA ST,11,0,0,105,,,73.5,,,,64.4,,,65.6,0,0,52,0,0,0,0,0,0
Isaiah Nwokenkwo,155249,HB,ALAB A&M,12,0,0,104,,,,66.9,,,63.7,,,70.5,0,0,0,0,0,62,0,0,0
Ross Pedro,155258,LS,S ILLINOIS,12,0,0,295,,,22.7,,,3.1,29.1,,,67.1,0,0,43,0,0,0,56,0,0
Hunter Smith,155264,G,TARLETON,1,0,0,401,,,60.0,,,,60.6,,,61.5,0,0,2,0,0,0,0,0,0
Jaylen Jackson,155265,CB,TARLETON,11,2,0,401,60.0,,,,,,74.8,,,76.1,0,0,0,1,62,0,0,10,1
Ryan Iiams,155277,G,DAYTON,10,0,0,150,,,73.0,,,80.2,65.9,,,71.5,0,0,32,0,0,0,3,0,0
Rex Connors,155292,S,UC DAVIS,11,1,0,322,60.2,,,,,,69.0,,,69.7,0,0,0,42,0,4,19,6,1
Simeon Woodard,155294,CB,MONTANA ST,15,0,0,233,60.6,,,,,,65.1,,,75.1,0,0,0,20,0,0,0,38,0
Xavier Kately,155297,S,TEXAS STHN,9,0,0,313,59.9,,,,,,59.1,,,77.3,2,0,0,20,22,35,29,10,1
Canary Simmons,155298,S,TEXAS STHN,11,0,0,313,59.9,,,,,,61.3,,,67.0,0,0,0,57,11,0,0,12,1
Marqeese Dietz,155299,WR,ALBANY,9,0,0,106,,,,,,,69.5,,,71.1,0,0,0,0,17,1,0,15,1
Jacob Williams,155300,LB,TEXAS STHN,2,0,0,313,59.8,,,,,,62.1,,,65.8,0,0,0,3,0,1,0,5,0
Mason Armstead,155365,S,PRINCETON,10,1,0,272,60.0,,,,,,60.7,,,28.7,1,1,0,20,42,0,0,12,4
AJ Barber,155366,WR,PRINCETON,10,0,0,272,,,,57.7,,,60.0,58.7,,66.9,0,0,0,0,3,12,1,32,0
Simon Brackin,155368,TE,PRINCETON,4,0,0,272,,,,,,,60.3,,,67.8,0,0,0,0,7,15,0,0,0
Luke Colella,155372,WR,PRINCETON,1,0,0,272,,,,,,,60.0,,,63.3,0,0,0,0,0,0,1,0,0
Nasir Cook,155374,CB,PRINCETON,9,1,0,272,,,,,,,70.5,,,70.2,0,0,0,0,40,0,0,8,2
Mac Duda,155375,G,PRINCETON,10,0,0,272,,,72.1,,,,44.8,,,70.0,0,0,36,0,0,0,42,0,0
Jackson Ford,155376,LB,PRINCETON,4,0,0,272,59.8,,,,,,60.7,,,71.6,0,0,0,15,0,0,3,1,0
Jalen Geer,155377,WR,PRINCETON,10,0,0,272,,,71.1,,,,61.9,,,70.8,0,0,34,0,3,34,1,8,0
Nick Hilliard,155381,G,PRINCETON,10,0,0,272,,,19.3,,,,30.8,,,64.1,0,0,36,0,0,0,1,0,0
Connor Hulstein,155382,TE,PRINCETON,10,0,0,272,,,71.3,,,,57.1,,,69.9,1,0,36,0,3,24,11,5,0
Carson Irons,155383,LB,PRINCETON,7,0,0,272,60.0,,,,,,63.6,,,67.6,0,0,0,21,7,0,12,1,1
Ryan Ives,155384,DI,PRINCETON,2,0,0,272,58.3,,,,,,58.1,,,65.5,0,0,0,14,0,0,0,0,0
Samy Lamothe,155387,S,PRINCETON,1,0,0,272,59.7,,,,,,60.0,,,61.8,0,0,0,1,0,0,0,0,0
Matthew Mahoney,155388,WR,PRINCETON,7,0,0,272,,,,,,,80.2,,,70.6,0,0,0,0,1,0,0,22,0
Sam Massick,155390,K,PRINCETON,10,0,0,272,,75.1,,,,,60.9,,,65.9,0,0,29,0,0,0,0,0,0
Tommy Matheson,155391,G,PRINCETON,10,0,0,272,,,73.8,,,,64.4,,,72.1,0,0,36,0,0,0,1,0,0
Jalen Newman,155393,CB,PRINCETON,10,0,0,272,60.7,,,,,,64.0,,,74.6,0,0,0,50,1,0,0,5,0
Tyler Picinic,155397,TE,PRINCETON,1,0,0,272,,,,,,,61.1,,,64.2,0,0,0,0,3,0,0,0,0
Lance Reaves-Hicks,155400,DI,PRINCETON,1,0,0,272,,,60.0,,,,60.4,,,62.5,0,0,3,0,0,0,0,0,0
Will Reed,155401,T,PRINCETON,1,0,0,272,,,,,,,60.0,,,63.3,0,0,0,0,0,0,1,0,0
Nicholas Sanker,155404,ED,PRINCETON,4,0,0,272,59.0,,60.0,,,,60.3,,,72.5,0,0,2,10,0,0,0,1,0
Jeffrey Sexton,155406,K,PRINCETON,10,0,0,272,,89.4,,,54.2,,63.0,,,75.4,0,0,7,0,46,0,0,0,0
Payton Tally,155409,S,PRINCETON,10,1,0,272,60.2,,,,,,73.2,,,74.7,0,0,0,48,3,0,20,13,2
Collin Taylor,155410,ED,PRINCETON,6,0,0,272,58.5,,,,,,59.6,,,70.7,0,0,0,13,0,0,0,5,0
Jaylen White,155505,HB,NORFOLK,11,0,0,244,,,,68.5,,,64.1,,,73.4,0,0,0,0,1,60,0,27,0
Nathan Kibambe,155506,S,ELON,11,0,0,162,,,,,,,60.2,,,31.1,0,1,0,0,32,33,1,37,1
Matt Carlino,155509,TE,DELAWARE,11,0,0,151,,,75.0,,,,65.6,,,73.1,0,0,54,0,0,0,0,0,0
Jake Marion,155512,K,ELON,12,0,0,162,,,,,54.3,,63.5,,,77.4,0,0,0,0,61,0,0,0,1
Ricky Rich,155519,LB,SO UTAH,10,0,0,298,60.1,,,,,,50.3,,,28.1,0,1,0,15,0,0,4,23,0
Brett Gray,155525,T,W CAROLINA,7,0,0,344,,,72.3,,,,64.4,,,67.0,0,0,41,0,0,0,0,0,0
Dennis Shorter,155535,S,S DAKOTA,13,0,0,291,59.6,,,,,,52.1,,,28.2,0,1,0,37,0,0,0,24,0
Neil Daily,155538,LB,MONTANA ST,14,0,0,233,60.1,,,,,,63.9,,,76.9,0,0,0,21,35,10,9,25,0
Jeremiah Harris II,155541,LB,PRVIEW A&M,10,0,0,270,59.7,,,,,,48.3,,,27.6,0,2,0,31,1,0,0,7,0
Justin Luke,155542,WR,N ALABAMA,12,0,0,389,,,,56.6,,,62.0,,,76.1,1,0,0,0,49,65,51,0,3
Dash Luke,155552,WR,MO STATE,12,0,0,230,,,,65.0,,,60.6,61.9,,71.6,1,0,0,0,18,51,14,4,1
Porter Connors,155570,LB,UC DAVIS,13,0,0,322,59.7,,,,,,69.0,,,68.0,0,0,0,45,2,4,6,11,1
Christian Calhoun,155572,CB,UC DAVIS,9,1,0,322,,,,,,,75.8,,,76.0,0,0,0,0,53,0,32,7,5
Jayden Stanley,155573,S,UC DAVIS,10,1,0,322,60.1,,,,,,71.1,,,77.6,0,0,0,9,53,0,19,41,1
Darien Langley,155574,CB,UC DAVIS,7,0,0,322,,,,59.4,,,62.2,,,70.6,0,0,0,0,0,2,4,29,0
Cinsere Clark,155641,WR,ST FRANCIS,1,0,0,299,,,,,,,60.1,,,65.4,0,0,0,0,0,2,0,0,0
Ty Davis,155756,LB,DELAWARE,11,0,1,151,60.3,,,,,,61.0,,,29.7,0,1,0,35,53,1,0,24,1
Robert Glanton,155759,CB,FL A&M,6,0,0,164,60.0,,,,,,56.4,,,76.9,2,0,0,1,21,3,25,15,1
Jay Billingsley,155761,K,GARD-WEBB,12,0,1,171,,65.2,,,58.8,,63.5,,,75.3,0,1,55,0,60,0,0,0,1
Rafael Fasolino,155766,LB,LIUSHAR,12,1,0,1298,59.7,,,,,,60.6,,,76.2,4,0,0,22,55,0,31,30,7
Omar Emmons,155769,S,TARLETON,14,1,0,401,60.1,,,,,,77.4,,,80.0,0,0,0,7,81,20,6,0,2
Kaden White,155771,S,TOWSON,12,0,0,317,59.9,,,,,,62.5,,,79.5,1,0,0,1,29,55,2,6,2
Jordan Helton,155785,S,TENN STATE,13,1,0,308,60.1,,,,,,77.2,,,79.4,3,0,0,32,69,43,69,18,7
Jalen McClendon,155787,CB,TENN STATE,13,0,0,308,60.4,,,,,,63.2,,,71.5,0,0,0,18,0,0,0,20,0
Dylan Boone,155797,TE,SCAR STATE,4,0,0,290,,,60.0,,,,60.8,,,64.4,0,0,3,0,0,3,0,0,0
Perry Wells,155805,CB,TEXAS STHN,2,0,0,313,,,,,,,61.5,,,66.3,0,0,0,0,7,0,1,0,0
Jamie Wilson,155826,LS,GARD-WEBB,12,0,0,171,,,87.0,,,74.1,72.2,,,66.7,1,1,55,0,0,0,48,0,3
Blake Smith,155827,S,TARLETON,14,1,0,401,60.1,,,,,,62.5,72.8,,79.3,1,0,0,49,41,2,0,44,0
Justin Smith,155835,S,WAGNER,12,2,0,338,59.9,,60.0,,,,64.9,,,28.5,0,3,4,24,31,2,51,26,4
Zavion Evans,155841,LB,HOUCHR,8,1,0,183,60.1,,,,,,58.1,,,78.4,1,0,0,5,36,38,0,22,0
Dion Daniels,155842,T,HOUCHR,5,0,0,183,,,64.7,,,,61.6,,,70.3,0,0,12,0,0,0,1,0,0
Nick Bigelow,155843,P,GARD-WEBB,12,0,0,171,,,66.7,,,,63.3,,65.6,71.6,0,0,55,0,0,0,48,0,1
Tyrik Daniels,155849,ED,N ALABAMA,12,0,0,389,59.7,,60.0,,,,63.4,,,74.9,0,0,5,23,3,2,52,10,0
Chris Victor,155855,ED,CHATTNOOGA,11,0,0,137,58.0,,,,,,60.4,,,69.6,0,0,0,27,0,0,0,20,0
Matthew Rau,155862,G,BRYANT,5,0,0,124,,,62.0,,,,61.7,,,64.7,0,0,6,0,0,0,25,0,0
Luke Jakubauskas,155863,ED,WAGNER,7,0,0,338,59.9,,,,,,63.2,,,67.9,0,0,0,9,0,0,0,7,0
Zae Smith,155866,DI,HOUCHR,12,0,0,183,57.6,,,,,,57.0,,,67.4,0,0,0,47,0,0,0,0,0
C.J. Henry,155870,QB,DELWARE ST,1,0,0,152,,,,,,,59.4,,,64.7,0,0,0,0,0,9,0,0,0
Joshua Randall,155871,ED,SE LA,7,0,0,294,59.6,,,,,,75.5,,,67.2,0,0,0,3,7,0,0,7,2
Nigel Brown,155872,DI,PRESBYTERN,7,0,0,271,59.2,,,,,,59.4,,,64.6,0,0,0,11,0,0,0,0,0
Reese Dykstra,155884,TE,LIUSHAR,12,0,0,1298,,,73.2,,,,63.7,,,68.8,0,0,45,0,0,34,30,4,1
Jake Ward,155889,K,CENT ARK,12,0,0,132,,,67.0,,60.6,,63.6,,,74.8,2,0,59,0,71,0,0,0,0
Brandon Tolvert,155894,DI,TARLETON,14,0,0,401,58.2,,,,,,49.9,,,28.1,0,1,0,27,0,0,15,6,0
Quincy McDuffie,155896,WR,LIUSHAR,10,0,0,1298,,,,,,,69.0,,,79.2,0,0,0,0,5,54,23,7,1
Jalen Hodo,155897,S,CENT ARK,12,2,0,132,,,,59.9,,,63.4,,,82.8,4,0,0,0,71,70,45,57,4
Marvin Smith,155900,S,ALAB A&M,12,0,0,104,59.7,,,,,,55.1,,,28.5,0,2,0,42,41,27,22,29,2
Adrian Lacy,155913,LB,PRVIEW A&M,12,0,0,270,59.9,,,,,,66.8,,,75.3,0,0,0,9,14,4,5,35,0
Hunter Parsons,155915,ED,MONTANA ST,11,0,0,233,59.2,,,,,,58.9,,,68.1,0,0,0,9,0,12,0,4,0
Malakai Fakahua,155916,LB,UTAHTC,11,0,0,1285,59.1,,,,,,65.2,,,77.6,0,0,0,39,13,50,0,17,1
Remiello Thomas,155918,TE,MS VLY ST,4,0,0,228,,,,,,,61.5,,,72.4,0,0,0,0,0,30,1,0,0
Adrian Green,155922,WR,HOUCHR,4,0,0,183,,,,,,,61.7,,,75.4,0,0,0,0,5,24,15,16,0
Vershod Quinn,155924,HB,FL A&M,4,0,0,164,,,,,,,60.6,,,73.1,0,0,0,0,0,25,1,2,0
Alema Tupuola,155928,LB,WEBER ST,12,0,0,342,59.8,,,,,,61.3,,,82.3,2,0,0,25,27,15,7,13,2
Alain Paul,155944,WR,LIUSHAR,7,0,0,1298,,,,,,,75.4,,,73.7,0,0,0,0,35,14,13,0,5
Dru Polidore Jr.,155951,S,MONTANA ST,8,0,0,233,59.8,,,,,,60.2,,,63.4,0,0,0,20,1,0,0,0,0
William White,155968,S,NWSTATE,8,0,0,257,59.9,,,,,,49.6,,,28.4,0,1,0,28,0,4,0,15,0
Tyion Berry,155969,WR,CENT ARK,10,0,0,132,,,,54.5,,,57.7,60.0,,66.2,0,0,0,0,0,44,2,1,0
Keyshawn Johnson,155973,CB,WAGNER,6,0,0,338,60.0,,,,,,61.7,,,72.9,0,0,0,1,9,6,3,16,0
Peyton Davis,155974,C,W CAROLINA,5,0,0,344,,,72.8,,,,64.1,,,63.8,0,0,28,0,0,0,0,0,0
Cory Hennings,155995,LB,W CAROLINA,12,1,0,344,59.6,,,,,,70.2,,,82.8,0,0,0,2,63,64,18,28,4
Elijah Bass,156041,T,CITADEL,12,1,0,139,,,,,,,71.3,,,85.9,1,0,0,0,53,59,52,40,5
DJ Moffett,156044,HB,ALAB A&M,6,0,0,104,,,,68.5,,,59.4,,,65.6,0,0,0,0,2,32,0,0,0
Sean Artiss,156046,S,SCAR STATE,2,0,0,290,59.5,,,,,,59.9,,,65.4,0,0,0,3,0,0,0,0,0
Antuan Wells,156050,G,BETH COOK,10,0,0,119,,,74.3,,,,65.0,,,71.6,0,0,38,0,0,0,0,0,0
Oliver Jack,156170,LB,LAMAR,9,0,0,204,,,,,,,56.4,,,71.5,1,0,0,0,3,20,0,21,0
Corey Yeoman,156179,LB,HAMPTON,8,0,1,178,59.5,,60.0,,,,42.2,,,27.2,0,2,2,35,0,3,31,13,0
Sam Martin Jr.,156180,S,WAGNER,11,0,0,338,60.2,,,57.8,,,61.8,,,67.3,0,0,0,29,13,50,0,4,0
Brenyen Scott,156181,S,SCAR STATE,4,1,0,290,59.8,,,,,,63.7,,,68.4,0,0,0,8,3,11,0,4,0
Zymir Cobbs,156182,DI,HOUCHR,9,0,0,183,59.0,,,,,,59.0,,,65.3,0,0,0,24,0,0,1,0,0
Jeshari Houston,156197,WR,ABILENE CH,5,0,0,100,,,,,,,60.0,,,68.6,0,0,0,0,0,24,0,0,0
Connor Bryan,156204,P,INCAR WORD,7,0,0,189,,,,,,,62.4,,41.4,72.5,0,0,0,0,0,0,32,0,0
Eric Weatherly,156259,WR,BUCKNELL,8,0,0,125,,,,60.2,,,58.8,56.6,,64.8,0,0,0,0,0,15,2,6,0
Mehki Wall,156261,WR,NC CENT,4,0,0,247,,,,58.7,,,60.1,53.1,,64.5,0,0,0,0,0,16,0,6,0
Jeremiah Giedrys,156263,WR,STETSON,9,0,0,302,,,,,,,50.5,,,80.8,4,0,0,0,29,27,35,31,3
Jimmy Casey,156289,TE,SACR HEART,11,0,0,280,,,71.3,60.0,,,63.9,,,63.0,0,0,36,0,0,2,0,2,0
Grant Goodman,156328,HB,MOREHEAD,7,0,0,234,,,,59.9,,,58.7,,,71.7,0,0,0,0,4,34,38,6,0
Cyrus Moss,156340,ED,PORTLAND,1,0,0,269,59.5,,,,,,59.7,,,62.4,0,0,0,2,0,0,0,0,0
Cael Vanderbush,156428,TE,INDIANA ST,4,0,0,191,,,,,,,58.4,,,70.2,0,0,0,0,0,28,0,0,0
Rashad Rochelle,156502,WR,INDIANA ST,12,0,0,191,,,,63.7,,,60.6,74.1,,67.5,0,0,0,0,2,71,0,47,0
Q'yaeir Price,156508,ED,DELAWARE,6,0,0,151,59.9,,,60.0,,,61.6,,,69.0,0,0,0,2,0,7,0,5,0
Jymetre Hester,156516,WR,BETH COOK,1,0,0,119,,,,,,,60.0,,,64.2,0,0,0,0,0,7,0,0,0
A'Ceon Cobb,156521,WR,FL A&M,3,0,0,164,,,,,,,54.5,,,68.4,0,0,0,0,12,15,0,0,0
Jahbari Hill,156529,LB,N ALABAMA,12,0,0,389,60.1,,60.0,,,,58.8,,,44.4,0,1,1,10,25,56,48,42,0
Kareem Wilson Jr.,156532,DI,RHODE ISLD,4,0,0,274,60.0,,,,,,60.3,,,64.2,0,0,0,5,0,0,0,0,0
T.J. Smith,156533,QB,N ALABAMA,1,0,0,389,,,,,,,60.0,,,61.0,0,0,0,0,0,0,1,0,0
Larry Preston,156538,CB,MURRAY ST,11,0,0,236,59.6,,,,,,65.3,,,73.8,0,0,0,35,22,0,6,0,1
Kobe Byrd,156572,CB,MS VLY ST,12,0,0,228,59.5,,,,,,63.7,,,72.0,0,0,0,42,1,0,2,2,1
Benjamin Stewart,156580,LS,PRVIEW A&M,12,0,0,270,,,23.7,,,74.2,55.8,,,29.8,0,1,52,0,0,0,70,0,1
Jaylen Ward,156599,WR,FL A&M,8,0,0,164,,,,57.9,,,60.5,,,65.5,0,0,0,0,0,16,18,0,0
Samora Ezekiel,156610,T,MONTANA ST,6,0,0,233,,,72.5,,,,64.4,,,68.5,0,0,36,0,0,0,0,0,0
Isaiah Villanueva,156611,C,JACKSON ST,12,0,0,194,,,77.9,,,,65.7,,,67.3,0,0,79,0,0,0,0,0,0
Codey Martin,156631,CB,LAMAR,8,0,0,204,59.6,,,,,,67.6,,,75.5,0,0,0,31,0,0,17,3,1
Dareon Goodrum,156640,DI,MURRAY ST,11,0,0,236,58.2,,60.0,,,,62.9,,,67.8,0,0,2,50,0,0,6,1,1
Amaari Smith,156647,CB,CHATTNOOGA,7,0,1,137,59.6,,,,,,50.0,,,73.3,0,1,0,2,5,0,12,20,1
Maximus Pulley,156648,S,WOFFORD,12,0,0,350,59.6,,,,,,56.0,,,72.7,1,0,0,49,31,1,64,2,1
Kadan Lewis,156652,DI,SE LA,8,0,0,294,58.3,,,,,,58.7,,,68.1,0,0,0,17,0,0,0,7,0
Ahmad Robinson,156655,CB,PRVIEW A&M,12,1,0,270,59.8,,,,,,65.7,,,73.0,0,0,0,19,44,0,1,6,0
Saidou Ba,156659,T,TENN STATE,1,0,0,308,,,60.0,,,,60.0,,,63.7,0,0,1,0,0,0,0,0,0
Ashtin Rustemeyer,156662,DI,LNDNWD,11,0,0,949,90.4,,,,,,92.1,,,71.2,0,0,0,36,0,0,0,1,0
Rian Black,156675,WR,RHODE ISLD,4,0,0,274,,,,,,,66.4,,,74.2,0,0,0,0,0,5,0,15,0
Kaleb Hutchinson,156677,S,MERCER,11,1,0,219,60.0,,,,,,54.1,,,29.3,3,3,0,4,63,39,43,59,4
Corey Warren,156680,DI,SAMFORD,7,0,0,282,57.9,,,,,,57.6,,,65.5,0,0,0,15,0,0,0,1,0
David Portu,156683,ED,CHARLES SO,7,0,0,135,59.9,,61.6,,,,64.3,,,67.5,0,0,10,1,0,0,0,7,0
KZ Adams,156690,HB,SCAR STATE,3,0,0,290,,,,,,,60.8,65.4,,66.4,0,0,0,0,0,1,0,15,0
Christopher Smith,156701,ED,N ARIZONA,12,0,0,252,59.9,,,,,,62.9,,,71.0,0,0,0,28,3,0,0,9,0
Tyler Hatcher,156757,TE,HAMPTON,7,0,0,178,,,62.8,59.9,,,63.8,,,74.5,0,0,11,0,0,32,0,20,0
Tristan Driggers,156766,LB,MCNEESE,10,0,0,217,60.1,,,,,,63.9,,,68.7,0,0,0,30,0,0,0,17,0
Gabe Hughes,156778,LB,MCNEESE,3,0,0,217,,,,,,,62.8,,,70.3,0,0,0,0,3,5,0,6,0
Antonio Robinson,156789,WR,MO STATE,8,0,0,230,,,,,,,63.0,,,75.1,0,0,0,0,1,42,0,0,0
Isaiah Gordon,156790,HB,CHARLES SO,4,0,0,135,,,,,,,64.8,,,71.6,0,0,0,0,0,0,0,8,0
DeMarcus McElroy,156793,HB,ST FRANCIS,7,0,0,299,,,,60.0,,,59.3,,,67.6,0,0,0,0,0,14,4,0,0
Trent Fraley,156795,C,N DAK ST,2,0,0,250,,,60.0,,,,61.4,,,66.2,0,0,4,0,0,0,3,0,0
Cam Pedro,156804,WR,SE MO ST,3,0,0,293,,,,61.8,,,61.0,,,66.6,0,0,0,0,2,3,0,0,0
Sean Sallis,156806,TE,TXAMEA,7,0,0,1139,,,,,,,69.8,,,71.8,0,0,0,0,18,11,4,13,3
Caden Burti,156807,WR,ALBANY,12,0,0,106,,,,59.9,,,59.4,,,72.2,0,0,0,0,0,63,0,1,0
Dainsus Miller,156813,CB,MERCER,11,0,1,219,73.3,,,,,,65.9,,,29.1,0,1,0,29,16,0,9,10,0
Jackson Marshall,156815,LB,GARD-WEBB,8,0,0,171,59.9,,,,,,61.3,,,65.4,0,0,0,36,0,0,20,4,0
Alhaji Kamara,156834,CB,MAINE,8,0,0,212,59.8,,,,,,46.9,,,28.9,1,1,0,24,27,0,8,7,1
Keshawn Lynch,156835,ED,NORFOLK,11,0,0,244,58.5,,62.1,,,,60.3,,,67.4,0,0,10,22,0,0,0,5,0
David Hensley,156853,C,INCAR WORD,9,0,0,189,,,76.4,,,,65.2,,,65.7,0,0,48,0,0,0,0,0,0
Matthew Johnson,156867,T,MERCER,1,0,0,219,,,60.0,,,,60.9,,,61.9,0,0,5,0,0,0,0,0,0
Blake Matthews,156872,LB,DELAWARE,11,0,0,151,60.0,,,,,,67.0,,,80.9,3,0,0,4,53,46,29,27,4
Jourden Hale-Frater,156884,C,TENN STATE,9,0,0,308,,,73.9,,,,65.2,,,75.2,0,0,47,0,0,0,0,0,0
Kaden Cobb,156897,QB,HOWARD,5,0,0,184,,,62.7,,,,61.2,,,60.8,0,0,18,0,0,0,0,0,0
Karl Odrick Jr.,156899,ED,GARD-WEBB,1,0,0,171,59.7,,,,,,60.0,,,61.8,0,0,0,1,0,0,0,0,0
Ta'ir Brooks,156919,WR,N ARIZONA,3,0,0,252,,,,,,,61.9,,,70.9,0,0,0,0,7,7,0,0,0
Dax Courtney,157031,TE,CENT ARK,3,0,0,132,,,60.0,59.9,,,38.9,,,26.1,0,1,6,0,0,9,0,0,0
L.J. Hewitt,157172,CB,CENT ARK,12,0,0,132,59.6,,,,,,60.4,,,35.4,0,1,0,36,52,1,15,1,2
Gumbo Gaskins,157183,CB,SAMFORD,6,0,0,282,60.1,,,,,,58.6,,,72.8,0,1,0,8,11,0,2,20,2
Joey Treccia,157209,C,W ILLINOIS,7,0,0,345,,,71.8,,,,65.0,,,74.8,0,0,35,0,0,0,0,0,0
Vann Schield,157212,HB,N COLORADO,8,0,0,253,,,,,,,56.1,,,75.9,0,0,0,0,12,50,8,0,0
Liam Huber,157213,CB,N COLORADO,11,0,0,253,,,,,,,70.9,,,69.9,0,0,0,0,25,0,0,18,2
Terian Williams II,157274,S,BUCKNELL,12,0,0,125,59.8,,,58.6,,,74.3,,,58.0,0,1,0,25,55,8,0,43,5
Hut Graham,157335,WR,ABILENE CH,10,0,0,100,,,,,,,61.0,,,73.8,0,0,0,0,0,47,9,10,0
Antwon Jackson,157390,CB,ARKAPB,6,0,0,112,59.6,,,,,,61.2,,,68.6,0,0,0,15,0,0,1,3,0
Jordan Norwood,157392,LB,INCAR WORD,14,0,0,189,60.0,,,,,,79.1,,,83.9,1,0,0,2,84,0,0,58,7
Isaiah Perez,157429,DI,E WASHGTON,11,0,0,161,57.4,,,,,,57.5,,,68.9,0,0,0,40,0,0,0,7,0
Brooks Maile,157434,DI,N COLORADO,4,0,0,253,58.8,,,,,,59.1,,,65.3,0,0,0,6,0,0,0,2,0
Ryan Shamburger,157512,P,INCAR WORD,7,0,0,189,,,,,,,62.0,,65.7,71.6,0,0,0,0,0,0,25,0,0
Tyler Mullins,157517,S,TENN MARTN,14,3,0,310,59.6,,,,,,79.9,,,86.3,1,0,0,14,72,0,54,59,1
DJ VanHook,157540,CB,N ARIZONA,13,0,3,252,59.5,,,,,,43.0,,,28.6,0,3,0,41,3,0,6,52,0
Omari Philyaw,157547,S,TENN TECH,11,0,0,309,60.0,,,,,,61.3,,,67.9,0,0,0,20,8,0,4,3,0
James Edwards,157548,S,TENN TECH,6,0,0,309,59.9,,,,,,56.1,,,70.2,0,0,0,2,11,0,4,9,0
Greg Gaines III,157600,WR,RHODE ISLD,6,0,0,274,59.8,,,,,,57.8,60.3,,65.3,0,0,0,4,0,2,2,4,0
Jason Essex,157601,WR,TARLETON,1,0,0,401,,,,,,,60.0,,,63.1,0,0,0,0,0,1,0,0,0
Ryder MacGillivray,157629,WR,N COLORADO,7,0,0,253,,,,,,,61.5,,,74.6,0,0,0,0,2,42,1,0,0
Kyree Moyston,157648,ED,NORFOLK,4,0,0,244,59.2,,,,,,27.7,,,24.4,0,3,0,5,0,0,0,5,0
Devin Farrell,157658,QB,RHODE ISLD,1,0,0,274,,,,,,,60.0,,60.0,63.3,0,0,0,0,0,0,1,0,0
Cam Johnson,157661,CB,STNY BROOK,8,0,0,303,59.6,,,,,,62.0,,,69.6,0,0,0,22,0,0,0,14,0
Chernet Estes,157701,WR,UTAHTC,11,0,0,1285,,,,,,,62.8,,,76.5,0,0,0,0,25,61,0,9,0
Jason Oliver,157710,CB,SACRAMENTO,7,0,0,279,60.8,,,,,,45.2,,,28.1,0,1,0,21,0,0,2,7,0
Mason Midgett,157719,LB,S DAKOTA,1,0,0,291,,,67.5,,,52.4,60.9,,,63.6,0,0,9,0,2,0,1,0,0
Dylan Dixson,157722,CB,MO STATE,12,0,0,230,59.9,,,,,,63.8,,,78.6,0,0,0,1,76,1,2,43,2
Tremel States-Jones,157864,S,RHODE ISLD,11,0,0,274,60.1,,,,,,69.3,,,75.1,1,0,0,3,44,8,15,16,3
Caeleb Schlachter,157872,TE,E KENTUCKY,12,0,0,159,,,72.6,66.5,,,62.7,,,68.1,0,0,42,0,0,35,0,0,0
Micah Bell,157984,HB,MERCER,14,0,0,219,,,,,,,70.0,,,86.0,2,0,0,0,81,58,24,83,6
Trevor Hardy,157993,S,AUSTINPEAY,4,0,0,116,59.9,,,,,,60.7,,,65.1,0,0,0,4,1,0,0,2,0
Warren Peeples,158001,ED,SE LA,11,0,0,294,58.6,,,,,,59.6,,,67.9,0,0,0,37,0,0,0,6,0
Nico Pate,158017,ED,DUQUESNE,11,1,0,155,59.4,,61.3,,,,68.2,,,77.9,1,0,9,18,24,22,28,24,3
Mason Moore,158019,S,LEHIGH,13,0,0,205,59.8,,,,,,61.1,,,39.9,1,1,0,34,1,3,37,10,2
Dawson Ripperda,158038,ED,S DAK ST,9,0,0,292,59.6,,,,,,59.8,,,64.2,0,0,0,14,0,0,0,1,0
Toriano Tate,158041,S,W ILLINOIS,10,2,0,345,59.6,,,61.0,,,61.3,,,28.8,0,1,0,4,20,70,15,0,2
Rashon Myles Jr.,158047,LB,ABILENE CH,10,0,0,100,60.0,,,,,,67.8,,,76.8,0,0,0,3,5,5,0,35,0
Hunter Ridley,158138,K,UC DAVIS,14,0,0,322,,75.4,,,,,61.7,,,67.8,0,1,76,0,0,0,0,0,0
Jeff Weimer,158146,WR,IDAHO ST,2,0,0,186,,,,,,,59.8,,,65.7,0,0,0,0,0,5,0,0,0
Nate Anderson,158161,WR,BUCKNELL,7,0,0,125,,,,54.1,,,58.8,64.4,,67.4,0,0,0,0,0,5,5,8,0
Brandon Smith,158162,T,ILL STATE,1,0,0,188,,,60.0,,,,61.0,,,62.9,0,0,5,0,0,0,0,0,0
Will McManus,158217,K,RICHMOND,13,0,0,276,,,,,61.7,,63.8,,,78.3,1,0,0,0,72,0,0,0,1
Chase Miller,158220,WR,STHLSK,7,0,0,1470,,,,59.0,,,58.7,,,65.9,0,0,0,0,0,34,0,0,0
Jovoni Borbon,158255,LS,MCNEESE,12,0,0,217,,,85.4,,,77.9,78.3,,,29.6,0,1,48,0,0,0,62,0,3
Tyler Jordan,158354,HB,W ILLINOIS,1,0,0,345,,,,,,,59.9,,,64.6,0,0,0,0,0,2,1,0,0
Richie Lankford,158356,QB,W GEORGIA,1,0,0,1177,60.0,,,,,,60.5,,,63.7,0,0,0,4,2,0,0,0,0
Nate Lewis,158357,G,AUSTINPEAY,1,0,0,116,,,60.0,,,,60.8,,,66.5,0,0,3,0,0,0,0,0,0
Ky Tayo,158367,DI,CHATTNOOGA,2,0,0,137,59.3,,,,,,60.0,,,64.2,0,0,0,2,0,0,0,1,0
Chase Carter,158377,DI,INCAR WORD,11,0,0,189,58.1,,60.0,,,,58.6,,,66.4,0,0,3,18,0,0,0,3,0
Isaiah Boyd,158408,DI,ALBANY,4,0,0,106,59.2,,,,,,59.8,,,64.7,0,0,0,4,0,0,0,1,0
Taylor Love,158419,LB,TENN TECH,12,1,0,309,60.0,,,,,,72.4,,,80.7,0,0,0,1,61,51,51,26,5
Quan Lee,158446,WR,FL A&M,2,0,0,164,,,,,,,60.2,,,65.3,0,0,0,0,0,7,0,0,0
Keahnist Thompson,158454,ED,WEBER ST,11,0,0,342,59.0,,,,,,59.9,,,66.4,0,0,0,16,0,0,0,4,0
Noah Bennee,158474,TE,WEBER ST,11,0,0,342,,,60.0,,,,56.8,,,71.1,0,0,6,0,1,59,0,0,0
Cole Pruett,158519,WR,E WASHGTON,7,1,0,161,,,,,,,76.4,,,69.5,0,0,0,0,18,0,10,0,3
Jayden Davis,158579,S,IDAHO ST,10,0,0,186,59.6,,,,,,60.5,,,67.8,1,0,0,30,8,2,11,0,1
Sam Hicks,158584,HB,ABILENE CH,14,0,0,100,,,,66.3,,,61.7,,,66.7,0,1,0,0,9,61,0,1,0
Nathan Voorhis,158637,ED,BRYANT,12,0,0,124,59.7,,,,,,61.2,,,68.3,0,0,0,37,0,0,0,5,0
A'Khoury Lyde,158702,CB,DELAWARE,9,0,0,151,60.0,,,,,,52.1,,,73.6,0,0,0,12,18,0,0,10,0
Rambo Mageo,158797,T,UTAHTC,5,0,0,1285,,,65.3,,,,62.6,,,65.7,0,0,11,0,0,0,0,0,0
Tye Edwards,158816,HB,N IOWA,2,0,0,255,,,,,,,60.0,,,67.0,0,0,0,0,1,7,0,0,0
Kai Rapolla,158920,CB,CAL POLY,9,0,0,129,61.0,,,,,,65.1,,,74.0,0,0,0,37,5,0,0,20,0
Makhi Johnson,158921,WR,CAL POLY,2,0,0,129,,,60.0,,,,61.9,,,67.5,0,0,5,0,0,6,0,0,0
Logan Booher,158922,WR,CAL POLY,1,0,0,129,,,,,,,60.0,,,63.3,0,0,0,0,0,0,1,0,0
Troy Fletcher,158925,HB,CAL POLY,2,1,0,129,,,,,,,83.7,,,70.1,0,0,0,0,0,0,8,2,1
Tyrece Fairly-Diyem,158926,WR,CAL POLY,2,0,0,129,,,,,,,58.7,,,68.6,0,0,0,0,1,14,0,0,0
Hayden Jones,158927,C,CAL POLY,9,0,0,129,,,,,,,53.8,,,64.0,0,0,0,0,0,0,46,0,0
Tyler Hoffman,158930,DI,CAL POLY,6,0,0,129,,,60.0,,,,50.9,,,28.2,0,1,5,0,0,35,0,0,0
Jake East,158933,CB,CAL POLY,11,0,0,129,60.1,,,,,,65.6,,,73.0,0,0,0,38,18,20,1,12,1
Mason Rivera,158934,S,CAL POLY,11,0,0,129,59.5,,,,,,68.2,,,75.3,0,0,0,41,34,0,0,33,4
Carson Jones,158935,LB,CAL POLY,9,0,0,129,,,,,,,50.3,,,29.3,0,1,0,0,35,57,0,0,0
Julius Jordan,158936,ED,CAL POLY,4,0,0,129,59.3,,,,,,59.5,,,64.4,0,0,0,7,0,0,0,0,0
Kenny Olson,158937,LB,CAL POLY,10,1,0,129,60.0,,,,,,45.2,,,27.8,2,3,0,11,17,23,45,15,1
Soni Finau,158938,DI,CAL POLY,10,0,0,129,58.2,,,,,,58.2,,,66.4,0,0,0,22,0,0,0,1,0
Jordan Sanders,158940,DI,CAL POLY,9,0,0,129,58.2,,64.7,,,,60.6,,,70.4,0,0,15,22,0,0,0,6,0
Brian Dukes Jr.,158941,S,CAL POLY,11,0,0,129,59.8,,,57.7,,,63.2,,,69.6,0,0,0,46,20,7,0,15,0
Jesse Ehrlich,158942,P,CAL POLY,11,0,0,129,,,65.3,,,,62.0,,56.5,64.2,0,0,38,0,0,0,6,0,0
Noah Serna,158943,K,CAL POLY,11,0,0,129,,78.8,,,70.6,,63.0,,54.3,74.1,0,0,37,0,43,0,3,0,1
Justis La'ulu,158947,DI,E WASHGTON,11,0,0,161,57.9,,,,,,57.6,,,67.6,0,0,0,23,0,0,0,3,0
Talon Betts,158951,HB,E WASHGTON,3,0,0,161,,,,,,,60.5,,,68.7,0,0,0,0,0,15,0,0,0
Myles Mayovsky,158952,LB,E WASHGTON,12,0,0,161,60.3,,,,,,66.3,,,42.4,0,1,0,24,62,79,8,17,5
Drew Carter,158954,S,E WASHGTON,12,1,0,161,,,,,,,67.5,,,76.8,1,0,0,0,72,76,0,3,4
Wesley Garrett,158955,WR,E WASHGTON,9,0,0,161,,,,,,,74.5,,,74.3,2,0,0,0,33,0,20,4,5
Dylan Conner,158960,T,E WASHGTON,3,0,0,161,,,64.6,,,,62.6,,,66.0,0,0,15,0,0,0,0,0,0
Jordan Dwyer,158967,WR,IDAHO,8,0,0,185,,,,61.8,,,60.4,56.9,,66.0,0,0,0,0,1,5,0,7,0
Spencer Fisher,158968,LB,IDAHO,8,0,0,185,,,,,,,57.3,,,28.9,1,1,0,0,31,31,33,1,2
Trais Higgins,158971,WR,IDAHO,9,0,0,185,,,,60.0,,,62.3,60.3,,69.0,0,0,0,0,5,6,0,9,0
Jack Foster,158975,T,IDAHO,3,0,0,185,,,65.5,,,,62.8,,,69.2,0,0,13,0,0,0,0,0,0
Charlie Vliem,158976,G,IDAHO,2,0,0,185,,,60.0,,,,61.5,,,67.8,0,0,5,0,0,0,0,0,0
Dylan Layne,158985,LB,IDAHO,12,1,0,185,59.9,,,,,,58.3,,,28.9,0,1,0,5,6,16,13,24,1
Mitchel Jaskowiak,158986,ED,IDAHO,8,0,0,185,,,,,,,60.2,,,65.6,0,0,0,0,0,3,11,0,0
Xavier Slayton,158988,ED,IDAHO,7,0,0,185,59.3,,,,,,62.1,,,67.6,0,0,0,8,0,0,0,9,0
Tyson Jacobson,158992,LS,E WASHGTON,12,1,0,161,,,76.7,,,72.7,73.8,,,66.1,0,0,63,0,0,0,36,0,1
Junior Damuni,158995,S,IDAHO ST,8,0,0,186,60.0,,,,,,57.7,,,28.6,0,1,0,7,4,9,4,21,1
Jareb Ramos,159002,DI,MONTANA,10,0,0,232,58.3,,,,,,58.9,,,68.0,0,0,0,13,0,0,0,3,0
Marcus Evans,159003,LB,MONTANA,1,0,0,232,,,,,,,60.9,,,65.6,0,0,0,0,1,0,0,2,0
Tyson Rostad,159006,S,MONTANA,10,1,0,232,59.8,,,,,,74.3,,,71.3,0,0,0,15,42,1,5,2,7
Ian Finch,159009,TE,MONTANA,14,0,1,232,,,,,,,47.8,,,27.9,0,2,0,0,8,14,1,55,0
Drew Klumph,159010,WR,MONTANA,14,0,0,232,,,,,,,77.3,,,78.6,1,0,0,0,84,66,0,32,8
Joe Weida,159011,TE,MONTANA,1,0,0,232,,,60.0,,,,60.5,,,61.1,0,0,3,0,0,0,0,0,0
Kade Cutler,159017,S,MONTANA,14,0,0,232,,,,,,,70.4,,,87.2,0,0,0,0,0,26,0,48,0
Micah Carreon,159020,DI,N ARIZONA,10,0,0,252,57.9,,,,,,59.8,,,75.1,0,0,0,29,0,5,0,9,0
Alani Ma'afu,159021,ED,N ARIZONA,12,0,0,252,58.4,,,,,,59.9,,,75.2,0,0,0,23,0,0,0,4,0
Warren-Stevens Tayou,159022,DI,W GEORGIA,11,0,0,1177,75.5,,,,,,83.5,,,74.1,0,0,0,33,0,0,0,7,0
Aidan Moe,159028,T,N COLORADO,5,0,0,253,,,60.7,,,,61.9,,,64.1,0,0,10,0,0,0,0,0,0
Fisher Clements,159029,TE,N COLORADO,3,0,0,253,,,,,,,61.1,,,68.0,0,0,0,0,1,12,0,0,0
Marcus Howard,159030,ED,N COLORADO,7,0,0,253,59.4,,,,,,64.7,,,73.9,0,0,0,21,0,0,0,21,0
Ezra Ekuban,159031,ED,N COLORADO,12,1,0,253,59.2,,,,,,65.7,,,70.6,0,0,0,30,8,0,0,15,0
Aliou-Rocco Traore,159032,S,N COLORADO,12,0,0,253,59.8,,,,,,70.5,,,75.6,0,0,0,28,18,0,22,20,3
LaDavion Osborn,159035,CB,N COLORADO,11,0,0,253,59.7,,,,,,65.9,,,81.1,0,0,0,35,5,4,36,36,1
Alfred Smith,159036,S,N COLORADO,1,0,0,253,,,,,,,61.8,,,66.6,0,0,0,0,5,0,0,0,0
Franky Morales,159037,S,N COLORADO,12,0,0,253,59.4,,,,,,56.2,60.3,,29.4,0,1,0,69,9,0,0,42,0
Noah Mangham,159039,CB,N COLORADO,5,0,0,253,59.5,,,,,,63.1,,,76.6,0,0,0,28,0,0,0,24,0
Hunter Green,159043,K,N COLORADO,10,2,0,253,,57.7,,,84.3,,64.3,,75.0,77.8,3,0,21,0,29,0,67,0,1
Chance Miller,159044,WR,PORTLAND,8,0,0,269,,,,,,,62.7,,,73.1,0,0,0,0,0,19,6,17,0
Peyton Wing,159047,LB,PORTLAND,11,1,0,269,59.6,,,,,,69.5,,,46.7,2,1,0,58,64,1,47,3,8
Brooks Ferguson,159048,TE,PORTLAND,10,0,0,269,,,73.6,,,,65.5,,,79.3,0,0,47,0,11,70,0,11,0
Jake Cooper,159051,C,PORTLAND,11,0,0,269,,,74.1,,,,64.7,,,67.0,0,0,51,0,0,0,0,0,0
Elias Sanders,159054,DI,PORTLAND,7,0,0,269,58.4,,,,,,58.4,,,65.6,0,0,0,14,0,3,0,1,0
Rob Silva,159055,DI,PORTLAND,11,0,0,269,,,,,,,61.2,,,67.9,0,0,0,0,0,2,47,0,0
Tanner Beaman,159056,TE,PORTLAND,10,0,0,269,,,73.1,,,,66.2,,,73.3,0,0,46,0,18,14,41,0,1
Michael Hurst Jr.,159059,CB,PORTLAND,11,2,0,269,59.6,,,,,,66.8,,,74.3,0,0,0,45,36,10,0,1,0
Anthony Tena,159060,T,PORTLAND,11,0,0,269,,,74.0,,,,64.5,,,64.1,0,0,51,0,0,0,0,0,0
Quincy Craig,159061,HB,PORTLAND,7,0,0,269,,,,60.0,,,70.4,31.8,,66.9,0,0,0,0,0,47,0,7,0
Ezriel Vasquez,159063,S,PORTLAND,10,0,0,269,59.4,,,,,,59.5,,,63.1,0,0,0,32,0,0,0,0,0
Jaylen Lynch,159064,WR,PORTLAND,1,0,0,269,,,,,,,60.0,,,62.7,0,0,0,0,0,1,0,0,0
Keegan Stancato,159069,LB,PORTLAND,10,0,0,269,,,,59.9,,,67.4,,,81.4,0,0,0,0,34,65,5,22,2
Trevian Tribble,159072,S,WEBER ST,11,1,0,342,59.8,,,59.9,,,60.3,,,71.2,0,1,0,18,2,5,21,11,1
Ashden Oberg,159074,ED,WEBER ST,1,0,0,342,59.8,,,,,,60.0,,,62.7,0,0,0,1,0,0,0,0,0
Matt Herron,159075,DI,WEBER ST,12,0,0,342,58.1,,76.4,,,,62.8,,,75.2,0,0,63,26,0,0,47,5,0
EJ Evett,159078,S,WEBER ST,10,1,0,342,59.9,,,,,,68.3,,,73.9,0,0,0,12,30,0,0,44,0
Gavin Ortega,159079,T,WEBER ST,12,0,0,342,,,75.5,,,,64.8,,,65.9,0,0,65,0,0,0,0,0,0
Marvin Session,159080,WR,WEBER ST,7,0,0,342,,,,,,,80.0,,,73.2,0,0,0,0,1,6,0,17,0
Nelson Arapa,159082,T,WEBER ST,12,0,0,342,,,76.0,,,,65.0,,,64.7,0,0,65,0,0,0,1,0,0
Montae Pate,159083,CB,WEBER ST,12,0,0,342,59.8,,,,,,57.3,,,30.0,0,1,0,21,0,0,0,54,0
Adrian Cormier,159084,HB,WEBER ST,4,0,0,342,,,,,,,61.9,,,71.8,0,0,0,0,0,15,0,2,0
Tajon Evans,159086,WR,WEBER ST,4,0,0,342,,,,,,,60.1,,,66.7,0,0,0,0,1,11,0,0,0
Jaden Thrower,159087,WR,WEBER ST,3,0,0,342,,,,,,,60.4,44.0,,67.0,0,0,0,0,1,7,0,7,0
Toddrick Dixon,159088,CB,WEBER ST,11,0,0,342,60.0,,,,,,74.9,,,74.5,1,0,0,1,18,0,31,4,4
Marcus Chretien,159089,WR,WEBER ST,2,0,0,342,,,,,,,61.4,,,67.2,0,0,0,0,0,0,0,4,0
Pierre Hunter,159091,S,WEBER ST,2,0,0,342,,,,,,,61.3,,,64.6,0,0,0,0,9,0,0,0,0
Kaelin Costello,159092,HB,DELAWARE,11,1,0,151,,,,,,,71.4,,,82.5,3,0,0,0,70,46,29,33,8
Shane Thrift,159093,CB,DELWARE ST,8,0,0,152,60.3,,,,,,56.4,,,71.8,1,0,0,10,7,0,0,17,0
Alton Dennis,159094,TE,DELAWARE,1,0,0,151,,,60.0,,,,60.0,,,63.7,0,0,1,0,0,0,0,0,0
Steven Rose Jr.,159096,S,GARD-WEBB,5,0,0,171,59.7,,,,,,59.6,,,67.9,0,0,0,17,8,0,15,0,0
Cole Schilling,159098,WR,RICHMOND,4,0,0,276,,,,,,,64.8,,,66.9,0,0,0,0,4,0,0,9,0
Bryant Ward,159100,HB,ELON,11,1,0,162,,,,,,,58.0,,,29.1,1,2,0,0,38,6,10,53,2
Brandon Tyson,159102,LB,ELON,7,0,0,162,59.9,,,,,,60.9,,,64.0,0,0,0,23,0,0,0,3,0
Chuck Nnaeto,159105,DI,ELON,12,0,0,162,57.9,,,,,,49.0,,,28.2,0,1,0,33,0,0,0,7,0
William Lankford,159106,WR,ELON,11,0,0,162,,,60.0,,,,78.0,65.1,,41.3,1,1,7,0,43,27,0,8,6
Cazeem Moore,159108,ED,ELON,12,0,0,162,58.6,,73.9,,,,60.4,60.0,,70.0,0,0,51,35,3,5,6,10,1
Dillon Pardue,159109,ED,ELON,10,0,0,162,59.2,,,59.9,,,58.8,,,70.2,0,0,0,7,0,51,0,0,0
Carlos Moore,159110,T,ELON,3,0,0,162,,,62.7,,,,62.2,,,63.9,0,0,13,0,0,0,0,0,0
Senquavious Alsobrooks,159113,CB,ELON,11,0,0,162,60.1,,,,,,54.5,,,75.1,1,0,0,28,29,15,13,11,0
Ethan Grace,159114,ED,ELON,6,0,0,162,59.3,,,,,,61.1,,,70.3,0,0,0,6,0,9,0,6,0
Marco Patierno,159115,LB,ELON,8,0,0,162,59.8,,,,,,61.5,,,63.6,0,0,0,26,0,0,0,5,0
Marcus McFarlane,159116,HB,ELON,1,0,0,162,,,,61.8,,,59.8,,,63.5,0,0,0,0,0,4,0,0,0
Ishmel Atkins,159117,S,ELON,12,1,0,162,59.7,,,,,,58.1,,,29.6,1,1,0,32,18,6,3,6,2
Jesse Powell II,159118,LB,ELON,9,0,0,162,59.7,,,,,,64.0,,,72.0,0,0,0,12,3,11,0,25,0
Timothy Hogan,159119,G,ELON,9,0,0,162,,,72.3,,,,64.1,,,65.5,0,0,45,0,0,0,0,0,0
Landyn Backey,159121,WR,ELON,2,0,0,162,,,,61.8,,,59.8,,,65.4,0,0,0,0,0,6,0,0,0
Cody Hardy,159122,TE,ELON,10,0,0,162,,,67.9,59.6,,,62.5,,,71.6,0,0,22,0,1,36,52,0,0
Anthony Martin,159123,CB,ELON,10,1,0,162,,,,,,,60.3,,,76.6,1,0,0,0,22,7,0,40,1
Nassir Young,159124,CB,MAINE,2,0,0,212,,,,,,,61.5,,,67.1,0,0,0,0,0,0,0,3,0
Rohan Jones,159125,TE,MONTANA ST,11,0,0,233,,,,59.9,,,68.0,,,78.5,0,0,0,0,11,19,4,45,0
Jack Boutaugh,159126,G,MAINE,12,0,0,212,,,75.0,,,,65.3,,,72.6,0,0,42,0,0,0,0,0,0
Sherrod Hudson,159135,LB,MAINE,12,0,0,212,,,,,,,65.7,,,77.5,1,0,0,0,53,67,0,23,1
Joey Bryson,159137,K,MAINE,12,2,0,212,,59.7,,,69.3,,63.5,,,75.3,0,0,40,0,58,0,0,0,3
Mike Hamilton,159139,DI,MAINE,2,0,0,212,60.0,,,,,,60.1,,,61.9,0,0,0,1,0,0,1,0,0
Nicolas Kalume,159140,ED,MAINE,3,0,0,212,,,,,,,64.1,,,68.4,0,0,0,0,0,1,0,10,0
Sean Pozniak,159141,T,TENN TECH,12,0,0,309,,,78.0,,,,65.6,,,64.2,0,0,56,0,0,0,0,0,0
Jamaree Gibson,159144,CB,MAINE,12,0,0,212,59.9,,,59.9,,,66.6,,,76.9,0,0,0,46,24,5,16,9,2
Daniel Gutin,159146,LB,MONMOUTH,6,0,0,231,60.0,,,,,,52.8,,,73.3,1,1,0,2,6,26,0,1,1
Brendan Bigos,159149,DI,MONMOUTH,12,0,0,231,58.5,,72.9,,,,54.1,,,28.1,0,1,43,13,0,0,33,1,0
Beau Riley,159154,T,NEW HAMP,1,0,0,240,,,60.0,,,,60.0,,,63.7,0,0,1,0,0,0,0,0,0
Peyton Strickland,159162,TE,NEW HAMP,3,0,0,240,,,60.0,,,,61.4,,,61.7,0,0,7,0,0,1,0,0,0
Jackson Stone,159163,S,NEW HAMP,13,2,0,240,,,,,,,64.5,,,82.2,5,0,0,0,63,62,60,34,8
Colby Ramshaw,159164,TE,NEW HAMP,12,0,0,240,,,73.8,47.8,,,63.1,,,70.5,0,0,48,0,1,43,0,0,0
Noah Cundiff,159166,WR,NEW HAMP,4,0,0,240,,,,,,,61.9,,,66.5,0,0,0,0,17,1,0,1,0
Cameron Garner-Young,159167,DI,NEW HAMP,10,0,0,240,58.3,,,,,,59.6,,,68.3,0,0,0,16,0,0,0,6,0
Justin Fevrier,159169,DI,NEW HAMP,9,0,0,240,,,74.2,,,,64.3,,,64.4,0,0,34,0,0,0,0,1,0
Myles Thomason,159170,HB,NEW HAMP,3,0,0,240,,,,61.8,,,60.3,63.2,,65.6,0,0,0,0,0,4,0,6,0
Quanye Veney,159174,WR,RICHMOND,13,0,0,276,,,,61.2,,,46.9,53.6,,27.9,0,1,0,0,0,51,0,14,0
Phillip Gray,159176,T,RICHMOND,13,0,0,276,,,76.7,,,,66.2,,,76.8,0,0,69,0,0,0,0,0,0
Parker Mitchell,159177,T,RICHMOND,8,0,0,276,,,71.0,,,,63.9,,,64.2,0,0,36,0,0,0,0,0,0
Sean Clarke,159178,TE,RICHMOND,13,0,0,276,,,76.2,,,,66.1,,,69.8,0,0,69,0,0,51,0,1,0
Aiden Mack,159179,TE,RICHMOND,13,0,0,276,,,76.5,,,,64.7,,,66.0,0,0,68,0,0,8,0,0,0
Trae Tomlinson,159180,CB,RICHMOND,13,0,0,276,59.6,,,,,,64.9,,,76.4,0,0,0,32,0,0,34,12,1
Jordan Allen,159181,S,RICHMOND,12,0,0,276,59.6,,,,,,58.8,,,74.0,3,0,0,14,32,16,24,7,2
D'Angelo Stocker,159182,CB,RICHMOND,7,0,0,276,59.8,,,,,,58.3,60.3,,76.5,1,0,0,9,37,0,5,24,0
Trey Mancuso,159183,WR,RICHMOND,13,0,0,276,,,,,,,54.8,,,29.7,0,1,0,0,0,50,0,31,0
Zach Chambers,159184,LB,RICHMOND,13,1,0,276,60.0,,,,,,75.4,,,82.5,1,0,0,1,73,42,0,32,4
Zion Bryson,159185,ED,RICHMOND,4,0,0,276,,,,,,,65.6,,,71.9,0,0,0,0,0,0,0,18,0
Camden Byrd,159186,ED,RICHMOND,12,0,0,276,59.4,,60.0,,,,57.3,,,69.8,0,0,1,33,4,0,0,11,0
Zach Hoerter,159189,DI,STNY BROOK,10,0,0,303,59.6,,73.8,,,,64.5,,,65.8,0,0,50,1,0,0,0,1,0
Cashton Haffery,159191,CB,STNY BROOK,4,0,0,303,60.0,,,,,,61.3,,,67.1,0,0,0,1,0,0,0,3,0
Clayton Taylor,159198,P,STNY BROOK,12,0,0,303,,,,,,,63.3,,64.2,75.1,0,0,0,0,0,0,62,0,0
Anthony Delle Donne,159203,ED,TOWSON,3,0,0,317,58.8,,,,,,58.8,,,63.9,0,0,0,4,0,0,0,0,0
Onaje Lewis,159208,LB,TOWSON,5,0,0,317,,,,,,,64.5,,,68.0,0,0,0,0,6,11,2,0,1
Zay Perkins,159212,WR,TOWSON,7,0,0,317,,,,,,,73.5,,,91.8,0,0,0,0,0,10,0,0,0
RJ Chapman,159216,CB,MERRIMACK,11,0,0,385,59.6,,,,,,60.4,,,36.3,2,1,0,30,35,0,51,32,4
Elijah Tarlton,159217,DI,TOWSON,9,0,0,317,,,,59.6,,,60.1,,,73.8,0,0,0,0,0,26,0,24,0
Aidan Cunningham,159223,T,WM & MARY,4,0,0,348,,,67.4,,,,63.3,,,68.5,0,0,20,0,0,0,0,0,0
Kadin Lynch,159224,G,WM & MARY,12,0,0,348,,,77.1,,,,66.1,,,74.0,0,0,56,0,0,0,0,0,0
Greg Klingensmith,159226,T,WM & MARY,5,0,0,348,,,66.7,,,,62.9,,,64.4,0,0,22,0,0,0,0,0,0
Carson Jenkins,159227,WR,WM & MARY,6,0,1,348,,,,63.0,,,39.3,87.5,,26.8,0,1,0,0,0,13,0,18,0
Kyle Love,159228,WR,WM & MARY,1,0,0,348,,,,59.9,,,60.0,,,61.2,0,0,0,0,0,1,0,0,0
Joseph Johnson,159229,WR,WM & MARY,1,0,0,348,,,60.0,,,,60.0,,,64.5,0,0,1,0,0,0,0,0,0
Sean McElwain,159230,TE,WM & MARY,11,0,0,348,,,73.1,,,,62.0,,,67.7,0,0,46,0,0,5,22,0,0
Owen Copeland,159231,TE,WM & MARY,11,0,0,348,,,73.9,,,,63.9,,,71.5,0,0,49,0,2,31,0,0,0
Bryce Barnes,159232,S,WM & MARY,7,0,0,348,60.2,,,,,,57.6,,,73.2,2,0,0,7,22,0,2,22,2
Desmond Cook,159233,LB,WM & MARY,10,0,0,348,59.7,,,,,,58.8,,,77.2,0,0,0,2,12,34,2,11,0
Drew Ball,159234,CB,WM & MARY,5,0,0,348,,,,,,,47.5,,,68.9,1,0,0,0,2,0,1,5,0
Stewart Harrington III,159235,ED,WM & MARY,1,0,0,348,,,,,,,60.0,,,63.4,0,0,0,0,1,0,0,0,0
Tyson Garrett,159236,HB,WM & MARY,12,0,0,348,,,,,,,66.7,,,81.1,0,0,0,0,44,21,23,45,0
Cade Mattive,159237,ED,WM & MARY,10,0,0,348,,,,,,,65.6,,,79.0,1,0,0,0,57,42,21,36,2
Kyle Reviello,159238,LB,WM & MARY,11,0,0,348,,,,,,,55.3,,,31.1,2,1,0,0,59,49,8,41,1
Christian Hamm,159239,ED,WM & MARY,11,0,0,348,59.8,,,,,,59.3,,,71.9,0,0,0,12,11,0,37,1,0
Ryan Wozniak,159240,DI,WM & MARY,8,0,0,348,59.7,,72.1,,,,64.3,,,64.8,0,0,41,1,0,0,0,2,0
Lucas Bullock,159247,HB,COLUMBIA,8,0,0,145,,,,,,,66.3,,,74.5,0,0,0,0,10,10,0,23,0
Mark Chapman,159250,C,COLUMBIA,2,0,0,145,,,63.0,,,,62.1,,,63.1,0,0,7,0,0,0,0,0,0
Ryan Carr,159253,T,COLUMBIA,5,0,0,145,,,67.6,,,,63.2,,,64.6,0,0,23,0,0,0,0,0,0
Edan Stagg,159256,WR,COLUMBIA,7,0,0,145,,,,56.9,,,61.7,,,66.1,0,0,0,0,2,18,0,8,0
Jordan Kelley,159257,WR,COLUMBIA,9,0,0,145,,,,,,,61.0,,,68.5,0,0,0,0,3,28,0,1,0
Cobe Crews,159259,CB,COLUMBIA,10,0,0,145,,,,,,,72.6,,,80.5,0,0,0,0,38,0,34,36,2
Ethan Hebb,159262,WR,COLUMBIA,9,0,0,145,,,,59.9,,,51.4,,,44.1,2,1,0,0,29,12,23,31,0
Jayden Marshall,159263,S,COLUMBIA,6,0,0,145,59.8,,,,,,70.7,,,74.7,0,0,0,8,19,12,5,19,3
Jack Smiechowski,159264,LB,COLUMBIA,8,0,0,145,59.8,,,,,,59.7,,,77.1,1,0,0,17,5,0,28,29,1
Joshua Powell,159265,ED,COLUMBIA,10,0,0,145,59.5,,,,,,62.3,,,73.3,0,0,0,27,1,2,35,13,0
Matt Gallehdari,159266,LB,COLUMBIA,9,0,0,145,,,72.4,,,,58.5,,,29.6,0,1,41,0,2,19,0,9,0
Ayden Baker,159267,ED,COLUMBIA,9,0,0,145,82.8,,,,,,87.1,,,75.5,0,0,0,27,18,0,0,22,1
Owen Thomas,159271,DI,COLUMBIA,1,0,0,145,,,,,,,59.5,,,65.4,0,0,0,0,0,5,0,0,0
Aaron Yoo,159272,LS,COLUMBIA,9,0,0,145,,,82.2,,,47.8,62.0,,,66.6,0,0,36,0,0,0,33,1,1
Parker Woodring,159274,WR,CORNELL,10,0,0,147,,,,,,,62.6,,,78.0,0,0,0,0,29,30,39,3,0
Doryn Smith,159275,WR,CORNELL,8,0,0,147,,,,,,,56.1,,,68.5,0,1,0,0,4,18,6,0,0
Johntu Reed,159276,HB,CORNELL,2,0,0,147,,,,61.8,,,60.0,,,63.0,0,0,0,0,0,1,1,0,0
AJ Holmes,159277,HB,CORNELL,9,0,0,147,,,,53.2,,,60.0,62.4,,64.7,0,0,0,0,0,54,0,5,0
Ty Short,159280,G,CORNELL,7,0,0,147,,,71.7,,,,61.1,,,65.0,0,0,24,0,0,0,5,0,0
Keegan Opper,159282,C,CORNELL,5,0,0,147,,,69.0,,,,63.2,,,61.1,0,0,26,0,0,0,0,0,0
Jackson Fortney,159285,CB,CORNELL,1,0,0,147,,,,,,,60.9,,,65.9,0,0,0,0,0,0,0,3,0
Joey Cheshire,159286,LB,CORNELL,10,1,0,147,59.6,,,,,,61.5,,,31.3,0,1,0,48,2,0,22,10,0
Jeremiah Lewis,159288,S,CORNELL,10,0,0,147,59.9,,,,,,68.6,,,72.4,0,0,0,41,19,4,0,2,2
Ben Sahakian,159289,ED,CORNELL,10,0,0,147,59.5,,,,,,66.2,,,75.8,0,0,0,15,16,41,6,18,1
James Reinbold,159290,ED,CORNELL,10,0,0,147,59.4,,60.0,,,,64.5,,,77.5,0,0,4,25,31,56,0,3,0
Daniel Amasha,159291,S,CORNELL,1,0,0,147,60.0,,,,,,60.0,,,62.9,0,0,0,1,0,0,0,0,0
Sean Polinsky,159292,S,CORNELL,6,0,0,147,59.6,,,,,,60.5,,,29.3,0,1,0,1,32,30,17,8,0
Camari Berry,159293,CB,CORNELL,10,0,0,147,59.8,,,,,,65.2,,,36.6,0,1,0,2,58,0,0,20,2
Mason Yacovelli,159294,DI,CORNELL,1,0,0,147,58.8,,,,,,58.8,,,64.2,0,0,0,6,0,0,0,0,0
Rick Coleman Jr.,159295,CB,CORNELL,6,0,0,147,59.7,,,,,,47.9,,,72.6,2,0,0,7,28,0,0,2,1
Kevin Ma,159296,C,CORNELL,6,0,0,147,,,67.3,,,75.6,59.3,,,65.0,0,0,13,0,0,0,6,0,0
Declan Ochendowski,159297,ED,CORNELL,6,0,0,147,59.4,,60.0,,,,61.2,,,65.3,0,0,7,4,0,0,0,1,0
Nico Schwikal,159298,LB,DARTMOUTH,9,0,0,148,59.1,,,,,,68.8,,,83.1,0,0,0,35,49,40,0,35,2
Yomi Babalola,159300,LB,DARTMOUTH,1,0,0,148,,,,,,,61.5,,,64.6,0,0,0,0,5,0,0,0,0
Sean Williams,159301,S,DARTMOUTH,9,0,0,148,59.9,,,61.8,,,61.6,59.1,,70.8,0,0,0,36,1,3,0,34,0
Chris Corbo,159302,TE,DARTMOUTH,7,0,0,148,,,67.8,63.5,,,64.9,,,65.4,0,0,22,0,1,4,0,0,0
Maxwell Wentz,159304,C,DARTMOUTH,7,0,0,148,,,70.4,,,,63.9,,,67.2,0,0,32,0,0,0,0,0,0
Ivan Hoyt,159305,WR,DAVIDSON,8,0,0,149,,,,,,,66.6,,,70.9,0,0,0,0,21,2,0,18,0
Tyson Grimm,159307,S,DARTMOUTH,9,0,0,148,60.3,,,,,,62.5,,,72.8,0,0,0,34,1,3,0,2,0
Dakota Quiñonez,159308,DI,DARTMOUTH,10,0,0,148,57.4,,,,,,65.8,,,69.4,0,0,0,42,0,0,25,0,0
Desmin Jackson,159309,HB,DARTMOUTH,7,0,0,148,,,,59.0,,,55.2,,,30.0,1,1,0,0,18,7,14,18,0
Zyion Brown,159310,LB,DARTMOUTH,10,1,0,148,,,,,,,74.3,,,84.6,0,0,0,0,59,49,42,46,4
D.J. Crowther,159311,HB,DARTMOUTH,4,0,0,148,,,,59.9,,,60.7,,,72.5,0,0,0,0,1,5,11,6,0
Vasean Washington,159312,G,DARTMOUTH,7,0,0,148,,,71.6,,,,64.7,,,72.1,0,0,35,0,0,0,0,0,0
Delby Lemieux,159313,T,DARTMOUTH,1,0,0,148,,,,,,,60.0,,,63.3,0,0,0,0,0,0,1,0,0
Grayson O'Bara,159314,WR,DARTMOUTH,10,1,0,148,,,,58.8,,,69.2,,,80.2,2,0,0,0,47,20,39,39,3
Daniel Haughton,159315,WR,DARTMOUTH,10,0,0,148,,,,,,,61.6,,,72.4,3,0,0,0,1,4,43,0,3
Patrick Campbell,159316,CB,DARTMOUTH,8,0,0,148,60.3,,,,,,63.1,,,73.0,0,0,0,29,2,3,0,2,0
Jamal Cooper Jr.,159317,S,DARTMOUTH,8,0,0,148,59.8,,,,,,62.1,,,70.0,0,1,0,28,2,5,0,10,0
Sean Ward,159319,TE,DARTMOUTH,10,0,0,148,,,72.0,,,,62.3,,,68.0,0,0,38,0,0,19,43,0,0
Joe Onuwabhagbe,159320,DI,DARTMOUTH,10,0,0,148,57.9,,,,,,58.9,,,69.1,0,0,0,43,0,10,0,10,0
Justin Leszynski,159323,TE,HARVARD,10,0,0,179,,,60.0,59.9,,,60.7,,,73.0,0,0,1,0,0,39,8,0,0
Caydon Coffman,159325,WR,HARVARD,8,0,0,179,,,,,,,60.4,,,70.0,0,0,0,0,0,35,0,5,0
Dean Boyd,159328,WR,HARVARD,10,0,0,179,,,,,,,66.3,,,69.7,0,0,0,0,7,44,0,0,0
Ty Bartrum,159329,S,HARVARD,9,0,0,179,60.1,,,,,,49.8,,,27.9,0,1,0,29,1,0,21,5,0
Aidan Kilstrom,159330,G,HARVARD,2,0,0,179,,,,,,,58.1,,,65.0,0,0,0,0,0,0,4,0,0
Jack Kirkwood,159331,LB,HARVARD,9,0,0,179,,,73.5,,,56.4,64.8,,,73.9,0,0,31,0,29,28,0,0,0
Xavier Agostino,159332,DI,HARVARD,5,0,0,179,59.0,,,,,,59.0,,,65.7,0,0,0,7,0,0,0,1,0
Cooper Barkate,159333,WR,HARVARD,3,0,0,179,,,,,,,59.8,60.0,,65.5,0,0,0,0,0,1,1,1,0
Jordan Dotson,159334,TE,HARVARD,10,2,0,179,,,,,,,69.1,,,80.5,2,0,0,0,58,1,35,20,3
Derek Osman,159336,T,HARVARD,1,0,0,179,,,,,,,60.0,,,63.3,0,0,0,0,0,0,1,0,0
Jaeden Kinlock,159338,LB,HARVARD,10,0,0,179,59.9,,,,,,69.7,,,75.0,0,0,0,2,49,36,36,5,2
Alex DeGrieck,159341,ED,HARVARD,9,0,0,179,59.4,,,,,,61.3,,,68.7,0,0,0,20,0,0,0,9,0
Jaden Craig,159342,QB,HARVARD,1,0,0,179,,,,,,,60.0,,60.0,63.3,0,0,0,0,0,0,1,0,0
Duke Bradley,159343,S,HARVARD,9,0,0,179,,,,,,,73.7,,,78.9,0,0,0,0,47,30,8,13,5
Aj Lopez,159344,CB,HARVARD,9,0,0,179,59.7,,,,,,59.9,,,28.8,0,1,0,4,40,0,2,18,3
Isaiah Abbey,159345,HB,HARVARD,2,0,0,179,,,,,,,61.0,,,64.1,0,0,0,0,6,0,0,0,0
Caleb Phillips,159346,LB,HARVARD,1,0,0,179,,,,,,,61.5,,,65.9,0,0,0,0,0,0,0,5,0
Jackson Newville,159347,G,HARVARD,10,0,0,179,,,76.7,,,,65.2,,,64.0,0,0,47,0,0,0,0,0,0
Carter Daly,159348,T,HARVARD,10,0,0,179,,,72.7,,,,64.4,,,65.8,0,0,47,0,0,0,0,1,0
Jacob Anderson,159350,DI,ILL STATE,14,0,0,188,58.2,,,,,,60.6,,,71.7,0,0,0,43,0,0,0,19,0
Max Ziebarth,159353,TE,ILL STATE,14,0,0,188,,,76.3,,,,67.7,,,78.7,0,0,63,0,0,69,4,31,0
MJ Cannon,159355,CB,ILL STATE,14,0,0,188,60.9,,,,,,68.6,,,77.1,0,0,0,56,0,9,6,25,1
Cal Martine,159358,FB,ILL STATE,2,0,0,188,,,,,,,59.6,,,65.0,0,0,0,0,0,4,0,0,0
Tye Niekamp,159361,LB,ILL STATE,14,0,0,188,60.1,,,,,,65.9,,,67.2,0,0,0,51,0,0,25,0,1
Christian Kirenga,159362,CB,ILL STATE,3,0,0,188,,,,,,,61.4,,,64.3,0,0,0,0,4,0,0,0,0
Rylan Crawford,159363,WR,ILL STATE,14,0,0,188,,,,61.8,,,69.2,,,80.4,0,0,0,0,70,62,0,0,0
Landon Woodard,159364,G,ILL STATE,13,0,0,188,,,78.4,,,,65.8,,,64.5,0,0,59,0,0,0,0,0,0
Kai Rios,159367,TE,INDIANA ST,10,0,0,191,,,69.4,,,,63.5,,,64.4,0,0,29,0,1,1,0,0,0
Rocco Ciocca,159369,TE,INDIANA ST,2,0,0,191,,,61.5,,,,61.8,,,63.2,0,0,9,0,0,1,0,0,0
Micah Hauser,159370,S,INDIANA ST,9,0,0,191,59.7,,,,,,60.6,,,70.5,0,0,0,33,2,0,3,0,0
Shane O'Mara,159372,G,INDIANA ST,10,0,0,191,,,71.0,,,,63.9,,,66.3,0,0,34,0,0,0,0,0,0
Alex Todt,159374,T,INDIANA ST,10,0,0,191,,,73.8,,,,64.4,,,63.6,0,0,32,0,0,0,0,0,0
Zavion Taylor,159377,WR,INDIANA ST,10,0,0,191,,,,63.2,,,59.4,,,80.6,1,0,0,0,0,57,57,0,1
Kevin Barnett,159379,WR,INDIANA ST,1,0,0,191,,,,,,,60.0,,,64.7,0,0,0,0,0,0,0,1,0
Payton Edwards,159380,CB,YNGTOWN ST,9,0,0,353,59.6,,,,,,61.4,,,70.0,0,0,0,30,0,0,0,6,0
Tony Roberts,159382,CB,INDIANA ST,8,0,0,191,59.7,,,,,,63.7,,,73.1,0,0,0,29,3,0,0,0,0
Evan Reff,159383,S,INDIANA ST,4,0,0,191,60.0,,,,,,63.0,,,71.0,0,0,0,3,2,14,0,11,0
Kolten Gajewski,159388,ED,INDIANA ST,11,0,0,191,59.8,,67.7,,,,60.0,,,70.5,0,0,22,1,0,64,23,0,0
Garret Ollendieck,159392,LB,INDIANA ST,8,0,0,191,59.9,,,,,,60.1,,,70.6,0,0,0,41,1,1,14,0,0
DJ Griffith,159393,LB,INDIANA ST,12,1,0,191,,,,,,,71.9,,,82.3,0,0,0,0,47,70,61,24,4
Dallas Westhoff,159395,LB,INDIANA ST,8,1,0,191,60.0,,,,,,50.5,,,54.7,3,1,0,10,22,31,42,32,2
Jordan Jenkins,159400,CB,INDIANA ST,2,0,0,191,59.9,,,,,,60.0,,,62.0,0,0,0,3,0,0,0,0,0
Shane Bennett,159401,DI,INDIANA ST,6,0,0,191,58.8,,,,,,58.9,,,64.2,0,0,0,7,0,0,3,0,0
Bryan Henderson II,159403,ED,INDIANA ST,4,0,0,191,59.3,,,,,,60.3,,,73.4,0,0,0,10,0,0,0,0,0
Harry Traum,159407,P,INDIANA ST,12,0,0,191,,,22.1,,,,45.1,,70.5,75.2,0,2,35,0,0,0,75,0,0
Gavin Proudfoot,159421,T,N IOWA,8,0,0,255,,,71.3,,,,64.1,,,66.7,0,0,36,0,0,0,0,0,0
Ben Kuehnast,159422,T,N IOWA,12,0,0,255,,,72.0,,,,64.0,,,65.2,0,0,43,0,0,0,0,0,0
Brady McCullough,159423,TE,N IOWA,12,4,0,255,,,61.2,,,,72.1,,,73.2,0,0,9,0,34,66,0,3,1
Keith Moko,159425,CB,N IOWA,9,0,0,255,60.0,,,,,,62.4,,,71.2,0,0,0,9,7,13,0,7,0
Rayshaun Dallas,159430,ED,N IOWA,2,0,0,255,59.8,,,,,,60.2,,,64.2,0,0,0,1,0,0,0,1,0
Caden Palmer,159433,K,N IOWA,12,0,0,255,,68.8,,,74.6,,63.2,,,74.6,0,0,43,0,51,0,0,0,4
Tate Sander,159439,S,N IOWA,10,1,0,255,59.7,,,,,,69.5,,,73.0,0,0,0,18,24,17,0,8,2
Calvin Jaworski,159440,S,N IOWA,12,0,0,255,,,,,,,66.5,,,79.6,0,0,0,0,32,72,4,6,0
Noah Pettinger,159441,P,N IOWA,12,0,0,255,,,65.8,,,,63.0,,67.4,71.6,0,0,43,0,0,0,42,0,0
Joshua Jenkins,159442,HB,N IOWA,1,0,0,255,59.6,,,,,,59.8,,,62.0,0,0,0,1,0,0,0,0,0
Luca Stanzani,159449,QB,LIUSHAR,10,0,0,1298,,,65.5,,,,61.8,,,61.1,0,0,40,0,0,0,0,0,0
Luke Kelley,159466,ED,LIUSHAR,11,0,0,1298,58.7,,73.8,,,,63.6,,,73.8,0,0,45,11,0,0,0,3,0
Bobby Lischner,159473,LS,LIUSHAR,12,2,0,1298,,,84.7,,,70.6,71.1,,,67.0,1,0,45,0,0,0,53,0,0
Will Lynch,159474,P,LIUSHAR,12,0,0,1298,,,60.0,,,,63.0,,52.4,74.0,0,0,5,0,0,0,50,0,0
Donovan Wadley,159476,WR,MERRIMACK,5,0,0,385,,,,59.5,,,60.2,,,63.5,0,0,0,0,1,17,0,0,0
Benvee Lavelah,159481,LB,ST FRANCIS,7,0,0,299,,,,,,,63.1,,,73.0,0,0,0,0,27,8,0,4,0
James Tharpe,159482,TE,ST FRANCIS,7,0,0,299,,,,,,,40.3,,,27.7,0,2,0,0,1,34,26,1,0
Connor Van Tassell,159483,T,ST FRANCIS,9,0,0,299,,,72.0,,,,64.5,,,72.3,0,0,34,0,0,0,0,0,0
Mason Imbt,159485,G,ST FRANCIS,5,0,0,299,,,63.8,,,,63.0,,,71.0,0,0,13,0,0,0,0,0,0
Brayden Porter,159487,FB,ST FRANCIS,11,0,0,299,,,,59.6,,,59.2,,,84.2,2,0,0,0,1,49,63,60,1
Etinosa Igiebor,159488,CB,ST FRANCIS,1,0,0,299,,,,,,,61.6,,,67.2,0,0,0,0,3,0,0,5,0
Nick Whitfield Jr.,159490,QB,ST FRANCIS,1,0,0,299,,,,,,,60.0,,,63.3,0,0,0,0,0,0,0,1,0
Mercury Swaim,159491,LB,ST FRANCIS,10,1,0,299,,,,,,,55.0,,,76.5,2,0,0,0,11,0,52,5,1
Lucas Winters,159494,LS,ST FRANCIS,11,0,1,299,,,74.8,,,60.8,54.7,,,28.2,2,2,34,0,0,0,67,0,2
Carter Glassmyer,159502,LB,RICHMOND,13,0,0,276,59.6,,,,,,62.9,,,69.5,1,0,0,40,60,0,39,11,1
Luke Edwards,159505,HB,ST FRANCIS,11,0,0,299,,,,,,,65.1,,,67.7,0,1,0,0,7,50,66,61,2
Trey McLeer,159506,S,ST FRANCIS,11,0,0,299,59.4,,,61.8,,,62.1,50.0,,74.2,1,0,0,33,37,6,1,11,3
Quasean Holmes,159507,HB,GARD-WEBB,12,0,0,171,,,,63.0,,,58.8,,,69.0,0,0,0,0,0,68,0,0,0
Shawn Phillips,159510,DI,ST FRANCIS,6,0,1,299,58.6,,,,,,46.5,,,27.4,0,1,0,26,0,0,0,1,0
Will Middleton,159512,LB,TOWSON,12,0,0,317,60.0,,,,,,61.6,,,73.4,0,0,0,1,9,20,43,3,1
Tyrell Ford,159513,CB,ST FRANCIS,1,0,0,299,,,,,,,60.0,,,66.0,0,0,0,0,0,0,0,1,0
Jayden Brown,159516,CB,WAGNER,12,0,0,338,59.4,,,,,,70.5,,,73.1,0,0,0,25,42,0,0,14,4
Mo Vanderwiel,159524,LB,SAN DIEGO,11,4,0,283,60.0,,,,,,71.9,,,47.8,0,1,0,1,67,41,44,52,4
Nick Karika,159528,DI,DELAWARE,10,0,0,151,57.8,,,,,,58.4,,,71.6,0,0,0,35,0,5,0,5,0
Terry Charles,159531,DI,WAGNER,3,0,0,338,59.4,,,,,,60.2,,,66.0,0,0,0,2,0,0,0,1,0
Jorel Liverpool,159534,ED,WAGNER,12,0,0,338,58.6,,60.0,,,,62.1,,,70.7,0,0,7,35,0,0,0,26,0
Franklin Simms,159542,DI,WAGNER,12,0,0,338,59.0,,70.3,,,,62.3,,,67.9,0,0,34,19,0,0,30,4,0
Joseph Taikina,159545,LS,WAGNER,8,0,0,338,,,77.3,,,64.8,65.5,,,65.4,1,0,23,0,0,0,23,0,1
Arman Kabuli,159546,T,WAGNER,1,0,0,338,,,60.0,,,,60.0,,,63.4,0,0,1,0,0,0,0,0,0
Derek Burrell,159547,WR,WAGNER,3,0,0,338,,,,,,,61.1,,,69.6,0,0,0,0,0,6,0,8,0
Zach Palmer-Smith,159550,HB,RICHMOND,1,0,0,276,,,,,,,60.0,,,65.9,0,0,0,0,0,0,0,2,0
Jeff Nyamekye,159556,WR,WAGNER,1,0,0,338,,,,,,,60.0,,,63.5,0,0,0,0,0,0,0,1,0
David Lonergan,159559,HB,WAGNER,12,0,0,338,,,,,,,60.4,,,70.7,0,0,0,0,2,58,0,0,0
Prinz Guitian,159563,G,WAGNER,3,0,0,338,,,66.6,,,,62.8,,,63.8,0,0,12,0,0,0,0,0,0
Salvatore Cali,159569,DI,WAGNER,1,0,0,338,60.0,,,,,,60.0,,,61.7,0,0,0,1,0,0,0,0,0
Ian Umansky,159576,TE,WAGNER,5,0,0,338,,,60.0,59.9,,,50.2,,,68.2,0,1,1,0,0,18,0,0,0
Sam Okeyo,159577,LB,WAGNER,10,0,0,338,59.9,,,,,,59.1,,,76.4,1,0,0,3,6,35,31,19,0
Van Keen,159584,C,YNGTOWN ST,12,0,1,353,,,77.3,,,,60.5,,,28.7,0,1,57,0,0,0,0,0,0
Keon Freeman,159585,LB,ROB MORRIS,12,0,0,277,58.5,,,,,,60.9,,,68.1,0,0,0,40,0,1,0,12,0
Aaron Rice,159590,WR,E ILLINOIS,2,0,0,158,,,,,,,59.8,,,65.7,0,0,0,0,0,7,0,0,0
Jay Pearson,159593,HB,E ILLINOIS,11,0,0,158,,,,61.3,,,59.5,,,70.6,0,0,0,0,1,59,0,0,0
Johnathan Arellano,159596,T,E ILLINOIS,5,0,0,158,,,69.4,,,,63.4,,,63.5,0,0,18,0,0,0,0,0,0
Bryce Burnett,159600,T,E ILLINOIS,4,0,0,158,,,,,,,55.7,,,64.2,0,0,0,0,0,0,13,0,0
Alex Ginnever,159606,TE,E ILLINOIS,12,0,0,158,,,68.0,,,,64.6,,,72.7,0,0,23,0,0,73,23,3,1
NiJhay Burt,159609,CB,E ILLINOIS,12,0,0,158,59.5,,,,,,63.5,,,78.9,0,0,0,57,2,1,5,41,0
Cody Silzer,159613,ED,E ILLINOIS,6,0,0,158,59.5,,60.0,,,,85.3,,,71.3,0,0,1,2,0,0,0,12,0
Brett Galletti,159616,LS,E ILLINOIS,11,0,0,158,,,26.9,,,22.7,43.5,,,66.5,2,0,31,0,0,0,44,0,1
Darrell Smith,159621,HB,SE MO ST,10,0,0,293,,,,52.4,,,59.6,,,67.3,0,0,0,0,0,42,0,0,0
Kobe Sixkiller,159622,C,SE MO ST,6,0,0,293,,,60.8,,,,51.4,,,65.7,0,0,5,0,0,0,22,0,0
Joedrick Lewis,159624,CB,SE MO ST,1,0,0,293,,,,59.6,,,60.8,,,67.3,0,0,0,0,3,3,1,0,0
Henry Pickens,159625,CB,DUQUESNE,6,0,0,155,59.7,,,,,,62.9,,,70.6,0,0,0,4,6,6,0,19,0
JaQori Williams,159626,S,SE MO ST,6,2,0,293,,,,,,,71.3,,,77.3,1,0,0,0,31,21,18,12,2
Braden Thompson,159629,TE,SE MO ST,2,0,0,293,,,60.0,,,,62.2,,,69.6,0,0,8,0,0,0,0,0,0
Kryon Downing,159630,WR,SE MO ST,9,0,0,293,,,,57.7,,,59.5,,,30.0,0,1,0,0,0,8,29,11,1
Latrevion Thompson,159632,ED,SE MO ST,4,0,0,293,59.3,,,,,,59.4,,,63.0,0,0,0,5,0,0,0,0,0
Nolan Reed,159635,TE,SE MO ST,13,0,0,293,,,76.8,,,,65.1,,,61.3,0,0,75,0,0,0,0,0,0
Cam Lawson,159637,C,LNDNWD,1,0,0,949,,,60.0,,,,60.0,,,61.6,0,0,1,0,0,0,0,0,0
Joel Logan,159638,ED,ALAB A&M,6,0,0,104,59.6,,,,,,62.9,,,71.3,0,0,0,11,0,2,0,10,0
Nasim Cairo,159639,DI,SE MO ST,13,0,0,293,58.5,,,,,,59.6,,,71.0,0,0,0,37,0,23,36,10,0
Tony Failla,159640,G,LNDNWD,7,0,0,949,,,73.0,,,,64.2,,,63.8,0,0,29,0,0,0,0,0,0
Aquarius Winston Jr.,159641,S,SE MO ST,10,0,0,293,,,,,,,65.3,,,74.6,0,0,0,0,27,0,0,31,0
Tyson Miller,159643,G,SE MO ST,2,0,0,293,,,63.2,,,,62.3,,,64.0,0,0,14,0,0,0,0,0,0
Rashad Turner,159646,T,SE MO ST,5,0,0,293,,,72.3,,,,56.4,,,27.6,0,1,29,0,0,0,0,0,0
Jordan Gant,159654,HB,TENN STATE,12,1,0,308,,,,62.8,,,68.1,,,76.1,0,0,0,0,27,55,65,0,4
Craig Cunningham,159655,HB,TENN STATE,13,2,0,308,,,,64.3,,,63.2,,,29.6,2,2,0,0,69,59,69,47,11
Dion Villiers,159666,S,TENN STATE,7,0,0,308,60.0,,,,,,61.4,,,67.9,0,0,0,24,1,3,0,2,0
Micah Gay,159671,LB,TENN STATE,2,0,0,308,60.0,,,,,,60.1,,,65.7,0,0,0,1,0,1,1,0,0
Connor Ridderhoff,159680,LS,TENN STATE,4,0,0,308,,,72.8,,,72.3,64.7,,,62.4,0,0,15,0,0,0,0,0,0
Steven Ballard,159691,LB,TENN MARTN,14,2,0,310,,,,,,,65.3,,,30.2,1,1,0,0,79,63,26,0,6
Austin Bray,159694,TE,YNGTOWN ST,12,0,0,353,,,74.7,59.9,,,62.5,,,67.9,0,0,57,0,0,37,0,0,0
LaMarion Pierce,159699,CB,TENN MARTN,12,0,0,310,59.7,,,,,,61.5,,,70.3,0,0,0,30,0,1,1,6,0
Kaleb Almo,159705,CB,TENN MARTN,4,0,0,310,59.9,,,,,,59.5,,,73.0,0,0,0,1,2,19,3,8,0
Bryce Dailey,159707,ED,TENN MARTN,7,0,0,310,59.9,,,,,,66.8,,,69.1,0,0,0,4,0,13,10,3,1
Charles Perkins,159709,DI,TENN MARTN,12,0,0,310,58.0,,,,,,60.3,,,71.1,0,0,0,35,0,0,0,16,0
Joel Castleberry,159712,S,TENN MARTN,14,1,0,310,59.8,,,,,,66.2,,,83.8,2,0,0,6,75,61,67,62,5
Terayon Sweet,159713,HB,TENN MARTN,1,0,0,310,,,,,,,60.1,,,63.5,0,0,0,0,0,2,0,0,0
Alex Brown,159714,WR,BUCKNELL,10,0,0,125,,,,,,,66.2,,,81.1,0,0,0,0,19,56,46,35,1
Josh Gary,159715,WR,BUCKNELL,6,0,0,125,,,,59.9,,,60.1,,,68.4,0,0,0,0,2,13,1,1,0
Derrick Anderson Jr.,159716,WR,BUCKNELL,10,0,0,125,,,,,,,68.9,,,76.0,1,0,0,0,0,8,42,27,2
Kieran Coscia,159721,T,BUCKNELL,11,0,0,125,,,78.0,,,,65.2,,,64.5,0,0,56,0,0,0,1,0,0
D.K. Kim,159723,T,BUCKNELL,2,0,0,125,,,61.2,,,,61.9,,,68.7,0,0,7,0,0,0,0,0,0
John Ohnegian,159726,C,BUCKNELL,1,0,0,125,,,,,,,60.0,,,63.3,0,0,0,0,0,0,1,0,0
Charlie Kreinbucher,159727,TE,BUCKNELL,4,0,0,125,,,,,,,58.9,,,65.5,0,0,0,0,0,10,1,0,0
Luke Freeman,159728,LB,BUCKNELL,12,1,0,125,,,,,,,73.8,,,47.6,1,1,0,0,62,65,0,41,9
Roman Pearson,159729,CB,BUCKNELL,12,1,0,125,59.7,,,,,,67.3,,,78.5,0,0,0,46,29,3,0,39,0
Bradley Pao,159730,S,BUCKNELL,12,1,0,125,,,,,,,71.0,,,79.5,0,0,0,0,27,67,0,0,3
Donquarius Parker,159732,ED,NC CENT,7,0,0,247,59.7,,,,,,59.7,,,73.6,0,0,0,5,0,10,0,3,0
Jack Goheen,159733,LB,BUCKNELL,3,0,0,125,60.1,,,,,,60.7,,,64.3,0,0,0,4,0,0,0,1,0
Ashton Sempervive,159734,ED,BUCKNELL,4,0,0,125,59.7,,,,,,60.0,,,64.1,0,0,0,6,0,0,0,0,0
Daniel Sierk,159735,ED,BUCKNELL,3,0,0,125,59.6,,,,,,28.4,,,64.9,0,0,0,1,0,0,10,0,0
Ryan Jedlicka,159736,LS,BUCKNELL,11,0,0,125,,,81.8,,,63.1,67.9,,,66.8,0,0,55,0,0,0,51,0,1
Matt Schearer,159737,P,BUCKNELL,12,0,0,125,,61.3,,,59.8,,63.4,,54.9,74.3,0,0,61,0,1,0,55,0,0
Matt Karic,159738,P,BUCKNELL,12,0,0,125,,,67.2,,52.0,,62.4,,,64.5,0,0,62,0,9,0,0,0,2
Dean DeNobile,159740,QB,LAFAYETTE,2,0,0,203,,,,,,,60.0,,60.0,64.5,0,0,0,0,0,0,1,0,0
Jamar Curtis,159741,HB,LAFAYETTE,3,0,0,203,,,,58.9,,,60.0,,,63.7,0,0,0,0,0,3,1,0,0
Tighe Cummiskey,159743,LB,LAFAYETTE,12,0,0,203,,,,,,,67.1,,,79.7,0,0,0,0,45,60,31,39,1
Brian Baucia,159745,G,LAFAYETTE,5,0,0,203,,,68.9,,,,63.6,,,70.0,0,0,18,0,0,0,0,0,0
Reed Collins,159746,G,LAFAYETTE,9,0,0,203,,,71.0,,,,63.1,,,64.4,0,0,36,0,0,0,1,0,0
Spencer Adams,159747,C,LAFAYETTE,7,0,0,203,,,72.8,,,,64.0,,,71.7,0,0,31,0,0,0,1,0,0
Elijah Steward,159749,WR,LAFAYETTE,3,0,0,203,,,,58.9,,,58.7,,,64.4,0,0,0,0,0,5,1,1,0
Dallas Holmes,159750,TE,LAFAYETTE,7,0,0,203,,,70.2,,,,62.8,,,63.8,0,0,30,0,0,0,1,0,0
Trey Watkins,159751,CB,LAFAYETTE,1,0,0,203,,,,,,,60.2,,,65.7,0,0,0,0,0,6,0,0,0
Jalen Edwards,159752,CB,LAFAYETTE,11,2,0,203,59.6,,,,,,82.9,,,74.6,0,0,0,9,55,0,4,1,2
Taylor Smallwood,159753,CB,CHATTNOOGA,6,1,0,137,59.6,,,,,,64.6,,,72.9,0,0,0,14,21,3,5,6,0
Bryson Bright,159755,LB,LAFAYETTE,9,0,0,203,59.8,,,,,,75.2,,,68.8,0,0,0,6,21,0,0,7,3
Ian Langan,159756,LB,LAFAYETTE,9,0,0,203,60.0,,,,,,70.2,,,76.2,0,0,0,4,18,8,6,23,1
Jack Bayly,159757,LB,LAFAYETTE,1,0,0,203,60.0,,,,,,60.0,,,61.1,0,0,0,1,0,0,0,0,0
Owen Ordonez,159758,ED,LAFAYETTE,6,0,0,203,59.9,,,,,,61.5,,,71.4,0,0,0,2,0,20,0,8,0
Tyree Morris,159759,DI,LAFAYETTE,11,0,0,203,76.7,,66.8,,,,84.2,,,69.2,0,0,19,37,0,0,0,8,0
Dylan Aguilera,159761,LS,LAFAYETTE,12,0,0,203,,,85.0,,,81.2,65.5,,,27.4,0,3,46,0,0,34,38,0,2
Geoffrey Jamiel,159763,WR,LEHIGH,8,0,0,205,,,,63.2,,,66.7,62.2,,90.6,0,0,0,0,1,6,1,8,0
Langston Jones,159766,G,LEHIGH,13,0,0,205,,,78.1,,,,65.2,,,64.5,0,0,57,0,0,0,1,0,0
Aidan Palmer,159770,T,LEHIGH,1,0,0,205,,,,,,,60.0,,,63.3,0,0,0,0,0,0,1,0,0
Jaden Wimberly,159771,WR,HAMPTON,5,0,0,178,,,,,,,62.1,,,69.2,0,0,0,0,6,14,1,5,0
Nick Williams,159772,TE,LEHIGH,7,0,0,205,,,70.0,,,,62.6,,,62.5,0,0,30,0,0,1,1,0,0
Brycen Edwards,159774,LB,LEHIGH,13,1,0,205,59.9,,,,,,69.7,,,73.8,1,0,0,35,59,0,0,13,5
Tyler Ochojski,159776,ED,LEHIGH,12,0,0,205,58.8,,,,,,61.0,,,74.2,0,0,0,36,1,3,0,11,0
Nick Peltekian,159777,S,LEHIGH,13,0,0,205,59.8,,,,,,61.6,71.1,,73.1,0,0,0,31,1,5,0,49,0
Jackson Dowd,159778,S,LEHIGH,13,0,0,205,60.0,,,,,,57.5,,,77.1,1,0,0,34,10,11,44,11,0
Jasuah Philemon,159780,ED,LEHIGH,2,0,0,205,59.5,,,,,,59.7,,,63.0,0,0,0,2,0,0,0,0,0
T.J. Burke,159782,DI,LEHIGH,12,0,0,205,58.2,,60.0,,,,60.0,,,74.6,0,0,1,28,0,0,0,10,0
Matt Spatny,159783,ED,LEHIGH,11,0,0,205,58.9,,,61.8,,,48.2,,,27.6,0,2,0,26,1,4,33,9,0
Quentin Joyner,159784,DI,LEHIGH,12,0,0,205,57.9,,,,,,59.1,,,73.8,0,0,0,26,0,0,0,6,0
Canaan Kimball,159785,P,LEHIGH,3,0,0,205,,61.8,,,,,60.0,,,62.9,0,0,3,0,0,0,0,0,0
Nick Garrido,159786,K,LEHIGH,13,0,0,205,,75.5,,,60.1,,61.4,,,67.3,0,0,54,0,1,0,0,0,0
David LaGanga,159787,LS,LEHIGH,13,0,0,205,,,87.4,,,87.1,73.0,,,66.6,1,0,57,0,0,0,45,0,0
Dan Kowaleski,159788,LB,DAYTON,11,0,0,150,,,,,,,65.3,,,54.0,0,1,0,0,17,46,50,9,2
Camden Overton-Howard,159794,TE,GARD-WEBB,12,0,0,171,,,74.8,54.8,,,64.4,,,66.4,0,0,55,0,5,4,3,0,0
Jaden Jude,159796,WR,CHATTNOOGA,2,0,0,137,,,,,,,61.8,,,66.5,0,0,0,0,6,2,0,1,0
Jestin Gilmore,159799,ED,CHATTNOOGA,12,0,0,137,59.1,,,,,,59.1,,,39.6,0,1,0,3,43,54,48,30,1
Alex Mitchell,159800,LB,CHATTNOOGA,12,0,0,137,58.6,,,,,,46.0,,,68.7,0,0,0,33,0,0,51,19,0
Kendall Jackson,159801,LB,CHATTNOOGA,5,0,0,137,60.0,,,,,,55.6,,,71.4,1,0,0,1,9,0,1,13,0
Montrell Henderson,159803,DI,CHATTNOOGA,12,0,0,137,59.1,,78.4,,,,65.3,,,68.2,0,0,61,14,0,0,0,5,0
Ethan Harris,159805,WR,FURMAN,4,0,0,170,,,,,,,60.5,,,66.2,0,0,0,0,0,14,0,0,0
Ben Ferguson,159806,WR,FURMAN,6,0,0,170,,,,,,,66.0,62.2,,68.3,0,0,0,0,0,2,0,19,0
Jayquan Smith,159808,HB,FURMAN,1,0,0,170,,,,,,,60.9,,,69.4,0,0,0,0,0,8,0,0,0
Eli Brasher,159810,T,FURMAN,8,0,0,170,,,71.8,,,,64.5,,,71.9,0,0,35,0,0,0,0,0,0
Charles Ingram V,159812,CB,FURMAN,10,0,0,170,59.3,,,,,,56.4,,,32.8,0,1,0,37,25,0,18,32,0
Tre McLeod,159813,S,FURMAN,10,0,0,170,59.8,,,,,,62.4,,,68.7,0,0,0,48,26,5,11,11,0
Dylan Chiedo,159814,ED,FURMAN,4,0,0,170,59.7,,,,,75.6,46.5,,,27.4,0,1,0,1,0,24,4,0,0
Caleb Williams,159815,S,FURMAN,11,1,0,170,59.8,,,,,,62.5,,,71.9,1,0,0,63,1,5,39,19,1
Malachi Harrison,159817,DI,FURMAN,5,0,0,170,,,,,,,62.9,,,68.1,0,0,0,0,0,0,0,5,0
Riley Clark,159820,WR,FURMAN,6,0,0,170,,,,,,,44.1,,,27.7,0,1,0,0,0,0,0,20,0
Harrison Wood,159823,LB,RICHMOND,1,0,0,276,,,,,,,60.0,,,62.4,0,0,0,0,1,0,0,0,0
Jakeman Pendleton,159825,S,FURMAN,2,0,0,170,,,,,,,63.2,,,70.4,0,0,0,0,11,0,0,5,0
Jalen Gummer,159826,S,FURMAN,11,0,0,170,60.0,,,,,,64.8,,,84.6,0,0,0,3,48,70,51,24,0
Ben Croasdale,159830,HB,FURMAN,9,0,0,170,,,,,,,63.8,,,35.3,0,1,0,0,43,3,6,20,1
CJ Miller,159836,HB,MERCER,3,0,0,219,,,,,,,63.7,,,65.2,0,0,0,0,1,4,0,0,0
Isaiah Washburn,159837,ED,MERCER,3,0,0,219,60.0,,,,,,59.8,,,70.6,0,0,0,1,0,0,5,0,0
Cedric Richardson,159839,G,W GEORGIA,8,0,0,1177,,,73.3,,,,64.4,,,64.5,0,0,47,0,0,0,0,0,0
Eli Edwards,159842,T,MERCER,14,0,0,219,,,77.3,,,,66.3,,,76.7,0,0,75,0,0,0,0,0,0
Sawyer Burt,159847,TE,MERCER,14,0,0,219,,,76.3,,,,65.0,,,61.4,0,0,70,0,0,0,0,0,0
Chris Joines,159848,S,MERCER,13,0,0,219,59.5,,,,,,63.7,,,74.4,0,0,0,44,2,17,0,31,0
Myles Weston,159850,CB,MERCER,7,0,0,219,59.7,,,,,,82.3,,,72.3,0,0,0,8,15,0,5,5,3
Juwan Johnson,159852,S,MERCER,7,0,0,219,59.9,,,,,,69.9,,,71.6,1,0,0,6,34,11,0,2,6
Christian Hanson,159853,ED,MERCER,11,0,0,219,59.8,,,,,,62.1,,,68.3,0,0,0,15,0,1,1,8,0
Isaac Prince,159854,LB,MERCER,10,0,0,219,60.0,,,,,,72.6,,,74.8,0,0,0,2,52,12,0,10,3
Arias Nash,159856,DI,MERCER,12,0,0,219,58.9,,,,,,59.9,,,68.9,0,0,0,33,0,0,0,6,0
Caden Camese,159857,DI,MERCER,12,0,0,219,58.5,,,,,,61.6,,,74.6,0,0,0,14,0,1,10,10,0
Barrett Schmidlkofer,159858,FB,BUTLER,12,0,0,127,,,76.7,,,,65.0,,,64.5,0,0,69,0,0,0,1,0,0
Mic Wasson,159859,LB,MERCER,14,1,0,219,60.0,,,,,,60.2,60.0,,60.5,6,1,0,2,79,61,67,78,9
Drew Clare,159863,LB,MERCER,12,2,0,219,,,60.0,,,,63.5,,,29.6,0,1,1,0,65,50,0,8,2
Bryce Addison,159876,K,MERCER,3,0,0,219,,,,,37.9,,60.9,,,71.7,0,0,0,0,15,0,0,0,1
Justin Brett,159878,C,MERCER,2,0,0,219,,,60.0,,,,60.4,,,62.2,0,0,3,0,0,0,0,0,0
Joshua Williams,159879,ED,MERCER,2,0,0,219,60.0,,,,,,60.0,,,61.5,0,0,0,2,0,0,0,0,0
Tommy Bliss,159881,S,MERCER,14,1,0,219,59.7,,,,,,68.8,,,29.7,2,2,0,6,81,59,29,83,8
Tripp Slaton,159883,LB,MERCER,12,0,1,219,,,,,,,80.8,,,34.1,0,1,0,0,46,23,8,44,4
Albert Redd,159888,LB,NC CENT,10,0,0,247,60.1,,,,,,67.4,,,61.4,0,1,0,5,52,38,0,38,1
Chauncey Spikes,159896,WR,NC CENT,8,0,0,247,,,,60.0,,,68.3,,,70.6,0,0,0,0,9,9,14,3,1
Seven Warren,159897,G,NC CENT,3,0,0,247,,,61.5,,,,62.0,,,67.7,0,0,6,0,0,0,0,0,0
Luke Bracey,159898,TE,NC CENT,11,0,0,247,,,75.4,59.4,,,63.7,,,71.5,0,0,58,0,0,46,0,0,0
Noah McKinney,159899,C,NC CENT,4,0,1,247,,,69.2,,,,42.6,,,25.5,0,2,17,0,0,0,0,0,0
Trevon Humphrey,159901,T,NC CENT,11,0,0,247,,,20.7,,,,30.4,,,28.7,0,1,57,0,0,0,0,0,0
Dante Thompson,159904,G,ROB MORRIS,11,0,0,277,,,76.0,,,,65.2,,,67.2,0,0,45,0,0,0,0,0,0
Trey Woods,159906,ED,ROB MORRIS,10,0,0,277,59.7,,,,,,63.0,,,68.5,0,0,0,17,6,0,0,9,0
Mitchell Robinson Jr.,159912,LB,ROB MORRIS,9,1,0,277,60.0,,,,,,68.1,,,70.6,0,0,0,1,42,1,0,0,0
Tahseen Howard,159916,CB,ROB MORRIS,12,1,1,277,59.7,,,,,,57.0,75.3,,28.7,0,2,0,5,49,32,0,71,1
Jake Bobbin,159919,G,ROB MORRIS,7,0,0,277,,,72.3,,,,64.5,,,71.3,0,0,29,0,0,0,0,0,0
Ross Bobbin,159920,T,ROB MORRIS,5,0,0,277,,,67.0,,,,63.0,,,64.4,0,0,23,0,0,0,0,0,0
Trevor Wilson,159921,TE,ROB MORRIS,4,0,0,277,,,61.6,,,,62.1,,,64.8,0,0,12,0,8,2,0,0,0
Zach Tanner,159923,QB,ROB MORRIS,9,0,0,277,,,64.9,,,,61.7,,,61.0,0,0,34,0,0,0,0,0,0
Garrison Curry,159925,TE,PRESBYTERN,10,0,0,271,,,70.9,,,,63.5,,,63.0,0,0,34,0,0,2,0,0,0
Tayshaun Mayfield,159926,TE,ROB MORRIS,10,0,0,277,,,,,,,59.8,,,71.2,0,0,0,0,0,41,42,1,0
Nate Garnett Jr.,159927,WR,MOREHEAD,6,0,0,234,,,,59.4,,,60.7,92.0,,65.3,0,0,0,0,0,6,0,11,0
Malcolm Bennett,159931,T,ROB MORRIS,6,0,0,277,,,70.1,,,,64.0,,,72.9,0,0,27,0,0,0,0,0,0
Robert Dickerson,159933,CB,ROB MORRIS,12,1,0,277,,,,63.5,,,68.3,,,29.1,0,2,0,0,34,24,60,61,4
Zach Weber,159935,LS,ROB MORRIS,12,1,0,277,,,84.7,,,91.3,72.9,,,67.3,0,0,45,0,0,0,61,0,0
Samuel Cornett,159943,T,WOFFORD,12,0,0,350,,,70.9,,,,63.5,,,73.5,0,0,34,0,0,40,1,12,0
AJ Colombo,159947,WR,W CAROLINA,11,0,0,344,59.8,,,57.6,,,59.5,57.8,,69.7,0,0,0,2,0,56,0,42,0
Antoine Bell,159950,TE,NC A&T,3,0,0,246,,,,,,,62.8,,,70.0,0,0,0,0,1,6,0,6,0
Ken Moore Jr.,159952,CB,W CAROLINA,11,0,0,344,85.3,,,58.2,,,83.0,60.0,,29.0,1,1,0,35,0,9,19,1,1
Ja'morri Downing,159955,S,W CAROLINA,7,0,0,344,60.0,,,,,,48.4,,,69.4,3,0,0,2,22,15,0,1,1
Ed Jones IV,159957,S,W CAROLINA,5,0,0,344,59.9,,,,,,64.7,,,69.6,1,0,0,6,17,1,1,3,2
Samaurie Dukes,159958,S,W CAROLINA,10,0,0,344,59.5,,,,,,61.6,,,66.1,0,0,0,32,0,0,0,12,0
Jordy Lowery,159961,CB,W CAROLINA,12,0,0,344,88.2,,,,,,86.6,,,73.3,0,0,0,54,1,0,0,20,0
Jhamari Pierre-Louis,159962,S,W CAROLINA,11,0,0,344,59.9,,,,,,63.0,,,73.0,0,0,0,16,2,25,0,10,0
Christian Murphy,159965,LB,W CAROLINA,2,0,0,344,,,,,,,60.1,,,64.7,0,0,0,0,1,1,0,0,0
Lee Campbell,159966,S,W CAROLINA,2,1,0,344,,,,,,,67.1,,,67.4,0,0,0,0,8,6,0,0,0
Justin Wallace,159968,ED,W CAROLINA,12,0,0,344,59.4,,,,,,65.3,,,35.7,1,2,0,5,78,32,51,29,4
Antarron Turner,159969,LB,W CAROLINA,12,0,0,344,59.7,,,,,,65.3,,,76.2,0,0,0,34,9,5,39,37,1
Richard Garrett,159970,ED,W CAROLINA,7,0,0,344,59.3,,,,,,60.7,,,66.4,0,0,0,7,0,0,0,4,0
Hayward McQueen Jr.,159971,LB,W CAROLINA,11,0,0,344,59.9,,,,,,71.3,,,73.3,0,0,0,29,16,1,5,24,3
Brandon Smiley,159973,DI,ELON,8,0,0,162,58.4,,,,,,58.5,,,65.2,0,0,0,12,0,0,0,1,0
Wisdom Simms,159974,DI,NC CENT,5,0,0,247,90.2,,,,,,91.4,,,71.3,0,0,0,11,0,0,0,2,0
Corbin Shirley,159979,K,W CAROLINA,1,0,0,344,,60.0,,,,,60.0,,,61.7,0,0,1,0,0,0,0,0,0
Blue Monroe,159982,LB,W CAROLINA,11,2,0,344,60.0,,,59.9,,,69.3,,,77.8,1,0,0,23,38,24,33,5,2
Isaac McLellan,159985,TE,W CAROLINA,12,2,0,344,,,62.0,59.9,,,69.2,,,30.0,3,1,10,0,79,41,51,5,4
Don Robinson III,159988,CB,W CAROLINA,1,0,0,344,60.0,,,,,,60.0,,,61.1,0,0,0,1,0,0,0,0,0
Cam Smith,159993,WR,WOFFORD,3,0,0,350,,,,,,,61.4,,,71.6,0,0,0,0,0,17,0,0,0
Dylan Djete,159994,WR,WOFFORD,1,0,0,350,,,,,,,60.5,,,66.7,0,0,0,0,0,0,0,3,0
Kyle Parsons,159997,HB,WOFFORD,12,0,0,350,,,,60.6,,,70.8,,,76.4,0,0,0,0,0,64,64,2,2
Clayton Hixon,160002,C,WOFFORD,1,0,0,350,,,,,,,60.0,,,63.3,0,0,0,0,0,0,0,0,0
Bryson Dickerson,160006,TE,W GEORGIA,11,0,0,1177,,,76.5,,,,63.8,,,76.1,0,0,62,0,0,57,50,0,0
Javis Mynatt,160007,S,WOFFORD,11,0,0,350,59.9,,,,,,63.4,,,70.3,0,0,0,21,0,0,0,17,0
R.J. Brunson,160008,CB,WOFFORD,12,1,0,350,60.0,,,,,,69.7,,,85.1,1,0,0,4,31,60,56,27,3
Nick Morgan,160010,S,WOFFORD,5,0,0,350,59.8,,,,,,61.6,,,29.4,0,1,0,15,17,2,19,4,1
Jalen Marshall,160011,LB,WOFFORD,12,1,0,350,60.3,,,,,,64.1,,,84.1,1,0,0,48,49,1,64,14,4
David Powers,160012,LB,WOFFORD,10,0,0,350,60.1,,,,,,63.5,,,68.5,0,0,0,36,5,0,0,10,0
Jon Schaffer,160013,LB,WOFFORD,12,0,0,350,59.9,,,58.0,,,68.1,,,78.6,1,0,0,2,47,64,64,19,2
Bridger Jones,160019,K,WOFFORD,2,0,0,350,,71.6,,,68.2,,61.0,,60.0,69.4,0,0,8,0,11,0,1,0,0
Devery Cagle,160020,K,WOFFORD,12,0,0,350,,68.5,60.0,,,,61.2,,,65.5,0,0,34,0,0,0,1,0,0
Blake Shirley,160021,LS,WOFFORD,2,0,0,350,,,,,,23.5,61.6,,,64.2,1,0,0,0,0,0,9,0,1
King Ambers,160026,CB,TXAMEA,12,0,0,1139,59.4,,,,,,62.9,,,28.9,0,3,0,27,7,25,48,48,3
Mitchell McGarry,160028,P,TXAMEA,12,0,0,1139,,,60.0,,,,52.9,,66.7,29.9,0,2,3,0,0,0,70,0,0
Brock Nellor,160032,QB,TXAMEA,11,0,0,1139,,,65.8,,,,61.5,,,27.8,0,1,43,0,0,3,9,0,1
Jaden Proctor,160039,WR,TXAMEA,3,0,0,1139,,,,59.4,,,57.0,61.6,,65.1,0,0,0,0,0,7,0,4,0
Dawson Hearne,160040,TE,TARLETON,14,0,0,401,,,77.1,,,,63.7,,,70.2,0,0,73,0,0,49,60,0,0
Jewelz-Unique Demps,160045,S,TXAMEA,12,1,0,1139,,,,,,,67.0,,,75.9,0,0,0,0,54,8,3,1,0
Clifford Funderburk,160046,ED,TXAMEA,7,0,0,1139,58.3,,,,,,59.4,,,70.8,0,0,0,23,0,0,0,3,0
Micah Owens,160047,DI,TXAMEA,10,0,0,1139,58.0,,72.8,,,,62.0,,,75.9,0,0,40,18,0,0,0,3,0
Jonathan Spurlock,160054,K,TXAMEA,2,0,0,1139,,,,,61.2,,60.0,,,69.4,0,0,0,0,7,0,0,0,0
Chandler Donaway,160059,G,TXAMEA,1,0,0,1139,,,60.0,,,,61.4,,,67.3,0,0,5,0,0,0,0,0,0
EJ Oakmon,160061,HB,TXAMEA,6,0,0,1139,,,,,,,61.3,,,28.8,0,1,0,0,23,0,31,14,2
Christian Shaw,160073,CB,TXAMEA,12,0,0,1139,59.5,,,,,,65.1,,,81.1,0,0,0,28,0,0,22,49,0
Caleb Sims,160074,ED,TXAMEA,12,0,0,1139,58.8,,72.6,,,,62.5,,,67.7,0,0,43,17,0,0,52,2,0
Kyree Anderson,160075,LB,TXAMEA,12,0,0,1139,59.7,,,,,,61.8,,,69.7,0,0,0,54,0,13,0,18,0
Patrick Brown Jr.,160079,DI,TXAMEA,6,0,0,1139,58.2,,,,,,42.8,,,26.7,0,1,0,14,0,0,0,0,0
Max Epps,160080,S,TXAMEA,12,0,0,1139,60.0,,,,,,63.1,,,73.1,0,0,0,63,0,0,0,40,0
Dorian Gates,160081,ED,TXAMEA,12,0,1,1139,59.0,,,,,,55.3,,,28.4,0,1,0,21,26,0,0,6,1
Peyton Ellis,160083,T,TXAMEA,5,0,0,1139,,,68.0,,,,63.2,,,64.6,0,0,26,0,0,0,0,0,0
Josiah Kennard,160084,LS,TXAMEA,12,0,0,1139,,,85.0,,,87.2,87.5,,,67.6,0,0,46,0,0,0,70,0,3
Anthony Gray,160086,DI,TXAMEA,12,0,0,1139,57.7,,,,,,57.8,,,68.9,0,0,0,38,0,0,0,4,0
Sean-Krystoff King,160087,S,TXAMEA,12,0,0,1139,59.6,,,,,,59.7,,,81.7,1,0,0,20,47,12,0,41,0
Darlington Frasch,160092,HB,TXAMEA,10,0,0,1139,,,,,,,59.9,,,74.5,0,0,0,0,1,53,0,10,0
Lavon Williams,160093,S,TXAMEA,10,0,0,1139,59.4,,,,,,60.3,,,66.7,0,0,0,46,0,0,0,11,0
Nonso Omezi,160100,G,HOUCHR,12,0,0,183,,,74.9,,,,63.9,,,65.0,0,0,57,0,0,0,11,0,0
Warren Robinson,160101,ED,TXAMEA,12,0,0,1139,58.8,,,,,,60.5,,,74.3,0,0,0,41,0,0,0,5,0
Jaden Rios,160106,CB,TXAMEA,12,0,0,1139,59.3,,,62.8,,,46.3,,,28.1,0,2,0,52,0,19,15,6,0
Brandon Tucker,160109,LB,TXAMEA,12,0,0,1139,59.4,,,,,,62.2,,,71.3,0,0,0,60,1,0,0,9,0
Kendall Paul,160113,CB,TXAMEA,12,0,0,1139,60.1,,,,,,63.3,61.0,,76.3,0,0,0,63,1,0,0,11,0
Kody Finley,160115,WR,NWSTATE,5,0,0,257,,,,,,,59.7,,,69.4,0,0,0,0,0,37,0,0,0
Rodeo Graham Jr.,160117,HB,SE LA,12,0,0,294,,,,59.9,,,57.3,,,75.2,1,0,0,0,24,58,1,5,0
Logan Potter,160119,G,SE LA,12,0,0,294,,,74.8,,,,65.5,,,75.7,0,0,53,0,0,0,0,0,0
KK Reno,160125,LB,SE LA,10,0,0,294,59.9,,,,,,59.8,,,73.3,0,0,0,43,0,0,28,6,0
Shemar Pearl,160126,ED,SE LA,11,0,0,294,58.9,,73.5,,,,62.9,,,71.4,0,0,46,36,0,0,0,5,0
Rowan Briggs,160128,ED,SE LA,7,0,0,294,59.3,,,,,,59.6,,,66.4,0,0,0,9,0,5,0,1,0
Charles Hill,160130,ED,SE LA,6,0,0,294,59.0,,,,,,59.9,,,72.6,0,0,0,11,0,0,0,1,0
Kaleb Proctor,160131,DI,SE LA,12,0,0,294,57.6,,,,,,59.3,,,71.7,0,0,0,39,0,0,58,10,0
Riley Callaghan,160132,K,SE LA,11,0,0,294,,73.2,,,,,61.3,,,66.8,0,0,49,0,0,0,0,0,0
Ke'Nard King,160134,WR,NWSTATE,8,1,0,257,,,,60.7,,,70.0,65.8,,75.9,5,0,0,0,18,30,51,25,5
Matt Mabry,160142,G,NWSTATE,3,0,0,257,,,60.3,,,,60.3,,,67.1,0,0,5,0,0,0,1,0,0
Donald Johnson Jr.,160149,CB,NWSTATE,1,0,0,257,,,,,,,69.2,,,68.1,0,0,0,0,3,0,4,0,0
Christian Hawkins,160151,LB,NWSTATE,10,0,0,257,59.6,,,,,,63.6,,,80.0,0,0,0,16,10,78,8,16,1
Danny Sears,160158,LB,NWSTATE,8,0,0,257,60.2,,,,,,63.9,,,72.5,0,0,0,60,0,0,0,21,0
Sawyer Benson,160167,LS,NWSTATE,12,1,0,257,,,,,,65.2,64.9,,,68.6,1,0,0,0,0,0,95,0,2
Kameran Senegal,160173,WR,MCNEESE,12,0,0,217,,,,56.9,,,52.8,,,73.2,0,1,0,0,21,12,3,22,0
Jo'Shon Barbie,160174,HB,MCNEESE,4,0,0,217,,,,,,,61.7,,,68.8,0,0,0,0,8,0,2,0,0
Cole LeClair,160183,G,MCNEESE,11,0,0,217,,,75.6,,,,64.9,,,64.1,0,0,41,0,0,0,0,0,0
Hayes Creel,160187,T,MCNEESE,12,0,0,217,,,73.8,,,,56.1,,,28.0,0,1,50,0,0,0,0,0,0
Greg Knox,160188,T,MCNEESE,4,0,0,217,,,62.7,,,,62.2,,,64.6,0,0,12,0,0,0,0,0,0
Tyronne Hayes,160191,TE,MCNEESE,10,0,0,217,,,71.7,59.6,,,59.9,,,29.0,0,2,38,0,29,43,0,10,2
Crajaun Bennett,160193,CB,MCNEESE,12,0,0,217,59.8,,,,,,65.2,,,77.8,0,0,0,8,13,0,0,38,0
Jake Held,160196,S,MCNEESE,12,1,0,217,59.8,,,,,,60.1,,,52.7,1,1,0,17,47,0,30,41,1
Joe Ward,160197,S,MCNEESE,1,0,0,217,,,,,,,60.2,,,65.0,0,0,0,0,0,0,0,3,0
Jordan Toaston,160198,LB,MCNEESE,9,1,0,217,60.0,,,,,,65.8,,,69.2,0,0,0,9,15,3,0,1,0
Phillip Bradford,160201,ED,MCNEESE,12,0,0,217,58.9,,74.7,57.5,,,65.5,,,76.4,0,0,50,8,0,37,62,22,0
Sedric Applewhite,160202,ED,MCNEESE,7,0,0,217,59.5,,,,,,64.9,,,68.6,0,0,0,3,0,0,0,16,0
Mase Lewis,160203,ED,MCNEESE,10,0,0,217,58.7,,,,,,60.3,,,68.6,0,0,0,33,0,0,4,10,0
Covadis Knighten,160213,TE,GRAMBLING,10,0,0,177,,,69.9,,,,62.2,,,69.2,0,0,29,0,6,5,55,0,1
Dedrick Talbert,160214,HB,GRAMBLING,12,0,0,177,,,,59.4,,,51.0,,,28.8,0,1,0,0,0,54,22,5,0
Jaden Handy,160215,HB,GRAMBLING,4,0,0,177,,,,,,,63.4,,,69.9,0,1,0,0,2,19,0,1,0
Patrick Marshall,160220,S,GRAMBLING,12,0,0,177,60.0,,,,,,72.1,,,73.7,0,0,0,18,42,0,0,14,2
Kareem Burke,160224,WR,ARKAPB,7,0,0,112,,,,63.3,,,63.7,64.4,,67.1,0,0,0,0,9,41,0,9,1
Nay'Ron Jenkins,160230,LB,FL A&M,12,0,0,164,60.0,,,,,,70.0,,,75.6,0,0,0,45,1,13,37,22,2
Tommy Bridgewater Jr.,160233,C,FL A&M,10,0,0,164,,,72.2,,,,64.1,,,65.3,0,0,44,0,0,0,0,0,0
Jalon Howard,160234,WR,FL A&M,12,0,0,164,,,,,,,46.5,,,29.9,1,2,0,0,19,18,11,30,2
Khalil Hunter,160235,ED,FL A&M,5,1,0,164,59.5,,,,,,54.0,,,70.8,2,0,0,2,14,5,0,1,1
Lamar Clark,160239,CB,FL A&M,5,0,0,164,59.6,,,,,,63.4,,,72.6,0,0,0,1,15,8,3,9,0
Jaland Lewis-Horton,160253,LB,ALABAMA ST,9,0,0,105,,,,,,,71.8,,,74.0,0,0,0,0,42,23,0,1,3
Maurice LaPierre,160255,ED,ALABAMA ST,11,0,0,105,80.9,,,,,,91.5,,,75.6,0,0,0,32,0,0,0,39,0
Za'lien Henry,160256,LB,ALABAMA ST,11,1,1,105,,,,,,,47.9,,,32.3,5,2,0,0,58,36,42,22,3
Grant DeGraffenreid,160259,LB,ALABAMA ST,12,5,0,105,60.0,,,,,,79.7,,,61.3,3,1,0,1,61,6,65,50,8
Marcus Harris,160261,HB,ALABAMA ST,1,0,0,105,,,,,,,60.5,,,64.6,0,0,0,0,2,0,0,0,0
Kanye Varner,160262,ED,ALABAMA ST,9,0,1,105,58.6,,,,,,35.2,,,26.4,0,2,0,18,0,4,0,8,0
Bakari Dailey,160263,WR,ALABAMA ST,3,0,0,105,,,,,,,59.8,,,66.9,0,0,0,0,0,3,0,3,0
Pius Njenge,160274,ED,GARD-WEBB,8,0,0,171,58.7,,60.0,,,,59.7,,,65.9,0,0,1,11,0,0,6,2,0
Byron Mathis,160275,DI,HOUCHR,4,0,0,183,59.0,,,,,,59.0,,,64.2,0,0,0,11,0,0,0,0,0
Dylan Walker,160324,TE,ALBANY,10,0,0,106,,,15.7,,,,37.3,,,69.9,0,0,31,0,0,14,11,0,0
Melvin Davis,160327,HB,CAMPBELL,9,0,0,131,,,,,,,68.0,,,73.5,0,0,0,0,27,38,0,15,0
Chaney Fitzgerald,160330,WR,CAMPBELL,1,0,0,131,,,,,,,60.0,,,64.4,0,0,0,0,0,0,0,1,0
Shannon Henry,160333,WR,CAMPBELL,4,0,0,131,60.0,,,,,,62.5,,,74.1,0,0,0,1,0,20,6,12,0
Paul Hutson III,160334,ED,CAMPBELL,12,0,0,131,77.3,,,,,,89.1,,,70.1,0,0,0,54,0,0,0,0,0
Molik Mason,160340,T,CAMPBELL,10,0,0,131,,,73.2,,,,58.1,,,28.9,0,1,43,0,0,0,22,0,0
Adam McIntosh,160342,TE,CAMPBELL,7,0,0,131,,,,,,,62.5,,,71.5,0,0,0,0,0,23,0,9,0
Davyn Reid,160347,WR,CAMPBELL,2,1,0,131,,,,,,,64.0,,,71.5,0,0,0,0,3,4,10,3,0
Tyquez Royal,160352,CB,W CAROLINA,12,2,0,344,59.8,,,,,,60.7,,,30.0,2,3,0,12,79,61,49,30,5
Edric Weldon,160355,S,CAMPBELL,10,2,0,131,60.0,,,,,,66.2,,,76.5,1,0,0,4,31,33,0,2,1
VJ Wilkins,160356,WR,CAMPBELL,9,0,0,131,,,,53.2,,,60.0,,,64.5,0,0,0,0,1,53,0,0,0
Idris Williams,160357,S,CAMPBELL,6,0,0,131,59.9,,,,,,64.2,,,75.5,0,0,0,2,18,13,3,8,0
Seth Adams,160362,TE,SE LA,12,0,0,294,,,65.2,,,,62.5,,,68.7,0,0,16,0,0,0,58,0,0
Amonte Jones,160398,WR,NC A&T,4,0,0,246,59.9,,,,,,60.7,65.1,,66.0,0,0,0,1,0,0,0,15,0
Anthony Rucker,160399,TE,NC A&T,6,0,0,246,,,,,,,63.5,,,67.9,0,0,0,0,0,0,0,15,0
Bryson Ruddy,160401,LS,NC A&T,12,0,0,246,,,64.9,,,59.8,59.2,,,65.1,0,0,34,0,0,0,19,0,0
Christopher Abraham,160405,DI,NC A&T,7,0,0,246,57.9,,,,,,57.8,,,71.3,0,0,0,20,0,0,0,1,0
Derrick Brinton II,160414,WR,NC A&T,8,0,0,246,,,,,,,57.0,,,80.1,0,0,0,0,9,53,8,9,0
Steven Davis II,160415,S,NC A&T,12,0,1,246,59.3,,,,,,58.3,,,45.3,4,1,0,31,41,9,50,30,3
Jay Underwood,160418,FB,NC A&T,3,0,0,246,,,,,,,47.0,,,27.4,0,1,0,0,6,14,6,0,0
Jelani King-Leverett,160419,ED,NC A&T,10,0,0,246,91.1,,,,,,90.4,,,72.4,0,0,0,4,18,13,0,12,0
Jonathan Kimbrough-Campbell,160422,S,NC A&T,8,0,0,246,59.6,,,,,,51.6,,,28.8,0,1,0,14,3,13,9,18,0
Joshua George,160424,TE,NC A&T,8,0,0,246,,,64.4,,,,61.7,,,64.5,0,0,15,0,0,5,0,0,0
Christopher Allen Jr.,160425,DI,NC A&T,9,0,0,246,73.8,,,,,,81.0,,,70.1,0,0,0,33,0,0,0,5,0
Malich Jacobs,160429,LB,NC A&T,10,0,0,246,59.7,,,,,,52.1,,,70.0,1,0,0,17,5,7,29,0,0
Sincere Burnette,160430,LB,NC A&T,1,0,0,246,,,,,,,61.2,,,68.8,0,0,0,0,0,0,0,3,0
Tyshon Bullock,160432,DI,NC A&T,4,0,0,246,59.2,,,,,,60.2,,,74.8,0,0,0,6,0,0,0,0,0
Wesley Misenheimer,160433,ED,NC A&T,12,1,0,246,60.0,,,,,,68.6,,,70.7,1,0,0,1,39,0,0,13,3
Luke Daly,160436,WR,VILLANOVA,12,0,0,334,,,,,,,60.1,,,70.2,0,0,0,0,0,51,7,0,0
Chris Dobrydney,160437,WR,VILLANOVA,12,0,0,334,,,,,,,65.1,,,74.7,0,0,0,0,4,7,9,28,0
Julian Glantz,160438,HB,VILLANOVA,13,0,0,334,,,,59.6,,,66.6,,,79.9,0,0,0,0,35,38,0,23,2
Turner Inge,160439,LB,VILLANOVA,14,2,0,334,59.6,,,,,,74.6,,,87.1,1,0,0,7,67,59,66,43,5
Colin Kennedy,160440,LB,VILLANOVA,6,0,0,334,,,,,,,60.0,,,66.1,0,0,0,0,0,21,0,0,0
Tanner Maddocks,160443,QB,VILLANOVA,9,0,0,334,,,,,,,61.2,57.6,,67.1,0,0,0,0,0,0,0,40,0
Josh Oluremi,160448,S,VILLANOVA,1,0,0,334,60.0,,,,,,60.0,,,63.6,0,0,0,1,0,0,0,0,0
Garrett Rogan,160449,S,VILLANOVA,12,0,0,334,60.0,,,,,,63.1,,,71.8,0,0,0,20,7,37,0,15,0
Jack Ryder,160450,QB,VILLANOVA,11,0,0,334,,,65.9,,,,61.9,,,61.1,0,0,44,0,0,0,0,0,0
Jaylan Sanchez,160451,WR,VILLANOVA,14,1,0,334,,,,,,,43.2,,,78.1,0,0,0,0,8,3,65,0,1
JR Strauss,160453,LB,VILLANOVA,14,0,0,334,90.6,,75.0,,,,89.1,,,47.5,0,1,57,20,40,57,4,47,3
Quin Whalen,160455,C,VILLANOVA,11,0,0,334,,,76.5,,,,65.2,,,64.2,0,0,46,0,0,0,0,0,0
Isaiah Wright,160456,HB,VILLANOVA,8,0,0,334,,,,63.0,,,45.8,,,28.0,0,1,0,0,0,2,0,22,0
Jon Wyatt,160457,CB,VILLANOVA,3,0,0,334,59.8,,,,,,62.5,,,68.8,0,0,0,3,0,0,0,10,0
Ryan Corbett,160458,WR,COLGATE,1,0,0,142,,,,,,,62.4,,,71.0,0,0,0,0,0,0,0,5,0
Nick Dalessandro,160460,T,COLGATE,1,0,0,142,,,,,,,60.0,,,61.8,0,0,0,0,0,0,1,0,0
Brady Hutchison,160464,WR,COLGATE,9,0,0,142,,,,59.9,,,64.6,68.3,,67.9,0,0,0,0,0,37,0,18,0
Zaven Koltookian,160466,ED,COLGATE,1,0,0,142,59.6,,,,,,59.8,,,62.0,0,0,0,1,0,0,0,0,0
Cole Kozlowski,160467,LB,COLGATE,12,0,0,142,60.1,,72.8,,,,71.1,,,75.7,0,0,44,57,36,15,39,5,3
Justin Lawrence,160468,CB,COLGATE,7,0,0,142,59.7,,,,,,62.7,,,68.7,0,0,0,10,2,0,0,7,0
Terry Mowrey,160471,LS,COLGATE,2,0,0,142,,,,,,83.8,58.2,,,63.9,1,0,0,0,0,0,7,0,0
Mason Mozo,160472,TE,COLGATE,12,0,0,142,,,73.1,,,,63.8,,,63.6,0,0,44,0,0,3,0,0,0
Danny Norocea,160473,DI,COLGATE,6,0,0,142,58.5,,,,,,58.8,,,65.9,0,0,0,17,0,0,0,2,0
Zach Osborne,160474,QB,COLGATE,6,0,0,142,,,63.0,,,,61.3,,,61.1,0,0,20,0,0,0,1,0,0
Dane Picariello,160475,ED,COLGATE,12,0,0,142,73.6,,,,,,81.5,,,70.8,0,0,0,52,0,0,0,4,0
Caleb Procaccini,160476,LB,COLGATE,9,0,0,142,,,,,,,59.0,,,70.6,0,0,0,0,3,53,0,0,0
Brian Rawls Jr.,160477,S,COLGATE,8,0,0,142,60.0,,,,,,65.0,,,70.0,0,0,0,1,0,0,0,23,0
Miles Salinas,160478,T,COLGATE,12,0,0,142,,,72.1,,,,63.3,,,68.0,0,0,44,0,0,0,50,0,0
Taitwoine Sanders,160479,S,COLGATE,4,0,0,142,60.0,,,,,,49.4,,,67.6,1,0,0,6,4,4,0,3,0
Jariyah Sawyer,160481,WR,COLGATE,8,0,0,142,,,,58.8,,,62.6,,,71.6,0,0,0,0,0,41,0,20,0
Dave Thomson,160482,TE,COLGATE,12,0,0,142,,,73.7,59.4,,,62.2,,,73.5,0,0,44,0,0,71,0,0,0
Sean Allison,160484,LB,DRAKE,12,1,1,153,59.8,,,,,,68.0,,,48.0,1,1,0,34,61,2,47,1,6
Trystan Anderson,160485,ED,DRAKE,12,0,0,153,59.1,,,,,,59.8,,,71.6,0,0,0,39,0,0,0,6,0
Jacob Auen,160486,DI,DRAKE,10,0,0,153,76.3,,73.0,,,,82.6,,,75.6,0,0,41,31,0,0,0,2,0
J.R. Flood,160492,LB,DRAKE,11,0,0,153,,,,,,,54.2,,,71.2,2,0,0,0,50,0,39,0,5
Duke Frye,160493,DI,DRAKE,2,0,0,153,59.7,,,,,,60.0,,,64.5,0,0,0,8,0,0,0,0,0
Nathan Henry,160494,G,DRAKE,1,0,0,153,,,,,,,60.0,,,63.3,0,0,0,0,0,0,0,0,0
Taj Hughes,160495,WR,DRAKE,8,0,0,153,,,,56.2,,,60.0,,,64.2,0,0,0,0,0,30,0,0,0
Mitchell January,160496,WR,DRAKE,6,0,0,153,,,,59.9,,,63.6,,,69.5,0,0,0,0,12,2,0,5,0
Nolan Korzeniowski,160499,DI,DRAKE,12,0,0,153,74.0,,74.2,,,,80.7,,,74.5,0,0,51,38,0,0,0,1,0
Tyler Nansel,160503,TE,DRAKE,11,0,0,153,,,60.0,,,,62.2,,,75.1,0,0,2,0,0,28,24,14,0
Parker Olthoff,160505,TE,DRAKE,12,0,0,153,,,74.2,,,,64.1,,,67.3,0,0,51,0,0,3,0,5,0
Collin Schremp,160509,ED,DRAKE,1,0,0,153,,,,,,,59.7,,,66.1,0,0,0,0,0,0,0,2,0
Nathan VanDeWoestyne,160513,T,DRAKE,11,0,0,153,,,73.7,,,,65.1,,,75.1,0,0,46,0,0,0,0,0,0
Brett Welsing,160515,LS,DRAKE,12,0,0,153,,,56.4,,,56.8,58.2,,,29.5,0,1,53,0,0,0,50,0,0
Tommy Williams,160517,CB,DRAKE,10,0,0,153,60.0,,,,,,56.3,,,73.5,1,0,0,1,45,2,0,9,1
Benjamin Wilson,160518,S,DRAKE,7,0,0,153,60.0,,,,,,65.8,,,77.1,0,0,0,2,25,24,0,9,1
Luke Woodson,160519,HB,DRAKE,12,1,0,153,,,66.5,,,,68.6,,,67.4,0,0,52,0,19,2,8,1,1
Derrick Brown Jr.,160523,DI,HOWARD,10,0,0,184,75.9,,,,,,80.2,,,74.0,0,0,0,26,0,0,0,24,0
Cam Dyson,160526,LB,HOWARD,11,0,0,184,60.1,,,,,,60.6,,,72.8,1,0,0,25,28,2,49,7,3
Kaleb Gallop,160527,S,HOWARD,11,0,0,184,59.6,,,59.9,,,68.6,,,76.9,0,0,0,8,0,55,47,11,2
Kedrick Green,160528,S,HOWARD,12,1,0,184,59.8,,,,,,74.0,,,29.5,1,2,0,11,31,53,54,40,2
Derrick Hartley Jr.,160529,CB,HOWARD,9,0,0,184,59.8,,,59.9,,,55.5,,,28.4,0,2,0,10,36,6,1,33,1
Jahlil Warren,160530,CB,HOWARD,2,1,0,184,59.9,,,,,,63.0,,,67.9,1,0,0,1,5,8,0,0,0
Cam May,160532,T,HOWARD,4,0,0,184,,,61.1,,,,60.9,,,65.5,0,0,11,0,0,0,1,0,0
Judah McJimpsey,160534,LB,HOWARD,11,1,0,184,59.8,,,,,,63.1,,,73.3,0,0,0,20,10,44,9,10,0
Noah Miles,160535,ED,HOWARD,11,0,0,184,78.4,,71.8,,,,84.7,,,73.8,0,0,35,40,0,0,0,8,0
Brock Morgan,160537,LB,HOWARD,1,0,0,184,60.0,,,59.9,,,61.5,,,68.0,0,0,0,3,4,6,0,0,0
J. Augustus Olidge,160539,CB,HOWARD,6,0,0,184,59.6,,,,,,65.5,,,69.5,0,0,0,13,4,0,4,11,1
Reggie Reed Jr.,160543,ED,HOWARD,10,0,0,184,59.1,,69.6,,,,61.9,,,66.1,0,0,28,20,0,0,0,3,0
Tavaris Ross,160544,C,HOWARD,2,0,0,184,,,60.0,,,,61.2,,,67.2,0,0,4,0,0,0,0,0,0
Jason Seraphin,160546,DI,HOWARD,8,0,0,184,83.0,,,,,,90.2,,,67.3,0,0,0,17,0,0,0,4,0
Breylin Smith,160547,WR,HOWARD,1,0,0,184,,,,,,,60.0,61.0,,62.8,0,0,0,0,0,0,0,2,0
Luciano Corpora-Ellis,160556,S,MOREHEAD,12,0,0,234,60.3,,,59.4,,,52.9,,,30.0,1,1,0,16,47,32,19,23,0
Shyhiem Drew,160557,WR,MOREHEAD,1,0,1,234,,,,,,,29.9,,,25.3,0,1,0,0,0,2,0,3,0
Alex Herrera Jr.,160559,CB,MOREHEAD,9,0,0,234,,,,,,,68.4,,,74.9,0,0,0,0,39,9,0,7,1
Kaleb Lyons,160564,S,E ILLINOIS,4,0,0,158,60.0,,,,,,66.3,,,73.5,0,0,0,1,10,22,10,0,1
Matthew McClelland,160565,S,MOREHEAD,12,0,0,234,60.0,,,,,,60.8,,,68.7,0,0,0,41,1,3,0,11,0
Caleb Tillman,160572,WR,MOREHEAD,2,0,0,234,,,,,,,60.0,,,64.0,0,0,0,0,0,6,0,0,0
Ben Bogle,160580,LB,S ILLINOIS,12,0,0,295,59.7,,,,,,61.3,,,72.4,0,0,0,46,5,24,0,13,0
Desman Hearns,160586,S,S ILLINOIS,10,0,0,295,59.7,,,,,,61.9,,,74.7,0,0,0,48,34,55,0,3,0
Jimmy Lansing,160587,T,S ILLINOIS,1,0,0,295,,,60.0,,,,60.0,,,63.7,0,0,1,0,0,0,0,0,0
Miles Marshall,160589,TE,S ILLINOIS,12,0,0,295,,,72.6,,,,57.8,,,71.0,1,0,43,0,1,69,56,0,2
Cory McCalip,160591,S,S ILLINOIS,5,1,0,295,,,,,,,64.1,,,67.3,0,0,0,0,14,3,0,1,0
Chase Reeves,160593,K,S ILLINOIS,1,0,0,295,,60.0,,,61.3,,60.0,,,66.7,0,0,1,0,3,0,0,0,0
Ro Abercrombie,160598,TE,TENN STATE,12,0,0,308,,,71.1,,,,60.2,,,79.5,0,0,35,0,0,57,60,38,0
Dorian Collier,160608,HB,FL A&M,6,1,0,164,,,60.0,,,,59.9,,,69.3,2,0,2,0,23,10,0,4,4
Jahvonte Hair,160625,CB,LIUSHAR,10,0,0,1298,59.5,,,,,,61.9,,,76.8,1,0,0,29,35,0,18,27,1
Jonathan Tejada,160669,G,DELWARE ST,10,0,0,152,,,69.4,,,,63.5,,,65.0,0,0,31,0,0,0,0,0,0
Saxon Wright,160679,DI,N COLORADO,4,0,0,253,59.4,,,,,,61.7,,,67.6,0,0,0,2,0,0,0,6,0
Kendrick Milford,160720,ED,INDIANA ST,9,0,0,191,59.1,,,,,,59.5,,,66.8,0,0,0,23,0,0,0,0,0
Asa Wondeh,160754,WR,TENN MARTN,1,0,0,310,,,,,,,59.4,,,67.6,0,0,0,0,0,0,5,0,0
Quaydarius Davis,160757,WR,SOUTHERN U,1,0,0,297,,,,,,,60.0,,,63.2,0,0,0,0,0,0,1,0,0
Jelani Davis,160758,DI,SOUTHERN U,10,0,0,297,58.8,,,,,,61.5,,,71.7,0,0,0,17,0,0,0,17,0
Joanes Fortilien,160760,WR,JACKSON ST,4,0,0,194,,,,,,,61.4,,,68.1,0,0,0,0,0,14,0,5,0
Jalin Hughes,160763,CB,STF AUSTIN,2,0,0,301,59.9,,,,,,60.2,,,65.0,0,0,0,1,0,0,0,1,0
Donavan Hunt,160765,HB,N DAKOTA,7,0,0,249,,,,44.7,,,55.4,,,28.4,0,2,0,0,34,39,11,0,1
Emari Matthews,160768,HB,JACKSON ST,14,0,0,194,,,,59.9,,,52.3,,,29.4,0,1,0,0,0,54,25,3,0
Damon Early,160785,ED,E TENN ST,9,0,0,157,59.7,,,,,,65.4,,,72.9,0,0,0,8,0,2,0,19,0
Jabez Oliphant,160807,DI,PRVIEW A&M,3,0,0,270,59.2,,,,,,59.4,,,65.2,0,0,0,9,0,0,0,0,0
Jason Barnes Jr.,160827,WR,NICHOLLS,7,0,0,243,,,,59.4,,,41.1,60.0,,27.1,0,1,0,0,0,2,8,8,0
Ryan Bernard,160829,G,NICHOLLS,12,0,0,243,,,60.0,,,,57.9,,,66.9,0,0,5,0,0,0,67,0,1
Marcus Dickey,160833,ED,NICHOLLS,5,0,0,243,59.7,,,,,,72.2,,,69.3,0,0,0,1,6,7,0,13,2
Kylan Dupre,160834,P,NICHOLLS,10,0,0,243,,,65.6,,58.3,,63.4,,49.7,73.5,0,0,41,0,2,0,59,0,0
Eli Ennis,160835,LB,NICHOLLS,12,0,0,243,74.6,,,,,,83.5,,,69.9,0,0,0,46,0,1,0,21,0
Ethan Lee,160841,S,NICHOLLS,12,3,0,243,60.1,,,,,,78.6,,56.5,73.2,0,0,0,30,53,3,15,25,5
Rasheed Lovelace,160843,DI,NICHOLLS,11,0,0,243,57.6,,,,,,59.0,,,72.4,0,0,0,36,0,0,0,17,0
Scrappy Osby,160850,WR,NICHOLLS,12,0,0,243,,,,58.0,,,69.5,,,71.3,0,0,0,0,22,58,2,0,2
Kyler Paul,160851,WR,NICHOLLS,1,0,0,243,,,,,,,60.2,,,66.3,0,0,0,0,0,2,0,0,0
Robbie Pizzolato,160852,G,NICHOLLS,11,0,0,243,,,72.7,,,,64.7,,,71.8,0,0,39,0,0,0,0,0,0
Sameij Scott,160853,T,NICHOLLS,12,0,0,243,,,73.2,,,,64.5,,,65.9,0,0,46,0,0,0,0,0,0
Alex Villavaso,160856,ED,NICHOLLS,12,0,0,243,58.5,,,,,,59.8,,,69.6,0,0,0,39,0,3,1,10,0
Dane Whalen,160857,DI,UTAHTC,9,0,0,1285,57.5,,,,,,57.6,,,71.3,0,0,0,46,0,0,0,13,0
Treylin Whaley,160858,TE,NICHOLLS,9,0,0,243,,,60.0,,,,67.9,,,75.1,0,0,6,0,5,33,48,21,2
Aidan Barr,160865,LS,SAMFORD,1,0,0,282,,,60.0,,,82.0,65.4,,,63.5,0,0,1,0,0,0,5,0,0
Makhi Gilbert,160872,DI,SAMFORD,7,0,0,282,57.9,,,,,,57.6,,,66.5,0,0,0,19,0,0,0,1,0
Joshua Mathiasen,160880,DI,SAMFORD,10,0,0,282,58.0,,,,,,57.6,,,66.3,0,0,0,30,0,0,0,0,0
Gavin Morris,160881,LB,SAMFORD,11,0,0,282,60.2,,,,,,62.4,,,78.8,0,0,0,11,18,59,16,1,0
Jalen Nelson,160882,S,SAMFORD,4,0,0,282,59.9,,,,,,66.1,,,67.0,0,0,0,8,9,0,0,6,1
Jordan Russell,160885,ED,SAMFORD,11,0,0,282,59.5,,,,,,64.6,,,70.1,0,0,0,17,48,0,0,0,0
Jason Cole Jr.,160897,S,VA MILT IN,12,0,0,336,59.8,,,,,,63.2,,,73.8,1,0,0,11,35,60,0,1,2
Joe Comello,160898,CB,VA MILT IN,11,0,1,336,59.8,,,,,,54.0,,,28.9,5,3,0,18,32,0,72,40,6
Kouri Crump,160901,S,VA MILT IN,12,0,0,336,59.6,,,,,,72.5,,,76.0,1,1,0,60,34,7,24,40,5
Stephen Dean III,160902,LB,VA MILT IN,8,1,0,336,59.8,,,,,,63.7,,,66.4,0,0,0,30,2,2,0,1,0
Tyrel Dobson,160904,LB,VA MILT IN,12,0,0,336,59.9,,,,,,62.9,,,79.1,0,0,0,2,1,77,0,1,0
Owen Ham,160906,DI,VA MILT IN,8,0,0,336,57.7,,,,,,57.9,,,72.6,0,0,0,19,0,0,0,1,0
Morgan McPhaul,160913,TE,VA MILT IN,12,0,0,336,,,69.1,59.9,,,60.8,,,76.6,0,0,29,0,0,73,87,0,2
De'Andre Robinson,160916,ED,VA MILT IN,1,0,0,336,59.8,,,,,,60.0,,,62.7,0,0,0,1,0,0,0,0,0
Luke Schalow,160917,HB,VA MILT IN,5,0,0,336,,,,,,,71.8,,,68.9,0,0,0,0,0,0,13,7,1
Geoffrey Speight Jr.,160922,ED,VA MILT IN,4,0,0,336,58.2,,,,,,58.3,,,66.6,0,0,0,17,0,0,0,1,0
Tyler Swann,160923,DI,ALABAMA ST,7,0,0,105,59.0,,,,,,60.1,,,67.0,0,0,0,9,0,0,0,3,0
Ivan Thorpe,160924,WR,VA MILT IN,11,0,0,336,,,,57.8,,,61.3,59.5,,67.2,0,0,0,0,0,13,0,45,0
Ryan von Brandt,160925,WR,VA MILT IN,11,0,0,336,59.8,,69.7,,,,62.5,,,67.5,0,0,29,1,4,4,5,4,0
Chance Gagnon,160952,K,W GEORGIA,11,0,0,1177,,44.9,,,,,46.1,,,28.4,0,1,55,0,0,0,0,0,0
Brian Beidatsch,161213,T,DUQUESNE,1,0,0,155,,,60.0,,,,60.6,,,61.8,0,0,2,0,0,0,0,0,0
Lamere Byrd,161214,WR,DUQUESNE,1,0,0,155,,,,,,,60.0,61.9,,62.8,0,0,0,0,0,0,0,2,0
Dom Fusca,161219,LB,DUQUESNE,4,0,0,155,,,,,,,60.2,,,70.0,0,0,0,0,0,10,6,2,0
Alex Gochis,161220,WR,DUQUESNE,10,3,0,155,,,,61.8,,,73.8,,,90.1,1,0,0,0,0,38,35,0,2
Jordan Heisey,161223,QB,DUQUESNE,11,0,0,155,,,66.6,59.6,,,61.5,,,65.3,0,0,53,0,0,24,0,0,0
Ty Howard,161224,LB,DUQUESNE,8,0,0,155,59.8,,,,,,65.8,,,68.6,0,0,0,23,7,7,0,12,1
Aiden Lehner,161226,DI,DUQUESNE,2,0,0,155,,,60.0,,,67.6,61.6,,,66.6,0,0,2,0,0,0,0,1,0
Connor Lenz,161227,ED,DUQUESNE,11,0,0,155,59.6,,74.2,,,,64.3,,,62.4,0,0,53,1,0,0,0,1,0
Riley Lisgar,161228,WR,DUQUESNE,8,1,0,155,,,,57.6,,,78.3,,,71.1,1,0,0,0,2,17,26,0,3
Brian Olan,161229,ED,DUQUESNE,11,0,0,155,60.0,,74.3,,,,56.3,,,68.8,2,0,53,1,0,21,46,3,0
Colin Scharriter,161232,DI,MERCYHURST,5,0,0,977,59.0,,62.1,,,,60.7,,,67.0,0,0,8,6,0,0,0,0,0
Matt Schmitt,161233,WR,DUQUESNE,2,0,0,155,,,,,,,60.0,,,64.3,0,0,0,0,0,2,0,0,0
Xavier Gaillardetz,161245,WR,E TENN ST,12,0,0,157,,,,,,,69.0,73.9,,77.5,3,0,0,0,38,5,42,76,4
Jaylen George,161246,ED,E TENN ST,11,0,0,157,59.8,,,,,,62.0,,,68.8,0,0,0,31,0,1,1,8,0
Jayvon Henderson,161247,S,E TENN ST,11,0,0,157,60.0,,,,,,42.3,,,27.4,0,2,0,26,7,0,0,31,0
Tonorris Brookins II,161262,WR,MS VLY ST,4,0,0,228,,,,,,,59.8,60.3,,67.4,0,0,0,0,0,17,0,1,0
Charles Williams,161274,CB,MS VLY ST,9,0,0,228,59.7,,,,,,61.7,,,72.4,0,0,0,45,0,1,9,9,0
Tony Harris,161290,CB,LAFAYETTE,1,0,0,203,60.0,,,,,,60.0,,,63.5,0,0,0,1,0,0,0,0,0
Griffin Caldwell,161295,HB,BUTLER,8,0,0,127,,,,59.9,,,66.1,,,75.6,1,0,0,0,42,20,5,1,3
Jeremiah Jackson,161297,S,BUTLER,11,0,0,127,60.2,,,,,,61.7,,,78.8,0,0,0,31,1,1,26,9,0
Ethan Loss,161299,WR,BUTLER,4,0,0,127,,,,,,,61.2,,,69.5,0,0,0,0,3,9,0,0,0
Frenchi Mack II,161300,DI,BUTLER,2,0,0,127,59.7,,,,,,59.9,,,63.5,0,0,0,2,0,0,0,0,0
Steven Stephany,161305,S,BUTLER,10,0,0,127,59.9,,,,,,68.3,,,71.1,2,0,0,21,52,0,13,3,6
Reagan Andrew,161309,QB,BUTLER,11,0,0,127,,,67.0,,,,62.2,,,61.2,0,0,59,0,0,0,0,0,0
Archie Cox,161313,WR,BUTLER,12,0,0,127,,,,74.0,,,62.8,,,66.5,0,0,0,0,13,42,0,0,1
Eric Csala,161314,S,BUTLER,1,0,0,127,,,,,,,60.8,,,64.7,0,0,0,0,3,0,1,0,0
Kirk Doskocil,161315,T,BUTLER,8,0,0,127,,,72.7,,,,64.2,,,65.6,0,0,47,0,0,0,0,0,0
Tyson Garrett,161318,LB,BUTLER,11,1,0,127,59.9,,,,,,63.6,,,76.4,0,0,0,32,1,0,30,10,0
Jason Hicks,161319,G,BUTLER,12,1,0,127,,,73.2,,,82.3,72.3,,,65.9,1,0,67,0,0,0,31,0,1
Dawson Hubbard,161320,DI,BUTLER,5,0,0,127,59.0,,,,,,60.0,,,65.3,0,0,0,5,0,0,0,2,0
Trevor Ings,161321,DI,BUTLER,1,0,0,127,59.6,,,,,,59.8,,,62.0,0,0,0,1,0,0,0,0,0
Ershod Jasey II,161322,HB,BUTLER,2,0,0,127,,,,,,,63.3,,,66.8,0,0,0,0,7,0,0,3,0
Ethan Malafa,161323,TE,BUTLER,12,0,0,127,,,19.9,,,,49.7,,,82.8,0,0,69,0,0,3,14,43,0
Will Mason,161324,S,BUTLER,12,1,0,127,59.8,,,,,,80.2,,,82.9,0,0,0,24,66,0,0,32,4
Matthew Oudeman,161330,DI,BUTLER,3,0,0,127,59.4,,,,,,59.6,,,64.4,0,0,0,5,0,0,0,0,0
Brady Preston,161331,FB,BUTLER,12,0,0,127,,,74.7,,,,67.3,,,75.4,0,1,54,0,26,42,31,45,0
Ryan Short,161333,K,BUTLER,12,1,0,127,,54.4,,,73.3,,64.3,,51.1,77.9,1,0,57,0,63,0,31,0,1
Steven Williams II,161335,ED,BUTLER,2,0,0,127,59.7,,,,,,60.2,,,63.6,0,0,0,1,0,0,0,1,0
Joseph Bongono,161336,TE,TEXAS STHN,11,1,0,313,,,72.6,61.8,,,61.1,,,66.1,1,0,43,0,6,6,37,0,1
Wayne Favors III,161337,CB,DELWARE ST,9,0,0,152,59.8,,,,,,56.8,,,58.3,1,1,0,36,34,38,45,7,1
Marqui Adams,161340,QB,DELWARE ST,1,0,0,152,,,,,,,60.0,,,23.1,0,1,0,0,0,0,0,0,0
Byron Evans,161348,ED,DELWARE ST,11,0,0,152,59.4,,71.2,,,,65.0,,,71.6,0,0,36,4,0,0,3,12,0
Geovanny Fabian,161349,CB,DELWARE ST,12,0,0,152,59.7,,,,,,62.1,,,78.4,0,0,0,65,1,31,3,23,0
Malcolm Jefferies,161352,TE,DELWARE ST,10,0,0,152,,,61.9,59.9,,,61.2,,,71.4,0,0,12,0,0,48,10,0,0
Ryan Lee,161354,TE,DELWARE ST,11,0,0,152,,,,59.6,,,62.7,,,79.9,0,0,0,0,0,77,0,4,0
Avari Marshall,161356,WR,DELWARE ST,4,0,0,152,,,,,,,73.2,,,69.8,0,0,0,0,0,2,9,8,1
Jaydon Mifflin,161357,DI,DELWARE ST,12,0,0,152,58.2,,72.4,,,,62.6,,,72.7,0,0,38,20,0,0,52,6,0
Moungue Nyame,161359,ED,DELWARE ST,9,0,1,152,59.4,,60.0,,,,42.9,,,26.8,0,3,3,6,13,0,0,19,1
Nathan Wilson,161361,P,DELWARE ST,12,1,0,152,59.6,61.6,,,56.0,,64.3,,52.7,78.9,3,1,39,1,46,0,65,0,3
Joseph Kennerly Jr.,161363,WR,MORGAN ST,2,0,0,235,,,,59.9,,,60.6,,,68.1,0,0,0,0,0,1,0,1,0
Sean Morris,161368,DI,ALBANY,11,0,0,106,58.2,,,,,,58.6,,,67.9,0,0,0,28,0,0,0,6,0
Tre Alexander,161371,C,RHODE ISLD,2,0,0,274,,,,,,,60.0,,,64.5,0,0,0,0,0,0,2,0,0
Marquis Buchanan,161373,WR,RHODE ISLD,8,0,0,274,,,,,,,59.5,,,68.4,0,0,0,0,0,2,2,12,0
Jaden Griffin,161376,HB,RHODE ISLD,14,0,0,274,,,,59.9,,,56.5,,,29.6,0,1,0,0,2,10,0,59,0
Asa Neal,161379,T,RHODE ISLD,13,0,0,274,,,75.7,,,,59.6,,,28.5,0,1,58,0,0,0,0,0,0
A.J. Pena,161381,ED,RHODE ISLD,13,0,0,274,59.5,,,,,,60.1,,,64.7,0,0,0,47,0,0,0,3,0
Dylan Shank,161382,K,RHODE ISLD,3,0,0,274,,,,,,,60.0,,63.6,66.8,0,0,0,0,0,0,4,0,0
Declan Williams,161383,ED,INCAR WORD,13,0,0,189,58.8,,,,,,59.3,,,70.6,0,0,0,37,0,0,6,2,0
Kohner Cullimore,161386,LB,SO UTAH,4,0,0,298,,,,,,,61.7,,,65.3,0,0,0,0,0,0,19,4,0
Rylen Su'a-Filo,161397,DI,SO UTAH,12,0,0,298,57.2,,,,,,53.1,,,31.9,0,1,0,64,0,0,0,18,0
Julius Davis,161405,DI,HOUCHR,11,0,0,183,58.6,,60.0,,,,57.6,,,67.3,0,0,3,36,0,0,22,0,0
Nolan Hay,161411,T,INCAR WORD,12,0,0,189,,,75.1,,,,63.9,,,73.5,0,0,45,0,0,0,3,0,0
Caleb King,161415,S,HOUCHR,4,1,0,183,60.0,,,,,,56.3,,,28.6,0,1,0,3,16,0,18,0,1
Jaden King,161416,CB,HOUCHR,7,1,0,183,60.0,,,,,,63.9,,,73.7,1,0,0,14,23,4,13,13,3
Sincere Littles,161417,DI,HOUCHR,10,0,0,183,58.5,,,,,,58.5,,,67.4,0,0,0,36,0,0,0,0,0
Joshlyn McCarter,161423,TE,HOUCHR,10,0,0,183,,,24.2,,,,48.8,,,68.0,0,1,40,0,0,34,1,0,0
Deuce McMillan,161425,WR,HOUCHR,5,0,0,183,,,,60.0,,,60.3,63.4,,65.5,0,0,0,0,1,1,0,12,0
Taurean Muhammad,161427,WR,HOUCHR,1,0,0,183,,,,,,,60.0,,,62.2,0,0,0,0,0,1,0,0,0
Jackson White,161434,WR,HOUCHR,6,0,0,183,,,,,,,64.7,,,77.1,0,0,0,0,0,29,0,34,0
Ashton Williams,161435,CB,HOUCHR,7,0,0,183,60.1,,,,,,55.1,,,29.3,0,1,0,19,10,0,3,5,0
AJ Wilson,161436,WR,HOUCHR,11,0,0,183,,,,61.8,,,57.3,,,29.8,0,1,0,0,1,33,1,42,0
Keenan Hicks,161455,CB,INDIANA ST,5,0,0,191,59.8,,,,,,62.4,,,72.1,0,0,0,6,0,0,0,26,0
John Anthony Jr.,161487,WR,LNDNWD,11,0,0,949,,,,,,,57.3,,,29.3,1,1,0,0,43,29,9,7,3
Tre Bell,161488,CB,LNDNWD,10,0,0,949,84.8,,,59.9,,,85.1,,,79.8,0,0,0,24,46,1,37,39,3
Jack Berry,161489,LS,LNDNWD,1,0,0,949,,,,,,75.6,61.1,,,61.9,0,0,0,0,0,0,1,0,0
Mason Brown,161490,TE,LNDNWD,12,0,0,949,,,60.0,,,,60.9,,,67.6,0,0,1,0,1,40,56,0,0
Maika Finau,161492,DI,LNDNWD,9,0,0,949,59.2,,,,,,60.3,,,70.8,0,0,0,17,1,0,0,1,0
Drew Krobath,161495,WR,LNDNWD,10,0,0,949,,,,,,,60.8,,,70.1,0,0,0,0,2,58,0,0,0
Nolan O'Hara,161498,LB,LNDNWD,12,1,0,949,,,,,,,62.1,,,79.1,0,1,0,0,63,0,44,6,2
Jared Rhodes,161499,HB,LNDNWD,12,0,1,949,,,,59.9,,,63.9,,,61.6,0,1,0,0,46,64,23,35,1
Kylan Galbreath,161505,WR,MURRAY ST,7,0,0,236,,,,59.6,,,61.3,,,74.2,0,0,0,0,2,62,0,11,0
KaVan Reed,161507,CB,MURRAY ST,12,0,0,236,59.5,,,58.8,,,46.6,41.7,,28.3,1,2,0,47,27,5,38,8,2
Ben Ahio,161636,ED,SACRAMENTO,12,0,0,279,60.1,,67.0,,,,63.3,,,70.2,0,0,22,53,0,0,0,7,0
Daizon Allen,161637,CB,SACRAMENTO,3,0,0,279,,,,,,,62.4,,,70.0,0,0,0,0,14,0,0,0,0
Hunter Boeddeker,161639,LB,SACRAMENTO,12,1,0,279,60.0,,,,,,51.5,,,69.4,2,0,0,3,58,0,3,7,3
Zeke Burnett,161640,HB,SACRAMENTO,1,0,0,279,,,,,,,60.9,,,67.7,0,0,0,0,0,0,0,3,0
Tyler Henry,161646,DI,SACRAMENTO,1,0,0,279,59.8,,,,,,60.0,,,62.7,0,0,0,1,0,0,0,0,0
Riley Hernandez,161647,ED,SACRAMENTO,7,0,0,279,59.9,,,,,,61.5,,,67.3,0,0,0,6,0,6,0,4,0
Nakian Jackson,161649,LB,SACRAMENTO,9,0,0,279,59.9,,,,,,66.1,,,73.4,0,0,0,34,0,0,0,27,0
Coleman Kuntz,161652,TE,SACRAMENTO,9,0,0,279,,,65.5,54.5,,,61.6,,,70.9,0,0,16,0,1,44,0,0,0
Elias Mullican,161654,CB,SACRAMENTO,11,0,0,279,60.8,,,,,,64.5,,,71.8,0,0,0,36,18,6,0,4,1
Gabe Panikowski,161655,K,IDAHO ST,12,1,0,186,,77.1,,,83.2,,51.3,,,29.6,0,1,64,0,38,0,0,0,0
Alex Rocha,161656,LB,SACRAMENTO,12,2,0,279,59.9,,,,,,77.0,,,44.6,1,1,0,5,57,75,40,31,2
Zelmar Vedder,161658,CB,SACRAMENTO,10,0,0,279,61.2,,,,,,63.6,,,73.0,0,0,0,48,0,0,0,7,0
Torin Baker,161659,HB,TENN TECH,12,0,0,309,,,,59.9,,,70.5,,,77.0,1,0,0,0,35,12,1,40,1
Bridges Coffey,161662,CB,TENN TECH,1,0,0,309,60.0,,,,,,60.0,,,62.9,0,0,0,1,0,0,0,0,0
A.J. Crawford,161664,ED,TENN TECH,6,0,0,309,59.1,,,,,,61.2,,,67.7,0,0,0,12,0,0,1,9,0
Theron Gaines,161666,ED,TENN TECH,12,0,0,309,58.9,,,,,,55.9,,,29.3,0,1,0,18,0,46,55,8,0
Ryan Hacker,161667,T,TENN TECH,2,0,0,309,,,60.0,,,,61.2,,,60.9,0,0,6,0,0,0,0,0,0
Jacquez McGowan,161675,S,E KENTUCKY,13,0,0,159,59.7,,,,,,64.7,,,73.2,0,0,0,22,0,0,56,23,1
Hayden Rigsby,161680,LS,TENN TECH,1,0,0,309,,,,,,75.6,61.1,,,61.9,0,0,0,0,0,0,1,0,0
OJ Ross,161681,HB,ARKAPB,2,0,0,112,,,,,,,59.7,,,66.3,0,0,0,0,0,9,0,0,0
Elijah Ruiz,161682,G,TENN TECH,2,0,0,309,59.8,,60.0,,,,60.3,,,63.9,0,0,1,1,0,0,0,0,0
Ashton Taylor,161685,LB,JACKSON ST,13,0,0,194,60.3,,,,,,63.5,,,69.8,0,0,0,33,0,0,0,14,0
Keonte Tillman,161689,ED,TENN TECH,1,0,0,309,,,60.0,,,,60.5,,,60.4,0,0,3,0,0,0,0,0,0
Seth Vaughn,161691,DI,TENN TECH,9,0,0,309,58.4,,,,,,58.8,,,66.8,0,0,0,16,0,0,0,4,0
Elias Archie,161823,CB,BROWN,10,0,0,123,59.9,,,,,,63.6,,,74.7,0,0,0,42,9,0,0,8,0
Chason Barber,161825,WR,BROWN,1,0,0,123,,,,,,,60.0,,,63.3,0,0,0,0,0,0,0,0,0
Tyler Baskett,161826,S,BROWN,6,0,0,123,60.0,,,,,,61.9,,,73.2,0,0,0,7,8,12,3,3,0
Hayden Bozich,161827,T,BROWN,9,0,0,123,,,70.9,,,,63.9,,,66.7,0,0,36,0,0,0,0,0,0
Qwentin Brown,161828,HB,BROWN,8,0,0,123,,,60.0,59.6,,,80.7,,,47.0,0,1,2,0,34,38,0,23,2
Owen Clarke,161830,ED,BROWN,10,0,0,123,59.4,,70.3,,,,55.5,,,30.0,2,1,30,30,50,2,40,7,2
Evan Faiella,161832,TE,BROWN,2,0,0,123,,,,,,,60.0,,,69.4,0,0,0,0,0,0,0,2,0
Nevaeh Gattis,161833,S,BROWN,7,0,0,123,59.9,,,,,,63.0,,,79.8,0,0,0,17,0,0,0,3,0
Dillon Golden,161834,TE,BROWN,10,0,0,123,,,72.3,,,,46.9,,,27.0,0,2,40,0,4,28,0,1,0
Ryan Haley,161835,LB,BROWN,8,0,0,123,59.9,,,,,,68.7,,,73.4,0,0,0,6,33,3,1,12,1
Liam Halligan,161836,G,BROWN,8,0,0,123,,,72.7,,,,64.2,,,64.9,0,0,28,0,0,0,0,0,0
Ty Holtz,161837,TE,BROWN,1,0,0,123,,,,,,,60.2,,,67.6,0,0,0,0,0,9,0,0,0
Nick Hudson,161838,CB,BROWN,10,0,0,123,59.6,,,,,,62.5,,,76.6,0,0,0,45,4,0,6,8,0
Solomon Miller,161841,WR,BROWN,9,0,0,123,,,,58.8,,,58.7,,,65.8,0,0,0,0,0,53,1,0,0
Marco Monteiro,161842,G,BROWN,4,0,0,123,,,66.3,,,,63.0,,,67.7,0,0,16,0,0,0,0,0,0
Pat O'Neill,161843,ED,BROWN,10,1,0,123,59.5,,,,,,71.9,,,81.0,0,0,0,15,0,60,35,3,2
John Perdue,161844,LB,BROWN,9,0,0,123,60.2,,,,,,64.9,,,74.1,0,0,0,35,25,8,11,5,0
Ty Pezza,161845,TE,BROWN,10,1,0,123,,,,,,,73.3,,,50.6,2,1,0,0,50,11,40,12,7
Sam Smith,161849,LB,BROWN,10,1,0,123,59.5,,,,,,65.9,,,72.9,1,0,0,41,38,19,30,9,5
John Starman,161850,DI,BROWN,9,0,0,123,58.8,,,,,,59.7,,,65.8,0,0,0,11,0,0,0,3,0
Carson Arnold,161853,DI,CITADEL,12,0,0,139,79.2,,74.3,,,,82.4,,,65.4,0,0,54,22,0,0,0,1,0
Ben Barnes,161854,K,CITADEL,12,0,0,139,,59.8,,,79.0,,63.4,,60.0,74.8,1,1,54,0,55,0,1,0,2
Maurice Bonneau Jr.,161857,ED,CITADEL,12,0,0,139,59.2,,,,,,64.2,,,68.2,0,0,0,9,0,0,51,1,1
Josh Cole,161861,ED,CITADEL,11,0,0,139,59.0,,,,,,59.9,,,68.3,0,0,0,33,0,0,0,3,0
Avery Dixon,161864,S,BRYANT,12,1,0,124,59.9,,,,,,74.8,,,74.5,0,0,0,6,42,0,0,31,3
Alex Dure,161866,G,CITADEL,11,0,0,139,,,76.4,,,,65.8,,,73.5,0,0,51,0,0,0,1,0,0
Justice Gilliard,161868,CB,CITADEL,2,0,0,139,,,,,,,61.5,,,68.5,0,0,0,0,0,0,0,4,0
Corey Ibrahim,161876,HB,CITADEL,1,0,0,139,,,,,,,60.0,,,63.0,0,0,0,0,0,1,0,0,0
Tanner Johnson,161878,LB,CITADEL,1,0,0,139,,,,,,,61.2,,,67.4,0,0,0,0,5,0,0,0,0
Wilson Long,161879,WR,CITADEL,12,0,0,139,,,,,,,56.1,,,79.3,2,0,0,0,46,58,33,35,1
Jack McCall,161880,LS,CITADEL,12,0,0,139,,,66.6,,,,62.0,,,61.2,0,0,54,0,0,0,1,0,0
Will Ramey,161883,WR,CITADEL,8,1,0,139,,,60.0,,,,56.1,,,28.6,1,1,1,0,3,38,4,3,1
Cale Williams,161890,S,CITADEL,12,0,0,139,59.9,,,,,,66.3,,,73.9,0,0,0,52,11,1,0,43,0
Narkel LeFlore,161956,HB,TENN MARTN,2,0,0,310,,,,56.9,,,60.2,,,62.7,0,0,0,0,0,10,0,0,0
Timothy Middleton II,161962,WR,S ILLINOIS,2,0,0,295,,,,,,,62.1,,,70.1,0,0,0,0,0,0,0,7,0
Jordan Sprycha,161998,TE,E ILLINOIS,1,0,0,158,,,,,,,60.4,,,66.8,0,0,0,0,1,6,0,0,0
Paul Geelen,162050,K,S ILLINOIS,12,0,0,295,,65.3,,,76.2,,64.5,,63.8,78.8,2,1,42,0,53,0,56,0,1
Fred Highsmith,162111,WR,CHARLES SO,1,0,0,135,,,,,,,60.0,,,64.0,0,0,0,0,0,2,0,0,0
Brandon Howard,162112,LB,CHARLES SO,5,0,0,135,59.9,,,,,,61.1,,,65.6,0,0,0,18,1,0,0,4,0
Ethan Hunt,162113,G,CHARLES SO,10,0,0,135,,,71.2,,,,64.5,,,73.8,0,0,32,0,0,0,0,0,0
Will Laing,162117,P,CHARLES SO,12,0,0,135,,,,,59.4,,62.6,,,75.2,0,1,0,0,38,0,0,0,0
Josiah Lancaster,162118,T,CHARLES SO,11,0,0,135,,,74.0,,,,64.5,,,63.7,0,0,33,0,0,0,0,0,0
Jaden Scott,162123,WR,CHARLES SO,9,0,0,135,,,,,,,55.7,,,72.2,1,0,0,0,29,0,0,2,0
Noah Summers,162125,LS,CHARLES SO,12,0,0,135,,,81.6,,,92.2,77.9,,,67.5,2,0,34,0,0,0,67,0,1
Kaylon Walters,162127,CB,CHARLES SO,11,0,1,135,60.1,,,,,,51.8,,,29.9,0,2,0,7,9,67,0,24,0
Davion Williams,162129,S,CHARLES SO,12,0,0,135,59.9,,,,,,63.9,,,72.3,0,0,0,52,4,0,0,17,0
Alpha Barry,162131,S,GEORGETOWN,1,0,0,172,60.0,,,,,,60.0,,,63.6,0,0,0,1,0,0,0,0,0
Mike Burton,162134,TE,GEORGETOWN,9,0,0,172,,,60.0,,,,62.6,,,70.2,0,0,1,0,0,48,27,0,0
Wedner Cadet,162135,CB,GEORGETOWN,3,0,0,172,59.9,,,,,,61.5,,,76.3,0,0,0,6,0,0,0,0,0
John Caramanico,162136,DI,GEORGETOWN,10,0,0,172,58.4,,,,,,58.3,,,67.1,0,0,0,36,0,0,0,0,0
Andres Franquez,162139,DI,GEORGETOWN,11,0,0,172,59.4,,71.4,,,,64.0,,,73.2,0,0,34,5,0,0,0,0,0
Mason Gudger,162140,HB,GEORGETOWN,3,0,0,172,,,,84.0,,,60.0,,,62.6,0,0,0,0,0,9,0,0,0
Cahlede Jackson,162143,DI,GEORGETOWN,3,0,0,172,59.0,,,,,,59.0,,,62.8,0,0,0,3,0,0,0,0,0
Jimmy Kibble,162144,WR,GEORGETOWN,2,0,0,172,,,,60.0,,,60.4,,,66.0,0,0,0,0,1,2,0,0,0
Max McCormick,162147,TE,GEORGETOWN,6,0,0,172,,,,,,,60.4,,,70.3,0,0,0,0,0,28,0,0,0
Naiteitei Mose,162148,LB,GEORGETOWN,4,0,0,172,,,,,,,71.0,,,72.0,0,0,0,0,8,19,2,0,3
Conor O'Neil,162149,TE,GEORGETOWN,8,0,0,172,,,,59.9,,,60.1,,,66.9,0,0,0,0,0,36,0,0,0
Chibuikem Oguayo,162150,ED,MORGAN ST,6,0,0,235,59.4,,,,,,60.2,,,66.6,0,0,0,19,1,0,0,1,0
Matthew Plunkett,162153,LB,GEORGETOWN,1,0,0,172,,,60.0,,,,62.3,,,68.0,0,0,3,0,8,5,1,1,0
Keynan Richardson-Cook,162154,WR,GEORGETOWN,11,0,0,172,,,,,,,52.6,,,36.1,3,1,0,0,1,0,58,53,2
Joshua Sauickie,162155,G,GEORGETOWN,7,0,0,172,,,71.2,,,,63.5,,,70.5,0,0,25,0,0,0,34,0,0
Trevor Swan,162157,T,GEORGETOWN,9,0,0,172,,,69.6,,,,63.3,,,65.4,0,0,32,0,0,0,6,0,0
Jack Baretz,162158,LB,N DAKOTA,9,1,0,249,60.0,,,,,,64.6,,,70.8,0,0,0,9,23,32,0,3,0
Liam Becher,162159,T,N DAKOTA,12,0,0,249,,,75.8,,,,57.8,,,28.3,0,1,63,0,0,0,0,0,0
Antonio Bluiett,162160,CB,N DAKOTA,9,1,0,249,59.8,,,,,,70.4,,,73.4,0,0,0,34,58,0,0,7,3
Caden Dennis,162163,WR,N DAKOTA,2,0,0,249,,,,,,,59.9,60.3,,65.7,0,0,0,0,0,5,0,1,0
Jamal Dixon,162164,CB,N DAKOTA,5,0,0,249,59.8,,,,,,63.7,,,73.6,0,0,0,2,23,0,3,13,0
Logan Doell,162165,ED,N DAKOTA,2,0,0,249,60.0,,,,,,61.5,,,65.4,0,0,0,2,1,0,0,2,0
C.J. Elrichs,162166,K,N DAKOTA,12,0,0,249,,71.6,,,61.5,,62.7,,,72.0,0,0,64,0,30,0,0,0,0
Devin Hembry,162168,CB,N DAKOTA,12,0,1,249,59.3,,,,,,52.5,,,29.1,0,1,0,51,0,0,0,8,0
David Neuberger,162173,LS,N DAKOTA,12,0,0,249,,,88.8,,,88.2,82.8,,,66.4,0,0,64,0,0,0,40,0,2
Caleb Olson,162175,G,N DAKOTA,11,0,0,249,,,74.6,,,,64.5,,,72.1,0,0,40,0,0,0,34,0,0
Paine Parks,162176,LB,N DAKOTA,12,0,0,249,59.6,,,,,,66.7,,,75.1,1,0,0,3,17,18,4,27,1
Teagan Pfeffer,162177,S,N DAKOTA,10,0,0,249,59.8,,,,,,70.5,,,76.1,1,0,0,3,50,0,12,26,5
Grant Romfo,162178,HB,N DAKOTA,9,0,0,249,,,,,,,65.4,,,74.8,0,0,0,0,22,35,0,0,1
Luke Silvernale,162180,P,N DAKOTA,12,0,0,249,,,,,60.1,,63.8,,59.4,77.0,1,0,0,0,35,0,39,0,1
Mason South,162181,TE,N DAKOTA,12,0,0,249,,,,,,,59.3,,,73.0,0,0,0,0,0,69,0,0,0
Hayden Stec,162183,LB,N DAKOTA,12,0,0,249,60.0,,,,,,69.0,,,71.3,0,0,0,1,65,0,0,7,1
Sam Strandell,162184,WR,N DAKOTA,12,0,0,249,59.8,,,,,,90.1,,,77.3,0,0,0,1,0,0,40,35,1
Jack Teiken,162185,ED,N DAKOTA,4,0,0,249,59.6,,,,,,63.8,,,68.7,0,0,0,1,0,0,0,8,0
Trace Thaden,162186,T,N DAKOTA,11,0,0,249,,,75.6,,,,65.7,,,75.8,0,0,59,0,0,0,3,0,0
Josh Yon,162188,DI,N DAKOTA,2,0,0,249,59.6,,,,,,61.0,,,64.0,0,0,0,1,4,0,0,0,0
Jaquise Alexander,162189,CB,N DAK ST,10,0,0,250,59.9,,,,,,63.2,,,73.4,0,0,0,11,3,0,0,27,0
Austin Altepeter,162190,LB,N DAK ST,13,0,0,250,59.3,,,,,,68.8,,,76.3,0,0,0,3,67,22,4,29,1
Toby Anene,162191,ED,N DAK ST,13,0,0,250,59.9,,,,,,63.3,,,69.5,0,0,0,19,0,0,0,12,0
Hudson Artz,162192,S,N DAK ST,14,2,0,250,60.0,,,,,,68.0,,,78.5,1,0,0,2,89,33,2,21,2
Caleb Bowers,162194,LS,N DAK ST,16,0,0,250,,,90.8,,,84.3,73.8,,,66.8,0,0,97,0,0,0,44,0,0
Mekhi Collins,162198,WR,N DAK ST,11,0,0,250,,,,,,,63.9,,,72.4,0,0,0,0,0,39,0,9,0
Kellen Entz,162199,WR,N DAK ST,4,0,0,250,,,,,,,61.6,,,67.7,0,0,0,0,9,2,0,0,0
Darius Givance,162201,S,N DAK ST,16,0,0,250,60.0,,,,,,60.7,,,28.9,0,2,0,31,89,29,42,30,3
John Gores,162203,WR,N DAK ST,3,0,0,250,,,,60.0,,,60.7,60.0,,65.0,0,0,0,0,1,1,0,10,0
Kegan Huber,162206,CB,N DAK ST,4,0,0,250,60.0,,,,,,70.8,,,68.7,0,0,0,1,11,2,2,3,2
Luke Kokat,162211,TE,N DAK ST,15,0,0,250,,,60.0,54.6,,,52.2,,,28.7,0,1,4,0,1,56,0,2,0
Logan Larson,162212,DI,N DAK ST,16,0,0,250,59.1,,,,,,40.9,,,69.8,1,0,0,4,0,0,44,9,1
Devin Lockerby,162213,G,N DAK ST,1,0,0,250,,,60.0,,,,60.0,,,64.5,0,0,1,0,0,0,0,0,0
Josh Magin,162214,T,N DAK ST,6,0,0,250,,,66.6,,,,63.1,,,66.0,0,0,21,0,0,0,0,0,0
Kelton McCaslin,162215,ED,N DAK ST,5,0,0,250,59.9,,,,,,61.6,,,67.1,0,0,0,5,0,0,0,7,0
Brit Senftner,162217,LB,N DAK ST,4,0,0,250,59.9,,,,,,62.9,,,67.4,0,0,0,1,10,0,0,1,0
Nathaniel Staehling,162218,LB,N DAK ST,5,0,0,250,60.0,,,,,,66.8,,,78.5,0,0,0,7,32,0,9,19,0
Kaden Zenzen,162223,TE,N DAK ST,12,1,0,250,,,70.9,,,,66.6,,,69.0,0,0,33,0,48,0,0,4,1
Deverious Abercrombie,162224,WR,PRESBYTERN,2,0,0,271,,,,,,,58.8,,,64.6,0,0,0,0,0,3,1,0,0
Boyce Bankhead,162225,LB,PRESBYTERN,10,0,0,271,60.0,,,,,,70.3,,,75.9,0,0,0,1,57,23,0,7,3
Panos Burlos,162229,CB,PRESBYTERN,6,2,0,271,59.9,,,,,,74.8,,,70.5,0,0,0,4,25,0,0,0,1
Ty Englehart,162239,QB,PRESBYTERN,1,0,0,271,,,,,,,60.0,,60.0,63.3,0,0,0,0,0,0,1,0,0
Dalton Epps,162240,ED,PRESBYTERN,6,0,0,271,59.1,,,,,,60.2,,,73.9,0,0,0,9,0,0,0,1,0
Caleb Francis,162241,CB,PRESBYTERN,11,0,0,271,59.6,,,,,,50.3,,,74.4,0,1,0,41,1,2,0,5,0
DeWayne Gissendanner,162243,CB,W GEORGIA,2,0,0,1177,59.9,,,,,,61.2,,,66.2,0,0,0,2,0,0,0,2,0
Nathan Hajduk,162245,S,PRESBYTERN,11,1,1,271,59.7,,,,,,58.7,,,29.0,1,1,0,32,3,0,37,8,2
Malek Horlback,162250,ED,PRESBYTERN,8,0,0,271,59.6,,,,,,60.6,,,67.8,0,0,0,22,0,0,0,1,0
Quante Jennings,162253,HB,PRESBYTERN,1,0,0,271,,,,,,,60.0,,,63.3,0,0,0,0,0,0,1,0,0
Dominic Kibby,162256,WR,PRESBYTERN,11,0,1,271,,,,59.9,,,63.8,,,72.4,0,1,0,0,3,2,27,0,1
Malik Lewis,162257,CB,PRESBYTERN,2,0,0,271,60.0,,,,,,60.2,,,66.0,0,0,0,4,2,0,4,0,0
Cade Lewis,162258,ED,PRESBYTERN,9,0,0,271,59.5,,,,,,60.0,,,68.4,0,0,0,19,0,0,0,1,0
Peter Lipscombe,162259,K,PRESBYTERN,6,0,0,271,,56.7,,,,,60.9,,,65.9,0,0,30,0,0,0,0,0,0
Anthony Marin,162261,G,PRESBYTERN,12,0,0,271,,,78.5,,,,65.8,,,64.4,0,0,60,0,0,0,0,0,0
Dru McClough,162262,C,PRESBYTERN,2,0,0,271,,,,,,,60.0,,,64.5,0,0,0,0,0,0,2,0,0
Terik Mulder,162265,TE,PRESBYTERN,4,0,0,271,,,69.1,,,,63.5,,,64.9,0,0,26,0,0,0,0,0,0
Christian Ohagwu,162267,DI,PRESBYTERN,7,0,0,271,58.6,,,,,,58.5,,,65.1,0,0,0,15,0,0,0,0,0
Noah Peterson,162270,G,PRESBYTERN,12,0,0,271,,,77.6,,,,65.0,,,74.2,0,0,60,0,0,0,3,0,0
Jayden Pressey,162272,WR,PRESBYTERN,6,0,0,271,,,,60.0,,,61.8,,,72.9,0,0,0,0,0,2,1,14,0
Caleb Rentz,162273,C,PRESBYTERN,6,0,0,271,,,68.0,,,,62.4,,,65.6,0,0,25,0,0,0,1,0,0
Zeb Stroup,162281,S,PRESBYTERN,11,1,0,271,59.9,,,,,,73.2,,,81.4,0,0,0,12,45,45,1,45,4
Brennen Taranto,162282,WR,PRESBYTERN,11,0,0,271,,,,,,,44.5,,,27.8,0,2,0,0,0,2,0,51,0
Alex Ward,162285,S,PRESBYTERN,9,0,0,271,59.9,,,,,,60.0,,,76.9,1,0,0,8,36,28,35,8,1
Justin Bloise,162293,WR,SACR HEART,7,0,0,280,,,,51.6,,,62.1,,,68.2,0,0,0,0,0,1,0,12,0
Ron Cole,162296,ED,SACR HEART,6,0,0,280,60.0,,,,,,63.5,,,70.5,0,0,0,5,0,0,0,12,0
Matt Garrett,162300,ED,SACR HEART,2,0,0,280,,,60.0,,,,61.8,,,68.8,0,0,6,0,0,0,0,0,0
Jahqir Haley,162302,S,SACR HEART,6,0,0,280,60.0,,,,,,65.4,,,67.5,0,0,0,1,20,7,0,1,1
Connor Ivey,162305,T,STHLSK,3,0,0,1470,,,60.0,,,,60.4,,,62.5,0,0,3,0,0,0,0,0,0
Will Klenk,162308,TE,SACR HEART,4,0,0,280,,,64.1,,,,62.3,,,61.9,0,0,13,0,0,0,0,0,0
Aboraa Kwarteng,162309,WR,RHODE ISLD,2,0,0,274,,,,,,,60.3,,,66.2,0,0,0,0,0,13,0,0,0
Xavier Leigh,162311,HB,SACR HEART,1,0,0,280,59.9,,,,,,59.0,,,67.7,0,0,0,1,0,0,7,0,0
Kevin McGuire,162316,WR,SACR HEART,1,0,0,280,,,,59.9,,,60.0,,,61.2,0,0,0,0,0,1,0,0,0
Ryan Moore,162318,S,SACR HEART,9,1,0,280,59.9,,,,,,60.3,,,73.6,1,0,0,8,30,19,0,11,0
Peter Schanne,162323,DI,SACR HEART,11,0,0,280,58.1,,,,,,60.8,,,72.1,0,0,0,26,0,0,3,23,0
Kenny Selby,162324,CB,SACR HEART,11,0,0,280,60.0,,,,,,64.0,60.0,,79.6,0,0,0,31,3,48,2,44,0
Nick Verbitsky,162331,LB,SACR HEART,11,0,0,280,59.1,,,,,,62.1,,,66.5,0,0,0,23,2,4,0,16,0
Curtis Whiting,162332,HB,SACR HEART,11,0,0,280,,,,,,,55.8,,,72.4,0,1,0,0,12,48,0,5,0
Kyle Yeager,162334,C,SACR HEART,7,0,0,280,,,66.2,,,,62.9,,,64.7,0,0,20,0,0,0,0,0,0
Evan Chisolm,162341,WR,TARLETON,1,0,0,401,,,,,,,60.0,,,62.7,0,0,0,0,0,1,0,0,0
Kristian Dalton,162344,HB,TARLETON,11,0,0,401,,,,,,,72.2,,,77.2,0,0,0,0,55,47,0,31,2
Kurt Hatch,162348,T,TARLETON,14,0,0,401,,,77.1,,,,66.0,,,76.5,0,0,73,0,0,0,11,0,0
Ryan McDavid,162356,S,TARLETON,3,0,0,401,59.9,,,,,,60.0,,,67.8,0,0,0,3,0,11,0,0,0
Charlie Mullen,162357,P,TARLETON,13,0,0,401,,,67.3,,,,62.4,,54.0,62.9,0,0,65,0,0,0,4,0,0
Corbin Poston,162359,K,TARLETON,8,0,0,401,,70.8,,,70.4,,61.6,,,68.6,0,0,42,0,9,0,0,0,0
Courtland Stephens,162363,CB,TARLETON,10,0,1,401,,,,,,,50.4,,,28.6,0,2,0,0,4,46,0,29,0
Jed Whitney,162367,LS,TARLETON,14,0,0,401,,,89.9,,,64.9,63.3,,,29.8,1,1,73,0,0,0,62,0,1
Joey Carrillo,162370,ED,UC DAVIS,6,0,0,322,59.5,,,,,,62.4,,,66.6,0,0,0,3,0,0,0,6,0
Cade Cox,162372,K,UC DAVIS,6,0,0,322,,,,,,,61.1,,55.6,69.6,0,0,0,0,0,0,13,0,0
Wyatt Gardner,162377,CB,UC DAVIS,11,0,0,322,60.0,,,,,,68.2,,,72.5,0,0,0,5,57,0,6,8,1
Samuel Gbatu Jr.,162378,WR,UC DAVIS,13,2,0,322,,,,56.6,,,63.9,,,79.4,2,0,0,0,79,25,4,0,2
Angelo Genetti,162379,K,UC DAVIS,10,0,0,322,,,,,74.0,,63.5,,,77.4,1,0,0,0,61,0,0,0,0
Clayton Lynam,162382,ED,UC DAVIS,1,0,0,322,59.6,,,,,,59.8,,,62.4,0,0,0,1,0,0,0,0,0
Macray Madruga,162383,ED,UC DAVIS,14,2,0,322,59.8,,,,,,76.3,,,85.9,0,0,0,1,89,63,18,36,5
David Main,162384,G,UC DAVIS,12,0,0,322,,,76.3,,,,66.0,,,74.2,0,0,62,0,0,0,0,0,0
Benjamin Newman,162385,DI,UC DAVIS,6,0,0,322,58.9,,,,,,60.4,,,69.3,0,0,0,10,0,0,0,4,0
Laviel Pickett,162386,WR,UC DAVIS,2,0,0,322,,,,,,,61.6,,,69.1,0,0,0,0,10,13,0,0,0
Luke Roncevich,162387,DI,UC DAVIS,2,0,0,322,59.2,,,,,,59.3,,,62.3,0,0,0,2,0,0,0,0,0
Tony Villarreal,162390,LS,UC DAVIS,12,0,0,322,,,89.3,,,75.9,69.1,,,63.7,0,0,67,0,0,0,0,0,0
Winston Williams,162391,TE,UC DAVIS,12,0,0,322,,,,,,,61.5,,,72.5,0,0,0,0,2,58,0,0,0
Sam Mason Jr.,162444,CB,ABILENE CH,14,0,0,100,60.0,,,,,,55.3,,,29.1,0,2,0,7,61,15,10,40,1
Moses Alexander,162503,CB,E ILLINOIS,6,0,0,158,59.9,,,,,,62.9,,,74.2,0,0,0,31,0,0,0,21,0
Itty Henry,162508,TE,ABILENE CH,13,0,0,100,,,77.5,,,,67.1,,,80.0,0,0,70,0,1,75,46,0,1
CJ Nelson,162514,WR,E ILLINOIS,2,0,0,158,,,,,,,60.1,,,63.9,0,0,0,0,1,1,0,0,0
James Quinnelly,162529,ED,PENN,3,0,0,267,,,65.5,,,,62.5,,,62.6,0,0,10,0,0,0,0,0,0
Breyden Byrd,162540,ED,WM & MARY,5,0,0,348,59.0,,,,,,60.6,,,67.6,0,0,0,4,1,0,0,4,0
Jacob Rooks,162582,S,STF AUSTIN,10,0,0,301,,,,,,,63.7,,,77.0,0,0,0,0,66,25,0,50,1
Andrew Threatt,162588,T,GARD-WEBB,12,0,0,171,,,75.4,,,,66.1,,,76.6,0,0,54,0,0,0,0,0,0
Omari Allen,162637,G,HAMPTON,11,0,0,178,,,74.3,,,,64.6,,,64.7,0,0,53,0,0,0,0,0,0
Fletcher Marshall Jr.,162650,CB,N IOWA,10,0,0,255,60.0,,,,,,49.7,,,28.5,0,1,0,25,4,0,0,9,0
Jamari Young,162656,LB,GARD-WEBB,12,1,0,171,60.1,,,,,,73.4,,,75.0,0,0,0,15,44,0,24,20,1
Josh Hardy,162668,ED,NC A&T,1,0,0,246,,,,,,,60.0,,,90.4,0,0,0,0,0,0,0,0,0
Jaden Kinard,162684,S,TEXAS STHN,6,1,0,313,,,,,,,69.6,,,68.7,0,0,0,0,13,2,0,0,2
Tre'Vonte Citizen,162731,HB,MCNEESE,4,0,0,217,,,,,,,75.2,,,74.4,0,0,0,0,6,3,4,20,2
Deuce Caldwell II,162740,ED,SAMFORD,9,1,0,282,,,,59.9,,,60.5,,,29.5,0,1,0,0,45,42,0,22,2
Jake Young,162766,TE,W CAROLINA,11,0,0,344,,,75.7,,,,58.2,,,28.2,0,1,65,0,0,5,1,0,0
Curtis Deville,162880,WR,MCNEESE,3,0,0,217,,,,,,,69.7,,,67.7,0,0,0,0,2,13,2,0,1
Andre Oben,162889,T,MONMOUTH,1,0,0,231,,,60.8,,,,61.6,,,62.1,0,0,5,0,0,0,0,0,0
Antonio Chadha,162900,K,W ILLINOIS,12,0,0,345,,78.8,,,74.8,,63.7,,,75.9,0,0,64,0,67,0,0,0,1
Isaac Washington,162927,ED,GRAMBLING,10,0,0,177,58.7,,,,,,60.4,,,69.2,0,0,0,30,0,0,0,10,0
Braxton Baptiste,162928,ED,E KENTUCKY,4,0,0,159,,,,59.9,,,57.8,,,69.9,0,0,0,0,7,21,0,1,0
Donovan Giles,162932,WR,ARKAPB,1,0,0,112,,,,,,,60.0,,,64.0,0,0,0,0,0,0,1,0,0
Casey Judelson,162933,LB,MARIST,7,1,0,213,59.9,,,,,,65.6,,,78.3,0,0,0,6,8,49,22,5,1
Zyion Claville,162954,WR,TEXAS STHN,3,0,0,313,,,,,,,61.6,,,71.1,0,0,0,0,3,16,0,0,0
Caleb Anderson,163066,TE,ALCORN ST,12,0,0,107,,,72.8,,,,60.6,,,73.0,0,0,44,0,0,59,3,2,0
Jaharon Griffin,163070,LB,ALCORN ST,5,0,0,107,60.0,,,,,,58.0,,,73.9,0,0,0,2,0,31,0,0,0
Tyler Dostin,163127,TE,TENN MARTN,13,0,0,310,,,75.9,,,,64.6,,,62.4,0,0,67,0,0,3,0,0,0
Jameel Gardner Jr.,163131,WR,JACKSON ST,2,0,0,194,,,,63.0,,,59.8,60.0,,64.1,0,0,0,0,0,9,0,1,0
Jo Silver,163148,K,MONTANA,3,0,0,232,,60.0,,,68.9,,61.0,,,71.5,0,0,1,0,15,0,0,0,0
Chris Gundy,163167,WR,VALPO,3,0,0,332,,,60.0,,,,62.7,,,64.3,0,0,7,0,0,0,0,3,0
Hunter Roddy,163215,HB,IDAHO ST,9,0,0,186,,,,59.9,,,53.6,,,73.5,2,0,0,0,31,46,0,13,0
Jake Andjelic,163231,K,INDIANA ST,6,0,0,191,,41.8,,,,,60.6,,,65.4,0,0,22,0,0,0,0,0,0
Rashaud Pernell,163235,ED,NC A&T,5,0,1,246,59.3,,,,,,39.3,,,26.2,0,1,0,9,1,0,0,0,0
Kheagian Heckaman,163238,TE,TENN STATE,3,0,0,308,,,62.9,,,,57.0,,,27.8,0,1,11,0,11,0,7,0,1
Zion Allen,163243,CB,SO UTAH,10,0,0,298,59.5,,,,,,60.8,,,72.6,0,0,0,13,2,9,9,11,0
Nathaniel Gillis,163246,CB,N COLORADO,12,1,0,253,59.9,,,,,,64.3,,,79.0,1,0,0,26,26,0,57,10,1
Vae Soifua,163257,G,WEBER ST,3,0,0,342,,,66.2,,,,62.9,,,67.9,0,0,12,0,0,0,0,0,0
Charlie Allen,163261,LB,UC DAVIS,1,0,0,322,,,,,,,61.7,,,65.8,0,0,0,0,5,0,0,0,0
Thomas Le Boucher,163269,T,LAMAR,3,0,0,204,,,66.2,,,,62.7,,,63.3,0,0,11,0,0,0,0,0,0
Patrick Williams II,163278,WR,GRAMBLING,4,0,0,177,,,,,,,60.5,,,70.3,0,0,0,0,0,15,0,6,0
Josh Williamson,163366,CB,MURRAY ST,12,0,0,236,59.6,,,,,,62.9,,,72.4,0,0,0,26,0,0,0,14,0
Miles Bailey,163394,DI,MURRAY ST,11,0,0,236,58.2,,,,,,58.2,,,69.4,0,0,0,28,0,0,0,1,0
Justin Guin,163400,HB,N COLORADO,11,0,0,253,,,,52.7,,,53.6,,,65.8,1,0,0,0,5,75,0,0,0
John Sniffen,163414,DI,UTAHTC,12,0,0,1285,58.1,,60.0,,,,54.7,,,70.7,0,0,1,59,0,0,21,13,0
Austin Okerwa,163438,WR,N ARIZONA,1,0,1,252,,,,,,,30.0,,,25.3,0,1,0,0,0,0,0,4,0
Torrance Farmer,163458,HB,W ILLINOIS,1,0,0,345,,,60.0,,,,60.5,,,60.4,0,0,3,0,0,0,0,0,0
Marquis Harris,163464,TE,GRAMBLING,12,0,1,177,,,,,,,78.3,,,30.5,0,1,0,0,60,13,5,37,2
Simion Hines,163507,S,FL A&M,4,0,0,164,59.8,,,,,,63.7,,,66.1,0,0,0,9,9,0,0,3,0
Jabarrek Hopkins,163526,DI,YNGTOWN ST,10,0,0,353,58.6,,,,,,59.4,,,67.6,0,0,0,20,0,0,0,3,0
Mason Howard,163533,T,WOFFORD,7,0,0,350,,,66.9,,,,57.0,,,71.6,0,0,17,0,0,0,1,0,1
Ryan Nolan,163538,T,NORFOLK,6,0,0,244,,,60.0,,,,61.2,,,65.8,0,0,5,0,0,0,21,0,0
Javen Ware,163569,S,ABILENE CH,14,0,0,100,60.0,,,,,,62.8,,,54.4,0,1,0,2,3,23,24,52,1
Kobe Williams,163580,T,GRAMBLING,1,0,0,177,,,60.0,,,,60.6,,,65.6,0,0,3,0,0,0,0,0,0
Zarian Courtney,163589,WR,TEXAS STHN,1,0,0,313,,,,,,,60.4,,,67.1,0,0,0,0,0,3,0,0,0
Caleb McDougle,163604,S,N ALABAMA,11,1,0,389,60.2,,,,,,80.5,,,83.0,2,0,0,20,47,44,45,46,6
Trustin Northington,163662,S,SAMFORD,9,2,0,282,,,,,,,67.0,,,83.7,2,0,0,0,44,45,54,46,3
Jameson Wharton,163731,CB,TENN TECH,1,0,0,309,60.0,,,,,,60.0,,,63.6,0,0,0,1,0,0,0,0,0
Mekhi Bigelow,163757,LB,NC CENT,9,5,0,247,60.0,,,,,,76.6,,,76.6,0,0,0,3,55,11,0,12,1
Malik Ganaway,163762,CB,TENN STATE,3,0,0,308,60.0,,,,,,61.9,,,67.5,0,0,0,1,0,0,0,5,0
Dylan Gary,163785,WR,W GEORGIA,1,0,0,1177,,,,,,,60.0,,,64.9,0,0,0,0,0,1,0,0,0
Max Dowling,163805,TE,TENN MARTN,14,0,0,310,,,77.4,,,,64.4,,,70.2,0,0,76,0,0,30,0,0,0
Davion Westmoreland,163818,ED,FL A&M,12,0,0,164,58.8,,,,,,60.1,,,69.3,0,0,0,42,0,0,0,7,0
Erik Gray,163869,C,STF AUSTIN,7,0,0,301,,,72.2,,,,56.2,,,27.9,0,1,37,0,0,0,1,0,0
Luke Shields,163875,WR,TENN TECH,5,0,0,309,,,,,,,58.7,,,74.4,0,0,0,0,0,23,12,7,0
Treyvhon Saunders,163878,WR,COLGATE,7,0,0,142,,,,58.2,,,61.0,68.8,,66.0,0,0,0,0,0,4,0,24,0
Walker Adkinson,163879,LS,FORDHAM,12,0,1,168,,,81.2,,,75.7,81.3,,,29.6,2,1,33,0,0,0,70,0,6
Jack Betten,163880,WR,FORDHAM,5,0,0,168,,,,,,,46.3,,,27.9,0,1,0,0,0,21,0,8,0
Sam Buerkle,163881,DI,FORDHAM,12,0,0,168,81.8,,70.9,,,,89.9,,,72.9,0,0,33,38,0,5,0,13,0
Matt Buron,163882,TE,FORDHAM,12,0,0,168,,,70.7,,,,61.7,,,73.5,0,0,33,0,5,7,56,0,1
Jack Capaldi,163883,QB,FORDHAM,1,0,0,168,,,,,,,60.0,,,63.6,0,0,0,0,1,0,0,0,0
Peter Chalhoub,163884,ED,FORDHAM,10,0,0,168,59.5,,,,,,59.4,,,72.1,0,0,0,16,0,54,0,3,0
Jayln Evans,163886,S,FORDHAM,5,0,0,168,,,,,,,63.5,,,72.9,0,0,0,0,0,4,0,21,0
Will Haslett,163889,K,FORDHAM,12,0,0,168,,,64.8,,60.0,,63.6,,47.6,74.8,0,0,33,0,1,0,70,0,1
Mason Hatfield,163890,HB,FORDHAM,8,0,0,168,,,,60.1,,,60.7,62.0,,66.3,0,0,0,0,0,41,0,30,0
Jack Kaiser,163892,HB,FORDHAM,10,0,0,168,,,,59.6,,,60.8,,,79.2,1,0,0,0,41,60,6,9,2
Alex Kemper,163893,CB,FORDHAM,12,0,0,168,59.5,,,,,,53.5,,,81.8,3,0,0,52,10,0,32,30,0
Duke Leonard,163894,G,FORDHAM,8,0,0,168,,,71.3,,,,63.8,,,63.6,0,0,23,0,0,0,0,0,0
Nick Pasquarella,163901,LB,FORDHAM,8,0,0,168,60.0,,,,,,55.9,,,72.1,2,0,0,22,3,20,23,0,1
Claudy Robinson,163904,DI,FORDHAM,12,0,0,168,57.8,,,,,,54.8,,,71.9,1,0,0,40,0,0,6,8,0
Colby Spencer,163907,DI,FORDHAM,12,0,0,168,58.7,,,59.6,,,48.2,,,29.0,0,2,0,22,0,54,10,2,0
Michael Thorn,163908,DI,FORDHAM,11,0,0,168,58.6,,,,,,49.4,,,70.5,1,0,0,17,9,11,64,4,4
Chris Tuck II,163910,LB,FORDHAM,4,1,0,168,,,,,,,66.2,,,74.1,0,0,0,0,10,11,0,20,0
Graham Felgar,163913,LB,GEORGETOWN,2,0,0,172,,,,,,,60.9,,,69.3,0,0,0,0,0,8,0,0,0
Tommy Bestpitch,163914,S,HOLY CROSS,10,0,0,181,60.1,,,,,,63.1,,,78.5,2,0,0,5,54,8,0,27,2
Sam Boyer,163916,LB,HOLY CROSS,12,1,0,181,60.1,,,,,,64.2,,,83.5,0,0,0,37,64,51,53,50,6
Joe Metzger,163920,G,HOLY CROSS,8,0,0,181,,,71.0,,,,64.3,,,73.4,0,0,31,0,0,0,0,0,0
Max Mosey,163921,WR,HOLY CROSS,12,0,0,181,,,,58.2,,,48.9,,,45.2,2,1,0,0,0,5,53,35,0
Cam Nolan,163922,G,HOLY CROSS,12,0,0,181,,,77.5,,,,60.4,,,28.6,0,1,57,0,0,0,0,0,0
John Owens,163924,TE,HOLY CROSS,12,0,0,181,,,74.8,,,,55.6,,,29.6,0,1,56,0,0,56,0,0,0
Colin Reynolds,163926,ED,HOLY CROSS,11,0,0,181,58.7,,72.9,,,,62.0,,,73.5,0,0,40,41,0,0,0,0,0
Christian Ross,163927,ED,HOLY CROSS,12,0,0,181,59.7,,,,,,61.0,,,68.6,0,0,0,47,0,0,53,0,0
Nathan Schillinger,163929,TE,HOLY CROSS,3,0,0,181,,,62.1,,,,62.7,,,70.0,0,0,11,0,0,0,0,0,0
Blake Youngblood,163931,WR,HOLY CROSS,9,0,0,181,,,,,,,60.4,,,75.3,0,0,0,0,9,25,0,21,0
CJ Abell,163932,T,LEHIGH,13,0,0,205,,,75.2,,,,50.1,,,27.1,0,2,57,0,0,0,0,0,0
DJ Brown,163933,S,LEHIGH,13,0,0,205,59.8,,,,,,61.7,,,83.4,1,0,0,10,47,42,45,31,2
Michael Jordan Jr.,163934,CB,N ALABAMA,3,0,0,389,59.9,,,,,,62.0,,,70.1,0,0,0,4,6,12,0,6,0
Ashton Grable,163953,G,FL A&M,1,0,0,164,,,60.0,,,,60.0,,,64.8,0,0,1,0,0,0,0,0,0
Elijah Baker,163984,T,ALABAMA ST,3,0,0,105,,,63.8,,,,62.5,,,64.2,0,0,14,0,0,0,0,0,0
Khayman Barnes,163985,WR,ALABAMA ST,12,1,0,105,,,,,,,67.2,61.0,,75.6,0,0,0,0,6,40,0,13,0
Jakeem Fletcher,163993,DI,ALABAMA ST,9,0,0,105,58.4,,,,,,59.8,,,68.6,0,0,0,15,0,0,1,5,0
Keane Lewis,163997,S,ALABAMA ST,12,2,0,105,60.5,,,60.0,,,90.0,,,75.5,1,0,0,26,55,2,0,55,8
Terrell Lightfoot Jr,163998,ED,ALABAMA ST,5,0,0,105,59.8,,,,,,62.7,,,67.6,0,0,0,4,5,0,0,4,0
LeBron Morgan,164002,S,TENN MARTN,12,1,0,310,59.8,,,,,,77.2,,,79.4,0,0,0,7,69,0,10,51,3
Myles Richardson,164005,ED,ALABAMA ST,8,0,0,105,59.4,,70.0,,,,68.3,,,67.9,0,0,30,5,1,0,28,3,1
Kendyle Ball,164012,ED,AUSTINPEAY,9,0,0,116,59.4,,,59.9,,,64.8,,,70.0,0,0,0,7,10,9,0,8,1
Gerard Bullock Jr.,164014,TE,TENN STATE,13,1,0,308,,,74.5,,,,64.3,,,28.8,1,3,53,0,43,50,57,42,4
DJ Carter,164015,WR,AUSTINPEAY,11,2,0,116,,,,,,,69.5,,,80.7,1,0,0,0,50,59,38,6,3
TJ Cox Jr.,164016,LB,AUSTINPEAY,5,1,0,116,60.0,,,,,,75.4,,,68.6,0,0,0,1,22,20,0,0,0
Michael Evans,164018,CB,AUSTINPEAY,11,0,0,116,59.7,,,,,,57.4,,,28.9,0,1,0,8,43,2,0,18,1
Jeremiah Flemmons,164021,WR,AUSTINPEAY,9,0,0,116,,,,,,,63.0,,,76.4,1,0,0,0,39,22,13,9,1
Donovan Haslam,164024,T,AUSTINPEAY,10,0,0,116,,,72.8,,,,56.4,,,28.6,0,1,48,0,0,0,0,0,0
Ellis Ellis Jr.,164025,CB,AUSTINPEAY,11,0,1,116,59.6,,,,,,38.7,,,27.1,1,4,0,31,43,12,18,29,1
Jaden Lyles,164028,S,AUSTINPEAY,12,0,0,116,59.8,,,,,,63.1,,,69.5,0,0,0,57,1,2,0,29,0
Collins Malone,164029,LB,AUSTINPEAY,1,0,0,116,60.0,,,,,,60.0,,,62.9,0,0,0,1,0,0,0,0,0
KT Owens,164033,ED,AUSTINPEAY,11,0,0,116,58.3,,,,,,56.5,,,70.6,1,0,0,21,9,0,0,14,0
Tra Stover,164037,CB,AUSTINPEAY,1,0,0,116,,,,,,,60.0,,,64.1,0,0,0,0,0,0,0,1,0
Rashaud Thomas Jr.,164038,LB,NC CENT,2,0,0,247,,,,,,,62.6,,,66.9,0,0,0,0,5,0,0,2,0
Tim Artis Jr.,164053,G,HOWARD,2,0,0,184,,,64.8,,,,62.4,,,62.5,0,0,9,0,0,0,0,0,0
Jayden Bell,164057,S,IDAHO ST,12,1,0,186,60.3,,,,,,79.4,,,81.0,2,0,0,43,50,7,45,38,3
Dason Brooks,164060,HB,IDAHO ST,12,0,0,186,,,,,,,67.0,,,77.1,1,0,0,0,61,63,19,18,3
Deville Dickerson,164065,CB,IDAHO ST,12,0,0,186,59.2,,,,,,64.3,,,76.1,0,0,0,66,0,0,0,33,0
Aiden Garcia,164067,WR,IDAHO ST,8,2,0,186,,,,,,,71.7,,,72.1,0,0,0,0,32,21,5,2,0
Jaedon Garcia,164068,G,IDAHO ST,12,0,0,186,59.6,,79.0,,,,65.7,,,64.6,0,0,64,3,0,0,0,0,0
Curtis Hill,164070,DI,IDAHO ST,1,0,0,186,,,60.0,,,,60.0,,,61.6,0,0,1,0,0,0,0,0,0
Keoua Kauhi,164075,HB,IDAHO ST,12,0,0,186,,,,56.5,,,64.3,,,70.1,0,0,0,0,27,76,0,1,1
Julian Mason,164078,WR,IDAHO ST,4,0,0,186,,,,,,,74.6,,,74.8,1,0,0,0,18,0,17,10,3
Kris Sanchez,164081,LB,IDAHO ST,12,0,0,186,59.7,,,,,,60.5,61.0,,67.0,0,0,0,65,4,0,0,2,0
Teilor Tuioti,164090,LB,IDAHO ST,3,0,0,186,60.3,,,,,,60.7,,,71.2,0,0,0,15,0,13,7,0,0
Trevon Kleint,164095,WR,MOREHEAD,6,0,0,234,59.7,,62.9,,,,61.7,,,69.1,0,0,11,6,9,11,7,0,0
Dax Bridges,164097,WR,STF AUSTIN,1,0,0,301,,,,,,,61.5,,,65.5,0,0,0,0,4,0,0,0,0
Kylon Harris,164101,WR,STF AUSTIN,10,0,0,301,,,,56.5,,,59.2,52.0,,67.3,0,0,0,0,0,16,2,32,0
Ian Morgan,164110,T,STF AUSTIN,8,0,0,301,,,73.4,,,,65.0,,,73.4,0,0,44,0,0,0,0,0,0
Aaron Sears,164111,S,STF AUSTIN,4,0,0,301,59.9,,,,,,59.7,,,68.4,0,0,0,7,6,0,13,0,0
Jaydon Southard,164112,LB,STF AUSTIN,12,0,0,301,59.9,,,,,,64.0,,,70.1,0,0,0,17,30,0,0,10,0
Jerrell Wimbley,164117,HB,STF AUSTIN,11,0,0,301,,,,59.0,,,64.0,,,79.0,0,0,0,0,0,30,44,44,0
Ben Bergfeld,164119,LS,W ILLINOIS,12,1,0,345,,,61.7,,,42.4,59.0,,,66.6,0,0,64,0,0,0,43,0,0
JoJo Bermudez,164134,WR,DELAWARE,4,0,0,151,,,,72.3,,,59.8,,,62.9,0,0,0,0,0,14,0,0,0
Andrew Sharga,164185,DI,LEHIGH,10,0,0,205,58.5,,,,,,59.6,,,67.5,0,0,0,14,0,0,0,5,0
Jace Tutty,164190,S,YNGTOWN ST,7,0,0,353,,,,,,,61.5,,,74.9,0,0,0,0,2,43,0,5,0
Bobby Walchak,164191,ED,CAMPBELL,8,0,0,131,,,,,,,62.7,,,71.3,0,0,0,0,4,28,0,12,0
Jace Benesch,164198,LB,CENT ARK,12,1,0,132,59.4,,,,,,64.3,,,35.0,0,1,0,51,66,0,0,44,1
Isaiah Broadway,164201,HB,CENT ARK,6,0,0,132,,,,60.0,,,59.5,,,69.1,0,0,0,0,0,32,0,0,0
Deorius Cobbs,164204,ED,CENT ARK,10,0,0,132,58.5,,,,,,59.8,,,68.2,0,0,0,27,5,0,0,4,0
Zach Cochnauer,164205,T,CENT ARK,10,0,0,132,,,,,,,57.6,,,67.3,0,0,0,0,0,0,27,0,0
Will Diggins,164207,G,CENT ARK,12,0,0,132,,,78.9,,,,62.0,,,66.1,0,0,63,0,0,0,10,0,0
Triston Edwards,164208,WR,CENT ARK,2,0,0,132,,,,,,,60.0,,,64.5,0,0,0,0,0,0,2,0,0
Zane Hayman,164210,G,TXAMEA,12,0,0,1139,,,76.5,,,,65.1,,,64.0,0,0,46,0,0,0,0,0,0
Samuel Horton,164212,ED,CENT ARK,11,0,0,132,58.7,,,,,,64.0,,,78.0,1,0,0,8,32,15,3,17,2
Javeon Jones,164213,DI,CENT ARK,12,0,0,132,71.1,,,,,,78.0,,,66.9,0,0,0,37,0,0,0,2,0
Isaiah King,164217,WR,CENT ARK,5,0,0,132,,,,,,,60.8,,,72.4,0,0,0,0,0,21,1,0,0
Austin Myers,164221,QB,CENT ARK,1,0,0,132,,,,,,,60.0,,60.0,63.3,0,0,0,0,0,0,1,0,0
Jordan Owens,164222,TE,CENT ARK,11,0,0,132,,,71.3,59.2,,,57.2,,,71.1,0,0,35,0,0,54,10,0,0
Chaylin Peine,164223,T,CENT ARK,12,0,0,132,,,,,,,61.2,,,66.2,0,0,0,0,0,0,45,0,0
Tyler Siddons,164227,TE,CENT ARK,12,0,0,132,,,76.5,,,,66.6,,,76.6,0,0,61,0,0,0,0,2,0
Manny Smith,164229,WR,CENT ARK,7,0,0,132,,,,66.6,,,58.1,,,64.6,0,0,0,0,0,31,2,1,0
David Walker,164231,ED,CENT ARK,12,0,0,132,58.0,,,,,,52.8,,,28.8,1,1,0,49,15,0,0,5,2
TD Williams,164233,CB,CENT ARK,10,0,0,132,59.7,,,,,,62.4,,,71.4,0,0,0,31,3,1,1,18,0
Dillon Williams,164234,S,CENT ARK,12,2,0,132,59.4,,,,,,61.5,,,73.7,1,0,0,53,59,0,0,5,0
Matthew Ballentine,164236,CB,SAN DIEGO,6,0,0,283,59.9,,,,,,62.7,,,71.9,0,0,0,6,0,0,0,25,0
Brad Gurley Jr.,164245,ED,E KENTUCKY,10,0,0,159,58.8,,62.8,,,,61.3,,,69.1,0,0,12,12,0,0,15,3,0
Cameron Hergott,164247,QB,E KENTUCKY,13,0,0,159,,,66.2,,,,62.0,,,61.1,0,0,48,0,0,0,0,0,0
Jaylen Houston,164248,S,E KENTUCKY,12,0,0,159,60.0,,,,,,60.1,,,37.3,0,1,0,2,53,51,0,34,0
Anthony Johns,164249,C,E KENTUCKY,13,1,0,159,,,,,,,60.7,,,28.5,0,1,0,0,0,0,62,0,0
Kyeaure Magloire,164255,CB,W GEORGIA,8,1,0,1177,59.4,,,,,,56.6,,,39.2,0,2,0,37,31,0,0,49,2
Mickel Clay,164277,T,N ALABAMA,10,0,0,389,,,70.8,,,,63.8,,,65.0,0,0,37,0,0,0,0,0,0
E.J. Colbert,164278,ED,N ALABAMA,8,0,0,389,59.6,,,,,,60.9,,,66.8,0,0,0,16,0,0,0,5,0
Jalyn Daniels,164280,HB,N ALABAMA,1,0,0,389,,,,,,,59.8,,,65.8,0,0,0,0,0,0,2,0,0
Raykwon Goldthwaite,164286,T,N ALABAMA,2,0,0,389,,,60.0,,,,61.1,,,66.1,0,0,4,0,0,0,0,0,0
Kaleb Heatherly,164290,TE,N ALABAMA,11,0,0,389,,,73.1,,,,65.1,,,73.9,0,0,42,0,0,2,0,0,0
Cameron Jamar,164298,CB,N ALABAMA,11,0,0,389,60.0,,,,,,64.1,,,64.8,0,1,0,27,38,60,48,45,1
Ryan Madison,164302,LB,N ALABAMA,2,0,0,389,59.9,,,,,,60.8,,,66.0,0,0,0,1,0,0,0,2,0
Jake McCluskey,164303,DI,N ALABAMA,1,0,0,389,59.3,,,,,,60.0,,,64.4,0,0,0,2,0,0,0,1,0
Garrick Ponder,164307,ED,N ALABAMA,9,0,0,389,59.5,,,,,,61.5,,,72.6,0,0,0,27,0,7,5,11,0
Dakota Warfield,164316,WR,N ALABAMA,2,0,0,389,,,,,,,59.9,,,65.4,0,0,0,0,0,2,1,0,0
Ashaad Williams,164318,CB,N ALABAMA,11,0,0,389,59.4,,,,,,64.7,,,80.7,0,0,0,32,0,0,0,43,0
Barry Womack,164320,S,N ALABAMA,6,0,0,389,60.0,,,,,,66.6,,,69.2,0,0,0,8,14,14,0,3,1
Collin Wright,164321,G,N ALABAMA,7,0,0,389,,,70.4,,,,63.6,,,63.2,0,0,20,0,0,0,0,0,0
Boston Wilson,164332,CB,CAL POLY,11,1,0,129,60.2,,,,,,64.5,,,70.3,0,0,0,25,20,0,0,2,0
Ben Voigtlaender,164334,ED,E WASHGTON,12,0,0,161,58.9,,,,,,62.5,,,69.5,0,0,0,17,0,1,0,23,0
Austin York,164335,TE,E WASHGTON,12,0,0,161,,,76.7,61.8,,,58.0,,,82.1,1,0,63,0,16,79,31,10,0
Aamarii Notice,164336,DI,IDAHO,3,0,0,185,59.5,,,,,,60.6,,,66.5,0,0,0,3,0,0,0,5,0
Cameron Pope,164341,P,IDAHO,14,0,0,185,,68.6,,,57.6,,62.2,,61.0,70.2,0,0,65,0,14,0,3,0,0
Devante Keys,164347,ED,TXAMEA,10,0,0,1139,76.9,,,,,,86.0,,,76.5,0,0,0,27,0,0,0,5,0
Hayden Kincheloe,164350,HB,IDAHO,2,0,0,185,,,,,,,61.0,,,64.1,0,0,0,0,3,0,0,0,0
Murvin Kenion III,164351,S,SACRAMENTO,12,0,0,279,59.9,,,,,,61.1,,,65.4,0,0,0,55,2,0,0,4,0
Joel Jameson,164359,T,HOUCHR,9,0,0,183,,,74.0,,,,64.1,,,66.8,0,0,50,0,0,0,1,0,0
Cooper Barnum,164376,LB,MONTANA,13,1,0,232,59.8,,,,,,69.2,,,80.6,1,0,0,4,65,46,4,24,2
Christian Anaya,164384,WR,W ILLINOIS,2,0,0,345,,,,,,,60.2,,,64.5,0,0,0,0,2,0,0,0,0
Takhari Carr,164386,CB,MONTANA ST,9,0,0,233,60.1,,,,,,62.5,,,71.9,0,0,0,10,8,10,0,2,0
Taco Dowler,164387,WR,MONTANA ST,16,0,0,233,,,,60.0,,,60.7,91.7,,72.9,0,0,0,0,1,12,17,87,0
Caden Dowler,164388,S,MONTANA ST,5,0,0,233,59.8,,,,,,56.3,,,66.4,0,0,0,11,6,0,6,1,0
Logan Fredericksen,164389,ED,MONTANA ST,3,0,0,233,59.8,,,,,,60.5,,,64.5,0,0,0,3,0,0,0,1,0
Ryan Krahe,164392,LB,MONTANA ST,8,0,0,233,60.2,,,,,,76.0,,,64.5,0,0,0,7,0,1,1,3,1
Burke Mastel,164393,G,MONTANA ST,9,0,0,233,,,75.4,,,,65.5,,,73.9,0,0,53,0,0,0,0,0,0
Conner Moore,164394,T,MONTANA ST,5,0,0,233,,,70.3,,,,64.1,,,73.2,0,0,28,0,0,0,0,0,0
Max Murphy,164396,TE,MONTANA ST,14,0,0,233,,,,,,,79.7,,,89.6,0,0,0,0,101,33,0,4,3
Tommy Nilson,164397,G,MONTANA ST,5,0,0,233,,,73.2,,,,64.8,,,71.7,0,0,33,0,0,0,0,0,0
Rylan Schlepp,164401,TE,MONTANA ST,15,0,0,233,,,79.3,59.9,,,64.7,,,72.7,0,0,97,0,6,46,0,5,0
Jake Vigen,164404,ED,MONTANA ST,9,0,0,233,59.1,,,,,,60.0,,,65.1,0,0,0,7,0,0,0,2,0
Jared White,164405,HB,MONTANA ST,12,0,0,233,,,,59.6,,,67.7,,,71.6,0,0,0,0,11,39,6,16,0
Chase Belcher,164410,HB,W GEORGIA,10,1,0,1177,,,,58.8,,,67.0,,,40.6,1,1,0,0,28,45,44,0,5
Brevin Czosnyka,164416,S,N ARIZONA,13,0,0,252,60.0,,,,,,69.8,,,81.7,0,0,0,4,31,12,2,45,0
B.J. Fleming,164418,WR,N ARIZONA,2,0,0,252,,,,59.4,,,60.1,,,63.5,0,0,0,0,1,4,0,0,0
Braden Kramer,164423,TE,N ARIZONA,13,1,0,252,,,77.0,59.9,,,58.5,,,29.7,0,1,65,0,0,57,39,0,0
Isaiah Lopez,164425,HB,N ARIZONA,4,0,0,252,,,,,,,64.7,,,72.1,0,0,0,0,13,0,1,8,0
Marcus Lye,164426,K,N ARIZONA,13,0,0,252,,71.7,,,82.7,,63.6,,,76.3,0,0,35,0,66,0,0,0,0
Dwayne McDougle III,164427,S,IDAHO,14,0,0,185,59.6,,,63.0,,,90.0,,,83.3,0,0,0,41,63,22,41,48,8
Alexis Sanchez,164434,G,N ARIZONA,12,0,0,252,,,78.6,,,,66.0,,,66.8,0,0,62,0,0,0,0,0,0
Brandon Wong,164437,ED,N ARIZONA,13,0,0,252,60.0,,,,,,67.6,,,36.4,1,1,0,24,54,7,32,30,0
Jordan Davis,164439,LB,N COLORADO,1,0,0,253,,,,,,,60.0,,,22.9,0,1,0,0,0,0,0,1,0
Christian Delacruz,164440,T,PORTLAND,2,0,0,269,,,60.8,,,,45.4,,,26.1,0,1,9,0,0,0,0,0,0
Charles Garrison,164441,TE,N COLORADO,12,0,0,253,,,68.5,,,,60.7,,,68.3,0,0,24,0,1,4,78,0,0
Solomon Wacays,164450,DI,N COLORADO,1,0,0,253,59.6,,,,,,59.8,,,62.0,0,0,0,1,0,0,0,0,0
Davin Beason,164451,LB,PORTLAND,11,3,0,269,60.1,,,,,,68.0,,,63.3,0,1,0,6,64,78,47,11,2
Jaxton Helmstetler,164454,LB,PORTLAND,10,0,0,269,59.8,,,,,,61.4,,,74.6,0,0,0,10,1,59,0,21,0
Fyodor Henrichs-Tarasenkov,164455,K,PORTLAND,2,0,0,269,,,,,64.1,,60.0,,,67.8,0,0,0,0,4,0,0,0,0
Michael MacNeill,164458,DI,PORTLAND,2,0,0,269,,,,,,,60.5,,,68.0,0,0,0,0,0,7,0,0,0
Hezephaniah Po Ching,164460,C,PORTLAND,4,0,0,269,,,69.4,,,,63.4,,,64.1,0,0,18,0,0,0,0,0,0
Koa Akui,164465,S,SACRAMENTO,1,0,0,279,,,,,,,75.0,,,67.9,0,0,0,0,2,3,0,1,0
AJ Campos,164467,LS,SACRAMENTO,12,0,0,279,,,88.6,,,89.0,80.3,,,66.7,0,0,63,0,0,0,45,0,2
Lamont Johnson-Burrell,164469,CB,SACRAMENTO,6,0,0,279,60.3,,,,,,63.7,,,70.4,0,0,0,11,0,0,0,11,0
Cal McGough,164470,P,SACRAMENTO,12,0,0,279,,,67.2,,,,50.2,,68.6,29.8,1,3,63,0,2,0,50,0,0
Uilisoni Amone,164471,DI,UC DAVIS,13,0,0,322,58.6,,,,,,59.9,,,68.1,0,0,0,27,0,0,0,6,0
Peyton Beck,164472,WR,WEBER ST,1,0,0,342,,,,,,,62.3,,,68.0,0,0,0,0,8,0,0,1,0
Ben Beecher,164473,DI,WEBER ST,7,0,0,342,58.6,,,,,,41.0,,,26.3,0,1,0,9,0,3,0,1,0
Steven Bryant,164474,DI,WEBER ST,9,0,0,342,80.9,,,,,,90.0,,,67.1,0,0,0,23,0,0,0,4,0
Sloan Calder,164476,K,WEBER ST,11,1,0,342,,56.4,,,79.4,,63.5,,,76.9,1,0,9,0,62,0,0,0,2
Kevin Enriquez,164478,LB,WEBER ST,12,1,0,342,59.9,,,,,,67.6,,,86.8,0,1,0,2,36,65,1,51,0
Kao Hansen,164479,S,WEBER ST,11,0,0,342,59.7,,,,,,65.0,,,66.1,0,0,0,24,12,1,0,4,1
Noah Nahas,164485,CB,WEBER ST,9,0,0,342,,,,,,,84.7,,,72.2,0,0,0,0,25,0,10,5,6
Keayen Nead,164486,TE,WEBER ST,12,1,0,342,,,76.3,59.9,,,67.9,,,73.8,0,0,65,0,2,27,46,0,0
Steven Shoats-Thomas,164489,HB,E KENTUCKY,5,1,0,159,,,,,,,67.0,,,66.4,0,0,0,0,21,0,0,0,0
Lavaka Taukeiaho,164490,G,WEBER ST,7,0,0,342,,,74.2,,,,65.1,,,72.3,0,0,38,0,0,0,0,0,0
Raimoana Tinirauarii,164492,LB,WEBER ST,12,0,0,342,59.8,,,,,,61.6,,,74.2,0,0,0,25,0,56,46,10,1
LeDell Finister,164496,C,CAMPBELL,8,0,0,131,,,72.6,,,,64.1,,,64.4,0,0,30,0,0,0,0,0,0
Ty Anderson,164498,LB,E TENN ST,11,1,0,157,59.8,,,,,,63.6,,,67.3,1,0,0,30,12,2,0,12,1
Darius Johnson Jr.,164502,CB,GARD-WEBB,11,0,0,171,59.9,,,,,,71.1,,,82.9,0,0,0,5,51,16,42,39,4
Will McCraw,164503,G,E TENN ST,12,0,0,157,,,75.8,,,,64.8,,,69.3,0,0,62,0,0,0,1,0,0
Hakeem Meggett,164505,WR,E TENN ST,4,0,0,157,,,,,,,62.0,,,67.8,0,0,0,0,9,1,6,5,0
Mack David II,164510,LB,NC A&T,7,0,0,246,59.9,,,,,,56.0,,,70.4,1,0,0,34,3,5,31,4,0
Jack Barnum,164514,P,CENT CT ST,13,0,0,133,,76.3,,,64.6,,63.7,,,76.0,2,0,56,0,67,0,0,0,1
Brock Boyer,164516,DI,ALBANY,3,0,0,106,59.7,,,,,,60.8,,,65.1,0,0,0,1,0,0,0,2,0
Jake Lezzer,164521,WR,ALBANY,10,0,0,106,,,,,,,63.2,,,73.1,0,0,0,0,0,52,0,16,0
Carter Moses,164523,TE,ALBANY,12,0,0,106,,,73.0,,,,64.1,,,61.8,0,0,45,0,0,1,0,0,0
Parris Smiley,164526,S,ALBANY,12,1,0,106,59.9,,,,,,74.7,,,56.8,1,1,0,11,46,53,37,18,4
Griffin Woodell,164528,HB,ALBANY,1,0,0,106,,,,,,,60.0,,,63.3,0,0,0,0,0,0,0,1,0
Shoes Brinkley,164529,S,MCNEESE,3,0,0,217,,,,,,,64.0,,,68.4,0,0,0,0,8,0,0,8,0
Melkart Abou Jaoude,164530,ED,DELAWARE,11,0,0,151,59.2,,60.0,,,,61.2,,,72.4,0,0,1,35,0,0,0,13,0
Dominick Brogna,164532,DI,DELAWARE,10,0,0,151,58.9,,,,,,62.7,,,72.8,0,0,0,5,0,0,0,10,0
Santino Correa,164535,WR,MARIST,7,0,0,213,,,,,,,57.6,,,76.0,0,0,0,0,0,42,29,1,0
Steven Demboski,164536,C,DELAWARE,8,0,0,151,,,72.4,,,,64.6,,,72.7,0,0,38,0,0,0,0,0,0
Gary Seigler,164547,S,DELAWARE,3,0,0,151,,,,,,,54.9,,,67.4,0,0,0,0,0,0,0,7,0
Elijah Sessoms,164548,TE,DELAWARE,11,0,0,151,,,74.0,,,,65.7,,,71.0,0,0,52,0,0,27,0,0,0
Jo Silver,164549,HB,DELAWARE,1,0,0,151,,,,,,,60.1,,,63.5,0,0,0,0,0,0,0,5,0
Erick Stranko,164550,LB,DELAWARE,11,0,0,151,59.7,,,,,,69.2,,,81.5,0,0,0,1,66,39,0,35,1
Nic Cruji,164552,G,MAINE,12,0,0,212,,,75.8,,,,65.0,,,63.9,0,0,42,0,0,0,0,0,0
Daren Ormeregie,164553,CB,MAINE,8,0,0,212,60.0,,,,,,74.6,,,73.3,0,0,0,1,37,0,0,30,5
Francisco Pratt III,164554,TE,MAINE,8,0,0,212,,,,44.8,,,60.2,,,69.0,0,0,0,0,0,49,0,0,0
Gianni Rossitto,164555,WR,MAINE,3,0,0,212,,,,,,,63.5,,,70.0,0,0,0,0,5,0,0,14,0
Symon Sathler,164556,HB,MAINE,12,0,0,212,,,,,,,61.6,,,77.6,0,0,0,0,0,68,0,0,0
Nic Swanson,164557,S,MAINE,1,0,0,212,59.4,,,,,,59.5,,,63.4,0,0,0,3,0,0,0,0,0
Tyler Williams,164559,T,MAINE,5,0,0,212,,,64.6,,,,62.6,,,66.0,0,0,15,0,0,0,0,0,0
Owen Bill,164560,WR,MONMOUTH,6,0,0,231,,,,,,,60.2,,,73.8,0,0,0,0,2,7,5,15,0
Connor Farrell,164562,ED,MONMOUTH,2,0,0,231,60.0,,,,,,60.2,,,64.0,0,0,0,1,0,0,0,1,0
Makhi Green,164564,HB,MONMOUTH,12,0,0,231,,,,66.7,,,60.7,47.9,,69.9,0,0,0,0,16,72,3,38,0
Shalik Hubbard,164565,G,MONMOUTH,12,0,0,231,,,75.3,,,,64.9,,,66.6,0,0,65,0,0,0,0,0,0
Samuel Korpoi,164566,S,MONMOUTH,12,0,0,231,59.1,,,,,,60.7,,,73.5,1,0,0,55,25,12,4,15,2
Damir McCrary,164568,LB,MONMOUTH,11,1,0,231,59.6,,,,,,54.9,,,29.2,2,2,0,28,31,10,24,15,1
Miles Mitchell,164569,ED,MONMOUTH,12,0,0,231,58.8,,,,,,60.4,,,71.1,0,0,0,43,0,0,0,9,0
Patrick Murphy,164570,S,MONMOUTH,8,0,0,231,60.0,,,,,,60.0,,,75.2,0,0,0,2,0,43,0,1,0
Gavin Nelson,164571,WR,MONMOUTH,10,0,0,231,,,,59.9,,,65.6,,,72.5,0,0,0,0,2,3,0,25,1
Bryce Rooks,164574,ED,MONMOUTH,1,0,0,231,,,60.0,,,66.0,60.0,,,60.8,0,0,1,0,0,0,0,0,0
Charlie Sasso,164575,LB,MONMOUTH,8,1,0,231,59.6,,,,,,69.1,,,73.9,0,0,0,16,24,0,0,5,1
Korede Sogbesan,164577,ED,MONMOUTH,1,0,0,231,60.0,,,,,,60.0,,,61.7,0,0,0,1,0,0,0,0,0
Sam Brecker,164580,WR,NEW HAMP,7,0,0,240,,,,54.4,,,63.2,,,70.0,0,0,0,0,3,29,2,0,1
Josh Fillion,164583,WR,NEW HAMP,10,0,0,240,,,,,,,70.2,,,74.7,0,0,0,0,2,33,29,9,2
Huck Flanagan,164584,ED,NEW HAMP,12,0,0,240,,,74.5,,,,65.7,,,75.6,0,0,49,0,0,0,0,0,0
Kevin Gallic,164585,LS,NEW HAMP,13,1,0,240,,,87.0,,,85.6,88.9,,,29.8,0,1,55,0,0,0,60,0,1
Anthony Ferrelli,164606,LB,STNY BROOK,12,1,0,303,59.8,,,,,,67.5,,,71.9,1,0,0,48,10,1,22,32,1
Jayce Freeman,164607,WR,STNY BROOK,9,0,0,303,,,,60.0,,,60.9,,,65.9,0,0,0,0,1,39,0,4,0
Nathan Lee,164614,S,STNY BROOK,9,0,0,303,,,,,,,66.3,,,72.9,0,0,0,0,1,2,0,19,0
Willensky Nicolas,164620,CB,STNY BROOK,2,0,0,303,,,,,,,60.2,,,66.8,0,0,0,0,0,0,1,1,0
Justin Reshard,164621,WR,STNY BROOK,8,0,0,303,,,,,,,63.5,,,73.3,0,0,0,0,0,1,1,18,0
Jace Rodriguez,164622,G,UC DAVIS,11,0,0,322,,,74.9,,,,64.8,,,66.6,0,0,61,0,0,0,0,0,0
Trey Wallman,164626,LS,STNY BROOK,12,0,0,303,,,88.8,,,69.8,73.0,,,67.3,0,0,65,0,0,0,62,0,1
Myles Brodie,164630,CB,TOWSON,10,0,0,317,59.8,,,,,,62.6,,,74.1,0,0,0,39,0,0,0,5,0
Kevin Gaston,164632,G,TOWSON,12,0,0,317,,,75.0,,,,64.8,,,65.7,0,0,54,0,0,0,0,0,0
Dumkele Idehen,164634,LB,TOWSON,11,0,0,317,59.8,,,,,,61.9,,,69.0,0,0,0,54,15,0,0,0,0
Ethan MacNair,164636,S,WAGNER,8,1,0,338,,,,,,,66.7,,,80.5,2,0,0,0,28,26,38,21,4
Joden Nelson,164638,G,TOWSON,5,0,0,317,,,69.3,,,,63.8,,,72.7,0,0,24,0,0,0,0,0,0
Andre DePina-Gray,164649,S,RHODE ISLD,12,1,0,274,60.2,,,,,,79.5,,,68.3,0,0,0,29,0,1,18,1,2
Sean Stackpole,164653,ED,STHLSK,6,0,0,1470,59.4,,,,,,60.0,,,65.3,0,0,0,7,0,0,0,1,0
Gavin Heintschel,164655,LS,CORNELL,1,0,0,147,,,60.0,,,67.6,60.9,,,61.2,0,0,2,0,0,0,0,0,0
Ayden McCarter,164656,K,CORNELL,10,0,0,147,,,65.9,,,,62.2,,60.2,64.0,1,0,44,0,1,0,5,0,0
Jackson Namian,164659,WR,DARTMOUTH,10,0,0,148,,,,56.9,,,63.5,47.5,,41.4,1,1,0,0,30,46,32,45,3
Francesco Barone,164661,CB,PENN,1,0,0,267,,,,,,,79.2,,,70.9,0,0,0,0,5,6,3,2,0
Jake Bingham,164662,G,PENN,5,0,0,267,,,72.2,,,,64.0,,,63.5,0,0,26,0,0,0,0,0,0
Jake Davis,164663,LB,PENN,9,1,0,267,,,,,,,61.7,,,69.4,1,0,0,0,51,5,0,0,0
Maxwell Freeman,164664,G,PENN,3,0,0,267,,,66.2,,,,62.7,,,62.8,0,0,11,0,0,0,0,0,0
Alex Haight,164666,WR,PENN,3,0,0,267,,,,,,,60.0,,,64.2,0,0,0,0,0,4,0,0,0
Brady Ioannidis,164669,ED,PENN,5,0,0,267,59.4,,,,,,60.4,,,66.5,0,0,0,16,5,1,0,1,0
Carter Janki,164670,DI,PENN,10,0,0,267,57.7,,72.7,,,,59.9,,,71.1,0,0,47,39,0,0,13,2,0
John Lista,164672,LB,PENN,8,0,0,267,59.2,,,,,,59.8,,,66.2,0,0,0,29,0,5,0,1,0
Kadari Machen,164673,S,PENN,10,0,0,267,59.9,,,,,,60.5,,,64.3,0,0,0,46,0,0,0,2,0
Liam O'Brien,164675,QB,PENN,3,0,0,267,,,61.5,,,,61.0,,,60.8,0,0,13,0,0,0,0,0,0
Ryan O'Connell,164676,LB,PENN,10,2,0,267,59.7,,,,,,67.6,,,79.5,0,0,0,5,56,48,29,26,0
David Okechukwu,164677,CB,PENN,3,0,0,267,,,,,,,48.4,,,70.0,1,0,0,0,15,15,0,6,0
Bisi Owens,164679,WR,PENN,2,0,0,267,,,,59.9,,,59.9,,,64.0,0,0,0,0,0,3,0,0,0
Jared Richardson,164680,WR,PENN,3,0,0,267,,,,,,,60.1,,,64.5,0,0,0,0,0,4,0,0,0
Sam Smith,164682,K,PENN,10,0,0,267,,71.1,,,56.0,,49.5,,,29.2,0,1,46,0,33,0,0,0,0
Santiago Sturla,164683,P,PENN,5,0,0,267,,,,,49.4,,61.6,,,73.0,1,0,0,0,22,0,0,0,1
Alec Wills,164685,CB,PENN,10,0,0,267,59.6,,,,,,72.2,,,71.3,0,0,0,29,55,0,0,4,5
Michael Bennett III,164687,T,YALE,10,0,0,352,,,75.0,,,,65.2,,,69.4,0,0,55,0,0,0,0,0,0
Nick Conforti,164691,P,YALE,10,0,0,352,,68.0,,,,,61.4,,,67.1,0,0,55,0,0,0,0,0,0
Wilhelm Daal II,164692,HB,YALE,7,0,0,352,,,,47.0,,,65.3,,,72.1,0,0,0,0,13,11,0,20,0
Da'Quan Gonzales,164694,CB,YALE,8,0,0,352,60.3,,,,,,63.7,,,76.2,0,0,0,23,0,1,0,18,0
Josh Pitsenberger,164699,HB,YALE,1,0,0,352,,,,,,,60.0,,,66.6,0,0,0,0,0,1,0,0,0
Micaiah Shaber,164702,ED,YALE,10,0,0,352,58.8,,74.4,,,,63.3,,,72.9,0,0,55,22,0,0,35,5,0
Aidan Stephens,164703,WR,YALE,9,0,0,352,,,,59.9,,,60.8,,,69.0,0,0,0,0,0,47,0,0,0
Joshua Tarver,164704,S,YALE,8,0,0,352,59.7,,,,,,31.9,,,26.2,0,2,0,14,0,0,0,10,0
Melik Williams,164707,ED,YALE,6,0,0,352,59.8,,,,,,53.6,,,28.8,1,1,0,2,31,0,7,0,1
Dylan Yang,164708,ED,YALE,3,0,0,352,59.2,,,,,,59.7,,,64.6,0,0,0,6,0,0,0,1,0
Kaleb Broadbent,164712,S,NORFOLK,12,1,0,244,59.7,,,,,,68.7,,,73.4,0,0,0,11,42,36,0,10,3
Jaden Bryant,164713,G,NORFOLK,12,0,0,244,,,75.2,,,,60.3,,,29.7,0,1,44,0,0,0,71,0,0
Vincent Byrd,164714,T,NORFOLK,12,0,0,244,,,76.0,,,,65.0,,,63.9,0,0,43,0,0,0,0,0,0
Christian Parham,164735,CB,NORFOLK,1,0,0,244,,,,,,,60.9,,,66.6,0,0,0,0,4,5,1,1,0
Zion Porter-Ervin,164736,WR,NORFOLK,4,0,0,244,,,,,,,65.8,,,71.4,0,0,0,0,4,0,0,11,0
Julian Soriano,164740,T,NORFOLK,10,0,0,244,,,72.6,,,,64.8,,,74.3,0,0,39,0,0,0,0,0,0
Jalen Swindell,164744,DI,NORFOLK,8,0,0,244,58.8,,,,,,60.1,,,67.7,0,0,0,12,0,0,0,4,0
Grandin Willcox,164751,K,NORFOLK,12,0,0,244,,49.7,,,52.1,,63.2,,60.0,74.6,0,0,44,0,50,0,1,0,0
Jaylen Williams,164753,ED,NORFOLK,12,0,0,244,58.3,,71.7,,,,62.0,,,64.9,0,0,38,11,0,0,0,3,0
Toby Willis,164754,LS,NORFOLK,12,0,0,244,,,72.8,,,84.6,73.4,,,67.7,1,0,44,0,0,0,72,0,0
Carson Wilt,164755,P,NORFOLK,8,0,0,244,,,64.2,,,,61.7,,57.3,63.1,0,0,28,0,0,0,3,0,0
Brian Hardy,164762,C,NC CENT,9,0,0,247,,,76.7,,,,60.2,,,28.8,0,1,53,0,0,0,0,0,0
Chris Mosley,164768,HB,NC CENT,10,0,0,247,,,,74.5,,,60.2,27.8,,64.7,0,0,0,0,0,39,0,5,0
Malcolm Reed,164772,S,NC CENT,10,0,0,247,60.5,,,,,,63.9,,,71.8,0,0,0,27,0,0,0,8,0
Jayden Jenkins,164776,HB,DELWARE ST,10,0,0,152,,,,,,,67.6,,,73.6,0,0,0,0,10,6,13,26,1
Jalan Gaines,164784,ED,ILL STATE,14,0,0,188,59.4,,,,,,63.0,,,69.4,0,0,0,38,0,0,0,21,0
Eddie Kasper,164785,WR,ILL STATE,10,0,0,188,,,,,,,61.3,66.5,,67.0,0,0,0,0,0,0,0,37,0
Ryan O'Grady,164788,K,INDIANA ST,3,0,0,191,,55.7,,,,,60.0,,,64.2,0,0,9,0,0,0,0,0,0
Braxton Sampson,164790,ED,INDIANA ST,10,0,0,191,58.9,,,,,,60.5,,,70.6,0,0,0,31,1,0,0,17,0
Tevita Fuimaono,164799,G,SO UTAH,11,0,0,298,,,73.2,,,,64.3,,,65.5,0,0,50,0,0,0,0,0,0
Connor Lair,164803,FB,MO STATE,11,0,0,230,,,66.7,59.6,,,64.5,,,85.5,3,0,19,0,56,61,44,16,4
Jared Lloyd,164804,LB,MO STATE,1,0,0,230,,,,,,,52.7,,,68.9,0,0,0,0,1,6,0,0,0
Cristian Loaiza,164805,G,MO STATE,4,0,0,230,,,69.8,,,,64.0,,,72.8,0,0,26,0,0,0,0,0,0
J.J. O'Neal,164807,S,MO STATE,12,0,0,230,60.2,,,,,,60.7,,,88.1,0,0,0,46,2,29,47,12,0
Jmariyae Robinson,164812,WR,MO STATE,3,0,0,230,,,,,,,60.2,,,66.0,0,0,0,0,0,3,0,0,0
Thomas Schulte,164813,C,MO STATE,1,0,0,230,,,60.0,,,,60.0,,,63.4,0,0,1,0,0,0,0,0,0
Gilles Tchio,164814,DI,MO STATE,12,0,0,230,58.3,,67.4,,,,61.3,,,69.2,0,0,66,36,0,0,0,4,0
Sage White,164815,HB,MO STATE,1,0,0,230,,,,,,,60.1,,,65.5,0,0,0,0,1,0,1,0,0
Troy Bounting,164822,WR,S DAKOTA,10,0,0,291,,,,,,,53.6,,,34.7,1,1,0,0,0,30,23,0,1
Tysen Boze,164823,WR,S DAKOTA,12,0,0,291,,,,,,,67.5,,,76.2,0,0,0,0,49,43,0,6,2
Gary Bryant III,164824,LB,S DAKOTA,13,0,0,291,60.3,,,,,,67.5,,,90.1,0,0,0,34,0,0,7,23,0
Joe Cotton,164827,T,S DAKOTA,13,0,0,291,,,78.7,,,,66.5,,,73.8,0,0,74,0,0,0,0,0,0
Chris Dixon,164828,DI,S DAKOTA,10,0,0,291,58.2,,,,,,60.0,,,69.3,0,0,0,20,0,0,0,13,0
Tyler Ebel,164829,P,S DAKOTA,14,0,0,291,,,68.2,,,,57.9,,65.4,29.7,0,1,81,0,0,0,48,0,0
Mi'Quise Humphrey-Grace,164831,ED,S DAKOTA,12,0,0,291,58.7,,,,,,48.7,,,27.9,0,1,0,40,0,0,0,0,0
Jordan Larsen,164839,G,S DAKOTA,8,0,0,291,,,74.0,,,,64.6,,,66.9,0,0,51,0,0,0,0,0,0
Caleb McKenzie,164841,CB,S DAKOTA,11,0,0,291,59.7,,,,,,61.6,,,70.6,1,0,0,5,74,0,0,10,1
Mackenson Owens,164842,LB,S DAKOTA,3,1,0,291,,,,,,,67.0,,,67.5,0,0,0,0,11,6,0,0,0
Dominic Reaves,164846,CB,S DAKOTA,4,0,0,291,,,,,,,63.7,,,69.7,0,0,0,0,10,0,0,7,0
David Alpers III,164853,TE,S DAK ST,15,0,0,292,,,74.0,59.9,,,62.5,,,69.5,0,0,50,0,0,32,2,0,0
Jalen Lee,164854,CB,S DAK ST,15,0,0,292,59.9,,,,,,60.6,,,38.2,1,1,0,2,96,51,13,24,5
Quinten Christensen,164857,T,S DAK ST,12,0,0,292,,,75.7,,,,64.1,,,68.0,0,0,64,0,0,0,2,0,0
Kytan Fyfe,164861,LB,S DAK ST,3,0,0,292,,,,,,,91.5,,,68.7,0,0,0,0,4,0,0,3,1
Greyton Gannon,164862,TE,S DAK ST,6,0,0,292,,,70.1,,,,64.3,,,64.4,0,0,30,0,0,3,0,5,0
Brody Gormley,164863,TE,S DAK ST,8,1,0,292,,,70.5,,,,68.2,,,45.4,0,1,32,0,37,7,0,30,3
Logan Green,164864,DI,S DAK ST,10,0,0,292,59.1,,,,,,60.6,,,64.3,0,0,0,4,0,0,29,0,0
Dontay Johnson,164868,S,S DAK ST,8,1,0,292,59.9,,,,,,86.7,,,77.0,0,0,0,3,43,23,10,19,5
Bryce Johnson,164871,LB,S DAK ST,15,1,0,292,59.9,,68.4,59.6,,,66.5,,,83.3,1,0,24,1,78,51,41,70,0
Cullen McShane,164874,LB,S DAK ST,11,1,0,292,60.0,,,,,,64.0,,,43.9,2,2,0,3,57,37,1,47,2
Joe Ollman,164878,LB,S DAK ST,15,1,0,292,59.9,,,,,,73.1,,,82.1,1,0,0,2,86,49,48,36,5
Dawson Rudd,164881,T,S DAK ST,2,0,0,292,,,60.0,,,,60.7,,,64.9,0,0,3,0,0,0,0,0,0
Noah Thompson,164884,S,S DAK ST,13,0,0,292,60.0,,,,,,81.1,,,78.8,0,0,0,3,78,15,2,47,4
Ryan LaHood,164886,WR,S ILLINOIS,12,0,0,295,,,65.8,,,,62.2,,,62.9,0,0,43,0,0,2,0,1,0
Brown Norton,164889,TE,DAYTON,1,0,0,150,,,60.0,,,,60.4,,,63.5,0,0,2,0,0,4,0,0,0
Devin Walton,164892,CB,S ILLINOIS,10,0,0,295,,,,59.9,,,63.0,,,75.5,1,0,0,0,39,2,5,32,1
Beau Brungard,164897,QB,YNGTOWN ST,1,0,0,353,,,,,,,60.0,,,61.2,0,0,0,0,0,1,0,0,0
Ethan Coe,164898,LB,YNGTOWN ST,10,0,0,353,,,,,,,67.0,,,74.7,0,0,0,0,23,44,0,0,2
Nehemiah Dukes,164901,DI,YNGTOWN ST,12,0,0,353,58.2,,,,,,59.6,,,68.6,0,0,0,25,0,0,0,9,0
Joey Farthing,164902,WR,YNGTOWN ST,1,0,0,353,,,,,,,59.8,,,64.4,0,0,0,0,0,0,2,0,0
Cephus Harris III,164904,HB,YNGTOWN ST,2,0,0,353,,,,,,,61.1,,,65.0,0,0,0,0,4,0,0,0,0
Dominic Julius,164907,CB,YNGTOWN ST,11,3,0,353,,,,,,,76.0,,,74.9,1,0,0,0,46,0,0,19,2
Shane Keenan,164908,G,YNGTOWN ST,12,0,0,353,,,75.0,,,,65.5,,,75.9,0,0,55,0,0,0,0,0,0
Easton Korody,164910,G,YNGTOWN ST,1,0,0,353,,,60.0,,,,60.3,,,65.4,0,0,2,0,0,0,0,0,0
Andrew Lastovka,164911,K,YNGTOWN ST,12,0,0,353,,80.0,,,63.2,,63.3,,,74.6,0,0,57,0,53,0,0,0,0
Desmeal Leigh,164912,T,YNGTOWN ST,11,0,0,353,,,73.5,,,,64.4,,,65.6,0,0,52,0,0,0,0,0,0
Alex McDonald,164915,TE,YNGTOWN ST,12,0,0,353,60.0,,75.1,59.9,,,56.1,,,29.2,0,1,57,1,0,74,0,1,0
Jordan Rudolph,164917,CB,YNGTOWN ST,12,0,0,353,59.8,,,,,,69.1,,,76.1,0,0,0,21,8,0,15,34,1
Colt Sechrest,164919,TE,YNGTOWN ST,9,0,0,353,,,60.0,,,,59.9,,,72.8,0,0,3,0,0,59,0,0,0
Joe Sferra,164920,G,YNGTOWN ST,12,0,0,353,,,78.1,,,,60.3,,,28.4,0,1,57,0,0,0,0,0,0
Michael Wells,164923,LB,YNGTOWN ST,12,0,0,353,59.8,,,,,,62.3,,,74.0,0,0,0,22,12,3,30,17,0
Da'Shaun Whatley,164924,HB,YNGTOWN ST,11,0,0,353,,,,,,,64.4,,,74.3,0,0,0,0,6,63,3,23,1
Michael Cardilli,164932,LB,SE MO ST,1,0,0,293,,,,,,,60.4,,,67.1,0,0,0,0,0,3,0,0,0
Ryan Crandall,164935,LB,W ILLINOIS,11,0,0,345,60.0,,,,,,69.2,,,76.2,1,0,0,56,39,0,26,3,4
Gage Freeman,164936,LB,W ILLINOIS,11,2,0,345,59.8,,,,,,53.8,,,29.0,3,2,0,7,64,74,40,18,1
Seth Glatz,164938,HB,ILL STATE,13,0,0,188,,,,62.8,,,59.4,,,70.9,0,0,0,0,0,55,0,0,0
Carter Gorder,164939,C,N DAKOTA,2,0,0,249,,,64.7,,,,63.2,,,70.6,0,0,15,0,0,0,0,0,0
Tre Henry,164943,DI,W ILLINOIS,10,0,0,345,58.6,,,,,,58.7,,,67.8,0,0,0,39,0,0,0,2,0
Steven Langton,164946,LB,MONMOUTH,7,2,0,231,,,,,,,55.4,,,27.8,2,2,0,0,27,14,14,12,3
Kamal Mukarram,164949,S,W ILLINOIS,5,0,0,345,60.0,,,,,,64.5,,,68.8,0,0,0,4,0,25,0,4,0
Tahjae Mullix,164950,DI,W CAROLINA,12,0,0,344,58.0,,,,,,59.5,,,70.2,0,0,0,34,0,0,0,15,0
Elijah West,164964,S,SOUTHERN U,13,0,0,297,59.8,,,,,,58.1,,,77.4,2,0,0,52,6,5,10,45,0
Dylan Wilson,164974,DI,LIUSHAR,1,0,0,1298,59.6,,,,,,59.8,,,62.4,0,0,0,1,0,0,0,0,0
Olanrewaju Adeyemi,164983,ED,WAGNER,12,0,0,338,59.0,,60.0,,,,63.7,,,70.1,0,0,1,10,0,0,0,18,0
Uchenna Ibe,164986,LB,WAGNER,2,0,0,338,,,,,,,64.4,,,70.4,0,0,0,0,5,0,0,6,0
Gavin Bryson,164992,CB,CENT CT ST,13,1,0,133,59.6,,,59.4,,,67.9,,,79.9,1,0,0,32,66,9,12,48,4
Kimal Clark,164993,S,CENT CT ST,13,0,0,133,59.5,,,,,,61.4,60.0,,66.2,0,0,0,40,4,0,4,12,0
Reggie Darkah,164995,ED,CENT CT ST,13,0,0,133,59.4,,73.8,,,,61.8,,,72.2,0,0,50,22,0,0,31,5,0
CJ Holmes,164999,CB,CENT CT ST,1,0,0,133,,,,,,,61.2,,,66.5,0,0,0,0,2,1,0,1,0
AlecZander McCoy,165004,T,CENT CT ST,2,0,0,133,,,60.0,,,,61.7,,,67.9,0,0,6,0,0,0,0,0,0
Eric Nunez,165006,T,CENT CT ST,5,0,0,133,,,65.9,,,,54.0,,,69.4,1,0,17,0,0,0,8,0,0
Rahtrel Perry,165008,T,CENT CT ST,13,0,0,133,,,78.0,,,,65.6,,,64.4,0,0,56,0,0,0,0,0,0
Tymaine Smith,165014,ED,CENT CT ST,5,0,0,133,60.0,,,,,,64.3,,,71.6,0,0,0,2,13,4,0,5,0
Gavin Taylor,165015,ED,CENT CT ST,13,0,0,133,59.3,,65.2,,,,62.5,,,76.3,1,0,15,23,48,1,46,17,1
Sharod Watkins,165016,DI,CENT CT ST,13,0,0,133,58.2,,68.0,,,,55.1,,,29.5,0,1,26,30,0,0,0,4,0
Malachi Wright,165017,LB,CENT CT ST,13,1,0,133,59.5,,,,,,60.9,,,72.9,2,0,0,48,5,3,65,18,1
Cameron Alves,165018,WR,CENT CT ST,9,0,0,133,,,,59.9,,,65.3,,,70.7,0,0,0,0,0,1,0,24,0
Zack Athy,165022,ED,STHLSK,11,0,0,1470,58.7,,,,,,59.9,,,69.9,0,0,0,53,0,0,0,6,0
Tyler Bannon,165025,S,STHLSK,11,1,0,1470,59.5,,70.4,59.1,,,53.1,,,28.6,2,3,31,39,38,69,60,16,4
Brock Butler,165032,S,STHLSK,9,0,0,1470,59.7,,,,,,61.1,,,74.9,1,0,0,23,28,56,0,26,0
Thomas Buxton,165033,G,RHODE ISLD,9,0,0,274,,,71.4,,,,62.5,,,66.7,0,0,31,0,0,0,8,0,0
Noah Canty,165035,TE,DUQUESNE,2,0,0,155,,,,,,,59.4,,,64.7,0,0,0,0,0,9,0,0,0
Marc Christian-Georges,165038,LB,MERRIMACK,11,1,0,385,,,,,,,63.1,,,59.9,2,2,0,0,43,50,41,36,3
Cole Clarke,165040,TE,STHLSK,10,1,0,1470,,,,,,,65.0,,,82.1,1,0,0,0,0,61,48,26,1
Steven Cmielewski,165041,LB,DUQUESNE,1,0,0,155,,,,,,,59.6,,,64.3,0,0,0,0,0,5,0,0,0
Paul Collins,165043,LS,STHLSK,9,0,0,1470,,,78.2,,,47.1,60.7,,,66.6,0,0,25,0,0,0,47,0,2
Will Conway,165050,T,STHLSK,1,0,0,1470,,,60.0,,,,60.4,,,62.5,0,0,3,0,0,0,0,0,0
Jermaine Corbett,165051,HB,MERRIMACK,10,0,0,385,,,,89.1,,,59.2,52.4,,65.1,0,0,0,0,0,39,0,3,0
Matthew DeVirgilio,165056,LB,STHLSK,10,0,0,1470,60.0,,,,,,61.2,,,66.2,0,0,0,29,0,3,0,4,0
Chris Domercant,165058,WR,CHATTNOOGA,3,0,0,137,,,,,,,61.4,,,65.8,0,0,0,0,0,1,1,3,0
Kyree Drake,165059,WR,STHLSK,7,0,0,1470,,,,59.3,,,59.4,,,64.1,0,0,0,0,0,47,0,0,0
Brigham Dunphy,165061,WR,STHLSK,7,0,0,1470,,,,,,,61.3,,,76.3,1,0,0,0,4,31,35,0,1
Griffin Hart,165072,G,STHLSK,5,0,0,1470,,,65.5,,,,62.7,,,64.5,0,0,18,0,0,0,0,0,0
Aidan Henry,165074,WR,STHLSK,4,1,0,1470,,,,,,,68.6,,,69.0,0,0,0,0,7,0,0,10,0
Danny Hurley,165077,K,STHLSK,11,0,0,1470,,56.0,,,53.2,,62.8,,,73.4,0,0,31,0,38,0,0,0,0
Jordan Irvine,165080,S,STHLSK,10,1,0,1470,59.7,,,,,,79.2,,,76.4,0,0,0,54,36,4,51,5,9
Dominic Mangiafico,165089,LB,STHLSK,10,0,0,1470,60.1,,,,,,66.4,,,70.9,0,0,0,29,13,0,0,13,1
Faisal Mass,165091,ED,STHLSK,11,0,0,1470,58.4,,,,,,58.7,,,67.2,0,0,0,42,0,0,0,3,0
Eric Meslin,165093,G,STHLSK,10,0,0,1470,,,73.5,,,,64.3,,,63.6,0,0,31,0,0,0,0,0,0
Marje Mulumba,165095,LB,DELAWARE,11,0,0,151,59.4,,,,,,59.1,,,72.2,1,0,0,15,13,35,0,16,0
Jake Newsham,165098,WR,STHLSK,5,0,0,1470,60.2,,,,,,60.4,,,70.0,0,0,0,7,2,14,9,2,0
Tolu Olajide,165101,T,NEW HAMP,12,0,0,240,,,72.9,,,,56.5,,,28.6,0,1,48,0,0,0,0,0,0
Luke Rioux,165107,T,STHLSK,1,0,0,1470,,,60.0,,,,61.4,,,63.3,0,0,7,0,0,0,0,0,0
Jalen Rotella-White,165109,CB,STHLSK,9,1,0,1470,,,,,,,58.6,,,28.0,0,1,0,0,20,0,0,16,2
Cody Ruff,165110,TE,STHLSK,11,0,0,1470,59.8,,70.7,59.9,,,65.8,,,82.1,0,0,31,2,1,70,60,0,1
Mo Seide,165113,CB,STHLSK,10,0,0,1470,59.3,,,,,,63.5,,,72.9,0,0,0,41,18,0,0,9,0
Bill Sousa,165116,LB,STHLSK,5,0,0,1470,60.0,,,,,,65.9,,,73.7,0,0,0,1,0,0,0,17,0
Guershan Suffrant,165119,S,STHLSK,11,0,0,1470,59.6,,,,,,63.8,,,85.7,0,0,0,30,6,69,60,22,1
Nick Tinkham,165120,T,STHLSK,10,0,0,1470,,,71.0,,,,64.3,,,73.4,0,0,31,0,0,0,0,0,0
Jarel Washington,165123,HB,STHLSK,1,0,0,1470,,,,,,,61.0,,,79.7,0,0,0,0,2,0,0,0,0
Justin Waters,165124,LB,CHARLES SO,12,0,0,135,59.9,,65.5,61.8,,,62.3,,,29.8,0,1,16,2,38,72,67,6,3
Jahnez Williams,165125,CB,STHLSK,4,0,0,1470,59.6,,,,,,64.8,,,74.3,0,0,0,16,0,24,23,3,1
PJ Williams,165126,DI,STHLSK,11,0,0,1470,58.0,,,,,,58.3,,,68.2,0,0,0,31,0,0,0,4,0
Zavion Woodard,165127,HB,STHLSK,7,0,0,1470,,,,,,,60.5,,,69.2,0,0,0,0,0,46,0,5,0
Jaxson Isaac,165131,TE,ARKAPB,5,0,0,112,,,69.3,,,,63.4,,,67.2,0,0,28,0,0,5,0,0,0
Luke Wagner,165134,ED,E ILLINOIS,12,0,0,158,59.3,,60.0,,,,60.7,,,68.6,0,0,2,16,0,35,1,6,0
Trey Wilhoit,165135,P,FL A&M,4,0,0,164,,,62.0,,,,62.0,,62.3,69.0,0,0,15,0,0,0,17,0,0
Slade Dollar,165142,LB,SE MO ST,13,2,0,293,,,,,,,50.7,,,28.1,1,3,0,0,77,45,25,53,1
Octavius Henderson,165144,CB,SE MO ST,12,0,0,293,,,,,,,71.7,,,82.1,0,0,0,0,63,0,0,56,2
Eric Ivory Jr.,165145,S,NORFOLK,5,0,0,244,60.1,,,,,,66.0,,,73.0,0,0,0,4,14,23,7,0,2
Boogie Trotter,165156,CB,TENN STATE,13,0,0,308,59.4,,,,,,64.9,,,80.8,1,0,0,57,36,0,0,56,2
Alex Valbuena,165157,C,TENN STATE,9,0,0,308,,,75.0,,,,65.3,,,72.6,0,0,42,0,0,0,0,0,0
Brandon Wilson,165158,CB,TENN STATE,13,2,0,308,60.6,,,,,,70.3,,,82.3,1,0,0,29,62,59,48,34,3
Cam Robertson,165166,S,TENN MARTN,12,1,0,310,60.0,,,,,,80.8,,,86.1,0,0,0,1,72,40,7,45,4
AJ Robinson Jr.,165167,S,TENN MARTN,14,0,0,310,59.9,,,,,,74.6,,,74.4,0,0,0,2,81,40,1,0,6
Jarel Savage,165168,DI,TENN MARTN,5,0,0,310,58.8,,,,,,64.6,,,73.3,0,0,0,3,0,2,4,18,0
David Stewart,165171,ED,CHATTNOOGA,1,0,0,137,58.8,,,,,,58.8,,,64.8,0,0,0,4,0,0,0,0,0
Nelson Pipes,165174,LS,LNDNWD,12,0,0,949,,,87.4,,,57.4,53.2,,,67.0,3,0,57,0,0,0,55,0,0
Ebenezer Bedada,165175,ED,CAMPBELL,1,0,0,131,59.7,,,,,,60.0,,,61.8,0,0,0,1,0,0,0,0,0
Ashton Flinn,165180,G,MURRAY ST,9,0,0,236,,,72.5,,,,64.4,,,67.4,0,0,42,0,0,0,0,0,0
Colbe Haddox,165183,DI,MURRAY ST,5,0,0,236,58.8,,,,,,58.7,,,63.7,0,0,0,8,0,0,0,0,0
Justus Johnson,165185,CB,SE MO ST,9,0,1,293,59.3,,,,,,46.7,,,28.0,0,1,0,38,0,0,0,16,0
Jkobe Jones,165186,CB,MURRAY ST,2,0,0,236,60.0,,,,,,60.1,,,64.5,0,0,0,2,0,0,0,0,0
Jerome Logan,165187,DI,MURRAY ST,5,0,0,236,59.2,,60.0,,,,59.9,,,64.8,0,0,2,6,0,0,0,0,0
Clint McKee,165190,HB,MURRAY ST,1,0,0,236,,,,,,,59.7,,,64.6,0,0,0,0,0,3,0,0,0
Jawaun Northington,165194,HB,MURRAY ST,11,0,0,236,,,,,,,64.9,,,78.2,0,0,0,0,0,50,1,32,0
Parker Perry,165195,WR,MURRAY ST,3,0,0,236,,,,,,,28.4,,,24.3,0,2,0,0,0,2,0,3,0
Eric Ruess,165197,TE,E TENN ST,12,0,0,157,,,76.4,,,,51.7,,,76.4,0,0,62,0,6,53,46,4,0
Camden Robbins,165198,LS,MURRAY ST,1,0,0,236,,,,,,,60.0,,,62.4,0,0,0,0,1,0,0,0,0
Josh Robinson,165199,T,MURRAY ST,5,0,0,236,,,69.9,,,,64.0,,,72.2,0,0,27,0,0,0,0,0,0
Jeffrey Selby,165200,LB,MURRAY ST,12,2,0,236,59.9,,,,,,62.9,,,87.9,2,0,0,4,49,102,56,33,3
Devin Tingle,165202,G,MURRAY ST,1,0,0,236,,,60.0,,,,60.0,,,63.7,0,0,1,0,0,0,0,0,0
Malachi Williams,165203,LB,MURRAY ST,1,0,0,236,59.4,,,,,,59.0,,,67.9,0,0,0,3,1,8,7,0,0
Ben Williamson,165204,LS,MURRAY ST,12,0,0,236,,,83.9,,,88.2,76.5,,,67.5,2,0,42,0,0,0,64,0,1
Caldra Williford,165205,CB,TENN TECH,12,0,0,309,60.1,,,,,,62.5,,,72.7,0,0,0,41,0,0,0,7,0
Tyler Wilms,165206,DI,MURRAY ST,12,0,0,236,59.4,,,59.4,,,56.1,,,72.9,1,1,0,4,0,102,64,0,0
Mari Adams,165210,HB,DAVIDSON,6,0,0,149,,,,,,,61.1,,,68.9,0,0,0,0,5,16,1,0,0
Christian Berry,165211,T,DAVIDSON,10,0,0,149,,,76.8,,,,65.8,,,73.8,0,0,65,0,2,4,1,0,0
Langston Green,165215,T,DAVIDSON,11,0,0,149,,,76.6,,,,64.9,,,76.5,0,0,71,0,0,56,34,0,0
Kyler Herring,165217,G,DAVIDSON,8,0,0,149,,,73.3,,,,64.2,,,66.0,0,0,50,0,0,0,1,0,0
Amare Hill,165218,CB,DAVIDSON,11,0,0,149,60.5,,,,,,66.3,,,74.6,0,0,0,47,4,6,0,22,1
Josiah Jackson,165219,DI,DAVIDSON,11,0,0,149,58.2,,76.3,,,,64.0,,,71.5,0,0,48,25,0,0,0,13,0
Jayden Joyce,165220,T,DAVIDSON,9,0,0,149,,,75.6,,,,65.5,,,72.3,0,0,62,0,0,0,0,0,0
Mikah Kent,165221,ED,DAVIDSON,8,0,0,149,59.9,,,,,,62.1,,,67.4,0,0,0,23,0,0,0,7,0
Tom Luther,165222,T,DAVIDSON,1,0,0,149,,,,,,,60.0,,,63.4,0,0,0,0,0,0,1,0,0
T.J. Magee,165223,CB,DAVIDSON,11,0,0,149,59.3,,,,,,61.8,,,74.2,0,0,0,45,0,1,0,17,0
Sabin McLaughlin,165224,S,DAVIDSON,10,0,0,149,59.8,,,,,,62.0,,,67.9,0,0,0,30,0,4,0,12,0
Dominic Njoku,165225,S,DAVIDSON,8,0,0,149,60.4,,,,,,64.9,,,68.7,0,0,0,17,43,0,0,3,0
Luke Paley,165227,WR,DAVIDSON,1,0,0,149,,,,,,,60.0,,,61.1,0,0,0,0,0,1,0,0,0
Brody Reina,165228,WR,DAVIDSON,5,0,0,149,,,,,,,60.7,,,67.3,0,0,0,0,1,3,1,0,0
Jaleel Sales,165229,TE,DAVIDSON,8,0,0,149,,,,57.9,,,60.7,,,70.3,0,0,0,0,13,20,14,2,0
Mason Sheron,165230,HB,DAVIDSON,4,0,0,149,,,,,,,61.1,,,68.1,0,0,0,0,2,2,0,0,0
Landon Smart,165231,LB,DAVIDSON,4,0,0,149,60.0,,,,,,68.5,,,73.1,0,0,0,1,18,14,3,11,2
Camron Willis,165233,LB,DAVIDSON,11,0,0,149,59.6,,,,,,65.9,,,69.6,0,0,0,42,1,3,20,17,1
Josh Anderson,165236,CB,DAYTON,11,0,0,150,60.0,,,,,,66.2,,,79.7,0,0,0,26,0,0,0,55,0
Elliott Braun,165237,DI,DAYTON,8,0,0,150,59.1,,65.5,,,,61.5,,,62.5,0,0,16,3,0,0,0,0,0
Chase Brown,165238,ED,DAYTON,11,0,0,150,58.1,,,,,,59.0,,,74.2,0,0,0,29,0,0,0,4,0
Will Cohen,165239,HB,DAYTON,1,0,0,150,,,,,,,60.0,,,63.7,0,0,0,0,1,0,0,0,0
Cam Cope,165240,CB,DAYTON,9,0,0,150,60.3,,,,,,66.0,60.0,,79.4,0,0,0,16,31,3,1,39,0
Logan Forcum,165243,P,DAYTON,11,0,0,150,,,65.1,,,,55.6,,47.9,29.6,0,1,36,0,0,0,50,0,0
Mac Grant III,165244,S,DAYTON,11,1,0,150,,,,,,,78.1,,,80.1,0,0,0,0,22,3,0,56,0
Jayson Harris-Woodard,165245,ED,DAYTON,11,0,0,150,58.8,,70.0,,,,62.5,,,70.5,0,0,32,11,0,0,0,3,0
Ben Huefner,165246,C,DAYTON,11,0,0,150,,,74.6,,,,64.4,,,64.7,0,0,36,0,0,0,10,0,0
Eli Kirk,165249,S,DAYTON,11,0,0,150,60.0,,,,,,80.2,,,88.0,4,0,0,1,46,44,50,47,5
Gideon ESPN Lampron,165250,LB,DAYTON,11,0,0,150,90.8,,,,,,92.4,,,76.9,0,0,0,37,12,0,0,6,1
Bennett Lawrence,165252,CB,DAYTON,9,1,0,150,,,,,,,68.4,,,75.3,0,0,0,0,3,21,0,39,0
Luke Mitchell,165253,S,DAYTON,11,2,0,150,59.7,,,,,,68.6,,,42.7,0,1,0,20,48,8,32,5,4
Noah Nordhaus,165254,WR,DAYTON,1,0,0,150,,,,,,,60.9,,,65.9,0,0,0,0,3,0,0,0,0
Robby Smart,165258,K,DAYTON,3,0,0,150,,,,,54.6,,60.0,,,67.0,0,0,0,0,3,0,0,0,0
Dominic Vrbancic,165260,WR,DAYTON,2,0,0,150,,,,,,,60.2,,,65.4,0,0,0,0,2,0,0,0,0
Austin Yeager,165261,LS,DAYTON,11,1,0,150,,,82.2,,,66.0,70.0,,,66.8,1,0,36,0,0,0,47,0,1
Mikey Mangialardi,165263,S,DRAKE,1,0,0,153,,,,,,,60.4,,,67.1,0,0,0,0,0,3,0,0,0
Alijah Brown,165265,DI,SAN DIEGO,3,0,0,283,59.8,,,,,,60.1,,,67.7,0,0,0,3,0,0,0,0,0
Adam Criter,165266,WR,SAN DIEGO,5,0,0,283,,,,60.0,,,65.9,,,71.5,0,0,0,0,13,17,0,0,1
Jack D'Ambra,165267,G,SAN DIEGO,7,0,0,283,,,17.1,,,,29.5,,,71.7,0,0,29,0,0,0,0,0,0
Zane Fullmer,165269,FB,SAN DIEGO,7,1,0,283,,,61.6,59.9,,81.9,70.6,,,85.2,0,0,5,0,17,18,6,5,0
Jack Hemmert,165270,DI,SAN DIEGO,4,0,0,283,59.7,,,,,,60.2,,,65.6,0,0,0,13,0,0,0,0,0
Jake Higgins,165271,CB,SAN DIEGO,11,1,0,283,59.9,,,,,,81.0,,,79.0,0,0,0,1,67,43,0,51,7
Dylan Lawson,165275,TE,SAN DIEGO,11,0,0,283,,,74.6,,,,63.6,,,65.0,0,0,56,0,0,17,0,0,0
Ruben Lopez,165277,S,SAN DIEGO,8,0,0,283,59.8,,,,,,60.4,,,65.8,0,0,0,31,0,1,0,1,0
Ryan Meloche,165280,S,SAN DIEGO,11,1,0,283,59.9,,,,,,70.1,,,76.6,0,0,0,1,55,5,6,50,0
Cole Monach,165282,WR,SAN DIEGO,9,0,0,283,,,,,,,60.6,62.9,,68.6,0,0,0,0,0,38,0,3,0
Jerry Rangel,165285,ED,SAN DIEGO,11,1,0,283,59.9,,,,,,66.7,,,81.9,2,0,0,4,66,43,21,13,2
James Scott,165286,HB,SAN DIEGO,1,0,0,283,,,,,,,60.8,,,68.7,0,0,0,0,0,6,0,0,0
Peyton Smith,165288,TE,SAN DIEGO,11,0,0,283,,,74.8,,,,82.7,,,66.8,0,0,56,0,0,8,50,0,1
Nick Struempf,165289,G,SAN DIEGO,11,0,0,283,,,22.2,,,,42.3,,,67.4,0,0,56,0,0,0,23,0,0
Ezekiel Swayne,165290,CB,SAN DIEGO,11,2,0,283,59.9,,,,,,63.4,,,28.9,0,2,0,1,67,0,1,51,3
Gabriel Abel,165294,HB,STTHOM,7,0,0,1129,,,,65.6,,,55.9,,,64.4,0,0,0,0,0,14,3,0,0
Charlie Boucher,165296,ED,STTHOM,12,1,0,1129,60.0,,,,,86.9,77.9,,,71.7,1,0,0,14,9,12,32,12,2
Ryan Calcagno,165299,S,STTHOM,12,0,1,1129,78.9,,,,,,69.9,,,28.0,0,2,0,45,40,2,5,9,3
Lucas Cannon,165300,T,STTHOM,7,0,0,1129,,,69.0,,,,63.3,,,70.7,0,0,25,0,0,0,18,0,0
Logan Cassady,165301,CB,STTHOM,10,0,0,1129,60.0,,,,,,77.6,,,79.9,2,0,0,6,28,9,3,46,1
Colin Chase,165302,WR,STTHOM,11,0,0,1129,,,,74.4,,,58.4,77.8,,70.1,0,0,0,0,0,41,4,46,0
Rod Finley,165306,S,STTHOM,12,0,0,1129,60.0,,,,,,71.7,,,78.4,0,0,0,1,45,29,28,16,6
Den Juette,165309,CB,STTHOM,12,0,0,1129,59.9,,,,,,63.8,,,74.7,0,0,0,35,9,0,0,18,0
James Morrison,165315,G,STTHOM,12,0,0,1129,,,72.9,,,,60.5,,,70.8,0,0,37,0,0,0,7,0,0
Aidan Nasser,165316,TE,STTHOM,1,0,0,1129,,,,,,,60.0,,,63.6,0,0,0,0,0,4,0,0,0
Jordan Pendleton,165318,ED,STTHOM,11,1,0,1129,84.5,,,,,,62.4,,,28.1,2,3,0,38,43,29,4,37,2
Amari Powell,165320,QB,STTHOM,1,0,0,1129,,,,,,,60.0,,60.0,63.3,0,0,0,0,0,0,1,0,0
Sanjay Redd,165321,CB,STTHOM,5,0,0,1129,60.1,,,,,,60.4,,,66.0,0,0,0,3,0,0,1,1,0
Matthew Rink,165322,TE,STTHOM,10,1,0,1129,,,65.6,,,,57.3,,,71.2,1,0,17,0,0,0,58,0,0
Mitchell Schares,165323,ED,STTHOM,12,1,0,1129,90.8,,,,,,90.4,,,89.1,2,0,0,15,50,58,51,51,6
Ryan Sever,165324,LB,STTHOM,12,0,0,1129,59.7,,,,,,61.0,,,65.7,0,0,0,40,3,0,0,4,0
Stephen Shagen,165325,K,STTHOM,4,0,0,1129,,58.1,,,62.8,,61.1,,,69.6,0,0,10,0,12,0,0,0,0
Gus Theisen,165327,HB,STTHOM,2,0,0,1129,,,60.0,,,,60.3,,,65.3,0,0,1,0,0,2,0,0,0
Evan Tyler,165328,DI,STTHOM,6,0,0,1129,58.9,,,,,,60.3,,,70.8,0,0,0,24,0,0,0,4,0
Patrick Wagner,165329,TE,STTHOM,7,0,0,1129,,,60.0,59.9,,,47.0,,,65.7,0,0,10,0,0,1,5,0,1
Eric Brust Jr.,165332,G,STETSON,6,0,0,302,,,68.0,,,,62.7,,,72.0,0,0,20,0,0,0,1,0,0
Rowan Collins,165335,C,STETSON,10,0,0,302,,,68.8,,,,62.6,,,65.1,0,0,29,0,0,0,1,0,0
Aanjay Feliciano,165338,WR,STETSON,4,0,0,302,,,,,,,59.6,,,68.0,0,0,0,0,8,0,6,0,0
Kyle Lofye,165344,T,TXAMEA,2,0,0,1139,,,60.0,,,,61.0,,,62.9,0,0,5,0,0,0,0,0,0
Daniel Marsh,165345,ED,STETSON,7,0,0,302,58.9,,,,,,59.3,,,65.0,0,0,0,9,0,0,0,1,0
Chachi Perez,165348,S,STETSON,3,0,0,302,59.9,,,,,,63.4,,,86.1,0,0,0,5,1,0,0,2,0
Nikkem Reynolds,165350,CB,STETSON,10,0,0,302,59.4,,,,,,64.5,,,73.2,0,0,0,51,18,0,0,1,2
Donovan Shepard,165354,HB,HAMPTON,11,0,0,178,,,,57.2,,,61.5,56.4,,68.3,0,0,0,0,1,45,0,29,0
Brysson Stouffer,165356,ED,STETSON,3,0,0,302,59.6,,,,,,61.2,,,69.3,0,0,0,1,1,11,0,1,0
Logan Wylie,165361,G,TXAMEA,1,0,0,1139,,,,,,,60.3,,,63.1,0,0,0,0,0,0,4,0,0
Wade Abrams,165363,LB,S DAKOTA,14,3,0,291,60.2,,,,,,73.2,,,49.8,1,1,0,4,89,51,48,35,7
Frank Bartell,165365,S,VALPO,11,1,0,332,,,,,,93.4,76.2,,,73.0,3,0,0,0,4,6,65,14,1
Max Carter,165366,TE,VALPO,10,0,0,332,,,67.9,,,,63.5,,,64.0,0,0,25,0,0,0,0,1,0
Owen Cherry,165368,S,VALPO,4,0,0,332,,,,,,,64.9,,,70.8,0,0,0,0,6,7,0,13,0
Connor Dickson,165372,S,VALPO,8,0,0,332,59.9,,,,,,70.0,,,77.0,0,0,0,4,30,32,1,27,2
Alex Goworowski,165378,ED,VALPO,11,1,0,332,59.4,,62.9,59.6,,,86.6,,,83.7,0,0,11,10,33,57,36,32,4
Christian Hilton,165383,ED,VALPO,10,0,0,332,59.4,,66.9,,,,61.7,,,69.8,0,0,20,3,0,30,0,0,0
Justin Jurmu,165385,CB,VALPO,4,0,0,332,60.0,,,,,,67.9,,,74.5,0,0,0,3,4,3,5,13,2
Ryan Mann,165390,HB,VALPO,10,0,0,332,,,68.5,59.9,,,55.8,,,29.7,0,1,24,0,0,56,0,17,0
Silas Mathis,165392,WR,VALPO,6,0,0,332,,,,,,,39.9,,,27.0,0,2,0,0,20,0,9,17,0
Matt Molnar,165394,DI,VALPO,5,0,0,332,59.3,,60.0,,,,60.2,,,63.2,0,0,4,3,0,0,0,0,0
Niko Paic,165396,G,VALPO,10,0,0,332,,,72.3,,,,64.5,,,71.3,0,0,29,0,0,0,0,0,0
Dawson Rye,165400,LB,VALPO,1,0,0,332,,,,,,,60.1,,,67.8,0,0,0,0,0,3,0,0,0
Devin Yeats,165408,WR,VALPO,10,1,2,332,,,,,,,63.1,,,28.0,2,3,0,0,13,49,56,31,7
Kymari Gray,165410,WR,HAMPTON,4,0,0,178,,,,,,,70.3,,,91.3,0,0,0,0,1,2,0,2,0
Joseph Henry,165413,HB,HAMPTON,11,0,0,178,,,,,,,65.2,,,76.5,0,0,0,0,40,37,0,24,0
Abe Williams,165417,WR,HAMPTON,11,0,0,178,,,,52.4,,,65.3,,,74.7,0,0,0,0,41,46,0,4,1
Ahmad Ross,165419,LB,HAMPTON,3,0,0,178,59.6,,,,,,60.3,,,66.8,0,0,0,4,1,1,4,2,0
Cam Sturdifen,165423,S,HAMPTON,6,0,0,178,59.9,,,59.9,,,74.3,,,70.6,0,0,0,11,31,13,0,8,5
Brandon Murphy,165424,S,HAMPTON,12,1,0,178,,,,,,,72.2,,,79.2,1,0,0,0,63,33,38,17,5
David Stevens,165425,CB,HAMPTON,5,0,0,178,,,,,,,63.3,,,73.7,0,0,0,0,20,16,10,16,0
Daniel Ufua,165427,LB,HAMPTON,9,0,0,178,60.2,,,,,,67.4,,,74.9,0,0,0,9,22,0,32,14,1
Javen Johnson,165429,DI,HAMPTON,2,0,0,178,59.3,,,,,,60.0,,,64.5,0,0,0,2,0,0,0,1,0
Brian Csehoski,165430,K,HAMPTON,12,0,0,178,,60.0,,,58.7,,63.7,,60.0,76.0,0,0,57,0,66,0,1,0,1
Jonathan Ward,165432,LS,HAMPTON,12,0,0,178,,,87.4,,,79.5,69.9,,,64.1,0,0,57,0,0,0,6,0,0
Cyrus Ellison,165433,WR,SCAR STATE,9,2,1,290,,,,,,,51.4,,,29.4,3,1,0,0,64,35,0,7,0
Tyler Smith,165434,HB,SCAR STATE,8,0,0,290,,,,63.5,,,65.6,,,68.9,0,0,0,0,2,31,6,2,0
Zanjerry Dunham,165435,LB,SCAR STATE,12,0,0,290,59.6,,,,,,58.3,,,72.4,3,0,0,13,54,5,8,0,4
Tray Franklin,165441,T,SCAR STATE,12,0,0,290,,,76.0,,,,65.9,,,76.3,0,0,63,0,0,0,0,0,0
Shamontae Burgess,165444,WR,SCAR STATE,12,0,0,290,,,,60.0,,,60.9,52.4,,53.0,0,1,0,0,9,21,53,46,1
Jaeon Allen,165446,CB,SCAR STATE,11,1,0,290,,,,,,,49.3,,,32.0,1,2,0,0,5,6,39,43,0
Jadin Jones,165449,LB,SCAR STATE,12,1,0,290,59.7,,,,,,67.0,,,82.4,0,0,0,31,12,13,0,14,0
Marquis Bradley,165450,CB,SCAR STATE,7,0,0,290,59.8,,,,,,61.7,,,70.3,0,0,0,23,0,0,0,5,0
Kwantre' Harry,165453,S,SCAR STATE,12,0,0,290,59.8,,,,,,67.2,,,77.1,1,0,0,19,40,14,24,12,6
Ashaad Hall,165457,ED,SCAR STATE,8,0,0,290,59.2,,,,,,63.3,,,70.5,0,0,0,11,1,1,0,12,0
Jordan Watkins,165459,S,HAMPTON,1,0,0,178,59.9,,,,,,60.7,,,66.5,0,0,0,1,0,6,4,3,0
Micaiah Settles,165462,DI,SCAR STATE,6,0,0,290,58.4,,,,,,58.4,,,65.0,0,0,0,16,0,0,0,1,0
Jamal McKinney,165463,ED,SCAR STATE,4,0,0,290,59.3,,,,,,61.5,,,67.9,0,0,0,6,0,0,0,6,0
Armond Anderson,165554,S,W CAROLINA,9,0,0,344,,,,,,,57.6,,,74.2,2,0,0,0,58,21,0,10,2
Javon Davis,165649,CB,MCNEESE,12,0,0,217,59.7,,,,,,61.4,,,72.4,0,0,0,48,0,2,32,23,0
Increase Oputa,165651,ED,TEXAS STHN,1,0,0,313,,,,,,,60.0,,,63.5,0,0,0,0,0,0,0,1,0
Hayden Cormier,165653,LB,NICHOLLS,10,0,0,243,59.9,,,,,,62.7,,,69.2,0,0,0,1,5,9,1,15,0
Nick Williams,165657,DI,NICHOLLS,3,0,0,243,59.4,,,,,,59.4,,,64.1,0,0,0,3,0,0,0,1,0
Matthew Broad,165659,FB,NWSTATE,6,0,0,257,,,65.0,,,,66.1,,,63.8,0,0,18,0,1,0,0,0,1
Alec Mahler,165661,P,SE LA,12,0,0,294,,,,,72.4,,64.2,,55.8,78.4,1,0,0,0,57,0,32,0,1
Zack Vicknair,165663,S,SE LA,8,0,0,294,60.0,,,,,,72.5,,,73.8,0,0,0,5,33,1,0,14,3
Jaden Edmonson,165671,G,HOUCHR,11,0,0,183,,,68.1,,,,66.9,,,65.7,0,0,15,0,0,0,68,0,1
Luke Williams,165681,LB,TXAMEA,12,1,0,1139,60.0,,,,,,66.7,,,82.8,1,0,0,2,48,73,70,26,3
Rovaughn Banks Jr.,165683,HB,ABILENE CH,6,0,0,100,,,,54.2,,,61.9,,,68.0,0,0,0,0,0,23,0,6,0
Alex Bowman Jr.,165685,DI,ABILENE CH,2,0,0,100,59.8,,,,,,59.9,,,63.1,0,0,0,2,0,0,0,0,0
Sean Dubose,165687,ED,ABILENE CH,7,0,0,100,59.6,,,,,,59.4,,,68.8,0,0,0,4,1,24,0,1,0
Joziah Fogle,165688,G,ABILENE CH,14,0,0,100,,,79.7,,,,67.0,,,75.4,0,0,78,0,0,0,0,0,0
Chidubem Lebechi,165691,TE,ABILENE CH,13,1,0,100,,,76.5,,,,68.5,,,29.6,1,2,71,0,55,55,55,56,6
David Oke,165696,DI,ABILENE CH,13,0,0,100,65.8,,,,,,71.2,,,76.3,0,0,0,66,0,0,0,7,0
Blayne Taylor,165697,WR,ABILENE CH,6,0,0,100,,,,,,,50.6,,,71.2,0,1,0,0,0,10,8,0,0
Bryce Crowley,165704,G,UTAHTC,12,0,0,1285,,,74.9,,,,64.2,,,72.4,0,0,42,0,0,0,90,0,0
Jared Fotu,165707,LB,UTAHTC,10,0,0,1285,59.8,,,,,,63.2,,,68.5,0,0,0,57,1,0,1,20,0
Logan Hicks,165712,T,UTAHTC,10,0,0,1285,,,69.6,,,,63.5,,,64.9,0,0,32,0,0,0,0,0,0
Aaron Holloway,165713,WR,UTAHTC,1,0,0,1285,,,,,,75.6,61.8,,,66.6,0,0,0,0,2,0,2,0,0
Ryan Kean,165716,LS,UTAHTC,12,1,0,1285,,,83.9,,,80.8,76.2,,,30.1,0,1,42,0,0,0,89,0,1
Will Alovao,165718,ED,UTAHTC,11,0,0,1285,59.1,,,,,,56.0,,,28.1,0,2,0,53,36,0,0,11,2
Eric Olsen,165724,TE,UTAHTC,12,0,0,1285,,,72.7,,,,63.3,,,71.7,0,0,42,0,6,45,0,7,0
Iese Puni,165728,LB,W GEORGIA,10,0,0,1177,59.9,,,,,,70.0,,,77.1,0,0,0,27,48,11,9,16,3
Stryker Rashid,165729,G,IDAHO ST,10,0,0,186,,,74.2,,,,57.4,,,28.9,0,1,57,0,0,0,0,0,0
Jaxson Smith,165732,LB,UTAHTC,11,0,0,1285,60.0,,,,,,60.2,,,30.0,1,1,0,1,22,49,24,25,3
Bretton Stone,165733,HB,UTAHTC,8,1,0,1285,,,,,,,68.4,,,76.0,0,0,0,0,31,36,60,4,2
TJ Talamoni-Marcks,165734,DI,UTAHTC,2,0,0,1285,59.8,,,,,,60.0,,,62.9,0,0,0,2,0,0,0,0,0
Daniel Thomason,165736,WR,UTAHTC,10,0,0,1285,,,,,,,64.3,,,71.3,0,0,0,0,1,32,6,18,1
Ilya Uvaydov,165737,K,UTAHTC,12,0,0,1285,,70.1,,,69.5,,63.1,,,74.0,0,1,42,0,46,0,0,0,0
Major Bowden,165740,HB,LAMAR,10,0,0,204,,,,57.5,,,58.5,29.3,,71.9,0,0,0,0,0,17,19,23,0
Jayden Boyd,165742,WR,LAMAR,6,0,0,204,,,,,,,66.5,,,29.6,0,1,0,0,0,10,16,9,2
Dwight Davis,165750,CB,LAMAR,6,0,0,204,,,,,,,62.7,,,71.7,0,0,0,0,0,1,0,14,0
Andre Dennis,165751,WR,LAMAR,6,1,0,204,,,,41.2,,,59.8,,,28.4,1,1,0,0,0,7,15,0,1
Brayden Faulkner,165754,LB,LAMAR,10,0,0,204,60.0,,,,,,60.5,,,74.7,1,0,0,26,27,0,0,2,1
Jacob Ferree,165755,DI,LAMAR,12,0,0,204,58.7,,73.5,,,,60.2,,,42.5,0,1,48,5,9,0,0,30,0
Kyndon Fuselier,165757,WR,LAMAR,12,0,1,204,,,,72.2,,,45.2,81.7,,27.8,0,1,0,0,8,2,3,43,0
John Hester,165761,G,LAMAR,12,0,0,204,,,76.4,,,,65.5,,,69.1,0,0,48,0,0,0,0,0,0
Izaha Jones,165763,WR,LAMAR,4,0,0,204,,,,66.4,,,61.6,,,69.3,0,0,0,0,1,4,2,3,0
Kendric Malone,165767,WR,LAMAR,7,0,0,204,,,,,,,74.9,,,73.2,0,0,0,0,4,15,0,26,0
Du'Wayne Paulhill Jr.,165771,CB,LAMAR,10,0,0,204,59.7,,,59.9,,,66.6,,,75.6,0,0,0,3,48,40,0,0,1
Kristian Pugh,165772,S,LAMAR,12,0,0,204,59.5,,,,,,67.5,,,75.9,0,0,0,54,50,0,0,4,3
Preston Yarber,165783,T,TENN MARTN,14,0,0,310,,,76.8,,,,65.2,,,66.7,0,0,76,0,0,0,0,0,0
Joshua Acord,165789,TE,SO UTAH,8,0,0,298,,,69.5,,,,63.3,,,62.2,0,0,28,0,1,1,0,0,0
Breken Bowen,165793,DI,SO UTAH,5,0,0,298,,,68.9,,,,63.2,,,61.4,0,0,26,0,0,0,0,0,0
Josh Dunn,165801,LB,SO UTAH,10,1,0,298,59.7,,,,,,68.8,,,72.2,0,0,0,44,32,0,34,10,2
Brendan Hale,165803,S,SO UTAH,7,0,0,298,60.2,,,,,,64.1,,,69.3,0,0,0,7,1,0,0,14,0
Gavin Lipkin,165808,LS,SO UTAH,12,3,0,298,,,57.0,,,63.4,73.9,,,66.9,1,0,54,0,0,0,53,0,1
Josh Lopez,165810,ED,SO UTAH,11,0,0,298,58.4,,,,,,58.6,,,69.5,0,0,0,59,0,0,0,0,0
Loimata Mauga,165812,G,SO UTAH,4,0,0,298,,,68.8,,,,63.6,,,68.9,0,0,20,0,0,0,0,0,0
Jacob Moffitt,165814,TE,SO UTAH,12,1,0,298,,,75.2,,,,68.7,,,73.7,0,0,54,0,0,0,53,0,0
Payton Payne,165815,DI,SO UTAH,10,0,0,298,58.7,,,,,,60.2,,,70.9,0,0,0,24,0,0,0,16,0
Jeremy Perkins,165817,G,SO UTAH,12,0,0,298,,,77.3,,,,65.7,,,68.8,0,0,54,0,0,0,0,0,0
Anisi Purcell,165819,ED,SO UTAH,9,0,0,298,59.5,,,,,,61.6,,,68.5,0,0,0,33,0,0,0,10,0
Riley Sullivan,165919,K,CAMPBELL,11,0,0,131,,,,,72.2,,63.2,,,76.7,1,0,0,0,53,0,0,0,4
Chris Pierce,166001,CB,INCAR WORD,7,0,0,189,59.8,,,,,,61.9,,,73.3,0,0,0,15,0,0,0,1,0
Landon Wright,166012,DI,MOREHEAD,9,0,0,234,,,,,,,61.4,,,64.1,0,0,0,0,0,0,50,0,0
Joey Patierno,166464,DI,MARIST,11,0,2,213,57.5,,67.7,,,,45.7,,,27.9,1,2,25,55,0,0,64,3,0
Solomon Locke,166528,HB,CHATTNOOGA,4,0,0,137,,,,,,,63.3,,,68.1,0,0,0,0,0,0,0,6,0
Grant Reid,166529,LS,CHATTNOOGA,1,0,0,137,,,61.6,,,81.1,65.9,,,63.5,0,0,5,0,0,0,5,0,0
Malakai Dudek,166533,DI,FURMAN,7,0,0,170,57.8,,,,,,57.2,,,66.9,0,0,0,36,0,0,0,1,0
Nour Tayara,166536,WR,SAMFORD,2,0,0,282,,,,,,,60.1,,,64.3,0,0,0,0,1,1,0,0,0
James Platte,166538,P,CITADEL,12,0,0,139,,,,,60.0,,49.7,,81.5,29.2,0,2,0,0,1,0,47,0,0
De'Andre Tamarez,166545,WR,W CAROLINA,2,0,0,344,59.8,,,,,,60.5,61.9,,66.3,0,0,0,4,0,0,0,3,0
Benny Radicia,166546,LB,WOFFORD,10,0,0,350,60.0,,,,,,66.1,,,70.7,0,0,0,28,0,1,25,4,1
Ewan Johnson,166548,K,E TENN ST,12,0,0,157,,65.6,,,73.5,,43.0,,,28.4,0,2,62,0,67,0,0,0,1
Levi Wilkins,166586,TE,BRYANT,12,0,0,124,60.0,,70.5,59.2,,,62.0,,,71.6,0,0,33,1,2,75,0,0,0
Olatunde Mkparu,166589,CB,BRYANT,12,1,0,124,59.5,,,,,,65.0,,,83.0,1,0,0,58,48,0,21,33,2
Chase Aston,166591,S,BRYANT,6,0,0,124,,,,,,,51.8,,,28.1,0,1,0,0,3,25,8,0,1
Joseph Flaccavento,166594,T,BRYANT,1,0,0,124,,,60.0,,,,60.6,,,61.5,0,0,2,0,0,0,0,0,0
Hollis Dirstine,166596,DI,BRYANT,12,0,0,124,58.5,,,,,,59.0,,,68.4,0,0,0,30,0,0,0,3,0
Dedric Walker,166598,S,BRYANT,11,0,0,124,59.7,,,,,,40.7,,,28.9,3,3,0,48,20,67,53,12,2
Kieran Bill,166602,G,BRYANT,1,0,0,124,,,,,,,60.1,,,62.0,0,0,0,0,0,0,2,0,0
Bryce Soli,166603,K,BRYANT,12,0,0,124,,69.2,,,53.9,,62.6,,,72.4,0,0,42,0,32,0,0,0,0
Nickolas Molina,166604,T,BRYANT,8,0,0,124,,,68.0,,,,63.0,,,61.4,0,0,23,0,0,0,0,0,0
Nick Porada,166606,ED,BRYANT,7,0,0,124,59.7,,,,,,60.0,,,65.2,0,0,0,11,0,0,0,0,0
Devon Anderson,166607,LB,BRYANT,12,1,0,124,59.7,,,,,,68.8,,,73.5,0,0,0,49,51,0,0,8,1
Marcus Crawford,166611,HB,STHLSK,3,0,0,1470,,,,,,,51.2,,,67.3,1,0,0,0,6,16,0,0,0
Kaden Hamilton,166612,S,BRYANT,12,0,0,124,59.9,,,,,,70.7,,,75.3,0,0,0,2,52,11,0,14,1
Javin Dames,166614,WR,BRYANT,10,0,0,124,,,,,,,49.3,,,29.1,0,1,0,0,0,64,0,0,0
Eddie Jackson III,166617,CB,BRYANT,11,0,0,124,59.3,,,,,,53.2,,,29.3,0,1,0,46,1,0,0,13,0
Beau Shugarts,166619,DI,BRYANT,12,0,0,124,58.6,,,,,,45.9,,,27.6,0,3,0,33,0,0,55,32,0
Aiden Smith,166624,WR,TENN STATE,1,0,0,308,,,,,,,60.1,,,63.5,0,0,0,0,0,2,0,0,0
Brandon Furey,166672,C,MARIST,1,0,0,213,,,,,,,60.0,,,63.3,0,0,0,0,0,0,1,0,0
Sean Coverdale,166674,DI,MARIST,8,0,0,213,58.4,,60.0,,,,59.2,,,70.4,0,0,4,30,0,0,0,1,0
Jake Ciolino,166676,WR,MARIST,1,0,0,213,,,,,,,60.0,,,63.9,0,0,0,0,1,0,0,0,0
Chris Leonardo,166679,T,MARIST,2,0,0,213,,,,,,,60.0,,,64.5,0,0,0,0,0,0,2,0,0
Dan Lozano,166681,G,MARIST,2,0,0,213,,,,,,,60.0,,,64.5,0,0,0,0,0,0,2,0,0
Corey Pitts,166683,S,MARIST,1,0,0,213,,,,,,,61.4,,,66.4,0,0,0,0,0,6,0,6,0
Nick Vecchiarelli,166685,S,MARIST,10,0,0,213,59.5,,,,,,60.2,,,69.9,0,0,0,45,1,0,8,3,0
Suraj Fong,166686,S,MARIST,1,0,0,213,,,,,,,60.2,,,65.4,0,0,0,0,0,0,0,2,0
Noah Abida,166687,LB,MARIST,2,0,0,213,60.2,,,,,,61.4,,,66.9,0,0,0,8,3,0,0,0,0
Carter James,166688,HB,MARIST,2,0,0,213,,,,,,,60.0,,,64.5,0,0,0,0,0,0,2,0,0
Declan Kazan,166691,LB,MARIST,8,0,0,213,59.8,,,,,,62.8,,,75.6,0,0,0,19,6,0,0,2,0
Kanye Davis,166693,ED,MARIST,8,0,0,213,59.3,,,,,,61.8,,,72.2,0,0,0,9,11,3,17,13,0
Sonny Mannino,166694,QB,MARIST,10,0,0,213,,,64.0,,,,61.6,,61.0,62.2,0,0,26,0,0,0,2,0,0
Rene Barber,166695,ED,MARIST,7,0,0,213,,,,,,,65.4,,,50.2,0,1,0,0,25,18,26,27,4
Rechee Smith,166697,CB,MARIST,11,1,0,213,59.8,,,,,,62.6,,,40.8,1,1,0,9,11,0,38,13,2
Jalen Carpenter,166698,ED,MARIST,1,0,0,213,59.7,,,,,,59.9,,,63.5,0,0,0,2,0,0,0,0,0
Anthony Comestro,166702,LB,MARIST,10,0,0,213,60.2,,,,,,60.8,,,75.0,1,0,0,18,17,6,7,1,2
Joraye Morrison,166719,HB,GARD-WEBB,4,0,0,171,,,,59.9,,,62.5,,,72.1,0,0,0,0,6,3,8,6,0
Ryan Quinney,166838,LB,MS VLY ST,4,0,0,228,59.6,,,,,,60.5,,,68.0,0,0,0,12,0,0,2,7,0
Ness Davis,166999,HB,ARKAPB,9,1,0,112,,,,,,,68.6,,,76.6,2,1,0,0,34,30,37,8,10
R.J Evans,167002,DI,MERCER,1,0,0,219,59.1,,,,,,59.2,,,63.0,0,0,0,3,0,0,0,0,0
Mekhi Ferrell,167004,TE,ARKAPB,10,0,0,112,,,73.8,,,,64.0,,,75.7,0,0,45,0,1,34,0,1,0
Trey Glymph,167008,K,ARKAPB,12,0,0,112,,79.8,,,48.0,,62.5,,60.0,71.9,0,0,41,0,26,0,2,0,0
Mike Riley,167021,LB,ARKAPB,9,2,0,112,59.9,,,,,,63.0,,,74.7,1,0,0,24,31,26,12,12,1
Tyler Shaw,167024,CB,ARKAPB,8,0,0,112,59.7,,,,,,54.6,,,28.8,0,1,0,5,10,26,0,8,1
Derrick White,167029,WR,ARKAPB,10,0,0,112,,,,,,,56.2,,,36.9,0,1,0,0,5,12,46,0,1
Nebanye Moore,167056,TE,NC CENT,11,0,0,247,,,60.0,,,,66.7,,,71.8,0,0,2,0,10,12,41,0,2
Stephen Sparrow,167062,LB,BETH COOK,12,0,0,119,59.7,,,,,,60.5,,,70.3,0,0,0,34,1,10,18,7,0
Kevin Thomas Jr.,167103,S,GRAMBLING,2,0,0,177,59.9,,,,,,55.5,,,66.9,0,0,0,2,3,0,7,1,0
Markeis Sykes,167106,ED,HOUCHR,10,0,0,183,57.9,,,,,,57.6,,,67.8,0,0,0,29,0,0,3,0,0
Norey Johnson,167110,S,HOUCHR,4,0,0,183,60.0,,,,,,61.8,,,69.5,0,0,0,4,5,0,0,4,0
Tahj Martin,167116,G,GRAMBLING,12,0,0,177,,,77.1,,,,65.3,,,64.6,0,0,50,0,0,0,0,0,0
Trajon Freeman,167118,S,GRAMBLING,2,0,0,177,,,,,,,61.8,,,67.8,0,0,0,0,6,0,0,0,0
Travis Pearson II,167124,CB,PRVIEW A&M,11,1,0,270,,,,,,,60.0,,,76.8,2,0,0,0,49,0,41,23,2
Darren Morris,167128,WR,SOUTHERN U,1,0,0,297,,,,,,,61.9,,,66.8,0,0,0,0,0,0,0,5,0
Kendric Rhymes,167130,HB,SOUTHERN U,7,0,0,297,59.8,,,58.7,,,48.2,50.9,,68.0,1,0,0,2,1,25,5,27,0
Jordan Dupre,167134,WR,SOUTHERN U,11,0,0,297,,,,58.7,,,61.6,,,74.4,0,0,0,0,11,3,19,17,0
Dupree Fuller,167135,TE,SOUTHERN U,8,0,0,297,,,68.5,,,,63.2,,,63.8,0,0,25,0,0,3,2,1,0
Marcus Malvoisin,167139,CB,SOUTHERN U,13,1,0,297,60.0,,,,,,66.5,,,78.2,2,0,0,3,54,34,0,40,10
Ckelby Givens,167148,ED,SOUTHERN U,13,0,0,297,58.2,,,,,,69.0,,,75.2,0,0,0,51,0,0,30,31,2
Willie Miles,167149,DI,SOUTHERN U,13,0,0,297,57.7,,,,,,50.1,,,28.5,0,1,0,40,0,0,0,8,0
Xavier Potts,167150,DI,STF AUSTIN,11,0,0,301,57.7,,,,,,58.5,,,70.1,0,0,0,23,0,0,0,9,0
Nahamani Harris,167154,S,N ARIZONA,4,0,0,252,59.9,,,,,,63.5,,,74.7,0,0,0,4,1,0,0,11,0
Gilbert Brown,167157,P,CHARLES SO,12,0,0,135,,,64.9,,,,56.1,,67.5,30.0,0,2,34,0,0,0,67,0,0
Ronnie Hayes II,167194,C,CHARLES SO,9,0,0,135,,,69.4,,,,64.1,,,71.3,0,0,27,0,0,0,0,0,0
Josh Hill,167195,ED,CHARLES SO,3,0,0,135,,,,,,,62.3,,,66.5,0,0,0,0,0,0,0,5,0
Jalen Pugh,167222,DI,CHARLES SO,11,0,0,135,58.4,,,,,,58.8,,,69.1,0,0,0,45,0,0,0,2,0
Antwone Watts,167238,S,BETH COOK,11,0,0,119,59.8,,,,,,51.1,,,72.6,1,0,0,47,0,0,8,11,0
Malik Charles,167377,ED,W GEORGIA,11,0,0,1177,59.5,,75.7,,,,64.4,,,68.2,0,0,61,21,0,0,0,4,0
Richard Sweeney III,167421,CB,MOREHEAD,11,0,0,234,59.5,,,,,,51.7,,,28.9,0,1,0,41,0,0,0,11,0
Scott Becker,167643,C,PRINCETON,5,0,0,272,,,,,,,60.7,,,65.5,0,0,0,0,0,0,18,0,0
Justice Musser,167644,T,PRINCETON,1,0,0,272,,,60.0,,,,61.1,,,67.8,0,0,4,0,0,0,0,0,0
Aaron Richard,167645,ED,PRINCETON,10,0,0,272,58.8,,,,,,59.2,,,68.9,0,0,0,50,0,0,0,0,0
Bakari Edwards,167646,ED,PRINCETON,1,0,0,272,,,,,,,60.0,,,90.7,0,0,0,0,0,0,0,1,0
Charlie Lingon,167647,DI,PRINCETON,5,0,0,272,58.3,,,,,,58.2,,,65.6,0,0,0,20,0,0,0,1,0
Jack DelGarbino,167649,DI,PRINCETON,3,0,0,272,,,,,,,60.6,,,65.6,0,0,0,0,0,0,0,3,0
Nasir Hill,167650,S,PRINCETON,7,0,0,272,59.6,,,,,,61.6,,,70.8,0,0,0,18,3,0,0,5,0
Tahj Owens,167651,S,PRINCETON,7,0,0,272,59.8,,,,,,61.3,,,70.2,0,0,0,28,3,0,0,1,0
Dareion Murphy,167653,HB,PRINCETON,1,0,0,272,,,,,,,60.0,,,63.3,0,0,0,0,0,0,1,0,0
Jaden Wedderburn,167655,T,PRINCETON,9,0,0,272,,,70.0,,,,32.9,,,65.8,0,0,33,0,0,0,8,0,0
Cooper Koers,167656,T,PRINCETON,2,0,0,272,,,60.0,,,,59.6,,,66.5,0,0,2,0,0,0,1,0,0
Sekou Roland,167657,LB,PRINCETON,3,0,0,272,59.7,,,,,,60.7,,,64.7,0,0,0,10,0,0,0,2,0
Will Beesley,167658,LB,PRINCETON,3,0,0,272,59.7,,,,,,58.8,,,66.9,0,0,0,7,0,8,8,0,0
Blaine Hipa,167662,QB,PRINCETON,1,0,0,272,,,,,,,60.0,,60.0,63.3,0,0,0,0,0,0,1,0,0
D'Shawn Jones,167664,S,PRINCETON,8,2,0,272,,,,,,,74.8,,,76.4,0,0,0,0,33,0,8,16,1
Charley Rossi,167665,WR,PRINCETON,4,0,0,272,,,,57.6,,,59.1,60.3,,64.6,0,0,0,0,0,24,0,1,0
Jalen Jones,167666,S,PRINCETON,10,0,0,272,,,,,,,64.6,,,81.6,1,0,0,0,46,0,33,27,1
Solomon Williams,167667,S,PRINCETON,10,0,0,272,60.0,,,,,,73.6,,,78.2,1,0,0,7,0,59,42,1,4
Glenie Cross III,167668,CB,PRINCETON,2,0,0,272,,,,,,,63.2,,,76.6,0,0,0,0,0,0,0,10,0
Marco Scarano,167670,LB,PRINCETON,7,0,0,272,60.1,,,,,,64.9,,,78.4,0,0,0,13,3,0,0,6,0
Victor Barbosa,167671,K,ALAB A&M,8,0,0,104,,83.4,60.0,,,,61.2,,,66.6,0,0,44,0,0,0,0,0,0
Ernest Davis III,167984,HB,MERCYHURST,3,0,0,977,,,,,,,63.1,,,71.7,0,0,0,0,0,2,0,7,0
Daylon Land,168009,LB,CENT ARK,12,0,0,132,59.7,,,,,,60.1,,,74.6,2,1,0,7,41,69,0,2,4
Cody Brackeen,168058,G,MCNEESE,4,0,0,217,,,68.1,,,,63.1,,,63.8,0,0,19,0,0,0,0,0,0
William Bressi,168061,C,MCNEESE,1,0,0,217,,,,,,,60.0,,,63.3,0,0,0,0,0,0,0,0,0
Rodrick Weaver,168142,WR,TARLETON,13,0,0,401,,,,59.9,,,69.4,,,76.4,0,0,0,0,77,17,0,0,1
Jack Plattner,168224,T,DAYTON,2,0,0,150,,,60.2,,,,61.7,,,65.6,0,0,6,0,0,0,0,0,0
Caleb Borders,168338,WR,GARD-WEBB,8,0,0,171,,,,,,,60.5,61.0,,68.8,0,0,0,0,1,3,6,7,0
Ahmond Glass,168339,CB,INDIANA ST,6,0,0,191,59.5,,,,,,60.8,,,70.3,0,0,0,33,0,0,0,0,0
Detrick Jones,168340,DI,MS VLY ST,12,0,0,228,57.3,,,,,,56.9,,,69.7,0,0,0,54,0,0,0,3,0
AJ Johnson,168341,WR,E TENN ST,1,0,0,157,,,,,,,60.0,,,64.4,0,0,0,0,0,0,0,2,0
Karim Page,168342,WR,E TENN ST,3,0,0,157,,,,,,,58.1,,,65.7,0,0,0,0,5,0,3,0,0
Kobe Brown,168344,TE,ALAB A&M,8,0,0,104,,,63.0,,,,47.2,,,27.0,0,2,11,0,0,33,7,0,0
Ephraim Floyd,168347,WR,E TENN ST,12,0,0,157,,,,69.1,,,48.8,,,28.2,0,1,0,0,0,48,2,9,0
Jacari Shell,168350,WR,GARD-WEBB,8,0,0,171,,,,,,,49.3,,,28.3,0,1,0,0,3,37,0,1,0
Jai Barnes,168353,DI,E TENN ST,2,0,0,157,59.9,,,,,,60.5,,,64.8,0,0,0,2,0,0,0,1,0
Josh Shaw,168354,HB,SCAR STATE,12,2,0,290,,,,59.9,,,65.4,,,40.1,2,1,0,0,64,48,6,49,4
Chance Reid,168356,G,GARD-WEBB,12,0,1,171,,,74.6,,,,56.6,,,28.2,0,1,55,0,0,0,0,0,0
Dwight Harvey,168358,DI,ALAB A&M,7,0,0,104,58.7,,,,,,59.0,,,66.9,0,0,0,14,0,0,0,4,0
Ty Yocum,168361,TE,MERRIMACK,3,0,0,385,,,,,,,60.1,,,64.5,1,0,0,0,0,4,20,0,0
Elliott Johnson,168385,DI,SACRAMENTO,3,0,0,279,59.4,,,,,,60.6,,,65.0,0,0,0,2,0,0,0,2,0
Beckett Leary,168407,K,MORGAN ST,8,0,0,235,,71.5,,,65.9,,62.5,,,73.3,0,0,31,0,37,0,1,0,0
Julian Sampson,168410,CB,STETSON,9,0,0,302,59.4,,,,,,55.1,60.3,,29.5,0,1,0,40,23,0,0,14,0
KJ Scott,168411,LB,MORGAN ST,4,0,0,235,59.9,,60.0,,,,28.1,,,28.2,0,1,5,4,1,5,8,1,0
Blake Cotton,168412,CB,UC DAVIS,13,0,0,322,59.9,,,,,,71.5,,,81.3,1,0,0,34,9,0,44,31,4
Chaunzavia Lewis,168416,HB,TEXAS STHN,8,0,0,313,,,,80.3,,,60.1,72.4,,66.1,0,0,0,0,0,50,0,26,0
DeKalon Taylor,168419,HB,INCAR WORD,11,0,0,189,,,,,,,60.7,86.0,,69.4,0,0,0,0,0,17,0,50,0
Reginald Barnes,168421,DI,MORGAN ST,6,0,0,235,59.1,,,,,,59.2,,,64.5,0,0,0,10,0,0,0,0,0
Jordan Jeudy,168430,DI,MORGAN ST,5,0,0,235,58.9,,,,,,59.8,,,66.6,0,0,0,7,0,0,0,2,0
Arturo Mattocks,168434,LB,MORGAN ST,12,0,0,235,59.7,,,,,,57.4,,,51.2,0,1,0,31,0,47,41,11,0
Dylan Domel,168447,TE,TXAMEA,2,0,0,1139,,,,59.9,,,61.0,,,68.1,0,0,0,0,0,14,0,0,0
Malachi Bailey,168449,ED,ALCORN ST,12,0,0,107,58.4,,,,,,59.0,,,68.0,0,0,0,37,0,0,0,5,0
Andrew Smith,168451,CB,ALCORN ST,12,0,0,107,59.9,,,,,,47.1,,,28.0,0,2,0,23,7,1,10,19,0
Wallace Melton,168454,S,ALCORN ST,10,0,0,107,60.0,,,,,,60.8,,,64.0,0,0,0,29,0,0,0,2,0
DeJuan Lewis,168462,S,LAMAR,12,0,0,204,59.9,,,,,,62.0,,,76.0,0,0,0,46,1,0,2,7,0
Tait Deer,168465,DI,ALCORN ST,10,0,0,107,59.0,,,,,,60.9,,,66.0,0,0,0,3,0,0,52,0,0
Efren Jasso,168466,P,PRVIEW A&M,12,0,0,270,,,66.5,,,,63.7,,57.7,74.1,0,1,52,0,0,0,70,0,0
Napoleon Collier,168467,CB,ALCORN ST,12,0,0,107,59.7,,,,,,66.2,,,81.1,0,0,0,30,45,2,0,40,0
Ernesto Nava,168468,T,UC DAVIS,3,0,0,322,,,65.8,,,,62.9,,,68.5,0,0,13,0,0,0,0,0,0
Jaquez Dew,168470,LB,ALCORN ST,12,0,0,107,60.1,,,,,,63.3,,,69.4,0,0,0,40,2,0,0,5,0
Anthony James Jr.,168483,WR,MORGAN ST,5,0,0,235,,,,62.4,,,60.3,,,69.3,0,0,0,0,0,21,3,0,0
Kevin Deceus,168498,WR,BETH COOK,6,0,0,119,,,,,,,58.8,,,70.3,0,0,0,0,0,29,4,2,0
Martavian Davis,168533,LB,MORGAN ST,12,1,0,235,60.0,,,,,,73.8,,,81.3,1,0,0,1,58,3,18,45,4
Equandric Ross,168534,LB,ALCORN ST,12,2,0,107,59.9,,66.4,,,,53.1,,,29.3,3,2,18,10,48,59,18,54,4
Blanche Gold,168563,ED,MORGAN ST,5,0,0,235,59.8,,,,,,60.9,,,70.2,0,0,0,1,0,11,0,0,0
Malik Hemmeian,168569,S,MORGAN ST,2,0,0,235,59.9,,,,,,64.3,,,72.6,0,0,0,1,0,0,0,7,0
Keith Jenkins Jr.,168571,HB,MORGAN ST,4,0,0,235,,,,70.8,,,65.5,,,67.2,0,0,0,0,4,15,5,2,1
Nigel Walker,168577,LB,MORGAN ST,10,0,0,235,,,,,,,69.9,,,72.4,0,0,0,0,10,0,0,42,0
Alexander Lewis,168583,LB,MORGAN ST,1,0,0,235,,,,,,,60.3,,,64.4,0,0,0,0,2,0,0,0,0
Keith Joseph-Clark,168584,LB,MORGAN ST,11,1,0,235,,,,,,,62.3,,,73.8,3,0,0,0,50,3,0,22,2
Christian Smith,168596,G,MERRIMACK,9,1,0,385,,,70.9,,,43.4,56.6,,,66.6,2,0,40,0,0,0,45,0,1
Kendal Sims,168597,LB,MERRIMACK,11,0,0,385,59.3,,,,,,90.1,,,36.2,1,1,0,25,6,35,12,40,2
Bryce Ricks,168601,DI,MERRIMACK,3,0,0,385,58.7,,,,,,58.8,,,64.3,0,0,0,4,0,1,0,0,0
Nasir Maryland,168604,CB,MERRIMACK,11,0,0,385,59.5,,,,,,63.3,,,60.3,1,2,0,4,48,53,49,17,4
Danny Simms,168605,S,MERRIMACK,10,1,0,385,59.9,,,,,,69.8,60.0,,41.1,3,1,0,4,44,17,34,37,8
Tommy Dombo,168607,T,MERRIMACK,1,0,0,385,,,60.0,,,,61.1,,,65.7,0,0,3,0,0,0,0,0,0
Rajahn Cooper,168612,LB,MERRIMACK,10,1,0,385,59.7,,,,,,71.1,,,81.3,3,0,0,11,35,50,38,2,1
Jake Fitzgerald,168613,LB,MERRIMACK,1,0,0,385,,,60.0,,,81.3,65.8,,,63.5,0,0,4,0,0,0,5,0,0
Carlton Thai,168614,K,MERRIMACK,2,0,0,385,,60.0,,,58.3,,60.0,,,65.5,0,0,2,0,2,0,0,0,0
Cosey Scarebrook,168619,S,ROB MORRIS,8,0,0,277,,,,,,,70.1,,,79.1,0,0,0,0,30,0,18,42,2
Darion Henry,168845,CB,TXAMEA,1,0,0,1139,,,,,,,60.0,,,63.8,0,0,0,0,0,0,0,1,0
Nchabanu Fortaboh,168970,ED,TOWSON,10,0,0,317,58.5,,,,,,59.4,,,71.0,0,0,0,44,0,0,0,5,0
Christian Jourdain,169011,WR,TXAMEA,6,0,0,1139,,,,45.6,,,60.2,64.9,,64.7,0,0,0,0,0,6,0,11,0
Kimon O'Sullivan,169016,HB,SE LA,2,0,0,294,,,,62.8,,,60.0,,,62.5,0,0,0,0,0,4,0,0,0
Da'Veon Ford,169019,HB,TEXAS STHN,6,0,0,313,,,,,,,59.3,,,70.9,0,0,0,0,0,35,0,0,0
Charles George Jr.,169022,S,TEXAS STHN,11,0,0,313,59.4,,72.9,,,,66.1,,,76.4,1,0,43,9,36,60,47,11,5
Kerien Charlo,169023,WR,TEXAS STHN,5,0,0,313,,,,63.5,,,66.2,,,90.8,0,0,0,0,0,14,0,0,0
Connor Wisham,169024,HB,PRVIEW A&M,3,0,0,270,,,,,,,60.2,,,65.1,0,0,0,0,3,9,0,0,0
Josiah Hardman,169031,S,TEXAS STHN,7,2,0,313,59.8,,,,,,60.8,,,68.9,0,0,0,28,15,0,8,0,0
Brendin Benoit,169043,DI,NC CENT,2,0,0,247,,,,,,,60.0,,,65.3,0,0,0,0,0,0,0,1,0
Isaiah Bogerty,169054,LB,TEXAS STHN,4,0,0,313,59.1,,,,,,60.1,,,70.2,0,0,0,21,0,0,6,3,0
Nevon Cooper,169069,WR,PRVIEW A&M,11,0,0,270,,,,57.0,,,59.8,62.5,,67.3,0,0,0,1,0,61,0,45,0
Braxston Blackwell,169073,LS,SOUTHERN U,13,0,0,297,,,85.7,,,77.1,67.7,,,68.1,1,0,49,0,0,0,76,0,0
Hollis Robinson,169117,S,STF AUSTIN,12,2,0,301,60.0,,,,,,87.8,,,76.5,0,0,0,1,10,27,35,43,3
Rhett Thurman,169125,P,CENT ARK,1,0,0,132,,,60.0,,,,60.4,,,60.5,0,0,5,0,0,0,0,0,0
Ejiro Egodogbare,169133,DI,YALE,6,0,0,352,58.5,,,,,,60.0,,,67.7,0,0,0,16,0,0,0,7,0
Treston Davis,169134,TE,MORGAN ST,6,0,0,235,,,69.2,,,,64.3,,,72.8,0,0,26,0,0,0,0,0,0
Thomas Johnson,169137,ED,NC CENT,2,0,0,247,59.8,,,,,,62.0,,,66.1,0,0,0,2,0,0,0,4,0
R.J. Chakolis,169155,LB,TARLETON,1,0,0,401,,,,,,,60.0,,,61.6,0,0,0,0,0,0,0,1,0
Terphil Bien-Aime,169157,CB,ALAB A&M,5,0,0,104,59.7,,,,,,61.4,,,68.7,0,0,0,9,0,0,0,9,0
Javin Griffin,169167,DI,GARD-WEBB,11,0,0,171,59.1,,76.4,,,,65.3,,,73.5,0,0,50,3,0,0,0,5,0
Umar Yaro,169186,LB,TEXAS STHN,10,0,0,313,59.6,,,,,,63.8,,,75.1,0,0,0,33,5,0,9,15,0
Dennis Jones,169194,G,TEXAS STHN,3,0,0,313,,,64.9,,,,62.7,,,68.4,0,0,10,0,0,0,0,0,0
Jecari Bryson,169213,LB,GARD-WEBB,10,0,0,171,60.1,,,,,,85.1,,,91.8,0,0,0,21,30,31,13,22,2
Christen Williams,169215,CB,GRAMBLING,12,1,0,177,60.0,,,,,,60.6,,,29.9,1,2,0,1,51,24,1,35,3
Teylan Nelson,169222,LB,PRVIEW A&M,12,1,0,270,,,,,,,71.6,,,70.2,0,0,0,0,56,0,0,0,3
Austin DeArmond,169228,G,INCAR WORD,14,0,0,189,,,78.2,,,,66.8,,,76.8,0,0,76,0,0,0,0,0,0
Jamarious Brooks,169238,HB,PRVIEW A&M,8,0,0,270,,,,,,,62.2,,,73.9,0,0,0,0,4,28,0,1,0
Lee Davis,169497,C,SCAR STATE,1,0,0,290,,,,,,,60.1,,,62.6,0,0,0,0,0,0,2,0,0
Jayden Staggers,169499,S,INCAR WORD,14,0,0,189,59.9,,,,,,62.1,,,74.2,0,0,0,2,13,70,0,19,0
Jimmy Bowdry,169507,CB,E TENN ST,12,0,0,157,59.6,,,,,,69.2,,,72.6,0,0,0,32,54,0,0,11,3
Nick Meehan,169511,HB,INCAR WORD,2,0,0,189,,,,,,,60.4,,,64.3,0,0,0,0,1,2,0,0,0
Lloyd Johnson,169515,DI,INCAR WORD,8,0,0,189,58.5,,,,,,59.1,,,70.8,0,0,0,13,0,0,0,1,0
Keenon Pitts,169520,CB,INCAR WORD,13,1,0,189,59.9,,,,,,73.8,,,88.6,0,0,0,1,49,65,0,60,1
Soren McKee,169543,K,E WASHGTON,12,0,0,161,,79.9,,,56.1,,61.7,,,68.2,0,0,60,0,5,0,0,0,0
Joshua Johnson,169548,WR,GRAMBLING,2,0,0,177,,,,63.5,,,60.0,,,61.8,0,0,0,0,0,3,0,0,0
Thomas Brown,169556,G,TEXAS STHN,3,0,0,313,,,61.4,,,,45.7,,,26.3,0,1,11,0,0,0,0,0,0
Michael James,169557,K,TARLETON,5,0,0,401,,29.3,,,68.8,,61.7,,,71.6,0,0,8,0,20,0,0,0,0
Gabe Nunez,169559,WR,SO UTAH,12,0,0,298,,,,,,,61.6,72.5,,67.8,0,0,0,0,0,1,0,44,0
Dearis Thomas,169562,LB,BETH COOK,3,0,0,119,59.6,,,,,,60.3,,,69.0,0,0,0,9,0,0,0,0,0
Demetri Simmons,169590,HB,SCAR STATE,1,0,0,290,,,,,,,60.1,,,66.0,0,0,0,0,0,4,0,0,0
Jalen Cooper,169591,C,PRVIEW A&M,1,0,0,270,,,60.0,,,,61.1,,,68.8,0,0,3,0,0,0,0,0,0
David Walker,169593,ED,TEXAS STHN,2,0,0,313,59.9,,,,,,60.1,,,62.9,0,0,0,3,0,0,0,0,0
Haydn Stay,169705,TE,N DAKOTA,11,0,0,249,,,75.0,,,,55.9,,,29.0,0,1,56,0,2,65,0,0,0
Brock Winstead,169903,LS,E TENN ST,12,0,0,157,,,88.4,,,89.1,78.2,,,66.6,0,0,62,0,0,0,46,0,1
Ray Mckneely-Harris,169949,HB,NWSTATE,1,0,0,257,,,,,,,60.0,,,62.1,0,0,0,0,1,0,0,0,0
Johnny Schifano,169968,P,GRAMBLING,12,0,0,177,,,66.6,,,,63.8,,64.1,74.7,0,2,54,0,0,0,77,0,0
Noah Gardner,169978,G,MO STATE,6,0,0,230,,,68.8,,,,63.7,,,71.6,0,0,23,0,0,0,0,0,0
AJ Thomas,169991,ED,MCNEESE,12,0,0,217,59.2,,,,,,55.7,,,29.7,1,1,0,14,36,0,0,38,2
Apollos Cook,170043,WR,MERCER,12,0,0,219,,,,,,,52.8,,,50.8,1,1,0,0,0,49,51,0,0
Elias Cloy,170064,C,ALAB A&M,4,0,0,104,,,,,,,60.0,,,66.1,0,0,0,0,0,0,5,0,0
Lorenzo Jenkins,170118,WR,BETH COOK,2,0,0,119,,,,,,,63.6,,,68.0,0,0,0,0,2,0,0,6,0
Brock Wilkins,170125,LS,ELON,3,0,0,162,,,,,,0.0,29.1,,,65.1,1,0,0,0,0,0,18,0,0
Goldie Lawrence,170346,WR,FL A&M,5,0,0,164,,,,57.9,,,34.7,,,26.9,0,1,0,0,0,25,0,2,0
Ike Daniels,170385,HB,TOWSON,7,0,0,317,,,,,,,60.2,,,66.7,0,0,0,0,0,16,0,0,0
Muwaffaq Parkman,170387,HB,ROB MORRIS,4,0,0,277,,,,,,,59.0,,,70.8,0,0,0,0,0,0,17,0,0
Jalil Smith,170388,DI,WAGNER,1,0,0,338,59.8,,,,,,60.0,,,62.7,0,0,0,1,0,0,0,0,0
Terrance Alexander,170406,CB,BETH COOK,10,0,0,119,59.8,,,,,,61.6,,,70.1,0,0,0,21,1,0,0,6,0
Will Caneer,170411,ED,BUCKNELL,12,0,0,125,58.8,,75.7,,,,66.2,,,67.4,0,0,62,21,0,5,55,4,1
Justin Duff,170509,LS,ABILENE CH,14,0,0,100,,,,,,92.9,73.5,,,67.2,1,0,0,0,0,0,57,0,0
Torian Bell,170527,CB,CENT ARK,1,0,0,132,,,,,,,60.0,,,65.9,0,0,0,0,0,0,0,2,0
Landen Chambers,170530,HB,CENT ARK,1,0,0,132,,,,,,,60.0,,,63.3,0,0,0,0,0,0,1,0,0
Collin Cooper,170532,WR,CENT ARK,11,0,0,132,,,,,,,58.6,,,84.7,0,1,0,0,10,56,35,40,0
Daithan Davis,170533,WR,CENT ARK,4,0,0,132,,,,,,,49.3,,,29.1,0,1,0,0,0,19,3,25,0
Joey Dickson,170534,G,CENT ARK,1,0,0,132,,,,,,,60.0,,,63.3,0,0,0,0,0,0,1,0,0
Jacobrien Eichelberger,170538,S,CENT ARK,11,1,1,132,59.9,,,,,,52.0,,,27.6,2,3,0,2,26,1,39,0,3
Jake Gaster,170541,K,CENT ARK,12,0,0,132,,70.3,,,,,61.5,,,67.5,0,0,64,0,0,0,0,0,0
Ben Haulmark,170546,TE,CENT ARK,6,0,0,132,,,65.5,,,,61.5,,,62.7,0,0,16,0,0,0,1,0,0
Nicholas Hazeslip,170549,C,CENT ARK,1,0,0,132,,,,,,,60.0,,,63.3,0,0,0,0,0,0,1,0,0
Malachi Henry,170550,WR,CENT ARK,10,0,0,132,,,,,,,57.0,,,86.0,1,0,0,0,0,1,51,0,1
Cary McClain,170555,TE,CENT ARK,6,0,0,132,,,,,,,60.2,,,70.6,0,0,0,0,0,30,0,5,0
Shuntori Montue,170557,S,CENT ARK,8,0,0,132,,,,,,,70.3,,,79.4,0,0,0,0,6,49,7,32,1
Carson Moran,170558,LB,CENT ARK,1,0,0,132,,,,,,,60.0,,,63.6,0,0,0,0,1,0,0,0,0
Dude Person,170563,S,CENT ARK,12,1,0,132,59.4,,,,,,68.2,,,78.0,0,0,0,56,45,1,45,5,2
CJ Rayborn,170565,T,CENT ARK,9,0,0,132,,,71.4,,,,63.0,,,61.7,0,0,36,0,0,0,1,0,0
Noah Tice,170570,DI,CENT ARK,12,1,0,132,57.8,,,,,,68.3,,,67.8,0,0,0,19,0,0,42,3,1
Kennedy Washington,170571,WR,CENT ARK,12,0,0,132,,,,,,,68.2,,,77.1,0,0,0,0,0,18,0,57,0
Kiyon Williams,170574,ED,CENT ARK,10,0,0,132,58.6,,,,,,58.8,,,66.6,0,0,0,23,0,0,0,1,0
Isaiah Allen,170576,TE,E KENTUCKY,1,0,0,159,,,,,,,60.3,,,66.2,0,0,0,0,2,0,0,0,0
Jacob Baker,170577,K,E KENTUCKY,13,0,0,159,,,,,,,63.4,,61.3,75.2,1,1,0,0,0,0,62,0,0
Simon Ghee,170582,ED,E KENTUCKY,1,0,0,159,,,,,,,60.0,,,63.5,0,0,0,0,0,0,0,1,0
Jackson House,170586,WR,E KENTUCKY,12,0,0,159,,,,,,,58.8,,,42.5,1,1,0,0,52,54,54,33,3
Jeffrey Kinley,170590,S,E KENTUCKY,13,1,0,159,,,,,,,79.0,,,88.0,0,0,0,0,57,62,62,33,3
Brayden Latham,170591,HB,E KENTUCKY,13,0,0,159,,,,54.8,,,64.7,,,72.1,0,0,0,0,22,55,6,0,0
Frank Lee IV,170592,ED,E KENTUCKY,10,0,0,159,59.0,,,59.9,,,65.3,,,70.3,0,0,0,20,0,17,10,11,1
Maddox Marcellus,170594,LB,E KENTUCKY,12,0,0,159,59.9,,,61.8,,,63.1,,,67.9,0,0,0,43,0,2,1,17,0
Albert Nunes,170596,LB,N IOWA,12,0,0,255,59.8,,,,,,63.7,,,74.6,0,0,0,56,7,0,0,18,0
Bryce Tapp,170599,DI,E KENTUCKY,2,0,0,159,59.1,,60.0,,,,60.8,,,64.1,0,0,7,3,0,0,0,1,0
Jordon Thomas,170600,CB,E KENTUCKY,13,0,0,159,59.6,,,,,,62.9,,,74.9,0,0,0,52,0,0,0,22,0
Brody Wells,170601,LB,E KENTUCKY,12,1,0,159,60.0,,,,,,71.7,,,77.0,0,0,0,2,9,0,44,33,1
Jayden West,170602,WR,E KENTUCKY,1,0,0,159,,,,,,,60.0,,,63.1,0,0,0,0,0,1,0,0,0
Camden Allison,170604,S,N ALABAMA,12,0,0,389,,,,,,,66.7,,,73.8,0,0,0,0,21,16,8,43,0
Kaleb Brown,170606,DI,N ALABAMA,12,0,0,389,57.6,,,,,,59.1,,,77.3,0,0,0,28,0,0,0,10,0
Kaden Cooper,170608,WR,N ALABAMA,9,0,0,389,,,,,,,64.4,,,81.5,0,0,0,0,0,46,35,32,1
Christopher Cotton,170609,LB,N ALABAMA,12,1,0,389,60.0,,,,,,59.6,,,29.4,1,1,0,1,48,1,0,39,1
Nathan Curry,170611,LS,N ALABAMA,12,1,0,389,,,83.9,,,88.5,78.2,,,66.9,0,0,42,0,0,0,52,0,0
Kendrick Davis,170612,LB,N ALABAMA,8,0,0,389,60.0,,,,,,46.2,,,26.9,0,3,0,2,42,20,0,10,2
Elijah Elmore,170614,DI,ALABAMA ST,9,0,0,105,58.5,,,,,,59.4,,,67.6,0,0,0,16,0,0,0,5,0
KJ Fields,170615,WR,N ALABAMA,12,0,0,389,,,,,,,69.1,,,76.6,0,0,0,0,13,7,0,39,0
Seth Hampton,170619,LB,N ALABAMA,12,0,0,389,59.3,,,59.9,,,61.2,,,80.0,1,0,0,14,21,65,4,28,1
Avery Howard,170620,ED,N ALABAMA,10,0,0,389,59.7,,65.6,,,,67.4,,,72.7,0,0,16,4,49,29,3,2,2
Dennis Moody III,170621,HB,N ALABAMA,2,0,0,389,,,,,,,60.3,,,64.1,0,0,0,0,0,3,2,0,0
Amarie Rogers,170625,T,N ALABAMA,10,0,0,389,,,60.0,,,,58.8,,,66.0,0,0,1,0,0,7,43,0,0
Brody Stewart,170626,G,N ALABAMA,5,0,0,389,,,65.0,,,,62.7,,,64.1,0,0,16,0,0,0,0,0,0
Ryan Walker,170631,G,N ALABAMA,11,0,0,389,,,74.2,,,,65.1,,,72.2,0,0,38,0,0,0,0,0,0
Adam Watford,170632,P,N ALABAMA,12,0,0,389,,,,,60.0,,49.4,,57.8,29.1,0,1,0,0,1,0,47,0,0
Dalton Bailey,170634,WR,STETSON,6,0,0,302,,,,,,,53.3,60.3,,75.2,2,0,0,0,9,26,1,20,0
Troy Bean,170636,LB,CAL POLY,9,1,0,129,60.0,,,,,,80.7,,,75.8,1,0,0,4,20,24,43,15,7
Ryan Collins,170637,P,CAL POLY,10,1,0,129,,,60.0,,,,63.1,,64.8,74.0,0,0,1,0,0,0,48,0,0
Racin Delgatty,170639,C,CAL POLY,10,0,0,129,,,73.6,,,,68.3,,,70.0,0,0,35,0,0,0,37,0,1
Delano Franklin,170641,CB,CAL POLY,8,0,0,129,60.5,,,62.1,,,61.6,61.4,,69.3,0,0,0,24,0,38,0,5,0
Marquise Jones,170645,DI,CAL POLY,1,0,0,129,59.3,,,,,,59.5,,,62.9,0,0,0,2,0,0,0,0,0
Kresean Kizzy,170646,CB,CAL POLY,2,0,0,129,,,,,,,61.1,,,70.4,0,0,0,0,0,12,0,0,0
Miles Medina,170648,T,CAL POLY,7,0,0,129,,,69.9,,,,63.5,,,63.5,0,0,19,0,0,0,0,0,0
Brady Norton,170649,T,CAL POLY,10,0,0,129,,,72.0,,,,63.6,,,72.6,0,0,36,0,0,0,18,0,0
Tayden Phillips,170651,S,CAL POLY,5,0,0,129,,,,,,,60.8,66.1,,65.2,0,0,0,0,0,0,0,13,0
Aiden Ramos,170652,HB,CAL POLY,11,0,0,129,,,,59.9,,,63.1,,,68.5,0,0,0,0,1,69,0,0,0
Kian Salehi,170654,WR,CAL POLY,2,0,0,129,,,,,,,53.0,,,67.1,0,0,0,0,0,0,4,0,0
Kendric Sanders,170655,HB,CAL POLY,2,0,0,129,,,,67.1,,,62.4,,,70.2,0,0,0,0,6,3,0,0,0
Jayden Smith,170658,T,CAL POLY,1,0,0,129,,,60.0,,,,60.0,,,61.0,0,0,1,0,0,0,0,0,0
Chris Snyder,170659,S,CAL POLY,3,0,0,129,60.1,,,,,,62.3,,,66.6,0,0,0,3,0,0,0,5,0
DeMel Turner,170662,S,CAL POLY,5,0,0,129,59.8,,,,,,63.8,,,69.3,0,0,0,10,1,0,0,17,0
Brooks Wheatley,170665,WR,CAL POLY,7,0,0,129,,,,54.5,,,60.5,,,71.2,0,0,0,0,0,37,0,0,0
Amdane Aboudou,170670,CB,E WASHGTON,4,0,0,161,59.9,,,,,,61.8,,,67.2,0,0,0,1,11,0,0,1,0
Samarai Anderson,170672,LB,E WASHGTON,12,0,0,161,59.8,,,61.8,,,66.1,,,74.9,0,0,0,23,53,47,0,21,1
Bishop Blakely,170674,LB,E WASHGTON,4,0,0,161,,,,,,,62.1,,,66.3,0,0,0,0,9,2,1,0,0
Mason Buttel-Strong,170675,G,E WASHGTON,5,0,0,161,,,70.4,,,,63.9,,,69.2,0,0,22,0,0,0,0,0,0
Derek Ganter Jr.,170679,S,E WASHGTON,12,0,1,161,59.7,,,,,,51.6,,,28.6,0,1,0,48,0,0,1,19,0
Marcellus Honeycutt Jr.,170682,WR,E WASHGTON,1,0,0,161,,,,,,,60.0,,,62.3,0,0,0,0,1,0,0,0,0
Tylin Jackson,170683,ED,E WASHGTON,12,0,0,161,59.1,,60.0,,,,60.2,,,68.0,0,0,2,28,0,0,0,3,0
Jaylon Jenkins,170684,S,E WASHGTON,12,1,0,161,59.7,,,63.0,,,68.0,,,75.3,0,0,0,12,74,3,3,5,1
Zion Jones,170685,CB,E WASHGTON,10,0,0,161,59.7,,,,,,57.0,,,29.1,0,1,0,18,47,0,0,14,1
Jonathan Landry,170686,CB,E WASHGTON,7,0,0,161,60.2,,,,,,66.2,,,71.6,0,0,0,10,16,0,0,14,1
Jirah Leaupepetele,170687,DI,E WASHGTON,4,0,0,161,58.6,,,,,,58.5,,,64.2,0,0,0,7,0,0,0,0,0
Vincent Macaluso,170688,CB,E WASHGTON,3,0,0,161,,,,,,,60.4,,,64.9,0,0,0,0,1,4,0,0,0
Jaden Radke,170689,ED,E WASHGTON,11,0,0,161,59.1,,,,,,60.3,,,68.1,0,0,0,24,0,0,2,3,0
Riley Rudolfo,170692,WR,E WASHGTON,1,0,0,161,,,,,,,60.4,,,65.1,0,0,0,0,2,0,0,0,0
Michael Wortham,170696,QB,E WASHGTON,12,0,1,161,,,,77.2,,,43.8,,,28.2,0,1,0,0,0,79,0,0,0
Zac Crews,170697,ED,MONTANA ST,16,1,0,233,59.2,,,,,,67.1,,,36.3,0,1,0,5,2,3,42,59,1
Zachary Dodson-Greene,170698,WR,MONTANA ST,13,0,0,233,,,,,,,61.9,,,70.7,0,0,0,0,0,41,0,8,0
Jon Johnson,170699,CB,MONTANA ST,14,0,0,233,60.0,,,,,,63.6,,,36.7,0,1,0,22,1,0,31,51,1
Nicholas Korom,170700,DI,MONTANA ST,5,0,0,233,59.0,,,,,,59.5,,,65.0,0,0,0,5,0,0,0,1,0
Myles Sansted,170701,K,MONTANA ST,16,0,0,233,,80.5,,,,,61.9,,,68.6,0,0,104,0,0,0,0,0,0
Dominic Solano,170702,ED,MONTANA ST,14,0,0,233,59.3,,,59.9,,,49.6,,,28.4,0,1,0,8,0,36,0,5,0
Brock Steel,170703,S,MONTANA ST,3,0,0,233,59.9,,,,,,68.0,,,74.1,0,0,0,3,20,11,9,18,0
Blake Stillwell,170704,S,MONTANA ST,2,0,0,233,59.9,,,,,,60.0,,,62.0,0,0,0,3,0,0,0,0,0
Taki Uluilakepa,170706,S,MONTANA ST,13,0,0,233,59.9,,,,,,83.8,,,75.0,0,0,0,12,44,13,4,26,0
Zac Waible,170707,LB,MONTANA ST,9,1,0,233,59.7,,,,,,58.8,,,70.6,2,0,0,1,64,0,0,2,2
Myseth Currie,170710,WR,N ARIZONA,13,0,1,252,,,,,,,37.9,,,27.4,1,3,0,0,6,49,0,38,0
Isaiah Eastman,170713,WR,N ARIZONA,13,0,1,252,,,,,,,43.3,67.8,,28.0,0,1,0,0,2,7,0,60,0
Ryan Fontaine,170714,HB,N ARIZONA,6,0,0,252,,,,59.9,,,60.6,,,69.0,0,0,0,0,5,22,0,1,0
Michael Harkins,170715,S,N ARIZONA,13,1,0,252,59.8,,,,,,64.0,,,77.0,1,0,0,15,53,0,41,16,2
Braeden Kaczmarek,170716,DI,N ARIZONA,4,0,0,252,59.0,,62.5,,,,61.4,,,66.9,0,0,7,3,0,0,0,1,0
Alex McLaughlin,170717,S,N ARIZONA,13,0,0,252,59.8,,,,,,66.2,,,76.3,0,0,0,42,8,0,0,12,1
Bobby Nivens,170719,ED,N ARIZONA,5,0,0,252,59.9,,,,,,64.2,,,73.3,0,0,0,4,19,0,1,14,0
Ty Robinson,170724,LB,N ARIZONA,1,0,0,252,,,,,,,61.3,,,64.3,0,0,0,0,4,0,0,0,0
Brodrick Stewart,170726,DI,TARLETON,3,0,0,401,59.0,,,,,,59.1,,,63.9,0,0,0,5,0,0,0,0,0
Kyle Thomas,170727,S,N ARIZONA,3,0,0,252,,,,,,,63.4,,,68.8,0,0,0,0,0,2,0,7,0
Brayden Engelking,170730,LB,N COLORADO,6,0,0,253,,,,,,,64.9,,,72.6,0,0,0,0,7,0,0,12,0
Sam Iongi-Amituanai,170733,DI,N COLORADO,12,0,0,253,58.1,,,,,,56.7,,,73.1,1,0,0,56,0,0,21,12,0
Michael Jordan Jr.,170734,DI,N COLORADO,12,0,0,253,57.6,,,,,,43.3,,,27.3,0,2,0,50,0,0,0,10,0
Quintin Robinson,170736,G,N COLORADO,3,0,0,253,,,60.0,,,,59.6,,,62.9,0,0,5,0,0,0,1,0,0
KJ Smedley,170737,LB,N COLORADO,11,0,0,253,60.1,,,,,,65.5,,,73.6,0,0,0,14,1,0,0,18,0
Jaden DaCosta,170741,S,PORTLAND,11,0,0,269,59.8,,,,,,68.1,,,72.5,0,0,0,31,11,4,43,11,2
Eric Denham,170742,WR,PORTLAND,2,0,0,269,,,,,,,60.0,61.6,,63.9,0,0,0,0,0,0,0,4,0
Elijah Eason,170744,ED,PORTLAND,9,0,0,269,59.0,,,,,,59.5,,,67.1,0,0,0,25,0,0,0,1,0
Spencer Elliott,170745,ED,PORTLAND,10,0,0,269,58.7,,,,,,44.6,,,28.1,0,2,0,31,0,6,9,2,0
Jayden House,170749,ED,PORTLAND,8,0,0,269,58.7,,,,,,58.6,,,65.7,0,0,0,24,0,0,0,0,0
DeMarcus Houston,170750,S,PORTLAND,1,0,0,269,,,,60.0,,,60.1,,,65.4,0,0,0,0,0,1,0,1,0
Kristian Ingman,170751,TE,PORTLAND,10,1,0,269,,,23.8,59.9,,8.1,60.2,,,28.7,0,3,45,0,45,41,34,18,9
Tristan Lewis,170752,G,PORTLAND,8,0,0,269,,,73.1,,,,64.9,,,74.0,0,0,41,0,0,0,0,0,0
Mike Montgomery,170754,LB,PORTLAND,10,0,0,269,60.3,,,,,,61.8,,,70.4,0,0,0,61,0,0,0,1,0
Isaac Perez,170755,C,PORTLAND,3,0,0,269,,,15.8,,,,27.4,,,62.5,0,0,8,0,0,0,0,0,0
Nate Richter,170756,ED,PORTLAND,9,0,0,269,58.8,,,,,,59.8,,,66.9,0,0,0,18,4,3,0,1,0
Delon Thompson,170759,HB,PORTLAND,2,0,0,269,,,,,,,63.3,,,68.1,0,0,0,0,0,0,0,6,0
Zach Wusstig,170760,S,PORTLAND,7,0,0,269,59.4,,,,,,59.8,,,64.9,0,0,0,39,1,0,0,1,0
Curron Borders,170761,HB,SACRAMENTO,10,0,0,279,,,,46.7,,,57.5,,,74.3,1,0,0,0,1,49,11,21,0
Xander Chisolm,170763,S,SACRAMENTO,3,0,0,279,,,,,,,60.7,,,68.9,0,0,0,0,19,0,4,0,2
Cade Gretlein,170769,G,SACRAMENTO,12,0,0,279,,,72.1,,,,63.2,,,67.5,0,0,41,0,0,0,50,0,0
Derek Houston,170770,LB,SACRAMENTO,12,1,0,279,60.0,,,,,,58.1,,,42.1,2,1,0,31,50,48,39,30,4
Evan Kiely,170772,K,SACRAMENTO,10,0,0,279,,,,,79.6,,62.8,,,75.8,0,0,0,0,44,0,0,0,1
Davis May,170774,G,SACRAMENTO,8,0,0,279,,,74.4,,,,64.6,,,63.7,0,0,35,0,0,0,0,0,0
Richard McKay,170775,C,SACRAMENTO,1,0,0,279,,,60.0,,,,60.0,,,63.7,0,0,1,0,0,0,0,0,0
Anta'Veon McKenzie,170776,S,SACRAMENTO,10,1,0,279,60.7,,,,,,75.7,,,72.5,0,0,0,21,31,0,1,20,3
Ezra Moleni,170777,HB,SACRAMENTO,5,0,0,279,,,,59.4,,,62.7,,,73.9,1,0,0,0,22,30,7,0,1
Fata Puloka,170779,ED,SACRAMENTO,11,0,0,279,59.6,,,,,,63.1,,,66.6,0,0,0,43,3,0,0,4,1
Zach Schreiner,170780,K,SACRAMENTO,12,0,0,279,,90.9,,,68.8,,62.5,,,71.4,0,0,63,0,25,0,0,0,0
Danny Scudero,170781,WR,SACRAMENTO,4,0,0,279,,,,63.5,,,60.5,,,64.3,0,0,0,0,2,3,0,0,0
Jose Soto,170783,G,SACRAMENTO,1,0,0,279,,,60.0,,,,60.8,,,62.7,0,0,4,0,0,0,0,0,0
Kyle Stahlecker,170784,DI,SACRAMENTO,12,0,0,279,59.2,,68.5,,,,59.5,,,75.2,0,0,24,17,0,68,0,4,0
Sam Baldree,170787,ED,GARD-WEBB,2,0,0,171,,,,,,,62.1,,,68.7,0,0,0,0,1,0,0,3,0
Ryan Barrett,170788,S,E TENN ST,12,1,0,157,60.0,,,,,,59.1,,,71.6,2,0,0,6,54,7,0,2,1
RJ Brown,170792,LB,GARD-WEBB,10,1,0,171,,,,,,,55.9,,,27.9,0,2,0,0,45,0,22,33,2
Grant Bullard,170793,LB,E TENN ST,1,0,0,157,,,,,,,61.5,,,66.2,0,0,0,0,4,0,0,0,0
Ian Calhoun,170794,DI,GARD-WEBB,8,0,0,171,58.5,,,,,,59.2,,,66.2,0,0,0,11,0,0,0,3,0
Antonio Chambers,170795,ED,GARD-WEBB,1,0,0,171,59.5,,,,,,59.7,,,62.4,0,0,0,2,0,0,0,0,0
Evan Ferguson,170797,G,GARD-WEBB,12,0,0,171,,,74.0,,,,64.5,,,65.9,0,0,55,0,0,0,0,0,0
Jackson Head,170799,TE,AUSTINPEAY,9,0,0,116,,,73.2,,,,60.9,,,71.3,0,0,46,0,0,3,42,0,0
Lukas Kachilo,170800,QB,GARD-WEBB,1,0,0,171,,,,,,,59.9,,,62.6,0,0,0,0,0,2,0,0,0
Nigel Lucas,170802,S,GARD-WEBB,12,1,0,171,,,,,,,65.6,,,77.7,1,0,0,0,55,29,12,30,1
Will Mattison,170803,LB,GARD-WEBB,11,1,0,171,,,,59.9,,,66.9,,,79.8,1,0,0,0,50,59,0,35,1
Luke Rector,170810,G,GARD-WEBB,12,0,0,171,,,59.8,,,,61.1,,,76.1,0,0,55,0,0,0,0,0,0
Tywan Royal,170813,CB,E TENN ST,9,0,0,157,59.8,,,,,,83.9,,,78.3,1,0,0,7,38,5,26,24,6
Jack Schultz,170815,DI,GARD-WEBB,1,0,0,171,,,60.8,,,,61.6,,,62.1,0,0,5,0,0,0,0,0,0
Kobe Taylor,170818,LB,GARD-WEBB,11,1,0,171,,,,,,,57.4,,,28.3,0,2,0,0,47,28,2,41,2
Kendall Williams,170820,TE,E TENN ST,12,0,0,157,,,73.1,,,,62.1,,,44.0,0,1,44,0,17,47,23,13,1
Joshua Brooks,170821,G,ROB MORRIS,2,0,0,277,,,63.5,,,,62.4,,,69.8,0,0,10,0,0,0,0,0,0
Jeremiah Jackson,170825,S,ROB MORRIS,1,0,0,277,60.0,,,,,,60.1,,,62.1,0,0,0,6,0,0,0,0,0
Lucas Lambert-Pipkin,170827,DI,ROB MORRIS,10,0,0,277,59.1,,70.1,,,,61.8,,,67.5,0,0,33,17,0,0,0,7,0
Landen Lucas,170828,TE,ROB MORRIS,12,0,0,277,,,,59.9,,,56.4,,,30.4,0,1,0,0,1,43,61,1,0
Patrick McDonnell,170829,LB,ROB MORRIS,4,0,0,277,60.0,,,,,,61.0,,,68.9,0,0,0,1,9,0,11,2,0
Trenell Ridgley,170831,WR,ROB MORRIS,11,0,0,277,,,,62.7,,,64.9,60.3,,70.8,0,0,0,0,14,35,0,14,0
Aaron Arteaga,170834,WR,MAINE,8,0,0,212,,,,,,,59.1,,,73.2,0,0,0,0,0,28,29,0,0
Chris Bacon,170835,ED,MAINE,6,0,0,212,,,,,,,53.6,,,28.8,1,1,0,0,26,0,22,14,2
Jake Kucera,170846,TE,MAINE,4,0,0,212,,,,59.9,,,60.2,,,65.9,0,0,0,0,1,13,0,0,0
Nick Laughlin,170847,WR,MAINE,12,0,0,212,,,,59.6,,,66.5,,,85.5,2,0,0,0,31,17,58,42,5
Jabari Odoemenem,170853,LB,MAINE,12,1,0,212,60.0,,,,,,65.0,,,77.7,0,0,0,24,4,17,21,24,0
Jayden Platt,170854,LB,WM & MARY,12,2,0,348,,,,,,,68.3,,,78.4,1,0,0,0,63,42,4,21,1
Blake Thomas,170856,WR,MAINE,3,0,0,212,,,,,,,62.6,,,70.3,0,1,0,0,1,1,0,5,0
Jared Tynes,170857,LB,MAINE,7,1,0,212,,,,,,,58.6,,,74.3,0,0,0,0,3,21,0,9,0
Devin Vaught,170858,S,MAINE,11,0,0,212,90.7,,,,,,90.6,,,67.8,2,0,0,44,34,3,0,4,1
Rob Adamson Jr.,170860,DI,MONMOUTH,1,0,0,231,,,,,,,60.0,,,62.1,0,0,0,0,1,0,0,0,0
Ryan Alexander,170861,LB,MONMOUTH,4,0,0,231,59.8,,,,,,62.1,,,67.9,0,0,0,4,11,0,0,0,0
Logan Barnes,170862,DI,WAGNER,12,0,0,338,58.6,,,,,,60.2,,,71.6,0,0,0,32,0,0,49,17,0
Thomas Cader,170866,ED,MONMOUTH,2,0,0,231,59.6,,,,,,60.2,,,64.6,0,0,0,1,0,0,0,1,0
Michael Calton Jr.,170867,K,MONMOUTH,12,0,0,231,,67.6,,,48.0,,51.3,,,29.6,0,1,65,0,37,0,0,0,0
Izzy Clark-White,170868,CB,MONMOUTH,9,0,0,231,59.6,,,,,,67.5,,,76.3,0,0,0,33,34,1,10,9,2
Donovan Fey,170872,CB,MONMOUTH,12,1,0,231,60.0,,,,,,65.5,,,82.2,2,0,0,2,62,4,29,28,1
Shane Garrett,170873,FB,MONMOUTH,10,0,0,231,,,,59.6,,,62.9,,,71.0,0,0,0,0,0,54,0,1,0
Henry Gerstner,170874,LB,MONMOUTH,1,0,0,231,59.9,,,,,,60.0,,,61.1,0,0,0,1,0,0,0,0,0
Matthew Iuvara,170876,WR,MONMOUTH,1,0,0,231,,,,,,,59.9,,,63.9,0,0,0,0,0,0,0,1,0
Dana Johnson Jr.,170877,CB,MONMOUTH,11,0,0,231,59.5,,,,,,64.3,,,73.6,0,0,0,25,7,2,0,30,0
Emmanuel Lane,170879,CB,MONMOUTH,11,0,0,231,59.0,,,,,,68.5,,,79.2,0,0,0,19,50,0,4,26,2
Eric Lee,170880,S,MONMOUTH,12,0,0,231,59.8,,,,,,76.7,,,77.7,0,0,0,50,79,5,14,36,8
Ayden Martin,170883,S,MONMOUTH,7,2,0,231,60.0,,,,,,79.4,,,71.4,0,0,0,2,7,2,15,0,3
Marcus Middleton,170884,TE,MONMOUTH,12,0,0,231,59.7,,67.9,,,,61.6,,,69.8,0,0,22,2,6,71,2,0,1
Chris Moreno,170885,G,MONMOUTH,12,0,0,231,,,23.2,,,,41.9,,,74.4,0,0,65,0,0,0,0,0,0
Tra Neal,170886,WR,MONMOUTH,4,0,0,231,,,,,,,60.3,,,67.2,0,0,0,0,2,7,0,0,0
Rodney Nelson,170887,HB,MONMOUTH,8,1,0,231,,,,,,,75.2,,,70.7,0,0,0,0,38,1,0,0,3
Luke Schabel,170890,P,MONMOUTH,12,0,0,231,,,,,64.3,,63.0,,60.4,74.1,0,0,0,0,10,0,33,0,1
Drew Danson,170893,TE,NEW HAMP,10,0,0,240,,,,,,,33.8,,,69.5,0,0,0,0,0,34,2,0,0
Logan Tomlinson,170894,WR,NEW HAMP,7,0,0,240,,,,,,,57.4,,,73.7,0,0,0,0,1,1,20,3,1
TJ Baldwin,170896,DI,RICHMOND,5,0,0,276,59.0,,,,,,59.4,,,65.5,0,0,0,6,0,0,0,3,0
Godwin Burger,170898,G,RICHMOND,1,0,0,276,,,60.0,,,,60.0,,,63.4,0,0,1,0,0,0,0,0,0
Kade Capristo,170900,C,RICHMOND,11,0,0,276,,,78.1,,,,65.7,,,64.5,0,0,57,0,0,0,0,0,0
Landon Ellis,170902,WR,RICHMOND,13,0,0,276,,,,,,,54.6,,,81.1,0,1,0,0,0,51,0,31,0
Aziz Foster-Powell,170904,HB,RICHMOND,8,0,0,276,,,,,,,63.1,,,72.4,0,0,0,0,0,11,0,13,0
CJ Fraser,170906,CB,RICHMOND,12,0,0,276,60.0,,,,,,49.8,,,29.8,1,1,0,19,30,15,23,17,1
Cassius Harris,170908,WR,RICHMOND,11,0,0,276,,,,,,,63.6,,,71.0,0,0,0,0,0,13,0,29,0
Jamar Hodges,170909,ED,RICHMOND,5,0,0,276,59.7,,,,,,60.4,,,64.8,0,0,0,7,0,0,0,1,0
Brendan Laughlin,170910,S,RICHMOND,10,0,0,276,,,,,,,69.1,,,76.5,0,0,0,0,52,5,0,1,2
Weston Sharpe,170912,LS,RICHMOND,1,0,0,276,,,60.0,,,66.0,60.0,,,60.8,0,0,1,0,0,0,0,0,0
Matthew Traynor,170914,S,RICHMOND,13,0,0,276,59.7,,,,,,64.7,,,30.0,1,1,0,29,66,0,15,28,8
Jordan Wilkes,170915,LB,RICHMOND,3,1,0,276,,,,,,,67.9,,,65.2,0,0,0,0,8,0,0,0,0
Tommy Broderick,170917,G,VILLANOVA,1,0,0,334,,,,,,,60.0,,,63.3,0,0,0,0,0,0,1,0,0
Christian Caballero,170918,LB,VILLANOVA,14,0,0,334,,,,,,,56.9,,,77.9,0,1,0,0,0,53,0,19,0
Nolan Clayton,170919,TE,VILLANOVA,11,0,0,334,,,73.1,59.9,,,55.3,,,28.0,0,1,44,0,0,32,3,0,0
Zahmir Dawud,170920,CB,VILLANOVA,9,0,0,334,59.8,,,,,,62.9,,,70.9,0,0,0,12,0,0,0,15,0
Kyle Fay,170921,T,VILLANOVA,4,0,0,334,,,60.0,,,,58.9,,,66.0,0,0,1,0,0,0,3,0,0
Jason Hall Jr.,170923,TE,VILLANOVA,14,1,0,334,,,,,,,46.7,,,27.1,0,5,0,0,67,57,0,48,4
Ja'briel Mace,170926,HB,VILLANOVA,8,0,0,334,,,,65.2,,,58.6,,,64.8,0,0,0,0,0,26,1,0,0
Capri Martin,170927,ED,VILLANOVA,13,0,0,334,58.6,,,,,,60.3,,,69.9,0,0,0,46,0,0,0,15,0
Chris McCullers,170928,G,VILLANOVA,14,0,0,334,,,74.1,,,,63.0,,,67.5,0,0,54,0,0,0,3,0,0
Nigel McSween,170929,ED,VILLANOVA,1,0,0,334,60.0,,,,,,60.0,,,62.9,0,0,0,1,0,0,0,0,0
Kenyon Miles,170930,WR,VILLANOVA,2,0,0,334,,,,,,,60.0,,,64.5,0,0,0,0,0,0,2,0,0
Isaiah Ragland,170932,HB,VILLANOVA,3,0,0,334,,,,,,,60.0,,,65.2,0,0,0,0,0,0,3,0,0
Jackson Blee,170936,TE,WM & MARY,12,0,0,348,,,75.6,,,,64.0,,,78.7,0,0,55,0,0,58,8,0,0
Clayton Dobler,170939,ED,WM & MARY,10,0,0,348,,,,,,,67.1,,,75.0,0,0,0,0,5,30,0,37,0
Kamron Frye,170940,T,WM & MARY,5,0,0,348,,,70.3,,,,55.0,,,27.4,0,1,28,0,0,0,0,0,0
Sascha Garcia,170941,CB,WM & MARY,10,0,0,348,90.1,,,,,,83.3,,,28.4,0,1,0,31,0,0,0,7,0
Xavier Glass,170942,DI,WM & MARY,3,0,0,348,59.8,,60.0,,,,65.7,,,64.8,0,0,1,1,1,7,0,0,1
TJ McGill,170943,S,WM & MARY,12,0,0,348,59.7,,,,,,62.9,,,79.7,0,0,0,42,1,0,0,6,0
Luka O'Day,170944,T,WM & MARY,7,0,0,348,,,67.4,,,,63.1,,,64.7,0,0,24,0,0,0,0,0,0
Elijah Rainer,170945,LB,WM & MARY,11,2,0,348,60.0,,,,,,68.7,,,74.4,0,0,0,25,23,15,27,5,1
Hayden Raley,170946,G,WM & MARY,12,0,0,348,,,78.0,,,,65.6,,,64.3,0,0,56,0,0,0,0,0,0
Garrett Robertson,170947,WR,WM & MARY,7,0,0,348,,,,60.0,,,42.2,,,71.2,1,0,0,0,1,2,5,15,0
Brendan Robinson,170948,CB,WM & MARY,6,0,0,348,,,,,,,68.8,,,30.0,0,1,0,0,12,0,17,17,3
James Spainhour,170949,G,WM & MARY,4,0,0,348,,,66.1,,,,63.1,,,71.4,0,0,15,0,0,0,0,0,0
Gent Veizi,170950,DI,WM & MARY,11,0,0,348,57.5,,,,,,49.0,,,28.3,0,1,0,48,0,0,0,1,0
Gerald Williams,170951,DI,WM & MARY,8,0,0,348,58.6,,,,,,59.6,,,68.2,0,0,0,27,0,0,0,6,0
Zach Madison,171055,WR,FORDHAM,1,0,0,168,60.0,,,,,,60.0,,,60.0,0,0,0,1,0,0,0,0,0
Zy'ier Thornton,171073,ED,SE MO ST,1,0,0,293,,,,,,,60.0,,,63.3,0,0,0,0,0,3,0,0,0
Qwincy Amos,171106,CB,COLUMBIA,10,0,0,145,,,,,,,68.4,,,77.4,0,0,0,0,26,31,0,15,2
Terell Battle,171107,CB,COLUMBIA,1,0,0,145,,,,,,,62.5,,,65.3,0,0,0,0,7,0,0,1,0
Christian Carti,171110,WR,COLUMBIA,4,0,0,145,,,,,,,63.2,,,70.4,0,0,0,0,2,0,0,10,0
Braden Dougherty,171112,TE,COLUMBIA,10,0,0,145,,,71.1,,,,62.4,,,68.0,0,0,34,0,0,33,8,0,0
Titus Evans,171113,WR,COLUMBIA,3,0,0,145,,,60.0,,,,60.8,,,63.7,0,0,3,0,0,2,0,0,0
Ethan Fullerton,171114,CB,COLUMBIA,1,0,0,145,,,,,,,67.6,,,64.6,0,0,0,0,1,0,0,0,1
AJ George,171116,CB,COLUMBIA,9,1,0,145,,,,,,,66.5,,,72.7,0,0,0,0,16,19,0,3,0
Quinn Herlihy,171118,ED,COLUMBIA,1,0,0,145,60.0,,,,,,60.0,,,61.7,0,0,0,1,0,0,0,0,0
Santiago Hernandez,171119,TE,COLUMBIA,2,0,0,145,,,,,,,62.4,,,69.9,0,0,0,0,0,0,0,9,0
Jaden Hinton,171120,G,COLUMBIA,1,0,0,145,,,,,,,61.5,,,65.8,0,0,0,0,4,0,0,0,0
Griffin Johnson,171121,HB,COLUMBIA,10,0,0,145,,,,56.2,,,70.9,,,77.3,0,0,0,0,33,10,33,22,2
Sean Kimani,171122,G,COLUMBIA,8,0,0,145,,,74.0,,,,64.6,,,66.3,0,0,34,0,0,0,0,0,0
Hugo Merry,171127,K,COLUMBIA,10,0,0,145,,68.7,,,64.4,,63.1,,,74.0,0,0,41,0,45,0,0,0,0
Charlie Newton,171129,LB,COLUMBIA,10,0,0,145,59.9,,,,,,64.2,,,73.7,0,0,0,30,26,30,3,14,0
Levi Robins,171132,CB,COLUMBIA,10,0,0,145,60.0,,,,,,65.0,,,79.2,0,0,0,34,2,9,11,38,0
Nik Winzer,171135,T,COLUMBIA,9,0,0,145,,,71.4,,,,64.2,,,68.7,0,0,37,0,0,0,2,0,0
Nolan Albright,171136,TE,CORNELL,10,1,0,147,,,52.3,,,27.5,57.7,,,66.4,0,0,46,0,0,1,34,0,1
Garrett Bass-Sulpizio,171137,QB,CORNELL,2,0,0,147,,,,,,,62.6,,,70.5,0,0,0,0,9,8,3,5,0
Matheson Bossick,171139,WR,CORNELL,4,0,0,147,,,,,,,61.8,,,69.3,0,0,0,0,0,8,1,8,0
Brayon Crawford,171141,S,CORNELL,9,2,0,147,,,,59.9,,,67.4,,,30.0,0,1,0,0,49,34,32,21,3
Malachi Edgerly,171144,ED,CORNELL,1,0,0,147,59.8,,,,,,60.0,,,62.7,0,0,0,1,0,0,0,0,0
Braylon Howard,171145,CB,CORNELL,8,0,1,147,59.4,,,,,,50.4,60.0,,28.8,0,1,0,38,0,0,2,4,0
Ryder Kurtz,171148,TE,CORNELL,9,0,0,147,,,73.6,,,,62.4,,,75.6,0,0,44,0,0,3,6,0,0
Brendan Lee,171149,WR,CORNELL,1,0,0,147,,,60.0,,,,60.3,,,60.5,0,0,4,0,0,0,0,0,0
Tommy MacPherson,171150,S,CORNELL,9,0,1,147,60.0,,,,,,58.8,,,29.8,0,2,0,1,51,46,11,12,3
Samuel Musungu,171151,WR,CORNELL,5,0,0,147,,,,59.6,,,53.3,,,67.3,0,0,0,0,0,4,6,0,0
Dylan Page,171152,T,CORNELL,10,0,0,147,,,73.9,,,,62.4,,,74.3,0,0,48,0,0,0,6,0,0
Matt Pante,171153,C,CORNELL,2,0,0,147,,,60.0,,,,58.8,,,65.5,0,0,2,0,0,0,2,0,0
Ean Pope,171155,HB,CORNELL,3,0,0,147,,,,58.6,,,59.2,,,63.6,0,0,0,0,0,5,2,0,0
Zach Quilici,171156,G,CORNELL,9,0,0,147,,,72.1,,,,64.1,,,64.6,0,0,41,0,0,0,0,0,0
Logan Taylor,171159,WR,CORNELL,7,0,0,147,,,,,,,65.4,,,71.7,0,0,0,0,0,0,0,17,0
Nomar Tejada,171160,CB,CORNELL,10,0,0,147,60.0,,,,,,71.8,,,78.2,0,0,0,1,45,56,33,12,4
Ian Wall,171162,LB,CORNELL,9,0,0,147,59.8,,60.0,,,,61.1,,,70.6,0,0,7,6,13,0,30,3,0
Rayjohn White,171163,CB,CORNELL,2,0,0,147,,,,,,,67.2,,,68.7,0,0,0,0,7,0,0,6,1
Johnny Williamson,171164,S,CORNELL,10,0,0,147,59.9,,,,,,69.0,,,83.7,2,0,0,20,58,60,34,21,6
Alan Zhao,171165,K,CORNELL,10,1,0,147,,79.3,,,46.2,,63.5,,,75.4,0,1,48,0,60,0,0,0,0
Godson Ajoku,171166,T,DARTMOUTH,9,0,0,148,,,76.6,,,,65.3,,,66.3,0,0,49,0,0,0,0,0,0
Cameron Best-Alston,171167,S,DARTMOUTH,10,0,0,148,60.2,,,,,,62.0,,,33.7,0,1,0,9,51,33,0,35,1
Jorden Barnes,171168,S,DARTMOUTH,3,0,0,148,,,,,,,60.3,,,69.1,0,0,0,0,0,6,3,1,0
Andy Belles,171169,LS,DARTMOUTH,7,0,0,148,,,80.9,,,52.4,56.5,,,65.5,1,0,32,0,0,0,25,0,0
Cam Davenport,171171,G,DARTMOUTH,10,0,0,148,,,76.3,,,,65.1,,,71.4,0,0,52,0,0,0,1,0,0
K.J. Edwards,171173,CB,DARTMOUTH,7,0,0,148,,,,,,,44.1,,,29.0,1,1,0,0,37,0,1,32,0
Joshua Johnson,171174,DI,DARTMOUTH,1,0,0,148,,,,,,,60.0,,,63.4,0,0,0,0,1,0,0,0,0
Harrison Keith,171175,S,DARTMOUTH,9,0,0,148,59.9,,,,,,65.9,,,79.5,0,0,0,6,44,30,5,36,0
Cameron Lee,171176,ED,DARTMOUTH,10,1,0,148,,,,,,,72.0,,,84.1,0,0,0,0,58,0,0,22,2
Nick Lemon,171177,WR,DARTMOUTH,7,0,0,148,,,,57.4,,,60.8,,,70.1,0,0,0,0,0,12,12,9,0
Colin O'Garro,171180,HB,DARTMOUTH,6,0,0,148,,,,,,,64.3,,,73.4,0,0,0,0,17,28,0,9,0
Will Prince,171182,C,DARTMOUTH,10,0,0,148,,,74.2,,,,64.6,,,65.4,0,0,52,0,0,0,0,0,0
Woods Ray,171183,QB,DARTMOUTH,10,0,0,148,,,47.9,,,,56.3,,,61.1,0,0,52,0,0,0,0,0,0
Chris Roper,171184,HB,DARTMOUTH,2,0,0,148,,,,,,,61.0,,,67.7,0,0,0,0,0,3,0,2,0
Max Schlager,171186,S,DARTMOUTH,2,0,0,148,,,,,,,59.9,,,73.1,1,0,0,0,13,12,10,8,0
Samuel Washington,171188,S,DARTMOUTH,2,0,0,148,,,,,,,62.4,,,69.7,0,0,0,0,7,0,0,0,0
Matisse Weaver,171189,K,DARTMOUTH,10,0,0,148,,,,,74.3,,63.7,,,77.1,0,0,0,0,60,0,0,0,0
Owen Zalc,171192,K,DARTMOUTH,10,0,0,148,,86.1,,,58.3,,61.4,,,67.4,0,0,52,0,2,0,0,0,0
Ryan Osborne,171194,TE,HARVARD,8,0,0,179,,,60.0,59.9,,,61.0,,,70.5,0,1,5,0,0,31,26,0,1
Richie Watts,171217,QB,CAL POLY,1,0,0,129,,,,,,,60.0,,60.0,63.3,0,0,0,0,0,0,1,0,0
Joe Enick,171228,G,ST FRANCIS,3,0,0,299,,,66.2,,,,62.7,,,62.7,0,0,11,0,0,0,0,0,0
Kobe Askew,171299,WR,TENN MARTN,3,0,0,310,,,,,,,61.5,,,67.3,0,0,0,0,6,8,0,0,0
Hyatt Timosciek,171335,TE,TENN MARTN,6,0,0,310,,,60.0,59.9,,,60.4,,,68.4,0,0,1,0,0,15,0,0,0
Micah Cherry,171371,CB,JACKSON ST,8,1,0,194,,,,,,,75.9,,,43.8,1,1,0,0,53,0,14,26,6
Ryan Wynn,171411,ED,NC CENT,7,0,0,247,59.1,,,,,,60.8,,,72.0,0,0,0,17,0,0,0,4,0
Amir Abdullah,171413,ED,ILL STATE,7,0,0,188,59.6,,,,,,62.7,,,66.9,0,0,0,25,0,0,0,12,0
CJ Hodgdon,171415,S,ILL STATE,14,0,0,188,60.4,,,,,,65.9,,,73.5,0,0,0,13,26,60,5,7,0
Brandon Amaniampong,171416,ED,INDIANA ST,4,0,0,191,59.8,,65.3,,,,63.1,,,70.2,0,0,16,1,0,0,0,0,0
Carson Dunn,171418,HB,INDIANA ST,12,1,0,191,,,,54.6,,,66.5,,,81.5,0,0,0,0,40,71,26,47,2
Kaden Gajewski,171420,LB,INDIANA ST,10,0,0,191,59.8,,,,,,67.0,,,73.3,0,0,0,6,13,1,0,31,0
Sebastian Lopez,171423,K,INDIANA ST,12,0,0,191,,44.1,,,68.5,,63.1,,,76.0,1,2,4,0,49,0,0,0,1
Lucas McAllister,171424,LB,INDIANA ST,10,0,0,191,59.8,,,,,,68.2,,,71.3,0,0,0,29,41,0,3,21,3
Jude McCoskey,171425,T,INDIANA ST,2,0,0,191,,,60.7,,,,62.0,,,68.9,0,0,7,0,0,0,0,0,0
Bryce Patterson,171427,DI,INDIANA ST,2,0,0,191,58.4,,,,,,58.2,,,65.1,0,0,0,10,0,0,0,0,0
Zechariah Prince,171429,HB,INDIANA ST,1,0,0,191,,,,,,,61.6,,,69.0,0,0,0,0,6,0,0,0,0
Tyree Rochell,171431,S,INDIANA ST,10,1,0,191,59.9,,,,,,69.4,,,78.7,1,0,0,1,43,21,4,39,2
Alex Rose,171432,LB,INDIANA ST,12,1,0,191,60.0,,,,,,55.3,,,28.9,0,3,0,1,47,56,7,47,1
Carter Schmidt,171433,T,INDIANA ST,10,0,0,191,,,71.5,,,,64.4,,,72.6,0,0,34,0,0,0,0,0,0
Zach Simpson,171435,G,INDIANA ST,5,0,0,191,,,63.0,,,,62.8,,,70.3,0,0,12,0,0,0,0,0,0
Jorge Valdes,171440,CB,INDIANA ST,10,0,0,191,59.6,,,,,,62.9,,,70.9,0,0,0,13,30,0,3,3,1
BJ Wuest,171443,WR,INDIANA ST,3,0,0,191,,,,60.0,,,65.4,,,67.8,0,0,0,0,2,14,0,0,1
Ryan Boyd,171444,WR,MO STATE,1,0,0,230,,,,,,,34.9,,,25.9,0,1,0,0,0,0,4,0,0
Tim Brantley Jr.,171445,DI,MO STATE,10,0,0,230,58.1,,,,,,58.6,,,67.4,0,0,0,18,0,0,0,3,0
Ramone Green Jr.,171449,HB,MO STATE,11,0,0,230,,,,,,,53.6,,,28.9,0,1,0,0,3,2,5,35,0
Raveion Harrell,171450,ED,MO STATE,1,0,0,230,,,,,,,59.9,,,62.6,0,0,0,0,0,2,0,0,0
Kaleno Levine,171451,CB,MO STATE,12,0,0,230,59.5,,,58.2,,,64.9,,,80.0,0,0,0,46,29,5,0,44,1
Andrew Link,171452,ED,MO STATE,2,0,0,230,60.1,,,,,,60.1,,,63.8,0,0,0,2,0,0,0,0,0
Cooper Roy,171455,ED,MO STATE,3,0,0,230,,,,,,,71.2,,,66.4,0,0,0,0,17,0,0,0,0
Mitchell Toney,171457,DI,MO STATE,5,0,0,230,59.1,,,,,,60.4,,,66.4,0,0,0,7,0,0,7,2,0
Caden Wiest,171458,ED,MO STATE,10,0,0,230,60.2,,60.0,,,,59.5,,,70.4,0,0,6,25,8,36,9,0,0
Dallas Winner-Johnson,171460,LB,MO STATE,12,0,0,230,59.7,,,,,,64.1,,,66.6,0,0,0,41,11,0,0,9,0
Kanye Young,171461,LB,MO STATE,12,3,0,230,59.8,,60.0,,,,66.3,,,41.0,0,1,6,15,71,16,41,40,5
Tyson Cooreman,171466,LB,N IOWA,7,0,0,255,,,,,,,63.3,,,69.8,0,0,0,0,20,0,5,1,0
Brogan Ling,171473,LB,N IOWA,7,0,0,255,,,,,,,63.4,,,74.0,0,0,0,0,18,32,1,1,0
Zach Mehmert,171474,ED,N IOWA,3,0,0,255,58.9,,,,,,61.5,,,72.2,0,0,0,7,0,0,0,8,0
Alonzo Morgan III,171475,CB,N IOWA,11,0,0,255,59.9,,,,,,56.9,,,29.1,1,3,0,3,28,59,42,15,2
John Powers,171477,LB,N IOWA,11,1,0,255,,,,,,,63.3,,,76.9,1,0,0,0,39,54,0,4,0
Ethan Schoville,171481,S,N IOWA,12,0,0,255,59.7,,,,,,57.8,,,42.4,1,2,0,11,50,62,39,16,2
Malik Stewart,171482,ED,N IOWA,3,0,0,255,59.0,,,,,,59.1,,,63.9,0,0,0,5,0,0,0,0,0
Jackson Stortz,171483,DI,N IOWA,1,0,0,255,59.8,,,,,,60.0,,,64.0,0,0,0,1,0,0,0,1,0
Brad Vislisel,171484,ED,N IOWA,12,0,0,255,58.2,,,,,,59.4,,,70.4,0,0,0,38,0,1,0,12,0
Cody Cotton,171487,CB,S DAK ST,1,0,0,292,,,,,,,60.6,,,64.5,0,0,0,0,1,0,0,2,0
Jimmy Athans,171488,HB,S ILLINOIS,11,0,0,295,,,,59.4,,,60.3,,,72.5,0,0,0,0,13,61,0,0,0
Max Bremer,171489,DI,S ILLINOIS,12,0,0,295,60.1,,73.4,,,,65.2,,,74.2,0,0,43,2,0,0,0,0,0
Jamir Conn,171492,CB,S ILLINOIS,11,1,1,295,59.9,,,,,,68.9,,,29.8,0,1,0,45,8,1,45,5,3
Aidan Duerig,171493,G,S ILLINOIS,7,0,0,295,,,69.6,,,,63.9,,,72.3,0,0,25,0,0,0,0,0,0
Amir Dwight,171494,ED,S ILLINOIS,10,0,0,295,59.2,,,,,,60.1,,,66.4,0,0,0,21,0,0,0,3,0
Stephen Green,171497,LB,S ILLINOIS,10,0,0,295,59.4,,,,,,59.5,,,53.6,0,3,0,2,42,55,25,17,2
Elijah Gunn,171498,DI,S ILLINOIS,11,0,0,295,58.8,,,,,,59.9,,,71.4,0,0,0,25,0,0,0,3,0
Blaine Halley,171499,G,S ILLINOIS,8,0,0,295,,,68.6,,,,63.3,,,65.2,0,0,27,0,0,0,0,0,0
Colton Hoag,171500,TE,S ILLINOIS,12,0,0,295,,,72.9,,,,62.9,,,70.1,0,0,43,0,4,11,56,0,0
Aiden Logan,171502,G,S ILLINOIS,4,0,0,295,,,68.2,,,,63.4,,,68.8,0,0,16,0,0,0,0,0,0
Jamond Mathis,171503,ED,S ILLINOIS,11,0,0,295,59.8,,,,,,61.5,,,71.9,0,0,0,33,0,0,0,4,0
Allen Middleton,171504,WR,S ILLINOIS,9,0,0,295,,,,57.9,,,59.2,,,72.7,0,0,0,0,0,52,0,0,0
Chris Presto,171508,LB,S ILLINOIS,10,1,0,295,60.1,,,,,,61.5,,,76.8,0,0,0,30,42,0,50,4,0
Miles Wash,171511,LB,S ILLINOIS,8,0,0,295,,,,,,,50.7,,,28.4,0,1,0,0,14,39,5,0,0
Cal Weidemann,171512,WR,S ILLINOIS,12,0,0,295,,,,,,,66.0,,,79.1,0,0,0,0,0,62,5,42,0
Vinny Ballone,171515,TE,YNGTOWN ST,1,0,0,353,59.6,,,,,,59.8,,,62.9,0,0,0,3,0,0,0,0,0
Dashawn Carter,171517,ED,YNGTOWN ST,8,0,0,353,59.4,,,,,,58.5,,,68.2,0,0,0,6,1,5,0,9,0
Jaylen Castleberry,171518,CB,YNGTOWN ST,12,0,0,353,60.0,,,,,,65.2,,,75.0,0,0,0,41,14,2,20,15,1
Isaiah Crozier,171520,CB,YNGTOWN ST,10,0,0,353,59.7,,,,,78.5,63.5,,,69.2,0,0,0,18,1,0,2,8,0
Ebony Curry Jr.,171521,ED,YNGTOWN ST,12,0,0,353,59.5,,75.3,,,,65.5,,,75.6,0,0,54,7,0,0,0,7,0
Sebastian Espinoza,171523,T,YNGTOWN ST,1,0,0,353,,,60.0,,,,61.0,,,61.8,0,0,5,0,0,0,0,0,0
Dallas Harper,171526,S,YNGTOWN ST,3,0,0,353,,,,,,,60.9,,,69.5,0,0,0,0,1,2,0,3,0
Connor Johannesen,171528,ED,YNGTOWN ST,2,0,0,353,59.6,,,,,,59.8,,,64.3,0,0,0,4,0,0,0,0,0
Tyshon King,171530,HB,YNGTOWN ST,5,0,0,353,,,,58.4,,,60.0,,,65.2,0,0,0,0,0,23,2,0,0
Nick Nielsen,171535,T,YNGTOWN ST,11,0,0,353,,,74.1,,,,64.5,,,63.8,0,0,52,0,0,0,0,0,0
Makai Shahid,171538,S,YNGTOWN ST,12,0,0,353,60.0,,,,,,65.5,,,70.4,0,0,0,42,58,2,0,3,1
Cyrus Traugh,171539,WR,YNGTOWN ST,12,0,0,353,,,,59.9,,,50.4,43.5,,68.6,0,1,0,0,1,7,0,41,0
Sosefo Moeaki,171549,DI,PORTLAND,10,0,0,269,57.7,,,,,,50.4,,,68.4,0,1,0,46,0,0,29,1,0
Talib Salahuddin,171576,ED,INCAR WORD,14,1,0,189,59.3,,77.1,,,,66.5,,,53.7,0,1,73,16,32,0,0,62,0
Kezni Brown,171582,DI,LIUSHAR,7,0,0,1298,59.0,,,,,,63.5,,,71.8,0,0,0,4,0,0,0,15,0
Joseph Garcia,171588,S,LIUSHAR,10,2,0,1298,59.8,,,,,,70.3,60.2,,69.1,1,0,0,39,42,0,1,4,4
Moshood Giwa,171590,T,LIUSHAR,1,0,0,1298,,,60.0,,,,60.0,,,63.7,0,0,1,0,0,0,0,0,0
Ja'Nyus Morgan,171599,ED,LIUSHAR,10,0,0,1298,58.5,,,,,,60.6,,,70.5,0,0,0,37,0,0,40,16,0
Daved Richardson,171604,T,LIUSHAR,10,0,0,1298,,,71.6,,,,64.0,,,63.8,0,0,39,0,0,0,0,0,0
Aviyon Smith-Mack,171609,WR,LIUSHAR,4,0,0,1298,,,,60.0,,,60.9,,,68.7,0,0,0,0,6,1,6,0,0
Elijah St. John,171610,DI,LIUSHAR,11,0,0,1298,71.9,,,,,,79.2,,,74.2,0,0,0,36,0,0,0,31,0
DQ Watkins,171612,ED,LIUSHAR,12,0,0,1298,58.9,,73.0,,,,63.9,,,74.3,0,0,45,39,6,9,53,36,0
Taveon Wheeler,171613,DI,LIUSHAR,11,0,0,1298,58.5,,,,,,60.3,,,70.5,0,0,0,14,0,0,0,9,0
Markeith Hogan,171621,LB,MERRIMACK,11,0,0,385,59.6,,,,,,69.5,,,76.8,0,0,0,9,50,3,34,19,4
Amir Johnson,171622,T,MERRIMACK,11,0,0,385,,,74.4,,,,65.6,,,75.5,0,0,46,0,0,0,0,0,0
Cidney Johnson,171623,ED,MERRIMACK,3,0,0,385,59.4,,,,,,60.1,,,64.9,0,0,0,4,0,0,0,1,0
Matthias Latham,171624,HB,MERRIMACK,10,0,0,385,,,,54.6,,,63.3,,,73.4,0,0,0,0,37,50,0,0,0
Paris Lenon,171625,LB,MERRIMACK,1,0,0,385,,,,,,,60.2,,,66.2,0,0,0,0,2,0,0,0,0
Jalen McDonald,171626,WR,MERRIMACK,9,0,0,385,59.9,,,65.6,,,59.5,29.7,,66.1,0,0,0,3,0,29,0,5,0
Tavon McGee,171627,HB,MERRIMACK,1,0,0,385,,,,,,,60.0,,,64.5,0,0,0,0,0,0,1,0,0
Sean Mercuri,171628,LB,MERRIMACK,11,0,0,385,60.0,,,,,,67.0,,,69.8,0,0,0,2,18,42,0,1,0
Austin Palmer,171629,WR,MERRIMACK,2,0,0,385,,,,,,,60.1,,,64.8,0,0,0,0,0,2,0,0,0
Juice Ricks,171630,CB,MERRIMACK,7,0,0,385,59.8,,,,,,65.3,,,69.7,0,0,0,5,27,0,2,4,1
Brandon Smith,171631,C,MERRIMACK,1,0,0,385,,,60.0,,,,61.0,,,61.8,0,0,3,0,0,0,0,0,0
Seth Sweitzer,171632,WR,MERRIMACK,5,0,0,385,,,,,,,62.4,,,90.3,0,0,0,0,0,20,0,0,0
Bryce Gentry-Warrick,171633,DI,MERRIMACK,2,0,0,385,58.6,,,,,,58.7,,,63.7,0,0,0,5,0,0,4,0,0
Brendon Wyatt,171634,HB,MERRIMACK,1,0,0,385,,,,,,,60.0,,,64.1,0,0,0,0,0,0,0,1,0
Buju Aumua-Tuisavura,171636,S,ST FRANCIS,2,0,0,299,,,,,,,70.7,,,68.1,0,0,0,0,3,0,11,0,1
Fran Brown Jr.,171640,LB,ST FRANCIS,7,0,0,299,,,,,,,67.7,,,69.3,0,0,0,0,0,16,13,6,1
DaMario Crawford,171643,CB,ST FRANCIS,8,0,0,299,59.7,,,62.5,,,66.7,,,68.8,0,0,0,8,1,26,12,3,1
Brian Frasco,171647,T,ST FRANCIS,4,0,0,299,,,16.7,,,,27.3,,,65.4,0,0,8,0,0,0,0,0,0
Collin Glassmyer,171648,ED,ST FRANCIS,5,0,0,299,60.0,,,,,,62.1,,,76.1,0,0,0,22,0,22,0,17,0
Gavin Hockenberry,171651,CB,ST FRANCIS,1,0,0,299,,,,,,,60.0,,,63.6,0,0,0,0,0,4,0,0,0
Jeff Hoenstine,171652,QB,ST FRANCIS,1,0,0,299,,,,,,,60.0,,,63.8,0,0,0,0,0,0,0,1,0
Amondi James,171653,ED,ST FRANCIS,3,0,0,299,59.3,,,,,,59.5,,,65.1,0,0,0,9,0,0,0,0,0
Zach Jones,171654,T,ST FRANCIS,1,0,0,299,,,63.1,,,,62.1,,,62.3,0,0,7,0,0,0,0,0,0
Craig Joyner,171655,CB,ST FRANCIS,2,0,0,299,59.6,,,,,,59.8,,,68.8,0,0,0,8,0,0,6,0,0
Campbell Melzer,171661,CB,ST FRANCIS,1,0,0,299,,,,,,,60.2,,,65.1,0,0,0,0,0,0,0,2,0
Balaam Miller,171662,DI,ST FRANCIS,4,0,0,299,58.0,,,,,,57.8,,,67.8,0,0,0,14,0,0,0,0,0
Giuseppe Pennolino,171666,LB,ST FRANCIS,7,0,0,299,59.7,,,,,,57.7,,,28.6,0,1,0,9,14,13,0,0,1
Gavin Rembert,171669,LB,ST FRANCIS,5,0,0,299,59.6,,,,,,50.1,,,63.3,0,0,0,13,1,0,0,0,0
Joe Skule,171673,TE,ST FRANCIS,9,0,0,299,,,69.3,,,,62.0,,,66.0,0,0,27,0,0,4,8,0,0
Tyler Stewart,171676,CB,ST FRANCIS,4,0,0,299,,,,,,,62.9,,,75.1,0,0,0,0,3,15,0,32,0
Paul Tangelo,171678,ED,ST FRANCIS,11,0,0,299,,,71.1,,,,69.5,,,71.5,0,0,34,0,9,2,29,7,2
Eyan Thomas,171680,DI,ST FRANCIS,7,0,0,299,58.5,,67.5,,,,61.2,,,68.8,0,0,14,10,0,0,0,3,0
Andrew Vines,171683,S,ST FRANCIS,11,0,0,299,60.0,,,,,,59.7,,,74.7,1,0,0,19,23,2,16,18,3
Quin Bannon,171688,TE,WAGNER,8,0,0,338,,,67.2,,,,62.5,,,68.4,0,0,20,0,0,7,1,1,0
Jaylen Bonelli,171689,WR,WAGNER,2,0,0,338,,,,60.0,,,60.0,60.2,,62.8,0,0,0,0,0,1,0,2,0
Janaasah Boone,171690,S,WAGNER,12,0,0,338,60.2,,,,,,65.6,,,76.4,1,0,0,16,35,0,0,39,2
Drew Borner,171691,K,WAGNER,4,0,0,338,,45.1,,,56.1,,60.3,,,67.3,0,0,7,0,5,0,0,0,0
Vincent Cajano III,171694,TE,WAGNER,11,0,0,338,,,64.1,,,,60.6,,,64.8,0,0,27,0,0,24,7,0,0
Nick Ciucci,171697,LS,WAGNER,9,0,0,338,,,60.0,,,15.1,46.1,,,66.6,0,0,2,0,0,0,42,0,1
Jeremiah Colclough,171698,WR,WAGNER,6,0,0,338,,,,59.9,,,57.6,65.5,,65.2,0,0,0,0,1,7,0,9,0
Cameron Darmody,171701,DI,WAGNER,2,0,0,338,59.6,,,,,,60.2,,,64.5,0,0,0,1,0,0,0,1,0
Peter Dempsey,171702,ED,WAGNER,11,1,0,338,59.5,,68.8,,,,65.7,,,77.6,1,0,25,2,0,44,25,2,1
Mark Didio Jr.,171703,WR,WAGNER,10,0,0,338,,,,,,,61.4,69.7,,67.4,0,0,0,1,1,1,0,45,0
Donovan Dillingham,171704,CB,WAGNER,2,0,0,338,,,,,,,60.4,,,66.1,0,0,0,0,0,0,0,2,0
Najae Hallenbeck,171707,DI,WAGNER,10,0,0,338,58.0,,,,,,57.6,,,66.6,0,0,0,33,0,0,0,1,0
Christopher Harris,171708,TE,WAGNER,4,0,0,338,,,60.0,,,,59.1,,,72.4,0,0,1,0,0,19,18,0,0
Gavin Hatfield,171709,HB,WAGNER,2,0,0,338,,,60.0,,,,60.8,,,63.6,0,0,3,0,0,4,0,0,0
Abdoul Idriss,171710,ED,WAGNER,10,0,0,338,60.0,,,,,,68.0,,,75.2,0,0,0,2,9,6,0,26,0
Armani Itote,171711,LB,WAGNER,12,0,0,338,59.8,,,,,,59.3,,,78.9,1,0,0,10,7,51,48,16,1
Sekou Kamau,171713,HB,WAGNER,2,0,0,338,,,,,,,59.6,,,65.2,0,0,0,0,0,8,0,1,0
Ryan Liszner,171716,P,WAGNER,10,0,0,338,,54.1,,,76.0,,62.5,,,74.2,0,0,8,0,36,0,0,0,0
Mateo Lucero,171717,C,WAGNER,10,0,0,338,,,71.8,,,,66.0,,,66.2,0,0,25,0,0,0,48,0,1
Bailey Marzola,171719,P,WAGNER,8,0,0,338,,,,,,,63.0,,59.8,74.0,1,0,0,0,0,0,48,0,0
Teree McDonald,171720,WR,WAGNER,10,0,0,338,,,,,,,63.6,,,72.1,0,0,0,0,29,2,0,1,0
Zachary Ricci,171725,CB,WAGNER,12,0,0,338,60.1,,,,,,62.9,60.3,,68.9,0,0,0,33,7,0,0,14,0
Jouvenson Romulus,171728,S,WAGNER,12,0,0,338,60.0,,,,,,70.4,,,75.5,0,0,0,8,7,0,5,33,1
William Stevenson,171733,LB,WAGNER,11,1,0,338,,,,,,,76.0,,,78.0,0,0,0,0,17,15,23,22,3
Mahamane Toure,171738,S,WAGNER,5,0,0,338,60.0,,,,,,61.8,,,71.8,0,0,0,1,4,25,9,14,0
Kristian Valeriano,171739,WR,WAGNER,1,0,0,338,,,,,,,60.2,,,64.6,0,0,0,0,0,5,0,0,0
Nick Wagner,171740,LB,WAGNER,2,0,0,338,,,68.6,,,71.4,63.8,,,62.1,0,0,10,0,0,0,0,0,0
Eli Mirza,171752,WR,E ILLINOIS,1,0,0,158,,,,61.8,,,60.0,,,63.1,0,0,0,0,0,1,0,0,0
Nicholas Oliveira-Chace,171753,ED,E ILLINOIS,12,0,0,158,57.8,,72.7,,,,61.0,,,73.6,0,0,40,56,0,0,5,17,0
Mac Busteed,171756,TE,LNDNWD,12,0,0,949,,,75.1,,,,58.5,,,63.2,1,0,57,0,1,0,0,0,0
Nate Compere,171757,G,LNDNWD,1,0,0,949,,,60.0,,,,60.0,,,61.0,0,0,1,0,0,0,0,0,0
Luke Cook,171758,S,LNDNWD,9,0,0,949,,,,,,,68.5,60.0,,74.3,0,0,0,0,8,0,3,45,0
Chris Gannaway,171760,HB,ARKAPB,2,0,0,112,,,,,,,59.6,,,66.3,0,0,0,0,0,8,0,0,0
Thomas Gothard,171762,CB,LNDNWD,8,0,0,949,60.0,,,,,,63.0,,,73.8,1,0,0,4,3,0,18,21,0
Will Graham,171763,K,LNDNWD,3,0,0,949,,,,,57.3,,61.2,,60.0,72.7,0,0,0,0,5,0,1,0,0
Steve Hall,171764,HB,LNDNWD,7,0,0,949,,,,57.4,,,58.5,,,63.4,0,0,0,0,0,25,0,0,0
Anthony Hills,171765,WR,LNDNWD,5,0,0,949,,,,,,,63.3,,,72.9,0,0,0,0,9,17,0,11,0
Jamison Kemp,171768,DI,LNDNWD,6,0,0,949,59.3,,,,,,59.6,,,65.4,0,0,0,13,0,0,0,0,0
Zach Lewis,171770,LB,LNDNWD,8,0,0,949,60.1,,,,,,62.0,,,72.8,0,0,0,13,1,0,0,1,0
Joshua Newkirk,171771,CB,LNDNWD,5,0,0,949,59.9,,,,,,62.1,,,70.8,0,0,0,2,11,4,2,2,0
Jalen Smith,171774,WR,LNDNWD,5,0,0,949,,,,,,,62.1,,,70.8,0,0,0,0,2,0,14,13,0
Ethan Stuhlsatz,171775,LB,LNDNWD,3,0,0,949,59.8,,,,,,63.6,,,67.0,0,0,0,8,0,2,8,1,1
Patrick Turner,171777,K,LNDNWD,12,0,0,949,,,66.8,,,,63.4,,63.2,72.4,0,0,57,0,0,0,55,0,0
Cole Watson,171778,TE,LNDNWD,10,0,0,949,,,,,,,60.2,,,74.0,0,0,0,0,0,52,0,0,0
Andrew Zook,171779,DI,LNDNWD,3,0,0,949,59.4,,,,,,59.6,,,63.8,0,0,0,8,0,0,0,0,0
Zayteak McGhee,171781,S,HOUCHR,12,2,0,183,59.7,,,,,,70.0,,,78.1,1,1,0,30,24,8,20,17,3
Kywon Morgan,171782,HB,MURRAY ST,6,0,0,236,,,,,,,58.4,,,69.4,0,0,0,0,0,35,0,0,0
Trace Ruckman,171783,S,MURRAY ST,10,0,0,236,60.0,,,,,,59.0,,,84.7,2,0,0,16,1,63,49,15,0
Jehchys Brown,171790,DI,SE MO ST,12,0,0,293,58.3,,,,,,58.8,,,70.3,0,0,0,24,0,0,4,3,0
Donnie Cheers,171793,WR,SE MO ST,12,0,0,293,,,,,,,51.1,,,30.0,2,2,0,0,18,0,47,47,0
Andrew Civey,171795,TE,SE MO ST,13,0,0,293,,,77.5,,,,64.4,,,66.7,0,0,75,0,0,16,0,0,0
Camani Cobbs,171796,CB,TENN STATE,9,0,0,308,,,,,,,58.2,,,71.1,1,0,0,0,31,6,0,16,2
DJ Delmore,171798,S,SE MO ST,13,3,0,293,,,,,,,52.5,,,29.7,2,2,0,0,82,14,9,21,1
Ethan Hatton,171799,C,SE MO ST,12,0,0,293,,,79.5,,,,66.1,,,64.5,0,0,68,0,0,0,0,0,0
Logan Leftrick,171802,P,SE MO ST,13,0,0,293,,,,,,,63.0,,48.2,74.2,0,2,0,0,0,0,48,0,0
Kaleb Pearley,171805,G,SE MO ST,9,0,0,293,,,73.6,,,,64.4,,,65.8,0,0,53,0,0,0,0,0,0
Cole Ruble,171806,HB,SE MO ST,13,0,0,293,,,,76.5,,,70.1,,,80.4,0,0,0,0,22,36,7,57,1
Jaylon Stone,171807,DI,SE MO ST,11,0,0,293,58.2,,,,,,59.3,,,71.2,0,0,0,25,0,1,25,2,0
Amare Townsend,171809,S,SE MO ST,12,1,0,293,59.7,,,,,,74.3,,,74.5,0,0,0,8,77,0,2,19,5
Jeremy Walton,171810,ED,SE MO ST,13,0,0,293,59.9,,,,,,59.9,,,73.3,0,0,0,21,1,22,0,22,0
Hadine Diaby,171814,G,TENN STATE,13,0,0,308,,,77.1,,,,60.2,,,29.6,0,1,65,0,0,0,0,0,0
Eriq George,171816,ED,TENN STATE,5,0,0,308,59.3,,,,,,63.1,,,67.4,0,0,0,2,0,0,0,8,0
Jase Hoath,171819,TE,TENN STATE,5,0,0,308,,,69.5,,,,62.8,,,63.3,0,0,28,0,0,3,2,0,0
Darius Neals,171827,G,TENN STATE,7,0,0,308,,,73.7,,,,65.0,,,73.2,0,0,39,0,0,0,0,0,0
Antwone Parker,171828,LB,TENN STATE,5,0,0,308,59.8,,,,,,67.5,,,78.0,0,0,0,10,27,14,15,22,1
Rayqwon Smith,171831,DI,N ALABAMA,5,0,0,389,58.8,,,,,,59.2,,,65.0,0,0,0,9,0,0,0,1,0
Sammy Taylor,171834,LB,TENN STATE,6,1,0,308,59.7,,,,,,69.0,,,77.8,0,0,0,28,30,26,37,16,3
Jabaree Dawkins,171836,ED,TENN MARTN,2,0,0,310,59.3,,,,,,60.5,,,65.0,0,0,0,1,0,0,0,2,0
Celeycan Hill,171837,CB,TENN MARTN,14,1,0,310,59.8,,,,,,62.6,,,79.1,1,0,0,12,31,0,23,62,0
Davonte Murray,171840,ED,TENN MARTN,11,0,0,310,58.4,,,,,,59.8,,,67.8,0,0,0,16,0,0,0,8,0
Jacob Stevenson,171842,S,TENN MARTN,14,0,0,310,59.7,,,,,,69.6,,,77.9,0,0,0,49,14,2,4,78,1
Canyon Moses,171861,S,N ARIZONA,13,0,0,252,59.7,,,57.8,,,70.8,,,33.4,2,1,0,13,60,14,42,15,8
Shawn Russ Jr.,171887,S,BETH COOK,7,0,0,119,59.8,,,,,,65.0,,,64.9,0,0,0,9,5,0,0,0,1
Victory Johnson,171897,ED,CAL POLY,6,0,0,129,59.1,,,,,,51.6,,,66.8,1,0,0,10,1,0,0,6,0
Jake Mason,171935,DI,MONTANA,13,0,0,232,58.5,,,,,,64.6,,,77.8,0,0,0,5,0,61,0,1,0
England Allen,171944,CB,BUCKNELL,3,0,0,125,,,,,,,29.8,,,69.2,0,1,0,0,0,0,0,4,0
Xavier Allen,171945,T,BUCKNELL,11,0,0,125,,,74.4,,,,64.0,,,66.1,0,0,58,0,0,0,1,0,0
TJ Cadden,171948,WR,BUCKNELL,9,0,0,125,,,,78.9,,,64.3,81.6,,70.8,0,0,0,0,15,41,3,34,1
Drew Cormier,171950,S,BUCKNELL,2,0,0,125,,,,,,,56.6,,,68.9,0,0,0,0,2,4,5,4,0
Michael Crabtree,171951,S,BUCKNELL,1,0,0,125,,,64.9,,,79.6,65.6,,,63.2,0,0,7,0,0,0,4,0,0
Owen Garwood,171955,WR,BUCKNELL,2,0,0,125,,,,,,,60.1,,,66.8,0,0,0,0,0,6,0,0,0
Deuce Geter,171957,S,BUCKNELL,4,0,0,125,60.0,,,,,,68.2,,,68.5,0,0,0,1,22,0,0,2,1
Nick Hoying,171958,S,BUCKNELL,12,1,0,125,59.9,,,,,,58.4,,,83.4,0,0,0,54,14,4,55,49,1
Jack Inserra,171959,ED,BUCKNELL,7,1,0,125,,,,,,,40.9,,,27.5,0,1,0,0,29,7,0,0,1
David LoGrasso,171961,DI,BUCKNELL,2,0,0,125,,,60.0,,,,60.0,,,90.2,0,0,1,0,0,0,0,1,0
Sam Milligan,171964,WR,BUCKNELL,12,1,0,125,,,,58.2,,,56.9,,,84.7,6,0,0,0,61,68,54,40,4
Mark Mulhern,171965,T,BUCKNELL,10,0,0,125,,,74.9,,,,65.5,,,75.7,0,0,54,0,0,0,0,0,0
Finn Sposato,171969,S,BUCKNELL,1,0,0,125,59.7,,,,,,60.0,,,61.8,0,0,0,1,0,0,0,0,0
Takai Whitmore,171970,CB,BUCKNELL,12,0,0,125,59.6,,,,,,63.8,,,74.2,0,0,0,11,0,43,9,16,0
Gavin Willis,171971,LB,BUCKNELL,12,3,0,125,90.2,,,,,,91.7,,,76.4,0,0,0,52,46,0,55,10,10
Kaleb Alexander,171973,CB,COLGATE,11,0,1,142,59.4,,,,,,55.4,,,29.8,2,1,0,42,42,1,9,9,1
Ralph Bernard,171975,DI,COLGATE,3,0,0,142,59.2,,,,,,59.3,,,63.6,0,0,0,4,0,0,0,0,0
Mick Corrigan,171976,QB,COLGATE,1,0,0,142,,,,,,,61.0,,,66.8,0,0,0,0,0,0,0,3,0
Patrick Cramer,171977,LS,COLGATE,12,0,0,142,,,84.5,,,44.1,61.7,,,66.6,0,0,44,0,0,0,46,0,2
Chris Gee,171978,HB,COLGATE,1,0,0,142,,,,,,,60.0,,,64.1,0,0,0,0,0,0,0,1,0
Griffin Gentner,171979,CB,COLGATE,9,0,0,142,59.8,,,,,,62.2,,,73.3,0,0,0,4,5,0,6,18,0
Winston Moore,171985,WR,COLGATE,10,0,0,142,,,,73.3,,,60.2,,,64.3,0,0,0,0,0,47,0,0,0
Trooper Price,171988,LB,COLGATE,11,2,0,142,,,,,,,67.1,,,82.6,1,0,0,0,40,53,0,32,1
Ryan Steinbrink,171992,T,COLGATE,12,0,0,142,,,72.2,,,,63.8,,,72.7,0,0,37,0,0,0,42,0,0
Josh Stinespring,171993,S,COLGATE,12,0,0,142,60.0,,,,,,59.7,,,48.2,2,1,0,50,42,4,53,3,3
Reed Swanson,171994,WR,COLGATE,3,0,0,142,59.8,,,,,,29.7,,,25.9,0,1,0,3,0,0,0,10,0
Justin Tedim,171995,ED,COLGATE,8,0,0,142,59.6,,,,,,61.4,,,71.5,0,0,0,17,0,0,0,3,0
Justyn Toler,171996,CB,COLGATE,9,0,0,142,59.8,,,,,,63.4,,,71.7,0,0,0,24,0,0,0,16,0
Luke Vogeler,171997,K,COLGATE,12,0,0,142,,83.8,,,73.4,,63.3,,,74.9,1,0,44,0,54,0,0,0,1
Chuck Volans,171998,TE,COLGATE,12,0,0,142,,,72.7,,,,64.2,,,64.1,0,0,44,0,0,0,0,0,0
Brock Winsett,171999,ED,COLGATE,8,0,0,142,59.3,,,,,,59.9,,,66.3,0,0,0,15,0,0,0,1,0
Tymir Wynn,172000,CB,COLGATE,11,0,0,142,59.4,,,59.9,,,61.4,,,80.4,0,0,0,42,12,2,39,12,0
Collin Gerger,172002,G,FORDHAM,4,0,0,168,,,65.5,,,,62.5,,,62.6,0,0,10,0,0,0,0,0,0
Aiden Jeter,172005,ED,FORDHAM,2,0,0,168,59.9,,,,,,60.0,,,63.6,0,0,0,2,0,0,0,0,0
Nate Lindsey-Gill,172006,S,FORDHAM,3,0,0,168,59.9,,,,,,62.4,,,72.3,0,0,0,12,0,0,0,5,0
Andrew Osmun,172008,S,FORDHAM,4,0,0,168,59.7,,,,,,47.2,,,27.5,0,1,0,24,7,0,13,1,0
Vinny Rugai,172010,HB,FORDHAM,6,0,0,168,,,,,,,50.9,,,28.8,0,1,0,0,0,19,1,22,0
John Scott III,172011,ED,FORDHAM,12,0,0,168,58.6,,60.0,,,,60.2,,,73.1,0,0,3,44,35,0,0,12,0
Nodin Tracy,172013,WR,FORDHAM,12,2,0,168,,,,59.9,,,71.5,,,79.3,0,0,0,0,40,61,16,38,3
Cooper Blomstrom,172015,ED,GEORGETOWN,11,0,0,172,59.0,,,,,,60.0,,,71.1,0,0,0,45,0,0,0,2,0
Bijay Boldin,172016,S,GEORGETOWN,8,0,0,172,60.0,,,,,,64.8,,,75.0,0,0,0,4,11,1,0,22,0
Quincy Briggs,172017,CB,GEORGETOWN,9,0,0,172,59.8,,,59.9,,,64.3,,,74.4,0,0,0,29,1,1,0,20,0
Burke Carroll,172018,TE,GEORGETOWN,9,0,0,172,,,68.9,,,,62.5,,,67.3,0,0,27,0,0,14,0,0,0
Bryce Cox,172019,HB,GEORGETOWN,10,0,0,172,,,,58.4,,,67.9,,,69.0,0,0,0,0,4,33,22,0,3
Zeraun Daniel,172021,S,GEORGETOWN,11,0,0,172,59.5,,,,,,67.7,,,68.6,0,0,0,44,17,1,0,0,2
Udechukwu Enyeribe,172022,HB,GEORGETOWN,10,0,0,172,,,,56.8,,,67.8,,,72.9,0,0,0,0,25,46,0,19,1
Jordan Holmes,172024,WR,GEORGETOWN,1,0,0,172,,,,,,,60.6,,,67.7,0,0,0,0,0,4,0,0,0
Chigozie Oge-Evans,172028,ED,GEORGETOWN,10,0,0,172,59.3,,66.0,,,,64.1,,,69.7,0,0,17,16,22,12,0,0,0
Jakob Parker,172029,LB,GEORGETOWN,2,0,0,172,,,,,,,59.8,,,64.9,0,0,0,0,0,4,0,0,0
Jayvin Pyle-Thompson,172030,WR,GEORGETOWN,3,0,0,172,,,,,,,60.3,,,66.7,0,0,0,0,0,18,0,0,0
Kevin Quinn,172031,G,GEORGETOWN,8,0,0,172,,,70.5,,,,63.4,,,71.6,0,0,29,0,0,0,31,0,0
GianCarlo Rufo,172032,LB,GEORGETOWN,10,0,0,172,59.7,,,,,,61.2,,,70.4,0,0,0,44,0,0,2,4,0
Jorge Ruiz,172033,G,GEORGETOWN,1,0,0,172,,,60.0,,,,61.1,,,65.7,0,0,3,0,0,0,0,0,0
Mouhammed Sow,172034,DI,GEORGETOWN,4,0,0,172,58.2,,,,,,58.5,,,71.9,0,0,0,12,0,0,0,0,0
Mosiah Talanoa,172036,T,GEORGETOWN,7,0,0,172,,,68.1,,,,62.7,,,66.5,0,1,16,0,0,0,18,0,0
Rayden Waweru,172037,S,GEORGETOWN,10,1,0,172,60.0,,,,,,54.8,,,73.3,2,0,0,2,38,0,13,8,2
Braylon Wise,172038,CB,GEORGETOWN,11,0,0,172,60.9,,,,,,68.3,60.6,,79.5,1,0,0,29,43,0,47,28,4
Troy Bruce,172039,HB,LAFAYETTE,12,0,0,203,,,,58.0,,,49.2,,,27.0,0,2,0,0,0,6,0,36,0
Ahmir Crawley,172043,DI,LAFAYETTE,3,0,0,203,59.3,,,,,,59.8,,,65.4,0,0,0,2,0,0,0,2,0
Kente Edwards,172045,HB,LAFAYETTE,11,2,0,203,,,,63.5,,,65.8,,,73.2,1,0,0,0,55,53,0,0,4
Ethan Hosak,172047,TE,LAFAYETTE,12,0,0,203,,,,,,,76.3,,,30.0,0,1,0,0,0,18,43,6,3
Darson Jeanty,172048,S,LAFAYETTE,12,1,0,203,59.7,,,,,,74.4,,,79.1,0,0,0,11,37,11,6,42,2
Avery Jones,172049,WR,LAFAYETTE,8,1,0,203,,,,,,,67.4,,,79.3,1,0,0,0,27,37,25,27,2
Jaylon Joseph,172050,ED,LAFAYETTE,12,0,0,203,59.8,,72.4,,,,64.2,,,66.4,0,0,42,15,0,0,0,7,0
Alie Kamara,172051,ED,LAFAYETTE,1,0,0,203,60.0,,,,,,60.0,,,62.9,0,0,0,1,0,0,0,0,0
DeMarion McCoy,172054,DI,LAFAYETTE,6,0,0,203,59.1,,60.0,,,,60.5,,,66.7,0,0,5,8,0,0,0,1,0
Savion McKinnon,172056,WR,LAFAYETTE,1,0,0,203,,,,,,,60.0,,,63.9,0,0,0,0,1,0,0,0,0
Davis Oliver-Goodwin,172057,S,LAFAYETTE,12,0,0,203,59.7,,,,,,66.6,,,75.2,1,0,0,5,13,8,40,1,3
Devin Paige,172059,WR,LAFAYETTE,2,0,0,203,,,,59.6,,,59.3,,,62.9,0,0,0,0,0,3,1,0,0
Carson Persing,172060,WR,LAFAYETTE,1,0,0,203,,,,,,,60.0,,,65.2,0,0,0,0,0,0,0,2,0
Shaun Purvy,172061,WR,LAFAYETTE,10,0,0,203,,,,,,,61.3,,,72.4,0,0,0,0,0,47,2,2,0
Darien Riley,172062,ED,LAFAYETTE,11,0,0,203,59.0,,,,,,60.4,,,67.2,0,0,0,25,0,0,0,6,0
Michael Senatore,172063,WR,LAFAYETTE,1,0,0,203,,,,,,,60.0,,,61.5,0,0,0,0,0,0,0,2,0
Jack Simonetta,172064,K,LAFAYETTE,11,0,0,203,,68.1,,,60.0,,61.3,,,67.0,0,0,47,0,1,0,0,0,0
Tre Stevens,172065,LB,LAFAYETTE,11,1,0,203,59.3,,,,,,63.6,,,39.4,1,1,0,9,51,46,37,32,4
Nick Strelczyk,172066,C,LAFAYETTE,2,0,0,203,,,60.0,,,68.5,61.5,,,61.4,0,0,3,0,0,0,0,0,0
Michael Vaughn,172067,DI,LAFAYETTE,3,0,0,203,59.2,,,,,,59.3,,,63.4,0,0,0,4,0,0,0,0,0
Ethan Weber,172068,HB,LAFAYETTE,10,1,0,203,,,,61.7,,,65.8,,,72.5,0,0,0,0,4,48,0,32,1
Sean Wilson,172070,T,LAFAYETTE,9,0,0,203,,,73.2,,,,65.3,,,74.3,0,0,42,0,0,0,0,0,0
Devin Andrews,172073,LB,LEHIGH,1,0,0,205,,,,,,,60.0,,,64.5,0,0,0,0,0,0,1,0,0
Broc Bender,172074,ED,LEHIGH,3,0,0,205,59.3,,60.0,,,,60.2,,,64.4,0,0,1,6,2,0,0,0,0
Walker Blair,172075,CB,LEHIGH,13,0,0,205,,,,,,,65.7,,,78.0,0,0,0,0,43,53,0,30,0
Daniel Gredell,172078,DI,LEHIGH,2,0,0,205,59.3,,,,,,59.5,,,63.1,0,0,0,2,0,0,0,0,0
Austin Huff,172081,G,LEHIGH,11,0,0,205,,,73.0,,,,63.8,,,67.1,0,0,47,0,0,0,1,0,0
Mason Humphrey,172082,WR,LEHIGH,3,0,0,205,,,,,,,59.0,,,64.7,0,0,0,0,1,3,1,0,0
Joshua Jones,172083,CB,LEHIGH,1,0,0,205,,,,,,,61.7,,,66.8,0,0,0,0,0,0,0,4,0
Benjamin Manley,172084,ED,LEHIGH,1,0,0,205,,,,,,,61.1,,,66.8,0,0,0,0,0,0,0,5,0
Joseph Marranca,172085,TE,LEHIGH,13,1,0,205,,,75.6,,,,64.5,,,76.6,1,0,57,0,0,53,12,7,1
Jadin Nelson,172087,DI,LEHIGH,9,0,0,205,58.8,,,,,,59.1,,,65.4,0,0,0,11,0,0,0,1,0
Dayyan O'Neal,172088,DI,LEHIGH,1,0,0,205,59.6,,,,,,59.8,,,62.0,0,0,0,1,0,0,0,0,0
William Parton,172089,LB,LEHIGH,13,0,0,205,60.0,,,,,,70.6,,,76.7,2,0,0,15,62,2,0,8,6
Davis Rice,172090,CB,LEHIGH,13,0,0,205,59.7,,,,,,47.1,,,73.0,1,1,0,9,7,52,0,18,0
Aidan Singleton,172091,CB,LEHIGH,12,0,0,205,59.9,,,,,,67.7,,,76.8,0,0,0,31,0,9,6,11,1
Jake Stalsitz,172092,TE,LEHIGH,12,0,0,205,,,75.0,,,,64.8,,,65.1,0,0,56,0,0,0,0,0,0
CJ Wood,172093,CB,LEHIGH,13,1,1,205,,,,,,,64.0,,,80.5,0,2,0,0,68,54,7,34,3
Luke Yoder,172094,HB,LEHIGH,3,0,0,205,,,,59.9,,,59.5,,,66.6,0,0,0,0,0,2,1,0,0
Mason Armstrong,172095,LB,BUTLER,9,0,0,127,60.0,,,,,,69.5,,,90.2,0,0,0,3,20,14,0,20,0
Nik Belski,172096,G,BUTLER,4,0,0,127,,,66.7,,,,62.9,,,64.4,0,0,22,0,0,0,0,0,0
Nick Cloyd,172098,CB,BUTLER,3,1,0,127,60.0,,60.3,,,,64.6,,,68.2,0,0,9,6,4,3,0,1,0
Peyton Daniels,172099,CB,BUTLER,8,0,0,127,59.6,,,,,,62.8,,,71.6,0,0,0,24,17,3,0,3,0
Jack Davis,172100,S,BUTLER,9,0,0,127,60.0,,,,,,46.7,,,28.2,2,2,0,1,50,25,0,35,3
Luke Green,172102,DI,BUTLER,3,0,1,127,59.0,,,,,,35.1,,,25.4,0,1,0,7,0,0,0,0,0
Dev Holman,172105,CB,BUTLER,6,0,0,127,60.0,,,,,,62.0,,,67.1,0,0,0,2,5,2,0,4,0
Ashton Nawrocki,172108,ED,BUTLER,4,0,0,127,59.7,,,,,,63.2,,,84.7,0,0,0,4,0,0,0,3,0
Michael Nix,172110,WR,BUTLER,8,0,0,127,,,,,,,65.2,,,70.1,0,0,0,0,0,0,0,31,0
Preston Slaton,172115,WR,BUTLER,2,0,0,127,,,,,,,68.2,,,68.5,0,0,0,0,12,0,0,0,1
Jackson Stratton,172117,S,BUTLER,7,0,0,127,60.1,,,,,,62.1,,,73.2,1,0,0,4,36,22,5,14,2
Sam Taglia,172118,P,BUTLER,6,0,0,127,,48.2,,,59.2,,61.3,,,70.4,0,0,9,0,15,0,0,0,0
Michael Williams II,172124,S,BUTLER,12,1,0,127,60.0,,,,,,62.2,,,40.1,0,1,0,2,74,34,0,46,2
Danny Baker,172125,K,DAYTON,11,0,0,150,,60.3,,,,,61.1,,,66.3,0,0,36,0,0,0,0,0,0
Torbyn Eakins,172136,T,MOREHEAD,1,0,0,234,,,60.0,,,,60.0,,,61.6,0,0,1,0,0,0,0,0,0
Elijah Graham,172137,CB,MERCYHURST,8,0,1,977,83.8,,,,,,75.4,,,28.5,0,1,0,34,4,4,5,1,0
Benjamin Haywood III,172138,CB,MOREHEAD,12,1,1,234,59.9,,,,,,37.8,60.0,,25.3,0,5,0,4,47,1,0,7,5
Jackson Lanier,172140,HB,MOREHEAD,3,0,0,234,,,,,,,60.9,,,75.8,0,0,0,0,14,13,17,6,0
Paul O'Brien,172141,DI,MOREHEAD,6,0,0,234,58.9,,,,,,61.0,,,68.7,0,0,0,5,0,0,17,5,0
Hayden Petersen,172142,S,MOREHEAD,8,0,0,234,60.0,,,60.0,,,73.6,,,80.4,0,0,0,2,24,22,38,21,4
Thomas Schwartz V,172144,K,MOREHEAD,12,0,0,234,,56.0,,,59.6,,63.1,,,74.1,0,1,40,0,46,0,0,0,0
Logan Wong,172146,G,MOREHEAD,11,0,0,234,,,73.5,,,,64.8,,,69.7,0,0,39,0,0,0,0,0,0
Julian Alfaro Diedrich,172147,HB,STTHOM,2,0,0,1129,,,,,,,59.4,,,68.1,0,0,0,0,0,0,6,0,0
Stefano Giovannelli,172152,WR,STTHOM,8,0,0,1129,,,,,,,65.5,,,71.8,0,0,0,0,0,29,1,30,0
Quinton Griffin,172154,S,STTHOM,6,0,0,1129,59.8,,,,,,63.6,,,73.7,0,0,0,2,1,1,8,19,0
Peyton Himley,172156,S,STTHOM,12,0,1,1129,60.0,,,,,,74.7,,,42.7,0,1,0,1,56,22,47,40,5
Elliot Huether,172157,K,STTHOM,12,0,0,1129,,60.0,,,54.9,,52.6,,59.3,29.9,1,2,1,0,8,0,64,0,0
CJ Johnson,172158,FB,STTHOM,9,0,0,1129,,,60.0,59.6,,,55.0,,,69.9,0,1,5,0,0,44,1,0,0
Marcus Johnson,172159,G,STTHOM,12,0,0,1129,,,75.1,,,,69.4,,,70.6,0,0,46,0,0,0,12,0,1
Owen Lyons,172164,WR,STTHOM,7,0,0,1129,,,,,,,61.1,,,71.2,0,0,0,0,0,26,5,7,0
Gavin Nunnally,172165,CB,STTHOM,10,0,0,1129,59.9,,,,,,60.4,,,57.0,2,1,0,3,34,0,27,50,2
Eli Paulson,172168,WR,STTHOM,10,0,0,1129,,,,55.2,,,52.9,65.4,,70.1,1,0,0,0,0,35,10,18,0
Kaleb Rector,172171,C,STTHOM,2,0,0,1129,,,60.5,,,,60.3,,,63.9,0,0,5,0,0,0,1,0,0
Michael Rostberg,172172,QB,STTHOM,2,0,0,1129,,,,,,,60.0,,61.0,64.5,0,0,0,0,0,0,2,0,0
Caleb Sandstrom,172174,ED,STTHOM,7,0,0,1129,60.0,,,,,,61.1,,,66.6,0,0,0,19,0,0,0,2,0
Luke Schuler,172175,TE,STTHOM,5,0,0,1129,,,63.9,57.5,,,62.8,,,68.1,0,0,14,0,0,29,35,0,1
Kole Sneed,172176,DI,STTHOM,3,0,0,1129,59.7,,,,,,41.5,,,63.9,0,0,0,2,0,0,3,1,0
Delainey Suraju,172178,DI,STTHOM,12,2,0,1129,58.9,,,,,,65.7,,,81.1,0,0,0,5,46,17,61,34,2
Tak Tateoka,172179,QB,STTHOM,4,0,0,1129,,,,,,,60.0,,52.1,66.1,0,0,0,0,0,0,5,0,0
Nash Tichy,172180,LB,STTHOM,12,0,0,1129,59.7,,,,,,72.6,,,90.2,0,0,0,7,26,20,9,20,3
Chase Ullom,172182,LB,STTHOM,6,1,0,1129,60.1,,,,,,65.9,,,72.0,0,0,0,5,4,15,0,5,0
Elijah Windham,172183,S,STTHOM,2,0,0,1129,,,,,,,61.5,,,69.6,0,0,0,0,0,2,0,6,0
Terrell James,172195,ED,MURRAY ST,3,0,0,236,59.1,,,,,,60.0,,,65.2,0,0,0,6,0,0,0,3,0
Jai'Lun Hampton,172214,T,TENN MARTN,1,0,0,310,,,60.0,,,,60.9,,,67.2,0,0,3,0,0,0,0,0,0
Rene Miller,172218,T,ALCORN ST,9,0,0,107,,,71.0,,,,64.3,,,73.4,0,0,31,0,0,0,0,0,0
Micah Sumpter,172222,T,E TENN ST,10,0,0,157,,,74.2,,,,65.1,,,72.3,0,0,49,0,0,0,0,0,0
Quentin Thomas,172234,WR,CAMPBELL,1,0,0,131,,,,,,,60.2,,,64.5,0,0,0,0,2,0,0,0,0
Collin Carroll,172242,TE,GARD-WEBB,12,0,0,171,,,71.9,61.8,,,63.8,,,75.2,0,0,39,0,1,65,0,4,0
Rykin Maxwell,172253,WR,MURRAY ST,3,0,0,236,,,,,,,59.1,,,67.4,0,0,0,0,0,19,0,0,0
Bubba Camp,172267,CB,NC CENT,11,0,0,247,60.0,,,,,,49.9,,,29.0,0,2,0,3,28,42,24,20,0
Gideon Bedada,172268,ED,BRYANT,7,1,0,124,59.5,,,,,,71.9,,,73.6,0,0,0,6,25,0,0,11,2
Zach Dantzlerward,172273,DI,ST FRANCIS,3,0,0,299,,,,,,,60.8,,,64.0,0,0,0,0,0,0,17,0,0
MarShawn Ferguson Jr.,172278,WR,HAMPTON,4,0,0,178,,,,,,,61.0,,,65.7,0,0,0,0,3,3,0,0,0
Alex Jreige,172284,HB,ALBANY,7,0,0,106,,,,,,,46.9,,,27.9,0,1,0,0,0,10,0,15,0
Trenton Kintigh,172285,DI,WOFFORD,5,0,0,350,60.0,,,,,,61.3,,,66.8,0,0,0,8,0,0,0,2,0
BJ Lowery,172288,CB,SACR HEART,5,0,0,280,59.7,,,,,,37.9,,,26.6,0,1,0,4,0,0,0,6,0
Isaiah Smith,172297,WR,HAMPTON,7,0,0,178,,,,,,,62.1,,,73.2,0,0,0,0,0,36,0,13,0
Dasheen Jackson,172351,S,ALABAMA ST,7,0,0,105,59.7,,,,,,62.2,,,64.9,0,0,0,7,0,3,0,8,0
Stephen Johnson,172452,DI,MCNEESE,11,0,0,217,58.0,,,,,,58.6,,,68.4,0,0,0,27,0,0,0,7,0
Jacoby Bellazar,172535,WR,GRAMBLING,8,0,0,177,59.6,,,77.7,,,59.4,,,63.9,0,0,0,1,0,17,0,0,0
Jalin Shephard,172555,S,TENN TECH,12,0,0,309,60.1,,,,,,71.8,,,71.2,0,0,0,30,25,0,14,3,3
Deago Benson,172607,HB,STF AUSTIN,8,0,0,301,,,,,,,90.3,,,76.3,0,0,0,0,5,10,0,38,0
Meshach Jones,172634,CB,CHATTNOOGA,1,0,0,137,,,,,,,50.9,,,65.6,0,0,0,0,7,3,0,0,0
E.J. Thomas,172635,DI,CHATTNOOGA,9,0,0,137,58.8,,73.1,,,,63.4,,,70.4,0,0,33,12,0,0,0,3,0
Brody Balliew,172637,T,FURMAN,1,0,0,170,,,60.0,,,,61.7,,,67.5,0,0,6,0,0,0,0,0,0
Caldwell Bussey,172639,DI,FURMAN,11,0,0,170,57.0,,,,,,57.3,,,70.9,0,0,0,57,0,0,27,6,0
Brock Chappell,172640,TE,FURMAN,11,0,0,170,,,73.8,,,,64.6,,,72.3,0,0,46,0,5,9,14,0,0
Hysan Dalton,172641,CB,FURMAN,10,1,0,170,60.2,,,,,,62.8,,,29.5,0,1,0,17,5,34,12,12,1
Ryan Earl,172642,LB,FURMAN,11,0,0,170,60.1,,,,,,63.7,,,61.8,0,1,0,62,44,67,38,22,1
Ja'Keith Hamilton,172646,WR,FURMAN,10,0,0,170,,,,,,,59.7,,,71.3,0,0,0,0,1,62,0,0,0
Jacob Hefner,172647,LS,FURMAN,10,0,0,170,,,85.0,,,75.0,67.7,,,63.3,0,0,46,0,0,0,0,0,0
Tyler Hendley,172648,WR,FURMAN,1,0,0,170,,,,,,,60.0,,,64.5,0,0,0,0,0,0,1,0,0
Raleigh Herbert,172649,LB,FURMAN,8,0,0,170,59.9,,,,,,68.0,,,68.0,0,0,0,25,6,5,12,6,1
Marc Hernández,172650,DI,FURMAN,9,0,0,170,59.4,,74.8,,,,64.9,,,72.1,0,0,41,2,0,0,0,0,0
Colton Hinton,172651,WR,FURMAN,11,0,0,170,,,,59.1,,,62.1,50.2,,69.7,0,0,0,0,0,68,0,46,0
Brayden Holmes,172653,CB,FURMAN,2,0,0,170,,,,,,,62.5,,,71.8,0,0,0,0,0,0,6,7,0
Vinny Jordan,172654,S,FURMAN,1,0,0,170,,,,,,,60.9,,,65.4,0,0,0,0,4,9,0,0,0
DJ Lawrence,172655,CB,FURMAN,1,0,0,170,,,,,,,59.3,,,62.2,0,0,0,0,0,5,0,0,0
Billy Lewis,172656,S,FURMAN,11,0,1,170,59.9,,,,,,56.4,,,29.7,0,2,0,12,28,36,9,19,0
Jaylen Moson,172659,CB,FURMAN,5,0,0,170,59.8,,,,,,63.2,,,75.6,0,0,0,26,11,0,9,19,0
Aiden Ruckh,172662,TE,FURMAN,11,0,0,170,,,67.8,59.6,,,61.7,,,72.9,0,1,22,0,0,59,0,0,0
Tanner Schuck,172663,ED,FURMAN,10,0,0,170,59.0,,,,,,68.0,,,71.5,0,0,0,13,18,3,13,14,1
Joshua Stoneking,172665,ED,FURMAN,8,0,0,170,73.8,,60.0,,,,80.7,,,68.2,0,0,7,47,0,0,1,1,0
Tate Wirth,172670,LB,FURMAN,6,0,0,170,59.6,,,,,,67.8,,,68.0,0,0,0,31,3,31,25,1,1
Walker Wood,172671,WR,FURMAN,1,0,0,170,59.5,,,,,,60.2,,,67.5,0,0,0,9,0,0,1,0,0
Samuel Albee,172672,TE,MERCER,7,0,0,219,,,60.0,,,,61.0,,,66.0,0,0,7,0,0,11,0,0,0
Amarii Atchison,172674,T,MERCER,11,0,0,219,,,76.4,,,,66.3,,,76.3,0,0,61,0,0,0,0,0,0
Tyrell Coard,172675,HB,MERCER,5,0,0,219,,,,,,,66.9,,,75.5,0,0,0,0,0,0,0,27,0
Adjatay Dabbs,172676,WR,MERCER,9,0,0,219,,,,59.9,,,63.3,63.2,,75.4,0,0,0,0,11,8,2,36,0
Ty Everson,172677,TE,MERCER,14,0,0,219,,,77.1,,,,65.3,,,64.4,0,0,73,0,0,0,0,0,0
Avery Ferris,172678,G,MERCER,14,0,0,219,,,80.2,,,,66.4,,,65.3,0,0,75,0,0,0,0,0,0
Julian Fox,172679,LB,MERCER,6,1,0,219,,,,,,,67.3,,,29.8,1,1,0,0,31,9,16,33,5
Walter Goggins,172680,DI,N ALABAMA,11,0,0,389,58.2,,,,,,59.7,,,72.5,0,0,0,21,0,0,0,7,0
Reice Griffith,172681,K,MERCER,14,0,0,219,,79.3,,,,,48.1,,,28.9,0,1,75,0,0,0,0,0,0
Kendall Harris,172682,WR,MERCER,9,1,0,219,,,,,,,65.6,60.0,,76.3,1,0,0,0,1,27,33,8,0
Brayden Manley,172683,ED,MERCER,10,0,0,219,59.9,,,,,,46.7,,,27.4,0,1,0,27,0,0,0,6,0
Scooter Risper,172686,WR,MERCER,14,0,0,219,,,,,,,51.7,,,39.0,0,2,0,0,0,12,0,80,0
Demetri Robinson,172687,G,RHODE ISLD,12,0,0,274,,,75.9,,,,64.6,,,72.2,0,0,49,0,0,0,2,0,0
Brayden Smith,172688,WR,MERCER,11,0,0,219,,,,67.8,,,61.9,78.5,,68.8,0,0,0,0,0,44,0,70,0
Donovan Watkins,172689,CB,MERCER,13,1,0,219,60.2,,,,,,70.4,,,76.4,0,0,0,42,14,0,0,11,1
Chris Benton,172691,ED,CITADEL,7,0,0,139,59.2,,,,,,59.6,,,66.3,0,0,0,13,0,0,0,1,0
Tyler Heggins-Hill,172693,T,CITADEL,10,0,0,139,,,73.2,,,,64.2,,,63.8,0,0,47,0,0,0,1,0,0
Jeremiah Holmes,172694,ED,CITADEL,12,0,0,139,59.1,,,,,,59.8,,,69.8,0,0,0,17,0,0,15,15,0
Ravon Johnson,172696,ED,ALAB A&M,8,0,0,104,59.6,,,,,,60.9,,,67.1,0,0,0,17,0,0,0,3,0
Bradlee Jones,172698,CB,CITADEL,12,1,1,139,76.6,,,,,,75.6,,,29.4,0,1,0,55,15,0,0,5,0
Varney Layman,172699,WR,CITADEL,1,0,0,139,,,60.0,,,,61.6,,,63.2,0,0,7,0,0,0,0,0,0
Mike Lengi,172700,C,CITADEL,8,0,0,139,,,70.3,,,,63.6,,,65.2,0,0,35,0,0,0,1,0,0
Nick McGill,172702,LB,CITADEL,8,0,0,139,59.9,,,,,,63.9,,,74.4,0,0,0,1,4,0,0,24,0
Darwin Murillo,172703,T,CITADEL,4,0,0,139,,,65.6,,,,62.7,,,64.3,0,0,19,0,0,0,0,0,0
Amond Myers,172704,CB,CITADEL,7,0,0,139,,,,,,,43.6,,,27.5,0,1,0,0,1,0,0,15,0
DaVonyae Pettis,172705,ED,CITADEL,12,0,0,139,90.1,,,,,,91.6,,,66.6,0,0,0,37,0,0,0,3,0
Justin Preaster,172706,S,CITADEL,10,1,0,139,60.1,,,,,,68.3,,,77.0,0,0,0,2,31,43,0,2,1
Nico Rodriguez-Pena,172708,G,CITADEL,12,0,0,139,,,74.0,,,,65.2,,,75.5,0,0,48,0,0,0,1,0,0
Mikey Rosa,172709,LB,CITADEL,12,1,0,139,59.8,,,,,,72.7,,,78.9,1,0,0,5,50,57,50,1,6
Kaiden Swortzel,172710,TE,CITADEL,1,0,0,139,,,,,,,60.0,,,63.6,0,0,0,0,0,4,0,0,0
Jack Weil,172711,K,CITADEL,4,0,0,139,,,,,60.1,,60.0,,60.2,67.8,0,1,0,0,1,0,4,0,0
D'Ahmon Artis,172713,LB,VA MILT IN,12,1,0,336,59.7,,,,,,59.4,,,53.2,1,1,0,6,34,67,82,42,3
Elijah Brooks,172715,DI,VA MILT IN,3,0,0,336,58.5,,,,,,58.3,,,63.7,0,0,0,6,0,0,0,0,0
Camden Clinton,172717,LB,VA MILT IN,12,1,0,336,59.9,,,,,,68.0,,,82.6,0,1,0,3,37,77,0,49,1
Noah Fathy,172719,TE,VA MILT IN,11,0,0,336,,,68.8,,,,61.9,,,72.4,0,0,25,0,0,9,30,27,0
Isaiah Grevious,172720,LB,VA MILT IN,8,0,0,336,60.3,,,,,,65.1,,,77.9,0,0,0,19,1,19,0,33,0
Nathan Lhotsky,172722,TE,VA MILT IN,8,0,0,336,,,,59.9,,,61.6,,,79.5,0,0,0,0,1,51,51,29,0
Jacob Moore,172723,ED,VA MILT IN,11,0,0,336,57.7,,,,,,57.4,,,67.9,0,0,0,36,0,0,0,2,0
Egypt Nelson,172724,WR,VA MILT IN,1,0,0,336,,,,,,,60.0,,,64.4,0,0,0,0,0,0,0,2,0
Luke Scott,172726,ED,VA MILT IN,10,0,0,336,58.8,,,,,,59.6,,,70.3,0,0,0,27,0,4,0,2,0
EJ Wilborne,172727,S,VA MILT IN,3,0,0,336,60.0,,60.0,,,,33.4,,,25.8,0,1,4,2,0,0,0,5,0
Dominick Bolden,172734,DI,MCNEESE,6,0,0,217,58.5,,,,,,59.1,,,65.4,0,0,0,7,0,0,0,2,0
Reed Boyd,172735,TE,MCNEESE,12,0,0,217,,,74.1,,,,59.1,,,29.6,0,1,50,0,2,61,62,5,1
John Brown Jr.,172736,ED,JACKSON ST,9,0,0,194,59.3,,,,,,66.9,,,66.5,0,0,0,6,0,2,4,3,1
Jer'Michael Carter,172737,WR,MCNEESE,7,0,0,217,,,,,,,63.9,,,70.9,1,0,0,0,2,34,9,0,1
Jelani Chevalier,172738,CB,MCNEESE,5,0,2,217,,,,,,,47.3,,,27.1,0,2,0,0,19,0,15,8,1
Kandyn Cordova,172741,CB,MCNEESE,10,1,0,217,,,,,,,67.2,,,77.7,1,0,0,0,46,17,0,23,2
David Duvall,172742,C,MCNEESE,1,0,0,217,,,,,,,60.0,,,63.3,0,0,0,0,0,0,0,0,0
Jamori Evans,172743,LB,MCNEESE,3,0,0,217,60.0,,,,,,63.1,,,66.9,0,0,0,2,2,0,0,5,0
Mark Fielder,172744,DI,MCNEESE,5,0,0,217,58.5,,,,,,59.7,,,66.9,0,0,0,8,0,0,0,4,0
Jamall Franklin Jr.,172746,T,MCNEESE,7,0,0,217,,,68.7,,,,63.4,,,65.7,0,0,28,0,0,0,0,0,0
Coleby Hamm,172749,HB,MCNEESE,11,1,0,217,,,,,,,63.0,,,75.4,1,0,0,0,11,53,47,2,1
Jonathan Harris,172750,WR,MCNEESE,5,0,0,217,,,,,,,63.3,,,69.7,0,0,0,0,14,0,1,2,0
Niko Johnson,172753,WR,MCNEESE,1,0,0,217,,,,,,,62.9,,,69.6,0,0,0,0,5,6,0,3,0
Peyton Lemaire,172755,LB,MCNEESE,12,0,0,217,59.9,,,,,,69.8,,,77.3,0,0,0,17,33,9,4,38,2
Jamaal Levi,172756,WR,MCNEESE,11,1,0,217,,,,57.5,,,75.4,,,71.2,0,0,0,0,1,49,27,4,2
Jadden Matthews,172757,S,MCNEESE,1,0,0,217,,,,,,,60.8,,,63.9,0,0,0,0,5,0,0,0,0
Elijah Melendez,172759,T,MCNEESE,2,0,0,217,,,62.6,,,,62.3,,,68.7,0,0,9,0,0,0,0,0,0
Cory O'Bryant,172760,WR,MCNEESE,12,0,0,217,,,,59.4,,,58.9,,,69.8,0,0,0,0,0,61,0,0,0
Cody Smith,172767,S,MCNEESE,11,2,0,217,,,,,,,67.2,,,57.3,1,1,0,0,40,48,14,36,3
Blake Sylvester,172768,CB,MCNEESE,1,0,0,217,,,,,,,60.6,,,63.3,0,0,0,0,3,0,0,0,0
Jalen Wright,172774,WR,MCNEESE,1,0,0,217,,,,,,,44.6,,,66.6,1,0,0,0,4,0,0,0,0
Jordan Aaron,172775,G,NICHOLLS,4,0,0,243,,,68.1,,,,63.3,,,67.6,0,0,17,0,0,0,0,0,0
Kendarius Smith,172780,CB,NICHOLLS,12,0,0,243,59.7,,,,,,62.5,,,73.5,0,0,0,31,1,1,0,19,0
J.T. Fayard,172783,QB,NWSTATE,1,0,0,257,,,,,,,60.0,,60.0,63.3,0,0,0,0,0,0,1,0,0
Twon Hines,172784,WR,NWSTATE,10,0,0,257,,,,59.9,,,62.6,59.5,,70.7,0,0,0,0,5,39,1,14,1
Evan Kern,172786,P,NWSTATE,6,0,0,257,,,,,58.5,,61.1,,,72.1,0,0,0,0,17,0,0,0,0
Connor Norcross,172788,LB,NWSTATE,1,1,0,257,,,,,,,69.2,,,67.4,0,0,0,0,5,0,0,0,0
Quentin Ross,172790,C,GRAMBLING,2,0,0,177,,,21.9,,,,29.7,,,68.4,0,0,10,0,0,0,0,0,0
Peyton Anderson,172791,DI,SE LA,5,0,0,294,58.9,,,,,,60.1,,,74.3,0,0,0,7,0,1,2,1,0
Corin Boudreaux,172795,G,SE LA,10,0,0,294,,,75.0,,,,64.7,,,63.8,0,0,38,0,0,0,0,0,0
Rodney Brown Jr.,172796,CB,SE LA,10,0,0,294,,,,,,,65.5,,,54.6,1,1,0,0,43,0,41,41,2
Tylon Cooper,172799,CB,SE LA,9,0,0,294,86.4,,,,,,88.3,,,76.3,0,0,0,37,0,0,0,20,0
Breland Curry,172800,G,SE LA,3,0,0,294,,,68.3,,,,63.1,,,62.9,0,0,15,0,0,0,0,0,0
Dorian Davis,172801,DI,SE LA,1,0,0,294,58.9,,,,,,59.0,,,62.1,0,0,0,2,0,0,0,0,0
Jaylon Domingeaux,172803,WR,SE LA,3,0,0,294,,,,,,,41.2,,,27.4,0,1,0,0,0,12,11,0,0
Khamron Ford,172804,CB,SE LA,11,0,0,294,59.6,,,,,,69.9,,,74.2,0,0,0,35,26,0,7,15,1
Lemar Harris,172807,LB,SE LA,1,0,0,294,,,60.0,,,0.3,52.3,,,61.4,0,0,3,0,0,0,0,0,0
Jirrea Johnson Jr.,172809,LB,SE LA,12,1,0,294,59.9,,,,,,64.1,,,77.0,1,0,0,5,29,51,30,4,3
Richard McKneely,172815,CB,SE LA,12,1,0,294,59.8,,,,,,72.6,,,80.6,0,0,0,8,56,48,0,47,5
Mike Mitchell,172816,S,SE LA,7,0,0,294,,,,,,,71.4,,,77.3,0,0,0,0,27,0,14,29,2
Brant Monistere,172817,TE,SE LA,6,0,0,294,,,,,,,65.2,,,73.3,0,1,0,0,2,2,0,30,0
Jordan Okoye,172819,LB,SE LA,7,0,0,294,60.0,,,,,,64.8,,,70.6,0,0,0,1,40,0,0,0,0
Javen Sanchez,172821,DI,LAMAR,9,0,0,204,58.4,,,,,,59.2,,,72.8,0,0,0,11,0,3,2,5,0
Riley Whitten,172825,T,SE LA,12,0,0,294,,,76.7,,,,65.9,,,73.5,0,0,53,0,0,0,0,0,0
Franklin Allen,172828,S,ALABAMA ST,1,0,0,105,,,,,,,60.0,,,67.5,0,0,0,0,0,0,0,1,0
Tacaris Bozeman,172830,HB,ALABAMA ST,2,0,0,105,,,,,,,59.8,,,65.2,0,0,0,0,0,7,0,0,0
Baylor Cannon,172832,K,ALABAMA ST,2,0,0,105,,70.7,,,,,60.0,,,64.1,0,0,8,0,0,0,0,0,0
Joshua Daniel,172833,G,ALABAMA ST,9,0,0,105,,,74.4,,,,65.1,,,72.3,0,0,39,0,0,0,0,0,0
Adrian Fitts,172835,CB,ALABAMA ST,2,0,0,105,,,,,,,60.3,,,64.3,0,0,0,0,1,0,0,1,0
Asa Gregg,172837,WR,ALABAMA ST,6,0,0,105,,,,,,,66.8,,,70.0,0,0,0,0,0,0,0,27,0
Ajai Harrell,172838,WR,ALABAMA ST,8,0,1,105,,,60.0,61.7,,,57.4,36.6,,28.3,0,1,7,0,0,24,0,11,0
Eric Horn,172840,WR,ALABAMA ST,3,0,0,105,,,,59.4,,,60.7,,,66.6,0,0,0,0,0,7,0,0,0
Thomas Lauria,172842,LS,ALABAMA ST,11,0,0,105,,,86.4,,,38.6,57.3,,,64.3,0,0,52,0,0,0,8,0,0
Zy'Terrio Lee,172843,T,ALABAMA ST,8,0,0,105,,,71.9,,,,64.1,,,64.1,0,0,40,0,0,0,0,0,0
Greg Mangle,172844,CB,ALABAMA ST,10,0,0,105,,,,,,,79.9,,,82.3,3,0,0,0,22,35,38,44,7
Cordell Montgomery,172845,CB,ALABAMA ST,2,0,0,105,,,,,,,62.2,,,66.4,0,0,0,0,1,3,0,6,0
Kohl Summerville,172850,CB,ALABAMA ST,1,0,0,105,,,,,,,60.0,,,63.0,0,0,0,0,0,1,0,0,0
Ethan Tookes,172852,CB,ALABAMA ST,9,0,0,105,,,,,,,60.1,,,28.8,0,1,0,0,29,10,0,20,2
Shamone Young,172853,ED,ALABAMA ST,4,0,0,105,,,,,,,72.5,,,64.6,0,0,0,0,0,0,11,2,1
Zavion Battle,172854,CB,FL A&M,11,0,0,164,59.9,,,,,,57.8,,,76.8,1,0,0,1,5,25,18,25,0
Justin Bostic,172855,S,FL A&M,11,1,1,164,59.9,,,,,,60.0,,,29.4,1,1,0,6,24,9,0,37,3
Tyrese Gibson-Battles,172859,ED,FL A&M,12,1,0,164,59.4,,,,,,63.4,,,71.4,0,0,0,8,10,1,45,2,0
Robert Lockhart,172864,HB,FL A&M,7,0,0,164,,,,77.6,,,59.5,60.3,,64.5,0,0,0,0,0,37,0,1,0
KJ McCou,172865,G,FL A&M,4,0,0,164,,,68.9,,,,63.6,,,70.1,0,0,18,0,0,0,0,0,0
Judahfy Michel,172866,S,FL A&M,2,0,0,164,59.9,,,,,,60.0,,,62.9,0,0,0,5,0,0,0,0,0
Gabriel Nance,172867,TE,FL A&M,2,0,0,164,,,61.2,60.0,,,62.0,,,62.3,0,0,11,0,0,1,0,0,0
Michael Smith,172871,K,FL A&M,3,0,0,164,,60.0,,,74.0,,60.6,,,70.8,0,0,1,0,12,0,0,0,0
Levontai Summersett,172872,HB,FL A&M,10,0,0,164,,,,59.2,,,61.3,,,71.6,0,0,0,0,10,47,0,0,0
Duke Miller,172874,WR,ALAB A&M,3,0,0,104,,,,59.9,,,59.8,52.9,,63.8,0,0,0,0,0,4,0,6,0
B.J. Washington,172875,S,JACKSON ST,9,0,0,194,59.8,,,,,,63.0,,,68.0,0,0,0,10,16,1,0,5,0
Braxton Barney,172876,ED,JACKSON ST,1,0,0,194,,,,,,,60.0,,,63.5,0,0,0,0,0,0,0,1,0
Stanley Cooks II,172883,DI,JACKSON ST,12,0,0,194,59.6,,,,,,60.2,,,68.2,0,0,0,1,0,0,36,1,0
Quaveon Davis,172885,T,JACKSON ST,14,0,0,194,,,78.8,,,,66.9,,,77.4,0,0,91,0,0,0,0,0,0
Douglas Fowler,172887,G,JACKSON ST,1,0,0,194,,,60.0,,,,60.0,,,63.4,0,0,1,0,0,0,0,0,0
Logan Mack,172893,WR,JACKSON ST,4,0,0,194,,,,,,,67.4,,,69.1,0,0,0,0,0,18,0,7,0
Bruce Mitchell,172896,CB,MS VLY ST,12,0,0,228,59.4,,,,,,60.2,,,51.3,0,1,0,55,13,12,7,21,1
Bryce Owens,172898,LB,JACKSON ST,1,0,0,194,,,,,,,60.0,,,63.6,0,0,0,0,1,0,0,0,0
Sebastien Saint-Louis,172900,TE,JACKSON ST,14,0,0,194,,,78.9,,,,65.9,,,65.3,0,0,91,0,0,0,0,0,0
Avery Salerno,172901,P,JACKSON ST,14,0,0,194,,,48.6,,,86.1,68.7,,,66.5,0,0,70,0,0,0,41,0,0
Nireek Sharpe,172903,CB,JACKSON ST,2,1,0,194,59.9,,,,,,67.8,,,72.0,0,0,0,2,4,0,0,8,0
Isaiah Spencer,172908,WR,JACKSON ST,5,0,0,194,,,,,,,60.3,60.3,,68.6,0,0,0,0,10,7,0,4,0
D'Andre Townes-Blue,172909,G,JACKSON ST,14,0,0,194,,,80.2,,,,67.2,,,75.3,0,0,83,0,0,0,0,0,0
Jace Ward,172912,ED,JACKSON ST,11,1,0,194,,,,,,,76.7,57.7,,81.7,0,1,0,0,61,29,32,47,6
Dequarious White,172913,C,JACKSON ST,1,0,0,194,,,,,,,60.0,,,61.0,0,0,0,0,0,0,0,0,0
Jameer Dudley,172918,S,ABILENE CH,13,0,0,100,59.8,,,,,,70.7,,,75.3,0,0,0,10,83,12,5,16,2
Luke Gambs,172919,ED,ABILENE CH,2,0,0,100,59.1,,,,,,59.2,,,63.2,0,0,0,3,0,0,0,0,0
Chris Herpin,172921,DI,ABILENE CH,1,0,0,100,59.1,,,,,,59.3,,,63.9,0,0,0,2,0,0,0,0,0
Jerry Lawson,172925,DI,ABILENE CH,13,0,0,100,58.3,,,,,,59.7,,,75.1,0,0,0,62,0,0,0,6,0
Colter Lynch,172926,G,ABILENE CH,14,0,0,100,,,69.7,,,,57.5,,,67.2,0,0,31,0,0,0,57,0,0
Kyler Meschi,172928,K,ABILENE CH,13,0,0,100,,,,,72.2,,64.1,,,79.2,0,0,0,0,83,0,0,0,2
Luke Moffitt,172929,WR,ABILENE CH,14,0,0,100,,,,,,,71.6,,,77.4,0,0,0,0,0,2,1,64,0
Bryce Morton,172930,LB,ABILENE CH,3,0,0,100,60.0,,,,,,60.6,,,66.7,0,0,0,1,0,2,0,1,0
DeAngelo Ponder,172933,CB,ABILENE CH,10,1,0,100,59.5,,,,,,60.6,,,75.6,1,0,0,9,5,0,0,30,0
Patrick Batiste,172940,S,INCAR WORD,8,0,0,189,59.9,,,,,,67.8,,,76.7,0,0,0,2,23,8,0,34,0
D'Arius Carmouche,172941,CB,INCAR WORD,14,0,0,189,59.5,,,,,,58.9,,,85.5,1,0,0,13,40,10,50,49,2
Barry Dillon,172943,CB,INCAR WORD,3,0,0,189,59.7,,,,,,60.3,,,66.0,0,0,0,5,0,0,0,0,0
Dane Farley,172945,TE,INCAR WORD,8,0,0,189,,,72.8,,,,64.1,,,61.4,0,0,44,0,0,0,0,0,0
Bryce Felt,172946,LS,INCAR WORD,14,0,0,189,,,30.3,,,90.3,63.3,,,67.2,0,0,76,0,0,0,57,0,0
Tylan Foster,172948,LB,INCAR WORD,9,0,0,189,59.9,,,,,,60.8,,,65.7,0,0,0,26,2,0,0,1,0
Jameson Garcia,172949,WR,INCAR WORD,13,2,0,189,,,,,,,66.9,,,75.6,1,0,0,0,19,0,42,0,0
Logan Granville,172950,DI,INCAR WORD,2,0,0,189,59.3,,,,,,59.5,,,63.1,0,0,0,2,0,0,0,0,0
Branon Jackson,172953,T,INCAR WORD,4,0,0,189,,,66.2,,,,62.9,,,63.7,0,0,20,0,0,0,0,0,0
Rasheed Jackson,172954,T,INCAR WORD,12,0,0,189,,,76.1,,,,64.5,,,75.4,0,0,65,0,0,0,3,0,0
Lawson Petty,172956,G,INCAR WORD,10,0,0,189,,,73.8,,,,64.5,,,65.9,0,0,52,0,0,0,0,0,0
Kendrick Stone,172959,S,INCAR WORD,14,1,0,189,59.7,,,,,,68.7,,,75.1,0,0,0,32,58,23,3,4,2
James Tuayemie,172960,CB,INCAR WORD,6,0,0,189,59.9,,,,,,62.5,,,74.2,0,0,0,20,0,0,0,4,0
Lontrell Turner,172961,HB,INCAR WORD,7,0,0,189,,,,,,,54.7,,,27.7,0,1,0,0,33,1,2,5,1
KJ Gilbert,172963,CB,LAMAR,6,0,0,204,60.1,,,,,,62.2,,,74.7,0,0,0,7,0,0,0,0,0
Elias Ripley,172966,C,LAMAR,1,0,0,204,,,,,,,60.0,,,23.1,0,1,0,0,0,0,0,0,0
J.T. Tillis,172967,ED,MS VLY ST,9,0,0,228,58.8,,60.0,,,,57.7,,,68.4,0,0,2,14,0,0,14,2,0
Chance Arbon,172969,WR,SO UTAH,3,0,0,298,,,,,,,62.7,,,73.2,0,0,0,0,0,12,0,4,0
Jaden Ashby,172970,WR,SO UTAH,2,0,0,298,,,,,,,60.7,,,66.2,0,0,0,0,0,0,1,3,0
Cade Bowring,172972,HB,SO UTAH,9,1,0,298,,,,,,,71.3,,,79.7,2,0,0,0,50,47,38,9,6
Chandler Christensen,172973,WR,STTHOM,1,0,1,1129,,,,,,,32.6,53.1,,25.6,0,1,0,0,0,2,5,2,0
Raymon Crump,172974,CB,SO UTAH,12,0,0,298,59.8,,,,,,63.2,,,72.3,1,0,0,2,50,15,0,9,1
Steven Eakins,172977,T,SO UTAH,11,0,0,298,,,75.9,,,,65.5,,,71.3,0,0,53,0,0,0,0,0,0
Henry Harper,172979,ED,SO UTAH,3,0,0,298,59.8,,,,,,62.5,,,66.3,0,0,0,1,0,0,0,5,0
Walker Harris,172980,ED,SO UTAH,11,0,0,298,59.9,,60.0,,,,62.6,,,69.1,0,0,7,19,1,0,9,11,0
Anson Kraut,172984,WR,SO UTAH,7,0,0,298,,,,,,,61.8,,,74.5,0,0,0,0,1,0,8,17,0
Chase Merrell,172985,TE,SO UTAH,12,0,0,298,,,69.7,59.9,,,56.5,,,68.7,0,0,28,0,1,61,0,0,0
Conner Meyer,172986,LB,SO UTAH,11,0,0,298,,,,,,,64.1,,,73.3,0,0,0,0,20,0,30,10,0
Zach Mitchell,172988,WR,SO UTAH,1,0,0,298,,,,,,,60.0,,,63.3,0,0,0,0,0,0,0,1,0
Aiden Aguayo,172994,CB,UTAHTC,1,0,0,1285,,,,,,,61.2,,,74.6,0,0,0,0,7,2,5,1,0
Kona Crowell,173001,HB,UTAHTC,12,1,0,1285,,,,,,,64.7,,,79.9,0,0,0,0,36,71,58,16,1
PJ Enosa,173002,G,UTAHTC,10,0,0,1285,,,74.4,,,,64.6,,,63.8,0,0,35,0,0,0,0,0,0
Demetrius Fatongiatau,173003,DI,UTAHTC,6,0,0,1285,58.2,,,,,,58.0,,,66.3,0,0,0,22,0,0,0,0,0
Brevin Hamblin,173004,S,UTAHTC,12,0,0,1285,59.0,,,,,,65.5,,,79.2,0,0,0,73,24,29,46,43,1
Scooter Jackson,173006,CB,UTAHTC,11,0,0,1285,73.7,,,,,,69.8,,,56.4,1,1,0,74,9,1,8,47,0
Quincy Lejay,173008,S,UTAHTC,11,2,0,1285,59.8,,,,,,72.0,,,83.3,0,0,0,41,39,66,15,39,2
Misiolo Maluia,173011,G,W GEORGIA,3,0,0,1177,,,68.8,,,,52.4,,,26.5,0,1,16,0,0,0,0,0,0
Nygel Osborne,173015,HB,UTAHTC,4,0,0,1285,,,,59.4,,,49.9,,,66.5,1,0,0,0,2,7,1,3,0
Bryce Parker,173016,WR,UTAHTC,12,1,0,1285,,,,56.5,,,79.7,57.7,,50.9,0,1,0,0,1,40,80,14,6
Jarron Polu,173017,LB,UTAHTC,4,0,0,1285,59.7,,,,,,60.2,,,63.8,0,0,0,10,0,0,0,1,0
Chase Richards,173020,G,UTAHTC,2,0,0,1285,,,64.1,,,,62.6,,,70.3,0,0,11,0,0,0,0,0,0
Devin Teahon,173024,T,UTAHTC,12,0,0,1285,,,73.2,,,,65.3,,,74.7,0,0,42,0,0,0,0,0,0
Kale Wakley,173026,WR,UTAHTC,1,0,0,1285,,,,,,,59.3,,,69.9,0,0,0,0,0,0,9,0,0
Cooper Wall,173027,ED,UTAHTC,1,0,0,1285,,,,,,,60.0,,,63.4,0,0,0,0,1,0,0,0,0
Michael Patterson III,173050,CB,STF AUSTIN,12,1,0,301,59.4,,,,,,69.2,,,41.5,0,1,0,22,46,0,19,51,4
Akili Hubbard,173076,S,E ILLINOIS,6,0,0,158,59.9,,,,,,47.1,,,68.1,2,0,0,10,9,2,0,10,0
Tony Terry,173085,TE,SE MO ST,5,0,0,293,,,,57.5,,,61.3,,,67.3,0,0,0,0,7,18,0,0,0
Trey Engram,173101,HB,TOWSON,1,0,0,317,,,,59.9,,,60.0,,,65.3,0,0,0,0,0,4,0,0,0
Rohan Fluellen,173135,WR,STF AUSTIN,2,0,0,301,,,,,,,60.0,57.7,,64.0,0,0,0,0,0,1,0,1,0
Rodney Green Jr.,173202,ED,N IOWA,2,0,0,255,59.2,,,,,,59.8,,,64.2,0,0,0,3,0,0,0,1,0
Tim Madison,173207,WR,TXAMEA,10,0,0,1139,,,,,,,63.4,,,47.4,0,1,0,0,6,23,22,42,1
Joshua Smith,173215,TE,MORGAN ST,3,0,0,235,,,63.1,,,,61.6,,,64.9,0,0,11,0,0,6,0,0,0
Corey Swiney,173219,S,PRVIEW A&M,7,1,0,270,,,,,,,63.3,,,29.9,0,1,0,0,26,27,0,2,0
Gensley Auguste,173256,DI,DELWARE ST,11,0,0,152,59.1,,71.9,,,,63.3,,,63.0,0,0,39,3,0,0,0,1,0
Christian Bell,173259,S,MERCYHURST,3,2,0,977,,,,,,,73.9,,,66.5,0,0,0,0,13,0,0,1,1
Zyheem Coleman-Frazier,173262,WR,MORGAN ST,2,0,0,235,,,,59.1,,,60.0,,,62.2,0,0,0,0,0,5,0,0,0
Richard Dandridge,173264,WR,YNGTOWN ST,4,0,0,353,,,,58.9,,,58.8,,,65.3,0,0,0,0,0,17,2,0,0
Kyle Williams,173288,HB,MORGAN ST,3,0,0,235,,,,59.9,,,60.2,,,66.1,0,0,0,0,0,7,0,0,0
Shamar Williams,173289,CB,WAGNER,2,0,0,338,,,,,,,68.8,,,68.9,0,0,0,0,5,0,0,6,1
James Eaglin,173295,DI,GRAMBLING,12,0,0,177,,,74.7,,,,64.9,,,74.2,0,0,51,0,0,0,15,1,0
Shamoun Duncan-Niusulu,173367,S,STNY BROOK,12,0,0,303,59.8,,,,,,67.1,,,80.6,0,0,0,29,69,0,40,3,4
Marquette Harris,173369,CB,VALPO,3,0,0,332,59.9,,,,,,74.7,,,70.6,0,0,0,5,1,0,7,3,2
Cade Osterman,173415,WR,N DAK ST,1,0,0,250,,,,,,,60.2,,,65.1,0,0,0,0,2,0,0,0,0
R.J. Evans,173431,LB,W GEORGIA,10,0,0,1177,60.0,,,57.5,,,68.3,,,77.0,0,1,0,4,3,46,3,6,1
Silas Evans III,173469,WR,N DAK ST,1,0,0,250,,,,,,,60.0,,,63.4,0,0,0,0,1,0,0,0,0
Jakob Belton,173495,T,PORTLAND,3,0,0,269,,,62.7,,,,62.2,,,64.6,0,0,12,0,0,0,0,0,0
Jaceon Doss,173503,WR,TOWSON,9,0,0,317,,,,56.4,,,60.5,,,65.4,0,0,0,0,0,24,0,0,0
Landon Ogles,173521,P,E WASHGTON,11,0,0,161,,,,,,,62.5,,68.8,72.8,0,0,0,0,0,0,36,0,0
Marc Viechec,173559,LB,DELAWARE,6,0,0,151,59.7,,,,,,64.9,,,69.3,0,0,0,6,2,0,0,14,0
Chinazo Obobi,173561,T,AUSTINPEAY,9,0,0,116,,,73.8,,,,65.2,,,75.0,0,0,46,0,0,0,0,0,0
Tyquan Henderson,173570,WR,JACKSON ST,6,0,0,194,,,,59.9,,,60.3,,,69.8,0,0,0,0,0,28,0,0,0
Hayden Bender,173574,CB,DAVIDSON,10,0,0,149,60.0,,,,,,68.1,,,78.5,0,0,0,1,56,43,32,20,3
Hunter Brooks,173577,LB,DAVIDSON,9,0,0,149,59.9,,,,,,67.0,,,76.1,0,0,0,1,20,9,0,21,0
Miles Brophy,173578,S,DAVIDSON,3,0,0,149,60.0,,,74.3,,,62.1,60.0,,67.9,0,0,0,7,13,11,5,2,0
Quinton Cancel,173579,CB,DAVIDSON,6,0,0,149,59.9,,,,,,69.8,,,71.6,0,0,0,1,4,0,3,12,1
Aaron Carey,173580,HB,DAVIDSON,4,0,0,149,,,,,,,60.8,,,68.7,0,0,0,0,0,26,3,3,0
Justin Caudle,173581,CB,DAVIDSON,9,0,0,149,60.0,,,,,,59.7,,,36.6,1,1,0,1,58,3,0,21,2
Jamal Chandler-Fuller,173582,S,DAVIDSON,11,1,0,149,,,,,,,55.3,,,72.8,1,1,0,0,67,0,3,17,1
Blake Craig,173583,K,DAVIDSON,1,0,0,149,,,,,60.0,,60.0,,,64.2,0,0,0,0,1,0,0,0,0
Andrew Frazier,173585,TE,DAVIDSON,3,0,0,149,60.0,,,,,,61.7,,,66.8,0,0,0,10,7,1,0,2,0
Landon Glezen,173586,S,DAVIDSON,8,0,0,149,60.2,,,,,,64.2,,,78.4,0,0,0,9,43,28,19,17,0
Christian Hayes,173588,DI,DAVIDSON,1,0,0,149,59.6,,,,,,59.8,,,62.4,0,0,0,1,0,0,0,0,0
Tahir Henry,173589,WR,DAVIDSON,5,0,0,149,,,,63.0,,,60.1,,,71.4,0,0,0,0,2,5,12,3,0
Dixon Hudson,173590,ED,DAVIDSON,11,0,0,149,59.9,,74.7,,,,65.3,,,68.6,0,0,55,26,0,0,0,15,0
Robert Lamar,173591,LB,DAVIDSON,10,1,1,149,,,,,,,53.0,,,27.3,0,3,0,0,54,2,12,5,2
Micheal Leonard,173592,ED,DAVIDSON,11,0,0,149,60.0,,89.8,,,74.1,72.2,,,76.9,0,0,71,8,48,55,34,1,1
Carius McClain,173594,ED,DAVIDSON,1,0,0,149,60.0,,,,,,60.0,,,62.9,0,0,0,1,0,0,0,0,0
Ashton Miller,173595,DI,DAVIDSON,11,0,0,149,85.9,,70.5,,,,74.8,,,29.8,0,1,29,20,4,2,25,4,0
Kristian Ozane,173597,LB,DAVIDSON,11,0,0,149,59.8,,,,,,63.7,,,69.8,0,0,0,29,4,3,2,22,0
Dante Sellari,173599,TE,DAVIDSON,10,0,0,149,,,,54.5,,,60.9,63.9,,76.8,1,0,0,0,15,54,34,27,1
Liam Turner,173602,C,DAVIDSON,8,0,0,149,,,27.3,,,75.6,49.2,,,72.5,0,0,44,0,0,0,1,0,0
Adam Zouagui,173604,K,DAVIDSON,11,0,0,149,,53.5,,,80.6,,64.5,,58.9,78.7,0,0,60,0,68,0,37,0,1
Anthony Caccese,173606,G,DELAWARE,2,0,0,151,,,60.0,,,,61.4,,,66.3,0,0,4,0,0,0,0,0,0
Kshawn Cox Jr.,173607,CB,DELAWARE,10,1,0,151,60.0,,,,,,53.8,,,52.9,2,1,0,23,58,0,15,36,0
Anthony Crenshaw Jr.,173608,S,DELAWARE,11,1,0,151,59.6,,,61.8,,,67.4,,,82.2,0,0,0,5,67,47,29,36,1
Nyair Domnie,173609,CB,DELAWARE,11,0,0,151,59.8,,,,,,55.0,,,41.7,0,2,0,3,10,22,1,32,1
Ja'Carree Kelly,173611,WR,DELAWARE,11,0,0,151,,,,57.4,,,34.7,,,27.6,2,2,0,0,13,33,11,12,0
Daniel Lipovski,173612,QB,DELAWARE,1,0,0,151,,,,,,,62.3,,,64.9,0,0,0,0,8,0,0,0,0
Phil Lutz,173613,WR,DELAWARE,1,0,0,151,,,,,,,60.0,,,63.0,0,0,0,0,0,1,0,0,0
Hass Manning Jr.,173614,S,DELAWARE,11,0,0,151,60.0,,,,,,68.0,,,75.2,1,0,0,2,46,0,0,17,2
Gavin Moul,173618,LB,DELAWARE,11,1,0,151,59.3,,,,,,60.7,,,73.7,2,0,0,37,68,0,29,18,1
Nate Reed,173620,K,DELAWARE,11,0,0,151,,59.8,,,82.1,,63.8,,,76.5,1,0,49,0,71,0,0,0,0
KT Seay,173621,S,DELAWARE,11,0,0,151,59.2,,,,,,60.7,,,69.5,0,0,0,35,9,0,0,1,0
Saeed St. Fleur,173622,HB,DELAWARE,11,0,0,151,,,,59.6,,,51.5,,,28.3,0,1,0,0,3,47,0,0,1
Damarcus Thompson,173624,DI,TEXAS STHN,11,0,0,313,59.4,,,,,,60.4,,,68.4,0,0,0,39,0,0,0,8,0
Noah Vitko,173625,LS,DELAWARE,10,0,0,151,,,,,,35.9,48.0,,,66.0,1,0,0,0,0,0,29,0,1
Kion Wright,173626,ED,DELAWARE,3,0,0,151,59.4,,,,,,59.4,,,64.2,0,0,0,2,0,0,0,1,0
James Yelbert Jr.,173627,ED,DELAWARE,11,0,0,151,74.1,,25.5,,,,70.1,,,69.2,0,0,50,36,3,0,0,11,0
BJ Carey,173660,S,WEBER ST,12,1,0,342,59.6,,,,,,61.4,,,72.6,1,0,0,28,51,0,46,6,3
Jagger Childs,173662,DI,WEBER ST,2,0,0,342,,,,,,,60.4,,,62.1,0,0,0,0,0,0,5,0,0
Ishaan Daniels,173663,CB,WEBER ST,8,0,0,342,60.0,,,,,,61.9,,,69.6,0,0,0,25,1,0,0,2,0
Major Givens,173664,HB,WEBER ST,2,0,0,342,,,,,,,62.2,,,65.3,0,0,0,0,8,0,0,0,0
Mayson Hitchins,173665,LB,WEBER ST,12,1,0,342,60.0,,,,,,64.0,,,71.5,0,0,0,37,13,3,47,8,1
Logan Mackey,173666,CB,WEBER ST,11,0,0,342,,,,,,,66.2,,,79.0,1,0,0,0,29,0,0,48,1
Ammon Munyer,173669,TE,WEBER ST,6,0,0,342,,,,,,,67.2,,,66.7,0,0,0,0,16,0,3,0,1
Brayden Perry,173670,LB,WEBER ST,1,0,0,342,,,,,,,60.0,,,63.6,0,0,0,0,1,0,0,0,0
AJ Jayroe,173675,WR,WEBER ST,1,0,0,342,,,,,,,60.2,,,62.9,0,0,0,0,2,0,0,0,0
Jaden Barnes,173738,WR,AUSTINPEAY,2,0,0,116,,,,,,,60.0,,,63.9,0,0,0,0,0,1,0,0,0
Malaki Dowell,173745,HB,AUSTINPEAY,1,0,0,116,,,,,,,69.6,,,66.6,0,0,0,0,4,0,0,0,1
Javen Edmiston,173747,LB,AUSTINPEAY,4,0,0,116,,,,,,,68.5,,,67.5,0,0,0,0,18,9,0,0,2
Caleb Graham,173752,G,AUSTINPEAY,1,0,0,116,,,60.0,,,,61.1,,,67.8,0,0,4,0,0,0,0,0,0
Garrett Hawkins,173754,LB,AUSTINPEAY,12,1,0,116,60.1,,,,,,60.7,,,71.4,0,1,0,38,8,0,30,9,0
Jaden McKinney,173762,DI,AUSTINPEAY,8,0,0,116,58.9,,,,,,60.4,,,70.9,0,0,0,21,0,0,0,6,0
Courtland Simmons,173768,HB,AUSTINPEAY,8,0,0,116,,,,,,,64.9,,,75.8,0,0,0,0,10,39,10,0,1
Austin Skoglund,173770,LB,AUSTINPEAY,11,0,0,116,59.9,,,,,,57.8,,,72.0,1,0,0,2,19,10,21,14,0
Kaden Williams,173775,HB,AUSTINPEAY,12,0,0,116,,,,70.1,,,58.3,,,71.7,0,0,0,0,4,64,0,3,0
Ty Williams,173776,T,AUSTINPEAY,4,0,0,116,,,62.3,,,,62.2,,,65.8,0,0,9,0,0,0,0,0,0
Andre Craig,173779,WR,ALAB A&M,2,0,0,104,,,,,,,61.2,,,67.0,0,0,0,0,4,0,1,0,0
Sharieff Andrews,173811,DI,MORGAN ST,11,1,0,235,58.6,,,,,,65.5,,,67.7,0,0,0,11,0,0,52,3,0
Josiah Blake,173815,S,MORGAN ST,7,1,0,235,,,,,,,79.7,,,72.3,0,0,0,0,18,1,0,22,5
Kristopher Boyd,173816,T,MORGAN ST,9,0,0,235,,,74.4,,,,64.6,,,63.7,0,0,35,0,0,0,0,0,0
Lance Byndon,173817,ED,MORGAN ST,8,0,0,235,59.4,,,,,,61.1,,,67.7,0,0,0,13,0,3,0,5,0
Jason Collins Jr.,173819,HB,MORGAN ST,6,0,0,235,,,,67.5,,,59.0,,,65.4,0,0,0,0,0,28,3,0,0
Griffin Dorman,173822,LS,MORGAN ST,12,0,0,235,,,80.1,,,86.6,75.5,,,67.1,0,0,49,0,0,0,53,0,0
Justin Dutton,173823,DI,MORGAN ST,3,0,0,235,59.8,,,,,,61.0,,,65.2,0,0,0,2,0,0,0,2,0
Kahari Finley,173824,T,MORGAN ST,4,0,0,235,,,65.8,,,,62.9,,,70.6,0,0,14,0,0,0,0,0,0
Adrian Littleton,173827,DI,MORGAN ST,3,0,0,235,59.8,,,,,,60.9,,,65.6,0,0,0,1,0,0,0,2,0
Alphonse Mansare,173828,T,MORGAN ST,4,0,0,235,,,21.8,,,,33.3,,,67.5,0,0,18,0,0,0,0,0,0
Shane Marks,173829,C,MORGAN ST,6,0,0,235,,,69.3,,,,63.6,,,66.9,0,0,25,0,0,0,0,0,0
Shane Messenger,173831,P,MORGAN ST,12,0,0,235,,,66.3,,,,56.6,,53.5,29.7,0,2,49,0,0,0,53,0,0
Myles Miree,173833,HB,MORGAN ST,1,0,0,235,,,,,,,59.9,,,62.7,0,0,0,0,0,5,0,0,0
Evan Rawlick,173835,T,MORGAN ST,1,0,0,235,,,60.0,,,,60.0,,,63.7,0,0,1,0,0,0,0,0,0
Mohamad Salamah,173836,G,MORGAN ST,7,0,0,235,,,72.0,,,,64.4,,,71.2,0,0,28,0,0,0,0,0,0
Dylan Evans,173860,WR,N COLORADO,3,0,0,253,,,,,,,61.0,,,69.2,0,0,0,0,0,17,0,0,0
Iverson Young,173889,HB,MO STATE,2,0,0,230,,,,59.4,,,56.7,,,63.8,0,0,0,0,0,2,0,1,0
Will Beargie,173890,T,PRINCETON,10,0,0,272,,,70.9,,,,68.3,,,66.5,0,0,36,0,0,0,42,0,1
Aidan Besselman,173891,WR,PRINCETON,9,0,0,272,,,,,,,64.7,,,75.4,0,0,0,0,29,53,0,17,0
Chase Christopher,173893,LB,PRINCETON,9,0,0,272,59.6,,,,,,62.0,,,70.8,0,0,0,32,3,0,2,7,0
Ethan Clark,173894,HB,PRINCETON,4,0,0,272,,,,59.4,,,56.1,,,67.8,1,0,0,0,3,16,11,4,1
Brady Clark,173895,P,PRINCETON,10,0,0,272,,,65.1,,,,53.2,,59.7,71.7,1,0,36,0,0,0,42,0,0
Jack Comeau,173896,TE,PRINCETON,2,0,0,272,,,,,,,60.1,,,66.2,0,0,0,0,0,9,0,0,0
Barrett Eddlemon,173897,G,PRINCETON,8,0,0,272,,,70.4,,,,64.6,,,73.4,0,0,30,0,0,0,0,0,0
Phil Eichelzer,173898,C,PRINCETON,4,0,0,272,,,,,,,60.7,,,64.7,0,0,0,0,0,0,16,0,0
Jackson Green,173899,WR,PRINCETON,3,1,0,272,,,,,,,68.1,,,67.4,0,0,0,0,3,3,0,2,0
Evan Haynie,173900,CB,PRINCETON,8,0,0,272,59.8,,,,,,57.7,,,78.3,1,0,0,2,8,0,0,24,1
Roman Laurio,173901,WR,PRINCETON,8,0,0,272,,,,,,,64.6,,,79.7,0,0,0,0,9,44,0,18,0
Rocco Marcelino,173902,DI,PRINCETON,8,0,0,272,57.9,,,,,,58.7,,,71.0,0,0,0,29,0,0,0,5,0
Jay Mentink,173904,S,PRINCETON,10,0,0,272,60.1,,,,,,65.2,,,77.1,0,0,0,2,22,55,28,0,0
Kavon Miller,173905,S,PRINCETON,10,2,0,272,59.6,,,,,,84.7,,,79.3,1,0,0,37,7,0,42,29,5
Tyler Morris,173906,LB,PRINCETON,4,0,0,272,,,,,,,68.4,,,74.2,0,0,0,0,3,4,2,5,1
Oyintare Porbeni,173908,C,PRINCETON,1,0,0,272,58.7,,,,,,58.6,,,64.1,0,0,0,7,0,0,0,0,0
Torian Roberts,173910,CB,PRINCETON,7,0,0,272,,,,,,,70.9,,,73.9,1,0,0,0,22,21,0,14,2
Kyler Ronquillo,173912,S,PRINCETON,10,2,0,272,59.3,,,,,,74.6,,,75.6,0,0,0,36,26,0,1,15,3
Mavrick Torrico,173915,LB,PRINCETON,8,1,0,272,60.0,,,,,,63.1,,,71.0,0,0,0,1,13,20,29,0,2
Joey Wassler,173918,TE,PRINCETON,10,0,0,272,,,,,,,59.4,,,71.6,0,0,0,0,0,59,1,0,0
Caden Wright,173919,DI,PRINCETON,5,0,0,272,58.4,,,,,,59.3,,,75.1,0,0,0,16,0,0,0,2,0
Dylan Tooker,173920,S,STF AUSTIN,10,0,0,301,60.0,,,,,,65.0,,,74.9,2,0,0,7,50,34,37,4,3
Javon Robinson,173924,WR,GRAMBLING,11,0,0,177,,,,73.6,,,53.9,80.7,,66.6,0,0,0,0,4,37,0,16,0
Tylon Williams,173925,WR,GRAMBLING,8,0,0,177,,,,78.6,,,67.2,,,66.8,0,0,0,0,4,23,0,4,1
Micheal Garner,173927,ED,GRAMBLING,7,0,0,177,58.8,,,,,,44.8,,,27.3,0,1,0,15,0,0,0,5,0
Keyshawn Johnson,173929,ED,TENN MARTN,6,0,0,310,60.0,,,,,,62.0,,,67.0,0,0,0,6,2,0,0,4,0
David Jones,173930,CB,GRAMBLING,12,0,1,177,59.4,,,61.8,,,54.1,,,29.5,0,1,0,42,6,2,7,18,0
Daniel Lane,173936,CB,HAMPTON,4,0,0,178,,,,,,,60.9,,,70.0,0,0,0,0,0,23,0,1,0
Enan Baskerville,173939,WR,HAMPTON,5,0,0,178,,,,,,,61.7,,,28.1,0,1,0,0,6,6,9,0,1
Darren Burton II,173943,CB,HAMPTON,7,0,0,178,90.6,,,,,,84.1,,,36.1,0,1,0,12,31,0,25,9,3
Saint Farrior,173945,DI,HAMPTON,7,0,0,178,58.6,,,,,,60.4,,,67.6,0,0,0,13,0,0,0,7,0
Aaron Garnett,173946,G,HAMPTON,11,0,0,178,,,76.4,,,,65.8,,,73.3,0,0,51,0,0,0,0,0,0
Christian Greenlaw,173947,TE,HAMPTON,11,0,0,178,,,73.9,,,,64.4,,,77.2,0,0,49,0,2,17,24,9,0
Julian Hall,173948,S,HAMPTON,1,0,0,178,,,,,,,60.3,,,65.6,0,0,0,0,1,1,0,0,0
Omar Ibrahim,173951,CB,HAMPTON,12,0,0,178,59.3,,,,,,61.1,,,77.2,1,0,0,32,0,1,28,24,0
Chris Jackson II,173952,ED,HAMPTON,7,0,0,178,59.3,,,,,,60.6,,,70.4,0,0,0,5,0,0,14,13,0
Nhycer Kelly,173954,ED,HAMPTON,5,0,0,178,59.3,,,,,,60.7,,,66.3,0,0,0,6,0,0,0,5,0
Guan Price II,173956,G,HAMPTON,1,0,0,178,,,60.0,,,,61.4,,,66.3,0,0,4,0,0,0,0,0,0
Jahzari Priester,173957,DI,HAMPTON,12,0,0,178,58.5,,74.8,,,,63.7,,,66.4,0,0,57,10,0,0,0,6,0
Jordan Richburg,173961,WR,HAMPTON,12,1,0,178,,,,,,,66.7,,,75.1,0,0,0,0,15,57,0,18,2
Brett Starling,173962,K,HAMPTON,12,0,0,178,,,66.4,,,,63.4,,48.9,72.8,0,0,51,0,0,0,55,0,0
Jalen Williamson-Thomas,173965,C,HAMPTON,5,0,0,178,60.0,,68.7,,,,63.2,,,64.2,0,0,16,1,0,0,0,0,0
Freddie Pelling,174018,T,CAMPBELL,8,0,0,131,,,68.0,,,,63.2,,,64.7,0,0,26,0,0,0,0,0,0
Thomas Anderson,174062,CB,MO STATE,4,0,0,230,59.8,,,,,,70.7,,,75.0,1,2,0,3,20,0,17,13,2
Isaiah Hackett,174071,CB,YNGTOWN ST,10,0,0,353,59.7,,,,,,62.3,,,72.5,0,0,0,12,1,0,7,11,0
Laurence Sullivan Jr.,174141,CB,NICHOLLS,11,0,0,243,84.8,,,,,,84.7,,,75.5,0,0,0,40,2,1,0,20,0
Trelon Slade,174185,CB,MURRAY ST,12,0,0,236,59.6,,,,,,67.8,,,52.0,1,1,0,12,23,0,41,29,2
Jacob Edmonds,174200,G,WEBER ST,11,0,0,342,,,33.9,,,,52.6,,,64.6,0,0,63,0,0,0,0,0,0
Bryson Summers,174214,G,SACRAMENTO,12,0,0,279,,,75.2,,,,64.2,,,67.0,0,0,63,0,0,0,50,0,0
Russell Dietz,174223,LS,ALBANY,12,0,0,106,,,78.9,,,73.8,72.6,,,66.9,0,0,45,0,0,0,53,0,1
Nolan Latulippe,174226,T,ALBANY,12,0,0,106,,,73.6,,,,58.0,,,28.2,0,1,45,0,0,0,0,0,0
Chad Parker,174228,TE,ALBANY,12,0,0,106,,,,,,,58.4,,,72.1,0,0,0,0,0,63,42,0,0
Nick Totten,174230,S,ALBANY,10,1,0,106,59.8,,,59.9,,,66.3,,,74.0,0,0,0,4,28,50,0,25,0
Jack Berkowitz,174233,K,ELON,7,0,0,162,,64.0,,,,,60.8,,,65.8,0,0,27,0,0,0,0,0,0
Kenaz McMillian,174234,WR,ELON,2,0,0,162,,,,,,,59.4,,,68.2,0,0,0,0,0,1,6,0,0
Will Norman,174258,DI,W GEORGIA,1,0,0,1177,59.2,,,,,,59.7,,,66.7,0,0,0,2,0,6,0,0,0
Taron Biles-Walker,174272,WR,NORFOLK,6,0,0,244,,,,59.2,,,67.3,,,71.0,0,0,0,0,5,6,19,0,1
X'Zavion Evans,174273,HB,NORFOLK,8,0,0,244,,,,,,,61.9,,,71.8,0,0,0,0,1,31,0,12,0
Elyjah Mitchell,174277,WR,NORFOLK,3,0,0,244,,,,,,,60.6,,,65.0,0,0,0,0,0,2,0,1,0
Kamaree Wells,174281,S,NORFOLK,3,0,0,244,60.1,,,,,,42.2,,,25.5,0,1,0,5,0,0,1,0,0
Alijah Bivans,174330,LB,TOWSON,4,0,0,317,60.1,,,,,,50.7,,,67.2,1,0,0,4,7,0,0,2,0
Jurnee Dunbar,174333,DI,TOWSON,12,0,0,317,56.9,,,,,,56.2,,,70.0,0,0,0,56,0,0,0,3,0
Matthieu Longa,174334,ED,TOWSON,12,3,0,317,,,,,,,63.2,,,29.5,2,3,0,0,65,57,1,42,4
Ian Markham-Miller,174335,C,TOWSON,8,0,0,317,,,72.2,,,,64.5,,,72.1,0,0,35,0,0,0,0,0,0
Rion Roseborough,174337,DI,TOWSON,12,0,1,317,89.3,,,,,,90.8,,,29.0,0,1,0,56,0,0,30,1,1
Caden Williams,174338,K,TOWSON,8,0,0,317,,,,,64.5,,63.0,,,76.2,0,0,0,0,48,0,0,0,1
Bruce Crenshaw,174364,T,ALAB A&M,10,0,0,104,,,74.8,,,,64.8,,,66.1,0,0,55,0,0,0,0,0,0
Miles Gilmore,174368,CB,ALAB A&M,12,1,1,104,59.6,,,,,,66.9,,,56.5,1,1,0,20,66,0,34,38,4
Ramier Lewis,174371,G,ALAB A&M,3,0,0,104,,,64.9,,,,61.6,,,68.8,0,0,10,0,0,0,1,0,0
BJ Maxena,174374,G,ALAB A&M,11,0,0,104,,,76.0,,,,60.8,,,73.1,1,0,48,0,0,0,42,0,0
Carldelle Patrick,174378,S,ALAB A&M,11,0,0,104,59.9,,,,,,63.2,,,75.1,1,0,0,1,60,65,3,7,1
Lynn Pettway,174379,S,ALAB A&M,12,1,2,104,59.9,,,,,,48.6,,,26.8,0,6,0,13,57,7,23,38,5
Barry White,174389,TE,ALAB A&M,12,0,0,104,,,74.2,61.8,,,67.2,,,68.2,0,0,51,0,0,15,3,0,0
Tervae Williams,174390,LB,ALAB A&M,11,0,0,104,60.1,,,,,,62.7,,,75.2,0,1,0,3,24,31,5,5,0
Jalen Wright,174392,LB,ALAB A&M,10,0,0,104,59.7,,,,,,66.0,,,73.8,0,0,0,17,1,2,1,22,0
Jaiden Bivens,174393,HB,BETH COOK,3,0,0,119,,,,,,,71.0,,,76.5,1,0,0,0,9,25,24,7,5
Trevaris Hammond,174396,T,BETH COOK,2,0,0,119,,,61.2,,,,61.9,,,68.7,0,0,7,0,0,0,0,0,0
Jordan Johnson,174398,S,BETH COOK,2,0,0,119,,,,,,,62.0,,,68.9,0,0,0,0,0,4,0,3,0
Christian Loving,174400,C,BETH COOK,1,0,0,119,60.0,,,,,,60.0,,,61.1,0,0,0,1,0,0,0,0,0
Omari Stewart,174402,WR,BETH COOK,6,0,0,119,,,,61.7,,,29.4,,,28.7,4,1,0,0,0,13,15,0,0
Jonathon Wood,174403,S,HOLY CROSS,2,0,0,181,,,,,,,59.9,,,66.5,0,0,0,0,0,5,1,0,0
Markell Quick,174404,WR,NC CENT,6,0,0,247,,,,,,,60.8,72.4,,67.0,0,0,0,0,0,9,0,19,0
Darryl Taylor,174406,WR,NC CENT,7,0,0,247,,,,63.6,,,59.6,53.4,,66.3,0,0,0,0,0,24,0,32,0
Dolapo Egunjobi,174407,C,TENN MARTN,2,0,0,310,,,60.7,,,,62.0,,,64.2,0,0,10,0,0,0,0,0,0
Jaylin Crumby,174410,S,N DAK ST,12,0,0,250,60.1,,,,,,66.8,,,74.7,0,0,0,14,59,1,0,15,0
Jailen Duffie,174412,CB,N DAK ST,11,0,0,250,59.6,,,,,,62.9,,,75.1,0,0,0,24,3,0,2,22,0
Marcus Gulley,174413,LB,N DAK ST,16,1,0,250,59.8,,,,,,73.5,,,81.5,0,0,0,46,93,25,22,47,3
Victor Isele,174416,ED,N DAK ST,3,0,0,250,59.7,,,,,,61.4,,,66.7,0,0,0,2,3,0,0,1,0
Beau Johnson,174417,T,N DAK ST,3,0,0,250,,,61.6,,,,62.0,,,66.2,0,0,9,0,0,0,0,0,0
Jack Liwienski,174421,G,N DAK ST,3,0,0,250,,,60.0,,,,61.2,,,67.4,0,0,4,0,0,0,0,0,0
Oliver Lucht,174422,LB,N DAK ST,3,0,0,250,,,,,,,65.4,,,67.7,0,0,0,0,10,0,0,1,0
Najee Nelson,174424,CB,N DAK ST,9,0,0,250,60.0,,,,,,64.8,,,74.8,0,0,0,3,16,0,2,23,0
Eli Ozick,174425,K,N DAK ST,16,0,0,250,,71.3,,,84.4,,64.7,,,80.7,0,0,8,0,111,0,0,0,0
Jaiden Pickett,174427,LB,N DAK ST,1,0,0,250,,,,,,,60.3,,,66.2,0,0,0,0,2,0,0,0,0
Nate Schneckloth,174428,G,N DAK ST,2,0,0,250,,,60.3,,,,61.7,,,66.8,0,0,5,0,0,0,0,0,0
Reese Sheldon,174430,S,N DAK ST,5,0,0,250,59.9,,,,,,66.2,,,89.2,0,0,0,1,10,10,0,9,0
Noah Taylor,174431,CB,N DAK ST,15,0,0,250,,,,,,,68.3,,,76.5,0,0,0,0,85,28,2,18,3
Keenan Wilson,174434,DI,N DAK ST,8,0,0,250,58.9,,,,,,61.6,,,69.5,0,0,0,5,0,0,2,10,0
Will Averbuck,174435,T,PRESBYTERN,9,0,0,271,,,72.9,,,,64.8,,,74.5,0,0,41,0,0,0,0,1,0
Malachi Bingham,174436,T,PRESBYTERN,1,0,0,271,,,60.0,,,,61.7,,,67.5,0,0,6,0,0,0,0,0,0
Jason Briones,174437,ED,PRESBYTERN,12,0,0,271,59.9,,,,,,68.9,,,82.2,0,0,0,2,63,40,0,56,5
JT Hill,174439,T,PRESBYTERN,2,0,0,271,,,,,,,60.0,,,64.5,0,0,0,0,0,0,2,0,0
Robert Porter,174445,DI,PRESBYTERN,11,0,0,271,57.9,,68.6,,,,59.9,,,71.0,0,0,26,35,0,0,0,3,0
Carter Szydlowski,174447,ED,PRESBYTERN,12,0,0,271,58.9,,69.0,,,,61.6,,,71.0,0,0,26,36,3,0,8,2,0
Anthony Thornton,174449,S,PRESBYTERN,9,0,0,271,60.0,,,,,,63.9,,,71.5,0,0,0,31,0,0,0,19,0
Keyondray Jones-Logan,174454,WR,S DAKOTA,14,0,0,291,,,,74.8,,,62.7,60.3,,66.1,0,0,0,0,0,53,0,5,0
Amir Anderson,174455,S,DELWARE ST,6,0,0,152,59.9,,,,,,68.0,,,67.9,0,0,0,7,18,0,0,0,1
Kyree Benton,174457,WR,DELWARE ST,11,0,1,152,,,60.0,,,,60.5,60.3,,31.6,0,1,1,0,2,42,13,1,0
Colton Callueng,174458,WR,DELWARE ST,2,0,0,152,,,,,,,55.8,,,28.7,0,1,0,0,4,6,12,5,1
Kenion Camphor,174459,G,DELWARE ST,10,0,0,152,,,73.3,,,,64.8,,,71.3,0,0,34,0,0,0,0,0,0
Christian Garrett,174462,S,DELWARE ST,10,0,0,152,59.7,,,,,,51.0,,,83.1,0,1,0,42,9,55,6,9,0
Judge Morgan,174464,LB,DELWARE ST,1,0,0,152,,,,,,,60.0,,,63.8,0,0,0,0,0,0,0,1,0
Ebubedike Nnabugwu,174465,C,DELWARE ST,7,0,0,152,,,70.0,,,,63.5,,,63.5,0,0,19,0,0,0,0,0,0
Carter Rasin,174466,LS,DELWARE ST,12,0,0,152,59.7,,68.9,,,81.8,65.4,,,63.0,0,0,39,1,0,0,6,0,0
Kristian Tate,174469,WR,DELWARE ST,11,0,0,152,,,,54.9,,,66.3,63.9,,68.0,0,0,0,1,0,39,0,28,0
Takai Wallace,174470,T,DELWARE ST,1,0,0,152,,,60.0,,,,60.0,,,61.6,0,0,1,0,0,0,0,0,0
Larrey Williams III,174471,CB,DELWARE ST,5,1,0,152,,,,,,,41.4,,,26.3,0,3,0,0,21,25,2,1,2
Cameron Wright,174472,LB,DELWARE ST,5,1,0,152,60.0,,,,,,73.2,,,70.4,0,0,0,1,16,0,0,9,1
Ernest Blackshear,174473,HB,CENT CT ST,1,0,0,133,,,,,,,59.9,,,63.0,0,0,0,0,0,3,0,0,0
Wayne Coleman,174475,DI,CENT CT ST,10,0,0,133,58.8,,,,,,58.7,,,65.1,0,0,0,17,0,0,0,1,0
Elijah Daniels,174478,WR,CENT CT ST,3,0,0,133,,,,,,,65.6,,,71.8,0,0,0,0,0,0,0,10,0
Precious Ekeh,174480,G,CENT CT ST,13,0,0,133,,,75.0,59.9,,,74.8,,,90.3,0,1,54,0,0,39,61,0,0
Khristan Hernandez,174484,S,CENT CT ST,2,0,0,133,,,,,,,60.4,,,70.3,0,0,0,0,0,0,5,2,0
Ty'Renne Hynson,174485,WR,CENT CT ST,5,0,0,133,,,,,,,68.2,,,71.4,0,0,0,0,21,0,0,10,1
Eric Jackson,174486,S,CENT CT ST,11,0,0,133,60.0,,,,,,58.4,,,28.7,0,1,0,4,46,20,0,5,1
Chris Jean,174487,S,CENT CT ST,10,0,0,133,89.0,,,,,,90.2,,,69.7,0,0,0,28,19,0,0,9,1
Karl Khuns,174489,TE,CENT CT ST,13,0,0,133,,,,,,,60.7,,,69.5,0,0,0,0,0,24,69,0,0
Malachi Mapp,174490,LB,CENT CT ST,1,0,0,133,,,,,,,60.6,,,65.3,0,0,0,0,2,3,0,0,0
Jared Massay,174492,LB,CENT CT ST,6,0,0,133,59.7,,,,,,44.6,,,27.3,0,1,0,7,11,9,0,0,0
Navon Mitchell,174493,S,CENT CT ST,13,0,0,133,,,,,,,72.2,,,77.9,1,0,0,0,66,0,1,24,6
Dave Pardo,174495,WR,CENT CT ST,8,0,0,133,,,,,,,63.7,,,77.1,0,0,0,0,0,41,0,13,0
Jamir Robertson,174499,HB,CENT CT ST,1,0,0,133,60.1,,,,,,60.1,,,63.8,0,0,0,2,0,0,0,0,0
Clifton Thompson,174501,DI,CENT CT ST,12,0,0,133,58.1,,,,,,59.0,,,69.4,0,0,0,26,0,0,1,11,0
Michael Trovarelli,174502,HB,CENT CT ST,11,2,0,133,,,,61.8,,,72.9,,,76.2,0,0,0,0,47,54,0,16,4
Ryan Turley,174503,TE,CENT CT ST,11,0,0,133,,,,59.9,,,53.3,,,29.2,0,1,0,0,5,55,1,6,0
Dawson Adams-Grenier,174505,TE,CAMPBELL,3,0,0,131,,,,,,,42.1,,,27.1,0,1,0,0,0,10,0,7,0
Yasir Aladeen,174506,CB,HOUCHR,8,2,0,183,,,,,,,73.1,,,76.3,0,0,0,0,42,14,3,36,3
Darius Bean,174507,S,HOUCHR,12,0,0,183,60.0,,,,,,77.5,,,86.4,1,0,0,12,42,7,58,58,7
Joe Cadette,174509,ED,HOUCHR,12,1,0,183,57.2,,60.0,,,,55.6,,,29.5,0,1,7,55,0,15,2,10,0
Marques Caldwell,174510,S,HOUCHR,11,0,0,183,,,60.0,,,,66.5,,,81.7,2,0,5,0,5,59,24,43,3
KC Comyford,174513,T,HOUCHR,12,0,0,183,,,74.3,,,,64.0,,,66.0,0,0,57,0,0,0,1,0,0
Champ Dozier,174515,WR,HOUCHR,8,0,0,183,,,,75.8,,,76.9,,,65.2,0,0,0,0,1,41,0,0,0
Dillon Fedor,174517,K,HOUCHR,11,1,0,183,,74.1,,,80.1,,63.6,,,75.7,1,0,57,0,64,0,0,0,1
Tausagafou Ho Ching,174518,DI,N ARIZONA,12,0,0,252,58.1,,,59.9,,,59.1,,,75.2,0,0,0,30,0,25,0,8,0
Andrew Huff,174519,ED,HOUCHR,12,1,0,183,59.6,,,,,,77.6,,,83.7,0,0,0,26,65,79,58,58,8
Tim Marshall,174521,DI,HOUCHR,3,0,0,183,59.1,,,,,,59.2,,,63.5,0,0,0,4,0,0,0,0,0
Khalil Peart,174524,LB,HOUCHR,2,0,0,183,,,,,,,60.7,,,64.2,0,0,0,0,2,3,0,0,0
Trent Savage,174527,C,HOUCHR,2,0,0,183,,,,,,,58.9,,,63.1,0,0,0,0,0,0,4,0,0
Cameron Snow,174528,LB,HOUCHR,8,0,0,183,60.0,,,,,,59.4,,,73.1,0,0,0,4,2,49,7,0,0
Cutter Stewart,174531,QB,HOUCHR,9,0,0,183,,,66.1,,,,62.0,,60.0,61.6,0,0,47,0,0,0,1,0,0
Jesse Valenzuela,174532,HB,HOUCHR,12,0,0,183,,,,67.0,,,61.8,66.8,,71.5,0,0,0,0,7,68,0,52,0
Dontay Bishop,174537,TE,RHODE ISLD,13,0,0,274,,,75.9,,,,69.3,,,75.8,0,0,58,0,0,21,32,6,0
Freddie Camp,174539,S,RHODE ISLD,11,0,0,274,,,,,,,51.0,,,34.4,0,2,0,0,6,17,4,39,0
Patrick Conserve,174540,DI,RHODE ISLD,2,0,0,274,60.0,,,,,,59.6,,,68.5,0,0,0,1,0,0,0,6,0
D.J. Cureton,174542,S,RHODE ISLD,4,0,0,274,59.9,,,,,,64.2,,,69.9,0,0,0,5,7,0,0,9,0
Mitchell Garner,174545,ED,RHODE ISLD,14,1,0,274,60.0,,,,,,57.6,,,29.0,0,3,0,1,64,54,46,6,2
Ty Groff,174546,P,RHODE ISLD,13,0,0,274,,73.3,,,,,61.4,,,67.2,0,0,57,0,0,0,0,0,0
Carson Harwood,174547,HB,RHODE ISLD,2,0,0,274,,,,,,,61.9,,,68.3,0,0,0,0,0,5,0,4,0
Quentin Hunter-Colvin,174548,S,RHODE ISLD,7,0,0,274,60.1,,,,,,63.7,,,69.9,0,0,0,4,4,0,0,16,0
Will Johnson,174549,K,RHODE ISLD,13,0,0,274,,,,,65.7,,63.4,,,77.2,0,0,1,0,59,0,0,0,3
Case Mankins,174550,DI,RHODE ISLD,13,0,0,274,59.3,,68.3,,,,61.5,,,67.7,0,0,26,31,0,0,0,0,0
Ethan McCann-Carter,174551,CB,RHODE ISLD,14,0,0,274,,,,,,,67.5,,,29.6,0,2,0,0,58,1,19,67,7
Moses Meus,174553,LB,RHODE ISLD,14,2,0,274,59.8,,,,,,70.6,,,29.8,1,2,0,1,64,62,11,50,6
Kamalie Pemberton,174554,S,RHODE ISLD,1,0,0,274,,,,,,,65.7,,,68.9,0,0,0,0,2,4,8,9,1
Devin Walter,174557,P,RHODE ISLD,14,0,0,274,,,66.9,,,,63.5,,49.7,72.9,0,0,58,0,0,0,57,0,0
Derrick Burroughs,174560,CB,TENN TECH,6,0,0,309,59.9,,,,,,62.2,,,68.0,0,0,0,5,0,0,0,5,0
Miles Cooney,174561,LB,TENN TECH,12,2,1,309,59.8,,,,,,75.9,,,46.5,0,2,0,14,61,54,11,49,0
Angel Garcia,174563,LB,TENN TECH,12,0,1,309,60.1,,,,,,52.3,,,29.2,0,2,0,10,43,50,55,30,0
Jordan Harris,174565,CB,TENN TECH,11,0,0,309,59.7,,,,,,58.5,,,30.0,2,2,0,5,48,40,61,46,4
Devin Hunter,174567,CB,TENN TECH,10,0,0,309,59.7,,,,,,60.7,,,63.9,0,0,0,26,0,0,0,4,0
Idris King,174570,ED,TENN TECH,9,0,0,309,59.0,,,,,,60.3,,,66.8,0,0,0,14,0,0,0,4,0
Aidan Littles,174572,HB,TENN TECH,9,1,0,309,,,,,,,67.3,,,81.4,0,0,0,0,29,23,34,44,0
Tyler Nix,174573,TE,TENN TECH,12,0,0,309,,,,,,,63.4,,,83.4,0,0,0,0,39,58,47,19,0
Myles Parker,174574,DI,TENN TECH,11,0,0,309,57.5,,,,,,57.1,,,67.6,0,0,0,25,0,0,0,2,0
Reece Perkins,174576,TE,TENN TECH,12,0,0,309,,,75.0,,,,67.2,,,36.5,0,1,56,0,8,58,63,24,1
Jeremiah Sandiford,174578,DI,TENN TECH,9,0,0,309,57.6,,,,,,57.4,,,67.3,0,0,0,20,0,0,0,2,0
Cayman Spaulding,174579,LB,TENN TECH,12,0,0,309,60.0,,,,,,58.0,,,72.2,1,0,0,37,7,2,3,15,1
Eric Taylor,174581,CB,TENN TECH,10,0,0,309,59.8,,,,,,64.7,,,68.6,0,0,0,9,44,0,0,9,0
Andy Gallegos,174590,K,TXAMEA,3,0,0,1139,,42.1,,,,,60.0,,,63.7,0,1,5,0,0,0,0,0,0
Braxton Garmon,174591,HB,TXAMEA,12,0,0,1139,,,,59.4,,,61.7,,,73.4,0,0,0,0,5,70,0,6,1
Tramar Gilbert,174592,LB,TXAMEA,11,0,0,1139,60.3,,,,,,56.8,,,70.1,2,2,0,23,41,63,67,49,3
Matthew Goldman,174593,ED,TXAMEA,12,2,0,1139,59.8,,73.1,,,,66.6,,,81.7,1,0,46,1,46,64,36,37,1
Jordon Hamilton,174594,HB,TXAMEA,1,0,0,1139,,,,,,,60.5,,,63.1,0,0,0,0,2,0,0,0,0
Sloan Hubert,174596,TE,TXAMEA,1,0,0,1139,,,,,,,60.0,,,63.3,0,0,0,0,0,3,0,0,0
Preston Kilgore,174599,TE,TXAMEA,3,0,0,1139,,,,,,,59.8,,,66.4,0,0,0,0,0,20,2,0,0
Devin Matthews,174602,WR,TXAMEA,7,0,0,1139,,,,48.7,,,46.1,62.3,,28.1,0,1,0,0,6,39,0,24,0
Jason Otah,174603,DI,TXAMEA,4,0,0,1139,,,,,,,67.7,,,66.8,0,0,0,0,12,0,0,0,1
Rodney Searles,174606,WR,TXAMEA,11,0,0,1139,,,,,,,57.1,,,74.2,0,0,0,0,0,58,0,0,0
Matthew Welch,174610,C,TXAMEA,12,0,0,1139,,,73.4,,,,63.6,,,72.5,0,0,45,0,0,0,70,0,0
Mayo Bola,174615,DI,W ILLINOIS,10,0,0,345,74.6,,,,,,82.4,,,66.9,0,0,0,36,0,0,0,1,0
Peyton Bradford,174616,ED,W ILLINOIS,12,1,0,345,58.9,,67.8,,,,62.1,,,77.5,2,0,22,30,52,49,43,2,1
Noah Epley,174617,LB,W ILLINOIS,10,1,0,345,59.6,,,,,,57.7,,,73.0,1,0,0,17,22,16,20,3,0
Fredrik Greenhoward,174619,LB,W ILLINOIS,11,1,0,345,91.2,,,,,,78.2,,,80.0,1,1,0,8,51,68,13,17,4
Marcus Morris,174620,ED,W ILLINOIS,4,0,0,345,59.4,,,60.0,,,79.8,,,67.3,0,0,0,9,1,34,0,1,0
Dominic Sisneros,174689,LS,N IOWA,12,0,0,255,,,84.2,,,87.6,77.2,,,29.3,0,1,43,0,0,0,46,0,1
Jake Hellmann,174760,G,IDAHO ST,11,0,0,186,,,75.7,,,,65.8,,,76.2,0,0,61,0,0,0,0,0,0
Maka Tu'Akoi,174770,ED,IDAHO ST,9,0,0,186,59.6,,,,,,61.1,,,72.9,0,0,0,4,8,42,0,0,0
Davion Ames,174773,S,CENT CT ST,13,0,0,133,59.6,,,,,,69.0,,,74.9,0,0,0,35,8,0,0,51,1
Bryce LaFollette,174792,P,TOWSON,12,0,0,317,,,,,,,63.1,,72.9,74.4,0,3,0,0,0,0,46,0,0
Dre Delinois,174839,LB,E TENN ST,12,0,0,157,59.9,,,,,,70.7,,,83.5,0,0,0,4,61,51,5,48,2
Cole Horine,174840,S,E TENN ST,12,0,0,157,,,,,,,61.3,,,30.3,0,1,0,0,29,46,0,27,2
Carlton Horine,174841,S,E TENN ST,4,0,0,157,,,,,,,65.9,,,71.6,0,0,0,0,0,1,0,12,0
Miada Jones,174845,G,E TENN ST,4,0,0,157,,,70.9,,,,64.1,,,70.7,0,0,24,0,0,0,0,0,0
Torey Lambert,174846,HB,E TENN ST,10,0,0,157,,,,,,,63.9,,,77.5,0,0,0,0,0,39,32,12,0
Brenden LeBlanc,174847,DI,E TENN ST,11,0,1,157,58.6,,,,,,48.8,,,28.0,0,1,0,23,0,4,0,9,0
Tyreek Nard,174853,DI,E TENN ST,10,0,0,157,,,67.7,,,,65.3,,,71.1,0,0,25,0,0,0,0,15,0
Maddox Radcliffe,174854,C,E TENN ST,6,0,0,157,,,72.7,,,,64.1,,,63.8,0,0,28,0,0,0,0,0,0
Elijah Taylor,174855,ED,E TENN ST,12,0,0,157,,,,,,,60.1,,,40.6,0,2,0,0,65,51,0,53,1
Jay Wade,174856,T,E TENN ST,8,0,0,157,,,72.9,,,,64.6,,,69.2,0,0,44,0,0,0,0,0,0
Nicholas Alvarado,174889,LB,BRYANT,4,0,0,124,59.8,,,,,,67.2,,,75.8,0,0,0,3,11,14,11,9,1
Lucas Bisazza,174891,K,BRYANT,6,0,0,124,,,,,46.3,,61.5,,,72.9,1,0,0,0,21,0,0,0,0
Jackson Conners-McCarthy,174895,WR,MARIST,3,0,0,213,,,,,,,50.5,,,67.0,0,0,0,0,1,0,4,0,0
Aldrich Doe,174898,WR,BRYANT,3,0,0,124,,,,,,,52.9,,,27.8,0,1,0,0,14,0,0,3,0
Nathan LaPlante,174909,DI,BRYANT,11,0,0,124,58.8,,,,,,59.5,,,68.0,0,0,0,30,0,0,6,2,0
Wyatt Whalen,174916,G,BRYANT,6,0,0,124,,,69.6,,,,63.0,,,64.5,0,0,18,0,0,0,18,0,0
Keylijah Williams,174917,WR,BRYANT,9,0,0,124,59.9,,,77.9,,,59.7,,,64.2,0,0,0,1,0,49,0,0,0
Olan Robinson,174939,LB,ALAB A&M,11,0,0,104,59.8,,,,,,64.4,,,64.0,0,1,0,7,52,64,37,35,3
Ethon Cole,174952,S,DUQUESNE,11,0,0,155,59.9,,,,,,73.2,,,76.6,0,0,0,11,55,2,0,43,4
Devin Downing,175016,WR,SO UTAH,10,0,0,298,,,,,,,60.6,,,72.2,0,0,0,0,1,45,0,0,0
Dallas Afalava,175070,DI,IDAHO,14,0,0,185,58.4,,,,,,51.3,,,28.7,0,1,0,47,0,0,0,13,0
Ethan Beard,175073,S,IDAHO,10,1,0,185,59.9,,,,,,68.0,,,73.5,0,0,0,2,10,30,2,13,0
Ryder Bordner,175074,LB,IDAHO,13,1,0,185,59.7,,,,,,69.9,,,74.0,0,0,0,3,48,28,0,1,2
Deshaun Buchanan,175075,HB,IDAHO,2,0,0,185,60.0,,,,,,60.8,,,65.6,0,0,0,4,1,0,0,0,0
Emmerson Cortez-Menjivar,175077,WR,IDAHO,3,0,0,185,,,,57.1,,,60.0,,,64.8,0,0,0,0,0,16,0,0,0
Jaxton Eck,175078,LB,IDAHO,14,0,0,185,59.7,,,59.9,,,60.6,,,74.5,1,0,0,57,20,55,45,15,1
Davis Fry,175080,WR,IDAHO,2,0,0,185,,,,,,,62.1,,,67.1,0,0,0,0,5,0,0,2,0
Mark Hamper,175085,WR,IDAHO,10,0,0,185,60.0,,,,,,57.7,,,71.1,1,0,0,1,12,11,0,1,1
LJ Harm,175086,P,IDAHO,14,0,0,185,,,67.3,,,,63.3,,62.7,71.2,0,1,65,0,0,0,45,0,0
Kiegan Henson,175087,G,IDAHO,9,0,0,185,,,73.6,,,,64.6,,,68.1,0,0,47,0,0,0,0,0,0
Keyshawn James-Newby,175089,ED,IDAHO,8,0,0,185,59.7,,,,,,62.3,,,68.0,0,0,0,2,0,0,0,12,0
Hayden John,175090,S,IDAHO,6,0,0,185,59.9,,,,,,49.4,,,28.0,0,1,0,2,12,4,13,9,0
Zach Johnson,175091,LB,IDAHO,14,0,0,185,60.1,,,,,,59.6,,,79.4,2,0,0,56,28,11,45,46,0
Jahkari Larmond,175095,DI,IDAHO,12,0,0,185,57.9,,,,,,58.4,,,69.8,0,0,0,48,0,5,0,8,0
Julian Lee,175096,DI,IDAHO,8,0,0,185,59.5,,70.6,,,,64.0,,,71.7,0,0,31,2,0,0,0,0,0
Andrew Marshall,175097,CB,IDAHO,14,1,0,185,59.7,,,90.5,,,72.4,91.6,,75.0,0,0,0,50,16,28,10,46,1
Carlos Matheney,175098,HB,IDAHO,2,0,0,185,,,,,,,60.3,,,65.4,0,0,0,0,0,2,0,0,0
Matyus McLain,175100,ED,IDAHO,14,0,0,185,59.8,,75.7,,,,67.7,,,64.5,0,0,65,2,8,0,6,1,1
Trevor Miller,175101,ED,IDAHO,1,0,0,185,60.0,,,,,,60.0,,,62.9,0,0,0,1,0,0,0,0,0
Mason Mini,175102,TE,IDAHO,5,0,0,185,,,,,,,49.6,,,67.2,0,1,0,0,0,16,0,0,0
Brayden Rice,175105,CB,IDAHO,11,0,0,185,,,,,,,61.6,,,70.1,0,0,0,0,2,49,0,4,0
Tyler Skinner,175108,G,IDAHO,12,0,0,185,,,75.0,,,,65.3,,,71.7,0,0,52,0,0,0,0,0,0
Art Williams,175113,HB,IDAHO,8,0,0,185,,,,60.0,,,62.7,,,73.0,0,0,0,0,10,23,6,18,0
Aaron Blancas,175115,WR,IDAHO ST,12,0,0,186,,,,60.4,,,61.4,66.0,,67.5,0,0,0,0,0,12,0,38,0
Vicente Hughes,175119,G,IDAHO ST,2,0,0,186,,,60.5,,,,61.8,,,63.1,0,0,9,0,0,0,0,0,0
Alfred Jordan Jr.,175120,WR,IDAHO ST,1,0,0,186,,,,,,,60.0,,,62.7,0,0,0,0,0,1,0,0,0
Messiyah Moye,175123,C,IDAHO ST,4,0,0,186,,,,,,,60.1,,,66.0,0,0,0,0,0,19,0,0,0
Adonijah Richards,175126,CB,IDAHO ST,12,0,0,186,60.1,,,,,,64.6,,,73.1,0,0,0,7,22,0,5,24,0
Emmitt Sallee,175127,LB,IDAHO ST,1,0,0,186,59.6,,,,,,59.8,,,62.4,0,0,0,1,0,0,0,0,0
Mathew Sanchez,175128,S,IDAHO ST,10,0,0,186,59.7,,,,,,67.4,,,74.1,0,0,0,18,8,18,22,17,1
Mason Young,175131,S,IDAHO ST,12,0,0,186,59.7,,,,,,68.9,,,69.7,0,0,0,64,23,13,4,8,4
Heath Jehu,175152,P,CHATTNOOGA,12,0,0,137,,,67.1,,,,63.3,,49.6,71.5,0,0,61,0,0,0,46,0,0
Spencer Webb,175171,G,NC A&T,8,0,0,246,,,68.4,,,,63.3,,,63.4,0,0,27,0,0,0,0,0,0
Mark Shenouda,175214,P,TENN STATE,9,0,0,308,,,66.3,,,,54.1,,55.4,70.2,1,0,49,0,0,0,34,0,0
Tyler Baker,175217,CB,RHODE ISLD,4,0,0,274,,,,,,,67.0,,,72.0,0,0,0,0,0,0,0,19,0
David Stanphill,175269,LS,W GEORGIA,7,1,0,1177,,,,,,69.3,82.1,,,66.0,0,0,0,0,0,0,32,0,3
Gerard Edimo,175313,TE,STF AUSTIN,2,0,0,301,,,,,,,62.0,,,65.8,0,0,0,0,6,0,0,0,0
Jameel Sanders,175324,CB,FL A&M,12,0,0,164,72.6,,,,,,80.1,,,79.8,0,0,0,38,0,1,0,12,0
Logan Galletta,175338,WR,LEHIGH,10,0,0,205,,,,59.2,,,59.2,,,70.3,0,0,0,0,1,29,4,0,0
Antonio Camon,175410,ED,FL A&M,2,0,0,164,,,,,,,60.8,,,66.1,0,0,0,0,0,0,0,3,0
Yousef Obeid,175467,K,MO STATE,12,0,0,230,,79.7,,,69.8,,63.9,,,76.7,1,0,66,0,76,0,0,0,1
A.J. Tisdell,175534,CB,INCAR WORD,14,0,0,189,59.5,,,,,,62.1,,,79.7,1,0,0,44,15,15,0,27,1
Cole Smith,175569,G,W ILLINOIS,9,0,0,345,,,74.0,,,,65.2,,,75.3,0,0,48,0,0,0,0,0,0
Zach Session,175625,G,MCNEESE,12,0,0,217,,,76.3,,,,65.7,,,73.2,0,0,50,0,0,0,0,0,0
Hudson Voggesser,175690,LB,N COLORADO,5,0,0,253,59.7,,,,,,62.6,,,71.2,0,0,0,5,7,0,20,4,1
Kenneth Jiles Jr.,175756,TE,JACKSON ST,14,0,0,194,,,78.3,,,,56.1,,,27.5,0,1,91,0,0,4,5,0,0
Caleb Otlewski,175761,LB,MONTANA,9,0,0,232,59.1,,,,,,54.1,,,67.8,1,0,0,10,13,0,4,2,0
Brian Bates Jr.,175788,LB,DELWARE ST,12,2,0,152,59.8,,,59.9,,,62.1,60.3,,89.0,1,0,0,29,46,13,65,28,1
Shawn Burton,175821,T,NC CENT,1,0,0,247,,,60.0,,,,60.4,,,62.5,0,0,3,0,0,0,0,0,0
Elijah Philippe,175854,T,FL A&M,8,0,0,164,,,71.3,,,,46.1,,,26.2,0,2,35,0,0,0,0,0,0
Reed Harradine,175861,K,GRAMBLING,12,1,0,177,,72.9,,,77.3,,52.6,,,29.9,0,2,54,0,60,0,0,0,0
Sebastian Vargas,175885,CB,S ILLINOIS,12,1,0,295,59.6,,,,,,62.4,,,80.7,3,0,0,28,22,0,46,37,2
Johnny Schmitt,175966,S,S ILLINOIS,12,1,0,295,,,,,,,69.9,,,79.5,0,0,0,0,50,31,3,25,2
Prince Ford,175972,CB,MONTANA,4,0,0,232,60.0,,,,,,61.9,,,68.5,0,0,0,1,0,0,3,8,0
Bubba Jeffries,175979,T,CHATTNOOGA,1,0,0,137,,,60.0,,,,60.7,,,67.1,0,0,3,0,0,0,0,0,0
Derrick Bohler,175983,WR,STF AUSTIN,1,0,0,301,,,,,,,59.7,,,64.7,0,1,0,0,0,4,0,0,0
Ty Gordon,176020,DI,WM & MARY,10,0,0,348,58.7,,,,,,60.0,,,67.4,0,0,0,18,0,0,0,5,0
Jakobie Seabourn,176039,S,N ARIZONA,6,0,0,252,59.9,,,,,,67.5,,,66.0,0,0,0,5,8,2,0,0,1
Karmello English,176212,WR,W GEORGIA,9,0,0,1177,,,,,,,62.6,65.8,,71.6,0,1,0,1,0,1,0,53,0
Chavaris Dumas,176256,CB,MURRAY ST,11,0,0,236,59.9,,,,,,68.4,,,71.0,0,0,0,14,24,0,0,16,1
Jared White,176283,P,TARLETON,2,0,0,401,,,60.0,,,,60.7,,,60.7,0,0,8,0,0,0,0,0,0
De'Eric Mister,176284,T,HOWARD,10,0,0,184,,,70.0,,,,63.7,,,63.3,0,0,33,0,0,0,0,0,0
CJ Davis,176370,CB,INDIANA ST,12,0,0,191,59.7,,,,,,65.0,,,78.5,0,0,0,7,17,0,0,40,0
Ryan Sissel,176384,FB,MOREHEAD,11,1,0,234,,,,,,,65.2,,,86.2,3,0,0,0,34,51,49,32,4
Exavious Reed,176429,TE,TENN STATE,7,0,0,308,,,60.0,,,,59.0,,,68.9,1,0,3,0,22,2,0,0,1
Joseph Moreland,176455,TE,NWSTATE,12,1,0,257,,,60.0,,,,61.0,,,71.8,1,0,5,0,1,33,97,0,0
Darrius Govan,176489,ED,ALCORN ST,3,0,0,107,59.7,,,,,,59.5,,,64.7,0,0,0,3,0,4,0,0,0
Isaac Stopke,176541,HB,MOREHEAD,8,0,0,234,,,,,,,61.0,,,72.1,0,0,0,0,1,33,1,2,0
Shay O'Kelly,176657,LB,BROWN,2,0,0,123,,,,,,,61.0,,,70.7,0,0,0,0,0,3,0,2,0
Kiwaun Davis,176669,CB,E ILLINOIS,5,0,0,158,60.0,,,,,,62.3,,,71.2,0,0,0,21,0,0,0,8,0
Nate Gates,176675,TE,FL A&M,7,0,0,164,,,69.5,,,,64.0,,,72.9,0,0,25,0,0,0,0,0,0
Tyleik Maxwell,176705,WR,E KENTUCKY,6,0,0,159,,,,,,,65.5,,,67.7,0,0,0,0,0,1,0,14,0
Zach Russell,176708,TE,E KENTUCKY,9,0,0,159,,,70.5,,,,47.3,,,26.0,0,1,32,0,0,4,0,0,0
Spencer Moore,176715,LS,CAL POLY,11,1,0,129,,,83.1,,,76.4,70.3,,,67.1,1,0,39,0,0,0,57,0,0
Nathan Brockway,176717,TE,N ALABAMA,1,0,0,389,,,,,,,60.0,,,63.6,0,0,0,0,0,4,0,0,0
Braden Ducharme,176718,K,ARKAPB,8,0,0,112,,63.4,,,43.3,,62.3,,,73.7,0,0,7,0,32,0,0,0,1
Jakob Dixon,176720,WR,E KENTUCKY,2,0,0,159,,,,,,,63.4,,,68.5,0,0,0,0,0,0,0,13,0
Josiah Hixon,176725,S,N ALABAMA,1,0,0,389,,,,,,,60.0,,,64.2,0,0,0,0,0,0,0,1,0
Davinci Floyd,176726,G,AUSTINPEAY,2,0,0,116,,,60.4,,,,61.6,,,61.2,0,0,8,0,0,0,0,0,0
La'Charles Taylor,176727,G,N ALABAMA,3,0,0,389,,,64.4,,,,62.3,,,62.7,0,0,9,0,0,0,0,0,0
Jyheam Ingram,176728,DI,N ALABAMA,12,0,0,389,58.2,,,,,,60.1,,,77.5,0,0,0,40,0,0,0,19,0
Budha Boyd Jr.,176741,CB,CAL POLY,8,0,0,129,60.4,,,,,,64.3,,,70.7,0,0,0,11,0,0,0,20,0
Yemoni Howell,176746,ED,E WASHGTON,4,0,0,161,59.2,,,,,,60.8,,,66.7,0,0,0,9,0,0,0,4,0
JoJo Maxey-Johnson,176750,CB,E WASHGTON,2,0,0,161,,,,,,,60.9,,,63.6,0,0,0,0,4,0,0,0,0
Isaac Redford,176753,CB,E WASHGTON,1,0,0,161,60.0,,,,,,60.0,,,61.2,0,0,0,1,0,0,0,0,0
Brandon Thomas,176756,ED,E WASHGTON,1,0,0,161,,,,,,,60.5,,,64.6,0,0,0,0,2,0,0,0,0
Ethan Williamson,176758,DI,E WASHGTON,5,0,0,161,58.6,,,,,,58.5,,,65.5,0,0,0,8,0,0,0,1,0
Ryan Yakovich,176759,T,E WASHGTON,1,0,0,161,,,60.0,,,,60.0,,,63.4,0,0,1,0,0,0,0,0,0
Everett Carr,176760,T,MONTANA ST,16,0,0,233,,,79.8,,,,66.7,,,71.3,0,0,104,0,0,0,0,0,0
Colson Coon,176762,HB,MONTANA ST,16,0,0,233,,,,60.0,,,70.1,,,89.5,0,0,0,0,115,63,36,73,1
JJ Dolan,176763,S,MONTANA ST,11,0,0,233,59.9,,,,,,65.6,,,77.0,0,0,0,3,73,0,0,1,0
Patrick Duchien,176764,QB,MONTANA ST,16,0,0,233,,,69.2,,,,62.8,,,61.5,0,1,104,0,0,0,1,0,0
Tayden Gray,176765,CB,MONTANA ST,15,1,0,233,59.8,,,,,,69.4,,,80.9,1,0,0,15,40,13,8,60,1
Bryce Grebe,176766,LB,MONTANA ST,14,0,0,233,60.3,,,,,,61.3,,,71.8,0,0,0,15,33,6,15,7,0
Scottre Humphrey,176767,HB,MONTANA ST,1,0,0,233,,,,,,,60.7,,,66.3,0,0,0,0,3,0,0,0,0
Cedric Jefferson,176768,T,MONTANA ST,10,0,0,233,,,75.8,,,,64.9,,,64.0,0,0,63,0,0,0,0,0,0
Adam Jones,176769,HB,MONTANA ST,10,0,0,233,,,,59.0,,,62.6,,,70.2,0,0,0,0,0,27,8,13,0
Talon Marsh,176772,DI,MONTANA ST,10,0,0,233,58.6,,,,,,59.3,,,66.4,0,0,0,9,0,0,0,4,0
Zac Nyland,176773,C,MONTANA ST,4,0,0,233,,,71.8,,,,64.4,,,71.1,0,0,27,0,0,0,0,0,0
Colter Petre,176774,S,MONTANA ST,15,1,0,233,59.9,,,,,,74.1,,,53.5,0,1,0,3,100,31,30,8,6
Andrew Powdrell,176775,CB,MONTANA ST,16,0,0,233,60.0,,,,,,60.7,,,43.0,0,1,0,26,6,0,19,64,1
Hunter Provience,176776,TE,MONTANA ST,8,0,0,233,,,60.0,54.1,,,61.5,,,68.4,0,0,7,0,1,14,0,0,0
Hunter Sharbono,176777,DI,MONTANA ST,5,0,0,233,59.1,,60.0,,,,61.0,,,68.1,0,0,8,4,0,0,0,0,0
Cole Taylor,176779,LB,MONTANA ST,16,0,0,233,60.0,,,,,,70.3,,,56.3,0,1,0,1,75,55,39,77,3
Jacob Trimble,176780,WR,MONTANA ST,6,0,0,233,,,,,,,60.4,,,67.6,0,0,0,0,0,15,0,1,0
Cade Berger,176784,WR,N ARIZONA,9,0,0,252,,,,,,,61.4,63.8,,69.4,0,0,0,0,8,32,0,5,0
Jefferson Giles,176788,G,N ARIZONA,1,0,0,252,,,60.0,,,,61.1,,,65.7,0,0,3,0,0,0,0,0,0
Camden Haggard,176789,S,N ARIZONA,6,0,0,252,,,,,,,61.1,,,68.9,0,0,0,0,10,26,0,0,0
Bubba Odom,176796,LB,N ARIZONA,2,0,0,252,,,,,,,63.1,,,71.7,0,0,0,0,0,0,0,5,0
Matthew Orthmann,176797,DI,N ARIZONA,1,0,0,252,59.6,,,,,,59.8,,,62.4,0,0,0,1,0,0,0,0,0
Brody Bliek,176806,DI,N COLORADO,7,0,0,253,58.7,,,,,,60.2,,,68.0,0,0,0,12,0,0,46,1,0
Dominic Butts,176807,ED,N COLORADO,7,0,0,253,59.1,,,,,,60.1,,,66.8,0,0,0,14,0,0,0,4,0
Cash Cheeks,176808,TE,N COLORADO,6,0,0,253,,,62.4,,,,61.3,,44.1,66.7,0,0,10,0,2,0,7,0,0
Carver Cheeks,176809,WR,N COLORADO,8,1,0,253,,,,,,,53.6,,,73.0,2,0,0,0,5,17,29,2,0
Levi Johnson,176812,T,N COLORADO,6,0,0,253,,,63.2,,,,61.2,,,64.3,0,0,14,0,0,0,1,0,0
Darren Mercer,176814,CB,N COLORADO,3,0,0,253,,,,,,,61.7,,,72.3,0,0,0,0,1,12,0,2,0
Brayden Munroe,176815,WR,N COLORADO,12,0,0,253,,,,45.6,,,61.6,61.7,,67.5,0,0,0,1,1,5,0,47,0
Zach Nowatzke,176816,LB,N COLORADO,12,0,0,253,59.8,,,,,,61.1,,,67.5,0,0,0,59,0,0,0,4,0
Oliver Ortiz,176817,WR,N COLORADO,2,0,0,253,,,,,,,59.0,,,69.5,1,0,0,0,3,5,7,3,0
Komari Owens,176818,CB,N COLORADO,9,0,0,253,59.7,,,,,,61.4,,,72.2,0,0,0,28,0,0,8,10,0
Reece Pratz,176819,WR,N COLORADO,4,0,0,253,,,,58.0,,,60.2,,,68.0,0,0,0,0,0,26,0,2,0
Kaleb Quammie,176820,CB,N COLORADO,11,0,0,253,60.0,,,,,,63.8,,,42.1,2,1,0,3,28,0,42,7,5
Kamron Randell-Taylor,176821,WR,N COLORADO,4,0,0,253,,,,,,,61.3,,,72.4,0,0,0,0,0,24,0,0,0
Bo Tate,176823,WR,N COLORADO,1,0,0,253,,,,,,,60.8,,,68.9,0,0,0,0,0,7,0,0,0
Braylen Warren,176825,CB,N COLORADO,3,0,0,253,59.7,,,,,,61.1,,,67.6,0,0,0,7,2,0,0,2,0
Tupulea Afalava,176826,ED,PORTLAND,5,0,0,269,,,,,,,60.4,,,68.2,0,0,0,0,0,14,4,0,0
Isaiah Green,176828,S,PORTLAND,11,0,0,269,59.5,,,,,,64.4,,,76.0,0,0,0,48,58,1,1,11,0
J'Querian Ladson,176833,DI,PORTLAND,8,0,0,269,58.5,,,,,,58.3,,,65.0,0,0,0,12,0,0,0,0,0
Frederick Lujan III,176834,DI,PORTLAND,6,0,0,269,58.5,,,,,,58.7,,,66.1,0,0,0,19,0,0,0,1,0
Jordon Tagaloa,176836,DI,PORTLAND,10,0,0,269,57.7,,,,,,58.8,,,72.7,0,0,0,41,0,31,0,3,0
Jayden Flaig,176840,TE,SACRAMENTO,8,0,0,279,,,,59.9,,,59.3,,,68.6,0,0,0,0,2,34,0,0,0
Pate Haunga,176841,DI,SACRAMENTO,11,0,0,279,58.6,,,,,,59.3,,,67.4,0,0,0,30,0,0,0,4,0
Nick Afato,176843,LB,UC DAVIS,10,0,0,322,59.9,,,,,,61.1,,,74.0,0,0,0,2,0,34,16,5,0
Trent Carrade,176845,DI,UC DAVIS,6,0,0,322,90.6,,63.6,,,,91.4,,,68.7,0,0,13,7,0,0,0,0,0
Jordan Fisher,176847,HB,UC DAVIS,9,0,0,322,,,,,,,69.5,,,71.9,0,0,0,0,1,0,0,38,0
William Fowler,176848,S,UC DAVIS,11,1,0,322,60.0,,,,,,68.0,,,75.7,0,0,0,2,71,25,1,2,0
Sam Goligoski,176850,ED,UC DAVIS,13,0,0,322,60.0,,,,,,69.3,,,81.2,0,0,0,5,4,0,0,61,0
Ty Mazakas,176853,T,UC DAVIS,1,0,0,322,,,60.0,,,,61.0,,,61.8,0,0,3,0,0,0,0,0,0
Jack Morton,176854,S,UC DAVIS,1,0,0,322,,,,,,,60.0,,,64.5,0,0,0,0,0,0,1,0,0
Franz Pohlman,176855,TE,UC DAVIS,1,0,0,322,,,60.0,,,,60.0,,,64.5,0,0,1,0,0,0,0,0,0
Lamont Shamburger,176858,S,UC DAVIS,13,1,0,322,60.2,,,,,,73.5,,,77.4,1,0,0,48,72,0,0,63,5
Aaron Shebloski,176859,LB,UC DAVIS,5,1,0,322,,,,,,,56.5,,,69.6,1,0,0,0,8,2,0,6,0
Ian Simpson,176860,TE,UC DAVIS,13,0,1,322,,,,,,,56.3,,,29.2,0,1,0,0,19,41,13,2,0
Izaiah Souriolle,176861,C,UC DAVIS,8,0,0,322,,,75.6,,,,65.0,,,65.7,0,0,43,0,0,0,0,0,0
Matthew Staycer,176862,T,UC DAVIS,1,0,0,322,,,60.0,,,,60.0,,,61.0,0,0,1,0,0,0,0,0,0
Mason Merriwether,176865,C,CAMPBELL,2,0,0,131,,,61.9,,,,61.9,,,63.1,0,0,6,0,0,0,0,0,0
Andrew Guthrie,176867,G,CAMPBELL,12,0,0,131,,,73.6,,,,63.0,,,69.7,0,0,40,0,0,0,46,0,0
JaQuan Adams,176868,T,E TENN ST,2,0,0,157,,,60.0,,,,58.0,,,64.3,0,0,4,0,0,0,2,0,0
Raymond Macias,176870,DI,CAMPBELL,12,0,0,131,57.8,,,,,,57.7,,,70.3,0,0,0,38,0,0,0,0,0
Bobby Cleary,176871,LS,CAMPBELL,12,1,0,131,,,85.4,,,54.3,66.5,,,66.9,1,0,48,0,0,0,50,0,1
Joshua Pierce,176876,ED,CAMPBELL,4,0,0,131,58.8,,,,,,53.4,,,70.0,1,0,0,3,15,0,10,0,0
Zayvion McCluster,176877,LB,CAMPBELL,7,0,0,131,,,,,,,66.3,,,72.9,0,0,0,0,3,9,0,21,0
Aiden Valdez,176878,TE,CAMPBELL,12,0,0,131,,,73.8,59.2,,,63.0,,,78.3,0,0,48,0,2,75,32,14,0
Kenneth Kelly,176879,S,CAMPBELL,1,0,0,131,,,,59.9,,,62.2,,,67.8,0,0,0,0,6,4,0,3,0
Dane Reed,176881,CB,CAMPBELL,4,0,0,131,,,,,,,57.5,,,70.4,1,0,0,0,12,0,0,3,1
Diondre Glover,176882,CB,GARD-WEBB,12,1,0,171,59.6,,,,,,54.6,,,29.6,1,1,0,42,31,1,17,7,1
Jojo Pace,176884,S,CAMPBELL,11,0,0,131,56.7,,,,,,55.5,60.0,,69.9,0,0,0,56,8,0,7,1,1
Giovanni Adopte,176885,WR,GARD-WEBB,6,0,0,171,,,,,,,64.3,,,68.8,0,0,0,0,4,18,0,2,1
Ryan Bullard,176888,HB,CAMPBELL,1,0,0,131,,,,,,,42.3,,,26.0,1,1,0,0,3,0,6,1,1
Rashawn Carr,176889,LB,CAMPBELL,10,0,0,131,59.9,,,,,,45.7,,,30.7,0,1,0,8,47,50,0,20,2
Malik Willis,176890,CB,CAMPBELL,12,3,0,131,59.6,,,,,,65.2,,,49.9,1,1,0,20,46,0,32,19,1
Wendell McClain,176891,S,GARD-WEBB,7,0,0,171,59.7,,,,,,67.9,,,68.9,0,0,0,28,0,0,4,12,1
Barry Tate,176893,WR,CAMPBELL,6,0,1,131,,,,62.9,,,54.3,,,27.5,1,2,0,0,22,38,21,8,3
Cornelius Davis Jr.,176895,S,CAMPBELL,12,0,0,131,59.6,,,,,,60.1,,,78.8,0,1,0,31,39,30,37,24,4
A'mari Wilson,176896,ED,CAMPBELL,8,0,0,131,58.3,,,,,,57.9,,,65.0,0,0,0,15,0,0,0,0,0
Troy Berschwinger,176899,LB,ALBANY,12,0,0,106,59.7,,,,,,70.8,,,74.2,0,0,0,5,15,27,53,4,3
Anthony DiMeglio,176902,DI,ALBANY,9,0,0,106,,,60.0,,,,60.6,,,75.5,0,0,1,0,0,39,0,9,0
Dillon Dunathan,176904,LB,ALBANY,4,0,0,106,60.3,,,,,,59.6,,,70.5,1,0,0,15,15,0,16,6,1
Joey Koch,176908,HB,ALBANY,4,0,0,106,,,,,,,36.3,,,28.3,2,1,0,0,9,18,0,16,0
Joe McMahon,176910,G,ALBANY,12,0,0,106,,,72.4,,,,55.8,,,28.4,0,1,45,0,0,0,0,0,0
Jackson Nixon,176911,G,ALBANY,12,0,0,106,,,71.8,,,,63.5,,,67.1,0,0,38,0,0,0,53,0,0
Matthew Rappa,176913,LB,ALBANY,3,0,0,106,,,,,,,61.5,,,65.3,0,0,0,0,4,1,0,0,0
Cam Stodghill,176917,LB,ALBANY,12,2,0,106,59.7,,,,,,67.1,,,76.9,0,0,0,35,51,12,47,20,0
Asher Cunningham,176920,LB,ELON,7,0,0,162,59.8,,,,,,67.2,,,28.6,0,1,0,12,12,10,19,10,4
Brennan Davis,176921,CB,ELON,9,2,0,162,,,,,,,65.9,,,29.7,1,1,0,0,22,43,0,31,3
Dan Frederick,176923,HB,ELON,6,0,0,162,,,,60.9,,,61.0,,,67.9,0,0,0,0,3,21,0,4,0
Tony Hart III,176925,S,ELON,12,2,0,162,60.0,,,59.9,,,69.9,60.0,,29.4,4,2,0,1,61,56,58,56,13
Trey Hoffman,176926,LS,ELON,12,0,0,162,,,87.6,,,81.3,70.7,,,64.5,0,0,58,0,0,0,10,0,0
Darren James-Hamilton,176927,CB,ELON,3,0,0,162,60.0,,,,,,61.1,40.0,,68.4,0,0,0,4,5,7,0,8,0
Eric Jones,176928,CB,ELON,11,0,0,162,60.1,,,,,,53.5,,,28.5,3,2,0,7,39,8,12,52,4
Tommy Kane,176929,CB,ELON,1,0,0,162,,,,,,,60.0,,,63.0,0,0,0,0,0,1,0,0,0
Dylan Magazu,176930,TE,ELON,12,1,0,162,,,73.2,61.8,,,70.7,,,50.3,0,1,45,0,39,59,62,40,4
Michael Muldrow Jr.,176931,G,ELON,12,0,0,162,,,78.3,,,,65.7,,,64.3,0,0,58,0,0,0,0,0,0
Brayden Walker,176936,G,ELON,12,0,0,162,,,27.9,,,,49.6,,,76.1,0,0,58,0,0,0,0,0,0
Elijah Smalls,176940,TE,MAINE,10,0,0,212,,,60.0,59.9,,,39.5,,,27.1,0,4,3,0,6,48,10,24,0
Josh Derry,176941,WR,MONMOUTH,5,0,0,231,,,,59.9,,,53.5,,,69.1,1,0,0,0,1,7,9,0,0
Jackson Downey,176945,S,NEW HAMP,8,0,0,240,59.9,,,,,,56.9,,,73.4,1,0,0,12,12,9,0,17,1
Josh Farquharson,176947,CB,NEW HAMP,2,0,0,240,,,,,,,63.2,,,67.9,0,0,0,0,0,0,0,8,0
Denzell Gibson,176950,HB,NEW HAMP,1,0,0,240,,,,,,,60.9,,,69.3,0,0,0,0,0,8,0,0,0
Matt Guidebeck,176951,P,NEW HAMP,13,0,0,240,,,66.7,,,,62.1,,,61.2,0,0,55,0,0,0,0,0,0
Zachary Kim,176952,WR,NEW HAMP,8,1,0,240,,,,,,,66.3,,,78.0,0,0,0,0,33,36,0,14,0
Dominick Laudicina,176953,T,NEW HAMP,13,0,0,240,,,74.6,,,,56.7,,,28.2,0,1,55,0,0,0,0,0,0
Jordan Mcallister,176954,ED,NEW HAMP,12,2,0,240,59.4,,69.0,,,,75.7,,,76.2,0,0,26,12,19,30,0,33,2
Sean O'Neill,176956,P,BRYANT,10,0,0,124,,,,,,,44.0,,50.7,27.8,0,1,0,0,0,0,22,0,0
Sean Webb,176961,CB,NEW HAMP,12,0,0,240,60.4,,,,,,64.8,,,79.7,1,0,0,18,50,0,0,41,1
Tavian Williams,176962,CB,NEW HAMP,1,0,0,240,,,,,,,70.8,,,66.2,0,0,0,0,3,0,0,3,1
Charles Allen III,176963,T,STNY BROOK,10,0,0,303,,,77.4,,,66.0,60.1,,,28.5,0,1,54,0,0,0,0,0,0
Hunter Barlow,176967,C,STNY BROOK,11,0,0,303,,,75.1,,,,65.6,,,75.4,0,0,55,0,0,0,0,0,0
Parker Bolesta,176968,LB,STNY BROOK,2,0,0,303,,,,,,,62.5,,,69.5,0,0,0,0,3,0,0,2,0
Brandon Boria,176969,HB,STNY BROOK,7,0,0,303,,,,63.5,,,49.2,60.0,,72.3,2,0,0,0,2,33,11,14,0
Elijah Campbell,176971,CB,STNY BROOK,4,0,0,303,59.9,,,,,,63.2,,,69.3,0,0,0,1,6,0,0,6,0
Dylan Harris,176974,FB,STNY BROOK,7,0,0,303,59.9,,,,,,61.5,,,74.7,0,0,0,1,4,25,11,2,0
Miles McGoy,176978,CB,STNY BROOK,7,0,0,303,59.6,,,,,,62.5,,,69.7,0,0,0,14,4,0,0,10,0
Dominick Novello,176980,LB,STNY BROOK,12,0,0,303,60.0,,75.6,,,,69.2,,,78.7,0,0,64,1,27,57,0,28,3
Jaxon Witherspoon,176987,CB,STNY BROOK,8,0,0,303,60.0,,,,,,43.9,,,27.5,0,1,0,1,0,1,0,17,0
Tyrell Greene Jr.,176989,HB,TOWSON,2,0,0,317,,,,,,,70.5,,,66.6,0,0,0,0,0,10,0,0,0
Nick Haynes,176990,LB,TOWSON,11,0,0,317,,,,,,,54.2,,,28.8,0,1,0,0,39,12,0,14,1
Myles Johnson,176992,CB,TOWSON,12,0,1,317,59.4,,,,,,54.1,,,29.7,1,2,0,22,62,48,34,30,2
CJ McClendon,176994,S,TOWSON,10,0,0,317,60.0,,,,,,66.9,,,72.6,0,0,0,3,5,0,0,34,0
Gordon Neal,176996,WR,TOWSON,1,0,0,317,,,,,,,59.9,,,64.5,0,0,0,0,0,3,0,0,0
Rodney Roane,177001,LB,TOWSON,2,0,0,317,,,,,,,60.0,,,87.9,0,0,0,0,0,0,0,3,0
Carter Runyon,177002,TE,TOWSON,5,0,0,317,,,,,,,60.5,,,68.8,0,0,0,0,0,17,0,0,0
CJ Schaeffer,177003,TE,TOWSON,12,0,0,317,,,74.3,,,,63.3,,,66.7,0,0,54,0,0,25,0,0,0
Jaden Boring,177006,LB,WM & MARY,10,0,0,348,59.8,,,,,,67.6,,,74.7,0,0,0,16,30,24,27,7,2
Leonte Oulahi,177007,WR,WM & MARY,7,0,0,348,,,,,,,58.9,,,29.3,0,1,0,0,19,14,19,22,2
Jake Worthen,177009,LB,WM & MARY,11,0,0,348,,,,,,,65.3,,,73.0,0,0,0,0,44,18,3,22,0
Marquise Brunson,177011,DI,DELWARE ST,11,0,0,152,69.7,,,,,,76.1,,,69.6,0,0,0,47,0,0,3,5,0
Alexander Cossignani,177012,DI,DELWARE ST,10,0,0,152,59.0,,69.8,,,,62.4,,,67.4,0,0,29,7,0,9,1,5,0
Jaden Stewart,177014,QB,DELWARE ST,1,0,0,152,,,,,,,60.0,,,62.7,0,0,0,0,0,1,0,0,0
Kadarrell Barrett,177017,CB,DELWARE ST,2,0,0,152,,,,,,,61.1,,,70.2,0,0,0,0,0,11,0,0,0
Alex Perry,177019,HB,DELWARE ST,4,0,0,152,60.0,,,,,,76.5,,,69.1,0,0,0,1,14,0,3,0,3
Jamir Richardson,177021,CB,DELWARE ST,7,0,0,152,60.0,,,,,,52.3,,,28.9,0,1,0,1,6,33,0,15,0
Hamin Anderson,177025,CB,DELWARE ST,1,0,0,152,,,,,,,59.7,,,67.4,0,0,0,0,0,0,3,0,0
Chandler Swoope,177026,CB,DELWARE ST,12,0,0,152,60.0,,,,,,69.7,,,79.9,1,0,0,21,40,36,28,27,4
Josiah Chenault,177028,C,HOWARD,2,0,0,184,,,60.0,,,,60.0,,,63.1,0,0,4,0,0,0,1,0,0
Ishaun Abdul-Ali,177031,ED,HOWARD,11,1,0,184,58.6,,60.0,,,,67.5,,,71.9,0,0,3,35,25,0,4,10,2
Nathanial Clark,177033,TE,HOWARD,11,0,0,184,,,72.1,,,,63.1,,,63.1,0,0,40,0,0,0,2,0,0
Cyrus Wilson,177035,WR,HOWARD,11,0,0,184,,,,59.4,,,63.6,,,78.8,0,0,0,0,2,45,12,38,0
Bryce Jackson,177036,CB,HOWARD,9,0,0,184,60.0,,,,,,61.2,,,77.1,0,1,0,1,2,15,7,28,0
Joseph Tabe,177038,CB,HOWARD,9,0,0,184,60.0,,,,,,57.8,,,42.3,1,1,0,7,4,1,28,25,1
Anthony Bivines,177039,CB,HOWARD,3,0,0,184,59.8,,,,,,60.8,,,65.9,0,0,0,5,0,6,0,3,0
Dre Miller-Ross,177040,CB,HOWARD,7,0,0,184,,,,59.6,,,58.9,,,70.0,0,0,0,0,0,29,0,7,0
AJ Smith-Jones,177041,CB,HOWARD,12,0,0,184,,,,,,,59.1,,,76.9,1,0,0,0,24,0,48,19,1
Se'Quan Osborne,177042,WR,HOWARD,7,0,0,184,,,,,,,69.5,,,71.3,0,0,0,0,0,0,19,0,0
Ja'Son Prevard,177049,CB,MORGAN ST,11,0,0,235,59.9,,,,,,55.9,,,30.0,0,1,0,36,5,1,2,10,0
Julian Noel,177051,CB,MORGAN ST,4,0,0,235,60.0,,,,,,75.3,,,66.9,0,0,0,1,9,0,0,4,3
Malique Leatherbury,177052,WR,MORGAN ST,12,0,0,235,60.2,,,59.4,,,60.5,76.3,,68.3,0,0,0,7,0,13,0,54,0
Elijah McKenzie,177054,CB,MORGAN ST,12,4,0,235,59.9,,,,,,72.2,,,48.6,0,1,0,1,46,0,46,17,3
Jayden Chappell,177058,G,NORFOLK,10,0,0,244,,,70.7,,,,63.8,,,65.4,0,0,35,0,0,0,0,0,0
Samuel Eskridge,177059,T,NORFOLK,2,0,0,244,,,60.0,,,,61.5,,,67.1,0,0,5,0,0,0,5,0,0
Dantey Menard,177060,DI,NORFOLK,7,0,0,244,58.8,,,,,,59.2,,,65.7,0,0,0,7,0,0,1,2,0
David Olasimbo,177062,T,NORFOLK,4,0,0,244,,,,,,,60.9,,,64.8,0,0,0,0,0,0,25,0,0
Grant Gaffney,177063,DI,NORFOLK,5,0,0,244,59.3,,,,,,61.2,,,67.6,0,0,0,6,0,0,0,6,0
Taesean Burt,177065,TE,NORFOLK,5,0,0,244,,,60.0,,,,66.3,,,68.9,0,0,5,0,0,19,0,0,0
AJ Richardson,177067,LB,NORFOLK,12,1,0,244,59.7,,,,,,57.4,,,28.1,1,2,0,47,27,0,16,13,3
Miguel Rijo,177069,LB,NORFOLK,1,0,0,244,,,,,,,60.5,,,64.2,0,0,0,0,0,3,0,0,0
Jamare Robinson,177075,LB,NORFOLK,11,1,0,244,59.8,,,,,,62.8,,,69.6,1,0,0,3,43,0,0,2,1
Ryan Thompson,177076,S,NORFOLK,3,0,0,244,,,,,,,62.5,,,71.1,0,0,0,0,0,11,0,4,0
Noah Tracey,177081,K,NORFOLK,12,0,0,244,,,61.3,,60.0,,63.6,,44.5,75.4,0,2,12,0,1,0,68,0,1
Aaron Evans,177082,CB,NORFOLK,5,0,0,244,60.0,,,,,,62.5,,,67.6,0,0,0,1,2,13,0,9,0
Isaiah Ceus,177085,S,NORFOLK,6,1,0,244,60.0,,,,,,83.0,,,70.1,0,0,0,1,19,0,4,2,6
Eric Adams,177086,S,NC CENT,11,0,0,247,60.2,,,,,,82.7,,,79.8,0,0,0,7,51,43,39,45,6
Jaylen Bowden,177087,CB,NC CENT,8,0,0,247,59.6,,,,,,63.4,,,76.1,0,0,0,15,0,0,0,28,0
Daunte Hall,177091,S,NC CENT,8,1,0,247,60.0,,,,,,70.9,,,69.0,0,0,0,1,37,0,0,3,1
Wade Harris,177092,CB,NC CENT,7,0,1,247,60.0,,,,,,49.5,,,27.3,0,1,0,2,15,0,0,11,1
Brandon Sanders,177095,LB,NC CENT,7,1,0,247,60.0,,,,,,70.8,,,72.8,0,0,0,1,13,0,0,29,1
C.J. Dickerson,177099,HB,NC CENT,4,0,0,247,,,,,,,53.3,,,71.0,0,0,0,0,14,0,1,0,0
A.C. McMoore,177101,G,NC CENT,11,0,0,247,,,75.3,,,,64.5,,,64.9,0,0,40,0,0,0,19,0,0
David Jacobs,177102,T,NC CENT,1,0,0,247,,,,,,,60.0,,,63.3,0,0,0,0,0,0,0,0,0
Ja'Quan Sprinkle,177103,G,NC CENT,6,0,0,247,,,68.6,,,,63.3,,,65.2,0,0,28,0,0,0,0,0,0
Ty Lawrence,177105,T,NC CENT,1,0,0,247,,,60.0,,,,60.1,,,66.1,0,0,2,0,0,0,0,0,0
Trey Goodridge,177108,WR,NC CENT,8,0,0,247,,,,59.6,,,55.3,,,29.2,0,1,0,0,5,22,4,35,0
Sterling Greene,177109,WR,NC CENT,1,0,0,247,,,,,,,60.0,53.1,,63.9,0,0,0,0,0,0,0,5,0
Chance Peterson,177110,WR,NC CENT,2,0,0,247,,,,59.9,,,60.0,29.8,,63.8,0,0,0,0,0,1,0,5,0
Kayode Amusan,177111,ED,ILL STATE,14,0,0,188,59.9,,,,,,63.8,,,74.0,0,0,0,3,21,62,0,0,0
Patrick Bauer,177112,ED,ILL STATE,14,0,0,188,59.6,,,,,,62.3,,,71.8,1,0,0,36,11,0,38,10,2
Anthony Corona,177114,LB,ILL STATE,1,0,0,188,,,,,,,61.6,,,67.7,0,0,0,0,8,3,0,0,0
Steven Curtis,177115,DI,ILL STATE,14,0,0,188,58.9,,,,,,61.3,,,72.1,0,0,0,43,0,9,0,18,0
Tommy Donovan,177116,WR,ILL STATE,12,0,0,188,,,,58.0,,,66.4,,,29.6,0,1,0,0,67,5,0,0,3
Hayden Futch,177120,K,ILL STATE,14,0,0,188,,,67.2,,,,63.6,,60.8,73.4,0,2,63,0,0,0,64,0,0
Mark Haering,177121,LB,ILL STATE,9,0,0,188,60.0,,,,,,68.3,,,90.3,0,0,0,1,46,0,0,0,0
Brayden Jellison,177123,G,ILL STATE,2,0,0,188,,,60.0,,,,61.4,,,62.0,0,0,4,0,0,0,0,0,0
Travis Jones,177124,DI,ILL STATE,5,0,0,188,58.9,,,,,,59.8,,,65.4,0,0,0,5,0,0,0,2,0
Paul Omodia,177127,CB,ILL STATE,11,0,0,188,59.9,,,,,,71.1,,,72.7,0,0,0,1,0,0,18,12,2
Teon Parks,177128,CB,ILL STATE,14,0,0,188,59.2,,,,,,64.8,,,43.3,1,1,0,45,60,0,17,47,4
Brady Probst,177129,TE,ILL STATE,5,0,0,188,,,,,,,58.8,,,67.9,0,0,0,0,0,19,0,0,0
Evan Sierra,177131,S,ILL STATE,13,0,0,188,60.0,,,,,,66.0,,,78.0,0,0,0,3,70,0,4,18,0
Jamarcus Smith,177132,LB,ILL STATE,14,0,0,188,60.0,,,,,,57.2,,,29.7,0,2,0,1,63,62,0,1,0
Chris Taylor,177134,CB,ILL STATE,10,1,0,188,,,,,,,53.3,,,26.9,0,3,0,0,53,0,0,2,1
Alama Collins,177137,DI,MO STATE,1,0,0,230,59.8,,,,,,60.0,,,62.7,0,0,0,1,0,0,0,0,0
Avery Powell,177141,CB,MO STATE,12,0,0,230,59.6,,,,,,59.0,,,77.1,2,0,0,37,76,0,0,10,4
Ethan Boll,177144,LB,N DAKOTA,7,0,0,249,59.8,,,,,,66.7,,,74.0,0,0,0,4,29,27,0,5,1
Ben Buxa,177146,C,N DAKOTA,9,0,0,249,,,73.4,,,,64.2,,,70.3,0,0,37,0,0,5,6,0,0
Logyn Eckheart,177148,DI,N DAKOTA,1,0,0,249,59.6,,,,,,59.8,,,62.4,0,0,0,1,0,0,0,0,0
Tyler Erkman,177149,S,N DAKOTA,11,0,0,249,59.7,,,,,,79.4,,,74.4,0,0,0,32,0,0,28,34,2
Isaac Folland,177150,G,N DAKOTA,1,0,0,249,,,60.0,,,,60.0,,,61.0,0,0,1,0,0,0,0,0,0
Michael Gross,177152,WR,N DAKOTA,5,0,0,249,,,,,,,59.6,,,70.8,0,0,0,0,2,1,13,2,0
Kellen Kinzer,177156,ED,N DAKOTA,2,0,0,249,60.0,,,,,,60.4,,,64.3,0,0,0,2,0,0,0,1,0
Sam Klestinski,177157,K,N DAKOTA,1,0,0,249,,,,,,,60.0,,60.0,64.0,0,0,0,0,0,0,1,0,0
Jacob Lopau,177158,T,N DAKOTA,2,0,0,249,,,60.0,,,,60.1,,,61.8,0,0,1,0,0,0,1,0,0
Owen McCloud,177159,LB,N DAKOTA,12,0,0,249,60.0,,,59.4,,,64.8,,,77.3,0,0,0,1,12,69,0,0,1
Braden Mohr,177160,ED,N DAKOTA,1,0,0,249,59.7,,,,,,60.0,,,61.8,0,0,0,1,0,0,0,0,0
Adam Poncelet,177162,WR,N DAKOTA,1,0,0,249,,,,,,,60.0,,,62.2,0,0,0,0,0,1,0,0,0
Lance Rucker,177163,ED,N DAKOTA,12,0,0,249,59.8,,,,,,62.7,,,72.9,0,0,0,48,0,0,0,22,0
Matthew Schoenecker,177164,T,N DAKOTA,1,0,0,249,,,60.0,,,,60.0,,,60.9,0,0,1,0,0,0,0,0,0
Sawyer Seidl,177166,HB,N DAKOTA,11,0,1,249,60.0,,,66.7,,,46.8,,,28.3,0,1,0,1,0,64,0,7,0
Korey Tai,177167,WR,N DAKOTA,1,0,0,249,,,,60.0,,,60.0,,,61.2,0,0,0,0,0,1,0,0,0
Kaden Vig,177168,DI,N DAKOTA,10,0,0,249,72.4,,,,,,80.0,,,66.9,0,0,0,45,0,0,0,0,0
Marcus Wahl,177169,CB,N DAKOTA,2,0,0,249,,,,,,,60.7,,,65.5,0,0,0,0,1,0,0,2,0
Jonathan Harvey,177171,HB,N DAK ST,1,0,0,250,,,,,,,61.0,,,66.1,0,0,0,0,0,0,0,3,0
Ian Collins,177176,WR,N IOWA,4,0,0,255,,,,,,,69.8,,,74.9,0,0,0,0,18,25,0,5,2
JC Roque Jr.,177181,WR,N IOWA,7,0,0,255,,,,,,,60.9,51.3,,66.2,0,0,0,0,0,0,0,21,0
Larenzo Fenner,177187,WR,S DAKOTA,13,0,0,291,,,,,,,60.8,,,69.4,0,0,0,0,3,46,0,0,0
Gabriel Hardman,177191,LB,S DAKOTA,13,0,0,291,60.1,,,,,,78.1,,,76.6,0,0,0,10,68,2,14,26,5
Lenard Hill,177192,ED,S DAKOTA,4,0,0,291,,,,,,,62.4,,,65.6,0,0,0,0,8,0,0,0,0
Jesse Miller,177198,TE,S DAKOTA,10,0,0,291,,,71.9,,,,63.9,,,62.2,0,0,38,0,0,0,0,0,0
Lendon Phillips Jr.,177200,HB,S DAKOTA,13,0,0,291,,,,59.9,,,58.3,,,70.4,0,0,0,0,0,49,0,0,0
Reed Rus,177202,ED,S DAKOTA,1,0,0,291,,,,,,,60.0,,,64.6,0,0,0,0,1,0,0,0,0
Curtis Thomas,177204,WR,S DAKOTA,10,0,0,291,,,,,,,63.3,,,72.2,0,0,0,0,0,0,0,29,0
Roman Tillmon,177205,S,S DAKOTA,13,0,0,291,60.1,,,,,,70.7,,,75.1,0,0,0,11,48,11,4,32,3
Brenden Begeman,177209,HB,S DAK ST,6,0,0,292,,,,,,,70.0,,,68.7,0,0,0,0,7,0,0,2,1
Kenyon BigBow,177210,T,S DAK ST,4,0,0,292,,,60.0,,,,61.4,,,63.9,0,0,6,0,0,0,0,0,0
Andrew Gustad,177213,TE,S DAK ST,2,0,0,292,,,,,,,60.7,,,64.4,0,0,0,0,2,1,0,0,0
Bryce Hawthorne,177214,DI,S DAK ST,5,0,0,292,59.1,,,,,,59.4,,,65.4,0,0,0,7,0,0,0,2,0
Jackson Kerstin,177217,G,S DAK ST,1,0,0,292,,,60.0,,,,60.0,,,63.4,0,0,1,0,0,0,0,0,0
Reis Kirschenman,177218,ED,S DAK ST,9,0,0,292,59.4,,,,,,60.0,,,64.9,0,0,0,13,0,0,0,1,0
Joseph Neumann,177220,TE,S DAK ST,2,0,0,292,,,60.0,,,,60.0,,,61.6,0,0,2,0,0,0,0,0,0
William Paepke,177221,G,S DAK ST,10,0,0,292,,,74.7,,,,65.1,,,70.4,0,0,41,0,0,0,0,0,0
Kentrell Prejean,177222,WR,S DAK ST,8,0,0,292,,,,58.7,,,61.1,65.2,,64.8,0,0,0,0,1,5,0,10,0
Noah St-Juste,177225,CB,S DAK ST,6,0,0,292,59.9,,,,,,74.6,,,74.3,0,0,0,1,8,0,1,26,0
Davin Stoffel,177226,TE,S DAK ST,14,0,0,292,,,76.5,,,,68.0,,,69.0,0,0,67,0,0,13,38,1,1
Kolten Tilford,177227,S,S DAK ST,14,1,0,292,60.1,,,51.6,,,79.5,60.0,,82.5,0,0,0,7,67,4,43,55,4
Chase Van Tol,177228,CB,S DAK ST,14,1,0,292,59.9,,,,,,74.8,,,65.3,1,1,0,10,84,30,12,57,6
Kirby Vorhees,177229,HB,S DAK ST,9,0,0,292,,,,54.5,,,61.9,,,74.0,0,0,0,0,11,30,16,16,2
Nick Wells,177230,ED,S DAK ST,2,0,0,292,59.6,,,,,,60.3,,,64.0,0,0,0,2,0,0,0,1,0
Griffin Wilde,177231,WR,S DAK ST,3,0,0,292,,,,,,,57.4,,,64.4,0,0,0,0,0,2,2,0,0
Vinny Pierre Jr.,177234,S,S ILLINOIS,12,1,0,295,59.8,,,,,,54.6,,,29.1,0,2,0,6,47,68,53,38,1
Colby Ryan,177235,LB,S ILLINOIS,2,0,0,295,,,,,,,61.8,,,70.4,0,0,0,0,3,0,0,4,0
Cruz Mobley,177238,LB,YNGTOWN ST,1,0,0,353,60.0,,,,,,60.0,,,62.9,0,0,0,1,0,0,0,0,0
Lacory Walker Jr.,177240,CB,LIUSHAR,1,0,0,1298,,,,,,,60.6,,,66.1,0,0,0,0,0,0,0,3,0
Nyrel Sevilla,177242,LB,LIUSHAR,9,0,0,1298,59.8,,,,,,62.9,,,76.4,0,0,0,11,1,44,0,9,0
Jorden Bennett,177243,CB,LIUSHAR,12,0,0,1298,,,,,,,58.1,,,72.3,0,0,0,0,19,64,15,1,0
Jahmil Perryman,177257,WR,ST FRANCIS,11,0,0,299,,,,55.0,,,59.5,61.4,,66.0,0,0,0,0,2,45,0,4,0
Keith Bourque,177260,LB,LIUSHAR,12,0,0,1298,60.1,,,,,,77.1,,,74.9,0,0,0,2,26,55,24,9,5
Janier Armstead,177270,ED,SACR HEART,9,0,0,280,59.8,,,,,,63.3,,,70.3,0,0,0,25,0,0,0,21,0
Jake Beam,177272,T,SACR HEART,5,0,0,280,,,65.2,,,,63.3,,,71.1,0,0,16,0,0,0,0,0,0
Gio Boone,177281,LB,SACR HEART,9,0,0,280,,,,61.8,,,71.1,,,74.1,0,0,0,0,36,36,0,4,4
Brendan Errity,177283,TE,SACR HEART,10,0,0,280,,,,59.6,,,60.6,,,72.0,0,0,0,0,0,44,0,0,0
Amier Burdine,177284,S,SACR HEART,10,0,0,280,59.8,,,,,,60.9,,,76.6,0,0,0,2,0,39,0,17,0
Cole Canty,177286,T,SACR HEART,11,0,0,280,,,74.6,,,,64.2,,,65.5,0,0,36,0,0,0,19,0,0
Nathaniel Chandler,177287,DI,SACR HEART,9,0,0,280,58.3,,,,,,65.1,,,71.4,0,0,0,17,0,0,50,12,1
Peter Costigan,177288,S,SACR HEART,2,0,0,280,60.0,,,,,,60.5,,,64.6,0,0,0,1,0,0,7,0,0
Ben Evee,177289,WR,SACR HEART,2,0,0,280,,,,,,,60.2,,,62.9,0,0,0,0,2,0,0,0,0
Tristan Counter,177290,DI,SACR HEART,1,0,0,280,,,60.0,,,,60.5,,,61.3,0,0,3,0,0,0,0,0,0
Mike Deitelbaum,177291,LB,SACR HEART,8,1,0,280,,,,,,,65.6,,,70.5,0,0,0,0,16,25,0,4,0
Luke Hackett,177293,LB,SACR HEART,11,0,0,280,59.2,,,,,,60.5,,,47.6,0,1,0,9,32,13,53,21,1
Kyle Hall,177295,LB,SACR HEART,11,0,0,280,60.1,,,,,,55.1,,,30.0,0,2,0,5,38,47,6,23,1
Jared Hirschfeld,177298,DI,SACR HEART,6,0,0,280,59.1,,60.0,,,,67.6,,,66.3,0,0,3,5,0,0,25,1,1
Daimon Jacobs,177300,S,SACR HEART,11,0,0,280,59.6,,,,,,55.6,,,72.3,1,0,0,8,6,17,4,10,0
Ethan Hilliman,177302,WR,SACR HEART,2,0,0,280,60.0,,,,,,61.1,,,64.1,0,0,0,1,1,0,0,2,0
Ryan Palmieri,177314,S,SACR HEART,11,0,0,280,59.8,,,52.0,,,72.9,63.6,,78.3,1,0,0,12,23,10,56,19,5
Jason Palmieri,177319,WR,SACR HEART,8,0,0,280,,,,55.1,,,65.7,65.4,,65.9,0,0,0,0,18,20,0,14,1
Glory Stephen-Wangboje,177325,DI,SACR HEART,6,0,0,280,58.9,,,,,,61.4,,,70.1,0,0,0,12,0,0,0,10,0
Ethan Tracy,177333,WR,SACR HEART,1,0,0,280,,,,,,,60.6,,,67.6,0,0,0,0,0,4,0,0,0
Nicholas Yanchuk,177336,HB,SACR HEART,8,0,0,280,,,,,,,51.8,,,28.3,0,1,0,0,17,32,0,5,0
Mason VonJess,177339,K,SACR HEART,11,0,0,280,,,,,,,63.4,,54.2,75.0,0,0,0,0,0,0,60,0,1
Dara Adeyemi,177340,ED,BUCKNELL,12,0,0,125,60.0,,76.7,,,,66.3,,,77.0,0,0,62,2,0,0,0,0,0
Tim Andersen,177341,C,BUCKNELL,9,0,0,125,,,,,,,61.0,,,67.2,0,0,0,0,0,0,45,0,0
Isaac Perkins,177343,G,COLGATE,12,0,0,142,,,76.2,,,,65.1,,,64.0,0,0,44,0,0,0,0,0,0
Ashawn Sims,177344,DI,COLGATE,8,0,0,142,58.7,,,,,,59.0,,,65.8,0,0,0,14,0,0,0,1,0
Michael Doctor,177348,WR,FORDHAM,2,0,0,168,,,,,,,61.9,,,69.4,0,0,0,0,5,8,0,5,0
Owen Duetsch,177349,T,FORDHAM,9,0,0,168,,,68.1,,,,63.5,,,67.5,0,0,24,0,0,0,0,0,0
Joey Duggan,177350,WR,FORDHAM,1,0,0,168,,,,,,,60.0,,,63.5,0,0,0,0,0,0,0,1,0
Ricky Gonzalez II,177351,WR,FORDHAM,3,0,0,168,,,,,,,65.2,,,71.6,0,0,0,0,1,0,0,10,0
Dylan Haines,177352,C,FORDHAM,1,0,0,168,,,,,,,60.0,,,63.3,0,0,0,0,0,0,0,0,0
Justin Johnson,177356,CB,FORDHAM,4,0,0,168,59.9,,,,,,62.8,,,73.2,0,0,0,5,4,18,3,16,0
Mathani Paul-Swinson,177359,S,FORDHAM,2,0,0,168,60.1,,,,,,62.4,,,64.6,0,0,0,9,0,0,0,5,0
KJ Reed,177360,WR,FORDHAM,9,0,0,168,,,,58.6,,,64.8,,,69.7,0,0,0,0,0,22,0,28,0
Jacob Rodriguez,177361,HB,FORDHAM,3,0,0,168,,,,,,,65.8,,,78.8,0,0,0,0,9,0,0,9,1
Colin Van Rooy,177362,T,FORDHAM,1,0,0,168,,,,,,,60.0,,,63.3,0,0,0,0,0,0,0,0,0
Nicholas Dunneman,177364,WR,GEORGETOWN,10,0,0,172,,,,60.0,,,61.5,57.0,,67.8,0,0,0,0,0,2,0,50,0
Natale Frangione,177365,DI,GEORGETOWN,9,0,0,172,58.7,,,,,,59.1,,,70.3,0,0,0,17,0,0,0,0,0
Cody Pham,177367,LB,GEORGETOWN,11,0,0,172,59.8,,,,,,59.3,,,75.3,1,0,0,10,30,15,5,19,1
Dez Thomas II,177368,QB,GEORGETOWN,1,0,0,172,,,60.0,,,,60.0,,,60.9,0,0,2,0,0,0,0,0,0
Garrett Baldwin,177370,S,HOLY CROSS,12,1,0,181,60.0,,,,,,60.9,,,28.8,0,2,0,1,38,56,0,48,3
Bradford Blattner,177372,T,HOLY CROSS,5,0,0,181,,,69.8,,,,64.0,,,72.8,0,0,26,0,0,0,0,0,0
Jayden Clerveaux,177373,HB,HOLY CROSS,8,0,0,181,,,,56.9,,,59.0,,,63.7,0,0,0,0,0,26,0,0,0
Carlo Crocetti,177375,S,HOLY CROSS,12,2,0,181,,,75.1,51.7,,,72.4,,,74.9,1,0,57,0,48,42,53,7,6
Ross Dansdill,177376,ED,HOLY CROSS,2,0,0,181,,,,,,,91.1,,,73.8,0,0,0,0,0,0,0,14,0
Adam Due,177377,CB,HOLY CROSS,3,0,0,181,59.6,,,,,,46.0,,,84.0,2,1,0,7,16,9,0,8,0
Jovan George,177380,DI,HOLY CROSS,2,0,0,181,90.3,,,,,,91.6,,,64.9,0,0,0,8,0,0,0,0,0
Cam Jones,177384,CB,HOLY CROSS,11,0,0,181,59.2,,,,,,63.8,,,72.9,0,0,0,40,0,3,0,19,0
Cameron Mills,177387,CB,HOLY CROSS,4,0,0,181,60.0,,,,,,61.1,,,68.6,0,0,0,6,0,0,4,2,0
Charly Mullaly,177388,WR,HOLY CROSS,2,0,0,181,,,,,,,60.3,,,68.4,0,0,0,0,0,1,0,1,0
Keating Oliver,177389,DI,HOLY CROSS,1,0,1,181,,,,,,,60.0,,,23.5,0,1,0,0,0,0,0,1,0
Chisom Onwuzurigbo,177390,CB,HOLY CROSS,9,0,0,181,60.3,,,,,,70.2,,,71.7,0,0,0,12,34,0,0,17,2
Daniel Porto,177392,K,HOLY CROSS,12,0,0,181,,80.6,,,50.5,,63.6,,60.0,75.8,0,0,57,0,64,0,1,0,0
William Robinson,177394,ED,HOLY CROSS,4,0,0,181,90.1,,,,,,91.3,,,65.1,0,0,0,13,0,0,0,0,0
Cam Santee,177396,ED,HOLY CROSS,12,0,0,181,59.7,,,,,,74.0,,,76.0,1,0,0,6,64,2,0,11,5
Drew Spinogatti,177398,LB,HOLY CROSS,12,0,0,181,60.2,,,,,,54.5,,,28.4,1,2,0,12,64,0,39,0,4
Brice Stevenson,177399,DI,HOLY CROSS,8,0,0,181,58.1,,,,,,58.2,,,65.9,0,0,0,25,0,0,11,0,0
Eli Thompson,177400,CB,HOLY CROSS,8,0,0,181,59.8,,,,,,61.6,,,71.2,0,0,0,25,0,0,1,4,0
Maxwell Warren,177401,WR,HOLY CROSS,9,0,0,181,,,,64.0,,,51.0,,,78.3,2,0,0,0,31,8,40,23,1
Sean Woods,177403,C,HOLY CROSS,2,0,0,181,,,16.3,,,,27.4,,,65.4,0,0,9,0,0,0,0,0,0
Jackson Bennett,177406,HB,BROWN,3,0,0,123,,,,,,,61.8,,,68.0,0,0,0,0,0,12,0,5,0
Cap Davis,177410,S,BROWN,3,1,0,123,60.0,,,,,,58.0,,,70.8,1,0,0,2,15,0,0,3,0
Brady Dever,177411,QB,BROWN,1,0,0,123,,,,,,,60.0,,,61.4,0,0,0,0,0,0,0,1,0
Charlie Pe'a-Shropshire,177417,C,BROWN,10,0,0,123,,,72.0,,,,64.3,,,66.3,0,0,40,0,0,0,0,0,0
Pierce Leverett,177419,TE,BROWN,3,0,0,123,,,60.0,,,,63.6,,,69.3,0,0,8,0,0,0,0,6,0
Kalyl Lindsey,177420,S,BROWN,5,0,0,123,60.2,,,,,,62.5,,,73.1,0,0,0,12,0,0,0,3,0
Levi Linowes,177421,TE,BROWN,10,0,0,123,,,,,,,53.2,,,29.2,0,1,0,0,0,62,0,0,0
Max Malo,177422,LB,BROWN,9,0,0,123,59.9,,,,,,62.9,,,78.8,0,0,0,13,11,48,9,4,0
Michael McGhee,177424,HB,BROWN,1,0,0,123,,,,,,,59.2,,,66.4,0,0,0,0,0,9,0,0,0
Stefano Montella,177425,LB,BROWN,10,0,0,123,60.0,,,,,,70.9,,,78.6,0,0,0,9,46,62,29,17,2
Jamari Myers,177427,CB,BROWN,3,0,0,123,,,,,,,61.8,,,69.6,0,0,0,0,4,8,0,3,0
Michael Nesbit,177428,WR,BROWN,8,0,0,123,,,,,,,64.7,,,72.9,0,0,0,0,0,0,0,22,0
Brock Owen,177430,S,BROWN,1,0,0,123,,,,,,,60.0,,,67.3,0,0,0,0,0,0,0,2,0
Charlie Pietrosante,177431,T,BROWN,1,0,0,123,,,60.0,,,,61.2,,,67.2,0,0,4,0,0,0,0,0,0
Najih Rahman,177432,WR,BROWN,3,0,0,123,,,,,,,60.0,63.9,,64.3,0,0,0,0,0,0,0,7,0
Michael Reddick,177433,ED,BROWN,3,0,0,123,59.6,,,,,,59.2,,,66.6,0,0,0,2,0,0,5,0,0
Benjamin Taylor,177436,TE,BROWN,1,0,0,123,,,,,,,60.0,,,64.3,0,0,0,0,0,8,0,0,0
Danny Thompson,177437,G,BROWN,3,0,0,123,,,65.4,,,,62.6,,,63.8,0,0,10,0,0,0,0,0,0
Camryn Williams-Dalton,177438,CB,BROWN,10,0,0,123,59.8,,,,,,67.2,,,73.8,0,0,0,8,42,0,0,32,1
Marcus Lenz,177441,WR,COLUMBIA,1,0,0,145,,,,,,,60.1,,,64.0,0,0,0,0,0,3,0,0,0
Xaviah Bascon,177444,HB,HARVARD,10,0,0,179,,,,59.8,,,52.2,,,66.1,0,0,0,0,3,44,17,3,0
Jack Crowley,177447,ED,HARVARD,1,0,0,179,,,,,,,60.0,,,63.8,0,0,0,0,0,0,0,1,0
Spencer Doan,177450,T,HARVARD,10,0,0,179,,,74.2,,,,65.0,,,75.2,0,0,47,0,0,0,1,0,0
Jack Donahoe,177451,S,HARVARD,10,0,0,179,59.7,,,,,,69.3,,,83.2,0,0,0,6,57,37,37,25,3
Josh Fedd,177452,ED,HARVARD,1,0,0,179,,,,,,,60.0,,,63.8,0,0,0,0,0,0,0,1,0
Seamus Gilmartin,177453,TE,HARVARD,10,0,0,179,,,,63.5,,,59.9,,,75.4,0,0,0,0,1,30,31,5,0
Austin-Jake Guillory,177454,CB,HARVARD,10,0,0,179,59.5,,,,,,66.6,,,79.5,0,0,0,21,58,0,3,29,1
Damien Henderson,177455,CB,HARVARD,10,0,0,179,59.7,,,,,,57.6,,,31.0,0,1,0,31,18,0,8,35,1
Owen Johnson,177457,LB,HARVARD,4,0,0,179,,,,,,,63.1,,,66.6,0,0,0,0,15,0,1,1,0
Isaiah Kacyvenski Jr.,177458,S,HARVARD,2,0,0,179,,,,,,,63.8,,,70.8,0,0,0,0,2,0,0,7,0
Jacinto Lopez,177459,DI,HARVARD,4,0,0,179,,,65.5,,,,63.1,,,64.2,0,0,19,0,0,0,0,1,0
Ryan Mooney,177460,WR,HARVARD,1,0,0,179,,,,,,,60.0,,,63.8,0,0,0,0,0,0,0,1,0
Thomas O'Brien,177462,T,HARVARD,10,0,0,179,,,73.9,,,,65.2,,,75.1,0,0,47,0,0,0,0,0,0
Logan Reaska,177464,TE,HARVARD,5,0,0,179,,,68.1,,,,63.0,,,64.3,0,0,23,0,0,3,0,0,0
Langston Rogers,177465,CB,HARVARD,5,0,0,179,60.0,,,,,,63.4,,,71.3,0,1,0,3,5,0,0,13,0
Stephen Scourtis,177466,ED,HARVARD,2,0,0,179,,,60.0,,,,61.8,,,63.5,0,0,6,0,0,0,0,1,0
Conor Walsh,177469,S,HARVARD,1,0,0,179,,,,,,,60.0,,,63.9,0,0,0,0,1,0,0,0,0
Dante Barone,177471,TE,PENN,10,0,0,267,,,73.3,,,,63.5,,,66.3,0,0,47,0,0,14,0,0,0
Darius Beauvoir,177472,S,PENN,9,0,0,267,,,,,,,61.1,,,78.4,1,0,0,0,51,5,0,20,0
Zach Darche,177475,LB,PENN,10,0,0,267,,,71.1,,,84.4,64.7,,,66.1,1,0,47,0,4,0,29,0,1
Christian de Villiers,177476,P,PENN,1,0,0,267,,,,,,,60.0,,60.0,64.0,0,0,0,0,0,0,1,0,0
Emmanuel Deng,177477,CB,PENN,9,0,0,267,,,,,,,64.0,,,75.4,0,0,0,0,0,0,0,26,0
Jayden Drayton,177478,WR,PENN,9,0,0,267,,,,,,,60.0,,,73.1,1,0,0,0,1,0,29,13,0
Kayleb Ervin,177479,S,PENN,5,0,0,267,59.8,,,,,,62.1,,,66.4,0,0,0,6,6,1,0,4,0
Joey Holliday,177482,S,PENN,9,0,0,267,,,,59.9,,,63.3,,,73.1,0,0,0,0,9,39,0,9,0
Aaron Kruse,177484,T,PENN,1,0,0,267,,,60.0,,,,61.2,,,67.8,0,0,4,0,0,0,0,0,0
Devin Malloy,177486,CB,PENN,10,0,0,267,59.8,,,,,,63.0,,,71.8,0,0,0,37,11,0,0,5,0
Josh Narcisse,177487,CB,PENN,10,0,0,267,59.8,,,,,,59.9,,,74.0,0,0,0,24,0,9,28,1,0
Cole Olsztyn,177489,LB,PENN,9,0,0,267,,,,,,,60.8,60.0,,75.0,1,0,0,0,52,9,0,21,1
David Rolands,177491,T,PENN,3,0,0,267,,,66.1,,,,49.6,,,26.8,0,1,21,0,0,0,0,0,0
Sean Williams Jr.,177494,HB,PENN,3,0,0,267,,,,,,,62.9,,,70.2,0,0,0,0,0,0,0,9,0
Michael Zack,177495,T,PENN,6,0,0,267,60.0,,66.6,,,,63.1,,,64.6,0,0,22,1,0,0,0,0,0
Cooper Austin,177496,DI,YALE,2,0,0,352,59.0,,,,,,60.3,,,65.8,0,0,0,5,0,0,0,3,0
Joseph Barry,177498,LB,YALE,1,0,0,352,60.0,,,,,,60.0,,,63.3,0,0,0,2,0,0,0,0,0
Osize Daniyan,177501,S,YALE,10,2,0,352,59.8,,,,,,72.4,,,74.6,0,0,0,35,20,0,34,14,1
Phoenix Grant,177507,LB,YALE,9,0,0,352,59.7,,,,,,59.1,60.3,,45.4,0,1,0,8,8,30,11,26,0
Zairion Jackson-Bass,177508,ED,YALE,10,0,0,352,59.2,,,,,,61.5,,,70.8,0,0,0,29,0,0,0,8,0
Abu Kamara,177510,S,YALE,10,0,0,352,60.1,,,,,,75.8,,,90.5,3,0,0,41,58,5,32,7,9
Spencer Mermans,177514,TE,YALE,10,0,0,352,,,75.3,,,,67.4,,,76.1,0,1,55,0,36,42,0,0,2
Graham Smith,177516,TE,YALE,4,0,0,352,,,,,,,68.8,,,71.6,0,0,0,0,23,0,10,3,2
Jaylin Tate,177518,DI,YALE,5,0,0,352,58.6,,,,,,59.9,,,67.6,0,0,0,12,0,0,0,6,0
Robby Tattersall,177519,TE,YALE,3,0,0,352,,,,61.8,,,61.2,,,65.6,0,0,0,0,2,3,0,1,0
Brandon Webster,177521,CB,YALE,2,0,0,352,60.0,,,,,,60.7,,,66.6,0,0,0,3,0,0,0,1,0
Corey Harris Jr.,177531,HB,TENN MARTN,8,0,0,310,,,,,,,60.9,,,75.1,0,0,0,0,7,29,30,3,0
Chris Franklin,177535,HB,TENN MARTN,9,0,0,310,,,,59.9,,,65.6,,,75.7,0,0,0,0,1,17,0,31,0
Isaiah Richardson,177537,S,E ILLINOIS,9,0,0,158,,,,,,,66.3,,,79.7,0,0,0,0,36,42,21,12,4
Jaren Bowling,177538,TE,TENN MARTN,8,0,0,310,,,60.0,59.9,,,60.0,,,67.9,0,0,7,0,0,34,0,0,0
Reece Wilder,177539,TE,MURRAY ST,3,1,0,236,59.9,,,,,,62.8,,,70.9,0,0,0,1,4,16,6,3,0
Preston Jarvis,177541,C,MURRAY ST,1,0,0,236,,,60.0,,,,60.0,,,64.6,0,0,1,0,0,0,0,0,0
Panayiotis Mihalopoulos,177543,G,E ILLINOIS,9,0,0,158,,,71.0,,,,63.2,,,67.1,0,0,23,0,0,0,42,0,0
Zach Hudson,177547,T,SE MO ST,13,0,0,293,,,77.3,,,,66.3,,,77.4,0,0,75,0,0,0,0,0,0
Misan Sisk,177554,T,MS VLY ST,10,0,0,228,,,72.7,,,,64.6,,,70.7,0,0,33,0,0,0,0,0,0
Kaleob Onyeahialam,177557,T,TENN STATE,5,0,0,308,,,66.5,,,,63.0,,,62.9,0,0,22,0,0,0,0,0,0
Quenton Rogers,177558,WR,E ILLINOIS,2,0,0,158,,,,,,,61.1,,,69.8,0,0,0,0,0,10,0,0,0
Jacques Wyatt,177559,WR,SE MO ST,1,0,0,293,,,,,,,60.0,62.4,,63.6,0,0,0,0,0,0,0,4,0
Liam McCormack,177561,WR,MURRAY ST,1,0,0,236,,,,,,,60.0,,,63.9,0,0,0,0,0,0,1,0,0
Marcus Floyd Jr.,177562,WR,MURRAY ST,1,0,0,236,,,,,,,60.1,61.4,,64.5,0,0,0,0,0,0,0,7,0
Anthony Westervelt,177564,WR,SE MO ST,13,0,0,293,,,,,,,64.4,60.0,,80.3,0,0,0,0,0,58,0,37,0
Jamal Jeffers,177566,WR,E ILLINOIS,6,0,0,158,,,,,,,30.0,,,66.0,2,0,0,0,23,0,0,0,0
Taylor Burton,177573,ED,TENN MARTN,10,0,0,310,57.8,,,,,,44.0,,,26.7,0,1,0,16,0,0,0,3,0
Broderick Tommie Jr.,177574,DI,TENN MARTN,3,0,0,310,59.3,,,,,,59.0,,,65.6,0,0,0,1,0,0,0,2,0
Jonah Rubadue,177575,DI,LNDNWD,11,0,0,949,59.1,,,,,,59.3,,,65.8,0,0,0,38,0,0,0,0,0
Curtis Francis,177576,DI,MURRAY ST,8,0,0,236,58.6,,,,,,58.8,,,65.7,0,0,0,21,0,0,0,1,0
Jesse Smith,177578,ED,LNDNWD,11,0,0,949,57.3,,,,,,56.5,,,67.9,0,0,0,58,0,0,0,0,0
Jesse Garza,177585,LB,E ILLINOIS,3,0,0,158,,,,,,,56.0,,,72.6,0,1,0,0,8,17,17,4,1
Josiah Smith,177589,LB,TENN STATE,1,0,0,308,,,,,,,60.0,,,67.2,0,0,0,0,0,0,0,1,0
Jamal Mayers,177591,CB,TENN MARTN,8,0,0,310,59.9,,,,,,73.3,,,79.8,0,0,0,1,6,0,37,33,3
Akin Adigun,177594,S,E ILLINOIS,11,2,0,158,60.0,,,,,,68.1,,,77.9,0,0,0,1,26,48,11,16,0
Jacorris Foreman,177598,LB,TENN STATE,6,1,0,308,,,,,,,60.0,,,71.0,2,0,0,0,26,11,0,0,3
Christopher Sharp,177601,CB,E ILLINOIS,10,1,1,158,59.8,,,,,,71.0,,,49.2,1,1,0,4,37,62,33,3,7
Makhi Wilson,177602,S,E ILLINOIS,8,1,0,158,,,,,,,69.5,60.0,,73.7,1,0,0,0,21,5,28,8,3
Zi'kef Johnson,177603,CB,SE MO ST,5,0,0,293,59.9,,,,,,63.2,,,67.7,0,0,0,2,22,0,0,4,0
DuJuan Sharp III,177605,CB,TENN STATE,12,1,0,308,60.2,,,,,,70.3,,,60.5,0,1,0,8,33,33,43,35,2
Colton Peoples,177612,LS,TENN MARTN,14,0,0,310,,,90.0,,,78.1,75.0,,,28.5,1,2,76,0,0,0,73,0,3
James London,177615,K,MURRAY ST,12,0,1,236,,91.2,,,79.6,,38.8,,,27.9,0,2,42,0,51,0,0,0,1
Jacob Horvath,177616,P,E ILLINOIS,12,0,0,158,,,65.3,,,,63.4,,63.8,73.0,0,0,38,0,1,0,54,0,2
Joel Allen,177621,DI,DAYTON,1,0,0,150,59.6,,,,,,59.8,,,62.4,0,0,0,1,0,0,0,0,0
Collin Ansel,177622,ED,DAYTON,9,0,0,150,58.7,,,,,,61.7,,,72.4,0,0,0,14,0,1,21,13,0
Vincent Firenze,177625,S,DAYTON,11,2,0,150,59.1,,,,,,75.9,,,47.0,3,1,0,19,47,45,50,58,9
Mason Hackett,177628,HB,DAYTON,4,0,0,150,,,,59.9,,,59.3,,,64.8,0,0,0,0,0,10,0,0,0
Mirko Jaksic,177632,DI,DAYTON,9,0,0,150,58.8,,,,,,60.7,,,75.9,0,0,0,17,0,0,0,4,0
Carson Labensky,177636,TE,DAYTON,10,0,0,150,,,71.0,59.9,,,62.2,,,66.6,0,0,34,0,0,22,5,0,0
Gavin Lochow,177638,WR,DAYTON,8,0,0,150,,,,57.6,,,60.7,,,64.1,0,0,0,0,1,13,0,0,0
Sam Schmiesing,177647,LB,DAYTON,11,1,0,150,60.1,,,,,,66.1,,,84.3,0,0,0,3,25,43,50,51,0
Tehron Spencer Jr.,177650,CB,DAYTON,11,0,0,150,59.7,,,,,,81.5,,,83.0,1,0,0,11,2,0,49,51,6
Donovan Weatherly,177655,TE,DAYTON,7,0,0,150,,,,,,,59.3,,,72.3,0,0,0,0,0,30,25,0,0
Josh Williams,177656,CB,DAYTON,11,1,0,150,,,,,,,75.6,,,75.0,0,0,0,0,47,0,0,19,4
Christian Aguilar,177658,LB,DRAKE,9,0,0,153,,,,,,,62.4,,,34.3,0,1,0,0,48,0,1,19,2
Gene Blalock,177660,DI,DRAKE,11,0,0,153,58.2,,77.1,,,,62.1,,,68.0,0,0,51,39,0,0,0,0,0
Drew Heiss,177664,G,DRAKE,5,0,0,153,,,62.7,,,,62.3,,,63.1,0,0,14,0,0,0,0,0,0
Griffin Kollhoff,177669,K,DRAKE,12,0,0,153,,60.0,,,50.7,,63.6,,,77.4,1,0,1,0,61,0,0,0,0
Jaxon Laminack,177670,WR,DRAKE,8,0,0,153,,,,59.9,,,61.1,69.8,,66.5,0,0,0,0,0,1,0,30,0
Logan Lawonn,177671,S,DRAKE,2,0,0,153,,,,,,,60.8,,,68.5,0,0,0,0,1,5,0,0,0
Jake Metze,177673,HB,DRAKE,10,1,0,153,,,,59.2,,,61.6,,,55.1,1,1,0,0,44,44,8,34,2
Noah Rychlick,177678,S,DRAKE,10,0,0,153,,,,59.9,,,61.5,,,75.8,0,0,0,0,0,44,8,0,0
Shaku Sangarie,177679,ED,DRAKE,4,0,0,153,59.5,,,,,,63.5,,,71.7,0,0,0,13,0,0,16,15,0
Cole Sigler,177680,ED,DRAKE,11,0,0,153,59.0,,,,,,63.0,,,75.1,0,0,0,26,0,0,0,31,0
Jack Ward,177684,LB,DRAKE,6,0,0,153,59.9,,,,,,68.1,,,71.2,0,0,0,5,16,5,0,11,1
Kemani Wilson,177686,CB,DRAKE,9,0,0,153,59.6,,,,,,63.6,,,71.4,0,0,0,11,3,0,0,16,0
Jackson Benjamin,177688,S,MOREHEAD,12,0,0,234,60.3,,,,,,64.6,,,77.2,0,0,0,31,5,0,13,43,0
Josh Bowling,177689,ED,MOREHEAD,11,0,0,234,59.0,,70.6,,,,62.4,,,64.8,0,0,35,9,0,0,0,1,0
Tyler Cordero,177693,WR,MOREHEAD,7,0,0,234,,,,,,,67.6,,,77.4,0,1,0,0,14,12,13,26,2
Drue Duncan,177695,G,MOREHEAD,2,0,0,234,,,,,,,60.4,,,64.2,0,0,0,0,0,0,7,0,0
Andre Nolan-White,177705,LB,MOREHEAD,5,0,0,234,59.9,,,,,,63.3,,,73.0,0,0,0,9,17,25,0,1,0
Xavier Orta,177706,G,MOREHEAD,7,0,0,234,,,71.0,,,,64.0,,,67.7,0,0,30,0,0,0,0,0,0
Kairo Reid,177709,LB,MOREHEAD,9,0,0,234,59.9,,,,,,60.3,,,82.0,0,0,0,11,0,0,49,15,0
Jake Rhodes,177710,DI,MOREHEAD,11,0,0,234,59.1,,72.5,,,,64.0,,,74.8,0,0,38,2,0,0,59,3,0
Evan Roach,177711,HB,MOREHEAD,2,0,0,234,,,,,,,59.9,,,65.8,0,0,0,0,0,7,0,0,0
Gabe Whittington,177716,DI,MOREHEAD,11,1,1,234,59.3,,,,,,54.0,,,28.9,0,2,0,1,0,0,59,5,1
Marcello Coleman,177719,T,PRESBYTERN,6,0,0,271,,,68.6,,,,52.0,,,27.8,0,1,28,0,0,0,1,0,0
Lawton Cox,177720,LB,PRESBYTERN,2,0,0,271,,,,,,,61.2,,,66.5,0,0,0,0,4,0,0,0,0
Dandrevius Dorsey,177723,DI,PRESBYTERN,1,0,0,271,59.6,,,,,,59.8,,,62.4,0,0,0,1,0,0,0,0,0
Keith Elmore,177724,S,PRESBYTERN,12,1,0,271,59.9,,,,,,71.1,,,56.3,0,1,0,3,69,52,45,5,6
Willard Ferrell,177725,CB,PRESBYTERN,12,1,0,271,59.5,,,,,,57.7,,,78.9,0,1,0,14,27,0,0,55,1
Constantine Gandis,177726,P,PRESBYTERN,10,0,0,271,,,,,43.6,,63.0,,,76.3,0,0,0,0,49,0,0,0,1
Cincere Gill,177729,WR,PRESBYTERN,11,0,0,271,,,,59.9,,,36.9,64.7,,27.1,0,2,0,0,3,11,2,37,0
Jaydn Harris-Ervin,177731,LB,PRESBYTERN,6,1,0,271,60.4,,,,,,64.1,,,72.6,0,0,0,17,23,8,20,4,0
Collin Hurst,177732,QB,PRESBYTERN,3,0,0,271,,,,,,,62.0,,60.3,69.8,0,0,0,0,5,1,2,9,0
Zihaire Jackson,177733,CB,PRESBYTERN,3,0,0,271,,,,,,,63.2,,,68.5,0,0,0,0,1,0,0,7,0
CJ Johnson,177734,HB,PRESBYTERN,9,0,0,271,,,,,,,63.2,,,77.0,0,0,0,0,3,33,7,27,0
Nate Levicki,177738,TE,PRESBYTERN,12,0,0,271,,,75.8,63.5,,,59.5,,,72.6,1,0,60,0,2,54,40,0,0
Raymond McCray,177742,ED,PRESBYTERN,11,1,0,271,59.4,,,59.9,,,55.0,,,29.1,0,1,0,3,38,48,0,0,1
Mack Mikko,177743,K,PRESBYTERN,6,0,0,271,,44.4,,,46.8,,61.4,,,68.4,0,0,26,0,9,0,0,0,1
Dixon Musgrove,177744,LS,PRESBYTERN,12,0,0,271,,,88.0,,,75.7,71.1,,,66.7,0,0,60,0,0,0,45,0,0
Kenneth Odugba,177745,ED,PRESBYTERN,1,0,0,271,59.7,,,,,,60.0,,,61.8,0,0,0,1,0,0,0,0,0
Jalen Patrick,177746,WR,PRESBYTERN,10,0,0,271,,,,,,,91.7,50.0,,74.6,1,0,0,0,0,5,19,40,2
JT Patton,177747,CB,PRESBYTERN,7,0,1,271,,,,,,,57.6,,,29.6,0,1,0,0,22,0,0,19,0
Frank Santiago,177750,WR,PRESBYTERN,1,0,0,271,,,,,,,60.0,,,64.4,0,0,0,0,0,0,1,0,0
Hunter Satterfield,177751,WR,PRESBYTERN,2,0,0,271,60.0,,,,,,60.7,,,63.5,0,0,0,1,2,0,0,0,0
Zach Switzer,177754,HB,PRESBYTERN,10,0,0,271,,,,71.7,,,60.0,,,65.5,0,0,0,0,3,51,1,0,0
Jacob Thornton,177755,DI,PRESBYTERN,11,0,0,271,58.9,,70.5,,,,61.9,,,70.1,0,0,34,23,0,0,0,3,0
Jalyn Turner,177757,LB,PRESBYTERN,10,0,0,271,60.0,,,,,,69.4,,,78.6,0,0,0,1,32,26,0,1,0
Oliver Bari,177759,T,SAN DIEGO,11,0,0,283,,,75.6,,,,66.1,,,76.6,0,0,55,0,0,0,0,0,0
Emmanuel Olagbaju,177770,DI,STTHOM,2,0,0,1129,59.0,,,,,,59.0,,,63.9,0,0,0,6,0,0,0,0,0
Will Snyder,177773,WR,STTHOM,1,0,0,1129,,,,,,,60.0,,,62.1,0,0,0,0,1,0,0,0,0
Gabriel Batres,177775,ED,VALPO,1,0,0,332,59.6,,,,,,59.8,,,62.0,0,0,0,1,0,0,0,0,0
Nick Beidl,177777,CB,VALPO,8,1,1,332,,,,,,,55.6,,,27.5,0,2,0,0,17,23,9,18,2
Connor Cervantes,177780,S,VALPO,3,0,0,332,,,,,,,61.1,,,66.8,0,0,0,0,4,2,0,0,0
Isaiah Fowler,177783,DI,VALPO,5,0,0,332,58.9,,60.0,,,66.0,60.2,,,66.7,0,0,1,8,0,0,26,0,0
Mark Johnson,177787,S,VALPO,10,0,0,332,59.6,,,,,,61.4,,,81.4,1,0,0,31,12,24,52,8,2
Noah Kline,177789,T,VALPO,11,0,0,332,,,69.5,,,,63.9,,,72.7,0,0,25,0,0,0,1,0,0
Nic Lendino,177792,CB,VALPO,11,0,0,332,59.4,,,,,,62.6,,,79.3,0,0,0,49,3,18,3,24,0
Chase Lowary,177793,LB,VALPO,3,0,0,332,,,,,,,63.4,,,71.8,0,0,0,0,0,6,2,9,0
Micah Mackay,177794,WR,VALPO,2,0,0,332,,,,,,,60.8,,,70.7,0,0,0,0,2,7,5,3,0
Bennett McCormick,177796,WR,VALPO,1,0,0,332,,,,,,,61.1,,,70.1,0,0,0,0,0,11,0,0,0
Brendan Mcilvenna,177797,G,VALPO,1,0,0,332,,,60.0,,,,61.2,,,67.4,0,0,4,0,0,0,0,0,0
Antony Morris,177799,DI,VALPO,7,0,0,332,58.0,,,,,,59.1,,,66.4,0,0,0,26,0,0,43,0,0
Onye Nwosisi,177800,ED,VALPO,9,0,0,332,90.0,,65.1,,,,91.2,,,72.6,0,0,15,38,0,0,0,2,0
Marty O'Keeffe,177801,WR,VALPO,1,0,0,332,,,,,,,60.2,,,64.3,0,0,0,0,0,4,0,0,0
Jimmy Pouba,177805,LB,VALPO,10,0,0,332,59.8,,,,,,61.4,,,71.0,0,0,0,39,0,4,0,2,0
Jacob Russell,177806,T,VALPO,11,0,0,332,,,69.1,,,,63.4,,,64.8,0,0,30,0,0,0,0,0,0
Max Samuel,177807,LB,VALPO,11,0,0,332,59.4,,,,,,71.5,,,78.8,1,0,0,14,26,15,35,34,4
Brian Thomas,177812,WR,VALPO,11,0,0,332,,,,52.9,,,57.1,,,35.9,0,1,0,0,11,58,9,16,0
D.J. Adams,177816,CB,CHATTNOOGA,10,0,0,137,59.8,,,,,,54.8,,,28.4,0,2,0,5,51,3,15,27,4
Kam Baah-Slay,177817,S,CHATTNOOGA,12,1,0,137,59.6,,,,,,69.7,,,76.0,0,0,0,5,60,9,6,37,1
Martez Cooksey Jr.,177820,S,CHATTNOOGA,11,1,0,137,60.0,,,59.9,,,74.2,,,80.6,2,0,0,4,56,44,48,10,9
Aidan Donald,177822,T,CHATTNOOGA,4,0,0,137,,,65.5,,,,62.6,,,63.5,0,0,16,0,0,0,0,0,0
Christian Harris,177823,CB,CHATTNOOGA,1,0,0,137,,,,,,,60.0,,,63.4,0,0,0,0,1,0,0,0,0
Malachi Jeffries,177827,HB,CHATTNOOGA,1,0,0,137,,,,,,,61.1,,,66.2,0,0,0,0,4,0,0,0,0
Jamarr Jones,177828,DI,CHATTNOOGA,9,0,0,137,59.5,,,,,,63.2,,,69.7,0,0,0,4,0,0,0,15,0
A.J. Little,177829,WR,CHATTNOOGA,7,0,0,137,,,,,,,50.9,69.1,,29.1,0,1,0,0,0,0,14,35,0
Tyrell Ragland,177831,G,CHATTNOOGA,12,0,0,137,,,76.7,,,,65.5,,,70.0,0,0,61,0,0,0,1,0,0
Dalton Restelli,177832,TE,CHATTNOOGA,11,0,0,137,,,65.5,,,,69.1,,,77.8,0,0,16,0,0,0,0,31,0
Matt Rozier,177833,WR,CHATTNOOGA,1,0,0,137,,,,,,,59.9,,,63.8,0,0,0,0,0,2,0,0,0
Zion Rutledge,177834,LB,CHATTNOOGA,11,0,0,137,59.0,,,,,,59.0,,,75.8,1,0,0,11,47,51,33,10,1
Sully Croker,177844,K,MERCER,13,2,0,219,,,,,44.9,,63.8,,,78.2,0,0,0,0,70,0,0,0,4
Christian Davis,177846,CB,MERCER,6,0,0,219,60.1,,,,,,51.6,,,25.8,0,1,0,3,4,1,4,0,1
Owen Dupree,177847,WR,W GEORGIA,3,0,0,1177,,,,,,,61.5,,,69.3,0,0,0,0,0,10,0,5,0
Jaiden Hamilton,177849,LS,MERCER,14,0,0,219,,,90.0,,,82.7,56.1,,,31.0,1,1,75,0,0,0,78,0,0
Elliott Kuykendall,177854,DI,MERCER,1,0,0,219,59.6,,,,,,59.8,,,62.0,0,0,0,1,0,0,0,0,0
Jamari Cannon,177862,CB,SAMFORD,6,0,0,282,59.7,,,,,,58.1,,,73.9,2,0,0,12,23,0,34,0,2
C.J. Douglas,177865,S,SAMFORD,11,1,0,282,59.7,,,,,,71.1,,,70.7,0,0,0,46,52,0,0,0,3
Tyler Douthit,177866,T,SAMFORD,11,0,0,282,,,74.1,,,,65.5,,,74.3,0,0,47,0,0,0,0,0,0
E. Jai Mason,177868,WR,SAMFORD,7,0,0,282,,,,,,,60.5,,,70.7,0,0,0,0,1,36,0,0,0
Brendan Jenkins,177870,WR,SAMFORD,5,0,0,282,,,,,,,60.9,73.4,,65.5,0,0,0,0,1,1,0,14,0
Duncan Johnson III,177871,T,SAMFORD,11,0,0,282,,,73.3,,,,64.4,,,64.5,0,0,47,0,0,0,0,0,0
Jaden Mosley,177876,LB,SAMFORD,11,0,0,282,59.8,,,,,,60.4,,,65.4,0,0,0,42,0,0,0,1,0
Forrest Taylor,177881,K,SAMFORD,7,0,0,282,,45.1,,,53.4,,60.8,,,66.5,0,0,20,0,3,0,0,0,0
Will Thorley,177882,P,SAMFORD,11,0,1,282,,,66.1,,,,57.1,,65.3,30.8,0,1,47,0,0,0,70,0,0
Kaleb Brown,177885,S,CITADEL,12,1,0,139,59.8,,,,,,72.5,,,75.0,0,0,0,15,28,0,2,38,2
Whit Hobgood,177888,ED,CITADEL,10,0,0,139,59.8,,73.1,,,,76.3,,,70.9,0,0,44,1,0,0,1,35,0
Jabraivon Woodard,177899,S,CITADEL,9,0,0,139,59.9,,,,,,63.2,,,72.3,0,0,0,3,6,0,0,29,0
Ayden Babich,177901,S,VA MILT IN,8,0,0,336,,,,,,,65.1,,,75.1,0,0,0,0,2,12,0,28,0
Henry Berling,177904,LB,VA MILT IN,12,0,0,336,59.9,,,,,,56.5,,,80.8,2,1,0,21,31,30,87,15,2
Bryce Burnett,177905,G,VA MILT IN,11,0,0,336,,,70.2,,,,64.0,,,70.7,0,0,29,0,0,0,0,0,0
Nic Land,177921,S,VA MILT IN,6,0,0,336,,,,,,,66.4,,,72.5,0,0,0,0,6,15,0,21,1
Bret McClung,177923,LB,VA MILT IN,4,0,0,336,60.0,,,,,,59.4,,,70.7,0,0,0,1,4,27,0,0,0
Destin Moore,177924,WR,VA MILT IN,7,0,0,336,,,,60.0,,,60.2,63.3,,64.7,0,0,0,0,0,44,0,7,0
Zach Pirtle,177926,WR,VA MILT IN,1,0,0,336,,,60.0,,,,60.0,,,64.5,0,0,1,0,0,0,0,0,0
Dylan Poley,177927,HB,VA MILT IN,3,0,0,336,,,,,,,60.0,,,69.0,0,0,0,0,0,19,0,0,0
Steven Riveros,177928,S,VA MILT IN,11,0,0,336,60.2,,,,,,59.3,,,28.4,0,1,0,26,29,0,0,10,3
Ben Shrewsbury,177930,K,VA MILT IN,12,0,0,336,,,61.3,,54.2,,64.1,,54.2,77.7,0,0,12,0,11,0,87,0,0
Zion Booker,177939,WR,W CAROLINA,2,0,0,344,59.9,,,,,,61.5,,,66.2,0,0,0,1,0,0,0,5,0
Jai Boyd,177940,WR,W CAROLINA,6,0,0,344,,,,,,,49.7,,,27.5,0,1,0,0,5,20,0,0,1
Patrick Boyd Jr.,177941,HB,W CAROLINA,1,0,0,344,,,,59.9,,,60.0,,,61.2,0,0,0,0,0,1,0,0,0
Stephen Brantley,177942,P,W CAROLINA,12,0,0,344,,,67.9,,,,57.8,,59.4,29.9,0,2,75,0,0,0,52,0,0
Mabry Bumgarner,177943,LS,W CAROLINA,1,0,0,344,,,60.0,,,66.0,60.0,,,60.8,0,0,1,0,0,0,0,0,0
Marlin Cochran,177944,HB,W CAROLINA,3,0,0,344,,,,,,,57.4,,,26.5,0,1,0,0,10,0,0,0,2
Marselle Felton,177948,T,NORFOLK,3,0,0,244,,,,,,,60.8,,,63.5,0,0,0,0,0,0,18,0,0
Walter Gibson,177950,S,W CAROLINA,9,0,0,344,,,,,,,55.0,,,29.8,1,1,0,0,45,48,0,16,2
Steven Hamby,177951,T,W CAROLINA,10,0,0,344,,,76.4,,,,65.4,,,75.4,0,0,66,0,0,0,30,0,0
David Hulbert,177954,TE,W CAROLINA,7,0,0,344,,,67.5,,,,64.6,,,77.6,0,0,21,0,20,44,0,14,0
Bennett Judy,177955,QB,W CAROLINA,1,0,0,344,,,,,,,56.6,,,63.8,0,0,0,0,0,4,0,0,0
Jeno Junius Jr.,177956,LB,W CAROLINA,8,0,0,344,60.0,,,,,,64.0,,,74.5,0,0,0,4,26,24,0,2,0
Trevaughn Martinez,177957,CB,W CAROLINA,3,0,0,344,,,,,,,60.1,,,73.5,1,0,0,0,15,10,0,11,1
Kenyon Partridge,177958,ED,W CAROLINA,11,0,0,344,59.4,,,59.9,,,65.6,,,72.6,0,0,0,10,0,43,0,9,0
Caden Robinson,177960,TE,W CAROLINA,1,0,0,344,,,,,,,60.0,,,63.1,0,0,0,0,0,1,0,0,0
Bo Simpson-Nealy,177961,S,W CAROLINA,8,0,0,344,59.7,,,,,,64.4,,,73.9,0,0,0,18,0,13,3,22,0
Cam Smith,177962,CB,W CAROLINA,6,0,0,344,60.0,,,,,,62.1,,,68.4,0,0,0,1,6,3,0,2,0
Zach Watson,177967,G,W CAROLINA,12,0,0,344,,,60.0,,,,63.9,,,67.7,0,0,4,0,0,0,51,0,1
Zayveon Wells,177968,S,W CAROLINA,11,0,0,344,59.8,,,,,,58.9,,,72.0,1,0,0,8,7,3,0,29,0
Tony Gibson,177970,DI,MCNEESE,2,0,0,217,59.3,,,,,,60.0,,,64.4,0,0,0,2,0,0,0,1,0
Levi Wyatt,177974,CB,MCNEESE,12,0,0,217,59.7,,,,,,62.5,,,72.9,0,0,0,42,1,0,0,20,0
Hunter Addison,177976,LB,NICHOLLS,1,0,0,243,,,,,,,62.2,,,67.1,0,0,0,0,6,0,0,1,0
Cam Banks,177977,G,NICHOLLS,5,0,0,243,,,69.4,,,,63.0,,,65.6,0,0,18,0,0,0,19,0,0
Aiden Cain,177979,ED,NICHOLLS,8,1,0,243,,,,,,,65.7,,,72.7,0,0,0,0,39,16,0,2,1
Shermar Carter,177980,S,NICHOLLS,10,0,0,243,,,,,,,62.7,,,77.7,1,0,0,0,19,0,34,21,2
Andrew Cavalier,177981,LB,NICHOLLS,1,0,0,243,,,,,,,60.0,,,62.3,0,0,0,0,1,0,0,0,0
Karaaz Johnson,177988,WR,NICHOLLS,1,0,0,243,,,,,,,60.0,34.3,,64.7,0,0,0,0,0,0,1,2,0
Josh Johnson,177990,DI,NICHOLLS,11,0,0,243,58.3,,,,,,59.8,,,70.7,0,0,0,24,0,0,0,12,0
Dominic Logiudice,177993,CB,NICHOLLS,4,1,0,243,,,,,,,62.8,,,71.4,0,0,0,0,12,18,20,9,1
Jayden Milton,177996,HB,NICHOLLS,10,2,0,243,,,,,,,73.6,,,82.3,1,1,0,0,40,44,54,26,6
Aaron Ponson,177998,T,NICHOLLS,1,0,0,243,,,,,,,60.5,,,65.5,0,0,0,0,0,0,0,3,0
Hamza Rahman,177999,T,NICHOLLS,2,0,0,243,,,60.0,,,,60.8,,,63.8,0,0,4,0,0,0,0,0,0
Ray Vallee,178004,K,NICHOLLS,4,0,0,243,,30.8,,,64.3,,61.3,,60.3,69.6,0,0,11,0,10,0,2,0,0
Josh Wax,178005,S,NICHOLLS,12,1,0,243,60.0,,,59.4,,,79.5,,,63.8,0,1,0,1,56,56,66,38,8
Scott White,178006,TE,NICHOLLS,4,0,0,243,,,67.0,,,,63.9,,,75.3,0,0,20,0,20,17,0,14,1
Chris Allen,178008,G,NWSTATE,3,0,0,257,,,64.9,,,,62.7,,,68.4,0,0,10,0,0,0,0,0,0
Emanuel Brown,178011,CB,NWSTATE,4,0,0,257,59.9,,,,,,62.0,,,68.6,0,0,0,19,0,0,0,6,0
Amaaz Eugene,178015,WR,NWSTATE,4,0,0,257,,,,53.8,,,61.6,62.2,,65.5,0,0,0,0,0,5,0,6,0
Antonio Hall,178016,CB,NWSTATE,11,0,0,257,79.5,,,53.9,,,79.0,,,29.6,0,2,0,70,19,14,23,29,3
Kemarion Ivory,178019,DI,NWSTATE,6,0,0,257,59.7,,,,,,62.9,,,70.1,0,0,0,4,0,0,0,6,0
Jeremiah Keppard,178021,S,NWSTATE,12,0,0,257,59.4,,,,,,73.3,,,58.6,1,1,0,38,35,46,61,23,9
Ryan Larson,178023,G,NWSTATE,4,0,0,257,,,66.1,,,,63.0,,,69.1,0,0,12,0,0,0,0,0,0
Chancellor Owens,178024,ED,NWSTATE,12,0,1,257,57.9,,,,,,56.4,,,29.8,0,1,0,91,0,0,94,10,1
Ke'shawn Reed,178027,ED,NWSTATE,9,0,0,257,59.2,,68.5,,,,54.9,,,28.3,0,1,24,9,0,0,1,4,0
Gage Ridgel,178028,TE,NWSTATE,9,0,0,257,,,67.8,59.6,,,61.0,,,74.1,0,0,22,0,0,76,0,0,0
Troy Santa Marina Jr.,178029,CB,NWSTATE,9,0,0,257,59.5,,,,,,58.1,,,75.4,1,0,0,25,1,44,0,23,0
Perry Taylor,178032,CB,NWSTATE,1,0,0,257,,,,,,,60.0,,,64.7,0,0,0,0,0,0,0,1,0
Tyrin Wise,178035,DI,SE LA,2,0,0,294,58.7,,,,,,58.8,,,64.2,0,0,0,6,0,0,2,0,0
Jalen Jones,178039,WR,ALABAMA ST,2,0,0,105,,,,59.4,,,59.7,,,63.3,0,0,0,0,0,5,0,1,0
Christian Pitts,178042,WR,ALABAMA ST,10,0,0,105,,,66.4,,,,62.1,,,61.1,0,0,51,0,0,0,0,0,0
Harrison Tuck,178043,P,ALABAMA ST,11,0,0,105,,,60.0,,,,52.5,,57.4,29.5,0,2,8,0,0,0,55,0,0
J.D. Granger,178044,DI,JACKSON ST,9,2,0,194,,,,,,,71.3,,,63.5,1,1,0,0,55,0,0,39,4
J'Cori Hargon,178045,LB,JACKSON ST,6,0,0,194,,,,,,,68.4,,,90.2,2,0,0,0,41,1,0,29,3
Joshua Alexander,178050,LB,SOUTHERN U,12,1,0,297,,,,,,,51.8,,,29.5,1,1,0,0,37,11,48,9,1
Markeis Batiste,178052,LB,SOUTHERN U,11,0,0,297,,,,,,,70.1,,,85.0,0,0,0,0,41,49,48,37,4
Kenneth Gooden,178054,S,SOUTHERN U,11,2,0,297,,,,,,,70.2,,,39.5,0,1,0,0,43,39,44,27,2
Christopher Hall,178058,CB,SOUTHERN U,11,0,0,297,,,,,,,50.4,,,28.7,0,1,0,0,4,38,5,4,0
Khalil Harris,178060,WR,SOUTHERN U,6,1,0,297,,,,,,,65.8,,,73.0,0,0,0,0,9,0,28,0,0
Cameron Jackson,178061,WR,SOUTHERN U,6,0,0,297,,,,,,,59.1,,,69.7,1,0,0,0,24,7,1,5,1
Cam Jefferson,178062,WR,SOUTHERN U,10,0,0,297,,,,,,,78.1,,,37.4,0,1,0,0,24,42,37,27,4
Michael Jones Jr.,178063,LB,SOUTHERN U,7,1,0,297,,,,,,,62.7,,,74.5,1,0,0,0,32,28,38,12,1
Lance Joseph,178064,ED,SOUTHERN U,2,0,0,297,59.7,,,,,,60.3,,,62.9,0,0,0,1,0,0,7,0,0
Jermaine Minor Jr.,178066,TE,SOUTHERN U,12,0,0,297,,,60.6,,,,62.2,,,46.4,0,1,8,0,31,49,0,8,2
Jayden Rogers,178071,DI,SOUTHERN U,12,0,0,297,,,76.7,,,,65.3,,,65.9,0,0,47,0,0,0,0,3,0
Jaylin Simmons,178075,S,SOUTHERN U,12,0,1,297,,,,,,,30.8,,,28.0,4,3,0,0,32,30,34,21,2
Joshua Tate,178077,LB,SOUTHERN U,13,1,0,297,59.6,,,,,,66.7,,,73.8,0,0,0,16,1,19,65,15,1
Joshua Trask Jr.,178081,C,SOUTHERN U,12,0,0,297,,,72.6,,,,64.2,,,64.2,0,0,43,0,0,0,0,0,0
Eldric Williams,178082,LB,SOUTHERN U,1,0,0,297,,,,,,,61.1,,,67.3,0,0,0,0,4,0,5,3,0
Kyle Willimas,178084,LB,SOUTHERN U,7,1,0,297,,,,59.6,,,62.2,,,29.0,0,1,0,0,15,33,0,17,2
Samuel Isiguzo,178091,CB,BRYANT,1,0,0,124,59.8,,,,,,60.0,,,62.7,0,0,0,1,0,0,0,0,0
Koby Keenan,178093,TE,BRYANT,12,0,0,124,,,24.4,,,,43.6,,,64.7,0,0,42,0,0,4,0,0,0
Ahmed Muhammad,178096,DI,BRYANT,3,0,0,124,90.6,,,,,,92.2,,,65.8,0,0,0,5,0,0,0,1,0
Charles Battaglia,178100,LB,STHLSK,11,0,0,1470,59.8,,,,,,63.2,,,75.5,0,0,0,57,5,0,43,27,0
Jamie Buchannan,178103,ED,STHLSK,3,0,0,1470,59.3,,,,,,59.4,,,63.0,0,0,0,4,0,0,0,0,0
Logan Chenette,178104,P,STHLSK,6,0,0,1470,,,,,,,62.4,,46.2,72.5,0,0,0,0,0,0,33,0,0
Aaron Fields,178107,WR,STHLSK,2,0,0,1470,59.8,,,,,,60.3,,,64.2,0,0,0,1,0,0,0,1,0
Riley Foran,178109,TE,STHLSK,1,0,0,1470,,,,,,,60.0,,,63.5,0,0,0,0,0,0,0,1,0
Christopher Gill,178110,ED,STHLSK,1,0,0,1470,59.5,,,,,,59.7,,,62.7,0,0,0,3,0,0,0,0,0
Nigel Henderson,178112,CB,STHLSK,11,0,0,1470,59.6,,,58.7,,,60.4,64.7,,73.6,0,0,0,42,6,7,10,36,0
Eric Miles,178115,S,STHLSK,11,0,0,1470,59.7,,,,,,58.2,,,38.0,2,1,0,8,38,69,0,30,4
Richard Mosley III,178116,CB,STHLSK,10,1,0,1470,59.5,,,60.0,,,55.5,61.9,,28.5,0,3,0,22,10,35,50,18,2
Joshua Roberson,178118,HB,STHLSK,9,0,0,1470,,,,66.8,,,65.4,,,64.3,0,0,0,0,0,51,0,0,0
Amare Smith,178120,ED,STHLSK,1,0,0,1470,,,,,,,60.0,,,63.5,0,0,0,0,0,0,0,1,0
Elliot Spiller,178121,ED,STHLSK,3,0,0,1470,59.2,,,,,,60.1,,,66.3,0,0,0,11,0,0,0,2,0
Jay Straker,178123,G,STHLSK,7,0,0,1470,,,70.0,,,,63.9,,,70.4,0,0,21,0,0,0,0,0,0
Nick Tanzola,178124,P,STHLSK,10,0,0,1470,,,64.6,,,,62.5,,42.6,69.8,0,0,31,0,0,0,27,0,0
Derek Varley,178125,TE,STHLSK,11,2,0,1470,,,63.4,,,71.2,62.8,,,28.8,1,1,6,0,28,1,13,0,1
Ma'Hkai Wilson,178128,LB,STHLSK,2,0,0,1470,60.0,,60.0,,,,59.4,,,67.5,0,0,4,8,0,0,15,1,0
Mekhi Carmon,178131,LB,DELAWARE,6,0,0,151,60.0,,,,,,65.5,,,69.3,0,0,0,1,6,0,0,19,0
Chris Collot,178132,LB,DELAWARE,1,0,0,151,,,60.0,,,,60.2,,,62.7,0,0,1,0,1,0,0,0,0
Donovan Lewis,178135,WR,DELAWARE,5,0,0,151,,,,,,,59.2,62.7,,65.2,0,0,0,0,0,13,0,9,0
Anwar O'neal,178137,T,DELAWARE,11,0,0,151,,,74.5,,,,64.9,,,68.0,0,0,53,0,0,0,0,0,0
Nate Spak,178140,S,DELAWARE,1,0,0,151,,,,,,,60.0,,,65.5,0,0,0,0,0,1,0,0,0
Kade Boyd,178143,CB,MONTANA,3,0,0,232,60.0,,,,,,60.9,,,66.0,0,0,0,2,3,0,0,0,0
Elijah Brady,178145,CB,MONTANA,1,0,0,232,,,,,,,62.1,,,66.6,0,0,0,0,3,0,0,4,0
Lucas Freitas,178149,G,MONTANA,14,0,0,232,,,79.4,,,,66.9,,,75.0,0,0,75,0,0,0,0,0,0
Grant Glasgow,178150,K,MONTANA,13,0,0,232,,,,,73.3,,63.8,,,78.3,1,0,1,0,72,0,0,0,0
Cameron Gurnsey,178152,TE,MONTANA,1,0,0,232,,,,,,,61.8,,,67.5,0,0,0,0,6,0,0,0,0
Brendan Murphy,178154,ED,MONTANA,1,0,0,232,59.8,,,,,,60.0,,,62.7,0,0,0,1,0,0,0,0,0
Hayden Opitz,178155,LB,MONTANA,13,1,0,232,,,,,,,65.1,,,80.4,1,0,0,0,72,11,49,34,0
Clay Oven,178156,LB,MONTANA,13,1,0,232,,,,,,,67.8,,,80.9,4,0,0,0,77,10,54,42,6
Evan Shafer,178158,TE,MONTANA,1,0,0,232,,,,,,,61.2,,,72.1,0,0,0,0,0,6,0,0,0
Cy Stevenson,178160,LB,MONTANA,14,1,0,232,,,,,,,67.3,,,52.1,0,1,0,0,87,56,55,56,1
Aaron Austin,178163,ED,STF AUSTIN,12,0,0,301,58.7,,,,,,61.1,,,71.6,0,0,0,33,0,0,0,14,0
Jack Bacon,178164,T,N COLORADO,1,0,0,253,,,,,,,60.0,,,63.3,0,0,0,0,0,0,1,0,0
Jason Crowder,178166,G,STF AUSTIN,10,0,0,301,,,75.2,,,,64.8,,,66.1,0,0,57,0,0,0,0,0,0
Kolt De La Torre,178167,G,STF AUSTIN,1,0,0,301,,,60.0,,,,60.4,,,62.5,0,0,3,0,0,0,0,0,0
Elijah Fields,178169,DI,STF AUSTIN,11,0,0,301,58.4,,76.8,,,,64.9,,,76.6,0,0,54,11,0,0,0,6,0
Joey Finley,178170,ED,STF AUSTIN,2,0,0,301,59.3,,62.3,,,,62.5,,,71.0,0,0,11,1,0,0,0,1,0
Tyler Hutcherson,178173,CB,STF AUSTIN,11,1,0,301,59.9,,,,,,66.7,,,77.6,0,0,0,15,68,21,4,6,0
Jaylen Jenkins,178174,HB,STF AUSTIN,7,0,0,301,,,,54.6,,,67.0,,,73.4,0,0,0,0,0,5,0,30,0
Jaymon Lamb,178179,T,STF AUSTIN,1,0,0,301,,,,,,,60.0,,,63.3,0,0,0,0,0,0,1,0,0
Cole Lemons,178180,S,STF AUSTIN,12,0,0,301,,,,,,,73.7,,,86.7,1,0,0,0,76,48,27,61,3
Tim Muhammad,178182,ED,STF AUSTIN,4,0,0,301,59.4,,,,,,31.7,,,25.4,0,1,0,3,0,0,0,3,0
Connor Mullins,178183,TE,STF AUSTIN,9,0,0,301,,,67.2,,,,63.5,,,66.7,0,0,20,0,2,25,30,0,1
Chimdia Nwaiwu,178184,T,STF AUSTIN,3,0,0,301,,,66.4,,,,63.0,,,67.2,0,0,18,0,0,0,0,0,0
Gavin Rutherford,178188,QB,STF AUSTIN,1,0,0,301,,,,,,,60.0,,60.0,63.3,0,0,0,0,0,0,1,0,0
Tug Sanford,178189,LS,STF AUSTIN,12,0,0,301,,,77.1,,,77.7,76.5,,,66.9,1,0,73,0,0,0,52,0,2
Zoom Esplin,178193,T,WEBER ST,12,0,0,342,,,76.3,,,,66.0,,,76.9,0,0,65,0,0,0,0,0,0
Javon Colston,178197,S,DUQUESNE,10,0,0,155,59.7,,,,,,66.2,,,78.5,1,0,0,5,46,36,34,44,5
DJ Cerisier,178201,CB,DUQUESNE,10,0,0,155,59.9,,,,,,63.1,,,74.5,0,0,0,23,1,10,0,25,0
Derron Moore,178202,LB,DUQUESNE,11,2,0,155,59.9,,,,,,77.0,,,80.2,0,0,0,4,57,13,15,46,5
Isaiah Summerlin,178204,S,DUQUESNE,5,0,0,155,60.0,,,,,,70.7,,,70.2,1,0,0,1,3,2,10,1,2
Justin Harris,178211,CB,DUQUESNE,11,0,0,155,59.7,,,,,,72.7,,,46.8,4,1,0,3,56,37,48,45,9
Shawn Solomon Jr.,178212,HB,DUQUESNE,5,1,0,155,,,,,,,72.6,,,72.2,0,0,0,0,8,13,0,0,3
Kahini Austin,178219,G,DUQUESNE,2,0,0,155,,,60.0,,,,61.5,,,64.3,0,0,6,0,0,0,0,0,0
Jackson Farrell,178220,C,DUQUESNE,8,0,0,155,,,75.3,,,,64.8,,,65.0,0,0,40,0,0,1,0,0,0
Luke Miller,178221,LB,DUQUESNE,7,0,0,155,59.2,,66.2,,,,61.8,,,67.7,0,0,11,20,1,6,0,5,0
Jason Patterson,178222,ED,DUQUESNE,9,0,0,155,58.8,,,,,,60.3,,,67.7,0,0,0,20,0,0,0,7,0
Daniel Tarabrella,178225,TE,DUQUESNE,11,1,0,155,,,73.4,63.5,,,67.1,,,38.6,1,1,46,0,26,39,25,35,3
Matt Brooks,178227,DI,DUQUESNE,10,0,0,155,58.3,,73.9,,,,63.5,,,74.0,0,0,47,8,0,0,17,4,0
Carlos Ramirez,178228,DI,DUQUESNE,8,0,0,155,58.8,,60.0,,,,59.7,,,67.2,0,0,2,15,0,0,0,4,0
Jack Dunkley,178229,ED,DUQUESNE,9,0,0,155,58.8,,,,,,60.3,,,68.1,0,0,0,23,0,0,0,6,0
Will Hicks,178234,S,HAMPTON,12,0,0,178,59.9,,,,,,62.9,,,29.3,0,1,0,34,59,0,10,14,3
Tre Everett III,178235,S,HAMPTON,12,0,0,178,59.8,,,,,,74.9,,,70.9,0,0,0,42,10,3,24,16,2
Michael Ramsingh,178238,LB,HAMPTON,5,0,0,178,,,60.0,,,,69.4,,,67.8,0,0,6,0,0,2,11,0,1
Dillian Watkins,178240,LB,HAMPTON,1,0,0,178,60.0,,,,,,60.0,,,61.7,0,0,0,1,0,0,0,0,0
Wayne Queen,178242,LB,IDAHO,7,1,0,185,60.0,,,,,,60.5,,,72.5,1,0,0,1,23,4,0,5,0
Jagger Giles,178245,LB,IDAHO ST,8,0,0,186,59.9,,,,,,61.1,,,69.8,0,0,0,7,9,32,0,1,0
Noa Calaycay,178246,CB,IDAHO ST,7,0,0,186,,,,,,,66.9,,,71.0,0,0,0,0,15,12,0,11,1
Nathan Reynolds,178250,LB,IDAHO ST,12,0,0,186,58.7,,,,,,62.9,,,73.6,0,0,0,68,2,6,33,24,0
Ian Duarte,178254,WR,IDAHO ST,2,0,0,186,,,,,,,60.3,,,67.8,0,0,0,0,0,1,0,1,0
Michael Shulikov,178255,WR,IDAHO ST,5,0,0,186,,,,60.0,,,60.7,,,67.7,0,0,0,0,2,6,0,0,0
Dekker Haggler,178256,S,IDAHO ST,4,0,0,186,60.2,,,,,,59.9,,,72.6,1,0,0,6,18,14,9,2,1
Kolton Kirby,178259,S,IDAHO ST,10,0,0,186,60.0,,,,,,61.4,,,79.4,0,0,0,1,13,51,0,0,0
Adam Watts,178262,WR,IDAHO ST,6,0,0,186,,,,,,,69.3,,,72.8,0,0,0,0,7,1,16,17,1
Sanborne Melson,178264,CB,IDAHO ST,4,0,0,186,,,,,,,60.4,,,65.5,0,0,0,0,0,9,0,0,0
Scott Atkinson,178265,LS,IDAHO ST,12,1,0,186,,,88.8,,,77.8,76.9,,,66.7,2,0,64,0,0,0,46,0,2
Jorgen Miller,178268,T,IDAHO ST,3,0,0,186,,,65.1,,,,62.5,,,62.0,0,0,15,0,0,0,0,0,0
Logan George,178270,ED,IDAHO ST,12,0,0,186,57.7,,,,,,58.0,,,69.2,0,0,0,55,0,0,0,7,0
Ross Bolger,178271,K,IDAHO ST,12,0,0,186,,,,,60.7,,63.6,,77.9,75.8,0,3,0,0,16,0,46,0,1
Will Davis,178276,T,IDAHO ST,9,0,0,186,,,74.7,,,,57.8,,,27.9,0,1,49,0,0,0,0,0,0
Joseph Perez-Garibay,178279,DI,IDAHO ST,6,0,0,186,59.2,,60.0,,,,60.1,,,66.9,0,0,3,13,0,0,0,0,0
Beau Jaques,178280,ED,IDAHO ST,12,0,0,186,,,77.0,,,,64.0,,,77.3,0,0,64,0,0,36,0,0,0
Malik Richardson,178282,DI,IDAHO ST,8,0,0,186,59.2,,,,,,60.5,,,68.3,0,0,0,13,0,0,0,3,0
Kevin White,178287,QB,NC A&T,4,0,0,246,,,,,,,62.2,,,71.6,0,0,0,0,2,0,8,9,0
Jay Avery,178290,WR,NC A&T,1,0,0,246,,,,,,,60.0,,,65.5,0,0,0,0,0,1,0,0,0
Joshua Iseah,178291,LB,NC A&T,9,0,0,246,59.4,,,,,,60.7,,,70.4,0,0,0,28,5,0,5,2,0
Kade Moledor,178293,LB,NC A&T,12,0,0,246,60.4,,,,,,62.5,,,73.0,0,0,0,69,1,0,7,9,0
Jailen Hicks,178294,HB,NC A&T,4,0,0,246,,,,,,,64.7,,,71.5,0,0,0,0,9,0,0,14,0
Shimique Blizzard,178296,HB,NC A&T,8,0,0,246,,,,56.7,,,61.6,,,71.2,0,0,0,0,2,32,0,5,0
Terien George,178300,LB,NC A&T,12,1,0,246,60.0,,,,,,65.4,,,81.5,0,0,0,28,35,54,30,21,2
Asa Evans,178301,LB,NC A&T,2,0,0,246,,,,,,,61.1,,,90.0,0,0,0,0,2,0,0,0,0
Sterling Wiggins,178302,T,NC A&T,12,0,0,246,,,71.5,,,,64.9,,,74.1,0,0,34,0,0,0,0,0,0
Ryan Tate-Walker,178304,S,NC A&T,3,1,0,246,,,,,,,66.9,,,73.0,0,0,0,0,9,22,0,10,0
Jay Haggins,178305,K,NC A&T,1,0,0,246,,,,,60.1,,60.0,,,64.2,0,0,0,0,1,0,0,0,0
Brock Stukes,178307,G,NC A&T,4,0,0,246,,,66.2,,,,62.7,,,63.3,0,0,11,0,0,0,0,0,0
Kelvin Broadhurst Jr.,178308,DI,NC A&T,12,0,0,246,57.1,,,,,,57.5,,,70.2,0,0,0,61,0,0,51,6,0
Giovanni Divers,178309,ED,NC A&T,2,0,0,246,59.8,,,,,,60.0,,,64.0,0,0,0,1,0,0,0,0,0
Darren Bennett,178310,TE,JACKSON ST,1,0,0,194,,,,,,,57.5,,,67.6,0,0,0,0,0,4,0,0,0
Jayvonne Dillard,178311,WR,NC A&T,9,0,0,246,,,,,,,61.3,,,75.0,0,0,0,0,1,33,0,17,0
Rory Jones-Amen-Hetep,178312,WR,NC A&T,4,0,0,246,,,,,,,58.2,,,67.9,0,0,0,0,0,21,0,0,0
Cordell Wilson,178323,S,W ILLINOIS,4,0,0,345,59.8,,,,,,60.0,,,62.7,0,0,0,15,0,0,0,0,0
Terangie Eskridge,178324,CB,W ILLINOIS,8,0,0,345,,,,,,,50.1,,,28.3,0,1,0,0,9,21,2,9,0
Ethan Ladd,178329,ED,W ILLINOIS,12,0,0,345,,,,59.9,,,73.3,,,79.8,0,0,0,0,66,74,23,17,6
Brayden Hartman,178330,G,W ILLINOIS,7,0,0,345,,,71.3,,,,64.7,,,72.4,0,0,34,0,0,0,0,0,0
Dorian Arguelles,178332,G,W ILLINOIS,1,0,0,345,,,60.0,,,,60.6,,,63.2,0,0,2,0,0,0,0,0,0
Oshobi Odior,178333,LB,W ILLINOIS,2,0,0,345,59.5,,,,,,54.9,,,28.8,1,1,0,4,14,14,0,0,2
Izaya Vimahi,178335,G,W ILLINOIS,9,0,0,345,,,76.6,,,,65.8,,,73.5,0,0,52,0,0,0,0,0,0
Dagen Miller,178338,T,W ILLINOIS,12,0,0,345,,,78.9,,,,65.9,,,64.4,0,0,63,0,0,0,0,0,0
Keshawn Harrington-McKinney,178339,DI,W ILLINOIS,11,0,0,345,58.2,,,,,,58.2,,,67.3,0,0,0,30,0,0,0,2,0
Mike Jenkins,178344,S,E TENN ST,10,1,0,157,59.9,,,,,,63.6,,,29.4,0,1,0,8,37,1,0,9,1
Teddy Wilson,178350,S,E TENN ST,12,0,0,157,59.9,,,,,,69.8,,,76.2,1,0,0,16,42,0,0,51,4
Medrick Burnett Jr.,178353,LB,ALAB A&M,7,1,0,104,,,,,,,77.2,,,90.1,0,0,0,0,30,43,17,10,4
Tramon Douglas,178354,WR,GRAMBLING,1,0,0,177,,,,,,,60.0,,,62.1,0,0,0,0,1,0,0,0,0
Andrew Frazier,178355,WR,GRAMBLING,8,0,0,177,,,,59.2,,,47.0,,,27.9,0,1,0,0,0,25,0,8,0
Marcellius Johnson,178359,LB,GRAMBLING,12,0,0,177,59.7,,,,,,56.4,,,29.3,1,2,0,12,51,16,18,6,3
Kyran McConnell,178362,S,GRAMBLING,1,0,0,177,,,,,,,60.0,,,63.7,0,0,0,0,1,0,0,0,0
Noah Ratliff,178364,LB,GRAMBLING,1,0,0,177,59.1,,,,,,59.3,,,63.9,0,0,0,2,0,0,0,0,0
Braye Therence,178368,LB,GRAMBLING,3,0,0,177,,,,,,,63.0,,,75.0,0,0,0,0,5,3,0,4,0
Gerald Wells,178369,G,GRAMBLING,2,0,0,177,,,60.0,,,,60.6,,,61.5,0,0,2,0,0,0,0,0,0
Blaze Zito,178370,ED,N ARIZONA,2,0,0,252,60.0,,,,,,60.1,,,63.5,0,0,0,1,0,0,0,1,0
Joe Abill,178371,ED,MARIST,5,0,0,213,59.3,,,,,,59.5,,,64.4,0,0,0,7,0,0,0,0,0
Lincoln Cardillo,178376,HB,MARIST,11,0,0,213,,,60.0,58.6,,,61.3,,,74.2,0,0,2,0,3,68,5,15,0
Ronan Casanova,178377,LB,MARIST,10,0,0,213,60.3,,,,,,64.9,,,77.0,0,0,0,35,0,7,0,15,0
Mohamed Diawara,178379,WR,MARIST,9,0,0,213,59.8,,60.0,,,,60.2,67.8,,67.3,0,0,5,1,3,0,2,30,0
Conor Fitzgibbon,178381,S,MARIST,11,1,1,213,59.7,,,,,,67.5,,,30.0,1,1,0,9,12,0,37,41,2
Nate Furrow,178382,LB,MARIST,1,0,0,213,,,,,,,60.6,,,67.7,0,0,0,0,0,4,0,0,0
Shock Gordon,178383,S,MARIST,5,0,0,213,,,,,,,64.8,,,70.7,0,0,0,0,0,0,0,22,0
Devin Kennedy,178387,T,MARIST,10,0,0,213,59.6,,69.1,,,,63.0,,,62.5,0,0,26,1,0,0,0,0,0
James Kratochvil,178388,LB,MARIST,9,0,0,213,59.7,,,,,,61.2,,,68.6,0,0,0,45,0,0,0,2,0
Matt Krebbs,178389,WR,MARIST,2,0,0,213,,,,,,,61.2,,,70.6,0,0,0,0,0,13,0,0,0
Brandon Lucia,178390,ED,MARIST,4,0,0,213,59.5,,,,,,61.8,,,75.9,0,0,0,3,1,25,0,6,0
Jordan Mendoza,178391,ED,MARIST,11,0,0,213,78.7,,67.1,,,,82.6,,,71.9,0,0,20,32,0,0,26,0,0
Jack Pinchek,178396,CB,MARIST,5,0,0,213,60.0,,,,,,53.2,,,74.6,1,0,0,3,4,30,20,0,0
Charlie Sparago,178399,S,MARIST,11,0,0,213,59.9,,,,,,60.5,,,77.5,1,0,0,3,30,71,5,36,1
TJ Surace,178400,G,MARIST,8,0,0,213,,,68.7,,,,63.5,,,71.7,0,0,22,0,0,0,3,0,0
Kade Werner,178401,S,MARIST,11,0,0,213,59.9,,,,,,62.1,,,71.6,0,0,0,37,32,0,0,1,1
Alijah Alexander,178403,ED,STETSON,11,0,0,302,58.0,,70.0,,,,61.8,,,74.8,0,0,33,44,1,2,2,16,0
Cooper Aurilia,178404,S,STETSON,9,0,0,302,59.8,,,,,,59.6,,,70.7,1,0,0,4,5,38,25,0,1
Wesley Choate,178411,LS,STETSON,11,0,0,302,,,82.5,,,35.7,41.5,,,66.8,1,0,37,0,0,0,50,0,1
Lumpy DeWeese,178416,S,STETSON,11,1,0,302,59.7,,,,,,70.3,,,73.7,1,0,0,50,19,2,11,22,5
Eli Durden,178419,LB,STETSON,1,0,0,302,59.7,,,,,,60.0,,,61.8,0,0,0,1,0,0,0,0,0
Kyle Elphick,178421,LB,STETSON,11,0,0,302,59.3,,69.4,,,,58.5,,,39.1,0,1,27,65,2,10,0,6,0
Bo Gaines,178422,K,STETSON,11,0,0,302,,,65.2,,37.9,,63.7,,50.2,74.3,0,1,37,0,15,0,50,0,3
Carter Gaskins,178423,LB,STETSON,7,0,0,302,59.7,,,,,,65.9,,,71.0,0,0,0,22,6,0,2,9,1
Zion Griffin,178425,S,STETSON,2,0,0,302,59.9,,,,,,61.5,,,69.7,0,0,0,1,0,7,0,5,0
Daniel Holbrook,178426,K,STETSON,11,0,0,302,,75.4,,,55.2,,62.5,,,72.3,0,0,37,0,31,0,0,0,1
Jayden Jefferson,178429,S,STETSON,6,0,0,302,59.8,,60.0,62.3,,,55.1,,,65.9,1,0,1,16,14,7,0,1,0
Ronnel Johnson,178430,WR,STETSON,10,0,0,302,,,,49.5,,,58.8,62.5,,66.2,0,0,0,0,0,55,2,22,0
Colton Lewis,178433,G,STETSON,8,0,0,302,,,60.0,,,,61.5,,,66.5,0,0,7,0,0,0,25,0,0
Renardo Lewis,178434,DI,STETSON,6,0,0,302,58.2,,,,,,59.1,,,76.2,0,0,0,16,0,0,0,2,0
Andrew Martin,178435,LB,STETSON,10,0,0,302,60.0,,,,,,62.0,,,74.6,0,0,0,43,14,0,15,6,0
Brayden Miller,178436,WR,STETSON,7,0,0,302,,,,58.6,,,58.8,57.4,,67.2,0,0,0,0,0,42,0,9,0
Jabriel Muhammad,178437,ED,STETSON,2,0,0,302,59.3,,,,,,59.5,,,63.1,0,0,0,2,0,0,0,0,0
Gavin Peacock,178439,ED,STETSON,8,0,0,302,58.6,,,,,,59.6,,,71.7,0,0,0,42,0,0,0,4,0
Jhoel Robinson,178441,LB,STETSON,11,0,0,302,60.0,,,,,,70.5,,,84.0,0,0,0,12,44,61,25,39,5
Wyatt Rogers,178442,WR,STETSON,10,2,0,302,,,,,,,72.9,,,83.1,1,0,0,0,32,71,33,28,5
Marven Simeus,178444,CB,STETSON,2,0,0,302,59.6,,,,,,60.2,,,66.1,0,0,0,7,0,0,0,0,0
Gabe Snyder,178445,T,STETSON,3,0,0,302,,,60.0,,,,58.3,,,63.9,0,0,3,0,0,0,2,0,0
Charles Thorpe III,178448,G,STETSON,11,0,0,302,,,73.8,,,,55.9,,,27.7,0,1,32,0,0,0,2,0,0
Jacob Turbidy,178449,CB,STETSON,3,1,0,302,,,,,,,66.0,,,68.2,0,0,0,0,6,6,0,0,0
Braden Turner,178450,S,STETSON,6,0,0,302,59.9,,,,,,65.5,,,73.4,1,0,0,5,6,16,15,8,0
Conal Walsh,178451,T,STETSON,2,0,0,302,,,60.0,,,,60.8,,,66.5,0,0,3,0,0,0,0,0,0
Simeon White II,178452,CB,STETSON,4,0,0,302,59.7,,,,,,62.4,,,75.1,0,0,0,5,0,0,0,3,0
Isaiah Ybarra,178453,G,NWSTATE,9,0,0,257,,,68.3,,,,62.4,,,65.1,0,0,27,0,0,0,1,0,0
James Yoest,178454,WR,STETSON,4,0,0,302,,,,69.3,,,60.2,61.0,,72.1,0,0,0,0,0,26,0,3,0
Steve Albert Jr.,178455,LB,TARLETON,13,0,0,401,59.7,,,,,,63.2,,,72.5,0,0,0,11,0,31,0,25,0
Kasyus Kurns,178462,CB,TARLETON,14,0,0,401,60.2,,,,,,71.3,,,79.5,0,0,0,56,0,1,34,13,1
Fischer Ohrt,178464,WR,TARLETON,2,0,0,401,,,60.0,,,,61.5,,,66.7,0,0,2,0,0,0,0,2,0
Dawson Otto,178465,TE,TARLETON,13,0,0,401,,,76.4,,,,64.8,,,63.2,0,0,71,0,0,5,0,0,0
AJ Sargent,178468,ED,TARLETON,8,0,0,401,59.0,,,,,,59.2,,,67.2,0,0,0,13,0,0,0,5,0
Omarion Blakes,178475,WR,ALCORN ST,12,1,0,107,,,60.0,,,,69.3,78.3,,29.9,2,1,2,0,42,2,49,47,6
Zyrus Craft,178479,T,ALCORN ST,11,0,0,107,,,16.6,,,,29.6,,,65.6,0,0,46,0,0,0,0,0,0
Dillon Crowell,178480,LB,ALCORN ST,12,1,0,107,59.6,,,,,,54.1,,,63.1,6,1,0,2,52,37,56,48,7
Mahamadou Diarra,178481,LB,ALCORN ST,11,1,0,107,59.6,,,,,,56.2,,,75.8,0,1,0,4,7,56,43,18,0
Stemarion Edwards,178483,LB,ALCORN ST,12,0,0,107,59.5,,,,,,50.6,33.6,,29.5,1,1,0,40,10,0,4,7,0
Johnnie Evans,178485,CB,ALCORN ST,2,0,0,107,,,,,,,57.6,,,68.5,0,0,0,0,0,5,0,0,0
Brendan Gibson,178489,ED,ALCORN ST,2,0,0,107,58.9,,,,,,58.9,,,63.2,0,0,0,4,0,0,0,0,0
Tayvion Haney,178490,CB,ALCORN ST,11,0,1,107,59.4,,,,,,48.6,,,29.9,2,1,0,23,15,1,36,21,2
Kayvon Henderson,178493,ED,ALCORN ST,8,0,0,107,59.0,,64.1,,,,60.5,,,65.9,0,0,13,26,0,0,0,1,0
Damien Jones,178494,WR,ALCORN ST,6,0,0,107,,,,,,,63.0,,,71.1,0,0,0,0,2,2,0,11,0
Kenny Pham,178498,P,SOUTHERN U,13,1,0,297,,,66.1,,,,57.6,,39.0,35.2,0,1,47,0,0,0,76,0,0
Geoffreyy Mckelton,178501,S,ALCORN ST,11,0,0,107,60.2,,,,,,60.9,,,65.3,0,0,0,37,0,0,0,0,0
Clinton Mckinney,178502,S,ALCORN ST,12,0,0,107,59.7,,,,,,56.7,,,28.3,1,2,0,6,49,17,2,47,3
Chris McNair,178503,S,ALCORN ST,8,0,0,107,,,,,,,57.9,,,73.6,1,0,0,0,3,33,18,25,0
Cam'Ron Richardson,178511,G,ALCORN ST,9,0,0,107,,,74.8,,,,65.3,,,72.6,0,0,41,0,0,0,0,0,0
Gideon Spottsville,178514,DI,ALCORN ST,10,0,0,107,58.0,,,,,,59.4,,,67.9,0,0,0,33,0,0,15,1,0
Ryan Turner,178516,TE,ALCORN ST,11,0,0,107,,,74.1,,,,62.7,,,74.6,0,0,46,0,0,8,7,0,0
Tyran Warren,178517,WR,ALCORN ST,5,0,1,107,59.7,,64.1,,,,53.9,,,27.3,0,2,13,1,11,0,0,0,0
Jeremy Baker,178521,P,ARKAPB,12,0,0,112,,,65.7,,,,62.8,,52.2,70.7,0,0,42,0,0,0,35,0,0
Javien Blanks,178524,ED,ARKAPB,4,0,0,112,59.1,,,,,,60.0,,,64.9,0,0,0,5,0,0,0,2,0
Daniel Bostic,178525,T,ARKAPB,10,0,0,112,,,71.1,,,,63.9,,,63.6,0,0,37,0,0,0,0,0,0
Cameron Coleman,178526,ED,ARKAPB,8,2,0,112,58.4,,,59.9,,,69.5,,,73.3,0,0,0,31,22,28,0,10,3
BJ Curry,178528,HB,ARKAPB,10,1,0,112,,,,52.3,,,47.6,,,70.4,0,0,0,0,33,28,0,10,3
Jamarkius Garrett,178530,C,ARKAPB,12,0,0,112,,,60.0,,,,49.5,,,68.0,0,0,3,0,0,0,55,0,0
Elijah Hardin,178531,G,ARKAPB,11,0,0,112,,,76.0,,,,65.6,,,73.1,0,0,48,0,0,0,0,0,0
Elijah Jenkins,178533,ED,ARKAPB,12,0,0,112,58.4,,,,,,59.9,,,72.0,0,0,0,55,0,7,0,17,0
Isaiah Jones,178534,DI,ARKAPB,7,0,0,112,58.9,,,,,,60.1,,,72.4,0,0,0,8,0,0,0,2,0
Marcus Jones Jr.,178535,LB,ARKAPB,7,0,0,112,60.3,,,,,,63.8,,,70.9,0,0,0,32,0,9,0,11,0
Elijah McDonald,178537,HB,ARKAPB,1,0,0,112,,,,,,,60.5,,,64.6,0,0,0,0,2,0,0,0,0
Martavious Miller,178538,CB,ARKAPB,9,1,0,112,59.6,,,,,,59.3,,,38.8,1,1,0,17,32,16,1,8,2
Abdul Osholake,178540,DI,ARKAPB,12,0,1,112,58.4,,,,,,52.0,,,28.2,0,1,0,18,0,0,56,1,0
AC Swadling,178544,S,ARKAPB,1,0,0,112,,,,,,,60.0,,,63.7,0,0,0,0,1,0,0,0,0
Jaylen White,178549,LB,ARKAPB,9,2,0,112,59.5,,,,,,62.5,,,76.6,1,0,0,13,18,21,6,9,1
Shawn Wilson,178550,S,ARKAPB,8,0,0,112,59.7,,,,,,51.3,,,29.8,2,1,0,40,33,27,28,3,1
Ejike Brown,178555,ED,BETH COOK,11,0,0,119,59.2,,,,,,60.8,,,68.6,0,0,0,31,0,0,0,9,0
Darrion Davis,178559,LB,BETH COOK,12,0,0,119,59.7,,,59.9,,,56.1,,,30.3,0,1,0,5,0,77,67,2,0
Jaden Davis,178560,S,BETH COOK,11,0,0,119,60.1,,,59.9,,,57.6,,,77.7,1,0,0,9,2,14,44,23,0
Lovewyn Don-Willies,178561,S,BETH COOK,4,0,0,119,59.8,,,,,,51.4,,,68.3,0,0,0,3,10,0,0,0,0
Kai Gadson,178563,C,JACKSON ST,1,0,0,194,,,60.0,,,,60.0,,,61.6,0,0,1,0,0,0,0,0,0
Jeremy Greaves Jr.,178564,ED,BETH COOK,12,0,0,119,59.0,,,,,,61.9,,,72.7,0,0,0,41,7,0,0,11,0
Johnny Harris III,178566,CB,BETH COOK,11,0,0,119,59.3,,,,,,61.4,,,72.9,0,0,0,46,1,0,0,8,0
Jeffson Lafontant,178571,DI,BETH COOK,4,0,0,119,59.0,,,,,,58.9,,,65.2,0,0,0,17,0,0,0,1,0
Jaylen Lewis,178572,LB,BETH COOK,12,3,1,119,,,,,,,61.9,,,44.1,4,1,0,0,44,46,67,26,6
Donnell McCray Jr.,178576,ED,BETH COOK,1,0,0,119,,,,,,,60.6,,,64.2,0,0,0,0,2,1,0,0,0
Peyton Nero,178579,LB,BETH COOK,8,0,0,119,,,,,,,64.5,,,72.9,1,0,0,0,34,1,0,16,3
Stephan Peterman,178580,S,BETH COOK,12,0,0,119,59.8,,,,,,46.9,,,39.4,3,2,0,3,47,19,58,33,1
David Poutasi,178581,G,BETH COOK,2,0,0,119,,,63.4,,,,62.4,,,67.9,0,0,8,0,0,0,0,0,0
Nichalas Rawls II,178582,S,BETH COOK,2,0,0,119,60.0,,,,,,61.3,,,68.7,0,0,0,1,2,7,0,0,0
Jermaris Speights,178586,CB,BETH COOK,8,1,0,119,,,,,,,51.1,,,69.9,1,1,0,0,33,0,0,10,2
Malik Stinnett,178588,LB,BETH COOK,11,0,0,119,59.8,,,,,,64.3,,,80.3,0,0,0,28,22,14,36,32,1
Derrick Thompson,178590,CB,BETH COOK,12,1,0,119,59.5,,,,,,90.0,,,69.4,0,0,0,12,46,0,0,1,7
Max Tulen,178592,P,BETH COOK,11,0,0,119,,,66.0,,,,62.0,,,61.1,0,0,46,0,0,0,0,0,0
Corey Turner,178593,WR,BETH COOK,1,0,0,119,,,,,,,60.0,,,62.2,0,0,0,0,0,1,0,0,0
Champ Brantley,178597,S,CHARLES SO,12,1,0,135,59.9,,,,,,74.6,60.0,,78.5,1,0,0,61,38,2,67,4,4
Chandler Perry,178604,S,CHARLES SO,10,0,1,135,59.8,,,,,,40.0,,,26.8,0,2,0,39,2,0,24,4,0
Tyson Greenwade,178606,HB,CHARLES SO,12,0,0,135,,,,64.4,,,61.3,,,73.8,0,0,0,0,0,72,0,26,0
Omari Jenkins,178609,LB,CHARLES SO,9,0,0,135,59.8,,,,,,60.6,,,67.6,0,0,0,41,0,0,0,0,0
Noah Jennings,178610,WR,CHARLES SO,12,0,0,135,,,,60.0,,,58.2,62.2,,80.3,3,0,0,0,1,36,65,19,1
Quay Kindell,178615,WR,CHARLES SO,6,0,0,135,,,,58.1,,,59.6,,,63.6,0,0,0,0,0,30,0,0,0
Mekhi Campfield,178616,WR,CHARLES SO,12,0,0,135,,,,,,,62.6,,,45.2,0,1,0,0,34,72,24,31,1
Steve Zayachkowsky,178619,LB,CHARLES SO,12,0,0,135,59.6,,,59.9,,,70.7,,,75.5,0,0,0,57,5,56,67,11,4
Leon Thomas,178625,CB,CHARLES SO,10,0,0,135,59.5,,,66.1,,,61.3,67.1,,72.3,0,0,0,45,0,13,0,26,0
Andrew Threatt,178626,G,CHARLES SO,11,0,0,135,,,73.4,,,,64.8,,,71.9,0,0,34,0,0,0,0,0,0
Juliuz Walton,178627,ED,CHARLES SO,3,0,0,135,59.9,,,,,,62.0,,,66.0,0,0,0,1,0,0,0,4,0
Aiden Allen,178629,DI,PRVIEW A&M,2,0,0,270,,,,,,,62.0,,,68.2,0,0,0,0,0,5,0,3,0
Caden Bowers,178633,G,PRVIEW A&M,12,0,0,270,,,76.6,,,,65.9,,,73.6,0,0,52,0,0,0,0,0,0
Freddie Byrd lll,178635,CB,PRVIEW A&M,11,0,0,270,59.8,,,,,,62.4,,,71.9,0,0,0,31,0,0,0,12,0
Terrell Coleman Jr.,178636,S,PRVIEW A&M,11,0,0,270,60.2,,,,,,63.8,60.0,,70.5,0,0,0,34,1,0,0,16,0
Marquise Doucette,178638,WR,PRVIEW A&M,3,0,0,270,,,,,,,66.9,,,71.5,0,0,0,0,12,19,0,0,0
Robert Edmonson,178639,LB,PRVIEW A&M,10,0,0,270,59.7,,,,,,67.6,,,73.6,0,0,0,20,6,37,35,11,2
Nigel Hill,178642,LB,PRVIEW A&M,12,0,0,270,,,,,,,64.3,,,83.5,0,0,0,0,28,66,0,24,1
Jayven Jackson,178643,LB,PRVIEW A&M,12,0,0,270,59.8,,,,,,62.5,,,74.2,0,0,0,34,21,14,63,14,2
Treylan James,178645,S,PRVIEW A&M,6,2,1,270,59.9,,,,,,55.1,,,28.7,2,2,0,11,25,12,15,12,1
Keon Jones,178646,CB,PRVIEW A&M,12,0,0,270,59.5,,,,,,62.8,,,74.2,0,0,0,34,0,0,0,23,0
Bryce McDonald,178650,S,PRVIEW A&M,11,2,0,270,59.9,,,,,,67.7,,,48.8,0,1,0,8,35,0,48,15,5
David Murray,178652,TE,PRVIEW A&M,12,0,0,270,,,,59.9,,,60.7,,,74.2,0,0,0,0,0,70,0,0,0
Braelen Perry,178655,DI,PRVIEW A&M,5,0,0,270,59.1,,,,,,60.2,,,65.4,0,0,0,3,0,0,0,2,0
Guillermo Garcia,178657,K,PRVIEW A&M,12,0,0,270,,91.1,,,63.6,,62.6,,,72.2,0,0,52,0,31,0,0,0,0
Shemar Savage,178659,WR,PRVIEW A&M,1,0,0,270,,,,,,,60.0,,,63.0,0,0,0,0,0,1,0,0,0
Tiago Sumbo,178661,DI,PRVIEW A&M,10,0,0,270,58.3,,,,,,59.1,,,67.9,0,0,0,20,0,0,0,5,0
Tito Chikere,178662,DI,PRVIEW A&M,5,0,0,270,58.9,,,,,,59.4,,,64.7,0,0,0,5,0,0,0,1,0
Darren Vasquez,178663,ED,PRVIEW A&M,6,0,0,270,59.3,,,,,,60.0,,,65.2,0,0,0,8,0,0,0,1,0
Gavin Batt,178667,WR,WOFFORD,12,0,0,350,,,,58.5,,,59.4,,,70.3,0,0,0,0,0,63,0,0,0
O'marion Brown,178669,DI,WOFFORD,11,0,0,350,58.7,,,,,,59.6,,,68.4,0,0,0,31,0,0,0,9,0
Eli Campbell,178670,S,WOFFORD,12,1,0,350,60.2,,,,,,72.0,,,71.6,0,0,0,17,49,0,0,18,2
Tommy DiLiegro,178672,LS,WOFFORD,12,0,0,350,,,74.8,,,72.8,71.9,,,67.2,0,0,34,0,0,0,56,0,1
Adonis Garcia,178674,LB,WOFFORD,10,0,0,350,,,,,,,64.2,,,72.5,0,0,0,0,0,0,0,20,0
Jacobi Hatter,178677,S,WOFFORD,12,0,0,350,,,,,,,70.2,,,50.7,0,1,0,0,27,10,41,25,4
Santana Haynes-Goodman,178678,T,WOFFORD,9,0,0,350,,,66.9,,,,63.3,,,71.4,0,0,17,0,0,0,0,0,0
J'vion Luster,178682,CB,WOFFORD,3,0,0,350,60.0,,,,,,63.8,,,70.5,0,0,0,1,6,0,0,5,0
Aiden Morris,178685,LB,WOFFORD,7,0,0,350,,,,,,,57.9,,,72.4,0,0,0,0,0,0,39,0,0
Ryan Peacock,178688,WR,WOFFORD,1,0,0,350,,,,,,,60.0,,,64.9,0,0,0,0,0,1,0,0,0
Jack Purdy,178689,WR,WOFFORD,9,0,0,350,,,,,,,61.6,,,75.0,0,0,0,0,0,49,0,0,0
Jalen Rambert,178690,LB,WOFFORD,11,1,0,350,60.0,,,,,,74.3,,,71.4,1,0,0,12,31,1,0,8,5
Sam Spence,178694,K,WOFFORD,12,0,0,350,,,,,52.2,,53.5,,50.4,32.0,1,2,0,0,24,0,64,0,0
Javario Tinch,178696,LB,WOFFORD,11,1,0,350,59.9,,,,,,64.7,60.0,,74.5,0,0,0,3,22,54,1,23,0
Will White,178697,CB,WOFFORD,1,0,0,350,,,,,,,60.5,,,68.1,0,0,0,0,0,3,0,0,0
Tyson Wilkerson,178698,CB,WOFFORD,4,0,0,350,,,,,,,63.5,,,72.1,0,0,0,0,2,3,0,9,0
Jaylen Stephens,178828,LB,DUQUESNE,11,1,0,155,59.9,,,,,,57.1,,,29.5,0,3,0,3,60,34,8,44,3
Kristian Miller,178850,DI,MS VLY ST,2,0,0,228,59.5,,,,,,59.7,,,63.3,0,0,0,2,0,0,0,0,0
Cayden Betts,178856,HB,MS VLY ST,12,0,0,228,,,,59.9,,,67.9,,,80.4,0,0,0,0,34,90,44,0,2
James Bradley,178859,ED,MS VLY ST,5,0,0,228,59.6,,,,,,46.0,,,27.8,0,1,0,3,0,21,0,1,0
Alexander Davis,178862,K,MS VLY ST,12,0,0,228,,,60.0,,,,53.5,,52.5,29.9,1,4,3,0,0,0,67,0,2
Jaxson Davis,178863,TE,MS VLY ST,7,0,0,228,,,66.8,,,,54.7,,,28.6,0,1,19,0,1,21,0,0,0
Douglas Franklin,178864,LB,MS VLY ST,10,0,0,228,59.6,,,,,,69.5,,,75.0,1,0,0,24,22,8,41,15,5
Donavin Green,178866,CB,MS VLY ST,12,0,0,228,59.6,,,,,,54.0,,,29.8,0,1,0,13,1,44,8,22,0
Bryson Hart,178868,T,MS VLY ST,10,0,0,228,,,70.8,,,,64.0,,,66.9,0,0,34,0,0,0,0,0,0
Benjamin Hollowell,178870,T,MS VLY ST,2,0,0,228,,,60.0,,,,61.1,,,64.1,0,0,4,0,0,0,5,0,0
Ejavious Jackson,178871,DI,MS VLY ST,12,0,0,228,58.4,,,,,,58.8,,,68.4,0,0,0,36,0,0,0,4,0
Zamariyon Kendall,178873,HB,MS VLY ST,12,0,0,228,,,,63.2,,,69.6,,,75.8,0,0,0,0,2,15,22,25,3
Brendon Magee,178875,C,MS VLY ST,4,0,0,228,,,63.1,,,,62.4,,,67.9,0,0,8,0,0,0,0,0,0
Gregory Martin,178876,WR,MS VLY ST,7,0,0,228,,,,76.4,,,62.8,60.0,,69.3,0,0,0,0,0,44,11,1,1
Markwan Perkins,178879,G,MS VLY ST,5,0,0,228,,,60.0,,,,61.6,,,67.3,0,0,6,0,0,0,6,0,0
Tyson Pirtle,178880,DI,MS VLY ST,10,1,0,228,58.1,,,,,,56.7,,,29.5,0,1,0,22,0,0,27,6,0
Kerrick Ross,178881,WR,MS VLY ST,5,0,0,228,,,,58.3,,,59.9,62.2,,64.4,0,0,0,0,0,31,1,3,0
Amir Williams,178888,S,MS VLY ST,11,1,0,228,59.8,,,,,,56.7,,,27.8,0,2,0,9,35,52,4,4,4
Josh Pastrana,178945,LB,INCAR WORD,2,0,0,189,60.0,,,,,,60.6,,,63.3,0,0,0,1,2,0,0,0,0
Brack Peacock,178946,K,INCAR WORD,14,0,0,189,,77.3,,,58.3,,61.7,,,68.1,0,0,76,0,2,0,0,0,0
Iyioluwa Adekoya,178950,ED,LAMAR,3,0,0,204,,,,,,,61.4,,,68.3,0,0,0,0,0,0,0,5,0
Brenden Bradshaw,178952,CB,LAMAR,3,0,0,204,,,,,,,51.8,,,65.2,1,0,0,0,11,0,0,0,1
Koda Canady,178956,ED,LAMAR,11,1,0,204,59.3,,,,,,63.8,,,28.9,3,2,0,15,39,3,36,1,5
Peyton Christian,178958,DI,LAMAR,12,0,0,204,57.9,,,,,,57.9,,,72.5,0,0,0,24,0,4,46,3,0
Mar Mar Evans,178960,S,LAMAR,4,1,0,204,60.0,,,,,,65.8,,,67.2,0,0,0,1,5,0,3,1,0
Lane Gilchrest,178962,LS,LAMAR,12,1,0,204,,,90.3,,,70.5,72.2,,,66.8,1,0,48,0,0,0,48,0,1
Alex Haralson,178965,T,LAMAR,11,0,0,204,,,73.3,,,,65.0,,,74.9,0,0,43,0,0,0,0,0,0
Royce Maloles,178968,ED,LAMAR,11,0,0,204,58.7,,63.7,,,,61.3,,,68.9,0,0,12,23,16,5,0,3,0
Morgan Sampson,178978,TE,LAMAR,3,0,0,204,,,,,,,60.4,,,67.6,0,0,0,0,0,14,0,0,0
Kei'Trone Simpson,178980,ED,LAMAR,12,0,0,204,58.9,,73.8,,,,63.3,,,71.8,1,0,48,12,0,24,48,2,1
Alex Sumler,178981,ED,LAMAR,8,1,0,204,59.3,,,,,,66.5,,,69.5,0,0,0,6,26,1,2,1,0
Tre Turner,178982,S,LAMAR,3,0,0,204,,,,,,,61.5,,,69.8,0,0,0,0,0,0,0,4,0
Anthony White,178985,CB,LAMAR,9,0,0,204,,,,,,,49.2,,,72.3,0,1,0,0,0,1,0,31,0
Kortez Winslow,178988,T,LAMAR,2,0,0,204,,,60.0,,,,61.5,,,67.9,0,0,5,0,0,0,0,0,0
Ben Woodard,178989,P,LAMAR,8,0,0,204,,90.1,,,60.1,,60.9,,,66.2,0,0,28,0,1,0,0,0,0
Niko Alailefaleula,178990,HB,SO UTAH,12,0,0,298,,,,,,,67.2,,,79.8,1,0,0,0,63,64,50,22,3
Mikey Allen,178991,CB,SO UTAH,12,0,0,298,60.6,,,,,,63.5,,,76.8,0,0,0,39,5,58,0,14,0
Shyne Johnson,179001,CB,SO UTAH,9,0,0,298,,,,,,,63.4,,,73.6,2,0,0,0,50,36,0,24,4
Targhee Lambson,179003,HB,SO UTAH,5,0,0,298,,,,59.9,,,60.3,,,69.3,0,0,0,0,0,20,0,0,0
Cooper LeDuc,179004,CB,SO UTAH,11,0,1,298,59.3,,,,,,37.0,,,26.8,1,5,0,49,58,0,49,9,1
Caden Lettis,179005,WR,SO UTAH,2,0,0,298,,,,,,,61.4,,,68.4,0,0,0,0,2,0,0,4,0
Brayde Owen,179013,S,SO UTAH,6,0,0,298,,,,,,,59.5,,,74.7,1,0,0,0,9,20,18,9,1
Jaxson Percoats,179015,HB,SO UTAH,6,0,0,298,,,,,,,62.5,,,75.4,0,0,0,0,15,18,0,8,0
Mason Stromstad,179019,LB,SO UTAH,12,1,0,298,60.0,,,,,,45.7,,,29.4,2,1,0,4,64,0,35,11,0
Alyas Vigil,179020,P,SO UTAH,12,0,0,298,,,66.6,,,,63.3,,55.4,72.2,0,0,54,0,0,0,51,0,0
Vertonio Weatherton,179022,DI,SO UTAH,5,0,0,298,59.1,,,,,,59.9,,,66.7,0,0,0,16,0,0,0,2,0
Ben Pupplo,179026,WR,UTAHTC,4,0,0,1285,,,,,,,65.4,,,71.8,0,0,0,0,18,23,0,0,1
Nicholas Brown,179048,TE,SCAR STATE,12,0,0,290,,,,59.4,,,47.9,,,28.4,0,1,0,0,0,49,0,0,0
Maxceon Cobb,179053,P,SCAR STATE,12,0,0,290,,,24.9,,,,43.5,,60.0,62.1,0,0,63,0,0,0,1,0,0
Omari Davis,179054,ED,SCAR STATE,3,0,0,290,,,,,,,41.9,,,70.9,0,0,0,0,9,0,0,2,0
Jordan Franklin,179056,LB,SCAR STATE,9,0,0,290,60.0,,,,,,63.0,,,74.6,0,0,0,1,2,35,6,0,1
Nigel Johnson,179062,WR,SCAR STATE,7,0,0,290,,,,,,,60.8,60.0,,73.2,0,0,0,0,44,0,0,9,0
Kanaan Ligons,179066,G,SCAR STATE,6,0,0,290,,,68.2,,,,63.1,,,64.3,0,0,15,0,0,0,0,0,0
Sedrick Smith,179071,DI,ALAB A&M,9,0,0,104,58.2,,,,,,53.7,,,67.9,0,0,0,23,0,0,17,7,0
Kia'i Keone,179368,QB,N COLORADO,1,0,0,253,,,,,,,60.0,,60.0,63.3,0,0,0,0,0,0,1,0,0
Hudson Metcalf,179384,LB,S DAK ST,8,0,0,292,,,,,,,63.6,,,69.8,0,0,0,0,25,6,0,8,0
Brian Trobel,179546,HB,MERCYHURST,7,0,0,977,60.0,,,55.7,,,59.4,,,68.0,0,0,0,1,0,19,4,0,0
Donny Austin,179705,HB,IDAHO ST,12,2,0,186,,,,,,,52.7,,,53.4,3,1,0,0,46,58,31,8,1
Derek Allen Jr.,179895,WR,BUTLER,2,0,0,127,,,,,,,62.0,,,69.4,0,0,0,0,8,0,0,3,0
Donovan Snyder,179991,HB,STETSON,2,0,0,302,,,,,,,58.9,,,65.0,0,0,0,0,0,2,1,0,0
Penn Stoller,179994,TE,BUTLER,10,0,0,127,,,,59.9,,,53.9,,,27.9,0,1,0,0,0,32,0,3,0
Quincy Milhomme,180171,CB,AUSTINPEAY,2,0,0,116,60.0,,,,,,60.0,,,63.1,0,0,0,1,0,0,0,2,0
Eli Davis,180400,TE,CHATTNOOGA,8,0,0,137,,,,,,,60.2,,,71.7,0,0,0,0,0,34,0,0,0
William Johnson III,180420,S,HOUCHR,12,1,0,183,59.9,,,,,,60.8,,,75.8,0,0,0,39,56,0,15,8,0
Montego Johnson,180540,S,STF AUSTIN,7,0,0,301,,,,,,,68.3,,,72.5,0,0,0,0,37,19,0,12,3
Ej Wash,180574,CB,IDAHO,1,0,0,185,,,,,,,62.2,,,67.2,0,0,0,0,7,0,0,0,0
Wesley Scott,180963,LB,W CAROLINA,12,0,0,344,59.9,,,,,,63.4,,,73.3,1,0,0,23,42,7,1,5,2
Jamichael Wilson,180991,DI,W CAROLINA,3,0,0,344,59.2,,,,,,59.9,,,65.9,0,0,0,3,0,0,0,1,0
Joseph Bakhole,181145,ED,CHATTNOOGA,11,0,0,137,59.9,,,,,,64.0,,,70.6,0,0,0,25,0,2,0,16,0
John Barr,181146,WR,NWSTATE,10,0,0,257,,,,,,,51.8,,,29.7,0,1,0,0,3,68,0,9,0
Norman Massey,181163,CB,TXAMEA,5,0,0,1139,,,,,,,61.7,,,71.0,0,0,0,0,16,0,9,5,0
Za'Marion Webber,181177,HB,ARKAPB,2,0,0,112,,,,57.1,,,59.6,,,63.3,0,0,0,0,0,11,1,0,0
Arenza Davis,181183,ED,ALAB A&M,11,0,0,104,58.9,,,,,,62.5,,,69.7,0,0,0,32,2,0,9,9,1
Biankan Garner-De Kouadio,181185,S,ALAB A&M,9,1,0,104,59.8,,,,,,70.1,,,72.9,0,0,0,3,40,5,0,27,1
Devin Herring,181187,WR,ALAB A&M,5,0,0,104,,,,,,,57.1,60.3,,65.6,0,0,0,0,0,3,2,1,0
Camren Lindsey,181189,T,ALAB A&M,3,0,0,104,,,67.0,,,,63.8,,,72.3,0,0,20,0,0,0,0,0,0
Elijah McCray,181194,TE,ALAB A&M,2,0,0,104,,,,,,,42.8,,,65.9,1,0,0,0,3,0,0,0,0
Jordan Milton,181195,S,ALAB A&M,12,2,0,104,59.8,,,,,,70.5,,,29.8,0,2,0,12,53,69,29,43,7
Tochukwu Nnoruka,181198,S,ALAB A&M,2,0,0,104,,,,,,,63.4,,,68.5,0,0,0,0,16,0,0,5,0
Tony Overstreet,181199,LB,ALAB A&M,2,0,0,104,,,,,,,61.1,,,65.1,0,0,0,0,5,2,0,0,0
Christian Silverstein,181201,K,ALAB A&M,9,0,0,104,,60.0,63.7,,50.2,,62.6,,,72.2,0,0,25,0,35,0,0,0,0
Tyshawn Tate,181203,TE,ALAB A&M,9,0,0,104,,,72.1,,,,71.9,,,76.2,0,0,40,0,7,34,6,8,1
Courtland Taylor,181204,WR,ALAB A&M,4,0,0,104,,,,,,,30.0,,,28.1,1,2,0,0,8,0,13,0,1
Jy Martin,181250,S,N DAKOTA,11,2,0,249,59.7,,,,,,65.7,,,77.9,2,0,0,14,62,0,0,30,5
Avery Scott,181272,CB,N DAKOTA,12,0,0,249,60.0,,,,,,60.8,,,75.0,1,0,0,19,72,0,0,16,2
Justin Gilbert,181346,DI,MERCER,3,0,0,219,59.8,,,,,,64.5,,,73.2,0,0,0,4,0,0,0,11,0
Justus Durant,181430,HB,CHATTNOOGA,2,0,0,137,,,,60.0,,,61.2,,,69.8,0,0,0,0,0,12,5,6,0
Gregory Featherstone III,181622,S,NC A&T,11,0,0,246,59.5,,,,,,71.2,,,79.0,0,0,0,40,35,0,36,23,3
Tizlam Muhammad,182275,DI,ROB MORRIS,4,0,1,277,59.0,,,,,,39.8,,,26.3,0,1,0,11,0,0,0,1,0
Ethan Shine,182277,FB,ROB MORRIS,11,0,0,277,,,,59.9,,,68.2,,,83.6,0,0,0,0,0,44,0,57,0
Chaz Middleton,182279,TE,ROB MORRIS,12,0,0,277,59.8,,72.4,,,,55.4,,,36.3,0,2,40,1,0,32,37,47,0
Dillon Gebase,182280,TE,ROB MORRIS,1,0,0,277,,,60.0,,,,61.0,,,69.0,0,0,7,0,0,6,0,0,0
Aydan Corrales,182291,P,SAN DIEGO,11,0,0,283,,,66.8,,,,63.3,,55.2,71.9,0,1,56,0,0,0,50,0,0
Brandon Myers,182294,DI,SAN DIEGO,6,0,0,283,59.1,,,,,,45.6,,,27.6,0,1,0,7,0,0,0,13,0
Shayden Molina,182297,DI,SAN DIEGO,5,0,0,283,60.0,,,,,,60.4,,,64.6,0,0,0,10,0,0,0,0,0
Elijah Johnson,182298,TE,SAN DIEGO,5,0,0,283,,,67.8,,,,52.5,,,29.2,0,2,22,0,18,23,15,21,1
Cade Hechter,182299,K,BETH COOK,12,0,0,119,,63.0,,,58.3,,63.0,,,73.7,1,0,46,0,43,0,0,0,1
Jalen Brown,182301,WR,BETH COOK,2,0,0,119,,,60.0,,,,60.2,,,64.0,0,0,1,0,0,6,0,0,0
Nicholas Smith,182304,DI,SE LA,1,0,0,294,,,,,,,60.0,,,63.9,0,0,0,0,0,0,0,1,0
Yosei Takahashi,182306,WR,SAN DIEGO,4,0,0,283,,,,58.3,,,60.8,64.6,,64.9,0,0,0,0,0,12,0,14,0
Gustavo Romero,182307,K,TEXAS STHN,8,0,0,313,,63.1,,,59.0,,62.6,,,73.1,0,0,27,0,35,0,0,0,1
Ty Rawls,182314,S,TARLETON,14,0,0,401,59.9,,,61.8,,,67.4,,,74.2,0,0,0,39,0,1,61,10,2
Eric Thomas Jr,182315,ED,ALCORN ST,12,0,0,107,59.3,,,,,,61.5,,,67.2,0,0,0,21,0,0,74,2,0
Ian Langi,182316,TE,BETH COOK,4,0,0,119,,,64.7,,,,61.6,,,64.8,0,0,14,0,0,5,0,0,0
Charles Perkins,182317,ED,TARLETON,13,0,0,401,59.0,,60.0,,,,60.6,,,68.3,0,0,1,36,0,0,0,8,0
Deonte Bryant,182321,ED,TARLETON,7,0,0,401,90.0,,,,,,90.9,,,71.9,0,0,0,12,0,0,0,5,0
Gardner Heitzmann,182322,S,GEORGETOWN,2,0,0,172,60.0,,,,,,68.7,,,66.4,0,0,0,1,1,0,0,1,1
Isaiah Grimes,182324,TE,GEORGETOWN,4,0,0,172,,,,63.5,,,60.7,,,68.2,0,0,0,0,0,17,0,0,0
D.J. Estes,182326,S,NC CENT,11,1,0,247,59.8,,,,,,54.9,,,28.4,3,2,0,8,66,0,16,50,5
Bird Butler,182328,HB,WEBER ST,11,0,0,342,,,,66.7,,,62.1,72.9,,68.1,0,0,0,0,9,56,0,45,0
Keisen Lindsey,182389,CB,TENN TECH,1,0,0,309,59.8,,,,,,60.1,,,64.5,0,0,0,2,0,0,0,0,0
Bronson Childs,182426,ED,WEBER ST,11,0,0,342,59.0,,75.0,,,,54.5,,,28.0,0,1,59,26,0,0,0,2,0
Nasim Cosby,182675,WR,NC CENT,9,0,0,247,,,,,,,61.5,,,69.7,0,0,0,0,0,41,0,8,0
Thurman Rayborn,182682,DI,TEXAS STHN,11,0,0,313,59.4,,76.0,,,,64.3,,,66.1,0,0,43,16,0,0,0,3,0
Nick Felago,182685,ED,SAN DIEGO,7,0,0,283,59.7,,,,,,57.2,,,27.6,0,2,0,1,43,23,0,19,5
Jonathan Lewis,182692,HB,TEXAS STHN,11,2,0,313,,,,,,,61.7,,,79.7,4,0,0,0,45,61,58,26,7
Zayden Davis,182706,WR,TXAMEA,7,0,0,1139,,,,,,,61.9,,,73.7,0,0,0,0,0,29,0,11,0
Amechi Ofili,182707,ED,TARLETON,11,0,0,401,59.8,,,,,,67.0,,,70.4,0,0,0,3,0,1,2,32,0
Mario Keanon,182711,DI,DELWARE ST,4,0,0,152,59.3,,,,,,60.6,,,66.4,0,0,0,2,0,0,0,2,0
Hugo Nash,182717,P,ABILENE CH,14,0,0,100,,,68.0,,,,62.5,,60.0,61.7,0,0,78,0,0,0,1,0,0
Steven Earnest,182725,P,ROB MORRIS,12,0,0,277,,,61.0,,,,63.3,,53.3,74.7,0,2,11,0,0,0,61,0,0
Joseph Adema,182776,LS,UC DAVIS,14,0,0,322,,,67.5,,,69.1,65.4,,,67.3,0,0,9,0,0,0,60,0,0
Jordan McWain,182777,CB,GRAMBLING,9,0,0,177,,,,,,,59.9,,,29.1,0,1,0,0,40,0,0,30,2
Taki Dadiotis,182782,C,SAN DIEGO,4,0,0,283,,,,,,,60.5,,,64.7,0,0,0,0,0,0,10,0,0
Christian Avelar,182784,K,TEXAS STHN,11,0,0,313,,64.6,64.2,,60.0,,62.2,,38.8,68.2,1,0,43,0,1,0,15,0,0
Roriyon Richardson,182785,WR,TEXAS STHN,1,0,0,313,,,,,,,60.4,,,67.0,0,0,0,0,0,3,0,0,0
Walteze Champ,182839,ED,TEXAS STHN,11,0,0,313,59.8,,,,,,66.3,,,79.7,0,0,0,2,0,0,52,37,0
Artis Hall,182843,G,TARLETON,14,0,0,401,,,78.7,,,,66.6,,,74.6,0,0,69,0,0,0,0,0,0
Lovelace Rufus,182848,S,MORGAN ST,7,0,0,235,59.8,,,,,,63.2,,,67.1,0,0,0,6,23,0,0,0,0
Jayden Adebo,182853,G,TEXAS STHN,10,0,0,313,,,72.2,,,,65.1,,,74.8,0,0,37,0,0,0,0,0,0
Seth Carroll,182854,LS,TEXAS STHN,11,0,0,313,,,28.5,,,40.6,43.0,,,67.5,0,0,43,0,0,0,64,0,1
Marques Neal,182856,CB,TEXAS STHN,10,0,0,313,60.0,,,,,,68.3,,,74.9,0,0,0,3,22,0,14,23,2
Seth Maldonado,182857,WR,TENN TECH,3,0,0,309,,,,59.6,,,61.0,,,69.6,0,0,0,0,0,13,0,6,0
David Loch,182861,LB,SAN DIEGO,11,0,1,283,59.8,,,,,,66.5,,,28.7,0,3,0,8,53,2,50,51,5
James Gardner Jr.,182862,ED,FL A&M,12,0,0,164,58.7,,,,,,56.4,,,72.5,0,0,0,33,0,0,46,4,0
Brian Santana-Fis,182865,HB,MAINE,6,0,0,212,,,,,,,64.4,,,69.9,0,0,0,0,8,7,0,11,0
Jacob Hand,182866,K,STF AUSTIN,12,0,0,301,,,,,70.5,,51.1,,,29.5,1,1,0,0,83,0,0,0,1
Will Harris,182871,LB,MORGAN ST,12,0,0,235,59.8,,,,,,63.2,,,28.7,1,2,0,1,51,1,13,32,4
Connor Bonesio,182880,TE,UC DAVIS,7,0,0,322,,,73.3,59.9,,,63.2,,,65.0,0,0,47,0,0,20,0,0,0
Leilani Armenta,182888,K,JACKSON ST,2,0,0,194,,60.0,,,,,60.0,,,62.5,0,0,2,0,0,0,0,0,0
Elijah Teriipaia,182902,LB,WEBER ST,11,0,0,342,,,,,,,68.7,,,78.5,0,0,0,0,44,5,0,42,0
Tramaine Chism,182907,DI,TARLETON,14,0,0,401,58.5,,,,,,60.3,,,69.4,0,0,0,28,0,0,0,11,0
Kevin Granados,182917,K,TEXAS STHN,1,0,0,313,,60.0,,,,,60.0,,,61.7,0,0,1,0,0,0,0,0,0
Ebuka Okafor,182926,T,TEXAS STHN,11,0,0,313,,,73.3,,,,65.0,,,74.7,0,0,43,0,0,0,0,0,0
Erick Zapata,182928,G,TEXAS STHN,1,0,0,313,,,60.0,,,,60.0,,,61.6,0,0,1,0,0,0,0,0,0
Jordan Dollard,182936,ED,SCAR STATE,12,0,0,290,58.3,,75.4,,,,63.3,,,69.8,0,0,59,26,0,0,2,11,0
Hunter Puckett,182937,ED,SCAR STATE,1,0,0,290,59.2,,,,,,59.4,,,63.5,0,0,0,3,0,0,0,0,0
Scotty Roddy,182972,LB,TENN STATE,13,0,0,308,60.2,,,,,,66.3,,,64.0,0,2,0,56,42,62,69,36,5
C.J. Coombes,182974,S,WOFFORD,12,0,0,350,60.1,,,,,,66.2,,,71.4,0,0,0,45,22,1,5,19,1
Justin Thompson,182977,TE,ST FRANCIS,8,0,0,299,,,66.8,,,,65.8,,,71.0,0,0,20,0,0,29,50,0,0
Brandon Bouie,182978,S,TENN STATE,1,0,0,308,,,,,,,60.2,,,62.9,0,0,0,0,2,0,0,0,0
Justin White,182988,HB,TEXAS STHN,4,0,0,313,,,,,,,58.3,,,68.2,0,0,0,0,0,21,0,0,0
Reiss Vickers,182995,CB,TXAMEA,12,0,0,1139,59.7,,,,,,59.3,,,36.8,0,1,0,6,30,1,24,55,1
Zuriel Jimpson,182997,S,ALABAMA ST,4,0,0,105,59.8,,,,,,63.5,,,71.5,0,0,0,3,0,0,1,11,0
Amir Hodzic,183000,C,BETH COOK,9,0,0,119,,,74.2,,,,64.6,,,64.5,0,0,35,0,0,0,0,0,0
Sean Scheck,183007,DI,SAN DIEGO,7,0,0,283,59.9,,,,,,64.2,,,76.7,0,0,0,4,0,0,25,32,0
Jaden Gilbert,183009,HB,YNGTOWN ST,11,0,0,353,,,,42.8,,,59.7,,,69.6,0,0,0,0,0,64,1,6,0
Jalil Garvin-Mingo,183022,HB,FURMAN,2,0,0,170,,,,,,,59.5,,,65.3,0,0,0,0,0,0,4,0,0
Christian Perry,183033,CB,TXAMEA,2,0,0,1139,,,,,,,62.3,,,66.5,0,0,0,0,9,0,0,0,0
Cameron Williams,183039,CB,NC CENT,4,0,0,247,59.8,,,,,,51.8,,,27.7,0,1,0,2,10,0,0,15,1
Javon Buckley,183050,WR,TEXAS STHN,1,0,0,313,,,,,,,60.0,,,62.9,0,0,0,0,0,0,1,0,0
Jaden McGill,184189,HB,TENN STATE,12,0,0,308,,,,,,,70.8,,,72.4,0,0,0,0,0,0,0,38,0
Deyandre Ruffin,184287,WR,SCAR STATE,5,0,0,290,,,,,,,62.0,,,70.8,0,0,0,0,1,13,1,3,0
Dominic Braesch,184292,T,N ALABAMA,1,0,0,389,,,60.0,,,,60.0,,,62.1,0,0,2,0,0,0,0,0,0
Mikey D'Amato,184985,LB,CAL POLY,10,3,0,129,60.0,,,,,,66.4,,,82.9,2,0,0,15,41,60,12,20,2
Gianluca Dimauro,184986,K,CAL POLY,3,0,0,129,,60.0,,,60.3,,60.0,,,67.2,0,0,2,0,4,0,0,0,0
Logan Foster,184987,LB,CAL POLY,2,0,0,129,59.7,,60.0,,,,61.5,,,67.1,0,0,1,1,0,6,0,4,0
Guy Kirson,184988,CB,CAL POLY,3,0,0,129,,,,,,,67.7,,,68.6,0,0,0,0,2,0,0,3,1
Jaedon Matthews,184990,HB,CAL POLY,1,0,0,129,,,,,,,60.6,,,64.9,0,0,0,0,2,0,0,0,0
Landon Cooper,184992,TE,E WASHGTON,12,0,0,161,,,75.9,59.6,,,66.0,,,74.1,0,0,63,0,2,79,8,0,1
Travis Arena,184994,LB,N ARIZONA,13,0,0,252,59.8,,,,,,70.8,,,81.5,0,0,0,6,59,0,0,52,0
Clinton Azubuike,184995,T,N ARIZONA,5,0,0,252,59.6,,65.6,,,,62.2,,,64.8,0,0,16,3,0,0,0,0,0
Cameron Babineaux,184996,CB,N ARIZONA,1,0,0,252,,,,,,,60.4,,,66.4,0,0,0,0,1,0,0,1,0
Brady Bakke,184997,T,N ARIZONA,1,0,0,252,,,60.0,,,,61.0,,,61.8,0,0,3,0,0,0,0,0,0
Michael Beresford,184998,CB,N ARIZONA,13,1,0,252,60.0,,,,,,62.2,,,29.5,2,2,0,2,36,7,31,24,2
Drake Cluff,185000,WR,N ARIZONA,1,0,0,252,,,,,,,61.2,,,64.5,0,0,0,0,5,0,0,0,0
Jaelen Collins,185001,CB,N ARIZONA,1,0,0,252,,,,,,,61.0,,,66.9,0,0,0,0,4,0,0,0,0
Seth Cromwell,185002,HB,N ARIZONA,1,0,0,252,,,,,,,61.0,,,66.5,0,0,0,0,0,0,0,3,0
Ramere Davis,185003,ED,N ARIZONA,4,1,0,252,59.7,,,,,,81.8,,,75.1,0,0,0,1,15,4,3,2,2
Luke Edgecomb,185005,WR,N ARIZONA,1,0,0,252,,,,,,,60.6,,,64.9,0,0,0,0,0,3,0,1,0
Jackson Finefrock,185006,CB,N ARIZONA,3,0,0,252,60.0,,,,,,41.1,,,26.7,0,1,0,1,6,8,0,2,0
Braden Greene,185007,HB,N ARIZONA,2,0,0,252,,,,,,,60.9,,,68.3,0,0,0,0,2,0,0,2,0
Sam Hunsaker,185009,K,N ARIZONA,6,0,0,252,,71.0,,,74.5,,61.3,,,68.2,0,0,26,0,8,0,0,0,0
Corey Johnson,185010,G,N ARIZONA,1,0,0,252,,,60.0,,,,60.5,,,64.1,0,0,3,0,0,0,0,0,0
Ty Jones,185012,S,N ARIZONA,13,0,0,252,60.0,,,,,,65.6,,,75.1,0,0,0,3,54,0,0,1,0
Kolbe Katsis,185014,WR,N ARIZONA,7,0,0,252,,,,,,,67.6,,,73.0,0,0,0,0,0,0,0,27,0
Kyler Kruck,185015,WR,N ARIZONA,2,0,0,252,,,,,,,61.8,,,69.5,0,0,0,0,2,0,0,2,0
Jaden Mack,185018,S,N ARIZONA,2,0,0,252,59.9,,,,,,60.2,,,63.6,0,0,0,2,1,0,0,0,0
Jeter Purdy,185023,TE,N ARIZONA,1,0,0,252,,,,,,,60.0,,,64.9,0,0,0,0,0,1,0,0,0
Kenveon Stone,185024,HB,N ARIZONA,1,0,0,252,,,,,,,60.0,,,64.7,0,0,0,0,0,0,0,1,0
Jordan Westrich,185025,K,N ARIZONA,1,0,0,252,,55.6,,,,,60.0,,,63.3,0,0,4,0,0,0,0,0,0
Makur Abram,185028,ED,N COLORADO,6,0,0,253,59.4,,60.0,,,,60.4,,,67.5,0,0,5,11,0,0,0,6,0
Tyson Bochert,185029,WR,N COLORADO,3,0,0,253,,,,,,,60.5,,,66.6,0,0,0,0,0,18,0,0,0
Anthony Hernandez,185032,S,N COLORADO,7,0,0,253,,,,,,,64.1,,,70.8,0,0,0,0,4,0,0,14,0
Kobe Kossak,185034,WR,N COLORADO,3,0,0,253,,,,59.9,,,61.1,,,71.3,0,0,0,0,0,20,0,0,0
River Stout,185038,WR,N COLORADO,9,0,0,253,,,,,,,59.7,,,71.3,0,0,0,0,1,61,0,0,0
Micah Avery,185044,HB,PORTLAND,1,0,0,269,,,,,,,60.4,,,65.4,0,0,0,0,0,0,0,2,0
Brandon Bryant,185047,LB,PORTLAND,4,0,0,269,,,,,,,65.2,,,72.7,0,0,0,0,12,30,0,10,2
Kenen Elder,185048,WR,PORTLAND,1,0,0,269,,,,,,,61.2,,,66.5,0,0,0,0,8,0,1,1,0
Tony Johnson,185051,P,PORTLAND,11,0,0,269,,,66.2,,,66.0,48.6,,52.1,27.9,0,2,41,0,0,0,47,0,0
Pule Leatigaga,185052,G,PORTLAND,4,0,0,269,,,15.5,,,,28.8,,,64.8,0,0,19,0,0,0,0,0,0
Bryson Ross,185058,CB,PORTLAND,7,0,0,269,59.6,,,,,,60.8,,,68.8,0,0,0,16,0,1,0,2,0
Theo Thompson,185068,S,PORTLAND,1,0,0,269,60.0,,,,,,60.0,,,60.8,0,0,0,1,0,0,0,0,0
Shaun Torgeson,185069,G,PORTLAND,2,0,0,269,,,67.5,,,,63.1,,,65.7,0,0,14,0,0,0,0,0,0
DaMari Washington,185071,CB,PORTLAND,2,0,0,269,60.0,,,60.0,,,61.0,,,65.4,0,0,0,1,0,3,0,2,0
Ajon Bryant,185074,HB,SACRAMENTO,5,0,0,279,,,,60.6,,,39.3,,,26.8,0,1,0,0,6,21,3,0,0
Caleb Chennault,185075,LB,SACRAMENTO,2,0,0,279,,,,,,,60.0,,,66.5,0,0,0,0,1,0,3,0,0
Yebrell Emerson,185077,S,SACRAMENTO,3,0,0,279,60.0,,,,,,62.0,,,69.6,0,0,0,1,11,3,0,0,0
Matt Eskridge II,185078,LB,SACRAMENTO,4,0,0,279,,,,,,,59.7,,,28.9,0,1,0,0,19,15,0,0,1
Amarian Hunter,185083,ED,SACRAMENTO,7,0,0,279,60.1,,62.9,,,,62.5,,,65.1,0,0,11,7,0,0,0,2,0
Adam Johnston,185085,LS,SACRAMENTO,2,0,0,279,,,,,,82.4,65.3,,,63.7,0,0,0,0,0,0,5,0,0
Kyle Koontz,185087,TE,SACRAMENTO,3,0,0,279,,,60.0,59.9,,,60.1,,,65.3,0,0,1,0,0,16,0,0,0
Giovanni Kovacs,185088,G,SACRAMENTO,1,0,0,279,,,60.8,,,,61.6,,,62.1,0,0,5,0,0,0,0,0,0
Jayland McGlothen,185090,DI,SACRAMENTO,6,0,0,279,59.1,,,,,,61.3,,,67.7,0,0,0,9,0,0,0,6,0
Ardwon Morris,185091,HB,SACRAMENTO,4,0,0,279,,,,,,,60.9,,,70.1,0,0,0,0,1,18,0,2,0
Gavin Nelson,185092,TE,SACRAMENTO,1,0,0,279,,,,,,,60.0,,,63.4,0,0,0,0,0,2,0,0,0
Spencer Patton,185094,DI,SACRAMENTO,1,0,0,279,59.5,,,,,,59.7,,,62.4,0,0,0,2,0,0,0,0,0
Amari Roberson,185096,S,SACRAMENTO,1,0,0,279,,,,,,,60.0,,,63.7,0,0,0,0,1,0,0,0,0
LJ Roberts,185097,LB,SACRAMENTO,4,0,0,279,,,,,,,61.2,,,71.5,0,0,0,0,11,20,10,2,0
Phoenix Rose,185098,CB,SACRAMENTO,3,0,0,279,60.0,,,,,,67.5,,,70.4,0,0,0,3,9,0,9,8,2
Jordan Snowden,185100,DI,SACRAMENTO,1,0,0,279,,,,,,,60.0,,,63.0,0,0,0,0,0,1,0,0,0
Adam Taylor,185102,CB,SACRAMENTO,4,0,0,279,,,,,,,75.8,,,70.9,1,0,0,0,4,0,16,2,3
James Tivao,185103,LB,SACRAMENTO,1,0,0,279,,,,,,,62.5,,,66.8,0,0,0,0,6,0,0,1,0
Kai Acia,185104,HB,UC DAVIS,4,1,0,322,,,,,,,67.9,,,64.5,0,0,0,0,8,0,0,0,0
Zaire Collier,185105,C,UC DAVIS,14,0,0,322,,,79.2,,,,66.8,,,74.9,0,0,73,0,0,0,0,0,0
Grant Garretson,185108,ED,UC DAVIS,7,0,0,322,60.1,,60.0,,,,52.4,,,71.3,2,0,7,4,13,8,0,9,1
Jordan Jones,185111,CB,UC DAVIS,1,0,0,322,,,,,,,60.0,,,64.0,0,0,0,0,0,2,0,0,0
Rayne Mayo Jr.,185112,DI,UC DAVIS,4,0,0,322,,,71.7,,,,63.9,,,64.0,0,0,24,0,0,0,0,1,0
Fernando Morales,185114,WR,UC DAVIS,2,0,0,322,,,,,,,60.3,,,67.0,0,0,0,0,1,0,0,1,0
David Porotesano,185117,T,UC DAVIS,1,0,0,322,,,60.0,,,,60.0,,,61.6,0,0,1,0,0,0,0,0,0
Jackson Sievers,185119,LB,UC DAVIS,7,0,0,322,60.0,,61.7,,,,61.3,,,66.5,0,0,9,1,1,15,1,2,0
Carter Vargas,185121,HB,UC DAVIS,1,0,0,322,,,,,,,61.4,,,64.0,0,0,0,0,4,0,0,0,0
BJ Phillips,185124,WR,MONTANA,1,0,0,232,,,,,,,60.0,62.4,,63.6,0,0,0,0,0,0,0,4,0
Donavan Philord,185131,CB,CAMPBELL,4,0,0,131,59.8,,,59.9,,,61.7,,,69.4,0,0,0,2,9,13,7,5,0
Jamil Bishop,185136,WR,CHARLES SO,6,0,0,135,,,,55.5,,,59.9,,,64.3,0,0,0,0,1,29,0,1,0
Mylan Bowen,185137,ED,CHARLES SO,1,0,0,135,,,,,,,60.0,,,64.6,0,0,0,0,0,0,0,2,0
Patrick Fisher-Butler,185139,P,CHARLES SO,2,0,0,135,,53.1,,,60.0,,60.0,,,64.6,0,0,5,0,1,0,0,0,0
Knai Cook,185140,S,CHARLES SO,9,0,0,135,,,,,,,55.6,,,71.1,2,0,0,0,29,0,0,25,0
Rashawn Cunningham,185141,WR,CHARLES SO,4,1,0,135,,,,,,,50.2,,,27.7,1,1,0,0,13,0,0,4,0
Shamar Hall,185147,S,CHARLES SO,7,0,0,135,59.9,,,,,,66.6,,,71.6,0,0,0,4,15,6,1,10,1
Omar Holland,185148,T,CHARLES SO,2,0,0,135,,,60.0,,,,60.0,,,62.1,0,0,2,0,0,0,0,0,0
Kason Hooks,185149,CB,CHARLES SO,9,0,0,135,60.3,,,,,,65.9,,,74.0,0,0,0,27,13,0,1,22,1
Jacob Jackson,185150,LB,CHARLES SO,2,0,0,135,60.0,,,,,,60.0,,,64.2,0,0,0,1,0,0,0,1,0
Justin Joe,185151,G,CHARLES SO,3,0,0,135,,,60.7,,,,61.9,,,64.5,0,0,9,0,0,0,0,0,0
CJ Landrum,185154,DI,CHARLES SO,2,0,0,135,60.0,,,,,,60.6,,,64.5,0,0,0,2,0,0,0,1,0
Dylan Manuel,185156,DI,CHARLES SO,5,0,0,135,59.4,,60.0,,,,60.4,,,66.3,0,0,1,16,0,0,0,2,0
Angel Miles,185158,LB,CHARLES SO,2,0,0,135,,,,,,,62.0,,,66.1,0,0,0,0,6,0,0,0,0
Reid Montgomery,185159,P,CHARLES SO,10,0,0,135,,40.2,,,,,60.9,,,65.9,0,0,29,0,0,0,0,0,0
Brandon Musch,185160,QB,CHARLES SO,1,0,0,135,,,,,,,60.0,,,61.2,0,0,0,0,0,1,0,0,0
Ja'Kobe North,185161,CB,CHARLES SO,12,0,0,135,86.1,,,,,,75.8,,,29.6,0,1,0,30,0,0,1,38,0
Colin Sorensen,185167,T,CHARLES SO,5,0,0,135,,,63.7,,,,62.4,,,63.8,0,0,15,0,0,0,0,0,0
Christyan Washington,185170,CB,CHARLES SO,3,0,1,135,59.6,,,,,,34.6,,,26.0,0,1,0,8,0,0,0,0,0
Nick Barber,185174,DI,GARD-WEBB,1,0,0,171,,,60.3,,,,61.7,,,66.8,0,0,5,0,0,0,0,0,0
Robert Holtz,185178,ED,GARD-WEBB,10,0,0,171,58.2,,,,,,58.3,,,66.8,0,0,0,47,0,0,0,3,0
Anthony Lowe,185179,WR,GARD-WEBB,11,0,0,171,,,,67.4,,,68.0,78.3,,70.1,0,0,0,0,5,38,3,43,1
Milly Patton,185181,CB,GARD-WEBB,8,0,0,171,,,,,,,50.5,,,27.6,0,2,0,0,2,0,11,24,1
Cole Schnieder,185182,TE,GARD-WEBB,4,0,0,171,,,65.5,,,,54.1,,,66.9,0,1,16,0,0,17,14,0,0
PK Ackah-Yensu,185183,ED,ROB MORRIS,7,0,0,277,59.5,,,,,,63.6,,,68.6,0,0,0,9,15,0,0,4,0
Cam Boone,185185,CB,ROB MORRIS,4,0,0,277,,,,,,,64.5,,,79.2,0,0,0,0,12,0,1,11,0
Greg Davis Jr.,185186,CB,ROB MORRIS,4,0,0,277,,,,,,,29.0,,,25.4,0,2,0,0,0,11,3,1,0
Ojani Gray,185191,CB,ROB MORRIS,1,0,0,277,,,,,,,70.6,,,69.9,0,0,0,0,4,0,0,5,1
Devin Hibbitt,185193,ED,ROB MORRIS,6,0,0,277,59.9,,,,,,60.2,,,70.3,0,0,0,11,0,1,17,3,0
Carson James,185195,S,ROB MORRIS,3,0,0,277,,,,,,,62.6,,,66.7,0,0,0,0,10,1,0,0,0
Ameer Johnson,185196,ED,ROB MORRIS,2,0,0,277,59.3,,,,,,59.6,,,64.4,0,0,0,7,0,0,0,0,0
David Johnson,185197,DI,ROB MORRIS,1,0,0,277,,,,,,,60.0,,,63.5,0,0,0,0,0,0,0,1,0
Israel Petite,185204,CB,ROB MORRIS,5,0,0,277,59.9,,,,,,66.4,,,73.7,0,0,0,1,25,0,11,13,2
Turner Schmidt,185205,ED,ROB MORRIS,8,0,0,277,59.6,,,,,,35.2,,,25.5,0,1,0,9,0,0,0,0,0
Xavier Styles,185206,S,ROB MORRIS,3,0,0,277,,,,,,,70.0,,,71.5,0,0,0,0,8,0,2,12,1
Ethen Tebbetts,185207,LB,ROB MORRIS,1,1,0,277,,,,,,,74.6,,,66.3,0,0,0,0,5,0,0,1,1
Camdon Wilborn,185208,DI,ROB MORRIS,1,0,0,277,59.6,,,,,,59.8,,,62.0,0,0,0,1,0,0,0,0,0
Liam Carr,185212,LB,E ILLINOIS,12,0,0,158,,,,,,,55.5,,,79.9,0,0,0,0,44,44,36,18,0
Alex Herrera,185214,TE,E ILLINOIS,3,0,0,158,,,,,,,60.2,,,66.5,0,0,0,0,0,9,0,0,0
Kaiki Baker,185218,S,TENN STATE,5,0,0,308,,,,,,,67.8,,,73.2,0,0,0,0,27,13,0,16,2
Jayden Coleman,185219,CB,TENN STATE,2,0,0,308,,,,,,,59.4,,,67.6,0,0,0,0,0,0,5,0,0
Dominique Dixon Jr.,185221,S,TENN STATE,4,0,0,308,,,,,,,56.8,,,70.9,1,0,0,0,3,19,2,7,0
Sanders Ellis,185222,LB,TENN STATE,12,0,0,308,60.0,,,,,,71.9,,,72.4,0,0,0,2,12,3,0,32,1
Taeshawn Jefferson,185224,CB,TENN STATE,4,0,0,308,60.0,,,,,,60.7,,,66.6,0,0,0,2,3,17,0,0,0
Caden Marshall,185228,LB,TENN STATE,2,0,0,308,59.7,,,,,,61.3,,,70.7,0,0,0,8,1,8,8,6,0
Ace Meadows,185229,G,TENN STATE,1,0,0,308,,,60.0,,,,61.4,,,62.1,0,0,7,0,0,0,0,0,0
Tyler Moore,185231,DI,TENN STATE,9,0,0,308,59.1,,,,,,61.4,,,70.3,0,0,0,24,0,0,0,12,0
Darius Smith,185233,S,TENN STATE,4,0,0,308,,,,,,,55.2,,,70.7,1,0,0,0,12,3,0,1,1
Matthew Wilson,185237,LB,TENN STATE,4,0,0,308,,,,,,,61.3,,,67.4,0,0,0,0,6,12,0,0,0
Anthony Little,185242,ED,TENN MARTN,1,0,0,310,59.5,,,,,,59.7,,,63.3,0,0,0,2,0,0,0,0,0
Brycen Scott,185245,CB,ELON,10,2,0,162,60.1,,,63.5,,,63.5,67.6,,76.3,2,0,0,7,21,10,36,40,1
Gerald Baker III,185247,DI,MAINE,1,0,0,212,,,60.0,,,69.2,62.0,,,61.6,0,0,4,0,0,0,0,0,0
Will Grant,185253,TE,MAINE,3,0,0,212,,,,,,,61.4,,,67.7,0,0,0,0,1,15,0,3,0
Brayden Isaiah,185255,CB,MAINE,1,0,0,212,,,,,,,41.9,,,62.4,1,0,0,0,1,0,0,0,0
Jaedin Lee,185257,DI,MAINE,1,0,0,212,,,,,,,60.4,,,67.3,0,0,0,0,0,0,0,5,0
Samuel Tremblay,185266,P,MAINE,3,0,0,212,,60.0,,,,,60.8,,48.8,68.7,0,0,2,0,0,0,10,0,0
Sebastien Acheampong,185268,DI,MONMOUTH,1,0,0,231,59.2,,,,,,59.3,,,63.1,0,0,0,4,0,0,0,0,0
Joe Loiseau,185269,DI,MONMOUTH,5,0,0,231,59.0,,,,,,59.5,,,65.8,0,0,0,7,0,0,0,1,0
Chase Wilkens,185272,TE,MONMOUTH,6,0,0,231,,,71.1,,,,63.7,,,61.5,0,0,35,0,0,0,0,0,0
Lee Bruner IV,185273,S,RICHMOND,2,0,0,276,60.0,,,,,,68.8,,,68.4,0,0,0,1,15,0,0,0,1
Colin Freer,185277,ED,RICHMOND,3,0,0,276,,,,,,,57.5,,,66.6,1,0,0,0,16,0,0,0,1
Nick Hanley,185279,WR,RICHMOND,1,0,0,276,,,,,,,60.0,,,64.3,0,0,0,0,0,0,0,1,0
Amir Haskett,185280,S,RICHMOND,4,0,0,276,,,,,,,51.2,,,68.5,1,0,0,0,10,0,6,3,0
Blake Houser,185282,LB,RICHMOND,2,0,0,276,,,,,,,61.1,,,67.9,0,0,0,0,2,0,0,1,0
Braxton Lassiter,185285,DI,RICHMOND,3,0,0,276,59.3,,,,,,59.9,,,64.6,0,0,0,3,0,0,0,1,0
Kenyez Mungro,185288,S,RICHMOND,1,0,0,276,,,,,,,60.0,,,63.0,0,0,0,0,0,1,0,0,0
Sean O'Haire,185289,K,RICHMOND,5,0,0,276,,86.7,,,60.1,,60.7,,,65.8,0,0,22,0,1,0,0,0,0
Kyree Richardson,185291,CB,RICHMOND,2,0,0,276,,,,,,,72.9,,,67.7,0,0,0,0,9,0,2,2,2
Peyton Seelmann,185292,LB,RICHMOND,13,1,0,276,60.0,,,,,,70.2,,,79.7,0,0,0,2,53,29,6,13,1
Zakaa Brown,185295,CB,TOWSON,12,3,0,317,59.8,,,,,,60.8,,,30.1,0,2,0,4,66,3,19,38,4
Branson Peters,185299,LB,TOWSON,9,4,0,317,,,,,,,79.0,,,70.7,1,0,0,0,51,0,0,4,4
Jasin Shiggs,185300,S,TOWSON,12,0,0,317,59.8,,,,,,61.2,,,82.1,2,0,0,15,55,46,41,2,3
Ashton Siwald,185301,CB,TOWSON,7,1,0,317,,,,,,,61.9,,,78.0,1,1,0,0,36,31,17,23,4
Linden Clemmons,185304,T,WM & MARY,4,0,0,348,,,63.2,,,,47.1,,,26.4,0,1,15,0,0,0,0,0,0
Harrison Johnson,185305,LB,WM & MARY,11,1,0,348,59.9,,,,,,56.6,,,29.2,0,1,0,13,45,24,16,1,2
Josh Miller,185309,HB,WM & MARY,9,0,0,348,,,,58.3,,,63.6,50.0,,69.6,0,0,0,0,17,37,0,17,1
Haven Mullins,185310,FB,WM & MARY,4,0,0,348,,,60.0,,,,67.0,,,69.7,0,0,3,0,12,21,0,0,2
Jaden Ratliff,185311,S,WM & MARY,2,0,0,348,60.0,,,,,,61.7,,,67.8,0,0,0,2,4,0,0,2,0
Jack Reuter,185312,FB,WM & MARY,2,0,0,348,,,,,,,60.9,,,66.5,0,0,0,0,2,0,0,1,0
Cayden Trotter,185316,S,WM & MARY,4,0,0,348,60.1,,,,,,63.6,,,74.2,0,0,0,3,6,0,2,13,0
Jor'dyn Whitelaw,185317,HB,WM & MARY,2,0,0,348,,,,58.5,,,59.8,,,62.5,0,0,0,0,0,8,0,0,0
Armon Wright,185318,WR,WM & MARY,4,0,0,348,,,,54.6,,,27.4,63.2,,63.8,0,0,0,0,0,15,0,5,0
Meikhi Cuttino,185320,LB,DELAWARE,1,0,0,151,,,,,,,61.1,,,64.3,0,0,0,0,7,0,0,0,0
Colin Gallagher,185321,LB,DELAWARE,4,0,0,151,,,,,,,62.2,,,67.3,0,0,0,0,0,5,0,7,0
Matthew McKinley-Daniels,185323,WR,DELAWARE,1,0,0,151,,,,,,,60.0,,,66.0,0,0,0,0,0,0,0,2,0
Skyler Sholder,185327,K,DELAWARE,2,0,0,151,,60.0,,,,,60.0,,,62.5,0,0,2,0,0,0,0,0,0
Greg Spiller,185329,HB,DELAWARE,7,0,0,151,,,,,,,65.3,,,71.1,0,0,0,0,1,0,0,18,0
Jackson Whitacre,185331,TE,DELAWARE,1,0,0,151,,,60.0,,,,60.0,,,64.5,0,0,1,0,0,0,0,0,0
Sean Wilson,185332,WR,DELAWARE,1,0,0,151,,,,,,,60.9,,,65.9,0,0,0,0,3,0,0,0,0
D.J. Johnson,185333,ED,NEW HAMP,1,0,0,240,,,,,,,60.3,,,64.9,0,0,0,0,0,6,0,0,0
Luke Rogers,185335,G,NEW HAMP,13,0,0,240,,,77.0,,,,66.0,,,73.8,0,0,55,0,0,0,0,0,0
Sean Cytrynbaum,185337,ED,CORNELL,7,0,0,147,59.8,,,,,,57.7,,,74.7,1,0,0,3,14,23,8,2,1
Adrian Rufo,185349,ED,MERRIMACK,3,0,0,385,59.8,,,,,,60.4,,,63.8,0,0,0,2,0,0,0,1,0
Mike Ryan,185350,P,MERRIMACK,1,0,0,385,,,,,59.5,,60.0,,,68.4,0,0,0,0,5,0,0,0,0
Andrew Bruce,185355,S,PENN,1,0,0,267,,,,,,,60.0,,,64.5,0,0,0,0,0,0,1,0,0
Ty Cortes,185357,S,PENN,8,0,0,267,,,,,,,55.8,,,74.0,2,0,0,0,31,30,0,7,2
Lawson Douglas,185359,S,PENN,1,0,0,267,,,,,,,61.2,,,63.5,0,0,0,0,5,0,0,0,0
Connor Martin,185366,ED,PENN,3,0,0,267,59.4,,,,,,59.5,,,63.5,0,0,0,8,0,0,0,0,0
David McMorris,185368,ED,PENN,7,0,0,267,59.3,,,,,,59.8,,,65.4,0,0,0,15,0,0,0,1,0
Dylan Seay,185376,TE,PENN,3,0,0,267,,,63.5,,,,63.0,,,70.8,0,0,13,0,0,0,0,0,0
Cole Spencer,185378,QB,PENN,7,0,0,267,,,64.9,,,,61.7,,,61.0,0,0,34,0,0,0,0,0,0
Ben Wable,185379,S,PENN,6,0,0,267,,,,,,,63.8,,,71.1,0,0,0,0,10,7,0,11,0
Gregory Celestin Jr,185385,G,SACR HEART,1,0,0,280,,,60.0,,,,61.5,,,68.4,0,0,5,0,0,0,0,0,0
Cole De Magistris,185391,T,SACR HEART,11,0,0,280,,,72.0,,,,64.6,,,73.8,0,0,36,0,0,0,0,0,0
Ryan Gilchrist,185395,LB,SACR HEART,1,0,0,280,59.6,,,,,,59.8,,,61.1,0,0,0,2,0,0,0,0,0
Myles Hamilton,185396,LB,SACR HEART,2,0,0,280,,,,,,,66.1,,,67.6,0,0,0,0,8,0,0,0,1
Dean Hangey,185397,WR,SACR HEART,3,0,0,280,,,,63.3,,,60.3,,,65.1,0,0,0,0,0,12,0,4,0
Tyler Jameson,185402,S,SACR HEART,1,0,0,280,60.0,,,,,,60.0,,,60.7,0,0,0,1,0,0,0,0,0
Kymari Latney,185404,CB,SACR HEART,8,2,0,280,59.9,,,,,,54.7,,,70.9,2,0,0,1,25,3,2,9,0
Cuttler Adams,185421,HB,YALE,3,0,0,352,,,,,,,61.6,,,72.8,0,0,0,0,1,15,0,0,0
Brandon Banks,185424,CB,YALE,1,0,0,352,,,,,,,61.0,,,68.9,0,0,0,0,0,0,0,3,0
Charles Barkley-Smith,185425,CB,YALE,1,0,0,352,,,,,,,61.2,,,65.3,0,0,0,0,0,0,0,4,0
Billy Eastep,185427,S,YALE,1,0,0,352,,,,,,,61.5,,,67.7,0,0,0,0,0,4,0,2,0
Mack Johnson,185431,DI,YALE,1,0,0,352,59.6,,,,,,59.8,,,62.0,0,0,0,1,0,0,0,0,0
Joe McCord,185433,LB,YALE,1,0,0,352,,,,,,,60.0,,,63.9,0,0,0,0,1,0,0,0,0
Dillon Rickenbacker,185439,S,YALE,3,0,0,352,,,,,,,65.3,,,70.2,0,0,0,0,16,0,0,5,0
Xavier Rivers,185440,ED,YALE,4,0,0,352,,,,,,,65.5,,,74.9,0,0,0,0,9,0,0,13,0
Colton Sanders,185441,TE,YALE,1,0,0,352,,,,,,,68.3,,,65.2,0,0,0,0,5,0,0,0,1
Jaxton Santiago,185442,WR,YALE,5,0,0,352,59.8,,,,,,61.1,,,68.6,0,0,0,2,0,4,0,3,0
JP Schmidt,185443,S,YALE,8,0,0,352,60.0,,,,,,66.7,,,77.1,0,0,0,1,28,22,7,17,1
Breylan Thompson,185444,CB,YALE,10,0,0,352,60.1,,,,,,64.0,,,74.8,0,0,0,27,20,0,0,13,0
Wyatt Boals,185450,DI,ILL STATE,1,0,0,188,,,,,,,60.0,,,67.2,0,0,0,0,0,0,0,1,0
Ben Harman,185453,ED,ILL STATE,5,0,0,188,59.4,,,,,,60.8,,,66.3,0,0,0,6,0,0,0,3,0
Doreon Dubose,185456,CB,ILL STATE,3,0,0,188,59.9,,,,,,62.5,,,66.6,0,0,0,1,17,0,0,1,0
Gavin Camp,185460,WR,ILL STATE,1,0,0,188,,,,,,,61.4,,,68.5,0,0,0,0,5,0,0,0,0
Aidan Crews,185473,CB,ILL STATE,2,0,0,188,,,,,,,60.5,,,64.6,0,0,0,0,2,0,0,0,0
Nathan Gonzales,185478,ED,INDIANA ST,3,0,0,191,59.5,,,,,,59.7,,,63.6,0,0,0,3,0,0,0,0,0
Griffin Hile,185485,T,INDIANA ST,2,0,0,191,,,60.0,,,,61.9,,,67.7,0,0,7,0,0,0,0,0,0
Deshaun Lowe,185488,WR,INDIANA ST,1,0,0,191,,,,,,,60.1,,,65.0,0,0,0,0,0,6,0,2,0
Tyler Phillips,185494,T,INDIANA ST,2,0,0,191,,,60.0,,,,60.6,,,61.7,0,0,4,0,0,0,0,0,0
Mike Adams,185495,T,INDIANA ST,1,0,0,191,,,60.0,,,,60.0,,,61.6,0,0,1,0,0,0,0,0,0
Elijah Coker,185498,WR,INDIANA ST,11,0,0,191,60.0,,,,,,66.2,,,65.6,4,1,0,1,39,62,69,43,6
Trey King,185501,CB,INDIANA ST,5,0,0,191,59.9,,,,,,62.2,,,74.0,0,0,0,11,5,0,0,0,0
Nic Yatsko,185503,S,INDIANA ST,2,0,0,191,,,,,,,60.1,,,66.0,0,0,0,0,1,0,0,1,0
Stewart McDonald,185505,K,MO STATE,1,0,0,230,,,,,60.1,,60.0,,,64.2,0,0,0,0,1,0,0,0,0
Brandon Vines,185507,CB,MO STATE,2,0,0,230,,,,,,,62.0,,,68.0,0,0,0,0,0,0,0,6,0
Rakwan Reed,185513,CB,MO STATE,3,0,0,230,,,,,,,60.9,,,68.1,0,0,0,0,0,5,1,3,0
Jashawn Cooper,185518,LB,MO STATE,7,0,0,230,60.0,,,,,,57.7,,,28.8,1,1,0,9,38,2,6,15,3
Jeron Askren,185519,TE,MO STATE,1,0,0,230,,,,,,,60.1,,,69.4,0,0,0,0,0,6,0,0,0
Dorian Harris,185521,HB,MORGAN ST,3,0,0,235,,,,,,,60.8,,,66.1,0,0,0,0,1,12,0,2,0
Sahr Gbundema,185524,K,MORGAN ST,4,0,0,235,,57.2,,,50.9,,62.0,,,71.6,0,0,18,0,23,0,0,0,1
Kadin Zlacki-Johnson,185527,G,MORGAN ST,12,0,0,235,,,20.1,,,,34.4,,,71.6,0,0,49,0,0,0,0,0,0
Keithan Gooden,185533,S,MORGAN ST,9,0,0,235,59.8,,,61.8,,,61.3,,,65.4,0,0,0,10,6,3,0,2,0
Ferdinand Nyivih,185534,T,MORGAN ST,12,0,0,235,,,,,,,61.4,,,75.7,0,1,0,0,0,53,0,39,0
Tyreek Wood,185535,TE,MORGAN ST,2,0,0,235,,,,,,,60.5,,,65.7,0,0,0,0,0,7,0,0,0
Riley Gerhardt,185536,ED,N DAKOTA,10,0,0,249,60.0,,,,,,52.4,,,28.7,0,1,0,6,5,1,0,26,0
Langden College,185537,DI,N DAKOTA,1,0,0,249,59.8,,,,,,60.0,,,62.7,0,0,0,1,0,0,0,0,0
John Butsch,185539,ED,N DAKOTA,4,0,0,249,60.0,,,,,,63.9,,,71.0,0,0,0,1,14,0,0,14,0
Hudson Flom,185540,CB,N DAKOTA,2,0,0,249,59.9,,,,,,60.3,,,63.8,0,0,0,1,1,0,0,0,0
Aidan Behymer,185541,TE,N DAKOTA,11,0,0,249,,,60.0,59.0,,,60.6,,,72.0,0,0,1,0,0,60,0,0,0
Donovan Woolen,185543,CB,N DAK ST,11,1,0,250,60.0,,,,,,65.5,,,52.1,0,1,0,3,57,31,2,28,0
Nate Ewell,185545,LB,S DAKOTA,14,0,0,291,61.0,,,,,,70.8,,,90.4,0,0,0,33,0,0,0,16,0
QJ Moore Jr.,185546,LB,S DAKOTA,1,0,0,291,,,,,,,60.4,,,65.1,0,0,0,0,2,0,0,0,0
Max Pelham,185547,P,S DAK ST,4,0,0,292,,,61.5,,,,61.1,,60.0,62.1,0,0,13,0,0,0,1,0,0
Trey Ridley,185549,S,S DAK ST,6,0,0,292,60.0,,,,,,70.0,,,74.9,0,0,0,1,34,0,0,12,1
Tyler Bukur,185550,DI,YNGTOWN ST,11,0,0,353,58.4,,,,,,59.3,,,67.4,0,0,0,22,0,0,0,5,0
Antuan Gardner,185554,HB,YNGTOWN ST,3,0,0,353,,,,,,,63.0,,,68.3,0,0,0,0,3,12,0,7,0
George Gabriel,185556,LS,YNGTOWN ST,1,0,0,353,,,,,,,68.3,,,62.8,0,0,0,0,1,0,0,0,1
Cameron Davenport,185557,WR,YNGTOWN ST,1,0,0,353,,,,,,,60.4,,,63.3,0,0,0,0,3,0,0,0,0
Jawon Hall,185558,WR,YNGTOWN ST,5,0,0,353,,,,55.4,,,61.2,,,65.9,0,0,0,0,11,30,0,0,0
Remy Bose,185565,LB,YNGTOWN ST,3,1,0,353,60.0,,,,,,65.2,,,72.8,0,0,0,1,15,15,0,4,0
Brandon Chambers Jr.,185568,S,YNGTOWN ST,1,0,0,353,,,,,,,61.7,,,68.7,0,0,0,0,7,0,0,0,0
Graydon Rollins,185572,LB,YNGTOWN ST,3,0,0,353,,,,,,,62.2,,,70.8,0,0,0,0,3,18,0,3,0
Trevor Romaldo,185574,S,MURRAY ST,8,0,0,236,59.9,,,,,,63.2,,,73.5,1,0,0,3,6,37,0,19,0
Kolben Miller,185576,ED,N IOWA,3,0,0,255,,,,,,,70.7,,,66.5,0,0,0,0,18,0,0,0,2
Jeremiah Baxter,185579,CB,S ILLINOIS,9,0,0,295,60.0,,,,,,62.3,,,70.5,0,0,0,25,3,0,0,3,0
Isaiah Bigby,185580,S,S ILLINOIS,9,0,0,295,59.8,,,,,,65.5,,,74.1,0,0,0,17,32,5,6,16,0
Ben Fiegel,185584,LB,S ILLINOIS,10,1,0,295,,,,,,,69.8,,,80.7,0,0,0,0,34,42,0,36,2
Gage Green,185586,WR,S ILLINOIS,1,0,0,295,60.0,,,,,,60.0,,,62.9,0,0,0,1,0,0,0,0,0
Tae Marrero Jr.,185591,WR,S ILLINOIS,9,0,0,295,,,,56.9,,,61.1,66.2,,66.5,0,0,0,0,0,30,1,31,0
Lukus McDaniels,185592,ED,S ILLINOIS,1,0,0,295,59.7,,,,,,60.0,,,61.8,0,0,0,1,0,0,0,0,0
Denym Mitchell,185593,CB,S ILLINOIS,3,0,0,295,60.0,,,,,,61.8,,,69.3,0,0,0,1,1,0,1,9,0
Aiden Moriarty,185594,TE,S ILLINOIS,4,0,0,295,59.8,,64.1,,,,61.9,,,62.2,0,0,13,2,0,0,0,0,0
Marcus Calwise Jr.,185602,WR,E KENTUCKY,10,0,0,159,,,,59.9,,,54.7,,,71.1,0,1,0,0,0,46,0,0,0
Jack Chappell,185604,LB,E KENTUCKY,3,0,0,159,,,,,,,61.2,,,68.8,0,0,0,0,1,0,0,2,0
Liam Coppinger,185605,G,E KENTUCKY,1,0,0,159,,,60.0,,,,60.3,,,65.4,0,0,2,0,0,0,0,0,0
Jaylen Eberhardt,185607,C,E KENTUCKY,1,0,0,159,,,60.0,,,,60.8,,,60.5,0,0,4,0,0,0,0,0,0
Kevin Ford,185608,CB,E KENTUCKY,12,0,0,159,59.5,,,,,,64.5,,,68.5,0,0,0,13,12,7,0,1,1
D.J. Galva,185609,CB,E KENTUCKY,12,0,0,159,59.8,,,,,,68.7,,,79.0,0,0,0,3,56,0,2,34,1
Tyrell Green,185610,G,E KENTUCKY,13,0,0,159,,,76.6,,,,65.3,,,65.1,0,0,48,0,0,0,0,0,0
Brady Hensley,185613,HB,E KENTUCKY,13,2,0,159,,,,,,,62.3,,,86.5,5,0,0,0,59,54,60,33,3
Fred Hinton,185614,C,E KENTUCKY,13,0,0,159,,,73.2,,,,64.4,,,66.5,0,0,48,0,0,0,0,0,0
Brandon McGraw,185618,G,E KENTUCKY,13,0,0,159,,,59.2,,,,60.7,,,73.1,0,0,48,0,0,0,0,0,0
T.J. Mitchell III,185619,WR,E KENTUCKY,1,0,0,159,,,,,,,60.0,60.3,,62.1,0,0,0,0,0,0,0,1,0
Moses Sarweh,185620,S,E KENTUCKY,6,0,0,159,59.9,,,,,,66.0,,,66.9,0,0,0,3,17,2,3,3,1
Kaden Smith,185622,LB,E KENTUCKY,13,0,0,159,60.1,,,,,,59.0,,,73.2,0,0,0,8,19,57,0,4,0
Braden Sullivan,185623,LB,E KENTUCKY,13,0,0,159,58.5,,,,,,60.2,,,67.0,0,0,0,46,2,5,0,20,0
Garnell Wilds Jr.,185626,CB,E KENTUCKY,3,0,0,159,59.7,,,,,,61.4,,,67.6,0,0,0,5,5,0,0,0,0
Jonathan Alexander,185628,WR,GEORGETOWN,9,0,0,172,,,,,,,69.3,,,78.4,0,0,0,0,0,0,0,44,0
Thomas Anderson,185629,P,GEORGETOWN,7,0,0,172,,,,,65.0,,61.2,,,72.3,0,0,0,0,18,0,0,0,0
Legend Bernard,185630,WR,GEORGETOWN,1,0,0,172,,,,,,,62.5,,,66.8,0,0,0,0,0,0,0,5,0
Cameron Berry,185631,S,GEORGETOWN,3,0,0,172,60.0,,,,,,62.0,,,67.8,0,0,0,2,0,0,0,7,0
Hilton Hebert,185637,ED,GEORGETOWN,1,0,0,172,59.7,,,,,,60.0,,,61.8,0,0,0,1,0,0,0,0,0
Ryan Hussey,185638,ED,GEORGETOWN,3,0,0,172,59.6,,,,,,61.1,,,68.0,0,0,0,2,0,0,0,2,0
Chris Martin,185641,S,GEORGETOWN,8,0,0,172,60.0,,,,,,61.8,,,72.2,0,0,0,1,1,32,1,12,0
Damon Narcisse,185642,DI,GEORGETOWN,7,0,0,172,,,,,,,62.0,,,73.3,1,0,0,0,18,24,0,7,2
Armon Richardson,185644,S,GEORGETOWN,8,0,0,172,60.0,,,,,,63.3,,,72.9,0,0,0,1,2,0,0,28,0
Isaac Saffold,185646,ED,GEORGETOWN,8,0,0,172,59.4,,,,,,46.4,,,27.4,0,1,0,27,0,0,0,0,0
Jayden Sumpter,185647,HB,GEORGETOWN,7,0,0,172,,,,54.1,,,59.0,,,67.1,0,0,0,0,0,34,0,0,0
Christian Bush,185649,P,LAFAYETTE,11,0,0,203,,,65.7,,,,61.9,,60.0,62.3,0,0,42,0,0,0,2,0,0
Olivier Camerlain,185650,DI,LAFAYETTE,1,0,0,203,59.6,,,,,,59.8,,,62.4,0,0,0,1,0,0,0,0,0
Garrison Cockrell,185651,LB,LAFAYETTE,3,0,0,203,,,,,,,63.5,,,68.1,0,0,0,0,22,0,0,0,0
Nick Covino,185652,LS,LAFAYETTE,2,0,0,203,,,,,,82.4,65.3,,,63.5,0,0,0,0,0,0,5,0,0
Luke Dale,185653,LB,LAFAYETTE,4,0,0,203,,,,,,,55.0,,,69.1,0,0,0,0,16,0,0,1,0
Kevin Dodard,185655,S,LAFAYETTE,9,0,0,203,60.0,,,,,,64.0,,,73.5,0,0,0,1,0,0,32,3,1
Mac Dumont,185656,K,LAFAYETTE,1,0,0,203,,,,,60.0,,60.0,,,64.2,0,0,0,0,1,0,0,0,0
Ryan Gadson,185657,CB,LAFAYETTE,12,0,0,203,59.7,,,,,,55.3,,,71.0,0,0,0,8,45,3,0,9,0
Jakyre Henley,185660,WR,LAFAYETTE,2,0,0,203,,,,59.9,,,59.2,,,62.4,0,0,0,0,0,7,0,0,0
Dhonte Jackson,185661,S,LAFAYETTE,10,0,0,203,,,,,,,68.2,,,74.0,0,0,0,0,35,5,0,13,1
Xavier Johnson,185663,CB,LAFAYETTE,12,0,0,203,59.7,,,,,,66.3,,,75.4,0,0,0,9,0,0,0,37,0
Sean Kinney,185664,C,LAFAYETTE,11,0,0,203,,,62.9,,,,60.7,,,64.5,0,0,49,0,0,0,1,0,0
Mason Kuehner,185665,WR,LAFAYETTE,12,0,0,203,,,,58.4,,,60.2,73.9,,68.9,0,0,0,0,0,13,7,43,0
Declan McCauley,185666,ED,LAFAYETTE,5,0,0,203,60.0,,,,,,57.4,,,69.0,1,0,0,1,19,0,0,0,1
Cairo Moore,185668,CB,LAFAYETTE,4,0,0,203,60.0,,,,,,63.0,,,70.7,0,0,0,1,0,0,1,19,0
Jonathan Moyer,185669,WR,LAFAYETTE,1,0,0,203,,,,,,,60.7,,,67.2,0,0,0,0,0,0,0,3,0
Jason Penza,185670,QB,LAFAYETTE,1,0,0,203,,,,,,,61.7,,,67.2,0,0,0,0,3,0,1,1,0
Dominic Selvitelli,185673,DI,LAFAYETTE,7,0,0,203,58.9,,,,,,59.5,,,67.0,0,0,0,20,0,0,0,2,0
Gianlucca Tiberia,185676,HB,LAFAYETTE,10,0,1,203,,,,59.2,,,51.0,,,28.9,0,1,0,0,0,37,0,31,0
Cole Walsh,185678,LB,LAFAYETTE,2,0,0,203,60.0,,,,,,60.0,,,62.8,0,0,0,1,0,1,0,0,0
Paul Widerman,185679,LB,LAFAYETTE,11,1,0,203,60.0,,,59.9,,,63.3,,,80.0,1,0,0,1,46,37,31,14,0
Donnie Williams,185680,S,LAFAYETTE,1,0,0,203,59.9,,,,,,60.0,,,61.1,0,0,0,1,0,0,0,0,0
Sammy Ayache,185682,T,LEHIGH,13,0,0,205,,,75.0,,,,59.0,,,28.6,0,1,57,0,0,0,0,0,0
Vincent Cordoba,185685,WR,LEHIGH,12,1,0,205,,,,,,,63.2,,,82.0,2,0,0,0,67,0,15,32,3
Aaron Crossley,185686,HB,LEHIGH,11,0,0,205,,,,,,,63.8,,,75.6,0,0,0,0,0,41,0,12,0
Matt D'Avino,185687,WR,LEHIGH,5,0,0,205,,,,,,,64.1,,,71.8,0,0,0,0,0,12,0,14,0
Preston Davis,185688,DI,LEHIGH,1,0,0,205,59.6,,,,,,59.8,,,62.4,0,0,0,1,0,0,0,0,0
Luke Denny,185689,S,LEHIGH,4,0,0,205,,,,,,,62.9,,,68.2,0,0,0,0,0,2,0,6,0
Talan Dudley,185690,LB,LEHIGH,6,2,0,205,,,,,,,78.2,,,70.9,0,0,0,0,32,0,0,0,3
Jaden Green,185693,HB,LEHIGH,13,0,0,205,,,,76.9,,,59.7,,,64.7,0,0,0,0,0,53,0,0,0
Jamaire Harden,185695,WR,LEHIGH,1,0,0,205,,,,60.0,,,60.0,,,61.2,0,0,0,0,0,1,0,0,0
Bryce Izundu,185697,ED,LEHIGH,10,0,0,205,59.6,,,,,,65.9,,,76.1,0,0,0,2,6,0,0,25,0
Hayden Johnson,185698,QB,LEHIGH,2,0,0,205,,,,,,,60.0,,61.0,64.9,0,0,0,0,0,0,2,0,0
Connor Poole,185705,K,LEHIGH,13,0,0,205,,,,,67.4,,64.5,,44.5,79.6,0,1,0,0,64,0,44,0,0
Lorenzo Portella,185706,DI,LEHIGH,3,0,0,205,59.0,,,,,,59.1,,,63.5,0,0,0,4,0,0,0,0,0
Colby Reph,185708,G,LEHIGH,13,0,0,205,,,77.3,,,,66.1,,,73.9,0,0,57,0,0,0,0,0,0
Dylan Rhone,185709,LB,LEHIGH,4,0,0,205,59.9,,,,,,62.8,,,68.6,0,0,0,1,10,2,0,4,0
Aiden Schomp,185710,TE,LEHIGH,6,0,0,205,,,69.3,,,,63.3,,,61.4,0,0,27,0,0,0,0,0,0
Mekhai Smith,185711,S,LEHIGH,13,2,0,205,59.7,,,,,,70.4,,,29.6,0,1,0,12,61,0,27,24,6
Ignatious Williams,185713,CB,LEHIGH,11,0,0,205,59.9,,,,,,58.2,,,29.6,1,2,0,1,18,20,26,23,2
John Zipf,185714,P,LEHIGH,1,0,0,205,,,,,60.3,,60.0,,,67.8,0,0,0,0,4,0,0,0,0
Zachary Betts,185719,ED,ST FRANCIS,4,0,0,299,60.1,,,,,,60.9,,,66.6,0,0,0,12,1,0,0,0,0
Mekhi Butler,185721,CB,ST FRANCIS,11,0,0,299,59.9,,,,,,61.9,,,76.8,1,1,0,41,23,0,16,63,3
Geno Calgaro,185723,LB,ST FRANCIS,11,0,0,299,59.6,,,,,,53.9,,,75.0,2,0,0,29,42,2,38,2,3
Akil Cameron,185724,HB,ST FRANCIS,3,0,0,299,,,,,,,64.8,,,70.0,0,0,0,0,16,6,0,4,0
Kahmari Cook,185727,LB,ST FRANCIS,5,0,0,299,,,,,,,67.3,,,73.4,0,0,0,0,14,0,0,22,1
Kendric Council,185728,ED,ST FRANCIS,11,0,0,299,59.7,,,,,,61.3,,,78.9,1,0,0,29,27,41,0,17,0
Colin Douglas,185731,CB,ST FRANCIS,6,0,0,299,,,,,,,67.1,,,73.0,0,0,0,0,16,0,9,9,2
Markell Holman,185737,HB,ST FRANCIS,6,0,0,299,,,,62.7,,,59.7,,,67.5,0,0,0,0,0,20,0,0,0
Ethan Jackson,185739,CB,ST FRANCIS,2,0,0,299,,,,,,,60.0,,,64.3,0,0,0,0,0,8,0,0,0
Guzzy Kayed,185740,T,ST FRANCIS,9,0,0,299,,,70.1,,,,63.6,,,65.1,0,0,34,0,0,0,0,0,0
Nyzell Lash,185742,HB,ST FRANCIS,2,0,0,299,,,,,,,60.7,,,64.2,0,0,0,0,2,3,0,0,0
Brandon London,185745,TE,ST FRANCIS,1,0,0,299,,,60.0,,,,62.0,,,69.3,0,0,7,0,0,0,0,0,0
Jack Molloy,185750,CB,ST FRANCIS,2,0,0,299,,,,,,,60.1,,,67.2,0,0,0,0,0,9,0,0,0
Malikai Nichols,185752,CB,ST FRANCIS,1,0,0,299,,,,,,,60.0,,,64.3,0,0,0,0,0,0,0,1,0
Mekhi Rodgers,185758,CB,ST FRANCIS,11,0,0,299,60.0,,,,,,74.5,,,81.4,0,0,0,10,12,0,24,65,2
Corey Williams,185767,CB,ST FRANCIS,1,0,0,299,,,,,,,61.8,,,66.2,0,0,0,0,5,0,0,0,0
Acear Cornish,185778,LB,WAGNER,9,2,1,338,59.4,,,,,,62.0,,,77.0,1,1,0,2,30,15,0,15,0
Colton Guerrero,185786,LB,WAGNER,3,0,0,338,60.0,,,,,,46.6,,,71.2,1,1,0,1,12,13,6,7,1
Braylon Hansbrough,185787,LB,WAGNER,4,0,0,338,59.8,,,,,,65.7,,,70.5,1,0,0,1,7,12,16,4,1
Jordan Johnson,185789,LB,WAGNER,12,0,0,338,59.7,,,,,,64.3,,,69.8,0,0,0,33,15,0,1,18,0
Brendan Leal,185792,LB,WAGNER,12,0,0,338,,,,59.9,,,58.7,,,38.7,2,1,0,0,47,19,8,13,2
Chauncey Mims,185795,CB,WAGNER,3,0,0,338,59.9,,,,,,61.1,,,66.1,0,0,0,1,3,0,0,1,0
Matt Morad,185797,HB,WAGNER,5,0,0,338,,,,,,,62.3,,,69.7,0,0,0,0,1,6,0,5,0
Matthew Schwindt,185809,K,WAGNER,8,0,0,338,,71.9,,,42.8,,61.0,,,67.5,0,0,20,0,6,0,0,0,0
Mike Seeger,185810,G,WAGNER,11,0,0,338,,,71.2,,,,64.0,,,67.7,0,0,27,0,0,0,0,0,0
Brandon Sneh,185813,T,WAGNER,9,0,0,338,,,70.1,,,,64.0,,,72.9,0,0,27,0,0,0,0,0,0
Julio Tatis,185815,HB,WAGNER,1,0,0,338,,,,59.9,,,48.2,,,68.0,1,0,0,0,5,6,0,0,1
Devan Taylor,185816,T,WAGNER,1,0,0,338,,,60.0,,,,60.0,,,61.0,0,0,1,0,0,0,0,0,0
Chris Dawalt,185820,P,BUTLER,1,0,0,127,,,60.0,,,,60.0,,,60.2,0,0,1,0,0,0,0,0,0
Amanuel Dickson,185822,LB,CHATTNOOGA,10,1,0,137,59.9,,,,,,68.7,,,29.2,0,2,0,4,48,19,41,4,5
Nathaniel Eberly-Rodriguez,185823,TE,CHATTNOOGA,6,0,0,137,,,69.5,,,,62.4,,,65.0,0,0,28,0,0,12,10,0,0
Devin Lively,185827,C,CHATTNOOGA,4,0,0,137,,,62.3,,,,62.4,,,67.9,0,0,10,0,0,0,0,0,0
Noah Gravel,185829,S,E TENN ST,1,0,0,157,,,,,,,61.7,,,64.0,0,0,0,0,4,0,0,1,0
Dailen Howard,185831,DI,E TENN ST,11,0,0,157,58.2,,,,,,59.1,,,68.3,0,0,0,22,0,0,0,7,0
Travien Watson,185835,WR,E TENN ST,2,0,0,157,,,,,,,60.9,,,65.2,0,0,0,0,0,4,0,3,0
Daco Coleman,185839,CB,FURMAN,4,0,0,170,,,,,,,63.1,,,72.1,0,0,0,0,4,0,0,14,0
Kevin Everhart,185842,HB,FURMAN,4,0,0,170,,,,,,,68.4,,,70.5,0,0,0,0,14,19,0,9,0
Gavin Hall,185847,HB,FURMAN,8,0,0,170,,,,59.9,,,66.8,,,72.6,0,0,0,0,22,16,0,15,1
Devin Hester Jr.,185849,WR,FURMAN,8,0,0,170,,,,58.9,,,64.9,,,74.8,0,0,0,0,0,8,3,22,0
Den Johnson,185851,S,FURMAN,4,0,0,170,,,,,,,62.2,,,71.6,0,0,0,0,13,0,5,4,0
Javaris Jones,185852,S,FURMAN,11,0,0,170,,,,,,,70.2,,,84.6,0,0,0,0,44,47,34,30,2
Ty Kauserud,185853,DI,FURMAN,5,0,0,170,57.8,,,,,,58.1,,,68.1,0,0,0,20,0,0,0,4,0
Jackson Pryor,185859,TE,FURMAN,1,0,0,170,,,,,,,59.5,,,65.3,0,0,0,0,0,0,3,0,0
Riley Smith,185861,LS,FURMAN,11,0,0,170,,,,,,90.8,85.5,,,67.2,0,0,0,0,0,0,59,0,4
Santino Varvel,185865,WR,FURMAN,1,0,0,170,,,,,,,59.1,,,67.4,0,0,0,0,0,0,7,0,0
Javarius George,185868,WR,MERCER,2,0,0,219,,,,61.4,,,61.2,65.9,,66.7,0,0,0,0,7,10,0,11,0
Carmelo O'neal,185872,CB,MERCER,13,0,0,219,59.6,,,,,,56.4,,,45.0,1,1,0,12,6,42,11,71,0
Kai Reyes,185873,CB,MERCER,1,0,0,219,,,,,,,60.0,,,63.9,0,0,0,0,1,0,0,0,0
Cole Shaw,185875,WR,MERCER,10,0,0,219,,,,,,,68.1,,,72.4,0,0,0,0,2,0,0,45,0
Quory Ambrose,185878,G,PRESBYTERN,4,0,0,271,,,,,,,57.1,,,67.3,0,0,0,0,0,12,2,0,0
Jameel Carter,185879,G,PRESBYTERN,1,0,0,271,,,,,,,60.0,,,63.3,0,0,0,0,0,0,1,0,0
Aaron Smith,185882,CB,PRESBYTERN,1,0,0,271,,,,,,,60.0,,,62.1,0,0,0,0,1,0,0,0,0
Alejandro Tovar,185883,DI,PRESBYTERN,5,0,0,271,59.3,,,,,,59.5,,,64.3,0,0,0,7,0,0,0,0,0
Antonio Wright,185885,HB,PRESBYTERN,10,0,0,271,,,,62.3,,,59.3,,,66.5,0,0,0,0,8,45,0,4,0
Vanier Baptiste III,185892,FB,W CAROLINA,1,0,0,344,,,,,,,59.4,,,66.1,0,0,0,0,0,6,0,1,0
Drew Hollifield,185902,S,W CAROLINA,1,0,0,344,,,,,,,60.0,,,63.7,0,0,0,0,1,0,0,0,0
Nicholas Kilpatrick,185905,S,W CAROLINA,2,0,0,344,,,,,,,60.6,,,63.6,0,0,0,0,4,0,0,0,0
EJ Moore Jr.,185907,DI,W CAROLINA,10,0,0,344,58.4,,79.8,,,,64.6,,,73.8,0,0,27,19,0,0,0,12,0
James Randle,185910,WR,W CAROLINA,8,0,0,344,,,,60.9,,,57.4,,,67.6,0,0,0,0,24,24,0,0,0
Ivory Aikens,185918,WR,WOFFORD,4,0,0,350,60.0,,,,,,67.3,,,71.1,0,0,0,1,12,0,0,7,1
Carlos Anaya,185919,TE,WOFFORD,12,0,0,350,,,71.3,,,,55.2,,,28.1,0,1,34,0,0,0,1,0,0
Charles Byrd,185923,WR,WOFFORD,1,0,0,350,,,,,,,60.7,,,66.1,0,0,0,0,3,5,0,0,0
Cavan Craig,185924,K,WOFFORD,4,0,0,350,,,,,47.5,,60.8,,,71.5,0,0,0,0,14,0,0,0,0
Cooper Horton,185931,ED,WOFFORD,2,0,0,350,60.0,,,,,,60.1,,,61.7,0,0,0,3,0,0,0,0,0
Darius Malcolm Jr.,185938,CB,WOFFORD,1,0,0,350,60.0,,,,,,60.6,,,67.2,0,0,0,1,0,3,0,0,0
Luke Moise,185941,G,WOFFORD,12,0,0,350,,,73.4,,,,64.8,,,72.0,0,0,34,0,0,0,1,0,0
Caleb Oliver,185943,ED,WOFFORD,9,0,0,350,59.8,,,,,,65.3,,,69.8,0,0,0,9,28,22,0,3,1
Isaiah Scott,185945,WR,WOFFORD,2,0,0,350,,,,,,,61.4,,,67.7,0,0,0,0,0,0,2,3,0
Marion Smokes Jr.,185947,ED,WOFFORD,7,0,0,350,59.9,,,,,,61.6,,,66.4,0,0,0,22,0,0,0,5,0
Elijah Washington,185949,LB,WOFFORD,1,0,0,350,,,,,,,59.9,,,64.9,0,0,0,0,0,4,0,0,0
AJ Adams,185952,TE,DAVIDSON,1,0,0,149,,,,,,,60.7,,,67.7,0,0,0,0,4,0,3,0,0
Brice Baker,185953,S,DAVIDSON,1,0,0,149,60.0,,,,,,60.0,,,60.8,0,0,0,1,0,0,0,0,0
Brodey Berg,185954,TE,DAVIDSON,3,0,0,149,,,,,,,60.7,,,72.9,0,0,0,0,1,11,8,3,0
Lamar Bolden Jr.,185956,S,DAVIDSON,11,1,0,149,60.0,,,,,,65.0,,,44.7,0,1,0,1,60,23,15,8,1
Teghan Cole,185960,CB,DAVIDSON,1,0,0,149,,,,,,,60.0,,,64.2,0,0,0,0,0,0,0,1,0
Cam Jackson,185964,DI,DAVIDSON,1,0,0,149,,,,,,,60.0,,,64.7,0,0,0,0,0,0,0,1,0
Will Jones,185966,HB,DAVIDSON,10,0,0,149,,,,,,,63.6,,,76.1,1,0,0,0,53,45,34,20,2
Robert Jones,185967,DI,DAVIDSON,1,0,0,149,,,,,,,60.0,,,64.1,0,0,0,0,0,0,0,1,0
Shay Ragland,185972,CB,DAVIDSON,3,0,0,149,,,,,,,60.2,,,66.9,0,0,0,0,0,12,1,1,0
Nakoma Scott,185974,ED,DAVIDSON,2,0,0,149,60.0,,,,,,60.1,,,63.5,0,0,0,1,0,0,0,1,0
Carter Simko,185975,S,DAVIDSON,1,0,0,149,,,,,,,60.0,,,64.5,0,0,0,0,0,9,0,0,0
Drew Taylor,185976,ED,DAVIDSON,1,0,0,149,,,,,,,60.0,,,63.8,0,0,0,0,0,0,0,1,0
Ravonte Blowe,185978,DI,HOUCHR,11,0,0,183,58.7,,60.0,,,,59.1,,,67.3,0,0,2,24,0,0,0,0,0
Reed Chandley,185980,K,HOUCHR,11,0,0,183,,60.0,61.5,,58.8,,54.6,,59.4,30.0,0,1,16,0,6,0,68,0,0
Tyran Chappell,185981,CB,HOUCHR,2,0,0,183,59.9,,,,,,60.9,,,66.5,0,0,0,1,0,0,0,2,0
Xai'Shaun Edwards,185982,HB,HOUCHR,3,0,0,183,,,,,,,29.0,,,24.6,0,1,0,0,0,8,0,0,0
Anthony Garza,185983,LS,HOUCHR,5,0,0,183,,,79.4,,,87.9,79.5,,,65.7,0,0,28,0,0,0,29,0,2
Drake Hudson,185985,LB,HOUCHR,2,1,0,183,,,,,,,75.6,,,63.9,0,0,0,0,2,0,0,0,1
KJ Makins,185987,CB,HOUCHR,12,0,0,183,59.5,,,,,,61.9,,,78.1,1,0,0,18,40,0,10,44,1
Ben Mulholland,185989,T,HOUCHR,2,0,0,183,,,69.6,,,,63.8,,,70.2,0,0,20,0,0,0,0,0,0
Roman Perrin,185990,T,HOUCHR,2,0,0,183,,,60.0,,,,60.8,,,62.4,0,0,4,0,0,0,0,0,0
Terrell Elliott,185994,DI,INCAR WORD,14,0,0,189,58.1,,,,,,56.2,,,71.6,1,0,0,25,0,0,56,3,0
Drew Merrill,185995,S,INCAR WORD,12,2,0,189,59.9,,,59.9,,,73.7,,,81.0,0,0,0,3,74,56,4,58,2
Christian Booker,185996,DI,LAMAR,11,0,0,204,82.1,,,,,,90.0,,,70.8,0,0,0,16,0,0,0,3,0
Daiki Yoshikawa,186002,LB,LAMAR,12,0,0,204,,,,,,,61.4,,,77.9,0,1,0,0,10,56,0,39,0
Jordan Allen,186003,ED,MCNEESE,4,0,0,217,59.8,,,,,,65.3,,,70.4,0,0,0,1,13,0,0,9,0
Landon Barrett,186004,LB,MCNEESE,2,0,0,217,60.0,,,,,,61.1,,,64.5,0,0,0,4,3,0,0,0,0
Deaglan Camron,186005,K,MCNEESE,2,0,0,217,,60.0,,,58.3,,60.0,,,65.7,0,0,1,0,2,0,0,0,0
Terence Durham,186009,CB,MCNEESE,1,0,0,217,,,,,,,60.1,,,65.5,0,0,0,0,0,3,0,0,0
Grady Faulk,186010,TE,MCNEESE,2,0,0,217,,,,,,,60.8,,,65.4,0,0,0,0,1,0,0,2,0
Joey Garza,186012,TE,MCNEESE,2,0,0,217,,,,,,,61.3,,,66.1,0,0,0,0,0,11,0,0,0
Finn Lappin,186014,P,MCNEESE,12,0,0,217,,,66.3,,60.0,,63.5,,62.7,73.5,0,0,50,0,1,0,62,0,0
Simeon Mitchell,186020,DI,MCNEESE,12,0,0,217,58.0,,,,,,60.0,,,70.0,0,0,0,24,0,0,0,15,0
Brendan Shoaf,186026,LS,MCNEESE,2,0,0,217,,,60.0,,,67.6,60.9,,,61.2,0,0,2,0,0,0,0,0,0
Kylin Smith,186027,CB,MCNEESE,2,0,0,217,,,,,,,51.4,,,67.1,0,0,0,0,10,0,0,0,0
Bryce Strong,186029,HB,MCNEESE,8,0,0,217,,,,,,,62.3,,,73.2,3,0,0,0,29,4,7,4,2
Jaylen Thompson,186031,HB,MCNEESE,2,0,0,217,,,,,,,64.4,,,67.5,0,0,0,0,5,4,0,0,1
Gil Chapman,186033,WR,NICHOLLS,11,0,0,243,,,,,,,61.8,,,83.3,2,0,0,0,47,51,0,16,1
Darrel Gibson,186034,TE,NICHOLLS,1,0,0,243,,,,,,,60.0,,,63.9,0,0,0,0,0,0,0,1,0
Gabe Showalter,186035,K,NICHOLLS,10,0,0,243,,65.1,,,68.3,,63.3,,55.9,74.9,0,0,40,0,47,0,8,0,0
Guadalupe Cedillo,186037,T,NWSTATE,9,0,0,257,,,72.5,,,,63.4,,,63.8,0,0,27,0,0,0,1,0,0
Zay Davis,186039,HB,NWSTATE,10,0,0,257,,,,58.4,,,63.3,,,78.1,0,0,0,0,19,66,49,2,1
Kekahi Graham,186040,QB,NWSTATE,1,0,0,257,,,60.0,,,,60.3,,,60.5,0,0,4,0,0,0,0,0,0
Landry Huddleston,186042,LB,NWSTATE,12,2,1,257,59.7,,,,,,57.6,,,28.5,2,4,0,52,36,50,89,25,8
Ryan Tyler,186044,FB,NWSTATE,12,1,0,257,,,69.6,,,,63.2,,,48.1,0,1,27,0,30,51,63,0,0
Kaiden Turner,186046,DI,STF AUSTIN,1,0,0,301,,,,,,,60.0,,,67.5,0,0,0,0,0,0,0,1,0
Keyonte Arrington,186047,T,ALAB A&M,2,0,0,104,,,60.0,,,,61.7,,,63.8,0,0,8,0,0,0,0,0,0
Jaden Gresham,186051,WR,ALAB A&M,6,0,0,104,,,,59.9,,,64.7,,,70.4,0,0,0,0,6,19,0,0,1
Delvon Gulley,186052,CB,ALAB A&M,11,0,0,104,59.6,,,,,,55.2,,,72.9,2,0,0,41,11,0,0,13,1
Kolton Nero,186054,HB,ALAB A&M,4,0,0,104,,,,,,,60.5,,,67.1,0,0,0,0,0,7,0,0,0
Donovan Price,186055,TE,ALAB A&M,7,0,0,104,,,70.9,,,,63.8,,,67.2,0,0,33,0,0,2,0,0,0
TyQuez Richardson,186056,G,ALAB A&M,2,0,0,104,,,60.3,,,,60.3,,,67.1,0,0,5,0,0,0,1,0,0
Aaron Rogers,186057,WR,ALAB A&M,1,0,0,104,,,,54.6,,,59.8,,,62.0,0,0,0,0,0,4,0,0,0
Peyton Scott,186059,ED,ALAB A&M,9,0,0,104,59.8,,,,,,54.9,,,76.8,1,1,0,10,35,2,0,26,1
D'Andre Sneed,186060,HB,ALAB A&M,4,0,0,104,,,,,,,60.1,,,67.8,0,0,0,0,0,19,0,0,0
Bernard Stewart III,186062,CB,ALAB A&M,2,0,0,104,59.9,,,,,,60.0,,,61.5,0,0,0,2,0,0,0,0,0
Konnor Thompkins,186063,DI,ALAB A&M,6,0,0,104,59.2,,,,,,59.9,,,65.9,0,0,0,5,0,0,5,2,0
Jasiah Ward,186064,S,ALAB A&M,7,0,0,104,60.0,,,,,,52.6,,,28.7,0,1,0,2,32,0,0,4,1
Sammy Washington,186065,S,ALAB A&M,2,0,0,104,59.7,,,,,,60.3,,,63.4,0,0,0,2,3,0,0,0,0
DeQuadrion Welch,186066,WR,ALAB A&M,8,0,0,104,,,,60.9,,,67.3,64.6,,65.5,0,0,0,0,2,32,2,11,0
Brennen Ceaser,186069,CB,ALABAMA ST,7,1,0,105,59.8,,,,,,69.2,,,74.2,0,0,0,9,32,4,1,16,3
Brandon Gilliam,186079,K,ALABAMA ST,12,0,0,105,,61.0,,,49.9,,63.8,,56.2,76.4,3,0,51,0,62,0,10,0,1
Derick Harden,186080,TE,ALABAMA ST,12,0,0,105,,,75.4,,,,63.4,,,71.6,0,0,59,0,0,32,7,0,0
Cornell Harris Jr.,186081,DI,ALABAMA ST,4,0,0,105,59.2,,,,,,59.3,,,64.0,0,0,0,8,0,0,0,0,0
Jamarie Hostzclaw,186083,HB,ALABAMA ST,1,0,0,105,59.9,,,,,,61.6,,,69.5,0,0,0,4,4,5,0,3,0
Denzel Johnson,186084,LB,ALABAMA ST,12,2,0,105,59.5,,,,,,86.4,,,82.2,0,0,0,6,57,45,64,52,4
Ethan Johnson,186085,LB,ALABAMA ST,3,0,0,105,,,,60.0,,,62.6,,,70.6,0,0,0,0,1,3,0,3,0
Daquon Kincey,186088,HB,ALABAMA ST,1,0,0,105,,,,,,,60.4,,,67.1,0,0,0,0,0,3,0,0,0
Michael Moore Jr.,186096,G,ALABAMA ST,1,0,0,105,,,60.2,,,,61.7,,,68.3,0,0,6,0,0,0,0,0,0
Nathan Nwagwu,186097,CB,ALABAMA ST,2,0,0,105,,,,,,,63.5,,,68.5,0,0,0,0,0,0,0,9,0
Cameron Smith,186101,T,ALABAMA ST,12,0,0,105,,,78.4,,,,65.7,,,64.3,0,0,59,0,0,0,0,0,0
Eric Tarrant,186103,LB,ALABAMA ST,6,1,0,105,59.9,,,,,,60.6,,,72.8,1,0,0,1,21,4,5,2,0
Jordan Edwards,186109,WR,FL A&M,6,0,0,164,,,,,,,67.6,,,76.8,0,0,0,0,4,26,0,23,1
Andrew Ritter,186114,TE,FL A&M,10,0,0,164,,,60.0,,,82.4,57.6,,,72.5,1,1,3,0,14,53,5,1,0
Nate Blount IV,186117,HB,JACKSON ST,1,0,0,194,,,,,,,60.2,,,63.1,0,0,0,0,0,0,3,0,0
Kazarius Bowie,186118,DI,JACKSON ST,7,0,0,194,58.7,,,,,,59.9,,,66.5,0,0,0,7,0,0,0,3,0
Devin Love,186119,T,JACKSON ST,1,0,0,194,,,60.0,,,,61.4,,,64.5,0,0,6,0,0,0,0,0,0
Cortney Lyles,186120,T,SOUTHERN U,9,0,0,297,,,70.4,,,,63.7,,,65.4,0,0,35,0,0,0,0,0,0
Reid Pulliam,186121,LB,JACKSON ST,13,0,0,194,59.8,,,59.9,,,61.7,,,65.8,0,0,0,32,0,1,0,8,0
Tymon Wells,186125,DI,JACKSON ST,14,0,1,194,59.3,,,61.8,,,42.8,,,27.3,0,3,0,2,0,51,38,3,1
Hunter Eastman,186127,CB,UTAHTC,1,0,0,1285,59.9,,,,,,60.0,,,61.1,0,0,0,1,0,0,0,0,0
Rick Mua'e,186131,ED,UTAHTC,12,0,0,1285,74.9,,,,,,83.2,,,75.5,0,0,0,42,13,8,0,34,1
Mubarak Odubiyi,186132,DI,UTAHTC,2,0,0,1285,59.6,,,,,,59.8,,,63.9,0,0,0,3,0,0,0,0,0
Foster Slaughter,186133,CB,UTAHTC,4,0,0,1285,,,,,,,61.6,,,69.8,0,0,0,0,12,33,0,5,0
Tugase Williams,186135,ED,UTAHTC,1,0,0,1285,,,,,,,61.8,,,67.9,0,0,0,0,7,0,0,0,0
Jyvion Curry,186136,S,SAN DIEGO,4,0,0,283,,,,,,,62.7,,,72.0,0,0,0,0,14,8,0,5,0
Owen Adams,186141,K,IDAHO,12,0,0,185,,,,,82.3,,63.0,,,76.3,0,0,0,0,49,0,0,0,2
Cale Allen,186142,LB,IDAHO,4,0,0,185,,,,,,,64.0,,,68.5,0,0,0,0,24,0,0,0,0
Joshua Barnes,186143,CB,IDAHO,5,0,0,185,59.9,,,,,,56.8,,,69.4,0,0,0,2,6,0,0,6,0
Gus Donnerberg,186149,TE,IDAHO,2,0,0,185,,,,,,,60.0,,,64.3,0,0,0,0,0,8,0,0,0
Trenton Fisher,186152,CB,IDAHO,2,0,0,185,,,,,,,60.6,,,67.7,0,0,0,0,0,0,0,3,0
Owen Forsman,186153,K,IDAHO,4,0,0,185,,,,,76.4,,61.1,,,72.1,0,0,0,0,17,0,0,0,1
Tony Harste,186155,WR,IDAHO,2,0,0,185,,,,,,,60.0,29.3,,64.2,0,0,0,0,0,1,0,2,0
Cruz Hepburn,186156,LB,IDAHO,13,0,0,185,59.6,,66.5,61.8,,,65.5,,,77.2,1,0,13,2,24,40,43,6,2
Matt Irwin,186160,S,IDAHO,7,0,0,185,59.9,,,,,,70.2,,,70.8,0,0,0,2,30,1,1,11,2
Aaron Kinsey,186163,CB,IDAHO,4,0,0,185,,,,,,,65.2,,,67.7,0,0,0,0,22,0,5,0,1
Rocco Koch,186165,QB,IDAHO,1,0,0,185,60.0,,,,,,60.0,,,61.1,0,0,0,1,0,0,0,0,0
Dylin McIntyre,186169,LB,IDAHO,2,0,0,185,,,,,,,61.5,,,65.8,0,0,0,0,4,0,0,0,0
Aiden Nixon,186171,TE,IDAHO,1,0,0,185,,,,,,,49.8,,,67.3,1,0,0,0,7,6,0,0,0
Titus Ringor,186176,DI,IDAHO,1,0,0,185,60.0,,,,,,60.0,,,61.7,0,0,0,1,0,0,0,0,0
Noah West-Baranco,186179,WR,IDAHO,2,0,0,185,,,,,,,60.8,,,64.7,0,0,0,0,1,1,0,1,0
Diezel Wilkinson,186180,S,IDAHO,13,0,0,185,59.0,,,,,,74.7,,,77.1,0,0,0,7,63,0,12,23,3
Janari Boone,186182,S,IDAHO ST,12,1,0,186,59.7,,,,,,66.4,,,80.5,0,1,0,32,52,57,11,33,1
Jaylon Brown,186183,CB,IDAHO ST,9,0,0,186,60.0,,,,,,67.6,,,73.7,0,0,0,2,8,4,8,22,1
Damien Morgan,186190,WR,IDAHO ST,4,0,0,186,,,,,,,58.3,,,67.5,1,0,0,0,21,3,0,0,3
Brady Phillips,186192,DI,IDAHO ST,10,0,0,186,59.1,,76.1,,,,64.8,,,72.7,0,0,49,7,0,0,0,0,0
Spencer Ashby,186194,P,TENN TECH,12,0,0,309,,,66.4,,60.0,,57.0,,67.1,29.9,0,1,51,0,1,0,63,0,0
Colby Bernier,186195,K,TENN TECH,2,0,0,309,,,60.0,,,,60.4,,,60.5,0,0,5,0,0,0,0,0,0
Richard Bryant,186196,CB,TENN TECH,1,0,0,309,60.0,,,,,,61.2,,,64.6,0,0,0,1,9,0,0,0,0
J.D. Dixon,186197,WR,TENN TECH,3,0,0,309,,,,61.8,,,60.3,,,66.6,0,0,0,0,0,6,0,0,0
Monty Hunt,186200,CB,TENN TECH,5,0,0,309,59.7,,,,,,61.1,,,68.0,0,0,0,13,0,0,0,2,0
Tremel Jones,186201,WR,TENN TECH,12,0,0,309,,,,73.8,,,60.2,,,67.9,0,0,0,1,2,45,1,10,0
Bertin Placide,186202,CB,TENN TECH,1,0,0,309,59.8,,,,,,60.2,,,65.0,0,0,0,3,0,0,0,0,0
Lazaro Rodriguez,186203,TE,TENN TECH,10,0,0,309,,,73.3,,,,64.4,,,70.9,0,0,47,0,11,15,0,2,0
Drew Allison,186205,TE,TXAMEA,2,0,0,1139,,,60.0,,,,59.4,,,65.8,0,0,4,0,0,16,13,0,0
Dayan Bilbo,186206,WR,TXAMEA,7,0,0,1139,,,,57.6,,,59.4,43.2,,67.0,0,0,0,0,0,29,0,20,0
Kaleb Coleman,186209,ED,TXAMEA,3,0,0,1139,59.7,,,,,,63.7,,,71.2,0,0,0,1,7,6,0,10,0
Mark Cooper,186210,LB,TXAMEA,1,0,0,1139,,,,,,,66.7,,,66.4,0,0,0,0,5,0,0,0,1
Tyler Daniels,186211,WR,TXAMEA,4,0,0,1139,,,,60.0,,,63.1,,,68.2,0,0,0,0,4,9,0,10,0
Samarion George,186212,DI,TXAMEA,2,0,0,1139,59.4,,,,,,59.6,,,63.6,0,0,0,3,0,0,0,0,0
Robert Graves,186213,DI,TXAMEA,3,0,0,1139,59.4,,,,,,59.9,,,66.2,0,0,0,1,0,2,0,0,0
Tez Jeffery,186217,LB,TXAMEA,1,0,0,1139,,,,,,,60.2,,,62.9,0,0,0,0,2,0,0,0,0
Koby-Sebasyen King,186220,LB,TXAMEA,12,0,1,1139,59.8,,,,,,70.0,,,78.0,0,1,0,12,41,8,0,9,2
Ike Ojukwu,186223,G,TXAMEA,3,0,0,1139,,,61.7,,,,62.0,,,65.4,0,0,8,0,0,0,0,0,0
Brooks Rigney,186225,WR,TXAMEA,12,1,1,1139,,,,,,,59.5,,,41.9,1,1,0,0,50,51,65,28,4
Luke Rodriguez,186228,G,TXAMEA,1,0,0,1139,,,60.0,,,,60.0,,,63.7,0,0,1,0,0,0,0,0,0
Dylan Scott,186230,S,TXAMEA,2,0,0,1139,60.0,,,,,,61.6,,,67.4,0,0,0,2,0,0,0,4,0
Dayeton Sweeting,186231,TE,TXAMEA,12,0,0,1139,,,73.5,,,,64.1,,,65.8,0,0,46,0,1,3,5,0,0
Cole Thrift,186232,T,TXAMEA,3,0,0,1139,,,64.1,,,,62.6,,,70.0,0,0,11,0,0,0,0,0,0
Mekaih Collins,186242,DI,AUSTINPEAY,1,0,0,116,,,,,,,60.0,,,64.7,0,0,0,0,0,0,0,1,0
Stephen Ellison II,186243,S,AUSTINPEAY,9,0,0,116,60.0,,,,,,65.0,,,75.1,0,0,0,6,37,11,0,7,0
Antori Hamilton,186245,DI,AUSTINPEAY,10,0,0,116,59.0,,68.9,,,,62.7,,,72.0,0,0,25,11,0,0,22,7,0
Malachi Harris,186246,G,AUSTINPEAY,11,0,0,116,,,76.1,,,,65.5,,,72.8,0,0,49,0,0,0,7,0,0
Jesse Johnson III,186248,CB,AUSTINPEAY,12,0,1,116,59.3,,,,,,41.3,,,27.2,0,2,0,49,0,0,0,2,0
Jade Kneeland,186251,WR,AUSTINPEAY,1,0,0,116,,,,,,,60.4,,,65.1,0,0,0,0,2,0,0,0,0
Jeffson Locke,186252,ED,AUSTINPEAY,9,2,0,116,59.7,,64.1,,,,67.7,,,73.0,0,0,13,1,35,32,0,9,0
Corey Richardson,186255,HB,AUSTINPEAY,11,0,0,116,,,,59.9,,,66.6,,,79.1,1,0,0,0,27,1,42,21,3
Jase Skoglund,186256,TE,AUSTINPEAY,2,0,0,116,,,,,,,61.1,,,66.5,0,0,0,0,0,2,0,2,0
Lorenzo York,186258,S,AUSTINPEAY,1,0,0,116,59.9,,,,,,60.0,,,63.5,0,0,0,1,0,0,0,0,0
Bryson Adamoh,186259,CB,CENT ARK,1,0,0,132,59.9,,,,,,60.0,,,63.5,0,0,0,1,0,0,0,0,0
Carmilo Allen,186261,ED,CENT ARK,3,0,0,132,59.1,,,,,,60.4,,,67.6,0,0,0,4,0,0,0,2,0
Trace Beard,186263,P,CENT ARK,12,0,0,132,,,,,,,49.8,,67.3,29.1,0,1,0,0,0,0,45,0,1
Brenden Bennett,186264,S,CENT ARK,1,0,0,132,60.0,,,,,,60.0,,,61.1,0,0,0,1,0,0,0,0,0
Mark Dorsey,186272,CB,CENT ARK,12,0,0,132,59.9,,,,,,65.2,,,81.4,1,1,0,14,61,8,27,54,6
Marquel Hambric,186275,CB,CENT ARK,1,0,0,132,,,,,,,60.0,,,64.3,0,0,0,0,0,0,0,1,0
Gavyn Hays,186277,ED,CENT ARK,12,0,0,132,,,,59.6,,,48.8,,,75.7,1,0,0,0,0,69,26,57,0
John Jackson,186281,DI,CENT ARK,10,0,0,132,58.2,,,,,,58.2,,,65.9,0,0,0,16,0,0,0,1,0
Reid Jones,186285,DI,CENT ARK,1,0,0,132,59.6,,,,,,59.8,,,62.0,0,0,0,1,0,0,0,0,0
Kealen Juniel,186288,TE,CENT ARK,6,0,0,132,,,65.5,59.9,,,62.2,,,66.2,0,0,16,0,0,8,0,0,0
Jackson Kostmayer,186289,TE,CENT ARK,4,0,0,132,,,67.8,,,,62.9,,,61.0,0,0,22,0,0,0,0,0,0
Arlie Lee,186290,WR,CENT ARK,3,0,0,132,,,,,,,67.2,,,69.6,0,0,0,0,2,6,0,0,1
Ja'Bauree Lockhart,186291,S,CENT ARK,2,0,0,132,59.9,,,,,,62.3,,,68.3,0,0,0,1,0,0,0,4,0
Jacoby McQuiller,186293,CB,CENT ARK,10,1,0,132,59.9,,,,,,74.6,,,71.3,1,0,0,3,57,0,0,0,6
Tylan Sherdon,186302,T,CENT ARK,1,0,0,132,,,,,,,60.0,,,63.0,0,0,0,0,0,1,0,0,0
Ashtyn Williams,186307,LB,CENT ARK,12,3,0,132,60.1,,,,,,57.2,,,28.2,0,5,0,2,52,69,0,57,5
Jabreal Woodall,186315,DI,CENT ARK,1,0,0,132,59.3,,,,,,59.6,,,61.6,0,0,0,1,0,0,0,0,0
Wyatt Bernard,186317,LS,HOWARD,12,0,0,184,,,83.7,,,77.9,70.3,,,67.1,0,0,41,0,0,0,54,0,1
Kaydon Degraffenreid,186320,ED,HOWARD,12,0,0,184,60.0,,,,,,64.2,,,56.8,0,1,0,1,40,54,0,26,1
Rufus Ferguson II,186321,LB,HOWARD,1,0,0,184,59.8,,,,,,61.9,,,68.7,0,0,0,3,0,0,0,5,0
Travis Kerney,186325,HB,HOWARD,2,0,0,184,,,,,,,61.3,,,69.8,0,0,0,0,0,10,0,6,0
Mika Levy,186326,K,HOWARD,4,0,0,184,,,,,63.5,,60.4,,,70.7,1,0,0,0,11,0,0,0,0
Israel Lucas,186327,DI,HOWARD,2,0,0,184,59.6,,,,,,61.9,,,69.3,0,0,0,1,0,0,0,5,0
KD Mosley,186328,TE,HOWARD,6,0,0,184,,,60.0,,,,60.8,,,70.1,0,0,1,0,0,14,0,4,0
Anthony Reagan Jr.,186331,HB,HOWARD,12,0,0,184,60.1,,,65.4,,,59.1,,,66.2,0,0,0,3,0,60,1,0,0
Billy Roberson II,186332,HB,HOWARD,2,0,0,184,,,,59.9,,,60.1,,,68.0,0,0,0,0,0,13,0,0,0
Peyton Rogers,186333,DI,HOWARD,1,0,0,184,59.6,,,,,,59.8,,,62.0,0,0,0,1,0,0,0,0,0
Ja'Quavion Smith,186334,LB,HOWARD,11,0,0,184,60.1,,,,,,66.1,,,76.6,0,0,0,3,13,47,0,9,1
Cameron Stevenson Jr.,186335,DI,HOWARD,2,0,0,184,59.7,,60.0,,,,61.5,,,65.5,0,0,3,1,0,0,0,1,0
Zuri Watson,186338,CB,HOWARD,4,0,0,184,60.0,,,,,,63.4,,,68.7,0,0,0,1,1,0,0,12,0
Matthew White,186339,HB,HOWARD,4,0,0,184,,,,,,,60.7,,,68.6,0,0,0,0,2,13,0,0,0
Dominic Williams,186340,ED,HOWARD,2,0,0,184,59.7,,,,,,60.5,,,65.6,0,0,0,1,0,0,0,1,0
Parker Andrus,186344,DI,SO UTAH,9,0,0,298,58.4,,,,,,58.9,,,68.2,0,0,0,40,0,0,0,3,0
Khameron Athy,186347,HB,SO UTAH,8,0,0,298,,,,47.2,,,64.0,,,72.2,0,0,0,0,37,26,7,3,0
Shane Carr,186353,WR,SO UTAH,6,0,0,298,59.9,,,,,,54.7,,,73.4,1,0,0,1,0,0,25,3,0
Tiloi Nawahine,186361,CB,SO UTAH,1,0,0,298,,,,,,,38.9,,,66.4,1,0,0,0,4,0,6,1,0
Jayden Robertson,186364,CB,SO UTAH,8,0,0,298,59.9,,,,,,46.6,,,28.3,0,1,0,1,0,6,0,23,0
Jayden Rogers,186365,K,SO UTAH,9,0,0,298,,68.1,,,75.8,,62.3,,,71.1,0,0,44,0,23,0,0,0,1
Baron Taylor,186369,S,SO UTAH,9,0,0,298,60.0,,,,,,63.4,,,72.7,0,0,0,2,0,33,0,12,0
Tyler White,186376,FB,SO UTAH,1,0,0,298,,,60.0,,,,60.8,,,62.7,0,0,4,0,0,0,0,0,0
David Avit,186379,HB,VILLANOVA,1,0,0,334,,,,,,,59.9,,,64.3,0,0,0,0,0,2,0,0,0
Brandon Binkowski,186381,WR,VILLANOVA,1,0,0,334,,,,,,,60.1,,,64.0,0,0,0,0,0,3,0,0,0
Damill Bostic Jr.,186382,CB,VILLANOVA,3,0,0,334,,,,,,,63.8,,,72.9,0,0,0,0,0,0,0,16,0
Omari Bursey,186384,LB,VILLANOVA,5,0,0,334,,,,,,,66.1,,,71.7,0,0,0,0,5,25,0,8,0
Chris Colby,186385,WR,VILLANOVA,1,0,0,334,,,,,,,60.0,,,63.3,0,0,0,0,0,0,1,0,0
Ryan Cregan,186387,T,VILLANOVA,5,0,0,334,,,64.1,,,,60.0,,,64.0,0,0,13,0,0,0,2,0,0
Newton Essiem,186389,CB,VILLANOVA,9,0,0,334,59.8,,,,,,64.1,,,76.9,0,0,0,3,0,0,0,34,0
Anthony Hawkins,186390,CB,VILLANOVA,4,0,1,334,,,,,,,29.5,,,27.5,0,2,0,0,0,0,0,17,0
Lucas Kopecky,186392,WR,VILLANOVA,4,0,0,334,,,61.5,,,,58.6,,,62.6,0,0,13,0,0,0,2,0,0
Jamie Tyson,186400,CB,VILLANOVA,6,0,0,334,,,,,,,63.0,,,71.6,0,0,0,0,0,2,0,18,0
Troy Beverly,186505,G,W GEORGIA,5,0,0,1177,,,73.5,,,,64.6,,,68.6,0,0,33,0,0,0,0,0,0
Cael Bright,186509,CB,W GEORGIA,2,0,0,1177,,,,,,,65.1,,,76.1,0,0,0,0,3,10,0,10,0
Jay Carter,186515,LB,W GEORGIA,11,0,0,1177,59.6,,,,,,58.3,,,74.0,1,0,0,42,9,1,13,14,0
Tyler Davalos,186519,K,W GEORGIA,2,0,0,1177,,63.2,,,58.8,,60.7,,,69.9,0,0,4,0,11,0,0,0,0
Festus Davies,186520,ED,W GEORGIA,4,0,0,1177,59.7,,,,,,62.5,,,66.7,0,0,0,1,1,0,0,7,0
Ravon Grant,186529,WR,W GEORGIA,1,0,0,1177,,,,,,,61.9,,,66.5,0,0,0,0,8,5,0,3,0
Jacob King,186540,G,W GEORGIA,5,0,0,1177,,,71.9,,,,64.5,,,73.6,0,0,35,0,0,0,0,0,0
Reilly Mason,186543,P,W GEORGIA,10,0,0,1177,,,65.4,,,,63.1,,61.9,72.4,0,0,39,0,0,0,50,0,0
Jerry Mays,186545,TE,W GEORGIA,11,1,0,1177,,,,,,,64.1,,,83.5,2,0,0,0,68,58,50,58,4
Jeff Miller,186550,T,W GEORGIA,6,0,0,1177,,,69.8,,,,64.0,,,73.0,0,0,26,0,0,0,0,0,0
Rajaez Mosley,186554,HB,W GEORGIA,10,0,0,1177,,,,54.7,,,59.7,,,64.1,0,0,0,0,0,44,0,0,0
Latrelle Murrell,186555,HB,W GEORGIA,9,0,0,1177,,,,,,,61.6,,,32.4,0,1,0,0,45,9,3,45,2
Reed Reagin,186562,LS,W GEORGIA,11,0,0,1177,,,88.4,,,83.9,72.4,,,65.1,0,0,62,0,0,0,18,0,0
Sam Regina,186563,G,W GEORGIA,7,0,0,1177,,,73.6,,,,64.9,,,72.1,0,0,35,0,0,0,0,0,0
Anthony Rochester,186566,S,W GEORGIA,7,0,0,1177,60.0,,,59.9,,,74.1,,,71.4,0,0,0,17,25,3,0,19,3
Jaden Stanley,186571,ED,W GEORGIA,3,0,0,1177,59.2,,,,,,61.7,,,67.4,0,0,0,15,0,0,0,9,0
Micah Thurman,186573,LB,W GEORGIA,11,1,0,1177,59.9,,,,,,76.2,,,81.0,0,0,0,28,67,11,49,12,5
Bryson Wilson,186584,G,W GEORGIA,4,0,0,1177,,,69.9,,,,63.5,,,63.6,0,0,20,0,0,0,0,0,0
Carson Yancy,186585,CB,W GEORGIA,6,0,0,1177,60.1,,,,,,53.6,,,73.0,1,0,0,6,16,0,0,1,0
Cameron Barmore,186590,WR,MERCYHURST,8,0,0,977,60.0,,70.6,,,,64.9,,,64.3,0,0,32,1,3,2,0,0,0
Tyler Benedict,186592,LB,MERCYHURST,7,0,0,977,60.0,,,,,,60.4,,,73.0,0,0,0,8,4,3,11,0,0
Maddox Bernadino,186593,WR,MERCYHURST,5,0,0,977,,,,,,,64.4,,,70.3,0,0,0,0,0,0,1,13,0
Andrew Bernard,186594,C,MERCYHURST,11,0,0,977,,,75.3,,,,59.2,,,28.6,0,1,44,0,0,0,0,0,0
Elijah Binakonsky,186595,CB,MERCYHURST,11,3,0,977,60.1,,,59.6,,,75.6,,,81.5,0,0,0,4,51,59,32,26,2
Braydon Black,186596,WR,MERCYHURST,4,0,0,977,,,,55.1,,,70.2,69.7,,65.0,0,0,0,0,9,13,0,2,2
Aaron Bowen,186597,G,MERCYHURST,1,0,0,977,,,60.0,,,,60.0,,,61.6,0,0,1,0,0,0,0,0,0
Camariyon Bridges,186598,CB,MERCYHURST,8,0,0,977,59.8,,,,,,62.6,,,75.0,0,0,0,2,0,41,0,14,0
Tyler Buterbaugh,186603,LB,MERCYHURST,11,0,0,977,59.8,,62.2,,,,71.9,,,44.7,0,1,10,42,58,44,25,30,8
Patrick Carter,186605,ED,MERCYHURST,3,0,0,977,59.3,,,,,,59.1,,,65.2,0,0,0,4,0,0,3,0,0
Spencer Davis,186609,G,MERCYHURST,5,0,0,977,,,70.3,,,,64.2,,,73.4,0,0,28,0,0,0,0,0,0
Rylan Davison,186611,WR,MERCYHURST,8,0,0,977,,,,,,,63.5,,,72.3,0,0,0,0,0,42,0,15,0
Joe Dombkowski,186613,CB,MERCYHURST,1,0,0,977,,,,,,,60.0,,,66.1,0,0,0,0,0,0,0,2,0
Dylan Ellenberger,186614,T,MERCYHURST,4,0,0,977,,,66.7,,,,63.0,,,64.9,0,0,22,0,0,0,0,0,0
Dillon Ferretti,186616,LB,MERCYHURST,10,0,0,977,60.0,,,,,,78.5,,,75.2,0,0,0,8,50,0,33,3,7
Blaze Grabowsky,186622,LB,MERCYHURST,1,0,0,977,,,,,,,63.9,,,68.9,0,0,0,0,0,1,0,7,0
Zack Helsley,186625,S,MERCYHURST,10,1,0,977,59.7,,,,,,68.2,,,71.4,2,0,0,47,51,3,33,0,6
Zach Hill,186628,LB,MERCYHURST,10,0,0,977,59.8,,60.0,,,,57.3,,,69.5,1,0,2,42,6,4,33,3,0
Blake Hoegler,186629,T,MERCYHURST,7,0,0,977,,,71.6,,,,63.9,,,64.1,0,0,26,0,0,0,0,0,0
Josh Humphries,186630,CB,MERCYHURST,7,1,0,977,59.8,,,59.9,,,71.8,,,78.2,0,0,0,2,26,35,8,13,2
Joe Kerbacher,186634,WR,MERCYHURST,2,0,0,977,59.8,,,59.6,,,60.0,62.2,,65.4,0,0,0,2,0,5,0,3,0
Austin Kim,186635,QB,MERCYHURST,11,0,0,977,,,65.9,,,,61.9,,,61.6,0,0,44,0,0,0,0,0,0
Jonas King,186636,ED,MERCYHURST,10,0,0,977,58.6,,68.7,,,,60.5,,,66.3,0,0,25,30,0,1,0,0,0
Jeff Leavell,186637,LB,MERCYHURST,10,0,0,977,59.9,,,,,,67.5,,,78.7,1,0,0,9,44,40,30,28,3
Adrian Lewis,186638,ED,MERCYHURST,9,0,0,977,58.8,,,,,,61.1,,,68.9,0,1,0,20,9,5,0,7,0
Aidan Lin,186639,LS,MERCYHURST,11,0,0,977,,,84.5,,,29.7,49.2,,,66.2,0,0,44,0,0,0,33,0,0
Anthony Mackey,186643,S,MERCYHURST,9,0,0,977,59.5,,,,,,62.3,,,67.4,0,0,0,43,19,5,0,2,1
Max Malis,186644,DI,MERCYHURST,9,0,0,977,57.9,,62.3,,,,58.8,,,70.2,0,0,11,28,0,1,0,0,0
Keonn Mallett,186645,CB,MERCYHURST,3,0,0,977,59.9,,,,,,59.9,,,65.3,0,0,0,1,0,5,0,0,0
Ramon McAndrews,186648,DI,MERCYHURST,6,0,0,977,59.0,,60.0,,,,60.5,,,64.7,0,0,9,5,0,0,0,0,0
Dominic McGhee,186649,CB,MERCYHURST,8,1,0,977,60.0,,,,,,71.0,,,71.2,0,0,0,22,0,0,7,3,0
Garrett McGuire,186650,P,MERCYHURST,3,0,0,977,,,,,,,60.1,,56.9,67.7,0,1,0,0,0,0,5,0,0
Colin Melendez,186651,TE,MERCYHURST,5,0,0,977,,,60.0,,,,60.3,,,65.6,0,0,2,0,0,14,0,0,0
Jerome Mullins,186657,CB,MERCYHURST,5,0,0,977,,,,,,,56.8,,,73.2,1,0,0,0,9,0,7,16,0
Nathan Nagucki,186658,K,MERCYHURST,11,0,0,977,,63.6,,,52.0,,61.8,,,68.9,0,1,44,0,9,0,0,0,0
Nevan Novitski,186660,ED,MERCYHURST,8,0,0,977,58.9,,60.9,,,,61.2,,,70.7,0,0,8,23,15,5,3,0,0
Collin Null,186661,G,MERCYHURST,5,0,0,977,,,70.3,,,,54.2,,,27.1,0,1,21,0,0,0,0,0,0
Mike Pappas,186663,TE,MERCYHURST,4,0,0,977,,,,,,,60.5,,,69.6,0,0,0,0,2,12,3,0,0
Samuel Petros,186664,T,MERCYHURST,2,0,0,977,,,60.0,,,,61.1,,,67.8,0,0,4,0,0,0,0,0,0
Russell Pytlak,186670,TE,MERCYHURST,7,0,0,977,,,66.2,,,,62.9,,,74.0,0,0,18,0,12,30,0,0,0
Xavier Reyda,186671,T,MERCYHURST,4,0,0,977,,,63.9,,,,63.0,,,69.1,0,0,14,0,0,0,0,0,0
Ayron Rodriguez,186672,HB,MERCYHURST,9,0,0,977,,,,58.8,,,61.5,,,69.1,0,0,0,0,1,31,0,0,0
James Royal,186673,DI,MERCYHURST,8,0,0,977,58.3,,60.0,,,,58.9,,,67.2,0,0,6,19,0,0,0,0,0
Landen Weis,186687,LB,MERCYHURST,2,1,0,977,60.0,,,,,,69.1,,,65.5,0,0,0,1,2,0,0,0,0
Ryan Welch,186688,T,MERCYHURST,1,0,0,977,,,60.0,,,,60.0,,,64.5,0,0,1,0,0,0,0,0,0
Camden White,186689,ED,MERCYHURST,11,0,0,977,58.8,,69.2,,,,61.0,,,68.6,0,0,30,30,0,17,0,0,0
Ibrahim Sanogo,186722,ED,ALBANY,11,0,0,106,59.4,,,,,,60.9,,,67.2,0,0,0,20,0,0,0,5,0
Irekefe Oweh,186826,CB,MONMOUTH,3,0,0,231,60.0,,,,,,62.2,,,71.5,1,0,0,2,14,0,0,5,1
Chaz Davis,186903,WR,MERCYHURST,10,0,0,977,,,61.7,59.6,,,60.7,58.9,,66.1,0,0,9,0,0,46,0,28,0
Donovan Warren,186913,P,JACKSON ST,3,0,0,194,,,60.0,,57.0,,61.3,,60.0,71.8,0,0,1,0,16,0,1,0,0
Joshua Darisme,187312,DI,ROB MORRIS,11,0,0,277,58.3,,,,,,58.4,,,70.7,0,0,0,31,0,0,0,10,0
James Bozek,187401,K,ALBANY,12,0,0,106,,60.0,,,69.0,,63.1,,,76.3,0,0,2,0,50,0,0,0,0
Terrell Dudley,187903,LB,NC A&T,7,1,0,246,59.6,,,,,,60.6,,,69.1,0,0,0,25,25,0,3,0,0
Clark Miller,187932,LS,BRYANT,12,0,0,124,,,83.9,,,87.1,78.9,,,67.1,0,0,42,0,0,0,55,0,1
Jayden Benjamin,188050,G,W GEORGIA,4,0,0,1177,,,68.9,,,,63.5,,,66.2,0,0,25,0,0,0,0,0,0
John Cineas,188054,CB,W GEORGIA,4,0,0,1177,59.8,,,,,,55.2,,,28.9,0,1,0,2,11,10,0,5,0
DK Daniel,188055,WR,W GEORGIA,2,0,0,1177,,,,,,,63.1,,,72.0,0,0,0,0,0,12,0,10,0
Jordan Dees,188056,WR,W GEORGIA,4,0,0,1177,,,,59.9,,,63.0,,,73.1,0,0,0,0,0,21,0,8,0
Andrew Dixon,188058,DI,W GEORGIA,1,0,0,1177,59.4,,,,,,59.6,,,62.5,0,0,0,2,0,0,0,0,0
Bryce Hicks,188064,HB,W GEORGIA,3,0,0,1177,,,,57.4,,,64.2,60.0,,69.7,0,0,0,0,0,11,0,9,0
Jakyre Horton,188065,S,W GEORGIA,3,0,0,1177,,,,,,,62.9,,,68.4,0,0,0,0,0,3,0,5,0
Jordan Jackson,188067,WR,W GEORGIA,1,0,0,1177,,,,,,,60.0,,,61.2,0,0,0,0,0,1,0,0,0
Myti Johnson,188068,CB,W GEORGIA,3,0,0,1177,59.8,,,,,,67.5,,,70.8,0,0,0,5,3,0,0,14,1
Kourtney Kelly,188069,ED,W GEORGIA,1,0,0,1177,59.6,,,,,,59.8,,,62.5,0,0,0,1,0,0,0,0,0
Malachi Kemp,188070,ED,W GEORGIA,3,0,0,1177,,,,,,,31.8,,,26.2,0,1,0,0,0,2,0,5,0
Mason Maddox,188073,K,W GEORGIA,10,0,0,1177,,51.5,,,64.7,,63.3,,,76.8,0,0,3,0,57,0,0,0,0
Tre'Shawn Moore,188075,S,W GEORGIA,11,3,0,1177,59.9,,,59.9,,,64.5,,,51.5,2,1,0,11,54,49,39,55,3
Cam Moore,188076,DI,W GEORGIA,4,0,0,1177,58.8,,,,,,59.1,,,64.9,0,0,0,7,0,0,0,1,0
Qua Moss,188077,S,W GEORGIA,11,0,0,1177,59.8,,,59.4,,,53.6,80.8,,28.8,0,1,0,45,29,6,0,18,0
Devion Newson,188078,WR,W GEORGIA,10,0,0,1177,,,,,,,68.8,,,75.1,0,0,0,0,4,0,47,0,2
Jamarcus Prince,188082,WR,W GEORGIA,4,0,0,1177,,,,,,,43.9,,,76.9,0,2,0,0,0,20,0,20,0
Jamie Speight,188085,LB,W GEORGIA,11,1,0,1177,60.1,,,,,,64.1,,,39.6,0,1,0,2,37,46,0,56,3
Skyler Vega,188087,LB,W GEORGIA,1,0,0,1177,,,,,,,60.0,,,63.9,0,0,0,0,0,0,0,1,0
Da'Sean Anderson,188089,CB,MERCYHURST,3,0,0,977,,,,,,,61.0,,,67.4,0,0,0,0,3,13,0,2,0
Jonathan Askew,188090,HB,MERCYHURST,3,0,0,977,,,,,,,90.9,,,73.7,0,0,0,0,17,0,0,8,1
Braylon Beckwith,188092,S,MERCYHURST,8,0,0,977,59.8,,,,,,72.1,,,73.5,0,0,0,13,33,18,9,2,2
Corey Cobb Jr.,188095,LB,MERCYHURST,2,0,0,977,,,,,,,67.6,,,71.3,0,0,0,0,3,1,0,7,1
Nathan Edeza,188096,DI,MERCYHURST,3,0,0,977,,,62.0,,,,61.9,,,62.8,0,0,6,0,0,0,0,0,0
Malte Feil,188097,WR,MERCYHURST,2,0,0,977,,,,,,,61.8,,,70.3,0,0,0,0,0,0,4,5,0
Shakile Ferguson,188098,WR,MERCYHURST,2,0,0,977,,,,,,,36.4,,,26.1,0,1,0,0,2,0,5,3,0
Deveyon Fitzgerald,188099,WR,MERCYHURST,3,0,0,977,,,,,,,61.3,,,70.9,0,0,0,0,0,5,8,5,0
Isaiah Gonzalez,188100,TE,MERCYHURST,1,0,0,977,,,,,,,61.0,,,67.9,0,0,0,0,0,2,0,2,0
Mark Hawkins Jr.,188101,S,MERCYHURST,3,0,1,977,,,,,,,66.5,,,27.6,0,1,0,0,15,1,4,8,3
Jaiden Hill,188102,CB,MERCYHURST,9,0,0,977,59.6,,,,,,61.4,,,73.8,1,0,0,18,15,10,0,24,1
Khalil Jackson,188103,DI,MERCYHURST,1,0,0,977,59.6,,,,,,59.8,,,62.0,0,0,0,1,0,0,0,0,0
Anez Jordan,188105,CB,MERCYHURST,3,1,0,977,59.9,,,,,,69.7,,,88.9,0,0,0,2,6,5,3,3,0
Kaedon Kline,188108,K,MERCYHURST,10,0,0,977,,,,,57.6,,63.2,,,76.7,1,0,0,0,53,0,0,0,0
Amare Lattimore,188110,WR,MERCYHURST,1,0,0,977,,,,,,,59.7,,,64.6,0,0,0,0,0,3,0,0,0
Adonis Marshall,188112,CB,MERCYHURST,8,0,0,977,60.0,,,,,,64.9,,,69.8,0,0,0,21,1,1,0,2,1
Hunter Pittman,188119,P,MERCYHURST,9,0,0,977,,,,,,,62.2,,55.9,72.0,0,1,0,0,0,0,28,0,0
Will Thomas IV,188122,S,MERCYHURST,10,0,1,977,60.0,,,,,,63.0,,,43.8,0,1,0,39,29,15,14,10,2
Evan Van Dyke,188124,WR,MERCYHURST,2,0,0,977,,,,,,,75.8,,,67.1,0,0,0,0,0,0,3,0,1
Alejandro Vazquez,188126,TE,MERCYHURST,3,0,0,977,,,,,,,42.9,,,63.6,1,0,0,0,1,3,0,0,0
Nicholas Williams,188128,CB,MERCYHURST,2,0,0,977,,,,59.9,,,61.9,,,67.9,0,0,0,0,2,1,2,7,0
Travell Wright,188133,LB,MERCYHURST,11,1,0,977,59.6,,,59.9,,,71.1,60.3,,36.8,1,1,0,3,49,44,0,30,4
Evan Wynn,188530,LB,CHARLES SO,10,0,0,135,,,,,,,70.6,,,78.8,0,0,0,0,30,38,1,15,1
Luke Barnes,188531,K,ELON,6,0,0,162,,67.8,,,,,60.9,,,66.0,0,0,31,0,0,0,0,0,0
Kahmari Brown,188533,ED,ELON,7,0,0,162,59.0,,,,,,59.1,,,65.4,0,0,0,10,0,0,0,0,0
Isaiah Fuhrmann,188538,WR,ELON,1,0,0,162,,,,,,,62.8,,,68.4,0,0,0,0,5,3,0,5,0
Landon Herzberg,188541,S,ELON,1,0,0,162,,,,,,,62.1,,,66.8,0,0,0,0,0,0,0,4,0
Ross Smith,188549,S,ELON,7,0,0,162,59.9,,,,,,61.7,,,69.1,0,0,0,5,16,3,4,3,0
TJ Thomas,188550,HB,ELON,7,0,0,162,,,,59.7,,,59.5,,,64.3,0,0,0,0,0,27,0,0,0
Malakahi West,188551,ED,ELON,2,0,0,162,,,,,,,50.6,,,66.4,1,0,0,0,6,7,0,0,0
Antonio Butts Jr.,188553,LB,MERCER,2,0,0,219,,,,,,,63.0,,,70.2,0,0,0,0,3,0,0,5,0
Tyler Murray,188565,G,MERCER,14,0,0,219,,,79.5,,,66.0,66.9,,,74.9,0,0,75,0,0,0,0,0,0
Kelin Parsons,188567,WR,MERCER,10,0,0,219,,,,,,,56.0,,,76.3,1,0,0,0,3,3,48,1,0
Luke Schultz,188569,T,MERCER,3,0,0,219,,,64.2,,,,63.1,,,70.3,0,0,14,0,0,0,0,0,0
Andrew Zock,188573,ED,MERCER,13,0,0,219,59.8,,,,,,64.2,,,75.9,0,0,0,33,0,23,0,25,0
Luke Baldwin,188576,TE,TOWSON,1,0,0,317,,,,,,,60.1,,,64.8,0,0,0,0,0,2,0,0,0
Tre Birch,188577,DI,TOWSON,1,0,0,317,59.6,,,,,,59.8,,,62.0,0,0,0,1,0,0,0,0,0
Emiril Gant,188580,CB,TOWSON,7,0,0,317,59.3,,,,,,61.6,,,73.6,0,0,0,31,11,6,3,17,0
TJ Sands,188586,CB,TOWSON,4,1,0,317,,,,,,,35.9,,,28.0,1,2,0,0,23,0,0,16,0
Prabdeep Singh-Mann,188587,LB,TOWSON,3,0,0,317,,,,,,,61.1,,,65.5,0,0,0,0,4,0,0,0,0
Kam Snell,188588,S,TOWSON,12,0,0,317,59.9,,,,,,61.9,,,68.9,0,0,0,39,0,1,0,10,0
JR Stegall,188590,ED,TOWSON,12,0,0,317,59.7,,74.9,,,,65.5,,,75.3,0,0,51,2,0,0,0,0,0
Alfred Thomas,188591,LB,TOWSON,12,1,0,317,60.1,,,59.9,,,71.9,,,81.3,1,0,0,56,65,46,0,40,5
Nayad Walker,188594,WR,TOWSON,2,0,0,317,,,,,,,61.3,,,66.5,0,0,0,0,0,0,0,12,0
Isaiah Yates,188595,LB,TOWSON,4,0,0,317,,,,,,,65.2,,,73.1,0,0,0,0,8,0,1,9,0
Jacob Zollar,188596,WR,TOWSON,7,0,0,317,,,,59.9,,,41.9,,,29.1,1,1,0,0,0,1,3,20,0
Darrell Gordon,188601,S,HOUCHR,2,0,0,183,,,,,,,29.9,,,26.5,0,2,0,0,0,12,0,15,0
Elijah Harris,188602,HB,HOUCHR,2,0,0,183,,,,,,,60.3,,,66.2,0,0,0,0,2,0,0,0,0
Isaiah James-Travis,188603,WR,HOUCHR,1,0,0,183,,,,,,,60.1,,,67.0,0,0,0,0,0,0,0,2,0
Isaiah Johnson,188604,ED,HOUCHR,1,0,0,183,60.0,,,,,,60.0,,,61.7,0,0,0,1,0,0,0,0,0
Zavier Lewis,188606,CB,HOUCHR,1,0,0,183,59.8,,,,,,60.0,,,62.7,0,0,0,1,0,0,0,0,0
TJ Smith,188609,LB,HOUCHR,10,0,0,183,59.7,,,,,,59.8,,,72.5,0,0,0,7,12,16,28,0,1
Josiah Stuard,188610,LB,HOUCHR,3,0,0,183,,,,,,,61.6,,,68.5,0,0,0,0,11,0,6,0,0
Jalen Ballard,188612,P,JACKSON ST,5,0,0,194,,,,,66.7,,62.2,,,74.5,0,0,0,0,32,0,0,0,0
Mason Barton,188614,T,JACKSON ST,8,0,0,194,,,75.5,,,,65.8,,,74.5,0,0,56,0,0,0,0,0,0
Kobe Boykin,188615,HB,JACKSON ST,2,0,0,194,,,,59.6,,,60.0,,,64.4,0,0,0,0,0,7,0,0,0
KJ Chisholm Jr.,188617,CB,JACKSON ST,11,0,0,194,59.7,,,,,,55.0,,,75.7,2,0,0,11,18,15,12,26,0
Xavion Davis,188619,G,JACKSON ST,13,0,0,194,,,80.9,,,,66.7,,,66.0,0,0,82,0,0,0,0,0,0
Ja'Naylon Dupree,188620,WR,JACKSON ST,12,0,0,194,,,,61.7,,,60.2,49.0,,69.3,0,0,0,0,0,40,0,20,0
Brandon Mitchell,188622,CB,JACKSON ST,1,0,0,194,,,,,,,59.7,,,66.6,0,0,0,0,0,0,3,0,0
Antonio Ross Jr.,188624,G,JACKSON ST,1,0,0,194,,,64.8,,,,62.4,,,62.5,0,0,9,0,0,0,0,0,0
Mike Smith III,188625,CB,JACKSON ST,11,2,0,194,59.8,,,,,,59.7,60.3,,48.7,0,2,0,2,81,7,3,37,5
Travis Terrell Jr.,188626,HB,JACKSON ST,13,0,0,194,,,,91.5,,,54.2,67.5,,68.2,0,1,0,0,0,53,0,58,0
Brian Williams Jr.,188628,G,JACKSON ST,8,0,0,194,,,74.4,,,,64.7,,,66.6,0,0,56,0,0,0,0,0,0
Bruno Zandamela,188629,G,JACKSON ST,2,0,0,194,,,60.3,,,,62.3,,,68.6,0,0,9,0,0,0,0,0,0
Fisher Brown,188633,P,UTAHTC,1,0,0,1285,,,,,,,60.0,,,60.0,0,0,0,0,0,0,0,2,0
Cody Carlson,188635,DI,UTAHTC,11,0,0,1285,58.5,,,,,,58.9,,,71.2,0,0,0,36,0,0,0,9,0
Asa Chatman,188636,HB,UTAHTC,1,0,0,1285,,,,,,,61.5,,,64.6,0,0,0,0,5,0,0,0,0
Brandon Jackson,188641,DI,UTAHTC,3,0,0,1285,59.4,,,,,,59.6,,,63.8,0,0,0,3,0,0,0,0,0
River Moore,188646,CB,UTAHTC,4,0,0,1285,,,,,,,65.6,,,68.1,0,0,0,0,12,0,9,1,1
Kyle Parker,188647,CB,UTAHTC,3,0,0,1285,60.0,,,,,,62.0,,,78.9,0,0,0,1,1,0,2,2,0
Trey Price,188649,G,UTAHTC,6,0,0,1285,,,69.2,,,,63.7,,,69.1,0,0,26,0,0,0,0,0,0
Josh Rillos,188651,WR,UTAHTC,5,0,0,1285,,,,,,,60.0,,,70.8,0,0,0,0,5,11,15,0,0
Jace Sweeten,188653,LB,UTAHTC,9,0,0,1285,60.0,,,59.9,,,60.2,,,75.4,3,0,0,1,31,48,47,20,3
Jacob Zarate,188657,T,UTAHTC,8,0,0,1285,,,65.8,,,,60.4,,,67.8,0,0,20,0,0,0,69,0,0
Isaiah Nell,188659,HB,WOFFORD,1,0,0,350,,,,,,,60.3,,,65.4,0,0,0,0,0,0,0,2,0
Jake O'Donoghue,188761,G,DELAWARE,1,0,0,151,,,60.0,,,,60.0,,,61.0,0,0,1,0,0,0,0,0,0
Mysonne Pollard,188762,S,DELAWARE,11,1,0,151,90.7,,,65.6,,,91.6,,,72.1,0,0,0,37,60,30,0,6,5
Carter Sareyka,188765,T,DELAWARE,1,0,0,151,,,60.0,,,,60.0,,,61.6,0,0,1,0,0,0,0,0,0
Carson Shockley,188766,ED,DELAWARE,1,0,0,151,,,,,,,59.8,,,64.7,0,0,0,0,0,0,0,1,0
Khiryn Boyd,188786,WR,DUQUESNE,3,1,0,155,,,,59.4,,,69.7,,,70.4,0,0,0,0,0,22,4,0,0
Cam Frazier,188790,CB,DUQUESNE,3,0,0,155,,,,59.6,,,75.1,,,64.9,0,0,0,0,10,2,0,0,3
Dazhaun Hopkins,188793,HB,DUQUESNE,3,0,0,155,,,,59.1,,,59.8,,,64.7,0,0,0,0,0,5,1,0,0
Nathan Keogh,188796,LB,DUQUESNE,2,0,0,155,,,,,,,60.6,,,70.0,0,0,0,0,0,14,2,0,0
Carter Lance,188798,DI,DUQUESNE,8,0,0,155,59.1,,,,,,58.6,,,68.2,0,0,0,6,0,0,30,4,0
Adrian Ramirez,188802,ED,DUQUESNE,9,0,0,155,58.6,,,,,,59.4,,,66.6,0,0,0,21,3,0,0,2,0
Quan Rhodes-McKee,188803,LB,DUQUESNE,1,0,0,155,,,,,,,60.0,,,63.6,0,0,0,0,1,0,0,0,0
Lexington Hunter,188905,WR,CENT CT ST,2,0,0,133,,,,,,,35.1,,,25.4,0,1,0,0,6,3,0,0,0
Christian Lewis,188907,LB,CENT CT ST,1,0,0,133,,,,,,,61.4,,,64.0,0,0,0,0,4,0,0,0,0
Stylz Mitchell,188910,S,CENT CT ST,3,0,0,133,59.9,,,,,,46.1,,,68.1,0,0,0,1,2,0,3,5,0
Kyle Parkes,188911,LB,CENT CT ST,2,0,0,133,,,,,,,61.5,,,67.7,0,0,0,0,0,0,0,4,0
Jacob Rand,188912,CB,CENT CT ST,2,0,0,133,,,,,,,61.6,,,69.0,0,0,0,0,5,3,0,0,0
Jaden Sasu,188914,CB,CENT CT ST,2,0,0,133,,,,,,,62.6,,,68.9,0,0,0,0,7,3,0,6,0
Jacob Staton,188917,LB,CENT CT ST,4,0,0,133,60.0,,,,,,55.1,,,73.3,0,0,0,1,19,24,0,0,0
Kyon Wynter,188920,DI,CENT CT ST,1,0,0,133,,,60.0,,,,60.0,,,61.3,0,0,2,0,0,0,0,0,0
Michael Carlock-Williams,188921,WR,NC A&T,1,0,0,246,,,,,,,60.0,,,64.6,0,0,0,0,1,0,0,0,0
Cortez Lane,188922,WR,NC A&T,10,0,0,246,,,,62.8,,,46.3,,,27.7,0,1,0,0,0,45,0,3,0
Tre Mittman,188923,S,NC A&T,10,0,0,246,59.6,,,,,,59.3,,,71.2,0,0,0,43,9,0,0,21,0
Khristian Tyson,188925,S,NC A&T,5,0,0,246,,,,52.4,,,49.4,,,75.3,3,0,0,0,11,21,14,12,1
Javawn Brooks,188928,S,DAYTON,4,0,0,150,,,,,,,62.6,,,71.4,0,0,0,0,9,17,0,5,0
Tyler Brown,188929,HB,DAYTON,4,0,0,150,,,,,,,69.4,,,68.8,0,0,0,0,13,0,0,0,2
Parker Chaney,188931,S,DAYTON,1,0,0,150,,,,,,,60.0,,,67.2,0,0,0,0,0,0,0,1,0
Emmanuel Hardrick,188940,CB,DAYTON,2,0,0,150,,,,,,,61.9,,,67.3,0,0,0,0,6,0,0,0,0
Paul Kelly,188943,WR,DAYTON,10,0,0,150,,,,64.7,,,61.6,76.4,,70.7,0,0,0,0,0,18,0,53,0
Sam Mitchell,188948,LB,DAYTON,1,0,0,150,,,,,,,61.3,,,66.1,0,0,0,0,0,0,0,5,0
Zane Plattner,188955,ED,DAYTON,1,0,0,150,,,60.0,,,,60.0,,,60.3,0,0,2,0,0,0,0,0,0
Parker Borer,188966,HB,DRAKE,1,0,0,153,,,60.0,,,,60.0,,,60.2,0,0,1,0,0,0,0,0,0
Derrick Bunkelman,188969,LB,DRAKE,1,0,0,153,,,,,,,61.5,,,67.9,0,0,0,0,6,0,0,0,0
Garrison Codde,188970,CB,DRAKE,8,0,0,153,,,,,,,63.8,,,73.7,0,0,0,0,17,3,4,20,0
Hank Foley,188971,WR,DRAKE,10,0,0,153,,,,,,,54.6,,,29.9,0,1,0,0,1,48,2,0,0
Travis Gutierrez,188976,C,DRAKE,1,0,0,153,,,61.2,,,,61.9,,,68.7,0,0,7,0,0,0,0,0,0
Spencer Halvorson,188977,TE,DRAKE,5,0,0,153,,,,,,,59.4,,,71.0,1,0,0,0,25,0,0,0,2
Sam Johnson,188981,WR,DRAKE,1,0,0,153,,,,58.9,,,60.0,,,61.8,0,0,0,0,0,3,0,0,0
Chase Lamb,188983,LB,DRAKE,2,0,0,153,,,,,,,63.0,,,70.0,0,0,0,0,1,0,0,4,0
Taye Proctor,188989,CB,DRAKE,5,1,0,153,,,,,,,68.4,,,71.3,0,0,0,0,23,5,8,0,1
Trenton Radloff,188990,LB,DRAKE,3,0,0,153,,,,,,,60.9,,,27.1,0,1,0,0,15,0,0,0,2
Mekhi Toms,188995,CB,DRAKE,6,0,0,153,90.2,,,,,,90.5,,,74.0,0,0,0,16,0,0,0,21,0
Ron Burke Jr.,189001,LB,HAMPTON,4,0,0,178,,,,,,,71.7,,,68.0,0,0,0,0,13,2,0,0,2
Owen Edwards,189004,LS,HAMPTON,10,0,0,178,,,,,,72.9,62.1,,,67.2,0,0,0,0,2,0,50,0,0
Richard Kramer,189008,ED,HAMPTON,11,0,0,178,58.7,,,,,,59.9,,,66.8,0,0,0,24,7,5,0,3,0
Michael Matthews-Canty,189010,LB,HAMPTON,11,1,0,178,60.0,,,,,,76.9,,,74.1,0,0,0,26,28,13,43,16,5
Kyle Molett,189011,CB,HAMPTON,2,0,0,178,,,,,,,60.1,,,64.8,0,0,0,0,0,5,0,0,0
Zantwan Nelson,189012,CB,HAMPTON,9,0,0,178,60.0,,,,,,58.4,,,29.4,0,1,0,4,43,0,1,7,0
Carlos Orea,189013,G,HAMPTON,2,0,0,178,,,60.0,,,,61.2,,,67.2,0,0,4,0,0,0,0,0,0
Brennan Ridley,189014,WR,HAMPTON,12,0,0,178,,,,44.9,,,61.0,64.5,,70.2,0,0,0,0,6,43,0,21,0
Matthew Simmons,189015,TE,HAMPTON,1,0,0,178,,,,,,,60.0,,,66.5,0,0,0,0,0,0,1,0,0
Jayden Whaley,189019,CB,HAMPTON,8,1,0,178,59.8,,,,,,70.5,,,75.7,1,0,0,29,42,8,15,10,5
Josh Anglin,189024,LB,N ALABAMA,11,0,0,389,59.6,,,,,,63.0,,,73.7,0,0,0,30,0,0,3,14,0
Christopher Burnett,189026,CB,N ALABAMA,4,0,0,389,59.8,,,,,,61.8,,,67.5,0,0,0,5,4,0,0,3,0
Logan Collier,189028,WR,N ALABAMA,12,0,0,389,,,,51.6,,,63.8,51.3,,74.2,0,0,0,1,5,35,45,23,1
Myron Dunklin,189030,WR,N ALABAMA,4,0,0,389,,,,,,,63.9,,,69.5,0,0,0,0,27,2,1,0,0
Anthony Faiivae,189033,C,N ALABAMA,9,0,0,389,,,71.5,,,,63.9,,,64.1,0,0,32,0,0,0,0,0,0
Jalen Fletcher,189034,HB,N ALABAMA,7,0,0,389,,,,63.5,,,59.5,,,70.3,0,0,0,0,0,31,3,0,0
Azariah Fletcher,189035,WR,N ALABAMA,3,0,0,389,,,,,,,77.9,,,68.1,0,0,0,0,0,13,0,6,0
Leo Glover,189039,S,N ALABAMA,5,0,0,389,,,,,,,58.9,,,74.6,1,1,0,0,30,17,0,16,2
Noah Gregg,189040,WR,N ALABAMA,1,0,0,389,,,,,,,60.7,,,67.5,0,0,0,0,1,4,0,0,0
Eli Long,189045,C,N ALABAMA,1,0,0,389,,,60.0,,,,60.0,,,61.0,0,0,1,0,0,0,0,0,0
Kingston Lowe,189046,TE,N ALABAMA,5,0,0,389,,,,,,,59.0,,,70.1,0,0,0,0,0,25,0,0,0
Reece Mims,189051,T,N ALABAMA,1,0,0,389,,,60.0,,,,60.0,,,61.0,0,0,1,0,0,0,0,0,0
Jermaine Ray Jr.,189055,CB,N ALABAMA,11,0,0,389,60.0,,,,,,65.3,,,81.3,0,0,0,40,0,0,0,36,0
Roderick Taylor Jr.,189057,HB,N ALABAMA,1,0,0,389,,,,,,,39.7,,,26.4,0,1,0,0,3,7,0,3,0
Fred Vili,189059,DI,N ALABAMA,10,0,0,389,58.5,,60.0,,,,59.1,,,66.8,0,0,1,12,0,0,0,3,0
Jackson Ward,189060,ED,N ALABAMA,3,0,0,389,59.6,,,,,,61.1,,,73.9,0,0,0,8,0,0,0,2,0
Carson Wheeler,189061,C,N ALABAMA,1,0,0,389,,,60.0,,,,60.0,,,60.9,0,0,1,0,0,0,0,0,0
Preston Bird,189064,WR,SAMFORD,7,0,0,282,,,,68.4,,,65.0,,,72.6,1,0,0,0,0,6,32,0,1
Jacob Gettman,189071,K,SAMFORD,1,0,0,282,,65.2,,,,,60.0,,,63.7,0,0,6,0,0,0,0,0,0
Carson Sloan,189086,LB,SAMFORD,8,0,0,282,60.0,,,,,,62.6,,,30.0,1,1,0,1,43,12,46,28,4
Luke Wattenbarger,189088,S,SAMFORD,8,0,0,282,59.9,,,,,,55.3,,,71.5,0,0,0,2,7,27,1,0,0
Maxton Woodward,189089,DI,SAMFORD,2,0,0,282,,,60.0,,,,60.6,,,61.8,0,0,2,0,0,0,0,0,0
Jalik Yancey,189090,CB,SAMFORD,6,0,1,282,59.7,,,,,,40.7,,,27.1,0,1,0,15,0,0,1,1,0
Shaun Aletor,189091,ED,SAN DIEGO,3,0,0,283,,,,,,,66.6,,,73.8,0,0,0,0,0,0,0,12,0
Bennett Commander,189092,T,SAN DIEGO,9,0,0,283,,,72.0,,,,64.0,,,65.5,0,0,43,0,0,0,0,0,0
Nate Fischer,189094,LB,SAN DIEGO,9,1,0,283,59.9,,,,,,67.8,,,76.5,0,0,0,1,54,13,34,37,1
Luke Harrison,189097,C,SAN DIEGO,1,0,0,283,,,61.2,,,,61.9,,,68.7,0,0,7,0,0,0,0,0,0
Roan Martinez,189103,WR,SAN DIEGO,1,0,0,283,,,,,,,60.2,,,65.4,0,0,0,0,2,0,0,0,0
Eric Mulkey,189104,HB,SAN DIEGO,2,0,0,283,,,,,,,63.5,,,69.1,0,0,0,0,8,2,0,4,0
Carter Pruitt,189106,S,SAN DIEGO,1,0,0,283,,,,,,,62.4,,,67.6,0,0,0,0,8,0,0,0,0
Jae'Von Reels,189107,DI,SAN DIEGO,6,0,0,283,59.6,,,,,,60.4,,,67.0,0,0,0,19,0,0,0,1,0
Tyree Hayes-Trusty,189109,HB,N COLORADO,1,0,0,253,,,,,,,60.0,,,64.2,0,0,0,0,0,2,0,0,0
Micah Valenzuela,189110,ED,SAN DIEGO,1,0,0,283,,,,,,,60.9,,,63.9,0,0,0,0,3,0,0,0,0
Oscar Weigel,189112,G,SAN DIEGO,1,0,0,283,,,60.0,,,,60.9,,,63.6,0,0,4,0,0,0,0,0,0
Shawn Fester,189123,DI,VALPO,8,0,0,332,58.5,,60.0,,,,59.6,,,69.4,0,0,5,12,0,0,0,1,0
Noah Gargano,189124,G,VALPO,1,0,0,332,,,60.0,,,,60.0,,,63.7,0,0,1,0,0,0,0,0,0
Gary Givens III,189126,WR,VALPO,5,0,0,332,,,,,,,64.4,,,74.6,0,0,0,0,7,9,0,11,0
Colin Hayes,189128,TE,VALPO,1,0,0,332,,,,,,,59.5,,,65.3,0,0,0,0,0,0,4,0,0
AJ Jacobs,189129,DI,VALPO,7,0,0,332,58.8,,,,,,60.6,,,71.9,0,0,0,18,0,0,39,2,0
Cole Muilenburg,189139,DI,VALPO,1,0,0,332,59.3,,,,,,59.4,,,63.0,0,0,0,4,0,0,0,0,0
Max Munoz,189140,DI,VALPO,3,0,0,332,,,,,,,60.9,,,63.1,0,0,0,0,0,0,18,0,0
Kyle Patenaude,189142,CB,VALPO,4,0,0,332,,,,,,,66.5,,,72.8,0,0,0,0,4,0,0,17,1
Ryan Ricketti,189143,WR,VALPO,1,0,0,332,,,,,,,60.2,,,66.3,0,0,0,0,0,2,0,0,0
Gabe Rosen,189144,T,VALPO,6,0,0,332,,,70.0,,,,63.5,,,63.1,0,0,19,0,0,0,0,0,0
Amir Simmons,189147,HB,VALPO,4,0,0,332,,,,64.6,,,60.1,34.6,,66.7,0,0,0,0,0,20,0,12,0
Tyler Threat,189151,WR,VALPO,7,0,0,332,,,,,,,74.3,,,82.0,0,0,0,0,25,31,44,20,4
Shaun Ukeje,189153,LB,VALPO,4,0,0,332,,,,,,,61.4,,,66.8,0,0,0,0,9,6,0,0,0
Jolil Walker,189154,S,VALPO,3,0,0,332,,,,42.3,,,66.4,,,70.3,0,0,0,0,9,9,0,12,1
Brandon Biagiarelli,189158,LB,BUCKNELL,12,4,0,125,59.8,,75.3,,,,69.6,,,82.7,1,0,62,5,19,61,55,13,3
AJ Bosch,189159,WR,BUCKNELL,2,1,0,125,,,,,,,67.9,60.0,,65.9,0,0,0,0,9,0,0,1,0
Seo Buffington,189160,ED,BUCKNELL,1,0,0,125,,,60.3,,,,61.7,,,66.8,0,0,5,0,0,0,0,0,0
Braylen Burgess,189161,WR,BUCKNELL,1,0,0,125,,,,,,,61.0,,,66.4,0,0,0,0,0,4,0,2,0
Logan Bush,189162,HB,BUCKNELL,3,0,0,125,,,,59.9,,,58.9,,,67.9,0,0,0,0,0,19,0,0,0
Michael Cadden,189163,HB,BUCKNELL,11,0,0,125,,,,58.1,,,59.9,,,70.9,0,0,0,0,0,43,1,0,0
Myles Cunningham,189164,CB,BUCKNELL,1,0,0,125,,,,,,,60.0,,,64.3,0,0,0,0,0,0,0,1,0
Aaron Davis,189165,CB,BUCKNELL,10,0,0,125,59.6,,,,,,61.3,,,70.3,0,0,0,25,3,10,0,2,0
Juan Garanton,189167,K,BUCKNELL,11,1,0,125,,,,,45.4,,63.2,,,76.6,0,0,0,0,52,0,0,0,1
Charlie Meehleib,189170,ED,BUCKNELL,1,0,0,125,59.6,,,,,,60.2,,,64.3,0,0,0,1,0,0,0,1,0
JJ Sebert,189178,S,BUCKNELL,7,0,0,125,60.0,,,,,,62.1,,,68.1,0,0,0,2,1,9,0,13,0
Tariq Thomas,189180,HB,BUCKNELL,5,0,0,125,,,,57.6,,,61.6,,,64.7,0,0,0,0,0,13,0,3,0
Josh Dalgetty,189185,S,PRINCETON,1,0,0,272,,,,,,,59.9,,,65.4,0,0,0,0,0,6,0,0,0
Casey Etienne Jr.,189187,CB,PRINCETON,2,0,0,272,,,,,,,64.4,,,77.0,0,0,0,0,7,0,0,3,0
Luke Gnepper,189188,LS,PRINCETON,10,1,0,272,,,19.8,,,0.0,29.4,,,66.4,1,0,36,0,0,0,42,0,1
Joseph Harris Jr.,189189,WR,PRINCETON,1,0,0,272,59.9,,,,,,60.0,,,61.1,0,0,0,1,0,0,0,0,0
Ryker Jones,189190,LB,PRINCETON,6,0,0,272,,,,,,,69.7,,,69.5,0,0,0,0,14,0,0,6,1
Paul Kuhner,189191,WR,PRINCETON,8,0,0,272,,,,,,,62.4,,,79.3,1,0,0,0,32,50,0,17,1
Christian Lynch,189193,HB,PRINCETON,3,0,0,272,,,,60.0,,,58.4,,,63.2,0,0,0,0,0,19,0,0,0
Sam McCormick,189195,LB,PRINCETON,6,0,0,272,,,,,,,63.1,,,70.1,0,0,0,0,19,25,0,6,0
Jake Moore,189196,ED,PRINCETON,6,0,0,272,,,,59.9,,,63.0,,,69.6,0,0,0,0,18,35,0,7,0
AJ Pigford,189201,ED,PRINCETON,7,0,0,272,58.7,,,,,,59.6,,,67.1,0,0,0,30,3,7,0,4,0
AJ Schwartz,189204,S,PRINCETON,3,0,0,272,,,,,,,62.6,,,65.3,0,0,0,0,13,0,0,0,0
Jahleel Anderson,189207,DI,ALCORN ST,9,0,0,107,58.4,,,,,,58.5,,,66.9,0,0,0,20,0,0,0,1,0
Kaden Kenney,189209,DI,ALCORN ST,12,0,0,107,75.3,,,,,,84.0,,,69.6,0,0,0,33,0,0,0,5,0
Bakari McCall,189210,S,ALCORN ST,12,1,0,107,59.9,,60.0,,,,60.2,,,75.4,1,0,2,26,35,10,18,36,1
Deitron Parker,189211,LB,ALCORN ST,7,0,0,107,,,,,,,63.6,,,76.8,0,0,0,0,1,39,0,12,0
Camren Stewart,189212,HB,ALCORN ST,12,0,0,107,,,,59.9,,,57.1,,,71.5,0,0,0,0,0,66,0,0,0
Charles Bernard,189214,TE,GRAMBLING,4,0,0,177,,,,59.9,,,58.8,,,68.9,0,0,0,0,6,21,0,2,0
Blake Davis,189217,CB,GRAMBLING,9,0,0,177,59.8,,,,,,49.2,,,29.2,0,1,0,31,10,7,0,16,0
Kummire Edwards,189219,T,GRAMBLING,1,0,0,177,,,61.0,,,,61.9,,,68.8,0,0,7,0,0,0,0,0,0
Kilas Francis,189221,DI,GRAMBLING,11,0,0,177,58.2,,,,,,60.0,,,70.4,0,0,0,14,0,0,0,7,0
Jalen Guillard,189225,CB,GRAMBLING,9,0,0,177,60.1,,,,,,49.2,,,27.9,0,2,0,3,33,1,0,24,0
Payton Hoff,189227,LS,GRAMBLING,12,1,0,177,,,,,,56.6,63.9,,,29.5,1,1,0,0,0,0,76,0,2
Jakobe Jackson,189228,CB,GRAMBLING,4,0,0,177,59.9,,,,,,66.7,,,66.8,0,0,0,1,5,0,2,1,1
Jamal Jordan,189231,LB,GRAMBLING,11,2,1,177,59.7,,,,,,61.5,,,28.7,0,2,0,20,24,11,68,13,1
Frank Moss,189235,G,GRAMBLING,10,0,0,177,,,75.3,,,,65.4,,,73.1,0,0,44,0,0,1,0,0,0
Kimani Mugo,189237,LS,GRAMBLING,12,0,0,177,,,81.5,,,63.9,65.4,,,63.5,0,0,54,0,0,0,0,0,0
Armond Owens,189238,T,GRAMBLING,10,0,0,177,,,73.5,,,,65.1,,,75.3,0,0,44,0,0,0,0,0,0
Tony Phillips Jr.,189239,HB,GRAMBLING,2,0,0,177,,,,59.9,,,60.0,,,61.6,0,0,0,0,0,2,0,0,0
Greg Rivera,189241,LS,GRAMBLING,1,0,0,177,,,,,,0.0,37.6,,,61.9,0,0,0,0,0,0,1,0,0
Chris Scott,189243,ED,GRAMBLING,1,0,0,177,59.5,,,,,,59.7,,,62.4,0,0,0,2,0,0,0,0,0
Jayden Scott,189244,ED,GRAMBLING,3,0,0,177,59.2,,,,,,59.4,,,64.2,0,0,0,7,0,0,0,0,0
Javorious Sherrod,189245,DI,GRAMBLING,1,0,0,177,59.6,,,,,,59.8,,,62.0,0,0,0,1,0,0,0,0,0
Alexander Vigil,189246,C,GRAMBLING,9,0,0,177,,,72.0,,,,64.0,,,65.3,0,0,43,0,0,0,0,0,0
Devin Williams,189248,S,GRAMBLING,9,0,0,177,59.8,,,,,,61.4,,,74.5,0,0,0,4,7,32,8,12,0
Micah Williams,189249,G,GRAMBLING,1,0,0,177,,,60.0,,,,61.1,,,60.6,0,0,5,0,0,0,0,0,0
Ash Boa-Amponsem,189255,CB,NC CENT,1,0,0,247,,,,,,,60.0,,,64.3,0,0,0,0,0,0,0,1,0
Drey Braxton,189257,CB,NC CENT,7,0,0,247,59.8,,,,,,57.3,,,72.6,1,0,0,18,22,0,10,18,2
William Brown,189258,TE,NC CENT,1,0,0,247,,,60.0,,,,60.0,,,60.9,0,0,2,0,0,0,0,0,0
Tyler Clark,189259,G,NC CENT,1,0,0,247,59.6,,,,,,59.8,,,62.4,0,0,0,1,0,0,0,0,0
Ayden Davis,189260,S,NC CENT,3,0,0,247,,,,,,,64.8,,,72.8,0,0,0,0,0,2,0,8,0
Zion Dobson,189261,HB,NC CENT,2,0,0,247,,,,,,,61.6,,,67.9,0,0,0,0,7,0,0,0,0
Xzavier Fields,189262,DI,NC CENT,5,0,0,247,58.8,,,,,,59.7,,,66.6,0,0,0,12,0,0,0,3,0
Jackson Gibbs,189264,CB,NC CENT,4,0,0,247,,,,,,,61.2,,,68.4,0,0,0,0,3,20,0,6,0
Kamari Houze,189266,CB,NC CENT,10,0,0,247,59.7,,,,,,85.2,60.0,,47.6,0,1,0,6,62,0,2,38,3
Sy'ree Livingston,189268,WR,NC CENT,4,0,0,247,,,,,,,62.7,,,69.6,0,0,0,0,13,0,0,0,0
Aleni Mageo,189269,HB,NC CENT,3,0,0,247,,,,,,,60.8,,,68.8,0,0,0,0,0,6,0,0,0
Kaleb Robison,189272,K,NC CENT,11,0,0,247,,60.0,,,70.9,,63.6,,60.0,77.6,1,0,2,0,64,0,1,0,2
Demarius Tolen,189275,WR,NC CENT,1,0,0,247,,,,,,,60.0,,,63.3,0,0,0,0,0,0,0,0,0
Joshua Truesdale,189276,S,NC CENT,3,0,0,247,,,,,,,66.0,,,67.3,0,0,0,0,13,0,0,5,0
Jaden Warren,189277,ED,NC CENT,3,0,0,247,59.5,,,,,,60.6,,,65.1,0,0,0,3,0,0,0,2,0
Ryan Ziegler,189278,LB,NC CENT,9,0,0,247,59.9,,,,,,69.5,,,79.5,0,0,0,2,51,0,0,25,1
Chase Bingmon,189280,HB,PRVIEW A&M,2,0,0,270,,,,,,,76.9,,,68.9,0,0,0,0,0,0,1,4,1
William Boone,189281,T,PRVIEW A&M,12,0,0,270,,,74.6,,,,58.9,,,28.4,0,1,52,0,0,0,0,0,0
Ethan John,189284,TE,PRVIEW A&M,12,0,0,270,,,74.6,63.5,,,66.4,,,74.5,0,0,49,0,0,70,0,0,0
Ayden Jones,189285,LB,PRVIEW A&M,9,0,0,270,59.8,,,,,,72.3,,,76.1,0,0,0,20,15,2,43,26,3
James Kate,189286,DI,PRVIEW A&M,12,0,0,270,58.1,,,,,,58.8,,,68.5,0,0,0,28,0,0,0,5,0
Rodny Ojo,189289,WR,PRVIEW A&M,12,0,0,270,,,,,,,53.7,,,77.9,1,0,0,0,3,38,69,0,0
Jeremiah Ratliff,189290,WR,PRVIEW A&M,12,0,0,270,,,,,,,60.9,,,74.7,0,0,0,0,1,55,0,12,0
Albert Thomas,189291,WR,PRVIEW A&M,1,0,0,270,,,,,,,59.9,,,66.8,0,0,0,0,0,1,0,3,0
Myles Williams,189292,CB,PRVIEW A&M,1,0,0,270,,,,,,,60.0,,,64.8,0,0,0,0,0,0,0,1,0
Fabian Baez,189296,WR,STETSON,6,0,0,302,,,,,,,59.8,,,72.0,0,0,0,0,1,27,3,0,0
Almari Brown,189300,WR,STETSON,5,0,0,302,,,,58.7,,,47.3,,,65.6,1,0,0,0,0,19,5,0,0
Joshua Brown,189301,S,STETSON,1,0,0,302,,,,,,,59.5,,,67.4,0,0,0,0,0,7,4,0,0
Vincent Chen,189304,T,STETSON,3,0,0,302,,,60.0,,,,26.6,,,64.1,0,0,3,0,0,0,2,0,0
Trey Clark,189306,HB,STETSON,3,0,0,302,,,,,,,60.1,,,65.6,0,0,0,0,1,1,1,0,0
Will Cornwell,189307,S,STETSON,11,0,0,302,60.0,,,,,,72.8,,,80.4,1,0,0,2,36,73,39,10,8
Jaden Dailey,189308,HB,STETSON,1,0,0,302,,,,,,,59.9,,,67.8,0,0,0,0,2,0,4,0,0
Richard Dennis,189309,G,STETSON,2,0,0,302,,,65.2,,,,61.8,,,70.5,0,0,13,0,0,0,1,0,0
Corrado DeSantis,189310,CB,STETSON,10,2,0,302,59.9,,,,,,74.0,,,77.7,1,0,0,1,25,42,11,28,3
Jaxson Dicus,189311,HB,STETSON,9,1,0,302,,,,,,,70.0,,,79.1,0,0,0,0,24,56,22,19,3
Malik Dryden,189313,HB,STETSON,5,0,0,302,,,,,,,60.4,60.3,,68.2,0,0,0,0,0,24,0,1,0
Abram Fofana,189316,DI,STETSON,5,0,0,302,58.3,,,,,,58.1,,,66.6,0,0,0,15,0,0,1,0,0
Jalen Foster,189317,C,STETSON,1,0,0,302,,,,,,,60.0,,,63.3,0,0,0,0,0,0,1,0,0
Caleb Harvey,189321,S,STETSON,1,0,0,302,,,,,,,60.0,,,60.5,0,0,0,0,0,0,0,1,0
Nathan Jean,189323,CB,STETSON,8,2,0,302,59.8,,,,,,65.7,,,75.9,1,0,0,6,23,0,15,20,1
Christopher Jimenez,189324,LB,STETSON,6,0,0,302,,,,,,,51.2,,,28.8,0,1,0,0,0,49,0,0,0
Damontez McDowell,189327,LB,STETSON,11,1,0,302,59.9,,,,,,64.8,,,85.7,1,0,0,9,32,58,41,38,2
Steven Oberst,189328,DI,STETSON,11,0,0,302,66.2,,72.0,,,,72.9,,,73.4,0,0,36,34,0,0,25,4,1
Nnaemeka Okorafor,189329,ED,STETSON,1,0,0,302,59.2,,,,,,59.4,,,62.8,0,0,0,2,0,0,0,0,0
Victor Santana,189334,ED,STETSON,1,0,0,302,59.3,,,,,,59.6,,,61.6,0,0,0,1,0,0,0,0,0
Noah Schwartz,189335,CB,STETSON,7,1,0,302,60.0,,,,,,68.5,,,74.2,1,0,0,3,18,0,14,10,2
Mason Scott,189336,G,STETSON,5,0,0,302,59.4,,62.2,,,,61.3,,,62.6,0,0,10,2,0,0,0,0,0
Jonathan Stark,189338,G,STETSON,5,0,0,302,,,63.6,,,,61.9,,,64.2,0,0,9,0,0,0,23,0,0
Mohamed Toure,189343,CB,STETSON,9,0,0,302,59.6,,,,,,62.2,,,77.2,0,0,0,11,3,0,16,23,0
Henry Watkins,189347,DI,STETSON,6,0,0,302,59.0,,66.0,,,,55.5,,,65.5,1,0,17,3,0,0,23,0,0
Douglas Williams III,189349,CB,STETSON,1,0,0,302,,,,,,,60.6,,,87.9,0,0,0,0,0,0,0,1,0
Jeremiah Bernard,191380,S,CAL POLY,10,1,0,129,59.8,,,,,,66.0,,,28.7,1,1,0,11,33,0,10,15,3
Jacob Bobic,191382,DI,CAL POLY,4,0,0,129,58.4,,,,,,59.7,,,67.0,0,0,0,10,2,0,0,4,0
Ty Bourland,191383,TE,CAL POLY,5,0,0,129,,,66.4,,,,60.5,,,74.6,0,0,18,0,0,31,0,0,0
Brayden Breedlove,191384,CB,CAL POLY,4,4,0,129,,,,,,,74.4,60.3,,73.0,2,0,0,0,0,0,16,10,0
Malachi Brown,191385,HB,CAL POLY,1,0,0,129,,,,,,,61.0,,,79.7,0,0,0,0,2,0,0,0,0
Gage Burnett,191386,LB,CAL POLY,3,0,0,129,60.1,,,,,,62.6,,,69.5,0,0,0,2,6,2,8,7,0
Tristan Fui,191391,TE,CAL POLY,3,0,0,129,,,60.0,,,,57.1,,,67.7,0,0,8,0,0,0,6,0,0
Aiden Hall,191392,WR,CAL POLY,1,0,0,129,,,,,,,59.9,,,64.5,0,0,0,0,0,3,0,0,0
J.T. Houston,191394,DI,CAL POLY,1,0,0,129,,,,,,,60.0,,,63.5,0,0,0,0,0,0,0,1,0
Jake Javorsky,191395,LB,CAL POLY,1,0,0,129,60.0,,,,,,60.0,,,62.9,0,0,0,1,0,0,0,0,0
Alek Marshall,191399,TE,CAL POLY,9,0,0,129,59.6,,67.8,,,,61.8,,,75.4,0,0,22,1,2,38,4,0,0
Calvin Moore,191401,CB,CAL POLY,10,0,0,129,60.0,,,,,,54.4,,,28.5,0,2,0,6,22,0,13,15,1
Trevor Newkirk,191402,T,CAL POLY,1,0,0,129,,,,,,,60.4,,,62.2,0,0,0,0,0,0,6,0,0
Matthew Nuanez,191403,ED,CAL POLY,2,0,0,129,59.7,,,,,,59.9,,,65.4,0,0,0,2,0,1,0,0,0
Aaron Okoro,191404,WR,CAL POLY,1,0,0,129,,,,,,,61.8,,,69.7,0,0,0,0,1,1,0,2,0
Misa Paiau,191405,LB,CAL POLY,4,1,0,129,60.0,,,59.6,,,65.3,,,70.4,0,0,0,1,14,15,5,2,0
Noah Sulick,191410,LB,CAL POLY,1,0,0,129,,,,,,,68.3,,,64.7,0,0,0,0,3,0,0,1,1
Trey Wilson,191412,HB,CAL POLY,4,0,0,129,,,,59.8,,,65.2,,,68.3,0,0,0,0,5,19,6,5,1
Justus Woods,191413,CB,CAL POLY,8,0,0,129,60.0,,,,,,63.5,,,75.7,0,0,0,4,22,32,4,0,0
Cal Zimmerman,191414,WR,CAL POLY,3,0,0,129,,,60.0,,,,59.6,,,66.0,0,0,3,0,0,11,0,0,0
Alejandro Arellano,191418,G,E ILLINOIS,11,0,0,158,,,26.9,,,,47.5,,,69.9,0,0,40,0,0,0,0,0,0
Josh Brown,191419,S,E ILLINOIS,4,0,0,158,,,,,,,29.6,,,25.2,1,2,0,0,11,0,0,0,0
Allen Brown III,191420,CB,E ILLINOIS,1,0,0,158,59.8,,,,,,60.3,,,65.5,0,0,0,4,0,0,0,0,0
Grady Catanzano,191422,LB,E ILLINOIS,2,0,0,158,,,,,,,51.3,,,66.5,0,0,0,0,9,0,0,0,0
Dillon Conway,191424,S,E ILLINOIS,3,0,0,158,60.0,,,,,,61.5,,,68.2,0,0,0,2,8,6,0,0,0
Cody Davidson,191425,WR,E ILLINOIS,1,0,0,158,,,,,,,60.0,,,63.2,0,0,0,0,0,1,0,0,0
Jacarre Fleming-Page,191426,HB,E ILLINOIS,3,0,0,158,,,,42.8,,,59.7,,,63.9,0,0,0,0,0,10,0,0,0
Isaiah Hare,191427,DI,E ILLINOIS,1,0,0,158,,,,,,,60.0,,,63.6,0,0,0,0,1,0,0,0,0
Isaiah Houi,191428,CB,E ILLINOIS,4,0,0,158,59.5,,,,,,61.7,,,72.0,0,0,0,23,0,0,0,13,0
Sandro Malicevic,191433,T,E ILLINOIS,10,0,0,158,,,71.4,,,,64.0,,,66.2,0,0,39,0,0,0,0,0,0
Drew Schiller,191438,K,E ILLINOIS,4,0,0,158,,58.0,,,,,60.4,,60.0,65.3,0,0,14,0,0,0,1,0,0
Jordyn Stewart,191441,LB,E ILLINOIS,2,0,0,158,,,,,,,61.9,,,64.5,0,0,0,0,6,0,0,0,0
Jaxon Branch,191448,WR,E WASHGTON,1,0,0,161,59.7,,,,,,60.0,,,61.8,0,0,0,1,0,0,0,0,0
Avery Ellis,191450,S,E WASHGTON,9,0,0,161,,,,,,,70.5,,,77.0,1,0,0,0,48,40,0,5,6
Josiah Goode,191452,ED,E WASHGTON,1,0,0,161,59.8,,,,,,60.0,,,62.7,0,0,0,1,0,0,0,0,0
Mark Johnson,191456,T,E WASHGTON,1,0,0,161,,,60.0,,,,60.0,,,63.7,0,0,1,0,0,0,0,0,0
Ambrose Marsh,191458,CB,E WASHGTON,1,0,0,161,,,,,,,60.4,,,65.1,0,0,0,0,2,3,0,0,0
Deshawn Misa,191460,ED,E WASHGTON,4,0,0,161,59.5,,,,,,62.0,,,69.4,0,0,0,3,8,7,0,1,0
Shea Robertson,191463,LB,E WASHGTON,3,0,0,161,58.7,,,,,,60.8,,,67.8,0,0,0,6,8,4,0,0,0
Seth Brock,191472,ED,MONTANA ST,1,0,0,233,59.3,,,,,,59.5,,,63.1,0,0,0,2,0,0,0,0,0
Aiden Kaplan,191478,C,MONTANA ST,1,0,0,233,,,60.0,,,,61.4,,,62.0,0,0,4,0,0,0,0,0,0
Unterrio Latin-Henley,191480,HB,MONTANA ST,7,0,0,233,,,,59.5,,,65.1,,,71.2,0,0,0,0,31,18,0,5,0
Rocky Lencioni,191481,TE,MONTANA ST,1,0,0,233,,,,,,,62.0,,,66.3,0,0,0,0,9,3,0,0,0
Jhase McMillan,191482,CB,MONTANA ST,7,0,0,233,60.0,,,,,,67.4,,,78.0,0,0,0,6,41,6,3,24,1
Dane Steel,191486,WR,MONTANA ST,8,0,0,233,,,,,,,65.8,,,76.9,0,0,0,0,48,29,5,38,0
AJ Tanupo,191487,DI,MONTANA ST,1,0,0,233,59.3,,,,,,59.4,,,62.6,0,0,0,2,0,0,0,0,0
Hudson Wiens,191489,DI,MONTANA ST,1,0,0,233,59.6,,,,,,59.8,,,62.0,0,0,0,1,0,0,0,0,0
Carson Williams,191490,CB,MONTANA ST,4,0,0,233,60.0,,,,,,55.5,,,28.5,0,1,0,2,31,8,0,11,0
Jabez Woods,191492,WR,MONTANA ST,1,0,0,233,,,,,,,60.6,,,64.9,0,0,0,0,2,0,0,0,0
Evan Morris,191500,S,N ARIZONA,1,0,0,252,,,,,,,60.2,,,63.1,0,0,0,0,0,0,3,0,0
Christian Newberry-Jones,191501,T,N ARIZONA,1,0,0,252,,,60.0,,,,60.8,,,66.5,0,0,3,0,0,0,0,0,0
Carlos Rivera,191503,DI,N ARIZONA,6,0,0,252,58.8,,,,,,59.6,,,66.3,0,0,0,8,0,0,0,2,0
Joseph Shepardson,191504,G,N ARIZONA,1,0,0,252,,,60.0,,,,60.6,,,65.6,0,0,3,0,0,0,0,0,0
Tim Williams,191506,S,N ARIZONA,7,0,0,252,59.9,,,,,,60.9,,,63.7,0,0,0,16,0,0,0,3,0
EJ Brandreth,191510,ED,N COLORADO,2,0,0,253,,,,,,,60.9,,,68.7,0,0,0,0,0,0,0,3,0
Maddox Broughton,191511,LS,N COLORADO,4,0,0,253,,,64.9,,,13.5,41.7,,,65.5,0,0,7,0,0,0,24,0,0
Keenan Campbell,191512,WR,N COLORADO,4,0,0,253,,,,,,,60.8,,,67.6,0,0,0,0,0,25,0,1,0
Cam Chapa,191513,S,N COLORADO,12,1,0,253,59.9,,,,,,65.2,,,69.6,0,0,0,62,25,0,0,12,0
Darius Doyle,191514,WR,N COLORADO,2,0,0,253,,,,,,,61.1,,,66.4,0,0,0,0,0,0,0,4,0
Keelan Flanagain,191516,LB,N COLORADO,1,0,0,253,,,,,,,60.0,,,64.8,0,0,0,0,0,0,0,2,0
Peyton Garrett,191517,ED,N COLORADO,2,0,0,253,59.3,,,,,,59.4,,,63.4,0,0,0,4,0,0,0,0,0
Kolby Howard,191519,TE,N COLORADO,5,0,0,253,,,,,,,60.3,,,70.6,0,0,0,0,0,34,0,0,0
Cory Jackson Jr.,191520,CB,N COLORADO,4,0,0,253,59.7,,,,,,61.7,,,72.3,0,0,0,3,3,22,0,1,0
Brody Judd,191521,TE,N COLORADO,4,0,0,253,,,60.0,,,,60.5,,,67.1,0,0,7,0,0,18,0,0,0
Carson Keach,191522,S,N COLORADO,4,0,0,253,,,,,,,63.3,,,68.0,0,0,0,0,12,0,0,1,0
Andereya Nsubuga Jr.,191523,S,N COLORADO,1,0,0,253,,,,,,,60.0,,,64.4,0,0,0,0,0,0,1,0,0
Blake Palladino,191524,LB,N COLORADO,8,0,0,253,60.0,,,,,,47.6,,,73.1,1,0,0,3,23,0,50,5,1
Zach Pekarek,191527,S,N COLORADO,11,1,0,253,60.0,,,,,,75.3,,,53.1,0,1,0,1,30,4,71,29,5
Mathias Price,191528,HB,N COLORADO,3,0,0,253,,,,,,,67.1,,,71.2,0,0,0,0,0,20,0,0,0
Jackson Quammie,191529,CB,N COLORADO,4,0,0,253,,,,,,,62.5,,,70.5,0,0,0,0,11,0,4,2,0
Matthew Quesada,191530,WR,N COLORADO,5,0,0,253,,,,,,,48.2,,,28.0,0,1,0,0,0,31,0,0,0
Adrian Rabun,191531,G,N COLORADO,2,0,0,253,,,60.0,,,,60.5,,,63.2,0,0,3,0,0,0,0,0,0
Kruse Redding,191532,ED,N COLORADO,2,0,0,253,,,,,,,60.0,,,64.8,0,0,0,0,0,0,0,2,0
Taylen Robinson,191533,T,N COLORADO,1,0,0,253,,,60.0,,,,60.0,,,60.9,0,0,1,0,0,0,0,0,0
Doren Sacha,191534,S,N COLORADO,3,0,0,253,,,,,,,73.4,,,70.3,0,0,0,0,0,0,15,0,2
Joshua Sandru,191535,TE,N COLORADO,1,0,0,253,,,,,,,60.0,,,64.3,0,0,0,0,0,8,0,0,0
Blake Weslin,191540,LB,N COLORADO,4,0,0,253,60.0,,,,,,63.2,,,67.3,0,0,0,5,7,0,4,0,0
Marvin Williams,191541,CB,N COLORADO,1,0,0,253,,,,,,,59.6,,,67.5,0,0,0,0,0,0,4,0,0
Keagan Zabilla,191543,K,N COLORADO,2,0,0,253,,60.0,,,49.2,,60.0,,,68.1,0,0,3,0,6,0,0,0,0
Brock Fleming,191551,LS,PORTLAND,2,0,0,269,,,63.4,,,85.5,73.8,,,64.6,0,0,6,0,0,0,13,0,1
Jordan Herron,191553,HB,PORTLAND,3,0,0,269,,,,59.9,,,60.6,72.6,,65.8,0,0,0,0,0,2,0,13,0
Carsten Mamaril,191556,CB,PORTLAND,3,0,0,269,59.9,,,,,,62.7,,,69.1,0,0,0,1,0,0,0,8,0
Mathias Uribe,191557,K,PORTLAND,11,0,0,269,,81.4,,,75.8,,52.3,,,29.8,0,1,51,0,60,0,0,0,1
Pierce Walker,191558,S,PORTLAND,4,0,0,269,60.0,,,,,,62.4,,,69.2,0,0,0,1,8,0,0,8,0
Josh Aguilar,191559,LB,SACRAMENTO,2,0,0,279,,,,,,,68.3,,,63.2,0,0,0,0,2,0,0,0,1
Tim Christian,191560,CB,SACRAMENTO,2,0,0,279,,,,,,,60.6,,,67.6,0,0,0,0,0,0,0,2,0
Veguer Jean-Jumeau,191569,G,TENN STATE,4,0,0,308,,,66.9,,,,63.1,,,63.0,0,0,23,0,0,0,0,0,0
Roshawn Lacy,191570,WR,TENN STATE,1,0,0,308,,,,,,,61.0,,,64.1,0,0,0,0,6,0,0,0,0
C.J. Lowe,191571,LB,TENN STATE,1,0,0,308,,,,,,,60.0,,,63.0,0,0,0,0,0,1,0,0,0
Connor Ruth,191577,TE,TENN STATE,5,0,0,308,,,,,,,45.8,,,27.8,0,1,0,0,3,12,0,7,0
Blaize Cameron,191584,TE,COLUMBIA,1,0,0,145,,,,,,,60.9,,,63.9,0,0,0,0,3,0,0,0,0
Rodrigo Diaz-Martorella,191588,DI,COLUMBIA,2,0,0,145,59.2,,,,,,59.4,,,64.7,0,0,0,9,0,0,0,0,0
Liam Donagher,191589,LB,COLUMBIA,3,0,0,145,,,,,,,71.0,,,67.4,0,0,0,0,16,0,1,0,2
Jeremiah Douglas,191590,CB,COLUMBIA,2,0,0,145,,,,,,,61.8,,,67.9,0,0,0,0,8,0,0,0,0
Miron Magee,191593,CB,COLUMBIA,1,0,0,145,,,,,,,61.0,,,67.2,0,0,0,0,4,0,0,0,0
Carter McCray,191595,CB,COLUMBIA,1,0,0,145,,,,,,,60.0,,,63.0,0,0,0,0,0,1,0,0,0
Casey O'Sullivan,191597,TE,COLUMBIA,1,0,0,145,,,,,,,60.0,,,62.7,0,0,0,0,0,1,0,0,0
Keller Patterson,191598,DI,COLUMBIA,7,0,0,145,58.7,,,,,,59.1,,,70.8,0,0,0,28,0,0,0,0,0
Mason Robinson,191600,CB,COLUMBIA,1,0,0,145,,,,,,,60.8,,,65.7,0,0,0,0,0,0,0,3,0
Tommy Sleeman,191604,P,COLUMBIA,1,0,0,145,,,61.6,,,76.9,64.2,,,62.7,0,0,5,0,0,0,2,0,0
Caleb Solomon,191605,S,COLUMBIA,10,0,0,145,59.7,,,,,,63.9,,,72.4,0,0,0,22,31,5,0,8,0
Luke Walker,191606,ED,COLUMBIA,3,0,0,145,60.0,,,,,,60.4,,,64.8,0,0,0,11,0,0,0,0,0
Molayo Irefin,191608,WR,MAINE,11,0,0,212,,,,,,,61.8,77.1,,67.6,0,0,0,0,3,0,0,41,0
Favor Bate,191613,DI,MERRIMACK,4,0,0,385,59.1,,,,,,60.0,,,65.6,0,0,0,5,0,0,0,2,0
Cade Callahan,191616,TE,MERRIMACK,1,0,0,385,,,,,,,60.0,,,62.4,0,0,0,0,1,0,0,0,0
Kendall Carter,191617,DI,MERRIMACK,2,0,0,385,58.7,,,,,,59.1,,,64.2,0,0,0,3,0,0,0,1,0
Will Claude,191620,LB,MERRIMACK,1,0,0,385,,,,,,,60.5,,,64.0,0,0,0,0,2,0,0,0,0
Justyce Hathaway,191627,DI,MERRIMACK,7,0,0,385,58.7,,,,,,60.4,,,70.3,0,0,0,6,0,0,0,3,0
Garret Jackson,191629,S,MERRIMACK,5,0,0,385,,,,,,,60.1,,,69.5,0,1,0,0,9,0,11,0,0
Nick Kajko,191631,DI,MERRIMACK,1,0,0,385,59.1,,,,,,59.4,,,60.0,0,0,0,1,0,0,0,0,0
Tyler Martinovich,191634,CB,MERRIMACK,1,0,0,385,,,,,,,60.5,,,63.1,0,0,0,0,2,0,0,0,0
Dennis Morgan,191636,WR,MERRIMACK,2,0,0,385,,,,,,,59.3,,,67.5,0,0,0,0,0,4,7,0,0
Sean Robertson,191640,S,MERRIMACK,1,0,0,385,,,,,,,59.8,,,65.8,0,0,0,0,0,0,2,0,0
Elisha West,191643,S,MERRIMACK,1,0,0,385,,,,,,,60.0,,,62.1,0,0,0,0,1,0,0,0,0
Julian Casale,191649,LB,MONMOUTH,1,0,0,231,,,,,,,60.9,,,69.4,0,0,0,0,0,8,0,0,0
Andrew Conklin,191650,S,MONMOUTH,4,0,0,231,60.0,,,,,,59.4,,,67.4,0,0,0,1,0,14,0,1,0
Jason Grzymala,191656,S,MONMOUTH,1,0,0,231,,,,,,,59.7,,,64.4,0,0,0,0,0,3,0,0,0
Destin Hill,191657,WR,MONMOUTH,7,0,0,231,,,,,,,67.0,,,74.6,2,0,0,0,44,42,5,3,3
Jaeden Jones,191663,S,MONMOUTH,7,2,0,231,91.5,,,,,,91.1,,,81.5,0,0,0,7,41,30,25,13,9
Austin Lenart,191665,LB,MONMOUTH,4,0,0,231,,,,,,,64.9,,,73.5,0,0,0,0,0,0,0,10,0
Lamont Lester Jr.,191666,DI,MONMOUTH,1,0,0,231,,,,,,,60.0,,,64.4,0,0,0,0,0,0,0,2,0
Willy Love,191668,S,MONMOUTH,12,1,0,231,60.0,,,,,,71.6,,,83.7,0,0,0,5,59,66,11,6,3
Keshawn Mister,191670,WR,MONMOUTH,2,0,0,231,,,,,,,62.4,,,72.3,0,0,0,0,7,14,4,4,0
Sean Sokolowski,191673,G,MONMOUTH,1,0,0,231,,,60.0,,,,26.6,,,67.2,0,0,4,0,0,0,0,0,0
Hunter Watson,191674,ED,MONMOUTH,2,0,0,231,59.3,,,,,,59.5,,,63.0,0,0,0,3,0,0,0,0,0
Jayson Allen,191681,S,STNY BROOK,11,0,0,303,60.0,,,,,,72.0,,,52.1,0,1,0,11,55,0,41,15,2
Kevin Garcia,191686,G,STNY BROOK,3,0,0,303,,,65.5,,,,62.5,,,62.6,0,0,10,0,0,0,0,0,0
Luca Gemma,191687,LB,STNY BROOK,4,0,0,303,,,,,,,61.7,,,69.1,0,0,0,0,0,17,0,5,0
Dylan Iorgoveanu,191688,WR,STNY BROOK,1,0,0,303,,,,,,,60.0,,,65.6,0,0,0,0,0,0,0,2,0
Sebastian Regis,191697,DI,STNY BROOK,10,0,0,303,58.6,,,,,,60.6,,,69.9,0,0,0,13,0,0,0,7,0
Sam Braidwood,191702,K,WM & MARY,1,0,0,348,,,,,65.8,,60.0,,,66.0,0,0,0,0,2,0,0,0,0
Brady Echols,191703,DI,WM & MARY,1,0,0,348,59.6,,,,,,59.8,,,62.0,0,0,0,1,0,0,0,0,0
Zahir Griffith,191704,CB,WM & MARY,4,0,0,348,,,,,,,62.5,,,70.5,0,0,0,0,16,0,4,14,0
Michael Kabban,191707,LS,WM & MARY,3,0,0,348,,,28.2,,,0.0,30.2,,,62.5,0,0,15,0,0,0,0,0,0
Tommy Ducker,191716,DI,CORNELL,2,0,0,147,59.5,,,,,,60.2,,,64.1,0,0,0,2,0,0,0,1,0
Tyler Dunn,191717,T,CORNELL,8,0,0,147,,,73.1,,,,54.3,,,28.4,0,1,36,0,0,0,6,0,0
Tyler Gibson,191720,CB,CORNELL,8,0,0,147,59.9,,,,,,66.9,,,76.0,0,0,0,7,45,12,0,10,1
Kamal Harris,191722,G,CORNELL,2,0,0,147,,,66.0,,,,62.7,,,63.8,0,0,11,0,0,0,0,0,0
Ricardo Lagares Jr.,191726,HB,CORNELL,1,0,0,147,,,,,,,60.6,,,69.9,0,0,0,0,0,3,0,0,0
Caden Lesiewicz,191728,K,CORNELL,6,0,0,147,,,,,,,43.1,,49.8,27.5,0,2,0,0,0,0,17,0,0
Kandakai Sherman Jr.,191733,S,CORNELL,4,0,0,147,60.0,,,,,,73.3,,,77.0,0,0,0,1,23,0,0,7,2
Nolin Thompson,191734,LB,CORNELL,1,0,0,147,,,,,,,60.0,,,64.5,0,0,0,0,0,0,0,1,0
Keith Williams,191736,ED,CORNELL,8,0,0,147,59.4,,,,,,63.8,,,71.0,0,0,0,11,13,0,0,11,0
Blaine Zoller,191738,TE,CORNELL,1,0,0,147,,,,,,,60.8,,,65.3,0,0,0,0,0,1,0,2,0
Enzo Agostini,191739,G,HARVARD,1,0,0,179,,,60.0,,,,60.0,,,63.4,0,0,1,0,0,0,0,0,0
Ben Alvarez,191740,LB,HARVARD,4,0,0,179,,,,,,,65.0,,,71.9,0,0,0,0,23,5,0,7,0
Dorsey Benefield,191741,LB,HARVARD,3,0,0,179,,,,,,,48.1,,,27.4,0,1,0,0,18,7,0,4,0
Xaden Benson,191742,CB,HARVARD,9,0,0,179,,,,,,,64.0,,,75.8,2,1,0,0,48,0,6,10,2
Brady Blackburn,191743,WR,HARVARD,5,0,0,179,,,,,,,64.7,,,69.2,0,0,0,0,0,0,0,10,0
Kieran Corr,191744,K,HARVARD,10,0,0,179,,57.5,,,73.5,,63.4,,,75.4,0,0,41,0,58,0,0,0,0
Sanders Daniell,191745,TE,HARVARD,1,0,0,179,,,,,,,60.0,,,64.1,0,0,0,0,0,0,0,1,0
Dylan Fingersh,191749,P,HARVARD,3,0,0,179,,65.8,,,60.0,,60.0,,,64.7,0,0,6,0,1,0,0,0,0
Omari Gayles,191750,CB,HARVARD,1,0,0,179,,,,,,,60.8,,,65.7,0,0,0,0,2,0,0,1,0
Maddux Reid,191761,HB,HARVARD,1,0,0,179,,,,,,,59.8,,,63.9,0,0,0,0,0,7,0,0,0
Trey Thomas,191766,S,HARVARD,1,0,0,179,,,,,,,60.5,,,65.8,0,0,0,0,0,0,0,3,0
Luke Travaglini,191767,WR,HARVARD,1,0,0,179,,,60.0,,,,60.0,,,60.6,0,0,1,0,0,0,0,0,0
CJ Dale Jr.,191773,CB,HOWARD,1,0,0,184,59.9,,,,,,60.6,,,65.5,0,0,0,1,1,0,0,2,0
Jaydon Green,191774,K,HOWARD,12,0,0,184,,,63.5,,,,54.6,,46.0,29.6,0,2,23,0,0,0,54,0,0
Brendon McQueen,191783,WR,MO STATE,4,0,0,230,,,,,,,62.6,,,66.2,0,0,0,0,0,1,0,5,0
Kiron Benjamin,191787,HB,NORFOLK,5,0,0,244,,,,59.9,,,61.2,,,71.7,0,0,0,0,0,26,0,4,0
Lavontay Bond,191789,CB,NORFOLK,4,0,0,244,,,,,,,55.7,,,72.4,1,0,0,0,14,0,13,13,0
Eric Etienne,191791,DI,NORFOLK,6,0,0,244,58.8,,,,,,59.6,,,65.9,0,0,0,8,0,0,1,2,0
Jordan Harris,191797,ED,NORFOLK,7,0,0,244,58.5,,,,,,64.2,,,69.1,0,0,0,6,17,0,0,5,1
Avir Johnson,191799,ED,NORFOLK,4,0,0,244,,,,59.9,,,58.5,,,67.3,0,0,0,0,0,22,0,0,0
Robert Kendrick,191802,S,NORFOLK,10,1,0,244,60.0,,,,,,67.7,,,78.5,0,0,0,1,20,44,36,26,3
Parker Lancaster,191803,QB,NORFOLK,1,0,0,244,,,60.0,,,,60.7,,,61.2,0,0,4,0,0,0,0,1,0
Carlos Martin,191805,WR,NORFOLK,1,0,0,244,59.3,,,,,,60.0,,,63.5,0,0,0,1,0,0,0,1,0
Jaylen Parham,191808,HB,NORFOLK,1,0,0,244,,,,,,,60.0,,,64.2,0,0,0,0,0,7,0,0,0
Dawson Rivers,191810,DI,NORFOLK,8,0,0,244,58.7,,,,,,59.0,,,65.8,0,0,0,11,0,0,0,1,0
Dominic Theibault,191813,WR,NORFOLK,8,0,0,244,,,,59.9,,,56.3,,,28.9,0,1,0,0,0,40,0,14,0
Kam'ryn Thomas,191814,WR,NORFOLK,2,0,0,244,,,,,,,60.2,,,66.3,0,0,0,0,0,2,0,0,0
Jaquan Thornton,191815,CB,NORFOLK,8,1,0,244,59.8,,,,,,62.3,,,76.2,2,0,0,3,20,19,38,15,1
Martell Williams,191817,LB,NORFOLK,11,0,0,244,59.9,,,,,,65.6,,,72.6,0,0,0,12,11,0,2,34,0
Garon Kemp,191822,WR,YALE,3,0,0,352,,,,61.8,,,60.1,,,65.7,0,0,0,0,0,4,0,0,0
Kameron Armstrong,191828,CB,BUTLER,10,0,0,127,59.8,,,,,,71.0,,,75.3,0,0,0,4,66,16,0,20,2
Tommy Diamond,191831,LB,BUTLER,2,0,0,127,,,,,,,61.0,,,63.6,0,0,0,0,3,0,0,0,0
Graham Gilmartin,191833,ED,BUTLER,1,0,0,127,,,,,,,60.0,,,61.8,0,0,0,0,0,0,1,0,0
Beck Janki,191836,P,BUTLER,1,0,0,127,,61.8,,,,,60.0,,,63.3,0,0,3,0,0,0,0,0,0
Oscar Kirch,191838,LB,BUTLER,1,0,0,127,,,60.0,,,,60.6,,,61.5,0,0,2,0,0,0,0,0,0
Andrew Lieske,191839,S,BUTLER,2,0,0,127,,,,,,,61.7,,,69.3,0,0,0,0,2,1,0,2,0
Jerel Rhodes II,191847,HB,BUTLER,1,0,0,127,,,,,,,67.3,,,65.0,0,0,0,0,9,0,0,0,1
Shadon Shannon,191849,CB,BUTLER,12,0,0,127,60.0,,,,,,58.3,,,29.3,0,1,0,1,4,2,0,48,1
Griffin Simpson,191850,S,BUTLER,2,0,0,127,,,,,,,62.9,,,70.7,0,0,0,0,6,6,0,3,0
Max Thompson,191851,LS,BUTLER,1,0,0,127,,,60.0,,,67.6,60.9,,,61.4,0,0,2,0,0,0,0,0,0
Christian Black,191856,ED,FORDHAM,5,0,0,168,,,,,,,61.8,,,74.8,0,0,0,0,3,21,8,21,0
Amaurey Brooks,191857,S,FORDHAM,3,0,0,168,,,,,,,61.4,,,70.7,0,0,0,0,0,0,0,9,0
Jaylen Dawson,191858,LB,FORDHAM,11,0,0,168,60.2,,,,,,70.6,,,68.0,0,0,0,37,26,0,0,8,3
Bennett Henderson,191862,K,FORDHAM,12,0,0,168,,77.0,,,65.1,,63.1,,,74.6,0,0,33,0,49,0,0,0,1
Carter Hess,191863,DI,FORDHAM,6,0,0,168,59.1,,,,,,61.4,,,70.7,0,0,0,8,0,0,0,7,0
Tripp Holley,191864,QB,FORDHAM,1,0,0,168,,,,,,,60.0,,,63.3,0,0,0,0,0,0,0,0,0
Beau Jako,191867,S,FORDHAM,3,0,0,168,,,,,,,63.7,,,71.3,0,0,0,0,0,0,0,10,0
Terrence Jones,191868,CB,FORDHAM,12,1,0,168,60.0,,,,,,63.9,,,83.6,0,0,0,2,50,60,38,51,1
Isaiah Joseph,191869,LB,FORDHAM,1,0,0,168,,,,,,,61.6,,,71.8,0,0,0,0,0,0,0,5,0
Drew Minich,191874,S,FORDHAM,12,0,0,168,59.7,,,59.9,,,67.3,,,77.1,0,0,0,10,47,33,0,38,1
Cole Nelson,191875,ED,FORDHAM,4,0,0,168,60.0,,,,,,54.9,,,68.0,0,0,0,1,4,11,0,4,0
Boogie Owens,191876,S,FORDHAM,11,1,0,168,59.7,,,,,,62.8,,,73.5,1,0,0,44,12,12,0,14,1
Gavin Stanek,191883,S,FORDHAM,3,0,0,168,,,,,,,61.0,,,68.6,0,0,0,0,1,5,0,1,0
Alex Fiala,191885,LB,FORDHAM,1,0,0,168,,,,,,,60.2,,,64.9,0,0,0,0,1,0,0,1,0
Alijah Cason,191890,WR,HOLY CROSS,2,0,0,181,,,,79.8,,,59.8,,,62.5,0,0,0,0,0,8,0,0,0
Marco Coleman,191891,CB,HOLY CROSS,5,0,0,181,,,,,,,64.7,,,74.2,0,0,0,0,0,0,0,26,0
Lathan Croley,191893,LB,HOLY CROSS,10,1,0,181,,,,,,,73.0,,,29.6,1,1,0,0,50,0,0,44,7
Omarr Dixon,191894,CB,HOLY CROSS,1,0,0,181,,,,,,,60.6,,,67.6,0,0,0,0,0,0,0,2,0
SirCharles Gordon,191898,WR,HOLY CROSS,4,1,0,181,,,,,,,53.3,,,28.0,0,1,0,0,10,20,1,5,0
Braden Haas,191900,S,HOLY CROSS,5,0,0,181,,,,,,,64.0,,,69.0,0,0,0,0,4,0,0,17,0
Mason McSweeney,191902,TE,HOLY CROSS,12,0,0,181,,,,59.6,,,58.1,,,68.9,0,0,0,0,0,56,0,1,0
Caiden Newsome,191905,CB,HOLY CROSS,11,1,0,181,59.8,,,,,,60.4,,,77.4,2,0,0,2,5,0,39,35,0
Jordan Pritchard-Sewell,191907,DI,HOLY CROSS,5,0,0,181,58.1,,,,,,57.8,,,66.2,0,0,0,23,0,0,0,0,0
Jamal Bin-Yusif,191914,ED,MORGAN ST,2,0,0,235,59.8,,,,,,60.3,,,64.0,0,0,0,1,0,0,0,1,0
Keith Boddie Jr.,191916,WR,MORGAN ST,9,1,0,235,,,,,,,69.5,,,75.9,0,0,0,0,31,20,0,28,1
Maxim Copeland,191917,WR,MORGAN ST,11,0,0,235,,,,,,,71.5,,,75.4,0,0,0,0,9,0,16,37,0
Dashawn Fields,191919,DI,MORGAN ST,6,0,0,235,58.9,,,,,,59.1,,,65.4,0,0,0,8,0,0,0,2,0
Jalen Greene-Scarver,191921,LB,MORGAN ST,11,0,0,235,60.0,,68.2,,,,57.0,,,29.5,0,1,23,1,42,7,0,4,0
Kayden Harris,191922,LB,MORGAN ST,1,0,0,235,,,,,,,60.0,,,63.5,0,0,0,0,0,0,0,1,0
Josh Lowe,191924,DI,MORGAN ST,1,0,0,235,59.6,,,,,,59.8,,,62.4,0,0,0,1,0,0,0,0,0
Darius Mosley,191927,T,MORGAN ST,1,0,0,235,,,60.0,,,,61.0,,,62.9,0,0,5,0,0,0,0,0,0
Chance Pickard,191929,ED,MORGAN ST,3,0,0,235,59.5,,,,,,60.7,,,64.7,0,0,0,2,0,0,0,2,0
Davian Pryor,191930,CB,MORGAN ST,2,0,0,235,,,,,,,62.3,,,71.9,0,0,0,0,0,0,0,10,0
Blake Scriber,191931,G,MORGAN ST,1,0,0,235,,,60.0,,,,60.0,,,61.6,0,0,1,0,0,0,0,0,0
Arrington Adams,191932,ED,NICHOLLS,3,0,0,243,,,,,,,65.0,,,66.1,0,0,0,0,12,18,0,0,1
Miequle Brock,191935,HB,NICHOLLS,9,0,0,243,,,,64.7,,,60.0,60.0,,63.9,0,0,0,0,0,36,0,1,0
David Cresson,191937,CB,NICHOLLS,12,2,0,243,,,,,,,64.6,,,76.8,1,0,0,0,38,41,1,0,0
Marcus Dawson Jr.,191938,S,NICHOLLS,4,0,0,243,,,,,,,66.9,,,73.3,0,0,0,0,0,0,0,13,0
Camare Hampton,191942,WR,NICHOLLS,1,0,0,243,,,,,,,60.0,,,64.9,0,0,0,0,0,0,0,1,0
Shane Lee,191945,HB,NICHOLLS,1,0,0,243,,,,,,,61.4,,,64.0,0,0,0,0,4,0,0,0,0
Brian McQuaide,191947,WR,NICHOLLS,1,0,0,243,,,,,,,60.0,,,62.1,0,0,0,0,1,0,0,0,0
Korwin Scott,191952,CB,NICHOLLS,1,0,0,243,,,,,,,61.0,,,66.9,0,0,0,0,4,0,0,0,0
Taylor Thibodaux,191955,LB,NICHOLLS,2,0,0,243,,,,,,,74.5,,,70.8,0,0,0,0,4,0,0,7,2
Grady Kentch,191966,ED,N DAKOTA,6,0,0,249,,,,,,,66.7,,,74.1,0,0,0,0,0,0,0,12,0
Kenten Laughman,191968,K,N DAKOTA,2,0,0,249,,,,,67.2,,60.0,,,69.4,0,0,0,0,7,0,0,0,0
Gunnar Lym,191970,S,N DAKOTA,1,0,0,249,,,,,,,60.8,,,65.5,0,0,0,0,0,0,0,3,0
Sam Ostrenga,191971,CB,N DAKOTA,2,0,0,249,,,,,,,68.6,,,68.9,0,0,0,0,12,0,0,0,1
Randle Parker,191972,HB,N DAKOTA,2,0,0,249,,,,,,,61.1,,,64.7,0,0,0,0,4,0,0,0,0
Ayden Teeter,191978,G,N DAKOTA,10,0,0,249,,,74.4,,,,65.6,,,74.5,0,0,49,0,0,0,0,0,0
Myles Terry,191979,DI,N DAKOTA,1,0,0,249,59.7,,,,,,60.0,,,61.8,0,0,0,1,0,0,0,0,0
Henry Theobald,191981,CB,N DAKOTA,4,0,0,249,59.9,,,,,,67.9,60.0,,70.5,0,0,0,1,25,1,0,7,1
Jonnie Wiltshire,191983,S,N DAKOTA,11,1,0,249,59.8,,,,,,73.0,,,77.9,0,0,0,30,61,17,0,26,3
Logan Conklin,191984,WR,N DAK ST,1,0,0,250,,,60.0,,,,60.9,,,61.9,0,0,5,0,0,0,0,0,0
Taylen Eady,191985,S,N DAK ST,8,0,0,250,60.0,,,,,,63.6,,,73.9,0,0,0,2,7,8,0,17,0
Peder Haugo,191987,HB,N DAK ST,2,0,0,250,,,,,,,46.9,,,66.6,0,0,0,0,5,0,0,0,0
Will Steil,191998,S,N DAK ST,1,0,0,250,,,,,,,60.9,,,69.9,0,0,0,0,0,6,0,0,0
Will Washington,192003,CB,N DAK ST,5,0,0,250,59.8,,,,,,61.7,,,69.6,0,0,0,2,1,0,0,13,0
Jackson Williams,192004,WR,N DAK ST,15,0,0,250,,,,74.9,,,60.2,79.5,,68.4,0,0,0,0,4,57,0,50,0
Khaheim Bragg,192006,WR,ROB MORRIS,2,0,0,277,,,,,,,60.3,,,65.3,0,0,0,0,0,8,0,0,0
Cornel Brown III,192007,T,ROB MORRIS,4,0,0,277,,,63.8,,,,62.4,,,64.0,0,0,15,0,0,0,0,0,0
Justin Rosado Jr.,192017,WR,ROB MORRIS,1,0,0,277,,,,,,,60.4,,,65.1,0,0,0,0,2,0,0,0,0
Julian White,192021,HB,ROB MORRIS,2,0,0,277,,,,59.9,,,60.5,,,67.1,0,0,0,0,1,7,0,0,0
Nick Bakken,192024,T,S DAK ST,3,0,0,292,,,60.0,,,,61.2,,,65.8,0,0,4,0,0,0,0,0,0
Kobe Clayborne,192026,ED,S DAK ST,11,0,0,292,59.3,,,,,,59.9,,,65.5,0,0,0,20,0,0,0,2,0
Sammy Dresie,192028,WR,S DAK ST,1,0,0,292,,,,,,,63.7,,,71.5,0,0,0,0,0,0,0,6,0
Lofton O'Groske,192036,WR,S DAK ST,6,0,0,292,,,,59.4,,,55.4,,,66.1,0,0,0,0,2,5,2,1,0
Anthony Palano,192037,LB,S DAK ST,6,2,0,292,,,,,,,67.8,,,28.1,0,1,0,0,33,8,0,7,4
Carsten Reynolds,192040,LB,S DAK ST,1,0,0,292,,,,,,,64.2,,,65.6,0,0,0,0,2,0,0,1,0
Jack Smith,192043,WR,S DAK ST,2,0,0,292,,,,,,,65.7,,,91.4,0,0,0,0,1,0,0,5,0
Jack Stevens,192045,K,S DAK ST,2,0,0,292,,51.9,,,50.8,,60.0,,,65.5,0,0,3,0,2,0,0,0,0
Shane Willenbring,192050,C,S DAK ST,1,0,0,292,,,60.0,,,,60.5,,,64.8,0,0,2,0,0,0,0,0,0
Maxwell Woods,192051,HB,S DAK ST,5,0,0,292,,,,63.7,,,57.0,62.9,,64.1,0,0,0,0,0,13,0,3,0
Trey Ritch,192056,TE,W CAROLINA,1,0,0,344,,,,,,,67.8,,,64.3,0,0,0,0,3,0,0,0,1
Na'koma Simpson-Nealy,192057,S,W CAROLINA,1,0,0,344,59.9,,,,,,60.0,,,61.1,0,0,0,1,0,0,0,0,0
Hasaan Sykes,192058,CB,W CAROLINA,9,0,0,344,60.1,,,,,,58.7,,,73.3,0,0,0,4,0,14,23,6,0
Brendan Mariani,192065,LS,GEORGETOWN,8,0,0,172,,,,,,,63.4,60.0,,71.7,0,0,0,0,9,42,0,1,1
Joel Mireles,192067,LB,GEORGETOWN,2,0,0,172,,,,,,,66.1,,,73.5,0,0,0,0,1,0,0,14,0
Juan Rodriguez,192068,T,GEORGETOWN,1,0,0,172,,,60.0,,,,60.0,,,63.4,0,0,1,0,0,0,0,0,0
Michael Bonsu,192070,CB,GEORGETOWN,5,0,0,172,,,,,,,63.6,,,73.0,0,0,0,0,3,0,0,24,0
Matt Machalik,192072,QB,LEHIGH,5,0,0,205,,,61.5,59.2,,,59.2,,,67.6,0,0,9,0,0,23,0,0,0
Andrew Jackson-Dunaway,192085,ED,YNGTOWN ST,3,0,0,353,,,,,,,61.2,,,71.2,0,0,0,0,1,12,0,0,0
DJ Harris,192090,S,YNGTOWN ST,12,1,1,353,59.8,,,,,,67.3,,,76.6,0,1,0,23,34,20,19,35,5
Josh Wilkins,192092,K,YNGTOWN ST,3,0,0,353,,,,,61.2,,60.4,,,70.7,0,0,0,0,11,0,0,0,1
Solomon Farrell,192096,LB,YNGTOWN ST,1,0,0,353,,,,,,,60.0,,,64.5,0,0,0,0,0,0,0,1,0
Landon Feggins,192101,LB,CHATTNOOGA,5,0,0,137,,,,,,,61.5,,,71.0,0,0,0,0,4,19,1,5,0
Leroy Harris III,192102,ED,CHATTNOOGA,9,0,0,137,59.4,,,,,,63.2,,,68.7,0,0,0,13,0,1,0,13,0
Jett Hood,192105,CB,CHATTNOOGA,5,0,0,137,,,,,,,55.4,,,29.3,0,1,0,0,0,1,1,22,0
Gray Kelley,192108,K,CHATTNOOGA,4,0,0,137,,,,,58.8,,61.0,,,71.9,0,0,0,0,16,0,0,0,1
John McIntyre,192109,TE,CHATTNOOGA,12,0,0,137,,,72.4,59.9,,,62.4,,,71.9,0,0,40,0,0,55,0,0,0
Beni Mwamba,192110,CB,CHATTNOOGA,9,0,0,137,59.7,,,,,,63.5,,,74.3,0,0,0,22,2,0,6,31,0
Nick Paul,192112,G,CHATTNOOGA,12,0,0,137,,,75.6,,,,65.6,,,74.4,0,0,59,0,0,0,0,0,0
Tee Perry,192113,HB,CHATTNOOGA,1,0,0,137,,,,,,,60.7,,,65.0,0,0,0,0,0,0,0,3,0
Josh Williams,192117,WR,CHATTNOOGA,5,0,0,137,,,,,,,68.7,,,74.1,0,0,0,0,26,15,0,0,2
Journey Wyche,192118,HB,CHATTNOOGA,6,1,0,137,,,,,,,64.9,,,72.6,0,0,0,0,10,18,1,0,0
Marlon Ayers Jr.,192120,CB,E TENN ST,2,0,0,157,,,,,,,63.6,,,71.1,0,0,0,0,0,0,0,11,0
Mason Ball,192121,ED,E TENN ST,2,0,0,157,,,,,,,63.7,,,71.4,0,0,0,0,0,0,0,6,0
Jase Banco,192122,DI,E TENN ST,1,0,0,157,,,,,,,62.8,,,67.9,0,0,0,0,0,0,0,5,0
Izay Bridges,192124,WR,E TENN ST,1,0,0,157,,,,,,,59.9,,,64.8,0,0,0,0,0,3,0,0,0
Jeremiah Curry,192125,LB,E TENN ST,2,0,0,157,,,,,,,60.5,,,64.3,0,0,0,0,0,4,0,1,0
Jayson Graham,192131,S,E TENN ST,1,0,0,157,,,,,,,60.9,,,67.5,0,0,0,0,0,3,0,1,0
Andrew Hand,192134,S,E TENN ST,2,0,0,157,,,,,,,61.1,,,70.0,0,0,0,0,3,0,6,7,0
Baylor Hayes,192135,QB,E TENN ST,1,0,0,157,,,,,,,60.0,,61.0,64.5,0,0,0,0,0,0,2,0,0
Jack Hood,192136,T,E TENN ST,3,0,0,157,,,62.1,,,,62.1,,,63.9,0,0,12,0,0,0,0,0,0
Devin Ingram,192137,HB,E TENN ST,6,0,0,157,,,,,,,57.9,,,75.9,1,0,0,0,7,0,19,24,0
Taylor McClure,192140,LB,E TENN ST,1,0,0,157,,,,,,,60.0,,,60.0,0,0,0,0,0,0,0,1,0
Jackson Norkunas,192143,CB,E TENN ST,3,0,0,157,,,,,,,61.9,,,69.7,0,0,0,0,1,0,0,15,0
Javon Richardson,192145,WR,E TENN ST,3,0,0,157,,,,,,,60.3,,,66.1,0,0,0,0,0,12,0,0,0
Frank West,192147,G,E TENN ST,1,0,0,157,,,60.0,,,,61.1,,,64.4,0,0,4,0,0,0,0,0,0
Daniel Burke,192150,K,MOREHEAD,1,0,0,234,,,,,59.7,,60.0,,,64.2,0,0,0,0,1,0,0,0,0
Monterris Engram,192153,WR,MOREHEAD,3,0,0,234,,,,58.7,,,59.8,,,62.5,0,0,0,0,0,8,0,0,0
Jourdyn Graham,192155,DI,MOREHEAD,1,0,0,234,,,,,,,60.4,,,62.2,0,0,0,0,0,0,6,0,0
Damin Green,192156,WR,MOREHEAD,3,0,0,234,,,,71.9,,,61.7,61.0,,66.2,0,0,0,0,0,15,0,7,0
Trevion Green,192157,WR,MOREHEAD,3,0,0,234,,,,,,,62.8,,,69.4,0,0,0,0,7,0,0,10,0
Anthony Ice,192162,WR,MOREHEAD,1,0,0,234,,,,,,,59.8,,,61.6,0,0,0,0,0,2,0,0,0
Gabe Kays,192163,G,MOREHEAD,2,0,0,234,,,60.0,,,,61.0,,,62.9,0,0,5,0,0,0,0,0,0
Jackson Kink,192164,LB,MOREHEAD,3,0,0,234,,,,,,,65.4,,,65.6,0,0,0,0,10,0,0,0,1
Drew Nyangweso,192169,CB,MOREHEAD,11,0,0,234,59.5,,,,,,67.1,,,79.4,0,0,0,38,25,0,38,24,1
Isai Perez Jr.,192171,DI,MOREHEAD,10,0,0,234,57.0,,,,,,48.2,,,28.2,0,1,0,44,0,0,0,0,0
Mateo Reyes,192174,S,MOREHEAD,12,0,0,234,59.8,,,,,,75.9,,,81.6,0,0,0,7,46,56,65,39,8
Dillon Schobourgh,192176,LB,MOREHEAD,10,0,0,234,59.7,,,,,,62.0,,,68.4,0,0,0,26,1,0,0,12,0
Isaiah Watts,192177,S,MOREHEAD,4,0,1,234,,,,,,,49.4,,,27.5,0,1,0,0,10,0,0,13,1
Troy Woolaston,192179,TE,MOREHEAD,10,0,0,234,,,,,,,60.8,,,72.7,0,0,0,0,6,51,0,2,0
Jacob Ziegler,192182,T,MOREHEAD,11,0,0,234,,,72.8,,,,64.8,,,74.1,0,0,40,0,0,0,0,0,0
Evan Baalbaky,192184,CB,STTHOM,2,0,0,1129,,,,,,,70.8,,,69.0,0,0,0,0,6,4,2,2,2
Charlie Bern,192185,ED,STTHOM,2,0,0,1129,,,,,,,61.7,,,72.1,0,0,0,0,6,15,2,0,0
Mariano Birdno,192186,TE,STTHOM,8,0,0,1129,,,68.6,73.0,,,62.0,,,70.2,0,0,26,0,0,22,2,0,0
Taran Blasy,192187,LB,STTHOM,4,1,0,1129,,,60.0,,,,64.4,,,34.3,0,1,6,0,19,10,11,18,0
Ben Buesgens,192188,WR,STTHOM,6,0,0,1129,,,,,,,63.2,,,74.0,0,0,0,0,0,24,2,31,0
Cade Caruso,192189,LB,STTHOM,1,0,0,1129,,,60.0,,,66.0,60.0,,,60.8,0,0,1,0,0,0,0,0,0
Quentin Cobb-Butler,192191,WR,STTHOM,2,0,0,1129,,,,59.6,,,60.3,,,62.9,0,0,0,0,0,13,0,0,0
Marc Coy,192192,HB,STTHOM,4,0,0,1129,,,64.2,59.9,,,62.6,,,71.7,0,0,13,0,0,7,0,7,0
Andrew Eichmann,192194,WR,STTHOM,5,0,0,1129,,,,,,,59.4,,,29.8,0,1,0,0,0,19,5,15,1
Ben Hoiland,192198,K,STTHOM,8,0,0,1129,,64.7,,,44.5,,62.8,,,72.6,0,1,35,0,33,0,0,0,0
Aiden Horel,192199,G,STTHOM,2,0,0,1129,,,60.1,,,,61.9,,,65.0,0,0,9,0,0,0,0,0,0
Joseph Koch,192206,HB,STTHOM,7,0,0,1129,,,,58.7,,,40.1,,,26.9,0,1,0,0,0,17,1,4,0
Cam Miller,192211,FB,STTHOM,11,0,0,1129,,,72.1,59.6,,,65.6,,,81.2,1,0,39,0,0,55,48,42,1
Cody Stordahl,192217,LB,STTHOM,12,0,0,1129,59.9,,31.6,,,59.6,42.1,,,29.3,3,1,45,3,0,5,31,0,0
Robert Powell,192221,CB,VA MILT IN,4,0,0,336,59.9,,,,,,61.7,,,66.9,0,0,0,4,6,0,0,0,0
Anthony Allen,192222,S,VA MILT IN,4,0,0,336,60.0,,,,,,60.8,,,63.8,0,0,0,4,1,0,0,1,0
Leo Boehling,192224,HB,VA MILT IN,7,0,0,336,,,,57.7,,,57.6,,,74.3,1,0,0,0,1,42,12,14,0
Austin Fletcher,192229,LS,VA MILT IN,12,0,0,336,,,72.0,,,79.2,78.5,,,68.1,0,0,28,0,0,0,83,0,1
Noah Grevious,192231,WR,VA MILT IN,3,0,0,336,,,,59.9,,,61.3,,,69.9,0,0,0,0,0,11,7,7,0
Ethen Horne,192236,WR,VA MILT IN,4,0,0,336,,,,59.4,,,42.9,,,69.9,2,0,0,0,1,11,6,2,0
DJ Jones,192238,LB,VA MILT IN,1,0,0,336,,,,,,,60.7,,,68.3,0,0,0,0,0,5,0,0,0
Jack Joyce,192240,K,VA MILT IN,8,0,0,336,,,,,60.1,,61.9,,,73.7,0,0,0,0,26,0,0,0,0
Gavin Kamody,192242,S,VA MILT IN,2,0,0,336,,,,,,,62.6,,,68.6,0,0,0,0,1,0,0,8,0
Asa Locks,192246,CB,VA MILT IN,12,0,0,336,59.7,,,,,,64.7,,,82.9,0,0,0,65,2,0,5,54,0
Malik McNeely,192247,WR,VA MILT IN,1,0,0,336,,,,,,,62.0,,,65.8,0,0,0,0,0,0,0,5,0
Amaje Parker,192252,CB,VA MILT IN,10,1,0,336,59.8,,,,,,56.3,,,42.4,3,1,0,2,7,0,54,8,1
Aslin Shipe,192255,HB,VA MILT IN,4,0,0,336,,,,56.7,,,60.5,,,63.2,0,0,0,0,0,20,0,0,0
Owen Sweeney,192256,WR,VA MILT IN,3,0,0,336,,,,,,,64.9,,,72.3,2,0,0,0,0,0,24,9,2
Cole Varner,192259,HB,VA MILT IN,1,0,0,336,,,,,,,70.1,,,64.6,0,0,0,0,2,0,0,0,1
Britin Witt,192262,G,VA MILT IN,11,0,0,336,,,71.0,,,,64.1,,,69.5,0,0,29,0,0,0,0,0,0
Tyric Hinton,192266,DI,ALAB A&M,2,0,0,104,59.5,,,,,,59.7,,,63.3,0,0,0,2,0,0,0,0,0
Davis Smith,192270,S,ALAB A&M,3,0,0,104,60.0,,60.0,,,66.0,60.6,,,61.9,0,0,1,4,0,0,0,0,0
Ta'Shaun Sims,192278,S,ALABAMA ST,11,1,0,105,60.2,,,,,,70.2,,,78.4,2,0,0,6,47,0,14,28,3
Garrett Wilemon,192281,LS,ALABAMA ST,11,0,0,105,,,64.9,,,57.5,54.7,,,29.1,1,1,7,0,0,0,57,0,0
Landon Bolding,192283,ED,FL A&M,2,0,0,164,,,,,,,63.0,,,69.3,0,0,0,0,9,0,0,5,0
Jacobie Dilworth,192285,WR,FL A&M,1,0,0,164,,,,,,,61.8,,,66.6,0,0,0,0,5,0,0,0,0
Jeremy Fishkin,192287,C,FL A&M,1,0,0,164,,,60.0,,,,60.6,,,61.7,0,0,4,0,0,0,0,0,0
Caleb Riley,192292,C,FL A&M,3,0,0,164,,,66.3,,,,62.9,,,66.9,0,0,12,0,0,0,0,0,0
Gunnar Trout,192295,P,FL A&M,8,0,0,164,,,65.2,,,,62.7,,67.3,69.8,0,0,37,0,0,0,29,0,1
Christopher Williams,192297,C,FL A&M,4,0,0,164,,,67.0,,,,63.8,,,72.3,0,0,20,0,0,0,0,0,0
Jace Bardwell,192299,DI,INCAR WORD,3,0,0,189,59.6,,69.6,,,,63.5,,,69.9,0,0,20,1,0,0,0,0,0
Patrick Bridges,192300,WR,INCAR WORD,3,0,0,189,,,,,,,62.4,,,68.5,0,0,0,0,14,6,0,0,0
Kaden Jammer,192302,CB,INCAR WORD,1,0,0,189,,,,,,,60.0,,,63.6,0,0,0,0,1,0,0,0,0
Julian Lee,192303,K,INCAR WORD,5,0,0,189,,,,,51.8,,62.1,,,74.1,1,0,0,0,29,0,0,0,1
Josh Lorick,192305,WR,INCAR WORD,3,0,0,189,,,,,,,60.0,,,65.2,0,0,0,0,0,0,3,0,0
Isaiah Pruitt,192308,S,INCAR WORD,1,0,0,189,60.0,,,,,,60.0,,,62.9,0,0,0,1,0,0,0,0,0
Jackson Bandy,192310,LB,LAMAR,3,0,0,204,,,,,,,63.1,,,68.3,0,0,0,0,4,0,0,6,0
Isaac Blessing,192312,LB,LAMAR,1,0,0,204,,,,,,,62.2,,,67.7,0,0,0,0,0,5,0,5,0
Cash Cross,192315,WR,LAMAR,3,0,0,204,,,,,,,48.1,,,70.7,1,0,0,0,7,1,1,1,0
Alexandre Dedieu,192316,ED,LAMAR,9,0,2,204,59.5,,,,,,34.5,,,26.7,0,2,0,5,11,0,0,17,0
Dillon Dixon,192318,LB,LAMAR,4,0,0,204,,,,,,,67.2,,,71.4,0,0,0,0,18,0,0,0,1
Trace Holmes,192322,S,LAMAR,2,0,0,204,,,,,,,57.1,,,70.1,0,0,0,0,4,7,3,0,0
Jordan James,192323,S,LAMAR,1,0,0,204,,,,,,,60.6,,,68.3,0,0,0,0,0,0,0,4,0
Chase Leon,192324,P,LAMAR,12,0,0,204,,,66.2,,71.6,,57.9,,60.7,37.7,0,2,48,0,57,0,46,0,0
C.J. Miller,192327,LB,LAMAR,11,1,0,204,60.1,,,,,,66.0,,,78.6,1,0,0,3,47,41,3,27,2
Jameer Muhammad,192328,HB,LAMAR,4,0,1,204,,,,,,,45.9,,,27.0,0,1,0,0,16,7,0,0,0
IyiolaOluwa Solomi,192329,DI,LAMAR,2,0,0,204,59.6,,,,,,29.8,,,24.6,0,1,0,1,0,0,0,2,0
Nick Rossomando,192332,LB,LAMAR,12,0,0,204,,,,59.9,,,58.3,,,29.9,0,1,0,0,40,32,0,37,1
Brit Simmons,192334,WR,LAMAR,1,0,0,204,,,,,,,59.9,,,65.8,0,0,0,0,0,6,0,0,0
Zaylon Stoker,192338,CB,LAMAR,2,0,0,204,,,,,,,59.6,,,67.2,0,0,0,0,0,0,4,0,0
Jason Blackwell II,192343,CB,NWSTATE,1,0,0,257,60.0,,,,,,60.0,,,61.0,0,0,0,2,0,0,0,0,0
Trevon Bradford,192344,TE,NWSTATE,3,0,0,257,,,60.0,57.5,,,59.6,,,67.1,0,0,4,0,0,15,0,0,0
Logan Brady,192345,C,NWSTATE,1,0,0,257,,,,,,,60.0,,,63.3,0,0,0,0,0,0,1,0,0
Ben Buisson,192346,WR,NWSTATE,1,0,0,257,,,,,,,60.0,,,64.2,0,0,0,0,0,0,0,1,0
Ford Clark,192350,ED,NWSTATE,2,0,0,257,,,,,,,60.0,,,67.7,0,0,0,0,0,12,0,0,0
Jack Devens,192353,LS,NWSTATE,8,0,0,257,,,79.0,,,76.4,56.6,,,63.2,2,0,27,0,0,0,2,0,0
Gylen Ford,192354,S,NWSTATE,5,0,0,257,,,,,,,62.7,,,74.0,0,0,0,0,8,26,0,1,0
Matt Gower,192355,TE,NWSTATE,4,0,0,257,,,60.0,,,,66.2,,,66.6,0,0,8,0,0,32,0,0,0
Hayden Jenkins,192359,LB,NWSTATE,4,0,0,257,60.1,,,,,,65.2,,,68.0,0,0,0,10,3,0,0,4,1
Sam Kirsch,192362,DI,NWSTATE,1,0,0,257,,,,,,,60.0,,,64.9,0,0,0,0,0,0,0,1,0
Kaden Mackey,192364,S,NWSTATE,8,0,0,257,60.1,,,,,,68.2,,,70.8,0,0,0,21,14,11,15,8,0
Ty Olivier,192367,FB,NWSTATE,2,0,0,257,,,,,,,61.0,,,65.1,0,0,0,0,5,0,0,1,0
Brock Reddic,192369,DI,NWSTATE,4,0,0,257,,,,,,,61.0,,,66.2,0,0,0,0,0,0,34,0,0
Brennon Thompson,192372,WR,NWSTATE,1,0,0,257,,,,,,,59.2,,,65.1,0,0,0,0,0,0,4,0,0
Andre Williams,192375,LB,NWSTATE,1,1,0,257,59.3,,,,,,69.6,,,67.5,1,0,0,2,0,0,10,0,1
Braden Woods,192376,ED,NWSTATE,1,0,0,257,,,,,,,60.0,,,63.6,0,0,0,0,1,0,0,0,0
Amaeze Nwaemo,192380,LB,PRVIEW A&M,5,0,0,270,,,,,,,57.2,,,28.3,0,1,0,0,27,20,0,3,2
Eric Zachery,192382,CB,PRVIEW A&M,9,0,0,270,59.7,,,,,,46.2,,,27.9,0,1,0,19,0,1,0,5,0
Lookman Balogun,192383,T,SO UTAH,1,0,0,298,,,60.0,,,,60.0,,,63.7,0,0,1,0,0,0,0,0,0
Elija Griffin,192385,CB,SO UTAH,1,0,0,298,,,,,,,63.4,,,69.0,0,0,0,0,4,0,0,4,0
Lee Alexander Jr.,192388,LB,CITADEL,3,0,0,139,,,,,,,62.2,,,67.9,0,0,0,0,8,4,0,0,0
Luke Anderson,192389,LB,TARLETON,6,0,0,401,59.8,,,,,,64.3,,,69.3,0,0,0,2,1,0,0,15,0
Jalen Bell,192391,S,LIUSHAR,9,0,0,1298,60.1,,,,,,69.7,,,69.8,0,0,0,6,20,0,12,7,1
Sebastien Boyle,192398,WR,CITADEL,1,0,0,139,,,60.0,,,,60.0,,,60.9,0,0,2,0,0,0,0,0,0
Evan Byrd,192403,S,CITADEL,12,0,0,139,84.3,,,,,,79.5,,,70.1,2,0,0,38,52,0,0,10,2
Berlin Campfort,192404,CB,CITADEL,3,0,0,139,,,,,,,73.5,,,71.5,0,0,0,0,7,0,5,3,1
Kyon Conyers,192406,LB,LIUSHAR,7,0,0,1298,60.0,,,,,,66.9,,,71.7,0,0,0,1,28,0,3,0,1
Martavius Durden Jr.,192414,LB,LIUSHAR,7,0,0,1298,60.0,,,,,,51.0,,,27.7,0,2,0,1,22,19,0,0,1
Pierre Fertil,192416,CB,CITADEL,1,0,0,139,,,,,,,61.0,,,63.6,0,0,0,0,3,0,0,0,0
Scoop Gardner Jr.,192418,DI,LIUSHAR,10,0,0,1298,58.4,,,,,,47.4,,,27.8,0,1,0,14,0,0,0,12,0
HJ Grigsby III,192420,HB,CITADEL,1,0,0,139,,,,,,,60.4,,,65.1,0,0,0,0,2,0,0,0,0
Keondre Hodges,192428,ED,LIUSHAR,2,0,0,1298,59.1,,,,,,59.1,,,63.3,0,0,0,5,0,0,0,0,0
Sam Houston,192431,DI,TARLETON,1,0,0,401,,,,,,,60.0,,,64.1,0,0,0,0,0,0,0,1,0
Brock Hundley,192432,T,CITADEL,2,0,0,139,,,60.2,,,,61.7,,,68.3,0,0,6,0,0,0,0,0,0
Kyle Jackson,192433,LB,TARLETON,14,0,0,401,60.2,,,,,,57.4,,,77.9,1,0,0,21,0,48,51,4,0
Ryan Johnson,192436,LB,CITADEL,5,0,0,139,60.0,,,,,,63.2,,,71.2,0,0,0,1,20,9,3,0,0
Bradley Kamga,192437,T,LIUSHAR,1,0,0,1298,,,60.0,,,,60.0,,,61.0,0,0,1,0,0,0,0,0,0
Braylon Knauth,192438,WR,CITADEL,12,0,0,139,,,,59.2,,,61.1,71.7,,67.1,0,0,0,0,0,59,0,44,0
Jaleel Laffitte,192440,CB,CITADEL,12,0,0,139,60.1,,,,,,62.8,,,72.4,0,0,0,27,9,3,0,4,0
Jaylin Lewis,192442,S,LIUSHAR,4,0,0,1298,60.0,,,,,,56.2,,,68.3,0,0,0,8,0,0,5,3,0
Nikolas Mirabella,192446,LB,CITADEL,12,0,0,139,,,,,,,70.2,,,87.9,2,0,0,0,55,58,48,42,4
Cory Nichols,192448,WR,LIUSHAR,12,0,0,1298,,,,58.1,,,59.9,,,68.6,0,0,0,0,5,64,6,0,0
Reese Patterson,192453,CB,CITADEL,1,0,0,139,59.9,,,,,,60.0,,,61.1,0,0,0,1,0,0,0,0,0
Will Pickren,192458,S,CITADEL,9,1,0,139,59.9,,,,,,65.9,,,76.5,0,0,0,7,33,11,17,9,1
Jeremiah Postell,192459,S,TARLETON,14,0,0,401,60.0,,,,,,63.1,60.3,,41.6,0,1,0,10,79,58,0,28,1
Bam Smith,192461,LB,TARLETON,14,0,0,401,59.6,,,,,,63.5,,,71.2,0,0,0,33,0,0,0,22,0
Braden Smith,192462,DI,TARLETON,2,0,0,401,59.7,,,,,,59.3,,,65.6,0,0,0,1,0,0,0,2,0
Branson Tita-Nwa,192470,CB,TARLETON,14,0,0,401,59.9,,,,,,72.6,,,51.2,0,1,0,14,81,0,62,15,6
Nathan Tokar,192471,LS,CITADEL,12,0,0,139,,,73.8,,,72.9,70.3,,,67.0,0,2,54,0,0,0,52,0,1
Braylon Vincent,192475,S,LIUSHAR,3,0,0,1298,,,,,,,59.7,,,66.1,0,0,0,0,0,0,3,1,0
Marshall Washington,192476,CB,LIUSHAR,9,0,0,1298,60.0,,,,,,64.9,,,74.7,0,0,0,27,4,0,1,31,0
Vililami Wolfgramm,192481,DI,TARLETON,13,0,0,401,58.3,,,,,,59.3,,,71.3,0,0,0,24,0,0,0,5,0
Jack Bohm-Squicciarini,192485,TE,BUCKNELL,5,0,0,125,,,,,,,59.0,,,68.5,0,0,0,0,0,27,0,0,0
Jack Perozek,192491,T,DAVIDSON,10,0,0,149,,,24.5,,,,52.2,,,76.8,0,0,51,0,1,45,0,4,0
Monte Gillman,192497,WR,MONTANA,1,0,0,232,,,,,,,59.8,,,65.8,0,0,0,0,0,0,2,0,0
Kyon Loud,192502,CB,MONTANA,12,0,0,232,59.8,,,,,,61.3,,,69.4,0,0,0,15,0,0,0,4,0
Garrett Speer,192511,S,MONTANA,2,0,0,232,60.0,,,,,,60.1,,,64.6,0,0,0,1,0,0,0,1,0
Trevor Steinbach,192512,T,MONTANA,1,0,0,232,,,60.0,,,,60.0,,,61.0,0,0,1,0,0,0,0,0,0
LJ Green,192521,WR,MURRAY ST,1,0,0,236,,,,,,,30.4,,,69.2,0,0,0,0,5,0,6,0,0
Esteban Guillory,192522,S,MURRAY ST,11,0,0,236,59.7,,,,,,61.4,,,81.0,1,0,0,43,44,17,8,27,1
James Jackson,192524,CB,MURRAY ST,8,1,0,236,59.7,,,,,,65.7,60.3,,72.2,0,0,0,12,8,0,0,11,0
Chip McCuiston,192526,TE,MURRAY ST,10,1,0,236,,,,,,,64.7,,,78.0,0,0,0,0,15,70,11,24,0
Thomas O'Hara,192529,P,MURRAY ST,12,0,0,236,,,65.7,,,,63.5,,69.5,73.9,0,0,42,0,0,0,64,0,0
Huseyin Simsir,192535,TE,MURRAY ST,6,0,0,236,,,,,,,58.7,,,70.4,0,0,0,0,0,39,0,0,0
Malachi Smith,192536,CB,MURRAY ST,1,0,0,236,59.9,,,,,,60.0,,,63.6,0,0,0,1,0,0,0,0,0
Jordan Sonnabend,192537,LB,MURRAY ST,12,1,0,236,59.0,,,,,,60.2,,,29.7,0,1,0,10,47,0,0,35,1
Juju Starks,192538,HB,MURRAY ST,1,0,0,236,,,,,,,60.4,,,65.4,0,0,0,0,0,0,0,2,0
Trevor Barry,192542,LB,NEW HAMP,3,0,0,240,,,,,,,63.9,,,66.6,0,0,0,0,0,0,0,8,0
Cohen Cook,192544,S,NEW HAMP,2,0,0,240,,,,,,,62.8,,,69.1,0,0,0,0,0,0,0,5,0
Malik Diaby,192545,CB,NEW HAMP,1,0,0,240,,,,,,,60.6,,,66.1,0,0,0,0,0,0,0,3,0
Tyler Habersham-Agbemenu,192551,T,NEW HAMP,4,0,0,240,,,70.7,,,,63.6,,,63.2,0,0,21,0,0,0,0,0,0
Dom Herrling,192552,WR,NEW HAMP,1,0,0,240,,,,,,,60.0,,,63.0,0,0,0,0,0,1,0,0,0
Isaiah Jones,192553,LB,NEW HAMP,5,0,0,240,,,,,,,63.7,,,29.4,0,1,0,0,23,0,0,18,2
Ty Miles,192556,C,NEW HAMP,1,0,0,240,,,60.0,,,,61.5,,,64.2,0,0,7,0,0,0,0,0,0
Logan Perez,192559,WR,NEW HAMP,11,0,0,240,,,,,,,68.5,61.7,,74.8,0,0,0,0,51,0,5,20,1
Jacoby Sherard,192561,DI,NEW HAMP,11,0,0,240,57.9,,,,,,58.6,,,68.4,0,0,0,29,0,0,0,8,0
T.J. Wyman,192563,TE,NEW HAMP,3,0,0,240,,,64.3,,,,62.9,,,70.3,0,0,13,0,0,0,0,0,0
Hyson Bey-Buie,192566,DI,N IOWA,3,0,0,255,58.9,,,,,,59.6,,,65.8,0,0,0,13,0,0,0,2,0
Briggs Hughston,192574,TE,N IOWA,2,0,0,255,,,,,,,59.5,,,65.8,0,0,0,0,0,13,0,0,0
Brady McDonald,192578,TE,N IOWA,1,0,0,255,59.4,,,,,,59.7,,,63.1,0,0,0,1,0,0,0,0,0
Braden McShane,192579,ED,N IOWA,1,0,0,255,59.3,,,,,,59.4,,,62.6,0,0,0,2,0,0,0,0,0
Cale McThenia,192580,QB,N IOWA,1,0,0,255,59.9,,,,,,60.2,,,64.3,0,0,0,3,0,0,0,0,0
Isaiah Pinks,192582,CB,N IOWA,1,0,0,255,,,,,,,60.0,,,64.6,0,0,0,0,1,0,0,0,0
Aidan Salow,192584,DI,N IOWA,1,0,0,255,,,,,,,60.0,,,62.4,0,0,0,0,1,0,0,0,0
Antonio Scott,192585,S,N IOWA,8,0,0,255,60.0,,,,,,51.7,,,27.9,0,1,0,3,38,0,3,4,0
Parker Thomas,192588,DI,N IOWA,3,0,0,255,59.2,,,,,,59.8,,,66.3,0,0,0,12,0,0,0,1,0
Connor Cronin,192592,LB,PRINCETON,1,0,0,272,,,,,,,61.7,,,64.2,0,0,0,0,5,0,0,0,0
Kenny Jordan,192596,HB,PRINCETON,9,0,0,272,,,,50.6,,,60.6,,,65.0,0,0,0,0,0,47,0,1,0
Trashawn Adams,192606,S,STF AUSTIN,12,0,0,301,59.6,,,,,,61.5,88.9,,69.4,0,0,0,35,2,0,0,13,0
Giovanny Alegria,192607,G,STF AUSTIN,9,0,0,301,,,78.5,,,,65.8,,,64.5,0,0,60,0,0,0,0,0,0
Daniel Anenih,192608,LB,STF AUSTIN,1,0,0,301,,,,,,,60.5,,,63.1,0,0,0,0,2,0,0,0,0
Favour Awodoyin,192611,T,STF AUSTIN,1,0,0,301,,,60.6,,,,62.0,,,62.4,0,0,11,0,0,0,0,0,0
Jake Gillespie,192616,S,STF AUSTIN,9,0,0,301,,,,,,,66.1,,,72.4,0,0,0,0,60,31,32,2,1
Jaxon Hart,192617,TE,STF AUSTIN,2,0,0,301,,,,,,,62.3,,,66.1,0,0,0,0,2,0,0,3,0
Isaac Jones,192620,WR,STF AUSTIN,1,0,0,301,,,,,,,47.3,,,67.9,0,0,0,0,6,0,0,0,0
Lowote Jurkin,192622,ED,STF AUSTIN,1,0,0,301,60.0,,,,,,60.3,,,65.2,0,0,0,1,0,0,0,2,0
Cameron Kelley,192623,WR,STF AUSTIN,2,0,0,301,,,,,,,61.2,,,65.8,0,0,0,0,3,1,0,0,0
K'Mard Kimble,192624,DI,STF AUSTIN,3,0,0,301,59.1,,,,,,59.2,,,65.8,0,0,0,5,0,0,0,1,0
Donovan Lang,192625,CB,STF AUSTIN,2,0,0,301,,,,,,,47.3,60.0,,66.4,0,0,0,0,1,0,0,4,0
Cannon Lemberg,192626,WR,STF AUSTIN,11,0,0,301,,,,62.5,,,61.0,55.4,,69.6,0,0,0,0,6,20,0,31,0
Chris Martinez,192628,HB,STF AUSTIN,10,1,0,301,,,,42.3,,,67.8,,60.0,77.4,0,0,0,0,38,34,1,29,0
Jayvin Mayfield,192629,CB,STF AUSTIN,1,0,0,301,,,,,,,61.3,,,63.9,0,0,0,0,5,0,0,0,0
Makali McKellar,192630,CB,STF AUSTIN,1,0,0,301,,,,,,,61.1,,,67.9,0,0,0,0,4,0,0,0,0
Kameron Reddic,192633,S,STF AUSTIN,9,0,0,301,59.9,,,,,,72.9,,,73.6,0,0,0,2,58,0,0,13,3
Chance Sautter,192634,S,STF AUSTIN,12,1,0,301,60.0,,,,,,84.3,60.3,,81.5,0,0,0,2,79,48,36,31,5
Ta'Erik Tate,192636,WR,STF AUSTIN,2,0,0,301,,,,,,,60.0,,,67.1,0,0,0,0,0,0,0,2,0
Clayton Wayland,192641,WR,STF AUSTIN,7,0,0,301,,,,,,,61.7,,,72.8,0,0,0,0,0,15,1,9,0
Darren Wiancko,192642,G,STF AUSTIN,6,0,0,301,,,60.0,,,,59.2,,,65.8,0,0,1,0,0,0,19,0,0
Michael Woods,192643,LB,STF AUSTIN,1,0,0,301,,,,,,,65.3,,,67.2,0,0,0,0,5,1,0,1,1
Donovan Aidoo,192644,S,WEBER ST,2,0,0,342,,,,,,,60.8,,,66.4,0,0,0,0,3,0,0,0,0
Oscar Doyle,192649,P,WEBER ST,12,0,0,342,,,67.3,,,,63.3,,70.1,71.2,0,0,65,0,0,0,47,0,0
Frankie Edwards III,192650,CB,WEBER ST,12,0,0,342,60.0,,,,,,64.1,,,75.8,0,0,0,17,3,0,4,46,0
Davion Godley,192652,HB,WEBER ST,8,0,0,342,,,,,,,55.8,,,75.0,1,0,0,0,31,3,0,27,0
Chipper Harding,192653,S,WEBER ST,8,0,0,342,,,,,,,68.5,,,77.6,0,0,0,0,32,49,0,19,2
Tamal Johnson,192655,CB,WEBER ST,10,2,0,342,,,,,,,65.4,,,28.8,0,1,0,0,50,0,1,17,2
Noah Kjar,192658,WR,WEBER ST,11,0,0,342,,,,81.8,,,47.6,72.8,,27.9,0,1,0,0,1,56,0,7,0
Aizik Mahuka,192660,LB,WEBER ST,12,0,0,342,60.4,,,,,,66.1,,,75.4,1,0,0,33,51,60,0,7,3
Aidan O'Callaghan,192664,ED,WEBER ST,4,0,0,342,,,,,,,67.1,,,69.7,0,0,0,0,21,4,0,0,1
Khalil Stolden,192671,S,WEBER ST,4,0,0,342,,,,,,,58.4,,,28.1,0,1,0,0,19,1,0,4,1
Chauncey Sylvester,192672,FB,WEBER ST,2,0,0,342,,,,,,,60.3,,,63.8,0,0,0,0,1,3,0,0,0
Mason York,192674,WR,WEBER ST,2,0,0,342,59.7,,,,,,60.1,,,62.8,0,0,0,1,1,0,0,0,0
Raydrian Baltrip,192677,WR,ABILENE CH,5,0,0,100,,,,58.9,,,59.8,,,67.6,0,0,0,0,0,29,4,0,0
Deonte Dean,192679,HB,ABILENE CH,1,0,0,100,,,,,,,60.2,,,64.6,0,0,0,0,0,5,0,0,0
Carson Finney,192680,S,ABILENE CH,14,0,1,100,,,,59.9,,,60.7,,,80.5,0,1,0,0,6,60,26,63,0
Jailyn Gibbs,192682,ED,ABILENE CH,2,0,0,100,59.7,,,,,,59.9,,,63.5,0,0,0,2,0,0,0,0,0
Micho Lavine,192686,LB,ABILENE CH,4,0,0,100,,,,,,,65.6,,,75.0,0,0,0,0,18,12,0,10,0
Trace Low,192687,LB,ABILENE CH,11,0,0,100,,,,,,,67.4,,,81.6,0,0,0,0,13,31,0,37,0
Skyler Mayer,192688,CB,ABILENE CH,1,0,0,100,,,,,,,60.0,,,62.3,0,0,0,0,0,1,0,0,0
Langston Myrick,192689,TE,ABILENE CH,2,0,0,100,59.8,,,,,,60.3,,,64.9,0,0,0,1,0,0,1,1,0
Gabe White,192694,CB,ABILENE CH,4,0,0,100,,,,,,,62.6,,,75.2,1,0,0,0,2,11,10,19,1
Mason Baldic,192695,ED,BROWN,3,0,0,123,,,,,,,62.3,,,65.6,0,0,0,0,8,0,0,0,0
Matt Childs,192700,HB,BROWN,2,0,0,123,,,,,,,60.2,,,66.3,0,0,0,0,0,4,0,0,0
Will Currid,192701,QB,BROWN,3,0,0,123,,,61.3,,,,61.0,,,60.7,0,0,12,0,0,0,0,0,0
Liam Fitzgerald,192704,DI,BROWN,1,0,0,123,60.0,,,,,,60.0,,,61.1,0,0,0,1,0,0,0,0,0
Malcolm Flynn,192705,P,BROWN,7,0,0,123,,,64.2,,,,61.6,,,61.0,0,0,28,0,0,0,0,0,0
Trevor Foley,192706,WR,BROWN,1,0,0,123,,,,,,,60.0,,,64.7,0,0,0,0,0,0,0,1,0
Jadon Garza-Pender,192707,TE,BROWN,4,0,0,123,,,,59.9,,,58.7,,,68.5,0,0,0,0,0,25,0,0,0
Nathan Marsh,192713,ED,BROWN,1,0,0,123,59.6,,,,,,59.8,,,62.0,0,0,0,1,0,0,0,0,0
Chris Rossetti,192717,LB,BROWN,2,0,0,123,,,,,,,60.0,,,64.9,0,0,0,0,0,12,0,0,0
Beau Smith,192720,T,BROWN,7,0,0,123,,,70.1,,,,64.0,,,71.2,0,0,28,0,0,0,0,0,0
Marcus Sukkar,192721,ED,BROWN,4,0,0,123,,,66.8,,,,63.0,,,67.7,0,0,13,0,0,0,0,0,0
Marcel Anderson,192728,CB,BRYANT,7,0,0,124,59.8,,,,,,62.3,,,69.7,0,0,0,8,16,0,0,0,0
Xavier Belton,192732,LB,BRYANT,2,0,0,124,59.9,,,,,,62.2,,,70.8,0,0,0,3,4,0,0,1,0
Ezra Carter,192735,S,BRYANT,1,0,0,124,59.9,,,,,,37.4,,,26.2,0,1,0,5,0,6,2,0,0
Markiel Cockrell,192736,HB,BRYANT,5,0,0,124,,,,55.0,,,64.5,,,67.7,0,0,0,0,0,5,0,11,0
Zyheem Collick,192737,WR,BRYANT,5,0,0,124,,,,58.9,,,46.3,,,27.9,0,1,0,0,0,28,0,4,0
Jake Davis,192740,CB,BRYANT,5,0,0,124,59.8,,,,,,60.9,,,65.9,0,0,0,3,2,0,0,1,0
CeeDee Doby,192742,LB,BRYANT,7,0,0,124,59.7,,,,,,37.6,,,26.3,0,1,0,13,0,0,0,2,0
Kale Hauserman,192747,C,BRYANT,12,0,0,124,,,75.0,,,,65.3,,,72.6,0,0,42,0,0,0,0,0,0
Jayden Hazelwood,192748,DI,BRYANT,9,0,0,124,58.7,,,,,,51.6,,,65.6,0,0,0,11,0,0,21,0,0
Azarel Juste,192751,S,BRYANT,9,2,0,124,59.9,,,,,,78.4,,,72.4,0,0,0,5,34,1,0,5,3
Andrew Montez,192758,WR,BRYANT,11,0,0,124,,,,,,,62.3,,,71.4,0,0,0,0,0,70,0,0,0
Cole Nilles,192761,LB,BRYANT,7,0,0,124,59.5,,,,,,59.6,,,63.5,0,0,0,25,0,0,0,0,0
Joshua Smith,192770,LB,BRYANT,1,0,0,124,,,,,,,62.1,,,67.4,0,0,0,0,0,0,0,4,0
Aden Smith,192771,G,BRYANT,3,0,0,124,,,65.6,,,,62.6,,,63.7,0,0,11,0,0,0,0,0,0
Shae Terry,192774,S,BRYANT,1,0,0,124,,,,,,,60.4,,,65.1,0,0,0,0,2,0,0,0,0
Rashee Bell,192776,LB,DELWARE ST,5,0,0,152,,,,,,,52.2,,,71.0,0,0,0,0,21,0,0,2,1
Tyler Butts-Baker,192777,S,DELWARE ST,1,0,0,152,,,,,,,59.6,,,66.5,0,0,0,0,0,0,3,0,0
Dwayne Carter,192778,S,DELWARE ST,6,0,0,152,59.8,,,,,,57.2,,,69.5,0,0,0,24,13,20,1,2,0
Damar Jackson,192787,TE,DELWARE ST,1,0,0,152,,,,,,,60.1,,,69.4,0,0,0,0,0,6,0,0,0
Akendre Matthews,192790,S,DELWARE ST,3,0,0,152,,,,,,,61.9,,,70.8,0,0,0,0,9,15,0,0,0
Daniel Olalekan,192791,T,DELWARE ST,1,0,0,152,,,60.0,,,,60.2,,,63.6,0,0,2,0,0,0,0,0,0
Erik Sanchez,192793,HB,DELWARE ST,1,0,0,152,,,,,,,60.4,,,65.1,0,0,0,0,2,0,0,0,0
Timothy Scott Jr.,192795,WR,DELWARE ST,10,0,0,152,,,,68.7,,,53.1,33.2,,66.9,1,0,0,0,4,66,0,9,0
Gabriel Wilkins,192796,C,DELWARE ST,1,0,0,152,,,60.0,,,,60.0,,,61.0,0,0,1,0,0,0,0,0,0
Elijah Williams,192797,HB,DELWARE ST,3,0,0,152,60.0,,,67.1,,,48.2,,,65.6,0,1,0,1,0,22,0,0,0
Rico Bond,192802,WR,LNDNWD,5,0,0,949,,,,59.4,,,61.7,44.7,,69.3,0,0,0,0,8,2,5,14,0
Mason Burke,192804,DI,LNDNWD,4,0,0,949,90.4,,,,,,91.8,,,64.7,0,0,0,11,0,0,0,0,0
Chris Camy,192806,TE,LNDNWD,6,0,0,949,,,68.3,,,,63.3,,,63.1,0,0,27,0,0,0,0,0,0
Eric Gant,192810,S,LNDNWD,12,0,0,949,60.0,,,,,,55.5,,,29.2,0,1,0,41,4,2,0,36,0
Gavin Hulet,192813,T,LNDNWD,11,0,0,949,,,74.8,,,,65.9,,,76.2,0,0,50,0,0,0,0,0,0
Demetrius Jones,192814,DI,LNDNWD,1,0,0,949,59.8,,,,,,60.0,,,62.9,0,0,0,2,0,0,0,0,0
Sam Owens,192817,S,LNDNWD,3,0,0,949,,,,,,,62.1,,,68.0,0,0,0,0,0,0,0,9,0
Legend Robinson,192820,LB,LNDNWD,3,0,0,949,,,,,,,61.0,,,66.0,0,0,0,0,4,5,0,0,0
Andrew Swingle,192822,T,LNDNWD,1,0,0,949,,,60.0,,,,60.3,,,65.4,0,0,2,0,0,0,0,0,0
Owen Thomas,192824,LB,LNDNWD,3,0,0,949,,,,,,,60.3,,,68.9,0,0,0,0,0,16,0,0,0
Mason Van Der Brink,192825,LB,LNDNWD,2,0,0,949,60.0,,,,,,60.4,,,64.9,0,0,0,8,0,0,0,0,0
Jacob Waller,192826,LB,LNDNWD,12,0,0,949,60.0,,,59.6,,,74.2,,,76.1,0,0,0,36,37,30,19,2,5
Marquese Avery,192828,LB,RHODE ISLD,1,0,0,274,60.0,,,,,,60.0,,,61.1,0,0,0,1,0,0,0,0,0
Rohan Davy,192830,LB,RHODE ISLD,9,3,1,274,,,,,,,59.4,,,28.2,1,3,0,0,47,37,35,45,4
Gage Hinkley,192832,LB,RHODE ISLD,5,0,0,274,,,,59.9,,,55.9,,,28.9,0,1,0,0,16,6,0,28,0
Chaas McCoy,192837,CB,RHODE ISLD,5,0,0,274,,,,,,,68.4,,,75.2,0,0,0,0,19,21,0,29,2
Damon McMillian Jr.,192838,C,RHODE ISLD,1,0,0,274,,,61.0,,,,61.8,,,65.6,0,0,6,0,0,0,0,0,0
Adam Okonowicz,192840,K,RHODE ISLD,1,0,0,274,,,,,56.1,,60.0,,,68.4,0,0,0,0,5,0,0,0,0
Khalik Boothe,192846,CB,SE MO ST,10,0,0,293,,,,,,,66.3,,,74.0,0,0,0,0,21,0,0,37,0
Payton Brown,192848,HB,SE MO ST,4,0,0,293,,,,,,,49.3,,,27.8,0,1,0,0,0,19,0,7,0
McCoy Casey,192849,ED,SE MO ST,13,0,0,293,58.6,,,,,,59.1,,,76.6,0,0,0,40,0,4,51,12,0
Jayden Davis,192854,LB,SE MO ST,5,0,0,293,,,,,,,67.5,,,73.8,0,0,0,0,11,11,0,24,1
Danny Duray,192856,K,SE MO ST,2,0,0,293,,,,,58.3,,60.0,,,66.0,0,0,0,0,2,0,0,0,0
Jacorey Love,192864,HB,SE MO ST,2,0,0,293,,,,59.9,,,63.5,,,71.3,0,0,0,0,0,2,0,8,0
Adrian Patterson,192869,CB,SE MO ST,1,0,0,293,59.9,,,,,,60.2,,,64.9,0,0,0,1,0,0,0,1,0
Brennan Remy,192870,WR,SE MO ST,3,0,0,293,,,,,,,60.4,45.0,,65.1,0,0,0,0,0,0,0,12,0
Yusef Sanogo-Kendrick,192872,G,SE MO ST,9,0,0,293,,,76.0,,,,65.6,,,72.7,0,0,48,0,0,0,0,0,0
Tristan Smith,192874,WR,SE MO ST,2,0,0,293,,,,,,,60.1,,,66.0,0,0,0,0,0,4,0,0,0
Landon Sylvie,192876,CB,SE MO ST,13,4,0,293,60.0,,,,,,65.7,,,80.5,0,0,0,4,82,56,0,51,4
Kyle Cannon,192884,LB,SE LA,10,0,0,294,,,,,,,74.2,,,81.0,0,0,0,0,50,29,15,25,4
Levi Darensbourg,192886,CB,SE LA,1,0,0,294,,,,,,,60.4,,,66.7,0,0,0,0,1,0,0,1,0
Will Davidson,192887,LS,SE LA,11,0,0,294,,,72.3,,,76.1,64.3,,,63.4,0,0,50,0,0,0,0,0,0
Stiles Guidry,192892,LB,SE LA,12,2,1,294,,,,,,,60.4,,,27.9,0,3,0,0,55,59,0,50,2
Carter Hanberry,192894,S,SE LA,12,2,0,294,59.9,,,,,,62.0,,,46.4,1,1,0,15,40,49,57,37,1
Jack Hunter,192898,P,SE LA,12,0,1,294,,,65.8,,,,54.8,,56.1,28.7,0,3,43,0,0,0,26,0,0
Dkhai Joseph,192899,WR,SE LA,1,0,0,294,,,,,,,60.0,60.3,,62.1,0,0,0,0,0,0,0,1,0
Braydon Nelson,192900,K,SE LA,1,0,0,294,,57.6,,,,,60.0,,,63.3,0,0,4,0,0,0,0,0,0
Darnell O'Quinn,192901,WR,SE LA,4,0,0,294,,,,,,,76.3,,,70.5,0,0,0,0,0,0,16,0,2
Beau Perez,192903,TE,SE LA,1,0,0,294,,,60.0,,,,61.6,,,63.2,0,0,7,0,0,0,0,0,0
Adyn Wilkinson,192909,TE,SE LA,11,0,0,294,,,,,,,57.5,,,70.7,0,0,0,0,0,54,8,0,0
X'Avier Allen,192910,S,TEXAS STHN,11,2,0,313,,,,,,,65.8,,,28.3,1,4,0,0,48,64,62,36,5
Athean Renfro Jr.,192913,HB,TEXAS STHN,11,0,0,313,,,,59.9,,,46.0,,,29.6,3,1,0,0,35,44,10,20,2
Eli Aragon-Cruz,192915,WR,W ILLINOIS,11,0,0,345,,,,65.2,,,59.6,66.9,,69.1,0,0,0,0,7,25,0,22,0
Jacques Brooks,192917,WR,W ILLINOIS,1,0,0,345,,,,59.9,,,61.9,,,67.5,0,0,0,0,4,3,0,2,0
Ronan Culkin,192924,K,W ILLINOIS,2,0,0,345,,,,,57.3,,60.0,,,67.0,0,0,0,0,3,0,0,0,1
Demari Davis,192925,WR,W ILLINOIS,3,0,0,345,,,,58.3,,,61.6,,,64.5,0,0,0,0,8,7,0,0,0
Brendan Dignan,192927,T,W ILLINOIS,2,0,0,345,,,60.0,,,,60.7,,,67.1,0,0,3,0,0,0,0,0,0
Christy Domitien,192928,LB,W ILLINOIS,1,0,0,345,,,,,,,60.0,,,64.3,0,0,0,0,0,0,0,1,0
Dylan Drake,192929,TE,W ILLINOIS,9,0,0,345,,,71.7,59.9,,,67.7,,,70.8,0,0,38,0,12,42,3,14,0
Tristin Duncan,192930,WR,W ILLINOIS,2,0,0,345,,,,60.0,,,60.0,,,66.6,0,0,0,0,0,7,0,0,0
Tyler Henry,192937,CB,W ILLINOIS,12,0,0,345,60.7,,,,,,58.5,,,46.6,0,1,0,78,13,0,0,3,0
Curtis Horras,192938,TE,W ILLINOIS,1,0,0,345,,,60.0,59.4,,,61.8,,,68.2,0,0,6,0,2,11,0,2,0
Avery Knight,192942,HB,W ILLINOIS,3,0,0,345,,,,62.0,,,59.9,,,64.8,0,0,0,0,1,13,0,0,0
Jacob Kruger,192945,CB,W ILLINOIS,2,1,0,345,,,,,,,58.9,,,69.5,1,0,0,0,12,0,0,2,2
Rodney McNeil Jr.,192949,S,W ILLINOIS,2,0,0,345,,,,,,,60.9,,,68.5,0,0,0,0,0,16,1,4,0
Payne Miller,192952,DI,W ILLINOIS,2,0,0,345,58.9,,,,,,58.9,,,63.2,0,0,0,4,0,0,0,0,0
Matthew Montgomery,192953,G,W ILLINOIS,2,0,0,345,,,62.7,,,,62.3,,,62.6,0,0,14,0,0,0,0,0,0
DJ Taylor,192959,ED,W ILLINOIS,7,0,0,345,59.2,,,,,,59.6,,,66.7,0,0,0,33,0,0,0,0,0
Jonathon Williams,192960,LB,W ILLINOIS,7,0,0,345,59.4,,,,,,59.7,,,64.8,0,0,0,39,0,0,0,1,0
Josh Ball,192967,WR,IDAHO ST,7,0,1,186,,,,,,,59.3,,,28.7,0,1,0,0,4,0,20,0,1
Jackson Daniels,192971,CB,IDAHO ST,9,0,0,186,60.2,,,,,,72.4,,,71.0,0,0,0,10,0,0,5,9,1
Jake East,192972,ED,IDAHO ST,6,0,0,186,58.9,,,,,,58.9,,,64.0,0,0,0,8,0,0,0,0,0
Darrell Gipson Jr.,192976,LB,IDAHO ST,9,0,0,186,60.1,,,,,,63.7,,,68.1,0,0,0,19,10,0,0,8,0
Messiah Johnson,192977,C,IDAHO ST,4,0,0,186,59.5,,67.5,,,,62.3,,,62.2,0,0,21,3,0,0,0,0,0
Frank Kissick,192978,LB,IDAHO ST,1,0,0,186,,,,,,,60.0,,,64.9,0,0,0,0,0,1,0,0,0
Rylan Leathers,192979,S,IDAHO ST,4,0,0,186,59.9,,,,,,72.3,,,63.5,0,0,0,3,2,0,0,1,2
Mason Lindberg,192980,K,IDAHO ST,4,0,0,186,,,,,79.5,,61.3,,,72.5,0,0,0,0,19,0,0,0,0
Mike Lindsay,192981,CB,IDAHO ST,10,0,0,186,59.9,,,,,,60.1,,,71.8,0,1,0,1,38,30,0,5,1
Davian Munoz,192983,WR,IDAHO ST,1,0,0,186,,,,,,,62.3,,,67.3,0,0,0,0,7,0,0,0,0
Jackson Riddle,192984,HB,IDAHO ST,6,0,0,186,,,,,,,63.1,,,72.7,0,0,0,0,19,12,1,0,0
Devin Rodriguez,192985,LB,IDAHO ST,2,0,0,186,,,,,,,60.8,,,66.1,0,0,0,0,3,0,0,0,0
Makeo Sneddon,192988,S,IDAHO ST,2,0,0,186,,,,,,,61.2,,,69.4,0,0,0,0,1,8,0,0,0
Carson Sudbury,192990,HB,IDAHO ST,5,2,0,186,,,,,,,71.7,,,69.7,0,0,0,0,16,0,1,0,0
Leka Tu'akoi,192993,ED,IDAHO ST,2,0,0,186,59.7,,,,,,60.2,,,68.9,0,0,0,1,0,17,0,0,0
Wayne Adair,192995,CB,MARIST,5,0,0,213,60.0,,,,,,68.9,,,74.3,0,0,0,1,15,23,0,0,3
Kenneth Antoine,192996,HB,MARIST,4,0,0,213,,,,,,,61.5,,,69.5,0,0,0,0,0,25,0,8,0
Joey Bemis,192997,TE,MARIST,4,0,0,213,,,64.2,,,,59.9,,,68.0,0,0,13,0,0,6,0,0,0
Gabe Caison,192998,K,MARIST,11,0,0,213,,60.0,,,44.0,,62.7,,,75.4,0,0,1,0,41,0,0,0,1
Zach Cameron,192999,S,MARIST,1,0,0,213,,,,,,,59.5,,,64.2,0,0,0,0,0,6,0,0,0
William Deady,193000,HB,MARIST,4,0,0,213,,,,,,,59.9,,,68.1,0,0,0,0,0,27,0,2,0
Brandt Haag,193005,G,MARIST,2,0,0,213,,,61.8,,,,62.4,,,68.5,0,0,10,0,0,0,0,0,0
Michi Holley,193006,DI,MARIST,2,0,0,213,59.3,,,,,,59.5,,,63.1,0,0,0,2,0,0,0,0,0
Lucas Hunter,193007,TE,MARIST,1,0,0,213,,,,,,,60.0,,,66.0,0,0,0,0,0,0,0,1,0
Andrew Lynch,193010,DI,MARIST,8,0,0,213,58.6,,63.5,,,,60.1,,,64.8,0,0,8,9,0,0,0,0,0
Lance Martinez,193011,WR,MARIST,1,0,0,213,,,,,,,72.6,,,66.2,0,0,0,0,0,7,0,0,0
Jack Melore,193015,WR,MARIST,6,0,0,213,,,,,,,63.1,,,71.9,0,0,0,0,3,6,12,17,0
Connor Mendini,193016,K,MARIST,10,0,0,213,,51.7,,,,,60.7,,,65.6,0,0,25,0,0,0,0,0,0
Tyrell Powell,193018,CB,MARIST,11,1,0,213,59.7,,,,,,66.5,,,80.5,1,0,0,44,33,1,28,31,4
Braylen Ricks,193020,DI,MARIST,8,0,0,213,58.0,,70.4,,,,62.1,,,68.7,0,0,20,27,0,0,40,1,1
Nate Robinson Jr.,193021,S,MARIST,11,0,0,213,59.5,,,,,,63.0,,,80.0,1,0,0,49,41,0,31,26,2
Jey Rosario,193022,S,MARIST,2,0,0,213,,,,,,,65.9,,,72.6,0,0,0,0,5,0,0,10,1
Wyatt Rubinoff,193023,LS,MARIST,11,1,0,213,,,78.6,,,90.5,71.7,,,67.5,3,0,26,0,0,0,65,0,0
Jack Teller,193025,ED,MARIST,3,0,0,213,60.0,,,,,,60.7,,,70.2,0,0,0,1,0,19,0,5,0
Ezekiel Brinson,193027,DI,TENN TECH,4,0,0,309,58.7,,,,,,59.8,,,66.8,0,0,0,4,0,0,0,2,0
Steve Brown,193028,WR,TENN TECH,9,0,0,309,,,,,,,65.8,,,76.4,0,0,0,0,6,29,3,28,0
Gabriel Hecht,193037,G,TENN TECH,12,0,0,309,,,75.5,,,,65.8,,,74.1,0,0,56,0,0,0,0,0,0
Timothy Jones,193040,CB,TENN TECH,3,0,0,309,,,,,,,63.2,,,72.0,0,0,0,0,8,0,0,16,0
Dominic LeBlanc,193041,K,TENN TECH,12,0,0,309,,67.6,,,74.3,,63.5,,,75.4,0,0,51,0,60,0,0,0,0
Turner McLaughlin,193044,LS,TENN TECH,12,0,0,309,,,58.2,,,48.2,64.5,,,67.3,1,0,56,0,0,0,62,0,3
Xavier Randolph,193046,ED,TENN TECH,3,0,0,309,,,,,,,65.4,,,70.1,0,0,0,0,9,0,0,11,1
D'Arious Reed,193048,WR,TENN TECH,1,0,0,309,,,,,,,62.2,,,66.8,0,0,0,0,0,0,0,9,0
Mason Taylor,193050,CB,TENN TECH,2,0,0,309,,,,,,,60.4,,,70.7,0,0,0,0,5,3,10,1,0
Tyler Wilson,193052,HB,TENN TECH,6,0,0,309,,,,,,,64.8,,,70.4,0,0,0,0,27,2,0,6,0
Jacory Brown,193053,DI,TXAMEA,10,0,0,1139,58.3,,,,,,58.9,,,68.4,0,0,0,16,0,0,0,4,0
Blake Corner,193055,TE,TXAMEA,4,0,0,1139,,,,,,,59.2,,,67.4,0,0,0,0,1,13,0,0,0
Austin Iglesias,193061,QB,TXAMEA,4,0,0,1139,,,,,,,61.9,,,73.0,0,1,0,0,14,17,2,5,2
Nick Johnson,193062,WR,TXAMEA,4,0,0,1139,,,,58.2,,,60.4,46.5,,65.3,0,0,0,0,0,25,0,16,0
Jaidyn Jones,193063,T,TXAMEA,11,0,0,1139,,,75.0,,,,65.3,,,72.7,0,0,42,0,0,0,0,0,0
Major McBride,193068,HB,TXAMEA,2,0,1,1139,,,,,,,42.4,,,26.6,0,1,0,0,8,8,0,1,0
PJ Washington,193077,WR,TXAMEA,2,0,0,1139,,,,,,,60.3,,,64.4,0,0,0,0,1,0,0,1,0
Hammond Russell V,193087,LB,MERRIMACK,1,0,0,385,,,,,,,60.0,,,63.9,0,0,0,0,1,0,0,0,0
Bryce Davis,193259,HB,ALBANY,1,0,0,106,,,,,,,62.4,,,66.4,0,0,0,0,0,0,0,5,0
Dasean Dixon,193260,DI,ALBANY,12,0,0,106,57.5,,,,,,58.9,,,71.6,0,0,0,53,0,0,0,18,0
Omar Jackson,193266,S,ALBANY,7,0,0,106,,,,,,,64.4,,,74.5,0,0,0,0,0,0,2,24,0
Donny Jones,193267,CB,ALBANY,12,1,0,106,91.4,,,,,,87.5,,,81.2,2,0,0,3,34,0,53,37,5
Jojo Uga,193274,HB,ALBANY,3,0,0,106,,,,,,,63.1,,,68.3,0,0,0,0,0,0,0,6,0
James Weaver,193275,S,ALBANY,11,1,0,106,,,,,,,66.6,,,82.4,1,0,0,0,44,57,0,28,1
Erv Wiggins Jr.,193277,CB,ALBANY,12,0,0,106,90.5,,,,,,90.6,,,77.1,0,0,0,37,0,0,30,21,0
Jaydon Williams,193278,S,ALBANY,4,1,0,106,,,,,,,66.5,,,68.6,0,0,0,0,13,0,2,0,0
Jackson Anderson,193279,WR,ARKAPB,1,0,0,112,59.8,,,,,,57.8,,,66.8,0,0,0,4,1,1,0,0,0
Tomorrio Bilberry Jr.,193283,S,ARKAPB,3,0,0,112,,,,,,,61.0,,,67.7,0,0,0,0,3,0,2,1,0
Lorenzo Bowers,193285,WR,ARKAPB,5,1,0,112,,,,,,,66.2,,,69.6,2,0,0,0,18,15,0,5,5
Kaylon Bradley,193286,LB,ARKAPB,6,0,0,112,60.3,,,,,,60.0,,,69.3,0,0,0,13,4,19,1,3,0
Dyelon Caradine,193287,CB,ARKAPB,3,0,0,112,60.0,,,,,,63.1,,,74.5,0,0,0,4,0,0,0,7,0
Damarion Carter,193288,WR,ARKAPB,1,0,0,112,,,,,,,60.3,,,66.2,0,0,0,0,2,0,0,0,0
Randall Davis,193290,G,ARKAPB,3,0,0,112,,,,,,,61.1,,,65.8,0,0,0,0,0,0,2,2,0
Jakorei Foreman-Carter,193293,LB,ARKAPB,1,0,0,112,,,,,,,60.5,,,64.6,0,0,0,0,2,0,0,0,0
Kristian Gammage,193294,WR,ARKAPB,7,0,0,112,,,,60.2,,,64.2,62.7,,67.6,0,0,0,0,14,29,0,13,1
JV Gibson,193295,WR,ARKAPB,1,0,0,112,,,60.0,,,,60.0,,,60.2,0,0,1,0,0,0,0,0,0
Jonathan Goins,193296,LB,ARKAPB,3,0,0,112,59.9,,,,,,60.8,,,65.3,0,0,0,11,0,2,0,2,0
Ja'Marlin Green,193297,S,ARKAPB,10,0,0,112,59.9,,,,,,65.1,,,78.8,1,0,0,46,32,42,27,21,4
Dovonte Grimes,193298,CB,ARKAPB,4,0,0,112,,,,,,,62.4,,,65.8,0,0,0,0,9,0,0,3,0
Benjie Guar,193299,ED,ARKAPB,10,2,0,112,59.4,,60.0,,,,73.5,,,74.9,0,0,1,1,7,22,4,10,1
Kayvun Gulley,193300,S,ARKAPB,1,0,0,112,,,,,,,67.6,,,67.2,0,0,0,0,4,0,0,2,1
Jason Gwan,193301,DI,ARKAPB,11,0,0,112,58.3,,,,,,68.9,,,71.1,0,0,0,26,0,0,0,7,0
Rio Hay,193303,LS,ARKAPB,12,0,0,112,,,71.5,,,64.8,54.7,,,66.8,2,0,48,0,0,0,50,0,0
Antonio Johnson,193305,DI,ARKAPB,12,0,0,112,71.2,,,,,,70.8,,,28.8,0,1,0,47,0,0,0,9,0
Tyhaj Johnson,193306,LB,ARKAPB,4,0,0,112,,,,,,,56.8,,,27.7,0,1,0,0,12,5,0,0,1
Jaden Kelly,193307,LB,ARKAPB,12,1,0,112,60.0,,,,,,71.0,,,59.1,0,1,0,48,21,52,53,18,5
Liam Lindo,193308,CB,ARKAPB,12,0,0,112,59.6,,,,,,62.6,,,72.0,0,0,0,34,2,0,0,14,0
Kavion Majors,193310,ED,ARKAPB,12,0,0,112,57.7,,,59.4,,,60.1,,,75.4,0,0,0,28,0,35,0,16,0
Aiden McHan,193311,LB,ARKAPB,3,0,0,112,,,,,,,58.8,,,68.9,0,0,0,0,2,6,2,1,0
Amyrion Mingo,193312,CB,ARKAPB,9,0,0,112,59.9,,,,,,59.8,,,72.8,1,0,0,37,11,1,0,9,1
Derrick Murdock,193313,LB,ARKAPB,4,0,0,112,59.6,,,,,,68.9,,,80.0,0,0,0,1,14,3,0,1,1
Aldo Olweny,193314,CB,ARKAPB,1,0,0,112,,,,,,,60.0,,,63.7,0,0,0,0,1,0,0,0,0
Akeem Rahaan,193315,S,ARKAPB,3,0,0,112,,,,,,,60.9,,,66.6,0,0,0,0,2,8,0,1,0
Jeremiah Rodgers,193317,G,ARKAPB,12,0,0,112,,,72.9,,,,63.8,,,66.5,0,0,48,0,0,0,18,0,0
Quintin Sterling,193320,S,ARKAPB,12,0,0,112,59.7,,,,,,64.1,,,70.9,0,0,0,64,0,0,36,6,1
Cam Taylor,193321,WR,ARKAPB,5,0,0,112,,,,59.4,,,59.6,29.5,,63.9,0,0,0,0,0,7,0,5,0
Andre Thompson,193322,WR,ARKAPB,1,0,0,112,,,,59.9,,,60.0,,,61.2,0,0,0,0,0,1,0,0,0
Kylen Vaughn,193323,TE,ARKAPB,2,0,0,112,,,,,,,38.6,,,26.2,0,1,0,0,6,9,0,0,0
Kyle Vocque,193324,LB,ARKAPB,4,0,0,112,60.3,,,,,,66.5,,,70.0,0,0,0,16,10,15,0,7,2
Jaden White,193325,T,ARKAPB,3,0,0,112,,,65.7,,,,62.9,,,70.8,0,0,14,0,0,0,0,0,0
Zach Williams,193327,CB,ARKAPB,11,0,1,112,59.6,,,,,,53.8,,,29.5,0,1,0,42,30,0,1,10,1
Shea Yurkunas,193328,P,ARKAPB,6,0,0,112,,,60.0,,,,61.9,,52.6,70.4,0,1,6,0,0,0,19,0,0
Cornelious Bass,193329,ED,BETH COOK,6,0,0,119,59.6,,,,,,60.6,,,68.0,0,0,0,1,10,1,1,2,0
Jay Cummings,193334,CB,BETH COOK,3,0,0,119,,,,,,,63.1,,,66.8,0,0,0,0,12,0,0,1,0
Vincent Forney,193336,T,BETH COOK,6,0,0,119,,,62.6,,,,62.2,,,63.7,0,0,13,0,0,0,0,0,0
Naim Lassiter,193338,S,BETH COOK,11,0,0,119,59.8,,,59.9,,,72.2,,,29.6,0,1,0,7,38,38,0,12,8
Isaiah Maumalanga,193339,T,BETH COOK,7,0,0,119,,,69.9,,,,63.8,,,68.4,0,0,28,0,0,0,0,0,0
Terek McCant,193340,WR,BETH COOK,1,0,0,119,,,,,,,60.0,,,67.2,0,0,0,0,0,0,0,1,0
Marquis McCants,193341,WR,BETH COOK,11,1,0,119,,,,,,,71.0,,,75.4,0,0,0,0,0,0,51,0,2
Matthew McKenzie,193342,CB,BETH COOK,11,1,0,119,59.4,,,,,,64.4,,,75.2,0,0,0,14,22,0,0,10,1
Dairo Melendez Jr.,193343,DI,BETH COOK,4,0,0,119,59.4,,,,,,60.5,,,65.6,0,0,0,6,0,0,0,2,0
Dennis Palmer,193345,HB,BETH COOK,3,1,0,119,,,,,,,73.7,,,69.0,0,0,0,0,9,2,0,0,1
Melvin Puckett,193346,G,BETH COOK,2,0,0,119,,,66.2,,,,62.7,,,62.7,0,0,11,0,0,0,0,0,0
Surafel Seyfu,193350,C,BETH COOK,4,0,0,119,,,67.0,,,,63.2,,,68.5,0,0,19,0,0,0,0,0,0
Teko Shoats,193351,T,BETH COOK,4,0,0,119,,,65.1,,,,62.8,,,70.0,0,0,13,0,0,0,0,0,0
Micheal Walker,193354,TE,BETH COOK,1,0,0,119,,,60.0,,,,60.3,,,61.6,0,0,3,0,0,0,0,0,0
Kevin Washington Jr.,193355,LB,BETH COOK,12,0,0,119,59.6,,,59.9,,,62.0,,,72.2,0,0,0,58,0,14,0,15,0
Thai Brown,193358,CB,DARTMOUTH,4,0,0,148,60.0,,,,,,63.8,,,70.5,0,0,0,1,17,0,0,13,0
Dylan Elder,193362,HB,DARTMOUTH,4,0,0,148,,,,,,,63.7,,,72.8,0,0,0,0,17,24,0,10,0
Taylor Faalele,193364,TE,DARTMOUTH,3,0,0,148,,,65.6,,,,63.4,,,70.6,0,0,17,0,0,0,0,0,0
Lou Lamar,193369,CB,DARTMOUTH,3,0,0,148,,,,,,,61.6,,,70.8,0,0,0,0,13,8,7,6,0
No'Koi Maddox,193371,S,DARTMOUTH,2,0,0,148,,,,,,,65.6,,,71.4,0,0,0,0,10,2,8,5,1
Ben Reagan,193376,T,DARTMOUTH,1,0,0,148,,,60.0,,,,61.0,,,63.1,0,0,3,0,0,0,0,0,0
Luke Rives,193378,WR,DARTMOUTH,2,0,0,148,,,,54.5,,,62.8,,,69.4,0,0,0,0,0,3,3,10,0
Quintin Ashford,193384,CB,PRESBYTERN,8,0,0,271,59.8,,,,,,58.0,,,28.3,0,1,0,2,33,0,0,15,1
BJ Atkins,193385,WR,PRESBYTERN,10,0,0,271,,,,,,,69.0,,,29.1,0,2,0,0,1,4,7,41,0
Ellington Brooks-Lytle,193391,T,PRESBYTERN,2,0,0,271,,,60.0,,,,61.4,,,63.1,0,0,7,0,0,0,0,0,0
Ashton Drayton,193395,ED,PRESBYTERN,1,0,0,271,,,,,,,60.0,,,90.7,0,0,0,0,0,0,0,1,0
Kaleb Ferschke,193398,T,PRESBYTERN,2,0,0,271,,,64.8,,,,62.7,,,69.3,0,0,13,0,0,0,0,0,0
Tariq Hollinger,193406,CB,PRESBYTERN,5,0,0,271,60.0,,,,,,69.6,,,73.2,0,0,0,3,14,0,0,1,1
Jett Jackson,193409,P,PRESBYTERN,4,0,0,271,,45.3,,,71.7,,60.4,,,68.9,0,0,4,0,8,0,0,0,0
Ryan Largin,193410,S,PRESBYTERN,10,0,0,271,59.9,,,,,,71.1,,,75.4,0,0,0,1,43,12,0,14,2
Justin Montgomery,193413,HB,PRESBYTERN,9,0,0,271,,,,,,,69.9,,,79.9,0,0,0,0,12,0,0,46,1
Justin Tilton,193419,LB,PRESBYTERN,2,0,0,271,,,,,,,61.6,,,65.8,0,0,0,0,5,0,0,0,0
Jason Wiggins,193422,S,PRESBYTERN,1,0,0,271,,,,,,,60.6,,,64.8,0,0,0,0,5,0,0,1,0
EJ Youman,193424,CB,PRESBYTERN,4,0,0,271,,,,,,,65.3,,,71.4,0,0,0,0,0,0,3,15,0
Emmanuel Arinzie,196435,ED,MS VLY ST,8,0,0,228,59.1,,,,,,59.2,,,66.1,0,0,0,14,0,0,0,3,0
Demetrius Banks,196436,WR,MS VLY ST,3,0,0,228,,,,,,,60.1,,,67.2,0,0,0,0,0,19,0,0,0
Anthony Brown,196437,LB,MS VLY ST,11,1,0,228,59.6,,,,,,65.1,,,72.3,1,0,0,29,35,4,0,11,2
Cali Byrd,196438,LB,MS VLY ST,11,1,0,228,59.9,,,,,,76.1,,,74.9,0,0,0,8,29,19,18,13,2
Ricardo Chambers,196439,LB,MS VLY ST,1,0,0,228,,,,,,,60.0,,,64.2,0,0,0,0,0,0,0,1,0
Semajdre Gassaway,196441,CB,MS VLY ST,8,0,0,228,60.0,,,,,,61.3,,,74.2,0,0,0,1,23,19,0,11,1
Prince Ijioma,196445,CB,MS VLY ST,11,0,0,228,59.6,,,,,,57.8,,,48.8,1,1,0,25,40,21,13,18,2
Kanarius Johnson,196446,WR,MS VLY ST,10,0,1,228,,,,,,,57.1,,,56.9,1,1,0,0,26,66,33,16,2
Kyree Langley,196448,CB,MS VLY ST,11,2,0,228,59.8,,,,,,90.1,,,76.8,2,0,0,6,22,21,47,12,5
PJ McDonald,196449,T,MS VLY ST,12,0,0,228,,,70.7,,,,68.6,,,64.2,0,0,33,0,0,0,60,0,2
Malik Montgomery,196450,HB,MS VLY ST,11,1,0,228,,,,59.9,,,69.8,50.0,,76.4,0,0,0,0,39,44,20,19,3
Vito Moriana-Sigel,196451,G,MS VLY ST,10,0,0,228,,,74.4,,,,57.6,,,27.9,0,1,35,0,0,0,0,0,0
Brandon Purifoy,196454,S,MS VLY ST,11,1,0,228,59.7,,,,,,65.1,,,35.5,0,1,0,15,35,4,11,16,2
Donte Reed,196455,ED,MS VLY ST,12,0,0,228,58.8,,,,,,62.8,,,74.9,0,0,0,52,1,16,8,12,0
Nate Rembert,196456,WR,MS VLY ST,10,0,0,228,,,,,,,60.8,54.8,,66.3,0,0,0,0,0,0,0,26,0
Tyquan Simon,196457,TE,MS VLY ST,1,0,0,228,,,,,,,60.2,,,63.8,0,0,0,0,0,3,0,0,0
Trent Sims,196458,LS,MS VLY ST,12,0,0,228,,,81.9,,,90.4,64.3,,,67.7,1,0,35,0,0,0,67,0,0
Nicholas Stephens,196459,P,MS VLY ST,9,0,0,228,,,64.7,,,,51.3,,,26.7,0,1,32,0,0,0,0,0,0
Chaunnsey Triplett,196461,LB,MS VLY ST,5,0,0,228,59.9,,,,,,60.3,,,71.7,0,0,0,25,0,27,1,3,0
Joe Williams,196463,HB,MS VLY ST,7,0,0,228,,,,58.2,,,58.5,,,68.6,0,0,0,0,0,19,0,7,0
Jamarious Wilson,196464,CB,MS VLY ST,1,0,0,228,,,,,,,60.0,,,62.4,0,0,0,0,1,0,0,0,0
Tyler Wren,196465,C,MS VLY ST,4,0,0,228,,,,,,,60.7,,,65.5,0,0,0,0,0,0,15,0,0
Adjatay Abegesah,196466,LB,STHLSK,1,0,0,1470,,,,,,,60.0,,,67.2,0,0,0,0,0,0,0,1,0
Demi Atere,196469,DI,STHLSK,2,0,0,1470,59.3,,,,,,60.0,,,64.3,0,0,0,2,0,0,0,1,0
Anthony Busa,196472,S,STHLSK,1,0,0,1470,60.0,,,,,,60.0,,,61.2,0,0,0,1,0,0,0,0,0
Spencer Davila,196474,LB,STHLSK,2,0,0,1470,59.9,,,,,,63.6,,,69.9,0,0,0,2,7,0,0,5,0
Sidoine Djimbou,196475,S,STHLSK,9,0,0,1470,59.2,,,,,,79.2,,,73.8,0,0,0,22,18,18,0,9,1
Peter Fiumara,196479,G,STHLSK,3,0,0,1470,,,64.2,,,,62.5,,,68.1,0,0,9,0,0,0,0,0,0
Jaylon Hebert,196482,CB,STHLSK,9,0,0,1470,59.6,,,,,,59.8,,,32.7,0,1,0,9,11,0,0,27,0
Caden Henritzy,196483,LB,STHLSK,11,0,0,1470,60.2,,69.3,,,,66.1,,,71.5,0,0,27,33,24,23,12,3,2
Aidan Horodnik,196484,DI,STHLSK,10,0,0,1470,58.2,,,,,,58.3,,,67.4,0,0,0,24,0,0,0,2,0
Joey Kelcourse,196486,LB,STHLSK,11,0,0,1470,,,,,,,56.6,,,28.8,2,1,0,0,35,0,2,27,4
Damola Owode,196497,ED,STHLSK,5,0,0,1470,59.3,,,,,,60.7,,,66.8,0,0,0,6,0,0,0,3,0
Thaibri Rogers,196500,T,STHLSK,1,0,0,1470,,,60.0,,,,60.0,,,61.6,0,0,1,0,0,0,0,0,0
Presley Titus,196506,ED,STHLSK,2,0,0,1470,59.5,,,,,,59.7,,,62.4,0,0,0,2,0,0,0,0,0
Damian Tyminski,196507,WR,STHLSK,1,1,0,1470,,,,,,,69.3,,,67.5,0,0,0,0,4,0,0,4,0
George Vomvolakis,196509,HB,STHLSK,1,0,0,1470,,,,61.8,,,60.0,,,61.2,0,0,0,0,0,1,0,0,0
Christopher Williams,196510,LB,STHLSK,11,0,0,1470,59.8,,,,,,62.9,,,68.8,0,0,0,34,9,0,0,8,0
Ja'Dyn Williams,196511,CB,STHLSK,1,0,0,1470,,,,,,,60.0,,,62.1,0,0,0,0,1,0,0,0,0
Quinton Butler,196740,DI,SOUTHERN U,3,0,0,297,59.3,,,,,,62.1,,,67.6,0,0,0,2,0,0,0,5,0
Herman Brister III,196741,S,SOUTHERN U,13,0,1,297,89.8,,,,,,78.0,,,32.0,0,1,0,52,15,0,10,55,0
Kobe Brown,196742,WR,SOUTHERN U,5,0,0,297,,,,59.1,,,70.7,,,69.7,0,0,0,0,0,17,5,0,1
Hubert Caliste,196743,TE,SOUTHERN U,1,0,0,297,,,60.0,,,,60.0,,,60.9,0,0,1,0,0,0,0,0,0
Jamarlo Campbell,196745,LB,SOUTHERN U,8,0,0,297,59.6,,,,,,70.8,,,79.5,0,0,0,12,24,26,1,30,1
Landon Carter,196746,CB,SOUTHERN U,3,0,0,297,,,,,,,61.7,,,68.1,0,0,0,0,7,0,5,3,0
Chris Garcia,196748,G,SOUTHERN U,1,0,0,297,,,60.0,,,,61.4,,,66.3,0,0,4,0,0,0,0,0,0
Joseph Gonzales,196750,T,SOUTHERN U,1,0,0,297,,,60.0,,,,60.8,,,62.7,0,0,4,0,0,0,0,0,0
Justin Hillard,196752,ED,SOUTHERN U,1,0,0,297,,,60.0,,,,60.5,,,60.4,0,0,3,0,0,0,0,0,0
Angelo Izzard Jr.,196754,QB,SOUTHERN U,1,0,0,297,,,60.0,,,,60.0,,,60.3,0,0,2,0,0,0,0,0,0
Camden Jones,196756,DI,SOUTHERN U,2,0,0,297,59.7,,,,,,61.4,,,65.8,0,0,0,3,0,0,0,3,0
Damien Knighten,196758,WR,SOUTHERN U,1,0,0,297,,,,,,,60.4,,,63.3,0,0,0,0,3,0,0,0,0
Greyson Lafleur,196759,LB,SOUTHERN U,9,0,0,297,,,,,,,66.5,,,72.6,0,0,0,0,19,26,55,0,1
Ty Lee,196760,S,SOUTHERN U,3,0,0,297,,,,,,,61.7,,,70.5,0,0,0,0,1,0,9,7,0
Jeron Lewis,196761,G,SOUTHERN U,12,0,0,297,,,74.3,,,,65.7,,,75.8,0,0,47,0,0,0,0,0,0
Jarrod Maddox,196762,WR,SOUTHERN U,4,0,0,297,,,,,,,52.6,,,29.1,0,1,0,0,0,0,9,13,0
Sukaric Mitchell,196763,DI,SOUTHERN U,1,0,0,297,59.8,,,,,,60.0,,,62.7,0,0,0,1,0,0,0,0,0
Vincent Paige Jr.,196766,LB,SOUTHERN U,12,0,0,297,59.3,,,,,,63.1,,,29.5,0,1,0,37,15,11,7,33,3
Barry Remo,196767,FB,SOUTHERN U,9,0,0,297,,,,,,,67.4,,,79.1,0,0,0,0,9,32,0,30,1
Antonio Sanders,196768,G,SOUTHERN U,8,0,0,297,,,70.2,,,,63.6,,,63.7,0,0,28,0,0,0,0,0,0
Jerome Wallace,196771,ED,SOUTHERN U,10,0,0,297,59.4,,72.3,,,,64.3,,,69.5,0,0,41,4,0,0,0,3,0
Bryan Wallace,196772,T,SOUTHERN U,5,0,0,297,,,64.0,,,,62.5,,,65.4,0,0,14,0,0,0,0,0,0
Mason Warren,196773,LB,SOUTHERN U,1,0,0,297,,,60.0,,,,60.0,,,60.2,0,0,1,0,0,0,0,0,0
Dalen Wilson,196775,CB,SOUTHERN U,3,0,0,297,,,,,,,62.0,,,69.6,0,0,0,0,2,0,0,3,0
Edwin Wilson,196776,T,SOUTHERN U,1,0,0,297,,,60.0,,,,60.8,,,60.5,0,0,4,0,0,0,0,0,0
Jacobie Wilson,196777,LB,SOUTHERN U,1,0,0,297,,,,,,,60.3,,,68.7,0,0,0,0,0,0,0,3,0
James Raber,196828,G,GARD-WEBB,4,0,0,171,,,68.0,,,,63.2,,,65.5,0,0,15,0,0,0,0,0,0
Antonio O'Berry,196829,ED,GARD-WEBB,12,0,0,171,58.9,,,,,,60.4,,,69.2,0,1,0,37,0,0,0,9,0
Justice Hill,196833,WR,MURRAY ST,7,0,0,236,,,,60.0,,,60.1,64.5,,66.1,0,0,0,0,0,11,0,13,0
Elijah Gorman,196841,P,ALCORN ST,7,0,0,107,,,,,,,62.6,,37.1,72.8,0,1,0,0,0,0,33,0,1
Samuel Edison,196843,LB,ALCORN ST,9,0,0,107,59.2,,,,,,69.2,,,69.1,0,0,0,14,8,0,0,1,2
Tayvonne Miller,196844,HB,ALCORN ST,4,0,0,107,,,,,,,66.8,,,74.2,0,0,0,0,1,7,0,22,0
Preston Green,196846,LB,CENT CT ST,6,0,0,133,60.0,,,,,,53.7,,,70.0,0,1,0,4,16,2,0,0,0
Deablo Mcgee,196855,WR,ALCORN ST,2,0,0,107,,,,,,,60.0,,,64.0,0,0,0,0,0,2,0,0,0
Jackson Pickett,196856,T,ALCORN ST,5,0,0,107,,,65.4,,,,62.8,,,69.5,0,0,13,0,0,0,0,0,0
Jacob Clark,196859,LB,S DAKOTA,13,0,0,291,,,,,,,67.1,,,29.3,0,2,0,0,84,2,1,23,2
Sione Tai,196860,T,SO UTAH,1,0,0,298,,,60.2,,,,61.7,,,68.3,0,0,6,0,0,0,0,0,0
Khalil Moody,196866,CB,MERCER,1,0,0,219,60.0,,,,,,60.0,,,68.6,0,0,0,2,0,0,0,0,0
Abe Diallo,196868,T,ALCORN ST,1,0,0,107,,,60.2,,,,61.8,,,68.7,0,0,6,0,0,0,0,0,0
DJ Page,196871,P,NC A&T,12,0,0,246,,,64.9,,,,63.2,,55.2,72.9,0,0,34,0,0,0,51,0,0
Daniel Coles,196872,HB,NC A&T,8,0,0,246,,,,58.5,,,71.1,,,75.6,0,0,0,0,16,29,16,19,3
Diego Addison,196873,S,SCAR STATE,12,0,1,290,59.7,,,,,,59.6,,,47.0,1,1,0,43,35,5,52,14,3
Joshua Barker,196874,DI,SCAR STATE,12,0,0,290,58.3,,,,,,48.3,,,28.0,0,1,0,16,0,0,0,13,0
Demario Bookhart,196875,ED,SCAR STATE,1,0,0,290,,,,,,,60.3,,,64.8,0,0,0,0,0,0,0,2,0
Jayden Broughton,196876,ED,SCAR STATE,12,0,0,290,59.3,,75.1,,,,63.8,,,67.0,0,0,60,4,0,0,50,3,0
Charron Dorsey,196878,CB,SCAR STATE,1,0,0,290,59.9,,,,,,60.0,,,63.6,0,0,0,1,0,0,0,0,0
Kyle Gallegos,196880,K,SCAR STATE,12,0,0,290,,52.6,,,73.2,,44.3,,,28.6,0,2,62,0,77,0,0,0,1
John Hannibal,196881,DI,SCAR STATE,12,0,0,290,57.9,,,,,,58.2,,,68.9,0,0,0,42,0,0,0,4,0
Caden High,196883,WR,SCAR STATE,8,0,0,290,,,,59.7,,,57.9,45.0,,66.0,0,0,0,0,0,26,0,13,0
Joe Johnson,196884,T,SCAR STATE,10,0,0,290,,,74.7,,,,64.7,,,65.0,0,0,55,0,0,0,0,0,0
Tyler Jones,196885,S,SCAR STATE,7,0,0,290,91.3,,,,,,90.2,,,72.0,1,0,0,6,22,0,1,17,3
Konner Lucas,196886,LS,SCAR STATE,12,0,0,290,,,88.2,,,79.7,70.5,,,67.1,0,0,61,0,0,0,54,0,0
Dathan Peterson,196890,CB,SCAR STATE,8,1,0,290,59.8,,,,,,68.9,,,77.8,2,0,0,27,26,4,31,34,7
Marcus Samuels,196892,CB,SCAR STATE,6,0,0,290,59.7,,,,,,65.9,,,70.8,0,0,0,5,11,0,0,12,1
Roger Smith,196893,G,SCAR STATE,12,0,0,290,,,77.6,,,,66.2,,,74.1,0,0,60,0,0,0,1,0,0
Nick Sowell,196894,WR,SCAR STATE,3,0,0,290,,,,,,,62.0,,,66.0,0,0,0,0,0,1,0,4,0
Dedrick Starkes,196895,LB,SCAR STATE,4,0,0,290,59.7,,,,,,63.1,,,75.0,0,0,0,1,27,9,5,14,0
Darius Thompson,196896,WR,SCAR STATE,2,0,0,290,,,,,,,60.2,,,66.2,0,0,0,0,0,2,0,0,0
Ka'Von Chisolm,196897,DI,SCAR STATE,7,0,0,290,58.7,,,,,,59.4,,,69.0,0,0,0,16,0,0,0,3,0
Jarod Washington,196899,CB,SCAR STATE,11,0,0,290,59.7,,,,,,57.5,,,47.2,1,1,0,23,21,2,17,28,1
Reece Allan,196902,S,COLGATE,11,0,0,142,59.9,,,,,,68.8,,,74.2,0,0,0,6,28,1,0,31,1
Joe Kelly,196903,DI,COLGATE,8,0,0,142,58.6,,,,,,58.7,,,65.8,0,0,0,20,0,0,0,1,0
Reid Burke,196904,CB,COLGATE,1,0,0,142,,,,,,,61.0,,,69.6,0,0,0,0,0,9,0,0,0
Chief Montalvo,196905,WR,COLGATE,3,0,0,142,,,,,,,63.5,,,67.5,0,0,0,0,0,0,0,8,0
Kenny Langston,196906,S,COLGATE,1,0,0,142,,,,,,,61.1,,,65.3,0,0,0,0,3,0,0,0,0
Connor Rowlison,196907,S,COLGATE,10,0,0,142,60.2,,,,,,64.0,,,71.5,0,0,0,30,6,1,15,27,0
Dakevion Harris,196991,C,ALCORN ST,10,0,0,107,,,76.0,,,,65.0,,,64.0,0,0,43,0,0,0,0,0,0
Cedric Roberts,196992,LB,ALCORN ST,12,1,0,107,59.7,,,,,,59.2,,,79.2,2,0,0,2,9,51,56,4,2
Terrick Latham,196993,WR,ALCORN ST,9,0,0,107,,,,60.9,,,60.6,72.5,,64.3,0,0,0,0,0,40,0,4,0
Cam Stoudamire,196994,S,ALCORN ST,7,0,0,107,60.0,,,,,,64.1,,,74.9,0,0,0,3,1,41,0,20,0
Lorenzo Borelli,197009,K,MS VLY ST,1,0,0,228,,61.8,,,41.8,,60.0,,,66.8,0,0,3,0,4,0,0,0,0
Jaren Van Winkle,197017,K,TENN MARTN,14,0,0,310,,66.3,,,44.0,,64.3,,65.0,77.9,1,0,76,0,27,0,73,0,0
MJ Hinson,197018,CB,TEXAS STHN,11,0,0,313,59.7,,,,,,63.4,,,75.7,0,0,0,41,0,1,0,31,0
Nicholas Howard,197024,WR,GRAMBLING,1,0,0,177,,,,,,,60.4,,,64.2,0,0,0,0,0,0,7,0,0
Carter Shupper,197031,LS,SAN DIEGO,11,0,0,283,,,86.1,,,40.2,48.1,,,28.0,1,1,51,0,0,0,44,0,1
Noah Nelson,197032,DI,GRAMBLING,7,0,0,177,59.0,,68.8,,,,62.4,,,65.1,0,0,25,3,0,0,0,0,0
Jaymerson Darensbourg,197035,LB,TEXAS STHN,11,0,0,313,60.1,,,,,,55.8,,,29.2,0,1,0,20,7,2,0,39,0
Brenden Barley,197036,LB,GRAMBLING,8,0,0,177,59.7,,,,,,62.8,,,65.6,0,0,0,18,2,0,0,12,0
Breon Askins,197037,ED,LIUSHAR,10,0,0,1298,59.4,,,,,,63.0,,,69.3,0,0,0,10,0,0,0,18,0
Nasir Hennigan,197038,HB,LIUSHAR,4,0,0,1298,,,,,,,59.5,,,67.9,0,0,0,0,6,18,0,0,0
Carlo Arenas,197039,K,TENN MARTN,9,0,0,310,,,,,75.8,,63.2,,,76.6,0,0,0,0,52,0,0,0,0
Uilisoni Angilau,197046,DI,UTAHTC,10,0,0,1285,58.7,,,,,,60.1,,,72.7,0,0,0,15,0,0,0,13,0
Nick Cribbs,197047,C,TEXAS STHN,2,0,0,313,,,60.0,,,,61.4,,,63.3,0,0,7,0,0,0,0,0,0
Chandler Magee,197050,DI,TEXAS STHN,1,0,0,313,,,,,,,59.9,,,67.5,0,0,0,0,0,0,0,1,0
Unknown Charleston Southern 10,197052,CB,CHARLES SO,1,0,0,135,,,,,,,62.7,,,65.3,0,0,0,0,4,0,0,3,0
Chris Johnson,197053,LB,MOREHEAD,2,1,0,234,,,,,,,65.4,,,69.3,0,0,0,0,11,5,0,0,0
Mikey Munn,197054,CB,S DAKOTA,12,0,0,291,,,,60.9,,,70.3,,,55.6,0,1,0,0,73,33,31,32,6
Zach Jones,197055,LB,COLGATE,12,0,0,142,60.0,,,61.8,,,57.5,,,39.6,1,1,0,3,54,68,7,32,3
Kam'Ron Brown,197057,CB,MERCYHURST,4,0,0,977,,,,,,,40.4,,,26.3,0,2,0,0,13,14,0,4,1
Ross Coppock,197059,S,GARD-WEBB,4,0,0,171,,,,,,,62.2,,,69.0,0,0,0,0,13,7,0,0,0
Josh Higgins,197061,S,JACKSON ST,13,2,0,194,,,,,,,62.6,,,84.0,1,0,0,0,59,18,33,61,1
Randall King,197063,WR,CAMPBELL,9,0,0,131,,,,76.7,,,61.4,60.3,,69.9,0,0,0,0,4,38,1,8,0
Semaj Jackson,197064,S,CAMPBELL,12,0,0,131,59.6,,,,,,57.7,,,74.3,0,1,0,11,54,21,0,21,2
Kaymon Boldon,197065,LB,TEXAS STHN,3,1,0,313,,,,,,,62.8,,,72.5,0,0,0,0,12,0,17,6,0
Rickey Evans,197066,WR,TEXAS STHN,4,0,0,313,,,,,,,60.7,,,66.7,0,0,0,0,1,18,0,0,0
Langston Howell,197067,CB,TEXAS STHN,10,0,0,313,,,,,,,55.5,,,74.1,1,0,0,0,37,7,10,19,0
Daylan Booker,197068,S,TEXAS STHN,5,0,0,313,59.8,,,,,,61.0,,,67.9,0,0,0,9,0,2,0,6,0
Keyon Woods,197069,S,GARD-WEBB,4,0,1,171,,,,,,,62.4,,,70.5,0,1,0,0,5,3,0,11,0
Jemari Seals,197072,LB,STF AUSTIN,7,0,0,301,,,,,,,61.8,,,29.6,1,1,0,0,49,8,0,1,3
Joshua Coleman,197073,S,NC A&T,7,0,0,246,,,,,,,62.8,,,75.2,0,0,0,0,1,24,0,17,0
Jayden Williams,197074,LB,NC A&T,10,1,0,246,59.7,,,58.0,,,64.0,,,48.3,0,1,0,11,33,37,39,1,1
Juan Dominguez,197507,K,BETH COOK,1,0,0,119,,,,,58.2,,60.0,,,69.4,0,0,0,0,7,0,0,0,0
Julius Ellens,197509,HB,S DAKOTA,1,0,0,291,,,,,,,62.3,,,67.3,0,0,0,0,7,0,0,0,0
Ian Wilsey,197511,LS,S DAKOTA,1,0,0,291,,,60.0,,,71.0,74.2,,,63.8,0,0,3,0,0,0,7,0,1
Adrian Lopez,197513,G,MOREHEAD,2,0,0,234,,,60.0,,,,61.4,,,62.5,0,0,5,0,0,0,0,0,0
Tre Moore,197514,ED,SAN DIEGO,5,0,0,283,59.9,,,,,,70.3,,,74.4,0,0,0,3,21,8,25,0,1
Tru Tanner,197515,WR,UTAHTC,1,0,0,1285,,,,59.9,,,60.0,,,61.2,0,0,0,0,0,1,0,0,0
Kordell Rodgers,197519,TE,TEXAS STHN,11,0,0,313,,,,66.4,,,74.1,,,80.6,1,0,0,0,29,64,48,36,5
Rodney Johnson,197523,WR,TEXAS STHN,2,0,1,313,,,,,,,45.9,,,26.3,1,1,0,0,9,0,0,0,2
Aaron Kizzee,197525,LB,TEXAS STHN,2,0,0,313,60.1,,,,,,60.1,,,62.0,0,0,0,3,0,0,0,0,0
Marko Jovisic,197560,K,MS VLY ST,11,0,1,228,,64.0,,,47.0,,49.3,,,29.1,1,1,32,0,40,0,0,0,1
Ethan Yuska,197561,K,MARIST,11,0,0,213,,,,,,,63.5,,41.8,75.7,0,0,0,0,0,0,65,0,0
Bryson Spriggs,197562,LB,TEXAS STHN,9,0,0,313,,,,,,,66.2,,,78.1,0,0,0,0,9,11,0,24,0
Unknown Lafayette D46,197568,CB,LAFAYETTE,1,0,0,203,,,,,,,60.9,,,68.2,0,0,0,0,4,2,0,0,0
Taytum Johnson,197569,CB,COLGATE,1,0,0,142,,,,,,,62.5,,,67.7,0,0,0,0,0,0,0,5,0
Akil Williams,197577,HB,NC CENT,1,0,0,247,,,,,,,60.1,,,64.1,0,0,0,0,0,2,0,0,0
Tayshaun Bolton,197582,TE,ALAB A&M,1,0,0,104,,,60.0,,,,61.1,,,66.7,0,0,4,0,0,0,0,0,0
Tyler Bonkowski,197584,TE,LAMAR,1,0,0,204,,,,,,,63.2,,,72.2,0,0,0,0,0,0,0,5,0
Adam DeSantis,197592,DI,COLGATE,2,0,0,142,59.3,,,,,,59.4,,,63.0,0,0,0,3,0,0,0,0,0
Christian Magliacano,197594,ED,COLGATE,7,1,0,142,,,,,,,66.7,,,28.6,0,1,0,0,30,4,0,0,2
Andrew Smithberger,197598,TE,TENN MARTN,12,0,0,310,,,76.4,59.9,,,63.6,,,69.3,0,0,66,0,0,20,4,0,0
Azariah Levells,197599,CB,STF AUSTIN,5,0,1,301,60.0,,,,,,46.8,,,28.0,0,1,0,3,1,0,0,21,0
Calvin Collier,197601,WR,SOUTHERN U,1,0,0,297,,,,,,,60.4,,,63.3,0,0,0,0,2,0,0,0,0
Olajahwon Harris,197619,DI,ALCORN ST,2,0,0,107,59.3,,,,,,59.5,,,62.9,0,0,0,2,0,0,0,0,0
Kaleb Simon,197620,ED,ALCORN ST,2,0,0,107,59.8,,,,,,59.9,,,63.1,0,0,0,2,0,0,0,0,0
Anthony Johnson,197646,LB,DELWARE ST,8,0,0,152,60.0,,,,,,64.3,,,73.4,0,0,0,10,24,15,0,11,0
Blake Robinson,197657,LS,STF AUSTIN,1,0,0,301,,,60.0,,,66.0,60.0,,,60.8,0,0,1,0,0,0,0,0,0
Hans Wisnewski,197660,TE,CAMPBELL,12,0,0,131,,,73.4,,,,65.0,,,70.9,0,0,48,0,0,21,0,13,0
Unknown Mississippi Valley State 81,197661,WR,MS VLY ST,1,0,0,228,,,,,,,60.5,,,65.9,0,0,0,0,2,2,0,0,0
Duncan Viscum,197702,LS,S DAKOTA,12,1,0,291,,,89.7,,,87.9,73.2,,,66.4,1,0,69,0,0,0,39,0,1
Paul-Marie Dogui,197704,ED,COLGATE,1,0,0,142,60.0,,,,,,60.0,,,61.7,0,0,0,1,0,0,0,0,0
Lebron Edmond,197705,DI,TENN MARTN,1,0,0,310,59.6,,,,,,59.8,,,62.4,0,0,0,1,0,0,0,0,0
Braden Mashtare,197706,LB,GARD-WEBB,1,0,0,171,,,,,,,62.7,,,69.1,0,0,0,0,5,3,1,3,0
Cody Ford,197708,ED,STF AUSTIN,1,0,0,301,,,,,,,60.0,,,67.2,0,0,0,0,0,0,0,1,0
Jeremy Ramirez,197709,K,TEXAS STHN,9,0,0,313,,,62.0,,41.0,,63.5,,49.2,75.2,0,1,15,0,14,0,49,0,0
JJ Cowan,197712,HB,CAMPBELL,6,0,0,131,,,,,,,54.7,,,72.2,1,0,0,0,3,23,2,7,0
Corbin Wilson,197715,WR,NC A&T,2,0,0,246,,,,,,,61.8,,,71.2,0,0,0,0,0,12,0,4,0
Unknown Nicholls 97,197718,ED,NICHOLLS,1,0,0,243,,,,,,,60.0,,,64.6,0,0,0,0,1,0,0,0,0
Daniel Felton,197719,ED,CAMPBELL,2,0,0,131,59.2,,,,,,59.3,,,62.3,0,0,0,2,0,0,0,0,0
Christian Vann,197721,HB,GARD-WEBB,9,0,0,171,,,,,,,64.1,,,80.2,1,0,0,0,30,34,8,35,1
Christian Schliemann,197722,G,CAMPBELL,9,0,0,131,,,73.4,,,,64.8,,,71.8,0,0,34,0,0,0,0,0,0
Darius Cyprian,197723,WR,ALCORN ST,7,1,0,107,,,,,,,75.6,,,28.0,1,2,0,0,36,0,25,37,10
Jahzir Dukes,197728,CB,NC CENT,4,0,0,247,,,,,,,69.4,,,72.9,0,0,0,0,11,0,0,21,2
Justin Wilson,197731,WR,TEXAS STHN,2,0,0,313,,,,75.8,,,59.6,,,62.4,0,0,0,0,0,7,0,0,0
Nathan Hall,197732,LB,STF AUSTIN,1,0,0,301,,,,,,,60.4,,,67.2,0,0,0,0,0,0,0,2,0
Jensen Hallum,197740,ED,ELON,1,0,0,162,,,,59.9,,,60.0,,,64.0,0,0,0,0,0,2,0,0,0
Deng Deng,197741,WR,N DAKOTA,1,0,0,249,,,,,,,62.0,,,67.0,0,0,0,0,6,0,0,0,0
Unknown Tennessee Tech 58,197747,ED,TENN TECH,1,0,0,309,59.6,,,,,,60.3,,,64.0,0,0,0,2,0,0,0,1,0
Carter Powell,197751,S,NC A&T,3,0,0,246,,,,,,,62.7,,,71.3,0,0,0,0,4,19,1,9,0
Luke Van Voorhees,197752,T,SAN DIEGO,3,0,0,283,,,61.5,,,,62.0,,,65.6,0,0,9,0,0,0,0,0,0
James Oates,197753,LB,GARD-WEBB,4,0,0,171,,,,,,,67.3,,,70.6,0,0,0,0,11,22,0,10,1
Kameron Brown,197756,S,ALCORN ST,1,0,0,107,,,,,,,60.0,,,64.6,0,0,0,0,1,0,0,0,0
Luke Gilbertson,197766,LB,GARD-WEBB,3,0,0,171,,,,,,,62.6,,,70.3,0,0,0,0,8,12,0,4,0
Elijah Marquez,197769,HB,MORGAN ST,1,0,0,235,,,,59.9,,,60.3,,,66.7,0,0,0,0,0,6,0,0,0
Aidan Maddox,197770,ED,TENN MARTN,6,0,0,310,59.8,,,,,,61.0,,,73.2,0,0,0,1,1,22,0,0,0
Ethan Maddox,197771,ED,TENN MARTN,4,0,0,310,,,,,,,60.4,,,68.6,0,0,0,0,1,16,0,0,0
Cayden Gibson,197772,ED,SAN DIEGO,4,0,0,283,,,,,,,64.6,,,73.5,1,0,0,0,24,0,0,0,0
Dawson Sechser,197773,S,S DAKOTA,2,0,0,291,,,,,,,63.8,,,69.3,0,0,0,0,9,0,0,5,0
Tyrick Hall,197777,DI,NC A&T,1,0,0,246,,,,,,,60.0,,,65.4,0,0,0,0,0,0,0,2,0
Jordan Anderson,197778,S,W ILLINOIS,11,0,0,345,59.8,,,,,,61.6,,,67.9,0,0,0,54,0,1,0,6,0
Bryce Hampton,197779,T,MURRAY ST,8,0,0,236,,,71.4,,,,64.0,,,66.5,0,0,39,0,0,0,0,0,0
Nick Rigas,197792,K,INCAR WORD,9,0,0,189,,,,,63.4,,63.3,,,77.0,1,0,0,0,56,0,0,0,1
Samuel Sereal,197795,WR,TEXAS STHN,4,1,0,313,,,,,,,63.6,,,71.3,0,0,0,0,1,6,16,3,0
Unknown Alabama A&M 81,197797,TE,ALAB A&M,3,0,0,104,,,,,,,43.3,,,27.3,0,1,0,0,0,13,0,7,0
Julian Price,197799,TE,GRAMBLING,1,0,0,177,,,60.0,,,,60.7,,,63.5,0,0,4,0,0,5,0,0,0
Griffin Denbow,197813,HB,MAINE,1,0,0,212,,,,,,,60.1,,,68.8,0,0,0,0,2,2,4,0,0
Kellen McDuffie,197819,WR,SCAR STATE,5,0,0,290,,,,,,,48.5,,,28.3,0,1,0,0,0,0,0,27,0
Jeremiah Jimoh,197824,CB,UTAHTC,3,0,0,1285,59.5,,,,,,61.2,,,69.9,0,0,0,12,0,5,0,6,0
Brady Sorenson,197832,S,UTAHTC,1,0,0,1285,59.8,,,,,,61.9,,,80.3,0,0,0,3,0,0,0,2,0
Marcus Willis,197833,WR,TEXAS STHN,1,0,0,313,,,,54.6,,,60.0,,,61.6,0,0,0,0,0,2,0,0,0
Michael Godette,197835,HB,NC A&T,3,0,0,246,,,,57.5,,,61.3,61.8,,67.1,0,0,0,0,0,1,0,8,0
Cole Fulton,197836,HB,COLGATE,2,0,0,142,,,,,,,62.7,,,69.5,0,0,0,0,0,8,0,5,0
Aidan Macke,197837,K,STTHOM,2,0,0,1129,,,,,60.3,,60.0,,,67.8,0,0,0,0,4,0,0,0,0
Elijah Eubanks,197839,LB,GARD-WEBB,1,0,0,171,,,,,,,29.8,,,25.2,0,1,0,0,0,0,0,3,0
Joshua Hampton,197840,S,COLGATE,4,0,0,142,59.9,,,,,,61.9,,,64.4,0,0,0,3,0,0,0,5,0
Talon Fisher,197841,HB,GARD-WEBB,4,0,0,171,,,,,,,67.5,,,72.4,0,0,0,0,15,14,0,14,1
Jay Jackson,197842,CB,GARD-WEBB,5,0,0,171,59.9,,,59.4,,,63.6,,,71.4,0,0,0,1,14,11,0,11,0
Jordan Weekes,197849,T,CAMPBELL,1,0,0,131,,,60.0,,,,60.4,,,62.5,0,0,3,0,0,0,0,0,0
Nolan Harris,197851,ED,W GEORGIA,3,0,0,1177,,,63.5,,,,61.4,,,60.9,0,0,23,0,0,0,0,0,0
Zy'Kevious English,197852,LB,GARD-WEBB,1,0,0,171,60.0,,,,,,59.9,,,62.7,0,0,0,3,0,0,1,0,0
Jarrett Mitchell,197853,CB,LAMAR,1,0,0,204,,,,,,,60.9,,,67.3,0,0,0,0,0,0,0,4,0
Aaron Duncan,197855,TE,GARD-WEBB,3,0,0,171,,,,59.9,,,62.1,,,67.6,0,0,0,0,0,14,0,6,0
Jamar Kaho Jr.,197856,WR,ALCORN ST,1,0,0,107,,,,,,,60.0,60.3,,67.3,0,0,0,0,0,0,0,2,0
Philip Tabasso,197859,DI,COLGATE,2,0,0,142,59.0,,,,,,59.0,,,63.5,0,0,0,5,0,0,0,0,0
Omari Lewis,197866,CB,LIUSHAR,3,0,0,1298,59.8,,,,,,62.7,,,63.1,0,0,0,4,0,0,0,7,0
Kado Felder,197867,LB,CAMPBELL,3,0,0,131,,,,,,,65.2,,,70.7,0,0,0,0,12,0,0,8,0
Connon Littlefield,197870,K,TENN MARTN,1,0,0,310,,,,,54.6,,60.0,,,66.0,0,0,0,0,2,0,0,0,0
Matthias Lighten,197871,CB,SACR HEART,1,0,0,280,,,,,,,61.2,,,68.6,0,0,0,0,0,0,0,4,0
Landon Molen,197873,LS,MO STATE,1,0,0,230,,,60.0,,,0.0,31.9,,,62.0,0,0,1,0,0,0,1,0,0
Unknown Murray State O81,197883,LB,MURRAY ST,1,0,0,236,,,,,,,60.0,,,63.1,0,0,0,0,0,1,0,0,0
William Connelly Jr.,197885,S,SCAR STATE,1,0,0,290,,,,,,,60.0,,,62.5,0,0,0,0,0,0,0,0,0
JJ Johnson,197886,CB,COLGATE,1,0,0,142,,,,,,,60.0,,,61.4,0,0,0,0,0,0,0,1,0
Lannen Moore,197887,LB,ALCORN ST,1,0,0,107,,,,,,,61.1,,,66.5,0,0,0,0,0,0,0,3,0
Damyiez Bethea,197899,S,AUSTINPEAY,1,0,0,116,,,,,,,60.6,,,67.6,0,0,0,0,0,0,0,2,0
Zach Jones,197902,WR,UC DAVIS,2,0,0,322,,,,,,,59.5,,,69.4,0,0,0,0,0,0,8,1,0
Jack Munro,197905,LB,SAN DIEGO,1,0,0,283,59.3,,,,,,61.2,,,68.0,0,0,0,1,8,0,0,0,0
Unknown North Carolina A&T 0,197907,CB,NC A&T,1,0,0,246,,,,,,,52.3,,,68.8,0,0,0,0,0,0,1,3,0
