player,player_id,position,team_name,player_game_count,assists,declined_penalties,franchise_id,grades_fgep_defense,grades_fgep_kicker,grades_fgep_offense,grades_kick_return,grades_kickoff_kicker,grades_long_snap,grades_misc_st,grades_punt_return,grades_punter,grades_special_teams_penalty,missed_tackles,penalties,snap_counts_field_goal,snap_counts_field_goal_blocking,snap_counts_kickoff,snap_counts_kickoff_return,snap_counts_punt_coverage,snap_counts_punt_return,tackles
Nichel Herron,12538,LB,ALCORN ST,11,0,0,107,59.5,,,,,,52.0,,,28.1,0,1,0,26,1,0,33,10,0
LeCharles Pringle,12613,WR,ALCORN ST,7,0,0,107,,,,59.4,,,66.3,61.0,,69.8,0,0,0,0,0,14,8,2,1
Taurence Wilson,12965,CB,ALCORN ST,9,0,0,107,59.5,,,,,,66.4,,,76.1,0,0,0,30,0,0,0,32,0
Vincent Perry,13408,WR,TENN STATE,3,0,0,308,,,,62.8,,,62.5,,,70.3,0,0,0,0,5,11,0,3,0
Uzoma Okere,13603,G,INCAR WORD,3,0,0,189,,,67.8,,,,63.0,,,62.9,0,0,14,0,0,0,0,0,0
Felix Harper,13753,QB,ALCORN ST,4,0,0,107,,,,,,,60.0,,63.1,65.7,0,0,0,0,0,0,4,0,0
Joshua Carter,19821,CB,SAMFORD,11,2,1,282,59.2,,,,,,53.0,,,35.8,2,1,0,40,44,29,46,0,0
Armond Lloyd,19822,DI,SAMFORD,9,0,0,282,58.5,,,,,,58.9,,,67.4,0,0,0,37,0,0,0,2,0
Coutrell Plair,20191,CB,SAMFORD,7,1,0,282,59.4,,,,,,58.7,,,72.2,1,0,0,37,31,1,0,4,0
Tru Wilson,21456,HB,N COLORADO,2,0,0,253,,,,,,,60.2,,,66.2,0,0,0,0,0,2,0,0,0
Rashun Freeman,21870,CB,CHATTNOOGA,11,0,0,137,60.0,,,,,,64.5,,,66.6,0,0,0,29,0,0,0,26,0
Timothy Mccloyn II,21934,FB,ILL STATE,1,0,0,188,,,60.0,,,,60.0,,,65.4,0,0,3,0,0,6,0,0,0
Jerrell Lawson,22006,S,CHATTNOOGA,11,0,0,137,59.7,,,,,,64.0,,,67.6,0,0,0,33,1,2,0,26,0
Danquarian Fields,22155,S,GRAMBLING,2,0,0,177,,,,,,,61.1,,,70.4,0,0,0,0,0,0,0,3,0
Garris Schwarting,22169,WR,CHARLES SO,7,0,0,135,,,,,,,61.2,68.2,,67.1,0,0,0,0,1,2,0,30,0
Oshea Trujillo,22177,LB,IDAHO ST,11,0,1,186,59.9,,,,,,47.2,,,28.3,1,1,0,57,3,2,0,13,0
Alvin Clemons,22181,C,INDIANA ST,8,0,0,191,,,69.7,,,,63.7,,,66.6,0,0,30,0,0,0,0,0,0
Ethan Ray,22231,LS,CHARLES SO,9,0,0,135,,,29.1,,,30.0,48.6,,,67.2,1,0,39,0,0,0,59,0,4
Jarrell Jackson,22290,CB,ILL STATE,10,0,0,188,80.6,,,,,,86.2,,,73.5,0,0,0,39,0,0,0,16,0
Stefan Williams,22300,ED,CHARLES SO,2,0,0,135,,,,,,,29.4,,,69.7,0,0,0,0,10,3,5,3,0
Cole Anderson,22315,T,ILL STATE,1,0,0,188,,,60.0,,,,60.8,,,66.5,0,0,3,0,0,0,0,0,0
Raleigh Webb,22373,WR,CITADEL,11,0,0,139,,,72.5,,,,70.5,,,29.1,2,2,42,0,25,0,44,9,5
Jordan Jones,22379,CB,CHATTNOOGA,11,0,0,137,59.6,,,,,,60.8,,,76.7,0,0,0,32,6,0,0,41,0
Lyndemian Brooks,22417,HB,PRVIEW A&M,1,0,0,270,,,,,,,60.0,,,66.6,0,0,0,0,0,1,0,0,0
Jarrod Stanley,22430,CB,CHARLES SO,4,0,0,135,59.6,,,60.0,,,44.2,,,27.2,0,1,0,17,1,1,0,2,0
Will Waddell,22551,G,W ILLINOIS,1,0,0,345,,,,,,,60.0,,,63.3,0,0,0,0,0,0,1,0,0
Jamal Savage,22558,G,BETH COOK,11,0,0,119,,,75.1,,,,64.8,,,64.5,0,0,39,0,0,0,0,0,0
Nick Salley,22617,ED,CHARLES SO,10,0,0,135,59.4,,,,,,60.9,,,72.6,0,0,0,41,0,7,2,5,0
Raemo Trevino,22649,ED,IDAHO ST,10,0,0,186,58.5,,,,,,59.2,,,67.2,0,0,0,32,0,0,0,5,0
JT Bohlken,22652,K,ILL STATE,10,0,0,188,,63.8,,,62.0,,63.6,,65.9,75.8,0,1,3,0,2,0,65,0,0
Edward King,22770,LB,CHARLES SO,2,0,0,135,59.4,,,,,,51.8,,,68.5,0,0,0,3,7,0,5,0,0
Jack Pawloski,22773,P,GARD-WEBB,10,0,0,171,,60.0,66.0,,,,56.0,,56.4,29.4,0,2,47,0,0,0,44,0,0
Tanner Conner,22777,WR,IDAHO ST,5,0,0,186,,,,,,,61.6,,,67.8,0,0,0,0,8,1,0,0,0
Evan Fairs,22869,WR,PRVIEW A&M,3,0,0,270,,,,,,,60.3,,,66.4,0,0,0,0,0,6,0,0,0
Zach Larkin,22961,TE,INDIANA ST,9,1,0,191,,,,,,,66.2,,,68.4,0,0,0,0,0,10,56,0,1
Cole Strange,22976,G,CHATTNOOGA,5,0,0,137,,,64.9,,,,61.6,,,66.4,0,0,13,0,0,0,1,0,0
Kelvin Broome Jr.,23025,LB,INDIANA ST,8,0,0,191,60.0,,,,,,60.2,,,67.8,1,0,0,20,0,1,22,2,1
Prince Howard-Whitaker,23160,T,ALAB A&M,5,0,0,104,,,70.7,,,,64.8,,,74.2,0,0,31,0,0,0,0,0,0
Trevor Begue,23498,WR,INCAR WORD,7,0,0,189,,,,59.9,,,62.4,,,68.5,0,0,0,0,1,4,0,5,0
Bilal Ali,23618,T,NC A&T,4,0,0,246,,,63.0,,,,63.0,,,71.3,0,0,12,0,0,0,0,0,0
Najee Reams,23773,CB,NC A&T,10,0,0,246,59.9,,,,,,66.6,,,72.1,0,0,0,44,0,1,0,44,0
Matt Stevens,23774,LB,NC CENT,7,2,0,247,59.9,,,,,,62.1,,,70.7,0,0,0,7,7,20,19,1,1
Jordan Canady,23841,S,N DAKOTA,9,0,0,249,59.9,,,,,,66.2,,,67.8,0,0,0,24,32,0,0,14,1
Isaiah Capoocia,23847,CB,SACRAMENTO,12,1,0,279,,,,,,,59.9,,,83.6,4,0,0,0,73,43,42,34,2
Kevin Johnson,23904,CB,NICHOLLS,11,0,0,243,59.9,,,,,,54.0,,,70.8,1,0,0,33,15,1,0,8,0
Samuel St. Surin,23913,WR,YNGTOWN ST,8,0,0,353,,,,66.7,,,57.5,,,72.7,0,0,0,0,11,44,28,6,0
Mason Sikes,24033,TE,W ILLINOIS,6,0,0,345,,,,,,,51.9,,,28.6,0,1,0,0,0,43,10,0,0
Harrison Poole,24102,CB,MERCER,10,2,0,219,59.8,,,61.8,,,67.2,,,42.7,0,1,0,25,20,28,42,3,2
Kashon Baker,24107,HB,NC A&T,2,0,0,246,,,,,,,60.0,60.3,,63.7,0,0,0,0,0,0,0,1,0
Ray Haas,24109,LB,N DAKOTA,1,0,0,249,60.0,,,,,,60.1,,,65.8,0,0,0,1,0,2,2,1,0
BJ Perkinson,24118,HB,SACRAMENTO,5,0,0,279,,,,59.9,,,60.0,,,66.6,0,0,0,0,1,7,0,0,0
Bruce Trigg,24170,G,NC CENT,7,0,0,247,,,69.2,,,,63.0,,,71.7,0,0,23,0,0,0,1,0,0
Arron McKenney,24406,WR,NICHOLLS,3,0,0,243,,,,,,,67.0,,,76.2,0,0,0,0,15,4,0,15,0
Jerome Brooks III,24531,S,LIUSHAR,10,0,0,1298,59.7,,,,,,62.8,,,70.3,0,0,0,54,2,1,0,22,0
Brandon Brown,24535,LB,WOFFORD,3,0,0,350,60.2,,,,,,60.1,,,67.0,0,0,0,11,0,0,12,3,0
Charlie Davidson,24634,HB,TENN STATE,1,0,0,308,,,,,,,60.9,,,65.6,0,0,0,0,0,0,0,3,0
Evan Holm,24702,CB,N DAKOTA,10,0,0,249,59.4,,,63.0,,,60.9,63.9,,70.9,0,0,0,23,1,48,0,29,0
Wyatt Hjelm,24707,ED,SACRAMENTO,11,0,0,279,60.3,,,,,,65.1,,,69.9,0,0,0,19,0,0,0,17,0
Jaxson Turner,24955,ED,N DAKOTA,10,0,0,249,60.3,,,,,,65.3,,,71.7,0,0,0,30,51,0,0,21,0
Josiah Erickson,25044,ED,SACRAMENTO,11,0,0,279,59.8,,,,,,62.6,,,68.8,0,0,0,21,0,0,0,17,0
London Pearson,25151,HB,YNGTOWN ST,6,0,0,353,,,,57.5,,,62.2,,,71.8,0,0,0,0,6,5,1,20,0
Jace Lewis,25213,LB,MONTANA,12,0,0,232,60.2,,,,,,51.1,,,28.6,0,1,0,33,0,6,0,14,0
Conlan Beaver,25736,T,MONTANA,2,0,0,232,,,64.1,,,,62.6,,,70.0,0,0,11,0,0,0,0,0,0
Jalen Phelps,26343,CB,JAMES MAD,2,1,0,197,,,,,,,73.2,,,71.5,0,0,0,0,20,0,0,9,2
Jared Folks,26468,LB,E TENN ST,11,0,0,157,59.6,,,,,,61.4,,,72.0,0,0,0,40,0,0,0,4,0
Tim Coleman,26515,T,RICHMOND,1,0,0,276,,,61.1,,,,61.8,,,63.3,0,0,6,0,0,0,0,0,0
Wesley Wolfolk,26579,WR,MORGAN ST,7,0,0,235,,,,,,,61.0,65.0,,67.6,0,0,0,0,1,12,2,13,1
Javian Smith,26638,CB,MO STATE,3,0,0,230,59.8,,,,,,61.3,,,66.8,0,0,0,3,0,0,0,3,0
Dominic Thieman,26698,WR,DUQUESNE,2,0,0,155,,,,,,,63.1,,,71.6,0,0,0,0,7,2,0,4,0
Trey Harrell,26944,WR,ARKAPB,2,0,0,112,,,,58.2,,,60.2,,,65.4,0,0,0,0,0,17,0,2,0
Isaiah Edwards,28442,G,INDIANA ST,8,0,0,191,,,72.4,,,,64.5,,,69.8,0,0,31,0,0,0,0,0,0
DeValon Whitcomb,28665,DI,S DAKOTA,10,0,0,291,57.6,,,,,,58.1,,,69.3,0,0,0,24,0,0,0,13,0
Jared Harrell,28840,WR,UC DAVIS,9,0,0,322,,,,,,,66.8,,,71.3,0,0,0,0,1,0,3,38,0
Khris Vaughn,28869,WR,UC DAVIS,8,0,0,322,,,,,,,60.1,,,29.0,1,1,0,0,1,1,23,28,1
Mekhi Stevenson,28983,WR,IDAHO,10,0,0,185,,,,,,,54.4,59.0,,70.5,1,0,0,0,6,6,8,47,0
Da'Quan Grimes,29665,LB,MONMOUTH,2,0,0,231,60.0,,,,,,60.4,,,66.7,0,0,0,1,0,3,0,0,0
Brian Syracuse,29667,G,MONMOUTH,4,0,0,231,,,64.7,,,,62.6,,,64.2,0,0,17,0,0,0,0,0,0
Manny Christian,29716,G,MONMOUTH,5,0,0,231,,,63.8,,,,62.4,,,64.0,0,0,15,0,0,0,0,0,0
Charles James,29783,G,MONMOUTH,2,0,0,231,,,61.5,,,,62.0,,,67.2,0,0,6,0,0,0,0,0,0
Jerone Jackson,30281,S,N COLORADO,11,0,1,253,59.5,,,,,,61.0,,,53.2,1,1,0,53,3,0,49,33,1
Colby Reeder,30285,LB,DELAWARE,6,0,0,151,59.6,,,,,,60.4,,,69.0,0,0,0,23,0,0,15,8,0
Nijuel Hill,30346,CB,DELAWARE,10,0,0,151,60.0,,,,,,62.7,,,72.8,0,0,0,38,0,0,0,9,0
Kelvin Azanama,30425,LB,JAMES MAD,13,0,0,197,60.1,,,,,,62.4,,,72.9,0,0,0,35,0,0,41,28,0
Ethan Ratke,30545,K,JAMES MAD,13,0,0,197,,83.9,,,,,61.8,,,68.2,0,0,89,0,0,0,0,0,0
Mahmoud Shabana,30612,T,MONMOUTH,11,0,0,231,,,75.0,,,,65.5,,,75.6,0,0,55,0,0,0,0,0,0
Cordell Volson,30614,T,N DAK ST,15,0,0,250,,,80.0,,,,62.5,,,29.4,0,1,83,0,0,0,0,0,0
Lonnie Moore IV,30678,WR,MONMOUTH,11,0,0,231,,,,69.3,,,68.4,,,65.5,0,0,0,0,0,49,0,3,0
ShawnTrez Spates,33073,CB,W ILLINOIS,7,0,0,345,59.7,,,,,,61.3,,,69.4,0,0,0,18,1,0,0,3,0
Nathan Grant,33166,ED,CENT ARK,11,0,0,132,59.5,,72.2,59.9,,,69.0,,,71.2,0,0,40,10,0,9,50,27,1
J.W. Jones,33251,ED,CENT ARK,11,0,0,132,58.9,,,,,,60.2,,,68.6,0,0,0,37,0,0,0,6,0
Toby Sanderson,33300,C,CENT ARK,3,0,0,132,,,,,,,60.0,,,65.2,0,0,0,0,0,0,3,0,0
Isaac Smith,33367,TE,MO STATE,12,0,0,230,,,76.8,,,,65.2,,,64.7,0,0,71,0,0,2,0,0,0
Connor Sampson,33374,QB,W ILLINOIS,2,0,0,345,,,,,,,60.0,,59.6,64.5,0,0,0,0,0,0,2,0,0
Adam Fellner,33569,P,W ILLINOIS,11,0,0,345,,,45.8,,,,58.8,,54.6,74.4,0,0,43,0,0,0,68,0,0
Eric Johnson,33698,DI,MO STATE,11,0,0,230,90.5,,,,,,92.9,,,69.3,0,0,0,46,0,0,0,1,0
James Ellis II,33709,WR,GARD-WEBB,7,0,0,171,,,,,,,57.0,,,68.1,0,0,0,0,0,24,6,0,0
Nick Harper Jr.,33892,CB,TENN STATE,11,2,0,308,59.2,,,,,,69.7,,,73.4,0,0,0,56,38,0,0,1,3
Breylin Smith,33893,QB,CENT ARK,3,0,0,132,,,,,,,60.0,,53.2,65.2,0,0,0,0,0,0,3,0,0
Eryk Preston,33903,ED,W ILLINOIS,6,0,0,345,58.9,,,,,,60.6,,,72.4,0,0,0,21,2,7,0,3,0
Omar Hicks,33988,CB,MONTANA,11,0,0,232,59.6,,,,,,62.2,,,71.1,0,0,0,22,4,0,0,10,0
Tyler Lovelace,34086,LB,MO STATE,9,0,0,230,60.2,,,,,,73.3,,,74.2,0,0,0,36,34,0,0,16,4
Kierre Crossley,34090,HB,ARKAPB,6,0,0,112,,,,54.5,,,59.8,,,68.1,0,0,0,0,1,26,0,0,0
Jordan Williams,34541,ED,MERCER,10,1,0,219,60.1,,,,,,77.7,,,29.1,0,2,0,11,53,32,11,36,2
Alonzo Craighton,34672,S,N ALABAMA,11,0,0,389,59.7,,,,,,66.1,,,74.1,0,0,0,46,1,31,22,9,1
Bradrick Shaw,35088,HB,N IOWA,2,0,0,255,,,60.0,59.9,,,60.1,,,65.9,0,0,1,0,0,6,0,0,0
Eddie Gonzales III,35429,DI,N COLORADO,8,0,0,253,58.9,,,,,,61.1,,,69.8,0,0,0,17,1,0,0,7,0
Inoke Moala,35979,ED,INDIANA ST,11,0,0,191,59.0,,,,,,58.1,,,66.4,0,0,0,44,0,0,23,0,0
Taylor Powell,35983,LB,SACRAMENTO,7,0,0,279,59.7,,,,,,62.4,,,65.4,0,0,0,20,2,0,0,11,0
Richie Kittles,36137,S,NC A&T,10,0,0,246,74.2,,,,,,77.7,,,70.6,0,0,0,29,0,6,0,2,0
Brandon Lopez,36327,DI,STNY BROOK,11,0,0,303,57.7,,,,,,62.8,,,69.8,0,0,0,36,0,0,60,5,1
Nicholas Roos,36606,T,BETH COOK,11,0,0,119,,,72.7,,,,64.7,,,73.1,0,0,39,0,0,0,0,0,0
Harrison Moon,36727,T,CHATTNOOGA,1,0,0,137,,,,,,,60.0,,,63.3,0,0,0,0,0,0,1,0,0
P.J. Burkhalter,37372,G,NICHOLLS,10,0,0,243,,,77.2,,,,65.4,,,64.9,0,0,51,0,0,0,0,0,0
Marcus Ademilola,37723,TE,ROB MORRIS,2,0,0,277,60.0,,60.0,,,,60.0,,,60.8,0,0,1,1,0,0,0,0,0
Tristen Vance,39045,LB,N ARIZONA,11,0,0,252,59.7,,,,,,65.1,,,78.9,1,0,0,51,0,2,72,61,1
Jack Sendelbach,39346,LB,E WASHGTON,11,0,0,161,59.6,,,,,,63.4,,,80.5,0,0,0,48,1,0,30,32,0
Jorden Freeman,39821,HB,NC CENT,8,0,0,247,,,,81.5,,,63.4,,,75.8,0,0,0,0,0,9,39,0,2
Ben Trent,39859,T,DELAWARE,10,0,0,151,,,71.5,,,,63.0,,,66.9,0,0,36,0,0,0,53,0,0
Tyler Russell,39887,LS,SAMFORD,11,0,0,282,,,75.3,,,0.0,29.7,,,66.7,1,0,67,0,0,0,47,0,1
Kendrick Price Jr.,39901,WR,NWSTATE,5,0,0,257,,,,,,,58.6,,,67.8,0,0,0,0,2,12,0,2,0
Travis O'Connor,39903,WR,SOUTHERN U,10,0,0,297,,,,50.7,,,60.2,,,73.0,0,0,0,0,4,62,0,0,0
Dylan Thomas,39948,WR,N COLORADO,4,0,0,253,,,,58.3,,,60.0,60.0,,63.9,0,0,0,0,0,8,0,1,0
Donovan Williams,39998,TE,ELON,10,0,0,162,,,73.4,59.6,,,62.9,,,71.1,0,0,48,0,0,48,0,0,0
Jamal Pettigrew,40022,TE,MCNEESE,5,0,0,217,,,,,,,60.6,,,67.2,0,0,0,0,4,3,0,1,0
Brett Samson,40027,TE,S DAKOTA,11,1,0,291,,,60.0,,,,68.0,,,73.4,1,0,1,0,33,6,44,0,2
Tolu Ogunrinde,40057,ED,S DAK ST,11,0,0,292,59.5,,,,,,59.7,,,64.4,0,0,0,26,0,0,0,0,0
Isaiah Totten,40064,HB,NC CENT,2,0,0,247,,,,,,,59.9,,,65.5,0,0,0,0,0,1,1,0,0
Aaron Grzymkowski,40078,G,TOWSON,5,0,0,317,,,68.3,,,,63.1,,,62.9,0,0,15,0,0,0,0,0,0
Cole Blackman,40083,WR,WM & MARY,3,0,0,348,,,,,,,60.8,,,69.2,0,0,0,0,0,8,0,0,0
Zach Farrar,40102,WR,PRVIEW A&M,1,0,0,270,,,60.0,,,,60.0,,,60.3,0,0,2,0,0,0,0,0,0
Daquan Patten,40145,WR,W CAROLINA,11,0,0,344,,,60.0,,,,61.5,82.8,,68.3,0,0,5,0,0,10,0,44,0
Da'Leon Ward,40150,HB,STF AUSTIN,7,0,0,301,,,,,,,68.2,,,72.9,0,0,0,0,30,0,0,0,1
Brennon Dingle,40202,WR,SE LA,13,0,0,294,,,,81.7,,,67.8,,,33.2,1,1,0,0,15,51,23,0,2
Dee Anderson,40225,WR,ALAB A&M,4,0,0,104,,,,,,,57.2,,,65.3,0,0,0,0,0,3,2,0,0
Quayvon Skanes,40233,WR,GARD-WEBB,8,0,0,171,,,,,,,58.5,39.6,,71.0,0,0,0,0,0,3,18,30,0
Cru Birdyshaw,40238,T,TENN MARTN,4,0,0,310,,,71.4,,,,63.8,,,63.3,0,0,23,0,0,0,0,0,0
Darian Bryant,40241,T,TOWSON,7,0,0,317,,,66.8,,,,63.6,,,70.4,0,0,20,0,0,0,0,0,0
Ty Whitworth,40242,G,WEBER ST,8,0,0,342,,,75.0,,,,64.8,,,65.0,0,0,39,0,0,0,0,0,0
Scott Bracey,40270,WR,JAMES MAD,2,0,0,197,,,,,,,59.6,,,68.0,0,0,0,0,0,1,5,0,0
Caleb Vander Esch,40299,WR,S DAKOTA,11,0,0,291,,,,59.4,,,73.3,,,75.3,0,0,0,0,1,17,31,14,1
Joe Mancuso,40312,QB,RICHMOND,3,0,0,276,,,62.3,,,,61.2,,,60.8,0,0,16,0,0,0,0,0,0
Jonah Morris,40336,WR,N COLORADO,1,0,0,253,,,,,,,60.0,,,66.6,0,0,0,0,0,1,0,0,0
Stephen Davis Jr.,40349,S,NC A&T,10,2,0,246,59.6,,68.7,,,,73.6,,,83.4,0,0,25,10,38,54,49,41,3
Dontae Crow,40371,WR,CAMPBELL,5,0,0,131,,,,64.6,,,70.7,62.9,,72.3,0,0,0,0,8,15,1,9,1
Devon Benn,40431,HB,SOUTHERN U,1,0,0,297,,,,,,,60.0,,,64.2,0,0,0,0,0,0,0,1,0
Casey Warming,40436,TE,GRAMBLING,11,0,0,177,,,71.0,,,,69.6,,,80.1,0,0,36,0,42,51,14,0,2
Gavin Landry,40442,WR,NWSTATE,10,0,0,257,,,60.0,62.8,,,64.8,,,28.9,0,2,4,0,1,14,41,10,4
Austin Hogancamp,40464,DI,MURRAY ST,2,0,0,236,,,,,,,60.0,,,65.4,0,0,0,0,0,0,0,2,0
Tyler Ringwood,40509,WR,E ILLINOIS,2,0,0,158,,,,,,,62.8,,,66.8,0,0,0,0,0,0,0,5,0
Erron Duncan,40542,S,UC DAVIS,12,0,0,322,59.6,,,,,,70.5,,,79.2,0,0,0,21,0,0,41,36,1
Jay Griffin IV,40574,WR,NWSTATE,4,0,0,257,,,,58.3,,,60.0,,,66.0,0,0,0,0,0,14,0,0,0
Chuby Dunu,40589,HB,CAL POLY,8,0,0,129,,,,59.9,,,61.0,,,71.9,0,0,0,0,3,39,0,2,0
Nick Lorden,40609,WR,NEW HAMP,4,0,0,240,,,60.0,,,,61.2,,,63.4,0,0,5,0,0,2,0,0,0
Darius Whitfield,40639,ED,NWSTATE,10,0,0,257,58.9,,,,,,59.5,,,66.6,0,0,0,25,0,0,0,2,0
Keenan Forbes,40642,G,FL A&M,2,0,0,164,,,60.0,,,,60.6,,,64.2,0,0,2,0,0,0,1,0,0
David Fitzwater,40655,TE,NWSTATE,11,0,0,257,,,51.0,59.9,,,62.0,,,70.8,0,1,39,0,2,70,50,0,1
Marquis McClain,40669,WR,SOUTHERN U,1,0,0,297,,,,59.9,,,60.0,,,64.8,0,0,0,0,0,1,0,0,0
Tyrin Summers,40680,WR,CHATTNOOGA,8,0,0,137,,,,,,,62.9,,,73.5,0,0,0,0,0,18,0,17,0
Keith Corbin,40691,WR,JACKSON ST,2,0,0,194,,,,,,,60.0,,,63.5,0,0,0,0,0,2,0,0,0
Josh McGrigg,40701,WR,ST FRANCIS,10,0,0,299,,,,65.2,,,60.4,82.1,,67.6,0,0,0,0,0,40,0,56,0
Donnavan Spencer,40715,HB,S ILLINOIS,8,0,0,295,,,,57.4,,,86.0,,,68.5,0,0,0,0,0,14,0,14,0
Andrew Trainer,40764,T,WM & MARY,5,0,0,348,,,67.8,,,,63.1,,,64.9,0,0,15,0,0,0,0,0,0
Peter Savrides,40769,WR,WAGNER,8,0,0,338,,,,,,,59.2,,,75.9,0,0,0,0,1,49,0,2,0
Marcus Joyner,40796,TE,TOWSON,9,1,0,317,,,67.5,,,,70.4,,,68.3,0,0,22,0,0,50,24,0,2
Daric Whipple,40848,WR,N IOWA,1,0,0,255,,,,,,,60.8,,,68.6,0,0,0,0,0,6,0,0,0
Dejoun Lee,40850,HB,DELAWARE,5,0,0,151,59.6,,,58.9,,,60.5,,,64.3,0,0,0,4,4,19,0,0,0
Mitchell Perkinson,40865,WR,CENT ARK,6,0,0,132,,,,,,,59.4,,,74.1,0,0,0,0,0,34,0,0,0
Landon Wolf,40906,WR,S DAK ST,1,0,0,292,,,,,,,60.0,61.4,,63.3,0,0,0,0,0,0,0,3,0
Steve Petrick,40927,TE,MAINE,9,0,0,212,,,72.2,59.9,,,64.9,,,75.2,0,0,37,0,0,45,0,0,0
Jeff Proctor,40928,HB,TEXAS STHN,1,0,0,313,,,,,,,60.6,,,63.6,0,0,0,0,4,0,0,0,0
Isiah Macklin,40955,TE,NC CENT,3,0,0,247,,,60.0,,,,69.4,,,66.9,0,0,2,0,0,11,1,0,0
Peter Fallon,40974,DI,VILLANOVA,13,0,0,334,58.4,,60.0,,,,60.6,,,71.1,0,0,4,22,0,0,54,7,0
Joe Patterson,40990,S,S ILLINOIS,12,1,0,295,59.9,,,,,,64.1,,,82.6,0,0,0,9,66,38,18,30,0
Critt Johnson,41022,T,ALBANY,9,0,0,106,,,71.3,,,,64.9,,,74.3,0,0,33,0,0,0,0,0,0
Chris Jackson,41025,G,TENN MARTN,9,0,0,310,,,75.9,,,,65.3,,,69.3,0,0,48,0,0,0,0,0,0
Noah Ellison,41034,WR,NC CENT,9,0,1,247,,,,,,,30.2,,,26.0,0,5,0,0,12,30,26,7,1
Todd Summers,41062,TE,VILLANOVA,9,0,0,334,,,,,,,61.2,,,63.9,0,0,0,0,0,0,39,0,0
Nick Orekoya,41144,HB,VALPO,1,0,0,332,,,,59.9,,,59.4,,,65.6,0,0,0,0,0,3,3,0,0
Kyle Fourtenbary,41150,TE,N IOWA,1,0,0,255,,,60.0,,,,60.5,,,60.4,0,0,3,0,0,0,0,0,0
Dennis Merritt,41152,HB,E WASHGTON,3,0,0,161,,,,59.9,,,60.0,,,63.1,0,0,0,0,1,3,0,0,0
Zabrian Moore,41207,WR,ALAB A&M,3,0,0,104,,,,,,,59.0,,,64.8,0,0,0,0,0,2,1,0,0
Reginald Henderson,41218,WR,CHATTNOOGA,4,0,1,137,,,,,,,40.9,,,26.2,0,1,0,0,1,2,1,1,0
Dae'Lun Darien,41244,LB,DELAWARE,10,2,0,151,60.0,,,,,,77.1,,,84.1,0,0,0,21,44,0,61,9,4
Brennon Tibbs,41252,WR,SM HOUSTON,12,0,0,281,,,,,,,68.7,,,76.2,0,0,0,0,19,47,0,63,0
Mohamed Jabbie,41293,WR,ALBANY,1,0,0,106,,,,,,,60.0,,,64.4,0,0,0,0,0,1,0,0,0
Austin Chambers,41398,DI,MAINE,11,0,0,212,57.7,,76.0,,,,52.1,,,28.3,0,2,49,39,0,0,0,16,0
Donovan Outlaw,41416,T,N ARIZONA,2,0,0,252,,,60.0,,,,60.2,,,63.6,0,0,2,0,0,0,0,0,0
Jonathan Timmons,41481,G,ALAB A&M,9,0,0,104,,,77.1,,,,64.0,,,64.8,0,0,50,0,0,0,3,0,0
MJ Dumas,41513,G,VILLANOVA,9,0,0,334,,,73.2,,,,64.7,,,70.3,0,0,39,0,0,0,0,0,0
Randall Smith,41551,DI,ALABAMA ST,2,0,0,105,,,,,,,60.9,,,64.6,0,0,0,0,0,0,5,1,0
Christian Clark,41581,DI,ALABAMA ST,10,0,0,105,73.9,,,,,,74.4,,,28.7,0,1,0,37,0,0,0,9,0
Justin Agner,41605,QB,STETSON,1,0,0,302,,,,,,,60.0,,60.0,63.3,0,0,0,0,0,0,1,0,0
Vincent Sampson,41615,G,JACKSON ST,11,0,0,194,,,75.3,,,,66.0,,,76.5,0,0,53,0,0,0,0,0,0
Jett Duffey,41634,QB,HAMPTON,1,0,0,178,,,,,,,60.0,,,63.3,0,1,0,0,0,0,0,0,0
Kofi Appiah,41682,T,VILLANOVA,5,0,0,334,,,67.8,,,,63.0,,,61.2,0,0,22,0,0,0,0,0,0
Ben Bos,41691,C,WEBER ST,1,0,0,342,,,,,,,60.0,,,63.3,0,0,0,0,0,0,0,0,0
Korey Banks,41717,WR,NC A&T,7,0,0,246,,,,70.1,,,67.1,62.8,,66.1,0,0,0,0,1,13,0,20,1
Roy Baker,41757,CB,E KENTUCKY,9,0,0,159,59.4,,,,,,62.6,,,76.8,0,0,0,28,4,0,6,30,0
Cortez Herrin,41765,G,ALAB A&M,1,0,0,104,,,60.0,,,,61.1,,,65.7,0,0,3,0,0,0,0,0,0
Kassy Desir,41783,G,ALBANY,2,0,0,106,,,62.0,,,,61.9,,,62.2,0,0,6,0,0,0,0,0,0
Joe Ware,41849,T,AUSTINPEAY,9,0,0,116,,,18.4,,,,29.9,,,71.7,0,0,46,0,0,0,3,0,0
Blake Mitchell,41858,C,CHATTNOOGA,9,0,0,137,,,75.7,,,,65.5,,,71.7,0,0,47,0,0,0,0,0,0
Quentin Harrison,41876,TE,CAL POLY,7,0,0,129,,,,59.6,,,61.9,,,72.2,0,0,0,0,3,36,2,18,0
Kana'i Eldredge,41912,C,DIXIE,4,0,0,1285,,,60.8,,,,61.6,,,63.0,0,0,5,0,0,0,11,0,0
Justin Morgan,41919,T,STNY BROOK,11,0,0,303,,,72.3,,,,56.9,,,27.8,0,1,37,0,0,0,0,0,0
Brendan Cassels,41944,G,TOWSON,2,0,0,317,,,60.0,,,,60.3,,,65.4,0,0,2,0,0,0,0,0,0
Tim Wilson Jr.,41965,WR,SE LA,2,0,0,294,,,,,,,29.7,,,25.4,0,1,0,0,0,3,0,3,0
Lamar Anderson,41969,S,SAMFORD,8,1,0,282,60.0,,,,,,57.5,,,28.1,0,1,0,35,32,0,0,2,0
Gunnar Docos,41972,G,MAINE,3,0,0,212,,,65.0,,,,62.8,,,68.1,0,0,14,0,0,0,0,0,0
Wes Genant,41975,C,S DAK ST,3,0,0,292,,,65.5,,,,62.8,,,69.7,0,0,13,0,0,0,0,0,0
Daeshawn Stephens,42003,WR,NC CENT,5,0,0,247,,,,,,,66.1,,,71.2,0,0,0,0,0,15,1,21,0
Malik Grate,42004,CB,CAMPBELL,10,0,0,131,59.2,,,,,,64.8,,,79.6,0,0,0,39,14,3,3,22,1
LJ Wesneski,42010,TE,ALBANY,10,0,0,106,,,60.0,,,,57.6,,,71.8,0,0,7,0,0,54,51,0,0
Bryson Duckworth,42012,TE,GARD-WEBB,7,0,0,171,,,71.2,,,,64.9,,,69.3,0,0,35,0,0,44,0,0,0
Javonis Isaac,42036,TE,NWSTATE,9,0,0,257,,,70.1,59.9,,,57.3,,,69.7,1,0,30,0,0,50,41,0,0
Marcel Myers,42041,CB,BRYANT,9,1,1,124,59.6,,,,,,52.1,,,28.6,1,3,0,5,49,28,37,40,2
Chad Hunter,42052,WR,FL A&M,1,0,0,164,,,,,,,60.0,,,64.5,0,0,0,0,0,0,1,0,0
Landon Lenoir,42053,WR,S ILLINOIS,2,0,0,295,,,,,,,60.1,,,62.9,0,0,0,0,1,1,0,0,0
D'Carrious Stephens,42075,LB,TENN MARTN,13,0,0,310,59.7,,,61.8,,,91.1,,,73.7,0,0,0,40,3,11,0,42,0
Zach Burdick,42082,WR,WM & MARY,1,0,0,348,,,,,,,60.0,61.9,,63.3,0,0,0,0,0,0,0,3,0
Ryan Rutkowski,42117,WR,TOWSON,11,0,0,317,,,,,,,65.2,,,79.7,0,0,0,0,0,61,0,36,0
Tobias Enlow,42140,WR,CENT ARK,1,0,0,132,,,,,,,60.0,,,64.2,0,0,0,0,0,2,0,0,0
Cee Jay Powell,42146,WR,MCNEESE,1,0,0,217,,,,,,,60.0,63.2,,63.9,0,0,0,0,0,0,0,5,0
Jordan Chin,42150,WR,SACRAMENTO,4,0,0,279,,,,,,,61.3,,,70.6,0,0,0,0,2,2,6,6,0
Nolan Givan,42166,TE,SE LA,13,0,1,294,,,78.4,,,,50.0,,,27.7,0,2,92,0,0,76,20,0,0
David DuBose,42182,ED,TENN MARTN,13,0,0,310,58.4,,,,,,54.9,,,29.7,0,1,0,54,0,0,63,28,0
Donnell Williams,42199,WR,TENN MARTN,3,0,0,310,,,,,,,60.0,,,66.8,0,0,0,0,0,10,0,0,0
Sylvaughn Turner,42214,CB,SAMFORD,11,0,0,282,59.4,,,,,,69.2,,,81.0,0,0,0,29,36,1,0,46,0
Anthony Mague,42234,TE,WM & MARY,9,0,0,348,59.9,,70.3,,,,62.7,,,64.6,0,0,31,2,0,7,0,0,0
Tariq Bitson,42265,WR,TARLETON,9,0,0,401,,,,59.4,,,59.7,52.4,,69.4,0,0,0,0,5,40,0,3,0
Xavier Lane,42334,WR,MO STATE,4,0,0,230,60.0,,,,,,55.4,,,73.5,0,1,0,1,0,10,0,16,0
Max Thrower,42335,TE,MORGAN ST,6,0,0,235,,,61.4,,,,47.0,,,28.3,0,1,9,0,0,12,28,4,0
John Williams,42342,WR,PRVIEW A&M,3,0,0,270,59.8,,,62.1,,,60.7,60.3,,68.2,0,0,0,3,0,12,0,6,0
Noah Turner,42347,TE,JAMES MAD,7,0,0,197,,,73.1,,,,52.0,,,27.0,0,1,46,0,0,10,4,0,0
Curtis Roach,42381,CB,W CAROLINA,4,0,0,344,59.6,,,,,,63.7,,,73.1,0,0,0,1,21,4,0,15,0
DeCarlo Hamilton,42436,DI,ARKAPB,11,0,1,112,57.7,,60.0,,,,48.8,,,27.8,0,1,5,31,0,0,9,0,0
Jordan Eastling,42441,CB,SOUTHERN U,10,1,0,297,59.7,,,,,,50.7,,,28.9,0,2,0,15,43,0,0,18,1
Zaire Jones,42457,S,YNGTOWN ST,10,0,0,353,60.0,,,,,,81.1,,,72.7,1,0,0,43,25,1,4,14,6
Tyler Carswell,42525,S,ALBANY,3,1,0,106,59.8,,,,,,58.3,,,70.5,0,0,0,17,6,0,10,4,0
Troy Hilton,42530,CB,FL A&M,12,0,0,164,60.2,,,,,,60.3,,,41.4,0,1,0,6,0,30,20,65,0
Brandon Burton,42537,S,MURRAY ST,10,0,1,236,90.4,,,,,,81.2,,,78.2,0,1,0,12,30,40,0,35,0
Don Gardner,42551,CB,S DAK ST,9,0,0,292,59.6,,,,,,60.2,,,66.3,0,0,0,21,1,2,0,0,0
Peyton Moore,42576,ED,KENNESAW,3,0,0,200,60.1,,61.7,,,,62.1,,,65.1,0,0,9,5,2,0,0,0,0
Tobias Little,42594,HB,MO STATE,6,0,0,230,,,,,,,60.2,,,69.7,0,0,0,0,0,28,0,0,0
Dion Goldbourne,42595,ED,TENN MARTN,2,1,0,310,,,,,,,68.1,,,68.7,0,0,0,0,16,0,0,0,0
Jared Schiess,42601,DI,WEBER ST,11,0,0,342,58.2,,75.3,,,,63.2,,,76.5,0,0,53,29,0,0,51,11,0
Justin Brown,42621,S,SO UTAH,5,1,0,298,60.0,,,,,,68.2,,,71.8,0,0,0,8,19,0,3,4,1
TJ Johnson,42639,CB,DUQUESNE,10,0,0,155,59.5,,,,,,68.6,,,74.9,0,0,0,11,34,0,0,7,2
Brandon Shuman,42644,CB,TOWSON,10,0,0,317,59.4,,,,,,65.6,,,71.1,0,0,0,36,33,0,0,3,2
Joshua Manchigiah,42649,S,S DAK ST,8,0,0,292,60.3,,,,,,62.3,,,72.0,0,0,0,14,4,15,0,12,0
Broderick Harrell,42650,S,PORTLAND,8,0,0,269,60.4,,,,,,61.5,,,64.9,0,0,0,30,6,0,0,0,0
John Broussard,42651,CB,MURRAY ST,10,0,0,236,59.8,,,,,,62.1,,,45.7,0,1,0,3,34,45,15,41,2
Mark Collins Jr.,42680,CB,TOWSON,8,0,0,317,59.6,,,,,,61.6,,,70.7,0,0,0,32,5,0,0,3,0
Akili Gray,42681,S,SO UTAH,11,0,0,298,59.7,,,,,,63.1,,,75.8,1,0,0,24,38,38,27,0,3
Jordan Woods,42686,DI,SOUTHERN U,4,0,0,297,59.2,,,,,,60.8,,,67.0,0,0,0,4,0,0,0,3,0
Rashon Davis,42692,CB,INCAR WORD,11,0,0,189,59.3,,,,,,55.9,,,71.3,1,0,0,41,8,0,0,3,0
Tyler Crist,42715,ED,WM & MARY,3,0,0,348,59.9,,,,,,61.2,,,66.9,0,0,0,6,7,9,0,0,0
Elijah Reed,42743,S,S DAKOTA,12,0,0,291,59.7,,,,,,63.9,,,73.1,0,0,0,42,20,2,8,28,0
Greg Ross,42760,CB,JAMES MAD,13,0,0,197,59.3,,,,,,67.5,,,76.8,0,0,0,29,0,0,11,42,1
Wayne Davis,42787,S,JAMES MAD,13,0,0,197,59.9,,,59.4,,,64.4,,,70.6,0,0,0,33,22,4,0,19,0
Jay Woods,42791,CB,TENN MARTN,12,1,0,310,59.4,,,,,,64.6,,,76.2,0,0,0,53,1,0,15,27,0
Brawntae Wells,42829,ED,N IOWA,5,0,0,255,58.8,,,,,,60.8,,,72.1,0,0,0,10,0,0,0,5,0
Parrish Gordon,42872,CB,CITADEL,5,0,0,139,59.7,,,,,,61.8,,,69.8,0,0,0,11,0,0,0,10,0
Austin Evans,42877,CB,N IOWA,12,0,0,255,59.9,,,,,,62.6,,,83.3,0,0,0,45,64,0,66,69,0
Kylan Stribling,42902,S,CENT ARK,8,0,0,132,60.0,,,,,,64.7,,,74.0,0,0,0,2,27,21,0,9,0
Amandre Williams,42954,ED,MONTANA ST,12,0,0,233,59.4,,,,,,65.0,,,72.6,0,0,0,7,0,0,0,17,0
Lance Vecchio,42964,ED,CAL POLY,10,0,0,129,58.9,,,,,,59.2,,,67.8,0,0,0,19,0,22,0,3,0
Terrell Lucas,42967,ED,INCAR WORD,11,0,0,189,58.4,,,,,,58.5,,,69.7,0,0,0,31,1,20,0,5,0
Elias Reynolds,42976,LB,STNY BROOK,6,0,0,303,60.0,,,,,,62.8,,,72.6,0,0,0,2,7,16,0,27,0
Henry Miller,42992,CB,BETH COOK,10,0,0,119,59.6,,,,,,60.5,,,79.3,0,0,0,25,30,14,55,16,1
Tyreic Martin,43002,DI,ALCORN ST,9,0,0,107,58.7,,68.6,,,,61.0,,,69.6,0,0,28,21,0,0,0,7,0
Sci Martin Jr.,43008,ED,SE LA,4,0,0,294,59.0,,,,,,59.4,,,65.4,0,0,0,13,0,0,0,1,0
Nowoola Awopetu,43015,S,VILLANOVA,8,0,0,334,,,,56.7,,,60.3,,,64.6,0,0,0,0,1,23,0,2,0
Qua Brown,43028,S,S ILLINOIS,13,0,0,295,59.9,,,,,,61.8,,,65.4,0,0,0,58,1,2,0,9,0
Tyree Rodgers,43031,S,NORFOLK,2,0,0,244,60.0,,,,,,60.8,,,62.8,0,0,0,7,2,0,0,0,0
Ezra Gray,43043,HB,ALABAMA ST,9,0,1,105,,,,58.4,,,55.4,,,28.1,0,1,0,0,22,36,5,0,2
Isaiah Thomas,43066,S,UC DAVIS,12,1,0,322,60.2,,,63.0,,,70.2,67.0,,72.5,0,0,0,41,57,55,1,58,2
Kimar Martin,43072,CB,ALABAMA ST,7,0,0,105,59.7,,,,,,62.6,,,77.1,1,0,0,9,16,0,30,14,3
Tre Webb,43077,S,MONTANA ST,15,0,0,233,59.5,,,,,,67.4,,,59.3,0,1,0,40,86,1,15,83,2
K.J. Smith,43081,CB,N ALABAMA,10,0,0,389,59.3,,,59.9,,,63.2,45.4,,81.2,0,0,0,53,0,4,2,18,0
Taji Stewart,43084,LB,JVILLE ST,1,0,0,196,59.6,,,,,,63.0,,,71.0,0,0,0,3,0,0,0,6,0
Tim Hart,43085,LB,SM HOUSTON,12,0,0,281,59.8,,,,,,69.3,,,73.5,0,0,0,35,15,2,47,1,3
Moses Reynolds,43090,CB,INCAR WORD,11,0,0,189,59.4,,,,,,64.9,,,76.0,0,0,0,32,0,4,0,36,0
Bryce Notree,43104,LB,S ILLINOIS,12,0,0,295,59.4,,,,,,61.2,,,68.4,0,0,0,48,1,0,0,8,0
Quantravis Kelly,43124,LB,ALAB A&M,4,0,0,104,60.0,,,,,,61.2,,,64.4,0,0,0,15,0,0,0,2,0
Evan Jones,43140,CB,N ALABAMA,11,0,0,389,59.3,,,,,,62.7,,,76.1,0,0,0,42,0,7,21,9,1
Keyvone Bruton,43150,S,TOWSON,11,0,0,317,59.6,,,,,,66.2,,,71.9,0,0,0,45,10,1,47,5,1
Kareem Gaulden,43152,CB,NC CENT,5,0,0,247,59.8,,,,,,61.2,,,33.7,0,1,0,2,19,2,28,12,2
Jacob Matthew,43156,ED,S DAKOTA,12,0,0,291,58.7,,,,,,61.2,,,72.5,0,0,0,39,0,1,0,21,0
Korby Sander,43164,S,N IOWA,10,0,0,255,59.6,,,,,,62.6,,,79.9,0,0,0,38,1,0,45,45,0
Corban James,43165,ED,TARLETON,2,0,0,401,59.8,,,,,,59.9,,,64.3,0,0,0,2,0,0,0,1,0
Quincy Lenton,43195,S,YNGTOWN ST,4,0,0,353,60.1,,,,,,60.1,,,64.4,0,0,0,10,0,0,2,0,0
Spencer Perry,43262,S,ALAB A&M,6,0,0,104,60.0,,,,,,67.0,,,72.1,0,0,0,24,20,15,15,13,1
Braxton Gunther,43264,S,WEBER ST,11,2,0,342,59.9,,,,,,70.5,,,74.0,0,0,0,16,49,44,10,24,2
Evan Horn,43270,S,NEW HAMP,11,0,0,240,59.4,,,,,,60.0,44.8,,66.8,0,0,0,55,1,2,0,32,0
Prince Washington,43289,CB,SACRAMENTO,5,0,0,279,59.6,,,,,,61.4,,,68.0,0,0,0,7,0,7,0,7,0
Uryan Hudson,43307,CB,N COLORADO,11,1,0,253,59.7,,,60.1,,,64.7,71.9,,71.0,0,0,0,18,29,41,0,48,0
Jarrius Wallace,43310,S,MCNEESE,9,0,0,217,59.7,,,,,,65.3,,,76.8,0,0,0,15,24,5,26,40,0
Phillip Powell,43313,LB,S ILLINOIS,9,0,0,295,,,,,,,68.9,,,75.7,1,0,0,0,54,1,8,32,2
Kevin Moore III,43328,S,NICHOLLS,7,0,0,243,59.4,,,,,,61.7,,,67.9,0,0,0,27,0,0,0,7,0
Morgan Vest,43332,S,N ARIZONA,11,1,0,252,59.3,,,,,,60.8,,,80.9,1,0,0,54,1,3,23,21,0
Brian Bullock,43355,S,ABILENE CH,10,0,0,100,59.8,,,,,,62.6,,,72.7,0,0,0,42,22,1,0,6,0
Donovan Duvernay,43357,CB,NWSTATE,11,0,0,257,59.9,,,51.5,,,60.4,73.2,,67.6,0,0,0,3,2,66,0,44,0
Matt Shotwell,43428,LB,CAL POLY,11,0,0,129,59.8,,,,,,80.2,,,82.0,0,0,0,60,32,2,59,16,8
Jayden Palauni,43435,DI,WEBER ST,6,0,0,342,58.9,,,,,,60.0,,,68.9,0,0,0,6,0,0,0,5,0
Elorm Lumor,43448,ED,TOWSON,6,0,0,317,59.0,,,,,,59.5,,,66.7,0,0,0,23,0,0,0,1,0
Roland Walder,43464,ED,E KENTUCKY,10,0,0,159,58.7,,,,,,60.7,,,70.8,0,0,0,31,0,0,0,10,0
Akil Jones,43475,LB,INCAR WORD,7,0,0,189,59.7,,,,,,70.5,,,69.2,0,0,0,16,0,24,0,4,0
Tim Walton Jr.,43476,ED,TEXAS STHN,11,0,0,313,58.8,,75.3,,,,55.8,,,29.0,0,2,53,42,1,46,47,5,0
Demetrius Stitmon,43485,LB,HAMPTON,10,0,0,178,59.8,,,,,,52.7,,,29.0,1,3,0,32,35,53,35,28,4
Brandon Bowen,43515,ED,INCAR WORD,11,0,0,189,58.7,,,,,,58.9,,,67.4,0,0,0,36,0,0,0,1,0
Frank Coppet,43530,S,MURRAY ST,9,0,0,236,59.8,,,,,,69.3,,,80.8,0,0,0,11,6,2,34,4,2
La'akea Kaho'ohanohano-Davis,43532,LB,SO UTAH,9,0,0,298,59.7,,,,,,61.4,,,70.1,0,0,0,52,1,0,2,6,0
Nick Oelrich,43609,S,W CAROLINA,11,1,0,344,60.1,,,,,,65.7,73.0,,38.6,0,1,0,16,68,78,3,7,5
Alfonzo Lambert,43632,LB,N IOWA,11,0,0,255,59.8,,,,,,62.8,,,71.4,0,0,0,38,0,0,0,14,0
Deonte Williams,43633,ED,FL A&M,10,0,0,164,59.5,,,,,,61.9,,,70.6,0,0,0,7,3,5,0,15,0
Alexy Jean-Baptiste,43651,ED,CAMPBELL,3,0,0,131,59.6,,,,,,61.3,,,84.3,0,0,0,2,0,0,0,1,0
Levi Metheny,43655,LB,MURRAY ST,11,0,0,236,60.2,,,,,,65.3,,,71.1,0,0,0,16,26,1,0,12,0
Austin Pickett,43659,DI,TENN MARTN,13,0,0,310,57.6,,,,,,58.3,,,73.8,0,0,0,52,0,0,0,27,0
Conner Mortensen,43669,LB,WEBER ST,11,0,0,342,59.5,,,,,,60.9,,,73.4,0,0,0,39,1,1,38,26,1
Rayshad Nichols,43672,DI,STF AUSTIN,11,0,0,301,59.9,,,,,,60.9,,,67.6,0,0,0,26,0,0,0,3,0
Tyran Nash,43680,ED,SOUTHERN U,10,0,0,297,59.0,,62.4,,,,62.2,,,71.2,0,0,10,22,1,0,0,12,0
Amari Holloway,43691,S,ALAB A&M,8,0,0,104,59.8,,,,,,56.1,,,29.1,0,1,0,20,15,1,1,11,0
Charles Akanno,43706,ED,IDAHO,6,0,0,185,58.9,,,,,,59.7,,,71.9,0,0,0,15,0,0,0,0,0
Desmond Williams,43732,S,WEBER ST,5,0,0,342,60.0,,,,,,62.8,,,71.5,0,0,0,14,0,0,0,8,0
Bryce Morais,43735,DI,N ALABAMA,11,0,0,389,58.7,,60.0,,,,59.3,,,67.7,0,0,1,29,0,0,0,4,0
Logan Backhaus,43777,LB,S DAK ST,9,0,0,292,59.4,,,,,,53.7,,,70.2,1,0,0,25,2,3,0,0,0
Frank Burton III,43786,DI,DELAWARE,8,0,0,151,57.8,,,,,,57.7,,,68.6,0,0,0,26,0,0,0,5,0
Anthony Knighton,43788,ED,S ILLINOIS,13,0,0,295,90.1,,,,,,91.7,,,68.7,0,0,0,55,0,0,0,7,0
Ibn Foster,43795,DI,ALBANY,10,0,0,106,58.3,,,,,,60.2,,,72.0,0,0,0,33,0,0,0,20,0
L.B. Mack III,43806,ED,RHODE ISLD,11,0,0,274,59.5,,,,,,70.8,,,73.2,0,0,0,36,0,0,0,24,0
Chidi Okonya,43810,ED,NC CENT,9,0,0,247,59.0,,70.3,,,,61.9,,,64.8,0,0,32,14,0,0,0,1,0
Chris Myers,43846,ED,NORFOLK,11,0,0,244,73.8,,75.7,,,,79.0,,,72.8,0,0,64,39,0,4,0,10,0
Isaiah Chambers,43848,ED,MCNEESE,9,0,1,217,59.2,,,,,,46.5,,,27.5,0,1,0,22,0,0,0,4,0
Terrell Townsend,43854,ED,N ALABAMA,11,0,0,389,59.2,,,,,,60.9,,,70.6,0,0,0,39,0,0,0,7,0
Calin Criner,43879,S,E WASHGTON,13,0,0,161,59.7,,,61.8,,,63.0,,,78.9,0,0,0,47,1,24,0,22,0
AJ Garson,43884,ED,DUQUESNE,10,0,0,155,59.7,,60.0,,,,61.7,,,70.1,0,0,1,35,0,0,0,5,0
Scean Mustin-Sherman,43953,DI,SM HOUSTON,12,0,1,281,57.8,,,,,,47.4,,,27.8,0,1,0,23,0,0,0,6,0
Brandon Simon,43965,LB,ILL STATE,2,0,0,188,59.9,,,,,,60.0,,,62.7,0,0,0,4,0,0,0,0,0
Korbin Harmon,43967,DI,TENN MARTN,13,0,0,310,69.9,,60.0,,,,74.3,,,72.4,0,0,1,61,0,0,63,17,0
Michael Branch,43970,DI,NC A&T,7,0,1,246,58.7,,,,,,59.0,,,65.8,0,1,0,12,0,0,0,1,0
Nolan DeFranco,43973,ED,STETSON,7,0,0,302,58.7,,60.0,,,,62.1,,,78.3,0,0,5,30,0,0,0,11,0
Darius Reynolds,44041,ED,RICHMOND,9,0,0,276,58.8,,,,,,61.4,,,70.1,0,0,0,27,0,0,0,17,0
Bryce Carter,44069,ED,JAMES MAD,13,0,0,197,59.3,,,,,,68.0,,,72.0,0,0,0,31,0,0,47,15,2
Andre Bibeault,44100,ED,RHODE ISLD,10,0,0,274,58.5,,,,,,66.3,,,69.6,0,0,0,37,0,0,34,4,0
Xander Gagnon,44110,LB,N COLORADO,5,0,0,253,59.4,,,,,,60.8,,,69.3,0,0,0,17,0,0,0,5,0
Lepi Lataimua,44149,HB,CAL POLY,8,0,0,129,,,,62.2,,,61.0,,,72.4,0,0,0,0,0,53,1,7,0
Eddie Hahn V,44164,LB,MONMOUTH,11,0,0,231,58.8,,,,,,67.2,,,77.1,0,0,0,46,0,3,42,36,1
Troy Murray,44171,ED,DIXIE,5,0,0,1285,59.3,,63.7,,,,60.5,,,67.0,0,0,12,12,0,31,0,0,0
Tymar Sutton,44178,LB,DUQUESNE,8,0,0,155,59.9,,,59.9,,,69.9,,,73.7,0,0,0,4,40,23,15,6,3
Gavin Robertson Jr.,44183,S,MONTANA,9,0,0,232,59.7,,,,,,61.2,,,65.9,0,0,0,18,0,0,0,7,0
Elijah Lewis,44193,DI,NEW HAMP,9,0,0,240,57.6,,,,,,57.8,,,70.1,0,0,0,39,0,0,0,11,0
Dante Cleveland,44217,DI,S ILLINOIS,1,0,0,295,59.8,,,,,,60.0,,,62.7,0,0,0,1,0,0,0,0,0
Chris Tucker,44256,ED,TENN TECH,9,0,0,309,59.3,,,,,,59.8,,,66.4,0,0,0,30,0,0,0,1,0
Rahsaan Crawford,44257,DI,IDAHO,10,0,0,185,58.6,,,,,,43.8,,,69.1,0,0,0,25,0,0,54,0,0
Alvin Ward Jr.,44267,ED,MERCER,5,0,0,219,59.7,,,,,,60.4,,,69.0,0,0,0,21,0,8,0,7,0
Kayode Rufai,44290,ED,IDAHO,8,0,0,185,58.3,,,,,,47.4,,,27.6,0,1,0,29,0,0,0,0,0
ZeVeyon Furcron,44343,G,S ILLINOIS,13,0,0,295,,,78.7,,,,66.5,,,74.1,0,0,68,0,0,0,0,0,0
Michael Badejo,44427,ED,TEXAS STHN,11,0,0,313,57.5,,,,,,41.0,,,71.5,0,0,0,55,0,0,49,6,0
Mark Kruger,44446,FB,SO UTAH,2,0,0,298,,,60.0,,,,61.5,,,63.4,0,0,9,0,0,0,5,0,0
Colby Ritten,44454,DI,RICHMOND,1,0,0,276,59.8,,,,,,60.0,,,62.7,0,0,0,1,0,0,0,0,0
Carter Couch,44477,DI,HOU BAPT,9,0,0,183,58.0,,,,,,58.0,,,67.2,0,0,0,33,0,0,0,3,0
Bryce Rodgers,44518,DI,UC DAVIS,12,0,0,322,73.0,,75.7,,,,78.9,,,74.8,0,0,59,47,0,0,0,12,0
Carson Taylor,44536,ED,N ARIZONA,8,0,0,252,58.3,,,,,,60.4,,,69.1,0,0,0,26,0,0,0,14,0
Jordan Berner,44560,ED,S ILLINOIS,13,0,0,295,57.8,,,,,,58.2,,,69.0,0,0,0,52,0,0,0,7,0
Thomas Stacker,44567,DI,S DAK ST,3,0,0,292,59.9,,,,,,27.6,,,22.5,0,2,0,3,0,0,0,0,0
Myles Vigne,44589,DI,NICHOLLS,10,0,0,243,82.1,,,,,,90.1,,,67.5,0,0,0,18,0,0,0,4,0
Neil Boudreau,44632,QB,MORGAN ST,10,0,0,235,,,21.3,,,,42.4,,51.8,74.4,0,2,25,0,0,0,62,0,1
Bailey Raborn,44640,P,JACKSON ST,12,1,0,194,,47.9,,,76.6,,64.0,,52.2,77.4,0,0,17,0,62,0,15,0,3
Caleb Lightbourn,44669,P,IDAHO,11,0,0,185,,,66.0,,82.0,,64.1,,85.7,76.9,0,0,46,0,43,0,54,0,0
Cole Bunce,44682,K,VILLANOVA,12,0,0,334,,73.2,,,59.6,,63.7,,,76.2,0,0,56,0,69,0,0,0,1
Luis Aguilar,44703,K,N ARIZONA,11,0,0,252,,61.2,,,81.7,,63.4,,,74.9,0,0,50,0,55,0,0,0,3
Brady Schutt,44845,P,S DAKOTA,12,0,0,291,,,66.2,,,,63.5,,75.0,73.4,0,2,48,0,0,0,60,0,1
Coby Neenan,44861,P,SAMFORD,11,0,0,282,,,,,76.3,,64.0,,,78.7,2,0,0,0,77,0,0,0,2
John Aloma,44901,LS,UC DAVIS,12,1,0,322,,,88.0,,,90.2,85.6,,,67.0,0,0,60,0,0,0,55,0,2
Dylan Burns,44969,K,ALBANY,10,0,0,106,,58.6,,,54.6,,62.9,,,73.9,0,0,32,0,43,0,0,0,2
Nico Gualdoni,45150,K,S ILLINOIS,13,0,0,295,,82.8,,,76.3,,63.9,,,76.8,0,0,70,0,77,0,0,0,1
TJ Comstock,45286,CB,GARD-WEBB,10,0,0,171,59.6,,,,,,61.7,,,65.5,0,0,0,35,0,3,0,11,0
Conrad Brake,45298,LS,TOWSON,11,0,0,317,,,82.2,,,83.5,76.6,,,66.6,0,0,36,0,0,0,47,0,1
De'jour Simpson,45381,G,NC A&T,1,0,0,246,,,,,,,60.0,,,63.3,0,0,0,0,0,0,0,0,0
Antione Frazier,45396,T,N IOWA,8,0,0,255,,,70.9,,,,64.0,,,67.5,0,0,32,0,0,0,0,0,0
Solomon Wise,45534,ED,ALCORN ST,8,0,0,107,59.5,,60.0,,,,61.6,,,70.8,0,0,3,21,0,0,0,6,0
Brenndan Johnson,45543,S,N ARIZONA,6,0,0,252,59.9,,,,,,69.3,,,67.0,0,0,0,24,0,0,5,6,1
Robert Washington,45718,HB,VALPO,2,0,0,332,,,,,,,61.2,,,65.5,0,0,0,0,2,0,0,1,0
Andrew Garnett,46239,T,TOWSON,11,0,0,317,,,71.5,,,,64.5,,,70.4,0,0,36,0,0,0,0,0,0
Tristen Taylor,46385,T,E WASHGTON,10,0,0,161,,,77.7,,,,66.0,,,70.8,0,0,66,0,0,0,0,0,0
Jonathan Giles,47416,WR,TEXAS STHN,10,0,0,313,,,,,,,61.8,70.8,,68.0,0,0,0,0,3,2,0,37,0
Joey Kenny,47420,HB,RHODE ISLD,11,0,0,274,,,74.8,59.9,,,70.9,,,74.6,0,0,51,0,0,26,49,0,1
Jequez Ezzard,47664,WR,SM HOUSTON,10,0,0,281,,,,61.8,,,61.3,63.0,,67.6,0,0,0,0,0,2,0,46,0
Thurman Morbley,47676,WR,PRVIEW A&M,6,0,0,270,,,,58.3,,,60.7,67.4,,69.2,0,0,0,0,1,24,3,23,0
Jerron Rollins,47692,WR,S ILLINOIS,11,0,0,295,,,,,,,59.6,,,70.7,0,0,0,0,0,54,0,0,0
Isaac James-Gray,47706,CB,YNGTOWN ST,10,2,0,353,59.4,,,55.2,,,67.1,,,84.2,1,0,0,24,40,61,48,34,2
Justin Belknap,48807,ED,MONTANA,11,0,0,232,59.1,,,,,,59.6,,,70.2,0,0,0,26,0,1,0,10,0
Trey Ramos,49248,S,STF AUSTIN,11,1,0,301,59.7,,,,,,75.9,,,73.9,1,0,0,14,48,15,35,4,7
Miles Hayes,49326,S,ROB MORRIS,8,0,0,277,59.8,,,,,,58.8,,,75.0,0,1,0,32,9,2,0,0,1
Troy Henderson Jr.,49895,LB,AUSTINPEAY,11,0,0,116,59.6,,60.0,,,,60.6,,,66.5,0,0,1,35,1,7,0,3,0
Joseph Wallace,49998,DI,SM HOUSTON,11,0,0,281,58.0,,,,,,50.1,,,28.3,0,1,0,27,0,0,11,9,0
Ty Graham,50111,LB,E WASHGTON,13,0,0,161,59.2,,,,,,49.0,,,51.4,3,1,0,56,1,1,46,25,2
Jusstis Warren,50295,ED,E WASHGTON,10,0,0,161,59.4,,,,,,74.7,,,79.4,0,1,0,17,27,33,6,1,4
Josh Hayes,50493,CB,E KENTUCKY,4,0,0,159,59.7,,,,,,62.5,,,72.6,0,0,0,5,18,0,3,15,0
James Ceasar,50495,CB,S ILLINOIS,2,0,0,295,59.7,,,,,,60.7,,,68.6,0,0,0,5,0,1,0,1,0
Montez Wilson,51121,ED,CHATTNOOGA,5,0,0,137,59.3,,,,,,61.3,,,68.1,0,0,0,5,10,0,0,2,0
Jesse Bramble,51470,S,FORDHAM,11,0,0,168,59.7,,,,,,75.8,,,78.0,0,0,0,47,57,3,45,15,12
Anthony Catapano,51616,C,STNY BROOK,4,0,0,303,,,65.4,,,,63.1,,,67.5,0,0,18,0,0,0,0,0,0
Jared Kreimer,51682,CB,HOLY CROSS,12,0,0,181,,,,,,,68.7,52.5,,75.1,1,0,0,0,66,44,0,73,7
Bobby Jefferson,51702,DI,DARTMOUTH,4,0,0,148,,,,,,,60.8,,,63.3,0,0,0,0,0,0,15,0,0
Zak Kurz,51721,G,WOFFORD,1,0,0,350,,,60.0,,,,60.1,,,64.2,0,0,2,0,0,0,0,0,0
Billy Corte,51821,T,STETSON,9,0,0,302,60.0,,73.7,,,,62.8,,,73.2,0,0,44,1,0,0,4,0,0
Darius Campbell,52022,CB,PRVIEW A&M,9,0,0,270,59.4,,,,,,62.0,,,73.3,0,0,0,34,0,0,2,10,0
Akil Francisco,52051,CB,W ILLINOIS,1,0,0,345,59.7,,,,,,61.7,,,76.1,0,0,0,5,0,0,0,2,0
Miles Reed,52077,HB,STF AUSTIN,1,0,0,301,,,,,,,60.0,,,63.0,0,0,0,0,0,1,0,0,0
Chinedu Ogbonna,52091,LB,SE LA,13,0,0,294,59.8,,77.5,59.9,,,63.1,,,69.2,0,0,77,21,0,46,13,2,0
Claudin Cherelus,52094,LB,ALCORN ST,10,0,0,107,59.5,,,,,,62.5,,,72.3,0,0,0,38,0,3,0,11,0
Jessie Britt,52101,HB,SE LA,1,0,0,294,,,,61.8,,,60.0,,,63.7,0,0,0,0,0,2,0,0,0
Mike Ruane,52109,LB,VILLANOVA,11,1,0,334,59.8,,,,,,67.8,,,76.6,0,0,0,5,62,45,4,20,1
Zach Loane,52116,DI,SM HOUSTON,4,0,0,281,58.9,,,,,,61.5,,,67.6,0,0,0,2,0,0,0,5,0
Jeffrey Manning Jr.,52134,S,MONTANA ST,15,1,0,233,59.9,,,,,,60.1,,,57.6,1,1,0,38,81,0,4,14,0
TraJon Cotton,52147,CB,MONTANA,11,1,0,232,59.8,,,,,,64.3,,,72.5,1,0,0,11,67,0,0,8,0
Anthony Adams,52151,CB,PORTLAND,10,0,0,269,59.3,,,,,,64.8,,,74.9,0,0,0,50,48,2,0,17,1
Beau Kelly,52154,WR,PORTLAND,10,0,0,269,,,,,,,61.0,71.4,,70.6,0,0,0,0,4,28,0,36,0
Ben Niesner,52155,P,VALPO,11,0,0,332,,,66.3,,,,63.4,,58.2,73.0,0,0,50,0,0,0,56,0,0
Boogie Davis,52157,ED,PORTLAND,2,0,0,269,59.8,,,,,,68.8,,,64.8,0,0,0,3,0,0,5,1,1
Brady Brick,52158,G,PORTLAND,10,0,0,269,,,72.8,,,,64.2,,,63.6,0,0,45,0,0,0,0,0,0
Daniel Giannosa,52161,TE,PORTLAND,2,0,0,269,,,,63.5,,,60.0,,,64.0,0,0,0,0,0,2,0,0,0
George McCorley,52168,WR,PORTLAND,10,0,0,269,,,,,,,49.5,,,72.7,1,1,0,0,5,17,0,16,0
Graycen Kennedy,52169,K,MCNEESE,2,0,0,217,,29.5,,,,,60.0,,,63.5,0,0,5,0,0,0,0,0,0
Jake Porter,52171,ED,PORTLAND,10,0,0,269,59.0,,,,,,60.5,,,68.2,0,0,0,33,0,0,0,7,0
Malik Thirdgill,52178,TE,PORTLAND,7,0,0,269,,,70.7,,,,63.5,,,61.0,0,0,33,0,0,0,0,0,0
Mataio Talalemotu,52180,WR,PORTLAND,3,0,0,269,,,,,,,63.9,,,66.8,0,0,0,0,0,2,2,0,0
Nicolas Ah Sam,52182,LB,PORTLAND,10,0,0,269,59.6,,,,,,57.1,,,68.3,1,0,0,32,0,0,34,9,0
Noah Yunker,52184,ED,PORTLAND,5,0,0,269,59.8,,,,,,61.3,,,65.8,0,0,0,14,0,0,0,4,0
Robert Holt,52185,S,PORTLAND,10,0,0,269,59.8,,,,,,69.7,,,76.0,0,0,0,11,39,6,0,9,2
Semise Kofe,52187,DI,PORTLAND,10,0,0,269,58.0,,,,,,58.9,,,70.0,0,0,0,38,0,0,0,9,0
Steffen Jacobsen,52188,LB,PORTLAND,5,0,0,269,59.9,,,,,,61.0,,,77.1,1,0,0,1,8,33,0,11,1
Tyson Pauling,52193,C,PORTLAND,7,0,0,269,,,72.5,,,,64.5,,,70.9,0,0,30,0,0,0,0,0,0
Austin Liles,52221,WR,SAN DIEGO,3,0,0,283,,,,,,,62.4,,,70.4,0,0,0,0,24,12,0,0,0
Terrell Carter,52259,WR,SE LA,11,0,0,294,,,,,,,66.2,,,73.0,0,0,0,0,0,6,0,42,0
Dylan Boles,52271,DI,N IOWA,1,0,0,255,59.8,,,,,,60.0,,,62.7,0,0,0,1,0,0,0,0,0
Jermiah Stafford,52305,T,SOUTHERN U,10,0,0,297,,,73.6,,,,65.1,,,75.5,0,0,45,0,0,0,0,0,0
Naytron Culpepper,52317,CB,ALABAMA ST,9,0,0,105,90.3,,,,,,85.7,,,28.7,0,1,0,16,0,0,0,21,0
Noah Taylor,52348,LB,CORNELL,10,0,1,147,60.0,,,,,,60.1,,,29.5,0,1,0,1,39,0,0,36,1
Phoenix Porter,52591,LB,E ILLINOIS,2,0,0,158,60.1,,,,,,55.1,,,72.3,1,0,0,2,5,5,6,8,0
Gabe Hicks,52739,LB,BUTLER,10,3,0,127,60.0,,,,,,53.9,,,29.4,0,2,0,5,39,62,38,22,4
Jake Stylski,52755,TE,DAVIDSON,11,0,0,149,,,27.3,,,,50.1,,,42.5,0,1,63,0,1,58,23,0,0
Zaid Hamdan,52925,DI,JAMES MAD,4,0,0,197,58.6,,,,,,59.0,,,65.1,0,0,0,6,0,0,0,1,0
Chase Evans,52928,G,S ILLINOIS,12,0,0,295,,,26.5,,,,48.3,,,66.6,0,0,68,0,0,0,0,0,0
Casey Miller,52957,ED,INDIANA ST,3,0,0,191,60.1,,,,,,60.3,,,64.3,0,0,0,4,0,0,0,0,0
Tate Goodyear,53218,DI,YALE,4,0,0,352,86.4,,60.0,,,,90.5,,,68.0,0,0,2,13,0,0,0,4,0
Brian Doneghy,53220,HB,DAYTON,8,0,0,150,,,,,,,66.1,,,74.8,0,0,0,0,0,0,1,25,0
Hank Perry,53355,G,FORDHAM,1,0,0,168,,,60.0,,,,60.0,,,63.4,0,0,1,0,0,0,0,0,0
Trey King,53515,WR,DUQUESNE,9,0,0,155,,,60.0,,,,62.9,,,74.7,0,0,6,0,12,33,9,28,0
JJ Davis,53540,HB,NORFOLK,9,0,0,244,,,,66.1,,,57.8,,,70.2,0,0,0,0,0,43,0,0,0
Jakari Patterson,53555,CB,S ILLINOIS,10,1,0,295,60.0,,,,,,62.9,,,71.0,0,0,0,24,18,7,15,6,0
Elijah Ford,53568,LB,E KENTUCKY,11,0,0,159,60.0,,,,,,63.4,,,84.9,3,0,0,1,21,32,19,43,1
Gunnar Leyendecker,53593,WR,DAVIDSON,7,2,0,149,,,,46.1,,,72.7,,,72.6,0,0,0,0,40,33,6,0,3
Adam Hundemer,53622,ED,S ILLINOIS,3,0,0,295,59.1,,,,,,59.7,,,64.0,0,0,0,3,0,0,0,1,0
Zach Rumpke,53975,LB,DAYTON,10,0,0,150,59.9,,,,,,66.8,,,77.9,0,0,0,40,9,6,21,2,2
Dylan DeMaison,53994,G,DAYTON,10,0,0,150,,,76.9,,,,62.1,,,66.7,0,0,51,0,0,0,8,0,0
Vincent Munlin Jr.,54183,T,E KENTUCKY,7,0,0,159,,,70.8,,,,63.8,,,63.4,0,0,36,0,0,0,0,0,0
Yoesph Carter,54184,G,W ILLINOIS,2,0,0,345,,,60.0,,,,59.6,,,63.1,0,0,3,0,0,0,1,0,0
Sterling Berkhalter,54221,WR,NC A&T,1,0,0,246,,,,,,,60.0,,,63.3,0,0,0,0,0,0,0,0,0
Cheikhsaliou Fall,54240,ED,E KENTUCKY,11,0,0,159,,,,,,,71.7,,,82.3,0,0,0,0,49,51,0,42,2
Noah Johnson,54401,DI,HOLY CROSS,3,0,0,181,58.5,,,,,,58.4,,,65.3,0,0,0,8,0,0,0,0,0
Jack Bowler,54417,G,RICHMOND,10,0,0,276,,,72.1,,,,64.2,,,65.0,0,0,41,0,0,0,0,0,0
Macklin Kortebein,54425,WR,BRYANT,9,1,0,124,,,,65.1,,,58.5,44.9,,28.9,0,2,0,0,49,45,36,41,3
Benton Whitley,54444,ED,HOLY CROSS,12,0,0,181,58.4,,60.0,,,,57.8,,,68.5,0,0,1,23,0,0,15,0,0
Grant Holloman,54462,CB,HOLY CROSS,6,1,0,181,60.0,,,,,,66.4,,,70.2,0,0,0,20,7,0,7,8,0
Michael Makins,54465,LB,ALAB A&M,1,0,0,104,,,,,,,62.1,,,64.7,0,0,0,0,7,0,0,0,0
Sheldon Billings,54519,ED,SCAR STATE,1,0,0,290,,,,,,,61.2,,,67.4,0,0,0,0,4,0,0,0,0
Tenio Ayeni,54521,WR,HOLY CROSS,1,0,0,181,,,,,,,60.0,,,62.4,0,0,0,0,1,0,0,0,0
Will Webster,54536,G,GARD-WEBB,6,0,0,171,,,60.3,,,,53.2,,,68.9,0,0,5,0,0,0,9,0,0
Michael McFarlane,54545,TE,W ILLINOIS,10,0,0,345,,,71.9,,,,63.8,,,61.1,0,0,39,0,0,0,0,0,0
Isaiah Norman,54967,CB,AUSTINPEAY,11,1,0,116,59.4,,,,,,58.8,,,29.8,0,1,0,23,40,5,0,33,0
Kordell Jackson,54968,S,AUSTINPEAY,7,0,0,116,59.8,,,,,,55.1,,,70.8,1,0,0,18,9,0,7,8,0
James Tobin IV,54971,CB,NICHOLLS,7,0,0,243,59.4,,,,,,61.6,,,71.2,0,0,0,26,5,1,0,6,0
Ahmaad Tanner,54977,HB,AUSTINPEAY,5,0,0,116,,,60.0,,,,58.1,,,64.8,0,0,4,0,0,2,2,0,0
Hunter Scholato,54979,LB,AUSTINPEAY,10,0,0,116,59.2,,62.4,59.9,,,58.5,,,73.0,0,1,10,13,15,33,16,26,0
Colby McKee,54982,G,AUSTINPEAY,4,0,0,116,,,62.5,,,,58.6,,,68.3,0,0,7,0,0,0,3,0,0
Seth Johnson,54983,G,AUSTINPEAY,9,0,0,116,,,76.5,,,,64.3,,,71.4,0,0,50,0,0,0,3,0,0
Baniko Harley,54989,WR,AUSTINPEAY,8,0,0,116,,,60.0,,,,60.1,57.4,,67.5,0,0,7,0,0,2,2,36,0
Elijah Brown,54991,TE,AUSTINPEAY,9,0,0,116,,,73.1,59.9,,,69.8,,,66.1,0,0,45,0,0,18,19,0,0
Jack McDonald,54993,LB,AUSTINPEAY,10,0,0,116,60.2,,,,,,59.9,,,71.0,0,0,0,38,13,4,0,6,1
Ja'Varius Harrison,55021,LB,E TENN ST,12,0,0,157,60.0,,,,,,67.1,,,74.8,0,0,0,15,18,5,3,36,1
RJ Potts,55080,LB,N COLORADO,10,0,0,253,60.0,,,,,,62.3,,,71.7,0,0,0,38,0,0,0,6,0
Trent Cloud,55094,WR,HAMPTON,4,0,0,178,,,,59.9,,,59.5,,,66.9,0,0,0,0,0,19,0,0,0
Robert P. King III,55101,S,SACR HEART,9,0,0,280,60.0,,,,,,66.1,,,73.2,0,0,0,2,0,7,0,24,0
Jordan Swann,55103,CB,JAMES MAD,12,0,0,197,59.4,,,59.9,,,62.5,63.2,,73.7,0,0,0,21,4,2,0,26,0
Zavier Scott,55123,WR,MAINE,11,0,0,212,,,,55.8,,,63.8,,,77.5,0,0,0,0,1,41,54,30,1
Tristen Cox,55131,DI,ELON,9,0,0,162,57.9,,,,,,58.3,,,68.5,0,0,0,28,0,0,0,8,0
Torrence Williams,55134,DI,ELON,10,0,0,162,73.9,,74.4,,,,64.7,,,74.1,0,0,48,36,0,0,44,8,0
Jalen Greene,55145,CB,ELON,1,0,0,162,,,,,,,60.0,60.2,,62.8,0,0,0,0,0,0,0,2,0
Kortez Weeks,55148,WR,ELON,4,0,0,162,,,,,,,60.9,34.6,,67.3,0,0,0,0,0,2,0,8,0
Connor Robbins,55193,T,N ALABAMA,7,0,0,389,,,72.7,,,,64.7,,,72.2,0,0,34,0,0,0,0,0,0
Noah Hickcox,55219,DI,ILL STATE,4,0,0,188,59.6,,,,,,59.7,,,67.7,0,0,0,2,0,0,0,4,0
Malcolm Robinson,55222,DI,MORGAN ST,3,0,0,235,59.0,,60.0,,,,59.9,,,66.6,0,0,4,11,0,0,0,0,0
Harry Van Dyne,55247,WR,INDIANA ST,8,0,0,191,,,,,,,52.5,,,68.9,0,1,0,0,0,41,0,0,0
Rod Haygood,55254,CB,PRESBYTERN,1,0,0,271,,,,,52.9,,60.0,,,67.8,0,0,0,0,4,0,0,0,0
Austin Brundidge,55268,ED,ALABAMA ST,11,1,0,105,59.3,,,,,,59.8,,,80.3,1,0,0,5,47,34,69,1,2
Tre Lanham,55274,DI,MERCER,3,0,0,219,59.5,,,,,,60.5,,,66.0,0,0,0,3,0,0,0,3,0
Malik Gavek,55284,S,RHODE ISLD,11,1,0,274,60.0,,,,,,77.3,,,49.7,0,1,0,13,56,41,43,42,8
Henry Yianakopolos,55285,CB,RHODE ISLD,11,1,0,274,60.1,,,,,,63.1,,,79.2,1,0,0,42,1,18,35,8,1
Emil La Marca,55288,DI,RHODE ISLD,2,0,0,274,59.3,,,,,,60.1,,,66.1,0,0,0,2,0,0,0,1,0
Justice Antrum,55291,HB,RHODE ISLD,5,0,0,274,,,,,,,61.2,,,70.3,0,0,0,0,0,18,0,4,0
C.J. Carrick,55293,P,RHODE ISLD,11,1,0,274,,60.7,,,59.5,,52.3,,,29.8,0,1,52,0,56,0,0,0,1
Jake Fire,55299,LB,RHODE ISLD,11,1,0,274,59.9,,,73.3,,,67.0,,,78.7,1,0,0,5,55,50,49,1,4
Ed Lee,55306,WR,RHODE ISLD,5,0,0,274,,,,,,,59.1,,,70.7,0,0,0,0,1,31,0,1,0
Matt Pires,55308,WR,RHODE ISLD,11,0,0,274,,,,61.8,,,62.6,62.4,,69.3,0,0,0,0,5,56,0,12,0
Ivory Frimpong,55309,WR,RHODE ISLD,7,0,0,274,,,,,,,60.2,,,72.7,0,0,0,0,1,24,0,0,0
James Green,55331,LB,TENN STATE,11,0,0,308,59.9,,,,,,60.5,,,70.8,0,0,0,55,0,2,61,5,1
Michael Crawford,55332,LB,TENN STATE,10,0,0,308,60.0,,,,,,73.4,,,80.9,0,0,0,23,29,50,3,41,2
Josh Trueheart,55336,TE,TENN STATE,6,0,0,308,,,67.5,60.0,,,62.9,,,63.0,0,0,21,0,0,2,0,0,0
Tadarrius Patterson,55361,ED,TENN STATE,4,0,0,308,59.3,,,,,,60.0,,,64.6,0,0,0,6,0,0,0,1,0
Nick Kovacs,55371,WR,SE LA,12,0,0,294,,,68.5,59.9,,,61.5,,,70.4,0,0,88,0,0,62,2,0,0
Antwan Collier,55376,S,FL A&M,10,0,0,164,59.7,,,,,,60.8,,,66.3,0,0,0,28,0,2,1,4,0
Mason Cholewa,55382,DI,TOWSON,8,0,0,317,58.3,,69.6,,,,61.7,,,67.0,0,0,28,8,0,0,0,2,0
Lyston Barber,55391,ED,SOUTHERN U,5,0,0,297,59.4,,,,,,61.3,,,69.7,0,0,0,6,2,0,0,2,0
Connor Hebbeler,55429,TE,VALPO,5,0,0,332,59.9,,60.0,,,,59.7,,,69.1,0,0,5,1,0,14,11,0,0
Reece Jordan,55554,T,SM HOUSTON,12,0,0,281,,,77.3,,,,66.3,,,76.5,0,0,74,0,0,0,0,0,0
Koy Richardson,55560,S,ABILENE CH,10,0,0,100,59.8,,,,,,67.1,,,79.3,0,0,0,7,3,46,0,39,0
Bryce Cross,55598,CB,W ILLINOIS,11,0,0,345,59.8,,,,,,61.4,,,47.6,1,3,0,4,52,78,62,40,4
Coi Miller,55601,S,HOU BAPT,11,0,0,183,59.6,,,,,,61.5,,,70.4,0,0,0,69,10,6,20,15,2
Marquis Britten,55604,CB,GRAMBLING,11,0,0,177,59.4,,,59.9,,,54.2,,,36.1,0,2,0,43,9,61,0,38,0
Taurus Carroll,55606,CB,JAMES MAD,12,0,0,197,59.4,,,,,,61.2,,,71.2,0,0,0,23,0,0,0,6,0
Wesley McCormick,55609,CB,JAMES MAD,1,0,0,197,,,,,,,60.0,,,64.3,0,0,0,0,0,0,0,1,0
Robert Topps III,55611,S,TOWSON,11,0,0,317,59.8,,,,,,61.4,,,75.4,1,0,0,35,43,7,47,2,1
Zack Sanders,55638,CB,MO STATE,3,0,0,230,,,,,,,75.6,,,67.3,0,0,0,0,4,0,0,4,0
Tyrel Thomas,55641,CB,MONTANA ST,3,0,0,233,59.9,,,,,,68.0,,,68.8,0,0,0,1,3,2,0,5,1
Hurshie Williams,55653,CB,GRAMBLING,3,0,0,177,60.0,,,,,,62.9,,,71.0,0,0,0,7,0,8,0,7,0
Dyvine Wallace,55656,CB,N ARIZONA,8,0,0,252,60.1,,,,,,66.8,,,79.2,0,0,0,14,18,33,45,28,1
Trey Williams,55661,CB,NWSTATE,10,0,0,257,59.7,,,,,,60.3,,,76.5,1,0,0,5,29,28,2,25,0
Temitope Agoro,55666,S,DUQUESNE,10,1,0,155,60.0,,,,,,63.5,,,74.3,1,0,0,30,41,0,0,34,1
Gus Nave,55700,CB,MCNEESE,3,0,0,217,,,,,,,57.1,,,69.9,0,0,0,0,0,0,0,12,0
Al Young,55701,CB,JACKSON ST,11,1,0,194,60.0,,,,,,67.6,,,73.5,0,0,0,31,5,0,0,29,0
Jalen Russell,55704,CB,SO UTAH,8,0,0,298,59.8,,,,,,61.0,,,69.5,0,0,0,40,0,0,0,2,0
Caleb Lawton,55709,CB,STF AUSTIN,6,0,0,301,59.9,,,,,,62.0,,,72.0,0,0,0,1,0,16,1,21,0
Willie Langham,55722,CB,CENT ARK,11,0,0,132,59.3,,,,,,63.9,,,77.2,0,0,0,47,0,0,0,43,0
Kyriq McDonald,55774,S,MO STATE,11,0,0,230,59.9,,,,,,44.2,29.5,,28.1,0,1,0,46,11,0,2,12,0
Armoni Holloway,55781,LB,ALAB A&M,9,0,0,104,59.8,,,,,,62.6,,,67.2,0,0,0,34,9,0,0,10,0
D'Andre Hicks,55784,WR,ROB MORRIS,7,0,0,277,,,,59.9,,,61.5,65.9,,74.0,0,0,0,0,0,2,0,14,0
KJ Jarrell,55790,S,IDAHO,7,0,0,185,60.0,,,,,,68.9,,,72.0,0,0,0,4,27,0,0,8,1
Aaron Cooper,55839,LB,CAL POLY,11,0,0,129,60.3,,,,,,62.9,,,71.6,0,0,0,44,17,9,0,5,0
Deandre Lamont,55843,CB,CENT ARK,11,2,0,132,82.4,,,,,,75.7,,,75.7,4,0,0,50,68,1,19,14,4
Otis Jackson III,55866,CB,BRYANT,7,0,0,124,59.6,,,,,,63.6,,,72.0,0,0,0,11,0,0,0,16,0
Carthell Flowers-Lloyd,55869,S,STNY BROOK,11,0,0,303,60.1,,,,,,62.4,,,27.5,0,3,0,36,32,0,49,13,9
Darreon Moore,55871,S,E WASHGTON,9,0,0,161,60.0,,,,,,68.1,,,71.4,0,0,0,2,0,2,0,25,0
Ira Branch,55872,CB,ABILENE CH,1,0,0,100,59.6,,,,,,60.2,,,66.1,0,0,0,7,0,0,0,0,0
Anthany Smith,55876,S,E WASHGTON,6,1,0,161,59.9,,,,,,66.2,,,76.5,0,0,0,22,21,0,0,18,1
Chris Jerry,55884,CB,FL A&M,6,1,0,164,,,,,60.0,,67.9,,60.0,70.1,0,0,0,0,8,2,1,13,0
Chris Coleman,55906,WR,CAL POLY,3,0,0,129,,,,61.8,,,61.4,,,69.3,0,0,0,0,1,1,1,4,0
Devanir Martin,55920,CB,GRAMBLING,11,0,1,177,59.1,,64.8,57.4,,,54.5,67.4,,29.7,0,1,33,47,0,16,0,53,0
Kenan Fontenot,55924,CB,GRAMBLING,11,0,0,177,90.3,,60.0,,,,90.1,,,73.3,0,0,1,46,12,1,0,18,0
Donald Smith,55928,CB,HAMPTON,8,1,0,178,59.6,,,,,,61.2,,,74.7,0,0,0,10,0,7,41,3,0
Tye Freeland,55939,CB,WM & MARY,10,0,0,348,60.1,,,,,,61.3,60.0,,67.6,0,0,0,40,3,0,0,1,0
Aaron Walker,55942,LB,HOWARD,9,0,0,184,60.1,,,,,,60.2,,,72.1,3,0,0,42,0,0,48,13,3
Jalen Hoover,55944,CB,IDAHO,9,0,1,185,73.1,,,,,,73.7,,,76.0,1,1,0,29,0,0,11,35,0
Tyrese Dedmon,55945,S,IDAHO,11,0,0,185,60.2,,,,,,65.2,,,74.9,0,0,0,58,25,6,21,13,1
Wyryor Noil,55947,CB,IDAHO,10,0,0,185,59.5,,,,,,63.9,,,73.2,0,0,0,10,8,0,2,31,0
Charles Peeler,55971,CB,DELWARE ST,11,0,0,152,88.4,,,,,,87.9,77.6,,72.4,0,0,0,40,0,1,0,56,0
O.J. Tucker,55974,CB,SOUTHERN U,1,0,0,297,,,,,,,60.0,60.0,,62.1,0,0,0,0,0,0,0,1,0
Markel Gladney,55975,CB,MS VLY ST,9,0,0,228,59.7,,,,,,64.0,,,74.0,1,0,0,30,10,4,42,19,2
Richard Carr,56023,CB,MAINE,11,0,0,212,90.2,,,,,,90.2,,,55.6,1,1,0,47,5,1,53,16,3
Fofie Bazzie,56029,S,MAINE,10,1,0,212,59.8,,,,,,65.8,,,68.3,0,0,0,41,49,0,0,7,0
Markquese Bell,56033,S,FL A&M,11,0,0,164,59.3,,,,,,62.3,,,71.4,0,0,0,34,0,2,0,16,0
Tamaurice Smith,56038,CB,SOUTHERN U,7,0,0,297,59.4,,,,,,61.1,,,69.6,0,0,0,21,3,0,0,8,0
Breon Dixon,56079,LB,ALAB A&M,5,1,0,104,60.0,,,,,,74.9,,,68.6,0,0,0,1,26,5,7,3,4
Ty Okada,56089,CB,MONTANA ST,13,0,0,233,59.6,,,,,,65.6,,,76.5,0,0,0,33,8,7,0,65,0
Quinaz Turner,56092,CB,MURRAY ST,10,0,0,236,59.4,,,,,,63.2,,,77.9,0,0,0,32,3,5,5,22,0
Cortez Roberts,56093,S,MURRAY ST,10,0,0,236,59.5,,,,,,63.7,,,75.7,0,0,0,33,0,0,1,22,0
Don Parker,56094,S,MURRAY ST,3,0,0,236,60.0,,,,,,60.1,,,62.4,0,0,0,9,0,0,0,0,0
Nakota Shepard-Creer,56109,S,W ILLINOIS,10,0,0,345,59.7,,,,,,56.9,,,69.7,1,0,0,16,17,0,1,10,0
Komotay Koffie,56111,CB,N COLORADO,7,0,0,253,59.6,,,,,,63.1,,,74.0,0,0,0,21,0,0,0,17,0
Ty Shannon,56117,LB,N DAKOTA,10,0,0,249,59.8,,,,,,63.9,,,40.3,0,1,0,19,31,40,39,36,2
Zac Kibby,56130,S,N IOWA,12,0,0,255,60.0,,,61.8,,,64.0,,,87.4,2,0,0,1,64,53,67,62,2
Jelani Ray Garvin,56147,CB,MOREHEAD,9,0,0,234,71.6,,,60.0,,,76.7,,,76.1,0,0,0,35,0,5,0,4,0
Rani Abdulaziz,56149,S,CENT CT ST,10,0,0,133,59.5,,,,,,68.4,,,76.3,0,0,0,24,14,15,9,15,1
Tim Barrow,56150,S,WAGNER,8,0,0,338,60.1,,,,,,54.4,,,27.9,1,2,0,32,28,0,29,18,4
Abel Ordaz,56156,S,SACRAMENTO,10,1,0,279,60.5,,,59.9,,,74.0,,,90.3,1,0,0,19,16,3,8,13,2
Marte Mapu,56159,CB,SACRAMENTO,12,0,0,279,59.8,,,,,,70.1,,,70.2,1,0,0,29,27,1,0,22,4
Malik Jeter,56160,S,SACRAMENTO,12,0,0,279,60.0,,,,,,66.4,,,66.5,0,0,0,27,41,0,0,0,1
Zay Brown,56168,S,CHATTNOOGA,9,0,0,137,,,,,,,66.5,,,72.6,1,0,0,0,55,0,0,19,4
Shabari Davis,56170,CB,SE MO ST,9,0,0,293,59.4,,,66.3,,,61.0,69.0,,71.0,0,0,0,27,0,13,0,34,0
Ferlando Jordan,56179,CB,SE LA,7,0,2,294,59.3,,,67.1,,,29.8,,,26.2,0,4,0,29,1,31,0,19,0
Jabari Reddock,56194,S,STNY BROOK,10,0,0,303,59.8,,,,,,64.4,,,75.6,1,0,0,7,30,0,7,31,2
Randy Pringle,56195,CB,STNY BROOK,11,2,0,303,89.6,,,,,,70.7,,,28.5,2,2,0,31,40,0,52,0,2
Oniel Stanbury,56198,LB,SACR HEART,2,0,0,280,,,,,,,62.6,,,71.4,0,0,0,0,1,0,0,3,0
Derrick Tucker,56224,S,TEXAS STHN,6,0,0,313,59.9,,,,,,60.1,,,69.4,1,0,0,9,5,17,0,2,2
Jaylin White,56235,CB,UC DAVIS,12,0,0,322,59.8,,,,,,68.6,,,72.6,0,0,0,5,40,0,0,14,1
Devon King,56236,CB,UC DAVIS,8,0,0,322,59.7,,,,,,62.3,,,71.7,0,0,0,8,6,14,0,4,0
Evan Perkins,56238,S,UC DAVIS,2,0,0,322,,,,,,,60.0,60.3,,62.7,0,0,0,0,0,0,0,2,0
Jordan Perryman,56240,CB,UC DAVIS,12,0,0,322,60.3,,,,,,81.5,,,79.8,0,0,0,51,2,1,52,45,4
Trey Austin,56255,CB,DELAWARE,1,0,0,151,,,,,,,60.0,,,64.3,0,0,0,0,0,0,0,1,0
Randall Haynie,56274,CB,JACKSON ST,8,0,0,194,59.8,,,,,,70.9,,,71.5,0,0,0,3,17,0,0,37,1
Will Bunton,56280,CB,VA MILT IN,9,0,0,336,59.9,,,,,,62.6,,,70.7,0,0,0,31,6,0,0,11,0
A.J. Smith,56283,S,RICHMOND,10,0,0,276,60.2,,,,,,70.0,,,70.2,0,0,0,39,38,0,0,22,1
LA Rogers-Anderson,56305,S,W CAROLINA,8,0,0,344,59.8,,,,,,67.1,,,70.2,0,0,0,18,23,12,0,1,2
Gage Herdman,56314,S,WM & MARY,7,0,0,348,60.0,,,61.8,,,57.2,,,68.5,0,0,0,15,0,4,4,3,0
B.J. Thompson II,56330,ED,STF AUSTIN,11,0,0,301,59.5,,,,,,60.0,,,65.3,0,0,0,26,0,0,0,3,0
Myles Cecil,56334,DI,CAL POLY,11,0,0,129,57.8,,,,,,58.2,,,70.1,0,0,0,51,0,0,0,12,0
Justin Morris,56337,TE,CENT ARK,4,0,1,132,,,,,,,52.0,,,27.7,0,2,0,0,8,20,0,4,1
Joshua Johnson,56357,ED,CAMPBELL,9,0,0,131,70.1,,66.1,,,,74.1,,,71.5,0,0,21,36,0,3,0,7,0
Vejon Wallis,56361,ED,HOU BAPT,7,0,0,183,76.0,,,,,,82.4,,,69.1,0,0,0,31,0,4,0,6,0
Jeremy Ardoin,56362,ED,HOU BAPT,11,1,0,183,56.6,,,,,,60.7,,,75.5,0,0,0,59,29,28,14,8,1
Vaughn Taylor Jr.,56377,ED,MOREHEAD,10,0,0,234,56.9,,,,,,57.2,,,76.4,0,0,0,43,0,0,0,5,0
Anthony Payne,56382,ED,MO STATE,8,0,0,230,59.5,,,,,,60.3,,,67.2,0,0,0,16,0,0,0,1,0
Brandon Arnold,56391,DI,W ILLINOIS,10,0,0,345,58.2,,,,,,58.2,,,67.2,0,0,0,27,0,0,0,2,0
Daniel Rymer,56402,TE,MAINE,9,0,0,212,59.6,,60.0,,,,79.0,,,72.7,0,0,2,1,3,13,0,22,0
Raffaele Salamone,56403,DI,MAINE,9,0,0,212,58.6,,,,,,59.3,,,66.4,0,0,0,11,0,2,0,3,0
Jamehl Wiley,56404,ED,MAINE,5,0,0,212,59.2,,63.1,,,,61.2,,,67.5,0,0,11,20,0,0,0,5,0
Deari Todd,56406,ED,MONTANA,6,0,0,232,59.5,,,,,,61.1,,,66.8,0,0,0,2,0,0,0,4,0
Chase Benson,56412,DI,MONTANA ST,11,0,0,233,57.9,,,,,,59.7,,,71.9,0,0,0,24,0,0,0,11,0
Rashaud Powell,56430,ED,PRVIEW A&M,9,0,0,270,82.4,,,,,,80.5,,,28.5,0,1,0,24,0,0,0,20,0
Damion Barber,56443,DI,AUSTINPEAY,6,0,0,116,83.7,,,,,,90.2,,,65.3,0,0,0,16,0,0,0,1,0
Giovanni Reviere,56447,DI,CHATTNOOGA,7,0,0,137,58.5,,,,,,59.7,,,68.4,0,0,0,15,0,0,0,8,0
Nathan Proctor Jr.,56474,ED,DUQUESNE,2,0,0,155,,,,,,,60.5,,,69.4,0,0,0,0,0,0,0,2,0
Robert Porcher,56477,ED,NC A&T,8,0,0,246,58.7,,,,,,58.7,,,66.2,0,0,0,22,0,0,0,0,0
James Jackson,56488,ED,YNGTOWN ST,9,0,0,353,59.6,,,,,,66.5,,,67.2,0,0,0,36,0,0,4,1,1
Breon Austin,56507,DI,ALAB A&M,10,0,0,104,57.9,,,,,,48.4,,,28.7,1,1,0,32,0,0,36,10,0
Selmar Russell,56508,DI,ALAB A&M,9,0,0,104,58.0,,,,,,58.6,,,68.9,0,0,0,29,0,0,0,7,0
Anthony Lang,56510,ED,ALBANY,10,0,0,106,59.3,,,,,,62.2,,,69.7,0,0,0,42,0,0,0,21,0
Mazon Walker,56512,DI,ALBANY,9,0,0,106,78.6,,,,,,86.9,,,71.3,0,0,0,38,0,0,0,20,0
Harrison Greenhill,56540,ED,LAFAYETTE,3,0,0,203,59.1,,,,,,59.2,,,64.6,0,0,0,9,0,0,0,0,0
Caden Brown,56567,DI,CENT ARK,10,0,0,132,58.5,,,,,,59.5,,,67.0,0,0,0,18,0,0,0,5,0
A'Javius Brown,56568,DI,CENT ARK,8,0,0,132,58.2,,,,,,58.0,,,66.2,0,0,0,24,0,0,0,1,0
Koby Foster,56569,DI,GRAMBLING,6,0,0,177,58.1,,,,,,58.4,,,67.6,0,0,0,26,0,0,0,3,0
Shaundre Mims,56570,DI,CHARLES SO,10,0,0,135,58.5,,,,,,59.8,,,70.9,0,0,0,44,0,0,0,8,0
Tre Turner,56580,ED,NC CENT,5,0,0,247,59.1,,,,,,60.3,,,72.5,0,0,0,10,0,0,0,1,0
Quinten Floyd,56583,DI,E KENTUCKY,9,0,0,159,57.7,,,,,,58.1,,,69.1,0,0,0,28,0,0,0,10,0
Vince Boyd,56588,ED,ROB MORRIS,7,0,0,277,60.0,,67.6,,,,62.5,,,65.1,0,0,25,12,0,0,0,1,0
Debore'ae McClain,56593,ED,E WASHGTON,13,0,0,161,59.4,,73.9,,,,63.8,,,73.5,0,0,50,47,0,3,45,18,0
Mitchell Johnson,56594,ED,E WASHGTON,13,0,0,161,59.8,,79.6,63.5,,,68.3,,,80.0,0,0,86,50,0,17,46,21,0
Caleb Davis,56595,DI,E WASHGTON,9,0,0,161,85.2,,,,,,90.5,,,72.1,0,0,0,23,0,0,0,8,0
Bryan Crawford,56600,G,FL A&M,1,0,0,164,,,,,,,60.0,,,63.9,0,0,0,0,0,0,1,0,0
Deondre Carter,56607,DI,FORDHAM,11,0,0,168,73.3,,,,,,80.9,,,69.7,0,0,0,39,0,0,0,9,0
Anthony Diodato,56610,DI,FORDHAM,5,0,0,168,58.1,,64.5,,,,60.3,,,70.0,0,0,15,19,0,0,28,2,0
Emeka Ndoh,56613,ED,CAL POLY,9,0,0,129,58.7,,,,,,59.8,,,68.1,0,0,0,42,0,0,0,7,0
Kevin Victorian,56617,DI,PRVIEW A&M,10,0,0,270,86.6,,,,,,77.4,,,69.1,0,0,0,14,0,0,38,5,1
Wesley Green,56618,DI,GRAMBLING,11,0,0,177,58.4,,,,,,55.3,,,73.8,0,0,0,48,0,0,13,8,0
Aaron Motley,56627,DI,HOWARD,10,0,0,184,59.2,,,,,,62.2,,,73.8,0,0,0,45,0,0,0,16,0
Nate DeGraw,56631,DI,IDAHO,11,0,0,185,59.0,,74.1,,,,63.3,,,74.1,0,0,46,24,0,0,0,0,0
Tramar Reece,56645,ED,TOWSON,11,0,0,317,59.2,,,,,,59.9,,,66.5,0,0,0,21,0,0,9,1,0
Brandon Frazier,56657,DI,W ILLINOIS,3,0,0,345,58.5,,,,,,58.5,,,65.4,0,0,0,14,0,0,0,1,0
Mike Greene,56664,DI,JAMES MAD,11,0,0,197,58.0,,,,,,60.2,,,71.1,0,0,0,29,0,0,0,15,0
MJ Frazier,56668,TE,NC A&T,5,0,0,246,,,69.6,,,,64.4,,,73.5,0,0,27,0,0,0,0,0,0
Brandon Gaddy,56694,DI,ALABAMA ST,11,0,0,105,90.0,,73.1,,,,89.7,,,75.8,0,0,41,33,0,0,64,5,1
Kyle Rygg,56738,DI,MONTANA ST,1,0,0,233,,,,,,,60.0,,,64.7,0,0,0,0,0,0,0,1,0
Kameron Petty,56744,DI,MURRAY ST,10,0,0,236,58.3,,,,,,60.6,,,69.9,0,0,0,16,0,0,0,10,0
Austin Daulton,56745,DI,MURRAY ST,10,0,0,236,57.9,,,,,,59.5,,,72.7,0,0,0,28,0,0,0,11,0
Jordan Paup,56746,ED,ABILENE CH,10,0,0,100,59.0,,,,,,60.4,,,75.4,0,0,0,24,0,0,0,2,0
Quintin Seguin,56761,DI,N DAKOTA,8,0,0,249,58.5,,,,,,60.4,,,69.3,0,0,0,21,0,0,0,9,0
Jalen Morrison,56763,DI,N DAKOTA,5,0,0,249,58.5,,,,,,60.5,,,69.7,0,0,0,13,0,0,0,7,0
Jared Brinkman,56781,DI,N IOWA,12,0,0,255,57.7,,,,,,57.8,,,70.9,0,0,0,46,0,0,0,4,0
Marcus Coleman,56791,DI,MORGAN ST,8,0,0,235,79.3,,,,,,88.3,,,67.9,0,0,0,26,0,0,0,3,0
Josh Cooper,56814,ED,SACRAMENTO,2,0,0,279,59.9,,,,,,60.0,,,62.2,0,0,0,2,0,0,0,0,0
Killian Rosko,56816,ED,SACRAMENTO,10,0,0,279,60.0,,,,,,62.3,,,67.4,0,0,0,16,0,0,0,6,0
Jalon Sheffield,56830,ED,GRAMBLING,3,0,0,177,59.7,,,,,,59.7,,,67.3,0,0,0,1,0,0,0,3,0
Bryson Donnell,56837,DI,SE MO ST,11,0,0,293,72.9,,,,,,80.1,,,71.6,0,0,0,50,0,0,0,12,0
Tainano Gaulua,56842,DI,SE LA,3,0,0,294,59.1,,60.0,,,,60.6,,,63.5,0,0,9,3,0,0,0,0,0
Aaron Calcote,56880,ED,LAMAR,10,0,0,204,58.8,,,,,,52.0,,,71.5,1,0,0,41,6,0,8,3,0
Luka Nixon,56896,ED,UC DAVIS,3,0,0,322,59.5,,,,,,62.2,,,66.8,0,0,0,5,0,0,0,6,0
Greg Rogers,56906,DI,SO UTAH,8,0,0,298,73.8,,71.8,,,,67.0,,,27.4,0,2,25,32,0,0,0,4,0
Trace Mascorro,56917,DI,SM HOUSTON,12,0,0,281,57.3,,,,,,57.1,,,67.6,0,0,0,31,0,0,0,5,0
Ricky Palao,56940,DI,W CAROLINA,10,0,0,344,58.1,,,,,,59.2,,,71.4,0,0,0,36,0,0,0,7,0
Carl Fowler,56954,ED,WM & MARY,5,0,0,348,58.0,,60.0,,,,58.4,,,66.2,0,0,1,15,0,0,0,3,0
Will Kiely,56955,DI,WM & MARY,8,0,0,348,58.3,,,,,,59.3,,,67.7,0,0,0,16,0,0,0,6,0
Segun Ijiyera,56982,ED,HOU BAPT,10,0,0,183,74.9,,,,,,79.4,,,70.6,0,0,0,46,0,0,0,11,0
Troy James,57019,DI,PRVIEW A&M,11,0,0,270,57.4,,74.5,,,,62.5,,,79.1,0,0,48,36,0,0,34,21,0
Cameron Washington,57022,DI,W ILLINOIS,10,0,0,345,57.9,,71.5,,,,60.6,,,72.7,0,0,34,35,0,0,0,2,0
Josh Lee,57053,TE,TENN TECH,2,0,0,309,,,60.9,,,,61.6,,,60.8,0,0,8,0,0,0,0,0,0
R.J. Fitzgerald,57073,FB,MONTANA ST,10,3,0,233,,,,,,,70.8,,,75.3,0,0,0,0,45,39,45,10,5
Damien Dawson,57089,TE,SE LA,10,0,0,294,,,60.0,,,,60.4,,,67.5,0,0,1,0,0,28,11,0,0
Dan Becker,57112,T,YNGTOWN ST,1,0,0,353,,,,,,,60.0,,,62.7,0,0,0,0,0,1,0,0,0
Qua'Shawn Washington,57115,LB,TARLETON,3,0,0,401,59.8,,,,,,60.4,,,67.0,0,0,0,11,0,0,10,4,0
Karl Mofor,57126,HB,ALBANY,1,0,0,106,,,,61.8,,,60.0,,,64.9,0,0,0,0,0,1,0,0,0
Bishop Bonnett,57199,HB,FL A&M,6,0,0,164,,,,60.0,,,57.5,,,68.6,1,0,0,0,9,5,1,12,1
Zach Davis,57207,HB,FORDHAM,1,0,0,168,,,,,,,60.1,,,63.5,0,0,0,0,1,1,0,0,0
Matt LaRoche,57213,HB,JVILLE ST,2,0,0,196,,,,,,,60.3,,,68.0,0,0,0,0,0,14,0,0,0
Jared Daniels,57214,HB,ALABAMA ST,5,0,0,105,,,,,,,55.4,,,72.2,1,0,0,0,9,25,0,5,0
Coleman Robinson,57228,TE,HOU BAPT,6,0,0,183,,,64.6,59.2,,,59.1,,,71.1,1,0,14,0,4,40,40,14,0
Roshaun Johnson,57235,HB,IDAHO,10,0,0,185,,,,67.5,,,65.3,,,72.0,0,0,0,0,5,46,6,16,0
Craig Nelson,57241,HB,SOUTHERN U,1,0,0,297,,,,,,,60.0,,,66.6,0,0,0,0,0,1,0,0,0
Deandre Williams,57252,HB,SAMFORD,1,0,0,282,,,,,,,61.0,,,66.9,0,0,0,0,4,8,0,0,0
Dom Williams,57256,HB,N IOWA,8,0,0,255,,,,66.4,,,58.0,,,65.8,0,0,0,0,1,35,0,0,0
Ramon Jefferson,57280,HB,SM HOUSTON,1,0,0,281,,,,,,,59.8,,,61.6,0,0,0,0,0,2,0,0,0
Myron Mason,57310,HB,MO STATE,9,0,0,230,,,,,,,68.7,,,77.7,0,0,0,0,16,0,0,34,0
Troy Andersen,57317,LB,MONTANA ST,15,0,0,233,59.9,,,,,,64.4,,,76.6,1,0,0,38,4,1,34,65,0
Jordan Rowell,57353,HB,MAINE,4,0,0,212,,,,,,,60.6,,,69.5,0,0,0,0,0,22,0,4,0
Tyler Hoosman,57355,HB,N IOWA,11,0,0,255,,,,59.9,,,57.4,,,71.5,0,0,0,0,0,51,0,0,0
Stadford Anderson,57360,HB,ALCORN ST,2,0,0,107,,,,,,,59.3,,,65.0,0,0,0,0,0,4,1,0,0
Isaiah Gable,57391,WR,SACRAMENTO,5,0,0,279,,,,,,,60.8,,,67.4,0,0,0,0,1,9,0,2,0
Elijah Dotson,57394,HB,SACRAMENTO,4,0,0,279,,,,,,,50.6,,,28.1,0,1,0,0,8,0,11,0,0
Marcus Cooper,57408,HB,INCAR WORD,5,0,0,189,,,,62.7,,,59.7,,,63.5,0,0,0,0,0,27,0,0,0
Markenzy Pierre,57421,HB,E ILLINOIS,2,0,0,158,,,,60.0,,,59.7,,,65.1,0,0,0,0,0,6,0,0,0
Anthony Smith,57429,HB,ABILENE CH,1,0,0,100,,,,,,,59.3,,,66.2,0,0,0,0,0,8,0,0,0
Stephon Huderson,57434,HB,MCNEESE,2,0,0,217,,,,,,,59.8,,,66.3,0,0,0,0,0,7,0,0,0
Ulonzo Gilliam Jr.,57443,HB,UC DAVIS,3,0,0,322,,,,,,,60.6,,,66.2,0,0,0,0,1,2,0,0,0
Josh Samuel,57481,HB,JVILLE ST,7,0,0,196,,,,,,,60.1,,,69.2,0,0,0,0,0,41,0,0,0
Owen Wright,57486,HB,MONMOUTH,11,0,0,231,,,,59.6,,,67.4,,,75.7,0,0,0,0,0,49,0,20,0
Christian Turner,57491,HB,YNGTOWN ST,6,2,0,353,,,,,,,56.1,,,70.1,2,0,0,0,13,0,31,0,0
Oscar Hernandez,57495,K,ABILENE CH,3,0,0,100,,60.0,,,,,60.7,,,72.2,0,0,1,0,2,0,0,0,0
Spencer Corey,57497,K,ALAB A&M,10,1,0,104,,76.6,,,47.0,,63.6,,60.6,75.6,0,1,57,0,61,0,2,0,1
Hayden Ray,57516,K,CENT ARK,11,0,0,132,,65.6,,,60.1,,61.5,,,67.5,0,0,61,0,1,0,0,0,0
Vladimir Rivas,57526,K,MAINE,11,0,0,212,,,,,54.9,,63.3,,,76.9,0,0,0,0,55,0,0,0,2
Garrett Urban,57531,K,GRAMBLING,11,0,0,177,,76.6,,,57.8,,57.1,,50.5,47.6,1,2,36,0,46,0,84,0,3
Colt McFadden,57544,K,YNGTOWN ST,10,0,0,353,,85.1,,,73.7,,63.2,,,74.5,0,0,39,0,49,0,0,0,0
Kenny Doak,57553,K,SE MO ST,10,0,0,293,,75.9,,,57.0,,62.7,,,72.5,0,0,55,0,34,0,0,0,0
Shane McDonough,57554,P,TOWSON,11,0,0,317,,,65.1,,55.8,,63.9,,59.4,76.5,2,0,36,0,41,0,47,0,0
Cole Frahm,57573,K,S DAK ST,15,0,0,292,,83.4,,,76.2,,64.4,,,78.5,1,0,94,0,100,0,0,0,0
Zach Williams,57582,K,SAMFORD,11,0,0,282,,82.4,,,58.3,,61.6,,,67.8,0,0,67,0,2,0,0,0,0
Nate Murphy,57584,K,N IOWA,12,0,0,255,,60.0,66.7,,,,57.4,,68.3,30.3,0,2,56,0,0,0,67,0,0
Daniel Whelan,57639,K,UC DAVIS,12,0,1,322,,,67.0,,77.2,,64.5,,88.7,78.5,0,1,59,0,68,0,55,0,1
Markail Benton,57678,LB,JVILLE ST,11,0,0,196,59.6,,,,,,60.9,,,70.4,0,0,0,45,7,6,14,10,0
Dan Damico,57689,LB,ALBANY,9,0,0,106,59.5,,,,,,55.0,,,30.5,0,1,0,41,0,0,24,5,0
Jermaine McDaniel Jr.,57693,ED,NC A&T,3,0,0,246,59.4,,64.2,,,,61.4,,,65.1,0,0,13,9,0,0,0,2,0
Tyler Pennington,57708,FB,ILL STATE,1,0,0,188,59.7,,,,,,59.9,,,63.5,0,0,0,2,0,0,0,0,0
Michael Robinson Jr.,57729,LB,TOWSON,5,0,0,317,,,,,,,48.1,,,71.6,0,1,0,0,2,17,0,15,0
Shahid Reece,57736,LB,PRVIEW A&M,11,2,0,270,59.6,,,59.9,,,77.6,,,74.0,2,1,0,27,30,38,45,10,6
Paul Theobald,57753,LB,ALBANY,3,0,0,106,60.0,,,,,,56.8,,,69.0,1,0,0,1,10,0,23,0,1
Kholbe Coleman,57757,LB,S ILLINOIS,13,0,0,295,59.6,,,,,,75.8,,,73.5,0,0,0,32,49,0,33,4,1
Fenton Will,57761,LB,CAL POLY,11,0,0,129,59.8,,60.0,,,,70.3,,,78.6,1,0,1,25,35,48,57,26,6
Kyle Syvarth,57770,LB,CHARLES SO,7,0,0,135,59.6,,,,,,62.4,,,74.4,0,0,0,7,0,1,2,4,0
Anton Williams,57771,ED,CHARLES SO,9,0,0,135,59.4,,71.7,,,,65.0,,,67.9,0,0,38,26,3,0,3,4,1
Matthew Jackson,57797,LB,E KENTUCKY,11,1,0,159,59.0,,,,,,65.8,,,53.2,2,1,0,30,43,2,62,16,5
Desean Boyd,57802,LB,SO UTAH,5,0,0,298,,,,,,,60.0,,,71.5,1,0,0,0,15,0,9,4,1
Cale Lindsay,57805,LB,E WASHGTON,13,1,0,161,59.4,,,,,,60.0,,,82.0,1,1,0,43,46,67,50,9,5
James Houston,57810,ED,JACKSON ST,12,0,0,194,59.8,,,,,,64.4,,,73.2,1,0,0,19,0,0,43,13,2
Derrick Mayweather,57816,LB,FL A&M,11,0,0,164,60.1,,,,,,64.9,,,77.5,0,0,0,31,0,2,0,11,0
Christian Blackburn,57865,ED,IDAHO,9,0,0,185,58.1,,,,,,49.1,,,28.2,0,1,0,45,0,0,0,0,0
Keonte Hampton,57882,LB,JACKSON ST,12,0,0,194,59.8,,,,,,59.8,,,70.1,2,0,0,34,0,0,59,10,2
Diamonte Tucker-Dorsey,57885,LB,JAMES MAD,13,0,0,197,59.6,,,,,,63.8,,,71.9,0,0,0,37,0,3,5,24,0
Isaac Ukwu,57888,ED,JAMES MAD,13,0,0,197,58.7,,,,,,61.2,,,68.4,0,0,0,28,0,0,0,15,0
Keshaun Moore,57889,ED,HAMPTON,10,0,0,178,59.9,,,,,,61.0,,,29.6,0,1,0,40,0,0,50,25,1
Desmond Veals,57913,ED,LAMAR,8,0,0,204,59.8,,,,,,59.7,,,72.2,0,0,0,21,0,23,2,5,0
Kam Jones,57934,LB,CHATTNOOGA,11,0,0,137,60.1,,,,,,65.2,,,68.8,0,0,0,29,0,0,0,24,0
Josh Clarke,57984,LB,NWSTATE,6,0,0,257,59.9,,,,,,65.5,,,69.4,0,0,0,12,13,8,0,1,1
Aubrey Miller Jr.,57993,LB,JACKSON ST,12,0,0,194,59.9,,,,,,61.7,,,69.3,0,0,0,35,1,0,10,11,0
Titus Wall,57997,S,MO STATE,12,0,0,230,59.9,,,,,,60.3,61.9,,69.6,0,0,0,47,0,0,47,4,2
Kevin Ellis,57999,ED,MO STATE,11,0,0,230,59.1,,,,,,59.6,,,66.7,0,0,0,45,0,0,0,2,0
Tadan Gilman,58000,LB,MONTANA ST,11,1,0,233,59.7,,,,,,71.9,,,81.4,0,0,0,3,51,33,0,30,1
Eric Samuta,58006,LB,MURRAY ST,11,0,0,236,59.9,,,,,,56.6,,,29.1,0,2,0,38,1,1,52,17,0
Willie Hampton,58024,ED,W CAROLINA,2,0,0,344,60.0,,,,,,61.8,,,70.4,0,0,0,1,0,0,0,6,0
Noah Larson,58054,LB,N DAKOTA,10,0,0,249,58.9,,,,,,61.3,,,67.6,0,0,0,25,0,1,0,13,0
Riley Van Wyhe,58075,LB,N IOWA,12,2,0,255,60.0,,,,,,67.6,,,83.5,0,0,0,39,63,53,64,61,3
Bryce Flater,58078,LB,N IOWA,11,0,0,255,59.9,,,,,,63.9,,,73.3,0,0,0,29,15,0,3,24,0
Isaiah Longino,58088,ED,NWSTATE,11,0,0,257,58.8,,72.3,,,,63.6,,,71.8,0,0,38,34,0,0,36,2,1
Brendan Vaughn,58100,LB,GRAMBLING,4,0,0,177,60.0,,,,,,60.6,,,65.7,0,0,0,4,0,0,0,3,0
Kendric Haynes,58134,LB,N ALABAMA,11,2,0,389,59.6,,,,,,61.8,,,71.9,1,0,0,16,43,12,0,3,1
Omardrick Douglas,58147,ED,SE MO ST,10,0,0,293,59.9,,,,,,64.6,,,70.3,0,0,0,38,0,1,27,12,1
Bert Morris,58165,LB,STF AUSTIN,12,0,0,301,59.8,,,,,,61.5,,,66.8,0,0,0,26,1,0,0,3,0
Reidgee Dimanche,58170,LB,STNY BROOK,11,0,0,303,59.6,,,,,,66.8,,,71.7,0,0,0,39,2,0,60,5,2
Nadarius Fagan,58172,LB,FL A&M,11,0,0,164,60.1,,,,,,63.2,,,66.6,0,0,0,29,1,2,0,9,0
John Brannon,58195,LB,ABILENE CH,3,1,0,100,60.0,,,,,,56.3,,,28.0,0,1,0,1,6,8,0,2,0
Cam Trimble,58220,ED,UC DAVIS,11,0,0,322,59.8,,,,,,69.4,,,71.0,0,0,0,28,2,0,6,16,1
Jayce Smalley,58226,LB,UC DAVIS,10,0,0,322,59.9,,,,,,64.8,,,71.7,0,0,0,15,0,48,0,1,0
Dimitri Moore,58261,LB,MO STATE,4,0,0,230,59.9,,,,,,60.8,,,65.3,0,0,0,13,2,0,0,0,0
Tyren Cloyd,58264,LB,ROB MORRIS,10,0,1,277,59.5,,,,,,57.4,,,48.3,1,1,0,39,5,5,55,21,1
Imani Bey,58265,ED,NORFOLK,11,0,0,244,59.2,,,,,,61.3,,,72.3,0,0,0,13,0,0,0,7,0
Ariel Ngata,58271,ED,SACRAMENTO,6,0,0,279,60.0,,,,,,61.2,,,66.6,0,0,0,8,0,0,0,5,0
Fa'Avae Fa'Avae,58274,LB,IDAHO,9,0,0,185,59.6,,,,,,63.7,,,71.7,0,0,0,42,14,0,16,0,1
Trevor Childers,58282,LB,W CAROLINA,11,2,0,344,59.8,,,,,,73.8,,,79.1,0,0,0,19,48,5,16,45,2
Ty Harris,58286,LB,W CAROLINA,10,1,0,344,59.8,,,,,,61.7,,,75.7,0,0,0,39,7,11,52,8,0
Kyle Bailey,58289,LB,E KENTUCKY,11,1,0,159,60.0,,,,,,60.8,,,77.2,3,0,0,44,57,2,63,18,3
Jarrett Heckert,58298,LB,WM & MARY,6,0,0,348,59.7,,,,,,61.8,,,75.3,0,0,0,1,6,24,13,17,0
Trey Watkins,58300,LB,WM & MARY,10,0,0,348,60.0,,,,,,70.1,,,70.2,0,0,0,40,2,4,52,6,2
Ray Anderson,58316,LB,SOUTHERN U,10,0,0,297,59.6,,,,,,62.0,,,71.6,0,0,0,44,0,0,0,8,0
Abram Jones,58321,LS,ALAB A&M,10,0,0,104,,,87.4,,,74.4,70.6,,,66.3,0,0,57,0,0,0,36,0,1
Tristan Sokach-Minnick,58322,LS,ALBANY,10,1,0,106,,,81.2,,,71.4,66.1,,,66.8,1,0,33,0,0,0,51,0,0
Kyle Davis,58353,LS,JAMES MAD,13,1,0,197,,,90.2,,,70.7,75.3,,,67.0,0,0,81,0,0,0,52,0,1
Bryce Colee,58361,LS,MAINE,11,0,0,212,,,90.3,,,18.1,46.3,,,28.2,0,2,49,0,0,0,59,0,3
Chandler Moody,58371,LS,MURRAY ST,11,1,0,236,,,84.5,,,88.4,82.7,,,67.1,0,0,44,0,0,0,52,0,1
Justin Hathoot,58380,LS,N ARIZONA,11,0,0,252,,,85.9,,,78.0,68.1,,,67.8,1,0,50,0,0,0,73,0,0
Nick Simpson,58382,LS,N IOWA,1,0,0,255,,,61.6,,,81.1,65.9,,,63.5,0,0,5,0,0,0,5,0,0
Eric DiCrescenzo,58403,LS,STNY BROOK,3,0,0,303,,,71.3,,,76.3,65.4,,,62.9,0,0,13,0,0,0,2,0,0
Carson Tebbetts,58404,LS,STNY BROOK,10,1,0,303,,,19.8,,,0.0,33.2,,,67.2,1,0,27,0,0,0,58,0,0
Eleasah Anderson,58526,T,SM HOUSTON,5,0,0,281,,,68.8,,,,63.4,,,65.2,0,0,28,0,0,0,0,0,0
Wade Willet,58542,G,CAL POLY,5,0,0,129,,,68.5,,,,62.3,,,64.3,0,0,16,0,0,0,1,0,0
PJ Poutasi,59647,G,N ARIZONA,11,0,0,252,,,73.0,,,,64.3,,,65.7,0,0,49,0,0,0,0,0,0
Cameron Webb,59649,T,CENT ARK,7,0,0,132,,,72.9,,,,64.7,,,75.3,0,0,40,0,0,0,1,0,0
JT Melton,59653,C,CHARLES SO,9,0,0,135,,,74.3,,,,65.1,,,71.6,0,0,39,0,0,0,0,0,0
Chris Anthony,59666,G,MORGAN ST,9,0,0,235,,,68.5,,,,59.4,,,67.8,0,0,25,0,0,0,5,0,0
Wyatt Musser,59677,G,E WASHGTON,9,0,0,161,,,77.8,,,,65.8,,,68.1,0,0,59,0,0,0,0,0,0
Jalen Brayboy,59683,G,FL A&M,12,0,0,164,,,29.7,,,,50.6,,,66.2,1,0,54,0,0,0,47,0,0
Nick Zakelj,59693,T,FORDHAM,11,0,0,168,,,74.3,,,,64.3,,,69.7,0,0,38,0,0,0,46,0,0
Kyle Davis,59714,C,GRAMBLING,4,0,0,177,,,,,,,60.9,,,64.2,0,0,0,0,0,0,23,0,0
Branden Johnson,59729,C,HOWARD,1,0,0,184,,,60.0,,,,60.4,,,62.5,0,0,3,0,0,0,0,0,0
Amari Catchings,59759,G,JACKSON ST,8,0,0,194,,,75.1,,,,65.4,,,72.7,0,0,43,0,0,0,0,0,0
Mikhail Hill,59841,G,NICHOLLS,11,0,0,243,,,77.7,,,,66.2,,,73.4,0,0,60,0,0,0,0,0,0
Sean Fitzgerald,59855,G,MO STATE,2,0,0,230,,,66.8,,,,62.8,,,62.8,0,0,12,0,0,0,0,0,0
Lewis Kidd,59892,T,MONTANA ST,3,0,0,233,,,68.9,,,,63.6,,,69.9,0,0,18,0,0,0,0,0,0
Jacob Vance,59897,T,MURRAY ST,7,0,0,236,,,71.8,,,,63.9,,,64.1,0,0,25,0,0,0,0,0,0
Dylan Porter,59918,G,MONTANA ST,15,0,0,233,,,80.5,,,,66.4,,,64.9,0,0,77,0,0,0,1,0,0
Jonas Leader,59953,T,N ARIZONA,11,0,0,252,,,74.2,,,,65.3,,,75.3,0,0,49,0,0,0,0,0,0
Trevor Penning,59963,T,N IOWA,12,0,0,255,,,74.2,,,,64.6,,,65.0,0,0,52,0,0,0,0,0,0
Justin Peine,59964,G,N IOWA,7,0,0,255,,,73.7,,,,64.7,,,68.6,0,0,35,0,0,0,0,0,0
Erik Sorensen,59966,C,N IOWA,12,0,0,255,,,77.3,,,,65.6,,,67.1,0,0,56,0,0,0,0,0,0
Brandon Weldon,60042,G,SACRAMENTO,12,0,0,279,,,76.2,,,,60.0,,,28.7,0,1,63,0,0,0,0,0,0
Troy Stiefel,60043,T,SACRAMENTO,2,0,0,279,,,63.5,,,,62.2,,,64.0,0,0,8,0,0,0,0,0,0
Thomas Parker,60044,C,SACRAMENTO,7,0,0,279,,,70.3,,,,63.8,,,66.6,0,0,31,0,0,0,0,0,0
Summie Carlay,60059,TE,CITADEL,11,0,0,139,,,72.4,,,,64.1,,,63.5,0,0,43,0,0,0,0,0,0
Jordon Carty,60060,T,BETH COOK,11,0,0,119,,,70.9,,,,63.8,,,65.6,0,0,37,0,0,0,0,0,0
Rendon Miles-Character,60070,T,SE LA,1,0,0,294,,,60.0,,,,60.0,,,61.6,0,0,1,0,0,0,0,0,0
Tyree' Rhodes,60075,G,SE LA,10,0,0,294,,,74.8,,,,65.3,,,73.6,0,0,54,0,0,0,0,0,0
Sione Lapuaho,60084,DI,WEBER ST,8,0,0,342,58.4,,60.0,,,,60.0,,,71.3,0,0,4,20,0,0,0,5,0
Cameron Lucas,60101,T,STNY BROOK,10,0,0,303,,,70.6,,,,63.7,,,65.5,0,0,36,0,0,0,0,0,0
Kyle Nunez,60102,G,STNY BROOK,11,0,0,303,,,75.4,,,,64.8,,,63.9,0,0,40,0,0,0,0,0,0
Griffin Sestili,60112,C,W CAROLINA,1,0,0,344,,,60.0,,,,60.0,,,63.4,0,0,1,0,0,0,0,0,0
Colton Lamson,60160,T,UC DAVIS,6,0,0,322,,,71.9,,,,64.4,,,71.2,0,0,32,0,0,0,0,0,0
Nick Amoah,60163,T,UC DAVIS,7,0,0,322,,,70.3,,,,63.8,,,66.7,0,0,33,0,0,0,0,0,0
Connor Pettek,60166,C,UC DAVIS,1,0,0,322,,,,,,,60.0,,,63.3,0,0,0,0,0,0,0,0,0
Brad Davis,60206,G,E KENTUCKY,1,0,0,159,,,60.0,,,,60.1,,,66.1,0,0,2,0,0,0,0,0,0
Shane Strand,60208,T,VA MILT IN,11,0,0,336,,,77.3,,,,64.6,,,66.4,0,0,58,0,0,0,2,0,0
Michael Harper,60228,G,W CAROLINA,1,0,0,344,,,,,,,60.0,,,63.3,0,0,0,0,0,0,1,0,0
Grady Thomas,60232,G,HAMPTON,10,0,0,178,,,75.0,,,,65.3,,,72.2,0,0,42,0,0,0,0,0,0
PJ Mixon,60238,T,JVILLE ST,1,0,0,196,,,60.0,,,,60.0,,,61.6,0,0,1,0,0,0,0,0,0
Griffin Gilder,60246,G,WM & MARY,8,0,0,348,,,78.0,,,73.3,65.8,,,63.4,0,0,29,0,0,0,0,0,0
Cory Ryder,60248,G,WM & MARY,4,0,0,348,,,72.8,,,72.3,64.7,,,62.4,0,0,15,0,0,0,0,0,0
Chris Faddoul,60270,P,FL A&M,3,0,0,164,,,61.0,,,,61.6,,57.1,68.2,0,0,11,0,0,0,12,0,0
Harry O'Kelly,60279,P,JAMES MAD,13,0,0,197,,,,,,,37.5,,74.7,27.7,0,2,0,0,0,0,52,0,0
DJ Arnson,60297,P,N ARIZONA,11,1,0,252,,,66.3,,,,63.8,,78.2,74.5,0,2,50,0,0,0,73,0,0
Will Michael,60316,P,WM & MARY,10,0,0,348,,,65.4,,60.0,,62.6,,62.5,69.6,0,1,39,0,1,0,26,0,0
Aqeel Glass,60328,QB,ALAB A&M,3,0,0,104,,,,,,,60.0,,62.3,65.7,0,0,0,0,0,0,4,0,0
Tate Haynes,60348,CB,WM & MARY,6,0,0,348,59.5,,,,,,70.0,60.3,,73.0,0,0,0,12,1,5,10,20,1
E.J. Perry,60349,QB,BROWN,1,0,0,123,,,,,,,60.0,,,61.1,0,0,0,0,0,1,0,0,0
Kyle Reid,60355,WR,CAL POLY,5,0,0,129,,,60.0,,,,62.7,,,67.6,0,0,7,0,1,0,0,10,0
Dakota Allen,60368,TE,E KENTUCKY,6,0,0,159,,,62.4,59.9,,,61.2,,,71.1,0,0,10,0,1,29,0,6,0
Gunner Talkington,60371,QB,E WASHGTON,13,0,0,161,,,68.5,,,,62.6,,,61.3,0,0,87,0,0,0,0,0,0
John Seter,60388,QB,STETSON,2,0,0,302,,,60.0,,,,60.2,,,60.4,0,0,3,0,0,0,0,0,0
Gage Moloney,60414,WR,BRYANT,1,0,0,124,,,,,,,60.6,,,66.4,0,0,0,0,0,0,0,6,0
Walker Wood,60421,WR,MCNEESE,10,0,0,217,,,,59.6,,,66.1,,,71.8,0,0,0,0,17,22,0,9,0
Callahan O'Reilly,60467,LB,MONTANA ST,14,0,0,233,60.3,,,,,,72.7,,,69.7,0,0,0,34,1,0,3,16,2
Brock Boltmann,60487,WR,N DAKOTA,4,0,1,249,,,,59.9,,,38.2,,,25.8,0,1,0,0,0,16,0,0,0
Cephus Johnson III,60530,QB,SE LA,3,0,0,294,,,,,,,60.1,,,65.7,0,0,0,0,0,6,0,0,0
Jaylin Nelson,60563,HB,TEXAS STHN,3,0,0,313,,,,59.1,,,60.5,,,64.5,0,0,0,0,3,10,0,0,0
Jake Dunniway,60572,QB,SACRAMENTO,1,0,0,279,,,60.0,,,,60.0,,,60.2,0,0,1,0,0,0,0,0,0
Shon Mitchell,60610,QB,CENT CT ST,2,0,0,133,,,,,,,60.0,,,63.4,0,0,0,0,0,2,0,0,0
Damon Burton,60618,S,ALBANY,10,2,0,106,59.8,,,,,,49.9,,,31.1,3,3,0,7,43,13,51,34,1
AJ Mistler,60621,LB,ALBANY,10,1,0,106,59.6,,,,,,70.9,,,73.3,0,0,0,39,38,0,0,8,3
Xavier Bell,60623,CB,PORTLAND,10,1,0,269,59.8,,,,,,69.0,,,40.0,0,1,0,48,14,0,28,18,2
Ellrie Allen,60648,LB,FL A&M,7,0,0,164,59.8,,,,,,58.9,,,29.9,1,1,0,6,32,0,36,2,2
Patrick Wolfe,60659,S,HOU BAPT,9,1,0,183,60.0,,,,,,66.4,,,70.1,0,0,0,2,30,1,10,0,1
MJ Hampton,60661,S,JAMES MAD,9,2,0,197,60.1,,,,,,87.1,,,82.0,1,0,0,14,64,33,32,41,9
Sam Kidd,60663,S,JAMES MAD,13,0,0,197,59.8,,,,,,74.6,,,81.7,0,0,0,26,36,23,48,58,4
Robby Hauck,60710,S,MONTANA,13,0,0,232,60.0,,,63.0,,,64.9,73.1,,79.5,0,0,0,34,4,6,0,22,0
Jayden Wooden,60711,S,MORGAN ST,9,0,0,235,59.8,,,,,,61.2,,,66.0,0,0,0,29,0,0,1,5,0
Sterrling Fisher,60749,S,SE LA,8,0,0,294,59.8,,,,,,66.5,,,74.9,0,0,0,16,39,26,0,0,1
AJ Stanley,60751,S,SO UTAH,9,0,0,298,60.2,,,,,,62.4,,,84.3,0,0,0,49,0,7,3,2,0
Quentin Brown,60769,LB,SM HOUSTON,10,1,0,281,59.9,,,,,,69.2,,,73.6,0,0,0,11,49,1,1,7,1
Remington Lutz,60827,TE,ABILENE CH,5,0,0,100,,,67.5,59.9,,,61.9,,,68.8,0,0,21,0,0,18,14,0,0
Kendric Johnson,60839,TE,ALAB A&M,8,0,0,104,,,72.1,,,,61.8,,,65.2,0,0,39,0,0,4,3,0,0
Anthony Howard,60841,TE,ALAB A&M,5,0,0,104,,,69.3,,,,63.4,,,72.4,0,0,26,0,0,14,0,0,0
Nick White,60863,TE,CAL POLY,11,0,0,129,,,69.6,,,,62.4,,,68.7,0,0,31,0,0,13,25,0,0
Jack Short,60869,TE,CENT ARK,2,0,0,132,,,,,,,58.9,,,64.5,0,0,0,0,0,0,6,0,0
Dylan Ingram,60886,TE,E WASHGTON,10,0,0,161,,,76.2,,,,59.8,,,69.8,1,0,69,0,5,41,27,0,0
Jack Lynch,60899,TE,FORDHAM,11,0,0,168,,,74.5,,,,67.2,,,72.6,0,0,57,0,0,39,9,0,0
Dorrell James,60905,TE,GRAMBLING,11,0,0,177,,,70.7,59.6,,,61.8,,,71.6,0,0,31,0,2,62,0,0,0
Kyland Richey,60918,TE,JACKSON ST,12,1,0,194,,,26.6,59.0,,,60.6,,,75.1,0,2,59,0,2,43,61,0,1
Clayton Cheatham,60922,TE,JAMES MAD,9,0,0,197,,,75.3,59.6,,,63.8,,,68.8,0,0,59,0,0,27,0,0,0
Dawud Shorts,60931,TE,LAMAR,10,1,0,204,,,,,,,75.1,,,74.9,0,0,0,0,2,0,33,28,2
Kemari Averett,60941,TE,BETH COOK,9,0,0,119,,,69.5,,,,63.5,,,63.2,0,0,31,0,0,0,0,0,0
Robert Schwob,60948,TE,TOWSON,11,0,0,317,,,60.0,,,,60.8,,,73.2,0,0,5,0,0,60,0,0,0
Tyce Daniel,60952,TE,S ILLINOIS,13,0,0,295,,,76.6,,,,63.5,,,72.4,0,0,69,0,0,60,0,0,0
Nick Haynes,60963,TE,N ALABAMA,10,0,0,389,,,73.4,,,,61.0,,,29.9,0,1,46,0,0,59,41,0,1
Ryan Davis,60969,TE,MONTANA ST,1,0,0,233,,,,,,,60.0,,,63.0,0,0,0,0,0,1,0,0,0
Matthew Kempton,60984,TE,N ARIZONA,11,0,0,252,,,74.0,,,,64.5,,,66.9,0,0,50,0,0,3,0,0,0
Matthew Vanderslice,60987,T,N IOWA,2,0,0,255,,,60.0,,,,60.9,,,66.7,0,0,3,0,0,0,0,0,0
Owen Cosenke,61075,TE,W CAROLINA,8,0,0,344,,,72.9,,,,63.5,,,64.2,0,0,43,0,0,2,1,0,0
Lachlan Pitts,61080,TE,WM & MARY,6,0,0,348,,,68.2,,,,61.0,,,73.9,0,0,23,0,2,2,29,0,0
Josh Burgett,61086,TE,YNGTOWN ST,10,0,0,353,,,72.7,,,,63.4,,,90.2,0,0,39,0,0,62,52,0,0
Nate Stewart,61099,WR,MONTANA ST,2,0,0,233,,,,,,,62.9,,,67.3,0,0,0,0,6,1,0,3,0
Matthew Wilcox Jr.,61178,WR,E KENTUCKY,9,0,0,159,,,,,,,61.7,42.7,,68.3,0,0,0,0,1,2,0,39,0
Michael Roth,61187,WR,CAL POLY,6,0,0,129,,,,,,,60.6,,58.7,71.3,0,0,0,0,0,7,12,0,0
Lujuan Winningham,61193,WR,CENT ARK,8,0,0,132,60.0,,,,,,71.7,,,71.2,0,0,0,1,0,23,18,1,1
Cameron Bent,61204,WR,CAMPBELL,2,0,0,131,,,,54.1,,,60.5,,,65.5,0,0,0,0,2,10,0,0,0
Damond Philyaw-Johnson,61222,WR,JVILLE ST,6,0,0,196,,,,61.8,,,69.6,,,63.7,0,0,0,0,0,25,0,0,0
Mydreon Vines,61225,WR,W CAROLINA,1,0,0,344,,,,60.0,,,60.0,,,61.6,0,0,0,0,0,2,0,0,0
Leroy Henley,61229,WR,RICHMOND,9,0,0,276,,,,,,,61.0,,,76.2,0,1,0,0,0,38,19,29,0
Johnny Edwards IV,61239,WR,E WASHGTON,2,0,0,161,,,,,,,65.0,,,70.5,0,0,0,0,6,0,0,11,0
Andrew Boston,61240,WR,E WASHGTON,1,0,0,161,,,,,,,60.0,,,62.2,0,0,0,0,0,1,0,0,0
Hamze El-Zayat,61259,WR,FORDHAM,6,0,0,168,,,,,,,67.7,,,68.5,0,0,0,0,21,1,7,0,1
Malik Murray,61276,WR,E TENN ST,1,0,0,157,,,,,,,60.0,,,62.2,0,0,0,0,0,1,0,0,0
Kobe Ross,61281,WR,GRAMBLING,1,0,0,177,,,,,,,60.0,,,61.1,0,0,0,0,0,1,0,0,0
Darrell Clark,61283,WR,GRAMBLING,2,0,0,177,,,,,,,60.0,61.0,,62.8,0,0,0,0,0,0,0,2,0
Dennis Houston,61295,WR,W ILLINOIS,4,0,0,345,,,,,,,49.7,,,25.9,0,1,0,0,2,1,3,0,0
Jaylon Johnson,61299,WR,HOU BAPT,9,0,0,183,,,,,,,55.3,,,29.9,0,1,0,0,0,46,9,25,0
Antoine Murray,61302,WR,HOWARD,1,0,0,184,,,,,,,60.0,,,62.1,0,0,0,0,1,0,0,0,0
Warren Newman,61331,WR,JACKSON ST,9,0,0,194,,,,59.6,,,61.7,80.8,,68.4,0,0,0,0,0,3,0,65,0
Josh Sims,61335,WR,JAMES MAD,3,0,0,197,,,,59.4,,,59.5,,,66.3,0,0,0,0,0,2,2,2,0
Jamir Hudson,61336,WR,JAMES MAD,4,0,0,197,,,,,,,62.7,,,72.5,0,0,0,0,18,3,2,5,0
Ezrah Archie,61342,WR,MONMOUTH,1,0,0,231,,,,,,,60.2,,,69.2,0,0,0,0,0,3,2,0,0
Quan Hampton,61343,WR,N IOWA,8,0,0,255,,,,56.3,,,60.8,67.3,,66.9,0,0,0,0,1,20,0,37,0
DJ Render,61350,WR,AUSTINPEAY,8,0,0,116,,,,,,,61.5,60.0,,70.5,0,0,0,0,1,2,3,16,0
Bernard Goodwater III,61351,HB,PRVIEW A&M,5,0,0,270,,,,58.4,,,59.4,,,63.1,0,0,0,0,0,10,0,0,0
Kirkland Banks,61367,WR,LAMAR,10,0,0,204,,,,69.0,,,59.4,74.4,,70.2,0,0,0,0,0,64,0,36,0
Devin Young,61404,WR,MAINE,11,0,0,212,,,,83.4,,,59.9,,,69.2,0,0,0,0,0,60,10,6,0
Monterio Hunt,61410,WR,ALCORN ST,1,0,0,107,,,,,,,60.0,,,63.3,0,0,0,0,0,0,1,0,0
Mitchell Lewis,61435,TE,ILL STATE,6,0,0,188,,,65.5,,,,59.3,,,68.4,0,0,16,0,0,22,2,0,0
James Campbell,61475,CB,MONTANA ST,9,0,0,233,59.6,,,,,,63.9,,,75.7,0,0,0,11,22,7,3,9,0
Willie Patterson,61476,WR,MONTANA ST,13,0,0,233,,,,59.4,,,60.1,68.1,,68.8,0,0,0,0,8,8,0,56,0
Coy Steel,61477,WR,MONTANA ST,4,0,0,233,,,,,,,60.3,67.4,,67.4,0,0,0,0,0,9,0,18,0
Lance McCutcheon,61478,WR,MONTANA ST,2,0,0,233,,,,,,,60.2,,,65.0,0,0,0,0,0,1,0,1,0
Rodney Castille,61481,HB,MURRAY ST,9,1,0,236,,,,59.6,,,71.8,,,74.6,0,0,0,0,29,26,22,1,1
Kylan Martin,61485,WR,MURRAY ST,2,0,0,236,,,,,,,60.5,,,67.7,0,0,0,0,0,0,0,5,0
Jaevon Mcquitty,61493,WR,S DAKOTA,10,0,0,291,,,,,,,56.9,,,75.5,0,0,0,0,3,42,1,19,0
Greg White,61526,WR,GRAMBLING,5,0,0,177,,,60.0,,,,60.4,,,66.8,0,0,4,0,0,1,6,2,0
LC Greenwood,61580,WR,NWSTATE,10,1,0,257,59.7,,71.3,,,,62.3,,,75.7,0,1,35,1,0,51,43,0,1
Darian Street,61596,WR,TOWSON,3,0,0,317,,,,,,,57.1,,,65.7,0,0,0,0,0,13,0,0,0
Michael Smith,61600,WR,MURRAY ST,2,0,0,236,,,,,,,62.7,,,73.4,0,0,0,0,0,10,0,8,0
Tyler Hamilton,61601,WR,E ILLINOIS,3,0,0,158,,,,58.2,,,61.3,,,69.2,0,0,0,0,0,16,0,5,0
KeyRon Catlett,61602,WR,HAMPTON,8,0,0,178,,,,58.9,,,59.7,63.5,,71.9,0,0,0,0,0,46,0,10,0
Noah Ellison,61606,WR,INDIANA ST,11,0,0,191,,,,63.5,,,60.5,,,75.9,0,0,0,0,7,57,0,6,0
Hunter Hayek,61608,WR,STNY BROOK,10,0,0,303,,,,59.4,,,64.4,63.5,,69.9,0,0,0,0,0,47,0,12,0
Everett Wormley,61613,WR,CENT CT ST,5,1,0,133,,,60.0,60.0,,,63.3,,,70.8,1,0,4,0,0,16,9,1,0
Dewey Cotton,61619,WR,SACRAMENTO,9,0,0,279,,,,59.4,,,60.2,63.8,,66.4,0,0,0,0,0,6,0,32,0
Pierre Williams,61623,WR,SACRAMENTO,5,0,0,279,,,,,,,47.4,,,26.8,0,1,0,0,11,1,0,0,0
Zack Smith,61653,WR,SE MO ST,3,0,0,293,,,,58.3,,,61.3,29.3,,67.9,0,0,0,0,0,9,0,5,0
CJ Turner,61656,WR,SE LA,4,0,0,294,,,,61.8,,,60.8,61.4,,66.7,0,0,0,0,0,4,0,4,0
Austin Mitchell,61657,WR,SE LA,8,0,0,294,,,,59.1,,,61.3,65.1,,68.6,0,0,0,1,0,9,0,29,0
Judd Cockett,61671,WR,SO UTAH,4,0,0,298,,,62.5,58.0,,,61.0,63.1,,63.7,0,0,17,0,0,26,0,4,0
Josh Thompson,61681,WR,STF AUSTIN,6,0,0,301,,,,61.8,,,60.8,79.2,,66.3,0,0,0,0,0,1,0,18,0
Seba Nekhet,61687,HB,STNY BROOK,9,0,0,303,,,64.1,59.9,,,63.2,68.3,,72.3,0,0,13,0,5,42,0,48,1
Al'Dontre Davis,61698,WR,NICHOLLS,3,0,0,243,,,,,,,60.3,62.4,,65.0,0,0,0,0,0,1,0,4,0
Travis Tucker,61740,TE,SOUTHERN U,9,0,0,297,,,70.9,,,,48.9,,,28.7,0,1,34,0,0,54,18,0,0
Randal Grimes,61774,WR,WEBER ST,1,0,0,342,,,,,,,60.7,,,65.8,0,0,0,0,2,3,0,0,0
Kris Thornton,61795,WR,JAMES MAD,8,0,0,197,,,,62.0,,,67.8,,,67.0,0,0,0,0,0,6,6,0,0
Hezekiah Grimsley,61800,WR,HAMPTON,5,0,0,178,,,,59.9,,,58.0,65.1,,69.3,0,0,0,0,0,29,0,12,0
Tyron Arnett,61827,WR,CHATTNOOGA,11,0,0,137,,,,59.1,,,59.1,53.1,,70.7,0,0,0,0,0,45,1,2,0
Avante Cox,61837,WR,S ILLINOIS,2,0,0,295,,,,59.9,,,60.0,60.0,,62.2,0,0,0,0,0,1,0,1,0
Jared Scott,61842,TE,IDAHO ST,5,0,0,186,,,,,,,74.0,,,73.8,0,0,0,0,16,1,0,19,2
Jake Cummings,61846,WR,YNGTOWN ST,8,0,0,353,,,,,,,59.7,,,71.4,0,0,0,0,0,48,0,0,0
Christian Mastramico,61849,LS,FL A&M,12,0,0,164,,,88.0,,,84.6,76.0,,,67.2,2,0,60,0,0,0,54,0,1
DeQuan Williams,61936,LB,CENT CT ST,9,0,0,133,59.8,,,,,,64.4,,,72.2,0,0,0,9,17,0,0,24,0
Theo Zidor,61947,TE,CENT CT ST,1,0,0,133,,,,,,,61.3,,,64.3,0,0,0,0,4,0,0,0,0
JJ Colimon,61948,T,CENT CT ST,10,0,0,133,,,72.9,,,,64.7,,,72.0,0,0,40,0,0,0,0,0,0
Tyshaun James,61973,WR,CENT CT ST,6,0,0,133,,,,,,,76.6,,,68.4,0,0,0,0,1,4,6,0,2
Tre Jones,61996,ED,CENT CT ST,9,0,0,133,59.1,,69.1,,,,62.9,,,72.7,0,0,26,32,0,0,3,10,0
Niam Coward,62006,DI,CENT CT ST,11,2,0,133,58.6,,72.0,,,,49.2,,,41.7,2,1,41,18,0,1,58,3,0
Trevon Lincoln,62007,G,CENT CT ST,3,0,0,133,,,65.7,,,,63.2,,,69.6,0,0,15,0,0,0,0,0,0
Joe Zoppi,62008,K,CENT CT ST,11,0,0,133,,49.8,,,46.3,,62.2,,,70.8,0,1,44,0,21,0,0,0,1
Keonte Lucas,62010,HB,CENT CT ST,2,0,0,133,,,,,,,62.0,,,69.2,0,0,0,0,8,4,1,0,0
Ifeanyi Okorji,62012,DI,CENT CT ST,10,0,0,133,58.0,,,,,,58.1,,,71.8,0,0,0,38,0,0,0,5,0
Aaron Dawson,62013,HB,CENT CT ST,5,0,0,133,,,,,,,42.0,,,26.0,0,1,0,0,5,1,14,0,0
Neil Tompkins,62014,G,CENT CT ST,1,0,0,133,,,60.0,,,,60.4,,,62.5,0,0,3,0,0,0,0,0,0
Alex Howard,62494,LB,YNGTOWN ST,10,0,0,353,59.8,,,,,,63.9,,,76.9,0,0,0,4,29,19,21,28,1
Raequan Prince,62583,HB,ARKAPB,11,2,0,112,60.0,,,,,,71.8,,,86.4,1,0,0,3,47,58,57,47,4
Tyquan Fleming,62595,CB,ARKAPB,7,2,1,112,59.7,,,73.7,,,71.1,,,29.3,0,1,0,7,25,25,8,30,2
Ethan Hull,62659,LB,STETSON,10,0,0,302,58.9,,,,,,67.2,,,80.8,1,0,0,47,18,0,0,27,4
Branden Bailey,62790,LB,ALAB A&M,8,0,0,104,59.8,,,,,,56.0,,,72.3,1,0,0,18,9,23,0,11,0
E.J. Hicks,62801,WR,NC CENT,1,0,0,247,,,,,,,60.0,,,63.3,0,0,0,0,0,0,1,0,0
Taron Mallard,62826,TE,BETH COOK,5,0,0,119,,,66.0,,,,62.7,,,62.1,0,0,17,0,0,0,0,0,0
Jonathon Thomas,62827,WR,BETH COOK,1,0,0,119,,,,,,,60.0,,,62.4,0,0,0,0,1,0,0,0,0
Caleb Brown,62849,S,HAMPTON,4,0,0,178,60.3,,,,,,52.9,,,66.6,2,0,0,22,0,0,17,2,1
Arnesio Rosado,62858,C,HAMPTON,2,0,0,178,,,61.2,,,,62.0,,,65.4,0,0,9,0,0,0,0,0,0
Jarrett Powell,62860,TE,HAMPTON,10,0,0,178,,,72.7,,,,60.2,,,73.3,0,0,42,0,0,61,0,0,0
Terry Chisley,62873,CB,HOWARD,3,1,0,184,,,,,,,57.5,,,70.4,1,0,0,0,16,0,1,0,0
Shawn Shamburger,62918,CB,TENN MARTN,11,0,0,310,59.6,,,,,,70.3,,,47.1,0,1,0,31,4,0,21,31,4
Terrell Bailey,62920,CB,N ALABAMA,11,0,0,389,,,,,,,66.9,,,75.6,0,0,0,0,3,33,17,24,1
Devin Smith,62923,CB,AUSTINPEAY,11,0,0,116,59.8,,,,,,60.1,,,30.2,0,2,0,4,63,50,52,57,2
Dameon Williams,62926,S,GARD-WEBB,8,0,0,171,60.6,,,,,,57.2,,,65.6,1,0,0,24,18,0,0,0,1
Antwan Owens,62938,DI,JACKSON ST,10,0,0,194,58.4,,,,,,48.4,,,28.0,0,1,0,22,0,0,0,9,0
Kelton Dawson,62939,ED,E KENTUCKY,9,0,0,159,59.0,,,,,,60.1,,,68.5,0,0,0,19,0,0,0,8,0
Jerry Howard Jr.,62941,HB,TOWSON,5,0,0,317,,,,,,,62.1,,,67.9,0,0,0,0,6,1,3,3,0
Brenton King,62949,K,JVILLE ST,3,0,0,196,,60.0,,,57.3,,60.2,,,69.8,0,0,1,0,9,0,0,0,0
Shanon Reid,62950,LB,ILL STATE,9,0,0,188,60.3,,,,,,61.4,,,68.8,0,0,0,33,1,2,0,0,0
Cooper Melton,62985,WR,GEORGETOWN,5,0,0,172,,,,,,,55.9,,,28.6,0,1,0,0,0,28,10,7,1
Eddie Heckard,63024,CB,WEBER ST,11,0,0,342,59.3,,,,,,60.1,,,40.0,0,1,0,37,0,1,0,66,0
Jacquez Payton,63026,CB,ALABAMA ST,10,0,0,105,59.4,,,,,,71.0,,,78.7,0,0,0,25,0,7,21,25,2
Mekhi Ware,63027,CB,INDIANA ST,4,0,0,191,59.6,,,,,,51.9,,,28.7,0,1,0,12,3,0,0,5,0
Deonte Grier,63034,CB,GARD-WEBB,9,0,0,171,59.3,,,,,,61.5,,,71.9,0,0,0,36,0,0,0,11,0
Kobe Rodgers,63035,S,E ILLINOIS,8,0,0,158,60.0,,,,,,64.7,,,76.9,0,0,0,1,19,13,13,26,1
Jakoby Pappillion,63036,CB,SOUTHERN U,10,0,0,297,59.5,,,,,,60.2,,,75.5,0,0,0,30,9,0,40,12,0
Quan Charleston,63038,WR,JVILLE ST,8,0,0,196,,,,,,,60.9,67.2,,66.4,0,0,0,0,0,1,0,23,0
Jeremiah Harris,63043,S,JVILLE ST,1,0,0,196,60.0,,,,,,59.9,,,70.4,0,0,0,3,1,0,7,0,0
Yul Gowdy,63044,CB,JVILLE ST,8,1,0,196,59.5,,,61.8,,,63.4,,,70.7,0,0,0,19,23,28,8,2,0
Zach Wright,63053,S,IDAHO ST,7,1,1,186,59.8,,,,,,70.2,,,79.9,2,1,0,3,20,42,40,25,4
Takeem Young,63054,S,TENN MARTN,8,0,0,310,59.6,,,61.8,,,60.7,,,66.1,0,0,0,33,0,1,0,4,0
Brandon Dowdell,63062,S,CHATTNOOGA,11,0,0,137,59.9,,,,,,61.1,62.4,,68.6,0,0,0,32,0,2,0,61,0
Kobe Young,63066,HB,TOWSON,2,0,0,317,,,,66.5,,,46.5,,,66.1,1,0,0,0,0,5,1,0,0
Demetric Jackson Jr.,63072,S,CHATTNOOGA,4,1,0,137,60.0,,,,,,70.5,,,72.1,0,0,0,1,20,12,8,3,2
Wanya Moton,63076,CB,TENN MARTN,3,0,0,310,,,,,,,66.7,,,67.9,0,0,0,0,19,0,3,1,1
Jordan Sommerville,63087,WR,S DAKOTA,4,0,0,291,,,,,,,54.4,,,72.9,0,0,0,0,4,10,0,5,0
Deven Sims,63089,S,TENN MARTN,13,0,0,310,59.4,,,,,,64.3,,,71.4,0,0,0,61,17,1,0,31,0
Chase Brown,63095,S,NICHOLLS,11,2,0,243,59.9,,,,,,64.6,,,78.3,0,0,0,20,48,37,31,34,2
Coby Tippett,63103,S,RHODE ISLD,10,0,0,274,59.7,,,,,,60.4,89.0,,70.1,1,0,0,33,47,2,0,48,1
Andrew Pawlowski,63113,S,DELAWARE,10,1,0,151,60.0,,,59.9,,,69.8,,,75.8,0,0,0,37,4,47,44,10,1
Chase Foster,63114,S,SOUTHERN U,10,0,0,297,59.8,,,,,,61.7,,,69.4,0,0,0,41,0,1,0,6,0
Bryson Toles,63116,CB,IDAHO ST,5,0,0,186,,,,,,,60.7,,,72.0,0,0,0,0,3,0,14,5,0
Paul Reeves,63118,S,ARKAPB,8,0,0,112,59.5,,,,,,72.4,,,67.4,0,0,0,32,0,0,0,6,0
Isaiah McDaniels,63121,S,S DAKOTA,10,0,0,291,59.8,,,,,,66.6,,,69.9,0,0,0,14,47,0,0,8,1
Raoul Johnson,63127,ED,WEBER ST,8,0,0,342,60.1,,,,,,65.1,,,78.1,0,0,0,3,12,12,8,25,0
Kris Reid Jr.,63129,ED,INDIANA ST,6,0,0,191,59.8,,,,,,60.9,,,65.8,0,0,0,10,0,0,0,2,0
Trajan Anderson,63132,LB,VILLANOVA,4,0,0,334,,,,,,,61.8,,,66.9,0,0,0,0,0,15,0,1,0
Kendall Bailey,63136,DI,GARD-WEBB,8,0,0,171,58.6,,,,,,59.7,,,68.0,0,0,0,16,0,0,0,6,0
Tremayne Booker,63140,DI,GARD-WEBB,10,0,0,171,58.2,,,,,,59.6,,,69.0,0,0,0,20,0,0,41,6,0
Henrik Barndt,63144,DI,INDIANA ST,11,0,0,191,58.2,,,,,,58.3,,,68.0,0,0,0,49,0,0,0,2,0
Braydon Deming,63146,DI,ILL STATE,9,0,0,188,59.0,,,,,,60.7,,,72.2,0,0,0,33,0,0,0,13,0
George Tarlas,63149,ED,WEBER ST,11,0,0,342,59.2,,,,,,62.6,,,72.5,0,0,0,31,0,1,0,15,0
RJ Nelson,63153,DI,MONTANA,13,0,0,232,59.4,,75.9,59.9,,,63.4,,,69.9,0,0,63,1,0,39,0,0,0
Jared Nelson,63156,DI,VILLANOVA,13,0,0,334,58.6,,75.4,,,,63.0,,,71.2,0,0,65,18,0,0,54,5,0
Lorenzo Hernandez,63161,DI,MONMOUTH,11,0,0,231,58.1,,,,,,80.6,,,75.6,0,0,0,32,0,0,0,11,0
Aaron Robinson,63164,ED,ALAB A&M,8,0,0,104,59.1,,,,,,61.1,,,68.2,0,0,0,20,0,0,0,8,0
Chris Monroe,63167,DI,ALCORN ST,9,0,0,107,58.4,,,,,,58.8,,,69.0,0,0,0,22,0,0,0,6,0
Robert Moss,63169,DI,N COLORADO,10,0,0,253,58.4,,71.7,,,,60.7,,,67.4,0,0,24,38,0,0,0,1,0
Jackson Coker,63178,DI,S DAKOTA,12,0,0,291,58.0,,,,,,58.9,,,71.1,0,0,0,30,0,0,0,19,0
Devonnsha Maxwell,63183,DI,CHATTNOOGA,11,0,0,137,58.1,,,,,,61.4,,,72.0,0,0,0,29,0,0,0,24,0
Artis Hemmingway,63188,ED,DELAWARE,8,0,0,151,58.0,,,,,,58.4,,,68.4,0,0,0,24,0,0,0,5,0
Malik Fisher,63191,ED,VILLANOVA,11,0,0,334,59.0,,,,,,60.4,,,69.1,0,0,0,36,0,0,0,12,0
Sam Gyeni,63198,DI,TOWSON,10,0,0,317,58.0,,,,,,58.5,,,69.1,0,0,0,33,0,0,0,5,0
J'Lan Carson,63204,DI,ALABAMA ST,3,0,0,105,58.9,,,,,,59.4,,,64.2,0,0,0,3,0,0,0,1,0
Cameron Rampersaud,63219,ED,ALABAMA ST,8,0,0,105,88.3,,,,,,90.8,,,79.3,0,0,0,20,0,0,0,7,0
Peyton Logan,63250,HB,TENN MARTN,13,0,0,310,,,,54.8,,,59.6,,,67.3,1,0,0,0,2,60,6,3,0
Josh Davis,63262,HB,WEBER ST,1,0,0,342,,,,,,,29.9,,,24.7,0,1,0,0,0,8,0,0,0
Stevonte Tullis,63263,LB,JVILLE ST,11,0,0,196,59.4,,,,,,64.5,,,78.6,0,1,0,30,47,52,38,13,3
Carlos Washington Jr.,63268,HB,NEW HAMP,3,0,0,240,,,,61.8,,,60.2,,,66.2,0,0,0,0,0,9,0,0,0
Clay Moss,63273,FB,WEBER ST,9,0,0,342,,,,,,,75.0,,,70.7,0,0,0,0,1,40,0,6,0
Jullen Ison,63277,HB,N COLORADO,10,0,0,253,,,,47.9,,,58.7,,,67.0,0,0,0,0,1,46,6,0,0
Jaylen McCloud,63279,HB,FL A&M,2,0,0,164,,,60.0,,,,60.5,,,61.8,0,0,2,0,1,0,0,0,0
Hunter Hanson,63309,K,ALABAMA ST,6,0,0,105,,76.5,,,53.7,,62.5,,,72.8,0,0,26,0,33,0,0,0,1
Trase LeTexier,63315,TE,IDAHO,11,0,0,185,,,73.4,,,,62.2,,,69.0,0,0,46,0,0,54,0,0,0
DJ Hagler,63317,LB,IDAHO ST,10,0,0,186,59.7,,,,,,65.5,,,73.3,1,0,0,1,36,60,52,0,3
Nicholas Terry,63319,ED,ALABAMA ST,11,0,0,105,58.9,,72.5,,,,66.4,,,73.3,0,0,41,38,0,0,65,7,1
Xavier Laing,63323,LB,N COLORADO,7,0,0,253,,,,,,,69.8,,,71.1,0,0,0,0,24,0,2,15,1
Jonathan Joanis,63325,LB,S DAKOTA,3,0,0,291,59.9,,,,,,59.5,,,74.6,0,0,0,2,15,9,0,15,0
Darien Reynolds,63331,LB,TOWSON,11,0,0,317,59.8,,,,,,70.6,,,72.4,1,0,0,34,43,0,12,4,5
Amin Black,63332,LB,VILLANOVA,12,0,0,334,59.5,,,,,,63.0,,,73.7,0,0,0,33,7,40,32,11,0
Nygil Johnson,63333,ED,TOWSON,11,1,0,317,59.4,,,,,,65.4,,,77.0,0,0,0,9,42,61,0,12,0
John H Ford,63338,LB,TENN MARTN,13,0,0,310,59.2,,,,,,65.4,,,69.1,0,0,0,47,4,0,0,27,0
Shai Thomas,63344,ED,GARD-WEBB,9,0,0,171,58.8,,,,,,60.4,,,68.0,0,0,0,29,0,0,0,8,0
Jack Cochrane,63345,LB,S DAKOTA,11,0,0,291,59.9,,,,,,64.3,,,71.4,0,0,0,39,0,2,4,25,0
Daimen Anderson,63351,LB,ALCORN ST,7,1,0,107,82.0,,,,,,79.8,,,71.6,1,0,0,10,20,0,25,0,3
Winston Reid,63354,LB,WEBER ST,11,0,0,342,60.3,,,,,,63.5,,,38.6,0,1,0,37,1,43,0,46,0
Kolby Watts,63356,LB,ARKAPB,11,0,0,112,59.9,,,,,,61.2,,,71.1,0,0,0,41,0,0,1,1,0
C.J. Winston,63357,ED,CHATTNOOGA,4,0,0,137,,,,,,,62.3,,,69.9,0,0,0,0,11,3,0,2,0
BJ Taufalele,63364,LB,WEBER ST,11,0,0,342,59.6,,,60.0,,,68.2,,,80.0,0,0,0,10,3,49,8,51,1
Brooks Talkington,63369,ED,N COLORADO,10,0,0,253,58.5,,69.9,,,,66.1,,,72.8,0,0,29,36,1,0,35,13,1
Gunner Gibson,63374,ED,NEW HAMP,11,0,0,240,73.7,,79.0,,,73.7,81.1,,,68.5,0,0,27,49,0,2,0,11,0
Xavier Mitchell,63375,ED,MAINE,11,0,1,212,58.8,,73.9,59.6,,,50.9,,,28.8,0,3,49,36,0,60,30,10,0
Michael Matthews,63387,LB,MONTANA,13,0,0,232,59.5,,,,,,68.6,,,83.3,0,0,0,2,0,41,0,79,0
Kyndall Clark,63396,ED,GARD-WEBB,9,0,0,171,60.1,,60.0,,,,86.0,,,72.5,0,0,3,7,10,0,0,30,2
Christian Dixon,63397,LB,TOWSON,11,2,0,317,59.9,,,,,,81.3,,,73.3,0,0,0,52,3,6,43,5,4
Marcus Welnel,63401,LB,MONTANA,12,0,0,232,86.8,,,,,,90.0,,,67.3,0,0,0,29,0,6,0,9,0
Malik Holbert,63406,ED,ALCORN ST,1,0,0,107,,,,,,,68.4,,,64.6,0,0,0,0,4,0,0,0,1
Jack Dinicola,63407,LB,DELAWARE,10,1,0,151,,,,,,,60.7,,,29.3,0,1,0,0,14,20,2,33,1
Abraham Adesipe,63408,ED,ALABAMA ST,11,1,0,105,59.6,,60.0,,,,63.0,,,42.4,0,1,5,2,48,3,56,46,2
Jalen Ivy,63416,ED,SOUTHERN U,8,0,0,297,58.2,,60.0,,,,59.1,,,70.1,0,0,6,28,0,0,0,2,0
Forrest Rhyne,63417,LB,VILLANOVA,13,0,0,334,59.5,,,,,,64.9,,,73.6,1,0,0,41,1,0,51,12,2
Joey D'Antonio,63419,LS,VILLANOVA,13,0,0,334,,,67.3,,,,62.3,,,61.2,0,0,65,0,0,0,0,0,0
Jake Reed,63420,LS,DELAWARE,10,0,0,151,,,82.2,,,49.9,65.2,,,67.3,0,0,36,0,0,0,61,0,4
Wyatt Harwood,63421,LS,INDIANA ST,11,1,0,191,,,80.6,,,74.8,72.3,,,29.7,2,1,31,0,0,0,69,0,4
Dalton Godfrey,63424,LS,S DAKOTA,12,0,0,291,,,87.2,,,74.7,69.8,,,67.3,1,0,56,0,0,0,60,0,0
Dominic Brocato,63427,LS,NICHOLLS,11,0,0,243,,,88.0,,,64.9,67.5,,,66.0,0,0,60,0,0,0,34,0,0
Matthew O'Donoghue,63430,LS,MONTANA,13,1,0,232,,,89.7,,,91.3,89.8,,,67.7,0,0,69,0,0,0,70,0,3
Will Mullins,63434,LS,GARD-WEBB,10,0,0,171,,,85.4,,,70.3,67.4,,,66.6,0,0,48,0,0,0,44,0,0
McClendon Curtis,63437,G,CHATTNOOGA,11,0,0,137,,,75.1,,,,64.9,,,74.2,0,0,53,0,0,0,1,0,0
Cole Cheripko,63441,C,TOWSON,5,0,0,317,,,64.1,,,,62.6,,,67.9,0,0,11,0,0,0,0,0,0
Patrick Flynn,63447,T,NEW HAMP,11,0,0,240,,,70.2,,,,63.8,,,64.6,0,0,33,0,0,0,0,0,0
Austin Wallace,63448,G,S DAKOTA,12,0,0,291,,,75.3,,,,65.5,,,74.1,0,0,56,0,0,0,0,0,0
Tyrese Slocum Jr.,63449,C,JVILLE ST,4,0,0,196,,,69.9,,,,63.5,,,64.7,0,0,20,0,0,0,0,0,0
Colton Keintz,63452,G,MONTANA,3,0,0,232,,,65.0,,,,62.6,,,64.4,0,0,16,0,0,0,0,0,0
Ben Solomon,63457,G,E ILLINOIS,5,0,0,158,,,67.7,,,,62.9,,,63.9,0,0,14,0,0,0,3,0,0
Colin Gamroth,63458,C,VILLANOVA,13,0,0,334,,,84.8,,,74.5,67.6,,,64.4,0,0,64,0,0,0,0,0,0
Johnathan Bishop,63470,G,SOUTHERN U,10,0,0,297,,,76.3,,,,64.6,,,65.7,0,0,45,0,0,0,25,0,0
Michael Shaddix,63472,T,JVILLE ST,10,0,0,196,,,73.3,,,,65.2,,,74.5,0,0,42,0,0,0,0,0,0
Carter Francis,63476,C,GARD-WEBB,2,0,0,171,,,,,,78.5,62.8,,,62.6,0,0,0,0,0,0,2,0,0
Elijah Jordan,63486,C,SOUTHERN U,1,0,0,297,,,,,,,60.0,,,61.0,0,0,0,0,0,0,1,0,0
Kyle Ergenbright,63487,G,N COLORADO,1,0,0,253,,,60.0,,,,60.0,,,60.9,0,0,1,0,0,0,0,0,0
Skyler Martin,63492,G,MONTANA,6,0,0,232,,,70.6,,,,63.8,,,63.6,0,0,35,0,0,0,0,0,0
Creston Cooledge,63502,G,WEBER ST,1,0,0,342,,,60.0,,,,60.4,,,62.5,0,0,3,0,0,0,0,0,0
David Kroll,63505,T,DELAWARE,10,0,0,151,,,73.8,,,,62.3,,,71.3,0,0,36,0,0,0,39,0,0
Jair Joseph,63510,T,NICHOLLS,3,0,0,243,,,65.9,,,,62.7,,,63.5,0,0,12,0,0,0,0,0,0
Columbus Willis,63514,G,ALCORN ST,11,0,0,107,,,75.8,,,,63.6,,,72.4,0,0,48,0,0,0,4,0,0
Jeremy Saddler,63518,G,N COLORADO,11,0,0,253,,,73.0,,,,64.7,,,71.4,0,0,32,0,0,0,0,0,0
Ye'Majesty Sanders,63520,T,JVILLE ST,3,0,0,196,,,63.0,,,,62.3,,,64.5,0,0,12,0,0,0,0,0,0
Jackson Byrne,63521,G,INDIANA ST,8,0,0,191,,,70.7,,,,64.8,,,74.2,0,0,31,0,0,0,0,0,0
Grant Stephens,63524,T,N COLORADO,11,0,0,253,,,68.9,,,,63.4,,,63.2,0,0,29,0,0,0,0,0,0
Atondre Smith,63526,G,ARKAPB,9,0,0,112,,,73.7,,,,64.4,,,64.5,0,0,33,0,0,0,0,0,0
Caleb Eldred,63533,G,IDAHO ST,11,0,0,186,,,70.6,,,,63.7,,,63.4,0,0,35,0,0,0,0,0,0
Kevin Williams,63534,T,N COLORADO,2,0,0,253,,,62.1,,,,62.1,,,69.1,0,0,8,0,0,0,0,0,0
John Lampley,63557,QB,SOUTHERN U,10,0,0,297,,,66.0,,,,61.9,,,61.1,0,0,45,0,0,0,0,0,0
Jason Epps,63558,TE,TOWSON,8,0,0,317,,,63.5,59.9,,,56.4,,,71.2,1,0,13,0,0,4,35,0,1
Cole Copeland,63563,QB,CHATTNOOGA,1,0,0,137,,,,,,,60.0,,60.0,63.3,0,0,0,0,0,0,1,0,0
Kohen Granier,63573,QB,NICHOLLS,1,0,0,243,,,,,,,68.8,,,63.9,0,0,0,0,1,0,0,0,1
Conor Regan,63589,QB,MS VLY ST,9,0,0,228,,,65.6,,,,61.9,,,61.1,0,0,41,0,0,0,0,0,0
Trey Adams,63602,LB,ABILENE CH,10,0,0,100,59.8,,,,,,74.0,60.3,,78.2,0,0,0,16,23,0,32,27,1
Pop Bush,63603,S,NEW HAMP,8,0,0,240,60.0,,,,,,62.1,,,68.4,0,0,0,36,4,6,0,10,0
Brody Burke,63605,S,WEBER ST,2,0,0,342,,,,,,,62.2,,,68.6,0,0,0,0,10,0,0,0,0
Jakobi Jones,63606,S,SOUTHERN U,9,0,0,297,59.8,,,,,,61.6,,,66.4,0,0,0,29,1,2,0,10,0
Preston Smith,63607,S,WEBER ST,11,0,0,342,60.4,,,,,,69.6,,,71.6,0,0,0,36,54,3,0,15,2
Darius Joiner,63618,S,W ILLINOIS,11,1,0,345,59.8,,,,,,66.0,,,70.0,0,0,0,66,13,0,2,4,1
Dakota Chapman,63622,TE,SAMFORD,8,1,0,282,,,71.3,65.8,,,78.8,,,72.3,0,0,35,0,12,54,36,0,2
Austin Goehring,63632,TE,S DAKOTA,11,1,0,291,,,73.6,59.2,,,64.3,,,70.9,0,0,49,0,0,41,53,0,0
Cade Peratt,63635,ED,INDIANA ST,7,0,0,191,59.7,,,,,,41.7,,,26.7,0,1,0,11,0,6,0,2,0
Jeremy Brown,63636,TE,ALCORN ST,2,0,0,107,,,,,,,78.0,,,63.8,0,0,0,0,0,0,2,0,1
Garrett Betty,63638,FB,N COLORADO,2,0,0,253,,,,,,,59.8,,,67.0,0,0,0,0,0,13,0,0,0
Justin Malone,63647,TE,WEBER ST,6,0,0,342,,,,59.9,,,62.5,,,71.0,0,0,0,0,0,20,0,13,0
David Mosley,63649,TE,NICHOLLS,10,0,0,243,,,74.3,,,,64.1,,,66.9,0,0,57,0,0,0,28,0,0
Alex Jensen,63652,T,S DAKOTA,12,0,0,291,,,74.9,,,,64.8,,,65.6,0,0,56,0,0,0,0,0,0
Juwan Tyus,63658,TE,CHATTNOOGA,10,0,0,137,,,68.8,,,,64.7,,,70.0,0,0,25,0,0,27,0,19,0
Juan Anthony Jr.,63665,WR,ALCORN ST,2,0,0,107,,,,,,,58.9,,,64.3,0,0,0,0,0,1,2,0,0
Michael Thomas,63668,S,INDIANA ST,11,0,0,191,59.8,,,61.8,,,54.8,,,79.8,3,0,0,33,18,23,66,14,1
Gene Coleman II,63670,WR,DELAWARE,1,0,0,151,,,,62.4,,,60.3,,,64.2,0,0,0,0,0,7,0,0,0
Malik Flowers,63671,WR,MONTANA,12,3,0,232,,,,86.2,,,73.0,,,76.1,0,0,0,0,30,35,50,22,2
Rontrez Morgan,63678,WR,INDIANA ST,7,0,0,191,,,,43.4,,,64.0,61.9,,67.4,0,0,0,0,0,16,3,4,1
Jamar Washington,63696,WR,SOUTHERN U,2,0,0,297,,,,67.7,,,59.5,,,62.8,0,0,0,0,0,12,0,0,0
Brian Espanet,63700,WR,NEW HAMP,3,0,0,240,,,,,,,60.4,,,64.2,0,0,0,0,1,2,0,0,0
Tim McNair Jr.,63702,WR,ALCORN ST,9,0,0,107,,,,59.9,,,59.7,,,70.6,0,0,0,0,0,52,0,0,0
C.J. Turner,63703,WR,NEW HAMP,8,0,0,240,,,,59.4,,,65.2,,,71.7,0,0,0,0,0,47,0,0,0
Tyrin Ralph,63705,WR,ARKAPB,5,0,0,112,,,,50.1,,,59.9,51.3,,66.7,0,0,0,0,0,35,0,25,0
Kody Case,63706,WR,S DAKOTA,1,0,0,291,,,,59.9,,,60.0,,,61.2,0,0,0,0,0,1,0,0,0
Rashid Shaheed,63707,WR,WEBER ST,11,0,0,342,,,,84.3,,,61.0,77.0,,70.3,0,0,0,0,1,48,0,54,0
Sean Coyne,63708,WR,NEW HAMP,4,0,0,240,,,,,,,47.8,,,67.3,0,0,0,0,0,11,0,0,0
Rodney Williams,63718,TE,TENN MARTN,13,0,0,310,,,75.6,,,,65.1,,,80.8,0,0,64,0,5,63,46,15,2
Ty MacPherson,63720,WR,WEBER ST,2,0,0,342,,,,,,,45.7,,,65.6,1,0,0,0,0,1,4,0,0
Colton Dowell,63721,WR,TENN MARTN,3,0,0,310,,,,,,,59.2,,,70.8,0,0,0,0,0,15,0,0,0
David Ames,63728,WR,WEBER ST,1,0,0,342,,,,,,,63.0,,,69.2,0,0,0,0,0,0,2,6,0
Mitch Roberts,63729,WR,MONTANA,13,0,0,232,,,67.6,60.0,,,56.1,,,62.8,0,0,69,0,0,6,0,0,0
Dante Hendrix,63736,WR,INDIANA ST,5,0,0,191,,,,,,,61.2,63.8,,67.5,0,0,0,0,0,0,0,18,0
Wallace Corker,63738,WR,ALABAMA ST,11,0,0,105,,,,,,,66.6,,,77.2,0,0,0,0,0,52,0,42,0
Dontaze Costly,63742,WR,NICHOLLS,5,0,0,243,,,,59.9,,,79.5,,,69.4,0,0,0,0,2,2,9,0,2
Caleb Smith,63747,WR,TOWSON,5,0,0,317,,,,59.6,,,59.5,,,66.0,0,0,0,0,0,14,0,0,0
Dai'Jean Dixon,63748,WR,NICHOLLS,2,0,0,243,,,,,,,60.5,,,62.8,0,0,0,0,2,1,0,0,0
Darren DeLaCroix,63756,TE,N COLORADO,11,0,0,253,,,60.0,60.0,,,60.2,,,69.7,0,0,3,0,0,66,6,0,0
Chris Raymond,63757,WR,MCNEESE,6,0,0,217,,,,,,,70.5,,,75.8,0,0,0,0,0,0,0,30,0
Bryson Deming,63758,TE,ILL STATE,9,0,0,188,,,71.3,,,,66.5,,,72.4,0,0,33,0,0,43,3,0,0
Kendall Batt,63771,LS,BETH COOK,11,0,0,119,,,83.1,,,88.0,76.2,,,67.3,0,0,39,0,0,0,62,0,0
Malachi Pike,63867,LB,BUTLER,8,0,0,127,60.2,,,,,,61.4,,,64.8,0,0,0,18,0,0,0,5,0
Grant Dyer,63874,LB,DAYTON,10,0,1,150,60.2,,,,,,56.6,,,47.7,0,1,0,42,0,32,40,1,0
Kayvon Britten,63937,HB,ARKAPB,5,0,0,112,,,,57.4,,,59.6,,,69.3,0,0,0,0,4,27,0,3,0
Willie Eubanks III,64151,LB,CITADEL,7,0,0,139,59.2,,,,,,60.9,,,71.8,0,0,0,37,21,0,25,11,0
Calvin Francis Jr.,64152,C,S ILLINOIS,5,0,0,295,,,71.7,,,,63.9,,,63.3,0,0,24,0,0,0,0,0,0
Jon Barrett Lewis,64153,G,CITADEL,10,0,0,139,,,75.4,,,,64.8,,,63.9,0,0,40,0,0,0,0,0,0
Moise Satine,64163,HB,STETSON,1,0,0,302,,,,,,,60.0,,,63.3,0,0,0,0,0,0,1,0,0
Jalen Fowler,64170,QB,NC A&T,1,0,0,246,,,,,,,60.0,,,23.1,0,1,0,0,0,0,0,0,0
Ryan McCarthy,64171,WR,CITADEL,5,1,0,139,,,60.0,,,,62.9,,,73.1,2,0,6,0,13,11,11,0,1
Cole Owens,64178,WR,CITADEL,5,0,0,139,,,,59.9,,,60.3,,,67.5,0,0,0,0,0,4,0,4,0
Jake Froschauer,64184,QB,COLGATE,4,0,0,142,,,,,,,66.0,,,68.3,0,0,0,0,0,0,0,13,0
Louis Colosimo,64186,QB,DAVIDSON,8,0,0,149,,,66.4,,,,62.0,,,61.2,0,0,51,0,0,0,0,0,0
Zachary Leslie,64189,WR,NC A&T,1,0,0,246,,,,,,,59.8,,,66.1,0,0,0,0,0,6,0,0,0
Devin Wynn,64193,HB,FURMAN,1,0,0,170,,,,,,,59.6,,,68.8,0,0,0,0,0,0,0,3,0
Keyonte Sessions,64202,HB,CITADEL,11,0,0,139,,,,59.9,,,58.4,,,72.2,0,0,0,0,16,58,0,0,0
Myles Beverly,64216,TE,DELWARE ST,6,0,0,152,,,67.5,,,,62.5,,,70.4,0,0,21,0,0,17,0,0,0
David Adeleke,64235,HB,MORGAN ST,3,0,0,235,,,,59.9,,,59.4,,,71.9,0,0,0,0,2,10,1,11,0
Kurt Huff,64239,C,TENN TECH,7,0,0,309,,,70.2,,,,63.9,,,69.7,0,0,22,0,0,0,0,0,0
Haden Haas,64242,C,CITADEL,11,0,0,139,,,72.0,,,,64.0,,,65.4,0,0,43,0,0,0,0,0,0
Dacquari Wilson,64243,C,NC A&T,1,0,0,246,,,,,,,60.0,,,63.3,0,0,0,0,0,0,0,0,0
Sam Diehl,64263,C,COLGATE,1,0,0,142,,,60.0,,,,61.4,,,66.3,0,0,4,0,0,0,0,0,0
Matthew Derks,64264,G,DELWARE ST,11,0,0,152,,,74.2,,,,64.6,,,64.9,0,0,36,0,0,0,0,0,0
Anthony Craig,64270,TE,WOFFORD,11,0,0,350,,,71.9,,,,63.9,,,61.3,0,0,39,0,0,0,0,0,0
Barron King,64275,DI,MERCER,9,0,0,219,84.4,,,,,,90.3,,,66.9,0,0,0,19,0,0,2,4,0
Trey Gross,64293,WR,DELWARE ST,11,3,0,152,,,,,,,63.0,,,30.1,0,1,0,0,44,16,0,51,1
Ryan DeLuca,64301,WR,FURMAN,2,0,0,170,,,,,,,60.2,63.3,,64.3,0,0,0,0,0,2,0,5,0
Jim Welsh,64307,WR,WOFFORD,11,0,0,350,,,,,,,64.8,,,70.2,0,0,0,0,0,49,0,0,0
Montrell Washington,64310,WR,SAMFORD,11,0,0,282,,,,64.9,,,63.2,89.9,,69.5,0,0,0,0,13,71,2,44,1
Cole Steward,64328,TE,S ILLINOIS,13,0,0,295,,,75.7,,,,50.4,,,29.2,0,1,65,0,0,6,54,0,0
Kendall Watson,64330,WR,SAMFORD,8,0,0,282,,,,,,,72.2,,,75.2,0,0,0,0,0,53,9,19,1
Abdoul Kouyate,64333,ED,COLGATE,7,0,0,142,58.9,,,,,,60.8,,,67.4,0,0,0,15,0,0,0,7,0
Ty Herring,64337,S,SAMFORD,6,0,1,282,60.1,,,,,,53.9,,,27.3,0,1,0,19,21,0,0,1,0
DiMarcus Clay,64341,S,FURMAN,10,0,0,170,59.8,,,,,,61.0,,,67.6,0,0,0,35,8,0,0,4,0
Donavan Anderson,64342,CB,WOFFORD,10,0,0,350,59.3,,,,,,63.9,,,73.1,0,0,0,42,2,0,6,4,1
Nathan East,64343,LB,SAMFORD,10,0,0,282,59.5,,,,,,66.9,,,74.5,0,0,0,56,40,1,43,2,2
Elijah McKoy,64344,S,FURMAN,10,0,0,170,,,,,,,39.8,,,73.4,3,0,0,0,0,0,51,1,0
Marcus McMeans,64345,S,TENN TECH,1,0,0,309,60.1,,,,,,61.2,,,63.9,0,0,0,4,3,0,0,0,0
Danijah Gammage,64346,LB,MERCER,9,0,0,219,59.7,,,,,,63.1,,,72.1,1,0,0,18,0,0,35,4,1
Amir McNeill,64347,CB,NC A&T,4,0,0,246,59.6,,60.0,,,,60.7,,,68.3,0,0,1,15,0,0,0,1,0
BJ Bohler,64349,CB,FL A&M,12,0,1,164,59.5,,,,,,53.2,,,27.6,0,3,0,26,43,0,1,62,1
Alexander Lozano,64357,LB,PORTLAND,6,0,0,269,59.9,,,,,,61.8,,,67.8,0,0,0,12,5,8,0,3,0
Luke Ward,64360,S,MERCER,9,0,0,219,59.9,,,,,,70.1,,,72.9,0,0,0,33,0,28,2,12,1
Blane Briggs,64362,LB,COLGATE,9,0,0,142,59.6,,,,,,59.8,,,67.8,0,0,0,23,1,5,5,1,0
Kamari Jackson,64369,S,DELWARE ST,11,1,0,152,60.2,,,59.9,,,74.5,,,81.4,1,0,0,29,0,16,45,21,2
Blake Smaw,64376,CB,WAGNER,4,0,0,338,59.8,,,,,,45.3,,,69.6,1,0,0,11,4,0,11,5,0
Jalen Barr,64388,S,SCAR STATE,11,0,0,290,59.6,,,,,,61.8,,,67.4,0,0,0,37,0,0,0,13,0
Raquan Lindsey,64393,ED,S ILLINOIS,6,0,0,295,59.6,,,,,,69.6,,,77.4,0,0,0,1,0,0,0,28,0
Joe Beckett,64397,LB,WOFFORD,11,1,0,350,58.2,,,,,,58.1,,,47.9,1,1,0,62,36,0,42,10,3
Ahmari Benjamin,64398,CB,MORGAN ST,10,0,0,235,59.6,,,,,,69.6,,,78.9,0,0,0,13,16,52,9,31,2
John Beckley,64399,LB,WOFFORD,10,1,0,350,59.7,,,,,,62.9,,,67.5,0,0,0,42,3,0,18,7,0
Trevor Thompson,64402,LB,COLGATE,11,0,0,142,60.0,,,,,,65.9,,,72.7,0,0,0,43,0,1,0,39,0
Devin Harrell,64408,ED,NC A&T,7,0,0,246,59.3,,,,,,59.9,,,66.9,0,0,0,17,0,0,0,1,0
Andrew Jaworski,64411,TE,COLGATE,5,0,0,142,,,,,,,57.7,,,71.1,0,0,0,0,3,24,0,3,0
Jonathan Coste,64414,DI,FORDHAM,3,0,0,168,57.8,,,,,,57.7,,,66.2,0,0,0,15,0,0,0,2,0
Jeff McElveen,64415,HB,FURMAN,6,0,0,170,,,,,,,64.1,,,76.3,0,0,0,0,0,5,0,22,0
Landon Lawrence,64416,ED,FURMAN,9,0,0,170,58.2,,,,,,58.4,,,70.3,0,0,0,39,0,0,0,1,0
Kyin Howard,64421,LB,NC A&T,6,0,0,246,59.6,,,,,,56.0,,,27.7,0,1,0,25,1,0,7,2,1
Keenan Agnew,64424,DI,S ILLINOIS,4,0,0,295,60.0,,,,,,61.7,,,68.6,0,0,0,1,0,0,0,3,0
Ma'kel Calhoun,64429,LB,S ILLINOIS,13,3,0,295,59.7,,,,,,78.6,,,80.0,0,0,0,33,26,49,21,19,3
London Lewis,64433,DI,FURMAN,10,0,0,170,57.8,,60.0,,,,57.6,,,70.1,0,0,1,45,0,0,0,1,0
Lane Botkin,64434,WR,HOU BAPT,8,0,0,183,,,,57.1,,,59.9,62.2,,71.9,0,0,0,0,0,64,0,11,0
Dalton Owens,64441,DI,CITADEL,10,0,0,139,58.0,,,,,,58.5,,,72.9,0,0,0,56,0,0,7,13,0
Adrian Hope,64444,ED,FURMAN,10,0,0,170,59.3,,,,,,59.5,,,65.1,0,0,0,46,0,0,0,0,0
Karfa Kaba,64447,DI,NC A&T,9,0,0,246,58.0,,,,,,58.1,,,67.2,0,0,0,25,0,0,0,2,0
Joshua Long,64448,ED,ALABAMA ST,10,0,0,105,58.7,,,,,,60.2,,,70.7,0,0,0,22,0,0,0,5,0
Jale'n Gladney,64449,DI,TENN TECH,9,0,0,309,58.2,,,,,,58.6,,,67.3,0,0,0,24,0,0,0,3,0
Matt Sochovka,64450,DI,FURMAN,1,0,0,170,59.8,,,,,,60.7,,,65.3,0,0,0,1,0,0,4,1,0
Colby Warrior,64458,ED,NC CENT,8,0,0,247,70.7,,66.0,59.6,,,70.8,,,70.0,0,0,17,32,0,22,17,2,0
Parker Stokes,64464,DI,FURMAN,1,0,0,170,59.8,,,,,,60.0,,,62.7,0,0,0,1,0,0,0,0,0
Owen Rosenberger,64467,DI,COLGATE,6,0,0,142,58.8,,,,,,58.9,,,65.4,0,0,0,11,0,0,2,0,0
Shomari Wallace,64469,DI,NC A&T,6,0,0,246,59.0,,,,,,59.4,,,66.7,0,0,0,15,0,0,0,1,0
Jabreil Salaam,64472,DI,ROB MORRIS,4,0,0,277,59.5,,,,,,59.8,,,65.3,0,0,0,10,0,0,0,0,0
Jose Romo-Martinez,64477,K,FL A&M,12,0,0,164,,72.2,,,68.1,,64.5,,64.9,78.9,0,4,60,0,64,0,41,0,0
Davis Rogers,64481,K,NC A&T,1,0,0,246,,60.0,,,58.3,,60.0,,,65.7,0,0,1,0,2,0,0,0,0
Dan Heilbron,64488,LS,S ILLINOIS,9,0,0,295,,,84.2,,,75.8,69.5,,,66.4,0,0,43,0,0,0,41,0,0
John Davis,64491,LS,NC A&T,10,0,0,246,,,83.4,,,90.2,76.3,,,66.9,0,0,40,0,0,0,49,0,0
Jalen Staples,64532,WR,DAVIDSON,6,0,0,149,,,,,,,61.2,,,67.3,0,0,0,0,3,10,0,0,0
Matt Guilfoil,64571,WR,MOREHEAD,11,1,0,234,,,67.2,,,,60.1,,,78.4,2,0,62,0,2,62,38,38,1
Logan Nash,64572,CB,PENN,10,0,0,267,59.7,,,,,,64.5,,,73.5,0,0,0,8,40,13,0,16,0
Shiloh Means,64602,S,PENN,6,0,0,267,60.0,,,,,,62.8,,,85.8,0,0,0,18,16,14,0,4,0
Ben Treece,64725,T,BUTLER,1,0,0,127,,,60.0,,,,60.0,,,60.9,0,0,1,0,0,0,0,0,0
Kwannah Kollie,64811,WR,DELWARE ST,7,0,0,152,,,,75.0,,,59.9,,,63.9,0,0,0,0,0,34,0,0,0
Que'shaun Byrd,64820,HB,BETH COOK,8,0,0,119,,,,61.0,,,60.3,,,65.5,0,0,0,0,0,43,0,0,0
Michael Dunn,64944,DI,BUTLER,9,0,0,127,59.4,,,,,,59.8,,,66.4,0,0,0,18,0,0,2,1,0
Nicholas Schwitzgebel,65005,G,DARTMOUTH,9,0,0,148,,,76.5,,,,65.6,,,70.2,0,0,50,0,0,0,0,0,0
Jordan Haven,65036,LB,W ILLINOIS,11,0,0,345,59.9,,,,,,52.6,,,29.2,1,2,0,2,45,77,32,24,1
Macai Bruce,65037,ED,WAGNER,6,0,0,338,58.6,,,,,,65.1,,,69.0,0,0,0,18,0,0,23,7,1
Joshua DeCambre,65038,WR,AUSTINPEAY,3,0,0,116,,,,59.6,,,56.0,,,29.0,0,1,0,0,8,2,0,15,0
Nathan Karsjens,65040,TE,W ILLINOIS,10,0,0,345,,,16.8,,,,28.8,,,64.7,0,0,39,0,0,5,3,0,0
Tony Tate,65045,WR,W ILLINOIS,11,0,0,345,,,,58.9,,,60.3,69.0,,67.5,0,0,0,0,0,68,0,45,0
Cole Watts,65062,ED,W ILLINOIS,9,0,0,345,58.7,,,,,,59.5,,,70.8,0,0,0,38,0,0,0,2,0
Ryan McDaniel,65079,WR,NC CENT,7,1,0,247,,,,61.1,,,65.7,,,69.3,0,0,0,0,7,38,0,0,1
Jacob Chisholm,65435,HB,DAYTON,9,0,0,150,,,,66.3,,,55.8,,,65.5,0,0,0,0,0,47,6,0,0
Reggie Thomas,66271,LB,LAFAYETTE,10,0,1,203,59.8,,,,,,51.6,,,49.5,1,2,0,13,36,12,16,32,1
Christian Watson,66581,WR,N DAK ST,12,0,0,250,,,,69.4,,,59.2,,,65.6,0,0,0,0,1,39,2,0,0
Kyran Jackson,66615,HB,SM HOUSTON,1,0,0,281,,,,,,,60.0,,,63.2,0,0,0,0,0,1,0,0,0
Pierre Strong Jr.,66619,HB,S DAK ST,3,0,0,292,,,,,,,60.1,,,63.5,0,0,0,0,0,3,0,1,0
Grant Gossling,66625,TE,DRAKE,10,0,0,153,,,,59.9,,,62.0,,,70.5,0,0,0,0,0,47,60,0,0
Costner Ching,66634,DI,N DAK ST,14,0,0,250,57.9,,,,,,41.6,,,68.9,0,0,0,15,0,0,50,4,0
Skyler Cavanaugh,66636,TE,S DAK ST,3,0,0,292,,,62.1,,,,61.9,,,64.5,0,0,10,0,0,2,0,0,0
Cody Mauch,66637,T,N DAK ST,15,0,0,250,,,77.9,,,,65.5,,,66.2,0,0,83,0,0,0,0,0,0
Noah Gindorff,66639,TE,N DAK ST,12,0,0,250,,,74.3,,,,64.7,,,73.7,0,0,47,0,1,3,36,0,0
Caleb Schauf,66641,TE,S DAK ST,7,0,0,292,,,67.7,,,,63.3,,,67.5,0,0,22,0,8,6,0,0,0
Kevin Laughlin,66643,LS,RICHMOND,10,1,0,276,,,83.7,,,58.8,60.8,,,67.1,2,0,41,0,0,0,56,0,1
Colby Thomas,66648,G,SM HOUSTON,4,0,0,281,,,63.7,,,,62.3,,,63.6,0,0,12,0,0,0,0,0,0
Edward Miller,66649,G,S DAK ST,14,0,0,292,,,78.2,,,,66.6,,,77.2,0,0,83,0,0,0,0,0,0
Eagan Lickiss,66651,G,S DAK ST,15,0,0,292,,,81.4,,,,66.7,,,65.3,0,0,86,0,0,0,6,0,0
Ryan Kriceri,66654,LB,DRAKE,6,0,0,153,,,28.2,,,56.4,62.6,,,70.3,0,0,15,0,0,0,36,1,0
Mark Bach,66667,C,DRAKE,1,0,0,153,,,,,,,60.0,,,63.3,0,0,0,0,0,0,1,0,0
Ben Bankston,66669,C,SM HOUSTON,2,0,0,281,,,60.0,,,,60.6,,,61.5,0,0,2,0,0,0,0,0,0
Nash Jensen,66672,G,N DAK ST,14,0,0,250,,,80.4,,,,62.1,,,29.5,0,1,77,0,0,0,43,0,0
Tyler Barrett,66680,T,DRAKE,9,0,0,153,,,22.0,,,,35.5,,,69.2,0,0,27,0,0,0,1,0,0
Drew Bones,66681,C,ILL STATE,4,0,0,188,,,67.1,,,,63.2,,,68.2,0,0,15,0,0,0,0,0,0
Aron Johnson,66685,T,S DAK ST,1,0,0,292,,,60.0,,,,60.0,,,60.9,0,0,1,0,0,0,0,0,0
Jason Titus,66688,T,S DAK ST,15,0,0,292,,,78.5,,,,65.7,,,67.0,0,0,95,0,0,0,0,0,0
Jon Gruetzmacher,66698,T,S DAK ST,1,0,0,292,,,60.0,,,,61.4,,,63.1,0,0,4,0,0,0,0,0,0
Evan Day,66703,T,ILL STATE,7,0,0,188,,,68.1,,,,63.2,,,64.9,0,0,26,0,0,0,0,0,0
Davie Henderson,66711,WR,DUQUESNE,2,0,0,155,,,,,,,63.1,,,64.9,0,0,0,0,2,1,2,0,0
Tanner Taula,66715,TE,ILL STATE,10,0,0,188,,,70.6,,,,71.2,,,29.3,0,1,35,0,0,2,63,0,5
Josh Babicz,66716,TE,N DAK ST,15,0,0,250,,,77.9,59.9,,,66.4,,,76.9,0,0,79,0,1,25,13,22,0
Bill O'Malley,66730,TE,DUQUESNE,10,0,0,155,,,73.8,,,,64.9,,,77.5,0,0,48,0,0,45,34,0,0
Isaiah Hill,66732,WR,E ILLINOIS,1,0,0,158,,,,,,,60.0,,,62.1,0,0,0,0,1,0,0,0,0
Jake Dixon,66733,T,DUQUESNE,10,0,0,155,,,72.8,,,,64.0,,,61.2,0,0,44,0,0,0,0,0,0
Jack Dawson,66746,DI,DUQUESNE,10,0,0,155,58.9,,73.9,,,,63.6,,,65.9,0,0,51,6,0,0,1,2,0
Jeran Proctor,66747,CB,DRAKE,9,1,0,153,59.6,,,,,,69.7,44.1,,75.6,0,0,0,19,16,0,2,38,2
Malik Lofton,66760,CB,S DAK ST,9,0,1,292,60.0,,,,,,43.3,,,27.5,0,1,0,26,0,2,0,3,0
Peyton Jones,66765,S,ILL STATE,10,0,0,188,60.0,,,,,,56.3,,,48.1,1,1,0,1,5,3,25,35,0
Zyon McCollum,66769,CB,SM HOUSTON,12,0,0,281,90.3,,,,,,91.1,,,78.9,0,0,0,46,0,3,47,9,3
Tristin McCollum,66771,S,SM HOUSTON,12,0,0,281,81.1,,,,,,84.9,,,80.0,0,0,0,39,0,3,22,7,0
Michael Tutsie,66775,S,N DAK ST,15,1,0,250,59.7,,,,,,74.0,,,76.2,0,0,0,28,76,1,37,13,5
Noah Larson,66776,LB,DRAKE,10,0,0,153,59.8,,,,,,70.1,,,78.1,0,0,0,14,3,35,3,47,2
Spencer DeMedal,66781,S,DUQUESNE,4,0,0,155,60.2,,,,,,69.3,,,69.3,0,0,0,11,15,1,0,9,1
Danzell Sims,66783,LB,SM HOUSTON,7,0,0,281,60.1,,,,,,61.9,,,64.9,0,0,0,5,0,1,2,5,0
Mason Hofstedt,66785,LB,N DAK ST,14,2,0,250,59.8,,,,,,71.8,,,75.8,2,0,0,31,68,9,16,17,4
Zeke Vandenburgh,66790,LB,ILL STATE,10,2,0,188,59.5,,,,,,58.9,,,29.9,0,1,0,36,1,20,64,16,1
Markel Perry,66793,ED,SM HOUSTON,11,0,0,281,60.1,,,,,,62.2,,,69.0,0,0,0,31,0,1,0,6,0
Jason Lewan,66795,DI,ILL STATE,7,0,0,188,58.8,,,,,,59.5,,,68.4,0,0,0,14,0,0,0,6,0
Noah Nicholson,66801,CB,RICHMOND,2,0,0,276,,,,,,,59.3,,,68.5,0,0,0,0,0,6,6,1,0
Dawson Weber,66802,S,N DAK ST,14,0,0,250,59.5,,,,,,54.2,,,29.6,0,2,0,28,32,28,0,11,0
Jaylen Thomas,66815,CB,SM HOUSTON,10,0,0,281,84.0,,,,,,88.8,,,71.5,0,0,0,28,0,1,0,8,0
Jacob Richard,66816,DI,DRAKE,6,0,0,153,58.8,,60.0,,,,62.4,,,66.6,0,0,2,14,0,0,14,0,1
Patrick Carr,66817,ED,N COLORADO,11,1,0,253,,,,,,,62.4,,,78.8,1,0,0,0,7,53,60,18,0
Tyler Dressler,66819,LB,RICHMOND,9,0,0,276,59.9,,,,,,63.5,,,66.7,0,0,0,34,0,0,0,16,0
Jackson Hankey,66849,LB,N DAK ST,13,0,0,250,60.2,,,,,,62.3,,,67.8,0,0,0,29,0,3,0,11,0
Will Kulick,66856,LB,DRAKE,9,0,0,153,59.6,,,,,,61.5,,,74.8,0,0,0,28,0,0,0,3,0
Lane Tucker,66857,DI,N DAK ST,14,0,0,250,58.4,,,,,,60.7,,,70.8,0,0,0,18,0,0,0,14,0
Xavier Ward,66860,DI,S DAK ST,6,0,0,292,59.3,,,,,,59.6,,,64.9,0,0,0,11,0,0,0,0,0
Krockett Krolikowski,66861,DI,S DAK ST,7,0,0,292,59.5,,,,,,59.7,,,63.8,0,0,0,10,0,0,0,0,0
Spencer Waege,66863,ED,N DAK ST,2,0,0,250,,,,,,,60.0,,,64.4,0,0,0,0,0,0,0,1,0
Logan McCormick,66866,ED,N DAK ST,15,0,0,250,58.8,,,,,,60.8,,,71.2,0,0,0,24,1,9,14,17,0
Max Johnson,66867,DI,DRAKE,9,0,0,153,58.3,,,,,,59.5,,,76.6,0,0,0,31,0,0,0,4,0
Caleb Brooks,66869,ED,RICHMOND,7,0,0,276,58.8,,,,,,62.9,,,67.6,0,0,0,15,0,0,40,14,1
Alex Rogers,66870,S,DRAKE,10,0,0,153,59.4,,,,,,73.5,,,77.6,0,0,0,37,23,0,0,13,5
Gavin Dineen,66882,DI,INDIANA ST,7,0,0,191,80.7,,,,,,89.8,,,66.2,0,0,0,26,0,0,0,0,0
Jacob Powell,66884,DI,ILL STATE,10,0,0,188,57.9,,,,,,58.4,,,70.9,0,0,0,32,0,0,0,10,0
Reece Winkelman,66886,ED,S DAK ST,12,0,0,292,58.9,,,,,,59.1,,,67.2,0,0,0,36,0,0,0,0,0
Moses Johnson,66890,T,SM HOUSTON,11,0,0,281,,,77.3,,,,66.4,,,75.4,0,0,68,0,0,0,0,0,0
Kobie Turner,66894,DI,RICHMOND,10,0,0,276,57.8,,,,,,60.3,,,72.7,0,0,0,39,0,0,56,23,0
Jake Reinholz,66896,HB,N DAK ST,15,0,0,250,,76.7,,,59.8,,63.8,,,76.3,2,0,80,0,72,0,0,0,1
Cameron Hearn,66897,P,SM HOUSTON,11,0,0,281,,60.0,,,74.7,,64.1,,56.1,78.9,0,0,1,0,78,0,7,0,1
Bradey Sorenson,66901,LS,S DAK ST,15,0,0,292,,,90.7,,,72.8,73.5,,,66.2,0,0,95,0,0,0,34,0,1
Ben Dinkel,66906,P,S DAK ST,4,0,0,292,,,,,,,60.7,,63.1,68.9,0,1,0,0,0,0,9,0,0
Jalen Fisher,70422,CB,BROWN,1,1,0,123,,,,,,,68.5,,,63.3,0,0,0,0,3,0,0,0,0
Chase Nenad,70591,WR,YALE,3,0,0,352,,,,,,,66.1,,,70.5,0,0,0,0,0,0,0,16,0
Zedakiah Centers,70657,WR,CAL POLY,4,0,0,129,,,,59.9,,,62.0,,,71.7,0,0,0,0,1,2,1,5,0
Calvin Pitcher,70877,S,IDAHO ST,11,0,0,186,60.1,,,61.8,,,62.6,,,80.5,1,1,0,11,32,58,62,39,3
Nehemiah Magalei,70950,DI,N ARIZONA,10,0,0,252,58.1,,,,,,57.7,,,65.5,0,0,0,18,0,0,0,0,0
Daseau Puffer,70959,WR,IDAHO,3,0,0,185,59.7,,60.0,,,,61.3,,,67.1,0,0,6,1,0,5,0,0,0
Jay McEuen,70985,TE,DIXIE,9,0,0,1285,,,60.0,,,,61.3,,,71.6,0,0,1,0,8,64,1,0,0
Ryan Suliafu,71141,C,MO STATE,12,0,0,230,,,78.6,,,,66.4,,,72.7,0,0,71,0,0,0,0,0,0
Jack Harlow,71164,T,MONTANA ST,7,0,0,233,,,72.0,,,,64.4,,,71.4,0,0,28,0,0,0,1,0,0
Calvin Mouisset,71165,LB,UC DAVIS,11,1,0,322,59.8,,,60.0,,,69.4,,,82.5,1,0,0,20,40,34,44,40,3
Quantraill Morris-Walker,71187,S,IDAHO ST,10,0,0,186,59.8,,,,,,61.0,60.0,,65.7,0,0,0,37,3,0,0,5,0
Jackson Cloyd,71301,ED,UC DAVIS,11,0,0,322,59.9,,,,,,66.0,,,30.5,0,1,0,28,16,25,50,24,3
Shakobe Harper,71331,HB,CAL POLY,1,0,0,129,,,,,,,65.7,,,63.6,0,0,0,0,1,0,0,0,1
Nate White,71374,LB,PENN,10,0,0,267,,,,,,,64.7,,,78.1,1,0,0,0,24,40,34,33,2
Cam Gardner,71385,WR,MONTANA ST,6,0,0,233,,,,56.5,,,61.3,29.0,,64.1,0,0,0,1,0,15,0,6,0
Hunter Keneley,71396,G,BROWN,1,0,0,123,,,60.0,,,,60.0,,,60.9,0,0,1,0,0,0,0,0,0
Devin Collins,71688,G,IDAHO ST,9,0,0,186,,,70.2,,,,54.4,,,27.9,0,1,30,0,0,0,0,0,0
Carson Paterson,71853,LB,DIXIE,2,0,0,1285,,,,,,,62.2,,,67.6,0,0,0,0,8,0,0,0,0
Sheldon Newton,71957,DI,N ARIZONA,10,0,0,252,58.4,,,,,,59.2,,,68.3,0,0,0,17,0,0,0,4,0
Josh Alford,72159,CB,IDAHO ST,9,0,0,186,59.3,,,,,,61.3,,,71.7,0,0,0,36,0,0,0,7,0
Cole Aubrey,72170,ED,PRINCETON,1,0,0,272,,,,,,,64.1,,,67.5,0,0,0,0,0,1,0,8,0
Kyle Floyd,72414,CB,DIXIE,6,0,0,1285,59.8,,,,,,67.1,,,75.1,0,0,0,17,12,7,22,12,2
Eric Zambrano,72424,CB,MONTANA ST,14,0,1,233,59.6,,,,,,64.1,,,74.0,0,1,0,35,18,0,0,15,0
Tyevin Ford,72434,HB,IDAHO ST,1,0,0,186,,,,,,,60.0,,,69.4,0,0,0,0,0,0,0,2,0
Jason Heller,72439,WR,W ILLINOIS,5,0,0,345,,,,,,,59.8,,,29.7,0,1,0,0,6,13,21,4,1
Myles Taylor,72533,CB,S DAK ST,1,0,0,292,60.0,,,,,,60.0,,,61.5,0,0,0,1,0,0,0,0,0
Nick Veloz,72813,LB,ELON,9,0,0,162,59.1,,,,,,65.2,,,71.4,0,0,0,15,8,3,0,4,1
Max Franco,72947,CB,VALPO,7,0,0,332,59.6,,,60.0,,,48.5,,,30.0,0,2,0,7,38,9,0,8,1
David Meyer,72980,LB,CAL POLY,11,1,0,129,60.0,,,,,,66.6,,,73.4,1,0,0,13,7,17,53,7,1
David Shinn,73034,C,DIXIE,2,0,0,1285,,,60.0,,,,61.4,,,66.3,0,0,4,0,0,0,0,0,0
Ben Seymour,73164,ED,MONTANA ST,7,0,0,233,59.0,,,,,,58.8,,,68.0,0,0,0,7,0,16,0,0,0
Tyreese Shakir,73488,S,PORTLAND,10,0,0,269,59.6,,,,,,64.8,,,76.0,0,0,0,25,16,51,29,14,2
Richie Pinomi,73589,T,GEORGETOWN,9,0,0,172,,,65.7,,,,62.2,,,66.9,0,0,20,0,0,0,47,0,0
Trent Whalen,73609,ED,SO UTAH,10,0,0,298,59.7,,,,,,51.9,,,29.1,3,1,0,9,37,12,11,10,1
Cory Hall,73699,DI,N ARIZONA,1,0,0,252,,,,,,,60.4,,,65.1,0,0,0,0,2,0,0,0,0
Rickie Johnson,73804,WR,DIXIE,11,1,0,1285,,,,,,,72.9,,,74.3,0,0,0,0,8,52,32,0,2
Devin Ford,74018,WR,WEBER ST,1,0,0,342,,,60.0,,,,60.1,,,66.1,0,0,2,0,0,0,0,0,0
James Eichler,74167,LB,WAGNER,1,0,0,338,,,60.0,,,68.5,61.5,,,61.4,0,0,3,0,0,0,0,0,0
Malakai Rango,74277,HB,IDAHO ST,5,0,0,186,,,,60.0,,,60.7,62.8,,65.5,0,0,0,0,0,1,0,16,0
Jalen Boston,74375,S,PORTLAND,2,0,0,269,,,,,,,63.6,,,68.2,0,0,0,0,8,0,0,5,0
AJ King,74426,TE,E KENTUCKY,1,0,0,159,,,60.0,,,66.0,60.0,,,60.8,0,0,1,0,0,0,0,0,0
Tafao Amataga,74588,DI,SO UTAH,2,0,0,298,59.3,,,,,,59.0,,,66.2,0,0,0,2,0,8,0,0,0
Fredrick Sturgis,75096,G,BUCKNELL,2,0,0,125,,,60.0,,,,60.0,,,66.6,0,0,4,0,0,0,1,0,0
Joe Toepfer,75110,LB,ST FRANCIS,3,0,0,299,60.1,,,,,,61.0,,,68.2,1,0,0,6,13,6,0,0,2
J.J. Ross,75240,CB,W ILLINOIS,11,0,0,345,59.5,,,,,,54.8,,,29.7,0,1,0,59,4,0,0,18,0
William Barber,75271,S,ROB MORRIS,9,1,0,277,59.9,,,,,,70.1,,,78.9,1,0,0,10,30,32,6,17,3
Aneesh Vyas,75285,DI,BUCKNELL,9,0,0,125,57.8,,63.0,,,,58.9,,,67.4,0,0,11,29,0,0,32,0,0
Daniel Ingram,75623,HB,ARKAPB,3,1,0,112,,,,,,,58.8,,,71.5,1,0,0,0,5,12,1,3,0
Brandon Lanier,75662,TE,AUSTINPEAY,9,0,0,116,,,72.5,,,,63.7,,,69.7,0,0,42,0,0,6,22,0,0
Logan Jackson,75697,CB,PRVIEW A&M,10,0,0,270,59.6,,,,,,62.7,,,74.7,0,0,0,27,0,3,1,19,0
Dajon Owens,75698,CB,STNY BROOK,11,1,0,303,59.4,,,,,,66.0,,,75.5,0,0,0,37,25,1,1,17,0
Malcolm Magee,75700,CB,ALCORN ST,10,0,0,107,59.7,,,,,,62.1,,,73.0,0,0,0,30,0,4,0,27,0
Leandro DeBrito,75709,S,DUQUESNE,10,0,0,155,59.5,,,,,,67.4,,,66.9,0,0,0,37,8,2,0,11,2
Tim Lowery,75711,CB,DUQUESNE,9,0,0,155,59.4,,,,,,55.1,,,72.9,0,0,0,28,14,0,0,12,0
Kyren Harris,75735,ED,PRVIEW A&M,6,0,0,270,59.2,,,,,,59.8,,,65.4,0,0,0,9,0,0,0,2,0
Donald Hall,75738,DI,FL A&M,4,0,0,164,58.9,,,,,,60.7,,,67.8,0,0,0,6,0,0,0,4,0
Maxi Hradecny,75747,DI,DUQUESNE,10,0,0,155,57.8,,,,,,58.5,,,70.8,0,0,0,36,0,0,0,10,0
Dennis Osagiede,75754,DI,STF AUSTIN,10,0,0,301,58.1,,,,,,58.4,,,66.8,0,0,0,23,0,0,0,3,0
John Graves III,75777,DI,SE LA,11,0,0,294,57.5,,,,,,56.8,,,68.0,0,0,0,38,0,0,0,3,0
Kobe Love,75780,DI,PRVIEW A&M,3,0,0,270,58.8,,,,,,58.8,,,63.0,0,0,0,3,0,0,0,0,0
Jason Dumas,75782,DI,PRVIEW A&M,10,0,0,270,57.7,,,,,,60.1,,,75.0,0,0,0,32,0,0,0,20,0
Kolbi Lewis,75783,G,PRVIEW A&M,11,0,0,270,,,76.1,,,,65.7,,,73.3,0,0,49,0,0,0,0,0,0
Adam Deese,75786,TE,NEW HAMP,6,0,0,240,,,66.8,59.6,,,53.2,,,28.5,0,1,19,0,11,26,0,11,0
Jahan Worth,75799,LB,DUQUESNE,10,0,0,155,59.8,,,,,,62.4,,,66.5,0,0,0,27,3,0,0,9,0
Anthony Dellovade,75801,LB,DUQUESNE,1,0,0,155,60.0,,,,,,61.6,,,68.2,0,0,0,2,0,8,0,1,0
Darian Green,75802,LB,IDAHO ST,10,0,0,186,59.8,,,,,,61.3,,,66.6,0,0,0,44,0,0,0,6,0
DePriest Taylor Jr.,75808,LB,PRVIEW A&M,2,0,0,270,,,,,,,63.0,,,67.5,0,0,0,0,12,0,0,0,0
Manase Time,75809,S,IDAHO ST,11,0,0,186,60.2,,,,,,61.8,,,66.2,0,0,0,37,2,0,0,3,0
Jacob Stanton,75815,LB,N COLORADO,11,0,0,253,59.5,,,,,,64.5,,,76.1,0,0,0,27,22,39,2,24,0
Ryan Johnson,75832,G,YNGTOWN ST,4,0,0,353,,,65.3,,,,62.8,,,67.8,0,0,14,0,0,0,0,0,0
Shawn Jones,75834,T,DUQUESNE,10,0,0,155,,,75.0,,,,65.4,,,72.9,0,0,53,0,0,0,0,0,0
Reis Mallory,75841,T,PRVIEW A&M,1,0,0,270,,,60.0,,,,60.3,,,65.4,0,0,2,0,0,0,0,0,0
Dejohn Jones,75876,T,W ILLINOIS,3,0,0,345,,,60.1,,,,60.9,,,69.6,0,0,8,0,0,0,1,0,0
Caleb Darbone,75878,P,PRVIEW A&M,11,0,0,270,,,60.0,,60.0,,50.5,,57.6,29.1,0,2,4,0,1,0,45,0,0
Brock Dieter,75880,QB,DUQUESNE,9,0,0,155,,,66.1,,,,62.0,,,61.1,0,0,47,0,0,0,0,0,0
Ky'ren Cunningham,75894,HB,DUQUESNE,1,0,0,155,,,,59.9,,,60.1,,,64.3,0,0,0,0,0,2,0,0,0
Naveon Mitchell,75900,WR,MO STATE,6,0,0,230,,,,,,,60.5,37.3,,67.1,0,0,0,0,0,1,2,24,0
Drake Cheatum,75906,S,PRVIEW A&M,11,0,0,270,59.7,,,,,,69.8,,,73.2,0,0,0,48,13,1,0,35,2
Willie Miles,75907,CB,PRVIEW A&M,1,0,0,270,,,,,,,60.9,,,67.7,0,0,0,0,2,0,0,1,0
Grant Miles,75918,TE,ABILENE CH,10,0,0,100,,,72.2,59.9,,,45.7,,,27.3,0,2,42,0,1,55,0,0,0
Kenyonta Skinner,75924,TE,W ILLINOIS,2,0,0,345,,,,,,,58.2,,,70.5,0,0,0,0,0,7,13,6,0
Xavier Johnson,75928,WR,PRVIEW A&M,3,0,0,270,,,,58.5,,,59.8,,,62.7,0,0,0,0,0,11,0,0,0
Chris Johnson,75929,WR,PRVIEW A&M,5,0,0,270,,,,,,,75.9,,,67.4,0,0,0,0,0,3,3,1,1
Jailon Howard,75933,WR,PRVIEW A&M,8,0,0,270,,,,56.9,,,64.7,,,88.1,0,0,0,0,1,28,0,0,0
Eric Rooks,75946,WR,E ILLINOIS,8,0,0,158,,,,,,,79.4,,,91.8,0,0,0,0,0,46,0,0,0
Desmond Calloway,76157,LS,PRVIEW A&M,11,1,0,270,,,34.3,,,36.1,54.2,,,66.7,5,0,49,0,0,0,45,0,3
John Sciarretti,76361,FB,DAYTON,3,0,0,150,,,,,,,61.3,,,72.1,0,0,0,0,0,12,7,0,0
Terrance Ellis,76465,TE,ALABAMA ST,10,0,0,105,,,71.5,,,,61.6,,,67.0,0,0,37,0,0,22,4,0,0
Damaje Yancey,76532,CB,SO UTAH,10,0,0,298,59.4,,,,,,61.6,,,70.5,0,0,0,29,19,0,0,2,0
Telly Plummer,76566,S,CHATTNOOGA,9,0,0,137,59.9,,,,,,63.0,,,42.5,0,1,0,2,44,0,20,20,5
Isaac Duffy,76575,CB,ALBANY,10,1,0,106,59.4,,,,,,61.6,,,76.2,1,0,0,47,16,0,16,38,1
Aaron Adu,76580,CB,W ILLINOIS,9,0,0,345,59.7,,,,,,68.8,,,76.8,1,0,0,5,20,8,6,33,2
Terry Keys III,76588,CB,TEXAS STHN,6,1,0,313,,,,,,,71.4,,,76.7,0,0,0,0,32,31,17,17,2
Johnathan Phenix,76590,CB,N ARIZONA,5,0,0,252,59.7,,,,,,62.1,,,70.7,0,0,0,5,7,0,6,9,0
Corione Harris,76600,CB,MCNEESE,10,0,0,217,60.2,,,,,,66.3,,,70.3,0,0,0,30,27,3,0,4,2
D'Juan Moore,76603,CB,DELAWARE,3,0,0,151,,,,,,,63.4,,,67.6,0,0,0,0,0,0,0,8,0
Jeremiah Salaam,76605,CB,IDAHO,8,0,0,185,59.7,,,,,,65.6,,,76.2,0,0,0,5,13,0,4,18,0
Gerald Smith,76617,CB,PRVIEW A&M,6,1,0,270,59.7,,,,,,67.9,,,72.6,0,0,0,9,20,15,0,13,1
Isaiah Bolden,76626,CB,JACKSON ST,12,0,0,194,59.9,,,92.9,,,56.9,45.9,,29.7,0,1,0,1,34,36,0,58,0
Aaron Gethers,76633,CB,W CAROLINA,2,0,0,344,59.7,,,,,,65.8,,,66.0,0,0,0,6,0,0,1,1,0
Peyton Woulard,76639,S,CAMPBELL,10,0,0,131,59.9,,,,,,73.4,,,80.1,0,0,0,34,7,6,0,7,0
Oneil Robinson,76704,S,RHODE ISLD,11,1,0,274,60.0,,,,,,70.6,,,77.6,0,0,0,29,2,2,39,38,1
Jaren Rainey,76715,S,HAMPTON,10,0,0,178,59.9,,,,,,66.8,,,77.5,0,0,0,39,0,0,0,24,0
Jae'Veyon Morton,76733,CB,MORGAN ST,10,0,0,235,59.3,,,59.9,,,61.4,62.1,,72.6,0,0,0,48,0,1,0,26,0
E.J. Thomas,76748,CB,ALCORN ST,9,1,0,107,59.6,,,59.9,,,64.2,,,76.5,0,0,0,9,17,22,36,21,2
Kmare Carey,76770,S,E KENTUCKY,11,0,0,159,59.9,,,,,,49.7,,,69.8,1,0,0,3,50,12,0,0,0
J.D. Harris,76774,CB,CHATTNOOGA,4,0,0,137,,,,,,,59.8,,,67.7,0,0,0,0,0,0,4,2,0
Jerodd Vines,76781,CB,N DAK ST,8,0,0,250,59.8,,,,,,74.5,,,74.1,0,0,0,3,30,0,0,23,3
Montrae Braswell,76783,CB,MO STATE,12,1,0,230,59.2,,,78.9,,,68.8,,,79.4,0,0,0,49,74,56,47,3,3
Randall Harris,76785,CB,NEW HAMP,11,0,0,240,59.3,,,,,,64.4,,,73.6,0,0,0,43,37,0,0,10,1
Jessie Malit,76802,ED,NC CENT,7,0,0,247,58.8,,70.4,,,,61.8,,,66.6,0,0,31,20,0,0,37,2,0
Joe Babros,76803,ED,MONTANA,8,0,1,232,58.1,,,,,,45.9,,,27.4,0,1,0,18,0,0,0,5,0
Antonio Colclough,76813,ED,JAMES MAD,2,0,0,197,59.7,,60.0,,,,60.2,,,61.6,0,0,2,1,0,0,0,0,0
Juan Monjarres,76823,ED,NICHOLLS,10,0,0,243,58.9,,,,,,61.2,,,67.8,0,0,0,19,0,0,0,10,0
Davon Wright,76825,DI,CENT ARK,11,0,0,132,58.5,,,,,,59.2,,,67.5,0,0,0,18,0,0,0,5,0
Tahj Brown,76828,DI,NICHOLLS,8,0,0,243,59.0,,,,,,60.6,,,67.9,0,0,0,16,0,0,0,5,0
Allen Love,76872,DI,MO STATE,9,0,0,230,57.9,,,,,,45.9,,,27.3,0,1,0,22,0,0,0,1,0
Will Andersen,76891,G,COLGATE,11,0,0,142,,,74.3,,,,63.8,,,68.0,0,0,35,0,0,0,51,0,0
Trey Love,76913,DI,NC A&T,4,0,0,246,90.6,,,,,,91.8,,,65.3,0,0,0,7,0,0,0,2,0
Daniel Carson,76925,DI,W ILLINOIS,6,0,0,345,57.9,,,,,,57.7,,,68.2,0,0,0,24,0,0,0,0,0
Michael Stuhldreer,76990,DI,CENT CT ST,11,0,0,133,58.3,,72.2,,,,60.9,,,69.3,0,0,26,28,0,0,0,7,0
Elijiah Brown,76994,DI,NC A&T,10,0,0,246,58.5,,71.7,,,,57.0,,,68.2,0,0,40,19,0,0,49,1,0
DeShondrick Foxworth,77026,DI,S ILLINOIS,5,0,0,295,58.5,,,,,,58.6,,,65.0,0,0,0,13,0,0,0,1,0
Brady Buell,77090,P,HOU BAPT,11,0,0,183,,,,,,,63.7,,66.4,76.2,0,1,0,0,0,0,73,0,0
Robert Hicks,77097,LB,TENN MARTN,9,0,0,310,59.5,,,,,,62.3,,,67.7,0,0,0,19,2,4,0,9,0
Evan Stewart,77104,LB,RHODE ISLD,11,0,0,274,60.3,,,,,,63.8,,,69.7,0,0,0,46,10,0,0,7,0
Bryce Shaw,77139,LB,NEW HAMP,11,0,0,240,60.4,,60.0,,,,36.1,,,75.7,2,0,5,35,3,0,60,10,1
Nyle Love,77157,LB,TENN STATE,3,0,0,308,,,,,,,63.3,,,70.7,0,0,0,0,7,0,21,0,1
Ja'Quay Pough,77240,LB,NWSTATE,5,0,0,257,58.6,,,,,,64.3,,,67.6,0,0,0,16,8,4,0,1,1
Isaiah Schoonmaker,77250,LB,DELAWARE,5,0,0,151,,,,,,,52.5,,,70.3,0,0,0,0,15,0,0,0,0
Grant Glennon,77281,LS,E KENTUCKY,2,0,0,159,,,67.5,,,71.1,63.6,,,62.1,0,0,9,0,0,0,0,0,0
Jamiran James,77313,DI,NICHOLLS,8,0,0,243,58.6,,,,,,59.5,,,69.3,0,0,0,14,0,0,0,5,0
Micah Bland,77334,DI,N ALABAMA,11,0,0,389,90.2,,60.0,,,,91.8,,,67.3,0,0,3,35,0,0,0,4,0
Orlando Heggs II,77347,G,FL A&M,12,0,0,164,,,77.4,,,,66.0,,,72.1,0,0,58,0,0,0,0,0,0
Zakk Mckeehan,77360,G,NICHOLLS,11,0,0,243,,,75.0,,,,64.0,,,66.2,0,0,57,0,0,0,34,0,0
Joe Kane,77368,ED,ELON,1,0,0,162,59.6,,,,,,59.8,,,62.0,0,0,0,1,0,0,0,0,0
Louis Mihota,77371,G,ST FRANCIS,3,0,0,299,,,63.4,,,,47.1,,,25.8,0,1,8,0,0,0,0,0,0
Jason Swann,77425,G,WOFFORD,1,0,0,350,,,60.2,,,,61.6,,,64.2,0,0,5,0,0,0,0,0,0
Prince Pines,77449,G,SM HOUSTON,12,0,0,281,,,79.2,,,,66.7,,,74.4,0,0,74,0,0,0,0,0,0
Truett Knox,77453,G,ABILENE CH,1,0,0,100,,,60.0,,,,60.0,,,63.4,0,0,1,0,0,0,0,0,0
Jakob Sell,77460,C,NWSTATE,11,0,0,257,,,71.8,,,,64.3,,,66.8,0,0,39,0,0,0,0,0,0
Samari Saddler,77528,C,W CAROLINA,7,0,0,344,,,74.0,,,,64.9,,,71.3,0,0,37,0,0,0,0,0,0
Romello Tarver,77534,T,MCNEESE,2,0,0,217,,,60.0,,,,61.6,,,65.2,0,0,6,0,0,0,0,0,0
Jacob Farrell,77543,T,STF AUSTIN,12,0,0,301,,,76.7,,,,66.0,,,75.0,0,0,71,0,0,0,0,0,0
Eric Bentley,77551,DI,AUSTINPEAY,8,0,0,116,58.5,,,,,,58.3,,,65.5,0,0,0,19,0,0,0,0,0
Tony Brown,77565,LB,ROB MORRIS,10,1,0,277,59.9,,,,,,56.6,,,47.5,1,2,0,17,39,27,0,25,5
Alec Long,77567,LB,MURRAY ST,7,0,0,236,60.0,,,,,,66.6,,,75.2,0,0,0,9,1,9,29,18,1
Mackenzie Morgan,77587,P,WEBER ST,11,0,0,342,,,66.4,,59.8,,63.4,,73.0,72.4,0,0,51,0,1,0,51,0,1
Preston Weeks,77658,QB,STF AUSTIN,1,0,0,301,,,,,,,61.5,,,69.2,0,0,0,0,3,3,0,0,0
Mychale Salahuddin,77702,S,NC A&T,9,1,0,246,59.6,,,55.5,,,66.3,,,75.9,0,0,0,10,34,43,0,27,1
Greg Williams,77738,HB,JACKSON ST,4,0,0,194,,,,,,,67.6,,,74.4,0,0,0,0,2,0,0,18,0
Dante Black,77746,HB,RICHMOND,6,0,0,276,,,,,,,54.8,,,29.3,0,1,0,0,0,25,0,30,0
Lavarey Banton,77748,HB,ALBANY,1,0,0,106,,,,,,,60.5,,,66.8,0,0,0,0,0,4,0,0,0
Keyondre White,77808,HB,HAMPTON,3,0,0,178,,,,,,,59.1,,,67.5,0,0,0,0,0,16,0,0,0
Trenell Troutman,77810,S,ALAB A&M,6,0,0,104,60.0,,,,,,58.8,,,29.3,0,1,0,28,14,7,0,7,1
Caleb Sutherland,77858,S,BETH COOK,11,1,0,119,59.9,,,,,,62.7,,,79.0,1,1,0,54,32,64,6,30,1
Dax Neece,77959,WR,ABILENE CH,6,0,0,100,,,,,,,61.9,,,74.1,0,0,0,0,0,29,0,0,0
Marcus Riley,77967,WR,BETH COOK,1,0,0,119,,,,,,,60.0,27.3,,63.3,0,0,0,0,0,0,0,3,0
Riah Burton,78003,CB,DELAWARE,2,0,0,151,,,,,,,62.8,,,68.4,0,0,0,0,0,0,0,7,0
Darryle Simmons,78009,WR,STF AUSTIN,1,0,0,301,,,,,,,29.9,,,24.3,0,1,0,0,0,3,0,0,0
Travis Hines,78034,WR,MS VLY ST,5,0,0,228,,,,,,,61.2,,,71.6,0,0,0,0,0,21,0,0,0
Ty Scott,78042,WR,MO STATE,9,1,0,230,59.8,,,59.9,,,55.2,,,77.5,0,0,0,1,23,9,0,38,1
Marquez Perez,78053,WR,INCAR WORD,3,0,0,189,,,,60.0,,,61.5,,,65.2,0,0,0,0,9,3,0,0,0
Jordan Brooks-Wess,78061,WR,ABILENE CH,10,0,0,100,,,,59.4,,,61.0,67.9,,68.2,0,0,0,1,0,11,0,38,0
Jorien Vallien,78064,WR,SOUTHERN U,1,0,0,297,,,,,,,60.0,,,65.5,0,0,0,0,0,1,0,0,0
Juan Moody,78080,WR,SCAR STATE,11,0,0,290,,,,61.6,,,59.7,72.3,,68.8,0,0,0,0,0,47,0,55,0
Jonathan Johnson,78081,WR,RICHMOND,3,0,0,276,,,,,,,63.6,,,72.9,0,0,0,0,0,11,11,3,1
Randy Fields Jr.,78120,WR,TENN MARTN,4,0,0,310,,,,,,,60.5,,,66.7,0,0,0,0,2,3,0,0,0
Wykeen Gill,78139,WR,DUQUESNE,9,0,0,155,,,,67.0,,,60.8,63.3,,67.2,0,0,0,0,2,19,0,22,0
Rodell Rahmaan,78156,TE,TENN STATE,8,1,0,308,,,,,,,79.9,,,30.0,0,1,0,0,24,47,32,18,3
Fotis Kokosioulis,78174,WR,FORDHAM,11,0,0,168,,,,56.7,,,60.9,62.3,,66.0,0,0,0,0,0,64,0,21,0
Jyran Mitchell,78175,WR,E KENTUCKY,8,0,0,159,,,,,,,66.5,,,73.3,0,0,0,0,38,38,0,0,1
Shane Hooks,78198,WR,JACKSON ST,1,0,0,194,,,,,,,60.0,,,62.8,0,0,0,0,1,0,0,0,0
Michael Shanahan,78230,T,TENN MARTN,13,0,0,310,,,76.3,,,,58.2,,,28.7,0,1,66,0,0,0,0,0,0
Matt Olson,78233,T,KENNESAW,9,0,0,200,,,74.0,,,,64.6,,,64.8,0,0,51,0,0,0,0,0,0
Shiloh Ta'ase,78241,G,PORTLAND,9,0,0,269,,,72.9,,,,60.4,,,74.7,1,0,40,0,0,0,29,0,1
Lawrence Lagrone,78245,G,NC A&T,9,0,0,246,,,74.7,,,,64.7,,,64.6,0,0,37,0,0,0,0,0,0
Landon Bebee,78247,T,MO STATE,6,0,0,230,,,72.0,,,,64.4,,,71.5,0,0,34,0,0,0,0,0,0
Terrell Paxton,78267,G,KENNESAW,1,0,0,200,,,61.5,,,,62.0,,,67.2,0,0,6,0,0,0,0,0,0
Brandon Tucker,78273,DI,SCAR STATE,9,0,0,290,58.1,,,,,,58.7,,,73.6,0,0,0,22,0,0,0,1,0
Jaylin Hendrix,78274,G,CENT ARK,10,0,0,132,,,77.4,,,,64.1,,,64.8,0,0,52,0,0,0,3,0,0
James Petrovcik,78275,G,VILLANOVA,10,0,0,334,,,72.1,,,,64.6,,,73.1,0,0,37,0,0,0,0,0,0
Chris Chernak Jr.,78276,T,GRAMBLING,10,0,0,177,,,72.0,,,,64.4,,,70.2,0,0,36,0,0,0,0,0,0
Trevor Reinwald,78278,TE,N ARIZONA,11,0,0,252,,,74.6,,,,65.6,,,74.5,0,0,50,0,0,0,0,0,0
George Barrera,78279,T,WEBER ST,9,0,0,342,,,70.5,,,,63.8,,,66.4,0,0,33,0,0,0,0,0,0
Meleke Tauteoli,78281,G,WEBER ST,11,0,0,342,,,76.8,,,,65.8,,,72.3,0,0,54,0,0,0,0,0,0
Babak Ghadaksaz,78283,C,N DAKOTA,10,0,0,249,,,73.9,,,,65.0,,,72.5,0,0,45,0,0,0,0,0,0
Jake Parks,78284,G,UC DAVIS,3,0,0,322,,,60.0,,,,61.0,,,61.8,0,0,3,0,0,0,0,0,0
Nate Korte,78285,T,SE MO ST,1,0,0,293,,,,,,,60.0,,,63.3,0,0,0,0,0,0,0,0,0
Zion Katina,78289,G,KENNESAW,9,0,0,200,,,72.4,,,,64.1,,,66.2,0,0,44,0,0,0,1,0,0
Zach Bevins,78299,G,ELON,9,0,0,162,,,76.0,,,,65.6,,,73.1,0,0,48,0,0,0,0,0,0
Ayden Jilson,78302,G,VA MILT IN,11,0,0,336,,,75.1,,,,64.7,,,70.1,0,0,58,0,0,0,1,0,0
Bucky Williams,78305,T,AUSTINPEAY,11,0,0,116,,,67.8,,,,61.3,,,68.5,0,0,16,0,0,0,58,0,0
Nick Hartnett,78319,C,VA MILT IN,2,0,0,336,,,62.5,,,,60.9,,,67.7,0,0,7,0,0,0,1,0,0
Isaac Erbes,78321,G,S DAKOTA,12,0,0,291,,,21.8,,,,38.2,,,67.5,0,0,53,0,0,0,0,0,0
Kian Rexroat-Potts,78325,C,S DAKOTA,1,0,0,291,,,60.0,,,,60.5,,,64.8,0,0,2,0,0,0,0,0,0
Mason McCormick,78326,G,S DAK ST,15,0,0,292,,,80.7,,,,67.4,,,75.7,0,0,89,0,0,0,0,0,0
Khalil Corbett-Canada,78329,T,NWSTATE,4,0,0,257,,,66.0,,,,62.8,,,67.2,0,0,13,0,0,0,0,0,0
Matthew Mazza,78330,T,VILLANOVA,1,0,0,334,,,60.0,,,,60.0,,,61.6,0,0,1,0,0,0,0,0,0
Brendon Kelley,78335,DI,SE LA,10,0,0,294,57.7,,71.8,,,,59.7,,,67.9,0,0,40,31,0,0,0,2,0
Garrick Breaux,78336,G,SOUTHERN U,7,0,0,297,,,70.4,,,,63.3,,,64.1,0,0,34,0,0,0,10,0,0
Michael Corbi,78337,G,VILLANOVA,10,0,0,334,,,77.6,,,,65.4,,,64.3,0,0,53,0,0,0,6,0,0
Ian Bass,78340,T,S DAK ST,5,0,0,292,60.0,,60.0,,,,57.2,,,66.7,0,0,4,1,0,0,14,0,0
Trevor Szilagyi,78343,G,WEBER ST,4,0,0,342,,,66.8,,,,62.8,,,62.8,0,0,12,0,0,0,0,0,0
Marshall Gill,78354,T,VA MILT IN,2,0,0,336,,,,,,,60.0,,,64.5,0,0,0,0,0,0,2,0,0
Ja'Cobey Lee,78356,C,NICHOLLS,8,0,0,243,,,63.0,,,,61.8,,,69.4,0,0,12,0,0,12,22,0,0
Garret Greenfield,78360,T,S DAK ST,6,0,0,292,,,68.7,,,,63.4,,,63.5,0,0,28,0,0,0,0,0,0
Malik Banks,78364,T,UC DAVIS,6,0,0,322,,,68.2,,,,64.1,,,73.0,0,0,23,0,0,0,0,0,0
Mohab Omer,78366,T,ALBANY,9,0,0,106,,,70.0,,,,63.7,,,63.3,0,0,33,0,0,0,0,0,0
Jacob Peace,78371,G,VA MILT IN,11,0,0,336,,,77.1,,,,59.3,,,28.8,0,1,58,0,0,0,2,0,0
Joe Albrecht,78372,T,UC DAVIS,12,0,0,322,,,75.4,,,,64.8,,,63.8,0,0,60,0,0,0,0,0,0
Tristan Love,78379,G,KENNESAW,11,0,0,200,,,77.2,,,,66.1,,,73.7,0,0,57,0,0,0,0,0,0
Jordan Ford,78380,G,UC DAVIS,1,0,0,322,,,,,,,60.0,,,63.3,0,0,0,0,0,0,0,0,0
Kyle Smith,78382,T,JAMES MAD,3,0,0,197,,,70.5,,,,64.0,,,70.0,0,0,26,0,0,0,0,0,0
Kobe Thomas,78391,C,ALBANY,1,0,0,106,,,60.0,,,,61.2,,,65.8,0,0,4,0,0,0,0,0,0
Reis Spicer,78395,T,CENT CT ST,9,0,0,133,,,71.2,,,,64.0,,,67.0,0,0,35,0,0,0,0,0,0
Mason Schloop,78396,G,CENT CT ST,11,0,0,133,,,75.3,,,,65.3,,,70.6,0,0,44,0,0,0,0,0,0
Dawson Kier,78402,T,INCAR WORD,1,0,0,189,,,60.0,,,,60.0,,,64.5,0,0,1,0,0,0,0,0,0
Nick Kidwell,78403,T,JAMES MAD,13,0,0,197,,,81.5,,,,66.9,,,65.6,0,0,89,0,0,0,0,0,0
Oliver Jervis,78404,T,MONMOUTH,8,0,0,231,,,76.0,,,,65.6,,,73.0,0,0,48,0,0,0,0,0,0
Tyler Williams,78405,G,MONMOUTH,8,0,0,231,,,71.1,,,,63.9,,,63.4,0,0,37,0,0,0,0,0,0
Greg Anderson,78406,T,MONMOUTH,11,0,0,231,,,77.8,,,,65.6,,,64.4,0,0,55,0,0,0,0,0,0
Will Christopher,78413,G,SE MO ST,11,0,0,293,,,76.3,,,,65.5,,,70.1,0,0,58,0,0,0,0,0,0
Larry Ross Jr.,78416,T,STNY BROOK,4,0,0,303,,,60.0,,,,61.7,,,65.2,0,0,7,0,0,0,0,0,0
Nick Torres,78417,T,VILLANOVA,2,0,0,334,,,60.0,,,,60.3,,,61.5,0,0,1,0,0,0,1,0,0
Noah Atagi,78419,T,WEBER ST,2,0,0,342,,,60.0,,,,60.0,,,63.3,0,0,1,0,0,0,0,0,0
Kelcy Allen,78420,ED,KENNESAW,6,0,0,200,59.6,,,,,,61.2,,,65.7,0,0,0,9,0,0,0,4,0
Noah Washington,78428,ED,CENT CT ST,11,0,0,133,58.6,,72.8,57.5,,,63.1,,,74.3,0,0,44,35,0,51,58,10,0
Brian Williams,78430,G,SOUTHERN U,10,0,0,297,,,75.5,,,,65.5,,,73.3,0,0,45,0,0,0,0,0,0
Anderson Tomlin,78431,T,FURMAN,11,0,0,170,,,74.1,,,,64.5,,,64.0,0,0,52,0,0,0,0,0,0
Ja'Tyre Carter,78432,T,SOUTHERN U,10,0,0,297,59.6,,72.3,,,,56.2,,,28.7,0,1,45,1,0,0,1,0,0
Mike Rivers,78436,P,NC A&T,10,0,0,246,,,15.7,,,,29.2,,69.2,29.6,0,2,40,0,0,0,49,0,0
Mitchell Wright,78445,P,STNY BROOK,11,0,0,303,,,65.2,,52.6,,63.5,,61.8,74.2,0,0,37,0,5,0,60,0,0
Ryan Kost,78448,P,MONMOUTH,11,0,0,231,,,63.5,,,,62.8,,58.8,72.0,0,0,23,0,0,0,40,0,0
Bryce Lawrence,78457,TE,MERCER,1,0,0,219,,,,,,,60.5,,,63.1,0,0,0,0,2,0,0,0,0
Kylan Weisser,78475,QB,WEBER ST,2,0,0,342,,,60.0,,,,60.3,,,60.5,0,0,4,0,0,0,0,0,0
Quincy Hill,78485,QB,SCAR STATE,11,0,0,290,,,46.0,,,,55.6,,,61.1,0,0,44,0,0,0,0,0,0
Hunter Rodrigues,78490,QB,UC DAVIS,1,0,0,322,,,60.0,,,,60.0,,,60.2,0,0,1,0,0,0,0,0,0
Luke Shiflett,78497,WR,FURMAN,11,1,0,170,,,,59.9,,,63.0,,,73.5,0,0,0,0,0,49,44,3,0
Jemichael Jones,78499,QB,HOWARD,3,0,0,184,,,,58.0,,,69.3,,,65.0,0,0,0,0,0,23,0,0,0
Sean Holland,78523,QB,FORDHAM,11,0,0,168,,,66.8,,,,62.2,,,61.2,0,0,57,0,0,0,0,0,0
Caleb O'Neal,78524,WR,KENNESAW,13,0,0,200,,,75.8,,,,67.3,,,64.5,0,0,65,0,2,4,0,0,1
Patrick Maddox,78525,QB,SE MO ST,11,1,0,293,,,,,,,76.9,,,82.8,0,0,0,0,61,64,0,39,6
Ladarius Skelton,78528,QB,SOUTHERN U,3,0,0,297,,,,61.1,,,58.9,,,63.3,0,0,0,0,0,22,0,0,0
Max Smyth,78534,QB,MONMOUTH,7,0,0,231,,,64.7,,,,61.7,,,61.0,0,0,32,0,0,0,0,0,0
Jerad Toman,78538,WR,PORTLAND,1,0,0,269,,,,,,,61.5,,,69.0,0,0,0,0,6,0,0,0,0
Corey Fields Jr.,78539,QB,SCAR STATE,1,0,0,290,,,,,,,60.2,,,65.2,0,0,0,0,0,2,0,0,0
Antonio Cortez Feria,78544,HB,FORDHAM,11,0,0,168,,,,,,,62.4,,,75.4,0,1,0,0,40,46,5,29,2
Adeolu Adeleke,78545,HB,KENNESAW,5,0,0,200,,,,57.4,,,62.0,,,70.3,0,0,0,0,5,14,5,9,0
Devin Abrams,78553,HB,FURMAN,8,0,0,170,,,,59.6,,,61.8,,,73.6,0,0,0,0,22,22,0,5,1
Aaron Thompson,78563,HB,BETH COOK,1,0,0,119,,,,,,,60.0,,,66.0,0,0,0,0,0,0,0,1,0
Jaylan Thomas,78569,HB,ELON,2,0,0,162,,,,,,,60.3,,,66.5,0,0,0,0,0,2,0,0,0
Andrew Cunningham,78571,HB,MO STATE,1,0,0,230,,,,,,,59.8,,,61.6,0,0,0,0,0,2,0,0,0
Solomon Vanhorse,78573,HB,JAMES MAD,11,0,0,197,,,,85.2,,,62.3,,,71.2,0,0,0,0,2,41,2,17,0
Cole Gilley,78576,HB,KENNESAW,1,0,0,200,,,,,,,62.7,,,71.4,0,0,0,0,8,0,0,0,0
Ty Son Lawton,78578,HB,STNY BROOK,1,0,0,303,,,,,,,60.7,,,64.6,0,0,0,0,0,4,0,0,0
Rob McKnight,78582,HB,ABILENE CH,3,0,1,100,,,,,,,55.3,,,29.0,0,1,0,0,19,9,6,3,0
Zion Custis,78584,HB,SE MO ST,2,0,0,293,,,,67.2,,,43.1,61.4,,63.5,0,0,0,0,0,15,0,3,0
Korey Bridy,78586,HB,VA MILT IN,8,0,0,336,,,,67.5,,,59.1,,,64.5,0,0,0,0,0,51,0,0,0
Jacob Mpungi,78587,CB,N ARIZONA,4,0,0,252,59.6,,,,,,74.4,,,73.1,0,0,0,13,0,1,4,18,2
Juwon Farri,78597,HB,MONMOUTH,1,0,0,231,,,,,,,61.0,,,66.9,0,0,0,0,4,0,0,0,0
Cameron Myers,78599,HB,CENT ARK,4,0,0,132,,,,58.7,,,58.3,,,65.1,0,0,0,0,0,16,1,0,0
Jacory Benson,78604,HB,SCAR STATE,3,0,0,290,,,,,,,60.2,,,67.8,0,0,0,0,0,9,0,2,0
Joshua Garvin,78617,HB,ALBANY,6,0,0,106,,,,,,,58.3,,,67.4,0,0,0,0,2,26,0,0,0
Trever Facey,78636,HB,UC DAVIS,3,0,0,322,,,,,,,60.5,,,71.1,0,0,0,0,0,0,0,17,0
Gary Quarles,78641,HB,ALAB A&M,5,0,0,104,60.0,,,60.0,,,54.3,,,65.7,0,0,0,1,0,3,4,0,0
Kenyata Huston,78645,HB,CENT CT ST,9,0,0,133,59.8,,,,,,46.6,,,28.4,1,2,0,3,0,7,44,20,1
Thomas Bertrand-Hudon,78646,HB,DELWARE ST,2,0,0,152,,,,,,,59.2,,,66.4,0,0,0,0,0,9,0,0,0
Michael Chris-Ike,78647,HB,DELWARE ST,3,0,0,152,,,,58.7,,,59.8,,,62.5,0,0,0,0,0,8,0,0,0
Joseph Stuckey,78662,LB,NC A&T,10,0,0,246,59.7,,,,,,63.1,60.3,,74.8,0,0,0,35,5,0,16,27,0
Kordell Caldwell,78666,S,SOUTHERN U,10,1,0,297,59.8,,,,,,66.8,,,79.7,0,0,0,2,44,62,44,15,2
Bryce Dewberry,78670,S,E ILLINOIS,10,0,0,158,60.1,,,,,,63.1,,,73.9,0,0,0,35,4,5,0,15,0
Jonathan Struggs,78674,S,ALAB A&M,6,0,0,104,59.9,,,,,,57.1,,,67.4,1,0,0,20,27,0,0,2,2
Brandon Floyd,78675,LB,NWSTATE,2,0,0,257,60.0,,,,,,60.0,,,62.8,0,0,0,1,0,0,0,1,0
Xavier Lodge,78678,S,GRAMBLING,10,1,0,177,59.9,,,,,,62.8,,,77.6,0,0,0,6,9,0,66,33,1
Keenan Leachman,78679,S,NWSTATE,9,0,0,257,59.5,,,,,,59.6,,,67.3,0,0,0,42,5,2,8,7,0
Cedric Anderson,78680,CB,NWSTATE,11,1,0,257,59.3,,,,,,64.1,,,78.5,0,0,0,38,11,54,1,40,0
David Joseph,78682,S,PORTLAND,10,0,0,269,59.9,,,,,,61.0,,,72.7,1,0,0,18,35,0,34,3,2
Heath Beemiller,78687,WR,N ARIZONA,9,0,0,252,,,,,,,60.1,,,74.4,0,0,0,0,9,51,5,29,0
Spencer Niutupuivaha,78692,S,WEBER ST,11,0,0,342,60.0,,,,,,72.2,,,77.5,0,0,0,1,64,0,16,17,2
Que Reid,78694,S,JAMES MAD,6,0,0,197,60.0,,,,,,64.5,,,72.8,0,0,0,12,5,0,22,13,1
Michael Griffin II,78701,S,S DAK ST,13,0,0,292,60.4,,,,,,61.9,,,77.4,0,0,0,35,0,28,0,0,0
Chris Chukwuneke,78703,CB,JAMES MAD,11,1,0,197,60.2,,,,,,62.1,,,45.7,1,1,0,25,67,11,9,14,3
Cejai Parrish,78704,S,N ARIZONA,8,0,0,252,60.0,,,,,,65.5,,,73.6,0,0,0,21,25,22,24,19,2
Ryan Lesch,78708,S,PORTLAND,3,0,0,269,60.6,,,,,,67.5,,,68.7,0,0,0,14,10,0,0,2,1
Bryon Broussard,78712,S,TARLETON,11,0,0,401,59.7,,,59.4,,,64.9,62.3,,75.0,0,0,0,10,52,12,20,32,0
Dae'one Wilkins,78720,LB,FURMAN,7,1,0,170,60.2,,,,,,68.8,,,74.5,0,0,0,24,0,0,22,8,1
Ryan Mazurek,78724,TE,S DAKOTA,3,0,0,291,,,61.6,,,,60.9,,,64.9,0,0,9,0,0,6,0,0,0
Ryan Miller,78734,TE,FURMAN,2,0,0,170,,,,,,,61.3,,,65.1,0,0,0,0,4,2,0,0,0
Deprince Haynes,78737,TE,SCAR STATE,2,0,0,290,,,,,,,59.2,,,66.4,0,0,0,0,0,9,0,0,0
Charlie Gilroy,78743,TE,VILLANOVA,13,0,0,334,,,76.9,,,,66.4,,,76.5,0,0,64,0,0,0,0,0,0
Austin Eldridge,78746,TE,CENT ARK,11,0,0,132,,,,,,,63.9,,,71.2,0,0,0,0,0,63,48,0,0
Zach Heins,78750,TE,S DAK ST,15,0,0,292,,,79.8,,,,67.4,,,79.7,0,0,88,0,0,4,0,0,0
Isaiah Givens,78752,S,STNY BROOK,8,0,0,303,60.1,,,,,,57.8,,,52.3,2,1,0,4,36,22,39,28,3
Jon Tobin,78753,TE,VA MILT IN,11,0,0,336,,,75.6,,,,57.4,,,28.9,0,2,58,0,3,68,43,25,1
Tanner Olsen,78755,TE,SE LA,1,0,0,294,,,,,,,60.0,,,62.9,0,0,0,0,0,2,0,0,0
Dallin Jamison,78756,TE,WEBER ST,1,0,0,342,,,,,,,60.1,,,65.5,0,0,0,0,0,3,0,0,0
Caleb Strauss,78761,TE,SE MO ST,10,0,0,293,,,74.1,,,,62.7,,,69.0,0,0,52,0,0,53,16,0,0
Justin Marcus,78763,TE,MONMOUTH,10,0,0,231,,,73.9,59.9,,,64.6,,,71.4,1,0,49,0,0,51,21,0,1
Ian Renninger,78764,TE,ALBANY,9,0,0,106,,,70.2,,,,55.7,,,68.3,0,0,30,0,0,48,25,0,0
Gene Scott,78769,TE,MONMOUTH,11,1,0,231,,,75.5,,,,56.4,,,78.5,3,0,54,0,0,7,42,0,1
Codi Willis,78770,TE,NICHOLLS,3,0,0,243,,,,,,,59.8,,,66.9,0,0,0,0,1,2,4,0,0
Thomas Greaney,78771,TE,ALBANY,9,0,0,106,,,69.8,59.6,,,60.5,,,71.2,0,0,29,0,0,44,5,0,0
Vincent Dyer,78772,TE,CENT CT ST,1,0,0,133,,,,,,,60.1,,,64.0,0,0,0,0,0,3,0,0,0
Nathan Stoffel,78775,ED,S DAKOTA,2,0,0,291,,,60.0,,,,61.6,,,67.0,0,0,6,0,0,0,0,0,0
Garren O'Keefe,78777,TE,UC DAVIS,12,0,0,322,60.0,,,,,,66.6,,,67.9,0,0,0,1,0,7,54,0,1
Terrance Greene Jr.,78779,WR,MONMOUTH,5,0,0,231,,,,,,,73.3,64.9,,67.5,0,0,0,0,2,5,0,6,0
Curtis Williams,78785,HB,NWSTATE,1,0,0,257,,,,,,,63.5,,,73.6,0,0,0,0,5,0,9,9,0
Devin Morrison,78793,WR,INCAR WORD,2,0,0,189,,,,,,,60.1,,,67.7,0,0,0,0,0,9,0,0,0
Jay Parker,78795,WR,AUSTINPEAY,2,0,0,116,,,,58.1,,,59.8,,,62.8,0,0,0,0,0,12,0,0,0
Jaelin Campbell,78797,WR,INCAR WORD,3,0,0,189,,,,,,,55.1,,,69.3,1,0,0,0,15,0,0,1,0
Chase Abshier,78799,HB,FURMAN,7,0,0,170,,,,,,,63.5,,,71.5,0,0,0,0,0,28,0,12,0
DeWayne Cooks Jr,78806,WR,E ILLINOIS,3,0,0,158,,,,,,,63.6,,,68.1,0,0,0,0,0,0,0,11,0
Zach Peterson,78807,WR,FURMAN,2,0,0,170,,,,,,,62.8,,,70.9,0,0,0,0,0,2,0,4,0
Will Haigler,78808,WR,KENNESAW,7,0,0,200,,,,,,,61.8,,,68.9,0,0,0,0,2,19,0,9,0
Wesley Eliodor,78814,WR,S DAKOTA,12,0,0,291,,,,77.4,,,60.1,,,65.5,0,0,0,0,0,52,1,2,0
Terrell Gardner,78816,WR,ALAB A&M,7,0,0,104,,,,66.9,,,56.8,,,29.2,0,1,0,0,14,37,4,3,2
Damoriea Vick,78821,WR,MO STATE,4,0,0,230,,,,,,,65.2,,,73.9,0,0,0,0,0,19,0,22,0
Joshua Matthews,78823,WR,MCNEESE,7,0,0,217,59.8,,,59.9,,,60.9,,,66.2,0,0,0,2,4,3,0,0,0
Dejuan Bell,78828,WR,FURMAN,10,0,0,170,,,,58.8,,,61.3,61.7,,67.2,0,0,0,0,0,21,0,44,0
Zack Dobson,78831,WR,TENN STATE,7,0,0,308,,,,69.1,,,60.6,49.9,,65.5,0,0,0,0,0,18,2,20,0
Bryson Daughtry,78832,WR,ELON,7,0,0,162,,,,,,,46.8,62.2,,27.8,0,1,0,0,5,6,4,25,1
Jake Christman,78834,HB,ELON,10,0,0,162,,,,,,,69.6,,,75.1,1,0,0,0,35,46,0,16,7
Deray Lawrence,78843,WR,TENN MARTN,8,0,0,310,,,,,,,62.7,,,68.7,0,0,0,0,0,0,0,13,0
Coby McGee,78855,WR,NWSTATE,3,0,0,257,,,,,,,61.7,,,72.9,0,0,0,0,7,1,8,4,0
DJ Powell,78859,WR,BETH COOK,1,0,0,119,,,,,,,60.3,,,63.7,0,0,0,0,2,0,0,0,0
Trenten Jackson,78860,WR,BETH COOK,1,0,0,119,,,,,,,60.0,,,63.4,0,0,0,0,1,0,0,0,0
Justin Poerio,78862,WR,UC DAVIS,7,0,0,322,,,,,,,72.2,,,81.0,0,0,0,0,43,33,0,20,0
Jiovany Pierre,78864,WR,CENT CT ST,4,0,0,133,,,,55.5,,,57.6,,,65.9,0,0,0,0,1,28,0,0,0
Oscar Gonzalez,78872,WR,KENNESAW,10,0,0,200,,,74.5,,,,63.7,,,68.5,0,0,53,0,0,9,3,0,0
Brian Jenkins Jr.,78875,WR,ALAB A&M,4,0,0,104,59.9,,,59.0,,,59.2,43.5,,67.3,0,0,0,1,0,12,1,14,0
Devin Ravenel,78883,WR,JAMES MAD,10,0,0,197,,,,,,,60.5,,,69.3,0,0,0,0,0,39,4,0,0
Tyler Oedekoven,78884,WR,ALBANY,8,0,0,106,,,,59.9,,,61.2,68.1,,66.7,0,0,0,0,0,1,0,33,0
Dan Cirino,78892,HB,VILLANOVA,8,0,0,334,,,,,,,70.9,,,90.2,0,0,0,0,10,4,0,36,0
Michael Jackson,78894,WR,VA MILT IN,9,0,0,336,,,,,,,60.3,,,73.1,0,0,0,0,1,52,1,0,0
Jackson Parham,78902,WR,ELON,10,0,0,162,,,,59.9,,,64.0,,,78.0,0,0,0,0,0,45,47,0,1
Kobe Hartman,78910,WR,SOUTHERN U,7,0,0,297,,,,,,,67.3,,,70.7,0,0,0,0,0,42,6,5,1
Tayshaun Porter,78914,WR,HOWARD,5,0,0,184,,,,,,,61.5,,,71.3,0,0,0,0,0,29,4,11,0
Quinzel Lockhart,78915,WR,NC A&T,1,0,0,246,,,,,,,60.0,,,63.3,0,0,0,0,0,0,0,0,0
Stacy Chukwumezie,78936,WR,N ARIZONA,2,0,0,252,,,,,,,49.5,,,66.8,1,0,0,0,0,1,3,0,0
Jadon Janke,78938,WR,S DAK ST,6,0,0,292,,,,67.2,,,60.9,,,66.7,0,0,0,0,0,18,0,0,0
Jaxon Janke,78939,WR,S DAK ST,5,0,0,292,,,,,,,68.8,62.5,,91.1,0,0,0,0,0,4,0,5,0
Aaron Alston,78942,WR,SE MO ST,7,1,0,293,,,,,,,57.1,,,27.2,0,2,0,0,0,1,23,9,1
Assanti Kearney,78944,WR,MONMOUTH,5,0,0,231,,,,,,,58.6,,,73.5,0,1,0,0,0,6,21,12,0
Chavis Marshall,78946,WR,KENNESAW,13,0,0,200,,,,,,,56.4,,,29.4,0,1,0,0,2,11,0,51,0
Zach Tredway,78947,WR,MONMOUTH,11,0,0,231,,,,,,,71.6,,,82.9,0,0,0,0,0,39,39,33,1
Dez Boykin,78951,WR,VILLANOVA,13,0,0,334,,,,55.8,,,61.4,,,37.0,1,1,0,0,71,49,4,4,3
Andrew Perez,78953,WR,VILLANOVA,13,0,0,334,,,,,,,66.4,,,78.0,0,0,0,0,0,50,0,48,0
Joey Aldarelli,78957,WR,MONMOUTH,8,0,0,231,,,,,,,58.2,,,71.1,0,0,0,0,0,11,30,0,0
A'Jae Boyd,78960,WR,HOWARD,6,0,0,184,,,,58.7,,,59.4,74.2,,68.1,0,0,0,1,0,34,0,27,0
Will Vereen,78961,WR,SCAR STATE,9,0,0,290,,,,,,,64.2,,,70.5,0,0,0,0,39,27,0,0,1
Devon Hogan,78967,WR,CENT CT ST,8,0,0,133,,,,,,,61.3,,,77.7,0,0,0,0,14,37,0,20,0
Avery Jones,78970,WR,ELON,4,0,0,162,,,,,,,66.3,,,73.1,0,0,0,0,5,0,0,15,0
Brandon McDuffie,78971,WR,ALABAMA ST,4,0,1,105,,,,,,,60.8,,,27.2,0,1,0,0,1,2,0,11,0
Brandon Mays,78973,WR,MERCER,3,0,0,219,,,,,,,61.2,,,68.4,0,0,0,0,1,2,0,5,0
David Robinson Jr.,78975,WR,NICHOLLS,11,0,0,243,,,,66.8,,,68.6,,,76.6,0,0,0,0,4,59,0,35,0
Carter Kuchel,78979,WR,S DAKOTA,6,0,0,291,,,,,,,62.6,,,71.1,0,0,0,0,0,4,22,0,2
Joshua Carver,78982,WR,NWSTATE,3,0,0,257,,,,,,,61.9,,,71.4,0,0,0,0,2,10,0,1,0
Jakob Herres,78984,WR,VA MILT IN,2,0,0,336,,,,59.9,,,59.3,,,66.1,0,0,0,0,0,2,1,0,0
Jomard Valsin,78985,LB,NWSTATE,9,1,0,257,60.3,,,,,,63.2,,,33.4,0,1,0,41,31,0,7,8,1
Ce'Cori Tolds,78989,WR,INCAR WORD,9,0,0,189,,,,44.1,,,63.4,,,72.8,0,0,0,0,61,19,29,1,1
William Hooper,78994,CB,NWSTATE,11,0,0,257,59.2,,,,,,55.3,,,33.0,1,1,0,43,30,1,40,10,2
Shemar Bartholomew,78995,CB,NWSTATE,9,0,0,257,59.3,,60.0,,,,62.6,,,74.9,0,0,4,36,4,0,1,22,0
Travis Blackshear,78996,CB,FURMAN,11,0,0,170,59.2,,,,,,67.1,,,75.0,0,0,0,39,0,0,5,8,1
Jahlil Brown,78997,S,CENT CT ST,9,0,0,133,59.6,,,,,,61.3,,,64.4,0,0,0,25,0,0,0,8,0
Marque Collins,78999,CB,WEBER ST,8,0,0,342,59.3,,,,,,61.3,,,71.8,0,0,0,28,0,0,1,8,0
Jamari Currence,79009,CB,JAMES MAD,10,0,0,197,,,,,,,64.8,,,73.6,0,0,0,0,17,0,0,25,0
Jack Sroba,79010,CB,JAMES MAD,12,0,0,197,,,,,,,62.0,74.8,,68.9,0,0,0,0,2,1,0,68,0
Braedon Domino,79013,CB,FURMAN,8,1,0,170,59.8,,,,,,65.4,,,74.8,0,0,0,2,1,0,3,26,0
Kamal Armstead,79017,S,BETH COOK,5,1,0,119,,,,,,,65.9,,,71.1,0,0,0,0,20,0,4,0,0
Nick Hessefort,79021,CB,MO STATE,12,1,0,230,59.7,,,,,,75.5,,,88.3,1,0,0,3,45,46,52,65,1
Tyler Boatwright,79024,CB,CENT CT ST,10,1,0,133,59.3,,,71.5,,,65.8,,,28.6,0,2,0,32,0,9,40,34,5
Frederick Lee Jr.,79025,CB,NWSTATE,2,0,0,257,59.7,,,,,,60.7,,,66.3,0,0,0,3,0,0,0,5,0
DyShawn Gales,79027,CB,S DAK ST,8,0,0,292,59.9,,,,,,61.0,,,67.8,0,0,0,23,0,0,0,0,0
Tobias Williams,79028,CB,NWSTATE,1,0,0,257,,,,,,,60.6,,,67.7,0,0,0,0,0,4,0,0,0
Dexter Lawson Jr.,79030,CB,CENT CT ST,5,0,0,133,59.4,,,67.7,,,60.8,67.2,,70.8,0,0,0,30,1,35,0,18,0
Benton Hoge,79034,CB,PORTLAND,2,0,0,269,,,,,,,60.1,,,68.9,0,0,0,0,0,14,0,0,0
Matthew Wright,79036,S,SE LA,11,1,0,294,60.0,,,66.5,,,76.3,,,68.8,0,0,0,16,45,6,0,2,5
Cameron Godfrey,79043,S,CENT ARK,7,0,0,132,59.9,,,,,,57.6,54.6,,67.1,0,0,0,32,5,0,8,6,0
Caleb Riley,79047,CB,ALAB A&M,4,0,0,104,59.5,,,,,,61.3,,,69.5,0,0,0,13,3,0,0,6,0
Andrew Reese,79051,S,DELWARE ST,8,0,0,152,59.9,,,,,,53.8,,,66.4,0,0,0,11,22,0,0,2,1
Lawrence Johnson,79055,S,SE MO ST,4,0,0,293,60.1,,,,,,60.5,,,64.0,0,0,0,19,0,0,2,1,0
Chris Simmons,79056,S,SCAR STATE,10,0,0,290,90.0,,,,,,87.4,,,74.1,0,0,0,22,13,0,30,1,3
Lloyd Nash,79058,S,NICHOLLS,4,0,0,243,,,,,,,55.3,31.7,,72.6,1,0,0,0,18,0,0,17,0
Donniel Ward-Magee,79061,S,SE LA,12,1,0,294,60.2,,,,,,63.0,,,75.9,1,0,0,50,49,6,3,22,0
Da'Von Frazier,79066,LB,UC DAVIS,12,1,0,322,59.8,,,,,,62.8,,,43.8,1,1,0,3,42,51,29,42,2
Cole Coleman,79070,S,ELON,10,0,0,162,59.6,,,,,,66.3,,,29.1,0,1,0,39,0,2,16,20,1
Francis Meehan,79071,S,JAMES MAD,13,0,0,197,60.0,,,61.8,,,70.0,,,79.6,0,0,0,1,17,15,23,52,1
Mari Wingard,79076,CB,ELON,10,0,0,162,59.3,,,59.2,,,66.6,,,75.8,0,0,0,31,12,13,0,16,2
Adam Chnupa,79080,S,ELON,9,1,0,162,,,,,,,57.0,,,42.7,2,1,0,0,40,14,9,28,0
Chris Venable,79081,S,UC DAVIS,12,0,0,322,59.4,,,,,,52.3,,,28.5,0,2,0,39,1,0,23,54,1
Cameron Tisdale,79083,CB,S DAKOTA,12,0,0,291,59.7,,,,,,49.5,,,28.2,0,2,0,15,25,3,0,42,0
Charles Hartsock,79085,CB,ELON,2,0,0,162,,,,,,,61.7,,,68.6,0,0,0,0,8,0,0,4,0
Will Jones,79086,S,NC A&T,8,0,0,246,59.7,,,,,,56.4,,,39.5,0,1,0,4,2,40,39,36,0
Matthew Griffin,79087,LB,MONMOUTH,7,0,0,231,59.8,,,,,,59.4,,,70.1,0,0,0,10,0,15,4,4,0
Anthony Tony-Itoyah,79093,CB,FORDHAM,11,1,0,168,59.4,,,,,,57.2,,,73.8,0,0,0,29,28,3,12,7,0
Brandon Sanders,79094,CB,INCAR WORD,1,0,0,189,,,,,,,60.0,,,63.7,0,0,0,0,0,1,0,0,0
Di'Quavious Wilkerson,79097,S,MERCER,3,0,0,219,,,,,,,61.4,,,67.2,0,0,0,0,0,1,0,7,0
Trai Hodges,79100,CB,SE MO ST,11,0,0,293,59.6,,,,,,59.0,,,77.3,1,0,0,42,1,0,36,35,0
Anthony Budd,79108,S,MONMOUTH,9,1,0,231,60.1,,,,,,72.7,,,79.6,0,0,0,35,39,15,33,15,3
Zafir Kelly,79109,CB,SCAR STATE,9,0,0,290,78.0,,,,,,72.1,,,78.3,0,0,0,40,25,0,0,29,0
Calique Cato-Jacobs,79111,S,STNY BROOK,10,0,0,303,60.0,,,,,,58.5,,,37.7,1,1,0,18,1,28,21,39,1
Jawain Granger,79113,CB,DELWARE ST,11,0,0,152,59.7,,,,,,62.7,,,71.2,0,0,0,36,0,0,1,8,0
Tim Ewing,79119,CB,SCAR STATE,12,0,0,290,59.8,,,,,,74.9,,,78.8,0,0,0,6,42,55,0,36,2
Jaylen Evans,79121,S,SCAR STATE,12,1,0,290,60.0,,,,,,77.0,,,75.5,1,0,0,35,0,0,25,44,2
Cobie Durant,79126,CB,SCAR STATE,12,0,0,290,59.3,,,,,,62.8,,,76.9,0,0,0,58,2,3,0,30,0
De'Markis Doe,79127,S,SCAR STATE,12,2,0,290,60.1,,,59.9,,,72.6,,,84.6,0,0,0,14,60,39,32,54,3
DJ Dennis,79128,WR,VA MILT IN,11,0,0,336,,,,52.5,,,70.6,,,79.7,0,0,0,0,65,63,3,47,3
Eddie Morales III,79129,CB,MONMOUTH,11,1,0,231,59.6,,,59.9,,,68.2,69.2,,76.6,0,0,0,30,56,49,2,44,4
Jalen Smith,79135,CB,HOWARD,9,0,1,184,59.3,,,,,,51.2,,,28.6,0,1,0,36,3,0,0,9,0
Marcus Hillman,79136,S,ELON,8,0,0,162,59.7,,,,,,64.2,,,72.9,0,0,0,24,12,0,17,7,1
Kendall Nero-Clark,79141,S,STNY BROOK,2,0,0,303,,,,,,,62.1,,,66.9,0,0,0,0,0,1,0,4,0
Cole Loden,79142,S,KENNESAW,11,0,0,200,60.0,,,,,,62.2,,,68.8,0,0,0,28,13,7,9,5,0
Tre Jackson,79145,CB,S DAKOTA,9,0,0,291,59.7,,,,,,50.0,,,29.6,1,1,0,25,5,0,17,32,0
Gregory Young II,79147,CB,STNY BROOK,11,0,0,303,59.2,,,,,,71.7,,,76.7,1,0,0,39,41,0,38,5,5
Joe Casale,79150,LB,ALBANY,10,0,0,106,59.8,,,,,,78.6,,,58.2,0,1,0,7,43,53,51,26,10
Michael Campbell,79151,CB,MERCER,7,0,0,219,59.9,,,,,,61.3,,,68.2,0,0,0,26,0,9,0,10,0
Jason Antwi,79154,S,MONMOUTH,10,0,0,231,60.0,,,,,,70.5,,,79.9,0,0,0,5,27,17,1,31,1
Jakari Starling,79155,LB,S DAKOTA,6,0,0,291,59.9,,,,,,61.2,,,69.8,0,0,0,8,10,0,6,7,0
Johnathon Edwards,79161,CB,AUSTINPEAY,9,0,0,116,59.4,,,,,,64.6,65.0,,71.6,0,0,0,36,27,0,2,7,0
Elijah Harrison,79165,S,CENT CT ST,3,0,0,133,59.8,,,,,,75.7,,,64.2,0,0,0,2,0,1,1,0,1
Duane Nichols,79166,S,SCAR STATE,9,0,0,290,59.8,,,,,,44.3,,,27.2,0,1,0,33,0,0,3,5,0
Natani Drati,79167,S,FORDHAM,11,1,0,168,59.8,,,59.9,,,65.0,,,74.6,0,0,0,40,53,27,40,7,3
Miles Simon,79175,CB,NC A&T,9,0,0,246,59.7,,,,,,69.6,,,77.7,0,0,0,39,41,0,42,2,4
Jhadir Charles,79176,S,MONMOUTH,6,0,0,231,59.8,,,,,,61.6,,,67.2,0,0,0,5,0,0,0,5,0
Christian Benford,79181,CB,VILLANOVA,13,0,0,334,59.5,,,,,,65.8,,,76.5,0,0,0,36,2,0,47,11,2
Tamel McCall,79182,CB,TENN MARTN,1,1,0,310,,,,,,,60.5,,,25.1,0,1,0,0,4,0,0,0,0
Charles Shelton IV,79183,CB,E ILLINOIS,8,0,0,158,59.8,,,,,,64.4,,,29.6,0,1,0,2,25,32,7,27,1
Kendall Moultrie,79184,CB,SCAR STATE,10,1,0,290,59.6,,,,,,70.6,,,76.0,1,0,0,17,44,11,0,6,4
Muadh Abdus-Salaam,79187,S,DELWARE ST,7,0,0,152,59.9,,,,,,57.7,,,67.0,0,0,0,3,0,9,1,2,0
David Bowman,79189,S,DELWARE ST,11,1,0,152,59.9,,,,,,69.4,,,45.2,0,1,0,1,39,0,9,53,1
Rodney Dennard,79191,S,HOWARD,11,0,0,184,60.3,,,,,,64.8,,,69.3,0,0,0,40,2,0,0,16,0
Markeith Montgomery,79193,S,KENNESAW,12,0,0,200,60.6,,,,,,65.4,,,69.6,0,0,0,35,20,4,10,6,2
Jeremiah Compton,79194,CB,KENNESAW,1,0,0,200,,,,,,,61.3,,,65.5,0,0,0,0,0,0,0,4,0
Justin Terry,79195,CB,MONMOUTH,11,0,0,231,59.4,,,,,,58.1,,,42.0,1,2,0,45,57,20,23,46,1
Donte Anthony,79197,HB,SCAR STATE,5,0,0,290,,,,,,,82.3,,,80.1,0,0,0,0,19,32,27,18,5
Quenton Porter,79199,CB,STNY BROOK,10,0,0,303,59.7,,,,,,65.0,,,77.5,0,0,0,3,0,48,0,51,0
Darius Pickett,79202,S,VILLANOVA,13,1,0,334,59.9,,,,,,75.9,,,78.2,0,0,0,39,78,18,0,36,1
Jeremiah Gray,79204,DI,CENT ARK,9,0,0,132,58.7,,,,,,45.3,,,27.2,0,1,0,18,0,0,0,4,0
Ty Cormier,79210,ED,NWSTATE,5,0,0,257,59.4,,,,,,59.6,,,64.4,0,0,0,6,0,0,0,0,0
Jordan Strate,79220,ED,WEBER ST,2,0,0,342,59.7,,,,,,59.7,,,65.9,0,0,0,2,0,0,0,1,0
Hayden Meacham,79224,TE,WEBER ST,11,0,0,342,,,74.3,,,,64.4,,,64.7,0,0,54,0,1,6,1,0,0
Cade Terveer,79225,ED,S DAK ST,14,0,0,292,59.6,,,59.9,,,54.3,,,67.7,0,1,0,18,0,51,0,0,0
Andrew Dean,79226,DI,WEBER ST,1,0,0,342,60.0,,,,,,60.0,,,61.7,0,0,0,1,0,0,0,0,0
Drey Carter,79228,ED,ALAB A&M,10,0,0,104,58.8,,,,,,60.9,,,69.4,0,0,0,33,0,0,0,12,0
Jequaries Martin,79233,ED,NICHOLLS,10,0,0,243,59.4,,,,,,44.8,,,27.1,0,1,0,19,0,0,0,4,0
McKade Mitton,79235,ED,WEBER ST,5,0,0,342,59.4,,,,,,61.0,,,66.7,0,0,0,17,0,0,0,5,0
Cherif Seye,79240,ED,SE LA,11,0,0,294,59.0,,66.0,,,,60.9,,,67.3,0,0,17,26,0,0,0,2,0
Colyn Givens,79242,DI,SOUTHERN U,3,0,0,297,58.9,,60.0,,,,60.2,,,64.3,0,0,6,5,0,0,7,0,0
Cameron Preston,79243,DI,INCAR WORD,11,0,0,189,59.0,,75.5,,,,58.8,,,29.8,0,1,45,35,0,0,0,2,0
Jevin Jackson,79245,DI,HOWARD,11,0,0,184,75.5,,,,,,84.5,,,71.1,0,0,0,41,0,0,0,11,0
Judas McKenzie,79250,DI,BETH COOK,10,0,0,119,57.8,,,,,,57.9,,,68.7,0,0,0,40,0,0,0,4,0
Kameron Bowdry,79251,DI,S ILLINOIS,13,0,0,295,58.0,,,,,,57.7,,,67.5,0,0,0,54,0,0,0,0,0
Travis Bell,79253,DI,KENNESAW,10,0,0,200,86.1,,63.7,,,,87.8,,,69.0,0,0,9,24,0,0,10,3,0
Tyler Moore,79254,ED,KENNESAW,11,0,0,200,59.4,,62.7,,,,40.4,,,26.5,0,2,14,29,1,0,11,2,0
Dante Carter,79257,DI,PRVIEW A&M,8,0,0,270,57.9,,,,,,58.8,,,72.2,0,0,0,16,0,0,0,6,0
Malik Medley,79262,ED,ELON,1,0,0,162,,,,,,,60.0,,,63.8,0,0,0,0,0,5,0,0,0
Joey Barbera,79263,DI,ELON,7,0,0,162,58.5,,,,,,59.6,,,71.9,0,0,0,13,0,0,0,4,0
Corey St. John,79266,DI,DELWARE ST,2,0,0,152,,,,,,,62.1,,,67.7,0,0,0,0,0,0,0,4,0
Casey Williams,79269,ED,STNY BROOK,11,0,0,303,59.2,,,,,,62.9,,,73.4,0,0,0,30,15,1,53,17,1
Makye Smith,79273,ED,STNY BROOK,11,0,0,303,58.9,,,,,,48.6,,,27.9,0,1,0,31,0,0,0,5,0
Ethan Burson,79277,DI,S DAKOTA,12,0,0,291,58.4,,71.9,,,,62.9,,,69.1,0,0,38,7,0,0,60,4,0
Glen Thurmond,79282,DI,NICHOLLS,10,0,0,243,58.9,,,,,,59.9,,,67.5,0,0,0,18,0,0,0,3,0
Elijah Rawlins,79289,DI,MS VLY ST,8,0,0,228,58.1,,,,,,60.1,,,69.9,0,0,0,14,0,0,0,9,0
Jared Soyring,79291,DI,INCAR WORD,12,0,0,189,57.3,,77.3,,,,60.4,,,68.4,0,0,74,35,0,0,0,1,0
Elijah Haynes,79292,ED,ALBANY,10,0,0,106,59.5,,,,,,64.0,,,75.9,0,0,0,6,16,15,0,18,0
Darrell Brown,79294,DI,SCAR STATE,8,0,0,290,57.9,,,,,,58.1,,,70.1,0,0,0,27,0,0,0,5,0
Nick Shoemaker,79295,DI,MONMOUTH,7,0,0,231,58.3,,,,,,60.0,,,68.8,0,0,0,14,0,0,0,7,0
Joe Halasy,79296,ED,ALBANY,1,0,0,106,60.0,,,,,,60.0,,,61.7,0,0,0,1,0,0,0,0,0
Jordan Lutui,79299,T,WEBER ST,11,0,0,342,,,74.8,,,,65.3,,,73.6,0,0,52,0,0,0,0,0,0
Kalisi Moli,79300,DI,WEBER ST,6,0,0,342,58.9,,,,,,59.3,,,66.6,0,0,0,16,0,0,0,4,0
Antonio Turner,79302,DI,HOWARD,7,0,0,184,58.7,,,,,,59.0,,,66.7,0,0,0,14,0,0,0,2,0
DJ McDaniel,79303,DI,MERCER,8,0,0,219,57.9,,,,,,58.1,,,67.1,0,0,0,24,0,0,0,3,0
Antonio Anderson,79307,DI,SCAR STATE,9,0,0,290,59.1,,68.9,,,,62.9,,,72.0,0,0,25,6,0,0,0,0,0
Tony Thurston,79310,DI,JAMES MAD,13,0,0,197,58.3,,64.7,,,,60.7,,,70.2,0,0,12,22,0,0,0,9,0
Alfonzo Dixon IV,79312,ED,FORDHAM,10,1,0,168,58.5,,,,,,53.7,,,28.6,0,1,0,36,6,0,0,14,0
Josiah Suani,79314,DI,UC DAVIS,12,0,0,322,58.3,,76.7,,,,64.2,,,73.5,0,0,55,17,0,0,0,10,0
Luke Simon,79318,TE,FORDHAM,1,0,0,168,,,,,,,60.7,,,64.6,0,0,0,0,0,4,0,0,0
Kenyonte Davis,79322,DI,TENN MARTN,3,0,0,310,59.6,,,,,,59.7,,,65.9,0,0,0,3,0,0,0,1,0
Jayden Barron,79325,DI,KENNESAW,1,0,0,200,59.9,,,,,,60.0,,,61.1,0,0,0,1,0,0,0,0,0
Eric Weaver,79332,DI,VA MILT IN,10,0,0,336,59.6,,,,,,50.5,,,28.2,0,1,0,49,0,0,0,4,0
Drew Painter,79334,TE,JAMES MAD,11,0,0,197,,,76.0,,,,63.6,,,67.2,0,0,64,0,0,17,34,0,0
Gerone Hamilton Jr.,79335,G,HOWARD,4,0,0,184,,,66.5,,,,63.0,,,63.0,0,0,22,0,0,0,0,0,0
Desmond Scott,79339,DI,KENNESAW,11,0,0,200,90.3,,,,,,91.3,,,27.4,0,1,0,24,0,0,0,2,0
Ryan Lopez,79347,DI,STNY BROOK,6,0,0,303,58.9,,,,,,58.8,,,64.4,0,0,0,10,0,0,0,0,0
Kwame Sutton,79348,ED,AUSTINPEAY,4,0,0,116,59.0,,60.0,,,,59.9,,,64.7,0,0,5,8,0,0,0,0,0
Doug Schiess,79349,DI,WEBER ST,11,0,0,342,58.6,,74.4,,,,55.4,,,28.7,0,1,54,14,0,0,49,6,0
Warren Dabney,79351,DI,VA MILT IN,11,0,0,336,59.9,,,,,,61.1,,,67.0,0,0,0,53,0,0,0,4,0
Garrett Zobel,79355,ED,VILLANOVA,11,0,0,334,58.4,,,,,,59.4,,,70.2,0,0,0,41,0,0,8,12,0
Brendan Webb,79356,ED,S DAKOTA,10,0,0,291,59.1,,60.0,,,,62.0,,,72.1,0,0,2,20,0,0,0,12,0
Logan Jessup,79357,ED,CENT ARK,11,0,0,132,59.8,,,59.9,,,61.6,,,69.0,0,0,0,44,0,8,0,8,0
Jadd Dolegala,79358,TE,CENT CT ST,11,1,0,133,,,60.0,59.2,,,63.7,,,49.8,0,1,3,0,21,65,58,0,3
Carrington Jones,79359,DI,DELWARE ST,10,0,0,152,58.5,,,,,,66.4,,,67.3,0,0,0,40,0,0,61,1,3
James Ubaike,79360,DI,E ILLINOIS,7,0,0,158,59.2,,62.3,,,,61.9,,,73.5,0,0,11,14,0,0,0,2,0
Gavin Watson,79362,DI,FORDHAM,3,0,0,168,59.0,,,,,,59.0,,,63.4,0,0,0,4,0,0,0,0,0
Mike Wilcox,79364,ED,JAMES MAD,13,0,0,197,,,79.9,,,,67.2,,,79.3,0,0,89,0,0,0,16,1,0
Robert Square III,79373,DI,SOUTHERN U,9,0,0,297,58.6,,60.0,,,,60.4,,,69.7,0,0,5,26,0,0,6,6,0
Cade Peacock,79374,ED,UC DAVIS,7,0,0,322,59.9,,,,,,60.1,,,67.5,0,0,0,5,0,14,0,0,0
Jalen McGhee,79377,DI,ALAB A&M,8,0,0,104,58.4,,,,,,58.9,,,67.0,0,0,0,13,0,0,0,5,0
Talon Gamble,79379,DI,ALCORN ST,4,0,0,107,59.0,,,,,,59.4,,,64.8,0,0,0,8,0,0,0,1,0
Josh Jackson,79385,DI,INCAR WORD,1,0,0,189,59.7,,62.0,,,,61.4,,,63.8,0,0,6,4,0,0,0,0,0
Quent Titre,79386,DI,ABILENE CH,9,0,0,100,57.7,,,,,,57.6,,,70.2,0,0,0,29,0,0,0,1,0
Ryan Van Marel,79389,DI,S DAK ST,14,0,1,292,57.9,,,,,,48.9,,,28.1,0,1,0,45,0,0,0,0,0
Caleb Sanders,79394,DI,S DAK ST,12,0,0,292,58.9,,,,,,59.0,,,65.9,0,0,0,29,0,0,0,0,0
Michael Morgan,79400,TE,S DAK ST,15,0,0,292,,,78.8,59.9,,,63.1,,,70.3,0,0,95,0,0,56,0,2,0
Braden Gilby,79404,LB,FURMAN,9,0,0,170,60.1,,,,,,56.0,,,77.2,3,0,0,31,41,0,0,2,2
Blair Zepeda,79413,K,ABILENE CH,10,0,0,100,,86.1,,,64.9,,63.3,,,74.9,0,0,41,0,53,0,0,0,0
Timmy Bleekrode,79417,K,FURMAN,11,0,0,170,,74.5,,,,,63.3,,52.8,74.3,0,2,52,0,0,0,54,0,0
Nathan Robertson,79420,K,KENNESAW,13,0,0,200,,74.6,,,57.9,,63.9,,,76.8,1,0,69,0,77,0,0,0,1
Camden Wise,79429,K,JAMES MAD,13,0,0,197,,,,,52.2,,64.5,,,80.4,1,0,0,0,100,0,0,0,0
Skyler Davis,79430,K,ELON,9,0,0,162,,88.3,,,58.8,,61.8,,60.0,69.2,0,0,48,0,11,0,1,0,0
Colin McCreary,79434,K,MONMOUTH,3,0,0,231,,60.0,,,62.0,,60.0,,61.6,66.9,0,0,2,0,2,0,2,0,0
Mason Lorber,79442,K,S DAKOTA,12,0,0,291,,80.7,,,80.4,,63.4,,,75.2,0,0,56,0,58,0,0,0,3
Cody Williams,79443,K,PORTLAND,2,0,0,269,,70.8,,,56.5,,61.0,,,69.4,0,0,9,0,11,0,0,0,0
Nathan Fondacaro,79450,K,VILLANOVA,11,0,0,334,,60.0,,,38.9,,63.1,,44.5,74.7,0,0,1,0,9,0,43,0,0
Joshua James,79455,LB,ABILENE CH,2,0,0,100,,,,,,,60.6,,,68.6,0,0,0,0,0,6,1,0,0
Gerald Bowie III,79460,LB,INCAR WORD,2,0,1,189,59.0,,64.7,,,,49.3,,,29.4,0,2,14,7,7,8,6,9,0
Jordan Lewis,79469,ED,SOUTHERN U,6,0,0,297,59.1,,,,,,60.9,,,67.9,0,0,0,20,0,0,0,9,0
Jaylyn Stover,79471,ED,STNY BROOK,11,0,0,303,59.1,,,,,,66.9,,,29.7,0,1,0,14,36,0,0,40,1
Carter Johnson,79473,ED,VA MILT IN,7,1,0,336,59.7,,61.6,,,,62.2,,,70.3,1,0,9,8,0,30,15,0,1
Richard Calloway,79482,LB,ALAB A&M,10,0,0,104,60.1,,,,,,57.6,,,72.4,1,0,0,20,6,20,0,12,0
Julian Monell,79487,ED,NC A&T,9,0,0,246,,,,,,,69.3,,,79.6,0,0,0,0,30,43,10,35,2
Naseme Colvin,79489,S,WEBER ST,9,2,0,342,60.0,,,,,,82.0,,,28.0,0,4,0,1,40,21,7,38,4
Dakota Smith,79491,LB,S DAKOTA,8,0,0,291,60.0,,,,,,58.1,,,31.3,1,1,0,2,40,32,38,23,1
Darwin Frett,79499,LB,ELON,6,1,1,162,60.2,,,,,,49.1,,,26.3,0,1,0,7,13,0,0,0,0
Chris Campbell,79500,LB,STNY BROOK,11,1,0,303,60.0,,,,,,70.5,,,80.0,0,0,0,3,30,52,21,20,2
Mateo Jackson,79503,LB,JAMES MAD,9,2,0,197,60.0,,,,,,66.6,,,45.4,0,1,0,1,71,27,31,47,4
Zac Spencer,79507,LB,FORDHAM,6,0,0,168,60.0,,,,,,56.8,,,69.7,0,0,0,1,13,13,0,5,0
KeAndre Jones,79510,FB,NC A&T,3,2,0,246,,,,59.9,,,73.4,,,70.1,0,0,0,0,17,12,0,0,1
Chance Bates,79513,LB,KENNESAW,13,0,0,200,59.5,,,,,,70.2,,,71.2,0,0,0,29,7,10,37,4,3
Owen Thomas,79515,LB,VILLANOVA,7,0,0,334,59.8,,79.0,,,73.7,69.4,,,67.5,0,0,27,16,0,0,15,2,1
Ryan Greenhagen,79516,LB,FORDHAM,5,0,0,168,59.0,,22.0,,,,52.5,,,72.7,0,0,15,21,13,0,26,6,1
Nick Eaton,79517,ED,UC DAVIS,12,0,0,322,59.6,,,,,,54.8,,,29.2,0,1,0,48,0,1,4,26,0
Jaden Vazquez,79519,LB,FORDHAM,6,1,0,168,60.0,,,,,,72.9,,,84.7,0,0,0,3,40,18,0,17,4
Mike Mason,79521,LB,SE LA,12,0,0,294,59.8,,,,,,60.5,,,67.0,0,0,0,33,0,0,8,3,0
Brandon Lopes,79526,LB,AUSTINPEAY,10,0,0,116,59.8,,,58.9,,,60.3,,,50.0,0,1,0,4,46,44,22,18,0
Kareem Taylor,79529,LB,W CAROLINA,11,0,0,344,59.2,,,,,,62.1,,,74.6,0,0,0,59,6,1,0,8,0
Chris Williams,79530,LB,NC A&T,4,0,0,246,,,,,,,67.0,,,68.8,0,0,0,0,12,0,3,0,1
Jeblonski Green,79532,ED,SCAR STATE,8,0,0,290,59.3,,,,,,61.2,,,68.0,0,0,0,20,0,0,0,6,0
Isaiah Henry,79535,LB,PORTLAND,10,2,0,269,60.0,,,,,,62.1,,,57.3,2,1,0,1,45,49,34,19,0
DeJaun Cooper,79541,ED,S DAKOTA,12,0,0,291,59.4,,,,,,64.9,,,83.0,1,0,0,3,62,36,36,38,0
BJ Davis,79542,LB,SCAR STATE,12,0,0,290,59.8,,,,,,61.2,,,69.3,0,0,0,49,0,0,0,22,0
Devonte Chandler,79544,LB,ELON,10,0,0,162,60.2,,,,,,53.1,,,29.4,0,2,0,36,0,0,38,32,0
Ben Joseph,79547,ED,MONMOUTH,11,1,0,231,59.9,,,,,,67.8,,,42.2,1,1,0,4,67,0,0,21,3
Kennen Tate,79549,LB,SOUTHERN U,9,0,0,297,60.1,,,,,,63.3,,,29.5,0,1,0,20,30,0,0,4,2
Zamon Robinson,79560,ED,MONMOUTH,3,0,0,231,59.7,,,,,,65.7,,,67.8,0,0,0,5,5,0,5,1,1
Tre Thomas,79564,LB,S DAKOTA,11,0,0,291,59.8,,,,,,66.0,,,74.9,0,0,0,30,12,7,10,14,1
Antquan Kinsey,79565,LB,DELWARE ST,4,0,0,152,60.0,,,,,,61.4,,,63.5,0,0,0,1,0,0,2,3,0
Shayne Manson,79567,ED,CENT CT ST,6,0,0,133,59.7,,60.0,,,,61.5,,,66.3,0,0,7,5,0,0,0,2,0
Anthony Del Negro,79574,TE,STNY BROOK,4,0,0,303,,,64.6,,,,60.9,,,76.3,0,0,14,0,15,6,17,22,0
Kyle Glover,79576,FB,KENNESAW,13,3,0,200,,,,,,,59.3,,,72.0,1,0,0,0,36,40,2,0,0
Brock Mogensen,79578,LB,S DAKOTA,12,0,0,291,60.0,,,,,,66.0,,,72.0,0,0,0,41,0,2,1,25,0
Jamir Malone,79580,LB,ELON,10,0,0,162,58.9,,,,,,54.0,,,27.9,0,2,0,25,21,0,0,9,1
Peter Fitzgerald,79581,TE,FORDHAM,11,0,0,168,,,74.7,59.9,,,62.1,,,74.0,0,0,57,0,0,61,0,13,0
Andre Brown,79583,LB,SCAR STATE,2,0,0,290,,,,,,,50.1,,,69.5,0,1,0,0,7,1,0,4,0
William Archer,79585,LB,ELON,1,0,0,162,,,,,,,75.7,,,66.6,0,0,0,0,6,0,0,0,2
Foday Jalloh,79587,LB,CENT CT ST,3,0,0,133,60.0,,,,,,61.8,,,64.8,0,0,0,10,0,3,0,5,0
Tyler Smith,79591,LB,CENT CT ST,9,0,0,133,60.3,,,,,,59.1,,,45.4,0,1,0,36,18,0,49,15,1
Marlon Brown Jr.,79592,LB,CENT CT ST,6,0,0,133,59.6,,,,,,41.0,,,27.8,1,1,0,12,11,15,0,3,0
Olivier Muembi,79593,LB,DELWARE ST,2,0,0,152,,,,,,,60.7,,,66.1,0,0,0,0,1,1,4,2,0
Brooks Parker,79594,LB,DELWARE ST,11,1,1,152,59.8,,,,,,62.2,,,29.2,0,1,0,37,1,4,40,8,2
Isaiah Paul,79595,LB,INCAR WORD,12,0,0,189,59.6,,74.0,,,,61.9,,,69.3,0,0,50,36,1,0,22,1,0
Erik Massey,79599,ED,MONMOUTH,9,0,0,231,59.4,,,,,,53.6,,,76.5,1,0,0,34,0,2,35,11,0
Levi O'Connell,79602,LB,PORTLAND,4,0,0,269,,,,,,,42.1,,,69.9,1,0,0,0,0,7,9,5,0
Kinser Madison,79606,LB,S DAK ST,14,2,0,292,59.9,,,,,,77.7,,,85.6,1,1,0,2,85,55,37,51,2
Arlen Williams,79607,ED,SE LA,9,2,0,294,59.0,,,,,,65.3,,,28.9,0,2,0,13,79,49,13,33,4
Qwahsin Townsel,79608,LB,VILLANOVA,12,1,0,334,59.5,,,,,,72.5,,,73.0,0,0,0,30,35,6,0,11,3
Ethan Caselberry,79609,S,VA MILT IN,11,0,0,336,60.0,,,,,,64.0,,,49.3,0,1,0,52,1,3,43,4,1
Kelechi Anyalebechi,79610,LB,INCAR WORD,12,0,0,189,60.0,,,,,,57.9,,,30.0,0,1,0,56,2,0,0,42,0
Kyle Moore,79612,LB,NWSTATE,11,2,0,257,59.8,,,,,,64.5,,,72.6,1,0,0,42,18,0,43,7,1
Evan Gibson,79614,LS,NWSTATE,11,0,0,257,,,83.1,,,92.1,78.9,,,67.5,0,0,39,0,0,0,69,0,0
Kent Vines,79617,LS,MONMOUTH,11,0,0,231,,,87.0,,,59.6,63.5,,,66.5,0,0,55,0,0,0,42,0,1
Caleb Brown,79621,LS,SCAR STATE,12,0,0,290,,,68.9,,,0.7,29.9,,,68.1,1,0,49,0,0,0,83,0,1
Jacob Potter,79625,LS,KENNESAW,13,0,0,200,,,89.7,,,66.7,66.6,,,66.3,0,0,69,0,0,0,40,0,0
Robert Soderholm,79626,LS,VA MILT IN,11,0,0,336,,,87.6,,,88.9,82.1,,,66.5,1,0,58,0,0,0,43,0,3
Bryce Coulson,79628,LS,CHATTNOOGA,11,0,0,137,,,,,,44.4,50.5,,,67.1,1,0,0,0,0,0,53,0,0
Stephen Elmore,79629,LS,E ILLINOIS,9,0,0,158,,,79.4,,,44.6,58.5,,,64.1,0,0,28,0,0,0,8,0,0
Andrea Dragna,79630,LS,NICHOLLS,11,0,0,243,,,66.8,,,,62.1,,,61.2,0,0,56,0,0,0,0,0,0
Chris McAbee,79634,LS,TENN MARTN,13,0,0,310,,,67.4,,,,62.3,,,61.2,0,0,66,0,0,0,0,0,0
Brock Powers,79636,LS,TENN MARTN,13,0,0,310,,,89.1,,,75.1,65.5,,,67.4,5,0,66,0,0,0,63,0,2
Nathalohn Nanai,79637,ED,NWSTATE,8,0,0,257,59.1,,66.1,,,,61.2,,,66.1,0,0,11,19,0,0,0,3,0
Cameron Coleman,79639,DI,FURMAN,11,0,0,170,58.7,,76.9,,,,62.9,,,70.8,0,0,50,45,0,0,0,2,0
Joey McNeely,79641,DI,MCNEESE,4,0,0,217,58.6,,,,,,38.5,,,25.8,0,1,0,9,0,0,0,0,0
Bernard Childs,79647,G,SOUTHERN U,5,0,0,297,,,,,,,49.9,,,65.7,0,0,0,0,0,0,25,0,0
Alyzcha Ulufale-Hentz,79648,T,NWSTATE,5,0,0,257,,,66.0,,,,62.9,,,68.3,0,0,16,0,0,0,0,0,0
Jalen Hooper,79653,C,N ARIZONA,1,0,0,252,,,60.0,,,,60.0,,,63.4,0,0,1,0,0,0,0,0,0
Jaylaan Williams,79672,C,HOWARD,11,0,0,184,,,75.8,,,,64.9,,,63.9,0,0,42,0,0,0,0,0,0
Phil Saleh,79673,T,FORDHAM,11,0,0,168,,,74.7,,,,64.8,,,65.3,0,0,55,0,0,0,0,0,0
Garrett Bell,79676,T,AUSTINPEAY,11,0,0,116,,,74.5,,,,64.4,,,67.4,0,0,53,0,0,0,16,0,0
Isaiah Singleton,81180,LB,ARKAPB,4,0,1,112,,,,59.0,,,65.4,,,29.8,0,1,0,0,24,25,23,23,2
Isaac Peppers,81182,LB,ARKAPB,11,0,0,112,59.2,,,,,,59.9,,,70.9,0,0,0,36,0,0,2,1,0
Garrett Sayegh,81203,LB,CHARLES SO,10,0,0,135,59.4,,,,,,63.2,,,76.1,0,0,0,42,12,0,8,11,0
Justin McIntire,81205,LB,CHARLES SO,9,1,0,135,60.3,,,,,,66.5,,,38.2,0,1,0,37,35,18,0,7,0
Tre Walker,81233,LB,IDAHO,11,0,0,185,59.7,,,,,,69.7,,,76.0,0,0,0,60,23,0,49,0,3
Eddie Becker,81237,LB,IDAHO,11,0,0,185,59.9,,,,,,64.7,,,77.9,0,0,0,6,28,60,5,0,1
Marcellous Harris,81268,CB,NC CENT,4,0,0,247,59.9,,,,,,64.1,,,74.3,0,0,0,1,4,0,0,15,0
Dallas Martin,81285,LB,W ILLINOIS,11,0,0,345,59.8,,,,,,56.0,,,70.3,0,0,0,31,3,0,0,3,0
Blake Fehrmann,81336,LB,ILL STATE,2,0,0,188,59.9,,,,,,60.7,,,64.6,0,0,0,3,0,0,0,1,0
Tim Johns,81367,LB,S ILLINOIS,13,1,0,295,59.9,,,,,,62.4,,,35.3,1,1,0,1,73,66,54,11,6
Philip O'Connor,81368,LB,RICHMOND,10,0,0,276,59.7,,,,,,61.2,,,75.3,1,0,0,19,31,0,56,25,1
Chike Nwankwo,81372,LB,ABILENE CH,10,0,0,100,60.1,,,,,,60.5,,,73.0,0,0,0,17,2,0,28,2,0
Lionell Wiggins,81382,ED,N ARIZONA,3,0,0,252,59.4,,,,,,60.5,,,65.3,0,0,0,3,0,0,0,2,0
Ty'Ree Evans,81401,LB,NICHOLLS,11,0,0,243,59.8,,,,,,62.0,,,68.4,0,0,0,40,4,0,0,7,0
DaRyan Williams,81405,LB,STF AUSTIN,11,0,0,301,90.7,,,,,,84.2,,,75.6,0,0,0,12,1,32,3,16,0
Nyles Gaddy,81410,ED,JACKSON ST,12,0,0,194,59.1,,74.7,,,,64.4,,,73.6,0,0,57,25,10,0,7,26,0
Je'Vari Anderson,81432,LB,E KENTUCKY,11,0,0,159,59.6,,,,,,69.6,,,72.1,0,0,0,11,58,0,3,12,2
Phillip Thomas,81496,LS,DUQUESNE,10,0,0,155,,,81.0,,,40.5,56.6,,,64.0,0,0,52,0,0,0,5,0,0
Matt Aloni,81503,LS,LIUSHAR,10,0,0,1298,,,79.0,,,69.9,69.1,,,67.4,0,0,27,0,0,0,65,0,1
Wanya Morris,81544,T,ALCORN ST,4,0,0,107,,,,,,,60.0,,,65.7,0,0,0,0,0,0,4,0,0
Darius Smith,81546,C,ALCORN ST,4,0,0,107,,,,,,,60.0,,,65.7,0,0,0,0,0,0,4,0,0
Zion Farmer,81570,DI,ARKAPB,10,0,0,112,58.0,,,,,,57.6,,,66.9,0,0,0,34,0,0,0,0,0
Noah Hayes,81571,T,ARKAPB,5,0,0,112,,,63.7,,,,62.6,,,67.4,0,0,12,0,0,0,0,0,0
Mark Evans II,81572,T,ARKAPB,8,0,0,112,,,69.5,,,,63.9,,,72.7,0,0,25,0,0,0,0,0,0
Ethan Atagi,81597,G,WEBER ST,3,0,0,342,,,66.1,,,,62.9,,,64.8,0,0,19,0,0,0,0,0,0
Brandon Mello,81607,T,PORTLAND,10,0,0,269,,,72.6,,,,64.2,,,66.2,0,0,45,0,0,0,0,0,0
D'Andra Thompson,81608,G,CHARLES SO,8,0,0,135,,,71.2,,,,63.9,,,65.8,0,0,38,0,0,0,0,0,0
Preston Nichols,81609,T,CHARLES SO,7,0,0,135,,,70.3,,,,69.8,,,73.5,0,0,28,0,0,11,0,0,0
Drew Hart,81631,T,E KENTUCKY,11,0,0,159,,,73.3,,,,56.8,,,28.7,0,1,50,0,0,0,0,0,0
Logan Floyd,81664,T,IDAHO,6,0,0,185,,,66.1,,,,62.8,,,64.7,0,0,20,0,0,0,0,0,0
Seth Carnahan,81669,T,IDAHO,10,0,0,185,,,66.9,,,,62.5,,,69.9,0,0,17,0,0,0,49,0,0
Matthew Faupusa,81671,G,IDAHO,7,0,0,185,,,73.7,,,,64.9,,,71.4,0,0,36,0,0,0,0,0,0
Cedric Dunbar,81691,T,JACKSON ST,12,0,0,194,,,74.5,,,,64.6,,,66.0,0,0,59,0,0,0,0,0,0
Eddie Maxon,81692,G,ALAB A&M,8,0,0,104,,,74.5,,,,63.6,,,72.4,0,0,40,0,0,0,3,0,0
Zack Ferris,81714,G,E KENTUCKY,11,0,0,159,,,76.3,,,,65.7,,,73.0,0,0,50,0,0,0,0,0,0
Keion Willis,81745,DI,TENN MARTN,4,0,0,310,59.0,,,,,,59.5,,,64.5,0,0,0,4,0,0,0,1,0
Jack Hassard,81784,G,GARD-WEBB,1,0,0,171,,,,,,,60.0,,,64.5,0,0,0,0,0,0,2,0,0
Aidan Murray,81806,DI,RICHMOND,10,0,0,276,58.1,,,,,,59.4,,,70.6,0,0,0,31,0,0,0,17,0
Joe More,81809,T,RICHMOND,10,0,0,276,,,72.8,,,,64.8,,,73.3,0,0,41,0,0,0,0,0,0
Hunter Mayginnes,81931,G,MONTANA,7,0,0,232,,,71.8,,,,64.1,,,66.5,0,0,40,0,0,0,0,0,0
David Alston,81967,ED,MONTANA ST,12,0,0,233,58.4,,67.8,,,,59.8,,,66.4,0,0,22,30,0,0,1,0,0
Abdul-Malik McClain,81984,ED,JACKSON ST,1,0,0,194,60.0,,,,,,62.5,,,66.6,0,0,0,2,2,0,0,4,0
Bailey Ottaway,81992,T,CHARLES SO,9,0,0,135,,,71.5,,,,64.0,,,63.5,0,0,39,0,0,0,0,0,0
Kevin Macias,82013,K,MONTANA,13,0,0,232,,86.8,,,77.0,,61.7,,,68.2,0,0,69,0,3,0,0,0,0
Seren Hughes-Ford,82021,P,CENT ARK,7,0,0,132,,,,,70.6,,63.2,,34.2,75.3,0,0,0,0,29,0,22,0,1
Phillip Richards,82022,P,E KENTUCKY,11,0,0,159,,,66.3,,,,63.8,,58.2,73.9,0,2,49,0,0,0,65,0,3
Eric Fellenzer,82034,P,SACRAMENTO,11,3,0,279,,,,,55.0,,63.7,,,78.0,0,0,0,0,68,0,0,0,1
Zach Sterr,82045,K,DUQUESNE,4,0,0,155,,67.8,,,63.3,,60.9,,57.3,69.4,0,0,5,0,8,0,3,0,0
Logan Burke,82055,P,ABILENE CH,10,0,0,100,,,65.7,,,,55.6,,72.9,29.3,0,2,42,0,0,0,42,0,0
Adam Krause,82059,P,SE MO ST,11,0,0,293,,,66.9,,54.6,,62.8,,,68.9,1,0,58,0,27,0,0,0,0
Shannon Patrick,82081,QB,BETH COOK,6,0,0,119,,,62.9,,,,61.3,,,60.9,0,0,19,0,0,0,0,0,0
Cord Sandberg,82090,QB,E KENTUCKY,1,0,0,159,,,60.0,,,,60.0,,,60.2,0,0,1,0,0,0,0,0,0
Hunter Raquet,82117,QB,JVILLE ST,1,0,0,196,,,,,,,60.2,,,66.3,0,0,0,0,0,2,0,0,0
Quincy Mitchell,82124,S,GRAMBLING,10,0,0,177,60.0,,,60.0,,,66.2,,,76.2,0,0,0,20,22,12,9,31,1
Amad Murray,82171,ED,STF AUSTIN,11,0,1,301,58.8,,,,,,48.0,,,27.8,0,1,0,30,0,0,0,4,0
Mykee Irving,82211,DI,SAN DIEGO,11,0,0,283,71.6,,73.0,,,,78.0,,,74.8,0,0,36,41,0,0,0,6,0
Ryan Taylor,82223,DI,N ALABAMA,8,0,0,389,58.8,,,,,,59.6,,,67.4,0,0,0,17,0,0,0,4,0
Jacari McKinney,82225,ED,ARKAPB,8,1,0,112,58.6,,69.5,,,,69.5,,,71.4,0,0,28,22,0,0,48,0,1
Coynis Miller Jr.,82238,DI,JACKSON ST,8,0,0,194,58.7,,,,,,58.6,,,65.9,0,0,0,15,0,0,0,1,0
Tava Finau,82252,DI,N COLORADO,5,0,0,253,58.7,,,,,,59.5,,,67.5,0,0,0,9,0,0,0,2,0
Shane Burks II,82253,DI,E KENTUCKY,11,0,0,159,57.8,,63.0,,,,56.6,,,73.7,0,0,12,25,0,0,65,12,0
Cameron Richardson,82271,DI,GRAMBLING,11,0,0,177,58.2,,,,,,59.6,,,71.0,0,0,0,51,0,0,59,6,0
Sundiata Anderson,82273,ED,GRAMBLING,9,0,0,177,59.7,,69.3,,,,63.7,,,72.0,0,0,28,1,0,0,5,8,0
Martavius Dotson,82274,ED,GRAMBLING,7,0,0,177,59.1,,60.0,,,,61.4,,,74.4,0,0,1,21,0,0,0,8,0
Cameron Townsend,82280,DI,IDAHO,5,0,0,185,59.3,,,,,,59.4,,,63.5,0,0,0,6,0,0,0,0,0
Madison Norris,82287,ED,E KENTUCKY,1,0,0,159,60.0,,,,,,60.6,,,66.2,0,0,0,1,2,0,0,0,0
Justin Ragin,82296,ED,JACKSON ST,7,0,0,194,59.5,,,,,,60.2,,,67.7,0,0,0,12,0,0,0,8,0
Jaumonie Crain,82298,DI,JACKSON ST,5,0,0,194,59.2,,,,,,60.2,,,68.1,0,0,0,10,0,0,0,3,0
Davoan Hawkins,82299,ED,TENN STATE,11,0,0,308,90.3,,,,,,91.8,,,70.3,0,0,0,48,0,1,0,4,0
Austin Lewis,82305,DI,E TENN ST,1,0,0,157,59.7,,,,,,60.0,,,61.8,0,0,0,1,0,0,0,0,0
Masry Mapieu,82314,DI,MCNEESE,9,0,0,217,58.0,,,,,,46.8,,,27.5,0,1,0,23,0,0,0,4,0
Micah Roane,82333,ED,S DAKOTA,10,0,0,291,58.9,,,,,,60.9,,,68.2,0,0,0,18,0,0,19,8,0
Abi Nwabuoku-Okonji,82336,ED,JAMES MAD,9,0,0,197,59.7,,,,,,61.2,,,66.2,0,0,0,6,0,0,0,3,0
Kelvin Stokes,82373,DI,ALABAMA ST,4,0,0,105,59.0,,,,,,59.0,,,64.8,0,0,0,7,0,0,0,0,0
Talon James,82376,TE,W CAROLINA,7,0,0,344,,,60.0,54.5,,,59.9,,,72.6,0,0,4,0,0,45,11,0,0
Ray Eldridge,82378,DI,RICHMOND,6,0,0,276,58.6,,,,,,60.2,,,68.0,0,0,0,10,0,0,0,7,0
Fred Recio,82381,DI,MOREHEAD,8,0,0,234,58.2,,,,,,58.9,,,73.7,0,0,0,28,0,0,0,2,0
Matt Thomas,82382,DI,RHODE ISLD,6,0,0,274,59.5,,60.0,,,,60.7,,,68.8,0,0,2,16,0,0,0,3,0
Jesus Gibbs,82413,ED,TOWSON,3,0,0,317,59.4,,,,,,60.0,,,66.0,0,0,0,12,0,0,0,1,0
Antoine Howard,82418,DI,MS VLY ST,8,0,0,228,58.0,,,,,,59.0,,,69.2,0,0,0,20,0,0,0,6,0
Ethan Edmondson,82419,ED,MURRAY ST,8,0,0,236,59.0,,,,,,48.0,,,27.8,0,1,0,20,0,0,0,11,0
Octavious Pringle,82486,DI,NC A&T,8,0,0,246,58.7,,,,,,58.7,,,65.2,0,0,0,14,0,0,0,0,0
Nelson Jenkins III,82490,DI,SE LA,7,0,0,294,57.9,,,,,,57.6,,,66.1,0,0,0,20,0,0,0,1,0
Davin Cotton,82492,DI,SOUTHERN U,7,0,0,297,58.6,,,,,,60.7,,,72.9,0,0,0,14,0,0,0,6,0
Logan Kendall,82518,TE,IDAHO,8,0,0,185,60.0,,,,,,39.2,,,70.9,0,0,0,1,0,46,38,0,0
Drew Rice,82519,FB,IDAHO,2,0,0,185,,,,,,,61.0,,,70.3,0,0,0,0,0,12,0,0,0
Zach Angelillo,82544,FB,N COLORADO,9,0,0,253,,,,,,,61.7,,,71.7,0,0,0,0,2,57,0,0,0
Zack Piwniczka,82571,K,ARKAPB,11,0,0,112,,76.6,,,57.9,,63.2,,,74.7,2,0,39,0,51,0,0,0,0
Miller Braddock,82575,P,CHARLES SO,9,0,0,135,,,44.7,,53.4,,51.5,,46.7,29.9,1,2,39,0,3,0,62,0,1
Mateo Rengifo,82588,K,SE LA,13,0,0,294,,61.3,,,78.2,,64.4,,,78.5,0,0,92,0,100,0,0,0,2
Marcus O'Neal,82593,P,JACKSON ST,4,0,0,194,,,,,,,61.5,,69.0,70.5,0,0,0,0,0,0,18,0,0
Craig Walker,82598,P,NICHOLLS,11,0,0,243,,,60.0,,48.3,,64.3,,61.9,79.1,1,1,4,0,67,0,34,0,1
Paul Inzerillo,82602,K,LIUSHAR,10,0,0,1298,,66.7,,,49.2,,61.4,,56.9,68.3,0,0,27,0,4,0,5,0,0
Cole Deeds,82608,HB,AUSTINPEAY,1,0,0,116,,,,,60.0,,60.0,,,64.2,0,0,0,0,1,0,0,0,0
Logan Prescott,82631,K,IDAHO,10,0,0,185,,70.6,,,74.2,,61.7,,,68.9,0,0,46,0,10,0,0,0,0
Alan Selzer,82639,K,INDIANA ST,7,0,0,191,,55.1,,,,,60.9,,,65.9,0,0,28,0,0,0,0,0,0
Eyabi Okie-Anoma,82645,ED,TENN MARTN,10,0,0,310,59.2,,,,,,37.2,,,26.6,0,2,0,26,0,0,0,12,0
Trae Drake,82652,LB,W ILLINOIS,5,0,0,345,,,,,,,61.0,,,73.3,0,0,0,0,18,15,0,0,0
Terin Adams,83023,CB,W ILLINOIS,10,0,0,345,59.5,,,,,,59.7,,,75.2,1,0,0,41,7,0,17,18,0
Triston Anderson,83024,CB,ABILENE CH,10,0,0,100,59.3,,,,,,61.2,,,73.6,0,0,0,27,0,0,0,3,0
Nathan Page,83027,CB,CENT ARK,5,0,0,132,59.4,,,,,,54.5,,,71.6,0,0,0,18,12,0,9,4,1
Stanley Garner,83042,CB,HAMPTON,10,1,0,178,59.3,,,,,,68.8,,,81.5,0,0,0,30,51,0,0,38,3
Domonique Williams,83043,CB,TENN STATE,9,0,0,308,59.9,,,,,,54.9,,,75.4,0,0,0,1,15,40,0,0,0
Jordan Oliver,83050,CB,HOU BAPT,10,2,0,183,59.4,,,,,,66.6,,,74.7,0,0,0,37,38,0,1,18,0
L.J. Anderson,83081,CB,WEBER ST,4,0,0,342,,,,,,,65.1,,,68.7,0,0,0,0,4,0,8,2,1
Aretavious Hendrix,83092,CB,STF AUSTIN,11,1,0,301,59.7,,,,,,65.1,,,81.9,2,0,0,3,54,34,34,50,6
Josh Jones,83107,CB,IDAHO,4,0,0,185,59.7,,,,,,67.5,,,70.6,0,0,0,5,11,0,0,15,0
Calvontay Key,83127,CB,ALCORN ST,3,0,0,107,59.9,,,,,,62.4,,,77.0,0,0,0,1,5,1,0,2,0
Keyron Kinsler Jr.,83128,S,ALCORN ST,11,1,0,107,78.8,,,,,,87.6,,,79.6,0,0,0,47,54,4,10,39,3
Mike Price,83130,S,E TENN ST,13,0,0,157,59.6,,,,,,61.7,,,73.0,0,0,0,44,0,0,4,7,0
Stanleigh Bentley,83153,CB,ARKAPB,8,0,0,112,59.8,,,,,,49.3,,,72.5,0,0,0,25,7,0,3,8,0
Keyvien Johnson,83158,S,ARKAPB,5,0,0,112,59.4,,,,,,65.7,,,75.4,0,0,0,24,4,0,0,18,1
Hombre Kennedy,83189,S,CHARLES SO,9,0,0,135,59.9,,,,,,69.2,,,73.7,0,0,0,35,7,33,0,28,1
Aaron Maddox,83193,S,CAMPBELL,5,0,0,131,59.8,,,59.4,,,64.4,,,69.9,0,0,0,14,9,11,2,3,1
Dustin Johnson,83197,S,N COLORADO,11,0,0,253,60.0,,,,,,63.4,,,31.1,2,1,0,2,33,4,66,30,4
Joseph Sayles,83205,S,E KENTUCKY,11,0,0,159,81.6,,,,,,59.1,,,27.7,2,2,0,44,9,11,18,2,0
Trenton McGhee,83214,S,ALAB A&M,4,0,0,104,60.2,,,,,,60.7,,,71.6,1,0,0,16,28,0,8,5,2
Anthony Boston,83227,S,GRAMBLING,8,0,0,177,60.0,,,,,,61.7,,,81.6,1,0,0,2,34,17,65,28,2
Ryan Fields,83228,CB,GRAMBLING,11,0,0,177,78.8,,,,,,80.8,,,78.8,0,0,0,44,42,20,0,9,0
Zach Borisch,83230,HB,IDAHO,4,0,0,185,,,,,,,60.0,,,66.6,0,0,0,0,7,18,0,0,0
Jaxon Woodward,83231,S,IDAHO,10,0,0,185,59.9,,,61.8,,,64.9,,,82.9,3,0,0,3,46,57,38,42,2
Hunter DeRize,83232,WR,IDAHO,1,0,0,185,,,,,,,61.9,,,67.7,0,0,0,0,0,0,0,5,0
D'Andrei Pittman,83233,S,IDAHO,5,1,0,185,60.0,,,,,,69.1,,,75.7,0,0,0,1,17,28,0,11,1
Dylan Wyatt,83237,CB,CAL POLY,11,0,0,129,59.3,,,,,,62.9,,,75.3,0,0,0,56,0,0,0,25,0
DJ Johnson,83253,CB,S ILLINOIS,5,0,0,295,59.6,,,,,,62.6,,,70.2,0,0,0,9,1,0,0,11,0
CJ Holmes,83261,CB,JACKSON ST,12,0,0,194,86.4,,,,,,90.0,,,69.0,0,0,0,30,0,0,0,16,0
Taymon Cooke,83284,WR,NC A&T,10,0,0,246,59.9,,,81.8,,,69.5,,,78.5,0,0,0,1,2,39,40,26,1
Owen Goldsberry,83300,WR,PENN,7,0,0,267,,,,73.5,,,59.9,,,65.2,0,0,0,0,1,31,2,0,0
C.J. Smith,83303,S,CAMPBELL,2,0,1,131,59.8,,,,,,28.1,,,24.0,0,2,0,6,0,0,0,1,0
Benny Sapp III,83304,S,N IOWA,12,1,0,255,60.1,,,,,,62.8,60.0,,50.7,0,1,0,41,50,0,54,61,1
Isaiah Stalbird,83325,CB,S DAK ST,14,0,1,292,59.9,,,,,,41.9,,,27.0,0,2,0,40,22,0,0,10,2
Byron Perkins,83352,CB,HAMPTON,6,0,0,178,59.5,,,,,,65.6,,,74.7,0,0,0,16,26,0,0,14,0
Aaron Banks,83355,S,RICHMOND,10,1,0,276,59.4,,,,,,73.3,,,75.6,0,0,0,33,50,18,7,6,3
Tyrek Funderburk,83356,CB,RICHMOND,6,0,0,276,59.8,,,,,,61.6,,,71.0,0,0,0,16,0,0,3,12,0
Nile Harris,83357,S,RICHMOND,10,0,0,276,59.6,,,,,,65.5,,,72.4,0,0,0,7,50,0,0,0,0
Ja'Bari Jaudon,83367,CB,FL A&M,2,0,0,164,,,,,,,60.0,,,63.1,0,0,0,0,1,0,0,1,0
Nicario Harper,83390,S,JVILLE ST,9,1,1,196,59.8,,,,,,54.3,,,28.0,0,1,0,34,12,0,0,9,0
Alondras Strong,83414,S,ALABAMA ST,11,0,0,105,59.8,,,,,,62.3,,,68.6,1,0,0,9,36,0,0,6,2
BJ Crim,83461,S,ALABAMA ST,4,0,0,105,60.0,,,,,,66.9,,,65.2,0,0,0,1,14,0,0,0,1
Jaaron Jackson,83470,ED,ALCORN ST,1,0,0,107,,,60.0,,,,60.3,,,61.6,0,0,3,0,0,0,0,0,0
Blake Thomas,83472,LB,GRAMBLING,10,0,1,177,60.3,,,,,,55.0,,,29.0,0,1,0,46,0,0,22,13,1
Kukea Emmsley,83475,DI,N ARIZONA,7,0,0,252,58.1,,,,,,59.2,,,67.7,0,0,0,14,0,0,0,6,0
Wallace Cowins Jr.,83485,ED,N ALABAMA,11,0,0,389,58.5,,,,,,59.1,,,67.6,0,0,0,39,0,0,0,8,0
Marlon Young,83493,DI,SOUTHERN U,8,0,0,297,58.4,,,,,,58.9,,,66.7,0,0,0,15,0,0,0,3,0
Braxton Hughes,83544,QB,RICHMOND,7,0,0,276,,,63.8,,,,61.5,,,60.9,0,0,25,0,0,0,0,0,0
A.J. Carter,83611,HB,MCNEESE,2,0,0,217,,,,,,,60.6,,,65.9,0,0,0,0,1,0,0,1,0
Omar Allen Jr.,83622,HB,ARKAPB,3,0,0,112,,,,,,,66.8,,,77.4,0,0,0,0,12,19,0,12,1
Kyris Barnett,83649,HB,CHARLES SO,6,0,0,135,,,,65.8,,,65.1,,,66.1,0,0,0,0,3,20,0,0,1
Keilon Elder,83673,HB,GRAMBLING,1,0,0,177,,,,,,,60.8,,,68.9,0,0,0,0,0,3,4,0,0
Khalil Forehand,83677,HB,IDAHO,7,0,0,185,,,,,,,63.1,,,80.8,0,0,0,0,15,31,0,37,1
Robert Rivers,83713,HB,ALABAMA ST,11,2,0,105,,,,,,,79.9,,,90.8,0,0,0,0,47,45,0,46,1
Brian Snead,83732,HB,AUSTINPEAY,7,0,0,116,,,60.0,57.6,,,58.8,,,65.0,0,0,2,0,1,29,1,0,0
Aaron Dykes,83746,HB,RICHMOND,10,0,0,276,,,,57.2,,,60.8,,,66.7,0,0,0,0,0,46,46,0,1
Gino Appleberry,83803,HB,CHATTNOOGA,10,0,0,137,,,,61.3,,,61.7,,,73.3,1,0,0,0,6,40,28,21,1
Umstead Sanders,83816,ED,JVILLE ST,11,0,0,196,59.1,,,59.9,,,60.7,,,70.3,0,0,0,53,0,13,0,14,0
Day Day Coleman,83828,LB,STF AUSTIN,2,0,0,301,,,,,,,74.6,,,66.6,0,0,0,0,3,2,2,0,1
Ely Doyle,83832,S,E WASHGTON,9,0,0,161,59.9,,,,,,62.8,,,73.1,0,0,0,26,0,3,0,5,0
Rick Lester III,83844,S,MERCER,9,2,0,219,60.0,,,,,,72.4,,,76.1,0,0,0,6,56,1,0,10,2
Aaron Maisus,83870,S,WM & MARY,9,0,0,348,,,,61.8,,,58.0,,,28.9,0,1,0,0,37,3,0,23,1
Jeremiah Davis,83892,S,STF AUSTIN,11,1,0,301,59.6,,,,,,71.5,,,77.2,0,0,0,12,43,39,34,8,2
D'Angelo McKenzie,83911,CB,CAL POLY,1,0,0,129,,,,,,,59.9,,,65.7,0,0,0,0,0,7,0,0,0
Jerimiah Green,83925,TE,ALCORN ST,10,0,0,107,,,73.7,,,,79.2,,,74.1,0,0,44,0,0,21,28,0,2
Daryl Carter,83937,TE,ARKAPB,9,0,0,112,,,,59.9,,,51.8,,,33.5,1,2,0,0,13,7,27,50,2
McCallan Castles,83949,TE,UC DAVIS,10,0,0,322,60.0,,,,,,64.2,,,74.0,0,0,0,1,0,4,46,3,1
John Chiaramonte Jr.,83950,ED,CHARLES SO,9,1,0,135,59.2,,16.8,,,,44.9,,,70.5,1,0,39,16,8,6,23,5,1
Connor Whitney,83976,TE,IDAHO,9,0,0,185,,,,,,,57.7,,,58.0,0,0,0,0,0,50,35,0,1
Dalton Cash,83978,TE,IDAHO,11,0,0,185,58.9,,72.1,,,,55.0,,,28.9,0,1,40,11,0,49,21,0,0
DJ Stevens,83989,TE,JACKSON ST,11,1,0,194,,,73.6,59.6,,,60.7,,,46.2,1,1,49,0,26,41,57,55,1
James Fagan,84031,DI,HAMPTON,8,0,0,178,58.8,,,,,,60.2,,,71.5,0,0,0,12,0,0,0,3,0
Isaiah Smalls,84035,TE,IDAHO ST,1,0,0,186,,,,,,,60.0,,,61.1,0,0,0,0,0,1,0,0,0
Thomas Marcus,84105,WR,MORGAN ST,7,0,0,235,,,,59.6,,,63.5,,,75.2,0,0,0,0,0,25,3,22,0
Joshua Szott,84106,WR,COLGATE,2,0,0,142,,,,,,,61.0,,,69.5,0,0,0,0,0,10,0,0,0
Keith Davis,84110,WR,DIXIE,7,0,0,1285,,,,58.7,,,61.3,69.4,,66.1,0,0,0,0,2,8,0,25,0
Josh Wilkes,84123,WR,ARKAPB,9,0,0,112,,,,57.1,,,59.9,62.4,,69.4,0,0,0,0,1,49,0,4,0
Dejuan Miller,84125,WR,ARKAPB,8,0,0,112,,,64.2,,,,62.0,89.2,,65.8,0,0,28,0,2,0,0,27,0
Kolbi Fuqua,84139,S,JVILLE ST,11,2,0,196,59.7,,,,,,77.3,,,72.8,0,0,0,49,27,1,30,5,4
Demetrius Jones,84155,WR,CHARLES SO,3,0,0,135,,,,,,,60.8,,,64.2,0,0,0,0,3,0,0,0,0
Cayden Jordan,84157,WR,CHARLES SO,5,0,0,135,,,,,,,61.6,69.3,,68.1,0,0,0,0,3,2,0,25,0
Da'Kendall James,84158,WR,NORFOLK,1,0,0,244,,,,,,,60.0,,,64.9,0,0,0,0,0,1,0,0,0
Jai Williams,84160,WR,CAMPBELL,1,0,0,131,,,,58.7,,,60.0,,,62.0,0,0,0,0,0,4,0,0,0
Donald Johnson III,84198,WR,GRAMBLING,11,0,0,177,,,,65.0,,,59.0,,,67.1,0,0,0,0,0,62,0,0,0
Darqueze Brutton,84201,HB,GRAMBLING,4,0,0,177,,,,58.3,,,60.4,,,68.4,0,0,0,0,0,9,7,4,0
Zavier Cooper,84203,WR,GRAMBLING,11,0,0,177,,,,,,,52.1,,,29.0,0,1,0,0,0,13,0,35,0
Michael Noil,84205,WR,IDAHO,1,0,0,185,,,,,,,59.0,,,62.5,0,0,0,0,0,8,0,0,0
Bryce Oliver,84248,WR,YNGTOWN ST,6,0,0,353,,,,58.4,,,64.4,,,67.9,0,0,0,0,17,7,0,3,2
Devonta Jason,84309,WR,NICHOLLS,1,0,0,243,,,,61.8,,,60.0,,,65.5,0,0,0,0,0,1,0,0,0
Austin Ogunmakin,84335,WR,STF AUSTIN,2,1,0,301,60.0,,,,,,67.2,,,65.6,0,0,0,1,18,0,0,0,0
Micah Jones,84352,WR,ILL STATE,5,0,0,188,,,,,,,65.1,,,73.1,0,0,0,0,0,0,0,15,0
Jordan Bonner,84382,WR,ELON,6,0,0,162,,,,,,,63.3,,,75.4,0,0,0,0,8,30,0,5,0
Justin Jasper,84383,WR,RICHMOND,5,0,0,276,,,,,,,61.5,,,72.4,0,0,0,0,0,21,0,0,0
Isaac Brown,84384,WR,RICHMOND,7,0,0,276,,,,,,,61.4,70.8,,71.2,0,0,0,0,0,17,0,44,0
Javis Hanks,84387,CB,BRYANT,9,0,0,124,59.4,,,,,,63.8,,,73.8,0,0,0,22,2,0,0,38,0
Jalen Jordan,84388,WR,MAINE,1,0,0,212,,,,,,,60.0,,,63.4,0,0,0,0,0,0,1,0,0
Paul Woods,84391,WR,RHODE ISLD,4,0,0,274,,,,,,,68.9,,,69.6,0,0,0,0,1,1,5,15,0
Mo Edwards Jr.,84410,WR,E KENTUCKY,1,0,0,159,,,,,,,60.0,,,64.9,0,0,0,0,0,1,0,0,0
Tyrone Legette,84413,CB,SE LA,10,0,0,294,59.6,,,,,,66.6,,,73.1,1,0,0,5,49,0,8,16,4
QuenTyvian Borders,84431,WR,STF AUSTIN,11,0,0,301,,,,,,,65.9,,,80.7,0,0,0,0,1,1,0,60,0
Jah'Marae Sheread,84443,WR,FL A&M,12,0,0,164,,,,57.9,,,65.5,83.3,,67.6,0,0,0,0,0,37,0,53,0
Daniel Crowell,84453,TE,JACKSON ST,2,0,0,194,,,60.0,,,,65.1,,,69.9,0,0,1,0,7,2,0,11,0
Tevin Sharpe,84461,WR,ALABAMA ST,10,0,0,105,,,,,,,63.1,,,75.1,1,0,0,0,28,10,35,10,1
CJ Bolar,84498,WR,ALCORN ST,8,1,0,107,59.9,,,58.6,,,64.4,59.2,,70.2,0,0,0,3,7,7,4,25,0
Marquis Spiker,84500,WR,PORTLAND,9,1,0,269,,,,59.2,,,55.3,,,72.6,2,0,0,0,35,52,2,18,0
Kassidy Woods,84507,WR,N COLORADO,4,0,0,253,,,,,,,60.7,,,68.0,0,0,0,0,5,2,5,0,0
Moss Saccomanno,84551,TE,ROB MORRIS,6,0,0,277,,,68.2,,,,63.9,,,71.7,0,0,23,0,0,0,0,0,0
Micah Gardner,85720,S,DIXIE,4,0,0,1285,59.9,,,,,,61.8,,,66.1,0,0,0,5,1,0,0,3,0
Seth Broussard,85727,TE,VALPO,3,0,0,332,,,,,,,48.7,,,68.4,0,1,0,0,0,12,0,0,0
Walter Pongia,86081,G,DIXIE,5,0,0,1285,,,69.4,,,,53.9,,,27.3,0,1,26,0,0,0,0,0,0
Mark Mahoney,86116,T,SAN DIEGO,2,0,0,283,,,60.3,,,,62.2,,,67.3,0,0,5,0,0,0,0,1,0
Blake Ruffin,86298,S,E ILLINOIS,11,0,0,158,59.9,,,,,,71.5,,,78.9,0,0,0,29,18,12,30,31,3
Xavier Harris,86420,HB,MONTANA,2,0,0,232,,,,,,,62.6,,,69.4,0,0,0,0,0,2,0,5,0
Michael Ambagtsheer,86483,ED,UC DAVIS,12,0,0,322,59.3,,,,,,60.8,,,69.1,0,0,0,42,0,0,0,7,0
Cy Kuboyama-Hayashi,86537,WR,DIXIE,3,0,0,1285,,,,,,,60.6,,,68.3,0,0,0,0,1,13,1,1,0
Aaron Fontes,86638,WR,MONTANA,4,0,0,232,,,,65.0,,,60.8,32.6,,65.5,0,0,0,0,0,6,0,16,0
Ozzie Nicholas,86729,LB,PRINCETON,7,0,0,272,,,,,,,69.6,,,73.9,0,0,0,0,35,0,3,23,2
Alton Jefferson,86760,DI,E ILLINOIS,10,0,0,158,58.3,,,,,,59.5,,,68.1,0,0,0,23,0,0,0,9,0
Jacob Saewitz,86816,ED,SAN DIEGO,11,0,0,283,58.6,,75.0,,,,50.2,,,75.7,0,0,51,31,0,0,53,3,0
Tison Gray,86841,G,SCAR STATE,12,0,0,290,,,75.8,,,,64.7,,,70.3,0,0,48,0,0,0,79,0,0
Kobe Clark,86853,WR,ABILENE CH,2,0,0,100,,,,59.9,,,60.0,60.3,,63.7,0,0,0,0,0,2,0,1,0
Terrence Horne,86859,WR,W CAROLINA,9,0,0,344,,,,58.4,,,60.1,,,66.3,0,0,0,0,1,44,1,4,0
Jimmy Wormsley,86949,C,S ILLINOIS,12,0,0,295,,,76.2,,,,65.9,,,75.8,0,0,65,0,0,0,0,0,0
Kortney Cox,86951,CB,FL A&M,11,0,0,164,60.1,,,59.9,,,65.7,,,69.6,0,0,0,20,41,6,0,11,1
Eric Smith,86953,CB,FL A&M,2,0,0,164,59.9,,,,,,61.5,,,69.3,0,0,0,3,11,0,6,4,0
Chance Bush,86956,CB,S ILLINOIS,4,0,0,295,59.8,,,,,,44.0,,,27.7,0,1,0,2,0,1,0,17,0
Robert Javier,86964,CB,TOWSON,10,1,0,317,,,,,,,66.7,,,73.2,1,0,0,0,31,0,0,34,2
Jirhe Love,86965,CB,TOWSON,10,0,0,317,60.0,,,,,,53.0,,,28.7,0,1,0,1,4,0,0,36,0
Ryan Poole,86967,CB,WM & MARY,10,0,0,348,59.5,,,,,,62.3,,,73.7,0,0,0,40,0,4,0,13,0
Keenan Isaac,86972,CB,ALABAMA ST,11,0,0,105,59.3,,,61.8,,,67.5,,,82.7,0,0,0,43,0,1,0,55,0
Daniel Troutman,86974,CB,ALABAMA ST,6,0,0,105,,,,59.9,,,72.8,,,73.5,0,0,0,0,11,21,15,22,2
Karon Delince,86984,CB,E TENN ST,13,0,0,157,59.5,,,,,,63.3,,,53.2,0,1,0,44,25,0,49,11,3
Tyree Robinson,86987,S,E TENN ST,13,0,0,157,59.7,,,60.0,,,68.3,,,42.4,2,1,0,44,60,1,12,7,8
Quinn Smith,86993,CB,E TENN ST,4,0,0,157,59.9,,,,,,57.0,,,33.2,0,1,0,1,28,11,0,19,0
Liam Anderson,86995,LB,HOLY CROSS,13,0,0,181,59.7,,,,,,62.5,,,71.8,0,0,0,29,2,0,56,8,1
Cristos Argys,86996,S,HOLY CROSS,13,2,0,181,59.6,,,,,,69.1,,,81.6,1,0,0,15,72,0,0,46,2
Lemuel Marucot,86999,S,HOLY CROSS,13,0,0,181,60.0,,,,,,60.7,,,83.2,1,0,0,1,14,52,0,57,0
Terrell Prince,87000,S,HOLY CROSS,11,0,0,181,59.7,,,,,,57.9,,,72.4,0,0,0,29,7,1,36,1,0
Connor Reid,87001,S,BUTLER,10,1,0,127,60.2,,,,,,66.9,,,78.9,1,0,0,45,37,0,0,8,2
Walter Reynolds,87002,S,HOLY CROSS,11,0,0,181,59.3,,,,,,63.1,,,71.6,0,0,0,33,5,0,0,12,0
Alex Sloan,87003,TE,HOLY CROSS,7,0,0,181,,,67.2,,,,53.5,,,65.3,1,0,20,0,0,1,7,0,0
John Smith,87004,CB,HOLY CROSS,10,0,0,181,59.3,,,,,,60.7,,,70.1,0,0,0,31,1,0,0,1,0
Kaelub Newman,87005,CB,INDIANA ST,11,0,0,191,59.6,,,,,,69.3,,,75.6,0,0,0,8,10,0,24,23,2
Dwayne Thompson II,87006,S,INDIANA ST,8,0,0,191,60.1,,,,,,64.4,,,72.1,1,0,0,20,17,0,4,19,1
Nehemiah Montague,87010,S,INDIANA ST,2,0,0,191,,,,,,,51.7,,,29.4,0,1,0,0,7,9,12,6,0
Ty Hambright,87012,S,INDIANA ST,8,0,0,191,60.2,,,,,,62.3,,,68.0,0,0,0,11,4,0,3,7,0
Steven Jones,87014,CB,LAMAR,6,0,0,204,59.5,,,,,,57.0,,,28.1,0,1,0,13,4,1,3,12,1
Marcus Vaughn-Jones,87034,LB,N DAKOTA,10,1,0,249,60.1,,,,,,83.8,,,80.9,0,0,0,3,50,35,3,30,1
Jacob Odom,87035,WR,N DAKOTA,5,0,0,249,,,,,,,64.5,,,72.0,0,0,0,0,26,0,0,4,0
Hayden Galvin,87036,S,N DAKOTA,8,0,0,249,59.7,,,,,,60.1,,,63.9,0,0,0,21,0,1,0,1,0
C.J. Siegel,87039,CB,N DAKOTA,10,0,0,249,59.5,,,46.2,,,62.9,,,72.2,0,0,0,18,0,2,0,18,0
Kadon Kauppinen,87042,S,N DAKOTA,4,0,0,249,60.0,,,,,,60.3,,,64.6,0,0,0,6,0,0,2,2,0
Davion Ross,87045,CB,SACRAMENTO,4,0,0,279,59.7,,,,,,62.6,,,69.4,0,0,0,4,4,0,0,8,0
Marcus Aponte,87049,S,SACRAMENTO,7,0,0,279,,,,,,,50.4,,,71.3,1,0,0,0,22,17,7,11,1
Jonathan Moore,87052,CB,SAMFORD,5,0,0,282,59.8,,,,,,51.4,,,73.8,1,0,0,3,15,28,0,1,1
Jamal Gay,87056,S,TOWSON,11,1,0,317,59.8,,,59.9,,,72.9,,,72.5,0,0,0,18,34,1,10,36,1
Naseem Barnett,87062,CB,WAGNER,5,0,0,338,59.7,,,,,,61.7,,,69.8,0,0,0,25,11,5,0,15,0
Matt Ansell,87063,S,WAGNER,11,0,0,338,60.0,,,,,,66.9,,,71.5,0,0,0,41,12,10,10,8,1
DeShon Gavin,87065,HB,W ILLINOIS,5,0,1,345,,,,,,,64.2,,,74.9,0,1,0,0,17,28,0,5,1
Ziare Williams,87067,S,W ILLINOIS,7,2,0,345,59.9,,,,,,78.6,,,77.7,0,0,0,9,16,13,25,20,2
Cam Spangler,87084,CB,WM & MARY,1,0,0,348,,,,,,,63.2,,,67.0,0,0,0,0,0,0,0,6,0
Isaiah Jones,87085,LB,WM & MARY,10,0,0,348,59.5,,,,,,61.1,,,69.2,0,0,0,31,2,10,1,5,0
Gregory Cuffey,87086,CB,WM & MARY,8,1,0,348,59.9,,,,,,81.9,,,75.2,0,0,0,1,4,15,33,11,2
Malcolm Spencer,87087,S,WM & MARY,10,0,0,348,60.0,,,,,,66.8,,,76.8,0,0,0,28,26,9,2,11,1
Joshua Murray,87091,CB,TEXAS STHN,10,1,0,313,90.1,,,,,,90.3,,,77.3,2,0,0,50,43,0,11,15,2
Marquis Walker,87101,S,TEXAS STHN,10,0,0,313,59.6,,,,,,62.6,,,71.7,0,0,0,41,3,0,44,3,1
Francis Bemiy,87107,ED,SO UTAH,11,0,0,298,74.1,,69.5,,,,80.4,,,67.6,0,0,28,43,0,0,0,4,0
Trey Zgombic,87110,ED,WM & MARY,10,1,0,348,,,70.2,,,,66.6,,,76.1,0,0,30,0,47,37,3,4,2
Trejuan Purty,87115,ED,VALPO,10,0,0,332,58.9,,,,,,60.1,,,70.7,0,0,0,40,0,0,0,5,0
Caman Cody,87119,DI,E TENN ST,3,0,0,157,59.1,,,,,,59.1,,,63.4,0,0,0,5,0,0,0,0,0
Olajuwon Pinkelton,87122,ED,E TENN ST,11,0,0,157,58.7,,60.0,,,,59.5,,,67.2,0,0,6,25,0,0,0,3,0
Matt Cedeno,87126,DI,HOLY CROSS,13,0,0,181,58.1,,61.5,,,,57.8,,,72.6,0,0,10,24,0,0,39,1,0
Liam Doran,87128,LB,HOLY CROSS,13,0,0,181,59.7,,,,,,60.8,,,74.4,0,0,0,12,0,0,61,1,0
Dan Kuznetsov,87129,ED,HOLY CROSS,13,0,1,181,59.1,,,,,,45.7,,,27.3,0,2,0,22,0,33,0,0,0
Jason Modak,87130,DI,HOLY CROSS,11,0,0,181,58.1,,,,,,58.0,,,67.0,0,0,0,31,0,0,0,1,0
Jake Reichwein,87131,ED,HOLY CROSS,9,0,0,181,58.6,,,,,,59.3,,,68.4,0,0,0,23,0,7,1,1,0
Kaleb Brewer,87133,ED,INDIANA ST,11,0,0,191,60.3,,,,,,61.4,,,69.1,0,0,0,47,0,0,0,0,0
Justin Sambu,87144,ED,MAINE,8,0,0,212,58.5,,,,,,59.3,,,68.0,0,0,0,22,0,0,0,6,0
Josh Lezin,87147,DI,MAINE,11,0,0,212,72.0,,63.4,,,,75.5,,,71.8,0,0,8,38,0,0,38,14,0
Griffin Lickfeldt,87153,DI,N DAKOTA,5,0,0,249,58.9,,,,,,60.9,,,67.7,0,0,0,7,0,0,0,5,0
Jaelen Johnson,87154,DI,N DAKOTA,6,0,0,249,58.7,,,,,,60.2,,,68.8,0,0,0,14,0,0,0,5,0
Jett Stanley,87156,DI,SACRAMENTO,12,0,0,279,58.6,,73.7,,,,64.3,,,70.2,0,0,50,21,0,0,26,18,1
Joseph Mera,87161,ED,SAMFORD,11,0,0,282,58.4,,,59.9,,,59.3,,,73.9,0,0,0,39,0,21,47,4,0
Tay Berry,87162,DI,SAMFORD,11,0,0,282,58.4,,74.3,,,,65.8,,,72.9,0,0,53,44,0,22,47,3,0
Braeden Royal,87165,DI,SAMFORD,7,0,0,282,59.4,,,,,,60.2,,,66.2,0,0,0,16,0,0,0,2,0
Aaron Romero,87166,DI,SO UTAH,10,0,0,298,58.9,,,,,,54.4,,,29.2,0,1,0,33,0,0,23,2,0
Drake Knowles,87168,DI,SO UTAH,7,0,0,298,58.7,,60.0,,,,59.5,,,66.9,0,0,2,18,0,0,0,2,0
Christy Nkanu,87169,G,SO UTAH,1,0,0,298,,,60.0,,,,60.0,,,64.5,0,0,1,0,0,0,0,0,0
Bryce Lauer,87172,DI,TOWSON,10,0,0,317,58.3,,,,,,58.6,,,66.8,0,0,0,22,0,0,14,0,0
Vinnie Shaffer,87174,DI,TOWSON,10,0,0,317,57.2,,,,,,56.8,,,68.7,0,0,0,41,0,0,0,3,0
Xavier Young,87177,DI,WAGNER,10,0,0,338,58.9,,61.4,,,,60.4,,,66.4,0,0,12,22,0,0,0,2,0
Tristan Pfeiffer,87180,ED,W ILLINOIS,6,0,0,345,59.2,,,,,,60.3,,,66.2,0,0,0,10,0,0,28,0,0
Jake Detiveaux,87181,DI,W ILLINOIS,11,0,0,345,59.0,,,,,,55.6,,,28.9,0,1,0,4,0,0,66,0,0
Zyquan Bessant,87198,DI,WM & MARY,8,0,0,348,58.4,,,,,,58.8,,,68.3,0,0,0,40,0,0,0,3,0
Marteise Phipps,87199,ED,WM & MARY,5,0,0,348,59.8,,,,,,68.4,,,69.5,0,0,0,3,11,1,0,1,1
Vinny Gentile,87200,DI,YNGTOWN ST,10,0,0,353,58.3,,,,,,48.0,,,27.8,0,1,0,35,0,0,0,0,0
Derek Hite,87201,G,YNGTOWN ST,3,0,0,353,,,60.0,,,,61.5,,,62.2,0,0,8,0,0,0,0,0,0
Isaiah Chance,87210,ED,TEXAS STHN,9,0,0,313,59.7,,70.9,,,,63.5,,,63.3,0,0,34,1,0,0,5,1,0
DeMarko Craig,87222,DI,YNGTOWN ST,2,0,0,353,59.5,,,,,,59.7,,,63.3,0,0,0,2,0,0,0,0,0
Dontae Cilenti,87225,DI,YNGTOWN ST,7,0,0,353,59.1,,,,,,59.3,,,65.4,0,0,0,11,0,0,0,0,0
Jacob Garrett,87228,TE,S ILLINOIS,4,0,0,295,,,,,,,60.6,,,65.2,0,0,0,0,0,0,14,0,0
Luke Hamilton,87229,TE,TOWSON,7,0,0,317,,,,,,,55.8,,,74.3,1,0,0,0,6,34,31,12,0
Ronnie Fox,87230,DI,FORDHAM,2,0,0,168,,,,,,,60.0,,,67.7,0,0,0,0,0,0,0,2,0
Derek Ng,87238,K,HOLY CROSS,13,0,0,181,,71.9,,,59.5,,54.4,,,36.3,0,1,71,0,79,0,0,0,0
Luis Torres,87246,K,W ILLINOIS,3,0,0,345,,,,,62.1,,60.6,,,69.0,0,0,0,0,7,0,0,0,0
Will Whitehurst,87248,P,WM & MARY,9,0,0,348,,,,,56.6,,62.4,,49.4,72.7,0,1,0,0,4,0,29,0,0
Claudio Quintanilla,87250,P,ALABAMA ST,1,0,0,105,,60.0,,,,,60.0,,,61.7,0,0,1,0,0,0,0,0,0
David Gelb,87257,P,MAINE,10,0,0,212,,,65.7,,,,63.1,,41.1,72.1,0,0,42,0,0,0,46,0,0
Donovan Manuel,87272,LB,E TENN ST,13,0,0,157,59.8,,,,,,64.6,,,72.9,2,0,0,43,3,1,38,7,3
Jawan Martin,87273,FB,E TENN ST,13,4,0,157,,,,,,,76.7,,,28.7,0,2,0,0,78,60,22,1,10
Colton Lakes,87274,LB,E TENN ST,8,0,0,157,59.9,,69.0,,,,62.7,,,64.1,0,0,26,2,0,0,26,0,0
Jalen Porter,87275,ED,E TENN ST,13,0,0,157,59.4,,,,,,62.2,,,72.0,0,0,0,20,13,0,26,4,0
Blake Bockrath,87276,ED,E TENN ST,3,0,0,157,59.7,,64.7,,,,62.2,,,64.4,0,0,14,11,0,0,0,3,0
Cullen Honohan,87277,TE,HOLY CROSS,13,0,0,181,,,76.9,,,,62.1,,,45.0,0,1,65,0,0,5,61,0,1
Anthony Leo,87278,LB,HOLY CROSS,1,0,0,181,,,,,,,56.3,,,70.8,0,0,0,0,7,5,8,7,0
Dayveon Higgs,87283,LB,INDIANA ST,6,2,0,191,60.0,,,,,,67.1,,,70.3,0,0,0,1,1,3,35,0,0
Johnny May,87284,LB,INDIANA ST,10,1,0,191,60.0,,,,,,60.6,,,29.5,0,1,0,11,13,43,43,22,1
Matt Thompson,87285,LB,INDIANA ST,11,1,0,191,59.4,,,,,,52.8,,,52.4,3,1,0,50,22,0,56,25,0
Luke Wallis,87287,LS,LAMAR,10,0,0,204,,,80.2,,,66.3,59.9,,,28.0,2,2,30,0,0,0,60,0,3
Adrian Otero,87291,LB,MAINE,11,2,0,212,82.0,,,,,,86.7,,,73.7,0,0,0,44,19,3,57,13,2
Devan Hebron,87299,LB,MORGAN ST,1,0,0,235,60.0,,,,,,60.0,,,62.9,0,0,0,1,0,0,0,0,0
Caden White,87300,LB,N DAKOTA,10,0,0,249,59.4,,,,,,66.1,,,73.5,0,0,0,11,0,43,39,6,0
Ted Mullin,87302,LB,N DAKOTA,10,0,0,249,59.7,,,,,,65.9,,,78.1,0,0,0,11,3,47,27,10,1
Jeremy Harris,87306,LB,SACRAMENTO,12,0,0,279,59.8,,,,,,67.4,,,79.7,2,0,0,12,42,42,30,40,5
Armon Bailey,87308,LB,SACRAMENTO,3,0,0,279,60.0,,,,,,70.7,,,68.2,0,0,0,1,3,0,0,2,1
Tali Finefeuiaki,87309,LB,SACRAMENTO,11,0,0,279,59.5,,,,,,63.4,,,74.5,1,0,0,14,57,24,0,13,1
Trent Shedd,87312,LB,SAMFORD,11,0,0,282,,,,59.9,,,60.3,,,76.3,0,0,0,0,1,17,47,42,0
Aubrey Nellems,87315,LB,SO UTAH,8,0,1,298,60.6,,,,,,56.5,,,30.0,0,1,0,44,0,29,0,6,0
Quaid Murray,87316,ED,SO UTAH,10,0,0,298,59.7,,63.6,,,,62.9,,,70.7,0,0,12,36,5,0,4,9,0
Jayden Clark,87317,LB,SO UTAH,9,0,0,298,60.1,,,,,,62.1,,,66.2,0,0,0,55,0,0,0,6,0
Ryan Kearney,87321,LB,TOWSON,11,1,0,317,59.9,,,,,,62.1,,,74.6,1,0,0,19,0,34,47,1,0
Keyon Means-Bowman,87323,LB,WAGNER,3,0,0,338,59.9,,,,,,72.0,,,90.8,0,0,0,4,1,8,11,2,1
Malik Johnson,87325,ED,N ARIZONA,9,0,0,252,58.4,,,,,,60.1,,,68.9,0,0,0,21,7,15,0,4,0
Greg Benton Jr.,87326,LB,W ILLINOIS,10,0,0,345,60.0,,,,,,60.3,,,78.1,1,0,0,49,41,21,1,20,2
Herschel Blankenship,87329,LB,W ILLINOIS,10,0,0,345,59.9,,,,,,62.2,,,72.7,1,0,0,44,21,0,39,0,1
Jalen Powe,87330,CB,W ILLINOIS,11,0,0,345,59.5,,,,,,61.1,,,71.1,0,0,0,61,4,12,2,6,0
Hunter Mason,87332,ED,W ILLINOIS,11,0,0,345,58.1,,60.0,,,,59.5,,,73.4,0,0,4,58,0,0,33,5,0
Joey Nameth,87348,FB,WM & MARY,8,0,0,348,,,,,,,72.2,,,77.4,0,0,0,0,40,32,43,24,4
Griffin Hoak,87352,LB,YNGTOWN ST,10,0,0,353,59.1,,,,,,59.5,,,65.8,0,0,0,52,1,0,1,0,0
Demontario Anderson,87355,ED,TEXAS STHN,11,0,0,313,58.5,,60.0,,,,60.0,,,71.7,0,0,1,49,0,0,0,8,0
Julian Marcantel,87361,LB,TEXAS STHN,8,0,0,313,59.9,,,,,,61.7,,,68.4,0,0,0,45,0,0,0,6,0
Drew Robinson,87363,LB,TEXAS STHN,11,0,0,313,60.0,,,,,,55.7,,,28.9,0,2,0,28,2,1,44,37,1
Chandlor Mullins,87368,LS,E TENN ST,13,0,0,157,,,36.6,,,25.3,52.2,,,66.9,0,0,74,0,0,0,51,0,2
Ross Hinders,87372,LS,N DAKOTA,10,0,0,249,,,84.7,,,88.8,75.1,,,66.2,0,0,45,0,0,0,39,0,0
Mike McAllister,87376,C,YNGTOWN ST,10,0,0,353,,,75.0,,,,64.7,,,64.4,0,0,38,0,0,1,0,0,0
Taurrian Stafford,87379,G,ALABAMA ST,6,0,0,105,,,68.3,,,,63.5,,,69.4,0,0,17,0,0,0,0,0,0
Tre'Mond Shorts,87380,T,E TENN ST,13,0,0,157,,,80.0,,,,66.3,,,64.9,0,0,73,0,0,0,2,0,0
Cason Setzekorn,87393,G,E TENN ST,5,0,0,157,,,70.4,,,,63.7,,,65.8,0,0,34,0,0,0,0,0,0
Jack McCauley,87397,C,HOLY CROSS,13,0,0,181,,,84.9,,,66.3,63.6,,,29.8,0,1,68,0,0,0,58,0,0
Jose Vazquez IV,87401,G,INDIANA ST,4,0,0,191,,,66.6,,,,62.8,,,64.4,0,0,13,0,0,0,0,0,0
Carter Herrin,87403,T,INDIANA ST,6,0,0,191,,,67.6,,,,63.2,,,63.1,0,0,25,0,0,0,0,0,0
Michael Gerace,87413,C,MAINE,9,0,0,212,,,57.1,,,,52.8,,,28.2,0,1,41,0,0,0,0,0,0
Matthias Staalsoe,87415,G,MAINE,5,0,0,212,,,69.8,,,,63.5,,,64.3,0,0,19,0,0,0,0,0,0
Tyrie Francois,87419,G,MAINE,1,0,0,212,,,,,,,60.0,,,63.3,0,0,0,0,0,0,0,0,0
Kevin Jones,87420,T,MAINE,5,0,0,212,,,66.2,,,,63.0,,,69.3,0,0,16,0,0,0,0,0,0
Donald Ventrelli,87429,T,N DAKOTA,10,0,0,249,,,73.9,,,,64.6,,,66.1,0,0,44,0,0,0,0,0,0
Ben Christian,87431,G,N DAKOTA,10,0,0,249,,,73.9,,,,68.1,,,75.0,0,0,45,0,0,0,39,0,2
Beau Myers,87437,C,SAMFORD,1,0,0,282,,,62.1,,,,62.1,,,69.1,0,0,8,0,0,0,0,0,0
Austin Guyse,87438,T,SAMFORD,10,0,0,282,,,75.5,,,,65.7,,,76.1,0,0,59,0,0,0,0,0,0
Leonidas Jacobsen,87444,C,SO UTAH,9,0,0,298,,,70.3,,,,63.6,,,68.3,0,0,32,0,0,0,18,0,0
Alex Desire,87449,G,TOWSON,8,0,0,317,,,70.8,,,,64.1,,,70.4,0,0,28,0,0,0,0,0,0
Jonathan Irizarry,87451,G,MS VLY ST,3,0,0,228,,,60.0,,,,61.9,,,68.5,0,0,7,0,0,0,0,0,0
Zef Djurasevic,87453,G,WAGNER,9,0,0,338,,,71.3,,,,63.8,,,64.0,0,0,23,0,0,0,0,0,0
Sowande McWhite,87454,T,WAGNER,2,0,0,338,,,60.0,,,,61.7,,,67.7,0,0,6,0,0,0,0,0,0
Xavier Bryson,87456,T,WAGNER,6,0,0,338,,,65.0,,,,62.6,,,64.4,0,0,16,0,0,0,0,0,0
Brandon Malkow,87458,C,W ILLINOIS,10,0,0,345,,,75.1,,,,63.8,,,65.5,0,0,40,0,0,0,2,0,0
Jack Whyte,87462,TE,W ILLINOIS,11,0,0,345,,,60.0,,,,67.2,,,68.6,0,0,4,0,0,55,58,0,2
Colby Sorsdal,87479,T,WM & MARY,1,0,0,348,,,60.0,,,,60.0,,,61.6,0,0,1,0,0,0,0,0,0
Ryan Childress,87481,G,WM & MARY,8,0,0,348,,,73.0,,,,64.7,,,70.8,0,0,33,0,0,0,0,0,0
Marcus Crowell,87482,G,WM & MARY,6,0,0,348,,,68.8,,,,63.6,,,70.9,0,0,22,0,0,0,0,0,0
Tate McConnell,87490,T,TEXAS STHN,5,0,0,313,,,78.6,,,52.5,66.9,,,65.6,0,0,26,0,0,0,24,0,2
Drake Centers,87499,T,TEXAS STHN,3,0,0,313,,,60.7,,,,61.8,,,65.1,0,0,8,0,0,0,0,0,0
Aidan Hemphill,87500,T,TEXAS STHN,6,0,0,313,,,69.1,,,,63.2,,,61.8,0,0,27,0,0,0,0,0,0
Beau Branyan,87506,T,S ILLINOIS,13,0,0,295,,,76.8,,,,65.2,,,64.5,0,0,70,0,0,0,0,0,0
Henry Yoboue,87507,T,YNGTOWN ST,2,0,0,353,,,60.0,,,,61.1,,,63.0,0,0,6,0,0,1,0,0,0
Travis Reiner,87509,P,INDIANA ST,11,0,0,191,,,64.2,,,,63.6,,65.5,75.0,0,4,28,0,0,0,69,0,1
Cade Peterson,87511,P,N DAKOTA,10,0,0,249,,,66.0,,,,62.9,,67.4,70.9,0,0,45,0,0,0,39,0,0
Nick DeSalvo,87515,P,YNGTOWN ST,10,0,0,353,,,65.4,,,,62.5,,61.2,68.7,0,0,39,0,0,0,22,0,0
Michael Haupert,87526,QB,INDIANA ST,6,0,0,191,,,,61.0,,,71.4,40.0,,66.7,0,0,0,0,0,25,5,15,1
Marcellus Johnson,87529,WR,LAMAR,3,0,0,204,,,,,,,61.1,,,65.8,0,0,0,0,3,3,0,1,0
Ty Hatcher,87537,QB,SAMFORD,11,0,0,282,,,67.4,,,,62.3,,,61.2,0,0,67,0,0,0,0,0,0
Javon Williams Jr.,87540,HB,S ILLINOIS,13,0,0,295,,,,48.5,,,60.3,72.1,,72.2,0,0,0,0,0,66,0,57,0
Nic Baker,87541,QB,S ILLINOIS,13,0,0,295,,,67.6,,,,55.5,,,27.7,0,1,70,0,0,0,0,0,0
Tyler Skidmore,87543,QB,SO UTAH,6,0,0,298,,,63.7,,,,61.5,,,61.4,0,0,24,0,1,0,0,0,0
Kevin Jarrell,87554,LB,WM & MARY,10,0,0,348,59.7,,60.0,,,64.0,60.8,,,68.7,0,0,1,41,1,4,55,6,1
Jacob Saylors,87559,HB,E TENN ST,13,3,0,157,,,,84.4,,,55.5,,,74.7,4,0,0,0,68,58,42,0,3
Quay Holmes,87560,HB,E TENN ST,4,0,0,157,,,,,,,60.7,,,65.7,0,0,0,0,3,1,1,0,0
D.J. Twitty,87562,HB,E TENN ST,6,0,0,157,59.9,,,,,,58.8,,,68.0,0,0,0,1,0,0,14,0,0
Jonathan Abrams,87565,HB,HOLY CROSS,1,0,0,181,,,,,,,61.0,,,71.8,0,0,0,0,0,0,0,5,0
Matt Sora,87569,HB,INDIANA ST,10,0,0,191,,,,,,,60.6,,,74.2,0,0,0,0,0,54,1,15,0
James Jones,87571,HB,LAMAR,7,0,0,204,60.0,,,,,,63.4,,,73.3,0,0,0,4,0,8,5,21,0
DeMarcus Ware,87586,HB,SAMFORD,5,0,0,282,,,,,,,53.8,,,66.4,0,0,0,0,9,0,0,0,0
Karris Davis,87590,HB,SO UTAH,7,0,0,298,,,,59.4,,,59.6,,,69.3,0,0,0,0,0,36,0,4,0
Lance Lawson,87591,WR,SO UTAH,1,0,0,298,,,,59.1,,,59.8,,,62.2,0,0,0,0,0,5,0,0,0
Elijah Burns,87606,HB,WM & MARY,4,0,0,348,,,,,,,58.6,,,67.2,0,0,0,0,0,22,0,0,0
Dra Rushton,87607,HB,YNGTOWN ST,1,0,0,353,,,,,,,59.8,,,65.8,0,0,0,0,0,0,2,0,0
Randy Smith,87608,HB,YNGTOWN ST,9,0,0,353,,,,54.4,,,59.9,74.1,,68.0,1,0,0,0,17,6,0,33,1
Dominic Franklin,87613,HB,TEXAS STHN,11,4,0,313,,,,,,,81.2,,,78.6,3,0,0,0,63,58,52,2,9
Justin Strong,87616,HB,S ILLINOIS,2,0,0,295,,,,,,,60.2,,,65.3,0,0,0,0,0,3,0,0,0
John Harper,87623,CB,YNGTOWN ST,4,1,0,353,,,,,,,60.3,,,68.8,1,0,0,0,8,12,0,2,1
Nate Adkins,87625,TE,E TENN ST,13,0,0,157,,,76.8,,,,65.4,,,64.5,0,0,71,0,5,1,0,0,0
Dawson Pierson,87628,TE,E TENN ST,13,0,0,157,,,77.3,,,,64.7,,,65.2,0,0,74,0,0,0,25,0,0
Henry Woodcock,87631,TE,INDIANA ST,10,1,0,191,,,70.3,,,,69.8,,,73.5,0,0,31,0,0,48,16,19,0
Shawn Bowman,87634,TE,MAINE,11,0,0,212,60.0,,73.6,59.9,,,62.6,,,69.5,0,0,49,1,0,37,59,0,0
Adeola Sulaiman,87637,ED,MORGAN ST,1,0,0,235,59.6,,,,,,60.8,,,69.9,0,0,0,1,1,5,6,4,0
Trae Steckler,87639,TE,N DAKOTA,10,0,0,249,,,73.2,,,,63.8,,,64.8,0,0,45,0,0,6,0,0,0
Marshel Martin IV,87641,TE,SACRAMENTO,8,0,0,279,,,64.6,,,,62.3,,,68.5,0,0,14,0,3,10,0,0,0
Thomas Creed,87656,ED,WM & MARY,5,0,0,348,58.7,,64.7,,,,60.7,,,65.0,0,0,14,10,0,0,0,2,0
Jake Benio,87658,TE,YNGTOWN ST,3,0,0,353,,,60.0,,,,68.8,,,69.6,0,0,7,0,2,14,14,8,2
Skyron Littleton,87660,T,TEXAS STHN,2,0,0,313,,,60.0,,,,60.8,,,60.5,0,0,4,0,0,0,0,0,0
Jeremiah Hixon,87662,WR,ALABAMA ST,2,0,0,105,,,,59.9,,,60.0,,,67.1,0,0,0,0,0,2,0,0,0
Joshua Knight,87664,WR,ALABAMA ST,2,0,0,105,,,,,,,59.9,,,63.8,0,0,0,0,0,2,0,0,0
Will Huzzie,87678,WR,E TENN ST,3,1,0,157,60.0,,,,,,74.7,,,66.3,0,0,0,1,1,4,4,0,0
Braxton Richburg,87679,CB,W CAROLINA,3,0,0,344,,,,,,,65.3,,,72.3,0,0,0,0,0,0,0,14,0
Blake Simpson,87683,WR,FL A&M,11,1,0,164,,,,59.4,,,77.5,,,80.8,0,0,0,0,57,18,44,47,3
Spencer Gilliam,87685,WR,HOLY CROSS,2,0,0,181,,,,65.7,,,60.1,,,64.0,0,0,0,0,0,7,0,0,0
Connor Kennedy,87687,WR,HOLY CROSS,6,0,0,181,,,,,,,63.0,,,74.4,0,0,0,0,15,0,10,26,0
CJ Rutherford,87690,S,INDIANA ST,4,0,0,191,60.0,,,,,,56.9,,,70.5,0,1,0,2,4,16,14,6,1
Matae Thomas,87691,TE,INDIANA ST,1,0,0,191,,,60.0,,,,61.2,,,62.2,0,0,5,0,0,0,4,0,0
Daijon Collins,87693,WR,INDIANA ST,1,0,0,191,,,,,,,60.0,61.9,,62.8,0,0,0,0,0,0,0,2,0
Erik Pizarro,87699,WR,LAMAR,10,1,0,204,,,64.5,57.7,,,64.0,62.7,,77.1,0,0,30,0,0,8,43,2,1
Andre Miller,87703,WR,MAINE,2,0,0,212,,,,,,,60.0,,,64.7,0,0,0,0,0,1,0,0,0
Tyler Burian,87713,WR,N DAKOTA,4,0,0,249,,,,,,,57.6,,,68.9,1,0,0,0,1,15,16,0,0
Garett Maag,87714,WR,N DAKOTA,3,0,0,249,,,,,,,76.2,,,67.1,0,0,0,0,1,1,4,0,1
Tao McClinton,87717,TE,SACRAMENTO,10,0,0,279,,,,,,,72.3,,,34.0,0,1,0,0,40,35,38,24,4
Ty King,87720,WR,SAMFORD,6,0,0,282,,,,62.0,,,56.0,,,29.2,0,1,0,0,0,10,12,10,0
Torrence Pollard,87721,WR,SAMFORD,11,0,0,282,,,,,,,51.9,,,79.5,3,0,0,0,53,9,47,10,1
Chandler Smith,87722,WR,SAMFORD,6,0,0,282,,,,,,,63.4,61.4,,68.3,0,0,0,0,1,1,0,17,0
Peyton Ringer,87727,WR,SAMFORD,4,0,0,282,,,,63.5,,,54.5,,,66.3,0,0,0,0,0,29,0,0,0
Titus Gardner,87728,WR,SAMFORD,10,0,0,282,,,,59.4,,,62.6,,,73.0,0,0,0,0,0,70,0,0,0
Hunter Milligan,87733,WR,S ILLINOIS,3,0,0,295,,,,,,,66.1,,,71.2,0,0,0,0,0,3,0,16,0
LJ Davis,87735,CB,SO UTAH,11,0,0,298,59.4,,,,,,61.1,,,72.3,0,0,0,55,0,0,0,5,0
Frank Harris III,87739,WR,SO UTAH,3,0,0,298,,,,,,,63.7,,,70.5,0,0,0,0,0,0,0,7,0
D'Ago Hunter,87740,WR,TOWSON,11,0,0,317,,,,70.2,,,60.6,68.5,,67.3,0,0,0,0,0,61,0,41,0
Titus Leo,87743,ED,WAGNER,11,0,1,338,71.5,,,,,,70.6,,,29.1,0,1,0,49,0,0,0,18,0
Seth Dunn,87760,WR,WM & MARY,5,0,0,348,,,,59.9,,,59.5,,,68.9,0,0,0,0,0,10,10,0,0
Natavious Payne,87764,CB,YNGTOWN ST,9,0,0,353,59.5,,,,,,62.6,,,71.7,0,0,0,16,8,0,3,16,0
Terrence Franklin,87767,WR,TEXAS STHN,11,0,0,313,,,,55.8,,,72.9,,,69.1,0,0,0,0,57,71,1,0,5
Devin Jordan,88314,T,NC CENT,5,0,0,247,,,67.5,,,,63.1,,,65.0,0,0,23,0,0,0,0,0,0
Demetrius Powell,88320,LB,FL A&M,10,0,0,164,59.9,,,,,,70.0,,,71.2,0,0,0,2,23,0,6,2,2
Rasean McKay,88321,QB,FL A&M,3,0,0,164,,,60.0,,,,60.3,,60.0,64.6,0,0,1,0,1,0,1,0,0
Eddie Tillman III,88322,HB,FL A&M,6,0,0,164,,,,,,,66.1,,,75.2,0,0,0,0,13,1,0,16,0
Nicholas Dixon,88323,TE,FL A&M,10,0,0,164,,,72.1,59.9,,,61.9,,,69.5,0,0,40,0,0,30,0,0,0
DJ Charles,88334,S,CAMPBELL,4,0,0,131,60.0,,,59.4,,,60.0,,,65.6,0,0,0,2,0,14,0,3,0
Dorian Jones,88336,S,CAMPBELL,9,0,0,131,59.9,,,,,,63.4,,,78.0,0,0,0,26,4,3,0,7,0
Darion Slade,88337,S,CAMPBELL,9,0,0,131,59.8,,,58.0,,,67.2,,,77.0,0,0,0,44,10,16,5,4,1
Greg Streater,88342,S,CAMPBELL,9,0,0,131,60.0,,,,,,58.8,,,45.1,0,1,0,1,0,41,6,26,0
Levi Wiggins,88343,CB,CAMPBELL,10,0,0,131,59.4,,,,,,62.3,,,77.7,0,0,0,37,20,7,0,19,0
Josh McNeely,88344,CB,CAMPBELL,9,1,0,131,59.8,,,68.9,,,57.2,69.5,,72.2,3,0,0,2,28,49,25,23,1
Reece Moulton,88348,S,CAMPBELL,11,0,0,131,,,,,,,69.5,,,82.4,0,0,0,0,48,45,34,23,1
Darrien Sampson,88349,CB,E WASHGTON,13,0,0,161,60.2,,,,,,62.9,,,71.2,0,0,0,40,0,0,0,15,0
Keshaun King,88351,S,E WASHGTON,11,1,0,161,60.0,,,,,,60.9,,,39.3,2,2,0,17,1,47,30,48,3
Jaylen Floyd,88358,CB,W CAROLINA,1,0,0,344,60.0,,,,,,61.4,,,64.9,0,0,0,4,6,0,0,1,0
Divine Buckrham,88361,S,LAMAR,9,0,0,204,59.6,,,,,,60.8,,,69.0,0,0,0,43,1,0,0,4,0
Marcis Floyd,88366,CB,MURRAY ST,11,0,0,236,59.3,,,,,,62.9,,,77.4,0,0,0,40,1,0,3,19,0
Jarad McCray,88371,S,MURRAY ST,9,0,0,236,59.9,,,,,,68.8,,,73.3,0,0,0,1,37,14,1,3,2
Tim Bouchard,88374,S,NEW HAMP,10,0,0,240,,,,,,59.9,66.6,,,67.4,0,0,0,0,0,0,56,1,2
Derek Thompson,88376,CB,NEW HAMP,10,1,0,240,59.4,,,,,,65.1,,,75.0,0,0,0,26,32,0,1,6,0
Joe Eichman,88377,CB,NEW HAMP,9,1,0,240,59.9,,,,,,80.7,,,83.7,0,0,0,4,27,9,24,23,4
Symir Blacknall,88379,WR,NEW HAMP,1,0,0,240,,,,,,,60.9,,,65.9,0,0,0,0,3,0,0,0,0
Christian Peete,88380,CB,NEW HAMP,8,0,0,240,,,60.0,,,68.5,62.6,,,74.8,0,0,3,0,0,39,0,1,0
Isaiah Walker,88385,S,WOFFORD,7,0,0,350,59.7,,,,,,61.0,,,29.8,0,1,0,12,28,0,24,0,2
Seth Carlisle,88387,LB,TENN TECH,11,0,0,309,58.7,,,,,,60.5,,,75.1,1,0,0,41,22,8,16,22,1
Tai Carter,88388,S,TENN TECH,2,0,0,309,59.7,,,,,,61.6,,,66.1,0,0,0,7,3,0,0,3,0
Aidan Raines,88390,LB,TENN TECH,7,0,0,309,59.8,,,,,,68.0,,,84.3,2,0,0,10,17,1,41,24,1
Cayvian Holmes,88395,CB,MURRAY ST,9,1,0,236,59.7,,,,,,73.9,,,81.2,0,0,0,4,31,4,28,32,2
Alec Flanagan,88400,LB,IDAHO ST,1,0,0,186,,,,,,,74.7,,,65.2,0,0,0,0,0,3,0,0,0
Sean McCormack-Kuhman,88403,ED,NEW HAMP,8,0,0,240,59.6,,,,,,47.2,,,73.7,0,2,0,3,0,33,0,0,0
Tyrek Haywood,88404,DI,CAMPBELL,1,0,0,131,,,,,,,60.0,,,64.7,0,0,0,0,0,0,0,1,0
Prince Ngwenah,88408,ED,CAMPBELL,9,0,0,131,58.9,,,,,,59.4,,,66.3,0,0,0,18,0,0,0,2,0
Dre Giles,88414,DI,CAMPBELL,8,0,0,131,59.3,,,,,,60.5,,,66.4,0,0,0,19,4,0,0,2,0
Ridge Boykin,88416,DI,CAMPBELL,4,0,0,131,59.9,,,,,,60.7,,,64.9,0,0,0,5,0,0,0,1,0
Brevin Allen,88418,ED,CAMPBELL,10,0,0,131,58.5,,60.8,,,,61.6,,,75.7,0,0,5,47,3,0,0,11,0
Chris Cromartie,88419,DI,CAMPBELL,10,0,0,131,59.8,,,,,,52.4,,,28.6,0,1,0,42,0,4,0,8,0
Joshua Jerome,88420,DI,E WASHGTON,12,0,0,161,59.1,,,,,,61.6,,,73.9,0,0,0,37,0,0,0,16,0
Scotty Humpich,88437,ED,MURRAY ST,3,0,0,236,59.5,,,,,,61.0,,,68.1,0,0,0,9,0,0,12,4,0
Devin Rice,88443,ED,N IOWA,9,0,0,255,58.6,,,,,,58.8,,,66.0,0,0,0,25,0,0,0,2,0
Khristian Boyd,88444,ED,N IOWA,9,0,0,255,58.6,,,,,,60.2,,,72.7,0,0,0,16,0,0,0,4,0
Sean Wendel,88445,ED,N IOWA,3,0,0,255,59.6,,,,,,61.6,,,67.1,0,0,0,1,0,0,0,5,0
Caden Houghtelling,88446,ED,N IOWA,12,0,0,255,57.4,,,,,,57.4,,,70.5,0,0,0,45,0,0,0,5,0
James Garnett,88447,DI,WOFFORD,2,0,0,350,59.0,,,,,,59.0,,,63.2,0,0,0,4,0,0,0,0,0
Elijah Ball,88449,ED,WOFFORD,11,0,0,350,58.9,,,,,,53.0,,,29.2,0,1,0,5,8,65,53,0,0
James Makszin,88452,DI,RHODE ISLD,8,0,0,274,59.2,,70.3,,,,61.9,,,69.2,0,0,33,37,0,0,0,0,0
Dylan Brown,88453,DI,RHODE ISLD,11,0,0,274,59.0,,76.7,,,,65.0,,,72.2,0,0,52,6,0,0,0,2,0
Ryan McDonough,88455,DI,RHODE ISLD,1,0,0,274,60.0,,,,,,60.0,,,62.9,0,0,0,1,0,0,0,0,0
Matt O'Neill,88463,G,NEW HAMP,11,0,0,240,,,73.2,,,,64.8,,,71.7,0,0,33,0,0,0,0,0,0
Niko Kvietkus,88464,DI,NEW HAMP,8,0,0,240,57.7,,60.0,,,68.5,58.8,,,69.1,0,0,3,29,0,0,0,10,0
Tim Butcher,88465,DI,N IOWA,12,0,0,255,58.7,,,,,,59.7,,,69.5,0,0,0,41,0,0,38,1,0
Nathan Walker,88466,FB,WOFFORD,9,0,0,350,,,71.5,,,,73.7,,,69.8,0,0,35,0,14,0,5,0,2
Kevin Ryan,88468,P,IDAHO ST,11,0,0,186,,51.0,64.0,,,,63.7,,63.5,74.5,0,2,35,0,3,0,62,0,0
Seth Harrison,88474,K,E WASHGTON,7,0,0,161,,49.3,,,59.3,,62.6,,,71.9,0,0,57,0,29,0,0,0,1
Jordan Conn,88479,K,NEW HAMP,11,0,0,240,,27.6,,,32.2,,62.6,,,73.9,0,0,12,0,37,0,0,0,0
Ray Miller,88481,LB,MAINE,11,0,0,212,59.9,,71.7,,,,66.4,,,74.2,1,0,38,47,8,1,57,27,3
Monchovia Gaffney,88483,LB,CAMPBELL,5,0,0,131,59.4,,,,,,56.5,,,77.6,1,0,0,2,2,12,19,11,0
Tywun Rivens,88484,LB,CAMPBELL,7,0,0,131,59.4,,,,,,59.5,,,28.9,0,1,0,19,1,0,15,4,1
Keshawn Thompson,88485,LB,CAMPBELL,11,0,0,131,58.5,,,,,,60.7,,,86.5,0,0,0,46,1,0,42,9,0
DeAnte Jackson,88488,HB,CAMPBELL,1,0,0,131,,,,,,,69.7,,,65.1,0,0,0,0,2,0,0,0,1
Boss Parson,88490,ED,CAMPBELL,3,0,0,131,,,,59.4,,,63.2,,,69.0,0,0,0,0,1,5,0,7,0
Pete Haffner,88497,LB,LEHIGH,2,0,0,205,60.0,,,,,,72.7,,,64.7,0,0,0,9,0,0,5,0,1
Nate Norris,88501,LB,LEHIGH,10,0,0,205,59.8,,,,,,72.2,,,75.4,0,0,0,9,24,0,63,4,6
Darnel Victor,88505,LB,MURRAY ST,10,0,0,236,59.7,,,,,,59.5,,,76.0,1,0,0,23,39,45,10,11,1
J.J. Jerome,88508,HB,NEW HAMP,7,0,0,240,,,,63.5,,,64.8,,,71.9,0,0,0,0,13,35,0,21,0
Zach Banks,88510,LB,NEW HAMP,4,0,0,240,,,61.2,,,,61.3,,,64.1,0,0,9,0,0,3,0,0,0
Jevon Brekke,88512,S,N IOWA,12,0,0,255,59.7,,,,,,75.9,,,86.6,0,0,0,10,65,53,20,65,4
Zy Abercrombie,88516,LB,WOFFORD,9,0,0,350,60.3,,,,,,67.8,,,75.8,1,0,0,16,20,27,31,14,3
T.J. Neal,88518,LB,WOFFORD,10,0,0,350,59.8,,,,,,61.0,,,67.8,0,0,0,20,3,0,7,4,0
Tanner Barnes,88519,DI,WOFFORD,1,0,0,350,58.7,,,,,,58.7,,,63.3,0,0,0,4,0,0,0,0,0
Rett Russell,88520,LB,WOFFORD,11,1,0,350,60.2,,,,,,68.4,,,85.2,0,0,0,17,45,63,55,27,4
Jack Warwick,88521,LB,TENN TECH,11,0,0,309,59.5,,,,,,71.9,,,78.6,0,0,0,35,0,62,0,17,0
Christian Arrington,88526,ED,RHODE ISLD,8,1,0,274,59.8,,,,,,50.6,,,73.8,3,0,0,11,1,38,30,6,2
Zach Pinault,88527,LB,RHODE ISLD,1,0,0,274,,,,,,,59.4,,,65.7,0,0,0,0,0,6,0,0,0
Terrance Jones,88531,DI,IDAHO ST,6,0,0,186,59.1,,64.2,,,,61.2,,,67.5,0,0,13,17,0,0,0,4,0
Jackson Hayes,88533,LS,CAMPBELL,11,0,0,131,,,57.0,,,60.0,63.1,,,66.5,0,0,54,0,0,0,42,0,0
Cody Clements,88535,LS,E WASHGTON,9,0,0,161,,,89.0,,,55.5,65.1,,,66.0,1,0,65,0,0,0,30,0,2
Collin Springer,88537,LS,WOFFORD,11,0,0,350,,,83.1,,,71.1,67.0,,,67.2,1,0,39,0,0,0,56,0,1
Jarrett Key,88539,LS,TENN TECH,11,1,0,309,,,81.9,,,91.8,78.4,,,67.4,0,0,35,0,0,0,63,0,0
Ezekiel Williams,88549,T,CAMPBELL,8,0,0,131,,,73.6,,,,65.0,,,74.2,0,0,45,0,0,0,0,0,0
Isaiah Burch,88552,G,CAMPBELL,11,0,0,131,,,28.7,,,,49.7,,,64.5,0,0,48,0,0,0,0,0,0
Gabe Holmes,88555,DI,CAMPBELL,10,0,0,131,59.2,,,,,,62.3,,,82.1,0,0,0,23,0,0,0,9,0
Tyler McLellan,88557,T,CAMPBELL,11,0,0,131,,,74.0,,,,64.5,,,66.3,0,0,54,0,0,0,0,0,0
Brad Godwin,88563,T,E WASHGTON,3,0,0,161,,,63.9,,,,48.0,,,26.1,0,1,11,0,0,0,0,0,0
Jack Fris,88565,T,LEHIGH,6,0,0,205,,,63.3,,,,62.6,,,66.3,0,0,14,0,0,0,0,0,0
Jan Maciejewski,88568,T,LEHIGH,7,0,0,205,,,69.6,,,,63.5,,,64.7,0,0,22,0,0,0,0,0,0
Justin Gurth,88569,G,LEHIGH,4,0,0,205,,,67.3,,,,63.0,,,65.7,0,0,14,0,0,0,0,0,0
Oistin Jones,88580,G,MURRAY ST,10,0,0,236,,,71.9,,,,55.7,,,28.4,0,1,42,0,0,0,0,0,0
Jacob Frye,88582,T,MURRAY ST,10,0,0,236,,,73.7,,,,65.6,,,75.9,0,0,44,0,0,0,0,0,0
Christopher Georgia,88584,G,MURRAY ST,5,0,0,236,,,68.2,,,,52.8,,,27.0,0,1,21,0,0,0,0,0,0
Ty McCaskill,88585,T,MURRAY ST,10,0,0,236,,,74.8,,,,65.0,,,69.6,0,0,44,0,0,0,0,0,0
Cole Williamson,88587,G,MURRAY ST,10,0,0,236,,,75.3,,,,65.4,,,72.3,0,0,44,0,0,0,0,0,0
Osho Omoyeni,88588,G,NEW HAMP,11,0,0,240,,,71.3,,,,55.9,,,27.7,0,1,33,0,0,0,0,0,0
David Perry Jr.,88590,G,NEW HAMP,11,0,0,240,,,74.0,,,,64.5,,,64.0,0,0,33,0,0,0,0,0,0
Chris Donnelly,88591,ED,NEW HAMP,11,0,0,240,59.6,,,,,,61.6,,,70.3,0,0,0,3,0,29,63,1,0
Chase Arends,88593,C,N IOWA,1,0,0,255,,,60.0,,,,60.0,,,61.6,0,0,1,0,0,0,0,0,0
Nick Russo,88598,G,WOFFORD,2,0,0,350,,,63.8,,,,62.2,,,63.2,0,0,8,0,0,0,0,0,0
Quashon Greenlee,88599,T,WOFFORD,8,0,0,350,,,69.7,,,,63.7,,,66.5,0,0,29,0,0,0,0,0,0
Mackenan Thompson,88604,T,TENN TECH,1,0,0,309,,,60.0,,,,60.0,,,63.7,0,0,1,0,0,0,0,0,0
Schaefer Almoyan,88605,G,TENN TECH,1,0,0,309,,,60.0,,,,60.0,,,61.0,0,0,1,0,0,0,0,0,0
Bryson Garrett,88606,C,TENN TECH,1,0,0,309,,,60.0,,,,60.0,,,64.5,0,0,1,0,0,0,0,0,0
Evan Lovell,88608,G,RHODE ISLD,10,0,0,274,,,77.0,,,,65.4,,,66.2,0,0,50,0,0,0,0,0,0
Sebastian Delasoudas,88609,C,RHODE ISLD,1,0,0,274,,,60.0,,,,60.6,,,61.5,0,0,2,0,0,0,0,0,0
Lorenzo Thompson,88611,T,RHODE ISLD,11,0,0,274,,,74.1,,,,68.2,,,67.1,0,0,51,0,0,0,49,0,1
John Perko,88613,T,IDAHO ST,5,0,0,186,,,66.0,,,,62.9,,,65.9,0,0,15,0,0,0,0,0,0
Michael Taras,88630,WR,E WASHGTON,2,0,0,161,,,,,,,63.5,,,69.5,0,0,0,0,2,0,0,5,0
Tommy Herion,88637,QB,NEW HAMP,8,0,0,240,,,63.2,,,,61.3,,,60.9,0,0,21,0,0,0,0,0,0
Bailey Fisher,88643,QB,GARD-WEBB,7,0,0,171,,,,,,,60.6,,67.1,68.0,0,0,0,0,0,0,11,0,0
Micah Smith,88654,HB,E WASHGTON,8,0,0,161,,,,,,,62.5,,,71.2,0,0,0,0,12,35,0,0,1
Isaiah Lewis,88655,HB,E WASHGTON,8,0,0,161,,,,,,,53.3,,,28.4,1,2,0,0,44,5,21,28,2
RaShawn Allen,88656,HB,LEHIGH,10,0,0,205,,,,59.9,,,62.3,,,74.0,0,0,0,0,0,35,62,0,1
Peter Lucas,88659,HB,LEHIGH,1,0,0,205,,,,,,,60.4,,,66.5,0,0,0,0,0,0,0,2,0
Dylan Laube,88664,HB,NEW HAMP,9,2,0,240,,,,72.8,,,67.9,,,70.3,1,0,0,0,0,47,28,0,1
Jacob Post,88666,HB,NEW HAMP,9,0,0,240,,,,,,,73.8,,,82.1,0,0,0,0,30,51,51,19,5
Sam Schnee,88668,WR,N IOWA,12,0,0,255,,,,,,,58.7,,,70.7,0,0,0,0,0,53,0,0,0
David Gist,88673,HB,TENN TECH,8,0,0,309,59.9,,,54.3,,,58.2,,,66.9,0,0,0,1,0,39,0,1,0
Soujah Gasu,88678,HB,IDAHO ST,3,0,0,186,,,,,,,52.4,,,68.7,0,0,0,0,2,10,0,3,0
Tre Weed,88679,CB,E WASHGTON,13,0,0,161,59.6,,,,,,62.3,,,72.2,0,0,0,44,0,0,0,16,0
Jaxen Rogers,88680,S,WOFFORD,11,0,0,350,,,,,,,62.3,,,74.5,0,0,0,0,0,71,0,28,0
Jordan Goco,88684,TE,CAMPBELL,11,0,0,131,,,74.3,61.8,,,62.9,,,66.6,0,0,54,0,0,47,0,0,0
Julian Hill,88685,TE,CAMPBELL,11,0,0,131,,,74.5,61.8,,,53.8,,,29.5,1,2,53,0,0,46,42,0,0
Aiden Nellor,88687,TE,E WASHGTON,3,0,0,161,,,60.4,,,,61.4,,,62.7,0,0,8,0,0,0,1,0,0
Alex Snyder,88692,TE,LEHIGH,1,0,0,205,,,,,,,60.0,,,64.8,0,0,0,0,0,1,0,0,0
Kyle Lepkowski,88696,TE,NEW HAMP,9,0,0,240,,,69.8,,,,64.4,,,73.1,0,0,28,0,1,2,0,0,0
Jayden Scott,88698,TE,N IOWA,5,0,0,255,,,68.2,,,,63.0,,,61.4,0,0,23,0,0,0,0,0,0
Alex Allen,88699,TE,N IOWA,12,0,0,255,,,74.9,,,,64.6,,,62.6,0,0,56,0,0,0,0,0,0
Caleb Warren,88700,TE,RHODE ISLD,8,0,0,274,,,71.9,,,,69.6,,,74.6,0,0,38,0,38,31,0,0,3
Mike Davis,88702,TE,IDAHO ST,1,0,0,186,,,,,,,60.0,,,62.7,0,0,0,0,0,1,0,0,0
Caleb Snead,88707,WR,CAMPBELL,5,0,0,131,,,,,,,60.9,,,66.9,0,0,0,0,6,10,0,0,0
Matt Hampton,88709,TE,CAMPBELL,8,0,0,131,,,,,,,47.3,,,28.3,0,1,0,0,0,24,0,11,0
Austin Hite,88716,WR,CAMPBELL,1,0,0,131,,,,,,,60.0,,,61.5,0,0,0,0,0,2,0,0,0
Freddie Roberson,88719,WR,E WASHGTON,2,0,0,161,,,,,,,60.3,,,63.9,0,0,0,0,1,1,0,0,0
Jorge Portorreal,88723,WR,YNGTOWN ST,7,0,0,353,,,,51.6,,,64.3,,,77.2,0,0,0,0,31,5,2,7,0
Austin Dambach,88726,WR,LEHIGH,5,0,0,205,,,,,,,61.3,,,71.7,0,0,0,0,0,16,0,3,0
De'Shun Mickens,88729,WR,LEHIGH,8,0,0,205,,,,,,,44.8,60.0,,27.7,0,2,0,0,16,46,0,11,1
Malik Honeycutt,88734,WR,MURRAY ST,8,0,0,236,,,,53.9,,,60.9,79.7,,67.9,0,0,0,0,0,9,1,40,0
Jacob Bell,88735,WR,MURRAY ST,5,0,0,236,,,,,,,62.2,,,69.3,0,0,0,0,0,0,5,13,0
Jared McCray,88736,WR,MURRAY ST,5,0,0,236,,,,,,,65.1,,,71.3,0,0,0,0,5,0,0,16,0
LaMartez Brooks,88738,WR,MURRAY ST,7,0,0,236,,,,,,,62.2,50.9,,67.2,0,0,0,0,1,1,0,22,0
Charles Briscoe III,88740,WR,NEW HAMP,4,0,0,240,,,,62.0,,,60.0,,,63.1,0,0,0,0,0,17,0,0,0
Deion McShane,88742,WR,N IOWA,10,0,0,255,,,,57.1,,,58.9,49.3,,67.3,0,0,0,0,0,34,0,19,0
Eric Mooney,88743,S,N IOWA,12,1,0,255,,,,,,,75.9,,,67.8,0,1,0,0,65,47,67,63,4
T.J. Luther,88745,WR,GARD-WEBB,5,0,0,171,,,,64.2,,,58.8,,,64.7,0,0,0,0,0,19,3,0,0
Landon Parker,88746,WR,WOFFORD,1,0,0,350,,,60.0,,,,60.0,,61.0,65.8,0,0,1,0,0,0,3,0,0
Bradley Clark,88749,WR,TENN TECH,1,0,0,309,,,,,,,60.8,,,69.3,0,0,0,0,3,0,5,3,0
Jamauri Jackson,88765,CB,VALPO,8,0,0,332,59.7,,,,,,59.7,,,77.4,0,0,0,7,19,0,13,35,0
Herman Smith III,88766,S,JACKSON ST,11,0,0,194,60.0,,,53.7,,,60.6,,,83.8,3,0,0,1,50,19,23,43,3
Cameron McCutcheon,89117,CB,W CAROLINA,11,0,1,344,59.4,,,,,,50.3,,,29.9,0,1,0,55,21,0,0,32,0
Kohl Henke,89126,LB,CHATTNOOGA,11,2,0,137,59.9,,,,,,54.6,,,81.3,3,0,0,1,59,19,53,17,3
CaMiron Smith,89127,CB,CHATTNOOGA,11,0,0,137,59.5,,,,,,63.2,,,76.5,0,0,0,27,0,0,0,40,0
Chris Beverly,89132,S,CITADEL,7,1,0,139,60.0,,,,,,58.7,,,29.6,1,1,0,36,28,0,3,10,2
Destin Mack,89135,CB,CITADEL,11,0,0,139,74.1,,,,,,74.7,,,83.5,1,0,0,61,49,1,44,37,1
Ryland Ayers,89136,CB,CITADEL,2,0,0,139,,,,,,,50.5,,,65.9,0,0,0,0,8,0,0,0,0
Colin Troup,89138,CB,COLGATE,2,0,0,142,59.6,,,,,,61.7,,,73.0,0,0,0,9,3,13,6,5,0
Collin Heard,89139,CB,COLGATE,8,0,0,142,59.5,,,,,,61.6,,,72.3,0,0,0,20,0,0,2,15,0
William Gruber,89141,CB,COLGATE,9,0,0,142,84.0,,,80.4,,,78.3,,,76.8,0,0,0,29,37,41,30,12,1
J.T. Hower,89142,CB,COLGATE,8,0,0,142,60.0,,,,,,61.4,,,69.3,0,0,0,17,0,0,4,7,0
Malachi Buckner,89143,S,GARD-WEBB,8,0,0,171,60.3,,,,,,64.0,,,66.7,0,0,0,31,14,1,0,12,0
Iverson Brown,89147,S,ILL STATE,10,0,0,188,59.9,,,,,,65.4,,,69.5,0,0,0,39,26,0,0,17,1
Luke Bennyhoff,89149,CB,ILL STATE,8,1,0,188,,,,,,,61.6,,,69.1,1,0,0,0,27,0,0,0,2
Julian Haynie,89150,S,ILL STATE,6,0,0,188,,,,,,,64.2,,,72.4,0,0,0,0,1,4,0,15,0
Spencer DeForest,89151,CB,ILL STATE,10,0,0,188,,,65.0,,,,64.7,71.4,,73.5,0,0,35,0,39,18,0,53,0
Otis Thrasher,89152,S,LAFAYETTE,4,0,0,203,60.1,,,,,,67.7,,,69.6,0,0,0,4,13,5,0,4,1
Jordan Anderson,89153,CB,LAFAYETTE,7,0,0,203,59.5,,,,,,61.7,,,72.1,0,0,0,25,0,5,0,12,0
TayJon Martin,89154,WR,LAFAYETTE,5,0,0,203,,,,,,,39.2,,,28.2,0,1,0,0,0,16,1,13,0
Romeo Wykle,89155,S,CHATTNOOGA,3,0,0,137,,,,,,,55.1,,,77.2,1,0,0,0,20,0,1,12,0
Caleb Burr,89157,S,LAFAYETTE,10,0,0,203,60.0,,,,,,64.9,,,36.8,0,1,0,42,1,0,49,2,2
Joe Egan,89158,CB,LAFAYETTE,10,3,0,203,,,,,,,74.2,,,76.3,1,0,0,0,41,40,25,32,8
Colby Richardson,89164,CB,MCNEESE,9,0,0,217,59.3,,,,,,60.7,,,70.7,0,0,0,33,0,0,0,4,0
Trent Winbush,89165,S,MCNEESE,4,1,0,217,59.8,,,,,,68.8,,,66.4,0,0,0,4,18,3,0,0,1
Andre Sam,89166,S,MCNEESE,10,0,0,217,59.7,,,,,,60.4,62.9,,65.3,0,0,0,34,3,3,0,3,0
Kordell Williams,89167,LB,MCNEESE,10,0,0,217,59.6,,,,,,61.1,,,66.4,0,0,0,35,3,2,0,4,0
Enos Lewis,89168,S,MCNEESE,10,0,0,217,59.6,,,,,,66.3,,,75.4,0,0,0,18,27,7,54,2,2
Kenyon Garlington,89171,CB,TENN STATE,6,0,0,308,59.7,,,,,,62.4,,,68.7,0,0,0,17,9,0,0,5,0
Josh Green,89172,S,TENN STATE,11,0,0,308,59.4,,,,,,47.3,,,66.3,0,0,0,55,0,0,63,2,0
James Reese IV,89175,S,TENN STATE,11,0,0,308,60.0,,,,,,59.3,,,75.8,0,1,0,1,0,61,0,50,0
A.J. Rogers,89176,S,RHODE ISLD,11,0,0,274,60.2,,,,,,63.2,,,58.4,0,1,0,11,55,53,29,35,1
Charles Gadie,89177,S,W CAROLINA,6,0,0,344,59.9,,,,,,63.4,,,71.7,0,0,0,9,3,0,3,16,0
Ronald Kent Jr.,89178,CB,W CAROLINA,11,0,0,344,59.3,,,,,,78.3,,,79.7,1,0,0,58,56,0,51,13,4
Romeo Stancil,89184,CB,NC CENT,9,2,0,247,59.8,,,,,,55.5,,,28.6,1,4,0,2,43,0,53,22,3
Manny Smith,89185,S,NC CENT,9,0,0,247,59.9,,,,,,61.5,,,69.1,0,0,0,38,0,0,0,4,0
Stephen Stokes,89186,CB,NC CENT,9,0,0,247,59.4,,,,,,59.9,,,71.9,0,0,0,35,3,0,25,8,0
Justin Nicholson,89187,CB,NC CENT,9,1,0,247,59.5,,,60.0,,,64.9,,,73.0,0,0,0,11,34,2,1,1,2
Stormy Mosteller,89191,TE,GARD-WEBB,10,0,0,171,,,73.1,,,,50.3,,,70.4,0,0,48,0,26,14,44,0,0
Tavi McLean,89197,DI,CHATTNOOGA,8,0,0,137,59.4,,,,,,62.5,,,69.2,0,0,0,6,0,0,0,7,0
Christian Smith,89198,DI,CHATTNOOGA,7,0,0,137,59.2,,,,,,60.6,,,68.6,0,0,0,15,0,0,0,7,0
Marquise Blount,89200,ED,CITADEL,11,0,0,139,59.8,,,,,,61.7,,,69.7,0,0,0,62,0,0,12,14,0
Jay Smith,89201,DI,CITADEL,11,0,0,139,58.5,,,,,,59.6,,,71.3,0,0,0,58,0,0,38,13,0
Mason Kinsey,89202,ED,MCNEESE,10,0,0,217,58.7,,,,,,60.4,,,68.9,0,0,0,21,4,3,0,5,0
Josh Dinga,89207,DI,ILL STATE,8,0,0,188,58.7,,60.0,,,,59.3,,,66.8,0,0,2,18,0,0,0,3,0
Peter Bussone,89209,G,ILL STATE,6,0,0,188,,,23.1,,,,39.2,,,70.5,0,0,22,0,0,0,0,0,0
Ian Grayson,89211,DI,LAFAYETTE,8,0,0,203,59.0,,,,,,59.6,,,67.8,0,0,0,27,0,0,0,1,0
Billy Shaeffer,89212,S,LAFAYETTE,7,0,0,203,59.9,,60.0,,,74.9,61.3,,,64.7,0,0,1,29,0,0,3,2,0
Colin Hurlbrink,89213,ED,LAFAYETTE,8,0,0,203,79.9,,,,,,89.2,,,66.7,0,0,0,30,0,0,1,2,0
Malik Hamm,89214,ED,LAFAYETTE,9,0,0,203,59.4,,,,,,60.3,,,68.1,0,0,0,43,0,0,0,2,0
Steven Conerly,89220,DI,NWSTATE,7,0,0,257,58.8,,,,,,59.5,,,65.4,0,0,0,8,0,0,0,2,0
C.J. Semien,89223,ED,MCNEESE,10,0,0,217,58.7,,72.6,,,,61.5,,,66.3,0,0,43,20,0,18,0,0,0
Camron Peterson,89224,DI,SOUTHERN U,9,0,0,297,79.3,,,,,,88.8,,,72.3,0,0,0,23,0,0,0,7,0
Torrion Stevenson,89227,DI,W CAROLINA,2,0,0,344,59.8,,,,,,60.0,,,62.6,0,0,0,2,0,0,0,0,0
K.J. Milner,89231,ED,W CAROLINA,11,0,0,344,59.7,,,,,,61.5,,,69.3,0,0,0,64,0,0,0,8,0
Chukwuemeka Manning Jr.,89238,DI,NC CENT,8,0,0,247,58.3,,,,,,60.0,,,68.0,0,0,0,16,0,0,45,2,0
Eli Alford,89240,DI,MONTANA,11,0,1,232,60.1,,,59.9,,,71.4,,,74.0,0,1,0,2,0,36,0,3,0
Alex Gubner,89241,DI,MONTANA,12,0,0,232,58.1,,,,,,59.4,,,72.2,0,0,0,31,0,0,0,11,0
Jeremiah Caine,89242,DI,MS VLY ST,10,1,0,228,58.0,,,,,,61.9,,,72.5,1,0,0,40,0,0,51,17,1
Levi Janacaro,89244,ED,MONTANA,13,1,0,232,59.5,,,,,,72.5,,,29.4,1,2,0,2,79,6,70,78,4
Richard McCollum,89250,K,W CAROLINA,10,0,0,344,,83.0,,,61.2,,62.5,,,71.6,0,0,54,0,27,0,0,0,0
Matt Campbell,89252,P,CITADEL,11,0,0,139,,,65.8,,,,63.3,,60.3,72.6,0,0,43,0,1,0,45,0,0
Antonio Zita,89255,P,TENN STATE,9,0,0,308,,48.0,,,,,61.0,,,66.2,0,0,36,0,0,0,0,0,0
Christian Snyder,89259,LB,CHATTNOOGA,11,2,0,137,59.9,,74.2,,,,74.7,,,77.9,0,0,53,7,61,20,52,36,5
Austin Collier,89260,ED,CHATTNOOGA,6,1,0,137,59.7,,64.6,,,,76.9,,,71.0,0,0,14,1,17,11,0,8,3
Ty Boeck,89261,LB,CHATTNOOGA,11,1,0,137,59.7,,,,,,70.9,,,71.6,0,0,0,30,0,0,53,25,2
Ben Brewton,89264,ED,CHATTNOOGA,10,0,0,137,58.2,,,,,,60.4,,,70.7,0,0,0,24,0,0,0,21,0
Cameron West,89265,TE,CHATTNOOGA,1,0,0,137,,,60.0,,,,62.0,,,69.3,0,0,7,0,0,0,0,0,0
Brian Horn,89268,LB,CITADEL,11,1,0,139,59.8,,,,,,59.5,,,74.5,1,0,0,16,44,0,39,14,1
Joe Douglas,89269,HB,CITADEL,11,0,0,139,,,,,,,60.3,,,79.1,1,0,0,0,43,68,15,22,2
Kyler Estes,89270,LB,CITADEL,10,1,0,139,59.6,,,59.9,,,64.0,,,70.8,0,0,0,34,14,17,0,7,0
Caleb Deveaux,89271,S,CITADEL,11,0,0,139,59.9,,,,,,57.3,,,80.8,1,0,0,2,13,68,20,15,1
Milton Braasch II,89272,LB,COLGATE,11,1,0,142,60.1,,,,,,74.4,,,72.8,0,0,0,43,12,0,44,10,1
J.C. Gaughan,89273,LB,COLGATE,10,0,0,142,59.8,,,,,,71.8,,,81.5,0,0,0,4,42,46,45,38,3
Jared Petrichick,89274,ED,COLGATE,11,1,0,142,59.8,,71.1,59.9,,,64.4,,,34.8,0,1,35,37,28,49,0,44,0
Nick Wiley,89275,LB,COLGATE,6,0,0,142,,,,,,,57.5,,,77.1,0,1,0,0,1,30,0,20,0
Cade Hamilton,89276,LB,GARD-WEBB,2,0,0,171,59.9,,,,,,60.5,,,63.9,0,0,0,4,0,0,0,1,0
Brennan Young,89285,LB,HOU BAPT,10,0,0,183,60.2,,,,,,61.0,,,73.4,0,0,0,62,0,0,47,14,0
Damien Jackson,89286,LB,ILL STATE,10,1,0,188,59.7,,,59.9,,,67.2,,,80.0,0,0,0,32,14,46,60,52,1
Kenton Wilhoit,89289,LB,ILL STATE,10,0,0,188,59.9,,,,,,51.9,,,42.3,0,1,0,39,0,1,62,16,3
Ty Hranicka,89291,FB,LAFAYETTE,6,0,0,203,,,,,,,70.1,,,76.1,0,0,0,0,5,21,19,23,0
Major Jordan,89292,LB,LAFAYETTE,5,0,0,203,59.6,,,,,,46.9,,,26.9,0,1,0,23,2,0,0,1,1
Christian Hollar,89294,LB,LAFAYETTE,8,0,0,203,59.8,,,,,,60.9,,,68.5,0,0,0,3,6,40,0,3,1
Darius Daniels,89296,LB,MCNEESE,6,0,0,217,60.0,,,,,,60.8,,,64.7,0,0,0,28,4,2,0,0,0
Tahj Samuel,89298,LB,MCNEESE,10,3,1,217,,,,59.9,,,64.0,,,29.4,0,2,0,0,51,50,54,29,2
Tyler Flink,89299,LB,MONTANA,13,0,0,232,59.8,,,,,,74.3,,,87.1,1,0,0,1,79,41,70,78,6
Patrick O'Connell,89300,ED,MONTANA,12,0,0,232,58.4,,,61.8,,,60.6,,,70.0,0,0,0,32,4,6,0,14,0
Jahsun Bryant,89302,LB,TENN STATE,9,0,0,308,59.7,,,,,,60.7,,,66.0,0,0,0,32,0,0,0,4,0
Terry Straughter,89303,LB,TENN STATE,10,2,0,308,59.2,,,,,,69.0,,,78.2,0,0,0,27,0,19,33,38,0
Zach Simmons,89314,LB,NC CENT,5,0,0,247,60.0,,,,,,60.3,,,71.2,0,0,0,1,4,20,0,0,0
Noah Rainbow-Douglas,89315,LB,NC CENT,9,0,0,247,59.6,,,,,,61.1,,,69.7,0,0,0,39,0,0,0,4,0
Joey Malinowski,89318,LS,ILL STATE,10,2,0,188,,,81.9,,,88.4,90.0,,,67.5,1,0,35,0,0,0,65,0,4
Ed Rogowski,89319,LS,LAFAYETTE,10,2,0,203,,,26.9,,,36.0,58.7,,,66.8,0,0,31,0,0,0,49,0,0
Brayden Adams,89320,LB,MCNEESE,7,0,0,217,60.1,,,,,,64.9,,,71.5,0,1,0,10,17,7,23,7,2
Trey Vondenstein,89321,LS,MCNEESE,9,0,0,217,,,65.2,,,,61.8,,,61.0,0,0,37,0,0,0,0,0,0
Janathian Turner,89324,DI,GARD-WEBB,9,0,0,171,58.1,,,,,,58.6,,,68.5,0,0,0,24,0,0,0,9,0
Raymond Horton,89329,DI,TENN STATE,10,0,0,308,57.7,,,,,,59.3,,,68.3,0,0,0,50,1,0,0,1,1
Kyle Miskelley,89331,C,CHATTNOOGA,1,0,0,137,,,,,,,60.0,,,63.3,0,0,0,0,0,0,1,0,0
Palmer Story,89340,LB,CITADEL,1,0,0,139,,,,,,,59.8,,,64.0,0,0,0,0,0,2,0,0,0
Shiva Puttagunta,89342,G,COLGATE,3,0,0,142,,,60.0,,,,60.8,,,66.0,0,0,1,0,0,0,16,0,0
Ben Bohnenberger,89343,T,COLGATE,10,0,0,142,,,24.6,,,,43.3,,,72.9,0,0,35,0,0,0,0,0,0
Jayvion Queen,89344,T,COLGATE,10,0,0,142,,,49.0,,,,57.2,,,65.7,0,0,35,0,0,0,0,0,0
Michael Griggs,89345,G,COLGATE,3,0,0,142,,,60.0,,,,61.4,,,65.7,0,0,4,0,0,0,7,0,0
Peyton Asche,89353,T,ILL STATE,1,0,0,188,,,61.2,,,,61.9,,,68.7,0,0,7,0,0,0,0,0,0
Zach Mueller,89354,G,ILL STATE,8,0,0,188,,,73.8,,,,64.4,,,63.6,0,0,32,0,0,0,0,0,0
Mike Hughes,89358,DI,LAFAYETTE,10,0,0,203,59.7,,71.0,,,,63.5,,,71.6,0,0,32,5,0,0,49,0,0
Casey McCollum,89359,T,LAFAYETTE,9,0,0,203,,,70.9,,,,64.2,,,71.6,0,0,28,0,0,0,0,0,0
Gavin Barclay,89360,T,LAFAYETTE,10,0,0,203,,,70.0,,,,63.6,,,65.1,0,0,32,0,0,0,0,0,0
Austin Pyne,89361,C,MERRIMACK,9,0,0,385,,,72.9,,,,64.9,,,74.7,0,0,41,0,0,0,0,0,0
Joe Grundhoffer,89362,C,LAFAYETTE,5,0,0,203,,,14.6,,,,27.8,,,66.9,0,0,12,0,0,0,0,0,0
Matthew Fiume,89363,C,LAFAYETTE,10,0,0,203,,,69.8,,,,62.9,,,65.9,0,0,32,0,0,0,50,0,0
Joshua Roberts,89364,T,LAFAYETTE,7,0,0,203,,,71.3,,,,63.9,,,64.7,0,0,24,0,0,0,0,0,0
Nick Holiday,89375,T,MCNEESE,6,0,0,217,,,67.9,,,,63.2,,,65.6,0,0,23,0,0,0,0,0,0
Alex McConnell,89383,T,W CAROLINA,2,0,0,344,,,64.2,,,,62.3,,,64.7,0,0,9,0,0,0,0,0,0
Tyler Smith,89384,T,W CAROLINA,2,0,0,344,,,60.0,,,,60.0,,,64.9,0,0,1,0,0,0,1,0,0
Garrett Bowman,89385,G,W CAROLINA,3,0,0,344,,,60.0,,,,61.3,,,65.1,0,0,6,0,0,0,16,0,0
Ricky Lee,89386,T,NC A&T,4,0,0,246,,,66.1,,,,62.9,,,65.8,0,0,19,0,0,0,0,0,0
Matthew Robinson,89389,LB,GARD-WEBB,9,0,0,171,,,,,,,60.2,,,28.9,0,2,0,0,47,29,28,28,4
Cody Kanouse,89393,G,MONTANA,3,0,0,232,,,64.1,,,,62.5,,,65.4,0,0,13,0,0,0,0,0,0
Gabe Boring,89397,P,CHATTNOOGA,11,0,0,137,,,66.6,,56.2,,63.8,,51.1,75.7,1,2,53,0,51,0,29,0,1
Kaleb Mosley,89402,P,TENN STATE,11,0,0,308,,,,,64.2,,63.8,,65.0,76.2,0,1,0,0,7,0,65,0,1
Chris James,89404,TE,CHATTNOOGA,11,0,0,137,,,,,,,77.5,,,90.6,0,0,0,0,0,2,53,0,2
Josh Alfaro,89408,TE,HOU BAPT,11,0,0,183,,,70.9,,,,60.1,,,77.1,1,0,34,0,0,81,53,19,0
Troy Fisher,89416,TE,LAFAYETTE,7,0,0,203,,,,,,,58.7,,,70.0,0,0,0,0,0,34,0,0,0
Zach Hayes,89419,WR,MCNEESE,5,0,0,217,,,,,,,68.2,,,73.6,0,0,0,0,1,0,0,19,0
Garrett Graves,89420,S,MONTANA,13,0,0,232,59.5,,,65.1,,,68.1,,,75.6,0,0,0,16,11,29,56,7,4
Tyrell Price,89427,HB,CHATTNOOGA,11,0,0,137,,,64.6,,,,59.4,,,71.6,0,0,14,0,0,42,13,0,0
Dexter Brown,89433,HB,GARD-WEBB,10,0,0,171,,,,68.7,,,43.0,,,67.9,1,0,0,0,28,42,0,7,0
Nery Enriquez,89439,K,HOU BAPT,4,0,0,183,,62.5,,,67.8,,60.0,,,67.0,0,0,3,0,4,0,0,0,0
Kevin Brown,89440,HB,ILL STATE,8,0,0,188,,,,61.3,,,57.9,,,65.1,0,0,0,0,0,31,0,1,0
Selwyn Simpson,89442,HB,LAFAYETTE,2,0,0,203,,,,,,,67.3,,,64.2,0,0,0,0,0,2,0,0,0
Danuel Oscar,89445,HB,CHARLES SO,4,0,0,135,,,,60.0,,,61.7,,,64.9,0,0,0,0,2,1,2,2,0
Drew Turner,89450,HB,MONTANA,13,0,0,232,,,,,,,63.7,,,31.7,0,1,0,0,4,0,0,77,0
Jamal Currie-Elliott,89455,HB,NC CENT,1,0,0,247,,,,,,,60.0,,,63.3,0,0,0,0,0,0,1,0,0
Clayton Isbell,89459,S,ILL STATE,8,0,0,188,60.2,,,,,,63.4,,,67.0,0,0,0,31,13,0,0,10,0
Nash Fouch,89460,S,MONTANA,13,0,0,232,59.6,,,,,,61.8,,,68.7,0,0,0,25,11,2,0,8,0
Jackson Pepe,89461,S,MONTANA,1,0,0,232,,,,,,,60.4,,,63.3,0,0,0,0,3,0,0,0,0
David Koppang,89462,S,MONTANA,13,1,0,232,,,,,,,68.5,,,50.1,0,1,0,0,68,40,3,77,0
Keefe White,89465,WR,CITADEL,1,0,0,139,,,,,,,59.8,,,64.8,0,0,0,0,0,0,0,2,0
Nkem Njoku,89466,HB,CITADEL,2,0,0,139,,,,,,,61.1,,,65.6,0,0,0,0,3,0,0,0,0
Mike Bevino,89471,TE,COLGATE,6,0,0,142,,,67.0,59.6,,,62.5,,,71.4,0,0,21,0,0,18,0,0,0
Jacob Carl,89476,TE,ILL STATE,10,0,0,188,,,71.1,,,,61.2,,,67.2,0,0,35,0,0,0,66,0,0
Steven Stilianos,89478,TE,LAFAYETTE,3,0,0,203,,,61.4,,,,61.8,,,61.7,0,0,9,0,0,0,0,0,0
Dontay Hargrove,89479,TE,MCNEESE,9,0,0,217,59.5,,72.3,59.6,,,65.9,,,74.8,0,0,40,3,4,38,0,40,0
Jacob Logan,89480,TE,NWSTATE,4,0,0,257,,,60.0,59.6,,,60.8,,,68.6,0,0,1,0,0,18,10,0,0
Clayton Bardall,89485,TE,W CAROLINA,4,0,0,344,,,64.1,59.4,,,64.2,,,70.1,0,0,13,0,0,36,0,0,0
Andrew Manning,89494,WR,CHATTNOOGA,7,0,0,137,,,,,,,64.8,,,74.2,0,0,0,0,0,26,28,2,0
Sean Amill,89495,WR,COLGATE,8,1,0,142,,,62.0,,,,70.5,,,84.2,0,0,15,0,2,22,35,24,0
Garrett Oakey,89496,WR,COLGATE,6,0,0,142,,,,,,,61.0,64.8,,66.6,0,0,0,0,0,1,0,23,0
Aaron Marquez,89499,WR,HOU BAPT,1,0,0,183,,,,,,,60.0,,,63.8,0,0,0,0,0,0,0,1,0
Taylor Grimes,89507,WR,INCAR WORD,5,0,0,189,,,,,,,58.4,,,68.1,0,0,0,0,1,6,1,1,0
Eric Rogers,89509,WR,ILL STATE,6,0,0,188,,,,,,,58.8,,,74.3,0,0,0,0,0,29,6,0,0
Tristan Bailey,89513,WR,ILL STATE,9,0,0,188,,,,,,,68.7,,,74.9,0,0,0,0,0,0,0,30,0
Quincy Cage Jr.,89522,WR,NICHOLLS,1,0,0,243,,,,,,,53.3,,,67.6,0,0,0,0,0,0,5,0,0
Draysean Hudson,89524,WR,W ILLINOIS,6,0,0,345,,,,54.1,,,41.4,,,27.2,0,1,0,0,0,4,1,12,0
Deon Cormier,89525,WR,MCNEESE,6,0,0,217,,,,,,,61.1,,,72.7,0,0,0,0,0,22,4,0,0
Gabe Sulser,89528,WR,MONTANA,4,0,0,232,,,,59.9,,,60.3,66.4,,66.6,0,0,0,0,0,7,0,17,0
Barry Campbell,89539,WR,NC CENT,1,0,0,247,,,,,,,63.0,,,67.0,0,0,0,0,0,0,0,7,0
Joseph Vaughn,90131,ED,YALE,7,1,0,352,59.6,,,,,,56.4,,,71.0,2,0,0,3,42,27,0,0,1
Shane Aberg,90159,G,STTHOM,1,0,0,1129,,,,,,,60.0,,,64.5,0,0,0,0,0,0,2,0,0
Andrew Ogletree,90393,DI,ALABAMA ST,9,0,0,105,58.5,,,,,,60.3,,,71.7,0,0,0,14,0,0,0,6,0
Caleb Brunson,90403,S,MS VLY ST,8,0,0,228,59.8,,,,,,60.6,,,63.9,0,0,0,22,0,0,1,3,0
Eric Powell,90411,ED,MS VLY ST,2,0,0,228,58.8,,,,,,61.1,,,68.0,0,0,0,6,5,3,0,3,0
Deione Reed,90425,LB,MS VLY ST,8,0,0,228,59.0,,,,,,61.4,,,71.0,0,0,0,31,0,11,7,10,0
Deivone Reed,90426,LB,MS VLY ST,7,1,0,228,59.6,,,,,,72.3,,,77.2,0,0,0,4,25,29,44,3,2
Jerry Garner,90429,ED,MS VLY ST,9,0,0,228,58.8,,,,,,61.1,,,70.0,0,0,0,31,0,0,0,15,0
James Lofton,90449,T,MS VLY ST,9,0,0,228,,,71.2,,,,63.9,,,65.5,0,0,37,0,0,0,0,0,0
Caleb Johnson,90461,HB,MS VLY ST,2,0,0,228,,,,,,,60.3,,,68.2,0,0,0,0,4,12,0,0,0
Jemaurri Bailey,90466,S,WEBER ST,9,0,0,342,60.0,,,,,,50.3,,,72.3,1,0,0,1,18,24,0,1,0
Francisco Jimenez,90588,DI,SAMFORD,5,0,0,282,59.5,,,,,,60.1,,,64.6,0,0,0,6,0,0,0,1,0
Zack Gieg,90606,C,SE MO ST,1,0,0,293,,,,,,,60.0,,,63.3,0,0,0,0,0,0,0,0,0
Sebastian Conwell,90709,ED,PRESBYTERN,3,0,0,271,60.0,,,,,,63.3,,,68.5,0,0,0,1,20,0,0,0,0
David Irwin,90805,FB,N COLORADO,2,0,0,253,,,61.6,,,85.7,68.7,,,64.7,0,0,5,0,0,0,13,0,0
JaKobe Davidson,91080,CB,DRAKE,9,0,0,153,59.9,,,,,,51.3,,,72.1,0,0,0,6,22,4,0,1,0
Eian O'Brien,91083,CB,DRAKE,6,1,0,153,59.8,,,,,,55.6,,,30.0,1,1,0,4,4,0,9,23,1
Matt Hartlieb,91084,TE,DRAKE,6,1,0,153,,,,,,,65.7,,,69.1,0,0,0,0,5,0,26,0,0
Declan Carr,91085,LB,DRAKE,9,0,0,153,59.8,,,,,0.0,29.2,,,74.4,0,0,0,34,0,1,2,6,0
Danny Morales,91087,S,DRAKE,8,0,0,153,59.9,,,74.2,,75.6,64.7,60.0,,77.0,0,0,0,27,14,29,1,14,0
Ander Johnson,91089,LB,DRAKE,9,1,0,153,,,,59.9,,,63.0,,,77.9,0,1,0,0,21,40,34,38,1
Ben Gerdes,91090,ED,DRAKE,10,0,0,153,59.6,,60.0,,,,61.5,,,75.5,0,0,1,28,0,2,3,2,0
Jonathan Engle,91091,C,DRAKE,9,0,0,153,,,72.5,,,,64.1,,,63.5,0,0,27,0,0,0,0,0,0
Johnny Hill,91092,ED,DRAKE,6,0,0,153,59.9,,,,,,62.4,,,73.5,0,0,0,8,0,0,1,8,0
Zachary Kincade,91094,DI,DRAKE,6,0,0,153,58.9,,,,,,59.6,,,69.0,0,0,0,8,0,0,0,7,0
Braeden McLaughlin,91099,T,DRAKE,8,0,0,153,,,68.3,,,,63.7,,,68.9,0,0,25,0,0,0,0,0,0
Ryan Hayes,91102,TE,DRAKE,8,0,0,153,,,,,,,42.4,,,66.1,0,0,0,0,0,0,45,0,1
Andrew Kasten,91104,WR,DRAKE,1,0,0,153,,,,,,,60.0,23.9,,63.6,0,0,0,0,0,0,0,4,0
Ryan Erickson,91106,ED,DRAKE,1,0,0,153,,,60.0,,,,61.4,,,60.6,0,0,7,0,0,0,0,0,0
Kieran Kohorst,91107,ED,DRAKE,10,0,0,153,59.5,,68.8,,,,62.8,,,72.6,0,0,25,22,0,0,1,3,0
Jake Hoper,91108,DI,DRAKE,9,0,0,153,77.9,,60.0,,,,87.5,,,74.1,0,0,2,30,0,0,0,2,0
Josh Nardone,91109,P,NORFOLK,10,0,0,244,,54.0,,,54.7,,62.7,,,72.5,0,0,57,0,34,0,0,0,0
Stuart Anderson Jr.,91116,S,NORFOLK,11,1,0,244,59.7,,67.3,,,,68.4,,,86.7,2,0,65,27,61,58,37,38,2
Cameryn Brent,91119,HB,NORFOLK,11,0,0,244,,,,55.6,,,52.3,,,28.7,0,1,0,0,10,53,0,0,0
Mark Brown,91120,LB,NORFOLK,3,1,0,244,60.1,,,,,,67.7,,,69.4,0,0,0,2,15,0,0,0,0
Colby Byrd,91124,C,NORFOLK,11,1,0,244,,,28.5,,,,55.4,,,65.3,0,0,65,0,0,0,24,0,0
R.J. Coles,91126,S,NORFOLK,11,0,0,244,59.8,,,,,,62.0,,,71.7,0,0,0,44,0,6,0,8,0
Josh Culberson,91127,G,NORFOLK,9,1,0,244,,,27.9,,,,51.1,,,71.9,0,1,48,0,0,0,26,0,0
Zac Denton,91128,LS,NORFOLK,10,1,0,244,,,,,,23.4,45.2,,,66.3,1,0,0,0,0,0,37,0,2
De'Shaan Dixon,91129,ED,NORFOLK,11,0,0,244,58.3,,75.3,,,,62.4,,,73.8,0,0,58,47,0,0,0,9,0
D.J. Djonkam,91130,DI,NORFOLK,7,0,0,244,58.8,,,,,,59.8,,,65.6,0,0,0,6,0,0,4,2,0
Marcque Ellington,91131,WR,NORFOLK,8,0,0,244,,,60.0,,,,66.8,,,72.1,0,0,1,0,0,31,0,19,0
Johnathan Gregory,91135,CB,NORFOLK,6,0,0,244,,,,,,,69.7,,,67.9,0,0,0,0,0,0,15,1,1
Marquis Hall,91136,LB,NORFOLK,9,0,0,244,59.7,,,,,,62.3,,,72.6,0,0,0,34,0,0,3,9,0
Matt Hodges,91139,LB,NORFOLK,8,0,0,244,60.1,,,,,,63.2,,,72.8,1,0,0,12,19,18,21,2,3
Taro Lipscomb,91148,T,NORFOLK,1,0,0,244,,,60.0,,,,60.0,,,61.6,0,0,1,0,0,0,0,0,0
Justin Redd,91153,G,NORFOLK,10,0,0,244,,,74.5,,,,64.6,,,66.2,0,0,59,0,0,0,0,0,0
Brandon Savage,91157,CB,NORFOLK,11,0,0,244,59.4,,,,,,59.8,,,83.2,1,0,0,41,1,1,32,42,1
D'Montre' Smith,91158,T,NORFOLK,2,0,0,244,,,60.3,,,,61.7,,,66.8,0,0,5,0,0,0,0,0,0
Justin Smith,91159,WR,NORFOLK,7,0,0,244,,,,,,,60.8,43.9,,66.1,0,0,0,0,0,1,0,19,0
Justin Toler,91167,CB,NORFOLK,10,1,0,244,59.5,,,,,,49.4,,,39.9,0,1,0,13,53,47,0,34,3
Anthony Williams,91170,TE,NORFOLK,11,0,0,244,,,77.0,59.6,,,62.3,,,76.3,0,0,65,0,0,62,0,0,0
Shaviaea Williams,91171,CB,NORFOLK,9,0,0,244,59.9,,,,,,58.0,,,75.8,1,1,0,5,20,45,6,22,1
Ethan Zager,91197,S,DRAKE,9,0,0,153,59.8,,,,,,66.4,,,46.8,0,1,0,4,27,43,54,39,4
Destin Talbert,91251,CB,N DAK ST,15,0,0,250,59.7,,,,,,82.1,,,88.4,1,0,0,14,90,42,50,78,7
Jayden Price,91252,CB,N DAK ST,15,0,0,250,59.7,,,,,,62.0,90.6,,29.7,1,1,0,20,0,0,44,79,3
Munchie Filer III,91254,CB,SACRAMENTO,12,0,0,279,59.4,,,,,,59.5,,,29.8,0,1,0,29,2,4,16,32,1
Level Price Jr.,91257,CB,MONTANA ST,14,2,0,233,59.8,,,,,,67.6,,,55.6,1,1,0,2,28,44,61,22,4
Justis Henley,91261,CB,DELAWARE,10,0,1,151,80.9,,,,,,66.1,,,27.4,0,2,0,39,2,0,0,11,0
Amonte Strothers,91263,CB,DELAWARE,10,0,0,151,60.2,,,,,,64.2,,,79.7,0,0,0,11,0,50,0,41,0
Joe Zubillaga,91265,LB,DELAWARE,10,0,0,151,59.6,,,,,,70.1,,,74.4,1,0,0,20,44,12,0,5,3
Chase Brown,91272,CB,N ALABAMA,10,0,0,389,59.6,,,,,,90.4,,,75.7,0,0,0,7,0,0,0,32,0
Freddie Gaines,91275,S,CAL POLY,3,0,0,129,59.7,,,,,,62.4,,,70.0,0,0,0,8,9,9,0,1,0
Brandon Davis,91278,S,CAL POLY,10,0,0,129,59.9,,,,,,64.0,,,78.5,0,0,0,15,29,14,48,24,1
Bartholomew Ogbu,91280,ED,N DAK ST,3,0,0,250,59.5,,,,,,60.7,,,65.0,0,0,0,2,0,0,0,2,0
Tony Pierce Jr.,91281,ED,N DAK ST,10,0,0,250,59.2,,,,,,62.5,,,68.4,0,0,0,7,0,1,0,10,0
Todd Payne,91291,ED,IDAHO ST,11,0,0,186,60.2,,75.2,,,43.7,60.9,,,75.9,1,0,35,27,0,28,62,17,2
Byron Rollins,91294,DI,MONTANA ST,8,0,0,233,58.2,,,,,,59.3,,,67.4,0,0,0,14,0,0,16,3,0
Jordan Morris,91297,DI,DELAWARE,8,0,0,151,58.3,,,,,,60.0,,,71.3,0,0,0,19,0,0,0,8,0
Tommy Walsh,91299,ED,DELAWARE,10,1,0,151,59.2,,72.0,,,,66.9,,,73.5,0,0,36,28,0,0,61,7,0
Drew Beddingfield,91303,DI,N ALABAMA,4,0,0,389,59.6,,,,,,60.4,,,66.1,0,0,0,1,0,0,13,1,0
Jojo Falo,91309,DI,CAL POLY,7,0,0,129,58.6,,,,,,41.0,,,26.3,0,1,0,11,0,0,0,1,0
Hunter Luepke,91319,FB,N DAK ST,11,0,0,250,,,64.1,,,,60.1,,,70.1,0,0,13,0,1,25,12,3,0
Joe Gurley,91327,P,N ALABAMA,11,0,0,389,,,66.4,,,,63.3,,73.0,71.9,0,1,51,0,0,0,45,0,1
Jasir Cox,91329,LB,N DAK ST,13,1,0,250,59.9,,,,,,75.1,,,87.9,0,0,0,28,0,28,38,15,2
Mitchell Kartes,91330,HB,N DAK ST,6,1,0,250,,,,,,,74.8,,,67.9,0,0,0,0,35,0,0,4,3
Jake Kava,91332,ED,N DAK ST,9,0,0,250,59.3,,,,,,60.2,,,65.7,0,0,0,7,0,0,0,4,0
Jory Choate,91333,LB,MONTANA ST,12,0,0,233,,,,,,,67.8,,,73.6,0,0,0,0,69,13,0,5,1
Nolan Askelson,91334,LB,MONTANA ST,4,0,0,233,,,,,,,72.5,,,76.5,1,0,0,0,12,7,12,16,5
Daniel Hardy,91336,ED,MONTANA ST,15,0,0,233,58.0,,,,,,71.3,,,76.2,1,0,0,37,79,0,0,17,8
Liam Trainer,91337,LB,DELAWARE,10,0,0,151,59.0,,,,,,67.8,,,77.2,0,0,0,25,44,33,61,9,4
Matt Palmer,91338,LB,DELAWARE,8,1,0,151,59.9,,,,,,65.7,,,77.0,1,0,0,3,30,39,42,29,1
Johnny Buchanan,91339,LB,DELAWARE,9,0,0,151,59.4,,,59.9,,,75.5,,,72.7,0,0,0,29,40,1,53,11,6
Kedrick Whitehead,91341,CB,DELAWARE,10,0,0,151,60.3,,,,,,61.7,,,71.3,1,0,0,42,42,0,0,14,1
Tyler Boyd,91342,LB,DELAWARE,3,0,0,151,,,,,,,61.7,,,67.0,0,0,0,0,5,2,0,0,0
Drew Nickles,91343,LB,DELAWARE,3,0,0,151,59.5,,,,,,64.5,,,68.9,0,0,0,4,0,0,15,2,1
Anthony Toro,91345,ED,DELAWARE,9,0,0,151,58.9,,,,,,66.5,,,76.5,0,0,0,22,37,5,52,8,2
Jakob Cummings,91349,LB,N ALABAMA,10,0,0,389,60.0,,,,,,61.3,,,28.7,0,3,0,25,50,44,31,23,6
Will Evans,91351,LB,N ALABAMA,11,0,0,389,59.9,,,59.9,,,58.1,,,49.5,2,1,0,32,42,22,40,4,3
Dustin Grein,91354,ED,CAL POLY,11,0,0,129,59.2,,,,,,60.8,,,70.7,0,0,0,24,0,11,0,8,0
Corey Thomas,91355,S,CAL POLY,7,0,0,129,60.2,,,,,,64.7,,,70.0,0,1,0,9,8,12,13,11,2
Timothy Miller,91359,LB,CAL POLY,11,1,0,129,,,,,,,49.9,,,38.3,2,1,0,0,24,72,56,3,1
Ryan Rivera,91360,TE,CAL POLY,11,1,0,129,,,70.7,59.4,,,68.0,,,75.3,1,0,31,0,6,61,73,0,1
Jake Kubas,91363,G,N DAK ST,15,0,0,250,,,78.3,,,,44.5,,,29.3,0,1,83,0,0,0,9,0,0
Joe McElroy,91366,G,MONTANA ST,15,0,0,233,,,77.5,,,,65.5,,,73.6,0,0,77,0,0,0,71,0,0
Robert Nachtman,91370,G,DELAWARE,5,0,0,151,,,69.8,,,,63.2,,,64.9,0,0,19,0,0,0,8,0,0
Eli Cazola,91372,TE,N ALABAMA,11,0,0,389,,,73.5,,,,57.4,,,71.6,0,1,51,0,0,43,0,0,0
Nate Thompson,91376,T,N ALABAMA,2,0,0,389,,,60.0,,,,61.7,,,63.0,0,0,9,0,0,0,0,0,0
Noah Stern,91381,G,N ALABAMA,2,0,0,389,,,60.0,,,,55.3,,,24.4,0,1,2,0,0,0,0,0,0
Jacob Gentle,91385,G,N ALABAMA,2,0,0,389,,,60.0,,,,60.0,,,61.3,0,0,2,0,0,0,0,0,0
D.J. Stuckey,91386,C,CAL POLY,4,0,0,129,,,66.5,,,,63.0,,,67.1,0,0,13,0,0,0,0,0,0
Noah Plack,91394,S,DELAWARE,7,0,0,151,59.8,,,,,,72.0,,,67.6,0,0,0,29,3,0,19,2,2
Jalen Sundell,91396,C,N DAK ST,4,0,0,250,,,65.6,,,,62.7,,,64.3,0,0,19,0,0,0,0,0,0
Lane Sumner,91412,HB,MONTANA ST,11,0,0,233,,,,62.8,,,60.5,,,72.2,0,0,0,0,17,43,6,0,0
Ja'Won Howell,91418,HB,N ALABAMA,10,0,0,389,,,,63.2,,,70.4,,,72.8,1,0,0,0,51,19,0,0,5
Tyler Price,91419,HB,N ALABAMA,11,0,0,389,,,,,,,62.8,,,72.4,0,0,0,0,18,62,14,0,0
Jeffery Battle,91422,S,N ALABAMA,11,0,0,389,60.1,,,,,,57.1,,,27.3,0,3,0,31,37,37,0,6,4
Xavier Moore,91425,WR,CAL POLY,7,0,0,129,,,,,,,64.4,,,72.9,1,0,0,0,1,1,30,0,1
James Kaczor,91426,LB,N DAK ST,5,0,0,250,,,,,,,58.8,,,67.8,0,0,0,0,0,0,15,0,0
Derryk Snell,91428,TE,MONTANA ST,2,0,0,233,,,,,,,59.6,,,66.6,0,0,0,0,0,5,4,0,0
Treyton Pickering,91429,TE,MONTANA ST,11,0,0,233,,,74.4,,,,63.8,,,67.3,0,0,55,0,0,27,2,4,0
Braden Brose,91430,TE,DELAWARE,10,1,0,151,,,70.3,,,,59.7,,,28.6,0,1,34,0,22,26,0,0,1
Jon Ricci,91431,TE,DELAWARE,10,0,0,151,,,64.5,,,,64.4,,,74.3,0,0,14,0,0,45,0,25,0
Corson Swan,91434,TE,N ALABAMA,9,0,0,389,,,72.6,,,,61.3,,,67.0,0,0,43,0,0,30,5,0,0
Phoenix Sproles,91436,WR,N DAK ST,7,0,0,250,,,,61.8,,,69.3,,,70.3,0,0,0,0,5,5,0,14,1
Zach Mathis,91437,WR,N DAK ST,9,0,0,250,,,,,,,69.1,,,77.4,0,0,0,0,0,7,0,33,0
Logan Kleinhans,91443,WR,MONTANA ST,4,0,0,233,,,,,,,61.8,,,67.1,0,0,0,0,0,2,0,3,0
Eddie Scannapieco,91445,WR,DELAWARE,6,0,0,151,,,,,,,64.2,,,71.5,0,0,0,0,0,0,0,20,0
Dexter Boykin,91447,WR,N ALABAMA,11,1,0,389,,,,,,,74.4,,,70.1,0,0,0,0,0,4,43,0,4
Takairee Kenebrew,91450,WR,N ALABAMA,4,0,0,389,,,,62.8,,,60.2,,,65.8,0,0,0,0,0,4,0,0,0
Cortez Hall,91454,WR,N ALABAMA,4,0,0,389,,,,,,,59.1,60.0,,67.7,0,0,0,0,0,1,9,1,0
Cameron Turner,91455,WR,N ALABAMA,10,0,0,389,,,,61.8,,,67.4,,,78.7,0,0,0,0,14,19,0,30,0
Phazione McClurge,91531,WR,INDIANA ST,8,0,0,191,,,,59.4,,,67.5,,,90.7,0,0,0,0,0,27,0,30,0
Kolby McGowan,91532,CB,CORNELL,9,1,0,147,,,,,,,67.2,,,76.5,0,0,0,0,23,0,2,22,0
Michael Irons,91533,CB,CORNELL,10,0,0,147,59.3,,,,,,53.9,,,29.3,1,2,0,43,3,11,54,18,2
Isaiah Hogan,91535,CB,CORNELL,5,0,0,147,59.9,,,,,,55.4,,,67.5,0,0,0,14,6,0,0,10,0
Kenan Clarke,91536,CB,CORNELL,9,0,0,147,60.0,,,59.4,,,66.6,,,75.3,0,0,0,45,24,3,2,21,1
Michael Hawkins,91541,S,SAN DIEGO,11,0,0,283,59.9,,,,,,63.4,63.6,,78.1,0,0,0,43,1,1,0,49,0
Hunter Nichols,91542,S,SAN DIEGO,11,0,0,283,59.4,,,59.8,,,70.0,62.4,,79.2,0,0,0,39,23,36,0,31,2
Cassius Johnson,91546,CB,SAN DIEGO,11,0,0,283,81.4,,,62.7,,,81.8,,,81.8,0,0,0,39,18,32,6,23,0
Joshua Hong,91547,S,SAN DIEGO,8,0,0,283,,,,,,,67.4,,,76.7,0,0,0,0,26,20,35,29,1
Mato Pacheco,91548,CB,SAN DIEGO,9,0,1,283,59.9,,,,,,54.6,,,40.9,1,2,0,1,51,34,31,32,1
Demetrius Harris,91549,S,CORNELL,10,2,0,147,59.8,,,,,,61.3,,,81.5,2,0,0,36,37,0,51,14,1
Greg Laday,91551,CB,N COLORADO,11,0,0,253,59.3,,,60.0,,,62.8,,,75.6,0,0,0,54,0,1,0,21,0
Aaron Harris,91554,CB,N COLORADO,10,0,0,253,59.3,,,,,,64.6,,,75.2,0,0,0,44,21,2,2,35,0
Chris Pope,91555,CB,N COLORADO,8,0,0,253,59.9,,,,,,62.8,,,31.6,0,1,0,4,12,0,16,20,1
Kama Kamaka,91556,S,SAN DIEGO,11,0,0,283,59.6,,,,,,65.7,,,77.2,0,0,0,43,0,0,26,9,1
Jack Muench,91590,DI,CORNELL,10,0,0,147,58.4,,,,,,51.5,,,29.0,0,1,0,47,0,0,0,17,0
Max Lundeen,91591,ED,CORNELL,8,0,0,147,59.5,,,,,,63.6,,,72.4,0,0,0,18,0,0,0,14,0
Jordan Patrick,91594,ED,CORNELL,4,0,0,147,,,,,,,60.1,,,67.4,0,0,0,0,0,0,0,6,0
Joe Shepard,91595,ED,CORNELL,6,0,0,147,,,,,,,59.1,,,70.0,0,0,0,0,0,26,0,0,0
Jaylyn Rogers,91604,DI,TENN MARTN,10,0,0,310,58.7,,,,,,60.5,,,70.5,0,0,0,11,0,0,0,14,0
Kevin Glajchen,91609,DI,S ILLINOIS,7,0,0,295,59.9,,,,,,62.8,,,68.6,0,0,0,3,0,0,0,5,0
Muhindo Kapapa,91611,ED,SAN DIEGO,10,0,0,283,58.9,,60.0,,,,62.4,,,80.0,0,0,5,38,0,0,0,11,0
Myles Wilson,91617,DI,SAN DIEGO,4,0,0,283,58.9,,,,,,60.2,,,76.9,0,0,0,3,0,0,1,1,0
Garrett Patla,91624,K,CORNELL,6,0,0,147,,,,,71.4,,61.6,,,73.2,1,0,0,0,23,0,0,0,0
Koby Kiefer,91627,P,CORNELL,10,0,0,147,,,64.7,,,,63.2,,52.3,73.0,1,1,32,0,0,0,50,0,0
Scott Lees,91628,K,CORNELL,10,0,0,147,,72.6,,,64.0,,62.3,,60.6,71.5,0,0,32,0,20,0,6,0,1
Nick Null,91629,K,MONMOUTH,11,1,0,231,,65.2,,,63.7,,52.8,,,30.0,1,1,53,0,65,0,0,0,2
Christoph Sontich,91636,ED,CORNELL,9,1,0,147,59.4,,61.7,,,,66.8,,,70.2,0,0,9,6,15,3,0,3,0
Jude Andrzejewski,91639,LB,CORNELL,10,0,0,147,,,,,,,67.6,,,72.4,0,0,0,0,38,0,2,1,1
Lance Blass,91640,LB,CORNELL,10,0,0,147,59.9,,,,,,63.8,,,68.4,0,0,0,39,6,1,0,17,0
Jace Bobo,91645,LB,N COLORADO,11,0,0,253,60.3,,,,,,64.6,,,72.0,0,0,0,56,0,0,0,20,0
Kyle Bilchik,91649,LB,SAN DIEGO,9,0,0,283,60.1,,,,,,63.5,,,72.5,0,0,0,36,0,0,0,8,0
Thomas Ferrara,91666,LS,CORNELL,10,1,0,147,,,41.6,,,65.1,78.2,,,67.1,1,0,32,0,0,0,56,0,1
Hunter Nourzad,91674,T,CORNELL,4,0,0,147,,,66.9,,,,63.0,,,67.2,0,0,13,0,0,0,0,0,0
Jack Burns,91678,C,CORNELL,1,0,0,147,,,60.0,,,,60.0,,,62.1,0,0,2,0,0,0,0,0,0
Robert Fatovic,91679,G,CORNELL,6,0,0,147,,,69.2,,,,63.6,,,69.0,0,0,19,0,0,0,0,0,0
Will Swope,91683,T,CORNELL,9,0,0,147,,,69.5,,,,63.5,,,65.5,0,0,30,0,0,0,0,0,0
Luke LaCilento,91702,G,N DAK ST,2,0,0,250,,,60.0,,,,60.6,,,61.5,0,0,2,0,0,0,0,0,0
DJ Wright,91703,T,SAN DIEGO,4,0,0,283,,,66.1,,,,62.7,,,65.6,0,0,19,0,0,0,4,0,0
Kyle Neputy,91720,TE,CORNELL,10,0,0,147,,,69.9,,,,62.7,,,71.1,0,0,30,0,0,55,56,0,0
Conner Martin,91726,QB,N COLORADO,9,0,0,253,,,63.4,,,,61.4,,,60.9,0,0,22,0,0,0,0,0,0
Derek Kline,91729,TE,SAN DIEGO,4,0,0,283,60.0,,,59.9,,,60.7,,,67.5,0,0,0,1,0,10,0,0,0
Bryce Fledderman,91730,QB,SAN DIEGO,11,0,0,283,,,,,,66.9,61.3,,,67.3,1,0,0,0,0,0,61,0,0
Thomas Glover,91738,WR,CORNELL,2,0,0,147,,,,,,,68.9,58.9,,91.1,0,0,0,0,0,3,0,7,0
Devon Brewer,91741,HB,CORNELL,2,0,0,147,,,,59.9,,,60.0,,,61.6,0,0,0,0,0,2,0,0,0
Delonte Harrell,91742,HB,CORNELL,7,0,0,147,,,,57.8,,,61.0,,,70.8,0,0,0,0,2,32,0,23,1
Braxton George,91746,HB,N COLORADO,5,0,0,253,,,,58.4,,,59.1,,,63.9,0,0,0,0,0,16,0,0,0
Dominic Graziani,91753,FB,SAN DIEGO,11,0,0,283,,,73.9,,,,56.8,,,27.2,0,1,51,0,0,0,0,0,0
Logan Thut,91768,S,CORNELL,10,0,0,147,59.9,,,,,,70.2,,,75.0,2,0,0,42,8,1,56,19,4
Eric Diggs,91769,S,CORNELL,6,0,0,147,59.8,,,,,,63.7,,,68.5,0,0,0,9,15,0,0,11,0
Mbaba Sow,91770,S,CORNELL,5,0,0,147,59.9,,,,,,30.2,,,69.8,0,0,0,5,11,12,0,2,0
Taison Etienne,91772,S,CORNELL,1,0,0,147,,,,,,,60.7,,,69.7,0,0,0,0,1,7,0,4,0
Deshaun Harvey,91777,CB,SAN DIEGO,9,0,0,283,60.0,,,,,,64.2,,,79.4,1,0,0,1,45,17,28,26,1
Isaac Haney,91778,S,SAN DIEGO,11,0,0,283,59.8,,,,,,76.8,,,85.3,0,0,0,7,58,49,61,46,6
David Ambagtsheer,91779,LB,SAN DIEGO,11,1,0,283,60.1,,,,,,71.7,,,77.5,0,0,0,43,7,0,0,21,1
Griffin Collins,91781,WR,CORNELL,8,2,0,147,,,,,,,74.5,,,79.3,2,0,0,0,26,38,49,25,2
Nic Canal,91784,TE,CORNELL,1,0,0,147,,,60.0,,,,60.1,,,65.0,0,0,1,0,0,1,0,0,0
Ryan Fitton,91785,TE,CORNELL,10,0,0,147,,,70.4,59.9,,,56.1,,,66.3,0,1,31,0,0,43,0,0,0
Kyle Benham,91788,TE,CORNELL,10,0,0,147,,,71.0,,,,65.4,,,74.4,0,0,32,0,0,52,54,0,1
Randy Clemons II,91789,TE,TARLETON,9,0,0,401,,,73.4,,,,64.1,,,71.9,0,0,46,0,0,28,0,0,0
Joe Golden,91790,ED,N COLORADO,11,0,0,253,58.1,,69.8,,,,60.6,,,71.3,0,0,29,46,0,2,1,8,0
Michael Gadinis,91795,TE,SAN DIEGO,10,0,0,283,,,,,,,60.4,,,72.8,0,0,0,0,0,52,1,0,0
Alex Kuzy,91803,WR,CORNELL,5,0,0,147,,,,,,,61.1,,,70.1,0,0,0,0,6,16,0,0,0
Turner DePalma,91804,WR,CORNELL,8,0,0,147,,,,,,,61.1,,,75.4,0,0,0,0,0,37,0,8,0
Eric Gallman II,91808,WR,CORNELL,9,0,0,147,,,,45.6,,,60.3,70.6,,67.4,0,0,0,0,0,15,0,48,0
Masen McManamon,91810,WR,CORNELL,7,0,0,147,,,,,,,63.1,,,75.3,0,0,0,0,0,23,0,8,0
Curtis Raymond III,91814,WR,CORNELL,2,0,0,147,,,,,,,61.2,,,70.0,0,0,0,0,3,0,0,0,0
Devan Cross,91815,WR,CORNELL,7,0,0,147,,,,,,,62.3,,,71.5,0,0,0,0,0,17,0,23,0
Sam Flowers,91816,WR,N COLORADO,4,0,0,253,60.0,,,57.1,,,60.7,60.0,,64.8,0,0,0,1,2,12,0,1,0
Jaren Mitchell,91818,WR,N COLORADO,1,0,0,253,60.0,,,,,,61.1,,,65.7,0,0,0,1,1,0,1,3,0
Alex Spadone,91826,WR,ABILENE CH,3,0,0,100,,,,,,,62.4,,,67.3,0,0,0,0,3,0,0,8,0
Christian Brown,91827,WR,SAN DIEGO,4,0,0,283,,,,,,,60.9,,,67.5,0,0,0,0,1,7,0,1,0
Michael Carner,91830,WR,SAN DIEGO,3,0,0,283,,,,,,,61.0,,,68.9,0,0,0,0,1,7,0,0,0
Bennett Dondoyano,91832,WR,SAN DIEGO,1,0,0,283,,,,61.8,,,60.1,,,65.2,0,0,0,0,0,6,0,0,0
Cody Laut,91843,DI,SAN DIEGO,1,0,0,283,,,60.0,,,,60.9,,,66.2,0,0,3,0,0,0,0,0,0
David Allish,91847,K,IDAHO ST,11,1,0,186,,61.4,,,74.9,,62.8,,,73.7,0,0,26,0,40,0,0,0,2
Jayden Dawson,94980,CB,IDAHO ST,11,0,0,186,59.2,,,59.9,,,63.3,,,73.8,0,0,0,56,12,7,0,8,1
Xavier Goldsmith,97086,CB,IDAHO ST,2,0,0,186,,,,,,,62.4,,,69.1,0,0,0,0,0,0,0,5,0
Mark Aitken,97088,CB,E ILLINOIS,10,0,0,158,59.5,,,,,,65.7,60.0,,80.6,0,0,0,37,17,0,31,9,1
James Lowery,97092,K,TENN STATE,10,0,0,308,,70.0,,,65.9,,62.7,,,74.8,0,0,6,0,40,0,0,0,0
Chandler Whitfield,97111,WR,SOUTHERN U,10,0,0,297,,,,62.1,,,60.1,54.1,,68.1,0,0,0,0,0,48,0,29,0
Marcus Harris,97230,CB,IDAHO,11,0,0,185,59.2,,,,,,46.7,,,34.1,1,1,0,47,24,6,21,23,0
Jeremiah Fails,97293,WR,RHODE ISLD,2,0,0,274,,,,,,,61.4,,,65.6,0,0,0,0,4,0,0,2,0
Woo Governor,97349,CB,N IOWA,12,0,0,255,59.7,,,,,,47.7,65.4,,34.7,0,2,0,4,1,0,41,60,0
Jeremiah Josephs,97357,S,DUQUESNE,8,1,0,155,60.0,,,61.8,,,77.1,,,70.1,0,0,0,20,25,6,2,2,2
Jaylen DeCoteau,97362,S,SACR HEART,5,0,0,280,60.0,,,,,,64.6,,,72.6,1,0,0,2,23,0,0,7,2
Jamal Glaspie,97402,WR,N ARIZONA,6,0,0,252,,,,58.2,,,49.0,62.5,,66.7,1,0,0,0,0,8,3,11,0
Tyler Smith,97425,WR,CHATTNOOGA,7,0,0,137,,,,,,,67.5,,,70.7,0,0,0,0,0,0,0,29,0
Kieran Clark,97480,CB,N ARIZONA,5,0,0,252,59.6,,,,,,61.7,,,70.3,0,0,0,12,3,0,0,6,0
Tyler Judson,97496,S,SOUTHERN U,10,0,0,297,60.0,,,,,,70.3,,,77.2,0,0,0,25,49,0,0,8,2
Akele Pauling,97516,CB,CHARLES SO,6,0,0,135,59.9,,,,,,73.6,,,75.7,0,0,0,10,27,32,15,33,3
Till Garvin,97583,TE,CHARLES SO,3,0,0,135,59.9,,,,,,65.5,,,67.8,1,0,0,1,0,4,12,0,1
Patrick Nations,97590,K,E KENTUCKY,11,0,0,159,,79.4,,,76.9,,63.5,,,75.3,0,0,50,0,59,0,0,0,1
Jelani Foster,97612,WR,RHODE ISLD,1,0,0,274,,,,,,,60.0,,,64.7,0,0,0,0,0,0,0,1,0
Noah Henderson,97631,WR,FURMAN,9,0,0,170,,,60.0,,,,65.1,,,76.0,0,0,3,0,20,45,0,6,1
Joshua Hart,97669,WR,ARKAPB,4,0,0,112,,,,,,,62.0,,,73.2,0,0,0,0,5,17,0,0,0
Clayton Bush,97688,S,S ILLINOIS,13,1,0,295,59.6,,,,,,64.0,61.8,,76.6,0,0,0,56,1,3,47,8,0
Dylan Emery,97699,S,N COLORADO,8,0,0,253,60.0,,,,,,71.2,,,76.5,2,0,0,3,27,8,54,30,6
Will McCarty,97738,LB,CHARLES SO,3,0,0,135,,,,,,,67.4,,,70.6,1,0,0,0,0,14,24,0,1
Olyfride Okombi,97748,ED,TOWSON,5,0,0,317,59.1,,,,,,59.2,,,65.1,0,0,0,13,0,0,0,0,0
Malachi Burby,97978,ED,RHODE ISLD,2,0,0,274,59.3,,,,,,59.4,,,62.6,0,0,0,2,0,0,0,0,0
Michael McNicholas,98042,G,E ILLINOIS,3,0,0,158,,,62.0,,,,47.1,,,63.8,0,0,6,0,0,0,6,0,0
Hunter Jones,98076,G,CAL POLY,9,0,0,129,,,69.6,,,,62.9,,,68.2,0,0,20,0,0,0,1,0,0
Teagan McDonald,98092,G,ST FRANCIS,7,0,0,299,,,73.2,,,,64.8,,,71.8,0,0,33,0,0,0,0,0,0
Micah Pasion,98098,TE,CAL POLY,9,0,0,129,,,67.5,,,,65.5,,,74.8,0,0,21,0,0,48,17,0,1
Keshon Williams,98111,TE,STF AUSTIN,12,0,0,301,,,60.0,,,,60.7,,,69.2,0,0,4,0,0,49,44,0,0
Ricky Samuel,98115,DI,JVILLE ST,8,0,0,196,58.1,,,,,,58.0,,,65.8,0,0,0,16,0,0,0,1,0
Stephone Atkinson,98120,S,FL A&M,1,0,0,164,,,,,,,60.5,,,66.0,0,0,0,0,1,0,0,1,0
Richie Hagarty,98121,ED,S ILLINOIS,9,0,0,295,59.1,,,,,,60.8,,,65.8,0,0,0,6,0,0,0,4,0
Isaiah Abdullah,98127,LB,TENN MARTN,11,0,0,310,60.0,,,,,,54.7,,,30.3,1,1,0,1,10,19,15,12,1
Davon Bomar,98149,ED,STNY BROOK,6,0,0,303,59.3,,,,,,59.6,,,65.3,0,0,0,10,0,0,0,0,0
Jorell Baum,98174,ED,CAMPBELL,1,0,0,131,,,,,,,60.0,,,67.7,0,0,0,0,0,0,0,2,0
Thomas Peterson,98202,LS,JVILLE ST,11,0,0,196,,,83.9,,,84.2,71.4,,,66.9,1,0,42,0,0,0,51,0,0
Stanley King,98301,WR,NWSTATE,1,0,0,257,,,,,,,59.9,,,65.7,0,0,0,0,0,7,0,0,0
Donato Crisanti,98354,LS,RHODE ISLD,11,0,0,274,,,86.4,,,78.7,71.6,,,66.8,0,0,52,0,0,0,49,0,0
Matt Rigney,98355,P,AUSTINPEAY,11,0,0,116,,,,,,,63.2,,53.2,74.8,0,1,0,0,0,0,55,0,0
Stevie Ballard,98393,T,NWSTATE,5,0,0,257,,,66.3,,,,63.1,,,70.0,0,0,16,0,0,0,0,0,0
Colby Warkentin,98437,DI,ABILENE CH,6,0,0,100,,,66.0,59.6,,,60.6,,,69.7,0,0,17,0,0,27,0,0,0
Jordan Avissey,98460,ED,BETH COOK,8,0,0,119,59.8,,69.9,59.9,,,63.1,,,75.2,0,0,28,1,0,9,5,0,0
Cole Watts,98523,T,DIXIE,7,0,0,1285,,,69.6,,,,63.4,,,63.1,0,0,18,0,0,0,0,0,0
J.R. Tran-Reno,98563,TE,SAMFORD,11,0,0,282,,,,,,,66.8,,,87.8,0,0,0,0,3,75,0,42,0
Kevin Perkins,98626,HB,NWSTATE,1,0,0,257,,,,,,,59.9,,,68.3,0,0,0,0,3,0,7,0,0
Jacobi Hearn,98643,ED,MURRAY ST,11,1,0,236,59.1,,,,,,63.3,,,76.7,0,0,0,29,0,2,52,11,0
Savion Williams,98661,ED,FL A&M,7,0,0,164,59.2,,,,,,60.3,,,68.5,0,0,0,18,0,0,0,8,0
Trey Price,98668,T,SAN DIEGO,11,0,0,283,,,55.3,,,3.9,50.0,,,63.4,0,0,51,0,0,0,0,0,0
Randall Johnson,98675,QB,WEBER ST,1,0,0,342,,,,,,,60.0,,,63.3,0,1,0,0,0,0,0,0,0
Jayy McDonald,98686,HB,TARLETON,5,0,0,401,,,,58.5,,,59.5,60.2,,65.8,0,0,0,0,0,13,0,2,0
Blake Walker,98702,T,N ALABAMA,10,0,0,389,,,77.2,,,,65.4,,,64.6,0,0,51,0,0,0,0,0,0
Eugene Minter Jr.,98706,WR,AUSTINPEAY,9,0,0,116,,,60.0,,,,76.6,,,85.0,0,1,7,0,5,0,40,54,2
Zack Leininger,98715,TE,SE MO ST,10,0,0,293,,,74.6,,,,64.4,,,63.7,0,0,54,0,0,2,4,0,0
Rashad Beecham,98722,TE,ARKAPB,11,0,0,112,,,71.9,,,,66.4,,,73.3,0,0,38,0,1,54,41,0,1
Zachary Lord,98790,T,STF AUSTIN,8,0,0,301,,,73.2,,,,56.2,,,27.1,0,1,46,0,0,0,0,0,0
Da'Quan Thomas,98792,T,NC CENT,7,0,0,247,,,69.0,,,,62.6,,,64.4,0,0,29,0,0,0,1,0,0
Shilo Sanders,98838,S,JACKSON ST,12,0,1,194,59.5,,,,,,62.7,,,37.2,0,1,0,25,52,0,0,14,1
Jalyn Dubose,98840,LB,PRESBYTERN,11,0,0,271,59.5,,,,,,69.8,,,79.3,0,0,0,45,51,1,0,13,2
Aidan Harrison,98894,CB,W ILLINOIS,5,0,0,345,,,,,,,64.9,,,74.0,0,0,0,0,0,30,3,22,0
Z'Core Brooks,98947,ED,TARLETON,8,0,0,401,59.0,,,,,,59.4,,,66.3,0,0,0,11,0,0,0,4,0
KeShawn Toney,99179,TE,CHATTNOOGA,10,0,0,137,,,,47.7,,,63.1,,,90.4,0,0,0,0,0,38,1,0,0
Sean Brown,99181,TE,JVILLE ST,11,0,0,196,,,72.2,,,,68.0,,,67.4,0,0,42,0,0,22,0,1,0
Brandon Hubicz,99196,TE,NICHOLLS,11,0,0,243,,,60.0,,,,45.6,,,77.6,1,0,4,0,9,47,34,35,0
Isaiah Montgomery,99202,WR,JVILLE ST,2,0,0,196,,,,,,,59.9,,,66.3,0,0,0,0,0,10,0,0,0
Josh Lanier,99214,WR,JACKSON ST,2,0,0,194,,,,59.1,,,60.1,,,63.3,0,0,0,0,0,4,0,0,0
Ty James,99232,WR,MERCER,10,0,0,219,,,73.2,59.9,,,70.9,,,77.5,0,0,45,0,0,47,25,26,1
Eddie Ogamba,99359,K,S DAKOTA,3,0,0,291,,,60.0,,67.8,,61.0,,,65.3,0,0,8,0,4,0,0,0,0
Layton Ernst,99424,T,TARLETON,11,0,0,401,,,74.8,,,,65.3,,,74.1,0,0,51,0,0,0,0,0,0
Welton Spottsville,99589,S,KENNESAW,11,1,0,200,59.9,,,61.8,,,64.6,,,68.9,0,0,0,21,2,14,0,1,0
D.J. Pratt,99657,S,TOWSON,11,0,0,317,,,,,,,69.2,,,76.3,0,0,0,0,33,15,2,36,1
Elijah Bowick,99714,WR,NC A&T,1,0,0,246,,,,,,,60.0,,,62.4,0,0,0,0,0,0,0,0,0
Justin Ford,99765,CB,MONTANA,12,0,1,232,59.4,,,,,,49.5,,,28.3,0,1,0,26,0,0,0,10,0
Rico Watson III,99809,ED,ROB MORRIS,10,0,0,277,59.2,,,,,,59.7,,,69.6,0,0,0,33,1,0,54,6,0
Cooper Dawson,99846,ED,CHARLES SO,7,0,0,135,,,,,,,73.2,,,27.7,0,1,0,0,1,16,6,7,0
JaJuan Hudson,100296,CB,NC CENT,9,0,0,247,90.9,,,,,,92.5,,,76.8,0,0,0,37,3,0,0,23,0
Demetrick Watts II,100339,LB,N ARIZONA,5,0,0,252,59.9,,,,,,61.5,,,68.9,0,0,0,2,14,6,0,0,0
Anthony Johnson,100340,ED,YNGTOWN ST,5,0,0,353,59.0,,,,,,59.0,,,63.9,0,0,0,7,0,0,0,0,0
Alphonso Taylor,100396,S,SE LA,9,0,0,294,59.5,,,,,,85.6,,,71.4,0,0,0,38,4,6,4,8,1
Cosmas Kwete,100428,ED,N ARIZONA,8,0,0,252,58.1,,,,,,59.6,,,69.0,0,0,0,23,0,0,0,11,0
Jake Mitten,100449,DI,SAN DIEGO,7,0,0,283,,,70.7,,,,39.3,,,68.8,0,0,32,0,0,0,27,0,0
Austin Williams,100453,DI,N COLORADO,1,0,0,253,59.2,,,,,,59.9,,,65.8,0,0,0,3,0,0,0,1,0
Jon Denny,100540,T,IDAHO,7,0,0,185,,,70.6,,,,64.2,,,72.8,0,0,29,0,0,0,0,0,0
Benjamin Lennon,100565,P,BETH COOK,11,0,0,119,,,63.0,,,,54.7,,76.4,29.7,0,1,20,0,0,0,61,0,1
Spencer Brasch,100574,QB,CAL POLY,1,0,0,129,,,,,,,60.0,,60.0,63.3,0,0,0,0,0,0,1,0,0
Jevin Murray,100684,CB,SM HOUSTON,8,0,0,281,,,,,,,68.9,,,77.9,1,0,0,0,52,0,0,40,3
Garrett Crawford,100711,ED,SE LA,12,0,0,294,58.9,,,,,,59.6,,,67.6,0,0,0,30,0,0,1,3,0
Demond Stewart,100717,DI,MCNEESE,6,0,0,217,58.6,,,,,,58.9,,,65.6,0,0,0,7,0,0,0,1,0
Blake Hehl,100721,DI,MONTANA ST,8,0,0,233,58.3,,,,,,59.5,,,71.9,0,0,0,13,0,0,0,4,0
William Wilcox,100723,TE,AUSTINPEAY,4,0,0,116,,,68.5,,,,63.0,,,62.2,0,0,24,0,0,1,0,0,0
Nolan Heitmeier,100733,K,MCNEESE,9,0,0,217,,52.9,60.0,,,,61.0,,,66.0,0,0,33,0,0,0,0,0,0
Justin Michel,100744,LB,BETH COOK,6,0,0,119,,,,,,,60.2,,,69.0,0,0,0,0,9,30,32,0,0
Tanner Boston,100768,LS,SM HOUSTON,3,0,0,281,,,,,,81.4,49.2,,,25.0,0,1,0,0,0,0,4,0,0
Obinna Nwankwo,100778,T,MERCER,6,0,0,219,59.6,,73.7,,,,64.4,,,65.4,0,0,32,1,0,0,0,1,0
Danny Corbett,100779,G,CAMPBELL,2,0,0,131,,,60.0,,,,61.5,,,68.3,0,0,5,0,0,0,0,0,0
Noah Spencer,100829,WR,NORFOLK,4,0,0,244,,,,,,,29.5,,,67.9,0,0,0,0,3,16,3,0,0
Terique Owens,100867,WR,MO STATE,9,0,0,230,,,,,,,68.3,,,72.7,0,0,0,0,0,1,0,49,0
Terez Traynor,100890,WR,IDAHO,1,0,0,185,,,,,,,60.0,,,62.1,0,0,0,0,1,0,0,0,0
Mike Garrett Jr.,100930,CB,ABILENE CH,1,0,0,100,59.8,,,,,,60.1,,,64.5,0,0,0,2,0,0,0,0,0
Gavin Marts,100966,FB,KENNESAW,7,0,0,200,,,,,,,54.7,,,71.3,1,1,0,0,23,28,0,0,1
Dorian Holloway,100981,LB,YNGTOWN ST,1,0,0,353,,,,,,,61.4,,,64.6,0,0,0,0,4,0,0,0,0
Terrance Edgeston,100986,LB,ALCORN ST,3,0,0,107,59.8,,,,,,61.9,,,71.8,0,0,0,8,1,0,9,3,0
Sheldon Layman,101054,QB,AUSTINPEAY,9,0,0,116,,,66.0,,,,62.0,,61.0,62.4,0,0,46,0,0,0,3,0,0
Walter Soefker,101087,S,PENN,10,0,1,267,,,,61.2,,,49.7,64.4,,28.7,1,3,0,0,40,44,60,37,2
Ton'Quez Ball,101089,S,E TENN ST,13,0,0,157,,,,,,,55.3,,,80.3,0,1,0,0,0,0,25,48,0
Osby Mitchell,101113,WR,TEXAS STHN,1,0,0,313,,,,,,,59.8,,,66.5,0,0,0,0,0,11,0,0,0
Devin Mathews,101123,WR,WOFFORD,8,0,0,350,,,,67.1,,,59.7,,,74.5,0,0,0,0,0,25,6,12,0
Tristan Dietz,101198,LB,N COLORADO,11,0,0,253,,,,,,,54.5,,,57.7,0,2,0,0,20,63,37,25,0
Jalen Booth,101244,G,INDIANA ST,5,0,0,191,,,69.8,,,,63.5,,,64.0,0,0,19,0,0,0,0,0,0
Christopher Bartolic,101282,P,CAL POLY,11,0,0,129,,,63.2,,,,63.4,,56.7,74.4,0,1,21,0,0,0,63,0,1
Austin Clemetson,101295,HB,N DAKOTA,3,0,0,249,,,,,,,68.8,,,69.5,0,0,0,0,13,0,0,1,1
Jeremiah Pruitte,101338,TE,FL A&M,12,0,0,164,60.0,,75.5,,,,64.3,,,65.0,0,0,60,1,0,7,1,0,0
Darryl Sinclair II,101362,CB,AUSTINPEAY,9,0,0,116,59.9,,,,,,69.5,,,78.6,0,0,0,1,30,18,15,37,2
Erwin Byrd,101383,CB,KENNESAW,10,0,0,200,59.3,,,,,,61.0,,,71.3,0,0,0,29,0,0,0,5,0
Matt Judd,101387,WR,E ILLINOIS,5,0,0,158,,,60.0,56.2,,,61.1,63.1,,70.3,0,0,3,0,4,29,6,7,0
Da'Raun McKinney,101399,CB,S DAKOTA,8,0,0,291,59.9,,,,,,63.9,,,74.7,0,0,0,29,0,0,0,18,0
Ben Schmiesing,101489,LB,DAYTON,10,2,0,150,59.6,,,,,,77.3,,,76.3,0,0,0,35,8,53,42,15,1
Ben McNaboe,101505,DI,N DAKOTA,9,0,0,249,58.7,,,,,,59.8,,,70.2,0,0,0,13,0,22,0,8,0
Parris Heath,101552,G,ALBANY,1,0,0,106,,,60.0,,,,61.4,,,62.0,0,0,4,0,0,0,0,0,0
Dalton Daddona,101553,G,HOLY CROSS,9,0,0,181,,,77.1,,,,65.3,,,64.3,0,0,50,0,0,0,0,0,0
Josh Wegener,101589,G,JVILLE ST,3,0,0,196,,,61.4,,,,63.1,,,66.7,0,0,6,0,0,0,0,3,0
Ren Hefley,101621,QB,PRESBYTERN,4,0,0,271,,,,,,,60.0,,47.2,65.7,0,0,0,0,0,0,4,0,0
Jordan Castleberry,101637,HB,TENN MARTN,13,0,0,310,,,,56.9,,,70.9,,,77.6,0,0,0,0,74,62,8,18,4
Gary Cooper,101684,WR,BRYANT,2,0,0,124,,,,,,,63.3,,,69.7,0,0,0,0,0,4,0,6,0
Darien Chase,101731,WR,PORTLAND,7,0,0,269,,,,,,,60.2,,,70.1,0,0,0,0,1,41,0,3,0
Ryan Stapp,101748,CB,ABILENE CH,9,0,0,100,59.4,,,,,,62.6,60.3,,78.0,0,0,0,29,0,1,4,21,0
Anthony Egbo Jr.,101749,CB,ABILENE CH,10,1,0,100,,,,,,,85.1,,,84.4,1,0,0,0,49,44,38,40,2
Elijah Ayers,101751,CB,ALBANY,5,0,0,106,59.9,,,,,,61.8,,,69.1,0,0,0,1,2,0,0,6,0
Sterling Deary,101754,CB,BUCKNELL,9,0,0,125,59.3,,,,,,60.4,,,70.5,0,0,0,35,0,0,0,0,0
Micah Dennis,101755,CB,BUCKNELL,10,1,0,125,59.3,,,62.3,,,63.9,,,73.2,0,0,0,34,18,5,7,10,0
Gavin Pringle,101756,CB,BUCKNELL,5,0,0,125,59.6,,,,,,60.8,,,68.5,0,0,0,23,0,0,0,4,0
Mikey Neal,101757,HB,BUCKNELL,4,0,0,125,,,,,,,62.3,,,66.8,0,0,0,0,1,0,0,5,0
Eric Holsinger,101760,CB,BUCKNELL,11,3,0,125,59.6,,,,,,68.8,,,81.5,1,0,0,7,29,0,67,33,5
Delon Smith,101763,CB,HOU BAPT,3,0,0,183,59.6,,,,,,60.4,,,71.1,0,0,0,8,0,0,9,4,0
Dante Heaggans,101764,CB,INCAR WORD,12,0,0,189,59.5,,,,,,56.2,,,56.6,0,1,0,17,53,0,32,37,0
Reese Watson,101765,S,INCAR WORD,10,0,0,189,59.8,,,,,,54.6,,,29.4,0,1,0,5,10,45,3,17,0
Brandon Richard,101766,CB,INCAR WORD,12,0,0,189,59.7,,,,,,66.4,,,73.6,0,0,0,45,39,22,0,9,2
Irshaad Davis,101768,S,ALABAMA ST,11,0,0,105,59.7,,,,,,73.2,,,78.8,0,1,0,43,15,1,0,48,4
Xavius Mitchell,101773,CB,ALABAMA ST,8,1,0,105,59.8,,,58.0,,,73.0,,,70.6,0,0,0,23,0,3,1,4,0
Juwan Taylor,101776,S,ALCORN ST,11,0,0,107,59.7,,,,,,63.9,,,50.9,0,1,0,47,46,1,0,46,1
Kahleab Hill,101779,S,ALCORN ST,1,0,0,107,60.0,,,,,,60.0,,,60.0,0,0,0,1,0,0,0,0,0
Mohamed Bakayoko,101780,CB,ALCORN ST,1,0,0,107,,,,,,,60.0,,,62.4,0,0,0,0,1,0,0,0,0
Solomon Brooks,101783,CB,ARKAPB,8,0,0,112,59.5,,,,,,60.4,,,68.2,0,0,0,36,0,0,0,0,0
Jonathan Jones,101788,CB,CAMPBELL,11,0,0,131,59.5,,,,,,65.3,,,81.8,0,0,0,27,45,7,1,28,0
Jeremiah Brown,101789,CB,CAMPBELL,10,0,0,131,59.9,,,,,,54.7,,,38.9,0,1,0,1,12,0,27,24,0
Phifer Ozimek,101790,CB,CAMPBELL,1,0,0,131,,,,,,,60.2,,,62.9,0,0,0,0,2,0,0,0,0
Nick Nakwaasah,101791,S,CENT ARK,7,0,0,132,60.2,,,61.8,,,74.4,,,74.0,0,0,0,5,9,29,26,7,3
Simeon Dotson,101793,CB,CENT ARK,7,0,0,132,60.0,,,,,,62.8,,,78.0,1,0,0,1,28,34,1,22,1
Donte Jones,101794,CB,CENT ARK,4,0,0,132,,,,,,,64.6,,,71.2,0,0,0,0,2,0,0,8,0
Trenton Dunn,101795,LB,CENT ARK,11,1,0,132,59.6,,,,,,76.9,,,77.9,4,0,0,30,67,60,50,3,10
Keshaun Dancy,101796,CB,COLGATE,8,0,0,142,59.4,,,,,,59.9,,,75.3,0,0,0,28,15,1,0,17,2
Jackson Price,101797,S,COLGATE,8,0,0,142,59.9,,,,,,30.8,,,28.8,1,1,0,13,20,10,25,10,1
Zach West,101802,S,E TENN ST,13,1,0,157,59.6,,,,,,82.6,,,84.1,1,0,0,23,57,30,47,43,10
Erek Campbell,101806,CB,E TENN ST,13,0,0,157,,,,,,,58.1,,,43.1,0,1,0,0,39,60,0,48,2
Alijah Huzzie,101807,CB,E TENN ST,13,0,0,157,59.4,,,,,,58.2,72.2,,74.9,0,0,0,44,6,1,0,56,0
Marlon Jones,101808,CB,E WASHGTON,12,2,0,161,60.0,,,,,,74.3,,,79.1,2,0,0,1,77,0,30,37,7
Demetrius Crosby Jr.,101809,CB,E WASHGTON,13,0,0,161,60.0,,,,,,73.1,,,81.8,0,0,0,30,100,0,20,63,5
Traquan Butler,101812,CB,FL A&M,11,0,0,164,59.9,,,,,,55.2,,,32.5,0,2,0,7,16,24,38,46,3
Kwame Clark,101813,S,FL A&M,12,1,0,164,,,,,,,50.5,,,28.1,3,4,0,0,52,28,28,20,6
Herman Jackson,101817,CB,FL A&M,1,0,0,164,,,,,,,60.3,,,65.1,0,0,0,0,0,0,0,2,0
Chris Metayer,101818,LB,FL A&M,5,0,0,164,,,64.7,,,,77.3,,,67.1,0,0,14,0,7,0,2,8,0
Javan Morgan,101819,S,FL A&M,12,0,0,164,59.9,,,,,,62.5,,,77.4,0,0,0,16,5,16,6,51,0
Ricky Murray Jr.,101820,S,FL A&M,11,0,0,164,,,,,,,55.7,,,29.4,1,1,0,0,63,8,3,19,0
Timothy Williams Jr.,101824,S,FL A&M,10,0,0,164,59.9,,,,,,59.2,,,48.5,4,1,0,1,58,31,39,51,4
Jeremy Mitchell,101825,CB,GARD-WEBB,9,0,0,171,59.8,,,,,,60.8,,,70.1,0,0,0,11,4,36,0,6,0
Jamari Brown,101826,S,GARD-WEBB,10,0,0,171,60.2,,,,,,67.2,,,66.6,0,0,0,41,4,7,4,4,0
Adonis Henderson,101827,CB,GARD-WEBB,9,0,0,171,59.6,,,,,,62.4,,,73.5,0,0,0,7,11,0,13,26,0
AJ Thomas,101828,CB,GARD-WEBB,9,0,1,171,59.3,,,,,,53.5,,,29.2,0,1,0,42,7,1,0,13,0
William Savala,101832,CB,GRAMBLING,5,0,0,177,,,,,,,67.7,,,69.3,0,0,0,0,7,1,4,2,1
Hunter Burns,101836,S,HOLY CROSS,13,0,0,181,59.9,,,,,,61.5,,,82.6,1,1,0,7,53,52,0,63,0
Devin Haskins,101837,CB,HOLY CROSS,12,1,0,181,59.3,,,,,,76.9,,,78.1,1,0,0,27,36,0,24,49,0
Hugh Kelly,101838,CB,HOLY CROSS,10,0,0,181,60.0,,,,,,57.0,,,28.8,0,1,0,2,30,18,0,11,1
Kamryn Molton,101841,CB,HOLY CROSS,13,1,1,181,59.8,,,,,,60.6,,,59.1,0,2,0,2,73,52,51,76,3
Tyler Purdy,101842,HB,HOLY CROSS,11,1,0,181,,,,61.2,,,62.3,,,72.8,1,0,0,0,32,40,1,19,1
Jonathan Young,101843,S,HOLY CROSS,4,0,0,181,59.9,,,,,,63.7,,,70.7,0,0,0,1,0,0,0,8,0
Kwantay Anderson,101844,CB,HOWARD,1,0,0,184,60.0,,,,,,60.0,,,61.2,0,0,0,1,0,0,0,0,0
Elijah Coleman,101845,CB,HOWARD,9,0,0,184,59.4,,,,,,61.2,,,73.9,0,0,0,27,16,0,0,20,0
Ray Williams,101846,CB,HOWARD,10,0,0,184,59.9,,,,,,62.9,,,69.6,0,0,0,46,0,0,0,15,0
Franky West,101857,CB,ILL STATE,9,0,0,188,59.5,,,,,,62.7,,,75.3,0,0,0,19,0,0,4,24,0
Jaylen Stanford,101861,CB,PRVIEW A&M,1,0,0,270,,,,,,,63.5,,,67.3,0,0,0,0,5,0,0,5,0
Matthew Griffin,101865,CB,INDIANA ST,7,0,0,191,,,,,,,63.1,,,35.7,1,1,0,0,9,17,29,4,3
Omar Jackson,101866,CB,INDIANA ST,11,0,0,191,59.7,,,,,,73.6,,,75.0,0,1,0,4,32,0,27,10,4
Ethan Hoover,101868,S,INDIANA ST,10,0,0,191,60.9,,,62.4,,,61.9,,,70.1,0,0,0,29,7,29,0,4,0
Tyrese Wright,101871,S,MONMOUTH,11,1,0,231,59.6,,,,,,70.5,,,82.2,0,0,0,45,67,22,8,48,1
Jabril Shakur,101872,S,MONMOUTH,8,0,0,231,60.0,,,,,,62.2,,,69.5,0,0,0,1,14,17,0,1,0
Dante Kiett,101873,CB,MONMOUTH,11,1,0,231,59.8,,,,,,65.6,,,83.9,2,0,0,3,67,35,19,24,2
Jyair Thomas,101874,S,MONMOUTH,8,2,0,231,,,,,,,63.5,,,45.9,2,2,0,0,40,15,28,12,3
Rylan Ortt,101877,S,MONTANA ST,14,1,0,233,59.8,,,,,,61.3,,,85.3,5,0,0,10,70,47,65,49,4
Richard Monroe IV,101880,S,MORGAN ST,1,0,0,235,,,,,,,47.9,,,67.7,0,1,0,0,1,6,0,4,0
Jordan Johnson,101881,CB,MORGAN ST,10,0,0,235,59.6,,,,,,58.9,,,77.8,1,0,0,16,15,10,57,31,0
Bruce Mattox III,101882,S,MORGAN ST,10,0,1,235,59.9,,,,,,56.0,,,73.7,0,1,0,36,6,20,24,3,0
Hosea Robinson,101885,CB,MORGAN ST,7,0,0,235,,,,,,,62.2,,,77.6,1,1,0,0,20,32,20,13,2
Mikey Jarmolowich,101888,S,COLGATE,10,1,0,142,59.8,,,,,,69.1,,,76.2,0,0,0,30,30,0,27,15,1
Garviea Freeny,101889,ED,ABILENE CH,10,0,0,100,59.2,,70.7,,,,61.8,,,65.4,0,0,33,25,0,0,0,0,0
Marquez Casey,101892,ED,CENT ARK,6,0,0,132,59.3,,,,,,60.6,,,66.0,0,0,0,9,0,0,0,3,0
Rodney Wright,101894,ED,E TENN ST,9,0,0,157,58.6,,,,,,59.1,,,67.0,0,0,0,23,0,0,0,3,0
Justin Cooks,101896,DI,FL A&M,12,0,0,164,59.5,,60.0,,,,60.0,,,67.0,0,0,1,11,0,0,51,5,0
Jude Okolo,101899,DI,ILL STATE,5,0,0,188,59.4,,,,,,59.7,,,68.0,0,0,0,3,0,0,0,4,0
Seth Jaquess,101901,LB,INCAR WORD,10,0,0,189,,,75.1,59.9,,,69.0,,,69.9,0,0,60,0,41,24,0,0,2
Sam Latham,101902,ED,INCAR WORD,10,0,0,189,59.0,,,,,,60.5,,,66.6,0,0,0,20,0,0,32,2,0
Herbert Parham,101908,T,ALABAMA ST,10,0,0,105,,,75.8,,,,64.9,,,63.9,0,0,42,0,0,0,0,0,0
Jared Verse,101912,ED,ALBANY,10,0,1,106,59.3,,,,,,42.8,,,27.2,0,2,0,38,0,0,0,26,0
Jerome Boulden II,101913,DI,ALCORN ST,4,0,0,107,59.0,,,,,,59.0,,,64.0,0,0,0,5,0,0,0,0,0
Kee Wayne Jones,101917,DI,ALCORN ST,8,0,0,107,59.7,,66.3,,,,62.3,,,65.5,0,0,17,6,0,0,0,0,0
Trevor Vines,101920,DI,ALCORN ST,1,0,0,107,59.3,,,,,,59.6,,,61.6,0,0,0,1,0,0,0,0,0
Myron Means,101921,DI,ALCORN ST,6,0,0,107,59.3,,,,,,60.8,,,72.5,0,0,0,7,0,0,0,3,0
Athen Smith,101924,ED,ARKAPB,10,0,0,112,58.4,,60.0,,,,62.4,,,69.6,0,0,6,36,0,0,50,1,1
Chaudre White,101926,ED,ARKAPB,1,0,0,112,,,,,,,60.0,,,65.5,0,0,0,0,0,1,0,0,0
JaVonn Gray,101927,DI,ARKAPB,11,0,0,112,57.6,,,,,,57.0,,,67.2,0,0,0,43,0,0,0,0,0
Ryan Betz,101930,DI,BUCKNELL,5,0,0,125,58.5,,,,,,58.3,,,65.2,0,0,0,14,0,0,0,0,0
Connor Meyer,101945,DI,COLGATE,9,0,0,142,58.6,,68.0,,,,60.5,,,66.7,0,0,26,21,0,0,13,2,0
Jackson Leak,101946,ED,COLGATE,6,0,0,142,58.8,,60.0,,,,59.8,,,67.0,0,0,5,9,0,0,0,0,0
Max Evans,101950,DI,E TENN ST,13,0,0,157,76.9,,,,,,83.4,,,67.5,0,0,0,34,0,0,0,5,0
Jacob Newsom,101951,DI,E WASHGTON,9,0,0,161,59.8,,,,,,63.5,,,69.7,0,0,0,10,0,0,0,10,0
Brock Harrison,101952,ED,E WASHGTON,12,0,0,161,59.9,,64.7,,,,63.6,,,68.3,0,0,14,15,0,0,21,13,0
Warren Hardin,101954,ED,E WASHGTON,5,0,0,161,60.0,,60.0,,,,61.6,,,67.0,0,0,4,1,0,5,0,2,0
Soli Paleso'o,101955,DI,E WASHGTON,10,0,0,161,59.2,,,,,,61.5,,,69.5,0,0,0,19,0,0,0,9,0
Khalil Lynes,101960,DI,FL A&M,1,0,0,164,,,,,,,59.9,,,64.1,0,0,0,0,0,0,0,1,0
Kameron Smith,101962,ED,FL A&M,9,0,0,164,59.6,,,,,,60.5,,,65.9,0,0,0,16,0,0,0,2,0
Kamari Stephens,101963,ED,FL A&M,4,0,0,164,59.8,,,,,,61.2,,,66.9,0,0,0,4,0,0,0,2,0
Richard Summers,101964,DI,FL A&M,8,0,0,164,58.8,,,,,,59.8,,,67.0,0,0,0,12,0,0,0,3,0
Marlon Alexander,101965,DI,W CAROLINA,11,0,0,344,58.6,,,,,,59.8,,,70.9,0,0,0,40,0,0,0,6,0
Syemere Roberts,101970,DI,GRAMBLING,1,0,0,177,59.0,,,,,,59.0,,,64.4,0,0,0,4,0,0,0,1,0
Toddrick Paul,101972,ED,GRAMBLING,5,0,0,177,59.7,,,,,,61.4,,,68.0,0,0,0,1,0,0,3,6,0
Kyler Baugh,101975,DI,HOU BAPT,11,0,0,183,57.8,,,,,,61.0,,,71.0,0,0,0,52,0,0,45,13,0
Elton Jean-Baptiste,101976,ED,HOWARD,9,0,0,184,59.8,,,,,,62.2,,,76.3,0,0,0,2,0,34,0,23,0
Darrian Brokenburr,101978,ED,HOWARD,11,0,0,184,59.7,,,,,,62.1,,,71.2,0,0,0,53,0,0,49,17,0
Deion Harry,101979,ED,HOWARD,7,0,0,184,58.7,,,,,,60.4,,,71.2,0,0,0,29,4,0,6,10,0
Isaac Fotu,101986,ED,DIXIE,11,0,0,1285,58.8,,,,,,60.6,,,69.5,0,0,0,56,3,10,0,11,0
Lucas Hunter,101988,DI,INDIANA ST,10,0,0,191,58.7,,,,,,58.7,,,66.0,0,0,0,23,0,0,0,2,0
Alton Nobles,101990,DI,INDIANA ST,9,0,0,191,58.6,,,,,,58.6,,,65.3,0,0,0,15,0,0,1,0,0
Jalen Green,101992,ED,JAMES MAD,9,0,0,197,59.1,,,,,,59.9,,,64.8,0,0,0,8,0,0,0,2,0
James Carpenter,101993,DI,JAMES MAD,6,0,0,197,90.0,,,,,,90.8,,,67.6,0,0,0,10,0,0,3,7,0
Sean Johns,101995,DI,JAMES MAD,5,0,0,197,58.9,,,,,,59.3,,,65.1,0,0,0,5,0,0,0,1,0
DeAndre Clifton,101997,ED,MONMOUTH,9,0,0,231,59.4,,,,,,61.7,,,71.6,0,0,0,14,0,0,0,6,0
Pat Hayden,101999,ED,MONMOUTH,9,0,0,231,59.0,,,,,,59.6,,,65.8,0,0,0,24,0,0,0,2,0
Chance Smith,102000,DI,MONMOUTH,1,0,0,231,59.6,,,,,,59.8,,,62.0,0,0,0,1,0,0,0,0,0
Daviyon Johnson,102002,DI,MONMOUTH,2,0,0,231,59.6,,,,,,60.3,,,64.8,0,0,0,1,0,0,0,1,0
Blake Schmidt,102005,DI,MONTANA ST,15,0,0,233,58.9,,78.6,,,,66.3,,,78.6,0,0,77,4,0,0,1,1,0
Darrius Outlaw,102006,DI,MORGAN ST,10,0,0,235,77.7,,64.7,,,,85.3,,,66.6,0,0,14,34,0,0,0,1,0
Merinio Dendoe,102009,ED,MORGAN ST,2,0,0,235,59.2,,,,,,69.1,,,65.4,0,0,0,7,0,0,11,0,1
Christian Teague,102010,ED,MORGAN ST,8,0,0,235,58.3,,15.1,59.9,,,39.1,,,70.2,0,0,19,38,0,14,7,2,0
Nathan Perry,102013,DI,MORGAN ST,4,0,0,235,58.9,,,,,,59.1,,,65.1,0,0,0,15,0,0,0,1,0
William Morgan,102017,DI,ABILENE CH,7,0,0,100,58.0,,,,,,58.2,,,70.2,0,0,0,22,0,0,0,1,0
Zack Pelland,102018,DI,COLGATE,10,0,0,142,58.8,,69.4,,,,56.2,,,66.7,0,0,27,22,0,0,43,2,0
Darius Richmond,102019,DI,INCAR WORD,12,0,0,189,57.8,,,,,,53.3,,,68.5,0,0,0,23,0,0,38,1,0
Tua Areta,102021,DI,MONTANA ST,5,0,0,233,,,72.8,,,,64.6,,,71.5,0,0,31,0,0,0,0,0,0
Chandler Caughron,102028,P,CENT ARK,11,0,0,132,,,67.1,,67.8,,62.9,,58.4,69.4,0,1,61,0,4,0,28,0,0
Austin McKay,102030,K,GARD-WEBB,10,0,0,171,,54.7,60.0,,60.1,,61.3,,,66.8,0,0,45,0,1,0,0,0,0
Gino Garcia,102031,K,HOU BAPT,10,0,0,183,,85.7,,,75.0,,61.7,,,69.3,1,0,31,0,13,0,0,0,1
Faraji Woodson,102032,K,HOWARD,11,1,0,184,,74.8,,,39.0,,63.3,,,74.9,0,0,42,0,54,0,0,0,2
Aidan Bresnahan,102034,K,ILL STATE,10,0,0,188,,78.6,,,73.3,,62.7,,,73.2,0,0,32,0,37,0,0,0,0
Connor Tierney,102035,K,INDIANA ST,1,0,0,191,,61.8,,,,,60.0,,,62.9,0,0,3,0,0,0,0,0,0
McKay Taylor,102037,P,CAMPBELL,11,0,0,131,,,66.6,,,,62.1,,60.0,61.7,0,0,54,0,0,0,1,0,0
Tyler Keltner,102038,P,E TENN ST,13,0,0,157,,82.4,,,66.8,,64.1,,,77.3,1,0,74,0,84,0,0,0,1
Nick Kokich,102039,P,E WASHGTON,11,0,0,161,,,,,,,37.9,,51.7,27.7,0,2,0,0,0,0,51,0,1
Patrick Haughney,102040,P,HOLY CROSS,13,0,0,181,,,67.7,,,,63.7,,62.9,73.0,0,1,71,0,0,0,61,0,0
Jack Takerian,102042,K,ILL STATE,1,0,0,188,,,,,,,60.0,,60.0,64.0,0,0,0,0,0,0,1,0,0
Rece Stafford,102047,FB,ABILENE CH,6,0,0,100,,,61.7,,,,62.1,,,76.0,1,0,9,0,30,9,5,20,1
Greg Green,102048,LB,ABILENE CH,10,0,0,100,60.0,,,,,,61.3,,,72.8,0,0,0,43,1,0,10,4,0
Hunter Kier,102049,LB,ABILENE CH,8,0,0,100,60.2,,,,,,61.8,,,69.4,0,0,0,31,0,0,0,1,0
Tory Hargrove,102050,LB,ABILENE CH,10,0,0,100,59.7,,,,,,70.0,,,71.7,0,0,0,32,2,0,25,1,2
Devonte Webster,102052,LB,ALABAMA ST,9,0,0,105,60.3,,,,,,63.3,,,77.0,0,0,0,32,0,0,7,8,0
Jake Howard,102055,LB,ALABAMA ST,11,0,0,105,59.8,,,,,,62.3,,,74.9,0,0,0,37,0,8,3,6,0
Dylan Kelly,102059,LB,ALBANY,7,1,0,106,,,,,,,71.4,,,76.9,0,0,0,0,24,32,0,9,3
Joseph Greaney,102061,DI,ALBANY,10,0,0,106,58.7,,,,,,60.4,,,69.2,0,0,0,15,0,0,0,10,0
Trevor James,102062,LB,ALCORN ST,9,2,0,107,60.0,,,,,,71.0,,,75.2,0,0,0,4,41,45,29,0,3
Jordan Richo,102063,LB,ALCORN ST,3,0,0,107,,,,,,,61.0,,,66.1,0,0,0,0,3,11,0,0,0
Jayden Barfield,102064,ED,ALCORN ST,8,0,0,107,59.9,,,,,,67.6,,,69.3,0,0,0,22,6,0,13,4,1
Monroe Beard III,102067,LB,ARKAPB,11,0,0,112,59.8,,,,,,63.0,,,74.1,0,0,0,45,4,13,0,12,0
Timon Akins,102068,LB,ARKAPB,11,0,0,112,59.5,,,,,,60.0,,,65.8,0,0,0,40,1,0,0,0,0
Cole McCabe,102074,LB,BUCKNELL,9,0,0,125,59.7,,,,,,63.5,,,73.4,1,0,0,10,17,3,51,7,3
Luke Hamper,102075,ED,BUCKNELL,2,0,0,125,59.7,,,,,,59.9,,,63.6,0,0,0,4,0,0,0,0,0
Ben Allen,102076,LB,BUCKNELL,11,0,0,125,60.4,,,,,,62.2,,,74.2,0,0,0,53,0,9,62,0,1
Cooper Kim,102079,LB,BUCKNELL,10,0,0,125,60.1,,,,,,60.6,,,79.9,1,0,0,5,8,73,48,28,2
Jack Wilkes,102080,LB,CAMPBELL,10,1,0,131,,,,,,,55.8,,,28.1,0,3,0,0,28,47,11,0,2
Ethan Quarshie,102081,LB,CAMPBELL,1,0,0,131,,,,,,,60.0,,,63.1,0,0,0,0,0,1,0,0,0
Xavier Kane,102083,LB,CAMPBELL,11,1,0,131,59.9,,,,,,70.9,,,79.6,0,0,0,2,50,64,42,24,3
Ron Olsen,102084,LB,CAMPBELL,8,0,0,131,,,,,,,59.5,,,71.8,1,0,0,0,37,2,0,3,0
Alex Santiago,102086,LB,CAMPBELL,11,0,1,131,,,70.0,58.0,,,68.9,,,79.7,1,1,33,0,50,64,39,23,4
TJ Campbell,102087,LB,CENT ARK,11,0,0,132,59.6,,,,,,62.3,,,66.9,0,0,0,30,0,1,0,9,0
Malik Wilson,102088,LB,CENT ARK,10,0,0,132,59.7,,,,,,60.9,,,78.1,2,0,0,12,58,4,0,34,3
Darin Davenport,102089,LB,CENT ARK,11,0,0,132,59.6,,,,,,64.9,,,74.7,0,0,0,26,5,1,28,34,0
Dwain Hunt,102090,LB,CENT ARK,1,0,0,132,59.9,,,,,,60.1,,,62.6,0,0,0,1,0,0,0,1,0
Prince Ekwughalu,102091,LB,RICHMOND,1,0,0,276,59.9,,,,,,60.0,,,62.5,0,0,0,3,0,0,0,0,0
Nate Miller,102092,LB,COLGATE,11,1,0,142,,,,,,,68.1,,,38.0,0,1,0,0,26,55,8,36,3
Tyler Flick,102093,LB,COLGATE,11,0,0,142,59.6,,,,,,71.4,,,79.2,0,0,0,26,42,25,52,4,4
Di'Andre Davis,102094,LB,E TENN ST,11,0,0,157,60.0,,,,,,60.9,,,66.4,0,0,0,26,0,0,0,3,0
Dwayne Ruff,102095,S,E TENN ST,12,0,0,157,,,,,,,62.4,,,77.1,0,0,0,0,9,45,0,7,0
Trey Middleton,102099,ED,ALAB A&M,10,0,0,104,59.2,,,,,,55.5,,,29.6,0,2,0,12,41,42,0,10,2
Stephen Scott,102100,LB,E TENN ST,8,0,0,157,59.8,,,61.8,,,49.5,,,72.9,0,1,0,4,4,31,25,10,0
Steven Flowers,102103,LB,E WASHGTON,1,0,0,161,60.0,,,,,,60.0,,,61.1,0,0,0,1,0,0,0,0,0
Emmanuel Osuoha,102104,ED,E WASHGTON,1,0,0,161,,,,,,,60.0,,,62.6,0,0,0,0,0,0,0,1,0
Kyle Jackson,102106,ED,FL A&M,4,1,0,164,60.0,,,,,,73.4,,,70.6,0,0,0,1,19,0,0,2,2
Isaiah Land,102108,ED,FL A&M,11,0,0,164,59.9,,,,,,62.4,,,69.1,0,0,0,24,0,0,0,13,0
Jalen Randolph,102109,LB,FL A&M,3,0,0,164,,,62.0,,,,61.1,,,60.8,0,0,15,0,0,0,0,0,0
Tray Dunson,102111,LB,GARD-WEBB,1,0,0,171,59.9,,,,,,39.1,,,65.7,2,0,0,2,5,0,0,2,0
Christian Wright,102112,LB,GARD-WEBB,10,0,0,171,59.9,,,,,,63.3,,,70.9,0,0,0,14,0,2,3,19,0
Ga'Marcus Freeman,102113,ED,GARD-WEBB,8,0,0,171,58.9,,,,,,60.0,,,66.1,0,0,0,15,0,0,0,4,0
Lewis Matthews,102116,LB,GRAMBLING,11,1,0,177,59.7,,,,,,65.9,,,76.0,1,0,0,22,3,1,63,38,0
Jacob Dobbs,102118,LB,HOLY CROSS,13,0,0,181,60.3,,,,,,63.5,,,72.6,0,0,0,32,1,0,57,1,1
Danny Lenard II,102119,LB,HOU BAPT,4,0,0,183,60.1,,,,,,69.9,,,69.2,0,0,0,6,10,0,22,1,2
Christian Guillory,102120,LB,HOU BAPT,3,0,0,183,,,,,,,65.8,,,69.1,0,0,0,0,8,14,1,0,1
Philip Ossai,102124,ED,HOU BAPT,7,0,0,183,57.9,,,,,,58.3,,,73.2,1,0,0,26,0,0,43,9,1
Christian White,102126,LB,HOWARD,11,1,0,184,59.9,,,,,,69.5,,,40.5,0,1,0,34,38,4,0,15,3
Tyler Milliner,102127,LB,HOWARD,3,0,0,184,,,,,,,55.8,,,73.3,0,1,0,0,6,13,0,9,0
Deionte Davis,102128,LB,HOWARD,5,0,1,184,60.0,,,,,,45.6,,,27.9,0,2,0,2,13,21,0,0,1
Sadiq Salawu,102129,LB,HOWARD,4,1,0,184,59.9,,,,,,59.7,,,74.7,0,0,0,20,14,0,0,4,0
Coleman Johnson,102131,LB,IDAHO,2,0,0,185,59.3,,,,,,59.4,,,63.7,0,0,0,3,0,0,0,0,0
Tanner Brooks,102132,ED,IDAHO,1,0,0,185,58.9,,,,,,59.2,,,65.6,0,0,0,6,0,3,0,0,0
Sully Shannon,102133,LB,IDAHO,9,0,0,185,60.1,,,,,,71.0,,,81.0,0,0,0,22,29,2,32,41,3
Hogan Hatten,102135,LB,IDAHO,11,0,0,185,60.0,,85.0,,,77.0,70.0,,,70.0,2,0,46,42,0,1,54,0,2
Jeremiah Jordan,102136,ED,ILL STATE,10,1,0,188,59.8,,,,,,57.4,,,45.6,1,1,0,4,1,0,66,37,0
Cade Campos,102137,LB,ILL STATE,9,1,0,188,60.0,,,,,,65.8,,,72.9,0,0,0,1,35,17,4,16,0
Matthew Wedig,102138,LB,ILL STATE,1,0,0,188,,,,,,,60.0,,,62.4,0,0,0,0,1,0,0,0,0
Jacob Bellizzi,102139,LB,ILL STATE,10,0,0,188,60.1,,,,,,68.4,,,71.9,1,0,0,3,24,46,0,0,0
David Whittemore,102143,LB,INDIANA ST,3,0,0,191,60.0,,,,,,60.1,,,67.4,0,0,0,4,0,0,2,0,0
Julio Ayamel,102147,LB,JAMES MAD,10,0,0,197,,,72.3,,,,65.3,,,69.7,0,0,41,0,4,0,3,7,0
Taurus Jones,102148,LB,JAMES MAD,4,0,0,197,,,,,,,71.9,,,69.9,0,0,0,0,19,0,0,14,1
Ryan Moran,102150,LB,MONMOUTH,11,1,0,231,59.6,,,,,,61.6,,,76.4,1,0,0,47,63,40,2,19,1
Tyler Delgado,102151,LB,MONMOUTH,9,0,0,231,60.1,,,,,,63.3,,,74.5,1,0,0,32,14,0,8,21,1
Dale Sieczkowski,102152,ED,MONMOUTH,3,0,0,231,60.1,,,,,,62.5,,,67.9,0,0,0,3,4,0,0,2,0
David Faccone,102153,ED,MOREHEAD,10,0,0,234,59.9,,,,,,64.2,,,71.4,0,0,0,14,34,28,0,6,1
Alex Johnson,102155,LB,MONTANA ST,13,0,0,233,60.2,,,,,,65.5,,,72.7,0,0,0,5,2,1,4,41,0
Kalen Jennings,102157,LB,MORGAN ST,6,0,0,235,60.2,,,,,,61.1,,,70.5,0,0,0,14,0,11,0,1,0
Aree Booker,102159,LB,MORGAN ST,9,1,0,235,60.0,,67.5,,,65.7,67.1,,,73.9,0,0,9,21,15,19,13,5,1
Lawrence Richardson,102162,LB,MORGAN ST,9,0,0,235,59.7,,60.0,,,,48.4,,,28.5,0,2,6,29,8,28,48,5,0
Dustin Inness,102165,LS,ABILENE CH,10,0,0,100,,,83.9,,,82.1,70.1,,,64.4,0,0,42,0,0,0,11,0,0
David Stone,102166,LS,ABILENE CH,8,0,0,100,,,,,,68.6,60.1,,,66.1,1,0,0,0,0,0,31,0,0
Luke Barnes,102167,LS,ALABAMA ST,10,0,0,105,,,82.8,,,88.1,78.8,,,67.4,0,0,38,0,0,0,63,0,3
Thomas Reny,102170,LS,ARKAPB,11,1,0,112,,,82.5,,,88.3,71.7,,,67.5,0,0,37,0,0,0,64,0,1
Hayden Snyder,102171,LS,DAYTON,6,0,0,150,,,78.6,,,41.8,56.5,,,64.8,0,0,26,0,0,0,15,0,0
Tucker Dunn,102174,LS,COLGATE,11,0,0,142,,,28.0,,,50.0,57.2,,,67.1,0,0,35,0,0,0,57,0,0
Adam Guillemette,102177,LS,HOLY CROSS,2,0,0,181,,,60.0,,,79.1,64.5,,,63.0,0,0,3,0,0,0,3,0,0
Bryce Miller,102178,C,HOWARD,11,0,0,184,,,84.1,,,50.8,61.5,,,67.0,0,0,42,0,0,0,55,0,1
Wyatt Tate,102186,G,ABILENE CH,10,0,0,100,,,71.8,,,,63.3,,,67.6,0,0,42,0,0,0,42,0,0
Juwan Hayes,102190,C,ALABAMA ST,1,0,0,105,,,60.0,,,,60.0,,,61.6,0,0,1,0,0,0,0,0,0
Charlie Maxwell,102191,C,ALABAMA ST,3,0,0,105,,,60.0,,,,61.4,,,62.1,0,0,7,0,0,0,0,0,0
Josh Anjorin,102193,T,ALABAMA ST,5,0,0,105,,,69.5,,,,63.9,,,72.8,0,0,25,0,0,0,0,0,0
Robert Alston,102194,G,ALABAMA ST,8,0,0,105,,,73.5,,,,57.6,,,28.0,0,1,38,0,0,0,0,0,0
Ozzie Hutchinson,102197,T,ALBANY,8,0,0,106,,,69.0,,,,63.4,,,65.3,0,0,29,0,0,0,0,0,0
Kevin Singer,102202,G,ALBANY,2,0,0,106,,,61.2,,,,61.9,,,68.7,0,0,7,0,0,0,0,0,0
Jahkele Bascome,102204,G,ALBANY,8,0,0,106,,,72.6,,,,64.6,,,71.1,0,0,31,0,0,0,0,0,0
Ja'Quan Bennett,102209,G,ARKAPB,3,0,0,112,,,63.7,,,,62.3,,,64.5,0,0,10,0,0,0,0,0,0
Jordan Mack,102210,G,ARKAPB,11,0,0,112,,,73.1,,,,64.6,,,70.3,0,0,33,0,0,0,0,0,0
Raschad DaCosta,102211,G,ARKAPB,6,0,0,112,,,67.4,,,,63.1,,,65.5,0,0,17,0,0,0,0,0,0
Zack Tarburton,102217,T,BUCKNELL,1,0,0,125,,,60.0,,,74.9,60.1,,,63.3,0,0,0,0,0,0,1,0,0
R.J. Mehan,102220,G,BUCKNELL,7,0,0,125,,,67.7,,,,62.4,,,68.7,0,0,15,0,0,0,1,0,0
P.J. Barr,102223,T,MAINE,11,0,0,212,,,74.1,,,,57.9,,,28.5,0,1,49,0,0,0,0,0,0
Ian Hover,102232,G,CAMPBELL,3,0,0,131,,,60.0,,,,61.5,,,65.4,0,0,5,0,0,0,0,0,0
Josh George,102235,G,CENT ARK,10,0,0,132,,,77.4,,,,65.7,,,73.9,0,0,58,0,0,0,1,0,0
Parker Ray,102237,T,CENT ARK,3,0,0,132,,,66.1,,,,63.0,,,71.0,0,0,15,0,0,0,0,0,0
Joe Hurle,102239,G,COLGATE,2,0,0,142,,,60.0,,,,60.0,,,64.0,0,0,2,0,0,0,0,0,0
Max Howell,102243,G,E TENN ST,5,0,0,157,,,71.7,,,,64.2,,,68.7,0,0,31,0,0,0,0,0,0
Blake Austin,102247,G,E TENN ST,13,0,0,157,,,77.3,,,,66.3,,,76.5,0,0,74,0,0,0,0,0,0
Fred Norman Jr.,102248,T,E TENN ST,9,0,0,157,,,74.4,,,,65.1,,,71.8,0,0,40,0,0,0,0,0,0
Isaac Flemmer,102249,T,E WASHGTON,2,0,0,161,,,66.3,,,,63.0,,,70.4,0,0,15,0,0,0,0,0,0
Luke Dahlgren,102250,C,E WASHGTON,5,0,0,161,,,69.4,,,,63.4,,,63.9,0,0,18,0,0,0,0,0,0
Cameron Lynch,102253,G,E WASHGTON,1,0,0,161,,,60.0,,,,60.6,,,61.5,0,0,2,0,0,0,0,0,0
Brad Prestegord,102254,C,E WASHGTON,9,0,0,161,,,73.7,,,,64.7,,,69.4,0,0,42,0,0,0,0,0,0
Matthew Hewa Baddege,102256,T,E WASHGTON,5,0,0,161,,,73.6,,,,64.8,,,71.4,0,0,35,0,0,0,0,0,0
Joshua Francis,102259,C,FL A&M,3,0,0,164,,,63.2,,,,62.4,,,62.7,0,0,15,0,0,0,0,0,0
Jalen Spady,102262,C,FL A&M,1,0,0,164,,,,,,75.6,61.1,,,61.9,0,0,0,0,0,0,1,0,0
Khamari Thompson,102263,T,FL A&M,12,0,0,164,,,75.8,,,,65.5,,,75.0,0,0,60,0,0,0,6,0,0
Gabriel Thompson,102264,C,GARD-WEBB,7,0,0,171,,,,,,,46.9,,,67.6,0,0,0,0,0,0,11,0,0
Travis Polson,102266,T,GARD-WEBB,7,0,0,171,,,60.0,,,,38.1,,,67.1,0,0,2,0,0,0,11,0,1
Kyle Schneider,102267,G,GARD-WEBB,11,0,0,171,,,73.6,,,,62.0,,,67.0,0,0,48,0,0,0,4,0,0
Kyree Wade,102268,T,GRAMBLING,1,0,0,177,,,60.0,,,,61.3,,,64.4,0,0,5,0,0,0,0,0,0
Jordan Ighofose,102269,G,GRAMBLING,8,0,0,177,,,71.5,,,,64.1,,,68.6,0,0,26,0,0,0,0,0,0
Cameron Davis,102270,G,GRAMBLING,1,0,0,177,,,60.0,,,,60.6,,,61.5,0,0,2,0,0,0,0,0,0
Ben Blessing,102271,G,HOLY CROSS,3,0,0,181,,,63.4,,,,62.4,,,67.9,0,0,8,0,0,0,0,0,0
C.J. Hanson,102272,G,HOLY CROSS,13,0,0,181,,,77.8,,,,66.2,,,73.0,0,0,71,0,0,0,0,0,0
Jade Ashalintubbi,102274,G,HOU BAPT,5,0,0,183,,,66.6,,,,63.1,,,70.0,0,0,16,0,0,0,0,0,0
Christian Hood,102276,C,HOU BAPT,2,0,0,183,,,60.0,,,,61.5,,,66.6,0,0,5,0,0,0,0,0,0
Philip Rollins,102280,T,HOWARD,2,0,0,184,,,63.6,,,,63.0,,,71.0,0,0,13,0,0,0,0,0,0
Brennan Brown,102284,TE,HOWARD,10,0,0,184,,,71.9,,,,61.5,,,70.9,0,0,38,0,0,43,0,0,0
James Prince III,102285,C,DELAWARE,1,0,0,151,,,60.0,,,,61.6,,,66.2,0,0,6,0,0,0,0,0,0
Anim Dankwah,102286,T,HOWARD,11,0,0,184,,,75.0,,,,65.3,,,72.7,0,0,42,0,0,0,0,0,0
Kevin Eldredge,102288,T,IDAHO,3,0,0,185,,,69.1,,,,63.3,,,63.5,0,0,17,0,0,0,0,0,0
Josh Guzik,102290,G,IDAHO,1,0,0,185,,,60.0,,,,61.4,,,66.3,0,0,4,0,0,0,0,0,0
Riley Straly,102291,G,IDAHO,7,0,0,185,,,73.0,,,,64.2,,,63.5,0,0,29,0,0,0,0,0,0
Jayden Borjas,102298,T,INCAR WORD,10,0,0,189,,,74.7,,,,64.7,,,66.2,0,0,60,0,0,0,0,0,0
Jhase Edwards,102300,DI,INCAR WORD,12,0,0,189,59.9,,77.2,,,,65.5,,,75.9,0,0,74,2,0,0,37,0,0
Caleb Johnson,102301,G,INCAR WORD,7,0,0,189,,,19.5,,,,32.8,,,64.8,0,0,44,0,0,0,0,0,0
Garrett Hickman,102303,G,INDIANA ST,1,0,0,191,,,60.0,,,,60.9,,,61.9,0,0,5,0,0,0,0,0,0
Joel Stevens,102304,T,INDIANA ST,1,0,0,191,,,60.0,,,,60.3,,,65.4,0,0,2,0,0,0,0,0,0
Tanner Morris,102305,C,JAMES MAD,1,0,0,197,,,60.0,,,,60.9,,,63.6,0,0,4,0,0,0,0,0,0
Jordan Hall,102309,T,MONMOUTH,6,0,0,231,,,70.2,,,,63.6,,,62.5,0,0,32,0,0,0,0,0,0
Will Argo,102310,G,MONMOUTH,5,0,0,231,,,67.8,,,,63.2,,,65.1,0,0,24,0,0,0,0,0,0
Justus Perkins,102312,C,MONTANA ST,15,0,0,233,,,,,,,61.3,,,68.2,0,0,0,0,0,0,70,0,0
Marvin Atuatasi,102320,G,MORGAN ST,9,0,0,235,,,68.5,,,,53.9,,,28.4,0,1,18,0,0,0,33,0,0
Keagen Trost,102324,T,INDIANA ST,2,0,0,191,,,60.0,,,,61.6,,,67.2,0,0,6,0,0,0,0,0,0
Dexter Carr Jr.,102325,G,MORGAN ST,9,0,0,235,,,75.8,,,72.5,64.6,,,66.3,0,0,25,0,0,0,1,0,0
Allen Jones Jr.,102326,G,PRVIEW A&M,4,0,0,270,59.6,,66.2,,,,62.3,,,63.1,0,0,11,1,0,0,0,0,0
Garrett Taylor,102337,P,E TENN ST,4,0,0,157,,,,,,,61.1,,65.0,69.6,0,0,0,0,0,0,13,0,0
Andrew Stripling,102338,TE,ABILENE CH,1,0,0,100,,,,,,,60.0,,,62.3,0,0,0,0,1,0,0,0,0
Braeden Zenelovic,102340,QB,ALBANY,1,0,0,106,,,60.0,,,,60.0,,,60.3,0,0,2,0,0,0,0,0,0
Tevarrius Adams,102341,QB,ALCORN ST,6,0,0,107,,,60.0,,,,60.6,,,72.7,0,0,7,0,0,0,0,14,0
Dante Norris,102381,HB,ALABAMA ST,9,0,0,105,,,,59.9,,,64.9,,,78.9,1,0,0,0,0,51,48,30,2
Jacory Croskey-Merritt,102382,HB,ALABAMA ST,1,0,0,105,,,,,,,60.3,,,65.9,0,0,0,0,1,1,0,0,0
Christian Lewis,102387,CB,ALBANY,8,0,0,106,59.6,,,57.1,,,63.4,,,77.3,0,0,0,32,25,21,35,24,1
Niko Duffey,102389,HB,ALCORN ST,8,0,0,107,,,,58.4,,,65.3,,,68.1,0,0,0,0,3,28,3,3,0
Jared Cooper,102394,HB,BUCKNELL,10,0,0,125,,,,,,,59.7,67.4,,66.9,0,0,0,0,0,0,1,31,0
Tai Goode,102398,HB,CAMPBELL,2,0,0,131,,,,,,,59.2,,,67.9,0,0,0,0,0,0,6,0,0
Silas Perreiah,102407,HB,E WASHGTON,1,0,0,161,,,,,,,60.7,,,68.1,0,0,0,0,0,5,0,0,0
Terrell Jennings,102408,HB,FL A&M,3,0,0,164,,,,,,,60.1,,,65.5,0,0,0,0,0,3,0,0,0
Narii Gaither,102410,HB,GARD-WEBB,10,0,0,171,,,,59.3,,,65.8,42.2,,69.2,0,0,0,0,1,25,12,17,1
D.J. Hancock,102411,HB,GARD-WEBB,10,0,0,171,,,,59.4,,,67.5,,,79.0,0,0,0,0,0,23,43,32,1
Corey Russell,102413,HB,GRAMBLING,2,0,0,177,,,,,,,59.6,,,65.2,0,0,0,0,0,0,3,0,0
Freddie Mango,102415,S,GRAMBLING,11,0,0,177,60.1,,,,,,71.2,,,77.1,0,0,0,6,4,0,55,25,1
Jordan Forrest,102417,HB,HOLY CROSS,8,1,0,181,,,,,,,60.5,,,68.7,1,0,0,0,40,3,4,0,1
Jaelon Woods,102418,HB,HOU BAPT,1,0,0,183,,,,,,,60.0,,,64.0,0,0,0,0,0,2,0,0,0
Ian Wheeler,102419,HB,HOWARD,6,0,0,184,,,,64.8,,,61.4,,,70.0,1,0,0,0,19,22,2,0,3
Marquese Albert,102421,HB,NICHOLLS,5,0,0,243,,,,59.6,,,55.2,,,73.5,1,0,0,0,17,16,12,5,1
Nick Romano,102422,HB,IDAHO,8,0,0,185,,,,56.4,,,61.5,61.9,,69.9,0,0,0,0,1,49,9,10,0
Nigel White,102425,HB,ILL STATE,4,0,0,188,,,,,,,61.9,,,70.6,0,0,0,0,0,0,0,18,0
Cole Mueller,102426,HB,ILL STATE,3,0,0,188,,,,,,,61.6,,,67.4,0,0,0,0,7,7,0,0,0
Pha'leak Brown,102427,HB,ILL STATE,1,0,0,188,,,,,,,60.0,,,62.8,0,0,0,0,1,0,0,0,0
Kevin Brown,102429,HB,INCAR WORD,1,0,0,189,,,,,,,61.4,,,67.3,0,0,0,0,6,4,0,0,0
Kaleb Ducros,102431,HB,INCAR WORD,3,0,0,189,,,,,,,60.4,,,65.3,0,0,0,0,1,6,0,0,0
Chance Trentman-Rosas,102432,HB,INCAR WORD,12,0,0,189,,,67.0,58.9,,81.4,66.1,,,78.4,1,0,59,0,58,57,4,24,1
Dawson Basinger,102434,HB,INDIANA ST,10,0,0,191,,,,59.9,,,51.8,,,41.0,2,1,0,0,28,55,0,1,3
Austin Douglas,102436,HB,JAMES MAD,3,0,0,197,,,,,,,66.4,,,69.1,0,0,0,0,1,5,0,2,1
Latrele Palmer,102437,HB,JAMES MAD,1,0,0,197,,,,,,,60.4,,,67.0,0,0,0,0,0,3,0,0,0
DeMareus Hosey,102440,HB,MONTANA ST,3,0,0,233,,,,,,,60.4,,,67.5,0,0,0,0,0,9,3,3,0
Jaharie Martin,102441,HB,MONTANA ST,13,2,0,233,,,,,,,68.8,,,66.7,2,1,0,0,55,42,55,61,2
Jabriel Johnson,102447,HB,MORGAN ST,7,0,0,235,,,,61.2,,,67.0,,,71.4,0,0,0,0,0,19,14,11,1
Roger McCuller,102451,HB,INCAR WORD,5,0,0,189,,,67.2,,,,64.0,,,68.1,0,0,20,0,7,15,6,0,1
Austin Goffney,102452,S,LAMAR,9,0,0,204,59.9,,,,,,52.9,,,29.2,0,1,0,22,6,31,29,5,1
Larry Walker Jr.,102454,S,ALBANY,10,0,0,106,59.7,,,,,,61.3,,,71.9,0,0,0,43,1,0,0,3,0
Shawn Evans,102455,S,ALBANY,1,0,0,106,,,,,,,59.9,,,64.9,0,0,0,0,0,4,0,0,0
Brent Jackson,102457,S,BUCKNELL,11,0,0,125,60.8,,,,,,63.6,,,70.6,1,0,0,53,6,0,25,2,1
Jonathan Searcy,102460,S,BUCKNELL,10,0,0,125,60.1,,,,,,61.6,,,70.1,0,0,0,45,1,23,0,0,0
Braden Price,102463,CB,ILL STATE,10,0,0,188,59.8,,,,,,64.2,,,75.8,0,0,0,22,0,0,0,28,0
Tre Richardson,102464,CB,INCAR WORD,9,0,0,189,59.9,,,,,,57.0,,,73.4,2,0,0,1,52,8,6,23,2
Shawn Holton,102465,S,INCAR WORD,12,1,0,189,60.0,,,,,,66.3,,,82.0,2,0,0,10,80,0,38,43,4
Jordan White,102466,S,JAMES MAD,5,1,0,197,,,,,,,68.3,,,71.7,0,0,0,0,26,0,0,1,0
Ricky Harleston,102467,CB,NORFOLK,10,0,0,244,59.7,,,,,,72.2,,,79.0,0,0,0,11,47,14,16,36,3
Carson Mohr,102471,K,INCAR WORD,10,0,0,189,,57.3,,,,,61.4,,,67.3,0,0,59,0,0,0,0,0,0
Alex Boone,102474,TE,ARKAPB,8,0,0,112,,,63.0,59.9,,,60.8,,,71.8,0,0,11,0,1,48,4,0,0
Charlie Shadek,102478,TE,BUCKNELL,10,0,0,125,,,66.4,,,,62.4,,,78.1,0,0,18,0,0,61,0,6,0
Sam Camargo,102480,TE,CENT ARK,11,0,0,132,,,26.2,59.6,,,50.9,,,29.4,0,1,61,0,0,54,34,0,2
Jason Kcehowski,102481,TE,COLGATE,5,0,0,142,,,60.7,,,,61.6,,,69.1,0,0,9,0,0,14,0,0,0
Noah West,102484,TE,E TENN ST,13,0,0,157,,,78.3,59.1,,,64.6,,,81.5,0,0,74,0,3,61,5,0,0
Tim Stayskal,102486,TE,E TENN ST,13,1,0,157,,,70.3,,,,66.9,,,82.8,1,0,31,0,61,0,16,44,1
Andrei Leonardi,102488,G,E WASHGTON,8,0,0,161,,,71.1,,,,64.0,,,65.4,0,0,34,0,0,0,0,0,0
Blake Gobel,102491,TE,E WASHGTON,13,0,0,161,,,77.8,,,,59.6,,,28.3,0,1,80,0,0,0,0,0,0
Kamari Young,102493,TE,FL A&M,12,0,0,164,,,75.7,59.6,,,65.9,,,69.9,0,0,60,0,0,34,1,0,0
Jaye Patrick,102495,TE,GRAMBLING,2,0,0,177,,,60.0,,,,61.8,,,68.9,0,0,4,0,0,11,0,0,0
Sean Morris,102497,TE,HOLY CROSS,9,0,0,181,,,72.1,,,,63.1,,,71.8,0,0,40,0,0,16,0,0,0
Thomas Vi,102498,TE,HOWARD,11,0,0,184,,,67.5,59.9,,,54.1,,,76.0,0,1,21,0,0,50,0,30,0
Chris Carter,102499,TE,HOWARD,8,0,0,184,,,61.6,59.6,,,60.4,,,67.6,0,0,9,0,0,40,0,5,0
Hayden Hatten,102500,WR,IDAHO,2,0,0,185,,,,,,,71.0,,,67.0,0,0,0,0,0,10,0,0,0
Jack Schuster,102501,TE,IDAHO,1,0,0,185,,,,,,,59.7,,,64.6,0,0,0,0,0,3,0,0,0
Sean Fleming,102506,TE,MONMOUTH,8,0,0,231,,,72.3,,,,57.4,,,71.3,0,1,41,0,0,21,0,0,0
Korey McLeod,102507,TE,MONMOUTH,1,0,0,231,,,60.0,,,,61.3,,,61.5,0,0,6,0,0,0,0,0,0
Ryan Lonergan,102509,TE,MONTANA ST,15,0,0,233,,,77.5,,,,59.7,,,65.8,0,1,77,0,0,17,1,0,0
Jarrett Kessler,102510,TE,MONTANA ST,3,0,0,233,,,,59.9,,,60.2,,,67.0,0,0,0,0,0,10,0,0,0
Taelyn Williams,102517,WR,ABILENE CH,10,0,0,100,,,,59.9,,,62.5,,,72.1,0,0,0,0,1,56,0,14,0
Keron Jones,102523,WR,ALABAMA ST,5,0,0,105,60.0,,,,,,51.3,,,28.7,0,1,0,2,2,2,15,4,0
Mike Gray,102524,WR,ALBANY,7,0,0,106,,,,61.0,,,66.4,61.6,,65.3,0,0,0,0,0,28,0,4,0
Akeem McNair,102529,WR,ALCORN ST,11,0,0,107,,,,54.5,,,59.0,,,69.0,0,0,0,0,2,56,1,1,0
Chris Green,102532,WR,ALCORN ST,1,0,0,107,,,,,,,60.4,,,66.1,0,0,0,0,0,0,0,2,0
Kendrick Brown,102533,WR,ALCORN ST,7,0,0,107,,,,,,,66.9,,,90.5,0,0,0,0,8,6,3,23,0
Dalyn Hill,102535,WR,ARKAPB,9,0,0,112,,,,,,,61.8,,,81.4,1,0,0,0,37,48,17,35,0
Terrill McCray III,102543,WR,ARKAPB,8,1,0,112,,,,,,,68.1,,,59.3,0,1,0,0,40,27,42,40,3
Renn Lints,102550,WR,BUCKNELL,11,0,0,125,,,,,,,54.8,,,71.3,0,1,0,0,0,76,0,0,0
Connor Holmes,102552,WR,BUCKNELL,2,0,0,125,,,,,,,60.2,,,68.2,0,0,0,0,0,15,0,0,0
Matt McCreight,102555,WR,BUCKNELL,10,0,0,125,,,,,,,58.9,,,74.2,0,0,0,0,2,58,34,1,0
Jalen Kelsey,102556,WR,CAMPBELL,6,0,0,131,,,,77.2,,,47.2,,,70.4,2,0,0,0,0,19,13,1,0
Preston Bishop,102559,WR,CAMPBELL,1,0,0,131,,,,,,,60.0,,,64.8,0,0,0,0,0,1,0,0,0
Dervon Pesnell,102561,WR,CAMPBELL,2,0,0,131,,,,59.9,,,60.5,,,66.4,0,0,0,0,0,3,0,0,0
Zane Noles,102562,WR,CAMPBELL,1,0,0,131,,,60.0,,,,60.0,,,60.6,0,0,1,0,0,0,0,0,0
Christian Richmond,102566,WR,CENT ARK,11,0,0,132,,,,68.3,,,54.1,66.7,,29.6,1,1,0,0,21,59,41,14,1
Tyler Hudson,102567,WR,CENT ARK,10,0,0,132,,,,59.9,,,62.1,69.4,,67.5,0,0,0,0,1,1,3,30,1
Ryan Cekay,102568,WR,COLGATE,2,0,0,142,,,,,,,61.0,,,68.1,0,0,0,0,0,10,0,2,0
Myles Bradley,102569,WR,COLGATE,5,0,0,142,,,,,,,64.5,,,72.0,0,0,0,0,0,0,0,17,0
Rory Boos,102570,WR,COLGATE,1,0,0,142,,,,,,,60.0,,,65.9,0,0,0,0,0,0,0,2,0
Dashaun Mckinney,102571,WR,E TENN ST,1,0,0,157,,,,,,,61.1,,,68.2,0,0,0,0,3,0,2,4,0
Isaiah Wilson,102575,WR,E TENN ST,4,0,0,157,,,,59.6,,,59.6,,,67.4,0,0,0,0,0,16,0,0,0
Juwaun Price,102576,WR,E TENN ST,2,0,0,157,,,,,,,68.7,,,66.7,0,0,0,0,5,1,0,3,1
Jakobie Keeney-James,102578,WR,E WASHGTON,1,0,0,161,,,,,,,60.6,,,63.4,0,0,0,0,2,0,0,0,0
Derrick Hall,102581,WR,FL A&M,2,0,0,164,,,,,,,62.5,,,67.1,0,0,0,0,3,0,0,5,0
David Manigo,102582,WR,FL A&M,4,0,0,164,,,,59.9,,,59.9,,,65.7,0,0,0,0,0,8,0,0,0
Chris Sanders,102584,WR,FL A&M,11,0,0,164,,,,59.4,,,67.5,,,75.2,0,0,0,0,11,39,2,22,1
Xavier Smith,102585,WR,FL A&M,11,0,0,164,,,,74.2,,,59.6,66.9,,66.9,0,0,0,0,0,33,1,25,0
Jameson Turner,102586,WR,GARD-WEBB,1,0,0,171,,,,,,,60.0,,,64.5,0,0,0,0,0,0,2,0,0
Devron Harper,102587,WR,MERCER,9,0,0,219,,,,65.0,,,59.0,72.9,,71.8,0,0,0,0,0,44,24,23,0
Jacquez Bailey,102589,WR,GARD-WEBB,1,0,0,171,,,,,,,60.2,,,64.3,0,0,0,0,0,4,0,0,0
Kash Foley,102591,WR,GRAMBLING,9,0,0,177,,,,74.2,,,63.3,,,70.7,0,0,0,0,16,51,1,6,0
Ayir Asante,102592,WR,HOLY CROSS,7,0,0,181,,,,52.1,,,59.3,61.9,,64.3,0,0,0,0,0,20,0,6,0
Jack Coulson,102593,WR,HOLY CROSS,1,0,0,181,,,,,,,63.8,,,67.9,0,0,0,0,0,0,0,7,0
Branden Walker,102598,WR,HOU BAPT,3,0,0,183,,,,63.5,,,59.7,,,68.8,0,0,0,0,0,22,0,0,0
Dashawn Simon,102601,TE,HOWARD,11,2,0,184,59.5,,23.9,,,,67.1,,,60.7,0,1,37,2,51,61,55,31,8
Sean McCormick,102603,CB,IDAHO,11,1,0,185,,,,,,,71.5,,,41.1,0,1,0,0,37,60,26,49,3
Kyrin Beachem,102604,WR,IDAHO,3,0,0,185,,,,,,,64.7,,,73.5,0,0,0,0,0,10,0,13,0
William Campbell,102609,WR,IDAHO,1,0,0,185,,,,,,,60.9,,,65.9,0,0,0,0,3,0,0,0,0
Alex Moore,102610,WR,IDAHO,3,0,0,185,,,,,,,59.8,,,68.4,0,0,0,0,0,3,0,5,0
Jabari Khepera,102611,WR,ILL STATE,5,0,0,188,,,,58.2,,,60.2,,,65.9,0,0,0,0,2,15,0,0,0
Kacper Rutkiewicz,102612,WR,ILL STATE,9,0,0,188,,,,65.8,,,59.5,,,65.8,0,0,0,0,1,40,0,0,0
Jalen Carr,102613,WR,ILL STATE,4,0,0,188,,,,,,,46.4,,,28.5,1,1,0,0,8,0,16,0,0
Joey Lombardi,102615,WR,ILL STATE,10,2,0,188,,,,,,,70.9,,,42.5,1,1,0,0,4,0,66,2,3
CJ Hardy,102616,WR,INCAR WORD,12,0,0,189,,,,56.5,,,63.8,,,69.0,0,0,0,0,0,66,0,3,0
Kamden Perry,102617,WR,INCAR WORD,2,0,0,189,,,,,,,63.1,,,68.7,0,0,0,0,9,0,0,6,0
Michael Griffin,102625,CB,INDIANA ST,4,0,0,191,,,,,,,59.6,,,71.8,0,0,0,0,4,9,20,0,0
Alex Miller,102628,WR,JAMES MAD,13,0,0,197,,,68.9,,,66.0,62.8,,,62.1,0,0,89,0,0,1,0,0,0
Kevin Curry Jr.,102629,WR,JAMES MAD,3,0,0,197,,,,,,,60.4,,,66.1,0,0,0,0,0,11,0,0,0
Tanner Trafton,102636,WR,MONTANA ST,3,1,0,233,,,,,,,70.2,,,72.3,0,1,0,0,9,5,10,18,2
Jaden Smith,102637,WR,MONTANA ST,5,0,0,233,,,,,,,54.1,,,71.2,1,0,0,0,8,13,0,5,0
Kailon Davis,102702,ED,ARKAPB,9,0,0,112,85.7,,,,,,90.5,,,65.9,0,0,0,19,0,0,0,0,0
Aaron Sears,102742,K,CHATTNOOGA,11,0,0,137,,64.3,,,,,61.3,,,67.0,0,0,53,0,0,0,0,0,0
Patrick Duffy,102748,K,LEHIGH,4,0,0,205,,,,,38.7,,61.1,,,72.1,0,0,0,0,17,0,0,0,1
Jeremy Martin,102749,P,CHARLES SO,2,0,0,135,,,,,69.2,,60.2,,,70.4,0,0,0,0,10,0,0,0,0
Colton Dooley,102879,HB,TENN TECH,8,0,0,309,,,,59.9,,,59.3,,,70.8,0,0,0,0,0,39,3,3,0
Java'n Singletary,102897,S,KENNESAW,10,0,0,200,60.2,,,,,,64.5,,,34.3,0,1,0,17,26,2,0,23,2
Koby Perry,102899,S,AUSTINPEAY,10,0,0,116,59.2,,,,,,51.4,,,28.6,0,1,0,40,9,3,8,5,1
Semaj Bolin,103549,CB,PORTLAND,9,1,0,269,59.4,,,,,,69.4,,,75.6,0,0,0,17,22,0,0,28,1
Travis West,103551,CB,PORTLAND,7,0,0,269,60.0,,,,,,50.2,60.3,,68.9,1,0,0,2,30,0,0,5,0
Kameron Jackson,103558,CB,SO UTAH,8,0,0,298,59.8,,,,,,65.2,,,72.0,0,0,0,3,10,0,16,5,1
Dave Jones,103560,HB,WEBER ST,8,1,0,342,,,,,,,59.3,,,31.1,1,1,0,0,43,0,37,36,1
Kamden Garrett,103561,CB,WEBER ST,9,0,0,342,59.6,,,,,,57.2,,,29.6,0,1,0,12,1,0,0,46,0
Maxwell Anderson,103562,CB,WEBER ST,4,0,0,342,59.8,,,,,,61.6,,,69.0,0,0,0,3,0,0,0,5,0
Ja'Kobe Harris,103563,S,WEBER ST,4,0,0,342,59.8,,,,,,36.9,,,26.1,0,1,0,10,1,0,0,5,0
Jacob Sharp,103564,CB,WEBER ST,2,0,0,342,,,,,,,63.8,,,68.0,0,0,0,0,0,0,0,9,0
Willie Roberts,103567,CB,STF AUSTIN,12,0,0,301,59.4,,,,,,62.9,,,74.8,0,0,0,30,11,0,0,17,0
Myles Brooks,103568,CB,STF AUSTIN,12,0,3,301,59.4,,,,,,41.5,,,27.1,0,3,0,26,0,0,0,35,0
Bruce Harmon Jr.,103569,CB,STF AUSTIN,12,0,1,301,59.4,,,,,,73.0,,,37.4,0,1,0,21,0,29,6,57,0
Bryce Authement,103573,CB,NICHOLLS,9,0,0,243,,,,,,,57.8,,,79.1,1,0,0,0,47,23,0,17,1
Jordan Jackson,103574,CB,NICHOLLS,11,0,0,243,59.8,,,59.9,,,58.9,,,30.8,1,1,0,26,55,3,1,10,2
Shawn Hall,103577,S,NICHOLLS,2,0,0,243,,,,,,,62.0,,,68.2,0,0,0,0,16,4,1,1,0
Zane McCrary,103579,CB,NICHOLLS,7,1,0,243,,,,,,,67.1,,,79.6,0,0,0,0,41,28,0,23,3
Jarius Monroe,103580,CB,NICHOLLS,11,0,0,243,59.4,,,,,,64.5,,,73.3,0,0,0,44,16,0,0,11,1
Devyn Coles,103583,CB,NORFOLK,10,0,0,244,59.3,,,,,,52.7,60.0,,29.0,0,1,0,36,5,1,1,13,0
Cameron Foreman,103584,S,NORFOLK,9,0,0,244,60.0,,,,,,67.1,,,69.8,1,0,0,2,1,0,24,0,2
Trey Lasek,103589,CB,N IOWA,3,0,0,255,,,,,,,65.8,,,69.6,0,0,0,0,0,0,0,14,0
Omar Brown,103590,CB,N IOWA,8,2,0,255,59.7,,,,,,70.6,,,82.0,0,0,0,28,46,0,0,38,0
Edwin Dearman,103591,S,N IOWA,12,1,0,255,60.1,,,,,,62.3,,,50.5,0,1,0,6,65,53,27,60,1
Davion Gaines,103592,CB,PORTLAND,5,1,0,269,59.8,,,,,,60.9,,,69.2,1,0,0,2,11,22,0,2,1
Michael Jackson,103593,CB,PORTLAND,7,0,1,269,,,,59.9,,,49.9,,,73.9,1,1,0,0,28,28,0,12,0
Antonio Carter II,103597,CB,RHODE ISLD,11,0,0,274,59.4,,,,,,61.5,,,72.6,0,0,0,40,0,1,0,6,0
Jordan Jones,103598,CB,RHODE ISLD,11,0,0,274,59.3,,,,,,60.8,,,71.7,0,0,0,47,1,0,0,4,0
Jarrett Martin,103600,ED,RHODE ISLD,11,0,0,274,60.0,,60.0,,,,74.5,,,73.5,0,0,5,10,18,5,49,8,5
Seun Filaoye,103602,CB,RHODE ISLD,11,2,0,274,,,,,,,75.0,,,79.1,0,0,0,0,55,0,0,43,3
Jehiel Budgett,103606,CB,UC DAVIS,12,0,0,322,59.2,,,,,,65.5,,,84.9,0,0,0,44,14,53,0,48,0
Sean Harlston,103607,CB,UC DAVIS,1,0,0,322,,,,,,,59.5,,,67.2,0,0,0,0,0,0,4,0,0
Algery McGuire,103609,CB,UC DAVIS,12,0,0,322,59.8,,,,,,64.8,,,72.4,1,0,0,2,66,52,0,1,4
Ahmad Lyons,103610,CB,WAGNER,10,0,0,338,59.7,,,,,,55.8,,,29.4,2,1,0,34,11,0,21,21,2
Dee'Shari Keith,103613,S,WAGNER,3,0,0,338,59.9,,,,,,65.4,,,69.2,1,0,0,4,3,0,6,2,1
Keith McLaurin,103614,CB,WAGNER,5,0,0,338,59.9,,,,,,34.3,,,68.2,0,1,0,10,1,0,0,6,0
Khari Jones,103616,CB,WAGNER,4,0,0,338,59.8,,,59.9,,,60.1,,,66.1,0,0,0,13,2,10,0,4,0
Ke'Shon Murray,103618,CB,SM HOUSTON,10,1,0,281,59.8,,,,,,67.6,60.8,,73.8,0,0,0,2,58,2,0,42,0
Emmonte Davis,103619,CB,SM HOUSTON,2,0,0,281,59.9,,,,,,61.7,,,65.4,0,0,0,1,4,0,0,1,0
Kam Alexander,103620,CB,SM HOUSTON,12,0,0,281,59.4,,,62.0,,,63.1,,,77.3,1,0,0,21,41,40,8,39,1
Braiden Clopton,103621,S,SM HOUSTON,10,0,0,281,59.9,,,,,,60.5,,,62.8,0,0,0,29,0,0,0,1,0
Darrel Hawkins-Williams,103622,S,SM HOUSTON,12,1,0,281,59.9,,,,,,77.4,,,76.7,1,0,0,18,57,6,9,18,6
Jalan Mayes,103623,S,SM HOUSTON,11,0,0,281,,,,,,,70.4,,,78.6,0,0,0,0,45,17,13,34,2
Josh Sarratt,103624,S,JAMES MAD,12,0,0,197,,,,,,,69.6,,,77.1,1,0,0,0,50,29,8,15,4
Aljareek Malry,103625,CB,VA MILT IN,11,0,0,336,59.4,,,,,,66.0,,,70.1,0,0,0,56,53,0,0,5,2
Marquan Jones,103627,CB,VA MILT IN,3,0,0,336,60.0,,,,,,60.7,,,66.6,0,0,0,1,2,1,0,0,0
Aladdin Elroumy,103628,ED,VA MILT IN,10,1,0,336,59.4,,,,,,63.6,,,75.3,0,0,0,28,0,17,37,0,0
Jacob White,103633,S,ROB MORRIS,8,0,0,277,60.2,,,,,,62.7,,,70.3,0,0,0,41,0,0,0,6,0
Aniello Buzzacco,103642,LB,ROB MORRIS,8,1,0,277,59.5,,,,,,66.6,,,75.8,0,0,0,41,0,0,20,7,0
Jacob Thomas,103644,S,ROB MORRIS,8,0,0,277,60.0,,,,,,66.5,,,75.8,0,0,0,3,1,15,21,6,1
Garret Fairman,103645,ED,ROB MORRIS,9,0,0,277,59.5,,,59.6,,,61.3,,,70.7,1,0,0,23,1,18,15,3,1
Quinton Hicks,103651,ED,S DAK ST,4,0,0,292,59.8,,,,,,59.9,,,62.2,0,0,0,5,0,0,0,0,0
Caden Johnson,103652,ED,S DAK ST,7,0,1,292,59.3,,,,,,37.5,,,26.0,0,1,0,8,0,0,0,1,0
Kevin Brenner,103653,ED,S DAK ST,14,2,0,292,59.9,,,59.6,,,72.3,,,41.9,0,1,0,2,58,45,0,0,5
Zac Wilson,103654,ED,S DAK ST,2,0,0,292,59.8,,,,,,59.9,,,62.6,0,0,0,2,0,0,0,0,0
Logan Lutui,103655,ED,WEBER ST,9,0,0,342,59.5,,,,,,61.2,,,65.7,0,0,0,11,0,0,22,3,0
Juan Henry,103656,ED,SM HOUSTON,12,0,0,281,,,,,,,67.7,,,81.9,0,0,0,0,9,10,0,64,0
Marje Smith,103659,ED,STF AUSTIN,12,0,0,301,59.8,,,,,,62.8,,,41.9,1,1,0,11,68,0,0,64,0
Rason Williams II,103663,DI,STF AUSTIN,6,0,0,301,59.4,,69.3,,,,62.8,,,61.9,0,0,27,2,0,0,0,0,0
Terrance Wair,103666,ED,STF AUSTIN,4,0,0,301,59.3,,,,,,59.4,,,63.0,0,0,0,5,0,0,0,0,0
Chance Hill,103667,ED,STF AUSTIN,6,0,0,301,59.9,,,,,,60.1,,,64.8,0,0,0,7,0,3,0,0,0
Elijah Reames,103673,ED,NICHOLLS,3,0,0,243,59.9,,,,,,59.4,,,27.8,0,1,0,5,1,17,0,3,0
Caleb Jackson,103674,ED,SOUTHERN U,1,0,0,297,59.8,,,,,,60.0,,,62.7,0,0,0,1,0,0,0,0,0
Perry Ganci,103676,ED,NICHOLLS,11,0,0,243,59.1,,,,,,59.6,,,68.5,0,0,0,30,0,0,0,8,0
Remy Feltes,103677,DI,NORFOLK,11,0,0,244,72.9,,75.6,,,,68.3,,,28.1,0,2,60,37,0,0,0,10,0
Mac Petit,103678,DI,NORFOLK,4,0,0,244,59.1,,,,,,59.8,,,66.8,0,0,0,8,0,0,0,3,0
Kennedy Freeman,103681,ED,PORTLAND,6,0,0,269,59.7,,,,,,74.9,,,78.3,0,0,0,1,20,35,13,14,2
Mykeal White,103687,DI,SO UTAH,9,0,0,298,58.8,,,,,,50.1,,,29.0,0,1,0,22,0,0,26,2,0
Tajhir Tate,103692,DI,WAGNER,11,0,0,338,58.8,,,,,,61.6,,,73.3,0,0,0,29,0,0,63,12,0
Zeke Birch,103693,DI,WEBER ST,6,0,0,342,59.3,,60.0,,,,61.0,,,75.5,0,0,2,2,0,0,0,2,0
Davis Rasmussen,103694,TE,WEBER ST,11,0,0,342,,,74.6,,,,64.6,,,62.9,0,0,54,0,0,0,0,0,0
Jevon Leon,103696,ED,SM HOUSTON,12,0,0,281,59.0,,,,,,61.5,,,67.1,0,0,0,17,0,0,47,7,0
Chris Scott,103697,DI,SM HOUSTON,5,0,0,281,59.0,,,,,,59.9,,,65.5,0,0,0,5,0,0,0,2,0
Jaylon Haney,103699,DI,VA MILT IN,8,0,0,336,59.3,,,,,,47.8,,,27.4,0,1,0,37,0,0,0,2,0
Matthew Holmes,103702,ED,ROB MORRIS,10,0,0,277,77.3,,64.2,,,,73.7,,,29.0,0,1,14,47,5,4,6,10,0
Jacarri Braddy,103706,DI,STETSON,3,0,0,302,59.2,,,,,,59.9,,,64.4,0,0,0,3,0,0,0,1,0
Supilani Mailei,103712,DI,ROB MORRIS,9,0,0,277,58.4,,,,,,50.5,,,27.3,0,2,0,44,0,0,0,9,0
Izon Pulley,103713,DI,ROB MORRIS,7,0,0,277,58.9,,,,,,40.5,,,26.2,0,1,0,11,0,0,0,1,0
Bryce Fontana,103714,DI,ROB MORRIS,9,0,0,277,58.8,,,,,,60.0,,,69.8,0,0,0,36,4,0,0,7,0
Jarod DePriest,103718,DI,S DAK ST,15,0,0,292,59.9,,,,,,61.0,,,67.8,0,0,0,2,0,4,44,0,0
Carl Williams,103720,DI,STF AUSTIN,10,0,0,301,59.5,,75.5,,,,64.7,,,67.4,0,0,65,2,0,0,0,0,0
Liam McComas,103722,FB,N IOWA,12,1,0,255,,,,,,,60.6,,,72.3,0,0,0,0,20,53,36,0,0
Eric DeMayo,103725,FB,WAGNER,11,0,0,338,,,68.4,59.6,,,68.4,,,73.1,1,0,24,0,0,76,76,0,3
Kurt Gallup,103727,TE,N COLORADO,11,0,0,253,,,,,,,61.5,,,71.2,0,0,0,0,1,46,71,0,0
Chase Lanckriet,103728,TE,N COLORADO,11,0,0,253,,,60.0,,,,58.6,,,71.9,0,0,3,0,0,66,0,0,0
Gavin Lasseigne,103732,K,NICHOLLS,11,0,0,243,,69.8,,,56.6,,61.6,,,68.0,0,0,60,0,4,0,0,0,0
Matthew Cook,103734,K,N IOWA,12,0,0,255,,92.9,60.0,,65.8,,63.6,,,75.8,0,0,56,0,65,0,0,0,1
Michael Benson,103737,P,ROB MORRIS,10,0,0,277,,,60.0,,67.8,,50.9,,43.7,29.3,0,1,3,0,43,0,21,0,3
Nick Bisceglia,103738,K,ROB MORRIS,9,0,0,277,,78.7,,,,,61.0,,,66.1,0,0,33,0,0,0,0,0,0
Chris Campos,103741,K,STF AUSTIN,12,0,0,301,,84.0,,,59.7,,61.7,,,67.9,0,0,73,0,1,0,0,0,0
Ben Raybon,103742,K,N COLORADO,11,0,0,253,,76.2,,,79.2,,62.7,,,73.1,0,0,32,0,36,0,0,0,1
Jerry Rice,103747,K,VA MILT IN,11,0,0,336,,90.5,,,,,61.4,,,67.2,0,0,58,0,0,0,0,0,0
Aaron Vardell,103748,P,VA MILT IN,11,0,0,336,,,66.9,,60.0,,62.2,,58.9,62.5,0,0,58,0,1,0,2,0,0
Jacob Parker,103750,LB,NICHOLLS,11,1,0,243,59.8,,,,,,75.8,,,43.2,0,1,0,5,60,56,32,37,3
Shamar Hill,103754,ED,NORFOLK,6,0,0,244,59.1,,63.8,,,,71.8,,,71.9,0,0,16,3,0,0,0,16,0
Sage Beuchert-Irvine,103757,ED,NORFOLK,5,0,0,244,58.9,,66.3,,,70.8,61.9,,,64.8,0,0,8,7,0,0,0,2,0
Hadyn Steffens,103758,LB,N COLORADO,7,0,0,253,59.5,,,,,,60.3,,,71.3,0,0,0,31,2,12,0,2,0
David Hoage,103759,ED,N COLORADO,10,0,0,253,59.6,,,,,,56.1,,,75.6,1,0,0,39,4,6,0,21,0
Mike Thompson,103761,LB,N COLORADO,2,0,0,253,,,,,,,62.6,,,69.4,0,0,0,0,7,0,8,6,0
Emmanuel Adebayo,103762,ED,N COLORADO,2,0,0,253,59.6,,,,,,61.2,,,66.8,0,0,0,1,4,0,0,1,0
Elijah Anderson-Taylor,103763,LB,N COLORADO,11,1,0,253,59.8,,,,,,63.7,,,76.2,1,0,0,13,35,31,35,7,2
Tate Storbeck,103764,TE,N IOWA,7,0,0,255,,,69.8,,,,63.4,,,61.1,0,0,29,0,0,0,0,0,0
Cameron Baker,103767,LB,N IOWA,1,0,0,255,,,,,,,60.1,,,64.8,0,0,0,0,0,2,0,0,0
Spencer Cuvelier,103768,LB,N IOWA,9,0,0,255,60.2,,,,,,62.9,,,70.2,0,0,0,23,0,0,31,7,0
Jake McLaughlin,103771,ED,N IOWA,11,1,0,255,,,,,,,60.3,,,72.7,0,0,0,0,59,47,3,1,2
Moses Finau,103775,ED,PORTLAND,5,0,0,269,58.8,,,,,,59.4,,,68.1,0,0,0,10,0,0,0,1,0
Justice Pagan,103776,ED,PORTLAND,8,0,0,269,60.0,,,,,,61.6,,,69.0,0,0,0,20,0,1,0,5,0
Johnny Alvarado,103779,LB,RHODE ISLD,1,0,0,274,,,,,,,68.9,,,68.0,0,0,0,0,6,0,0,0,1
Andre Blackett,103780,LB,RHODE ISLD,11,0,0,274,59.7,,,,,,68.4,,,70.3,0,0,0,43,41,0,0,5,3
Cole Brockwell,103781,LB,RHODE ISLD,2,1,0,274,,,,,,,68.8,,,66.6,0,0,0,0,5,0,0,1,0
Matt Barnett,103782,LB,S DAK ST,15,0,0,292,60.0,,,,,,56.1,,,39.7,1,1,0,1,18,25,14,63,0
Payton Shafer,103783,LB,S DAK ST,10,0,0,292,59.7,,,,,,56.0,,,78.6,2,0,0,6,40,16,17,13,0
Adam Bock,103784,LB,S DAK ST,12,0,0,292,90.0,,,,,,91.0,,,69.3,0,0,0,49,0,0,0,0,0
Thomas Motzko,103785,TE,S DAK ST,12,1,0,292,,,,,,0.0,56.7,,,79.0,0,0,0,0,74,6,10,37,1
Graham Spalding,103786,LB,S DAK ST,14,1,0,292,59.6,,,,,,66.1,,,77.0,1,0,0,18,26,1,37,13,1
Billy Davis,103789,LB,SO UTAH,1,0,0,298,60.0,,,,,,60.1,,,64.4,0,0,0,2,0,0,0,0,0
Clayton Jensen,103792,LB,SO UTAH,10,0,0,298,59.9,,,59.9,,,66.8,,,74.3,1,0,0,1,30,65,20,4,2
Cole Hansen,103794,LB,UC DAVIS,10,0,0,322,60.0,,,,,,63.3,,,69.1,0,0,0,18,0,0,0,9,0
James Scharetg,103797,LB,UC DAVIS,12,2,0,322,59.9,,,,,,76.5,,,77.8,0,0,0,21,56,19,24,28,4
Shane Quast,103799,LB,WAGNER,7,0,0,338,59.9,,,59.9,,,60.5,,,28.5,0,1,0,6,24,15,0,14,2
Myles Lopes,103800,LB,WAGNER,4,0,0,338,59.7,,,,,,59.9,,,69.9,0,0,0,1,1,20,0,4,0
Rourke Colligan,103801,TE,WAGNER,11,0,0,338,,,,59.9,,,57.3,,,71.0,0,0,0,0,0,76,0,4,0
Mitchel Maxfield,103805,ED,WEBER ST,7,0,0,342,59.6,,60.0,,,,63.0,,,70.6,0,0,1,7,0,0,29,9,0
Peni Mobley,103806,LB,WEBER ST,1,0,0,342,,,,,,,61.1,,,65.8,0,0,0,0,5,0,0,1,0
Sherwin Lavaka,103807,LB,WEBER ST,10,0,0,342,59.9,,,,,,60.5,,,71.4,0,0,0,31,1,1,38,13,1
Trevor Williams,103810,LB,SM HOUSTON,12,1,0,281,60.7,,,,,,69.2,,,67.2,0,0,0,42,0,0,13,9,0
Jahari Kay,103811,ED,SM HOUSTON,12,0,0,281,58.7,,,,,,59.9,,,67.8,0,0,0,40,0,0,1,8,0
Stone Snyder,103813,LB,VA MILT IN,11,0,0,336,60.3,,,,,,76.5,,,90.5,0,0,0,55,1,0,28,5,2
Darrell Mason,103817,LB,ROB MORRIS,7,0,0,277,,,,,,,71.2,,,75.5,1,0,0,0,21,13,17,9,4
Olivier Pageotte-Andre,103821,LB,ROB MORRIS,10,1,0,277,59.7,,,,,,64.0,,,77.8,0,0,0,13,5,52,0,23,0
Jamar Shegog,103825,LB,ROB MORRIS,10,0,0,277,59.4,,,,,,61.6,,,74.4,0,0,0,55,2,0,11,10,0
Jermaine Brown,103828,LB,STF AUSTIN,12,1,0,301,59.8,,,,,,55.1,,,69.4,1,0,0,14,57,2,0,1,3
Brevin Randle,103830,LB,STF AUSTIN,11,0,0,301,60.0,,,,,,60.9,,,66.8,0,0,0,31,0,0,0,1,0
Steven Green,103832,LS,N COLORADO,1,0,0,253,,,60.0,,,82.3,66.1,,,63.8,0,0,3,0,0,0,6,0,0
Evan Knowler,103833,LS,N IOWA,11,0,0,255,,,86.1,,,91.2,78.4,,,67.3,0,0,51,0,0,0,62,0,0
Noah Caldwell,103837,LS,SM HOUSTON,12,0,0,281,,,86.3,,,84.5,72.0,,,66.5,1,0,75,0,0,0,43,0,1
Jacob Wilson,103838,LS,ROB MORRIS,10,1,0,277,,,81.2,,,73.7,71.3,,,29.3,0,1,33,0,0,0,55,0,1
Chase Ruiz,103840,LS,STF AUSTIN,12,0,0,301,,,89.9,,,64.2,65.7,,,66.6,0,0,73,0,0,0,44,0,0
Anthony Blume,103845,DI,NORFOLK,11,0,0,244,58.2,,,,,,58.9,,,71.5,0,0,0,37,0,0,34,7,1
Clayton Kempf,103854,T,N IOWA,5,0,0,255,,,68.1,,,,63.4,,,69.0,0,0,19,0,0,0,0,0,0
Jared Penning,103855,G,N IOWA,12,0,0,255,,,75.9,,,,65.5,,,71.0,0,0,56,0,0,0,0,0,0
Tristan Roper,103856,G,N IOWA,11,0,0,255,,,75.4,,,,66.0,,,75.9,0,0,54,0,0,0,0,0,0
John Krahn,103857,G,PORTLAND,3,0,0,269,,,66.6,,,,62.8,,,63.3,0,0,12,0,0,0,0,0,0
Richard Estrella,103858,T,PORTLAND,10,0,0,269,,,75.4,,,,58.6,,,28.1,0,1,44,0,0,0,0,0,0
Jordan Riendeau,103861,T,RHODE ISLD,1,0,0,274,,,60.0,,,,60.0,,,60.9,0,0,1,0,0,0,0,0,0
Alex Westendorf,103864,G,S DAK ST,2,0,0,292,,,,,,,60.4,,,62.1,0,0,0,0,0,0,5,0,0
Bo Donald,103869,T,S DAK ST,1,0,0,292,,,60.0,,,,60.0,,,60.9,0,0,1,0,0,0,0,0,0
Noel Unufe,103870,T,SO UTAH,9,0,0,298,,,70.6,,,,64.5,,,71.6,0,0,32,0,0,0,0,0,0
Lyle Santos,103871,G,SO UTAH,3,0,0,298,,,61.2,,,,62.0,,,68.6,0,0,7,0,0,0,1,0,0
Nico Sarale,103874,G,UC DAVIS,2,0,0,322,,,60.0,,,,61.0,,,64.2,0,0,5,0,0,1,0,0,0
Jeremiah Bolling-Farrar,103876,G,WAGNER,9,0,0,338,,,70.8,,,,64.1,,,70.8,0,0,24,0,0,0,0,0,0
Jalen North,103880,G,SM HOUSTON,5,0,0,281,,,67.1,,,,63.1,,,64.0,0,0,23,0,0,0,0,0,0
Peyton Fifield,103881,T,SM HOUSTON,5,0,0,281,,,69.2,,,,63.5,,,65.3,0,0,30,0,0,0,0,0,0
Charles Dixon,103885,DI,VA MILT IN,8,0,0,336,59.2,,,,,,59.7,,,66.2,0,0,0,22,0,0,0,1,0
Jarvis Chandler,103887,G,VA MILT IN,11,0,0,336,,,75.4,,,,64.3,,,70.1,0,0,52,0,0,0,2,0,0
Trevor Renfro,103889,C,ROB MORRIS,1,0,0,277,,,,,,,60.0,,,63.3,0,0,0,0,0,0,0,0,0
Trevor Hicks,103890,T,ROB MORRIS,2,0,0,277,,,60.0,,,,60.6,,,63.5,0,0,3,0,0,0,0,0,0
Bussy Remaley,103894,T,ROB MORRIS,2,0,0,277,,,64.6,,,,62.7,,,68.8,0,0,11,0,0,0,0,0,0
Dylan Young,103896,G,ROB MORRIS,8,0,0,277,,,70.8,,,,64.1,,,70.2,0,0,24,0,0,0,0,0,0
Jaret Porterfield,103906,G,STF AUSTIN,12,0,0,301,,,79.6,,,,66.3,,,66.2,0,0,70,0,0,0,0,0,0
Zach Ingram,103907,T,STF AUSTIN,2,0,0,301,,,60.0,,,,61.5,,,63.9,0,0,7,0,0,0,0,0,0
Terrin Robinson,103908,T,STF AUSTIN,1,0,0,301,,,60.0,,,,60.0,,,63.7,0,0,1,0,0,0,0,0,0
Montrell Stanley,103911,S,VA MILT IN,1,0,0,336,60.0,,,,,,60.0,,,60.0,0,0,0,1,0,0,0,0,0
Ryan Richter,103913,P,NORFOLK,11,0,0,244,,64.3,,,35.9,,49.6,,54.1,29.2,0,1,8,0,15,0,34,0,0
Seth Vernon,103914,P,PORTLAND,10,0,0,269,,,66.0,,59.7,,63.0,,77.4,70.5,0,0,45,0,1,0,34,0,1
Davey Schaum-Bartocci,103915,P,RHODE ISLD,11,0,0,274,,,66.5,,,,63.3,,54.9,72.0,0,0,52,0,0,0,49,0,0
Matt McRobert,103918,P,SM HOUSTON,12,0,0,281,,,,,,,62.6,,68.1,73.1,0,0,0,0,0,0,39,0,0
George Souders III,103919,P,ROB MORRIS,9,0,0,277,,,64.5,,,,62.7,,45.8,70.9,0,0,30,0,0,0,34,0,0
Max Quick,103920,P,STF AUSTIN,12,0,0,301,,,67.8,,,,57.4,,77.0,29.5,1,1,73,0,0,0,44,0,0
Alec Lewis,103927,QB,N COLORADO,2,0,0,253,,,60.0,,,,60.6,,,60.6,0,0,7,0,0,0,0,0,0
Tommy Smith,103936,TE,RHODE ISLD,11,0,0,274,,,61.5,59.9,,,49.3,,,27.7,0,2,9,0,16,53,0,15,2
Justin Neary,103937,WR,RHODE ISLD,11,0,0,274,,,,,,,69.3,,,76.1,0,0,0,0,0,7,0,43,0
Keaton Heide,103940,QB,S DAK ST,15,0,0,292,,,68.8,,,,62.7,,,61.3,0,0,95,0,0,0,0,0,0
Trent Tompkins,103944,QB,UC DAVIS,5,0,0,322,,,,59.9,,,60.2,90.6,,66.5,0,1,0,0,0,6,0,6,0
Seth Morgan,103954,QB,VA MILT IN,1,0,0,336,,,,,,,60.0,,60.0,63.3,0,0,0,0,0,0,1,0,0
George Martin,103959,QB,ROB MORRIS,1,0,0,277,,,,,,,60.0,,,63.3,0,1,0,0,0,0,0,0,0
Jake Kupchella,103961,TE,ROB MORRIS,8,0,0,277,,,69.8,,,,63.1,,,63.0,0,0,29,0,0,0,7,0,0
Lawton Rikel,103963,WR,STF AUSTIN,11,0,0,301,,,,,,,60.7,,,72.1,0,0,0,0,6,29,17,4,0
John Carrington,103966,HB,NICHOLLS,4,0,0,243,,,,,,,59.4,,,28.7,0,1,0,0,20,19,13,9,3
Kevin Johnson,103968,HB,NORFOLK,10,0,0,244,,,,59.3,,,58.9,62.6,,65.3,0,0,0,0,0,51,0,6,0
Jaire Moore,103970,HB,N COLORADO,1,0,0,253,,,,,,,60.0,,,63.1,0,0,0,0,0,1,0,0,0
Nick McCabe,103975,LB,N IOWA,3,1,0,255,,,,,,,76.4,,,68.4,0,0,0,0,18,0,2,0,1
Malik Walker,103978,HB,PORTLAND,1,0,0,269,,,,,,,60.0,,,63.9,0,0,0,0,1,0,0,0,0
Jobi Malary,103979,HB,PORTLAND,1,0,0,269,,,,,,,60.2,,,67.3,0,0,0,0,0,8,0,0,0
Gabe Sloat,103980,HB,RHODE ISLD,7,1,0,274,,,,59.9,,,66.0,,,69.2,0,0,0,0,31,23,0,0,1
Thomas Duckett,103982,HB,SO UTAH,9,0,0,298,,,,56.3,,,68.3,,,71.2,0,0,0,0,12,48,0,1,1
Talmage Brown,103985,HB,SO UTAH,3,0,0,298,,,,57.5,,,59.2,,,67.1,0,0,0,0,0,3,8,0,0
Jeremiah Chukwudobe,103986,HB,UC DAVIS,12,0,0,322,,,,,,,62.8,,,73.1,0,0,0,0,69,0,0,0,0
Felipe Figueroa,103988,HB,UC DAVIS,9,0,0,322,,,,,,,73.9,,,72.5,0,0,0,0,44,0,0,0,3
Prince Hall,103992,HB,WAGNER,1,0,0,338,,,,,,,60.6,,,70.7,0,0,0,0,0,9,0,1,0
Daniel Wright Jr.,103993,HB,TARLETON,2,0,0,401,,,,59.4,,,60.0,,,61.6,0,0,0,0,0,2,0,0,0
Dontae McMillan,103994,HB,WEBER ST,1,0,0,342,,,,,,,60.0,,,63.3,0,0,0,0,0,0,0,0,0
Jordan Johnson,103999,HB,ROB MORRIS,8,2,0,277,,,,59.2,,,47.7,,,73.4,1,0,0,0,19,36,27,0,0
Alijah Jackson,104000,HB,ROB MORRIS,2,0,0,277,,,,,,,60.2,,,65.3,0,0,0,0,0,7,0,0,0
Jonathan Wynn,104002,HB,ROB MORRIS,9,0,0,277,,,,55.3,,,53.7,,,69.5,1,0,0,0,0,50,22,0,0
Amir Jordan,104004,HB,ROB MORRIS,10,0,0,277,,,,38.1,,,65.3,,,74.1,0,0,0,0,0,52,33,0,1
Tre'Jon Henderson,104006,HB,STF AUSTIN,6,0,0,301,,,,,,,64.4,,,72.9,0,0,0,0,5,4,2,13,0
K.J. Franklin,104007,WR,NICHOLLS,9,0,0,243,,,,,,,62.0,47.9,,67.3,0,0,0,0,4,1,0,31,0
Ty Apana-Purcell,104013,S,PORTLAND,8,0,0,269,60.0,,,,,,58.4,,,68.2,0,0,0,11,4,0,27,0,0
Chase Norblade,104015,S,S DAK ST,9,0,0,292,60.0,,,,,,66.7,,,72.4,1,0,0,12,35,0,8,5,3
Aaron Sessions,104018,S,WEBER ST,10,0,0,342,60.0,,,,,,64.0,,,77.4,1,0,0,2,44,38,36,17,3
Rance McInnis,104020,LB,SM HOUSTON,4,0,0,281,,,,59.9,,,67.7,,,73.0,0,0,0,0,1,12,10,22,0
Immanuel Sutton,104021,S,SM HOUSTON,7,0,0,281,60.0,,,,,,64.6,,,72.3,0,0,0,1,0,5,0,13,0
Myles Heard,104023,S,STF AUSTIN,11,0,0,301,60.1,,,,,,61.7,,,65.4,0,0,0,29,3,5,0,4,0
Shawn McFarland,104028,TE,NORFOLK,2,0,0,244,,,68.5,,,,63.4,,,69.3,0,0,17,0,0,0,4,0,0
Maverick Gatrost,104030,TE,N IOWA,1,0,0,255,,,,,,,60.1,,,63.1,0,0,0,0,0,0,2,0,0
Elias Spence,104032,TE,PORTLAND,2,0,0,269,,,,,,,60.2,,,66.9,0,0,0,0,0,8,0,0,0
Tucker Kraft,104034,TE,S DAK ST,15,0,0,292,,,78.6,,,,64.5,,,65.0,0,0,88,0,0,4,0,0,0
Blake Thorpe,104038,TE,UC DAVIS,8,0,0,322,,,,,,,67.0,,,69.5,0,0,0,0,0,42,5,0,0
Evan Bearden,104039,TE,UC DAVIS,12,0,0,322,,,75.4,,,,64.2,,,65.4,0,0,60,0,1,6,0,0,0
Ernie Campbell,104042,DI,VA MILT IN,4,0,0,336,59.9,,,,,,57.7,,,70.2,0,0,0,5,0,14,0,0,0
Montavious Brini,104045,TE,ROB MORRIS,5,0,0,277,,,,59.9,,,53.3,,,29.4,0,1,0,0,10,25,0,0,1
Dylan Smith,104047,TE,ROB MORRIS,8,0,0,277,,,70.6,,,,73.5,,,67.3,0,0,32,0,0,3,33,0,2
Chad Aune,104048,TE,STF AUSTIN,12,0,0,301,,,76.8,,,,60.9,,,28.5,0,1,72,0,0,47,1,0,0
Carson Spence,104049,TE,STF AUSTIN,11,0,0,301,,,77.5,59.9,,,64.9,,,77.9,0,0,69,0,0,38,0,0,0
Ryan Waugh,104050,TE,STF AUSTIN,1,0,0,301,,,,,,,60.1,,,64.8,0,0,0,0,0,2,0,0,0
Brady Roark,104051,TE,RHODE ISLD,10,0,0,274,,,74.1,,,,58.6,,,64.6,1,0,52,0,0,7,15,0,0
Brooks Thomas,104052,WR,NICHOLLS,1,0,0,243,,,,,,,60.0,60.0,,62.1,0,0,0,0,0,0,0,1,0
Tremayne Talbert,104058,WR,NORFOLK,6,0,0,244,,,,,,,60.9,56.9,,66.2,0,0,0,0,0,0,0,22,0
Da'Quan Felton,104059,WR,NORFOLK,1,0,0,244,,,,,,,60.0,,,63.2,0,0,0,0,0,1,0,0,0
Ty Arrington,104060,WR,N COLORADO,1,0,0,253,,,,,,,60.0,,,61.1,0,0,0,0,0,1,0,0,0
Teddy Harper,104074,WR,RHODE ISLD,7,0,0,274,,,,,,,48.7,,,28.3,0,1,0,0,0,2,0,23,0
Canyon Bauer,104076,WR,S DAK ST,15,1,0,292,,,,59.9,,,71.0,,,82.1,0,0,0,0,19,32,15,59,0
Shane Dailey Jr.,104077,WR,IDAHO ST,11,0,0,186,,,,56.1,,,59.9,54.1,,72.3,0,0,0,0,1,74,8,20,0
Mason Leighton,104078,WR,S DAK ST,5,0,0,292,,,,,,,65.5,,,71.8,0,0,0,0,0,0,0,19,0
Dallin Brown,104079,WR,SO UTAH,4,0,0,298,,,,,,,39.2,,,65.7,2,0,0,0,13,1,0,1,0
Zach Molina,104083,WR,SO UTAH,2,0,0,298,,,,59.9,,,59.5,,,74.1,0,0,0,0,0,1,13,0,0
Isaiah Williams,104087,HB,SO UTAH,7,0,0,298,,,,,,,53.9,,,70.2,1,0,0,0,6,7,0,10,0
Brandon Schenks,104088,WR,SO UTAH,3,0,0,298,,,,,,,60.4,,,64.8,0,0,0,0,0,1,0,5,0
Casey Granfors,104090,WR,UC DAVIS,5,2,0,322,,,,,,,72.9,,,72.6,0,0,0,0,13,7,16,9,2
Chaz Davis,104092,WR,UC DAVIS,5,0,0,322,,,,,,,72.5,,,69.0,0,0,0,0,0,0,0,17,0
Roland Foiyoe,104096,WR,WAGNER,4,0,0,338,60.0,,,,,,63.0,,,73.6,0,0,0,2,3,16,0,4,0
Gabriel Bryan,104097,CB,WAGNER,6,0,0,338,59.8,,,,,,65.3,,,69.7,0,0,0,30,7,0,0,12,1
Nicholas Cartwright-Atkins,104098,WR,WAGNER,4,0,0,338,,,,,,,60.0,,,74.3,0,0,0,0,3,30,0,2,0
Eric Castorina,104099,WR,WAGNER,8,0,0,338,,,,,,,59.6,,,77.4,0,0,0,0,10,29,16,19,0
Haze Hadley,104101,WR,WEBER ST,7,0,0,342,,,,76.8,,,90.3,79.1,,67.7,0,0,0,0,2,16,0,15,1
Jon Christensen,104103,WR,WEBER ST,10,0,0,342,,,,,,,65.6,,,76.2,0,0,0,0,12,5,29,25,1
Ryan Humphries,104105,WR,SM HOUSTON,12,0,0,281,,,67.9,61.8,,,68.8,60.0,,83.4,1,0,75,0,29,20,0,65,1
Christian Graves,104106,WR,MOREHEAD,8,0,0,234,,,,,,,60.7,,,72.3,0,2,0,0,0,43,0,9,0
Ife Adeyi,104107,WR,SM HOUSTON,3,0,0,281,,,,62.3,,,56.7,,,63.3,0,0,0,0,0,10,0,0,0
Noah Smith,104112,HB,SM HOUSTON,3,0,0,281,,,,58.0,,,60.3,,,64.4,0,0,0,0,4,9,0,0,0
Leroy Thomas,104113,WR,VA MILT IN,3,0,0,336,,,,,,,58.5,,,65.0,0,0,0,0,0,3,1,0,0
Max Brimigion,104117,WR,VA MILT IN,10,0,0,336,,,,58.4,,,51.9,,,29.0,0,1,0,0,0,45,0,27,0
Kyser Samuel,104118,CB,VA MILT IN,8,0,0,336,60.1,,,,,,45.5,,,29.2,1,1,0,4,21,1,32,18,0
Tice Toomy,104119,T,VA MILT IN,3,0,0,336,,,,,,,60.4,,,65.8,0,0,0,0,0,11,0,0,0
Jack Caussin,104120,WR,VA MILT IN,11,0,0,336,,,74.9,,,,64.1,,,78.8,0,1,58,0,19,66,15,33,1
Demonte Martin,104122,WR,ROB MORRIS,9,0,0,277,60.0,,,61.8,,,60.1,,,50.2,1,1,0,1,0,46,44,21,1
Bryce Bevins,104125,WR,ROB MORRIS,1,0,0,277,,,,,,,59.9,,,66.9,0,0,0,0,1,0,4,0,0
Tavin Harville,104128,CB,ROB MORRIS,10,0,0,277,60.0,,,,,,62.5,,,71.7,0,0,0,47,1,1,0,9,0
Ethan Frenchik,104129,S,ROB MORRIS,5,0,0,277,,,,,,,72.6,,,69.4,0,0,0,0,14,20,0,0,0
Anthony Dellefemine,104131,WR,YNGTOWN ST,1,0,0,353,,,,,,,60.0,,,63.6,0,0,0,0,0,1,0,0,0
Michael Evans Jr.,104132,WR,ROB MORRIS,2,0,0,277,,,,,,,59.8,,,66.3,0,0,0,0,0,10,0,0,0
Xavier Gipson,104136,WR,STF AUSTIN,11,0,0,301,,,,59.9,,,62.9,73.3,,69.4,0,0,0,0,11,2,1,49,0
Emanuel Dabney,104140,CB,ALCORN ST,1,0,0,107,60.0,,,,,,60.0,,,60.8,0,0,0,1,0,0,0,0,0
Tayvion Land,104141,CB,NORFOLK,10,0,0,244,59.7,,,,,,62.0,,,73.1,0,0,0,32,0,0,0,8,0
Domonhic Jennings,104161,HB,LIUSHAR,1,0,0,1298,,,,,,,60.0,,,63.3,0,0,0,0,0,3,0,0,0
Renaldo Flowers Jr.,104177,ED,FL A&M,3,0,0,164,59.7,,,,,,61.9,,,67.2,0,0,0,3,0,0,0,4,0
Julius Duarte,104184,K,FL A&M,2,0,0,164,,,,,52.6,,60.0,,,68.4,0,0,0,0,5,0,0,0,0
Jonah Kim,104189,DI,IDAHO,11,0,0,185,58.8,,73.0,,,,62.1,,,69.8,0,0,46,27,0,0,0,0,0
Noah Elliss,104190,DI,IDAHO,9,0,0,185,58.8,,,,,,59.0,,,66.7,0,0,0,29,0,0,0,0,0
Jacorian Wren,104196,ED,ALCORN ST,11,0,0,107,58.3,,73.2,,,,57.4,,,31.0,0,1,45,38,0,0,0,9,0
Will Ready,104209,G,ALCORN ST,10,0,0,107,,,75.8,,,,63.0,,,64.8,0,0,42,0,0,0,4,0,0
Ivin White Jr.,104212,ED,ALCORN ST,5,0,0,107,58.8,,,,,,59.1,,,66.0,0,0,0,12,0,0,0,2,0
Jaylon Pitts,104213,S,ALCORN ST,5,1,0,107,60.0,,,,,,59.5,,,75.3,2,0,0,3,23,0,25,15,0
Nic Cheeley,104225,S,E KENTUCKY,11,0,0,159,59.8,,,,,,59.1,,,45.9,1,1,0,9,13,54,45,45,2
Cally Chizik,104226,S,FURMAN,1,1,0,170,,,,,,,68.8,,,70.6,0,0,0,0,7,0,0,0,0
Kam Brinson,104227,S,FURMAN,10,0,0,170,59.9,,,,,,65.4,,,79.4,0,0,0,9,14,2,22,45,1
Dylan DeCuire,104228,CB,PRVIEW A&M,9,2,0,270,60.0,,,,,,67.7,,,76.2,2,0,0,3,46,0,35,19,6
Kriston Davis,104229,CB,SOUTHERN U,5,0,0,297,59.8,,,,,,63.5,,,68.7,0,0,0,2,15,0,0,3,0
PJ Jules,104232,CB,S ILLINOIS,13,0,0,295,59.2,,,,,,61.0,,,74.0,0,0,0,56,1,9,0,9,0
Jaedon Joyner,104237,CB,WM & MARY,8,0,0,348,59.8,,,,,,67.6,,,73.0,1,0,0,6,0,0,20,8,1
Tavian Montgomery,104239,CB,N ARIZONA,9,0,0,252,59.6,,,,,,63.3,,,79.2,0,0,0,12,30,0,24,26,0
Deiontre Nixon,104240,CB,CHARLES SO,3,0,0,135,,,,,,,58.7,,,71.8,0,0,0,0,5,4,8,7,1
Lawson Cook,104241,S,CHARLES SO,7,2,0,135,60.0,,,,,,73.4,,,30.0,0,1,0,4,19,6,22,6,2
Cody Cline,104243,S,CHARLES SO,6,0,0,135,59.7,,,,,,62.2,,,70.0,0,0,0,23,1,0,0,5,0
Trayson Fowler,104245,S,CHARLES SO,9,0,0,135,60.0,,,,,,68.6,,,85.5,0,0,0,4,26,50,23,47,1
Dylan Jones,104246,CB,CHARLES SO,1,0,0,135,,,,,,,67.7,,,64.6,0,0,0,0,1,0,0,0,1
Nile Hill,104248,S,E ILLINOIS,11,0,0,158,,,,,,,70.1,,,79.3,0,0,0,0,38,40,11,42,2
Matt Ross,104250,WR,VALPO,11,1,0,332,59.0,,,,,,76.0,,,48.7,3,2,0,4,58,61,56,49,11
Brandon Guido,104252,CB,E ILLINOIS,5,0,0,158,,,,,,,65.4,,,71.6,0,0,0,0,17,0,0,1,0
Jaden Woods,104256,S,E KENTUCKY,11,0,0,159,59.7,,,,,,61.7,,,67.3,0,0,0,39,0,0,1,15,0
Nasir McNair,104258,CB,FORDHAM,8,0,0,168,59.3,,,,,,61.2,,,70.8,0,0,0,28,0,0,0,6,0
Jackson Barletta,104260,LB,FORDHAM,1,0,0,168,60.0,,,,,,60.2,,,63.8,0,0,0,5,0,0,0,0,0
Stephen Williams II,104261,S,FORDHAM,11,1,0,168,59.9,,,,,,68.9,,,75.0,0,0,0,23,65,10,34,10,3
Parker Spillers,104262,LB,FORDHAM,7,0,0,168,60.0,,,,,,65.9,,,81.4,0,0,0,12,7,12,0,16,0
B.J. Ferguson,104263,S,FORDHAM,11,0,0,168,59.9,,,,,,67.2,,,43.8,1,2,0,13,68,47,31,32,7
Je'Cory Burks,104272,CB,KENNESAW,13,0,0,200,72.6,,,,,,79.3,,,76.7,0,0,0,33,12,0,0,29,2
Camari Louis,104277,S,ALABAMA ST,3,0,0,105,59.8,,,,,,64.3,,,90.0,0,0,0,7,4,0,0,3,0
Donte Justice,104278,CB,KENNESAW,8,0,0,200,59.6,,,,,,66.2,,,73.8,1,0,0,8,42,0,3,7,3
Cade Loden,104279,S,KENNESAW,10,0,0,200,59.8,,,,,,62.2,,,73.9,0,0,0,3,7,35,16,36,0
Myles Taylor,104281,LB,MERRIMACK,1,0,0,385,60.0,,,,,,60.7,,,63.5,0,0,0,1,4,0,0,0,0
Robby Riobe,104282,S,MAINE,5,0,0,212,59.8,,,,,,62.3,,,65.7,0,0,0,15,0,0,0,10,0
Eli Johnson,104287,CB,MCNEESE,6,0,0,217,,,,,,,63.0,,,78.2,0,0,0,0,9,31,27,19,0
Darius Shields,104288,CB,MCNEESE,4,0,0,217,,,,,,,53.4,,,75.7,2,0,0,0,15,18,17,12,0
Herbert Booker,104295,CB,NC A&T,9,0,0,246,60.0,,,,,,60.5,,,29.8,0,2,0,6,40,46,0,14,4
Aaron Harris,104296,CB,NC A&T,10,0,0,246,59.6,,,72.1,,,74.4,,,78.1,0,0,0,10,41,1,9,37,4
Janaz Sumpter,104298,S,NC A&T,7,1,0,246,60.3,,,,,,58.8,,,28.0,0,1,0,7,29,0,0,10,1
Daego Albert,104300,S,N COLORADO,10,0,0,253,59.7,,,,,,59.9,,,53.9,3,1,0,3,30,0,63,25,3
Amelec Juntunen,104301,S,N ARIZONA,5,0,0,252,,,,,,,73.5,,,68.2,0,0,0,0,12,0,1,0,2
Ty Furr,104304,S,N ARIZONA,3,0,0,252,60.0,,,,,,40.2,,,72.3,4,0,0,1,20,15,8,2,0
Eddie McClendon,104306,CB,N ARIZONA,8,0,0,252,60.0,,,,,,66.8,,,70.5,0,0,0,7,21,0,0,4,1
Roland Williams III,104308,CB,ABILENE CH,10,0,0,100,59.3,,,,,,68.5,,,83.1,0,0,0,31,50,0,8,41,1
Gio Seigler,104309,S,RICHMOND,6,0,0,276,60.0,,,,,,61.8,,,72.4,1,0,0,1,26,0,31,2,3
Dermot McDonough,104310,CB,RICHMOND,2,0,0,276,,,,,,,42.5,,,24.9,0,1,0,0,4,0,0,0,0
Kainalu Martin,104312,S,SACRAMENTO,1,0,0,279,,,,,,,61.2,,,66.2,0,0,0,0,1,0,0,2,0
Gavin Davis-Smith,104313,S,SACRAMENTO,11,0,0,279,60.1,,,,,,56.1,,,29.4,0,1,0,5,7,28,7,27,0
Dominick Sanders,104317,CB,SACRAMENTO,12,0,0,279,59.4,,,,,,62.7,,,72.6,0,0,0,25,0,0,0,19,0
Robert Ford III,104319,S,S DAKOTA,1,0,0,291,,,,,,,60.2,,,65.0,0,0,0,0,0,0,0,3,0
Glenn Brown,104323,CB,SOUTHERN U,8,0,1,297,59.3,,,,,,51.2,,,28.6,0,1,0,35,0,0,0,9,0
Robert Rhem III,104324,CB,SOUTHERN U,10,0,0,297,59.3,,,,,,61.5,,,73.6,0,0,0,35,0,0,0,7,0
Jordan Jackson,104327,CB,STNY BROOK,11,1,0,303,59.9,,,,,,66.2,,,80.7,1,0,0,13,44,46,0,49,1
Justin Reese,104328,CB,STNY BROOK,6,0,0,303,,,,,,,60.9,60.0,,76.5,0,0,0,0,3,24,0,28,0
Fondren Hollis III,104331,CB,TENN STATE,1,0,0,308,,,,,,,60.9,,,65.9,0,0,0,0,3,0,0,0,0
Christian Smith,104332,S,TENN STATE,11,0,0,308,59.6,,,,,,63.8,,,60.5,5,1,0,27,46,1,65,50,6
David Dorsey,104335,CB,TENN STATE,4,0,0,308,,,,,,,44.9,,,27.3,0,2,0,0,14,12,15,16,1
Vincent Guy,104337,CB,TENN MARTN,13,0,0,310,59.7,,,,,,61.3,,,75.0,0,0,0,8,18,54,0,17,0
Jack Lucas,104338,S,TENN MARTN,12,0,0,310,,,,,,,53.2,,,29.0,0,1,0,0,6,53,0,0,0
Chrishun Jackson,104339,CB,BETH COOK,10,0,0,119,59.9,,,,,,60.1,,,72.2,1,0,0,20,1,0,57,3,2
Dorian Davis,104347,S,S ILLINOIS,12,0,0,295,60.0,,,,,,56.0,,,75.3,0,0,0,2,14,53,1,33,1
Micah Nelson,104348,ED,W CAROLINA,11,0,0,344,59.7,,,,,,68.9,,,71.6,0,0,0,56,0,25,54,6,0
Josh Reliford,104352,S,TENN TECH,11,0,0,309,60.2,,,,,,59.7,,,71.0,0,0,0,55,0,9,35,6,1
Jamaal Singleton,104353,CB,TENN TECH,11,0,0,309,59.7,,,,,,60.9,,,72.9,0,0,0,6,36,61,4,2,1
Jamal Boyd,104354,S,TENN TECH,10,0,0,309,60.1,,,,,,55.6,,,30.7,2,1,0,39,35,0,26,30,3
Cameron Hudson,104356,CB,TENN TECH,6,0,0,309,59.4,,,,,,74.2,,,72.5,0,0,0,23,0,0,21,2,2
Samari Burns,104357,S,TENN TECH,8,1,0,309,59.9,,,,,,57.7,,,29.4,0,1,0,18,31,1,0,8,1
Christian Watson,104358,CB,TENN TECH,11,1,0,309,59.6,,,,,,75.5,,,83.2,0,0,0,7,38,7,63,49,3
Jake Huner,104361,S,TENN TECH,11,0,0,309,60.0,,,,,,61.8,,,81.2,1,0,0,3,41,60,0,50,1
Antonio Smith,104364,ED,TARLETON,4,0,0,401,,,,,,,63.0,,,68.5,0,0,0,0,8,1,0,3,0
Jack Barton,104365,DI,FURMAN,11,0,0,170,59.1,,75.3,,,,65.3,,,76.2,0,0,53,3,0,0,0,0,0
Earenest Grayson III,104367,ED,MCNEESE,10,0,0,217,59.3,,,,,,75.1,,,72.1,0,0,0,18,46,12,0,0,6
Logan Sonnier,104368,ED,MCNEESE,1,0,0,217,,,,,,,60.2,,,66.4,0,0,0,0,0,5,0,0,0
Janorris Robertson,104369,ED,NC A&T,6,0,0,246,59.2,,,,,,59.4,,,64.8,0,0,0,10,0,0,0,0,0
Nate Thurman,104373,ED,S ILLINOIS,6,1,0,295,,,,,,,58.8,,,69.6,1,0,0,0,26,0,0,0,0
Miles Younger,104375,ED,ARKAPB,9,0,1,112,59.0,,,,,,54.3,,,73.9,1,1,0,23,0,0,31,6,0
Ja'Courtney Snipes,104378,DI,CHARLES SO,9,0,0,135,59.1,,,,,,59.6,,,70.5,0,0,0,21,0,0,54,5,0
Charlie Brooks,104379,DI,NC CENT,3,0,0,247,59.1,,,,,,59.8,,,65.0,0,0,0,3,0,0,0,1,0
Cameron Leach,104382,DI,E ILLINOIS,11,0,0,158,57.6,,,,,,61.3,,,71.7,0,0,0,43,0,0,33,7,2
Tim Varga,104383,ED,E ILLINOIS,11,0,0,158,58.7,,64.9,,,,61.2,,,75.2,0,0,15,40,0,0,10,3,0
Josiah Ezirim,104385,DI,E KENTUCKY,8,0,0,159,,,71.9,,,,65.0,,,74.5,0,0,36,0,0,0,0,0,0
Tom Callahan,104388,DI,FORDHAM,11,0,0,168,,,82.3,,,76.0,74.3,,,67.2,0,0,57,0,0,1,53,0,0
John Turley,104389,ED,FORDHAM,2,0,0,168,59.6,,,,,,60.2,,,64.3,0,0,0,1,0,0,0,1,0
Elisha Armstrong,104390,ED,FORDHAM,3,0,0,168,59.7,,,,,,60.4,,,64.5,0,0,0,2,0,0,0,1,0
Devonta Davis,104393,DI,JACKSON ST,5,0,0,194,59.4,,,,,,61.6,,,67.3,0,0,0,3,0,0,0,4,0
Demetric Barnes,104395,ED,KENNESAW,6,0,0,200,59.6,,60.0,,,,61.1,,,65.7,0,0,4,10,0,0,0,2,0
Kerick Reese,104397,ED,KENNESAW,9,0,0,200,60.0,,,,,,60.6,,,66.4,0,0,0,19,0,0,0,0,0
Joel Parker,104398,ED,KENNESAW,7,0,0,200,59.5,,,,,,60.2,,,64.6,0,0,0,16,0,0,12,0,0
Khairi Manns,104402,ED,MAINE,11,0,0,212,58.9,,,59.9,,,66.1,,,30.2,0,1,0,24,44,42,2,26,4
Arthur Lott,104403,DI,MCNEESE,10,0,0,217,59.3,,71.5,,,,62.9,,,65.3,0,0,39,2,0,0,54,0,0
Tay Carothers,104405,CB,MURRAY ST,4,0,0,236,59.6,,,,,,62.7,,,71.7,0,0,0,13,6,13,0,10,0
Izaiah Reed,104407,DI,MURRAY ST,6,0,0,236,58.5,,,,,,60.2,,,71.8,0,0,0,13,0,0,0,5,0
CJ Barnes,104410,ED,MURRAY ST,10,0,0,236,59.4,,,,,,61.2,,,67.2,0,0,0,14,0,0,0,7,0
Melik Ward,104411,FB,NC A&T,9,0,0,246,,,,,,,58.7,,,67.5,0,0,0,0,0,0,49,0,0
Eloi Kwete,104413,ED,N ARIZONA,11,0,0,252,58.9,,,,,,60.9,,,70.5,0,0,0,40,0,0,0,15,0
Detrick Gammage,104415,ED,N ARIZONA,7,0,0,252,59.1,,,,,,61.1,,,67.4,0,0,0,10,0,0,0,6,0
Mark Ho Ching,104416,DI,N ARIZONA,10,0,0,252,57.8,,,,,,59.1,,,71.9,0,0,0,32,0,0,0,11,0
Desmond Obi,104420,ED,PRVIEW A&M,7,0,0,270,85.5,,,,,,87.8,,,67.6,0,0,0,7,5,0,0,2,0
Derrick Richardson,104422,TE,PRVIEW A&M,10,0,0,270,,,60.0,,,,73.9,,,91.4,1,0,2,0,35,39,0,0,2
Marlem Louis,104423,ED,RICHMOND,9,0,0,276,58.8,,70.9,,,,64.9,,,69.6,1,0,33,24,30,0,14,9,1
Louis Montana,104425,DI,RICHMOND,1,0,0,276,,,,,,,60.0,,,64.7,0,0,0,0,0,0,0,1,0
Marshaun Hunter,104426,ED,SACRAMENTO,3,0,0,279,59.9,,60.0,,,,71.0,,,69.0,0,0,6,4,13,16,0,1,1
Brandon Knott,104427,DI,SACRAMENTO,10,0,0,279,58.9,,69.6,,,,62.2,,,67.0,0,0,31,13,0,0,0,5,0
Leke Fashola,104428,DI,SACRAMENTO,10,0,0,279,59.1,,69.5,,,,63.2,,,68.1,0,0,31,14,0,0,0,7,0
Tyler Hardeman,104429,DI,SACRAMENTO,11,0,0,279,59.0,,,,,,61.1,,,71.4,0,0,0,22,0,0,0,16,0
Jason Samec,104430,DI,S DAKOTA,1,0,0,291,59.7,,,,,,60.0,,,61.8,0,0,0,1,0,0,0,0,0
Nick Gaes,104432,DI,S DAKOTA,12,0,0,291,78.0,,66.6,,,,80.9,,,74.7,0,0,19,22,0,0,0,15,0
Lucas Becker,104433,DI,S DAKOTA,6,0,0,291,59.6,,70.3,,,,63.5,,,67.4,0,0,30,1,0,0,3,0,0
Blake Holden,104434,DI,S DAKOTA,2,0,0,291,59.0,,,,,,59.1,,,63.1,0,0,0,2,0,0,0,0,0
Keith Winfrey,104435,DI,STNY BROOK,3,0,0,303,59.0,,,,,,59.1,,,63.8,0,0,0,5,0,0,0,0,0
Dakar Edwards,104437,DI,STNY BROOK,9,0,0,303,58.5,,,,,,59.4,,,67.8,0,0,0,25,0,0,0,5,0
Jamarius Landers,104439,ED,TENN MARTN,13,0,0,310,59.1,,,,,,61.8,,,69.1,0,0,0,18,0,0,0,17,0
Traquan McNair,104442,DI,TENN MARTN,1,0,0,310,59.6,,,,,,59.8,,,62.4,0,0,0,1,0,0,0,0,0
Tre' Jolly,104445,ED,W CAROLINA,2,0,0,344,59.6,,,,,,61.4,,,67.5,0,0,0,2,0,0,0,6,0
Darrius Bell,104446,ED,W CAROLINA,4,0,0,344,59.9,,,,,,62.5,,,75.7,0,0,0,5,0,0,0,3,0
Aidan Alston,104448,G,W CAROLINA,6,0,0,344,,,74.7,,,,64.1,,,64.8,0,0,37,0,0,0,1,0,0
Evan De Buglio,104451,DI,WM & MARY,5,0,0,348,58.5,,,,,,58.3,,,65.7,0,0,0,24,0,0,0,0,0
Nate Lynn,104452,ED,WM & MARY,7,0,0,348,58.5,,,,,,59.1,,,66.7,0,0,0,17,0,0,0,4,0
Christian Cantrell,104453,DI,TENN TECH,10,0,0,309,58.0,,,,,,58.0,,,67.6,0,0,0,29,0,0,0,2,0
Michael Dixon,104454,ED,TENN TECH,3,0,0,309,59.4,,,,,,61.1,,,66.0,0,0,0,8,0,0,0,4,0
Henry Karimu,104455,ED,TENN TECH,5,0,0,309,59.1,,,,,,59.7,,,64.8,0,0,0,9,0,0,0,2,0
Kail Dava,104456,DI,TENN TECH,11,0,0,309,59.3,,70.4,,,,64.7,,,70.4,0,0,34,31,0,0,63,2,1
Terray Jones,104461,DI,TENN STATE,11,0,0,308,58.1,,,,,,58.1,,,68.6,0,0,0,45,0,0,0,3,0
Cameron Stewart,104462,DI,TENN STATE,6,0,0,308,58.6,,60.0,,,,58.9,,,65.2,0,0,2,10,0,0,0,1,0
Tariq Mulmore,104464,S,PRVIEW A&M,9,1,0,270,59.9,,,,,,80.5,,,76.2,2,0,0,18,34,0,26,19,11
Jackson Sailliez,104467,G,S ILLINOIS,4,0,0,295,,,66.9,,,,62.9,,,64.3,0,0,13,0,0,0,0,0,0
Dan Scianna,104470,LB,FURMAN,8,1,0,170,60.1,,,,,,63.3,,,68.4,0,0,0,11,7,0,19,0,0
Nicky Kuzemka,104471,LB,FURMAN,9,0,0,170,60.1,,,,,,64.4,,,88.3,0,0,0,43,0,0,0,2,0
Nathaniel Toole,104472,K,CHARLES SO,8,0,0,135,,64.3,,,55.9,,62.0,,,73.1,1,0,6,0,27,0,0,0,2
Stone Galloway,104473,K,E ILLINOIS,9,0,0,158,,62.3,,,,,42.3,,,27.4,0,1,28,0,0,0,0,0,0
Michael Bernard,104475,K,FORDHAM,9,0,0,168,,,,,65.4,,63.2,,,76.8,0,0,0,0,54,0,0,0,0
Zaden Webber,104479,P,MURRAY ST,11,1,0,236,,,,,73.7,,63.0,,,76.3,0,0,0,0,49,0,0,0,0
Jake Larson,104482,K,RICHMOND,10,0,0,276,,63.5,,,65.6,,63.2,,,74.6,0,0,41,0,50,0,0,0,0
Kyle Sentkowski,104483,K,SACRAMENTO,12,0,0,279,,86.6,,,52.2,,61.9,,,68.9,1,1,64,0,8,0,0,0,0
Martell Fontenot,104485,K,SOUTHERN U,10,0,0,297,,69.5,,,,,62.9,,55.0,73.4,0,0,10,0,0,0,44,0,0
Angelo Guglielmello,104486,K,STNY BROOK,11,0,0,303,,55.6,,,50.8,,63.0,,,73.8,0,0,36,0,43,0,0,0,2
Mike Boyle,104487,K,STNY BROOK,3,0,0,303,,64.2,60.0,,,,60.3,,,62.8,0,0,7,0,0,0,0,0,0
Tyler Larco,104488,K,TENN MARTN,13,0,0,310,,60.8,,,65.2,,65.0,,53.4,80.6,0,1,66,0,74,0,63,0,1
Austin Harpenau,104489,K,SE MO ST,1,0,0,293,,60.0,,,,,60.0,,,61.7,0,0,1,0,0,0,0,0,0
Devin Parker,104491,K,TENN TECH,4,0,0,309,,60.0,,,54.7,,60.2,,,69.8,0,0,1,0,9,0,0,0,0
Noah Anderson,104499,P,JACKSON ST,2,0,0,194,,66.7,,,,,60.0,,,63.9,0,0,7,0,0,0,0,0,0
Brandon Dickerson,104500,P,W CAROLINA,11,0,0,344,,,66.1,,,,63.2,,61.1,72.0,0,0,47,0,0,0,47,0,0
Jake Lanford,104502,LB,CHARLES SO,2,0,0,135,,,,,,,47.3,,,64.7,1,0,0,0,9,0,0,0,0
Jerome Rice III,104506,LB,CHARLES SO,9,0,0,135,59.8,,,,,,58.8,,,74.3,0,0,0,38,0,15,0,5,0
Justin Holsclaw,104509,LB,CHARLES SO,3,0,0,135,,,,,,,59.8,,,69.7,0,0,0,0,6,14,0,0,0
Joel Barrows,104510,ED,E ILLINOIS,1,0,0,158,,,,59.6,,,60.4,,,69.1,0,0,0,0,0,7,0,3,0
Ameer Aqel,104511,ED,E ILLINOIS,2,0,0,158,,,,,,,60.0,,,65.9,0,0,0,0,0,9,0,0,0
Jason Johnson,104514,LB,E ILLINOIS,11,0,0,158,59.7,,,,,,68.1,,,76.1,0,0,0,55,4,0,56,11,2
Kaleb Lundy,104516,LB,E KENTUCKY,10,0,0,159,59.7,,,,,,62.5,,,73.4,0,0,0,8,0,18,0,36,0
Jestohn Moore,104518,ED,FORDHAM,1,0,0,168,,,,,,,61.3,,,66.2,0,0,0,0,4,5,0,1,0
Nick Villis,104519,ED,FORDHAM,2,0,0,168,59.8,,,,,,60.9,,,65.9,0,0,0,1,0,0,0,2,0
Bryce McCormick,104521,LB,FURMAN,11,0,0,170,59.9,,,59.4,,,63.4,,,77.2,1,0,0,3,31,54,42,8,3
Khalil Arrington,104524,LB,JACKSON ST,12,0,0,194,60.0,,,59.9,,,70.3,,,84.2,3,0,0,1,62,46,55,67,10
Keith Lopez,104526,ED,JACKSON ST,2,0,0,194,,,,,,,90.5,,,71.1,0,0,0,0,0,6,9,12,0
William Jenkins,104528,LB,KENNESAW,4,0,0,200,60.0,,,,,,70.3,,,72.4,0,0,0,1,14,9,0,6,2
Xavier Nurse,104531,LB,MAINE,11,0,0,212,60.4,,,,,,64.6,,,73.8,1,0,0,49,54,0,22,18,3
Jake LaFleur,104536,LB,MCNEESE,3,0,0,217,60.0,,,,,,60.2,,,64.0,0,0,0,2,0,1,0,0,0
Tyrell Flugence,104540,DI,MCNEESE,9,0,0,217,,,,,,,65.7,,,79.3,0,0,0,0,0,35,0,32,0
Alex Fumbah,104545,LB,NC A&T,8,0,0,246,59.6,,,,,,60.5,,,66.7,0,0,0,20,0,2,0,2,0
Jacob Roberts,104546,LB,NC A&T,10,0,0,246,73.3,,60.0,,,,90.1,,,29.4,0,1,1,38,0,0,3,36,0
Jhasi Wilson,104548,LB,N ARIZONA,11,2,0,252,59.7,,,,,,74.7,,,73.3,0,0,0,12,1,56,68,5,3
Jonathan Hunter,104553,LB,N ARIZONA,5,0,0,252,,,,,,,48.4,,,72.2,1,0,0,0,21,0,11,1,1
Harrison Beemiller,104555,LB,N ARIZONA,11,0,0,252,59.9,,,,,,61.9,,,70.7,1,0,0,45,0,3,66,18,1
Tre'Shaud Smith,104556,LB,PRVIEW A&M,11,0,0,270,59.4,,,,,,86.6,,,73.4,0,0,0,34,0,0,0,17,0
Kenden Jones,104557,ED,PRVIEW A&M,7,1,0,270,59.5,,,,,,67.0,,,77.5,2,0,0,6,33,30,29,19,4
Tre'Vion Green,104559,LB,PRVIEW A&M,11,0,0,270,59.5,,,,,,64.4,,,75.4,0,0,0,24,1,14,8,50,0
Xavier Marshall,104561,LB,RICHMOND,7,0,0,276,59.9,,,,,,63.5,,,66.6,0,0,0,28,3,0,0,21,0
Tristan Wheeler,104562,LB,RICHMOND,10,0,0,276,60.1,,,,,,75.5,,,73.8,0,0,0,36,49,0,10,24,5
Marcus Hawkins,104563,LB,SACRAMENTO,12,1,0,279,59.3,,,,,,76.5,,,80.1,0,0,0,27,32,0,0,22,4
Dylan Jorge,104564,LB,SACRAMENTO,9,0,0,279,59.6,,,,,,67.0,,,71.0,1,0,0,3,54,0,6,3,3
Jason Simon-Ressler,104566,ED,S DAKOTA,10,0,0,291,59.8,,69.7,,,,57.9,,,69.9,1,0,28,2,4,15,3,3,0
Stephen Hillis,104570,LB,S DAKOTA,12,1,0,291,59.8,,,,,,69.3,,,88.2,1,0,0,4,62,53,60,47,3
Clarens Legagneur,104576,LB,STNY BROOK,5,0,0,303,60.0,,,,,,61.8,,,67.4,0,0,0,1,1,4,0,4,0
Tevin Shipp,104582,LB,TENN MARTN,12,0,0,310,59.7,,,,,,67.8,,,42.7,1,1,0,10,65,0,46,4,3
Jermaine Cooley,104583,ED,TENN MARTN,8,0,0,310,59.8,,,,,,65.6,,,69.6,0,0,0,1,35,5,0,0,2
Chris Hunter Jr.,104585,LB,TENN MARTN,13,0,0,310,59.8,,,54.5,,,62.8,,,50.0,0,1,0,13,35,58,9,21,2
Jayden Pauling,104587,ED,W CAROLINA,3,0,0,344,59.8,,,,,,60.1,,,64.7,0,0,0,10,0,0,0,0,0
Nick D'Ambra,104590,FB,W ILLINOIS,11,1,0,345,,,84.2,59.9,,83.6,79.9,,,81.4,2,0,43,0,51,78,68,45,4
Mike Kaufman,104591,LB,W ILLINOIS,3,0,0,345,,,,59.9,,,62.8,,,72.6,0,0,0,0,0,17,0,5,0
Drew Babcock,104593,LB,WM & MARY,10,0,0,348,,,,,,,65.0,,,37.5,0,1,0,0,47,44,36,32,4
Brayden Staib,104594,LB,WM & MARY,10,0,0,348,59.8,,,,,,68.4,,,78.4,0,0,0,10,41,33,43,25,4
Xavier Washington,104596,LB,TENN TECH,8,0,0,309,59.6,,,,,,63.8,,,69.4,0,0,0,17,1,1,9,6,1
Clay Massengille,104597,LB,TENN TECH,7,0,0,309,,,,,,,40.6,,,27.3,0,2,0,0,0,41,0,17,0
Heath Price,104600,TE,TENN TECH,11,0,0,309,,,60.0,,,,70.3,,,73.8,0,0,1,0,8,67,0,3,0
Dustin Cognetti,104606,LS,SACRAMENTO,12,0,0,279,,,39.9,,,0.0,41.7,,,63.8,0,0,64,0,0,0,2,0,0
Kevin Thompson,104608,LS,W CAROLINA,11,1,0,344,,,87.2,,,57.3,60.7,,,67.0,1,0,56,0,0,0,54,0,0
Jacob Johanning,104612,G,FURMAN,7,0,0,170,,,60.0,,,,60.5,,,67.1,0,0,4,0,0,0,33,0,0
Wyatt Hughes,104613,G,FURMAN,4,0,0,170,,,,,,,60.5,,,65.7,0,0,0,0,0,0,17,0,0
Mayson Harris,104616,G,TENN STATE,6,0,0,308,,,68.2,,,,63.2,,,63.7,0,0,23,0,0,0,0,0,0
Joshua Crump,104619,G,CHARLES SO,5,0,0,135,,,15.6,,,,28.9,,,64.0,0,0,19,0,0,0,0,0,0
Jacob Tylski,104621,T,CHARLES SO,9,0,0,135,,,72.7,,,,65.3,,,75.2,0,0,39,0,0,0,0,0,0
Anthony Imperio,104622,T,E ILLINOIS,8,0,0,158,,,69.2,,,,63.4,,,65.0,0,0,26,0,0,0,0,0,0
Chad Strickland,104624,T,E ILLINOIS,8,0,0,158,,,67.3,,,,62.5,,,69.2,0,0,19,0,0,0,40,0,0
Elkhanan Tanelus,104625,G,E ILLINOIS,4,0,0,158,,,65.7,,,,62.4,,,67.7,0,0,12,0,0,0,16,0,0
Payton Collins,104632,T,E KENTUCKY,3,0,0,159,,,63.5,,,,62.4,,,69.8,0,0,10,0,0,0,0,0,0
Tex Bailey,104633,T,E KENTUCKY,11,0,0,159,,,73.7,,,,60.5,,,68.0,1,0,50,0,0,0,65,0,0
Aidan McCarty,104637,G,FORDHAM,1,0,0,168,,,60.0,,,,60.6,,,61.5,0,0,2,0,0,0,0,0,0
Ryan Joyce,104638,G,FORDHAM,11,0,0,168,,,77.8,,,,65.1,,,65.8,0,0,55,0,0,0,26,0,0
Nolan Aloia,104640,T,FORDHAM,5,0,0,168,,,68.9,,,,63.6,,,69.9,0,0,18,0,0,0,0,0,0
Lucas Portes,104641,G,FORDHAM,11,0,0,168,,,74.9,,,,64.9,,,73.8,0,0,55,0,0,0,24,0,0
Wyatt Klawiter,104642,G,FORDHAM,1,0,0,168,,,60.0,,,,60.0,,,61.3,0,0,2,0,0,0,0,0,0
Antwann Fann,104647,G,W CAROLINA,3,0,0,344,,,64.8,,,,61.3,,,63.2,0,0,9,0,0,0,1,0,0
Jake Lassiter,104648,T,KENNESAW,11,0,0,200,,,76.0,,,,65.4,,,76.6,0,0,57,0,0,0,24,0,0
Hayden Shaw,104662,G,MCNEESE,10,0,0,217,,,73.5,,,,65.5,,,75.5,0,0,43,0,0,0,0,0,0
Cesar Minarro,104668,G,NC A&T,10,0,0,246,,,74.7,,,,65.2,,,72.2,0,0,40,0,0,0,0,0,0
Noah Barta,104671,G,N ARIZONA,10,0,0,252,,,77.0,,,,65.3,,,64.1,0,0,49,0,0,0,0,0,0
Maxwell Flores,104673,G,N ARIZONA,11,0,0,252,,,76.3,,,,65.7,,,73.1,0,0,50,0,0,0,0,0,0
Clayton Ingram,104676,T,MO STATE,7,0,0,230,,,72.1,,,,64.2,,,67.4,0,0,40,0,0,0,0,0,0
Arrington Taylor,104677,G,PRVIEW A&M,9,0,0,270,,,72.8,,,,64.8,,,74.6,0,0,40,0,0,0,0,0,0
Nicholas Wiseman,104678,G,PRVIEW A&M,2,0,0,270,,,60.0,,,,61.0,,,64.2,0,0,2,0,0,0,7,0,0
Gary Walton,104679,T,PRVIEW A&M,3,0,0,270,,,66.8,,,,63.1,,,65.9,0,0,20,0,0,0,0,0,0
Javious Bardney,104682,T,PRVIEW A&M,8,0,0,270,,,70.6,,,,53.4,,,27.6,0,1,35,0,0,0,0,0,0
Tom Elia,104686,C,RICHMOND,9,0,0,276,,,74.0,,,,64.5,,,64.6,0,0,35,0,0,0,0,0,0
Ryan Coll,104688,G,RICHMOND,10,0,0,276,,,72.5,,,,64.2,,,65.9,0,0,41,0,0,0,0,0,0
Cade Salyers,104689,G,RICHMOND,10,0,0,276,,,75.0,,,,65.2,,,70.9,0,0,41,0,0,0,0,0,0
Gavin Lamp,104690,T,RICHMOND,10,0,0,276,,,72.3,,,,63.9,,,61.2,0,0,41,0,0,0,0,0,0
Ivan Garza,104691,T,SACRAMENTO,10,0,0,279,,,77.8,,,,65.3,,,65.5,0,0,55,0,0,0,12,0,0
Billy Lutui,104694,DI,SACRAMENTO,11,0,0,279,59.6,,77.6,,,,60.6,,,28.9,0,1,60,2,0,0,0,0,0
Colton Harberts,104699,T,S DAKOTA,6,0,0,291,,,66.4,,,,63.0,,,65.2,0,0,20,0,0,0,0,0,0
Joey Lombard,104700,G,S DAKOTA,11,0,0,291,,,76.0,,,,64.6,,,69.4,0,0,47,0,0,0,42,0,0
Siler Tschirhart,104701,T,S DAKOTA,2,0,0,291,,,60.0,,,,61.7,,,68.0,0,0,6,0,0,0,0,0,0
Cole Gambino,104705,G,STNY BROOK,11,0,0,303,,,74.5,,,,65.2,,,72.5,0,0,40,0,0,0,0,0,0
Michael Brooks,104709,G,GARD-WEBB,8,0,0,171,,,71.9,,,,61.4,,,72.7,0,0,36,0,0,0,5,0,0
Chandon Page,104710,T,TENN STATE,2,0,0,308,,,60.0,,,,61.4,,,62.1,0,0,7,0,0,0,0,0,0
Jimmy Nixon III,104711,G,TENN STATE,5,0,0,308,,,70.7,,,,63.6,,,63.2,0,0,21,0,0,0,0,0,0
Will James,104712,T,TENN STATE,8,0,0,308,,,70.1,,,,63.6,,,65.1,0,0,34,0,0,0,0,0,0
Matthew Needham,104715,G,TENN MARTN,12,0,0,310,,,78.0,,,,66.0,,,69.7,0,0,60,0,0,0,0,0,0
Malcolm Miller,104716,T,TENN MARTN,10,0,0,310,,,75.3,,,,66.0,,,76.3,0,0,53,0,0,0,0,0,0
Brandon Floyd,104717,G,TENN MARTN,1,0,0,310,,,60.0,,,,60.4,,,62.5,0,0,3,0,0,0,0,0,0
Gavin Olson,104718,G,TENN MARTN,13,0,0,310,,,76.3,,,,65.8,,,74.1,0,0,66,0,0,0,0,0,0
Dillon Luther,104721,G,W CAROLINA,1,0,0,344,,,60.8,,,,61.6,,,62.1,0,0,5,0,0,0,0,0,0
Blake Whitmore,104723,C,W CAROLINA,1,0,0,344,,,,,,,60.2,,,63.5,0,0,0,0,0,0,3,0,0
Zach Henson,104728,G,W ILLINOIS,11,0,0,345,,,75.2,,,,64.8,,,71.7,0,0,43,0,0,0,1,0,0
Rian Haigler,104733,G,WM & MARY,7,0,0,348,,,72.7,,,,56.1,,,27.3,0,1,28,0,0,0,0,0,0
Sam Trainer,104734,T,WM & MARY,4,0,0,348,,,66.1,,,,62.9,,,66.2,0,0,18,0,0,0,0,0,0
Bart Francois,104735,C,WM & MARY,8,0,0,348,,,69.9,,,,63.8,,,68.3,0,0,27,0,0,0,0,0,0
Hunter Klein,104736,T,WM & MARY,1,0,0,348,,,60.0,,,,60.8,,,62.7,0,0,4,0,0,0,0,0,0
Trevor Stephens,104739,T,TENN TECH,10,0,0,309,,,71.6,,,,56.3,,,27.7,0,1,34,0,0,0,0,0,0
Ellis Adams,104742,G,TENN TECH,2,0,0,309,,,63.1,,,,62.1,,,62.3,0,0,7,0,0,0,0,0,0
Spencer Stachyra,104743,T,TENN TECH,10,0,0,309,,,71.3,,,,55.8,,,28.5,0,1,33,0,0,0,0,0,0
Matt Brenneisen,104745,ED,S ILLINOIS,2,0,0,295,,,,,,,69.6,,,66.6,0,0,0,0,4,0,0,0,1
Ricky Williams Jr.,104746,LB,MS VLY ST,5,0,0,228,59.7,,,,,,60.9,,,69.8,0,0,0,6,0,23,0,5,0
Pearson Toomey,104749,T,FURMAN,9,0,0,170,,,72.7,,,,64.7,,,72.0,0,0,39,0,0,0,0,0,0
Jake Green,104751,G,S ILLINOIS,13,0,0,295,,,77.8,,,,66.8,,,78.2,0,0,70,0,0,0,0,0,0
Brandon Jones,104752,T,TENN STATE,7,0,0,308,,,70.1,,,,64.0,,,72.9,0,0,27,0,0,0,0,0,0
Jaalon Gupton,104753,T,TENN STATE,8,0,0,308,,,22.3,,,,36.1,,,63.3,0,0,34,0,0,0,0,0,0
Sam Clark,104755,P,SACRAMENTO,12,0,0,279,,,67.2,,,,57.1,,78.5,29.5,0,1,63,0,0,0,45,0,1
Jack Colquhoun,104756,P,S ILLINOIS,13,0,0,295,,,,,,,63.2,,60.4,74.6,0,0,0,0,0,0,54,0,0
Jonathan Murphy,104766,QB,KENNESAW,1,0,0,200,,,,59.9,,,60.0,,,62.0,0,0,0,0,0,1,0,0,0
Xavier Shepherd,104767,QB,KENNESAW,1,0,0,200,,,,,,,60.0,,,62.0,0,0,0,0,0,1,0,0,0
Jackson Walker,104778,WR,RICHMOND,2,0,0,276,,,,,,,61.2,,,65.9,0,0,0,0,0,0,0,4,0
Robert Rolfe,104779,WR,RICHMOND,5,0,0,276,,,,,,,60.5,,,73.8,0,0,0,0,0,2,0,11,0
Heath Williams,104789,QB,TENN STATE,11,0,0,308,,,65.7,,,,61.9,,,61.1,0,0,42,0,0,0,0,0,0
Malik Richardson,104793,CB,W CAROLINA,11,0,0,344,59.9,,,,,,54.7,,,32.1,0,1,0,3,1,75,0,41,0
Willie Miller,104799,QB,TENN TECH,2,0,0,309,,,,,,,60.2,66.0,,64.6,0,0,0,0,0,1,0,6,0
Quentin Pringle,104806,HB,E KENTUCKY,1,0,0,159,,,,,,,59.5,,,65.4,0,0,0,0,0,5,0,0,0
Wayne Anderson Jr.,104809,HB,FURMAN,10,0,0,170,,,,64.1,,,47.3,,,75.8,0,0,0,0,39,51,6,32,1
Dominic Roberto,104811,HB,FURMAN,11,0,0,170,,,,,,,60.6,,,73.1,0,0,0,0,0,55,0,0,0
Tyson Alexander,104814,HB,JACKSON ST,2,0,0,194,,,,,,,65.7,60.3,,70.6,0,0,0,0,7,3,0,15,0
Iaan Cousin,104816,HB,KENNESAW,13,0,0,200,,,,,,,51.3,,,32.6,0,1,0,0,11,5,27,12,1
Nykeem Farrow,104817,HB,KENNESAW,13,0,0,200,,,,65.5,,,59.9,54.7,,70.8,0,0,0,0,0,54,8,39,0
Preston Daniels,104818,FB,KENNESAW,7,0,0,200,,,,,,,60.8,,,64.5,0,0,0,0,0,3,23,0,0
Curtis Murray,104820,HB,TOWSON,2,0,0,317,,,,,,,60.1,,,65.3,0,0,0,0,0,2,0,1,0
Carlos Williams,104822,HB,MCNEESE,4,0,0,217,,,,59.9,,,65.6,,,67.7,0,0,0,0,16,12,0,0,1
Ivory Roberts,104824,HB,MCNEESE,1,0,0,217,,,,,,,69.7,,,65.1,0,0,0,0,2,0,0,0,1
George Robinson,104829,HB,N ARIZONA,8,0,0,252,,,67.2,,,,67.0,,,68.0,0,0,20,0,0,30,0,0,0
Ahmad Antoine,104831,HB,PRVIEW A&M,9,2,0,270,,,,,,,68.3,,,75.8,0,0,0,0,17,20,0,20,1
Savon Smith,104833,HB,RICHMOND,9,0,0,276,,,,62.4,,,60.0,56.8,,70.8,0,0,0,0,0,43,0,22,0
Jacob Huhn,104834,HB,RICHMOND,1,0,0,276,,,,,,,59.8,,,64.0,0,0,0,0,0,2,0,0,0
Marcus Fulcher,104835,HB,SACRAMENTO,9,0,0,279,,,,58.2,,,60.9,57.5,,66.7,0,0,0,0,1,26,0,32,0
Travis Theis,104837,HB,S DAKOTA,2,0,0,291,,,,61.8,,,60.2,,,66.1,0,0,0,0,0,2,0,0,0
Jeremiah Webb,104838,WR,S DAKOTA,9,0,0,291,,,,,,,68.7,,,78.4,1,0,0,0,46,0,26,11,3
Jadon Turner,104840,HB,STNY BROOK,2,0,0,303,,,,62.1,,,57.6,,,62.7,0,0,0,0,0,6,0,0,0
Zak Wallace,104843,HB,TENN MARTN,13,0,0,310,,,,59.9,,,67.8,,,79.7,1,0,0,0,36,68,54,18,3
Marqwell Odom,104845,WR,TENN MARTN,1,0,0,310,,,,,,,60.0,54.2,,63.6,0,0,0,0,0,0,0,4,0
Donavyn Lester,104852,HB,WM & MARY,2,0,0,348,,,,,,,56.8,,,65.7,0,0,0,0,0,5,0,0,0
A.J. Dupree,104856,CB,NC A&T,2,0,0,246,,,,,,,67.9,,,71.8,0,0,0,0,13,6,0,4,1
Jazir Staton,104858,S,NC A&T,10,0,0,246,59.7,,,,,,57.6,,,42.5,1,1,0,17,42,54,49,42,3
Austin Jones,104862,S,FURMAN,2,0,0,170,,,,,,,52.0,,,71.3,2,0,0,0,8,5,10,9,0
Hugh Ryan,104863,S,FURMAN,10,0,0,170,60.0,,,61.8,,,61.5,,,69.5,0,0,0,45,0,2,0,1,0
Adrian Rivers,104864,S,SOUTHERN U,1,0,0,297,,,,,,,60.0,,,64.6,0,0,0,0,1,0,0,0,0
Easton Wolf,104865,S,S ILLINOIS,13,1,0,295,,,,,,,67.9,,,44.7,0,1,0,0,47,59,7,54,2
JaQuez Akins,104867,S,TENN MARTN,11,0,0,310,60.0,,,,,,63.8,,,73.1,1,0,0,40,41,0,13,23,3
Carson Evans,104870,S,TENN MARTN,13,1,0,310,59.8,,,60.0,,,65.6,,,77.3,1,0,0,22,73,58,0,25,3
Bronson Yoder,104872,HB,WM & MARY,8,0,0,348,,,,61.8,,,51.4,57.5,,65.0,1,0,0,0,3,34,0,11,0
Marcus Barnes,104873,CB,WM & MARY,4,0,0,348,60.0,,,,,,60.7,,,68.9,0,0,0,9,1,7,4,7,0
Nick Stricker,104875,TE,E ILLINOIS,1,0,0,158,,,60.0,,,,60.0,,,61.3,0,0,2,0,0,0,0,0,0
Jalen Miller,104876,LB,FURMAN,11,1,0,170,60.1,,,61.8,,,66.8,,,83.9,1,0,0,4,58,50,54,46,3
Anthony Manaves,104877,TE,E ILLINOIS,6,0,0,158,,,65.2,,,,61.4,,,65.3,0,0,15,0,0,11,0,0,0
Malik Owens,104879,TE,E KENTUCKY,3,0,0,159,,,62.2,,,,61.8,,,62.8,0,0,10,0,0,1,0,0,0
KJ Brown,104888,TE,MCNEESE,3,0,0,217,,,60.0,,,,61.5,,,67.1,0,0,3,0,3,2,0,0,0
Alishawuan Taylor,104889,TE,N ARIZONA,7,0,0,252,,,71.9,,,,62.6,,,70.8,0,0,38,0,0,40,0,0,0
Marcus Whitaker,104892,TE,PRVIEW A&M,1,0,0,270,,,,,,,60.6,,,67.7,0,0,0,0,0,3,2,1,0
Charlie McBride,104898,TE,SACRAMENTO,12,0,0,279,,,76.9,,,,63.5,,,78.0,0,0,64,0,1,47,0,0,0
Thomas Dutton,104903,TE,STNY BROOK,7,0,0,303,,,66.5,,,,50.0,,,26.9,0,1,22,0,0,0,0,0,0
Cal Redman,104904,TE,STNY BROOK,10,0,0,303,,,71.7,,,,62.5,,,77.9,0,0,35,0,0,34,7,0,0
Phillip Brown,104906,TE,SO UTAH,1,0,0,298,,,60.0,,,,60.5,,,60.4,0,0,3,0,0,0,0,0,0
Ben Nauman,104908,TE,W ILLINOIS,2,0,0,345,,,,,,,59.6,,,71.7,0,0,0,0,0,0,0,6,0
Geordan Livingston,104913,CB,CHARLES SO,9,1,0,135,60.0,,,,,,72.7,,,71.4,0,0,0,1,18,1,0,26,1
Quinn Caballero,104915,WR,E TENN ST,2,0,0,157,,,,,,,60.2,,,65.6,0,0,0,0,0,1,0,2,0
Buchi Nwaubi,104916,WR,CHARLES SO,1,0,0,135,,,,,,,53.8,,,69.0,0,0,0,0,0,0,12,0,0
Isaiah Stephens,104917,WR,CHARLES SO,1,0,0,135,,,,,,,60.0,,,63.0,0,0,0,0,0,1,0,0,0
Will Shumpert,104923,ED,E ILLINOIS,6,0,0,158,60.0,,,,,,59.7,,,71.0,0,0,0,1,2,14,0,7,0
Davion Ross,104927,CB,E KENTUCKY,11,0,0,159,59.3,,,62.9,,,77.7,,,80.8,1,0,0,33,1,53,65,24,5
Dequece Carter,104931,WR,FORDHAM,7,0,0,168,,,,58.2,,,63.9,,,69.0,0,0,0,0,1,36,3,0,0
Garrett Cody,104932,WR,FORDHAM,5,0,0,168,,,,60.0,,,59.8,,,68.9,0,0,0,0,0,34,1,4,0
MJ Wright,104933,WR,FORDHAM,11,0,0,168,,,,,,,70.7,,,77.5,0,0,0,0,0,60,8,2,0
Dan Byrnes,104935,WR,FORDHAM,9,2,0,168,,,,59.4,,,71.8,,,77.0,0,0,0,0,18,46,23,30,1
Luke Bynum,104939,WR,FURMAN,11,0,0,170,,,66.5,,,,62.1,,,61.1,0,0,52,0,0,0,0,0,0
Christian Allen,104944,WR,JACKSON ST,12,0,0,194,,,,,,,64.8,,,29.3,0,1,0,0,57,28,7,5,2
Traveon Latimore,104946,WR,KENNESAW,5,0,0,200,,,,,,,62.9,,,71.9,0,0,0,0,0,18,0,6,0
Jamie Lamson,104947,WR,MAINE,11,1,0,212,,,,,,,58.5,,,29.4,0,2,0,0,0,61,58,31,1
Michael Monios,104948,WR,MAINE,3,0,0,212,,,,,,,90.0,60.3,,72.0,0,0,0,0,0,1,0,8,0
Jacob Hennie,104949,WR,MAINE,11,0,0,212,,,,,,,61.9,62.0,,78.0,0,0,0,0,0,57,0,47,0
Markel Cotton,104951,WR,MCNEESE,2,0,0,217,,,,,,,60.4,,,65.3,0,0,0,0,0,0,0,2,0
Mason Pierce,104954,WR,MCNEESE,10,0,0,217,,,,72.9,,,61.3,51.9,,67.8,0,1,0,0,3,50,1,41,0
Ethan Thompson,104955,WR,MURRAY ST,8,0,0,236,,,,59.4,,,60.4,,,68.5,0,0,0,0,0,38,0,0,0
Taylor Shields,104957,WR,MURRAY ST,8,0,0,236,,,,,,,66.1,,,71.2,0,0,0,0,0,1,0,30,0
Jake Saathoff,104961,TE,MURRAY ST,11,0,0,236,,,72.8,,,,67.9,,,69.3,0,0,44,0,0,0,37,0,1
Hendrix Johnson,104963,WR,N ARIZONA,2,0,0,252,,,,,,,60.2,,,67.1,0,0,0,0,0,2,0,0,0
Terrell Hayward,104966,WR,N ARIZONA,1,0,0,252,,,,,,,76.8,,,65.9,0,0,0,0,0,0,3,0,1
Jeiel Stark,104967,HB,N ARIZONA,4,0,0,252,,,,,,,64.0,,,72.1,0,0,0,0,9,0,3,8,0
Coleman Owen,104969,WR,N ARIZONA,11,0,0,252,,,,55.7,,,61.6,66.8,,68.3,0,0,0,0,0,19,0,52,0
Tony Mullins,104971,WR,PRVIEW A&M,10,0,0,270,59.7,,66.0,59.1,,,62.0,54.2,,68.2,0,0,45,8,0,15,0,35,0
Marvin Young Jr.,104972,WR,PRVIEW A&M,4,0,0,270,,,,,,,62.0,,,69.7,0,0,0,0,10,1,0,1,0
Ty Holden,104974,WR,PRVIEW A&M,11,0,0,270,,,,,,,65.8,,,84.4,0,0,0,0,9,48,0,30,0
Colbey Washington,104975,WR,PRVIEW A&M,7,0,0,270,,,,59.4,,,60.1,,,68.8,0,0,0,0,0,32,0,0,0
Khristopher Simmons,104976,WR,PRVIEW A&M,2,0,0,270,,,,,,,60.5,,,66.9,0,0,0,0,0,10,0,8,0
Cameron Cloud,104979,WR,RICHMOND,2,0,0,276,,,,,,,60.9,,,66.3,0,0,0,0,0,0,0,3,0
Ben Castellano,104980,WR,RICHMOND,1,0,0,276,,,,,,,59.9,,,63.9,0,0,0,0,0,0,0,1,0
Liam Simpson,104981,WR,RICHMOND,10,0,0,276,,,,59.9,,,64.8,,,80.1,0,0,0,0,0,46,0,42,0
Parker Clayton,104984,WR,SACRAMENTO,10,1,0,279,,,,59.1,,,69.6,,,78.6,0,0,0,0,45,32,6,34,0
Lucas Triplett,104992,WR,SACRAMENTO,9,0,0,279,,,,,,,57.0,,,74.9,0,0,0,0,4,25,0,5,0
Carter Bell,104995,WR,S DAKOTA,12,0,0,291,,,,59.1,,,65.1,83.1,,71.5,0,0,0,0,0,16,7,71,0
Mekhi Hammond,104996,WR,SOUTHERN U,9,0,0,297,,,,,,,64.0,,,72.9,0,0,0,0,0,52,16,0,1
Phillip Thomas,104997,WR,SOUTHERN U,6,0,0,297,,,,59.9,,,72.2,,,71.5,0,0,0,0,30,2,14,9,3
Tanner Corum,104999,S,E TENN ST,1,0,0,157,,,,,,,63.4,,,70.3,0,0,0,0,6,0,0,4,0
Branson Combs,105001,CB,S ILLINOIS,11,0,0,295,59.8,,,,,,64.3,,,47.4,0,1,0,25,44,20,37,11,2
Shawn Harris Jr.,105004,WR,STNY BROOK,10,0,0,303,,,,56.1,,,60.1,,,64.2,0,0,0,0,0,46,0,0,0
RJ Lamarre,105005,WR,STNY BROOK,11,0,0,303,,,,,,,61.9,,,34.4,0,1,0,0,12,30,0,55,2
Dayron Johnson,105006,WR,TENN STATE,9,0,0,308,,,,63.5,,,60.3,78.2,,66.6,0,1,0,0,0,44,0,36,0
Darian Oxendine,105009,WR,FL A&M,4,0,0,164,,,,65.8,,,59.7,,,65.5,0,0,0,0,0,14,0,0,0
Kendall Alford,105020,WR,W CAROLINA,2,0,0,344,,,,,,,63.2,,,68.4,0,0,0,0,0,0,0,7,0
Cameron Overton,105022,WR,BETH COOK,1,0,0,119,,,,,,,59.4,,,67.5,0,0,0,0,0,0,5,0,0
Kahlil Overton,105023,WR,BETH COOK,4,0,0,119,,,,,,,54.6,,,73.6,1,0,0,0,7,0,0,12,0
Kane Everson,105027,WR,WM & MARY,3,0,0,348,,,,,,,60.4,64.1,,65.1,0,0,0,0,0,0,0,12,0
Zach Shumate,105028,WR,WM & MARY,2,0,0,348,,,,,,,59.7,,,66.6,0,0,0,0,0,0,3,0,0
Justin Oden,105029,WR,TENN TECH,1,0,0,309,,,,,,,60.0,,,64.8,0,0,0,0,0,1,0,0,0
Metrius Fleming,105030,WR,TENN TECH,4,0,0,309,,,,58.1,,,59.5,,,62.9,0,0,0,0,0,14,0,0,0
Daniel Edwards,105035,LB,SOUTHERN U,9,0,0,297,,,,,,,67.1,,,74.1,0,0,0,0,2,22,0,13,0
Donovan White,105036,TE,PRVIEW A&M,11,0,0,270,59.6,,60.0,,,,62.3,,,76.9,0,0,1,1,0,56,0,1,0
Tyevanshay Farmer,105037,LB,SOUTHERN U,1,0,0,297,60.0,,,,,,60.0,,,62.9,0,0,0,1,0,0,0,0,0
Ethan Cadogan,105044,CB,HAMPTON,9,0,0,178,59.6,,,,,,61.6,,,28.7,0,2,0,13,11,1,19,19,2
Cagan Campbell,105045,CB,WOFFORD,9,1,0,350,59.6,,,56.2,,,66.4,,,77.1,1,0,0,11,30,35,40,8,3
Tahir Annoor,105048,S,WOFFORD,9,0,0,350,59.6,,,,,,60.1,,,65.2,0,0,0,41,1,0,0,4,0
Devonta Davis,105049,CB,HAMPTON,10,1,0,178,59.5,,,,,,71.5,60.3,,76.4,0,0,0,14,53,0,0,31,2
Devuntray Hampton,105050,S,BETH COOK,11,1,1,119,72.1,,,,,,68.4,,,28.5,0,2,0,56,21,18,0,19,1
John Harrington Jr.,105051,CB,WOFFORD,11,0,0,350,,,,,,,71.1,,,77.9,0,0,0,0,0,61,0,5,0
Trevin Gradney,105052,CB,MONTANA,13,0,0,232,,,,,,,90.0,,,89.6,2,0,0,0,78,40,69,77,11
Omari Hill-Robinson,105056,CB,BETH COOK,11,0,0,119,59.5,,,,,,64.3,,,71.7,0,0,0,49,14,0,0,7,1
Ryan Taylor,105061,CB,HAMPTON,5,0,0,178,59.7,,,,,,61.2,,,71.6,0,0,0,14,2,1,0,2,0
Corbin Walker,105066,CB,MONTANA,12,0,0,232,59.5,,,,,,58.2,,,75.9,1,0,0,22,0,0,1,53,0
Tre'Von Jones,105068,CB,ELON,10,0,0,162,59.3,,,63.9,,,59.2,67.4,,74.5,0,0,0,36,0,11,0,27,0
Miles Richardson,105069,S,WOFFORD,3,0,0,350,90.8,,,,,,92.5,,,64.2,0,0,0,11,0,0,0,1,0
Jason Thomas,105075,CB,SO UTAH,10,0,0,298,60.1,,,,,,65.6,,,71.1,0,0,0,7,45,0,6,7,1
Omar Rogers,105076,S,ELON,6,0,0,162,59.9,,,,,,71.4,,,71.7,0,0,0,22,20,1,32,8,3
Dawson Hurst,105077,S,CAL POLY,9,0,0,129,59.8,,,59.9,,,57.4,,,28.9,0,1,0,20,19,1,7,24,1
Kameron Brown,105078,CB,CHATTNOOGA,11,1,0,137,59.7,,,,,,64.9,,,56.1,1,1,0,5,26,34,47,26,2
Anthony Ruffin,105082,S,LAMAR,8,0,0,204,59.8,,,,,,60.1,,,63.9,0,0,0,36,0,0,0,0,0
Matthew Williams,105085,S,TEXAS STHN,5,0,0,313,59.9,,,,,,62.1,,,65.0,0,0,0,11,5,0,0,4,0
Andy Davis,105086,LB,CITADEL,10,1,0,139,59.6,,,,,,62.2,,,74.7,1,0,0,31,40,0,42,13,1
Richie Coffey,105087,S,MERCER,10,0,0,219,59.6,,,,,,64.1,,,72.7,0,0,0,30,6,1,0,34,0
Ja'Corey Benjamin,105089,CB,TEXAS STHN,7,2,0,313,59.4,,,,,,69.6,,,76.3,1,0,0,27,15,13,17,11,1
Jihad Brown,105090,CB,IDAHO ST,11,1,0,186,59.6,,,,,,59.8,60.3,,47.1,1,1,0,11,38,59,51,31,2
Bo Sanders,105091,S,ELON,10,0,0,162,59.9,,,,,,66.5,,,83.4,0,0,0,20,31,41,23,24,1
Alec Boruff,105096,S,CHATTNOOGA,6,1,0,137,,,,,,,49.9,,,68.3,2,0,0,0,31,15,0,0,1
Daniel Walker,105100,S,DELAWARE,4,0,0,151,,,,,,,66.7,,,73.1,0,0,0,0,4,0,0,12,1
Chazz Harley,105102,S,ELON,9,1,0,162,59.8,,,,,,59.7,,,71.7,0,0,0,7,10,0,5,15,0
Justin Douglas,105103,CB,SE LA,12,0,0,294,59.8,,,,,,68.5,,,80.1,2,0,0,11,89,14,8,31,4
Kendall Bohler,105105,CB,FL A&M,10,0,0,164,59.9,,,,,,60.9,,,74.1,1,0,0,9,9,26,29,16,2
Antonio White,105107,CB,ELON,9,1,0,162,59.6,,,,,,65.6,,,73.3,0,0,0,9,13,0,0,28,0
Lance Wise Jr.,105109,S,MERCER,9,1,0,219,59.5,,,72.0,,,61.7,,,70.8,1,0,0,30,40,26,13,4,0
Ty Leonard,105110,CB,SE MO ST,10,0,0,293,59.3,,,,,,56.8,,,48.0,0,1,0,38,0,0,29,18,0
Ridge Ford,105113,S,SCAR STATE,11,2,0,290,,,,,,,72.6,,,86.0,2,1,0,0,57,51,76,50,9
Jonathan Collins Jr.,105114,CB,NEW HAMP,11,0,1,240,59.3,,,,,,50.9,,,28.5,2,3,0,29,1,0,60,35,2
Robert Buquoi,105115,S,SE LA,3,0,0,294,,,,,,,64.4,,,70.0,0,0,0,0,18,0,0,5,0
CamRon Henderson,105117,S,HAMPTON,10,0,0,178,60.1,,,,,,64.6,,,83.3,1,0,0,19,52,0,50,36,2
Caden McCloughan,105122,S,CAL POLY,11,0,0,129,,,,,,,68.2,,,75.2,0,0,0,0,36,5,2,14,1
Jelen Lee,105123,CB,CHATTNOOGA,7,0,0,137,60.0,,,,,,69.3,,,35.1,0,1,0,2,45,0,6,16,3
Caleb Mead,105125,CB,NEW HAMP,11,1,0,240,59.5,,,,,,67.2,,,75.3,0,0,0,13,39,8,0,34,0
Quade Renfro,105126,S,IDAHO ST,8,0,0,186,,,,,,,57.4,,,70.8,1,0,0,0,25,9,4,4,2
Nehemiah McIntosh,105128,CB,STF AUSTIN,5,0,0,301,,,,,,,69.5,,,68.3,0,0,0,0,8,0,0,4,1
Jamarian Hawkins,105130,S,ELON,10,0,0,162,59.9,,,,,,54.3,,,77.0,4,0,0,1,47,44,25,15,2
Alex Ferry,105131,LB,MERCER,2,0,0,219,,,,,,,66.1,,,68.8,0,0,0,0,9,4,4,2,1
Kaiyon Gunn,105134,CB,CENT CT ST,10,0,0,133,59.3,,,,,,63.6,,,74.6,0,0,0,34,10,54,1,6,2
Michael Lawson,105135,S,W ILLINOIS,11,0,0,345,59.8,,,,,,61.7,62.2,,69.1,0,0,0,63,4,0,0,6,0
Noah Stansbury,105136,S,NEW HAMP,11,0,0,240,59.9,,,,,,62.0,,,66.0,0,0,0,54,0,0,0,12,0
Robinson Davis,105137,S,HAMPTON,7,0,0,178,60.0,,,,,,65.5,,,72.7,0,0,0,2,31,0,24,5,2
Tyrell Wiggins,105141,CB,NEW HAMP,2,0,0,240,59.9,,,,,,50.9,,,69.9,1,0,0,1,0,0,2,7,0
Breece Hoff,105144,S,NEW HAMP,2,0,0,240,,,,,,,56.8,,,69.7,1,0,0,0,3,0,0,7,1
Chrishon Frazier,105145,ED,TEXAS STHN,10,0,0,313,59.3,,74.6,59.9,,,55.8,,,28.9,0,1,54,15,0,31,3,5,0
Matthew Stuppiello III,105148,S,CAL POLY,5,0,0,129,60.0,,,,,,62.8,,,68.6,0,0,0,4,8,2,0,5,0
Tavaris Achane,105150,WR,TEXAS STHN,9,0,0,313,,,60.0,,,,69.0,,,88.2,0,0,2,0,4,34,7,32,0
Robert Prunty Jr.,105151,S,HAMPTON,5,0,0,178,60.0,,,,,,69.6,,,71.4,0,0,0,4,16,0,9,11,2
Kyron Norwood,105154,CB,LAMAR,8,0,0,204,59.3,,,,,,62.1,,,74.0,0,0,0,30,0,0,0,9,0
Jamarquis Reeves,105156,ED,BETH COOK,11,0,0,119,59.0,,60.0,59.9,,,50.7,,,28.4,0,1,1,36,0,9,0,6,0
Johnathan Daigle,105157,ED,NWSTATE,7,0,0,257,59.1,,,,,,59.9,,,66.5,0,0,0,17,0,0,0,2,0
Chase McGowan,105161,ED,DELAWARE,9,0,0,151,59.3,,,,,,61.7,,,69.8,0,0,0,16,0,0,0,9,0
Daniel Foster,105171,ED,SCAR STATE,1,0,0,290,,,,,,,58.8,,,67.5,0,0,0,0,0,2,8,0,0
Jalen Williams,105173,ED,MO STATE,11,0,0,230,59.3,,,,,,60.6,,,68.7,0,0,0,31,5,0,0,1,0
Kirsten Williams,105174,ED,LAMAR,4,0,0,204,59.2,,,,,,60.3,,,67.3,0,0,0,7,0,0,0,2,0
Patrick Godbolt,105179,ED,SCAR STATE,12,0,0,290,90.8,,73.0,,,,92.4,,,71.9,0,0,45,48,0,0,0,9,0
Richard Benton Jr.,105181,ED,MERCER,3,0,0,219,,,,,,,63.6,,,71.7,0,0,0,0,0,13,0,0,0
Marvin Pearson,105182,ED,ELON,8,0,0,162,58.8,,,,,,59.6,,,67.2,0,0,0,23,0,0,3,4,0
Solomon Zubairu,105183,ED,MERCER,10,0,0,219,59.8,,72.6,,,,64.0,,,69.0,0,0,45,26,0,0,0,5,0
Cameron Walker,105195,ED,HAMPTON,9,1,0,178,59.9,,72.3,,,,61.5,,,27.8,0,1,41,7,6,0,42,1,1
Kentrelle Groom,105196,ED,HAMPTON,6,0,0,178,60.1,,,,,,63.7,,,86.7,0,0,0,12,0,0,0,3,0
Marcus Bowman,105197,ED,TOWSON,11,0,0,317,58.8,,,,,,59.9,,,68.0,0,0,0,27,0,0,0,4,0
Daniel Bettis,105198,ED,SAMFORD,1,0,1,282,59.6,,,,,,39.9,,,22.4,0,1,0,1,0,0,0,0,0
Bryson Glenn,105199,DI,HAMPTON,4,0,0,178,59.1,,,,,,59.9,,,65.8,0,0,0,9,0,0,0,2,0
Andy Matthews,105200,DI,HAMPTON,10,0,0,178,58.8,,,,,,60.5,,,74.1,0,0,0,38,0,0,0,5,0
Devin Marcano,105201,ED,HAMPTON,4,0,0,178,60.1,,,,,,61.0,,,66.7,0,0,0,14,0,0,0,1,0
Charles Lincoln,105208,T,CAL POLY,6,0,0,129,,,65.5,,,,61.8,,,65.4,0,0,17,0,0,0,1,0,0
Luis Duarte,105209,T,ELON,7,0,0,162,,,71.0,,,,63.8,,,65.4,0,0,38,0,0,0,0,0,0
Hi'keem Elmore,105210,DI,CITADEL,4,0,0,139,59.4,,,,,,60.6,,,65.6,0,0,0,4,0,0,0,2,0
Dewey Greene,105211,ED,S ILLINOIS,1,0,0,295,59.7,,,,,,60.5,,,65.1,0,0,0,1,0,0,0,1,0
Lunden Manuel,105212,DI,SE MO ST,8,0,0,293,58.1,,,,,,58.9,,,70.0,0,0,0,30,0,0,0,7,0
Jacob Drag,105221,DI,WOFFORD,8,0,0,350,58.6,,,,,,58.7,,,65.9,0,0,0,15,0,0,0,1,0
Tony Bowman,105222,ED,BETH COOK,11,0,0,119,59.6,,71.3,,,,63.0,,,68.9,0,0,36,52,0,0,0,6,0
Dan Toatley,105224,DI,CENT CT ST,5,0,0,133,,,,,,,62.2,,,71.5,0,0,0,0,0,0,0,16,0
Marvion Field,105225,DI,ELON,10,0,1,162,58.8,,73.4,,,,53.0,,,28.1,0,1,48,13,0,0,0,7,0
Nick Larriva,105226,LB,IDAHO ST,3,0,0,186,60.1,,,,,,61.5,,,67.7,0,0,0,14,0,0,0,3,0
Jacob McGourin,105227,ED,MONTANA,13,0,0,232,58.4,,,59.6,,,63.0,,,73.8,0,0,0,17,0,41,0,8,0
Isaiah Jordan,105231,DI,BETH COOK,1,0,0,119,59.3,,,,,,59.8,,,65.4,0,0,0,2,0,0,0,2,0
Tyler Martinez,105233,DI,TEXAS STHN,10,0,0,313,57.5,,,,,,57.6,,,71.0,0,0,0,42,0,0,0,8,0
Marlon Taylor,105234,DI,CHATTNOOGA,5,0,0,137,59.5,,,,,,61.2,,,67.2,0,0,0,5,0,0,0,5,0
Rob Schork,105237,ED,CENT CT ST,5,0,0,133,59.6,,62.7,,,,69.4,,,72.6,0,0,11,5,6,0,4,12,1
Ohmante Jenkins,105238,DI,HAMPTON,10,0,0,178,58.2,,,,,,59.1,,,70.3,0,0,0,29,0,0,0,5,0
Hasan Black,105239,ED,CITADEL,10,1,1,139,60.0,,69.3,,,,59.6,,,35.1,0,2,26,46,15,42,28,20,0
Will Vea,105240,DI,IDAHO ST,5,0,0,186,58.7,,,,,,59.0,,,65.4,0,0,0,10,0,0,0,1,0
Shaheem Haltiwanger,105241,ED,SCAR STATE,12,0,0,290,58.8,,,,,,60.7,,,71.6,0,0,0,42,4,2,0,8,0
Nick Jackson,105244,ED,SAMFORD,11,0,0,282,58.2,,,,,,58.2,,,66.8,0,0,0,32,0,0,0,2,0
Tyrik Mitchell,105245,DI,SE LA,2,0,0,294,59.1,,,,,,59.7,,,64.0,0,0,0,2,0,0,0,1,0
Chris Hill,105248,DI,MERCER,9,0,0,219,58.5,,,,,,64.3,,,68.2,0,0,0,26,0,0,42,2,1
Nathan Kapongo,105249,DI,NEW HAMP,1,0,0,240,59.3,,,,,,59.2,,,64.5,0,0,0,2,0,0,0,1,0
Evan Brown,105251,TE,CHATTNOOGA,8,0,0,137,,,72.5,,,,64.3,,,73.6,0,0,38,0,0,10,0,0,0
Jake McGinnis,105252,DI,IDAHO ST,11,0,0,186,57.7,,74.2,,,,57.0,,,31.2,0,1,35,43,0,0,0,6,0
Micheal Mason,105254,ED,WOFFORD,6,0,0,350,58.8,,,,,,59.4,,,67.2,0,0,0,19,0,0,0,3,0
Nick Coomer,105256,ED,DELAWARE,3,0,0,151,59.4,,,,,,59.3,,,65.4,0,0,0,1,0,0,0,2,0
Thomathon Good,105257,DI,TEXAS STHN,1,0,0,313,58.7,,,,,,58.6,,,64.1,0,0,0,6,0,0,0,0,0
Jay'Ree Hardy,105261,DI,HAMPTON,9,0,0,178,58.6,,,,,,60.4,,,74.7,0,0,0,19,0,0,0,5,0
Jevale Roberson,105262,G,LAMAR,8,0,0,204,,,69.2,,,,62.7,,,66.9,0,0,24,0,0,0,38,0,0
Caleb Williams,105263,DI,LAMAR,3,0,0,204,58.6,,,,,,58.5,,,64.6,0,0,0,9,0,0,0,0,0
JaBralen Yarber,105269,DI,NWSTATE,8,0,0,257,58.9,,,,,,59.0,,,65.8,0,0,0,21,0,0,0,0,0
Brandon Mincey,105276,LB,SE MO ST,9,0,0,293,59.8,,,59.9,,,61.9,,,69.6,0,0,0,27,0,1,10,12,0
Jared Pedraza,105277,LB,NWSTATE,10,0,0,257,58.2,,,,,,66.1,,,73.2,1,0,0,33,22,0,53,3,2
Adrion Robertson,105278,LB,NWSTATE,3,0,0,257,59.9,,,59.9,,,62.1,,,69.9,0,0,0,8,5,2,6,6,0
Mike Matthews,105279,LB,SE MO ST,11,1,0,293,60.2,,,,,,65.0,,,30.0,0,1,0,21,44,1,66,12,4
Izeal Terrell,105280,LB,SE MO ST,11,0,0,293,59.9,,,59.9,,,67.8,,,76.3,0,0,0,10,42,11,47,1,4
Evan Lomax,105281,K,HAMPTON,10,0,0,178,,,65.7,,,,61.9,,,61.1,0,0,42,0,0,0,0,0,0
Ryan Coe,105283,K,DELAWARE,10,0,0,151,,84.2,,,79.6,,63.0,,,74.0,0,0,36,0,44,0,0,0,1
Bailey Giffen,105285,K,LAMAR,10,0,0,204,,75.7,,,75.4,,64.2,,48.2,77.9,0,0,29,0,35,0,60,0,0
Richard Garcia III,105287,K,TEXAS STHN,11,0,0,313,,66.3,,,70.5,,63.6,,,75.7,0,0,57,0,63,0,0,0,0
Matthew Hoffman,105290,K,CAL POLY,7,0,0,129,,46.2,,,57.3,,61.3,,,70.6,0,0,7,0,15,0,0,0,0
Caleb Dowden,105292,P,MERCER,1,0,0,219,,60.0,,,,,60.0,,,61.7,0,0,1,0,0,0,0,0,0
Devin Folser,105293,P,MERCER,10,0,0,219,,70.7,,,57.9,,63.5,,,75.5,0,0,56,0,61,0,0,0,0
Mason Davis,105295,K,CAL POLY,2,0,0,129,,,60.0,,,,60.3,,60.0,63.0,0,0,3,0,0,0,1,0,0
Sean Lehane,105296,P,NEW HAMP,11,0,0,240,,45.2,,,54.6,,62.2,,69.0,70.5,0,1,21,0,2,0,17,0,1
Aidan Cadogan,105298,P,NEW HAMP,11,0,0,240,,,,,60.0,,62.9,,56.2,73.9,0,0,0,0,1,0,46,0,0
Scotty Roblow,105300,K,NWSTATE,11,0,0,257,,57.2,64.2,,41.4,,63.8,,60.7,75.9,1,1,39,0,14,0,69,0,0
Xavier McDonald,105302,P,BETH COOK,5,0,0,119,,,,,62.1,,61.1,,,72.1,2,0,0,0,17,0,0,0,1
Zach Haynes,105303,P,SE MO ST,11,0,0,293,,,,,,,63.6,,63.7,75.9,0,4,0,0,0,0,66,0,0
Walker Gliarmis,105305,P,WOFFORD,11,0,0,350,,67.4,,,,,61.1,,,66.4,0,0,39,0,0,0,0,0,0
Brian Buschini,105308,P,MONTANA,13,0,0,232,,,,,76.6,,65.2,,80.2,81.6,0,0,0,0,76,0,70,0,0
Tylar Wiltz,105309,LB,MO STATE,12,2,0,230,59.5,,,,,,90.0,,,72.6,0,0,0,44,0,1,49,2,4
Cole Grossman,105310,TE,MONTANA,12,0,0,232,,,,59.9,,,62.8,,,74.5,0,0,0,0,0,6,59,0,1
Chad Gilchrist,105311,LB,SCAR STATE,11,0,0,290,59.8,,,,,,60.2,,,72.4,0,0,0,49,1,0,17,1,0
Untareo Johnson,105312,LB,BETH COOK,11,0,0,119,59.4,,67.5,59.9,,,56.0,,,30.0,0,1,21,56,0,46,47,5,0
Justin Dingle,105316,LB,HAMPTON,6,0,0,178,59.7,,,,,,62.6,,,73.1,0,0,0,12,17,16,0,9,0
Jack Scroggs,105317,LB,WOFFORD,11,0,0,350,59.7,,,,,,56.6,,,28.6,1,1,0,1,24,0,0,28,2
Vaeaega Gasu,105318,LB,IDAHO ST,11,1,0,186,,,,,,,58.3,,,37.3,3,2,0,0,34,74,61,38,3
Jason Person,105319,ED,CHATTNOOGA,11,0,0,137,58.8,,,,,,62.1,,,69.8,0,0,0,24,0,0,1,24,0
Alexis Ramos,105320,LB,SE LA,11,0,0,294,59.9,,,,,,61.7,,,67.0,0,0,0,40,2,0,0,4,0
Laipeli Palu,105324,LB,CAL POLY,11,0,0,129,60.0,,,,,,61.4,,,70.8,0,0,0,25,7,9,13,5,0
Daniel Brent,105325,LB,CHATTNOOGA,1,0,0,137,,,,,,,60.3,,,64.9,0,0,0,0,0,6,0,0,0
Braxton Hill,105326,LB,MONTANA,12,3,0,232,59.6,,,,,,72.3,,,47.9,0,1,0,5,75,6,63,4,3
John Sloan,105327,TE,SCAR STATE,5,0,0,290,,,60.0,,,,62.9,,,67.1,0,0,4,0,0,15,5,0,1
Preston Helu,105331,LB,IDAHO ST,11,0,0,186,59.9,,,,,,64.0,,,52.5,0,1,0,4,15,13,31,34,2
Trimarcus Cheeks,105332,LB,SAMFORD,11,2,0,282,60.3,,,,,,64.3,,,76.6,1,0,0,64,47,1,0,6,1
Ken Standley,105336,LB,MERCER,10,0,0,219,59.3,,,,,,63.3,,,75.7,0,0,0,33,25,13,38,9,1
Kale Edwards,105337,ED,MONTANA,13,1,0,232,60.0,,,,,,72.2,,,76.5,0,0,0,1,68,47,70,0,2
Aarmon Euwing,105339,LB,CAL POLY,2,0,0,129,60.0,,,,,,64.8,,,68.0,0,0,0,1,7,1,8,1,1
David Olla,105340,ED,HAMPTON,10,0,1,178,60.1,,,,,,76.0,,,90.2,0,1,0,12,53,57,33,30,6
Zach Hopkins,105341,LB,MERCER,9,0,1,219,59.6,,,,,,62.5,,,48.5,0,1,0,9,40,35,7,31,1
Justin Sanders,105344,LB,CHATTNOOGA,7,1,0,137,59.9,,,,,,67.4,,,76.2,2,0,0,4,44,31,38,4,6
Jadrian McGraw,105348,LB,TEXAS STHN,6,0,0,313,59.9,,,,,,59.9,,,70.2,0,0,0,4,5,8,5,1,0
Logan Braucht,105350,FB,CITADEL,8,0,0,139,,,,50.0,,,60.3,,,74.5,0,0,0,0,8,51,33,15,0
Darrius Harry,105351,ED,SE LA,9,0,0,294,58.8,,,,,,59.1,,,66.2,0,0,0,18,0,0,0,3,0
JoJo Sanchez,105352,LB,IDAHO ST,11,0,0,186,,,,,,,53.8,,,69.4,1,0,0,0,0,74,54,6,0
Ryan Tirrell,105353,ED,MONTANA,13,0,0,232,,,,,,,80.5,,,83.9,0,0,0,0,0,37,14,77,1
Thomas Neville,105356,LB,SAMFORD,11,2,0,282,60.0,,75.9,,,,56.3,,,73.1,1,0,66,8,68,0,47,1,0
Herman Christophe IV,105357,LB,SE LA,13,0,0,294,60.2,,,,,,67.1,,,69.7,0,0,0,35,0,0,28,5,1
Jay Lagroon,105358,LB,CITADEL,3,0,0,139,,,,,,,59.6,,,70.9,1,0,0,0,15,8,0,0,1
Connor Wills,105359,LB,IDAHO ST,8,0,0,186,60.3,,,,,,62.0,,,64.1,0,0,0,32,0,1,0,5,0
Lawson Danley,105360,ED,SCAR STATE,9,1,0,290,,,,,,,61.1,,,72.7,1,0,0,0,5,8,56,0,1
Tyrone Hicks,105364,LB,SCAR STATE,11,1,0,290,60.0,,,,,,50.0,,,29.0,4,2,0,5,30,42,70,46,3
Oleh Manzyk,105367,LB,NEW HAMP,4,0,0,240,60.2,,,,,,60.9,,,65.3,0,0,0,6,0,0,0,1,0
Bryce Graves,105368,LB,ELON,10,0,0,162,60.0,,,59.9,,,59.8,,,68.1,0,0,0,2,7,42,1,0,0
Jared Gibson,105369,LB,IDAHO ST,11,1,0,186,59.8,,,,,,82.5,,,77.1,0,0,0,12,35,57,61,25,6
Ryan Toscano,105370,LB,NEW HAMP,11,1,0,240,59.9,,60.0,,,,65.4,,,57.2,0,1,5,36,40,31,63,17,2
DeAndre Faulk,105371,LB,HAMPTON,10,0,0,178,59.6,,,,,,64.5,,,76.7,0,0,0,40,30,0,17,8,0
Devon Stubbs,105372,LB,BETH COOK,11,0,0,119,59.6,,,,,,65.5,,,80.8,0,0,0,14,3,27,57,23,0
Sam Alsheimer,105373,LB,TOWSON,11,0,0,317,,,,,,,66.5,,,80.4,1,0,0,0,44,0,0,36,0
Anthony Jones,105374,LB,HAMPTON,5,0,0,178,59.9,,,,,,68.0,,,71.6,0,0,0,4,18,1,15,9,1
Luke Szabados,105375,TE,MERCER,10,0,0,219,,,74.7,,,,64.6,,,62.7,0,0,57,0,0,0,0,0,0
Mason King,105376,LB,HAMPTON,8,0,0,178,59.7,,,,,,68.9,,,71.1,0,0,0,19,0,5,0,5,0
Von Young,105377,LB,MO STATE,12,4,0,230,59.7,,,59.9,,,75.2,,,86.4,0,0,0,5,77,59,52,65,3
Leo Quigley,105378,LB,CENT CT ST,3,0,0,133,59.7,,,,,,49.9,,,68.1,1,0,0,6,4,0,0,4,0
Jack Genova,105380,LB,IDAHO ST,11,1,0,186,59.9,,,,,,70.0,,,78.3,0,0,0,3,26,33,0,37,1
James Wells,105384,LB,WOFFORD,9,0,0,350,60.0,,,84.5,,,63.0,,,71.5,0,0,0,6,7,27,40,1,2
Tyler Jackson,105386,LB,LAMAR,10,0,0,204,59.1,,,,,,64.3,,,68.0,0,0,0,35,0,9,17,1,1
Zedane Williams,105389,LB,NEW HAMP,9,0,0,240,59.7,,,,,,65.4,,,67.2,0,0,0,26,21,0,0,5,1
Lucas Eatman,105390,LB,MO STATE,3,0,0,230,60.0,,,,,,60.4,,,67.7,0,0,0,5,0,0,0,0,0
Judaea Moon,105392,LB,CAL POLY,5,1,0,129,59.9,,,,,,69.2,,,69.6,0,0,0,24,12,0,0,16,1
Michael McDowell,105395,ED,CITADEL,11,0,0,139,59.7,,,,,,63.7,,,75.3,0,0,0,3,21,57,7,14,0
Anthony Britton Jr.,105396,LB,CITADEL,7,0,1,139,59.2,,,,,,52.0,,,28.4,1,1,0,34,14,0,11,3,2
Dominic Lamm,105398,ED,SE LA,1,0,0,294,59.8,,,,,,60.0,,,62.7,0,0,0,1,0,0,0,0,0
Mike Mercep,105399,LB,CAL POLY,2,0,0,129,59.3,,,,,,59.5,,,62.9,0,0,0,2,0,0,0,0,0
Ryan Wilkins,105401,LS,ELON,3,0,0,162,,,,,,84.9,67.1,,,64.3,0,0,0,0,0,0,9,0,0
Carson Crisp,105402,LS,ELON,9,0,0,162,,,85.4,,,65.2,65.1,,,66.2,0,0,48,0,0,0,38,0,0
Cody Olszewski,105403,LS,CHATTNOOGA,11,0,0,137,,,86.6,,,75.3,68.2,,,63.4,0,0,53,0,0,0,0,0,0
John Farris,105406,LS,LAMAR,1,0,0,204,,,,,,75.6,61.1,,,61.9,0,0,0,0,0,0,1,0,0
Trey Gable,105407,LS,CITADEL,1,0,0,139,,,60.0,,,69.2,62.0,,,61.6,0,0,4,0,0,0,0,0,0
Zach Lassiter,105408,LS,MERCER,10,0,0,219,,,87.4,,,72.1,67.3,,,66.5,0,0,57,0,0,0,42,0,0
Forrest Alvarez,105410,TE,WOFFORD,5,0,0,350,,,,,,,63.4,,,67.5,0,0,0,0,0,33,0,0,0
Kordell Pillans,105413,G,MONTANA,13,0,0,232,,,23.6,,,,42.5,,,73.1,0,0,69,0,0,0,0,0,0
Moses Mallory,105414,G,MONTANA,12,0,0,232,,,79.1,,,,66.1,,,65.8,0,0,67,0,0,0,0,0,0
Chris Simon,105418,T,SCAR STATE,5,0,0,290,,,66.7,,,,62.8,,,71.3,0,0,19,0,0,0,31,0,0
Luke Byrne,105422,G,SAMFORD,8,0,0,282,,,75.8,,,,65.6,,,73.0,0,0,47,0,0,0,0,0,0
Jeremy Michaux,105423,T,WOFFORD,11,0,0,350,,,71.6,,,,64.0,,,65.0,0,0,39,0,0,0,0,0,0
Dominic Stellini-Splan,105424,G,CAL POLY,2,0,0,129,,,60.5,,,,61.6,,,63.2,0,0,5,0,0,0,0,0,0
Dillon Botner,105438,T,MONTANA,7,0,0,232,,,70.3,,,,63.7,,,63.3,0,0,34,0,0,0,0,0,0
Spencer Cody,105441,G,NWSTATE,1,0,0,257,,,60.0,,,,60.6,,,61.5,0,0,2,0,0,0,0,0,0
Jack Nance,105446,G,TEXAS STHN,9,0,0,313,,,74.6,,,,64.6,,,64.1,0,0,55,0,0,0,0,0,0
Demarcus Gilmore,105450,T,TOWSON,10,0,0,317,,,72.8,,,,64.6,,,71.2,0,0,32,0,0,0,0,0,0
J'Cori Shaw,105451,T,HAMPTON,9,0,0,178,,,71.1,,,,63.6,,,64.5,0,0,37,0,0,0,8,0,0
Jaden Rosenthall,105454,G,SE MO ST,3,0,0,293,,,60.0,,,,61.4,,,64.0,0,0,4,0,0,0,0,0,0
Tayvian Gass,105456,G,WOFFORD,8,0,0,350,,,70.6,,,,64.0,,,69.4,0,0,23,0,0,0,0,0,0
Jake Steward,105459,G,SE MO ST,7,0,0,293,,,70.5,,,,63.8,,,65.9,0,0,35,0,0,0,0,0,0
Treyvon Robinson,105460,G,TEXAS STHN,11,0,0,313,,,77.3,,,,66.0,,,72.7,0,0,58,0,0,0,0,0,0
Payson Campisano,105462,T,CAL POLY,4,0,0,129,,,63.0,,,,62.3,,,65.4,0,0,11,0,0,0,0,0,0
Dylan Poirier,105466,T,NEW HAMP,10,0,0,240,,,,,,,61.1,,,67.9,0,0,0,0,0,0,60,0,0
Alexander Frithiof,105471,T,LAMAR,2,0,0,204,,,61.9,,,,62.1,,,64.5,0,0,10,0,0,0,0,0,0
Mohab Wahdan,105483,G,CAL POLY,3,0,0,129,,,60.0,,,,61.4,,,64.2,0,0,4,0,0,0,0,0,0
Brock Bethea,105484,T,CHATTNOOGA,8,0,0,137,,,71.4,,,,63.9,,,65.3,0,0,40,0,0,0,0,0,0
Jean Germain,105487,G,TOWSON,8,0,0,317,,,71.5,,,,64.0,,,66.4,0,0,26,0,0,0,0,0,0
Kelvin Watts,105488,G,HAMPTON,5,0,0,178,,,69.8,,,,63.2,,,65.2,0,0,19,0,0,0,8,0,0
Brennan Lanclos,105490,T,SE LA,13,0,0,294,,,80.4,,,,67.7,,,79.8,0,0,94,0,0,0,0,0,0
Nathaniel Hines,105491,C,TEXAS STHN,10,0,0,313,,,74.2,,,,57.6,,,28.7,0,1,53,0,0,0,0,0,0
Jysaiah Cromer,105492,T,WOFFORD,1,0,0,350,,,60.0,,,,60.0,,,63.4,0,0,1,0,0,0,0,0,0
Ben Brockington,105495,T,CITADEL,11,0,0,139,,,72.9,,,,64.9,,,74.5,0,0,41,0,0,0,0,0,0
Bradly Anyanwu,105496,G,DELAWARE,10,0,0,151,,,70.8,,,,63.8,,,65.7,0,0,36,0,0,0,0,0,0
John Thomas,105499,T,MERCER,4,0,0,219,,,65.6,,,,62.9,,,70.1,0,0,14,0,0,0,0,0,0
Colin Dreis,105500,T,MONTANA,13,0,0,232,,,77.3,,,,60.5,,,29.5,0,1,69,0,0,0,0,0,0
Jalen Bell,105502,T,SE LA,9,0,0,294,,,74.1,,,,65.1,,,73.6,0,0,48,0,0,0,0,0,0
Nicolo DiFronzo,105503,C,CAL POLY,2,0,0,129,,,60.0,,,,59.4,,,65.5,0,0,2,0,0,0,1,0,0
Colin Truett,105504,T,CHATTNOOGA,11,0,0,137,,,77.2,,,,65.1,,,66.3,0,0,53,0,0,0,1,0,0
Marque Johnson Jr.,105506,T,TEXAS STHN,11,0,0,313,,,75.7,,,,65.7,,,74.4,0,0,59,0,0,0,0,0,0
Quinton Ragland,105512,T,HAMPTON,10,0,0,178,,,72.0,,,,64.1,,,65.9,0,0,42,0,0,0,0,0,0
Zane Gilbert,105515,T,ELON,2,0,0,162,,,60.7,,,,61.9,,,63.6,0,0,10,0,0,0,0,0,0
Jake Swope,105517,T,MO STATE,5,0,0,230,,,69.8,,,,63.7,,,66.2,0,0,31,0,0,0,0,0,0
Terry Cook,105519,T,SE MO ST,11,0,0,293,,,76.1,,,,66.2,,,76.5,0,0,58,0,0,0,0,0,0
Erik Walker,105523,G,HAMPTON,5,0,0,178,,,71.4,,,,63.8,,,63.3,0,0,23,0,0,0,0,0,0
Cody Coleman,105525,TE,NWSTATE,1,0,0,257,,,,,,,60.0,,,64.5,0,0,0,0,0,0,0,1,0
Roman Wahrheit,105527,G,TOWSON,11,0,0,317,,,70.6,,,,63.8,,,65.6,0,0,36,0,0,0,0,0,0
Ryan Last,105528,G,DELAWARE,6,0,0,151,,,67.8,,,,63.4,,,71.2,0,0,19,0,0,0,0,0,0
Dallas Foard,105531,G,SCAR STATE,5,0,0,290,,,65.7,,,,62.8,,,64.6,0,0,19,0,0,0,0,0,0
Jayden Anderson,105535,ED,CENT CT ST,10,0,0,133,81.2,,,,,,68.0,,,29.5,2,1,0,14,38,48,0,0,5
Chandler Moncrief,105536,LB,NWSTATE,2,0,0,257,60.0,,,,,,60.6,,,63.6,0,0,0,3,0,0,0,1,0
Duane Binns,105537,ED,CENT CT ST,1,0,0,133,,,,,,,60.2,,,66.2,0,0,0,0,0,2,0,0,0
Keandre Booker,105538,ED,SE MO ST,11,0,0,293,58.8,,,59.9,,,59.2,,,76.6,0,0,0,31,10,45,66,9,0
Luquay Washington Jr.,105540,LB,CENT CT ST,10,2,1,133,59.4,,,,,,72.6,,,28.7,0,2,0,34,44,5,4,26,6
Austin Dunlap,105542,P,SE LA,11,1,0,294,,,60.0,,,,62.5,,58.3,71.8,0,1,6,0,0,0,30,0,0
Grant Burkett,105544,P,MO STATE,12,0,0,230,,,67.7,,,,63.4,,67.6,71.7,1,0,71,0,0,0,52,0,0
Bradley Porcellato,105546,P,SAMFORD,11,0,0,282,,,,,,,62.9,,71.0,73.9,0,0,0,0,0,0,47,0,0
Dylan Fromm,105553,QB,MERCER,10,0,0,219,,,66.8,,,,62.2,,,61.2,0,0,57,0,0,0,0,0,0
Cooper Wallace,105556,HB,CITADEL,11,0,0,139,,,,58.4,,,60.6,,,66.6,0,0,0,0,4,61,2,4,0
Alex Hawkom,105559,QB,CENT CT ST,2,0,0,133,,,,,,,60.3,,,65.9,0,0,0,0,0,2,0,0,0
Zachary Clement,105561,QB,NWSTATE,1,0,0,257,,,60.0,,,,60.3,,,60.5,0,0,4,0,0,0,0,0,0
Brysen McKinney,105562,WR,TEXAS STHN,1,0,0,313,,,,,,,60.0,,,64.4,0,0,0,0,0,0,0,2,0
Alex Connell,105572,WR,LAMAR,10,0,0,204,,,,,,,51.1,,,54.3,2,1,0,0,31,52,0,35,1
Taurean Singletary,105573,QB,SCAR STATE,1,0,0,290,,,,,,,60.2,,,65.9,0,0,0,0,0,3,0,0,0
Raiden Hunter,105578,HB,IDAHO ST,1,0,0,186,,,,,,,59.2,,,62.9,0,0,0,0,0,7,0,0,0
Q'Nairies Anderson,105585,HB,SE MO ST,6,0,0,293,,,,61.8,,,62.6,,,67.3,0,0,0,0,24,6,0,3,1
Darran Butts,105589,HB,HAMPTON,5,0,0,178,,,,64.2,,,59.4,,,64.3,0,0,0,0,0,28,0,0,0
Lance Jackson,105590,HB,CHATTNOOGA,1,0,0,137,,,,,,,60.9,,,69.4,0,0,0,0,0,8,0,0,0
LaDarius Owens,105591,HB,TEXAS STHN,8,0,0,313,,,,70.2,,,60.1,73.2,,66.0,0,0,0,0,5,43,0,4,0
Quincy Watson,105592,HB,DELAWARE,3,0,0,151,,,,61.2,,,61.6,,,68.7,0,0,0,0,5,17,0,7,0
Jacorey Howard,105594,HB,TEXAS STHN,10,2,0,313,,,,60.0,,,69.8,,,47.9,0,1,0,0,58,67,46,32,7
Jocquet Jiles,105596,HB,SAMFORD,1,0,0,282,,,,57.5,,,60.0,,,61.2,0,0,0,0,0,1,0,0,0
William Robinson,105597,HB,HAMPTON,2,0,0,178,,,,,,,60.4,,,65.1,0,0,0,0,0,8,0,1,0
Ty Boles,105601,HB,SAMFORD,6,0,0,282,,,,59.9,,,67.7,,,75.6,0,0,0,0,1,35,0,27,0
Malik Thomas,105606,HB,CENT CT ST,4,0,0,133,,,,,,,62.6,,,68.4,0,0,0,0,8,0,0,1,0
Jimmie Robinson III,105609,HB,BETH COOK,11,1,0,119,,,,37.7,,,72.5,,,82.1,0,0,0,0,41,70,53,40,3
Isaac Seide,105610,HB,NEW HAMP,11,0,0,240,,,,,,,68.6,,,79.5,0,0,0,0,23,26,39,28,2
Fred Davis,105614,HB,MERCER,2,0,0,219,,,,,,,62.5,,,67.8,0,0,0,0,0,0,0,5,0
Xavier Myers,105617,HB,TENN TECH,1,0,0,309,,,,,,,61.5,,,65.9,0,0,0,0,0,0,0,4,0
Irv Mulligan,105619,HB,WOFFORD,1,0,0,350,,,60.0,,,,60.0,,,60.7,0,0,2,0,0,0,0,0,0
Jordan Patterson,105620,LB,LAMAR,7,0,0,204,59.7,,,,,,61.3,,,69.0,0,0,0,4,11,22,0,0,0
Kingston Griffin,105621,HB,TEXAS STHN,1,0,0,313,,,,,,,60.0,,,63.9,0,0,0,0,0,0,1,0,0
Chaz Ward,105622,HB,LAMAR,1,0,0,204,,,,,,,60.0,,,63.9,0,0,0,0,0,0,1,0,0
Tyler Pereira,105627,HB,NEW HAMP,2,0,0,240,,,,,,,59.7,,,66.4,0,0,0,0,0,1,3,0,0
S.J. Brown II,105637,S,TOWSON,11,0,0,317,59.9,,,,,,61.0,,,79.5,1,0,0,44,15,2,35,0,1
Ryder Meyer,105638,S,MONTANA,13,0,1,232,,,,,,,64.3,,,51.0,0,1,0,0,30,2,0,72,1
Jackson Zehr,105639,S,WOFFORD,3,0,0,350,,,,,,,61.0,,,68.1,0,0,0,0,0,11,0,2,0
Uriah Ratliff,105642,S,BETH COOK,6,0,0,119,60.4,,,,,,64.5,,,75.7,0,0,0,24,0,0,0,8,0
Cole Escoto,105647,S,CENT CT ST,10,0,0,133,,,76.4,,,15.7,44.3,,,66.6,0,0,38,0,0,0,45,0,1
Aaron Oroh,105648,S,NEW HAMP,1,0,0,240,,,,,,,60.0,,,67.2,0,0,0,0,0,0,0,1,0
Mark Biggins,105649,HB,CAL POLY,7,0,0,129,,,,,,,61.8,,,74.5,0,0,0,0,22,42,8,9,0
Levaughn Lewis,105655,TE,DELAWARE,6,0,0,151,,,,,,,63.8,,,72.0,0,0,0,0,0,18,0,22,0
Nathan Gaskamp,105656,TE,LAMAR,7,0,0,204,,,,59.9,,,60.0,,,37.3,0,1,0,0,16,26,20,16,1
Brockman Wallace II,105657,TE,TOWSON,5,0,0,317,,,,,,,58.9,,,68.6,0,0,0,0,0,27,1,0,0
Naj Johnson,105659,TE,CENT CT ST,11,1,0,133,60.0,,,,,,71.1,,,82.4,0,0,0,1,31,48,0,29,2
Yancy Washington,105660,TE,SCAR STATE,12,0,0,290,,,72.7,,,,62.1,,,68.2,0,0,42,0,0,20,83,0,1
Thomas Wyatt,105661,LB,CITADEL,1,0,0,139,59.8,,,,,,60.6,60.0,,65.5,0,0,0,3,3,0,0,1,0
Carson Buddemeyer,105667,TE,MO STATE,12,0,0,230,,,76.4,,,,65.0,,,61.4,0,0,71,0,0,0,0,0,0
Joey Elwell,105668,TE,MONTANA,2,0,0,232,,,60.0,,,,61.1,,,62.6,0,0,6,0,0,2,0,0,0
James Stanley,105672,TE,HAMPTON,10,0,0,178,,,73.1,,,,67.0,,,74.7,0,0,41,0,0,61,0,0,0
Preston Helwege,105673,TE,IDAHO ST,5,0,0,186,,,60.9,,,,61.4,,,63.1,0,0,8,0,0,6,0,0,0
Thomas Splagounias,105675,TE,NEW HAMP,11,0,0,240,,,70.7,,,,68.4,,,64.2,0,0,33,0,0,11,0,0,0
Trey West,105681,WR,ELON,7,1,0,162,,,,,,,67.4,,,72.7,0,0,0,0,9,0,0,15,0
Michael Vice,105683,TE,SAMFORD,8,0,0,282,,,,59.9,,,72.5,,,74.5,0,0,0,0,0,30,0,3,0
Mateo Vandamia,105686,TE,DELAWARE,7,0,0,151,,,,,,,64.6,,,75.8,0,0,0,0,0,37,0,21,0
Matt DeBlaiso,105689,TE,MOREHEAD,11,0,0,234,,,76.7,,,,64.7,,,79.3,0,0,62,0,2,50,0,0,0
Kanore McKinnon,105691,WR,CHATTNOOGA,2,0,0,137,,,,,,,58.9,,,64.7,0,0,0,0,0,2,1,0,0
AJ Toney,105693,WR,SAMFORD,2,0,0,282,,,,61.8,,,60.0,,,61.6,0,0,0,0,0,2,0,0,0
Anthony Spurlock,105694,WR,SE LA,13,0,0,294,,,,,,,66.2,,,76.0,0,0,0,0,48,0,26,1,0
Ryan Simpson,105697,WR,MONTANA,3,0,0,232,,,,,,,59.9,,,64.9,0,0,0,0,0,4,0,0,0
Robbie Williams III,105699,WR,NWSTATE,4,0,0,257,,,,,,,57.0,,,68.1,0,0,0,0,3,17,0,0,0
Rj Khayo,105700,WR,WOFFORD,11,0,0,350,,,,54.6,,,60.0,78.9,,68.2,0,0,0,0,0,22,0,39,0
Rashaan Palmer,105701,WR,SE MO ST,3,0,0,293,,,,,,,60.4,,,68.2,0,0,0,0,0,6,0,0,0
Ke'Lenn Davis,105705,WR,TEXAS STHN,6,0,0,313,,,,62.8,,,64.4,62.4,,65.8,0,0,0,0,3,7,0,4,1
Shaq Davis,105710,WR,SCAR STATE,1,0,0,290,,,,63.0,,,60.1,,,65.3,0,1,0,0,0,3,0,0,0
Yahsyn McKee,105714,CB,MERCER,9,0,0,219,85.6,,,66.6,,,74.6,70.1,,28.8,0,1,0,36,0,21,0,32,0
Sam Rogers,105715,WR,BUTLER,1,0,0,127,,,,,,,60.0,,,61.5,0,0,0,0,0,2,0,0,0
Justin Wendt,105716,WR,SE LA,2,0,0,294,,,,,,,77.7,,,66.0,0,0,0,0,1,0,1,0,1
Jourdan Townsend,105717,WR,DELAWARE,10,0,0,151,,,,59.0,,,64.9,63.2,,72.0,0,0,0,0,0,52,0,48,0
Keelan White,105718,WR,MONTANA,8,0,0,232,,,,,,,66.0,90.4,,67.5,0,0,0,0,23,1,0,16,1
Burke Griffin,105719,WR,NEW HAMP,11,1,0,240,,,,,,,63.1,,,75.8,2,0,0,0,4,1,35,15,1
Chandler Brayboy,105721,WR,ELON,10,0,0,162,,,,65.1,,,71.7,,,72.7,1,0,0,0,0,43,40,0,4
Bradley Ellis,105722,WR,SAMFORD,2,0,0,282,,,,,,,52.5,,,68.8,0,0,0,0,0,15,0,0,0
Brett Buckman,105723,WR,DELAWARE,10,0,0,151,,,,,,,64.5,,,75.1,0,0,0,0,0,52,0,33,0
Jahmar Quandt,105724,WR,CHATTNOOGA,1,0,0,137,,,,,,,60.9,,,63.9,0,0,0,0,3,0,0,0,0
Jack Roe,105725,WR,LAMAR,7,1,1,204,,,,61.8,,,81.4,,,29.3,0,1,0,0,15,24,24,13,5
Deondre Little,105727,CB,HAMPTON,7,0,0,178,60.0,,,,,,54.9,,,75.1,1,0,0,1,31,0,0,19,0
Griffin Helm,105729,WR,NEW HAMP,7,0,0,240,,,,,,,60.6,61.6,,65.5,0,0,0,0,0,0,0,16,0
Chris Edmonds,105737,S,SAMFORD,11,0,0,282,60.2,,,,,,67.7,60.3,,74.7,0,0,0,62,13,1,0,32,0
Jadakis Bonds,105743,WR,HAMPTON,1,0,0,178,,,,,,,60.0,,,63.3,0,0,0,0,0,0,0,0,0
Landon Miller,105745,WR,MERCER,10,0,0,219,,,,,,,65.7,63.7,,68.0,0,0,0,0,21,38,0,4,2
Kyren Petteway,105750,WR,CENT CT ST,6,0,0,133,,,,61.3,,,59.7,55.4,,65.7,0,0,0,0,0,21,0,9,0
Erik Surratt,105756,WR,CENT CT ST,4,0,0,133,,,,59.9,,,59.9,52.2,,64.2,0,0,0,0,1,5,0,1,0
Jared Mallozzi,105760,WR,CENT CT ST,4,0,0,133,,,,64.8,,,60.6,68.3,,66.8,0,0,0,0,0,13,0,16,0
Shamar Minnis,105763,WR,BETH COOK,5,0,0,119,,,,,,,56.9,,,28.1,0,1,0,0,5,0,0,9,1
Avery Williams,105764,WR,CHATTNOOGA,2,0,0,137,,,,,,,59.9,,,65.9,0,0,0,0,0,0,0,4,0
Caleb Ogunmola,105765,WR,ELON,10,2,0,162,,,,,,,70.4,,,72.9,0,0,0,0,26,29,7,0,2
Patrick Heard,105766,WR,NWSTATE,11,0,0,257,,,,,,,82.2,,,82.3,0,0,0,0,13,66,45,28,5
Richard Bailey,105767,WR,SCAR STATE,10,0,0,290,,,,60.9,,,62.7,64.4,,67.6,0,0,0,0,14,39,0,7,1
Garrett Todd,105768,WR,SE MO ST,10,1,0,293,,,,61.4,,,67.1,62.9,,78.0,0,0,0,0,51,32,30,30,1
Derek Morton,105769,WR,TEXAS STHN,10,0,0,313,,,,,,,62.3,,,49.0,1,1,0,0,10,4,44,27,1
Daveno Ellington,105770,WR,BETH COOK,7,0,0,119,,,,61.8,,,71.2,,,76.1,0,0,0,0,16,42,15,17,3
Hezekiah Massey,105773,WR,SCAR STATE,11,0,0,290,,,,59.6,,,65.7,,,81.5,0,0,0,0,1,24,0,50,0
Ed Magee,105774,WR,SE LA,13,0,0,294,,,,,,,62.6,,,76.9,1,0,0,0,91,79,1,35,0
Roderick Howard,105775,WR,TEXAS STHN,2,0,0,313,,,,,,,60.8,,,66.1,0,0,0,0,3,0,0,1,0
Travien Benjamin,105780,HB,SOUTHERN U,3,0,0,297,59.6,,,,,,60.5,,,65.6,0,0,0,1,0,0,0,3,0
Elijah Benoit,105791,CB,E ILLINOIS,6,0,0,158,59.7,,,,,,56.9,,,76.6,0,0,0,13,11,12,15,17,0
Logan Dalton,105822,S,DAYTON,8,1,0,150,,,,,,,69.2,,,78.6,0,0,0,0,50,19,35,17,2
Owen Smith,105823,LB,DAYTON,10,1,0,150,59.9,,,,,19.1,64.2,,,81.1,0,0,0,6,59,39,28,32,4
Marc Rumpke,105825,C,DAYTON,6,0,0,150,,,78.4,,,73.5,63.8,,,64.3,0,0,26,0,0,0,4,0,0
Elijah Smith,105831,CB,DAYTON,10,0,0,150,59.3,,,,,,62.3,,,77.4,0,0,0,43,0,0,0,8,0
Brady Rhodes,105833,TE,STETSON,2,0,0,302,,,,,,,59.9,,,64.9,0,0,0,0,0,4,0,0,0
Jenaro Ocama,105834,CB,N DAK ST,2,0,0,250,,,,,,,68.8,,,65.0,0,0,0,0,3,0,0,3,1
Amir Wallace,105835,CB,SAN DIEGO,11,0,0,283,59.4,,,,,,66.0,,,83.3,0,0,0,33,9,9,18,41,1
Zamir Wallace,105836,CB,SAN DIEGO,11,1,0,283,59.5,,,,,,64.0,,,83.7,1,0,0,16,42,46,54,32,1
Tyhir Harley,105838,CB,MARIST,10,0,0,213,59.6,,,,,,68.1,,,71.7,0,0,0,9,45,0,0,22,2
Isaiah Smith,105839,CB,MARIST,8,0,0,213,59.4,,,,,,63.7,,,74.7,0,0,0,23,0,0,0,24,0
Yosuke Sugano,105842,ED,ST FRANCIS,10,0,0,299,59.3,,,,,,64.0,,,83.5,0,0,0,29,1,40,6,49,0
Marquez Henry,105844,S,E TENN ST,10,1,0,157,,,,,,,66.2,,,41.6,2,1,0,0,62,0,7,26,7
Terron Mallory,105846,CB,SACR HEART,9,0,0,280,59.6,,,,,,65.1,,,77.3,0,0,0,8,0,0,0,26,0
Alex Washington,105848,CB,HARVARD,5,0,0,179,59.6,,,,,,62.7,,,71.1,0,0,0,10,15,0,0,13,0
Jelani Machen,105849,CB,HARVARD,5,0,0,179,,,,,,,59.8,,,29.3,0,1,0,0,28,5,6,6,1
DeWayne Terry Jr.,105850,CB,DARTMOUTH,8,0,0,148,59.7,,,,,,63.2,,,72.1,0,0,0,18,2,2,0,18,0
Antoine Morales,105854,WR,MARIST,2,0,0,213,,,,59.9,,,60.3,,,65.7,0,0,0,0,0,3,0,0,0
Joe Bubonics,105855,S,DAYTON,10,0,0,150,59.4,,,67.3,,,62.7,,,76.3,1,0,0,45,55,30,2,16,2
A.J. Watson,105856,CB,DAYTON,8,0,0,150,59.4,,,,,,41.0,,,26.9,0,2,0,16,15,0,0,12,0
George Steele,105862,CB,JVILLE ST,7,1,0,196,59.6,,,,,,54.1,,,28.9,1,1,0,10,15,1,31,7,0
Jamias Presley,105863,CB,PRVIEW A&M,11,0,0,270,59.4,,,,,,63.2,,,77.0,0,0,0,44,2,0,4,30,0
Demarco Price,105864,CB,JVILLE ST,11,0,0,196,,,,,,,62.9,,,78.0,1,0,0,0,48,0,11,23,2
Malik Feaster,105868,CB,JVILLE ST,11,1,0,196,59.3,,,,,,68.9,,,78.3,0,1,0,39,38,6,26,19,2
Ryan Webb,105876,CB,DUQUESNE,2,0,0,155,59.8,,,,,,60.6,,,65.0,0,0,0,2,0,1,0,1,0
Jamal Valentin,105879,CB,MARIST,9,1,0,213,,,,,,,71.9,,,74.6,0,0,0,0,32,0,27,2,3
Lamar Evans,105881,CB,SACR HEART,11,0,0,280,59.5,,,,,,63.9,,,77.3,0,0,0,24,0,0,0,29,0
Randy Brito,105882,CB,SACR HEART,9,0,0,280,59.5,,,,,,62.4,,,70.3,0,0,0,15,0,0,0,13,0
Shamere Collins,105883,S,SACR HEART,10,0,0,280,90.0,,,,,,90.9,60.3,,77.2,0,0,0,19,0,1,0,3,0
Nate Cureton,105890,CB,STETSON,8,1,0,302,59.9,,,,,,63.2,,,70.2,1,0,0,15,33,0,0,11,1
Trey Mason,105894,CB,BUTLER,10,0,1,127,60.0,,,,,,51.9,,,28.7,0,1,0,24,0,0,0,25,0
Cooper Krezek,105903,S,MOREHEAD,9,0,0,234,59.5,,,,,,62.1,60.0,,73.3,0,0,0,39,1,0,0,5,0
Rassie Littlejohn,105907,S,STETSON,10,0,0,302,77.1,,,,,,90.1,,,90.5,0,0,0,44,15,2,0,21,3
Davion Maxwell,105908,LB,STETSON,10,1,0,302,60.1,,,59.9,,,65.6,,,79.3,0,1,0,45,9,59,12,23,0
Jordan Williams,105910,ED,STETSON,9,2,0,302,59.9,,,,,,72.0,,,78.2,1,1,0,2,12,46,28,20,5
Jaylon Johnson,105912,CB,STETSON,9,0,0,302,59.8,,,57.1,,,63.8,62.0,,75.3,0,0,0,32,10,34,5,19,1
Bryson Wilcox,105914,CB,STETSON,10,0,0,302,59.8,,,,,,60.4,,,78.4,3,0,0,9,51,0,37,23,3
Akil Mitchell,105917,CB,VALPO,1,0,0,332,59.9,,,,,,59.9,,,61.7,0,0,0,3,0,0,0,0,0
Donovan Earles,105918,CB,VALPO,6,0,0,332,59.7,,,,,,65.9,,,73.3,0,0,0,4,20,0,6,13,1
Demetries Ford,105921,CB,AUSTINPEAY,11,1,0,116,59.5,,,,,,58.3,,,28.6,0,2,0,19,25,9,7,68,1
Jordan White,105922,S,YNGTOWN ST,8,0,0,353,60.3,,,,,,55.7,,,71.2,2,0,0,38,12,1,36,6,1
Troy Jakubec,105923,CB,YNGTOWN ST,10,0,0,353,59.3,,,,,,61.5,,,80.9,0,1,0,31,1,0,0,20,0
Dominic Donohue,105924,P,MARIST,10,0,0,213,,,65.4,,53.8,,57.0,,46.9,32.8,0,2,39,0,41,0,45,0,0
D'Marco Augustin,105925,S,YNGTOWN ST,10,0,1,353,60.0,,,,,,61.3,,,29.5,0,1,0,37,20,0,13,0,3
Jordan Trowers,105927,CB,YNGTOWN ST,3,0,0,353,59.8,,,,,,62.4,,,69.8,0,0,0,2,10,0,0,4,0
Cooper DeVeau,105934,CB,BROWN,5,0,0,123,59.5,,,,,,61.8,,,70.4,0,0,0,19,10,0,0,4,0
Joshua Ofili,105936,CB,BROWN,10,0,0,123,59.7,,,,,,66.2,,,83.3,3,0,0,41,3,0,36,8,3
Joshua Wilson,105939,S,MERRIMACK,8,0,0,385,60.0,,,,,,65.1,,,73.6,0,0,0,4,7,0,0,28,0
Shayne Butler,105941,CB,MERRIMACK,10,0,0,385,,,,,,,59.3,,,74.9,0,1,0,0,2,45,2,36,0
Sammy Fort,105949,S,N DAKOTA,10,0,0,249,59.7,,,,,,65.7,,,80.8,0,0,0,14,33,0,34,29,0
Jayson Coley,105950,S,N DAKOTA,7,0,0,249,59.8,,,,,,71.5,,,75.0,0,0,0,7,22,1,15,17,0
Caleb Nelson,105951,CB,N DAKOTA,10,0,0,249,59.4,,,,,,63.8,,,76.0,0,0,0,31,5,0,0,36,0
Matt Koshiol,105952,S,N DAKOTA,10,0,0,249,,,,,,,65.0,,,76.0,0,0,0,0,21,47,0,31,0
Luke Herzog,105954,ED,STTHOM,10,1,0,1129,59.7,,,,,,70.5,,,74.4,0,0,0,31,33,13,26,8,4
Julian McGarvey,105955,QB,MARIST,9,0,0,213,,,,,,,61.0,,,67.0,0,0,0,0,0,0,41,0,0
Daniel Douglas,105958,CB,DELWARE ST,11,1,0,152,60.0,,,,,,81.5,,,58.7,0,1,0,2,49,54,63,53,11
Esaias Guthrie,105959,S,DELWARE ST,10,0,0,152,59.8,,,,,,60.9,,,66.1,0,0,0,33,0,0,3,6,0
Victor Tademy,105965,CB,HARVARD,9,0,0,179,60.4,,,,,,69.1,,,73.1,0,0,0,24,15,6,3,26,1
Rudy Silvera,105967,CB,LIUSHAR,10,0,0,1298,59.3,,,,,,54.1,,,40.7,0,1,0,31,12,0,10,19,0
Mike Arrington,105969,LB,MARIST,10,1,0,213,59.7,,,,,,73.2,,,75.8,0,0,0,34,47,0,45,14,4
Andrew Bloodsaw Jr.,105970,CB,MS VLY ST,6,0,0,228,59.5,,,,,,60.0,,,73.8,1,0,0,20,21,7,17,9,1
Milton Adams,105973,S,MS VLY ST,3,0,0,228,,,,,,,68.9,,,73.0,0,0,0,0,11,1,5,11,1
Isas Waxter,105977,CB,VILLANOVA,13,0,0,334,59.8,,,,,,61.0,,,32.1,0,1,0,19,13,0,54,34,3
Elijah Glover,105979,S,VILLANOVA,10,1,0,334,59.7,,,,,,64.8,,,37.4,0,3,0,8,47,41,47,42,3
Hunter Cusimano,105980,S,VILLANOVA,3,0,0,334,60.0,,,,,,60.0,60.3,,62.1,0,0,0,2,0,0,0,1,0
Bryan Bell-Anderson,105981,CB,COLUMBIA,6,0,0,145,59.9,,,,,,62.5,,,68.8,0,0,0,7,0,4,0,12,0
Railan Peace,105983,CB,COLUMBIA,4,0,0,145,60.0,,,,,,62.0,,,67.7,0,0,0,3,0,1,0,8,0
Kevonte Polk,105985,CB,COLUMBIA,2,0,0,145,,,,,,,60.3,,,68.6,0,0,0,0,0,0,0,5,0
Jalyx Hunt,105989,S,CORNELL,10,1,0,147,58.6,,,,,,71.2,,,77.5,0,1,0,39,18,0,56,36,6
Paul Lewis III,105990,CB,CORNELL,10,0,0,147,59.7,,,,,,67.8,,,74.5,0,0,0,6,18,0,0,40,1
Seth Verilus,105992,CB,DARTMOUTH,4,0,0,148,60.2,,,,,,71.7,,,73.8,0,0,0,5,19,8,11,10,3
Jovone Campbell,105994,S,GEORGETOWN,9,0,0,172,90.5,,,,,,91.3,,,66.1,0,0,0,24,1,2,5,2,1
Noah Carr,105996,S,GEORGETOWN,5,0,0,172,,,,,,,36.9,,,26.7,0,2,0,0,4,30,0,4,0
Jack Tishman,105997,CB,GEORGETOWN,6,0,0,172,,,,,,,62.6,,,74.0,0,0,0,0,10,20,5,3,0
Khalil Saunders,105998,S,GEORGETOWN,9,0,0,172,59.4,,,,,,54.9,,,71.3,0,0,0,24,2,0,15,10,0
Mitchell Lawhead,106001,CB,LEHIGH,5,0,0,205,60.0,,,,,,62.6,,,73.2,0,0,0,1,0,6,0,13,0
Jack Bush,106002,CB,LEHIGH,7,0,0,205,59.9,,,,,,58.9,,,77.6,1,0,0,1,14,15,17,21,0
TyGee Leach,106003,S,LEHIGH,10,0,0,205,60.3,,,,,,64.9,,,72.0,0,0,0,48,9,0,32,4,0
Lance Sell,106006,S,LEHIGH,10,0,0,205,60.0,,,,,,68.5,,,74.5,0,0,0,1,19,29,3,15,3
Jaden Key,106007,S,PENN,9,0,0,267,59.8,,,,,,61.9,,,71.8,0,0,0,42,0,0,0,5,0
Chris Rankins,106008,S,PENN,8,0,0,267,59.8,,,,,,61.8,60.0,,70.6,0,0,0,26,6,3,0,2,0
Kendren Smith,106009,CB,PENN,3,0,0,267,59.7,,,,,,42.8,,,27.4,0,1,0,8,0,0,15,1,0
Darien Townsend,106011,ED,INCAR WORD,4,0,0,189,58.7,,,,,,58.7,,,64.4,0,0,0,6,0,0,0,0,0
Archie Russ III,106013,CB,YALE,2,0,0,352,,,,,,,60.5,,,69.4,0,0,0,0,0,4,0,0,0
Wande Owens,106015,CB,YALE,9,2,0,352,59.3,,,59.9,,,65.0,,,90.3,3,0,0,33,36,4,35,12,3
Du'Shaunte Holloway,106016,S,YALE,2,0,0,352,,,,,,,62.9,,,69.7,0,0,0,0,10,0,0,3,0
Jermaine Baker,106018,LB,YALE,2,1,0,352,60.0,,,,,,66.4,,,66.6,0,0,0,1,4,0,0,0,0
Brandon Benn,106019,S,YALE,7,0,0,352,60.0,,,,,,60.5,,,64.3,0,0,0,19,2,0,1,0,0
D.J. Cunningham,106020,S,BRYANT,9,0,0,124,,,,,,,62.3,,,77.5,0,0,0,0,0,42,0,0,0
Ken Lim,106023,S,PRINCETON,10,0,0,272,60.0,,,59.1,,,67.6,,,46.3,0,1,0,2,56,18,36,50,1
Michael Ruttlen Jr.,106024,S,PRINCETON,8,0,0,272,59.5,,,,,,59.9,,,65.2,0,0,0,22,0,0,3,2,0
Jayden Wickware,106025,S,PRINCETON,3,0,0,272,,,,,,,62.7,,,66.2,0,0,0,0,11,0,0,4,0
Skyler Spetter,106026,T,BUTLER,8,0,0,127,,,70.5,,,,64.7,,,74.0,0,0,30,0,0,0,0,0,0
Diassa Diakite,106027,CB,HARVARD,8,0,0,179,59.8,,,,,,63.5,,,75.1,0,0,0,2,16,0,17,31,0
Khalil Dawsey,106028,CB,HARVARD,4,0,0,179,59.9,,,,,,65.1,,,69.2,0,0,0,4,0,0,0,18,0
Matt Tynes,106031,CB,HARVARD,2,0,0,179,59.8,,,,,,61.9,,,68.4,0,0,0,2,0,0,0,6,0
Adam Raine,106034,DI,YALE,9,0,0,352,57.8,,71.8,,,,61.2,,,73.9,0,0,28,36,0,0,0,14,0
Charlie Dallape,106036,CB,BROWN,8,0,0,123,59.5,,,,,,55.1,,,70.5,1,0,0,14,8,0,9,4,0
Cubby Schuller,106038,T,YALE,5,0,0,352,,,65.2,,,,63.0,,,66.0,0,0,18,0,0,0,0,0,0
Alex Schmoke,106043,K,ST FRANCIS,10,0,0,299,,76.2,,,68.9,,62.9,,,73.4,1,0,41,0,40,0,0,0,1
Ronell Joseph,106044,CB,BRYANT,3,0,0,124,,,,,,,62.7,,,71.9,0,0,0,0,8,0,0,12,0
Tyler Allen,106045,S,BRYANT,9,0,0,124,60.0,,,,,,66.2,,,75.8,0,0,0,2,49,0,1,39,0
Ricardo Martinez,106046,S,BRYANT,8,1,0,124,59.8,,,,,,81.7,,,70.5,0,0,0,33,29,16,6,0,1
Ricky Mysliwiec,106048,G,DAYTON,3,0,0,150,,,68.0,,,,63.5,,,71.4,0,0,20,0,0,0,0,0,0
Mac Menard,106051,CB,BUTLER,10,0,0,127,59.2,,,,,,63.5,,,75.8,0,0,0,13,22,0,0,25,0
Tommy Carlsen,106052,S,BUTLER,9,0,0,127,59.9,,,,,,65.0,,,72.4,0,0,0,41,11,0,0,16,1
Thomas Rousseau,106053,CB,BUTLER,9,0,0,127,59.6,,,,,,61.3,61.7,,71.4,0,0,0,37,0,0,0,7,0
Devin Aguilar,106054,CB,BUTLER,9,0,0,127,59.6,,,63.7,,,61.5,63.7,,74.8,0,0,0,44,16,28,11,17,0
Will Allen,106059,CB,COLUMBIA,10,0,0,145,59.3,,,71.0,,,54.8,,,28.4,0,2,0,32,0,10,26,16,2
Ben Mathiasmeier,106061,S,COLUMBIA,10,0,0,145,59.4,,,,,,54.4,63.2,,37.4,0,1,0,32,1,2,34,6,0
Graham Flinn,106062,S,COLUMBIA,10,0,0,145,,,,,,,61.0,,,79.1,0,0,0,0,35,45,11,31,1
Jordan Colbert,106063,S,COLUMBIA,10,1,0,145,59.8,,,,,,64.3,60.0,,72.2,0,0,0,9,12,26,6,16,0
Fara'ad McCombs,106064,S,COLUMBIA,5,0,0,145,60.1,,,,,,61.0,60.3,,73.0,0,0,0,6,1,18,14,6,0
Mitchell Sturgill,106065,S,COLUMBIA,4,1,0,145,,,,,,,66.8,,,76.0,0,0,0,0,16,22,0,19,0
Ryan Rhoden,106066,CB,COLUMBIA,6,0,0,145,,,,,,,50.4,,,73.7,0,1,0,0,10,2,0,23,0
Derric Lee,106067,CB,COLUMBIA,2,0,0,145,,,,,,,65.6,,,74.1,0,0,0,0,0,0,0,9,0
Chris Park,106068,CB,COLUMBIA,10,0,0,145,,,,,,,67.4,,,74.8,0,0,0,0,55,22,16,29,3
Mike Fluegel,106069,CB,COLUMBIA,10,2,0,145,59.8,,,,,,82.7,,,83.3,0,0,0,2,39,38,30,37,4
Darion McKenzie,106070,CB,MERRIMACK,10,0,0,385,59.4,,,80.6,,,78.6,,,78.5,0,0,0,30,5,31,37,1,2
Hunter Lunsford,106071,S,INDIANA ST,9,0,0,191,,,,,,,73.1,,,75.9,0,0,0,0,24,17,16,33,5
Isaiah Johnson,106073,CB,DARTMOUTH,9,0,0,148,59.4,,,56.4,,,62.7,,,70.4,0,0,0,21,0,27,0,18,0
Robert Crockett III,106075,CB,DARTMOUTH,10,1,0,148,59.8,,,,,,91.0,,,53.7,0,1,0,13,37,8,29,38,2
Landon McDermott,106076,S,DARTMOUTH,10,1,0,148,60.0,,,,,,69.7,,,80.8,0,0,0,5,45,30,35,42,3
John Pupel,106077,CB,DARTMOUTH,10,0,0,148,59.8,,,,,,61.0,,,71.0,0,0,0,27,0,6,15,10,0
Josh Betts,106078,S,DARTMOUTH,6,1,0,148,,,,,,,66.8,,,76.3,0,0,0,0,27,8,25,15,1
Nick Cagnetto,106084,S,DRAKE,10,1,0,153,59.7,,,,,,65.6,,,76.3,0,0,0,12,30,47,0,27,0
Zach Drummond,106086,WR,DRAKE,7,0,0,153,,,,,,,57.5,,,74.0,1,0,0,0,17,4,29,0,1
Joey Lukrich,106087,CB,DRAKE,8,0,0,153,59.6,,,,,,62.6,,,77.2,0,0,0,16,0,0,0,6,0
Tanner Thorsness,106093,DI,N DAKOTA,3,0,0,249,,,,,,,62.8,,,66.4,0,0,0,0,7,0,0,2,0
Ahmad Wilson,106102,S,GEORGETOWN,10,2,0,172,59.4,,,,,,64.3,,,38.7,2,1,0,48,17,0,52,7,2
Roemello Walton,106104,S,GEORGETOWN,8,0,0,172,59.5,,,,,,61.4,,,65.8,0,0,0,13,7,0,0,1,0
Jonathan Honore,106105,CB,GEORGETOWN,10,0,0,172,59.3,,,,,,67.5,,,80.4,1,0,0,32,25,0,37,6,3
Zaire Webb,106108,HB,GEORGETOWN,7,3,0,172,,,,,,,71.6,60.3,,77.6,1,1,0,0,26,36,34,25,4
Micah McNeil,106109,CB,GEORGETOWN,2,0,0,172,,,,,,,53.7,,,65.5,0,0,0,0,4,0,0,0,1
Max Jones,106113,CB,HARVARD,3,0,0,179,60.0,,,,,,30.1,,,25.6,0,1,0,1,0,1,0,4,0
Jason Brown,106116,CB,HARVARD,1,0,0,179,,,,,,,59.8,,,64.5,0,0,0,0,0,0,2,0,0
Mike Silva,106117,S,HARVARD,10,0,0,179,60.1,,,,,,63.8,,,78.4,0,0,0,3,41,32,7,1,0
David Spitz,106119,CB,HARVARD,10,0,0,179,59.8,,,,,,66.3,,,52.1,0,1,0,2,40,0,51,27,2
Aaron Byrd,106131,T,VALPO,10,0,0,332,,,74.5,,,,64.9,,,72.9,0,0,50,0,0,0,11,0,0
Tariq Snead,106134,CB,LIUSHAR,10,0,1,1298,83.2,,,63.5,,,79.5,,,35.6,0,1,0,55,3,30,0,22,0
Caleb Holden,106137,CB,MERRIMACK,10,1,0,385,59.4,,,60.3,,,64.9,60.2,,80.8,1,0,0,30,48,22,34,3,5
Jason Labbe II,106139,LB,MERRIMACK,8,1,0,385,60.1,,,,,,74.1,,,75.2,0,0,0,22,1,0,9,20,1
Anthony Witherstone,106144,CB,MERRIMACK,10,0,0,385,59.4,,,,,,63.5,,,59.0,0,2,0,28,50,45,35,4,4
Keonte' Daniels,106149,S,MS VLY ST,10,1,0,228,59.6,,,,,,73.5,61.0,,80.0,1,0,0,46,41,18,59,19,7
William Morgan,106150,CB,MS VLY ST,9,0,0,228,59.2,,,,,,65.2,,,75.8,0,0,0,46,0,0,16,18,1
Kharee Lockley,106152,CB,MS VLY ST,1,0,0,228,59.8,,,,,,60.1,,,64.6,0,0,0,2,0,0,0,0,0
Isaiah Tigler,106157,S,MOREHEAD,10,0,0,234,60.0,,,,,,70.1,,,90.4,0,0,0,11,5,0,0,18,0
Tyler Noble,106158,CB,MOREHEAD,9,0,0,234,59.2,,,,,,61.9,,,76.8,0,0,0,44,1,0,0,5,0
Josh Holland,106163,S,MOREHEAD,10,1,0,234,60.2,,,,,,57.4,,,28.6,0,1,0,7,26,0,0,22,0
Brandon Barbee,106164,CB,SE LA,6,0,0,294,60.0,,,,,,61.8,,,69.8,0,0,0,18,0,0,0,4,0
Gerrell Green,106165,CB,N ALABAMA,7,1,0,389,,,,,,,46.7,,,27.1,0,1,0,0,2,0,0,11,0
Nate Reed,106166,S,N ALABAMA,11,1,0,389,60.0,,,,,,62.6,,,35.5,1,1,0,34,58,25,12,31,3
Mohammed Diakite,106170,CB,PENN,9,1,0,267,59.4,,,,,,65.4,,,77.6,0,0,0,28,13,0,8,15,0
Malcolm Strickland,106171,CB,PENN,7,0,0,267,,,,,,,67.5,,,76.7,0,0,0,0,0,0,12,32,1
Jason McCleod Jr.,106172,CB,PENN,9,0,0,267,59.3,,,,,,62.0,,,76.3,0,0,0,42,0,0,0,6,0
Trevor Forbes,106178,S,PRINCETON,8,0,0,272,59.8,,,,,,61.8,,,66.3,0,0,0,24,0,6,0,8,0
Sultaan Shabazz,106181,CB,PRINCETON,10,0,0,272,59.5,,,,,,63.6,,,30.0,0,1,0,13,6,3,39,42,3
Delan Stallworth,106182,CB,PRINCETON,4,0,0,272,90.5,,,,,,91.7,,,67.4,0,0,0,11,0,0,0,0,0
Matthew Winston,106183,CB,PRINCETON,7,0,0,272,59.5,,,,,,63.4,,,72.3,0,0,0,14,7,0,0,32,0
Christian Brown,106184,CB,PRINCETON,9,0,0,272,59.4,,,,,,61.6,,,70.1,0,0,0,22,7,0,0,6,0
Martin Foray Jr.,106191,S,ST FRANCIS,9,0,0,299,59.9,,,,,,56.2,,,74.6,0,0,0,4,12,1,0,8,0
Tremayn Stott,106192,LB,ST FRANCIS,10,0,0,299,59.8,,,,,,59.5,,,76.6,0,0,0,3,14,1,45,2,0
Terrell Smith,106193,CB,ST FRANCIS,10,0,0,299,59.7,,,,,,67.1,,,71.3,0,1,0,5,39,0,2,0,1
Kerry Galloway,106194,CB,ST FRANCIS,10,1,0,299,60.0,,,,,,69.5,,,73.5,0,0,0,4,21,0,0,27,0
Desmond Harrod,106196,S,ST FRANCIS,2,0,0,299,,,,,,,63.1,,,67.7,0,0,0,0,5,0,0,3,0
Gio Vonne Sanders,106198,S,ST FRANCIS,5,0,0,299,59.8,,,,,,65.8,,,76.8,0,0,0,5,2,0,3,20,0
Christian Massie,106200,CB,ST FRANCIS,10,0,0,299,60.1,,,,,,63.4,,,69.5,0,0,0,32,11,0,0,5,2
Justice Seales,106205,CB,SACR HEART,11,1,0,280,59.9,,,,,,74.5,,,78.0,0,0,0,16,48,34,0,18,5
Dylan Whetter,106209,G,MS VLY ST,10,0,0,228,,,73.4,,,,68.0,,,71.0,0,0,34,0,0,0,61,0,1
Justin Roberson,106210,LB,STETSON,10,1,0,302,59.9,,,,,,62.9,,,29.7,0,1,0,7,39,0,1,11,0
CJ Barney,106212,S,STETSON,2,0,0,302,,,,,,,67.2,,,69.3,0,0,0,0,10,0,0,3,1
JJ Henderson,106213,CB,INDIANA ST,11,0,0,191,59.4,,,49.5,,,61.3,66.6,,72.0,0,0,0,42,0,33,1,24,0
Kellan Mckeag,106222,LB,STTHOM,8,0,0,1129,59.2,,,,,,60.4,,,74.1,0,0,0,13,0,32,0,1,0
Kohlton Sherman,106227,S,VALPO,10,0,0,332,59.8,,,,,,63.0,,,76.0,0,0,0,40,3,53,33,1,0
Deonte Henson,106230,CB,YALE,5,0,0,352,59.7,,,,,,62.5,,,70.0,0,0,0,4,15,0,0,8,0
Miles Oldacre,106231,S,YALE,10,0,0,352,59.8,,,,,,77.2,,,28.5,0,2,0,34,23,4,34,2,4
Darnell Robinson,106232,CB,YALE,5,0,0,352,59.8,,,,,,62.6,,,70.7,0,0,0,2,5,0,0,18,0
Jaylan Granberry,106233,CB,YALE,8,0,0,352,59.5,,,,,,64.1,,,75.6,0,0,0,18,4,0,0,36,0
Kennedy Kosmalski,106234,S,YALE,9,0,0,352,,,,,,,64.4,,,35.4,1,1,0,0,34,35,10,41,3
Dathan Hickey,106236,CB,YALE,8,0,0,352,59.3,,,60.0,,,68.5,,,73.8,0,0,0,32,28,3,0,16,3
Patrick Minenok,106241,S,YNGTOWN ST,7,0,0,353,60.0,,,,,,63.3,,,29.6,0,1,0,2,17,31,34,19,2
Travon Wallace,106244,S,NC CENT,8,0,0,247,60.1,,,,,,73.4,,,74.6,0,0,0,30,13,0,0,7,3
Brandon Codrington,106248,CB,NC CENT,9,0,0,247,90.4,,,72.5,,,90.2,87.0,,46.4,0,1,0,38,6,41,13,44,0
Will Mostaert,106258,ED,N DAK ST,8,0,0,250,59.3,,,,,,62.0,,,68.2,0,0,0,6,0,0,0,6,0
Jack Benzija,106259,ED,STETSON,7,0,0,302,59.1,,70.6,,,,64.3,,,79.0,0,0,32,10,0,0,0,7,0
Hunter Smallback,106261,ED,STETSON,5,0,0,302,59.3,,,,,,60.7,,,65.3,0,0,0,5,0,0,0,3,0
Dylan Wudke,106263,ED,YNGTOWN ST,10,0,0,353,59.2,,,,,,60.4,,,68.5,0,0,0,39,0,0,48,0,0
Sean Kelly,106264,ED,BROWN,10,3,0,123,59.8,,,,,,77.5,,,87.7,1,0,0,15,53,72,36,26,5
Tommy Maloney,106266,ED,BROWN,7,0,0,123,,,,,,,61.4,,,73.3,1,0,0,0,42,4,4,0,1
Griffin Sturtz,106267,T,BROWN,7,0,0,123,,,71.4,,,,64.2,,,67.7,0,0,36,0,0,0,0,0,0
Tyler Antkowiak,106268,ED,N ALABAMA,11,0,0,389,58.8,,74.9,,,,58.3,,,38.9,0,1,51,19,1,0,45,4,0
Sebastian Benjamin,106272,ED,ST FRANCIS,10,0,0,299,59.8,,67.8,,,,63.3,,,72.1,0,0,22,28,4,12,46,4,1
Phillip Hopkins,106273,ED,ALAB A&M,10,0,0,104,58.6,,,,,,60.7,,,72.8,0,0,0,38,0,39,0,11,0
Lemuel Gordon,106275,DI,JVILLE ST,3,0,0,196,59.0,,,,,,59.0,,,64.2,0,0,0,6,0,0,0,0,0
Kenny Dyson Jr.,106277,ED,BRYANT,9,0,0,124,59.9,,,,,,60.8,,,68.9,0,0,0,27,0,3,0,1,0
Chidi Nna,106279,ED,BRYANT,6,0,0,124,59.6,,,,,,60.6,,,66.7,0,0,0,16,0,0,0,2,0
Rayshad Wallace,106280,DI,SACR HEART,3,0,0,280,59.5,,,,,,61.1,,,76.2,0,0,0,3,0,0,0,2,0
Ryan Putman,106283,LB,BROWN,9,0,0,123,59.9,,,59.9,,,62.8,,,72.2,0,0,0,4,10,37,5,14,0
Demetrius Wilson,106292,LB,MERRIMACK,4,1,0,385,,,,,,,67.6,,,70.1,0,0,0,0,2,0,0,10,0
Nate Boone,106293,ED,DARTMOUTH,2,0,0,148,59.2,,,,,,62.8,,,67.8,0,0,0,2,0,0,0,7,0
Mason Stauffer,106296,ED,DAYTON,10,0,0,150,58.2,,73.3,59.1,,,60.5,,,77.9,0,0,47,33,0,40,33,7,0
Joe Durham,106297,ED,DAYTON,2,0,0,150,59.3,,,,,,59.5,,,62.9,0,0,0,2,0,0,0,0,0
Quincy Chinwuko,106303,ED,GEORGETOWN,1,0,0,172,59.3,,,,,,61.1,,,67.0,0,0,0,2,0,0,0,3,0
Ibrahim Kamara,106304,ED,GEORGETOWN,8,0,0,172,58.5,,,,,,59.0,,,67.7,0,0,0,31,0,0,0,3,0
DJ Coleman,106310,ED,JVILLE ST,11,0,0,196,58.4,,,59.9,,,64.0,,,70.9,0,0,0,34,3,16,37,8,1
Devonte Toles,106313,ED,N ALABAMA,5,0,0,389,59.2,,,,,,60.1,,,65.8,0,0,0,9,0,0,0,2,0
Khalil Lewis,106314,LB,PENN,10,0,0,267,59.8,,,,,,62.7,,,73.7,1,0,0,26,33,7,0,15,1
Michael Azevedo,106315,DI,PRINCETON,7,0,0,272,58.3,,,,,,58.7,,,67.3,0,0,0,17,0,0,0,5,0
Chase Bradley,106320,ED,SACR HEART,11,0,0,280,59.7,,,,,,62.2,,,70.5,0,0,0,18,0,0,0,14,0
Kevin Peprah,106321,ED,SACR HEART,11,0,0,280,59.4,,,,,,62.2,,,71.4,0,0,0,16,0,0,0,27,0
Brendan Whitehead,106323,ED,SACR HEART,8,0,0,280,60.0,,,,,,62.8,,,70.0,0,0,0,5,0,0,0,17,0
Tyreke Brown,106326,ED,SACR HEART,11,2,0,280,59.3,,,,,,74.1,,,52.4,1,1,0,16,42,34,43,19,9
Bryson Richards,106331,ED,STETSON,2,0,0,302,,,,,,,45.8,,,68.0,2,0,0,0,12,3,0,0,0
Fermon Reid,106332,ED,STETSON,9,0,0,302,59.4,,,,,,53.5,,,28.8,0,1,0,33,0,0,18,16,0
Carson Gulgin,106339,DI,BUTLER,8,0,0,127,59.1,,,,,,60.6,,,74.9,0,0,0,27,0,0,0,5,0
Logan Clark,106342,ED,DUQUESNE,1,0,0,155,60.0,,60.0,,,,60.7,,,65.6,0,0,4,1,0,0,0,1,0
Troy Kuhn,106343,TE,DUQUESNE,1,0,0,155,,,,,,,57.2,,,65.9,0,0,0,0,0,8,0,0,0
Denzel Williams,106344,CB,VILLANOVA,9,0,0,334,59.6,,,,,,61.4,,,68.1,0,0,0,24,0,0,0,7,0
Wilson McCraw,106346,ED,MOREHEAD,11,1,0,234,58.4,,75.4,,,,63.8,,,67.2,0,0,62,6,0,21,37,0,0
Will Buck,106350,DI,SAN DIEGO,11,0,0,283,58.1,,77.0,,,,63.6,,,76.7,0,0,51,44,0,0,13,11,0
Danny Files,106353,G,VALPO,6,0,0,332,,,73.1,,,,64.3,,,65.4,0,0,30,0,0,0,0,0,0
Nick Lavender,106359,DI,MOREHEAD,11,0,0,234,58.8,,,,,,69.9,,,68.1,0,0,0,24,0,0,27,3,2
Kingsley Umemba,106365,ED,GEORGETOWN,9,0,0,172,60.0,,70.2,59.9,,,54.5,,,28.8,0,2,30,4,35,53,0,25,0
Nicholas Lenon,106367,ED,MERRIMACK,10,0,0,385,58.4,,34.1,,,,48.2,,,28.6,0,1,41,40,4,0,0,5,0
Jackson McCarty,106370,DI,MERRIMACK,8,0,0,385,59.3,,68.5,,,,62.4,,,69.1,0,0,17,9,0,0,0,0,0
Darell Dorrah,106371,ED,MERRIMACK,3,0,0,385,59.6,,,,,,60.4,,,74.7,0,0,0,8,0,0,0,1,0
Chandon Pierre,106380,DI,N DAKOTA,9,0,0,249,58.0,,,,,,59.0,,,69.6,0,0,0,25,0,0,0,7,0
Oscar Lopez,106381,CB,VALPO,7,0,0,332,,,,,,,68.3,,,73.2,0,0,0,0,33,0,0,19,1
Elijah Beach,106384,DI,N DAKOTA,6,0,0,249,58.8,,,,,,60.9,,,69.2,0,0,0,6,0,0,0,5,0
Terrance Bridgers,106388,DI,DELWARE ST,1,0,0,152,59.8,,,,,,60.3,,,63.4,0,0,0,1,0,0,3,0,0
Darryl Rogan,106392,ED,AUSTINPEAY,7,0,0,116,90.1,,60.0,,,,90.9,,,64.7,0,0,6,19,0,0,0,1,0
Jau'von Young,106395,ED,AUSTINPEAY,11,0,0,116,58.1,,72.7,,,,61.6,,,73.7,0,0,40,25,0,1,7,4,0
Darius Williams,106403,DI,MS VLY ST,1,0,0,228,59.6,,,,,,59.8,,,62.0,0,0,0,1,0,0,0,0,0
Jalen Bell,106404,DI,MS VLY ST,10,0,0,228,57.7,,,,,,59.2,,,70.2,0,0,0,32,0,0,0,13,0
Dwayne Majors,106406,DI,ST FRANCIS,4,0,0,299,58.8,,,,,,60.0,,,72.8,0,0,0,7,0,0,0,2,0
Jalen Howard,106409,ED,VILLANOVA,2,0,0,334,59.4,,,,,,59.6,,,62.8,0,0,0,2,0,0,0,0,0
Dacorrion West,106413,DI,JVILLE ST,3,0,0,196,59.4,,,,,,59.6,,,63.8,0,0,0,4,0,0,0,0,0
Mitch Moyer,106414,ED,COLUMBIA,10,0,0,145,59.3,,,,,,67.7,,,73.0,0,0,0,33,0,45,59,14,0
Hugh McLean,106415,ED,COLUMBIA,1,0,0,145,,,,,,,59.9,,,67.2,0,0,0,0,0,0,0,1,0
Jacob Abill,106417,ED,MARIST,9,0,0,213,58.0,,,,,,60.0,,,71.9,0,0,0,31,0,0,0,13,0
Cam Coleman,106418,ED,COLUMBIA,4,0,0,145,59.5,,,,,,61.1,,,66.1,0,0,0,3,0,0,0,3,0
Wallace Squibb Jr.,106420,DI,CORNELL,8,0,0,147,58.2,,,,,,58.5,,,67.3,0,0,0,29,0,0,2,3,0
Onome Kessington,106421,DI,CORNELL,8,0,0,147,58.5,,,,,,59.4,,,68.4,0,0,0,28,0,0,0,4,0
Shane Cokes,106422,DI,DARTMOUTH,8,0,0,148,59.2,,,,,,64.1,,,69.6,0,0,0,3,0,0,8,14,0
Charles Looes,106423,DI,DARTMOUTH,10,0,0,148,,,,,,,48.5,,,27.8,0,2,0,0,0,29,36,6,0
John High,106424,DI,DARTMOUTH,6,0,0,148,58.5,,,,,,58.3,,,65.5,0,0,0,16,0,0,0,0,0
Jaylin Rainey,106425,DI,DARTMOUTH,10,0,0,148,58.1,,,,,,59.0,,,67.3,0,0,0,27,0,0,39,0,0
Hank Knez,106426,ED,DARTMOUTH,3,0,0,148,58.9,,,,,,58.9,,,64.6,0,0,0,9,0,0,0,0,0
Tony Gyimah Jr.,106427,ED,GEORGETOWN,8,0,0,172,58.2,,,,,,58.2,,,66.7,0,0,0,26,0,0,0,1,0
Tyler Jones,106429,DI,GEORGETOWN,5,0,0,172,58.4,,,,,,58.7,,,68.3,0,0,0,8,0,0,0,3,0
Tristan Tritt,106430,LB,LAFAYETTE,9,0,0,203,,,,,,,61.4,,,73.6,0,0,0,0,8,45,0,14,0
Jelani Stafford,106431,DI,YNGTOWN ST,9,0,0,353,58.8,,,,,,58.8,,,65.5,0,0,0,21,0,0,0,0,0
Dean Colton,106432,DI,LEHIGH,6,0,0,205,58.7,,,,,,59.1,,,68.5,0,0,0,16,0,0,0,5,0
Mikhari Sibblis,106434,DI,LEHIGH,10,0,0,205,58.1,,67.8,,,,65.7,,,70.5,0,0,22,45,0,0,52,5,0
Michael Callahan,106435,ED,LEHIGH,4,0,0,205,59.4,,,,,,59.9,,,65.1,0,0,0,14,0,0,10,0,0
Will Seiler,106436,DI,PENN,5,0,0,267,59.0,,,,,,60.2,,,74.7,0,0,0,5,0,0,0,1,0
Jake Ligos,106440,G,PENN,7,0,0,267,,,70.9,,,,63.4,,,70.1,0,0,24,0,0,0,31,0,0
Grant Ristoff,106441,ED,PENN,10,0,0,267,59.5,,60.0,,,,62.0,,,69.2,0,0,2,4,0,1,60,2,0
Micah Morris,106442,DI,PENN,10,0,0,267,66.7,,67.5,,,,70.6,,,71.1,0,0,23,34,0,0,0,5,0
Isaac Mitchell,106445,ED,YALE,4,0,0,352,59.1,,,,,,60.6,,,66.8,0,0,0,9,0,0,0,4,0
Clay Patterson,106446,DI,YALE,9,0,0,352,57.5,,,,,,58.5,,,70.8,0,0,0,39,0,0,0,15,0
Carter Christopher,106448,DI,PRINCETON,6,0,0,272,,,,,,,62.3,,,67.3,0,0,0,0,0,0,7,7,0
James Stagg,106450,DI,PRINCETON,3,0,0,272,,,,,,,60.6,,,68.5,0,0,0,0,0,0,0,7,0
Nate Leskovec,106451,ED,HARVARD,8,0,0,179,58.6,,,,,,58.9,,,66.0,0,0,0,20,0,0,0,2,0
Kevens Grammont,106452,ED,HARVARD,1,0,0,179,59.7,,,,,,60.0,,,61.8,0,0,0,1,0,0,0,0,0
Frank Alfano,106453,S,SACR HEART,12,1,0,280,59.5,,,,,,72.8,,,77.0,0,0,0,17,53,1,22,42,5
David Madzivanyika,106455,DI,HARVARD,1,0,0,179,59.6,,,,,,59.8,,,63.0,0,0,0,2,0,0,0,0,0
Nathan Brown,106456,ED,BROWN,10,0,0,123,59.8,,,,,,62.0,,,69.3,0,0,0,32,2,4,22,9,0
Callum Flanders,106457,ED,BROWN,10,1,0,123,59.5,,,,,,66.8,,,70.4,0,0,0,29,3,0,22,9,1
Anthony Mastroni,106458,DI,BROWN,10,0,0,123,58.7,,,,,,61.2,,,70.2,0,0,0,39,0,0,22,10,1
Maxwell Sweet,106460,DI,BROWN,10,0,0,123,59.1,,63.2,,,,66.7,,,68.4,0,0,12,17,0,0,13,2,1
Connor Payne,106465,DI,BRYANT,9,0,0,124,58.3,,60.0,,,,59.9,,,67.7,0,0,9,17,0,0,37,3,0
Michael Butler,106470,ED,BUTLER,5,0,0,127,59.2,,,,,,59.3,,,63.8,0,0,0,5,0,0,0,0,0
Joe Marra,106471,DI,BUTLER,1,0,0,127,58.7,,,,,,58.6,,,64.2,0,0,0,8,0,0,0,0,0
Nsaiah Harriet,106480,ED,BRYANT,9,0,0,124,,,71.7,,,,64.1,,,64.1,0,0,37,0,0,0,0,1,0
Paul Akere,106482,ED,COLUMBIA,10,0,0,145,59.9,,,,,,63.3,,,71.5,0,0,0,31,0,0,0,12,0
Evan Loesel,106483,DI,COLUMBIA,4,0,0,145,,,,,,,62.2,,,71.1,0,0,0,0,0,0,0,4,0
Cameron Barrett,106484,LB,MOREHEAD,11,0,0,234,60.0,,73.0,,,,66.2,,,75.9,0,0,44,38,0,0,38,3,1
Mick Reese,106493,ED,DARTMOUTH,10,0,0,148,,,,,,,66.9,,,69.6,0,0,0,0,0,0,3,19,0
Tobi Adedara,106494,ED,DARTMOUTH,9,0,0,148,58.4,,60.0,,,,61.7,,,71.3,0,0,1,24,0,4,16,17,0
Marcus Winfield,106497,ED,DELWARE ST,10,0,0,152,80.5,,,,,,88.5,,,75.3,0,0,0,35,0,0,0,8,0
Nolan Engmann,106500,DI,DRAKE,5,0,0,153,59.3,,,,,,61.3,,,72.8,0,0,0,18,0,0,0,14,0
Mekhai Johnson,106510,HB,MARIST,10,0,0,213,,,,82.5,,,61.7,,,71.4,0,0,0,0,0,47,30,0,0
David Onyemem,106511,WR,BRYANT,4,0,0,124,,,,,,,62.8,,,70.7,0,0,0,0,3,0,0,9,0
Duval Paul,106512,DI,NEW HAMP,9,0,0,240,58.1,,,,,,58.3,,,67.2,0,0,0,18,0,0,0,2,0
Damon Horton,106513,HB,ST FRANCIS,6,0,0,299,,,,,,,62.8,,,72.2,0,0,0,0,4,15,0,23,0
Isaiah Byrd,106514,DI,GEORGETOWN,10,0,0,172,69.5,,,,,,75.4,,,68.3,0,0,0,44,0,0,0,3,0
Justin Mitchell,106522,ED,HARVARD,1,0,0,179,59.6,,,,,,59.8,,,62.4,0,0,0,1,0,0,0,0,0
Logan Clifton,106523,ED,HARVARD,1,0,0,179,,,,,,,60.2,,,66.2,0,0,0,0,0,2,0,0,0
Chris Smith,106524,DI,HARVARD,8,0,0,179,79.6,,,,,,88.4,,,66.5,0,0,0,28,0,0,0,0,0
Anthony Nelson,106525,ED,HARVARD,7,0,0,179,60.0,,,,,,61.6,,,68.2,0,0,0,19,0,0,0,5,0
David Schwartz,106526,ED,HARVARD,1,0,0,179,,,,,,,59.2,,,68.3,0,0,0,0,0,0,0,5,0
Truman Jones,106527,ED,HARVARD,9,0,0,179,58.6,,,,,,58.7,,,66.2,0,0,0,28,0,0,0,1,0
Jacob Sykes,106528,DI,HARVARD,9,0,0,179,58.4,,,,,,58.2,,,66.6,0,0,0,30,0,0,0,0,0
Kelvin Apari,106530,ED,CENT CT ST,10,0,0,133,59.3,,64.2,,,,61.7,,,72.7,0,0,14,32,0,0,1,10,0
Anthony Nesby,106541,DI,JVILLE ST,9,0,0,196,57.8,,,,,,57.2,,,67.1,0,0,0,31,0,0,0,1,0
Nahum Horton,106543,DI,JVILLE ST,11,0,0,196,88.5,,22.0,,,,74.8,,,68.6,0,0,16,16,0,0,51,2,1
Anthony Lavio,106550,DI,LIUSHAR,10,0,0,1298,57.6,,,,,,56.9,,,67.6,0,0,0,46,0,0,0,0,0
Joe Amalfitano,106553,ED,LIUSHAR,5,0,0,1298,58.8,,,,,,58.7,,,64.7,0,0,0,12,0,0,0,0,0
Jimmy Regateiro,106555,DI,LIUSHAR,10,0,0,1298,58.2,,60.0,,,,39.5,,,68.7,1,0,6,23,0,0,65,2,1
Melvin Rouse II,106559,WR,YALE,10,0,0,352,,,,56.3,,,61.8,62.7,,68.5,0,0,0,0,2,23,0,57,0
Liam Mcintyre,106560,LB,LEHIGH,9,0,0,205,59.6,,,,,,69.2,,,72.9,0,0,0,39,24,0,30,12,3
Nicholas Messina,106562,CB,BROWN,7,0,0,123,59.4,,,,,,61.3,,,70.1,0,0,0,22,4,1,0,3,0
Andre Brackett,106565,CB,BRYANT,3,0,1,124,59.6,,,67.7,,,41.4,,,27.0,0,1,0,8,0,11,0,2,0
Dwight Lawrence,106569,CB,STETSON,8,0,1,302,59.6,,,,,,47.9,50.0,,28.7,0,2,0,30,5,0,0,25,1
Carter Black,106571,G,MOREHEAD,1,0,0,234,,,60.0,,,,60.0,,,61.0,0,0,1,0,0,0,0,0,0
Cory Hagerman,106576,ED,MERRIMACK,5,0,0,385,91.0,,,,,,93.2,,,73.5,0,0,0,19,0,0,0,1,0
Nick Martino,106578,DI,MERRIMACK,9,0,0,385,58.2,,,,,,58.7,,,73.7,0,0,0,28,0,0,0,4,0
Terrance Williams,106580,ED,MS VLY ST,10,0,0,228,58.7,,71.8,,,,62.3,,,67.6,0,0,40,19,0,0,3,7,0
Romallis Carey,106581,ED,MS VLY ST,3,0,0,228,59.7,,60.2,,,,61.4,,,67.4,0,0,6,3,0,0,0,0,0
Tom Flood,106583,DI,MOREHEAD,2,0,0,234,59.1,,,,,,59.2,,,63.3,0,0,0,3,0,0,0,0,0
Rob Snyder,106584,G,MOREHEAD,9,0,0,234,,,72.2,,,,64.4,,,70.0,0,0,30,0,0,0,0,0,0
Charlie Meech,106585,DI,MOREHEAD,4,0,0,234,59.2,,,,,,59.4,,,64.0,0,0,0,4,0,0,0,0,0
Eddie Loos,106586,DI,MOREHEAD,8,0,0,234,58.4,,,,,,59.5,,,71.3,0,0,0,19,0,0,0,4,0
George Triplett,106587,P,PRINCETON,3,0,0,272,,66.1,,,59.8,,60.4,,,65.3,0,0,12,0,1,0,0,0,0
Jacob Wilde,106590,DI,MOREHEAD,4,0,0,234,59.0,,,,,,59.0,,,64.2,0,0,0,6,0,0,0,0,0
Griffin McGovern,106596,S,BROWN,10,0,0,123,60.1,,,,,,66.3,,,72.1,0,0,0,22,17,1,0,13,0
Prince Emili,106599,DI,PENN,9,0,0,267,73.1,,,,,,80.1,,,71.0,0,0,0,41,0,0,0,5,0
Samuel Wright,106602,ED,PRINCETON,8,0,0,272,59.0,,,,,,60.2,,,69.1,0,0,0,29,0,0,0,10,0
Dylan Classi,106603,WR,PRINCETON,4,0,0,272,,,61.3,,,,59.8,60.0,,63.8,0,1,12,0,0,2,1,1,0
Uche Ndukwe,106605,DI,PRINCETON,4,0,0,272,58.4,,,,,,58.4,,,66.3,0,0,0,14,0,0,0,2,0
Mac Neviaser,106609,DI,STETSON,4,0,0,302,59.1,,,,,,61.6,,,70.5,0,0,0,5,0,0,0,5,0
Sam Cummings,106611,DI,ST FRANCIS,2,0,0,299,59.5,,,,,,60.3,,,66.4,0,0,0,4,0,0,0,1,0
James Watkins,106613,DI,ST FRANCIS,7,0,0,299,59.4,,,,,,62.3,,,69.4,0,0,0,5,0,0,0,6,0
Jalen Brown,106614,DI,ST FRANCIS,5,0,0,299,59.9,,,,,,61.6,,,69.7,0,0,0,5,0,0,0,4,0
Davis Kline,106616,HB,PRINCETON,3,0,0,272,,,,,,,59.1,,,64.8,0,0,0,0,0,3,1,0,0
Gavin Twigg,106622,LB,VALPO,8,1,0,332,59.9,,60.0,,,,61.5,,,28.5,0,2,4,20,38,15,8,18,4
Nathan Orlandini,106624,DI,VALPO,11,0,0,332,82.2,,,,,,90.5,,,70.9,0,0,0,46,0,0,0,2,0
Jake Marinelli,106625,ED,VALPO,2,0,0,332,59.5,,,,,,59.6,,,63.1,0,0,0,4,0,0,0,0,0
Fletcher Christian,106626,ED,VALPO,1,0,0,332,60.0,,,,,,60.0,,,62.9,0,0,0,1,0,0,0,0,0
Cade Bishop,106629,DI,VALPO,9,0,0,332,58.9,,66.7,,,,65.0,,,70.5,0,0,19,6,0,0,52,0,1
Tyler Will,106634,TE,VILLANOVA,13,0,0,334,,,72.5,,,,72.3,,,78.4,0,0,42,0,72,15,0,40,3
Christian Sampleton,106635,ED,YALE,9,0,0,352,59.0,,,,,,49.6,,,28.1,0,1,0,28,0,0,0,10,0
AJ Ryan,106636,DI,YALE,1,0,0,352,,,,,,,59.8,,,70.2,0,0,0,0,0,0,0,4,0
Reid Nickerson,106637,ED,YALE,10,0,0,352,68.1,,,,,,76.9,,,74.6,0,0,0,43,1,0,52,21,3
Osorachukwu Ifesinachukwu,106638,ED,YALE,4,0,0,352,59.2,,,,,,60.3,,,66.9,0,0,0,12,0,0,7,2,0
Brett Gerber,106639,ED,YALE,10,1,0,352,59.5,,,,,,72.9,,,71.8,1,0,0,3,56,19,45,2,3
JJ Howland,106640,TE,YALE,10,0,0,352,,,73.5,,,,69.9,,,90.7,0,0,47,0,0,10,0,0,0
Sebastian Bruno,106641,DI,YALE,2,0,0,352,59.6,,,,,,60.2,,,64.1,0,0,0,1,0,0,0,1,0
Deontrae Brown,106651,ED,NC CENT,9,0,0,247,59.3,,,,,,52.4,,,28.9,1,1,0,13,7,35,0,2,2
Quantez Mansfield,106652,DI,NC CENT,9,0,0,247,58.0,,68.2,,,,60.6,,,73.8,0,0,23,39,0,0,26,3,0
Ryan Mannelly,106654,ED,PENN,10,0,0,267,,,81.6,,,52.9,64.9,,,67.2,0,0,34,0,0,0,60,0,1
Drew Robertson,106656,DI,DAYTON,3,0,0,150,58.6,,,,,,58.6,,,64.9,0,0,0,7,0,0,0,0,0
Sam Schadek,106658,DI,DAYTON,5,0,0,150,58.3,,,,,,58.0,,,63.3,0,0,0,7,0,0,0,0,0
Eli Mostaert,106659,DI,N DAK ST,13,0,0,250,58.6,,,,,,60.7,,,69.3,0,0,0,13,0,1,0,12,0
Edward Hernandez,106661,DI,STETSON,4,0,0,302,58.2,,,,,,58.7,,,66.7,0,0,0,17,0,0,0,3,0
Chris Fitzgerald,106662,DI,YNGTOWN ST,10,0,0,353,58.6,,,,,,58.7,,,67.7,0,0,0,39,0,0,0,0,0
Carmen Barone,106666,DI,ST FRANCIS,1,0,0,299,,,60.0,,,,61.0,,,62.9,0,0,5,0,0,0,0,0,0
Patrick Nauert,106668,G,YALE,7,0,0,352,,,74.0,,,,64.5,,,63.7,0,0,33,0,0,0,0,0,0
Clay Fields III,106671,S,MARIST,10,0,0,213,59.9,,,59.9,,,61.5,60.3,,52.0,0,2,0,34,47,47,0,33,2
Seth Simmer,106676,DI,SAMFORD,11,0,0,282,58.8,,77.4,,,,64.2,,,78.2,0,0,67,42,0,0,0,4,0
Jake Lyons,106679,DI,DAYTON,1,0,0,150,59.6,,,,,,59.8,,,62.4,0,0,0,1,0,0,0,0,0
Kyle Finnick,106680,DI,DAYTON,10,0,0,150,57.5,,,,,,57.5,,,72.4,0,0,0,40,0,0,0,2,0
Mike Stodola,106682,DI,DAYTON,9,0,0,150,57.7,,,,,,57.4,,,68.9,0,0,0,37,0,0,0,1,0
Omar Fraser,106685,DI,SACR HEART,12,0,0,280,58.7,,,,,,61.8,,,77.1,0,0,0,26,0,0,0,33,0
Noel Hijazi,106686,DI,SACR HEART,11,0,0,280,58.1,,,,,,69.4,,,75.2,0,0,0,20,0,0,0,28,0
Logan Hofstedt,106691,FB,N DAK ST,5,0,0,250,,,60.0,,,0.0,29.3,,,65.3,0,0,4,0,0,6,1,0,0
Jake Brown,106694,LB,HARVARD,6,0,0,179,59.6,,,59.9,,,68.8,,,69.2,0,0,0,8,19,12,0,0,1
Dom Jones,106697,S,N DAK ST,15,0,0,250,59.8,,,,,,69.8,,,77.9,0,0,0,6,31,0,0,65,2
Kobe Joseph,106701,LB,HARVARD,8,1,0,179,,,,59.9,,,68.7,60.3,,76.3,0,0,0,0,35,13,5,25,0
Caden Meis,106703,HB,DRAKE,1,0,0,153,,,,,,,60.0,,,63.3,0,0,0,0,0,0,1,0,0
Connor Wilson,106704,ED,STETSON,7,0,0,302,60.0,,,,,,60.8,,,72.8,0,0,0,4,5,0,27,8,0
Andrew Holderer,106706,TE,DAYTON,8,0,0,150,,,61.7,,,,64.5,,,73.3,0,0,9,0,0,28,40,0,2
Connor Benson,106711,K,BUTLER,1,0,0,127,,61.8,,,53.4,,60.0,,,66.3,0,0,3,0,3,0,0,0,0
Sam Webster,106712,K,DAYTON,10,0,0,150,,74.3,,,58.3,,61.4,,,67.3,0,0,51,0,2,0,0,0,0
Nathan Hazlett,106714,K,MOREHEAD,11,0,0,234,,,,,49.0,,63.6,,,77.8,0,0,0,0,65,0,0,0,0
Brandon Eickert,106717,K,SAN DIEGO,11,0,0,283,,61.6,,,60.0,,61.2,,,66.9,0,0,42,0,1,0,0,0,0
Logan Tate,106722,CB,DAYTON,10,0,1,150,59.5,,,,,,56.8,,,28.6,0,2,0,10,7,0,39,27,4
Sam Contorno,106723,K,N ALABAMA,4,0,0,389,,60.0,,,60.8,,61.7,,,73.2,0,0,1,0,24,0,0,0,1
Grayson Easterling,106724,K,N ALABAMA,11,0,0,389,,56.6,,,63.4,,62.8,,,72.7,0,0,50,0,35,0,0,0,1
Brady Stevens,106726,K,N DAKOTA,10,0,0,249,,63.1,,,77.9,,63.2,,,75.0,0,0,26,0,51,0,0,0,0
Jake Bridel,106727,K,DELWARE ST,11,0,0,152,,34.8,61.8,,55.4,,62.9,,,73.5,0,0,37,0,44,0,0,0,0
Alex Felkins,106730,K,COLUMBIA,10,0,0,145,,63.4,,,77.0,,51.9,,,29.7,0,1,51,0,55,0,0,0,0
Steven Chambers,106731,WR,LIUSHAR,7,0,0,1298,,,,,,,58.6,,,71.9,0,0,0,0,0,47,1,0,0
AJ Hopper,106732,K,SACR HEART,5,0,0,280,,,62.9,,,,61.3,,,60.9,0,0,19,0,0,0,0,0,0
Luke Samperi,106733,K,BRYANT,9,0,0,124,,67.5,,,80.5,,50.7,,,29.4,0,1,41,0,49,0,0,0,1
Ben Myers,106735,K,BRYANT,9,0,0,124,,,65.6,,,,61.9,,,61.1,0,0,41,0,0,0,0,0,0
Connor Davis,106740,K,DARTMOUTH,7,0,0,148,,75.7,,,,,61.1,,,66.4,0,0,39,0,0,0,0,0,0
Jonah Lipel,106744,K,HARVARD,10,0,0,179,,75.8,,,81.9,,63.6,,,75.6,0,0,59,0,63,0,0,0,1
C.J. Charleston,106748,WR,YNGTOWN ST,8,1,0,353,,,,59.4,,,80.2,,,70.9,0,0,0,0,0,13,12,0,3
Andrew Foster,106751,K,MOREHEAD,11,0,0,234,,66.8,,,62.0,,52.4,,75.6,29.9,1,1,62,0,2,0,38,0,0
Daniel Karrash,106753,K,PENN,10,0,0,267,,71.4,,,49.1,,62.6,,,72.7,0,0,34,0,34,0,0,0,0
Trevor Thompson,106757,K,ST FRANCIS,7,0,0,299,,,64.8,,70.2,,61.9,,,64.7,0,0,33,0,7,0,0,0,0
Jonny Messina,106759,K,MAINE,10,0,0,212,,75.2,,,,,61.2,,,66.6,0,0,42,0,0,0,0,0,0
Brady Lawrence,106760,K,STETSON,3,0,0,302,,,,,59.4,,61.7,,,73.4,1,0,0,0,24,0,0,0,0
Brian Bartholomew,106761,K,VALPO,10,0,0,332,,69.2,,,45.3,,63.2,,,74.5,0,0,50,0,51,0,0,0,0
Carlos Beltran-Rodriguez,106765,K,NC CENT,1,0,0,247,,,,,60.1,,60.0,,,64.2,0,0,0,0,1,0,0,0,0
Adrian Olivo,106766,K,NC CENT,9,0,0,247,,62.5,,,39.3,,49.6,,,29.2,0,1,35,0,42,0,0,0,0
Will Cardinal,106769,P,N DAK ST,1,0,0,250,,61.8,,,62.0,,60.0,,,65.5,0,0,3,0,2,0,0,0,0
Camden Gagnon,106774,ED,BROWN,10,0,0,123,59.8,,,,,,60.0,,,70.9,0,0,0,39,1,1,22,12,0
Cameron Baller,106776,K,DARTMOUTH,10,0,0,148,,52.6,,,43.9,,51.8,,47.1,29.7,1,1,8,0,57,0,19,0,1
Ryan Bloch,106777,P,DARTMOUTH,2,0,0,148,,51.5,,,,,60.0,,,62.9,0,0,3,0,0,0,0,0,0
Halil Gecaj,106779,ED,MARIST,7,0,0,213,58.8,,,,,,59.1,,,68.2,0,0,0,8,0,0,0,1,0
Jack Kempsey,106781,T,LEHIGH,4,0,0,205,,,60.0,,,,61.5,,,65.9,0,0,6,0,0,0,0,0,0
Joe Giordano,106786,LS,INCAR WORD,12,0,0,189,,,86.1,,,82.7,83.7,,,66.1,0,0,74,0,0,0,34,0,1
Ajay Culhane,106791,K,YALE,1,0,0,352,,,,,58.3,,60.0,,,66.0,0,0,0,0,2,0,0,0,0
Mike Wymer,106794,LB,BUTLER,8,0,0,127,60.0,,,,,,72.8,,,76.7,0,0,0,9,30,34,0,18,4
Michael Wellman,106796,LB,BUTLER,10,0,0,127,60.2,,,,,,64.4,,,81.1,0,0,0,30,0,0,0,7,0
Nathan Arthur,106799,LB,DAYTON,10,1,0,150,60.0,,,59.4,,,70.7,,,79.7,1,0,0,1,59,41,18,19,3
Joe Craft,106800,LB,DAYTON,8,2,0,150,,,,,,,65.2,,,77.8,1,0,0,0,42,20,9,28,1
Alex Hirschfield,106801,LB,DAYTON,10,0,0,150,60.0,,,,,,67.5,,,68.3,0,0,0,1,51,0,1,0,1
Connor Barrett,106802,LB,DUQUESNE,3,0,0,155,60.0,,,,,,71.2,,,67.3,0,0,0,7,8,1,2,2,2
Todd Hill,106804,LB,DUQUESNE,10,0,0,155,59.9,,,,,,62.7,,,69.0,0,0,0,36,1,0,0,9,0
Preston Toner,106807,LB,MOREHEAD,11,3,0,234,59.6,,,61.8,,,60.3,,,35.1,2,1,0,8,61,56,2,17,1
Luke Weerts,106810,LB,N DAK ST,3,0,0,250,60.0,,,,,,62.5,,,29.8,0,1,0,1,19,6,9,14,1
Nick Kubitz,106811,LB,N DAK ST,15,1,0,250,60.1,,,59.6,,,83.3,,,74.7,1,0,0,2,94,14,1,3,15
Shane Jamison,106814,LB,SAN DIEGO,1,0,0,283,,,,,,,61.5,,,66.2,0,0,0,0,4,0,0,0,0
Cameron Gillis,106815,K,STETSON,10,0,0,302,,71.6,,,46.3,,61.9,,52.9,69.6,0,0,44,0,7,0,8,0,1
Tallin Coates,106816,LB,STETSON,4,0,0,302,59.7,,,,,,56.3,,,75.7,1,0,0,9,0,8,10,15,0
Christian Jolley,106817,LB,STETSON,10,2,0,302,59.8,,,,,,79.1,,,75.8,0,0,0,2,41,12,24,0,5
Josh Hughes,106819,DI,STETSON,10,1,0,302,58.2,,,,,,63.7,,,79.0,0,0,0,24,4,0,29,19,0
Evan Annis,108065,LB,VALPO,10,0,0,332,59.4,,,,,,60.8,,,70.0,0,0,0,38,2,4,0,2,0
Austin Chilton,108067,S,VALPO,11,0,0,332,59.7,,,,,,64.2,,,60.6,0,1,0,30,54,64,52,5,2
Andres Lehrmann,108068,ED,YNGTOWN ST,10,0,0,353,59.6,,,,,,67.0,,,75.8,0,0,0,15,45,29,0,17,3
Malcolm Brunson,108080,LB,BROWN,10,0,0,123,60.3,,,,,,65.5,,,80.5,0,0,0,42,3,0,0,10,0
Jack Kosar,108081,LB,BROWN,10,0,0,123,59.9,,,,,,61.4,,,30.0,0,1,0,1,53,72,0,5,1
Ethan Royer,108082,LB,BROWN,8,0,0,123,59.6,,,,,,64.6,,,71.3,0,0,0,29,8,16,5,12,1
Logan Lutz,108085,TE,DUQUESNE,6,0,0,155,,,,,,,60.2,,,69.1,0,0,0,0,0,20,0,21,0
Caleb Dawson,108089,LB,N ALABAMA,10,1,0,389,59.4,,,,,,64.7,,,70.2,0,0,0,17,4,3,0,12,0
Adam Neustel,108095,G,N DAKOTA,6,0,0,249,,,69.2,,,,52.3,,,27.1,0,1,29,0,0,0,0,0,0
Maurio Goings,108096,LB,DELWARE ST,11,0,0,152,59.9,,,,,,54.2,,,28.0,1,2,0,40,0,48,62,6,2
Jaquan Foote,108098,LB,ALABAMA ST,1,0,0,105,,,,,,,34.8,,,23.5,0,1,0,0,0,2,0,0,0
Caleb Caslow,108100,LB,LIUSHAR,6,0,0,1298,60.1,,,,,,61.7,,,70.0,0,0,0,29,0,8,0,6,0
Donnell Brown,108107,ED,ST FRANCIS,9,0,0,299,84.2,,60.0,,,,90.3,,,67.0,0,0,1,21,0,0,0,6,0
Tate Myers,108108,TE,ST FRANCIS,5,0,0,299,,,60.0,59.9,,,60.5,,,68.0,0,0,3,0,0,20,0,0,0
Myles Talley,108114,LB,SACR HEART,12,2,0,280,60.2,,,,,,75.9,,,81.7,0,0,0,10,47,38,51,28,3
Josh Slay,108116,LB,VILLANOVA,2,0,0,334,60.0,,,,,,59.6,,,66.5,0,0,0,1,0,1,5,0,0
Jake Northrop,108117,ED,VILLANOVA,12,0,0,334,60.0,,75.3,,,,64.0,,,65.2,0,0,59,1,0,15,0,0,0
Laletia Hale,108118,LB,JVILLE ST,11,0,0,196,59.9,,,,,,66.9,,,59.6,0,1,0,2,45,46,37,31,3
Tristan Wells,108119,LB,JVILLE ST,11,0,0,196,,,,,,,65.7,,,76.3,0,0,0,0,35,27,13,31,0
Ryan Hamilton,108122,LB,COLUMBIA,8,2,0,145,59.8,,,,,,79.1,,,78.4,0,0,0,1,25,0,0,37,1
Scott Valentas,108123,LB,COLUMBIA,8,0,0,145,59.7,,,,,,55.6,,,70.2,1,0,0,23,2,8,24,10,0
Jake Stebbins,108127,LB,CORNELL,10,0,0,147,60.0,,,,,,63.6,,,72.8,0,0,0,45,3,18,12,25,0
Marques White,108130,ED,DARTMOUTH,10,0,0,148,59.9,,,,,,64.4,,,69.1,0,0,0,2,7,3,3,14,0
Jonathan Saddler,108133,LB,GEORGETOWN,10,0,0,172,60.0,,,,,,57.8,,,37.6,0,1,0,1,24,58,4,36,1
Marco Olivas,108134,LB,LAFAYETTE,9,0,0,203,59.5,,,,,,61.6,,,66.0,0,0,0,44,1,0,10,2,1
Blamassi Meite,108135,ED,LAFAYETTE,3,0,0,203,,,,,,,66.1,,,70.3,0,0,0,0,3,12,5,5,0
Luke Ragone,108136,LB,LAFAYETTE,9,0,0,203,60.0,,,,,,70.4,,,75.5,0,0,0,1,34,0,21,33,2
Brian Reilly,108137,LB,LAFAYETTE,10,1,0,203,59.9,,,,,,69.6,,,77.8,0,0,0,4,28,29,27,24,0
George Gaspar,108138,LB,LAFAYETTE,8,1,0,203,,,,,,,68.1,,,77.2,0,0,0,0,12,40,0,10,1
Stephon Bland,108140,ED,LEHIGH,6,0,0,205,59.2,,,,,,59.5,,,66.8,0,0,0,17,2,0,0,4,0
Ethan Zemla,108146,LB,PENN,4,0,0,267,,,,,,,61.0,,,70.7,0,0,0,0,0,12,0,0,0
Jonathan Melvin,108147,LB,PENN,8,0,0,267,60.0,,,,,,59.3,,,79.4,0,0,0,19,15,26,0,14,0
Hamilton Moore,108149,LB,YALE,9,0,0,352,60.0,,,,,,65.3,,,78.6,0,0,0,3,1,24,0,33,0
Michael Connor,108150,LB,YALE,2,0,0,352,60.0,,,,,,62.4,,,66.7,0,0,0,1,6,0,0,1,0
Clayton McAlpine,108151,LB,BRYANT,6,0,0,124,,,,,,,63.2,,,70.7,0,0,0,0,8,0,19,1,1
Anthony Corbin,108154,LB,PRINCETON,8,0,0,272,59.8,,,,,,63.2,,,71.2,0,0,0,10,34,2,0,3,0
Joseph Dalsey,108155,TE,PRINCETON,8,0,0,272,,,60.0,59.6,,,68.3,,,74.9,0,0,1,0,0,31,0,20,0
Will Perez,108156,LB,PRINCETON,9,1,0,272,,,,,,,64.6,,,77.4,1,0,0,0,53,25,30,26,3
Matt Cavanagh,108166,LB,HARVARD,1,0,0,179,60.0,,,,,,60.0,,,61.7,0,0,0,1,0,0,0,0,0
Joseph Gulla,108168,DI,BROWN,10,1,0,123,59.5,,,,,,64.2,,,29.6,0,1,0,3,49,0,14,1,2
Ryan Saddler,108176,LB,BRYANT,9,0,0,124,59.8,,,,,,60.3,,,68.7,0,0,0,31,0,0,13,4,0
Joe Andreessen,108177,LB,BRYANT,9,0,0,124,59.6,,,,,,60.0,,,71.0,0,0,0,35,0,0,17,4,0
Derrius Perryman,108178,LB,BRYANT,8,0,0,124,60.0,,,,,,55.5,,,29.1,0,1,0,1,13,0,0,35,1
Wyatt McMahon,108181,TE,MARIST,10,0,0,213,,,71.7,61.8,,,55.7,,,29.7,0,1,38,0,2,35,45,20,0
Eloi Bigirimana,108182,LB,BUTLER,10,0,0,127,59.8,,,,,,64.1,,,81.5,0,0,0,42,0,0,0,29,0
Bradley Magee,108183,LB,BUTLER,10,0,0,127,58.6,,,,,,60.0,,,71.4,0,0,0,42,5,0,1,8,0
Justin Woodley,108188,LB,COLUMBIA,5,0,0,145,60.0,,,,,,62.1,,,69.1,0,0,0,15,0,0,1,4,0
John Harris,108191,LB,COLUMBIA,9,0,0,145,60.1,,,,,,57.9,,,73.1,2,0,0,22,23,31,51,8,1
Cam Dillon,108192,LB,COLUMBIA,8,0,0,145,60.0,,,,,,55.7,,,71.3,1,0,0,24,0,0,13,13,0
Devin Hart,108193,LB,COLUMBIA,1,0,0,145,,,,,,,59.3,,,65.6,0,0,0,0,0,0,5,0,0
Dante Landolfi,108194,LB,COLUMBIA,1,0,0,145,,,,,,,59.5,,,64.2,0,0,0,0,0,6,0,0,0
Joshua Smythe-Macaulay,108196,LB,COLUMBIA,10,0,0,145,60.2,,,,,,64.0,,,35.3,0,1,0,7,55,13,0,45,1
Cameron Brown,108197,LB,COLUMBIA,10,0,0,145,59.7,,,,,,70.1,,,41.8,0,1,0,34,51,45,28,34,5
Tanner Cross,108205,LB,DARTMOUTH,8,0,0,148,60.2,,,,,,66.1,,,68.2,0,0,0,12,0,0,0,15,0
Joe Heffernan,108208,LB,DARTMOUTH,6,0,0,148,60.0,,,,,,64.0,,,66.7,0,0,0,2,13,0,0,4,0
Jalen Mackie,108209,LB,DARTMOUTH,9,0,0,148,58.9,,,,,,62.7,,,67.1,0,0,0,19,0,0,0,17,0
Danny Meehan,108214,LB,DAYTON,6,0,0,150,60.0,,,,,,59.6,,,70.9,0,0,0,2,0,6,14,0,0
Shane Ferrick,108217,LB,DAYTON,10,0,0,150,59.8,,,,,,59.7,,,72.3,0,0,0,11,0,0,16,1,0
Tanner Pollock,108222,LB,DRAKE,10,1,0,153,60.0,,,,,,66.3,,,46.3,1,1,0,5,16,45,60,48,3
Linden Howe,108223,LB,DRAKE,10,0,0,153,58.6,,,,,,62.1,,,83.4,0,0,0,32,20,36,54,33,1
Xavier Reddick,108241,LB,KENNESAW,13,0,0,200,59.6,,,66.5,,,69.1,,,78.3,0,0,0,20,40,39,6,28,1
Owen Kessler,108242,ED,GEORGETOWN,8,0,0,172,59.1,,,,,,59.3,,,66.2,0,0,0,27,0,0,0,3,0
Justin Fonteneaux,108243,LB,GEORGETOWN,10,2,0,172,76.8,,,,,,83.6,,,40.8,0,1,0,49,0,0,49,7,2
Palmer Nix,108244,LB,GEORGETOWN,10,0,0,172,60.1,,,,,,50.7,,,44.3,3,1,0,46,23,0,43,9,2
David Owens,108245,ED,GEORGETOWN,4,0,0,172,58.7,,,,,,61.7,,,70.8,0,0,0,10,3,0,0,9,0
Andrew Irwin,108247,LB,HARVARD,9,0,0,179,59.8,,,,,,60.1,,,67.8,0,0,0,19,0,6,4,0,0
John Jenkins,108248,LB,HARVARD,10,0,0,179,59.9,,,59.9,,,61.1,,,69.1,0,0,0,3,4,14,52,0,0
Jack McGowan,108249,LB,HARVARD,10,0,0,179,59.5,,,,,,62.2,,,72.4,0,0,0,28,4,8,50,0,1
Jordan Hill,108250,LB,HARVARD,10,0,0,179,59.5,,,,,,59.9,,,65.0,0,0,0,29,1,0,0,0,0
Brandon Won,108251,LB,HARVARD,8,0,0,179,60.0,,60.0,,,,61.8,,,47.9,0,1,1,2,31,28,52,0,3
Solomon Egbe,108253,LB,HARVARD,9,0,0,179,59.7,,,,,,65.9,,,71.3,0,0,0,7,16,29,5,4,0
J.T. Cooper,108259,DI,DUQUESNE,10,0,0,155,59.7,,75.3,,,,65.1,,,76.1,1,0,53,1,0,0,34,1,1
Damon Washington,108273,ED,LAFAYETTE,6,0,0,203,59.9,,,,,,44.7,,,27.1,0,1,0,24,0,0,0,1,0
Kevin Gutierrez,108279,CB,LIUSHAR,6,0,0,1298,59.9,,,,,,58.9,,,28.8,0,2,0,1,17,19,44,0,3
Kyle Fleitman,108280,S,MARIST,10,3,0,213,60.3,,,59.6,,,82.8,61.6,,74.7,0,0,0,35,47,6,45,5,3
Kyle Coffindaffer,108283,LB,MARIST,10,0,1,213,59.9,,,,,,59.6,,,52.7,0,2,0,5,40,41,0,22,0
Jarius Clayton,108290,WR,MS VLY ST,9,0,0,228,,,,,,,61.4,70.0,,67.2,0,0,0,0,0,0,0,41,0
Wookdong Kim,108293,ED,MARIST,5,0,0,213,,,,,,,66.5,,,70.9,0,0,0,0,0,0,29,8,1
Matt Lenti,108294,S,DAYTON,10,1,0,150,59.9,,,,,,69.5,,,79.9,0,0,0,2,59,15,0,18,1
Jay Thompson,108297,ED,MERRIMACK,8,0,0,385,60.2,,22.7,,,,53.8,,,75.9,0,0,30,11,16,10,1,27,0
Brett Raynor,108298,LB,MERRIMACK,5,0,0,385,59.8,,,,,,72.0,,,69.9,0,0,0,7,31,16,13,0,3
Volme Swanier,108305,LB,MS VLY ST,10,0,0,228,60.2,,,,,,63.5,,,71.2,0,0,0,41,11,6,1,12,0
Steven Barongi,108308,LB,MOREHEAD,11,0,0,234,59.9,,,,,,66.8,,,76.4,0,0,0,7,49,53,0,1,1
Delano Salgado,108309,CB,GEORGETOWN,10,0,0,172,59.3,,,71.4,,,62.2,,,72.1,1,0,0,33,35,22,0,7,2
DJ Niculescu Jr.,108310,LB,MOREHEAD,9,1,1,234,59.9,,,,,,64.3,,,53.0,1,1,0,5,48,43,28,18,4
Vincent Winey,108311,LB,MOREHEAD,11,0,0,234,59.5,,64.3,,,,63.1,,,72.7,0,0,17,42,2,8,37,4,1
Justin Benvie,108314,LB,MOREHEAD,4,0,0,234,59.8,,,,,,61.9,,,68.9,0,0,0,2,0,3,0,5,0
Brian O'Neill,108321,LB,PENN,9,0,0,267,60.2,,,,,,62.9,,,76.2,0,0,0,27,2,2,5,6,0
Shane Sweitzer,108322,TE,PENN,2,0,0,267,,,,59.9,,,60.0,,,65.0,0,0,0,0,0,11,0,0,0
Tanner Long,108323,LB,PENN,8,0,0,267,60.0,,,,,,65.7,,,77.4,0,0,0,1,21,34,31,25,1
Jake Heimlicher,108324,ED,PENN,10,0,0,267,58.9,,70.6,,,,61.8,,,70.1,0,0,32,39,0,6,0,4,0
James Johnson,108327,LB,PRINCETON,7,0,0,272,59.8,,,,,,62.4,,,65.0,0,0,0,25,0,0,0,9,0
Tyler McDonald,108328,LB,PRINCETON,8,1,0,272,,,,,,,68.4,,,72.1,1,0,0,0,39,0,3,11,3
Tavaris Noel,108329,ED,PRINCETON,6,0,0,272,,,,,,,60.0,,,65.5,0,0,0,0,0,19,0,0,0
J.T. Tyler,108330,LB,PRINCETON,9,0,0,272,60.4,,,,,,62.7,,,70.0,0,0,0,31,0,6,0,10,0
Zach Beagle,108331,LB,PRINCETON,9,0,0,272,60.0,,,,,,58.5,,,28.5,0,1,0,1,10,19,33,3,1
Daniel Beard,108332,LB,PRINCETON,8,0,0,272,59.7,,,,,,61.0,,,66.2,0,0,0,21,0,4,0,6,0
Kevin Bruce,108333,ED,PRINCETON,2,0,0,272,59.8,,,,,,60.9,,,64.4,0,0,0,1,6,0,0,0,0
Ike Hall,108334,ED,PRINCETON,1,0,0,272,,,,,,,60.0,,,63.8,0,0,0,0,0,0,0,1,0
Larkin Ison,108335,LB,PRINCETON,8,0,0,272,,,,,,,61.7,,,78.8,0,1,0,0,10,29,6,29,0
Matthew Jester,108336,ED,PRINCETON,8,0,0,272,58.4,,,,,,58.8,,,67.0,0,0,0,31,0,0,0,7,0
Chris Outterbridge,108341,LB,SACR HEART,12,0,0,280,60.0,,,,,,45.5,,,72.1,2,0,0,25,0,1,16,32,0
DeAndre Byrd,108343,LB,SACR HEART,11,0,0,280,59.5,,,,,,60.1,60.3,,72.0,0,0,0,20,0,24,22,29,0
Robert O'Donnell,108344,LB,SACR HEART,12,0,0,280,,,,,,,70.9,,,73.1,0,0,0,0,53,12,0,11,2
Kyle Craig,108351,LB,ST FRANCIS,8,0,0,299,59.8,,,,,,67.3,,,79.3,1,0,0,20,35,29,0,35,3
Ian White,108352,DI,ST FRANCIS,9,0,0,299,58.9,,72.3,,,,70.2,,,82.3,0,0,38,7,0,6,0,42,0
Jaylen Parks,108353,ED,ST FRANCIS,10,0,0,299,60.2,,,,,,62.7,,,76.1,0,0,0,33,0,3,53,13,0
Zack Schussler,108355,LB,ST FRANCIS,5,0,0,299,60.1,,,,,,60.5,,,71.9,0,0,0,23,0,22,0,5,0
Calvin Beaty,108356,LB,ST FRANCIS,5,0,0,299,,,,,,,62.8,,,76.6,0,0,0,0,0,0,0,6,0
Thomas Hennessy,108359,LB,DARTMOUTH,7,0,0,148,60.0,,,,,,69.0,,,66.9,0,0,0,6,23,0,0,4,1
Brian Lee Jr.,108362,LB,MAINE,11,3,0,212,59.8,,,,,,76.7,,,90.0,2,0,0,7,53,58,7,12,5
Jayden Johnson,108365,LB,MARIST,8,0,0,213,59.7,,,,,,63.5,,,68.8,0,0,0,30,0,0,0,13,0
Andrew Stafford,108367,ED,DRAKE,5,0,0,153,59.6,,,,,,60.5,,,72.1,0,0,0,11,0,0,3,1,0
Nate Clingan,108369,DI,DUQUESNE,2,0,0,155,59.7,,60.0,,,,60.8,,,64.7,0,0,2,1,0,0,0,1,0
Seth Walter,108370,DI,DARTMOUTH,2,0,0,148,,,,,,,60.9,,,70.8,0,0,0,0,0,4,0,0,0
Trey Psota,108380,CB,VALPO,11,1,0,332,77.3,,,,,,85.9,,,74.9,0,0,0,47,0,0,39,2,1
Jaxon Peifer,108384,LB,VALPO,7,0,0,332,59.8,,,,,,61.3,,,71.0,0,0,0,29,2,5,0,2,0
Jordan Carey,108387,LB,YALE,10,0,0,352,60.0,,,,,,62.1,,,76.4,0,0,0,24,34,0,52,32,1
Micah Awodiran,108388,LB,YALE,7,0,0,352,59.6,,,,,,62.8,,,65.3,0,0,0,26,0,0,0,13,0
Rodney Thomas II,108389,S,YALE,10,0,0,352,59.8,,,66.5,,,63.8,,,79.3,1,0,0,40,54,4,52,12,3
Blake Hill,108390,LB,YALE,2,0,0,352,60.0,,,,,,60.1,,,61.9,0,0,0,3,0,0,0,0,0
Brian Abraham,108392,S,YALE,8,0,0,352,60.0,,,,,,63.5,,,77.5,2,0,0,9,34,7,23,18,3
Noah Pope,108394,S,YALE,9,1,0,352,60.1,,,,,,61.7,,,29.8,0,1,0,27,30,7,1,45,0
Gage Vander Leest,108399,S,DRAKE,2,0,0,153,60.0,,,,,,72.2,,,69.1,0,0,0,1,3,7,0,0,0
Greggory Rodgers,108402,LB,NC CENT,2,0,0,247,,,,,,,47.5,,,70.0,0,1,0,0,0,10,0,0,0
Cameren Carter,108404,ED,COLUMBIA,2,0,0,145,,,,,,,61.3,,,66.1,0,0,0,0,0,0,4,2,0
Hunter Brozio,108410,FB,N DAK ST,2,0,0,250,,,,,,,59.2,,,66.4,0,0,0,0,0,9,0,0,0
Scott Scherzer,108411,WR,MARIST,10,0,1,213,,,,,,,53.4,,,30.7,0,1,0,0,2,6,41,0,0
Brandon Shimko,108416,ED,DELWARE ST,1,0,0,152,,,60.0,,,,60.0,,,60.3,0,0,2,0,0,0,0,0,0
Josh Greene,108418,LS,DARTMOUTH,10,1,0,148,,,85.9,,,64.9,68.9,,,66.4,0,0,50,0,0,0,39,0,0
Brian McNamara,108419,LS,SACR HEART,11,1,0,280,,,83.9,,,78.0,71.0,,,29.3,0,1,42,0,0,0,48,0,0
Parker Lefton,108422,LS,COLUMBIA,10,1,0,145,,,84.2,,,80.7,70.8,,,67.2,1,0,43,0,0,0,59,0,0
Ryan McNeil,108427,LB,PRINCETON,10,0,0,272,,,87.2,,,88.4,77.4,,,66.3,0,0,56,0,0,0,39,0,0
Tanner Schmidt,108428,LS,ST FRANCIS,10,0,0,299,,,83.7,,,53.5,59.3,,,66.9,0,0,41,0,0,0,53,0,0
Hunter Delor,108432,LB,CORNELL,1,0,0,147,,,,,,,61.8,,,69.4,0,0,0,0,7,0,0,0,0
Greg Amato,108434,C,LIUSHAR,1,0,0,1298,,,,,,,60.0,,,63.3,0,0,0,0,0,0,1,0,0
Alex Harper,108435,LS,NC CENT,9,0,0,247,,,82.2,,,75.2,78.4,,,67.1,0,0,36,0,0,0,53,0,2
Brady Weas,108436,LS,GEORGETOWN,10,1,0,172,,,19.8,,,67.2,52.8,,,66.9,0,0,33,0,0,0,52,0,4
Brian Stevens,108439,T,DAYTON,10,0,0,150,,,74.3,,,,60.2,,,65.9,0,0,51,0,0,0,8,0,0
Bryan Bystol,108450,C,BUTLER,1,0,0,127,,,60.0,,,,60.8,,,62.7,0,0,4,0,0,0,0,0,0
A.J. Ackerman,108456,DI,DUQUESNE,10,0,0,155,71.2,,76.0,,,,71.2,,,74.1,0,0,48,35,0,0,33,7,0
Matt Clements,108459,P,STETSON,1,0,0,302,,,,,,,60.0,,59.6,65.4,0,0,0,0,0,0,2,0,0
Christopher Alvarado,108463,G,SAN DIEGO,9,0,0,283,,,73.1,,,,57.3,,,28.4,0,1,39,0,0,0,10,0,0
Nicolas Bisogno,108467,G,SAN DIEGO,2,0,0,283,,,65.0,,,,62.6,,,67.6,0,0,11,0,0,0,0,0,0
James Rhodes,108469,G,STETSON,8,0,0,302,,,60.0,,,,60.0,,,66.3,0,0,4,0,0,0,25,0,0
Joe Monahan,108475,C,VALPO,1,0,0,332,,,,,,,60.6,,,67.7,0,0,0,0,0,4,0,0,0
Drew Parrish,108478,C,VALPO,1,0,0,332,,,60.0,,,,60.0,,,61.6,0,0,1,0,0,0,0,0,0
Ty O'Janovac,108480,G,W ILLINOIS,11,0,0,345,,,72.4,,,,63.4,,,63.8,0,0,43,0,0,0,1,0,0
Jaison Williams,108481,T,YNGTOWN ST,8,0,0,353,,,71.2,,,,64.3,,,72.3,0,0,31,0,0,1,0,0,0
Michael Jubran,108482,G,PRESBYTERN,7,0,0,271,,,69.6,,,,50.6,,,27.5,0,2,18,0,0,0,4,0,0
Donovan Allen,108491,T,BROWN,4,0,0,123,,,67.5,,,,63.0,,,62.1,0,0,21,0,0,0,0,0,0
Lucas Ferraro,108492,C,BROWN,10,0,0,123,,,76.2,,,,65.1,,,64.9,0,0,49,0,0,0,0,0,0
Nicholas Turbyfill,108493,G,BROWN,9,0,0,123,,,71.9,,,,64.1,,,65.9,0,0,42,0,0,0,0,0,0
Nathan Brown,108502,G,N ALABAMA,8,0,0,389,,,70.8,,,,63.7,,,64.6,0,0,35,0,0,0,4,0,0
Philip Platania,108512,S,BRYANT,2,0,0,124,,,,,,,63.1,,,68.0,0,0,0,0,12,0,0,0,0
Colin Lavell,108513,G,N DAKOTA,6,0,0,249,,,71.9,,,,64.0,,,67.8,0,0,27,0,0,0,4,0,0
Gavin Campbell,108523,T,AUSTINPEAY,1,0,0,116,,,60.0,,,,60.0,,,64.5,0,0,1,0,0,0,0,0,0
Jacob Caughell,108524,C,AUSTINPEAY,5,0,0,116,,,60.7,,,,58.7,,,70.4,0,0,9,0,0,0,3,0,0
Yodhe Desta,108529,G,LIUSHAR,1,0,0,1298,,,,,,,60.0,,,63.3,0,0,0,0,0,0,1,0,0
Tedi Kushi,108533,T,LIUSHAR,1,0,0,1298,,,,,,,60.0,,,63.3,0,0,0,0,0,0,1,0,0
Dwayne Menders Jr.,108535,WR,MARIST,9,0,0,213,,,,57.6,,,59.0,81.2,,66.9,0,0,0,0,0,41,0,29,0
Mauriohn Underwood,108538,G,MS VLY ST,2,0,0,228,,,62.4,,,,62.0,,,64.0,0,0,7,0,0,0,0,0,0
Benjamin Phillis,108541,T,ST FRANCIS,7,0,0,299,,,70.0,,,,63.8,,,67.0,0,0,32,0,0,0,0,0,0
Wyatt Hummel,108543,T,VILLANOVA,9,0,0,334,,,71.4,,,,64.1,,,65.0,0,0,38,0,0,0,0,0,0
Jaden Rolling,108544,T,VILLANOVA,11,0,0,334,,,75.6,,,,65.5,,,72.9,0,0,46,0,0,0,0,0,0
Treylen Brown,108550,G,JVILLE ST,5,0,0,196,,,68.5,,,,63.4,,,67.0,0,0,21,0,0,0,0,0,0
David Sawyer,108552,T,COLUMBIA,10,0,0,145,,,73.5,,,,64.6,,,68.1,0,0,47,0,0,0,0,0,0
Matt Klenk,108553,G,COLUMBIA,10,0,0,145,,,76.3,,,,65.6,,,71.6,0,0,51,0,0,0,0,0,0
Will Hamilton,108554,G,COLUMBIA,10,0,0,145,,,57.0,,,,60.0,,,72.0,0,0,45,0,0,0,0,0,0
Andrew Pruske,108555,C,COLUMBIA,4,0,0,145,,,60.0,,,,61.4,,,63.7,0,0,6,0,0,0,0,0,0
Joe Kelly,108558,G,CORNELL,10,0,0,147,,,73.5,,,,64.4,,,65.2,0,0,32,0,0,0,0,0,0
Michael Flores,108560,G,DARTMOUTH,6,0,0,148,,,74.2,,,,64.6,,,64.8,0,0,35,0,0,0,0,0,0
Adam Will,108561,T,DARTMOUTH,8,0,0,148,,,73.7,,,,65.1,,,74.5,0,0,45,0,0,0,0,0,0
James McCarthy,108562,G,DARTMOUTH,3,0,0,148,,,65.4,,,,62.6,,,63.8,0,0,15,0,0,0,0,0,0
Talati Polamalu,108564,G,GEORGETOWN,1,0,0,172,,,60.0,,,,61.4,,,66.3,0,0,4,0,0,0,0,0,0
Sam Telesa,108565,T,GEORGETOWN,5,0,0,172,,,60.0,,,,61.3,,,66.5,0,0,3,0,0,0,31,0,0
Spencer Harris,108566,T,GEORGETOWN,3,0,0,172,,,64.0,,,,62.2,,,62.4,0,0,8,0,0,0,0,0,0
Alex Barshaba,108569,G,LAFAYETTE,10,0,0,203,,,72.9,,,,64.6,,,69.7,0,0,32,0,0,0,0,0,0
Brendon Passarelli,108571,G,LEHIGH,4,0,0,205,,,64.4,,,,62.5,,,66.3,0,0,9,0,0,0,0,0,0
Ben Hoitink,108575,G,PENN,9,0,0,267,,,74.0,,,,64.5,,,63.7,0,0,33,0,0,0,0,0,0
Declan Vargas,108576,G,PENN,1,0,0,267,,,60.0,,,,60.0,,,61.6,0,0,1,0,0,0,0,0,0
Jack Purcell,108577,T,PENN,9,0,0,267,,,71.0,,,,64.3,,,72.0,0,0,32,0,0,0,0,0,0
Chase Bahr,108578,G,PENN,5,0,0,267,,,66.2,,,,63.0,,,68.8,0,0,13,0,0,0,0,0,0
Jack Twyford,108581,G,YALE,3,0,0,352,,,66.8,,,,62.8,,,62.8,0,0,12,0,0,0,0,0,0
Jonathan Mendoza,108583,T,YALE,5,0,0,352,,,68.6,,,,64.0,,,71.3,0,0,25,0,0,0,0,0,0
Michael McNish,108584,G,BRYANT,9,0,0,124,,,68.3,,,,62.7,,,66.1,0,0,16,0,0,0,38,0,0
Carson Ivey,108585,C,BRYANT,5,0,0,124,,,70.4,,,,63.6,,,63.2,0,0,20,0,0,0,0,0,0
Trevor Smith,108587,T,BRYANT,9,0,0,124,,,71.4,,,,64.0,,,66.0,0,0,39,0,0,0,0,0,0
Kurt Bernard,108589,T,PRINCETON,1,0,0,272,,,60.0,,,,60.0,,,61.0,0,0,1,0,0,0,0,0,0
Jonathan Boyd,108590,T,PRINCETON,10,0,0,272,,,74.7,,,,65.3,,,73.9,0,0,54,0,0,0,2,0,0
Richard Krebs,108592,G,PRINCETON,1,0,0,272,,,60.0,,,,60.0,,,63.4,0,0,1,0,0,0,0,0,0
Jon Mucciolo,108593,G,SACR HEART,12,0,0,280,,,73.9,,,,65.0,,,72.8,0,0,45,0,0,0,0,0,0
Mason Williams,108596,G,HARVARD,9,0,0,179,,,76.6,,,,65.7,,,71.6,0,0,53,0,0,0,0,0,0
Aidan Wells,108598,T,HARVARD,10,0,0,179,,,74.1,,,,63.7,,,65.5,0,0,52,0,0,0,59,0,0
Scott Elliott,108599,C,HARVARD,1,0,0,179,,,,,,,60.0,,,63.3,0,0,0,0,0,0,0,0,0
Alec Bank,108600,T,HARVARD,10,0,0,179,,,75.8,,,,65.6,,,73.0,0,0,59,0,0,0,0,0,0
Tucker Barnes,108602,G,BROWN,5,0,0,123,,,69.2,,,,63.7,,,70.2,0,0,21,0,0,0,0,0,0
Chad Broome-Webster,108603,T,BROWN,10,0,0,123,,,73.6,,,,64.3,,,61.3,0,0,49,0,0,0,0,0,0
Timothy Forster,108604,C,BROWN,10,1,0,123,,,67.5,,,87.0,72.7,,,66.2,0,0,9,0,0,0,36,0,0
Corey Petersen,108608,P,CAMPBELL,11,0,0,131,,,,,,,62.8,,56.3,73.5,0,1,0,0,0,0,41,0,0
Mike Andrejco,108614,T,BRYANT,2,0,0,124,,,60.0,,,,60.9,,,64.8,0,0,3,0,0,0,0,0,0
Colton Ruhland,108624,G,BUTLER,7,0,0,127,,,71.0,,,,64.3,,,72.9,0,0,31,0,0,0,0,0,0
Trevor Scott,108629,C,BUTLER,7,0,0,127,,,68.7,,,,63.4,,,65.3,0,0,28,0,0,0,0,0,0
Gaven Johnson,108630,T,BUTLER,10,0,0,127,,,70.6,,,,63.2,,,65.6,0,0,32,0,0,0,38,0,0
Grant Purlee,108632,G,BUTLER,8,0,0,127,,,72.0,,,,63.7,,,70.5,0,0,28,0,0,0,30,0,0
Zach Minch,108639,T,COLUMBIA,9,0,0,145,,,71.6,,,,64.0,,,64.0,0,0,39,0,0,0,0,0,0
Tyler Worrell,108640,C,COLUMBIA,2,0,0,145,,,68.6,,,70.1,63.5,,,62.6,0,0,12,0,0,0,0,0,0
Stew Newblatt,108641,T,COLUMBIA,2,0,0,145,,,62.0,,,,62.2,,,62.6,0,0,13,0,0,0,0,0,0
Conner Collins,108643,T,COLUMBIA,10,0,0,145,,,75.0,,,,65.9,,,76.3,0,0,51,0,0,0,0,0,0
James King,108661,T,DELWARE ST,9,0,0,152,,,70.1,,,,63.7,,,64.8,0,0,31,0,0,0,0,0,0
Parker Althaus,108663,T,DRAKE,9,0,0,153,,,70.1,,,,63.3,,,72.9,0,0,27,0,0,0,1,0,0
Aaron Acosta,108667,ED,MARIST,9,0,0,213,76.2,,,,,,85.3,,,71.7,0,0,0,33,0,0,0,13,0
Avery Samuels,108671,G,STETSON,7,0,0,302,,,70.8,,,,62.5,,,69.9,0,0,25,0,0,0,11,0,0
Justin Iaccio,108676,LB,MARIST,10,0,0,213,60.0,,83.3,,,89.9,74.7,,,72.8,0,0,39,5,11,41,45,12,0
Mac Hollensteiner,108684,T,GEORGETOWN,10,0,0,172,,,71.4,,,,64.4,,,73.7,0,0,33,0,0,0,0,0,0
Joshua Stevens,108686,G,GEORGETOWN,10,0,0,172,,,69.8,,,,63.6,,,65.0,0,0,33,0,0,0,0,0,0
Hunt Sparks,108691,G,HARVARD,10,0,0,179,,,75.0,,,,59.7,,,29.8,0,1,58,0,0,0,58,0,0
Spencer Rolland,108693,T,HARVARD,10,0,0,179,,,76.2,,,,66.3,,,77.1,0,0,59,0,0,0,0,0,0
North Peters,108694,DI,HARVARD,7,1,0,179,59.5,,,,,,68.3,,,75.5,0,0,0,2,31,1,0,34,0
Hunter Folsom,108703,G,BROWN,8,0,0,123,,,74.4,,,,65.0,,,70.3,0,0,40,0,0,0,0,0,0
Zack Cangelosi,108710,C,JVILLE ST,6,0,0,196,,,69.1,,,,63.6,,,67.7,0,0,25,0,0,0,0,0,0
Cam Hill,108711,G,JVILLE ST,9,0,0,196,,,74.2,,,,64.8,,,69.1,0,0,37,0,0,0,0,0,0
Jalen Goodman,108725,S,VILLANOVA,7,0,0,334,59.6,,,,,,59.8,,,64.1,0,0,0,25,0,0,0,0,0
Frank Sokenis,108726,DI,LIUSHAR,10,0,0,1298,58.9,,69.6,,,,62.8,,,70.5,0,0,27,5,0,0,39,0,0
Julian Singh,108728,G,LIUSHAR,1,0,0,1298,,,,,,,60.0,,,63.3,0,0,0,0,0,0,1,0,0
Matthew McElroy,108734,ED,PENN,10,0,0,267,58.7,,71.3,,,,62.2,,,75.0,0,0,34,38,0,0,5,4,0
Jacob Hargraves,108736,S,ALBANY,10,0,0,106,59.9,,,,,,66.1,,,79.9,0,0,0,1,41,50,30,33,2
Zachary Targoff,108741,WR,BROWN,5,0,0,123,,,,59.9,,,71.0,,,70.8,0,0,0,0,3,3,13,6,1
Austin Martins,108742,ED,VALPO,10,0,0,332,80.8,,,,,,90.0,,,71.1,0,0,0,33,0,0,0,2,0
Mike Fierstein,108746,G,MERRIMACK,9,0,0,385,,,73.1,,,,65.4,,,75.5,0,0,41,0,0,0,0,0,0
Ryan Wetterberg,108749,G,MERRIMACK,2,0,0,385,,,62.5,,,,62.2,,,67.6,0,0,7,0,0,0,0,0,0
Brendan Didier,108751,CB,LIUSHAR,5,0,0,1298,59.6,,,,,,60.5,,,69.3,0,0,0,11,1,1,1,3,0
Clay LeGault,108753,T,MERRIMACK,9,0,1,385,,,71.6,,,,46.8,,,27.0,0,2,41,0,0,0,0,0,0
Michael Davis,108760,G,MOREHEAD,11,0,0,234,,,75.8,,,,65.0,,,64.1,0,0,42,0,0,0,0,0,0
Cam Marriott,108765,T,MOREHEAD,11,0,0,234,,,75.9,,,,65.8,,,75.0,0,0,61,0,0,0,0,0,0
Ethan McMullan,108766,G,SE LA,13,0,0,294,,,78.3,,,,65.7,,,67.4,0,0,90,0,0,0,0,0,0
Trevor Radosevich,108772,C,PENN,1,0,0,267,,,,,,,60.4,,,63.9,0,0,0,0,0,0,7,0,0
David Hoffman,108779,G,PRINCETON,10,0,0,272,,,77.5,,,,65.7,,,73.1,0,0,58,0,0,0,1,0,0
Nikola Ivanisevic,108781,C,PRINCETON,1,0,0,272,,,,,,,60.0,,,63.3,0,0,0,0,0,0,1,0,0
Henry Byrd,108783,T,PRINCETON,3,0,0,272,,,64.8,,,,61.6,,,66.1,0,0,15,0,0,0,1,0,0
Ford Roberts,108784,C,PRINCETON,8,0,0,272,,,,,,,61.1,,,63.7,0,0,0,0,0,0,31,0,0
Connor Scaglione,108785,T,PRINCETON,9,0,0,272,,,71.7,,,,63.3,,,65.7,0,0,41,0,0,0,1,0,0
Zackary Zambrano,108786,G,PRINCETON,10,0,0,272,,,78.4,,,,65.3,,,65.3,0,0,59,0,0,0,36,0,0
J.D. DiRenzo,108791,T,SACR HEART,12,0,0,280,,,72.9,,,,64.3,,,64.1,0,0,45,0,0,0,0,0,0
Donald Rappoccio,108793,T,SACR HEART,4,0,0,280,,,60.5,,,,62.2,,,68.9,0,0,8,0,0,0,0,0,0
CJ Williams,108796,C,SACR HEART,10,0,0,280,,,74.7,,,,57.7,,,65.4,0,0,37,0,0,0,12,0,0
Drew Zebarth,108798,T,SACR HEART,9,0,0,280,,,72.2,,,,56.5,,,28.6,0,1,37,0,0,0,0,0,0
Alex Trapasso,108799,C,SACR HEART,12,1,0,280,,,75.3,,,,60.6,,,71.4,1,0,45,0,0,0,44,0,0
Josh Sokol,108801,G,SACR HEART,3,0,0,280,,,64.0,,,,62.2,,,62.4,0,0,8,0,0,0,0,0,0
Seth Osborne,108803,C,ST FRANCIS,1,0,0,299,,,60.0,,,,60.8,,,66.5,0,0,3,0,0,0,0,0,0
Bailey Iboleon,108805,T,ST FRANCIS,3,0,0,299,,,60.0,,,,61.2,,,67.2,0,0,4,0,0,0,0,0,0
Joshua Taylor,108808,T,MS VLY ST,2,0,0,228,,,64.6,,,,62.4,,,62.0,0,0,14,0,0,0,0,0,0
Shaun Hastings,108810,G,E TENN ST,9,0,0,157,,,73.6,,,,64.6,,,67.7,0,0,44,0,0,0,0,0,0
Ronald Sharlou,108812,ED,SAN DIEGO,11,0,0,283,58.8,,66.9,,,,57.3,,,29.8,0,1,23,16,0,0,23,9,0
Joseph Bonczek,108813,LB,PRINCETON,10,0,0,272,60.0,,60.0,,,,66.7,,,73.8,0,0,2,5,15,11,35,14,2
Gianni Rizzo,108816,LB,YNGTOWN ST,5,0,0,353,,,,,,,70.5,,,70.4,0,0,0,0,18,21,0,1,0
Kaiyus Lewis,108818,LB,MS VLY ST,10,2,0,228,59.4,,,,,,67.2,,,80.7,1,0,0,5,41,53,59,26,2
Alex Brown,108820,G,STETSON,8,0,0,302,,,73.9,,,,62.5,,,68.6,0,0,35,0,0,0,4,0,0
Steven Godwin,108822,G,STETSON,2,0,0,302,,,,,,,60.0,,,64.5,0,0,0,0,0,0,2,0,0
Antonio Derry,108823,C,STETSON,7,0,0,302,,,71.6,,,,61.2,,,64.9,0,0,24,0,0,0,4,0,0
Nick Plunkett,108825,T,STETSON,8,0,0,302,,,72.0,,,,62.2,,,66.7,0,0,42,0,0,0,3,0,0
Jordan Halfinds,108826,T,STETSON,4,0,0,302,,,64.3,,,,60.3,,,63.7,0,0,17,0,0,0,2,0,0
Thomas Connors,108827,T,STETSON,9,0,0,302,,,73.7,,,,64.9,,,75.0,0,0,44,0,0,0,15,0,0
Andrew Nadolski,108828,T,STETSON,8,0,0,302,60.0,,68.3,,,,62.3,,,63.6,0,0,27,1,0,0,1,0,0
Michael Wojciechowski,108829,LS,STETSON,10,2,0,302,,,84.5,,,71.8,67.7,,,66.1,0,0,44,0,0,0,37,0,0
Josh De St. Jean,108842,G,YALE,5,0,0,352,,,69.6,,,,63.8,,,70.2,0,0,20,0,0,0,0,0,0
Dylan Cook,108843,LB,LIUSHAR,10,0,0,1298,59.8,,,,,,62.4,,,68.9,0,0,0,39,0,0,0,15,0
Anthony Purge,108845,HB,ROB MORRIS,5,0,0,277,,,,59.6,,,60.2,,,71.6,0,0,0,0,0,26,15,0,0
Jordan Velez,108850,G,YNGTOWN ST,10,0,0,353,,,74.3,,,,65.1,,,71.6,0,0,39,0,0,0,0,0,0
Casey Baker,108852,C,YNGTOWN ST,10,0,0,353,,,70.0,,,,63.6,,,64.0,0,0,33,0,0,0,0,0,0
Robert Mitchell,108853,G,NC CENT,1,0,0,247,,,60.0,,,,59.9,,,66.3,0,0,4,0,0,0,1,0,0
Jesse Urbina,108854,T,NC CENT,1,0,0,247,,,60.0,,,,61.4,,,62.1,0,0,4,0,0,0,0,0,0
Corey Bullock,108855,G,NC CENT,5,0,0,247,,,65.9,,,,61.9,,,69.0,0,0,14,0,0,0,1,0,0
Nick Vance,108858,T,DUQUESNE,10,0,0,155,,,73.5,,,,64.5,,,67.1,0,0,48,0,0,0,0,0,0
Chris Escalera,108862,G,NC CENT,6,0,0,247,,,72.2,,,,64.3,,,69.1,0,0,28,0,0,0,0,0,0
Junior Gafa,108866,LB,BROWN,10,0,0,123,59.9,,,,,,66.2,,,69.3,0,0,0,51,18,0,0,12,1
Ian Crocker,108867,LB,PORTLAND,9,0,0,269,,,,59.6,,,63.0,,,71.5,0,0,0,0,0,42,0,18,0
Luke Hoggard,108871,LB,PENN,10,0,0,267,,,,,,,69.7,,,78.6,0,0,0,0,38,37,60,17,3
David Torres,108876,LB,MARIST,10,1,0,213,59.9,,,,,,60.8,,,74.4,1,0,0,4,38,41,0,20,1
Nathan De Bruin,108877,K,DRAKE,3,0,0,153,,62.4,,,,,60.3,,,64.7,0,0,13,0,0,0,0,0,0
Adam Conyer,108878,S,PENN,10,0,0,267,59.9,,,,,,72.3,,,77.6,0,0,0,16,35,2,0,44,2
Ben Scoggin,108882,G,HARVARD,9,0,0,179,,,29.4,,,,50.7,,,65.4,0,0,53,0,0,0,0,0,0
David Tkatch,108887,T,DAYTON,10,0,0,150,,,76.4,,,,62.4,,,72.6,0,0,51,0,0,0,8,0,0
Jake Rock,108889,T,N DAK ST,5,0,0,250,,,69.5,,,,53.1,,,27.6,0,1,30,0,0,0,0,0,0
Luke Hatch,108894,CB,MARIST,1,0,0,213,59.8,,,,,,60.4,,,65.9,0,0,0,3,0,0,0,1,0
Drew Nieman,108895,P,DAYTON,10,0,0,150,,,66.4,,,,63.1,,45.3,71.5,0,1,51,0,0,0,43,0,0
Adam Zavalney,108897,TE,N DAKOTA,1,0,0,249,,,,,,,60.0,,,62.1,0,0,0,0,1,0,0,0,0
Ryan Montalvo,108898,LB,SACR HEART,1,0,0,280,,,,,,,60.0,,,63.5,0,0,0,0,0,0,0,0,0
Ben Krimm,108901,P,PENN,10,0,1,267,,,64.9,,,,63.3,,53.0,73.1,0,1,34,0,0,0,54,0,1
Will Powers,108902,P,PRINCETON,10,0,0,272,,,66.2,,,,63.0,,59.3,70.8,0,0,48,0,0,0,39,0,0
Drew Schmid,108905,P,COLUMBIA,10,0,0,145,,,66.4,,,,63.4,,43.9,73.1,0,2,51,0,0,0,59,0,0
Jon Sot,108908,P,HARVARD,10,0,0,179,,,66.9,,,,57.3,,59.1,29.9,0,1,58,0,0,0,59,0,0
Jason Pierce,108910,P,CHATTNOOGA,7,0,0,137,,,,,47.0,,62.4,,54.1,73.0,0,0,0,0,10,0,24,0,0
Wade Acey,108914,DI,MOREHEAD,7,0,0,234,58.7,,,,,,44.7,,,27.0,0,1,0,18,0,0,0,1,0
Noah Gettman,108915,P,SACR HEART,12,0,0,280,,75.3,64.0,,53.0,,64.1,,75.3,76.8,0,0,44,0,40,0,51,0,1
Luka Zurak,108919,P,BUTLER,10,0,0,127,,59.2,,,49.0,,63.9,,55.5,77.1,3,0,4,0,39,0,38,0,0
Michael Denning,108920,K,DAYTON,10,0,0,150,,,,,67.0,,63.3,,,77.1,0,0,0,0,57,0,0,0,0
Patrick Oliva,108921,K,VALPO,1,0,0,332,,,,,61.3,,60.0,,,67.0,0,0,0,0,3,0,0,0,0
Jack Bosman,108923,K,YALE,10,0,0,352,,49.8,,,66.9,,64.2,,73.9,77.5,1,0,47,0,40,0,52,0,1
Davis Walker,108924,P,GEORGETOWN,1,0,0,172,,,,,53.4,,60.0,,,67.0,0,0,0,0,3,0,0,0,0
Bret Bushka,108927,QB,BUTLER,6,0,0,127,,,63.7,,,,61.4,,,60.9,0,0,24,0,0,0,0,0,0
Jason Sweeney,108931,S,DUQUESNE,9,0,0,155,,,,,,,63.3,,,74.2,0,0,0,0,30,3,11,8,0
Grant Sergent,108937,QB,SAN DIEGO,11,0,0,283,,,66.4,,,,62.1,,,61.1,0,0,51,0,0,0,0,0,0
Josh Navratil,108945,LB,N DAKOTA,4,0,0,249,60.0,,,,,,65.2,,,71.1,0,0,0,2,14,13,10,3,1
Michael Walsh,108947,QB,BROWN,1,0,0,123,,,,,,,60.0,,58.5,65.4,0,0,0,0,0,0,2,0,0
Jack Iuliano,108949,DI,PENN,1,0,0,267,,,60.0,,,,60.0,,,61.0,0,0,1,0,0,0,0,0,0
Nicholas Hasselman,108956,TE,BRYANT,9,0,0,124,,,,59.2,,,60.5,,,70.8,0,0,0,0,0,42,0,0,0
Camden Orth,108965,QB,LIUSHAR,1,0,0,1298,,,,,,,60.0,,,63.3,0,0,0,0,0,0,1,0,0
Zachary Benedek,108968,QB,ST FRANCIS,3,0,0,299,,,60.0,,,,60.7,,,60.7,0,0,8,0,0,0,0,0,0
Connor Watkins,108971,QB,VILLANOVA,3,0,0,334,,,,,,,60.8,,42.6,69.1,0,0,0,0,0,0,11,0,0
Matt O'Connor,108972,QB,VILLANOVA,1,0,0,334,,,60.0,,,,60.0,,,60.2,0,0,1,0,0,0,0,0,0
Dylan Cadwallader,108978,QB,DARTMOUTH,9,0,0,148,,,66.3,,,,62.0,,,61.1,0,0,50,0,0,0,0,0,0
Nolan Grooms,108987,QB,YALE,10,0,0,352,,,66.1,,,,62.0,,,62.9,0,0,47,0,0,2,0,0,0
Jarred Daul,108988,ED,BROWN,3,0,0,123,60.2,,,,,,61.0,,,66.2,0,0,0,6,0,0,0,1,0
Michael McGovern,108995,WR,BROWN,10,0,0,123,,,66.3,,,,62.1,,,62.0,0,0,49,0,0,1,0,0,0
Zach Carr,108996,LB,SAN DIEGO,11,0,0,283,60.0,,,,,,51.9,,,27.8,0,2,0,1,57,34,31,2,0
Nick Orlando,109004,QB,BUTLER,1,0,0,127,,,,,,,60.0,60.2,,62.8,0,0,0,0,0,0,0,2,0
Jack Cook,109015,QB,DAYTON,6,0,0,150,,,,,,,60.3,,66.4,67.2,0,0,0,0,0,0,8,0,0
Jordan Caselberry,109016,ED,BUTLER,9,0,0,127,57.9,,,,,,59.4,,,77.2,0,0,0,31,0,0,3,8,0
Ian Corwin,109017,QB,DRAKE,2,0,0,153,,,60.0,,,,60.8,,60.0,62.0,0,0,8,0,0,0,1,0,0
Michael Markett,109018,WR,DRAKE,1,0,0,153,,,,,,,60.0,,,63.3,0,0,0,0,0,0,1,0,0
Jack Elliott,109023,QB,GEORGETOWN,1,0,0,172,,,60.0,,,,60.0,,,60.2,0,0,1,0,0,0,0,0,0
Luke Emge,109025,QB,HARVARD,1,0,0,179,,,,,,,60.0,,,63.3,0,0,0,0,0,0,0,0,0
Darnel Shillingford,109030,DI,BRYANT,9,0,0,124,58.3,,,,,,59.5,,,67.0,0,0,0,19,0,0,38,1,0
Thomas Thibault,109035,ED,COLUMBIA,6,0,0,145,59.4,,,,,,60.8,,,66.6,0,0,0,12,0,0,6,4,0
Xavier Thibault,109036,DI,COLUMBIA,9,0,0,145,58.9,,,,,,60.5,,,68.1,0,0,0,20,0,0,54,1,0
Dylan Van Dusen,109038,K,LEHIGH,9,0,0,205,,66.6,,,33.1,,61.4,,,68.9,1,0,22,0,11,0,0,0,0
Jackson Luttrell,109039,DI,JVILLE ST,8,0,0,196,58.6,,,,,,59.7,,,66.0,0,0,0,11,0,0,13,2,0
P.J. Wells,109040,WR,JVILLE ST,6,0,0,196,,,,,,,67.6,,,69.8,0,0,0,0,0,7,22,0,1
Cole Smith,109050,QB,PRINCETON,1,0,0,272,,,,,,,60.0,,60.0,63.3,0,0,0,0,0,0,1,0,0
Jordan Griffin,109063,G,SACR HEART,12,0,0,280,,,72.8,,,,64.1,,,66.9,0,0,45,0,0,0,10,0,0
Alex Piccirilli,109065,QB,STETSON,3,0,0,302,,,,,,,60.0,,63.2,65.2,0,0,0,0,0,0,3,0,0
Patrick Conte,109071,TE,YALE,3,0,0,352,,,,,,,59.7,,,66.0,0,0,0,0,0,7,0,0,0
Davius Richard,109077,QB,NC CENT,1,0,0,247,,,,,,,60.0,,60.0,63.3,0,0,0,0,0,0,1,0,0
Michael Benefield,109080,HB,BUTLER,2,0,0,127,,,,,,,72.6,,,68.1,0,0,0,0,12,0,5,0,1
Michael Neel,109082,HB,DAYTON,10,0,0,150,,,,66.4,,,64.1,,,75.0,0,0,0,0,0,10,1,32,0
Billy Lucas,109083,HB,DUQUESNE,5,0,0,155,,,,58.9,,,70.6,,,66.5,0,0,0,0,0,14,0,0,0
DaMon Macklin,109084,HB,DUQUESNE,1,0,0,155,,,,61.8,,,60.0,,,61.2,0,0,0,0,0,1,0,0,0
Jason Medeiros,109087,LB,BROWN,10,0,0,123,59.4,,,,,,62.4,,,84.6,0,0,0,49,0,1,5,9,0
Jalen Bussey,109088,HB,N DAK ST,1,0,0,250,,,,,,,60.0,,,63.9,0,0,0,0,1,0,0,0,0
Kobe Johnson,109089,HB,N DAK ST,2,0,0,250,,,,63.5,,,56.7,,,64.3,0,0,0,0,0,5,0,0,0
Rhyle Hanson,109090,HB,SAN DIEGO,2,0,0,283,,,,,,,66.9,,,71.2,0,0,0,0,11,3,0,0,1
Jalen Leary,109091,HB,STETSON,2,0,0,302,,,,,,,60.0,,,64.5,0,0,0,0,0,0,2,0,0
Luke Skokna,109101,HB,N DAKOTA,6,0,0,249,,,,58.8,,,60.0,64.7,,65.9,0,0,0,0,0,24,0,26,0
Luke Paladino,109104,K,MARIST,10,0,0,213,,46.8,,,0.0,,61.4,,,67.9,0,0,39,0,6,0,0,0,0
Drew Callahan,109105,TE,MARIST,10,0,0,213,,,72.2,,,,64.1,,,64.6,0,0,39,0,0,0,0,0,0
Jariel Wilson,109106,HB,AUSTINPEAY,2,0,0,116,,,,,,,63.4,,,67.5,0,0,0,0,0,5,0,9,0
Ricky Conway,109107,HB,LIUSHAR,8,0,0,1298,,,,,,,61.4,64.6,56.7,68.6,0,0,0,0,5,10,8,21,0
DaRon Gilbert,109113,S,LAFAYETTE,10,0,0,203,60.2,,,,,,64.9,,,67.3,0,0,0,39,22,7,0,0,1
DeeWil Barlee,109114,HB,VILLANOVA,1,0,0,334,,,,,,,60.6,,,63.6,0,0,0,0,4,0,0,0,0
TD Ayo-Durojaiye,109115,HB,VILLANOVA,13,1,0,334,,,,42.6,,,86.4,,,80.6,0,0,0,0,67,26,54,45,12
Noah Roper,109118,HB,DARTMOUTH,10,0,0,148,,,,58.7,,,58.9,,,66.3,0,0,0,0,1,33,0,0,0
Khalil Baker,109119,S,NC CENT,9,0,0,247,59.8,,,,,,67.1,,,74.3,2,0,0,11,38,0,2,27,3
Jaden Sutton,109120,HB,LAFAYETTE,5,0,0,203,,,,59.9,,,59.8,,,67.4,0,0,0,0,0,12,0,0,0
Dylan Crossen,109121,S,LAFAYETTE,10,0,0,203,,,,,,,62.4,,,44.2,1,1,0,0,29,51,41,39,4
John Gay,109122,HB,MAINE,11,0,0,212,,,,,,,62.3,50.0,,76.6,2,0,0,0,55,18,0,23,2
Zaythan Hill,109123,HB,LEHIGH,10,0,0,205,,,,54.1,,,59.8,,,71.0,0,0,0,0,0,46,0,1,0
Jonathan Mulatu,109124,HB,PENN,10,0,0,267,,,,56.9,,,63.5,,,78.7,0,0,0,0,1,46,29,30,0
Tysen Comizio,109126,HB,PENN,2,0,0,267,,,,,,,62.7,,,67.4,0,0,0,0,2,0,0,8,0
Chiago Anyanwu,109129,HB,PRINCETON,1,0,0,272,,,,,,,68.6,,,67.4,0,0,0,0,7,1,0,0,1
Marques Mason,109131,HB,SACR HEART,11,2,0,280,,,,67.7,,,46.4,,,27.0,0,3,0,0,39,32,14,15,1
Malik Grant,109133,HB,SACR HEART,3,0,0,280,,,,59.6,,,61.5,,,65.2,0,0,0,0,4,2,0,0,0
Aidan Borguet,109135,HB,HARVARD,1,0,0,179,,,,58.9,,,60.0,,,61.8,0,0,0,0,0,3,0,0,0
Sone Ntoh,109136,HB,HARVARD,9,0,0,179,,,,,,,59.6,,,69.2,0,0,0,0,0,29,0,0,0
Armond Carter Jr.,109137,WR,AUSTINPEAY,3,0,0,116,,,,,,,64.6,,,69.1,0,0,0,0,5,4,0,9,0
Allen Smith,109138,HB,BROWN,10,0,0,123,,,,53.6,,,61.1,,,65.1,0,0,0,0,3,70,4,0,0
William Such,109139,HB,BROWN,4,0,0,123,,,,,,,58.8,,,68.2,0,0,0,0,0,22,1,0,0
Aaron Clark,109144,HB,BRYANT,7,0,0,124,,,,,,,65.4,,,70.2,0,0,0,0,18,0,0,0,0
AJ Deinhart,109148,HB,BUTLER,7,0,0,127,,,,59.4,,,67.6,,,35.5,0,1,0,0,14,21,28,12,3
Kavon Samuels,109152,HB,BUTLER,3,0,0,127,,,,,,,59.9,,,69.9,0,0,0,0,0,0,12,4,0
Broderick Taylor,109154,HB,COLUMBIA,1,0,0,145,,,,,,,73.4,,,64.0,0,0,0,0,0,6,0,0,0
Ryan Young,109157,HB,COLUMBIA,5,0,0,145,,,,59.9,,,60.5,,,66.2,0,0,0,0,0,18,0,2,0
Dante Miller,109158,HB,COLUMBIA,10,0,0,145,,,,62.8,,,69.6,63.7,,76.6,0,0,0,0,36,35,20,10,2
Garrett Lynn,109161,TE,SACR HEART,12,0,0,280,,,73.0,,,,53.8,,,28.3,0,1,45,0,0,33,22,0,1
Keegan McHugh,109165,HB,DARTMOUTH,5,0,0,148,,,,,,,61.5,,,69.0,0,0,0,0,7,14,0,0,0
Caylin Parker,109166,HB,ALBANY,8,0,0,106,,,,63.0,,,58.1,,,67.9,0,0,0,0,1,38,0,0,0
Jackson Saffold,109180,HB,GEORGETOWN,4,0,0,172,,,,59.9,,,60.0,,,65.8,0,0,0,0,0,22,0,0,0
Herman Moultrie III,109181,HB,GEORGETOWN,1,0,0,172,,,,,,,60.0,,,61.2,0,0,0,0,0,1,0,0,0
B.J. Watson,109184,WR,HARVARD,2,0,0,179,,,,,,,60.0,,,66.8,0,0,0,0,0,1,0,0,0
Danny Abraham,109186,LB,HARVARD,10,0,0,179,59.6,,,,,,68.0,,,84.4,1,0,0,18,46,32,59,52,3
DeMarkes Stradford,109187,WR,HARVARD,9,0,0,179,,,,64.4,,,60.4,,,64.2,0,0,0,0,0,27,0,0,0
Uriah West,109193,HB,JVILLE ST,6,0,0,196,,,,58.3,,,59.4,,,67.3,0,0,0,0,0,30,0,0,0
Hunter Cobb,109205,HB,MARIST,10,0,0,213,,,,59.9,,,65.3,,,68.8,0,0,0,0,0,46,0,0,0
Teddy Wright,109209,S,MARIST,10,1,0,213,59.7,,,,,,70.5,,,72.9,0,0,0,34,45,5,4,14,2
Liam Mahoney,109212,G,LIUSHAR,10,0,0,1298,,,68.3,,,,63.3,,,64.8,0,0,27,0,0,0,0,0,0
Jamari Venter,109213,HB,MERRIMACK,1,0,0,385,,,,,,,60.0,,,64.9,0,0,0,0,0,1,0,0,0
Darian Davis,109216,HB,MERRIMACK,1,0,0,385,,,,,,,60.0,,,62.9,0,0,0,0,0,0,1,0,0
Dewayne Barnett,109218,HB,MS VLY ST,2,0,0,228,59.9,,,,,,59.3,,,65.9,0,0,0,4,0,0,6,0,0
Issiah Aguero,109221,HB,MOREHEAD,11,0,1,234,,,,61.5,,,50.5,,,27.6,0,2,0,0,11,63,0,0,2
Earl Stoudemire,109222,HB,MOREHEAD,3,1,0,234,,,,,,,65.5,,,68.0,0,0,0,0,17,6,4,0,0
Jaxton Carson,109224,HB,N ALABAMA,7,0,0,389,,,,59.4,,,65.5,,,70.5,0,0,0,0,0,40,0,0,0
Isaiah Malcome,109226,HB,PENN,9,0,0,267,,,,60.0,,,61.2,66.9,,67.1,0,0,0,0,0,2,0,41,0
Garrett Morris,109227,S,PENN,9,1,0,267,59.9,,,,,,67.2,,,70.2,0,0,0,27,4,3,31,11,1
Trey Flowers,109228,HB,PENN,4,0,0,267,,,,61.8,,,60.9,,,69.7,0,0,0,0,1,9,0,0,0
Collin Eaddy,109231,HB,PRINCETON,1,0,0,272,60.0,,,,,,60.0,,,61.7,0,0,0,1,0,0,0,0,0
Trey Gray,109232,HB,PRINCETON,4,0,0,272,,,,60.0,,,59.7,,,67.8,0,0,0,0,0,17,0,0,0
Julius Chestnut,109239,HB,SACR HEART,1,0,0,280,,,,,,,60.0,,,61.1,0,0,0,0,0,1,0,0,0
Derrick Wiley,109242,HB,ST FRANCIS,3,0,0,299,,,,,,,64.9,,,70.0,0,0,0,0,3,3,1,16,0
Jake Heiple,109247,CB,ST FRANCIS,7,0,0,299,59.8,,,,,,63.0,,,74.6,0,0,0,2,5,15,5,19,0
Jack Daly,109251,DI,BRYANT,9,0,0,124,58.9,,,,,,59.9,,,68.8,0,0,0,34,0,0,0,3,0
Jalen Mason,109253,WR,STETSON,8,0,0,302,,,,65.2,,,59.6,,,66.8,0,0,0,0,0,48,2,7,0
Doug Haugh,109257,HB,VALPO,11,1,0,332,,,85.9,,,88.9,78.4,,,28.5,0,2,50,0,0,10,56,56,3
Zane Dudek,109262,HB,YALE,1,0,0,352,,,,,,,59.8,,,62.2,0,0,0,0,0,2,0,0,0
Elliott McElwain,109264,HB,YALE,10,0,0,352,,,,59.9,,,70.8,,,79.1,0,0,0,0,49,50,6,48,1
Spencer Alston,109265,HB,YALE,3,0,0,352,,,,,,,60.2,,,65.8,0,0,0,0,0,11,0,0,0
Latrell Collier,109270,HB,NC CENT,9,0,0,247,,,,,,,63.9,,,74.8,0,0,0,0,29,3,51,0,2
Ben Johnson,109272,T,MARIST,4,0,0,213,,,64.2,,,,63.2,,,71.3,0,0,14,0,0,0,0,0,0
Will Downes,109276,WR,MARIST,1,0,0,213,,,,,,,60.0,,,63.7,0,0,0,0,0,1,0,0,0
Joseph Shell,109278,S,BROWN,8,0,0,123,60.2,,,,,,61.8,,,71.6,0,0,0,29,2,0,0,0,0
Kenneth Cooper,109279,S,MERRIMACK,8,0,0,385,59.5,,,,,,58.2,,,30.0,0,1,0,31,22,1,0,16,0
Josh Addo,109280,CB,MERRIMACK,10,0,0,385,59.9,,,,,,54.5,,,28.7,1,1,0,37,39,1,3,4,2
Sam Koscho,109283,S,DARTMOUTH,10,1,0,148,,,,,,,52.5,,,56.1,2,2,0,0,57,28,34,37,2
Tyron Herring,109284,CB,DARTMOUTH,9,0,0,148,59.9,,,,,,61.9,,,76.3,1,0,0,1,50,2,5,34,0
Quinten Arello,109285,S,DARTMOUTH,10,0,0,148,59.7,,,,,,64.3,,,67.9,0,0,0,27,0,2,0,23,0
Daiveon Carrington,109286,S,PRINCETON,5,1,0,272,60.0,,,,,,66.8,,,65.3,0,0,0,9,5,0,0,1,0
Chase Scarboro,109289,S,CORNELL,3,0,0,147,,,,,,,63.2,,,69.3,0,0,0,0,4,0,0,3,0
Niko Mermigas,109290,S,DARTMOUTH,9,0,0,148,59.9,,,,,,62.8,29.3,,66.6,0,0,0,22,0,0,0,17,0
Brandon Easterling,109291,S,DAYTON,10,0,0,150,60.0,,,,,,60.3,35.6,,75.0,0,0,0,45,0,18,25,24,0
James Herring,109296,S,HARVARD,10,2,0,179,60.0,,,,,,67.9,,,46.8,0,1,0,30,60,0,33,62,0
Michael Burrell,109297,CB,HARVARD,6,0,0,179,59.9,,,,,,65.2,,,71.1,0,0,0,5,9,0,0,11,0
Mitchell Shinskie,109302,DI,COLUMBIA,8,0,0,145,58.5,,,,,,47.5,,,27.6,0,1,0,25,0,0,3,3,0
Paul Olivett,109303,S,MARIST,10,0,0,213,60.0,,,,,,61.9,,,81.0,0,0,0,2,16,41,16,20,1
Patrick Walsh,109305,G,HARVARD,1,0,0,179,,,60.5,,,,61.7,,,64.9,0,0,6,0,0,0,0,0,0
Carson Badamo,109306,ED,MARIST,5,0,0,213,58.7,,,,,,59.1,,,65.2,0,0,0,7,0,0,0,2,0
Anthony D'Urso,109307,G,MARIST,10,0,0,213,,,74.4,,,,65.1,,,71.7,0,0,39,0,0,0,0,0,0
Grant Dixon,109308,LB,YNGTOWN ST,10,1,0,353,59.4,,,,,,64.2,,,68.8,1,0,0,55,0,1,17,0,1
Dawson De Iuliis,109312,S,PRINCETON,10,1,0,272,59.9,,,,,,69.6,,,38.4,0,1,0,2,63,29,39,36,4
Rodney Samson,109313,LB,MERRIMACK,9,0,0,385,59.6,,,59.4,,,65.6,,,73.0,0,0,0,35,0,33,19,32,0
Cam Tillman,109314,S,MERRIMACK,9,0,0,385,59.7,,,,,,67.3,,,76.1,0,0,0,22,20,0,15,4,2
Marshall Clark,109315,LB,JVILLE ST,7,0,0,196,59.2,,,,,,61.1,,,72.2,1,0,0,38,5,5,31,5,2
Jordan Younge-Humphrey,109316,HB,STETSON,3,0,0,302,60.0,,,,,,57.2,,,66.5,0,0,0,1,0,0,2,3,0
Cody Russell,109320,HB,MOREHEAD,3,0,0,234,,,,,,,67.6,,,72.8,0,0,0,0,1,0,0,17,0
Julian Wlodarczyk,109327,S,N DAK ST,15,1,0,250,59.9,,,,,,65.5,,,86.0,2,0,0,2,85,42,15,65,1
Salaam Horne,109330,S,SACR HEART,12,0,0,280,59.8,,,,,,53.0,,,75.3,2,0,0,25,1,0,40,23,0
Alaam Horne,109331,S,SACR HEART,12,0,0,280,60.4,,,,,,60.7,,,74.5,0,0,0,13,3,1,10,39,0
Travis Yohnke,109337,TE,N DAK ST,1,0,0,250,,,,,,,60.0,,,61.0,0,0,0,0,0,0,1,0,0
Zachary Bouggess,109339,S,PRINCETON,1,0,0,272,,,,,,,63.2,,,68.2,0,0,0,0,2,0,0,7,0
Dominic Carlucci,109342,TE,STETSON,10,0,0,302,,,,,,,58.0,,,79.2,0,0,0,0,0,59,2,0,0
Alex Conlin,109344,TE,VALPO,8,0,0,332,,,71.5,,,,53.4,,,28.3,0,1,36,0,0,35,0,0,0
Jack Meehan,109345,CB,PENN,1,0,0,267,,,,,,,61.0,,,69.1,0,0,0,0,0,0,0,3,0
Sam Broom,109346,CB,DAYTON,7,0,0,150,59.3,,,,,,63.2,,,76.9,0,0,0,23,5,3,0,15,0
Christopher Boyle,109347,TE,BROWN,5,0,0,123,,,66.4,,,,62.6,,,63.9,0,0,18,0,0,2,0,0,0
Pat Conroy,109348,TE,MERRIMACK,10,1,0,385,,,,,,,74.1,,,77.0,1,0,0,0,22,34,37,0,6
Kenneth Rawls,109349,TE,N ALABAMA,3,0,0,389,,,60.0,,,,60.9,,,65.1,0,0,6,0,0,5,0,0,0
Billy Riviere III,109352,TE,N DAKOTA,9,0,0,249,,,72.2,,,,54.2,,,28.6,0,1,41,0,0,43,29,0,0
Roman Davis,109355,TE,DELWARE ST,11,0,0,152,,,72.8,43.9,,,65.5,,,72.8,0,0,43,0,0,53,21,0,1
Austin Gretencord,109356,TE,DELWARE ST,3,0,0,152,,,61.4,,,,62.0,,,63.7,0,0,11,0,0,0,0,0,0
Ryan Charleston,109357,G,LIUSHAR,1,0,0,1298,,,60.0,,,,60.6,,,61.5,0,0,2,0,0,0,0,0,0
Blake Nevitt,109358,ED,LIUSHAR,1,0,0,1298,59.6,,,,,,59.8,,,62.4,0,0,0,1,0,0,0,0,0
Jack Stanton,109361,TE,VILLANOVA,8,0,0,334,,,,,,,69.4,,,90.3,0,0,0,0,0,3,0,37,0
Cole Matthiesen,109363,TE,COLUMBIA,3,0,0,145,,,,,,,69.0,,,72.0,0,0,0,0,0,14,0,0,0
Luke Painton,109364,TE,COLUMBIA,10,0,0,145,,,74.2,,,,64.0,,,65.2,0,0,51,0,0,0,21,0,0
William Enneking,109365,TE,CORNELL,7,0,0,147,,,66.9,,,,61.8,,,75.2,0,0,23,0,0,37,2,1,0
Zion Carter,109367,TE,DARTMOUTH,5,0,0,148,,,70.5,,,,64.7,,,74.1,0,0,30,0,0,0,0,0,0
Chris Autino,109368,TE,GEORGETOWN,7,0,0,172,,,69.6,,,,64.3,,,73.5,0,0,27,0,0,1,0,0,0
Kyle Smith,109370,TE,LEHIGH,3,0,0,205,,,,,,,68.5,,,69.7,0,0,0,0,16,0,0,5,1
Ian O'Connor,109371,TE,LEHIGH,7,0,0,205,,,60.0,,,,60.9,,,67.4,0,0,1,0,0,42,47,0,0
Mike Hoffler,109373,TE,PENN,2,0,0,267,,,60.0,,,,60.8,,,60.5,0,0,4,0,0,0,0,0,0
Jackson Hawes,109374,TE,YALE,10,1,0,352,,,73.4,,,,77.6,,,82.3,0,0,47,0,27,35,51,23,5
Rob DiNota,109375,WR,SACR HEART,12,0,0,280,,,,,,,59.5,56.3,,74.2,0,0,0,0,0,5,30,38,0
Jihad Edmond,109377,TE,BRYANT,5,0,0,124,,,60.0,,,,60.3,,,66.3,0,0,4,0,0,7,0,0,0
Luke Gibson,109379,TE,PRINCETON,7,0,0,272,,,74.2,,,,58.1,,,29.0,0,1,47,0,0,0,0,0,0
Liam Cabri,109383,TE,SACR HEART,3,0,0,280,,,,,,,60.0,,,64.0,0,0,0,0,0,6,0,0,0
Haven Montefalco,109385,TE,HARVARD,10,0,0,179,,,75.4,,,,64.6,,,63.8,0,0,59,0,0,3,0,0,0
Daniel Monaghan,109386,TE,BROWN,1,0,0,123,,,,,,,59.4,,,65.7,0,0,0,0,0,6,0,0,0
Gabriel Sanchez,109387,TE,BROWN,2,0,0,123,,,60.0,,,,61.1,,,61.4,0,0,5,0,0,0,0,0,0
Matt Kentgen,109394,TE,BUTLER,10,0,0,127,,,70.5,61.8,,,61.8,,,69.8,0,0,32,0,0,63,0,0,0
Austin Schwantz,109397,TE,BUTLER,10,0,0,127,,,70.6,,,,62.9,,,66.3,0,0,32,0,0,3,38,0,0
Casey Mariucci,109398,TE,COLUMBIA,1,0,0,145,,,60.0,,,,61.3,,,60.6,0,0,6,0,0,0,0,0,0
Brandon Radice,109400,TE,COLUMBIA,3,0,0,145,,,60.0,59.9,,,60.9,,,64.3,0,0,4,0,0,2,5,0,0
J.J. Jones III,109404,TE,DARTMOUTH,8,0,0,148,,,73.1,,,,63.6,,,66.8,0,0,44,0,0,10,0,0,0
Robbie Mangas,109406,TE,DARTMOUTH,5,0,0,148,,,66.7,,,,63.7,,,72.5,0,0,19,0,0,2,0,0,0
Joe Kramer,109407,TE,DARTMOUTH,10,0,0,148,,,73.7,,,,62.7,,,66.9,0,0,50,0,0,35,0,0,0
Ben Keeter,109408,TE,DARTMOUTH,9,0,0,148,,,73.7,,,,64.4,,,63.7,0,0,50,0,0,0,0,0,0
Brenden Burton,109414,TE,DRAKE,1,0,0,153,,,60.0,,,67.6,60.9,,,61.2,0,0,2,0,0,0,0,0,0
Zach Jewell,109416,TE,GEORGETOWN,9,0,0,172,,,62.7,59.9,,,58.3,,,76.4,0,0,13,0,0,46,42,0,1
Liam Mchale,109417,TE,GEORGETOWN,5,0,0,172,,,60.0,,,,60.6,,,69.1,0,0,3,0,0,26,0,0,0
Isaac Schley,109418,TE,SM HOUSTON,11,0,0,281,,,27.4,,,,51.5,,,67.5,0,1,65,0,0,36,0,0,0
Adam West,109420,WR,HARVARD,10,1,0,179,,,87.8,,,71.0,62.9,,,29.8,2,1,59,0,0,1,59,0,0
Kyle Klink,109421,TE,HARVARD,3,0,0,179,,,60.0,59.9,,,54.6,,,28.5,0,1,3,0,22,8,0,1,0
Adam Shepherd,109422,TE,HARVARD,1,0,0,179,,,60.0,,,,60.3,,,65.7,0,0,4,0,0,0,0,2,0
Tylan Grable,109425,T,JVILLE ST,3,0,0,196,,,61.5,,,,62.6,,,70.3,0,0,10,0,0,0,0,0,0
Daniel Adeboboye,109426,HB,BRYANT,1,0,0,124,,,,,,,60.4,,,67.1,0,0,0,0,0,3,0,0,0
Damien Caffrey,109429,TE,STNY BROOK,11,0,0,303,,,66.1,59.9,,,59.4,,,29.9,0,1,18,0,0,52,0,0,0
Steven Keech,109433,DI,N DAKOTA,1,0,0,249,,,,,,,60.0,,,64.7,0,0,0,0,0,0,0,1,0
Tyler Roberts,109434,TE,MERRIMACK,10,0,0,385,,,17.6,,,0.0,29.3,,,69.1,1,0,27,0,0,1,37,1,1
Varandre White,109435,TE,MS VLY ST,9,0,0,228,,,60.0,,,,61.1,,,68.2,0,0,4,0,0,20,25,0,0
Christopher Mottillo,109441,TE,PENN,7,0,0,267,,,69.8,,,,63.4,,,61.3,0,0,29,0,0,0,0,0,0
Carson Bobo,109444,TE,PRINCETON,9,0,0,272,,,74.1,,,,63.6,,,65.2,0,0,50,0,0,6,1,0,0
Harrison Caponiti,109445,TE,PRINCETON,9,0,0,272,,,74.0,,,,63.9,,,64.0,0,0,52,0,0,10,0,0,0
Caden Dumas,109446,TE,PRINCETON,3,0,0,272,,,63.6,,,,62.7,,,71.3,0,0,13,0,0,4,0,0,0
Nick Tibbetts,109450,LS,YALE,10,0,0,352,,,85.2,,,64.5,68.3,,,66.9,0,0,47,0,0,0,52,0,1
Ed Cuddahy,109451,TE,SACR HEART,12,0,0,280,,,73.2,,,,64.2,,,64.4,0,0,45,0,0,2,0,0,0
Dominic Clark,109456,TE,ST FRANCIS,10,0,0,299,,,72.0,59.9,,,62.8,,,66.8,0,0,41,0,0,22,53,0,0
Arthur Pinckney,109457,LB,MARIST,9,0,0,213,60.0,,,,,,62.8,,,72.1,0,0,0,35,4,0,11,14,0
Brett Bittner,109462,TE,VALPO,11,3,0,332,,,73.7,,,,84.6,,,88.0,1,1,50,0,56,48,56,56,3
Sasha Hoban,109463,TE,YALE,10,0,0,352,,,73.7,,,,74.8,,,91.4,0,0,47,0,0,46,52,0,0
D. Major Roman,109465,TE,YALE,10,0,0,352,,,73.4,63.2,,,62.1,,,69.5,0,0,47,0,0,46,0,0,0
Quentin Chaplin,109471,TE,NC CENT,5,0,0,247,,,60.0,,,,68.1,,,68.1,0,0,4,0,0,14,1,0,0
Jimmy Tamburro,109474,TE,MERRIMACK,9,0,0,385,,,,63.2,,,60.0,,,70.1,0,0,0,0,0,34,36,0,1
Nate Walker,109479,WR,BUTLER,10,0,0,127,,,,,,,62.4,,,80.0,0,0,0,0,18,64,14,5,0
Jeremy Johnson,109480,WR,BUTLER,7,1,0,127,,,,60.0,,,59.3,,,28.4,0,1,0,0,22,7,0,0,0
Jared Suchevits,109482,TE,BUTLER,9,0,0,127,,,,,,,59.4,,,74.0,0,0,0,0,0,56,29,0,0
Sam Bubonics,109484,WR,DAYTON,10,0,0,150,,,,58.9,,,58.2,65.9,,67.5,0,0,0,0,0,59,2,10,0
Kyle Hazell,109485,WR,DAYTON,7,0,0,150,,,,,,,56.6,,,73.5,0,0,0,0,0,24,8,0,0
Billy Skalitzky,109486,WR,DAYTON,1,0,0,150,,,,,,,60.2,,,67.1,0,0,0,0,0,2,0,0,0
Derek Willits,109487,WR,DAYTON,10,0,0,150,,,,59.4,,,60.6,,,69.8,0,0,0,0,0,59,3,0,0
Ryan Iacone,109492,WR,DUQUESNE,10,1,0,155,,,,,,,63.6,,,77.2,3,0,0,0,48,14,2,21,4
Mikey Armour,109496,WR,MOREHEAD,6,0,0,234,,,,55.0,,,60.2,,,68.2,0,0,0,0,2,22,0,0,0
Giancarlo Volpentesta,109499,WR,N DAK ST,14,1,0,250,,,,,,,66.7,,,84.1,1,0,0,0,83,43,0,52,4
Braylon Henderson,109500,WR,N DAK ST,8,0,0,250,,,,,,,57.9,61.6,,65.6,0,0,0,0,0,8,0,8,0
Jake Lippe,109502,WR,N DAK ST,7,0,0,250,,,,,,,40.5,,,29.1,1,2,0,0,6,17,0,29,0
Rashaan Ward,109506,WR,SAN DIEGO,2,0,0,283,,,,,,,60.8,,,65.4,0,0,0,0,0,0,0,3,0
Quinton Lane,109511,WR,STETSON,6,0,0,302,,,,,,,59.3,,,72.8,0,0,0,0,0,25,3,0,0
Michael Carley,109512,WR,STETSON,10,0,0,302,,,60.0,,,,63.8,,,78.9,0,0,1,0,0,62,0,18,0
Mason Proch,109513,WR,STETSON,3,0,0,302,,,,,,,39.4,,,65.7,0,1,0,0,0,4,2,0,0
Jordan Bingham,109514,WR,VALPO,3,0,0,332,,,,62.8,,,50.9,,,28.1,0,1,0,0,2,14,0,0,0
Solomon Davis,109517,WR,VALPO,8,0,0,332,59.8,,,,,,61.4,,,72.4,0,0,0,2,1,0,19,13,0
Donovan Pickett,109528,HB,PRESBYTERN,2,0,0,271,,,,,,,61.8,,,66.2,0,0,0,0,6,0,0,0,0
Harrison Cohen,109529,WR,MOREHEAD,1,0,0,234,,,,,,,59.4,,,64.4,0,0,0,0,0,0,3,0,0
Allan Houston,109535,WR,BROWN,6,0,0,123,,,,,,,62.0,,,74.4,0,0,0,0,0,40,0,13,0
Wes Rockett,109536,WR,BROWN,10,0,0,123,,,,57.9,,,60.1,60.0,,67.3,0,0,0,0,3,25,1,38,0
Hayes Sutton,109537,WR,BROWN,3,0,0,123,,,,,,,61.6,,,67.4,0,0,0,0,0,9,0,6,0
Jhonny Quest,109542,S,MARIST,10,0,0,213,60.1,,,,,,69.0,,,73.2,0,0,0,7,13,14,2,21,0
Shaka Moales,109546,HB,MERRIMACK,5,0,0,385,,,,63.2,,,73.2,,,63.3,0,0,0,0,0,14,0,0,0
Parker Driggers,109547,HB,N ALABAMA,9,0,0,389,,,,68.1,,,65.4,,,73.8,0,0,0,0,0,29,0,23,0
E.J. Rogers,109548,WR,N ALABAMA,6,0,0,389,,,,,,,61.0,,,69.9,0,0,0,0,0,12,0,0,0
Chrysten Cochran,109556,WR,N DAKOTA,6,0,0,249,,,,,,,49.4,,,28.2,0,1,0,0,9,11,3,15,0
Geordon Pollard,109568,WR,AUSTINPEAY,4,0,0,116,,,,,,,59.0,,,69.0,0,0,0,0,0,1,10,0,0
Derrick Edafe,109571,CB,LIUSHAR,7,0,0,1298,60.2,,,,,,55.8,,,28.3,0,2,0,9,21,14,50,4,2
Anthony Gambino,109573,TE,LIUSHAR,6,0,0,1298,,,,,,,51.4,,,69.9,1,0,0,0,11,35,0,1,0
Noah Anderson,109574,WR,LIUSHAR,9,0,0,1298,,,,,,,64.5,,,76.3,0,0,0,0,11,58,0,0,1
Owen Glascoe,109575,TE,LIUSHAR,5,0,0,1298,,,66.8,,,,61.8,,,63.3,0,0,19,0,0,1,1,0,0
Malik Myers,109576,WR,MS VLY ST,4,0,0,228,,,,59.9,,,49.8,,,68.5,0,1,0,0,0,21,0,0,0
Eugentavious Blue,109577,WR,MS VLY ST,5,0,0,228,,,,,,,64.7,,,71.2,0,0,0,0,7,4,0,8,0
Dawson Snyder,109579,WR,ST FRANCIS,10,0,0,299,,,,,,,63.7,,,78.7,0,0,0,0,0,41,0,51,0
LeRoy Lynch IV,109580,WR,ST FRANCIS,1,0,0,299,,,,,,,61.1,,,67.6,0,0,0,0,0,5,0,5,0
Alvaro Lora,109581,WR,ST FRANCIS,2,0,0,299,,,,,,,61.5,,,69.4,0,0,0,0,5,0,0,4,0
Jaquan Allen,109582,WR,VILLANOVA,1,0,0,334,,,,,,,60.0,,,64.8,0,0,0,0,0,1,0,0,0
Rayjuon Pringle,109583,WR,VILLANOVA,5,0,0,334,,,,,,,60.4,72.5,,65.0,0,0,0,0,1,0,0,12,0
Jaaron Hayek,109584,WR,VILLANOVA,1,0,0,334,,,,,,,60.0,,,63.4,0,0,0,0,1,0,0,0,0
Braydon Hill,109586,TE,JVILLE ST,1,0,0,196,,,,,,,60.3,,,64.9,0,0,0,0,0,6,0,0,0
Cameron Burt,109588,WR,COLUMBIA,5,0,0,145,,,,61.8,,,65.1,,,73.7,0,0,0,0,19,10,0,10,0
Jack Ertz,109590,WR,COLUMBIA,7,0,0,145,,,,,,,58.8,,,29.2,0,1,0,0,33,16,1,22,1
JJ Jenkins,109592,WR,COLUMBIA,1,0,0,145,,,,,,,60.0,,,64.5,0,0,0,0,0,0,1,0,0
Chris Hardie,109593,DI,JVILLE ST,11,0,0,196,58.9,,,,,,68.6,,,69.9,0,0,0,24,1,0,49,9,3
Javonni Cunningham,109594,WR,CORNELL,10,0,0,147,60.0,,,57.8,,,60.7,,,65.4,0,0,0,1,0,52,0,2,0
Dale Chesson,109598,WR,DARTMOUTH,2,0,0,148,,,,58.3,,,60.3,55.0,,63.9,0,0,0,0,0,6,0,6,0
Jamal Cooney,109599,WR,DARTMOUTH,9,0,0,148,,,,59.4,,,36.0,85.3,,27.5,0,1,0,0,0,2,0,48,0
Jonny Barrett,109600,WR,DARTMOUTH,1,0,0,148,,,,,,,60.1,,,65.6,0,0,0,0,0,2,0,0,0
Dorrian Moultrie,109601,WR,GEORGETOWN,4,0,0,172,,,,58.4,,,58.9,,,64.4,0,0,0,0,0,19,0,2,0
Tiy Reed,109602,WR,GEORGETOWN,2,0,0,172,,,,,,,62.5,,,71.3,0,0,0,0,0,0,4,10,0
Joe Gillette,109605,WR,LAFAYETTE,9,0,0,203,,,,,,,60.8,92.7,,66.4,0,0,0,0,0,0,0,27,0
Ryan Dengler,109606,WR,LAFAYETTE,2,0,0,203,,,,,,,60.2,,,67.8,0,0,0,0,0,0,0,3,0
Tommy Lewis,109609,S,LEHIGH,3,0,0,205,,,,,,,93.1,,,71.3,0,0,0,0,7,5,0,15,0
Jalen Burbage,109610,WR,LEHIGH,7,0,0,205,,,,67.2,,,62.8,,,67.0,0,0,0,0,0,26,0,12,0
Jack Sutton,109612,WR,LEHIGH,1,0,0,205,,,,,,,60.2,,,66.8,0,0,0,0,0,0,0,2,0
Johnny Foley,109613,WR,LEHIGH,10,0,0,205,,,,,,,56.6,,,77.2,2,0,0,0,31,41,17,27,0
Mason Tipton,109617,WR,YALE,1,0,0,352,,,,,,,60.0,60.3,,62.1,0,0,0,0,0,0,0,1,0
Shai Young,109622,HB,BRYANT,6,0,0,124,,,,61.7,,,60.5,67.4,,65.7,0,0,0,0,0,27,0,23,0
Anthony Frederick,109623,WR,BRYANT,9,1,0,124,,,,,,,73.1,,,67.8,0,0,0,0,47,3,0,0,3
Matthew Prochaska,109624,WR,BRYANT,4,0,0,124,,,,,,,61.2,,,68.4,0,0,0,0,0,3,1,11,0
Michael Axelrood,109625,WR,PRINCETON,9,0,0,272,,,,,,,73.0,,,88.7,0,0,0,0,0,8,0,46,0
Alex Cherry,109626,WR,PRINCETON,9,0,0,272,,,,,,,62.7,,,71.9,0,0,0,0,0,17,0,5,0
Coleman Drugotch,109629,WR,SACR HEART,4,0,0,280,,,,,,,62.4,,,70.0,0,0,0,0,9,10,17,3,1
Gavin Sharkey,109638,WR,HARVARD,6,0,0,179,,,,59.4,,,62.7,53.2,,69.3,0,0,0,0,0,7,0,34,0
Trevin Taylor,109639,WR,HARVARD,1,0,0,179,,,,,,,60.0,,,64.8,0,0,0,0,0,1,0,0,0
Graeme Davis,109642,TE,BROWN,8,0,0,123,,,,,,,60.4,,,73.4,0,0,0,0,0,44,12,15,0
Dan Gemmell,109643,WR,BROWN,1,0,0,123,,,,,,,60.0,,,62.2,0,0,0,0,0,1,0,0,0
Benjamin Ross,109655,WR,BRYANT,1,0,0,124,,,,,,,59.3,,,69.2,0,0,0,0,0,0,0,7,0
David Zorrilla,109657,WR,BRYANT,7,0,0,124,,,,,,,60.0,,48.1,70.4,0,0,0,0,0,29,10,2,1
Nate Rusk,109662,WR,BUTLER,6,0,0,127,,,60.0,,60.0,,61.6,,,71.8,0,0,7,0,3,8,0,0,0
Johnny O'Shea,109663,WR,BUTLER,3,0,0,127,,,,,,,61.1,,,66.2,0,0,0,0,3,2,0,0,0
Emerson Kabus,109667,WR,COLUMBIA,3,0,0,145,,,,61.8,,,67.8,,,66.0,0,0,0,0,5,2,0,0,1
Ernest Robertson,109670,WR,COLUMBIA,1,0,0,145,,,,,,,60.0,,,66.6,0,0,0,0,0,1,0,0,0
Mike Roussos,109671,WR,COLUMBIA,8,0,0,145,,,,68.4,,,60.9,66.5,,67.7,0,0,0,0,0,39,0,48,0
Masaki Aerts,109681,WR,DARTMOUTH,4,0,0,148,,,,,,,63.2,,,67.7,0,0,0,0,8,0,0,5,0
Nick Keyes,109688,WR,DAYTON,2,0,0,150,,,,,,,59.6,,,68.0,0,0,0,0,0,0,4,0,0
Jonny Krone,109689,WR,DAYTON,8,1,0,150,,,,,,,71.6,,,77.4,0,0,0,0,39,40,2,27,2
Kevin Medy,109698,WR,DELWARE ST,1,0,0,152,,,,59.9,,,59.8,,,66.1,0,0,0,0,0,8,0,0,0
Colin Howard,109701,WR,DRAKE,1,0,0,153,,,,,,,60.0,,,63.3,0,0,0,0,0,0,1,0,0
Jyaire Stevens,109709,LB,LAFAYETTE,10,0,0,203,78.1,,70.5,,,,84.2,,,66.8,0,0,32,45,0,0,0,2,0
Joshua Tomas,109716,WR,GEORGETOWN,10,0,0,172,,,64.7,60.1,,,61.8,54.5,,66.7,0,0,32,0,1,29,0,42,0
James Batch,109722,WR,HARVARD,1,0,0,179,,,,,,,63.7,,,70.1,0,0,0,0,0,0,0,8,0
Kym Wimberly,109723,WR,HARVARD,3,0,0,179,,,,,,,60.5,65.3,,65.1,0,0,0,0,0,1,0,11,0
Cody Chrest,109726,WR,SM HOUSTON,7,0,0,281,,,,,,,60.8,69.9,,66.5,0,0,0,0,0,3,0,22,0
BJ Byrd,109729,WR,MOREHEAD,8,0,1,234,,,,62.2,,,47.6,64.9,,28.1,0,1,0,0,2,46,0,12,0
Ahmad Edwards,109734,WR,JVILLE ST,10,0,0,196,,,,,,,60.5,,,69.8,0,0,0,0,0,53,0,0,0
Javier Derritt,109745,DI,N DAK ST,8,0,0,250,58.2,,,,,,58.9,,,68.4,0,0,0,8,0,0,0,3,0
Derick Eugene,109748,WR,LIUSHAR,2,0,0,1298,,,,59.6,,,60.0,,,63.4,0,0,0,0,0,2,1,0,0
Tosin Oyekanmi,109750,WR,LIUSHAR,9,0,0,1298,,,14.3,,,,28.0,,,62.7,0,0,22,0,0,0,1,1,0
Sydney Person,109751,WR,MARIST,1,0,0,213,,,,,,,59.9,,,65.5,0,0,0,0,0,6,0,0,0
Hunter Brown,109756,TE,ST FRANCIS,10,0,0,299,,,72.5,59.6,,,65.1,,,71.3,0,0,41,0,0,36,53,0,0
Luke Lennon,109758,ED,N DAKOTA,4,0,0,249,59.1,,,,,,60.1,,,65.9,0,0,0,5,0,5,0,2,0
EJ Langstaff,109759,G,N DAKOTA,2,0,0,249,,,60.0,,,,60.4,,,62.5,0,0,3,0,0,0,0,0,0
Nick Foglia,109763,DI,MARIST,9,0,0,213,88.1,,,,,,90.2,,,28.4,0,1,0,30,0,0,0,13,0
Chauncy Cogell,109767,WR,MERRIMACK,10,0,0,385,,,,,,,67.2,,,29.7,0,1,0,0,0,49,0,34,0
Hudson Petty,109771,S,JVILLE ST,11,2,0,196,59.9,,,,,,68.5,,,81.3,0,0,0,9,21,59,9,31,0
Anthony Norcia,109773,WR,MERRIMACK,5,0,0,385,,,61.6,,,9.9,44.4,,,66.0,0,0,5,0,0,0,18,4,0
Peter McCarthy,109775,WR,MERRIMACK,2,0,0,385,,,,,,,60.0,,,67.5,0,0,0,0,0,11,0,0,0
Jimmy Poremba,109778,G,DRAKE,1,0,0,153,,,,,,,60.0,,,63.3,0,0,0,0,0,0,1,0,0
Donald Johnson III,109779,WR,MS VLY ST,10,0,0,228,,,,60.5,,,64.3,,,71.5,0,0,0,0,7,57,3,19,1
Wade Inge,109782,HB,DELWARE ST,11,0,0,152,,,,60.5,,,59.3,,,68.9,0,0,0,0,0,45,0,0,0
DeVonte Adams,109784,WR,MOREHEAD,5,0,0,234,,,,59.0,,,78.6,,,90.3,0,0,0,0,2,11,0,3,0
Ian Holder,109790,WR,MOREHEAD,8,0,0,234,,,,71.2,,,60.2,64.3,,66.7,0,0,0,0,0,32,0,31,0
Jeremiah Scott,109791,WR,MOREHEAD,11,0,0,234,,,,,,,59.1,,,29.6,1,1,0,0,2,52,35,2,1
Ryan Cragun,109801,WR,PENN,2,0,0,267,,,,,,,63.1,,,65.2,0,0,0,0,1,1,0,0,0
Jacob Birmelin,109806,WR,PRINCETON,8,0,0,272,,,,,,,60.5,61.3,,68.3,0,0,0,0,0,2,1,46,0
Austin Carbone,109807,WR,PRINCETON,5,0,0,272,,,,61.3,,,64.3,,,65.9,0,0,0,0,24,16,0,0,1
Andrei Iosivas,109811,WR,PRINCETON,3,0,0,272,,,,61.8,,,58.7,,,64.0,0,0,0,0,0,3,1,0,0
Troy Holland,109819,WR,SACR HEART,1,0,0,280,,,,,,,60.0,,,64.8,0,0,0,0,0,1,0,0,0
Nick Garritano,109822,WR,SACR HEART,12,0,0,280,59.6,,,,,,54.7,,,70.1,0,1,0,4,6,39,0,6,0
Naseim Brantley,109823,WR,SACR HEART,7,0,0,280,59.4,,,58.4,,,60.7,65.5,,67.4,0,0,0,3,0,4,0,24,0
Kahtero Summers,109829,WR,ST FRANCIS,1,0,0,299,,,,,,,60.0,,,62.2,0,0,0,0,0,1,0,0,0
Kai Williams,109830,WR,ST FRANCIS,10,1,0,299,,,,63.9,,,75.5,,,29.4,0,2,0,0,49,35,53,36,4
Brandan Lisenby,109835,WR,ST FRANCIS,1,0,0,299,,,,,,,60.0,,,63.7,0,0,0,0,0,1,0,0,0
John Dean,109843,LB,YALE,9,0,0,352,59.8,,,,,,62.7,,,68.5,0,0,0,44,0,4,0,15,0
Nick Gargiulo,109845,T,YALE,4,0,0,352,,,65.5,,,,62.8,,,65.9,0,0,17,0,0,0,0,0,0
Justin Jordan,109848,WR,GARD-WEBB,4,0,0,171,,,,,,,56.3,,,69.6,0,0,0,0,0,0,5,3,0
Justin Curtis,109850,WR,STETSON,8,1,0,302,,,65.6,,,,69.3,65.0,,72.5,0,0,41,0,28,48,1,13,4
Khalid Thomas,109856,CB,HARVARD,4,0,0,179,60.0,,,,,,62.1,64.4,,68.5,0,0,0,1,6,1,0,7,0
Trey Stablein,109859,WR,VALPO,1,0,0,332,,,,,,,60.0,,,63.5,0,0,0,0,0,0,0,1,0
Ollie Reese,109861,WR,VALPO,10,0,0,332,,,60.0,61.7,,,63.1,62.7,,69.5,0,0,5,0,2,61,0,7,0
Jared Wolfe,109862,WR,VILLANOVA,13,0,0,334,,,,,,,62.5,74.2,,75.2,0,0,0,0,8,33,7,65,0
Darrion Carrington,109863,WR,YALE,5,0,0,352,,,,,,,61.0,,,67.7,0,0,0,0,0,13,0,1,0
Jaylan Sandifer,109864,WR,YALE,5,0,0,352,,,,61.8,,,52.7,,,70.2,1,0,0,0,6,25,0,8,1
Seun Omonije,109865,WR,YALE,1,0,0,352,,,,,,,62.5,,,69.2,0,0,0,0,5,7,0,5,0
Jack Biestek,109866,WR,YALE,1,0,0,352,,,,,,,61.8,,,69.7,0,0,0,0,0,1,0,4,0
Noah Aaron,109867,WR,YALE,10,0,0,352,,,,,,,52.5,,,29.3,1,1,0,0,0,30,23,13,0
DaBreyn Belfield,109875,WR,NC CENT,4,0,0,247,,,,59.6,,,54.1,,,29.2,0,1,0,0,16,11,21,21,0
Tynez Warner,109877,WR,NC CENT,9,0,0,247,,,,,,,62.6,,,74.4,1,0,0,0,7,0,0,42,1
Hudson Schenck,109889,WR,WEBER ST,7,1,0,342,,,,59.1,,,65.9,,,70.7,0,0,0,0,26,15,0,0,0
Skyler Rudelius-Palmer,110395,K,STTHOM,2,0,0,1129,,60.0,,,56.9,,60.5,,,69.9,0,0,2,0,10,0,0,0,0
Kam In,110429,CB,STTHOM,9,0,0,1129,60.0,,,,,,67.1,,,74.9,1,0,0,1,37,32,26,7,3
Malik Jackson,110577,CB,STTHOM,10,0,0,1129,59.3,,,,,,64.3,,,76.5,0,0,0,32,7,15,0,40,0
Joe Hird,110588,CB,STTHOM,7,0,0,1129,,,,59.9,,,62.5,,,68.6,0,0,0,0,0,5,0,5,0
Tommy Shelstad,110601,LB,STTHOM,10,0,0,1129,59.7,,,,,,63.2,,,72.9,0,0,0,14,7,0,26,14,0
Brent Robley,110635,DI,STTHOM,9,0,0,1129,58.0,,,,,,58.1,,,68.4,0,0,0,30,0,3,0,4,0
Rian O'Connor,110650,S,STTHOM,10,0,0,1129,60.0,,,,,,63.8,60.0,,78.3,0,0,0,4,12,35,22,37,0
Nick Ektanitphong,110654,S,STTHOM,4,0,0,1129,60.0,,,,,,73.6,,,71.3,0,0,0,4,20,4,0,8,2
Ronald Williams,110742,S,HOWARD,7,0,0,184,60.0,,,,,,68.4,,,75.1,0,0,0,1,20,6,0,23,1
Chance Walker,110872,WR,GARD-WEBB,1,0,0,171,,,,63.0,,,60.4,,,68.2,0,0,0,0,0,2,0,3,0
Luke Glenna,110962,S,STTHOM,10,1,0,1129,59.8,,,59.9,,,69.2,,,72.5,0,0,0,28,45,5,27,1,4
Xavier Roberts,111069,S,STTHOM,3,0,0,1129,,,,,,,60.8,,,67.1,0,0,0,0,0,7,0,2,0
Nick Rice,111137,HB,STTHOM,10,3,0,1129,,,70.8,59.9,,66.0,73.5,,,73.2,0,0,31,0,39,5,36,0,1
Wesley Juszczak,111141,WR,STTHOM,9,0,0,1129,,,,,,,57.5,,,70.4,0,0,0,0,0,16,8,0,0
Xavier Thurman,111142,WR,STTHOM,4,0,0,1129,,,,,,,58.7,,,70.9,0,0,0,0,0,0,5,12,0
Sam English,111144,ED,STTHOM,10,1,0,1129,60.0,,,,,,71.5,,,80.4,0,0,0,1,48,35,30,41,4
Marcus McDonald,111279,WR,NC CENT,2,0,0,247,,,,,,,43.7,,,25.7,0,1,0,0,6,0,0,0,0
Tommy Dolan,111302,QB,STTHOM,4,0,0,1129,,,,,,,60.0,,64.8,66.1,0,0,0,0,0,0,5,0,0
Max Meves,111306,CB,STTHOM,3,0,0,1129,60.0,,,,,,60.2,,,63.7,0,0,0,1,0,2,0,1,0
Tommy Fuller,111316,S,STTHOM,8,0,0,1129,60.1,,,,,,62.0,60.0,,75.9,0,1,0,11,16,20,6,25,1
Jacob Miller,111321,WR,STTHOM,1,0,0,1129,,,,,,,60.0,,,63.3,0,0,0,0,0,0,1,0,0
Tom Loeffler,111445,HB,STTHOM,9,0,0,1129,,,,56.8,,,43.6,56.7,,68.9,0,1,0,0,0,31,4,38,0
Jack Mohler,111684,LB,STTHOM,9,1,0,1129,59.9,,,,,,80.7,,,71.8,0,0,0,8,32,0,0,2,5
Cade Sexauer,111800,QB,STTHOM,7,0,0,1129,,,60.0,,,,53.7,,60.0,66.6,0,0,1,0,0,0,7,0,0
Alex Alteus,111839,LB,STETSON,6,0,0,302,59.6,,,,,,65.1,,,74.7,0,0,0,18,19,14,10,19,1
Deland Thomas,111892,TE,GARD-WEBB,11,0,0,171,,,,59.2,,,52.4,,,28.8,0,1,0,0,0,57,10,0,0
Trent Meyer,111906,LB,STTHOM,8,1,0,1129,59.6,,,,,,66.6,,,70.7,1,0,0,17,21,0,20,5,3
Joey Fitzgerald,111908,DI,STTHOM,10,0,0,1129,59.7,,,,,,66.6,,,77.3,0,0,0,1,0,0,0,40,0
Noah Borgeson,111910,DI,STTHOM,2,0,0,1129,,,,,,,60.0,,,69.0,0,0,0,0,0,0,0,2,0
Ivan Hogans,111914,LB,W CAROLINA,11,2,0,344,59.5,,,,,,66.4,,,75.2,1,0,0,60,30,0,38,14,2
Tate Beaver,111938,LB,JAMES MAD,13,0,0,197,,,,59.6,,,56.0,,,38.1,1,1,0,0,77,22,17,2,3
Darius Whitehurst,112064,LB,ALABAMA ST,11,1,0,105,59.8,,60.0,,,0.0,64.8,,,74.4,0,0,4,14,37,32,6,1,3
Max Zimmerman,112104,TE,STTHOM,9,0,0,1129,,,67.3,,,,56.9,,,68.6,0,0,23,0,0,7,31,0,0
Joshua Komis,112250,FB,STTHOM,10,0,0,1129,,,70.9,59.6,,,62.5,,64.0,71.3,0,0,34,0,0,40,7,6,0
Collin Patrick,112427,TE,STTHOM,6,0,0,1129,,,60.3,,,,61.0,,,68.7,0,0,9,0,0,0,1,0,0
Alex Panos,112428,DI,STTHOM,5,0,0,1129,,,,,,,33.0,,,25.4,0,1,0,0,0,0,0,4,0
Seth Bickett,112463,DI,STTHOM,9,0,0,1129,58.9,,,,,,59.4,,,67.1,0,0,0,32,0,0,0,1,0
Alex Kuntz,112510,C,STTHOM,1,0,0,1129,,,60.3,,,,58.8,,,63.8,0,0,5,0,0,0,2,0,0
Ben Boorsma,112513,T,STTHOM,4,0,0,1129,,,60.0,,,,58.4,,,65.2,0,0,2,0,0,0,2,0,0
Mark Schmitz,112546,G,STTHOM,1,0,0,1129,,,60.0,,,,60.0,,,61.0,0,0,1,0,0,0,0,0,0
Eli Wawracz,112593,T,STTHOM,7,0,0,1129,,,60.0,,,,51.9,,,66.4,0,0,9,0,0,0,8,0,0
Garrett Prentis,112628,C,STTHOM,5,0,0,1129,,,62.8,,,,57.5,,,69.5,0,0,9,0,0,0,4,0,0
Matt Weimann,112732,C,STTHOM,9,0,0,1129,,,70.9,,,,46.6,,,69.6,0,0,34,0,0,0,12,0,0
Brandon Prentis,112733,T,STTHOM,1,0,0,1129,,,,,,,60.0,,,63.3,0,0,0,0,0,0,1,0,0
Mike Ruggeri,112786,G,STTHOM,10,0,0,1129,,,72.9,,,,59.3,,,71.3,0,0,32,0,0,0,9,0,0
Khalil Yelding,112888,DI,ALAB A&M,10,0,0,104,58.0,,,,,,58.3,,,69.2,0,0,0,26,0,0,0,7,0
Christian Coulter,112937,T,W CAROLINA,5,0,0,344,,,65.9,,,,61.8,,,65.2,0,0,19,0,0,0,1,0,0
Roderick Lewis,113018,CB,E TENN ST,1,0,0,157,,,,,,,60.0,,,63.5,0,0,0,0,0,0,0,1,0
Drake Starks,113120,TE,MERCER,1,0,0,219,,,60.0,,,,61.3,,,60.9,0,0,6,0,0,0,0,0,0
Brandon Spencer,120765,CB,FORDHAM,10,0,0,168,59.3,,,,,,58.6,,,71.6,0,0,0,27,0,0,0,12,0
Joshua Anderson,120852,G,ALAB A&M,4,0,0,104,,,68.8,,,,63.4,,,66.9,0,0,17,0,0,0,0,0,0
Xavier Billingsley,120853,LB,ALAB A&M,10,0,0,104,59.9,,,,,,72.0,,,78.9,0,0,0,13,24,39,33,31,4
Demarco Gibson,120859,CB,ALAB A&M,6,0,0,104,59.4,,,,,,54.4,,,75.9,2,0,0,21,14,0,13,26,0
Odieu Hiliare,120861,WR,ALAB A&M,10,0,0,104,59.9,,,60.6,,,59.0,53.2,,67.7,0,0,0,2,0,18,2,30,0
Abdul-Fatai Ibrahim,120862,WR,ALAB A&M,5,0,0,104,60.0,,,59.9,,,58.9,,,68.2,0,0,0,1,0,17,2,0,0
Jamal Irby,120863,DI,ALAB A&M,10,0,0,104,59.0,,62.7,,,,56.1,,,67.2,1,0,14,3,0,0,36,1,0
Harold Jemison Jr.,120864,HB,ALAB A&M,7,0,0,104,,,,,,,47.2,,,27.8,0,2,0,0,14,21,0,3,1
JaBraun McNeal,120868,S,ALAB A&M,10,2,0,104,59.5,,,,,,68.3,,,73.0,0,0,0,35,16,38,14,21,2
Alic Troutman,120874,T,ALAB A&M,6,0,0,104,,,69.2,,,,63.5,,,63.2,0,0,30,0,0,0,0,0,0
Jonathan Williams,120876,T,ALAB A&M,10,0,0,104,,,73.6,,,,62.1,,,66.5,0,0,53,0,0,0,4,0,0
Cameron Young,120877,WR,ALAB A&M,10,0,0,104,,,,54.7,,,45.8,,,28.0,0,1,0,0,0,65,1,0,0
Brandon Hinton,120960,WR,SOUTHERN U,3,0,0,297,,,,,,,58.5,,,68.6,0,0,0,0,0,17,0,0,0
Aarion Hartman,120964,LS,SOUTHERN U,10,0,0,297,,,78.9,,,78.8,64.1,,,29.3,0,1,45,0,0,0,44,0,0
Eric Sherrod,120965,G,ALCORN ST,1,0,0,107,,,,,,,60.2,,,63.5,0,0,0,0,0,0,4,0,0
Larry Jones III,121075,HB,STF AUSTIN,6,0,0,301,,,,59.9,,,50.0,,,65.2,0,0,0,0,1,14,0,0,0
Terrell Allen,121341,ED,AUSTINPEAY,9,0,0,116,59.0,,,,,,60.6,,,69.3,0,0,0,28,0,0,0,5,0
Nick Carozza,121343,LB,AUSTINPEAY,11,0,0,116,59.9,,,,,,65.2,,,78.6,0,0,0,2,10,34,45,15,1
Kory Chapman,121344,S,AUSTINPEAY,10,1,0,116,59.7,,60.0,,,,53.2,,,35.8,1,1,1,21,37,32,44,22,0
C.J. Evans,121347,HB,AUSTINPEAY,11,0,0,116,,,,61.8,,,71.1,,,83.7,0,0,0,0,0,9,1,52,0
Luke Hayes,121349,CB,AUSTINPEAY,1,0,0,116,60.0,,,,,,60.8,,,64.6,0,0,0,2,3,0,0,0,0
Sam Howard,121351,LB,AUSTINPEAY,7,0,0,116,60.0,,68.0,59.9,,49.7,67.0,,,54.2,0,1,21,1,26,31,26,30,2
Hosea Knifeley Jr,121353,ED,AUSTINPEAY,4,0,0,116,59.2,,60.0,,,,60.7,,,65.5,0,0,1,4,6,2,0,0,0
Kenneth Martin,121355,DI,AUSTINPEAY,7,0,0,116,58.9,,62.1,,,,60.8,,,68.5,0,0,8,12,0,0,0,2,0
KJ Murden,121356,CB,AUSTINPEAY,2,0,0,116,59.8,,,,,,40.6,,,26.8,0,1,0,2,2,0,3,7,0
Conner Murphy,121357,LB,AUSTINPEAY,9,0,0,116,60.0,,,,,,73.9,,,29.8,0,1,0,2,38,38,0,36,3
Mikhail Prater,121360,S,AUSTINPEAY,2,0,0,116,,,,,,,63.1,,,72.3,0,0,0,0,0,0,0,8,0
Kam Ruffin,121362,S,AUSTINPEAY,7,0,0,116,59.8,,,,,,65.0,,,74.0,0,0,0,13,20,0,17,23,0
Demetri Scott,121364,ED,AUSTINPEAY,5,0,0,116,59.4,,,,,,59.8,,,65.4,0,0,0,9,0,0,0,0,0
Michael Treadwell,121366,C,AUSTINPEAY,3,0,0,116,,,,,,,61.3,,,68.3,0,0,0,0,0,2,0,2,0
Antoine Williams,121369,LB,AUSTINPEAY,11,1,0,116,60.0,,,59.9,,,84.5,,,85.5,1,0,0,1,71,55,48,46,5
Grant Wisdom,121370,ED,AUSTINPEAY,1,0,0,116,,,,,,,60.0,,,66.1,0,0,0,0,0,0,0,2,0
Riyadh Ananda,121371,TE,CENT ARK,4,0,0,132,,,67.2,59.9,,,66.6,,,69.3,0,0,20,0,0,27,17,0,0
Chukwuma Anusiem,121372,CB,CENT ARK,10,0,0,132,59.4,,,,,,64.4,,,78.3,0,0,0,19,2,24,0,32,0
Jalen Bedell,121374,DI,CENT ARK,10,0,0,132,58.4,,,,,,58.6,,,67.1,0,0,0,23,0,0,0,3,0
Christian Cain,121376,S,CENT ARK,8,0,0,132,59.9,,,,,,56.7,,,67.3,1,0,0,18,15,0,0,2,1
Demetrias Charles,121377,LB,CENT ARK,10,0,0,132,,,,,,,68.9,,,73.6,0,0,0,0,63,0,0,4,3
Bakarius Collier,121379,T,CENT ARK,10,0,0,132,,,74.1,,,,64.0,,,66.1,0,0,56,0,0,0,1,0,0
Kameryn Cuevas,121380,S,CENT ARK,5,2,0,132,60.2,,,,,,71.9,,,71.9,0,0,0,6,23,0,1,5,1
Haze Denton,121381,TE,CENT ARK,4,0,0,132,,,,,,,60.0,,,66.2,0,0,0,0,0,23,0,0,0
Laquez Embry,121383,CB,CENT ARK,6,0,0,132,59.7,,,,,,47.7,,,28.0,0,1,0,7,0,1,0,16,0
Nicholas Gonzalez,121385,LB,CENT ARK,5,0,0,132,,,,,,,64.5,,,73.8,0,0,0,0,10,12,19,14,1
Derek Haupt,121386,C,CENT ARK,1,0,0,132,,,60.8,,,,61.6,,,62.1,0,0,5,0,0,0,0,0,0
Corbin Humphrey,121390,HB,CENT ARK,10,0,0,132,,,,61.4,,,66.4,,,72.8,0,0,0,0,33,45,0,4,1
Justin Keijers,121391,LS,CENT ARK,11,2,0,132,,,50.6,,,19.2,48.4,,,66.8,1,0,61,0,0,0,50,0,0
Myles Kitt-Denton,121392,WR,CENT ARK,6,0,0,132,,,,62.8,,,61.3,,,69.0,3,0,0,0,34,4,4,1,1
Justin Lairy,121393,T,CENT ARK,8,0,0,132,,,71.2,,,,62.5,,,65.5,0,0,37,0,0,0,2,0,0
Jared Long,121394,WR,CENT ARK,7,0,0,132,,,,,,,66.6,,,74.2,0,0,0,0,0,2,0,23,0
William Mayo,121396,G,CENT ARK,3,0,0,132,,,66.6,,,,63.6,,,71.5,0,0,19,0,0,0,0,0,0
Kendarrius Moore,121397,LB,CENT ARK,1,0,0,132,60.0,,,,,,61.7,,,67.0,0,0,0,1,0,0,0,3,0
Jamal Mull,121398,ED,CENT ARK,1,0,0,132,59.7,,,,,,60.2,,,63.6,0,0,0,1,0,0,0,1,0
Colson Simpson,121399,LB,CENT ARK,4,0,0,132,60.0,,,59.4,,,81.1,,,68.8,0,0,0,1,5,7,0,7,0
Trysten Smith,121400,HB,CENT ARK,1,0,0,132,,,,,,,60.0,,,63.3,0,0,0,0,0,0,1,0,0
TaMuarion Wilson,121402,S,CENT ARK,11,0,0,132,59.9,,,,,,50.9,,,69.7,4,0,0,40,27,4,15,7,3
Aurelius Hardy,121404,LB,ALCORN ST,7,0,0,107,,,,,,,60.8,,,66.1,0,0,0,0,0,0,25,0,0
Dewayne Betts Jr.,121408,S,NICHOLLS,6,0,0,243,59.8,,,,,,60.5,,,64.5,0,0,0,29,2,0,0,0,0
Nate Howard,121422,T,MERCER,8,0,0,219,,,75.0,,,,65.0,,,68.7,0,0,46,0,0,0,0,0,0
Dom Barbuto,121552,LB,LIUSHAR,8,1,0,1298,59.9,,,,,,72.9,,,83.0,0,0,0,24,5,0,5,8,1
Alijah Curtis,121564,QB,YNGTOWN ST,10,0,0,353,,,,,,,64.6,60.0,,70.3,0,0,0,0,11,61,0,1,2
Jordan Funk,121570,DI,JAMES MAD,9,0,0,197,59.4,,,,,,52.9,,,29.2,0,1,0,2,0,0,0,42,0
Reece Adkins,121620,TE,E KENTUCKY,9,0,0,159,,,72.3,,,,63.5,,,65.1,0,0,40,0,0,8,0,0,0
Khalil Arnold,121623,LB,E KENTUCKY,8,0,0,159,,,,,,,51.0,,,28.9,0,1,0,0,3,20,0,28,1
Darrian Baker,121624,DI,E KENTUCKY,7,0,0,159,58.5,,,,,,58.5,,,67.2,0,0,0,25,0,0,1,0,0
Ethan Bednarczyk,121625,WR,E KENTUCKY,11,0,0,159,,,,59.9,,,67.1,,,81.4,0,0,0,0,13,54,1,42,0
Jason Betts,121626,CB,E KENTUCKY,6,0,0,159,,,,,,,68.1,,,71.4,0,0,0,0,37,1,0,0,1
Jadyn Bost,121627,ED,E KENTUCKY,7,0,0,159,59.9,,,,,,61.4,,,65.6,0,0,0,9,0,0,0,3,0
Jonathan Duff,121632,LS,E KENTUCKY,11,0,0,159,,,77.2,,,57.6,55.8,,,67.5,2,0,40,0,0,0,65,0,0
Gabe Fletcher,121633,DI,E KENTUCKY,2,0,0,159,59.3,,,,,,59.5,,,63.2,0,0,0,2,0,0,0,0,0
Tre' Goodin,121635,CB,E KENTUCKY,9,0,0,159,,,,,,,62.5,,,75.7,0,1,0,0,36,23,2,27,2
Eli Hairston,121636,LB,E KENTUCKY,11,0,1,159,60.1,,,,,,45.8,,,28.2,0,1,0,40,9,0,0,14,0
Jaylen Herrud,121637,LB,E KENTUCKY,11,0,0,159,60.1,,,,,,63.5,,,76.5,0,0,0,2,58,0,46,35,2
Jeriah Hightower,121638,HB,E KENTUCKY,8,0,0,159,,,,,,,64.9,,,69.5,0,0,0,0,0,34,0,2,0
Ryan Jackson,121640,DI,E KENTUCKY,9,0,0,159,57.9,,,,,,58.5,,,67.9,0,0,0,21,0,0,0,6,0
Kyeandre Magloire,121644,HB,E KENTUCKY,10,0,0,159,,,,58.9,,,59.6,,,70.7,0,0,0,0,0,47,0,0,0
Craig Sinclair Jr.,121655,CB,E KENTUCKY,4,0,0,159,,,,,,,53.7,,,28.9,1,1,0,0,13,18,9,14,1
Jake Sloan,121657,TE,E KENTUCKY,8,0,0,159,,,,59.6,,,58.9,,,67.4,0,0,0,0,0,34,0,0,0
John Stone,121658,G,E KENTUCKY,11,0,0,159,,,77.1,,,,66.0,,,67.7,0,0,50,0,0,0,65,0,1
Spencer Blake,121666,C,HOU BAPT,11,0,0,183,,,71.6,,,,64.8,,,74.2,0,0,34,0,0,0,0,0,0
William Brewer,121667,T,HOU BAPT,1,0,0,183,,,,,,,61.0,,,67.8,0,0,0,0,0,6,0,0,0
Isaiah Cash,121669,S,HOU BAPT,11,0,0,183,59.8,,,,,,65.5,,,76.6,1,0,0,72,27,0,26,14,2
Jaylon Coleman,121671,WR,HOU BAPT,1,0,0,183,,,,,,,60.2,,,66.3,0,0,0,0,0,2,0,0,0
Dameon Dawson,121674,CB,HOU BAPT,10,1,0,183,,,,,,,65.4,,,75.7,1,0,0,0,15,64,9,21,1
Darryle Evans,121677,HB,HOU BAPT,2,0,0,183,,,,,,,48.2,,,68.2,0,0,0,0,6,14,0,6,0
Ismael Fuller,121678,WR,HOU BAPT,9,0,0,183,,,,,,,66.9,,,75.3,0,0,0,0,5,11,0,25,0
Joshua Graham,121679,LB,HOU BAPT,7,0,0,183,,,,,,,60.8,,,67.8,0,0,0,0,0,47,0,6,0
Kaleb Halfmann,121680,LS,HOU BAPT,11,0,0,183,,,81.6,,,91.0,73.2,,,29.7,1,1,34,0,0,0,73,0,1
Cade Hill,121683,K,HOU BAPT,7,0,0,183,,,,,62.8,,61.9,,,73.7,0,0,0,0,26,0,0,0,0
Luke Horner,121684,ED,HOU BAPT,11,0,0,183,58.8,,67.2,,,,65.2,,,78.1,0,0,20,20,7,79,8,30,0
Fred Johnson Jr.,121685,CB,HOU BAPT,2,0,0,183,,,,,,,61.4,,,67.7,0,0,0,0,1,0,0,3,0
Kenneth Kemp,121687,CB,HOU BAPT,3,0,0,183,59.9,,,,,,60.3,,,64.6,0,0,0,3,0,0,0,1,0
Peyton Kennedy,121688,LB,HOU BAPT,11,1,0,183,60.2,,,,,,62.5,,,77.0,1,0,0,30,43,46,71,2,4
Gabriel Martinez,121691,T,HOU BAPT,3,0,0,183,,,62.3,,,,62.1,,,64.5,0,0,11,0,0,0,0,0,0
Delvin Mason,121692,ED,HOU BAPT,10,0,0,183,58.3,,,,,,58.9,,,68.6,0,0,0,31,0,0,1,7,0
Dylan McCreery,121694,G,HOU BAPT,11,0,0,183,,,74.1,,,,64.5,,,63.9,0,0,34,0,0,0,0,0,0
Nathan Morrow,121695,G,HOU BAPT,1,0,0,183,,,60.0,,,,60.9,,,65.2,0,0,4,0,0,0,0,0,0
Edouard Paradis,121698,G,HOU BAPT,11,0,0,183,,,73.3,,,,64.8,,,71.2,0,0,34,0,0,0,0,0,0
Darrion Sherfield,121702,WR,HOU BAPT,1,0,0,183,,,,,,,60.5,,,68.0,0,0,0,0,5,0,5,0,0
Tekaari Slaughter,121703,CB,HOU BAPT,2,0,0,183,,,,,,,62.9,,,70.0,0,0,0,0,7,8,0,6,0
RJ Smith,121704,HB,HOU BAPT,8,0,0,183,,,,,,,66.7,,,74.7,0,0,0,0,0,2,0,21,0
Corey Smooth,121705,S,HOU BAPT,6,0,0,183,59.8,,,,,,62.8,,,75.8,0,0,0,5,7,39,0,3,0
Darius St. Cyr,121706,WR,HOU BAPT,1,0,0,183,,,,,,,60.0,,,62.1,0,0,0,0,1,0,0,0,0
Tyson Thompson,121708,WR,HOU BAPT,10,0,0,183,,,,59.0,,,60.2,63.3,,68.9,0,0,0,0,0,77,11,39,0
Lordswill Uwa-Ndukwe,121710,DI,HOU BAPT,1,0,0,183,59.6,,,,,,60.2,,,64.1,0,0,0,1,0,0,0,1,0
Derrick Wilson,121713,CB,HOU BAPT,11,1,0,183,59.2,,,,,,51.2,,,28.2,0,2,0,67,10,7,0,19,0
Gabe Carroll,121799,QB,PRESBYTERN,5,0,0,271,,,62.3,,,,61.2,,,60.9,0,0,16,0,0,0,0,0,0
Demetri Jordan,121932,G,JACKSON ST,6,0,0,194,,,72.8,,,,64.1,,,63.5,0,0,28,0,0,0,0,0,0
Dylan Brown,122090,K,STF AUSTIN,12,0,0,301,,,,,74.8,,64.0,,,78.9,0,0,0,0,80,0,0,0,0
Caleb Fox,122095,DI,STF AUSTIN,10,0,0,301,58.7,,,,,,58.9,,,66.4,0,0,0,16,0,0,0,2,0
Eman Garrison,122096,LB,STF AUSTIN,10,1,0,301,60.0,,,,,,69.3,,,70.8,0,0,0,1,55,3,1,0,1
Justice Guillory,122098,G,STF AUSTIN,4,0,0,301,,,71.6,,,,64.3,,,70.1,0,0,26,0,0,0,0,0,0
Jaden Holmes,122099,T,STF AUSTIN,1,0,0,301,,,60.0,,,,60.4,,,66.5,0,0,2,0,0,0,0,0,0
Tanner Hooker,122100,S,STF AUSTIN,11,0,0,301,60.0,,,,,,67.5,,,74.2,0,0,0,1,8,0,4,40,0
Jalon Hunter,122101,S,STF AUSTIN,2,0,0,301,60.0,,,,,,60.0,,,63.8,0,0,0,1,0,0,0,1,0
Rodney Johnson,122103,CB,STF AUSTIN,1,0,0,301,,,,,,,60.8,,,63.3,0,0,0,0,3,0,0,0,0
Daniel Keys,122104,T,STF AUSTIN,12,0,0,301,,,77.4,,,,65.5,,,66.8,0,0,73,0,0,0,0,0,0
Lavar Lindo,122107,TE,STF AUSTIN,1,0,0,301,,,,,,,60.2,,,66.4,0,0,0,0,0,5,0,0,0
Tkai Lloyd,122108,CB,STF AUSTIN,12,0,0,301,59.7,,,,,,60.4,,,79.7,2,0,0,18,38,0,28,53,1
Ty Love,122109,WR,STF AUSTIN,12,0,0,301,,,,,,,63.2,,,48.7,0,1,0,0,57,48,20,63,2
Robert McGrue,122111,HB,STF AUSTIN,1,0,0,301,,,,,,,60.0,,,61.2,0,0,0,0,0,1,0,0,0
Zach Nwachukwu,122113,CB,STF AUSTIN,11,2,0,301,59.8,,,,,,67.9,,,77.9,1,0,0,2,72,10,33,15,3
Christian Richards,122116,LB,STF AUSTIN,9,0,0,301,60.0,,,,,,63.6,,,70.9,0,0,0,1,35,7,7,0,2
Ky Thomas,122120,DI,STF AUSTIN,12,0,0,301,59.5,,60.0,,,,56.2,,,66.3,1,0,1,13,0,0,44,0,0
Jaquarion Turner,122124,HB,STF AUSTIN,1,0,0,301,,,,,,,60.2,,,66.2,0,0,0,0,0,2,0,0,0
Jeremiah Walker,122125,S,STF AUSTIN,12,0,0,301,60.3,,,60.8,,,65.3,,,65.9,0,0,0,29,0,34,0,1,0
Jaylon Washington,122126,G,STF AUSTIN,2,0,0,301,,,60.0,,,,61.0,,,62.0,0,0,3,0,0,0,0,0,0
Moe Wedman,122127,WR,STF AUSTIN,1,0,0,301,,,,,,,60.0,,,66.6,0,0,0,0,0,1,0,0,0
Korbyn White,122128,HB,STF AUSTIN,1,0,0,301,59.9,,,,,,52.0,,,25.5,0,1,0,1,4,0,0,0,1
Keeymon White,122129,G,STF AUSTIN,9,0,0,301,,,76.0,,,,65.5,,,71.7,0,0,47,0,0,0,0,0,0
Ja'Bray Young,122132,HB,STF AUSTIN,8,0,0,301,,,,,,,54.8,,,29.3,0,1,0,0,8,5,0,36,0
James Sylvester,122283,ED,STF AUSTIN,2,0,0,301,59.5,,,,,,60.9,,,65.2,0,0,0,3,11,0,0,0,0
Brandon Fitez,122294,WR,CAMPBELL,1,0,0,131,,,,,,,60.3,,,67.0,0,0,0,0,0,7,1,1,0
D'Marcus Harrington,122296,CB,CAMPBELL,5,0,0,131,59.6,,,,,,62.0,,,71.2,0,0,0,12,10,0,0,4,0
Quincy Jenkins,122299,C,CAMPBELL,11,0,0,131,,,28.8,,,,50.7,,,73.3,0,0,53,0,0,0,0,0,0
Sincere LeCraft,122302,S,CAMPBELL,1,0,0,131,,,,,,,60.0,,,60.8,0,0,0,0,0,0,0,1,0
Caleb LeGrand,122303,S,CAMPBELL,3,0,0,131,,,,,,,61.8,,,65.6,0,0,0,0,10,0,0,1,0
Sae-Vyon McCray,122305,DI,CAMPBELL,1,0,0,131,,,,,,,61.7,,,67.5,0,0,0,0,2,0,0,3,0
Lamagea McDowell,122306,HB,CAMPBELL,2,0,0,131,,,,,,,54.5,,,66.4,0,0,0,0,4,0,1,1,0
Chris McKay Jr.,122307,HB,CAMPBELL,1,0,0,131,,,,55.7,,,60.3,,,67.0,0,0,0,0,0,7,0,0,0
Caleb Perez,122309,TE,CAMPBELL,11,0,1,131,,,75.5,,,,45.7,,,27.5,0,2,54,0,0,47,0,0,0
Isaac Riffle,122311,P,CAMPBELL,11,0,0,131,,41.9,,,54.9,,62.4,,,71.4,0,0,54,0,25,0,0,0,0
J.T. Whitmore,122316,ED,CAMPBELL,8,0,0,131,59.5,,60.0,,,,61.1,,,74.1,0,0,1,9,0,0,0,1,0
Anthony Fieldings,122439,CB,ALAB A&M,2,0,0,104,,,,59.9,,,43.7,,,67.9,1,0,0,0,2,1,2,0,0
Malachi Mitchell,122606,S,TEXAS STHN,10,0,0,313,59.7,,,,,,62.3,,,76.9,0,0,0,21,22,35,0,18,1
Lovie Jenkins,122709,CB,FL A&M,12,0,0,164,59.8,,,,,,53.4,,,28.9,0,2,0,19,15,13,24,53,1
Ikenna Ahumibe,122735,DI,MO STATE,7,0,0,230,58.3,,,,,,58.2,,,66.8,0,0,0,15,0,0,0,2,0
Kaunor Ashley,122736,CB,MO STATE,9,0,0,230,59.8,,,,,,62.5,,,76.8,0,0,0,3,0,35,0,23,0
Caden Bolz,122737,LS,MO STATE,12,1,0,230,,,85.5,,,70.6,70.2,,,66.9,0,0,71,0,0,0,52,0,0
Brock Carter,122739,S,MO STATE,11,0,1,230,,,,,,,63.9,,,51.5,5,1,0,0,67,52,45,57,6
Devin Goree,122747,ED,MO STATE,5,0,0,230,59.8,,,,,,60.0,,,63.1,0,0,0,6,0,0,0,0,0
P.J. Hall,122748,S,MO STATE,10,4,0,230,60.0,,,61.8,,,79.5,,,78.2,0,0,0,1,41,4,4,52,4
Dwight Jacobs Jr.,122750,S,MO STATE,8,0,0,230,60.2,,,,,,71.7,,,75.1,1,0,0,5,52,42,0,2,3
D'Vontae Key,122754,WR,MO STATE,4,0,0,230,,,,59.9,,,62.4,,,68.0,0,0,0,0,0,2,1,8,0
Kevon Latulas,122755,HB,MO STATE,9,0,0,230,60.0,,,,,,72.1,,,74.7,0,0,0,6,0,1,0,47,0
Ferrin Manuleleua,122759,LB,MO STATE,10,0,0,230,60.0,,,,,,61.3,,,66.8,0,0,0,34,0,0,0,2,0
Mikey Miles,122760,CB,MO STATE,3,0,0,230,,,,,,,51.2,,,72.4,1,0,0,0,13,4,0,0,0
Cairo Payne,122762,WR,MO STATE,12,2,0,230,,,,60.7,,,72.9,60.3,,78.4,3,0,0,0,10,62,50,25,4
Jose Pizano,122764,K,MO STATE,12,0,0,230,,84.7,,,69.5,,44.7,,,28.6,3,2,71,0,77,0,0,0,0
Paul Sogialofa,122769,G,MO STATE,10,0,0,230,,,78.3,,,,65.7,,,64.7,0,0,59,0,0,0,0,0,0
Ja'Veo Toliver,122770,ED,MO STATE,12,0,0,230,59.3,,,,,,53.6,,,67.8,1,0,0,6,0,0,52,0,0
Armon Wallace,122773,DI,MO STATE,10,0,0,230,58.4,,,,,,60.0,,,65.6,0,0,0,12,0,0,44,0,0
Hunter Wood,122775,WR,MO STATE,12,0,0,230,,,,,,,66.9,53.6,,74.7,0,0,0,0,14,62,3,58,1
Christian Barnes,122778,G,N ALABAMA,2,0,0,389,,,60.0,,,,61.7,,,67.0,0,0,5,0,0,0,0,0,0
Jacorien Barnes,122779,LB,N ALABAMA,7,0,0,389,59.3,,,,,,63.6,,,66.6,0,0,0,9,12,0,4,1,1
Brett Burton,122783,LS,N ALABAMA,11,0,0,389,,,55.3,,,51.6,59.1,,,66.7,0,0,51,0,0,0,45,0,0
Montrell Campbell,122784,CB,N ALABAMA,11,0,0,389,59.8,,,,,,59.1,,,28.1,3,2,0,2,55,2,28,28,7
Zapeth Cunningham,122785,LB,N ALABAMA,2,0,0,389,,,,,,,62.0,,,67.0,0,0,0,0,6,0,0,0,0
Riely Evans,122789,S,N ALABAMA,11,1,1,389,60.0,,,,,,55.6,,,34.5,2,1,0,3,59,50,0,31,1
Kyree Fields,122791,S,N ALABAMA,11,0,0,389,60.0,,,,,,62.6,,,67.3,0,0,0,38,0,2,0,8,0
Jonathan Jordan,122796,CB,N ALABAMA,11,2,0,389,59.5,,,54.1,,,65.5,,,30.1,0,1,0,13,56,22,22,27,4
Giancarlo Margarejo,122799,CB,N ALABAMA,4,0,0,389,59.9,,,,,,61.5,,,68.0,0,0,0,1,2,1,0,5,0
Mack McCluskey,122801,DI,N ALABAMA,11,0,0,389,58.5,,,,,,61.5,,,67.7,0,0,0,18,0,0,28,0,1
Logan McInnish,122804,G,N ALABAMA,4,0,0,389,,,66.4,,,,63.0,,,67.2,0,0,15,0,0,0,0,0,0
Keldan Moore,122806,DI,N ALABAMA,2,0,0,389,59.8,,,,,,60.0,,,62.9,0,0,0,2,0,0,0,0,0
Zakobe Shoulders,122809,DI,N ALABAMA,11,0,0,389,58.4,,,,,,58.7,,,66.9,0,0,0,26,0,0,0,2,0
Darrell Sims,122810,LB,N ALABAMA,7,0,0,389,59.7,,,,,,55.0,,,29.5,0,1,0,12,2,25,1,2,0
A.J. Vang,122814,C,N ALABAMA,2,0,0,389,,,60.0,,,,61.4,,,66.3,0,0,4,0,0,0,0,0,0
Kobe Warden,122815,WR,N ALABAMA,10,0,0,389,,,,60.0,,,66.7,69.5,,69.1,0,0,0,0,0,35,0,23,0
Cameron Watson,122816,T,N ALABAMA,10,0,0,389,,,75.0,,,,65.4,,,74.3,0,0,50,0,0,0,0,0,0
Jay Brunelle,122895,WR,YALE,2,0,0,352,,,,,,,60.6,,,72.0,0,0,0,0,0,9,0,6,0
Tyler Cook,123034,LB,FORDHAM,7,0,0,168,60.2,,,,,,65.2,,,70.4,0,0,0,22,7,12,0,21,0
Brandon Peskin,123052,K,FORDHAM,5,0,0,168,,,,,37.4,,60.8,,,71.5,0,0,0,0,14,0,0,0,0
Lex Boucvalt,123063,WR,NICHOLLS,7,0,0,243,,,,57.7,,,59.6,,,66.2,0,0,0,0,7,33,0,3,0
Zach Blanchard,123167,G,CITADEL,11,0,0,139,,,75.1,,,,65.4,,,72.7,0,0,43,0,0,0,0,0,0
Tyler Cherry,123170,TE,CITADEL,10,0,0,139,,,,,,,62.5,,,70.1,0,0,0,0,0,60,0,1,0
Robert DeMarre,123172,DI,CITADEL,1,0,0,139,,,,,,,60.0,,,64.6,0,0,0,0,0,4,0,0,0
Saul Diaz,123173,LB,CITADEL,2,0,0,139,60.0,,,,,,61.8,,,68.8,0,0,0,1,0,5,0,5,0
Jackson Dorris,123174,LB,CITADEL,1,0,0,139,,,,,,,59.9,,,65.7,0,0,0,0,0,7,0,0,0
Carson Hatchett,123176,ED,CITADEL,11,0,0,139,59.1,,,,,,60.4,,,70.1,0,0,0,41,0,3,0,14,0
Wilson Hendricks III,123178,S,CITADEL,11,0,0,139,59.7,,,,60.0,,55.5,,,74.2,2,0,0,54,13,0,0,25,1
Hayden Johnson,123181,LB,CITADEL,11,1,0,139,,,,,,,53.4,,,28.1,2,2,0,0,29,54,1,16,3
Bryson Jones,123182,G,CITADEL,2,0,0,139,,,60.0,,,,61.0,,,61.8,0,0,3,0,0,0,0,0,0
Steele Judy,123183,LS,CITADEL,11,0,0,139,,,83.1,,,74.8,68.3,,,66.5,0,0,39,0,0,0,45,0,1
Colby Kintner,123184,K,CITADEL,11,0,0,139,,66.6,,,67.0,,63.2,,,74.7,0,0,41,0,51,0,0,0,0
Andrew Lewis,123185,ED,CITADEL,10,0,0,139,,,72.0,,,,63.1,,,67.3,0,0,38,0,0,0,0,4,0
Tyler Long,123186,CB,CITADEL,6,0,0,139,,,,,,,61.9,,,72.8,0,0,0,0,8,14,4,12,0
Cameron Moewe,123190,T,CITADEL,2,0,0,139,,,60.0,,,,60.3,,,65.4,0,0,2,0,0,0,0,0,0
Carter Moody,123191,WR,CITADEL,8,0,0,139,,,,59.9,,,60.3,65.3,,66.7,0,0,0,0,0,7,0,11,0
KJ Pierce,123194,DI,CITADEL,8,0,0,139,58.8,,,,,,59.3,,,68.2,0,0,0,33,0,0,0,2,0
Dominick Poole,123195,CB,CITADEL,10,0,0,139,59.5,,,,,,62.4,67.3,,74.4,1,0,0,50,34,0,0,36,2
Ben Steele,123198,P,CITADEL,1,0,0,139,,60.0,,,,,60.0,,,62.5,0,0,2,0,0,0,0,0,0
Nathan Storch,123199,FB,CITADEL,2,0,0,139,,,,,,,56.9,,,67.1,0,0,0,0,0,13,0,0,0
Nate Thomas,123200,CB,CITADEL,4,0,0,139,,,,,,,53.9,,,67.7,0,0,0,0,0,0,0,7,0
Braden Walker,123203,TE,CITADEL,7,0,0,139,,,,,,,56.8,,,39.8,0,3,0,0,7,44,17,0,2
Jackson Watson,123204,LB,CITADEL,2,0,0,139,,,,,,,60.9,,,65.7,0,0,0,0,3,0,1,0,0
Lawson Howard,123251,S,ARKAPB,9,0,1,112,59.6,,,,,,54.0,,,29.4,0,1,0,5,27,21,0,28,1
Jacob Kainer,123254,TE,SM HOUSTON,2,0,0,281,,,60.6,,,,61.7,,,61.6,0,0,8,0,0,0,0,0,0
Carl Smith,123365,WR,LAFAYETTE,5,0,0,203,,,,49.3,,,46.9,,,71.7,0,1,0,0,0,26,0,14,0
Zac Gulley,123479,S,STF AUSTIN,12,2,0,301,60.1,,,,,,58.3,,,78.9,3,0,0,6,70,0,21,0,4
Noah Caldwell,123500,TE,ABILENE CH,6,0,0,100,,,60.0,,,,55.2,,,30.4,0,1,4,0,0,28,19,3,0
Isaiah Davis,123502,WR,MOREHEAD,3,0,0,234,,,,,,,64.9,,,70.2,0,0,0,0,0,0,0,15,0
Damion Hart,123508,ED,ABILENE CH,5,0,0,100,60.0,,,,,,61.5,,,72.4,0,0,0,1,0,9,0,7,0
Davion Johnson,123512,WR,ABILENE CH,10,0,0,100,,,,76.7,,,69.4,,,70.8,0,0,0,0,3,55,0,38,0
Kadren Johnson,123513,ED,ABILENE CH,10,0,0,100,59.1,,73.3,,,,63.8,,,76.8,0,0,42,20,0,0,0,1,0
Dre Jones,123514,DI,ABILENE CH,7,0,0,100,57.8,,,,,,57.8,,,70.0,0,0,0,23,0,0,0,1,0
Darius Lewis,123515,WR,ABILENE CH,4,0,0,100,,,,,,,59.9,29.0,,67.4,0,0,0,0,0,12,0,4,0
Elijah Moffett,123520,S,ABILENE CH,10,0,0,100,60.3,,,,,,62.1,,,78.6,0,0,0,31,39,24,42,6,0
Osaretin Obadeyi,123522,ED,ABILENE CH,7,0,0,100,59.3,,,,,,59.6,,,66.0,0,0,0,23,0,0,0,0,0
Jack Schultz,123523,DI,ABILENE CH,8,0,0,100,57.8,,,,,,57.8,,,70.5,0,0,0,18,0,0,0,1,0
Jacob Thielen,123528,G,ABILENE CH,10,0,0,100,,,73.1,,,,65.7,,,71.1,0,0,42,0,0,0,42,0,1
Shelby Washington,123529,S,ABILENE CH,10,0,0,100,60.2,,,,,,70.7,,,69.3,0,0,0,17,31,0,0,6,2
Jake Ruiz,123679,K,STF AUSTIN,1,0,0,301,,,,,54.6,,60.0,,,66.0,0,0,0,0,2,0,0,0,0
Tony Forrest Jr.,123744,TE,GRAMBLING,8,0,0,177,,,60.0,,,,57.4,,,72.7,0,1,4,0,0,33,30,0,0
Lawrence Martinez,123754,LS,FL A&M,7,0,0,164,,,64.8,,,,61.7,,,61.0,0,0,33,0,0,0,0,0,0
Riley Stephens,123762,K,AUSTINPEAY,11,0,0,116,,,,,74.3,,63.8,,,78.3,0,0,0,0,71,0,0,0,0
Louis Taylor III,123894,S,SE MO ST,4,0,0,293,60.0,,,,,,61.5,,,65.2,0,0,0,5,3,0,0,2,0
C.J. Williams,123941,WR,W CAROLINA,4,0,0,344,,,,,,,64.8,,,70.3,0,0,0,0,0,1,0,15,0
Malachi Wideman,124303,WR,JACKSON ST,1,0,0,194,60.0,,,,,,60.0,,,71.8,0,0,0,1,0,0,0,0,0
Daniel Tulk,125111,G,MERCER,9,0,0,219,,,60.0,,,,61.6,,,64.5,0,0,6,0,0,0,40,0,0
Maddux Trujillo,125126,K,AUSTINPEAY,10,0,0,116,,71.1,,,,,46.3,,,28.5,0,1,57,0,0,0,0,0,0
Kamaury Thompson,125231,S,STF AUSTIN,2,0,0,301,,,,,,,71.6,,,66.3,0,0,0,0,3,0,1,0,0
Seth Anderson,125281,T,N DAK ST,2,0,0,250,,,60.0,,,,60.9,,,66.6,0,0,3,0,0,0,1,0,0
Oscar Benson,125282,LB,N DAK ST,7,0,0,250,60.0,,,,,,53.9,,,68.1,0,0,0,2,10,0,0,4,0
Michael Buetow,125284,DI,N DAK ST,9,0,0,250,58.2,,,,,,58.5,,,65.1,0,0,0,8,0,0,0,2,0
Andre Carrier,125285,TE,N DAK ST,2,0,0,250,,,63.6,,,,62.8,,,68.2,0,0,14,0,0,0,0,0,0
Courtney Eubanks,125287,CB,N DAK ST,14,0,0,250,59.6,,,,,,60.1,,,73.3,1,0,0,25,29,0,0,15,2
Bryce Friday,125288,DI,N DAK ST,2,0,0,250,,,,,,,60.0,,,65.9,0,0,0,0,0,0,0,2,0
Tyson Gordon,125291,S,N DAK ST,1,0,0,250,,,,,,,41.8,,,66.2,1,0,0,0,2,0,0,0,0
DJ Hart,125292,WR,N DAK ST,5,2,0,250,,,,,,,46.5,,,70.5,0,0,0,0,25,0,1,10,2
Sam Jung,125296,S,N DAK ST,15,1,0,250,,,,,,,68.0,,,80.6,2,0,0,0,95,14,6,55,4
TK Marshall,125298,HB,N DAK ST,15,0,0,250,,,,,,,64.7,,,74.0,1,0,0,0,1,1,0,62,0
Cam Miller,125299,QB,N DAK ST,1,0,0,250,,,60.0,,,,60.0,,,60.2,0,0,1,0,0,0,0,0,0
Mason Miller,125300,T,N DAK ST,8,0,0,250,,,71.9,,,,64.3,,,67.4,0,0,40,0,0,0,0,0,0
RaJa Nelson,125301,WR,N DAK ST,15,0,0,250,,,,69.4,,,55.8,,,29.6,0,1,0,0,9,42,0,48,0
Loshiaka Roques,125303,ED,N DAK ST,3,0,0,250,,,,,,,61.9,,,66.1,0,0,0,0,0,0,0,4,0
Ty Satter,125304,S,N DAK ST,3,0,0,250,,,,,,,67.6,,,67.6,0,0,0,0,13,0,1,0,1
Marques Sigle,125305,CB,N DAK ST,14,1,0,250,59.9,,,,,,70.6,,,33.3,0,1,0,3,67,0,1,50,5
Kaedin Steindorf,125308,P,N DAK ST,15,0,0,250,,,68.2,,68.5,,63.9,,61.7,74.0,0,1,82,0,23,0,51,0,0
Joe Stoffel,125309,TE,N DAK ST,15,0,0,250,,,77.6,59.2,,,66.8,,,69.7,0,0,83,0,0,44,0,0,0
Tyler Terhark,125310,WR,N DAK ST,5,2,0,250,,,,,,,70.7,,,67.7,0,0,0,0,4,6,0,0,0
Cole Wisniewski,125313,LB,N DAK ST,15,0,0,250,60.0,,,,,,59.6,,,77.2,4,1,0,2,45,21,51,10,5
Grey Zabel,125314,G,N DAK ST,3,0,0,250,,,60.0,,,,61.3,,,65.8,0,0,4,0,0,0,2,0,0
Marco Baker,125351,CB,JVILLE ST,11,0,0,196,59.4,,,,,,55.1,,,29.6,0,1,0,27,0,3,0,36,0
Jacob Dennison,125354,G,JVILLE ST,5,0,0,196,,,67.3,,,,63.3,,,69.9,0,0,19,0,0,0,1,0,0
Yessman Green,125356,S,JVILLE ST,9,0,0,196,59.3,,,,,,61.6,,,70.1,0,0,0,26,5,15,0,5,0
Javarius Hoskins,125359,ED,JVILLE ST,9,0,0,196,59.3,,60.0,,,,62.3,,,70.0,0,0,1,7,0,0,0,14,0
Pat Jackson,125361,HB,JVILLE ST,2,0,0,196,,,,,,,60.9,,,68.7,0,0,0,0,1,6,0,0,0
Leeshoen Jarrett,125363,TE,JVILLE ST,11,0,0,196,,,72.5,,,,64.5,,,68.9,0,0,42,0,1,5,0,12,0
Jamari Jemison,125364,CB,JVILLE ST,11,0,0,196,59.4,,,59.9,,,66.8,,,73.7,0,0,0,25,29,15,12,7,1
Jacob Jenkins,125365,TE,JVILLE ST,10,0,0,196,,,72.7,61.8,,,62.9,,,68.4,0,0,42,0,0,28,0,0,0
Robert Johnson,125366,DI,JVILLE ST,2,0,0,196,58.7,,,,,,59.2,,,68.8,0,0,0,4,0,0,0,0,0
Jayson Jones,125367,WR,JVILLE ST,3,0,0,196,,,,60.0,,,60.6,61.4,,65.6,0,0,0,0,0,2,0,18,0
Alen Karajic,125368,P,JVILLE ST,11,0,0,196,,60.8,,,71.3,,62.8,,,73.3,1,0,41,0,39,0,0,0,0
Cade Meeks,125372,WR,JVILLE ST,6,0,0,196,,,,,,,62.6,,,67.7,0,0,0,0,22,1,0,4,0
J-Rock Swain,125377,ED,JVILLE ST,10,0,0,196,58.6,,,,,,59.2,,,72.2,0,0,0,23,0,31,0,13,0
Ron Wiggins,125380,HB,JVILLE ST,6,0,0,196,,,,57.6,,,59.4,,,66.2,0,0,0,0,0,20,4,0,0
Deco Wilson,125381,S,JVILLE ST,11,1,0,196,59.4,,,,,,71.8,,,73.9,0,0,0,35,41,2,11,24,2
Avery Blaikie,125395,DI,TENN STATE,1,0,0,308,59.0,,,,,,59.0,,,63.8,0,0,0,9,0,0,0,0,0
Daniel Green,126961,WR,AUSTINPEAY,1,0,0,116,,,,,,,60.0,,,64.8,0,0,0,0,0,1,0,0,0
Cortaz Williams,127560,HB,CENT CT ST,2,0,0,133,,,,,,,61.5,,,65.1,0,0,0,0,5,0,0,0,0
Christopher Satterfield,127626,CB,ABILENE CH,6,0,0,100,59.9,,,,,,62.2,,,72.4,0,0,0,1,0,0,10,21,0
Kahzir Brown,127825,CB,MAINE,9,0,0,212,59.4,,,,,,61.6,,,71.5,0,0,0,25,0,0,0,11,0
Denver Parker,128009,S,AUSTINPEAY,4,0,0,116,59.9,,,,,,61.7,,,65.0,0,0,0,2,7,2,0,0,0
Robert Cooper,128123,DI,E WASHGTON,2,0,0,161,59.8,,,,,,68.5,,,92.0,0,0,0,1,0,1,0,1,0
Dupree Williams,128190,CB,N ARIZONA,4,0,0,252,59.7,,,,,,60.6,,,67.3,0,0,0,5,0,1,0,3,0
Jathan Washington,128286,WR,SACR HEART,1,0,0,280,,,,,,,60.0,,,62.7,0,0,0,0,0,1,0,0,0
A.J. Seay,128788,CB,PRESBYTERN,2,0,0,271,59.6,,,,,,60.7,,,68.2,0,0,0,3,0,0,0,1,0
Mason Jones,128960,T,BUCKNELL,8,0,0,125,,,69.9,,,,63.5,,,63.9,0,0,19,0,0,0,1,0,0
Izarius Woods,128993,HB,PRESBYTERN,5,0,0,271,60.0,,,,,,65.6,,,68.1,0,0,0,1,27,0,0,0,1
Futa Shinkawa,128995,LB,PRESBYTERN,11,0,0,271,84.1,,,,,,78.9,,,83.9,0,1,0,30,67,72,9,14,1
Jeremiah Katt,129392,G,CHATTNOOGA,11,0,0,137,,,74.3,,,,64.5,,,63.8,0,0,53,0,0,0,0,0,0
Reuben Lowery III,129393,CB,CHATTNOOGA,11,0,0,137,59.7,,,62.8,,,62.2,,,29.1,1,2,0,5,61,43,47,40,7
Jamoi Mayes,129394,WR,CHATTNOOGA,2,0,0,137,,,,57.7,,,60.5,,,65.2,0,0,0,0,0,7,0,0,0
John Prince,129397,ED,CHATTNOOGA,5,0,0,137,58.8,,,,,,60.4,,,66.4,0,0,0,7,0,0,0,5,0
Haze Solomon,129399,G,CHATTNOOGA,3,0,0,137,,,60.0,,,,62.2,,,69.6,0,0,8,0,0,0,0,0,0
Bo Spearman,129400,LB,CHATTNOOGA,8,0,0,137,,,,,,,62.9,,,73.8,0,0,0,0,39,28,0,17,1
Tyler Walker,129402,WR,CHATTNOOGA,1,0,0,137,,,,,,,60.0,,,64.0,0,0,0,0,0,2,0,0,0
Jordan Walker,129403,S,CHATTNOOGA,4,0,0,137,,,,,,,61.6,,,73.0,0,0,0,0,24,0,25,15,1
Quay Wiggles,129404,ED,CHATTNOOGA,6,0,0,137,59.4,,,,,,69.4,,,74.1,0,0,0,3,20,0,0,12,3
Reid Williams,129405,C,CHATTNOOGA,2,0,0,137,,,60.0,,,,61.6,,,65.0,0,0,6,0,0,0,0,0,0
Tre'von Riggins,129424,DI,JACKSON ST,3,0,0,194,58.8,,,,,,58.8,,,64.8,0,0,0,9,0,0,0,0,0
Blaise Sparks,129428,T,DELAWARE,7,0,0,151,,,67.8,,,,62.9,,,60.9,0,0,22,0,0,0,0,0,0
Byron Bacon,129542,S,MERCER,4,0,0,219,,,,,,,56.2,,,70.2,1,0,0,0,14,18,0,9,0
Luke Barlow,129543,C,MERCER,2,0,0,219,,,60.0,,,,61.5,,,65.2,0,0,5,0,0,0,0,0,0
Julian Beris,129544,HB,MERCER,1,0,0,219,,,,,,,60.0,,,69.4,0,0,0,0,0,0,0,2,0
Vinny Carnazzo,129547,DI,MERCER,1,0,0,219,,,,,,,60.0,,,64.7,0,0,0,0,0,0,0,1,0
Santo DeFranco,129551,T,MERCER,6,0,0,219,,,69.7,,,,63.7,,,66.2,0,0,30,0,0,0,0,0,0
Ethan Dirrim,129552,WR,MERCER,6,2,0,219,,,,,,,73.7,,,70.6,1,0,0,0,21,32,0,2,1
Isaac Dowling,129553,LB,MERCER,9,0,0,219,59.9,,,,,,68.4,,,71.1,0,0,0,34,0,11,24,5,0
Tyler Mackey,129557,CB,MERCER,1,0,0,219,,,,,,,65.7,,,70.4,0,0,0,0,6,0,0,11,0
Ni Mansell,129559,G,MERCER,10,0,0,219,,,77.3,,,,65.9,,,71.9,0,0,56,0,0,0,0,0,0
Andrew May,129560,TE,MERCER,7,0,0,219,,,63.8,,,,75.3,,,73.6,0,0,14,0,0,23,0,6,0
Dyvon McKinney,129561,HB,MERCER,4,0,0,219,,,60.0,,,,57.6,,,71.4,1,1,6,0,21,0,0,9,0
TJ Moore,129562,CB,MERCER,9,0,0,219,60.1,,,,,,70.8,,,74.6,0,0,0,12,20,0,11,30,4
Tommy Pollack,129564,HB,MERCER,1,0,0,219,,,60.0,,,,60.6,,,67.1,0,0,1,0,0,0,0,6,0
Jordan Swain,129565,ED,MERCER,9,0,0,219,59.8,,,,,,40.2,,,68.9,0,0,0,16,0,0,41,6,0
Chris Taylor,129566,LB,MERCER,6,0,0,219,60.0,,,,,,63.1,,,68.0,0,0,0,1,15,0,0,4,0
Jaden Taylor,129567,DI,NC CENT,9,0,0,247,58.0,,,,,,58.5,,,70.7,0,0,0,31,0,0,1,2,0
Cyril Turner,129568,ED,MERCER,2,0,0,219,,,,,,,60.0,,,64.8,0,0,0,0,0,0,0,2,0
Kenyatta Ward,129569,CB,MERCER,1,0,0,219,,,,,,,60.0,,,67.2,0,0,0,0,0,0,0,2,0
Al Wooten II,129571,HB,MERCER,6,0,0,219,,,70.8,,,,62.2,,,72.5,0,1,32,0,0,9,0,0,0
Gaige Garcia,129576,HB,LEHIGH,3,0,0,205,,,,59.9,,,58.8,,,70.1,0,0,0,0,0,23,2,0,0
Joseph Bruno,129768,WR,DELAWARE,5,0,0,151,,,,59.3,,,59.6,,,63.4,0,0,0,0,0,24,0,0,0
Joseph Johnson III,129788,CB,CAMPBELL,8,0,0,131,86.4,,,,,,90.2,,,79.4,0,0,0,27,0,0,0,9,0
John Hartman,130273,G,COLGATE,7,0,0,142,,,71.4,,,,63.5,,,69.3,0,0,26,0,0,0,25,0,0
DJ Jackson,130463,DI,CAMPBELL,10,0,0,131,59.6,,,,,,60.6,,,66.9,0,0,0,22,0,0,0,4,0
Tyler Thomas,130503,T,GRAMBLING,7,0,0,177,,,65.9,,,,62.9,,,65.8,0,0,18,0,0,0,0,0,0
Nazareth Bryant,130542,HB,ALABAMA ST,3,1,0,105,,,,55.5,,,73.8,,,73.3,0,0,0,0,16,13,6,12,1
Riley Moore,130657,K,WEBER ST,2,0,0,342,,60.0,,,62.0,,60.0,,,65.7,0,0,1,0,2,0,0,0,0
Cooper McCasland,130673,WR,ABILENE CH,1,0,0,100,,,,,,,60.3,,,64.6,0,0,0,0,2,0,0,0,0
Derrick Parker,131181,LB,ABILENE CH,2,0,0,100,,,,,,,60.6,,,66.7,0,0,0,0,5,9,0,0,0
Nathaniel Pryor,131391,DI,DIXIE,1,0,0,1285,58.6,,,,,,58.4,,,63.3,0,0,0,4,0,0,0,0,0
Darrell Branch,131563,G,TENN STATE,8,0,0,308,,,69.6,,,,63.8,,,70.3,0,0,25,0,0,0,0,0,0
Evan Burkhart,131607,WR,CAL POLY,4,0,0,129,,,,,,,60.7,,,68.6,0,0,0,0,3,12,0,0,0
Grady Liddell,131799,CB,CAL POLY,2,0,0,129,,,,,,,62.4,,,68.8,0,0,0,0,3,1,0,2,0
Brett Lynch,132045,S,CENT ARK,7,0,0,132,60.0,,,66.5,,,72.9,,,73.5,0,0,0,1,20,4,13,13,4
Jadon Cardell,132104,K,SM HOUSTON,2,0,0,281,,,,,,,60.0,,59.6,65.4,0,0,0,0,0,0,2,0,0
Brock Thompson,132286,P,ABILENE CH,1,0,0,100,,,,,59.8,,60.0,,,64.2,0,0,0,0,1,0,0,0,0
Brice Bass,132404,ED,GARD-WEBB,9,0,0,171,59.5,,64.2,,,,64.2,,,68.5,0,0,13,5,19,0,0,5,0
Clayton Frady,132407,T,GARD-WEBB,7,0,0,171,,,,,,,46.9,,,67.7,0,0,0,0,0,0,11,0,0
Ty French,132408,ED,GARD-WEBB,10,0,0,171,59.9,,,,,,63.2,,,70.0,0,0,0,42,0,0,0,15,0
Jalin Graham,132409,HB,GARD-WEBB,9,0,0,171,,,,,,,51.5,,,44.8,1,1,0,0,20,45,41,0,0
Anthony Herock,132411,FB,GARD-WEBB,10,0,0,171,,,73.4,59.2,,,59.8,,,29.5,0,1,46,0,0,59,41,0,1
Darius Hough,132412,WR,GARD-WEBB,8,0,0,171,,,,,,,52.9,,,28.8,0,1,0,0,32,0,4,3,1
Charlie Jackson,132413,DI,GARD-WEBB,10,0,0,171,58.1,,,,,,58.5,,,68.5,0,0,0,31,0,0,0,7,0
William McRainey,132419,LB,GARD-WEBB,10,0,0,171,59.7,,,,,,61.1,,,68.8,0,0,0,45,0,8,10,17,0
Christian Miller,132420,S,GARD-WEBB,1,0,0,171,,,,,,,60.2,,,62.9,0,0,0,0,2,0,0,0,0
Ahkeem Mitchell,132421,LB,GARD-WEBB,2,0,0,171,,,,,,,67.7,,,65.6,0,0,0,0,10,0,0,0,1
Raequan Ousley,132422,CB,GARD-WEBB,7,0,0,171,59.9,,,,,,59.1,,,76.0,2,0,0,1,30,0,9,25,2
Christopher Richardson,132424,DI,GARD-WEBB,10,0,0,171,,,76.8,,,,65.1,,,64.4,0,0,48,0,0,0,2,0,0
Josh Taylor,132426,C,GARD-WEBB,7,0,0,171,,,74.0,,,,65.0,,,72.1,0,0,37,0,0,0,0,0,0
Jaiden Bond,132431,WR,W CAROLINA,4,0,0,344,,,,,,,66.2,,,73.6,0,0,0,0,0,0,0,12,0
Caleb Carter,132433,T,W CAROLINA,10,0,0,344,,,75.1,,,,45.7,,,73.6,0,0,55,0,0,0,24,0,0
Jaquarius Guinn,132436,DI,W CAROLINA,8,0,0,344,58.3,,,,,,58.6,,,67.5,0,0,0,25,0,1,0,3,0
Keenan Hambrick,132437,WR,W CAROLINA,5,0,0,344,,,,,,,61.8,,,74.0,0,0,0,0,0,34,0,0,0
Jacob Harris,132438,S,W CAROLINA,10,0,0,344,59.9,,,,,,74.4,60.0,,81.3,1,0,0,50,60,0,16,42,2
Raekwon Heath,132440,TE,W CAROLINA,2,0,0,344,,,60.0,,,,33.7,,,25.5,0,1,5,0,0,5,0,0,0
Calvin Jones,132441,WR,W CAROLINA,10,0,0,344,,,,90.7,,,55.4,,,34.3,1,1,0,0,0,62,36,0,1
Nigel Manns,132443,LB,W CAROLINA,10,2,0,344,,,,,,,74.9,,,76.9,1,0,0,0,53,35,2,0,6
Chris Morgan,132445,DI,W CAROLINA,10,0,0,344,58.4,,,,,,57.0,,,70.0,0,0,0,30,0,22,0,4,0
Tyree Nelson,132446,HB,W CAROLINA,4,0,0,344,,,,59.9,,,65.3,,,74.3,0,0,0,0,0,31,0,13,0
Jakobe Quillen,132447,WR,W CAROLINA,11,0,0,344,60.0,,,61.8,,,51.4,,,29.3,0,1,0,1,0,79,1,0,0
Giovanni Ricciardi,132448,LB,W CAROLINA,9,0,0,344,59.8,,,,,,72.0,,,75.7,0,0,0,7,25,39,0,1,0
Paxton Robertson,132449,K,W CAROLINA,10,0,0,344,,60.0,,,72.0,,63.0,,57.6,75.6,0,0,2,0,42,0,5,0,2
Demorian Smith,132451,LB,W CAROLINA,6,0,0,344,,,,,,,71.8,,,71.0,0,0,0,0,37,0,0,0,3
Quintin Talley,132454,S,W CAROLINA,10,1,0,344,59.8,,,,,,67.3,,,74.4,0,0,0,14,47,12,0,2,3
Skylin Thomas,132455,S,W CAROLINA,11,0,0,344,59.7,,,,,,58.0,,,35.8,1,2,0,6,56,71,0,34,2
Kimani Johnson,133039,CB,LAMAR,8,0,0,204,59.8,,60.0,,,,48.2,,,30.0,1,1,5,2,3,44,16,23,0
Baron Bradley,133214,WR,INCAR WORD,9,0,0,189,,,,,,,62.6,,,30.5,0,1,0,0,31,45,25,21,1
Kaleb Culp,133217,S,INCAR WORD,11,1,0,189,60.0,,,,,,74.9,,,70.4,0,0,0,56,10,18,3,9,1
Elliott Davison,133219,S,INCAR WORD,12,0,0,189,59.3,,,,,,66.4,,,75.3,0,0,0,52,28,2,0,26,0
Robert Ferrel,133220,WR,INCAR WORD,12,0,0,189,,,,67.1,,,70.2,53.9,,67.2,0,0,0,0,1,19,0,46,0
Tylan George,133221,LB,INCAR WORD,11,1,0,189,59.8,,,,,,58.0,,,29.1,1,1,0,9,47,28,6,4,2
Emerson Haywood,133223,WR,INCAR WORD,3,0,0,189,,,,,,,61.1,,,68.7,0,0,0,0,5,1,2,1,0
Blaine Hoover,133224,ED,INCAR WORD,10,0,0,189,58.4,,60.0,,,,59.2,,,67.7,0,0,6,23,0,6,6,0,0
Jayden Jones,133225,WR,INCAR WORD,9,0,1,189,,,,59.9,,,76.0,,,75.0,1,1,0,0,42,17,0,7,2
Joseph Kimmey,133227,C,INCAR WORD,6,0,0,189,,,72.2,,,,64.0,,,64.0,0,0,26,0,0,0,0,0,0
Tah Banda,133231,LB,INCAR WORD,10,0,0,189,,,60.0,,,,54.9,,,27.8,0,2,4,0,62,11,13,11,2
Stanley Mark,133232,G,INCAR WORD,1,0,0,189,,,,,,,60.0,,,61.8,0,0,0,0,0,0,1,0,0
Keven Nguyen,133235,P,INCAR WORD,12,0,0,189,,,62.0,,,,62.7,,73.6,72.2,0,0,15,0,0,0,38,0,0
Kailan Noseff,133236,WR,INCAR WORD,6,0,0,189,,,,,,,78.0,,,76.1,0,0,0,0,0,16,0,20,0
John Scifers,133239,K,INCAR WORD,12,0,0,189,,75.7,,,64.7,,64.0,,,78.2,1,0,15,0,80,0,0,0,2
Kylan Thomas,133241,S,INCAR WORD,7,0,0,189,60.0,,,,,,66.2,,,73.1,0,0,0,1,18,28,0,6,1
Royce Wellington,133245,DI,INCAR WORD,9,0,0,189,59.2,,,,,,59.7,,,65.4,0,0,0,18,0,0,0,1,0
Ethan Harris,133247,S,W CAROLINA,1,0,0,344,59.9,,,,,,60.0,,,61.1,0,0,0,1,0,0,0,0,0
Quincy Hughes,133667,C,WOFFORD,3,0,0,350,,,64.1,,,,62.4,,,65.7,0,0,9,0,0,0,0,0,0
Xander Kendall,133793,LB,MARIST,1,0,0,213,60.1,,,,,,57.3,,,64.9,0,0,0,2,0,5,0,0,0
Joshua Thornhill,133881,LB,BETH COOK,5,0,0,119,59.4,,,,,,64.5,,,70.2,0,0,0,4,0,17,16,7,0
Ladarrius Rule,134717,LB,SE MO ST,9,0,0,293,59.6,,,,,,61.8,,,76.8,0,0,0,2,8,38,0,4,0
Jalon Benson,134720,CB,SE MO ST,3,0,0,293,59.6,,,,,,60.4,,,67.8,0,0,0,10,0,3,0,1,0
Micah Fann,134724,ED,SE MO ST,5,0,0,293,60.0,,,,,,35.8,,,74.1,2,1,0,2,22,7,9,11,0
Pervis Frazier,134725,WR,SE MO ST,1,0,0,293,,,,,,,59.9,,,66.6,0,0,0,0,0,0,2,0,0
Braden Higgins,134728,T,SE MO ST,11,0,0,293,,,75.4,,,,65.6,,,75.4,0,0,58,0,0,0,0,0,0
LaWilliam Holmes,134729,DI,SE MO ST,1,0,0,293,59.3,,,,,,59.4,,,63.6,0,0,0,4,0,0,0,0,0
Jake Holten,134730,WR,SE MO ST,11,0,1,293,,,,58.7,,,51.6,,,34.8,0,1,0,0,55,60,15,39,1
Terrell Jester,134732,WR,SE MO ST,10,0,0,293,,,,57.1,,,64.7,60.3,,71.9,0,0,0,0,7,14,0,25,0
Johnny King,134733,WR,SE MO ST,10,0,0,293,,,,,,,63.1,,,77.7,0,0,0,0,1,33,13,31,0
Steven Lewis,134735,DI,SE MO ST,11,0,0,293,58.1,,,,,,60.0,,,71.5,0,0,0,42,0,0,66,12,0
Jacob Morrissey,134736,LB,SE MO ST,10,0,0,293,59.8,,,,,,72.3,,,77.9,0,0,0,26,38,1,36,23,3
Tyler Nelome,134737,CB,SE MO ST,10,0,0,293,59.5,,,,,,66.6,,,46.8,0,1,0,13,23,0,14,34,2
Cameron Powell,134738,CB,SE MO ST,10,0,0,293,59.5,,,,,,48.0,,,28.1,0,1,0,8,0,29,0,0,0
Wesley Roberts,134739,WR,SE MO ST,5,0,0,293,,,,,,,61.5,,,71.2,0,0,0,0,0,27,0,8,0
Shyron Rodgers,134741,G,SE MO ST,5,0,0,293,,,70.7,,,,63.6,,,63.2,0,0,21,0,0,0,0,0,0
Shamenski Rucker,134742,HB,SE MO ST,4,0,0,293,,,,54.5,,,62.2,,,65.9,0,0,0,0,0,4,0,4,0
James Sackie,134743,DI,SE MO ST,7,0,1,293,58.1,,,,,,46.6,,,27.4,0,1,0,25,0,0,0,1,0
Sage Sobrado,134746,G,SE MO ST,7,0,0,293,,,71.3,,,,64.2,,,70.5,0,0,26,0,0,0,0,0,0
Dony'e Taylor,134747,LB,SE MO ST,10,0,0,293,59.6,,,,,,62.0,,,67.7,0,0,0,31,0,10,0,11,0
Keilyn Tyus,134748,ED,SE MO ST,11,0,0,293,59.9,,,,,,54.8,,,77.0,1,0,0,7,61,26,18,22,1
Jenson Walker,134749,LS,SE MO ST,11,0,0,293,,,87.6,,,24.8,38.2,,,29.9,2,1,58,0,0,0,66,0,0
Khalyl Warren,134750,G,SE MO ST,6,0,0,293,,,74.2,,,,64.5,,,63.7,0,0,34,0,0,0,0,0,0
Will Weidemann,134751,TE,SE MO ST,11,0,0,293,,,72.1,,,,63.2,,,64.7,0,0,40,0,0,0,46,0,0
Phillip Wilder,134752,T,SE MO ST,2,0,0,293,,,60.0,,,,60.5,,,65.9,0,0,2,0,0,0,0,0,0
Gianini Belizaire,134754,DI,S ILLINOIS,5,0,0,295,58.8,,,,,,60.3,,,66.4,0,0,0,6,0,0,0,4,0
Jaylen DeVries,134757,TE,S ILLINOIS,1,0,0,295,,,,,,,60.0,,,63.4,0,0,0,0,0,2,0,0,0
Zach Gibson,134759,WR,S ILLINOIS,5,0,0,295,,,,,,,62.0,,,72.2,0,0,0,0,0,17,0,9,0
Derek Harden Jr.,134760,G,S ILLINOIS,1,0,0,295,,,60.0,,,,61.4,,,62.1,0,0,4,0,0,0,0,0,0
Izaiah Hartrup,134761,WR,S ILLINOIS,11,0,0,295,,,,61.6,,,61.0,,,68.3,0,0,0,0,1,53,0,13,0
Pop Jones III,134763,HB,S ILLINOIS,1,0,0,295,,,,,,,60.4,,,63.3,0,0,0,0,2,0,0,0,0
Sean Larkin,134765,WR,S ILLINOIS,4,0,0,295,,,,,,,64.2,,,72.4,0,0,0,0,0,12,0,10,0
Devin Love,134766,DI,S ILLINOIS,10,0,0,295,58.8,,,,,,58.9,,,67.4,0,0,0,35,0,0,0,0,0
Dre Newman,134767,CB,S ILLINOIS,13,2,0,295,59.9,,,,,,71.3,,,62.3,1,1,0,1,76,3,54,54,2
Jay Welch,134773,CB,S ILLINOIS,13,1,0,295,,,,,,,62.3,,,77.8,1,1,0,0,76,0,10,46,2
Jeffrey Wells,134774,S,S ILLINOIS,13,2,0,295,,,,,,,58.6,,,28.7,1,4,0,0,75,56,44,49,5
Jorim Powell,136819,WR,N ARIZONA,11,0,0,252,,,,,,,67.9,,,34.7,0,1,0,0,54,3,47,40,5
Jacob Abel,136820,K,MCNEESE,8,0,0,217,,52.2,,,59.1,,62.6,,,74.8,0,0,5,0,39,0,0,0,1
Kobe Callahan,136822,LB,MCNEESE,7,0,0,217,59.8,,,,,,66.1,,,75.6,0,0,0,5,9,17,16,14,1
Khaylon Chapple,136823,ED,MCNEESE,9,0,0,217,,,,,,,48.8,,,29.2,2,1,0,0,30,31,0,13,1
Caron Coleman,136824,G,MCNEESE,10,0,0,217,,,75.7,,,,65.0,,,64.6,0,0,43,0,0,0,0,0,0
Accord Green,136829,DI,MCNEESE,9,0,0,217,58.1,,,,,,59.2,,,68.0,0,0,0,19,0,0,29,2,0
Richard Griffith,136830,ED,PRESBYTERN,1,0,0,271,,,60.0,,,,60.1,,,60.4,0,0,2,0,0,0,0,0,0
Grayson Mays,136835,ED,MCNEESE,4,0,0,217,,,,,,,64.2,,,69.2,0,0,0,0,0,7,0,16,0
Deonta McMahon,136836,HB,MCNEESE,4,0,0,217,,,,,,,64.7,,,70.8,0,0,0,0,0,0,0,13,0
Hezekiah Neason,136837,G,MCNEESE,8,0,0,217,,,70.1,,,,63.7,,,66.5,0,0,29,0,0,0,0,0,0
Josh Parker,136838,HB,MCNEESE,3,0,0,217,,,,,,,60.2,,,67.9,0,0,0,0,10,2,0,0,0
Brendan Sirls,136839,WR,MCNEESE,4,0,0,217,,,,,,,62.7,,,70.2,0,0,0,0,1,23,0,11,0
Rae'kwon Starks,136840,CB,MCNEESE,10,0,0,217,59.6,,,,,,68.1,,,55.0,0,1,0,11,44,0,46,34,4
Chris Stephens,136841,C,MCNEESE,9,0,0,217,,,73.9,,,,64.3,,,70.5,0,0,37,0,0,0,25,0,0
Tyler Toliver,136844,S,MCNEESE,1,0,0,217,59.9,,,,,,61.3,,,69.1,0,0,0,1,4,5,2,2,0
Quad Wilson,136846,S,MCNEESE,10,0,0,217,60.0,,,,,,56.1,,,80.4,1,1,0,3,42,42,21,35,1
Leon Young,136847,DI,MCNEESE,10,0,0,217,80.4,,,,,,85.1,,,67.0,0,0,0,19,0,10,0,2,0
Khalil Banks,136848,HB,TARLETON,1,0,0,401,,,,,,,60.0,,,66.1,0,0,0,0,0,0,0,2,0
Donovan Banks,136849,S,TARLETON,11,1,0,401,60.1,,,,,,69.2,,,79.5,1,0,0,42,53,12,45,9,1
Hunter Batten,136850,HB,LAMAR,8,0,0,204,,,,,,,64.2,,,69.5,0,0,0,0,25,7,0,4,0
Clayton Blank,136852,DI,TARLETON,1,0,0,401,,,,,,,60.0,,,64.1,0,0,0,0,0,0,0,0,0
Anthony Bonilla,136853,TE,TARLETON,5,0,0,401,,,,,,,61.7,,,73.9,0,0,0,0,0,20,0,0,0
Markel Clark,136862,ED,TARLETON,10,1,0,401,59.1,,,,,,68.3,,,73.4,0,0,0,10,22,0,0,23,0
Tyquan Coleman,136863,CB,TARLETON,8,0,0,401,59.7,,,,,,65.8,,,74.4,0,0,0,4,18,0,0,27,0
Tayvis Coleman,136864,CB,TARLETON,10,0,0,401,,,,61.8,,,65.5,,,81.5,0,0,0,0,28,46,45,31,1
Bryson Collins,136865,S,TARLETON,3,0,1,401,59.8,,,,,,43.3,,,26.9,0,1,0,1,5,13,0,0,0
Darius Cooper,136866,WR,TARLETON,10,0,0,401,,,,61.8,,,60.8,60.5,,50.9,0,1,0,0,38,43,32,18,1
Brody Davis,136867,QB,TARLETON,1,0,0,401,,,,,,,61.8,,,66.1,0,0,0,0,2,0,0,2,0
Calob Davis,136868,ED,TARLETON,4,0,0,401,58.8,,,,,,60.2,,,66.6,0,0,0,8,0,0,0,4,0
Kendall Dearth,136869,G,TARLETON,11,0,0,401,,,77.5,,,,65.5,,,64.4,0,0,53,0,0,0,0,0,0
Gabe Douglas,136870,WR,TARLETON,3,0,0,401,,,,,,,65.9,,,68.2,0,0,0,0,5,1,0,3,1
Greg Eggleston Jr.,136871,S,TARLETON,11,0,0,401,59.6,,,,,,61.4,,,79.8,1,1,0,20,56,46,44,41,2
Marsean Fisher,136873,CB,TARLETON,10,0,0,401,59.6,,,,,,70.3,,,78.2,0,0,0,20,54,17,7,42,2
Benjie Franklin,136874,CB,TARLETON,8,1,1,401,59.3,,,,,,48.5,,,27.3,0,4,0,34,25,0,16,19,1
Adrian Guzman,136879,K,TARLETON,11,0,0,401,,66.4,,,70.2,,63.5,,,75.3,0,1,53,0,59,0,0,0,1
Devin Hafford,136880,CB,TARLETON,11,0,0,401,59.4,,,,,,48.2,,,27.9,0,2,0,45,16,3,0,24,0
D.J. Harris,136881,LB,TARLETON,8,0,0,401,60.3,,,,,,64.2,,,68.9,0,0,0,28,0,0,0,16,0
Brett Harris,136882,TE,TARLETON,1,0,0,401,,,,,,,60.0,,,62.0,0,0,0,0,0,1,0,0,0
Blake Haynes,136883,T,TARLETON,11,0,0,401,,,73.8,,,,63.9,,,67.2,0,0,53,0,0,0,43,0,0
Cody Henderson,136884,TE,TARLETON,4,0,0,401,,,60.0,61.8,,,61.0,,,64.9,0,0,4,0,0,5,7,0,0
Zech Hopkins,136887,ED,TARLETON,4,0,0,401,59.6,,60.0,,,,60.5,,,66.6,0,0,3,3,0,2,7,2,0
Kaylon Horton,136888,WR,TARLETON,7,1,0,401,,,,56.7,,,66.7,34.6,,70.2,0,0,0,0,18,37,0,31,0
Tre Johnson,136889,CB,TARLETON,11,0,0,401,59.8,,,,,,75.5,,,84.8,0,0,0,46,54,3,35,43,6
Keylan Johnson,136890,WR,TARLETON,2,0,0,401,,,,,,,64.9,,,70.4,0,0,0,0,0,1,0,9,0
Khalid Johnson,136892,LB,TARLETON,3,0,0,401,59.7,,,,,,68.6,,,67.7,0,0,0,1,3,1,0,2,1
Cody Jones,136893,WR,TARLETON,10,0,0,401,,,,,,,44.8,,,27.3,1,2,0,0,32,48,0,0,1
Josh Kemp,136895,S,TARLETON,4,0,0,401,60.0,,,,,,64.7,,,74.7,0,0,0,1,22,7,6,12,0
Marvin Landy,136896,TE,TARLETON,11,0,0,401,,,70.3,,,,63.4,,,72.0,0,0,31,0,0,30,0,0,0
Max Maxfield,136898,TE,TARLETON,11,0,0,401,,,75.3,,,,64.9,,,76.2,0,0,53,0,0,5,50,15,0
Jeremy Phelps,136900,G,TARLETON,8,0,0,401,,,74.6,,,,65.2,,,71.7,0,0,41,0,0,0,0,0,0
Chris Radford,136901,DI,TARLETON,9,0,0,401,58.0,,,,,,59.2,,,69.5,0,0,0,18,0,0,0,10,0
Jack Raybourn,136902,ED,TARLETON,1,0,0,401,,,,,,,59.6,,,66.2,0,0,0,0,0,7,4,0,0
Stephen Reeves,136903,LS,TARLETON,11,0,0,401,,,86.6,,,89.9,73.7,,,29.5,0,1,53,0,0,0,50,0,0
Robert Rios,136904,T,TARLETON,1,0,0,401,,,60.0,,,,60.3,,,65.4,0,0,2,0,0,0,0,0,0
Dray Roberson,136905,WR,TARLETON,4,0,0,401,,,,72.4,,,64.8,,,67.9,0,0,0,0,0,14,0,15,0
Makody Robertson,136906,DI,TARLETON,11,0,0,401,58.1,,,,,,58.7,,,68.9,0,0,0,24,0,0,0,9,0
Devin Sterling,136912,LB,TARLETON,10,0,0,401,60.2,,,59.6,,,60.7,,,71.2,0,0,0,5,0,46,0,1,0
Zach Strong,136913,ED,TARLETON,9,0,0,401,58.7,,60.0,,,,47.5,,,70.8,0,0,3,29,0,4,3,21,0
ChadWick Thibodeaux,136914,LB,TARLETON,8,0,0,401,59.4,,,,,,61.4,,,67.4,0,0,0,25,0,0,0,9,0
J.F. Thomas,136915,WR,TARLETON,2,0,0,401,,,,,,,61.0,,,65.8,0,0,0,0,0,1,0,2,0
Todd Tillis,136916,DI,TARLETON,7,0,0,401,58.7,,,,,,58.7,,,67.5,0,0,0,6,0,0,0,5,0
Rawley Vaughn,136921,DI,TARLETON,2,0,0,401,59.4,,60.0,,,,60.2,,,62.5,0,0,3,2,0,0,0,0,0
Jake Walrath,136922,P,TARLETON,11,0,0,401,,,66.6,,,,63.3,,59.5,72.4,0,0,53,0,0,0,50,0,0
Sean Walton,136923,ED,TARLETON,11,0,1,401,83.3,,66.8,,,,65.2,,,26.2,0,2,19,16,0,0,0,8,0
Antwoine Ware,136926,WR,TARLETON,8,1,0,401,,,,,,,69.9,,,76.2,0,0,0,0,40,0,0,23,0
Kyle Weber,136927,TE,TARLETON,10,0,0,401,,,73.8,,,,61.7,,,70.1,0,0,50,0,0,41,39,0,0
Erick Willis,136932,ED,TARLETON,1,0,0,401,,,,,,,60.0,,,65.1,0,0,0,0,1,0,0,0,0
Ronnell Wilson,136933,LB,TARLETON,9,0,0,401,59.6,,,,,,62.8,,,72.4,0,0,0,33,0,3,37,37,0
Cedarius Doss,137990,CB,AUSTINPEAY,1,0,0,116,59.9,,,,,,60.3,,,64.1,0,0,0,1,2,0,0,0,0
Marcus McGhee,137992,WR,AUSTINPEAY,1,0,0,116,,,60.0,,,,60.8,,,60.5,0,0,4,0,0,0,0,0,0
Devin Blakely,137995,CB,E ILLINOIS,11,0,0,158,60.0,,,61.8,,,64.8,,,75.0,0,0,0,4,34,23,0,23,0
Colin Bohanek,137996,LB,E ILLINOIS,11,0,0,158,59.8,,,,,,64.2,,,78.9,0,0,0,54,1,0,57,11,1
Bryson Broadway,137997,T,E ILLINOIS,5,0,0,158,,,66.3,,,,63.0,,,70.0,0,0,15,0,0,0,0,0,0
Logan Brown,137998,LB,E ILLINOIS,8,0,0,158,,,,,,,64.8,,,75.0,0,0,0,0,1,32,3,21,0
Daegan Bush,137999,G,E ILLINOIS,1,0,0,158,,,60.0,,,,61.4,,,62.0,0,0,4,0,0,0,0,0,0
Tyler Clark,138001,HB,E ILLINOIS,7,0,0,158,,,,59.2,,,61.7,,,71.5,0,0,0,0,0,38,0,15,0
Russell Dandy,138002,CB,E ILLINOIS,10,0,0,158,59.4,,,,,,63.3,,,76.5,0,0,0,39,10,0,18,8,1
Kaelin Drakeford,138003,S,E ILLINOIS,11,0,0,158,59.8,,,,,,64.3,60.0,,72.0,0,0,0,43,15,0,14,6,1
Arron Foulkes,138004,WR,E ILLINOIS,3,0,0,158,,,,63.2,,,60.3,,,66.7,0,0,0,0,0,8,0,3,0
Brock Griffin,138007,G,E ILLINOIS,6,0,0,158,,,68.1,,,,49.2,,,28.3,0,1,16,0,0,0,31,0,0
Jaron Hacha,138008,DI,E ILLINOIS,6,0,0,158,59.0,,,,,,64.1,,,72.4,0,0,0,7,0,0,17,3,1
Tyris Harvey,138009,CB,E ILLINOIS,11,0,0,158,59.4,,,,,,61.8,,,74.2,0,0,0,36,1,0,0,6,0
Michael Jarosz,138011,ED,E ILLINOIS,11,0,0,158,59.9,,,,,,66.6,,,42.2,0,1,0,2,38,61,0,32,2
Daniel Luoma,138015,TE,E ILLINOIS,8,0,0,158,,,,,61.9,,61.8,,,73.5,0,0,0,0,25,0,0,0,1
Jordan Miles,138017,ED,E ILLINOIS,9,0,0,158,81.4,,,,,,89.5,,,70.1,0,0,0,35,0,0,0,3,0
William Orth,138019,K,E ILLINOIS,5,0,0,158,,,,,53.8,,60.6,,,71.3,0,0,0,0,13,0,0,0,0
Zach Reddinger,138022,LB,E ILLINOIS,1,0,0,158,,,,,59.7,,60.0,,,64.2,0,0,0,0,1,0,0,0,0
Trey Shaw III,138024,S,E ILLINOIS,5,0,0,158,,,,59.6,,,42.2,,,26.9,0,1,0,0,4,11,0,3,0
DeAirious Smith,138026,WR,E ILLINOIS,6,0,0,158,,,,,,,65.6,,,70.6,0,0,0,0,1,6,0,18,0
Drake Van Hyfte,138029,DI,E ILLINOIS,4,0,0,158,,,60.0,,,,52.0,,,69.7,0,0,6,0,0,12,12,1,0
Jordan Vincent,138030,S,E ILLINOIS,10,0,0,158,59.9,,,,,,68.6,,,75.3,0,0,0,51,11,0,26,5,2
Cooper Willman,138032,WR,E ILLINOIS,10,0,0,158,,,63.8,56.1,,,61.2,65.9,,69.2,0,0,25,0,0,50,0,45,0
Kendi Young,138033,HB,E ILLINOIS,1,0,0,158,,,,,,,60.0,,,64.6,0,0,0,0,0,0,0,2,0
Michael Young Jr.,138034,ED,E ILLINOIS,11,0,0,158,59.6,,,,,,60.3,,,29.3,1,2,0,18,34,0,63,8,4
Dylan Appleton,138035,S,MURRAY ST,11,1,0,236,60.0,,,60.0,,,58.5,,,29.2,0,3,0,2,48,51,49,16,3
Aaron Baum,138036,P,MURRAY ST,10,0,0,236,,72.6,,,,,61.2,,,66.7,0,0,44,0,0,0,0,0,0
Deshun Britten,138037,WR,MURRAY ST,1,0,0,236,,,,,,,59.7,,,66.0,0,0,0,0,0,8,0,0,0
Jamari Dailey,138038,S,MURRAY ST,11,1,0,236,60.0,,,,,,68.0,,,53.7,0,1,0,24,45,33,29,17,3
Lewis Halton,138041,P,MURRAY ST,11,0,0,236,,,65.9,,,,56.3,,50.8,29.7,0,4,44,0,0,0,52,0,0
Chris Hill Jr.,138043,LB,MURRAY ST,10,0,0,236,59.6,,,,,,49.8,,,28.3,0,1,0,3,9,18,13,4,0
Eric Johanning,138044,DI,MURRAY ST,11,0,0,236,58.3,,,,,,59.7,,,67.8,0,0,0,26,0,0,0,9,0
Cortezz Jones,138045,HB,MURRAY ST,8,0,0,236,,,,,,,66.7,,,77.0,0,0,0,0,0,4,0,31,0
D.J. Jones,138046,T,MURRAY ST,10,0,0,236,,,72.6,,,,64.2,,,63.6,0,0,44,0,0,0,0,0,0
Andrew Long,138048,ED,MURRAY ST,8,0,0,236,,,,,,,67.7,,,75.2,0,0,0,0,26,14,0,20,1
Davontae McKee,138050,CB,MURRAY ST,7,0,0,236,59.6,,,,,,70.9,,,76.2,0,0,0,9,27,5,30,16,3
Lawaun Powell,138053,LB,MURRAY ST,11,0,0,236,60.1,,,,,,56.5,,,39.4,1,1,0,25,23,38,0,54,0
DJ Ruff,138054,TE,MURRAY ST,11,0,0,236,,,73.1,59.9,,,60.7,,,73.2,0,0,44,0,0,46,23,0,0
Cade Shupperd,138055,ED,MURRAY ST,9,0,0,236,59.4,,,,,,62.3,,,81.5,0,0,0,7,22,43,16,32,1
Shug Walker,138060,LB,MURRAY ST,4,0,0,236,,,,,,,68.7,,,73.2,0,0,0,0,11,7,0,19,1
DC Pippin,138064,K,SE MO ST,1,0,0,293,,60.0,,,,,60.0,,,62.5,0,0,2,0,0,0,0,0,0
Detoye Adewole,138065,ED,TENN STATE,1,0,0,308,59.7,,,,,,60.0,,,61.8,0,0,0,1,0,0,0,0,0
Floyd Alexander,138066,G,TENN STATE,1,0,0,308,,,,,,,60.7,,,66.3,0,0,0,0,3,0,0,0,0
Kenyon Andrews,138067,S,TENN STATE,11,4,0,308,,,,,,,55.8,,,29.7,1,1,0,0,42,2,0,47,4
Emmanuel Baez,138068,ED,TENN STATE,9,0,0,308,59.4,,,,,,73.0,,,39.4,0,1,0,13,21,11,37,9,1
Tre Boone III,138069,HB,TENN STATE,11,3,0,308,,,,59.4,,,68.9,,,86.1,2,0,0,0,43,60,65,50,5
Carson Buchanan,138072,LS,TENN STATE,11,0,0,308,,,77.9,,,59.5,61.3,,,29.6,0,1,42,0,0,0,65,0,1
De'Amare Chambers,138073,CB,TENN STATE,10,0,0,308,59.7,,,,,,65.1,,,70.9,1,0,0,7,38,0,0,7,3
Zachery Drake,138074,CB,TENN STATE,9,0,0,308,,,,,,,64.9,,,78.2,0,0,0,0,13,48,0,34,1
Kamden Edwards,138075,FB,TENN STATE,2,0,0,308,,,,,,,64.6,,,69.0,0,0,0,0,0,1,0,9,0
Darius Harper,138077,CB,TENN STATE,8,0,0,308,59.8,,,,,,66.7,,,74.4,0,0,0,3,0,11,0,45,0
Jovens Janvier,138079,T,TENN STATE,5,0,0,308,,,70.0,,,,63.5,,,63.1,0,0,19,0,0,0,0,0,0
Kendall Johnson,138081,ED,TENN STATE,11,0,0,308,59.5,,72.4,59.6,,,68.1,,,77.9,0,0,42,5,0,57,7,3,1
Travin Jones,138083,G,TENN STATE,8,0,0,308,,,71.8,,,,65.0,,,74.6,0,0,35,0,0,0,0,0,0
Robert Lacey,138085,G,TENN STATE,10,0,0,308,,,74.0,,,,65.0,,,72.1,0,0,37,0,0,0,0,0,0
Amari LeFlore,138086,CB,TENN STATE,2,0,0,308,,,,,,,61.3,,,70.1,0,0,0,0,1,10,0,0,0
Marcellious Lockett,138087,CB,TENN STATE,3,0,0,308,,,,,,,61.0,,,65.2,0,0,0,0,6,1,0,0,0
Jeremiah Mawali,138088,T,TENN STATE,2,0,0,308,,,60.0,,,,61.2,,,65.2,0,0,5,0,0,0,0,0,0
Ahmad Nelson,138090,LB,TENN STATE,11,0,0,308,,,,,,,73.8,,,83.0,0,0,0,0,21,25,59,28,4
Jalen Rouse,138095,HB,TENN STATE,10,0,0,308,,,,66.4,,,64.6,,,71.9,0,0,0,0,2,43,0,0,0
Nate Sutton,138096,ED,TENN STATE,3,0,0,308,59.4,,,,,,48.1,,,65.3,0,0,0,3,2,0,0,1,0
Zaire Thornton,138097,WR,TENN STATE,4,0,0,308,,,,59.4,,,60.3,,,66.6,0,0,0,0,0,5,0,0,0
Chris Walker,138100,ED,TENN STATE,2,0,0,308,59.3,,,,,,59.4,,,63.0,0,0,0,3,0,0,0,0,0
Cam Wyche,138104,WR,TENN STATE,5,1,0,308,,,,,,,78.0,,,72.6,0,0,0,0,20,7,0,0,2
Jacob Anderson,138105,P,TENN TECH,1,0,0,309,,,60.0,,,,60.0,,,60.3,0,0,2,0,0,0,0,0,0
Hunter Barnhart,138107,TE,TENN TECH,11,0,0,309,,,70.9,59.9,,,63.3,,,67.2,0,0,33,0,0,8,0,0,0
Kanstin Brooks,138109,DI,TENN TECH,4,0,0,309,60.1,,,,,,60.9,,,65.8,0,0,0,3,0,0,0,1,0
Jordan Brown,138110,HB,TENN TECH,11,1,0,309,,,,60.6,,,72.3,,,81.3,0,0,0,0,15,66,38,46,2
Isaac Cross,138113,C,TENN TECH,9,0,0,309,,,66.6,,,,62.6,,,66.2,0,0,14,0,0,0,17,0,0
D.T. Gideon,138114,WR,TENN TECH,7,0,0,309,59.9,,,54.1,,,59.9,,,63.8,0,0,0,1,0,23,0,0,0
Jy Gilmore,138115,CB,TENN TECH,3,0,0,309,59.5,,,57.4,,,60.0,72.3,,67.3,0,0,0,15,0,25,0,13,0
Adrian Hall Jr.,138117,ED,TENN TECH,7,0,0,309,59.0,,,,,,59.3,,,65.0,0,0,0,17,0,0,0,1,0
Gaston Haney,138118,DI,TENN TECH,11,0,0,309,59.2,,,,,,61.2,,,65.1,0,0,0,3,0,0,63,0,0
Nate Hodnett,138121,G,TENN TECH,10,0,0,309,,,72.1,,,,64.0,,,63.6,0,0,26,0,0,0,0,0,0
Collin Hudson,138123,S,TENN TECH,2,0,0,309,,,,,,,62.6,,,69.7,0,0,0,0,3,0,0,3,0
Tavian Johnson,138125,DI,TENN TECH,7,0,0,309,59.5,,,,,,60.3,,,66.4,0,0,0,9,0,0,0,1,0
Clark Lockerby,138128,LB,TENN TECH,1,0,0,309,60.0,,,,,,60.1,,,69.6,0,0,0,1,1,0,0,0,0
Ashton Maples,138129,WR,TENN TECH,4,0,0,309,,,,,,,64.2,,,73.0,0,0,0,0,0,6,0,14,0
Donoven McCallister,138130,S,TENN TECH,1,0,0,309,60.0,,,,,,60.0,,,61.5,0,0,0,1,0,0,0,0,0
D.J. Moyers,138131,TE,TENN TECH,10,0,0,309,,,69.5,,,,63.3,,,61.1,0,0,28,0,0,0,0,0,0
Hayden Olsen,138132,P,TENN TECH,11,0,0,309,,80.2,60.0,,44.7,,63.8,,49.9,76.4,2,2,35,0,34,0,40,0,0
Eli Orr,138133,LB,TENN TECH,1,0,0,309,60.0,,,,,,60.0,,,62.9,0,0,0,1,0,0,0,0,0
Daniel Rickert,138135,ED,TENN TECH,10,0,0,309,59.6,,,,,,60.4,,,66.5,0,0,0,27,0,0,0,2,0
Tanner Shiver,138137,WR,TENN TECH,8,0,0,309,,,60.0,,,,61.3,67.4,,66.8,0,0,3,0,0,1,0,33,0
Slayde Simmons,138138,S,TENN TECH,11,4,1,309,,,,61.8,,,73.0,,,30.9,1,2,0,0,40,63,59,46,4
Devin Squires,138139,ED,TENN TECH,10,0,0,309,58.7,,,,,,59.1,,,66.3,0,0,0,28,0,0,0,2,0
Nyquan Washington,138141,CB,TENN TECH,11,0,0,309,59.3,,,,,,68.6,,,60.2,3,1,0,50,43,1,16,53,6
Jacorrian Wrenn,138144,DI,TENN TECH,8,0,0,309,58.8,,,,,,59.9,,,68.8,0,0,0,19,0,0,0,3,0
Alex Andre,138145,CB,TENN MARTN,2,0,0,310,,,,,,,60.6,,,63.6,0,0,0,0,4,0,0,0,0
Mitchell Appleton,138146,G,TENN MARTN,2,0,0,310,,,60.0,,,,26.7,,,63.3,0,0,7,0,0,0,0,0,0
Oshae Baker,138147,CB,TENN MARTN,13,0,0,310,59.3,,,59.9,,,73.2,41.6,,82.1,1,0,0,56,32,9,57,29,6
Giovanni Davis,138152,ED,TENN MARTN,8,0,0,310,59.6,,,,,,61.5,,,67.9,0,0,0,20,0,0,0,8,0
Daylan Dotson,138154,DI,TENN MARTN,6,0,0,310,59.4,,,,,,60.7,,,67.1,0,0,0,5,0,0,0,5,0
Richie Griglione III,138159,TE,TENN MARTN,10,0,0,310,,,74.5,59.9,,,61.6,,,71.2,0,0,53,0,0,49,0,0,0
Matthan Hatchie,138162,C,TENN MARTN,3,0,0,310,,,65.5,,,,62.8,,,68.6,0,0,11,0,0,0,0,0,0
Andrew Henley,138163,WR,TENN MARTN,10,0,0,310,,,,59.9,,,60.4,54.1,,68.2,0,0,0,0,0,14,0,31,0
Xiere Howard,138166,LB,TENN MARTN,4,1,0,310,,,,,,,70.4,,,69.5,0,0,0,0,22,0,17,1,1
Antonio Jackson,138167,S,TENN MARTN,1,0,0,310,,,,,,,60.0,,,63.4,0,0,0,0,1,0,0,0,0
Lamar Morgan,138172,T,TENN MARTN,9,0,0,310,,,73.1,,,,64.5,,,67.9,0,0,47,0,0,0,0,0,0
AJ Moss,138173,S,TENN MARTN,3,1,0,310,59.9,,,,,,59.0,,,67.4,0,0,0,1,9,0,0,1,0
Erin Parker,138176,TE,TENN MARTN,4,0,0,310,,,62.2,,,,61.9,,,61.7,0,0,10,0,0,0,0,0,0
Anthony Prospere,138178,S,TENN MARTN,13,1,0,310,60.0,,,,,,64.6,,,73.2,0,0,0,7,45,67,0,2,0
Campbell Puckett,138179,C,TENN MARTN,1,0,0,310,,,60.0,,,,60.0,,,60.9,0,0,1,0,0,0,0,0,0
Zoe Roberts,138182,WR,TENN MARTN,1,0,0,310,,,,59.9,,,60.0,,,61.2,0,0,0,0,0,1,0,0,0
Shamari Weir,138188,LB,TENN MARTN,13,0,0,310,60.0,,,,,,69.8,,,79.5,0,0,0,1,73,58,63,3,5
Aron Whittle,138189,WR,TENN MARTN,2,0,0,310,,,,,,,57.2,,,66.6,0,0,0,0,0,4,0,0,0
LaVoise-Deontae McCoy,138192,S,ILL STATE,10,0,0,188,60.1,,,,,,64.3,,,56.6,1,1,0,4,39,46,0,36,2
Robert Parker-Crawford,138193,S,ILL STATE,1,0,0,188,,,,,,,62.5,,,70.8,0,0,0,0,8,2,1,5,0
Darius Walker,138196,LB,ILL STATE,1,0,0,188,,,,,,,60.0,,,62.3,0,0,0,0,1,0,0,0,0
Jeff Bowens,138200,CB,ILL STATE,10,0,0,188,,,,60.0,,,73.0,,,77.4,0,0,0,0,39,6,46,25,4
Javon Charles,138202,TE,ILL STATE,1,0,0,188,,,,,,,60.0,,,62.2,0,0,0,0,0,1,0,0,0
Peyton Cramer,138203,LS,ILL STATE,1,0,0,188,,,,,,75.6,61.1,,,61.9,0,0,0,0,0,0,1,0,0
Dillon Gearhart,138206,S,ILL STATE,8,1,0,188,60.1,,,,,,71.4,,,76.5,0,0,0,9,20,0,0,28,1
Michael Gomez,138207,DI,ILL STATE,9,0,0,188,58.5,,,,,,59.1,,,70.2,0,0,0,17,0,0,0,10,0
Keondre Jackson,138208,CB,ILL STATE,9,0,0,188,,,,,,,55.9,,,28.5,0,3,0,0,35,39,39,33,3
Brett Spaulding,138214,TE,ILL STATE,5,0,0,188,,,65.5,,,,60.5,,,67.5,0,0,16,0,0,21,0,0,0
Darrell Talley III,138215,LB,ILL STATE,2,0,0,188,,,,,,,60.5,,,63.8,0,0,0,0,2,0,0,0,0
TreShawn Watson,138218,WR,ILL STATE,9,0,0,188,,,,,,,63.8,,,77.8,0,0,0,0,35,39,1,0,0
Hunter Zambrano,138220,T,ILL STATE,9,0,0,188,,,71.9,,,,64.4,,,70.5,0,0,35,0,0,0,0,0,0
Spencer Grosz,138225,K,MO STATE,1,0,0,230,,,,,57.3,,60.0,,,67.0,0,0,0,0,3,0,0,0,0
Ron Tiavaasue,138227,TE,MO STATE,12,0,0,230,,,76.9,,,,73.3,,,86.4,1,0,71,0,64,59,0,0,1
Richard Agyekum,138228,CB,N DAKOTA,2,0,0,249,,,,,,,62.2,,,68.6,0,0,0,0,4,0,0,5,0
Ethan Ball,138229,S,N DAKOTA,8,0,0,249,,,,,,,68.8,,,77.7,0,0,0,0,8,4,0,27,0
Bo Belquist,138230,WR,N DAKOTA,4,0,0,249,,,,,,,67.6,,,68.6,0,0,0,0,0,1,11,0,1
Dylan Boecker,138231,LB,N DAKOTA,5,0,0,249,,,,,,,60.5,,,67.7,0,0,0,0,0,20,0,0,0
Ken Bohnenkamp,138232,TE,N DAKOTA,3,0,0,249,,,,,,,90.4,,,66.4,0,0,0,0,0,9,0,0,0
Sean Fenelon,138234,K,N DAKOTA,1,0,0,249,,,,,60.0,,60.0,,,64.2,0,0,0,0,1,0,0,0,0
Andrew Fenton,138235,C,N DAKOTA,4,0,0,249,,,63.8,,,,62.5,,,62.7,0,0,16,0,0,0,0,0,0
Peyton Fisher,138237,S,N DAKOTA,2,0,0,249,,,,,,,67.8,,,69.4,0,0,0,0,12,7,3,0,0
Kason Kelley,138240,LB,N DAKOTA,10,2,0,249,59.5,,,,,,81.2,,,76.2,0,0,0,2,51,5,0,35,3
Easton Kilty,138241,G,N DAKOTA,10,0,0,249,,,75.7,,,,64.6,,,67.9,0,0,45,0,0,0,35,0,0
Tommy Kimball,138242,LB,N DAKOTA,4,0,0,249,,,,,,,68.6,,,69.9,0,0,0,0,21,0,0,0,1
Devon Krzanowski,138244,LB,N DAKOTA,9,0,0,249,60.0,,,,,,62.5,,,66.3,0,0,0,31,0,6,0,12,0
Jack Kuntz,138245,T,N DAKOTA,3,0,0,249,,,65.8,,,,62.9,,,66.5,0,0,16,0,0,0,0,0,0
Craig Orlando,138249,DI,N DAKOTA,2,0,0,249,59.6,,,,,,61.0,,,68.3,0,0,0,1,0,0,0,2,0
Wyatt Pedigo,138250,LB,N DAKOTA,8,1,0,249,59.8,,,,,,67.1,,,72.2,0,0,0,1,44,13,0,12,0
Marcus Preston,138252,WR,N DAKOTA,6,0,0,249,,,,,,,61.1,,,71.6,0,0,0,0,1,0,21,11,0
Jake Richter,138253,WR,N DAKOTA,6,0,0,249,,,,59.9,,,60.0,,,72.8,0,0,0,0,0,25,15,2,0
Sam Robertson,138254,CB,N DAKOTA,6,0,0,249,59.9,,,,,,49.4,,,74.3,0,1,0,1,15,0,0,17,0
Adam Stage,138256,K,N DAKOTA,4,0,0,249,,59.5,,,,,60.6,,,65.3,0,0,19,0,0,0,0,0,0
Quinn Urwiler,138258,ED,N DAKOTA,7,0,0,249,59.9,,,,,,69.8,,,73.8,0,0,0,5,32,0,0,24,2
Jack Wright,138262,WR,N DAKOTA,3,0,0,249,,,,,,,63.2,,,66.9,0,0,0,0,1,0,0,8,0
Brayden Thomas,138266,ED,N DAK ST,12,0,0,250,59.4,,,,,,48.9,,,28.1,0,1,0,19,1,2,0,13,0
Hayden Amos,138268,G,N IOWA,5,0,0,255,,,69.0,,,,63.5,,,66.4,0,0,26,0,0,0,0,0,0
Blake Anderson,138269,T,N IOWA,1,0,0,255,,,60.0,,,,60.0,,,61.3,0,0,2,0,0,0,0,0,0
Jace Andregg,138270,LB,N IOWA,1,0,0,255,,,,,,,60.4,,,64.4,0,0,0,0,1,0,0,1,0
Ben Belken,138271,LB,N IOWA,7,0,0,255,60.0,,,,,,74.4,,,70.0,0,0,0,4,31,0,1,1,3
Stefan Black II,138272,CB,N IOWA,9,0,0,255,60.3,,,,,,47.2,,,28.5,0,2,0,23,19,0,34,38,0
Cannon Butler,138273,ED,N IOWA,1,0,0,255,59.6,,,,,,59.8,,,62.4,0,0,0,1,0,0,0,0,0
Jack Kriebs,138281,DI,N IOWA,2,0,0,255,59.5,,,,,,60.2,,,63.9,0,0,0,2,0,0,0,1,0
Cael Loecher,138283,P,N IOWA,1,0,0,255,,,,,,,60.0,,,63.4,0,0,0,0,1,0,0,0,0
Steven Arrell,138293,CB,S DAK ST,13,1,0,292,60.0,,,,,,67.2,,,79.9,1,0,0,3,77,4,0,57,1
Max Baloun,138294,DI,S DAK ST,2,0,0,292,59.5,,,,,,60.4,,,66.2,0,0,0,3,0,0,0,1,0
Dalys Beanum,138295,CB,S DAK ST,15,0,0,292,59.4,,,59.9,,,64.5,,,81.9,0,0,0,28,39,21,36,60,0
Devon Cole Jr.,138297,WR,S DAK ST,6,0,0,292,,,,,,,62.6,60.3,,68.7,0,0,0,0,6,0,0,14,0
A.J. Coons,138298,WR,S DAK ST,12,0,0,292,,,,,,,58.0,,,76.6,0,1,0,0,13,35,0,10,0
Isaiah Davis,138299,HB,S DAK ST,5,0,0,292,,,,,,,59.8,64.9,,65.4,0,0,0,0,0,6,0,8,0
Hunter Dustman,138300,P,S DAK ST,13,0,0,292,,,,,,,62.4,,63.0,72.7,0,0,0,0,0,0,35,0,0
Mitch Eichacker,138301,ED,S DAK ST,1,0,0,292,59.6,,,,,,59.8,,,62.0,0,0,0,1,0,0,0,0,0
Caleb Francl,138302,LB,S DAK ST,14,0,0,292,59.9,,,,,,66.6,,,90.3,5,0,0,7,90,38,42,62,8
Abe Hoskins III,138304,CB,S DAK ST,1,0,0,292,,,,,,,63.3,,,72.6,0,0,0,0,6,0,0,3,0
Randy Keumogne,138305,ED,S DAK ST,6,0,0,292,59.2,,,,,,61.7,,,66.9,0,0,0,5,10,0,0,0,0
Aaron Kusler,138306,LB,S DAK ST,3,1,0,292,59.9,,,,,,78.2,,,70.8,0,0,0,1,9,0,0,6,2
Adam Kusler,138307,LB,S DAK ST,14,0,0,292,60.1,,,,,,64.6,,,78.0,1,0,0,2,84,4,3,14,0
Jalen Lee,138309,G,S DAK ST,12,0,0,292,,,60.4,,,,61.8,,,64.9,0,0,5,0,0,0,37,0,0
Corben Mahaffy,138310,K,S DAK ST,1,0,0,292,,60.0,,,,,60.0,,,61.7,0,0,1,0,0,0,0,0,0
Daeton Mcgaughy,138311,S,S DAK ST,11,0,0,292,60.0,,,,,,60.0,,,29.1,0,2,0,2,75,37,21,52,3
Gus Miller,138312,G,S DAK ST,9,0,0,292,,,60.0,,,,60.9,,,66.1,0,0,1,0,0,0,24,0,0
Cale Reeder,138314,S,S DAK ST,15,2,0,292,60.0,,,61.8,,,57.9,,,29.6,2,2,0,32,72,19,29,30,2
Wyatt Seagren,138315,TE,S DAK ST,6,0,0,292,,,73.6,,,,64.4,,,64.5,0,0,47,0,0,0,0,0,0
Davion Sterner,138316,LB,S DAK ST,10,0,0,292,,,,,,,58.4,,,77.0,0,0,0,0,54,20,0,8,0
Hunter Allen,138326,ED,YNGTOWN ST,7,0,0,353,59.7,,60.0,,,,65.8,,,68.0,0,0,3,10,0,21,23,0,0
Demeatric Crenshaw,138332,QB,YNGTOWN ST,1,0,0,353,,,,,,,60.0,,,65.4,0,0,0,0,0,1,0,0,0
Deamontae Diggs,138335,TE,YNGTOWN ST,1,0,0,353,59.5,,,,,,59.7,,,63.8,0,0,0,2,0,0,0,0,0
Devin Johnson,138339,LB,YNGTOWN ST,9,0,0,353,59.8,,,,,,62.3,,,76.8,0,0,0,4,30,33,9,8,1
Tyjon Jones,138340,S,YNGTOWN ST,10,0,0,353,60.0,,,,,,53.2,,,28.7,0,1,0,26,10,0,0,8,0
Paddy Lynch,138342,P,YNGTOWN ST,10,0,0,353,,,,,,,62.3,,69.9,72.3,0,0,0,0,0,0,30,0,0
Keyon Martin,138344,CB,YNGTOWN ST,10,0,0,353,59.3,,,,,,62.7,,,72.4,0,0,0,36,7,0,0,19,0
Dawan Martin,138345,ED,YNGTOWN ST,4,0,0,353,60.2,,,,,,66.9,,,68.5,0,0,0,7,4,0,0,2,1
Jaleel McLaughlin,138346,HB,YNGTOWN ST,2,0,0,353,,,,59.9,,,60.0,,,62.9,0,0,0,0,0,2,0,0,0
Sam Merryman,138347,LS,YNGTOWN ST,10,1,0,353,,,76.8,,,67.6,67.2,,,67.0,0,0,39,0,0,0,52,0,0
David Metzler,138348,T,YNGTOWN ST,6,0,0,353,,,67.5,,,,63.1,,,65.3,0,0,23,0,0,0,0,0,0
Andrew Ogletree,138351,TE,YNGTOWN ST,10,0,0,353,60.0,,71.9,,,,64.2,,,67.8,0,0,39,1,0,44,11,0,0
Aidan Parker,138352,G,YNGTOWN ST,1,0,0,353,,,,,,,60.0,,,64.8,0,0,0,0,0,1,0,0,0
Logan Pasco,138353,LB,YNGTOWN ST,7,0,0,353,,,,,,,71.3,,,37.8,0,1,0,0,13,24,19,12,4
Amarian Robinson,138355,CB,YNGTOWN ST,8,0,0,353,59.7,,,,,,72.0,,,71.3,0,0,0,5,0,0,5,24,1
Gage Salyers,138356,S,YNGTOWN ST,10,0,0,353,59.9,,,,,,66.8,,,79.4,0,0,0,11,41,52,24,32,2
Brandan Serrano,138358,TE,YNGTOWN ST,5,0,1,353,,,66.4,,,,62.2,,,29.0,0,1,18,0,4,30,4,17,0
Michael Voitus,138361,TE,YNGTOWN ST,1,0,0,353,,,,,,,60.7,,,64.6,0,0,0,0,0,4,0,0,0
Michel Bergeron,138364,LS,DELWARE ST,11,0,0,152,,,84.2,,,91.6,80.8,,,67.3,1,0,43,0,0,0,64,0,2
Jeffery Broughton,138366,CB,DELWARE ST,2,0,0,152,,,,,,,60.9,,,65.7,0,0,0,0,1,0,0,2,0
Denzel Bryant,138367,G,DELWARE ST,2,0,0,152,,,60.0,,,,60.6,,,63.2,0,0,2,0,0,0,0,0,0
Edward Core,138368,WR,DELWARE ST,6,0,0,152,,,,59.9,,,58.9,,,68.3,0,0,0,0,0,23,0,0,0
Kevin Deshields,138369,DI,DELWARE ST,11,0,0,152,90.3,,24.6,,,,91.1,,,66.8,0,0,43,41,0,0,0,0,0
Rodrigo Escobar,138370,G,DELWARE ST,8,0,0,152,,,70.3,,,,63.9,,,69.2,0,0,22,0,0,0,0,0,0
Romell Harris-Freeman,138373,S,DELWARE ST,11,0,1,152,59.6,,,,,,61.2,,,29.7,0,1,0,37,0,0,0,61,0
Ron Holmes,138374,LB,DELWARE ST,11,0,0,152,60.2,,,,,,65.4,,,79.6,0,0,0,15,26,16,0,41,0
Isaiah Johnson,138377,CB,DELWARE ST,2,0,0,152,,,,,,,61.1,,,67.9,0,0,0,0,4,0,0,0,0
Traye Laster,138381,LB,DELWARE ST,9,1,0,152,,,,,,,79.2,,,69.8,0,0,0,0,33,0,3,1,5
Eric Montes,138384,ED,DELWARE ST,11,0,0,152,,,66.6,59.9,,,69.0,,,71.8,0,0,19,0,0,37,64,0,1
Myles Morales,138385,TE,DELWARE ST,2,0,0,152,,,60.0,,,,61.9,,,68.5,0,0,7,0,0,0,0,0,0
Matt Noll,138386,K,DELWARE ST,11,0,0,152,,59.4,64.1,,52.6,,63.6,,47.3,74.7,0,0,43,0,5,0,64,0,1
Aman Orlena,138387,T,DELWARE ST,2,0,0,152,,,60.7,,,,61.9,,,66.7,0,0,8,0,0,0,0,0,0
Omar Parker Jr.,138388,S,DELWARE ST,11,0,0,152,,,,,,,62.3,,,29.5,0,1,0,0,5,0,0,53,0
Sam Pearson,138389,T,DELWARE ST,4,0,0,152,,,64.0,,,,62.5,,,68.7,0,0,10,0,0,0,0,0,0
Jesus Robinson,138392,LB,DELWARE ST,8,0,0,152,,,,,,,55.4,,,28.1,0,1,0,0,23,2,0,1,0
Eric Shimko,138393,LB,DELWARE ST,3,0,0,152,,,,,,,62.6,,,66.0,0,0,0,0,10,0,0,0,0
Domonique Smith,138395,CB,DELWARE ST,1,0,0,152,,,,,,,60.0,,,62.1,0,0,0,0,1,0,0,0,0
Enrique Torres,138397,G,DELWARE ST,3,0,0,152,,,64.4,,,,62.3,,,62.5,0,0,9,0,0,0,0,0,0
Vince Vines,138398,WR,DELWARE ST,10,0,0,152,,,,,,,68.0,,,80.2,0,0,0,0,46,19,0,41,2
Aiden Weber,138399,LB,DELWARE ST,8,0,0,152,,,,,,,56.1,,,27.8,0,2,0,0,30,35,36,3,4
Sy'veon Wilkerson,138400,HB,DELWARE ST,1,0,0,152,,,,59.9,,,60.0,,,61.2,0,0,0,0,0,1,0,0,0
Coleon Williams,138401,CB,DELWARE ST,1,0,0,152,,,,,,,60.0,,,62.1,0,0,0,0,0,0,0,1,0
Isaiah Williams,138402,DI,DELWARE ST,9,0,0,152,58.9,,14.8,,,,30.0,,,68.3,0,0,28,8,0,0,0,8,0
Trey Alsbrooks,138403,LB,ELON,9,0,0,162,60.4,,,,,,66.3,,,71.4,1,0,0,35,34,0,0,12,3
Jaidyn Denis,138406,CB,ELON,10,0,0,162,59.6,,,,,,65.2,,,78.5,0,0,0,7,32,16,2,17,0
CJ Ford,138408,LB,ELON,10,1,0,162,59.8,,,,,,73.8,,,77.4,0,0,0,1,25,0,46,22,4
Malik Griffin,138410,HB,ELON,5,0,0,162,,,,58.2,,,61.5,,,69.5,0,0,0,0,0,15,0,4,0
Josh Johnson,138411,ED,ELON,10,0,0,162,58.8,,,,,,61.3,,,71.5,0,0,0,12,0,1,46,7,0
Caleb Krings,138412,G,ELON,9,0,0,162,,,62.6,,,,61.0,,,64.1,0,0,48,0,0,0,0,0,0
Daniel Moyer,138416,HB,ELON,3,0,0,162,,,,59.4,,,62.9,,,66.1,0,0,0,0,14,16,0,0,0
Arthur Nwandu,138418,TE,ELON,10,2,0,162,60.0,,73.7,,,,55.4,,,29.3,1,1,48,1,26,45,1,13,0
Cameron Orr,138419,T,ELON,2,0,0,162,,,60.2,,,,61.7,,,68.3,0,0,6,0,0,0,0,0,0
Chase Speicher,138422,S,ELON,3,0,0,162,,,,,,,61.7,,,71.1,0,0,0,0,0,2,0,6,0
Dylan Tucker,138424,CB,ELON,10,0,0,162,59.8,,,59.9,,,59.3,,,72.8,1,0,0,7,31,5,15,8,1
Marcus Brown,138425,ED,HOWARD,9,0,0,184,59.0,,,,,,59.1,,,65.1,0,0,0,17,0,0,0,3,0
Nasim Cooper,138426,CB,HOWARD,11,1,0,184,59.9,,,,,,63.8,,,85.1,0,0,0,13,50,54,21,36,5
Jack Forsyth,138427,T,HOWARD,10,0,0,184,,,,,,,61.1,,,67.6,0,0,0,0,0,0,55,0,0
Kenny Gallop Jr.,138428,S,HOWARD,11,0,0,184,59.6,,,,,,60.6,,,73.4,1,0,0,53,3,2,55,1,2
James Gore,138429,DI,HOWARD,2,0,0,184,59.1,,,,,,59.2,,,64.2,0,0,0,5,0,0,0,0,0
Kasey Hawthorne,138431,WR,HOWARD,1,0,0,184,,,,54.9,,,60.0,,,62.0,0,0,0,0,0,4,0,0,0
Carson Hinton,138432,CB,HOWARD,8,0,0,184,90.0,,,,,,89.2,60.6,,71.5,0,0,0,21,2,0,9,11,0
Chance Hollingsworth,138433,QB,HOWARD,11,0,0,184,,,65.7,,,,61.9,,,61.1,0,0,42,0,0,0,0,0,0
Jarett Hunter,138434,HB,HOWARD,3,0,0,184,,,,,,,64.5,,,71.3,0,0,0,0,1,0,5,0,1
Matthew McDonald,138437,WR,HOWARD,10,0,0,184,59.8,,,57.4,,,52.9,,,76.4,2,0,0,2,11,34,37,14,0
Cameron O'Neal,138439,TE,HOWARD,6,0,0,184,,,64.8,59.4,,,61.7,,,66.4,0,0,18,0,0,20,0,0,0
Chris Sumners,138442,ED,HOWARD,10,0,0,184,59.2,,,,,,62.9,,,71.0,0,0,0,13,0,7,0,33,0
Kaelon Black,138448,HB,JAMES MAD,3,0,0,197,,,,66.5,,,75.1,,,65.1,0,0,0,0,8,6,0,0,1
Xavier Cokley,138452,CB,JAMES MAD,7,0,0,197,,,,,,,65.5,,,73.4,0,0,0,0,18,0,0,26,0
Chase Lundy,138456,CB,JAMES MAD,6,3,0,197,,,,,,,73.6,,,74.8,1,0,0,0,19,0,17,25,2
Sammy Malignaggi,138458,CB,JAMES MAD,13,2,0,197,59.9,,,58.7,,,69.5,,,28.9,0,2,0,1,98,39,21,16,6
Kelly Mitchell,138459,TE,JAMES MAD,5,0,0,197,,,67.6,,,,63.1,,,63.3,0,0,25,0,0,1,0,0,0
Seth Naotala,138461,LB,JAMES MAD,10,0,0,197,60.0,,,,,,75.2,,,74.3,0,0,0,1,81,7,8,9,5
Cole Potts,138463,G,JAMES MAD,13,0,0,197,,,77.8,,,,65.7,,,68.0,0,0,85,0,0,0,0,0,0
Peyton Rutherford,138465,HB,JAMES MAD,3,0,0,197,,,,,,,59.3,,,66.2,0,0,0,0,0,8,0,0,0
Tyler Stephens,138468,T,JAMES MAD,9,0,0,197,,,26.7,,,,47.6,,,73.8,0,0,50,0,0,0,0,0,0
Antonio Webb,138469,CB,JAMES MAD,1,0,0,197,,,,,,,60.0,,,63.7,0,0,0,0,1,0,0,0,0
Antwane Wells Jr.,138470,WR,JAMES MAD,2,0,0,197,,,,,,,60.0,,,62.8,0,0,0,0,0,3,0,0,0
Tyshawn Wyatt,138471,G,JAMES MAD,13,0,0,197,,,80.5,,,,67.2,,,74.2,0,0,89,0,0,0,0,0,0
Treyvon Branch,138505,T,MORGAN ST,9,0,0,235,,,70.5,,,,60.3,,,68.1,0,0,25,0,0,0,5,0,0
Danny Chaudhry,138507,ED,MORGAN ST,5,0,0,235,59.3,,,,,,59.4,,,63.9,0,0,0,6,0,0,0,0,0
Kaleb Coleman,138508,S,MORGAN ST,10,0,0,235,59.5,,,,,,51.8,,,29.4,0,1,0,45,15,15,0,22,1
Carlvainsky Decius,138510,CB,MORGAN ST,9,1,0,235,59.3,,,,,,64.8,,,75.8,0,0,0,36,5,15,0,21,0
Romello Kimbrough,138515,HB,MORGAN ST,6,0,0,235,,,,,,,67.3,,,69.9,0,0,0,0,0,8,30,0,2
Devon Mondy,138516,WR,MORGAN ST,5,0,0,235,,,,,,,63.7,,,73.8,0,0,0,0,1,1,4,18,0
James Reddick III,138519,T,MORGAN ST,3,0,0,235,,,60.0,,,,60.1,,,68.1,0,0,5,0,0,0,1,0,0
Ahmeen Reese,138520,C,MORGAN ST,8,0,0,235,,,68.2,,,,59.2,,,69.0,0,0,16,0,0,0,5,0,0
Krysten Riley-Richardson,138521,HB,MORGAN ST,4,0,0,235,,,,,,,66.0,,,31.0,0,1,0,0,0,18,20,10,1
Elijah Williams,138526,ED,MORGAN ST,10,0,0,235,59.2,,,,,,57.3,,,73.6,0,0,0,45,4,40,19,0,1
Sheldon Arnold II,138981,S,E TENN ST,13,0,0,157,,,,63.5,,,46.0,,,27.7,1,3,0,0,45,58,4,49,2
Macho Arza,138982,WR,E TENN ST,3,0,0,157,,,62.9,,,,61.3,,,60.9,0,0,19,0,0,0,0,0,0
Nate Brackett,138983,P,E TENN ST,9,0,0,157,,,,,,,62.7,,51.2,73.0,0,0,0,0,0,0,38,0,1
Deven Brantley,138984,ED,E TENN ST,1,0,0,157,59.6,,,,,,61.0,,,90.0,0,0,0,1,0,0,0,1,0
Desmond Dailey,138988,CB,E TENN ST,6,0,0,157,60.0,,,,,,63.1,,,77.0,0,0,0,1,22,0,2,15,1
Daniel Davila,138989,LB,E TENN ST,1,0,0,157,,,,,,,60.6,,,63.4,0,0,0,0,2,0,0,0,0
Timmy Dorsey,138990,DI,E TENN ST,10,0,0,157,57.6,,,,,,57.7,,,69.8,0,0,0,31,0,0,0,5,0
Tylik Edwards,138991,CB,E TENN ST,6,0,0,157,,,,,,,64.0,,,73.4,0,0,0,0,0,0,0,19,0
Trey Foster,138994,HB,E TENN ST,9,1,0,157,,,,54.6,,,60.1,,,29.2,1,1,0,0,40,44,0,14,4
Chris Hope,138995,S,E TENN ST,13,0,0,157,60.0,,,,,,64.7,,,45.0,0,1,0,1,62,60,0,49,3
Bryson Irby,138996,HB,E TENN ST,13,0,0,157,,,,59.9,,,69.3,,,71.9,0,0,0,0,0,60,47,0,1
Jaylon Jones,138998,LB,E TENN ST,2,1,0,157,,,,,,,68.7,,,68.4,0,0,0,0,3,0,0,5,0
Chandler Martin,139005,LB,E TENN ST,5,2,0,157,60.0,,,,,,68.9,,,69.1,0,0,0,2,23,0,3,9,0
Cade Maupin,139006,LB,E TENN ST,6,0,0,157,,,,,,,62.0,,,73.8,0,0,0,0,2,30,1,0,0
Jaiden Abbott-Miles,139008,DI,E TENN ST,2,0,0,157,58.7,,,,,,58.6,,,63.5,0,0,0,6,0,0,0,0,0
George Odimegwu,139010,CB,E TENN ST,1,0,0,157,,,,,,,61.7,,,67.8,0,0,0,0,0,0,0,4,0
Trey Richburg,139011,DI,E TENN ST,1,0,0,157,59.4,,,,,,59.7,,,63.1,0,0,0,1,0,0,0,0,0
Colton Webb,139016,DI,E TENN ST,1,0,0,157,,,,,,,60.0,,,62.7,0,0,0,0,0,1,0,0,0
Nolan Wishon,139017,G,E TENN ST,1,0,0,157,,,,,,,60.1,,,61.5,0,0,0,0,0,0,2,0,0
Julian Ashby,139018,LS,FURMAN,11,0,0,170,,,86.6,,,82.8,76.4,,,67.0,1,0,53,0,0,0,54,0,4
Nick Cannon,139020,WR,FURMAN,3,0,0,170,,,,,,,63.4,,,71.9,0,0,0,0,7,5,0,12,0
Lex Capitano,139021,WR,FURMAN,1,0,0,170,,,,,,,60.0,,,63.1,0,0,0,0,0,1,0,0,0
Luke Clark,139022,ED,FURMAN,11,0,0,170,,,71.3,59.9,,,67.7,,,74.1,0,0,35,0,29,33,0,26,1
Dylan Davis,139024,T,FURMAN,11,0,0,170,,,74.1,,,,64.6,,,66.9,0,0,53,0,0,0,0,0,0
Evan DiMaggio,139025,LB,FURMAN,11,0,0,170,,,73.9,,,,64.9,,,75.2,3,0,51,0,52,1,4,36,4
Kelton Gunn,139027,WR,FURMAN,6,0,0,170,,,,59.6,,,71.3,,,71.7,1,0,0,0,2,8,27,0,2
Bailor Hughes,139031,WR,FURMAN,6,2,0,170,,,,,,,69.7,,,73.1,0,0,0,0,5,13,0,26,0
Jeremiah Jackson,139033,ED,FURMAN,1,0,0,170,59.1,,,,,,59.2,,,64.3,0,0,0,4,0,0,0,1,0
Seth Johnson,139034,DI,FURMAN,10,0,0,170,,,,,,,63.6,,,67.5,0,0,0,0,0,0,50,0,1
Ryan Leavy,139035,P,FURMAN,1,0,0,170,,,60.0,,,,60.0,,,60.2,0,0,1,0,0,0,0,0,0
Axel Lepvreau,139036,K,FURMAN,11,0,0,170,,60.0,,,70.5,,63.4,,,77.1,0,0,1,0,58,0,0,0,0
Jack Rhodes,139040,S,FURMAN,11,1,0,170,60.0,,,,,,55.3,,,43.6,2,1,0,2,58,53,2,45,1
Caden Richards,139041,S,FURMAN,10,0,0,170,60.1,,,,,,65.8,,,29.9,0,1,0,18,54,48,0,4,5
Micah Robinson,139042,CB,FURMAN,11,0,0,170,59.4,,,,,,69.4,,,76.1,0,0,0,24,50,2,2,15,3
Kendall Thomas,139045,HB,FURMAN,6,0,0,170,,,,53.8,,,60.7,,,69.3,0,0,0,0,2,23,1,9,0
E.J. Wilson,139048,G,FURMAN,11,0,0,170,,,76.5,,,,65.1,,,72.0,0,0,52,0,0,0,33,0,0
Ivan Yates,139049,CB,FURMAN,3,0,0,170,59.5,,,,,,65.5,,,73.2,0,0,0,15,10,0,0,1,1
Ty Youngblood,139050,LB,FURMAN,2,0,0,170,60.0,,,,,,60.4,,,62.4,0,0,0,3,1,0,0,0,0
Myles Jones,139053,ED,MERCER,2,0,0,219,,,62.3,,,,62.6,,,69.9,0,0,11,0,3,0,1,1,0
Kainalu Pu'u Robinson,139054,S,MERCER,10,1,0,219,59.9,,,,,,79.2,,,79.8,1,0,0,3,54,17,1,39,7
Parker Wroble,139055,WR,MERCER,4,0,0,219,,,,59.1,,,60.1,,,63.9,0,0,0,0,0,5,0,0,0
Jabari Brooks,139059,G,SAMFORD,11,0,0,282,,,79.4,,,,66.1,,,64.5,0,0,67,0,0,0,0,0,0
Zach Brown,139060,T,SAMFORD,11,0,0,282,,,75.6,,,,64.9,,,66.2,0,0,67,0,0,0,0,0,0
Josiah Cotton,139066,LB,SAMFORD,11,0,0,282,59.8,,,,,,68.1,,,78.2,2,0,0,19,54,48,4,44,8
Donovan Hawkins,139072,G,SAMFORD,3,0,0,282,,,69.6,,,,63.8,,,70.2,0,0,20,0,0,0,0,0,0
Hakeem Johnson,139075,CB,SAMFORD,8,0,0,282,59.4,,,,,,64.4,,,73.7,0,0,0,26,3,0,0,4,0
Johnny Johnson,139076,ED,SAMFORD,6,0,0,282,58.6,,,,,,45.2,,,27.1,0,1,0,20,0,0,0,2,0
Miller Karrh,139077,CB,SAMFORD,1,0,0,282,60.0,,,,,,60.0,,,61.7,0,0,0,1,0,0,0,0,0
Kourtlan Marsh,139078,S,SAMFORD,11,1,0,282,60.0,,,,,,77.9,,,74.3,0,0,0,10,39,23,0,19,2
Noah Martin,139079,LB,SAMFORD,11,2,0,282,59.6,,,,,,79.5,60.3,,74.2,1,0,0,58,70,5,11,31,6
J.T. May,139081,ED,SAMFORD,5,0,0,282,59.1,,64.7,,,,61.3,,,65.9,0,0,14,6,0,3,0,1,0
Bryson Mullins,139083,CB,SAMFORD,1,0,0,282,59.9,,,,,,60.0,,,63.5,0,0,0,1,0,0,0,0,0
Mitchell Owen,139084,CB,SAMFORD,10,0,0,282,,,,,,,56.6,,,71.4,1,0,0,0,32,23,1,0,1
Jacob Peters,139086,CB,SAMFORD,11,0,0,282,59.9,,,61.8,,,65.6,,,54.4,0,1,0,1,79,75,24,43,5
Shelton Quarles Jr.,139089,S,SAMFORD,8,0,0,282,60.0,,,,,,47.3,,,71.2,0,0,0,1,19,14,0,7,0
Wade White,139093,S,SAMFORD,11,0,0,282,60.0,,,61.8,,,69.4,,,80.1,0,0,0,5,33,53,0,43,3
Stephen Castle,139097,DI,VA MILT IN,2,0,0,336,60.0,,,,,,60.1,,,63.0,0,0,0,2,0,0,0,0,0
Andre Cooper II,139099,WR,VA MILT IN,3,0,0,336,,,,,,,58.7,,,62.8,0,0,0,0,0,3,1,0,0
Jack Culbreath,139100,P,VA MILT IN,11,0,0,336,,,,,58.8,,64.6,,57.1,79.6,0,0,0,0,66,0,41,0,1
Julio DaSilva,139101,WR,VA MILT IN,11,0,0,336,,,,,,,65.5,,,36.1,4,1,0,0,54,3,44,42,5
Christian Dunn,139103,ED,VA MILT IN,11,0,0,336,59.3,,,,,,61.0,,,72.9,0,0,0,52,9,0,27,4,0
Evan Eller,139104,S,VA MILT IN,11,0,0,336,59.9,,,60.1,,,64.1,,,75.5,1,0,0,15,64,17,0,26,6
Collin Ironside,139107,QB,VA MILT IN,1,0,0,336,,,,,,,60.0,,60.0,63.3,0,0,0,0,0,0,1,0,0
VJ Johnson,139109,WR,VA MILT IN,6,0,0,336,,,,59.9,,,48.0,,,28.1,0,1,0,0,0,12,1,19,0
Josh Knapp,139110,S,VA MILT IN,11,0,0,336,60.5,,,,,,66.5,,,87.0,2,0,0,55,52,1,0,4,4
Chance Knox,139111,WR,VA MILT IN,4,0,0,336,,,,68.7,,,60.0,60.7,,66.8,0,0,0,0,0,20,0,19,0
Connor McCarthy,139113,S,VA MILT IN,1,0,0,336,,,,,,,60.0,,,62.4,0,0,0,0,1,0,0,0,0
Alex Oliver,139116,CB,VA MILT IN,11,1,0,336,60.0,,,,,,63.9,69.0,,71.5,0,0,0,54,35,8,0,33,0
Rashad Raymond,139121,HB,VA MILT IN,11,0,0,336,,,,,,,53.7,,,35.4,0,1,0,0,21,63,2,34,0
Will Reid,139122,T,VA MILT IN,3,0,0,336,,,65.0,,,,62.7,,,65.7,0,0,14,0,0,0,0,0,0
Mark Shelton,139124,HB,VA MILT IN,3,0,0,336,,,,,,,61.5,,,66.7,0,0,0,0,1,3,0,4,0
Tahj Summey,139125,CB,VA MILT IN,7,0,0,336,59.8,,,,,,63.9,,,71.8,0,0,0,5,1,0,0,19,0
Grant Swinehart,139126,HB,VA MILT IN,2,0,0,336,,,,,,,61.8,,,70.2,0,0,0,0,8,5,3,4,0
Aidan Twombly,139127,TE,VA MILT IN,11,0,0,336,,,73.8,,,,62.0,,,40.8,0,1,49,0,1,63,2,26,0
Shane Washko,139128,TE,VA MILT IN,8,0,0,336,,,73.1,,,,64.9,,,72.5,0,0,43,0,0,3,0,0,0
Austin White,139129,S,VA MILT IN,10,2,0,336,60.1,,,,,,64.6,,,73.6,1,0,0,13,41,0,1,32,1
Rod Gattison,139132,CB,W CAROLINA,9,1,0,344,59.6,,,,,,63.7,,,51.9,1,1,0,23,0,3,45,30,0
Timothy Jamison,139135,ED,W CAROLINA,8,0,0,344,58.9,,,,,,60.5,,,67.5,0,0,0,16,0,1,0,6,0
Wyatt Bartkowiak,139138,TE,WOFFORD,5,0,0,350,,,64.5,,,,62.1,,,68.7,0,0,15,0,0,11,0,0,0
John Boyles,139139,LB,WOFFORD,6,0,0,350,60.0,,,,,,56.8,,,66.9,1,0,0,3,14,0,30,2,0
Bryce Corriston,139140,QB,WOFFORD,8,0,0,350,,,64.2,,,,61.6,,,61.0,0,0,28,0,0,0,0,0,0
Santana Curtis,139141,S,WOFFORD,3,0,0,350,,,60.0,,,,62.1,,,70.0,0,0,2,0,7,0,7,3,0
Dillon Droze,139143,TE,WOFFORD,2,0,0,350,,,60.0,,,,61.0,,,66.6,0,0,4,0,0,0,0,0,0
Cecil Fisher,139144,T,WOFFORD,1,0,0,350,,,60.0,,,,60.5,,,63.4,0,0,2,0,0,0,0,0,0
Jaheem Hazel,139146,CB,WOFFORD,11,1,0,350,59.3,,,,,,58.3,,,73.6,2,0,0,39,43,0,9,5,1
Alec Holt,139147,WR,WOFFORD,2,0,0,350,,,,59.9,,,59.8,,,64.3,0,0,0,0,0,5,0,0,0
Ryan Ingram,139148,HB,WOFFORD,6,0,0,350,,,67.2,,,,69.8,,,70.6,0,0,20,0,16,10,0,10,2
Will Jordan,139149,WR,WOFFORD,7,0,0,350,,,,,,,61.7,,,71.6,0,0,0,0,0,18,0,9,0
Briggs Kearse,139150,G,WOFFORD,7,0,0,350,,,69.4,,,,63.7,,,69.6,0,0,24,0,0,0,0,0,0
David Legette,139153,HB,WOFFORD,2,0,0,350,,,,,,,59.9,,,68.8,0,0,0,0,0,0,7,2,0
John Michael DiRoberto,139154,S,WOFFORD,11,0,0,350,59.7,,,,,,60.4,,,79.8,0,0,0,29,11,12,56,29,0
Harrison Morgan,139155,LB,WOFFORD,11,1,0,350,60.3,,,,,,64.4,,,79.8,0,0,0,31,24,68,24,9,1
Atkins Roberts,139156,P,WOFFORD,11,1,1,350,,,60.6,,56.0,,64.3,,38.5,78.5,0,2,10,0,46,0,53,0,3
Chuck Smith,139157,ED,WOFFORD,11,0,0,350,58.6,,,,,,59.6,,,69.2,0,0,0,34,0,0,0,7,0
Garrett Vernon,139158,WR,WOFFORD,4,0,0,350,,,,63.5,,,72.0,,,72.8,1,0,0,0,18,17,13,1,4
Isaiah Wadsworth,139159,CB,WOFFORD,3,0,0,350,59.5,,,,,,60.4,,,67.9,0,0,0,10,0,0,0,1,0
Cameron Woolery,139160,DI,WOFFORD,9,0,0,350,58.6,,,,,,59.7,,,67.4,0,0,0,12,0,0,0,4,0
Jake Alexander,139161,LB,DAVIDSON,11,0,0,149,87.1,,71.8,,,62.1,90.2,,,76.0,0,0,27,33,0,0,2,16,1
Nick Baker,139163,CB,DAVIDSON,10,2,0,149,59.9,,,,,,75.5,,,53.1,1,1,0,1,60,51,21,6,7
Cameo Blankenship,139165,ED,DAVIDSON,1,0,0,149,,,,,,,60.0,,,63.2,0,0,0,0,0,0,1,0,0
Jaylon Bolden,139166,CB,MURRAY ST,4,1,0,236,,,,,,,61.0,,,70.2,1,0,0,0,11,13,0,9,1
Caden Bonoffski,139167,K,DAVIDSON,11,0,0,149,,66.4,,,37.7,,63.8,,,76.2,0,0,63,0,70,0,0,0,0
Jordan Burrell,139172,CB,DAVIDSON,11,1,0,149,59.5,,,,,,63.3,,,39.0,1,1,0,23,27,4,2,19,4
Will Cox,139175,HB,DAVIDSON,4,0,0,149,,,,,,,49.4,,,26.9,0,1,0,0,10,9,0,1,1
Miles Davis,139177,LB,DAVIDSON,11,0,0,149,59.6,,,,,,65.5,,,77.4,0,0,0,24,17,0,0,16,0
Luca Dellosa,139179,G,DAVIDSON,10,0,0,149,,,74.9,,,,64.9,,,66.2,0,0,56,0,0,0,0,0,0
Cole Foley,139182,T,DAVIDSON,11,0,0,149,,,76.2,,,,65.8,,,74.5,0,0,63,0,0,0,1,0,0
James Gilreath III,139184,TE,DAVIDSON,1,0,0,149,,,,,,,60.0,,,62.3,0,0,0,0,1,0,0,0,0
Jonathan Hammond,139187,ED,DAVIDSON,11,0,0,149,60.2,,,,,,65.2,,,80.8,0,0,0,36,0,0,0,21,0
Daniel Harrington,139188,ED,DAVIDSON,1,0,0,149,60.0,,,,,,60.0,,,62.9,0,0,0,1,0,0,0,0,0
Aris Hilliard,139190,TE,DAVIDSON,1,0,0,149,,,,,,,60.0,,,64.4,0,0,0,0,0,1,0,0,0
Dreylan Hines,139191,S,DAVIDSON,10,0,0,149,59.6,,,,,,64.4,,,77.3,0,0,0,38,0,0,0,19,0
Aaron Hopkins,139193,T,DAVIDSON,7,0,0,149,,,71.1,,,,63.9,,,66.0,0,0,38,0,0,0,0,0,0
Brian Jacobs,139195,S,DAVIDSON,10,0,0,149,60.2,,,54.1,,,62.6,38.6,,73.6,0,0,0,22,5,9,0,16,0
Quentin James,139196,CB,DAVIDSON,10,0,0,149,59.5,,,,,,69.0,,,79.5,0,0,0,16,30,19,9,8,3
Jalen Jefferson,139197,LB,DAVIDSON,10,0,0,149,59.9,,,,,,65.9,,,87.6,0,0,0,30,0,0,0,14,0
Kaedon Jenkins,139198,CB,DAVIDSON,11,0,0,149,59.2,,60.0,59.9,,,64.0,,,81.0,0,0,3,42,3,2,0,22,0
Collin Johnson,139199,CB,DAVIDSON,8,0,0,149,59.6,,,,,,59.0,,,29.3,0,1,0,4,42,4,0,4,1
Beck Kipperman,139203,T,DAVIDSON,2,0,0,149,,,63.3,,,,62.4,,,67.6,0,0,11,0,0,0,0,0,0
Mark McCurdy,139204,WR,DAVIDSON,6,0,0,149,,,,58.4,,,59.6,,,67.0,1,0,0,0,9,21,0,0,3
Trey Messer,139206,WR,DAVIDSON,3,0,0,149,,,,,,,60.7,,,68.8,0,0,0,0,1,8,0,0,0
Khalil Miller,139207,G,DAVIDSON,11,0,0,149,,,78.8,,,,60.8,,,28.6,0,1,62,0,0,0,0,0,0
Ryan Moog,139209,DI,DAVIDSON,10,0,0,149,59.8,,,,,,61.9,,,75.5,0,0,0,1,0,11,23,3,0
Connor Norwood,139213,LB,DAVIDSON,11,2,0,149,59.9,,,,,,71.4,,,83.4,1,0,0,1,68,40,19,8,6
Bradyn Oakley,139214,HB,DAVIDSON,9,0,0,149,,,,67.7,,,49.0,,,29.6,0,1,0,0,24,40,0,0,0
Chibuike Odo,139215,ED,DAVIDSON,8,0,0,149,59.6,,,,,,61.3,,,67.6,0,0,0,24,0,0,0,11,0
Chris Panko,139217,LB,DAVIDSON,11,0,0,149,60.0,,,,,,81.5,,,44.5,0,1,0,4,59,25,18,7,9
Jaden Pask,139218,LB,DAVIDSON,8,1,0,149,59.7,,45.5,,,0.0,33.9,,,72.3,0,0,36,17,0,0,15,9,0
Tyler Payne,139219,T,DAVIDSON,1,0,0,149,,,60.0,,,,60.8,,,62.7,0,0,4,0,0,0,0,0,0
Jerrad Price,139221,DI,DAVIDSON,11,0,0,149,58.8,,67.1,,,,61.9,,,69.5,0,0,15,11,0,3,22,4,0
Evan Pritchard,139222,P,DAVIDSON,10,0,0,149,,,61.3,,60.0,,62.1,,56.4,70.4,0,0,12,0,1,0,23,0,0
Chris Quiroga,139223,G,DAVIDSON,5,0,0,149,,,69.3,,,,63.8,,,70.5,0,0,19,0,0,0,0,0,0
Lucas Raber,139224,TE,DAVIDSON,10,0,0,149,,,76.3,,,,66.3,,,76.4,0,0,60,0,0,0,0,0,0
Jordan Reed,139225,DI,DAVIDSON,9,0,0,149,58.5,,,,,,60.5,,,70.7,0,0,0,32,0,0,0,16,0
Jax Sherrard,139229,TE,DAVIDSON,10,0,0,149,,,75.4,,,,58.4,,,28.7,0,1,60,0,3,9,0,0,0
David Sohn,139230,S,DAVIDSON,3,0,0,149,60.0,,,,,,68.5,,,69.2,0,0,0,2,14,14,0,4,2
Tyler Solomon,139231,ED,DAVIDSON,4,0,0,149,59.9,,,,,,60.2,,,66.5,0,0,0,5,12,0,0,1,1
Yusef Thomas,139234,LB,DAVIDSON,10,1,0,149,59.5,,,,,,60.1,,,50.7,1,1,0,17,43,30,23,14,3
Chris Turberville,139235,C,DAVIDSON,1,0,0,149,,,60.0,,,,61.5,,,63.4,0,0,7,0,0,0,0,0,0
Bernard Turner Jr.,139236,HB,DAVIDSON,10,0,0,149,,,,59.9,,,49.9,,,74.3,3,0,0,0,57,48,19,7,2
Eli Turner Jr.,139237,HB,DAVIDSON,4,0,0,149,,,,70.9,,,61.3,,,69.7,0,0,0,0,1,9,0,0,0
Cade Vela,139238,S,DAVIDSON,11,0,0,149,60.4,,,,,,64.8,,,80.2,0,0,0,21,6,7,0,7,0
Jayden Waddell,139239,WR,DAVIDSON,6,0,0,149,,,,62.3,,,60.7,,,67.4,0,0,0,0,3,17,0,0,0
Aaron Warren,139240,DI,DAVIDSON,8,0,0,149,58.7,,,,,,60.9,,,72.2,0,0,0,26,0,0,0,13,0
Tyreece White,139242,ED,DAVIDSON,9,0,0,149,59.8,,,,,,64.0,,,81.0,0,0,0,15,0,0,0,9,0
Jack Wiese,139243,LB,DAVIDSON,11,0,0,149,,,,,,,72.4,,,77.8,0,0,0,0,68,35,12,6,3
Tyrese Brown,139318,HB,INCAR WORD,11,0,0,189,,,,,,,58.6,,,80.4,2,1,0,0,26,59,35,42,2
Javien Adams,139324,S,JACKSON ST,3,0,0,194,60.0,,,,,,60.9,,,67.4,0,0,0,2,0,3,7,1,0
Paxton Branning,139328,P,JACKSON ST,9,0,0,194,,,83.7,,,89.3,75.4,,,66.4,0,0,41,0,0,0,42,0,0
Ke'Shawn Brinkley,139329,ED,JACKSON ST,1,0,0,194,59.7,,,,,,60.0,,,64.4,0,0,0,4,0,0,0,0,0
Tredarius Carr,139330,DI,JACKSON ST,5,0,0,194,59.2,,,,,,59.3,,,64.2,0,0,0,12,0,0,0,0,0
Jakob Cunningham,139331,G,JACKSON ST,12,0,0,194,,,75.5,,,,65.7,,,76.1,0,0,59,0,0,0,0,0,0
Daelyn Dunn,139332,ED,JACKSON ST,6,0,0,194,59.7,,,,,,63.2,,,66.5,0,0,0,1,19,0,1,0,0
Charlton Goodell,139333,ED,JACKSON ST,2,0,0,194,59.2,,,,,,59.3,,,64.4,0,0,0,6,0,0,0,0,0
Deontae Graham,139334,T,JACKSON ST,9,0,0,194,,,75.0,,,,64.8,,,65.4,0,0,39,0,0,0,0,0,0
Kaleb Graham,139335,C,JACKSON ST,2,0,0,194,,,64.2,,,,62.5,,,68.1,0,0,9,0,0,0,0,0,0
Trey Lockhart Jr.,139341,CB,JACKSON ST,3,0,0,194,59.8,,,,,,62.1,,,67.2,0,0,0,4,0,2,0,6,0
Lane McGregor,139343,P,JACKSON ST,12,0,0,194,,,67.0,,,,62.8,,51.5,68.9,0,0,59,0,0,0,28,0,0
Glenn Misiak,139345,K,JACKSON ST,8,0,0,194,,50.9,,,,,61.0,,,66.2,0,0,35,0,0,0,0,0,0
John Mitchell,139346,C,JACKSON ST,1,0,0,194,,,60.0,,,,61.8,,,68.8,0,0,6,0,0,0,0,0,0
Desmond Moultrie,139348,HB,JACKSON ST,7,0,0,194,,,,,,,59.1,,,77.6,0,1,0,0,0,20,2,32,0
Anthony Petty,139352,CB,JACKSON ST,12,0,0,194,89.6,,,,,,81.5,,,44.5,0,1,0,26,58,39,0,73,4
Joshua Rice,139354,WR,BETH COOK,4,0,0,119,,,,,,,47.0,,,69.3,2,0,0,0,13,9,0,4,1
De'Jahn Warren,139361,CB,JACKSON ST,7,0,0,194,59.7,,,49.6,,,61.3,,,69.6,0,0,0,12,0,11,0,15,0
Tyrique Carter,139370,WR,LAMAR,5,0,0,204,,,,,,,61.4,,,70.5,0,0,0,0,4,19,7,3,0
Jeremy Davis,139373,TE,LAMAR,10,0,0,204,,,69.4,,,,70.6,,,67.0,0,0,27,0,0,0,51,0,2
Jacoby Davis,139374,WR,LAMAR,7,0,0,204,,,66.0,,,,63.4,,,74.2,0,0,17,0,1,14,7,14,0
Jacob Dicharry,139375,T,LAMAR,9,0,0,204,,,69.6,,,,63.6,,,71.9,0,0,27,0,0,0,29,0,0
Jalen Freeman,139380,LB,LAMAR,9,0,0,204,59.3,,,,,,65.5,,,72.2,0,0,0,12,7,13,29,12,0
Devyn Gibbs,139381,TE,LAMAR,3,0,0,204,,,,,,,62.6,,,73.0,0,0,0,0,0,16,2,12,0
Sterling Herrington,139384,TE,LAMAR,10,0,0,204,,,60.0,59.4,,,56.0,,,28.6,1,2,3,0,36,53,54,23,4
Rodney Higdon,139385,S,LAMAR,8,0,0,204,59.8,,,,,,61.4,,,69.3,0,0,0,24,6,7,0,0,0
Jaylon Jackson,139386,HB,LAMAR,7,0,0,204,,,,62.0,,,59.1,,,63.9,0,0,0,0,0,39,0,0,0
Austin Kennedy,139387,LB,LAMAR,3,0,0,204,60.0,,,,,,59.2,,,66.0,0,0,0,2,0,0,8,0,0
Devon King,139388,G,LAMAR,8,0,0,204,,,72.0,,,,64.4,,,71.1,0,0,28,0,0,0,0,0,0
Caimyn Layne,139389,LB,LAMAR,9,0,0,204,59.9,,,,,,65.3,,,71.8,0,0,0,27,5,0,0,3,1
Jack McCarthy,139393,DI,LAMAR,10,0,0,204,58.0,,,,,,63.3,,,69.9,0,0,0,31,0,0,16,2,1
Alex Meeks,139394,S,LAMAR,7,0,0,204,,,,,,,48.6,,,29.7,1,1,0,0,17,7,0,17,1
Tylo Phillips,139397,DI,LAMAR,6,0,0,204,58.4,,,,,,59.4,,,71.0,0,0,0,26,0,0,0,4,0
Jaxon Richards,139399,DI,LAMAR,1,0,0,204,59.7,,,,,,60.0,,,61.8,0,0,0,1,0,0,0,0,0
Vencent Rockwell,139400,LB,LAMAR,9,0,0,204,60.0,,,,,,63.5,,,73.9,0,0,0,19,0,0,9,13,0
Vincent Rollins,139402,DI,LAMAR,10,0,0,204,58.3,,,59.9,,,59.5,,,71.0,0,0,0,18,0,59,26,1,1
Kendal Rowan,139403,ED,LAMAR,2,0,0,204,,,,,,,59.8,,,66.9,0,0,0,0,0,14,0,0,0
Devin Thomas,139406,CB,LAMAR,1,0,0,204,,,,,,,60.3,,,65.1,0,0,0,0,0,0,0,2,0
Chidera Umeh,139407,DI,LAMAR,3,0,0,204,58.9,,,,,,58.9,,,63.5,0,0,0,5,0,0,0,0,0
Connor Venetis,139408,TE,LAMAR,4,0,0,204,,,63.8,,,,61.7,,,66.4,0,0,16,0,0,14,6,0,0
Ja'Darrius Winans,139411,G,LAMAR,8,0,0,204,,,70.9,,,,63.7,,,63.6,0,0,22,0,0,0,0,0,0
Nate Adebayo,139412,HB,MOREHEAD,3,0,0,234,,,,,,,62.4,,,69.1,0,0,0,0,12,14,0,3,0
Sese Aumavae,139414,LB,MOREHEAD,11,1,0,234,59.9,,,,,,77.3,,,77.3,1,0,0,8,61,10,10,11,7
Noah Benza,139416,ED,MOREHEAD,7,0,0,234,59.1,,69.5,,,,62.4,,,64.6,0,0,31,3,0,2,1,0,0
Zach Bone,139417,G,MOREHEAD,9,0,0,234,,,73.1,,,,64.4,,,66.8,0,0,31,0,0,0,0,0,0
Javian Browder,139418,CB,MOREHEAD,10,2,0,234,59.7,,,,,,73.9,,,48.3,0,1,0,5,34,4,34,31,4
Thomas Campbell-Clay,139419,WR,MOREHEAD,1,0,0,234,,,,,,,60.0,,,62.0,0,0,0,0,0,5,0,0,0
Devon Connors,139421,ED,MOREHEAD,10,0,0,234,59.9,,62.7,,,,62.3,,,70.4,0,0,14,20,0,0,7,1,0
Tavin Davis,139423,WR,MOREHEAD,6,0,0,234,,,,61.8,,,64.5,,,70.3,0,0,0,0,1,8,0,13,0
Davier Fairrow,139424,ED,MOREHEAD,1,0,0,234,60.0,,,,,,60.0,,,62.9,0,0,0,1,0,0,0,0,0
Enzo Fantau-Barker,139425,LB,MOREHEAD,6,0,0,234,59.6,,,,,,63.7,,,70.4,1,0,0,6,26,0,0,7,2
Griffin Fraley,139426,TE,MOREHEAD,2,0,0,234,,,,,,,60.5,,,64.9,0,0,0,0,0,4,0,0,0
Blake Friese,139428,DI,MOREHEAD,2,0,0,234,91.6,,,,,,93.3,,,63.0,0,0,0,2,0,0,0,0,0
Kameron Frye,139429,S,MOREHEAD,8,0,0,234,59.9,,,,,,68.7,,,68.9,0,0,0,6,0,0,32,0,1
Giovanni Herrera,139431,CB,MOREHEAD,11,0,0,234,59.8,,,,,,80.7,,,77.3,0,0,0,30,61,0,0,3,12
Jahleel Holmes,139432,ED,MOREHEAD,8,0,0,234,59.9,,,,,,61.8,,,72.0,0,0,0,19,2,0,0,2,0
Khiyree Keith,139435,S,MOREHEAD,8,0,0,234,59.4,,,,,,61.7,,,75.0,0,0,0,38,2,0,0,2,0
Jah'Dell Lee Quay,139437,CB,MOREHEAD,2,0,0,234,59.8,,,,,,60.1,,,64.5,0,0,0,2,0,0,0,0,0
James Louis,139438,HB,MOREHEAD,11,1,0,234,,,,,,,75.1,,,44.2,0,1,0,0,64,0,0,38,5
Jihad McCall,139439,S,MOREHEAD,4,0,0,234,59.9,,,,,,63.4,,,68.5,0,0,0,4,10,0,0,6,0
Josh McClurg,139440,QB,MOREHEAD,2,0,0,234,60.0,,,,,,61.1,,,66.2,0,0,0,1,4,2,0,0,0
Brady McKnight,139441,LS,MOREHEAD,11,1,0,234,,,25.4,,,73.0,56.7,,,66.3,0,0,62,0,0,0,38,0,0
Patrick Peterson,139442,DI,MOREHEAD,1,0,0,234,60.0,,,,,,60.0,,,61.7,0,0,0,1,0,0,0,0,0
Corey Shaffer,139443,G,MOREHEAD,7,0,0,234,,,69.7,,,,63.8,,,69.7,0,0,21,0,0,0,0,0,0
Gabe Smith,139444,LB,MOREHEAD,1,0,0,234,59.9,,,,,,60.3,,,65.0,0,0,0,1,2,0,1,0,0
Jacob Ungruhe,139448,T,MOREHEAD,11,0,0,234,,,26.0,,,,47.1,,,67.0,0,0,60,0,0,0,0,0,0
James Wayne,139449,T,MOREHEAD,1,0,0,234,,,60.0,,,,60.0,,,61.6,0,0,1,0,0,0,0,0,0
Mark Barthelemy,139451,T,NICHOLLS,11,0,0,243,,,75.5,,,,65.6,,,75.3,0,0,59,0,0,0,0,0,0
Zack Bernard,139453,DI,NICHOLLS,10,0,0,243,58.8,,,,,,59.3,,,68.5,0,0,0,23,0,0,9,5,0
Tyreke Boyd,139454,S,NICHOLLS,11,0,0,243,60.3,,,,,,61.6,,,68.2,1,0,0,31,10,15,3,7,1
Dillion Davis,139456,DI,NICHOLLS,5,0,0,243,59.2,,,,,,59.7,,,64.9,0,0,0,6,0,0,0,1,0
Collin Guggenheim,139460,HB,NICHOLLS,1,0,0,243,,,,,,,60.0,,,63.7,0,0,0,0,0,1,0,0,0
Nathan Hebb,139461,TE,NICHOLLS,11,0,0,243,,,75.4,,,,66.3,,,74.1,0,0,60,0,19,60,2,30,2
Johmel Jolla Jr.,139465,LB,NICHOLLS,10,0,0,243,60.1,,,,,,35.9,,,27.6,1,1,0,4,28,12,17,7,0
DeAndre' Keller,139467,G,NICHOLLS,1,0,0,243,,,60.0,,,,60.0,,,63.7,0,0,1,0,0,0,0,0,0
Daniel Miller,139472,WR,NICHOLLS,6,0,0,243,,,,62.0,,,60.3,,,69.6,0,0,0,0,6,18,10,2,0
Lee Negrotto,139474,TE,NICHOLLS,11,0,0,243,,,74.6,57.5,,,61.4,,,31.6,0,1,56,0,0,58,0,0,0
Maurquel Price,139475,CB,NICHOLLS,9,0,0,243,59.6,,,,,,39.2,60.3,,28.9,0,1,0,11,4,0,6,27,0
Logan Scott,139479,CB,NICHOLLS,10,1,0,243,,,,,,,66.8,,,78.6,1,0,0,0,55,17,14,30,7
Hayden Shaheen,139480,LB,NICHOLLS,10,0,0,243,59.7,,,,,,61.4,,,65.5,0,0,0,45,0,0,0,9,0
Shamar Smith,139481,WR,NICHOLLS,3,0,0,243,,,,,,,59.5,,,69.2,0,0,0,0,6,10,10,0,0
Tylan Turner,139483,ED,NICHOLLS,7,1,0,243,59.7,,,,,,84.6,,,71.5,0,0,0,2,36,21,0,1,2
Theodore Tyler,139484,ED,NICHOLLS,2,0,0,243,,,60.0,,,,61.0,,,64.5,0,0,3,0,0,0,9,0,0
Logan Wilcox,139487,TE,NICHOLLS,9,0,0,243,,,74.4,,,,62.7,,,74.5,0,0,48,0,0,49,0,0,0
Malik Woodery,139489,CB,NICHOLLS,10,0,0,243,59.4,,,,,,62.7,,,75.6,0,0,0,18,8,16,0,24,1
Scooter Adams,139492,HB,NWSTATE,1,0,0,257,,,,,,,60.1,,,67.1,0,0,0,0,3,0,7,0,0
Marquise Bridges,139500,WR,NWSTATE,2,0,0,257,,,,,,,61.9,,,69.7,0,0,0,0,1,9,0,2,0
Logan Canerdy,139501,G,NWSTATE,3,0,0,257,,,63.5,,,,62.4,,,66.9,0,0,8,0,0,0,0,0,0
Kevin Davis Jr.,139503,S,NWSTATE,10,0,0,257,59.7,,,,,,64.2,,,76.9,0,0,0,20,28,24,19,27,1
Eddie Godina,139506,K,NWSTATE,9,0,0,257,,56.3,60.0,,57.6,,62.5,,,72.3,0,0,31,0,31,0,0,0,0
Donovan Green,139507,DI,NWSTATE,11,0,0,257,57.9,,,,,,57.7,,,66.8,0,0,0,33,0,0,0,2,0
Kendal Harmon,139510,ED,NWSTATE,4,0,0,257,59.5,,,,,,59.8,,,64.9,0,0,0,5,0,0,0,1,0
PJ Herrington,139511,S,NWSTATE,9,1,0,257,59.9,,,73.5,,,71.0,,,70.2,0,0,0,40,26,44,4,3,4
Keshawn Jackson,139513,DI,NWSTATE,7,0,0,257,58.6,,,,,,58.8,,,65.5,0,0,0,10,0,0,0,2,0
Monte Johnson,139514,TE,NWSTATE,4,0,0,257,,,60.0,,,,62.1,,,62.8,0,0,7,0,3,0,0,0,0
Princeton Malbrue,139517,LB,NWSTATE,2,0,0,257,59.9,,60.0,,,,61.9,,,70.0,0,0,2,4,0,0,4,4,0
Race Moser,139520,LB,NWSTATE,11,0,0,257,59.1,,,,,,61.4,,,29.9,0,1,0,57,36,10,1,34,1
Isaiah Robinson,139522,S,NWSTATE,7,1,0,257,,,,,,,72.8,,,74.4,0,0,0,0,17,29,6,18,3
Aubrey Scott,139523,HB,NWSTATE,2,0,0,257,,,,,,,61.4,,,70.2,0,0,0,0,0,0,7,5,0
Cooper Smith,139524,T,NWSTATE,4,0,0,257,,,63.8,,,,62.3,,,63.8,0,0,8,0,0,0,0,0,0
Dante Thomas,139527,CB,NWSTATE,2,0,0,257,59.7,,,,,,61.2,,,70.5,0,0,0,3,5,0,5,3,0
Caesar Magee,139529,WR,NWSTATE,1,0,0,257,,,,,,,57.0,,,67.9,0,0,0,0,0,5,4,0,0
Nick Abengowe,139532,LB,SM HOUSTON,1,0,0,281,59.7,,,,,,60.0,,,61.8,0,0,0,1,0,0,0,0,0
Noah Barboza,139534,G,SM HOUSTON,1,0,0,281,,,60.0,,,,60.0,,,63.4,0,0,1,0,0,0,0,0,0
Taylen Blaylock,139537,CB,SM HOUSTON,9,0,0,281,59.9,,,,,,62.9,,,75.0,0,0,0,19,21,21,0,25,0
Isaiah Downes,139540,CB,SM HOUSTON,5,0,0,281,60.0,,,59.9,,,60.7,,,68.8,0,0,0,14,4,10,1,2,0
Trey Fields,139541,LB,SM HOUSTON,12,1,0,281,59.9,,,59.6,,,59.7,,,37.7,0,1,0,6,4,32,41,10,1
Rowdy Godwin,139542,TE,SM HOUSTON,3,0,0,281,,,67.9,,,,64.2,,,72.7,0,0,22,0,0,1,0,1,0
Ethan Hagler,139543,C,SM HOUSTON,12,0,0,281,,,79.7,,,,66.2,,,64.7,0,0,70,0,0,0,0,0,0
Briceon Hayes,139544,ED,SM HOUSTON,3,0,0,281,,,,,,,62.8,,,68.3,0,0,0,0,9,0,0,1,0
Carson Horner,139546,CB,SM HOUSTON,7,0,0,281,60.0,,,,,,67.4,,,74.2,0,0,0,1,4,0,0,27,0
Ysidro Mascorro,139552,LB,SM HOUSTON,11,0,0,281,60.0,,,,,,71.2,,,74.0,0,0,0,2,68,0,28,2,3
Dalton Meyer,139554,TE,SM HOUSTON,12,0,0,281,,,76.8,63.5,,,62.0,,,70.7,0,0,75,0,1,53,47,0,0
Seth Morgan,139555,K,SM HOUSTON,10,0,0,281,,72.0,,,,,61.5,,,67.5,0,0,67,0,0,0,0,0,0
Daniel North,139556,S,SM HOUSTON,5,0,0,281,59.8,,,,,,62.9,,,66.4,0,0,0,2,29,0,0,1,0
Goodness Nwawuihe,139557,LB,SM HOUSTON,1,0,0,281,,,,,,,60.0,,,60.5,0,0,0,0,0,0,0,1,0
Richard Outland Jr.,139558,DI,SM HOUSTON,8,0,0,281,59.4,,73.0,,,,64.4,,,65.8,0,0,46,2,0,0,0,3,0
Jaylen Phillips,139561,ED,SM HOUSTON,9,0,0,281,60.1,,,,,,62.9,,,68.3,0,0,0,11,0,5,0,9,0
Trey Smith,139563,CB,SM HOUSTON,9,1,0,281,59.9,,,,,,57.4,,,29.3,0,1,0,7,28,14,23,21,0
Tobias Weaver,139567,CB,SM HOUSTON,12,1,0,281,59.8,,,,,,76.3,,,82.1,0,0,0,2,70,31,0,69,3
Tony Williams,139569,WR,SM HOUSTON,12,1,0,281,,,,,,,67.5,,,52.4,0,1,0,0,68,32,38,8,4
Malaki Malaki,141247,LB,DIXIE,11,0,0,1285,59.6,,,,,,61.1,,,69.2,0,0,0,63,1,14,0,12,0
Nathen Aceves,141248,G,DIXIE,2,0,0,1285,,,60.0,,,,60.7,,,64.9,0,0,3,0,0,0,0,0,0
Taylor Alvarez,141250,TE,DIXIE,7,0,0,1285,,,60.0,59.9,,,60.7,,,72.0,0,0,2,0,0,44,0,0,0
Nathan Anderson,141251,DI,DIXIE,11,0,0,1285,59.7,,71.5,,,,62.3,,,69.9,1,0,39,1,0,20,60,0,0
Johnny Borashan,141254,P,DIXIE,2,0,0,1285,,,60.0,,60.0,,60.2,,,62.9,0,0,3,0,1,0,0,0,0
Connor Brooksby,141255,K,DIXIE,11,0,0,1285,,66.5,,,61.3,,61.2,,,67.1,0,0,37,0,3,0,0,0,0
Devin Chandler,141257,CB,DIXIE,9,0,0,1285,59.5,,,,,,61.2,,,69.7,0,0,0,20,4,0,0,3,0
Quali Conley,141259,HB,DIXIE,9,0,0,1285,,,,54.3,,,61.4,,,72.4,0,0,0,0,3,37,0,17,0
Amari Duncan,141262,S,DIXIE,8,0,0,1285,59.6,,,,,,73.1,,,69.8,0,0,0,33,7,0,7,7,3
David Fisher,141264,WR,DIXIE,7,0,0,1285,,,,62.7,,,60.9,61.6,,65.3,0,0,0,0,0,31,0,17,0
Daniel Gonzalez,141268,G,DIXIE,3,0,0,1285,,,68.9,,,,63.5,,,69.9,0,0,18,0,0,0,4,0,0
Tyrell Grayson Jr.,141269,S,DIXIE,11,1,0,1285,60.1,,,,,,72.9,,,78.6,1,0,0,70,42,0,35,41,4
Kaleb Hatch,141272,QB,DIXIE,9,0,0,1285,,,65.2,,,,61.8,,,61.0,0,0,37,0,0,0,0,0,0
Dylan Hendrickson,141275,ED,DIXIE,11,0,0,1285,59.9,,71.7,,,,64.5,,,71.4,0,0,37,12,21,21,0,1,2
Ladimor Hervey,141276,LB,DIXIE,11,0,0,1285,59.8,,,,,,64.3,,,76.6,0,0,0,10,35,69,38,20,3
Xavier Hewing,141278,CB,DIXIE,1,0,0,1285,59.9,,,,,,60.8,,,67.0,0,0,0,1,3,0,0,0,0
Ty Hyde,141280,T,DIXIE,6,0,0,1285,,,67.5,,,,62.9,,,60.9,0,0,21,0,0,0,0,0,0
Bayo Kannike,141282,T,DIXIE,8,0,0,1285,,,47.4,,,,56.6,,,65.2,0,0,32,0,0,0,0,0,0
Sam Kanongata'a,141283,ED,DIXIE,3,0,0,1285,59.8,,,,,,61.6,,,69.7,0,0,0,3,0,4,0,3,0
Mark Lopez,141288,LB,DIXIE,4,0,0,1285,59.9,,,,,,62.5,,,72.1,0,0,0,4,9,15,7,5,0
Troy Miller,141290,CB,DIXIE,9,0,0,1285,60.0,,,,,,70.2,,,75.2,0,0,0,2,32,1,4,17,2
Michael Moten,141291,WR,DIXIE,11,0,0,1285,,,,,,,66.1,60.3,,70.4,0,0,0,0,0,0,0,27,0
Darrius Nash,141293,S,DIXIE,9,1,0,1285,59.6,,,,,,63.8,,,39.5,0,1,0,58,29,0,42,8,1
Mitch Nelson,141294,G,DIXIE,8,0,0,1285,,,67.6,,,,63.3,,,70.9,0,0,19,0,0,0,1,0,0
Deven Osborne,141297,WR,DIXIE,1,0,0,1285,,,,,,,60.0,,,63.4,0,0,0,0,1,0,0,0,0
Cannon Panfiloff,141298,T,DIXIE,10,0,0,1285,,,71.5,,,,66.4,,,73.7,0,0,34,0,0,0,56,0,0
Mason Paulo,141300,WR,DIXIE,6,0,0,1285,,,,,,,60.1,,,71.1,0,0,0,0,8,12,8,3,0
Devyn Perkins,141301,CB,DIXIE,11,0,0,1285,59.2,,,59.5,,,59.9,,,74.2,0,0,0,47,24,11,0,10,0
Easton Petersen,141302,G,DIXIE,2,0,0,1285,,,61.8,,,,62.4,,,68.3,0,0,10,0,0,0,0,0,0
Travis Plantier,141303,LB,DIXIE,1,0,0,1285,,,,,,,62.1,,,71.0,0,0,0,0,1,10,0,2,0
Jalen Powell,141304,WR,DIXIE,4,0,0,1285,,,,69.4,,,60.5,,,68.2,0,0,0,0,0,22,1,10,0
Zakari Rackey,141306,TE,DIXIE,1,0,0,1285,,,,,,,60.0,,,63.9,0,0,0,0,0,0,0,1,0
Malcolm Ross-Turner,141307,WR,DIXIE,4,0,0,1285,,,,,,,63.0,,,71.1,0,0,0,0,7,14,0,8,0
AJ Simpson-Battle,141308,WR,DIXIE,7,0,0,1285,,,,,,,59.6,,,71.6,0,0,0,0,0,48,0,1,0
Kaejin Smith-Bejgrowicz,141309,S,DIXIE,11,0,0,1285,60.0,,,44.7,,,66.2,,,76.3,0,0,0,44,14,32,44,6,1
Austin Staheli,141310,CB,DIXIE,1,0,0,1285,,,,,,,60.8,,,63.9,0,0,0,0,4,0,0,0,0
Kanoah Tanuvasa,141311,DI,DIXIE,3,0,0,1285,58.6,,,,,,59.4,,,67.8,0,0,0,10,0,0,0,4,0
Laytan Tanuvasa,141312,DI,DIXIE,7,0,0,1285,58.2,,,,,,58.6,,,68.2,0,0,0,18,0,0,0,4,0
Mikaele Tavai,141314,DI,DIXIE,2,0,0,1285,59.0,,,,,,59.2,,,63.8,0,0,0,3,0,0,0,0,0
Malini Ti'a,141316,S,DIXIE,4,0,0,1285,60.0,,,,,,64.6,,,29.4,0,1,0,1,11,19,15,0,3
Trace Tupe,141318,LB,DIXIE,6,0,0,1285,59.0,,,,,,60.8,,,75.0,0,0,0,4,11,18,31,9,0
Cade Veach,141319,TE,DIXIE,6,0,0,1285,,,60.0,,,,64.7,,,79.0,0,0,4,0,1,34,0,17,0
Kevin West,141322,ED,DIXIE,1,0,0,1285,59.9,,,,,,60.4,,,63.1,0,0,0,2,1,0,0,0,0
Damani Wilks,141324,WR,DIXIE,5,0,0,1285,,,,,,,70.6,,,68.5,0,0,0,0,1,13,0,11,0
Colby Williams,141325,CB,DIXIE,11,0,0,1285,59.2,,,,,,62.5,,,77.0,0,0,0,56,0,3,4,29,0
Tariq Wright,141326,DI,DIXIE,8,0,0,1285,57.9,,,,,,58.3,,,67.6,0,0,0,23,0,0,0,4,0
Kendall Massey,141330,LB,GARD-WEBB,10,0,0,171,,,,,,,71.0,,,79.6,0,1,0,0,19,51,3,15,4
Honus Wagner,141333,LB,GARD-WEBB,10,0,0,171,59.9,,,,,,63.0,,,68.4,0,0,0,36,11,1,1,9,0
Carlos Allen Jr.,141334,DI,KENNESAW,10,0,0,200,58.9,,75.0,,,,58.8,,,29.1,0,1,55,11,0,0,2,0,0
Jalen Barnum,141335,LB,KENNESAW,8,0,0,200,,,,,,,68.2,,,75.1,0,0,0,0,33,16,0,20,3
Caleb Brown,141336,CB,KENNESAW,8,0,0,200,59.9,,,,,,41.1,,,28.3,0,1,0,1,0,0,0,25,0
James Dawson,141338,T,KENNESAW,2,0,0,200,,,65.9,,,,62.7,,,65.4,0,0,11,0,0,0,0,0,0
Ryan Harris,141344,CB,KENNESAW,12,1,0,200,59.6,,,,,,64.0,,,77.7,1,0,0,5,54,0,24,32,1
Xavier Hill,141347,WR,KENNESAW,8,0,0,200,,,63.0,,,,65.0,,,74.1,0,0,11,0,19,17,0,8,0
Trenton Jackson,141348,G,KENNESAW,3,0,0,200,,,67.1,,,,62.9,,,64.1,0,0,17,0,0,0,0,0,0
Elijah Kirby,141349,S,KENNESAW,7,0,0,200,60.0,,,,,,68.8,,,77.1,0,0,0,1,23,26,1,17,2
Marquis Ledet,141352,HB,KENNESAW,3,0,0,200,,,,,,,38.1,,,68.6,0,0,0,0,6,0,0,4,0
Kemari McGowan,141355,HB,KENNESAW,1,0,0,200,,,,,,,61.7,,,71.7,0,0,0,0,0,0,0,5,0
Jahon Myers,141356,ED,KENNESAW,11,0,0,200,59.7,,68.4,,,,62.7,,,65.8,0,0,24,12,0,0,8,2,0
Hall O'Neal,141357,T,KENNESAW,3,0,0,200,59.6,,63.0,,,,62.5,,,70.4,0,0,12,1,0,0,0,0,0
Carter Pinholster,141359,WR,KENNESAW,12,1,0,200,,,,,,,73.8,,,84.4,0,0,0,0,61,3,1,44,3
Shamari Reed,141361,CB,KENNESAW,1,0,0,200,,,,,,,60.0,,,61.1,0,0,0,0,0,1,0,0,0
Tyler Scott,141362,DI,KENNESAW,11,0,0,200,90.2,,76.5,,,,84.9,,,69.9,0,0,47,12,0,0,25,6,0
Irving Smith,141363,HB,KENNESAW,8,0,0,200,,,,,,,58.0,,,70.1,1,0,0,0,12,7,22,0,1
Sydney Audiger,141367,CB,ROB MORRIS,10,0,2,277,59.4,,,,,,40.7,,,27.5,0,2,0,49,3,0,3,9,0
Hayden Baron,141369,G,ROB MORRIS,7,0,0,277,,,68.2,,,,63.3,,,65.4,0,0,26,0,0,0,0,0,0
Daunte Boudy,141371,DI,ROB MORRIS,1,0,0,277,60.0,,,,,,59.9,,,64.6,0,0,0,1,0,0,0,1,0
Dakarai Cabell,141373,S,ROB MORRIS,8,1,0,277,60.1,,,,,,61.7,,,40.0,0,1,0,7,34,29,0,10,0
Chris Charles,141374,WR,ROB MORRIS,9,0,0,277,,,,,,,67.0,,,70.6,0,0,0,0,37,1,0,21,2
Alex Colangelo,141377,ED,ROB MORRIS,2,0,0,277,60.1,,,,,,60.2,,,63.6,0,0,0,3,0,0,0,0,0
AJ Darr,141379,QB,ROB MORRIS,1,0,0,277,,,,,,,60.7,,,65.4,0,0,0,0,3,0,0,0,0
Sam English,141380,WR,ROB MORRIS,1,0,0,277,,,,,,,57.2,,,65.9,0,0,0,0,0,8,0,0,0
Lorenzo Euline,141381,S,ROB MORRIS,4,0,0,277,59.6,,,,,,55.5,,,68.7,1,0,0,16,12,11,0,0,1
Parker Fetterman,141382,WR,ROB MORRIS,1,0,0,277,,,,,,,60.0,,,62.4,0,0,0,0,1,0,0,0,0
Amauri Floyd,141384,LB,ROB MORRIS,10,1,0,277,59.9,,,,,,56.9,,,39.6,1,1,0,3,42,52,49,21,3
Spencer Goldberg,141385,T,ROB MORRIS,8,0,0,277,,,72.7,,,,64.1,,,63.8,0,0,28,0,0,0,0,0,0
Quamir Jenkins,141386,HB,ROB MORRIS,8,2,0,277,,,,59.9,,,60.2,,,76.7,0,0,0,0,36,42,12,18,0
Matthew Larks,141388,CB,ROB MORRIS,2,0,0,277,59.9,,,,,,61.1,,,64.8,0,0,0,2,3,0,0,0,0
Shamaur McDowell,141391,S,ROB MORRIS,5,0,0,277,,,,,,,65.0,,,74.3,0,0,0,0,19,30,0,0,1
Mason Miller,141392,TE,ROB MORRIS,4,0,0,277,,,60.0,,,,61.6,,,68.5,0,0,8,0,1,10,0,0,0
Jack Oedekoven,141395,WR,ROB MORRIS,4,1,0,277,,,,,,,69.8,,,71.4,0,0,0,0,0,9,9,0,0
Joshua Sweat,141402,DI,ROB MORRIS,5,0,0,277,59.7,,,,,,62.4,,,69.1,0,0,0,5,2,7,0,0,0
Diego Turcios,141404,T,ROB MORRIS,9,0,0,277,,,72.1,,,,64.4,,,71.3,0,0,33,0,0,0,0,0,0
James Westry,141407,WR,ROB MORRIS,5,0,0,277,,,,,,,60.5,66.2,,65.5,0,0,0,0,0,1,0,16,0
Matthew Brown,141519,DI,E WASHGTON,13,0,0,161,59.2,,,,,,61.2,,,71.9,0,0,0,27,0,0,0,13,0
Efton Chism III,141521,WR,E WASHGTON,13,0,0,161,,,,57.1,,,71.5,77.5,,76.6,0,0,0,0,82,47,7,72,3
Jackson Cleaver,141522,K,E WASHGTON,7,0,0,161,,33.5,,,64.0,,45.1,,,28.1,0,1,22,0,20,0,0,0,1
Aaron Estrada,141523,LS,E WASHGTON,4,0,0,161,,,76.8,,,23.9,49.2,,,65.2,0,0,22,0,0,0,21,0,0
Taalefili Fata,141524,ED,E WASHGTON,1,0,0,161,60.0,,,,,,60.0,,,62.9,0,0,0,1,0,0,0,0,0
Wyatt Hansen,141525,G,E WASHGTON,7,0,0,161,,,72.5,,,,64.3,,,66.8,0,0,42,0,0,0,0,0,0
Justice Jackson,141526,HB,E WASHGTON,13,0,0,161,,,,58.4,,,64.1,,,70.7,0,0,0,0,1,67,0,0,0
Gale Kamp,141528,G,E WASHGTON,2,0,0,161,,,64.0,,,,62.4,,,64.4,0,0,15,0,0,0,0,0,0
Kameron Lane,141529,S,E WASHGTON,13,0,0,161,59.8,,,,,,72.8,,,78.0,0,0,0,2,44,5,0,48,2
Jacobe Lee,141530,DI,E WASHGTON,2,0,0,161,60.0,,,,,,60.0,,,61.9,0,0,0,2,0,0,0,0,0
Sandrey Mitberg,141531,ED,E WASHGTON,1,0,0,161,,,,,,,42.7,,,64.0,0,1,0,0,0,5,0,0,0
Conner O'Farrell,141533,LB,E WASHGTON,11,0,0,161,59.7,,,59.4,,,82.3,,,84.6,1,0,0,3,89,51,0,5,7
Brenden Rivera,141535,G,E WASHGTON,7,0,0,161,,,71.6,,,,64.1,,,67.5,0,0,34,0,0,0,0,0,0
Cage Schenck,141538,CB,E WASHGTON,13,1,0,161,60.0,,,47.6,,,76.0,,,82.2,1,0,0,1,97,19,22,43,7
Nathaniel Smith,141539,TE,E WASHGTON,4,0,0,161,60.0,,60.0,,,,60.8,,,65.7,0,0,4,1,0,2,0,0,0
Trevor Thurman,141540,LB,E WASHGTON,6,0,0,161,60.0,,,,,,59.6,,,72.9,1,0,0,1,30,17,5,1,1
Nolan Ulm,141541,WR,E WASHGTON,12,3,0,161,,,,,,,71.5,,,84.6,1,0,0,0,88,58,44,39,2
DaJean Wells,141542,CB,E WASHGTON,13,0,0,161,60.0,,,,,,62.9,,,42.4,0,1,0,3,17,5,0,47,0
Ahmani Williams,141543,LB,E WASHGTON,9,0,0,161,59.6,,,,,,67.3,,,90.4,1,0,0,8,69,36,0,36,2
Jake Cox,141549,TE,IDAHO,1,0,0,185,,,,,,,60.0,,,63.7,0,0,0,0,0,1,0,0,0
Davis Dengah,141551,CB,IDAHO,7,1,0,185,,,,,,,69.1,,,76.3,0,0,0,0,5,32,11,28,1
Jermaine Jackson,141559,WR,IDAHO,1,0,0,185,,,,,,,66.6,,,66.9,0,0,0,0,1,0,0,7,0
Travis Jerome,141561,WR,IDAHO,1,0,0,185,,,,,,,60.0,,,62.1,0,0,0,0,1,0,0,0,0
Cameron Kendall,141564,S,IDAHO,1,0,0,185,,,,,,,61.1,,,64.2,0,0,0,0,3,0,0,0,0
Tommy McCormick,141567,S,IDAHO,11,0,0,185,59.8,,,,,,56.9,,,30.4,1,1,0,53,50,12,17,38,0
Colbey Nosworthy,141569,S,IDAHO,10,0,0,185,60.0,,,,,,65.3,,,78.3,0,0,0,2,37,6,0,28,0
Jabarii Pharms,141572,S,IDAHO,3,0,0,185,,,,,,,62.0,,,69.2,0,0,0,0,11,0,0,5,0
Beau St. John,141574,G,IDAHO,7,0,0,185,,,70.7,,,,63.9,,,66.5,0,0,32,0,0,0,0,0,0
Derek Tommasini,141575,LB,IDAHO,10,1,0,185,59.8,,,,,,66.6,,,69.7,0,0,0,7,37,5,2,4,0
Arnell Walker Jr.,141576,CB,IDAHO,8,0,0,185,59.4,,,,,,57.7,,,74.5,0,0,0,24,27,0,6,0,0
Malakai Williams,141577,ED,IDAHO,2,0,0,185,,,,,,,62.6,,,68.7,0,0,0,0,0,0,0,5,0
Tu'u Afu,141579,HB,IDAHO ST,4,0,0,186,,,,,,,62.5,,,71.9,0,0,0,0,2,12,0,2,0
Ja'Maree Boone,141581,CB,IDAHO ST,1,0,0,186,,,,,,,64.1,60.3,,71.0,0,0,0,0,5,0,0,6,0
Zack Conner,141583,LB,IDAHO ST,9,0,0,186,,,63.7,,,,74.7,,,72.1,0,0,12,0,17,1,27,10,3
Braden Cureton,141584,S,IDAHO ST,1,0,0,186,,,,,,,59.9,,,65.2,0,0,0,0,0,5,0,0,0
Cam Davis,141585,CB,IDAHO ST,6,0,0,186,59.4,,,,,,61.7,,,71.1,0,0,0,16,0,0,0,14,0
Xavier Guillory,141590,WR,IDAHO ST,2,0,0,186,,,,,,,60.4,,,64.7,0,0,0,0,1,1,0,0,0
Jeff Harris,141592,WR,IDAHO ST,2,0,0,186,,,,,,,60.3,,,67.5,0,0,0,0,1,1,0,0,0
Hunter Hays,141593,QB,IDAHO ST,3,0,0,186,,,60.3,,,,60.8,,,60.7,0,0,9,0,0,0,0,0,0
Maika Heck,141594,TE,IDAHO ST,8,0,0,186,,,62.2,,,,61.8,,,73.4,0,0,10,0,0,39,1,0,0
Charles Ike,141597,LB,IDAHO ST,10,0,0,186,60.2,,,,,,59.1,,,72.5,1,0,0,28,10,28,17,2,2
Jacob Jones,141598,S,IDAHO ST,10,0,0,186,59.6,,,,,,49.9,61.0,,29.1,0,1,0,45,10,0,19,22,0
D'Qua Lang,141599,DI,IDAHO ST,3,0,0,186,59.1,,60.0,,,,60.4,,,67.2,0,0,5,7,0,0,0,0,0
Ty Metcalfe,141602,S,IDAHO ST,3,0,0,186,59.8,,,,,,61.8,,,68.7,0,0,0,2,6,15,0,3,0
Jack O'Connor,141603,G,IDAHO ST,2,0,0,186,,,60.0,,,,61.8,,,69.3,0,0,6,0,0,0,0,0,0
Aron Oliva,141604,ED,IDAHO ST,1,0,0,186,,,60.0,,,,60.1,,,66.1,0,0,2,0,0,0,0,0,0
RJ Owens,141606,HB,IDAHO ST,1,0,0,186,,,,,,,60.0,,,62.3,0,0,0,0,1,0,0,0,0
David Rowe,141608,DI,IDAHO ST,11,0,0,186,58.8,,72.1,,,,62.2,,,71.3,0,0,35,27,0,0,0,3,0
Michael Smith,141610,ED,IDAHO ST,9,0,0,186,59.6,,69.4,59.6,,,68.5,,,76.3,0,0,27,1,0,34,8,5,0
Connor Stanford,141611,T,IDAHO ST,1,0,0,186,,,60.0,,,,60.0,,,62.1,0,0,2,0,0,0,0,0,0
Owen Stewart,141612,G,IDAHO ST,7,0,0,186,,,70.5,,,,54.7,,,27.4,0,1,23,0,0,0,0,0,0
Spencer Tatafu,141614,DI,IDAHO ST,6,0,0,186,59.1,,,,,,59.7,,,67.2,0,0,0,18,0,1,0,1,0
Trejan Apodaca,141619,S,N ARIZONA,11,0,0,252,59.8,,,,,,56.4,,,73.4,3,0,0,20,44,17,2,2,3
Will Constantinou,141625,LB,N ARIZONA,2,0,0,252,,,,,,,61.6,,,67.1,0,0,0,0,5,0,0,0,0
Kevin Daniels,141626,HB,N ARIZONA,10,0,0,252,,,71.7,,,,63.3,,,65.4,0,0,38,0,0,9,0,0,0
Tommy Ellis,141627,LB,N ARIZONA,4,0,0,252,,,,,,,58.2,,,71.1,0,0,0,0,8,13,5,0,0
Tyson Grubbs,141632,HB,N ARIZONA,9,0,0,252,,,,59.4,,,74.6,,,58.5,2,1,0,0,31,57,62,25,3
David Haen,141634,WR,N ARIZONA,11,0,0,252,,,,,,,60.6,,,70.9,0,0,0,0,3,63,0,0,0
Draycen Hall,141635,HB,N ARIZONA,9,0,0,252,,,,58.8,,,60.8,,,65.8,0,0,0,0,0,42,0,2,0
Kamdan Hightower,141637,CB,N ARIZONA,1,0,0,252,,,,,,,61.6,,,66.1,0,0,0,0,2,0,0,2,0
Colby Humphrey,141638,CB,N ARIZONA,8,0,0,252,59.3,,,59.4,,,63.3,,,74.1,0,0,0,29,6,2,1,31,0
Devontae Ingram,141640,CB,N ARIZONA,7,0,0,252,59.5,,,,,,54.3,,,29.4,0,1,0,33,3,0,0,35,0
Joshua Maignan,141644,HB,N ARIZONA,9,0,0,252,,,,,,,68.5,,,82.4,0,0,0,0,38,44,33,27,1
Alofaletauia Maluia,141645,DI,N ARIZONA,7,0,0,252,58.8,,,,,,62.3,,,71.5,0,0,0,7,0,0,0,11,0
Cole Sabetta,141651,LB,N ARIZONA,2,0,0,252,,,,,,,62.9,,,65.5,0,0,0,0,12,0,0,0,0
Traemaine Savea,141652,DI,N ARIZONA,6,0,0,252,58.5,,,,,,59.5,,,68.6,0,0,0,9,0,0,0,4,0
Keontae Strother,141655,LB,N ARIZONA,1,0,0,252,,,,,,,60.0,,,61.0,0,0,0,0,0,0,1,0,0
Xander Werner,141661,WR,N ARIZONA,6,0,0,252,,,,,,,60.6,,,67.8,1,0,0,0,0,12,3,0,1
Jake Woods,141663,WR,N ARIZONA,1,0,0,252,,,,,,,60.2,,,66.2,0,0,0,0,0,2,0,0,0
David Atencio,141665,WR,SO UTAH,9,0,0,298,,,,,,,64.9,,,75.2,0,0,0,0,6,42,0,0,1
Ethan Bolingbroke,141666,WR,SO UTAH,11,0,0,298,,,,59.1,,,56.7,73.4,,68.9,0,0,0,0,6,7,1,18,1
Drake Fakahua,141669,TE,SO UTAH,2,0,0,298,,,,,,,59.3,,,67.7,0,0,0,0,0,10,0,5,0
Izayah Fawson,141670,LB,SO UTAH,7,0,0,298,59.9,,,,,,68.2,,,71.4,0,0,0,4,20,27,0,2,1
Collin Gardner,141671,T,SO UTAH,9,0,0,298,,,72.4,,,,64.6,,,72.3,0,0,37,0,0,0,0,0,0
Jake Gerardi,141672,P,SO UTAH,11,0,0,298,,,,,75.4,,64.1,,65.7,77.5,0,0,0,0,37,0,45,0,4
Ridge Harrell,141673,ED,SO UTAH,1,0,0,298,,,,,,,75.1,,,66.8,0,0,0,0,0,0,5,0,1
Edgardo Huerta,141674,DI,SO UTAH,4,0,0,298,58.9,,65.8,,,,61.3,,,64.8,0,0,11,5,0,0,2,0,0
Brennon Hutchings,141675,WR,SO UTAH,11,0,0,298,,,,,,,72.7,,,78.0,0,0,0,0,46,76,45,17,7
Jordan Jefferson,141676,HB,SO UTAH,3,0,0,298,59.8,,,,,,55.5,,,66.6,0,0,0,2,0,0,3,4,0
Treyson Johnson,141678,S,SO UTAH,10,2,0,298,59.7,,,,,,67.3,,,43.2,1,1,0,43,31,20,25,10,4
Mana Kula,141681,ED,SO UTAH,5,0,0,298,59.7,,60.0,,,,61.2,,,66.9,0,0,8,4,0,2,3,0,0
Kiki Laie,141682,ED,SO UTAH,8,0,0,298,59.3,,,59.9,,,59.4,,,68.7,0,0,0,11,0,23,0,3,0
Collin Larsen,141683,G,SO UTAH,1,0,0,298,,,60.0,,,,28.6,,,63.1,0,0,5,0,0,0,0,0,0
David Moore III,141690,HB,SO UTAH,3,0,0,298,,,,,,,61.9,,,65.5,0,0,0,0,6,0,0,0,0
Jake Narayan,141693,CB,SO UTAH,6,1,0,298,59.9,,,,,,66.2,,,71.2,0,0,0,7,4,0,22,8,0
Napa Nu'usa,141694,DI,SO UTAH,11,0,0,298,58.7,,74.9,,,,63.6,,,68.8,0,0,41,7,0,0,42,0,0
PJ Schuster,141697,LB,SO UTAH,1,0,0,298,60.1,,,,,,60.7,,,67.0,0,0,0,2,0,0,0,1,0
Kobe Singleton,141698,CB,SO UTAH,11,0,0,298,59.5,,,,,,56.7,,,72.8,2,0,0,46,9,0,1,9,0
Dillon Smith,141699,LB,SO UTAH,9,1,0,298,60.0,,71.5,59.9,,,68.2,,,75.3,0,0,36,1,35,58,2,3,2
Iversyn Tapusoa,141702,S,SO UTAH,9,0,0,298,,,,,,,62.3,,,73.7,0,0,0,0,5,13,5,7,0
BJ Tuimalatu,141704,DI,SO UTAH,11,0,0,298,58.2,,71.1,,,,61.0,,,68.3,0,0,36,26,0,0,13,1,0
Ty Vaimaona,141706,ED,SO UTAH,8,0,0,298,59.3,,,,,,60.2,,,70.8,0,0,0,24,0,24,0,1,0
Tosh Wright,141707,TE,SO UTAH,7,0,0,298,,,,,,,60.6,,,73.5,0,0,0,0,0,32,0,5,0
Garrett Beck,141711,LB,WEBER ST,11,0,0,342,,,,,,,80.0,,,81.4,0,0,0,0,60,48,0,42,9
Josh Olave,141715,CB,WEBER ST,7,0,0,342,,,,,,,74.0,,,75.2,0,0,0,0,19,0,15,25,2
Okiki Olorunfunmi,141716,ED,WEBER ST,6,0,0,342,59.5,,60.0,,,,64.8,,,69.2,0,0,1,3,0,0,0,17,0
Braydin Shipp,141721,T,WEBER ST,1,0,0,342,,,60.0,,,,60.0,,,63.7,0,0,1,0,0,0,0,0,0
Kyle Thompson,141724,K,WEBER ST,11,0,0,342,,75.3,,,68.6,,63.6,,,75.6,0,0,54,0,62,0,0,0,1
Abraham Williams,141727,CB,WEBER ST,5,0,0,342,,,,,,,63.0,,,71.5,1,0,0,0,6,4,9,3,1
Brayden Wilson,141728,DI,WEBER ST,1,0,0,342,,,,,,,60.1,,,66.0,0,0,0,0,0,4,0,0,0
Grantis Poole,141733,WR,ALABAMA ST,6,0,0,105,,,,55.5,,,60.0,,,63.3,0,0,0,0,0,21,0,0,0
Abdou Diop,141734,TE,ALABAMA ST,2,0,0,105,,,60.0,,,,60.6,,,66.8,0,0,1,0,0,3,0,0,0
Kisean Johnson,141735,WR,ALABAMA ST,6,0,0,105,,,,,,,61.0,,,72.1,0,0,0,0,0,8,10,4,0
E'Shawn Mayes,141737,TE,ALABAMA ST,3,0,0,105,,,60.0,,,,58.2,,,70.8,0,0,1,0,0,10,0,0,0
James Burgess Jr.,141739,CB,ALABAMA ST,6,0,0,105,59.5,,,,,,60.8,,,68.5,0,0,0,14,0,0,0,2,0
Jeffrey Scott,141740,S,ALABAMA ST,11,0,0,105,59.6,,,,,,61.0,,,72.5,0,0,0,43,1,0,0,2,0
Rodney Echols,141741,CB,ALABAMA ST,7,0,0,105,60.2,,,59.4,,,61.5,,,75.1,0,0,0,23,8,3,9,16,0
Dylan Creech,141743,LB,ALABAMA ST,4,0,0,105,59.9,,,,,,60.1,,,71.2,0,0,0,1,6,14,0,0,0
Jeffrey Flowers,141746,LB,ALABAMA ST,1,0,0,105,,,,,,,60.0,,,63.6,0,0,0,0,1,0,0,0,0
Janil Brown,141749,DI,ALABAMA ST,9,0,0,105,58.6,,72.0,,,,62.4,,,66.0,0,0,41,8,0,0,0,0,0
Cosmin Diaconu,141750,K,ALABAMA ST,5,0,0,105,,68.0,,,54.9,,61.6,,,70.5,0,0,15,0,17,0,0,0,1
Aubrey Grace,141751,P,ALABAMA ST,11,0,0,105,,,65.7,,,,63.6,,67.4,74.5,0,4,42,0,0,0,69,0,0
Torrence Bardell,141753,CB,ARKAPB,5,0,0,112,59.8,,60.6,,,,60.0,,,69.0,0,0,10,5,9,14,10,0,0
Deontay Cooper,141755,HB,ARKAPB,2,0,0,112,,,,,,,48.0,,,69.4,1,0,0,0,0,0,10,0,0
Kavareous Lowe,141757,ED,ARKAPB,4,0,0,112,,,,63.5,,,60.0,,,71.6,0,0,0,0,0,21,0,9,0
Ryan Atkins-Frazier,141760,T,ARKAPB,9,0,0,112,,,67.2,,,,63.1,,,65.4,0,0,20,0,0,0,0,0,0
Jason Bobo,141765,CB,ARKAPB,3,0,0,112,59.9,,,,,,62.3,,,67.7,0,0,0,1,16,0,0,4,0
Kendarius Clark,141767,DI,ARKAPB,11,0,0,112,58.4,,15.5,,,,29.0,,,68.1,0,0,34,21,0,0,16,0,0
Jalon Thigpen,141769,S,ARKAPB,7,0,0,112,59.7,,,,,,60.6,,,66.5,0,0,0,38,1,0,0,0,0
Marcus Askew II,141770,CB,ARKAPB,9,0,0,112,59.5,,,,,,71.0,,,80.2,1,0,0,21,29,53,53,21,5
Jabaz Perique,141773,LB,ARKAPB,8,1,1,112,59.7,,,,,,68.2,,,47.9,0,2,0,6,29,37,6,19,3
Andre Fuller,141775,CB,ARKAPB,9,0,0,112,59.4,,,,,,61.3,,,71.9,0,0,0,45,0,4,0,11,0
Jalil Lenore,141779,LB,ARKAPB,2,0,0,112,,,,,,,60.9,,,72.2,0,0,0,0,8,2,5,9,0
Rylan Woods,141780,LB,ARKAPB,9,5,0,112,59.7,,71.0,59.6,,,70.6,,,73.2,0,0,34,6,33,54,3,6,2
Dylan Smith,141781,LB,ARKAPB,10,0,0,112,59.7,,60.0,,,,72.5,,,27.7,1,2,1,2,23,16,23,21,2
Malik Rencher,141782,DI,ARKAPB,2,0,0,112,59.3,,,,,,59.4,,,63.7,0,0,0,3,0,0,0,0,0
Josh Sanchez,141786,P,ARKAPB,11,0,0,112,,,60.0,,60.0,67.6,53.7,,63.0,29.8,0,2,2,0,1,0,64,0,2
Kobe Dillon,141787,HB,SOUTHERN U,7,0,0,297,,,,53.9,,,58.9,,,66.3,0,0,0,0,0,39,0,0,0
Devin Ellison,141790,WR,SOUTHERN U,1,0,0,297,,,,,,,59.7,,,66.6,0,0,0,0,0,0,3,0,0
Braelen Morgan,141792,HB,SOUTHERN U,1,0,0,297,,,,,,,60.0,,,64.6,0,0,0,0,1,0,0,0,0
Larry Dixon,141799,G,SOUTHERN U,4,0,0,297,,,,,,,71.5,,,64.9,0,0,0,0,0,0,16,0,1
Tyler Kirkwood,141800,WR,SOUTHERN U,7,0,0,297,,,,59.6,,,61.4,,,73.6,0,0,0,0,0,41,2,1,0
Gregory Perkins,141802,TE,SOUTHERN U,10,0,0,297,,,73.5,,,,69.0,,,74.8,0,0,45,0,0,36,5,0,1
Ethan Howard,141803,TE,SOUTHERN U,3,0,0,297,,,60.0,,,,60.6,,,64.3,0,0,6,0,0,9,0,0,0
Brian Jordan Jr.,141805,LB,SOUTHERN U,10,0,0,297,60.1,,,,,,48.7,,,75.9,0,0,0,13,5,19,44,12,1
Luke Rose,141806,S,SOUTHERN U,10,1,0,297,60.0,,,,,,75.8,,,72.2,0,0,0,1,41,0,0,5,2
Kaymen St. Junious,141807,CB,SOUTHERN U,10,0,0,297,59.5,,,,,,69.0,,,74.4,0,0,0,12,22,1,24,15,2
Khalil White,141808,S,SOUTHERN U,9,0,0,297,59.9,,,,,,63.7,,,78.0,0,0,0,1,3,53,0,16,0
Carline Davis III,141810,CB,SOUTHERN U,10,0,0,297,,,,,,,60.5,,,29.4,1,2,0,0,48,1,41,13,5
Keyshawn Acker,141813,S,SOUTHERN U,10,2,0,297,59.5,,,,,,65.2,,,79.6,0,0,0,17,47,47,44,6,0
Rahem Shorter,141817,LB,SOUTHERN U,6,1,0,297,,,,,,,66.7,,,71.2,0,0,0,0,31,0,0,11,0
Derrick Williams,141820,LB,SOUTHERN U,5,0,0,297,59.7,,,,,,61.4,,,65.6,0,0,0,7,0,0,0,4,0
Christian Lane,141823,LB,SOUTHERN U,4,0,0,297,60.0,,,,,,55.7,,,77.1,0,1,0,1,9,21,0,4,0
Caleb Washington,141826,CB,SOUTHERN U,8,0,0,297,60.0,,,,,,63.6,,,72.4,0,0,0,1,1,0,0,13,0
Jordan Monroe,141828,ED,SOUTHERN U,4,0,0,297,59.3,,,,,,59.6,,,65.0,0,0,0,10,0,0,0,0,0
Letrelle Johnson,141829,DI,SOUTHERN U,9,0,0,297,58.4,,,,,,59.1,,,66.8,0,0,0,18,0,0,0,4,0
Austin Kent,141830,DI,SOUTHERN U,3,0,0,297,58.9,,,,,,59.3,,,64.8,0,0,0,9,0,0,0,1,0
Luke Jackson,141833,K,SOUTHERN U,8,0,0,297,,75.6,,,,,61.0,,,66.2,0,0,35,0,0,0,0,0,0
Cole Stenstrom,141835,QB,S DAKOTA,1,0,0,291,,,,,,,60.1,,,64.0,0,0,0,0,0,3,0,0,0
Datwan Blackwood,141836,WR,S DAKOTA,1,0,0,291,,,,,,,60.1,,,64.0,0,0,0,0,0,3,0,0,0
Michael Mansaray,141838,HB,S DAKOTA,9,0,0,291,,,,59.4,,,59.5,,,27.5,0,1,0,0,4,32,0,4,0
Nathan Lubinsky,141841,HB,S DAKOTA,2,0,0,291,,,,,,,60.4,,,67.6,0,0,0,0,0,8,0,0,0
Ben Kohls,141845,C,S DAKOTA,2,0,0,291,,,61.1,,,,61.9,,,64.9,0,0,7,0,0,0,0,0,0
JJ Galbreath,141848,TE,S DAKOTA,10,0,0,291,,,,,,,67.5,,,77.8,0,0,0,0,12,37,32,23,2
Clayton Denker,141849,WR,S DAKOTA,1,0,0,291,,,,,,,60.0,,,63.5,0,0,0,0,0,0,0,1,0
Zach Witte,141853,TE,S DAKOTA,3,0,0,291,,,60.0,,,,61.3,,,61.4,0,0,6,0,0,0,0,0,0
Teven McKelvey,141854,S,S DAKOTA,12,0,0,291,59.8,,,,,,67.3,60.0,,78.8,0,0,0,4,54,33,4,41,1
Vincent Starling,141855,ED,S DAKOTA,9,0,0,291,,,,,,,65.1,,,77.2,0,0,0,0,28,9,0,24,0
Myles Harden,141857,CB,S DAKOTA,6,0,1,291,59.8,,,,,,46.6,,,28.0,0,1,0,12,0,0,0,15,0
Jailen Holman,141858,CB,S DAKOTA,12,0,0,291,59.7,,,,,,73.0,60.0,,77.8,0,0,0,7,56,0,1,43,2
Isaia Paopao,141861,CB,S DAKOTA,1,0,0,291,60.0,,,,,,60.0,,,61.7,0,0,0,1,0,0,0,0,0
Zander Flucas,141863,LB,S DAKOTA,9,0,0,291,,,,,,,63.2,,,74.5,0,0,0,0,22,34,0,14,0
Cade Parker,141864,LB,S DAKOTA,1,0,0,291,,,,,,,60.5,,,68.8,0,0,0,0,0,1,0,2,0
Josiah Ganues,141865,S,S DAKOTA,10,0,0,291,60.0,,,,,,65.0,,,71.6,0,0,0,25,1,0,0,26,0
Will Dunn,141866,ED,S DAKOTA,5,0,0,291,59.3,,,,,,60.0,,,65.2,0,0,0,4,0,0,0,3,0
Jack Hagy,141868,ED,S DAKOTA,7,0,0,291,59.7,,63.3,,,,62.7,,,67.6,0,0,12,1,0,0,0,3,0
Christian Westcott,141871,QB,SE LA,3,0,0,294,,,,,,,66.9,,,71.1,0,0,0,0,23,13,0,7,2
Connor Briggs,141877,TE,SE LA,2,0,0,294,,,,,,,60.1,,,65.0,0,0,0,0,0,5,0,0,0
Cade Collier,141878,TE,SE LA,1,0,0,294,,,,,,,35.6,,,26.1,0,1,0,0,4,0,0,6,0
John Allen,141880,G,SE LA,13,0,0,294,,,46.7,,,,56.4,,,65.4,0,0,94,0,0,0,0,0,0
Dominic Serapiglia III,141881,G,SE LA,13,0,0,294,,,81.1,,,,67.5,,,75.2,0,0,94,0,0,0,0,0,0
Jhy Orgeron,141884,T,SE LA,6,0,0,294,,,72.0,,,,64.1,,,64.0,0,0,41,0,0,0,0,0,0
Ivan Drobocky,141887,TE,SE LA,10,0,0,294,,,,62.8,,,78.2,,,77.4,0,0,0,0,5,57,0,40,0
Jack Henderson,141888,CB,SE LA,13,0,1,294,59.8,,,,,,56.2,,,28.6,2,2,0,57,95,13,30,13,4
Zy Alexander,141889,CB,SE LA,13,0,0,294,59.8,,,,,,65.3,,,78.8,0,0,0,47,5,0,0,52,0
Justin Dumas,141890,S,SE LA,13,1,0,294,59.7,,,,,,72.8,,,88.4,1,0,0,8,75,68,24,49,5
Blayne Delahoussaye,141891,CB,SE LA,9,0,0,294,59.3,,,,,,61.9,,,73.5,0,0,0,31,3,0,0,21,0
Ed Wilson,141897,S,SE LA,1,0,0,294,,,,,,,59.9,,,64.0,0,0,0,0,0,0,2,0,0
Donte' Daniels,141898,LB,SE LA,12,0,0,294,60.0,,,,,,68.5,,,50.9,1,1,0,6,87,64,20,46,4
Rodney Sopsher,141899,DI,SE LA,11,0,0,294,57.9,,,,,,57.6,,,66.9,0,0,0,19,0,0,0,2,0
Cullan Scott,141902,DI,SE LA,9,0,0,294,58.1,,,,,,58.6,,,67.4,0,0,0,20,0,0,0,4,0
Korey Karbowsky,141903,LS,SE LA,13,0,0,294,,,89.6,,,59.5,71.3,,,66.0,0,0,94,0,0,0,30,0,1
Tre Maronic,141906,TE,W ILLINOIS,10,0,0,345,,,,,,,69.8,,,85.5,3,0,0,0,36,43,53,41,9
D'Angelo Biggs,141907,WR,W ILLINOIS,4,0,0,345,,,,45.8,,,58.2,,,71.8,1,0,0,0,15,8,11,16,0
Thomas Little,141911,HB,W ILLINOIS,1,0,0,345,,,,,,,60.6,,,68.4,0,0,0,0,0,8,0,0,0
Iosefa Pua'auli,141912,FB,W ILLINOIS,5,0,0,345,,,,,,,61.5,,,71.9,0,0,0,0,2,18,0,1,0
Ludovick Choquette,141913,HB,W ILLINOIS,10,0,0,345,,,,,,,70.5,,,80.4,0,0,0,0,11,13,64,26,4
Brian Bruce,141915,DI,W ILLINOIS,6,0,0,345,58.4,,,,,,58.1,,,65.0,0,0,0,15,0,0,0,0,0
Matt Muetterties,141918,T,W ILLINOIS,11,0,0,345,,,73.2,,,,63.7,,,73.2,0,0,43,0,0,0,2,0,0
Dallas Daniels,141919,WR,W ILLINOIS,1,0,0,345,,,,,,,60.0,,,64.0,0,0,0,0,0,1,1,0,0
Daniel Bender,141921,WR,W ILLINOIS,11,0,0,345,,,,60.7,,,39.7,,,28.5,3,2,0,0,4,76,25,15,0
Braylen Brooks,141923,CB,W ILLINOIS,3,0,0,345,59.5,,,,,,60.1,,,67.7,0,0,0,11,0,0,1,0,0
Juan De La Cruz,141924,LB,W ILLINOIS,6,0,0,345,59.8,,,,,,62.9,,,75.7,0,0,0,17,20,0,33,25,0
Chimobi Nwokocha,141926,ED,W ILLINOIS,1,0,0,345,,,,,,,60.6,,,63.7,0,0,0,0,2,0,0,0,0
Bradyn Smith,141927,CB,W ILLINOIS,1,0,0,345,,,,,,,60.7,,,68.1,0,0,0,0,0,5,0,0,0
Alaric Wooten,141929,S,W ILLINOIS,11,2,0,345,59.9,,,,,,58.1,,,29.3,1,1,0,2,39,49,0,0,3
Adam Poundstone,141931,CB,W ILLINOIS,2,0,0,345,,,,,,,67.2,,,65.7,0,0,0,0,11,0,0,2,1
Carter Morrow,141933,LB,W ILLINOIS,1,0,0,345,,,,,,,60.0,,,64.1,0,0,0,0,0,0,0,1,0
Shawn Lee,141934,ED,W ILLINOIS,1,0,0,345,,,60.0,,,,60.0,,,64.5,0,0,1,0,0,0,0,0,0
Jack Hogeboom,141935,ED,W ILLINOIS,5,0,0,345,59.7,,,,,,63.6,,,74.8,0,0,0,2,26,10,0,18,1
Sam Cook,141936,ED,W ILLINOIS,3,0,0,345,59.4,,,,,,51.8,,,71.8,1,0,0,8,13,19,0,10,0
Garret Steffen,141939,DI,W ILLINOIS,6,0,0,345,58.2,,,,,,58.0,,,66.0,0,0,0,19,0,0,0,0,0
Darriell Wells,141940,CB,W ILLINOIS,1,0,0,345,,,,,,,60.0,,,64.1,0,0,0,0,0,0,0,1,0
Mason Laramie,141942,K,W ILLINOIS,11,0,0,345,,78.8,,,68.0,,63.1,,,74.3,0,0,43,0,48,0,0,0,1
Andre Gibbs,141945,S,TEXAS STHN,5,0,0,313,60.1,,,,,,54.2,,,72.4,1,0,0,10,6,18,0,11,0
Curtis Falkenburg,141950,K,TEXAS STHN,2,0,0,313,,62.2,,,41.6,,60.2,,,67.0,0,0,3,0,4,0,0,0,0
Tarik Cooper,141951,LB,TEXAS STHN,10,0,0,313,59.8,,,,,,62.5,,,71.9,0,0,0,55,3,3,0,9,0
Sawyer Evans,141954,P,TEXAS STHN,11,0,0,313,,,67.0,,,,63.4,,52.9,72.4,0,0,60,0,0,0,52,0,0
Jaden Hannah,141959,S,TEXAS STHN,1,0,0,313,,,,,,,62.3,,,69.7,0,0,0,0,12,0,0,0,0
Dylan Hamilton,141961,WR,TEXAS STHN,8,1,0,313,60.0,,,59.9,,,69.2,,,29.1,0,1,0,1,11,6,13,2,1
Jyrin Johnson,141965,WR,TEXAS STHN,5,0,0,313,,,,,,,63.5,,,73.7,0,0,0,0,3,10,16,0,1
Isaiah Hamilton,141966,CB,TEXAS STHN,11,0,1,313,59.3,,,60.0,,,35.8,,,27.4,3,3,0,51,6,9,12,12,0
Tzion Dixon,141967,LB,TEXAS STHN,6,0,0,313,60.0,,,,,,41.3,,,26.7,0,1,0,1,0,16,0,2,0
Xavier Goynes,141969,CB,TEXAS STHN,8,0,0,313,59.6,,,,,,46.9,,,30.0,4,1,0,5,31,0,16,5,2
Mehdi Torrence,141971,G,TEXAS STHN,8,0,0,313,,,75.4,,,,64.8,,,64.3,0,0,40,0,0,0,0,0,0
Isaac Garcia,141973,LS,TEXAS STHN,7,0,0,313,,,81.6,,,20.9,45.8,,,65.8,0,0,34,0,0,0,28,0,0
C'ing Blanton,141974,WR,TEXAS STHN,7,0,0,313,,,,63.2,,,62.3,,,72.5,0,0,0,0,0,8,0,20,0
Javius Williams,141975,LB,TEXAS STHN,7,0,0,313,59.9,,,,,,66.4,,,65.5,0,0,0,19,4,0,2,6,1
Gabe Smith,141976,ED,TEXAS STHN,7,0,0,313,59.7,,60.0,,,,59.1,,,71.8,0,0,7,1,0,33,0,1,0
Egan Atkins,141978,T,GRAMBLING,2,0,0,177,,,64.0,,,,62.5,,,65.9,0,0,12,0,0,0,0,0,0
Reyondous Estes,141981,CB,GRAMBLING,11,0,0,177,59.6,,,,,,78.9,,,70.4,0,0,0,9,45,0,0,9,0
Bryan Powell,141983,ED,GRAMBLING,6,0,1,177,59.5,,,,,,47.3,,,27.6,0,1,0,17,0,0,8,12,0
Joshua Reed,141984,LB,GRAMBLING,10,0,0,177,59.6,,,,,,62.7,,,70.3,0,0,0,33,0,0,5,15,0
Terry Walker,141987,CB,GRAMBLING,11,0,0,177,59.6,,,,,,60.0,,,59.5,0,2,0,3,45,41,74,13,3
Myron Stewart,141988,CB,GRAMBLING,9,1,0,177,59.9,,,,,,88.4,,,74.7,1,0,0,7,22,0,0,26,2
August Berry,141989,HB,GRAMBLING,1,0,0,177,,,,,,,59.5,,,61.8,0,0,0,0,0,3,0,0,0
Tyrin Vessel,141990,S,GRAMBLING,1,0,0,177,,,,,,,60.0,,,63.4,0,0,0,0,1,0,0,0,0
Lawrence Asiedu,141994,S,GRAMBLING,7,0,1,177,60.1,,,,,,48.6,,,28.5,0,1,0,3,0,20,17,8,0
Dayron Butler III,141995,CB,GRAMBLING,3,0,0,177,59.9,,,59.9,,,59.5,,,69.1,0,0,0,1,0,1,8,1,0
Javon Carter,141996,ED,GRAMBLING,11,0,0,177,59.5,,70.5,,,,62.8,,,68.7,0,0,31,2,0,0,16,5,0
Claude Coleman,141997,WR,GRAMBLING,6,0,0,177,,,60.0,,,,62.2,,,72.3,0,0,4,0,0,0,0,16,0
Isaiah Gray,141998,TE,GRAMBLING,3,0,0,177,,,,,,,60.5,,,68.7,0,0,0,0,0,13,22,0,0
Lane Lewis,142001,ED,GRAMBLING,11,0,0,177,59.9,,,,,,74.1,,,74.1,0,0,0,34,40,31,0,4,5
Da'len Sanders,142004,T,GRAMBLING,1,0,0,177,,,60.0,,,,60.0,,,63.4,0,0,1,0,0,0,0,0,0
Micah Torres-Whitmer,142005,LS,GRAMBLING,11,0,0,177,,,82.2,,,66.7,55.4,,,68.1,1,1,36,0,0,0,84,0,2
Tyran Cassie,142006,HB,GRAMBLING,3,0,0,177,,,,,,,60.7,,,71.0,0,0,0,0,0,3,0,5,0
Tyler Steib,142007,CB,GRAMBLING,2,0,0,177,,,,59.4,,,51.5,,,68.0,1,0,0,0,5,3,6,2,0
Taylun Druilhet,142010,QB,GRAMBLING,5,0,0,177,,,,,,,63.6,,,74.8,0,0,0,0,6,5,13,19,0
Jaylon Turner,142012,LB,GRAMBLING,5,0,0,177,60.0,,,,,,62.0,,,70.2,0,0,0,1,3,0,0,9,0
Trey Truitt,142014,WR,GRAMBLING,2,0,0,177,,,,,,,69.4,,,64.5,0,0,0,0,4,0,0,0,1
Demario Cleaves,142017,LB,GRAMBLING,11,1,0,177,59.9,,,,,,70.2,,,77.0,0,0,0,1,43,28,0,3,2
Ty Hall,142019,S,GRAMBLING,4,0,0,177,59.9,,,,,,60.9,,,69.2,0,0,0,1,0,0,1,9,0
Romello Tarver,142020,DI,ALABAMA ST,3,0,0,105,58.9,,,,,,59.8,,,74.6,0,0,0,7,0,0,0,0,0
Michael Pettway,142023,WR,JVILLE ST,3,0,0,196,,,,62.0,,,60.0,,,62.2,0,0,0,0,0,5,0,0,0
Jack Dawson,142027,P,JVILLE ST,11,0,1,196,,,65.6,,,,55.9,,69.9,29.6,0,1,41,0,0,0,51,0,0
Jake Anderson,142029,ED,JVILLE ST,8,1,0,196,,,,,,,74.5,,,77.1,0,0,0,0,22,31,0,16,4
Brandan Coward,142047,LB,BRYANT,8,0,0,124,,,,,,,65.0,,,74.0,0,0,0,0,2,32,0,0,1
Landon Ruggieri,142050,WR,BRYANT,5,0,0,124,,,,,,,60.0,,,67.6,0,0,0,0,0,16,0,0,0
David McCain,142052,LS,BRYANT,8,0,0,124,,,82.8,,,82.3,71.5,,,65.9,0,0,38,0,0,0,32,0,0
Jayvis Rayside,142055,S,BRYANT,9,0,0,124,59.5,,,,,,62.9,,,71.8,0,1,0,35,29,9,0,5,2
Ben Silver,142065,ED,BRYANT,4,0,0,124,59.7,,,,,,60.3,,,68.6,0,0,0,2,0,2,2,5,0
Kyle Cichanowsky,142068,HB,BRYANT,9,0,0,124,,,,,,,61.6,,,63.4,1,1,0,0,49,39,32,39,0
Austin Edmonds,142069,LB,BRYANT,9,2,0,124,59.8,,,,,,48.1,,,27.7,0,3,0,3,36,42,27,36,2
Ethan Gettman,142070,P,BRYANT,8,0,0,124,,,,,,,62.1,,46.5,71.9,0,0,0,0,0,0,28,0,0
Dontae Lunan,142071,LB,BRYANT,1,0,0,124,,,,,,,62.1,,,66.6,0,0,0,0,6,0,0,0,0
Colin Elliott,142072,CB,BRYANT,9,0,0,124,59.9,,,,,,59.5,,,68.5,0,0,0,35,2,2,23,4,0
Nathan Marshall,142075,G,BRYANT,9,0,0,124,,,72.8,,,,64.7,,,73.1,0,0,39,0,0,0,0,0,0
Lake Ellis,142076,CB,BRYANT,9,0,0,124,59.4,,,,,,60.6,,,69.9,0,0,0,24,0,0,0,2,0
Bruce Adlar,142077,ED,BRYANT,1,0,0,124,,,,,,,60.0,,,64.1,0,0,0,0,0,0,0,1,0
Marc Taglieri Jr.,142078,TE,BRYANT,8,0,0,124,,,69.8,,,,50.3,,,28.1,0,1,32,0,0,37,0,0,0
Christopher Eaton Jr.,142080,ED,BRYANT,9,0,0,124,58.7,,,,,,59.2,,,66.4,0,0,0,24,0,8,0,2,0
Konor Lathrop,142081,TE,BRYANT,9,0,0,124,,,73.1,59.9,,,63.7,,,74.1,0,0,41,0,0,37,0,0,0
Carlos Abascal,142082,G,BRYANT,6,0,0,124,,,73.1,,,,64.7,,,71.0,0,0,33,0,0,0,0,0,0
Kenneth Womack,142085,WR,SACR HEART,3,0,0,280,,,,,,,60.0,,,65.6,0,0,0,0,1,6,0,0,0
Payton Rhoades,142087,WR,SACR HEART,1,0,0,280,,,,,,,60.0,,,61.1,0,0,0,0,0,1,0,0,0
LJ Haskett,142088,WR,SACR HEART,2,0,0,280,,,,,,,61.6,,,65.6,0,0,0,0,6,2,0,1,0
Jalen Madison,142089,HB,SACR HEART,2,0,0,280,,,,,,,61.5,,,68.8,0,0,0,0,6,1,0,0,0
Max Hostetter,142094,TE,SACR HEART,9,0,0,280,,,,,,,60.4,,,71.0,0,0,0,0,0,33,0,0,0
Phil Pasmeg,142095,TE,SACR HEART,9,0,0,280,,,,,,,61.5,,,68.5,0,0,0,0,11,18,22,0,0
Arsheen Jiles,142101,CB,SACR HEART,11,0,0,280,59.6,,,,,,62.9,,,72.3,0,0,0,14,0,0,7,23,0
John Wood,142102,S,SACR HEART,10,0,0,280,59.8,,,,,,66.8,,,29.6,0,1,0,2,41,19,0,27,5
Quinn Hart,142103,CB,SACR HEART,10,1,0,280,,,,63.2,,,70.2,,,76.2,1,0,0,0,40,29,27,26,3
Jeremye Brown-Allen,142110,CB,SACR HEART,4,1,0,280,,,,61.8,,,72.9,,,70.6,0,0,0,0,14,4,2,14,2
Ernest Howard,142112,LB,SACR HEART,12,0,0,280,59.9,,,,,,72.2,,,82.9,1,0,0,5,53,39,29,31,4
Jalen Gopie,142114,ED,SACR HEART,7,0,0,280,60.0,,,,,,60.5,,,79.9,0,0,0,1,13,7,18,12,1
Carson Primrose,142120,DI,SACR HEART,8,0,0,280,58.5,,,,,,60.4,,,72.6,0,0,0,15,0,0,0,6,0
Onarjae Bonhometre,142121,ED,SACR HEART,4,0,0,280,60.0,,,,,,62.9,,,84.6,0,0,0,8,0,0,0,2,0
Sam Walker,142122,DI,SACR HEART,2,0,0,280,59.3,,,,,,60.1,,,66.1,0,0,0,2,0,0,0,1,0
Howard Powell,142123,DI,SACR HEART,2,0,0,280,59.3,,,,,,60.6,,,66.7,0,0,0,2,0,0,0,3,0
Kyle Davis,142124,ED,SACR HEART,1,0,0,280,,,,,,,60.0,,,64.7,0,0,0,0,0,0,0,1,0
Sam Renzi,142126,K,SACR HEART,9,0,0,280,,71.3,,,60.0,,60.9,,,66.1,0,0,27,0,1,0,0,0,0
Sam Doughty,142127,LB,SACR HEART,4,0,0,280,60.1,,60.0,,,79.1,61.0,,,68.1,1,0,3,2,6,2,4,1,1
Cooper Hutton,142156,WR,UC DAVIS,9,0,0,322,,,,,,,46.3,,,70.9,2,0,0,0,5,0,19,0,0
Lan Larison,142157,HB,UC DAVIS,12,0,0,322,,,,75.7,,,66.5,,,68.5,0,0,0,0,25,57,0,0,1
Julian Alessi,142161,WR,UC DAVIS,1,0,0,322,59.7,,,,,,60.2,,,65.7,0,0,0,4,0,0,0,0,0
Anthony Villegas,142162,HB,UC DAVIS,1,0,0,322,,,,,,,60.6,,,63.7,0,0,0,0,2,0,0,0,0
Zak Rachow,142168,T,UC DAVIS,1,0,0,322,,,60.0,,,,61.6,,,66.9,0,0,5,0,0,0,0,0,0
Abe Del Real,142169,WR,UC DAVIS,6,0,0,322,,,,,,,68.5,,,71.0,0,0,0,0,19,4,0,8,1
Josh Gale,142170,TE,UC DAVIS,4,0,0,322,,,,,,,61.5,,,68.3,0,0,0,0,3,0,0,9,0
George Moreno,142171,CB,UC DAVIS,4,0,0,322,,,,,,,59.6,,,27.8,1,1,0,0,13,6,0,10,1
Teddye Buchanan,142172,LB,UC DAVIS,12,0,0,322,59.8,,,,,,63.3,,,73.9,0,0,0,34,5,44,49,7,1
Mario Minor,142173,CB,UC DAVIS,1,0,0,322,,,,,,,62.0,,,67.0,0,0,0,0,6,0,0,0,0
Markeece Alexander,142174,CB,UC DAVIS,4,0,0,322,,,,,,,60.0,,,71.6,1,0,0,0,27,0,0,1,1
Jacob Horne,142175,CB,UC DAVIS,8,0,0,322,59.9,,,,,,59.2,,,74.3,1,0,0,3,23,0,0,31,0
Kavir Bains-Marquez,142177,S,UC DAVIS,2,0,0,322,,,,,,,59.9,,,66.0,1,0,0,0,7,4,0,1,2
Kevin Cullen,142178,CB,UC DAVIS,1,0,0,322,,,,,,,61.1,,,64.2,0,0,0,0,3,0,0,0,0
Zach Jones,142180,ED,UC DAVIS,3,0,0,322,,,,,,,61.5,,,64.6,0,0,0,0,5,0,0,0,0
Chubba Maae,142181,DI,UC DAVIS,12,0,0,322,73.3,,77.6,,,,78.5,,,70.3,0,0,60,37,0,0,0,3,0
Luka Sarac,142182,ED,UC DAVIS,12,0,0,322,60.0,,,,,,59.5,,,72.6,0,0,0,1,7,47,2,10,0
Princeton Toki,142184,DI,UC DAVIS,6,0,0,322,59.6,,71.6,,,,63.7,,,65.1,0,0,25,1,0,0,0,0,0
Noa Masui,142185,DI,UC DAVIS,1,0,0,322,59.8,,,,,,60.0,,,62.7,0,0,0,1,0,0,0,0,0
Zach Kennedy,142186,DI,UC DAVIS,12,0,0,322,59.2,,75.2,,,,63.6,,,64.1,0,0,60,11,0,0,0,0,0
Kyree Woods,142187,DI,UC DAVIS,2,0,0,322,59.6,,,,,,60.3,,,64.4,0,0,0,2,0,0,0,1,0
Isaiah Gomez,142188,K,UC DAVIS,12,0,0,322,,70.4,,,58.3,,32.5,,,27.2,0,2,60,0,2,0,0,0,0
Raymond Graham,142191,HB,PRVIEW A&M,2,0,0,270,,,,,,,90.1,,,92.9,0,0,0,0,1,10,0,0,0
Jordan D. Johnson,142193,T,PRVIEW A&M,6,0,0,270,,,74.6,,,,64.6,,,63.8,0,0,36,0,0,0,0,0,0
Jamal Marshall,142194,DI,PRVIEW A&M,4,0,0,270,58.8,,,,,,59.6,,,68.4,0,0,0,5,0,0,0,1,0
Tayvion Haggerty,142197,S,PRVIEW A&M,11,2,0,270,60.0,,,59.9,,,70.3,,,78.6,1,0,0,1,50,37,0,23,3
Shelvin Hudson,142198,ED,PRVIEW A&M,11,0,0,270,58.4,,73.9,,,,39.8,,,27.8,3,3,49,21,9,39,44,6,1
Warren Shankle,142200,LB,PRVIEW A&M,9,0,0,270,59.3,,,,,,69.4,,,74.1,1,0,0,18,31,19,12,11,3
Jordan E. Johnson,142201,LB,PRVIEW A&M,1,0,0,270,,,,,,,60.0,,,67.5,0,0,0,0,5,0,6,0,0
Jessie Evans,142203,ED,PRVIEW A&M,10,0,0,270,58.4,,73.0,,,,58.9,,,73.1,2,0,45,28,0,0,33,20,1
Luis Reyes,142204,K,PRVIEW A&M,11,0,0,270,,62.7,,,60.3,,63.5,,,75.4,1,0,49,0,60,0,0,0,2
Roy Alexander,142206,WR,ALBANY,8,0,0,106,,,,61.8,,,56.0,62.2,,64.7,0,0,0,0,0,40,0,3,0
Semaj Brown,142210,S,ALBANY,10,0,0,106,59.9,,,,,,61.7,,,79.9,0,0,0,33,35,52,28,9,0
Joey Carino,142211,QB,ALBANY,8,0,0,106,,,64.5,,,,61.6,,,61.0,0,0,30,0,0,0,0,0,0
DeVante Ford,142213,CB,ALBANY,4,0,0,106,59.9,,,,,,69.7,,,70.9,0,0,0,6,10,0,10,6,1
Scott Houseman,142215,G,ALBANY,4,0,0,106,,,60.0,,,,61.5,,,66.7,0,0,6,0,0,0,21,0,0
Ben Howe-Jones,142216,CB,ALBANY,9,0,0,106,60.0,,,,,,54.5,,,77.7,1,0,0,2,38,20,27,31,0
Brad Igweike,142217,CB,ALBANY,7,0,0,106,,,,,,,62.8,,,68.4,0,0,0,0,16,0,0,9,0
Will Marotta,142219,T,ALBANY,10,0,0,106,,,72.5,,,,63.7,,,67.7,0,0,33,0,0,0,51,0,0
DJ McConnell,142221,CB,ALBANY,9,0,0,106,59.8,,,,,,60.6,,,71.7,0,0,0,8,24,0,1,18,0
John Opalko,142224,P,ALBANY,4,0,0,106,,60.0,,,,,60.8,,53.0,68.8,0,0,1,0,0,0,9,0,0
Jackson Parker,142225,WR,ALBANY,3,0,0,106,,,,,,,59.5,,,63.6,0,0,0,0,0,4,0,0,0
Chris Potts,142227,WR,ALBANY,5,0,0,106,,,,59.6,,,60.4,,,72.3,0,0,0,0,0,22,0,0,0
Sean Ralls,142228,P,ALBANY,8,0,0,106,,,60.0,,,,62.7,,61.1,73.2,0,0,1,0,0,0,41,0,0
Max Schipani,142230,CB,ALBANY,4,1,0,106,,,,,,,67.6,,,67.9,0,0,0,0,8,15,0,0,1
Amir Shields,142232,S,ALBANY,1,0,0,106,,,,,,,60.0,,,64.3,0,0,0,0,0,0,0,1,0
Fintan Brose,142242,DI,DELAWARE,5,0,0,151,59.6,,,,,,60.6,,,66.0,0,0,0,1,0,0,22,0,0
Braden Clark,142244,G,DELAWARE,1,0,0,151,,,60.0,,,,60.6,,,61.5,0,0,2,0,0,0,0,0,0
Jack Hall,142249,ED,DELAWARE,2,0,0,151,59.0,,,,,,59.6,,,66.2,0,0,0,4,0,0,0,3,0
Dean Hall,142250,HB,DELAWARE,3,0,0,151,59.7,,,,,,68.6,,,69.5,0,0,0,6,12,0,2,6,0
RJ Macnamara,142255,LB,DELAWARE,4,0,0,151,,,,,,,62.6,,,65.1,0,0,0,0,13,0,0,0,0
Andrew Miklos,142257,TE,DELAWARE,5,0,0,151,,,60.0,,,,60.2,,,68.4,0,0,2,0,3,14,0,1,0
Tyler Pastula,142259,P,DELAWARE,10,0,0,151,,,65.1,,,,63.4,,49.0,73.8,0,1,36,0,0,0,61,0,0
Patrick Shupp,142268,G,DELAWARE,9,0,0,151,,,71.3,,,,64.0,,,67.1,0,0,26,0,0,0,0,0,0
Dillon Trainer,142269,LB,DELAWARE,10,1,0,151,,,,59.9,,,77.0,,,84.9,0,0,0,0,44,48,0,33,2
Nic Ware,142271,S,DELAWARE,10,0,0,151,60.0,,,,,,67.7,,,72.9,0,0,0,1,0,0,0,38,0
Austin Ambush,142273,S,MAINE,5,0,0,212,59.9,,,,,,65.7,,,65.5,0,0,0,14,11,0,0,4,1
Tavion Banks,142274,HB,MAINE,8,3,0,212,,,,,,,74.9,,,32.8,0,1,0,0,22,19,17,9,1
Freddie Brock IV,142276,HB,MAINE,3,0,0,212,,,,,,,59.6,,,63.8,0,0,0,0,0,1,0,2,0
John Costanza,142280,ED,MAINE,6,0,0,212,59.4,,,,,,60.6,,,66.1,0,0,0,6,0,0,1,2,0
Trevin Ewing,142282,WR,MAINE,3,0,0,212,,,,74.7,,,59.5,,,62.6,0,0,0,0,0,9,0,0,0
Bryce Henaire,142286,LB,MAINE,1,0,0,212,,,,,,,60.0,,,61.4,0,0,0,0,0,0,0,1,0
Darius McKenzie,142289,LB,MAINE,3,0,0,212,,,,,,,56.1,,,29.6,0,1,0,0,14,19,2,8,0
Montigo Moss,142290,WR,MAINE,11,0,0,212,,,,52.4,,,61.0,,,30.0,0,1,0,0,0,56,0,31,0
Kolubah Pewee Jr.,142296,CB,MAINE,9,0,0,212,74.5,,,,,,77.9,,,71.7,0,0,0,26,3,0,0,9,0
Derek Robertson,142298,QB,MAINE,2,0,0,212,,,,,,,60.4,,,65.8,0,0,0,0,0,0,0,2,0
Dorian Royal,142299,DI,MAINE,3,0,0,212,58.9,,,,,,59.5,,,64.8,0,0,0,4,0,0,0,1,0
Shakur Smalls,142301,S,MAINE,11,1,0,212,59.9,,,,,,68.6,,,73.1,1,0,0,28,55,5,10,5,6
Benito Speight,142303,CB,MAINE,4,0,0,212,59.8,,,,,,55.1,,,71.3,1,0,0,2,1,0,12,13,0
Christian Thomas,142306,LB,MAINE,9,5,0,212,60.0,,,,,,69.6,,,29.7,0,1,0,1,37,15,18,26,2
Vincent Thomas,142307,LB,MAINE,10,0,0,212,60.0,,,,,,60.3,,,44.4,2,1,0,1,52,17,16,16,3
Broox Bolden,142311,CB,NEW HAMP,9,0,0,240,,,,,,,48.6,,,28.9,0,1,0,0,2,53,0,7,0
Caleb Burke,142312,WR,NEW HAMP,1,0,0,240,,,,,,83.8,77.8,,,63.9,0,0,0,0,0,0,7,0,1
Mason Davis,142317,T,NEW HAMP,4,0,0,240,,,,,,,70.4,,,64.0,0,0,0,0,0,0,17,0,1
Zach Garron,142321,ED,NEW HAMP,7,0,0,240,59.5,,,,,,60.2,,,71.3,0,0,0,3,0,37,0,7,0
Nate Gould,142323,WR,NEW HAMP,1,0,0,240,,,,,,,60.1,,,63.5,0,0,0,0,0,2,0,0,0
Justin Jameson,142324,ED,NEW HAMP,6,0,0,240,59.0,,,,,,59.0,,,28.6,0,1,0,4,0,18,0,18,0
Brody McAndrew,142328,QB,NEW HAMP,3,0,0,240,,,61.3,,,,61.0,,,60.8,0,0,12,0,0,0,0,0,0
Duncan Moreland,142330,S,NEW HAMP,11,0,0,240,59.9,,,,,,63.9,,,79.8,0,0,0,1,23,62,0,33,0
Noah Palm,142331,S,NEW HAMP,10,0,1,240,60.0,,,,,,55.4,,,29.1,2,1,0,17,32,20,0,17,4
Brandon Perkins,142332,LB,NEW HAMP,4,0,0,240,60.0,,,,,,66.0,,,70.1,0,0,0,1,1,0,0,16,0
Neil Politano,142333,DI,NEW HAMP,11,0,0,240,58.1,,,,,,64.1,,,67.5,0,0,0,19,0,0,49,3,1
Flex Ruiz,142334,ED,NEW HAMP,6,0,0,240,59.3,,,,,,61.7,,,68.6,0,0,0,6,0,33,0,0,0
Josiah Silver,142337,ED,NEW HAMP,11,0,0,240,58.9,,66.8,,,,61.6,,,70.9,0,0,22,48,0,3,0,11,0
Nathan Sleiman,142338,S,NEW HAMP,2,0,0,240,,,,,,,59.5,,,72.0,0,0,0,0,9,10,12,1,0
Cooper Smith,142339,G,NEW HAMP,1,0,0,240,,,60.0,,,,60.0,,,61.6,0,0,1,0,0,0,0,0,0
Brendan Tighe,142340,S,NEW HAMP,4,0,0,240,,,,,,,77.1,,,72.9,0,0,0,0,18,16,0,16,3
Max Tillett,142341,LB,NEW HAMP,11,0,0,240,59.9,,,,,,58.9,,,29.2,0,1,0,8,21,0,0,37,1
Gavin Urda,142343,CB,NEW HAMP,1,0,0,240,,,,,,,62.3,,,71.4,0,0,0,0,0,0,0,4,0
Zander Barnett,142344,ED,RICHMOND,10,1,0,276,,,71.7,,,,49.3,,,27.6,1,2,35,0,21,46,2,0,1
Connor Deveney,142345,TE,RICHMOND,10,0,0,276,,,60.6,59.9,,,65.1,,,72.4,0,0,8,0,0,44,0,9,0
Konrad Ehmke,142346,CB,RICHMOND,4,0,0,276,,,,,,,61.5,,,68.5,0,0,0,0,0,0,0,10,0
Wayne Galloway,142347,LB,RICHMOND,10,3,0,276,,,,59.6,,,72.5,,,81.2,0,0,0,0,50,46,56,33,2
Jeremiah Grant,142348,ED,RICHMOND,9,0,0,276,59.0,,,,,,62.2,,,68.4,0,0,0,13,14,0,0,8,0
Chance Graves,142349,CB,RICHMOND,10,0,0,276,,,,,,,71.6,,,43.2,1,1,0,0,16,0,52,11,5
Aamir Hall,142350,CB,RICHMOND,10,0,0,276,59.3,,,,,,67.1,,,79.0,0,0,0,40,45,0,2,22,2
Jabril Hayes,142352,CB,RICHMOND,2,0,0,276,,,,,,,65.9,,,66.9,0,0,0,0,8,0,4,0,1
Brooks Heagarty,142353,TE,RICHMOND,7,0,0,276,,,60.0,,,,64.2,,,73.7,0,0,6,0,0,0,0,27,0
Quintarius Jefferies,142354,WR,RICHMOND,6,0,0,276,,,,,,,44.8,,,27.8,0,1,0,0,0,28,0,0,0
Jared Joseph,142355,LB,RICHMOND,9,0,0,276,,,,,,,67.5,,,28.9,0,1,0,0,46,0,0,1,3
Andrew Lopez,142356,P,RICHMOND,1,0,0,276,,,,,,,60.0,,63.5,66.8,0,0,0,0,0,0,4,0,0
Devin McCray,142357,S,RICHMOND,4,0,0,276,,,,,,,59.6,,,68.9,0,0,0,0,1,0,8,0,0
Ulises Sarria,142360,WR,RICHMOND,10,0,0,276,,,,,,,65.4,,,76.7,0,0,0,0,0,21,0,42,0
Noah Washington,142362,WR,RICHMOND,6,0,0,276,,,,,,,66.9,,,71.0,0,0,0,0,0,18,0,12,0
Jasiah Williams,142364,WR,RICHMOND,8,0,0,276,,,,,,,57.5,,,43.7,0,1,0,0,0,3,30,38,0
Tedy Afful,142365,WR,STNY BROOK,7,0,0,303,,,,,,,69.0,,,76.9,0,0,0,0,0,0,0,33,0
Nick Capazzola,142369,TE,STNY BROOK,11,1,0,303,,,72.1,,,,56.2,,,29.5,1,1,40,0,13,44,60,5,0
Nick Chimienti,142370,CB,STNY BROOK,6,1,0,303,60.0,,,,,,55.2,,,73.9,1,0,0,1,12,0,0,30,0
Jayden Cook,142371,HB,STNY BROOK,8,0,0,303,,,,59.6,,,66.1,,,28.9,0,1,0,0,11,14,0,33,0
Roland Dempster,142372,HB,STNY BROOK,3,1,0,303,,,,,,,75.5,,,67.3,0,0,0,0,8,0,0,0,2
JuJu Ganthier,142375,S,STNY BROOK,5,1,0,303,,,,,,,66.2,,,71.8,0,0,0,0,7,4,0,14,0
Tyler King,142379,LB,STNY BROOK,11,2,0,303,60.0,,,,,,65.8,,,72.4,2,0,0,40,35,0,43,5,4
Akeal Lalaind,142380,S,STNY BROOK,8,0,0,303,60.4,,,,,,53.4,,,26.8,1,3,0,21,19,0,11,5,2
Ross Tallarico,142385,S,STNY BROOK,1,0,0,303,,,,,,,60.3,,,64.8,0,0,0,0,0,0,0,2,0
Kevonne Wilder,142387,S,STNY BROOK,1,0,1,303,,,,,,,60.0,,,22.9,0,1,0,0,0,0,0,0,0
Temi Ajirotutu,142389,T,VILLANOVA,1,0,0,334,,,60.0,,,,60.0,,,64.0,0,0,2,0,0,0,0,0,0
William Bartel,142390,P,VILLANOVA,2,0,0,334,,68.9,,,59.8,,60.1,,,65.0,0,0,9,0,1,0,0,0,0
Brendan Bell,142391,LB,VILLANOVA,11,0,0,334,59.8,,,59.4,,,66.0,,,78.5,0,0,0,2,64,43,0,14,1
Mitch Bothwell,142392,TE,VILLANOVA,1,0,0,334,,,60.0,,,,60.0,,,64.0,0,0,2,0,0,0,0,0,0
Matt Colantuono,142393,HB,VILLANOVA,1,0,0,334,,,60.0,,,,61.5,,,61.6,0,0,7,0,0,0,0,0,0
Timmy Furgeson,142394,LB,VILLANOVA,13,0,0,334,60.0,,,,,,80.1,,,82.8,0,0,0,2,73,40,0,55,5
Jake Green,142395,DI,VILLANOVA,5,0,0,334,59.4,,,59.9,,,59.5,,,66.9,0,0,0,3,0,9,0,1,0
Ayden Howard,142396,DI,VILLANOVA,1,0,0,334,,,,,,,60.0,,,67.2,0,0,0,0,0,0,0,1,0
Richie Kimmel,142397,LB,VILLANOVA,4,0,0,334,,,,,,,56.9,,,71.1,0,0,0,0,31,0,0,0,1
Tyrell Mims,142398,CB,VILLANOVA,11,0,0,334,59.9,,,,,,54.4,,,27.3,0,4,0,2,34,0,0,51,1
Jordan Nelson,142399,LB,VILLANOVA,4,0,0,334,,,,,,,65.6,,,74.6,0,0,0,0,19,1,0,7,0
Jake Picard,142402,C,VILLANOVA,2,0,0,334,,,69.0,,,,63.6,,,69.2,0,0,18,0,0,0,0,0,0
Ethan Potter,142403,S,VILLANOVA,12,0,0,334,59.5,,,,,,69.4,,,77.1,0,0,0,32,42,39,0,28,3
John Rhodan,142404,CB,VILLANOVA,11,0,0,334,59.8,,,,,,65.5,,,73.3,0,0,0,3,0,0,0,37,0
Kshawn Schulters,142405,S,VILLANOVA,13,0,0,334,59.9,,,,,,66.4,,,78.3,0,0,0,4,0,0,0,56,0
Ty Trinh,142406,S,VILLANOVA,12,0,0,334,59.8,,,,,,69.3,,,75.5,0,0,0,17,31,29,4,15,3
Ethan Chang,142408,K,WM & MARY,10,0,0,348,,56.3,,,71.6,,63.0,,,73.8,0,0,39,0,43,0,0,0,0
Jonathan Egwuatu,142409,ED,WM & MARY,1,0,0,348,,,,,,,60.0,,,65.1,0,0,0,0,1,0,0,0,0
Charles Grant,142410,T,WM & MARY,10,0,0,348,,,71.6,,,,61.7,,,68.0,0,0,39,0,0,0,20,0,0
Garrett Huyck,142413,DI,WM & MARY,3,0,0,348,59.2,,,,,,59.4,,,64.3,0,0,0,7,0,0,0,0,0
Malachi Imoh,142414,HB,WM & MARY,3,0,0,348,,,,,,,60.2,66.4,,65.1,0,0,0,0,0,0,0,11,0
James Jennette,142415,LB,WM & MARY,5,0,0,348,59.8,,60.0,,,,53.8,,,28.4,0,1,1,2,13,9,9,14,2
John Kearney,142416,S,WM & MARY,7,0,0,348,,,,,,,61.3,,,75.4,2,0,0,0,29,15,23,19,4
DreSean Kendrick,142417,HB,WM & MARY,3,0,0,348,,,,56.6,,,60.1,,,62.7,0,0,0,0,0,11,0,0,0
Mattijs Lasore,142418,HB,WM & MARY,1,0,0,348,,,,,,,59.9,,,67.2,0,0,0,0,0,0,0,1,0
JT Mayo,142420,WR,WM & MARY,10,2,0,348,,,,57.8,,,54.9,63.3,,73.4,4,0,0,0,43,45,16,7,2
Quinn Osborne,142423,LB,WM & MARY,10,1,0,348,60.0,,,,,,81.9,,,43.3,0,1,0,2,43,41,45,35,5
John Pius,142424,ED,WM & MARY,10,0,0,348,59.7,,,,,,61.0,,,65.2,0,0,0,33,0,0,0,5,0
Tyler Rose,142425,WR,WM & MARY,1,0,0,348,,,,,,,60.0,,,64.5,0,0,0,0,0,0,1,0,0
Sammy Sarantis,142426,DI,WM & MARY,4,0,0,348,,,,,,,59.1,,,66.3,0,0,0,0,0,0,6,0,0
Colton Turner,142430,TE,WM & MARY,7,0,0,348,,,65.3,,,,62.9,,,70.9,0,0,16,0,0,3,0,0,0
Alex Washington,142431,LB,WM & MARY,10,0,1,348,59.9,,,59.9,,,67.9,,,48.5,2,1,0,1,48,41,54,35,4
Ry Yates,142432,TE,WM & MARY,9,0,0,348,,,60.0,,,,61.2,,,77.7,0,0,2,0,2,25,11,22,0
Cyrus Holder,142434,WR,DUQUESNE,1,0,0,155,,,,,,,60.0,,,61.1,0,0,0,0,0,1,0,0,0
Abdul Janneh Jr.,142437,WR,DUQUESNE,5,1,0,155,,,,,,,68.5,63.2,,71.8,0,0,0,0,15,11,6,13,0
Justin Clark,142438,CB,DUQUESNE,2,0,0,155,59.9,,,58.7,,,59.8,,,63.3,0,0,0,1,0,5,0,0,0
Garrett Owens,142440,HB,DUQUESNE,7,0,0,155,,,,58.9,,,59.5,,,65.9,0,0,0,0,0,29,0,0,0
Ty Regan,142442,WR,DUQUESNE,1,0,0,155,,,,,,,59.8,,,66.1,0,0,0,0,0,6,0,0,0
Seth Bolin,142447,CB,DUQUESNE,5,0,0,155,60.0,,,,,,48.4,,,73.9,2,0,0,1,16,0,0,16,1
Malik Thomas,142448,HB,DUQUESNE,1,0,0,155,,,,,,,60.0,,,64.4,0,0,0,0,0,1,0,0,0
Michael Fallah,142452,G,DUQUESNE,10,0,0,155,,,76.6,,,,65.2,,,65.1,0,0,48,0,0,0,0,0,0
Joey Isabella,142453,WR,DUQUESNE,6,0,0,155,,,,58.6,,,59.8,34.3,,65.9,0,0,0,0,1,14,0,12,0
Jaelen Carson,142455,CB,DUQUESNE,4,0,0,155,59.7,,,62.0,,,42.4,,,27.2,0,1,0,8,0,12,5,0,0
Daniel Baca,142457,TE,DUQUESNE,1,0,0,155,,,60.0,,,,60.0,,,60.6,0,0,1,0,0,0,0,0,0
Tyler Padezan,142458,WR,DUQUESNE,2,0,0,155,,,,,,,60.0,,,66.9,0,0,0,0,0,1,1,0,0
Jon Muehlbauer,142459,S,DUQUESNE,5,1,0,155,60.0,,,,,,68.8,,,74.4,0,0,0,2,21,17,9,8,2
Luke Harris,142461,LB,DUQUESNE,4,1,0,155,,,60.0,,,,75.6,,,72.5,0,0,7,0,13,18,11,4,3
Shane Stump,142462,LB,DUQUESNE,10,2,0,155,,,,61.8,,,63.7,,,79.3,1,0,0,0,44,42,28,34,3
Nick Leopold,142464,WR,DUQUESNE,9,0,0,155,,,,,,,90.3,73.0,,77.6,1,0,0,0,24,34,25,25,5
Jonathan Lenoski,142465,LB,DUQUESNE,9,0,0,155,,,,,,0.0,38.6,,,71.6,0,1,0,0,0,38,29,3,0
Donovan Stanley,142466,CB,DUQUESNE,8,0,0,155,59.5,,,,,,60.8,,,30.0,1,1,0,18,28,15,12,29,1
Sam Brown,142468,S,DUQUESNE,1,0,0,155,60.0,,,,,,60.2,,,65.2,0,0,0,1,0,0,0,1,0
Gusty Sunseri,142470,LB,DUQUESNE,1,0,0,155,59.9,,,,,,60.3,,,64.8,0,0,0,1,1,0,0,0,0
Ben LaCarte,142471,S,DUQUESNE,5,0,0,155,60.0,,,,,,42.2,,,27.0,0,1,0,1,5,5,8,1,0
Matt Bush,142472,LB,DUQUESNE,1,0,0,155,59.9,,,,,,60.0,,,61.1,0,0,0,1,0,0,0,0,0
Clemente Ojinnaka,142476,DI,DUQUESNE,1,0,0,155,,,60.0,,,,60.0,,,60.2,0,0,1,0,0,0,0,0,0
Kevin Kurzinger,142477,ED,DUQUESNE,10,0,0,155,58.7,,,,,,59.8,,,70.0,0,0,0,38,0,0,0,11,0
Brian Bruzdewicz,142479,K,DUQUESNE,6,0,0,155,,62.5,,,,,60.8,,,65.8,0,1,25,0,0,0,0,0,0
Davon Wells,142483,WR,LIUSHAR,8,0,0,1298,,,,72.8,,,69.7,61.6,,79.0,0,0,0,0,0,54,0,4,0
Shemar Paul,142484,HB,LIUSHAR,9,0,0,1298,,,,54.8,,,59.8,,,64.6,0,0,0,0,0,63,0,1,0
Jai Roe,142486,LB,LIUSHAR,9,1,0,1298,59.9,,,,,,64.8,,,72.4,0,0,0,8,27,0,21,2,2
Zach Rhodes,142487,WR,LIUSHAR,10,0,0,1298,,,,59.6,,,53.6,65.3,,29.2,0,1,0,0,19,56,0,22,0
Daniel Vavilchenkov,142489,WR,LIUSHAR,4,1,0,1298,,,,,,,59.1,,,29.2,0,1,0,0,13,8,18,0,1
Kevin Wilson,142491,HB,LIUSHAR,10,0,0,1298,,,,59.6,,,65.9,,,72.8,0,1,0,0,0,66,65,0,1
Connor Klementowicz,142492,FB,LIUSHAR,5,0,0,1298,,,60.0,,,,56.6,,,65.9,0,0,4,0,0,20,0,0,0
Vincent Sciglitano,142495,G,LIUSHAR,9,0,0,1298,,,71.6,,,,63.6,,,70.0,0,0,26,0,0,0,1,0,0
Lemeko Mayes,142497,WR,LIUSHAR,7,0,0,1298,,,,,,,56.8,,,76.6,0,1,0,0,0,54,0,0,0
Brian Walker,142500,TE,LIUSHAR,1,0,0,1298,,,60.0,,,,62.8,,,65.1,0,0,3,0,2,7,0,0,0
Larry Elder,142502,S,LIUSHAR,10,0,0,1298,59.6,,,,,,58.8,,,69.6,0,0,0,56,7,0,0,18,0
Ben Waibogha,142503,ED,LIUSHAR,10,0,0,1298,59.0,,,,,,60.7,,,74.9,0,0,0,48,0,0,0,19,0
Sean Kelly,142504,CB,LIUSHAR,10,0,0,1298,59.7,,,,,,62.4,,,69.4,0,0,0,43,0,0,0,16,0
Caleb Nartey,142507,CB,LIUSHAR,3,0,0,1298,59.6,,,,,,60.4,,,67.0,0,0,0,5,0,0,0,1,0
Victor Nelson,142508,S,LIUSHAR,10,1,0,1298,,,,,,,58.8,,,53.2,3,1,0,0,32,71,40,1,5
Qualil Lumpkins,142511,LB,LIUSHAR,9,1,0,1298,60.0,,,59.9,,,65.7,,,78.2,0,0,0,9,18,45,7,5,1
Javal Staton,142512,CB,LIUSHAR,3,0,0,1298,59.9,,,,,,41.8,,,26.8,0,1,0,3,7,7,0,0,0
Antwan Spencer,142514,LB,LIUSHAR,10,0,0,1298,60.0,,,,,,69.6,,,76.8,0,0,0,23,30,5,65,14,4
Mason Buono,142515,DI,LIUSHAR,4,0,0,1298,58.5,,60.3,,,,60.1,,,66.1,0,0,5,13,0,0,26,0,0
Taylor Bolesta,142516,DI,LIUSHAR,8,0,0,1298,58.1,,,,,,57.7,,,66.7,0,0,0,30,0,0,0,1,0
Elias Batten,142519,T,LIUSHAR,10,0,0,1298,,,70.1,,,,64.0,,,72.9,0,0,27,0,0,0,0,0,0
Matthew Molina,142520,ED,LIUSHAR,10,0,0,1298,58.7,,65.2,,,,60.5,,,67.6,0,0,19,21,0,0,0,4,0
Matthew Nieves,142521,ED,LIUSHAR,4,0,0,1298,59.4,,60.0,,,,58.8,,,68.6,0,0,5,2,0,18,12,1,0
Jayson Emery,142522,ED,LIUSHAR,5,0,0,1298,59.2,,60.0,,,,60.8,,,67.5,0,0,3,6,0,0,0,4,0
Justin Hertlein,142523,P,LIUSHAR,10,0,0,1298,,,,,,,63.1,,29.4,74.5,0,1,0,0,0,0,53,0,0
Jacari Carter,142525,WR,MERRIMACK,10,0,0,385,,,,62.5,,,61.2,81.8,,67.3,0,0,0,0,0,6,0,37,0
Jelani Mason,142528,WR,MERRIMACK,1,0,0,385,,,,,,,60.0,,,61.2,0,0,0,0,0,1,0,0,0
E'Lijah Gray,142532,HB,MERRIMACK,9,0,0,385,,,,,,,65.1,,,74.4,0,0,0,0,0,8,0,28,0
Nick Reimer,142535,T,MERRIMACK,9,0,0,385,,,22.9,,,,39.2,,,63.5,0,0,41,0,0,0,0,0,0
Ralph Paige Jr.,142540,C,MERRIMACK,4,0,0,385,,,68.5,,,,63.5,,,69.9,0,0,17,0,0,0,0,0,0
Jakobi Holiday,142542,G,MERRIMACK,1,0,0,385,,,60.0,,,,60.6,,,61.5,0,0,2,0,0,0,0,0,0
LJ Robinson,142545,WR,MERRIMACK,1,0,0,385,,,,,,,60.0,,,61.4,0,0,0,0,0,1,0,0,0
Deon Houston,142546,CB,MERRIMACK,2,0,0,385,59.8,,,,,,60.0,,,64.5,0,0,0,2,0,0,0,0,0
Nate Palanica Jr.,142547,S,MERRIMACK,10,0,0,385,,,,,,,67.2,,,76.2,0,0,0,0,1,0,0,36,0
Wes Matthews,142548,S,MERRIMACK,10,1,0,385,59.8,,,,,,53.8,,,28.8,2,2,0,14,54,48,0,38,4
Donte Williams,142550,S,MERRIMACK,10,0,0,385,60.0,,,,,,57.4,,,73.3,0,0,0,23,16,3,31,4,1
Ethan Royer,142551,LB,MERRIMACK,5,1,0,385,,,,,,,57.5,,,69.3,1,0,0,0,22,6,5,0,2
Malek Sabri,142552,LB,MERRIMACK,10,1,0,385,59.8,,,59.6,,,71.4,,,73.0,0,0,0,8,34,25,37,1,1
Grant Jackson,142553,CB,MERRIMACK,10,0,0,385,,,,,,,68.4,,,76.7,1,0,0,0,39,0,0,36,3
Keegan Woods,142555,LB,MERRIMACK,6,0,0,385,60.0,,,,,,61.5,,,71.5,0,0,0,17,0,0,0,1,0
Brandon Roberts,142556,DI,MERRIMACK,6,0,0,385,59.3,,,,,,59.6,,,68.0,0,0,0,14,0,0,0,2,0
Jordan Riggs,142557,ED,MERRIMACK,8,0,0,385,58.9,,62.9,,,,61.8,,,70.0,0,0,11,12,0,0,0,11,0
Tyler Leavy,142558,DI,MERRIMACK,7,0,0,385,58.5,,,,,,58.3,,,65.8,0,0,0,17,0,2,0,0,0
Melteon Davis,142559,DI,MERRIMACK,7,0,0,385,59.4,,,,,,60.4,,,71.6,0,0,0,15,0,0,0,0,0
Cole Peterson,142560,P,MERRIMACK,10,0,0,385,,,65.6,,,,62.9,,37.2,70.9,0,0,41,0,0,0,37,0,0
Matt Sokol,142563,K,MERRIMACK,8,0,0,385,,72.0,,,41.4,,63.0,,,74.1,0,0,28,0,44,0,0,0,1
Lliam Davis,142564,P,MERRIMACK,4,0,0,385,,71.5,,,44.5,,61.1,,,68.8,0,0,13,0,10,0,0,0,0
Kiaran Turner,142565,WR,PRESBYTERN,11,0,0,271,,,,60.4,,,59.4,66.1,,71.7,0,0,0,0,0,72,1,16,0
Dylan Thibault,142569,WR,PRESBYTERN,4,0,0,271,,,,58.0,,,58.9,,,65.0,0,0,0,0,0,35,0,0,0
Mack Simmons,142570,CB,PRESBYTERN,10,1,0,271,59.6,,60.0,59.4,,,72.3,,,85.0,0,1,5,17,67,68,7,5,6
Matthew Rivera,142571,WR,PRESBYTERN,2,0,0,271,,,,57.8,,,57.2,,,63.7,0,0,0,0,0,13,2,0,0
Tim Newman,142572,HB,PRESBYTERN,4,0,0,271,,,,,,,60.2,,,70.5,0,0,0,0,0,21,3,0,0
Delvecchio Powell II,142575,HB,PRESBYTERN,3,0,0,271,,,,,,,56.6,,,66.4,0,0,0,0,0,1,5,0,0
Kaleb Shaw,142576,CB,PRESBYTERN,5,0,0,271,59.8,,,,,,62.1,,,71.0,0,0,0,23,1,0,0,4,0
Sanford Satcher,142582,LB,PRESBYTERN,6,0,0,271,,,,,,,68.3,,,74.8,0,0,0,0,30,0,0,2,1
Nnamdi Orjioke,142583,HB,PRESBYTERN,4,0,0,271,,,,,,,30.0,,,67.6,0,0,0,0,0,19,7,0,1
TJ Jones,142584,TE,PRESBYTERN,5,0,0,271,,,,59.9,,,63.1,,,71.4,0,0,0,0,25,36,3,0,0
Blake Tyler,142586,C,PRESBYTERN,10,0,0,271,,,68.4,,,,60.6,,,73.2,0,0,21,0,0,0,4,0,0
Sagee Eason,142588,T,PRESBYTERN,1,0,0,271,,,60.0,,,,60.0,,,64.5,0,0,1,0,0,0,0,0,0
Noah Mangum,142593,G,PRESBYTERN,7,0,0,271,,,60.0,,,,37.0,,,25.9,0,1,3,0,0,0,4,0,0
Clint Caldwell,142594,T,PRESBYTERN,8,0,0,271,,,67.1,,,,50.4,,,28.2,0,1,20,0,0,0,3,0,0
Mickey Walker,142598,G,PRESBYTERN,9,0,0,271,,,69.7,,,,64.0,,,70.9,0,0,21,0,0,0,0,0,0
Keith Boyd,142599,T,PRESBYTERN,10,0,0,271,,,66.8,,,,60.6,,,66.4,0,0,21,0,0,0,12,0,0
Trey Williams,142602,T,PRESBYTERN,10,0,0,271,,,66.1,,,,60.9,,,63.8,0,0,21,0,0,0,2,0,0
Jordyn Wall,142603,WR,PRESBYTERN,1,0,0,271,,,,,,,61.9,,,82.6,0,0,0,0,3,0,0,0,0
Lawson Bachelder,142605,WR,PRESBYTERN,1,0,0,271,,,,,,,60.0,,,63.3,0,0,0,0,0,0,1,0,0
Jalen Jones,142606,WR,PRESBYTERN,3,0,0,271,,,,,,,57.7,,,66.0,0,0,0,0,0,0,3,1,0
Campbell Watson,142607,ED,PRESBYTERN,9,0,0,271,59.8,,66.4,,,,62.0,,,74.8,1,0,18,24,55,13,6,4,0
Worth Warner,142608,TE,PRESBYTERN,6,0,0,271,,,,,,0.0,51.2,,,67.9,0,0,0,0,12,7,9,0,1
Nathan Lovette,142610,TE,PRESBYTERN,1,0,0,271,,,60.0,,,,60.1,,,61.6,0,0,1,0,0,0,1,0,0
Keegan Halloran,142613,S,PRESBYTERN,5,0,0,271,59.4,,,,,,65.5,60.0,,79.9,0,0,0,28,32,0,0,9,0
Jayden Martin,142614,S,PRESBYTERN,4,0,0,271,59.8,,,,,,62.7,,,69.2,0,0,0,22,3,9,0,5,0
Oladapo Salimonu,142615,CB,PRESBYTERN,5,0,0,271,59.4,,,,,,68.5,,,67.9,0,0,0,12,2,0,0,3,2
Colby Smith,142616,S,PRESBYTERN,11,0,0,271,60.2,,,56.5,,,70.0,60.0,,76.4,0,0,0,65,2,56,0,19,0
Isaac Crisp,142617,CB,PRESBYTERN,5,0,0,271,,,,,,,61.0,,,32.2,0,1,0,0,32,27,0,3,1
Ryan Campbell,142618,HB,PRESBYTERN,7,0,0,271,,,,,,,56.2,60.0,,29.6,0,1,0,0,33,62,0,1,0
Cole Hooker,142621,CB,PRESBYTERN,2,0,0,271,60.0,,,,,,60.0,,,63.2,0,0,0,1,0,0,0,1,0
Jarrett Nagy,142623,LB,PRESBYTERN,7,0,0,271,58.5,,,,,,60.4,,,70.3,0,0,0,42,0,0,0,12,0
Jalen Banks,142624,ED,PRESBYTERN,8,0,0,271,59.3,,,,,,61.0,,,71.0,0,0,0,23,0,0,0,4,0
Brooks Gsell,142625,S,PRESBYTERN,10,0,0,271,59.8,,,54.5,,,60.0,,,76.0,0,0,0,10,0,74,6,4,0
Khalil Denis,142629,LB,PRESBYTERN,5,0,0,271,,,,,,,63.1,,,71.5,0,0,0,0,16,23,0,0,0
Evan Murphy,142632,LB,PRESBYTERN,11,0,0,271,59.3,,,,,,64.6,,,76.7,0,0,0,77,13,0,0,19,1
Joshua Sheppard,142633,ED,PRESBYTERN,4,0,0,271,59.7,,,,,,62.1,,,76.2,0,0,0,3,3,16,0,3,0
Hunter Mills,142634,ED,PRESBYTERN,7,1,0,271,59.3,,,,,,66.7,,,71.5,0,0,0,8,13,28,8,0,0
Hayden Cherry,142636,ED,PRESBYTERN,4,0,0,271,,,,,,,61.8,,,71.5,0,0,0,0,2,18,0,1,0
TJ Booker,142637,DI,PRESBYTERN,9,0,0,271,57.5,,,,,,58.0,,,71.9,0,0,0,36,0,0,2,5,0
Reagan Cherry,142639,LB,PRESBYTERN,8,0,0,271,58.7,,,,,,60.0,,,76.1,0,0,0,24,0,69,6,6,0
James Hyland,142640,DI,PRESBYTERN,10,0,0,271,58.0,,67.5,,,,59.8,,,70.3,0,0,21,40,0,0,0,6,0
Anthony Dye,142641,ED,PRESBYTERN,6,0,0,271,59.5,,,,,,60.7,,,72.2,0,0,0,18,0,0,0,1,0
Harrison Kennedy,142642,DI,PRESBYTERN,9,0,0,271,58.5,,,,,,60.5,,,72.7,0,0,0,40,0,0,0,10,0
Alex Sudderth,142646,ED,PRESBYTERN,8,0,0,271,59.1,,,,,,49.8,,,28.2,0,1,0,31,0,0,0,9,0
Jalen Terrell,142648,DI,PRESBYTERN,10,0,0,271,58.4,,,,,,60.6,,,77.5,0,0,0,37,0,0,0,8,0
David Kinard,142650,ED,PRESBYTERN,11,0,0,271,59.8,,,,,,64.0,,,79.6,0,0,0,54,0,0,9,18,0
CJ Tillman,142651,DI,WOFFORD,7,0,0,350,58.4,,,,,,59.2,,,67.4,0,0,0,9,0,0,0,3,0
Jack Henegan,142653,K,PRESBYTERN,10,0,0,271,,,,,49.3,,62.8,,,74.2,1,0,0,0,33,0,0,0,0
Josh Pierre-Louis,142661,DI,WAGNER,9,0,0,338,59.0,,,,,,60.6,,,69.1,0,0,0,17,0,0,0,5,0
Chase Stafford,142663,TE,WAGNER,11,0,0,338,,,68.5,,,,64.7,,,70.2,0,0,24,0,0,7,44,0,1
Travis Laster,142666,CB,WAGNER,7,0,0,338,59.8,,,,,,76.8,60.0,,70.6,0,0,0,17,15,0,6,17,3
Kile Jackson,142667,DI,WAGNER,2,0,0,338,59.6,,,,,,59.8,,,63.0,0,0,0,2,0,0,0,0,0
Nicolas Olivier,142668,CB,WAGNER,7,1,0,338,60.2,,,,,,74.0,,,68.1,0,0,0,20,18,0,0,9,3
John Gioia,142669,LB,WAGNER,3,0,0,338,59.9,,,,,,60.6,,,65.0,0,0,0,9,0,0,0,1,0
Ahmed Johnson,142671,ED,WAGNER,5,1,0,338,58.8,,,,,,66.7,,,72.2,0,0,0,5,14,7,0,8,0
Naiem Simmons,142674,WR,WAGNER,7,0,0,338,,,,56.9,,,48.4,,,28.6,0,1,0,0,0,44,0,0,0
Justin Reilly,142681,S,WAGNER,10,0,1,338,86.3,,,,,,81.0,,,29.2,0,1,0,31,30,0,0,25,2
Mateusz Zielinski,142682,T,WAGNER,7,0,0,338,,,67.1,,,,63.2,,,70.0,0,0,18,0,0,0,0,0,0
Jayvin Little,142683,WR,WAGNER,11,0,0,338,,,,67.8,,,62.3,71.4,,70.0,0,0,0,0,6,76,0,47,1
Antonio Williams,142685,C,WAGNER,1,0,0,338,,,,,,,60.0,,,63.3,0,0,0,0,0,0,0,0,0
Christian Davis,142688,S,WAGNER,11,0,0,338,59.3,,,,,,78.8,,,61.7,1,1,0,44,9,42,66,31,5
Jalin Justice,142689,LB,WAGNER,11,0,0,338,59.8,,,,,,61.7,,,74.8,1,0,0,48,1,0,38,16,1
Terrell Staton,142692,G,WAGNER,3,0,0,338,,,60.0,,,,61.5,,,65.6,0,0,5,0,0,0,0,0,0
Tre Vallar,142693,LB,WAGNER,11,0,0,338,59.7,,,,,,61.1,,,70.5,0,0,0,51,0,0,22,13,0
Jordan Murrell,142694,WR,WAGNER,4,0,0,338,,,,58.1,,,59.4,,,65.2,0,0,0,0,0,22,0,0,0
Justin Wolf,142695,TE,WAGNER,9,0,0,338,,,,59.9,,,70.3,,,78.0,0,0,0,0,28,61,52,22,6
William Cisko,142696,WR,WAGNER,3,0,0,338,,,,,,,62.7,,,71.0,0,0,0,0,0,0,4,6,0
Joey Kirner,142698,TE,WAGNER,7,0,0,338,,,73.4,,,72.5,62.5,,,68.9,0,0,16,0,0,8,0,0,0
Andre Crawley Jr.,142699,DI,WAGNER,6,0,1,338,58.5,,,,,,48.0,,,27.9,0,1,0,24,0,0,0,6,0
Michael Jones,142703,WR,WAGNER,1,0,0,338,,,,,,,60.0,,,62.4,0,0,0,0,1,0,0,0,0
Joe Schmidt,142705,WR,WAGNER,11,0,0,338,,,,,,,77.5,,,80.8,1,0,0,0,14,76,65,23,2
Tyler Richardson,142709,ED,WAGNER,10,0,0,338,59.3,,68.6,,,,63.8,,,73.0,0,0,24,5,1,0,0,2,0
Brendan Johnson,142710,CB,WAGNER,1,0,0,338,,,,,,,69.7,,,63.4,0,0,0,0,1,0,0,0,1
Lennox Lamar,142712,ED,WAGNER,9,0,0,338,59.3,,,,,,61.9,,,72.9,0,0,0,45,0,0,0,13,0
Ajay Morrison,142714,CB,WAGNER,1,0,0,338,,,,,,,60.6,,,67.6,0,0,0,0,0,0,0,2,0
Tajay Passmore,142715,DI,WAGNER,11,0,0,338,58.7,,,,,,61.7,,,70.8,0,0,0,33,0,0,45,15,0
Mekhi Pinckney,142716,C,WAGNER,3,0,0,338,,,60.0,,,,60.1,,,63.2,0,0,2,0,0,0,0,0,0
Coby Calvin,142717,S,WAGNER,10,1,0,338,60.0,,,,,,61.7,,,76.5,1,0,0,12,14,26,28,18,1
Prince Umanmielen,142721,ED,TARLETON,7,0,0,401,58.6,,,,,,90.1,,,68.0,0,0,0,11,0,0,0,8,0
Xavier Lankford,142724,QB,ALAB A&M,1,0,0,104,,,,,,,60.0,,,63.1,0,0,0,0,0,1,0,0,0
Ryan Morrow,142725,HB,ALAB A&M,8,0,0,104,,,,59.4,,,63.9,,,75.5,0,0,0,0,3,27,0,18,0
Dylan Blackburn,142727,HB,ALAB A&M,10,0,0,104,,,,59.9,,,56.7,,,29.8,0,1,0,0,28,59,14,18,0
Collin Malone,142728,HB,ALAB A&M,6,0,0,104,,,,60.0,,,61.3,,,70.7,0,0,0,0,7,24,0,4,0
Dylan Swanson,142730,T,ALAB A&M,1,0,0,104,,,60.0,,,,60.0,,,62.1,0,0,2,0,0,0,0,0,0
Cameron Williams,142731,C,ALAB A&M,3,0,0,104,,,,,,,60.0,,,65.7,0,0,0,0,0,0,4,0,0
Nicholas Crumpler,142733,G,ALAB A&M,1,0,0,104,,,,,,,60.0,,,63.3,0,0,0,0,0,0,1,0,0
Carson Vinson,142734,T,ALAB A&M,10,0,0,104,,,75.3,,,,63.7,,,76.1,0,0,57,0,0,0,4,0,0
Adrian Barrett,142735,C,ALAB A&M,1,0,0,104,,,61.5,,,,62.0,,,67.2,0,0,6,0,0,0,0,0,0
Nevell Brown,142736,T,ALAB A&M,1,0,0,104,,,60.0,,,,59.9,,,63.0,0,0,7,0,0,0,1,0,0
Bradley Caldwell,142739,WR,ALAB A&M,3,0,0,104,,,,,,,40.0,,,26.9,0,1,0,0,4,0,2,9,0
Bryson Clark,142741,TE,ALAB A&M,10,0,0,104,,,74.7,,,,57.4,,,29.7,0,1,57,0,1,18,37,0,0
DeJuan Hughes,142742,CB,ALAB A&M,9,2,0,104,,,,,,,65.5,,,30.0,0,1,0,0,55,0,0,13,0
Ja'Marian Green,142744,CB,ALAB A&M,8,0,0,104,59.5,,,,,,66.1,,,73.2,0,0,0,15,22,0,0,11,1
Joseph Narcisse II,142745,CB,ALAB A&M,4,0,0,104,60.0,,,,,,62.5,,,67.0,0,0,0,1,22,0,0,0,2
KC Eziomume,142746,CB,ALAB A&M,10,0,0,104,59.4,,,,,,73.3,,,77.8,0,0,0,23,0,0,14,30,1
Khalil Griffin,142748,CB,ALAB A&M,10,1,0,104,59.9,,,,,,71.4,,,76.1,0,0,0,7,57,16,3,23,2
Dimitris Biamby,142753,LB,ALAB A&M,9,0,0,104,59.6,,,,,,81.8,,,75.3,0,0,0,5,58,0,18,22,4
Liston Richardson,142758,DI,ALAB A&M,2,0,0,104,59.6,,,,,,60.2,,,64.5,0,0,0,1,0,0,0,1,0
Troy Lendvay,142760,P,ALAB A&M,10,1,0,104,,,66.8,,49.4,,56.7,,58.0,29.4,0,3,57,0,8,0,34,0,1
Kendrell Flowers,142763,HB,SCAR STATE,2,1,0,290,,,,,,,64.1,,,64.6,0,0,0,0,1,3,0,0,0
Rakim White,142764,WR,SCAR STATE,3,0,0,290,,,,66.9,,,67.7,,,65.0,0,0,0,0,5,12,0,0,1
Xayvion Knox,142765,HB,SCAR STATE,5,0,0,290,,,,58.4,,,76.7,,,73.2,0,0,0,0,4,8,0,24,0
Khalil Ellis,142767,TE,SCAR STATE,4,0,0,290,,,,,,,66.8,,,71.0,0,0,0,0,0,22,0,0,0
Cam Johnson,142769,T,SCAR STATE,12,0,0,290,,,73.6,,,,64.0,,,64.4,0,0,49,0,0,0,11,0,0
Eric Brown,142770,C,SCAR STATE,10,0,0,290,,,75.1,,,,64.0,,,66.9,0,0,39,0,0,0,44,0,0
Nick Taiste,142771,G,SCAR STATE,10,0,0,290,,,73.2,,,,64.3,,,65.3,0,0,41,0,0,0,0,0,0
Jaelyn Perry,142772,WR,SCAR STATE,5,0,0,290,,,,63.2,,,44.7,,,29.7,0,1,0,0,1,26,0,16,0
Justin Smith-Brown,142775,WR,SCAR STATE,1,0,0,290,,,,,,,60.8,,,65.8,0,0,0,0,3,0,0,0,0
Jamre Benjamin,142777,CB,SCAR STATE,10,0,0,290,59.5,,,,,,70.5,,,80.7,0,1,0,16,41,17,16,36,6
Michael Brunson,142778,CB,SCAR STATE,11,1,0,290,59.8,,,,,,72.0,,,84.7,1,0,0,3,36,47,33,39,4
Aaron Smith,142779,LB,SCAR STATE,12,5,1,290,59.5,,,,,,65.0,,,48.0,2,1,0,10,57,50,67,36,5
Nathaniel Wilcox,142782,ED,SCAR STATE,5,0,0,290,59.4,,,,,,59.6,,,64.4,0,0,0,9,0,0,0,0,0
Timothy Shelton,142783,DI,SCAR STATE,1,0,0,290,59.6,,,,,,59.8,,,62.4,0,0,0,1,0,0,0,0,0
Dajon Funderburk,142785,DI,SCAR STATE,4,0,0,290,58.8,,,,,,60.0,,,71.9,0,0,0,8,0,0,0,2,0
Jared Kirksey,142786,ED,SCAR STATE,5,0,0,290,59.6,,,,,,60.0,,,65.3,0,0,0,12,0,0,0,0,0
Dyson Roberts,142787,P,SCAR STATE,12,0,1,290,,60.3,60.0,,45.2,,56.2,,57.7,41.5,1,1,23,0,25,0,83,0,2
Bryce Turner,142789,S,PRVIEW A&M,11,0,0,270,85.6,,,,,,90.1,60.0,,71.7,0,0,0,31,3,0,1,16,0
Seth Robasciotti,142792,TE,CAL POLY,10,0,0,129,,,66.0,,,,54.4,,,29.5,0,1,17,0,0,63,56,0,0
Austin Anderson,142796,T,CAL POLY,10,0,0,129,,,70.4,,,,63.3,,,70.9,0,0,28,0,0,0,1,0,0
Eli Otero,142798,G,CAL POLY,1,0,0,129,,,60.0,,,,60.0,,,61.0,0,0,1,0,0,0,0,0,0
Giancarlo Woods,142801,WR,CAL POLY,9,0,0,129,,,,,,,64.2,57.4,,69.7,0,0,0,1,1,14,0,39,1
CJ Woods,142804,TE,CAL POLY,9,0,0,129,,,68.5,,,,62.4,,,69.0,0,0,24,0,0,17,0,0,0
Trevor Owens,142806,CB,CAL POLY,10,0,0,129,59.7,,,,,,65.1,,,76.6,0,0,0,28,1,7,0,31,0
Xavier Oliphant,142807,CB,CAL POLY,9,0,0,129,59.4,,,,,,52.7,65.8,,29.2,0,1,0,43,0,0,1,28,0
Isaiah Robinson,142809,S,CAL POLY,11,0,0,129,59.7,,,,,,66.4,,,70.0,0,0,0,31,24,35,0,1,2
Michael Briscoe,142810,WR,CAL POLY,5,0,0,129,,,,,,,67.3,,,72.1,0,0,0,0,0,0,7,19,1
Zach Hernandez,142811,S,CAL POLY,7,0,0,129,60.1,,,,,,61.9,,,75.8,0,0,0,4,16,23,0,18,0
Jeremy Justice,142812,S,CAL POLY,7,0,0,129,59.9,,,,,,68.3,,,74.6,0,0,0,6,15,28,6,25,2
Hudson Walker,142815,ED,CAL POLY,6,0,0,129,59.8,,,,,,60.9,,,64.3,0,0,0,1,0,0,24,0,0
Elijah Ponder,142819,ED,CAL POLY,11,0,0,129,59.2,,,,,,62.0,,,72.6,0,0,0,58,0,9,0,17,0
John Smolenski,142824,DI,CAL POLY,5,0,0,129,58.6,,,,,,59.5,,,65.7,0,0,0,10,0,0,14,1,0
Cruz Rubio,142825,LS,CAL POLY,11,0,0,129,,,80.6,,,92.6,74.5,,,67.7,1,0,31,0,0,0,72,0,0
Darius Meeks,142837,G,CHARLES SO,5,0,0,135,,,70.7,,,,63.7,,,63.6,0,0,21,0,0,0,0,0,0
Lee Mathews,142838,G,CHARLES SO,2,0,0,135,,,64.1,,,,62.6,,,70.0,0,0,11,0,0,0,0,0,0
Chandler Jones,142839,WR,CHARLES SO,2,0,0,135,,,,,,,61.1,,,68.0,0,0,0,0,0,7,0,6,0
Ryan Fleming,142843,WR,CHARLES SO,3,0,0,135,,,,,,,63.0,,,70.0,0,0,0,0,0,9,0,12,0
Kale Anderson,142845,WR,CHARLES SO,5,0,0,135,,,,,,,64.9,60.2,,69.7,0,0,0,0,0,0,0,25,0
Nehemiah Harris,142849,CB,CHARLES SO,1,0,0,135,,,,,,,61.2,,,66.6,0,0,0,0,2,0,0,4,0
Dominic Pagano,142850,S,CHARLES SO,7,1,0,135,60.2,,,59.9,,,67.5,,,77.8,3,0,0,10,26,11,36,9,3
Matthew Williams,142851,CB,CHARLES SO,10,1,0,135,59.3,,,,,,62.7,,,75.2,0,0,0,41,10,6,4,9,0
Jaron Richardson,142852,CB,CHARLES SO,7,0,0,135,,,,,,,63.7,,,74.5,0,0,0,0,16,17,0,23,0
Tylan Hollis,142853,LB,CHARLES SO,10,2,0,135,60.1,,,,,,68.5,,,82.8,0,1,0,8,5,50,59,36,2
Matt Suriano,142855,DI,CHARLES SO,6,0,0,135,59.6,,,,,,60.6,,,65.4,0,0,0,1,0,0,7,1,0
DaQuan Robinson,142857,ED,CHARLES SO,6,0,0,135,,,,,,,29.6,,,68.5,1,0,0,0,8,29,8,0,0
Tylon Chambers,142858,DI,CHARLES SO,10,0,0,135,59.1,,,,,,59.8,,,70.6,0,0,0,24,0,0,0,2,0
Elijah Harper,142861,ED,CHARLES SO,6,2,0,135,,,60.0,,,,84.4,,,78.3,0,0,1,0,27,1,42,32,5
Jack Neri,142932,TE,MONMOUTH,1,0,0,231,,,60.0,,,,60.0,,,64.5,0,0,1,0,0,0,0,0,0
Alex Bryant,142934,WR,MONMOUTH,9,0,0,231,,,,59.6,,,70.0,,,70.6,0,0,0,0,9,10,0,29,2
Dymere Miller,142935,WR,MONMOUTH,11,0,0,231,,,,58.4,,,75.6,,,73.5,0,0,0,0,4,53,9,1,3
Jaden Shirden,142937,HB,MONMOUTH,1,0,0,231,,,,52.4,,,60.0,,,63.7,0,0,0,0,0,1,0,0,0
Jamir Barnes,142939,HB,MONMOUTH,2,0,0,231,,,,,,,60.1,,,65.5,0,0,0,0,0,3,0,0,0
Mike Reid,142944,CB,MONMOUTH,11,0,0,231,59.6,,,,,,64.4,,,82.7,1,0,0,19,64,40,1,32,4
Jude Umnuakwe,142946,CB,MONMOUTH,7,0,0,231,60.0,,,,,,61.4,,,68.6,0,0,0,2,11,7,3,1,0
Eli Avivi,142947,CB,MONMOUTH,1,0,0,231,,,,,,,60.7,,,66.3,0,0,0,0,3,0,0,0,0
Caleb Dennis,142948,LB,MONMOUTH,2,0,0,231,60.0,,,,,,61.4,,,63.8,0,0,0,1,4,0,0,0,0
Andrew Vera,142950,LB,MONMOUTH,2,0,0,231,,,,,,,62.0,,,67.0,0,0,0,0,6,0,0,0,0
Sheku Tonkara,142951,DI,MONMOUTH,7,0,0,231,58.7,,,,,,58.8,,,68.7,0,0,0,9,0,0,0,6,0
Matt Clark,142952,DI,MONMOUTH,2,0,0,231,59.3,,,,,,59.3,,,64.0,0,0,0,1,0,0,0,1,0
Youssef Gamel,142954,ED,MONMOUTH,1,0,0,231,,,,,,,60.0,,,63.5,0,0,0,0,0,0,0,1,0
Justin O'Bannon,142956,ED,MONMOUTH,9,0,0,231,59.6,,,,,,62.0,,,71.7,0,0,0,10,0,0,0,8,0
Dominick Spano,142957,DI,MONMOUTH,11,0,0,231,57.7,,,,,,58.8,,,72.4,0,0,0,35,0,0,0,11,0
Jig Williams,142960,WR,RHODE ISLD,8,0,0,274,,,,,,,79.6,,,90.3,0,0,0,0,0,2,0,28,0
Jamall Mensah,142963,WR,RHODE ISLD,10,0,0,274,,,,59.9,,,66.6,,,71.8,0,0,0,0,0,2,0,31,0
Jaylen Smith,142964,HB,RHODE ISLD,9,0,0,274,,,,65.6,,,60.1,,,64.0,0,0,0,0,0,41,0,0,0
Ajani Cornelius,142968,T,RHODE ISLD,9,0,0,274,,,17.5,,,,29.8,,,69.4,0,0,43,0,0,0,0,0,0
Jacob Otts,142971,G,RHODE ISLD,4,0,0,274,,,69.7,,,,54.2,,,27.4,0,1,26,0,0,0,0,0,0
Josh Doyle,142972,CB,RHODE ISLD,7,0,0,274,,,,,,,66.9,,,70.6,0,0,0,0,0,0,0,28,0
Arthur White,142974,CB,RHODE ISLD,11,0,0,274,60.0,,,,,,65.2,,,75.1,0,0,0,1,55,34,1,16,0
Mekhi Bethel,142975,LB,RHODE ISLD,10,0,0,274,60.0,,,,,,66.5,,,76.3,1,0,0,2,47,19,0,1,3
Fredrick Mallay,142976,CB,RHODE ISLD,9,0,0,274,59.7,,,,,,65.7,,,75.7,1,0,0,8,0,0,14,33,2
Gabe Salomons,142979,ED,RHODE ISLD,6,0,0,274,59.7,,,,,,59.0,,,66.3,0,0,0,5,0,26,0,0,0
Jasyn Andrews,142982,DI,RHODE ISLD,2,0,0,274,59.8,,60.0,,,,60.1,,,62.7,0,0,1,1,0,0,0,0,0
Westley Neal Jr.,142983,DI,RHODE ISLD,11,0,0,274,57.5,,,,,,57.4,,,69.8,0,0,0,42,0,0,0,4,0
Coleman Bennett,142986,WR,BUCKNELL,7,0,0,125,,,,57.1,,,60.4,,,64.0,0,0,0,0,0,38,0,0,0
Danny Meuser,142987,HB,BUCKNELL,9,0,0,125,,,,59.6,,,59.8,,,29.4,0,1,0,0,14,60,20,20,2
Sean Quarterman,142988,C,BUCKNELL,1,0,0,125,60.0,,,,,,60.0,,,61.7,0,0,0,1,0,0,0,0,0
Ethan Pitzel,142989,T,BUCKNELL,1,0,0,125,,,,,,,60.0,,,63.3,0,0,0,0,0,0,1,0,0
Jack Wall,142991,G,BUCKNELL,8,0,0,125,,,65.4,,,,62.9,,,64.1,0,0,19,0,0,0,0,0,0
Damian Harris,142993,WR,BUCKNELL,1,0,0,125,,,,,,,60.0,,,63.3,0,0,0,0,0,0,1,0,0
Adam Barakat,142995,TE,BUCKNELL,5,0,0,125,,,,,,,62.6,,,67.1,0,0,0,0,0,27,1,0,0
Caleb Gillen,142997,WR,BUCKNELL,7,0,0,125,,,,,,,65.0,,,76.0,0,0,0,0,0,29,7,20,0
Jeff Odongo,142998,S,BUCKNELL,11,0,0,125,60.1,,,,,,52.5,,,28.7,0,1,0,6,29,0,14,13,0
Quentin Lemon,142999,S,BUCKNELL,7,1,0,125,59.3,,,,,,62.6,,,75.1,0,0,0,9,9,32,19,20,0
Blake Leake,143001,LB,BUCKNELL,10,0,0,125,59.5,,,,,,66.5,,,70.3,0,0,0,47,1,11,10,11,2
Tyler Alston,143003,ED,BUCKNELL,11,2,0,125,59.2,,,59.9,,,67.0,,,73.2,0,0,0,43,5,22,20,1,0
Mike Bright Jr.,143004,ED,BUCKNELL,10,0,0,125,59.2,,,,,,59.5,,,66.2,0,0,0,47,1,0,0,0,0
Tyler Bower,143005,LB,BUCKNELL,5,0,0,125,60.0,,,,,,60.3,,,69.3,0,0,0,1,2,5,0,3,0
Mark Dunckle,143006,DI,BUCKNELL,1,0,0,125,59.6,,,,,,59.8,,,62.0,0,0,0,1,0,0,0,0,0
Connor Carretta,143007,DI,BUCKNELL,10,0,0,125,57.9,,60.0,,,,57.7,,,67.9,1,0,6,40,0,0,37,0,1
Nathaniel Carson,143008,DI,BUCKNELL,11,0,0,125,58.4,,65.9,,,,41.3,,,66.9,1,0,19,27,0,0,61,0,0
Kyle Dowgin,143009,LS,BUCKNELL,1,0,0,125,,,,,,83.1,65.8,,,63.7,0,0,0,0,0,0,6,0,0
Aidan Davenport,143011,LS,BUCKNELL,10,0,0,125,,,75.3,,,77.5,51.9,,,29.4,0,1,19,0,0,0,62,0,0
Ryan Schatzel,143012,K,BUCKNELL,11,0,0,125,,63.2,,,44.3,,62.3,,,72.5,0,0,19,0,29,0,0,0,0
Ruben Anderson,143013,P,BUCKNELL,11,0,0,125,,,62.9,,,,63.5,,55.4,75.1,0,1,19,0,0,0,69,0,0
Jake Spencer,143014,WR,COLGATE,11,0,0,142,,,,59.9,,,60.0,82.1,,67.7,0,0,0,0,0,50,0,27,0
Max Hurleman,143017,HB,COLGATE,4,0,0,142,,,,59.9,,,70.9,,,69.0,0,0,0,0,1,11,0,0,0
William Parker,143019,TE,COLGATE,6,0,0,142,,,,,,,58.6,,,68.6,0,0,0,0,0,26,0,0,0
Bardhyl Gashi,143021,G,COLGATE,1,0,0,142,,,60.0,,,,60.0,,,61.0,0,0,1,0,0,0,0,0,0
Jake Ryan,143022,WR,COLGATE,10,0,0,142,,,,59.9,,,61.3,,,70.4,0,0,0,0,5,18,0,20,0
Owen Goss,143026,S,COLGATE,10,1,0,142,60.0,,,,,,68.7,,,75.5,0,0,0,35,20,0,32,5,1
Sage Luther,143027,S,COLGATE,11,1,0,142,60.0,,,,,,73.7,,,86.3,0,0,0,1,45,13,0,20,1
Michael Slivka,143028,LB,COLGATE,6,0,0,142,59.9,,21.3,,,,30.0,,,62.2,0,0,20,2,0,0,0,0,0
Nick Marsh,143029,ED,COLGATE,8,0,0,142,58.2,,,,,,57.9,,,65.9,0,0,0,23,0,0,0,0,0
Drew Frankel,143030,ED,COLGATE,8,0,0,142,59.9,,60.6,,,,62.4,,,72.4,0,0,8,1,7,30,0,11,0
Evan Jones,143032,LB,COLGATE,1,0,0,142,60.0,,,,,,60.0,,,61.7,0,0,0,1,0,0,0,0,0
Taylor Margolis,143033,LB,COLGATE,1,0,0,142,,,,,,,60.0,,,63.9,0,0,0,0,1,0,0,0,0
Christian Sweeney,143035,ED,COLGATE,11,1,1,142,59.9,,,,,,64.1,,,78.4,0,1,0,8,43,53,0,4,2
Austin McClendon,143036,ED,COLGATE,4,0,0,142,59.6,,,,,,60.3,,,64.8,0,0,0,3,0,0,0,2,0
Ja-lon Perkins,143037,ED,COLGATE,7,0,0,142,59.3,,,,,,61.1,,,67.3,0,0,0,11,0,0,0,5,0
Ke'Tre Dickens II,143038,DI,COLGATE,10,0,0,142,58.1,,,,,,58.2,,,68.9,0,0,0,24,0,0,0,9,0
Jacob Jaworski,143039,K,COLGATE,5,0,0,142,,69.2,,,60.1,,60.4,,,65.3,0,0,13,0,1,0,0,0,0
Cole Thornton,143040,WR,FORDHAM,6,0,0,168,,,,,,,61.0,68.4,,66.3,0,0,0,0,0,0,0,26,0
Mekai Felton,143042,WR,FORDHAM,10,0,0,168,,,,,,,70.1,,,80.0,1,0,0,0,46,14,33,27,4
Cody Johnson,143049,DI,FORDHAM,7,0,0,168,58.4,,60.0,,,,59.7,,,66.9,0,0,5,14,0,0,0,4,0
Evan Harkin,143050,WR,FORDHAM,1,0,0,168,,,,,,,60.0,,,66.8,0,0,0,0,0,8,0,0,0
Deon Montgomery,143051,CB,FORDHAM,6,0,0,168,59.6,,,,,,61.3,,,68.2,0,0,0,7,1,2,0,3,0
Mike Courtney,143052,LB,FORDHAM,11,0,0,168,60.1,,,,,,67.3,,,80.8,1,0,0,35,54,39,22,39,4
Nahil Perkins,143053,CB,FORDHAM,4,0,0,168,59.6,,,,,,66.5,,,69.2,0,0,0,7,1,0,0,10,1
Jed Denobile,143054,S,FORDHAM,3,0,0,168,59.9,,,,,,60.4,,,63.6,0,0,0,2,2,0,0,0,0
Jason Walker,143055,ED,FORDHAM,11,0,0,168,58.9,,72.7,,,,62.6,,,66.6,0,0,42,21,0,0,0,4,0
Richard Hofus,143056,DI,FORDHAM,9,0,0,168,57.7,,,,,,57.9,,,68.6,0,0,0,37,0,0,0,5,0
John O'Friel,143057,P,FORDHAM,11,0,0,168,,,,,,,63.1,,51.3,74.6,1,0,0,0,0,0,53,0,0
Nick Leinenweber,143058,K,FORDHAM,11,0,0,168,,72.2,,,,,61.4,,,67.1,0,0,57,0,0,0,0,0,0
Christo Kelly,143063,C,HOLY CROSS,1,0,0,181,,,60.0,,,,60.8,,,66.5,0,0,3,0,0,0,0,0,0
Eric Schon,143064,G,HOLY CROSS,12,0,0,181,,,78.1,,,,66.3,,,74.0,0,0,63,0,0,0,0,0,0
Luke Newman,143066,T,HOLY CROSS,13,0,0,181,,,76.9,,,,65.2,,,64.3,0,0,71,0,0,0,0,0,0
Declan McCauley,143067,T,HOLY CROSS,4,0,0,181,,,67.2,,,,63.3,,,71.0,0,0,18,0,0,0,0,0,0
Jalen Coker,143068,WR,HOLY CROSS,3,0,0,181,,,,,,,62.5,,,73.7,0,0,0,0,1,0,0,10,0
Quinton Gregory,143070,WR,HOLY CROSS,2,0,0,181,,,,,,,69.2,,,66.7,0,0,0,0,2,0,0,4,1
Terrence Spence,143073,CB,HOLY CROSS,7,0,0,181,59.5,,,,,,73.5,,,75.4,0,0,0,12,8,0,10,38,1
Malik Scott,143074,CB,HOLY CROSS,8,0,0,181,59.8,,,,,,65.1,,,73.2,0,0,0,3,0,0,3,38,0
Matthew Kane,143075,S,HOLY CROSS,1,0,0,181,,,,,,,62.3,,,71.5,0,0,0,0,5,0,0,4,0
Brian Vaganek,143076,ED,HOLY CROSS,6,0,0,181,59.5,,,,,,59.8,,,64.7,0,0,0,5,0,1,0,0,0
Matt Duchemin,143077,CB,HOLY CROSS,4,0,0,181,59.9,,,,,,52.0,,,69.4,0,0,0,1,2,10,0,8,0
Joe Rivers,143078,CB,HOLY CROSS,1,0,0,181,,,,,,,63.3,,,68.4,0,0,0,0,0,0,0,6,0
J.P. Raiger,143079,S,HOLY CROSS,1,0,0,181,,,,,,,60.0,,,67.1,0,0,0,0,0,0,0,2,0
Phoenix Dickson,143081,LB,HOLY CROSS,10,0,0,181,59.9,,,59.4,,,74.4,,,75.5,0,0,0,3,1,18,0,39,0
Dante Bolden,143082,LB,HOLY CROSS,12,1,0,181,60.1,,60.0,59.9,,,65.2,,,77.6,0,0,6,3,70,42,51,31,1
Dillon Springer,143085,DI,HOLY CROSS,4,0,0,181,59.1,,,,,,59.1,,,63.5,0,0,0,4,0,0,0,0,0
Jared Dyer,143086,DI,HOLY CROSS,2,0,0,181,59.0,,,,,,59.2,,,64.1,0,0,0,4,0,0,0,0,0
Mike Barr,143090,G,LAFAYETTE,7,0,0,203,,,,,,,60.9,,,66.2,0,0,0,0,0,0,28,0,0
Mason Gilbert,143093,TE,LAFAYETTE,7,0,0,203,,,68.2,,,,63.1,,,62.3,0,0,23,0,0,0,0,0,0
Joseph Groves,143094,WR,LAFAYETTE,10,2,0,203,,,,,,,79.9,,,79.9,1,0,0,0,41,3,14,40,6
Zack Saturn,143095,WR,LAFAYETTE,2,0,0,203,,,60.0,,,,61.2,,,65.9,0,0,4,0,0,11,0,2,0
Semaj Cross,143096,S,LAFAYETTE,5,0,0,203,,,,,,,40.8,,,68.0,1,0,0,0,15,1,4,2,1
A.T. Ntantang,143097,CB,LAFAYETTE,10,0,0,203,59.7,,,,,,70.0,,,78.6,0,0,0,4,0,0,36,29,2
Preston Forney,143098,LB,LAFAYETTE,4,0,0,203,60.0,,,,,,60.7,,,63.5,0,0,0,16,0,0,0,1,0
Shaikyi Hannah,143099,CB,LAFAYETTE,8,0,0,203,59.4,,,60.0,,,60.8,66.8,,71.0,0,0,0,34,0,1,0,22,0
Neriyan Brown,143100,S,LAFAYETTE,9,0,0,203,60.0,,,59.4,,,67.0,,,72.8,0,0,0,4,38,5,0,0,1
Tristen Roundtree,143101,S,LAFAYETTE,7,0,0,203,,,,,,,62.0,,,71.2,0,0,0,0,3,27,0,9,0
Justin Mitala,143103,ED,LAFAYETTE,2,0,0,203,,,,,,,59.5,,,65.4,0,0,0,0,0,5,0,0,0
Max Kauthen,143104,LB,LAFAYETTE,3,1,0,203,,,,,,,58.5,,,73.8,1,0,0,0,8,17,0,11,0
Adam Port,143106,DI,LAFAYETTE,2,0,0,203,,,,,,,60.2,,,61.8,0,0,0,0,0,0,3,0,0
Marcus Joseph,143108,DI,LAFAYETTE,1,0,0,203,,,,,,,60.1,,,61.5,0,0,0,0,0,0,2,0,0
Jakob Trestik,143109,P,LAFAYETTE,10,0,0,203,,,64.2,,47.0,,63.7,,48.0,76.0,0,1,28,0,38,0,39,0,0
Connor Kennedy,143110,WR,LEHIGH,8,1,0,205,,,,,,,66.3,,,78.3,2,0,0,0,8,24,44,15,2
Roemello Miner,143111,WR,LEHIGH,8,0,0,205,,,,,,,62.8,,,75.9,0,0,0,0,0,37,0,17,0
Dante Perri,143112,QB,LEHIGH,3,0,0,205,,,60.0,,,,60.2,,,60.4,0,0,3,0,0,0,0,0,0
Jack DiPietro,143114,HB,LEHIGH,10,1,0,205,,,,61.8,,,69.2,,,80.1,1,0,0,0,21,58,0,44,2
Charlie Aberle,143115,G,LEHIGH,7,0,0,205,,,68.7,,,,63.6,,,70.0,0,0,22,0,0,0,0,0,0
Kyle Reiss,143116,DI,LEHIGH,1,0,0,205,59.7,,,,,,60.0,,,61.8,0,0,0,1,0,0,0,0,0
George Padezanin,143117,C,LEHIGH,2,0,0,205,,,60.0,,,,60.3,,,65.4,0,0,2,0,0,0,0,0,0
Jackson Wiles,143119,G,LEHIGH,4,0,0,205,,,67.7,,,,63.1,,,65.2,0,0,19,0,0,0,0,0,0
Eric Johnson,143121,WR,LEHIGH,10,0,0,205,,,,,,,64.0,,,46.4,0,1,0,0,0,47,30,2,2
Donovan Thomas,143123,S,LEHIGH,10,1,0,205,59.9,,,58.9,,,61.8,71.7,,31.3,0,1,0,29,27,42,54,44,1
LaTreil Wimberly,143124,CB,LEHIGH,10,0,0,205,59.3,,,,,,61.3,,,71.6,0,0,0,39,0,0,0,6,0
Devari Robinson,143125,S,LEHIGH,10,2,0,205,59.8,,,,,,82.4,,,81.2,0,0,0,19,31,15,60,44,2
Donovan Lassiter,143126,CB,LEHIGH,10,0,0,205,59.2,,,54.2,,,62.6,63.8,,75.5,0,0,0,47,0,33,0,41,0
Tim Bell,143128,ED,LEHIGH,4,0,0,205,59.4,,,,,,60.2,,,64.3,0,0,0,4,2,0,0,0,0
Corey Melzer,143129,S,LEHIGH,4,0,0,205,,,,,,,69.0,,,71.9,0,0,0,0,0,0,0,12,0
Drew DeMorat,143131,LB,LEHIGH,2,0,0,205,,,,,,,60.4,,,65.1,0,0,0,0,2,0,0,0,0
Mike DeNucci,143132,LB,LEHIGH,9,0,0,205,59.6,,,,,,61.2,,,66.0,0,0,0,36,1,1,0,7,0
Christian Jablonski,143133,DI,LEHIGH,4,0,0,205,58.2,,,,,,58.1,,,65.5,0,0,0,20,0,0,0,1,0
Spencer Roof,143134,S,LEHIGH,10,0,0,205,60.2,,,,,,57.8,,,68.9,0,0,0,48,15,0,0,6,0
Trevor Harris,143135,ED,LEHIGH,9,1,0,205,58.4,,,,,,61.1,,,67.9,0,0,0,35,2,0,0,2,0
Ben Murphy,143136,DI,LEHIGH,4,0,0,205,58.3,,,,,,58.7,,,67.1,0,0,0,15,0,0,0,2,0
Ben Banks-Altekruse,143138,P,LEHIGH,4,0,0,205,,,62.9,,,,61.3,,,60.9,0,0,19,0,0,0,0,0,0
Daniel Simpson,143139,P,LEHIGH,10,0,0,205,,,,,,,63.4,,53.6,75.4,0,0,0,0,0,0,63,0,0
Joey Suchy,143141,HB,BUTLER,10,0,0,127,,,,63.2,,,67.4,,,76.3,1,0,0,0,40,62,0,11,5
Jack Boyd,143143,HB,BUTLER,9,0,0,127,,,,61.4,,,53.3,,,74.6,2,0,0,0,24,51,34,15,1
Austin Korba,143144,DI,BUTLER,10,0,0,127,58.8,,,,,,60.4,,,74.1,0,0,0,43,0,0,0,6,0
Fabian Gonzalez,143148,T,BUTLER,2,0,0,127,,,60.0,,,,61.3,,,63.4,0,0,6,0,0,0,0,0,0
Jack Turner,143150,G,BUTLER,8,0,0,127,,,73.6,,,,56.9,,,27.6,0,1,32,0,0,0,0,0,0
JD Hollis,143152,WR,BUTLER,1,0,0,127,,,,,,,52.5,,,76.0,1,0,0,0,5,7,0,3,0
Colin Kelly,143153,WR,BUTLER,1,0,0,127,,,,59.9,,,60.0,,,63.0,0,0,0,0,0,1,0,0,0
Yogi Flager Jr.,143154,WR,BUTLER,2,0,0,127,,,,,,,59.8,61.4,,63.2,0,0,0,0,0,2,0,3,0
Luka Popovic,143155,WR,BUTLER,2,0,0,127,,,,59.9,,,59.9,,,65.1,0,0,0,0,0,7,0,0,0
Kody Leach,143157,S,BUTLER,9,0,0,127,59.9,,,,,82.4,62.9,,,76.8,1,0,0,12,22,40,5,8,1
Lucas Kozlowski,143158,S,BUTLER,7,2,0,127,60.2,,,,,,68.2,,,76.2,0,0,0,9,25,19,15,9,1
Jack Belskis,143160,ED,BUTLER,8,0,0,127,59.8,,,,,,62.9,,,80.0,0,0,0,32,0,0,7,6,0
Isaac Kolosik,143162,LB,BUTLER,3,0,0,127,59.4,,,,,,59.9,,,62.4,0,0,0,7,0,0,0,1,0
Kayson Romaelle,143166,ED,BUTLER,6,0,0,127,58.5,,,,,,58.4,,,64.9,0,0,0,12,0,0,0,0,0
Jacob Cain,143168,ED,BUTLER,10,0,0,127,59.3,,73.9,,,54.6,60.1,,,68.3,0,0,32,21,0,0,33,3,0
Sam Urbanski,143169,DI,BUTLER,7,0,0,127,59.0,,,,,,60.1,,,70.4,0,0,0,14,0,0,0,2,0
JJ Wadas,143171,K,BUTLER,7,0,0,127,,76.1,,,,,60.8,,,65.7,0,0,25,0,0,0,0,0,0
Jun Ahn,143175,HB,DRAKE,4,0,0,153,,,,57.8,,,60.2,,,62.7,0,0,0,0,0,11,0,0,0
Triston Burkett,143177,HB,DRAKE,2,0,0,153,,,60.0,60.0,,,60.2,61.8,,65.1,0,0,4,0,0,7,0,5,0
Brandon Langdok,143178,WR,DRAKE,1,0,0,153,,,,,,,60.0,,,63.3,0,0,0,0,0,0,1,0,0
Jacob McCauley,143179,WR,DRAKE,2,0,0,153,,,,,,,60.6,,,64.9,0,0,0,0,2,0,0,0,0
Eli Stewart,143181,TE,DRAKE,9,0,0,153,,,66.8,,,,48.3,,,29.0,0,1,19,0,0,45,43,0,0
Ross Palmer,143186,G,DRAKE,9,0,0,153,,,71.8,,,,63.7,,,71.2,0,0,27,0,0,0,1,0,0
Tony Graham II,143192,CB,DRAKE,10,0,0,153,59.9,,,,,,55.5,,,75.3,2,0,0,2,30,6,5,19,2
Jackson Williams,143194,CB,DRAKE,10,0,0,153,60.0,,60.6,57.4,,,52.2,66.1,,28.4,0,2,10,1,14,40,18,39,1
Joe Frommelt,143195,LB,DRAKE,2,0,0,153,,,,,,,63.8,,,73.3,0,0,0,0,3,15,13,1,1
Jacob Thompson,143196,LB,DRAKE,8,0,0,153,60.0,,,,,,69.4,,,77.5,0,0,0,2,19,24,1,26,2
Drew Bramlett,143197,S,DRAKE,3,0,0,153,,,,,,,61.8,,,65.8,0,0,0,0,0,2,0,6,0
Jason Christenson,143199,ED,DRAKE,1,0,0,153,,,,,,,61.6,,,67.1,0,0,0,0,7,2,2,0,0
Riley Theobald,143200,LB,DRAKE,6,0,0,153,58.2,,,,,,75.9,,,74.5,0,0,0,8,4,11,0,19,0
Jake Shipla,143201,DI,DRAKE,5,0,0,153,58.7,,,,,,61.9,,,75.0,0,0,0,8,0,0,0,7,0
Ethan Rohman,143204,ED,DRAKE,8,0,0,153,59.8,,68.6,,,60.6,61.2,,,66.2,0,0,10,8,0,0,21,1,0
Tim Nesslage,143205,TE,DRAKE,10,0,0,153,,,68.3,,,,61.5,,,66.4,0,0,27,0,0,7,57,0,0
Shane Dunning,143207,K,DRAKE,10,0,0,153,,40.0,60.0,,,,63.4,,62.0,74.7,0,1,19,0,0,0,60,0,0
Jimmy Ghilardi,143211,G,SAN DIEGO,2,0,0,283,,,62.7,,,,62.2,,,67.9,0,0,8,0,0,0,0,0,0
Michael Keating,143212,TE,SAN DIEGO,10,0,0,283,,,73.4,59.9,,,62.4,,,67.2,0,0,46,0,0,49,0,0,0
Logan Snead,143213,LB,SAN DIEGO,3,0,0,283,60.0,,,,,,67.0,,,68.3,0,0,0,1,17,3,0,0,1
Jamison Brundidge,143215,WR,STETSON,10,0,0,302,,,,72.0,,,70.2,,,79.2,0,0,0,0,0,53,32,0,2
Kyle Benedict,143216,WR,STETSON,1,0,0,302,,,,,,,61.1,,,64.9,0,0,0,0,6,0,0,0,0
Trynyty Conway,143217,WR,STETSON,2,0,0,302,,,,,,,61.1,,,67.9,0,0,0,0,4,0,0,0,0
Jack Harris,143219,WR,STETSON,7,0,0,302,,,,,,,58.9,,,68.4,0,0,0,0,0,37,1,0,0
Kaleb Costner,143223,TE,STETSON,6,0,0,302,,,66.8,,,,50.5,,,26.8,0,1,19,0,0,3,1,0,0
Kevin Butler,143224,C,STETSON,1,0,0,302,,,,,,,60.0,,,63.3,0,0,0,0,0,0,1,0,0
Jake Bius,143227,T,STETSON,2,0,0,302,,,60.0,,,,60.8,,,63.2,0,0,2,0,0,0,2,0,0
Deven Thompson,143232,WR,STETSON,3,0,0,302,,,,,,,60.0,,,68.5,0,0,0,0,0,17,0,0,0
Trent Phillips,143234,TE,STETSON,5,0,0,302,,,68.1,,,,69.7,,,67.2,0,0,23,0,18,1,14,0,2
Alex Villas,143236,S,STETSON,9,0,0,302,59.8,,,,,,59.2,,,68.2,1,0,0,21,9,0,0,11,1
Jaytwon Peoples,143238,CB,STETSON,7,0,0,302,59.9,,,,,,55.5,,,75.6,1,0,0,12,22,0,0,12,1
Micah Adams,143241,CB,STETSON,5,0,0,302,59.6,,,,,,68.2,,,65.2,0,0,0,3,16,0,0,0,1
Finau Fine,143242,ED,STETSON,9,0,0,302,59.6,,60.7,,,,63.9,,,72.3,0,0,8,14,0,0,0,11,0
Kyle Shaouni,143243,LB,STETSON,10,2,0,302,59.9,,,,,,54.1,,,75.9,2,0,0,1,46,23,25,17,1
Josh Davis,143244,CB,STETSON,1,0,0,302,,,,,,,61.6,,,65.2,0,0,0,0,5,0,0,0,0
CJ Davis,143245,LB,STETSON,5,0,0,302,59.5,,,,,,41.6,,,28.2,0,1,0,19,10,0,0,9,0
John Pascale,143246,LB,STETSON,1,0,0,302,,,,,,,60.0,,,61.8,0,0,0,0,0,0,1,0,0
Majeste' Hansberry,143249,LB,STETSON,10,0,0,302,59.5,,,,,,62.0,,,76.6,0,0,0,42,0,20,0,23,0
Charlie Maxwell,143253,WR,VALPO,8,0,0,332,,,,68.9,,,61.4,,,67.8,0,0,0,0,3,41,0,9,0
Cam Livingston,143254,WR,VALPO,4,0,0,332,,,,,,,62.4,,,74.6,0,0,0,0,0,25,7,13,0
Braden Contreras,143255,WR,VALPO,2,0,0,332,,,,63.2,,,59.9,51.9,,63.2,0,0,0,0,0,5,0,1,0
Luke Patterson,143257,S,VALPO,3,0,0,332,,,,,,,62.2,,,68.4,0,0,0,0,0,1,0,6,0
Tyler Eberhart,143259,C,VALPO,5,0,0,332,,,,,,,60.9,,,63.7,0,0,0,0,0,0,19,0,0
Carter Woody,143261,G,VALPO,5,0,0,332,,,71.4,,,,64.2,,,69.7,0,0,26,0,0,0,0,0,0
Jeremiah Orr,143264,G,VALPO,7,0,0,332,,,72.5,,,,64.1,,,64.4,0,0,28,0,0,0,0,0,0
Jon Stone,143265,T,VALPO,10,0,0,332,,,73.4,,,,64.5,,,66.8,0,0,49,0,0,0,0,0,0
Keith Szczepanski,143267,T,VALPO,4,0,0,332,,,68.0,,,,63.4,,,68.8,0,0,16,0,0,0,0,0,0
Josh Becton,143270,WR,VALPO,10,0,0,332,,,,64.3,,,60.5,57.5,,67.4,0,0,0,0,0,16,0,49,0
Diego Del Castillo,143271,WR,VALPO,10,0,0,332,,,,,,,69.5,,,80.5,0,1,0,0,40,53,19,38,4
Jake Vickers,143272,TE,VALPO,10,0,0,332,,,72.9,67.1,,,62.7,,,72.6,0,0,43,0,0,57,6,0,0
Tytus Ragle,143274,WR,VALPO,2,0,0,332,,,,,,,64.9,,,69.6,0,0,0,0,0,0,0,9,0
Henry Helgeson,143276,WR,VALPO,1,0,0,332,,,,,,,60.7,,,64.6,0,0,0,0,0,4,0,0,0
Garner Jones,143277,WR,VALPO,7,0,0,332,,,,,,,52.4,,,73.3,1,0,0,0,5,13,6,14,0
Anthony Sciarroni,143279,S,VALPO,10,1,0,332,59.8,,,,,,68.2,,,77.1,0,0,0,10,12,22,19,31,1
Keyon Turner,143280,CB,VALPO,11,0,0,332,59.3,,,59.2,,,65.6,,,79.8,0,0,0,37,25,13,0,37,1
Josh Vargas,143285,CB,VALPO,1,0,0,332,59.6,,,,,,59.8,,,63.1,0,0,0,1,0,0,0,0,0
Adam Mekky,143289,LB,VALPO,6,0,0,332,60.0,,,,,,63.1,,,69.0,0,0,0,4,13,0,0,4,0
Trent Miller,143291,DI,VALPO,5,0,0,332,58.7,,,,,,41.0,,,26.4,0,1,0,12,0,0,0,0,0
James Doerer,143292,LB,VALPO,1,0,0,332,59.8,,,,,,60.0,,,62.7,0,0,0,1,0,0,0,0,0
Jadarius Horton,143294,CB,VALPO,11,0,0,332,59.3,,,,,,59.9,,,52.8,0,1,0,42,37,0,0,41,1
Sam Hafner,143296,DI,VALPO,3,0,0,332,59.6,,64.9,,,,49.1,,,26.8,0,1,18,1,0,0,0,0,0
Kurt Kessen,143298,DI,VALPO,11,0,0,332,73.1,,63.5,59.2,,,74.9,,,29.7,0,1,13,41,0,46,37,2,0
Nicholas Price Jr.,143299,ED,VALPO,7,0,0,332,59.1,,60.0,,,,49.4,,,28.2,0,1,3,17,0,5,2,8,0
Jacory Rankin,143304,WR,MS VLY ST,9,0,0,228,,,,46.2,,,47.2,,,68.4,2,0,0,0,5,37,8,0,0
Dederrian Williams,143305,HB,MS VLY ST,1,0,0,228,,,,,,,60.0,,,66.0,0,0,0,0,0,0,0,1,0
Datavious Porter,143306,TE,MS VLY ST,8,0,0,228,,,69.1,,,,76.7,,,64.3,0,0,26,0,0,6,26,0,1
Rodney Luckett,143307,C,MS VLY ST,2,0,0,228,,,,,,,60.5,,,64.7,0,0,0,0,0,0,10,0,0
Quinton King,143308,G,MS VLY ST,9,0,0,228,,,75.2,,,,64.9,,,65.5,0,0,41,0,0,0,0,0,0
D'Anthony Page,143313,TE,MS VLY ST,8,0,0,228,,,72.3,,,,64.5,,,72.5,0,0,35,0,0,0,2,0,0
Sylvester Campbell,143314,TE,MS VLY ST,2,0,0,228,,,60.0,,,,61.1,,,65.7,0,0,3,0,0,0,4,0,0
Dontrell Green II,143315,WR,MS VLY ST,3,0,0,228,,,,,,,61.3,,,71.3,0,0,0,0,0,16,0,0,0
Orlando Fernandez,143316,K,MS VLY ST,10,0,0,228,,62.5,,,55.1,,64.4,,63.1,78.2,0,0,41,0,39,0,61,0,0
Darmario Nichols,143317,CB,MS VLY ST,1,0,0,228,59.9,,,,,,60.1,,,63.6,0,0,0,3,0,0,0,0,0
Ryon Rigsby,143319,LB,MS VLY ST,6,2,0,228,,,,,,,64.3,,,71.5,0,0,0,0,18,3,16,6,0
Eric Gamble,143321,LB,MS VLY ST,9,2,0,228,60.0,,,,,,70.8,,,45.8,0,1,0,1,40,24,1,21,5
Jeffery Nicolas,143322,LB,MS VLY ST,1,0,0,228,,,,,58.3,,60.0,,,66.0,0,0,0,0,2,0,0,0,0
Fredrick Mcgee,143323,CB,MS VLY ST,9,0,0,228,59.7,,,,,,62.7,,,73.8,0,0,0,12,22,22,5,6,0
Ronnie Thomas,143324,ED,MS VLY ST,10,0,0,228,57.8,,,,,,59.3,,,69.8,0,0,0,32,0,0,0,16,0
Kenneth Martin,143325,S,MS VLY ST,10,0,0,228,59.7,,,,,,68.0,,,67.8,0,0,0,28,15,0,3,7,3
Kyah Moore,143328,WR,MS VLY ST,1,0,0,228,,,,,,,60.0,,,64.4,0,0,0,0,0,1,0,0,0
Barry Robertson III,143331,WR,MS VLY ST,2,0,0,228,,,,,,,61.0,,,67.1,0,0,0,0,5,5,0,0,0
Jamison Lindsey,143333,CB,MS VLY ST,10,0,0,228,59.6,,,,,,66.8,,,76.0,1,0,0,12,19,50,8,26,3
Chase Alexander,143336,S,MS VLY ST,4,0,0,228,60.0,,,,,,62.5,,,72.7,0,0,0,1,18,23,20,5,1
Jakobe Thomas,143339,HB,MS VLY ST,10,0,0,228,,,60.0,,,,65.4,,,76.2,0,0,6,0,2,27,0,22,0
Jayren Fox,143340,LB,MS VLY ST,9,0,0,228,59.4,,,,,,63.5,,,75.9,0,0,0,11,20,23,2,33,1
Andrew Bartter,143341,LB,MS VLY ST,10,1,0,228,,,83.7,,,89.6,74.9,,,67.3,0,0,41,0,0,0,61,1,0
Jacob Allen,143343,ED,MS VLY ST,2,0,0,228,,,60.0,,,,61.8,,,68.8,0,0,6,0,0,0,0,0,0
Carter Jenke,143344,LS,MCNEESE,10,1,0,217,,,84.2,,,66.6,76.0,,,67.0,0,0,43,0,0,0,54,0,2
Logan Snyder,143345,TE,WEBER ST,8,0,0,342,,,,59.9,,,60.7,,,70.3,0,0,0,0,0,30,0,0,0
Trevor Robinson,143347,WR,ALABAMA ST,10,0,0,105,,,,62.4,,,62.0,,,77.0,0,0,0,0,24,39,27,11,0
Finley Leckey,143353,C,SAN DIEGO,1,0,0,283,,,60.0,,,,60.5,,,64.8,0,0,2,0,0,0,0,0,0
Benjo O'Brien,143356,WR,SAN DIEGO,3,0,0,283,,,,58.7,,,48.0,,,27.5,0,1,0,0,5,7,1,3,0
Maverick Martin,143368,CB,SAN DIEGO,11,0,0,283,59.8,,,,,,66.6,,,46.4,1,3,0,2,49,42,51,41,5
Eric Haney,143369,CB,SAN DIEGO,8,1,0,283,59.9,,,,,,61.9,,,30.0,0,1,0,1,36,28,27,29,2
Karsten Threatt,143513,LB,ALABAMA ST,11,0,0,105,60.2,,,,,,73.4,,,84.6,0,0,0,7,42,51,0,44,4
Chase Lyons,143515,S,SAN DIEGO,10,0,0,283,60.0,,,,,,67.3,,,82.6,0,0,0,1,25,28,20,40,1
Jagger Pagano,143516,LB,SAN DIEGO,9,0,0,283,60.0,,,,,,65.1,,,80.1,0,0,0,7,2,34,11,28,0
Javon Sturns,143518,HB,SAN DIEGO,1,0,0,283,,,,,,,62.9,,,68.3,0,0,0,0,11,0,0,0,0
Landon Colvin,143523,ED,SAN DIEGO,4,0,0,283,59.5,,60.0,,,,60.6,,,63.8,0,0,5,4,0,0,0,0,0
Legend Matautia,143531,LB,SAN DIEGO,4,0,0,283,,,,,,,61.1,,,72.2,0,0,0,0,0,26,1,1,0
Isaiah Smith,143535,HB,SAN DIEGO,1,0,0,283,,,,,,,61.4,,,65.7,0,0,0,0,0,0,0,4,0
Hunter Wright,143538,T,SAN DIEGO,1,0,0,283,,,60.0,,,,61.2,,,62.0,0,0,6,0,0,0,0,0,0
LeAndre Gaines Jr.,143551,ED,E WASHGTON,13,0,0,161,59.9,,,59.9,,,61.5,,,72.8,0,0,0,1,21,67,8,7,0
Colter May,143557,HB,WEBER ST,6,0,0,342,,,,,,,66.9,,,74.3,0,0,0,0,32,10,0,1,1
Carson Rostad,143698,QB,MONTANA,12,2,0,232,,,,,,,77.3,,,76.9,0,0,0,0,75,0,0,0,4
Micah Ashton,143703,TE,MONTANA,1,0,0,232,,,,,,,60.0,,,66.6,0,0,0,0,0,1,0,0,0
Brandon Casey,143705,T,MONTANA,11,0,0,232,,,75.7,,,,65.7,,,74.5,0,0,58,0,0,0,0,0,0
Erik Barker,143708,TE,MONTANA,13,0,0,232,,,76.1,,,,56.8,,,28.0,0,1,69,0,0,0,70,0,0
Gabe Longin,143709,S,MONTANA,1,0,0,232,,,,,,,60.0,,,23.6,0,1,0,0,0,0,1,0,0
Autjoe Soe,143711,CB,MONTANA,8,0,0,232,,,,,,,64.7,,,72.5,0,0,0,0,37,0,20,11,1
Jaxon Lee,143712,S,MONTANA,13,0,0,232,60.0,,,,,,61.6,,,33.1,0,1,0,1,28,4,0,77,0
Asher Croy,143713,LB,MONTANA,1,0,0,232,60.0,,,,,,60.0,,,62.9,0,0,0,1,0,0,0,0,0
Noah Kaschmitter,143715,DI,MONTANA,3,0,0,232,60.0,,,,,,60.5,,,64.5,0,0,0,1,0,2,0,1,0
Henry Nuce,143716,ED,MONTANA,6,0,0,232,59.1,,,,,,60.5,,,66.7,0,0,0,6,0,0,0,3,0
Jake Olson,143731,TE,MONTANA,1,0,0,232,,,,,,,57.6,,,65.6,0,0,0,0,0,2,0,0,0
Liam Brown,143735,T,MONTANA,1,0,0,232,,,60.0,,,,60.6,,,61.5,0,0,2,0,0,0,0,0,0
Ahmir McGee,143744,HB,PORTLAND,9,0,0,269,,,,59.9,,,59.3,,,71.8,0,0,0,0,0,52,19,0,0
Anthony Rodriguez,143745,TE,PORTLAND,10,0,0,269,,,73.2,,,,63.3,,,70.1,0,0,45,0,0,58,34,0,1
Evan Camarena,143747,CB,PORTLAND,10,0,0,269,59.3,,,,,,63.0,,,74.6,0,0,0,30,3,2,0,21,0
VJ Malo,143748,ED,PORTLAND,10,0,0,269,58.3,,,,,,59.4,,,68.0,0,0,0,39,0,0,0,9,0
Tevita Tuitavake,143749,LB,PORTLAND,9,0,0,269,60.0,,,,,,51.1,,,29.7,1,1,0,15,9,18,0,6,0
Holden Williams,143751,DI,PORTLAND,10,0,0,269,58.4,,60.0,,,,59.1,,,67.8,0,0,5,24,0,0,0,1,0
D'Angalo Titialii,143757,G,PORTLAND,7,0,0,269,,,71.4,,,,64.4,,,72.6,0,0,33,0,0,0,0,0,0
Nate Bennett,143759,WR,PORTLAND,10,0,0,269,,,,,,,63.1,,,75.8,0,0,0,0,3,58,0,25,0
Day Day Bright,143760,CB,PORTLAND,5,0,0,269,59.9,,,58.6,,,62.7,,,70.7,1,0,0,1,21,8,0,7,2
Parker McKenna,143761,LB,PORTLAND,10,1,0,269,59.9,,,,,,68.4,,,71.9,0,0,0,43,44,0,0,9,1
Martin Salazar,143763,DI,PORTLAND,3,0,0,269,59.1,,,,,,59.1,,,63.6,0,0,0,4,0,0,0,0,0
Ryan Alvidrez,143765,LS,PORTLAND,10,0,0,269,,,78.9,,,75.2,67.8,,,66.0,0,0,45,0,0,0,34,0,1
Gianni Smith,143766,K,PORTLAND,8,1,0,269,,64.2,,,64.3,,49.7,,,29.2,1,1,36,0,42,0,0,0,1
Wyatt Hawkins,143770,K,E WASHGTON,9,0,0,161,,68.7,,,65.1,,63.2,,,76.0,2,0,8,0,52,0,0,0,1
Zach Burrola,143779,LB,S ILLINOIS,13,0,0,295,59.5,,,,,,74.9,,,77.4,1,0,0,11,59,3,45,10,7
Zion Hall,147560,WR,CAL POLY,4,0,0,129,,,,60.7,,,61.5,,,71.3,0,0,0,0,0,14,11,14,0
Adam Garwood,147564,HB,CAL POLY,7,0,0,129,,,,56.5,,,60.7,,,64.9,0,0,0,0,0,46,0,1,0
Jake Trachtman,147566,T,CAL POLY,1,0,0,129,,,60.0,,,,60.4,,,62.5,0,0,3,0,0,0,0,0,0
Ava Leota,147567,G,CAL POLY,1,0,0,129,,,60.0,,,,60.8,,,66.5,0,0,3,0,0,0,0,0,0
Josh Cuevas,147570,TE,CAL POLY,3,0,0,129,,,,,,,61.0,,,65.7,0,0,0,0,0,9,0,0,0
Christian Middleton,147571,CB,CAL POLY,11,0,0,129,59.6,,,53.5,,,65.1,,,79.0,0,0,0,14,3,4,45,36,1
Jerry Huddleston,147572,CB,CAL POLY,4,0,0,129,60.0,,,,,,61.0,,,66.3,0,0,0,4,0,0,0,1,0
Dominick McCormack,147573,S,CAL POLY,9,0,0,129,59.7,,,,,,52.9,,,28.7,0,1,0,25,0,0,0,29,0
Tommy Griffin,147574,S,CAL POLY,10,0,0,129,59.8,,,,,,61.6,,,67.7,0,0,0,38,4,6,0,9,0
Drew Sulick,147576,LB,CAL POLY,4,0,0,129,,,,,,,54.8,,,73.0,1,0,0,0,0,4,8,12,0
Je'kob Jones,147577,LB,CAL POLY,4,0,0,129,60.1,,,,,,62.1,,,67.9,0,0,0,6,1,0,0,10,0
Michael Otterstedt,147581,ED,CAL POLY,4,0,0,129,,,,,,,62.3,,,70.5,0,0,0,0,0,22,0,5,0
Antonio Vakameilalo,147582,DI,CAL POLY,5,0,0,129,58.7,,,,,,59.4,,,65.7,0,0,0,6,0,0,0,2,0
Elijah Satcher,147583,LB,CAL POLY,1,0,0,129,,,,,,,62.6,,,66.3,0,0,0,0,0,0,0,6,0
Josh Ngaluafe,147584,DI,CAL POLY,11,0,0,129,57.1,,,,,,56.7,,,69.4,0,0,0,64,0,0,0,6,0
Kevin Ryan,147586,K,CAL POLY,2,0,0,129,,,,,61.2,,60.0,,,69.4,0,0,0,0,7,0,0,0,0
Isaiah Howard,147587,WR,E WASHGTON,1,0,0,161,,,60.0,,,,61.6,,,61.7,0,0,8,0,0,0,0,0,0
Tuna Altahir,147591,HB,E WASHGTON,1,0,0,161,,,,,,,61.6,,,66.6,0,0,0,0,6,11,0,0,0
Kentrell Williams Jr.,147598,CB,E WASHGTON,1,0,0,161,,,,,,,61.7,,,67.8,0,0,0,0,0,0,0,4,0
Armani Orange,147600,S,E WASHGTON,1,0,0,161,,,,,,,60.5,,,64.0,0,0,0,0,0,0,0,3,0
Daniel Taumoepeau,147602,LB,E WASHGTON,4,0,0,161,,,,,,,67.5,,,66.8,0,0,0,0,17,1,0,1,1
Emilio Veater,147603,LB,E WASHGTON,12,0,0,161,,,,,,,77.0,,,88.2,1,0,0,0,95,52,0,23,7
Sean Skladany,147606,ED,E WASHGTON,2,0,0,161,59.7,,,,,,61.9,,,70.4,0,0,0,1,6,11,0,0,0
Elisha Cummings,147611,HB,IDAHO,4,0,0,185,,,,59.9,,,35.3,,,26.2,0,1,0,0,7,14,5,0,0
Kemari Munier-Bailey,147612,ED,IDAHO,6,0,0,185,82.5,,,,,,90.0,,,66.8,0,0,0,18,6,0,0,0,0
Isiah King,147616,S,IDAHO,1,0,0,185,,,,,,,63.7,,,67.5,0,0,0,0,5,0,0,5,0
Jovan Sowell,147621,WR,IDAHO ST,1,0,0,186,,,,,,,60.0,,,63.9,0,0,0,0,1,0,0,0,0
Kaysen Isom,147622,WR,IDAHO ST,3,0,0,186,,,,,,,66.3,,,71.3,0,0,0,0,3,1,4,7,1
Christian Fredericksen,147624,WR,IDAHO ST,3,0,0,186,,,,,,,60.4,54.6,,64.9,0,0,0,0,1,1,0,5,0
Connor Maloney,147625,WR,IDAHO ST,4,0,0,186,,,,,,,62.7,,,69.3,0,0,0,0,14,0,0,2,0
Benjamin Omayebu,147626,WR,IDAHO ST,10,0,0,186,,,,65.2,,,59.9,33.5,,65.3,0,0,0,0,1,61,0,3,0
Sam Dawe,147627,T,IDAHO ST,4,0,0,186,,,64.2,,,,63.2,,,71.5,0,0,14,0,0,0,0,0,0
Tylor Bohannon,147633,CB,IDAHO ST,9,0,0,186,,,,,,,62.9,,,29.3,0,2,0,0,10,0,44,25,2
Jason Moncure,147634,S,IDAHO ST,3,0,0,186,60.0,,,,,,60.4,,,66.5,0,0,0,1,0,0,0,2,0
Nalu Shimizu,147637,G,IDAHO ST,3,0,0,186,,,60.0,,,,62.3,,,70.0,0,0,8,0,0,0,0,0,0
Cortland Horton,147638,ED,IDAHO ST,7,0,0,186,59.3,,,,,,63.3,,,69.6,0,0,0,5,3,3,0,9,0
Tyler Gonzalez,147640,ED,IDAHO ST,9,0,0,186,58.6,,,,,,59.2,,,66.6,0,0,0,23,0,0,0,3,0
Nicholas Williams,147641,WR,MONTANA,2,0,0,232,,,,,,,62.8,,,69.5,0,0,0,0,12,0,0,0,0
Junior Bergen,147642,HB,MONTANA,6,0,0,232,,,,59.4,,,57.7,86.9,,70.3,1,0,0,0,0,7,14,18,1
Dylan Simmons,147645,CB,MONTANA,1,0,0,232,,,,,,,60.0,74.1,,63.6,0,0,0,0,0,0,0,4,0
Tommy Mellott,147646,QB,MONTANA ST,7,0,0,233,,,,,,,53.7,,,78.2,3,0,0,0,39,13,24,20,0
Andrew Patterson,147648,WR,MONTANA ST,4,0,0,233,,,,56.7,,,60.4,53.9,,63.9,0,0,0,0,0,13,0,3,0
Elijah Elliott,147649,HB,MONTANA ST,9,0,0,233,,,,75.9,,,49.5,,,71.7,0,1,0,0,0,29,0,26,0
Peyton Thornton,147650,TE,MONTANA ST,2,0,0,233,,,,,,,62.3,,,69.1,0,0,0,0,6,10,0,2,1
Rush Reimer,147657,T,MONTANA ST,15,0,0,233,,,76.7,,,,68.4,,,68.5,0,0,77,0,0,0,53,0,1
Tayvian Williams,147661,WR,MONTANA ST,4,0,1,233,,,,,,,44.6,,,28.0,1,1,0,0,29,1,0,13,0
Elijah Reynolds,147662,TE,MONTANA ST,2,0,0,233,,,,,,,61.4,,,66.5,0,0,0,0,3,11,0,3,0
Tyson Pottenger,147668,S,MONTANA ST,3,0,0,233,,,,,,,64.8,,,74.6,0,0,0,0,21,9,11,16,1
Kendric Bailey,147669,S,MONTANA ST,2,0,0,233,,,,,,,28.9,,,25.3,0,2,0,0,1,8,1,4,0
Jake D'Agostino,147673,S,MONTANA ST,2,0,0,233,60.0,,,,,,60.0,,,61.5,0,0,0,2,0,0,0,0,0
Danny Uluilakepa,147674,LB,MONTANA ST,15,0,0,233,60.1,,,,,,60.7,,,29.7,0,1,0,7,3,36,53,6,2
Miles Jackson,147676,CB,MONTANA ST,13,1,0,233,59.9,,,,,,65.4,,,80.6,1,0,0,2,44,25,3,47,1
McCade O'Reilly,147677,LB,MONTANA ST,4,0,0,233,,,,,,,61.2,,,69.0,0,0,0,0,10,13,0,1,0
Brody Grebe,147681,ED,MONTANA ST,13,0,0,233,59.4,,,,,,70.1,,,83.1,0,0,0,3,22,26,0,62,0
Sebastian Valdez,147682,DI,MONTANA ST,15,0,0,233,57.7,,77.7,,,,62.6,,,69.3,0,0,77,28,0,0,1,12,0
Bryce Leighton,147686,P,MONTANA ST,15,0,0,233,,,68.0,,,,63.9,,64.5,73.5,0,0,77,0,0,0,71,0,2
Blake Glessner,147687,K,MONTANA ST,15,1,0,233,,74.1,,,74.9,,64.2,,60.0,77.6,0,0,77,0,88,0,1,0,0
Tommy Sullivan,147688,LS,MONTANA ST,15,0,0,233,,,52.1,,,67.5,64.0,,,67.7,2,0,77,0,0,0,71,0,3
Elijah Taylor,147689,WR,N ARIZONA,1,0,0,252,,,,,,,61.3,,,68.7,0,0,0,0,0,0,0,5,0
Marzion Cosby,147699,CB,N ARIZONA,3,0,0,252,59.9,,,,,,63.2,,,70.2,0,0,0,1,6,0,4,6,0
Diallo Williams,147700,CB,N ARIZONA,3,0,0,252,,,,,,,54.6,,,71.2,0,0,0,0,11,0,13,0,0
Jakobe Walton,147701,S,N ARIZONA,11,1,0,252,59.8,,,,,,57.1,,,78.7,7,0,0,12,37,0,48,40,3
Jake Schmitt,147703,LB,N ARIZONA,11,1,0,252,,,,,,,70.7,,,49.1,1,1,0,0,51,61,63,31,7
Brady Shough,147704,CB,N ARIZONA,6,0,0,252,60.1,,,,,,62.6,,,79.5,1,0,0,11,29,28,1,20,1
Tage Rigby,147706,LB,N ARIZONA,1,0,0,252,,,60.0,,,,60.8,,,61.1,0,0,4,0,0,0,0,0,0
Jihad Marks,147710,WR,N COLORADO,2,0,0,253,,,,,,,60.0,,,62.2,0,0,0,0,1,1,0,0,0
Andrew Brister,147711,QB,N COLORADO,1,0,0,253,,,60.0,,,,60.2,,,60.4,0,0,3,0,0,0,0,0,0
Zain Zinicola,147712,WR,N COLORADO,1,0,0,253,,,,,,,59.3,,,66.5,0,0,0,0,0,0,4,0,0
Gene Sledge Jr.,147713,HB,N COLORADO,1,0,0,253,,,,,,,59.8,,,64.7,0,0,0,0,0,0,0,1,0
Darius Stewart,147714,HB,N COLORADO,3,0,0,253,,,,,,,67.3,,,64.8,0,0,0,0,10,0,0,0,1
Mitchell Lewis,147715,TE,N COLORADO,1,0,0,253,,,,,,,64.1,,,72.1,0,0,0,0,0,6,0,7,0
Christian Wyatt,147716,FB,N COLORADO,1,0,0,253,,,60.0,,,83.7,67.0,,,64.0,0,0,3,0,0,0,8,0,0
Brady Odom,147720,G,N COLORADO,1,0,0,253,,,,,,,60.1,,,63.5,0,0,0,0,0,2,0,0,0
Lucas Lavin,147721,T,N COLORADO,9,0,0,253,,,68.7,,,,63.4,,,65.0,0,0,28,0,0,0,0,0,0
Krikour Koustanian,147723,G,N COLORADO,9,0,0,253,,,69.2,,,,63.7,,,71.8,0,0,24,0,0,0,3,0,0
Ethan Kramer,147724,T,N COLORADO,8,0,0,253,,,67.9,,,,62.9,,,71.7,0,0,22,0,0,0,46,0,0
Jackson Hoops,147726,T,N COLORADO,5,0,0,253,,,65.4,,,,62.6,,,63.7,0,0,12,0,0,0,0,0,0
Austin Lawrence,147728,T,N COLORADO,1,0,0,253,,,60.0,,,,60.0,,,61.3,0,0,2,0,0,0,0,0,0
Max Pierce,147730,TE,N COLORADO,7,0,0,253,,,61.5,,,,61.5,,,72.6,0,0,10,0,0,38,0,0,0
Blake Richards-Smith,147733,LB,N COLORADO,1,0,0,253,,,,,,,63.0,,,70.2,0,0,0,0,0,0,0,5,0
Nick Ciccio,147734,S,N COLORADO,9,0,0,253,59.7,,,59.4,,,61.9,,,72.6,0,0,0,35,2,11,6,15,0
Brandon Belgrave,147735,HB,N COLORADO,1,0,0,253,,,,60.0,,,60.0,,,61.2,0,0,0,0,0,1,0,0,0
Jaylen Byrd,147736,S,N COLORADO,2,0,0,253,59.9,,,,,,44.8,,,65.1,1,0,0,1,0,0,1,0,0
Makhi Johnson,147738,CB,N COLORADO,2,0,0,253,60.0,,,,,,61.2,,,68.4,0,0,0,2,2,5,0,3,0
Giancarlo Duplessy,147739,S,N COLORADO,1,0,0,253,,,,,,,60.8,,,67.1,0,0,0,0,4,0,3,0,0
Vincent King,147740,ED,N COLORADO,10,1,0,253,60.0,,,,,,66.2,,,79.3,2,0,0,15,34,9,56,37,3
Tofa Wilson,147741,ED,N COLORADO,1,0,0,253,60.0,,,,,,60.0,,,61.7,0,0,0,1,0,0,0,0,0
Keenan Guthrie,147742,LB,N COLORADO,2,0,0,253,,,,,,,59.8,,,66.7,0,0,0,0,0,12,0,0,0
Tyson Lambert,147743,LB,N COLORADO,1,0,0,253,,,,,,,61.7,,,64.9,0,0,0,0,5,0,0,0,0
Keyvon Lakes,147744,ED,N COLORADO,10,0,0,253,60.0,,,,,,65.0,,,81.0,0,0,0,2,4,53,8,27,0
Jordan Knapke,147745,S,N COLORADO,1,0,0,253,,,,,,,59.9,,,64.1,0,0,0,0,0,0,0,1,0
DeAngelo Alexander,147746,S,N COLORADO,3,0,0,253,,,,,,,61.5,,,68.1,0,0,0,0,4,0,2,5,0
Nick Norris,147748,DI,N COLORADO,5,0,0,253,59.2,,,,,,60.5,,,73.8,0,0,0,10,0,0,0,2,0
Nick Lyon,147752,DI,N COLORADO,1,0,0,253,60.0,,,,,,60.0,,,61.7,0,0,0,1,0,0,0,0,0
Germaine Carmena,147754,DI,N COLORADO,1,0,0,253,59.7,,,,,,60.0,,,61.8,0,0,0,1,0,0,0,0,0
Devin Bale,147755,P,N COLORADO,9,0,0,253,,,,,,,63.3,,60.2,74.6,0,1,0,0,0,0,52,0,1
Caleb Brickhouse,147756,P,N COLORADO,4,0,0,253,,,,,,,29.7,,58.3,26.2,0,2,0,0,0,0,20,0,1
Charles DeRosier,147758,LS,N COLORADO,7,0,0,253,,,76.3,,,90.6,74.3,,,66.7,0,0,21,0,0,0,45,0,1
Keenan Harpole,147764,HB,PORTLAND,1,0,0,269,,,,,,,60.0,,,70.4,0,0,0,0,6,8,0,0,0
Manaia Fuertes,147766,C,PORTLAND,4,0,0,269,,,67.7,,,,63.3,,,69.0,0,0,15,0,0,0,0,0,0
Logan Bruce,147767,T,PORTLAND,1,0,0,269,,,60.0,,,,60.0,,,63.7,0,0,1,0,0,0,0,0,0
Kole Allen,147768,TE,PORTLAND,3,0,0,269,,,63.7,,,,62.1,,,60.7,0,0,12,0,0,0,0,0,0
Shea Carstens,147770,S,PORTLAND,10,1,0,269,,,,,,,85.6,,,84.8,0,0,0,0,53,0,7,24,6
Chris Miller,147780,WR,SACRAMENTO,7,0,0,279,,,,,,,67.1,,,72.3,0,0,0,0,10,12,0,7,1
Devin Gandy,147781,WR,SACRAMENTO,10,0,0,279,,,,81.2,,,50.9,62.4,,65.7,1,0,0,0,5,22,1,4,0
Jared Gipson,147783,WR,SACRAMENTO,11,1,0,279,,,,59.9,,,66.7,,,76.7,0,0,0,0,29,33,4,21,0
Elijah Tau-Tolliver,147785,HB,SACRAMENTO,4,0,0,279,,,,,,,79.5,,,27.8,1,1,0,0,18,0,9,8,7
Cam Skattebo,147787,HB,SACRAMENTO,5,0,0,279,,,,61.8,,,62.5,,,66.5,0,0,0,0,13,3,0,0,0
Don Long,147789,G,SACRAMENTO,2,0,0,279,,,60.0,,,,61.7,,,67.0,0,0,5,0,0,0,0,0,0
Josh Reba,147793,G,SACRAMENTO,12,0,0,279,,,,,,,61.3,,,64.0,0,0,0,0,0,0,45,0,0
Jackson Slater,147796,G,SACRAMENTO,6,0,0,279,,,70.5,,,,63.8,,,65.8,0,0,34,0,0,0,0,0,0
Kaden Richardson,147798,C,SACRAMENTO,12,0,0,279,,,,,,,61.1,,,67.3,0,0,0,0,0,0,45,0,0
Patrick Dean,147806,CB,SACRAMENTO,12,0,0,279,59.6,,,,,,71.5,,,79.7,0,0,0,7,7,16,35,35,2
Eian Moore,147807,S,SACRAMENTO,2,0,0,279,60.0,,,,,,62.1,,,66.7,0,0,0,2,3,0,3,5,0
Kameron Rocha,147808,S,SACRAMENTO,8,3,0,279,60.0,,,,,,67.3,,,69.8,1,0,0,1,44,0,6,7,1
Jalin Speed,147811,CB,SACRAMENTO,1,0,0,279,,,,,,,29.6,,,67.3,0,1,0,0,0,0,2,1,0
DJ Houston,147812,CB,SACRAMENTO,2,0,0,279,,,,,,,60.0,,,65.6,0,0,0,0,0,0,0,2,0
Xavier Williams,147814,DI,SACRAMENTO,1,0,0,279,,,,,,,60.0,,,63.9,0,0,0,0,0,0,1,0,0
Jace O'Hara,147815,CB,SACRAMENTO,10,0,0,279,59.9,,,,,,68.9,,,77.0,0,0,0,5,29,16,27,30,2
Darian Pollard,147816,CB,SACRAMENTO,2,0,0,279,,,,,,,67.4,,,64.8,0,0,0,0,10,0,0,0,1
Oge Feo,147817,LB,SACRAMENTO,3,0,0,279,,,,,,,66.9,,,68.4,0,0,0,0,15,0,0,0,1
Justin Houlihan,147818,LB,SACRAMENTO,7,0,0,279,,,,,,,65.1,,,73.8,0,0,0,0,28,3,2,9,0
Mitchell Wolfe,147820,LB,SACRAMENTO,3,0,0,279,,,,,,,69.9,,,69.3,0,0,0,0,21,0,0,1,2
Cameron Broussard,147821,S,SACRAMENTO,10,0,0,279,60.3,,,,,,71.0,,,83.3,0,0,0,15,12,25,3,26,0
Jayce Gamble,147823,TE,SACRAMENTO,3,0,0,279,,,60.0,,,,60.7,,,64.2,0,0,2,0,0,0,7,0,0
Carter Sullivan,147826,ED,SACRAMENTO,11,0,0,279,60.0,,75.2,,,,64.7,,,64.2,0,0,58,2,3,2,0,0,0
Robert Fiene,147827,LS,SACRAMENTO,12,0,0,279,,,,,,56.1,53.9,,,66.6,0,0,0,0,0,0,43,0,0
Dayne Christiansen,147832,HB,SO UTAH,3,0,0,298,,,,59.4,,,76.9,,,72.3,1,0,0,0,0,3,10,3,1
Preston Larson,147833,HB,SO UTAH,1,0,0,298,,,,,,,59.8,,,66.4,0,0,0,0,0,7,0,1,0
Devon Sa'Chisolm,147836,WR,SO UTAH,8,1,0,298,,,,53.6,,,63.8,61.0,,67.8,0,0,0,0,9,40,0,3,0
Bujon Boyd,147838,CB,SO UTAH,1,0,0,298,59.9,,,,,,60.0,,,63.5,0,0,0,1,0,0,0,0,0
Dylan Flowers,147839,CB,SO UTAH,8,1,0,298,,,,,,,47.2,,,27.0,1,2,0,0,25,12,6,11,1
George Ramirez,147840,S,SO UTAH,11,0,0,298,59.9,,,,,,65.6,,,77.8,0,0,0,4,6,75,23,17,2
Keilen Washington,147841,S,SO UTAH,2,0,0,298,,,,,,,60.8,,,68.6,0,0,0,0,0,6,0,0,0
Joe Tongamoa,147844,DI,SO UTAH,1,0,0,298,59.5,,,,,,59.2,,,65.6,0,0,0,2,0,0,0,3,0
Trevor Moser,147845,DI,SO UTAH,2,0,0,298,,,,,,,60.4,,,68.9,0,0,0,0,0,17,2,0,0
Cameron Dahle,147846,LB,SO UTAH,8,0,0,298,59.9,,60.0,,,,60.8,,,73.9,0,0,3,5,10,55,0,3,0
Carson Reed,147849,K,SO UTAH,3,0,0,298,,40.1,,,54.4,,61.2,,,68.8,1,0,14,0,10,0,0,0,0
Christopher Kent,147850,LS,SO UTAH,11,0,0,298,,,83.7,,,85.2,56.2,,,29.2,0,1,41,0,0,0,45,0,0
Noah Alejado,147851,P,SO UTAH,7,0,0,298,,59.6,,,,,60.8,,,65.8,0,0,27,0,0,0,0,0,0
Damon Bankston,147854,HB,WEBER ST,7,0,0,342,,,,,,,69.3,,,74.8,1,0,0,0,40,0,22,0,4
Cormac Boyer,147858,C,WEBER ST,1,0,0,342,,,60.0,,,,60.0,,,63.4,0,0,1,0,0,0,0,0,0
Jalon Rock,147859,CB,WEBER ST,3,0,0,342,,,,61.8,,,57.0,,,69.4,1,0,0,0,14,10,5,0,1
Jayden Ah You,147860,LB,WEBER ST,1,0,0,342,,,,,,,61.2,,,65.0,0,0,0,0,2,0,0,2,0
Jack Kelly,147861,LB,WEBER ST,4,0,0,342,,,,,,,47.8,,,27.2,0,2,0,0,20,15,0,14,0
Simote Lokotui,147862,LB,WEBER ST,10,0,0,342,,,,,,,57.9,,,28.7,0,1,0,0,51,15,14,3,1
Grant Sands,147864,LS,WEBER ST,11,1,0,342,,,87.0,,,59.0,63.0,,,66.9,0,0,55,0,0,0,51,0,0
Norman Anderson,147867,CB,CAMPBELL,6,0,0,131,60.0,,,,,,63.3,,,28.4,0,1,0,2,0,0,4,11,1
Yves Bosmans,147869,WR,CAMPBELL,5,0,0,131,,,,,,,58.2,,,69.0,1,0,0,0,17,0,0,4,1
Ronald Caple,147872,S,CAMPBELL,2,0,0,131,,,,,,,60.0,,,66.3,0,0,0,0,0,0,3,1,0
Elias Foreman,147875,LB,CAMPBELL,1,0,0,131,,,,,,,61.4,,,64.6,0,0,0,0,4,0,0,0,0
Christian Hunter,147876,CB,CAMPBELL,1,0,0,131,,,,,,,62.1,,,69.2,0,0,0,0,0,0,0,4,0
Michael Jamerson III,147877,HB,CAMPBELL,2,0,0,131,,,,,,,75.7,60.2,,66.5,0,0,0,0,0,0,3,2,1
Logan Livermon,147878,LB,CAMPBELL,1,0,0,131,,,,,,,66.8,,,68.9,0,0,0,0,3,0,0,2,1
Trevor Moss,147880,K,CAMPBELL,4,0,0,131,,,,,64.6,,61.8,,,73.5,0,0,0,0,25,0,0,0,0
Benjamin Newton,147883,LB,CAMPBELL,3,0,0,131,,,,,,,61.7,,,68.5,0,0,0,0,6,9,0,0,0
Samuel Watkins,147890,LS,CAMPBELL,1,0,0,131,,,,,,,68.5,,,63.7,0,0,0,0,2,0,0,0,1
Roy Yancy,147891,LB,CAMPBELL,11,0,0,131,59.2,,,,,,62.3,,,77.1,0,0,0,17,14,2,0,6,0
CJ Tillman,147894,LB,CAMPBELL,11,0,0,131,59.4,,,57.5,,,63.0,,,31.9,0,1,0,28,34,38,33,13,3
RJ Jackson,147895,WR,CAMPBELL,2,0,0,131,,,,,,,60.6,,,69.9,0,0,0,0,0,3,0,0,0
Carlton Winston III,147896,HB,CAMPBELL,2,0,0,131,,,,42.3,,,61.2,,,66.5,0,0,0,0,0,6,0,2,0
Bryson Jones,147904,S,CHARLES SO,7,0,0,135,,,,,,,54.7,,,51.0,2,1,0,0,32,0,48,28,2
Nivon Holland,147906,HB,CHARLES SO,3,0,0,135,,,,61.8,,,60.2,,,63.0,0,0,0,0,0,16,0,0,0
Shary Jefferson,147907,LB,CHARLES SO,9,0,0,135,,,,,,,50.2,,,77.1,0,2,0,0,34,17,3,44,3
Roderick Hawkins,147908,HB,CHARLES SO,5,0,0,135,,,,64.7,,,60.2,,,63.4,0,0,0,0,0,25,0,0,0
Sam Babbush,147909,K,CHARLES SO,8,0,0,135,,65.7,,,57.3,,61.2,,,67.0,0,0,33,0,3,0,0,0,0
Landon Sauers,147911,TE,CHARLES SO,1,0,0,135,,,,,,,60.0,,,63.8,0,0,0,0,0,5,0,0,0
Kamron Smith,147913,CB,CHARLES SO,10,0,0,135,59.8,,,,,,65.0,,,75.9,2,0,0,22,27,0,4,28,4
Noah Allred,147917,TE,CHARLES SO,1,0,0,135,,,,,,,72.8,,,65.2,0,0,0,0,0,7,0,1,0
Jaiden Miller,147918,CB,CHARLES SO,2,1,0,135,,,,,,,90.5,,,64.7,0,0,0,0,4,7,0,0,0
Jared Moorer,147925,CB,CHARLES SO,4,0,0,135,59.9,,,,,,64.8,,,68.3,0,0,0,2,2,0,0,16,0
Nick Perry,147926,LB,CHARLES SO,8,0,0,135,,,,,,,67.0,,,81.0,1,0,0,0,7,38,43,19,1
Bryce Throckmorton,147927,WR,CHARLES SO,1,0,0,135,,,,,,,61.7,,,66.1,0,0,0,0,0,0,0,6,0
Deymon Fleming Jr.,147928,CB,CHARLES SO,1,0,0,135,,,,,,,60.0,,,64.8,0,0,0,0,0,1,0,0,0
Nick Bartalo,147929,LB,CHARLES SO,9,0,0,135,,,,59.6,,,49.4,,,69.6,1,0,0,0,0,40,52,0,0
Timothy Ruff II,147930,WR,CHARLES SO,1,0,0,135,,,,,,,59.8,,,61.6,0,0,0,0,0,2,0,0,0
Seth Anderson,147931,WR,CHARLES SO,2,0,0,135,,,,,,,63.9,,,67.1,0,0,0,0,1,0,0,7,0
Garrett Cates,147934,LS,CHARLES SO,2,0,0,135,,,,,,53.7,59.0,,,63.3,0,0,0,0,0,0,3,0,0
Edward Owusu,147935,ED,CHARLES SO,4,0,0,135,59.6,,,,,,61.5,,,76.9,0,0,0,5,1,0,0,1,0
Boogsie Silvera,147936,S,CHARLES SO,9,0,0,135,59.8,,,,,,58.6,,,78.4,0,0,0,12,20,0,0,31,2
Dominik Sojat,147940,K,GARD-WEBB,10,0,0,171,,,,,69.9,,63.3,,,76.9,0,0,0,0,55,0,0,0,0
Warren Coneway,147941,S,GARD-WEBB,10,2,0,171,60.0,,,,,,74.6,,,84.7,0,0,0,2,46,54,38,27,4
Willie Harris,147942,DI,GARD-WEBB,4,0,0,171,59.3,,,,,,61.2,,,68.2,0,0,0,7,0,0,0,6,0
Xavier Brown,147943,ED,GARD-WEBB,1,0,0,171,,,,,,,60.2,,,63.1,0,0,0,0,0,0,3,0,0
Alfred Corbin,147944,WR,GARD-WEBB,1,0,0,171,,,,,,,60.0,,,63.5,0,0,0,0,0,0,0,1,0
Blake Davis,147945,T,GARD-WEBB,1,0,0,171,,,61.5,,,,62.0,,,67.2,0,0,6,0,0,0,0,0,0
TJ Jones,147947,CB,GARD-WEBB,9,0,0,171,59.6,,,,,,59.6,,,74.4,0,0,0,9,27,0,0,29,0
Jamari Nelson,147948,CB,GARD-WEBB,2,0,0,171,59.8,,,,,,62.0,,,67.5,0,0,0,3,3,0,0,5,0
Jonathan Burns,147950,TE,GARD-WEBB,2,0,0,171,,,,,,,46.6,,,66.2,0,0,0,0,2,1,0,0,0
Justin Franklin,147951,WR,GARD-WEBB,9,0,0,171,,,,,,,33.0,,,69.0,0,0,0,0,6,2,10,2,0
Tyler Arrington,147954,S,GARD-WEBB,10,0,0,171,,,,,,,57.0,,,30.0,3,2,0,0,56,16,38,23,5
Devan Hughes,147955,T,GARD-WEBB,2,0,0,171,,,64.0,,,,62.5,,,67.6,0,0,12,0,0,0,0,0,0
Janiero Crankfield,147956,HB,GARD-WEBB,1,0,0,171,,,,59.4,,,60.0,,,63.6,0,0,0,0,0,4,0,0,0
Maleek Huggins,147957,WR,GARD-WEBB,2,0,0,171,,,,59.6,,,60.0,63.5,,62.8,0,0,0,0,0,2,0,2,0
Donovan Jones,147958,HB,GARD-WEBB,2,0,0,171,,,,59.6,,,60.0,,,61.6,0,0,0,0,0,2,0,0,0
Evan Thompson,147959,LB,KENNESAW,13,0,0,200,59.5,,67.6,,,,62.0,,,36.3,1,1,69,34,64,37,34,8,5
Yesiah Clemons,147960,HB,KENNESAW,10,0,0,200,,,,,,,64.4,,,29.9,1,1,0,0,50,35,0,24,4
Finn Hazel-Polkinghorne,147961,ED,KENNESAW,1,0,0,200,59.8,,,,,,59.9,,,63.1,0,0,0,2,0,0,0,0,0
Joshua Huiet,147962,P,KENNESAW,1,0,0,200,,,,,,,60.0,,60.0,64.0,0,0,0,0,0,0,1,0,0
Jordan Love,147963,G,KENNESAW,1,0,0,200,,,61.7,,,,61.8,,,63.2,0,0,6,0,0,0,0,0,0
Conor Cummins,147965,K,KENNESAW,1,0,0,200,,,,,59.7,,60.0,,,64.2,0,0,0,0,1,0,0,0,0
Jerrod Woods,147968,LB,KENNESAW,1,0,0,200,,,,,,,60.0,,,62.0,0,0,0,0,0,5,0,0,0
Gabriel Benyard,147969,HB,KENNESAW,9,0,0,200,,,,73.3,,,64.1,71.4,,66.3,0,0,0,0,9,35,0,14,1
Garland Benyard,147970,LB,KENNESAW,13,0,0,200,59.8,,,,,,70.2,,,79.2,1,0,0,21,63,14,8,49,0
Montrel Jenkins,147971,LB,KENNESAW,8,0,0,200,59.8,,,,,,63.2,,,73.5,0,0,0,1,30,19,0,8,0
Ben Moran,147972,P,KENNESAW,13,0,0,200,,,,,,,62.6,,43.5,73.1,0,0,0,0,0,0,39,0,0
Jadyn Walker,147973,LB,KENNESAW,11,0,0,200,60.0,,,59.9,,,58.6,,,30.1,0,1,0,1,14,28,25,32,1
Zaire Scotland,147974,HB,KENNESAW,2,0,0,200,,,,,,,61.0,,,64.5,0,0,0,0,6,0,1,0,0
Dominique Marshall,147975,WR,KENNESAW,1,0,0,200,,,,,,,59.8,,,65.1,0,0,0,0,0,3,2,0,0
Michael Hines,147977,DI,KENNESAW,1,0,0,200,60.0,,,,,,60.0,,,61.7,0,0,0,1,0,0,0,0,0
Chance Gamble,147978,CB,KENNESAW,4,0,0,200,59.6,,,,,,61.0,,,68.3,0,0,0,10,5,0,0,2,0
Charles Remy,147982,LB,KENNESAW,1,0,0,200,,,,,,,60.4,,,67.1,0,0,0,0,0,3,0,0,0
Dylan Hand,147983,S,KENNESAW,8,0,0,200,60.1,,,,,,63.1,,,71.8,0,0,0,5,23,5,0,3,0
Adam Watkins,147984,DI,KENNESAW,2,0,0,200,59.3,,,,,,61.5,,,67.8,0,0,0,3,0,0,0,4,0
Quandarius Smith,147985,HB,KENNESAW,1,0,0,200,,,,59.9,,,61.8,,,68.8,0,0,0,0,6,4,0,0,0
Blake Bohannon,147988,WR,KENNESAW,3,1,0,200,,,,,,,72.9,,,69.3,0,0,0,0,14,1,0,0,1
Deontre Morris,147990,S,KENNESAW,3,0,0,200,60.0,,,,,,60.0,,,64.4,0,0,0,1,0,3,0,0,0
TJ Lewis,148000,DI,MONMOUTH,2,0,0,231,59.3,,,,,,59.3,,,64.5,0,0,0,4,0,0,0,1,0
T.J. Speight,148001,WR,MONMOUTH,1,0,0,231,,,,,,,60.0,,,65.5,0,0,0,0,0,1,0,0,0
Remi Johnson,148006,LB,MONMOUTH,9,0,0,231,59.9,,,,,,59.5,,,28.8,0,1,0,8,39,1,0,16,1
Justin Bennin,148007,CB,MONMOUTH,3,0,0,231,,,,,,,43.3,,,65.5,0,1,0,0,0,6,0,0,0
Jaylen Dotson,148010,CB,MONMOUTH,1,0,0,231,,,,,,,69.2,,,66.9,0,0,0,0,4,0,0,0,1
Nathan Carabatsakis,148015,TE,ROB MORRIS,1,0,0,277,,,,,,,61.3,,,64.3,0,0,0,0,4,0,0,0,0
Paul Newton,148016,LB,ROB MORRIS,1,0,0,277,60.0,,,,,,60.0,,,71.6,0,0,0,1,0,0,0,0,0
Shakespeare Louis,148017,S,ROB MORRIS,2,0,0,277,,,,,,,61.2,,,64.1,0,0,0,0,4,0,0,0,0
Josiah Jones,148019,LB,ROB MORRIS,1,0,0,277,59.9,,,,,,56.8,,,70.9,0,0,0,1,1,8,0,0,0
Tim White,148022,S,ROB MORRIS,8,0,0,277,60.0,,,,,,65.5,,,70.1,0,0,0,4,16,8,0,0,1
Ryan Gudaitis,148039,G,ILL STATE,1,0,0,188,,,,,,,60.0,,,67.5,0,0,0,0,0,0,0,1,0
Josh Weichel,148055,T,INDIANA ST,5,0,0,191,,,68.4,,,,63.4,,,68.9,0,0,20,0,0,0,0,0,0
Cornelius Doe,148056,CB,INDIANA ST,2,0,0,191,59.7,,,,,,60.2,,,65.6,0,0,0,4,0,0,0,0,0
JP Osafo,148057,CB,INDIANA ST,6,0,0,191,59.6,,,,,,67.3,,,72.4,0,0,0,10,24,0,4,12,2
Teely Rhyne,148058,S,INDIANA ST,1,0,0,191,,,,,,,60.0,,,63.2,0,0,0,0,0,0,0,2,0
Jalen Moss,148059,CB,INDIANA ST,10,1,0,191,,,,,,,62.9,,,64.3,2,1,0,0,33,56,64,35,4
Heath Stephen II,148062,LB,INDIANA ST,8,0,0,191,60.1,,,,,,62.5,,,74.8,0,0,0,30,3,0,0,1,0
Brayden Johnson,148063,P,INDIANA ST,11,0,0,191,,,,,56.1,,62.6,,,75.3,0,0,0,0,39,0,0,0,1
Cade Chambers,148066,QB,INDIANA ST,1,0,0,191,,,60.0,,,,60.2,,,60.4,0,0,3,0,0,0,0,0,0
Derrick McLaughlin,148072,HB,INDIANA ST,3,0,0,191,,,,,,,69.3,,,72.4,0,0,0,0,3,19,0,0,0
Omarion Dixon,148073,HB,INDIANA ST,3,0,0,191,,,,,,,48.5,,,28.0,0,1,0,0,5,21,5,4,0
Tyce Ferrell,148074,TE,INDIANA ST,11,0,0,191,,,69.1,,,,60.1,,,70.6,0,0,26,0,0,62,11,0,0
Ethan Chambers,148081,WR,INDIANA ST,1,0,0,191,,,,,,,60.0,,,63.4,0,0,0,0,1,0,0,0,0
Kaleal Davis,148085,S,INDIANA ST,10,1,0,191,60.0,,,,,,70.5,,,74.7,0,0,0,1,28,0,0,11,1
Johnathan Edwards,148086,CB,INDIANA ST,10,0,0,191,59.3,,,,,,67.6,,,75.8,0,0,0,31,19,0,0,22,1
Geoffrey Brown,148087,LB,INDIANA ST,11,0,0,191,60.0,,,,,,66.9,,,73.3,0,0,0,46,11,1,11,1,1
Rylan Cole,148088,S,INDIANA ST,7,1,0,191,59.9,,,,,,57.5,,,71.1,1,0,0,23,27,0,0,11,1
Ray Vollmer,148089,CB,INDIANA ST,3,0,0,191,,,,,,,41.0,,,64.3,0,0,0,0,3,0,0,0,1
Maddix Blackwell,148092,S,INDIANA ST,4,0,0,191,,,,,,,62.3,,,71.8,0,0,0,0,8,17,8,15,0
Jarin Johnson,148094,LB,INDIANA ST,8,2,0,191,59.7,,,,,,64.5,,,74.1,0,0,0,6,15,0,34,15,0
Kenneth Butler III,148095,TE,INDIANA ST,1,0,0,191,,,60.0,,,,61.4,,,62.0,0,0,4,0,0,0,0,0,0
Jeremiah Carter,148099,T,MO STATE,1,0,0,230,,,60.2,,,,61.6,,,65.1,0,0,5,0,0,0,0,0,0
Kendrick Davis,148101,G,MO STATE,5,0,0,230,,,71.7,,,,64.3,,,71.0,0,0,32,0,0,0,0,0,0
Donovan Clark,148103,CB,MO STATE,6,0,0,230,,,,,,,46.1,,,35.5,2,1,0,0,26,20,3,16,1
Trae Thompson,148104,LB,MO STATE,11,1,0,230,60.2,,,59.9,,,68.0,,,75.1,1,0,0,7,74,34,0,0,0
Cole Bowen,148106,CB,MO STATE,1,0,0,230,,,,,,,60.0,,,63.4,0,0,0,0,1,0,0,0,0
Jaylen Stewart,148108,CB,MO STATE,4,0,0,230,60.0,,,,,,69.9,,,70.1,0,0,0,1,3,0,2,4,1
Tywuan Lee,148111,HB,MO STATE,1,0,0,230,,,,,,,60.0,,,61.2,0,0,0,0,0,1,0,0,0
Gary Clinton,148116,TE,MO STATE,12,0,0,230,,,77.8,,,,66.5,,,77.9,0,0,71,0,0,4,0,0,0
Todric McGee,148117,S,MO STATE,1,0,0,230,60.0,,,,,,61.3,,,66.7,0,0,0,2,2,0,0,1,0
Steven Ward,148118,LB,MO STATE,10,0,0,230,59.8,,,66.5,,,75.7,,,34.2,1,1,0,2,67,5,3,43,4
Lemondre Joe,148119,CB,MO STATE,11,0,0,230,59.3,,,,,,45.8,,,30.1,2,1,0,47,28,0,0,32,1
Jordan Hoskins,148121,LB,MO STATE,2,0,0,230,60.0,,,,,,46.7,,,64.1,0,0,0,2,3,0,0,0,0
Caleb Dietlin,148122,ED,MO STATE,1,0,0,230,59.9,,,,,,60.3,,,63.5,0,0,0,2,1,0,0,0,0
Siale Suliafu,148123,DI,MO STATE,12,0,0,230,58.9,,,43.9,,,62.3,,,69.6,0,0,0,6,0,57,8,0,0
Sterling Smithson,148124,DI,MO STATE,1,0,0,230,59.1,,,,,,59.3,,,63.9,0,0,0,2,0,0,0,0,0
Jaden Norby,148133,TE,N DAKOTA,4,0,0,249,,,60.0,,,,57.9,,,67.2,0,0,4,0,0,15,0,0,0
Casey Schultz,148145,ED,N DAKOTA,2,0,0,249,,,,,,,62.5,,,65.4,0,0,0,0,10,0,0,0,0
Favian Hudson,148148,DI,N DAKOTA,3,0,0,249,59.3,,,,,,59.5,,,64.5,0,0,0,5,0,0,0,0,0
Cody Lindquist,148150,P,N DAK ST,1,0,0,250,,,,,,,60.0,,60.0,64.0,0,0,0,0,0,0,1,0,0
Barika Kpeenu,148156,HB,N DAK ST,1,0,0,250,,,,,,,60.0,,,63.9,0,0,0,0,1,0,0,0,0
Enock Sibomana,148168,S,N DAK ST,1,0,0,250,,,,,,,60.4,,,62.9,0,0,0,0,2,0,0,0,0
Logan Kopp,148170,LB,N DAK ST,1,0,0,250,,,,,,,61.6,,,67.6,0,0,0,0,3,0,0,1,0
Jaxon Duttenhefer,148175,DI,N DAK ST,1,0,0,250,,,,,,,59.9,,,64.1,0,0,0,0,0,0,0,1,0
Mike Florentine,148176,LS,N DAK ST,15,0,0,250,59.7,,50.1,,,54.3,56.1,,,29.8,0,1,83,1,0,0,51,0,0
Vance McShane,148178,HB,N IOWA,3,0,0,255,,,,59.4,,,59.1,,,62.6,0,0,0,0,0,9,0,0,0
Dionysius Hogan,148180,WR,N IOWA,1,0,0,255,,,,,,,59.9,60.6,,65.8,0,0,0,0,0,0,2,3,0
Layne Pryor,148184,TE,N IOWA,2,0,0,255,,,,,,,59.4,,,66.3,0,0,0,0,0,8,0,0,0
Matteo Bonnin,148200,TE,S DAKOTA,4,0,0,291,,,,,,,48.9,,,28.0,0,1,0,0,8,16,11,2,0
Nate Thomas,148204,HB,S DAKOTA,8,0,0,291,,,,,,,44.9,,,28.1,0,1,0,0,0,33,0,0,0
Antonio Outler,148205,HB,S DAKOTA,1,0,0,291,,,,,,,60.4,,,67.1,0,0,0,0,0,3,0,0,0
Sam Kohls,148208,C,S DAKOTA,1,0,0,291,,,60.0,,,,60.0,,,63.7,0,0,1,0,0,0,0,0,0
Shahid Barros,148211,CB,S DAKOTA,6,0,0,291,59.9,,,,,,64.3,,,72.5,0,0,0,1,3,0,0,19,0
Nyle Dickel,148213,LB,S DAKOTA,4,0,0,291,,,,,,,61.3,,,68.8,0,0,0,0,3,5,0,3,0
Austin Rosetta,148215,LB,S DAKOTA,1,0,0,291,,,,,,,60.0,,,62.1,0,0,0,0,1,0,0,0,0
Justin Stallworth,148217,ED,S DAKOTA,3,0,0,291,,,,,,,64.2,,,70.9,0,0,0,0,9,0,0,8,0
Amar Johnson,148220,HB,S DAK ST,13,0,0,292,,,,58.0,,,63.7,,,73.4,0,0,0,0,3,43,2,39,0
Tyler Feldkamp,148221,WR,S DAK ST,13,0,0,292,,,,58.2,,,61.8,56.0,,69.1,0,0,0,0,2,44,0,55,0
Josh Buri,148230,HB,S DAK ST,1,0,0,292,,,,,,,59.8,,,64.0,0,0,0,0,0,2,0,0,0
Jackson Hilton,148231,WR,S DAK ST,1,0,0,292,,,,,,,60.0,,,64.0,0,0,0,0,0,2,0,0,0
Reece Burckhard,148235,TE,S DAK ST,1,0,0,292,,,,,,,60.0,,,63.8,0,0,0,0,0,5,0,0,0
Cee Rhodes,148236,CB,S DAK ST,3,0,0,292,59.7,,,,,,60.9,,,67.2,0,0,0,4,1,0,0,3,0
Colby Huerter,148237,S,S DAK ST,6,0,0,292,60.0,,,,,,71.0,,,74.6,0,0,0,4,34,16,0,18,2
Jaden Crockett,148238,S,S DAK ST,2,0,0,292,,,,,,,63.2,,,71.3,0,0,0,0,5,1,0,7,0
Timothy Croskey,148239,CB,S DAK ST,1,0,0,292,,,,,,,60.0,,,62.7,0,0,0,0,0,1,0,0,0
Matthew Durrance,148240,S,S DAK ST,5,0,0,292,59.9,,,60.0,,,75.1,,,71.8,0,0,0,1,10,1,3,4,1
Tucker Large,148243,CB,S DAK ST,3,1,0,292,60.0,,,,,,70.5,,,71.2,0,0,0,1,19,1,0,8,1
Aydan Dautermann,148244,CB,S DAK ST,2,0,0,292,59.8,,,,,,60.9,,,68.4,0,0,0,2,0,0,0,2,0
Noah Jessup,148246,ED,S DAK ST,1,0,0,292,,,,,,,60.1,,,61.5,0,0,0,0,0,0,2,0,0
Levi Vanden Bos,148248,ED,S DAK ST,1,0,0,292,59.7,,,,,,60.0,,,61.8,0,0,0,1,0,0,0,0,0
Samuel Neuman,148252,T,S ILLINOIS,8,0,0,295,,,73.9,,,,64.5,,,64.2,0,0,33,0,0,0,0,0,0
Jon Nalley,148260,C,S ILLINOIS,1,0,0,295,,,60.0,,,,61.5,,,68.3,0,0,5,0,0,0,0,0,0
Tyjuan Atkins,148261,WR,S ILLINOIS,1,0,0,295,,,,,,,60.9,,,65.1,0,0,0,0,3,0,0,0,0
Mani Jackson,148264,DI,S ILLINOIS,1,0,0,295,,,,,,,60.0,,,65.9,0,0,0,0,0,0,0,2,0
David Miller,148265,CB,S ILLINOIS,13,0,0,295,59.2,,,,,,58.0,,,73.1,0,0,0,45,16,4,0,5,0
Kaniji Chandler,148267,LB,S ILLINOIS,4,0,0,295,,,,,,,63.5,,,68.2,0,0,0,0,20,0,0,6,0
Shane Roth,148271,LB,S ILLINOIS,3,0,0,295,,,60.0,,,,67.6,,,67.1,0,0,5,0,4,2,0,0,1
Tim Dolan,148274,G,W ILLINOIS,10,0,0,345,,,72.2,,,,64.2,,,66.3,0,0,42,0,0,0,0,0,0
Raphael Orubo,148278,DI,W ILLINOIS,5,0,0,345,58.5,,,,,,58.3,,,64.9,0,0,0,14,0,0,0,0,0
Jaylen Reed,148279,HB,W ILLINOIS,1,0,0,345,,,,,,,60.6,,,69.8,0,0,0,0,3,7,7,1,0
Jacob DuRocher,148281,HB,W ILLINOIS,1,0,0,345,,,,,,,61.6,,,69.2,0,0,0,0,0,0,0,4,0
Ryan Knaus,148282,T,W ILLINOIS,1,0,0,345,,,,,,,59.0,,,67.7,0,0,0,0,0,0,0,6,0
Sidney Fugar,148284,T,W ILLINOIS,2,0,0,345,,,60.0,,,,60.0,,,64.6,0,0,1,0,0,0,1,0,0
JT Ngangum,148291,ED,YNGTOWN ST,2,0,0,353,60.0,,,,,,60.3,,,65.1,0,0,0,4,0,0,0,0,0
Dante Walker,148300,HB,YNGTOWN ST,2,0,0,353,,,,,,,61.5,,,67.5,0,0,0,0,6,7,0,0,0
Joe Trent,148309,TE,YNGTOWN ST,4,0,0,353,,,64.6,,,,62.4,,,61.9,0,0,14,0,0,0,0,0,0
Johntavious Davis-Bonner,148310,S,YNGTOWN ST,1,0,0,353,,,,,,,68.7,,,67.4,0,0,0,0,5,0,0,2,0
Jarin Davis,148312,CB,YNGTOWN ST,1,0,0,353,,,,,,,60.0,,,62.1,0,0,0,0,1,0,0,0,0
Preston Zandier,148313,LB,YNGTOWN ST,4,0,0,353,,,,,,,70.9,,,72.6,0,0,0,0,19,21,0,2,1
Michael Pastella,148317,LB,YNGTOWN ST,1,0,0,353,,,,,,,62.8,,,67.1,0,0,0,0,0,7,0,5,0
Christian Da-Silva,148324,WR,ELON,5,0,0,162,,,,,,,65.6,,,68.9,0,0,0,0,3,0,0,15,0
Parris Lowery,148325,DI,ELON,2,0,0,162,59.0,,,,,,59.5,,,64.1,0,0,0,3,0,0,0,1,0
Kevin Burkett,148327,T,ELON,8,0,0,162,,,73.2,,,,64.9,,,74.3,0,0,42,0,0,0,0,0,0
Zy'Mere Reddick,148328,LB,ELON,1,0,0,162,,,,,,,61.5,,,65.8,0,0,0,0,4,0,0,0,0
James Watts,148330,DI,ELON,1,0,0,162,59.3,,,,,,59.6,,,61.6,0,0,0,1,0,0,0,0,0
Jamarien Dalton,148331,WR,ELON,1,0,0,162,,,,,,,60.1,,,66.7,0,0,0,0,0,4,0,0,0
Darius Harris,148336,CB,ELON,10,0,0,162,59.8,,,,,,63.9,,,73.5,0,0,0,4,8,0,0,23,1
Jeff Yurk,148340,P,ELON,10,0,0,162,,,66.2,,64.0,,64.0,,54.8,76.3,0,0,48,0,43,0,46,0,1
Caleb Curtain,148341,S,ELON,3,2,0,162,,,,,,,69.2,,,71.3,0,0,0,0,23,8,2,0,0
Johncarlos Miller II,148343,TE,ELON,2,0,0,162,59.5,,,,,,60.6,,,69.1,0,0,0,2,0,0,0,6,0
TJ Young,148344,LB,ELON,1,0,0,162,,,,,,,61.3,,,64.3,0,0,0,0,4,0,0,0,0
Jonathan Robinson,148345,CB,ELON,2,0,0,162,,,,,,,62.8,,,66.8,0,0,0,0,0,0,0,6,0
Lorenzo Bryant Jr.,148347,HB,JAMES MAD,11,0,0,197,,,,,,,58.6,62.5,,70.3,0,0,0,0,0,41,0,5,0
Clay Vance,148350,QB,JAMES MAD,1,0,0,197,,,,,,,62.7,,,66.4,0,0,0,0,0,0,0,6,0
Kye Holmes,148357,S,JAMES MAD,13,4,0,197,,,,,,,77.2,,,86.7,2,0,0,0,98,38,44,58,10
Brett Davis,148358,G,JAMES MAD,1,0,0,197,,,60.0,,,,60.0,,,61.0,0,0,1,0,0,0,0,0,0
Skylar Martin,148359,LB,JAMES MAD,13,0,0,197,,,69.4,,,,66.7,,,80.8,2,0,27,0,94,24,3,31,5
Kaden Schickel,148360,LS,JAMES MAD,1,0,0,197,,,66.3,,,70.8,63.3,,,62.0,0,0,8,0,0,0,0,0,0
Zach Horton,148361,TE,JAMES MAD,6,0,0,197,,,60.0,59.9,,,61.6,,,70.6,0,0,3,0,0,22,0,5,0
Desmond Green,148362,WR,JAMES MAD,1,0,0,197,,,,,,,60.0,57.7,,63.8,0,0,0,0,0,0,0,2,0
Jahquil Batts,148365,S,JAMES MAD,1,0,0,197,,,,,,,60.2,,,66.3,0,0,0,0,0,2,0,0,0
Jailin Walker,148369,LB,JAMES MAD,10,1,1,197,,,,59.9,,,81.3,,,29.8,0,1,0,0,61,23,0,36,10
Eli Mahan,148372,TE,MAINE,4,0,0,212,,,61.5,,,,62.4,,,70.3,0,0,10,0,5,7,1,2,0
Cole Baker,148373,K,MAINE,1,0,0,212,,66.8,,,,,60.0,,,63.9,0,0,7,0,0,0,0,0,0
Xavier Holmes,148387,ED,MAINE,1,0,0,212,,,,,,,61.5,,,67.9,0,0,0,0,6,0,0,0,0
Abdul Stewart,148388,CB,MAINE,10,0,0,212,,,,,,,66.9,,,74.9,0,0,0,0,51,0,0,25,0
Tyrese Baptiste,148390,CB,MAINE,3,0,0,212,,,,,,,72.0,,,69.7,0,0,0,0,2,0,6,7,1
Tim Bonagura,148394,DI,NEW HAMP,1,0,0,240,,,60.0,,,,61.1,,,63.7,0,0,5,0,0,0,0,0,0
Ty Murphy,148401,HB,RHODE ISLD,3,0,0,274,,,,,,,29.9,,,25.0,0,1,0,0,0,2,0,2,0
Sebastian Sagar,148411,LB,RHODE ISLD,3,0,0,274,,,,,,,65.9,,,72.7,0,0,0,0,8,17,0,4,1
Aaron Trusler,148412,P,RICHMOND,9,0,0,276,,,,,,,63.1,,48.5,74.4,1,0,0,0,0,0,52,0,0
Kyle Wickersham,148418,QB,RICHMOND,1,0,0,276,,,,,,,60.3,,,66.2,0,0,0,0,2,0,0,0,0
Jerry Garcia Jr.,148425,HB,RICHMOND,6,0,0,276,,,,,,,66.6,,,73.8,0,0,0,0,0,0,0,30,0
Angelo Rankin Jr.,148426,CB,RICHMOND,7,0,0,276,59.9,,,,,,54.2,,,29.1,0,1,0,21,0,0,0,41,0
Donovan Hoilette Jr.,148427,LB,RICHMOND,4,0,0,276,,,,,,,71.2,,,66.4,0,0,0,0,16,0,0,0,2
Bryson Parker,148429,CB,RICHMOND,9,0,1,276,59.8,,,,,,66.0,,,78.7,1,1,0,3,0,25,51,35,2
David Estrella,148431,WR,STNY BROOK,1,0,0,303,,,,,,,60.0,,,64.5,0,0,0,0,0,0,1,0,0
Jaidan Jackson,148435,DI,STNY BROOK,3,0,0,303,58.8,,,,,,58.8,,,63.6,0,0,0,6,0,0,0,0,0
Dah'Mear Triplett,148448,WR,TOWSON,1,0,0,317,,,,,,,60.0,,,63.4,0,0,0,0,1,0,0,0,0
Amir Murray,148449,LB,TOWSON,6,0,0,317,,,,,,,67.1,,,72.1,0,0,0,0,0,0,0,15,0
Brady McElhaney,148450,WR,TOWSON,9,0,0,317,,,,,,,59.6,,,70.7,0,0,0,0,0,54,0,0,0
Charles Peeples,148451,CB,TOWSON,10,0,0,317,59.8,,,,,,47.2,,,28.7,1,1,0,36,14,0,0,5,1
Sabias Folley,148452,HB,TOWSON,6,0,0,317,,,64.6,,,,64.5,,,76.7,0,0,14,0,5,26,0,20,0
Daniel Raymond,148454,LB,TOWSON,8,0,0,317,60.1,,,,,,64.8,,,73.8,0,2,0,8,20,36,0,21,2
Tatah Njoka,148456,CB,TOWSON,5,0,0,317,,,,,,,65.5,,,70.4,0,0,0,0,0,0,5,13,0
Josh Cupitt,148457,K,TOWSON,1,0,0,317,,,,,49.5,,60.0,,,67.0,0,0,0,0,3,0,0,0,0
Ty'shaun Granger,148458,WR,TOWSON,11,0,0,317,,,,,,,58.8,,,29.7,0,1,0,0,1,43,0,36,0
Keegan Vaughan,148459,K,TOWSON,11,0,0,317,,62.1,,,,,61.0,,,66.3,0,0,36,0,0,0,0,0,0
Devin Matthews,148460,HB,TOWSON,4,0,0,317,,,,59.0,,,59.1,,,65.5,0,0,0,0,0,25,0,0,0
Ubayd Steed,148461,S,TOWSON,11,2,0,317,59.9,,,,,,74.1,,,29.6,0,1,0,9,44,9,47,3,5
Dion Crews-Harris,148462,HB,TOWSON,3,0,0,317,,,,,,,55.2,,,62.6,0,0,0,0,0,0,10,0,0
Lukkas Londono,148463,QB,TOWSON,1,0,0,317,,,,,,,60.0,,,64.2,0,0,0,0,0,2,0,0,0
Mason Woods,148468,LB,TOWSON,1,0,0,317,,,,,,,60.0,,,62.8,0,0,0,0,1,0,0,0,0
Kenjuan Manuel,148470,ED,TOWSON,1,0,0,317,59.3,,,,,,59.6,,,61.6,0,0,0,1,0,0,0,0,0
Xavier Terry,148471,CB,TOWSON,1,0,0,317,59.9,,,,,,60.1,,,64.5,0,0,0,2,0,0,0,0,0
James Welde,148473,TE,VILLANOVA,1,0,0,334,,,60.0,,,,60.0,,,60.7,0,0,2,0,0,0,0,0,0
Shane Hartzell,148476,LB,VILLANOVA,4,0,0,334,,,,,,,63.5,,,70.9,0,0,0,0,15,3,0,0,0
Christian Sapp,148478,S,VILLANOVA,2,0,0,334,60.0,,,,,,60.8,,,64.8,0,0,0,1,1,0,0,2,0
Ben Wheless,148480,LS,VILLANOVA,13,1,0,334,,,60.0,,,0.0,34.6,,,67.1,0,0,1,0,0,0,54,0,0
Bryce Ganious,148483,ED,VILLANOVA,3,0,0,334,59.4,,,,,,60.1,,,65.6,0,0,0,5,0,0,0,1,0
Irene Ngabonziza,148484,WR,VILLANOVA,1,0,0,334,,,,,,,60.0,,,61.2,0,0,0,0,0,1,0,0,0
Ethan Yip,148488,CB,WM & MARY,6,0,0,348,59.5,,,,,,61.1,,,69.7,0,0,0,18,0,1,0,4,0
Trey McDonald,148489,TE,WM & MARY,2,0,0,348,,,,,,,61.4,,,72.5,0,0,0,0,0,14,0,0,0
Martin Lucas,148490,HB,WM & MARY,1,0,0,348,,,,,,,60.1,,,65.5,0,0,0,0,0,3,0,0,0
Momen Zahid,148493,ED,WM & MARY,1,0,0,348,,,60.0,,,,60.0,,,61.0,0,0,1,0,0,0,0,0,0
David Roulley,148494,S,WM & MARY,8,0,0,348,60.0,,,,,,59.3,60.3,,73.3,1,0,0,1,20,9,4,23,0
Jalen Jones,148495,CB,WM & MARY,2,0,0,348,,,,,,,63.1,,,65.8,0,0,0,0,0,0,0,8,0
Tyler Szalkowski,148497,QB,ALBANY,1,0,0,106,,,,,,,60.0,,60.0,64.0,0,0,0,0,0,0,1,0,0
Tyler Merwarth,148498,WR,ALBANY,1,0,0,106,,,,61.8,,,59.6,,,62.0,0,0,0,0,0,4,0,0,0
Josh Gaffney,148503,T,ALBANY,3,0,0,106,,,66.8,,,,62.8,,,62.8,0,0,12,0,0,0,0,0,0
Denzel Patrick,148506,S,ALBANY,1,0,0,106,,,,,,,42.3,,,64.3,0,1,0,0,0,4,0,0,0
Jackson Ambush,148507,LB,ALBANY,10,0,0,106,59.7,,,,,,65.6,,,68.5,0,0,0,44,31,0,0,7,1
Ronnell McCorn,148509,ED,ALBANY,6,0,0,106,59.8,,,,,,61.2,,,65.6,0,0,0,7,0,0,0,4,0
Elijah Hills,148511,DI,ALBANY,7,0,0,106,59.1,,,,,,60.9,,,67.6,0,0,0,8,0,0,0,8,0
Ahmad Assad,148512,C,BRYANT,1,0,0,124,,,60.0,,,,60.0,,,63.4,0,0,1,0,0,0,0,0,0
Andrew Berkery,148513,T,BRYANT,9,0,0,124,,,72.3,,,,63.9,,,61.1,0,0,41,0,0,0,0,0,0
Jamichael Watts,148517,G,BRYANT,5,0,0,124,,,66.1,,,,62.7,,,63.2,0,0,11,0,0,0,0,0,0
Brian Durkin,148518,T,BRYANT,1,0,0,124,,,60.0,,,6.5,47.5,,,63.7,0,0,3,0,0,0,6,0,0
J.T. Anderson,148527,S,BRYANT,1,0,0,124,,,,,,,60.0,,,63.5,0,0,0,0,0,0,0,1,0
Michael Otty,148531,DI,BRYANT,1,0,0,124,59.6,,,,,,59.8,,,62.0,0,0,0,1,0,0,0,0,0
Josh Pelletier,148532,T,BRYANT,1,0,0,124,,,60.0,,,,60.0,,,62.1,0,0,2,0,0,0,0,0,0
Calson Goodwill,148538,CB,BRYANT,1,0,0,124,,,,,,,60.0,,,64.8,0,0,0,0,0,1,0,0,0
Jalen Lavine,148539,CB,BRYANT,1,0,0,124,,,,,,,61.0,,,65.7,0,0,0,0,0,0,0,3,0
Justin Mucci,148544,CB,BRYANT,1,0,0,124,,,,,,,60.9,,,63.9,0,0,0,0,3,0,0,0,0
Chris Yates,148545,CB,BRYANT,9,0,0,124,,,,,,,68.2,,,78.5,0,0,0,0,42,0,15,38,3
Fabrice Mukendi,148549,HB,BRYANT,8,0,0,124,,,,65.1,,,67.3,,,76.7,0,0,0,0,34,7,0,27,1
Sam Neill,148552,CB,DUQUESNE,7,0,0,155,,,,,,,48.7,,,71.0,3,0,0,0,30,0,0,7,1
Ezekiel M. Daure,148553,S,DUQUESNE,9,2,1,155,59.6,,,57.1,,,55.7,,,32.6,0,1,0,11,43,39,29,28,3
Antonio Epps,148554,CB,DUQUESNE,2,0,0,155,,,,,,,60.6,,,63.7,0,0,0,0,2,0,0,0,0
Michael Berarducci,148555,P,DUQUESNE,10,0,0,155,,,,,,,62.3,,54.9,72.2,0,1,0,0,0,0,30,0,0
Jack Dilts,148556,ED,DUQUESNE,1,0,0,155,60.0,,,,,,59.8,,,65.1,0,0,0,1,0,0,0,1,0
Gary Satterwhite III,148557,T,DUQUESNE,1,0,0,155,,,60.0,,,,61.5,,,65.0,0,0,5,0,0,0,0,0,0
Joey Corado,148558,K,DUQUESNE,3,0,0,155,,63.5,,,57.3,,60.0,,60.0,66.9,0,0,3,0,3,0,1,0,0
Thomas Jefferson IV,148559,G,DUQUESNE,1,0,0,155,,,60.8,,,,61.6,,,62.2,0,0,5,0,0,0,0,0,0
Andrew Smith,148560,K,DUQUESNE,10,0,0,155,,70.3,,,61.8,,63.2,,,75.3,0,1,20,0,52,0,0,0,0
Cameron McLaurin,148562,C,DUQUESNE,1,0,0,155,,,60.0,,,,61.3,,,65.3,0,0,5,0,0,0,0,0,0
Diontae Givens,148563,LB,DUQUESNE,3,0,0,155,,,,,,,68.4,,,67.8,0,0,0,0,11,0,0,1,1
Malichi Lowery,148566,CB,DUQUESNE,2,0,0,155,,,,,,,69.0,,,68.1,0,0,0,0,15,2,1,4,4
CJ Barnes,148568,S,DUQUESNE,10,2,0,155,59.8,,,,,,75.3,,,77.4,0,0,0,9,54,20,15,27,5
Ayden Garnes,148570,S,DUQUESNE,2,1,0,155,60.0,,,59.9,,,65.2,,,71.4,0,0,0,2,6,13,10,1,0
Milan Summers,148571,LB,DUQUESNE,1,1,0,155,59.6,,,,,,64.5,,,65.4,0,0,0,1,7,0,1,0,0
Nolan Vigliotti,148573,LS,DUQUESNE,1,0,0,155,,,60.0,,,66.0,60.4,,,63.5,0,0,1,0,0,1,0,0,0
Max Sharp,148574,S,DUQUESNE,1,0,0,155,60.0,,,,,,60.8,,,64.5,0,0,0,1,4,0,0,0,0
Shawn Page Jr.,148577,G,MERRIMACK,4,0,0,385,,,23.5,,,,39.8,,,63.3,0,0,22,0,0,0,0,0,0
Tre Jordan III,148578,CB,MERRIMACK,10,1,0,385,60.0,,,,,,82.4,,,74.1,1,0,0,3,54,0,0,5,9
Tyvon Edmonds Jr.,148583,HB,MERRIMACK,3,0,0,385,,,,59.9,,,59.6,,,65.2,0,0,0,0,0,9,0,0,0
James Smith Jr.,148585,C,MERRIMACK,3,0,0,385,,,21.9,,,0.0,27.5,,,62.1,0,0,9,0,0,0,0,0,0
Jason Compoh,148586,ED,MERRIMACK,5,0,0,385,60.0,,,,,,69.8,,,70.1,0,0,0,1,26,16,0,1,3
DJ Frazier,148587,LB,MERRIMACK,2,0,0,385,,,,,,,62.8,,,70.3,0,0,0,0,9,0,0,0,0
Chiebuka Aduaka,148589,ED,MERRIMACK,4,0,0,385,59.6,,,,,,60.9,,,67.6,0,0,0,6,0,0,0,2,0
Jared Dunn,148593,TE,MERRIMACK,10,0,0,385,,,,59.9,,,53.6,,,28.1,0,1,0,0,0,49,0,1,0
Tommie McKoy III,148596,S,MERRIMACK,1,0,0,385,,,,,,,60.9,,,63.9,0,0,0,0,3,0,0,0,0
Joey Trainor,148599,G,MERRIMACK,5,0,0,385,,,69.2,,,,63.3,,,63.1,0,0,17,0,0,0,0,0,0
Garry Rosemond Jr.,148601,S,MERRIMACK,5,0,0,385,,,,,,,62.3,,,70.5,0,0,0,0,8,4,0,0,0
Victor Dawson,148602,HB,MERRIMACK,4,0,0,385,,,,,,,60.2,,,67.4,0,0,0,0,0,16,0,0,0
Myles Wilson,148603,WR,MERRIMACK,1,0,0,385,,,,,,,60.0,,,66.8,0,0,0,0,0,8,0,0,0
Zack Heffner,148609,K,WAGNER,6,0,0,338,,,,,49.5,,60.8,,,71.5,0,0,0,0,14,0,0,0,1
Messiah Divine,148611,HB,WAGNER,4,0,0,338,,,,,,,61.5,,,71.9,0,0,0,0,8,15,6,0,0
Joshua Brown,148613,P,WAGNER,11,0,0,338,,,63.7,,,,48.2,,58.2,28.5,0,4,24,0,0,0,76,0,0
TJ Wagner,148614,ED,WAGNER,5,1,0,338,59.5,,,,,87.9,69.0,,,29.4,0,1,0,2,5,13,18,7,2
Da'Jour Dixon,148618,G,WAGNER,1,0,0,338,,,60.0,,,,60.0,,,61.6,0,0,1,0,0,0,0,0,0
Arthur Belile,148619,ED,WAGNER,1,0,0,338,59.7,,60.0,,,,60.3,,,63.4,0,0,2,2,0,0,0,0,0
Jaden Barrett,148620,WR,WAGNER,1,0,0,338,,,,,,,60.4,,,67.5,0,0,0,0,0,0,0,2,0
Nicholas Gadson,148621,ED,WAGNER,6,0,0,338,59.7,,,,,,61.5,,,74.7,0,0,0,1,0,24,2,10,0
Chris Field,148624,CB,WAGNER,3,0,0,338,,,,,,,58.7,,,67.1,0,0,0,0,2,9,0,2,0
Austin Hosier,148627,K,WAGNER,10,1,0,338,,48.6,,,34.9,,61.9,,,70.8,1,1,23,0,20,0,0,0,0
Michael Davidson,148628,LS,BROWN,8,0,0,123,,,83.4,,,74.7,67.3,,,63.2,0,0,40,0,0,0,0,0,0
Graham Walker,148629,WR,BROWN,5,0,0,123,,,,,,,68.2,,,72.8,0,0,0,0,3,25,0,0,0
Shane Prevot,148630,CB,BROWN,8,1,0,123,,,,,,,60.3,,,79.7,4,0,0,0,29,30,27,11,4
Nate Lussier,148637,TE,BROWN,2,0,0,123,,,,,,,59.7,,,66.9,0,0,0,0,0,10,0,0,0
Declan Boyle,148638,P,BROWN,10,0,0,123,,,,,,,62.4,,54.5,72.7,0,0,0,0,0,0,34,0,0
Jack Connolly,148640,G,BROWN,10,0,0,123,,,75.1,,,,65.1,,,69.5,0,0,49,0,0,0,0,0,0
Jackson Caputo,148641,WR,BROWN,9,0,0,123,,,,,,,61.1,,,70.4,0,0,0,0,3,69,0,0,0
Ian Franzoni,148643,HB,BROWN,4,0,0,123,,,,,,,64.3,,,71.8,0,0,0,0,4,6,0,14,0
Aubrey Parker,148644,CB,BROWN,7,0,0,123,59.7,,,,,,73.6,,,75.0,0,0,0,5,26,0,10,21,4
Matthew Littlejohn,148645,DI,BROWN,8,0,0,123,58.7,,68.2,,,,60.7,,,73.0,0,0,23,32,0,0,0,9,0
Isaiah Gamble,148647,LB,BROWN,9,0,0,123,60.0,,,,,,62.9,,,76.4,0,0,0,14,18,36,0,17,0
Jake Willcox,148649,QB,BROWN,7,1,0,123,,,,,,,67.9,,,69.8,1,0,0,0,42,0,0,18,3
Justin Anagonye,148653,DI,BROWN,9,0,0,123,59.0,,,,,,59.2,,,66.3,0,0,0,18,0,0,0,1,0
Kevin Coss,148655,ED,BROWN,7,0,0,123,60.0,,,,,,70.3,,,69.0,0,0,0,2,6,23,19,0,2
Treyvon Hobbs,148657,CB,BROWN,8,0,0,123,59.4,,,,,,63.3,,,71.6,0,0,0,27,2,0,0,19,0
Jordan DeLucia,148658,HB,BROWN,8,0,0,123,,,,,,,54.2,,,29.1,0,1,0,0,4,46,10,14,0
Quincy Eutsay,148660,ED,BROWN,3,0,0,123,60.0,,,,,,71.3,,,73.8,0,0,0,2,22,8,0,0,2
AJ Heidtke,148661,T,BROWN,1,0,0,123,,,61.2,,,,61.9,,,68.7,0,0,7,0,0,0,0,0,0
Kyle Philbin,148664,DI,BROWN,4,0,0,123,59.3,,66.5,,,,62.3,,,70.2,0,0,19,8,0,0,0,0,0
Christopher Maron,148666,K,BROWN,10,0,0,123,,75.0,,,62.6,,63.4,,,75.1,0,0,49,0,56,0,0,0,0
Will Jarvis,148667,QB,BROWN,2,0,0,123,,,,,,,60.5,,,67.1,0,0,0,0,1,3,0,1,0
Tim Malo,148668,CB,BROWN,1,0,0,123,,,,,,,61.0,,,69.1,0,0,0,0,0,0,0,3,0
Caleb Moorhead,148669,LB,BROWN,5,0,0,123,,,,,,,59.0,,,68.1,0,0,0,0,0,26,0,0,0
Ivan Macksyine,148673,DI,BROWN,2,0,0,123,59.4,,,,,,59.7,,,65.7,0,0,0,11,0,0,0,0,0
Kaleb Ross,148674,LB,BROWN,6,0,0,123,60.0,,,,,,64.5,,,77.7,0,0,0,1,28,39,0,3,0
Isaiah Reed,148677,CB,BROWN,10,0,0,123,59.3,,,,,,61.6,,,72.6,0,0,0,41,0,0,0,11,0
Stockton Owen,148679,HB,BROWN,7,0,0,123,,,,57.8,,,64.9,,,72.6,0,0,0,0,37,49,0,18,2
Nic Jones,148680,TE,BROWN,1,0,0,123,60.1,,,,,,60.3,,,64.4,0,0,0,3,0,0,0,0,0
Sami Miller,148681,S,BROWN,2,0,0,123,,,,,,,60.7,,,68.3,0,0,0,0,0,0,5,3,0
Joey Giorgi,148693,HB,COLUMBIA,2,0,0,145,,,,,,,61.1,,,64.5,0,0,0,0,3,1,0,0,0
Carter McFadden,148694,CB,COLUMBIA,1,0,0,145,,,,,,,30.0,,,65.1,1,0,0,0,2,0,0,0,0
Ben Corniello,148695,DI,COLUMBIA,8,0,0,145,58.8,,,,,,60.0,,,69.2,0,0,0,20,0,0,16,5,0
Anthony Roussos,148697,LB,COLUMBIA,1,0,0,145,,,,,,,61.9,,,67.0,0,0,0,0,0,0,0,4,0
Reid Spachman,148698,ED,COLUMBIA,3,0,0,145,60.1,,,,,,29.8,,,24.4,0,1,0,3,0,0,0,1,0
James Knox,148701,ED,COLUMBIA,1,0,0,145,60.0,,,,,,60.0,,,61.5,0,0,0,2,0,0,0,0,0
Dominic Busby,148704,TE,COLUMBIA,9,0,0,145,,,72.3,,,,63.7,,,63.8,0,0,41,0,0,5,0,0,0
Taylor Johnson,148705,DI,COLUMBIA,1,0,0,145,,,60.0,,,67.6,60.9,,,61.2,0,0,2,0,0,0,0,0,0
Wills Meyer,148709,WR,COLUMBIA,1,0,0,145,,,,,,,60.0,,,62.7,0,0,0,0,0,1,0,0,0
Marcus Libman,148710,WR,COLUMBIA,2,0,0,145,,,,,,,60.0,,,61.5,0,0,0,0,0,2,0,0,0
Zach Mills,148713,G,COLUMBIA,9,0,0,145,,,75.9,,,,65.0,,,65.1,0,0,44,0,0,0,0,0,0
Mason Tomlin,148714,CB,COLUMBIA,3,0,0,145,,,,,,,70.1,,,67.4,0,0,0,0,2,0,0,6,1
Ty'son Edwards,148715,HB,COLUMBIA,7,1,0,145,,,,59.4,,,68.8,,,73.6,0,0,0,0,16,25,0,22,1
Seth Parker,148716,CB,COLUMBIA,5,0,0,145,59.9,,,,,,64.2,,,68.6,0,0,0,6,6,0,0,12,0
CJ Brown,148718,LB,COLUMBIA,7,0,0,145,60.0,,,,,,61.7,,,68.8,0,0,0,1,24,0,13,5,0
Bryson Canty,148731,WR,COLUMBIA,5,0,0,145,,,,,,,69.0,,,72.0,0,0,0,0,0,1,15,15,1
Shawn Riley,148732,LB,COLUMBIA,6,0,0,145,,,,,,,64.6,,,71.2,0,0,0,0,17,0,0,11,0
Nicolas Nesbitt,148734,HB,COLUMBIA,1,0,0,145,,,,,,,40.9,,,70.5,0,0,0,0,7,0,0,4,0
Aaron Brebnor,148736,S,COLUMBIA,10,0,0,145,59.8,,,,,,49.8,,,82.7,6,0,0,2,55,0,54,44,2
John Martin,148738,C,COLUMBIA,1,0,0,145,,,60.0,,,,48.4,,,62.7,0,0,4,0,0,0,0,0,0
Chase Harleston,148741,WR,COLUMBIA,1,0,0,145,,,,,,,60.6,,,66.1,0,0,0,0,0,0,0,3,0
Lucas Mireur,148745,S,COLUMBIA,3,0,0,145,,,,,,,62.8,,,69.4,0,0,0,0,0,1,0,8,0
Matt Robbert,148749,TE,CORNELL,5,0,0,147,,,,,,,57.3,,,69.1,0,0,0,0,1,33,0,0,0
Anthony Chideme-Alfaro,148750,CB,CORNELL,3,0,0,147,,,,,,,64.3,,,72.5,0,0,0,0,10,18,7,10,1
Micah Sahakian,148757,T,CORNELL,10,0,0,147,,,71.2,,,,64.3,,,72.5,0,0,32,0,0,0,0,0,0
Brody Kidwell,148759,CB,CORNELL,1,0,0,147,,,,,,,60.0,,,64.2,0,0,0,0,0,0,0,1,0
Connor Morgan,148761,DI,CORNELL,10,0,0,147,57.8,,,,,,59.2,,,72.2,0,0,0,47,0,0,31,16,0
Nic Paschall,148769,LB,CORNELL,3,0,0,147,,,,,,,62.3,,,67.7,0,0,0,0,9,0,0,0,0
Holt Fletcher,148773,ED,CORNELL,10,0,0,147,59.5,,,,,,64.0,,,73.2,0,0,0,14,18,3,23,22,0
Connor Henderson,148774,LB,CORNELL,8,1,0,147,59.9,,,,,,55.2,,,79.2,1,1,0,9,27,0,0,21,2
Rasean Thomas,148775,S,CORNELL,1,0,0,147,,,,,,,62.2,,,66.7,0,0,0,0,7,0,0,0,0
Drew Powell,148776,HB,CORNELL,8,0,0,147,59.8,,,,,,68.9,,,76.9,0,0,0,2,2,38,42,29,2
Colton Lee,148778,S,CORNELL,3,0,0,147,,,,,,,56.3,,,70.4,0,0,0,0,13,0,0,10,0
Damon Barnes,148789,S,CORNELL,9,0,0,147,,,,,,,64.2,,,75.3,0,0,0,0,17,19,2,24,0
Zach LaPolice,148791,WR,CORNELL,1,0,0,147,,,60.0,,,,60.0,,,60.3,0,0,2,0,0,0,0,0,0
Robert Tucker III,148792,HB,CORNELL,1,0,0,147,,,,,,,60.0,,,64.0,0,0,0,0,0,0,1,0,0
Ezekiel Evans,148811,DI,CORNELL,1,0,0,147,59.8,,,,,,60.0,,,62.7,0,0,0,1,0,0,0,0,0
Macklin Ayers,148812,LB,DARTMOUTH,10,0,0,148,60.6,,,,,,69.4,,,77.2,0,0,0,14,51,33,11,26,3
Tyson McCloud,148816,S,DARTMOUTH,10,1,0,148,60.2,,,,,,68.8,,,78.5,0,0,0,20,44,0,4,37,1
Trevon Erickson,148817,ED,DARTMOUTH,2,0,0,148,,,,,,,63.5,,,66.5,0,0,0,0,0,0,0,7,0
Jace Henry,148818,QB,DARTMOUTH,5,0,0,148,,,60.0,,,,61.8,,,72.4,0,0,4,0,0,15,0,0,0
Danny Cronin,148822,LB,DARTMOUTH,1,0,0,148,,,,,,,62.4,,,67.6,0,0,0,0,8,0,0,0,0
Tevita Moimoi,148823,HB,DARTMOUTH,6,0,0,148,,,,,,,62.2,,,69.9,0,0,0,0,14,17,0,2,0
Joey Richmond,148824,HB,DARTMOUTH,2,0,0,148,,,,,,,60.6,,,66.7,0,0,0,0,2,3,0,0,0
Isaac Boston,148828,WR,DARTMOUTH,1,0,0,148,,,,,,,60.0,,,63.9,0,0,0,0,1,0,0,0,0
Leonard St. Gourdin,148829,S,DARTMOUTH,9,0,0,148,,,,,,,72.0,,,76.6,0,0,0,0,39,0,9,34,2
Cam Maddox,148832,S,DARTMOUTH,10,1,0,148,,,,,,,59.7,,,37.0,0,2,0,0,57,25,28,34,1
Onye Onuoha,148833,CB,DARTMOUTH,9,1,0,148,,,,,,,70.7,,,77.5,0,0,0,0,18,21,0,33,1
Thomas Hartnett,148835,T,DARTMOUTH,9,0,0,148,,,74.1,,,,64.7,,,67.6,0,0,50,0,0,0,0,0,0
Vachon Raye,148836,CB,DARTMOUTH,7,0,0,148,,,,,,,72.3,,,76.4,0,0,0,0,31,4,20,18,2
Jack Dyett,148838,TE,DARTMOUTH,1,0,0,148,,,60.0,,,,60.0,,,60.3,0,0,2,0,0,0,0,0,0
Paxton Scott,148839,WR,DARTMOUTH,3,0,0,148,,,,,,,62.3,,,69.7,0,0,0,0,0,2,0,5,0
Jordan Washington,148854,CB,DARTMOUTH,1,0,0,148,,,,,,,61.2,,,64.5,0,0,0,0,8,0,0,0,0
Davis Golick,148857,P,DARTMOUTH,5,0,0,148,,,,,,,61.8,,47.0,71.2,0,0,0,0,0,0,20,0,0
Sean Harmon,148859,TE,DARTMOUTH,1,0,0,148,,,,,,,59.2,,,66.9,0,0,0,0,0,0,5,0,0
Reese Spence,148861,LB,DARTMOUTH,2,0,0,148,,,,,,,61.4,,,69.2,0,0,0,0,1,0,0,2,0
Ben Harding,148870,LB,HARVARD,4,0,0,179,,,,,,,65.2,,,71.9,0,0,0,0,14,4,0,15,0
Tyler Huenemann,148872,DI,HARVARD,1,0,0,179,59.3,,,,,,59.6,,,61.6,0,0,0,1,0,0,0,0,0
Brock Locnikar,148876,LB,HARVARD,4,0,0,179,,,,,,,64.9,,,75.5,0,0,0,0,3,2,0,22,0
Kaleb Moody,148877,CB,HARVARD,5,0,0,179,59.8,,,,,,66.5,,,75.5,0,0,0,2,15,5,0,31,0
Thor Griffith,148878,DI,HARVARD,7,0,0,179,58.3,,,,,,58.1,,,65.8,0,0,0,23,0,0,1,0,0
Kwaku Adubofour,148881,DI,HARVARD,1,0,0,179,59.5,,,,,,59.7,,,63.3,0,0,0,2,0,0,0,0,0
Brandon Svets,148882,ED,HARVARD,1,0,0,179,59.8,,,,,,60.0,,,62.7,0,0,0,1,0,0,0,0,0
Scott Woods,148888,WR,HARVARD,2,0,0,179,,,,,,,60.6,64.9,,65.0,0,0,0,0,0,0,0,11,0
Tyler Neville,148889,TE,HARVARD,10,0,0,179,,,75.0,,,,64.6,,,61.7,0,0,59,0,0,0,0,0,0
Jacob Rizy,148892,G,HARVARD,2,0,0,179,,,62.0,,,,61.9,,,63.1,0,0,6,0,0,0,0,0,0
Riley Kunz,148893,TE,HARVARD,3,0,0,179,,,,,,,59.7,,,66.8,0,0,0,0,0,12,0,0,0
Riley Jenne,148897,S,HARVARD,8,0,0,179,,,,,,,57.6,,,28.5,0,2,0,0,48,19,10,49,1
Caden Woodall,148898,HB,HARVARD,1,0,0,179,,,,,,,60.8,,,67.5,0,0,0,0,0,0,0,2,0
Aaron Shampklin,148900,HB,HARVARD,2,0,0,179,,,,,,,60.0,,,64.0,0,0,0,0,0,1,0,0,0
Michael Entwistle,148902,G,HARVARD,1,0,0,179,,,60.0,,,,60.0,,,61.6,0,0,1,0,0,0,0,0,0
Tyler Adams,148905,WR,HARVARD,2,0,0,179,,,,,,,60.2,63.9,,64.8,0,0,0,0,0,0,0,8,0
Gavin Shipman,148908,S,HARVARD,4,0,0,179,59.6,,,,,,63.2,,,69.5,0,0,0,9,0,0,0,14,0
Matt Hudson,148909,LB,HARVARD,10,0,0,179,59.7,,,,,,70.5,,,86.0,0,0,0,2,57,30,57,60,3
Pearson Dennis,148910,DI,HARVARD,1,0,0,179,59.6,,,,,,59.8,,,62.0,0,0,0,1,0,0,0,0,0
RuQuan Brown,148911,CB,HARVARD,6,0,0,179,59.8,,,,,,52.4,,,28.7,0,1,0,2,2,0,0,35,0
Garrett Sharp,148917,S,HARVARD,9,1,0,179,,,,,,,73.8,,,81.4,0,0,0,0,52,19,0,58,1
Jack Plank,148926,ED,PENN,10,0,0,267,59.5,,,,,,59.1,,,33.4,0,1,0,4,15,37,0,7,1
Mozi Bici,148927,LB,PENN,8,0,0,267,88.2,,,,,,75.1,,,77.9,0,0,0,13,30,33,0,35,2
Joshua Casilli,148932,WR,PENN,8,1,0,267,,,,,,,75.6,,,73.8,0,0,0,0,0,1,28,27,1
Isaiah Jordan,148934,LB,PENN,1,0,0,267,,,,,,,62.4,,,69.1,0,0,0,0,3,7,0,3,0
Jack Fairman,148936,LB,PENN,4,0,0,267,,,,,,,69.2,,,72.0,0,0,0,0,15,7,22,0,2
Callum Abernethy,148937,T,PENN,2,0,0,267,,,60.4,,,,61.8,,,64.0,0,0,9,0,0,0,0,0,0
Lawson Nash,148940,S,PENN,10,0,0,267,,,,61.8,,,58.0,,,79.1,0,1,0,0,9,31,0,45,0
Jordan Niles,148942,HB,PENN,2,0,0,267,,,,,,,88.5,,,71.8,0,0,0,0,0,0,0,9,0
Sterling Stokes,148943,WR,PENN,1,0,0,267,,,,,,,60.0,,,64.6,0,0,0,0,1,0,0,0,0
Aidan Nash,148944,S,PENN,10,0,0,267,,,,,,,62.6,,,82.9,1,0,0,0,40,44,29,39,0
Bennett Smith,148945,TE,PENN,1,0,0,267,,,,,,,60.3,,,64.0,0,0,0,0,0,0,6,0,0
Graham Gotlieb,148946,K,PENN,2,0,0,267,,,,,64.2,,60.0,,,69.4,0,0,0,0,7,0,0,0,1
Travis McFarling,148947,DI,PENN,3,0,0,267,59.6,,60.0,,,,51.6,,,65.2,1,0,1,1,0,0,17,0,0
Trevor Mayberry,148952,T,PENN,10,0,0,267,,,70.5,,,,63.9,,,65.4,0,0,34,0,0,0,0,0,0
Justin Cayenne,148960,TE,PENN,1,0,0,267,,,,,,,60.0,,,63.8,0,0,0,0,0,2,0,0,0
Aaron Jones,148961,HB,PENN,3,0,0,267,,,,,,,64.6,,,68.8,0,0,0,0,4,0,4,9,0
Albert Jang,148970,P,PENN,1,0,0,267,,,,,,,60.1,,50.0,67.7,0,0,0,0,0,0,6,0,0
Elon McKenzie,149109,DI,AUSTINPEAY,1,0,0,116,59.8,,,,,,60.0,,,62.7,0,0,0,1,0,0,0,0,0
Jevon Jackson,149110,HB,AUSTINPEAY,2,0,0,116,,,,,,,64.9,,,66.9,0,0,0,0,10,1,0,0,0
Tre Shackelford,149111,WR,AUSTINPEAY,2,0,0,116,,,,,,,60.1,,,65.6,0,0,0,0,0,5,0,1,0
Tyree Pharr,149112,ED,AUSTINPEAY,1,0,0,116,59.6,,,,,,60.8,,,65.0,0,0,0,1,0,0,0,2,0
Shamari Simmons,149114,S,AUSTINPEAY,11,1,0,116,59.8,,,,,,77.1,,,73.6,0,0,0,37,48,15,0,13,4
DeTerias Glover,149116,ED,AUSTINPEAY,3,0,0,116,59.5,,,,,,60.2,,,64.6,0,0,0,2,0,0,0,1,0
Kellen Stewart,149119,WR,AUSTINPEAY,1,0,0,116,,,,,,,60.0,,,63.5,0,0,0,0,0,0,0,1,0
Brian Merritt,149122,DI,AUSTINPEAY,1,0,0,116,59.8,,,,,,60.0,,,62.7,0,0,0,1,0,0,0,0,0
Jaheim Ward,149123,S,AUSTINPEAY,2,1,0,116,,,,,,,67.5,,,65.9,0,0,0,0,7,0,0,0,0
Eddie Buxton Jr.,149125,S,AUSTINPEAY,1,0,0,116,,,,,,,60.1,,,66.0,0,0,0,0,0,4,0,0,0
Christian Wingfield,149127,T,AUSTINPEAY,1,0,0,116,,,60.0,,,,60.0,,,65.4,0,0,1,0,0,0,0,0,0
Harrison Wilkes,149129,G,AUSTINPEAY,8,0,0,116,,,73.5,,,,63.8,,,65.6,0,0,34,0,0,0,1,0,0
Brodie Williams,149130,S,AUSTINPEAY,4,1,0,116,,,,,,,58.9,,,78.1,1,0,0,0,19,20,0,19,0
Tre Williams,149131,LB,AUSTINPEAY,11,0,0,116,60.0,,,,,,69.8,,,75.9,0,0,0,2,52,5,0,16,1
Jackson Griner,149132,LB,AUSTINPEAY,5,0,0,116,,,60.0,,,,70.8,,,70.0,0,0,7,0,22,19,1,10,1
Will Spain,149133,LS,AUSTINPEAY,10,1,0,116,,,80.2,,,66.5,68.8,,,66.9,0,0,30,0,0,0,51,0,0
Alex Whitmore,149134,ED,AUSTINPEAY,5,0,0,116,58.7,,,,,,58.6,,,64.6,0,0,0,8,0,0,0,0,0
Joshua Rudolph,149135,LB,AUSTINPEAY,7,0,0,116,60.0,,60.0,59.6,,,71.7,,,77.0,0,0,1,1,41,10,0,19,4
Kobe Nash,149136,G,AUSTINPEAY,2,0,0,116,,,67.3,,,,62.7,,,64.1,0,0,13,0,0,2,0,0,0
Noah Williams,149137,WR,AUSTINPEAY,1,0,0,116,,,,,,,60.0,,,63.2,0,0,0,0,0,1,0,0,0
Kam Thomas,149138,WR,AUSTINPEAY,4,0,0,116,,,,69.4,,,46.6,37.2,,28.8,0,1,0,0,0,25,5,16,0
Brennan Smith,149139,T,AUSTINPEAY,2,0,0,116,,,,,,,60.0,,,62.9,0,0,0,0,0,2,0,0,0
Drae McCray,149140,WR,AUSTINPEAY,8,0,0,116,,,,68.5,,,92.3,,,65.2,0,0,0,0,0,30,2,3,0
Trey Goodman,149142,WR,AUSTINPEAY,9,0,0,116,,,61.0,60.0,,,62.5,45.0,,71.2,0,0,11,0,1,2,11,38,0
Sam Armstead,149143,TE,AUSTINPEAY,3,0,0,116,,,61.0,,,,45.3,,,26.1,0,1,11,0,0,0,0,0,0
Elijawah Tolbert,149150,S,E ILLINOIS,7,0,0,158,60.0,,,,,,62.0,,,72.5,0,0,0,2,0,29,0,16,0
Zay Gentry,149151,CB,E ILLINOIS,7,0,0,158,,,,,,,72.5,,,75.6,0,0,0,0,8,30,0,20,1
Logen Neidhardt,149153,P,E ILLINOIS,11,0,0,158,,,,,,,51.6,,60.8,29.6,0,1,0,0,0,0,63,0,0
Justin Growel,149155,ED,E ILLINOIS,10,0,0,158,58.6,,62.4,,,,60.1,,,69.8,0,0,10,44,0,0,0,6,0
Liam Conaghan,149158,TE,E ILLINOIS,9,0,0,158,,,68.5,,,,62.4,,,65.6,0,0,24,0,0,11,0,0,0
Payton Orth,149160,LB,E ILLINOIS,10,0,0,158,60.0,,,,,,62.5,,,81.5,1,0,0,2,30,37,6,28,0
Jack Valente,149163,LS,E ILLINOIS,10,0,0,158,,,,,,75.0,62.9,,,66.9,1,0,0,0,0,0,49,0,0
Ethan Roberts,149164,DI,E ILLINOIS,9,0,0,158,,,67.3,,,,62.6,,,65.3,0,0,24,0,0,0,21,0,0
Kinstin Reaves,149165,DI,E ILLINOIS,3,0,0,158,59.2,,,,,68.0,61.4,,,64.1,0,0,0,3,0,0,6,0,0
Albert Pontrelli,149166,DI,E ILLINOIS,4,0,0,158,,,60.0,59.9,,,59.9,,,68.5,0,0,5,0,0,22,0,0,0
Henry Woods Jr,149167,CB,E ILLINOIS,5,0,0,158,,,,,,,66.6,,,72.1,0,0,0,0,10,2,1,9,1
Connor Corrigan,149168,ED,E ILLINOIS,4,0,0,158,59.6,,,,,,59.5,,,69.2,0,0,0,2,0,12,0,3,0
Nick Coates,149169,CB,E ILLINOIS,5,0,0,158,,,,,,,59.4,,,77.9,1,0,0,0,21,19,15,16,0
Collin Tyson,149170,S,E ILLINOIS,1,0,0,158,,,,,,,60.7,,,68.2,0,0,0,0,0,5,0,0,0
Matthew Spofford,149171,HB,E ILLINOIS,1,0,0,158,,,,,,,60.0,,,62.4,0,0,0,0,1,0,0,0,0
Jason Moore Jr.,149172,HB,E ILLINOIS,1,0,0,158,,,,,,,63.0,,,71.6,0,0,0,0,2,6,0,4,0
AJ Sanders,149174,S,E ILLINOIS,3,0,0,158,,,,,,,62.0,,,68.3,0,0,0,0,3,0,0,9,0
Latrell Bonner,149176,WR,SE MO ST,3,0,0,293,,,,,,,61.2,,,70.7,0,0,0,0,0,13,0,0,0
Jay Callentine,149181,ED,SE MO ST,7,0,0,293,,,,,,,59.5,,,74.6,0,0,0,0,28,0,4,20,1
C.J. Ogbonna,149182,QB,SE MO ST,1,0,0,293,,,,,,,60.0,,,63.3,0,1,0,0,0,0,0,0,0
Michael Harris,149185,DI,SE MO ST,2,0,0,293,59.7,,,,,,59.9,,,63.5,0,0,0,2,0,0,0,0,0
Randol McDowell,149186,TE,SE MO ST,1,0,0,293,,,,,,,60.7,,,68.3,0,0,0,0,0,5,0,0,0
Bryce Norman,149187,LB,SE MO ST,11,3,0,293,60.1,,,,,,59.4,,,43.1,1,2,0,26,60,55,0,42,3
Alex Curry,149189,G,SE MO ST,4,0,0,293,,,66.5,,,,63.0,,,62.9,0,0,22,0,0,0,0,0,0
Keveon Robbins,149190,HB,SE MO ST,3,0,0,293,,,,59.4,,,60.1,,,64.7,0,0,0,0,0,9,0,0,0
William McCall,149191,CB,SE MO ST,3,0,0,293,,,,,,,62.1,,,67.5,0,0,0,0,3,0,0,6,0
Austin Carter,149192,ED,SE MO ST,10,0,0,293,58.9,,,,,,63.7,,,72.1,0,0,0,17,13,7,14,10,1
Mali Walton,149196,LB,SE MO ST,11,0,0,293,60.0,,,,,,58.6,,,76.0,0,0,0,2,52,63,0,11,3
Zach Kriens,149199,LB,SE MO ST,3,0,0,293,59.9,,,,,,60.9,,,65.6,0,0,0,3,3,1,0,0,0
Antonio Taylor,149200,S,SE MO ST,11,0,0,293,60.0,,,,,,61.2,,,71.7,0,0,0,19,0,39,0,0,0
Sam Keeper,149201,DI,SE MO ST,3,0,0,293,58.9,,,,,,59.0,,,63.8,0,0,0,5,0,0,0,0,0
Jayvian Allen,149203,CB,TENN TECH,11,0,0,309,59.6,,,59.9,,,68.7,,,40.2,1,1,0,26,43,32,30,36,5
Jalon Baker,149204,CB,TENN TECH,11,0,0,309,59.7,,,,,,60.2,,,69.0,0,0,0,20,2,28,0,1,0
Kevin Chandler,149208,WR,TENN TECH,1,0,0,309,,,,,,,59.9,,,64.5,0,0,0,0,0,3,0,0,0
Trace Danley,149209,CB,TENN TECH,10,2,0,309,59.5,,,,,,64.5,,,60.9,1,1,0,22,26,8,48,46,2
Jalal Dean,149210,WR,TENN TECH,5,0,0,309,,,,,,,61.1,61.4,,70.6,0,0,0,0,0,24,0,7,0
Wes Delk,149211,G,TENN TECH,2,0,0,309,,,60.0,,,,60.5,,,64.8,0,0,2,0,0,0,0,0,0
Trey Lubin,149217,S,TENN TECH,4,0,0,309,60.0,,,,,,55.6,,,76.3,1,0,0,1,10,24,6,20,0
David Oghenekaro,149220,G,TENN TECH,10,0,0,309,,,70.5,,,,63.7,,,65.2,0,0,33,0,0,0,0,0,0
James Smith,149224,ED,TENN TECH,1,0,0,309,60.0,,,,,,60.0,,,61.7,0,0,0,1,0,0,0,0,0
Hudson Tucker,149227,ED,TENN TECH,2,0,0,309,60.0,,,,,,60.0,,,61.9,0,0,0,2,0,0,0,0,0
Sidarius Walker,149228,HB,TENN TECH,1,0,0,309,,,,,,,61.8,,,69.8,0,0,0,0,3,4,4,3,0
Logan Weedman,149230,T,TENN TECH,2,0,0,309,,,60.0,,,,60.1,,,64.2,0,0,2,0,0,0,0,0,0
K.J. Phillips,149233,LB,TENN TECH,10,0,0,309,59.7,,,,,,61.7,,,71.3,0,0,0,15,6,9,0,2,0
Desmond Nokes,149235,WR,TENN MARTN,1,0,0,310,,,,,,,60.0,,,63.8,0,0,0,0,0,0,0,1,0
Elijah Smoot,149236,WR,TENN MARTN,2,0,0,310,,,,,,,48.6,,,67.5,1,0,0,0,0,0,5,0,0
Jarid Johnson,149238,DI,TENN MARTN,2,0,0,310,59.4,,,,,,59.7,,,63.2,0,0,0,2,0,0,0,0,0
Airius Trice,149239,WR,TENN MARTN,2,0,0,310,,,,,,,60.3,,,67.1,0,0,0,0,0,7,0,0,0
Jarod Russell,149244,G,TENN MARTN,3,0,0,310,,,60.6,,,,62.0,,,62.4,0,0,11,0,0,0,0,0,0
JaMichael McGoy Jr.,149245,WR,TENN MARTN,4,0,0,310,,,,,,,53.7,,,70.3,1,0,0,0,15,0,8,0,0
DJ Nelson,149247,TE,TENN MARTN,2,0,0,310,,,60.0,,,,60.8,,,61.3,0,0,4,0,0,0,0,0,0
DeVonte Tanksley,149250,WR,TENN MARTN,1,0,0,310,,,,62.5,,,60.0,,,62.0,0,0,0,0,0,4,0,0,0
Christian Dowell,149251,DI,TENN MARTN,2,0,0,310,59.8,,,,,,59.9,,,66.7,0,0,0,1,0,0,0,1,0
Fahreed Cheeks,149254,CB,TENN MARTN,5,0,0,310,59.6,,,,,,60.2,,,71.4,0,0,0,8,4,0,14,5,0
Aaron Webb,149255,S,TENN MARTN,12,0,0,310,,,,,,,65.1,,,76.4,1,0,0,0,55,0,41,7,3
Brad Jamison,149258,LB,BUCKNELL,10,1,0,125,60.0,,,,,,63.6,60.3,,81.6,0,0,0,6,25,64,6,23,0
Patrick Quinlivan,149261,DI,BUCKNELL,1,0,0,125,59.5,,,,,,59.7,,,63.0,0,0,0,2,0,0,0,0,0
Rushawn Baker,149262,HB,BUCKNELL,3,0,0,125,,,,,,,71.5,,,69.7,0,0,0,0,1,11,1,0,1
Ray Russell,149263,CB,BUCKNELL,3,0,0,125,59.9,,,,,,61.2,,,67.8,0,0,0,4,2,4,1,1,0
Ethan Robinson,149264,CB,BUCKNELL,11,1,0,125,59.3,,,,,,75.4,,,76.1,1,0,0,44,26,16,22,10,7
Chris Sims,149265,CB,BUCKNELL,6,0,0,125,59.8,,,,,,66.8,,,74.3,0,0,0,2,10,0,8,15,1
Grant Jones,149267,T,BUCKNELL,8,0,0,125,,,67.5,,,,63.4,,,70.7,0,0,19,0,0,0,0,0,0
Will Ohler,149268,ED,BUCKNELL,10,0,0,125,58.9,,65.6,,,,60.6,,,69.6,0,0,17,38,0,0,0,0,0
Marques Owens,149271,WR,BUCKNELL,8,0,0,125,,,,54.5,,,59.6,60.2,,65.5,0,0,0,0,0,35,1,2,0
John Schlendorf,149272,S,BUCKNELL,11,0,0,125,60.0,,,,,,64.9,,,80.5,3,0,0,13,26,61,16,27,5
Justin Fisher,149273,ED,BUCKNELL,1,0,0,125,59.8,,,,,,60.0,,,62.7,0,0,0,1,0,0,0,0,0
Cade Rooney,149275,DI,BUCKNELL,7,0,0,125,58.8,,60.0,,,,59.9,,,65.1,0,0,2,9,0,3,16,0,0
Mason Taylor,149276,CB,BUCKNELL,10,0,0,125,60.0,,,,,,63.6,,,70.5,0,0,0,34,12,12,0,3,1
Christian Spugnardi,149277,TE,BUCKNELL,4,0,0,125,,,60.0,,,,60.0,,,68.9,0,0,3,0,2,3,1,0,0
Mason Muir,149279,WR,BUCKNELL,6,0,0,125,,,,59.9,,,60.1,,,71.7,0,0,0,0,3,28,1,18,0
Jack Barnes,149282,ED,BUCKNELL,7,0,0,125,59.8,,,,,,69.4,,,75.9,0,0,0,10,12,33,0,16,1
Joe Ramos,149283,LB,BUCKNELL,2,0,0,125,60.0,,,,,,60.6,,,67.1,0,0,0,2,0,4,0,0,0
Jake Guy,149285,C,BUCKNELL,1,0,0,125,,,,,,,60.0,,,63.3,0,0,0,0,0,0,1,0,0
Paul Neel,149286,HB,BUCKNELL,4,0,0,125,,,,59.4,,,59.0,,,66.2,0,0,0,0,0,27,0,0,0
Alex Smith Jr.,149287,S,BUCKNELL,11,0,0,125,60.0,,,,,,65.0,,,78.2,2,0,0,27,28,10,26,33,1
Spencer Biscoe,149288,K,COLGATE,11,0,0,142,,67.9,,,61.9,,62.9,,,74.4,0,0,22,0,44,0,0,0,0
Brendan Cassamajor,149290,WR,COLGATE,1,0,0,142,,,,,,,59.6,,,65.8,0,0,0,0,0,9,0,0,0
Asauni Allen,149291,CB,COLGATE,11,0,0,142,60.0,,,,,,68.9,,,77.6,0,0,0,4,42,0,25,39,3
Chance Niesner,149292,T,COLGATE,4,0,0,142,,,60.0,,,,61.7,,,66.4,0,0,6,0,0,0,14,0,0
Andrew Taddeo,149293,DI,COLGATE,3,0,0,142,59.5,,,,,,60.2,,,64.4,0,0,0,2,0,0,0,1,0
Ethan Malachi West,149294,HB,COLGATE,10,0,0,142,,,,52.4,,,52.4,,,28.8,0,1,0,0,0,13,0,38,0
Shelby Pruett,149296,P,COLGATE,11,0,0,142,,,,,,,63.2,,37.3,74.8,0,0,0,0,0,0,57,0,0
Brody Hock,149297,LB,COLGATE,6,0,0,142,,,,,,,52.2,,,68.1,2,0,0,0,24,18,2,0,1
David Evbomenya,149306,T,FORDHAM,1,0,0,168,,,60.0,,,,60.3,,,65.4,0,0,2,0,0,0,0,0,0
Jack Low,149308,ED,FORDHAM,1,0,0,168,59.7,,,,,,60.0,,,61.8,0,0,0,1,0,0,0,0,0
Javari Rice-Wilson,149309,ED,FORDHAM,3,0,0,168,59.3,,,,,,60.8,,,65.2,0,0,0,3,0,0,0,3,0
James Conway,149310,LB,FORDHAM,11,1,0,168,59.8,,,,,,72.0,,,53.0,1,1,0,48,35,14,53,13,2
Trey Bradford,149311,S,FORDHAM,9,0,0,168,59.9,,,,,,67.0,,,85.6,0,0,0,3,10,2,0,28,0
Matt Jaworski,149312,ED,FORDHAM,10,1,0,168,58.9,,72.2,,,,60.7,,,37.4,0,1,37,31,41,49,0,17,0
Demarice Rice-Williams,149313,CB,FORDHAM,9,0,0,168,59.5,,,,,,64.6,,,80.0,0,0,0,16,45,31,1,37,1
Nick Holle,149314,LB,FORDHAM,2,0,0,168,60.0,,,,,,61.0,,,65.0,0,0,0,1,3,2,0,0,0
Harrison Greenslade,149317,TE,GEORGETOWN,1,0,0,172,,,60.0,,,,60.7,,,63.6,0,0,2,0,0,0,5,0,0
Braxton Turner,149319,G,GEORGETOWN,6,0,0,172,,,71.0,,,,63.4,,,63.8,0,0,22,0,0,0,16,0,0
Colby Moss,149320,CB,GEORGETOWN,6,0,0,172,59.9,,,,,,66.7,,,69.0,0,0,0,1,13,3,0,0,1
Conor Hunt,149321,P,GEORGETOWN,10,0,0,172,,56.8,,,53.5,,63.8,,50.6,76.5,1,1,33,0,25,0,52,0,3
Arlingcove Paul,149323,DI,GEORGETOWN,1,0,0,172,,,,,,,60.0,,,64.7,0,0,0,0,0,0,0,1,0
Kaysen Mahuka-Kaawa,149325,G,GEORGETOWN,3,0,0,172,,,63.4,,,,62.4,,,67.9,0,0,8,0,0,0,0,0,0
Naieem Kearney,149326,HB,GEORGETOWN,6,0,0,172,,,,57.9,,,59.1,,,65.2,0,0,0,0,0,25,0,0,0
Luke Popma,149327,T,GEORGETOWN,6,0,0,172,,,67.2,,,,63.2,,,69.2,0,0,14,0,0,0,0,0,0
Zayid Aziz,149329,CB,GEORGETOWN,6,0,0,172,59.9,,,63.5,,,68.4,,,70.8,0,0,0,1,11,5,3,18,2
Andrew Messineo,149330,ED,GEORGETOWN,3,0,0,172,59.5,,,,,,60.0,,,63.3,0,0,0,3,0,0,5,0,0
Asante Das,149331,WR,GEORGETOWN,6,0,0,172,,,,59.4,,,51.7,,,67.4,0,0,0,0,2,15,0,3,0
Jed Henry,149333,LB,GEORGETOWN,4,0,0,172,,,,,,,62.5,,,73.5,0,0,0,0,1,24,0,5,0
Patrick Ryan,149334,P,GEORGETOWN,2,0,0,172,,,,,45.7,,60.0,,,68.4,0,0,0,0,5,0,0,0,0
VeRon Garrison,149336,DI,GEORGETOWN,5,0,0,172,90.3,,,,,,90.0,,,26.2,0,1,0,11,0,0,0,1,0
Ibri Harrell,149337,ED,GEORGETOWN,10,0,0,172,59.3,,70.7,,,,72.1,,,71.0,0,0,33,21,0,0,0,22,0
Stephen Sergio,149339,LB,GEORGETOWN,7,0,0,172,59.8,,,,,,50.0,,,28.1,0,1,0,20,6,8,0,8,0
Noah Gick,149342,DI,GEORGETOWN,10,0,0,172,58.9,,,,,,62.5,,,66.5,0,0,0,8,0,0,52,1,1
Ben Fewel,149344,WR,GEORGETOWN,1,0,0,172,,,,,,,60.0,,,63.5,0,0,0,0,0,0,0,1,0
Kamren Watkins-Hunter,149345,CB,GEORGETOWN,10,0,0,172,,,,,,,63.9,,,74.1,0,0,0,0,19,19,0,36,0
Rashon Adams Jr.,149346,CB,GEORGETOWN,10,2,0,172,59.4,,,,,,61.3,,,50.0,0,1,0,35,37,0,0,38,0
Preston Murray,149348,CB,GEORGETOWN,2,0,0,172,,,,,,,68.4,,,68.1,0,0,0,0,4,0,0,1,1
Brian Balestra,149350,G,GEORGETOWN,1,0,0,172,,,18.5,,,,27.1,,,67.6,0,0,7,0,0,0,0,0,0
Cam Pygatt,149353,WR,GEORGETOWN,3,0,0,172,,,,,,,62.9,,,68.6,0,0,0,0,0,0,0,11,0
Richard Abood II,149354,K,GEORGETOWN,3,0,0,172,,,,,52.4,,60.0,,,68.9,0,0,0,0,6,0,0,0,0
David Ealey III,149355,LB,GEORGETOWN,10,1,0,172,59.9,,,,,,73.1,,,78.6,0,0,0,34,27,37,0,13,1
Maximus Villar,149356,ED,GEORGETOWN,2,0,0,172,,,,,,,60.0,,,64.6,0,0,0,0,0,10,0,0,0
Kwame Achampong,149357,ED,GEORGETOWN,4,0,0,172,59.5,,60.0,,,,61.0,,,64.7,0,0,4,2,0,0,0,1,0
Diandre Harris,149358,CB,GEORGETOWN,8,0,0,172,59.6,,,,,,35.9,,,28.4,0,1,0,1,8,1,1,23,0
Myles Jones,149359,LB,GEORGETOWN,5,0,0,172,59.8,,,,,,60.7,,,74.1,0,0,0,3,5,30,8,1,0
De'Andre Wilborn,149360,LB,GEORGETOWN,2,0,0,172,,,,,,,70.1,,,64.9,0,0,0,0,0,12,0,0,0
Kenneth Borders,149361,S,GEORGETOWN,10,0,0,172,59.8,,,,,,56.6,,,35.9,0,1,0,6,5,55,0,37,0
Sherman Steptoe II,149363,CB,GEORGETOWN,10,0,0,172,59.8,,,,,,64.7,,,76.1,2,0,0,2,35,1,0,22,3
Chris Carasia,149367,WR,LAFAYETTE,3,0,0,203,,,,,,,63.8,,,71.8,0,0,0,0,0,0,0,11,0
Gabe Decker,149369,FB,LAFAYETTE,7,1,0,203,,,,,,,69.6,,,77.7,0,0,0,0,26,36,21,25,1
Austin Eldred,149371,CB,LAFAYETTE,1,0,0,203,59.9,,,,,,60.8,,,66.8,0,0,0,1,0,0,0,3,0
Nahjee Adams,149373,HB,LAFAYETTE,3,0,0,203,,,,50.1,,,61.5,,,67.2,0,0,0,0,3,13,0,0,0
Ah-Shaun Davis,149376,QB,LAFAYETTE,1,0,0,203,,,,,,,60.0,,,64.7,0,0,0,0,0,0,0,1,0
Micah Pettit,149379,P,LAFAYETTE,10,0,0,203,,75.3,,,37.7,,61.1,,,66.9,0,0,32,0,3,0,0,0,0
Brian Henesey,149380,P,LAFAYETTE,3,0,0,203,,,,,,,60.9,,46.7,69.4,0,0,0,0,0,0,11,0,0
Michael Hayes,149383,HB,LAFAYETTE,10,0,0,203,,,,75.0,,,59.7,,,65.8,0,0,0,0,0,42,0,0,0
Gabe DuBois,149387,CB,LAFAYETTE,9,0,0,203,59.5,,,,,,60.8,,,69.9,0,0,0,28,0,3,0,1,0
Jalen Patterson,149388,WR,LAFAYETTE,1,0,0,203,,,,,,,62.1,,,70.1,0,0,0,0,0,0,0,4,0
Tim O'Hearn,149389,LB,LAFAYETTE,10,0,0,203,60.0,,,,,,69.9,,,74.5,1,0,0,1,35,0,12,41,5
Saiku White,149390,S,LAFAYETTE,6,1,0,203,60.2,,,,,,78.2,,,66.5,0,0,0,8,0,0,14,0,1
Blake Hartman,149391,HB,LEHIGH,6,0,0,205,,,,,,,65.9,,,75.0,0,0,0,0,11,0,1,22,1
Kellen Mathias,149393,CB,LEHIGH,1,0,0,205,59.7,,,,,,60.2,,,66.0,0,0,0,5,0,0,0,0,0
Sam Huyghe,149394,WR,LEHIGH,1,0,0,205,,,,,,,60.0,,,62.9,0,0,0,0,0,0,1,0,0
Aidan Reinhard,149395,P,LEHIGH,1,0,0,205,,,,,41.6,,60.0,,,67.0,0,0,0,0,3,0,0,0,0
Lucas MacKay,149396,LS,LEHIGH,9,0,0,205,,,,,,0.0,30.7,,,67.3,0,0,0,0,0,0,58,0,1
Andrew Worthy,149398,CB,LEHIGH,8,0,0,205,59.8,,,,,,64.7,,,73.8,0,0,0,2,0,11,0,29,0
Tucker Knupp,149399,LB,LEHIGH,7,1,0,205,,,76.8,,,73.2,69.8,,,73.1,0,0,22,0,14,15,0,17,1
Xavier Stephens,149400,DI,LEHIGH,5,0,0,205,58.9,,,,,,58.8,,,64.7,0,0,0,15,0,0,0,0,0
Scott Fulton,149402,TE,LEHIGH,6,0,0,205,59.8,,67.2,,,,62.9,,,64.6,0,0,20,1,0,0,15,2,0
Collin Johnson,149403,LS,LEHIGH,1,0,0,205,,,,,,82.4,65.3,,,63.5,0,0,0,0,0,0,5,0,0
Will Smalley,149404,T,LEHIGH,2,0,0,205,,,60.0,,,,61.5,,,62.2,0,0,8,0,0,0,0,0,0
Dillon Sheehan,149407,ED,LEHIGH,3,0,0,205,59.3,,,,,,59.5,,,64.6,0,0,0,4,0,0,0,1,0
Christian Curatolo,149408,T,LEHIGH,4,0,0,205,,,65.6,,,,63.4,,,70.7,0,0,17,0,0,0,0,0,0
Harrison Jenkins,149412,S,LEHIGH,2,0,0,205,,,,,,,61.5,,,66.6,0,0,0,0,2,6,0,2,0
Jaden Holzman,149413,LB,LEHIGH,8,0,0,205,59.8,,,,,,63.1,,,73.2,0,0,0,5,12,0,2,29,0
Logan Jones,149414,S,LEHIGH,4,0,0,205,60.0,,,,,,61.5,,,66.8,0,0,0,1,0,1,0,3,0
DJ Lawrence,149416,CB,LEHIGH,7,2,0,205,,,,,,,64.8,,,75.2,1,0,0,0,0,17,18,27,0
Jordan Fuller,149418,HB,HOLY CROSS,8,0,0,181,,,,,,,58.5,,,29.9,0,1,0,0,26,16,0,43,0
Justin Shorter,149419,WR,HOLY CROSS,13,0,0,181,,,,53.7,,,42.7,,,27.1,2,4,0,0,58,37,19,4,4
Joseph Townsend,149420,ED,HOLY CROSS,3,0,0,181,59.5,,,,,,59.7,,,63.6,0,0,0,3,0,0,0,0,0
Ryan Ruane,149422,CB,HOLY CROSS,6,0,0,181,,,,,,,61.1,,,66.2,1,0,0,0,25,0,0,0,2
Jacob Petersen,149424,TE,HOLY CROSS,13,0,0,181,,,76.8,,,,66.3,,,81.1,0,0,71,0,0,41,4,56,0
Cam McNair,149426,T,HOLY CROSS,13,0,0,181,,,19.4,,,,35.1,,,66.6,0,0,71,0,0,0,0,0,0
Joshua Williams,149427,DI,HOLY CROSS,2,0,0,181,59.2,,,,,,59.3,,,62.3,0,0,0,2,0,0,0,0,0
Jake Jarmolowich,149428,S,HOLY CROSS,11,1,0,181,60.0,,,,,,71.3,,,82.0,3,0,0,2,64,4,22,56,6
Frankie Monte,149429,LB,HOLY CROSS,11,0,0,181,,,,,,,89.6,,,79.5,0,0,0,0,48,37,2,25,6
Jack Norris,149431,K,HOLY CROSS,1,0,0,181,,,,,,,72.7,,,69.8,0,0,0,0,7,5,0,0,0
Griffin Wiegel,149432,QB,HOLY CROSS,2,1,0,181,,,,,,,68.5,61.8,,66.8,0,0,0,0,10,5,0,5,3
Damon Donalds,149435,DI,HOLY CROSS,1,0,0,181,59.6,,,,,,59.8,,,62.0,0,0,0,1,0,0,0,0,0
Evan Lewis,149439,HB,BUTLER,1,0,0,127,,,,,,,60.5,,,64.6,0,0,0,0,2,0,0,0,0
Joey Audia,149440,WR,BUTLER,4,0,0,127,,,,68.7,,,60.2,65.3,,66.2,0,0,0,0,0,20,0,8,0
Adam Dolan,149443,C,BUTLER,1,0,0,127,,,,,,,60.3,,,64.0,0,0,0,0,0,0,6,0,0
Cameron Heald,149444,TE,BUTLER,1,0,0,127,,,,,,,57.8,,,67.3,0,0,0,0,0,8,0,0,0
Thomas Brown,149445,WR,BUTLER,1,0,0,127,,,,,,,60.0,,,62.1,0,0,0,0,1,0,0,0,0
Joseph MacDonald,149449,CB,BUTLER,1,0,0,127,,,,,,,60.0,,,63.8,0,0,0,0,0,0,0,1,0
Nick Bafia,149451,S,BUTLER,8,1,0,127,60.0,,,,,,63.6,,,76.4,1,0,0,3,28,26,8,0,2
Adam Sturtz,149452,LB,BUTLER,9,0,0,127,59.8,,,,,,69.8,,,76.2,0,0,0,1,26,49,0,14,4
Kellen Madison,149455,CB,BUTLER,10,1,0,127,59.7,,60.0,,,,70.0,,,78.8,1,0,1,4,15,62,23,22,5
Jake LaBarre,149461,DI,BUTLER,2,0,0,127,60.1,,,,,,60.4,,,66.3,0,0,0,2,0,0,0,2,0
Daniel Obwaya,149462,DI,BUTLER,5,0,0,127,60.0,,,,,,62.6,,,75.9,0,0,0,5,0,0,0,3,0
Maxwell Weaver,149467,CB,DAVIDSON,1,0,0,149,,,,,,,61.4,,,65.9,0,0,0,0,0,0,0,4,0
Henry Dolan,149469,WR,DAVIDSON,1,0,0,149,,,,,,,60.0,60.3,,61.7,0,0,0,0,0,0,0,2,0
Aaron Maione,149470,WR,DAVIDSON,8,0,0,149,,,,70.5,,,61.4,64.4,,68.3,0,0,0,0,11,38,0,7,0
Sam Valor,149472,FB,DAVIDSON,2,0,0,149,,,,,,,63.6,,,65.5,0,0,0,0,1,1,1,0,0
Ryan Loveday,149475,C,DAVIDSON,1,0,0,149,,,,,,75.6,61.1,,,61.9,0,0,0,0,0,0,1,0,0
Malik McDaniel,149477,G,DAVIDSON,6,0,0,149,,,73.9,,,,57.8,,,28.4,0,1,40,0,0,0,0,0,0
Braxton Barber,149480,TE,DAVIDSON,4,1,0,149,,,60.0,,,82.4,65.4,,,69.2,0,0,3,0,2,22,5,0,0
JD Woodall,149481,CB,DAVIDSON,2,0,0,149,59.8,,,,,,59.8,,,63.6,0,0,0,1,0,0,1,0,0
Yusuf Ahmed,149484,LB,DAVIDSON,1,0,0,149,60.0,,,,,,60.0,,,61.1,0,0,0,1,0,0,0,0,0
Nick Jako,149485,S,DAVIDSON,4,1,0,149,,,,,,,51.3,,,25.8,0,2,0,0,7,5,0,0,2
John Tessmann,149486,LB,DAVIDSON,4,0,0,149,59.9,,,,,,69.4,,,69.2,0,0,0,1,26,7,0,0,2
Daniel Carter,149487,S,DAVIDSON,11,0,0,149,59.8,,,,,,66.3,,,79.3,1,0,0,1,48,46,6,6,3
Darryn Kindles,149488,DI,DAVIDSON,9,0,0,149,58.8,,,,,,60.7,,,71.5,0,0,0,14,0,0,0,5,0
Dallas Brown,149489,ED,DAVIDSON,3,1,0,149,59.9,,,,,,65.3,,,64.8,0,0,0,1,6,0,0,0,0
Julian Rawlins,149491,ED,DAVIDSON,5,0,0,149,60.0,,,,,,29.6,,,26.2,0,1,0,4,2,2,0,2,0
Grant Reeder,149493,DI,DAVIDSON,1,0,0,149,,,,,,,60.0,,,90.4,0,0,0,0,0,0,0,1,0
Joey Swanson,149495,WR,DAYTON,5,0,0,150,,,,,,,55.3,,,71.3,0,0,0,0,0,12,7,0,0
Tyler Mintz,149503,WR,DAYTON,2,0,0,150,,,,,,,58.6,,,62.9,0,0,0,0,0,2,1,0,0
Jake Coleman,149504,WR,DAYTON,2,0,0,150,,,,,,,60.2,,,67.1,0,0,0,0,0,7,0,0,0
Cade Beam,149507,HB,DAYTON,4,0,0,150,,,,,,,59.1,,,70.4,0,0,0,0,17,4,4,0,0
Connor Muck,149510,G,DAYTON,10,0,0,150,,,74.9,,,,63.0,,,75.9,0,0,51,0,0,0,5,0,0
Luke Bernstein,149511,T,DAYTON,3,0,0,150,,,67.5,,,,63.3,,,71.0,0,0,18,0,0,0,0,0,0
Conor Clyde,149512,G,DAYTON,2,0,0,150,,,60.5,,,,61.8,,,66.8,0,0,7,0,0,0,0,0,0
Mason McLaughlin,149513,G,DAYTON,10,0,0,150,,,73.8,,,75.6,35.9,,,67.5,0,0,51,0,0,0,7,0,0
Kevin Roberts,149516,TE,DAYTON,10,0,0,150,,,74.2,,,,61.1,,,66.1,0,0,51,0,0,0,7,0,0
Ca'ron Coleman,149520,LB,DAYTON,9,1,0,150,,,,,,,76.5,,,78.7,0,0,0,0,52,10,39,22,4
Jalen Hamilton,149527,WR,DAYTON,1,0,0,150,,,,,,,32.4,,,63.1,0,0,0,0,4,0,0,0,0
Bryce Jamison,149537,S,DAYTON,10,0,0,150,,,,,,,62.8,,,70.1,0,0,0,0,59,4,0,6,1
Jerell Lewis,149540,ED,DAYTON,8,0,0,150,58.6,,,,,,58.5,,,65.5,0,0,0,19,0,0,0,0,0
Chris Pepe,149547,ED,DAYTON,10,0,0,150,58.5,,,,,,59.5,,,74.1,0,0,0,34,0,0,0,2,0
Mason Henry,149549,ED,DAYTON,4,0,0,150,59.4,,,59.9,,,60.5,,,67.0,0,0,0,4,0,7,0,5,0
Nas Reynolds,149552,HB,DRAKE,1,0,0,153,,,,67.3,,,60.0,,,61.6,0,0,0,0,0,2,0,0,0
Davion Cherwin,149554,HB,DRAKE,1,0,0,153,,,,59.6,,,59.6,,,62.2,0,0,0,0,0,5,0,0,0
Sam Carpenter,149562,TE,DRAKE,1,0,0,153,,,,,,,60.0,,,61.8,0,0,0,0,0,0,1,0,0
Riley Dravet,149563,CB,DRAKE,4,0,0,153,59.6,,,,,,62.2,,,69.5,0,0,0,7,0,0,3,12,0
Connor Groff,149571,DI,DRAKE,1,0,0,153,60.0,,,,,,60.0,,,62.9,0,0,0,1,0,0,0,0,0
Sebastian Adamski,149572,LB,DRAKE,1,0,0,153,,,,,,,63.4,,,69.1,0,0,0,0,0,0,0,6,0
Stenton Quaye,149574,ED,DRAKE,1,0,0,153,,,,,,,61.5,,,71.6,0,0,0,0,0,0,0,6,0
Pat Strocchia,149575,ED,DRAKE,1,0,0,153,59.6,,,,,,59.8,,,62.4,0,0,0,1,0,0,0,0,0
Finn Claypool,149576,ED,DRAKE,4,0,0,153,59.9,,,,,,62.7,,,72.2,0,0,0,5,0,0,0,16,0
Ben Kujawa,149577,DI,DRAKE,1,0,0,153,,,,,,,63.4,,,69.6,0,0,0,0,0,0,0,6,0
Jack Ierulli,149578,K,DRAKE,10,0,0,153,,,,,63.9,,62.1,,,74.2,0,0,0,0,30,0,0,0,1
Jacobi Jones,149584,WR,PRESBYTERN,6,0,0,271,,,,,,,61.5,,,71.2,0,0,0,0,6,49,2,0,0
Warner Bush,149585,QB,PRESBYTERN,6,0,0,271,,,,,46.6,,60.0,,,69.8,0,0,0,0,8,0,0,0,0
Jalyn Witcher,149586,WR,PRESBYTERN,3,0,0,271,,,,,,,60.0,,,65.2,0,0,0,0,0,0,3,0,0
Javier Rudolph,149587,CB,PRESBYTERN,2,0,0,271,59.7,,,,,,60.0,,,63.4,0,0,0,6,1,0,0,0,0
Andrew Doss,149588,HB,PRESBYTERN,2,0,0,271,,,,57.9,,,60.9,,,65.2,0,0,0,0,3,8,0,1,0
Patch Bennett,149591,G,PRESBYTERN,9,0,0,271,,,76.3,,,73.1,65.4,,,62.9,0,0,21,0,0,0,0,0,0
Jacob Najmabadi,149595,WR,PRESBYTERN,1,0,0,271,,,,,,,60.0,,,63.1,0,0,0,0,0,1,0,0,0
David Herring,149598,WR,PRESBYTERN,2,0,0,271,60.0,,,,,,60.9,,,66.2,0,0,0,1,2,0,0,2,0
Brayden Cash,149599,WR,PRESBYTERN,10,1,0,271,,,,59.9,,,59.4,,,45.3,0,1,0,0,62,90,0,0,0
Austin Polson,149600,WR,PRESBYTERN,11,0,0,271,,,,59.9,,,60.9,,,82.8,0,0,0,0,3,99,3,0,0
Brooks Russ-Martin,149601,CB,PRESBYTERN,2,0,0,271,59.8,,,,,,60.6,,,64.9,0,0,0,2,0,0,0,1,0
Bradley Russ-Martin,149602,CB,PRESBYTERN,4,0,0,271,59.9,,,,,,60.7,,,72.3,0,0,0,3,0,10,0,2,0
Merrel Payne,149603,S,PRESBYTERN,5,0,0,271,59.8,,,,,,61.6,,,70.8,0,0,0,19,1,0,0,4,0
Jeffrey Johnson,149604,CB,PRESBYTERN,5,0,0,271,59.6,,,,,,62.8,,,70.9,0,0,0,10,15,1,1,1,0
George Wilder,149605,S,PRESBYTERN,2,0,0,271,,,,,,,61.0,,,63.3,0,0,0,0,2,0,0,1,0
Jamen Louris,149606,CB,PRESBYTERN,2,0,0,271,59.7,,,,,,62.0,,,76.4,0,0,0,5,0,0,0,3,0
James Crim,149607,S,PRESBYTERN,2,0,0,271,59.7,,,,,,60.8,,,90.0,0,0,0,1,0,0,0,1,0
Montae Boyd,149609,CB,PRESBYTERN,10,0,0,271,59.2,,,,,,63.0,,,82.2,0,0,0,40,0,80,3,13,0
Tyriek Johnson,149610,CB,PRESBYTERN,2,0,0,271,59.5,,,,,,60.9,,,68.2,0,0,0,13,0,0,0,2,0
Alex Herriott,149611,LB,PRESBYTERN,11,2,0,271,59.2,,,,,,70.1,,,82.7,0,0,0,66,70,0,0,19,2
Mason Lord,149612,ED,PRESBYTERN,3,0,0,271,59.1,,,,,,60.7,,,66.0,0,0,0,9,3,0,0,3,0
Coby Cornelius,149613,LB,PRESBYTERN,2,0,0,271,,,,,,,70.5,,,65.0,0,0,0,0,4,0,0,0,2
Suubi Mutebi,149614,DI,PRESBYTERN,1,0,0,271,59.7,,,,,,60.8,,,86.5,0,0,0,1,0,0,0,1,0
Braylen Dixon,149615,ED,PRESBYTERN,1,0,0,271,,,,,,,60.0,,,64.1,0,0,0,0,0,0,0,1,0
Acha Mbanwei,149616,K,PRESBYTERN,11,0,0,271,,71.3,,,45.6,,61.8,,50.0,73.4,0,1,21,0,31,0,10,0,0
Ja'seem Reed,149619,WR,SAN DIEGO,5,0,0,283,,,,,,,62.2,,,69.7,0,0,0,0,8,5,0,8,0
Logan Gingg,149620,HB,SAN DIEGO,4,1,0,283,,,,59.9,,,90.5,,,72.1,0,0,0,0,30,7,7,7,0
Evans Bowling,149625,C,SAN DIEGO,1,0,0,283,,,,,,,59.3,,,66.8,0,0,0,0,0,0,5,0,0
Vance Jefferson,149629,WR,SAN DIEGO,8,0,0,283,,,,,,,62.7,,,71.5,0,0,0,0,6,12,2,7,0
Trey Sena-Ortega,149630,S,SAN DIEGO,2,0,0,283,,,,,,,62.5,,,66.1,0,0,0,0,9,0,0,0,0
Nick Murray,149636,CB,SAN DIEGO,1,0,0,283,,,,,,,63.2,,,72.2,0,0,0,0,0,0,0,5,0
Justus Del Rio,149637,CB,SAN DIEGO,2,0,0,283,,,,,,,62.0,,,68.3,0,0,0,0,4,0,0,4,0
Malachi Cooper,149640,ED,SAN DIEGO,1,0,0,283,59.6,,60.0,,,,60.0,,,61.6,0,0,1,1,0,0,0,0,0
Brian Coburn,149641,ED,SAN DIEGO,3,0,0,283,60.0,,65.8,,,,62.8,,,69.3,0,0,14,1,0,0,2,0,0
Aidan Lehman,149642,P,SAN DIEGO,11,0,0,283,,,,,,,63.3,,33.7,75.0,0,0,0,0,0,0,61,0,0
Pablo Tager,149643,K,SAN DIEGO,11,0,0,283,,47.2,,,77.0,,63.4,,,76.4,0,0,9,0,57,0,0,0,1
JW Hertzberg,149645,QB,MARIST,1,0,0,213,,,,,,,60.0,,,64.1,0,0,0,0,0,5,0,0,0
Brett Landis,149646,WR,MARIST,2,0,0,213,,,,59.9,,,61.0,,,68.4,0,0,0,0,2,6,0,0,0
Matt Stianche,149650,WR,MARIST,1,0,0,213,,,,,,,60.3,,,64.9,0,0,0,0,0,6,0,0,0
Jayon Carter,149652,HB,MARIST,1,0,0,213,59.8,,,,,,61.0,,,66.5,0,0,0,6,0,0,0,2,0
Devin Thompson,149653,HB,MARIST,1,0,0,213,,,,,,,44.3,,,27.1,0,1,0,0,0,0,4,3,0
Brandon Lysick,149656,TE,MARIST,10,0,1,213,,,,59.6,,,50.4,,,28.4,0,1,0,0,2,37,4,0,0
Kharion Davis,149660,WR,MARIST,1,0,0,213,,,,,,,60.0,,,63.7,0,0,0,0,0,1,0,0,0
Salvatore Crescenzo,149661,T,MARIST,6,0,0,213,,,68.6,,,,64.0,,,71.9,0,0,24,0,0,0,0,0,0
Ibrahim Giwa,149662,G,MARIST,10,0,0,213,,,72.6,,,,64.7,,,73.4,0,0,39,0,0,0,0,0,0
Masin Cobb,149664,G,MARIST,9,0,0,213,,,70.6,,,,63.8,,,65.7,0,0,35,0,0,0,0,0,0
Zaire Cooper,149671,G,MARIST,5,0,0,213,,,68.7,,,,63.2,,,63.8,0,0,18,0,0,0,0,0,0
Nicolas Negron,149672,T,MARIST,1,0,0,213,,,60.0,,,,60.0,,,61.3,0,0,2,0,0,0,0,0,0
Derek Schrag,149676,WR,MARIST,1,0,0,213,,,60.0,,,,60.0,,,60.2,0,0,1,0,0,0,0,0,0
Alvin Stallworth,149681,CB,MARIST,7,0,0,213,59.4,,,,,,61.5,,,71.3,0,0,0,27,0,0,0,12,0
Anthony Scordio,149682,CB,MARIST,1,0,0,213,59.9,,,,,,60.8,,,87.8,0,0,0,1,0,0,0,1,0
Joshua Popoca,149683,CB,MARIST,2,1,0,213,59.6,,,,,,66.8,,,67.5,0,0,0,6,5,0,0,1,0
Kolbe Benham,149684,S,MARIST,1,0,0,213,,,,,,,60.9,,,69.3,0,0,0,0,0,8,0,0,0
Camron Ball,149685,S,MARIST,7,0,0,213,59.9,,,,,,65.5,,,29.0,0,1,0,3,29,28,0,17,3
Austin Trimble,149686,CB,MARIST,2,0,0,213,59.8,,,,,,62.5,,,70.1,0,0,0,2,0,0,0,8,0
Dominic Dutton,149687,DI,MARIST,10,0,0,213,,,71.1,,,,62.6,,,71.0,0,0,37,0,0,0,27,0,0
Tyler Ruscher,149693,LB,MARIST,10,0,0,213,59.7,,,,,,78.0,,,73.6,0,0,0,1,43,0,0,1,5
Jeff Jordan,149697,DI,MARIST,2,0,0,213,59.7,,60.0,,,,60.1,,,64.0,0,0,1,1,0,0,0,0,0
Nick Jackson,149698,DI,MARIST,10,0,0,213,58.9,,71.9,,,,62.5,,,65.5,0,0,25,9,0,0,0,2,0
Miles Kauderer,149703,ED,MARIST,9,0,0,213,59.8,,,,,,57.5,,,69.3,0,0,0,2,0,0,34,1,0
Marshall Golick,149705,P,STETSON,7,0,0,302,,,,,39.8,,62.9,,33.8,74.6,0,0,0,0,20,0,27,0,0
Michael Martinez,149706,WR,STETSON,5,0,0,302,,,,67.3,,,60.1,,,68.6,0,0,0,0,1,9,3,9,0
Jalon Warthen-Carr,149707,WR,STETSON,1,0,0,302,,,,,,,65.4,,,67.6,0,0,0,0,3,7,0,0,1
Fernando Bryant,149708,CB,STETSON,5,0,0,302,,,,,,,68.5,,,67.9,0,0,0,0,16,0,0,0,1
Kaderris Roberts,149713,HB,STETSON,6,0,0,302,,,,,,,63.2,,,67.9,0,0,0,0,8,0,3,3,0
DJ Dell'Anno,149716,TE,STETSON,10,0,0,302,,,,59.6,,,58.0,,,69.3,0,0,0,0,0,49,1,0,0
Nana Burris,149719,WR,STETSON,8,0,0,302,,,,59.1,,,56.8,33.2,,68.8,0,0,0,0,0,35,12,9,0
Zarrion Robinson,149724,S,STETSON,3,0,0,302,,,,,,,68.8,,,68.7,0,0,0,0,16,0,0,0,1
RJ Williams,149725,LB,STETSON,6,0,0,302,60.0,,,,,,63.0,,,77.9,1,0,0,21,19,0,0,15,1
Marshall Skoloff,149727,QB,STETSON,1,0,0,302,,,,,,,60.0,,60.0,63.3,0,0,0,0,0,0,1,0,0
Hayden McDonald,149735,LB,VALPO,1,0,0,332,,,,,,,59.7,,,64.6,0,0,0,0,0,3,0,0,0
Dom Grguric,149740,WR,VALPO,4,1,0,332,,,,,,,75.1,,,29.9,0,1,0,0,31,0,9,18,2
Jackson Dorr,149741,P,VALPO,1,0,0,332,,,,,,,60.0,,,63.4,0,0,0,0,1,0,0,0,0
Johnny Fairbank,149743,ED,VALPO,5,0,0,332,58.9,,,63.5,,,68.6,,,76.2,0,0,0,6,17,2,8,20,2
Uko Umana,149753,LB,VALPO,1,0,0,332,,,,,,,60.0,,,62.8,0,0,0,0,1,0,0,0,0
Kevin Spelman,149757,DI,VALPO,2,0,0,332,59.2,,60.0,,,,60.2,,,63.3,0,0,4,2,0,0,0,0,0
Colin Graves,149760,S,VALPO,6,0,0,332,60.0,,,,,,75.7,,,68.9,0,0,0,1,16,0,2,8,2
Jahni Clarke,149761,HB,VALPO,1,0,0,332,,,,,,,60.0,,,63.0,0,0,0,0,0,1,0,0,0
Ryan Hawk,149762,K,VALPO,2,0,0,332,,,,,67.8,,60.0,,,67.8,0,0,0,0,4,0,0,0,0
Barret Labus,149764,HB,VALPO,9,1,0,332,,,,,,,65.4,,,50.2,2,1,0,0,49,7,11,33,4
Hope Adebayo,149767,HB,STTHOM,6,0,0,1129,,,,59.6,,,61.4,,,67.2,0,0,0,0,5,9,4,5,0
Aaron Arnold,149768,T,STTHOM,2,0,0,1129,,,60.0,,,,60.0,,,64.3,0,0,1,0,0,0,2,0,0
Anthony Boyd,149769,CB,STTHOM,3,0,0,1129,,,,,,,67.6,,,67.1,0,0,0,0,15,0,0,1,1
Jonathan Bunce,149770,ED,STTHOM,10,0,0,1129,59.7,,,,,,54.6,,,29.4,0,1,0,32,17,0,0,30,0
Johnson Fallah,149774,CB,STTHOM,9,0,0,1129,,,,,,,65.5,,,71.8,0,0,0,0,0,0,0,30,0
Kolby Gartner,149776,P,STTHOM,10,0,0,1129,,,65.0,,,,62.7,,54.9,70.2,0,0,35,0,0,0,32,0,0
Isaiah Hall,149778,CB,STTHOM,10,0,0,1129,90.6,,,64.6,,,90.5,60.1,,29.5,0,1,0,30,15,39,1,30,0
Louis Hyde,149781,K,STTHOM,10,1,0,1129,,69.7,,,46.7,,62.4,,,71.8,0,0,34,0,27,0,0,0,1
Malaki-Milton Jackson,149782,ED,STTHOM,3,0,0,1129,,,,,,,61.8,,,67.4,0,0,0,0,6,3,0,1,0
Ethan Lott,149784,DI,STTHOM,1,0,0,1129,,,,,,,60.2,,,63.1,0,0,0,0,0,0,3,0,0
Hamza Malim,149786,CB,STTHOM,1,0,0,1129,,,,,,,60.0,,,64.3,0,0,0,0,0,0,0,1,0
Nic Seifert,149788,TE,STTHOM,3,0,0,1129,,,60.0,,,,58.1,,,63.7,0,0,4,0,0,0,2,0,0
Simon Stark,149791,CB,STTHOM,1,0,0,1129,59.9,,,,,,61.9,,,68.6,0,0,0,1,0,3,0,5,0
Lucas Torgerson,149794,WR,STTHOM,10,0,0,1129,,,,,,,59.5,,,71.1,0,0,0,0,1,31,6,5,0
C.J. Warren,149795,DI,STTHOM,2,0,0,1129,,,,,,,60.5,,,65.9,0,0,0,0,0,0,0,3,0
Jacob WIldermuth,149796,WR,STTHOM,2,0,0,1129,,,,,,,60.0,,,65.2,0,0,0,0,0,0,3,0,0
Grif Wurtz,149797,S,STTHOM,10,0,0,1129,60.1,,,,,,62.9,60.0,,70.2,0,0,0,15,11,5,0,3,0
Shea Albrecht,149800,G,STTHOM,9,0,0,1129,,,73.0,,,,58.8,,,66.0,0,0,29,0,0,0,9,0,0
David Ayeni,149801,ED,STTHOM,7,0,0,1129,,,,,,,64.8,,,66.8,0,0,0,0,4,16,3,1,1
Quinllion Canada,149803,S,STTHOM,3,0,0,1129,,,,,,,74.2,,,71.3,0,0,0,0,15,0,0,11,3
Aiden Carlson,149804,TE,STTHOM,7,0,0,1129,,,65.6,,,,54.8,,,69.8,0,0,17,0,0,1,16,0,0
Ian Erickson,149805,T,STTHOM,1,0,0,1129,,,60.0,,,,60.0,,,60.9,0,0,1,0,0,0,0,0,0
Nick Flaskamp,149806,LB,STTHOM,8,1,0,1129,59.8,,,,,,77.8,,,74.8,0,0,0,12,41,0,0,13,1
Jack Francl,149807,LS,STTHOM,10,0,0,1129,,,44.3,,,8.3,43.4,,,65.8,0,0,35,0,0,0,30,0,1
Noah Friedt,149808,DI,STTHOM,1,0,0,1129,,,,,,,60.0,,,64.1,0,0,0,0,0,0,0,1,0
Kristoff Kowalkowski,149811,QB,STTHOM,1,0,0,1129,,,,,,,60.0,,,63.3,0,0,0,0,0,0,1,0,0
Tyler LaHam,149812,DI,STTHOM,1,0,0,1129,59.3,,,,,,59.3,,,63.7,0,0,0,1,0,0,1,0,0
Jason Laliberte Jr.,149813,T,STTHOM,4,0,0,1129,,,60.0,,,,57.3,,,68.1,0,0,5,0,0,0,3,0,0
Yusef Leak,149814,CB,STTHOM,9,0,0,1129,59.9,,,,,,64.6,,,75.9,0,0,0,1,0,9,0,37,0
IBK Mafe,149815,ED,STTHOM,1,0,0,1129,,,,,,,60.0,,,63.8,0,0,0,0,0,0,0,1,0
John McBride,149816,TE,STTHOM,5,0,0,1129,,,63.5,,,,61.6,,,67.8,0,0,14,0,0,0,1,0,0
Andrew McElroy,149817,WR,STTHOM,8,0,0,1129,,,,,,,57.8,,,74.1,0,0,0,0,2,0,18,12,0
Jalen Moore,149818,HB,STTHOM,1,0,0,1129,,,,,,,60.0,,,63.3,0,0,0,0,0,0,1,0,0
Caden Nelson,149819,LB,STTHOM,1,0,0,1129,,,,,,,60.0,,,62.0,0,0,0,0,1,0,0,1,0
Alec Rasmussen,149820,T,STTHOM,7,0,0,1129,,,68.6,,,,55.0,,,71.2,0,0,21,0,0,0,11,0,0
Landon Reed,149821,HB,STTHOM,1,0,0,1129,,,60.0,,,,60.0,,,62.9,0,0,1,0,0,0,1,0,0
Pat Ricciardi,149822,HB,STTHOM,3,0,0,1129,,,60.0,,,,59.3,,,65.5,0,0,1,0,0,16,0,0,0
Langston Robinson,149823,G,STTHOM,6,0,0,1129,,,60.0,,,,54.9,,,67.4,0,0,5,0,0,0,5,0,0
Shawn Shipman,149824,HB,STTHOM,9,1,0,1129,,,60.0,,,,63.9,,,73.0,0,0,1,0,40,0,1,10,5
Branden Smith,149825,QB,STTHOM,1,0,0,1129,,,,,,,60.0,,,63.3,0,0,0,0,0,0,1,0,0
Drake Tabor,149829,K,STTHOM,3,0,0,1129,,,,,60.6,,60.5,,,71.0,0,0,0,0,12,0,0,0,1
Jordan Titus,149830,DI,STTHOM,9,0,0,1129,58.4,,,,,,58.6,,,67.5,0,0,0,31,0,0,0,1,0
Javon Burke,149831,WR,CHATTNOOGA,1,0,0,137,,,,,,,61.2,,,66.6,0,0,0,0,0,0,1,3,0
Josh Battle,149841,S,CHATTNOOGA,2,0,0,137,,,,,,,61.5,,,69.0,0,0,0,0,6,0,0,0,0
Ahmed Green,149845,QB,CITADEL,1,0,0,139,,,,,,,60.0,,,63.0,0,0,0,0,0,1,0,0,0
Javonte Graves-Billips,149847,WR,CITADEL,3,0,0,139,,,,60.8,,,60.3,,,63.9,0,0,0,0,0,11,0,0,0
Davis Sutherland,149851,G,CHARLES SO,4,0,0,135,,,,,,,50.1,,,66.1,0,0,0,0,0,0,26,0,0
Landon Owens,149855,WR,CITADEL,2,0,0,139,,,,,,,60.7,,,66.6,0,0,0,0,0,3,0,1,0
Melvin Ravenel,149858,CB,CITADEL,2,0,0,139,59.9,,,,,,60.2,,,64.0,0,0,0,1,0,0,0,1,0
Je'Mazin Roberts,149860,LB,CITADEL,11,0,0,139,59.7,,,54.6,,,71.2,,,73.3,0,0,0,5,22,57,0,13,1
Dylan Snyder,149863,DI,CITADEL,4,0,0,139,59.9,,65.8,,,,56.1,,,27.9,0,1,17,1,0,17,0,5,0
Chris Iverson,149864,DI,CITADEL,1,0,0,139,59.6,,,,,,59.8,,,62.0,0,0,0,1,0,0,0,0,0
Haynes Eller,149869,QB,E TENN ST,10,0,0,157,,,66.7,,,,62.1,,,61.2,0,0,55,0,0,0,0,0,0
Solomon Dunn,149875,WR,E TENN ST,1,0,0,157,,,,,,,60.0,,,62.7,0,0,0,0,0,1,0,0,0
Cameron Garnett,149878,LB,E TENN ST,5,0,0,157,,,,,,,57.3,,,67.3,1,0,0,0,17,0,0,1,1
Davion Hood,149880,ED,E TENN ST,1,0,0,157,,,,,,,60.0,,,90.7,0,0,0,0,0,0,0,1,0
Jacoby Leatherwood,149881,LB,E TENN ST,10,1,0,157,,,,60.0,,,66.1,,,32.9,1,1,0,0,63,28,5,29,5
Clayton Ivester,149882,LB,E TENN ST,2,0,0,157,,,,,,,62.8,,,71.2,0,0,0,0,4,0,0,4,0
Myion Hicks,149888,HB,FURMAN,1,0,0,170,,,,,,,60.0,,,63.5,0,0,0,0,0,0,0,1,0
Amaah Achina,149894,LB,FURMAN,4,1,0,170,,,,,,,75.0,,,72.3,1,0,0,0,21,13,2,4,5
Ryan Lamb,149905,C,FURMAN,2,0,0,170,,,65.7,,,,63.0,,,71.0,0,0,14,0,0,0,0,0,0
Landon Whittemore,149908,TE,FURMAN,4,0,0,170,,,66.0,,,,62.6,,,61.9,0,0,17,0,0,0,0,0,0
DJ Durham Jr.,149912,S,FURMAN,2,0,0,170,,,,,,,65.1,,,70.8,0,0,0,0,0,0,0,9,0
Justin Hartwell,149913,S,FURMAN,3,0,0,170,,,,,,,58.1,,,72.2,1,0,0,0,22,10,0,12,0
Dominic Morris,149914,CB,FURMAN,9,1,0,170,59.6,,,,,,60.9,,,77.6,1,0,0,13,2,0,32,35,1
Alex Maier,149916,S,FURMAN,1,0,0,170,,,,,,,69.5,,,67.0,0,0,0,0,5,0,0,0,1
Langston White,149925,HB,MERCER,2,1,0,219,,,,,,,66.8,,,66.5,0,0,0,0,7,0,0,0,0
Clay Baker,149927,G,MERCER,6,0,0,219,,,70.6,,,,64.0,,,67.6,0,0,32,0,0,0,0,0,0
Ari Kamau,149930,T,MERCER,3,0,0,219,,,63.0,,,,62.5,,,65.5,0,0,13,0,0,0,0,0,0
Jaylin Peterson,149931,WR,MERCER,3,0,0,219,,,,61.8,,,62.9,,,69.3,0,0,0,0,0,1,0,10,0
Corey Barnes,149934,CB,MERCER,7,0,0,219,60.0,,60.0,,,,51.3,,,28.5,0,1,5,1,0,0,6,28,0
Myles Redding,149936,S,MERCER,10,0,0,219,59.9,,,,,,79.5,,,71.4,0,0,0,11,48,2,5,13,8
Kenyan Hunter,149937,S,MERCER,1,0,0,219,,,,,,,65.2,,,72.8,0,0,0,0,0,1,0,9,0
Marques Thomas,149938,LB,MERCER,9,2,0,219,,,,,,,73.4,,,75.2,1,0,0,0,52,24,3,29,3
Emil Hovde,149939,ED,MERCER,4,0,0,219,60.0,,,,,,72.1,,,73.5,0,0,0,2,1,0,0,19,0
Savio Frazier,149940,DI,MERCER,8,0,0,219,58.9,,,,,,60.9,,,67.5,0,0,0,13,0,0,0,7,0
Trey Turk,149941,P,MERCER,9,0,0,219,,,,,,,63.0,,57.8,73.7,0,1,0,0,0,0,42,0,1
Nathan Barham,149942,TE,SAMFORD,3,0,0,282,,,66.8,,,,62.8,,,62.1,0,0,19,0,0,0,0,0,0
Carson Goold,149946,WR,SAMFORD,1,0,0,282,59.9,,,,,,60.0,,,63.5,0,0,0,1,0,0,0,0,0
John Collins,149948,HB,SAMFORD,1,0,0,282,,,,,,,57.1,,,65.7,0,0,0,0,0,7,0,0,0
Jordan Oladokun,149952,CB,SAMFORD,6,0,0,282,59.6,,,,,,61.6,,,67.8,0,0,0,7,15,0,0,1,0
Evan Craighead,149955,LB,SAMFORD,3,0,0,282,59.8,,,,,,60.1,,,63.3,0,0,0,4,0,0,0,1,0
Midnight Steward,149960,S,SAMFORD,4,0,0,282,59.9,,,,,,61.9,,,74.5,0,0,0,9,2,0,0,1,0
Kobe Stewart,149961,ED,SAMFORD,1,0,0,282,59.2,,,,,,59.4,,,63.9,0,0,0,3,0,0,0,0,0
Hunter Rice,149970,HB,VA MILT IN,11,1,0,336,,,,,,,69.7,,,53.0,2,1,0,0,53,61,38,22,10
John Covert,149972,FB,VA MILT IN,8,0,0,336,,,,,,,58.3,,,42.3,0,1,0,0,28,35,0,19,1
Jabari Haslem,149973,LB,VA MILT IN,4,0,0,336,60.0,,,,,,63.9,,,73.5,0,0,0,1,0,0,0,10,0
Luke Mayr,149974,WR,VA MILT IN,3,0,0,336,,,,,,,62.4,,,69.9,0,0,0,0,0,7,0,4,0
Jayson Tarpeh,149978,G,VA MILT IN,1,0,0,336,60.0,,,,,,60.0,,,61.7,0,0,0,1,0,0,0,0,0
Jason Johnson,149984,ED,VA MILT IN,3,0,0,336,59.7,,,,,,60.6,,,67.0,0,0,0,4,1,2,0,0,0
Shamus Jones,149985,S,VA MILT IN,11,2,0,336,60.0,,,,,,70.0,,,76.0,1,0,0,5,65,9,28,7,6
Noel Innocent,149986,CB,VA MILT IN,10,1,0,336,59.6,,,,,,68.8,,,73.5,0,0,0,14,32,0,9,22,1
Eric Rankin,149987,ED,VA MILT IN,6,2,0,336,59.7,,,,,,63.5,,,71.1,1,0,0,4,20,0,0,5,0
Darryl Overton,149988,LB,VA MILT IN,2,0,0,336,60.1,,,,,,60.1,,,61.3,0,0,0,5,0,0,0,0,0
Dorien Starnes,149989,ED,VA MILT IN,7,0,0,336,59.7,,,,,,63.8,,,75.3,0,0,0,7,0,0,0,16,0
Terrell Jackson,149991,DI,VA MILT IN,4,0,0,336,60.0,,,,,,60.2,,,63.8,0,0,0,4,0,0,0,0,0
Kandler Martin,149995,ED,VA MILT IN,10,0,0,336,59.5,,,,,,64.4,,,37.5,0,1,0,28,0,17,22,4,2
Raphael Williams Jr.,149997,WR,W CAROLINA,1,0,0,344,,,,,,,60.0,,,63.3,0,0,0,0,0,0,1,0,0
Kenny Benjamin,149998,HB,W CAROLINA,1,0,0,344,,,,,,,61.5,,,67.9,0,0,0,0,6,0,0,0,0
Rogan Wells,149999,QB,W CAROLINA,1,0,0,344,,,,,,,60.0,,60.0,63.3,0,0,0,0,0,0,1,0,0
Toler Keigley,150002,WR,W CAROLINA,1,0,0,344,,,,,,,61.6,,,67.9,0,0,0,0,6,0,1,0,0
Branson Adams,150005,WR,W CAROLINA,9,0,0,344,,,,55.2,,,67.8,,,77.5,0,0,0,0,0,32,40,28,1
Brayden Blackmon,150006,TE,W CAROLINA,9,0,0,344,,,73.8,,,,62.5,,,68.9,0,0,50,0,0,56,11,0,0
Caleb Scott,150007,TE,W CAROLINA,6,3,0,344,,,71.3,59.1,,,76.0,,,78.3,0,0,33,0,38,33,2,15,3
Anthony Giansante,150008,C,W CAROLINA,4,0,0,344,,,69.8,,,,63.7,,,66.9,0,0,26,0,0,0,0,0,0
Andreas Keaton,150011,S,W CAROLINA,11,1,0,344,59.6,,,,,,66.4,,,71.7,0,0,0,57,11,2,10,13,1
Willie Rice,150012,CB,W CAROLINA,10,0,1,344,59.7,,,,,,69.5,,,53.1,0,1,0,4,54,33,10,32,6
Caleb Fisher,150014,ED,W CAROLINA,11,0,0,344,59.7,,73.1,,,,65.2,,,69.9,0,0,46,4,0,0,8,8,0
Tyler Anderson,150015,LB,W CAROLINA,1,0,0,344,59.7,,,,,,60.0,,,61.8,0,0,0,1,0,0,0,0,0
Okachi Emmanwori,150018,CB,WOFFORD,11,0,0,350,59.9,,,58.6,,,60.9,,,65.3,0,0,0,30,6,5,0,0,0
Anthonie Lattany,150019,DI,WOFFORD,11,0,0,350,57.8,,,,,,58.0,,,68.0,0,0,0,32,0,0,0,5,0
Romello Gray,150020,DI,WOFFORD,8,0,0,350,58.5,,,,,,59.3,,,67.9,0,0,0,13,0,0,0,3,0
Ben Marler,150023,DI,WOFFORD,4,0,0,350,,,65.7,,,,62.9,,,68.1,0,0,15,0,0,0,0,0,0
Marc Magno,150024,T,WOFFORD,3,0,0,350,,,64.6,,,,62.5,,,64.5,0,0,11,0,0,0,0,0,0
Julio Del Jesus,150026,C,WOFFORD,4,0,0,350,,,66.9,,,,62.9,,,64.8,0,0,13,0,0,0,0,0,0
Austin Drinkwater,150028,G,WOFFORD,4,0,0,350,,,66.3,,,,62.8,,,64.5,0,0,12,0,0,0,0,0,0
Amir Annoor,150037,CB,WOFFORD,11,0,0,350,59.4,,,60.3,,,63.5,,,77.0,0,0,0,26,13,24,0,30,0
Isaiah Mananga,150038,LB,WOFFORD,10,1,0,350,,,,,,,67.7,,,77.3,0,0,0,0,9,21,1,27,0
Damien Curtis,150039,CB,WOFFORD,9,0,0,350,59.9,,,,,,62.4,,,71.9,0,0,0,1,3,0,1,25,0
Eli Purcell,150040,LB,WOFFORD,11,2,0,350,60.0,,,61.1,,,68.9,,,27.9,0,3,0,1,40,71,14,27,3
Camden Gray,150041,LB,WOFFORD,8,0,0,350,60.2,,,,,,62.5,,,64.9,0,0,0,35,4,0,3,6,0
Matthew Clayton,150042,LB,WOFFORD,3,0,0,350,,,,,,,62.8,,,69.5,0,0,0,0,6,0,0,2,0
Marcus Gatling,150043,LB,WOFFORD,9,0,0,350,60.0,,,,,,58.4,,,73.1,0,0,0,7,25,30,0,8,2
Seth Foster,150048,DI,WOFFORD,1,0,0,350,,,,,,,60.0,,,64.1,0,0,0,0,0,0,0,1,0
Nate Nardone,150050,ED,WOFFORD,1,0,0,350,,,60.0,,,,60.6,,,61.5,0,0,2,0,0,0,0,0,0
Brandon Maina,150051,DI,WOFFORD,9,0,0,350,57.9,,,,,,57.9,,,68.9,0,0,0,33,0,0,0,5,0
Marcus Dees,150052,ED,WOFFORD,8,0,0,350,59.1,,,,,,60.1,,,66.7,0,0,0,9,0,0,0,4,0
Parker Floyd,150057,TE,INCAR WORD,12,0,0,189,,,77.4,,,,65.2,,,77.2,0,0,67,0,0,8,0,0,0
B.J. Mayes,150058,CB,INCAR WORD,7,0,0,189,59.8,,,,,,61.3,,,29.8,0,1,0,2,37,37,0,23,2
Jimeto Obigbo,150060,G,INCAR WORD,5,0,0,189,,,71.8,,,,64.4,,,71.0,0,0,27,0,0,0,0,0,0
Tiji Paul,150061,CB,INCAR WORD,11,0,0,189,59.4,,,,,,60.7,,,70.3,0,0,0,24,0,0,0,3,0
Jarrell Wiley,150064,HB,INCAR WORD,1,0,0,189,,,,59.9,,,60.0,,,63.7,0,0,0,0,0,1,0,0,0
Darius Sanders,150065,LB,INCAR WORD,11,0,0,189,59.8,,,,,,50.9,,,29.1,0,1,0,13,33,38,0,0,1
Donovan Dreighton,150067,S,INCAR WORD,2,0,0,189,,,,,,,61.4,,,68.3,0,0,0,0,8,13,0,0,0
Josh Gonzalez,150068,DI,INCAR WORD,2,0,0,189,59.5,,,,,,59.7,,,64.0,0,0,0,4,0,0,0,0,0
Reggie Branch II,150071,CB,INCAR WORD,5,0,0,189,59.9,,,,,,68.8,,,70.3,0,0,0,5,16,8,1,4,2
Jalen Mann,150072,S,INCAR WORD,6,0,0,189,60.0,,,,,,68.6,,,69.2,0,0,0,1,4,21,0,5,2
Callum Eddings,150074,P,MCNEESE,10,0,0,217,,,,,,,50.3,,53.8,29.3,1,1,0,0,0,0,54,0,0
Richard Akers,150078,CB,MCNEESE,1,0,0,217,,,,,,,60.0,,,66.0,0,0,0,0,0,0,0,1,0
Alijah Hamilton,150080,CB,MCNEESE,9,0,0,217,60.2,,,,,,66.6,,,71.6,0,0,0,10,17,7,0,1,1
Twillie Lovett,150081,CB,MCNEESE,8,0,0,217,59.6,,,,,,81.2,,,74.0,0,0,0,7,9,0,7,15,1
Brandon Hayden,150082,K,MCNEESE,3,0,0,217,,,,,47.3,,49.5,,,26.2,0,1,0,0,12,0,0,0,0
Clay Ancelet,150085,T,MCNEESE,1,0,0,217,,,60.0,,,,60.0,,,61.6,0,0,1,0,0,0,0,0,0
Dillon Simon,150087,QB,MCNEESE,1,0,0,217,,,,,,,60.0,,,63.4,0,0,0,0,1,0,0,0,0
Lathan Adams,150089,CB,MCNEESE,3,0,0,217,59.6,,,,,,65.9,,,70.3,0,0,0,7,4,0,0,8,1
Thomas Miles,150091,WR,MCNEESE,7,0,0,217,,,,,,,55.1,,,77.3,0,0,0,0,21,22,26,29,0
Eemil Herranen,150092,P,MCNEESE,1,0,0,217,,,60.0,,,,60.4,,,60.5,0,0,5,0,0,0,0,0,0
Jalen Johnson,150097,WR,MCNEESE,10,0,0,217,,,,,,,67.0,,,75.9,0,0,0,0,12,0,54,6,2
Jon McCall,150098,WR,MCNEESE,2,0,0,217,,,,,,,60.6,,,66.8,0,0,0,0,0,2,0,1,0
Cameron Foster,150100,T,MCNEESE,8,0,0,217,,,72.4,,,,64.6,,,72.6,0,0,37,0,0,0,0,0,0
Elinus Noel III,150107,DI,NICHOLLS,9,0,0,243,79.9,,,,,,89.8,,,68.4,0,0,0,24,0,0,0,3,0
Tyler Morton,150110,CB,NICHOLLS,10,1,0,243,59.7,,,,,,72.4,,,75.6,1,0,0,4,61,0,0,28,2
Hugh Gregory Hamer,150111,S,NICHOLLS,3,0,0,243,,,,,,,56.1,,,67.1,1,0,0,0,19,0,0,0,1
Jake Dalmado,150112,HB,NICHOLLS,1,0,0,243,,,,,,,60.4,,,63.3,0,0,0,0,2,0,0,0,0
TyShaun Hester,150113,HB,NICHOLLS,1,0,0,243,,,,,,,49.4,,,65.5,0,0,0,0,3,6,0,0,0
Quinton Sharkey,150124,LB,NICHOLLS,10,0,0,243,59.6,,,,,,57.3,,,74.0,2,0,0,15,43,31,0,7,1
Tyrell Lockett,150126,DI,NWSTATE,1,0,0,257,59.6,,,,,,59.8,,,62.4,0,0,0,1,0,0,0,0,0
Chase Underwood,150128,G,NWSTATE,1,0,0,257,,,60.0,,,,60.6,,,63.1,0,0,2,0,0,0,0,0,0
Cadillac Rhone,150129,S,NWSTATE,4,0,0,257,,,,,,,64.5,,,71.0,0,0,0,0,2,2,0,10,0
Jaeden Ward,150131,LB,NWSTATE,11,0,0,257,58.8,,,,,,60.2,,,70.5,0,0,0,17,5,20,5,5,1
Dylan Fluellen,150132,WR,NWSTATE,6,0,0,257,,,,,,,65.4,,,73.4,0,0,0,0,10,39,0,13,1
Tay Coleman,150140,CB,NWSTATE,5,1,0,257,,,,,,,65.8,,,73.6,0,0,0,0,8,0,10,12,0
D'Andre Richard,150141,G,NWSTATE,8,0,0,257,,,72.7,,,,64.5,,,69.9,0,0,30,0,0,0,0,0,0
Jacob Washington,150142,S,NWSTATE,8,0,0,257,59.8,,,,,,76.4,,,71.9,0,0,0,12,30,7,0,17,5
AJ Burns,150143,CB,NWSTATE,2,0,0,257,,,,,,,61.2,,,67.9,0,0,0,0,0,0,0,5,0
Ara Rauls III,150144,S,NWSTATE,6,0,0,257,59.9,,,,,,63.6,,,72.6,0,0,0,8,0,0,7,14,0
Junior Brown,150145,LB,NWSTATE,9,1,0,257,60.2,,,,,,63.8,,,55.9,1,1,0,10,26,50,24,33,2
Kwame Sarkodie,150147,LB,NWSTATE,10,0,0,257,60.0,,,,,,64.0,,,77.8,1,0,0,13,28,0,52,25,5
Bryce Dealey,150149,HB,NWSTATE,7,0,0,257,,,,,,,68.7,,,73.8,0,0,0,0,1,32,14,0,0
SirMichael Veasley,150150,HB,NWSTATE,1,0,0,257,,,,,,,61.5,,,64.6,0,0,0,0,5,0,0,0,0
Mark Clement,150152,CB,SE LA,1,0,0,294,,,,,,,60.0,,,62.1,0,0,0,0,1,0,0,0,0
Aubrey Bishop,150154,K,SE LA,2,0,0,294,,60.0,,,62.0,,60.0,,,65.5,0,0,2,0,2,0,0,0,0
Kevin Bickham,150155,LB,SE LA,10,1,0,294,59.9,,,,,,79.0,,,78.7,0,0,0,2,71,12,17,32,5
Tommy Lee,150156,LB,SE LA,10,1,0,294,,,,,,,66.1,,,79.2,1,0,0,0,36,45,0,21,2
Markel Linzer,150158,S,SE LA,5,1,0,294,59.7,,,,,,70.3,,,73.5,0,0,0,5,31,9,0,11,1
Reginald Patterson Jr.,150162,WR,SE LA,3,0,0,294,,,,,,,61.5,,,69.4,0,0,0,0,4,0,1,1,0
Bryce Cage,150163,ED,SE LA,10,0,0,294,58.7,,,,,,58.9,,,66.3,0,0,0,25,0,0,0,2,0
Gage Larvadain,150169,WR,SE LA,11,0,0,294,,,,66.7,,,59.9,68.7,,66.9,0,0,0,0,0,63,1,29,0
Coryell Pierce,150170,CB,SE LA,7,0,0,294,59.8,,,63.5,,,65.5,,,77.9,0,0,0,3,50,8,5,18,0
Barylre Davenport,150174,ED,CENT ARK,3,1,0,132,60.0,,,,,,67.5,,,69.2,0,0,0,1,17,0,0,5,0
KeMari Clark,150175,CB,CENT ARK,5,0,0,132,59.9,,,,,,64.1,,,73.5,0,0,0,1,1,8,0,17,0
Jake Golday,150178,ED,CENT ARK,4,2,0,132,,,,,,,76.9,,,74.4,0,0,0,0,20,7,23,10,2
Devin Steen,150180,LB,CENT ARK,3,0,0,132,,,,,,,70.6,,,71.3,0,0,0,0,2,5,10,9,1
Cameron Coleman,150181,HB,CENT ARK,6,0,0,132,,,,,,,56.9,,,69.5,0,0,0,0,5,38,0,0,0
Darius Hale,150185,HB,CENT ARK,2,0,0,132,,,,,,,59.7,60.3,,63.8,0,0,0,0,0,1,1,1,0
Frazier Rose,150186,T,CENT ARK,3,0,0,132,,,65.0,,,,62.6,,,65.8,0,0,12,0,0,0,0,0,0
Connor Clark,150187,TE,CENT ARK,5,0,0,132,,,60.0,59.9,,,60.5,,,69.1,0,0,1,0,0,18,0,0,0
Kam Robinson,150189,WR,CENT ARK,2,0,0,132,,,,,,,60.3,,,65.3,0,0,0,0,0,8,0,0,0
Bradley Clark,150190,DI,CENT ARK,1,0,0,132,59.6,,,,,,60.8,,,65.1,0,0,0,1,0,0,0,2,0
Jaden Salley,150191,G,CENT ARK,7,0,0,132,,,51.6,,,,56.3,,,73.2,0,0,31,0,0,0,3,0,0
Drake Bradley,150192,DI,CENT ARK,2,0,0,132,59.5,,,,,,60.8,,,65.5,0,0,0,2,0,0,0,2,0
James Jordan,150193,CB,CENT ARK,8,2,0,132,59.7,,,,,,64.4,,,72.3,2,0,0,5,45,21,2,3,5
Kylin James,150195,HB,CENT ARK,3,0,0,132,,,,,,,61.3,,,67.0,0,0,0,0,1,0,0,3,0
Myles Butler,150199,WR,CENT ARK,4,0,0,132,,,,,,,63.6,,,72.8,0,0,0,0,2,5,0,5,0
Sean Smith,150200,CB,CENT ARK,3,1,0,132,,,,,,,66.4,,,70.2,1,1,0,0,20,0,0,4,2
Will Leota,150201,LB,DIXIE,10,0,0,1285,60.2,,,,,,64.5,,,80.2,0,0,0,42,24,63,16,22,0
Bradley Brown,150203,ED,DIXIE,10,0,0,1285,59.2,,,,,,63.3,,,74.8,0,0,0,29,12,0,0,21,0
Max Christensen III,150205,DI,DIXIE,9,0,0,1285,57.8,,,,,,57.6,,,66.8,0,0,0,22,0,0,0,3,0
Andy Day,150207,K,DIXIE,10,1,0,1285,,61.8,,,75.9,,64.2,,53.2,78.3,0,0,3,0,42,0,54,0,0
Keishaun Dudley,150208,WR,DIXIE,3,1,0,1285,,,,,,,62.6,,,69.7,0,0,0,0,14,8,8,0,0
Darrian Feazell-Tau,150209,LB,DIXIE,3,1,0,1285,60.0,,,,,,77.4,,,68.9,0,0,0,2,9,0,3,1,1
Michael Fifita,150210,DI,DIXIE,11,0,0,1285,57.2,,68.9,,,,59.7,,,70.6,0,0,18,36,0,0,48,5,0
James Groff,150212,WR,DIXIE,1,0,0,1285,,,,,,,60.0,,,64.6,0,0,0,0,1,0,0,0,0
Jackson Lambert,150214,S,DIXIE,2,1,0,1285,,,,,,,65.5,,,72.4,0,0,0,0,15,10,1,0,0
Zealand Matagi,150215,HB,DIXIE,8,0,0,1285,,,,,,,55.6,,,29.5,0,1,0,0,7,17,0,11,0
William Paden III,150216,LB,DIXIE,4,0,0,1285,59.6,,,,,,60.5,,,66.5,0,0,0,9,1,0,2,2,0
Livingston Paogofie,150217,DI,DIXIE,8,0,0,1285,58.2,,,,,,58.7,,,67.3,0,0,0,23,0,0,0,4,0
Baylor Payan,150219,K,DIXIE,11,0,0,1285,,,77.2,,,75.7,69.0,,,67.2,0,0,40,0,0,0,60,0,0
Nolan Reynolds,150220,T,DIXIE,3,0,0,1285,,,69.2,,,,52.8,,,26.7,0,1,17,0,0,0,0,0,0
Jordan Scott,150221,S,DIXIE,7,1,0,1285,59.9,,,,,,73.9,,,69.3,0,0,0,8,3,6,28,8,2
Jayden Sheridan,150222,CB,DIXIE,4,0,0,1285,59.7,,,59.1,,,62.5,,,69.5,0,0,0,6,14,6,0,2,0
Alan Talanoa,150224,LB,DIXIE,1,0,0,1285,60.0,,,,,,60.6,,,64.4,0,0,0,1,2,0,0,0,0
Gabriel Valenzuela,150225,CB,DIXIE,4,0,0,1285,59.9,,,,,,64.9,,,71.2,0,0,0,1,9,3,7,0,1
Jagger Williams,150226,CB,DIXIE,4,0,0,1285,60.0,,,,,,59.8,,,67.8,0,0,0,4,0,10,3,0,0
Drew Kannely-Robles,150228,HB,DIXIE,3,0,0,1285,,,,57.4,,,60.3,,,63.9,0,0,0,0,2,12,0,0,0
Raleigh Phillips,150229,P,DIXIE,1,0,0,1285,,,,,,,60.1,,50.7,67.7,0,0,0,0,0,0,6,0,0
Syrus Webster,150230,ED,DIXIE,11,0,0,1285,59.0,,,,,,60.8,,,71.5,0,0,0,46,2,39,0,12,0
Bryant Weekly,150232,S,DIXIE,4,0,0,1285,60.0,,,,,,62.9,,,72.6,0,0,0,1,16,4,0,0,0
Jacob Gibson,150235,ED,DIXIE,1,0,0,1285,59.8,,,,,,60.7,,,64.5,0,0,0,1,2,0,0,0,0
Braedon Sloan,150238,HB,E KENTUCKY,10,1,0,159,,,,,,,65.3,,,84.5,0,0,0,0,50,41,46,41,1
TK McLendon Jr.,150239,DI,E KENTUCKY,9,0,0,159,58.4,,,,,,59.4,,,69.0,0,0,0,9,0,0,0,8,0
Jayden Higgins,150240,WR,E KENTUCKY,2,0,0,159,59.6,,,,,,60.0,,,62.1,0,0,0,1,1,0,0,0,0
Yvenson Vignier,150252,CB,E KENTUCKY,1,0,0,159,,,,,,,61.5,,,65.8,0,0,0,0,4,0,0,0,0
Ubong Udom,150253,ED,E KENTUCKY,10,0,0,159,59.8,,,,,,62.7,,,69.0,0,0,0,29,0,0,0,15,0
Keke McFadden,150255,WR,E KENTUCKY,1,0,0,159,59.6,,,,,,59.8,,,61.2,0,0,0,1,0,0,0,0,0
John Blunt Jr.,150257,CB,E KENTUCKY,9,0,0,159,59.3,,,,,,62.5,,,75.1,0,0,0,30,0,2,0,25,0
Jaden Smith,150262,WR,E KENTUCKY,7,0,0,159,,,,59.9,,,50.8,49.7,,66.5,1,0,0,0,1,1,0,25,0
Kevin Butler,150264,CB,E KENTUCKY,2,0,0,159,,,,,,,60.8,,,66.9,0,0,0,0,0,0,0,3,0
Justin Jones,150267,G,E KENTUCKY,1,0,0,159,,,60.0,,,,60.6,,,61.7,0,0,4,0,0,0,0,0,0
Jacob Berry,150269,HB,SM HOUSTON,1,0,0,281,,,,,,,61.3,,,67.9,0,0,0,0,5,1,0,0,0
Weston Stephens,150272,HB,SM HOUSTON,10,0,0,281,,,,64.0,,,60.3,,,67.4,0,0,0,0,20,40,1,0,0
Christian Pavon,150275,K,SM HOUSTON,4,0,0,281,,56.3,,,75.6,,60.7,,,68.9,0,0,7,0,9,0,0,0,0
KeSean Raven,150276,WR,SM HOUSTON,2,0,0,281,,,,,,,43.3,,,26.5,0,1,0,0,0,1,5,0,0
Donovan Adkins,150280,S,SM HOUSTON,11,0,0,281,60.0,,,,,,66.3,,,82.4,1,1,0,1,48,24,11,44,4
Kamren Washington,150283,DI,SM HOUSTON,7,0,0,281,58.5,,,,,,60.1,,,67.6,0,0,0,8,0,0,0,5,0
Zach Stricker,150284,LS,SM HOUSTON,1,0,0,281,,,,,,75.6,61.1,,,61.9,0,0,0,0,0,0,1,0,0
Quan Williams,150288,S,SM HOUSTON,1,0,0,281,,,,,,,59.9,,,63.8,0,0,0,0,0,2,0,0,0
Kavian Gaither,150289,S,SM HOUSTON,12,1,0,281,59.9,,,61.8,,,70.9,,,81.7,1,0,0,8,82,50,5,51,3
Jarvis Brooks,150293,TE,SM HOUSTON,1,0,0,281,,,60.0,,,,60.0,,,60.9,0,0,2,0,0,0,0,0,0
Darien Flynn,150295,LB,SM HOUSTON,3,0,0,281,,,,,,,66.6,,,76.4,0,0,0,0,6,13,0,20,1
Cameron Plummer,150296,ED,SM HOUSTON,1,0,0,281,,,,,,,60.0,,,67.2,0,0,0,0,0,0,0,1,0
Caleb Weaver,150298,CB,SM HOUSTON,5,0,0,281,,,,,,,64.8,,,77.5,0,0,0,0,20,18,0,22,0
Emon Allen,150299,CB,SM HOUSTON,4,0,0,281,,,,,,,63.4,,,70.9,0,0,0,0,0,1,1,13,0
Markel Cheeseboro,150303,HB,JVILLE ST,1,0,0,196,,,,,,,60.3,,,64.8,0,0,0,0,0,0,0,2,0
Kaleb Jones,150304,HB,JVILLE ST,1,0,0,196,,,,,,,60.0,,,64.1,0,0,0,0,0,0,0,1,0
Pearson Baldwin,150307,TE,JVILLE ST,1,0,0,196,,,,,,,60.1,,,64.8,0,0,0,0,0,2,0,0,0
Amon Scarbrough,150316,S,JVILLE ST,8,0,0,196,59.7,,,,,,72.1,,,71.3,0,0,0,12,4,0,4,13,1
Jaylen Hughey,150317,LB,JVILLE ST,3,0,0,196,,,,,,,61.4,,,68.5,0,0,0,0,6,0,0,6,0
Jett Smith,150318,S,JVILLE ST,3,0,0,196,,,,,,,70.7,,,68.7,0,0,0,0,14,0,0,7,2
Jalen Bustamante,150320,CB,JVILLE ST,2,0,0,196,,,,,,,62.9,,,70.2,0,0,0,0,1,0,0,4,0
Slade Alexander,150321,LB,JVILLE ST,5,0,0,196,,,,,,,61.5,,,72.4,0,0,0,0,0,21,0,0,0
Omar Sims,150325,DI,JVILLE ST,1,0,0,196,,,,,,,60.0,,,63.5,0,0,0,0,0,0,0,1,0
Mitchell Etheridge III,150326,ED,JVILLE ST,1,0,0,196,,,,,,,60.0,,,64.7,0,0,0,0,0,0,0,1,0
Christian Murray,150328,LS,JVILLE ST,7,0,0,196,,,,,,,67.1,,,70.1,0,0,0,0,6,2,0,17,1
Ethan Newton,150332,WR,LAMAR,2,0,0,204,,,,,,,58.3,,,69.5,0,0,0,0,0,12,0,0,0
Kameron Ladia,150334,QB,LAMAR,1,0,0,204,,,60.9,,,,62.9,,,64.6,0,0,8,0,7,0,0,0,0
Damashja Harris,150338,HB,LAMAR,3,0,0,204,,,,59.9,,,62.1,,,67.1,0,0,0,0,0,2,0,4,0
Tyson King,150339,HB,LAMAR,8,0,0,204,,,,,,,79.8,,,78.1,0,0,0,0,24,13,21,20,0
Steve Johnson,150342,TE,LAMAR,3,0,0,204,,,,,,,61.4,,,66.3,0,0,0,0,1,7,0,2,0
Jacob Bayer,150349,C,LAMAR,5,0,0,204,,,62.7,,,,62.3,,,62.6,0,0,14,0,0,0,0,0,0
B.J. Williams,150350,T,LAMAR,9,0,0,204,,,70.8,,,,64.3,,,73.4,0,0,30,0,0,0,0,0,0
Drew Moss,150351,T,LAMAR,2,0,0,204,,,60.0,,,,61.2,,,63.1,0,0,6,0,0,0,0,0,0
Luke Ferguson,150352,WR,LAMAR,4,0,0,204,,,,59.9,,,64.2,,,70.5,0,0,0,0,0,1,0,12,0
Canden Grogan,150353,WR,LAMAR,3,0,0,204,,,,,,,58.4,,,66.6,0,0,0,0,0,16,0,0,0
Vernon Mosley III,150354,WR,LAMAR,1,0,0,204,,,,59.9,,,60.0,,,61.2,0,0,0,0,0,1,0,0,0
David Jefferson,150355,WR,LAMAR,1,0,0,204,,,60.0,,,,62.8,,,67.7,0,0,2,0,0,0,0,4,0
Antorius Hambric Jr.,150358,S,LAMAR,4,1,0,204,59.9,,,,,,56.7,,,65.3,0,0,0,4,11,0,1,1,0
Ramond Stevens,150359,CB,LAMAR,9,0,0,204,59.5,,,,,,54.8,,,29.3,0,1,0,17,22,22,3,12,0
Caleb Arnold,150360,S,LAMAR,9,0,0,204,59.9,,,,,,62.0,,,75.4,0,0,0,7,26,52,0,4,0
Damian Alexander,150361,CB,LAMAR,9,1,0,204,59.3,,,,,,63.7,,,72.7,0,0,0,23,0,1,10,11,0
DeMarco Roberts,150362,CB,LAMAR,8,0,0,204,59.4,,60.0,57.3,,,58.2,,,76.2,1,0,1,24,18,17,5,20,1
Jaden Harding,150364,CB,LAMAR,3,0,0,204,59.9,,,,,,61.6,,,68.8,0,0,0,2,1,0,0,6,0
Seth Johnson,150365,S,LAMAR,9,1,0,204,59.7,,,,,,66.0,,,71.3,0,0,0,6,26,0,0,0,0
AJ Owens,150366,LB,LAMAR,10,1,0,204,59.3,,,,,,57.9,,,69.8,1,0,0,21,32,5,16,1,0
Patrick Brinkley,150367,S,LAMAR,1,0,0,204,,,,,,,60.4,,,65.1,0,0,0,0,2,0,0,0,0
Breylon Charles,150369,ED,LAMAR,2,0,0,204,59.3,,,,,,60.2,,,64.1,0,0,0,2,2,0,0,0,0
Kerry McMillion,150372,CB,LAMAR,1,0,0,204,59.7,,,,,,59.1,,,67.1,0,0,0,2,0,0,7,0,0
Jaymond Jackson,150373,ED,LAMAR,10,0,0,204,58.3,,,,,,58.9,,,70.0,0,0,0,35,0,0,0,3,0
Blake Gotcher,150375,LB,LAMAR,5,0,0,204,59.6,,,,,,69.0,,,66.1,0,0,0,1,5,0,0,2,1
Zac Yassine,150379,DI,LAMAR,2,0,0,204,59.3,,,,,,59.5,,,62.9,0,0,0,2,0,0,0,0,0
Darion Peace,150380,LB,LAMAR,3,0,0,204,60.1,,,,,,35.5,,,66.7,0,0,0,2,4,0,2,0,0
Jared Byrd,150381,ED,LAMAR,5,0,0,204,59.0,,,,,,59.6,,,65.2,0,0,0,7,0,0,0,1,0
Ayden Bell,150382,DI,LAMAR,5,0,0,204,58.7,,,,,,58.7,,,64.0,0,0,0,6,0,0,0,0,0
VJ Bronson,150383,DI,LAMAR,7,0,0,204,58.2,,,,,,58.0,,,66.0,0,0,0,20,0,0,1,0,0
Reggie Brooks,150384,DI,LAMAR,1,0,0,204,59.1,,,,,,59.3,,,63.5,0,0,0,3,0,0,0,0,0
Colby Sessums,150386,P,LAMAR,1,0,0,204,,60.0,,,49.5,,60.0,,60.0,67.2,0,0,1,0,3,0,1,0,0
Devon Allen,150387,CB,NORFOLK,11,0,0,244,59.6,,,46.1,,,62.1,,,75.6,1,0,0,11,64,13,37,4,3
Steven Ashby,150388,S,NORFOLK,11,1,1,244,60.0,,,,,,62.9,,,29.6,1,1,0,2,58,7,5,24,5
Chris Butler,150390,WR,NORFOLK,11,3,0,244,,,,,,,61.6,,,79.6,3,0,0,0,64,5,0,35,4
Ademola Faleye,150393,TE,NORFOLK,11,0,0,244,,,60.0,,,,63.4,,,77.2,0,0,7,0,0,57,0,0,0
Jeff Foster,150395,CB,NORFOLK,2,0,0,244,59.8,,,,,,60.4,,,66.5,0,0,0,2,0,0,0,1,0
Gio Hales,150398,LB,NORFOLK,1,0,0,244,59.9,,,,,,60.0,,,62.2,0,0,0,2,0,0,0,0,0
Lex Henry,150400,HB,NORFOLK,3,0,0,244,,,,,,,61.6,,,66.6,0,0,0,0,7,4,0,0,0
Levontae Jacobs,150404,DI,NORFOLK,2,0,0,244,,,,,,,60.8,,,66.4,0,0,0,0,0,0,0,3,0
Shawn Johnson,150405,LB,NORFOLK,4,0,0,244,,,,,,,60.7,,,68.8,0,0,0,0,0,11,0,3,0
Demetrius Johnson,150406,LB,NORFOLK,1,0,0,244,60.0,,,,,,60.0,,,61.7,0,0,0,1,0,0,0,0,0
Jayden Kelley,150408,TE,NORFOLK,6,0,0,244,,,71.3,,,,63.8,,,62.7,0,0,37,0,0,0,0,0,0
Desmond Kelly,150409,T,NORFOLK,1,0,0,244,,,60.0,,,,61.0,,,62.9,0,0,5,0,0,0,0,0,0
Zion Lewis,150410,CB,NORFOLK,2,0,0,244,59.9,,,,,,66.9,,,64.5,0,0,0,2,2,4,0,0,1
Kameron Lewis,150411,S,NORFOLK,8,1,0,244,59.9,,,,,,52.3,,,29.0,0,1,0,3,11,44,10,5,0
Tyler Long,150412,LB,NORFOLK,11,0,0,244,60.0,,,,,,65.2,,,76.1,1,0,0,44,3,0,12,14,1
Dyral McMillan,150413,T,NORFOLK,1,0,0,244,,,,,,,60.1,,,62.0,0,0,0,0,0,0,2,0,0
Patrick Miles,150414,LB,NORFOLK,3,0,0,244,,,,,,,60.0,,,67.5,0,0,0,0,0,11,0,0,0
Terique Miles,150415,LB,NORFOLK,9,0,0,244,60.2,,,,,,68.8,,,71.9,0,0,0,10,22,7,4,13,2
Sivon Pleasants,150420,HB,NORFOLK,1,0,0,244,,,,,,,41.1,,,63.6,1,0,0,0,1,1,0,0,0
Collis Pride,150422,WR,NORFOLK,7,0,0,244,60.0,,,,,,62.2,,,69.8,0,0,0,2,0,0,6,18,0
Pierre Royster,150423,CB,NORFOLK,9,0,0,244,59.9,,,,,,62.3,,,72.9,0,0,0,3,6,22,0,1,0
Christian Ruffin,150424,S,NORFOLK,11,0,0,244,59.9,,,,,,68.9,,,79.8,0,0,0,19,58,30,7,34,5
Jayden Smith,150425,CB,NORFOLK,11,0,0,244,59.7,,,,,,64.8,,,81.1,0,0,0,3,60,1,0,34,0
Brent Stratton,150426,HB,NORFOLK,1,0,0,244,,,,,,,60.0,,,61.4,0,0,0,0,0,0,0,1,0
Amadeu Vital,150428,DI,NORFOLK,3,0,0,244,59.4,,61.4,,,,61.0,,,65.1,0,0,12,10,0,0,0,0,0
Noah Wallace,150429,DI,NORFOLK,1,0,0,244,59.6,,,,,,59.9,,,63.9,0,0,0,3,0,0,0,0,0
Demani Ward,150430,WR,NORFOLK,6,0,0,244,,,,,,,73.3,,,72.1,0,0,0,0,42,0,0,0,3
Matthieu Watts,150431,ED,NORFOLK,2,0,0,244,59.3,,,,,,59.5,,,64.3,0,0,0,2,0,0,0,1,0
Luca Weber,150432,K,NORFOLK,4,0,0,244,,,,,47.6,,61.3,,56.5,71.9,0,0,0,0,15,0,3,0,0
Jeff Woods,150434,T,NORFOLK,9,0,0,244,,,21.0,,,0.0,28.2,,,63.5,0,0,57,0,0,0,0,0,0
Devon Beckford,150437,CB,NC CENT,3,0,0,247,,,,,,,61.7,,,68.0,0,0,0,0,7,0,0,0,0
Jaki Brevard,150439,LB,NC CENT,7,0,0,247,60.2,,,59.9,,,58.5,,,69.4,0,0,0,5,0,24,0,0,0
Joaquin Davis,150441,WR,NC CENT,8,1,0,247,,,,,,,68.0,,,53.8,0,1,0,0,34,38,0,38,3
Twan Flip Jr.,150444,WR,NC CENT,3,0,0,247,,,,,,,64.1,,,69.5,0,0,0,0,0,0,0,19,0
Sirr Green,150445,T,NC CENT,3,0,0,247,,,60.0,,,,61.6,,,64.5,0,0,7,0,0,0,0,0,0
Jamal Hakem,150447,LB,NC CENT,2,0,0,247,,,,,,,61.4,,,70.3,0,1,0,0,2,10,0,0,0
Dalvin Hall,150448,DI,NC CENT,2,0,0,247,59.4,,,,,,59.6,,,62.5,0,0,0,2,0,0,0,0,0
Walker Harris,150449,QB,NC CENT,1,0,0,247,,,60.0,,,,60.3,,,60.5,0,0,4,0,0,0,0,0,0
Josh Harris,150450,LB,NC CENT,6,1,0,247,59.9,,,,,,55.9,60.3,,72.3,1,0,0,1,13,7,12,8,2
Kamron Hoover,150452,CB,NC CENT,3,1,0,247,,,,,,,76.2,,,70.6,0,0,0,0,15,1,0,9,3
Kole Jones,150454,CB,NC CENT,7,2,0,247,59.7,,,,,,68.7,63.2,,71.4,0,0,0,7,10,23,0,22,0
Isaiah Lawson,150456,LB,NC CENT,3,1,0,247,,,,,,,68.2,,,68.3,0,0,0,0,5,6,13,0,0
Quentin McCall,150458,WR,NC CENT,7,0,0,247,,,,,,,65.8,,,77.3,0,0,0,0,8,13,0,29,0
Makai McCall,150459,CB,NC CENT,1,0,0,247,,,,,,,61.5,,,67.5,0,0,0,0,0,0,0,5,0
Kyle Morgan,150463,TE,NC CENT,5,0,0,247,,,64.6,,,,72.3,,,71.8,0,0,15,0,1,19,32,0,2
Corey Peterson,150466,DI,NC CENT,4,0,0,247,,,,,,,61.3,,,69.8,0,0,0,0,1,13,0,9,0
Josh Pullen,150468,HB,NC CENT,1,0,0,247,,,,,,,59.6,,,65.0,0,0,0,0,0,4,0,0,0
Marvin Reed,150469,S,NC CENT,6,0,0,247,60.0,,,,,,61.1,,,74.8,1,0,0,2,12,0,0,24,1
Zyon Rodgers,150470,CB,NC CENT,1,0,0,247,,,,,,,61.0,,,67.0,0,0,0,0,0,0,0,6,0
Kenneth Royster,150471,DI,NC CENT,1,0,0,247,59.6,,,,,,59.8,,,62.0,0,0,0,1,0,0,0,0,0
Torricelli Simpkins III,150473,C,NC CENT,9,0,0,247,,,25.5,,,,44.2,,,66.4,0,0,32,0,0,0,1,0,0
Devin Smith,150475,WR,NC CENT,6,0,0,247,,,,,,,65.1,,,77.3,0,0,0,0,5,1,0,21,0
Andrew Smith,150477,WR,NC CENT,8,0,0,247,,,,,,,68.8,,,72.7,0,0,0,0,23,1,1,19,1
Mykah Stone,150480,LS,NC CENT,6,0,0,247,,,64.0,,,,61.5,,,60.9,0,0,26,0,0,0,0,0,0
Solomon Sutton,150481,LB,NC CENT,3,0,0,247,,,,,,,57.9,,,66.8,0,0,0,0,0,16,0,0,0
J'Mari Taylor,150482,HB,NC CENT,3,0,0,247,,,,,,,61.3,,,73.8,0,1,0,0,0,15,14,6,1
Max U'Ren,150484,LB,NC CENT,2,0,0,247,,,60.0,,,,60.6,,,60.6,0,0,6,0,0,0,0,0,0
Jelani Vassell,150485,S,NC CENT,2,0,0,247,,,,,,,60.7,,,69.2,0,0,0,0,7,0,0,9,0
Juan Velarde Vasquez,150486,P,NC CENT,9,0,1,247,,60.0,,,,,38.4,,67.6,27.8,0,4,1,0,0,0,53,0,0
Jashun Vereen,150487,DI,NC CENT,2,0,0,247,,,,,,,75.2,,,69.8,0,0,0,0,0,0,0,15,0
Jauqine Vukobradovich,150488,S,NC CENT,8,1,0,247,59.8,,,,,,68.3,,,70.0,0,0,0,9,29,0,0,14,1
Cole Williams,150489,LB,NC CENT,9,0,0,247,60.2,,,,,,62.4,,,74.4,0,1,0,38,0,9,0,3,0
Ethan Tuck,150491,LB,SCAR STATE,1,0,0,290,,,60.0,,,,61.5,,,61.6,0,0,7,0,0,0,0,0,0
Daymond Hamler,150494,HB,MORGAN ST,8,1,0,235,59.7,,,71.5,,,46.9,57.7,,28.0,3,2,0,8,25,18,25,28,3
Rahim Mersier Jr.,150495,WR,MORGAN ST,4,0,0,235,,,,,,,65.1,,,74.6,0,0,0,0,1,5,6,16,0
Quri Hickman,150496,HB,MORGAN ST,2,0,0,235,,,,,,,60.0,73.0,,63.9,0,0,0,0,0,0,0,5,0
London Drummond,150497,HB,MORGAN ST,6,1,0,235,,,,54.5,,,57.0,,,70.1,1,0,0,0,12,20,2,0,0
James Tarver III,150498,HB,MORGAN ST,1,0,0,235,,,,,,,69.2,,,65.6,0,0,0,0,3,0,0,0,1
Kenny Miller,150499,WR,MORGAN ST,3,0,0,235,,,,,,,29.8,,,68.6,0,1,0,0,1,0,1,4,0
Kobe Evans,150500,HB,MORGAN ST,2,0,0,235,60.0,,,,,,60.3,,,63.3,0,0,0,1,1,0,0,0,0
Alfonzo Graham,150501,HB,MORGAN ST,8,1,0,235,59.9,,,70.1,,,72.1,,,71.7,0,0,0,1,17,26,13,18,4
Andre Crawley,150502,WR,MORGAN ST,10,1,0,235,,,,62.8,,88.1,72.3,,,36.1,0,1,0,0,0,55,43,0,2
Wesley Vailahi,150509,T,MORGAN ST,8,0,0,235,,,66.5,,,,62.0,,,67.4,0,0,21,0,0,0,30,0,0
Jaleel Rhett,150510,DI,MORGAN ST,6,0,0,235,59.7,,65.5,,,,62.3,,,62.4,0,0,16,1,0,0,0,0,0
Chase Carter,150513,T,MORGAN ST,6,0,0,235,,,62.1,,,,58.4,,,69.2,0,0,8,0,0,0,3,0,0
Joseph Owumi,150517,WR,MORGAN ST,5,0,0,235,,,,,,,49.1,,,28.2,0,1,0,0,0,19,0,13,0
Kearon Smith,150518,DI,MORGAN ST,2,0,0,235,59.8,,,,,,60.0,,,64.1,0,0,0,3,0,0,0,0,0
Tyler Wilkins,150520,WR,MORGAN ST,6,1,0,235,,,,,,,48.9,,,29.9,1,1,0,0,14,23,6,5,0
Isaiah Gerena,150521,TE,MORGAN ST,9,0,0,235,,,60.0,,,,62.5,,,76.2,0,0,5,0,0,21,40,21,0
Carlos Porter-Lumpkin,150523,CB,MORGAN ST,1,0,0,235,,,,,,,66.4,,,67.0,0,0,0,0,5,0,0,3,1
Johnny Fenwick,150524,CB,MORGAN ST,2,0,0,235,59.8,,,,,,46.3,,,63.4,0,0,0,2,2,0,0,0,0
Bryan Stukes,150525,CB,MORGAN ST,9,1,0,235,59.8,,,,,,80.9,,,76.5,0,0,0,4,26,18,4,31,4
Josh Graham,150527,S,MORGAN ST,10,0,0,235,,,,,,,63.2,,,28.9,0,1,0,0,21,29,0,17,3
Xavier Shell,150528,LB,MORGAN ST,2,0,0,235,59.9,,,,,,60.1,,,64.2,0,0,0,3,0,0,0,0,0
Jeremiah Bryant,150529,S,MORGAN ST,7,2,0,235,59.9,,,,,,68.9,,,69.0,0,0,0,9,16,0,0,1,0
Taron Riddick,150530,CB,MORGAN ST,1,0,0,235,,,,,,,60.0,,,64.5,0,0,0,0,0,0,1,0,0
Cameron Kelly,150531,CB,MORGAN ST,3,0,0,235,,,,,,,63.2,,,73.4,0,0,0,0,0,0,6,10,0
Erick Hunter,150533,LB,MORGAN ST,9,1,0,235,59.3,,,,,,67.4,,,76.4,1,0,0,18,18,19,34,5,3
Deshauwn Alleyne,150535,LB,MORGAN ST,6,0,0,235,59.9,,,,,,59.5,,,68.8,0,0,0,7,1,3,16,2,0
Jayelin Davis,150536,ED,MORGAN ST,7,1,0,235,59.5,,,,,,50.6,,,27.5,0,1,0,9,9,8,9,0,0
Kamren Lark,150538,DI,MORGAN ST,4,0,0,235,58.9,,,,,,59.2,,,66.4,0,0,0,20,0,0,0,1,0
Nana Asante,150540,ED,MORGAN ST,7,0,0,235,58.0,,,,,,49.2,,,67.2,0,0,0,28,4,0,0,0,0
Kluivert Akubuo-Onwuemeka,150541,K,MORGAN ST,10,0,0,235,,41.7,,,46.8,,62.4,,,72.2,1,0,25,0,29,0,0,0,0
Ray Gallagher,150542,LS,MORGAN ST,2,0,0,235,,,,,,44.3,55.3,,,64.9,0,0,0,0,0,0,14,0,0
Wesley Graves,150549,HB,NC A&T,6,0,0,246,,,,59.9,,,62.9,,,75.1,0,0,0,0,4,27,0,17,0
Kingsley Nwachukwu,150550,FB,NC A&T,9,0,0,246,,,,59.2,,,55.5,,,28.7,0,1,0,0,1,49,0,8,0
Korion Sharpe,150552,G,NC A&T,8,0,0,246,,,67.8,,,,52.1,,,27.6,0,1,24,0,0,0,0,0,0
Antonio Carter,150558,G,NC A&T,1,0,0,246,,,60.0,,,,60.0,,,64.5,0,0,1,0,0,0,0,0,0
Matthew Cairns,150560,G,NC A&T,1,0,0,246,,,60.0,,,,60.6,,,61.5,0,0,2,0,0,0,0,0,0
Tairiq Stewart,150561,T,NC A&T,9,0,0,246,,,72.3,,,,64.7,,,73.7,0,0,38,0,0,0,0,0,0
Jamison Warren,150563,WR,NC A&T,1,0,0,246,,,,,,,60.2,,,65.4,0,0,0,0,2,0,0,0,0
Nicholas Dobson,150564,TE,NC A&T,10,0,0,246,,,72.3,,,,65.9,,,72.3,0,0,40,0,0,55,49,7,1
Nathaniel Spindle,150567,CB,NC A&T,1,0,0,246,59.9,,,,,,61.9,,,69.0,0,0,0,2,4,4,0,4,0
Bhayshul Tuten,150568,HB,NC A&T,10,0,0,246,,,,48.6,,,38.7,65.8,,66.5,0,0,0,0,5,51,0,25,0
Avarion Cole,150570,S,NC A&T,4,1,0,246,,,,,,,50.3,,,27.4,0,1,0,0,15,10,0,5,0
Tyquan King,150571,LB,NC A&T,8,0,0,246,59.9,,,,,,66.5,,,77.4,0,0,0,13,32,43,27,0,0
Henry Daniel,150574,ED,NC A&T,9,0,0,246,59.4,,,,,,60.2,,,67.3,0,0,0,27,0,0,0,2,0
Javon Armstrong-Grady,150578,ED,NC A&T,1,0,0,246,59.4,,,,,,59.6,,,62.8,0,0,0,2,0,0,0,0,0
Adrian Spellman,150579,ED,NC A&T,1,0,0,246,59.5,,,,,,59.7,,,64.4,0,0,0,5,0,0,0,0,0
Andrew Brown,150580,K,NC A&T,10,0,0,246,,51.1,,,57.6,,62.9,,,73.6,0,0,39,0,42,0,0,0,0
Dave Babalola,150668,ED,STF AUSTIN,1,0,0,301,59.7,,,,,,60.0,,,61.8,0,0,0,1,0,0,0,0,0
Cameron Brady,150670,WR,STF AUSTIN,3,0,0,301,,,,,,,60.0,,,66.4,0,0,0,0,0,2,2,0,0
Charles Demmings,150672,CB,STF AUSTIN,3,0,0,301,,,,,,,63.0,,,71.0,0,0,0,0,11,0,0,5,0
Griffin Edwards,150676,TE,STF AUSTIN,1,0,0,301,,,,,,,59.8,,,64.0,0,0,0,0,0,2,0,0,0
Lenard Lemons,150680,CB,STF AUSTIN,12,0,0,301,59.9,,,68.3,,,62.9,,,37.2,0,1,0,1,20,47,30,54,2
Donnie Moody,150683,LB,STF AUSTIN,1,0,0,301,,,,,,,51.9,,,25.4,0,1,0,0,5,0,0,0,1
Wilburn Smallwood,150686,ED,STF AUSTIN,1,0,0,301,60.0,,,,,,60.0,,,62.9,0,0,0,1,0,0,0,0,0
Luke Watson,150689,LB,STF AUSTIN,1,1,0,301,,,,,,,65.9,,,66.9,0,0,0,0,8,1,4,0,0
Brennan Albertini,150710,LB,MOREHEAD,1,0,0,234,60.0,,,,,,45.0,,,65.8,1,0,0,1,3,0,0,0,0
Cory Butler,150712,CB,MOREHEAD,2,0,0,234,59.8,,,,,,60.2,,,64.9,0,0,0,2,0,0,0,0,0
Dylan Cook,150713,CB,MOREHEAD,1,0,0,234,,,,,,,60.3,,,62.9,0,0,0,0,2,0,0,0,0
Kyle Daly,150715,WR,MOREHEAD,9,0,0,234,,,,58.8,,,73.4,,,76.5,0,0,0,0,51,14,3,28,3
Chance Harris,150720,HB,MOREHEAD,6,0,0,234,,,66.4,,,,66.0,,,71.1,0,0,18,0,0,2,0,18,0
Garrick Krautz,150722,TE,MOREHEAD,8,0,0,234,,,,59.0,,,60.5,,,71.5,0,0,0,0,0,34,4,0,0
Xaylyn McKinnie,150723,CB,MOREHEAD,3,0,0,234,59.9,,,,,,62.0,,,68.8,0,0,0,1,0,0,0,8,0
Keaton Nickerson,150724,WR,MOREHEAD,1,0,0,234,,,,,,,60.0,,,61.0,0,0,0,0,0,0,1,0,0
Christian Orth,150727,DI,MOREHEAD,1,0,0,234,59.6,,,,,,59.8,,,62.4,0,0,0,1,0,0,0,0,0
Baylor Shook,150729,CB,MOREHEAD,1,0,0,234,60.0,,,,,,60.0,,,61.1,0,0,0,1,0,0,0,0,0
Connor Smith,150730,LB,MOREHEAD,1,0,0,234,59.6,,,,,,60.1,,,63.6,0,0,0,1,1,0,0,0,0
Dashaun Tolefree,150731,CB,MOREHEAD,11,1,0,234,59.5,,,,,,70.5,,,78.6,1,0,0,14,64,0,0,40,5
Ryan Upp,150733,WR,MOREHEAD,2,0,0,234,,,,,,,60.5,,,63.8,0,0,0,0,2,1,0,0,0
Tommy Wright,150737,C,MOREHEAD,1,0,0,234,,,60.0,,,,60.0,,,63.4,0,0,1,0,0,0,0,0,0
Jordan Adderley,150738,CB,SACR HEART,2,0,0,280,59.9,,,,,,60.5,,,64.3,0,0,0,1,3,0,0,0,0
Jordan Campbell,150741,CB,SACR HEART,2,0,0,280,91.5,,,,,,93.0,,,82.7,0,0,0,2,0,0,0,1,0
Eric Cotton,150745,ED,SACR HEART,1,0,0,280,60.0,,,,,,60.0,,,62.9,0,0,0,1,0,0,0,0,0
Matt Kling,150761,K,SACR HEART,7,0,0,280,,,,,53.9,,60.5,,,71.0,0,0,0,0,12,0,0,0,0
Robert Martini,150768,LB,SACR HEART,1,1,0,280,,,,,,,72.6,,,69.4,0,0,0,0,7,0,0,0,1
Maximus Mongelli,150773,S,SACR HEART,1,0,0,280,,,,,,,60.0,,,67.5,0,0,0,0,0,0,0,0,0
Awysum Harris,150796,ED,ALABAMA ST,4,0,0,105,59.6,,,,,,69.6,,,71.0,0,0,0,1,0,20,0,0,0
Jaheim Shannon,150799,G,ALABAMA ST,1,0,0,105,,,60.0,,,,61.5,,,62.3,0,0,8,0,0,0,0,0,0
Dominic Boyd,150802,T,ALABAMA ST,7,0,0,105,,,66.9,,,,63.1,,,64.2,0,0,21,0,0,0,0,0,0
Nolan Johnson,150803,S,ALABAMA ST,10,2,0,105,,,,,,,75.7,,,80.7,0,0,0,0,19,0,54,2,3
Vamir Cadet,150804,HB,ALABAMA ST,1,0,0,105,,,,60.0,,,60.0,,,61.8,0,0,0,0,0,2,0,0,0
Robert McMinn,150805,WR,ALABAMA ST,11,0,0,105,,,,,,,68.2,75.0,,68.6,0,0,0,0,14,0,0,55,2
Malik Washington,150806,LB,ALABAMA ST,11,0,0,105,,,,,,,62.8,,,75.9,0,0,0,0,8,49,0,6,0
Treqwan Thomas,150807,ED,ALABAMA ST,7,0,0,105,,,,,,,47.7,,,28.4,0,1,0,0,0,30,18,0,0
Keeundra Salter,150808,T,ALABAMA ST,2,0,0,105,,,60.0,,,,61.8,,,62.3,0,0,10,0,0,0,0,0,0
DeMarkus Cunningham,150809,LB,ALABAMA ST,10,1,0,105,59.8,,,,,,66.5,,,72.3,0,0,0,9,9,12,13,4,1
Rhoody Jean-Louis,150810,LB,ALABAMA ST,1,0,0,105,59.9,,,,,,60.0,,,61.1,0,0,0,1,0,0,0,0,0
Stefon Young-Rolle,150812,ED,ALABAMA ST,2,0,0,105,59.4,,,,,,59.6,,,62.8,0,0,0,2,0,0,0,0,0
Javonta Leatherwood,150820,HB,ALCORN ST,11,0,0,107,,,,,,,62.5,,,70.6,0,0,0,0,5,53,0,0,0
Juandaris Reed,150822,C,ALCORN ST,1,0,0,107,,,60.0,,,,60.0,,,61.0,0,0,1,0,0,0,0,0,0
Michael Moment,150823,T,ALCORN ST,4,0,0,107,,,63.8,,,,62.5,,,62.7,0,0,16,0,0,0,0,0,0
Jarquez Mango,150826,T,ALCORN ST,2,0,0,107,,,60.0,,,,54.9,,,62.8,0,0,4,0,0,0,4,0,0
Tavarious Griffin,150829,TE,ALCORN ST,11,0,0,107,,,73.4,59.4,,,86.2,,,78.2,0,0,48,0,0,40,48,28,2
Christopher Daigre,150831,CB,ALCORN ST,11,1,0,107,59.5,,,,,,59.1,,,29.1,0,1,0,27,48,0,0,9,1
Gino Johnson,150832,S,ALCORN ST,1,0,0,107,,,,,,,60.6,,,66.1,0,0,0,0,0,0,0,3,0
Ernest Woods III,150833,CB,ALCORN ST,1,0,0,107,60.0,,,,,,61.9,,,78.9,0,0,0,1,1,1,0,1,0
Kobe Towns,150834,CB,ALCORN ST,10,0,0,107,60.0,,,,,,62.4,,,76.7,0,0,0,1,7,54,0,1,0
Mailk Gaither,150838,LB,ALCORN ST,11,1,0,107,60.0,,,,,,73.3,,,77.9,0,0,0,1,18,13,17,36,0
Jaheime Herrington,150839,ED,ALCORN ST,11,0,0,107,59.8,,,,,,66.8,,,81.6,1,0,0,4,51,59,42,18,3
Devin Dawson,150840,DI,ALCORN ST,11,0,0,107,58.4,,,,,,59.1,,,71.6,0,0,0,29,0,0,0,5,0
Noah Kiani,150843,K,ALCORN ST,7,0,0,107,,62.9,,,45.7,,61.3,,,67.5,0,0,33,0,5,0,0,0,0
Jason Longcor,150845,LS,ALCORN ST,11,0,0,107,,,85.4,,,49.7,60.0,,,66.7,0,0,48,0,0,0,46,0,0
Kam Ingram,150847,HB,BETH COOK,3,0,0,119,,,,,,,62.9,,,71.5,0,0,0,0,11,0,5,8,1
Malik Franklin,150849,S,BETH COOK,8,0,0,119,60.0,,,,,,57.4,,,29.0,0,1,0,17,18,23,0,17,1
Kameron Bell,150850,CB,BETH COOK,10,0,0,119,60.0,,,,,,61.9,,,53.6,1,1,0,9,38,42,11,28,3
Carlton Thomas,150851,S,BETH COOK,5,0,0,119,59.6,,,,,,63.7,,,76.0,0,0,0,9,17,4,30,13,4
Robert Simmons,150852,CB,BETH COOK,2,0,0,119,59.8,,,,,,60.0,,,64.1,0,0,0,4,0,0,0,0,0
Eddie Walls III,150853,ED,BETH COOK,3,1,0,119,59.9,,,,,,65.3,,,67.1,0,0,0,3,6,7,5,0,0
Amarie Jones Jr.,150854,LB,BETH COOK,10,0,0,119,59.6,,,,,,58.6,,,29.1,0,1,0,10,27,23,5,10,2
Ebenezer Dibula,150855,DI,BETH COOK,4,0,0,119,58.9,,,,,,58.9,,,64.5,0,0,0,11,0,0,0,0,0
Jayden Loving,150856,DI,BETH COOK,1,0,0,119,59.8,,,,,,60.0,,,62.7,0,0,0,1,0,0,0,0,0
De'Andre Francis,150857,HB,FL A&M,2,0,0,164,,,,,,,59.8,,,63.3,0,0,0,0,0,2,0,1,0
TJ Lee,150863,G,FL A&M,2,0,0,164,,,62.7,,,,62.2,,,66.0,0,0,8,0,0,0,0,0,0
Jhebari Martin,150864,T,FL A&M,2,0,0,164,,,63.5,,,,62.4,,,64.3,0,0,14,0,0,0,0,0,0
Chad Brooks,150865,T,FL A&M,1,0,0,164,,,,,,,60.4,,,64.4,0,0,0,0,0,0,7,0,0
Jermaine Hawkins,150866,WR,FL A&M,4,0,0,164,,,,,,,61.3,,,69.8,0,0,0,0,1,6,2,2,0
Rodney Williams,150868,CB,FL A&M,1,0,0,164,,,,,,,60.3,,,66.2,0,0,0,0,2,0,0,0,0
Carl Nesmith,150869,LB,FL A&M,3,0,0,164,,,,,,,71.4,,,68.5,0,0,0,0,10,0,0,0,1
Johnny Chaney Jr.,150871,LB,FL A&M,10,0,0,164,59.8,,,,,,54.9,,,38.1,1,2,0,8,58,7,18,53,2
Andre Powell Jr.,150872,CB,FL A&M,1,0,0,164,,,,,,,67.7,,,64.6,0,0,0,0,1,0,0,0,1
Michael Marshall,150875,DI,FL A&M,2,0,0,164,59.4,,,,,,59.3,,,64.4,0,0,0,2,0,0,0,1,0
Malcolm Major,150879,DI,FL A&M,3,0,0,164,,,,,,,61.1,,,64.8,0,0,0,0,1,0,3,1,0
Wesley Calloway,150883,WR,GRAMBLING,9,0,0,177,,,,,,,58.9,,,75.3,1,0,0,0,0,0,54,4,1
Jeff Perry,150884,WR,GRAMBLING,11,0,0,177,,,60.0,,,,45.6,,,29.9,0,2,1,0,4,63,13,10,0
Tyce Fusilier,150885,HB,GRAMBLING,7,0,0,177,,,,,,,66.6,,,67.0,0,0,0,0,16,5,0,0,1
Shunmarkus Adams,150889,G,GRAMBLING,1,0,0,177,,,63.1,,,,62.1,,,62.3,0,0,7,0,0,0,0,0,0
Ken Pierre-Charles,150895,S,GRAMBLING,2,1,0,177,60.0,,,,,,65.8,,,68.6,0,0,0,3,0,0,13,1,0
Josh Darling,150898,LB,GRAMBLING,8,1,0,177,60.0,,,,,,63.1,,,78.2,2,0,0,1,24,25,53,20,2
Jaden Hardy,150904,ED,GRAMBLING,3,0,0,177,59.2,,,,,,61.0,,,67.1,0,0,0,6,0,0,0,4,0
Horacio Johnson,150912,S,SOUTHERN U,10,2,0,297,60.0,,,,,,73.7,,,76.0,0,0,0,3,48,19,4,17,2
Joshua Griffin,150917,K,SOUTHERN U,10,0,0,297,,,,,50.4,,63.1,,,76.4,0,0,0,0,50,0,0,0,0
Drew Anthony,150918,LB,JACKSON ST,1,0,0,194,59.6,,,,,,59.8,,,63.7,0,0,0,3,0,0,0,0,0
Aalah Brown,150922,WR,JACKSON ST,8,0,0,194,,,,59.2,,,58.3,,,63.8,0,0,0,0,0,28,0,0,0
Jeremiah Brown,150923,LB,JACKSON ST,12,1,0,194,60.0,,60.0,,,,66.9,,,29.2,0,3,1,1,54,39,53,63,5
KaTron Evans,150926,DI,JACKSON ST,5,0,0,194,59.3,,,,,,59.9,,,66.8,0,0,0,6,0,0,0,2,0
Javares Hamiliton,150928,WR,JACKSON ST,11,0,0,194,,,,,,,66.7,,,80.3,0,0,0,0,57,37,5,54,0
Baron Hopson,150929,LB,JACKSON ST,12,2,0,194,60.0,,,61.8,,,71.3,,,87.6,0,0,0,1,46,43,12,65,0
CJ Nunnally IV,150931,ED,JACKSON ST,1,0,0,194,60.0,,,,,,60.2,,,64.9,0,0,0,1,0,0,2,1,0
Jacob Politte,150932,P,JACKSON ST,4,1,0,194,,,74.7,,,81.6,74.6,,,65.0,0,0,18,0,0,0,19,0,1
Jency Riley Jr.,150935,TE,JACKSON ST,7,1,0,194,,,60.0,,,,65.0,,,74.9,0,0,9,0,7,10,15,14,0
Trevonte Rucker,150937,WR,JACKSON ST,6,0,0,194,,,,88.3,,,60.2,54.2,,65.0,0,0,0,0,5,10,0,6,0
Cam'Ron Silmon-Craig,150938,S,JACKSON ST,12,0,0,194,59.7,,,,,,59.4,,,77.2,1,0,0,27,16,12,41,13,1
Donald Turley,150943,LB,JACKSON ST,2,0,0,194,,,,,,,60.9,,,66.0,0,0,0,0,0,0,0,3,0
Tyler Wells,150945,LB,JACKSON ST,1,0,0,194,,,,,,,61.1,,,69.0,0,0,0,0,0,0,0,3,0
Ke'Vric Wiggins Jr.,150947,CB,JACKSON ST,8,0,0,194,59.8,,,,,,63.9,,,73.2,0,0,0,5,0,0,0,32,0
Jay Jackson-Williams,150949,T,FL A&M,5,0,0,164,,,66.2,,,,62.6,,,64.9,0,0,20,0,0,0,1,0,0
Austin Bolton,150950,HB,ALCORN ST,1,0,0,107,,,,59.9,,,59.6,,,65.4,0,0,0,0,0,5,0,0,0
Manny Jones,150951,WR,ALCORN ST,10,0,0,107,59.9,,,75.9,,,59.8,40.8,,66.9,0,0,0,1,0,54,0,29,0
T.J. Yarbrough,150955,T,ALCORN ST,11,0,0,107,,,74.4,,,,63.1,,,73.8,0,0,48,0,0,0,4,0,0
Macarius Blount,150957,CB,ALCORN ST,11,2,0,107,60.2,,,59.9,,,69.6,,,79.3,0,0,0,19,57,42,0,27,2
Tavarian McCullum,150958,S,ALCORN ST,10,1,0,107,59.5,,,,,,77.1,,,90.0,0,0,0,10,50,46,1,34,3
Montrell Huff,150960,ED,ALCORN ST,5,0,0,107,59.4,,60.0,,,,60.8,,,65.5,0,0,4,5,0,0,10,0,0
Robens Beauplan,150961,P,ALCORN ST,11,0,0,107,,,65.6,,,,55.6,,62.6,29.4,0,1,41,0,0,0,46,0,0
Cristofer Thompson,150962,K,ALCORN ST,10,0,0,107,,54.2,,,63.5,,63.2,,,75.5,0,0,15,0,52,0,0,0,3
Christopher Grant,150964,DI,BETH COOK,4,0,0,119,58.8,,60.0,,,,58.8,,,65.7,0,0,1,5,0,0,0,2,0
Lynva Masslieno,150965,G,BETH COOK,11,0,0,119,,,74.1,,,,65.0,,,71.6,0,0,38,0,0,0,0,0,0
Luke Ford,150966,G,BETH COOK,2,0,0,119,,,60.0,,,,60.6,,,63.2,0,0,2,0,0,0,0,0,0
Tekeven Thomas,150967,LB,BETH COOK,11,0,0,119,59.5,,,60.0,,,63.1,,,43.0,0,1,0,42,2,36,62,45,2
Trevontae Cunningham,150968,CB,BETH COOK,5,0,0,119,59.9,,,,,,69.4,,,73.8,1,0,0,1,17,9,0,17,3
Benjamin Chombe,150969,S,BETH COOK,6,0,0,119,,,,,,,66.5,,,74.3,0,0,0,0,18,4,0,20,0
Conroy Cunningham II,150970,LB,BETH COOK,3,0,0,119,59.8,,,,,,61.0,,,69.5,0,0,0,4,0,7,0,3,0
Jarell Knight,150973,ED,BETH COOK,10,0,0,119,59.5,,60.9,,,,62.0,,,74.2,0,0,8,19,2,46,10,1,0
Reginald Pearson,150974,DI,BETH COOK,9,0,0,119,58.2,,,,,,58.1,,,66.1,0,0,0,27,0,0,0,1,0
Doug Blue-Eli,150975,ED,BETH COOK,1,0,0,119,,,60.0,,,,61.1,,,67.8,0,0,4,0,0,0,0,0,0
Jordan Howell,150976,DI,BETH COOK,1,0,0,119,59.6,,,,,,59.8,,,62.0,0,0,0,1,0,0,0,0,0
Dylan Moghaddam,150977,K,BETH COOK,11,0,0,119,,51.5,,,43.2,,34.7,,60.0,27.4,0,2,39,0,31,0,1,0,0
John Huggins,150982,S,JACKSON ST,11,0,0,194,59.8,,,,,,63.0,,,73.1,1,0,0,23,10,5,54,12,3
Jalan Black,150986,TE,FL A&M,2,0,0,164,,,60.0,,,,60.8,,,60.5,0,0,4,0,0,0,0,0,0
Delonus Kabir,150988,T,FL A&M,10,0,0,164,,,73.7,,,,57.1,,,75.1,0,0,44,0,0,0,3,0,0
Kendarius Cunningham,150989,C,FL A&M,5,0,0,164,,,68.0,,,,63.2,,,65.6,0,0,24,0,0,0,0,0,0
Tevin Griffey,150995,CB,FL A&M,4,0,0,164,,,,,,,47.3,,,67.1,1,0,0,0,7,0,2,0,0
Gentle Hunt,150996,DI,FL A&M,9,0,0,164,58.7,,,,,,60.1,,,68.6,0,0,0,19,0,0,0,9,0
Cherlson Paul,150999,C,SOUTHERN U,7,0,0,297,,,71.5,,,,64.8,,,73.6,0,0,34,0,0,0,0,0,0
Malik Shelley,151000,WR,ALCORN ST,3,0,0,107,,,,,,,60.8,,,68.4,0,0,0,0,1,5,1,0,0
Martery Brown,151003,LB,FL A&M,11,2,0,164,,,,,,,75.7,,,57.7,2,1,0,0,44,34,6,57,9
Stanley Mentor,151004,DI,FL A&M,12,0,0,164,58.5,,,,,,55.3,,,67.8,1,0,0,14,0,0,46,0,0
Braxton Spells,151005,G,ALCORN ST,8,0,0,107,,,22.7,,,,39.1,,,66.0,0,0,33,0,0,0,0,0,0
Yirmyah Yirmyah,151007,CB,FL A&M,6,1,0,164,,,,,,,67.6,,,78.3,1,1,0,0,33,20,9,26,3
Makel McClenton,151010,LB,FL A&M,2,0,0,164,,,,,,,60.4,,,65.1,0,0,0,0,2,0,0,0,0
Xandre McCleary,151012,HB,FL A&M,1,0,0,164,,,,,,,65.7,,,67.7,0,0,0,0,5,0,2,0,1
Anthony Scott,151013,ED,ALABAMA ST,7,0,0,105,59.4,,,,,,62.4,,,73.6,0,0,0,8,13,0,41,15,1
D'Marious Hicks,151014,CB,ALCORN ST,1,0,0,107,59.7,,,,,,60.1,,,65.1,0,0,0,3,0,0,0,0,0
Jakobi Jones,151015,CB,ALCORN ST,2,0,0,107,,,,,,,60.3,,,69.1,0,0,0,0,7,8,8,1,0
Jarrett Gasque,151019,WR,BETH COOK,4,0,0,119,,,,54.3,,,59.3,73.1,,68.7,0,0,0,0,0,6,11,3,0
Bobby Moore III,151021,WR,BETH COOK,3,0,0,119,,,,,,,61.0,,,71.4,0,0,0,0,6,18,10,2,0
Dacarri Allen-Johnson,151022,WR,BETH COOK,5,0,0,119,,,,,,,60.6,67.5,,65.4,0,0,0,0,0,0,0,14,0
Darnell Deas,151023,CB,BETH COOK,10,0,0,119,59.9,,,71.8,,,60.4,,,29.1,1,2,0,15,15,33,20,12,1
Jalen Christian,151024,S,BETH COOK,10,2,0,119,,,,,,,64.7,,,78.9,0,1,0,0,38,24,0,36,2
Derrick Sinegal,151026,LB,BETH COOK,3,0,0,119,,,,,,,65.9,,,72.4,1,0,0,0,9,12,0,1,1
Jamari Maybin,151027,DI,BETH COOK,3,0,0,119,59.4,,,,,,59.8,,,67.6,0,0,0,1,0,7,0,0,0
Mason Hall,151028,DI,BETH COOK,7,0,0,119,73.9,,60.0,,,,81.5,,,66.1,0,0,2,30,0,0,0,0,0
Errol Walker,151029,G,GRAMBLING,9,0,0,177,,,72.7,,,,64.3,,,66.6,0,0,29,0,0,0,0,0,0
Colin Green,151032,C,GRAMBLING,1,0,0,177,,,63.3,,,,62.2,,,64.8,0,0,8,0,0,0,0,0,0
JD Martin,151035,HB,JACKSON ST,1,0,0,194,,,,51.6,,,60.0,,,61.6,0,0,0,0,0,2,0,0,0
Peytton Picket,151036,HB,JACKSON ST,10,0,0,194,,,,,,,66.4,,,70.9,0,0,0,0,13,23,26,4,1
Zachary Wilson,151120,CB,ALCORN ST,11,1,0,107,59.6,,,,,,77.1,,,82.2,0,0,0,10,50,0,40,17,6
Kiran Amegadjie,151121,G,YALE,7,0,0,352,,,70.0,,,,63.8,,,68.2,0,0,30,0,0,0,0,0,0
Bennie Anderson,151122,G,YALE,1,0,0,352,,,60.0,,,,60.6,,,61.5,0,0,2,0,0,0,0,0,0
Kade Barnes,151123,CB,YALE,1,0,0,352,,,,,,,61.3,,,67.8,0,0,0,0,0,0,0,3,0
Nathaniel Campbell,151124,LB,YALE,7,1,0,352,,,,,,,67.7,,,72.9,0,0,0,0,15,0,0,5,0
Ryan Lindley,151127,WR,YALE,4,0,0,352,,,,,,,60.0,63.8,,64.7,0,0,0,0,0,2,0,9,0
Tre Peterson,151128,HB,YALE,3,0,0,352,,,,62.7,,,65.7,,,69.2,1,0,0,0,4,5,6,9,1
Gabriel Sleenhof,151131,C,YALE,1,0,0,352,,,,,,,60.0,60.0,,62.1,0,0,0,0,0,0,0,1,0
Mitchell Tyler,151134,ED,YALE,3,0,0,352,,,,,,,63.1,,,69.0,0,0,0,0,15,0,0,0,0
Damian Anderson,151135,S,YALE,2,0,0,352,,,,,,,61.4,,,68.9,0,0,0,0,0,0,0,6,0
Jacob Biggs,151138,WR,YALE,10,0,1,352,,,,,,,62.6,,,37.3,0,1,0,0,9,46,7,48,1
Nathan Denney,151139,HB,YALE,1,0,0,352,,,,,,,60.6,,,67.6,0,0,0,0,0,0,0,2,0
Shamus Florio,151140,P,YALE,3,0,0,352,,,,,49.5,,60.9,,,71.7,0,0,0,0,15,0,0,0,0
Alvin Gulley Jr.,151143,DI,YALE,2,0,0,352,59.2,,,,,,59.3,,,63.1,0,0,0,3,0,0,0,0,0
Sean Guyton,151144,CB,YALE,7,0,0,352,59.7,,,,,,62.9,,,74.3,0,0,0,5,1,3,11,22,0
Zack Haaland,151145,S,YALE,2,0,0,352,,,,,,,33.9,,,70.3,0,2,0,0,0,5,0,14,0
Jack Michalik,151152,LB,YALE,1,0,0,352,,,,,,,60.2,,,65.4,0,0,0,0,0,0,0,2,0
David Pantelis,151153,WR,YALE,6,0,0,352,,,,90.7,,,62.1,61.9,,66.4,0,0,0,0,3,30,0,8,0
Wyatt Raymond,151154,TE,YALE,2,0,0,352,,,,,,,81.3,,,68.0,0,0,0,0,0,0,0,6,0
Dean Shaffer,151157,LB,YALE,3,0,0,352,,,,,,,65.8,,,67.0,0,0,0,0,15,0,0,0,1
Sean Sullivan,151161,G,YALE,1,0,0,352,,,60.0,,,,60.0,,,63.4,0,0,1,0,0,0,0,0,0
Ikenna Ugbaja,151163,DI,YALE,1,0,0,352,59.7,,,,,,60.0,,,61.8,0,0,0,1,0,0,0,0,0
Walker Warncke,151165,S,YALE,1,0,0,352,,,,,,,61.1,,,67.4,0,0,0,0,0,0,0,4,0
Luke Dillingham,151172,S,ABILENE CH,4,0,0,100,,,,,,,61.8,,,67.4,0,0,0,0,12,10,0,0,0
Colt Cooper,151177,TE,ABILENE CH,3,0,0,100,,,,,,,63.0,,,66.5,0,0,0,0,12,0,0,0,0
Cirby Coheley,151178,LB,ABILENE CH,10,0,0,100,59.8,,,,,,64.2,,,70.3,0,0,0,6,50,22,0,0,0
Bronson Warner,151181,G,ABILENE CH,10,0,0,100,,,75.8,,,,64.9,,,63.9,0,0,42,0,0,0,0,0,0
Landon Eades,151186,DI,ABILENE CH,3,0,0,100,58.6,,,,,,58.4,,,63.8,0,0,0,6,0,0,0,0,0
Dishon Hall II,151189,S,ABILENE CH,9,0,0,100,,,,,,,67.4,,,77.8,0,0,0,0,49,15,0,34,0
Denver Holman,151190,WR,ABILENE CH,5,0,0,100,,,,65.6,,,59.7,,,65.0,0,0,0,0,0,21,0,0,0
Nick Scalera,151191,WR,ABILENE CH,4,0,0,100,,,,,,,64.2,,,72.5,0,0,0,0,11,0,0,13,0
CJ James Jr.,151192,C,ABILENE CH,9,0,0,100,,,74.8,,,,65.2,,,72.4,0,0,41,0,0,0,0,0,0
Kyle Pointer,151195,LB,ABILENE CH,2,0,0,100,,,,,,,61.6,,,67.7,0,0,0,0,11,8,0,0,0
Charlie Moore,151202,FB,ABILENE CH,9,0,0,100,,,,59.9,,,64.7,,,82.0,0,0,0,0,50,30,18,38,1
Quae Walton,151204,HB,ABILENE CH,5,0,0,100,,,,58.7,,,66.6,,,72.1,0,0,0,0,13,14,18,0,1
Tyrin Bradley,151205,ED,ABILENE CH,7,0,0,100,59.7,,,,,,60.6,,,29.9,0,1,0,4,6,21,16,1,1
Ethan Taite,151211,LB,ABILENE CH,10,0,0,100,60.0,,,,,,67.3,,,73.5,0,0,0,1,31,0,0,21,0
Q'Daryius Jennings,151215,HB,MURRAY ST,4,0,0,236,,,,59.4,,,61.8,,,70.6,0,0,0,0,5,17,0,3,0
Tony Davis,151221,DI,MURRAY ST,1,0,0,236,,,,,,,60.0,,,64.7,0,0,0,0,0,0,0,1,0
Andrew London,151222,TE,MURRAY ST,2,0,0,236,,,,,,,60.4,,,66.2,0,0,0,0,0,5,0,3,0
Maurice Greene,151224,ED,MURRAY ST,9,0,0,236,90.2,,,,,,91.3,,,75.7,0,0,0,15,0,0,0,11,0
Quindarrius Mayes,151231,WR,MURRAY ST,1,0,0,236,,,,,,,29.8,,,24.7,0,1,0,0,0,4,0,0,0
Jaquellus Martin,151232,S,MURRAY ST,2,0,0,236,,,,,,,60.5,,,64.6,0,0,0,0,3,0,0,0,0
Jhadyn Fridge,151233,CB,MURRAY ST,3,0,0,236,,,,,,,62.8,,,68.9,0,0,0,0,10,0,1,3,0
Devin Brown,151239,LB,MURRAY ST,1,0,0,236,,,,,,,60.0,,,69.0,0,0,0,0,0,0,0,1,0
Dameon Gomes,151241,WR,MURRAY ST,6,0,0,236,,,,54.5,,,47.1,61.0,,64.0,0,1,0,0,0,33,0,2,0
Chauncey Kratee,151244,DI,ST FRANCIS,8,0,0,299,58.6,,,,,,58.7,,,66.9,0,0,0,26,0,0,0,0,0
Jesse Ramil,151251,T,ST FRANCIS,1,0,0,299,,,60.0,,,,60.0,,,61.3,0,0,2,0,0,0,0,0,0
Judah Tomb,151255,WR,ST FRANCIS,4,0,0,299,,,,,,,57.1,60.2,,65.9,0,0,0,0,0,4,0,2,0
Levi Manson,151256,WR,ST FRANCIS,2,0,0,299,,,,,,,60.4,,,68.8,0,0,0,0,0,5,0,6,0
Leondre Crosby,151257,LB,ST FRANCIS,4,0,0,299,,,,,,,60.0,,,70.2,0,0,0,0,7,0,0,8,0
Maika Magalei,151258,LB,ST FRANCIS,7,0,0,299,,,,,,,65.0,,,74.1,0,0,0,0,36,30,37,0,1
Ray Crittenden,151259,S,ST FRANCIS,8,1,0,299,89.2,,,,,,89.3,,,77.9,0,0,0,24,34,0,37,19,2
J.T. Esparza,151260,LB,ST FRANCIS,5,0,0,299,60.0,,,,,,64.1,,,70.5,0,0,0,1,26,0,2,0,0
Willie O'Hara,151261,LB,ST FRANCIS,10,0,0,299,,,,,,,82.3,,,83.4,0,0,0,0,38,15,47,55,2
Jhemir Stanley,151264,DI,ST FRANCIS,1,0,0,299,60.0,,,,,,60.0,,,61.7,0,0,0,1,0,0,0,0,0
Mac Plummer,151276,P,ST FRANCIS,1,0,0,299,,,,,54.6,,60.0,,,66.0,0,0,0,0,2,0,0,0,0
Cole Graham,151285,T,ST FRANCIS,8,0,0,299,,,71.1,,,,64.3,,,73.0,0,0,32,0,0,0,0,0,0
Wylie Spiker,151286,G,ST FRANCIS,10,0,0,299,,,75.6,,,,64.9,,,63.9,0,0,41,0,0,0,0,0,0
Sameer Parks,151287,TE,ST FRANCIS,5,0,0,299,,,65.6,,,,62.5,,,60.8,0,0,16,0,0,0,0,0,0
Jordan Slaiby,151289,P,ST FRANCIS,10,0,0,299,,,,,,,63.2,,49.6,74.5,0,1,0,0,0,0,53,0,1
Tre'Quan Dorsey,151291,T,ST FRANCIS,2,0,0,299,,,60.0,,,,61.3,,,63.3,0,0,6,0,0,0,0,0,0
Langston Ross,151294,DI,ST FRANCIS,7,0,0,299,59.4,,,,,,59.8,,,65.8,0,0,0,22,0,0,0,0,0
Eddie Bierals,151295,ED,ST FRANCIS,7,0,0,299,71.8,,,,,,77.6,,,69.9,0,0,0,23,0,0,0,1,0
Casey McKinney,151296,WR,ST FRANCIS,2,0,0,299,,,,,,,60.8,,,65.0,0,0,0,0,3,3,0,0,0
Kesean Dyson,151297,LB,ST FRANCIS,6,0,0,299,59.1,,,59.9,,,66.5,,,75.4,0,0,0,7,18,27,7,5,1
Lovell Armstead,151299,HB,ST FRANCIS,2,0,0,299,,,,,,,60.0,,,65.7,0,0,0,0,1,5,0,0,0
Larmar Frazier,151301,S,ST FRANCIS,5,0,0,299,59.8,,,,,,60.8,,,64.0,0,0,0,7,3,0,0,1,0
Tobee Stokes,151303,WR,ST FRANCIS,3,0,0,299,,,,,,,60.5,,,70.6,0,0,0,0,0,5,12,11,0
Kennyth Kennedy,151305,CB,ST FRANCIS,6,1,0,299,,,,,,,70.5,,,72.5,0,0,0,0,19,0,0,32,1
Tyreese Haugabrooks,151306,ED,ST FRANCIS,1,0,0,299,,,,,,,60.6,,,63.7,0,0,0,0,2,0,0,0,0
Breon Noel,151309,CB,ST FRANCIS,9,0,0,299,60.0,,,,,,67.0,,,73.5,0,0,0,1,32,0,0,22,0
Gregory Reddick,151310,S,ST FRANCIS,10,2,0,299,59.9,,,,,,75.1,60.3,,74.9,0,0,0,1,37,0,1,28,3
Unknown Alcorn State D3,151363,CB,ALCORN ST,1,0,0,107,,,,,,,60.4,,,66.1,0,0,0,0,0,0,0,2,0
Sam Arkuwoille,151699,ED,DELWARE ST,4,0,0,152,,,,,,,67.7,,,67.0,0,0,0,0,14,0,0,0,1
Brandon Bradford,151700,T,DELWARE ST,8,0,0,152,,,70.8,,,,64.2,,,71.9,0,0,30,0,0,0,0,0,0
Ryan Clemons,151704,CB,DELWARE ST,8,0,0,152,59.9,,,,,,66.8,,,74.5,0,0,0,1,5,0,10,40,1
Isaiah Cook,151705,G,DELWARE ST,3,0,0,152,,,66.7,,,,63.1,,,68.6,0,0,13,0,0,0,0,0,0
Darren Cook,151706,DI,DELWARE ST,11,0,0,152,58.5,,,,,,58.5,,,67.4,0,0,0,42,0,0,0,0,0
Devin Curry,151707,WR,DELWARE ST,11,0,0,152,,,,,,,66.2,,,78.0,0,1,0,0,1,54,0,48,0
Jemuel Cypress,151708,LB,DELWARE ST,11,1,0,152,,,,,,,61.4,,,30.0,0,1,0,0,49,40,64,2,3
Diu Dau,151710,T,DELWARE ST,1,0,0,152,,,60.0,,,,60.9,,,64.8,0,0,3,0,0,0,0,0,0
Joseph Delgado,151711,P,DELWARE ST,2,0,0,152,,60.0,,,,,60.0,,,63.3,0,0,4,0,0,0,0,0,0
Jayden Estes,151712,CB,DELWARE ST,11,3,0,152,59.9,,,,,,80.6,,,82.5,1,0,0,6,27,0,60,51,5
Marquis Gillis,151714,LB,DELWARE ST,3,0,0,152,,,,,,,61.5,,,65.4,0,0,0,0,6,0,0,0,0
Dylan Gray,151715,LB,DELWARE ST,11,0,0,152,,,,,,,66.1,,,68.1,0,0,0,0,35,2,0,2,1
Jerrish Halsey,151716,WR,DELWARE ST,5,0,0,152,,,,72.0,,,60.0,63.2,,66.8,0,0,0,0,0,12,0,5,0
Omakus Langley II,151717,ED,DELWARE ST,3,0,0,152,,,,,,,60.2,,,65.0,0,0,0,0,0,0,0,3,0
Leroy Pendleton,151721,TE,DELWARE ST,5,0,0,152,,,,59.6,,,60.1,,,68.2,0,0,0,0,0,11,0,0,0
Tykese Walker,151727,HB,SCAR STATE,10,0,0,290,,,,,,,62.3,,,75.3,0,0,0,0,46,18,8,1,1
Michael Akins,153265,ED,TEXAS STHN,4,0,0,313,59.7,,60.0,,,,60.6,,,64.6,0,0,1,2,0,0,0,1,0
Robert Allen,153266,G,TEXAS STHN,1,0,0,313,,,60.8,,,,61.6,,,62.2,0,0,5,0,0,0,0,0,0
Atravon Bossier,153267,DI,TEXAS STHN,8,0,1,313,57.7,,,,,,48.1,,,27.9,0,1,0,29,0,0,0,5,0
Cameron Handy,153274,T,TEXAS STHN,3,0,0,313,,,67.4,,,,63.0,,,64.8,0,0,14,0,0,0,0,0,0
Calvin Henderson,153276,S,TEXAS STHN,10,0,0,313,59.5,,,59.9,,,69.3,,,76.6,0,0,0,43,27,37,4,24,0
Savion Sims,153278,WR,TEXAS STHN,4,0,0,313,,,,,,,60.6,,,67.2,0,0,0,0,0,10,0,2,0
Rolland Trent,153280,DI,TEXAS STHN,5,0,0,313,58.1,,,,,,59.2,,,70.7,0,0,0,17,0,0,0,5,0
Brayden West,153281,LB,TEXAS STHN,1,0,0,313,,,,,,,61.6,,,67.0,0,0,0,0,6,5,0,0,0
Kedric Williams,153282,T,TEXAS STHN,1,0,0,313,,,60.0,,,,60.0,,,61.6,0,0,1,0,0,0,0,0,0
Kelton Wright,153283,WR,TEXAS STHN,5,0,0,313,,,,,,,62.8,,,72.8,0,0,0,0,0,30,0,11,0
Adam Akins,153286,CB,HAMPTON,3,0,0,178,59.8,,,,,,61.4,,,68.2,0,0,0,2,0,0,0,5,0
Chad Booker,153289,WR,HAMPTON,3,0,0,178,,,,,,,60.0,,,65.9,0,0,0,0,0,16,0,0,0
Elijah Burris,153290,HB,HAMPTON,6,0,0,178,,,,59.6,,,58.6,,,68.4,0,0,0,0,0,37,0,0,0
Romon Copeland,153292,WR,HAMPTON,7,0,0,178,,,,60.3,,,60.0,50.6,,65.9,0,0,0,0,1,35,0,16,0
Michael Crawford,153293,CB,HAMPTON,8,0,0,178,59.5,,,,,,65.1,,,73.6,0,0,0,19,22,2,1,5,1
Kendall Davis,153294,LB,HAMPTON,2,0,0,178,59.9,,,,,,60.1,,,65.0,0,0,0,1,0,2,0,0,0
Rodrick Dorsey,153295,DI,HAMPTON,3,0,0,178,59.6,,,,,,60.9,,,65.7,0,0,0,2,0,0,0,2,0
Winford Dowdy,153296,G,HAMPTON,9,0,0,178,,,72.3,,,,64.7,,,73.6,0,0,38,0,0,0,0,0,0
Brandon Hardy,153298,C,HAMPTON,1,0,0,178,,,,,,,60.0,,,63.3,0,0,0,0,0,0,0,0,0
Jeh'don Jenkins,153300,ED,HAMPTON,10,0,0,178,59.9,,60.0,,,,51.8,,,29.8,1,1,1,24,0,60,42,6,0
TK Paisant,153305,TE,HAMPTON,1,0,0,178,,,,,,,60.2,,,66.3,0,0,0,0,0,2,0,0,0
Axel Perez,153306,K,HAMPTON,10,1,0,178,,74.8,,,70.5,,64.4,,55.5,78.5,0,1,42,0,53,0,50,0,1
Brandon Richards,153307,LS,HAMPTON,10,0,0,178,,,83.9,,,88.2,72.2,,,66.8,2,0,42,0,0,0,50,0,3
Tymere Robinson,153308,HB,HAMPTON,10,0,0,178,,,,,,,68.7,,,71.2,0,0,0,0,0,61,0,0,0
D'Andre Satchell,153309,DI,HAMPTON,1,0,0,178,59.8,,,,,,60.0,,,62.7,0,0,0,1,0,0,0,0,0
Ali Shockley,153310,CB,HAMPTON,10,0,0,178,59.8,,,,,,47.3,,,27.6,1,3,0,38,22,0,38,9,1
Ja'Quan Snipes,153312,HB,HAMPTON,4,0,0,178,,,,58.3,,,57.1,,,64.0,0,0,0,0,0,21,0,0,0
Tyler Thompson,153314,WR,HAMPTON,3,0,0,178,,,,59.1,,,57.2,,,65.9,0,0,0,0,0,11,0,0,0
Armand Vinson,153315,WR,HAMPTON,2,0,0,178,,,,,,,59.4,,,65.4,0,0,0,0,0,7,0,0,0
Corey Wilson,153317,S,HAMPTON,10,0,0,178,60.2,,,,,,62.4,,,29.5,0,1,0,12,53,8,0,29,2
Thomas Mimes,153928,HB,ARKAPB,2,0,0,112,,,,,,,41.7,,,26.8,0,1,0,0,8,2,0,6,0
Daemon Dawkins,153930,WR,ARKAPB,6,1,0,112,,,,,,,79.6,,,74.3,1,0,0,0,11,1,20,21,3
Eduardo Andrade,153931,QB,ARKAPB,1,0,0,112,,,60.0,,,,60.0,,,60.2,0,0,1,0,0,0,0,0,0
Jermaine Guillard,153932,WR,ARKAPB,6,0,0,112,,,,,,,49.1,,,75.3,0,0,0,0,16,5,16,18,0
Tavon Hardwick,153933,HB,ARKAPB,2,0,0,112,,,,,,,61.9,,,66.5,0,0,0,0,8,0,0,0,0
Dae'Trell Cooper,153934,HB,ARKAPB,5,0,0,112,,,,,,,56.1,,,33.5,0,1,0,0,12,30,3,15,0
Julious McGruder,153935,LB,ARKAPB,1,0,0,112,,,,,,,60.0,,,64.5,0,0,0,0,0,0,0,1,0
Bryce Lusk,153936,T,ARKAPB,2,0,0,112,,,,,,,60.4,,,62.1,0,0,0,0,0,0,5,0,0
Matthew Moses,153941,TE,ARKAPB,4,0,0,112,,,60.0,,,,61.4,,,69.7,0,0,5,0,0,0,4,10,0
Kevin English,153942,WR,ARKAPB,4,0,0,112,,,,,,,62.5,,,70.7,0,0,0,0,10,0,0,5,0
Nathan Seward,153943,CB,ARKAPB,11,0,0,112,59.3,,,,,,63.9,,,84.3,0,0,0,41,8,46,8,43,0
Kaleb Knox,153944,S,ARKAPB,8,0,0,112,60.0,,,,,,59.8,,,45.2,0,1,0,25,11,17,19,22,1
Kyle Knox,153945,CB,ARKAPB,3,0,0,112,59.7,,,,,,60.7,,,66.5,0,0,0,7,0,0,0,2,0
Rico Dozier,153946,LB,ARKAPB,6,1,0,112,,,,,,,71.8,,,72.4,0,0,0,0,22,4,11,0,2
Keshawn Sears,153948,ED,ARKAPB,1,0,0,112,59.8,,,,,,60.0,,,62.7,0,0,0,1,0,0,0,0,0
Nasir Smith,153952,HB,CENT CT ST,5,0,0,133,,,,59.6,,,60.3,,,69.6,0,0,0,0,1,19,2,0,0
JaQuan DuFour,153953,WR,CENT CT ST,8,1,0,133,59.8,,,,,,64.8,,,75.4,0,0,0,1,20,40,22,22,0
Javon Peace,153954,HB,CENT CT ST,2,0,0,133,,,63.4,,,85.5,76.3,,,64.9,0,0,6,0,0,0,13,0,1
Alec Ambrosia,153957,C,CENT CT ST,2,0,0,133,,,64.4,,,,62.4,,,63.9,0,0,9,0,0,0,0,0,0
Isaiah DeLoatch,153961,G,CENT CT ST,2,0,0,133,,,63.1,,,,62.1,,,63.0,0,0,9,0,0,0,0,0,0
Isiah Williams,153962,WR,CENT CT ST,9,1,0,133,,,,,,,54.9,,,28.9,0,1,0,0,31,3,2,26,1
Paul Marsh,153965,WR,CENT CT ST,8,0,0,133,,,,,,,59.1,,,73.7,0,0,0,0,4,2,32,0,0
Peter Cleary,153967,TE,CENT CT ST,3,0,0,133,,,,,,,71.0,,,70.7,0,0,0,0,12,10,0,8,2
Alonzo Mitchell,153968,S,CENT CT ST,5,0,0,133,60.0,,,,,,61.9,60.0,,67.6,0,0,0,20,9,19,0,4,0
Toddreis Baltimore,153969,CB,CENT CT ST,1,0,0,133,,,,,,,60.9,,,69.9,0,0,0,0,0,6,0,0,0
Isaiah Greene,153970,CB,CENT CT ST,7,0,0,133,59.6,,,,,,64.3,,,29.0,0,1,0,5,20,0,2,8,3
Chizi Umunakwe,153972,LB,CENT CT ST,11,1,1,133,59.5,,,,,,53.7,,,29.1,1,2,0,44,30,10,1,24,3
Zibassie Edwards,153973,LB,CENT CT ST,2,0,0,133,60.0,,,,,,61.7,,,68.8,0,0,0,1,6,10,6,3,0
Qasim Danazumi,153974,CB,CENT CT ST,2,0,0,133,59.6,,,,,,61.2,,,67.4,0,0,0,7,0,0,0,3,0
Odahri Hibberts,153975,CB,CENT CT ST,3,0,0,133,59.7,,,,,,63.1,,,72.6,0,0,0,6,16,0,0,2,0
Jonathan Cabral-Martin,153976,S,CENT CT ST,11,0,0,133,59.9,,,,,,58.2,,,75.1,1,0,0,40,14,21,58,2,1
Corey Clarke,153977,CB,CENT CT ST,1,0,0,133,,,60.0,,,,60.3,,,61.6,0,0,3,0,0,0,0,0,0
James Gobewole,153978,CB,CENT CT ST,2,0,0,133,,,,,,,60.1,,,64.3,0,0,0,0,0,2,0,0,0
Narain Yearwood,153979,S,CENT CT ST,6,1,0,133,,,,,,,72.8,,,72.5,0,0,0,0,18,23,0,1,1
Paul Yiadom,153980,LB,CENT CT ST,8,0,0,133,59.8,,,,,,67.4,,,73.3,0,0,0,4,11,11,0,11,1
Harold Miles III,153982,LB,CENT CT ST,8,0,0,133,60.4,,,,,,63.3,,,78.4,0,0,0,23,8,2,35,3,0
Mike Morrissey,153985,DI,CENT CT ST,1,0,0,133,,,,,,,60.0,,,64.7,0,0,0,0,0,0,0,1,0
Jermaine Williams,153988,DI,CENT CT ST,4,0,0,133,58.8,,60.0,,,,60.9,,,74.6,0,0,4,8,0,0,0,2,0
Ethan Haberman,153989,ED,CENT CT ST,8,1,0,133,60.0,,64.5,,,,61.1,,,48.0,1,1,14,1,26,42,2,23,2
Aidan Clark,153991,P,CENT CT ST,11,0,1,133,,,65.9,,54.7,,64.0,,48.4,76.1,0,3,44,0,27,0,58,0,2
Jordan Lane,153992,P,CENT CT ST,1,0,0,133,,,,,58.3,,60.0,,,66.0,0,0,0,0,2,0,0,0,0
Michael Coney,153994,K,LIUSHAR,8,0,0,1298,,,,,49.3,,62.0,,,73.9,0,0,0,0,28,0,0,0,2
Trejon Spiller,153995,WR,PRVIEW A&M,8,0,0,270,60.0,,,,,,62.1,,,70.7,0,0,0,1,14,6,0,20,0
Jaden Stewart,153999,HB,PRVIEW A&M,6,0,0,270,,,,,,,70.3,,,76.8,0,0,0,0,19,17,5,9,1
Cody Mayberry,154001,HB,PRVIEW A&M,6,0,0,270,,,,,,,57.7,,,74.8,0,0,0,0,29,0,0,3,0
Jaden Steele,154005,T,PRVIEW A&M,1,0,0,270,,,60.0,,,,60.0,,,60.9,0,0,1,0,0,0,0,0,0
Travion Jones,154006,WR,PRVIEW A&M,10,1,0,270,,,,59.9,,,71.3,,,75.1,1,0,0,0,0,42,38,19,0
Lamont Landry,154007,CB,PRVIEW A&M,1,0,0,270,,,,,,,60.2,,,65.3,0,0,0,0,1,0,0,1,0
Khai'mon Samuel,154008,CB,PRVIEW A&M,10,0,0,270,59.9,,,,,,55.6,,,75.6,1,0,0,2,42,1,7,18,2
Jerry Guye IV,154009,CB,PRVIEW A&M,1,0,0,270,,,,,,,60.0,,,62.1,0,0,0,0,1,0,0,0,0
Kameron Cuthrell,154010,CB,PRVIEW A&M,4,0,0,270,,,,,,,68.4,,,70.1,0,0,0,0,14,0,0,0,1
Kenneth Steward III,154011,LB,PRVIEW A&M,4,0,0,270,,,,,,,61.8,,,67.8,0,0,0,0,7,5,2,2,0
Chris Myers,154012,ED,PRVIEW A&M,1,0,0,270,,,,,,,60.0,,,62.8,0,0,0,0,1,0,0,0,0
TJ Jones,154015,HB,W CAROLINA,1,0,0,344,,,,,,,60.0,,,63.3,0,0,0,0,0,0,1,0,0
Naejaun Barber,154018,DI,SCAR STATE,4,0,0,290,58.5,,,,,,42.4,,,26.6,0,1,0,14,0,0,0,0,0
Dhani Dixon,154020,HB,SCAR STATE,5,2,0,290,,,,,,,66.3,,,29.3,0,1,0,0,20,0,16,6,2
Cahlil Hooper,154023,HB,SCAR STATE,1,0,0,290,,,,,,,73.1,,,69.1,0,0,0,0,5,7,4,4,1
Anquavious Hunter,154024,CB,SCAR STATE,5,1,0,290,,,,,,,49.7,,,71.9,2,0,0,0,12,2,5,13,1
Zione Meadows,154026,ED,SCAR STATE,4,0,0,290,60.0,,,,,,63.1,,,69.9,0,0,0,1,18,0,0,0,0
Octaveon Minter,154027,DI,SCAR STATE,12,0,0,290,57.5,,,,,,58.6,,,76.0,0,0,0,43,0,0,0,5,0
Marcus Morrison,154028,S,SCAR STATE,1,0,0,290,,,,,,,62.9,,,68.0,0,0,0,0,3,0,0,4,0
T'Quele Holmes,154030,WR,SCAR STATE,4,0,0,290,,,,57.5,,,60.5,,,68.9,0,0,0,0,1,14,0,0,0
Ian Shark,154033,G,SCAR STATE,2,0,0,290,,,65.5,,,,62.8,,,68.5,0,0,12,0,0,0,0,0,0
Jordan Smith,154034,WR,SCAR STATE,1,0,0,290,,,,,,,61.1,,,65.3,0,0,0,0,3,0,0,0,0
Alfred Williams,154038,T,SCAR STATE,11,0,0,290,,,73.1,,,,64.9,,,74.5,0,0,42,0,0,0,1,0,0
Gavyn Zimmerman,154040,K,SCAR STATE,9,0,0,290,,63.8,,,34.5,,62.8,,,73.4,0,0,31,0,38,0,0,0,1
Rodney Dansby,154603,LB,HOU BAPT,11,0,0,183,60.1,,,,,,61.5,,,79.6,1,0,0,55,8,51,38,29,1
Andrew Alvarado,154604,T,HOU BAPT,11,0,0,183,,,70.6,,,,64.0,,,66.6,0,0,34,0,0,0,0,0,0
Brylan Noonan,154605,LS,WAGNER,9,0,0,338,,,61.6,,,0.0,29.8,,,67.3,2,0,5,0,0,0,58,0,0
Xavier Toliver,154606,CB,HOU BAPT,11,0,0,183,59.7,,,,,,66.8,,,76.4,2,0,0,74,29,11,59,1,4
Tyler Tobias,154607,CB,LIUSHAR,5,0,0,1298,59.4,,,,,,58.1,,,70.5,0,0,0,27,0,0,1,3,0
Kristos Fernandez,154608,ED,LIUSHAR,3,0,0,1298,59.0,,60.0,59.9,,,60.3,,,73.2,0,0,5,9,0,21,1,1,0
Leisaan Hibbert,154609,S,LIUSHAR,1,0,0,1298,59.9,,,,,,68.5,,,65.2,0,0,0,2,3,0,0,0,1
Charles King,154610,WR,HOU BAPT,3,0,0,183,59.9,,,,,,60.2,,,71.7,0,0,0,1,13,24,22,1,0
Xzavier Ford,154611,HB,HOU BAPT,5,0,0,183,,,,,,,61.8,,,72.3,0,0,0,0,0,22,0,2,0
Dylan Hach,154614,K,WAGNER,1,0,0,338,,60.0,,,,,60.0,,,61.7,0,0,1,0,0,0,0,0,0
Jonathan Maposa,154617,FB,LIUSHAR,6,0,0,1298,,,70.0,,,,63.5,,,63.1,0,0,19,0,0,0,0,0,0
Jaden Dawkins,154618,CB,LIUSHAR,10,0,0,1298,59.7,,,,,,69.5,,,73.9,0,0,0,20,29,30,28,8,6
Tayshaun Shipp,154620,WR,MERCER,9,2,0,219,,,,,,,73.9,,,75.4,0,0,0,0,41,4,0,28,2
Karon Taylor,154621,WR,MERCER,1,0,0,219,,,,,,,60.2,,,66.6,0,0,0,0,0,1,0,1,0
Carson Griffin,154679,ED,MERCER,6,0,0,219,60.1,,,,,,60.4,,,75.0,0,0,0,2,0,29,0,0,0
Travis Mumphry,154683,WR,MS VLY ST,1,0,0,228,,,,,,,59.7,,,66.1,0,0,0,0,1,6,0,0,0
Aidan Quinn,154686,TE,S ILLINOIS,12,1,0,295,,,60.0,59.9,,,71.8,,,80.1,0,0,1,0,11,57,24,45,1
Brogan Korta,154700,CB,MERCER,2,0,0,219,,,,,,,61.0,,,67.1,0,0,0,0,0,0,0,6,0
Jaden Ohlsen,154712,K,CAL POLY,9,0,0,129,,51.0,,,49.5,,61.0,,,66.7,0,2,24,0,3,0,0,0,0
Cole Hoskyns,154715,FB,GARD-WEBB,9,0,0,171,,,73.8,,,,65.4,,,74.2,0,0,45,0,0,0,0,0,0
Andreas Wyatt,154717,CB,BETH COOK,6,0,0,119,59.7,,,,,,57.5,,,69.4,0,0,0,17,0,0,0,10,0
Austin Gray,154719,LB,BETH COOK,9,1,0,119,60.0,,,,,,60.9,,,76.6,1,0,0,2,38,53,16,2,1
Dylaan Lee,154721,WR,BETH COOK,3,0,0,119,,,,,,,51.8,,,68.7,2,0,0,0,9,17,0,2,1
Tony Bedell,154725,HB,HOWARD,11,0,0,184,,,,,,,53.5,,,32.0,0,1,0,0,0,0,50,5,0
AJ Chandler,154729,WR,HOWARD,1,0,0,184,,,,,,,60.0,60.5,,62.1,0,0,0,0,0,0,0,1,0
Phil Cook,154730,LB,HOWARD,1,0,0,184,,,,,,,62.3,,,65.5,0,0,0,0,9,0,0,0,0
Gavin Crosby,154732,HB,HOWARD,2,0,0,184,,,,,,,65.2,,,73.2,0,0,0,0,4,1,0,8,0
Elijah Cruz,154733,WR,HOWARD,5,0,0,184,60.0,,,,,,60.1,,,70.4,0,0,0,1,17,1,0,0,1
Bryce Davis,154734,WR,HOWARD,3,0,0,184,,,,,,,74.5,,,72.6,0,0,0,0,17,0,0,6,3
Darius Fox,154736,G,HOWARD,11,0,0,184,,,73.1,,,,64.9,,,74.7,0,0,42,0,0,0,0,0,0
KJ Henderson,154738,LB,HOWARD,4,1,0,184,,,,,,,72.3,,,67.5,0,0,0,0,22,0,0,0,2
Nah'Shawn Hezekiah,154739,WR,HOWARD,6,0,0,184,,,,,,,62.1,,,74.1,0,0,0,0,0,23,0,5,0
Jamal Hines,154740,G,HOWARD,10,0,0,184,,,71.2,,,,55.0,,,28.3,0,1,39,0,0,0,0,0,0
CJ Hoffman,154741,LB,HOWARD,11,0,0,184,59.9,,,,,,62.7,,,76.9,1,0,0,6,53,27,7,1,1
Terrance Hollon,154742,LB,HOWARD,10,1,0,184,59.9,,,,,,80.2,,,83.4,0,0,0,12,47,33,51,17,8
Richie Ilarraza,154743,WR,HOWARD,7,0,0,184,,,,,,,70.3,72.8,,68.1,0,0,0,0,3,0,4,18,1
Jay Jones II,154745,LB,HOWARD,4,0,0,184,,,,,,,59.1,,,67.4,0,0,0,0,0,19,0,0,0
Robert Jones III,154746,CB,HOWARD,11,1,0,184,59.6,,,,,,69.0,,,77.7,1,0,0,12,46,23,21,24,6
Jabari Knighten,154747,CB,HOWARD,9,1,0,184,59.9,,,59.9,,,63.6,,,74.5,2,0,0,5,41,2,15,20,3
Emerson Martin,154749,DI,HOWARD,1,0,0,184,59.6,,,,,,59.8,,,62.7,0,0,0,2,0,0,0,0,0
Robert Morgan IV,154751,CB,HOWARD,3,0,0,184,59.5,,,,,,61.9,,,69.3,0,0,0,16,0,0,0,7,0
Xavier Ricks,154753,G,HOWARD,1,0,0,184,,,60.0,,,,60.0,,,61.3,0,0,2,0,0,0,0,0,0
Xavier Robiou,154754,S,HOWARD,10,0,0,184,60.2,,,,,,53.8,,,29.2,0,1,0,13,3,31,0,23,0
Jamel Stewart,154755,DI,HOWARD,9,0,0,184,59.2,,,,,,60.4,,,67.7,0,0,0,10,0,0,0,6,0
Montrell Walker,154758,TE,HOWARD,3,0,0,184,,,60.0,59.9,,,61.7,,,68.7,0,0,6,0,0,5,0,4,0
Da'Metrius Weatherspoon,154759,T,HOWARD,1,0,0,184,,,60.0,,,,60.1,,,66.1,0,0,2,0,0,0,0,0,0
Dylan West,154760,P,HOWARD,10,0,0,184,,,,,,,63.2,,33.1,74.6,0,0,0,0,0,0,55,0,0
Kyle Simon,154764,CB,HOWARD,2,0,0,184,,,,58.6,,,61.8,,,64.3,0,0,0,0,8,5,0,0,0
Trevaris Willis,154765,S,GARD-WEBB,10,0,0,171,,,,,,,70.7,,,80.1,0,0,0,0,53,57,0,25,4
Zay Jones,154766,WR,GARD-WEBB,9,0,0,171,,,,,,,80.1,,,78.3,0,0,0,0,32,10,19,29,2
Kevin Pisarz,154767,LB,LIUSHAR,3,0,0,1298,60.1,,,,,,69.0,,,70.1,0,0,0,2,3,4,8,1,0
ShunDerrick Powell,154768,HB,N ALABAMA,5,0,0,389,,,,77.0,,,59.7,,,65.0,0,0,0,0,0,23,0,0,0
Delawrence Butler,154769,LB,N ALABAMA,11,1,0,389,59.5,,,,,,72.8,,,75.5,0,0,0,29,47,3,0,35,2
Cedrick Williams,154770,S,TEXAS STHN,11,1,0,313,59.9,,,,,,60.9,,,41.2,1,2,0,35,60,69,1,33,1
Kevin Harris,154773,HB,TEXAS STHN,3,0,0,313,,,,56.6,,,60.1,,,63.6,0,0,0,0,0,16,0,0,0
Nick Taylor,154774,DI,TEXAS STHN,2,0,0,313,58.5,,60.0,,,,58.9,,,64.3,0,0,4,8,0,0,0,0,0
Mannie Netherley,154775,WR,TEXAS STHN,1,0,0,313,,,,,,,60.5,,,65.5,0,0,0,0,0,0,0,3,0
Unknown Mercer 46,154782,FB,MERCER,1,0,0,219,,,,,,,60.0,,,63.7,0,0,0,0,1,0,0,0,0
Ty Williams Jr.,154784,S,NC A&T,9,1,0,246,60.2,,,,,,73.6,,,68.2,0,0,0,6,29,0,0,3,2
Rufus Toe,154792,ED,HOU BAPT,7,1,0,183,,,,,,,44.7,,,27.2,1,2,0,0,29,27,2,6,0
Maurice McDonald,154795,ED,TENN STATE,11,3,0,308,59.6,,,,,,60.3,,,51.3,0,1,0,53,46,63,4,52,3
Dom Sarno,154797,LB,LIUSHAR,2,0,0,1298,,,,,,,62.6,,,68.3,0,0,0,0,3,1,0,3,0
Navell Chopin,154799,WR,HOU BAPT,2,0,0,183,,,,59.9,,,60.5,,,68.5,0,0,0,0,0,14,0,1,0
Grant Satcher,154800,QB,HOU BAPT,11,0,0,183,,,64.9,,,,61.7,,,61.0,0,0,34,0,0,0,0,0,0
Maurice Campbell II,155190,DI,NWSTATE,7,0,0,257,58.5,,66.0,,,,60.1,,,65.4,0,0,11,13,0,0,0,0,0
Les Odimara,155200,CB,TARLETON,3,1,0,401,,,,,,,55.6,,,27.7,0,1,0,0,11,8,0,10,1
Javier Duran,155201,DI,TARLETON,10,0,0,401,57.9,,,,,,58.7,,,70.0,0,0,0,22,0,0,0,10,0
Alpha Khan,155204,CB,HOU BAPT,2,0,0,183,59.9,,,,,,69.6,,,70.1,0,0,0,1,3,0,11,0,1
Cory Rahman,155207,S,TENN STATE,9,0,0,308,59.9,,,,,,57.7,,,71.0,1,0,0,29,0,1,34,3,1
Davin Moses,155208,DI,PRESBYTERN,9,1,0,271,58.9,,,,,,69.2,,,70.6,0,0,0,8,18,0,0,6,1
Jeremiah Johnson,155230,HB,MO STATE,8,1,0,230,,,,,,,57.2,,,67.9,0,0,0,0,43,4,0,0,2
Destin Refuge,155231,S,MS VLY ST,4,0,0,228,59.7,,,,,,71.2,,,71.8,0,0,0,13,5,5,22,5,2
Deangelo Wagoner,155232,WR,MS VLY ST,2,0,0,228,,,,,,,62.4,,,68.0,0,0,0,0,0,1,0,5,0
Chans Jones Jr.,155235,T,PRVIEW A&M,11,0,0,270,,,73.0,,,,64.3,,,65.7,0,0,49,0,0,0,0,0,0
Aeneas McClure,155236,S,PRVIEW A&M,8,0,0,270,59.9,,,,,,59.5,,,69.6,1,0,0,1,36,0,1,7,0
Eddie Graham,155240,CB,TENN STATE,7,0,0,308,59.5,,,,,,60.9,,,70.3,0,0,0,27,0,2,0,4,0
Elijah Hill,155241,LB,TENN STATE,3,0,0,308,,,,,,,43.2,,,72.2,1,0,0,0,3,12,6,4,0
Jeremiah Frazier,155242,C,TENN STATE,1,0,0,308,,,60.0,,,,60.7,,,67.1,0,0,3,0,0,0,0,0,0
Unknown Lehigh 93,155244,ED,LEHIGH,1,0,0,205,59.8,,,,,,60.1,,,63.8,0,0,0,5,0,0,2,0,0
Christopher Barnes,155247,LB,ALAB A&M,1,0,0,104,,,,,,,58.3,,,68.8,0,0,0,0,6,2,11,0,0
Sean Benton Jr.,155248,TE,ALAB A&M,2,0,0,104,,,,,,,59.8,,,63.9,0,0,0,0,0,0,2,0,0
Isaiah Nwokenkwo,155249,HB,ALAB A&M,9,1,0,104,,,,59.9,,,68.7,,,76.9,0,0,0,0,40,59,6,18,2
Donovan Parks,155250,CB,ALAB A&M,2,0,0,104,59.9,,,,,,59.4,,,66.9,0,0,0,1,6,6,0,0,0
Maceo Thornhill,155251,CB,ALAB A&M,10,1,0,104,59.6,,,,,,66.0,,,61.1,0,1,0,8,41,51,35,27,2
Jakari Foster,155252,CB,N ALABAMA,4,1,0,389,,,,,,,65.9,,,71.8,0,0,0,0,11,15,0,1,0
Ross Pedro,155258,LS,S ILLINOIS,4,0,0,295,,,79.0,,,0.0,34.5,,,64.5,0,0,27,0,0,0,13,0,0
Isaiah Emmanuel,155260,CB,WAGNER,2,0,0,338,,,,,,,62.6,,,71.4,0,0,0,0,7,0,0,6,0
Jace Godwin,155261,CB,PRESBYTERN,4,0,0,271,59.9,,,,,,62.9,60.0,,79.3,0,1,0,1,4,0,0,2,0
Kyron Smith,155262,CB,PRVIEW A&M,8,0,0,270,,,,,,,63.5,,,72.2,0,0,0,0,19,0,3,10,0
Keldric Williams,155263,ED,TARLETON,3,0,0,401,59.3,,,,,,60.0,,,66.0,0,0,0,4,0,0,0,1,0
Hunter Smith,155264,T,TARLETON,3,0,0,401,,,65.6,,,,62.9,,,68.1,0,0,12,0,0,0,0,0,0
Jaylen Jackson,155265,CB,TARLETON,6,0,0,401,,,,,,,53.4,,,28.9,0,1,0,0,7,18,0,21,0
Unknown Lehigh 30,155267,ED,LEHIGH,1,0,0,205,59.8,,,,,,61.0,,,65.8,0,0,0,5,0,0,0,2,0
Aaron Kent Jr.,155270,DI,PRVIEW A&M,1,0,0,270,,,,,,,60.0,,,64.9,0,0,0,0,0,0,0,1,0
Jaylon Brown,155276,WR,ROB MORRIS,3,0,0,277,,,,,,,75.7,60.0,,65.8,0,0,0,0,1,1,2,1,1
Ryan Iiams,155277,G,ROB MORRIS,2,0,0,277,,,60.4,,,,61.8,,,64.9,0,0,7,0,0,0,0,0,0
Quentin Jackson,155278,CB,ROB MORRIS,10,0,0,277,59.7,,,,,,64.1,,,77.5,0,0,0,5,42,3,20,20,0
Rudy Ngougni,155279,ED,LIUSHAR,9,0,0,1298,58.3,,,,,,63.1,,,76.3,0,0,0,44,0,0,56,19,2
Abdoulaye Bah,155280,LB,LIUSHAR,1,0,0,1298,,,,,,,60.0,,,63.5,0,0,0,0,0,0,0,1,0
Jamood Brown,155282,DI,BETH COOK,4,0,0,119,59.0,,60.0,,,,60.2,,,67.5,0,0,7,11,0,0,0,0,0
Marcus Jackson,155284,DI,TEXAS STHN,3,0,0,313,58.8,,,,,,59.3,,,65.2,0,0,0,5,0,0,0,1,0
Tristan Marois,155288,DI,ROB MORRIS,3,0,0,277,59.6,,,,,,60.0,,,67.5,0,0,0,4,0,3,0,0,0
Unknown Austin Peay S46,155291,LS,AUSTINPEAY,2,0,0,116,,,63.4,,,0.0,35.8,,,63.2,0,0,6,0,0,0,4,0,0
Rex Connors,155292,S,UC DAVIS,3,0,0,322,,,,,,,71.3,,,67.3,0,0,0,0,18,0,0,0,2
Simeon Woodard,155294,CB,MONTANA ST,13,0,0,233,59.6,,,,,,64.7,,,77.3,0,0,0,33,7,0,0,26,0
Corey Diaz,155296,T,E KENTUCKY,8,0,0,159,,,72.8,,,,57.3,,,27.9,0,1,40,0,0,0,0,0,0
Xavier Kately,155297,CB,TEXAS STHN,7,0,0,313,60.0,,,,,,61.9,,,70.4,0,0,0,2,2,21,0,19,0
Canary Simmons,155298,S,TEXAS STHN,9,0,0,313,59.9,,,,,,57.1,,,70.7,0,0,0,10,8,8,1,8,0
Jacob Williams,155300,LB,TEXAS STHN,9,0,0,313,59.9,,,,,,54.9,,,72.7,0,0,0,4,26,5,8,7,1
Tyrence Augusta,155302,WR,TEXAS STHN,3,0,0,313,,,,58.4,,,71.6,,,69.1,0,0,0,0,10,4,0,0,2
Mason Armstead,155365,WR,PRINCETON,7,0,0,272,,,,,,,54.0,,,28.9,0,1,0,0,12,22,0,20,0
EJ Caldwell,155370,HB,PRINCETON,2,0,0,272,,,,,,,60.0,,,65.2,0,0,0,0,0,3,0,0,0
Jiggie Carr,155371,HB,PRINCETON,1,0,0,272,,,,,,,58.7,,,67.1,0,0,0,0,0,2,0,3,0
Caleb Coleman,155373,S,PRINCETON,5,0,0,272,,,,,,,56.3,,,28.1,0,1,0,0,14,17,0,8,1
Nasir Cook,155374,CB,PRINCETON,1,0,0,272,,,,,,,62.5,,,69.0,0,0,0,0,11,1,0,0,0
Jackson Ford,155376,LB,PRINCETON,1,0,0,272,,,60.0,,,,60.2,,,69.6,0,0,2,0,3,1,0,7,0
Cash Goodhart,155378,WR,PRINCETON,10,0,0,272,,,60.9,,,,65.9,,,74.5,0,0,8,0,0,38,0,48,0
Jo Jo Hawkins,155379,WR,PRINCETON,6,0,0,272,,,,58.0,,,65.1,65.8,,66.9,0,0,0,0,27,21,0,14,1
David Heath,155380,T,PRINCETON,1,0,0,272,,,60.0,,,,60.0,,,61.6,0,0,1,0,0,0,0,0,0
Nick Hilliard,155381,G,PRINCETON,2,0,0,272,,,60.0,,,,60.3,,,63.2,0,0,1,0,0,0,1,0,0
Connor Hulstein,155382,TE,PRINCETON,5,0,0,272,58.3,,68.9,,,,61.0,,,67.0,0,0,27,11,0,0,14,0,0
Liam Johnson,155386,LB,PRINCETON,10,0,0,272,,,,,,,67.0,,,30.0,0,1,0,0,61,14,0,38,4
Matthew Mahoney,155388,WR,PRINCETON,2,0,0,272,,,,,,,63.7,,,70.6,0,0,0,0,4,0,3,10,0
Nate Martey,155389,DI,PRINCETON,1,0,0,272,,,,,,,60.0,,,64.1,0,0,0,0,0,0,0,1,0
Sam Massick,155390,K,PRINCETON,1,0,0,272,,60.0,,,,,60.0,,,61.7,0,0,1,0,0,0,0,0,0
Jalen Newman,155393,CB,PRINCETON,1,0,0,272,,,,,,,60.0,,,63.5,0,0,0,0,0,0,0,1,0
Preston Parsons,155395,WR,PRINCETON,1,0,0,272,,,60.0,,,,61.5,,,61.6,0,0,7,0,0,0,0,0,0
Nick Patterson,155396,TE,PRINCETON,1,0,0,272,,,,,,,63.1,,,71.7,0,0,0,0,0,0,0,5,0
Tyler Picinic,155397,TE,PRINCETON,1,0,0,272,,,,,,,70.4,,,64.0,0,0,0,0,0,2,0,0,0
Reily Radosevich,155399,G,PRINCETON,3,0,0,272,,,61.4,,,,60.8,,,63.1,0,0,12,0,0,0,1,0,0
Dyami Rios,155402,LB,PRINCETON,2,0,0,272,,,,,,,61.9,,,66.2,0,0,0,0,8,1,0,1,0
Nicholas Sanker,155404,ED,PRINCETON,1,0,0,272,60.0,,,,,,60.3,,,61.3,0,0,0,2,0,0,0,1,0
Jeffrey Sexton,155406,K,PRINCETON,10,0,0,272,,62.9,,,47.0,,63.6,,,75.8,0,0,47,0,63,0,0,0,1
William Suter,155408,LS,PRINCETON,1,0,0,272,,,60.0,,,69.2,62.0,,,61.6,0,0,4,0,0,0,0,0,0
Payton Tally,155409,S,PRINCETON,4,0,0,272,60.0,,,,,,65.3,,,71.9,0,0,0,1,18,0,0,18,0
Pierson Tobia,155411,S,PRINCETON,2,0,0,272,60.0,,,,,,61.4,,,70.0,0,0,0,1,9,4,7,2,0
Jalen Travis,155412,T,PRINCETON,10,0,0,272,57.8,,45.6,,,,50.9,,,67.0,0,0,27,20,0,0,23,0,0
John Volker,155414,HB,PRINCETON,5,1,0,272,,,,,,,90.6,,,71.3,0,0,0,0,26,0,0,7,4
CJ Wall,155415,CB,PRINCETON,9,0,0,272,,,,,,,60.3,,,77.0,0,0,0,0,57,0,0,0,0
Arman Young,155417,T,PRINCETON,1,0,0,272,,,60.0,,,,60.0,,,63.7,0,0,1,0,0,0,0,0,0
Unknown Lehigh D14,155502,CB,LEHIGH,1,0,0,205,59.7,,,,,,60.2,,,65.7,0,0,0,4,0,0,0,0,0
Donald Lee,155503,CB,GRAMBLING,9,0,0,177,59.2,,,,,,63.6,,,67.8,0,0,0,30,0,0,1,11,0
Jaylen White,155505,CB,NORFOLK,3,0,0,244,,,,59.2,,,66.3,,,66.6,0,0,0,0,5,12,0,2,1
Mason McSpadden,155513,LS,GRAMBLING,1,0,0,177,,,60.0,,,,60.0,,,60.3,0,0,2,0,0,0,0,0,0
Jeremiah Anukem,155514,CB,HOU BAPT,4,0,0,183,,,,,,,79.1,,,72.2,0,0,0,0,9,0,14,4,2
Travis Greenawalt,155515,CB,HOU BAPT,10,1,0,183,59.2,,,,,,58.2,,,58.9,0,1,0,40,34,0,55,23,0
Desmond Malone,155516,S,HOU BAPT,8,0,0,183,59.8,,,,,,63.4,,,77.3,0,0,0,6,7,47,9,12,0
Rob Walter,155518,T,HOU BAPT,1,0,0,183,,,60.0,,,,60.8,,,66.5,0,0,3,0,0,0,0,0,0
Jesse Velez,155520,K,INCAR WORD,1,0,0,189,,,,,57.3,,60.0,,,67.0,0,0,0,0,3,0,0,0,0
Sir Jerome Treadwell,155523,LB,YNGTOWN ST,2,0,0,353,,,,,,,63.7,,,80.4,0,0,0,0,4,0,0,2,0
Randy Fizer,155524,WR,WAGNER,1,0,0,338,,,,,,,60.0,,,63.3,0,0,0,0,0,0,0,0,0
Marcus Taylor,155528,DI,TENN STATE,1,0,0,308,,,,,,,60.0,,,65.0,0,0,0,0,0,0,0,2,0
Jalen Bates,155533,CB,S ILLINOIS,7,0,0,295,,,,,,,50.9,,,28.5,0,1,0,0,0,0,0,30,0
Dennis Shorter,155535,S,S DAKOTA,7,0,0,291,60.0,,,,,,68.4,,,72.7,0,0,0,5,30,7,0,17,1
Neil Daily,155538,LB,MONTANA ST,2,0,0,233,,,,,,,66.9,,,69.7,0,0,0,0,13,7,4,4,1
Jeremiah Harris II,155541,LB,PRVIEW A&M,3,0,0,270,59.1,,,,,,57.5,,,68.2,1,0,0,3,10,0,3,0,1
Justin Luke,155542,WR,N ALABAMA,2,0,0,389,,,,,,,61.6,,,69.1,0,0,0,0,0,1,0,3,0
Unknown Sam Houston State D84,155559,ED,SM HOUSTON,1,0,0,281,59.6,,,,,,60.4,,,66.7,0,0,0,1,0,0,0,1,0
Conley Davis,155560,WR,PRESBYTERN,3,0,0,271,,,,,,,59.6,,,66.8,0,0,0,0,4,11,0,0,0
Antonio Olivieri,155561,TE,UC DAVIS,1,0,0,322,,,,,,,60.0,,,63.3,0,0,0,0,0,0,0,0,0
Derrick Travis,155568,CB,ALCORN ST,8,1,0,107,59.5,,,,,,58.6,,,28.8,0,1,0,16,33,0,0,13,1
Porter Connors,155570,LB,UC DAVIS,3,0,0,322,,,,,,,62.6,,,65.7,0,0,0,0,10,0,0,0,0
Jayden Stanley,155573,S,UC DAVIS,2,0,0,322,,,,,,,68.6,,,67.3,0,0,0,0,7,0,0,0,1
Naman Alemada,155575,QB,LIUSHAR,1,0,0,1298,,,60.0,,,,60.4,,,60.5,0,0,5,0,0,0,0,0,0
Bryant Thao,155754,K,CAL POLY,5,0,0,129,,,,,51.8,,51.9,,,26.0,0,1,0,0,11,0,0,0,1
Ty Davis,155756,S,DELAWARE,2,0,0,151,,,,,,,60.3,,,70.2,0,0,0,0,9,4,0,6,0
Robert Glanton,155759,S,FL A&M,5,1,0,164,,,,,,,64.3,,,69.7,1,0,0,0,34,0,0,1,1
Dayle Palmer,155760,DI,FL A&M,1,0,0,164,59.3,,,,,,59.5,,,63.2,0,0,0,2,0,0,0,0,0
Jay Billingsley,155761,K,GARD-WEBB,1,0,0,171,,65.0,,,,,60.0,,,63.3,0,0,4,0,0,0,0,0,0
Eli Wesson,155763,LB,GARD-WEBB,4,1,0,171,,,,,,,66.2,,,68.9,0,0,0,0,17,0,0,5,0
Tyler West,155764,WR,GARD-WEBB,1,0,0,171,,,,,,,60.0,,,65.5,0,0,0,0,0,1,0,0,0
Rafael Fasolino,155766,CB,LIUSHAR,3,0,0,1298,,,,,,,58.0,,,70.3,0,0,0,0,9,3,8,0,0
Talib Wright,155767,LB,LIUSHAR,3,0,0,1298,60.0,,,,,,62.6,,,67.3,0,0,0,3,10,0,0,0,0
Omar Emmons,155769,S,MS VLY ST,2,0,0,228,60.0,,,,,,60.5,,,64.3,0,0,0,2,2,0,0,0,0
Christopher Mathis,155770,CB,MS VLY ST,9,0,0,228,59.6,,,,,,64.5,,,77.3,0,0,0,8,13,22,19,20,1
Kaden White,155771,S,MS VLY ST,3,0,0,228,59.9,,,,,,60.2,,,67.7,0,0,0,1,0,4,2,0,0
Joey Slackman,155772,DI,PENN,8,0,0,267,58.8,,,,,,66.6,,,71.2,0,0,0,6,0,0,44,1,1
Cameron Bell,155784,ED,TENN STATE,3,0,0,308,,,,,,,64.9,,,69.9,0,0,0,0,13,0,0,0,0
Jordan Helton,155785,S,TENN STATE,8,0,0,308,,,,,,,65.7,,,75.2,0,0,0,0,4,26,30,0,1
Jalen McClendon,155787,CB,TENN STATE,8,0,0,308,59.9,,,,,,39.1,,,33.0,3,1,0,1,1,0,48,3,2
Jalen Carr,155788,CB,TARLETON,5,0,0,401,59.7,,,,,,61.1,,,68.9,0,0,0,8,2,4,0,6,0
Mykell Randall,155796,HB,SOUTHERN U,2,0,0,297,,,,,,,66.8,,,67.3,0,0,0,0,10,6,0,0,1
Dylan Boone,155797,WR,PRESBYTERN,1,0,0,271,,,,,,,60.0,,,60.6,0,0,0,0,0,0,0,0,0
Noah Labbe,155798,ED,CORNELL,4,0,0,147,,,,,,,68.2,,,70.1,0,0,0,0,13,0,0,1,1
Nehemiah Tarble,155804,LB,TEXAS STHN,8,1,0,313,,,,,,,59.8,,,27.9,0,1,0,0,52,6,0,0,3
Perry Wells,155805,CB,TEXAS STHN,8,1,0,313,59.7,,,,,,77.4,,,29.0,0,2,0,7,46,0,2,27,3
Marcos Gamboa,155818,K,BETH COOK,2,0,0,119,,,,,38.8,,60.0,,,68.4,0,2,0,0,5,0,0,0,0
Justin Coleman,155819,HB,MERCER,7,0,0,219,,,,,,,58.2,,,72.2,2,0,0,0,33,0,1,4,2
Sahnai Swain-Price,155821,DI,WAGNER,1,0,0,338,,,,,,,60.3,,,64.6,0,0,0,0,0,0,6,0,0
Quinton Densmore,155822,CB,ALAB A&M,7,0,0,104,59.5,,,,,,61.5,,,72.7,0,0,0,20,16,0,7,1,0
Malik Thomas,155823,WR,ALAB A&M,1,0,0,104,,,,,,,60.5,,,65.9,0,0,0,0,0,4,0,1,0
Blake Smith,155827,CB,TARLETON,3,0,0,401,,,,,,,73.7,,,70.6,0,0,0,0,13,0,0,3,2
Micah Butler,155830,HB,BETH COOK,4,0,0,119,59.7,,,,,,90.3,,,77.0,0,0,0,5,13,2,16,9,3
Justin Smith,155835,S,WAGNER,3,0,0,338,59.8,,,,,,63.5,,,68.9,0,0,0,3,8,0,0,7,0
CJ Flores,155837,LB,N ARIZONA,7,1,0,252,60.0,,,,,,62.0,,,70.0,0,0,0,1,10,40,0,0,0
Zavion Evans,155841,ED,HOU BAPT,5,1,0,183,59.6,,,,,,69.7,,,67.7,0,0,0,1,11,4,0,5,1
Dion Daniels,155842,T,HOU BAPT,8,0,0,183,,,67.1,,,,63.0,,,64.8,0,0,23,0,0,0,0,0,0
Nick Bigelow,155843,P,TENN TECH,7,0,0,309,,,64.4,,,,62.4,,60.9,69.1,0,0,29,0,0,0,23,0,0
Tyrik Daniels,155849,ED,N ALABAMA,2,0,0,389,59.8,,,,,,60.0,,,64.1,0,0,0,3,0,0,0,0,0
Mehki Ellis,155850,DI,MORGAN ST,5,0,0,235,59.3,,,,,,60.0,,,66.4,0,0,0,7,0,0,0,1,0
Jairus McFarland,155852,CB,ROB MORRIS,9,0,0,277,59.9,,,,,,59.1,60.3,,71.6,0,0,0,10,1,2,5,19,0
Tyler Beckworth,155854,DI,MS VLY ST,7,1,0,228,,,,65.2,,,63.3,,,36.9,0,1,0,0,19,21,0,18,1
Chris Victor,155855,ED,MS VLY ST,8,0,0,228,,,70.5,,,,62.9,,,29.2,0,1,32,0,23,31,0,18,4
Lucas Banks,155860,ED,MS VLY ST,6,0,0,228,59.2,,69.3,,,,63.6,,,72.7,0,0,26,2,0,0,0,0,0
Ahmir Lyles,155861,DI,FORDHAM,2,0,0,168,59.7,,,,,,61.1,,,68.3,0,0,0,1,0,0,0,2,0
Matthew Rau,155862,T,WAGNER,2,0,0,338,,,60.0,,,,60.2,,,63.4,0,0,2,0,0,0,0,0,0
Luke Jakubauskas,155863,ED,WAGNER,6,0,0,338,59.3,,60.0,59.9,,,70.0,,,90.8,0,0,9,6,0,21,13,2,0
Quincy Guy-Barnes,155865,QB,WAGNER,1,0,0,338,,,,,,,60.0,,,63.3,0,0,0,0,0,0,0,0,0
Zae Smith,155866,ED,HOU BAPT,3,0,0,183,59.3,,,,,,59.6,,,64.9,0,0,0,8,0,0,0,0,0
Eric O'Neill,155869,ED,LIUSHAR,1,0,0,1298,,,,,,,61.7,,,64.9,0,0,0,0,5,0,0,0,0
Joshua Randall,155871,ED,SE LA,4,0,0,294,59.3,,,,,,59.4,,,63.5,0,0,0,5,0,0,0,0,0
Nigel Brown,155872,ED,PRESBYTERN,5,0,0,271,59.2,,,,,,62.1,,,80.2,0,0,0,8,0,0,0,4,0
Jadien Deaton,155874,S,TENN MARTN,1,0,0,310,,,,,,,46.6,,,26.2,0,1,0,0,8,0,0,0,0
Jamal Hill,155875,WR,ROB MORRIS,1,0,0,277,,,,,,,59.5,,,67.2,0,0,0,0,0,0,4,0,0
Tyleek Sealey,155878,HB,PRESBYTERN,1,0,0,271,,,,,,,61.0,,,64.9,0,0,0,0,3,0,0,0,0
Malik Tisdale,155880,ED,TEXAS STHN,4,0,0,313,59.4,,,,,,61.0,,,65.9,0,0,0,7,0,0,0,4,0
Unknown Stephen F Austin D49,155881,LB,STF AUSTIN,1,0,0,301,,,,,,,60.5,,,67.1,0,0,0,0,2,0,0,0,0
Unknown Abilene Christian D25,155882,CB,ABILENE CH,3,0,0,100,59.9,,,,,,59.3,,,66.4,0,0,0,1,0,8,0,0,0
Joe Marino,155887,DI,HOU BAPT,1,0,0,183,,,60.0,,,,60.6,,,61.7,0,0,4,0,0,0,0,0,0
Jake Ward,155889,K,CENT ARK,6,0,0,132,,,,,51.4,,62.3,,,74.7,0,0,0,0,34,0,0,0,0
Brandon Tolvert,155894,DI,TARLETON,3,0,0,401,59.3,,,,,,59.3,,,65.2,0,0,0,5,0,0,0,1,0
Jaquan Woods,155895,WR,N ALABAMA,3,0,0,389,,,,69.2,,,59.7,,,65.6,0,0,0,0,0,14,0,0,0
Quincy McDuffie,155896,WR,LIUSHAR,5,0,0,1298,,,60.0,,,,53.0,,,74.9,1,0,8,0,8,23,15,1,0
Jalen Hodo,155897,S,CENT ARK,5,1,0,132,60.0,,,,,,80.7,,,75.3,0,0,0,1,24,0,17,16,3
Ajani Johnson,155898,WR,MORGAN ST,2,0,0,235,,,,61.8,,,60.7,,,64.5,0,0,0,0,4,1,0,0,0
Justyz Tuggle,155899,WR,BETH COOK,6,0,0,119,,,,,,,64.4,69.8,,67.9,0,0,0,0,9,7,0,28,1
Marvin Smith,155900,S,ALAB A&M,2,0,0,104,,,,,,,75.3,,,62.9,0,0,0,0,2,0,0,0,2
Jordan Hines,155901,DI,ALAB A&M,1,0,0,104,59.6,,,,,,60.2,,,64.3,0,0,0,1,0,0,0,1,0
Miles Emery,155906,ED,S DAKOTA,1,0,0,291,59.3,,,,,,59.6,,,61.6,0,0,0,1,0,0,0,0,0
Unknown Central Arkansas 58,155908,T,CENT ARK,7,0,0,132,,,72.7,,,,63.7,,,67.4,0,0,41,0,0,0,1,0,0
Adrian Lacy,155913,LB,PRVIEW A&M,7,2,0,270,,,,,,,70.7,,,72.6,0,0,0,0,35,4,9,8,1
Malakai Fakahua,155916,HB,DIXIE,4,0,0,1285,59.6,,,,,,62.1,,,75.2,0,0,0,1,1,25,0,10,0
Tyler McMillan,155919,T,MS VLY ST,1,0,0,228,,,60.0,,,,60.8,,,62.7,0,0,4,0,0,0,0,0,0
Adrian Green,155922,WR,HOU BAPT,1,0,0,183,,,,,,,60.0,,,64.8,0,0,0,0,0,1,0,0,0
Branden Layne,155923,LB,HOU BAPT,4,0,0,183,59.4,,,,,,68.5,,,70.1,0,0,0,1,10,24,2,1,2
Vershod Quinn,155924,HB,BETH COOK,2,0,0,119,,,,,,,61.0,,,67.4,0,0,0,0,4,9,0,0,0
Davon Clements,155925,ED,BETH COOK,1,0,0,119,,,,,,,68.5,,,70.2,0,0,0,0,4,7,0,4,1
Dondre Butler,155926,S,BETH COOK,2,0,0,119,,,,,,,64.6,,,70.7,0,0,0,0,13,0,0,11,0
Alema Tupuola,155928,LB,WEBER ST,3,0,0,342,,,,,,,61.8,,,70.1,0,0,0,0,10,0,0,6,0
Unknown North Alabama 86,155929,TE,N ALABAMA,2,0,0,389,,,,,,,56.6,,,69.5,0,0,0,0,8,3,1,0,0
Unknown Duquesne D24,155932,CB,DUQUESNE,1,0,0,155,59.8,,,,,,60.0,,,61.5,0,0,0,1,0,0,0,0,0
Nick Davenport,155935,QB,W ILLINOIS,3,1,0,345,,,,,,,65.7,,,69.0,0,0,0,0,13,21,0,0,0
Brady Elms,155936,P,W CAROLINA,2,0,0,344,,,60.3,,,,60.9,,55.0,63.4,0,0,9,0,0,0,2,0,0
Marcel Mami,155937,LB,ST FRANCIS,3,0,0,299,,,,,,,69.3,,,90.6,0,0,0,1,11,3,14,11,1
Christian Donnelly,155938,K,MCNEESE,1,0,0,217,,60.0,,,,,60.0,,,61.7,0,0,1,0,0,0,0,0,0
Isaiah Williams,155940,S,HOU BAPT,4,0,0,183,,,,,,,68.2,,,70.4,0,0,0,0,14,0,0,1,1
Cobie Bates,155941,WR,MS VLY ST,3,0,0,228,,,,59.9,,,59.7,60.0,,65.9,0,0,0,0,0,9,0,1,0
Dante Daniel,155943,LB,DELWARE ST,4,1,0,152,,,,,,,68.4,,,80.2,0,0,0,0,18,19,24,22,1
Nathan Linkous,155949,T,W CAROLINA,3,0,0,344,,,66.1,,,,62.9,,,64.8,0,0,19,0,0,0,0,0,0
Hivaiki Aitamai,155950,LB,DIXIE,3,0,0,1285,59.6,,,,,,57.0,,,69.6,1,0,0,2,13,0,0,8,0
Zelly Aldridge,155956,S,N ALABAMA,3,0,0,389,,,,,,,62.6,,,71.0,0,0,0,0,8,7,0,1,0
Mike Darcy,155957,TE,LIUSHAR,2,0,0,1298,,,60.0,,,,61.9,,,62.3,0,0,7,0,2,0,0,0,0
Chase Lomax,155958,ED,LIUSHAR,1,0,0,1298,,,,,,,59.5,,,64.4,0,0,0,0,0,7,0,0,0
Unknown Dartmouth 53,155964,T,DARTMOUTH,1,0,0,148,,,60.0,,,,61.5,,,66.6,0,0,5,0,0,0,0,0,0
Mike Johnson,155971,LB,MERRIMACK,1,0,0,385,,,,,,,60.0,,,62.3,0,0,0,0,1,0,0,0,0
Keyshawn Johnson,155973,CB,WAGNER,1,0,0,338,,,,,,,59.9,,,69.6,0,0,0,0,1,6,9,0,0
Peyton Davis,155974,G,W CAROLINA,1,0,0,344,,,61.6,,,,61.9,,,66.4,0,0,6,0,0,0,0,0,0
Barry White,155985,TE,ALAB A&M,4,0,0,104,,,68.5,,,,49.9,,,27.8,0,1,24,0,0,22,0,0,0
Cory Hennings,155995,S,W CAROLINA,1,0,0,344,,,,,,,62.1,,,66.6,0,0,0,0,6,0,0,0,0
Michael Reddin,155996,LB,BETH COOK,1,0,0,119,,,,,,,59.6,,,65.1,0,0,0,0,0,9,4,0,0
Imeer Johnson,155997,ED,LIUSHAR,1,0,0,1298,,,,,,,60.6,,,64.9,0,0,0,0,2,0,0,0,0
Landon Battiste,155998,HB,LIUSHAR,1,0,0,1298,,,,,,,61.1,,,64.2,0,0,0,0,3,0,0,0,0
Malik Richards,156016,CB,MOREHEAD,3,0,0,234,59.9,,,,,,64.4,,,69.1,0,0,0,1,0,0,0,11,0
Antonio Ward,156022,LB,KENNESAW,2,0,0,200,,,,,,,70.9,,,69.6,0,0,0,0,13,5,0,5,2
Unknown Bethune-Cookman D14,156029,CB,BETH COOK,1,0,1,119,59.9,,,,,,60.0,,,22.7,0,1,0,1,0,0,0,0,0
Brandon Sanders,156030,WR,ALABAMA ST,1,0,0,105,,,,,,,60.0,,,64.9,0,0,0,0,0,1,0,0,0
Unknown Tarleton State 27,156033,WR,TARLETON,1,0,0,401,,,,,,,60.0,,,64.7,0,0,0,0,0,0,0,1,0
Unknown Tarleton State D36,156034,CB,TARLETON,1,0,0,401,,,,,,,60.0,,,64.1,0,0,0,0,0,0,0,1,0
Unknown LIU 85,156036,TE,LIUSHAR,1,0,0,1298,,,60.0,,,,60.0,,,60.3,0,0,2,0,0,0,0,0,0
Elijah Bass,156041,HB,CITADEL,1,0,0,139,,,,,,,61.8,,,64.3,0,0,0,0,7,0,0,0,0
DJ Moffett,156044,LB,ALAB A&M,4,0,0,104,,,,,,,65.0,,,74.3,0,0,0,0,33,11,10,4,1
Sean Artiss,156046,S,SCAR STATE,1,0,0,290,,,,,,,61.6,,,68.3,0,0,0,0,7,0,0,0,0
Unknown Houston Baptist 72,156047,T,HOU BAPT,1,0,0,183,,,60.0,,,,60.0,,,61.3,0,0,2,0,0,0,0,0,0
Unknown Jacksonville State 97,156048,P,JVILLE ST,1,0,0,196,,,60.0,,,,60.0,,,60.2,0,0,1,0,0,0,0,0,0
Antuan Wells,156050,DI,BETH COOK,1,0,0,119,,,,,,,59.9,,,64.1,0,0,0,0,0,0,0,1,0
Zac Thomas,156051,TE,STTHOM,1,0,0,1129,,,,,,,60.0,,,63.3,0,0,0,0,0,0,1,0,0
Unknown Arkansas-Pine Bluff 94,156052,LB,ARKAPB,1,0,0,112,,,,,,,60.9,,,67.4,0,0,0,0,4,1,0,3,0
Unknown LIU 47,156054,LB,LIUSHAR,1,0,0,1298,,,60.0,,,,60.6,,,61.5,0,0,2,0,0,0,0,0,0
Hunter Lino,156061,HB,WAGNER,1,0,0,338,,,,,,,61.4,,,64.3,0,0,0,0,4,0,0,0,0
Codie Hornsby,160223,T,DELWARE ST,2,0,0,152,,,60.0,,,,61.8,,,64.4,0,0,8,0,0,0,0,0,0
Clayton Perrin,160541,S,BROWN,10,1,0,123,60.0,,,,,,71.7,,,71.9,0,0,0,36,37,0,7,12,1
Mikai Stanley,162279,HB,W CAROLINA,6,0,0,344,,,66.7,,,,62.9,,,69.3,0,0,19,0,0,0,33,0,0
Xavier Leigh,162311,HB,SACR HEART,1,0,0,280,,,,,,,60.0,,,61.2,0,0,0,0,0,1,0,0,0
Nelson Jordan II,163996,ED,SAMFORD,10,0,0,282,58.3,,62.7,,,,59.6,,,69.6,0,0,14,38,0,0,0,3,0
Brandon Lane,164104,DI,S DAK ST,2,0,0,292,60.0,,,,,,60.1,,,63.0,0,0,0,2,0,0,0,0,0
Antonio Jones,167083,WR,GRAMBLING,4,0,0,177,60.0,,,62.6,,,59.7,,,63.7,0,0,0,1,0,18,0,0,0
Reginald King,167127,WR,PRVIEW A&M,8,0,0,270,,,,57.5,,,61.1,,,70.4,0,0,0,0,7,38,4,0,0
Chris Joyce,169071,CB,MCNEESE,7,0,0,217,59.5,,,,,,60.8,,,69.5,0,0,0,21,1,0,0,1,0
JaTerious Evans,169712,CB,STF AUSTIN,10,1,0,301,59.9,,,,,,73.3,,,76.3,0,0,0,12,45,0,21,24,2
Brian Cooey Jr.,178600,P,MAINE,4,0,0,212,,,60.0,,,,61.6,,60.9,68.9,0,0,7,0,0,0,13,0,0
