player,player_id,position,team_name,player_game_count,assists,declined_penalties,franchise_id,grades_fgep_defense,grades_fgep_kicker,grades_fgep_offense,grades_kick_return,grades_kickoff_kicker,grades_long_snap,grades_misc_st,grades_punt_return,grades_punter,grades_special_teams_penalty,missed_tackles,penalties,snap_counts_field_goal,snap_counts_field_goal_blocking,snap_counts_kickoff,snap_counts_kickoff_return,snap_counts_punt_coverage,snap_counts_punt_return,tackles
Jacob Meeks,24703,K,S ALABAMA,13,0,0,288,,60.0,,,73.1,,64.1,,,79.2,1,0,1,0,84,0,0,0,0
Cam McCormick,41982,TE,MIAMI FL,11,0,0,220,,,14.5,59.6,,,47.8,,,70.3,0,0,19,0,0,40,0,0,0
Jahsen Wint,42914,S,MARSHALL,12,0,0,214,59.8,,,,,,42.8,,,82.4,1,1,0,10,38,70,24,8,1
Mason White,43872,CB,TCU,3,0,0,305,59.8,,,,,,66.7,,,69.4,0,0,0,2,0,0,1,7,0
Skip Velotta,51815,HB,NOTRE DAME,9,2,0,258,,,,,,,74.0,,,73.1,0,0,0,0,52,0,0,5,1
Bentley Hanshaw,51984,TE,LIBERTY,13,0,0,206,,,77.3,,,,64.6,,,66.9,0,0,76,0,0,5,32,0,0
Chaz Ah You,51989,LB,BYU,1,0,0,128,60.0,,,,,,60.0,,,61.7,0,0,0,1,0,0,0,0,0
Sinjun Astani,52257,DI,USC,2,0,0,326,59.8,,60.0,,,,60.8,,,66.4,0,0,1,1,0,0,0,1,0
Marshall Lang,52369,TE,NWESTERN,11,0,0,256,,,60.0,61.8,,,69.0,,,73.1,0,0,3,0,0,49,5,0,0
Jakob James,52540,C,OHIO STATE,12,0,0,260,,,75.9,,,,65.0,,,64.1,0,0,64,0,0,0,0,0,0
Joe Royer,52545,TE,OHIO STATE,2,0,0,260,,,62.4,,,,61.5,,,64.5,0,0,10,0,0,4,0,0,0
Malik Vann,52555,ED,CINCINNATI,11,0,1,138,58.7,,,,,,48.4,,,27.9,0,1,0,23,0,0,0,10,0
Erick All,52595,TE,IOWA,5,0,0,192,,,66.8,,,,73.3,,,75.1,0,0,19,0,0,10,0,24,0
Brendan Beattie,52768,LS,MIAMI OH,14,1,0,221,,,85.1,,,40.6,55.6,,,29.7,0,1,69,0,0,0,58,0,1
Tyler Bentley,52790,DI,PITTSBURGH,11,0,0,268,58.1,,,,,,59.2,,,69.3,0,0,0,21,0,0,0,8,0
Xavier Peters,52819,ED,FAU,4,0,0,165,59.4,,,,,,60.0,,,65.0,0,0,0,8,0,0,0,1,0
Zaid Hamdan,52925,DI,TULSA,11,0,0,320,58.2,,,,,,59.9,,,69.2,0,0,0,21,0,0,54,3,0
Eric Miller,52938,T,LOUISVILLE,14,0,0,210,,,78.1,,,,66.6,,,75.4,0,0,77,0,0,0,0,0,0
Tanner Knue,52961,WR,E MICHIGAN,1,0,0,160,,,,,,,60.1,,,64.7,0,0,0,0,0,0,0,3,0
Michael McCalmont,52962,TE,CINCINNATI,2,0,0,138,,,60.0,,,,61.3,,,61.4,0,0,6,0,0,0,0,0,0
Cole Pearce,52970,LB,BALL ST,12,0,0,117,59.6,,,,,,67.9,,,68.1,0,0,0,57,0,0,44,6,1
Paul Rodriguez,52986,G,KENTUCKY,13,0,0,202,,,77.7,,,,61.0,,,73.8,0,0,60,0,0,0,57,0,0
Nick Presley,53372,WR,BALL ST,2,0,0,117,,,,,,,29.0,,,69.3,3,0,0,0,5,0,7,0,0
Eric Meeks,53398,G,MARSHALL,11,0,0,214,,,60.0,59.9,,,78.3,,,71.3,0,0,5,0,0,58,34,0,0
James Camden,53418,LB,CINCINNATI,12,4,0,138,60.0,,,,,,71.4,,,62.1,2,1,0,1,60,46,46,36,2
DeShawn Pace,53549,S,CINCINNATI,11,0,1,138,59.8,,,,,,61.2,,,40.9,1,3,0,50,5,34,41,32,3
Luke Bolden,53565,TE,MIAMI OH,13,0,0,221,,,73.3,59.9,,,68.4,,,72.1,0,0,46,0,0,42,2,6,0
Rusty Feth,53571,G,IOWA,10,0,0,192,,,75.9,,,,65.2,,,68.1,0,0,45,0,0,0,0,0,0
Eric Phillips,53572,ED,CINCINNATI,12,0,0,138,58.3,,73.8,,,,62.5,,,73.0,0,0,46,37,0,0,0,9,0
Ryan Mullaney,53704,ED,CINCINNATI,12,0,0,138,59.5,,,,,,59.1,,,71.0,1,0,0,3,0,63,46,0,0
Brenden Bates,53746,TE,KENTUCKY,12,0,0,202,,,,,,,74.9,,,74.3,0,0,0,0,0,66,0,0,0
Logan Osburn,53851,C,MARSHALL,3,0,0,214,,,66.2,,,,63.0,,,69.0,0,0,15,0,0,0,0,0,0
Matthew Bobak,53954,CB,ILLINOIS,1,0,0,187,60.0,,,,,,60.0,,,61.1,0,0,0,1,0,0,0,0,0
Jake Seibert,54027,K,N ILLINOIS,13,0,0,254,,46.1,,,58.5,,63.4,,,76.0,0,0,9,0,53,0,0,0,0
Jaheim Thomas,54193,LB,ARKANSAS,12,0,0,111,59.7,,,,,,56.0,,,71.6,1,0,0,57,1,0,51,16,1
Jordan Strachan,55198,ED,S CAROLINA,9,0,0,289,59.0,,,,,,61.2,,,71.4,0,0,0,35,0,0,0,8,0
Chris Autman-Bell,55245,WR,MINNESOTA,5,0,0,225,,,,,,,58.0,,,69.1,0,0,0,0,0,25,0,0,0
Zachary Ford,55353,S,TOLEDO,14,0,0,316,60.2,,,,,,62.8,,,70.0,0,0,0,50,14,5,0,18,1
Spencer Clapp,55441,T,WAKE,1,0,0,339,,,60.0,,,,61.5,,,61.6,0,0,7,0,0,0,0,0,0
Malik Denkins,55516,ED,C MICHIGAN,1,0,0,134,,,,,,,60.0,,,64.8,0,0,0,0,0,1,0,0,0
Korey Hernandez,55796,CB,E MICHIGAN,10,0,1,160,59.8,,,,,,57.9,,,29.6,0,1,0,28,4,0,11,3,0
Deangelo Gibbs,55917,CB,S CAROLINA,1,0,0,289,60.0,,,,,,60.0,,,60.8,0,0,0,1,0,0,0,0,0
Myles Jones,56220,CB,DUKE,4,0,0,154,60.1,,,,,,63.4,,,70.8,0,0,0,5,0,0,0,15,0
John Davis,56230,CB,N TEXAS,8,0,0,251,60.5,,,,,,62.8,,,73.1,0,0,0,24,0,0,0,3,0
Taijh Alston,56348,ED,COLORADO,9,0,0,143,58.9,,,,,,49.7,,,76.3,0,1,0,24,0,0,17,9,0
Brian Miller,56358,T,GA SOUTHRN,13,0,0,174,,,59.7,,,,60.6,,,66.4,0,0,73,0,0,0,0,0,0
Matthew Young,56753,ED,TEXAS TECH,1,0,0,315,,,,,,,74.9,,,65.5,0,0,0,0,0,3,0,0,0
Marcus Buckley,56754,DI,NEW MEX ST,1,0,0,242,59.4,,,,,,59.6,,,62.5,0,0,0,2,0,0,0,0,0
Popo Aumavae,56803,DI,OREGON,13,0,0,264,58.2,,,,,,59.2,,,71.2,0,0,0,19,0,0,0,4,0
Jacob Lichtenstein,56912,DI,MIAMI FL,13,0,0,220,58.1,,75.5,,,,48.2,,,68.6,0,0,61,18,0,0,44,2,0
Xavier Williams,57263,HB,KENT STATE,9,0,0,201,,,,70.4,,,49.1,,,67.8,2,0,0,0,10,42,0,9,0
Ramon Jefferson,57280,HB,KENTUCKY,8,0,0,202,,,,,,,69.3,,,72.7,0,0,0,0,0,12,0,25,0
Isaiah Woullard,57305,HB,LA MONROE,7,0,0,209,,,,59.9,,,62.6,,,70.0,0,0,0,0,0,43,0,0,0
Jacob Kibodi,57427,HB,LA LAFAYET,9,0,0,207,,,,,,,61.9,,,75.0,1,0,0,0,9,3,3,21,0
JB Brown,57701,ED,UMASS,11,0,0,216,58.3,,,,,,48.7,,,28.0,0,1,0,41,0,0,0,0,0
Bryson Jackson,57738,S,BAYLOR,12,0,1,118,59.8,,,,,,51.6,,,42.2,0,2,0,63,38,69,36,13,2
Jerry Roberts,57759,LB,UMASS,10,0,0,216,60.2,,,,,,60.7,,,63.6,0,0,0,49,0,0,0,0,0
Isaac Ukwu,57888,ED,OLE MISS,11,0,0,226,59.3,,,,,,55.0,,,69.0,1,0,0,12,1,0,44,8,0
Malik Robinson,58044,LB,HOUSTON,12,1,0,182,60.1,,,,,,60.0,,,73.8,1,0,0,65,28,0,0,0,1
Monty Montgomery,58203,LB,OLE MISS,12,0,0,226,60.1,,,,,,71.9,,,74.5,0,0,0,11,20,16,38,1,2
D'Mitri Emmanuel,59657,G,FLORIDA ST,9,0,0,167,,,74.7,,,,65.4,,,75.4,0,0,53,0,0,0,0,0,0
Abraham Delfin,59808,C,LA TECH,1,0,0,208,,,,,,,60.0,,,23.1,0,1,0,0,0,0,0,0,0
Kai-Leon Herbert,59843,T,TULSA,9,0,0,320,,,71.2,,,,63.6,,,65.8,0,0,39,0,0,0,6,0,0
Corey Gaynor,59844,C,N CAROLINA,2,0,0,245,,,,,,,60.0,,,64.5,0,0,0,0,0,0,2,0,0
Hyrin White,59875,T,SMU,10,0,0,287,,,75.0,,,,64.6,,,75.8,0,0,55,0,0,0,2,0,0
Trevor Campbell,60241,G,W MICHIGAN,11,0,0,347,,,76.1,,,,64.7,,,73.2,0,0,49,0,0,0,2,0,0
Rocky Lombardi,60452,QB,N ILLINOIS,1,0,0,254,,,,,,,60.0,,60.0,63.3,0,0,0,0,0,0,1,0,0
Londyn Craft,60689,LB,E MICHIGAN,13,3,0,160,59.7,,,,,,67.2,,,84.3,0,1,0,48,55,28,46,26,4
Hamze El-Zayat,61259,WR,E MICHIGAN,13,0,0,160,,,,71.9,,,69.0,58.2,,72.1,0,0,0,0,13,69,0,40,1
Takulve Williams,61346,S,W KENTUCKY,8,0,0,346,59.9,,,,,,61.5,,,64.7,0,0,0,16,0,0,4,7,0
Perry Carter,61384,WR,JVILLE ST,3,0,0,196,,,,,,,58.1,61.0,,65.0,0,0,0,0,0,1,2,2,0
Braden Smith,61460,WR,CINCINNATI,12,0,0,138,,,,40.5,,,60.7,51.4,,72.9,0,0,0,0,2,57,0,37,0
Beau Corrales,61513,WR,TEXAS ST,4,0,0,314,,,,,,,58.0,,,72.0,0,0,0,0,0,19,0,0,0
Jaiden Cameron,62277,ED,NWESTERN,2,0,0,256,60.0,,,,,,61.7,,,65.8,0,0,0,1,0,0,0,3,0
Miyan Williams,62608,HB,OHIO STATE,1,0,0,260,,,,,,,61.0,,,67.4,0,0,0,0,0,0,0,2,0
Diego Neri,62732,LB,BOWL GREEN,13,0,0,122,,,,,,,56.3,,,35.4,2,1,0,0,67,63,50,1,4
Eddie Heckard,63024,CB,BYU,11,0,0,128,60.2,,,,,,63.2,,,31.6,0,1,0,46,12,0,0,42,0
Jeremiah Harris,63043,S,JVILLE ST,13,1,0,196,59.3,,,,,,73.6,,,80.0,1,0,0,49,16,0,54,13,5
Kevin Williams,63534,G,CHARLOTTE,10,0,0,136,,,70.3,,,,63.8,,,66.1,0,0,34,0,0,0,0,0,0
Spencer Curtis,63709,WR,NEVADA,11,0,0,239,,,,61.8,,,73.3,,,78.8,0,0,0,0,21,2,50,0,2
Jack Coldiron,63838,TE,MIAMI OH,1,0,0,221,,,60.0,,,,59.9,,,67.3,0,0,1,0,0,5,6,1,0
Kam Butler,63872,ED,VIRGINIA,4,0,0,335,59.7,,64.7,,,,68.2,,,66.4,0,0,14,13,0,0,23,4,1
Will Whitson,64470,ED,COAST CAR,13,0,0,141,58.2,,,,,,59.7,,,69.9,0,0,0,36,6,2,0,8,0
Devin Maddox,64506,WR,TOLEDO,9,0,0,316,,,,58.2,,,61.2,63.0,,67.1,0,0,0,0,0,6,0,42,0
Robi Stuart,65032,DI,C MICHIGAN,5,0,0,134,58.3,,,,,,58.8,,,66.4,0,0,0,15,0,0,0,3,0
Josh Minkins,66051,S,LOUISVILLE,10,0,0,210,59.7,,,,,,64.4,,,70.5,0,0,0,14,6,0,0,14,0
Devan Rogers,66122,C,TOLEDO,1,0,0,316,,,,,,,60.1,,,65.2,0,0,0,0,0,0,3,0,0
Josh Lifson,66194,TE,LOUISVILLE,14,0,0,210,,,77.4,,,,68.4,,,65.1,0,0,77,0,0,8,14,0,0
Malachi Corley,66272,WR,W KENTUCKY,3,0,0,346,,,,,,,59.1,,,64.5,0,0,0,0,1,1,1,0,0
Jeremiah Wood,66274,S,OHIO,6,0,0,259,59.7,,,,,,60.0,,,63.6,0,0,0,14,0,1,0,0,0
Ty Hamilton,66298,DI,OHIO STATE,11,0,0,260,58.6,,60.0,,,,61.4,,,69.0,0,0,1,14,0,0,0,13,0
Markel Perry,66793,ED,SM HOUSTON,10,0,0,281,59.2,,,,,,59.6,,,71.3,0,0,0,37,0,0,11,2,0
Isaac Jernagin,70363,WR,S JOSE ST,12,1,0,285,,,,58.3,,,58.5,,,72.5,0,0,0,0,0,26,30,0,0
Michael Erhart,70408,LB,OREGON ST,9,0,0,265,,,,,,,71.6,,,72.2,0,0,0,0,36,1,3,2,2
Jonathan Thomas,70412,ED,NEVADA,10,0,0,239,,,,,,,65.4,,,73.0,0,0,0,0,0,60,0,0,0
Blake Antzoulatos,70424,LB,CAL,10,3,0,130,59.9,,,,,,65.3,,,75.5,1,0,0,9,50,38,1,15,1
Sebastian Macaluso,70536,HB,S JOSE ST,6,0,0,285,,,,,,,61.4,,,74.5,0,1,0,0,0,22,3,16,0
Jacob Garcia,70624,LS,UTAH ST,13,0,1,329,,,84.7,,,69.9,65.0,,,29.9,0,1,67,0,0,0,66,0,1
Ben Florentine,70644,DI,WYOMING,9,0,0,351,59.0,,,,,,66.3,,,67.1,0,0,0,8,0,0,38,0,1
Kevin Green Jr.,70721,WR,ARIZONA,2,0,0,109,,,,,,,61.7,,,69.6,0,0,0,0,0,0,0,6,0
Korey Foreman,70831,ED,USC,3,0,0,326,59.5,,,,,,60.2,,,64.2,0,0,0,2,0,0,0,1,0
Steven Iles,70864,C,AIR FORCE,4,0,0,101,,,68.0,,,,63.6,,,72.2,0,0,20,0,0,0,0,0,0
Branden Alvarez,70865,WR,S JOSE ST,5,0,0,285,,,,,,,57.5,,,68.6,0,0,0,0,0,29,3,0,0
Jake Retzlaff,70874,QB,BYU,1,0,0,128,,,,,,,60.0,,,90.7,0,0,0,0,0,0,0,1,0
Tuasivi Nomura,70879,ED,FRESNO ST,3,0,0,169,59.7,,,,,,59.2,,,68.0,0,0,0,3,7,7,0,0,0
Jayden Williams,70895,CB,MIAMI OH,1,0,0,221,60.0,,,,,,60.0,,,63.6,0,0,0,1,0,0,0,0,0
DeCarlos Brooks,70933,HB,ARIZONA ST,3,0,0,110,,,,,,,61.9,,,70.0,0,0,0,0,7,10,13,0,1
Tate Romney,70946,LB,ARIZONA ST,11,0,0,110,60.1,,,,,,61.7,,,71.6,0,0,0,46,0,5,0,8,0
Kyler Orr,70975,ED,AIR FORCE,1,0,0,101,,,,,,,61.7,,,64.2,0,0,0,0,5,0,0,0,0
Zach Bowers,70976,LB,ARIZONA ST,1,0,0,110,,,,,,,61.4,,,67.2,0,0,0,0,0,5,0,2,0
Tarik Luckett,71171,CB,N TEXAS,5,0,0,251,59.6,,,,,,60.6,,,68.6,0,0,0,18,0,0,0,0,0
Kyle Ford,71304,WR,UCLA,2,0,0,324,,,,,,,61.9,,,68.0,0,0,0,0,6,5,0,4,0
Elijah Mojarro,71312,TE,RICE,4,0,0,275,,,,,,,65.6,,,73.1,0,0,0,0,0,26,0,0,0
Keyon Ware-Hudson,71322,DI,OREGON,7,0,0,264,58.8,,,,,,59.8,,,67.5,0,0,0,7,0,0,0,4,0
Boden Groen,71325,TE,RICE,2,0,0,275,,,,,,,60.4,,,65.4,0,0,0,0,2,0,0,0,0
Sean Dollars,71332,HB,NEVADA,6,0,0,239,,,,,,,58.5,,,68.7,0,0,0,0,0,20,0,0,0
Bru McCoy,71345,WR,TENNESSEE,2,0,0,307,,,,,,,63.8,,,69.0,0,0,0,0,0,1,0,7,0
Domani Jackson,71370,CB,USC,11,0,0,326,60.1,,,,,,64.5,,,74.6,0,0,0,51,24,0,0,1,0
Luke Felix-Fualalo,71382,T,HAWAII,13,0,0,180,,,74.3,,,,64.6,,,74.2,0,0,50,0,0,0,30,0,0
William Nimmo Jr.,71391,S,UCLA,11,0,0,324,60.1,,,,,,65.9,,,73.6,0,0,0,17,15,0,2,18,0
Keanu Tanuvasa,71398,DI,UTAH,12,0,0,328,58.0,,,,,,58.8,,,69.2,0,0,0,22,0,0,0,12,0
Thomas Mirabella,71402,C,S DIEGO ST,12,0,0,284,,,77.2,,,,65.4,,,64.9,0,0,51,0,0,0,0,0,0
Akili Arnold,71406,S,OREGON ST,11,0,0,265,59.9,,,75.6,,,76.2,,,76.3,0,0,0,34,10,46,21,27,0
Easton Mascarenas-Arnold,71410,LB,OREGON ST,12,0,0,265,60.1,,,,,,60.5,,,73.8,1,0,0,32,5,1,24,12,0
Mavin Anderson,71443,WR,CAL,8,0,0,130,,,,56.8,,,71.4,,,67.0,0,0,0,0,0,34,7,2,1
Cameron Warchuck,71476,LS,COLORADO,12,0,0,143,,,37.3,,,28.5,43.7,,,29.9,0,1,56,0,0,0,69,0,1
Andrew Madrigal,71502,C,NEVADA,12,0,0,239,,,74.4,,,,65.1,,,72.3,0,0,39,0,0,0,0,0,0
Aaron Smith,71596,S,NEW MEXICO,11,1,0,241,59.7,,,,,,59.2,,,74.1,0,0,0,15,41,0,22,11,1
Silas Bolden,71674,WR,OREGON ST,13,0,0,265,,,,68.7,,,65.9,91.5,,68.6,1,0,0,0,1,56,13,10,1
Quentin Moten,71681,CB,UNLV,7,0,0,325,59.9,,,,,,61.3,,,68.7,0,0,0,15,0,0,0,4,0
Jayden Dixon-Veal,71698,WR,PURDUE,11,0,0,273,,,,,,,69.7,,,72.0,0,0,0,0,0,0,0,46,0
Bryce Pierre,71706,TE,ARIZONA ST,8,0,0,110,,,,,,,59.0,,,74.4,0,0,0,0,13,18,1,9,1
Jaxen Turner,71728,S,UNLV,14,0,0,325,59.9,,,,,,69.0,,,70.7,0,0,0,66,42,0,0,8,5
Jayden Evans,71792,DI,C MICHIGAN,9,0,0,134,84.3,,,,,,90.5,,,68.2,0,0,0,47,0,0,0,1,0
Sheldon Newton,71957,DI,BOISE ST,13,0,0,120,58.0,,,,,,59.3,,,70.0,0,0,0,35,0,0,0,11,0
Jake Hall,72023,LB,UTEP,9,0,0,330,60.3,,,,,,66.6,,,77.6,0,0,0,45,33,33,5,20,1
Josh Carlin,72075,G,UCLA,13,0,0,324,,,78.5,,,,65.8,,,64.3,0,0,60,0,0,0,0,0,0
DJ Harvey,72089,CB,S JOSE ST,12,1,0,285,59.7,,,59.4,,,63.6,67.1,,70.9,0,0,0,17,12,5,0,20,0
Na'im Rodman,72145,DI,WASH STATE,10,0,0,341,58.0,,,,,,57.7,,,66.6,0,0,0,25,0,0,0,1,0
George Holani,72154,HB,BOISE ST,6,0,0,120,,,,,,,61.5,61.1,,66.8,0,0,0,0,2,0,0,20,0
Jake Bailey,72158,WR,SMU,6,0,0,287,,,,,,,60.2,63.9,,65.5,0,0,0,0,0,3,0,8,0
Spencer Lytle,72168,ED,STANFORD,5,0,0,300,60.0,,,,,,62.8,,,71.6,0,0,0,1,23,31,0,1,0
Ralen Goforth,72169,LB,WASHINGTON,15,0,0,340,60.0,,,,,,67.0,,,76.5,1,0,0,20,83,1,0,58,0
Cole Aubrey,72170,ED,NOTRE DAME,1,0,0,258,,,,,,,60.0,,,62.4,0,0,0,0,1,0,0,0,0
Colby Bowman,72178,WR,UTAH ST,13,0,0,329,,,,,,,58.5,,,82.1,1,0,0,0,4,78,63,48,1
Will Rose,72180,P,USC,13,0,0,326,,,68.2,,,,62.5,,,61.3,0,0,81,0,0,0,0,0,0
Marist Talavou,72200,G,S JOSE ST,3,0,0,285,,,68.8,,,,63.2,,,63.0,0,0,16,0,0,0,0,0,0
Jude Wolfe,72208,TE,USC,13,0,0,326,,,77.1,,,,64.5,,,65.0,0,0,78,0,0,1,43,0,0
Kamren Fabiculanan,72332,S,WASHINGTON,11,0,0,340,59.9,,,,,,58.5,,,71.8,2,0,0,22,8,1,25,20,1
Raider Damuni,72338,S,BYU,11,0,0,128,59.8,,,,,,71.0,,,72.9,1,0,0,8,40,17,0,2,3
Logan Pili,72354,LB,UTAH ST,12,3,0,329,59.8,,,,,,69.9,,,37.6,0,1,0,8,60,61,0,35,2
Justin Flowe,72388,LB,ARIZONA,13,0,0,109,59.5,,,,,,61.7,,,70.8,1,0,0,10,59,0,0,10,0
Simon Samarzich,72395,LS,WASH STATE,12,0,0,341,,,78.1,,,79.8,65.0,,,28.1,0,2,60,0,0,0,47,0,0
Taj Davis,72400,WR,CAL,3,0,0,130,,,,,,,60.4,,,65.5,0,0,0,0,0,0,0,4,0
Zahran Manley,72425,CB,STANFORD,12,0,0,300,60.0,,,,,,65.4,,,77.2,0,0,0,66,6,0,1,21,0
Noa Pola-Gates,72535,S,NEW MEXICO,12,1,0,241,59.7,,,53.7,,,59.0,,,68.0,1,0,0,27,33,18,0,8,1
Jadon Pearson,72538,S,UTAH,4,0,0,328,,,,,,,67.0,,,72.7,0,0,0,0,19,10,6,20,4
Marshall Jackson,72689,T,W KENTUCKY,13,0,0,346,91.5,,75.5,,,,91.8,,,77.5,0,0,59,5,0,0,1,0,0
Jacob Gideon,72705,C,W MICHIGAN,2,0,0,347,,,,,,,60.0,,,64.5,0,0,0,0,0,0,2,0,0
Lavario Wiley,72769,CB,C MICHIGAN,11,0,0,134,59.7,,,,,,70.4,,,71.3,0,0,0,22,16,0,11,8,1
Keith Conley Jr.,72821,ED,UNLV,11,0,0,325,58.9,,,,,,72.0,,,74.3,0,0,0,21,0,43,0,5,0
Falcon Kaumatule,73148,G,UTAH,13,0,0,328,,,74.6,,,,63.8,,,67.4,0,0,55,0,0,0,50,0,0
Henry Ikahihifo,73151,ED,NEVADA,1,0,0,239,59.6,,,,,,59.8,,,62.4,0,0,0,1,0,0,0,0,0
Lincoln Tuioti-Mariner,73243,CB,AIR FORCE,6,0,0,101,,,,,,,53.2,,,70.5,1,0,0,0,27,6,0,0,0
Charlotin Charles,73264,CB,FRESNO ST,11,0,0,169,,,,,,,48.6,,,75.3,2,0,0,0,63,10,0,9,0
Ikaika Ragsdale,73289,HB,N TEXAS,2,0,0,251,,,,,,,71.8,,,70.8,0,0,0,0,0,11,0,0,0
Marco Notarainni,73389,LB,BOISE ST,9,0,0,120,59.9,,,,,,57.1,,,70.5,1,0,0,28,7,16,8,15,0
Rickie Davis Jr.,73500,S,W KENTUCKY,4,0,0,346,60.0,,,,,,60.7,,,70.8,0,0,0,2,5,0,10,2,1
Cade Briggs,73582,G,ARIZONA ST,7,0,0,110,,,69.6,,,,60.0,,,70.7,0,0,20,0,0,0,6,0,0
Jordan Monroe,73619,LB,N ILLINOIS,6,0,0,254,,,,,,,67.6,,,71.2,0,0,0,0,2,0,0,19,0
Elijah Gilliam,73621,HB,FRESNO ST,3,0,0,169,,,,59.4,,,60.8,,,67.2,0,0,0,0,1,8,0,0,0
Gio De Leon,73658,LB,BUFFALO,7,0,0,126,,,,,,,67.9,,,70.5,0,0,0,0,7,44,0,0,0
Sioeli Helu,73697,DI,NEW MEX ST,3,0,0,242,,,69.1,,,,63.3,,,64.3,0,0,17,0,0,0,0,0,0
Aluma Nkele,73741,T,UTEP,11,1,0,330,,,69.5,,,,72.7,,,71.3,0,0,25,0,0,0,51,0,1
Rome Odunze,73774,WR,WASHINGTON,8,0,0,340,,,,70.1,,,60.7,87.6,,66.1,0,0,0,0,0,5,0,10,0
Jalen Williams,73776,CB,FRESNO ST,13,0,0,169,59.6,,,,,,55.9,,,77.4,0,0,0,2,39,0,3,55,1
Maurice Wilmer,73825,LB,UCONN,2,0,0,146,60.1,,,,,,60.9,,,63.2,0,0,0,8,2,0,0,0,0
McKel Broussard,73850,S,UTEP,4,0,0,330,59.7,,,,,,59.5,,,66.5,0,0,0,17,0,5,12,4,0
Zakhari Spears,73852,S,UCONN,3,1,0,146,,,,,,,73.6,,,69.5,0,0,0,0,7,8,0,2,0
Evan Williams,73864,S,OREGON,13,0,0,264,59.9,,,,,,62.8,60.3,,77.2,0,0,0,33,62,5,30,1,0
Michael Churich,73978,TE,UCLA,2,0,0,324,,,60.0,,,,61.5,,,60.9,0,0,7,0,0,0,0,0,0
Max Williams,73985,S,USC,10,0,0,326,60.0,,,,,,52.2,,,28.8,0,1,0,22,3,8,6,20,0
Taariq Al-Uqdah,74119,LB,WASH STATE,11,0,0,341,59.7,,,,,,58.3,,,71.2,0,0,0,30,22,0,0,3,0
Ryan Quintanar,74152,LB,TCU,3,0,0,305,,,,,,,67.5,,,70.8,0,0,0,0,0,0,0,7,0
Mose Vavao,74174,G,FRESNO ST,3,0,0,169,,,65.1,,,,72.8,,,69.4,0,0,13,0,0,19,0,0,0
Sam Vaughan,74188,G,MIAMI OH,2,0,0,221,,,60.0,,,,61.8,,,66.6,0,0,7,0,0,0,0,0,0
Mason Murphy,74236,G,USC,13,0,0,326,,,78.5,,,,66.9,,,77.6,0,0,77,0,0,0,0,0,0
Justin Sinclair,74258,S,HAWAII,13,0,0,180,60.0,,,,,,76.9,,,86.1,0,1,0,22,54,72,48,30,7
Melquan Stovall,74267,WR,ARIZONA ST,12,0,0,110,,,,57.3,,,55.8,85.2,,70.7,1,0,0,0,0,27,20,45,0
Zion Branch,74395,S,USC,9,0,0,326,60.0,,,,,,59.4,,,72.0,0,0,0,13,61,2,0,19,1
Anthony Landphere,74427,TE,MEMPHIS,13,0,0,218,,,77.6,59.9,,,65.2,,,64.1,0,0,81,0,0,4,0,0,0
Treven Ma'ae,74498,DI,BAYLOR,11,0,0,118,57.9,,,,,,57.2,,,65.3,0,0,0,22,0,0,0,0,0
AJ Vaipulu,74652,G,NEW MEX ST,15,0,0,242,,,77.2,,,,65.3,,,64.8,0,0,74,0,0,0,0,0,0
Jowon Briggs,74867,DI,CINCINNATI,12,0,0,138,58.3,,,,,,58.2,,,66.9,0,0,0,43,0,0,0,0,0
Nathan Griffin,74957,LB,W KENTUCKY,10,0,0,346,,,,,,,70.4,,,75.4,0,0,0,0,0,11,16,30,1
Jaylen Johnson,75046,S,MEMPHIS,2,0,0,218,60.0,,,,,,74.4,,,64.4,0,0,0,1,1,1,0,1,0
Silas Walters,75263,S,MIAMI OH,14,1,0,221,59.9,,,,,,87.0,,,71.3,4,1,0,32,75,54,58,66,12
Tegra Tshabola,75288,G,OHIO STATE,13,0,0,260,,,78.8,,,,66.5,,,73.0,0,0,70,0,0,0,0,0,0
Rome Weber,75728,CB,W KENTUCKY,10,0,0,346,59.7,,,,,,49.0,,,31.2,1,1,0,28,0,4,18,5,0
Solomon Byrd,75742,ED,USC,13,0,0,326,59.0,,,,,,61.2,,,72.6,0,0,0,38,0,0,0,9,0
Uchenna Ezewike,75750,ED,UMASS,8,0,0,216,58.8,,,,,,58.8,,,64.6,0,0,0,12,0,0,0,0,0
Jonah Kahahawai-Welch,75759,ED,HAWAII,12,0,0,180,58.7,,,,,,63.1,,,69.5,0,0,0,62,0,8,0,8,0
Jonah Laulu,75763,DI,OKLAHOMA,13,0,0,261,59.5,,79.1,,,,53.5,,,70.4,0,0,91,5,0,21,43,4,0
Fo'i Sila,75767,DI,HAWAII,5,0,0,180,59.8,,,,,,50.9,,,69.1,0,0,0,1,0,14,12,2,0
Damion Daley,75770,G,APP STATE,7,0,0,108,,,68.8,,,,63.4,,,64.8,0,0,29,0,0,0,0,0,0
Devin Phillips,75771,DI,KANSAS,8,0,0,198,58.6,,,,,,59.4,,,70.8,0,0,0,14,0,0,0,2,0
Cole Godbout,75784,DI,WYOMING,11,0,0,351,58.0,,,,,,57.9,,,67.6,0,0,0,33,0,0,0,2,0
Chuck Hicks,75816,LB,MISSOURI,13,0,0,229,60.0,,,,,,64.7,,,90.0,0,0,0,36,35,11,18,9,0
Devin Richardson,75820,LB,WASH STATE,12,0,0,341,60.2,,,,,,66.1,,,74.6,0,0,0,35,39,0,47,9,2
Ari Broussard,75824,HB,RICE,13,1,0,275,,,,59.0,,,61.4,,,34.0,1,1,0,0,70,72,54,0,2
Solo Vaipulu,75849,TE,HAWAII,12,0,0,180,,,73.4,,,,63.2,,,67.1,0,0,48,0,0,0,44,0,0
Frank Crum,75860,T,WYOMING,3,0,0,351,,,60.7,,,,61.8,,,63.4,0,0,9,0,0,0,0,0,0
Isaiah Mursalat,75864,G,NEW MEX ST,13,0,0,242,,,78.2,,,,65.9,,,68.1,0,0,60,0,0,0,0,0,0
Clay Servin,75871,T,RICE,5,0,0,275,,,67.9,,,,63.8,,,70.6,0,0,23,0,0,0,0,0,0
Cole Garcia,75872,G,UMASS,5,0,0,216,,,67.6,,,,63.1,,,65.1,0,0,24,0,0,0,0,0,0
Derek Ferraro,75873,C,TEXAS A&M,1,0,0,312,,,60.0,,,,61.0,,,62.8,0,0,5,0,0,0,0,0,0
Josiah Johnson,75883,TE,OKLA STATE,7,0,0,262,,,22.1,,,,36.4,,,63.5,0,0,25,0,0,3,0,0,0
Juma Otoviano,75903,HB,RICE,12,0,0,275,,,,59.4,,,66.8,,,73.7,0,0,0,0,0,28,41,10,1
Joe Norwood,75905,CB,MEMPHIS,13,1,1,218,59.2,,,,,,58.4,,,29.4,1,2,0,52,16,0,31,36,2
Tywan Francis,75909,S,TEMPLE,11,1,1,306,59.8,,,,,,71.6,,,74.8,0,1,0,58,16,0,32,12,1
Thomas Pannunzio,75953,WR,C MICHIGAN,12,0,0,134,,,60.0,59.9,,,46.8,,,29.5,1,2,1,0,54,2,32,24,1
Caleb Tubbs,76053,CB,MIAMI OH,2,0,0,221,,,,,,,53.3,,,69.4,1,0,0,0,6,0,6,0,0
Bam Booker,76122,ED,BOWL GREEN,3,0,0,122,59.4,,,,,,60.0,,,63.8,0,0,0,3,0,0,0,1,0
Kyle Fullam,76227,TE,OHIO,1,0,0,259,,,,,,,60.2,,,67.0,0,0,0,0,0,7,0,0,0
Johnny Wilson,76366,WR,FLORIDA ST,2,0,0,167,,,,,,,60.0,,,62.3,0,0,0,0,0,2,0,0,0
Damaje Yancey,76532,CB,TROY,6,0,0,318,59.8,,,,,,61.1,,,70.4,0,0,0,5,0,0,5,9,0
John Lanz,76563,C,TCU,1,0,0,305,,,60.0,,,,60.0,,,63.7,0,0,1,0,0,0,0,0,0
Montre Miller,76568,CB,W VIRGINIA,1,0,0,343,60.0,,,,,,60.0,,,63.5,0,0,0,1,0,0,0,0,0
Jeremiah Lewis,76571,S,DUKE,11,0,0,154,59.7,,,,,,58.2,,,67.7,1,0,0,27,34,0,2,7,1
Elijah Clark,76579,CB,TEMPLE,8,0,0,306,60.0,,,,,,67.1,,,74.8,0,0,0,17,13,41,0,15,0
Taj Ward,76583,S,CINCINNATI,12,0,0,138,59.6,,,,,,61.8,,,70.6,0,0,0,58,2,1,37,11,1
Capone Blue,76604,CB,KENT STATE,11,0,0,201,59.6,,,,,,72.2,,,79.0,0,0,0,49,30,1,4,37,3
Tyler Potts,76616,CB,BALL ST,10,0,0,117,60.1,,,,,,62.3,,,73.1,0,0,0,47,0,0,4,5,0
Justin Birchette,76620,CB,OHIO,12,0,1,259,60.1,,,,,,33.3,,,26.9,0,2,0,31,0,0,0,19,0
Marquis Williams,76627,CB,PITTSBURGH,12,0,0,268,60.0,,,,,,63.1,,,72.5,0,0,0,20,1,0,0,18,0
Judson Tallandier II,76630,CB,AKRON,12,0,0,102,59.7,,,,,,60.0,,,71.3,0,0,0,34,14,0,0,7,0
Elijah Jones,76632,CB,BOSTON COL,9,0,0,121,59.2,,,,,,63.3,,,74.1,1,0,0,34,0,0,16,14,1
Jason Maitre,76634,CB,WISCONSIN,8,0,0,349,59.8,,,,,,68.0,,,70.7,0,0,0,7,0,1,0,26,0
DeAndre Hollins,76647,CB,CHARLOTTE,11,1,0,136,59.8,,,,,,66.9,,,70.4,0,0,0,36,19,0,0,22,0
Damel Hickman,76651,CB,GA SOUTHRN,11,0,0,174,59.5,,,,,,62.1,,,73.1,0,0,0,43,0,0,1,13,0
Jaylon King,76652,S,GA TECH,13,0,0,176,86.6,,,,,,90.4,,,65.2,0,0,0,50,0,0,0,7,0
Zamari Walton,76654,CB,OLE MISS,13,0,1,226,59.8,,,,,,51.3,,,29.0,0,1,0,44,0,0,0,10,0
Coen King,76659,CB,VIRGINIA,10,1,0,335,60.1,,,,,,60.3,,,49.2,0,1,0,49,4,2,35,16,0
Armani Chatman,76663,CB,N CAROLINA,12,0,0,245,59.5,,,,,,62.1,,,72.5,0,0,0,38,8,0,0,6,0
Nasir Peoples,76665,S,VA TECH,8,1,0,337,60.5,,,,,,67.0,,,69.4,0,0,0,21,7,0,3,4,0
Gilbert Frierson,76668,LB,LOUISVILLE,9,0,0,210,,,,,,,75.6,,,74.6,0,0,0,0,12,39,0,19,1
Al Blades Jr.,76669,CB,DUKE,13,0,0,154,59.7,,,,,,57.1,,,29.7,0,1,0,46,6,0,36,11,1
Jalon Ferrell,76698,S,UMASS,11,0,0,216,59.8,,,,,,43.3,,,73.8,2,0,0,13,53,3,4,20,3
Keyshawn Paul,76700,CB,LA TECH,9,0,0,208,59.8,,,,,,61.7,,,69.3,0,0,0,11,3,0,1,4,0
Torey Richardson,76711,CB,UTEP,12,0,0,330,60.2,,,,,,65.0,60.9,,77.4,0,0,0,46,1,0,0,35,0
Nolan Johnson,76714,CB,DOMINION,11,0,0,263,59.6,,,,,,57.6,,,29.8,0,1,0,41,5,5,0,29,1
Wayne Jones,76744,S,CHARLOTTE,9,2,0,136,59.8,,,,,,62.1,,,29.4,1,1,0,27,2,0,23,5,0
Lance Robinson,76747,CB,TULANE,10,0,0,319,59.5,,,,,,61.3,,,71.9,0,0,0,39,0,0,0,5,0
Cecil Singleton Jr.,76760,S,LA TECH,12,1,0,208,60.2,,,,,,63.5,,,70.6,1,0,0,52,1,0,53,0,1
Nate Bauer,76764,S,TOLEDO,12,0,0,316,60.2,,,,,,62.9,,,65.5,0,0,0,43,0,0,0,14,0
Keni-H Lovely,76768,CB,W MICHIGAN,11,0,0,347,59.2,,,,,,74.0,,,75.8,0,0,0,51,3,1,9,16,2
Timarcus Simpson,76778,S,USF,11,0,0,327,59.7,,,,,,67.3,,,84.2,0,0,0,9,57,58,4,31,0
EJ Williams,76779,LB,E MICHIGAN,12,0,0,160,60.0,,,66.7,,,70.7,,,77.5,0,0,0,1,12,45,41,2,0
Dennis Briggs Jr.,76792,DI,FLORIDA ST,5,0,0,167,58.9,,,,,,60.0,,,66.2,0,0,0,8,0,0,0,3,0
Jamarcus Chatman,76793,DI,TROY,2,0,0,318,59.6,,,,,,59.8,,,62.7,0,0,0,2,0,0,0,0,0
Malcolm Lamar Sr.,76794,T,FAU,10,0,0,165,,,71.6,,,,63.9,,,65.3,0,0,41,0,0,0,0,0,0
Jarrett Jackson,76795,DI,MICH STATE,1,0,0,223,59.3,,,,,,59.4,,,62.6,0,0,0,2,0,0,0,0,0
Thurman Geathers,76797,ED,ARK STATE,13,0,0,113,57.9,,,,,,53.4,,,28.6,0,1,0,37,8,0,0,9,1
Chris Collins,76798,ED,MINNESOTA,7,0,0,225,59.2,,,,,,60.1,,,66.9,0,0,0,14,0,1,0,2,0
Lancine Turay,76799,DI,TEMPLE,4,0,0,306,59.5,,60.0,,,,61.5,,,65.5,0,0,4,2,0,0,0,2,0
Derrick Eason,76805,G,NC STATE,13,0,0,248,,,78.8,,,,66.0,,,66.0,0,0,63,0,0,0,0,0,0
Xavier Thomas,76807,ED,CLEMSON,9,0,0,140,58.9,,,,,,63.0,,,70.3,0,0,0,16,1,0,0,19,0
Justin Mascoll,76809,ED,CLEMSON,8,0,0,140,58.5,,72.0,,,,63.5,,,68.3,0,0,39,10,0,0,0,10,0
Carlos Hatcher,76824,ED,COAST CAR,12,0,0,141,59.1,,,,,,60.3,,,71.3,0,0,0,15,0,51,0,7,0
Josh Landry,76834,DI,MISSOURI,11,0,0,229,58.6,,,,,,59.5,,,67.2,0,0,0,24,0,0,0,5,0
Braden Cassity,76837,TE,OKLA STATE,14,0,0,262,,,74.6,,,,84.7,,,74.1,0,0,54,0,0,78,0,34,0
Terrance Taylor,76852,ED,TOLEDO,8,0,0,316,59.8,,,,,,62.6,,,67.5,0,0,0,12,0,0,0,8,0
Jack Sape,76858,DI,BALL ST,12,0,0,117,58.3,,60.0,,,,58.7,,,68.0,0,0,2,29,0,0,0,4,0
John Morgan III,76865,ED,ARKANSAS,10,0,0,111,,,,59.9,,,63.0,,,71.0,0,0,0,0,10,14,9,14,0
Devin Danielson,76867,DI,PITTSBURGH,9,0,0,268,58.1,,,,,,55.5,,,67.3,1,0,0,17,0,0,44,3,0
Rondell Bothroyd,76873,ED,OKLAHOMA,12,0,0,261,59.6,,,,,,61.8,,,70.5,0,0,0,39,0,3,0,9,0
Caleb Okechukwu,76877,ED,SYRACUSE,12,0,0,304,58.7,,,,,,60.9,,,73.9,0,0,0,43,0,0,0,14,0
Alex Nobles,76878,ED,FIU,12,0,0,166,59.8,,,,,,61.8,,,70.2,0,0,0,48,0,0,0,8,0
Ja'Quon Griffin,76882,ED,COAST CAR,7,0,0,141,58.8,,,,,,59.1,,,67.7,0,0,0,9,0,0,0,0,0
Aaron Faumui,76885,DI,VIRGINIA,10,0,0,335,58.8,,,,,,60.6,,,69.6,0,1,0,25,0,0,0,11,0
Jordan Miller,76890,DI,SMU,13,0,0,287,58.0,,,,,,59.4,,,73.9,0,0,0,26,0,0,21,4,0
Tyrese Black,76906,DI,W KENTUCKY,6,0,0,346,,,69.3,,,,63.3,,,62.8,0,0,27,0,0,0,0,0,0
Jaylon Hutchings,76940,DI,TEXAS TECH,10,0,0,315,58.0,,,,,,58.1,,,68.1,0,0,0,31,0,0,0,6,0
Andre Carter,76957,ED,INDIANA,8,0,1,190,57.9,,,,,,46.1,,,27.6,0,1,0,12,0,0,0,11,0
Braden Fiske,76958,DI,FLORIDA ST,10,0,0,167,59.7,,,,,,74.0,,,69.5,0,0,0,1,0,5,0,13,0
Mikey Haney,76969,ED,E MICHIGAN,2,0,0,160,59.7,,,,,,59.9,,,63.5,0,0,0,2,0,0,0,0,0
Tico Brown,76975,DI,TCU,6,0,0,305,59.0,,,,,,59.0,,,64.7,0,0,0,12,0,0,0,0,0
Kylen McCracken,76980,DI,MARSHALL,10,0,0,214,58.1,,,,,,60.4,,,71.7,0,0,0,18,0,0,0,15,0
David Green,76988,DI,PITTSBURGH,12,0,0,268,57.8,,,,,,59.4,,,69.7,0,0,0,30,0,0,13,10,0
Khris Banks,77000,DI,BOSTON COL,4,0,0,121,58.9,,60.0,,,,59.2,,,63.9,0,0,1,4,0,0,0,0,0
Jordan Kelley,77009,DI,OKLAHOMA,7,0,0,261,59.7,,,,,,62.6,,,68.6,0,0,0,7,0,0,0,9,0
Samuela Tuihalamaka,77013,DI,S DIEGO ST,11,0,0,284,58.8,,72.0,,,,63.3,,,70.7,0,0,28,6,0,0,0,1,0
Jahlil Taylor,77023,DI,DOMINION,13,0,0,263,57.5,,,,,,58.5,,,72.1,0,0,0,31,0,0,0,8,0
Realus George Jr.,77029,DI,MISSOURI,13,0,0,229,58.5,,60.0,,,,73.0,,,71.2,0,0,2,28,0,46,47,4,1
Billy Kemp IV,77037,WR,NEBRASKA,11,0,0,238,,,,,,,61.5,70.5,,67.4,0,0,0,0,1,0,0,44,0
Camden Price,77051,K,TEMPLE,12,0,0,306,,55.0,,,,,61.1,,,66.3,0,0,38,0,0,0,0,0,0
Casey Glover,77064,P,TULANE,14,0,0,319,,,67.5,,82.1,,63.9,,63.9,75.5,0,0,68,0,76,0,6,0,1
Brayden Narveson,77073,K,NC STATE,13,0,0,248,,86.1,,,,,61.5,,,67.3,0,0,62,0,0,0,0,0,0
Alex Hale,77080,K,OKLA STATE,13,0,0,262,,86.3,,,,,61.6,,,67.8,0,0,72,0,0,0,0,0,0
Alex McNulty,77084,K,BUFFALO,12,0,0,126,,71.3,,,80.4,,63.2,,,74.5,0,0,47,0,51,0,0,0,1
Amari Gainer,77091,ED,N CAROLINA,5,0,0,245,59.9,,,,,,64.9,,,71.6,0,0,0,2,6,0,0,11,0
Tylus Hancock,77099,S,MIDDLE TN,3,0,0,224,,,,,,,62.4,,,70.4,0,0,0,0,0,10,0,4,0
Joe Sparacio,77102,LB,E MICHIGAN,12,0,0,160,60.0,,,,,,64.2,,,38.3,0,1,0,1,0,3,48,13,2
Hugh Davis,77103,LB,LA TECH,10,0,0,208,59.8,,,,,,58.8,,,73.1,1,0,0,8,31,7,21,8,0
Jordan Domineck,77116,ED,COLORADO,12,1,0,143,58.6,,,,,,67.5,,,78.0,0,0,0,53,8,20,9,27,0
Justice Dingle,77118,TE,KENTUCKY,13,0,0,202,,,,,,,68.2,,,71.9,0,0,0,0,0,69,0,1,0
Rocky Shelton II,77121,LB,MIAMI FL,6,0,0,220,,,,,,,54.7,,,28.7,0,1,0,0,14,5,4,5,0
Alan Tisdale,77125,LB,VA TECH,12,0,0,337,59.7,,,,,,73.8,,,70.2,0,0,0,34,11,40,0,5,1
Payton Wilson,77127,LB,NC STATE,12,1,0,248,59.9,,,,,,66.6,,,68.3,0,0,0,41,1,0,23,14,0
Calvin Hart Jr.,77128,LB,OREGON ST,9,0,0,265,59.6,,,,,,60.6,,,69.6,0,0,0,26,0,0,0,1,0
Patrick Joyner Jr.,77133,ED,KANSAS,6,0,0,198,59.8,,,,,,60.1,,,64.2,0,0,0,12,0,0,0,0,0
Layton Jordan,77145,ED,TEMPLE,10,0,0,306,59.4,,,,,,62.7,,,70.1,0,0,0,27,2,1,1,14,0
Nick Apsey,77150,LB,C MICHIGAN,10,1,0,134,58.3,,,,,,63.1,,,57.7,0,1,0,29,37,50,50,17,4
Eriq Gilyard,77152,LB,UCONN,3,1,0,146,60.0,,,,,,41.7,,,69.1,1,0,0,2,4,0,15,0,0
Jaylon Allen,77156,ED,MEMPHIS,13,0,0,218,59.7,,,,,,63.0,,,75.3,0,0,0,55,0,0,0,16,0
Justin Wright,77160,LB,OKLA STATE,2,0,0,262,59.4,,,,,,61.3,,,67.0,0,0,0,2,0,0,0,3,0
Anthony Goodlow,77164,ED,OKLA STATE,13,0,0,262,58.3,,60.0,,,,59.4,,,71.6,0,0,2,39,0,0,0,4,0
Antonio Grier,77185,LB,ARKANSAS,10,1,0,111,,,,,,,71.1,,,70.5,0,0,0,0,46,0,1,5,0
Jireh Wilson,77192,S,UCF,11,1,0,323,59.9,,,,,,45.8,,,72.7,3,0,0,13,42,0,14,3,2
Carson Kropp,77200,LB,N TEXAS,12,0,0,251,60.0,,,,,,80.6,,,74.9,0,0,0,27,59,45,0,13,0
Byron Vaughns,77206,ED,BAYLOR,11,0,0,118,59.0,,,,,,76.6,,,73.3,1,0,0,23,45,0,0,16,2
Gerry Vaughn,77220,LB,IOWA STATE,11,0,0,193,59.6,,,,,,31.3,,,25.8,0,2,0,39,0,1,0,0,0
Daniel Green,77232,LB,KANSAS ST,2,0,0,199,59.3,,,,,,59.4,,,63.2,0,0,0,5,0,0,0,0,0
Xavier Benson,77236,LB,OKLA STATE,14,0,0,262,60.2,,,,,,62.4,,,72.7,0,0,0,60,0,0,0,4,0
Matt Harmon,77244,ED,KENT STATE,2,0,0,201,59.3,,,,,,59.6,,,64.9,0,0,0,8,0,0,0,0,0
Jake Zimmer,77249,LB,BUFFALO,7,1,0,126,,,,,,,77.2,,,70.8,0,0,0,0,26,1,0,4,1
Daniel Bolden,77252,LB,TOLEDO,14,0,0,316,60.0,,,59.9,,,78.9,,,77.5,1,0,0,40,1,61,51,17,1
Ryan Selig,77254,LB,MINNESOTA,11,0,0,225,,,,59.9,,,68.2,,,81.1,0,0,0,0,0,23,0,40,0
Cortez Hogans,77257,ED,BOISE ST,7,0,0,120,59.9,,,,,,63.6,,,68.7,0,0,0,9,5,3,3,3,0
Bryce Houston,77265,LB,OHIO,12,0,1,259,60.1,,,,,,51.7,,,28.5,0,1,0,43,0,3,0,8,0
Keye Thompson,77266,LB,OHIO,11,0,0,259,59.4,,,,,,61.7,,,69.6,0,0,0,39,0,3,0,8,0
Max Michel,77272,ED,BUFFALO,11,2,0,126,58.8,,,,,,60.9,,,72.3,1,0,0,35,22,1,46,1,1
Vinny DePalma,77273,LB,BOSTON COL,13,1,0,121,60.0,,,,,,65.6,,,67.9,0,0,0,62,0,0,52,0,0
J.P. Hadley,77294,LS,N TEXAS,12,0,0,251,,,84.2,,,50.8,66.5,,,66.3,0,0,65,0,0,0,39,0,1
Randen Plattner,77301,LS,KANSAS ST,13,0,0,199,,,85.8,,,81.2,74.0,,,66.9,0,0,72,0,0,0,53,0,1
Steve Bird,77305,LS,E MICHIGAN,13,0,0,160,,,84.7,,,91.9,81.1,,,67.7,0,0,45,0,0,0,69,0,1
Justin Holloway,77307,LS,OHIO,13,0,0,259,,,27.9,,,33.6,48.2,,,66.8,1,0,64,0,0,0,48,0,0
Blake Zubovic,77331,G,PITTSBURGH,9,0,0,268,,,72.8,,,,64.7,,,71.7,0,0,31,0,0,0,0,0,0
Micah Bland,77334,DI,ARK STATE,8,0,0,113,58.4,,,,,,59.0,,,68.7,0,0,0,20,0,0,0,2,0
Michael Jurgens,77345,G,WAKE,4,0,0,339,,,60.9,,,,61.8,,,66.7,0,0,8,0,0,0,16,0,0
Ed Montilus,77353,G,N CAROLINA,3,0,0,245,,,60.0,,,,59.7,,,66.1,0,0,3,0,0,0,1,0,0
William Barnes,77356,G,N CAROLINA,13,0,0,245,,,77.9,,,,65.8,,,77.1,0,0,74,0,0,0,2,0,0
Maurice McIntyre,77365,G,DUKE,1,0,0,154,,,,,,,60.0,,,63.3,0,0,0,0,0,0,1,0,0
Tyden Ferris,77381,G,GA STATE,12,0,0,175,,,76.4,,,,65.8,,,73.4,0,0,51,0,0,0,0,0,0
David Nwaogwugwu,77392,T,TOLEDO,10,0,0,316,,,73.6,,,,65.0,,,73.2,0,0,46,0,0,0,0,0,0
Edward Collins,77408,G,UCF,11,0,0,323,,,32.5,,,,52.2,,,65.2,0,0,61,0,0,0,0,0,0
Max Banes,77433,G,HOUSTON,5,0,0,182,,,66.4,,,,63.0,,,66.5,0,0,15,0,0,0,0,0,0
Kurt Danneker,77443,G,OHIO,2,0,0,259,,,66.1,,,,63.0,,,68.9,0,0,12,0,0,0,0,0,0
Darrell Simpson,77444,T,TULSA,11,0,0,320,,,76.0,,,,65.6,,,73.1,0,0,48,0,0,0,0,0,0
Brey Walker,77446,G,TEXAS ST,10,0,0,314,,,77.8,,,,65.6,,,64.4,0,0,55,0,0,0,0,0,0
Prince Pines,77449,G,TULANE,8,0,0,319,,,74.0,,,,65.0,,,72.1,0,0,37,0,0,0,0,0,0
Daniel Johnson,77452,T,PURDUE,2,0,0,273,,,60.0,,,,62.0,,,69.3,0,0,7,0,0,0,0,0,0
Bryce Bray,77459,G,TULSA,11,0,0,320,,,76.3,,,,65.1,,,64.0,0,0,45,0,0,0,0,0,0
Christian Jones,77463,T,TEXAS,13,0,0,311,,,78.3,,,,66.8,,,78.3,0,0,85,0,0,0,0,0,0
Joey Ramos,77474,T,ARIZONA ST,10,0,0,110,,,68.9,,,,57.9,,,66.9,0,0,28,0,0,0,8,0,0
Christian Duffie,77484,T,KANSAS ST,2,0,0,199,,,61.9,,,,62.1,,,69.2,0,0,8,0,0,0,0,0,0
KT Leveston,77487,T,KANSAS ST,13,0,0,199,58.6,,76.5,,,,63.1,,,68.4,0,0,73,19,0,0,0,0,0
Hayden Gillum,77508,C,KANSAS ST,2,0,0,199,,,60.0,,,,60.1,,,63.3,0,0,2,0,0,0,0,0,0
Nick Rosi,77511,T,TOLEDO,14,0,0,316,,,79.2,,,,65.7,,,65.4,0,0,65,0,0,0,16,0,0
Lavel Dumont,77512,G,RICE,10,0,0,275,,,77.0,,,,59.5,,,28.3,0,1,49,0,0,0,0,0,0
Marques Cox,77518,T,KENTUCKY,11,0,0,202,,,72.1,,,,55.8,,,28.4,0,1,43,0,0,0,0,0,0
Nolan Potter,77521,T,N ILLINOIS,11,0,0,254,,,72.7,,,,63.5,,,64.4,0,0,44,0,0,0,1,0,0
Alex Howie,77527,G,E MICHIGAN,1,0,0,160,,,60.5,,,,61.6,,,63.2,0,0,5,0,0,0,0,0,0
Marcellus Johnson,77529,G,MISSOURI,11,0,0,229,,,17.9,,,,30.0,,,66.4,0,0,60,0,0,0,0,0,0
Brian Dooley,77531,T,E MICHIGAN,6,0,0,160,,,,,,,61.1,,,64.1,0,0,0,0,0,0,32,0,0
Gabe Wallace,77535,T,BUFFALO,12,0,0,126,,,75.8,,,,65.6,,,73.3,0,0,47,0,0,0,0,0,0
Grant Misch,77560,TE,VIRGINIA,12,1,0,335,,,74.5,59.9,,,70.2,,,72.4,0,0,53,0,0,76,43,0,1
X'Zauvea Gadlin,77580,G,LIBERTY,14,0,0,206,,,70.0,,,,64.2,,,75.3,0,0,87,0,0,0,0,0,0
Andrew Osteen,77590,P,MISS STATE,11,0,0,227,,,66.4,,,,62.3,,49.8,64.9,0,0,51,0,0,0,9,0,0
Ryan Bujcevski,77594,P,SMU,14,0,0,287,,,27.3,,,,49.9,,72.9,70.6,0,1,94,0,0,0,44,0,1
Jack Blumer,77597,P,KANSAS ST,13,0,0,199,,,67.8,,,,63.5,,67.3,71.8,0,0,73,0,0,0,53,0,1
Johnny Langan,77617,TE,RUTGERS,10,0,0,278,,,72.5,,,,65.3,,,66.8,0,0,42,0,9,0,0,7,0
Quincy Patterson II,77626,QB,TEMPLE,7,0,0,306,,,,,,,60.9,,,66.4,0,0,0,0,0,0,28,0,0
Spencer Sanders,77660,QB,OLE MISS,1,0,0,226,,,,,,,60.0,,,63.7,0,0,0,0,0,1,0,0,0
Jace Ruder,77680,QB,N TEXAS,2,0,0,251,,,,,,,62.4,,,68.9,0,0,0,0,5,6,0,11,0
Carter Bradley,77685,QB,S ALABAMA,1,0,0,288,,,,,,,60.0,,,63.3,0,0,0,0,0,0,0,0,0
John Paddock,77689,QB,ILLINOIS,1,0,0,187,,,,,,,60.0,,,63.3,0,0,0,0,0,0,0,0,0
Dylan McDuffie,77703,HB,KANSAS,13,0,0,198,,,,61.8,,,55.6,,,28.9,1,1,0,0,61,4,0,9,2
British Brooks,77714,HB,N CAROLINA,7,0,0,245,,,,,,,59.0,,,70.7,1,0,0,0,3,13,18,4,0
Dontae Smith,77717,HB,GA TECH,3,0,0,176,,,,,,,57.5,,,67.2,0,0,0,0,0,12,0,0,0
Perris Jones,77721,HB,VIRGINIA,10,0,1,335,,,,59.2,,,59.8,,,29.7,2,2,0,0,36,61,30,24,6
Cole Beck,77724,WR,VA TECH,4,1,0,337,,,,,,,69.7,,,72.9,1,0,0,0,11,0,19,7,1
Trent Pennix,77726,TE,NC STATE,10,0,0,248,,,60.0,59.6,,,73.6,,,78.9,2,0,4,0,7,34,35,14,2
Kelan Walker,77749,HB,HOUSTON,11,0,0,182,,,,,,,59.0,,,65.4,0,0,0,0,0,5,46,0,0
Brian Norris,77750,ED,USF,9,0,0,327,59.4,,,,,,72.6,,,31.9,0,1,0,4,26,14,1,14,5
Jahmyl Jeter,77759,HB,TEXAS ST,11,0,0,314,,,,59.4,,,81.5,,,76.8,0,0,0,0,0,67,0,22,0
Lorenzo Lingard,77779,HB,AKRON,11,0,0,102,,,,54.8,,,60.5,,,71.3,0,0,0,0,0,55,0,1,0
David Bailey,77792,HB,TEXAS A&M,12,0,0,312,,,,62.8,,,60.2,,,72.4,0,0,0,0,0,57,3,3,0
Kobe Lewis,77800,HB,FAU,5,0,0,165,,,,50.4,,,61.1,,,64.6,0,0,0,0,3,12,0,0,0
Nate Thompson,77813,S,AKRON,11,0,0,102,60.5,,,,,,61.2,,,63.4,0,0,0,46,3,0,0,0,0
Malik Dunlap,77814,CB,TEXAS TECH,13,0,0,315,61.0,,,,,,63.8,,,73.7,0,0,0,49,0,0,0,12,0
Kendarin Ray,77823,S,TULSA,12,0,0,320,59.9,,,,,,57.4,,,71.1,0,0,0,64,0,1,51,7,0
Kanion Williams,77840,S,TULSA,10,0,0,320,60.0,,,,,,59.0,,,46.9,0,1,0,35,25,29,35,6,2
Davon Ferguson,77852,CB,BOWL GREEN,1,0,0,122,60.0,,,,,,60.0,,,63.5,0,0,0,1,0,0,0,1,0
David Martin-Robinson,77892,TE,TEMPLE,12,0,0,306,,,71.9,,,,65.6,,,64.6,0,0,38,0,0,0,44,0,1
Alec Holler,77899,TE,UCF,13,0,0,323,,,74.7,,,,69.6,,,70.9,0,0,57,0,3,58,35,0,1
T.J. Banks,77923,TE,AKRON,12,0,0,102,59.5,,72.1,,,,69.6,,,71.8,0,0,39,2,0,56,0,0,0
Mike O'Laughlin,77925,TE,HOUSTON,12,0,0,182,,,73.3,,,,61.5,,,62.1,0,0,47,0,0,0,9,0,0
Anthony Torres,77939,TE,TOLEDO,14,0,0,316,,,75.9,,,,64.7,,,63.5,0,0,64,0,0,2,0,0,0
Malcolm Epps,77951,TE,PITTSBURGH,11,0,0,268,,,72.9,,,,63.9,,,63.1,0,0,43,0,0,2,0,0,0
D'Marcus Adams,77955,WR,SYRACUSE,8,0,0,304,,,,61.7,,,61.1,66.0,,67.1,0,0,0,0,0,7,1,32,0
Tyler Harrell,77969,WR,MIAMI FL,1,0,0,220,,,,52.4,,,60.0,,,61.2,0,0,0,0,0,1,0,0,0
Jehlani Galloway,77971,WR,W MICHIGAN,3,0,0,347,,,,,,,61.4,,,68.3,0,0,0,0,0,15,6,0,1
Anthony Queeley,77976,WR,GA SOUTHRN,2,0,0,174,,,,,,,60.2,,,66.2,0,0,0,0,0,2,0,0,0
Jarett Garner,77998,WR,E CAROLINA,5,0,0,156,,,,,,,61.7,,,72.7,0,0,0,0,0,16,0,1,0
Darryle Simmons,78009,WR,MARSHALL,7,0,1,214,,,,,,,45.7,,,28.1,0,1,0,0,1,8,0,17,0
Devin Carter,78013,WR,W VIRGINIA,9,0,0,343,,,,,,,62.8,,,69.6,0,0,0,0,2,11,0,11,0
Mark Pope,78014,WR,UMASS,2,0,0,216,,,,,,,60.0,,,62.3,0,0,0,0,0,3,0,0,0
Brian Hightower,78015,WR,CAL,5,0,0,130,,,,,,,67.6,,,71.1,0,0,0,0,6,8,0,1,1
Dee Wiggins,78016,WR,CINCINNATI,1,0,0,138,,,,,,,60.0,,,65.5,0,0,0,0,0,1,0,0,0
Jordan Smith,78037,TE,TEMPLE,2,0,0,306,,,,,,,60.0,,,63.8,0,0,0,0,1,0,1,0,0
Jeremy Tate Jr,78051,TE,MIDDLE TN,3,0,0,224,,,60.0,59.9,,,61.0,,,67.0,0,0,6,0,0,11,0,0,0
Peyton Sawyer,78077,WR,HOUSTON,7,0,0,182,,,,58.0,,,55.7,29.3,,29.7,0,1,0,0,11,15,18,6,1
Jaylon Robinson,78085,WR,TCU,1,0,0,305,,,,,,,60.0,,,65.5,0,0,0,0,0,1,0,0,0
Drake Stoops,78087,WR,OKLAHOMA,8,0,0,261,,,,,,,57.1,,,68.2,0,0,0,0,0,27,1,0,0
Joshua Fleeks,78088,HB,NEBRASKA,4,0,0,238,,,,57.1,,,57.2,,,62.5,0,0,0,0,0,8,0,0,0
Tayvonn Kyle,78131,CB,VIRGINIA,12,0,0,335,60.0,,,59.9,,,62.7,,,78.1,0,0,0,58,39,1,8,39,2
Sean Shaw Jr.,78133,WR,TEXAS ST,3,0,0,314,,,,,,,74.4,,,70.1,0,0,0,0,0,24,0,5,0
Tory Spears,78134,S,TEXAS ST,3,0,0,314,60.0,,,,,,59.8,,,64.4,0,0,0,11,0,0,5,1,0
Phillip Brooks,78138,WR,KANSAS ST,12,0,0,199,,,,59.0,,,57.7,76.9,,67.4,0,0,0,1,0,33,0,54,0
Seth Porter,78143,WR,KANSAS ST,13,0,0,199,,,,61.8,,,65.5,90.9,,89.9,2,0,0,0,76,57,49,54,6
Sterling Galban,78150,WR,JVILLE ST,9,0,0,196,,,,,,,59.6,40.9,,68.5,0,0,0,0,0,1,2,55,0
Julian Ortega-Jones,78155,WR,TEXAS ST,12,1,0,314,,,,,,,72.8,,,87.3,2,0,0,0,82,75,38,36,5
Adam Beale,78166,WR,TOLEDO,8,0,0,316,,,,63.2,,,62.2,66.5,,67.4,0,0,0,0,1,9,0,22,0
DaShon Bussell,78169,CB,W MICHIGAN,6,1,1,347,59.7,,,,,,57.8,,,72.8,0,1,0,26,25,7,1,12,2
Tyler Walton,78201,WR,OHIO,12,0,0,259,,,,,,,61.4,54.4,,67.7,0,0,0,0,1,0,0,48,0
Michael Shanahan,78230,T,W MICHIGAN,2,0,0,347,,,,,,,60.0,,,64.5,0,0,0,0,0,0,2,0,0
Khalil Crowder,78240,G,GA SOUTHRN,11,0,0,174,,,78.8,,,,65.9,,,64.4,0,0,62,0,0,0,0,0,0
Landon Bebee,78247,G,COLORADO,1,0,0,143,,,,,,,60.0,,,63.3,0,0,0,0,0,0,0,0,0
Chris Chernak Jr.,78276,T,DOMINION,1,0,0,263,,,60.0,,,,60.7,,,67.1,0,0,3,0,0,0,0,0,0
Amelio Moran,78300,G,MARYLAND,10,0,0,215,,,76.2,,,,65.8,,,74.1,0,0,53,0,0,0,0,0,0
Bucky Williams,78305,G,APP STATE,10,0,0,108,,,77.1,,,,65.3,,,64.1,0,0,50,0,0,0,0,0,0
Ian Fitzgerald,78386,G,BYU,8,0,0,128,,,70.4,,,,63.7,,,65.3,0,0,35,0,0,0,0,0,0
Biron Rossell,78388,G,LA TECH,11,0,0,208,,,74.5,,,,65.4,,,75.7,0,0,51,0,0,0,0,0,0
Nick Kidwell,78403,T,JAMES MAD,3,0,0,197,,,67.8,,,,63.0,,,62.9,0,0,14,0,0,0,0,0,0
Oliver Jervis,78404,G,COLO STATE,2,0,0,144,,,61.4,,,,62.0,,,63.7,0,0,11,0,0,0,0,0,0
Gino Campiotti,78504,TE,UMASS,7,0,0,216,,,,,,,30.0,,,71.4,0,0,0,0,11,8,16,0,0
Solomon Vanhorse,78573,HB,JAMES MAD,1,0,0,197,,,,,,,60.0,81.6,,62.8,0,0,0,0,0,0,0,2,0
Ty Son Lawton,78578,HB,JAMES MAD,1,0,0,197,,,,,,,60.0,,,63.0,0,0,0,0,0,1,0,0,0
Decorian Patterson,78673,CB,UCF,12,0,0,323,59.6,,,,,,64.2,,,72.3,0,0,0,24,3,1,3,10,0
Que Reid,78694,S,JAMES MAD,13,0,0,197,60.2,,,62.1,,,64.6,,,84.1,2,0,0,12,78,45,7,62,1
Chris Chukwuneke,78703,CB,JAMES MAD,11,0,0,197,60.1,,,,,,71.4,,,75.3,1,0,0,17,37,0,17,34,3
Zach Peterson,78807,WR,MICHIGAN,8,0,0,222,,,,,,,61.2,,,71.8,0,0,0,0,11,0,0,25,0
Zack Dobson,78831,WR,MIDDLE TN,10,0,0,224,,,,67.1,,,58.2,60.4,,73.0,0,0,0,0,1,52,9,51,0
Jalen Jackson,78842,WR,LA MONROE,10,0,0,209,,,,,,,58.9,,,79.5,0,0,0,0,0,70,0,4,0
Reggie Brown,78850,WR,JAMES MAD,1,0,0,197,,,,,,,59.9,,,64.8,0,0,0,0,0,3,0,0,0
Marcus Rogers,78898,WR,TROY,14,0,0,318,,,,,,,71.4,,,74.6,0,0,0,0,0,56,1,24,0
Smoke Harris,78918,WR,LA TECH,12,0,0,208,,,,57.8,,,59.3,71.9,,71.9,0,0,0,0,0,60,0,58,0
Shemar Bartholomew,78995,CB,GA SOUTHRN,12,0,0,174,59.9,,,,,,62.4,,,72.7,0,0,0,42,0,0,0,9,0
Teldrick Ross,79003,CB,MIDDLE TN,11,0,0,224,59.7,,,,,,61.8,60.6,,73.6,0,0,0,45,0,15,0,18,0
Francis Meehan,79071,S,JAMES MAD,13,0,1,197,59.9,,,,,,71.3,,,42.6,1,1,0,33,80,3,0,73,3
Mari Wingard,79076,CB,GA SOUTHRN,12,0,0,174,59.9,,,,,,66.5,,,75.2,0,0,0,1,3,0,0,36,0
Quae Drake,79192,LB,JVILLE ST,13,0,0,196,59.7,,,,,,64.0,,,72.5,0,0,0,44,0,0,0,18,0
Jorden Starling,79217,DI,MIDDLE TN,11,0,0,224,70.8,,72.7,,,,67.3,,,39.9,0,1,40,21,0,0,63,9,0
Kenyonte Davis,79322,DI,W KENTUCKY,12,0,0,346,58.1,,,,,,59.2,,,72.5,0,0,0,31,0,0,0,7,0
Kwame Sutton,79348,DI,OHIO,7,0,0,259,59.2,,,,,,61.0,,,72.4,0,0,0,9,0,0,9,2,0
Jordan Branch,79367,DI,MIDDLE TN,12,0,0,224,58.0,,,,,,59.1,,,69.1,0,0,0,33,0,0,0,11,0
Jon Ferguson,79412,LB,GA SOUTHRN,13,1,0,174,,,60.0,,,,59.3,,,51.4,0,1,5,0,79,72,48,47,4
Blair Zepeda,79413,K,TEXAS A&M,6,0,0,312,,,,,65.6,,61.6,,,73.2,0,0,0,0,23,0,0,0,1
Camden Wise,79429,K,JAMES MAD,13,1,0,197,,82.2,,,55.6,,61.8,,,68.7,0,0,71,0,6,0,0,0,0
Josh Carr Jr.,79454,ED,SO MISS,12,0,0,296,59.1,,,59.6,,,71.9,,,30.0,0,1,0,35,0,63,0,36,0
BJ Davis,79542,LB,E CAROLINA,12,1,0,156,59.6,,,,,,44.0,,,46.1,4,1,0,35,38,0,0,49,1
Andrew Parker,81176,LB,APP STATE,14,0,0,108,59.6,,,,,,68.6,,,68.6,0,0,0,59,47,1,0,25,1
Max Tooley,81201,LB,BYU,12,0,0,128,59.6,,,,,,62.2,,,69.3,0,0,0,49,0,0,1,14,0
Cincir Evans,81209,LB,MEMPHIS,12,1,0,218,60.0,,,,,,53.1,,,70.6,1,0,0,1,55,0,45,6,1
Andrew Chatfield Jr.,81219,ED,OREGON ST,12,0,0,265,59.8,,,,,,62.3,,,72.2,0,0,0,27,0,0,0,7,0
Jacob Hollins,81242,LB,TEMPLE,12,0,0,306,59.9,,,,,,54.8,,,74.6,1,0,0,53,2,12,42,7,0
James Miller,81243,LB,S ALABAMA,11,0,0,288,60.1,,,,,,66.5,,,69.6,0,0,0,30,3,0,14,0,1
Aaron Casey,81245,LB,INDIANA,12,0,0,190,59.7,,,,,,76.0,,,71.4,0,0,0,59,1,0,10,11,4
Joe Evans,81247,ED,IOWA,10,0,0,192,60.0,,,,,,66.9,,,68.9,0,0,0,1,0,0,0,17,0
Jayden McDonald,81249,LB,TROY,13,0,0,318,59.7,,,,,,63.9,,,66.9,0,0,0,25,0,0,0,16,0
Tyren Dupree,81269,LB,LIBERTY,14,0,0,206,59.5,,,,,,65.3,,,70.2,0,0,0,44,0,3,29,19,1
Jared Small,81284,LB,TULANE,2,0,0,319,59.9,,,,,,60.0,,,62.6,0,0,0,12,0,0,0,0,0
Ahmad McCullough,81291,LB,WASH STATE,9,0,0,341,60.0,,,,,,56.0,,,73.4,1,0,0,1,40,29,14,4,1
Chase Kline,81302,LB,E MICHIGAN,9,0,0,160,59.9,,,,,,68.7,,,87.6,0,0,0,1,0,3,0,16,0
Braelen Oliver,81307,LB,GA TECH,9,0,0,176,59.7,,,,,,58.8,,,65.9,1,0,0,15,15,0,0,3,1
Nathaniel Watson,81317,LB,MISS STATE,12,0,0,227,59.5,,,,,,61.6,,,67.1,0,0,0,53,9,0,0,9,0
Aaron Brule,81318,LB,MICH STATE,12,0,0,223,59.7,,,,,,59.8,,,74.8,0,1,0,40,36,5,22,12,1
Jett Johnson,81319,LB,MISS STATE,7,0,0,227,60.0,,,,,,53.2,,,67.3,0,0,0,5,10,0,0,0,0
Chad Bailey,81323,LB,MISSOURI,5,0,0,229,59.9,,,,,,60.6,,,65.0,0,0,0,16,0,0,0,1,0
Jack Powers,81332,ED,E CAROLINA,9,0,0,156,59.8,,70.5,,,,64.6,,,78.8,2,0,32,12,36,5,48,27,3
Larry Nixon III,81342,LB,AUBURN,13,0,0,115,59.7,,,,,,55.3,,,71.0,1,1,0,33,27,0,0,12,0
Ovie Oghoufo,81347,ED,LSU,12,0,0,211,59.9,,,,,,62.3,,,71.1,0,0,0,38,0,0,25,6,0
Shayne Simon,81349,LB,PITTSBURGH,12,0,0,268,60.1,,,,,,55.8,,,71.9,1,0,0,39,17,0,63,10,0
Teradja Mitchell,81351,LB,FLORIDA,12,0,0,163,59.9,,,,,,60.4,,,72.1,1,0,0,53,51,1,43,4,1
Dallas Gant,81352,LB,TOLEDO,14,0,0,316,59.8,,,,,,64.3,,,73.6,0,0,0,50,0,6,53,21,1
Matthew Tago,81356,ED,S JOSE ST,11,0,0,285,60.0,,,,,,60.8,,,67.6,0,0,0,43,0,0,0,0,0
John McCartan,81357,ED,OREGON ST,10,0,0,265,60.1,,,,,,62.4,,,69.1,0,0,0,26,1,1,0,11,0
Isaiah Tufaga,81358,LB,HAWAII,13,0,0,180,59.7,,,,,,61.4,,,67.7,0,0,0,63,2,4,1,8,0
Deion Jennings,81371,LB,RUTGERS,13,0,0,278,59.8,,,,,,60.0,,,71.8,0,0,0,39,0,0,49,11,0
Chike Nwankwo,81372,ED,LIBERTY,12,0,0,206,60.0,,,,,,68.3,,,78.8,1,1,0,3,59,43,15,23,4
Walter Yates III,81383,LB,UCF,12,1,0,323,59.9,,,,,,64.1,,,71.6,1,0,0,41,22,0,29,5,0
Jamall Hickbottom,81395,DI,S ALABAMA,8,0,0,288,58.6,,60.0,,,,58.6,,,66.0,0,0,1,19,0,0,0,0,0
Hayes Maples,81400,LB,SO MISS,12,1,0,296,59.6,,,,,,61.5,,,72.5,1,0,0,48,60,0,16,8,2
Nyles Gaddy,81410,ED,MISSOURI,9,0,0,229,59.8,,,,,,60.6,,,66.0,0,0,0,19,0,0,0,1,0
Nikia Eason Jr.,81426,ED,UAB,12,1,0,321,59.3,,,,,,78.2,,,81.0,2,1,0,22,66,58,40,24,4
Andrew Mata'Afa,81439,LB,USF,12,0,0,327,59.8,,,,,,61.2,,,75.0,0,0,0,10,19,0,0,30,0
Elijah Shelton,81442,ED,UNLV,14,0,0,325,59.9,,,,,,77.9,,,79.9,0,0,0,37,11,73,0,9,3
Trumane Bell II,81452,ED,UTSA,13,0,0,331,58.7,,,,,,59.1,,,67.9,0,0,0,29,0,0,20,0,0
Elijah McAllister,81455,ED,AUBURN,10,0,0,115,59.0,,,,,,59.5,,,66.2,0,0,0,19,0,0,0,2,0
Alex Brown,81456,ED,VANDERBILT,4,0,0,333,59.7,,,,,,70.8,,,72.0,0,0,0,1,0,0,0,19,0
Jackson Sirmon,81458,LB,CAL,6,0,0,130,59.6,,,,,,62.5,,,67.7,0,0,0,24,0,0,23,0,1
Edefuan Ulofoshio,81459,LB,WASHINGTON,15,0,0,340,74.2,,,,,,70.2,,,83.6,0,1,0,40,6,70,0,18,0
MJ Tafisi Jr.,81460,LB,UTAH ST,13,0,1,329,60.0,,,,,,50.8,,,28.4,0,1,0,59,2,2,0,7,0
Zion Tupuola-Fetui,81461,ED,WASHINGTON,13,0,0,340,58.8,,,,,,61.3,,,79.0,0,0,0,20,0,4,0,5,0
Slater Zellers,81475,LS,ARIZONA ST,12,0,0,110,,,82.8,,,73.6,55.8,,,66.7,0,0,38,0,0,0,48,0,0
Marco Ortiz,81478,LS,NEBRASKA,12,0,0,238,,,83.9,,,84.2,73.3,,,67.2,0,0,42,0,0,0,61,0,0
James Rosenberry Jr.,81487,LS,FLORIDA ST,14,0,0,167,,,86.3,,,86.5,76.5,,,67.8,0,0,75,0,0,0,67,0,0
Austin Ortega,81493,LS,TULSA,11,1,0,320,,,53.6,,,63.9,59.7,,,67.0,2,0,48,0,0,0,55,0,0
Michael Vinson,81495,LS,NOTRE DAME,13,0,0,258,,,80.3,,,74.7,71.0,,,66.5,1,0,86,0,0,0,40,0,2
Brennen Milliron,81514,LS,SO MISS,12,1,0,296,,,51.7,,,62.7,62.6,,,67.4,0,0,54,0,0,0,63,0,0
Jac Casasante,81517,LS,USC,13,1,0,326,,,60.2,,,55.5,57.8,,,28.2,2,2,82,0,0,0,45,0,0
DJ Schramm,81524,LB,BOISE ST,10,0,0,120,59.7,,,,,,63.8,,,67.7,0,0,0,37,0,0,0,21,0
Jalen Sami,81527,DI,MICH STATE,8,0,0,223,58.1,,,,,,58.7,,,69.3,0,0,0,15,0,0,0,10,0
Akeem Smith,81529,DI,SM HOUSTON,11,0,0,281,57.6,,,,,,57.6,,,70.4,0,0,0,34,0,0,0,2,0
Spencer Lovell,81559,G,KANSAS,13,0,0,198,,,79.1,,,,66.6,,,73.7,0,0,71,0,0,0,0,0,0
Ralph Frias III,81560,T,UTAH ST,3,0,0,329,,,66.6,,,,63.1,,,71.2,0,0,16,0,0,0,0,0,0
Jalil Irvin,81588,G,AUBURN,13,0,0,115,,,75.5,,,,68.9,,,75.7,0,0,54,0,0,0,57,0,1
Kameron Stutts,81590,G,AUBURN,11,0,0,115,,,75.5,,,,65.5,,,72.9,0,0,45,0,0,0,0,0,0
Garrett Curran,81596,C,BOISE ST,8,0,0,120,,,74.0,,,,64.5,,,63.9,0,0,33,0,0,0,0,0,0
Preston Nichols,81609,G,PURDUE,12,0,0,273,,,73.6,,,,64.4,,,63.8,0,0,49,0,0,0,0,0,0
Casey Roddick,81623,G,FLORIDA ST,12,0,0,167,,,77.4,,,,66.2,,,74.9,0,0,63,0,0,0,0,0,0
Christopher Bleich,81634,G,SYRACUSE,12,0,0,304,,,74.4,,,,64.6,,,64.0,0,0,54,0,0,0,0,0,0
Devin Hayes,81640,T,MIDDLE TN,7,0,0,224,,,68.4,,,,63.3,,,63.4,0,0,27,0,0,0,0,0,0
John Bolding,81641,G,SO MISS,12,0,0,296,,,24.7,,,,44.9,,,65.6,0,0,54,0,0,0,0,0,0
Tyrone Sampson Jr.,81646,G,FRESNO ST,7,0,0,169,,,75.6,,,,64.9,,,63.9,0,0,41,0,0,0,0,0,0
Travis Glover,81658,T,GA STATE,12,0,0,175,,,67.3,,,,58.1,,,70.6,1,0,18,0,0,0,63,0,0
Jordyn Slaughter,81674,G,ILLINOIS,11,0,0,187,,,71.8,,,,64.0,,,65.7,0,0,41,0,0,0,0,0,0
Jonathan Graham,81698,G,LIBERTY,14,0,0,206,,,81.5,,,,66.9,,,65.3,0,0,88,0,0,0,0,0,0
Dalton Tucker,81717,G,MARSHALL,11,0,0,214,,,58.5,,,,60.6,,,73.5,0,0,50,0,0,0,0,0,0
Jacob Isaia,81727,C,FRESNO ST,13,0,0,169,,,78.7,,,,66.3,,,74.1,0,0,69,0,0,0,12,0,0
Dimitri Douglas,81728,C,E MICHIGAN,6,0,0,160,,,65.9,,,,62.8,,,64.1,0,0,20,0,0,0,0,0,0
Curtis Dunlap Jr.,81729,G,RUTGERS,12,0,0,278,,,76.6,,,,65.9,,,73.8,0,0,52,0,0,0,0,0,0
Nathan Boe,81731,C,MINNESOTA,13,0,0,225,,,76.8,,,,65.9,,,73.5,0,0,54,0,0,0,0,0,0
Hamilton Hall,81738,T,ARK STATE,3,0,0,113,,,60.0,,,,61.7,,,63.5,0,0,9,0,0,0,0,0,0
Kameron Jones,81739,T,MISS STATE,11,0,0,227,,,73.2,,,,64.2,,,61.7,0,0,46,0,0,0,0,0,0
Kwatrivous Johnson,81742,T,MISS STATE,12,0,0,227,,,74.6,,,,64.7,,,65.4,0,0,54,0,0,0,0,0,0
Bobby Lawrence,81744,T,COLO STATE,12,0,0,144,,,75.1,,,,65.5,,,75.3,0,0,55,0,0,0,0,0,0
Xavier Delgado,81746,G,MISSOURI,13,0,0,229,,,80.5,,,,66.5,,,64.7,0,0,77,0,0,0,0,0,0
Javon Foster,81748,T,MISSOURI,13,0,0,229,,,77.4,,,,66.4,,,77.5,0,0,77,0,0,0,0,0,0
Daizion Carroll,81769,G,N TEXAS,2,0,0,251,,,62.5,,,,45.9,,,25.6,0,1,7,0,0,0,0,0,0
Leroy Thomas,81786,G,DOMINION,13,0,0,263,,,74.5,,,,63.8,,,65.6,0,0,54,0,0,0,59,0,0
Steven Jones,81792,G,OREGON,8,0,0,264,,,73.7,,,,64.4,,,66.0,0,0,53,0,0,0,0,0,0
Jake Levengood,81794,C,OREGON ST,1,0,0,265,,,,,,,60.0,,,63.3,0,0,0,0,0,0,1,0,0
Joe More,81809,G,SYRACUSE,3,0,0,304,,,60.2,,,,61.7,,,67.7,0,0,6,0,0,0,0,0,0
Tyler Ostrom,81818,G,S JOSE ST,8,0,0,285,,,73.6,,,,65.2,,,74.3,0,0,44,0,0,0,4,0,0
Reggie Smith,81828,C,S ALABAMA,1,0,0,288,,,,,,,60.0,,,63.3,0,0,0,0,0,0,0,0,0
Josh McCulloch,81832,T,S ALABAMA,2,0,0,288,,,60.8,,,,62.4,,,69.4,0,0,9,0,0,0,0,0,0
Ollie Lane,81853,G,TENNESSEE,2,0,0,307,,,61.3,,,,62.1,,,64.1,0,0,11,0,0,0,0,0,0
Tank Jenkins,81860,G,HOUSTON,12,0,0,182,,,76.5,,,,65.2,,,65.1,0,0,47,0,0,0,0,0,0
Jaydan Smith,81867,G,TEXAS ST,9,0,0,314,,,73.7,,,,63.8,,,63.0,0,0,50,0,0,0,26,0,0
Grant Betts,81870,T,TROY,14,0,0,318,,,77.2,,,,65.9,,,77.5,0,0,74,0,0,0,1,0,0
Lucas Gramlick,81886,T,CHARLOTTE,9,0,0,136,,,71.2,,,,63.9,,,64.2,0,0,37,0,0,0,0,0,0
Amani Trigg-Wright,81887,G,UNLV,10,0,0,325,,,73.7,,,,64.5,,,65.9,0,0,53,0,0,0,0,0,0
Simi Moala,81892,T,BYU,7,0,0,128,85.5,,67.7,,,,86.2,,,67.3,0,0,22,19,0,0,20,0,0
Wyatt Bowles,81896,T,UTAH ST,9,0,0,329,,,72.1,,,,64.1,,,65.4,0,0,44,0,0,0,0,0,0
Heneli Bloomfield,81897,G,OREGON ST,6,0,0,265,,,71.2,,,,62.8,,,71.0,0,0,25,0,0,0,2,0,0
Karter Shaw,81898,G,MINNESOTA,12,0,0,225,,,73.9,59.9,,,65.8,,,71.2,0,0,50,0,0,49,61,0,0
Wade Meacham,81902,G,UTAH ST,13,0,0,329,,,76.3,,,,65.1,,,64.5,0,0,66,0,0,0,0,0,0
Ulumoo Ale,81926,DI,WASHINGTON,15,0,0,340,57.8,,75.8,,,,62.8,,,77.7,0,0,46,33,0,0,0,12,0
Victor Curne,81930,T,OLE MISS,3,0,0,226,,,65.8,,,,63.0,,,69.8,0,0,15,0,0,0,0,0,0
Jarrett Kingston,81933,G,USC,12,0,0,326,,,77.4,,,,65.3,,,64.6,0,0,75,0,0,0,0,0,0
Cade Beresford,81934,T,BOISE ST,5,0,0,120,,,68.0,,,,63.5,,,66.5,0,0,25,0,0,0,0,0,0
Gunner Britton,81937,G,AUBURN,13,0,0,115,,,74.9,,,,65.5,,,75.8,0,0,54,0,0,0,0,0,0
Michael Furtney,81945,G,WISCONSIN,13,0,0,349,,,76.7,,,,65.9,,,73.5,0,0,53,0,0,0,0,0,0
Jontrey Hunter,81961,LB,GA STATE,12,1,0,175,60.0,,,,,,56.1,,,28.8,0,1,0,52,0,4,10,21,0
Avery Burt,81975,LB,NEW MEXICO,2,0,0,241,,,,,,,61.9,,,65.8,0,0,0,0,4,1,0,1,0
Eli'jah Winston,81983,ED,NEVADA,10,0,0,239,58.8,,60.0,,,,60.6,,,67.6,0,0,2,24,0,0,0,9,0
Marty Strey,81985,ED,WISCONSIN,13,0,0,349,,,60.8,63.5,,,73.6,,,81.2,0,0,8,0,0,54,64,55,0
Jaylan Franklin,81987,TE,MICH STATE,12,0,0,223,,,68.8,,,,65.4,,,80.7,0,0,25,0,0,65,20,30,0
Ron Stone Jr.,81989,ED,WASH STATE,11,0,0,341,58.7,,,,,,41.4,,,72.0,0,0,0,45,1,4,0,8,0
Cameron Wire,82000,T,TULANE,14,0,0,319,,,77.2,,,,66.4,,,75.8,0,0,68,0,0,0,0,0,0
Reid Bauer,82014,P,MEMPHIS,13,0,0,218,,,68.2,,,,63.4,,65.8,71.0,0,0,81,0,0,0,46,0,0
Carson King,82024,P,FRESNO ST,12,0,0,169,,,60.0,,,,63.1,,69.3,74.0,0,0,7,0,0,0,52,0,0
George Caratan,82030,P,UCONN,12,0,0,146,,,45.8,,,,58.4,,61.4,73.4,0,0,43,0,0,0,61,0,0
William Przystup,82031,P,ARK STATE,13,0,0,113,,,67.2,,,,63.6,,75.6,73.1,0,0,63,0,0,0,62,0,1
Clayton Stewart,82051,P,WYOMING,13,0,0,351,,,67.0,,,,63.5,,67.9,73.2,0,1,59,0,0,0,62,0,0
Jamarye Joiner,82071,WR,JVILLE ST,8,0,0,196,,,,59.9,,,57.8,66.8,,68.8,0,0,0,0,0,26,1,26,0
Joey Gatewood,82088,TE,LOUISVILLE,11,0,0,210,,,76.1,,,,64.9,,,66.8,0,0,66,0,0,6,0,0,0
Riley Smith,82091,TE,BOISE ST,2,0,0,120,,,,,,,57.7,,,64.4,0,0,0,0,0,1,1,0,0
Steven Comstock,82116,S,FRESNO ST,13,0,0,169,59.6,,,,,,63.9,,,48.0,3,1,0,30,76,21,49,56,4
Charles Coleman III,82166,DI,S ALABAMA,10,0,0,288,57.9,,,,,,57.6,,,67.1,0,0,0,26,0,0,1,0,0
Andres Fox,82167,ED,MEMPHIS,1,0,0,218,,,,,,,60.0,,,64.6,0,0,0,0,0,0,0,2,0
Hale Motu'apuaka,82184,DI,UTAH ST,12,0,0,329,57.5,,,,,,57.6,,,69.7,0,0,0,57,0,2,0,8,0
Praise Amaewhule,82185,ED,UTEP,12,0,0,330,88.6,,,,,,91.0,,,68.6,0,0,0,50,0,0,0,5,0
Stephon Wynn Jr.,82200,DI,OLE MISS,1,0,0,226,,,,,,,60.0,,,64.7,0,0,0,0,0,0,0,1,0
Jermayne Lole,82212,DI,LOUISVILLE,12,0,0,210,57.8,,,,,,59.0,,,69.4,0,0,0,31,0,0,0,10,0
Isaiah Nichols,82218,DI,PURDUE,12,0,0,273,57.7,,,,,,57.4,,,67.7,0,0,0,49,0,0,0,2,0
Atunaisa Mahe,82243,DI,BYU,10,0,0,128,58.6,,65.5,,,,61.8,,,68.3,0,0,10,11,0,0,0,8,0
Malik Langham,82257,DI,PURDUE,12,0,0,273,59.5,,,,,,60.7,,,69.2,0,0,0,48,0,0,0,3,0
Isaiah Johnson,82263,ED,FRESNO ST,3,0,0,169,60.3,,,,,,60.9,,,66.3,0,0,0,11,0,0,0,0,0
Leonard Payne Jr.,82265,DI,COLORADO,11,0,0,143,75.5,,,,,,84.8,,,74.9,0,0,0,29,0,0,0,18,0
Ezekiel Holmes,82281,ED,ILLINOIS,2,0,0,187,60.0,,,,,,60.1,,,61.7,0,0,0,3,0,0,0,0,0
Julian Pearl,82282,T,ILLINOIS,2,0,0,187,,,60.0,,,,61.3,,,67.4,0,0,4,0,0,0,0,0,0
Davoan Hawkins,82299,ED,W VIRGINIA,12,1,0,343,59.5,,,,,,35.8,,,28.5,2,2,0,11,39,3,0,34,0
Jerquavion Mahone,82300,DI,TEMPLE,11,0,0,306,56.9,,,,,,57.1,,,72.1,0,0,0,54,0,0,0,10,0
Austin Lewis,82305,DI,TENNESSEE,2,0,0,307,59.7,,60.0,,,,60.8,,,62.3,0,0,5,1,0,0,0,0,0
Sam Burton,82317,ED,MARSHALL,13,0,0,214,58.9,,,,,,62.0,,,69.1,0,0,0,24,0,2,0,16,0
Owen Porter,82318,ED,MARSHALL,13,0,0,214,58.6,,,,,,63.2,,,71.3,0,0,0,30,0,0,35,31,0
Tyler Baylor,82322,ED,KENT STATE,11,0,0,201,59.0,,,,,,56.7,,,69.1,0,0,0,31,0,14,0,6,0
Austin Fontaine,82325,DI,CHARLOTTE,9,0,0,136,58.4,,,,,,59.6,,,69.5,0,0,0,26,0,0,0,6,0
Taylor Upshaw,82327,ED,ARIZONA,12,0,0,109,59.1,,,,,,61.3,,,68.5,0,0,0,24,0,0,0,9,0
Julius Welschof,82329,ED,CHARLOTTE,4,0,0,136,59.6,,,,,,60.9,,,65.7,0,0,0,6,0,0,6,2,0
Mayan Ahanotu,82335,DI,RUTGERS,8,0,0,278,58.3,,,,,,59.5,,,68.1,0,0,0,16,0,0,0,6,0
Jalen Cunningham,82340,G,ARK STATE,1,0,0,113,,,60.0,,,,60.0,,,61.0,0,0,1,0,0,0,0,0,0
Trajan Jeffcoat,82341,ED,ARKANSAS,9,0,0,111,,,,,,,66.3,,,68.7,0,0,0,0,0,0,0,14,0
Casey Rogers,82347,DI,OREGON,14,0,0,264,58.4,,,,,,59.9,,,69.0,0,0,0,13,0,0,31,4,0
Aaron Frost,82350,G,ARIZONA ST,8,0,0,110,,,67.3,,,,60.5,,,66.1,0,0,17,0,0,0,27,0,0
Ja'Mion Franklin,82366,DI,DUKE,11,0,0,154,57.4,,,,,,56.5,,,66.5,0,0,0,29,0,0,0,0,0
Jeff Marks,82371,DI,JVILLE ST,11,0,0,196,57.2,,,,,,56.2,,,66.8,0,0,0,34,0,0,0,3,0
Branson Deen,82372,DI,MIAMI FL,11,0,0,220,58.1,,,,,,59.3,,,68.9,0,0,0,28,0,0,4,9,0
Lawrence Johnson,82374,DI,AUBURN,7,0,0,115,58.8,,,,,,60.1,,,67.7,0,0,0,8,0,0,0,3,0
Jack Sullivan,82375,ED,USC,12,0,0,326,59.0,,,,,,60.6,,,72.5,0,0,0,19,0,0,2,3,0
Jamree Kromah,82380,ED,JAMES MAD,13,0,0,197,58.4,,,,,,59.6,,,69.0,0,0,0,42,0,0,0,9,0
Matt Thomas,82382,DI,COLO STATE,12,0,0,144,58.3,,74.9,,,,57.9,,,29.8,0,1,51,16,0,0,0,2,0
Daniel Okpoko,82386,ED,S DIEGO ST,12,0,0,284,58.7,,,,,,59.1,,,66.5,0,0,0,28,0,0,0,2,0
Maurice Strong Jr.,82408,DI,S ALABAMA,8,0,0,288,58.6,,,,,,58.5,,,64.9,0,0,0,10,0,0,0,0,0
Tyreek Johnson,82412,ED,S CAROLINA,11,0,0,289,73.4,,,,,,80.1,,,68.6,0,0,0,54,0,6,0,1,0
Kurott Garland,82425,DI,TENNESSEE,9,0,0,307,58.4,,,,,,58.9,,,67.1,0,0,0,19,0,0,0,3,0
Max Wright,82434,TE,TEXAS A&M,13,0,0,312,,,78.1,,,,65.5,,,63.6,0,0,84,0,0,0,4,0,0
Fish McWilliams,82441,DI,UAB,12,0,0,321,57.6,,,,,,58.7,,,70.5,0,0,0,52,0,0,0,13,0
Michael Fairbanks II,82443,ED,UAB,12,0,0,321,58.5,,75.8,,,,60.7,,,76.5,1,0,57,45,0,6,4,11,0
Tyler Manoa,82445,DI,ARIZONA,13,0,0,109,57.9,,76.6,,,,61.8,,,69.7,0,0,69,39,0,0,34,6,0
Tuli Letuligasenoa,82467,DI,WASHINGTON,9,0,0,340,58.2,,,,,,59.7,,,71.6,0,0,0,15,0,0,0,8,0
Taki Taimani,82468,DI,OREGON,14,0,0,264,58.0,,,,,,59.2,,,69.1,0,0,0,21,0,0,31,3,0
Brennan Jackson,82474,ED,WASH STATE,11,0,0,341,58.5,,,,,,60.0,,,72.0,0,0,0,47,1,0,0,8,0
Dashaun Mallory,82495,DI,ARIZONA ST,12,0,0,110,57.4,,,,,,57.3,,,71.6,0,0,0,68,0,0,0,7,0
Quentin Bivens,82497,DI,SO MISS,11,0,0,296,57.2,,,,,,57.2,,,70.4,0,0,0,50,0,0,0,6,0
Devon Robinson,82498,DI,AKRON,6,0,0,102,58.5,,,,,,58.5,,,65.5,0,0,0,13,0,0,0,1,0
Sokoya McDuffie,82502,DI,UCONN,9,0,0,146,58.1,,60.0,,,,58.1,,,65.5,0,0,3,15,0,0,0,0,0
Isaac Hodgins,82503,DI,OREGON ST,4,0,0,265,,,,,,,61.4,,,66.6,0,0,0,0,0,0,0,4,0
Judge Culpepper,82504,DI,TOLEDO,14,0,0,316,58.0,,74.3,,,,62.3,,,70.8,0,0,53,37,0,1,13,13,0
AJ Pierce,82510,DI,TROY,13,0,0,318,58.2,,,,,,59.4,,,68.6,0,0,0,16,0,0,0,10,0
Jackson Cravens,82511,DI,BYU,9,0,0,128,58.0,,,,,,49.7,,,71.5,2,0,0,28,0,0,47,8,0
Paul Maile,82512,G,BYU,1,0,0,128,,,,,,,60.0,,,63.3,0,0,0,0,0,0,0,0,0
Brandon Matterson,82515,DI,UTSA,8,0,0,331,58.4,,,,,,44.1,,,27.0,0,1,0,16,0,0,0,2,0
Jaelen Gill,82535,WR,FRESNO ST,13,0,0,169,,,,74.6,,,59.8,60.5,,65.4,0,0,0,0,1,65,0,9,0
Jacob Mangum-Farrar,82557,LB,INDIANA,12,0,0,190,59.8,,,,,,57.1,,,77.9,1,0,0,58,2,0,59,11,0
Raymond Scott,82560,LB,FRESNO ST,8,0,0,169,60.0,,,,,,69.2,,,75.2,0,0,0,3,4,23,0,29,0
C.J. Goetz,82565,ED,WISCONSIN,13,0,0,349,58.5,,,,,,61.7,,,70.6,0,0,0,44,0,0,62,19,0
Caleb Griffin,82589,K,ILLINOIS,12,0,0,187,,76.5,,,70.0,,62.0,,,69.9,0,0,45,0,16,0,0,0,0
Charles Campbell,82592,K,TENNESSEE,13,0,0,307,,80.7,,,,,61.6,,,67.7,0,0,72,0,0,0,0,0,0
Chance Poore,82594,K,KENTUCKY,12,0,0,202,,,,,82.0,,63.5,,,77.4,1,0,0,0,61,0,0,0,0
Kenneth Almendares,82597,K,LA LAFAYET,13,0,0,207,,81.5,,,,,61.5,,,67.5,0,0,67,0,0,0,0,0,0
Dario Longhetto,82633,K,ARIZONA ST,12,1,0,110,,76.8,,,81.2,,63.1,,60.2,74.4,0,0,38,0,46,0,3,0,0
Thomas Leo,82634,P,LA LAFAYET,13,0,0,207,,,60.0,,50.6,,64.9,,67.7,80.8,0,1,1,0,75,0,53,0,3
Eyabi Okie-Anoma,82645,ED,CHARLOTTE,10,0,0,136,59.2,,,,,,48.2,,,27.7,0,1,0,38,0,0,0,0,0
Ale Kaho,82646,LB,UCLA,1,0,0,324,60.0,,,,,,60.7,,,63.7,0,0,0,1,1,1,0,1,0
Richard Jibunor,83016,ED,TROY,14,0,0,318,59.5,,,,,,62.7,,,71.8,0,0,0,28,0,0,0,23,0
Justin Dedich,83018,C,USC,1,0,0,326,,,60.8,,,,61.6,,,62.1,0,0,5,0,0,0,0,0,0
Chigozie Anusiem,83031,CB,COLO STATE,11,0,0,144,84.3,,,,,,84.5,,,75.8,0,0,0,55,5,0,3,28,0
Jordan Morris,83034,CB,SM HOUSTON,4,0,0,281,59.7,,,,,,60.8,,,68.2,0,0,0,11,0,0,0,1,0
Teja Young,83038,S,OLE MISS,13,1,0,226,,,,,,,54.8,,,44.3,0,2,0,0,12,52,53,40,0
Chris Jackson,83053,CB,WASH STATE,12,0,0,341,59.6,,,,,,61.9,,,84.2,1,0,0,2,67,15,0,41,1
Davion Williams,83054,CB,W KENTUCKY,11,0,0,346,60.0,,,,,,77.8,,,78.3,1,0,0,29,36,0,34,12,4
Kalon Gervin,83055,CB,KANSAS,5,0,0,198,60.0,,,,,,62.0,,,68.1,0,0,0,1,0,0,0,9,0
Esaias Furdge,83059,CB,MISS STATE,1,0,1,227,59.9,,,,,,55.2,,,23.0,0,1,0,1,0,0,0,0,0
Donte Martin,83060,CB,NEW MEXICO,11,0,0,241,59.9,,,,,,63.1,60.2,,73.2,1,0,0,42,0,0,11,5,1
Jaden Robinson,83074,CB,OREGON ST,12,0,0,265,60.2,,,,,,70.8,,,76.0,1,0,0,36,7,0,11,7,2
Cedarious Barfield,83078,S,S DIEGO ST,12,0,0,284,59.8,,,,,,60.8,,,73.4,0,0,0,52,5,3,0,38,0
Chase Williams,83102,S,S JOSE ST,12,0,0,285,59.7,,,,,,61.0,,,69.8,0,0,0,52,0,4,4,10,0
Michael Anyanwu,83103,CB,UTAH ST,12,0,0,329,60.0,,,,,,63.6,,,42.8,0,1,0,51,25,0,0,60,0
Donte Burton,83110,CB,TULSA,8,0,0,320,59.8,,,,,,65.5,,,71.5,1,0,0,2,18,0,0,18,2
Alexander Smith,83112,CB,WISCONSIN,9,0,0,349,59.5,,,,,,52.4,,,29.5,0,1,0,21,31,0,0,27,0
Travian Blaylock,83113,S,WISCONSIN,13,0,0,349,59.9,,,,,,65.6,,,79.3,0,0,0,1,49,26,0,50,0
Eddie Smith,83121,S,ARK STATE,13,2,0,113,59.6,,,61.8,,,54.8,,,80.5,2,1,0,29,72,3,59,32,2
Brandon Bishop,83123,S,LIBERTY,14,1,0,206,59.8,,,,,,73.3,61.6,,75.5,0,0,0,38,82,5,29,17,4
LaDarrius Bishop,83138,CB,ARKANSAS,11,0,0,111,,,,,,,64.1,,,81.1,0,0,0,0,61,0,32,38,2
Simeon Blair,83139,S,MEMPHIS,13,0,0,218,59.7,,,,,,72.6,,,75.1,0,0,0,54,1,2,41,13,4
Ryan Ragone,83152,LB,MIAMI FL,1,0,0,220,,,,,,,60.0,,,63.0,0,0,0,0,0,1,0,0,0
Luke Cameron,83172,LB,E MICHIGAN,13,1,0,160,,,,59.4,,,49.3,,,28.7,2,3,0,0,22,68,69,29,0
Malik Moore,83185,S,BYU,11,0,0,128,59.8,,,,,,66.3,,,73.3,0,0,0,5,0,0,6,38,0
Hasaan Hypolite,83194,S,HOUSTON,12,1,0,182,59.8,,,,,,62.6,,,30.0,1,2,0,65,50,45,49,24,4
LJ Wallace,83195,S,TULSA,1,0,0,320,60.0,,,,,,60.0,,,63.3,0,0,0,1,1,0,0,0,0
Dylan Wyatt,83237,CB,ARIZONA,10,0,0,109,60.0,,,,,,64.0,,,73.5,0,0,0,4,29,0,0,5,0
Ron Hardge III,83238,CB,COLO STATE,12,0,0,144,59.8,,,,,,66.9,,,78.7,0,1,0,18,30,64,32,19,1
Noah Pierre,83244,S,INDIANA,7,0,0,190,59.9,,,60.0,,,68.8,,,71.6,0,0,0,30,2,4,29,11,1
Dallas Craddieth,83254,S,KENT STATE,7,0,0,201,59.9,,,,,,52.1,,,70.0,3,0,0,5,13,29,13,2,1
Jamari Brown,83269,CB,MISS STATE,2,0,0,227,,,,,,,68.7,,,70.5,0,0,0,0,8,0,0,2,1
Patrick Mensah,83272,CB,LA LAFAYET,13,0,0,207,,,,60.0,,,68.8,,,80.6,2,0,0,0,78,71,5,46,7
Kam Pedescleaux,83278,S,TULANE,14,0,0,319,60.0,,,61.8,,,54.9,,,71.4,0,0,0,52,4,2,49,7,0
Myles Sims,83292,CB,GA TECH,12,0,0,176,59.6,,,,,,66.2,,,75.0,0,0,0,43,40,0,0,10,1
German Green,83294,CB,MICHIGAN,8,1,0,222,59.9,,,,,,66.0,,,70.2,1,0,0,1,49,0,0,0,1
Jakorey Hawkins,83311,CB,WYOMING,13,0,0,351,73.0,,,,,,77.0,,,71.7,0,0,0,51,0,0,0,2,0
Chris Mills,83315,CB,TEXAS ST,13,0,0,314,59.6,,,,,,60.6,,,79.0,0,0,0,45,0,0,26,29,0
Braxton Clark,83319,CB,USF,9,0,0,327,59.7,,,,,,68.0,,,71.5,0,0,0,42,0,0,1,0,1
Jaden Dedman,83329,CB,NEVADA,12,0,0,239,59.4,,,,,,56.6,,,29.6,0,1,0,58,13,0,2,13,1
Emany Johnson,83331,S,NEVADA,12,1,0,239,59.8,,,,,,66.7,,,70.9,1,0,0,52,7,2,19,9,0
AJ Hampton,83339,CB,TULANE,5,0,0,319,59.6,,,,,,61.2,,,70.1,0,0,0,22,0,0,0,2,0
Derrik Allen,83343,S,N CAROLINA,12,0,0,245,,,,,,,65.4,,,77.8,1,0,0,0,76,48,0,40,1
DJ Brown,83345,S,NOTRE DAME,12,1,0,258,60.0,,,,,,83.6,,,81.0,0,0,0,37,68,0,38,21,5
Paul Moala,83346,LB,GA TECH,13,0,0,176,59.5,,,,,,62.6,,,68.2,2,0,0,54,26,1,0,6,2
Noah Boykin,83347,CB,UMASS,8,0,0,216,59.5,,,,,,61.0,,,70.6,0,0,0,28,0,0,0,3,0
Kitan Oladapo,83349,S,OREGON ST,12,0,0,265,60.1,,,,,,66.4,,,70.4,0,0,0,45,0,0,0,14,0
Tyrek Funderburk,83356,CB,APP STATE,14,0,0,108,60.1,,,,,,55.0,,,73.5,3,0,0,17,80,0,1,0,3
Kessawn Abraham,83359,CB,RUTGERS,9,0,0,278,,,,,,,65.8,,,70.4,0,0,0,0,29,17,0,9,1
Jarrett Paul,83363,CB,APP STATE,12,3,0,108,60.0,,,,,,68.8,,,77.6,1,0,0,8,64,0,23,20,3
Andrew Jenkins,83365,S,S JOSE ST,13,1,1,285,60.1,,,,,,56.6,,,43.8,1,4,0,9,77,64,38,52,5
Nicario Harper,83390,S,ILLINOIS,12,0,0,187,60.4,,,,,,64.0,,,67.4,0,0,0,33,17,0,4,0,1
Alex Zettler,83400,S,TEXAS A&M,7,0,0,312,,,,,,,34.7,,,27.1,1,1,0,0,9,8,0,3,0
Jarron Morris,83402,S,FAU,12,0,0,165,60.0,,,,,,56.8,,,68.0,1,0,0,55,24,4,0,4,0
Trejon Hugue,83409,S,UTEP,4,0,0,330,59.8,,,,,,63.4,,,67.6,0,0,0,12,4,0,0,9,0
Xavier Lanier,83411,CB,TULSA,7,0,0,320,59.5,,,,,,60.8,,,69.9,0,0,0,23,0,0,0,3,0
Jaylen Key,83413,S,ALABAMA,3,0,0,103,60.0,,,,,,61.5,,,65.7,0,0,0,5,4,0,2,3,0
Rayshad Williams,83416,CB,TEXAS TECH,8,0,0,315,60.5,,,,,,62.5,,,70.9,0,0,0,22,0,0,0,6,0
Alex Johnson,83418,CB,UCLA,13,0,0,324,59.7,,,,,,82.7,60.0,,82.0,0,0,0,5,12,12,40,49,1
Kenny Churchwell III,83419,S,UCLA,12,1,0,324,60.2,,,,,,77.2,,,75.6,0,0,0,35,10,0,0,35,1
Elisha Guidry,83421,CB,S JOSE ST,2,0,0,285,,,,,,,62.8,,,69.9,0,0,0,0,0,4,0,7,0
Phillip Hill,83424,S,N TEXAS,10,0,0,251,59.9,,,,,,60.2,,,62.8,0,0,0,35,0,0,0,0,0
Brendon Harris,83446,S,WAKE,2,0,0,339,,,,,,,90.9,,,73.0,0,0,0,0,16,8,6,0,1
BJ Anderson,83448,CB,VANDERBILT,3,0,0,333,60.2,,,,,,61.2,,,67.4,0,0,0,12,0,0,0,0,0
Dashaun Jerkins,83450,S,UMASS,9,1,0,216,59.6,,,,,,69.6,,,65.6,0,0,0,30,7,1,0,0,2
Dominique Hampton,83452,S,WASHINGTON,15,0,0,340,59.7,,,,,,43.4,60.3,,29.5,1,1,0,56,0,0,44,2,0
Beanie Bishop Jr.,83459,CB,W VIRGINIA,13,0,0,343,59.9,,,59.0,,,65.3,90.7,,76.1,0,0,0,61,19,19,0,19,1
Bryson Washington,83468,LB,W KENTUCKY,6,0,0,346,60.0,,,,,,59.2,,,74.1,1,0,0,5,9,18,23,19,1
Michael Matus,83473,ED,ARIZONA ST,9,0,0,110,59.7,,62.5,59.6,,,71.5,,,74.3,0,0,11,2,0,46,30,32,0
Demitri Washington,83476,ED,BOISE ST,6,0,0,120,59.9,,,,,,64.7,,,69.0,0,0,0,21,0,0,0,21,0
Tre Jackson,83491,ED,FAU,3,0,0,165,,,60.0,,,,69.1,,,73.5,0,0,2,0,4,0,0,6,0
Myles Cole,83500,ED,TEXAS TECH,12,0,0,315,58.6,,,,,,59.4,,,69.2,0,0,0,56,0,0,0,5,0
Fabien Lovett,83506,DI,FLORIDA ST,4,0,0,167,59.1,,,,,,60.1,,,65.1,0,0,0,4,0,0,0,2,0
Jaden Crumedy,83508,DI,MISS STATE,12,0,0,227,58.3,,,,,,44.3,,,27.5,0,2,0,54,0,8,0,9,0
Javontae Jean-Baptiste,83514,ED,NOTRE DAME,12,0,0,258,90.0,,,,,,91.3,,,78.2,0,0,0,42,0,0,0,28,0
TJ McMahon,83521,QB,MARSHALL,2,0,0,214,,,60.6,,,,60.9,,,60.7,0,0,10,0,0,0,0,0,0
Phil Jurkovec,83533,QB,PITTSBURGH,1,0,0,268,,,,,,,60.0,,,23.1,0,1,0,0,0,0,0,1,0
Isaiah Spencer,83536,WR,DOMINION,7,1,0,263,,,65.9,,,,66.4,,,75.2,0,0,17,0,19,1,32,18,0
Dakereon Joyner,83554,HB,S CAROLINA,6,0,0,289,,,,62.0,,,64.4,,,69.7,0,0,0,0,0,27,9,0,0
Gunnar Watson,83570,QB,TROY,1,0,0,318,,,,,,,60.0,,60.0,63.3,0,0,0,0,0,0,1,0,0
Josiah Norwood,83575,WR,UCLA,2,0,0,324,,,,,,,60.2,,,67.2,0,0,0,0,0,0,3,1,0
Colson Yankoff,83589,HB,UCLA,13,0,0,324,,,,48.2,,,75.5,,,81.2,2,0,0,0,67,57,48,44,10
Nazar Bombata,83610,FB,ARIZONA,13,0,0,109,,,,,,,50.6,,,77.5,0,1,0,0,7,0,30,41,1
Asa Martin,83633,HB,TROY,14,0,0,318,,,,72.1,,,71.2,,,76.1,0,0,0,0,28,54,0,16,0
Harold Joiner III,83635,HB,MICH STATE,8,0,0,223,,,,,,,66.2,,,79.1,1,0,0,0,24,36,47,16,1
Shaun Peterson Jr.,83662,ED,UCF,10,0,0,323,58.7,,,,,,60.1,,,67.0,0,0,0,11,0,1,0,6,0
Kenyon Sims,83679,HB,JVILLE ST,2,0,0,196,,,,,,,60.1,,,66.5,0,0,0,0,0,11,0,0,0
Kavosiey Smoke,83691,HB,COLORADO,10,1,0,143,,,,,,,63.1,,,51.1,3,1,0,0,44,54,50,11,5
Christian Turner,83703,HB,INDIANA,9,0,0,190,,,,59.9,,,71.9,,,69.2,0,0,0,0,0,54,0,2,0
Elijah Collins,83705,HB,OKLA STATE,9,0,0,262,,,,51.6,,,71.6,,,72.4,0,0,0,0,5,18,41,2,2
Daniel Grzesiak,83724,ED,CINCINNATI,12,1,0,138,59.8,,,,,,65.1,,,71.6,0,0,0,43,0,12,7,8,0
C'Bo Flemister,83730,HB,PITTSBURGH,12,0,0,268,,,,59.9,,,74.9,,,78.6,0,0,0,0,46,66,0,37,0
Deshaun Fenwick,83759,HB,OREGON ST,8,0,0,265,,,,59.9,,,59.8,,,72.0,0,0,0,0,1,23,2,0,0
Martell Irby,83784,LB,ARIZONA,11,1,0,109,59.8,,,,,,54.7,,,28.9,0,2,0,12,54,30,24,42,0
Markese Stepp,83786,HB,W KENTUCKY,4,0,0,346,,,,,,,74.6,,,67.9,0,0,0,0,0,23,0,0,0
Richard Newton,83799,HB,WASHINGTON,13,2,0,340,,,,59.6,,,64.2,,,75.0,0,0,0,0,77,59,0,0,1
Isaac Guerendo,83806,HB,LOUISVILLE,14,0,0,210,,,,53.1,,,72.6,,,76.8,0,0,0,0,10,57,28,39,1
Dimitri Stanley,83810,WR,IOWA STATE,3,0,0,193,,,,,,,60.4,63.9,,64.7,0,0,0,0,0,0,0,11,0
Fa'Najae Gotay,83821,LB,MARYLAND,13,0,0,215,59.9,,,,,,67.9,,,73.9,0,0,0,18,20,62,19,4,0
Michael Barrett,83822,LB,MICHIGAN,11,0,0,222,59.6,,,,,,59.6,,,64.1,0,0,0,24,0,2,0,0,0
Bryan Addison,83825,S,OREGON,4,0,0,264,59.9,,,,,,64.7,,,70.4,0,0,0,3,1,2,0,13,0
Armani-Eli Adams,83838,S,FAU,2,0,0,165,,,,,,,61.4,,,68.3,0,0,0,0,4,0,0,2,0
Kaelen Skipper,83839,S,FAU,3,0,0,165,60.2,,,,,,62.4,,,70.7,0,0,0,7,0,9,0,4,0
Jabari Johnson,83846,S,SM HOUSTON,2,0,0,281,,,,,,,54.9,,,68.4,0,0,0,0,0,4,0,1,0
Michael Dowell,83855,S,MIAMI OH,13,1,0,221,60.1,,,,,,74.1,,,79.0,1,0,0,39,66,0,51,0,4
Shawn Preston Jr.,83858,S,MISS STATE,12,1,0,227,59.9,,,,,,67.2,,,67.4,0,0,0,48,18,0,0,8,1
Josh Proctor,83864,S,OHIO STATE,11,0,0,260,60.2,,60.0,,,,57.3,,,71.7,1,0,5,29,29,0,8,20,1
Damion Charity,83867,CB,BALL ST,11,0,0,117,59.8,,,,,,62.0,,,71.4,0,0,0,24,2,3,0,9,0
Steve Stephens IV,83874,S,OREGON,14,0,0,264,59.8,,,,,,70.6,,,80.4,1,0,0,34,103,39,0,56,2
Tre Jenkins,83886,S,S JOSE ST,12,0,0,285,59.6,,,,,,53.0,,,80.3,2,0,0,44,5,19,7,0,0
Keith Gallmon Jr.,83890,S,S ALABAMA,3,0,0,288,60.0,,,,,,60.7,,,67.2,0,0,0,4,4,0,2,1,0
Kelechi Nwachuku,83908,S,UTSA,13,0,0,331,59.7,,,,,,58.6,,,85.9,1,0,0,17,66,1,51,41,2
Reggie Pearson Jr.,83915,S,OKLAHOMA,12,1,0,261,60.0,,,,,,71.1,,,76.1,0,0,0,26,11,13,4,12,0
Charlie Mangieri,83918,TE,NWESTERN,12,0,0,256,,,60.0,59.9,,,61.9,,,74.2,0,0,6,0,0,60,59,0,0
Johnathan Bass,83920,G,CHARLOTTE,9,0,0,136,,,73.3,,,,64.8,,,71.3,0,0,34,0,0,0,0,0,0
Miller Gibbs,83927,TE,APP STATE,2,0,0,108,,,63.4,,,,62.2,,,63.8,0,0,12,0,0,0,0,0,0
Tyneil Hopper,83944,TE,MICH STATE,3,0,0,223,,,63.5,,,,75.9,,,72.1,0,0,12,0,0,13,0,14,0
Dallin Holker,83946,TE,COLO STATE,9,0,0,144,,,,,,,58.5,,,67.3,0,0,0,0,3,1,33,0,0
Dante Zanders,83963,TE,FLORIDA,6,0,0,163,,,70.4,,,,63.7,,,63.9,0,0,31,0,0,0,0,0,0
Pearse Migl,83993,TE,LA LAFAYET,3,0,0,207,,,60.0,,,,61.1,,,63.2,0,0,7,0,0,3,0,0,0
Brevyn Spann-Ford,84006,TE,MINNESOTA,12,0,0,225,,,73.9,,,,64.5,,,65.9,0,0,49,0,1,1,0,0,0
Messiah Swinson,84012,TE,ARIZONA ST,9,0,0,110,,,8.7,,,,28.6,,,68.1,0,1,19,0,0,28,3,0,0
Jacob Warren,84057,TE,TENNESSEE,2,0,0,307,,,,,,,60.2,,,66.3,0,0,0,0,0,2,0,0,0
Matt Alaimo,84066,TE,COAST CAR,9,0,0,141,,,71.9,,,,62.6,,,63.8,0,0,39,0,0,6,1,0,0
Thomas Yassmin,84072,TE,UTAH,5,0,0,328,,,60.0,,,,58.8,,,69.6,0,0,1,0,0,15,0,0,0
Jack Westover,84079,TE,WASHINGTON,15,0,0,340,,,60.0,59.9,,,82.6,,,72.3,0,0,3,0,0,74,47,0,0
Devin Culp,84080,TE,WASHINGTON,15,0,0,340,,,60.0,,,,68.0,,,84.8,0,0,1,0,0,74,0,42,0
Geordon Porter,84112,WR,UCONN,7,0,0,146,,,,,,,55.5,,,28.0,0,1,0,0,1,14,20,0,2
Cameron Johnson,84129,TE,WASH STATE,7,0,0,341,,,,,,,64.2,,,70.4,0,0,0,0,0,6,0,20,0
Matthew Hill,84138,CB,USF,13,1,2,327,59.8,,,61.0,,,65.3,,,30.0,2,3,0,8,73,48,56,52,7
Kolbi Fuqua,84139,CB,JVILLE ST,10,1,0,196,59.7,,,,,,69.6,,,78.9,0,0,0,5,19,0,0,44,1
Stefan Cobbs,84143,WR,BOISE ST,8,0,0,120,,,,59.9,,,56.5,52.1,,68.3,0,0,0,0,1,10,0,34,0
Billy Bowens,84144,WR,BOISE ST,9,0,0,120,,,,,,,59.5,,,71.8,0,0,0,0,3,12,18,0,0
Monroe Young,84153,WR,CAL,11,0,0,130,,,,,,,63.8,,,81.0,0,0,0,0,21,59,5,0,0
Erik Brooks,84187,WR,FRESNO ST,13,0,0,169,,,,61.8,,,61.6,52.1,,68.4,0,0,0,0,1,3,0,58,0
Jaylen Johnson,84191,WR,E CAROLINA,9,0,0,156,,,,,,,31.6,,,72.7,3,0,0,0,0,2,31,0,1
Sam Pinckney,84197,WR,COAST CAR,4,0,0,141,,,,61.8,,,58.9,,,64.2,0,0,0,0,1,3,1,0,0
Carlos Sandy,84215,WR,NEVADA,10,0,0,239,59.8,,,58.0,,,64.2,74.8,,71.1,0,0,0,1,1,41,0,42,0
Tyrone Tracy,84226,HB,PURDUE,11,1,0,273,,,,63.0,,,66.0,63.8,,71.6,0,0,0,0,41,63,48,5,2
B.J. Alexander,84241,WR,FAU,6,0,0,165,,,,,,,56.5,,,73.6,0,0,0,0,1,29,0,0,0
Noah Frith,84253,WR,LIBERTY,1,0,0,206,,,,,,,60.0,,,64.4,0,0,0,0,0,1,0,0,0
Malik Jackson,84267,HB,JVILLE ST,2,0,0,196,,,,,,,60.0,,,65.7,0,0,0,0,0,0,3,0,0
Josh Newton,84268,CB,TCU,12,0,0,305,59.6,,,,,,61.2,,,70.6,0,0,0,59,0,0,0,4,0
Talik Keaton,84282,WR,MARSHALL,11,0,0,214,,,,60.0,,,60.9,70.1,,68.8,0,0,0,0,0,11,0,46,0
Jeshaun Jones,84283,WR,MARYLAND,9,0,0,215,,,,59.9,,,61.4,48.0,,67.2,0,0,0,0,3,2,0,30,0
Miles Battle,84301,CB,UTAH,13,0,0,328,60.1,,,,,,73.8,60.0,,78.1,0,0,0,28,0,3,0,37,0
Khmari Thompson,84313,WR,ARK STATE,2,0,0,113,,,,,,,61.5,,,66.0,0,0,0,0,0,1,0,3,0
Jalen Knox,84314,WR,OLE MISS,12,0,0,226,,,,59.9,,,69.7,,,81.0,0,0,0,0,54,54,30,36,1
Dominic Gicinto,84316,WR,UNLV,1,0,0,325,,,,,,,60.2,,,65.5,0,0,0,0,0,2,0,0,0
Tauskie Dove,84318,WR,MEMPHIS,3,0,0,218,,,,,,,60.1,,,65.5,0,0,0,0,0,3,0,0,0
Andrew Erickson,84333,WR,NEW MEXICO,4,0,0,241,,,,,,,60.4,,,68.0,0,0,0,0,3,9,0,0,0
Roderic Burns,84334,WR,N TEXAS,11,0,0,251,,,,,,,61.2,68.0,,67.9,0,0,0,0,0,4,0,44,0
Raymond Niro III,84343,WR,NWESTERN,4,1,0,256,,,,,,,63.4,,,29.9,0,1,0,0,19,2,23,9,3
Lawrence Keys III,84346,WR,TULANE,7,0,0,319,,,,63.5,,,59.8,63.8,,67.2,0,0,0,0,0,18,7,4,0
Joe Wilkins Jr.,84347,WR,MIAMI OH,1,0,0,221,,,,,,,60.0,,,64.8,0,0,0,0,0,1,0,0,0
Matt Salerno,84350,WR,NOTRE DAME,4,0,0,258,,,,,,,66.0,62.7,,90.1,0,0,0,0,0,13,0,2,0
Blue Smith,84357,WR,W KENTUCKY,2,0,0,346,,,,,,,60.0,,,67.7,0,0,0,0,0,15,5,0,0
Blake Watson,84363,HB,MEMPHIS,8,0,0,218,,,,59.6,,,59.9,,,70.6,0,0,0,0,1,26,4,0,0
Isaah Crocker,84369,WR,NEVADA,1,0,0,239,,,,,,,60.0,,,64.0,0,0,0,0,0,2,0,0,0
Jesiah Irish,84371,WR,OREGON ST,12,0,0,265,,,,65.0,,,61.2,,,32.4,3,1,0,0,43,13,34,31,2
Rweha Munyagi Jr.,84373,WR,OREGON ST,13,0,0,265,,,,,,,67.8,,,84.5,0,0,0,0,5,53,0,37,0
Amad Anderson Jr.,84380,WR,TEMPLE,4,0,0,306,,,,,,,60.0,36.5,,64.3,0,0,0,0,0,0,0,7,0
Eddie Lewis,84390,WR,S CAROLINA,7,0,0,289,,,,,,,60.0,62.8,,70.9,0,0,0,0,0,18,0,21,0
Isaiah Hamilton,84401,WR,WASH STATE,12,0,0,341,,,,58.1,,,60.8,71.8,,69.0,0,0,0,0,0,51,0,47,0
Sam Lockett III,84482,S,WASH STATE,12,0,0,341,59.9,,,,,,64.6,60.0,,69.2,0,0,0,57,8,0,0,2,1
Cam Johnson,84497,WR,NWESTERN,5,0,0,256,,,,,,,60.7,,,66.5,0,0,0,0,0,7,0,0,0
Austin Osborne,84502,WR,BOWL GREEN,3,0,0,122,,,,,,,61.9,,,66.8,0,0,0,0,1,1,0,3,0
James Ohonba,84521,T,LA LAFAYET,3,0,0,207,,,62.3,,,,62.2,,,64.1,0,0,12,0,0,0,0,0,0
Rico Arnold,84529,WR,GA STATE,3,0,0,175,,,,,,,62.8,,,70.4,0,0,0,0,1,0,0,4,0
Chandler Brown,85644,CB,BUFFALO,11,0,0,126,,,,,,,63.7,,,73.5,0,0,0,0,43,3,0,7,0
Eavan Gibbons,85696,S,NAVY,12,2,0,237,59.9,,,,,,62.4,,,29.7,1,3,0,19,45,53,24,36,2
New Zealand Williams,85721,LB,S DIEGO ST,5,0,0,284,59.7,,,,,,68.4,,,69.9,0,0,0,8,0,13,0,0,0
Jayden Dunlap,85725,CB,BYU,2,0,0,128,60.0,,,,,,61.3,,,68.1,0,0,0,1,1,0,0,5,0
Gracen Halton,85774,DI,OKLAHOMA,6,0,0,261,59.6,,,,,,62.9,,,69.4,0,0,0,2,0,0,0,18,0
Darius Muasau,86008,LB,UCLA,13,0,0,324,59.9,,,,,,53.2,,,28.8,0,1,0,41,0,3,0,19,0
Muelu Iosefa,86017,LB,CAL,8,2,0,130,,,,,,,61.3,,,73.1,0,0,0,0,42,1,1,25,0
Jacob Bandes,86082,DI,WASHINGTON,13,0,0,340,58.1,,,,,,59.3,,,77.3,0,0,0,25,0,0,0,3,0
Sergio Muasau,86114,G,HAWAII,1,0,0,180,,,60.0,,,,60.6,,,61.5,0,0,2,0,0,0,0,0,0
Carson Lee,86142,C,E MICHIGAN,9,0,0,160,,,73.3,,,,64.3,,,63.6,0,0,30,0,0,0,0,0,0
Toreon Penright,86146,T,FRESNO ST,9,0,0,169,,,73.5,,,,59.0,,,73.7,1,0,44,0,0,23,26,0,0
Jairus Satele,86168,DI,S JOSE ST,10,0,0,285,58.5,,,,,,58.6,,,67.5,0,0,0,45,0,0,0,0,0
Kalib Perry,86267,LB,TENNESSEE,13,0,0,307,59.7,,,,,,79.8,,,82.7,0,0,0,6,70,48,56,29,0
Dillon Gabriel,86272,QB,OKLAHOMA,1,0,0,261,,,,,,,60.0,,60.0,63.3,0,0,0,0,0,0,1,0,0
Aaron Rodriguez,86345,P,NEW MEXICO,12,1,0,241,,,66.5,,,,63.6,,61.4,72.6,0,0,52,0,0,0,55,0,2
Corey Kiner,86392,HB,CINCINNATI,2,0,0,138,,,,,,,60.6,,,67.8,0,0,0,0,0,2,0,2,0
Jonah Monheim,86461,T,USC,13,0,0,326,,,76.9,,,,65.2,,,66.4,0,0,78,0,0,0,0,0,0
Alex Moore,86489,T,AIR FORCE,13,0,0,101,,,75.1,,,,64.7,,,64.1,0,0,58,0,0,0,0,0,0
Camden O'Gara,86506,LB,ARMY,6,0,0,114,59.9,,,,,,61.4,,,67.3,0,0,0,6,6,9,0,0,0
Camden Jordan,86525,WR,INDIANA,5,0,0,190,,,,,,,61.8,40.5,,68.1,0,0,0,0,0,4,0,13,0
Rodney Robinson,86527,S,BOISE ST,14,1,0,120,59.8,,,,,,71.1,,,80.0,0,0,0,53,65,0,0,63,1
Chase Penry,86538,WR,BOISE ST,4,0,0,120,,,,59.6,,,60.5,64.4,,66.1,0,0,0,0,1,6,0,9,0
Trey Corley,86847,LS,LA MONROE,12,1,0,209,,,82.2,,,83.5,83.8,,,67.6,0,0,36,0,0,0,67,0,2
Ceyair Wright,86877,CB,USC,7,0,0,326,59.9,,,,,,54.7,,,74.1,0,0,0,10,1,0,0,9,0
Carlton Johnson,86963,CB,FRESNO ST,12,0,0,169,59.6,,,,,,60.6,,,47.6,0,1,0,47,3,0,26,14,0
Jirhe Love,86965,S,BOSTON COL,7,0,0,121,,,,,,,77.8,,,75.9,0,0,0,0,5,36,5,23,0
Walter Reynolds,87002,S,OHIO,12,0,0,259,59.8,,,,,,51.5,,,74.2,1,0,0,43,22,1,0,18,1
Josh Shodipo,87066,S,W KENTUCKY,1,0,0,346,,,,,,,60.0,,,64.4,0,0,0,0,0,1,0,0,0
Justin Sambu,87144,DI,BAYLOR,12,0,0,118,59.1,,74.0,,,,65.9,,,29.4,0,1,48,4,0,12,0,0,0
Christy Nkanu,87169,T,WASH STATE,1,0,0,341,,,60.0,,,,60.0,,,63.7,0,0,1,0,0,0,0,0,0
Luke Hamilton,87229,FB,W VIRGINIA,12,0,0,343,,,,59.4,,,73.6,,,75.1,0,0,0,0,2,53,0,22,0
Grant Gonya,87249,P,CHARLOTTE,12,0,0,136,,,65.6,,,,56.9,,57.0,29.9,1,4,41,0,0,0,62,0,3
Donovan Manuel,87272,LB,FIU,12,0,0,166,59.6,,,,,,59.4,,,70.6,0,0,0,67,0,0,44,13,0
Taurrian Stafford,87379,G,NEW MEXICO,11,0,0,241,,,75.3,,,,59.0,,,28.3,0,1,44,0,0,0,0,0,0
Bless Harris,87406,T,FLORIDA ST,4,0,0,167,,,67.4,,,,63.1,,,64.6,0,0,24,0,0,0,0,0,0
Kyle Hergel,87427,G,BOSTON COL,13,0,0,121,,,76.4,,,,65.8,,,73.3,0,0,51,0,0,0,0,0,0
D.J. Twitty,87562,HB,S CAROLINA,1,0,0,289,,,,,,,60.9,,,69.0,0,0,0,0,0,7,0,0,0
Logan Taylor,87618,LB,HAWAII,3,0,0,180,59.8,,,,,,47.9,,,28.8,0,1,0,14,9,0,9,3,0
Henry Teeter,87629,TE,TEXAS TECH,13,0,0,315,,,73.8,,,,83.3,,,70.0,0,0,49,0,1,69,56,8,1
Shawn Bowman,87634,TE,RUTGERS,12,0,0,278,,,68.6,,,,62.0,,,68.9,0,0,27,0,0,1,57,0,0
Tanner McLachlan,87645,TE,ARIZONA,13,0,0,109,,,77.5,,,,64.8,,,69.4,0,0,77,0,1,7,3,4,0
Nolan Quinlan,87650,TE,LA MONROE,12,0,0,209,,,51.0,59.9,,,57.9,,,65.6,0,0,36,0,0,10,0,0,0
Jeremiah Hixon,87662,WR,NEW MEXICO,8,0,0,241,,,,60.0,,,61.1,66.8,,66.9,0,0,0,0,1,5,0,26,0
Erik Pizarro,87699,WR,KANSAS ST,8,0,0,199,,,,,,,37.2,,,28.6,0,2,0,0,1,8,0,28,0
Je'Quan Burton,87729,WR,FAU,9,0,0,165,,,,58.1,,,28.7,,,63.9,0,0,0,0,0,40,0,0,0
Sam Wiglusz,88315,WR,OHIO,3,0,0,259,,,,59.9,,,60.2,62.9,,65.0,0,0,0,0,0,6,0,10,0
Marcis Floyd,88366,S,W VIRGINIA,11,0,0,343,60.1,,,60.0,,,34.4,,,29.7,2,1,0,27,57,1,39,14,2
Scotty Humpich,88437,ED,PURDUE,5,0,0,273,,,,,,,62.8,,,72.8,0,0,0,0,0,27,0,18,0
James Makszin,88452,DI,BALL ST,7,0,0,117,58.8,,,,,,59.2,,,66.5,0,0,0,13,0,0,0,1,0
Nate Norris,88501,LB,W MICHIGAN,12,2,0,347,60.2,,,,,,74.0,,,51.7,0,1,0,39,58,0,56,17,6
Collin Springer,88537,LS,GA SOUTHRN,12,0,0,174,,,,,,46.3,57.9,,,66.6,0,0,0,0,0,0,42,0,1
Tre Weed,88679,S,NEVADA,10,0,0,239,60.1,,,,,,68.5,,,70.4,0,0,0,12,11,9,0,6,0
Freddie Roberson,88719,WR,MISS STATE,4,0,0,227,,,,,,,73.8,,,71.6,0,0,0,0,1,5,0,9,0
Landon Parker,88746,WR,TROY,2,0,0,318,,,,,,,59.7,,,65.7,0,0,0,0,0,0,2,0,0
Kaden Rogers,88826,G,OHIO,4,0,0,259,,,61.4,,,,45.4,,,26.1,0,1,11,0,0,0,0,0,0
Josh Simmons,88924,T,OHIO STATE,13,0,0,260,,,76.7,,,,66.0,,,74.7,0,0,68,0,0,0,0,0,0
Gabriel Murphy,89099,ED,UCLA,13,0,0,324,59.4,,,,,,63.6,,,75.9,0,0,0,34,0,0,0,16,0
BJ Sculark,89120,CB,NEW MEX ST,12,0,0,242,59.5,,,,,,66.4,,,77.1,0,0,0,38,36,0,0,18,0
Charles Woods,89148,CB,SMU,13,0,0,287,59.9,,,,,,73.7,,,79.4,0,0,0,28,9,1,1,55,0
Andre Sam,89166,S,LSU,13,0,0,211,60.1,,,,,,64.1,,,46.5,1,1,0,47,86,0,24,2,4
Coleman Coco,89204,ED,RICE,8,0,0,275,58.8,,,,,,60.9,,,67.3,0,0,0,16,0,0,0,9,0
Clayton Isbell,89459,S,COAST CAR,13,0,0,141,59.7,,,,,,62.1,,,66.0,0,0,0,54,1,3,0,12,0
Nathan Bax,89474,TE,ARKANSAS,3,0,0,111,,,,,,,57.1,,,63.2,0,0,0,0,1,3,0,0,0
Steven Stilianos,89478,TE,IOWA,10,0,0,192,,,66.8,59.9,,,63.8,,,70.7,0,0,19,0,0,39,0,0,0
David Reese,90079,ED,CAL,13,0,0,130,59.8,,,,,,63.2,,,73.5,0,0,0,39,13,16,0,3,2
Abdul-Lateef Audu,90088,CB,W KENTUCKY,1,0,0,346,59.7,,,,,,61.9,,,66.3,0,0,0,2,7,0,0,0,0
Davis Salom,90160,LS,S JOSE ST,1,0,0,285,,,60.0,,,68.5,61.5,,,61.4,0,0,3,0,0,0,0,0,0
Dalton Norris,90192,DI,MIAMI OH,1,0,0,221,,,60.0,,,,60.0,,,60.6,0,0,1,0,0,0,0,0,0
Reymello Murphy,90224,WR,DOMINION,6,0,0,263,,,,,,,63.5,48.2,,71.1,0,0,0,0,6,20,0,15,1
Nilay Upadhyayula,90279,LS,UCONN,12,0,0,146,,,23.5,,,66.0,50.5,,,67.2,4,0,43,0,0,0,61,0,2
Chris Carter,90335,TE,TULANE,13,0,0,319,,,75.6,,,,67.6,,,67.7,0,0,64,0,0,24,0,0,0
Chance Tucker,90524,CB,NOTRE DAME,7,0,0,258,60.0,,,,,,70.6,,,73.2,0,0,0,1,5,0,0,20,0
Ose Egbase,90529,ED,UNLV,8,0,0,325,59.0,,,,,,59.5,,,65.1,0,0,0,9,0,0,0,1,0
Skylar Loving-Black,90613,TE,S JOSE ST,13,0,0,285,,,76.3,,,,65.0,,,61.8,0,0,70,0,0,0,0,0,0
Beau Gardner,90626,LS,UCLA,13,2,0,324,,,51.1,,,55.1,67.1,,,66.7,1,0,62,0,0,0,48,0,1
Tyrice Ivy Jr.,90783,CB,OREGON ST,4,0,0,265,59.8,,,,,,62.3,,,67.2,0,0,0,3,19,0,0,0,2
Isaac Gallegos,90831,CB,NEW MEX ST,1,0,0,242,,,,,,,60.0,,,62.4,0,0,0,0,1,0,0,0,0
Riley Sharp,90868,TE,OREGON ST,13,0,0,265,,,76.1,,,,65.9,,,74.3,0,0,65,0,4,6,4,32,0
Dane Jackson,90914,C,OHIO,2,0,0,259,,,65.5,,,,62.8,,,68.6,0,0,11,0,0,0,0,0,0
Andrew Choi,90947,ED,HAWAII,5,0,0,180,,,,,,,62.8,,,68.4,0,0,0,0,0,0,0,9,0
Trey Laing,91245,ED,INDIANA,1,0,0,190,59.7,,,,,,60.0,,,61.8,0,0,0,1,0,0,0,0,0
Amonte Strothers,91263,CB,BUFFALO,5,0,0,126,60.1,,,,,,59.1,,,70.9,0,0,0,12,6,0,3,8,0
Tony Pierce Jr.,91281,ED,COLO STATE,12,0,0,144,58.6,,,,,,52.1,,,29.7,0,1,0,36,14,0,0,6,0
Jojo Falo,91309,DI,HAWAII,1,0,0,180,,,,,,,60.0,,,64.1,0,0,0,0,0,0,0,1,0
Ryan Rivera,91360,TE,LA TECH,11,0,0,208,,,,42.3,,,81.8,,,82.6,0,0,0,0,44,64,0,0,1
Noah Plack,91394,LB,UCONN,12,0,0,146,59.7,,,,,,52.7,,,78.0,3,0,0,62,24,2,59,24,3
Isaiah Ifanse,91411,HB,CAL,4,0,0,130,,,,,,,63.9,,,70.1,0,0,0,0,11,0,0,5,0
Phoenix Sproles,91436,WR,JAMES MAD,4,0,0,197,,,,,,,76.2,,,72.4,0,0,0,0,1,3,0,10,1
Koby Duru,91441,WR,LA TECH,8,0,0,208,,,,60.0,,,34.4,,,27.3,1,2,0,0,16,12,0,23,0
Demetrius Harris,91549,S,BUFFALO,7,0,0,126,59.8,,,,,,61.6,,,72.1,0,0,0,20,3,15,0,11,0
Kaci Moreka,91693,T,N TEXAS,11,0,0,251,,,74.3,,,,64.7,,,66.2,0,0,53,0,0,0,0,0,0
Joe Golden,91790,DI,OREGON ST,13,0,0,265,58.5,,76.0,,,,62.4,,,71.9,0,0,64,46,0,0,37,8,0
Curtis Raymond III,91814,TE,TCU,12,0,0,305,,,74.4,,,,55.4,,,76.0,1,1,55,0,62,58,1,21,1
Josh Kelly,97061,WR,WASH STATE,3,0,0,341,,,,59.9,,,68.5,,,91.9,0,0,0,0,0,4,0,0,0
Trevor Horton,97067,HB,DUKE,1,0,0,154,,,,,,,60.0,60.0,,62.1,0,0,0,0,0,0,0,1,0
DJ England-Chisolm,97068,WR,MIDDLE TN,12,0,0,224,,,,55.5,,,48.7,,,72.1,3,0,0,0,2,62,37,0,0
Calvin Hill,97069,HB,TEXAS ST,6,0,0,314,,,,,,,63.5,,,67.1,0,0,0,0,0,33,0,0,0
Ron Cook Jr.,97070,HB,BUFFALO,12,0,0,126,,,,57.2,,,59.9,55.6,,67.1,0,0,0,0,1,63,0,40,0
Anthony Gould,97078,WR,OREGON ST,10,0,1,265,,,,59.4,,,36.3,74.9,,27.3,0,1,0,0,0,5,1,37,0
Aaron Bedgood,97079,HB,LIBERTY,14,0,1,206,,,,56.1,,,48.3,60.5,,28.6,0,1,0,0,0,65,0,16,0
Jermaine Brown Jr.,97084,HB,UAB,11,0,0,321,,,,59.9,,,59.9,,,64.7,0,0,0,0,0,58,0,1,0
Amir McDaniel,97087,CB,LA LAFAYET,12,0,0,207,,,,,,,48.6,,,30.0,1,1,0,0,74,0,9,0,4
Keilan Robinson,97097,HB,TEXAS,13,1,0,311,59.6,,,75.3,,,53.6,,,29.0,2,2,0,5,33,47,37,64,0
Cam Ross,97105,WR,UCONN,7,0,0,146,,,,52.0,,,73.7,67.1,,64.7,0,0,0,0,0,20,0,10,0
Malik Washington,97108,WR,VIRGINIA,11,0,0,335,,,,60.6,,,60.3,,,64.9,0,0,0,0,2,63,0,0,0
Velton Gardner,97110,HB,SMU,4,0,0,287,,,,,,,56.8,,,67.1,0,0,0,0,2,10,1,0,0
Pat Garwo III,97120,HB,BOSTON COL,1,0,0,121,,,,,,,59.9,,,65.3,0,0,0,0,0,4,0,0,0
Gerald Green,97121,HB,E CAROLINA,7,0,0,156,,,,59.2,,,64.1,,,70.8,0,0,0,0,0,31,0,0,0
Sean Tyler,97124,HB,MINNESOTA,4,0,0,225,,,,42.7,,,60.0,,,62.9,0,0,0,0,0,14,0,0,0
Jacquez Stuart,97125,HB,TOLEDO,11,0,0,316,,,,76.5,,,59.8,,,64.1,0,0,0,0,0,47,0,0,0
Samario Rudolph,97127,WR,UAB,4,0,0,321,,,,,,,59.1,,,69.7,0,0,0,0,0,0,12,0,0
Marcus Cisco,97128,HB,NWESTERN,1,0,0,256,,,,,,,60.0,,,62.1,0,0,0,0,1,0,0,0,0
Jsi Hatfield,97131,WR,E CAROLINA,12,0,0,156,,,,64.3,,,61.7,63.6,,68.8,0,0,0,0,8,39,1,57,0
Trey Franklin,97132,CB,LOUISVILLE,14,3,0,210,59.9,,,,,,69.1,,,39.3,0,1,0,1,81,15,6,63,2
Wynston Russell,97137,S,OREGON ST,3,0,0,265,59.9,,,,,,66.7,,,66.6,0,0,0,3,4,0,1,1,0
Antavious Lane,97141,S,N CAROLINA,11,0,0,245,59.5,,,,,,56.2,,,72.7,2,0,0,28,68,6,0,8,2
Bralyn Lux,97143,CB,TEXAS TECH,12,0,0,315,60.2,,,,,,63.4,,,29.5,0,1,0,14,62,0,0,25,3
Malik Fleming,97144,S,HOUSTON,11,0,0,182,59.9,,,,,,62.1,76.2,,72.3,0,0,0,27,0,0,0,38,0
Michael Hayes,97151,K,W VIRGINIA,13,0,0,343,,83.9,,,70.2,,63.9,,,76.5,2,0,67,0,74,0,0,0,1
Brandon Talton,97152,K,NEVADA,12,0,0,239,,81.6,,,,,61.1,,,66.4,0,0,39,0,0,0,0,0,0
Jacob Barnes,97155,K,LA TECH,12,0,0,208,,77.2,,,57.3,,61.4,,,67.5,0,0,46,0,3,0,0,0,0
Isaiah Williams,97156,WR,ILLINOIS,12,0,0,187,,,,,,,61.2,59.5,,68.0,0,0,0,0,0,1,0,55,0
Samy Johnson,97158,CB,ARK STATE,13,0,0,113,59.6,,,,,,65.7,,,77.6,0,0,0,45,2,0,0,40,0
Khaleb Hood,97159,WR,GA SOUTHRN,13,0,0,174,,,,,,,61.8,82.2,,68.5,0,0,0,0,1,2,0,59,0
Aaron Young,97161,HB,RUTGERS,9,1,0,278,,,,59.6,,,58.3,,,75.1,0,0,0,0,29,47,0,11,0
Ahmarean Brown,97164,WR,S CAROLINA,4,0,0,289,,,,,,,61.2,65.0,,65.3,0,0,0,0,3,1,0,7,0
Alante Brown,97171,WR,MICH STATE,11,0,0,223,,,,44.9,,,59.7,,,29.4,1,2,0,0,1,50,47,13,3
Jalen Mitchell,97173,HB,UCONN,12,2,0,146,,,,61.8,,,55.4,,,44.6,0,1,0,0,50,43,21,8,1
Dashaun Davis,97178,WR,APP STATE,1,0,0,108,,,,,,,60.0,,,63.1,0,0,0,0,0,1,0,0,0
Mike Sainristil,97180,CB,MICHIGAN,11,0,0,222,59.7,,,67.3,,,60.5,,,71.3,0,0,0,27,0,2,8,0,0
Dayton Wade,97181,WR,OLE MISS,6,0,0,226,,,,63.0,,,59.9,55.0,,66.4,0,0,0,0,0,4,3,4,0
Austin Jones,97183,HB,USC,13,0,0,326,,,,,,,65.3,,,80.5,0,1,0,0,15,52,0,14,1
Joachim Bangda,97184,HB,CHARLOTTE,11,1,0,136,,,,59.6,,,75.3,,,76.5,0,0,0,0,30,36,1,38,2
Noah Cain,97185,HB,LSU,12,0,0,211,,,,58.2,,,59.4,,,71.1,0,0,0,0,0,62,0,0,0
Dante Wright,97188,WR,TEMPLE,10,0,0,306,,,,,,,59.9,71.8,,67.8,0,0,0,0,0,0,3,38,0
Jamious Griffin,97189,HB,OLE MISS,9,1,0,226,,,,59.9,,,70.8,,,75.2,0,0,0,0,47,36,0,9,2
Reese White,97197,HB,COAST CAR,5,0,0,141,,,,56.9,,,59.5,,,65.3,0,0,0,0,1,13,1,0,0
Ulysses Bentley IV,97200,HB,OLE MISS,13,0,0,226,,,,50.0,,,60.0,60.0,,64.5,0,0,0,0,0,58,0,1,0
Jaylen Thomas,97201,HB,KENT STATE,10,1,0,201,,,,,,,70.6,,,80.7,1,0,0,0,10,51,23,22,1
Juwaun Price,97204,HB,SYRACUSE,7,0,0,304,,,,,,,60.5,,,70.5,0,0,0,0,7,31,0,0,0
Christian Dremel,97211,WR,RUTGERS,7,0,0,278,,,,59.0,,,60.8,47.8,,65.8,0,0,0,0,0,4,0,22,0
Taylor Morin,97213,WR,WAKE,12,0,0,339,,,,,,,61.4,68.9,,69.5,0,0,0,0,2,1,5,55,0
Lincoln Victor,97215,WR,WASH STATE,8,0,0,341,,,61.3,65.0,,,62.2,60.3,,66.5,0,0,12,0,7,17,0,4,0
Jacob Bernard,97218,WR,LA LAFAYET,13,0,0,207,,,,54.6,,,69.9,49.9,,90.3,0,0,0,0,0,8,0,55,0
Anthony Wilson,97220,S,W VIRGINIA,13,1,1,343,60.1,,,,,,58.0,,,29.3,2,1,0,56,70,0,1,10,3
Chris McDonald,97222,CB,TOLEDO,14,0,1,316,59.8,,,,,,55.2,,,77.8,0,2,0,43,13,56,0,29,0
Brandon Crossley,97225,S,SMU,6,0,0,287,59.9,,,,,,66.0,,,68.7,0,0,0,14,16,0,0,11,1
Micah Abraham,97232,CB,MARSHALL,13,0,0,214,59.8,,,,,,64.4,,,77.3,0,0,0,68,5,0,0,37,0
Rod Heard II,97237,CB,NWESTERN,13,0,0,256,60.3,,,61.8,,,62.8,,,76.1,0,0,0,46,56,7,75,19,1
Chike Anigbogu,97239,LB,RICE,12,0,0,275,60.0,,,,,,68.4,,,81.7,1,0,0,18,59,48,0,43,1
Keondre Swoopes,97241,S,UAB,11,0,0,321,59.9,,,,,,63.0,,,70.9,0,0,0,55,8,1,0,23,0
Isaiah Essissima,97243,CB,NEVADA,4,0,0,239,59.5,,,,,,43.8,,,27.4,0,1,0,20,0,0,0,0,0
Charvis Thornton,97246,HB,LA TECH,1,0,0,208,,,,,,,60.2,,,62.9,0,0,0,0,2,0,0,0,0
Rashad Wisdom,97249,S,UTSA,13,0,0,331,59.7,,,,,,56.5,,,37.8,0,1,0,42,60,1,0,13,0
Jaden Davis,97250,CB,MIAMI FL,13,0,1,220,59.6,,,,,,50.8,,,29.3,0,1,0,35,22,5,1,18,0
Will Goldberg,97257,S,SMU,3,0,0,287,60.0,,,,,,68.9,,,67.7,0,0,0,1,5,0,0,5,1
Matt Quinn,97259,K,UAB,12,0,0,321,,61.4,,,45.5,,61.6,,,68.0,0,0,57,0,4,0,0,0,0
Evan Davis,97261,LS,BUFFALO,12,1,0,126,,,73.8,,,74.1,70.6,,,67.1,2,0,47,0,0,0,55,0,1
Luke Pawlak,97267,K,TOLEDO,14,0,0,316,,78.3,,,67.6,,62.7,,,72.0,0,0,66,0,30,0,0,0,0
Mycah Pittman,97270,WR,UTAH,2,0,0,328,,,,,,,60.1,66.1,,64.5,0,0,0,0,0,0,0,8,0
Jalon Calhoun,97272,WR,DUKE,13,0,0,154,,,,,,,60.5,83.1,,67.9,0,0,0,0,0,0,1,52,0
Dywan Griffin,97274,CB,UTSA,12,0,0,331,59.6,,,,,,61.5,,,71.0,0,0,0,38,0,0,0,3,0
Corey Crooms Jr.,97276,WR,MINNESOTA,4,0,0,225,,,,61.8,,,60.3,64.7,,64.6,0,0,0,0,0,2,0,5,0
Javon Harvey,97278,WR,DOMINION,9,0,0,263,,,,,,,71.3,,,31.7,0,1,0,0,7,0,38,8,5
Deon Fountain,97281,WR,COAST CAR,9,0,0,141,,,,59.9,,,62.4,,,71.1,0,0,0,0,10,37,0,8,0
Trenton Bourguet,97285,QB,ARIZONA ST,5,0,0,110,,,60.0,,,,53.7,,,65.5,0,1,5,0,0,0,6,0,0
Trevor Wilson,97287,WR,KANSAS,12,0,0,198,,,,54.4,,,68.5,59.1,,77.9,0,0,0,0,64,45,22,33,1
Tahj Washington,97288,WR,USC,13,0,0,326,,,,59.4,,,71.9,,,41.3,0,1,0,0,1,80,45,37,2
Reddy Steward,97289,CB,TROY,13,0,0,318,59.8,,,59.1,,,63.4,,,74.1,0,0,0,41,2,4,3,23,0
Dell Pettus,97290,S,TROY,14,1,0,318,60.3,,,,,,68.6,,,74.3,0,0,0,38,1,2,52,2,1
Edward Saydee,97300,HB,TEMPLE,12,0,0,306,,,,57.6,,,69.9,,,77.0,0,0,0,0,6,81,1,25,1
Enoch Nawahine,97303,HB,BYU,12,1,0,128,,,,,,,47.3,,,45.3,1,1,0,0,56,37,0,12,2
Devyn Ford,97305,HB,NOTRE DAME,11,3,0,258,,,,51.5,,,90.5,,,74.7,0,0,0,0,42,36,23,2,3
Tyler Lavine,97307,HB,SMU,14,0,0,287,,,,67.3,,,59.7,,,79.3,0,0,0,0,8,54,40,31,1
Jerjuan Newton,97308,WR,TOLEDO,13,0,0,316,,,,71.2,,,79.2,,,72.8,0,0,0,0,0,59,12,0,0
Larry McCammon III,97309,HB,FAU,3,1,0,165,,,,,,,64.6,,,67.2,0,0,0,0,0,0,16,0,0
Jacob Flynn,97318,WR,UCONN,1,0,0,146,,,,,,,57.4,,,66.3,0,0,0,0,0,10,0,0,0
Ryan Davis,97321,WR,NEW MEXICO,5,0,0,241,,,,59.4,,,60.6,,,68.6,0,0,0,0,1,14,0,0,0
Jordan Clark,97324,CB,ARIZONA ST,11,0,0,110,59.9,,,,,,55.2,,,71.2,1,0,0,58,1,0,12,11,0
Thomas Harper,97325,CB,NOTRE DAME,4,0,0,258,,,,,,,59.9,,,76.7,1,0,0,0,14,0,1,12,0
Daquan Evans,97326,CB,USF,12,0,0,327,60.4,,,,,,62.1,,,73.8,0,0,0,53,0,0,3,1,0
Derrick Canteen,97329,CB,VA TECH,13,1,0,337,60.1,,,,,,68.9,,,46.3,1,1,0,24,48,2,44,1,3
Juan Powell,97330,CB,COAST CAR,9,0,0,141,59.8,,,,,,60.5,,,64.8,0,0,0,39,4,0,0,0,0
Kiland Harrison,97335,CB,TULANE,13,2,0,319,,,,,,,79.0,,,58.0,2,1,0,0,70,0,44,42,6
Keaton Ellis,97338,S,PENN STATE,12,0,0,266,59.9,,,,,,74.0,,,80.9,0,0,0,5,67,29,16,22,3
Ken Robinson,97341,S,UTSA,11,1,0,331,60.1,,,,,,61.4,,,70.3,0,0,0,32,5,8,4,0,0
AJ Williams,97343,S,WAKE,11,0,0,339,60.2,,,,,,63.6,,,80.9,0,0,0,12,52,14,48,38,3
Dadrion Taylor-Demerson,97348,S,TEXAS TECH,12,0,0,315,59.7,,,,,,60.6,,,65.7,0,0,0,53,9,0,0,0,0
Jakeen Harris,97351,S,NC STATE,2,0,0,248,,,,,,,60.8,,,64.6,0,0,0,0,1,0,0,2,0
Coco Azema,97353,S,NWESTERN,10,0,0,256,60.1,,,66.0,,,54.4,,,71.1,3,0,0,13,34,44,0,12,3
Alex Hogan,97354,CB,HOUSTON,6,0,0,182,60.0,,,,,,53.1,,,28.4,0,1,0,3,0,0,0,26,0
Reid Dedman,97372,LB,GA SOUTHRN,13,1,0,174,59.8,,,,,,67.3,,,51.0,0,1,0,5,76,72,27,49,0
Christian Roland-Wallace,97374,CB,USC,12,0,0,326,60.8,,,,,,59.5,,,78.8,0,1,0,54,17,29,0,24,1
Keontra Smith,97375,LB,MIAMI FL,12,1,0,220,60.0,,,,,,60.0,,,41.8,1,1,0,3,64,51,34,30,2
Woodi Washington,97379,CB,OKLAHOMA,13,0,0,261,60.3,,,,,,63.2,,,73.4,0,0,0,51,2,1,27,12,1
Jarius Reimonenq,97383,S,JAMES MAD,12,0,0,197,60.1,,,,,,70.4,,,78.3,0,0,0,20,5,11,0,53,0
Solomon Brown,97386,CB,BUFFALO,7,0,0,126,60.3,,,,,,65.1,,,69.3,0,0,0,26,6,0,0,0,1
Jackson Baltar,97389,P,BUFFALO,12,0,0,126,,,66.1,,,,62.0,,,61.1,0,0,47,0,0,0,0,0,0
Aidan Livingston,97391,LS,VIRGINIA,5,0,0,335,,,,,,79.0,92.4,,,65.5,0,0,0,0,0,0,23,0,1
Daton Montiel,97392,P,FIU,12,0,0,166,,,65.5,,,,63.6,,54.0,74.6,0,0,40,0,0,0,73,0,0
Alex Raynor,97397,K,KENTUCKY,13,0,0,202,,85.2,,,68.2,,62.0,,,69.3,0,0,60,0,11,0,0,0,1
Khafre Brown,97398,WR,USF,1,0,0,327,,,,,,,60.0,,,62.1,0,0,0,0,1,0,0,0,0
Jamari Thrash,97399,WR,LOUISVILLE,3,0,0,210,,,,,,,60.6,,,69.6,0,0,0,0,0,5,1,0,0
John Emery Jr.,97403,HB,LSU,2,0,0,211,,,,,,,38.9,,,65.9,0,0,0,0,8,0,0,0,0
Jordan Yates,97416,HB,SM HOUSTON,11,0,0,281,,,,51.6,,,68.6,,,77.3,1,0,0,0,4,57,0,28,0
Dino Tomlin,97422,WR,BOSTON COL,2,0,0,121,,,,,,,57.8,,,68.2,0,0,0,0,0,5,0,1,0
Bryce Kirtz,97424,WR,NWESTERN,5,0,0,256,,,,63.5,,,60.1,62.4,,64.3,0,0,0,0,0,8,0,4,0
Trey Sanders,97433,HB,TCU,4,0,0,305,,,,,,,74.9,,,67.8,0,0,0,0,0,24,0,0,0
Luis Cristobal Jr.,97453,G,MIAMI FL,1,0,0,220,,,60.0,,,,60.0,,,62.1,0,0,2,0,0,0,0,0,0
Nino Mastromatteo,97460,CB,COAST CAR,1,0,0,141,,,,,,,60.0,,,62.1,0,0,0,0,1,0,0,0,0
Keyon Lesane,97464,WR,NC STATE,12,0,0,248,,,,63.2,,,64.2,,,44.9,1,1,0,0,0,42,53,1,3
Jack Kennedy,97465,WR,NWESTERN,11,0,0,256,,,,,,,57.8,,,75.8,0,0,0,0,1,37,0,32,0
Nicktroy Fortune,97469,CB,UTSA,13,0,0,331,59.8,,,,,,63.5,,,74.2,0,0,0,33,22,0,0,21,1
Keonte Glinton,97470,CB,NEW MEX ST,15,1,0,242,59.7,,,,,,63.5,,,33.3,0,1,0,25,81,0,0,34,1
Roderick Roberson,97471,S,LA TECH,12,0,0,208,60.0,,,,,,47.9,,,76.3,3,1,0,15,34,5,23,33,1
Kerry Martin Jr.,97473,S,AKRON,11,0,1,102,59.8,,,,,,35.7,,,27.9,1,1,0,36,25,0,0,3,1
Cameron Williams,97475,S,GA SOUTHRN,4,0,0,174,60.1,,,,,,60.3,,,62.5,0,0,0,13,0,0,0,1,0
Derin McCulley,97476,WR,INDIANA,8,0,0,190,,,,,,,70.6,,,70.5,0,0,0,0,2,45,0,8,0
Dallas Gamble,97483,CB,S ALABAMA,13,3,0,288,59.8,,,,,,72.5,,,87.6,0,0,0,2,74,57,41,63,3
Myles Bell,97485,CB,MARSHALL,6,2,0,214,,,,,,,63.7,,,70.1,0,0,0,0,22,0,0,4,0
Jarrian Jones,97486,CB,FLORIDA ST,10,0,0,167,,,,,,,73.4,,,75.4,1,0,0,0,36,0,18,5,3
Kenneth Logan Jr.,97494,S,KANSAS,13,0,0,198,60.0,,,67.3,,,60.9,60.6,,68.6,1,0,0,47,5,31,0,8,0
Dean Clark,97495,S,FRESNO ST,12,0,0,169,59.8,,,,,,69.4,,,71.5,0,0,0,48,6,16,8,23,1
Dane Motley,97497,LB,ARK STATE,13,0,0,113,59.8,,,,,,67.3,,,74.6,0,0,0,16,3,77,34,4,0
Caleb Tate,97499,LB,BUFFALO,5,0,0,126,,,,,,,60.8,,,70.6,0,1,0,0,11,25,0,5,0
Jaden Voisin,97506,S,S ALABAMA,12,0,0,288,59.6,,,,,,59.9,,,64.9,0,0,0,43,0,2,0,0,0
Damon Miller,97507,S,UAB,6,0,0,321,59.9,,,,,,49.2,,,73.6,1,0,0,4,8,6,0,7,0
Josh DeBerry,97508,CB,TEXAS A&M,10,0,0,312,60.2,,,,,,75.6,,,76.2,1,0,0,29,60,2,0,28,5
Damien Miller,97509,S,UAB,10,0,0,321,59.8,,,,,,64.9,,,71.2,1,0,0,16,13,32,0,5,1
Marvae Myers,97517,S,MIDDLE TN,12,0,0,224,59.7,,,,,,79.3,,,74.7,0,0,0,15,5,50,1,48,2
Malik Dixon-Williams,97520,S,UCONN,9,0,0,146,59.8,,,,,,67.7,,,70.0,1,0,0,40,24,0,21,0,3
Malachi Langley,97532,LB,FRESNO ST,12,0,0,169,60.0,,,,,,60.7,,,65.1,0,0,0,49,1,2,0,0,0
Quincy Riley,97539,CB,LOUISVILLE,12,0,0,210,59.5,,,60.0,,,61.3,,,72.9,0,0,0,51,0,6,0,0,0
Chad Stephens,97541,ED,E CAROLINA,11,0,0,156,58.8,,,,,,58.9,,,67.4,0,0,0,38,0,0,0,0,0
Jordan Veneziale,97542,LB,GA STATE,13,0,0,175,59.0,,,61.8,,,64.8,,,78.6,0,0,0,30,41,73,4,14,3
Jett Elad,97543,S,UNLV,13,0,0,325,59.3,,,,,,51.0,,,75.9,0,1,0,30,11,0,14,30,0
Jayden Jernigan,97544,DI,MISSOURI,13,0,0,229,58.4,,,,,,59.5,,,68.0,0,0,0,26,0,0,0,6,0
Jackson Barrow,97545,LB,TOLEDO,14,0,0,316,60.1,,,43.9,,,48.3,,,72.6,3,0,0,10,36,17,3,3,1
Dorian Jones,97546,LB,CINCINNATI,11,0,0,138,59.9,,,,,,68.7,,,69.2,0,0,0,45,6,0,11,16,1
Tanner Blount,97551,LB,FRESNO ST,11,1,0,169,60.0,,,,,,46.3,,,77.1,0,0,0,1,58,0,0,18,0
Mark Perry,97556,S,TCU,12,0,0,305,59.6,,,,,,63.3,,,80.2,0,0,0,44,8,0,0,9,0
Thomas Gore,97560,DI,MIAMI FL,13,0,0,220,58.6,,,,,,59.8,,,66.1,0,0,0,9,0,0,28,3,0
Marcus Fuqua,97563,S,BUFFALO,12,0,0,126,59.6,,,,,,60.0,,,64.6,0,0,0,58,2,0,0,1,0
Jeff Clark,97566,DI,LOUISVILLE,11,0,0,210,58.2,,,,,,59.2,,,67.7,0,0,0,15,0,0,0,6,0
Elijah Chatman,97568,DI,SMU,12,0,0,287,58.0,,,,,,59.6,,,74.6,0,0,0,27,0,3,8,12,0
Javon Denis,97572,ED,GA STATE,12,0,0,175,59.9,,,,,,62.2,,,68.8,0,0,0,37,0,0,0,9,0
Kierron Smith,97574,DI,GA SOUTHRN,2,0,0,174,59.6,,,,,,60.9,,,65.8,0,0,0,4,0,0,0,2,0
Everett Hayes,97578,K,OREGON ST,5,0,0,265,,,,,71.4,,61.6,,,73.2,0,0,0,0,23,0,0,0,0
Diego Guajardo,97579,K,S ALABAMA,13,0,0,288,,69.8,,,,,61.6,,,67.6,0,0,68,0,0,0,0,0,0
Logan Lupo,97582,K,FAU,12,0,0,165,,73.3,,,60.0,,63.5,,82.4,74.5,1,0,30,0,1,0,57,0,2
Ethan Hudak,97585,LS,TULANE,14,0,0,319,,,71.0,,,57.1,63.3,,,66.9,2,0,68,0,0,0,51,0,2
Ivan Mora,97589,P,WAKE,12,0,0,339,,,66.0,,58.3,,63.4,,64.1,73.3,0,0,45,0,2,0,58,0,0
Dannis Jackson,97594,WR,MISSOURI,4,0,0,229,,,,,,,46.2,,,70.5,0,1,0,0,7,0,0,19,0
Javion Posey,97606,WR,FAU,6,0,0,165,,,,59.6,,,65.9,,,74.3,0,0,0,0,0,21,6,18,0
Damari Roberson,97609,S,W MICHIGAN,11,0,0,347,59.7,,,,,,55.7,,,30.0,0,1,0,60,0,1,17,11,0
Tyler Davis,97610,DI,CLEMSON,13,0,0,140,58.2,,77.6,,,,67.4,,,77.9,0,0,69,37,0,0,63,17,1
DeJordan Mask,97611,CB,UCF,4,0,0,323,60.2,,,,,,61.1,,,66.1,0,0,0,15,2,0,0,0,0
Eric Wenzel,97619,S,W MICHIGAN,11,0,0,347,,,,,,,63.1,,,74.2,0,0,0,0,7,31,0,31,0
Jordan Whittington,97623,WR,TEXAS,8,0,0,311,,,,59.6,,,66.6,29.3,,70.3,0,1,0,0,1,21,17,11,0
Jaylen Coleman,97624,HB,DUKE,8,0,0,154,,,,,,,74.4,,,74.8,0,0,0,0,0,35,0,25,0
Sheridan Jones,97633,CB,CLEMSON,7,0,0,140,60.2,,,,,,62.2,,,70.5,0,0,0,21,0,0,0,5,0
Nate Wyatt,97634,CB,DOMINION,9,0,0,263,,,,,,,68.6,,,76.2,0,0,0,0,1,4,0,32,0
Beau Johnson,97640,TE,GA SOUTHRN,12,0,0,174,,,76.1,,,,64.9,,,61.2,0,0,69,0,0,0,0,0,0
Sincere Haynesworth,97644,C,TULANE,4,0,0,319,,,70.4,,,,63.6,,,63.2,0,0,20,0,0,0,0,0,0
Jakai Clark,97645,G,SMU,6,0,0,287,,,72.5,,,,64.0,,,71.6,0,0,30,0,0,0,1,0,0
Dom Polizzi,97651,C,BUFFALO,8,0,0,126,,,68.8,,,,64.2,,,72.5,0,0,25,0,0,0,1,0,0
Tanner Miller,97653,G,OREGON ST,4,0,0,265,,,,,,,58.3,,,65.7,0,0,0,0,0,0,13,0,0
Cameron Ervin,97654,G,SMU,12,0,0,287,,,78.4,,,,54.9,,,29.4,0,1,84,0,0,0,36,0,0
Kris Mitchell,97659,WR,FIU,1,0,0,166,,,,,,,60.0,,,64.6,0,0,0,0,1,0,0,0,0
Isaiah Hazel,97661,S,CHARLOTTE,12,0,0,136,59.9,,,,,,61.5,,,68.2,0,0,0,41,6,7,0,2,0
Jordan Revels,97672,ED,TEXAS ST,9,0,0,314,59.9,,,,,,61.6,,,69.1,0,0,0,29,2,0,0,4,0
Terry Jones,97675,S,DOMINION,12,0,0,263,60.0,,,,,,62.8,,,74.2,0,0,0,43,11,0,0,18,1
Josh Wallace,97676,CB,MICHIGAN,6,0,0,222,60.0,,,,,,62.1,,,70.0,0,0,0,7,4,0,0,5,0
Brandon Shivers,97679,CB,UTEP,6,1,0,330,,,,,,,66.3,,,72.4,0,0,0,0,27,6,0,0,0
Caden Campolieti,97681,LB,OHIO,12,2,0,259,59.8,,,,,,53.3,,,74.4,3,0,0,1,60,21,1,11,3
Trey Rucker,97684,S,OKLA STATE,14,0,0,262,59.9,,,,,,61.4,,,68.1,0,0,0,65,1,0,0,4,0
Mehki Miller,97686,S,NEW MEX ST,15,0,0,242,59.9,,,,,,60.4,,,29.7,0,1,0,37,74,0,1,22,1
Clayton Bush,97688,S,ILLINOIS,10,0,0,187,60.1,,,,,,48.2,61.9,,29.6,1,1,0,25,16,0,10,16,0
Eli Neal,97693,LB,MARSHALL,13,0,0,214,59.6,,,,,,67.1,,,70.4,0,1,0,53,4,0,0,34,1
Akeem Dent,97700,S,FLORIDA ST,9,0,0,167,59.9,,,,,,56.5,,,69.2,0,0,0,18,12,0,0,7,0
Nalu Emerson,97701,LB,HAWAII,11,0,0,180,59.8,,,,,,65.1,,,73.7,0,0,0,19,21,11,12,11,0
Matt Salopek,97704,LB,MIAMI OH,14,2,0,221,59.8,,,,,,65.6,,,69.0,0,0,0,41,42,1,3,0,0
Storm Duck,97705,CB,LOUISVILLE,12,0,0,210,59.7,,,,,,52.7,,,79.4,0,1,0,22,1,8,25,39,0
Rich Miller,97709,LB,KANSAS,13,0,0,198,59.7,,,,,,61.7,,,70.4,0,0,0,44,0,2,0,6,0
Dylan Downing,97715,LB,KANSAS,13,0,0,198,,,,,,,78.9,,,81.9,0,0,0,0,36,69,0,38,0
Tyler Guidry,97717,ED,LA LAFAYET,9,0,0,207,59.9,,,,,,60.8,,,68.3,0,0,0,26,0,9,20,1,0
Jalen Davis,97720,LB,MIDDLE TN,12,4,0,224,59.3,,,,,,83.0,,,63.5,0,1,0,9,56,40,66,48,3
Omar Speights,97723,LB,LSU,10,0,0,211,59.6,,,,,,63.5,,,66.6,0,0,0,37,6,0,3,5,1
Wesley Walker,97725,S,TENNESSEE,10,0,0,307,59.7,,,,,,60.0,,,63.4,0,0,0,39,0,0,0,0,0
Raquon Hartley,97728,LB,MIDDLE TN,12,0,0,224,60.2,,,,,,69.3,,,83.6,2,0,0,12,55,56,3,41,6
Camari Harris,97729,LB,AKRON,3,0,0,102,60.0,,,,,,60.1,,,66.7,0,0,0,1,0,7,0,0,0
Dorian Hopkins,97730,LB,TULSA,11,0,0,320,59.8,,,,,,56.6,,,66.6,0,0,0,19,12,0,0,4,0
Mohamed Kamara,97731,ED,COLO STATE,12,0,0,144,58.4,,,,,,59.8,,,69.2,0,0,0,49,0,1,0,11,0
Tarique Barnes,97735,LB,ILLINOIS,10,0,0,187,59.6,,,,,,55.3,,,70.0,1,0,0,32,24,0,0,10,0
Tavian Brown,97747,LB,GA STATE,13,0,0,175,59.5,,,,,,57.7,,,78.6,1,0,0,3,2,64,0,17,0
Marley Cook,97750,DI,MIDDLE TN,12,0,0,224,57.9,,,,,,59.0,,,71.9,0,0,0,36,0,0,0,10,0
Mohamed Toure,97751,LB,RUTGERS,11,0,0,278,60.0,,,,,,62.9,,,68.8,0,0,0,39,0,0,1,8,0
T.J. Springer,97752,S,W KENTUCKY,13,0,0,346,59.8,,,,,,66.8,,,80.7,0,0,0,21,53,13,6,44,3
Jordan Waters,97754,HB,DUKE,3,0,0,154,,,,,,,59.1,,,66.4,0,0,0,0,1,4,1,0,0
Nelson Paul,97757,ED,SMU,12,0,0,287,59.7,,,,,,61.4,,,73.6,0,0,0,14,0,8,0,7,0
Zaylin Wood,97761,ED,MIDDLE TN,9,0,0,224,59.0,,,,,,60.7,,,68.8,0,0,0,24,0,0,10,8,0
Darius Hodges,97765,ED,TULANE,2,0,0,319,59.9,,,,,,60.5,,,64.5,0,0,0,2,0,0,0,1,0
Charlie Ham,97766,K,DUKE,12,0,0,154,,,,,78.9,,63.3,,,77.0,0,0,0,0,56,0,0,0,1
Dylan Black,97768,LS,OREGON ST,13,0,0,265,,,83.5,,,7.9,48.6,,,66.2,1,0,62,0,0,0,37,0,3
Seth Glausier,97771,LS,GA STATE,13,0,0,175,,,87.8,,,84.7,74.6,,,67.5,0,0,59,0,0,0,65,0,0
Jaren Mangham,97773,HB,MICH STATE,3,1,0,223,,,,,,,60.7,,,63.4,0,0,0,0,0,0,24,0,0
Raymond Cutts,97777,ED,TROY,12,0,0,318,58.9,,,,,,66.3,,,70.6,0,0,0,11,37,0,0,9,1
Evan Conley,97783,QB,LOUISVILLE,12,0,0,210,,,,,,,72.0,,,80.1,0,0,0,0,0,37,0,40,0
Bo Nix,97790,QB,OREGON,1,0,0,264,,,,,,,60.0,,60.0,63.3,0,0,0,0,0,0,1,0,0
Torry Locklin,97792,HB,KANSAS,13,2,0,198,,,,59.6,,,83.2,60.3,,86.3,0,1,0,0,82,66,33,38,3
Michael Johnson Jr.,97796,QB,FAU,3,0,0,165,,,,58.6,,,59.9,,,63.6,0,0,0,0,0,6,1,0,0
Jonah Panoke,97798,WR,HAWAII,1,0,0,180,,,,,,,60.2,,,66.2,0,0,0,0,0,2,0,0,0
Steele Chambers,97812,LB,OHIO STATE,13,0,0,260,59.7,,,,,,68.4,,,68.7,0,0,0,27,0,12,0,24,0
Peter LeBlanc,97814,WR,LA LAFAYET,4,0,0,207,,,,,,,63.2,,,70.9,0,0,0,0,1,7,0,14,0
Javon Solomon,97821,ED,TROY,13,0,0,318,58.6,,,,,,60.6,,,69.3,0,0,0,30,0,3,0,15,0
Jack Martin,97822,K,HOUSTON,12,0,0,182,,72.7,,,72.9,,63.2,,,74.5,1,0,49,0,51,0,0,0,1
Dalton Andrews,97831,TE,TOLEDO,14,0,0,316,,,83.2,,,,66.3,,,65.7,0,0,68,0,0,0,24,0,0
Jayden Addison,97833,ED,COAST CAR,1,0,0,141,59.8,,,,,,60.3,,,65.7,0,0,0,1,1,1,0,0,0
Will McDonald,97835,G,COAST CAR,13,0,0,141,,,76.1,,,,64.7,,,67.5,0,0,67,0,0,0,1,0,0
Joshua Black,97843,G,LOUISVILLE,13,0,0,210,,,77.0,,,,65.7,,,69.9,0,0,73,0,0,0,0,0,0
Caden Haws,97846,DI,BYU,7,0,0,128,58.4,,,,,,59.7,,,70.5,0,0,0,15,0,0,6,4,0
Chayse Todd,97851,G,TEXAS ST,12,0,0,314,,,75.1,,,,64.1,,,67.8,0,0,63,0,0,0,42,0,0
Todd Justice,97863,TE,S ALABAMA,13,0,0,288,,,76.6,59.9,,,72.2,,,71.6,0,0,69,0,0,57,43,0,0
John Jackson III,97866,WR,NEVADA,9,0,0,239,,,,,,,68.7,,,75.2,0,0,0,0,2,23,0,27,0
Jeff Foreman,97868,WR,ARK STATE,13,0,0,113,,,,,,,55.8,,,50.4,3,2,0,0,0,0,54,33,4
Kacee Williams,97874,S,NEVADA,2,0,0,239,,,,,,,56.4,,,67.9,0,0,0,0,0,12,0,3,0
Jamal Morris,97881,LB,HOUSTON,9,1,0,182,59.7,,,,,,66.1,,,70.5,0,0,0,41,3,0,24,0,2
Prince Wallace-Bemah,97882,LB,CHARLOTTE,10,0,0,136,59.7,,,,,,72.4,,,70.2,0,0,0,27,10,0,11,12,2
Gavin Potter,97883,LB,ARK STATE,12,0,0,113,60.1,,,,,,56.1,,,33.7,3,1,0,13,61,0,0,12,4
Jalen Jackson,97887,CB,MIDDLE TN,1,0,0,224,59.9,,,,,,60.6,,,66.9,0,0,0,8,0,0,0,0,0
Dominic Tatum,97888,S,WASH STATE,2,0,0,341,,,,,,,63.2,,,71.2,0,0,0,0,2,0,0,4,0
Jack Kiser,97889,LB,NOTRE DAME,13,0,0,258,59.6,,,,,,77.2,,,54.3,0,1,0,46,61,2,39,58,7
David Spaulding,97890,S,S CAROLINA,4,0,0,289,60.1,,,,,,63.3,,,67.6,0,0,0,4,0,0,0,6,0
J'Coryan Anderson,97891,LB,MARSHALL,8,0,0,214,60.2,,,,,,70.7,,,68.1,0,0,0,25,7,0,0,8,1
Lama Lavea,97892,DI,AKRON,11,0,0,102,58.1,,,,,,50.2,,,28.5,0,1,0,39,0,4,0,6,0
Tyler Nubin,97895,S,MINNESOTA,12,0,0,225,59.6,,,,,,52.9,,,59.4,4,1,0,52,56,1,52,8,4
Shyheim Battle,97896,CB,NC STATE,13,0,0,248,59.7,,,,,,63.3,,,73.7,0,0,0,41,11,0,0,15,0
Solo Turner,97897,S,ILLINOIS,3,0,0,187,,,,,,,60.1,,,70.1,1,0,0,0,8,5,0,14,1
Easton Gibbs,97899,LB,WYOMING,13,0,0,351,59.7,,,,,,60.8,,,66.6,0,0,0,54,0,2,0,2,0
Ben Johnson,97901,S,OHIO,13,1,0,259,60.0,,,59.4,,,72.9,,,58.8,2,1,0,1,63,46,45,29,7
Chris Conti,97902,LB,RICE,8,0,0,275,60.0,,,,,,62.1,,,64.6,0,0,0,30,0,0,0,7,0
Yvandy Rigby,97904,LB,TEMPLE,8,0,0,306,60.1,,,,,,44.2,,,28.7,1,1,0,32,4,0,27,7,1
Bryce Gallagher,97905,LB,NWESTERN,13,0,0,256,59.0,,,,,,62.2,,,70.2,0,0,0,47,2,7,0,19,0
Sayyid Stevens,97909,LB,DOMINION,8,1,0,263,60.1,,,,,,62.6,,,74.7,1,0,0,12,27,35,5,18,2
Darius McClendon,97910,S,FAU,12,0,0,165,59.7,,60.0,,,,78.0,,,72.9,0,0,2,44,22,25,40,7,3
Zach Ranson,97911,LB,WAKE,12,0,0,339,60.0,,,,,,57.6,,,41.0,0,1,0,1,10,66,5,42,0
Darius Gooden,97913,S,UMASS,6,0,0,216,,,,,,,48.9,,,29.3,0,1,0,0,11,2,7,12,0
Shammond Cooper,97918,LB,AKRON,11,0,0,102,59.8,,,,,,61.9,,,70.2,0,0,0,40,0,6,0,8,0
Terrell McDonald,97922,TE,UAB,11,0,0,321,,,72.7,,,,63.8,,,70.1,0,0,42,0,0,54,8,1,0
Billy Wooden,97923,DI,UMASS,12,0,1,216,57.4,,,,,,48.5,,,28.2,0,1,0,47,0,0,0,0,0
Jackson Mitchell,97924,LB,UCONN,12,1,0,146,59.7,,,,,,64.9,,,72.7,2,0,0,52,1,1,56,10,3
Justin Cody,97930,DI,WAKE,11,0,0,339,58.2,,,,,,58.9,,,68.9,0,0,0,50,0,0,0,6,0
Devo Bridges,97935,ED,FRESNO ST,10,0,0,169,58.8,,,,,,61.7,,,90.3,0,0,0,45,0,1,0,0,0
Marcus Harris,97937,DI,AUBURN,12,0,0,115,58.2,,,,,,59.3,,,69.5,0,0,0,42,0,0,5,8,0
P.J. Spencer,97938,DI,NWESTERN,11,0,0,256,58.4,,,,,,60.0,,,70.0,0,0,0,24,0,0,23,5,0
Deuce Palmer,97943,LB,USC,5,0,0,326,,,,,,,65.3,,,66.6,0,0,0,0,13,0,0,0,2
Cletus Mathurin,97946,DI,UMASS,11,0,0,216,57.4,,,,,,51.3,,,66.5,1,0,0,24,0,0,57,0,0
Jacob Lacey,97948,DI,OKLAHOMA,7,0,0,261,59.3,,,,,,60.9,,,67.5,0,0,0,11,0,0,0,4,0
Levelle Bailey,97956,LB,FRESNO ST,12,0,0,169,59.7,,,,,,61.9,,,79.8,0,0,0,46,1,2,0,0,0
Christian Clayton,97959,DI,UTSA,12,0,0,331,58.4,,,,,,60.4,,,70.5,0,0,0,16,0,0,0,9,0
Richard Kinley,97960,ED,MIDDLE TN,9,0,0,224,58.1,,,,,,59.2,,,71.1,0,0,0,26,0,0,0,7,0
Adrian Woliver,97961,ED,TOLEDO,9,0,0,316,59.7,,,,,,62.5,,,66.9,0,0,0,11,0,0,0,9,0
Kevin Pointer,97962,DI,WAKE,12,0,0,339,57.2,,,,,,57.9,,,72.4,0,0,0,55,0,0,0,10,0
Austin Ertl,97963,DI,MIAMI OH,14,0,0,221,89.6,,,,,,90.4,,,71.4,0,0,0,40,0,1,50,13,0
James Ester,97965,DI,N ILLINOIS,13,0,0,254,58.1,,,,,,60.4,,,70.7,0,0,0,36,0,0,0,16,0
Josh Pearcy,97966,ED,RICE,12,0,0,275,58.5,,,,,,63.7,,,71.9,1,0,0,41,0,0,41,9,2
Eric Hicks Jr.,97967,DI,TULANE,13,0,0,319,57.8,,,,,,56.9,,,69.1,0,0,0,51,0,0,9,7,0
Izeya Floyd,97969,DI,RICE,10,0,0,275,,,72.3,,,,66.3,,,72.8,0,0,29,0,0,0,0,10,0
Anthonie Cooper,97970,DI,ARIZONA ST,4,0,0,110,58.8,,,,,,59.5,,,66.5,0,0,0,13,0,0,0,2,0
Bubba Thomas,97972,DI,S ALABAMA,12,0,0,288,57.8,,,,,,57.2,,,66.9,0,0,0,34,0,0,0,0,0
John Harris,97973,DI,BALL ST,8,0,0,117,58.5,,,,,,58.4,,,65.3,0,0,0,17,0,0,0,0,0
Demond Taylor Jr.,97974,DI,N ILLINOIS,12,0,0,254,58.3,,,,,,59.0,,,67.3,0,0,0,18,0,0,0,4,0
Jalar Holley,97977,DI,CHARLOTTE,1,0,0,136,59.6,,,,,,59.8,,,62.0,0,0,0,1,0,0,0,0,0
Lucas Dean,97981,P,UTSA,13,0,0,331,,,67.5,,,,57.6,,78.7,29.7,0,1,68,0,0,0,52,0,1
Luke Hosford,97983,LS,KANSAS,13,0,0,198,,,89.8,,,71.0,65.0,,,29.2,0,1,71,0,0,0,32,0,0
Jacob Borcila,97984,K,VANDERBILT,12,0,0,333,,65.0,,,,,61.1,,,66.4,0,0,40,0,0,0,0,0,0
Cornelius Johnson,97996,WR,MICHIGAN,10,0,0,222,,,,,,,66.2,,,72.8,0,0,0,0,0,2,0,32,0
Dariyan Wiley,97999,WR,LA MONROE,4,0,0,209,,,,,,,58.8,,,71.8,0,0,0,0,9,0,10,0,0
Theo Wease Jr.,98005,WR,MISSOURI,2,0,0,229,,,,,,,60.1,,,64.8,0,0,0,0,0,2,0,0,0
Cadarrius Thompson,98007,WR,GA STATE,3,0,0,175,,,,,,,41.7,,,25.5,0,1,0,0,1,3,0,0,0
Cale Millen,98017,CB,UCONN,7,1,0,146,,,,,,,51.0,,,76.2,2,0,0,0,11,0,40,0,1
Dalvin Smith,98019,WR,W KENTUCKY,7,1,0,346,,,,,,,76.9,,,72.4,0,0,0,0,7,15,19,5,2
Jalen McGaughy,98023,WR,C MICHIGAN,1,0,0,134,,,,,,,61.9,,,65.0,0,0,0,0,7,0,0,0,0
Brandon Crum,98028,TE,S ALABAMA,3,0,0,288,,,62.9,59.9,,,58.0,,,66.9,0,0,11,0,0,11,0,0,0
Cameron Hite,98029,TE,WAKE,11,0,0,339,,,,,,,68.1,,,68.7,0,0,0,0,0,61,0,0,0
Devin Martinez,98032,ED,TEXAS ST,13,3,0,314,,,76.2,,,,73.5,,,80.7,1,0,65,0,87,77,26,41,7
AJ Gillie,98043,G,LA LAFAYET,13,0,0,207,,,79.5,,,,66.1,,,64.5,0,0,68,0,0,0,0,0,0
Dontae Lucas,98047,G,S ALABAMA,10,0,0,288,,,76.1,,,,65.7,,,73.4,0,0,49,0,0,0,0,0,0
Nolan Rumler,98048,G,KENT STATE,1,0,0,201,,,,,,,60.2,,,63.5,0,0,0,0,0,0,4,0,0
Mike Ciaffoni,98056,G,RUTGERS,11,0,0,278,,,76.7,,,,65.2,,,64.1,0,0,47,0,0,0,0,0,0
Jacob Monk,98058,G,DUKE,4,0,0,154,,,69.2,,,,62.5,,,63.5,0,0,17,0,0,0,1,0,0
Jack Bailey,98061,G,COLORADO,1,0,0,143,,,,,,,60.0,,,63.3,0,0,0,0,0,0,0,0,0
Christophe Atkinson,98064,G,OHIO,12,0,0,259,,,73.8,,,,64.5,,,66.6,0,0,53,0,0,0,0,0,0
Sione Finau,98074,G,ARIZONA ST,2,0,0,110,,,60.8,,,,60.3,,,63.1,0,0,5,0,0,0,1,0,0
Caleb Thomas,98077,C,TULANE,10,0,0,319,,,75.1,,,,65.1,,,69.2,0,0,47,0,0,0,0,0,0
Cedric Claiborne,98078,T,NEW MEX ST,4,0,0,242,,,68.3,,,,63.6,,,72.1,0,0,21,0,0,0,0,0,0
Chester Baah,98089,G,TULSA,1,0,0,320,,,60.0,,,,61.1,,,65.7,0,0,3,0,0,0,0,0,0
Joshua Cephus,98095,WR,UTSA,4,0,0,331,,,,,,,60.7,64.5,,65.2,0,0,0,0,1,1,0,7,0
Payton Bunch,98096,LS,COAST CAR,12,0,0,141,,,74.1,,,60.1,64.8,,,66.1,1,0,63,0,0,0,36,0,1
Treyton Welch,98097,TE,WYOMING,13,0,0,351,,,75.0,59.9,,,64.6,,,61.4,0,0,59,0,0,2,0,0,0
Tristen Tewes,98099,TE,N ILLINOIS,8,0,0,254,,,,,,,63.2,,,66.9,0,0,0,0,0,36,4,0,0
Isaiah Washington,98102,WR,RUTGERS,4,0,0,278,,,,,,,61.6,,,67.7,0,0,0,0,8,7,0,0,0
Kevens Clercius,98107,WR,UCONN,12,0,0,146,,,,,,,83.8,,,83.0,0,1,0,0,0,68,0,44,0
Hayden Junker,98109,TE,KENT STATE,12,0,0,201,,,71.2,,,,76.9,,,71.1,0,1,35,0,0,74,69,0,2
Kyle Maxwell,98110,WR,LA TECH,9,0,0,208,,,,,,,49.1,,,73.5,0,0,0,0,0,51,12,0,0
Jeremy Lewis,98113,ED,E CAROLINA,12,0,0,156,59.8,,,,,,57.2,,,70.1,0,0,0,44,6,0,13,1,0
Ricky Samuel,98115,DI,JVILLE ST,8,0,0,196,57.9,,,,,,59.4,,,71.5,0,0,0,13,0,0,4,14,0
Jahfari Harvey,98118,ED,MIAMI FL,11,0,0,220,59.1,,,,,,61.6,,,67.8,0,0,0,19,2,0,0,9,0
Jalil Clemons,98119,ED,SO MISS,7,0,0,296,59.0,,62.8,,,,60.2,,,73.6,0,0,11,24,0,24,0,15,0
Richie Hagarty,98121,ED,NWESTERN,9,0,0,256,59.9,,,,,,61.2,,,65.7,0,0,0,12,0,0,0,4,0
Myles Farmer,98122,S,SYRACUSE,13,0,0,304,59.8,,,,,,63.5,,,82.4,1,2,0,5,48,27,20,31,1
Dan Foster Jr.,98123,LB,TEXAS ST,12,0,0,314,59.1,,,,,,61.6,,,69.7,0,0,0,38,2,7,0,6,0
JT Killen,98125,LB,COAST CAR,12,0,0,141,60.3,,,,,,60.9,,,72.2,0,0,0,46,10,6,23,6,0
Zach Edwards,98131,DI,TROY,13,0,0,318,90.2,,,,,,90.8,,,68.3,0,0,0,12,0,0,0,9,0
Karter Johnson,98133,TE,PITTSBURGH,10,0,0,268,,,,,,,55.7,,,72.5,1,0,0,0,2,13,43,1,0
Clayton Coll,98134,LB,BALL ST,1,0,0,117,60.0,,,,,,60.4,,,64.1,0,0,0,4,0,0,3,0,0
Ramon Puryear Jr.,98138,DI,LOUISVILLE,14,0,0,210,58.8,,,,,,60.6,,,68.5,0,0,0,16,0,0,57,6,0
Jaylen Hudson,98141,ED,WAKE,10,0,0,339,59.7,,70.4,,,,65.7,,,72.1,0,0,31,2,9,0,43,1,1
Boone Bonnema,98143,LB,W MICHIGAN,4,0,0,347,59.2,,,,,,40.9,,,67.6,0,1,0,4,0,0,8,6,0
Keivie Rose,98144,DI,ARKANSAS,9,0,0,111,58.4,,65.8,,,,63.0,,,71.6,0,0,18,8,0,0,0,10,0
Brian Ugwu,98145,ED,MIAMI OH,14,0,0,221,59.7,,,,,,62.8,,,69.3,0,0,0,26,0,0,0,12,0
Mike Kelly,98148,ED,CHARLOTTE,7,0,0,136,58.9,,,,,,72.5,,,69.1,0,0,0,12,0,27,38,9,1
Nicholas Giacolone,98150,LB,KENT STATE,12,5,0,201,60.1,,,,,,77.0,,,80.8,1,0,0,25,28,41,22,44,3
Ricky Barber,98154,DI,UCF,9,0,0,323,58.7,,,,,,59.6,,,67.5,0,0,0,17,0,0,0,5,0
Jordan Magee,98155,LB,TEMPLE,11,0,0,306,60.0,,,,,,58.4,60.0,,71.3,1,0,0,44,6,4,15,8,1
C.J. Bazile,98157,ED,BUFFALO,12,0,0,126,58.8,,,,,,59.4,,,69.1,0,0,0,42,0,0,0,1,0
Shae Suiaunoa,98159,LB,WYOMING,13,0,0,351,60.1,,,59.9,,,61.5,,,69.7,0,0,0,55,0,2,0,2,0
Myron Morrison,98161,LB,RICE,12,0,0,275,,,,,,,61.5,,,72.4,0,0,0,0,0,0,45,9,1
Elijah Alston,98162,ED,MARSHALL,13,0,0,214,58.6,,,,,,61.8,,,70.2,0,0,0,40,0,0,0,23,0
Tre Brown,98170,LB,ARIZONA ST,9,0,0,110,59.7,,,,,,62.3,,,72.2,0,0,0,44,0,10,0,10,0
Alex Sickafoose,98172,ED,SMU,11,0,0,287,,,,,,,62.3,,,67.3,0,0,0,0,2,35,0,0,0
DeWayne Carter,98175,DI,DUKE,13,0,0,154,75.2,,,,,,77.2,,,70.5,0,0,0,31,0,0,53,6,0
Savion Jackson,98177,ED,NC STATE,11,0,0,248,59.2,,,,,,61.0,,,68.6,0,0,0,36,0,0,0,12,0
Jaylen Pate,98178,ED,NWESTERN,11,0,0,256,59.8,,,,,,62.0,,,68.0,0,0,0,22,0,0,0,8,0
Kevin Penn,98180,DI,UAB,11,0,0,321,57.3,,,,,,57.8,,,70.1,0,0,0,52,0,0,0,10,0
Kyron Mims,98182,DI,BALL ST,8,0,0,117,58.2,,64.2,,,,59.1,,,66.2,0,0,15,25,0,0,0,0,0
Deshon Hall Jr.,98183,ED,LA TECH,12,0,0,208,58.5,,,,,,58.9,,,68.4,0,0,0,50,0,0,0,5,0
Seth Mason,98185,DI,SM HOUSTON,11,0,0,281,58.2,,,,,,58.6,,,69.3,0,0,0,17,0,0,0,3,0
Jason Gold Jr.,98186,DI,TEXAS ST,2,0,0,314,,,,,,,42.2,,,66.2,0,0,0,0,11,0,0,0,0
Kennedy Roberts,98188,DI,COAST CAR,12,0,0,141,57.7,,,,,,59.0,,,67.4,0,0,0,24,0,0,39,5,0
Dal'mont Gourdine,98189,DI,UCONN,11,0,0,146,57.7,,,,,,57.6,,,69.3,0,0,0,46,0,0,0,5,0
Kobe Hilton,98191,DI,MIAMI OH,13,0,0,221,57.8,,,,,,59.4,,,70.8,0,0,0,29,0,0,0,10,0
Immanuel Hickman Sr.,98192,DI,USF,11,0,0,327,57.4,,,,,,56.8,,,69.9,0,0,0,22,0,0,0,0,0
Quindarius Dunnigan,98193,ED,MIDDLE TN,12,0,0,224,58.7,,,,,,61.2,,,71.8,0,0,0,42,0,0,48,11,0
Anthony Collier,98197,DI,MIAMI OH,11,0,0,221,58.3,,,,,,58.3,,,65.5,0,0,0,13,0,0,0,1,0
Wisdom Quarshie,98198,G,TEMPLE,9,0,0,306,,,73.3,,,,64.1,,,70.6,0,0,33,0,0,0,1,0,0
Ryan Sanborn,98199,P,TEXAS,14,0,0,311,,,68.7,,65.8,,63.4,,73.2,70.1,0,0,92,0,2,0,41,0,0
Conner Maynard,98201,P,APP STATE,14,0,0,108,,,67.9,,,,62.5,,,61.6,0,0,76,0,1,0,0,0,0
Thomas Peterson,98202,LS,JVILLE ST,13,0,0,196,,,50.6,,,1.3,47.2,,,63.7,0,0,70,0,0,0,0,0,0
Cory Munson,98204,K,W KENTUCKY,13,1,0,346,,,,,84.1,,52.3,,47.1,29.7,0,1,0,0,74,0,12,0,1
Darrell Harding Jr.,98211,WR,BUFFALO,10,0,0,126,,,,61.8,,,73.4,,,81.3,1,0,0,0,5,55,3,42,1
Alex Brown,98213,WR,WYOMING,12,0,0,351,,,,,,,70.4,,,71.0,0,0,0,0,0,0,0,42,0
Jack Sherwin,98226,T,W MICHIGAN,11,0,0,347,,,74.4,,,,65.3,,,75.4,0,0,50,0,0,0,0,0,0
Vic Cutler,98229,C,OHIO STATE,2,0,0,260,,,60.0,,,,60.4,,,61.3,0,0,3,0,0,0,0,0,0
Joey Capra,98230,G,NEVADA,12,0,0,239,,,71.6,,,,61.4,,,65.8,0,0,39,0,0,0,54,0,0
Renato Brown,98232,G,LOUISVILLE,6,0,0,210,,,71.7,,,,64.2,,,68.1,0,0,39,0,0,0,0,0,0
Zovon Lindsay,98233,T,COAST CAR,3,0,0,141,,,65.9,,,,62.0,,,69.9,0,0,15,0,0,0,1,0,0
Aaron Pyron,98235,G,GA SOUTHRN,12,0,0,174,,,78.3,,,,66.4,,,74.3,0,0,65,0,0,0,0,0,0
Dom D'Antonio,98244,G,NWESTERN,13,0,0,256,,,76.7,,,,65.8,,,72.0,0,0,52,0,0,0,0,0,0
Kauka Umiamaka,98245,T,HAWAII,10,0,0,180,,,73.1,,,,64.2,,,63.2,0,0,44,0,0,0,0,0,0
Timothy McKay,98249,T,NC STATE,13,0,0,248,,,75.4,,,,65.0,,,67.6,0,0,63,0,0,0,0,0,0
Jay Amburgey,98250,T,OHIO,2,0,0,259,,,66.8,,,,62.8,,,62.8,0,0,12,0,0,0,0,0,0
Joshua Gray,98252,T,OREGON ST,2,0,0,265,,,,,,,60.0,,,64.5,0,0,0,0,0,0,2,0,0
Jax Harrington,98255,G,LA LAFAYET,1,0,0,207,,,60.0,,,,60.0,,,62.1,0,0,2,0,0,0,0,0,0
Jermaine Donaldson,98260,C,TEMPLE,1,0,0,306,,,60.0,,,,60.0,,,61.0,0,0,1,0,0,0,0,0,0
Christian Mahogany,98261,G,BOSTON COL,1,0,0,121,,,60.0,,,,60.4,,,62.5,0,0,3,0,0,0,0,0,0
Nouredin Nouili,98263,G,NEBRASKA,9,0,0,238,,,69.7,,,,63.6,,,65.2,0,0,32,0,0,0,0,0,0
Steven Losoya III,98266,G,MISS STATE,8,0,0,227,,,72.6,,,,65.0,,,72.9,0,0,40,0,0,0,0,0,0
Addison West,98272,G,W MICHIGAN,3,0,0,347,,,60.0,,,,59.4,,,65.3,0,0,1,0,0,0,2,0,0
LaDarius Henderson,98275,T,MICHIGAN,11,0,0,222,,,76.6,,,,65.3,,,67.7,0,0,65,0,0,0,4,0,0
Griffin Carder,98276,G,GA SOUTHRN,13,0,0,174,,,,,,,61.3,,,64.1,0,0,0,0,0,0,48,0,0
Tristen Bittner,98278,G,KENT STATE,12,0,0,201,,,73.0,,,,64.6,,,69.9,0,0,35,0,0,0,0,0,0
Dorian Hinton,98283,G,FAU,11,0,0,165,,,73.9,,,,65.2,,,75.2,0,0,47,0,0,0,0,0,0
Matt Smith,98287,TE,UMASS,3,0,0,216,,,,,,,60.2,,,68.3,0,0,0,0,0,25,0,0,0
Marlyn Johnson,98289,WR,BUFFALO,3,0,0,126,,,,,,,62.9,,,67.9,0,0,0,0,0,8,0,7,0
Oscar Cardenas,98291,TE,UTSA,13,0,0,331,,,77.1,,,,65.2,,,76.2,0,0,66,0,1,1,52,0,0
Neal Johnson,98298,TE,LA LAFAYET,13,0,0,207,,,66.5,65.2,,,60.5,,,73.9,0,0,21,0,1,73,53,0,0
Zukudo Igwenagu,98305,ED,UMASS,12,1,0,216,59.0,,,,,,56.9,,,78.2,2,2,0,27,48,60,32,3,4
Shamar McCollum,98309,ED,GA STATE,12,0,0,175,59.9,,,,,,61.2,,,68.5,0,0,0,39,0,0,0,6,0
Nathan Pickering,98311,DI,MISS STATE,12,0,0,227,57.8,,,,,,58.3,,,70.2,0,0,0,54,0,0,0,7,0
Sylvain Yondjouen,98313,ED,GA TECH,1,0,0,176,60.0,,,,,,70.0,,,67.4,0,0,0,2,5,9,0,0,0
David Ugwoegbu,98314,ED,HOUSTON,8,0,0,182,59.6,,,,,,39.1,,,70.4,0,0,0,2,0,0,29,0,1
Joshua Harris,98317,DI,OLE MISS,13,0,0,226,59.6,,79.5,,,,66.6,,,72.9,0,0,75,1,0,0,0,0,0
Tavion Woodard,98322,ED,BALL ST,11,0,0,117,59.1,,69.6,,,,58.3,,,68.7,0,0,30,21,5,4,0,5,0
Mykol Clark,98326,ED,LA TECH,12,0,0,208,59.5,,,,,,62.0,,,72.1,0,0,0,47,0,4,0,14,0
Jared Harrison-Hunte,98331,DI,MIAMI FL,12,0,0,220,79.3,,,,,,88.2,,,71.2,0,0,0,25,0,0,0,14,0
Darius Alexander,98333,DI,TOLEDO,13,0,0,316,58.4,,60.0,,,,61.0,,,71.4,0,0,3,46,0,0,0,17,0
Isaiah Chaney,98340,DI,WAKE,1,0,0,339,,,60.0,,,,60.0,,,61.6,0,0,1,0,0,0,0,0,0
DeVonne Harris,98341,ED,WYOMING,13,0,0,351,84.8,,,,,,90.8,,,66.1,0,0,0,44,0,0,0,2,0
R.J. Oben,98342,ED,DUKE,6,0,0,154,59.4,,,,,,61.2,,,66.1,0,0,0,6,0,0,0,4,0
Harshan Sachdeva,98343,DI,MARSHALL,1,0,0,214,59.3,,,,,,59.6,,,61.6,0,0,0,1,0,0,0,0,0
Marshawn Kneeland,98344,ED,W MICHIGAN,10,0,1,347,60.2,,,,,,37.9,,,26.6,0,2,0,39,0,0,0,7,0
Da'Jon Terry,98345,DI,OKLAHOMA,13,0,0,261,58.8,,,,,,58.9,,,67.6,0,0,0,43,0,0,0,1,0
Devin Baldwin,98346,DI,JVILLE ST,7,0,0,196,58.9,,,,,,60.1,,,69.0,0,0,0,7,0,0,0,7,0
Jordan Bertagnole,98348,DI,WYOMING,12,0,0,351,58.0,,60.0,,,,58.2,,,67.9,0,0,5,44,0,0,0,1,0
Duke Olges,98350,TE,NWESTERN,9,0,0,256,,,71.3,,,,75.9,,,71.7,0,0,34,0,0,42,0,3,0
Tristian Vandenberg,98352,K,MEMPHIS,9,0,0,218,,,,,65.5,,63.6,,,77.5,1,0,0,0,61,0,0,0,4
Joshua Simon,98358,TE,S CAROLINA,10,0,0,289,,,60.0,,,,66.3,,,76.9,0,0,5,0,0,4,23,25,0
Trey Knox,98359,TE,S CAROLINA,3,0,0,289,,,,,,,58.6,,,70.1,0,1,0,0,0,14,0,4,0
Hayden Wolff,98362,QB,W MICHIGAN,1,0,0,347,,,,,,,60.0,,60.0,63.3,0,0,0,0,0,0,1,0,0
Levi Williams,98365,QB,UTAH ST,8,0,0,329,,,,,,,68.5,,,75.7,0,0,0,0,14,16,6,30,0
Genson Hooper Price,98369,WR,COAST CAR,12,0,0,141,,,,59.9,,,56.8,,,28.8,0,1,0,0,0,56,0,0,0
Brett Seither,98371,TE,GA TECH,13,0,0,176,,,76.6,61.8,,,58.8,,,72.9,1,0,69,0,6,2,46,0,0
Jackson McDonald,98374,TE,FIU,10,0,0,166,,,69.7,59.6,,,67.6,,,68.5,0,0,29,0,0,56,0,0,0
Justin Stephens,98375,TE,TOLEDO,1,0,0,316,,,60.0,,,,60.8,,,62.9,0,0,4,0,0,0,0,0,0
Mason Fairchild,98376,TE,KANSAS,12,0,0,198,,,76.9,,,,63.8,,,75.7,0,0,64,0,0,2,29,0,0
Caleb Shaffer,98380,G,OKLAHOMA,13,0,0,261,,,80.8,,,,67.5,,,76.1,0,0,90,0,0,0,0,0,0
Reece McIntyre,98383,C,OLE MISS,12,0,0,226,,,76.2,,,,62.6,,,68.3,0,0,64,0,0,0,41,0,0
Zac Welch,98384,G,NEVADA,12,0,0,239,,,71.0,,,,55.1,,,28.7,0,1,38,0,0,0,8,0,0
Nathan Thomas,98390,T,LA LAFAYET,12,0,0,207,,,76.1,,,,65.9,,,76.3,0,0,63,0,0,0,0,0,0
DeVonte Gordon,98391,T,WAKE,11,0,0,339,,,72.4,,,,64.3,,,66.8,0,0,44,0,0,0,0,0,0
Carson Burt,98394,T,TROY,14,0,0,318,,,77.3,,,,65.3,,,65.1,0,0,74,0,0,0,0,0,0
Julius Pierce,98396,G,MIDDLE TN,12,0,0,224,,,73.9,,,,64.8,,,68.9,0,0,51,0,0,0,0,0,0
Elijah Lamptey,98399,T,KENT STATE,6,0,0,201,,,69.2,,,,63.3,,,63.1,0,0,17,0,0,0,0,0,0
Michael Tarquin,98407,T,USC,10,0,0,326,,,75.3,,,,65.6,,,76.0,0,0,57,0,0,0,0,0,0
Arasi Mose,98408,G,HAWAII,12,0,0,180,,,76.5,,,,65.6,,,71.1,0,0,50,0,0,0,0,0,0
Max Longman,98411,G,INDIANA,2,0,0,190,,,21.6,,,,29.9,,,62.7,0,0,11,0,0,0,0,0,0
Andrew Kristofic,98413,C,NOTRE DAME,13,0,0,258,,,79.5,,,,67.2,,,77.7,0,0,87,0,0,0,0,0,0
Jeremy Jones,98414,T,TULSA,11,0,0,320,,,73.9,,,,65.2,,,75.1,0,0,47,0,0,0,0,0,0
Shamar Hobdy-Lee,98421,T,HOUSTON,2,0,0,182,,,61.2,,,,62.3,,,67.5,0,0,10,0,0,0,0,0,0
Mason Lunsford,98422,G,LSU,4,0,0,211,,,61.5,,,,62.2,,,65.5,0,0,11,0,0,0,0,0,0
Jeremy James,98423,G,OLE MISS,6,0,0,226,,,69.8,,,,63.8,,,68.8,0,0,20,0,0,0,0,0,0
J.J. Lippe,98426,G,N ILLINOIS,8,0,0,254,,,70.7,,,,63.7,,,71.6,0,0,32,0,0,0,1,0,0
Micah Hilts,98429,TE,SMU,3,0,0,287,,,,,,,57.8,,,65.9,0,0,0,0,1,1,2,0,0
Thomas Gordon,98430,TE,NWESTERN,13,0,0,256,,,74.2,59.9,,,61.0,,,29.0,0,1,52,0,0,64,0,0,0
Tyler Fromm,98431,TE,AUBURN,10,0,0,115,,,,,,,84.6,,,70.2,0,0,0,0,0,45,0,2,0
Nolan Matthews-Harris,98433,TE,SMU,3,0,0,287,,,,,,,56.3,,,66.3,0,0,0,0,2,3,1,0,0
DeShawn Holt,98439,ED,TOLEDO,6,0,0,316,59.9,,,,,,62.5,,,66.6,0,0,0,3,0,2,0,6,0
Jason Vaughn,98440,ED,USF,4,0,0,327,59.5,,,,,,59.8,,,64.3,0,0,0,4,0,0,0,0,0
Shitta Sillah,98442,ED,BOSTON COL,4,0,0,121,59.4,,,,,,61.3,,,68.4,0,0,0,10,0,0,0,7,0
Seth Coleman,98443,ED,ILLINOIS,12,0,0,187,59.9,,,,,,60.8,,,66.0,0,0,0,51,0,0,0,2,0
Jackson Ness,98451,C,BOSTON COL,8,0,0,121,,,71.6,,,,64.2,,,66.4,0,0,38,0,0,0,0,0,0
Keith Randolph Jr.,98452,DI,ILLINOIS,10,0,0,187,59.4,,,,,,48.6,,,27.8,0,1,0,39,0,0,0,1,0
Eric Watts,98459,ED,UCONN,12,0,1,146,58.3,,80.9,,,,53.1,,,29.1,1,2,36,51,1,2,60,8,0
Porter Wilson,98463,P,DUKE,13,0,0,154,,,67.1,,,,63.4,,66.5,72.2,0,0,61,0,0,0,54,0,0
Austin Stogner,98464,TE,OKLAHOMA,13,0,0,261,,,77.9,61.8,,,66.3,,,82.2,0,0,86,0,0,2,1,0,0
Khadere Kounta,98468,T,UCLA,9,0,0,324,,,72.7,,,,64.2,,,65.5,0,0,47,0,0,0,0,0,0
Rayonte Brown,98479,TE,UCONN,1,0,0,146,,,,,,,33.8,,,26.3,0,1,0,0,0,0,0,6,0
Tyler Johnson,98481,G,HOUSTON,10,0,0,182,,,71.9,,,,64.1,,,66.1,0,0,42,0,0,0,0,0,0
Dalton Cooper,98482,T,OKLA STATE,5,0,0,262,,,65.5,,,,62.8,,,64.3,0,0,19,0,0,0,0,0,0
Doug Nester,98486,T,W VIRGINIA,8,0,0,343,,,73.0,,,,64.3,,,65.0,0,0,30,0,0,0,0,0,0
Kameren Stewart,98488,T,BOWL GREEN,12,0,0,122,,,74.8,,,,65.5,,,75.7,0,0,53,0,0,0,0,0,0
Caelan Shepard,98489,T,BUFFALO,12,0,0,126,,,72.7,,,,64.2,,,65.9,0,0,47,0,0,0,0,0,0
Zachary Franks,98492,T,NWESTERN,13,0,0,256,,,74.1,,,,64.9,,,69.8,0,0,52,0,0,0,0,0,0
Tyler Stephens,98494,TE,MISSOURI,13,0,0,229,,,76.9,,,,62.3,,,37.4,0,1,74,0,0,60,0,0,0
Luke Deal,98496,TE,AUBURN,13,0,0,115,,,74.6,,,,73.2,,,71.9,1,0,54,0,2,63,61,0,1
Tyler Foster,98497,TE,OHIO,10,0,0,259,,,72.6,,,,63.9,,,63.6,0,0,43,0,0,2,5,0,0
Baylor Cupp,98500,TE,TEXAS TECH,5,0,0,315,,,67.5,,,,66.3,,,67.5,0,0,21,0,0,21,0,0,0
Ryland Goede,98501,TE,MISS STATE,11,0,0,227,,,60.8,,,,80.5,,,71.5,0,0,8,0,0,56,47,0,1
Cory Stover,98505,ED,OREGON ST,5,0,0,265,59.7,,,,,,61.6,,,71.9,0,0,0,11,0,0,0,5,0
Christian Rorie,98506,DI,TEXAS ST,13,0,0,314,57.5,,60.0,,,,57.1,,,67.0,0,0,3,33,0,0,0,1,0
Jared Wiley,98508,TE,TCU,3,0,0,305,,,63.7,,,,69.3,,,64.1,0,0,12,0,0,10,0,0,0
Ben Jackson,98512,G,MIAMI OH,14,0,0,221,,,76.1,,,,65.0,,,62.9,0,0,66,0,0,0,0,0,0
Wes Dorsey,98513,T,W KENTUCKY,13,0,0,346,,,75.2,,,,57.3,,,28.5,0,1,59,0,0,0,0,0,0
Jonah Brewster,98514,G,LA TECH,12,0,0,208,,,75.3,,,,65.8,,,74.5,0,0,54,0,0,0,0,0,0
Chase Lundt,98515,T,UCONN,12,0,0,146,,,72.0,,,,64.0,,,65.3,0,0,43,0,0,0,0,0,0
Quinn Carroll,98517,T,MINNESOTA,13,0,0,225,,,74.9,,,,65.5,,,75.6,0,0,54,0,0,0,0,0,0
Brock Higdon,98522,ED,S ALABAMA,9,0,0,288,58.7,,,,,,59.0,,,65.7,0,0,0,13,0,0,0,1,0
Jack Conley,98524,T,BOSTON COL,12,0,0,121,,,73.0,,,,64.3,,,65.7,0,0,49,0,0,0,0,0,0
Victor Stoffel,98528,T,TEMPLE,12,0,0,306,,,71.3,,,,63.3,,,66.5,0,0,38,0,0,0,1,0,0
Ethan Driskell,98530,T,MARSHALL,12,0,0,214,,,74.7,,,,57.8,,,28.6,0,1,52,0,0,0,0,0,0
Bryce Benhart,98531,T,NEBRASKA,12,0,0,238,,,73.1,,,,65.2,,,73.7,0,0,42,0,0,0,0,0,0
Tatum Bethune,98532,LB,FLORIDA ST,13,1,0,167,60.1,,,,,,63.7,,,69.9,1,0,0,35,25,0,12,15,2
Jeremiah Jean-Baptiste,98536,LB,OLE MISS,13,0,0,226,60.0,,,,,,60.5,,,64.0,0,0,0,37,0,0,0,0,0
Matt Lee,98544,C,MIAMI FL,1,0,0,220,,,60.0,,,,61.2,,,63.4,0,0,5,0,0,0,0,0,0
Lokahi Pauole,98548,G,UCF,13,0,0,323,,,76.8,,,,65.3,,,67.1,0,0,71,0,0,0,0,0,0
Dallaz Corbitt,98549,ED,UCF,6,0,0,323,58.5,,,,,,58.9,,,70.2,0,0,0,25,0,0,0,7,0
Adrian Medley,98550,G,UCF,5,0,0,323,,,68.9,,,,63.6,,,68.6,0,0,24,0,0,0,0,0,0
Amari Johnson,98551,WR,UCF,3,0,0,323,,,,,,,53.3,,,67.0,1,0,0,0,11,0,2,0,0
Jarrad Baker,98553,WR,UCF,12,1,0,323,,,,,,,67.0,,,74.8,1,0,0,0,23,7,23,13,2
Damarius Good,98554,HB,TEXAS ST,7,0,0,314,,,,,,,64.9,,,74.8,2,0,0,0,28,29,0,14,3
Jayden Harrison,98556,WR,MARSHALL,13,0,0,214,,,,87.1,,,59.1,,,64.9,0,0,0,0,0,77,0,0,0
Devin Boddie Jr.,98557,WR,WYOMING,2,0,0,351,,,,,,,59.8,57.7,,67.4,0,0,0,0,0,2,3,1,0
Jaylen Mahoney,98558,S,VANDERBILT,10,1,0,333,59.8,,,,,,67.1,,,71.5,0,0,0,45,37,1,11,4,2
Gabriel Jeudy-Lally,98566,CB,TENNESSEE,12,0,0,307,59.7,,,,,,62.4,,,73.9,0,0,0,34,0,0,37,3,0
Jared Wheatley,98567,P,OHIO,13,0,0,259,,,50.4,,,,57.9,,53.9,67.2,0,1,64,0,0,0,19,0,0
Christian James,98572,DI,VANDERBILT,7,0,0,333,58.2,,,,,,58.8,,,68.7,0,0,0,32,0,0,0,5,0
Nate Clifton,98574,ED,VANDERBILT,12,0,0,333,57.0,,,,,,56.6,,,70.0,0,0,0,63,0,0,0,6,0
Brayden Bapst,98575,DI,VANDERBILT,1,0,0,333,,,60.0,,,,62.3,,,67.6,0,0,3,0,0,0,0,4,0
Justin Ball,98576,TE,VANDERBILT,12,0,0,333,,,72.4,,,,63.1,,,66.3,1,0,40,0,0,5,60,0,1
Fentrell Cypress II,98591,CB,FLORIDA ST,14,0,0,167,59.7,,,,,,61.1,,,72.9,0,0,0,6,47,3,11,13,3
Cam Goode,98596,DI,MICHIGAN,3,0,0,222,59.1,,,,,,59.1,,,63.5,0,0,0,4,0,0,0,0,0
Michael Wiley,98617,HB,ARIZONA,5,0,0,109,,,,60.2,,,59.0,,,63.2,0,0,0,0,0,10,1,0,0
TQ Newsome,98625,LB,SO MISS,11,0,0,296,60.0,,,,,,61.4,,,71.3,0,0,0,29,2,7,24,7,1
Mike Hollins,98628,HB,VIRGINIA,6,0,0,335,,,,59.4,,,64.8,,,71.8,0,0,0,0,0,8,23,7,1
Swayze Bozeman,98634,LB,SO MISS,10,0,0,296,60.2,,,,,,62.2,,,68.3,0,0,0,40,0,0,0,6,0
Nick Jackson,98640,LB,IOWA,13,0,0,192,59.8,,,,,,61.8,,,67.8,0,0,0,49,0,2,1,10,0
Jaydon Hill,98645,CB,FLORIDA,7,0,0,163,59.9,,,,,,62.1,,,69.0,0,0,0,1,27,0,8,4,0
Chester Kimbrough,98646,CB,MICH STATE,12,2,0,223,59.9,,,,,,66.7,,,41.9,0,1,0,22,29,0,1,28,1
Jordan Morgan,98652,T,ARIZONA,3,0,0,109,,,,,,,60.0,,,65.2,0,0,0,0,0,0,3,0,0
Nick Nash,98679,WR,S JOSE ST,5,0,0,285,,,60.0,67.3,,,60.2,,,64.3,0,0,3,0,0,4,1,0,0
Dominick Mazotti,98717,TE,S JOSE ST,10,0,0,285,,,75.5,,,,64.9,,,64.1,0,0,60,0,0,0,0,0,0
Bradley Rozner,98743,WR,NC STATE,12,0,0,248,,,,61.8,,,70.4,,,77.9,0,0,0,0,1,3,16,35,0
Te'Cory Couch,98755,CB,MIAMI FL,13,0,1,220,59.8,,,59.9,,,61.6,,,29.6,0,1,0,37,34,6,6,33,1
Kyon Barrs,98769,DI,USC,13,0,0,326,58.1,,,,,,58.9,,,69.6,0,0,0,28,0,0,0,7,0
Avery Huff,98774,ED,FIU,12,2,0,166,60.0,,,,,,67.9,,,74.0,3,0,0,6,49,0,65,12,6
Kila Kamakawiwo'ole,98779,TE,HAWAII,11,0,0,180,,,,,,,62.4,,,72.2,0,0,0,0,0,57,0,0,0
Ty'Ron Hopper,98781,LB,MISSOURI,10,0,0,229,73.8,,,,,,68.8,,,70.5,1,0,0,40,0,0,24,3,0
Jesiah Pierre,98782,LB,TEXAS TECH,10,0,0,315,59.9,,,,,,62.4,,,68.2,0,0,0,41,7,4,0,7,0
Khris Bogle,98783,ED,MICH STATE,9,0,0,223,59.2,,,,,,60.5,,,66.6,0,0,0,15,0,0,0,4,0
Lloyd Summerall,98784,ED,USF,8,0,0,327,58.8,,,,,,59.1,,,66.9,0,0,0,31,1,0,0,0,0
Seth MacKellar,98785,LS,ARIZONA,13,0,0,109,,,90.1,,,78.6,72.5,,,66.2,0,0,77,0,0,0,36,0,1
Mason Napper,98786,LS,MIAMI FL,13,2,0,220,,,60.9,,,16.9,48.5,,,66.6,1,0,73,0,0,0,45,0,0
Jamari Williams,98789,G,MIDDLE TN,1,0,0,224,,,60.0,,,,60.3,,,65.4,0,0,2,0,0,0,0,0,0
Kyle Ostendorp,98795,P,ARIZONA,13,0,0,109,,,68.0,,,,57.3,,68.3,29.3,2,1,77,0,0,0,36,0,0
John Burton,98801,TE,UMASS,8,0,0,216,,,,,,,50.1,,,82.9,2,1,0,0,34,48,31,27,1
Nay'Quan Wright,98803,HB,USF,9,0,0,327,,,,,,,53.3,,,67.5,1,0,0,0,26,0,0,0,0
Justin Pelic,98809,LB,FLORIDA,3,0,0,163,,,,,,,61.4,,,65.4,0,0,0,0,3,0,0,1,0
Trent Whittemore,98811,WR,UCF,13,0,0,323,,,,,,,67.9,62.5,,78.9,0,0,0,0,1,71,0,7,0
Ja'Markis Weston,98826,S,FLORIDA,5,0,0,163,60.1,,,,,,77.0,,,76.4,0,0,0,2,28,33,16,9,4
Dylan Lawrence,98829,S,SO MISS,12,0,0,296,59.4,,,60.0,,,67.1,,,75.7,1,0,0,50,60,21,9,7,5
M.J. Devonshire,98832,CB,PITTSBURGH,12,0,0,268,60.3,,,,,,63.1,60.0,,73.3,0,0,0,52,0,0,0,54,0
Ray'Darious Jones,98835,CB,MISS STATE,1,0,0,227,,,,,,,60.6,,,67.6,0,0,0,0,0,0,0,2,0
Shilo Sanders,98838,S,COLORADO,11,0,0,143,59.5,,,,,,63.0,60.2,,74.7,0,0,0,57,8,0,0,16,0
Johnny Dixon,98839,CB,PENN STATE,11,0,0,266,60.2,,,,,,70.0,,,75.6,0,0,0,21,3,1,0,41,0
Warren Burrell,98842,CB,TENNESSEE,10,1,0,307,59.6,,,,,,69.8,,,79.1,1,0,0,14,14,0,36,26,1
Jaylen McCollough,98845,S,TENNESSEE,12,0,0,307,59.6,,,,,,60.7,,,66.6,0,0,0,49,0,5,0,3,0
Aaron Beasley,98846,LB,TENNESSEE,12,0,0,307,59.6,,,,,,48.8,,,27.7,0,1,0,41,0,0,0,2,0
Bub Means,98847,WR,PITTSBURGH,5,0,0,268,,,,,,,59.4,,,68.1,0,0,0,0,0,0,6,0,0
Demani Richardson,98852,S,TEXAS A&M,12,0,0,312,59.9,,,,,,60.6,,,47.4,0,1,0,45,15,0,38,29,2
Brandon Turnage,98859,CB,TENNESSEE,12,1,0,307,59.8,,,,,,64.9,,,75.5,0,0,0,12,1,0,19,40,0
DJ Douglas,98860,S,TULANE,13,0,0,319,60.5,,,,,,62.6,,,73.7,1,0,0,44,49,2,43,7,3
Marcus Banks,98861,S,MISS STATE,12,0,0,227,59.9,,,,,,62.2,,,71.3,0,0,0,54,7,0,33,1,0
Jalen Catalon,98867,S,TEXAS,2,0,0,311,,,,,,,60.1,,,65.1,0,0,0,0,0,0,2,1,0
Greg Brooks Jr.,98869,S,LSU,2,1,0,211,60.2,,,,,,71.3,,,65.8,0,0,0,7,10,0,0,1,1
Malik Chavis,98870,S,ARKANSAS,8,0,0,111,59.7,,,,,,52.3,,,30.3,2,1,0,20,38,9,19,27,1
Hudson Clark,98871,S,ARKANSAS,12,0,0,111,59.8,,,,,,55.0,,,70.7,0,0,0,65,8,55,0,11,0
Zion Puckett,98874,S,AUBURN,12,0,0,115,59.9,,,,,,62.0,,,67.6,0,0,0,47,0,0,4,17,0
Nehemiah Pritchett,98875,CB,AUBURN,9,0,0,115,59.8,,,,,,61.9,,,71.3,0,0,0,27,0,0,3,9,0
Jaylin Simpson,98876,S,AUBURN,12,0,1,115,72.5,,,,,,61.9,60.3,,28.7,1,2,0,47,4,0,49,13,1
Dan Jackson,98883,S,GEORGIA,11,0,1,173,60.1,,,,,,68.8,,,79.0,0,1,0,6,75,35,0,50,2
Jalen Jordan,98885,S,S ALABAMA,10,0,0,288,59.8,,,,,,60.2,,,65.0,0,0,0,31,0,3,0,0,0
Deantre Prince,98888,CB,OLE MISS,13,0,0,226,59.9,,,,,,62.7,,,74.7,0,0,0,50,0,0,1,11,0
Jay Stanley,98889,S,SO MISS,11,0,0,296,59.9,,,,,,48.7,,,28.4,0,1,0,49,0,13,3,3,0
Chris Shearin,98891,CB,UCONN,7,0,0,146,59.9,,,,,,47.8,,,71.1,2,0,0,1,17,2,0,10,0
Ishmael Az-Zahir,98893,CB,TCU,1,0,0,305,60.0,,,,,,60.0,,,61.1,0,0,0,1,0,0,0,0,0
Jalen Geiger,98901,S,KENTUCKY,9,0,0,202,59.8,,,,,,62.1,,,68.7,0,0,0,12,36,0,5,7,1
LeDarrius Cox,98905,DI,INDIANA,11,0,0,190,58.7,,,,,,59.3,,,68.0,0,0,0,33,0,0,0,3,0
Izuchukwu King Ani,98906,ED,TULSA,1,0,0,320,,,,,,,60.0,,,64.1,0,0,0,0,0,0,0,1,0
De'Monte Russell,98907,ED,MISS STATE,10,0,0,227,59.7,,,,,,61.4,,,70.1,0,0,0,37,0,0,51,2,0
Joe Anderson,98913,DI,PURDUE,8,0,0,273,59.1,,,,,,60.0,,,66.2,0,0,0,11,0,0,0,2,0
Elijah Simmons,98915,DI,TENNESSEE,7,0,0,307,58.4,,60.3,,,,59.2,,,66.8,0,0,5,19,0,0,0,1,0
Derick Hunter Jr.,98918,DI,MEMPHIS,5,0,0,218,59.0,,,,,,60.0,,,65.5,0,0,0,4,0,0,0,2,0
Adarious Jones,98921,DI,MEMPHIS,7,0,0,218,57.8,,,,,,57.8,,,67.4,0,0,0,22,0,0,0,2,0
Braylen Ingraham,98924,DI,SYRACUSE,9,0,0,304,58.3,,,,,,58.4,,,67.2,0,0,0,16,0,0,0,5,0
Justin Eboigbe,98925,ED,ALABAMA,14,0,0,103,59.1,,,,,,60.5,,,68.4,0,0,0,45,0,0,0,7,0
Collin Clay,98929,DI,OKLA STATE,10,0,0,262,58.3,,,,,,58.2,,,66.1,0,0,0,20,0,0,0,1,0
Eric Gregory,98930,DI,ARKANSAS,12,0,0,111,58.3,,,,,,59.5,,,71.0,0,0,0,58,0,0,0,10,0
Zach Williams,98931,ED,ARKANSAS,4,0,0,111,,,,,,,61.8,,,67.2,0,0,0,0,0,0,0,5,0
Taurean Carter II,98934,DI,ARKANSAS,7,0,0,111,59.6,,,,,,63.3,,,68.2,0,0,0,7,0,0,0,10,0
Enoch Jackson,98935,DI,N TEXAS,2,0,0,251,59.3,,,,,,59.4,,,63.5,0,0,0,3,0,0,0,0,0
Stone Handy,98938,ED,CHARLOTTE,9,0,0,136,59.3,,,,,,59.4,,,69.2,0,0,0,15,7,0,0,5,1
Bill Norton,98941,DI,ARIZONA,13,0,0,109,58.4,,78.3,,,,57.4,,,77.1,0,0,76,22,0,8,31,8,2
Tramel Walthour,98942,ED,GEORGIA,14,0,0,173,,,,,,,69.2,,,71.1,0,0,0,0,0,51,1,6,0
Tymon Mitchell,98943,DI,TCU,10,0,0,305,58.7,,,,,,59.2,,,66.7,0,0,0,30,0,0,0,2,0
Zion Logue,98944,DI,GEORGIA,14,0,0,173,58.0,,79.3,,,,63.4,,,70.3,0,0,92,35,0,0,0,11,0
Darius Robinson,98946,ED,MISSOURI,11,0,0,229,59.4,,,,,,61.4,,,68.8,0,0,0,37,0,0,0,8,0
Cavon Butler,98951,DI,TOLEDO,12,0,0,316,58.3,,,,,,59.0,,,68.4,0,0,0,33,0,0,0,7,0
Isaiah Gibson Sr.,98952,DI,MARSHALL,12,0,0,214,70.6,,,,,,78.4,,,71.9,0,1,0,37,0,0,0,15,0
Joe Evans,98953,DI,UTSA,13,0,0,331,57.3,,,,,,57.5,,,68.0,0,0,0,34,0,0,0,7,0
Ashanti Cistrunk,98958,LB,OLE MISS,13,0,0,226,59.9,,,,,,61.9,,,74.8,0,0,0,15,4,52,0,8,0
Caden Davis,98964,K,OLE MISS,13,0,0,226,,88.7,60.0,,91.1,,64.1,,,77.6,0,0,69,0,87,0,0,0,0
Will Reichard,98965,K,ALABAMA,14,0,0,103,,91.5,,,86.9,,64.2,,62.7,77.8,1,0,80,0,87,0,4,0,0
Alex Herrera,98977,K,S CAROLINA,1,0,0,289,,60.0,,,,,60.0,,,61.7,0,0,1,0,0,0,0,0,0
Derek Boykins,98980,LB,CHARLOTTE,4,0,0,136,60.1,,,,,,64.6,,,68.7,0,0,0,5,7,0,0,9,0
Jahmar Brown,98981,CB,COAST CAR,3,0,0,141,59.9,,,,,,60.7,,,67.5,0,0,0,2,2,2,2,0,0
Roman Harrison,98983,ED,TENNESSEE,7,0,0,307,59.5,,,,,,61.0,,,67.4,0,0,0,18,0,0,0,4,0
Tarian Lee Jr.,98988,LB,GA SOUTHRN,10,0,0,174,59.6,,,,,,61.0,,,64.9,0,0,0,18,7,0,0,0,0
Chris Russell Jr.,98989,LB,TEXAS A&M,13,1,0,312,59.9,,,,,,46.9,,,29.4,0,2,0,26,73,16,42,32,1
Andre White,98990,LB,GA TECH,10,0,0,176,59.8,,,,,,54.7,,,66.8,0,0,0,10,11,0,0,2,0
Ke'Shun Brown,98991,LB,S ALABAMA,5,0,0,288,59.9,,,,,,71.9,,,69.5,0,0,0,5,9,6,0,0,0
Shane Lee,98998,LB,USC,12,1,0,326,59.7,,,,,,74.1,,,73.4,0,0,0,13,64,39,0,6,2
Kevin Harris,98999,ED,GA TECH,11,0,0,176,59.3,,,,,,61.4,,,67.8,0,0,0,32,3,0,0,8,0
Zach Zimos,99001,LB,LA TECH,12,0,0,208,60.0,,,,,,69.2,,,75.6,0,1,0,33,20,24,22,11,3
OC Brothers,99008,LB,PURDUE,5,0,0,273,60.0,,,,,,61.2,,,64.0,0,0,0,21,0,0,0,3,0
Rian Davis,99016,LB,UCF,6,0,0,323,60.1,,,,,,59.0,,,68.4,0,1,0,8,1,0,1,13,0
Trezmen Marshall,99017,LB,ALABAMA,12,0,0,103,60.1,,,,,,62.7,,,65.6,0,0,0,22,0,0,0,7,0
Jamie Pettway,99020,LB,USF,13,3,0,327,59.8,,,59.4,,,71.7,,,52.2,2,1,0,11,56,59,10,15,3
Devin Nicholson,99021,LB,KENT STATE,8,0,0,201,60.2,,,,,,62.3,,,67.9,0,0,0,35,0,0,0,7,0
Matthew Bailey,99030,LS,TOLEDO,14,0,0,316,,,53.7,,,40.1,55.7,,,67.0,0,0,67,0,0,0,54,0,1
Gabe Pugh,99032,LS,LA TECH,12,0,0,208,,,35.8,,,51.3,48.8,,,28.1,3,2,54,0,0,0,54,0,2
John Oehrlein,99034,LS,TEXAS ST,13,1,0,314,,,81.5,,,74.4,75.5,,,66.5,0,0,73,0,0,0,41,0,0
Jacob Quattlebaum,99035,LS,AUBURN,13,0,0,115,,,86.8,,,82.9,66.5,,,64.8,1,0,54,0,0,0,14,0,0
William Mote,99036,LS,GEORGIA,14,0,0,173,,,90.6,,,73.3,70.3,,,66.1,0,0,92,0,0,0,32,0,0
Quentin Skinner,99038,LS,TROY,14,0,0,318,,,86.1,,,74.0,67.7,,,67.1,0,0,74,0,0,0,53,0,1
Patrick Lucas Jr.,99039,DI,INDIANA,9,0,0,190,58.9,,,,,,60.7,,,68.3,0,0,0,13,0,0,0,7,0
Jakai Moore,99041,G,S CAROLINA,8,0,0,289,,,69.2,,,,63.5,,,65.3,0,0,30,0,0,0,0,0,0
Vincent Murphy,99046,C,W KENTUCKY,1,0,0,346,,,,,,,60.0,,,63.3,0,0,0,0,0,0,1,0,0
Jackson Lampley,99047,G,TENNESSEE,12,0,0,307,,,76.7,,,,66.2,,,76.9,0,0,69,0,0,0,0,0,0
Parker Ball,99048,C,TENNESSEE,10,0,0,307,,,75.2,,,,64.9,,,65.5,0,0,57,0,0,0,0,0,0
Dayne Davis,99049,T,TENNESSEE,12,0,0,307,,,76.8,,,,66.2,,,75.5,0,0,65,0,0,0,0,0,0
Layden Robinson,99057,G,TEXAS A&M,10,0,0,312,,,78.3,,,,66.4,,,74.5,0,0,65,0,0,0,0,0,0
Tanner Bowles,99059,G,KENTUCKY,13,0,0,202,,,76.4,,,,59.2,,,31.5,0,1,60,0,0,0,51,0,0
Darrian Dalcourt,99061,G,ALABAMA,5,0,0,103,,,71.2,,,,63.8,,,64.6,0,0,23,0,0,0,0,0,0
Amari Kight,99064,T,UCF,13,0,0,323,,,76.9,,,,65.2,,,64.7,0,0,71,0,0,0,0,0,0
Beaux Limmer,99067,C,ARKANSAS,1,0,0,111,,,,,,,60.0,,,63.3,0,0,0,0,0,0,0,0,0
Brady Latham,99068,G,ARKANSAS,5,0,0,111,,,67.5,,,,52.0,,,27.0,0,1,19,0,0,0,0,0,0
Justin Osborne,99071,G,SMU,5,0,0,287,,,66.1,,,,60.7,,,64.2,0,0,18,0,0,0,2,0,0
Keiondre Jones,99072,G,FLORIDA ST,8,0,0,167,,,74.0,,,,65.0,,,72.2,0,0,37,0,0,0,0,0,0
Kamaar Bell,99073,G,FAU,11,0,0,165,,,75.8,,,,65.6,,,73.1,0,0,47,0,0,0,0,0,0
Clay Webb,99076,G,JVILLE ST,2,0,0,196,,,,,,,60.0,,,65.2,0,0,0,0,0,0,2,0,0
Xavier Truss,99082,T,GEORGIA,14,0,0,173,,,79.7,,,,67.4,,,79.0,0,0,88,0,0,0,0,0,0
Bryce Ramsey,99086,C,SO MISS,12,0,0,296,,,58.6,,,,60.7,,,75.5,0,0,51,0,0,0,0,0,0
Luke Griffin,99087,G,PURDUE,7,0,0,273,,,24.9,,,,43.2,,,63.5,0,0,28,0,0,0,0,0,0
Cole Smith,99094,C,MISS STATE,12,0,0,227,,,77.1,,,,65.8,,,70.8,0,0,54,0,0,0,0,0,0
Eli Cox,99099,C,KENTUCKY,3,0,0,202,,,63.1,,,,62.1,,,63.0,0,0,9,0,0,0,0,0,0
Jared Casey,99108,LB,INDIANA,12,0,0,190,60.0,,,,,,55.3,,,42.4,1,1,0,2,31,0,59,17,2
K.D. McDaniel,99109,ED,UCF,3,0,0,323,,,,,,,40.9,,,68.6,1,0,0,0,19,0,0,0,0
J.J. Weaver,99111,ED,KENTUCKY,13,0,0,202,57.2,,,,,,58.0,,,70.7,0,0,0,57,0,2,0,16,0
Desmond Little,99113,ED,UAB,11,0,0,321,58.9,,,,,,58.3,,,69.3,0,0,0,31,0,8,0,11,0
Jack Martin,99116,P,S ALABAMA,13,0,0,288,,,67.6,,,,63.2,,65.8,70.6,0,0,69,0,0,0,43,0,0
Alan Guerrieri,99119,K,LA LAFAYET,2,0,0,207,,60.0,,,60.0,,60.0,,,64.3,0,0,2,0,1,0,0,0,0
Michael Bittner,99122,WR,TENNESSEE,2,0,0,307,,,,,,,60.1,,,65.0,0,0,0,0,0,8,0,0,0
KJ Jefferson,99129,QB,ARKANSAS,1,0,0,111,,,,,,,60.0,,,63.3,0,0,0,0,0,0,0,0,0
Mark-Antony Richards,99155,HB,UCF,11,0,0,323,,,,,,,58.6,,,28.9,0,1,0,0,8,8,0,31,0
Sevaughn Clark,99159,HB,GEORGIA,2,0,0,173,,,,,,,63.5,,,67.6,0,0,0,0,14,0,0,5,0
Lee Witherspoon,99166,HB,UAB,12,0,0,321,,,,59.1,,,49.2,62.4,,76.7,1,0,0,0,65,70,36,4,4
Josh Williams,99171,HB,LSU,7,0,0,211,,,,,,,72.9,,,72.6,0,0,0,0,4,38,0,9,1
Jalani Williams,99172,S,KENT STATE,12,2,0,201,59.6,,,,,,57.6,,,73.4,1,0,0,11,40,5,2,7,2
J.P. Purvis,99175,ED,MISS STATE,12,1,0,227,59.6,,,,,,66.0,,,74.8,1,0,0,54,38,0,53,9,3
Cody Swanson,99176,S,MISS STATE,2,0,0,227,,,,,,,61.5,,,67.2,0,0,0,0,0,2,0,2,0
Marcel Brooks,99177,LB,TCU,1,0,0,305,,,,,,,60.0,,,63.9,0,0,0,0,1,0,0,0,0
Sean Brown,99181,TE,JVILLE ST,13,0,0,196,,,76.4,,,,60.8,,,64.1,0,0,67,0,0,1,2,0,1
Hunter Salmon,99182,TE,TENNESSEE,9,0,0,307,,,73.7,,,,64.3,,,61.7,0,0,50,0,0,0,0,0,0
Casey Kelly,99191,TE,OREGON,4,0,0,264,,,66.7,,,,62.8,,,62.4,0,0,19,0,0,0,0,0,0
Nik Ognenovic,99194,TE,AKRON,11,0,0,102,,,72.2,,,,63.9,,,63.5,0,0,40,0,0,1,0,0,0
Xavier Legette,99197,WR,S CAROLINA,12,0,0,289,,,,57.9,,,51.9,,,29.0,1,2,0,0,0,51,51,0,1
Ramel Keyton,99204,WR,TENNESSEE,3,0,0,307,,,,,,,61.6,,,27.1,0,1,0,0,0,2,7,0,1
Chase Lane,99205,WR,GA TECH,2,0,0,176,,,,,,,61.6,,,67.3,0,0,0,0,0,0,0,7,0
Ainias Smith,99207,WR,TEXAS A&M,12,0,0,312,,,,57.8,,,66.4,79.4,,72.5,0,0,0,0,1,56,4,63,0
Dylan Wright,99209,WR,TCU,1,0,0,305,,,,,,,60.0,,,63.7,0,0,0,0,0,1,0,0,0
Ja'Varrius Johnson,99223,WR,AUBURN,2,0,0,115,,,,,,,60.0,54.6,,63.9,0,0,0,0,0,0,0,5,0
Dominick Blaylock,99230,WR,GA TECH,11,0,0,176,,,,,,,61.2,75.0,,71.4,0,0,0,0,5,22,0,33,0
Makiya Tongue,99231,LB,OREGON ST,3,1,0,265,59.9,,,,,,59.8,,,66.2,0,0,0,3,10,0,0,3,0
DeMarcus Harris,99244,WR,MARSHALL,5,0,0,214,,,,61.8,,,60.3,,,70.1,0,0,0,0,2,3,0,4,0
Naim Muhammad,99253,CB,KENT STATE,11,0,0,201,59.8,,,,,,55.4,,,78.0,2,0,0,5,24,3,12,33,1
Malachi Ruffin,99254,CB,W VIRGINIA,13,0,0,343,60.8,,,,,,68.2,,,79.7,1,0,0,51,46,1,27,17,1
Kee'yon Stewart,99257,CB,ARKANSAS,10,0,0,111,59.3,,,,,,56.9,,,72.0,0,0,0,48,1,0,0,3,0
Demarco Jones,99259,CB,TULSA,7,0,0,320,59.7,,,,,,66.1,,,71.5,0,0,0,16,2,0,0,6,1
Kenyatta Watson II,99265,CB,GA TECH,12,1,0,176,60.0,,,,,,66.5,,,79.7,0,0,0,1,33,0,36,29,2
Chris Adimora,99266,LB,SMU,14,1,0,287,59.8,,,,,,60.3,,,61.4,2,1,0,11,66,14,43,47,2
Tyler Owens,99271,S,TEXAS TECH,10,0,0,315,59.8,,,,,,64.8,,,75.1,0,0,0,31,8,0,23,21,1
Will Jones II,99276,S,USF,10,0,0,327,59.6,,,,,,67.9,,,76.4,0,0,0,16,19,9,15,32,1
Logan Wilson,99280,S,N TEXAS,12,0,0,251,60.4,,,60.0,,,53.7,,,29.0,0,1,0,51,8,1,1,3,0
Isheem Young,99281,S,OLE MISS,6,0,0,226,60.0,,,,,,63.7,,,70.8,0,0,0,3,28,4,0,0,0
D.J. Miller Jr.,99283,CB,KENT STATE,11,2,0,201,59.3,,,,,,62.8,,,83.9,1,0,0,61,6,7,66,25,1
Virdel Edwards II,99286,CB,HAWAII,11,0,0,180,60.1,,,,,,57.8,,,48.2,0,1,0,44,46,1,20,9,1
Ben Kopenski,99303,ED,TULSA,12,1,0,320,58.0,,,,,,60.8,,,70.4,1,0,0,54,3,1,59,6,1
Jake Schultz,99306,TE,OKLA STATE,14,1,0,262,,,,59.9,,,73.7,,,81.3,0,0,0,0,1,78,66,34,0
Trace Ford,99307,ED,OKLAHOMA,12,0,0,261,59.8,,,,,,67.6,,,74.9,0,0,0,4,10,2,0,23,0
Kody Walterscheid,99308,ED,OKLA STATE,14,0,0,262,74.7,,74.6,,,,77.7,,,71.1,0,0,54,35,0,0,57,3,0
Jace Friesen,99310,ED,KANSAS ST,13,0,0,199,59.8,,73.3,,,,63.5,,,66.0,0,0,45,1,0,4,48,1,0
Corey Suttle,99312,ED,MIAMI OH,8,0,0,221,59.5,,,,,,62.1,,,69.0,0,0,0,14,0,0,0,7,0
Garmon Randolph,99314,ED,BAYLOR,11,0,0,118,58.9,,,,,,60.9,,,71.1,0,0,0,29,0,5,0,15,0
Myron Warren,99320,DI,TEXAS ST,7,0,0,314,58.5,,,,,,59.4,,,65.9,0,0,0,6,0,0,0,3,0
T'Vondre Sweat,99321,DI,TEXAS,9,0,0,311,80.4,,,,,,89.5,,,67.3,0,0,0,24,0,0,0,4,0
Patrick Bayouth,99322,TE,TEXAS,11,0,0,311,,,76.0,,,,74.9,,,66.0,0,0,65,0,0,3,0,0,0
Jordan Jefferson,99325,DI,LSU,12,0,1,211,58.3,,,,,,39.5,,,26.7,0,2,0,35,0,0,0,6,0
Jalen Thornton,99326,DI,W VIRGINIA,13,0,0,343,58.7,,76.0,,,,63.3,,,72.3,0,0,65,9,0,57,44,5,0
Marcus Stripling,99327,ED,OKLAHOMA,9,0,0,261,59.9,,,52.4,,,63.6,,,67.7,0,0,0,6,16,8,0,5,0
Kori Roberson Jr.,99328,DI,SMU,8,0,0,287,58.4,,,,,,61.4,,,70.1,0,0,0,9,0,0,0,12,0
Tony Bradford Jr.,99335,DI,TEXAS TECH,12,0,0,315,57.3,,,,,,57.6,,,72.5,0,0,0,51,0,0,0,7,0
Earl Barquet,99337,DI,LA MONROE,10,0,0,209,57.8,,,,,,58.1,,,68.0,0,0,0,19,0,0,0,3,0
Soni Misi,99339,DI,TCU,12,0,0,305,58.8,,,,,,59.5,,,68.5,0,0,0,48,0,0,0,3,0
Xavier Ross,99340,ED,OKLA STATE,12,0,0,262,90.4,,,,,,92.3,,,66.5,0,0,0,22,0,0,0,0,0
TJ Franklin,99348,ED,BAYLOR,12,0,0,118,57.6,,,,,,57.1,,,67.2,0,0,0,46,0,0,0,2,0
Gabe Hall,99350,DI,BAYLOR,12,0,0,118,57.0,,,,,,56.6,,,73.6,0,0,0,46,0,0,0,0,0
Griffin Kell,99355,K,TCU,12,0,0,305,,75.2,,,83.9,,63.8,,,76.4,0,0,67,0,73,0,0,0,1
Noah Rauschenberg,99361,K,N TEXAS,12,0,0,251,,87.9,,,92.5,,64.0,,,77.0,0,0,65,0,79,0,0,0,0
Austin McNamara,99363,P,TEXAS TECH,13,0,1,315,,,67.2,,,,63.5,,87.6,72.6,0,1,62,0,0,0,56,0,0
Juwan Mitchell,99368,LB,COLORADO,6,0,0,143,59.8,,,,,,56.8,,,67.4,0,0,0,20,8,1,0,8,0
David Gbenda,99370,LB,TEXAS,6,0,0,311,60.0,,,,,,55.5,,,72.4,0,0,0,1,4,14,0,10,0
Jett Bush,99372,ED,TEXAS,14,0,0,311,60.0,,,59.9,,,74.7,,,80.2,0,0,0,42,84,56,26,37,3
Hayden Hatcher,99373,ED,KANSAS,8,0,0,198,60.0,,,,,,61.0,,,64.5,0,0,0,9,0,0,0,2,0
Jared Bartlett,99374,ED,W VIRGINIA,13,2,0,343,59.1,,,,,,47.7,,,77.7,5,0,0,43,59,33,42,5,2
Zach Marcheselli,99378,LB,TCU,12,0,0,305,59.7,,,59.6,,,63.0,,,77.4,2,0,0,3,64,28,24,18,3
Khalid Duke,99387,ED,KANSAS ST,12,0,0,199,58.4,,,,,,58.5,,,67.7,0,0,0,39,0,0,0,1,0
Austin Moore,99388,LB,KANSAS ST,12,0,0,199,59.7,,,,,,60.0,,,68.1,0,0,0,48,0,2,12,2,0
Levi Hummel,99391,HB,IOWA STATE,11,0,0,193,,,,,,,65.5,,,80.3,1,0,0,0,20,40,45,32,1
Matt Jones,99396,LB,BAYLOR,12,0,0,118,60.1,,,,,,77.0,,,73.6,0,0,0,56,0,35,0,0,0
Tyrique Matthews,99398,LB,TEXAS TECH,11,2,0,315,59.9,,,,,,61.4,,,76.8,1,0,0,7,57,49,46,0,1
Willie Tyler,99413,T,LOUISVILLE,3,0,0,210,,,64.1,,,,62.6,,,67.0,0,0,13,0,0,0,0,0,0
Nick Malone,99421,T,W VIRGINIA,13,1,0,343,,,77.3,,,,62.3,,,30.1,0,1,69,0,0,0,45,0,0
Parker Moorer,99422,T,E CAROLINA,12,0,0,156,,,73.0,,,,64.2,,,63.5,0,0,46,0,0,0,0,0,0
Brandon Yates,99423,G,W VIRGINIA,13,0,0,343,,,76.8,,,,66.0,,,74.2,0,0,68,0,0,0,0,0,0
Jake Springfield,99425,T,OKLA STATE,11,0,0,262,,,75.9,,,,65.9,,,75.9,0,0,61,0,0,0,0,0,0
Joe Michalski,99426,C,OKLA STATE,2,0,0,262,,,60.0,,,,60.0,,,63.3,0,0,1,0,0,0,0,0,0
Cole Birmingham,99427,G,OKLA STATE,1,0,0,262,,,,,,,60.0,,,63.3,0,0,0,0,0,0,0,0,0
Taylor Miterko,99428,G,OKLA STATE,14,0,0,262,,,79.8,,,,67.0,,,75.3,0,0,79,0,0,0,0,0,0
Preston Wilson,99429,G,OKLA STATE,9,0,0,262,,,27.5,,,,48.0,,,64.2,0,0,41,0,0,0,0,0,0
Stacey Wilkins,99431,T,LA MONROE,4,0,0,209,,,65.0,,,,62.8,,,69.9,0,0,13,0,0,0,0,0,0
Marcus Alexander,99432,G,TEXAS ST,2,0,0,314,,,62.6,,,,62.2,,,68.6,0,0,8,0,0,0,0,0,0
EJ Ndoma-Ogar,99433,G,MISSOURI,4,0,0,229,,,70.6,,,,54.9,,,27.3,0,1,23,0,0,0,0,0,0
Cooper Beebe,99434,G,KANSAS ST,13,0,0,199,,,60.0,,,,61.2,,,67.6,0,0,1,0,0,0,52,0,0
Jarrod Hufford,99440,G,IOWA STATE,13,0,0,193,,,31.5,,,,52.7,,,74.3,0,0,64,0,0,0,0,0,0
Darrell Simmons Jr.,99441,G,IOWA STATE,13,0,0,193,,,79.0,,,,66.0,,,64.4,0,0,64,0,0,0,0,0,0
Grant Treiber,99444,G,IOWA STATE,4,0,0,193,,,64.9,,,,63.1,,,71.1,0,0,14,0,0,0,0,0,0
Elijah Ellis,99452,T,BAYLOR,4,0,0,118,,,62.3,,,,62.3,,,67.9,0,0,10,0,0,0,0,0,0
Landon Peterson,99457,G,TEXAS TECH,12,0,0,315,,,75.3,,,,65.8,,,74.7,0,0,55,0,0,0,0,0,0
Marcus Williams,99458,T,TCU,7,0,0,305,,,70.8,,,,64.1,,,71.1,0,0,31,0,0,0,0,0,0
Andrew Coker,99459,T,TCU,1,0,0,305,,,60.0,,,,60.8,,,66.5,0,0,3,0,0,0,0,0,0
Leighton Bechdel,99460,P,W VIRGINIA,7,0,0,343,,,64.9,,,,61.9,,60.0,62.3,0,0,34,0,1,0,1,0,0
Matthew Daniel,99461,P,GA SOUTHRN,13,0,1,174,,,67.8,,,,55.8,,,27.7,0,1,74,0,0,0,0,0,0
Jordy Sandy,99462,P,TCU,12,0,0,305,,,67.4,,,,63.1,,70.6,70.1,0,0,67,0,0,0,38,0,0
Ben Freehill,99464,K,PURDUE,8,0,0,273,,60.3,,,61.2,,62.0,,,70.5,0,0,33,0,19,0,0,0,0
Tony Mathis Jr.,99481,HB,HOUSTON,9,0,0,182,,,,,,,66.5,,,77.9,0,0,0,0,0,53,20,0,0
Darwin Barlow,99482,HB,USC,6,0,0,326,,,,,,,29.6,,,28.5,1,1,0,0,15,4,0,5,0
Marcus Major Jr.,99488,HB,OKLAHOMA,2,0,0,261,,,,,,,84.9,,,66.1,0,0,0,0,0,6,0,0,0
Noah Guzman,99499,S,HOUSTON,2,0,0,182,59.8,,,,,,61.1,,,71.2,0,0,0,7,3,3,7,3,0
Tykee Smith,99500,S,GEORGIA,13,0,0,173,,,,,,,90.0,,,79.2,0,0,0,0,16,45,4,32,0
Deshawn McCuin,99502,S,S DIEGO ST,7,0,0,284,59.8,,,,,,61.4,,,72.6,1,0,0,12,12,0,5,19,1
Josh Foster,99503,S,TCU,12,4,0,305,,,,,,,75.8,,,81.5,2,0,0,0,62,41,38,42,5
Millard Bradford,99504,S,TCU,12,0,0,305,,,,,,,46.0,60.3,,75.2,4,0,0,0,47,0,0,38,1
Griffin Speaks,99511,S,AUBURN,13,0,0,115,60.0,,,,,,75.4,,,83.7,0,0,0,1,64,34,8,53,0
Brent Matiscik,99517,TE,TCU,12,0,0,305,,,84.7,,,77.1,65.2,,,66.2,2,0,67,0,0,0,38,0,0
Konner Fox,99520,TE,TEXAS ST,1,0,0,314,,,,,,,60.1,,,63.5,0,0,0,0,0,2,0,0,0
Brendan Mott,99521,ED,KANSAS ST,10,0,0,199,58.5,,,,,,59.1,,,67.8,0,0,0,33,0,0,0,3,0
Easton Dean,99522,TE,IOWA STATE,13,0,0,193,,,75.6,61.8,,,57.1,,,30.0,0,2,64,0,0,43,62,0,0
Logan Compton,99526,TE,HOUSTON,1,0,0,182,,,60.0,,,,60.0,,,60.3,0,0,2,0,0,0,0,0,0
Al'vonte Woodard,99531,WR,SM HOUSTON,9,0,0,281,,,,,,,57.5,,,74.6,0,0,0,0,0,34,11,33,0
Graeson Malashevich,99536,WR,W VIRGINIA,11,0,0,343,,,65.0,,,,63.0,,,65.0,0,0,35,0,0,2,0,7,0
Winston Wright Jr.,99537,WR,FLORIDA ST,4,0,0,167,,,,65.0,,,60.2,,,63.0,0,0,0,0,0,16,0,0,0
Blair Conwright,99538,WR,N TEXAS,7,0,0,251,,,,59.9,,,66.9,,,69.5,0,0,0,0,0,30,0,3,0
Keenan Garber,99550,CB,KANSAS ST,13,0,0,199,90.4,,,,,,84.5,,,74.6,0,0,0,30,0,0,13,24,0
Darien Porter,99553,CB,IOWA STATE,12,0,0,193,59.9,,,59.9,,,79.2,,,79.1,3,0,0,5,53,38,45,38,5
Jaylen Ellis,99563,WR,COLORADO,7,0,0,143,,,,,,,60.6,,,28.2,2,2,0,0,0,0,42,1,3
Xavier White,99566,WR,TEXAS TECH,13,0,0,315,,,,58.7,,,78.8,72.5,,73.0,0,0,0,0,0,70,1,18,0
Trey Cleveland,99570,WR,N TEXAS,1,0,0,251,,,,,,,57.3,,,67.0,0,0,0,0,0,3,0,0,0
Frank Ladson Jr.,99571,WR,MIAMI FL,3,0,0,220,,,,61.8,,,72.8,,,66.1,0,0,0,0,0,8,0,2,0
Daniel Carter,99572,HB,PITTSBURGH,12,0,1,268,,,,,,,46.0,,,31.3,3,1,0,0,5,7,59,17,0
Luke Bussel,99574,S,VA TECH,13,0,0,337,,,,,,,71.4,,,86.8,0,0,0,0,32,62,0,68,0
Brannon Spector,99581,WR,CLEMSON,10,0,0,140,,,,,,,72.8,,,79.6,0,0,0,0,7,45,0,44,0
Emery Simmons,99584,WR,UTAH,1,0,0,328,,,,,,,60.0,,,62.1,0,0,0,0,1,0,0,0,0
Michel Dukes,99591,HB,USF,5,0,0,327,,,,59.1,,,73.1,,,70.3,0,0,0,0,16,5,5,0,1
Jordan Houston,99592,HB,NC STATE,3,0,0,248,,,,,,,78.6,,,68.4,0,0,0,0,0,13,0,6,0
Josh Henderson,99594,HB,INDIANA,6,0,0,190,,,,59.2,,,67.0,,,68.8,0,0,0,0,6,30,0,3,0
Jawhar Jordan,99595,HB,LOUISVILLE,5,0,0,210,,,,65.0,,,60.1,,,64.7,0,0,0,0,0,19,0,0,0
Chez Mellusi,99597,HB,WISCONSIN,2,0,0,349,,,,,,,59.3,,,66.2,0,0,0,0,0,0,6,0,0
Nicholas Treco,99599,CB,NC STATE,11,1,0,248,,,,,,,74.8,,,79.8,0,0,0,0,18,49,0,26,0
Kyi Wright,99600,TE,JAMES MAD,13,0,0,197,,,75.9,,,,64.3,,,70.1,0,0,65,0,0,46,29,0,0
Hampton Earle,99604,WR,CLEMSON,13,0,0,140,,,,,,,71.5,,,76.7,0,0,0,0,1,54,0,3,0
Delbert Mimms III,99609,HB,NC STATE,13,0,0,248,,,,61.8,,,57.7,,,74.2,0,0,0,0,0,26,49,0,0
Keshawn King,99612,HB,W MICHIGAN,3,0,0,347,,,,63.6,,,60.4,,,63.0,0,0,0,0,0,16,0,0,0
Demarcus Jones II,99614,HB,NC STATE,8,1,0,248,,,,,,,49.9,,,73.9,1,0,0,0,33,35,44,0,0
Treshaun Ward,99619,HB,KANSAS ST,6,0,0,199,,,,63.5,,,60.0,,,63.4,0,0,0,0,0,23,0,0,0
Tahj Gary,99620,HB,TULSA,5,0,0,320,,,,,,,66.0,,,68.4,0,0,0,0,0,24,0,0,0
RJ Harvey,99622,HB,UCF,9,0,0,323,,,,57.1,,,64.9,,,69.8,0,0,0,0,1,13,0,14,0
J'Wan Evans,99628,HB,JVILLE ST,7,0,0,196,,,,,,,60.5,,,70.3,0,0,0,0,1,31,0,0,0
Francis Sherman,99629,TE,ARKANSAS,5,0,0,111,,,,,,,58.2,,,70.4,0,0,0,0,1,24,0,0,0
Jason Collier Jr.,99630,G,PITTSBURGH,12,0,0,268,,,76.3,,,,65.1,,,64.0,0,0,45,0,0,0,0,0,0
Will Putnam,99655,C,CLEMSON,1,0,0,140,,,,,,,60.0,,,63.3,0,0,0,0,0,0,1,0,0
Ja'Quay Hubbard,99678,G,W VIRGINIA,1,0,0,343,,,,,,,60.0,,,63.3,0,0,0,0,0,0,0,0,0
Matt Goncalves,99680,T,PITTSBURGH,2,0,0,268,,,60.2,,,,61.7,,,68.3,0,0,6,0,0,0,0,0,0
Dylan Leonard,99685,TE,GA TECH,13,0,0,176,,,28.0,,,,60.0,,,71.0,0,1,69,0,3,75,0,0,0
Tayvion Robinson,99693,WR,KENTUCKY,13,0,0,202,,,,58.8,,,60.3,59.4,,68.5,0,0,0,0,0,21,0,46,0
Justin Olson,99695,WR,MIDDLE TN,3,0,0,224,,,,,,,60.4,,,64.3,0,0,0,0,1,2,0,0,0
Nate Wellington,99699,WR,SYRACUSE,3,0,0,304,59.6,,,,,,61.2,,,67.0,0,0,0,1,1,0,0,6,0
Courtney Jackson,99703,WR,ARK STATE,13,0,0,113,,,,,,,61.1,82.8,,68.0,0,0,0,0,0,2,1,56,0
Christopher Toudle,99705,TE,NC STATE,3,0,0,248,,,,59.9,,,62.8,,,68.9,0,0,0,0,0,6,0,5,0
Luke Benson,99708,TE,GA TECH,10,0,0,176,,,,,,,53.0,,,70.9,1,0,0,0,16,1,6,0,1
Hamp Greene,99712,WR,CLEMSON,11,0,0,140,,,,61.8,,,67.7,73.3,,83.7,0,0,0,0,2,5,0,51,0
Kamari Morales,99713,TE,N CAROLINA,12,0,0,245,,,70.5,60.0,,,68.1,,,81.4,0,0,32,0,0,59,2,23,0
Kevon Glenn,99720,LB,UCONN,7,0,0,146,60.0,,,,,,74.4,,,69.9,0,0,0,1,24,2,2,1,3
Don Chapman,99721,S,N CAROLINA,13,0,0,245,59.6,,,,,,68.2,,,73.7,0,0,0,48,57,0,3,7,2
Chico Bennett Jr.,99725,ED,VIRGINIA,11,0,0,335,60.2,,,,,,62.9,,,70.4,0,0,0,49,0,0,0,12,0
Nate Temple,99726,ED,PITTSBURGH,11,0,0,268,58.8,,,,,,60.0,,,68.1,0,0,0,27,0,0,0,8,0
Ray Thornton III,99727,S,UAB,8,0,0,321,59.8,,,,,,58.0,,,67.3,1,0,0,10,14,0,0,8,1
Demetrius Knight Jr.,99728,LB,CHARLOTTE,12,0,0,136,59.9,,,,,,75.9,,,71.8,0,0,0,40,2,0,28,7,2
Kane Patterson,99729,LB,VANDERBILT,9,0,0,333,59.8,,,,,,57.5,,,68.2,0,0,0,38,0,0,16,0,0
Travis Jay,99730,CB,COLORADO,3,0,0,143,59.9,,,,,,61.7,,,67.1,0,0,0,1,6,4,0,2,0
Joseph Charleston,99732,S,MISSOURI,13,0,0,229,59.9,,,61.8,,,61.3,,,74.8,0,0,0,31,52,20,25,7,3
Jarvis Brownlee Jr.,99734,CB,LOUISVILLE,11,0,0,210,59.7,,,,,,65.2,,,76.8,0,0,0,32,0,0,22,22,0
Cecil Powell,99735,S,NC STATE,10,1,0,248,60.0,,,,,,56.5,,,30.2,3,1,0,2,45,0,21,0,2
Kalen DeLoach,99740,LB,FLORIDA ST,13,0,0,167,59.8,,,,,,59.1,,,70.3,1,0,0,45,49,0,20,0,1
Lee Kpogba,99743,LB,W VIRGINIA,13,1,0,343,59.9,,,,,,58.8,,,71.0,0,0,0,60,37,0,17,11,1
Jordan Huff,99745,S,E CAROLINA,12,0,0,156,60.1,,,,,,45.0,,,69.0,2,0,0,13,36,0,2,0,0
Eugene Asante,99748,LB,AUBURN,13,1,0,115,60.3,,,,,,67.9,,,75.5,2,0,0,27,53,3,40,11,3
Adrian Cole,99749,CB,FIU,9,0,0,166,59.6,,,,,,50.3,,,28.4,0,1,0,38,1,0,0,7,0
A.J. Woods,99750,CB,PITTSBURGH,11,0,0,268,74.4,,,57.7,,,74.3,,,76.5,0,0,0,36,0,8,4,30,0
Jalyn Phillips,99751,S,CLEMSON,9,0,0,140,59.5,,,,,,72.9,,,70.5,0,0,0,19,27,0,21,0,3
Aman Greenwood,99753,S,SYRACUSE,4,0,0,304,60.2,,,,,,62.3,,,79.3,0,0,0,5,2,0,0,1,0
Jake Harkleroad,99754,LB,N CAROLINA,13,4,0,245,,,,,,,60.3,,,77.2,3,0,0,0,75,65,45,0,0
Giovanni Biggers,99755,S,N CAROLINA,12,0,0,245,59.9,,,,,,61.9,,,68.1,0,0,0,35,0,0,0,14,0
Quashon Fuller,99758,ED,MARYLAND,13,0,0,215,59.2,,,,,,60.4,,,68.1,0,0,0,26,0,0,0,4,0
Brandon George,99759,LB,PITTSBURGH,12,0,0,268,60.0,,,,,,62.1,,,77.6,2,0,0,19,30,20,63,23,2
Kenan Johnson,99761,CB,GA TECH,10,0,0,176,59.7,,,,,,61.4,,,70.7,0,0,0,33,0,0,0,3,0
Raymond Woodie III,99762,S,CAL,2,0,0,130,60.0,,,,,,62.5,,,68.2,0,0,0,3,0,0,0,4,0
Geoffrey Cantin-Arku,99763,LB,MEMPHIS,13,0,0,218,81.9,,,,,,71.8,,,53.5,2,1,0,41,64,4,37,16,1
Etinosa Reuben,99766,ED,GA TECH,7,0,0,176,59.7,,70.8,,,,54.4,,,27.9,0,1,36,2,0,0,0,1,0
Ruke Orhorhoro,99768,DI,CLEMSON,12,0,0,140,58.5,,76.3,,,,64.0,,,69.7,0,0,66,31,0,0,4,16,0
Matt Johnson,99770,LB,VA TECH,13,0,0,337,,,,52.4,,,61.4,,,77.7,1,0,0,0,32,62,60,0,0
Jaylon Scott,99771,LB,NC STATE,13,1,0,248,60.3,,,,,,56.2,,,75.1,1,0,0,45,0,0,64,17,0
Renardo Green,99773,CB,FLORIDA ST,13,0,0,167,59.5,,,,,,62.6,,,75.4,0,0,0,34,2,0,2,23,0
LaVonta Bentley,99789,LB,COLORADO,12,0,0,143,59.7,,,,,,65.4,,,75.7,0,0,0,46,2,0,0,37,0
Brendan Gant,99793,LB,COLORADO,4,0,0,143,60.0,,,,,,66.2,,,79.5,0,0,0,1,20,6,0,5,2
Kevon Darton,99808,DI,SYRACUSE,13,0,0,304,57.4,,,,,,58.1,,,73.3,0,0,0,40,0,0,61,12,0
Rico Watson III,99809,DI,USF,2,0,0,327,,,,,,,47.9,,,26.8,0,1,0,0,8,5,0,4,1
Derrick McLendon II,99810,ED,COLORADO,12,0,0,143,58.7,,,,,,60.4,,,69.8,0,0,0,34,0,0,0,11,0
Tomari Fox,99811,DI,N CAROLINA,13,0,0,245,57.7,,,,,,58.5,,,69.2,0,0,0,29,0,0,0,8,0
Bam Brima,99812,ED,PITTSBURGH,12,0,0,268,58.7,,71.5,,,,53.6,,,28.3,0,1,37,29,0,0,0,9,0
C.J. Clark,99816,DI,NC STATE,11,0,0,248,58.0,,,,,,59.0,,,69.4,0,0,0,30,0,0,0,11,0
Khadry Jackson,99823,LB,GA SOUTHRN,13,0,0,174,59.6,,,,,,65.8,,,79.6,0,0,0,40,0,0,48,11,1
Drew Tuazama,99824,ED,S CAROLINA,1,0,0,289,,,,,,,60.0,,,63.5,0,0,0,0,0,0,0,1,0
Terrell Dawkins,99825,ED,S CAROLINA,3,0,0,289,59.6,,,,,,64.3,,,68.8,0,0,0,2,13,0,0,0,0
Cam'Ron Kelly,99827,S,LOUISVILLE,12,0,0,210,59.8,,,,,,60.9,,,65.0,0,0,0,45,12,0,0,1,0
DeAndre Jules,99830,DI,PITTSBURGH,11,0,1,268,57.5,,,,,,58.3,,,70.6,0,1,0,40,0,0,0,13,0
Josh Fuga,99832,DI,VA TECH,13,0,0,337,58.1,,,,,,58.0,,,67.5,0,0,0,32,0,0,0,1,0
Mario Kendricks Jr.,99838,DI,VA TECH,13,0,0,337,58.3,,,,,,53.0,,,67.3,1,0,0,22,0,0,60,2,0
Mike Lockhart,99842,DI,W VIRGINIA,12,0,0,343,76.6,,,,,,84.8,,,68.9,0,0,0,40,0,0,0,4,0
Ben Smiley,99845,ED,VIRGINIA,9,0,0,335,59.5,,,,,,61.8,,,68.4,0,0,0,31,0,0,0,10,0
Norell Pollard,99848,DI,VA TECH,12,0,0,337,58.1,,,,,,58.7,,,67.6,0,0,0,26,0,0,0,5,0
Steve Linton,99849,ED,TEXAS TECH,2,0,0,315,,,,,,,60.4,,,65.3,0,0,0,0,0,0,0,3,0
Kevin Hester Jr.,99852,DI,N CAROLINA,12,0,0,245,57.8,,60.0,,,,58.6,,,68.9,0,0,1,22,0,0,15,4,0
D'Quan Douse,99854,DI,GA TECH,13,0,0,176,57.7,,,,,,49.5,,,28.4,0,1,0,40,0,0,0,5,0
Malcolm Ray,99856,DI,FLORIDA ST,7,0,0,167,59.4,,,,,,63.4,,,68.3,0,0,0,2,0,0,0,8,0
James Turner,99857,K,MICHIGAN,15,0,0,222,,84.2,,,60.1,,61.8,,,68.3,0,1,87,0,1,0,0,0,0
Aidan Swanson,99859,P,CLEMSON,13,0,0,140,,,,,65.8,,63.4,,66.0,75.4,0,0,0,0,2,0,62,0,0
Jonathan Weitz,99860,K,CLEMSON,10,0,0,140,,73.5,,,,,61.3,,,66.8,0,0,49,0,0,0,0,0,0
Mike Midkiff,99863,LS,SYRACUSE,11,0,0,304,,,74.5,,,51.6,62.0,,,63.4,0,0,49,0,0,0,0,0,0
Drew Little,99864,LS,N CAROLINA,13,1,0,245,,,,,,61.7,57.6,,,28.8,2,1,0,0,0,0,47,0,0
Ryan Fitzgerald,99867,K,FLORIDA ST,14,0,0,167,,84.4,,,88.0,,64.2,,,77.5,0,0,79,0,87,0,0,0,0
Collin Smith,99868,P,NC STATE,13,0,0,248,,,,,81.6,,63.7,,,77.9,0,0,0,0,67,0,0,0,2
Joe Shimko,99870,LS,NC STATE,13,0,0,248,,,83.8,,,68.5,66.2,,,67.6,2,0,63,0,0,0,67,0,1
Ben Kiernan,99871,P,N CAROLINA,5,0,0,245,,,63.0,,,,61.8,,69.5,67.3,0,0,20,0,0,0,12,0,0
Jonathan Kim,99875,K,MICH STATE,12,0,0,223,,87.6,,,79.0,,63.0,,,74.1,1,0,35,0,45,0,0,0,0
Justin Pollock,99881,LS,VA TECH,12,0,0,337,,,64.9,,,34.2,43.9,,,29.2,1,1,7,0,0,0,58,0,1
Josh McCarty,100211,S,E MICHIGAN,12,3,0,160,60.1,,,,,,80.9,,,66.7,3,1,0,47,51,55,60,29,9
Ja'Shaun Poke,100218,WR,W VIRGINIA,2,0,0,343,,,,,,,59.8,,,65.8,0,0,0,0,0,0,2,0,0
PaSean Wimberly,100221,HB,BOWL GREEN,13,7,1,122,,,,,,,64.0,,,46.9,3,1,0,0,66,63,50,33,4
Trae Allen,100226,HB,W MICHIGAN,2,0,0,347,,,,,,,60.2,,,65.4,0,0,0,0,1,1,0,0,0
Zack Conti,100242,G,E MICHIGAN,2,0,0,160,,,60.0,,,,56.7,,,65.4,0,0,7,0,0,0,8,0,0
Kendall Major,100243,G,TOLEDO,9,0,0,316,,,70.9,,,,64.1,,,69.2,0,0,33,0,0,0,0,0,0
Alex Robarge,100250,C,AKRON,2,0,0,102,,,64.0,,,,62.2,,,62.4,0,0,8,0,0,0,0,0,0
Jordan Daniels,100260,G,CHARLOTTE,1,0,0,136,,,61.2,,,,61.9,,,68.7,0,0,7,0,0,0,0,0,0
Logan Zschernitz,100262,C,N ILLINOIS,1,0,0,254,,,60.0,,,,60.8,,,66.9,0,0,3,0,0,0,0,0,0
Xavior Gray,100263,T,LIBERTY,14,0,0,206,,,79.8,,,,67.5,,,79.1,0,1,88,0,0,0,0,0,0
Shawn Naim,100268,WR,VANDERBILT,8,0,0,333,,,,,,,58.5,,,73.4,0,1,0,0,0,60,0,2,0
Tyrone Broden,100273,WR,ARKANSAS,12,0,0,111,59.5,,,,,,79.1,,,80.3,0,0,0,4,5,15,58,37,2
Keyshawn Swanson,100281,S,TROY,13,0,0,318,60.0,,,,,,62.7,,,73.3,0,1,0,25,13,3,29,5,1
Jordan Anderson,100285,S,UCLA,13,0,0,324,60.1,,,,,,61.6,,,81.2,2,0,0,12,46,51,23,41,0
Avi McGary,100290,S,BOWL GREEN,13,0,0,122,60.2,,,,,,53.3,,,89.6,6,0,0,4,67,63,49,39,5
Davion Daniels,100294,S,BOWL GREEN,13,0,0,122,60.0,,,,,,75.4,,,78.9,0,0,0,4,66,64,0,34,6
A.J. Watts,100297,S,LA MONROE,12,0,0,209,59.7,,,,,,61.9,,,67.7,0,0,0,66,22,0,0,7,0
Patrick Day,100299,S,BOWL GREEN,13,1,0,122,59.6,,,,,,69.3,,,83.3,1,1,0,23,62,59,46,32,6
Brock Horne,100301,LB,BOWL GREEN,13,0,0,122,59.8,,,,,,53.0,,,28.1,0,2,0,13,1,0,48,2,1
Kempton Shine,100302,CB,E MICHIGAN,10,0,0,160,59.6,,,,,,71.5,,,89.4,0,0,0,12,3,0,1,10,1
Darren Anders,100304,LB,BOWL GREEN,13,0,0,122,60.1,,,,,,61.9,,,64.9,0,0,0,45,1,0,2,7,0
Kendric Nowling,100309,LB,E MICHIGAN,10,0,0,160,59.8,,,66.5,,,65.6,,,79.3,1,0,0,36,42,54,16,5,4
D'Andre Ragin,100316,ED,TOLEDO,11,0,0,316,59.3,,,,,,61.3,,,67.0,0,0,0,28,0,0,0,9,0
James Miller,100318,LB,BOWL GREEN,13,1,0,122,,,,,,,69.2,,,81.9,0,0,0,0,1,63,3,34,0
T.J. Peavy,100322,S,E MICHIGAN,4,0,0,160,,,,,,,69.8,,,77.0,0,0,0,0,9,0,19,4,1
Blaine Spires,100324,ED,UTAH ST,3,0,0,329,59.0,,,,,,59.7,,,65.4,0,0,0,11,0,0,0,2,0
Corey Thomas Jr.,100330,S,AKRON,12,0,0,102,60.0,,,,,,63.7,,,75.5,0,0,0,29,23,12,66,19,2
Julian Richardson,100336,ED,AKRON,1,0,0,102,,,,,,,63.5,,,68.2,0,0,0,0,0,0,0,6,0
Buddha Jones,100343,DI,TROY,12,0,0,318,58.0,,,,,,59.1,,,71.4,0,0,0,28,0,0,0,14,0
Alex Merritt,100346,DI,E MICHIGAN,2,0,0,160,,,,,,,61.0,,,88.3,0,0,0,0,0,0,0,2,0
Ronald McGee,100347,DI,KANSAS,1,0,0,198,,,,,,,59.9,,,64.1,0,0,0,0,0,0,0,1,0
Vonnie Watkins,100349,ED,OHIO,11,0,0,259,59.0,,,,,,60.5,,,71.7,0,0,0,26,0,0,0,6,0
Denzel Daxon,100352,DI,ILLINOIS,12,0,0,187,58.3,,60.0,,,,58.6,,,68.7,0,0,2,47,0,0,0,1,0
Andrew Bench,100353,TE,BOWL GREEN,13,0,0,122,,,75.2,,,,64.2,,,68.8,0,0,61,0,0,43,50,0,0
Gino Quinones,100374,G,USC,2,0,0,326,,,65.5,,,,62.4,,,63.0,0,0,10,0,0,0,3,0,0
Nicolas Toomer,100376,CB,INDIANA,8,0,0,190,59.7,,,,,,55.2,,,74.5,0,1,0,29,0,8,0,7,0
Trikweze Bridges,100378,CB,OREGON,13,0,0,264,59.9,,,,,,62.3,,,75.2,0,0,0,12,98,24,2,21,0
D.J. James,100379,CB,AUBURN,12,0,0,115,60.0,,,,,,53.3,,,47.9,1,1,0,48,2,0,42,8,1
Miles Williams,100382,S,CAL,13,1,0,130,60.0,,,,,,66.5,,,78.5,1,0,0,2,74,81,6,43,7
Armauni Archie,100386,CB,UCONN,8,0,0,146,60.0,,,,,,71.4,,,73.3,0,0,0,1,0,1,2,29,0
Asa Turner,100389,S,WASHINGTON,6,0,0,340,90.5,,,,,,91.8,,,86.7,0,1,0,18,0,0,0,6,0
Mishael Powell,100390,S,WASHINGTON,15,0,0,340,59.7,,,,,,62.2,,,53.6,0,1,0,50,14,4,42,19,1
JaTravis Broughton,100391,CB,UTAH,12,1,0,328,60.1,,,,,,69.4,,,77.9,0,0,0,31,0,0,13,10,0
Alphonso Taylor,100396,S,ARIZONA ST,7,0,0,110,59.8,,,,,,91.9,,,64.2,0,0,0,11,0,0,2,1,1
Carl Jones Jr.,100406,ED,UCLA,13,0,0,324,59.9,,,,,,54.3,,,42.2,1,2,0,13,28,34,43,57,2
Connor Soelle,100407,LB,OREGON,14,2,0,264,59.9,,,,,,61.3,,,84.8,1,0,0,3,97,47,11,51,3
Jojo Forest,100413,CB,HAWAII,8,0,0,180,60.2,,,,,,63.5,,,72.5,0,0,0,27,10,0,0,17,0
Miki Suguturaga,100414,TE,UTAH,8,0,0,328,,,68.7,,,,63.1,,,60.9,0,0,25,0,0,0,0,0,0
Faatui Tuitele,100420,DI,WASHINGTON,12,0,0,340,73.6,,,,,,81.5,,,71.2,0,0,0,34,0,0,0,9,0
Dovid Magna,100436,DI,UCLA,13,0,0,324,58.6,,,,,,60.5,,,68.6,0,0,0,12,0,0,48,7,0
Stanley Ta'ufo'ou,100444,DI,USC,12,0,0,326,58.2,,,,,,59.3,,,71.3,0,0,0,19,0,0,0,4,0
De'Jon Benton,100445,DI,USC,8,0,0,326,58.5,,,,,,41.7,,,26.5,0,1,0,12,0,0,0,1,0
James Rawls,100448,DI,OREGON ST,11,0,0,265,57.7,,,,,,58.1,,,72.0,0,0,0,39,0,0,0,9,0
Kristian Williams,100451,DI,MISSOURI,13,0,0,229,58.6,,,,,,59.7,,,68.2,0,0,0,25,0,0,0,5,0
Brandon Dorlus,100452,DI,OREGON,13,0,0,264,58.6,,,,,,60.4,,,72.5,0,0,0,32,0,0,0,9,0
Jayden Simon,100454,DI,TULSA,4,0,0,320,58.7,,,,,,58.5,,,64.1,0,0,0,9,0,0,0,0,0
Aeneas DiCosmo,100456,ED,VANDERBILT,12,0,0,333,58.7,,,,,,59.2,,,68.1,0,0,0,44,0,4,0,4,0
Levani Damuni,100457,LB,UTAH,13,0,0,328,60.0,,,59.9,,,63.2,,,75.4,3,0,0,44,0,46,27,8,2
Tristan Sinclair,100458,LB,STANFORD,12,0,0,300,59.8,,,,,,62.1,,,66.1,0,0,0,54,1,0,54,11,0
Marvin Ham II,100461,LB,COLORADO,11,0,0,143,60.0,,,,,,64.6,,,68.3,0,0,0,37,10,1,0,4,0
Tim Horn,100474,K,RICE,13,0,0,275,,71.6,,,67.9,,37.0,,,27.7,0,2,59,0,24,0,0,0,1
Camden Lewis,100476,K,OREGON,14,0,0,264,,76.1,,,82.4,,56.1,,,43.7,0,1,88,0,101,0,0,0,0
Nick Lopez,100478,K,LOUISVILLE,4,0,0,210,,71.5,,,,,60.2,,,64.6,0,0,12,0,0,0,0,0,0
Dean Janikowski,100479,K,WASH STATE,11,0,0,341,,74.1,,,60.1,,61.5,,,67.5,0,0,60,0,1,0,0,0,0
Nick Barr-Mira,100480,K,MISS STATE,8,0,0,227,,64.8,,,86.3,,62.2,,,74.0,0,0,3,0,31,0,0,0,0
Daniel Heimuli,100485,LB,ARIZONA,9,0,0,109,59.8,,,59.9,,,63.9,,,73.3,0,0,0,11,18,25,0,3,1
Alphonzo Tuputala,100487,LB,WASHINGTON,9,0,0,340,60.0,,,,,,62.5,,,85.4,0,0,0,3,0,4,9,3,0
Drew Fowler,100488,LB,WASHINGTON,15,2,0,340,60.0,,,,,,71.6,,,65.1,2,1,0,57,101,77,47,38,5
Hayden Furey,100489,ED,UTAH,8,0,0,328,60.1,,67.9,,,,66.9,,,75.5,0,0,22,13,29,29,2,15,1
Kyle Thornton,100494,LB,WASH STATE,12,0,0,341,60.0,,,,,,58.6,,,77.5,1,0,0,52,19,10,46,10,1
John Ward,100505,ED,UTAH ST,13,1,0,329,59.3,,,,,,77.7,,,75.4,0,0,0,2,79,15,0,1,3
Gage King,100515,LS,UCF,13,0,0,323,,,46.6,,,42.6,56.4,,,66.3,0,0,71,0,0,0,37,0,1
Brett Johnson,100516,DI,CAL,12,0,0,130,58.5,,,,,,58.4,,,66.8,0,0,0,35,0,0,0,0,0
Jake Hornibrook,100519,T,DUKE,9,0,0,154,,,73.7,,,,64.5,,,73.9,0,0,46,0,0,0,1,0,0
Troy Fautanu,100521,T,WASHINGTON,15,0,0,340,,,77.6,,,,65.5,,,66.9,0,0,84,0,0,0,0,0,0
Nate Kalepo,100522,G,WASHINGTON,11,0,0,340,,,78.5,,,,66.2,,,70.6,0,0,64,0,0,0,0,0,0
Julius Buelow,100523,G,WASHINGTON,5,0,0,340,,,68.3,,,,63.6,,,70.7,0,0,19,0,0,0,0,0,0
Keaton Bills,100524,G,UTAH,12,0,0,328,,,,,,,55.4,,,64.3,1,0,0,0,0,0,49,0,0
Jake Wiley,100530,G,UCLA,12,0,0,324,,,75.8,,,,66.1,,,75.9,0,0,57,0,0,0,0,0,0
Austin Johnson,100531,C,PURDUE,12,0,0,273,,,74.3,,,,65.3,,,75.4,0,0,50,0,0,0,0,0,0
Valentin Senn,100533,T,UCONN,12,0,0,146,,,73.1,,,,65.0,,,74.9,0,0,42,0,0,0,0,0,0
Brian Driscoll,100534,C,CAL,6,0,0,130,,,71.5,,,,64.4,,,73.6,0,0,33,0,0,0,0,0,0
Brayden Rohme,100535,T,CAL,13,1,0,130,,,76.1,,,,68.4,,,68.6,0,0,63,0,0,0,54,0,0
McKade Mettauer,100537,G,OKLAHOMA,13,0,1,261,,,77.3,,,,60.6,,,29.1,0,1,74,0,0,0,1,0,0
Ma'ake Fifita,100541,G,WASH STATE,9,0,0,341,,,76.3,,,,65.7,,,73.4,0,0,50,0,0,0,0,0,0
Duke Clemens,100545,C,UCLA,4,0,0,324,,,64.2,,,,62.8,,,67.1,0,0,15,0,0,0,0,0,0
Bralen Trice,100550,ED,WASHINGTON,15,0,0,340,58.7,,,,,,61.9,,,78.7,0,0,0,52,0,0,0,16,0
Laiatu Latu,100551,ED,UCLA,12,0,0,324,60.0,,,,,,63.4,,,72.7,0,0,0,36,0,2,0,20,0
Stephen Herron,100553,ED,LOUISVILLE,13,0,0,210,58.6,,,,,,60.8,,,72.1,0,0,0,30,0,38,0,17,0
Mase Funa,100554,ED,OREGON,12,0,0,264,59.3,,,,,,59.6,,,65.4,0,0,0,20,0,0,0,2,0
Isaac Townsend,100555,ED,WISCONSIN,12,0,0,349,,,73.3,,,,64.2,,,61.3,0,0,47,0,0,0,0,0,0
Myles Jernigan,100558,ED,CAL,9,0,0,130,59.6,,,,,,60.7,,,67.8,0,0,0,25,0,7,4,6,0
Curley Young Jr.,100559,ED,JVILLE ST,12,0,0,196,59.4,,,,,,76.6,,,78.4,0,0,0,11,9,0,62,41,5
Orin Patu,100560,ED,ARIZONA,1,0,0,109,,,,,,,60.0,,,63.8,0,0,0,0,0,0,0,1,0
Barrett Miller,100562,T,CAL,13,0,0,130,,,64.3,,,,62.3,,,73.9,0,0,59,0,0,0,0,0,0
Walter Rouse,100564,T,OKLAHOMA,2,0,0,261,,,60.0,,,,59.4,,,63.6,0,0,4,0,0,0,1,0,0
Josh Plaster,100568,P,OKLAHOMA,13,0,0,261,,,27.0,,,,47.9,,56.6,65.8,0,0,89,0,0,0,16,0,0
Kedon Slovis,100580,QB,BYU,1,0,0,128,,,,,,,60.0,,,63.3,0,0,0,0,0,0,0,0,0
Charlie Vincent,100584,HB,UTAH,11,2,0,328,,,,,,,60.8,,,76.5,1,0,0,0,44,22,5,20,1
Nathaniel Peat,100586,HB,MISSOURI,11,0,0,229,,,,60.2,,,50.8,,,69.1,0,0,0,0,13,23,27,0,0
Cross Patton,100588,HB,NEVADA,2,0,0,239,,,,,,,61.0,,,65.4,0,0,0,0,3,2,0,0,0
Keegan Jones,100594,WR,UCLA,12,0,0,324,,,,59.2,,,62.1,,,72.0,0,0,0,0,0,52,6,1,0
Sitiveni Havili Kaufusi,100595,DI,UCLA,3,0,0,324,59.6,,,,,,61.5,,,67.4,0,0,0,1,0,0,0,5,0
Kenan Christon II,100601,HB,S DIEGO ST,12,0,0,284,,,,63.4,,,62.8,,,70.1,0,0,0,0,0,51,0,28,0
Spencer Jorgensen,100606,LB,STANFORD,12,1,0,300,59.9,,,,,,60.5,,,73.9,0,0,0,16,56,76,0,4,1
Jonathan McGill,100607,S,SMU,14,0,0,287,60.0,,,,,,59.2,45.5,,79.8,0,0,0,37,57,3,0,62,0
Jamal Hill,100609,LB,OREGON,14,0,0,264,59.7,,,,,,63.6,,,72.8,0,0,0,22,2,7,24,8,1
Craig Woodson,100612,S,CAL,13,2,0,130,59.9,,,,,,70.7,,,69.1,1,0,0,70,26,1,26,3,3
Briton Allen,100615,S,UTAH,7,0,0,328,,,,,,,65.2,,,67.7,0,0,0,0,31,3,0,4,5
Bradley Archer,100623,TE,INDIANA,9,0,0,190,,,71.7,,,,64.3,,,64.5,0,0,38,0,0,0,10,5,0
Patrick Herbert,100625,TE,OREGON,14,0,0,264,,,78.5,59.9,,,72.2,,,70.4,0,0,87,0,1,53,0,0,0
Kyrese Rowan,100635,WR,UTAH ST,12,1,0,329,,,,,,,64.0,,,47.9,0,1,0,0,45,43,48,42,2
Devaughn Vele,100637,WR,UTAH,3,0,0,328,,,,58.9,,,60.3,,,62.9,0,0,0,0,1,4,0,0,0
Donovan Ollie,100651,WR,CINCINNATI,7,0,0,138,,,,,,,58.5,,,70.3,0,0,0,0,0,38,0,0,0
Kain Medrano,100655,LB,UCLA,13,0,0,324,59.7,,,,,,69.2,,,79.7,2,0,0,46,17,38,42,30,0
Hudson Habermehl,100658,TE,UCLA,6,0,0,324,,,67.8,,,,62.7,,,63.2,0,0,22,0,0,3,0,0,0
Jordan Kerley,100659,WR,SMU,1,0,0,287,,,,,,,60.0,,,63.3,0,0,0,0,0,0,1,0,0
Ricky Pearsall,100660,WR,FLORIDA,12,0,0,163,,,,,,,61.4,74.4,,67.6,0,0,0,0,0,1,0,43,0
Andre Johnson,100662,WR,ARIZONA ST,10,0,0,110,,,,,,,64.0,,,80.7,2,0,0,0,37,54,42,25,3
Munir McClain,100663,WR,UTAH,1,0,0,328,,,,,,,60.0,,,63.9,0,0,0,0,1,0,0,0,0
Kaleb Ford-Dement,100670,CB,TEXAS ST,13,0,0,314,59.8,,,,,,61.5,,,73.0,0,0,0,46,0,0,9,6,0
Tre'shon Devones,100673,CB,RICE,12,0,0,275,59.7,,,,,,62.2,,,75.3,0,0,0,59,0,0,6,11,0
Dwight Toombs II,100675,S,FAU,9,0,0,165,60.4,,,,,,64.6,,,66.7,0,0,0,22,10,7,5,3,1
DeShawn Gaddie Jr.,100680,S,OLE MISS,13,0,0,226,59.9,,,,,,67.8,,,79.0,0,0,0,6,27,9,0,37,0
Orlandus McLaurin,100686,CB,SO MISS,11,0,0,296,59.6,,,,,,57.2,,,74.8,4,0,0,56,48,49,0,11,2
Marlon Bradley,100692,ED,FAU,7,0,0,165,59.9,,60.9,,,,62.7,,,67.6,0,0,9,9,0,0,0,4,0
Nicholas Marino,100701,LS,FAU,12,0,0,165,,,73.8,,,80.8,74.6,,,67.2,0,0,47,0,0,0,60,0,2
Latrell Jean,100703,DI,FAU,11,0,0,165,58.2,,,,,,58.3,,,67.0,0,0,0,29,0,0,0,2,0
Jalen Rudolph,100719,DI,UTEP,5,0,0,330,59.1,,,,,,59.1,,,63.2,0,0,0,5,0,0,0,0,0
De'Braylon Carroll,100722,DI,RICE,7,0,0,275,60.0,,,,,,64.4,,,67.9,0,0,0,1,0,0,0,9,0
Scott Payne,100726,K,MIDDLE TN,12,1,0,224,,,,,63.5,,63.4,,,77.3,1,0,0,0,59,0,0,0,0
Andrew Stein,100731,K,SO MISS,12,0,0,296,,76.6,,,59.8,,61.4,,,67.1,0,0,51,0,1,0,0,0,0
Mark Ramos,100736,K,UTEP,8,0,0,330,,,63.8,,58.3,,61.5,,,62.4,0,0,25,0,2,0,0,0,0
Eddie Williams,100742,LB,FAU,4,0,0,165,59.8,,,,,,59.6,,,66.8,0,0,0,12,0,0,10,2,0
Kevin Wood,100748,LB,N TEXAS,9,0,0,251,60.1,,,,,,61.1,,,70.0,0,0,0,32,0,0,0,0,0
Grayson Murphy,100749,ED,UCLA,13,0,0,324,59.7,,,,,,65.1,,,76.3,0,0,0,18,0,0,0,17,0
Avery White,100750,TE,SO MISS,12,0,1,296,,,74.2,,,,70.7,,,57.3,0,1,53,0,38,77,23,33,4
Federico Maranges,100771,C,FAU,6,0,0,165,,,70.1,,,,54.6,,,28.0,0,1,29,0,0,0,0,0,0
Gerquan Scott,100792,G,SO MISS,12,0,0,296,,,77.6,,,,65.5,,,64.2,0,0,53,0,0,0,0,0,0
Matt Ryals,100793,G,SO MISS,12,0,0,296,,,75.3,,,,67.9,,,74.9,0,0,54,0,0,0,34,0,0
Jeremiah Byers,100806,T,FLORIDA ST,14,0,0,167,,,77.7,,,,66.5,,,76.0,0,0,71,0,0,0,0,0,0
Xavier Black,100811,C,DOMINION,10,0,0,263,,,75.0,,,,65.3,,,71.4,0,0,45,0,0,0,0,0,0
Matthew Hayball,100813,P,VANDERBILT,12,0,0,333,,,65.5,,,,63.5,,88.8,73.6,0,1,40,0,0,0,60,0,1
Jovoni Johnson-McCray,100830,WR,RICE,6,0,0,275,59.0,,,,,,59.9,,,66.3,0,0,0,8,0,12,0,2,0
Oscar Adaway III,100835,HB,N TEXAS,9,0,0,251,,,,,,,59.7,,,28.8,0,1,0,0,0,51,0,1,0
E.J. Jackson,100846,S,APP STATE,8,0,0,108,60.0,,,,,,62.2,,,73.9,1,0,0,2,8,0,0,22,0
Asher Alberding,100861,TE,CAL,13,1,0,130,,,75.5,,,,64.5,,,72.3,0,0,62,0,62,61,0,0,4
Julian Lopez,100864,FB,UTEP,12,0,0,330,,,68.8,,,,77.9,,,71.1,0,0,25,0,0,65,3,0,0
Caleb McMillan,100866,WR,MARSHALL,4,0,0,214,,,,,,,60.3,,,69.4,0,0,0,0,0,5,0,9,0
Romain Mungin,100870,CB,FAU,12,1,0,165,59.5,,,,,,59.3,,,72.2,1,0,0,24,25,13,0,5,0
Damon Ward Jr.,100880,WR,N TEXAS,11,0,0,251,,,,61.8,,,61.9,,,73.2,0,0,0,0,0,42,0,15,0
Antavious Willis,100883,CB,SO MISS,12,1,0,296,60.0,,,58.2,,,59.6,60.3,,29.4,1,3,0,2,45,62,61,34,6
Jacob Cowing,100894,WR,ARIZONA,13,0,0,109,,,,54.9,,,58.4,68.7,,68.7,0,0,0,0,0,7,6,50,0
Quintavius Workman,100895,WR,SM HOUSTON,1,0,1,281,,,,,,,60.0,,,22.9,0,1,0,0,0,0,0,1,0
Justin Harris,100902,CB,CINCINNATI,12,0,0,138,59.7,,,,,,62.1,,,75.3,0,0,0,34,20,0,5,14,0
B.J. Gibson,100911,S,S CAROLINA,2,0,0,289,60.0,,,,,,59.9,,,62.9,0,0,0,1,0,1,0,0,0
Sam Westfall,100914,CB,VIRGINIA,11,0,0,335,59.8,,,,,,67.3,,,73.6,0,0,0,40,1,0,1,17,0
Reggie Ellis,100916,CB,TULSA,8,1,0,320,60.3,,,,,,49.4,,,74.8,2,0,0,15,36,1,5,23,2
Harold Nash III,100924,S,MEMPHIS,1,0,0,218,,,,,,,60.0,,,62.3,0,0,0,0,1,0,0,0,0
Jayden Curry,100926,S,USF,13,0,0,327,60.2,,,,,,67.6,,,64.9,1,1,0,15,70,61,54,33,3
Joseph Anderson,100939,DI,TULSA,12,0,0,320,57.6,,,,,,57.3,,,68.2,0,0,0,39,0,0,0,3,0
Hakeem Ajijolaiya,100942,DI,HOUSTON,10,0,0,182,59.4,,74.7,,,,64.9,,,71.6,0,0,41,1,0,0,0,0,0
Raquan Thompson,100949,DI,UTEP,5,0,0,330,58.7,,,,,,58.7,,,64.9,0,0,0,10,0,0,0,0,0
Tre'Mon Morris-Brash,100952,ED,UCF,13,0,0,323,57.8,,,,,,57.8,,,69.9,0,0,0,43,0,0,0,1,0
Rick D'Abreu,100955,ED,TCU,2,0,0,305,59.8,,,,,,60.0,,,63.0,0,0,0,4,0,0,0,0,0
Chelen Garnes,100968,S,WAKE,12,0,0,339,60.7,,,,,,64.4,,,30.0,1,1,0,43,50,0,57,18,4
Bryce Burton,100969,K,CINCINNATI,12,0,0,138,,,66.3,,,,62.0,,,61.1,0,0,49,0,0,0,0,0,0
Spencer Shrader,100974,K,NOTRE DAME,13,0,0,258,,77.9,,,83.5,,55.4,,,40.6,0,1,84,0,89,0,0,0,1
Ja'Len Sims,100987,LB,SO MISS,11,1,0,296,59.9,,,,,,62.6,,,29.9,0,2,0,17,28,24,33,26,2
Brian Holloway,101002,LB,TEXAS ST,13,0,0,314,58.1,,,,,,54.5,,,31.5,0,1,0,59,2,5,0,6,0
Mitchell Kulkin,101005,LB,TULSA,12,0,0,320,59.9,,,,,,65.0,,,79.3,0,0,0,34,13,72,0,31,0
Cayson Pfeiffer,101007,LS,CINCINNATI,12,3,0,138,,,66.4,,,36.0,64.0,,,66.8,0,0,49,0,0,0,46,0,1
Ronald Gaines,101011,LS,KENTUCKY,3,0,0,202,,,,,,84.9,67.1,,,64.2,0,0,0,0,0,0,9,0,0
Cam'Ron Johnson,101018,G,MISSOURI,2,0,0,229,,,64.2,,,,62.5,,,68.1,0,0,9,0,0,0,0,0,0
Cam Jones,101050,G,CINCINNATI,12,0,0,138,,,76.5,,,,65.3,,,66.7,0,0,49,0,0,0,0,0,0
Ryan Montgomery,101063,HB,CINCINNATI,8,0,0,138,,,,57.7,,,65.4,65.5,,68.1,0,0,0,0,0,26,0,13,0
Rodrigues Clark,101068,HB,SO MISS,6,0,0,296,,,,58.7,,,62.9,,,74.2,0,0,0,0,18,46,2,5,1
Ja'Quan Sheppard,101078,CB,MARYLAND,13,0,0,215,59.5,,,,,,56.5,,,77.1,0,0,0,42,0,0,0,39,0
Mannie Nunnery,101079,LB,FLORIDA,12,0,0,163,60.1,,,,,,65.7,,,71.8,0,0,0,44,33,0,9,2,0
Jaise Oliver,101091,CB,TULSA,12,0,0,320,60.4,,,,,,60.8,,,74.0,1,0,0,46,29,39,0,8,2
Ethan Hall,101105,TE,TULSA,12,0,0,320,,,25.6,,,,49.8,,,71.3,0,0,51,0,0,43,1,0,0
Javon Ivory,101116,WR,S ALABAMA,2,0,0,288,,,,,,,60.3,,,65.4,0,0,0,0,1,1,0,0,0
Kelley Joiner Jr.,101124,HB,USF,5,0,0,327,,,,64.4,,,59.9,,,64.8,0,0,0,0,0,25,0,0,0
Christian Helms,101126,WR,USF,11,0,0,327,,,,,,,67.0,,,81.6,0,0,0,0,12,56,0,42,1
Sean Atkins,101127,WR,USF,13,0,0,327,,,,59.9,,,66.2,62.8,,68.6,0,0,0,0,3,2,0,63,1
Caqavouis Berryhill,101129,S,USF,12,0,0,327,60.0,,,,,,62.7,,,70.7,0,0,0,35,1,2,2,3,0
Xavier Weaver,101130,WR,COLORADO,11,0,0,143,,,,56.5,,,60.8,54.7,,66.9,0,0,0,0,2,21,0,20,0
Jha'Quan Jackson,101135,WR,TULANE,10,0,0,319,,,,,,,61.5,83.1,,66.7,0,0,0,0,0,0,0,32,0
Ryan O'Keefe,101139,WR,BOSTON COL,5,0,0,121,,,,58.3,,,71.9,,,63.8,0,0,0,0,0,23,0,0,0
Noah Tumblin,101140,CB,S DIEGO ST,12,0,0,284,59.5,,,,,,65.0,,,77.9,0,0,0,41,14,0,0,50,0
Markel Reed,101142,CB,BOISE ST,11,0,0,120,59.7,,,,,,62.5,,,71.4,0,0,0,16,0,0,0,11,0
Cam Lampkin,101146,CB,WASH STATE,12,0,0,341,60.2,,,,,,65.4,,,81.4,1,0,0,48,1,1,39,26,1
Isaiah Bagnah,101162,ED,BYU,11,0,0,128,59.0,,,,,,63.5,,,69.6,0,0,0,24,0,0,0,25,0
Michael Callahan,101165,DI,BOISE ST,14,0,0,120,58.8,,,,,,53.8,,,71.3,0,0,0,24,0,0,56,13,0
Kaleo Neves,101169,ED,NEVADA,11,0,0,239,,,,,,,57.7,,,78.8,0,0,0,0,42,67,0,1,0
AJ Vongphachanh,101172,LB,BYU,12,0,0,128,60.2,,,,,,55.1,,,77.0,1,0,0,52,0,1,57,8,0
Wyatt Draeger,101173,DI,S DIEGO ST,12,0,0,284,58.4,,,,,,60.0,,,66.6,0,0,0,20,0,0,54,2,0
Naki Fahina,101179,DI,UNLV,3,0,0,325,59.3,,,,,,75.1,,,67.9,0,0,0,1,0,1,0,1,0
Beaux Tagaloa,101184,FB,CAL,3,0,0,130,,,,,,,55.6,,,68.5,0,0,0,0,0,25,0,0,0
Garret Fountain,101214,ED,S DIEGO ST,12,0,0,284,58.4,,,,,,58.7,,,68.5,0,0,0,46,0,0,0,2,0
Tyler Crowe,101219,HB,BOISE ST,8,1,0,120,,,,,,,75.8,,,72.2,0,0,0,0,16,19,24,0,2
Noah Young,101224,LB,COLORADO,2,0,0,143,,,,,,,62.0,,,66.7,0,0,0,0,7,0,0,0,0
Jacoby Windmon,101226,LB,MICH STATE,3,0,0,223,60.1,,,,,,61.4,,,64.9,0,0,0,4,0,0,7,2,0
Jordan Cobbs,101229,LB,S JOSE ST,6,0,0,285,60.1,,,,,,60.1,,,61.5,0,0,0,8,0,0,0,0,0
Walker Hardan,101236,LS,UNLV,14,1,0,325,,,40.5,,,32.7,49.0,,,66.9,1,0,76,0,0,0,52,0,0
Andrew Gonneville,101238,LS,S JOSE ST,13,0,0,285,,,84.7,,,77.1,73.1,,,66.6,1,0,67,0,0,0,45,0,1
Brandon Crenshaw-Dickson,101241,T,S DIEGO ST,10,0,0,284,,,99.9,,,,90.2,,,73.1,0,0,40,0,0,0,0,0,0
Ben Dooley,101247,G,BOISE ST,7,0,0,120,,,72.4,,,,64.5,,,70.3,0,0,32,0,0,0,0,0,0
Jackson Owens,101257,G,UTAH ST,10,0,0,329,,,73.8,,,,65.1,,,75.1,0,0,46,0,0,0,0,0,0
Leif Fautanu,101261,C,ARIZONA ST,6,0,0,110,,,,,,75.6,51.5,,,67.0,0,0,0,0,0,0,8,0,0
Osmar Velez,101266,G,FRESNO ST,8,0,0,169,,,70.7,,,,63.3,,,65.1,0,0,21,0,0,0,14,0,0
Hank Bachmeier,101284,QB,LA TECH,1,0,0,208,,,,,,,60.0,,,63.3,0,0,0,0,0,0,0,0,0
Ryan Marquez,101285,WR,WYOMING,13,0,0,351,,,,,,,77.2,,,85.5,0,0,0,0,21,63,62,47,3
Courtney Reese,101297,HB,UNLV,6,0,0,325,,,,,,,72.5,,,70.8,0,0,0,0,0,0,0,19,0
Kairee Robinson,101299,HB,S JOSE ST,9,0,0,285,,,,,,,71.3,,,70.2,0,0,0,0,0,38,0,0,0
Davaughn Celestine,101308,S,S DIEGO ST,11,1,0,284,60.0,,,61.8,,,80.6,,,90.0,0,0,0,19,35,21,0,7,4
Patrick McMorris,101309,S,CAL,13,0,0,130,60.6,,,,,,72.3,61.0,,69.0,0,0,0,69,2,1,42,5,2
Alexander Teubner,101313,S,BOISE ST,12,1,0,120,60.0,,,,,,60.7,,,72.0,1,0,0,38,22,2,31,26,1
Shea Whiting,101336,WR,BOISE ST,8,1,0,120,,,,,,,72.1,,,29.5,0,2,0,0,40,38,22,11,3
Wyatt Wieland,101342,WR,WYOMING,13,0,0,351,,,,60.5,,,65.0,,,73.7,1,0,0,0,0,63,52,0,2
Malikhi Miller,101353,WR,S JOSE ST,7,0,0,285,,,,,,,73.4,,,75.5,0,0,0,0,0,0,0,32,0
Marquis Wilson,101363,CB,PURDUE,5,0,0,273,59.7,,,,,,58.3,61.7,,69.4,1,0,0,15,19,0,0,5,1
Daequan Hardy,101365,CB,PENN STATE,11,0,0,266,59.8,,,59.9,,,58.0,92.3,,72.9,1,0,0,17,8,2,20,43,1
Quinton Newsome,101371,CB,NEBRASKA,11,0,1,238,76.7,,,,,,65.7,,,29.3,0,1,0,38,6,0,0,20,0
Phalen Sanford,101372,S,NEBRASKA,12,2,0,238,59.9,,,,,,72.6,,,81.9,4,0,0,15,47,44,60,57,4
Javin Wright,101373,S,NEBRASKA,12,0,0,238,59.8,,,,,,69.7,,,82.4,0,1,0,18,19,44,0,51,1
Cam Allen,101374,CB,PURDUE,12,0,0,273,,,,,,,35.4,,,71.1,0,0,0,0,29,0,0,5,0
Quinten Johnson,101377,S,MICHIGAN,15,0,0,222,60.0,,,,,,70.0,57.7,,80.6,0,0,0,8,15,38,44,73,1
Caden Kolesar,101378,S,MICHIGAN,15,1,0,222,60.0,,,,,,69.4,,,85.4,1,0,0,2,94,46,52,81,5
Andrew Russell,101380,S,KANSAS,2,0,0,198,,,,,,,53.2,,,68.0,0,0,0,0,8,0,0,5,0
Keshaun Harris,101381,CB,MICHIGAN,5,0,0,222,60.0,,,,,,62.8,,,67.3,0,0,0,1,5,0,0,7,0
Ben Schultz,101390,TE,ILLINOIS,12,1,0,187,,,,,,,60.5,,,76.0,0,0,0,0,53,1,0,35,0
Josh Sanguinetti,101396,S,INDIANA,12,0,0,190,59.7,,,,,,53.3,,,71.2,2,0,0,23,31,0,0,0,1
Da'Raun McKinney,101399,CB,C MICHIGAN,6,0,0,134,59.7,,,,,,66.9,,,67.8,0,0,0,29,1,0,0,7,0
Jermari Harris,101401,CB,IOWA,12,0,0,192,59.7,,,,,,53.4,,,81.8,0,2,0,43,0,0,0,61,0
Sebastian Castro,101402,CB,IOWA,12,0,0,192,60.0,,,,,,63.4,,,67.8,0,0,0,34,4,1,0,21,0
Kyler Fisher,101403,S,IOWA,14,1,0,192,60.1,,,,,,77.2,,,90.1,0,0,0,48,42,58,94,84,2
Noah Potter,101405,ED,NC STATE,5,0,0,248,59.5,,,,,,60.0,,,65.9,0,0,0,5,0,0,0,2,0
Adisa Isaac,101406,ED,PENN STATE,10,0,0,266,59.0,,,,,,60.0,,,66.8,0,0,0,16,0,0,0,4,0
Hakeem Beamon,101407,DI,PENN STATE,9,0,0,266,58.5,,,,,,59.2,,,66.5,0,0,0,11,0,0,0,3,0
Gio Paez,101409,DI,WISCONSIN,12,0,0,349,58.1,,,,,,58.7,,,68.2,0,0,0,28,0,0,0,7,0
Rodas Getachew-Johnson,101410,DI,WISCONSIN,11,0,0,349,57.7,,,,,,58.7,,,70.1,0,0,0,32,0,0,0,9,0
Michael Fletcher,101411,ED,APP STATE,13,0,0,108,58.4,,,,,,61.2,,,70.1,0,0,0,23,0,1,0,15,0
Dontay Hunter II,101414,ED,OHIO,2,0,0,259,59.7,,,,,,59.9,,,62.3,0,0,0,2,0,0,0,0,0
Sulaiman Kpaka,101415,DI,PURDUE,6,0,0,273,59.1,,,,,,59.2,,,64.9,0,0,0,9,0,0,0,0,0
Logan Lee,101416,DI,IOWA,14,0,0,192,71.1,,71.9,,,,78.6,,,72.1,0,0,40,48,0,0,0,20,0
Anthony Booker Jr.,101424,DI,ARKANSAS,2,0,0,111,,,,,,,60.0,,,65.6,0,0,0,0,0,0,0,2,0
Rashad Cheney Jr.,101430,DI,USF,12,0,0,327,57.4,,,,,,56.6,,,68.1,0,0,0,58,0,0,0,0,0
Logan Richter,101431,DI,MINNESOTA,10,0,0,225,58.3,,,,,,58.1,,,65.6,0,0,0,20,0,0,0,0,0
Trill Carter,101432,DI,TEXAS,2,0,0,311,59.3,,,,,,59.5,,,63.2,0,0,0,2,0,0,0,0,0
Evan Brunning,101433,G,MICH STATE,10,0,0,223,,,71.5,,,,64.0,,,64.0,0,0,38,0,0,0,0,0,0
Sio Nofoagatoto'a,101435,DI,ARIZONA,9,0,0,109,59.3,,,,,,61.5,,,67.1,0,0,0,6,0,0,5,5,0
Jeramy Passmore,101439,ED,FIU,11,0,0,166,58.4,,,,,,60.8,,,72.4,0,0,0,39,0,0,66,10,0
Jacob Herbek,101442,ED,NEBRASKA,6,0,0,238,,,,,,,71.0,,,68.2,0,0,0,0,0,27,0,4,0
Ty Robinson,101446,DI,NEBRASKA,12,0,0,238,77.9,,,,,,87.1,,,68.9,0,0,0,32,0,0,0,9,0
Chris Reames,101451,ED,IOWA,1,0,0,192,,,,,,,60.0,,,63.5,0,0,0,0,0,0,0,1,0
Jaden McKenzie,101453,DI,OHIO STATE,5,0,0,260,59.1,,,,,,60.8,,,65.9,0,0,0,2,0,0,0,3,0
Joseph Appiah Darkwa,101454,DI,TEMPLE,7,0,0,306,57.8,,,,,,58.0,,,67.4,0,0,0,18,0,0,0,3,0
Dvon J-Thomas,101455,DI,PENN STATE,9,0,0,266,58.4,,,,,,42.8,,,26.8,0,1,0,12,0,0,0,2,0
Jalen Hunt,101456,DI,CINCINNATI,8,0,0,138,58.6,,,,,,59.1,,,66.9,0,0,0,12,0,0,0,3,0
Maverick Hansen,101457,DI,MICH STATE,10,0,0,223,57.7,,,,,,57.6,,,67.6,0,0,0,29,0,0,0,2,0
Tatum Grass,101462,LB,WISCONSIN,12,2,0,349,,,,,,,59.0,,,76.8,3,0,0,0,55,13,42,17,3
Maema Njongmeta,101465,LB,WISCONSIN,12,0,0,349,59.8,,,,,,61.7,,,66.6,0,0,0,32,5,1,0,5,0
Nick Henrich,101466,LB,NEBRASKA,6,0,0,238,59.9,,,,,,61.8,,,65.4,0,0,0,12,1,2,0,4,0
Luke Reimer,101469,LB,NEBRASKA,10,0,0,238,59.9,,,,,,58.0,,,73.1,1,0,0,26,1,2,48,5,1
Garrett Snodgrass,101470,LB,NEBRASKA,12,1,0,238,,,,42.3,,,55.3,,,57.8,2,1,0,0,46,48,52,54,2
Michael Lantz,101472,K,GA SOUTHRN,13,0,0,174,,86.7,,,82.8,,63.6,,,75.3,0,0,74,0,61,0,0,0,0
Chris Van Eekeren,101478,K,TEMPLE,10,0,0,306,,,,,54.7,,62.3,,,74.7,0,0,0,0,34,0,0,0,1
Joey Velazquez,101480,LB,MICHIGAN,1,0,0,222,60.0,,,,,,60.0,,,61.2,0,0,0,1,0,0,0,0,0
Cade Stover,101486,TE,OHIO STATE,9,0,0,260,,,72.9,,,,62.4,,,77.2,1,0,43,0,0,1,32,0,0
Craig Young,101487,LB,KANSAS,13,0,0,198,59.7,,,,,,62.7,,,73.1,0,0,0,42,0,2,33,6,1
Tommy Eichenberg,101488,LB,OHIO STATE,10,2,0,260,60.1,,,,,,72.9,,,68.8,0,0,0,29,1,1,33,13,0
Kobi Thomas,101492,ED,MARYLAND,4,0,0,215,,,,,,,60.7,,,68.7,0,0,0,0,20,0,12,0,1
Lance Dixon,101496,S,W VIRGINIA,6,0,0,343,59.8,,,,,,45.7,,,69.6,0,0,0,13,30,0,5,1,1
Ryan Meed,101501,ED,ILLINOIS,12,2,0,187,,,,,,,90.6,,,86.7,2,0,0,0,62,68,53,48,7
DJ Gordon IV,101503,LB,USF,11,0,0,327,59.7,,,,,,56.1,,,67.8,1,0,0,33,22,0,0,0,1
Donald Willis,101504,LB,W MICHIGAN,11,0,0,347,60.5,,,,,,63.4,,,65.3,0,0,0,28,5,0,1,9,0
Jeslord Boateng,101508,LB,LA TECH,12,1,0,208,59.6,,,,,,67.2,,,66.4,0,0,0,61,1,0,3,5,0
Charles Willekes,101510,LB,ARK STATE,13,0,0,113,60.0,,,,,,73.8,,,72.9,0,0,0,59,0,35,0,17,0
Jestin Jacobs,101514,LB,OREGON,7,0,0,264,59.7,,,,,,60.8,,,68.5,0,0,0,10,12,7,0,0,0
Khali Saunders,101518,LB,KENT STATE,11,0,0,201,60.2,,,,,,60.4,,,68.1,0,0,0,32,0,12,2,7,0
Jacob Wahlberg,101520,LB,W MICHIGAN,12,0,0,347,60.1,,,,,,62.7,,,65.7,0,0,0,66,3,1,1,11,0
William Wagner,101523,LS,MICHIGAN,15,0,0,222,,,51.5,,,50.0,63.7,,,67.1,0,0,86,0,0,0,55,0,0
Brady Weeks,101529,LS,MINNESOTA,13,0,0,225,,,37.8,,,57.8,60.6,,,67.5,0,0,54,0,0,0,65,0,0
Peter Bowden,101530,LS,WISCONSIN,13,0,0,349,,,51.1,,,67.9,66.9,,,67.5,0,0,53,0,0,0,64,0,0
Sean Wracher,101532,LS,INDIANA,12,2,0,190,,,79.5,,,82.1,81.0,,,67.3,1,0,47,0,0,0,59,0,1
Karsen Barnhart,101537,T,MICHIGAN,15,0,0,222,,,77.9,,,,67.6,,,69.4,0,0,83,0,0,0,48,0,0
Trente Jones,101538,T,MICHIGAN,15,0,0,222,,,78.4,,,,65.8,,,72.2,0,0,86,0,0,0,21,0,0
Jack Stewart,101543,G,UCONN,12,0,0,146,,,76.0,,,,65.0,,,64.0,0,0,43,0,0,0,0,0,0
Enokk Vimahi,101548,G,OHIO STATE,10,0,0,260,,,74.7,,,,64.6,,,61.8,0,0,55,0,0,0,0,0,0
Evan Kirts,101560,DI,ILLINOIS,12,0,0,187,,,73.8,,,,65.5,,,75.3,0,0,45,0,0,0,0,0,0
Logan Brown,101566,T,KANSAS,2,0,0,198,,,63.2,,,,62.3,,,63.9,0,0,14,0,0,0,0,0,0
Damon Kaylor,101573,T,BALL ST,12,0,0,117,,,72.8,,,,64.1,,,65.9,0,0,47,0,0,0,1,0,0
Mike Katic,101575,G,INDIANA,10,0,0,190,,,74.4,,,,64.6,,,63.7,0,0,35,0,0,0,0,0,0
Matthew Bedford,101579,G,INDIANA,10,0,0,190,,,73.5,,,,64.8,,,70.1,0,0,38,0,0,0,0,0,0
Brant Banks,101581,G,RICE,13,0,0,275,60.0,,74.7,,,,64.7,,,66.2,0,0,60,1,0,0,0,0,0
Ethan Piper,101586,G,NEBRASKA,6,0,0,238,,,70.1,,,,63.6,,,65.3,0,0,20,0,0,0,0,0,0
Nick DeJong,101590,G,IOWA,5,0,0,192,,,14.9,,,,28.6,,,70.5,0,0,22,0,0,0,0,0,0
Spencer Holstege,101600,G,UCLA,13,0,0,324,,,77.6,,,,66.2,,,74.0,0,0,60,0,0,0,0,0,0
John Bullock,101601,LB,NEBRASKA,12,0,0,238,60.2,,,,,,91.6,,,73.0,0,0,0,26,12,2,61,7,4
Michael O'Shaughnessy,101607,P,MICH STATE,7,0,0,223,,,60.0,,,,61.5,,65.5,69.6,0,0,3,0,0,0,15,0,0
Colton Spangler,101609,P,MARYLAND,13,0,1,215,,,67.4,,,,63.2,,61.6,70.4,0,1,67,0,0,0,39,0,0
Tom Foley,101612,P,N ILLINOIS,13,0,0,254,,,66.6,,,,63.3,,67.4,72.2,0,0,53,0,0,0,51,0,0
Jack Bouwmeester,101613,P,UTAH,13,0,0,328,,,66.7,,60.0,,63.4,,73.9,72.9,0,0,55,0,1,0,56,0,0
Evan Morris,101618,TE,MICH STATE,11,0,0,223,,,71.7,,,,60.8,,,72.6,0,0,38,0,0,2,23,7,0
Luke McCaffrey,101634,WR,RICE,4,0,0,275,,,,,,,60.4,,,65.2,0,1,0,0,2,0,1,0,0
Danny Hughes,101638,HB,MICHIGAN,12,0,0,222,,,,,,,68.9,,,75.7,0,0,0,0,42,16,0,16,1
Leon Franklin,101639,HB,MICHIGAN,15,0,0,222,,,,,,,64.3,,,75.1,0,0,0,0,0,44,1,7,0
Xavier Johnson,101641,WR,OHIO STATE,13,0,0,260,,,,60.4,,,59.8,,,81.8,1,0,0,0,75,41,50,18,0
Nick Fedanzo,101645,HB,ILLINOIS,2,0,0,187,,,,,,,60.2,,,66.1,0,0,0,0,1,6,0,0,0
Trey Potts,101647,HB,PENN STATE,12,0,0,266,,,,59.9,,,71.9,,,83.4,1,0,0,0,12,31,5,61,0
Brandon Wright,101650,ED,MICH STATE,11,0,0,223,59.1,,,,,,63.6,,,71.1,0,0,0,27,30,0,0,9,1
Davion Ervin-Poindexter,101653,HB,W KENTUCKY,7,0,0,346,,,,,,,49.2,,,69.8,0,1,0,0,1,31,0,0,0
Rahmir Johnson,101655,HB,NEBRASKA,3,0,0,238,,,,67.5,,,60.4,,,68.7,0,0,0,0,3,11,8,0,1
Shadrick Byrd,101661,HB,CHARLOTTE,7,0,0,136,,,,59.1,,,59.8,,,69.5,0,0,0,0,0,29,0,0,0
Bryson Shaw,101664,S,USC,13,1,0,326,60.0,,,,,,58.2,,,72.4,1,0,0,27,12,7,0,11,1
Tyler Rudolph,101666,S,UMASS,9,0,0,216,59.5,,,,,,59.5,,,63.8,0,0,0,42,1,2,0,0,0
Tate Hallock,101668,S,W MICHIGAN,11,0,0,347,59.7,,,,,,66.9,,,69.9,0,0,0,61,17,1,12,13,2
Marvin Grant,101670,S,KANSAS,13,0,0,198,60.2,,,,,,61.5,,,66.3,0,0,0,31,0,0,0,2,0
Cormontae Hamilton,101674,ED,MEMPHIS,13,0,0,218,58.5,,,,,,60.3,,,69.7,0,0,0,54,0,0,42,12,0
Tyler Devera,101676,TE,NEW MEX ST,2,0,0,242,,,,59.6,,,47.3,,,65.4,0,0,0,0,0,12,0,0,0
Griffin Moore,101677,TE,ILLINOIS,12,0,0,187,,,,54.6,,,73.1,,,73.0,0,0,0,0,0,71,0,0,0
Bryce Barnes,101678,DI,ILLINOIS,9,0,0,187,59.0,,,,,,59.4,,,66.5,0,0,0,20,0,0,0,1,0
Nick Kallerup,101679,TE,MINNESOTA,13,0,0,225,,,74.4,59.9,,,66.7,,,71.6,0,1,54,0,0,69,65,0,0
Hayden Rucci,101680,TE,WISCONSIN,13,0,0,349,,,74.3,,,,61.0,,,73.8,0,0,51,0,0,1,49,0,0
John Goodwin,101686,TE,NEBRASKA,1,0,0,238,,,,,,,60.2,,,62.9,0,0,0,0,2,0,0,0,0
Josiah Miamen,101689,TE,FIU,10,0,0,166,,,70.9,,,,64.0,,,73.9,0,0,33,0,0,48,0,14,0
Giles Jackson,101695,WR,WASHINGTON,4,0,0,340,,,,,,,60.3,65.1,,65.2,0,0,0,0,0,1,0,9,0
George Johnson III,101696,WR,UMASS,11,1,0,216,,,,59.0,,,65.0,,,78.8,1,0,0,0,0,46,27,0,0
T.J. Jones,101706,WR,UAB,5,0,0,321,,,,,,,51.9,,,68.1,2,0,0,0,0,1,6,2,0
Casey Washington,101710,WR,ILLINOIS,4,0,0,187,,,,,,,78.8,,,71.7,0,0,0,0,2,15,0,0,0
Dalevon Campbell,101711,WR,NEVADA,8,0,0,239,,,,,,,64.1,,,71.5,0,0,0,0,9,2,1,8,0
Stephan Bracey Jr.,101718,WR,C MICHIGAN,5,0,0,134,,,,,,,60.1,65.9,,65.9,0,0,0,0,0,3,0,12,0
Tre Mosley,101722,WR,MICH STATE,5,0,0,223,,,,,,,59.3,,,68.9,0,0,0,0,0,2,9,0,0
Cade McDonald,101725,WR,MIAMI OH,11,0,0,221,,,,,,,62.0,63.0,,68.5,0,0,0,0,2,0,0,63,0
Quinn Schulte,101737,S,IOWA,14,0,0,192,59.5,,,,,,62.5,,,68.1,0,0,0,49,0,3,0,20,0
TJ Sheffield,101741,WR,PURDUE,11,0,0,273,,,,,,,62.2,63.0,,69.9,0,0,0,1,2,2,0,46,0
Mershawn Rice,101742,WR,PURDUE,2,0,0,273,,,,,,,60.0,,,64.0,0,0,0,0,0,2,0,0,0
Julian Barnett,101745,CB,MEMPHIS,10,2,0,218,60.0,,,,,,59.9,,,29.4,2,2,0,1,55,0,30,27,4
Gavin Pringle,101756,CB,GA STATE,13,0,0,175,59.8,,,,,,57.4,,,36.0,0,1,0,61,1,0,0,43,0
Irshaad Davis,101768,S,TROY,13,0,0,318,60.0,,,,,,73.1,,,70.0,0,0,0,25,2,0,3,25,1
Jonathan Jones,101788,CB,E CAROLINA,12,3,0,156,60.0,,,,,,68.3,,,74.3,0,0,0,8,52,58,0,15,1
Nick Nakwaasah,101791,S,N TEXAS,5,0,0,251,60.0,,,,,,62.7,,,74.0,0,0,0,5,17,9,11,3,0
Alijah Huzzie,101807,CB,N CAROLINA,11,0,1,245,60.3,,,,,,46.7,81.2,,74.3,1,1,0,40,0,2,33,44,1
Jude Okolo,101899,DI,FAU,4,0,0,165,58.9,,,,,,58.8,,,63.8,0,0,0,6,0,0,0,0,0
Sam Latham,101902,ED,TEXAS ST,4,0,0,314,59.4,,60.0,,,,60.6,,,65.5,0,0,6,15,0,0,0,1,0
Chance Main,101903,ED,TEXAS ST,9,0,0,314,59.0,,60.0,,,,60.2,,,66.2,0,0,3,19,0,0,0,4,0
Jared Verse,101912,ED,FLORIDA ST,13,0,0,167,85.1,,,,,,82.6,,,28.3,0,1,0,38,0,0,0,14,0
Kamari Stephens,101963,ED,JVILLE ST,2,0,0,196,59.5,,,,,,59.7,,,62.4,0,0,0,2,0,0,0,0,0
Kyler Baugh,101975,DI,MINNESOTA,13,0,0,225,57.9,,,,,,58.9,,,72.6,0,0,0,37,0,0,0,8,0
Jalen Green,101992,ED,JAMES MAD,9,0,0,197,59.1,,,,,,60.0,,,66.3,0,0,0,28,0,0,0,5,0
James Carpenter,101993,DI,JAMES MAD,13,0,0,197,58.1,,,,,,59.3,,,70.4,0,0,0,44,0,0,0,9,0
Christian Teague,102010,ED,MARYLAND,13,0,0,215,59.3,,77.2,,,,65.6,,,76.1,0,0,67,12,0,0,2,2,0
Gino Garcia,102031,K,TEXAS TECH,13,0,0,315,,85.9,,,67.2,,61.8,,,68.6,0,0,62,0,7,0,0,0,0
Tyler Keltner,102038,K,FLORIDA ST,1,0,0,167,,60.0,,,,,60.0,,,23.6,0,1,1,0,0,0,0,0,0
James Neal,102046,LB,UTEP,12,0,0,330,59.7,,,,,,56.6,,,71.7,1,0,0,56,0,0,18,7,0
Julio Ayamel,102147,LB,JAMES MAD,12,1,0,197,,,71.9,,,,65.0,,,72.4,0,0,39,0,39,10,43,0,0
Taurus Jones,102148,LB,JAMES MAD,10,0,0,197,59.8,,,,,,42.0,,,29.3,1,1,0,8,37,0,8,3,1
Tucker Dunn,102174,LS,BALL ST,12,0,0,117,,,68.1,,,48.7,48.4,,,29.6,1,1,47,0,0,0,59,0,0
Ian Hover,102232,G,TEXAS ST,5,0,0,314,,,60.0,,,,70.4,,,66.8,0,0,3,0,0,0,20,0,1
Blake Austin,102247,G,TROY,1,0,0,318,,,,,,,60.0,,,63.3,0,0,0,0,0,0,1,0,0
Rey Burnett,102277,T,TULSA,5,0,0,320,,,62.7,,,,62.3,,,64.3,0,0,13,0,0,0,0,0,0
T.J. Session,102316,T,CAL,13,0,0,130,,,75.7,,,,65.0,,,66.0,0,0,62,0,0,0,0,0,0
Jacory Croskey-Merritt,102382,HB,NEW MEXICO,2,0,0,241,,,,,,,60.4,,,65.1,0,0,0,0,1,1,0,0,0
Latrele Palmer,102437,HB,JAMES MAD,2,0,0,197,,,,,,,73.2,,,65.4,0,0,0,0,0,7,0,0,0
Jaylon Jimmerson,102450,S,LIBERTY,14,2,0,206,60.0,,,,,,68.7,,,77.1,2,0,0,2,96,14,35,22,6
Austin Goffney,102452,S,LA MONROE,10,0,0,209,60.0,,,,,,57.1,,,73.2,1,0,0,17,6,1,22,4,1
Tra Fluellen,102462,S,MIDDLE TN,10,0,0,224,59.7,,,,,,64.2,,,72.6,0,0,0,32,1,1,22,14,0
Shawn Holton,102465,S,TEXAS ST,13,0,0,314,59.8,,,61.8,,,57.7,,,69.6,0,0,0,54,18,3,0,0,0
Chris Carter,102499,TE,N ILLINOIS,2,0,0,254,,,60.0,,,,59.0,,,64.2,0,0,3,0,0,2,1,0,0
Ayir Asante,102592,WR,WYOMING,13,0,0,351,,,,54.6,,,60.0,,,65.5,0,0,0,0,0,63,0,0,0
Jack Coulson,102593,WR,KENT STATE,10,0,0,201,,,,,,,65.3,,,78.3,0,0,0,0,7,35,0,11,0
Kacper Rutkiewicz,102612,WR,N ILLINOIS,5,0,0,254,,,,,,,61.4,77.9,,67.0,0,0,0,0,1,0,0,32,0
O'shai Fletcher,102648,CB,TROY,14,0,0,318,59.5,,,,,,58.0,,,45.2,0,1,0,31,46,0,0,20,1
Bryquice Brown,102650,CB,GA STATE,9,0,1,175,59.6,,,,,,53.5,,,29.3,0,1,0,45,0,0,0,19,0
Milan Tucker,102655,WR,APP STATE,14,0,1,108,59.2,,,68.1,,,54.9,,,29.8,1,2,0,55,3,70,51,39,2
Nick Ross,102656,S,APP STATE,14,1,0,108,59.4,,,,,,55.3,,,75.2,0,0,0,52,82,0,3,25,3
Jackson Greene,102658,S,APP STATE,14,0,0,108,59.7,,,,,,77.1,,,86.2,0,0,0,6,87,72,54,41,10
Jason Simmons Jr.,102660,S,SYRACUSE,12,0,0,304,59.8,,,,,,62.3,,,69.1,0,0,0,48,0,0,0,10,0
Anthony Switzer,102668,LB,UTAH ST,12,1,0,329,59.9,,,59.4,,,58.8,,,44.4,1,1,0,58,6,27,57,8,0
Quindrelin Hammonds,102679,S,ARMY,12,0,0,114,59.9,,,,,,66.6,,,71.8,0,0,0,43,0,0,0,16,0
Jabari Moore,102681,CB,ARMY,12,0,0,114,59.7,,,,,,64.2,,,78.1,0,0,0,36,0,6,0,16,0
Isaiah Rutherford,102685,CB,UMASS,12,0,0,216,59.5,,,,,,61.1,,,72.7,0,0,0,48,0,10,0,2,0
K.J. Wallace,102686,CB,GA TECH,13,0,0,176,60.2,,,,,,60.1,,,72.6,0,0,0,63,12,0,21,8,0
Ammon Hannemann,102692,LB,BYU,1,0,0,128,,,,,,,59.7,,,64.0,0,0,0,0,0,3,0,0,0
George Udo,102695,S,CINCINNATI,3,0,0,138,,,,,,,70.1,,,68.7,0,0,0,0,13,0,0,0,1
Darius Richardson,102716,DI,ARMY,11,0,0,114,57.7,,,,,,57.3,,,67.3,0,0,0,23,0,0,0,1,0
Chris Frey,102720,DI,ARMY,10,0,0,114,58.4,,,,,,58.8,,,67.3,0,0,0,27,0,0,0,3,0
Nana Osafo-Mensah,102725,ED,NOTRE DAME,5,0,0,258,59.3,,,,,,61.1,,,75.2,0,0,0,4,0,0,0,2,0
Howard Cross III,102726,DI,NOTRE DAME,6,0,0,258,58.9,,,,,,63.1,,,80.6,0,0,0,2,0,0,0,10,0
Ethan Albertson,102737,K,NEW MEX ST,15,0,0,242,,79.9,,,83.1,,54.6,,,37.0,0,1,74,0,80,0,0,0,0
Seth Keller,102740,K,KANSAS,13,0,0,198,,76.6,,,,,47.0,,,28.6,0,1,64,0,0,0,0,0,0
Tristan Mattson,102741,K,C MICHIGAN,12,0,0,134,,62.4,,,70.2,,63.3,,,74.8,1,0,47,0,54,0,0,0,0
Cole Talley,102744,K,ARMY,12,0,0,114,,60.0,,,86.2,,63.1,,,76.4,0,0,1,0,51,0,0,0,0
Kenny Haynes,102763,LB,TEXAS ST,13,0,0,314,89.7,,,,,,72.5,,,34.8,2,1,0,21,83,55,0,17,2
Nathaniel Smith,102783,ED,ARMY,11,0,0,114,58.5,,,,,,59.9,,,74.3,0,0,0,20,0,4,0,4,0
JD Bertrand,102787,LB,NOTRE DAME,11,0,0,258,59.8,,,,,,59.9,,,46.4,1,1,0,36,4,24,33,12,2
Ositadinma Ekwonu,102788,ED,CHARLOTTE,11,1,0,136,59.9,,,,,,70.8,,,42.6,0,1,0,6,40,63,0,42,0
Marist Liufau,102789,LB,NOTRE DAME,12,0,0,258,59.7,,,,,,63.2,,,78.7,0,0,0,43,0,1,35,10,0
Ben Bywater,102791,LB,BYU,4,0,0,128,60.0,,,,,,60.5,,,72.5,0,0,0,12,0,0,22,6,0
Keenan Pili,102794,LB,TENNESSEE,4,0,0,307,60.0,,66.0,,,,71.9,,,64.0,0,0,17,1,0,2,0,1,0
Christian Johnstone,102797,LS,APP STATE,14,1,0,108,,,69.2,,,39.3,52.8,,,29.7,2,1,76,0,0,0,54,0,1
Sam Barczak,102831,G,ARMY,10,0,0,114,,,75.1,,,,65.3,,,72.8,0,0,43,0,0,0,0,0,0
Cody Winokur,102837,DI,ARMY,4,0,0,114,58.9,,60.0,,,,60.2,,,64.9,0,0,7,4,0,0,0,0,0
Quinn Murphy,102843,G,NOTRE DAME,6,0,0,258,,,69.9,,,,64.0,,,71.8,0,0,27,0,0,0,0,0,0
Brayden Keim,102845,T,BYU,12,0,0,128,,,73.8,,,,64.9,,,69.4,0,0,48,0,0,0,0,0,0
KeSean Brown,102847,LB,MARSHALL,10,0,0,214,60.1,,,,,,66.6,,,74.8,2,0,0,22,39,7,32,6,4
Brendan Harrington,102848,LB,APP STATE,3,0,0,108,60.2,,,,,,60.4,,,66.6,0,0,0,7,0,5,0,0,0
Josh Carlson,102852,P,ARIZONA ST,12,0,0,110,,,64.8,,,,62.5,,56.3,69.7,0,0,33,0,0,0,27,0,0
Seamus O'Kelly,102853,P,TEXAS ST,13,0,0,314,,,67.8,,,,57.9,,51.2,29.7,0,2,74,0,2,0,47,0,1
Jay Bramblett,102854,P,LSU,13,0,0,211,,,68.7,,,,63.2,,62.6,67.7,0,0,92,0,0,0,26,0,0
Jamil Muhammad,102860,ED,USC,13,0,0,326,58.6,,,,,,65.0,,,75.4,0,0,0,37,4,46,45,9,0
Anthony Adkins,102880,HB,UCLA,2,0,0,324,,,,,,,56.6,,,65.3,0,0,0,0,0,5,1,0,0
Jakobi Buchanan,102884,HB,ARMY,4,0,0,114,,,,,,,57.6,,,67.3,0,0,0,0,0,16,5,0,0
Shayne Buckingham,102911,T,ARMY,6,0,0,114,,,70.1,,,,64.5,,,73.5,0,0,29,0,0,0,0,0,0
Jake Orlando,102912,TE,BUFFALO,4,0,0,126,,,65.6,59.9,,,64.2,,,69.5,0,0,16,0,0,32,20,2,0
Isaac Rex,102914,TE,BYU,5,0,0,128,,,69.4,,,,63.4,,,64.9,0,0,27,0,0,1,0,0,0
Christian Wells,102917,WR,UMASS,1,0,0,216,,,,,,,60.0,,,64.9,0,0,0,0,0,1,0,0,0
Dalen Cambre,102933,WR,LA LAFAYET,13,3,0,207,,,67.5,,,,87.7,,,90.9,3,0,68,0,74,74,52,52,4
Veshe Daniyan,102946,WR,ARMY,6,0,0,114,,,,,,,60.7,,,72.4,0,0,0,0,0,32,0,3,0
Cam Hart,102955,CB,NOTRE DAME,12,0,0,258,59.7,,,,,,59.3,,,82.9,1,0,0,38,1,5,32,33,0
Talmage Gunther,102959,WR,BYU,12,0,0,128,,,,,,,48.6,,,78.7,1,0,0,0,56,33,6,30,0
Keanu Hill,102960,WR,BYU,2,0,0,128,,,,,,,60.0,,,63.5,0,0,0,0,0,1,0,0,0
Torren Union,103555,CB,NEW MEX ST,10,0,0,242,59.8,,,,,,65.1,,,71.8,1,0,0,18,35,0,4,5,1
Kamden Garrett,103561,CB,BYU,8,0,0,128,60.2,,,,,,67.4,,,77.7,0,0,0,12,0,0,0,28,0
Willie Roberts,103567,CB,LA TECH,12,0,0,208,60.6,,,,,,63.1,,,72.9,0,0,0,54,0,0,0,5,0
Jarius Monroe,103580,CB,TULANE,10,0,0,319,60.5,,,,,,66.0,,,74.2,0,0,0,34,14,0,0,18,0
Devyn Coles,103583,CB,JAMES MAD,13,0,0,197,59.9,,,,,,69.4,,,58.4,1,1,0,14,44,38,39,24,4
Omar Brown,103590,S,NEBRASKA,12,0,0,238,59.7,,,,,,64.1,,,68.1,0,0,0,40,5,0,0,18,0
Antonio Carter II,103597,S,NOTRE DAME,10,0,0,258,60.0,,,,,,71.0,,,72.7,0,0,0,4,66,0,0,3,2
Kam Alexander,103620,CB,UTSA,12,0,0,331,59.4,,,,,,61.7,,,74.5,0,0,0,38,4,3,10,13,0
Josh Sarratt,103624,S,JAMES MAD,13,0,0,197,59.8,,,,,,57.4,69.7,,72.4,1,0,0,14,62,3,3,68,1
Aljareek Malry,103625,S,BALL ST,12,0,0,117,59.8,,,,,,58.6,,,29.4,0,1,0,47,12,0,0,7,1
Logan Lutui,103655,ED,BYU,5,0,0,128,59.7,,,,,,60.1,,,65.6,0,0,0,9,0,0,0,0,0
Rason Williams II,103663,DI,LA TECH,12,0,0,208,58.3,,74.6,,,,61.6,,,68.7,0,0,54,41,0,0,0,6,0
Jevon Leon,103696,ED,SM HOUSTON,10,0,0,281,59.1,,,,,,59.8,,,66.9,0,0,0,21,0,0,0,2,0
Chris Scott,103697,DI,SM HOUSTON,10,0,0,281,57.8,,,,,,58.1,,,72.9,0,0,0,33,0,0,0,1,0
Isaiah Iton,103716,DI,RUTGERS,13,0,0,278,58.7,,,,,,59.9,,,69.6,0,0,0,45,0,0,0,6,0
Elijah Anderson-Taylor,103763,LB,FIU,12,2,0,166,60.0,,,,,,52.3,,,74.5,3,0,0,23,28,0,49,3,1
Trevor Williams,103810,LB,SM HOUSTON,12,1,0,281,59.2,,,,,,64.7,,,68.6,0,0,0,56,1,0,0,6,0
Brevin Randle,103830,LB,LA TECH,10,0,0,208,59.6,,,,,,60.0,,,65.1,0,0,0,54,1,0,0,0,0
Anthony Blume,103845,DI,GA STATE,13,0,0,175,58.5,,72.9,,,,62.0,,,72.3,0,0,41,44,0,0,0,3,0
Dontae McMillan,103994,HB,E MICHIGAN,5,0,0,160,,,,,,,59.8,,,70.9,3,0,0,0,13,7,0,2,1
Myles Heard,104023,S,LA TECH,10,0,0,208,59.9,,,,,,63.2,,,68.8,0,0,0,50,1,1,0,17,0
Da'Quan Felton,104059,WR,VA TECH,5,0,0,337,,,,,,,64.7,,,71.4,0,0,0,0,0,2,0,9,0
Marcus Bellon,104082,WR,UTEP,4,0,0,330,,,,59.4,,,60.7,71.9,,65.4,0,0,0,0,0,2,0,16,0
Gabriel Bryan,104097,CB,UTAH ST,2,0,0,329,,,,,,,63.7,,,69.6,0,0,0,0,0,0,0,7,0
Noah Smith,104112,WR,SM HOUSTON,6,0,0,281,,,,,,,58.0,46.1,,66.5,0,0,0,0,0,0,2,22,0
Leroy Thomas,104113,WR,W MICHIGAN,12,0,0,347,,,,81.6,,,60.8,,,80.9,0,0,0,0,40,77,20,15,1
Treon Sibley,104162,WR,LIBERTY,3,0,0,206,,,,61.8,,,63.4,,,68.4,0,0,0,0,0,3,0,6,0
Chris Megginson,104168,CB,SMU,13,0,0,287,90.3,,,,,,84.1,,,85.0,1,0,0,29,17,0,0,70,0
Shedro Louis,104172,HB,TULANE,11,0,0,319,,,,69.5,,,59.7,,,64.2,0,0,0,0,0,50,0,0,0
Adam Jones,104182,WR,ARK STATE,7,0,0,113,,,,,,,49.9,,,28.4,0,1,0,0,3,15,0,2,0
Jacques Bristol,104185,DI,C MICHIGAN,8,0,0,134,59.0,,,,,,60.2,,,67.8,0,0,0,20,0,0,0,6,0
Dane Kinamon,104192,WR,AIR FORCE,8,0,0,101,,,,56.2,,,61.5,70.4,,67.9,0,0,0,0,0,23,0,38,0
Jake Smith,104194,S,AIR FORCE,13,2,0,101,60.0,,,,,,61.9,,,75.5,1,0,0,1,57,50,40,0,3
John Gordon Jr.,104204,C,AIR FORCE,1,0,0,101,,,60.0,,,,60.0,,,61.6,0,0,1,0,0,0,0,0,0
Justin Whiteside,104220,LB,C MICHIGAN,12,1,0,134,59.2,,,,,,50.7,,,29.1,2,2,0,48,30,5,55,11,3
Zah Frazier,104231,CB,UTSA,5,0,0,331,59.9,,,,,,50.9,,,28.2,0,2,0,1,28,0,14,26,2
Jaden Woods,104256,S,AKRON,4,0,0,102,60.0,,,,,,67.9,,,74.1,0,0,0,3,0,2,0,21,0
Daego Albert,104300,S,UNLV,14,1,0,325,60.0,,,47.2,,,66.9,,,79.5,2,0,0,1,96,18,0,13,4
Glenn Brown,104323,CB,LA LAFAYET,8,0,0,207,59.8,,,,,,62.1,,,69.1,0,0,0,16,0,0,0,4,0
Jordan Jackson,104327,CB,BOWL GREEN,3,0,0,122,,,,,,,62.6,,,66.6,0,0,0,0,3,0,0,3,0
Kabbash Richards,104362,ED,AKRON,1,0,0,102,59.8,,,,,,60.0,,,62.7,0,0,0,1,0,0,0,0,0
Antonio Smith,104364,ED,AKRON,8,0,0,102,59.6,,,,,,60.6,,,65.8,0,0,0,9,0,0,0,2,0
Tom Callahan,104388,LS,SYRACUSE,13,0,0,304,,,61.6,,,53.8,49.6,,,67.4,3,0,5,0,0,0,63,0,1
Khairi Manns,104402,ED,COLORADO,9,0,0,143,59.7,,,,,,65.0,,,77.6,0,0,0,2,4,20,0,22,0
Izaiah Reed,104407,DI,NEW MEX ST,15,0,0,242,57.5,,,,,,57.0,,,68.4,0,0,0,45,0,0,0,3,0
Terray Jones,104461,DI,AKRON,11,0,1,102,74.3,,,,,,67.1,,,27.7,0,2,0,43,0,32,10,9,0
Jake Larson,104482,K,CHARLOTTE,4,0,0,136,,58.7,,,59.8,,60.1,,,65.0,0,0,9,0,1,0,0,0,0
Cameron Carson,104497,K,UMASS,11,0,0,216,,63.1,,,58.2,,61.6,,,68.3,0,0,48,0,7,0,0,0,1
George Eberle,104501,P,NEW MEX ST,15,0,0,242,,,67.8,,,75.6,62.8,,,61.4,0,0,74,0,0,0,1,0,0
Jason Johnson,104514,LB,UCF,13,0,0,323,59.8,,,,,,77.3,,,45.5,2,1,0,58,66,0,36,5,7
Jacob Roberts,104546,LB,WAKE,12,0,0,339,59.8,,,,,,54.5,,,29.7,0,1,0,59,1,0,15,40,0
Noah Holmes,104560,LB,JAMES MAD,7,0,0,197,,,,,,,48.9,,,68.3,0,0,0,0,13,20,0,0,1
Nick D'Ambra,104590,LS,FRESNO ST,13,0,0,169,,,64.2,,,55.1,59.2,,,66.9,2,0,70,0,0,0,52,0,1
Dillon Luther,104721,G,COAST CAR,13,0,0,141,,,34.0,,,,50.4,,,72.9,0,0,68,0,0,0,40,0,0
Jeremiah Webb,104838,WR,S ALABAMA,6,0,0,288,,,,,,,47.7,,,71.2,0,1,0,0,0,0,5,27,0
Zak Wallace,104843,HB,ARK STATE,1,0,0,113,,,,,,,56.9,,,63.6,0,0,0,0,0,4,0,0,0
Jordan Schippers,104851,HB,KANSAS ST,13,0,0,199,,,,,,,52.8,,,52.6,0,2,0,0,24,58,41,18,0
Donavyn Lester,104852,HB,UNLV,12,0,0,325,,,,61.6,,,66.2,,,71.9,0,0,0,0,2,58,0,0,0
Isaac Ross,104919,WR,UMASS,11,0,0,216,,,,,,,61.1,74.1,,67.3,0,0,0,0,0,4,0,39,0
Davion Ross,104927,S,MEMPHIS,2,0,0,218,60.0,,,59.9,,,53.5,,,68.9,0,0,0,2,13,4,0,2,0
Dequece Carter,104931,WR,INDIANA,12,0,0,190,,,,,,,63.1,67.5,,72.5,0,0,0,0,10,67,0,18,0
Mason Pierce,104954,WR,MARSHALL,11,0,0,214,,,,,,,62.0,66.5,,66.9,0,0,0,0,0,0,0,24,0
Shawn Harris Jr.,105004,WR,UMASS,8,0,0,216,,,,54.6,,,65.1,,,72.4,0,0,0,0,0,27,18,5,1
Tahir Annoor,105048,S,TULANE,14,2,0,319,,,,,,,68.4,,,82.3,3,0,0,0,76,18,50,44,4
Tre'Von Jones,105068,CB,MINNESOTA,13,0,0,225,59.9,,,,,,66.2,,,76.7,0,0,0,49,60,0,0,7,1
Omar Rogers,105076,S,E CAROLINA,6,0,0,156,60.0,,,,,,67.1,,,78.9,1,0,0,5,24,23,0,28,0
Micheal Mason,105254,DI,COAST CAR,11,0,0,141,57.8,,,,,,58.5,,,68.9,0,0,0,36,0,0,0,9,0
Ryan Coe,105283,K,N CAROLINA,2,0,0,245,,64.7,,,78.4,,61.2,,,69.5,0,0,12,0,12,0,0,0,1
Colton Theaker,105291,K,WASH STATE,12,0,0,341,,,,,85.1,,64.1,,,79.0,1,0,0,0,71,0,0,0,1
Zach Haynes,105303,P,NEW MEX ST,15,0,0,242,,,,,,,50.6,,72.2,29.4,0,2,0,0,0,0,54,0,0
Brian Buschini,105308,P,NEBRASKA,12,0,0,238,,,65.7,,60.6,,63.8,,69.8,74.7,1,0,42,0,12,0,61,0,2
Jack Scroggs,105317,LB,APP STATE,9,0,0,108,,,,,,,55.5,,,67.0,0,0,0,0,0,40,0,0,0
Trimarcus Cheeks,105332,LB,HOUSTON,5,0,0,182,60.1,,,,,,39.0,,,28.6,0,1,0,10,7,0,19,0,0
Tyler Jackson,105386,LB,N ILLINOIS,13,1,0,254,59.7,,,,,,60.8,,,68.0,2,0,0,24,30,0,0,11,3
Diego Medina,105652,K,GA STATE,1,0,0,175,,60.0,,,,,60.0,,,61.7,0,0,1,0,0,0,0,0,0
Ian Drummond,105687,TE,BOWL GREEN,10,0,0,122,,,60.0,,,,76.0,,,70.7,0,0,7,0,0,46,0,0,0
Yahsyn McKee,105714,CB,MIAMI OH,14,0,0,221,91.1,,,,,,90.2,,,29.9,0,2,0,39,0,1,0,37,0
Brett Buckman,105723,WR,UCONN,10,0,0,146,,,,,,,49.9,50.4,,68.8,0,0,0,0,0,9,3,40,0
Chris Edmonds,105737,S,ARIZONA ST,12,1,0,110,59.7,,,,,,61.0,,,74.8,0,0,0,57,3,1,48,24,1
Trey Jones III,105795,S,C MICHIGAN,11,0,0,134,59.9,,,,,,68.1,,,70.3,0,0,0,60,1,1,34,7,2
Josh Ahern,105796,LB,VIRGINIA,9,1,0,335,59.6,,,,,,68.0,,,70.6,0,0,0,28,28,1,0,5,1
Ke'Shon Parker,105799,LB,C MICHIGAN,9,1,0,134,,,,,,,90.6,,,76.4,0,0,0,0,12,54,5,25,1
Nikolas Constantinou,105801,P,TEXAS A&M,13,0,0,312,,,68.3,,,,57.9,,78.2,29.6,0,1,84,0,0,0,42,0,0
Yosuke Sugano,105842,ED,SYRACUSE,4,0,0,304,,,,,,,47.1,,,26.4,0,1,0,0,9,0,0,1,0
Alex Washington,105848,CB,BOSTON COL,1,0,0,121,60.0,,,,,,60.0,,,64.5,0,0,0,2,0,0,0,0,0
Malik Feaster,105868,CB,MEMPHIS,12,0,0,218,60.0,,,,,,64.3,,,80.5,1,0,0,2,80,0,24,17,3
Marcus Robitaille,105891,S,CHARLOTTE,10,0,0,136,60.0,,,,,,65.7,,,83.7,2,0,0,12,23,48,34,26,4
Demetries Ford,105921,CB,ARIZONA ST,12,0,0,110,59.9,,,,,,45.6,,,28.3,0,2,0,33,0,0,14,21,0
TyGee Leach,106003,S,GA STATE,13,1,0,175,60.6,,,,,,69.4,,,74.5,1,0,0,53,55,0,0,17,2
Michael Oppong,106021,S,UMASS,3,0,0,216,,,,,,,39.3,,,66.2,0,0,0,0,10,0,0,0,0
Isaiah Johnson,106073,CB,SYRACUSE,12,0,0,304,59.4,,,,,,64.2,,,80.6,0,0,0,49,0,1,14,41,0
John Pupel,106077,S,BOSTON COL,10,0,0,121,60.0,,,,,,54.0,,,69.8,1,0,0,5,34,0,14,0,2
Jayce Hunter,106085,S,UTEP,8,1,0,330,,,,,,,87.0,,,75.0,1,0,0,0,32,0,8,27,5
Sean Kelly,106264,ED,DUKE,13,0,0,154,60.0,,,,,,69.0,,,73.1,0,0,0,1,16,56,0,0,0
Sebastian Benjamin,106272,ED,W KENTUCKY,10,0,0,346,58.7,,,,,,55.6,,,78.9,1,0,0,39,46,15,36,29,0
Chase Bibler,106352,ED,UTEP,12,0,0,330,59.8,,73.4,,,,64.4,,,71.7,0,0,44,1,0,7,0,0,0
Danny Files,106353,G,COAST CAR,1,0,0,141,,,60.0,,,,60.1,,,66.1,0,0,2,0,0,0,0,0,0
Shane Cokes,106422,DI,COLORADO,12,0,0,143,57.1,,,,,,58.6,,,75.5,0,0,0,44,0,0,0,17,0
Jelani Stafford,106431,DI,UCONN,11,0,0,146,57.5,,,,,,57.8,,,71.0,0,0,0,47,0,0,1,5,0
Mikhari Sibblis,106434,ED,BALL ST,12,0,0,117,58.7,,,,,,59.3,,,67.9,0,0,0,32,0,0,0,2,0
Paul Akere,106482,ED,VIRGINIA,8,0,0,335,59.8,,,,,,58.8,,,67.2,0,0,0,18,0,0,6,6,0
Marcus Winfield,106497,ED,KENT STATE,9,0,0,201,58.9,,,,,,67.8,,,70.5,0,0,0,14,0,9,2,19,0
Anthony Nelson,106525,ED,DUKE,11,0,0,154,58.6,,,,,,59.5,,,68.4,0,0,0,40,0,0,0,5,0
Ryan Mannelly,106654,LS,GA TECH,2,0,0,176,,,70.4,,,79.1,66.2,,,63.3,0,0,12,0,0,0,4,0,0
Dom Jones,106697,CB,COLO STATE,12,0,0,144,59.7,,,,,,65.9,,,78.8,0,0,0,43,45,0,0,43,0
Alex Felkins,106730,K,PENN STATE,13,0,0,266,,90.7,,,78.2,,62.0,,,69.2,0,0,72,0,9,0,0,0,0
Donnell Brown,108107,ED,MARYLAND,9,0,0,215,58.9,,65.1,,,,46.5,,,26.6,0,1,15,15,0,0,0,0,0
Laletia Hale,108118,LB,JVILLE ST,13,1,0,196,59.8,,,,,,62.9,,,74.3,0,0,0,48,0,0,65,14,0
Tristan Wells,108119,LB,JVILLE ST,4,0,0,196,,,,,,,80.7,,,66.6,0,0,0,0,0,12,0,0,0
Joe Andreessen,108177,LB,BUFFALO,12,0,0,126,59.7,,,,,,67.6,,,75.9,0,0,0,46,2,20,55,1,1
Cam Dillon,108192,LB,DUKE,9,0,0,154,60.0,,,,,,69.2,,,71.9,0,0,0,7,11,15,24,3,1
Joe Heffernan,108208,LB,DUKE,1,0,0,154,59.8,,,,,,60.0,,,62.7,0,0,0,1,0,0,0,0,0
Tanner Pollock,108222,LB,IOWA,2,0,0,192,,,,,,,62.9,,,65.4,0,0,0,0,12,0,0,0,0
Jake Heimlicher,108324,ED,UCLA,9,0,0,324,60.0,,,,,,51.9,,,68.1,0,1,0,1,0,15,0,6,0
Alex Harper,108435,LS,E CAROLINA,12,1,0,156,,,70.4,,,77.0,68.6,,,67.5,1,0,12,0,0,0,68,0,0
Brian Stevens,108439,C,VIRGINIA,11,0,0,335,,,72.7,,,,64.2,,,65.5,0,0,47,0,0,0,0,0,0
Tedi Kushi,108533,T,W MICHIGAN,6,0,0,347,,,65.8,,,,60.7,,,63.7,0,0,20,0,0,0,2,0,0
Cade Nayadley,108547,T,JVILLE ST,13,0,0,196,,,76.3,,,,65.0,,,62.0,0,0,70,0,0,0,0,0,0
Treylen Brown,108550,C,JVILLE ST,2,0,0,196,,,,,,,60.0,,,65.7,0,0,0,0,0,0,3,0,0
Jon Mucciolo,108593,G,BALL ST,3,0,0,117,,,69.2,,,,63.3,,,63.0,0,0,17,0,0,0,0,0,0
Scott Elliott,108599,C,DUKE,8,0,0,154,,,74.8,,,,64.7,,,72.6,0,0,41,0,0,0,1,0,0
John Paul Flores,108653,G,LOUISVILLE,14,0,0,210,,,25.5,,,,40.3,,,28.8,0,1,77,0,0,0,0,0,0
Spencer Rolland,108693,T,N CAROLINA,13,0,0,245,,,77.1,,,,64.2,,,64.8,0,0,73,0,0,0,2,0,0
Connor Scaglione,108785,G,GA TECH,13,0,0,176,,,75.8,,,,65.0,,,66.3,0,0,69,0,0,0,0,0,0
Corey Bullock,108855,G,MARYLAND,9,0,0,215,,,76.7,,,,65.4,,,66.9,0,0,49,0,0,0,0,0,0
Ben Krimm,108901,P,NOTRE DAME,1,0,0,258,,,,,,,60.0,,60.0,64.0,0,0,0,0,0,0,1,0,0
Will Powers,108902,P,UCLA,13,0,0,324,,,60.0,,,,62.9,,62.5,73.8,0,0,2,0,0,0,48,0,0
Michael Denning,108920,K,TOLEDO,10,0,0,316,,,,,60.6,,63.1,,,76.4,0,0,0,0,50,0,0,0,0
Keegan Shoemaker,108983,QB,SM HOUSTON,2,0,0,281,,,,,,,60.0,,57.9,64.5,0,0,0,0,0,0,2,0,0
Jackson Luttrell,109039,DI,JVILLE ST,10,0,0,196,58.2,,,,,,58.7,,,70.9,0,0,0,27,0,0,0,2,0
P.J. Wells,109040,WR,JVILLE ST,2,0,0,196,,,,,,,60.4,,,66.1,0,0,0,0,0,7,0,0,0
Kobe Johnson,109089,HB,COLO STATE,3,0,0,144,,,,48.2,,,60.1,,,63.1,0,0,0,0,0,18,0,0,0
DaRon Gilbert,109113,LB,N ILLINOIS,12,1,0,254,60.4,,,,,,69.7,,,69.3,0,0,0,34,11,0,0,5,1
Kobe Hylton,109237,S,UTEP,9,0,0,330,59.9,,,,,,62.0,,,29.3,0,1,0,41,3,0,15,4,2
Jack Daly,109251,DI,FIU,12,0,0,166,57.9,,,,,,58.5,,,70.1,0,0,0,53,0,0,0,8,0
Jordan Younge-Humphrey,109316,HB,UNLV,5,1,0,325,,,,,,,66.6,,,72.9,0,0,0,0,29,18,5,12,0
Christopher Boyle,109347,TE,VANDERBILT,5,0,0,333,,,,,,,65.0,,,70.1,0,0,0,0,0,29,0,0,0
Billy Riviere III,109352,TE,WASH STATE,11,0,0,341,,,68.2,54.6,,,68.1,,,72.6,0,0,23,0,0,59,12,0,0
Zion Carter,109367,TE,BUFFALO,9,0,0,126,,,71.2,,,,65.8,,,66.7,0,0,35,0,0,31,2,0,0
Tylan Grable,109425,T,UCF,11,0,0,323,,,75.4,,,,65.6,,,74.8,0,0,57,0,0,0,0,0,0
Christopher Mottillo,109441,TE,MARSHALL,12,0,0,214,,,70.9,,,,62.2,,,67.0,0,0,34,0,0,18,17,0,0
Quinton Lane,109511,WR,JVILLE ST,13,0,0,196,,,,,,,58.7,,,76.7,0,0,0,0,0,56,2,0,0
Allan Houston,109535,WR,LOUISVILLE,4,0,0,210,,,,,,,62.0,,,70.2,0,0,0,0,2,9,0,4,0
Chris Hardie,109593,ED,JVILLE ST,13,0,0,196,58.7,,,,,,60.0,,,72.5,0,0,0,41,0,0,0,16,0
Tyrese Chambers,109628,WR,MARYLAND,1,0,0,215,,,,,,,60.1,,,66.2,0,0,0,0,2,0,0,0,0
Jyaire Stevens,109709,ED,BUFFALO,12,1,0,126,59.0,,61.5,59.9,,,83.7,,,90.7,0,0,9,21,31,33,34,48,0
Ahmad Edwards,109734,WR,BALL ST,4,0,0,117,,,,58.3,,,60.4,,,68.6,0,0,0,0,5,6,6,0,0
Ryan Cragun,109801,WR,UCLA,12,0,0,324,,,,61.8,,,84.7,,,79.3,0,0,0,0,36,13,28,40,6
Nick Gargiulo,109845,C,S CAROLINA,6,0,0,289,,,70.8,,,,63.7,,,63.4,0,0,22,0,0,0,0,0,0
Kenny Brewer III,109857,WR,C MICHIGAN,1,0,0,134,,,,,,,60.0,,,62.0,0,0,0,0,0,1,0,0,0
Izaiah Taylor,110558,CB,CHARLOTTE,6,0,0,136,,,,,,,61.8,,,72.4,0,0,0,0,13,0,11,12,0
Kris Williams,110660,S,UNLV,14,1,0,325,60.0,,,,,,69.8,,,89.3,2,1,0,1,96,81,46,46,9
Khalib Gilmore,111057,LB,SYRACUSE,4,0,0,304,,,,,,,62.2,,,35.6,0,3,0,0,32,11,8,19,0
Sean Brown,111094,WR,CHARLOTTE,8,0,0,136,,,,,,,68.7,,,74.0,0,0,0,0,27,7,5,25,1
Austin Reed,111760,QB,W KENTUCKY,1,0,0,346,,,,,,,60.0,,60.0,63.3,0,0,0,0,0,0,1,0,0
Tra Thomas,116043,ED,TEMPLE,12,0,0,306,58.7,,,,,,60.0,,,72.5,0,0,0,56,0,0,8,8,0
Odieu Hiliare,120861,WR,BOWL GREEN,2,0,0,122,,,,59.9,,,60.0,,,63.6,0,0,0,0,1,1,0,0,0
Abdul-Fatai Ibrahim,120862,WR,BOWL GREEN,4,0,0,122,59.9,,,,,,60.2,,,63.6,0,0,0,2,1,1,0,0,0
Caleb Horton,121350,CB,MARSHALL,1,0,0,214,,,,,,,60.0,,,65.5,0,0,0,0,0,1,0,0,0
TyQaze Leggs,121354,DI,MARSHALL,13,0,0,214,57.6,,,,,,51.5,,,28.9,0,1,0,43,0,0,0,18,0
Yam Banks,121407,S,S ALABAMA,12,0,0,288,59.8,,,,,,60.7,,,64.3,0,0,0,41,3,1,0,1,0
Brian Garcia,121416,QB,LA MONROE,12,0,0,209,,,65.1,,,,61.8,,,61.0,0,0,36,0,0,0,0,0,0
Jacob Hopper,121421,TE,S ALABAMA,10,0,0,288,,,72.8,59.1,,,63.5,,,69.9,0,0,44,0,5,37,0,0,0
Carlos Johnson Jr.,121424,DI,S ALABAMA,4,0,0,288,58.8,,,,,,59.2,,,64.9,0,0,0,6,0,0,0,1,0
Caullin Lacy,121426,WR,S ALABAMA,12,0,0,288,,,,63.0,,,60.7,77.6,,68.0,0,0,0,0,0,24,0,60,0
Jamie Sheriff,121433,ED,S ALABAMA,13,0,0,288,58.9,,,,,,60.3,,,67.5,0,0,0,31,0,0,42,1,0
Quentin Wilfawn,121442,ED,S ALABAMA,13,0,0,288,58.6,,,,,,58.0,,,70.9,0,0,0,41,2,1,29,0,0
Kristin Booth,121448,ED,SO MISS,9,0,0,296,58.6,,,,,,60.0,,,69.0,0,0,0,30,0,0,0,8,0
Frank Gore Jr.,121457,HB,SO MISS,11,0,0,296,,,,,,,67.5,,,77.2,1,0,0,0,1,0,50,0,2
Averie Habas,121458,ED,SO MISS,7,0,0,296,59.1,,,,,,70.5,,,71.9,0,0,0,15,8,20,4,2,0
Brandon Hayes,121459,WR,SO MISS,8,0,0,296,,,,,,,60.4,,,73.7,1,0,0,0,0,0,4,22,0
Jake Lange,121467,QB,SO MISS,12,0,0,296,,,66.6,,,,62.1,,,61.2,0,0,54,0,0,0,0,0,0
Josh Ratcliff,121471,DI,SO MISS,12,0,0,296,58.4,,,59.9,,,90.5,,,73.6,0,0,0,13,0,75,0,8,0
Trey Bedosky,121481,T,UAB,5,0,0,321,,,68.0,,,,63.5,,,71.9,0,0,20,0,0,0,0,0,0
Tamarious Brown,121482,LB,UAB,11,2,0,321,60.0,,,,,,63.9,,,75.9,3,0,0,1,51,24,0,0,5
Reese Burkhardt,121483,K,TEXAS TECH,12,0,0,315,,,,,83.6,,63.6,,,77.7,0,0,0,0,64,0,0,0,1
Colby Dempsey,121487,CB,UAB,12,1,0,321,59.8,,,,,,43.7,,,29.7,3,1,0,33,51,0,0,19,4
Justin Jones,121492,HB,AUBURN,13,0,1,115,,,,,,,79.1,,,48.6,1,1,0,0,64,63,18,42,3
Mac McWilliams,121497,CB,UAB,12,0,0,321,59.7,,,59.4,,,63.0,69.7,,73.8,0,0,0,60,7,2,5,26,0
Brady Wilson,121508,C,UAB,7,0,0,321,,,70.0,,,,63.6,,,63.8,0,0,32,0,0,0,0,0,0
Jack Bullard,121513,LS,ARK STATE,13,0,0,113,,,88.6,,,82.5,76.6,,,67.4,0,0,63,0,0,0,62,0,1
Taylon Doss,121516,S,ARK STATE,3,0,0,113,,,,,,,42.8,,,67.8,1,0,0,0,3,0,18,0,0
Ryan Hanson,121522,P,JAMES MAD,13,0,0,197,,,67.7,,60.0,,63.7,,61.9,73.1,0,4,71,0,1,0,60,0,0
Kenneth Harris,121523,CB,OKLA STATE,4,0,0,262,,,,,,,63.2,,,71.3,0,0,0,0,11,0,0,12,0
CJ Harris,121524,LB,KENT STATE,10,0,0,201,59.8,,,,,,79.5,,,80.6,0,0,0,38,0,35,7,40,1
Elliott Nimrod,121536,K,UTAH ST,12,1,0,329,,68.8,,,74.9,,63.8,,,76.4,1,0,57,0,71,0,0,0,1
Corey Rucker,121539,WR,ARK STATE,6,0,0,113,,,,,,,61.1,,,66.1,0,0,0,0,4,3,0,0,0
Javar Strong,121543,S,UTAH ST,4,0,0,329,59.8,,,,,,53.3,,,65.1,1,0,0,21,1,0,5,0,0
Trevian Thomas,121544,S,ARK STATE,13,0,0,113,59.9,,,60.0,,,56.7,60.2,,65.7,1,0,0,56,3,1,3,2,0
Austin Woods,121547,G,ARK STATE,13,0,0,113,,,76.0,,,,63.6,,,72.6,0,0,63,0,0,0,62,0,0
Isaiah Alston,121550,WR,ARMY,2,0,0,114,,,,,,,60.2,,,64.4,0,0,0,0,0,2,0,0,0
Hamilton Baker,121551,LB,ARMY,9,0,0,114,60.0,,,,,,46.9,,,28.7,0,1,0,1,14,26,5,6,0
Aaron Bibbins,121555,S,ARMY,9,0,0,114,60.0,,,,,,63.5,,,71.1,0,0,0,7,8,44,0,8,1
Billy Boehlke,121556,P,ARMY,10,0,0,114,,,65.6,,,,61.9,,,61.1,0,0,41,0,0,0,0,0,0
Tyler Brennan,121557,WR,ARMY,1,0,0,114,,,,,,,57.7,,,66.2,0,0,0,0,0,2,0,0,0
Nikai Butler,121560,DI,ARMY,1,0,0,114,59.4,,,,,,59.6,,,62.5,0,0,0,2,0,0,0,0,0
Jimmy Ciarlo,121563,LB,ARMY,12,1,0,114,59.8,,,,,,67.1,,,76.1,0,0,0,27,0,6,44,7,1
Simon Dellinger,121566,T,ARMY,5,0,0,114,,,64.2,,,,62.6,,,69.8,0,0,14,0,0,3,0,0,0
Isaiah Filisi,121568,DI,ARMY,6,0,0,114,59.7,,67.4,,,,62.9,,,63.1,0,0,24,1,0,0,0,0,0
Jordan Funk,121570,TE,JAMES MAD,9,0,0,197,,,72.1,,,,62.2,,,71.2,0,0,41,0,0,5,17,15,0
David Hayward,121574,T,ARMY,6,0,0,114,,,69.4,,,,63.5,,,65.3,0,0,30,0,0,0,0,0,0
Austin Hill,121576,ED,ARMY,12,0,0,114,58.7,,,,,,60.3,,,67.9,0,0,0,25,0,0,44,3,0
Cameron Jones,121581,CB,ARMY,11,0,0,114,88.3,,,59.4,,,90.0,71.7,,70.8,0,0,0,28,0,3,0,21,0
Spencer Jones,121582,LB,ARMY,3,0,0,114,60.2,,,,,,62.6,,,68.7,0,0,0,5,0,2,0,5,0
Beau Lombardi,121585,C,ARMY,10,0,0,114,,,73.3,,,,64.9,,,73.9,0,0,43,0,0,0,0,0,0
Leo Lowin,121586,LB,ARMY,12,0,0,114,59.9,,,,,,62.3,,,73.4,0,0,0,39,0,5,0,7,0
Quinn Maretzki,121588,K,ARMY,10,0,0,114,,80.8,,,,,61.1,,,66.4,0,0,40,0,0,0,0,0,0
Ay'Jaun Marshall,121589,WR,ARMY,11,0,0,114,,,,69.6,,,61.5,,,29.7,1,1,0,0,0,12,36,0,1
Cole McCutcheon,121590,LS,ARMY,12,0,0,114,,,66.2,,,51.8,65.1,,,66.6,0,0,43,0,0,0,44,0,2
Bo Nicolas-Paul,121595,CB,ARMY,11,0,0,114,59.7,,,58.3,,,50.2,,,43.4,1,1,0,24,1,6,31,10,0
Jackson Powell,121602,ED,ARMY,10,0,0,114,59.2,,,,,,60.6,,,73.2,0,0,0,12,0,4,7,3,0
Tyson Riley,121605,FB,ARMY,12,0,0,114,,,72.0,,,,67.7,,,69.2,0,0,38,0,0,4,36,9,1
Kaghen Roach,121606,DI,N TEXAS,10,0,0,251,,,75.0,,,,64.7,,,62.6,0,0,57,0,0,0,0,0,0
Tyrell Robinson,121607,HB,ARMY,7,0,0,114,,,,55.7,,,60.5,65.0,,65.7,0,0,0,0,0,27,0,17,0
Michael Batton,121664,LB,LA MONROE,12,1,0,209,85.8,,,,,,74.3,,,75.6,3,0,0,43,46,0,68,6,6
Channing Canada,121668,CB,TCU,11,0,0,305,59.7,,,,,,53.5,,,71.5,0,0,0,26,9,0,19,1,0
Shadeed Ahmed,121716,WR,TEXAS ST,3,0,0,314,,,,,,,60.1,,,64.9,0,0,0,0,0,3,0,0,0
Emmanuel Balogun,121719,ED,CHARLOTTE,5,0,0,136,59.4,,,,,,62.0,,,69.3,0,0,0,4,5,1,5,3,0
Immanuel Bush,121724,DI,JAMES MAD,6,0,0,197,59.3,,60.0,,,,61.2,,,70.0,0,0,3,4,0,0,0,3,0
JoJo Evans Jr.,121728,S,FIU,4,0,0,166,,,,,,,56.1,,,75.1,1,0,0,0,21,7,2,11,1
EJ Horton Jr.,121734,WR,W VIRGINIA,7,0,0,343,,,,,,,54.7,,,72.4,0,0,0,0,9,0,18,4,0
Kerion Martin,121739,S,MARSHALL,13,2,0,214,59.8,,,,,,75.3,,,81.6,2,0,0,16,30,11,64,6,3
Jack Murphy,121743,T,APP STATE,8,0,0,108,,,72.8,,,,64.2,,,65.6,0,0,48,0,0,0,0,0,0
Daytione Smith,121749,S,MARSHALL,2,0,0,214,59.8,,,,,,60.5,,,62.5,0,0,0,6,1,0,0,1,0
An'Darius Coffey,121757,S,MEMPHIS,12,0,0,218,60.4,,,,,,50.4,,,79.7,0,0,0,44,57,13,44,4,2
Koby Drake,121761,WR,MEMPHIS,13,0,0,218,,,,,,,53.0,75.4,,70.7,0,0,0,0,2,35,0,48,0
Jonah Gambill,121763,G,MEMPHIS,8,0,0,218,,,75.0,,,,65.3,,,72.6,0,0,42,0,0,0,0,0,0
Mitchell Gildehaus,121764,G,MEMPHIS,9,0,0,218,,,76.1,,,,65.9,,,74.0,0,0,60,0,0,0,0,0,0
Cam'Ron Jackson,121769,DI,FLORIDA,11,0,0,163,57.9,,,,,,58.1,,,69.2,0,0,0,46,0,0,0,6,0
Davion Mayo,121776,LB,BOWL GREEN,8,0,0,122,60.0,,,,,,30.2,,,66.3,1,0,0,8,11,0,0,1,1
Devonte Golden-Nelson,121780,CB,AKRON,11,1,0,102,60.1,,,,,,62.2,50.0,,77.0,0,0,0,16,38,0,0,46,3
Caden Prieskorn,121783,TE,OLE MISS,7,0,0,226,,,70.0,61.8,,,63.5,,,62.7,0,0,30,0,0,1,0,0,0
Brandon Thomas,121788,HB,MEMPHIS,11,0,0,218,,,,,,,61.5,,,28.1,0,2,0,0,38,60,0,10,3
Maurice White,121792,ED,C MICHIGAN,12,0,0,134,59.8,,,,,,51.2,,,28.4,0,1,0,49,0,0,0,8,0
Bryce Bailey,121794,WR,MIDDLE TN,9,0,0,224,,,,,,,62.2,,,70.2,0,0,0,0,0,23,0,14,0
Johnathan Butler,121796,LB,MIDDLE TN,9,0,0,224,59.5,,,,,,69.4,,,75.0,0,0,0,22,2,13,3,29,1
Brody Butler,121797,LS,MIDDLE TN,12,1,0,224,,,86.1,,,55.1,64.6,,,67.5,2,0,51,0,0,0,67,0,2
Devyn Curtis,121800,LB,MIDDLE TN,10,0,0,224,60.2,,,,,,62.0,,,69.7,0,0,0,22,0,0,0,2,0
Tyrece Edwards,121803,DI,MIDDLE TN,8,0,0,224,58.7,,60.0,,,,60.6,,,66.6,0,0,5,12,0,0,0,5,0
Drew Francis,121804,LB,MIDDLE TN,12,1,0,224,59.5,,,,,,69.3,,,81.9,3,0,0,27,26,9,68,28,2
Jaylin Lane,121811,WR,VA TECH,10,0,0,337,,,,58.9,,,77.8,88.1,,67.4,0,0,0,0,10,4,0,18,2
Davon Martin,121813,CB,ARK STATE,2,0,0,113,60.0,,,,,,61.0,,,67.5,0,0,0,2,0,0,0,3,0
Jalen Montgomery,121815,HB,MIDDLE TN,10,0,0,224,,,,,,,65.9,,,73.1,1,1,0,0,0,31,24,9,3
Zeke Rankin,121818,K,MIDDLE TN,12,0,0,224,,63.4,,,,,61.3,,,66.9,0,0,51,0,0,0,0,0,0
Lance Robinson,121819,G,LOUISVILLE,1,0,0,210,,,60.0,,,,60.6,,,61.7,0,0,4,0,0,0,0,0,0
Miles Tillman,121828,P,MIDDLE TN,12,0,0,224,,,,,,,62.4,,61.7,72.6,0,0,0,0,0,0,34,0,0
Terry Wilkins,121829,HB,MIDDLE TN,3,0,0,224,,,,,,,60.3,,,64.7,0,0,0,0,1,2,0,0,0
Xavier Arline,121831,QB,NAVY,1,0,0,237,,,,,,,61.0,,,68.5,0,0,0,0,0,0,0,3,0
Donald Berniard Jr.,121832,DI,NAVY,12,0,0,237,58.1,,,,,,61.2,,,75.0,0,0,0,38,0,0,0,21,0
Jacob Busic,121837,ED,NAVY,3,0,0,237,59.2,,,,,,60.7,,,67.3,0,0,0,10,0,0,14,4,0
Willie Collins V,121838,CB,NAVY,3,0,0,237,,,,,,,63.9,,,70.8,0,0,0,0,0,0,1,15,0
Khalil Crawford,121839,FB,NAVY,7,0,0,237,,,,,,,53.5,,,28.5,0,1,0,0,1,23,0,21,0
Clay Cromwell,121840,DI,NAVY,12,0,0,237,57.4,,,,,,59.5,,,74.4,0,0,0,42,0,0,0,20,0
Sam Glover,121844,T,NAVY,8,0,0,237,,,69.3,,,,63.8,,,70.7,0,0,25,0,0,0,0,0,0
Will Harbour,121848,LB,NAVY,12,1,0,237,60.1,,,,,,61.4,,,76.8,2,0,0,44,2,1,80,20,1
Johnny Hodges,121850,LB,TCU,4,0,0,305,59.9,,,,,,61.4,,,67.1,0,0,0,16,0,0,0,2,0
Daniel Jones,121851,HB,NAVY,3,0,0,237,,,,,,,63.1,,,68.2,0,0,0,0,0,0,3,8,0
Xavier McDonald,121857,LB,NAVY,12,0,0,237,60.2,,,,,,70.2,,,50.8,0,1,0,38,2,1,80,22,4
Marcus Moore,121860,S,NAVY,1,0,0,237,60.0,,,,,,60.0,,,61.1,0,0,0,1,0,0,0,0,0
Lirion Murtezi,121861,C,NAVY,1,0,0,237,,,60.0,,,,60.6,,,61.5,0,0,2,0,0,0,0,0,0
Colin O'Connor,121862,WR,NAVY,2,0,0,237,,,,,,,61.0,,,69.5,0,0,0,0,0,8,0,7,0
Joshua Pena,121864,G,NAVY,11,0,0,237,,,73.7,,,,64.9,,,71.8,0,0,36,0,0,0,0,0,0
Mike Petrof,121866,G,NAVY,2,0,0,237,,,60.0,,,,61.8,,,63.6,0,0,9,0,0,0,0,0,0
Wyatt Terlaak,121871,G,UMASS,10,0,0,216,,,76.7,,,,65.3,,,65.6,0,0,48,0,0,0,0,0,0
Jayden Umbarger,121874,WR,NAVY,12,1,0,237,,,,,,,65.6,,,76.5,2,0,0,0,1,1,72,0,2
Evan Warren,121875,K,NAVY,9,0,0,237,,58.2,,,58.0,,62.2,,,72.9,0,0,11,0,29,0,0,0,0
Camari Williams,121877,WR,NAVY,4,0,0,237,,,,,,,59.8,,,65.9,0,0,0,0,1,8,0,0,0
Cole Williams,121878,LS,NAVY,4,0,0,237,,,72.0,,,35.2,51.1,,,64.9,0,0,14,0,0,0,17,0,0
Jordan Brown,121882,LB,N TEXAS,12,0,0,251,59.9,,,,,,63.9,,,77.0,0,0,0,62,1,43,39,0,1
Jett Duncan,121886,T,N TEXAS,9,0,0,251,,,77.5,,,,65.5,,,65.5,0,0,53,0,0,0,0,0,0
Alphie Guillory,121891,S,N TEXAS,10,0,0,251,,,,,,,72.5,,,88.2,0,0,0,0,60,40,33,40,1
Isaiah Johnson,121892,HB,N TEXAS,3,0,0,251,,,,,,,51.3,,,91.5,0,0,0,0,0,3,0,1,0
Christian Lee,121898,TE,N TEXAS,6,0,0,251,,,,59.9,,,64.6,,,70.1,0,0,0,0,0,37,0,0,0
Kortlin Rausaw,121904,ED,N TEXAS,5,0,0,251,59.5,,,,,,59.7,,,64.9,0,0,0,12,0,0,0,0,0
Jake Roberts,121905,TE,BAYLOR,12,0,0,118,,,73.8,,,,58.1,,,68.0,0,0,48,0,0,0,37,0,0
Upton Stout,121906,CB,W KENTUCKY,8,0,0,346,59.6,,,,,,62.5,,,74.6,0,0,0,19,0,5,0,9,0
Loronzo Thompson,121908,CB,N TEXAS,10,1,0,251,60.3,,,,,,73.0,,,78.2,0,0,0,27,37,10,34,24,1
Will Benton IV,121916,LS,SMU,14,1,0,287,,,74.2,,,39.7,67.9,,,66.7,2,1,93,0,0,0,44,0,4
Marcus Bryant,121917,T,SMU,13,0,0,287,,,77.9,,,,63.8,,,65.2,0,0,81,0,0,0,4,0,0
Carter Campbell,121919,WR,SMU,4,0,0,287,,,,,,,62.8,,,70.7,0,0,0,0,4,1,0,3,0
Branson Hickman,121928,C,SMU,3,0,0,287,,,,,,,60.0,,,65.7,0,0,0,0,0,0,4,0,0
DeVere Levelston,121933,DI,SMU,10,0,0,287,58.3,,,,,,58.7,,,73.7,0,0,0,16,0,0,8,11,0
Bryan Massey,121936,S,SMU,11,1,0,287,59.8,,,50.0,,,62.4,,,29.3,0,1,0,12,27,9,10,35,2
Dalton Perdue,121941,G,SMU,14,0,0,287,,,78.5,,,,65.7,,,66.9,0,0,94,0,0,0,0,0,0
Jackson Ritz,121945,C,SMU,14,0,0,287,,,82.1,,,,67.1,,,65.0,0,0,94,0,0,0,0,0,0
Ben Sparks,121949,G,SMU,8,0,0,287,,,60.0,,,,58.0,,,64.6,0,0,1,0,0,0,16,0,0
Zion Childress,121963,S,KENTUCKY,13,0,0,202,59.7,,,,,,66.5,,,71.6,1,0,0,53,33,2,42,12,2
Josh Emmanuel,121966,LB,TEXAS ST,6,0,0,314,59.8,,,,,,89.6,,,68.3,0,0,0,5,7,13,0,0,0
John Emmanuel,121967,LB,TEXAS ST,5,1,0,314,,,,,,,62.2,,,73.6,1,0,0,0,41,12,0,9,2
Rodrick Hockley,121972,CB,TEXAS ST,8,0,0,314,60.0,,,,,,29.7,,,26.9,1,2,0,2,13,0,3,22,0
Brooks McCoy,121979,WR,TEXAS ST,4,0,0,314,,,,,,,71.1,,,71.7,0,0,0,0,1,14,0,6,0
Issiah Nixon,121981,ED,SM HOUSTON,11,0,0,281,59.5,,,,,,51.4,,,67.2,0,0,0,24,11,0,0,1,0
David Nunez,121982,P,TEXAS ST,1,0,0,314,,,,,,,66.0,,,64.9,0,0,0,0,2,0,0,0,1
Trenton Scott,121987,T,TEXAS ST,13,0,0,314,,,76.9,,,,65.3,,,65.2,0,0,71,0,0,0,0,0,0
Alton Stephens,121989,LS,TENNESSEE,1,0,0,307,,,60.0,,,66.0,60.0,,,60.8,0,0,1,0,0,0,0,0,0
Davis Burns,122000,S,UTEP,12,0,0,330,60.0,,,,,,66.2,,,80.5,0,0,0,8,15,56,8,36,1
Josh Hancock,122018,LS,UTEP,6,0,0,330,,,61.3,,,16.4,46.5,,,64.2,0,0,23,0,0,0,10,0,0
Azizi Henry,122020,T,UTEP,11,0,0,330,,,71.6,,,,63.9,,,65.3,0,0,41,0,0,0,0,0,0
Steven Hubbard,122021,T,UTEP,1,0,0,330,,,60.0,,,,60.4,,,62.5,0,0,3,0,0,0,0,0,0
Ilijah Johnson,122024,CB,UTEP,3,0,0,330,60.0,,,,,,56.5,,,71.1,0,0,0,2,1,0,3,4,0
Tyrice Knight,122025,LB,UTEP,12,0,0,330,60.1,,,,,,62.5,,,68.2,0,0,0,58,0,0,0,7,0
Xavier Simmons,122036,LB,UTEP,4,1,0,330,,,,,,,57.1,,,73.5,0,0,0,0,14,8,0,16,1
Joshua Sloan,122037,P,UTEP,12,0,0,330,,,60.0,,,,63.3,,80.1,74.4,0,0,4,0,0,0,54,0,1
Luke Soto,122038,TE,MARSHALL,13,0,0,214,,,74.8,59.6,,,75.6,,,70.3,0,0,56,0,0,78,0,8,0
Keenan Stewart,122039,DI,UTEP,12,0,0,330,57.6,,,,,,57.3,,,69.0,0,0,0,43,0,0,0,5,0
Angelo Tejada,122042,LS,UTEP,10,1,0,330,,,76.2,,,16.2,44.8,,,66.3,0,0,36,0,0,0,44,0,0
Sione Tonga'uiha,122044,DI,UTEP,7,0,0,330,58.5,,,,,,59.2,,,68.4,0,0,0,13,0,0,24,3,0
Tyler Batty,122052,ED,BYU,12,0,0,128,58.9,,,,,,71.6,,,74.0,0,0,0,52,0,1,69,19,2
Caleb Christensen,122055,CB,BYU,9,0,0,128,,,,,,,60.3,,,71.5,0,0,0,0,37,0,0,1,1
Miles Davis,122056,HB,BYU,1,0,0,128,,,,,,,60.0,,,67.7,0,0,0,0,0,0,0,2,0
Mason Fakahua,122058,TE,BYU,11,0,0,128,,,,,,,76.4,,,71.5,0,0,0,0,0,65,0,0,0
Fisher Jackson,122063,LB,BYU,6,0,0,128,,,70.5,,,,63.5,,,61.4,0,0,32,0,0,0,1,0,0
Hobbs Nyberg,122072,WR,BYU,12,0,0,128,,,,63.2,,,90.3,70.1,,72.5,0,0,0,0,0,68,0,33,0
Connor Pay,122073,C,BYU,11,0,0,128,,,72.8,,,,64.9,,,74.2,0,0,40,0,0,0,0,0,0
Ryan Rehkow,122074,P,BYU,12,0,0,128,,,66.1,,,,57.0,,87.0,30.1,0,1,47,0,0,0,69,0,0
Austin Riggs,122075,LS,BYU,12,0,0,128,,,85.4,,,78.7,65.4,,,67.5,2,0,48,0,0,0,68,0,0
Caleb Fox,122095,ED,TCU,12,0,0,305,59.1,,,,,,60.0,,,66.3,0,0,0,34,0,0,14,2,0
Arian Gregory,122136,LB,SO MISS,3,0,0,296,60.0,,,,,,60.2,,,62.8,0,0,0,2,0,0,0,1,0
Sergio Allen,122138,LB,CAL,7,0,0,130,60.0,,,,,,57.0,,,75.0,1,0,0,5,36,35,6,0,3
Will Blackston,122139,TE,CLEMSON,2,0,0,140,,,,,,,60.3,,,64.6,0,0,0,0,1,0,0,1,0
Demarkcus Bowman,122141,HB,UCF,2,0,0,323,,,,,,,61.4,,,64.2,0,0,0,0,5,0,0,0,0
DeMonte Capehart,122144,DI,CLEMSON,12,0,0,140,58.0,,26.4,,,,49.5,,,66.4,0,0,57,24,0,0,0,2,0
Quinn Castner,122145,K,CLEMSON,1,0,0,140,,60.0,,,60.1,,60.0,,,64.2,0,0,1,0,1,0,0,0,0
Fred Davis II,122146,CB,UCF,3,0,0,323,,,,,,,52.9,,,67.7,0,0,0,0,1,1,0,2,0
Sage Ennis,122147,TE,CLEMSON,9,0,0,140,,,,,,,76.4,,,76.9,0,0,0,0,0,30,1,37,0
Malcolm Greene,122148,CB,VIRGINIA,11,0,0,335,59.5,,,,,,48.9,,,73.3,1,0,0,27,29,0,16,3,0
Trent Howard,122150,G,CLEMSON,1,0,0,140,,,,,,,60.0,,,63.3,0,0,0,0,0,0,1,0,0
Bubba McAtee,122152,S,CLEMSON,5,0,0,140,59.9,,,,,,70.0,,,69.0,0,0,0,1,2,0,0,20,0
R.J. Mickens,122153,S,CLEMSON,9,0,0,140,60.0,,,,,,63.5,,,70.5,0,0,0,28,0,0,8,30,0
Kobe Pace,122155,HB,VIRGINIA,7,0,0,335,,,,,,,64.5,,,73.9,0,0,0,0,2,33,0,13,0
Walker Parks,122156,G,CLEMSON,2,0,0,140,,,,,,,60.4,,,62.4,0,0,0,0,0,0,5,0,0
Kevin Swint,122158,ED,GA STATE,8,0,0,175,60.0,,,,,,51.1,,,70.5,0,0,0,15,10,10,9,4,0
Paul Tchio,122160,G,GA TECH,2,0,0,176,,,62.5,,,,62.0,,,67.3,0,0,7,0,0,0,6,0,0
Bryn Tucker,122161,G,CLEMSON,1,0,0,140,,,60.0,,,,60.6,,,61.5,0,0,2,0,0,0,0,0,0
DJ Uiagalelei,122162,QB,OREGON ST,2,0,0,265,,,,,,,60.0,,60.3,64.5,0,0,0,0,0,0,2,0,0
Tyler Venables,122163,S,CLEMSON,1,0,0,140,,,,,,,60.2,,,67.1,0,0,0,0,0,2,0,0,0
E.J. Williams Jr.,122164,WR,INDIANA,3,0,0,190,,,,,,,49.4,,,73.5,0,1,0,0,0,6,0,9,0
Tre Williams,122165,DI,CLEMSON,3,0,0,140,,,,,,,60.6,,,66.1,0,0,0,0,0,0,0,3,0
Bryce Kennon,122171,TE,CHARLOTTE,12,1,0,136,,,,,,,61.7,,,74.2,1,0,0,0,2,0,62,1,1
Jake Clemons,122176,TE,CHARLOTTE,11,0,1,136,,,72.3,,,,55.5,,,27.0,0,1,41,0,0,0,0,0,0
Ty'Kieast Crawford,122177,T,ARKANSAS,9,0,0,111,,,73.1,,,,64.3,,,65.4,0,0,49,0,0,0,0,0,0
Colby Garfield,122180,LS,E CAROLINA,9,0,0,156,,,68.1,,,43.6,59.6,,,63.0,0,0,34,0,0,0,0,0,0
Trexler Ivey,122184,QB,CHARLOTTE,2,0,0,136,,,,,,,60.4,,,63.9,0,0,0,0,2,0,0,0,0
Jonny King,122188,C,CHARLOTTE,2,0,0,136,,,60.0,,,,61.3,,,68.5,0,0,4,0,0,0,0,0,0
Dez Morgan,122191,DI,CHARLOTTE,10,0,0,136,57.8,,,,,,57.3,,,66.9,0,0,0,34,0,0,0,0,0
Taylor Thompson,122197,TE,JAMES MAD,7,0,0,197,,,,59.9,,,72.7,,,68.2,0,0,0,0,0,24,0,0,0
Tirek Austin-Cave,122203,LB,W VIRGINIA,3,0,0,343,59.9,,,,,,58.5,,,67.3,0,0,0,2,4,7,0,1,0
Brian Balom,122204,S,MIAMI FL,9,0,0,220,60.0,,,,,,72.7,,,80.4,0,0,0,1,48,33,1,18,2
Marcus Clarke,122208,CB,MISSOURI,6,0,0,229,59.7,,,,,,61.5,,,68.6,0,0,0,9,0,0,0,8,0
Isaiah Dunson,122209,CB,BAYLOR,3,0,0,118,60.0,,,,,,61.0,,,66.9,0,0,0,4,2,0,0,0,0
Corey Flagg,122212,LB,MIAMI FL,12,0,0,220,59.3,,,,,,59.8,,,76.0,2,0,0,30,24,14,41,22,0
Jalen Harrell,122213,S,UMASS,11,0,0,216,60.0,,,,,,48.2,,,73.6,2,0,0,1,49,0,0,11,1
Jaylan Knighton,122215,HB,SMU,4,0,0,287,,,,60.0,,,50.6,,,67.9,1,0,0,0,7,4,3,0,0
Michael Redding III,122219,WR,MIAMI FL,10,0,0,220,,,,59.9,,,67.1,,,72.3,0,0,0,0,0,46,1,21,0
Xavier Restrepo,122220,WR,MIAMI FL,13,0,0,220,,,,59.6,,,67.3,68.7,,72.5,0,0,0,0,6,55,0,30,0
Jalen Rivers,122221,T,MIAMI FL,13,0,0,220,,,78.9,,,,66.7,,,74.7,0,0,71,0,0,0,0,0,0
Elijah Roberts,122222,ED,SMU,14,0,0,287,58.5,,,,,,61.9,,,75.2,0,0,0,37,0,0,1,18,0
Chris Washington,122228,T,MIAMI FL,13,0,0,220,,,78.1,,,,66.8,,,77.6,0,0,73,0,0,0,0,0,0
Avantae Williams,122229,S,MARYLAND,6,0,0,215,59.9,,,,,,50.1,,,69.2,1,0,0,1,32,0,4,0,2
Chantz Williams,122230,ED,MIAMI FL,12,0,0,220,59.8,,75.3,,,,61.4,,,67.7,0,0,61,3,0,13,40,3,0
Anderson Castle,122234,HB,APP STATE,5,0,1,108,,,,,,,52.0,,,28.6,0,1,0,0,0,24,20,7,1
Ronald Clarke,122235,S,APP STATE,9,0,0,108,60.0,,,,,,61.9,,,63.8,0,0,0,15,0,0,0,7,0
DeAndre Dingle-Prince,122237,DI,APP STATE,14,0,0,108,58.6,,,,,,60.7,,,69.8,0,0,0,41,0,0,54,8,0
August Drews,122238,TE,APP STATE,14,0,0,108,,,77.9,,,,68.2,,,74.7,0,0,76,0,0,22,0,1,0
Kevon Haigler,122240,ED,APP STATE,9,0,0,108,59.2,,,,,,63.1,,,68.7,0,0,0,5,0,0,0,10,0
Michael Hetzel,122242,WR,APP STATE,14,0,0,108,,,,,,,68.0,,,78.5,0,0,0,0,0,71,0,17,0
Jalen McLeod,122248,ED,AUBURN,11,0,0,115,58.7,,,,,,60.2,,,69.5,0,0,0,33,0,0,4,12,0
Markell Samuel,122253,T,APP STATE,14,0,0,108,,,77.6,,,,65.6,,,66.8,0,0,75,0,0,0,0,0,0
Seth Williams,122258,C,APP STATE,7,0,0,108,,,71.6,,,,64.5,,,73.8,0,0,34,0,0,0,0,0,0
Eli Wilson,122259,TE,APP STATE,14,0,0,108,,,65.8,,,,67.6,,,73.7,0,0,17,0,15,57,52,0,0
Gavin Byers,122263,G,BAYLOR,12,0,0,118,,,76.1,,,,65.6,,,72.0,0,0,48,0,0,0,0,0,0
Drake Dabney,122264,TE,BAYLOR,12,0,0,118,,,73.5,,,,66.7,,,65.4,0,0,48,0,0,0,36,0,1
Jonathan Davidson,122265,WR,BAYLOR,4,0,0,118,,,,,,,75.4,,,67.7,0,0,0,0,0,28,0,0,0
Mike Harris,122269,S,S ALABAMA,12,1,1,288,60.0,,,,,,53.9,,,45.3,0,2,0,10,13,1,41,24,0
Lorando Johnson,122271,CB,ARKANSAS,12,0,0,111,,,,,,,64.4,,,70.7,0,0,0,0,6,0,0,21,0
Micah Mazzccua,122273,G,FLORIDA,3,0,0,163,,,64.2,,,,62.6,,,66.0,0,0,13,0,0,0,0,0,0
A.J. McCarty,122274,CB,TEXAS TECH,1,0,0,315,,,,,,,53.0,,,67.1,0,0,0,0,0,0,4,0,0
Brooks Miller,122276,LB,BAYLOR,11,0,0,118,59.7,,,,,,62.8,,,71.3,0,0,0,28,12,9,10,11,1
Devin Neal,122278,S,LOUISVILLE,13,0,0,210,59.6,,,,,,62.6,,,67.9,0,0,0,45,3,0,0,16,0
Victor Obi,122279,ED,TEXAS ST,5,0,0,314,59.5,,,,,,60.2,,,64.7,0,0,0,6,0,0,0,1,0
Chateau Reed,122280,CB,BAYLOR,11,0,0,118,59.6,,,,,,69.1,,,73.6,0,0,0,47,14,0,12,3,1
Alfahiym Walcott,122284,S,ARKANSAS,11,0,0,111,59.9,,,,,,81.0,,,76.2,0,0,0,1,0,53,0,16,0
CJ Beasley,122317,HB,COAST CAR,8,0,0,141,,,,61.8,,,57.1,,,70.2,0,0,0,0,2,35,3,0,0
Shane Bruce,122323,LB,COAST CAR,11,0,0,141,59.7,,,,,,60.6,,,68.3,0,0,0,40,0,1,16,9,0
Kenny Byrd,122326,LB,UTEP,12,0,0,330,60.0,,,,,,84.1,,,55.6,0,1,0,1,46,38,33,30,6
James Johnson Jr.,122340,DI,COAST CAR,9,0,0,141,58.6,,72.2,,,,63.1,,,65.0,0,0,42,4,0,0,0,2,0
Willie Lampkin,122344,G,N CAROLINA,1,0,0,245,,,,,,,60.0,,,63.3,0,0,0,0,0,0,1,0,0
Donavan Manson,122346,G,COAST CAR,5,0,0,141,,,65.9,,,,63.0,,,69.8,0,0,15,0,0,0,0,0,0
Logan Mauldin,122348,TE,COAST CAR,4,0,0,141,,,68.7,,,,66.7,,,63.2,0,0,25,0,0,7,0,0,0
Tyson Mobley,122350,WR,COAST CAR,4,0,0,141,,,,,,,43.6,30.2,,26.7,0,1,0,0,0,0,6,2,0
Austin Randall,122352,CB,CLEMSON,2,0,0,140,,,,,,,60.8,,,65.7,0,0,0,0,3,0,0,1,0
Braylon Ryan,122354,ED,COAST CAR,11,0,0,141,58.7,,,,,,59.7,,,67.6,0,0,0,32,0,0,0,5,0
Mason Shelton,122355,LB,COAST CAR,12,1,0,141,59.9,,,59.9,,,64.5,,,74.8,0,0,0,6,56,52,4,10,2
Tyler Wagner,122363,T,COAST CAR,12,0,0,141,,,77.0,,,,66.4,,,76.1,0,0,66,0,0,0,0,0,0
Grissim Anderson,122365,FB,DUKE,2,0,0,154,,,,,,,59.6,,,65.8,0,0,0,0,0,8,0,0,0
Graham Barton,122367,T,DUKE,2,0,0,154,,,61.8,,,,62.1,,,66.3,0,0,9,0,0,0,0,0,0
Nicky Dalmolin,122369,TE,DUKE,10,0,0,154,,,74.5,,,,64.0,,,67.1,0,0,53,0,1,5,2,0,0
Cole Finney,122371,TE,DUKE,11,0,0,154,,,75.6,,,,65.9,,,75.5,0,0,56,0,0,0,1,0,0
Isaiah Fisher-Smith,122372,S,DUKE,4,0,0,154,60.0,,,,,,59.0,,,70.2,0,0,0,1,8,10,0,1,0
James Hopson II,122374,S,DUKE,13,1,0,154,,,,,,,66.5,,,80.2,1,0,0,0,60,56,12,29,6
Michael Larbie,122376,DI,RICE,3,0,0,275,60.0,,60.7,,,,62.7,,,69.4,0,0,9,1,0,0,0,1,0
Dorian Mausi,122378,LB,DUKE,9,0,0,154,60.0,,,,,,68.9,,,68.2,0,0,0,24,6,0,4,7,1
Aeneas Peebles,122379,DI,DUKE,5,0,0,154,58.7,,,,,,60.3,,,68.4,0,0,0,6,0,0,0,4,0
Michael Reese,122383,ED,DUKE,8,2,0,154,59.5,,,,,,70.6,,,70.0,0,0,0,3,25,37,0,1,2
Jontavis Robertson,122384,WR,DUKE,8,0,0,154,,,,59.6,,,69.9,,,73.5,0,0,0,0,0,23,4,21,0
Ryan Smith,122387,ED,DUKE,13,0,0,154,59.0,,75.2,,,,71.0,,,79.8,1,0,61,7,38,16,51,43,1
Gary Smith III,122388,DI,UCLA,10,0,0,324,58.7,,,,,,60.7,,,67.9,0,0,0,13,0,0,33,5,0
Jaylen Stinson,122389,S,DUKE,13,0,0,154,59.8,,,,,,72.1,,,74.3,2,0,0,47,1,0,51,9,4
Carter Boatwright,122393,TE,FAU,8,0,0,165,,,71.5,,,,68.5,,,65.4,0,0,36,0,0,11,0,0,0
Stephen Dix Jr.,122396,LB,MARSHALL,13,0,0,214,60.0,,,,,,68.5,,,78.9,3,0,0,34,34,2,53,49,4
Ja'Khi Douglas,122397,WR,FLORIDA ST,10,1,0,167,,,,,,,53.7,37.4,,37.5,2,1,0,0,0,2,38,23,1
Markeston Douglas,122398,TE,FLORIDA ST,13,0,0,167,,,77.6,,,,65.5,,,68.1,0,0,76,0,0,7,0,0,0
Jadarius Green-McKnight,122399,CB,MARSHALL,12,0,0,214,,,,,,,54.2,,,29.3,1,2,0,0,60,2,35,8,2
DJ Lundy,122405,LB,FLORIDA ST,13,0,0,167,60.1,,,,,,70.4,,,76.0,0,0,0,39,28,0,1,16,1
Alex Mastromanno,122406,P,FLORIDA ST,14,0,1,167,,,68.1,,,,63.9,,78.3,73.7,0,3,79,0,0,0,67,0,0
Kentron Poitier,122411,WR,FLORIDA ST,4,0,0,167,,,,,,,73.2,,,72.0,0,0,0,0,0,9,0,9,0
Bryan Robinson,122413,WR,MARSHALL,8,0,0,214,,,,,,,63.5,,,73.2,0,0,0,0,3,13,0,13,0
Tate Rodemaker,122414,QB,FLORIDA ST,1,0,0,167,,,,,,,60.0,,,63.6,0,0,0,0,0,1,0,0,0
Thomas Shrader,122417,G,FLORIDA ST,10,0,0,167,,,73.7,,,,64.4,,,65.9,0,0,53,0,0,0,0,0,0
Lawrance Toafili,122421,HB,FLORIDA ST,11,0,0,167,,,,,,,59.3,60.0,,83.9,1,0,0,0,0,2,18,31,0
La'Damian Webb,122423,HB,S ALABAMA,1,0,0,288,,,,,,,60.0,,,63.3,0,0,0,0,0,0,0,0,0
Sidney Williams,122424,S,MISSOURI,12,0,0,229,60.1,,,59.9,,,69.2,,,81.5,0,0,0,6,80,40,8,7,2
Darion Williamson,122425,WR,FLORIDA ST,10,0,0,167,,,,,,,74.0,,,79.2,0,0,0,0,0,33,0,38,0
Lloyd Willis,122426,T,MARSHALL,12,0,0,214,,,75.1,,,,65.2,,,69.6,0,0,56,0,0,0,0,0,0
Corey Wren,122427,HB,TCU,10,0,0,305,,,,59.1,,,57.7,,,72.7,1,0,0,0,4,53,0,8,0
Alex Bowen,122431,WR,GA SOUTHRN,1,0,0,174,,,,,,,60.9,,,68.9,0,0,0,0,0,0,0,3,0
Tyler Bride,122432,CB,MINNESOTA,6,0,0,225,59.8,,,,,,64.3,,,71.4,0,0,0,5,0,3,0,12,0
Chase Dial-Watson,122434,S,GA SOUTHRN,9,0,0,174,,,,,,,70.5,,,80.3,0,0,0,0,48,33,16,32,2
Chandler Dial-Watson,122435,CB,GA SOUTHRN,2,0,0,174,,,,,,,72.3,,,69.1,0,0,0,0,0,10,0,0,0
Jack Ferguson,122438,CB,GA SOUTHRN,2,0,0,174,59.9,,,,,,60.1,,,63.8,0,0,0,1,0,0,0,1,0
Trevon Locke,122449,DI,GA SOUTHRN,4,0,0,174,59.3,,,,,,60.8,,,66.5,0,0,0,4,0,0,0,3,0
Rasheed Miller,122451,T,GA SOUTHRN,13,0,0,174,59.5,,77.2,,,,66.0,,,76.7,0,0,74,3,0,0,0,0,0
Seth Robertson,122459,CB,GA SOUTHRN,13,0,0,174,59.8,,,,,,60.6,,,78.9,0,0,0,23,30,4,38,17,0
Marques Watson-Trent,122461,LB,GA SOUTHRN,13,0,0,174,60.0,,,,,,65.3,,,79.0,0,0,0,59,0,0,0,14,0
Jackson Wheeler,122463,LS,GA SOUTHRN,13,0,0,174,,,26.2,,,0.0,29.5,,,63.8,0,0,74,0,0,0,0,0,0
Jalen White,122464,HB,GA SOUTHRN,2,0,0,174,,,,,,,60.2,,,66.3,0,0,0,0,0,2,0,0,0
Caelan Williams,122466,T,GA SOUTHRN,13,0,0,174,59.3,,78.2,,,,66.5,,,78.0,0,0,74,3,0,0,0,0,0
Avery Boyd,122469,WR,GA TECH,13,1,0,176,,,,,,,69.8,,,79.6,0,0,0,0,77,17,45,11,4
LaMiles Brooks,122470,S,GA TECH,12,0,0,176,60.3,,,,,,65.8,,,82.7,0,0,0,42,4,1,0,1,0
Henry Freer,122473,LS,GA TECH,12,0,0,176,,,61.8,,,9.1,31.4,,,29.3,1,1,57,0,0,0,42,0,0
Tucker Gleason,122475,QB,TOLEDO,14,0,0,316,,,67.4,,,,62.3,,,61.2,0,0,66,0,0,0,0,0,0
Jalen Huff,122479,CB,FAU,9,0,0,165,60.0,,,,,,48.5,,,72.3,0,0,0,1,42,26,4,18,1
Jared Ivey,122480,DI,OLE MISS,13,0,0,226,57.7,,77.0,,,,61.8,,,69.9,0,0,73,50,0,0,19,9,0
Emmanuel Johnson,122481,DI,COAST CAR,7,0,0,141,58.5,,,,,,59.1,,,66.6,0,0,0,14,0,0,0,3,0
Kyle Kennard,122483,ED,GA TECH,12,0,0,176,59.4,,,,,,61.0,,,69.3,0,0,0,37,1,9,0,4,1
Ryan King,122484,WR,E CAROLINA,3,0,1,156,,,,,,,48.8,,,70.3,0,1,0,0,0,16,0,2,0
Nate McCollum,122487,WR,N CAROLINA,3,0,0,245,,,,,,,59.8,63.2,,64.2,0,0,0,0,0,2,0,7,0
Tyson Meiguez,122488,LB,GA TECH,13,0,0,176,,,,,,,67.5,,,76.4,0,0,0,0,14,54,0,22,0
Jason Moore,122491,DI,GA TECH,12,0,0,176,59.0,,,,,,60.6,,,65.2,0,0,0,6,0,0,46,1,0
Gavin Stewart,122498,K,GA TECH,13,0,0,176,,52.9,,,82.5,,63.9,,,77.9,0,0,11,0,75,0,0,0,0
Akelo Stone,122499,DI,OLE MISS,4,0,0,226,59.4,,,,,,61.2,,,66.5,0,0,0,2,0,0,0,3,0
Paula Vaipulu,122500,G,N TEXAS,11,0,0,251,,,75.9,,,,65.9,,,76.4,0,0,62,0,0,0,0,0,0
Billy Ward,122502,TE,GA TECH,13,0,0,176,,,75.4,59.9,,,68.0,,,74.9,0,0,54,0,0,74,1,0,0
Jordan Williams,122503,T,GA TECH,2,0,0,176,,,64.7,,,,62.7,,,70.3,0,0,12,0,0,0,0,0,0
Khaya Wright,122504,ED,FIU,9,0,0,166,59.9,,,,,,64.7,,,73.3,0,0,0,11,4,0,8,21,0
Michal Antoine Jr.,122505,CB,FAU,11,0,0,165,59.6,,,,,,49.9,,,29.8,1,1,0,29,23,3,33,21,1
Aidan Bitter,122507,WR,IOWA STATE,6,0,0,193,,,,,,,59.7,,,69.2,0,0,0,0,0,35,0,0,0
Stevo Klotz,122521,TE,IOWA STATE,12,0,0,193,,,,,,,40.8,,,68.4,1,0,0,0,0,19,49,0,0
Craig McDonald,122525,S,MINNESOTA,4,0,0,225,,,,,,,58.2,,,70.5,0,0,0,0,13,5,0,5,0
Tyler Miller,122526,T,IOWA STATE,13,0,0,193,,,76.0,,,,64.9,,,64.0,0,0,64,0,0,0,0,0,0
Brady Petersen,122531,C,IOWA STATE,13,0,0,193,,,19.7,,,,36.3,,,77.4,0,0,64,0,0,0,0,0,0
J.R. Singleton,122533,DI,IOWA STATE,13,0,0,193,58.3,,,,,,58.1,,,66.6,0,0,0,49,0,0,0,0,0
T.J. Tampa,122537,CB,IOWA STATE,12,0,0,193,60.4,,,,,,89.5,,,79.7,0,0,0,39,0,0,0,52,0
Ar'maj Reed-Adams,122543,G,KANSAS,12,0,0,198,,,14.3,,,,28.5,,,28.5,0,1,60,0,0,0,0,0,0
Tabor Allen,122544,K,KANSAS,13,0,0,198,,,,,81.4,,64.2,,,79.3,1,0,0,0,85,0,0,0,0
Clinton Anokwuru,122545,ED,COAST CAR,11,0,0,141,59.1,,,,,,60.7,,,67.8,0,0,0,20,0,0,0,7,0
Lawrence Arnold,122546,WR,KANSAS,2,0,0,198,,,,,,,60.1,,,64.8,0,0,0,0,0,2,0,0,0
Taiwan Berryhill Jr.,122547,LB,KANSAS,11,0,0,198,59.7,,,,,,60.6,,,71.3,1,0,0,22,36,0,0,4,1
Jordan Brown,122548,WR,TEXAS TECH,1,0,0,315,,,,62.0,,,60.0,,,62.2,0,0,0,0,0,5,0,0,0
Bryce Cabeldue,122550,T,KANSAS,10,0,0,198,,,74.5,,,,65.4,,,75.6,0,0,51,0,0,0,0,0,0
Kenean Caldwell,122551,DI,KANSAS,10,0,0,198,58.6,,60.0,,,,59.2,,,67.0,0,0,3,29,0,0,0,1,0
Jared Casey,122553,TE,KANSAS,13,0,0,198,,,76.4,59.6,,,87.4,,,71.5,0,0,71,0,0,71,33,0,0
Mello Dotson,122556,CB,KANSAS,12,0,0,198,60.1,,,,,,62.6,,,73.6,0,0,0,44,0,0,0,7,0
Emory Duggar,122557,LS,KANSAS,1,0,0,198,,,,,,75.6,61.2,,,62.6,0,0,0,0,0,0,1,0,0
Donovan Gaines,122558,LB,KANSAS,13,0,0,198,,,,,,,59.3,,,80.9,0,1,0,0,85,40,1,39,1
Luke Grimm,122561,WR,KANSAS,4,0,0,198,,,,,,,60.5,71.4,,65.2,0,0,0,0,0,0,0,13,0
Will Huggins,122563,TE,KANSAS,3,0,0,198,,,60.0,,,,63.9,,,70.3,0,0,3,0,0,10,10,0,0
Trevor Kardell,122566,TE,KANSAS,10,0,0,198,,,74.8,59.9,,,74.1,,,42.4,0,1,55,0,0,57,23,0,0
Steven McBride,122570,WR,HAWAII,9,0,0,180,,,,57.7,,,61.3,44.4,,67.7,0,0,0,0,0,10,0,30,0
Jereme Robinson,122576,ED,KANSAS,13,0,0,198,59.9,,,,,,62.4,,,71.8,0,0,0,44,0,0,0,8,0
Quentin Skinner,122579,WR,KANSAS,5,0,0,198,,,,59.9,,,68.1,,,67.5,0,0,0,0,0,2,6,0,0
Caleb Taylor,122580,DI,KANSAS,6,0,0,198,59.6,,60.0,,,,62.1,,,65.6,0,0,8,1,0,0,0,3,0
Ty Bowman,122584,WR,KANSAS ST,12,2,0,199,,,,,,,50.3,,,53.5,4,2,0,0,78,57,51,47,2
C.J. Horton,122598,TE,E MICHIGAN,7,0,0,160,,,,,,,76.5,,,67.1,0,0,0,0,0,29,0,0,0
Max Marsh,122603,S,KANSAS ST,10,1,0,199,60.0,,,,,,69.3,,,68.9,0,0,0,1,61,0,0,0,1
Matthew Maschmeier,122604,S,KANSAS ST,13,1,0,199,60.0,,,,,,57.2,,,77.1,2,0,0,1,60,24,19,37,1
Nate Matlack,122605,ED,KANSAS ST,10,0,0,199,90.0,,,,,,91.0,,,66.5,0,0,0,16,0,0,0,2,0
Christian Moore,122608,FB,KANSAS ST,12,0,0,199,,,,59.9,,,62.9,,,72.8,0,0,0,0,0,56,0,0,0
Beau Palmer,122610,LB,KANSAS ST,13,5,0,199,59.1,,,,,,68.8,,,78.0,0,0,0,9,80,47,41,2,5
Sam Shields,122615,G,KANSAS ST,13,0,0,199,,,80.1,,,,66.3,,,64.6,0,0,73,0,0,0,0,0,0
Ben Sinnott,122616,TE,KANSAS ST,6,0,0,199,,,69.8,,,,63.1,,,62.3,0,0,29,0,0,2,5,0,0
TJ Smith,122618,S,GA SOUTHRN,12,0,0,174,60.0,,,,,,62.1,,,67.2,0,0,0,57,2,0,2,12,0
Cody Stufflebean,122619,ED,KANSAS ST,13,0,0,199,58.4,,77.8,,,,74.4,,,78.0,0,0,72,13,8,59,53,0,2
Will Swanson,122620,TE,KANSAS ST,13,0,0,199,,,77.0,,,,63.4,,,71.6,0,0,72,0,0,60,0,0,0
Tyrone Taleni,122621,DI,USC,8,0,0,326,57.9,,,,,,58.1,,,70.1,0,0,0,27,0,0,0,2,0
Carver Willis,122626,T,KANSAS ST,12,0,0,199,,,76.1,,,,65.9,,,76.6,0,0,64,0,0,0,0,0,0
Trey Amos,122628,CB,ALABAMA,14,0,0,103,60.3,,,,,,61.5,,,38.7,0,1,0,9,21,0,8,67,1
Caleb Anderson,122629,CB,LA LAFAYET,9,0,0,207,60.1,,,,,,66.6,,,70.6,0,0,0,18,6,0,0,2,1
Dontae Fleming,122634,WR,TULANE,6,0,0,319,,,,,,,60.3,45.0,,66.3,0,0,0,0,0,6,0,14,0
Courtline Flowers,122635,S,LA LAFAYET,11,0,1,207,59.7,,,,,,51.1,,,28.1,0,2,0,42,4,0,36,26,1
Rhett Guidry,122639,TE,LA LAFAYET,11,0,0,207,,,73.6,,,,71.3,,,71.0,0,0,49,0,0,61,0,0,0
Sonny Hazard,122641,DI,LA LAFAYET,11,0,0,207,57.9,,,,,,57.5,,,66.2,0,0,0,27,0,0,0,0,0
Caleb Kibodi,122645,LB,LA LAFAYET,13,1,0,207,60.1,,,,,,67.3,,,28.9,0,2,0,7,49,64,19,1,1
Kyren Lacy,122646,WR,LSU,1,0,0,211,,,,,,,60.0,,,62.1,0,0,0,0,1,0,0,0,0
Jordan Lawson,122647,ED,LA LAFAYET,12,0,0,207,59.1,,,,,,59.6,,,66.5,0,0,0,25,0,0,0,1,0
Mason Narcisse,122653,DI,LA LAFAYET,10,0,0,207,57.5,,,,,,57.0,,,67.8,0,0,0,40,0,0,0,2,0
Dominique Ratcliff,122655,DI,TEXAS ST,13,0,0,314,57.8,,78.0,,,,63.2,,,76.2,0,0,74,22,0,0,0,1,0
Tyree Skipper,122660,S,LA LAFAYET,13,0,0,207,59.8,,,,,,55.2,,,73.7,2,0,0,23,68,9,40,0,1
Jasper Williams,122661,LB,LA LAFAYET,13,0,0,207,59.7,,,,,,59.7,,,70.7,0,0,0,47,0,2,21,1,0
Ben Bell,122665,ED,TEXAS ST,12,0,0,314,59.2,,,,,,59.7,,,66.7,0,0,0,31,0,0,0,1,0
Jerren Gilbert,122673,G,LA TECH,4,0,0,208,,,60.0,,,,60.8,,,65.1,0,0,1,0,0,0,9,0,0
Tyler Grubbs,122674,LB,TULANE,13,0,0,319,60.0,,,,,,62.1,,,68.4,0,0,0,43,0,2,0,8,0
Bert Hale,122675,G,LA TECH,12,0,0,208,,,77.6,,,,65.5,,,64.5,0,1,53,0,0,0,0,0,0
Tre Harris,122676,WR,OLE MISS,2,0,0,226,,,,,,,60.0,,,62.9,0,0,0,0,0,2,0,0,0
Jamison Kelly,122678,CB,INDIANA,4,0,0,190,,,,,,,64.9,,,70.8,1,0,0,0,16,0,3,0,1
Ray Kelly,122679,C,LA TECH,12,0,0,208,,,,,,,59.1,,,64.2,0,0,0,0,0,0,53,0,0
Logan Klotz,122680,K,LA LAFAYET,1,0,0,207,,,,,49.2,,60.0,,,67.8,0,0,0,0,4,0,0,0,0
Keveion'ta Spears,122687,DI,MEMPHIS,8,0,0,218,58.4,,,,,,62.5,,,77.5,0,0,0,7,0,0,0,10,0
Dakota White,122688,T,LA TECH,11,0,0,208,,,72.7,,,,64.2,,,65.7,0,0,47,0,0,0,0,0,0
Cedric Woods,122690,CB,LA TECH,10,0,0,208,59.6,,,60.0,,,61.6,,,74.1,0,0,0,44,6,23,3,5,0
Kobe Baynes,122692,G,KANSAS,1,0,0,198,,,60.0,,,,60.0,,,63.4,0,0,1,0,0,0,0,0,0
Darrian Bell,122693,LB,LOUISVILLE,8,0,0,210,,,,,,,80.0,,,70.9,0,0,0,0,7,30,0,13,0
Henry Bryant,122696,DI,GA STATE,10,0,0,175,58.2,,,,,,58.1,,,67.0,0,0,0,33,0,0,0,0,0
Jatavian Churchill,122698,WR,LOUISVILLE,1,0,0,210,,,,,,,60.0,,,64.6,0,0,0,0,1,0,0,0,0
K.J. Cloyd,122699,LB,MIAMI FL,13,1,0,220,59.9,,,,,,63.3,,,77.1,0,0,0,18,57,8,20,42,0
Austin Collins,122700,G,LOUISVILLE,13,0,0,210,,,79.2,,,,66.8,,,75.0,0,0,73,0,0,0,0,0,0
Jared Dawson,122703,DI,LOUISVILLE,10,0,0,210,58.0,,,,,,59.5,,,69.0,0,0,0,18,0,0,0,9,0
Christian Fitzpatrick,122707,WR,MICH STATE,6,0,0,223,,,,,,,51.0,,,28.8,0,1,0,0,0,30,9,14,0
Marqui Lowery Jr.,122714,CB,MICH STATE,3,0,0,223,60.0,,,,,,62.2,,,68.5,0,0,0,4,6,0,0,5,0
Duane Martin,122716,FB,LOUISVILLE,13,0,0,210,,,,,,,60.9,,,71.3,1,0,0,0,1,47,44,0,0
Mason Reiger,122721,ED,LOUISVILLE,8,0,0,210,58.9,,,,,,60.0,,,66.7,0,0,0,19,0,0,0,5,0
Dezmond Tell,122726,DI,LOUISVILLE,14,0,0,210,57.6,,,,,,58.5,,,68.4,0,0,0,29,0,0,0,10,0
Brock Travelstead,122727,K,LOUISVILLE,14,0,0,210,,70.3,,,87.1,,64.3,,43.7,78.2,1,0,65,0,70,0,28,0,0
Greedy Vance Jr.,122729,CB,FLORIDA ST,14,0,1,167,60.0,,,,,,33.9,,,27.9,0,3,0,47,2,0,1,24,0
Jordan Watkins,122730,WR,OLE MISS,13,0,0,226,,,,,,,67.3,78.5,,83.0,0,0,0,0,0,3,0,54,0
Kam Wilson,122732,ED,LOUISVILLE,10,0,0,210,59.2,,,,,,65.1,,,69.6,0,0,0,6,6,26,0,3,0
CJ Garnett,122745,S,N TEXAS,12,0,0,251,,,,,,,66.5,,,80.0,1,0,0,0,79,0,30,47,1
Jose Pizano,122764,K,UNLV,14,0,0,325,,92.6,,,60.0,,61.8,,,68.2,0,0,84,0,1,0,0,0,0
Jonathan Adorno,122818,G,N CAROLINA,10,0,0,245,,,72.0,,,,55.9,,,72.3,0,0,36,0,0,0,38,0,0
Kedrick Bingley-Jones,122821,DI,N CAROLINA,2,0,0,245,,,,,,,61.4,,,66.6,0,0,0,0,0,0,0,3,0
Jalen Brooks,122823,LB,N CAROLINA,13,0,0,245,,,,59.9,,,69.7,,,78.9,1,0,0,0,83,65,0,43,1
Noah Burnette,122825,K,N CAROLINA,11,0,0,245,59.6,89.6,,,56.1,,61.4,,,68.3,0,0,63,1,5,0,0,0,0
Chance Carroll,122826,C,N CAROLINA,2,0,0,245,,,60.0,,,,60.0,,,61.1,0,0,2,0,0,0,0,0,0
John Copenhaver,122828,TE,N CAROLINA,12,0,0,245,,,61.3,,,,54.3,,,75.8,0,0,9,0,76,4,19,0,1
Desmond Evans,122833,ED,N CAROLINA,13,0,0,245,59.2,,,,,,49.4,,,28.1,0,1,0,36,0,2,0,3,0
Stephen Gosnell,122834,WR,VA TECH,11,0,0,337,,,,,,,76.2,,,75.0,0,0,0,0,1,43,0,0,0
Cedric Gray,122835,LB,N CAROLINA,12,0,0,245,60.7,,,,,,68.3,,,70.7,0,0,0,55,0,2,0,52,0
Elijah Green,122836,HB,N CAROLINA,5,0,0,245,,,,,,,56.7,,,72.5,0,0,0,0,14,11,6,7,0
Christopher Holliday,122838,S,N CAROLINA,11,0,0,245,,,,,,,69.1,,,70.9,0,0,0,0,0,0,3,37,0
D.J. Jones,122840,CB,N CAROLINA,13,1,0,245,60.2,,,57.9,,,71.4,,,84.1,0,0,0,16,77,48,47,32,3
Kendall Karr,122841,TE,COAST CAR,13,0,0,141,,,75.6,,,,58.8,,,68.7,0,0,60,0,1,11,35,0,0
Malik McGowan,122842,G,N CAROLINA,13,0,0,245,,,80.3,,,,65.9,,,66.4,0,0,75,0,0,0,34,0,0
Myles Murphy,122843,DI,N CAROLINA,12,0,0,245,57.9,,,,,,48.4,,,28.0,0,1,0,37,0,0,0,2,0
Kaimon Rucker,122847,ED,N CAROLINA,13,0,0,245,59.4,,,,,,61.5,,,68.5,0,0,0,60,0,2,0,12,0
Spencer Triplett,122849,LS,N CAROLINA,13,0,0,245,,,90.0,,,76.2,69.6,,,63.8,0,0,75,0,0,0,0,0,0
Rakeim Ashford,122852,S,NC STATE,4,0,0,248,60.0,,,,,,39.8,,,68.8,0,1,0,2,8,3,0,7,0
Devon Betty,122853,LB,NC STATE,13,0,0,248,59.6,,,,,,53.9,,,74.6,0,0,0,28,28,32,0,12,1
Nick Booker-Brown,122854,DI,UTSA,7,0,0,331,58.5,,,,,,58.3,,,64.6,0,0,0,10,0,0,0,0,0
Devan Boykin,122855,S,NC STATE,10,1,0,248,60.1,,,,,,45.1,,,65.4,1,0,0,31,15,1,0,0,0
Anthony Carter Jr.,122856,G,NC STATE,13,0,0,248,,,77.7,,,,66.1,,,73.0,0,0,63,0,0,0,0,0,0
Jalen Coit,122858,WR,NC STATE,13,0,0,248,,,,,,,62.0,75.3,,69.6,0,0,0,0,0,3,1,77,0
Josh Crabtree,122859,WR,NC STATE,12,0,0,248,,,,,,,68.3,,,78.0,0,1,0,0,1,38,18,48,1
Ben Finley,122864,QB,CAL,1,0,0,130,,,,,,,60.0,,,23.1,0,1,0,0,0,0,0,0,0
Claude Larkins,122872,ED,FIU,8,0,0,166,58.6,,,,,,59.2,,,67.4,0,0,0,24,0,0,0,3,0
Patrick Matan,122873,T,NC STATE,13,0,0,248,,,76.5,,,,63.6,,,71.4,0,0,63,0,0,0,71,0,0
Matt McCabe,122874,G,NC STATE,13,0,0,248,,,76.5,,,,56.2,,,74.5,2,0,63,0,0,0,68,0,0
Nehki Meredith,122875,CB,JAMES MAD,1,0,0,197,59.9,,,,,,60.1,,,64.5,0,0,0,2,0,0,0,0,0
Jayland Parker,122879,LB,NC STATE,12,0,0,248,,,,,,,73.3,,,76.2,1,0,0,0,53,34,0,11,1
Porter Rooks,122883,WR,NC STATE,3,0,0,248,,,,,,,60.1,,,64.0,0,0,0,0,0,3,0,0,0
Christopher Scott Jr.,122884,WR,NC STATE,3,0,0,248,,,,,,,81.0,,,65.5,0,0,0,0,0,0,2,2,1
Anthony Smith,122885,WR,NC STATE,9,0,1,248,,,,61.8,,,61.0,,,29.9,0,1,0,0,0,28,25,41,1
Davin Vann,122887,ED,NC STATE,12,0,0,248,59.1,,,,,,60.3,,,70.7,0,0,0,34,0,0,0,13,0
Aydan White,122889,CB,NC STATE,12,0,0,248,59.5,,,,,,61.8,,,73.2,0,0,0,42,0,0,0,13,0
Tosh Baker,122892,T,NOTRE DAME,13,0,0,258,,,80.5,,,,67.3,,,75.8,0,0,87,0,0,0,0,0,0
Jordan Botelho,122894,ED,NOTRE DAME,12,0,0,258,60.1,,,,,,63.3,,,70.4,0,0,0,33,1,0,0,13,0
Jay Brunelle,122895,WR,BOSTON COL,2,0,0,121,,,,,,,60.6,,,67.4,0,0,0,0,0,0,3,2,0
Ramon Henderson,122901,S,NOTRE DAME,12,0,0,258,60.2,,,,,,64.2,,,81.3,1,0,0,11,34,0,14,27,1
Aidan Keanaaina,122903,DI,NOTRE DAME,1,0,0,258,59.6,,,,,,59.8,,,62.4,0,0,0,1,0,0,0,0,0
Chase Ketterer,122904,HB,NOTRE DAME,3,0,0,258,,,,,,,75.5,,,67.6,0,0,0,0,0,9,0,0,0
Clarence Lewis,122905,S,NOTRE DAME,13,0,0,258,,,,,,,60.4,,,82.9,1,0,0,0,87,1,4,36,0
Rylie Mills,122907,DI,NOTRE DAME,12,0,0,258,57.5,,,,,,57.7,,,69.4,0,0,0,47,0,0,0,8,0
Caleb Offord,122908,CB,BUFFALO,4,0,0,126,90.1,,,,,,90.6,,,70.0,0,0,0,28,0,0,0,1,0
Drew Pyne,122910,QB,ARIZONA ST,1,0,0,110,,,,,,,60.0,,,63.3,0,0,0,0,0,0,1,0,0
Eddie Scheidler,122911,S,NOTRE DAME,3,0,0,258,,,,,,,62.6,,,67.5,0,0,0,0,4,0,0,3,0
Chris Tyree,122913,WR,NOTRE DAME,12,0,0,258,60.0,,,,,,62.0,54.3,,68.2,0,0,0,1,3,1,0,52,0
Xavier Watts,122914,S,NOTRE DAME,13,0,0,258,60.0,,,61.8,,,64.4,,,73.6,0,0,0,43,18,4,0,21,0
Brennan Wicks,122915,C,NOTRE DAME,1,0,0,258,,,60.0,,,,60.0,,,60.9,0,0,2,0,0,0,0,0,0
Nate Anderson,122916,G,OKLAHOMA,12,0,0,261,,,79.5,,,,66.6,,,77.8,0,0,87,0,0,0,22,0,0
Noah Arinze,122917,ED,NEW MEX ST,6,0,0,242,59.4,,,,,,59.6,,,64.9,0,0,0,12,0,0,0,0,0
Jalin Conyers,122920,TE,ARIZONA ST,3,0,0,110,,,,,,,59.8,,,66.9,0,0,0,0,0,0,3,0,0
Kendall Dennis,122923,CB,USF,4,0,0,327,59.9,,,,,,57.2,,,73.7,0,0,0,1,8,13,11,14,0
Joshua Eaton,122924,CB,TEXAS ST,11,0,0,314,59.7,,,,,,61.5,,,70.7,0,0,0,29,0,1,0,3,0
Josh Ellison,122925,DI,MEMPHIS,13,0,0,218,57.5,,,,,,58.7,,,74.9,0,0,0,54,0,1,0,16,0
Reggie Grimes II,122927,ED,OKLAHOMA,1,0,0,261,,,,,,,60.0,,,64.1,0,0,0,0,0,0,0,1,0
Justin Harrington,122928,S,OKLAHOMA,2,0,0,261,60.0,,,,,,61.0,,,70.3,0,0,0,4,4,0,6,1,0
Pierce Hudgens,122932,CB,OKLAHOMA,5,0,0,261,,,,,,,63.5,,,67.3,0,0,0,0,17,0,0,6,0
Ethan Lane,122934,LS,OKLAHOMA,1,0,0,261,,,60.0,,,67.6,60.9,,,61.2,0,0,2,0,0,0,0,0,0
Andrew Raym,122940,C,OKLAHOMA,3,0,0,261,,,60.0,,,,59.5,,,66.9,0,0,3,0,0,0,1,0,0
Zach Schmit,122941,K,OKLAHOMA,13,0,0,261,,73.8,,,79.6,,64.3,,,77.9,0,0,89,0,93,0,0,0,1
Jackson Sumlin,122943,TE,FAU,3,0,0,165,,,,,,,57.0,,,67.8,0,0,0,0,1,17,0,2,0
Shane Whitter,122949,LB,OKLAHOMA,13,0,0,261,,,,,,,51.0,,,77.6,1,0,0,0,90,67,0,16,0
Cade Bennett,122956,G,S DIEGO ST,3,0,0,284,,,67.6,,,,63.4,,,70.1,0,0,16,0,0,0,0,0,0
Korie Black,122958,CB,OKLA STATE,13,0,0,262,90.6,,,,,,91.0,,,29.1,0,1,0,42,0,1,0,9,0
Constantino Borrelli,122960,LB,OKLA STATE,14,0,0,262,,,,,,,64.1,,,77.5,1,0,0,0,82,23,0,1,1
DeSean Buckner,122961,CB,OKLA STATE,1,0,0,262,,,,,,,68.6,,,64.5,0,0,0,0,2,0,0,0,1
Cale Cabbiness,122962,WR,OKLA STATE,6,0,0,262,,,,,,,82.2,,,70.2,0,0,0,0,0,37,0,0,0
Mason Cobb,122963,LB,USC,11,0,0,326,59.5,,,,,,54.0,,,40.8,0,1,0,57,1,10,29,6,0
Bo Hardy,122970,LB,OKLA STATE,10,1,0,262,,,,,,,70.4,,,69.8,0,0,0,0,31,2,0,0,0
Jabbar Muhammad,122978,CB,WASHINGTON,13,0,0,340,60.3,,,,,,65.0,,,82.2,0,0,0,42,8,0,1,20,0
Rashod Owens,122979,WR,OKLA STATE,5,0,0,262,,,,,,,60.0,,,67.6,0,0,0,0,0,14,0,0,0
Brennan Presley,122982,WR,OKLA STATE,14,0,0,262,,,,55.8,,,59.5,63.2,,70.6,0,0,0,0,0,61,15,64,0
Jordan Reagan,122984,CB,OKLA STATE,10,0,0,262,,,,,,,63.0,,,71.3,0,0,0,0,29,3,0,11,0
Dominic Richardson,122985,HB,BAYLOR,1,0,0,118,,,,,,,60.0,,,67.5,0,0,0,0,0,0,0,1,0
Jeff Roberson,122986,LB,OKLA STATE,14,1,0,262,60.1,,,,,,67.8,,,90.0,1,0,0,5,79,72,66,60,2
Eli Russ,122987,C,TROY,1,0,0,318,,,,,,,60.0,,,63.3,0,0,0,0,0,0,1,0,0
Nick Session,122990,S,OKLA STATE,11,0,0,262,,,,,,,70.0,,,77.2,0,0,0,0,52,8,1,24,4
Quinton Stewart,122993,TE,OKLA STATE,14,0,0,262,,,77.8,59.9,,,75.1,,,75.3,0,0,76,0,0,75,66,0,0
Zeke Zaragoza,122998,LS,OKLA STATE,14,0,0,262,,,78.6,,,52.6,58.6,,,28.5,0,1,79,0,0,0,0,0,0
Jaylon Barden,123002,WR,GA SOUTHRN,2,0,0,174,,,,,,,60.0,50.0,,62.7,0,0,0,0,0,1,0,1,0
Luke DelGaudio,123006,LB,PITTSBURGH,1,0,0,268,,,,,,,60.0,,,62.4,0,0,0,0,1,0,0,0,0
Solomon DeShields,123007,LB,PITTSBURGH,12,0,0,268,60.2,,,,,,61.0,,,72.8,1,0,0,37,32,0,0,9,0
Byron Floyd,123008,LS,PITTSBURGH,12,0,0,268,,,66.7,,,56.7,64.3,,,67.5,3,0,44,0,0,0,63,0,3
Cam Guess,123009,P,PITTSBURGH,12,0,0,268,,,65.9,,,,61.9,,,61.1,0,0,44,0,0,0,0,0,0
Dayon Hayes,123010,ED,PITTSBURGH,12,0,0,268,58.7,,,,,,51.0,,,28.5,0,1,0,37,0,0,0,13,0
Bangally Kamara,123012,LB,PITTSBURGH,9,0,0,268,59.7,,,,,,62.2,,,66.9,0,0,0,34,1,0,0,11,0
Buddy Mack III,123015,S,PITTSBURGH,12,0,0,268,59.9,,,,,,55.8,,,79.8,1,1,0,1,41,59,16,7,0
Jake McConnachie,123016,WR,PITTSBURGH,1,0,0,268,,,,,,,60.0,,,62.7,0,0,0,0,0,1,0,0,0
Jahvante Royal,123020,CB,PITTSBURGH,12,1,0,268,,,,,,,63.1,,,75.1,0,0,0,0,0,0,21,28,0
Ben Sauls,123021,K,PITTSBURGH,12,0,0,268,,77.4,,,82.4,,63.3,,,74.7,1,0,44,0,52,0,0,0,0
Hunter Sellers,123023,CB,NEW MEXICO,7,0,0,241,59.8,,,,,,70.0,,,73.6,0,0,0,6,33,0,20,8,4
Branson Taylor,123026,T,PITTSBURGH,4,0,0,268,,,67.1,,,,63.1,,,65.9,0,0,19,0,0,0,0,0,0
Chase Atkinson,123030,CB,COAST CAR,5,0,0,141,60.0,,,,,,54.3,,,66.3,0,0,0,2,3,9,0,0,0
Justin Barron,123032,S,SYRACUSE,13,0,0,304,59.5,,65.3,,,,64.8,,,79.7,1,0,38,53,0,1,55,49,0
Ja'Had Carter,123033,S,OHIO STATE,9,0,0,260,60.0,,,,,,70.4,,,72.9,0,0,0,1,31,13,0,20,0
Ryan Dolan,123035,LB,SYRACUSE,13,0,0,304,,,,,,,76.2,,,77.6,1,0,0,0,63,69,12,28,3
Josh Ilaoa,123039,G,SYRACUSE,12,0,0,304,,,76.9,,,,60.2,,,28.7,0,1,54,0,0,0,0,0,0
Leon Lowery Jr.,123045,ED,SYRACUSE,12,0,0,304,60.2,,,,,,67.4,,,69.9,0,0,0,37,0,4,0,8,0
Maximilian Mang,123048,TE,SYRACUSE,13,0,0,304,,,74.7,59.9,,,66.9,,,72.4,0,0,54,0,0,68,12,0,0
Trebor Pena,123051,WR,SYRACUSE,1,0,0,304,,,,,,,60.1,63.0,,64.1,0,0,0,0,0,1,0,3,0
Mark Petry,123053,T,SYRACUSE,11,0,0,304,,,72.9,,,,65.3,,,75.0,0,0,40,0,0,0,0,0,0
Anwar Sparrow,123054,ED,SYRACUSE,10,0,0,304,59.3,,,,,,79.5,,,74.2,0,0,0,11,0,0,46,13,4
Stefon Thompson,123055,ED,SYRACUSE,12,0,0,304,60.0,,,,,,62.6,,,72.3,0,0,0,24,0,1,0,10,0
Marlowe Wax,123057,LB,SYRACUSE,13,0,0,304,59.4,,,,,,59.7,,,74.4,1,0,0,53,0,0,62,17,1
Elijah Wright,123060,FB,SYRACUSE,9,0,0,304,,,,59.9,,,61.2,,,70.6,0,0,0,0,1,50,0,0,0
Altrique Barlow,123061,G,MARSHALL,10,0,0,214,,,74.9,,,,64.4,,,71.5,0,0,44,0,0,0,49,0,0
Lex Boucvalt,123063,WR,OLE MISS,1,0,0,226,,,,,,,60.0,,,63.4,0,0,0,0,1,0,0,0,0
Bud Clark,123066,CB,TCU,12,0,0,305,59.4,,,,,,53.0,,,72.5,0,1,0,35,8,0,0,27,0
Khari Coleman,123067,LB,OLE MISS,13,0,0,226,60.2,,,,,,67.2,,,73.3,0,0,0,17,32,37,0,8,2
Chase Curtis,123069,TE,TCU,8,1,0,305,,,,,,,66.0,,,28.4,0,1,0,0,12,38,24,0,1
Tyler Guyton,123076,T,OKLAHOMA,9,0,0,261,,,74.4,,,,64.0,,,66.1,0,0,58,0,0,0,1,0,0
Garrett Hayes,123079,G,TCU,12,0,0,305,,,75.6,,,,60.1,,,67.8,1,0,67,0,0,0,38,0,0
Jamoi Hodge,123081,LB,TCU,12,0,0,305,59.8,,,,,,61.3,,,69.6,0,0,0,59,0,0,0,4,0
Keontae Jenkins,123083,CB,COAST CAR,7,0,0,141,59.7,,,,,,63.7,,,72.6,0,0,0,6,0,0,0,21,0
Patrick Jenkins,123084,DI,TULANE,13,0,0,319,56.9,,,,,,56.5,,,70.1,0,0,0,52,0,0,0,7,0
Jai'Onte' McMillan,123089,CB,TCU,12,1,0,305,59.9,,,,,,66.5,,,81.0,1,0,0,4,57,0,35,37,2
Caleb Medford,123090,WR,NEW MEXICO,10,0,0,241,,,,59.9,,,64.5,,,74.5,0,0,0,0,1,16,0,19,0
Michael Nichols,123094,T,TCU,12,0,0,305,,,77.3,,,,66.6,,,77.6,0,0,67,0,0,0,0,0,0
Blake Nowell,123095,WR,TCU,12,1,0,305,,,,,,,62.0,,,80.3,1,0,0,0,64,68,0,35,1
Savion Williams,123101,WR,TCU,1,0,0,305,,,,,,,60.0,,,62.2,0,0,0,0,0,1,0,0,0
Jahdae Barron,123105,S,TEXAS,1,0,0,311,,,,,,,60.0,,,61.6,0,0,0,0,0,0,0,1,0
Vernon Broughton,123107,DI,TEXAS,4,0,0,311,59.2,,,,,,59.4,,,65.0,0,0,0,9,0,0,0,0,0
Alfred Collins,123110,DI,TEXAS,8,0,0,311,58.4,,,,,,58.9,,,67.6,0,0,0,25,0,0,0,6,0
Kitan Crawford,123111,S,TEXAS,13,1,0,311,59.6,,,,,,71.1,,,58.9,2,1,0,42,78,49,31,63,3
Moochie Dixon,123112,WR,SMU,10,0,0,287,,,,61.6,,,61.3,,,72.5,0,0,0,0,2,21,2,8,0
Prince Dorbah,123113,ED,ARIZONA ST,10,0,0,110,59.1,,,,,,65.3,,,74.0,1,0,0,33,0,0,24,11,2
Jaylan Ford,123114,LB,TEXAS,14,0,1,311,59.9,,,,,,49.1,,,28.2,0,1,0,47,0,1,13,6,0
Jaylen Garth,123115,T,HOUSTON,8,0,0,182,,,68.8,,,,63.4,,,63.8,0,0,28,0,0,0,0,0,0
Ja'Quinden Jackson,123119,HB,UTAH,1,0,0,328,,,,,,,60.0,,,63.6,0,0,0,0,0,4,0,0,0
Tannahill Love,123122,LB,TEXAS,1,0,0,311,,,,,,,29.8,,,62.8,1,0,0,0,1,0,0,0,0
Jake Majors,123123,C,TEXAS,10,0,0,311,,,78.7,,,,66.6,,,74.7,0,0,69,0,0,0,0,0,0
Troy Omeire,123124,WR,ARIZONA ST,8,0,0,110,,,,,,,55.6,,,73.0,0,1,0,0,1,29,4,20,0
Logan Parr,123125,G,SMU,11,0,0,287,,,77.5,,,,64.5,,,74.1,0,0,59,0,0,0,4,0,0
Jerrin Thompson,123128,S,TEXAS,14,2,0,311,60.0,,,,,,67.8,,,44.0,1,1,0,11,10,24,41,11,1
Philip Blidi,123132,DI,INDIANA,12,0,0,190,57.9,,,,,,58.1,,,70.3,0,0,0,46,0,0,0,2,0
Tahj Brooks,123133,HB,TEXAS TECH,1,0,0,315,,,,,,,60.0,,,63.2,0,0,0,0,0,1,0,0,0
Ethan Carde,123135,T,BOISE ST,13,0,0,120,,,77.4,,,,66.2,,,73.8,0,0,71,0,0,0,0,0,0
Nathaneal Floyd,123138,CB,TEXAS TECH,1,0,0,315,,,,,,,60.0,,,64.5,0,0,0,0,0,0,0,1,0
Loic Fouonji,123139,WR,TEXAS TECH,13,0,0,315,,,,,,,79.0,,,42.2,0,3,0,0,0,70,0,51,0
Trent Low,123146,LB,TEXAS TECH,1,0,0,315,59.8,,,,,,69.3,,,67.5,0,0,0,2,5,5,4,0,0
Kobee Minor,123148,CB,INDIANA,11,0,1,190,59.6,,,,,,54.6,,,29.3,0,1,0,52,1,0,2,10,0
Larry Moore III,123149,T,N TEXAS,12,0,0,251,,,76.9,,,,66.3,,,75.7,0,0,65,0,0,0,0,0,0
Joseph Plunk,123152,S,TEXAS TECH,11,0,0,315,,,,,,,43.7,,,79.4,4,0,0,0,62,0,0,45,1
Ja'Lynn Polk,123153,WR,WASHINGTON,9,0,0,340,,,,,,,72.1,,,74.3,0,0,0,0,1,3,0,22,0
Myles Price,123155,WR,TEXAS TECH,10,0,0,315,,,,,,,61.3,70.2,,67.8,0,0,0,0,0,1,0,51,0
Bryce Ramirez,123156,LB,TEXAS TECH,8,0,0,315,60.1,,,,,,62.8,,,68.5,0,0,0,18,12,0,0,2,0
Caleb Rogers,123157,T,TEXAS TECH,13,0,0,315,,,76.0,,,,65.8,,,76.0,0,0,62,0,0,0,0,0,0
JJ Sparkman,123158,WR,TEXAS TECH,12,0,1,315,,,,,,,56.8,,,44.8,3,1,0,0,0,67,51,47,0
Cameron Watts,123160,CB,TEXAS TECH,13,2,0,315,60.0,,,,,,59.4,,,32.1,2,2,0,6,63,0,52,34,3
Jayden York,123162,TE,TEXAS TECH,12,0,1,315,,,68.4,59.6,,,57.2,,,29.1,0,2,24,0,0,62,48,36,0
Angelo Anderson,123208,ED,TULANE,2,0,0,319,,,,,,,60.1,,,63.1,0,0,0,0,0,0,2,0,0
Reggie Brown,123211,TE,TULANE,3,0,0,319,,,60.7,,,,61.3,,,63.5,0,0,8,0,0,5,0,0,0
Brandon Brown,123212,DI,UTSA,13,0,0,331,57.8,,,,,,57.3,,,66.8,0,0,0,34,0,0,0,0,0
Adonis Friloux,123216,DI,TULANE,1,0,0,319,59.9,,,,,,60.0,,,61.1,0,0,0,1,0,0,0,0,0
Rashad Green,123217,T,TULANE,7,0,0,319,,,73.8,,,,64.4,,,63.6,0,0,32,0,0,0,0,0,0
Kevaris Hall,123218,S,SMU,8,0,0,287,60.0,,,,,,62.0,,,73.5,0,0,0,1,26,3,0,28,0
Shi'Keem Laister,123221,LB,TULANE,14,1,0,319,60.2,,,63.0,,,81.7,63.2,,86.9,2,0,0,9,71,62,47,44,4
Gabe Liu,123222,S,TULANE,1,0,0,319,,,,,,,60.0,,,63.4,0,0,0,0,1,0,0,0,0
Matt Lombardi,123223,T,TULANE,7,0,0,319,,,68.8,,,,63.5,,,66.2,0,0,27,0,0,0,0,0,0
Jesus Machado Jr.,123224,LB,TULANE,13,0,0,319,59.7,,,,,,57.1,,,67.4,0,0,0,44,8,2,2,7,0
Reggie Neely,123227,CB,S ALABAMA,12,0,0,288,60.0,,,,,,70.0,,,77.3,0,0,0,1,7,0,1,50,0
Rishi Rattan,123230,CB,TULANE,10,0,0,319,,,,,,,55.2,,,27.8,0,1,0,0,4,0,0,25,0
Josh Remetich,123232,G,TULANE,8,0,0,319,,,71.6,,,,64.0,,,66.2,0,0,40,0,0,0,0,0,0
Noah Taliancich,123235,DI,TULANE,11,0,0,319,,,,,,,61.0,,,65.9,0,0,0,0,0,8,43,0,0
Trey Tuggle,123236,T,TULANE,14,0,0,319,,,77.3,,,,66.2,,,75.5,0,0,68,0,0,0,0,0,0
Phat Watts,123238,WR,TULANE,3,0,0,319,,,,,,,63.4,,,69.5,0,0,0,0,0,12,0,10,0
Kamdyn Benjamin,123241,WR,TULSA,12,0,0,320,,,,66.4,,,58.3,71.4,,72.7,0,0,0,0,0,70,0,43,0
Gabe Cantu,123243,C,TULSA,7,0,0,320,,,71.2,,,,64.7,,,73.3,0,0,33,0,0,0,0,0,0
Malachai Jones,123252,WR,TULSA,2,0,0,320,,,,,,,61.0,63.8,,66.8,0,0,0,0,4,4,0,5,0
Jaden Muskrat,123256,T,AUBURN,13,0,0,115,,,73.9,,,,64.5,,,66.1,0,0,54,0,0,0,0,0,0
Sean O'Keefe,123257,S,TULSA,8,0,0,320,60.0,,,,,,59.9,,,73.7,1,0,0,1,28,0,3,20,3
Everitt Rogers,123261,DI,TULSA,12,0,0,320,57.7,,,,,,57.6,,,67.7,0,0,0,38,0,0,0,6,0
Bayne Tryon,123263,TE,TULSA,11,0,0,320,,,,,,,70.3,,,72.0,0,0,0,0,0,28,0,37,0
Lachlan Wilson,123268,P,CAL,13,0,0,130,,,67.2,,,,63.5,,58.7,72.2,1,0,63,0,0,0,54,0,1
Brian Battie,123274,HB,AUBURN,13,0,0,115,,,,59.0,,,67.7,,,65.0,0,0,0,0,0,63,2,1,0
Bryce Bernard,123275,LS,USF,13,1,0,327,,,71.0,,,64.7,66.9,,,67.3,1,0,68,0,0,0,57,0,0
Mac Harris,123285,LB,USF,12,0,0,327,59.8,,,60.0,,,62.1,,,29.9,0,1,0,29,20,41,0,15,1
Tramel Logan,123287,ED,USF,12,0,0,327,58.6,,,,,,59.9,,,76.4,0,0,0,40,6,0,0,1,0
Christopher Townsel,123295,S,USF,13,1,0,327,60.0,,,,,,57.9,,,56.4,1,1,0,31,59,12,52,17,2
Holden Willis,123297,WR,MIDDLE TN,5,0,0,224,,,60.0,59.9,,,68.7,,,69.1,0,0,5,0,0,18,5,1,1
Yasias Young,123298,HB,USF,11,0,0,327,,,,,,,65.4,,,78.4,0,0,0,0,39,65,15,29,0
Walker Baty,123299,T,UTSA,13,0,0,331,,,76.6,,,,64.5,,,66.5,0,0,68,0,0,0,32,0,0
Gregory Clayton Jr.,123302,WR,LSU,13,0,0,211,,,,62.5,,,61.3,71.0,,67.5,0,0,0,0,0,6,0,40,0
Kaedric Cobbs,123303,HB,UTSA,13,0,0,331,,,,,,,69.7,,,75.1,0,0,0,0,0,66,0,47,0
Cade Collenback,123304,LS,UTSA,13,0,0,331,,,71.0,,,65.6,62.5,,,67.0,0,0,68,0,0,0,52,0,0
Je'Vaun Dabon,123305,S,UTSA,6,0,0,331,60.0,,,,,,66.1,,,69.1,0,0,0,1,2,0,0,17,0
Dan Dishman,123308,TE,UTSA,1,0,0,331,,,,,,,60.0,,,63.0,0,0,0,0,0,1,0,0,0
Jamal Ligon,123320,LB,UTSA,13,0,0,331,59.6,,,,,,62.7,,,72.5,0,0,0,48,1,1,10,44,0
Avery Morris,123323,LB,UTSA,13,0,0,331,60.5,,,,,,45.8,,,32.4,0,1,0,30,9,0,51,7,0
Jaren Randle,123327,WR,UTSA,12,0,0,331,,,,,,,65.5,,,80.1,0,0,0,0,0,59,0,23,0
Asyrus Simon,123332,ED,UTSA,8,0,0,331,58.8,,,,,,60.1,,,66.6,0,0,0,12,0,0,0,5,0
Xavier Spencer,123334,CB,UTSA,3,0,0,331,,,,,,,61.0,,,72.2,1,0,0,0,0,0,11,17,1
Donyai Taylor,123335,LB,UTSA,13,1,0,331,59.8,,,,,,62.9,,,29.5,0,1,0,44,28,0,0,28,1
Kyle Wakefield,123337,LB,UTSA,13,0,0,331,,,,,,,61.8,,,82.3,2,0,0,0,74,59,47,59,2
Derrell Bailey Jr.,123340,T,USF,9,0,0,327,,,73.4,,,,65.3,,,74.5,0,0,43,0,0,0,0,0,0
Jordan Brunson,123342,HB,MIAMI OH,4,0,0,221,,,,,,,68.5,,,66.9,0,0,0,0,0,17,0,0,0
Alec Bryant,123343,ED,ILLINOIS,9,0,0,187,59.6,,,,,,59.9,,,64.8,0,0,0,20,0,0,0,0,0
Nikolai Bujnowski,123344,C,BOISE ST,14,0,0,120,,,24.9,,,,44.6,,,71.9,0,0,77,0,0,0,0,0,0
Parker Clements,123345,T,VA TECH,5,0,0,337,,,70.3,,,,64.1,,,73.3,0,0,28,0,0,0,0,0,0
Cody Duncan,123348,FB,TENNESSEE,2,0,0,307,,,,,,,56.4,,,65.4,0,0,0,0,0,5,0,0,0
Keonta Jenkins,123352,S,VA TECH,13,0,0,337,60.1,,,,,,71.2,,,78.3,0,0,0,35,11,0,0,51,0
Marco Lee,123355,HB,S ALABAMA,11,0,0,288,,,,,,,68.3,,,68.2,0,0,0,0,0,50,0,0,0
Kyle Lowe,123356,K,VA TECH,13,0,0,337,,,,,82.0,,64.0,,,78.8,1,0,0,0,78,0,0,0,0
Peter Moore,123358,P,VA TECH,13,0,0,337,,,67.5,,,,57.8,,68.4,30.0,0,1,68,0,0,0,60,0,1
Wilfried Pene,123360,DI,VA TECH,9,0,0,337,58.6,,,,,,58.9,,,65.7,0,0,0,12,0,0,0,1,0
Dorian Strong,123366,CB,VA TECH,13,0,0,337,59.3,,,,,,66.9,,,82.6,0,0,0,47,55,2,0,14,1
Dallan Wright,123369,WR,JVILLE ST,4,0,0,196,,,,,,,59.1,,,65.6,0,0,0,0,0,8,1,0,0
Nick Andersen,123370,S,WAKE,12,0,0,339,59.9,,,,,,64.0,,,83.4,3,0,0,23,56,60,57,46,2
Jahmal Banks,123373,WR,WAKE,11,0,0,339,59.6,,,,,,71.6,,,73.7,0,0,0,2,2,0,0,35,0
Trey Boll,123375,TE,WAKE,8,0,0,339,,,,59.9,,,67.2,,,70.4,0,0,0,0,0,42,0,0,0
Caelen Carson,123377,CB,WAKE,11,0,0,339,59.7,,,,,,47.5,,,28.2,0,2,0,49,2,0,0,33,0
Will Cobb,123379,LS,WAKE,12,0,0,339,,,78.9,,,80.1,70.8,,,67.1,1,0,45,0,0,0,58,0,0
Quinton Cooley,123380,HB,LIBERTY,2,0,0,206,,,,,,,59.5,,,67.9,0,0,0,0,0,0,5,1,0
Wyatt Crespi,123381,DI,WAKE,1,0,0,339,59.4,,,,,,59.7,,,63.1,0,0,0,1,0,0,0,0,0
Jasheen Davis,123382,ED,WAKE,12,0,0,339,59.0,,,,,,60.8,,,70.1,0,0,0,59,0,0,0,10,0
Justice Ellison,123383,HB,WAKE,4,0,0,339,,,,,,,57.2,,,70.8,0,0,0,0,0,24,0,0,0
Christian Forbes,123384,C,WAKE,7,0,0,339,,,69.4,,,,63.4,,,62.7,0,0,28,0,0,0,0,0,0
Gavin Holmes,123389,CB,TEXAS,13,0,0,311,59.9,,,,,,64.7,,,79.8,0,0,0,1,86,3,0,58,3
Ahmani Marshall,123391,HB,APP STATE,14,0,0,108,,,,,,,50.9,,,75.8,1,0,0,0,73,14,2,38,1
Luke Petitbon,123396,C,WAKE,11,0,0,339,,,69.3,,,,60.9,,,69.8,0,0,19,0,0,0,52,0,0
J.J. Roberts,123399,S,MARSHALL,9,0,0,214,59.9,,,,,,64.1,,,68.1,0,0,0,46,3,0,0,22,0
George Sell,123401,G,WAKE,12,0,0,339,,,74.3,,,,65.1,,,71.4,0,0,45,0,0,0,1,0,0
Zach Vaughan,123404,T,WAKE,1,0,0,339,,,60.0,,,,61.1,,,66.1,0,0,4,0,0,0,0,0,0
Kendron Wayman,123405,ED,WAKE,12,0,0,339,59.7,,,,,,61.7,,,68.3,0,0,0,56,0,0,0,9,0
Ke'Shawn Williams,123406,WR,WAKE,11,0,0,339,,,,63.0,,,88.9,,,72.7,1,0,0,0,2,37,35,1,3
Austin Brinkman,123409,LS,W VIRGINIA,13,0,0,343,,,80.0,,,55.3,59.0,,,66.6,0,0,67,0,0,0,45,0,0
Samuel Brown,123410,WR,HOUSTON,5,0,0,182,,,,,,,44.6,,,27.1,0,1,0,0,1,0,0,15,0
Lanell Carr,123411,ED,INDIANA,10,0,0,190,59.2,,,,,,61.6,,,71.5,0,0,0,27,0,0,0,8,0
C.J. Cole,123414,WR,W VIRGINIA,13,0,0,343,,,,,,,64.3,,,75.2,0,0,0,0,0,56,1,42,0
Jairo Faverus,123416,LB,W VIRGINIA,7,2,0,343,60.0,,,,,,66.4,,,29.5,1,1,0,2,5,37,27,18,0
Preston Fox,123418,WR,W VIRGINIA,12,0,0,343,,,,57.0,,,59.8,74.4,,69.1,0,0,0,0,2,56,0,48,0
Zach Frazier,123419,C,W VIRGINIA,8,0,0,343,,,71.8,,,,64.2,,,67.1,0,0,38,0,0,0,0,0,0
Garrett Greene,123420,QB,W VIRGINIA,1,0,0,343,,,,,,,60.0,,,23.1,0,1,0,0,0,0,0,0,0
Daniel King,123422,K,W VIRGINIA,3,0,0,343,,60.0,,,69.9,,60.0,,,67.8,0,0,2,0,5,0,0,0,0
Sean Martin,123423,ED,W VIRGINIA,13,0,0,343,75.4,,74.6,,,,81.2,,,68.5,0,0,54,44,0,1,0,7,0
Chris Mayo,123425,T,E MICHIGAN,4,0,0,160,,,14.5,,,,28.1,,,71.2,0,0,16,0,0,0,0,0,0
Akheem Mesidor,123427,ED,MIAMI FL,2,0,0,220,59.5,,,,,,61.7,,,66.2,0,0,0,3,0,0,0,4,0
Daryl Porter Jr.,123429,CB,MIAMI FL,10,0,0,220,60.2,,,,,,63.5,,,75.4,0,0,0,35,0,3,2,27,0
Taurus Simmons,123431,ED,W VIRGINIA,12,1,0,343,59.6,,60.0,,,,62.0,,,73.3,1,0,4,4,48,29,0,22,4
Jordan White,123439,C,LIBERTY,14,0,0,206,,,22.3,,,,39.9,,,77.6,0,0,87,0,0,0,0,0,0
Talique Allen,123441,S,W KENTUCKY,13,2,0,346,85.4,,,,,,82.1,,,54.0,1,1,0,44,38,1,59,9,4
Craig Burt Jr.,123445,WR,W KENTUCKY,11,0,0,346,,,,,,,65.3,,,71.2,0,0,0,0,1,55,0,5,0
Travis Collier,123446,S,JVILLE ST,8,0,0,196,,,,,,,57.5,,,73.2,1,0,0,0,17,1,0,26,0
Nicholas Days,123448,LB,LIBERTY,14,1,0,206,59.8,,,,,,70.1,,,76.3,0,0,0,4,95,64,5,10,5
JaQues Evans,123449,ED,W KENTUCKY,6,0,0,346,58.8,,,,,,60.6,,,66.9,0,0,0,20,0,0,22,7,0
Mark Goode,123450,T,W KENTUCKY,7,0,0,346,,,69.9,,,,62.9,,,66.2,0,0,29,0,0,0,1,0,0
Wesley Horton,123451,G,W KENTUCKY,10,0,0,346,,,72.5,,,,63.4,,,63.3,0,0,42,0,0,0,1,0,0
Aaron Key,123454,LB,W KENTUCKY,13,0,0,346,59.5,,,,,,56.8,,,67.7,1,0,0,33,0,1,59,0,0
Quantavious Leslie,123456,G,W KENTUCKY,12,0,0,346,,,75.6,,,,65.0,,,73.0,0,0,46,0,0,0,1,0,0
David Ndukwe,123458,T,HOUSTON,2,0,0,182,,,60.9,,,,62.0,,,62.3,0,0,11,0,0,0,0,0,0
Wes Pahl,123461,P,OKLA STATE,14,0,0,262,,,68.1,,,,63.1,,58.9,68.4,0,0,79,0,0,0,28,0,0
Kendrick Simpkins,123466,S,W KENTUCKY,12,0,0,346,59.9,,,,,,55.0,,,72.7,1,0,0,42,2,1,36,6,1
Terrion Thompson,123468,DI,W KENTUCKY,11,0,0,346,59.3,,,,,,61.2,,,69.3,0,0,0,18,0,0,0,7,0
Noah Whittington,123472,HB,OREGON,4,0,0,264,,,,,,,53.5,,,69.9,0,0,0,0,11,5,0,1,0
Jordan Crumpton,123477,TE,LA MONROE,11,0,0,209,,,,,,,60.8,,,79.7,0,0,0,0,0,73,63,36,0
Quincy Ledet Jr.,123485,DI,TEXAS TECH,12,0,0,315,57.9,,,,,,58.0,,,68.9,0,0,0,30,0,0,3,3,0
Marcus Moore,123487,DI,N TEXAS,6,0,0,251,58.9,,,,,,59.6,,,71.9,0,0,0,12,0,0,0,0,0
Charlie Norman,123489,HB,LA MONROE,9,0,0,209,,,,,,,59.5,,,78.3,1,0,0,0,0,61,42,0,1
Daniel Sparks,123492,P,VIRGINIA,12,0,0,335,,,,,,,63.6,,73.5,75.7,0,0,0,0,0,0,66,0,1
Preston Daniel,123494,TE,FLORIDA ST,14,0,0,167,,,77.0,59.6,,,65.4,,,39.1,0,1,73,0,0,56,65,0,0
Stone Earle,123504,QB,N TEXAS,1,0,0,251,,,,,,,60.9,,,66.7,0,0,0,0,0,0,0,3,0
Kadren Johnson,123513,ED,N TEXAS,2,0,0,251,60.0,,,,,,60.2,,,63.8,0,0,0,3,0,0,0,0,0
Dwayne Allick,123530,G,BOSTON COL,7,0,0,121,,,70.7,,,,63.7,,,63.6,0,0,21,0,0,0,0,0,0
Kam Arnold,123531,LB,BOSTON COL,13,0,0,121,60.2,,,,,,60.8,,,73.8,0,0,0,62,7,0,52,0,1
Tommy Birmingham,123534,TE,BOSTON COL,3,0,0,121,,,,,,,61.0,,,72.1,0,0,0,0,0,11,3,6,0
Kevin Cline,123537,T,BOSTON COL,12,0,0,121,,,76.0,,,,65.2,,,67.4,0,0,48,0,0,0,0,0,0
Charlie Gordinier,123538,TE,BOSTON COL,8,0,0,121,,,67.1,,,,65.8,,,67.8,0,0,20,0,0,41,0,0,0
Cam Horsley,123541,DI,BOSTON COL,13,0,0,121,56.5,,,,,,55.4,,,70.6,0,0,0,58,0,0,0,0,0
Taji Johnson,123542,WR,BOSTON COL,12,0,0,121,,,,59.6,,,61.5,,,77.5,0,0,0,0,0,63,42,11,1
Hans Lillis,123545,TE,BOSTON COL,7,0,0,121,,,70.7,,,,63.6,,,61.1,0,0,33,0,0,0,0,0,0
Joe Marinaro,123546,LB,BOSTON COL,12,0,0,121,,,,,,,49.3,,,29.6,1,1,0,0,26,62,0,4,2
Jason Scott,123549,CB,BOSTON COL,4,0,0,121,,,,,,,52.3,,,71.5,1,0,0,0,14,11,0,12,1
Ozzy Trapilo,123552,T,BOSTON COL,6,0,0,121,,,67.7,,,,63.4,,,70.6,0,0,20,0,0,0,0,0,0
Jackson Treister,123553,HB,BOSTON COL,6,0,0,121,,,,58.7,,,59.8,,,69.1,0,0,0,0,0,28,0,0,0
Sammy Anderson Jr.,123554,CB,CINCINNATI,2,0,0,138,,,,,,,51.4,,,67.0,0,0,0,0,4,8,0,2,0
Marquez Bell,123555,WR,DOMINION,2,0,0,263,,,,,,,60.9,,,69.4,0,0,0,0,0,8,0,0,0
Todd Bumphis,123557,CB,CINCINNATI,12,1,0,138,60.0,,,,,,65.5,,,75.3,2,0,0,2,60,0,0,32,2
Jake Burns,123558,G,BOWL GREEN,11,0,0,122,,,77.8,,,,65.7,,,66.0,0,0,56,0,0,0,0,0,0
Barak Faulk,123560,TE,CINCINNATI,7,0,0,138,,,69.5,,,,61.3,,,68.6,0,0,28,0,0,24,0,0,0
Joe Huber,123565,G,WISCONSIN,13,0,0,349,,,74.8,,,,65.5,,,75.8,0,0,53,0,0,0,0,0,0
Daved Jones Jr.,123567,LB,CINCINNATI,8,0,0,138,,,,,,,56.0,,,68.2,1,0,0,0,35,0,0,4,0
De'Arre McDonald,123572,CB,MIDDLE TN,3,0,0,224,,,,,,,61.2,,,67.7,0,0,0,0,0,2,4,4,0
Dominique Perry,123575,DI,CINCINNATI,1,0,0,138,59.8,,,,,,60.0,,,62.7,0,0,0,1,0,0,0,0,0
Evan Prater,123576,WR,CINCINNATI,11,0,0,138,,,,,,,55.8,,,75.8,0,0,0,0,1,36,0,23,0
Chris Scott,123579,WR,CINCINNATI,6,0,0,138,,,,,,,70.2,,,76.6,0,0,0,0,1,30,3,19,0
Payten Singletary,123580,TE,CINCINNATI,10,0,0,138,,,24.6,,,,51.1,,,73.0,0,0,43,0,0,38,33,0,0
Jadon Thompson,123583,WR,LOUISVILLE,10,0,0,210,,,,,,,66.1,,,73.6,0,0,0,0,0,45,3,27,0
John Williams,123585,T,CINCINNATI,12,0,0,138,,,74.0,,,,64.6,,,66.2,0,0,49,0,0,0,0,0,0
Justin Wodtly,123586,ED,CINCINNATI,6,0,0,138,58.9,,,,,,59.8,,,65.8,0,0,0,13,0,0,2,3,0
Ethan Wright,123587,HB,CINCINNATI,3,1,0,138,,,,,,,69.1,,,74.9,2,0,0,0,14,16,9,15,3
Evan Anderson,123590,DI,FAU,12,0,0,165,57.6,,,,,,58.6,,,68.3,0,0,0,38,0,0,28,6,0
Alex Atcavage,123591,C,FAU,1,0,0,165,,,60.0,,,,60.7,,,67.1,0,0,3,0,0,0,0,0,0
Decarius Hawthorne,123598,DI,FAU,10,0,0,165,58.6,,,,,,58.7,,,66.1,0,0,0,21,0,0,0,1,0
Jarrett Jerrels,123599,LB,FAU,12,0,0,165,59.9,,,,,,66.7,,,85.3,2,0,0,12,56,64,60,21,4
Chris Jones,123601,ED,FAU,12,0,0,165,58.8,,,,,,59.7,,,66.9,0,0,0,26,0,0,0,4,0
Marlon Krakue,123604,ED,FAU,10,0,0,165,59.2,,,,,,64.3,,,69.9,0,0,0,8,41,0,0,1,0
Andre Lamas,123605,G,FAU,11,0,0,165,,,76.7,,,,65.2,,,64.1,0,0,47,0,0,0,0,0,0
Justin McKithen,123608,CB,FAU,12,1,0,165,59.7,,,,,,59.7,,,81.6,3,0,0,6,35,0,55,40,0
Willie Taggart Jr.,123613,WR,W KENTUCKY,4,0,0,346,,,63.0,,,,61.3,,,60.9,0,0,20,0,0,0,0,0,0
LaJohntay Wester,123616,WR,FAU,12,0,0,165,,,,59.1,,,61.6,92.0,,67.8,0,0,0,0,1,3,0,49,0
Chance Coleman,123621,LB,FIU,4,0,0,166,,,,,,,76.6,,,69.0,0,0,0,0,0,21,0,9,0
Matthew Enriquez,123624,K,FIU,1,0,0,166,,,,,60.0,,60.0,,,64.2,0,0,0,0,1,0,0,0,0
Miles Frazier,123626,G,LSU,13,0,0,211,,,81.9,,,,67.0,,,65.1,0,0,92,0,0,0,0,0,0
Chase Gabriel,123627,K,FIU,11,0,0,166,,63.3,,,,,61.0,,,66.2,0,0,35,0,0,0,0,0,0
Lucas Matias,123635,K,FIU,12,1,0,166,,64.3,,,70.7,,63.1,,,76.0,0,0,5,0,50,0,0,0,3
Kejon Owens,123640,HB,FIU,1,0,0,166,,,,59.6,,,60.0,,,61.6,0,0,0,0,0,2,0,0,0
Reggie Peterson,123643,LB,FIU,12,0,0,166,60.2,,,,,,61.4,,,71.9,0,0,0,54,0,0,24,11,0
Jamal Potts,123645,S,FIU,12,0,0,166,60.1,,,,,,63.4,,,73.4,0,0,0,70,4,0,0,14,0
Andrew Volmar,123650,CB,LA MONROE,12,0,0,209,59.6,,,,,,62.1,,,80.8,0,0,0,19,23,0,62,35,2
E.J. Wilson,123652,HB,TEMPLE,4,0,0,306,,,,,,,73.2,,,72.9,0,0,0,0,10,0,2,10,0
Derek Bowman,123654,T,USF,1,0,0,327,,,60.0,,,,60.7,,,61.5,0,0,4,0,0,0,0,0,0
Nelson Ceaser,123656,ED,HOUSTON,11,0,0,182,73.0,,,,,,78.5,,,71.1,0,0,0,57,0,0,29,0,0
Jacob Garza,123663,LS,HOUSTON,12,0,0,182,,,62.0,,,66.3,55.9,,,66.8,2,0,13,0,0,0,49,0,0
Gavin Gately,123664,LS,HOUSTON,9,0,0,182,,,75.6,,,62.6,64.2,,,63.4,0,0,36,0,0,0,2,0,0
Chidozie Nwankwo,123676,DI,HOUSTON,5,0,0,182,57.5,,,,,,57.0,,,70.5,0,0,0,23,0,0,0,0,0
Stacy Sneed,123680,HB,HOUSTON,6,0,0,182,,,,58.1,,,60.7,,,64.0,0,0,0,0,1,27,0,0,0
Trevonte Sylvester,123682,T,LOUISVILLE,3,0,0,210,,,64.6,,,,62.6,,,64.3,0,0,16,0,0,0,0,0,0
Mike Welch,123685,S,HOUSTON,3,0,0,182,59.9,,,,,,64.5,,,68.4,0,0,0,5,0,18,0,0,0
Laine Wilkins,123686,P,HOUSTON,12,0,0,182,,,66.3,,60.0,,63.3,,55.5,72.5,0,0,49,0,1,0,51,0,0
Sedrick Williams,123687,DI,HOUSTON,12,0,0,182,58.5,,,,,,58.7,,,68.9,0,0,0,65,0,0,0,0,0
Jabre Barber,123689,WR,TROY,14,0,0,318,,,,59.0,,,60.1,56.6,,69.7,0,0,0,0,0,9,0,67,0
Bryce Childress,123695,WR,NEW MEX ST,5,0,0,242,,,,,,,61.7,,,73.3,0,0,0,0,1,20,2,2,0
Derrick Graham,123703,T,TROY,14,0,0,318,60.0,,78.1,,,,66.3,,,77.2,0,0,74,1,0,0,1,0,0
T.J. Jackson Jr.,123708,DI,TROY,9,0,0,318,58.6,,,,,,58.9,,,68.5,0,0,0,16,0,0,0,7,0
Tez Johnson,123709,WR,OREGON,14,0,0,264,,,,58.6,,,60.4,71.3,,67.9,0,0,0,0,0,7,1,56,0
Deyunkrea Lewis,123711,TE,TROY,4,0,0,318,,,61.5,,,,61.4,,,62.8,0,0,9,0,0,3,0,0,0
Robert Marsh,123713,WR,TROY,1,0,0,318,,,,,,,60.0,,,62.1,0,0,0,0,1,0,0,0,0
Luis Medina,123715,DI,TROY,11,0,0,318,59.0,,,,,,60.7,,,68.2,0,0,0,11,0,0,6,8,0
Darrell Starling Jr.,123723,CB,TROY,6,0,0,318,59.9,,,,,,63.6,,,70.8,0,0,0,3,7,0,0,4,0
Terry Thomas,123725,LB,TROY,14,0,0,318,59.7,,,,,,60.8,,,67.9,0,0,0,27,0,0,13,9,1
Kimani Vidal,123727,HB,TROY,7,0,0,318,,,,,,,53.8,,,70.7,0,0,0,0,0,5,6,0,0
Cam Williams,123730,ED,JVILLE ST,6,0,0,196,59.2,,,,,,60.1,,,65.8,0,0,0,8,0,0,0,3,0
Davonte Brown,123734,CB,MIAMI FL,13,0,0,220,59.9,,,,,,72.9,,,79.4,0,0,0,6,32,14,11,39,2
Quadric Bullard,123735,S,UCF,13,0,1,323,59.9,,,,,,56.0,,,29.3,1,2,0,26,30,0,1,42,2
Josh Celiscar,123738,ED,UCF,12,0,0,323,58.5,,,,,,59.2,,,67.9,0,0,0,41,0,0,0,4,0
Kervins Choute,123739,DI,UCF,4,0,0,323,59.3,,,,,,59.5,,,64.9,0,0,0,8,0,0,0,0,0
Ja'Cyais Credle,123740,WR,GA STATE,2,0,0,175,,,,,,,60.1,,,65.5,0,0,0,0,0,3,0,0,0
Jaiden Francois,123745,S,UTAH ST,9,1,0,329,60.0,,,,,,61.6,,,71.8,2,0,0,6,53,0,0,6,3
Garrett French,123746,TE,UCF,1,0,0,323,,,,,,,60.0,,,62.2,0,0,0,0,0,1,0,0,0
Justin Hodges,123748,CB,ARK STATE,13,0,0,113,59.9,,,,,,61.9,,,71.6,0,0,0,37,0,0,0,5,0
Max Holler,123749,TE,UCF,4,0,0,323,,,65.6,,,,66.8,,,66.0,0,0,16,0,0,12,2,0,0
Mike Lofton,123751,C,USF,1,0,0,327,,,60.0,,,,60.3,,,65.4,0,0,2,0,0,0,0,0,0
Zach Marsh Wojan,123752,TE,UCF,13,0,0,323,,,76.6,,,,63.0,,,68.5,0,0,69,0,3,38,34,0,0
Stephen Martin,123753,WR,UCF,13,0,0,323,,,,,,,70.7,,,75.5,0,0,0,0,2,71,0,22,0
Johnny Richardson,123760,HB,UCF,11,1,0,323,,,,53.5,,,64.6,,,66.1,0,0,0,0,14,52,0,0,0
Paul Rubelt,123761,T,UCF,13,0,0,323,,,77.8,,,,65.9,,,76.3,0,0,71,0,0,0,28,0,0
Corey Thornton,123763,CB,UCF,12,1,0,323,59.8,,,,,,72.1,,,51.8,0,1,0,37,41,0,21,23,2
Olasunkonmi Agunloye,123766,DI,VIRGINIA,1,0,0,335,59.8,,,,,,71.3,,,64.4,0,0,0,1,0,0,3,1,0
Sam Brady,123769,LB,VIRGINIA,3,0,0,335,,,,,,,61.2,,,71.2,1,0,0,0,8,12,0,0,0
Jahmeer Carter,123770,DI,VIRGINIA,12,0,0,335,58.4,,76.7,,,,63.9,,,74.2,0,0,53,40,0,0,0,11,0
Elijah Gaines,123776,CB,VIRGINIA,11,1,0,335,60.0,,,,,,67.3,,,83.8,0,0,0,1,23,65,12,33,2
Dave Herard,123779,S,VIRGINIA,10,0,0,335,59.8,,,,,,61.1,,,67.8,0,0,0,33,8,7,0,6,0
Jon Horton,123780,ED,VIRGINIA,7,1,0,335,59.8,,,,,,59.8,,,30.0,0,1,0,1,33,8,0,16,1
Nusi Malani,123785,DI,WASH STATE,12,0,0,341,57.9,,71.8,,,,61.4,,,71.3,0,0,37,27,0,0,31,7,0
Joshua Rawlings,123789,TE,VIRGINIA,10,0,0,335,,,,59.9,,,68.3,,,68.7,0,0,0,0,0,61,4,0,0
Demick Starling,123792,WR,VIRGINIA,2,0,0,335,,,,57.4,,,59.8,,,64.4,0,0,0,0,0,9,1,0,0
Hampton Ergle,123795,C,E CAROLINA,2,0,0,156,,,60.0,,,,60.7,,,67.1,0,0,3,0,0,0,0,0,0
Shane Calhoun,123802,TE,E CAROLINA,2,0,0,156,,,60.0,,,,61.3,,,61.5,0,0,6,0,0,0,0,0,0
Eric Doctor Jr.,123808,ED,E CAROLINA,12,1,0,156,,,68.8,,,,68.4,,,75.9,0,0,25,0,0,58,68,8,0
Isaiah Foote,123810,G,E CAROLINA,3,0,0,156,,,60.6,,,,61.9,,,63.4,0,0,10,0,0,0,0,0,0
Rahjai Harris,123814,HB,E CAROLINA,1,0,0,156,,,,,,,60.0,,,63.7,0,0,0,0,0,1,0,0,0
Taji Hudson,123816,WR,JAMES MAD,12,0,0,197,,,,,,,74.5,,,74.1,0,0,0,0,2,48,15,10,0
Teylor Jackson,123817,LB,E CAROLINA,11,0,0,156,59.9,,,,,,59.8,,,70.0,0,0,0,52,0,0,21,2,0
D'Anta Johnson,123819,DI,E CAROLINA,10,0,0,156,58.0,,,,,,57.6,,,66.3,0,0,0,32,0,0,0,0,0
Luke Larsen,123823,P,E CAROLINA,11,0,0,156,,,,,,,63.3,,68.9,75.0,1,0,0,0,0,0,61,0,0
Xavier McIver,123825,DI,E CAROLINA,2,0,0,156,,,60.8,,,,61.6,,,62.1,0,0,5,0,0,0,0,0,0
Elijah Morris,123827,DI,E CAROLINA,7,0,0,156,59.1,,,,,,59.3,,,65.6,0,0,0,22,0,0,0,0,0
Ty Moss,123828,S,E CAROLINA,12,2,0,156,,,,,,,63.9,,,78.0,0,0,0,0,20,58,0,57,0
Elijah Robinson,123830,ED,HAWAII,12,0,0,180,60.1,,60.0,,,,74.3,,,73.7,0,0,2,2,36,62,0,25,1
Tyler Savage,123832,TE,E CAROLINA,1,0,0,156,,,,,,,62.4,,,71.2,0,0,0,0,0,0,1,4,0
Jason Shuford,123833,DI,E CAROLINA,12,0,0,156,58.5,,70.6,,,,62.1,,,71.0,0,0,36,14,0,0,68,1,0
Walter Stribling,123837,T,E CAROLINA,11,0,0,156,,,73.6,,,,65.4,,,74.9,0,0,44,0,0,0,0,0,0
Suirad Ware,123842,DI,E CAROLINA,11,0,0,156,59.3,,,,,,59.6,,,65.8,0,0,0,28,0,0,0,0,0
Teagan Wilk,123843,S,E CAROLINA,4,0,0,156,59.8,,,,,,60.1,,,64.6,0,0,0,15,0,0,0,0,0
Justin Abraham,123845,LB,GA STATE,13,0,1,175,58.9,,,,,,51.1,,,27.8,2,3,0,31,0,60,64,4,4
Jonathan Brown,123847,G,GA STATE,13,0,0,175,,,75.2,,,,63.3,,,68.2,0,0,59,0,0,0,65,0,0
Kris Byrd,123848,TE,GA STATE,3,0,0,175,,,61.4,,,,86.4,,,69.2,0,0,9,0,0,10,0,0,0
Marcus Carroll,123849,HB,GA STATE,1,0,0,175,,,,,,,60.0,,,66.0,0,0,0,0,0,0,0,1,0
Ben Chukwuma,123850,T,GA STATE,13,0,0,175,59.4,,75.1,,,,64.4,,,64.9,0,0,59,3,0,0,0,0,0
Cameron Golden,123855,T,KENT STATE,5,0,0,201,,,61.8,,,,60.9,,,63.7,0,0,12,0,0,0,1,0,0
Terrell Gordon,123856,LB,GA STATE,12,0,0,175,59.6,,,,,,57.7,,,30.0,0,1,0,62,14,0,19,1,0
Ahmon Green,123857,TE,GA STATE,5,0,0,175,,,61.4,,,,61.9,,,65.9,0,0,9,0,0,3,0,0,0
Robert Lewis,123858,WR,GA STATE,7,0,0,175,,,,55.8,,,61.2,,,64.9,0,0,0,0,3,17,0,1,0
Kade Loggins,123859,P,GA STATE,13,0,0,175,,,67.0,,,,63.7,,38.1,73.5,1,1,59,0,0,0,64,0,2
Jalen Tate,123864,S,GA STATE,12,0,0,175,60.0,,,,,,69.7,,,40.4,0,1,0,10,57,0,39,7,4
Collin Westfelt,123866,LS,JVILLE ST,13,0,0,196,,,,,,0.0,28.7,,,67.5,2,0,0,0,0,0,66,0,0
Tailique Williams,123867,WR,GA STATE,11,0,0,175,,,,55.8,,,59.2,,,68.8,0,0,0,0,1,54,3,8,0
Kendy Charles,123873,DI,LIBERTY,7,0,0,206,58.9,,,,,,61.1,,,68.5,0,0,0,15,0,0,0,8,0
CJ Daniels,123874,WR,LIBERTY,4,0,0,206,,,,,,,60.4,65.0,,65.9,0,0,0,0,0,4,0,5,0
Jerome Jolly Jr.,123883,LB,LIBERTY,12,0,0,206,60.0,,,,,,56.0,,,69.2,0,0,0,21,21,0,0,14,0
Chase Mitchell,123886,T,LIBERTY,14,0,0,206,,,78.5,,,,65.6,,,64.4,0,0,84,0,0,0,0,0,0
Ed Ogle,123887,WR,LIBERTY,13,1,0,206,,,,,,,68.6,,,87.2,1,0,0,0,88,55,30,29,0
Quinton Reese,123890,S,LIBERTY,14,0,0,206,59.9,,,,,,62.9,,,69.0,0,0,0,31,9,15,11,16,0
Stephen Sings V,123892,ED,AUBURN,3,0,0,115,59.5,,,,,,60.6,,,64.8,0,0,0,3,0,0,0,2,0
Aakil Washington,123896,LB,LIBERTY,4,1,0,206,,,,,,,71.5,,,69.4,0,0,0,0,24,16,0,5,0
Chase Allen,123902,K,UTSA,12,0,0,331,,85.9,,,,,47.5,,,28.7,0,1,64,0,0,0,1,0,0
Javon Baker,123904,WR,UCF,9,0,0,323,,,,,,,60.0,,,70.7,0,0,0,0,3,16,0,0,0
Chris Braswell,123908,ED,ALABAMA,13,0,0,103,84.1,,,,,,90.3,,,70.6,0,0,0,48,0,4,0,11,0
Jackson Bratton,123909,LB,UAB,12,1,1,321,60.3,,,,,,63.3,,,28.6,0,1,0,65,8,1,14,8,2
Javion Cohen,123911,G,MIAMI FL,12,0,0,220,,,74.7,,,,64.7,,,66.0,0,0,60,0,0,0,0,0,0
Damieon George Jr.,123915,T,FLORIDA,11,0,0,163,,,74.7,,,,64.9,,,68.2,0,0,46,0,0,0,0,0,0
Traeshon Holden,123917,WR,OREGON,7,0,0,264,,,,,,,63.5,,,71.0,0,0,0,0,16,0,6,2,0
Demouy Kennedy,123923,LB,COLORADO,11,2,1,143,60.1,,,,,,67.8,,,31.2,0,2,0,7,57,28,63,3,1
Jah-Marien Latham,123924,ED,ALABAMA,8,0,0,103,59.8,,,,,,61.7,,,66.0,0,0,0,7,0,0,0,4,0
Jase McClellan,123926,HB,ALABAMA,1,0,0,103,,,,,,,60.0,,,65.5,0,0,0,0,0,1,0,0,0
Malachi Moore,123928,S,ALABAMA,13,0,0,103,60.1,,,,,,62.9,,,68.0,0,0,0,42,9,1,0,14,0
Jahquez Robinson,123931,CB,COLORADO,7,0,0,143,59.9,,,,,,61.1,,,71.6,0,0,0,9,14,8,0,6,1
Quandarrius Robinson,123932,ED,ALABAMA,14,1,0,103,59.8,,,,,,80.1,,,89.2,2,0,0,4,93,58,64,59,8
Tim Smith,123935,DI,ALABAMA,14,0,0,103,57.9,,,,,,58.2,,,68.1,0,0,0,30,0,0,0,6,0
Kristian Story,123937,S,ALABAMA,14,2,0,103,60.0,,,,,,72.2,,,71.0,0,0,0,5,90,1,2,4,1
Roydell Williams,123939,HB,ALABAMA,14,1,0,103,,,,63.2,,,67.4,,,82.6,0,0,0,0,46,29,64,2,2
Brooks Both,123944,LB,ARKANSAS,4,0,0,111,,,,,,,57.0,,,28.7,0,1,0,0,1,22,3,0,0
Khari Johnson,123958,S,BOSTON COL,8,0,0,121,60.0,,,,,,57.2,,,28.9,0,1,0,1,32,1,4,26,2
Dominique Johnson,123959,HB,ARKANSAS,3,0,0,111,,,,,,,61.1,,,64.6,0,0,0,0,3,0,0,0,0
Myles Slusher,123962,CB,COLORADO,4,0,0,143,60.1,,,,,,63.8,,,70.7,0,0,0,14,0,0,0,8,0
Jashaud Stewart,123964,ED,ARKANSAS,1,0,0,111,,,,,,,61.3,,,66.3,0,0,0,0,0,7,1,1,0
Eric Thomas Jr.,123966,ED,SO MISS,4,0,0,296,59.5,,,,,,60.3,,,66.3,0,0,0,3,0,1,0,3,0
Blayne Toll,123967,ED,ARK STATE,13,0,0,113,58.7,,75.8,,,,63.4,,,66.6,0,0,62,14,0,0,0,4,0
Nick Turner,123969,CB,TOLEDO,1,0,0,316,,,,,,,60.4,,,65.1,0,0,0,0,2,0,0,0,0
Jacorrei Turner,123970,CB,GA STATE,1,0,0,175,,,,,,,60.0,,,63.4,0,0,0,0,1,0,0,0,0
Jackson Woodard,123973,LB,UNLV,14,0,0,325,59.9,,,,,,74.4,,,77.7,1,0,0,63,2,50,31,19,4
Dre Butler,123977,DI,MICH STATE,3,0,0,223,58.7,,,,,,59.7,,,66.2,0,0,0,4,0,0,0,2,0
Elijah Canion,123978,WR,PURDUE,1,0,0,273,,,,,,,60.0,,,63.7,0,0,0,0,0,1,0,0,0
Brandon Frazier,123985,TE,AUBURN,13,0,0,115,,,74.3,59.6,,,62.8,,,66.7,0,0,54,0,0,20,1,0,0
Jay Hardy,123987,DI,LIBERTY,14,0,0,206,58.4,,,,,,59.7,,,68.5,0,0,0,30,0,0,0,7,0
Romello Height,123988,ED,USC,11,0,0,326,58.7,,,,,,63.5,,,76.3,0,0,0,18,43,1,0,21,1
Kobe Hudson,123989,WR,UCF,7,0,0,323,,,,61.8,,,62.9,,,73.0,0,0,0,0,2,7,8,9,0
Reed Hughes,123990,LS,AUBURN,11,0,0,115,,,,,,42.3,52.0,,,66.9,1,0,0,0,0,0,48,0,1
Tate Johnson,123992,G,AUBURN,13,0,0,115,,,63.5,,,,65.4,,,66.1,0,0,9,0,0,0,59,0,0
Jake Levant,123993,LB,AUBURN,3,0,0,115,60.0,,,,,,58.1,,,65.3,0,0,0,1,1,3,0,2,0
Marshall Meyers,123996,K,AUBURN,1,0,0,115,,60.0,,,,,60.0,,,61.7,0,0,1,0,0,0,0,0,0
JJ Pegues,123998,DI,OLE MISS,13,0,0,226,58.3,,60.0,,,,60.1,,,70.5,0,0,5,44,0,1,1,10,0
Cam Riley,124001,LB,AUBURN,13,0,0,115,60.3,,,,,,62.4,,,79.9,1,1,0,28,34,49,0,40,2
Wesley Steiner,124003,LB,AUBURN,13,0,0,115,59.8,,,,,,67.4,,,78.3,0,0,0,7,34,63,3,18,0
Ladarius Tennison,124004,LB,OLE MISS,13,0,0,226,60.1,,,59.9,,,91.6,,,45.1,0,1,0,13,65,49,51,46,6
Chris Thompson Jr.,124005,LB,USC,13,4,0,326,59.9,,,,,,57.6,,,44.2,2,1,0,1,93,22,2,0,4
Desmond Tisdol,124006,LB,FAU,12,1,0,165,59.8,,,,,,69.3,,,68.1,0,0,0,38,22,4,0,3,2
Zykeivous Walker,124007,ED,AUBURN,10,0,0,115,58.8,,,,,,59.5,,,65.9,0,0,0,12,0,0,0,3,0
Jeremiah Wright,124008,G,AUBURN,13,0,0,115,,,77.7,,,,65.5,,,64.2,0,0,54,0,0,0,0,0,0
Carson Beck,124010,QB,GEORGIA,14,0,0,173,,,68.8,,,,57.0,,,28.2,0,2,96,0,0,0,0,0,0
Austin Blaske,124011,T,GEORGIA,1,0,0,173,,,60.0,,,,60.9,,,63.1,0,0,3,0,0,0,5,0,0
Warren Brinson,124013,DI,GEORGIA,12,0,0,173,58.9,,,,,,61.7,,,73.3,0,0,0,28,0,0,0,15,0
Major Burns,124016,S,LSU,13,0,0,211,60.2,,,,,,62.3,,,69.9,0,0,0,58,2,0,25,12,1
Jermaine Burton,124017,WR,ALABAMA,3,0,0,103,,,,60.0,,,60.1,,,64.5,0,0,0,0,0,3,0,0,0
Jehlen Cannady,124018,LB,TULSA,7,0,0,320,,,,,,,29.6,,,72.0,2,0,0,0,34,0,3,21,1
Daijun Edwards,124021,HB,GEORGIA,1,0,0,173,,,,,,,60.0,,,63.3,0,0,0,0,0,0,0,0,0
Braxton Hicks,124023,WR,GEORGIA,1,0,0,173,,,,,,,60.0,,,62.5,0,0,0,0,0,0,0,1,0
Jalen Kimber,124026,CB,FLORIDA,9,0,0,163,60.3,,,,,,64.5,,,74.4,0,0,0,30,9,0,0,20,0
Chad Lindberg,124029,T,GEORGIA,14,0,0,173,,,79.2,,,,65.4,,,65.0,0,0,96,0,0,0,31,0,0
Ladd McConkey,124030,WR,GEORGIA,1,0,0,173,,,,59.9,,,60.0,,,63.0,0,0,0,0,0,1,0,0,0
Kendall Milton,124031,HB,GEORGIA,1,0,0,173,,,,,,,60.0,,,63.0,0,0,0,0,0,1,0,0,0
Tate Ratledge,124034,G,GEORGIA,13,0,0,173,,,79.1,,,,66.6,,,72.7,0,0,79,0,0,0,0,0,0
Justin Robinson,124036,WR,MISS STATE,4,0,0,227,,,,,,,60.3,,,67.7,0,0,0,0,1,21,0,0,0
Marcus Rosemy-Jacksaint,124037,WR,GEORGIA,11,0,0,173,,,,,,,66.5,,,77.7,1,0,0,0,45,1,0,40,1
M.J. Sherman,124038,ED,NEBRASKA,11,0,0,238,58.8,,,,,,64.6,,,71.6,0,0,0,12,2,36,0,4,0
Arian Smith,124039,WR,GEORGIA,13,0,0,173,,,,,,,63.2,,,76.1,0,1,0,0,0,0,24,36,0
Nazir Stackhouse,124040,DI,GEORGIA,13,0,0,173,58.1,,,,,,59.0,,,69.6,0,0,0,33,0,0,0,6,0
Patrick Taylor,124041,S,GEORGIA,3,0,0,173,60.0,,,,,,61.7,,,66.1,0,0,0,1,4,1,0,1,0
Sedrick Van Pran-Granger,124042,C,GEORGIA,1,0,0,173,,,,,,,60.0,,,63.3,0,0,0,0,0,0,0,0,0
Weston Wallace,124043,DI,GA SOUTHRN,13,1,0,174,58.4,,77.3,,,,64.2,,,67.4,0,0,74,23,0,0,48,3,0
Jared Zirkel,124046,K,GEORGIA,14,1,0,173,,,,,85.3,,64.6,,,80.6,0,0,0,0,103,0,0,0,1
Jase Bruner,124052,LB,KENTUCKY,6,0,0,202,,,,,,,65.4,,,74.1,0,0,0,0,0,32,0,1,0
Deondre Buford,124053,T,CINCINNATI,12,0,0,138,,,73.3,,,,64.5,,,67.0,0,0,49,0,0,0,0,0,0
Izayah Cummings,124055,TE,KENTUCKY,12,0,0,202,,,,59.4,,,66.0,,,74.4,0,0,0,0,10,61,0,21,0
Jeremy Flax,124061,T,KENTUCKY,11,0,0,202,,,28.2,,,,49.2,,,64.8,0,0,51,0,0,0,0,0,0
Josaih Hayes,124065,DI,KENTUCKY,12,0,0,202,58.7,,,,,,59.8,,,69.8,0,0,0,43,0,0,0,12,0
Rickey Hyatt Jr.,124066,S,S ALABAMA,13,5,0,288,59.9,,,59.9,,,73.0,,,42.4,0,2,0,1,76,50,0,53,4
D'Eryk Jackson,124067,LB,KENTUCKY,13,1,0,202,59.9,,,,,,70.1,,,89.1,0,0,0,55,0,0,16,15,0
JuTahn McClain,124071,HB,KENTUCKY,11,0,0,202,,,,,,,67.8,,,78.2,0,0,0,0,55,52,9,22,2
Octavious Oxendine,124073,ED,KENTUCKY,9,0,0,202,83.6,,,,,,90.3,,,69.2,0,0,0,20,0,0,0,10,0
Andru Phillips,124075,CB,KENTUCKY,12,0,1,202,59.6,,,,,,50.6,,,29.8,1,1,0,45,1,0,38,11,1
Justin Rogers,124076,DI,AUBURN,11,0,0,115,58.0,,,,,,58.0,,,67.0,0,0,0,25,0,0,0,2,0
Tre'vonn Rybka,124077,ED,KENTUCKY,9,0,0,202,58.6,,,,,,59.4,,,66.8,0,0,0,22,0,0,0,4,0
Vito Tisdale Jr.,124079,CB,COLORADO,2,0,0,143,60.0,,,,,,61.1,,,65.3,0,0,0,1,0,0,0,2,0
Joel Williams,124083,S,MEMPHIS,1,0,0,218,59.8,,,,,,61.0,,,64.7,0,0,0,6,0,0,0,2,0
John Young,124084,G,MIAMI OH,6,0,0,221,,,71.2,,,,63.9,,,65.1,0,0,39,0,0,0,0,0,0
Tre Bradford,124088,HB,LSU,1,0,0,211,,,,,,,60.0,,,64.3,0,0,0,0,0,8,0,0,0
Jacobian Guillory II,124097,DI,LSU,6,0,0,211,59.0,,,,,,59.2,,,65.8,0,0,0,11,0,0,0,2,0
Xavier Hill,124098,T,MEMPHIS,12,0,0,218,,,80.3,,,,66.4,,,64.6,0,0,75,0,0,0,0,0,0
Marlon Martinez,124102,G,LSU,11,0,0,211,,,68.7,,,,63.1,,,69.7,0,0,21,0,0,0,21,0,0
Dwight McGlothern,124103,CB,ARKANSAS,5,0,0,111,60.0,,,,,,62.1,,,68.6,0,0,0,3,0,0,0,8,0
Koy Moore,124104,WR,AUBURN,6,0,0,115,,,,,,,60.8,32.8,,65.9,0,0,0,0,0,0,0,20,0
Kole Taylor,124114,TE,W VIRGINIA,13,0,0,343,,,76.0,,,,65.1,,,66.0,0,0,66,0,2,1,1,0,0
Eric Taylor,124115,DI,MISS STATE,7,0,0,227,58.3,,,,,,58.4,,,68.4,0,0,0,38,0,0,0,1,0
Josh White,124119,LB,BAYLOR,12,1,0,118,59.8,,,,,,68.8,,,79.2,1,1,0,8,58,62,5,21,4
Sloan Wright,124120,LB,LSU,1,0,0,211,,,,,,,60.0,,,64.6,0,0,0,0,1,0,0,0,0
Eli Acker,124121,G,OLE MISS,13,0,0,226,,,78.0,,,,71.5,,,72.8,0,0,75,0,0,0,53,0,1
Marc Britt II,124126,WR,LA MONROE,1,0,0,209,,,,,,,61.4,,,64.6,0,0,0,0,4,0,0,0,0
Kentrel Bullock,124129,HB,S ALABAMA,11,0,0,288,,,,60.7,,,61.8,,,69.0,0,0,0,0,1,30,0,18,0
Demon Clowney,124130,ED,CHARLOTTE,11,0,0,136,59.1,,,,,,59.4,,,67.3,0,0,0,38,0,0,0,0,0
Jalen Denton,124133,CB,GA SOUTHRN,8,0,0,174,59.9,,,,,,59.1,,,74.1,0,0,0,10,31,19,0,5,0
Cedric Johnson,124136,ED,OLE MISS,12,0,0,226,58.7,,,,,,60.2,,,68.7,0,0,0,47,0,0,0,11,0
Austin Keys,124137,LB,AUBURN,8,0,0,115,59.8,,,,,,56.2,,,67.9,1,0,0,15,29,0,0,6,0
Jared Lawrence,124139,LS,OLE MISS,13,0,0,226,,,86.1,,,74.0,62.7,,,67.0,4,0,74,0,0,0,53,0,0
Henry Parrish Jr.,124144,HB,MIAMI FL,1,0,0,220,,,,,,,52.8,,,67.0,1,0,0,0,6,0,0,0,0
DJ Thomas-Jones,124154,TE,S ALABAMA,4,0,0,288,,,,,,,41.7,,,25.9,0,1,0,0,0,4,0,0,0
Jevon Banks,124157,DI,KANSAS ST,6,0,0,199,58.9,,,,,,59.7,,,66.7,0,0,0,9,0,0,0,2,0
Reed Buys,124159,G,S ALABAMA,7,0,0,288,,,70.4,,,,63.7,,,65.0,0,0,24,0,0,0,0,0,0
Colby Cox,124162,LS,MEMPHIS,13,0,0,218,,,87.4,61.8,,79.5,68.7,,,67.1,1,0,81,0,0,3,46,0,0
Jordan Davis,124163,ED,MISS STATE,5,0,0,227,60.3,,,,,,61.2,,,66.9,0,0,0,15,0,0,0,1,0
Lideatrick Griffin,124169,WR,MISS STATE,12,0,0,227,,,,65.5,,,56.5,,,65.0,0,0,0,0,1,63,1,0,0
Rodney Groce Jr.,124170,LB,UTSA,4,0,0,331,60.1,,,,,,55.1,,,66.9,0,0,0,6,16,0,0,0,0
Hayes Hammond,124171,LS,MISS STATE,12,0,0,227,,,51.7,,,54.2,57.0,,,67.1,2,0,54,0,0,0,58,0,1
Grant Jackson,124174,G,MISS STATE,12,0,0,227,,,77.5,,,,65.6,,,67.0,0,0,54,0,0,0,0,0,0
Woody Marks,124179,HB,MISS STATE,2,0,0,227,,,,,,,60.5,,,63.1,0,0,0,0,2,0,0,0,0
Decamerion Richardson,124183,CB,MISS STATE,12,0,0,227,59.6,,,,,,60.2,,,76.5,0,1,0,53,11,4,0,29,1
Cam Threatt,124188,CB,AKRON,6,0,0,102,,,,,,,62.2,,,69.9,0,0,0,0,8,0,0,6,0
Jaden Walley,124189,WR,MISS STATE,6,0,0,227,,,,,,,50.1,46.3,,27.7,0,1,0,0,10,0,4,8,0
Kris Abrams-Draine,124194,CB,MISSOURI,13,0,0,229,59.7,,,59.1,,,62.2,67.4,,71.7,0,0,0,48,14,6,1,18,0
Luke Bauer,124195,P,MISSOURI,13,0,0,229,,,25.8,,,,46.7,,62.3,67.5,0,0,74,0,0,0,23,0,0
Jaylon Carlies,124196,S,MISSOURI,12,0,0,229,59.8,,,,,,55.2,,,71.4,1,0,0,42,0,12,20,10,0
Brady Cook,124199,QB,MISSOURI,2,0,0,229,,,60.0,,,,60.0,,,60.3,0,0,2,0,0,0,0,0,0
Drake Heismeyer,124205,G,MISSOURI,13,0,0,229,,,63.5,,,,67.6,,,66.2,0,0,15,0,0,0,51,0,1
Javian Hester,124207,WR,OKLAHOMA,6,0,0,261,,,,,,,65.1,,,73.7,0,0,0,0,0,19,1,19,0
Harrison Mevis,124212,K,MISSOURI,13,0,0,229,,82.3,,,75.7,,64.0,,,77.0,0,1,77,0,81,0,0,0,0
Will Norris,124214,LB,MISSOURI,13,0,0,229,,,,,,,62.3,,,46.4,2,1,0,0,83,61,20,54,5
Ennis Rakestraw Jr.,124215,CB,MISSOURI,9,0,0,229,59.8,,,,,,63.3,,,72.6,0,0,0,29,12,0,13,6,1
Johnny Walker Jr.,124221,ED,MISSOURI,13,0,0,229,59.5,,,,,,61.2,,,67.6,0,0,0,38,0,0,0,7,0
Mitchell Walters,124222,T,MISSOURI,13,0,0,229,,,78.9,,,,65.9,,,75.4,0,0,75,0,0,0,51,0,0
Elijah Young,124223,HB,W KENTUCKY,11,0,0,346,,,,55.5,,,56.8,,,77.0,0,0,0,0,33,44,16,21,0
Jaheim Bell,124225,TE,FLORIDA ST,3,0,0,167,,,,,,,59.1,,,67.6,0,0,0,0,0,2,7,0,0
Jordan Burch,124227,ED,OREGON,11,0,0,264,59.3,,,,,,61.5,,,72.2,0,0,0,16,0,0,0,5,0
Luke Doty,124230,WR,S CAROLINA,8,0,0,289,,,,58.7,,,67.7,,,75.0,0,0,0,0,0,7,0,24,0
Bradley Dunn,124231,HB,S CAROLINA,6,0,0,289,,,,,,,60.2,,,73.2,0,0,0,0,0,22,19,2,0
Gilber Edmond,124233,ED,FLORIDA ST,9,0,0,167,60.1,,,,,,61.7,60.0,,66.9,0,0,0,13,0,0,0,4,0
O'Donnell Fortune,124235,CB,S CAROLINA,11,0,0,289,59.7,,,,,,65.9,,,78.8,0,0,0,40,0,0,35,10,1
Landon Grier,124237,S,S CAROLINA,2,0,0,289,60.0,,,,,,60.0,,,63.8,0,0,0,1,0,0,0,1,0
Tonka Hemingway,124238,DI,S CAROLINA,12,0,0,289,58.3,,73.8,,,,62.1,,,75.1,1,0,49,18,0,19,62,9,0
Dominick Hill,124239,CB,TEMPLE,11,0,0,306,59.6,,,59.9,,,66.3,,,76.9,0,0,0,45,32,71,0,8,3
Joey Hunter,124240,CB,AKRON,8,0,0,102,59.9,,,,,,63.2,,,74.0,0,0,0,8,12,0,0,22,0
Alex Huntley,124241,DI,S CAROLINA,12,0,0,289,57.4,,65.6,,,,61.1,,,70.5,1,0,16,46,0,3,62,7,0
Mitch Jeter,124242,K,S CAROLINA,12,0,0,289,,78.1,,,81.5,,63.6,,,75.8,0,0,48,0,64,0,0,0,3
Trai Jones,124243,G,S CAROLINA,8,0,0,289,,,70.0,,,,67.6,,,66.5,0,0,31,0,0,22,0,0,0
Mohamed Kaba,124244,LB,S CAROLINA,1,0,0,289,,,,,,,61.1,,,67.0,0,0,0,0,4,0,1,0,0
Kai Kroeger,124245,P,S CAROLINA,12,0,0,289,,,66.3,,,,63.5,,71.3,73.7,0,1,49,0,0,0,62,0,0
Vershon Lee,124246,C,S CAROLINA,4,0,0,289,,,64.6,,,,62.7,,,68.3,0,0,13,0,0,0,0,0,0
MarShawn Lloyd,124247,HB,USC,1,0,0,326,,,,,,,60.0,,,63.9,0,0,0,0,0,0,1,0,0
Payton Mangrum,124248,WR,S CAROLINA,12,1,0,289,,,,,,,62.0,,,79.8,0,0,0,0,41,68,31,31,0
Hunter Rogers,124252,LS,S CAROLINA,12,0,0,289,,,19.1,,,5.9,44.9,,,67.9,0,0,49,0,0,3,62,0,4
Makius Scott,124255,DI,GA TECH,13,0,0,176,58.4,,,,,,59.0,,,69.5,0,0,0,46,0,0,0,6,0
Eric Shaw,124257,ED,TROY,13,1,0,318,59.6,,,,,,61.6,,,29.6,1,1,0,3,70,0,0,31,2
Tyshawn Wannamaker,124261,T,S CAROLINA,1,0,0,289,,,60.0,,,,60.8,,,66.6,0,0,3,0,0,0,0,0,0
Dominic Bailey,124267,ED,TENNESSEE,8,0,0,307,59.2,,,,,,60.4,,,66.6,0,0,0,13,0,0,0,3,0
Tyler Baron,124268,ED,TENNESSEE,11,0,0,307,58.8,,,,,,59.5,,,67.4,0,0,0,31,0,0,0,3,0
Will Brooks,124273,S,TENNESSEE,10,0,0,307,60.0,,,,,,62.4,,,78.7,0,0,0,11,45,36,39,38,1
Jimmy Calloway,124274,WR,LOUISVILLE,10,0,0,210,,,,,,,58.2,,,75.2,2,0,0,0,2,8,31,26,0
Bryson Eason,124276,DI,TENNESSEE,11,0,0,307,90.0,,,,,,91.0,,,65.9,0,0,0,14,0,0,0,1,0
Martavius French,124277,LB,UTSA,13,0,0,331,59.9,,,,,,58.4,,,33.4,0,1,0,29,60,1,0,6,0
Jimmy Holiday,124281,WR,W KENTUCKY,9,0,0,346,,,,,,,53.5,,,73.0,0,0,0,0,2,42,0,0,0
Morven Joseph,124285,ED,FAU,12,0,0,165,59.6,,,,,,70.9,,,84.3,0,0,0,18,40,10,0,31,1
Key Lawrence,124286,S,OKLAHOMA,11,0,0,261,59.7,,,,,,61.5,,,73.4,0,0,0,22,1,1,1,1,0
Tamarion McDonald,124290,S,TENNESSEE,9,0,0,307,60.1,,,,,,61.3,,,64.0,0,0,0,31,0,0,0,3,0
R.J. Perry,124292,T,USF,6,0,0,327,,,72.2,,,,56.8,,,27.9,0,1,37,0,0,0,0,0,0
James Robinson,124295,G,S ALABAMA,12,0,0,288,,,77.9,,,,65.6,,,64.3,0,0,55,0,0,0,0,0,0
Matthew Salansky,124296,LS,TENNESSEE,13,0,0,307,,,89.7,,,84.7,81.7,,,67.6,0,0,69,0,0,2,55,0,2
Doneiko Slaughter,124297,CB,TENNESSEE,9,0,0,307,59.6,,,,,,61.1,,,70.2,0,0,0,25,0,0,0,1,0
Jabari Small,124298,HB,TENNESSEE,1,0,0,307,,,,,,,60.0,,,64.8,0,0,0,0,0,1,0,0,0
Omari Thomas,124300,DI,TENNESSEE,11,0,0,307,75.5,,68.4,,,,82.0,,,67.0,0,0,24,32,0,0,0,2,0
William Wright,124304,S,TENNESSEE,11,0,0,307,,,,,,,64.6,,,82.4,0,0,0,0,44,46,37,35,1
Edgerrin Cooper,124311,LB,TEXAS A&M,12,1,0,312,59.7,,,,,,67.9,,,74.6,0,0,0,37,62,0,34,9,4
Earnest Crownover,124312,FB,TEXAS A&M,10,0,0,312,,,,,,,85.1,,,75.8,0,0,0,0,0,46,0,0,0
Fadil Diggs,124314,ED,TEXAS A&M,12,0,0,312,58.8,,,,,,58.4,,,67.6,0,0,0,28,0,0,34,4,0
Brian George,124317,CB,HOUSTON,5,0,0,182,60.1,,,,,,61.7,,,68.3,0,0,0,12,0,0,0,3,0
Jacob Graham,124318,LS,TEXAS A&M,13,1,0,312,,,78.0,,,82.5,75.6,,,66.7,0,0,84,0,0,0,42,0,0
Darvon Hubbard,124320,HB,TEMPLE,11,0,0,306,,,,58.3,,,54.3,,,73.8,0,0,0,0,5,70,1,0,0
McKinnley Jackson,124324,DI,TEXAS A&M,12,0,0,312,58.3,,,,,,58.7,,,68.7,0,0,0,46,0,0,0,3,0
Andrew Merrick,124330,LB,TEXAS A&M,1,0,0,312,,,,,,,60.4,,,62.9,0,0,0,0,2,0,0,0,0
Josh Moten,124332,CB,MARSHALL,13,0,0,214,59.9,,,,,,61.1,61.9,,64.3,0,0,0,47,0,0,0,5,0
Moose Muhammad III,124334,WR,TEXAS A&M,4,0,0,312,,,,,,,60.4,36.5,,65.8,0,0,0,0,0,1,0,7,0
Aki Ogunbiyi,124335,G,TEXAS A&M,4,0,0,312,,,68.4,,,,63.4,,,64.1,0,0,27,0,0,0,0,0,0
Devin Price,124339,WR,FAU,6,0,0,165,,,,,,,62.7,,,72.1,0,0,0,0,2,32,1,4,0
Isaiah Raikes,124340,DI,TEXAS A&M,12,0,0,312,58.7,,,,,,60.2,,,67.6,0,0,0,22,0,0,38,2,0
Blake Smith,124341,TE,OKLAHOMA,10,0,0,261,,,75.5,,,,68.6,,,67.3,0,0,60,0,0,15,0,0,0
Dallas Walker IV,124342,DI,W KENTUCKY,4,0,0,346,59.3,,,,,,59.9,,,64.8,0,0,0,5,0,0,0,1,0
Bradley Ashmore,124344,T,VANDERBILT,12,0,0,333,,,71.9,,,,63.1,,,67.6,0,0,40,0,0,0,60,0,0
Ethan Barr,124345,LB,VANDERBILT,12,1,0,333,59.9,,,,,,57.6,,,75.8,1,0,0,45,0,87,60,5,0
Jason Brooks Jr.,124347,G,OKLA STATE,7,0,0,262,,,74.8,,,,57.9,,,27.9,0,1,37,0,0,0,0,0,0
Rocko Griffin,124350,HB,UTSA,9,0,0,331,,,,,,,61.3,,,70.1,0,0,0,0,0,35,0,3,0
Donovan Kaufman,124351,S,AUBURN,12,1,0,115,59.8,,,,,,47.7,,,36.7,2,1,0,33,57,0,61,21,1
Logan Kyle,124353,TE,VANDERBILT,11,0,0,333,,,,,,,69.4,,,79.8,0,0,0,0,0,79,0,12,0
Wesley Schelling,124358,LS,VANDERBILT,12,0,0,333,,,83.4,,,31.6,43.6,,,67.3,0,0,40,0,0,0,60,0,0
Will Sheppard,124360,WR,VANDERBILT,8,0,0,333,,,,60.0,,,61.2,41.2,,66.7,0,0,0,0,0,1,0,30,0
Trent Weaver,124363,G,VANDERBILT,10,0,0,333,,,69.2,,,,63.5,,,66.3,0,0,28,0,0,0,0,0,0
Raashaan Wilkins Jr.,124365,DI,UCONN,8,0,0,146,58.5,,,,,,58.5,,,66.0,0,0,0,17,0,0,0,0,0
De'Rickey Wright,124367,S,VANDERBILT,10,0,0,333,59.7,,,,,,54.8,,,68.2,0,0,0,40,34,1,0,8,0
Joshua Braun,124371,G,ARKANSAS,4,0,0,111,,,68.3,,,,63.4,,,67.4,0,0,16,0,0,0,0,0,0
Jeremy Crawshaw,124372,P,FLORIDA,12,0,0,163,,,67.0,,60.1,,63.2,,80.4,71.4,0,1,59,0,1,0,43,0,0
Ja'Quavion Fraziars,124375,WR,FLORIDA,12,0,0,163,,,,,,,48.4,,,28.5,2,3,0,0,72,71,43,35,1
Avery Helm,124379,CB,TCU,8,0,0,305,59.9,,,,,,61.6,,,69.8,0,0,0,27,0,0,0,4,0
Xzavier Henderson,124380,WR,CINCINNATI,12,0,0,138,,,,55.0,,,61.4,,,71.3,0,0,0,0,2,64,24,0,1
Kahleil Jackson,124381,WR,FLORIDA,9,0,0,163,,,,,,,63.6,,,78.1,0,0,0,0,0,57,0,24,0
Tre'Vez Johnson,124383,S,MISSOURI,13,0,0,229,60.5,,,58.3,,,63.2,60.0,,90.1,3,0,0,21,55,25,34,7,4
Jalen Lee,124385,DI,LSU,1,0,0,211,59.6,,,,,,59.8,,,62.4,0,0,0,1,0,0,0,0,0
Gerald Mincey,124388,T,TENNESSEE,4,0,0,307,,,66.3,,,,62.9,,,64.3,0,0,21,0,0,0,0,0,0
Antwaun Powell-Ryland,124392,ED,VA TECH,13,0,0,337,58.7,,,,,,59.5,,,67.0,0,0,0,39,0,0,0,5,0
Jahari Rogers,124394,CB,SMU,14,0,0,287,59.6,,,,,,61.8,,,29.8,0,1,0,15,14,0,27,30,3
Princely Umanmielen,124398,ED,FLORIDA,1,0,0,163,,,,,,,60.0,,,64.4,0,0,0,0,0,0,0,1,0
Kamar Wilcoxson,124400,S,TEMPLE,8,0,0,306,59.9,,,,,,37.6,,,28.2,1,1,0,1,36,16,0,4,1
Derek Wingo,124401,LB,FLORIDA,11,0,0,163,,,,,,,60.8,,,80.0,0,0,0,0,26,37,30,30,0
Malcolm Johnson Jr.,124402,WR,AUBURN,3,0,0,115,,,,,,,44.2,,,72.5,2,0,0,0,10,0,12,0,0
Oscar Chapman,124403,P,AUBURN,13,0,0,115,,,66.6,,58.3,,44.6,,78.2,27.5,0,3,54,0,2,0,62,0,0
Josh Manning,124519,WR,MISSOURI,12,0,0,229,,,,,,,64.9,,,72.8,1,0,0,0,26,56,0,0,1
James Williams,124654,ED,NEBRASKA,1,0,0,238,,,,,,,63.0,,,68.3,0,0,0,0,0,0,0,7,0
Preston Stone,124716,QB,SMU,3,0,0,287,,,,,,,60.0,,64.8,65.7,0,0,0,0,0,0,4,0,0
Jayden Jones,124724,ED,SMU,10,1,0,287,59.9,,,,,,51.1,,,69.2,0,0,0,2,55,0,0,2,0
Cooper Mailand,124728,FB,WYOMING,2,0,0,351,,,,,,,90.2,,,67.1,0,0,0,0,1,10,0,0,0
Keegon Addison,124732,ED,LA MONROE,1,0,0,209,59.8,,,,,,60.0,,,62.7,0,0,0,1,0,0,0,0,0
Andrew Paul,124736,HB,GEORGIA,3,0,0,173,,,,59.6,,,60.0,,,63.8,0,0,0,0,0,3,0,0,0
Jack Tchienchou,124782,S,TROY,5,0,0,318,60.0,,,,,,52.6,,,73.1,3,1,0,1,26,0,7,15,2
Junior Colson,124827,LB,MICHIGAN,11,0,0,222,59.7,,,,,,60.0,,,63.3,0,0,0,25,0,0,0,0,0
Jake Briningstool,124831,TE,CLEMSON,6,0,0,140,,,,,,,59.9,,,73.6,0,0,0,0,0,22,0,0,0
Trevor Andrews,124833,LB,MICHIGAN,1,0,0,222,60.0,,,,,,60.0,,,60.7,0,0,0,1,0,0,0,0,0
Myles Pollard,124835,CB,MICHIGAN,1,0,0,222,60.0,,,,,,60.0,,,63.5,0,0,0,1,0,0,0,0,0
Logan Muckey,124972,WR,MISSOURI,13,0,0,229,,,,,,,68.6,,,38.8,0,1,0,0,0,61,0,54,0
Armand Membou,125008,T,MISSOURI,13,0,0,229,,,76.2,,,,65.1,,,66.4,0,0,71,0,0,0,0,0,0
Jaylin Noel,125155,WR,IOWA STATE,12,0,0,193,,,,78.7,,,60.3,66.5,,67.6,0,0,0,0,0,55,0,52,0
Micah Davis,125264,WR,UTAH ST,11,0,0,329,,,,52.0,,,69.3,86.1,,72.0,0,0,0,0,0,64,0,62,0
Camby Goff,125268,S,AIR FORCE,1,0,0,101,,,,,,,61.6,,,66.4,0,0,0,0,0,0,0,4,0
Jayden Goodwin,125269,S,AIR FORCE,13,0,0,101,60.4,,,,,,65.5,60.0,,75.4,0,0,0,41,0,0,40,43,1
Alec Mock,125275,LB,AIR FORCE,13,0,0,101,59.8,,,,,,65.0,,,79.6,0,0,0,41,1,0,7,19,0
Trey Taylor,125278,S,AIR FORCE,13,0,0,101,80.8,,,,,,83.9,,,76.6,1,0,0,41,0,0,33,54,1
Johnathan Youngblood,125280,LB,AIR FORCE,13,0,0,101,60.0,,,,,,65.6,,,80.3,0,0,0,41,0,0,40,63,0
Courtney Eubanks,125287,CB,COAST CAR,13,0,0,141,59.6,,,,,,63.8,,,74.4,0,0,0,21,0,0,0,24,0
Dominic Gonnella,125290,HB,USF,10,1,0,327,,,,,,,64.5,,,84.1,0,0,0,0,46,54,20,42,3
Marques Sigle,125305,CB,KANSAS ST,12,0,0,199,80.0,,,,,,87.4,,,64.8,0,0,0,50,8,0,0,2,0
Zae Baines,125316,WR,TEMPLE,8,0,1,306,,,,,,,45.3,,,28.7,0,1,0,0,0,13,23,14,0
Rory Bell,125317,K,CINCINNATI,7,0,0,138,,,,,73.7,,62.2,,,74.5,1,0,0,0,32,0,0,0,1
James Della Pesca,125322,TE,TEMPLE,12,0,0,306,,,71.8,,,,64.0,,,64.5,0,0,38,0,0,0,0,0,0
Magnus Geers,125326,TE,NEW MEXICO,3,0,0,241,,,64.6,,,,62.3,,,61.0,0,0,14,0,0,0,0,0,0
Daiyaan Hawkins,125329,CB,TEMPLE,6,0,0,306,59.7,,,,,,53.8,,,74.6,0,0,0,20,11,0,8,4,0
Demerick Morris,125335,DI,TEMPLE,2,0,0,306,58.8,,,,,,59.3,,,65.5,0,0,0,7,0,0,0,1,0
Alex Odom,125337,S,TEMPLE,10,0,0,306,60.4,,,,,,67.3,,,76.3,0,0,0,41,26,0,23,29,2
Bryce Thoman,125342,C,TEMPLE,8,0,0,306,,,71.8,,,,63.3,,,64.9,0,0,25,0,0,0,1,0,0
Chevy Trask Jr.,125343,DI,TEMPLE,4,0,0,306,58.7,,,,,,58.6,,,64.7,0,0,0,7,0,0,0,0,0
Darian Varner,125344,ED,WISCONSIN,2,0,0,349,59.2,,,,,,59.4,,,62.8,0,0,0,2,0,0,0,0,0
Kobe Wilson,125348,LB,SMU,14,2,0,287,59.3,,,,,,78.6,,,77.6,0,0,0,27,46,10,19,10,6
D.J. Woodbury,125349,LB,TEMPLE,5,0,0,306,60.2,,,,,,61.2,,,72.6,0,1,0,16,3,18,19,10,0
Marco Baker,125351,CB,JVILLE ST,13,0,0,196,59.7,,,,,,71.6,,,81.6,0,0,0,19,26,0,12,62,1
Jacob Dennison,125354,T,OHIO,13,0,0,259,,,76.1,,,,65.9,,,75.5,0,0,64,0,0,0,0,0,0
Yessman Green,125356,CB,JVILLE ST,9,0,0,196,59.9,,,,,,58.6,,,29.5,0,1,0,1,46,6,0,42,1
Javarius Hoskins,125359,ED,JVILLE ST,11,0,0,196,59.5,,,,,,64.2,,,66.4,0,0,0,5,0,0,59,4,0
Jamari Jemison,125364,CB,JVILLE ST,2,0,0,196,,,,,,,62.1,,,68.3,0,0,0,0,4,0,0,6,0
Jacob Jenkins,125365,TE,LIBERTY,1,0,0,206,,,,,,,60.2,,,67.3,0,0,0,0,0,8,0,0,0
Jayson Jones,125367,WR,JVILLE ST,5,0,0,196,,,,,,,60.1,,,67.2,0,0,0,0,0,19,0,0,0
Alen Karajic,125368,K,JVILLE ST,12,0,0,196,,73.8,,,78.3,,63.6,,,75.6,1,0,64,0,63,0,0,0,0
Will O'Steen,125373,T,JVILLE ST,13,0,0,196,,,76.8,,,,57.2,,,28.7,0,1,70,0,0,0,3,0,0
J-Rock Swain,125377,ED,JVILLE ST,11,0,0,196,58.5,,,,,,49.7,,,28.2,0,1,0,28,0,0,0,13,0
Zion Kelly,125397,CB,AIR FORCE,13,0,1,101,,,,,,,44.5,,,82.4,1,1,0,0,65,43,23,1,2
Kupono Blake,125402,DI,AIR FORCE,10,0,0,101,59.6,,,,,,62.8,,,69.4,0,0,0,13,0,0,0,9,0
Corey Collins,125404,CB,AIR FORCE,10,0,0,101,60.0,,,,,,65.5,,,80.0,0,0,0,4,22,5,0,41,1
Brant Ahlfinger,125660,HB,TCU,6,0,0,305,,,,,,,70.6,,,68.7,0,0,0,0,0,26,0,0,0
James Brockermeyer,125681,C,ALABAMA,14,0,0,103,,,78.1,,,,65.5,,,64.5,0,0,81,0,0,0,0,0,0
Tommy Brockermeyer,125696,T,TCU,3,0,0,305,,,69.0,,,,63.8,,,72.5,0,0,23,0,0,0,0,0,0
Luke Hasz,125950,TE,ARKANSAS,3,0,0,111,,,,,,,60.2,,,67.2,0,0,0,0,0,15,0,0,0
Dylan Hasz,126029,S,ARKANSAS,12,0,0,111,,,,59.9,,,64.3,,,77.0,0,0,0,0,50,68,0,36,0
Ben Marshall,126117,TE,CAL,2,0,0,130,,,,,,,66.1,,,67.4,0,0,0,0,3,6,0,2,1
Noah Josey,126259,G,VIRGINIA,7,0,0,335,,,70.5,,,,64.2,,,73.2,0,0,29,0,0,0,0,0,0
James Stewart,126263,ED,MIDDLE TN,9,0,0,224,59.1,,,,,,61.4,,,75.9,0,0,0,13,19,1,0,29,1
Mo Horn,126328,CB,TEXAS TECH,10,0,0,315,59.8,,,,,,72.7,,,79.2,1,0,0,32,17,5,3,39,1
Jackson Schultze,126368,G,FIU,2,0,0,166,,,60.0,,,,61.6,,,63.4,0,0,8,0,0,0,0,0,0
Landon Ransom-Goelz,126402,WR,RICE,5,0,0,275,,,,,,,60.3,,,68.0,0,0,0,0,0,28,0,0,0
Langston Patterson,126465,LB,VANDERBILT,11,1,0,333,59.9,,,59.4,,,71.5,,,78.4,4,0,0,34,45,78,47,23,5
Cade Law,126476,LB,N CAROLINA,11,1,0,245,,,,,,,64.9,,,78.7,0,0,0,0,45,55,0,3,0
Kriston Esnard,126596,K,UCF,3,0,0,323,,,,,,,61.2,,,73.4,0,0,0,0,3,0,0,0,0
Justin Weaver,126597,CB,ARMY,11,0,0,114,,,,,,,66.3,61.7,,76.2,0,0,0,0,47,0,11,31,1
Stephen Kittleman,126906,QB,TULSA,12,0,0,320,,,66.4,,,,65.3,,,73.5,0,0,51,0,1,13,0,17,0
Alex Broome,126959,HB,BOSTON COL,1,0,0,121,,,,,,,59.9,,,65.7,0,0,0,0,0,5,0,0,0
Jay Fair,127145,WR,AUBURN,1,0,0,115,,,,,,,62.0,50.0,,65.9,0,0,0,0,0,0,0,6,0
Jordan Nabors,127151,HB,BAYLOR,7,0,0,118,,,,60.0,,,60.4,,,63.8,0,0,0,0,0,36,0,0,0
Grady Brewer,127171,S,N TEXAS,4,0,0,251,,,,,,,66.9,,,71.9,0,0,0,0,17,24,2,11,0
Avyonne Jones,127249,CB,COAST CAR,13,0,0,141,60.0,,,,,,69.0,,,74.9,0,0,0,2,0,28,0,32,0
RJ Maryland,127250,TE,SMU,11,0,0,287,,,,61.8,,,64.9,,,71.9,0,0,0,0,0,45,1,0,0
Cinque Williams,127302,S,UTSA,5,0,0,331,,,,,,,49.9,,,70.7,1,0,0,0,6,0,10,8,0
Jayden Rowe,127409,CB,OKLAHOMA,1,0,0,261,,,,,,,62.9,,,67.9,0,0,0,0,10,0,0,1,0
Will Thomas,127412,C,UNLV,13,0,0,325,,,78.8,,,,67.0,,,77.8,0,0,80,0,0,0,0,0,0
AJ Green,127442,HB,ARKANSAS,11,0,0,111,,,,,,,65.5,,,78.3,0,0,0,0,22,0,41,27,2
Grayson Tempest,127630,WR,TULSA,12,0,0,320,,,,,,,52.8,,,79.6,3,0,0,0,55,65,21,21,3
Devin Robinson,127648,S,TULSA,3,0,0,320,,,,,,,78.0,,,69.1,0,0,0,0,0,5,0,4,0
Jaden Bray,127787,WR,OKLA STATE,2,0,0,262,,,,,,,41.7,,,26.1,0,1,0,0,0,0,4,0,0
Kannon Webb,127826,WR,TEXAS ST,1,0,0,314,,,,,,,62.4,,,67.5,0,0,0,0,0,0,0,5,0
Elijah Fisher,127950,G,LA MONROE,1,0,0,209,,,,,,,60.0,,,61.8,0,0,0,0,0,0,1,0,0
Rico Barfield,128012,HB,BALL ST,9,0,0,117,,,,,,,69.7,,,69.3,0,0,0,0,0,35,0,1,0
Seth Marcione,128016,LB,LSU,1,0,0,211,,,,,,,60.0,,,63.6,0,0,0,0,1,0,0,0,0
Christian Gray,128036,CB,NOTRE DAME,12,0,0,258,59.9,,,,,,78.6,,,74.3,0,0,0,8,1,33,2,23,0
Elijah Thomas,128040,S,NEW MEX ST,2,0,0,242,,,,,,,48.6,,,71.0,1,0,0,0,2,0,0,4,0
Mekhi Wingo,128050,DI,LSU,8,0,0,211,58.6,,,,,,60.1,,,70.8,0,0,0,29,0,0,0,6,0
Mac Markway,128064,TE,LSU,8,0,0,211,,,,,,,58.1,,,70.1,0,0,0,0,0,39,0,0,0
Viczaril Alobwede,128071,ED,N TEXAS,12,0,0,251,59.1,,,,,,59.9,,,70.7,0,0,0,67,0,0,0,0,0
Tristan Armstrong,128072,CB,UMASS,4,0,0,216,59.9,,,,,,66.2,,,70.9,0,0,0,4,17,0,4,1,1
Josh Atwood,128073,C,UMASS,9,0,0,216,,,75.1,,,,65.3,,,71.4,0,0,42,0,0,0,0,0,0
Aaron Beckwith,128074,DI,UMASS,12,1,0,216,58.1,,,,,,60.7,,,68.3,1,0,0,21,0,0,52,0,1
Josh Brunelle,128077,LB,UMASS,5,0,0,216,60.0,,,,,,46.0,,,28.1,0,1,0,1,7,20,0,7,0
Osei Dixon,128081,CB,UMASS,1,0,0,216,,,,,,,60.0,,,63.4,0,0,0,0,1,0,0,0,0
Jonny Hassard,128082,T,UMASS,10,0,0,216,,,16.5,,,,29.5,,,66.3,0,0,48,0,0,0,0,0,0
Gerrell Johnson,128085,LB,UMASS,12,1,1,216,59.3,,,,,,44.8,,,74.4,3,1,0,59,55,0,54,0,2
Cody Jones,128086,S,GA STATE,10,0,0,175,60.0,,,,,,55.6,,,77.1,0,0,0,2,25,8,3,34,0
Hugo Klages,128087,DI,UMASS,1,0,0,216,59.6,,,,,,60.0,,,64.1,0,0,0,1,0,0,5,0,0
Nahji Logan,128090,LB,UMASS,6,0,0,216,60.2,,,,,,46.8,,,70.9,0,1,0,7,0,0,25,0,0
Jackson Manning,128093,TE,UMASS,8,0,0,216,,,72.3,,,,60.7,,,64.6,0,0,40,0,0,0,3,0,0
Ethan Mottinger,128100,T,UMASS,10,0,0,216,,,73.9,,,,65.1,,,73.1,0,0,48,0,0,0,0,0,0
Te'Rai Powell,128102,S,UMASS,12,0,0,216,59.8,,,,,,49.2,,,70.6,1,0,0,61,49,1,6,12,2
Myles Turner,128105,LB,UMASS,5,0,0,216,59.7,,,,,,64.3,,,65.4,0,0,0,10,2,5,0,0,1
Austin Bolt,128118,WR,BOISE ST,4,0,0,120,,,,,,,85.2,,,65.8,0,0,0,0,2,5,1,0,0
Jaylen Clark,128122,CB,BOISE ST,14,0,0,120,60.3,,,,,,68.0,,,76.2,0,0,0,46,37,0,0,27,2
Herbert Gums,128130,DI,BOISE ST,14,0,0,120,58.6,,,,,,61.9,,,71.6,0,0,0,34,0,0,0,20,0
Gabe Hunter,128132,ED,BOISE ST,2,0,0,120,,,,,,,65.0,,,68.3,0,0,0,0,0,0,0,10,0
Kyle Juergens,128133,C,UCONN,4,0,0,146,,,62.3,,,,62.3,,,63.6,0,0,13,0,0,0,0,0,0
Kaonohi Kaniho,128134,CB,BOISE ST,13,0,1,120,89.2,,,,,,65.2,60.3,,42.8,1,1,0,37,71,30,0,34,1
Amari Williams,128142,DI,LIBERTY,1,0,0,206,59.7,,,,,,60.0,,,61.8,0,0,0,1,0,0,0,0,0
Cole Wright,128143,WR,BOISE ST,8,0,0,120,,,,58.2,,,60.3,63.8,,64.5,0,0,0,0,0,30,0,5,0
Cam Bariteau,128145,DI,COLO STATE,11,0,0,144,57.7,,,,,,60.4,,,69.2,0,0,0,32,0,0,48,9,1
Henry Blackburn,128146,S,COLO STATE,12,3,0,144,59.6,,,,,,75.0,,,73.7,1,0,0,65,63,1,54,0,5
Brandon Guzman,128153,CB,COLO STATE,12,0,0,144,59.9,,,,,,69.0,60.3,,77.9,0,0,0,1,64,0,0,22,1
Tautai Li'o Marks,128158,G,TULSA,2,0,0,320,,,64.7,,,,62.5,,,65.3,0,0,10,0,0,0,0,0,0
James Mitchell,128160,DI,COLO STATE,12,0,0,144,57.8,,,,,,59.5,,,70.2,0,0,0,26,0,0,54,6,0
Dane Olson,128163,WR,COLO STATE,12,0,0,144,,,,,,,61.7,,,37.8,0,1,0,0,0,72,0,36,0
Owen Snively,128166,G,E MICHIGAN,12,0,0,160,,,75.3,,,,65.4,,,72.6,0,0,44,0,0,0,0,0,0
Chase Wilson,128170,LB,COLO STATE,12,1,0,144,59.9,,,,,,59.1,,,51.7,1,1,0,56,58,1,48,15,1
Kosi Agina,128171,S,FRESNO ST,10,1,0,169,60.0,,,,,,60.1,,,79.6,1,0,0,2,41,37,38,33,1
Jordan Brown,128172,WR,FRESNO ST,1,0,0,169,,,,,,,60.0,,,64.8,0,0,0,0,0,1,0,0,0
Mac Dalena,128174,WR,FRESNO ST,11,0,0,169,,,,,,,63.9,,,73.1,0,0,0,0,2,13,6,29,0
Logan Fife,128176,QB,FRESNO ST,12,0,0,169,,,24.9,,,,43.3,,,61.2,0,0,63,0,0,0,0,0,0
Tyler Mello,128186,LB,FRESNO ST,13,2,2,169,60.0,,,,,,83.7,,,30.0,2,3,0,1,79,39,52,58,7
Julian Polendo,128188,C,FRESNO ST,11,0,0,169,,,74.6,,,,64.6,,,65.7,0,0,59,0,0,0,0,0,0
Malik Sherrod,128189,HB,FRESNO ST,10,0,0,169,,,,69.5,,,61.7,,,67.1,0,0,0,0,0,52,1,0,0
Ezra Evaimalo,128195,DI,HAWAII,8,0,0,180,60.0,,,,,,60.9,,,66.8,0,0,0,10,0,0,17,3,0
Ben Falck,128196,P,HAWAII,13,0,0,180,,,66.3,,83.9,,63.3,,,73.8,0,0,50,0,57,0,0,0,0
Kilohana Haasenritter,128199,HB,OREGON,3,0,0,264,,,,,,,62.4,,,65.4,0,0,0,0,9,0,0,0,0
Cam Lockridge,128202,CB,FRESNO ST,4,0,0,169,59.7,,,,,,69.8,,,70.2,0,0,0,7,0,0,9,4,1
Tamatoa Mokiao-Atimalala,128204,WR,HAWAII,6,0,0,180,,,,,,,59.6,,,68.4,0,0,0,0,0,28,0,0,0
Koali Nishigaya,128207,WR,HAWAII,5,0,0,180,,,,55.8,,,60.5,63.9,,64.7,0,0,0,0,0,21,0,8,0
Matthew Shipley,128212,K,HAWAII,13,0,0,180,,78.0,,,,,54.3,,43.6,35.7,1,4,50,0,0,0,61,0,0
Maurice Ta'ala,128215,G,HAWAII,1,0,0,180,,,60.0,,,,60.6,,,61.5,0,0,2,0,0,0,0,0,0
John Tuitupou,128217,DI,HAWAII,12,0,0,180,59.9,,,,,,61.0,,,69.7,0,0,0,57,0,1,0,5,0
Marquese Allen-Patmon,128219,S,NEVADA,8,0,0,239,,,,,,,51.7,,,31.3,2,2,0,0,23,9,13,11,2
Nick Barcelos,128220,LS,NEVADA,12,1,0,239,,,47.5,,,69.3,68.2,,,67.6,1,0,39,0,0,0,66,0,1
Jamaal Bell,128222,WR,NEVADA,12,0,0,239,,,,57.6,,,59.6,,,65.7,0,0,0,0,3,73,0,1,0
Davion Blackwell,128223,LB,NEVADA,9,0,0,239,59.9,,,,,,50.2,,,27.6,0,2,0,17,29,0,6,0,0
Micah Camat,128225,S,NEVADA,12,0,0,239,60.0,,,,,,64.1,,,79.0,0,0,0,1,41,65,14,34,0
Matt Freem,128228,P,NEVADA,12,0,0,239,,,65.4,,,,63.6,,67.4,74.5,0,0,39,0,0,0,66,0,1
Jeremiah Gradowitz,128230,WR,NEVADA,1,0,0,239,,,,,,,60.0,,,66.0,0,0,0,0,0,0,0,1,0
Devin Gunter,128231,CB,NEVADA,11,0,0,239,59.5,,,59.9,,,67.5,,,75.0,0,0,0,15,1,26,3,32,0
Tory Horton,128232,WR,COLO STATE,12,0,0,144,,,,,,,62.2,74.9,,68.1,0,0,0,1,4,1,0,46,0
Matthew Killam,128233,K,NEVADA,12,0,0,239,,,,,79.3,,63.0,,,76.2,0,0,0,0,48,0,0,0,0
Micah Lilo,128236,LB,NEVADA,10,0,0,239,60.1,,,,,,55.0,,,74.5,0,0,0,3,1,11,5,23,0
Tongiaki Mateialona,128238,LB,NEVADA,12,0,0,239,59.7,,,,,,65.1,,,70.7,1,0,0,42,8,35,0,11,1
Peter Montini,128239,TE,COLO STATE,11,1,0,144,,,72.9,,,,65.1,,,39.0,1,2,44,0,52,63,49,30,1
Avery Morrow,128240,HB,COLO STATE,7,0,0,144,,,62.9,59.4,,,60.4,,,69.7,0,0,11,0,0,33,0,7,0
Charlie Pollock,128242,P,OLE MISS,13,0,0,226,,,67.8,,,,62.4,,,61.3,0,0,74,0,0,0,0,0,0
Frank Poso,128243,T,NEVADA,9,0,0,239,,,73.0,,,,64.2,,,63.5,0,0,29,0,0,0,0,0,0
Zeke Robbins,128244,S,NEVADA,12,0,0,239,59.9,,,,,,58.7,,,73.3,1,0,0,13,20,0,55,0,2
Grant Starck,128245,G,OREGON ST,10,0,0,265,,,75.3,,,,65.1,,,76.0,0,0,57,0,0,0,1,0,0
Teivis Tuioti,128247,G,COLO STATE,10,0,0,144,,,75.3,,,,65.2,,,72.1,0,0,44,0,0,0,6,0,0
Adam Weynand,128248,ED,NEVADA,12,0,0,239,59.6,,,60.0,,,66.4,,,49.6,1,2,0,4,46,78,57,30,5
Thomas Witte,128249,ED,NEVADA,12,0,0,239,59.2,,60.0,,,,61.5,,,69.2,0,0,1,38,0,0,49,8,0
Leke Asenuga,128251,G,N TEXAS,11,0,0,251,,,75.0,,,,64.8,,,66.2,0,0,62,0,0,0,0,0,0
Walter Baca,128252,C,NEW MEXICO,4,0,0,241,,,68.3,,,,63.1,,,63.0,0,0,15,0,0,0,0,0,0
Jer'Marques Bailey,128253,T,NEW MEXICO,12,0,0,241,,,73.5,,,,51.6,,,67.8,2,0,52,0,0,0,43,0,0
Tavian Combs,128258,S,NEW MEXICO,5,0,0,241,90.4,,,,,,91.4,,,65.0,0,0,0,31,0,0,0,0,0
Kyler Drake,128260,ED,NEW MEXICO,11,0,0,241,58.8,,71.8,,,,62.4,,,66.8,0,0,38,26,0,0,0,7,0
Dion Hunter,128264,LB,CINCINNATI,8,2,0,138,60.0,,,,,,71.0,,,69.3,0,0,0,2,43,0,0,0,1
Ray Leutele,128269,LB,NEW MEXICO,2,0,0,241,60.1,,,,,,60.1,,,62.3,0,0,0,5,0,0,0,0,0
Cody Moon,128273,LB,S DIEGO ST,12,0,0,284,59.8,,,,,,58.1,,,68.9,0,0,0,34,26,1,0,2,1
Syaire Riley,128277,ED,NEW MEXICO,10,0,0,241,59.6,,,,,,61.7,,,28.9,0,2,0,51,3,16,0,16,0
Bryce Santana,128279,DI,NEW MEXICO,11,0,0,241,58.4,,,52.4,,,62.6,,,74.4,0,0,0,16,0,27,0,11,0
Connor Witthoft,128287,TE,NEW MEXICO,2,0,0,241,,,,,,,59.9,,,62.8,0,0,0,0,0,10,0,0,0
Bobby Wooden,128288,S,NEW MEXICO,11,0,0,241,60.0,,,,,,60.4,,,76.4,2,0,0,1,21,39,27,5,2
Jaylon Armstead,128290,HB,S DIEGO ST,8,0,0,284,,,,59.9,,,64.3,,,70.1,0,0,0,0,0,32,5,2,0
Dallas Branch,128292,CB,S DIEGO ST,3,0,0,284,59.7,,,,,,60.2,,,65.5,0,0,0,4,0,0,0,0,0
Darius De Los Reyes,128293,WR,S DIEGO ST,1,0,0,284,,,,,,,60.6,,,64.9,0,0,0,0,2,0,0,0,0
Baylor Horning,128302,QB,NEVADA,2,0,0,239,,,,,,,61.3,,,67.3,0,0,0,0,5,8,0,0,0
Vai Kaho,128304,LB,S DIEGO ST,11,0,0,284,59.7,,,,,,58.4,,,69.6,0,0,0,22,14,0,0,3,0
Hunter Kaupiko,128305,DI,NEVADA,3,0,0,239,58.8,,,,,,58.8,,,63.9,0,0,0,5,0,0,0,0,0
Dezjhon Malone,128307,CB,S DIEGO ST,12,0,0,284,59.6,,,,,,61.4,72.4,,71.7,0,0,0,47,0,0,0,10,0
Darrell Masaniai,128308,ED,S DIEGO ST,5,0,0,284,,,,,,,49.6,,,27.7,0,1,0,0,0,26,0,0,0
Isaiah Mcelvane,128309,S,LA TECH,11,0,0,208,60.0,,,,,,56.7,,,77.4,1,0,0,6,54,28,29,2,0
Jay Rudolph,128313,TE,S DIEGO ST,4,0,0,284,,,65.6,,,,66.2,,,67.4,0,0,16,0,0,18,21,0,0
Mekhi Shaw,128315,WR,S DIEGO ST,10,0,0,284,,,,61.8,,,70.3,57.6,,71.2,0,0,0,0,0,24,7,42,0
Jelani Whitmore,128317,S,S DIEGO ST,12,0,0,284,,,,,,,53.5,,,76.4,0,0,0,0,4,15,44,0,0
Joey Wright,128318,G,S DIEGO ST,5,0,0,284,,,66.7,,,,62.9,,,64.4,0,0,22,0,0,0,0,0,0
Jay Kakiva,128328,DI,S JOSE ST,2,0,0,285,59.4,,60.8,,,,61.0,,,62.8,0,0,5,2,0,0,0,0,0
Sam Olson,128333,TE,S JOSE ST,1,0,0,285,,,60.0,,,,60.8,,,61.3,0,0,4,0,0,0,0,0,0
Kenyon Reed,128334,CB,S JOSE ST,6,0,0,285,59.7,,,,,,59.5,,,72.1,0,0,0,11,0,0,7,13,0
Zavion Reese,128335,S,S JOSE ST,4,0,0,285,,,,,,,61.7,,,71.4,0,0,0,0,13,14,0,5,1
Soane Toia,128338,DI,S JOSE ST,1,0,0,285,59.6,,,,,,59.8,,,62.0,0,0,0,1,0,0,0,0,0
Elijah Wood,128340,S,S JOSE ST,6,0,0,285,60.0,,,,,,54.5,,,73.8,1,0,0,10,9,3,14,21,0
Kaleo Ballungay,128343,TE,UNLV,14,0,0,325,,,77.8,59.9,,,67.3,,,65.2,0,0,85,0,0,11,0,0,0
Jalen Dixon,128351,ED,UNLV,14,0,0,325,58.6,,,,,,59.6,,,69.5,0,0,0,41,0,0,0,10,0
Dylan Downing,128352,HB,PURDUE,12,1,0,273,,,,73.0,,,61.8,,,75.7,0,0,0,0,47,71,62,1,2
Colin Giffen,128354,FB,RICE,10,0,0,275,,,,,,,68.6,,,69.7,0,0,0,0,5,57,0,0,0
Ricky Johnson,128360,CB,UNLV,12,0,1,325,60.3,,,,,,56.5,,,29.6,0,1,0,40,0,0,0,33,0
Alani Makihele,128362,G,UNLV,13,0,0,325,,,80.2,,,,66.5,,,75.2,0,0,83,0,0,0,40,0,0
Waisale Muavesi,128364,DI,UNLV,3,0,0,325,59.0,,,,,,59.6,,,65.9,0,0,0,4,0,0,0,1,0
Brennon Scott,128370,ED,UNLV,7,0,0,325,,,,,,,59.4,,,70.9,0,0,0,0,14,37,0,0,1
Tiger Shanks,128371,T,UNLV,14,0,0,325,,,78.2,,,,66.7,,,78.0,0,0,85,0,0,0,0,0,0
Kyle Williams,128374,WR,WASH STATE,3,0,0,341,,,,62.8,,,60.3,,,64.9,0,0,0,0,0,8,0,0,0
Nohl Williams,128375,CB,CAL,13,0,0,130,60.3,,,62.4,,,57.7,,,50.7,0,1,0,72,2,66,0,0,0
John Gentry,128379,HB,SM HOUSTON,2,0,0,281,,,,,,,60.0,,,64.5,0,0,0,0,0,0,2,0,0
James Hansen,128381,DI,NEVADA,11,0,0,239,57.8,,,,,,57.7,,,67.8,0,0,0,36,1,0,0,5,0
Cooper Jones,128384,HB,UTAH ST,3,0,0,329,,,,59.9,,,60.3,63.4,,64.3,0,0,0,0,0,2,0,8,0
Stephen Kotsanlee,128385,P,UTAH ST,6,0,0,329,,,65.1,,,,62.6,,65.0,69.9,0,1,36,0,0,0,26,0,0
Broc Lane,128386,TE,UTAH ST,10,0,0,329,,,,,,,65.6,,,77.0,2,0,0,0,55,42,50,0,3
Jakob Robinson,128395,CB,BYU,12,0,0,128,59.9,,,,,,53.9,,,29.6,0,1,0,58,0,0,0,15,0
Xavion Steele,128398,CB,UTAH ST,12,0,0,329,59.7,,,,,,77.6,57.7,,83.0,1,0,0,20,66,3,57,53,4
Josh Sterzer,128399,TE,UTAH ST,5,0,0,329,,,60.0,59.4,,,62.6,,,29.0,0,1,3,0,25,28,9,12,1
Poukesi Vakauta,128401,DI,UTAH ST,10,0,0,329,58.2,,,,,,59.6,,,67.5,0,0,0,12,0,0,40,1,0
Crew Wakley,128402,S,BYU,12,0,0,128,59.7,,,,,,63.3,,,73.5,0,0,0,30,7,19,12,17,1
Joshua Hardeman,128408,WR,HOUSTON,8,0,0,182,,,,,,,68.4,,,77.1,0,0,0,0,0,26,0,20,0
Buck Coors,128409,S,WYOMING,10,0,0,351,60.0,,,,,,63.6,,,72.6,1,0,0,5,42,0,0,22,2
Caleb Driskill,128410,FB,WYOMING,12,1,0,351,,,,,,,69.6,,,80.5,0,0,0,0,59,4,0,31,1
Wyett Ekeler,128411,S,WYOMING,12,0,0,351,59.6,,,,,,57.3,60.0,,69.9,0,0,0,50,0,0,20,2,0
Sabastian Harsh,128416,ED,WYOMING,11,0,0,351,58.0,,,,,,58.3,,,70.5,0,0,0,31,0,0,0,1,0
John Hoyland,128418,K,WYOMING,13,0,0,351,,77.5,,,72.7,,63.6,,,75.8,1,0,59,0,65,0,0,0,1
Gavin Meyer,128421,DI,WYOMING,13,0,0,351,58.3,,,,,,59.7,,,68.7,0,0,0,22,0,0,62,1,0
Nick Miles,128422,TE,WYOMING,13,0,0,351,,,74.3,,,,64.5,,,73.8,0,0,47,0,0,56,0,0,0
Colin O'Brien,128424,TE,WYOMING,1,0,0,351,,,60.0,,,,62.0,,,69.3,0,0,7,0,0,0,0,0,0
Oluwaseyi Omotosho,128425,ED,OREGON ST,7,1,0,265,,,,,,,69.7,,,71.4,1,0,0,0,45,0,0,0,2
Will Pelissier,128426,WR,WYOMING,9,0,0,351,,,,,,,50.4,,,72.5,2,0,0,0,0,37,39,0,0
Emmanuel Pregnon,128427,G,USC,13,0,0,326,,,79.5,,,,66.9,,,75.0,0,0,76,0,0,0,0,0,0
Connor Shay,128430,LB,WYOMING,13,0,0,351,60.0,,,,,,66.4,,,83.5,1,0,0,2,62,61,62,20,5
Braden Siders,128432,ED,WYOMING,10,0,0,351,58.6,,,,,,59.0,,,67.7,0,0,0,31,0,0,0,1,0
Cam Stone,128434,CB,HAWAII,11,0,0,180,59.6,,,51.5,,,62.6,44.1,,71.2,0,0,0,31,0,42,0,16,0
Read Sunn,128435,LB,WYOMING,13,1,0,351,,,,,,,64.7,,,60.1,0,1,0,0,65,56,0,44,0
Mana Taimani,128436,G,OLE MISS,12,0,0,226,,,26.0,,,,47.3,,,66.5,0,0,64,0,0,0,0,0,0
Isaac White,128440,S,WYOMING,13,0,0,351,59.9,,,,,,65.2,,,69.1,0,0,0,56,0,2,23,1,1
Malik Williams,128441,T,S JOSE ST,13,0,0,285,,,76.9,,,,69.4,,,75.1,0,0,70,0,0,0,37,0,1
Talyn Shettron,128693,WR,OKLA STATE,6,0,0,262,,,,,,,64.8,,,72.6,0,0,0,0,0,16,0,23,0
Michael Boudoin III,128789,LB,TEXAS ST,13,2,0,314,59.9,,,,,,81.6,,,88.1,1,0,0,1,78,79,10,39,5
Taylor Spierto,128916,WR,FLORIDA,12,0,0,163,,,,,,,69.1,,,80.0,1,0,0,0,32,71,0,43,0
Fisher Anderson,128961,T,STANFORD,12,0,0,300,,,24.8,,,,45.7,,,74.2,0,0,48,0,0,0,0,0,0
Walker Merrill,129020,WR,WAKE,6,0,0,339,,,,,,,61.9,,,74.3,0,0,0,0,0,24,15,21,0
Spencer Rich,129054,LB,MEMPHIS,5,0,0,218,,,,,,,59.2,,,72.9,0,0,0,0,4,24,0,10,0
Tyler Childress,129109,S,VA TECH,12,0,0,337,60.0,,,,,,67.4,,,85.3,0,0,0,2,0,22,0,27,0
Andrew McIlquham,129116,LS,TEMPLE,12,0,0,306,,,63.6,,,37.8,46.3,,,66.6,2,0,38,0,0,0,43,0,0
Arion Carter,129186,LB,TENNESSEE,8,0,0,307,59.9,,,,,,59.8,,,73.2,0,0,0,5,21,14,32,9,1
Mose Phillips III,129334,S,VA TECH,11,0,0,337,60.0,,,,,,64.0,,,75.0,0,0,0,15,0,6,1,35,0
Josh Beetham,129407,TE,MICHIGAN,7,0,0,222,,,71.7,,,,64.0,,,63.1,0,0,38,0,0,1,0,1,0
Reggie Love III,129418,HB,ILLINOIS,5,0,0,187,,,,59.9,,,67.6,,,69.0,0,0,0,0,0,23,0,0,0
Jer'Zhan Newton,129420,DI,ILLINOIS,12,0,0,187,90.3,,,,,,91.8,,,28.2,0,1,0,49,0,0,0,1,0
Tahveon Nicholson,129421,CB,ILLINOIS,11,0,0,187,60.0,,,,,,62.5,,,71.9,0,0,0,49,1,0,0,2,0
Tip Reiman,129423,TE,ILLINOIS,12,0,0,187,,,73.2,59.6,,,81.8,,,72.3,0,1,45,0,0,71,53,0,0
Hugh Robertson,129425,P,ILLINOIS,12,1,0,187,,,66.0,,,,56.5,,65.5,29.6,0,1,45,0,0,0,53,0,1
Deuce Spann,129427,WR,FLORIDA ST,10,0,0,167,,,,66.8,,,60.2,,,63.7,0,0,0,0,0,32,0,0,0
AJ Barner,129433,TE,MICHIGAN,15,0,0,222,,,77.5,,,,68.8,,,71.0,0,0,78,0,0,29,1,12,0
Kahlil Benson,129434,T,INDIANA,10,0,0,190,,,70.1,,,,63.6,,,64.9,0,0,34,0,0,0,0,0,0
Bryson Bonds,129435,S,INDIANA,11,1,0,190,60.0,,,,,,67.4,,,84.2,3,0,0,1,45,62,52,34,4
Chris Freeman,129439,K,INDIANA,12,0,0,190,,79.0,,,68.4,,63.3,,,74.7,1,0,44,0,52,0,0,0,1
Connor Hole,129443,CB,INDIANA,1,0,0,190,,,,,,,60.0,,,67.5,0,0,0,0,0,0,0,1,0
Chris Keys Jr.,129445,S,MISS STATE,11,0,0,227,60.1,,,,,,58.9,,,76.1,1,0,0,4,47,0,15,36,0
Damarjhe Lewis,129447,DI,PURDUE,1,0,0,273,59.8,,,,,,60.0,,,62.7,0,0,0,1,0,0,0,0,0
Charlie Spegal,129450,HB,BALL ST,8,0,0,117,,,,59.9,,,61.0,,,68.2,0,0,0,0,0,36,0,0,0
Trey Walker,129452,TE,INDIANA,8,0,0,190,59.6,,69.3,,,,59.1,,,73.7,0,0,27,1,0,18,0,0,0
Ty Wise,129458,LB,MIAMI OH,14,0,0,221,60.0,,,,,,68.1,,,90.2,0,0,0,43,16,0,0,16,0
Yahya Black,129460,DI,IOWA,14,0,0,192,73.4,,73.8,,,,80.1,,,75.6,0,0,45,47,0,0,0,14,0
Reggie Bracy,129462,S,TROY,1,0,0,318,,,,60.0,,,60.0,,,61.2,0,0,0,0,0,1,0,0,0
Deontae Craig,129464,ED,IOWA,13,0,0,192,59.4,,60.0,59.9,,,70.2,,,73.7,0,0,3,7,0,16,73,24,1
Brenden Deasfernandes,129465,CB,IOWA,13,0,0,192,,,,,,,66.8,60.3,,78.5,0,1,0,0,50,15,0,51,2
Tyler Elsbury,129466,C,IOWA,9,0,0,192,,,16.0,,,,29.3,,,66.5,0,0,35,0,0,0,0,0,0
Jamison Heinz,129468,S,IOWA,10,0,0,192,,,,,,,62.7,,,68.7,0,0,0,0,29,24,0,0,1
Jay Higgins,129469,LB,IOWA,14,1,0,192,60.2,,,,,,81.6,,,70.0,0,0,0,49,0,2,23,25,2
Ethan Hurkett,129471,ED,IOWA,13,0,0,192,58.8,,,,,,61.1,,,69.1,0,0,0,43,0,0,14,14,0
Luke Lachey,129475,TE,IOWA,3,0,0,192,,,61.0,61.8,,,68.0,,,66.9,0,0,9,0,0,10,0,0,0
Mason Richman,129479,T,IOWA,4,0,0,192,,,64.3,,,,62.5,,,64.2,0,0,16,0,0,0,0,0,0
Tory Taylor,129481,P,IOWA,14,0,0,192,,,66.2,,,,64.1,,81.1,76.0,0,0,48,0,0,0,94,0,1
Leshon Williams,129487,HB,IOWA,3,0,0,192,,,,,,,74.4,,,65.7,0,0,0,0,0,5,0,0,0
Gavin Williams,129488,HB,N ILLINOIS,6,0,0,254,,,,,,,58.1,,,67.8,0,0,0,0,0,20,1,3,0
Elijah Yelverton,129491,TE,COLORADO,7,0,0,143,,,71.8,,,,50.7,,,69.3,1,0,38,0,0,12,33,0,0
Beau Brade,129499,S,MARYLAND,12,0,0,215,59.6,,,,,,62.5,,,71.4,0,0,0,41,0,5,44,7,1
Isaac Bunyun,129501,DI,MARYLAND,11,0,0,215,58.1,,73.9,,,,62.4,,,68.9,0,0,37,14,0,0,0,3,0
Corey Dyches,129504,TE,MARYLAND,5,0,0,215,,,,,,,45.1,,,66.4,0,0,0,0,0,12,0,0,0
Rex Fleming,129509,S,MARYLAND,13,2,0,215,59.7,,,,,,75.5,,,84.7,2,1,0,3,76,46,12,46,4
DJ Glaze,129511,T,MARYLAND,13,0,0,215,,,75.6,,,,64.9,,,66.2,0,0,67,0,0,0,0,0,0
Sean Greeley,129513,LB,MARYLAND,12,0,0,215,,,,,,,81.1,,,87.1,1,0,0,0,67,59,45,35,4
Tank Green,129514,G,CHARLOTTE,6,0,0,136,,,67.9,,,,63.3,,,66.6,0,0,18,0,0,0,0,0,0
Ruben Hyppolite II,129516,LB,MARYLAND,13,0,0,215,59.6,,,,,,61.6,,,71.7,0,0,0,31,1,0,47,4,1
Isaiah Jacobs,129518,HB,UAB,2,0,0,321,,,,,,,61.0,,,66.5,0,0,0,0,3,3,0,0,0
Devyn King,129521,CB,HAWAII,13,0,0,180,59.8,,,,,,69.0,,,77.1,0,0,0,15,3,62,4,33,1
Glendon Miller,129525,S,MARYLAND,13,0,0,215,59.7,,,,,,62.3,,,65.3,0,0,0,47,8,0,0,2,0
Mosiah Nasili-Kite,129527,ED,AUBURN,5,0,0,115,58.5,,,,,,58.8,,,65.8,0,0,0,16,0,0,0,2,0
Zach Perkins,129529,G,USF,12,0,0,327,,,78.6,,,,65.8,,,64.6,0,0,61,0,0,0,0,0,0
Tarheeb Still,129537,CB,MARYLAND,10,0,0,215,59.5,,,59.9,,,61.7,67.9,,71.6,0,0,0,33,7,5,0,25,0
Riyad Wilmot,129541,ED,MARYLAND,9,0,0,215,59.2,,74.0,,,,63.6,,,62.9,0,0,52,7,0,0,0,1,0
Ethan Dirrim,129552,TE,GA SOUTHRN,13,0,0,174,,,75.9,59.9,,,62.2,,,71.1,0,0,63,0,1,56,45,0,0
Reece Atteberry,129572,DI,MICHIGAN,13,0,0,222,59.3,,79.4,,,,66.7,,,68.6,0,0,67,2,0,0,0,9,0
Blake Corum,129574,HB,MICHIGAN,2,0,0,222,,,,,,,60.2,,,67.1,0,0,0,0,0,2,0,0,0
Eamonn Dennis,129575,WR,MICHIGAN,15,1,0,222,,,,,,,54.7,,,74.9,1,0,0,0,1,0,49,0,0
Jaylen Harrell,129579,ED,MICHIGAN,13,0,0,222,60.1,,,,,,61.0,,,66.7,0,0,0,28,0,0,29,0,0
A.J. Henning,129580,WR,NWESTERN,12,0,0,256,,,,54.7,,,61.5,69.1,,67.5,0,0,0,0,0,37,0,53,0
Matthew Hibner,129581,TE,MICHIGAN,7,2,0,222,,,71.8,,,,70.5,,,77.2,0,0,38,0,30,21,0,33,0
Nikhai Hill-Green,129582,LB,CHARLOTTE,11,0,0,136,59.7,,,,,,60.5,,,69.1,0,0,0,44,0,0,0,0,0
Kris Jenkins,129584,DI,MICHIGAN,12,0,0,222,59.5,,,,,,60.1,,,67.7,0,0,0,28,0,0,0,0,0
Joshua Luther,129585,CB,MICHIGAN,1,0,0,222,,,,,,,60.0,,,65.5,0,0,0,0,0,1,0,0,0
Braiden McGregor,129586,ED,MICHIGAN,15,0,0,222,59.4,,,57.5,,,70.7,,,69.9,0,0,0,10,0,20,16,11,0
Jordan Morant,129588,S,MISS STATE,12,0,1,227,60.0,,,,,,63.7,,,44.7,0,1,0,3,52,35,52,48,2
R.J. Moten,129589,S,FLORIDA,6,0,0,163,60.0,,,,,,56.4,,,74.4,1,0,0,4,20,20,15,0,0
Kalel Mullings,129590,HB,MICHIGAN,12,0,0,222,,,,59.4,,,59.3,,,76.9,0,1,0,0,68,9,3,37,2
Makari Paige,129592,S,MICHIGAN,9,0,0,222,60.3,,,,,,60.5,,,62.2,0,0,0,18,0,0,0,0,0
Jeff Persi,129593,G,MICHIGAN,15,0,0,222,,,79.3,,,,67.0,,,76.6,0,0,87,0,0,0,0,0,0
Andre Seldon,129595,CB,NEW MEX ST,15,0,0,242,59.7,,,,,,59.0,,,29.6,0,1,0,42,11,0,0,27,0
Noah Stewart,129598,C,MICHIGAN,1,0,0,222,,,60.0,,,,60.0,,,61.6,0,0,1,0,0,0,0,0,0
Greg Tarr,129599,LS,MICHIGAN,1,0,0,222,,,60.0,,,67.6,60.9,,,61.2,0,0,2,0,0,0,0,0,0
Jake Thaw,129600,WR,MICHIGAN,15,0,0,222,,,,59.9,,,60.4,68.4,,69.0,0,0,0,0,0,8,5,43,0
Dan Villari,129602,TE,SYRACUSE,1,0,0,304,,,,,,,60.0,,,63.7,0,0,0,0,0,1,0,0,0
Cornell Wheeler,129603,LB,KANSAS,9,0,0,198,59.7,,,,,,69.9,,,70.1,0,0,0,9,55,0,0,2,4
Roman Wilson,129604,WR,MICHIGAN,2,0,0,222,,,,,,,59.9,,,64.6,1,0,0,0,0,1,1,0,0
Simeon Barrow Jr.,129606,DI,MICH STATE,11,0,0,223,90.0,,,,,,91.3,,,69.0,0,0,0,32,0,0,0,11,0
Sebastian Brown,129607,WR,MICH STATE,1,0,0,223,,,,,,,60.0,,,63.5,0,0,0,0,0,0,0,1,0
Cole DeMarzo,129609,LB,WYOMING,13,2,0,351,59.6,,,,,,65.9,,,72.0,1,0,0,54,58,19,15,0,2
Avery Dunn,129611,ED,MICH STATE,8,0,0,223,59.3,,,,,,62.1,,,66.5,0,0,0,7,0,0,0,7,0
Sam Edwards,129613,LB,MICH STATE,12,0,0,223,60.0,,69.3,,,51.4,62.4,,,71.1,1,1,23,2,0,39,73,0,1
Dallas Fincher,129615,C,MICH STATE,4,0,0,223,,,63.4,,,,62.9,,,69.5,0,0,13,0,0,0,0,0,0
Montorie Foster Jr.,129616,WR,MICH STATE,9,0,0,223,,,,59.6,,,55.6,,,29.7,2,1,0,0,0,20,30,1,2
Angelo Grose,129618,S,MICH STATE,12,0,0,223,59.4,,,,,,61.9,,,67.6,0,0,0,56,11,0,2,12,0
Cal Haladay,129620,LB,MICH STATE,12,0,0,223,60.0,,,,,,71.3,,,81.1,0,0,0,50,4,3,58,16,3
Kyle King,129624,DI,BALL ST,9,0,0,117,58.6,,,,,,59.3,,,68.2,0,0,0,27,0,0,0,5,0
Terry Lockett Jr.,129625,WR,E MICHIGAN,2,0,0,160,,,,,,,60.5,,,64.9,0,0,0,0,0,4,0,2,0
Joseph Martinez,129626,HB,MICH STATE,2,0,0,223,,,,,,,59.5,,,68.3,0,0,0,0,1,0,7,0,0
Jackson Morse,129628,TE,MICH STATE,6,0,0,223,,,,,,,65.8,,,72.2,0,0,0,0,0,36,0,7,0
Jack Olsen,129630,K,NWESTERN,13,0,0,256,,77.3,,,54.5,,62.2,,,70.5,0,0,52,0,19,0,0,0,0
Jeff Pietrowski Jr.,129631,ED,WISCONSIN,11,0,0,349,59.9,,,,,,61.1,,,67.8,0,0,0,19,0,0,0,4,0
Jordon Simmons,129634,HB,MICH STATE,4,0,0,223,,,,,,,59.9,,,75.1,0,0,0,0,16,11,15,14,1
Darius Snow,129635,LB,MICH STATE,2,0,0,223,59.9,,,,,,62.9,,,68.7,0,0,0,2,10,2,11,5,0
Ian Stewart,129638,WR,TEMPLE,1,0,0,306,,,,,,,60.0,,,63.0,0,0,0,0,0,1,0,0,0
Ricky White,129639,WR,UNLV,13,0,0,325,,,,,,,61.8,,,74.4,0,0,0,0,2,41,0,39,0
Justin White,129640,CB,MICH STATE,4,0,0,223,60.0,,,,,,62.4,,,29.4,0,1,0,4,10,0,16,6,1
JaQwondis Burns,129644,LB,SMU,9,0,0,287,59.9,,,,,,65.7,,,74.6,0,0,0,6,14,7,19,13,0
Mark Crawford,129645,P,MINNESOTA,13,0,0,225,,,66.6,,,,63.6,,75.8,73.8,0,1,54,0,0,0,65,0,0
Flip Dixon,129646,S,RUTGERS,13,0,0,278,59.9,,,,,,63.4,,,73.1,0,0,0,46,1,0,2,31,0
Doug Emilien,129648,WR,KANSAS,2,0,0,198,,,,,,,57.6,,,65.3,0,0,0,0,0,8,0,0,0
Lucas Finnessy,129651,DI,MINNESOTA,3,0,0,225,,,,,,,64.2,,,74.6,0,0,0,0,0,8,9,19,0
Miles Fleming,129652,S,OHIO,13,0,0,259,59.9,,,,,,52.2,,,81.2,0,0,0,1,0,16,48,2,0
Daniel Jackson,129654,WR,MINNESOTA,4,0,0,225,,,,59.9,,,60.4,,,64.8,0,0,0,0,1,3,0,0,0
Jah Joyner,129655,ED,MINNESOTA,6,0,0,225,59.8,,,,,,64.8,,,74.3,0,0,0,1,0,0,0,8,0
Dragan Kesich,129656,K,MINNESOTA,13,0,0,225,,91.2,,,91.5,,63.6,,,75.7,0,0,54,0,63,0,0,0,0
Gage Keys,129657,DI,KANSAS,7,0,0,198,59.1,,,,,,60.2,,,66.8,0,0,0,8,0,0,0,4,0
Martes Lewis,129659,G,MINNESOTA,13,0,0,225,,,77.7,,,,65.5,,,64.2,0,0,54,0,0,0,0,0,0
Cody Lindenberg,129660,LB,MINNESOTA,1,0,0,225,60.0,,,,,,60.1,,,62.0,0,0,0,4,0,0,0,0,0
Jalen Logan-Redding,129661,DI,MINNESOTA,10,0,0,225,58.3,,,,,,59.8,,,72.2,0,0,0,31,0,0,0,8,0
Ali Saad,129666,ED,BOWL GREEN,10,0,0,122,59.2,,,,,,60.0,,,67.7,0,0,0,19,0,0,0,3,0
Danny Striggow,129668,ED,MINNESOTA,13,1,0,225,58.7,,,59.9,,,63.3,,,49.1,0,1,0,42,20,27,49,6,1
Marquis Black,129675,DI,W KENTUCKY,2,0,0,346,,,,,,,60.7,,,63.0,0,0,0,0,0,0,14,0,0
Nate Boerkircher,129676,TE,NEBRASKA,10,0,0,238,,,71.1,61.8,,,66.8,,,67.3,0,0,34,0,0,11,41,0,0
Elliott Brown,129678,WR,NEBRASKA,2,0,0,238,,,,,,,60.5,,,64.4,0,0,0,0,1,2,0,0,0
Jimari Butler,129679,ED,NEBRASKA,9,0,0,238,59.3,,,,,,62.3,,,67.2,0,0,0,5,0,0,0,7,0
Chase Contreraz,129682,K,IOWA STATE,13,0,0,193,,88.3,,,,,61.5,,,67.4,0,0,64,0,0,0,0,0,0
Niko Cooper,129683,ED,W KENTUCKY,13,4,0,346,59.0,,,,,,68.9,,,71.5,1,0,0,35,59,19,0,9,2
Turner Corcoran,129684,T,NEBRASKA,7,0,0,238,,,67.3,,,,63.2,,,63.6,0,0,24,0,0,0,0,0,0
RJ Delancy III,129686,CB,TOLEDO,13,0,0,316,60.0,,,,,,54.4,,,42.2,2,1,0,11,50,0,27,8,6
Isaac Gifford,129689,S,NEBRASKA,12,0,0,238,60.0,,,,,,68.1,60.0,,72.3,0,0,0,41,1,2,60,1,4
Blaise Gunnerson,129690,ED,NEBRASKA,11,0,0,238,58.9,,,,,,70.0,,,74.5,0,0,0,8,0,10,8,25,0
Ty Hahn,129691,WR,NEBRASKA,12,0,0,238,,,,,,,52.0,,,81.3,3,0,0,0,31,48,61,3,2
Ashton Hausmann,129693,CB,NEBRASKA,12,0,0,238,,,,,,,61.3,,,74.9,2,0,0,0,44,0,1,40,2
Nash Hutmacher,129694,DI,NEBRASKA,12,0,0,238,72.4,,,,,,80.0,,,69.7,0,0,0,39,0,0,4,6,0
Braden Klover,129697,FB,NEBRASKA,1,0,0,238,,,,,,,60.0,,,63.4,0,0,0,0,1,0,0,0,0
Trevin Luben,129698,HB,NEBRASKA,5,0,0,238,,,,59.9,,,59.9,,,68.0,0,0,0,0,1,16,0,0,0
Tamon Lynum,129699,CB,NEBRASKA,10,0,0,238,60.0,,,,,,57.6,,,79.4,2,1,0,5,39,0,29,39,2
Sevion Morrison,129705,HB,KANSAS,2,0,0,198,,,,,,,82.0,,,69.7,0,0,0,0,0,9,0,0,0
Will Nixon,129707,HB,WASHINGTON,4,0,0,340,,,,57.9,,,46.4,,,67.6,0,0,0,0,15,15,0,0,0
Pheldarius Payne,129709,DI,VA TECH,8,0,0,337,58.6,,,,,,58.8,,,65.4,0,0,0,10,0,0,0,1,0
Logan Smothers,129713,QB,JVILLE ST,2,0,0,196,,,,,,,60.0,,50.4,65.7,0,0,0,0,0,0,3,0,0
Grant Tagge,129714,LB,NEBRASKA,12,0,0,238,,,,,,,70.4,,,77.2,0,0,0,0,31,45,0,40,2
Jake Arthurs,129717,HB,NWESTERN,1,0,0,256,,,,,,,60.0,,,64.6,0,0,0,0,1,0,0,0,0
Joe DeHaan,129722,S,NWESTERN,3,0,0,256,,,,,,,62.8,,,68.0,0,0,0,0,5,0,0,5,0
TeRah Edwards,129723,DI,ILLINOIS,7,0,0,187,59.1,,60.0,,,,59.6,,,66.1,0,0,1,13,0,0,0,0,0
Will Halkyard,129724,LS,NWESTERN,13,2,0,256,,,31.3,,,57.6,64.7,,,29.9,0,1,52,0,0,0,75,0,0
Garnett Hollis Jr.,129725,CB,NWESTERN,12,0,2,256,60.1,,,,,,30.0,,,26.7,0,3,0,40,0,0,0,18,0
Jaheem Joseph,129726,S,NWESTERN,13,1,0,256,60.1,,,,,,67.9,,,84.8,1,1,0,4,56,41,72,41,4
Gunner Maldonado,129727,S,ARIZONA,13,0,0,109,60.1,,,67.3,,,58.7,,,73.5,0,0,0,43,51,7,33,6,0
Sean McLaughlin,129728,ED,NWESTERN,13,0,0,256,59.0,,,,,,59.9,,,71.1,0,0,0,39,0,0,61,11,0
Greyson Metz,129729,LB,NWESTERN,13,1,0,256,59.9,,,,,,69.9,,,81.8,0,0,0,3,61,34,75,29,6
Xander Mueller,129731,LB,NWESTERN,13,0,0,256,59.7,,,,,,55.6,,,28.8,0,1,0,41,0,6,75,14,0
Cam Porter,129732,HB,NWESTERN,5,0,0,256,,,,,,,61.2,,,71.1,0,0,0,0,0,7,0,0,0
Josh Priebe,129733,G,NWESTERN,5,0,0,256,,,64.5,,,,62.5,,,64.4,0,0,16,0,0,0,0,0,0
Hunter Renner,129734,P,NWESTERN,13,0,0,256,,,66.5,,,,63.7,,65.5,74.4,1,0,52,0,0,0,73,0,0
Hunter Welcing,129738,TE,NWESTERN,7,0,0,256,,,63.4,,,,72.9,,,73.7,0,0,12,0,0,33,0,0,0
Nigel Williams,129739,CB,NWESTERN,4,0,0,256,,,,,,,56.4,,,69.9,0,0,0,0,17,20,4,8,0
Mookie Cooper,129742,WR,MISSOURI,1,0,0,229,,,,,,,60.4,,,65.4,0,0,0,0,0,0,0,2,0
Jacolbe Cowan,129743,ED,N CAROLINA,1,0,0,245,,,,,,,60.4,,,65.3,0,0,0,0,0,0,0,3,0
Julian Fleming,129745,WR,OHIO STATE,12,0,0,260,,,,,,,54.4,,,73.2,1,0,0,0,0,32,21,0,1
Josh Fryar,129746,T,OHIO STATE,13,0,0,260,,,76.1,,,,65.2,,,67.4,0,0,68,0,0,0,0,0,0
Patrick Gurd,129747,TE,OHIO STATE,10,0,0,260,,,60.0,,,,41.6,,,76.1,0,0,3,0,2,25,3,11,0
Darrion Henry-Young,129748,DI,KENTUCKY,7,0,0,202,59.0,,,,,,67.9,,,66.6,0,0,0,7,0,5,0,2,0
Mitchell Melton,129753,ED,OHIO STATE,10,0,0,260,,,,,,,64.1,,,75.2,0,0,0,0,0,7,19,31,0
Lathan Ransom,129755,S,OHIO STATE,9,0,0,260,60.1,,,,,,68.1,,,70.6,0,0,0,19,0,0,1,36,0
Gee Scott Jr.,129756,TE,OHIO STATE,13,0,0,260,,,,,,,61.7,,,78.4,0,0,0,0,0,16,49,22,1
Cody Simon,129757,LB,OHIO STATE,13,0,0,260,60.0,,,,,,82.3,,,75.7,0,0,0,11,62,34,50,23,2
Ryan Watts,129762,CB,TEXAS,5,1,0,311,59.8,,,,,,66.1,,,71.4,0,0,0,11,28,0,1,2,0
Cole Brevard,129766,DI,PURDUE,12,0,0,273,58.4,,,,,,58.5,,,67.7,0,0,0,38,0,0,0,1,0
Nick Dawkins,129773,C,PENN STATE,13,0,0,266,,,80.0,,,,65.6,,,67.2,0,0,72,0,0,0,51,0,0
Tyler Elsdon,129775,LB,PENN STATE,13,0,0,266,60.0,,,,,,68.0,,,75.5,1,0,0,5,0,6,52,24,2
Zuriah Fisher,129778,ED,PENN STATE,7,0,0,266,59.3,,,,,,62.2,,,67.3,0,0,0,8,0,0,0,8,0
George French II,129780,T,PITTSBURGH,1,0,0,268,,,60.3,,,,61.7,,,66.8,0,0,5,0,0,0,0,0,0
Caziah Holmes,129782,HB,FLORIDA ST,13,0,0,167,,,,,,,67.8,,,71.9,0,0,0,0,16,48,0,2,1
Golden Israel-Achumba,129783,G,PENN STATE,13,0,0,266,,,77.9,,,,66.6,,,77.8,0,0,81,0,0,0,0,0,0
Coziah Izzard,129784,DI,PENN STATE,7,0,0,266,58.7,,,,,,60.0,,,67.7,0,0,0,8,0,0,0,4,0
Curtis Jacobs,129785,LB,PENN STATE,13,0,0,266,59.9,,,,,,57.1,,,69.8,1,0,0,20,0,0,34,2,0
Theo Johnson,129787,TE,PENN STATE,12,0,0,266,,,,,,,62.8,,,70.6,0,0,0,0,2,35,46,2,0
KeAndre Lambert-Smith,129789,WR,PENN STATE,6,0,0,266,,,,,,,60.6,,,63.9,0,0,0,0,3,3,0,0,0
Keyvone Lee,129790,HB,MISS STATE,4,0,0,227,,,,,,,59.8,,,71.9,0,0,0,0,0,10,0,9,0
Malick Meiga,129791,WR,PENN STATE,8,0,0,266,,,,,,,54.4,,,80.5,3,1,0,0,44,31,29,30,0
Fatorma Mulbah,129793,DI,W VIRGINIA,10,0,0,343,58.4,,,,,,59.0,,,68.0,0,0,0,19,0,0,0,4,0
Mason Stahl,129795,WR,PENN STATE,3,0,0,266,,,,,,,62.4,,,66.2,0,0,0,0,8,0,0,0,0
Amin Vanover,129797,ED,PENN STATE,3,0,0,266,59.1,,,,,,59.7,,,64.9,0,0,0,6,0,0,0,1,0
Tyler Warren,129798,TE,PENN STATE,13,0,0,266,,,76.1,62.8,,,69.4,,,71.6,0,0,64,0,3,44,51,0,0
Jake Wilson,129800,ED,PENN STATE,13,0,0,266,59.6,,77.4,,,,64.9,,,63.1,0,0,81,1,0,1,1,2,0
Michael Wright,129801,LS,BOSTON COL,13,1,0,121,,,75.9,,,39.0,55.8,,,67.0,0,0,53,0,0,0,53,0,0
Michael Alaimo,129802,QB,KENT STATE,1,0,0,201,,,,,,,60.0,,60.0,63.3,0,0,0,0,0,0,1,0,0
Ben Buechel,129805,TE,PURDUE,3,0,0,273,,,65.2,,,,62.4,,,60.8,0,0,15,0,0,0,0,0,0
Maliq Carr,129807,TE,MICH STATE,6,0,0,223,,,60.0,,,,59.9,,,74.2,0,0,1,0,0,2,21,0,0
Brendan Cropsey,129808,P,PURDUE,12,0,0,273,,,66.3,,,,62.1,,60.3,62.2,0,0,50,0,0,0,2,0,0
Ben Furtney,129812,TE,PURDUE,12,0,0,273,,,,,,,63.7,,,81.0,0,0,0,0,57,72,63,54,4
Kydran Jenkins,129818,ED,PURDUE,6,0,0,273,59.9,,,,,,61.3,,,65.7,0,0,0,11,0,0,0,3,0
Josh Kaltenberger,129819,C,PURDUE,6,0,0,273,,,69.7,,,,63.8,,,69.5,0,0,20,0,0,0,0,0,0
Sanoussi Kane,129820,S,PURDUE,12,0,0,273,60.1,,,,,,61.3,,,65.3,0,0,0,60,2,0,0,4,0
Caleb Krockover,129822,K,PURDUE,9,0,0,273,,60.0,,,64.5,,62.4,,,74.7,1,0,1,0,35,0,0,0,1
Ben Kuhns,129823,T,PURDUE,1,0,0,273,,,60.0,,,,60.0,,,60.9,0,0,1,0,0,0,0,0,0
Anthony Romphf,129830,CB,W MICHIGAN,12,1,0,347,59.8,,,,,,65.6,,,49.4,0,1,0,20,1,0,18,34,1
Andrew Sowinski,129832,WR,PURDUE,4,0,0,273,,,,,,,60.0,63.8,,63.8,0,0,0,0,0,1,0,5,0
Antonio Stevens,129833,S,PURDUE,12,2,0,273,60.1,,,,,,61.1,,,80.9,1,2,0,4,29,68,61,36,2
Nick Taylor,129835,LS,PURDUE,12,0,0,273,,,79.5,,,88.1,77.9,,,67.3,0,0,47,0,0,0,63,0,1
Clyde Washington,129837,LB,PURDUE,12,0,0,273,59.5,,,,,,65.6,,,73.6,0,0,0,64,0,20,0,26,0
Abdur-Rahmaan Yaseen,129838,WR,PURDUE,1,0,0,273,,,,,,,60.0,,,62.2,0,0,0,0,0,1,0,0,0
Andrew Awe,129839,LB,RICE,10,1,0,275,59.9,,,,,,69.7,,,79.2,1,0,0,2,37,5,30,34,2
Kobie Campbell,129841,WR,RICE,9,0,0,275,,,,,,,35.3,,,27.9,1,2,0,0,0,0,35,0,0
Caleb Chappelle,129842,WR,TROY,14,1,0,318,,,,,,,65.9,,,80.5,1,0,0,0,30,45,27,6,1
Jordan Dunbar,129844,CB,RICE,1,0,0,275,59.8,,,,,,60.0,,,62.7,0,0,0,1,0,0,0,0,0
Sean Fresch,129846,CB,RICE,13,0,1,275,59.5,,,68.5,,,59.7,52.3,,30.6,1,1,0,58,2,15,16,54,2
Geron Hargon,129849,FB,RICE,13,0,0,275,,,75.1,,,,72.0,,,29.1,0,1,60,0,2,42,54,4,4
Van Heitmann,129850,ED,RICE,13,0,0,275,59.5,,75.5,,,,62.7,,,71.6,1,0,60,62,0,0,22,3,1
Lamont Narcisse,129858,CB,RICE,13,0,0,275,59.7,,,,,,68.6,,,79.6,0,0,0,3,35,0,0,53,2
Braedon Nutter,129859,C,RICE,7,0,0,275,,,72.9,,,,64.6,,,70.0,0,0,31,0,0,0,0,0,0
Trey Phillippi,129860,TE,RICE,11,0,0,275,59.4,,72.1,,,,63.9,,,69.1,0,0,39,4,0,0,0,0,0
Gabe Taylor,129865,S,RICE,6,0,0,275,,,,,,,65.5,,,68.8,0,0,0,0,1,0,0,14,0
Plae Wyatt,129868,S,RICE,12,0,0,275,60.0,,,,,,60.3,,,72.1,0,0,0,3,38,16,0,4,1
Valentino Ambrosio,129869,K,TULANE,14,0,0,319,,80.3,,,,,61.6,,,67.5,0,0,68,0,0,0,0,0,0
Wesley Bailey,129871,ED,RUTGERS,13,0,0,278,60.0,,60.7,,,,62.7,,,69.7,0,0,8,44,0,0,0,8,0
Shawn Collins,129874,ED,APP STATE,8,0,0,108,57.9,,,,,,58.7,,,68.3,0,0,0,27,0,0,0,6,0
Tunde Fatukasi,129876,G,BOWL GREEN,1,0,0,122,,,60.0,,,,60.0,,,63.7,0,0,1,0,0,0,0,0,0
Rene Konga,129880,ED,RUTGERS,3,0,0,278,60.0,,,,,,61.6,,,66.6,0,0,0,1,0,0,0,3,0
Victor Konopka,129881,TE,RUTGERS,13,0,1,278,,,75.1,,,,56.7,,,28.6,0,3,53,0,0,56,57,0,1
Aaron Lewis,129884,ED,RUTGERS,13,0,0,278,58.2,,,,,,58.9,,,69.0,0,0,0,48,0,0,0,10,0
Robert Longerbeam,129886,CB,RUTGERS,13,0,0,278,59.8,,,,,,67.3,,,81.3,0,0,0,45,1,1,38,36,0
Joe Lusardi,129887,CB,RUTGERS,13,0,0,278,60.0,,,,,,59.5,,,84.5,2,0,0,2,61,58,27,38,0
Elijuwan Mack,129888,S,RUTGERS,3,0,0,278,60.0,,,,,,62.7,,,72.2,0,0,0,1,19,8,0,0,0
Max Melton,129889,CB,RUTGERS,12,0,0,278,59.3,,,,,,62.7,,,82.1,0,0,0,34,0,0,52,51,0
Kyle Monangai,129891,HB,RUTGERS,4,0,0,278,,,,,,,27.5,,,69.2,0,0,0,0,1,1,0,5,0
Nasir Montgomery,129892,WR,RUTGERS,9,0,0,278,,,,,,,73.0,,,72.2,0,0,0,0,42,0,0,6,0
Hollin Pierce,129899,T,RUTGERS,12,0,0,278,,,73.5,,,,64.4,,,65.8,0,0,52,0,0,0,0,0,0
Tyreem Powell,129900,LB,RUTGERS,7,0,0,278,59.9,,,,,,60.7,,,74.2,0,0,0,16,1,0,30,7,0
Troy Rainey,129901,DI,RUTGERS,4,0,0,278,59.3,,,,,,61.0,,,67.8,0,0,0,4,0,0,0,3,0
Isaiah Wright,129909,C,BUFFALO,8,0,0,126,,,72.2,,,,64.7,,,74.0,0,0,37,0,0,0,0,0,0
Jamier Wright-Collins,129910,LB,RUTGERS,13,0,0,278,,,,,,,69.9,,,74.9,0,0,0,0,7,54,0,9,1
Haakon Anderson,129911,WR,WISCONSIN,13,1,0,349,,,,61.8,,,74.9,,,77.2,0,0,0,0,21,55,0,12,1
Ben Barten,129913,DI,WISCONSIN,9,0,0,349,58.0,,,,,,58.3,,,68.9,0,0,0,23,0,0,0,4,0
Jalen Berger,129914,HB,MICH STATE,2,0,0,223,,,,,,,60.0,,,68.2,0,0,0,0,0,6,3,0,0
Chimere Dike,129918,WR,WISCONSIN,8,0,0,349,,,,71.8,,,61.1,69.3,,67.1,0,0,0,0,0,30,0,45,0
Ross Gengler,129919,ED,WISCONSIN,1,0,0,349,,,,,,,60.0,,,64.9,0,0,0,0,0,1,0,0,0
Kaden Johnson,129921,ED,WISCONSIN,13,0,0,349,59.8,,,,,,61.2,,,29.1,0,2,0,2,3,55,2,13,0
Cade McDonald,129925,DI,WISCONSIN,6,0,0,349,58.6,,,,,,59.1,,,66.9,0,0,0,11,0,0,0,3,0
Gavin Meyers,129926,P,WISCONSIN,13,0,0,349,,,66.6,,,,62.1,,,61.2,0,0,53,0,0,0,0,0,0
Riley Nowakowski,129928,TE,WISCONSIN,1,0,0,349,,,,,,,62.3,,,69.4,0,0,0,0,0,0,0,5,0
James Thompson Jr.,129930,DI,WISCONSIN,12,0,0,349,58.2,,,,,,59.9,,,71.3,0,0,0,32,0,0,0,10,0
Jordan Turner,129932,LB,WISCONSIN,11,0,0,349,60.0,,,,,,63.2,,,67.5,0,0,0,30,0,0,0,9,0
Jack Van Dyke,129933,K,WISCONSIN,5,0,0,349,,,,,68.1,,62.1,,,74.1,1,0,0,0,29,0,0,0,0
Trey Wedig,129935,G,WISCONSIN,12,0,0,349,,,74.1,,,,57.9,,,28.9,0,1,47,0,0,0,0,0,0
Aaron Witt,129937,ED,WISCONSIN,2,0,0,349,59.7,,,,,,61.5,,,68.6,0,0,0,1,0,0,0,6,0
Preston Zachman,129939,S,WISCONSIN,13,1,0,349,59.7,,,,,,69.5,,,78.4,0,0,0,34,64,28,0,39,5
Jonah Dalmas,129940,K,BOISE ST,14,0,0,120,,93.2,,,76.4,,64.3,,,77.9,3,0,78,0,91,0,0,0,0
Matthew Malloy,130265,ED,AIR FORCE,1,0,0,101,,,,,,,60.0,,,64.9,0,0,0,0,0,1,0,0,0
Austin Henderson,130268,TE,LIBERTY,14,0,0,206,,,78.0,,,,67.4,,,32.0,0,1,87,0,0,48,2,0,0
Charles Amankwaa,130277,CB,RUTGERS,6,0,0,278,,,,,,,62.6,,,73.0,0,0,0,0,0,16,1,8,0
Ronan Chambers,130283,T,AKRON,11,0,0,102,,,72.7,,,,65.0,,,73.4,0,0,40,0,0,0,0,0,0
Sean Conroy,130285,S,AKRON,1,0,0,102,,,,,,,52.8,,,69.8,1,0,0,0,4,4,6,4,0
Tyson Durant,130287,CB,AKRON,12,2,0,102,59.4,,,,,,58.4,,,80.4,0,0,0,48,40,0,31,20,3
Tony Georges,130291,C,AKRON,1,0,0,102,,,60.0,,,,60.0,,,63.7,0,0,1,0,0,0,0,0,0
Blake Hester,130295,HB,AKRON,12,2,0,102,,,,56.3,,,66.5,,,78.9,3,1,0,0,41,60,67,48,6
DiMarco Johnson,130299,S,AKRON,12,1,0,102,,,,59.9,,,67.3,,,85.1,1,0,0,0,30,60,61,47,2
Nate Williams,130322,T,AKRON,10,0,0,102,,,70.2,,,,63.7,,,66.2,0,0,33,0,0,0,0,0,0
Brandon Berger,130326,ED,BALL ST,11,2,0,117,59.5,,63.5,,,,74.4,,,71.8,0,0,12,11,35,35,15,4,4
Lucas Borrow,130327,P,BALL ST,12,0,1,117,,,66.1,,,,63.5,,70.5,73.5,1,3,47,0,0,0,59,0,0
Ethan Crowe,130330,C,BALL ST,1,0,0,117,,,60.0,,,,60.0,,,61.0,0,0,1,0,0,0,0,0,0
Dalton Elrod,130331,LB,BALL ST,12,0,0,117,,,,,,,46.6,,,45.2,2,1,0,0,13,26,58,0,3
Brayden Evans,130332,WR,BALL ST,1,0,0,117,,,,,,,33.3,,,65.2,0,0,0,0,3,0,0,2,0
Austin Hill,130334,WR,BALL ST,12,2,0,117,,,,,,,57.0,,,80.7,0,0,0,0,31,50,43,46,1
Qian Magwood,130339,WR,BALL ST,11,0,0,117,,,,,,,59.9,51.7,,72.8,0,0,0,0,0,15,7,49,0
Kevin Meeder,130342,G,BALL ST,11,0,0,117,,,19.7,,,,32.9,,,66.8,0,0,41,0,0,0,0,0,0
Keionte Newson,130343,LB,BALL ST,12,0,0,117,59.9,,,,,,60.8,,,73.3,1,0,0,47,2,2,56,6,2
Nate Pedraza,130344,ED,BALL ST,5,0,0,117,60.0,,,,,,57.5,,,69.2,0,0,0,1,1,22,0,2,0
Nathan Reichert,130347,DI,BALL ST,8,0,0,117,,,69.2,,,,64.1,,,71.3,0,0,26,0,0,0,0,0,0
Corey Stewart,130349,T,BALL ST,10,0,0,117,,,71.8,,,,64.6,,,74.0,0,0,35,0,0,0,0,0,0
J.B. Brown,130354,LB,KANSAS,13,0,0,198,59.6,,,,,,59.7,,,71.9,0,0,0,31,0,0,32,6,0
Dontrez Brown,130356,DI,BOWL GREEN,13,0,0,122,77.1,,,,,,86.2,,,68.1,0,0,0,29,0,0,0,6,0
Jhaylin Embry,130361,WR,BOWL GREEN,13,0,0,122,,,,65.6,,,60.9,75.3,,67.8,0,0,0,0,1,37,0,42,0
Levi Gazarek,130363,TE,BOWL GREEN,1,0,0,122,,,,,,,60.0,,,62.7,0,0,0,0,0,1,0,0,0
Demetrius Hardamon,130365,ED,BOWL GREEN,3,0,0,122,59.3,,,,,,59.8,,,64.3,0,0,0,6,0,0,0,1,0
Anthony Hawkins,130366,DI,BOWL GREEN,13,0,0,122,57.3,,,,,,57.2,,,68.2,0,0,0,29,0,0,0,4,0
Deshawn Jones Jr.,130367,CB,BOWL GREEN,8,0,0,122,60.3,,,,,,62.9,,,69.1,0,0,0,12,6,0,0,5,0
Ta'ron Keith,130368,HB,BOWL GREEN,9,0,0,122,,,,60.2,,,60.3,,,64.0,0,0,0,0,0,36,0,0,0
Brian Kilbane,130370,G,AKRON,7,0,0,102,,,71.3,,,,64.2,,,70.0,0,0,25,0,0,0,0,0,0
Griffin Little,130374,TE,BOWL GREEN,1,0,0,122,,,,,,,60.0,,,64.9,0,0,0,0,0,1,0,0,0
Jordan Porter,130378,ED,BOWL GREEN,13,0,0,122,59.3,,75.5,,,,64.1,,,67.1,0,0,61,15,0,0,0,3,0
Billie Roberts,130379,DI,BOWL GREEN,12,0,0,122,58.5,,75.3,,,,64.1,,,74.5,0,0,54,8,0,0,0,1,0
Charles Rosser,130380,ED,BOWL GREEN,13,3,0,122,60.4,,,59.9,,,79.5,,,86.7,3,0,0,48,53,63,49,34,5
Jack Sauder,130381,K,BOWL GREEN,13,0,0,122,,,67.1,,54.1,,63.5,,,74.0,0,0,61,0,63,0,0,0,0
Trent Simms,130384,S,BOWL GREEN,8,0,0,122,78.7,,,,,,90.6,,,66.5,0,0,0,26,12,0,2,0,2
Chris Williams,130393,LB,BOWL GREEN,3,1,0,122,,,,,,,58.8,,,66.6,0,0,0,0,11,0,0,0,0
Adrian Wilson,130395,ED,BOWL GREEN,13,0,0,122,59.2,,75.7,,,,63.6,,,67.5,1,0,61,9,0,5,50,1,1
Alex Wollschlaeger,130396,T,BOWL GREEN,13,0,0,122,,,74.9,,,,64.7,,,65.9,0,0,61,0,0,0,0,0,0
Trevor Borland,130400,TE,W KENTUCKY,9,0,0,346,,,68.1,,,,66.5,,,74.4,1,0,23,0,1,47,27,22,0
Dre Doiron,130405,C,KANSAS,11,0,0,198,,,74.3,,,,64.6,,,66.1,0,0,57,0,0,0,0,0,0
Shaun Dolac,130406,LB,BUFFALO,4,0,0,126,60.0,,,,,,60.1,,,66.4,0,0,0,29,4,0,12,0,0
Tyler Doty,130407,G,BUFFALO,12,0,0,126,,,76.7,,,,59.2,,,28.2,0,1,47,0,0,0,0,0,0
Michael Ford Jr.,130408,G,KANSAS,13,0,0,198,,,75.8,,,,64.9,,,64.5,0,0,63,0,0,0,0,0,0
Jalen McNair,130415,CB,BUFFALO,2,0,0,126,60.2,,,,,,60.0,,,69.3,0,0,0,4,0,0,5,0,0
Lonnie Rice,130418,LB,W KENTUCKY,2,0,0,346,,,,,,,60.0,,,63.5,0,0,0,0,0,0,0,4,0
George Wolo,130424,DI,BUFFALO,10,0,0,126,58.2,,,,,,58.2,,,66.9,0,0,0,23,0,0,0,1,0
Vashon Bailey,130425,G,C MICHIGAN,11,0,0,134,,,73.3,,,,57.2,,,28.3,0,1,40,0,0,0,0,0,0
Christian Brown,130427,HB,C MICHIGAN,11,0,0,134,,,,59.9,,,67.1,,,29.2,1,1,0,0,31,52,8,5,1
Luke Elzinga,130433,P,OKLAHOMA,11,0,0,261,,,60.0,,,,62.3,,66.3,71.7,0,0,2,0,0,0,27,0,1
Javon Gantt,130434,WR,C MICHIGAN,3,0,0,134,,,,,,,69.8,,,70.0,0,0,0,0,0,10,0,0,0
Donte Kent,130439,CB,C MICHIGAN,11,0,0,134,59.3,,,,,,57.1,,,28.6,0,2,0,58,1,0,25,12,2
Marshall Meeder,130441,K,IOWA,1,0,0,192,,60.0,,,,,60.0,,,61.7,0,0,1,0,0,0,0,0,0
David Carter Jr.,130450,S,E MICHIGAN,13,1,0,160,59.8,,,,,,66.9,,,29.3,1,2,0,17,53,32,35,22,4
Mikah Coleman,130451,ED,E MICHIGAN,4,0,0,160,58.9,,,,,,60.5,,,65.8,0,0,0,3,0,0,0,3,0
Jere Getzinger,130457,TE,E MICHIGAN,13,0,0,160,,,73.3,,,,73.5,,,77.2,0,0,45,0,1,69,61,28,0
Tristen Hines,130462,CB,E MICHIGAN,10,0,0,160,59.5,,,,,,58.3,,,32.1,1,1,0,42,17,38,10,11,2
Justin Jefferson,130464,ED,E MICHIGAN,13,0,0,160,57.1,,,,,,58.8,,,81.4,0,0,0,48,0,3,0,12,0
Kaiden Keefe,130465,WR,E MICHIGAN,8,0,0,160,,,,,,,82.0,,,75.9,0,0,0,0,28,36,26,13,6
Blake Ochsendorf,130471,P,LA TECH,12,0,0,208,,,66.6,,,,63.4,,69.4,72.5,0,1,53,0,0,0,54,0,1
Steven Scheidt,130475,LB,FRESNO ST,12,0,0,169,,,,,,,66.9,,,77.0,0,0,0,0,27,0,0,40,2
J.B. Awolowo,130484,WR,KENT STATE,2,0,0,201,,,,,,,29.7,,,70.1,4,0,0,0,8,7,7,0,1
Luke Floriea,130491,WR,KENT STATE,12,0,0,201,,,,59.9,,,56.0,72.2,,71.3,1,0,0,0,27,3,1,50,0
Adin Huntington,130493,DI,LA MONROE,12,0,0,209,57.4,,,,,,58.7,,,70.3,0,0,0,54,0,0,62,7,0
Khalib Johns,130494,LB,KENT STATE,6,0,0,201,59.9,,,,,,62.3,,,65.5,0,0,0,17,0,0,0,6,0
Marcellus Marshall,130496,G,UCF,13,0,0,323,,,78.9,,,,66.6,,,73.8,0,0,71,0,0,0,0,0,0
Terrell Miller,130497,CB,KENT STATE,5,0,0,201,59.8,,,,,,66.5,,,71.8,0,0,0,2,16,15,14,5,0
Savion Washington,130505,T,COLORADO,3,0,0,143,59.3,,67.2,,,,62.7,,,68.8,0,0,14,1,0,0,0,0,0
CJ West,130507,DI,KENT STATE,12,0,0,201,57.7,,,,,,57.2,,,68.1,0,0,0,43,0,0,0,3,0
Alec Bevelhimer,130511,P,MIAMI OH,14,0,0,221,,,25.4,,,,48.3,,61.7,72.6,0,0,69,0,0,0,58,0,0
James Bomba,130512,TE,INDIANA,10,0,0,190,,,72.1,,,,66.1,,,72.0,1,0,38,0,0,12,24,0,0
Ambe' Caldwell,130514,S,MIAMI OH,12,1,0,221,59.9,,,,,,82.0,,,74.5,2,0,0,8,18,0,50,15,4
Kevin Davis,130517,WR,MIAMI OH,14,0,0,221,,,,59.0,,,61.2,,,66.7,0,0,0,1,0,54,0,9,0
Reid Holskey,130520,T,MIAMI OH,14,0,1,221,,,76.5,,,,58.7,,,28.7,0,1,69,0,0,0,0,0,0
Charlie Nank,130523,C,MIAMI OH,8,0,0,221,,,71.4,,,,55.2,,,28.1,0,1,36,0,0,0,0,0,0
Camden Rogers,130525,LB,MIAMI OH,14,3,0,221,60.0,,,,,,87.7,,,88.9,2,0,0,1,77,53,58,60,2
John Saunders Jr.,130527,S,OLE MISS,13,0,0,226,59.7,,,,,,61.7,,,66.1,0,0,0,48,2,0,0,12,0
Caleb Siech,130528,T,MIAMI OH,13,0,0,221,,,77.9,,,,66.3,,,74.2,0,0,62,0,0,0,0,0,0
Jacob Snell,130530,DI,MIAMI OH,3,0,0,221,59.6,,,,,,61.3,,,66.5,0,0,0,1,0,0,0,3,0
Kenny Tracy,130531,HB,MIAMI OH,8,0,0,221,,,,59.4,,,70.7,,,73.4,0,0,0,0,0,24,0,19,0
Jacquez Warren,130534,S,MIAMI OH,14,0,0,221,60.1,,,,,,66.5,,,68.3,0,0,0,41,35,0,0,15,1
Keion Battle,130537,WR,ILLINOIS,12,0,0,187,,,,,,,70.4,,,71.0,0,0,0,0,4,70,0,0,1
CJ Brown,130541,S,N ILLINOIS,3,0,0,254,59.9,,,,,,50.6,,,66.9,1,0,0,9,5,0,0,5,0
Evan Buss,130543,T,N ILLINOIS,1,0,0,254,,,60.0,,,,60.0,,,64.5,0,0,1,0,0,0,0,0,0
Drew Cassens,130544,TE,N ILLINOIS,12,0,0,254,,,,61.8,,,70.9,,,71.2,0,0,0,0,0,49,47,0,0
John Champe,130545,G,N ILLINOIS,13,0,0,254,,,76.7,,,,65.4,,,73.6,0,0,53,0,0,0,1,0,0
Jaden Dolphin,130547,LB,N ILLINOIS,13,0,0,254,59.8,,,,,,55.3,,,71.7,0,0,0,27,11,0,50,10,1
Billy Dozier,130549,WR,N ILLINOIS,12,0,0,254,,,,66.9,,,63.2,,,67.5,0,1,0,0,1,54,0,0,0
Jay Ducker,130550,HB,MEMPHIS,5,0,0,218,,,,,,,58.2,,,71.4,0,0,0,0,0,22,20,0,0
Jordan Hansen,130555,S,N ILLINOIS,13,0,0,254,59.9,,,,,,66.0,,,73.1,0,0,0,33,7,1,45,20,2
Devin Lafayette,130562,LB,N ILLINOIS,11,0,0,254,60.2,,,,,,54.4,,,38.6,1,1,0,17,39,1,30,8,1
DeVonte O'Malley,130569,DI,N ILLINOIS,12,0,0,254,58.1,,,,,,59.3,,,68.7,0,0,0,27,0,0,0,9,0
Pierce Oppong,130570,ED,N ILLINOIS,1,0,0,254,,,,,,,60.0,,,64.8,0,0,0,0,0,0,0,1,0
Jashon Prophete,130572,CB,N ILLINOIS,13,0,0,254,59.6,,,,,,55.5,,,66.3,0,0,0,39,0,0,0,16,0
Daveren Rayner,130573,LB,KENTUCKY,11,0,0,202,60.2,,,,,,48.1,,,75.5,1,1,0,14,22,33,0,27,0
Eric Rogers,130576,CB,RUTGERS,11,0,0,278,59.7,,,,,,64.3,,,76.7,0,0,0,18,0,3,21,34,0
Trayvon Rudolph,130577,WR,N ILLINOIS,13,0,0,254,,,,57.6,,,55.9,,,65.2,0,0,0,0,0,58,1,0,0
Matt Schooley,130578,G,N ILLINOIS,13,0,0,254,,,73.8,,,,64.5,,,65.6,0,0,53,0,0,0,0,0,0
Ray Thomas,130580,ED,N ILLINOIS,13,0,0,254,58.7,,,,,,60.2,,,68.4,0,0,0,40,0,0,0,9,0
Seth Thompson,130581,C,N ILLINOIS,13,0,0,254,,,77.5,,,,65.5,,,64.2,0,0,53,0,0,0,0,0,0
Jacob Waskow,130583,DI,N ILLINOIS,13,0,0,254,,,,,,,62.2,,,69.0,0,0,0,0,0,0,51,6,0
Jack Wilty,130585,G,COLORADO,12,0,0,143,,,78.0,,,,65.6,,,64.2,0,0,56,0,0,0,0,0,0
Shane Bonner,130589,ED,OHIO,13,0,0,259,59.6,,,59.9,,,62.4,,,80.2,2,0,0,20,29,48,41,49,2
Joseph Habinowski,130593,T,OHIO,4,0,0,259,,,65.8,,,,62.9,,,64.5,0,0,19,0,0,0,0,0,0
Rodney Mathews,130597,DI,OHIO,10,0,0,259,58.1,,,,,,59.7,,,73.7,0,0,0,23,0,0,0,7,0
Nife Oseni,130600,S,OHIO,6,0,0,259,,,,,,,66.7,,,73.2,0,0,0,0,4,0,2,17,0
Roman Parodie,130601,CB,OHIO,11,0,0,259,59.9,,,,,,61.6,,,69.8,0,0,0,30,0,0,0,1,0
Shedrick Rhodes Jr.,130602,T,OHIO,3,0,0,259,,,62.6,,,,62.2,,,63.2,0,0,13,0,0,0,0,0,0
Dylan Stevens,130605,LB,OHIO,13,2,0,259,59.7,,,,,,49.3,,,41.8,3,1,0,2,68,39,48,44,6
Keegan Wilburn,130608,WR,OHIO,11,3,0,259,,,,57.4,,,60.0,,,69.7,2,0,0,0,2,44,20,0,0
Jack Wilson,130609,P,OHIO,8,0,0,259,,,,,,,62.2,,70.5,72.1,0,0,0,0,0,0,29,0,0
DeMeer Blankumsee,130613,WR,MEMPHIS,5,0,0,218,,,,59.9,,,59.7,62.2,,64.0,0,0,0,0,0,3,0,7,0
Sawiaha Ellis,130618,LB,TOLEDO,14,1,0,316,59.9,,,,,,54.7,,,81.1,1,0,0,1,46,52,3,34,0
Maxen Hook,130625,S,TOLEDO,9,0,0,316,60.0,,,,,,67.6,51.9,,74.0,0,0,0,29,0,3,21,23,1
Quinyon Mitchell,130628,CB,TOLEDO,13,0,0,316,59.8,,,,,,73.4,,,78.4,0,0,0,25,0,0,29,40,1
Martez Poynter,130629,DI,TOLEDO,11,0,0,316,59.3,,,,,,60.3,,,66.8,0,0,0,29,0,0,0,3,0
Vinny Sciury,130632,G,TOLEDO,13,0,0,316,,,78.0,,,,66.3,,,74.2,0,0,63,0,0,0,0,0,0
Larry Stephens III,130634,WR,TOLEDO,13,0,1,316,,,,,,,56.1,,,30.2,0,2,0,0,1,9,2,40,0
Tanner Wigand,130640,T,TOLEDO,13,0,0,316,,,75.4,,,,65.0,,,67.4,0,0,64,0,0,0,0,0,0
Kyle Arnoldi,130643,C,W MICHIGAN,11,0,0,347,,,73.2,,,,64.3,,,65.5,0,0,50,0,0,0,0,0,0
Mitch Bartol,130644,TE,W MICHIGAN,12,0,0,347,,,73.9,,,,58.5,,,66.7,0,0,50,0,0,1,48,0,0
Dylan Calabrese,130646,LS,W MICHIGAN,2,0,0,347,,,61.6,,,69.7,63.0,,,65.6,0,0,5,0,0,0,0,1,0
Quinton Cannon,130647,LB,W MICHIGAN,12,3,0,347,59.8,,,,,,69.9,,,54.7,0,1,0,4,36,72,55,1,7
Anthony Enechukwu,130649,S,W MICHIGAN,7,0,0,347,,,,,,,65.2,,,69.3,0,0,0,0,2,1,0,17,0
Cam Griffin,130650,CB,W MICHIGAN,6,0,0,347,,,,,,,62.2,,,70.2,0,0,0,0,0,0,0,11,0
Riley Moore,130657,K,UMASS,1,0,0,216,,,,,,,60.0,,61.9,67.3,0,0,0,0,0,0,5,0,0
Jeremiah Piper,130659,CB,W MICHIGAN,5,0,0,347,,,,,,,61.3,,,67.9,0,0,0,0,0,0,2,5,0
Jack Salopek,130662,QB,W MICHIGAN,1,0,0,347,,,,,,,60.0,,60.0,63.3,0,0,0,0,0,0,1,0,0
Anthony Sambucci,130663,WR,W MICHIGAN,3,0,0,347,,,,,,,60.6,59.9,,65.7,0,0,0,0,0,1,0,13,0
Adam Vandervest,130667,T,W MICHIGAN,10,0,0,347,,,73.6,,,,65.3,,,73.4,0,0,45,0,0,0,0,0,0
Major Melson,130672,WR,OKLAHOMA,1,0,0,261,,,,,,,61.9,,,69.8,0,0,0,0,8,0,0,0,0
Jaxson Campbell,131100,LB,NAVY,11,1,0,237,,,,,,,64.0,,,35.3,1,2,0,0,38,45,0,38,0
Marvin Covington,131178,CB,NEW MEXICO,8,0,0,241,59.6,,,,,,49.9,,,28.5,0,2,0,18,16,21,16,17,1
Nate Bennett,131230,C,SMU,1,0,0,287,,,60.0,,,,60.0,,,60.9,0,0,2,0,0,0,0,0,0
Antoine Baylis,131242,ED,LA LAFAYET,10,0,0,207,59.2,,,,,,59.8,,,67.5,0,0,0,33,0,0,0,2,0
Jaedon Wilson,131244,WR,ARKANSAS,8,0,0,111,,,,,,,49.6,,,76.4,0,1,0,0,0,0,6,35,0
Byron Murphy II,131252,DI,TEXAS,14,0,0,311,57.2,,,,,,56.5,,,68.8,0,0,0,48,0,0,0,4,0
Johntay Cook II,131255,WR,TEXAS,1,0,0,311,,,,,,,60.0,60.3,,62.1,0,0,0,0,0,0,0,1,0
Shemar Turner,131273,ED,TEXAS A&M,12,0,0,312,90.1,,,,,,91.4,,,69.0,0,0,0,45,0,0,4,4,0
Treylin Payne,131350,LB,HOUSTON,10,0,0,182,,,,,,,38.8,,,71.8,2,0,0,0,41,0,5,5,0
Shedeur Sanders,131396,QB,COLORADO,1,0,0,143,,,,,,,60.0,,,23.1,0,1,0,0,0,0,0,0,0
Elijah Bowser,131436,G,LA TECH,12,0,0,208,,,29.1,,,,51.0,,,73.8,0,0,54,0,0,0,0,0,0
Preston Hodge,131462,CB,LIBERTY,13,1,0,206,60.3,,,,,,68.6,,,77.5,2,0,0,38,81,10,0,27,0
PJ Ramsey,131513,ED,AIR FORCE,13,0,0,101,58.7,,,,,,61.5,,,69.9,0,0,0,41,0,0,0,19,0
John Lee Eldridge III,131515,HB,AIR FORCE,4,0,0,101,,,,57.3,,,60.3,,,62.9,0,0,0,0,0,13,0,0,0
Josh Baker,131560,C,ARIZONA,13,0,0,109,,,79.6,,,,65.9,,,75.4,0,0,77,0,0,0,3,0,0
Khary Crump,131568,CB,MICH STATE,3,0,0,223,,,,,,,55.1,,,68.0,0,0,0,0,0,0,1,5,0
RJ Edwards,131570,LB,UMASS,12,0,0,216,60.0,,,55.7,,,71.4,,,77.3,0,0,0,2,5,64,0,17,0
Adama Fall,131571,CB,ARIZONA ST,10,0,0,110,,,,,,,63.2,,,75.1,1,0,0,0,27,53,2,25,0
Woody Jean,131576,T,FAU,1,0,0,165,,,60.0,,,,60.0,,,60.9,0,0,1,0,0,0,0,0,0
Jalen John,131577,HB,UMASS,3,0,0,216,,,,,,,65.0,,,69.0,0,0,0,0,4,19,0,0,0
Sam Langi,131581,G,ARIZONA,10,0,0,109,,,72.1,,,,55.8,,,28.4,0,1,43,0,0,0,0,0,0
Tyler Loop,131582,K,ARIZONA,13,0,0,109,,87.4,,,92.3,,64.1,,,77.4,0,0,77,0,85,0,0,0,1
Leif Magnuson,131583,G,ARIZONA,6,0,0,109,,,69.9,,,,62.8,,,65.2,0,0,33,0,0,0,1,0,0
Roberto Miranda,131588,TE,ARIZONA,5,0,0,109,,,,,,,60.3,,,65.1,0,0,0,0,0,7,0,0,0
Derick Mourning Jr.,131589,LB,TEXAS ST,3,0,0,314,59.2,,,,,,59.4,,,63.9,0,0,0,5,0,0,0,0,0
Ugochukwu Nosike,131590,DI,E MICHIGAN,1,0,0,160,59.4,,,,,,60.1,,,63.7,0,0,0,2,0,0,0,1,0
Paris Shand,131594,ED,LSU,13,0,0,211,60.0,,78.6,,,,66.0,,,68.8,0,0,93,16,0,0,1,4,0
Treydan Stukes,131596,CB,ARIZONA,11,0,0,109,59.6,,,,,,56.4,,,70.3,2,0,0,24,12,0,10,1,2
Dion Wilson Jr.,131600,DI,NEW MEX ST,14,0,0,242,58.1,,,,,,58.4,,,67.9,0,0,0,28,0,0,0,7,0
Jaydin Young,131602,CB,OREGON ST,8,0,0,265,,,,,,,70.1,,,68.1,0,0,0,0,40,0,0,4,2
Elijhah Badger,131603,WR,ARIZONA ST,11,1,0,110,,,,76.1,,,55.8,,,65.7,0,0,0,0,0,49,7,0,0
Ben Bray,131605,G,ARIZONA ST,8,0,0,110,,,72.4,,,,64.1,,,64.6,0,0,27,0,0,0,0,0,0
LV Bunkley-Shelton,131606,WR,OKLAHOMA,13,0,0,261,,,,63.5,,,65.4,53.3,,74.7,0,0,0,0,29,54,1,7,0
Caleb McCullough,131619,LB,ARIZONA ST,12,0,0,110,60.0,,,,,,67.6,,,39.7,0,1,0,24,20,78,3,29,1
Joe Moore,131621,ED,MISSOURI,6,0,0,229,59.9,,,,,,61.5,,,66.5,0,0,0,8,0,0,0,3,0
Ryan Morgan,131622,TE,ARIZONA ST,12,1,0,110,,,67.9,59.9,,,64.5,,,74.9,0,0,24,0,41,78,19,0,2
Daniyel Ngata,131623,HB,WASHINGTON,8,0,0,340,,,,65.0,,,60.5,,,64.0,0,0,0,0,0,42,0,0,0
Omarr Norman-Lott,131624,DI,TENNESSEE,6,0,0,307,58.7,,,,,,59.0,,,65.4,0,0,0,13,0,0,0,1,0
Giovanni Sanders,131627,WR,ARIZONA ST,2,0,0,110,,,,,,,60.0,,,65.7,0,0,0,0,0,0,3,0,0
Will Shaffer,131628,LB,ARIZONA ST,4,0,0,110,60.0,,,,,,81.7,,,67.5,0,0,0,3,0,22,0,2,0
DJ Taylor Jr.,131630,S,CINCINNATI,8,0,0,138,59.7,,,59.9,,,52.8,,,66.7,0,0,0,11,2,9,0,0,0
Chip Trayanum,131631,HB,OHIO STATE,12,1,0,260,,,,61.8,,,66.8,,,75.4,1,0,0,0,54,36,37,3,0
Macen Williams,131634,CB,ARIZONA ST,7,1,0,110,60.0,,,,,,66.5,,,65.0,0,0,0,7,13,0,0,1,0
Ed Woods,131636,CB,ARIZONA ST,12,0,0,110,60.2,,,,,,51.1,,,28.7,0,1,0,39,15,0,0,33,0
Ender Aguilar,131638,G,CAL,1,0,0,130,,,60.0,,,,60.0,,,61.6,0,0,1,0,0,0,0,0,0
Dejuan Butler,131640,S,CAL,13,2,0,130,,,,,,,66.5,,,77.8,2,0,0,0,74,4,0,43,3
Ricky Correia,131644,DI,CAL,13,0,0,130,58.6,,,,,,58.4,,,69.9,0,0,0,36,0,0,53,1,0
Jeremiah Hunter,131650,WR,CAL,13,0,0,130,,,,,,,61.0,58.8,,68.6,0,0,0,0,0,9,0,44,0
Everett Johnson,131652,T,CAL,4,0,0,130,,,60.0,,,,60.8,,,63.8,0,0,4,0,0,0,0,0,0
Mason Mangum,131655,WR,CAL,1,0,0,130,,,,59.6,,,60.0,,,61.6,0,0,0,0,0,2,0,0,0
Stanley Saole-McKenzie,131656,DI,CAL,10,0,0,130,58.8,,,,,,59.2,,,67.3,0,0,0,20,0,0,1,1,0
Tyson McWilliams,131658,CB,CAL,1,0,0,130,,,,,,,61.8,,,68.3,0,0,0,0,0,0,0,4,0
Tramayne Mejia-Paster,131662,LB,COLO STATE,8,1,0,144,59.8,,,,,,53.4,,,29.3,0,1,0,4,12,53,5,2,1
Jaedon Roberts,131664,DI,CAL,7,0,0,130,59.5,,73.3,,,,63.9,,,63.8,0,0,30,2,0,0,0,0,0
Ethan Saunders,131665,DI,CAL,2,0,0,130,59.4,,,,,,59.6,,,62.8,0,0,0,2,0,0,0,0,0
Ashton Stredick,131667,HB,CAL,3,0,0,130,,,,,,,59.8,,,66.3,0,0,0,0,0,7,0,0,0
Isaiah Young,131669,CB,CAL,3,1,0,130,59.9,,,,,,56.1,,,65.9,1,0,0,1,16,0,0,0,0
Chris Carpenter,131671,WR,UTSA,12,0,0,331,,,,58.6,,,61.3,59.8,,68.0,0,0,0,0,0,20,1,61,0
Gerad Lichtenhan,131673,T,COLORADO,4,0,0,143,59.1,,63.2,,,,61.6,,,64.3,0,0,14,1,0,0,0,0,0
Travis Drosos,131675,LS,S ALABAMA,13,0,0,288,,,80.5,,,42.5,56.6,,,29.5,0,1,69,0,0,0,43,0,1
Caleb Fauria,131676,TE,COLORADO,7,0,0,143,,,70.9,,,,61.5,,,69.3,0,0,33,0,0,0,22,0,0
Michael Harrison,131682,TE,COLORADO,12,0,0,143,,,15.9,,,,41.2,,,43.0,0,1,32,0,0,64,16,0,0
Montana Lemonious-Craig,131686,WR,ARIZONA,7,0,0,109,,,,,,,62.3,,,70.0,0,0,0,0,0,1,3,13,0
Brenden Rice,131692,WR,USC,11,0,0,326,,,,,,,71.9,,,79.5,0,0,0,0,1,46,0,32,0
Jack Seavall,131694,G,COLORADO,1,0,0,143,,,60.0,,,,60.0,,,63.7,0,0,1,0,0,0,0,0,0
Kai Arneson,131701,T,NEVADA,12,0,0,239,59.4,,72.6,,,,68.0,,,73.1,0,0,39,1,0,0,17,0,0
Trey Benson,131705,HB,FLORIDA ST,2,0,0,167,,,,57.5,,,60.0,,,61.6,0,0,0,0,0,2,0,0,0
Marcus Harper II,131712,G,OREGON,1,0,0,264,,,,,,,60.0,,,63.3,0,0,0,0,0,0,1,0,0
Kris Hutson,131713,WR,OREGON,2,0,0,264,,,,,,,61.3,,,68.3,0,0,0,0,5,0,0,0,0
Jaylan Jeffers,131714,T,UCLA,3,0,0,324,,,61.5,,,,62.0,,,65.7,0,0,9,0,0,0,0,0,0
Jayson Jones,131715,DI,AUBURN,13,0,0,115,57.8,,,,,,58.8,,,69.3,0,0,0,31,0,0,0,9,0
Jackson LaDuke,131716,LB,NEVADA,12,0,0,239,60.0,,,,,,61.4,,,63.1,0,0,0,19,0,0,0,4,0
Faaope Laloulu,131717,T,OREGON,13,0,0,264,,,60.0,,,,49.8,,,67.4,0,0,5,0,0,0,31,0,0
Dontae Manning,131719,CB,OREGON,13,0,0,264,59.8,,,,,,71.9,,,33.8,0,1,0,19,26,0,14,46,3
Logan Sagapolu,131721,G,MIAMI FL,3,0,0,220,,,64.5,,,,62.5,,,65.4,0,0,13,0,0,0,0,0,0
Jake Shipley,131723,ED,OREGON,13,0,0,264,59.7,,,,,,60.2,,,70.1,0,0,0,3,0,44,0,0,0
Bradyn Swinson,131726,ED,LSU,10,0,0,211,60.0,,,,,,44.9,,,27.2,0,1,0,21,1,0,0,3,0
Marko Vidackovic,131727,S,OREGON,4,0,0,264,,,,,,,62.9,,,70.8,0,0,0,0,3,0,0,15,0
Taliese Fuaga,131732,T,OREGON ST,10,0,0,265,58.9,,77.1,,,,63.2,,,65.9,0,0,50,13,0,0,2,0,0
Josh Green,131733,P,OREGON ST,12,0,0,265,,,67.3,,,,63.0,,67.9,69.6,0,1,65,0,0,0,33,0,0
Peyton Hogan,131735,LS,OREGON ST,2,0,0,265,,,60.0,,,0.3,52.3,,,61.4,0,0,3,0,0,0,0,0,0
Dante Jackson,131737,P,AKRON,12,0,0,102,,54.0,,,59.7,,55.0,,55.1,38.6,1,1,6,0,41,0,67,0,2
Alton Julian,131739,S,OREGON ST,3,0,0,265,60.0,,,,,,60.0,,,62.0,0,0,0,3,0,0,0,0,0
Sione Lolohea,131743,ED,OREGON ST,13,0,0,265,58.7,,,,,,59.4,,,68.4,0,0,0,48,0,0,0,6,0
John Miller,131744,LB,OREGON ST,5,0,0,265,59.9,,,,,,63.3,,,77.2,0,0,0,16,18,20,17,16,0
Tyler Morano,131745,T,OREGON ST,3,0,0,265,,,62.1,,,,62.1,,,69.1,0,0,8,0,0,0,0,0,0
Isaiah Newell,131746,HB,OREGON ST,13,0,0,265,,,,,,,60.5,,,77.5,0,0,0,0,77,44,0,1,0
Jake Overman,131748,TE,OREGON ST,4,0,0,265,,,68.7,59.9,,,62.6,,,63.3,0,0,25,0,0,9,0,0,0
Trevor Pope,131750,WR,OREGON ST,1,0,0,265,,,,,,,60.5,,,64.2,0,0,0,0,0,3,0,0,0
Tavis Shippen,131753,DI,OREGON ST,1,0,0,265,59.2,,,,,,59.3,,,63.1,0,0,0,3,0,0,0,0,0
Junior Walling,131755,LB,NEVADA,1,0,0,239,,,,,,,60.0,,,63.5,0,0,0,0,0,0,0,1,0
Logan Berzins,131757,G,STANFORD,12,0,0,300,,,73.1,,,,58.7,,,29.5,0,1,49,0,0,0,54,0,0
Bryce Farrell,131758,WR,STANFORD,12,0,0,300,,,,52.8,,,71.4,50.3,,69.3,1,0,0,0,10,70,6,26,0
Casey Filkins,131759,HB,STANFORD,7,0,0,300,,,,,,,60.9,67.8,,66.2,0,0,0,0,0,0,0,23,0
Alaka'i Gilman,131760,S,STANFORD,9,1,0,300,60.1,,,,,,59.8,,,69.9,1,0,0,43,8,1,20,9,0
Myles Hinton,131761,T,MICHIGAN,5,0,0,222,,,66.8,,,,63.4,,,70.1,0,0,19,0,0,0,1,0,0
John Humphreys,131762,WR,STANFORD,2,0,0,300,,,,,,,64.0,,,68.4,0,0,0,0,0,1,0,9,0
Joshua Karty,131765,K,STANFORD,12,0,0,300,,95.0,,,90.7,,63.4,,,75.2,0,0,48,0,57,0,0,0,0
Lance Keneley,131766,ED,STANFORD,12,0,0,300,59.7,,,,,,64.4,,,70.4,0,0,0,34,1,0,53,7,1
Zephron Lester,131769,DI,STANFORD,2,0,0,300,59.3,,,,,,59.5,,,63.6,0,0,0,5,0,0,0,0,0
Connor McLaughlin,131771,T,STANFORD,12,0,0,300,,,19.2,,,,32.6,,,75.0,0,0,49,0,0,0,0,0,0
Bailey Parsons,131775,LS,STANFORD,12,0,0,300,,,80.1,,,71.6,67.3,,,64.2,0,0,49,0,0,0,8,0,0
Tobin Phillips,131776,DI,STANFORD,12,0,0,300,58.0,,,,,,57.8,,,68.4,0,0,0,54,0,0,0,4,0
James Pogorelc,131777,T,STANFORD,12,0,0,300,,,73.7,,,,64.5,,,65.2,0,0,49,0,0,0,0,0,0
Omari Porter,131778,S,STANFORD,12,1,0,300,60.0,,,,,,67.3,,,74.4,0,0,0,12,47,11,24,26,0
EJ Smith,131782,HB,STANFORD,12,0,0,300,,,,59.1,,,66.5,,,73.8,0,0,0,0,6,77,0,22,0
Silas Starr,131783,WR,STANFORD,12,0,0,300,,,,,,,64.0,,,82.5,0,0,0,0,0,66,8,27,0
Lukas Ungar,131785,TE,STANFORD,8,0,0,300,,,68.9,,,,59.8,,,67.8,0,0,26,0,0,53,0,0,0
Benjamin Yurosek,131786,TE,STANFORD,6,0,0,300,,,68.0,,,,68.1,,,67.6,0,0,23,0,0,17,0,0,0
Luke Akers,131788,P,NWESTERN,4,0,0,256,,,,,75.2,,60.7,,61.0,70.9,0,0,0,0,11,0,2,0,1
Choe Bryant-Strother,131789,ED,UCLA,10,1,1,324,60.0,,,,,,61.8,,,28.8,0,1,0,1,31,3,0,4,0
Bruno Fina,131791,T,UCLA,13,0,0,324,,,75.4,,,,64.9,,,64.6,0,0,60,0,0,0,0,0,0
John Humphrey,131794,CB,UCLA,12,0,0,324,59.8,,,,,,63.8,,,75.0,0,0,0,31,0,0,0,18,0
Myles Jackson,131795,ED,INDIANA,12,0,0,190,59.2,,,,,,61.3,,,69.2,0,0,0,35,0,0,49,7,0
RJ Lopez,131800,K,UCLA,11,0,0,324,,62.9,,,74.8,,61.9,,,69.7,0,0,43,0,15,0,0,0,1
Logan Loya,131801,WR,UCLA,13,0,0,324,,,,61.8,,,61.4,85.8,,69.0,0,0,0,0,0,8,0,69,0
Grant Norberg,131805,TE,UCLA,1,0,0,324,,,60.0,,,,60.0,,,60.2,0,0,1,0,0,0,0,0,0
Joquarri Price,131806,ED,UCLA,12,2,0,324,60.0,,,,,,60.8,,,28.5,0,1,0,1,43,20,0,6,0
Joshua Swift,131811,S,UCLA,2,0,0,324,60.0,,,,,,60.5,,,64.3,0,0,0,1,2,0,0,1,0
Matt Sykes,131812,WR,RICE,4,0,0,275,,,,59.9,,,63.1,,,70.2,0,0,0,0,14,3,0,0,0
Evan Thomas,131813,CB,UCLA,6,0,0,324,,,,,,,65.4,,,68.5,0,0,0,0,22,13,0,0,0
JonJon Vaughns,131815,LB,UCLA,12,0,0,324,59.8,,,61.8,,,76.8,,,77.7,0,0,0,12,36,53,0,27,1
DJ Warnell,131817,S,ARIZONA,13,0,0,109,59.8,,,,,,70.8,,,52.7,0,1,0,23,85,47,33,44,4
Gary Bryant Jr.,131819,WR,OREGON,13,0,0,264,,,,56.2,,,59.3,63.1,,65.3,0,0,0,0,0,44,1,4,0
Matt Colombo,131822,HB,USC,5,0,0,326,60.0,,,,,,47.4,,,70.3,0,0,0,1,25,0,0,0,0
Andres Dewerk,131824,G,USC,3,0,0,326,,,69.4,,,,63.6,,,67.5,0,0,20,0,0,0,0,0,0
Courtland Ford,131826,T,KENTUCKY,13,0,0,202,,,75.5,,,,65.7,,,76.2,0,0,59,0,0,0,0,0,0
Parker Lewis,131828,K,OHIO STATE,1,0,0,260,,,,,65.8,,60.0,,,66.0,0,0,0,0,2,0,0,0,0
Danny Lockhart II,131829,LB,TEXAS A&M,1,0,0,312,,,,,,,62.6,,,67.1,0,0,0,0,2,0,0,0,0
Andrew Milek,131832,G,USC,11,0,0,326,,,78.7,,,,69.2,,,68.5,0,0,67,0,0,0,40,0,1
Kobe Pepe,131834,DI,USC,4,0,0,326,59.1,,,,,,59.2,,,63.6,0,0,0,4,0,0,0,0,0
Nick Billoups,131847,QB,BYU,3,0,0,128,,,,,,,54.8,,,68.5,0,0,0,0,16,1,0,0,0
Xavier Carlton,131849,ED,CAL,13,0,0,130,59.8,,21.8,,,,49.0,,,69.7,0,1,22,54,0,0,0,2,0
Van Fillinger,131852,ED,UTAH,11,0,0,328,59.2,,,,,,62.2,,,75.5,0,0,0,23,0,0,0,8,0
Sione Fotu,131853,LB,UTAH,12,2,0,328,59.2,,,,,,51.8,,,29.1,3,1,0,25,49,1,20,5,2
Alex Harrison,131856,G,UTAH,13,0,0,328,,,77.0,,,,66.0,,,73.6,0,0,55,0,0,0,0,0,0
Jaren Kump,131859,C,UTAH,13,0,0,328,,,75.0,,,,65.4,,,75.0,0,0,55,0,0,0,7,0,0
Kamo'i Latu,131860,S,WISCONSIN,11,0,0,349,59.8,,,,,,69.8,,,72.5,0,0,0,11,49,0,0,10,3
Kenzel Lawler,131861,CB,UTAH,11,0,0,328,,,,,,,52.2,,,28.3,0,2,0,0,0,0,10,44,1
Faybian Marks,131863,CB,UTAH,11,0,0,328,,,,,,,67.0,,,76.0,0,0,0,0,3,32,0,44,0
Jeremy Mercier,131864,ED,ARIZONA,13,0,0,109,60.1,,,,,,66.9,,,72.1,0,0,0,19,16,40,0,2,0
Gavin Nawahine,131867,ED,UTAH,1,0,0,328,59.8,,,,,,60.0,,,62.7,0,0,0,1,0,0,0,0,0
Jordan Noyes,131868,K,COLO STATE,11,0,0,144,,91.1,,,79.3,,62.0,,,70.0,0,0,49,0,16,0,0,0,0
Connor O'Toole,131869,ED,UTAH,8,0,0,328,82.7,,,,,,90.3,,,73.8,0,0,0,28,0,0,0,11,0
Money Parks,131870,WR,UTAH,9,0,0,328,,,,57.7,,,47.9,64.4,,71.8,1,0,0,0,0,5,24,7,0
Nate Ritchie,131875,S,UTAH,13,0,0,328,59.8,,,,,,52.0,,,81.4,1,0,0,12,16,47,4,39,0
Caine Savage,131876,S,NEVADA,12,0,0,239,60.5,,,,,,68.0,60.0,,55.2,0,2,0,47,33,0,39,35,4
Junior Tafuna,131877,DI,UTAH,9,0,0,328,58.4,,,,,,58.9,,,71.3,0,0,0,20,0,0,0,9,0
Tanoa Togiai,131879,T,UTAH,3,0,0,328,,,60.0,,,,61.6,,,63.3,0,0,8,0,0,0,0,0,0
Zemaiah Vaughn,131882,CB,UTAH,13,0,0,328,60.2,,,,,,57.3,60.0,,79.5,1,0,0,31,2,7,31,10,0
Aliki Vimahi,131883,DI,UTAH,11,0,0,328,58.3,,60.0,,,,59.8,,,74.8,0,0,1,18,0,0,6,5,0
Tyler Wegis,131884,ED,BOISE ST,3,0,0,120,60.0,,,,,,60.3,,,64.2,0,0,0,5,0,0,0,0,0
Sam Adams II,131886,HB,WASHINGTON,4,0,0,340,,,,,,,60.4,,,66.5,0,0,0,0,0,16,0,0,0
Carson Bruener,131889,LB,WASHINGTON,15,0,0,340,60.0,,,,,,85.4,,,30.1,0,2,0,4,99,68,47,35,8
Jacobe Covington,131891,CB,USC,6,0,0,326,59.8,,,,,,62.7,,,73.2,0,0,0,15,12,0,0,5,0
Makell Esteen,131892,S,WASHINGTON,14,0,0,340,59.8,,,,,,56.2,,,32.4,0,2,0,25,40,58,13,10,0
Ethan Garbers,131896,QB,UCLA,8,0,0,324,,,65.2,,,,61.8,,,61.0,0,0,37,0,0,0,0,0,0
Jaden Green,131897,LS,WASHINGTON,15,0,0,340,,,68.3,,,22.3,42.9,,,29.8,1,1,86,0,0,0,47,0,0
Geirean Hatchett,131898,G,WASHINGTON,12,0,0,340,,,74.0,,,,64.4,,,73.8,0,0,48,0,0,0,38,0,0
Elijah Jackson,131899,CB,WASHINGTON,15,1,0,340,59.4,,,,,,64.2,,,84.8,1,0,0,51,32,0,7,56,1
Cooper McDonald,131903,ED,S DIEGO ST,12,0,0,284,60.1,,,,,,55.1,,,70.1,0,0,0,41,0,19,0,2,0
Jalen McMillan,131905,WR,WASHINGTON,5,0,0,340,,,,,,,60.6,66.1,,66.1,0,0,0,0,0,2,0,14,0
Samuel Peacock,131908,T,WASHINGTON,7,0,0,340,,,70.7,,,,64.2,,,72.8,0,0,30,0,0,0,0,0,0
Meki Pei,131909,S,HAWAII,12,0,0,180,60.4,,,,,,61.7,,,66.1,0,0,0,49,0,0,0,2,0
Mark Redman,131911,TE,S DIEGO ST,12,0,0,284,,,74.2,59.9,,,58.8,,,70.6,0,0,51,0,0,63,0,0,0
Roger Rosengarten,131912,T,WASHINGTON,15,0,0,340,,,78.6,,,,65.6,,,64.6,0,0,85,0,0,0,0,0,0
Addison Shrock,131914,K,WASHINGTON,1,0,0,340,,60.0,,,,,60.0,,,61.7,0,0,1,0,0,0,0,0,0
Sav'ell Smalls,131915,ED,COLORADO,4,1,0,143,59.6,,,,,,69.8,,,66.5,0,0,0,2,3,6,6,0,0
Anthony Ward,131919,LB,ARIZONA,13,0,0,109,,,,,,,82.1,,,78.5,1,1,0,0,84,47,34,37,1
Jayden de Laura,131928,QB,ARIZONA,1,0,0,109,,,,,,,60.0,,60.0,63.3,0,0,0,0,0,0,1,0,0
Joshua Erling,131929,LB,WASH STATE,9,0,0,341,,,,,,,70.1,,,80.0,1,0,0,0,41,35,24,26,3
Ayden Hector,131933,CB,COLO STATE,6,0,0,144,59.9,,,,,,64.4,,,48.0,0,1,0,21,23,32,3,23,0
Joey Hobert,131934,WR,TEXAS ST,10,0,0,314,,,,,,,60.7,67.1,,68.8,0,0,0,0,0,5,3,32,0
Devin Kylany,131938,C,WASH STATE,11,0,0,341,,,75.0,,,,65.1,,,68.8,0,0,60,0,0,0,0,0,0
Jackson Lataimua,131939,S,WASH STATE,12,0,0,341,60.1,,,,,,68.0,,,70.7,0,0,0,26,58,0,0,8,2
Justin Lohrenz,131941,ED,TULSA,8,0,0,320,59.1,,60.0,,,,63.3,,,66.8,0,0,1,10,0,0,15,1,1
Gabriel Lopez,131942,ED,NEW MEXICO,12,0,0,241,59.0,,,,,,61.2,,,70.4,0,0,0,47,0,1,0,13,0
Cooper Mathers,131944,TE,WASH STATE,3,0,0,341,,,,63.5,,,74.1,,,69.4,0,0,0,0,0,8,0,0,0
Tanner Moku,131947,S,WASH STATE,8,0,0,341,59.8,,,,,,51.8,,,59.2,2,1,0,4,39,39,27,33,1
Dylan Paine,131950,HB,WASH STATE,5,0,0,341,,,,,,,61.4,,,70.6,0,0,0,0,7,23,0,2,0
Quinn Roff,131954,ED,WASH STATE,4,0,0,341,59.5,,,,,,60.9,,,65.0,0,0,0,3,0,0,7,2,0
Chau Smith-Wade,131956,CB,WASH STATE,6,1,0,341,59.8,,,,,,72.4,,,76.6,0,0,0,32,1,0,23,7,0
Tristan Souza,131957,DI,WASH STATE,1,0,0,341,59.6,,,,,,59.8,,,62.0,0,0,0,1,0,0,0,0,0
Rodrick Tialavea,131959,G,WASH STATE,10,0,0,341,,,75.6,,,,58.9,,,29.1,0,1,56,0,0,0,0,0,0
Amarian Williams,132048,CB,LIBERTY,11,0,0,206,59.9,,,,,,38.4,,,74.9,0,0,0,33,0,0,1,24,0
Jalon Peoples,132067,CB,TEXAS TECH,3,0,0,315,60.0,,,,,,60.5,,,66.5,0,0,0,2,0,0,0,1,0
Jadon Cardell,132104,P,SM HOUSTON,12,0,0,281,,,22.9,,,,33.0,,48.4,28.5,0,2,43,0,0,0,76,0,0
Jarvarius Sims,132298,CB,C MICHIGAN,9,0,0,134,59.7,,,,,,57.5,,,71.0,0,0,0,11,15,0,0,10,0
Nigel Manns,132443,LB,GA SOUTHRN,2,0,0,174,,,,,,,62.6,,,65.2,0,0,0,0,10,0,0,0,0
Tavierre Dunlap,132720,HB,MICHIGAN,10,0,0,222,,,,,,,65.6,,,77.0,0,0,0,0,20,3,0,28,0
Jayden Thiergood,132969,DI,AIR FORCE,9,0,0,101,59.0,,,,,,61.8,,,69.6,0,0,0,23,0,0,0,12,0
Caden Blum,132971,ED,AIR FORCE,2,0,0,101,59.8,,,,,,60.4,,,63.4,0,0,0,3,0,0,0,1,0
Jestus Johnson,132972,G,VIRGINIA,5,0,0,335,,,68.4,,,,63.1,,,61.2,0,0,24,0,0,0,0,0,0
Sackett Wood Jr.,132974,TE,VIRGINIA,4,0,0,335,,,65.2,,,,51.8,,,65.7,0,0,15,0,0,7,0,0,0
David Godsey Jr.,133044,CB,LA MONROE,11,0,0,209,59.7,,,,,,53.7,,,71.0,0,0,0,50,18,0,0,6,0
Brenden Jordan,133060,S,TEXAS TECH,9,0,0,315,60.1,,,,,,62.1,,,68.8,0,0,0,23,3,0,0,5,0
Dylan Howell,133066,DI,LA MONROE,9,0,0,209,58.1,,,,,,58.0,,,66.5,0,0,0,27,0,0,0,1,0
Walter Young Bear,133127,G,TULSA,12,0,0,320,,,74.0,,,,64.5,,,64.1,0,0,51,0,0,0,0,0,0
Wyatt Wilson,133199,WR,AIR FORCE,2,0,0,101,,,,60.0,,,60.0,,,61.5,0,0,0,0,0,2,0,0,0
Patrick Dahlen,133200,S,AIR FORCE,13,0,1,101,60.0,,,59.9,,,59.3,,,81.6,0,1,0,1,67,50,32,43,3
Davone Walden Jr.,133201,CB,UNLV,14,0,0,325,,,,,,,71.7,,,61.0,4,1,0,0,96,0,52,45,7
Garrett Kahmann,133204,TE,LA MONROE,8,0,0,209,,,67.8,,,,62.9,,,61.0,0,0,22,0,0,0,0,0,0
Nate Dyman,133208,LB,UTEP,4,0,0,330,,,,,,,63.4,,,73.5,0,0,0,0,11,14,9,12,1
Kaleb Culp,133217,S,TEXAS ST,13,1,0,314,60.0,,,,,,56.8,,,72.2,1,0,0,44,36,4,43,4,3
Elliott Davison,133219,S,UTSA,13,0,0,331,60.1,,,,,,66.8,,,80.7,1,0,0,24,79,1,51,40,3
Nash Jones,133226,T,TEXAS ST,1,0,0,314,,,60.0,,,,60.0,,,61.0,0,0,1,0,0,0,0,0,0
Tah Banda,133231,LB,MARSHALL,5,1,0,214,,,,,,,72.2,,,30.1,1,1,0,0,26,27,0,6,1
Rodney Harris II,133616,WR,OHIO,9,0,0,259,,,,,,,72.1,,,72.3,0,0,0,0,0,15,0,13,0
David Larkins,133685,TE,APP STATE,11,0,0,108,,,75.1,,,,64.7,,,64.0,0,0,57,0,0,0,1,0,0
Ken Willis,133807,S,CINCINNATI,12,1,0,138,59.8,,,,,,67.7,,,71.9,0,0,0,14,28,9,0,23,3
Dontay Corleone,133825,DI,CINCINNATI,12,0,0,138,57.8,,,,,,58.6,,,69.5,0,0,0,46,0,0,0,8,0
Josiah Jackson,133970,S,W VIRGINIA,1,0,0,343,,,,,,,60.2,,,62.9,0,0,0,0,2,0,0,0,0
Jaydan Mayes,133971,CB,ARMY,1,0,0,114,59.9,,,,,,31.4,,,23.9,0,1,0,2,0,0,0,1,0
Jordan Jackson,133973,CB,W VIRGINIA,3,0,0,343,,,,,,,63.5,,,69.4,0,0,0,0,2,0,0,7,0
Jacob Boren,134135,CB,BYU,12,1,0,128,,,,,,,71.2,,,44.6,4,2,0,0,56,67,65,35,8
Neto Okpala,134146,ED,BOSTON COL,11,0,0,121,58.8,,,,,,60.8,,,73.4,0,0,0,52,0,0,1,15,0
Jake Clifton,134280,LB,KANSAS ST,7,0,0,199,59.3,,,,,,60.4,,,69.6,1,0,0,9,17,0,0,4,1
Tyler Rich,134328,DI,TULSA,2,0,0,320,58.6,,,,,,59.0,,,65.9,0,0,0,7,0,0,0,1,0
Daron Allman,134441,ED,UTSA,10,0,0,331,59.6,,,,,,55.3,,,73.7,1,0,0,5,38,8,0,20,1
Tre Colbert,134452,DI,MARYLAND,12,0,0,215,57.7,,68.6,,,,60.2,,,69.7,0,0,17,23,0,0,0,5,0
Jake Long,134482,G,DUKE,7,0,0,154,,,74.5,,,,57.9,,,27.9,0,1,37,0,0,0,0,0,0
Willis Patrick,134500,G,TCU,12,0,0,305,,,33.1,,,,53.2,,,74.5,0,0,67,0,0,0,0,0,0
Brison Cobbins,134543,HB,OREGON,1,0,0,264,,,,,,,60.0,,,64.2,0,0,0,0,0,2,0,0,0
Eddie Battle,134719,HB,FLORIDA,2,0,0,163,,,,,,,61.3,,,64.9,0,0,0,0,4,0,0,0,0
Mathyus Su'a,134899,G,UNLV,14,0,0,325,,,81.3,,,,61.0,,,29.8,1,1,85,0,0,9,45,0,0
Donerio Davenport,134974,HB,TEXAS ST,2,0,0,314,,,,,,,59.9,,,64.4,0,0,0,0,0,5,0,0,0
Sekai Asoau-Afoa,136114,ED,WASHINGTON,14,0,0,340,58.7,,70.1,,,,67.5,,,75.6,0,0,29,37,0,36,0,11,0
Ridge Texada,136842,CB,N TEXAS,12,0,0,251,60.5,,,,,,64.8,,,77.6,0,0,0,57,4,0,0,17,0
Kaylon Horton,136888,WR,N TEXAS,12,0,0,251,,,,67.0,,,54.5,,,49.1,0,1,0,1,21,78,38,18,0
Jake Walrath,136922,P,C MICHIGAN,12,0,0,134,,,66.1,,,,63.5,,69.9,73.6,0,2,47,0,0,0,62,0,0
Bryson Broadway,137997,T,GA SOUTHRN,1,0,0,174,,,60.0,,,,60.0,,,61.6,0,0,1,0,0,0,0,0,0
Jordan Vincent,138030,S,NEW MEX ST,13,0,0,242,60.2,,,,,,61.0,,,74.9,0,0,0,21,25,8,0,24,0
Kendall Johnson,138081,ED,UAB,11,0,0,321,59.3,,,,,,60.4,,,68.3,0,0,0,26,0,0,0,4,0
Jalen Bracey,138149,WR,FIU,8,0,0,166,,,,54.8,,,60.7,,,64.1,0,0,0,0,0,46,0,0,0
Ron Tiavaasue,138227,TE,NEW MEX ST,14,0,0,242,,,,,,,57.1,,,71.3,0,0,0,0,3,56,13,0,0
Quinn Urwiler,138258,LB,N ILLINOIS,5,0,0,254,,,,,,,73.2,,,29.8,0,1,0,0,29,13,0,14,4
Jacob Ferguson,138274,ED,GA SOUTHRN,9,0,0,174,59.4,,,59.9,,,76.7,,,68.1,0,0,0,17,0,31,0,1,0
Isaiah Green,138276,DI,W MICHIGAN,12,0,0,347,58.2,,,,,,59.0,,,70.4,0,0,0,56,0,0,0,7,0
Kenden Robinson Jr.,138286,WR,CAL,1,0,0,130,,,,,,,46.0,,,69.1,0,1,0,0,0,7,0,1,0
Keyon Martin,138344,CB,LA LAFAYET,12,0,0,207,59.4,,,,,,57.0,,,77.9,0,1,0,42,11,0,0,36,0
Sy'veon Wilkerson,138400,HB,COLORADO,7,0,0,143,,,,,,,64.7,,,70.0,1,0,0,0,6,28,7,1,2
Ronald Altman,138445,T,JAMES MAD,12,0,0,197,,,77.4,,,,66.5,,,76.8,0,0,68,0,0,0,0,0,0
Blake Barnes,138446,WR,JAMES MAD,10,0,0,197,,,,,,,84.1,,,75.2,0,0,0,0,0,44,0,0,0
Xavier Cokley,138452,CB,KENT STATE,7,0,0,201,59.7,,,,,,62.1,,,73.3,0,0,0,12,1,3,6,16,0
Mikail Kamara,138455,ED,JAMES MAD,13,0,0,197,59.0,,,,,,60.7,,,70.1,0,0,0,40,0,0,30,7,0
Connor Madden,138457,K,JAMES MAD,13,0,0,197,,,,,77.2,,64.0,,,78.8,1,0,0,0,78,0,0,0,2
Sammy Malignaggi,138458,HB,JAMES MAD,10,0,0,197,,,,57.4,,,60.1,,,73.6,1,0,0,0,44,16,0,0,1
Seth Naotala,138461,LB,JAMES MAD,13,0,0,197,60.0,,,,,,60.5,,,71.4,0,0,0,1,78,6,0,2,3
Cole Potts,138463,G,JAMES MAD,13,0,0,197,,,78.8,,,,66.7,,,74.7,0,0,70,0,0,0,0,0,0
Tyler Stephens,138468,T,JAMES MAD,10,0,0,197,,,76.5,,,,65.5,,,68.9,0,0,53,0,0,0,0,0,0
Tyshawn Wyatt,138471,T,JAMES MAD,5,0,0,197,,,72.5,,,,64.1,,,63.5,0,0,27,0,0,0,0,0,0
Garrett Bishop,138472,DI,NEW MEX ST,10,0,0,242,,,74.3,,,,65.2,,,74.1,0,0,46,0,0,0,0,0,0
Cole Harrity,138482,WR,BUFFALO,12,0,0,126,,,,60.5,,,64.2,39.5,,74.4,0,0,0,0,3,65,10,15,0
Devlin Kirklin,138486,S,NEW MEX ST,14,1,0,242,60.0,,,,,,69.6,,,34.8,0,1,0,1,47,41,0,37,2
Justin Stinson,138494,LB,NEW MEX ST,1,0,0,242,,,,,,,62.4,,,68.5,0,0,0,0,2,4,0,3,0
Thomaz Whitford,138497,TE,NEW MEX ST,15,0,0,242,,,76.7,,,,63.2,,,67.3,0,0,74,0,0,31,52,0,0
Chandler Martin,139005,LB,MEMPHIS,10,0,0,218,,,,,,,64.8,,,75.5,0,0,0,0,33,0,0,16,1
Dylan Davis,139024,DI,ILLINOIS,3,0,0,187,59.3,,60.9,,,,61.2,,,67.1,0,0,7,1,0,0,0,0,0
Blackmon Huckabee Jr.,139030,WR,CLEMSON,1,0,0,140,,,,,,,61.0,,,65.8,0,0,0,0,1,0,0,2,0
Jax Sherrard,139229,TE,SM HOUSTON,10,0,0,281,,,72.0,,,,56.6,,,69.6,0,0,38,0,0,43,10,0,0
Tim Conerly,139372,WR,UNLV,1,0,0,325,,,,61.8,,,60.0,,,61.2,0,0,0,0,0,1,0,0,0
Jaylon Jackson,139386,HB,E MICHIGAN,13,0,0,160,,,,67.3,,,64.4,,,64.7,0,0,0,0,0,65,0,0,0
Quinton Cage,139455,S,UTSA,3,0,0,331,59.9,,,,,,64.3,,,69.4,0,0,0,3,0,0,0,13,0
Princeton Malbrue,139517,LB,LSU,13,3,0,211,,,,,,,68.6,,,87.0,0,0,0,0,100,71,23,31,4
Savien Arnett,139533,S,SM HOUSTON,12,0,0,281,,,,,,,70.7,,,84.6,1,0,0,0,1,35,36,51,2
Isaiah Downes,139540,S,SM HOUSTON,12,1,0,281,60.2,,,,,,66.8,,,73.1,0,0,0,21,41,3,1,6,1
Trey Fields,139541,LB,SM HOUSTON,11,1,0,281,58.9,,,,,,72.9,,,78.4,2,0,0,8,41,0,68,0,7
Ethan Hagler,139543,C,SM HOUSTON,2,0,0,281,,,,,,,60.0,,,64.5,0,0,0,0,0,0,2,0,0
Briceon Hayes,139544,ED,SM HOUSTON,11,0,0,281,59.0,,,,,,53.8,,,75.5,2,0,0,14,29,0,3,14,1
Seth Kohlscheen,139550,C,SM HOUSTON,12,0,0,281,,,76.0,,,,68.0,,,67.7,0,0,43,0,0,0,66,0,1
Trey Mappe,139551,LB,SM HOUSTON,6,0,0,281,,,,,,,51.4,,,78.1,0,0,0,0,10,29,1,25,0
Ysidro Mascorro,139552,LB,SM HOUSTON,3,0,0,281,,,,,,,71.6,,,77.0,0,0,0,0,17,0,14,5,3
Seth Morgan,139555,K,MEMPHIS,3,0,0,218,,65.3,,,,,60.5,,,65.2,0,0,19,0,0,0,0,0,0
Richard Outland Jr.,139558,DI,SM HOUSTON,1,0,0,281,59.6,,,,,,59.8,,,62.4,0,0,0,1,0,0,0,0,0
Trapper Pannell,139559,QB,SM HOUSTON,6,0,0,281,,,60.0,,,,50.7,,,70.8,0,0,1,0,0,23,3,0,0
D'Ary Patton,139560,T,SM HOUSTON,1,0,0,281,,,,,,,60.0,,,63.3,0,0,0,0,0,0,1,0,0
Jaylen Phillips,139561,LB,SM HOUSTON,10,0,0,281,59.8,,,,,,55.1,,,68.3,1,0,0,8,0,6,31,2,0
Tobias Weaver,139567,HB,SM HOUSTON,1,0,0,281,,,,59.9,,,59.7,,,62.8,0,0,0,0,0,4,0,0,0
Anthony Campbell,139888,DI,MIAMI FL,1,0,0,220,59.4,,,,,,59.7,,,63.1,0,0,0,1,0,0,0,0,0
Quali Conley,141259,HB,S JOSE ST,1,0,0,285,,,,,,,56.7,,,65.0,0,0,0,0,0,5,0,0,0
Tyrell Grayson Jr.,141269,S,COLO STATE,7,0,0,144,59.9,,,,,,60.8,,,74.8,1,0,0,4,12,33,8,11,0
Caleb Brown,141336,CB,HAWAII,13,1,0,180,59.8,,,,,,63.6,,,76.0,1,0,0,24,33,0,19,21,2
Kyle Morlock,141472,TE,FLORIDA ST,14,0,0,167,,,60.0,59.9,,,65.4,,,72.5,0,0,4,0,0,57,0,0,0
Xavier Guillory,141590,WR,ARIZONA ST,6,0,0,110,,,,60.0,,,54.5,,,67.6,0,0,0,0,0,3,8,0,1
Kobe Singleton,141698,CB,LIBERTY,14,0,0,206,59.7,,,,,,53.3,,,29.4,0,1,0,43,1,0,0,17,0
Mata'ava Ta'ase,141701,TE,BYU,12,0,0,128,,,67.5,,,,67.8,,,71.6,0,0,21,0,0,41,0,0,0
Anthony LaFrance,141714,G,NEW MEX ST,4,0,0,242,,,68.3,,,,63.4,,,66.4,0,0,22,0,0,0,0,0,0
Tony Hunley Jr.,141774,CB,AUBURN,1,0,0,115,,,,,,,60.0,,,63.4,0,0,0,0,1,0,0,0,0
Andre Fuller,141775,CB,TOLEDO,14,1,0,316,60.1,,,,,,81.0,,,76.6,0,0,0,5,86,3,0,30,3
Shomari Lawrence,141839,HB,FIU,1,0,0,166,,,,,,,60.0,,,62.1,0,0,0,0,1,0,0,0,0
Nate Valcarcel,141856,S,N ILLINOIS,13,0,0,254,59.9,,,,,,59.8,,,66.1,0,0,0,34,1,0,7,0,0
Jack Henderson,141888,S,MINNESOTA,13,0,0,225,,,,,,,55.0,,,74.2,0,0,0,0,46,38,5,7,1
Zy Alexander,141889,CB,LSU,8,0,0,211,60.2,,,,,,62.7,,,73.2,0,0,0,27,0,0,0,7,0
Blake Champagne,141900,DI,LA LAFAYET,9,0,0,207,59.3,,73.9,,,,64.0,,,64.8,0,0,49,1,0,0,5,0,0
Sawyer Evans,141954,P,N TEXAS,12,0,0,251,,,67.3,,,,63.0,,71.8,69.2,0,0,65,0,0,0,31,0,0
Isaiah Hamilton,141966,CB,HOUSTON,12,0,0,182,59.3,,,,,,73.0,,,77.8,0,1,0,59,0,0,4,24,1
Michael Pettway,142023,WR,JVILLE ST,13,0,0,196,,,,54.1,,,39.9,,,67.4,0,0,0,0,5,56,1,8,0
Jack Dawson,142027,P,JVILLE ST,13,0,0,196,,,67.3,,,,57.7,,66.8,30.1,0,1,64,0,0,0,66,0,0
Kenneth Womack,142085,WR,W MICHIGAN,4,0,0,347,,,,,,,58.6,60.9,,66.8,0,0,0,0,0,1,2,6,0
Kevin Diaz,142135,TE,ARK STATE,7,0,0,113,,,70.0,,,,65.8,,,63.8,0,0,30,0,0,6,0,0,0
Zahn Diaz,142136,HB,SO MISS,1,0,0,296,,,,,,,57.3,,,63.8,0,0,0,0,0,2,0,0,0
Jessie Evans,142203,ED,LA TECH,10,0,0,208,59.7,,,,,,73.2,,,79.7,0,0,0,23,11,45,0,18,0
Austin Ambush,142273,S,JVILLE ST,11,0,0,196,60.1,,,,,,78.2,,,74.5,0,0,0,2,7,0,0,51,1
Malik Mustapha,142358,S,WAKE,12,0,0,339,60.0,,,,,,69.1,,,68.0,0,0,0,54,23,0,2,0,0
James Jennette,142415,ED,VA TECH,11,0,0,337,60.0,,,,,,57.4,,,33.6,1,1,0,1,58,1,0,19,0
Abdul Janneh Jr.,142437,WR,GA TECH,7,0,0,176,,,,,,,91.7,,,71.7,0,0,0,0,0,0,0,14,0
Victor Nelson,142508,S,BOSTON COL,13,1,0,121,59.3,,,,,,71.6,,,81.1,1,0,0,56,61,32,14,37,1
Jacari Carter,142525,WR,GA STATE,12,0,0,175,,,,58.3,,,61.5,70.9,,67.6,0,0,0,0,0,6,0,51,0
Colby Smith,142616,CB,GEORGIA,1,0,0,173,,,,,,,60.0,,,62.1,0,0,0,0,1,0,0,0,0
Jeffrey Smyth,142644,S,GA SOUTHRN,13,0,0,174,,,,61.8,,,65.4,,,65.9,0,2,0,0,79,58,47,47,3
Naiem Simmons,142674,WR,USF,8,0,0,327,,,,,,,67.2,61.0,,68.7,0,0,0,0,0,25,0,3,0
Ajani Cornelius,142968,T,OREGON,13,0,0,264,,,78.6,,,,66.5,,,78.4,0,0,88,0,0,0,1,0,0
Quincy Ivory,143327,ED,FLORIDA,7,0,0,163,59.0,,,,,,64.2,,,76.2,0,0,0,14,19,47,18,21,1
Amari Pouncy,143350,ED,NEW MEX ST,1,0,0,242,60.0,,,,,,60.0,,,61.7,0,0,0,1,0,0,0,0,0
Keonte Lusk,143596,CB,COAST CAR,13,0,0,141,59.6,,,,,,59.5,,,73.3,0,0,0,49,0,0,0,11,0
Don Callis,143600,CB,TROY,13,0,0,318,59.6,,,,,,69.3,,,76.9,0,0,0,12,6,0,2,47,0
Shadwel Nkuba II,143609,CB,LA LAFAYET,13,0,0,207,59.6,,,,,,61.1,,,84.1,0,0,0,12,2,66,0,24,0
Ahmir McGee,143744,HB,COLORADO,3,0,0,143,,,,,,,58.7,,,67.8,0,0,0,0,12,8,0,0,1
Shawn Asbury II,143814,S,DOMINION,12,0,0,263,59.7,,,,,,73.6,,,70.9,0,0,0,52,0,1,40,19,3
Cole Batson,143815,S,BOSTON COL,10,0,0,121,59.6,,,,,,60.4,,,64.9,0,0,0,44,5,0,0,0,0
Jaylen Blackwell,143816,LB,BOSTON COL,7,0,0,121,59.8,,,,,,49.3,,,72.4,1,0,0,18,21,13,19,0,0
Lewis Bond,143817,WR,BOSTON COL,12,0,0,121,,,,53.1,,,57.0,44.7,,72.4,0,0,0,0,4,46,18,19,0
C.J. Burton,143819,CB,CHARLOTTE,11,0,0,136,59.7,,,,,,53.8,,,70.9,0,0,0,25,3,0,0,21,0
Jalen Cheek,143820,CB,BOSTON COL,10,0,0,121,59.8,,,,,,64.2,,,74.5,0,0,0,15,11,12,38,1,1
Xavier Coleman,143822,HB,BOSTON COL,1,0,0,121,,,,61.8,,,59.9,,,66.3,0,0,0,0,0,7,0,0,0
Donovan Ezeiruaku,143824,ED,BOSTON COL,13,0,0,121,58.2,,,,,,60.2,,,71.1,0,0,0,58,0,0,53,11,0
Otto Hess,143826,G,BOSTON COL,9,0,0,121,,,71.3,,,,64.2,,,68.4,0,0,35,0,0,0,0,0,0
Quintayvious Hutchins,143827,ED,BOSTON COL,9,0,0,121,,,,,,,56.5,,,28.7,0,2,0,0,44,20,10,29,3
Bugg Jones,143828,S,BOSTON COL,11,0,0,121,,,,,,,41.6,,,74.9,3,0,0,0,38,45,0,20,3
Drew Kendall,143829,C,BOSTON COL,1,0,0,121,,,60.0,,,,60.0,,,63.7,0,0,1,0,0,0,0,0,0
Connor Lytton,143831,K,BOSTON COL,4,0,0,121,,,,,49.3,,60.0,,,69.4,0,0,0,0,7,0,0,0,0
Owen McGowan,143832,FB,BOSTON COL,13,1,0,121,60.1,,,59.9,,,66.0,,,81.9,2,0,0,2,65,69,53,32,5
Luke McLaughlin,143833,WR,BOSTON COL,3,0,0,121,,,,,,,67.6,,,68.7,0,0,0,0,0,0,0,12,0
Bryce Steele,143838,LB,BOSTON COL,1,0,0,121,,,,,,,56.6,,,64.7,0,0,0,0,0,4,0,0,0
Owen Stoudmire,143839,DI,BOSTON COL,2,0,0,121,59.6,,,,,,60.8,,,65.1,0,0,0,1,0,0,0,2,0
Nick Thomas,143841,T,BOSTON COL,1,0,0,121,,,60.0,,,,60.0,,,63.4,0,0,1,0,0,0,0,0,0
Jalon Williams,143843,CB,BOSTON COL,13,0,0,121,59.8,,,,,,64.3,,,86.7,2,0,0,2,65,65,38,52,3
Jaden Williams,143844,WR,BOSTON COL,9,0,0,121,,,,56.5,,,61.0,69.2,,66.8,0,0,0,0,0,20,0,33,0
Cameron Bergeron,143846,S,DUKE,13,1,0,154,59.8,,,,,,44.8,,,43.2,5,2,0,5,66,53,8,42,3
Curtis Cooper,143849,LS,DUKE,13,0,0,154,,,88.2,,,25.6,46.5,,,67.0,0,0,61,0,0,0,54,0,0
Placide Djungu-Sungu,143851,S,DUKE,8,0,0,154,60.0,,,,,,54.9,,,72.8,0,0,0,2,35,0,0,4,2
Tre Freeman,143853,LB,DUKE,13,0,0,154,60.0,,,,,,66.7,,,69.6,0,0,0,44,20,3,0,6,2
Sahmir Hagans,143854,WR,DUKE,7,0,0,154,,,,59.4,,,61.8,61.4,,68.4,0,0,0,0,0,2,2,18,0
Aaron Hall,143855,DI,DUKE,13,0,0,154,57.8,,75.6,,,,61.5,,,69.6,0,0,61,34,0,0,0,6,0
Brandon Johnson,143858,CB,DUKE,12,0,0,154,59.7,,,,,,66.4,,,73.4,0,0,0,46,21,0,2,33,1
Nick Lampert,143861,WR,DUKE,1,0,0,154,,,,,,,60.0,,,64.2,0,0,0,0,0,0,0,1,0
Riley Leonard,143862,QB,DUKE,1,0,0,154,,,,,,,60.0,,60.0,63.3,0,0,0,0,0,0,1,0,0
Jordan Moore,143865,WR,DUKE,5,0,0,154,,,,,,,66.6,,,72.8,0,0,0,0,0,0,1,17,0
Jaquez Moore,143866,HB,DUKE,1,0,0,154,,,,,,,60.0,,,62.1,0,0,0,0,1,0,0,0,0
Nick Morris Jr.,143867,LB,DUKE,13,0,0,154,59.8,,,,,,57.6,,,75.9,1,0,0,26,40,11,46,0,2
Joshua Pickett,143869,CB,DUKE,13,2,0,154,60.0,,,59.9,,,64.6,,,81.4,2,0,0,4,47,6,37,48,1
Justin Pickett,143870,G,DUKE,4,0,0,154,,,67.7,,,,63.0,,,64.3,0,0,14,0,0,0,0,0,0
Shyheim Brown,143874,S,FLORIDA ST,14,2,0,167,59.8,,,,,,62.9,,,58.6,1,1,0,46,60,0,63,11,3
Joshua Burrell,143875,WR,FLORIDA ST,7,0,0,167,,,,,,,31.5,,,69.9,0,0,0,0,24,3,3,0,0
CJ Campbell Jr.,143876,HB,FLORIDA ST,9,0,0,167,,,,,,,68.0,,,81.0,1,0,0,0,52,34,22,37,6
Omarion Cooper,143877,CB,COLORADO,9,0,0,143,60.0,,,,,,65.1,,,79.2,0,0,0,36,0,0,0,18,0
Bryson Estes,143878,G,FLORIDA ST,14,0,0,167,,,80.8,,,,66.6,,,64.9,0,0,80,0,0,0,0,0,0
Jordan Eubanks,143879,ED,UNLV,4,0,0,325,,,,,,,53.7,,,67.6,0,0,0,0,24,2,0,0,1
Joshua Farmer,143880,DI,FLORIDA ST,13,0,0,167,58.6,,,,,,59.3,,,68.2,0,0,0,37,0,0,0,3,0
Jaden Floyd,143881,CB,FLORIDA ST,1,0,0,167,,,,,,,60.4,,,63.3,0,0,0,0,3,0,0,0,0
Shambre Jackson,143884,DI,UMASS,4,0,0,216,58.8,,,,,,58.8,,,64.2,0,0,0,6,0,0,0,0,0
Kevin Knowles II,143885,S,FLORIDA ST,10,0,0,167,59.7,,,,,,48.3,,,27.7,0,2,0,29,1,0,0,44,0
Malik McClain,143886,WR,PENN STATE,13,0,0,266,,,,,,,68.9,,,84.2,2,1,0,0,81,42,0,62,1
Liam McCormick,143887,DI,FLORIDA ST,1,0,0,167,60.0,,,,,,60.0,,,61.7,0,0,0,1,0,0,0,0,0
Malakai Menzer,143888,ED,FLORIDA ST,14,0,0,167,60.0,,60.0,59.9,,,63.7,,,70.4,0,0,3,1,0,51,66,12,0
Ben Ostaszewski,143892,G,FLORIDA ST,2,0,0,167,,,60.0,,,,61.0,,,64.3,0,0,4,0,0,0,0,0,0
Patrick Payton,143893,ED,FLORIDA ST,14,0,0,167,60.0,,,,,,63.4,,,69.9,0,0,0,38,0,0,0,14,0
Byron Turner Jr.,143897,ED,FLORIDA ST,12,0,0,167,59.9,,,,,,56.7,,,73.7,1,0,0,7,69,0,0,6,1
Hunter Washington,143898,S,MISS STATE,5,0,0,227,60.2,,,,,,64.0,,,69.4,0,0,0,8,1,0,0,15,0
Jackson West,143900,TE,FLORIDA ST,12,0,0,167,,,60.0,,,,82.2,,,75.9,0,0,4,0,0,51,9,55,0
Zeek Biggers,143903,DI,GA TECH,12,0,0,176,70.0,,,,,,69.3,,,28.5,0,1,0,53,0,0,0,1,0
James BlackStrain,143905,WR,GA TECH,2,0,0,176,,,,,,,75.1,,,66.9,0,0,0,0,0,4,0,1,0
Sirad Bryant,143906,S,GA TECH,12,1,1,176,60.0,,,,,,61.5,,,29.2,0,2,0,1,59,66,4,24,0
Grey Carroll,143907,ED,LIBERTY,11,0,0,206,59.9,,,,,,62.3,,,67.5,0,0,0,12,0,0,0,6,0
Noah Collins,143908,ED,GA TECH,3,0,0,176,60.0,,,,,,48.8,,,66.4,0,0,0,2,1,0,0,5,0
Joe Fusile,143914,G,GA TECH,13,0,0,176,,,22.8,,,,43.9,,,74.0,0,0,62,0,0,0,40,0,0
Daylon Gordon,143915,HB,GA TECH,13,0,0,176,,,,,,,62.0,,,82.3,1,0,0,0,14,65,46,32,0
Jamal Haynes,143918,HB,GA TECH,7,0,0,176,,,,63.5,,,60.1,,,71.6,0,0,0,0,19,41,0,0,0
Joshua Robinson,143928,ED,GA TECH,7,0,0,176,59.6,,62.2,,,,61.9,,,67.6,0,0,12,11,0,0,0,1,0
Malik Rutherford,143929,WR,GA TECH,4,0,0,176,,,,,,,61.4,,,64.0,0,0,0,0,4,0,0,0,0
David Shanahan,143930,P,GA TECH,13,0,0,176,,,67.6,,,,63.4,,61.0,71.1,0,1,69,0,0,0,45,0,1
Trenilyas Tatum,143931,LB,GA TECH,12,0,0,176,59.9,,,,,,61.5,,,64.2,0,0,0,34,3,1,0,4,0
Englan Williams,143932,HB,GA TECH,1,0,0,176,,,,,,,61.8,,,67.3,0,0,0,0,3,3,0,2,0
Andres Borregales,143934,K,MIAMI FL,13,0,0,220,,92.4,,,84.4,,63.9,,,76.6,0,0,72,0,75,0,0,0,1
Kahlil Brantley,143935,TE,FAU,11,0,1,165,,,,63.2,,,61.6,,,30.8,0,1,0,0,7,53,3,0,0
Romello Brinson,143936,WR,SMU,9,0,0,287,,,,,,,56.6,,,68.8,0,0,0,0,1,29,2,0,0
Thomas Davis,143939,ED,APP STATE,14,0,0,108,58.9,,,,,,47.3,,,73.0,2,0,0,12,36,0,52,10,1
Jacolby George,143942,WR,MIAMI FL,2,0,0,220,,,,,,,60.0,53.1,,62.8,0,0,0,0,0,0,0,2,0
Allan Haye,143943,DI,TEMPLE,5,0,0,306,57.9,,,,,,58.0,,,67.2,0,0,0,19,0,0,0,2,0
Jabari Ishmael,143944,ED,MARSHALL,12,0,0,214,59.2,,,,,,67.0,,,71.6,0,0,0,18,0,0,0,29,0
Kamren Kinchens,143946,S,MIAMI FL,10,0,0,220,60.2,,,,,,59.3,,,69.4,0,0,0,43,0,1,6,18,0
Ryan Rodriguez,143948,C,MIAMI FL,4,0,0,220,,,67.8,,,,63.1,,,65.2,0,0,17,0,0,0,0,0,0
Key'Shawn Smith,143950,WR,SMU,14,0,0,287,,,,68.0,,,64.3,,,75.9,0,0,0,0,42,16,2,46,0
Brashard Smith,143951,WR,MIAMI FL,12,0,0,220,,,,86.5,,,49.0,64.4,,29.0,1,1,0,0,23,56,11,16,2
Chase Smith,143952,LB,MIAMI FL,3,0,0,220,,,,,,,64.1,,,69.7,0,0,0,0,0,0,5,12,0
Leonard Taylor III,143953,DI,MIAMI FL,10,0,0,220,58.3,,,,,,59.5,,,69.3,0,0,0,24,0,0,0,7,0
James Williams,143955,S,MIAMI FL,12,0,0,220,59.6,,,,,,57.5,,,71.4,0,1,0,44,1,0,13,20,1
RaRa Dillworth,143956,LB,E CAROLINA,7,0,0,156,60.4,,,,,,66.1,,,73.9,0,1,0,23,3,33,1,1,0
Dontae Balfour,143957,CB,CHARLOTTE,11,0,0,136,59.3,,,,,,61.1,,,72.3,0,0,0,53,2,0,0,2,0
Gavin Blackwell,143958,WR,N CAROLINA,2,0,0,245,,,,,,,60.0,,,64.5,0,0,0,0,0,0,2,0,0
TyMir Brown,143960,CB,E CAROLINA,6,0,0,156,59.9,,,,,,74.4,,,72.2,0,0,0,3,0,0,5,27,1
Power Echols,143961,LB,N CAROLINA,13,0,0,245,60.0,,,,,,62.5,,,65.0,0,0,0,60,0,2,0,11,0
Kamarro Edmonds,143962,HB,E CAROLINA,5,0,0,156,,,,61.8,,,58.8,,,69.3,0,0,0,0,0,20,0,0,0
Caleb Hood,143964,HB,N CAROLINA,4,0,0,245,,,,59.0,,,60.1,,,67.6,0,0,0,0,0,13,0,0,0
J.J. Jones,143965,WR,N CAROLINA,3,0,0,245,,,,,,,57.7,,,66.9,0,0,0,0,0,2,2,0,0
Teagen Lenderink,143967,P,LIBERTY,2,0,0,206,,68.8,,,,,60.1,,,64.5,0,0,11,0,0,0,0,0,0
Gibson Macrae,143968,LB,N CAROLINA,13,0,0,245,,,,,,,63.7,,,78.2,0,0,0,0,1,65,5,0,0
Drake Maye,143969,QB,N CAROLINA,2,0,0,245,,,,,,,60.0,,61.0,64.5,0,0,0,0,0,0,2,0,0
Cole Maynard,143970,P,N CAROLINA,10,0,0,245,,,66.7,,,,62.2,,60.0,61.7,0,0,55,0,0,0,1,0,0
Dontavius Nash,143972,S,E CAROLINA,12,0,0,156,60.3,,,,,,66.6,,,76.2,0,0,0,20,9,0,25,23,3
Bryson Nesbit,143973,WR,N CAROLINA,10,0,0,245,,,,58.0,,,44.5,,,71.3,2,0,0,0,0,8,29,6,0
Diego Pounds,143976,T,N CAROLINA,7,0,0,245,,,72.6,,,,63.6,,,74.4,0,0,39,0,0,0,2,0,0
Jahvaree Ritzie,143977,DI,N CAROLINA,12,0,0,245,58.0,,74.1,,,,62.1,,,69.2,0,0,51,33,0,0,0,11,0
Keeshawn Silver,143979,DI,KENTUCKY,10,0,0,202,58.9,,,,,,59.0,,,64.9,0,0,0,15,0,0,0,0,0
Eli Sutton,143982,T,N CAROLINA,1,0,0,245,,,60.0,,,,60.0,,,63.7,0,0,1,0,0,0,0,0,0
Jakolbe Baldwin,143984,WR,NC STATE,13,0,0,248,,,,,,,69.5,,,45.3,1,1,0,0,34,53,31,55,4
Anthony Belton,143985,T,NC STATE,13,0,0,248,,,75.8,,,,65.1,,,66.4,0,0,63,0,0,0,0,0,0
Sean Brown,143986,S,NC STATE,13,1,0,248,60.6,,,,,,57.9,,,37.3,1,1,0,30,57,3,14,66,2
Darius Edmundson,143990,CB,NC STATE,5,0,0,248,,,,,,,60.9,,,73.6,0,0,0,0,23,0,2,23,0
Caden Fordham,143992,LB,NC STATE,13,1,0,248,59.7,,,,,,54.1,,,47.3,1,1,0,27,37,0,71,8,3
Thornton Gentry,143993,T,APP STATE,8,0,0,108,,,25.7,,,,45.7,,,74.6,0,0,42,0,0,0,0,0,0
Julian Gray,143994,WR,NC STATE,11,0,0,248,,,,79.5,,,75.8,71.8,,67.8,0,0,0,0,0,49,12,6,0
Caden Noonkester,144000,P,NC STATE,13,0,0,248,,,67.2,,,,58.0,,65.2,33.1,0,1,63,0,0,0,71,0,1
Jordan Poole,144001,FB,NC STATE,13,2,0,248,,,,,,,86.1,,,80.8,1,0,0,0,66,55,7,40,4
Travali Price,144002,ED,NC STATE,10,1,0,248,59.3,,,,,,59.4,,,68.5,0,0,0,14,17,0,0,5,0
Cedd Seabrough,144004,TE,NC STATE,12,0,0,248,,,75.3,,,,74.7,,,66.6,0,0,59,0,0,50,0,0,0
Fred Seabrough Jr.,144005,TE,NC STATE,12,0,0,248,,,75.2,,,,64.8,,,64.8,0,0,59,0,0,1,0,0,0
Demie Sumo-Karngbaye,144006,HB,KENTUCKY,13,0,0,202,,,,63.5,,,62.4,,,51.1,1,1,0,0,52,50,0,35,2
Trey Andersen,144011,T,PITTSBURGH,12,0,0,268,,,73.9,,,,65.6,,,75.9,0,0,45,0,0,0,0,0,0
Gavin Bartholomew,144013,TE,PITTSBURGH,10,0,0,268,,,,59.9,,,57.0,,,68.8,0,0,0,0,1,51,0,0,0
Dylan Bennett,144014,LB,PITTSBURGH,12,1,0,268,60.0,,,,,,72.3,,,82.7,0,1,0,1,49,58,27,15,5
Noah Biglow,144015,LB,PITTSBURGH,4,0,0,268,60.0,,,,,,61.8,,,67.2,0,0,0,2,6,0,1,0,0
Jaden Bradley,144016,WR,CHARLOTTE,1,0,0,136,,,,,,,60.9,,,65.1,0,0,0,0,3,0,0,0,0
Tamarion Crumpley,144018,CB,PITTSBURGH,12,1,0,268,,,,57.5,,,66.6,,,78.9,2,0,0,0,26,65,33,19,1
Elliot Donald,144019,DI,PITTSBURGH,5,0,0,268,58.8,,,,,,59.6,,,66.5,0,0,0,4,0,0,0,3,0
Terrence Enos Jr.,144020,T,PITTSBURGH,2,0,0,268,,,62.3,,,,62.2,,,67.5,0,0,9,0,0,0,0,0,0
Dorien Ford,144021,G,PITTSBURGH,9,0,0,268,,,71.2,,,,64.4,,,73.8,0,0,32,0,0,0,0,0,0
Stephon Hall,144023,S,PITTSBURGH,7,0,0,268,59.9,,,,,,53.8,,,66.4,1,0,0,3,27,1,0,0,0
Nahki Johnson,144025,ED,PITTSBURGH,5,0,0,268,59.5,,,,,,59.8,,,65.1,0,0,0,7,0,0,0,0,0
Caleb Junko,144026,P,PITTSBURGH,12,1,0,268,,,60.0,,,,52.4,,57.1,29.7,0,2,1,0,0,0,63,0,0
Nick Lapi,144027,LB,PITTSBURGH,10,1,0,268,59.9,,,59.9,,,64.8,,,77.7,1,0,0,4,18,49,34,19,0
Javon McIntyre,144029,S,PITTSBURGH,12,0,0,268,59.8,,60.0,,,,66.2,,,29.5,1,1,2,41,7,0,36,24,3
Terrence Moore,144032,C,PITTSBURGH,12,0,0,268,,,72.4,,,,54.9,,,27.8,0,1,43,0,0,0,0,0,0
Phillip O'Brien Jr.,144033,S,PITTSBURGH,11,0,0,268,59.8,,,,,,61.6,,,66.5,0,0,0,20,3,0,1,9,0
Peter Vardzel,144036,WR,PITTSBURGH,6,0,0,268,,,,,,,58.6,,,72.1,0,0,0,0,0,0,0,13,0
Jakob Bradford,144039,G,SYRACUSE,12,0,0,304,,,73.8,,,,64.5,,,66.1,0,0,54,0,0,0,0,0,0
Duce Chestnut,144040,CB,LSU,3,0,0,211,59.7,,,,,,60.8,,,67.6,0,0,0,9,1,0,0,1,0
Enrique Cruz Jr.,144041,T,SYRACUSE,11,0,0,304,,,77.2,,,,65.4,,,64.4,0,0,51,0,0,0,0,0,0
Kalan Ellis,144042,G,SYRACUSE,1,0,0,304,,,60.0,,,,61.1,,,65.7,0,0,3,0,0,0,0,0,0
Mario Escobar,144043,HB,SYRACUSE,2,0,0,304,,,,,,,60.6,,,64.8,0,0,0,0,2,2,0,0,0
Malcolm Folk,144044,CB,SYRACUSE,6,0,0,304,,,,,,,37.3,,,27.0,0,2,0,0,11,10,0,18,0
Elijah Fuentes-Cundiff,144045,DI,SYRACUSE,4,0,0,304,59.1,,,,,,59.2,,,64.2,0,0,0,8,0,0,0,0,0
Jatius Geer,144047,ED,S CAROLINA,9,0,0,289,59.8,,,,,,64.8,,,69.5,0,0,0,2,5,0,0,15,0
Wes Hoeh,144049,G,SYRACUSE,12,1,0,304,,,74.3,,,,63.5,,,64.6,1,0,54,0,0,0,53,0,0
Terry Lockett Jr.,144053,ED,SYRACUSE,9,0,0,304,58.3,,,,,,59.2,,,68.0,0,0,0,32,0,0,0,9,0
Kendall Long,144054,WR,SYRACUSE,10,0,1,304,,,,,,,59.2,,,29.5,0,1,0,0,9,51,2,17,0
Clay Masters,144057,CB,SYRACUSE,1,0,0,304,,,,,,,60.1,,,65.6,0,0,0,0,0,0,1,1,0
Derek McDonald,144059,ED,SYRACUSE,13,1,0,304,59.1,,,,,,64.5,,,76.0,0,0,0,42,0,9,59,13,1
Tommy Porter,144064,S,SYRACUSE,4,0,0,304,,,,,,,63.0,,,72.4,0,0,0,0,15,14,0,0,0
Cam Reirden,144065,S,SYRACUSE,1,0,0,304,,,,,,,59.5,,,65.3,0,0,0,0,0,6,0,0,0
Austin Roon,144066,LB,SYRACUSE,13,0,0,304,59.6,,,,,,58.9,,,77.6,1,0,0,4,52,53,11,3,1
Chase Simmons,144067,ED,SYRACUSE,3,0,0,304,59.4,,,,,,60.3,,,67.4,0,0,0,6,0,0,0,3,0
Chance Black,144069,HB,VA TECH,10,0,0,337,,,,,,,67.9,,,75.0,0,0,0,0,15,8,5,21,0
Mattheus Carroll,144071,ED,KENT STATE,12,1,0,201,59.1,,,,,,66.2,,,32.0,0,1,0,23,18,2,2,21,1
Griffin Duggan,144073,T,VA TECH,9,0,0,337,,,73.4,,,,64.9,,,71.5,0,0,46,0,0,0,0,0,0
Da'Shawn Elder,144074,LB,MIDDLE TN,11,0,0,224,,,,,,,53.6,,,72.9,0,0,0,0,26,14,0,2,0
Jack Hollifield,144079,C,VA TECH,13,0,0,337,,,71.2,,,,69.4,,,71.1,0,0,25,0,0,0,60,0,2
Will Johnson,144083,LB,VA TECH,13,0,0,337,59.9,,,59.6,,,65.1,,,72.5,1,0,0,3,78,52,4,0,1
Jaylen Jones,144085,S,VA TECH,10,1,0,337,59.9,,,,,,74.5,,,71.1,1,0,0,27,10,0,20,3,1
Jaden Keller,144086,LB,VA TECH,13,1,0,337,59.8,,,,,,58.7,,,77.1,2,0,0,16,60,33,56,5,1
Keli Lawson,144087,LB,VA TECH,13,0,0,337,59.6,,,,,,65.3,,,75.1,2,0,0,32,44,2,28,2,3
Da'Wain Lofton,144089,WR,VA TECH,13,1,0,337,,,,59.1,,,69.9,,,83.9,1,0,0,0,66,12,11,66,2
CJ McCray,144091,ED,VA TECH,10,0,0,337,59.4,,,,,,50.3,,,67.5,0,0,0,8,0,17,0,1,0
Jayden Jennings,144092,LB,VA TECH,9,0,0,337,59.7,,,,,,55.1,,,67.8,0,0,0,19,8,0,0,2,0
Jorden McDonald,144093,ED,VA TECH,13,0,0,337,59.8,,,61.8,,,63.0,,,77.5,0,0,0,6,0,62,0,0,0
Cole Nelson,144096,ED,VA TECH,13,0,0,337,59.5,,,,,,61.2,,,70.0,0,0,0,29,0,2,60,2,0
Cole Pickett,144098,TE,VA TECH,2,0,0,337,,,60.0,,,,63.5,,,63.9,0,0,3,0,0,1,0,0,0
P.J. Prioleau,144099,HB,VA TECH,10,0,0,337,,,,,,,68.8,,,72.6,0,1,0,0,1,38,5,26,0
Bob Schick,144103,G,VA TECH,13,0,0,337,,,76.4,,,,65.1,,,64.5,0,0,68,0,0,0,0,0,0
Jalen Stroman,144106,S,VA TECH,10,0,0,337,59.9,,,,,,65.1,,,65.7,0,0,0,21,0,0,7,1,0
Malachi Thomas,144107,HB,VA TECH,13,0,0,337,,,,63.3,,,79.0,,,75.9,0,0,0,0,1,61,3,21,0
Barrett Carter,144109,LB,CLEMSON,12,0,0,140,60.0,,,,,,61.9,,,73.7,0,0,0,40,6,0,53,16,1
Holden Caspersen,144110,LS,CLEMSON,13,0,0,140,,,80.8,,,58.1,64.4,,,63.7,0,0,70,0,0,0,0,0,0
Dacari Collins,144111,WR,NC STATE,6,0,0,248,,,,,,,67.9,,,70.7,0,0,0,0,0,28,0,4,0
Beaux Collins,144112,WR,CLEMSON,10,0,0,140,,,,,,,58.0,,,69.6,0,0,0,0,0,40,1,0,0
Jackson Crosby,144113,WR,CLEMSON,2,0,0,140,,,,,,,33.9,,,24.0,0,1,0,0,2,0,0,1,0
Cade Denhoff,144114,ED,CLEMSON,13,1,0,140,59.5,,64.1,,,,72.2,,,76.6,0,0,13,3,47,19,0,22,0
Riggs Faulkenberry,144117,LB,CLEMSON,2,0,0,140,,,,,,,61.8,,,66.4,0,0,0,0,4,0,0,1,0
Jacob Hendricks,144119,S,CLEMSON,3,0,0,140,,,,,,,61.1,,,66.5,0,0,0,0,3,0,0,1,0
Zach Jackson,144120,WR,CLEMSON,1,0,0,140,,,,,,,60.5,,,67.4,0,0,0,0,1,0,0,1,0
Tristan Leigh,144121,T,CLEMSON,1,0,0,140,,,,,,,60.0,,,63.3,0,0,0,0,0,0,1,0,0
Phil Mafah,144123,HB,CLEMSON,13,0,0,140,,,,58.7,,,75.3,,,67.2,0,0,0,0,0,42,1,0,0
Evan McCutchen,144125,DI,CLEMSON,3,0,0,140,59.3,,,,,,60.3,,,62.9,0,0,0,1,0,0,12,0,0
Kevin McNeal,144126,HB,CLEMSON,2,0,0,140,,,,,,,61.1,,,68.0,0,0,0,0,2,0,0,1,0
Reed Morrissey,144127,LB,CLEMSON,2,0,0,140,,,,,,,61.9,,,67.8,0,0,0,0,2,0,0,2,0
Hogan Morton,144128,K,CLEMSON,1,0,0,140,,60.0,,,,,60.0,,,61.7,0,0,1,0,0,0,0,0,0
Andrew Mukuba,144129,CB,CLEMSON,9,0,0,140,59.9,,,,,,63.4,,,69.5,0,0,0,17,0,0,4,18,0
Peter Nearn,144130,S,CLEMSON,3,0,0,140,,,,,,,61.3,,,65.8,0,0,0,0,3,0,0,1,0
Payton Page,144131,DI,CLEMSON,10,0,0,140,58.5,,77.0,,,,64.0,,,66.4,0,0,49,14,0,0,0,5,0
Dietrick Pennington,144133,G,CLEMSON,7,0,0,140,,,72.3,,,,64.5,,,71.3,0,0,29,0,0,0,0,0,0
Tristen Rigby,144135,HB,CLEMSON,2,0,0,140,,,,,,,60.2,,,65.1,0,0,0,0,1,0,0,1,0
Wise Segars Jr.,144137,HB,CLEMSON,1,0,0,140,,,,,,,60.2,,,64.3,0,0,0,0,1,0,0,1,0
Will Shipley,144138,HB,CLEMSON,12,0,0,140,,,,66.4,,,60.7,60.3,,66.1,0,0,0,0,0,42,0,3,0
Troy Stellato,144139,WR,CLEMSON,4,0,0,140,,,,,,,60.3,,,64.9,0,0,0,0,0,2,0,2,0
Marcus Tate,144140,G,CLEMSON,8,0,0,140,,,74.6,,,,65.2,,,72.4,0,0,40,0,0,0,0,0,0
Jeremiah Trotter Jr.,144142,LB,CLEMSON,12,0,0,140,60.0,,,,,,64.7,,,68.9,0,0,0,36,0,0,0,24,0
Nate Wiggins,144143,CB,CLEMSON,9,0,0,140,59.8,,,,,,68.3,,,73.8,0,0,0,12,0,0,0,27,0
Jaylin Alderman,144145,LB,LOUISVILLE,14,0,0,210,60.1,,,,,,63.6,,,65.9,0,0,0,45,0,0,0,16,0
Caleb Banks,144146,DI,FLORIDA,9,0,0,163,71.0,,,,,,77.6,,,68.3,0,0,0,46,0,0,0,4,0
Rance Conner,144149,CB,E CAROLINA,3,0,0,156,,,,,,,71.1,,,72.8,0,0,0,0,1,0,0,20,0
Trey Cooley,144150,HB,GA TECH,4,0,0,176,,,,,,,70.6,,,71.1,0,0,0,0,15,22,0,0,0
Ryheem Craig,144151,ED,LOUISVILLE,12,0,0,210,,,,,,,51.5,,,73.3,1,0,0,0,72,0,0,14,1
Derrick Edwards,144153,S,LOUISVILLE,10,2,0,210,,,,,,,66.0,,,29.5,0,1,0,0,53,9,0,31,2
Ashton Gillotte,144154,ED,LOUISVILLE,14,0,0,210,59.0,,,,,,61.1,,,35.9,0,1,0,40,0,0,28,21,0
Michael Gonzalez,144155,G,LOUISVILLE,13,0,0,210,,,76.9,,,,65.7,,,70.8,0,0,72,0,0,0,0,0,0
Jackson Hamilton,144157,LB,LOUISVILLE,13,1,0,210,,,,,,,60.9,,,79.9,1,0,0,0,78,3,9,44,2
Brady Hodges,144159,P,LOUISVILLE,14,0,0,210,,,68.0,,,,63.1,,54.8,68.5,0,0,77,0,0,0,29,0,0
Ahmari Huggins-Bruce,144160,WR,LOUISVILLE,1,0,0,210,,,,,,,60.0,61.9,,62.8,0,0,0,0,0,0,0,2,0
Christian Pedersen,144171,TE,FIU,9,0,0,166,,,60.0,,,,82.3,,,71.3,0,0,7,0,0,55,0,0,0
Benjamin Perry,144172,S,LOUISVILLE,12,0,0,210,60.1,,,,,,54.2,,,28.5,1,1,0,35,13,0,0,17,2
TJ Quinn,144173,LB,LOUISVILLE,14,2,0,210,59.7,,,,,,70.8,,,72.5,0,0,0,53,5,0,52,21,2
Jack Reiger,144174,LB,LOUISVILLE,14,1,0,210,,,,,,,59.4,,,59.8,3,1,0,0,72,40,48,13,2
Mark Vassett,144176,P,COLORADO,12,0,0,143,,,66.8,,,,63.8,,80.2,74.3,0,2,56,0,0,0,69,0,1
Kani Walker,144177,CB,OKLAHOMA,10,0,0,261,59.8,,,,,,50.8,,,68.6,0,0,0,27,0,0,0,16,0
Quincy Bryant,144181,LB,WAKE,10,0,0,339,59.5,,,,,,71.4,,,72.0,1,0,0,21,15,21,6,3,1
Jaydon Collins,144182,T,WAKE,8,0,0,339,,,71.1,,,,64.1,,,67.3,0,0,35,0,0,0,0,0,0
Matthew Dennis,144183,K,WAKE,11,0,0,339,,62.0,,,,,61.1,,,66.5,0,0,41,0,0,0,0,0,0
Gavin Ellis,144186,TE,WAKE,1,0,0,339,,,60.0,59.9,,,58.8,,,65.1,0,0,7,0,0,4,0,0,0
Walker Ferguson,144187,WR,WAKE,1,0,0,339,,,,,,,60.0,,,67.7,0,0,0,0,0,0,0,2,0
Horatio Fields,144188,WR,WAKE,11,0,0,339,,,,,,,71.5,,,80.7,0,0,0,0,0,39,0,43,0
Matt Gulbin,144191,G,WAKE,12,0,0,339,,,76.2,,,,64.8,,,65.8,0,0,45,0,0,0,19,0,0
Dylan Hazen,144192,LB,WAKE,12,0,0,339,59.5,,,,,,61.4,,,68.1,0,0,0,38,0,0,0,9,0
DaShawn Jones,144195,CB,WAKE,10,0,0,339,60.0,,,,,,55.6,,,30.9,0,1,0,47,2,0,0,40,0
Zach Lohavichan,144196,DI,WAKE,1,0,0,339,59.6,,,,,,59.8,,,62.0,0,0,0,1,0,0,0,0,0
Christian Masterson,144198,S,WAKE,1,0,0,339,,,,,,,60.0,,,63.5,0,0,0,0,0,0,0,1,0
Max Miller,144199,LB,WAKE,7,0,0,339,,,,,,,47.9,,,71.4,0,0,0,0,26,0,0,1,1
Nick Ragano,144202,WR,WAKE,3,0,0,339,,,,,,,69.2,60.3,,68.4,0,0,0,0,0,17,0,7,0
Erik Russell,144203,T,WAKE,8,0,0,339,,,71.3,,,,63.7,,,69.2,0,0,34,0,0,0,26,0,0
Nick Sharpe,144205,G,WAKE,2,0,0,339,,,67.2,,,,63.2,,,69.2,0,0,14,0,0,0,0,0,0
Evan Slocum,144208,CB,WAKE,11,0,0,339,59.8,,,,,,66.7,,,74.2,0,0,0,47,50,2,6,17,2
Will Towns,144212,HB,WAKE,4,0,0,339,,,,,,,57.4,,,70.2,0,0,0,0,25,11,0,6,1
BJ Williams,144214,ED,WAKE,9,0,0,339,59.7,,62.4,,,,62.2,,,67.3,0,0,11,8,0,0,0,2,0
Isiah Cox,144216,S,CINCINNATI,11,0,0,138,60.0,,,,,,52.0,,,78.9,1,0,0,1,53,52,0,32,1
Jack Dingle,144217,LB,CINCINNATI,12,0,0,138,60.5,,,,,,66.2,,,70.8,0,0,0,56,4,0,0,22,0
Drew Donley,144218,WR,TEXAS ST,7,1,0,314,,,,54.5,,,53.3,,,29.2,0,1,0,0,33,30,18,11,1
Mason Fletcher,144219,P,CINCINNATI,12,0,0,138,,,,,,,36.4,,61.1,27.6,1,4,0,0,0,0,46,0,0
Rob Jackson,144224,ED,CINCINNATI,6,0,0,138,59.1,,60.0,,,,59.9,,,66.1,0,0,3,7,0,0,0,0,0
Zeiqui Lawton,144225,DI,W VIRGINIA,1,0,0,343,,,,,,,60.0,,,67.2,0,0,0,0,0,0,0,1,0
Chamon Metayer,144230,TE,CINCINNATI,11,0,0,138,,,,61.8,,,60.7,,,79.1,0,1,0,0,2,62,36,0,1
Myles Montgomery,144232,HB,CINCINNATI,7,0,0,138,,,,,,,48.7,,,72.0,0,0,0,0,26,4,0,1,1
Will Pauling,144234,WR,WISCONSIN,11,0,0,349,,,,,,,61.8,,,29.5,0,1,0,0,0,4,30,4,1
Caleb Schmitz,144236,TE,CINCINNATI,7,0,0,138,,,67.4,,,,58.9,,,67.5,0,0,21,0,0,21,11,0,0
Armorion Smith,144238,S,MICH STATE,2,0,0,223,59.9,,,,,,62.5,,,65.8,0,0,0,4,3,0,0,4,0
Shaun Thomas,144239,HB,CINCINNATI,7,0,0,138,,,,,,,57.5,,,74.0,0,0,0,0,0,45,0,0,0
Bryon Threats,144240,S,CINCINNATI,11,0,0,138,59.8,,,,,,58.4,,,71.2,0,0,0,51,9,1,0,12,0
Jah-Mal Williams,144241,ED,CINCINNATI,7,0,0,138,59.9,,,,,,50.1,,,28.0,0,1,0,4,24,9,0,4,2
Matt Byrnes,144244,TE,HOUSTON,12,0,0,182,,,73.9,,,,57.5,,,70.1,0,0,49,0,0,71,22,0,0
Jalen Emery,144247,CB,HOUSTON,5,0,0,182,60.4,,,,,,48.7,,,71.8,0,0,0,10,1,0,11,10,0
Jalen Garner,144248,LB,HOUSTON,9,1,0,182,59.6,,,,,,64.0,,,29.8,0,1,0,14,16,36,20,21,2
Demarcus Griffin-Taylor,144249,CB,LA TECH,8,0,0,208,59.7,,,60.9,,,66.7,,,70.6,0,0,0,22,0,23,12,1,1
Alton McCaskill,144253,HB,COLORADO,2,0,0,143,,,,,,,61.2,,,69.0,0,0,0,0,0,6,0,2,0
Zy Brockington,144261,DI,MEMPHIS,6,0,0,218,57.8,,,,,,57.5,,,68.2,0,0,0,23,0,0,0,0,0
Bryce Edmondson,144264,LB,MEMPHIS,13,1,0,218,59.7,,,,,,58.0,,,85.6,5,0,0,55,88,69,46,24,2
Noah Grant,144266,P,ARK STATE,2,0,0,113,,,,,35.4,,60.0,,,68.4,0,0,0,0,5,0,0,0,0
Hank Pearson,144275,DI,MEMPHIS,3,0,0,218,,,,,,,60.7,,,66.1,0,0,0,0,0,0,0,3,0
Mak Pounders,144276,T,MEMPHIS,10,0,0,218,,,74.8,,,,64.7,,,66.1,0,0,61,0,0,0,0,0,0
Tyrell Raby,144277,CB,MIDDLE TN,10,0,0,224,59.4,,,,,,64.8,,,75.6,0,0,0,37,0,0,1,23,0
Greg Rubin,144280,S,MEMPHIS,11,2,0,218,59.8,,,,,,67.8,,,73.0,0,0,0,32,49,3,3,13,4
Cameron Smith,144281,S,MEMPHIS,12,0,0,218,59.9,,,,,,65.5,,,73.3,1,0,0,22,58,0,4,9,4
Dedrick Smith,144282,LB,MEMPHIS,8,0,0,218,60.0,,,,,,64.2,,,70.1,0,0,0,1,20,5,0,6,0
Roc Taylor,144283,WR,MEMPHIS,6,0,0,218,,,,61.8,,,57.8,,,65.3,0,0,0,0,0,10,0,0,0
Royce White,144286,G,MEMPHIS,13,0,0,218,,,77.8,,,,66.1,,,71.5,0,0,81,0,0,0,0,0,0
Braunson White,144287,ED,MEMPHIS,13,1,0,218,,,,,,,58.9,,,76.3,0,1,0,0,24,0,0,30,0
William Whitlow Jr.,144288,ED,MEMPHIS,7,0,0,218,59.7,,,,,,64.0,,,82.2,0,0,0,1,0,0,3,6,0
Javan Bouton,144294,G,NAVY,7,0,0,237,,,67.9,,,,63.3,,,65.4,0,0,25,0,0,0,0,0,0
D.J. Donovan,144303,TE,NAVY,3,0,0,237,,,,,,,57.6,,,67.0,0,0,0,0,0,7,0,0,0
Creedyn Foulger,144306,T,NAVY,10,0,0,237,,,70.6,,,,63.7,,,63.3,0,1,35,0,0,0,0,0,0
Randy Franklin,144307,CB,CHARLOTTE,12,1,0,136,,,,61.8,,,63.2,,,85.4,1,0,0,0,43,70,62,52,4
Kellen Grave de Peralta,144309,P,NAVY,4,0,0,237,,,62.5,,,,61.2,,,60.8,0,0,17,0,0,0,0,0,0
Anton Hall Jr.,144311,HB,NAVY,4,0,0,237,,,,,,,60.1,,,67.2,0,0,0,0,0,9,0,0,0
Amin Hassan,144313,WR,NAVY,12,0,0,237,,,,58.7,,,65.7,58.5,,74.1,0,0,0,0,0,52,0,61,0
Maquel Haywood,144314,HB,APP STATE,3,0,0,108,,,,59.6,,,57.6,,,65.0,0,0,0,0,0,11,0,0,0
Joe Hutson,144317,S,NAVY,11,1,0,237,60.0,,,,,,60.5,,,72.5,0,0,0,7,38,7,0,12,2
Kyle Jacob,144318,LB,NAVY,2,0,0,237,60.0,,,,,,72.1,,,69.4,0,0,0,1,2,8,4,0,0
Rayuan Lane III,144326,S,NAVY,12,0,1,237,59.7,,,,,,61.6,,,28.6,0,4,0,47,42,1,75,24,4
Elias Larry,144327,CB,NAVY,5,0,0,237,60.8,,,,,,62.6,,,69.5,0,0,0,20,0,3,0,3,0
Connor McMahon,144330,T,NAVY,4,0,0,237,,,60.0,,,,61.5,,,67.9,0,0,5,0,0,0,0,0,0
Dashaun Peele,144335,CB,NAVY,11,0,0,237,60.2,,,,,,66.7,,,74.8,0,0,0,35,0,0,0,17,0
Logan Point,144337,FB,NAVY,4,0,0,237,,,,,,,63.7,,,74.2,0,0,0,0,0,15,0,10,0
Colin Ramos,144338,LB,NAVY,12,1,0,237,59.8,,,,,,60.2,,,77.7,0,0,0,46,4,1,56,22,0
Justin Reed,144339,ED,NAVY,12,0,0,237,58.5,,64.2,,,,61.8,,,73.6,0,0,13,34,2,13,80,18,0
Riley Riethman,144340,P,NAVY,12,0,0,237,,,63.0,,,,55.8,,62.4,33.5,0,3,20,0,0,0,80,0,0
Nazir Rogers,144341,ED,NAVY,1,0,0,237,,,,,,,48.1,,,26.4,0,1,0,0,0,7,0,4,0
Jordan Sanders,144342,ED,NAVY,11,0,0,237,58.9,,70.2,,,,69.4,,,84.8,0,0,30,12,23,3,72,17,4
Thomas Scully,144343,TE,NAVY,5,0,0,237,,,60.0,,,,69.2,,,64.9,0,0,7,0,0,13,0,0,0
Brent Self,144344,C,NAVY,10,0,0,237,,,71.4,,,,55.8,,,28.4,0,1,34,0,0,0,0,0,0
Turner Stepp,144348,LB,NAVY,12,0,0,237,,,,,,,56.6,,,70.6,1,0,0,0,46,21,0,0,3
Patrick Turner,144349,LB,NC STATE,2,0,0,248,,,,,,,51.3,,,65.5,0,0,0,0,10,0,0,0,0
Mbiti Williams Jr.,144352,S,NAVY,11,0,0,237,59.8,,,,,,60.9,,,70.4,0,0,0,40,19,0,3,7,1
Jianni Woodson-Brooks,144353,LB,NAVY,11,0,0,237,60.0,,,,,,61.1,,,75.3,0,0,0,3,43,21,0,3,0
Roderick Daniels Jr.,144356,WR,SMU,14,1,0,287,,,,63.0,,,52.1,84.0,,72.8,1,0,0,0,27,55,0,63,1
Stone Eby,144358,FB,SMU,14,0,0,287,,,22.2,59.9,,,44.3,,,78.7,0,0,93,0,0,17,27,0,0
Dylan Goffney,144361,WR,COLO STATE,10,0,0,144,,,60.0,60.8,,,55.4,61.4,,68.5,0,1,1,0,5,42,0,19,0
Bryce McMorris,144370,S,SMU,7,0,0,287,60.0,,,,,,69.5,,,68.8,0,0,0,2,11,0,0,15,0
Zane Minors,144371,HB,SMU,2,0,0,287,,,,,,,59.7,,,66.9,0,0,0,0,3,3,0,3,0
Isaiah Nwokobia,144373,S,SMU,14,0,0,287,59.9,,,,,,76.4,,,76.5,1,0,0,27,49,16,21,19,4
Je'lin Samuels,144376,ED,SMU,8,0,0,287,58.9,,,,,,61.1,,,67.1,0,0,0,10,0,0,0,7,0
Keaton Schultz,144377,C,SMU,1,0,0,287,,,60.0,,,,60.5,,,64.8,0,0,2,0,0,0,0,0,0
Corey Palmer,144385,CB,TEMPLE,9,0,0,306,59.9,,,,,,51.9,,,75.6,4,0,0,1,37,0,23,19,1
Justin Lynch,144392,HB,N ILLINOIS,4,0,0,254,,,,,,,73.8,,,68.3,0,0,0,0,0,0,0,20,0
Jalen McMurray,144393,CB,TEMPLE,11,0,0,306,59.4,,,,,,63.0,,,74.7,0,0,0,57,0,0,0,27,0
Jimto Obidegwu,144395,T,KENT STATE,9,0,0,201,,,67.0,,,,62.1,,,63.3,0,0,23,0,0,0,1,0,0
Richard Rodriguez,144397,C,TEMPLE,1,0,0,306,,,,,,,60.0,,,63.3,0,0,0,0,0,0,1,0,0
Bobby Salla Jr.,144398,S,FIU,12,2,0,166,59.8,,,,,,59.0,,,29.3,2,2,0,14,50,51,73,0,6
Jalen Satchell,144399,ED,DOMINION,10,0,0,263,57.6,,,,,,58.2,,,68.4,0,0,0,23,0,0,0,9,0
Luke Besh,144403,WR,TULANE,1,0,0,319,,,,,,,58.4,,,69.3,0,0,0,0,0,8,0,0,0
Bryce Bohanon,144404,WR,TULANE,10,0,0,319,,,,63.2,,,63.8,,,70.5,0,0,0,0,0,46,0,0,0
Elijah Champaigne,144407,DI,TULANE,13,0,0,319,,,,59.9,,,46.9,,,69.0,0,0,0,0,0,53,50,0,0
Keith Cooper Jr.,144409,ED,TULANE,13,0,0,319,59.9,,,,,,61.7,,,69.2,0,0,0,52,0,4,0,8,0
Devean Deal,144411,ED,TULANE,14,0,0,319,58.9,,,,,,59.1,,,71.8,1,0,0,50,12,8,49,6,1
Bailey Despanie,144413,S,TULANE,13,0,0,319,59.9,,,,,,62.3,60.0,,67.5,0,0,0,51,53,0,0,1,0
Mandel Eugene Jr.,144416,LB,TULANE,14,0,0,319,,,,,,,54.4,,,83.7,0,0,0,0,76,62,0,44,2
Brandon Kim,144422,CB,TULANE,1,0,0,319,,,,,,,60.0,,,63.9,0,0,0,0,1,0,0,0,0
Mike Lunz,144426,ED,TULANE,14,0,1,319,59.6,,,,,,51.9,,,82.2,0,2,0,1,66,65,0,43,1
Corey Platt Jr.,144431,LB,TULANE,1,0,0,319,59.8,,,,,,71.3,,,65.6,1,0,0,4,6,0,1,0,0
Austin Sybrandt,144437,ED,TULANE,12,0,0,319,,,,,,,60.8,,,74.1,0,0,0,0,5,46,0,41,0
Tyree Carlisle,144443,CB,TULSA,11,0,0,320,59.4,,,,,,66.5,,,75.9,0,1,0,34,34,1,0,23,2
Jordan Ford,144445,HB,TULSA,12,0,0,320,,,,51.4,,,60.7,,,64.7,0,0,0,0,0,72,0,0,0
Zion Hopes,144447,S,LA TECH,1,0,0,208,,,,,,,60.0,,,64.7,0,0,0,0,0,0,0,1,0
Bill Jackson,144448,HB,TULSA,11,0,0,320,,,,,,,30.7,,,74.5,0,0,0,0,0,2,35,0,0
Jaden Moore,144449,LB,TULSA,2,0,0,320,,,,,,,53.1,,,70.2,0,0,0,0,6,1,0,6,0
Owen Ostroski,144450,ED,TULSA,8,0,0,320,58.6,,,,,,59.1,,,68.0,0,0,0,26,0,0,18,1,0
BJ Adams,144452,CB,UCF,11,0,0,323,60.2,,,,,,49.5,,,76.2,0,0,0,39,22,0,14,25,0
Matthew Alexander,144453,DI,UCF,11,0,0,323,58.8,,,,,,59.1,,,66.3,0,0,0,21,0,0,0,1,0
Jaylon Griffin,144457,WR,UCF,5,0,0,323,,,,,,,64.8,,,69.3,0,0,0,0,0,15,0,7,0
Cole Joyce,144459,LB,UTAH ST,13,2,0,329,60.2,,,,,,66.2,,,70.6,0,1,0,12,79,80,66,58,2
Malachi Lawrence,144461,ED,UCF,11,0,0,323,58.8,,,,,,55.3,,,68.1,0,0,0,14,16,0,0,1,1
Kaedin Robinson,144468,WR,APP STATE,14,0,0,108,,,,58.7,,,63.8,72.3,,72.3,0,0,0,0,1,57,0,66,0
William Wells,144470,S,UCF,10,0,0,323,59.6,,,,,,46.5,,,48.1,3,1,0,7,34,38,23,15,1
Cole Best,144473,G,USF,13,0,0,327,,,75.8,,,,65.0,,,66.4,0,0,68,0,0,0,0,0,0
John Cannon,144475,K,USF,13,0,0,327,,76.8,,,,,61.6,,,67.6,0,0,68,0,0,0,0,0,0
Drew Cornelius,144476,C,USF,1,0,0,327,,,60.0,,,,60.8,,,66.5,0,0,3,0,0,0,0,0,0
Gunnar Greenwald,144478,TE,USF,13,0,0,327,,,76.5,66.4,,,61.8,,,37.1,0,1,68,0,3,46,56,0,0
Davon Hicks,144482,LB,WASH STATE,2,0,0,341,,,,,,,61.4,,,66.7,0,0,0,0,5,4,0,0,0
Jimmy Horn Jr.,144483,WR,COLORADO,11,0,0,143,,,,76.2,,,60.7,72.0,,65.8,0,0,0,0,0,21,0,19,0
Reggie Johnson II,144485,LB,USF,2,0,0,327,,,,,,,63.9,,,70.3,0,0,0,0,1,0,0,6,0
Andrew Kilfoyl,144486,G,USF,6,0,0,327,,,69.8,,,,64.0,,,72.8,0,0,26,0,0,0,0,0,0
Gannon Lanning,144487,T,USF,12,0,0,327,,,76.2,,,,65.4,,,68.6,0,0,64,0,0,0,0,0,0
Lewai Mitchell,144489,S,USF,5,0,0,327,,,,,,,63.0,,,68.0,0,0,0,0,2,5,0,6,0
K'Wan Powell,144492,HB,USF,1,0,0,327,,,,,,,57.7,,,69.4,0,0,0,0,0,5,0,0,0
CJ Ross,144493,LB,USF,1,0,0,327,,,,,,,60.0,,,64.9,0,0,0,0,0,1,0,0,0
Jaelen Stokes,144498,S,USF,13,0,0,327,59.4,,,,,,59.6,,,73.0,1,0,0,46,13,0,8,8,1
Andrew Stokes,144499,P,USF,13,0,0,327,,,,,,,63.3,,78.7,75.0,0,1,0,0,0,0,57,0,0
Keeon Terrell,144500,DI,USF,2,0,0,327,59.3,,,,,,60.4,,,80.6,0,0,0,2,0,0,0,0,0
Amer Amer,144502,LB,USF,13,2,0,327,,,,,,,66.2,,,42.9,2,1,0,0,74,14,0,62,3
Caleb Parker,144503,S,BAYLOR,11,0,0,118,,,,,,,73.7,,,74.8,2,0,0,0,47,10,30,4,6
Braden Strauss,144504,LB,BAYLOR,1,0,0,118,59.7,,,,,,60.0,,,61.8,0,0,0,1,0,0,0,0,0
Hal Presley,144507,WR,BAYLOR,3,0,0,118,,,,,,,68.7,,,66.0,0,0,0,0,1,12,0,0,0
Javon Gipson,144509,WR,BAYLOR,5,0,0,118,,,,,,,58.2,,,72.2,0,0,0,0,0,28,0,0,0
Jordan Jenkins,144510,HB,BAYLOR,5,0,0,118,,,,,,,59.2,,,73.7,0,0,0,0,0,30,0,2,0
Cameron Bonner,144511,WR,BAYLOR,8,1,0,118,,,,,,,39.0,,,30.0,2,1,0,0,37,0,20,4,1
Jonah Burton,144512,WR,BAYLOR,4,0,0,118,,,,60.0,,,59.4,,,70.7,0,0,0,0,0,13,8,0,0
Josh Cameron,144513,WR,BAYLOR,11,0,0,118,,,,,,,60.9,79.3,,69.0,0,0,0,0,1,20,0,39,0
Gavin Yates,144514,TE,BAYLOR,7,0,0,118,,,,,,,71.7,,,68.2,0,0,0,0,0,33,0,3,0
Ryan Lengyel,144516,G,BAYLOR,4,0,0,118,,,65.5,,,,62.7,,,62.5,0,0,18,0,0,0,0,0,0
Tate Williams,144519,T,BAYLOR,8,0,0,118,,,69.8,,,,60.9,,,65.7,0,0,30,0,0,10,0,0,0
Devin Lemear,144522,S,BAYLOR,10,0,0,118,59.8,,,,,,60.3,,,64.9,0,0,0,43,0,0,0,0,0
Tevin Williams III,144524,CB,BAYLOR,5,0,0,118,59.6,,,,,,69.5,,,70.6,1,0,0,22,10,0,5,2,1
Romario Noel,144525,S,BAYLOR,3,0,0,118,60.0,,,,,,60.4,,,63.1,0,0,0,4,1,0,0,0,0
Tyrone Brown,144526,LB,BAYLOR,4,0,0,118,60.0,,,,,,63.1,,,66.8,0,0,0,3,0,0,0,6,0
Prince Ugoh,144527,ED,BAYLOR,5,0,0,118,,,,59.9,,,60.4,,,71.1,0,0,0,0,13,5,0,11,1
Jaden Maronen,144528,LB,BAYLOR,3,0,0,118,,,,,,,63.2,,,68.7,0,0,0,0,14,1,0,1,0
Michael Mastrodicasa,144529,S,BAYLOR,10,0,0,118,,,,,,,72.0,,,72.2,0,0,0,0,9,0,3,28,1
Cooper Lanz,144530,DI,BAYLOR,11,0,0,118,57.8,,,,,,57.4,,,68.2,0,0,0,44,0,0,0,0,0
Garrison Grimes,144531,LS,BAYLOR,5,0,0,118,,,73.4,,,80.7,66.7,,,65.0,1,0,16,0,0,0,17,0,0
Isaiah Hankins,144532,K,BAYLOR,12,0,0,118,,72.8,,,63.5,,62.4,,,71.0,0,0,48,0,22,0,0,0,1
Ben Nikkel,144534,S,IOWA STATE,12,1,0,193,59.9,,,,,,86.7,,,84.6,2,0,0,14,51,40,56,43,6
Asle Thorson,144537,CB,IOWA STATE,5,0,0,193,,,,,,,60.8,,,77.0,0,0,0,0,13,21,0,21,0
Tyler Maro,144542,T,IOWA STATE,5,0,0,193,,,68.3,,,,63.6,,,71.6,0,0,21,0,0,0,0,0,0
Tyler Moore,144546,TE,IOWA STATE,2,0,0,193,,,,,,,59.9,,,66.0,0,0,0,0,0,5,8,0,0
Tyler Onyedim,144547,ED,IOWA STATE,12,0,0,193,59.8,,,,,,60.7,,,68.7,0,0,0,43,0,0,0,0,0
Myles Purchase,144548,CB,IOWA STATE,13,0,0,193,60.1,,,62.7,,,65.1,,,76.4,0,0,0,47,0,8,0,36,0
Beau Freyler,144549,S,IOWA STATE,13,0,0,193,60.5,,,,,,61.0,,,63.6,0,0,0,45,0,0,0,0,0
Malik Verdon,144550,S,IOWA STATE,9,0,0,193,59.8,,,,,,59.9,,,62.3,0,0,0,23,0,0,0,0,0
Carston Marshall,144551,LB,IOWA STATE,6,0,0,193,59.9,,,,,,58.5,,,27.9,0,1,0,1,24,0,0,0,1
Myles Mendeszoon,144552,ED,IOWA STATE,13,2,0,193,,,,,,,72.1,,,75.4,2,0,0,0,73,0,62,3,10
Joey Petersen,144553,ED,IOWA STATE,13,1,0,193,60.0,,,,,,72.0,,,72.6,0,0,0,48,64,0,5,0,4
Jayden Gray,144555,ED,LA TECH,11,0,0,208,59.9,,,,,,59.1,,,68.1,0,0,0,23,0,2,41,2,0
Kwinton Lassiter,144557,CB,KANSAS,13,0,0,198,59.8,,,,,,70.3,,,77.7,0,0,0,10,83,69,0,41,0
Devin Neal,144558,HB,KANSAS,2,0,0,198,,,,59.9,,,60.0,,,61.6,0,0,0,0,0,2,0,0,0
Mack Moeller,144563,WR,KANSAS,2,0,0,198,,,,,,,82.8,,,70.0,0,0,0,0,2,9,0,0,0
Corey Robinson II,144567,T,GA TECH,11,0,0,176,,,74.9,,,,65.5,,,75.9,0,0,54,0,0,0,0,0,0
Kelan Robinson,144571,WR,E CAROLINA,8,0,0,156,,,,,,,42.9,,,28.7,0,1,0,0,12,41,0,1,0
Jayson Gilliom,144572,LB,KANSAS,13,1,0,198,59.9,,,,,,70.5,,,30.0,0,2,0,10,85,69,33,32,0
Cam'Ron Dabney,144573,CB,N ILLINOIS,13,1,0,254,60.0,,,,,,71.5,,,78.2,0,0,0,3,63,0,1,59,3
Cobee Bryant,144575,CB,KANSAS,13,0,0,198,60.7,,,,,,63.7,,,75.8,0,0,0,50,0,0,4,9,0
Landon Nelson,144577,S,KANSAS,11,0,0,198,,,,,,,64.9,,,74.7,0,0,0,0,17,0,0,36,0
O.J. Burroughs,144581,S,KANSAS,12,0,0,198,60.0,,,,,,63.3,,,74.7,0,0,0,28,2,0,7,27,0
D.J. Withers,144582,DI,KANSAS,9,0,0,198,58.8,,,,,,60.6,,,72.1,0,0,0,17,0,0,0,5,0
Tommy Dunn Jr.,144584,DI,KANSAS,11,0,0,198,58.1,,,,,,58.2,,,67.6,0,0,0,38,0,0,0,2,0
Cole Petrus,144585,ED,KANSAS,13,0,0,198,,,63.5,,,,86.8,,,79.2,0,0,12,0,3,69,4,39,0
Grayden Addison,144586,P,KANSAS,13,0,0,198,,,67.7,,,,62.4,,,61.2,0,0,71,0,0,0,0,0,0
Tyrone Howell,144588,WR,LA MONROE,5,0,0,209,60.0,,,,,,61.4,41.1,,65.9,0,0,0,1,3,0,0,10,0
RJ Garcia II,144591,WR,KANSAS ST,8,0,0,199,,,,,,,77.2,,,76.3,0,0,0,0,0,1,1,33,0
Shane Porter,144592,WR,KANSAS ST,11,0,0,199,,,,,,,63.8,,,84.5,0,3,0,0,2,43,3,47,0
Xavier Loyd,144596,WR,KANSAS ST,6,0,0,199,,,,,,,36.6,,,71.6,0,0,0,0,3,17,0,19,0
Austin Weiner,144600,T,LA MONROE,9,0,0,209,,,22.4,,,,36.9,,,72.4,0,0,23,0,0,0,0,0,0
Sam Hecht,144601,C,KANSAS ST,13,0,0,199,,,67.3,,,,63.3,,,74.8,0,0,72,0,0,0,1,0,0
Omar Daniels,144605,CB,GA TECH,10,1,0,176,60.2,,,,,,74.5,,,70.7,0,0,0,5,53,1,5,1,2
Ozzie Hoffler,144607,ED,GA STATE,1,0,0,175,60.0,,,,,,60.0,,,62.9,0,0,0,1,0,0,0,0,0
Trey Krause,144609,S,KANSAS ST,2,0,0,199,59.9,,,,,,60.7,,,65.6,0,0,0,1,3,0,0,0,0
Desmond Purnell,144611,LB,KANSAS ST,13,0,0,199,60.3,,,,,,61.3,,,71.4,0,0,0,46,2,2,11,2,0
Krew Jackson,144612,LB,ARIZONA ST,3,0,0,110,,,,,,,52.2,,,67.5,0,0,0,0,6,0,3,4,0
Damian Ilalio,144614,DI,KANSAS ST,4,0,0,199,58.7,,,,,,59.3,,,65.4,0,0,0,9,0,0,0,2,0
Titus Tuiasosopo,144616,DI,KANSAS ST,1,0,0,199,,,,,,,60.0,,,64.9,0,0,0,0,0,1,0,0,0
Chris Tennant,144617,K,KANSAS ST,13,0,0,199,,73.1,,,69.5,,64.1,,,77.4,2,0,71,0,85,0,0,0,1
Isaiah Coe,144619,DI,OKLAHOMA,13,0,0,261,59.1,,,,,,60.7,,,69.8,0,0,0,41,0,0,0,6,0
Mario Williams,144620,WR,USC,9,0,0,326,,,,61.8,,,66.1,,,75.7,0,0,0,0,1,60,36,5,1
Jalil Farooq,144623,WR,OKLAHOMA,13,0,0,261,,,,59.2,,,31.0,,,28.0,0,1,0,0,0,66,1,0,0
Savion Byrd,144626,G,OKLAHOMA,9,0,0,261,,,75.6,,,,58.6,,,28.6,0,1,54,0,0,0,0,0,0
Clayton Smith,144631,ED,ARIZONA ST,11,0,0,110,58.7,,,,,,61.7,,,71.0,0,0,0,35,6,0,0,16,0
Danny Stutsman,144632,LB,OKLAHOMA,12,0,0,261,59.7,,,,,,59.7,,,80.4,0,0,0,44,0,2,25,10,0
Nathan Rawlins-Kibonge,144635,ED,S ALABAMA,2,0,0,288,59.8,,,,,,60.3,,,64.2,0,0,0,1,0,0,0,1,0
Ethan Downs,144636,ED,OKLAHOMA,13,0,0,261,59.6,,70.5,59.9,,,62.2,,,69.7,0,0,31,37,0,26,21,4,0
Billy Bowman Jr.,144638,S,OKLAHOMA,13,0,0,261,59.4,,,59.9,,,68.7,,,75.0,0,0,0,50,58,1,0,7,3
Caleb Etienne,144643,T,BYU,12,0,0,128,59.5,,76.0,,,,59.5,,,28.9,0,1,48,6,0,0,0,0,0
Nathan Latu,144647,ED,OKLA STATE,11,0,0,262,58.9,,,,,,59.1,,,66.9,0,0,0,26,0,0,0,0,0
Gunnar Gundy,144649,QB,OKLA STATE,1,0,0,262,,,,,,,60.0,,,63.3,0,0,0,0,0,0,0,0,0
JP Richardson,144650,WR,TCU,8,0,0,305,,,,,,,73.0,64.1,,66.8,0,0,0,0,1,3,0,25,0
Bryson Green,144651,WR,WISCONSIN,1,0,0,349,,,,61.8,,,60.0,,,63.7,0,0,0,0,0,1,0,0,0
Jaden Nixon,144652,HB,OKLA STATE,11,0,0,262,,,,76.7,,,69.8,60.3,,74.3,0,0,0,0,33,40,12,14,2
Blaine Green,144653,WR,OKLA STATE,8,0,0,262,,,,,,,66.7,,,69.7,0,0,0,0,0,43,0,0,0
Luke McEndoo,144654,FB,OKLA STATE,9,0,0,262,,,68.0,,,,66.4,,,70.4,0,0,23,0,0,0,0,18,0
Kale Smith,144659,CB,OKLA STATE,13,1,0,262,59.6,,,,,,65.8,,,29.1,0,2,0,24,69,7,51,39,6
Ty Williams,144660,S,OKLA STATE,14,2,0,262,60.0,,,,,,50.5,,,27.9,1,4,0,4,77,44,65,52,3
Lyrik Rawls,144661,S,OKLA STATE,3,0,0,262,59.8,,,,,,63.2,,,65.5,0,0,0,9,2,1,0,1,0
Raymond Gay II,144662,CB,OKLA STATE,13,0,0,262,,,,,,,63.8,,,81.0,0,0,0,0,46,64,5,43,0
De'kelvion Beamon,144663,CB,OKLA STATE,7,0,0,262,,,,,,,49.2,,,70.8,0,1,0,0,20,0,3,10,0
Collin Oliver,144664,LB,OKLA STATE,14,0,0,262,59.8,,,,,,61.5,,,70.6,0,0,0,63,0,3,0,4,0
Donovan Stephens,144666,LB,OKLA STATE,7,0,0,262,60.0,,,,,,61.3,,,76.7,1,0,0,2,24,2,1,25,0
Nickolas Martin,144667,LB,OKLA STATE,14,0,0,262,58.3,,,,,,58.9,,,70.9,0,0,0,62,0,4,2,4,0
Kendal Daniels,144668,S,OKLA STATE,14,0,0,262,59.8,,,,,,61.0,,,67.4,0,0,0,61,2,0,0,1,0
Aden Kelley,144671,DI,OKLA STATE,14,0,0,262,59.1,,,,,,61.1,,,66.3,0,0,0,3,0,0,65,0,0
Cam Smith,144672,CB,OKLA STATE,10,0,1,262,60.4,,,,,,45.0,,,27.9,0,1,0,25,4,0,1,1,0
Logan Ward,144675,K,OKLA STATE,14,0,0,262,,65.9,,,73.5,,64.2,,,78.9,0,0,7,0,85,0,0,0,0
Abe Camara,144678,S,TCU,12,0,1,305,59.5,,,,,,52.4,,,29.0,0,1,0,31,51,0,0,20,0
Chase Jackson,144680,WR,TCU,5,0,0,305,,,,,,,62.3,,,70.7,0,0,0,0,1,24,2,3,0
Trent Battle,144683,HB,TCU,12,2,0,305,,,,,,,70.3,,,85.2,2,0,0,0,60,63,38,31,3
DJ Rogers,144696,TE,TCU,12,0,0,305,,,76.0,,,,62.9,,,33.9,0,2,64,0,1,53,0,39,0
Jasper Lott,144697,G,TCU,11,0,0,305,,,74.4,,,,51.2,,,27.2,0,2,54,0,0,0,18,0,0
Landyn Watson,144699,LB,MARSHALL,13,0,0,214,,,,59.9,,,71.8,,,77.1,5,0,0,0,28,29,69,10,6
Da'Veawn Armstead,144700,CB,SM HOUSTON,5,0,1,281,90.0,,,,,,66.3,,,26.3,0,2,0,21,6,0,6,1,0
Shad Banks Jr.,144702,LB,TCU,12,0,0,305,59.8,,,59.6,,,61.2,,,35.1,0,1,0,45,17,15,11,2,0
Monte Watkins,144703,HB,NEW MEX ST,10,0,0,242,,,,,,,65.6,,,69.7,0,0,0,0,43,5,2,7,1
Jayhvion Gipson,144704,LB,NEW MEX ST,15,1,0,242,,,,,,,63.5,,,30.0,5,2,0,0,81,33,44,0,3
Luke Lingard,144707,LB,TCU,1,0,0,305,,,,,,,60.0,,,63.3,0,0,0,0,0,0,0,1,0
Chris Murray,144708,ED,SM HOUSTON,9,0,0,281,58.9,,14.6,61.8,,,51.2,,,71.5,1,0,17,13,4,13,22,3,2
Blake Baldwin,144709,LB,TCU,3,0,0,305,,,,,,,68.4,,,71.3,0,0,0,0,0,0,0,7,0
Ja'Tavion Sanders,144717,TE,TEXAS,11,0,0,311,,,67.0,,,,65.6,,,70.4,0,0,20,0,1,30,15,0,0
Xavier Worthy,144718,WR,TEXAS,14,0,0,311,,,,59.4,,,61.6,92.8,,68.8,0,0,0,1,1,6,0,73,0
Jaden Alexis,144719,WR,USF,11,0,0,327,,,,60.4,,,59.7,,,70.3,0,0,0,0,3,57,1,0,0
Jonathon Brooks,144721,HB,TEXAS,3,0,0,311,,,,,,,63.3,,,65.3,0,0,0,0,1,4,0,0,0
Hayden Conner,144723,G,TEXAS,2,0,0,311,,,61.9,,,,62.2,,,68.4,0,0,8,0,0,0,0,0,0
Juan Davis,144725,TE,TEXAS,9,0,0,311,,,,,,,70.1,,,78.1,0,0,0,0,3,23,0,31,0
Gunnar Helm,144726,TE,TEXAS,14,0,0,311,,,78.8,,,,77.7,,,70.7,0,0,92,0,1,61,41,0,0
Casey Cain,144727,WR,TEXAS,2,0,0,311,,,,,,,59.8,,,66.5,0,0,0,0,0,11,0,0,0
Ishmael Ibraheem,144728,CB,MARSHALL,6,0,0,214,59.9,,,,,,77.0,,,71.4,0,0,0,2,3,0,11,10,2
JD Coffey III,144729,S,S DIEGO ST,10,0,0,284,60.2,,,,,,48.6,,,70.6,0,0,0,10,21,26,0,0,1
Jamier Johnson,144730,CB,INDIANA,3,0,0,190,60.0,,,,,,67.1,,,67.9,0,0,0,4,2,0,0,4,0
Terrence Cooks II,144731,LB,TCU,4,1,0,305,,,,,,,63.0,,,69.2,0,0,0,0,18,0,0,0,1
Michael Taaffe,144732,S,TEXAS,14,1,0,311,59.7,,,,,,81.7,,,86.2,2,0,0,48,94,57,40,72,2
Morice Blackwell II,144733,LB,TEXAS,11,0,0,311,59.8,,,,,,74.8,,,29.8,2,2,0,37,53,49,22,48,3
D.J. Harris,144734,ED,USF,13,0,0,327,58.8,,,,,,56.3,,,29.9,0,1,0,25,16,0,56,21,0
Marshall Landwehr,144737,LB,TEXAS,2,0,0,311,,,,,,,61.6,,,65.6,0,0,0,0,2,0,0,2,0
David Abiara,144738,ED,SMU,2,0,0,287,59.8,,,,,,61.4,,,65.6,0,0,0,1,0,0,0,3,0
Barryn Sorrell,144739,ED,TEXAS,14,0,0,311,58.9,,,,,,60.1,,,68.9,0,0,0,47,0,0,0,6,0
Bert Auburn,144740,K,TEXAS,14,0,0,311,,90.5,,,60.0,,61.9,,,68.5,0,0,92,0,1,0,0,0,0
Matt Keeler,144743,T,TEXAS TECH,13,0,0,315,,,75.7,,,,64.9,,,64.7,0,0,62,0,0,0,0,0,0
Jacob Mauch,144746,LS,TEXAS TECH,2,0,0,315,,,66.3,,,57.6,60.4,,,64.5,0,0,8,0,0,0,13,0,0
Jack Tucker,144753,T,LIBERTY,2,0,0,206,,,60.0,,,,60.8,,,63.1,0,0,4,0,0,0,0,0,0
Caleb Rodkey,144754,G,TEXAS TECH,12,0,0,315,,,71.3,,,,61.3,,,67.0,0,0,32,0,0,0,46,0,0
Brett Canis,144755,T,LA TECH,12,0,0,208,,,60.0,,,,61.6,,,67.6,0,0,7,0,0,0,53,0,0
Jacoby Jackson,144756,G,TEXAS TECH,13,0,0,315,,,77.6,,,,66.2,,,73.7,0,0,60,0,0,0,0,0,0
Mason Tharp,144758,TE,TEXAS TECH,5,0,0,315,60.0,,70.0,,,,63.4,,,61.1,0,0,30,1,0,0,0,0,0
Nehemiah Martinez,144759,WR,TEXAS TECH,11,0,0,315,,,,61.8,,,51.3,,,78.5,4,0,0,0,36,2,29,31,1
Jerand Bradley,144761,WR,TEXAS TECH,12,0,0,315,59.8,,,61.8,,,67.0,,,69.7,0,0,0,1,0,60,0,0,0
Chief Collins,144767,S,TEXAS TECH,13,0,0,315,,,,,,,48.5,,,75.5,0,0,0,0,66,4,0,16,1
Charles Esters III,144768,ED,TEXAS TECH,4,0,0,315,58.9,,,,,,59.8,,,65.8,0,0,0,8,0,0,5,2,0
Blake Burris,144770,DI,TEXAS TECH,3,0,0,315,59.3,,,,,,60.9,,,65.1,0,0,0,2,0,0,10,2,0
E'Maurion Banks,144771,DI,TEXAS TECH,9,0,0,315,76.0,,,,,,84.8,,,68.7,0,0,0,28,0,0,0,2,0
Jackson Knotts,144772,LS,TEXAS TECH,12,0,0,315,,,81.5,,,80.5,72.3,,,66.5,0,0,54,0,0,0,43,0,1
Caleb Coleman,144774,S,TEXAS ST,11,0,0,314,59.5,,,,,,39.8,,,71.8,1,0,0,27,27,1,11,9,2
Avery Wilcox,144778,S,W VIRGINIA,13,2,0,343,60.0,,,,,,72.6,,,79.9,1,0,0,2,37,25,0,35,1
Kaden Prather,144780,WR,MARYLAND,4,0,0,215,,,,,,,61.7,,,73.3,0,0,0,0,2,16,0,0,0
Goose Crowder,144781,QB,TROY,14,0,0,318,,,67.8,,,,62.4,,,61.3,0,0,74,0,0,0,0,0,0
Justin Johnson Jr.,144782,HB,W VIRGINIA,7,0,0,343,,,,59.9,,,68.5,,,70.5,0,0,0,0,0,42,0,0,0
Tomas Rimac,144783,G,W VIRGINIA,5,0,0,343,,,68.2,,,,63.4,,,68.8,0,0,17,0,0,0,0,0,0
Bryce Biggs,144784,G,W VIRGINIA,6,0,0,343,,,71.9,,,,64.2,,,68.6,0,0,28,0,0,0,0,0,0
Wyatt Milum,144785,T,W VIRGINIA,10,0,0,343,,,75.6,,,,65.2,,,68.4,0,0,50,0,0,0,0,0,0
Treylan Davis,144786,TE,W VIRGINIA,7,0,0,343,,,63.5,,,,52.1,,,70.4,0,0,12,0,14,15,0,1,0
Victor Wikstrom,144787,TE,W VIRGINIA,7,0,0,343,,,60.0,59.6,,,73.9,,,67.5,0,0,2,0,0,34,0,0,0
Andrew Wilson-Lamp,144788,CB,W VIRGINIA,11,0,0,343,60.1,,,,,,36.9,,,50.7,2,1,0,7,30,21,38,20,2
Aubrey Burks,144791,S,W VIRGINIA,12,0,0,343,59.9,,,,,,68.9,,,75.5,0,0,0,50,23,1,35,1,2
Davis Mallinger,144792,WR,W VIRGINIA,1,0,0,343,,,,,,,44.2,,,67.6,1,0,0,0,2,0,2,1,0
Hammond Russell IV,144793,DI,W VIRGINIA,4,0,0,343,59.3,,,,,,59.4,,,63.8,0,0,0,4,0,0,0,0,0
Edward Vesterinen,144794,DI,W VIRGINIA,13,0,0,343,58.1,,,,,,58.4,,,68.5,0,0,0,43,0,0,0,7,0
Pat Bryant,144800,WR,ILLINOIS,3,0,0,187,,,,58.7,,,60.6,,,66.7,0,0,0,0,1,6,0,0,0
Josh Kreutz,144805,C,ILLINOIS,1,0,0,187,,,,,,,60.0,,,23.1,0,1,0,0,0,0,0,0,0
Zach Barlev,144807,C,ILLINOIS,12,0,0,187,,,72.0,,,,67.9,,,67.0,0,0,41,0,0,0,53,0,1
Josh Gesky,144808,G,ILLINOIS,11,0,0,187,,,75.1,,,,65.4,,,72.8,0,0,43,0,0,0,0,0,0
Miles Scott,144809,S,ILLINOIS,12,0,0,187,59.9,,,,,,57.9,,,65.0,0,0,0,60,3,0,3,0,0
Prince Green III,144812,S,GA SOUTHRN,11,0,0,174,60.0,,,,,,66.1,,,73.6,0,0,0,11,54,8,12,4,3
Tyler Strain,144814,CB,ILLINOIS,12,1,0,187,59.4,,,,,,60.1,,,77.9,1,0,0,43,41,0,38,0,2
Dylan Rosiek,144816,LB,ILLINOIS,12,0,0,187,59.9,,,,,,54.5,,,72.1,2,0,0,50,16,5,53,2,1
DD Snyder,144817,LB,BALL ST,4,1,0,117,59.9,,,,,,56.7,,,75.2,0,0,0,4,8,23,0,11,0
Kenenna Odeluga,144818,LB,ILLINOIS,11,0,0,187,59.6,,,61.8,,,60.4,,,78.2,0,0,0,41,27,60,17,17,1
Luke Zardzin,144819,LB,ILLINOIS,12,2,0,187,,,,,,,67.0,,,52.5,2,1,0,0,61,63,36,49,4
Sedarius McConnell,144822,DI,ILLINOIS,9,0,0,187,58.7,,,,,,58.7,,,65.4,0,0,0,14,0,0,0,0,0
Lane Hansen,144823,LS,ILLINOIS,12,0,0,187,,,84.7,,,78.7,72.5,,,66.9,1,0,45,0,0,0,53,0,1
Donaven McCulley,144829,WR,INDIANA,1,0,0,190,,,,,,,60.0,,,63.4,0,0,0,0,1,0,0,0,0
Jordyn Williams,144831,WR,C MICHIGAN,8,0,0,134,,,,,,,41.3,,,70.6,0,1,0,0,1,0,0,22,0
Malachi Holt-Bennett,144832,WR,UAB,11,0,0,321,,,,,,,80.0,,,70.8,0,0,0,0,0,75,1,0,0
Trent Howland,144833,HB,INDIANA,7,0,0,190,,,,,,,62.6,,,66.2,0,0,0,0,0,23,0,0,0
David Holloman,144834,HB,INDIANA,10,0,0,190,,,,58.6,,,62.0,,,72.7,0,1,0,0,0,59,0,0,0
Joshua Sales Jr.,144835,T,INDIANA,1,0,0,190,,,60.0,,,,60.0,,,63.7,0,0,1,0,0,0,0,0,0
Vincent Fiacable,144836,G,INDIANA,1,0,0,190,,,60.0,,,,60.0,,,61.0,0,0,1,0,0,0,0,0,0
Aaron Steinfeldt,144839,TE,INDIANA,7,0,0,190,,,65.1,,,,59.5,,,66.5,0,0,15,0,0,0,35,0,0
Jordan Grier,144841,S,INDIANA,12,1,0,190,59.9,,,,,,46.0,,,35.1,3,2,0,24,52,0,35,49,2
Matt Hohlt,144843,LB,INDIANA,10,1,0,190,59.9,,,,,,68.4,,,84.7,0,0,0,5,18,1,49,37,2
Andrew Turvy,144844,ED,INDIANA,5,0,0,190,,,,,,,64.0,,,71.8,0,0,0,0,7,4,0,12,0
Cooper Jones,144845,G,INDIANA,12,0,0,190,,,73.3,,,,64.3,,,63.9,0,0,47,0,0,0,0,0,0
James Evans,144846,P,INDIANA,12,0,0,190,,,66.1,,,,63.5,,59.9,73.4,0,0,47,0,0,0,59,0,1
Keagan Johnson,144848,WR,KANSAS ST,2,0,0,199,,,,61.8,,,60.1,,,63.5,0,0,0,0,0,6,0,0,0
Max White,144851,HB,IOWA,14,0,0,192,,,,59.6,,,65.1,,,71.5,0,0,0,0,2,50,0,4,0
Alec Wick,144852,WR,IOWA,3,0,0,192,,,,,,,68.6,,,91.8,0,0,0,0,0,3,0,0,0
Deavin Hilson,144853,CB,IOWA,14,2,0,192,,,,,,,66.6,,,61.9,1,1,0,0,54,21,34,71,0
Andrew Lentsch,144856,TE,IOWA,1,0,0,192,,,,,,,60.0,,,63.5,0,0,0,0,0,0,0,1,0
Gennings Dunker,144859,T,IOWA,11,0,0,192,,,75.7,,,,59.0,,,28.2,0,1,44,0,0,0,0,0,0
Beau Stephens,144860,G,IOWA,1,0,0,192,,,60.0,,,,61.0,,,61.8,0,0,3,0,0,0,0,0,0
Connor Colby,144862,G,IOWA,7,0,0,192,,,70.0,,,,64.1,,,73.2,0,0,27,0,0,0,0,0,0
Johnny Pascuzzi,144863,TE,IOWA,1,0,0,192,,,,,,,60.1,,,69.4,0,0,0,0,0,6,0,0,0
Jaxon Rexroth,144864,LB,IOWA,14,0,0,192,,,,,,,73.6,,,53.4,1,2,0,0,52,55,89,71,2
Kelby Telander,144866,S,IOWA,2,0,0,192,,,,,,,63.4,,,70.1,0,0,0,0,3,0,0,5,0
Cooper DeJean,144867,CB,IOWA,10,0,0,192,59.6,,,,,,69.8,87.6,,78.4,0,0,0,31,0,3,59,70,3
Jaden Harrell,144871,LB,IOWA,14,0,0,192,,,,,,,63.2,,,78.7,0,0,0,0,17,56,88,17,0
Zach Twedt,144872,LB,IOWA,3,0,0,192,,,,,,,62.9,,,73.0,0,0,0,0,1,5,1,10,0
Karson Sharar,144873,LB,IOWA,14,1,0,192,60.0,,,59.9,,,77.5,,,44.9,0,1,0,1,51,35,68,50,6
Max Llewellyn,144874,ED,IOWA,14,0,0,192,59.9,,,,,,66.1,,,33.6,0,1,0,2,24,0,0,78,0
Jeremiah Pittman,144875,DI,IOWA,2,0,0,192,59.3,,,,,,60.5,,,65.0,0,0,0,1,0,0,0,2,0
Luke Elkin,144879,LS,IOWA,14,1,0,192,,,62.9,,,50.1,60.9,,,68.4,2,0,48,0,0,0,94,0,2
Gereme Spraggins,144881,LB,MARYLAND,12,0,0,215,60.0,,,,,,59.7,,,72.4,0,0,0,4,36,59,0,5,0
Tai Felton,144886,WR,MARYLAND,13,1,0,215,,,,,,,78.6,,,39.7,1,1,0,0,47,2,37,0,7
CJ Dippre,144888,TE,ALABAMA,14,0,0,103,,,77.8,,,,72.0,,,70.2,0,0,80,0,0,58,61,0,1
Weston Wolff,144889,TE,USF,8,0,0,327,,,65.9,,,,58.4,,,72.7,0,0,17,0,0,11,29,0,0
Colby McDonald,144890,HB,MARYLAND,1,0,0,215,,,,60.0,,,60.0,,,61.2,0,0,0,0,0,1,0,0,0
Roman Hemby,144891,HB,MARYLAND,13,0,0,215,,,,58.4,,,64.9,,,90.4,0,0,0,0,1,63,0,0,0
Antwain Littleton Jr.,144892,HB,MARYLAND,11,0,1,215,,,,,,,54.0,,,29.6,0,1,0,0,9,2,16,42,0
Joey Bearns III,144893,TE,CHARLOTTE,11,0,0,136,,,,,,,76.3,,,71.4,0,0,0,0,0,52,41,0,0
Robert Smith,144898,WR,MARYLAND,2,0,0,215,,,,,,,58.1,,,65.6,0,0,0,0,1,1,0,0,0
Dante Trader Jr.,144900,S,MARYLAND,12,0,1,215,59.8,,,,,,68.2,,,29.3,0,1,0,37,0,2,37,19,3
Chop Robinson,144901,ED,PENN STATE,8,0,0,266,58.9,,,,,,60.1,,,66.1,0,0,0,12,0,0,0,4,0
Taizse Johnson,144902,DI,MARYLAND,11,0,0,215,58.5,,,,,,59.2,,,66.7,0,0,0,17,0,0,0,3,0
T.J. Butler Jr.,144905,LB,CHARLOTTE,2,0,0,136,,,,,,,46.8,,,64.7,0,0,0,0,4,0,0,0,0
Tommy Akingbesote,144906,DI,MARYLAND,9,0,0,215,81.3,,,,,,90.1,,,66.4,0,0,0,18,0,0,0,3,0
Corey Coley Jr.,144907,CB,MARYLAND,12,0,0,215,59.7,,,,,,64.6,,,73.1,0,0,0,19,0,54,0,13,0
Darrell Jackson Jr.,144910,DI,FLORIDA ST,1,0,0,167,58.8,,,,,,58.7,,,64.1,0,0,0,9,0,0,0,0,0
Zion Shockley,144911,ED,CHARLOTTE,1,0,0,136,60.0,,,,,,60.1,,,66.5,0,0,0,3,0,0,0,1,0
Ethan Gough,144912,LS,MARYLAND,13,0,0,215,,,89.3,,,71.0,68.0,,,66.8,0,0,67,0,0,0,49,0,1
Jack Howes,144913,K,MARYLAND,13,0,0,215,,73.7,,,78.7,,63.9,,,76.6,1,1,66,0,75,0,0,0,0
Brenden Segovia,144914,P,MARYLAND,4,0,0,215,,,,,,,60.7,,56.5,68.9,0,1,0,0,0,0,10,0,0
Andrel Anthony,144916,WR,OKLAHOMA,1,0,0,261,,,,,,,60.0,,,62.9,0,0,0,0,0,0,1,0,0
Donovan Edwards,144917,HB,MICHIGAN,2,0,0,222,,,,,,,59.9,,,62.6,0,0,0,0,0,2,0,0,0
Cristian Dixon,144919,WR,MICHIGAN,1,0,0,222,,,,,,,60.0,,,63.9,0,0,0,0,1,0,0,0,0
Peyton O'Leary,144921,WR,MICHIGAN,3,0,0,222,,,,,,,62.1,,,69.0,0,0,0,0,0,0,0,5,0
Giovanni El-Hadi,144925,G,MICHIGAN,14,0,0,222,,,78.8,,,,66.6,,,74.7,0,0,70,0,0,0,0,0,0
Raheem Anderson II,144926,C,MICHIGAN,1,0,0,222,,,60.0,,,,60.0,,,61.6,0,0,1,0,0,0,0,0,0
Tristan Bounds,144927,T,MICHIGAN,1,0,0,222,,,60.0,,,,60.0,,,60.9,0,0,1,0,0,0,0,0,0
Louis Hansen,144929,TE,UCONN,4,0,0,146,,,,59.4,,,73.1,,,69.6,0,0,0,0,0,24,0,0,0
Max Bredeson,144930,TE,MICHIGAN,11,0,0,222,,,60.0,51.6,,,61.5,,,69.0,0,0,5,0,0,30,4,0,0
Rod Moore,144932,S,MICHIGAN,8,0,0,222,60.0,,,,,,60.9,,,65.7,0,0,0,20,0,0,0,3,0
Rayshaun Benny,144933,DI,MICHIGAN,5,0,0,222,59.2,,,,,,59.3,,,64.2,0,0,0,7,0,0,0,0,0
Jaydon Hood,144935,LB,MICHIGAN,13,0,0,222,60.0,,,,,,56.5,,,75.9,1,0,0,1,87,15,2,1,1
Joe Taylor,144936,WR,MICHIGAN,15,0,0,222,,,,59.4,,,63.9,,,87.0,4,0,0,0,100,46,55,79,3
Christian Boivin,144937,LB,MICHIGAN,15,0,0,222,59.9,,,,,,73.0,,,83.2,0,0,0,1,76,42,33,55,3
T.J. Guy,144938,ED,MICHIGAN,11,0,0,222,60.1,,,,,,60.5,,,73.9,0,1,0,4,10,6,0,28,0
Kechaun Bennett,144940,ED,MICHIGAN,11,0,0,222,59.7,,,,,,65.1,,,71.9,0,0,0,4,15,1,0,19,0
George Rooks,144941,DI,BOSTON COL,12,0,0,121,57.5,,,,,,56.9,,,67.8,0,0,0,55,0,0,0,2,0
Dominick Giudice,144942,G,MICHIGAN,3,0,0,222,,,60.0,,,,59.9,,,65.9,0,0,1,0,0,4,0,0,0
Tommy Doman,144944,P,MICHIGAN,15,0,0,222,,,68.5,,85.5,,65.1,,81.5,80.0,0,0,87,0,99,0,55,0,1
Evan Johnson,144948,K,MARYLAND,1,0,0,215,,60.0,,,60.1,,60.0,,,64.2,0,0,1,0,1,0,0,0,0
Keon Coleman,144949,WR,FLORIDA ST,12,0,0,167,,,,,,,61.7,90.2,,68.8,0,0,0,0,0,2,0,73,0
Davion Primm,144951,HB,MICH STATE,8,0,0,223,,,,,,,63.8,,,74.4,1,0,0,0,17,30,0,13,0
Kevin Wigenton II,144952,G,MICH STATE,10,0,0,223,,,74.2,,,,65.1,,,72.3,0,0,38,0,0,0,0,0,0
Ethan Boyd,144954,T,MICH STATE,10,0,0,223,,,24.8,,,,44.1,,,73.8,0,0,38,0,0,0,0,0,0
Charles Brantley,144956,CB,MICH STATE,5,0,0,223,60.0,,,,,,63.3,,,29.6,0,1,0,4,0,0,9,17,1
Khalil Majeed,144961,S,MICH STATE,9,1,0,223,59.8,,,,,,67.0,,,72.1,0,0,0,11,29,7,2,12,0
Derrick Harmon,144962,DI,MICH STATE,12,0,0,223,57.4,,,,,,57.9,,,71.1,0,0,0,42,0,0,0,7,0
Carson Casteel,144963,LB,VANDERBILT,3,0,0,333,,,,57.5,,,74.7,,,68.7,0,0,0,0,0,15,0,6,0
Tyson Watson,144964,DI,UMASS,8,0,0,216,56.3,,,,,,54.5,,,68.0,0,0,0,49,0,0,0,0,0
Hank Pepper,144966,LS,MICH STATE,4,0,0,223,,,72.8,,,71.2,68.7,,,65.0,0,0,15,0,0,0,18,0,0
Stephen Rusnak,144968,K,MICH STATE,2,0,0,223,,61.8,,,65.8,,60.0,,,65.5,0,0,3,0,2,0,0,0,0
Le'Meke Brockington,144969,WR,MINNESOTA,6,0,0,225,,,,73.3,,,62.5,,,73.3,0,0,0,0,7,25,2,14,0
Bucky Irving,144970,HB,OREGON,6,0,0,264,,,,58.9,,,59.2,,,66.3,0,0,0,0,1,12,1,0,0
Quentin Redding,144973,WR,MINNESOTA,13,0,0,225,,,,54.9,,,56.9,73.1,,69.4,0,0,0,0,0,68,5,54,0
Jackson Hunter,144975,G,MINNESOTA,4,0,0,225,,,66.7,,,,63.3,,,70.7,0,0,19,0,0,0,4,0,0
Jameson Geers,144979,TE,MINNESOTA,12,0,0,225,,,72.2,59.9,,,65.9,,,74.7,0,0,39,0,0,57,0,10,0
Justin Walley,144980,CB,MINNESOTA,13,0,0,225,59.5,,,,,,59.1,,,78.1,0,0,0,52,1,0,32,5,0
Steven Ortiz Jr.,144981,CB,UMASS,5,0,0,216,,,,,,,60.4,,,68.6,0,0,0,0,1,0,1,15,0
Darius Green,144982,S,MINNESOTA,11,1,0,225,59.8,,,,,,66.0,,,72.4,0,0,0,35,48,1,0,8,0
Jordan Nubin,144983,HB,MINNESOTA,9,0,0,225,,,,,,,62.1,,,77.4,0,0,0,0,31,37,11,28,0
Devon Williams,144984,LB,MINNESOTA,12,0,0,225,59.9,,,,,,63.0,,,70.6,0,0,0,52,16,0,6,8,0
Eli Mau,144985,LB,MINNESOTA,13,0,0,225,59.9,,,,,,76.8,,,68.0,0,1,0,57,63,70,65,52,4
Luther McCoy,144986,DI,MINNESOTA,6,0,0,225,57.7,,,,,,57.1,,,65.3,0,0,0,15,0,0,0,0,0
Nate Becker,144988,DI,MINNESOTA,2,0,0,225,,,60.0,,,,90.9,,,63.7,0,0,1,0,0,5,0,0,0
Deven Eastern,144989,DI,MINNESOTA,12,0,0,225,57.3,,,,,,56.5,,,67.2,0,0,0,31,0,0,0,0,0
Austin Booker,144990,ED,KANSAS,12,0,0,198,59.7,,,,,,62.0,,,70.7,0,0,0,35,0,0,0,7,0
Thomas Fidone II,144997,TE,NEBRASKA,12,0,0,238,,,72.3,,,,64.0,,,61.5,0,0,41,0,1,0,0,0,0
Henry Lutovsky,145003,G,NEBRASKA,12,0,0,238,,,73.0,,,,64.9,,,74.0,0,0,42,0,0,0,0,0,0
Teddy Prochazka,145004,T,NEBRASKA,2,0,0,238,,,60.0,,,,61.2,,,62.0,0,0,6,0,0,0,0,0,0
Alex Bullock,145010,WR,NEBRASKA,7,0,0,238,,,,63.5,,,60.2,34.1,,68.9,0,0,0,0,2,21,0,10,0
AJ Rollins,145011,ED,NEBRASKA,4,0,0,238,59.8,,,,,,63.0,,,71.9,0,0,0,1,0,0,0,11,0
Marques Buford Jr.,145012,S,NEBRASKA,3,0,0,238,59.8,,,,,,60.2,,,62.5,0,0,0,8,0,0,0,1,0
Mikai Gbayor,145013,LB,NEBRASKA,12,1,0,238,59.7,,,,,,66.8,,,82.6,1,0,0,7,45,46,0,54,2
Wynden Ho'ohuli,145015,ED,HAWAII,3,0,0,180,59.1,,,,,,63.5,,,68.1,0,0,0,9,0,14,0,0,0
Koby Bretz,145017,S,NEBRASKA,10,0,1,238,59.9,,,,,,53.3,,,28.9,0,1,0,4,0,2,0,40,0
Blake Closman,145020,S,NEBRASKA,1,0,0,238,,,,,,,60.0,,,63.7,0,0,0,0,0,1,0,0,0
Michael Booker III,145023,LB,NEBRASKA,8,1,0,238,,,,,,,65.0,,,68.7,0,0,0,0,16,0,0,3,0
Grant Buda,145024,LB,NEBRASKA,1,0,0,238,,,,,,,60.0,,,64.6,0,0,0,0,1,0,0,0,0
Ru'Quan Buckley,145027,DI,NEBRASKA,4,0,0,238,58.7,,,,,,59.3,,,68.0,0,0,0,8,0,0,0,1,0
Brendan Franke,145030,K,GA SOUTHRN,4,0,0,174,,,,,68.5,,61.2,,,72.3,0,0,0,0,18,0,0,0,0
Jordan Mosley,145033,WR,MISS STATE,6,0,0,227,,,,59.9,,,64.4,,,69.8,0,0,0,0,0,40,0,1,0
Donnie Gray,145035,WR,NWESTERN,2,0,0,256,,,,,,,60.4,,,63.7,0,0,0,0,2,0,0,0,0
Jacob Gill,145036,WR,NWESTERN,1,0,0,256,,,,,,,60.0,,,64.6,0,0,0,0,1,0,0,0,0
Anthony Tyus III,145037,HB,NWESTERN,10,0,0,256,,,,63.5,,,67.9,,,73.4,0,0,0,0,17,33,0,25,0
Josh Thompson,145039,T,NWESTERN,4,0,0,256,,,66.6,,,,63.3,,,71.5,0,0,17,0,0,0,0,0,0
Jackson Carsello,145040,C,NWESTERN,13,0,0,256,,,77.2,,,,65.4,,,65.6,0,0,52,0,0,0,0,0,0
Braeden Edwards,145041,T,NWESTERN,1,0,0,256,,,60.0,,,,60.0,,,61.6,0,0,1,0,0,0,0,0,0
Caleb Tiernan,145042,T,NWESTERN,1,0,0,256,,,60.0,,,,60.0,,,63.7,0,0,1,0,0,0,0,0,0
Calvin Johnson II,145043,WR,NWESTERN,3,0,0,256,,,,,,,61.6,,,65.1,0,0,0,0,0,2,0,4,0
Lawson Albright,145044,TE,NWESTERN,13,0,0,256,,,74.3,,,,66.3,,,41.3,0,1,52,0,0,57,0,0,0
Theran Johnson,145045,CB,NWESTERN,12,0,0,256,59.9,,,,,,47.8,,,74.8,0,1,0,33,4,0,0,21,0
Garner Wallace,145046,S,NWESTERN,4,0,0,256,,,,,,,53.5,,,73.0,0,0,0,0,17,10,0,8,0
Mac Uihlein,145047,LB,NWESTERN,11,0,0,256,59.9,,,,,,60.4,,,80.6,0,0,0,9,49,8,56,34,3
Aidan Hubbard,145048,ED,NWESTERN,10,0,0,256,59.4,,,,,,52.7,,,67.9,0,0,0,18,0,0,2,10,0
Najee Story,145049,DI,NWESTERN,11,0,0,256,58.3,,,,,,59.7,,,69.1,0,0,0,31,0,0,0,9,0
Carmine Bastone,145050,DI,NWESTERN,12,0,0,256,58.6,,,,,,60.8,,,69.2,0,0,0,18,0,0,0,13,0
Ore Adeyi,145051,CB,NWESTERN,13,1,0,256,59.8,,,,,,63.2,,,83.1,2,0,0,25,57,0,55,45,0
Jayden Ballard,145054,WR,OHIO STATE,13,0,0,260,,,,,,,59.5,73.2,,76.1,2,0,0,0,11,2,45,53,1
Emeka Egbuka,145055,WR,OHIO STATE,6,0,0,260,,,,,,,60.9,68.7,,66.1,0,0,0,0,0,0,0,22,0
Marvin Harrison Jr.,145056,WR,OHIO STATE,1,0,0,260,,,,,,,60.0,,,62.2,0,0,0,0,0,1,0,0,0
Evan Pryor,145057,HB,OHIO STATE,1,0,0,260,,,,,,,60.6,,,63.7,0,0,0,0,2,0,0,0,0
Zen Michalski,145062,T,OHIO STATE,13,0,0,260,,,77.5,,,,66.6,,,76.5,0,0,70,0,0,0,0,0,0
Donovan Jackson,145064,G,OHIO STATE,13,0,0,260,,,79.0,,,,66.1,,,66.3,0,0,67,0,0,0,0,0,0
Jordan Hancock,145067,CB,OHIO STATE,12,0,0,260,59.8,,,,,,62.8,,,73.6,0,0,0,19,0,3,0,31,0
Jantzen Dunn,145068,CB,KENTUCKY,12,0,0,202,60.0,,,,,,67.9,,,75.3,0,0,0,4,53,53,2,19,1
Reid Carrico,145069,LB,OHIO STATE,10,0,0,260,,,,,,,69.6,,,72.9,0,0,0,0,63,0,5,11,1
Denzel Burke,145070,CB,OHIO STATE,11,0,0,260,60.2,,,,,,64.4,,,74.3,0,0,0,25,51,0,0,12,0
Jack Sawyer,145071,ED,OHIO STATE,13,0,0,260,59.2,,,,,,62.6,,,69.7,0,0,0,29,0,0,0,18,0
Andre Turrentine,145072,S,TENNESSEE,10,0,0,307,59.8,,,,,,62.2,,,70.0,1,0,0,13,30,23,0,4,2
JT Tuimoloau,145074,ED,OHIO STATE,13,0,0,260,59.4,,,,,,63.3,,,70.0,0,0,0,29,0,0,0,23,0
Jackson Kuwatch,145075,ED,MIAMI OH,11,1,0,221,59.8,,,,,,78.5,,,73.3,0,0,0,1,25,35,0,14,0
Michael Hall Jr.,145076,DI,OHIO STATE,12,0,0,260,58.4,,,,,,60.2,,,68.6,0,0,0,19,0,0,0,11,0
Tyleik Williams,145080,DI,OHIO STATE,13,0,0,260,57.7,,,,,,60.2,,,71.6,0,0,0,29,0,0,0,19,0
Jesse Mirco,145081,P,OHIO STATE,13,0,0,260,,,67.6,,,,63.5,,72.0,71.9,0,1,70,0,0,0,50,0,1
Jordan van den Berg,145085,DI,PENN STATE,6,0,0,266,59.0,,,,,,59.9,,,65.3,0,0,0,4,0,0,6,1,0
Khalil Dinkins,145087,TE,PENN STATE,12,0,0,266,,,66.0,,,,75.0,,,67.9,0,0,17,0,0,39,0,3,0
Liam Clifford,145089,WR,PENN STATE,13,0,0,266,,,,,,,68.6,,,30.0,0,1,0,0,14,16,0,50,0
Harrison Wallace III,145090,WR,PENN STATE,1,0,0,266,,,,,,,60.3,,,65.8,0,0,0,0,1,1,0,0,0
Davon Townley Jr.,145091,DI,PENN STATE,2,0,0,266,59.8,,,,,,60.3,,,64.4,0,0,0,1,0,0,0,1,0
Dominic DeLuca,145095,LB,PENN STATE,13,1,0,266,59.9,,,,,,84.1,,,86.1,0,0,0,7,75,44,52,75,5
Kalen King,145096,CB,PENN STATE,9,0,0,266,60.2,,,,,,62.7,,,73.1,0,0,0,21,2,7,0,8,0
Kobe King,145097,LB,PENN STATE,10,0,0,266,60.0,,,,,,59.9,,,65.3,0,0,0,18,3,3,0,4,0
Zakee Wheatley,145099,S,PENN STATE,13,0,0,266,59.9,,,,,,77.5,,,80.1,0,0,0,7,37,19,0,47,0
Jaylen Reed,145100,S,PENN STATE,9,0,0,266,59.7,,,,,,60.0,,,67.1,0,0,0,28,1,0,7,3,0
Rodney McGraw,145101,TE,LOUISVILLE,5,0,0,210,,,65.1,,,,49.4,,,26.9,0,1,17,0,0,0,0,1,0
Tyler Duzansky,145102,LS,PENN STATE,13,1,0,266,,,78.1,,,38.5,61.5,,,66.9,3,0,77,0,0,0,52,0,4
Sander Sahaydak,145103,K,PENN STATE,7,0,0,266,,52.8,,,56.6,,60.4,,,66.7,0,0,9,0,4,0,0,0,0
Gabriel Nwosu,145105,P,PENN STATE,13,0,0,266,,,,,85.2,,50.5,,,29.3,0,1,0,0,76,0,0,0,0
Deion Burks,145107,WR,PURDUE,6,0,0,273,,,,60.0,,,64.1,,,68.5,0,0,0,0,0,3,0,8,0
Ja'Quez Cross,145108,HB,ARK STATE,13,0,0,113,,,,76.9,,,66.5,,,65.6,0,0,0,0,0,75,0,0,0
Ben Van Noord,145109,WR,PURDUE,3,0,0,273,,,,,,,49.9,,,68.7,0,1,0,0,0,15,0,0,0
Devin Mockobee,145111,HB,PURDUE,8,0,0,273,,,,57.7,,,69.8,,,70.0,0,0,0,0,3,45,0,0,0
Marcus Mbow,145113,T,PURDUE,4,0,0,273,,,64.7,,,,62.6,,,64.2,0,0,17,0,0,0,0,0,0
Mahamane Moussa,145114,T,PURDUE,1,0,0,273,,,60.0,,,,60.4,,,62.5,0,0,3,0,0,0,0,0,0
Drew Biber,145117,TE,PURDUE,12,0,0,273,,,74.0,,,,66.2,,,68.1,0,0,50,0,0,25,0,0,0
Yannis Karlaftis,145120,LB,PURDUE,12,0,0,273,59.6,,,,,,58.9,,,81.0,0,0,0,43,56,25,63,14,1
Rickey Smith,145122,S,MIDDLE TN,9,0,1,224,59.9,,,,,,41.2,,,27.2,1,2,0,1,14,4,3,31,1
Tristan Cox,145123,DI,OHIO,10,0,0,259,58.9,,60.0,,,,59.4,,,68.0,0,1,3,6,0,15,27,0,0
Khordae Sydnor,145124,ED,PURDUE,10,0,0,273,78.4,,,,,,86.7,,,66.4,0,0,0,54,0,0,0,0,0
Jack Ansell,145125,P,PURDUE,12,0,0,273,,,,,,,63.4,,56.6,75.0,0,0,0,0,0,0,61,0,1
Don Munnerlyn,145126,WR,TOLEDO,9,0,0,316,,,,,,,67.9,,,73.0,0,0,0,0,13,0,0,23,1
Max Patterson,145128,WR,RUTGERS,6,0,0,278,,,,,,,59.0,,,73.6,0,0,0,0,14,6,21,0,0
Al-Shadee Salaam,145129,LB,RUTGERS,12,0,0,278,60.0,,,,,,71.5,,,75.9,0,0,0,1,55,3,3,20,4
Jordan Kinsler,145130,HB,RUTGERS,1,0,0,278,,,,,,,60.0,61.6,,63.6,0,0,0,0,0,0,0,4,0
Tyler Needham,145131,T,RUTGERS,2,0,0,278,,,61.2,,,,62.0,,,69.1,0,0,7,0,0,0,0,0,0
Gus Zilinskas,145132,C,RUTGERS,1,0,0,278,,,60.0,,,,60.0,,,63.4,0,0,1,0,0,0,0,0,0
Carnell Davis,145138,CB,RUTGERS,4,0,0,278,,,,,,,55.9,,,70.2,1,0,0,0,22,0,0,13,0
Jordan Thompson,145140,ED,RUTGERS,12,0,0,278,60.2,,74.6,,,,64.1,,,67.1,0,0,53,5,0,14,0,2,0
Alijah Clark,145141,S,SYRACUSE,13,0,0,304,59.5,,,,,,70.0,60.3,,50.5,0,1,0,49,0,0,15,48,1
Shaquan Loyal,145143,S,RUTGERS,13,0,0,278,60.1,,,,,,72.3,,,71.5,0,0,0,48,1,1,3,34,0
Desmond Igbinosun,145144,S,RUTGERS,13,1,0,278,59.8,,,,,,65.8,,,70.1,0,0,0,46,17,9,0,9,0
Todd Bowles Jr.,145147,S,RUTGERS,1,0,0,278,,,,,,,60.0,,,62.1,0,0,0,0,1,0,0,0,0
Kyonte Hamilton,145148,DI,RUTGERS,12,0,0,278,57.8,,,,,,58.4,,,68.9,0,0,0,33,0,0,0,7,0
Zaire Angoy,145149,DI,RUTGERS,1,0,0,278,,,,,,,60.0,,,64.1,0,0,0,0,0,0,0,1,0
Keshon Griffin,145153,DI,RUTGERS,1,0,0,278,,,,,,,60.0,,,67.2,0,0,0,0,0,0,0,1,0
Michael O'Connor,145155,LS,RUTGERS,11,1,0,278,,,61.2,,,6.0,34.2,,,29.2,0,1,12,0,0,0,52,0,0
Jackson Acker,145157,HB,WISCONSIN,8,0,0,349,,,,,,,62.1,,,69.8,2,0,0,0,27,30,0,0,0
Owen Arnett,145161,S,WISCONSIN,13,0,0,349,,,,,,,58.0,,,82.2,2,0,0,0,64,55,2,57,0
Al Ashford III,145162,CB,UTAH ST,12,0,0,329,61.3,,,,,,61.3,,,51.2,0,1,0,41,55,9,0,22,2
JP Benzschawel,145164,G,WISCONSIN,13,0,0,349,,,73.7,,,,64.4,,,65.7,0,0,53,0,0,0,0,0,0
T.J. Bollers,145165,DI,WISCONSIN,3,0,0,349,,,,,,,58.8,,,67.7,0,0,0,0,0,0,14,0,0
Grover Bortolotti,145166,HB,WISCONSIN,13,1,0,349,,,,,,,72.6,,,83.8,2,0,0,0,63,54,0,38,5
Jake Chaney,145167,LB,WISCONSIN,13,1,0,349,60.0,,,,,,62.9,,,41.9,0,1,0,32,0,0,62,16,1
Ricardo Hallman,145169,CB,WISCONSIN,13,0,0,349,59.4,,,,,,61.6,,,80.0,0,0,0,46,0,0,0,63,0
Riley Mahlman,145172,T,WISCONSIN,13,0,0,349,,,74.3,,,,64.6,,,64.3,0,0,53,0,0,0,0,0,0
Darryl Peterson,145175,ED,WISCONSIN,13,0,0,349,60.0,,,,,,57.9,,,75.8,0,0,0,29,0,0,64,14,0
Antwan Roberts,145178,HB,MARSHALL,8,0,0,214,,,,,,,54.6,,,72.3,0,0,0,0,5,0,5,9,0
Nolan Rucci,145179,T,WISCONSIN,1,0,0,349,,,60.0,,,,61.7,,,67.9,0,0,6,0,0,0,0,0,0
Bryan Sanborn,145180,LB,WISCONSIN,6,0,0,349,,,,,,,55.7,,,68.6,0,0,0,0,0,26,0,0,0
Hunter Wohler,145183,S,WISCONSIN,13,0,0,349,59.7,,,,,,69.8,60.3,,81.4,0,0,0,44,0,1,63,23,3
Zuberi Mobley,145187,HB,FAU,2,0,0,165,,,,,,,60.1,,,66.3,0,0,0,0,0,12,0,0,0
Tony Johnson,145189,WR,FAU,4,0,0,165,60.0,,,,,,56.1,,,70.8,1,0,0,1,8,0,14,6,1
Jayden Williams,145199,S,FAU,7,0,0,165,59.8,,,,,,57.9,,,71.7,0,0,0,25,22,1,17,10,0
Amari Wansley,145201,S,FAU,11,0,0,165,60.0,,,,,,68.6,,,78.1,0,0,0,16,7,16,32,35,1
Zeroun Skinner,145202,CB,FAU,3,0,0,165,,,,,,,69.8,,,69.7,0,0,0,0,7,17,5,4,1
Courtney McBride,145205,ED,FAU,12,0,0,165,60.0,,,,,,69.0,,,77.2,0,0,0,29,5,26,0,34,0
Jacob Merrifield,145209,DI,FAU,12,0,0,165,58.9,,,,,,42.2,,,69.4,0,0,0,12,0,0,60,4,0
Jaden Wheeler,145210,DI,FAU,12,0,0,165,58.1,,73.0,,,,61.0,,,67.2,0,0,46,26,0,0,0,1,0
Artez Hooker,145213,WR,FIU,2,0,0,166,,,,,,,61.9,,,70.8,0,0,0,0,0,0,0,7,0
Ross Fournet,145218,WR,FIU,12,0,0,166,,,,59.5,,,66.6,,,74.5,0,0,0,0,16,76,0,38,1
Wyatt Lawson,145220,G,FIU,12,0,0,166,,,74.6,,,,65.2,,,72.4,0,0,40,0,0,0,0,0,0
Ming Tjon,145223,C,FIU,1,0,0,166,,,60.0,,,,60.0,,,61.0,0,0,1,0,0,0,0,0,0
Dean Patterson,145224,WR,FIU,12,0,0,166,,,,,,,61.4,63.3,,68.0,0,0,0,0,0,0,1,50,0
Deuce Blades II,145225,CB,FIU,12,0,0,166,78.2,,,,,,84.8,,,76.2,0,0,0,61,0,0,0,12,0
Demetrius Hill,145227,S,ILLINOIS,1,0,0,187,,,,,,,60.9,,,69.0,0,0,0,0,0,7,0,0,0
Gaethan Bernadel,145230,LB,STANFORD,12,0,0,300,59.6,,,,,,65.3,,,66.6,0,0,0,61,4,0,4,12,0
Keegan Davis,145234,ED,FIU,12,0,0,166,58.9,,72.8,,,,60.2,,,74.7,0,0,40,9,0,55,4,0,0
Travonte O'Neal,145235,ED,FIU,7,0,0,166,59.2,,,,,,60.4,,,66.2,0,0,0,9,0,0,0,3,0
Jordan Guerad,145236,DI,FIU,11,0,0,166,57.5,,,,,,58.8,,,71.5,0,0,0,47,0,0,26,10,0
Marquis Crosby,145241,HB,LA TECH,1,0,0,208,,,,,,,60.0,,,60.5,0,0,0,0,0,0,0,1,0
Matthew McCallister,145243,WR,LA TECH,9,0,0,208,,,,,,,60.7,61.9,,73.6,0,0,0,0,32,4,9,41,0
Carson Bruno,145245,T,LA TECH,1,0,0,208,,,,,,,60.0,,,63.3,0,0,0,0,0,0,0,0,0
Kenneth Bannister,145246,T,LA TECH,2,0,0,208,,,60.0,,,,60.9,,,66.7,0,0,3,0,0,0,0,0,0
Solomon Lewis,145250,WR,LA TECH,6,0,0,208,,,,,,,55.7,,,74.7,0,0,0,0,1,0,18,0,0
Qua'veon Turner,145254,CB,LA TECH,12,0,0,208,60.0,,,,,,68.9,,,81.2,0,0,0,4,29,0,0,57,1
Jerrell Boykins Jr.,145259,DI,BAYLOR,2,0,0,118,59.1,,,,,,59.2,,,62.7,0,0,0,2,0,0,0,0,0
J'Dan Burnett,145260,ED,LA TECH,3,0,0,208,60.0,,,,,,59.5,,,67.5,0,0,0,10,0,0,11,2,0
Chuck Montgomery,145265,WR,MARSHALL,8,0,0,214,,,,,,,71.5,,,90.6,0,0,0,0,1,8,25,1,1
Ethan Payne,145269,HB,MARSHALL,11,0,0,214,,,,58.7,,,59.5,,,72.2,0,1,0,0,1,62,0,5,0
John McConnell,145294,P,MARSHALL,13,0,0,214,,,66.0,,,,63.5,,50.1,73.4,2,0,46,0,0,0,62,0,1
Matt Bosset,145296,LS,MARSHALL,13,1,0,214,,,37.3,,,43.9,57.6,,,66.4,1,0,56,0,0,0,42,0,2
Kenyon Bowyer,145297,K,E MICHIGAN,7,0,0,160,,65.3,,,56.7,,61.3,,,71.3,0,0,5,0,17,0,0,0,0
Javonte Sherman,145299,WR,MIDDLE TN,3,0,0,224,,,,,,,60.9,,,68.0,0,0,0,0,0,3,0,4,0
J'Shun Bodiford,145303,T,MIDDLE TN,2,0,0,224,,,61.2,,,,61.9,,,68.7,0,0,7,0,0,0,0,0,0
Taharin Sudderth,145306,TE,MIDDLE TN,7,0,0,224,,,71.1,,,,64.6,,,71.9,0,0,34,0,0,37,1,0,0
Jakobe Thomas,145309,S,MIDDLE TN,11,0,0,224,83.0,,,,,,90.0,60.3,,68.2,0,0,0,49,1,0,1,1,0
ZaBrien Harden,145310,ED,MIDDLE TN,8,0,0,224,,,,,,,62.6,,,71.3,1,0,0,0,35,46,14,4,3
Parker Hughes,145312,LB,MIDDLE TN,12,2,0,224,60.1,,,,,,64.1,,,81.8,0,0,0,45,52,12,65,48,3
Deonte Stanley,145313,CB,MIDDLE TN,12,3,0,224,59.7,,,,,,63.2,,,31.7,1,1,0,26,56,0,27,24,2
Damonte Smith,145315,DI,MIDDLE TN,5,0,0,224,58.5,,,,,,58.6,,,65.1,0,0,0,10,0,0,0,1,0
Bryce Drummond,145316,FB,OKLA STATE,7,0,0,262,,,,,,,65.1,,,76.1,0,0,0,0,0,0,0,31,0
B.K. Jackson,145318,HB,N TEXAS,9,0,0,251,,,,,,,67.5,,,74.9,0,1,0,0,61,19,0,6,1
Ayo Adeyi,145320,HB,N TEXAS,4,0,0,251,,,,,,,46.8,,,69.6,0,0,0,0,0,10,6,0,0
Xzavior Kautai,145321,TE,N TEXAS,12,0,0,251,,,60.9,59.4,,,72.1,60.3,,72.9,0,0,8,0,0,75,31,7,0
Caden Reeves,145322,G,N TEXAS,1,0,0,251,,,60.0,,,,60.0,,,63.4,0,0,1,0,0,0,0,0,0
Gabe Blair,145323,G,N TEXAS,11,0,0,251,,,77.3,,,,66.1,,,74.0,0,0,57,0,0,0,0,0,0
Febechi Nwaiwu,145324,G,N TEXAS,4,0,0,251,,,68.4,,,,63.2,,,64.4,0,0,16,0,0,0,0,0,0
Harold West,145327,S,N TEXAS,3,0,0,251,60.0,,,,,,62.2,,,68.9,0,0,0,6,12,0,0,0,0
Chris Wright,145329,ED,N TEXAS,1,0,0,251,60.0,,,,,,60.0,,,61.7,0,0,0,1,0,0,0,0,0
Jaylen Smith,145330,LB,N TEXAS,12,0,0,251,59.5,,,,,,67.0,,,80.8,0,0,0,39,53,55,39,35,0
Dillion Williams,145331,CB,N TEXAS,10,0,0,251,60.0,,,,,,58.7,,,46.9,0,2,0,3,59,1,20,30,0
Fatafehi Vailea II,145336,ED,N TEXAS,11,0,0,251,58.3,,,,,,59.1,,,68.2,0,0,0,48,0,0,36,0,0
Sifa Leota,145338,LB,N TEXAS,2,0,0,251,,,,,,,68.4,,,73.3,0,0,0,0,14,0,0,13,0
Roderick Brown,145339,DI,N TEXAS,12,0,0,251,68.3,,,,,,74.1,,,68.5,0,0,0,65,0,0,0,0,0
Ali Jennings III,145344,WR,VA TECH,2,0,0,337,,,,,,,86.3,,,66.7,0,0,0,0,0,5,0,4,0
Isiah Paige,145348,WR,DOMINION,11,0,0,263,,,,61.5,,,61.6,72.3,,67.6,0,0,0,0,0,7,0,53,0
Tariq Sims,145353,HB,DOMINION,5,0,0,263,,,,,,,65.3,,,68.6,0,0,0,0,1,0,0,15,0
Obie Sanni,145354,HB,DOMINION,5,0,0,263,,,,55.7,,,64.8,,,70.5,0,0,0,0,0,24,0,2,0
Stephon Dubose-Bourne,145357,G,DOMINION,3,0,0,263,,,65.6,,,,62.8,,,67.6,0,0,11,0,0,0,0,0,0
Chris Adams,145359,T,DOMINION,9,0,0,263,,,70.3,,,,63.7,,,65.0,0,0,35,0,0,0,0,0,0
Santana Saunders,145361,T,DOMINION,9,0,0,263,,,73.3,,,,65.0,,,74.8,0,0,43,0,0,0,0,0,0
Skyler Grant,145362,G,DOMINION,12,0,0,263,,,76.9,,,,64.6,,,68.8,0,0,50,0,0,0,63,0,0
Malcolm Britt,145364,LB,DOMINION,7,0,0,263,60.0,,,61.8,,,69.6,,,70.1,0,0,0,1,7,8,4,23,1
Tahj Ra-El,145366,CB,DOMINION,13,0,0,263,59.6,,,,,,70.0,,,72.0,0,0,0,58,59,4,0,17,3
Tyrik McDaniel,145367,S,INDIANA,12,1,1,190,,,,,,,54.4,,,29.7,0,2,0,0,53,1,3,42,2
Khian'Dre Harris,145368,CB,DOMINION,11,2,0,263,59.8,,,54.6,,,65.2,,,77.6,1,0,0,10,24,21,26,35,3
Amorie Morrison,145369,ED,DOMINION,7,0,0,263,59.1,,,,,,60.2,,,67.1,0,0,0,12,0,0,0,6,0
Robert Kennedy III,145371,S,NC STATE,13,0,0,248,59.8,,,,,,62.7,,,67.1,0,0,0,47,0,0,0,16,0
Corey Chapman,145373,S,DOMINION,8,1,0,263,,,,,,,31.3,,,28.2,1,1,0,0,34,11,0,5,0
Deeve Harris,145374,ED,COLORADO,11,1,0,143,59.2,,,,,,69.1,,,75.0,0,0,0,9,6,27,27,21,1
LaMareon James,145378,CB,DOMINION,13,0,0,263,59.7,,,54.9,,,57.2,,,31.7,0,2,0,47,0,62,37,18,1
Jason Henderson,145379,LB,DOMINION,12,0,1,263,59.6,,,,,,51.3,,,28.3,0,1,0,50,0,8,0,18,0
Kris Trinidad,145380,ED,DOMINION,12,0,0,263,58.7,,,59.9,,,65.8,,,71.9,0,0,0,28,0,7,0,13,0
Denzel Lowry,145381,DI,DOMINION,13,0,0,263,57.7,,,,,,59.4,,,72.9,0,0,0,42,0,0,0,17,0
Wayne Matthews III,145382,LB,DOMINION,13,0,0,263,58.5,,,,,,58.0,,,75.2,0,0,0,55,0,0,45,18,0
Chazz Wallace,145384,DI,COLORADO,9,0,0,143,58.1,,,,,,58.9,,,68.5,0,0,0,20,0,0,0,5,0
Kris Caine,145388,ED,DOMINION,5,1,1,263,60.0,,,,,,49.5,,,29.6,2,1,0,3,23,0,31,2,0
Devin Brandt-Epps,145390,ED,DOMINION,8,0,0,263,58.3,,,,,,58.2,,,66.5,0,0,0,16,0,0,0,3,0
Ethan Duane,145392,P,DOMINION,12,0,0,263,,,66.3,,60.0,,63.2,,53.4,72.0,2,0,49,0,1,0,48,0,0
Peyton Stevenson,145394,S,RICE,13,1,0,275,83.8,,,,,,76.6,,,27.7,0,4,0,38,69,53,40,38,1
Christian Francisco,145397,HB,RICE,6,0,0,275,,,,52.4,,,77.1,,,73.7,0,0,0,0,0,34,0,22,0
Jaggar Hebeisen,145401,TE,RICE,4,0,0,275,,,,,,,59.0,,,67.2,0,0,0,0,0,0,11,0,0
DJ Arkansas,145404,LB,RICE,12,0,0,275,59.6,,,,,,61.0,,,77.7,0,0,0,1,28,0,0,32,0
Marcus Williams,145407,S,RICE,6,0,0,275,59.9,,,,,,67.7,,,67.1,0,0,0,24,26,0,0,6,2
Joshua Williams,145410,S,RICE,13,0,1,275,59.9,,,,,,69.9,,,38.9,0,1,0,60,20,56,0,44,0
Kenny Seymour,145411,ED,RICE,13,0,0,275,59.2,,,,,,61.1,,,74.3,1,0,0,63,16,32,25,1,0
Jalen Hargrove,145412,DI,RICE,13,0,0,275,57.2,,60.0,,,,57.0,,,70.1,0,0,4,62,0,0,0,1,0
Chandler Pittman,145418,HB,SO MISS,12,1,0,296,,,,,,,45.3,,,76.6,2,0,0,0,61,29,6,39,2
Jakarius Caston,145419,WR,SO MISS,10,0,0,296,,,,68.5,,,57.0,,,70.5,0,0,0,0,1,15,50,0,0
Zay Franks,145420,CB,SO MISS,11,0,0,296,60.0,,,,,,64.4,,,77.6,0,0,0,9,13,42,0,19,1
Drew Lawson,145423,C,SO MISS,1,0,0,296,,,60.0,,,,60.0,,,61.0,0,0,1,0,0,0,0,0,0
Peyton McKinion,145425,T,SO MISS,11,0,0,296,,,73.3,,,,64.3,,,63.9,0,0,47,0,0,0,0,0,0
Jeremiah Robinson,145428,S,SO MISS,2,0,0,296,60.0,,,59.9,,,60.2,,,65.2,0,0,0,1,0,1,2,1,0
Brendan Toles,145431,CB,SO MISS,2,0,0,296,60.0,,,,,,52.7,,,67.0,0,0,0,4,7,2,0,2,0
Jay Jones,145432,S,SO MISS,11,0,0,296,59.5,,,,,,59.4,,,72.3,0,0,0,14,35,3,30,2,3
Hayes Puckett,145433,S,SO MISS,12,0,0,296,59.6,,,,,,74.3,,,73.0,0,0,0,13,25,68,0,3,0
Caleb Garner,145434,LB,SO MISS,1,0,0,296,,,,,,,60.3,,,66.6,0,0,0,0,0,3,0,0,0
Kyler Carter,145436,ED,SO MISS,3,0,0,296,59.1,,,,,,59.2,,,63.8,0,0,0,6,0,0,0,0,0
Fred Farrier II,145441,WR,UAB,2,0,0,321,,,,,,,60.0,61.9,,62.8,0,0,0,0,0,0,0,2,0
Tejhaun Palmer,145443,WR,UAB,5,0,0,321,,,,,,,59.0,,,28.9,0,1,0,0,4,24,0,0,0
Ike Rowell,145445,S,UAB,11,1,0,321,59.7,,,,,,55.1,,,71.4,2,0,0,44,36,1,6,22,2
Mike Crawford,145448,TE,UAB,4,0,0,321,,,,59.9,,,56.7,,,65.7,0,0,0,0,0,21,0,0,0
Bryce Damous,145450,TE,UAB,12,0,0,321,,,74.6,,,,69.5,,,66.4,0,0,56,0,0,19,40,0,0
Brody Dalton,145465,TE,TROY,2,0,0,318,,,60.0,,,,59.4,,,62.8,0,0,3,0,0,0,1,0,0
T'sai McDaniel,145466,CB,UAB,7,0,0,321,,,,,,,67.0,,,72.1,1,0,0,0,4,7,10,5,2
Skyler Trawick,145469,S,UAB,2,0,0,321,,,,,,,60.9,,,66.1,0,0,0,0,2,1,0,0,0
Charlie Goode,145472,LB,UAB,1,0,0,321,59.8,,,,,,61.2,,,67.5,0,0,0,3,0,0,0,2,0
Jason Riles,145474,S,UAB,7,0,0,321,,,,,,,54.5,,,68.8,1,0,0,0,11,1,0,5,0
Will Sorrells,145477,LB,UAB,12,0,0,321,59.8,,,,,,62.9,,,69.8,0,1,0,34,1,31,0,3,0
Matthew Craig,145483,DI,UAB,1,0,0,321,59.6,,,,,,59.8,,,62.0,0,0,0,1,0,0,0,0,0
Xander Echols,145485,LS,UAB,9,0,0,321,,,72.8,,,0.3,29.7,,,66.0,3,0,15,0,0,0,33,0,0
Tyrin Smith,145487,WR,UTEP,4,0,0,330,,,,59.4,,,60.5,58.9,,65.1,0,0,0,0,0,2,0,13,0
Otis Pitts III,145492,G,UTEP,12,0,0,330,,,76.2,,,,65.0,,,64.2,0,0,44,0,0,0,3,0,0
Joseph Immediato,145493,T,UTEP,12,0,0,330,,,75.3,,,,65.4,,,72.8,0,0,44,0,0,0,0,0,0
Jeremiah Ballard,145495,WR,UTEP,3,0,0,330,,,,,,,60.4,,,64.8,0,0,0,0,2,3,0,0,0
Juan Camacho Jr.,145497,TE,UTEP,12,0,0,330,,,72.9,,,,64.1,,,61.8,0,0,44,0,0,0,0,0,0
Tyler Williams,145499,S,UTEP,12,0,0,330,59.7,,,60.0,,,55.8,,,75.6,1,0,0,12,9,63,33,21,0
John Burris III,145500,CB,UTEP,12,1,0,330,60.0,,,,,,55.3,,,83.3,4,0,0,2,49,66,47,42,2
Osaiasi Taueli,145506,ED,UTEP,11,0,0,330,60.1,,,,,,64.4,,,73.2,0,0,0,14,0,52,33,1,0
Tevita Tafuna,145508,DI,UTEP,4,0,0,330,58.5,,,,,,59.2,,,72.2,0,0,0,12,0,0,0,4,0
Frankie Martinez,145516,C,UTSA,3,0,0,331,,,60.0,,,,61.3,,,64.8,0,0,4,0,0,0,4,0,0
Jalen Rainey,145520,S,UTSA,3,0,0,331,59.9,,,,,,60.7,,,65.9,0,0,0,1,1,0,0,1,0
Jimmori Robinson,145523,ED,UTSA,9,0,0,331,59.1,,,,,,59.7,,,67.4,0,0,0,27,0,0,0,1,0
Ronald Triplette,145524,ED,UTSA,10,0,0,331,58.7,,,,,,58.6,,,68.7,0,0,0,11,0,43,0,1,0
Trey Moore,145527,ED,UTSA,11,0,0,331,58.9,,,,,,60.2,,,68.0,0,0,0,27,0,0,0,8,0
Kye Robichaux,145532,HB,BOSTON COL,4,0,0,121,,,,,,,58.0,,,68.4,0,0,0,0,0,17,0,0,0
Michael Ondelacy,145535,T,W KENTUCKY,13,0,0,346,,,76.0,,,,66.0,,,74.8,0,0,59,0,0,0,0,0,0
Kyle McNamara,145536,WR,UTEP,1,0,0,330,,,,,,,60.0,,,64.7,0,0,0,0,0,0,0,1,0
River Helms,145539,TE,W KENTUCKY,12,0,0,346,,,60.0,,,,66.9,,,72.6,0,0,3,0,1,62,1,0,0
Xavier Shaw,145540,CB,W KENTUCKY,10,0,0,346,,,,,,,66.4,,,76.1,0,0,0,0,24,1,3,31,1
Cam Burden,145551,LB,CHARLOTTE,12,2,0,136,60.1,,,,,,70.6,,,83.4,2,0,0,2,34,71,23,23,2
Migo Jackson,145560,DI,CHARLOTTE,5,0,0,136,58.7,,,,,,58.8,,,66.1,0,0,0,20,0,0,3,0,0
Jairus Mack,145562,WR,CHARLOTTE,6,0,0,136,59.9,,,,,,60.7,67.7,,66.1,0,0,0,1,1,0,0,19,0
Doug Newsome,145564,CB,CHARLOTTE,5,0,0,136,59.8,,,,,,62.6,,,69.2,0,0,0,2,0,16,0,11,0
Steven Parker,145565,S,CHARLOTTE,3,0,0,136,,,,,,,57.9,,,70.2,0,0,0,0,4,0,0,10,0
B.J. Ragland,145568,DI,CHARLOTTE,1,0,0,136,59.3,,,,,,60.6,,,67.8,0,0,0,7,0,0,0,2,0
Jack Reynolds,145569,WR,CHARLOTTE,1,0,0,136,,,,,,,59.8,,,66.1,0,0,0,0,0,6,0,0,0
Henry Rutledge,145571,HB,CHARLOTTE,10,0,0,136,,,,51.8,,,56.3,83.1,,68.7,0,0,0,0,7,62,5,40,0
Trevor Timmons,145577,G,GA STATE,8,0,0,175,,,64.2,,,,64.4,,,69.7,0,0,14,0,0,0,38,0,1
Colin Weber,145578,TE,CHARLOTTE,11,1,0,136,,,72.3,,,,58.2,,,68.9,1,0,40,0,0,15,24,5,0
Hahsaun Wilson,145580,HB,CHARLOTTE,10,0,0,136,,,,,,,72.9,,,82.1,0,0,0,0,28,47,5,34,3
Ryan Johnson,145582,ED,AKRON,4,0,0,102,60.0,,,,,,59.3,,,66.6,0,0,0,13,3,17,0,0,0
Jasaiah Gathings,145586,WR,AKRON,3,0,0,102,,,,,,,55.0,,,70.0,0,0,0,0,7,5,0,9,0
Myles Walker,145587,WR,AKRON,12,1,0,102,,,,,,,37.6,,,29.9,4,1,0,0,32,5,37,34,0
Bennett Adler,145591,ED,AKRON,12,0,0,102,59.1,,72.0,,,,67.9,,,73.6,0,0,40,47,0,50,67,7,0
Andrew Behm,145595,LB,AKRON,4,0,0,102,59.9,,,,,,64.1,,,77.7,1,0,0,5,14,18,22,21,2
Tyler Rieger,145601,LS,AKRON,8,0,0,102,,,,,,68.6,61.7,,,66.4,1,0,0,0,0,0,38,0,0
Rishad Hence,145605,CB,AKRON,4,1,0,102,59.6,,,,,,67.6,,,77.0,0,0,0,8,14,0,9,20,1
Noel Roach,145608,S,AKRON,10,1,0,102,,,,,,,75.0,,,75.7,1,0,0,0,14,46,0,34,0
Darrian Lewis,145611,CB,AKRON,12,2,0,102,60.0,,,,,,66.0,,,56.1,3,1,0,1,41,0,56,34,10
Drew Hughes,145617,DI,BALL ST,8,0,0,117,58.9,,,,,,59.9,,,67.0,0,0,0,11,0,0,0,3,0
Joey Stemler,145618,LB,BALL ST,11,0,0,117,60.0,,,,,,61.0,,,77.3,0,0,0,13,43,44,20,2,3
Jack Beebe,145620,LB,BALL ST,12,4,0,117,59.8,,,,,,67.5,,,48.6,1,1,0,6,51,57,55,48,5
Justin Morris,145623,TE,BALL ST,12,0,0,117,,,73.6,,,,61.9,,,68.9,0,0,47,0,0,37,0,0,0
Jackson Wiegold,145624,LB,BALL ST,11,0,0,117,,,,,,,59.1,,,68.7,2,0,0,0,6,8,52,0,1
Jordan Riley,145627,S,BALL ST,12,1,0,117,59.8,,,,,,53.6,,,72.2,2,0,0,51,20,0,11,6,1
Vaughn Pemberton,145628,HB,BALL ST,1,0,0,117,,,,,,,60.0,,,64.8,0,0,0,0,0,4,0,0,0
Thai Baldwin,145629,CB,BALL ST,12,1,0,117,59.9,,,,,,57.7,,,80.3,3,0,0,28,19,0,48,39,0
Kyle Lozen,145635,LB,BALL ST,1,0,0,117,,,,,,,59.5,,,67.8,0,0,0,0,0,0,4,0,0
Nate Pabst,145639,G,BOWL GREEN,1,0,0,122,,,60.0,,,,61.4,,,62.0,0,0,4,0,0,0,0,0,0
Jalen Burton,145640,CB,BOWL GREEN,11,0,1,122,59.9,,,,,,50.7,,,27.1,0,2,0,8,6,0,0,27,1
George Carlson,145641,LS,BOWL GREEN,13,0,0,122,,,60.4,,,27.4,47.1,,,66.9,2,0,61,0,0,0,50,0,1
Cade Zimmerly,145644,G,BOWL GREEN,2,0,0,122,,,62.3,,,,62.1,,,68.2,0,0,8,0,0,0,0,0,0
Rocco Hicks,145645,TE,BOWL GREEN,2,0,0,122,,,,,,,60.0,,,64.2,0,0,0,0,0,7,0,0,0
Jamal Johnson,145646,HB,BOWL GREEN,8,1,0,122,,,,,,,55.8,,,71.7,1,0,0,0,43,1,0,0,3
Dierre Kelly,145652,DI,BOWL GREEN,10,0,0,122,58.2,,,,,,58.0,,,66.0,0,0,0,18,0,0,0,1,0
Jaison Patterson,145654,HB,BOWL GREEN,10,0,0,122,,,,59.9,,,75.3,,,71.2,0,0,0,0,0,46,0,0,0
Cashius Howell,145655,ED,BOWL GREEN,13,0,0,122,58.6,,,,,,59.4,,,66.8,0,0,0,32,0,0,0,6,0
Alex Padgett,145657,C,BOWL GREEN,13,0,0,122,,,77.9,,,,66.2,,,72.5,0,0,61,0,0,0,0,0,0
Denver Warren,145660,DI,NEW MEX ST,2,0,0,242,59.9,,,,,,60.0,,,63.5,0,0,0,2,0,0,0,0,0
Nick Mosley,145661,HB,BOWL GREEN,4,0,0,122,,,,,,,50.8,,,72.4,1,0,0,0,17,16,12,0,2
Tadd Barr,145662,WR,BUFFALO,12,0,0,126,,,,,,,56.3,60.0,,83.8,4,0,0,0,47,1,48,53,3
Jack Hasz,145666,C,UNLV,2,0,0,325,,,,,,,60.3,,,62.0,0,0,0,0,0,0,4,0,0
Daymond Williams,145667,DI,BUFFALO,11,0,0,126,57.8,,,,,,57.2,,,67.3,0,0,0,38,0,0,0,0,0
Daishon Folsom,145669,DI,BUFFALO,9,0,0,126,58.2,,,,,,57.9,,,65.0,0,0,0,15,0,0,0,0,0
Andrew Kerwin,145670,T,BUFFALO,7,0,0,126,,,61.1,,,,62.0,,,65.0,0,0,11,0,0,0,18,0,0
Mike Washington Jr.,145672,HB,BUFFALO,3,0,0,126,,,,,,,34.3,,,66.9,0,0,0,0,2,2,3,0,0
Nicholas Fronczak,145673,C,BUFFALO,8,0,0,126,,,70.8,,,,56.8,,,64.5,0,0,36,0,0,0,39,0,0
Ali Fisher,145675,WR,KENT STATE,9,0,0,201,,,,,,,64.4,,,74.2,0,0,0,0,25,19,5,7,1
Al-Jay Henderson,145676,HB,BUFFALO,11,2,0,126,,,,,,,55.2,,,36.8,2,1,0,0,29,46,22,37,2
Marion Lukes,145697,HB,C MICHIGAN,12,0,0,134,,,,68.7,,,58.1,,,64.8,0,0,0,0,0,72,0,0,0
Danny MacLean,145700,S,C MICHIGAN,5,0,0,134,,,,,,,63.0,,,71.8,0,0,0,0,0,17,0,2,0
Tyson Davis,145702,WR,C MICHIGAN,1,0,0,134,,,,,,,60.0,,,61.2,0,0,0,0,0,1,0,0,0
Lawai'a Brown,145704,LB,C MICHIGAN,10,0,0,134,59.8,,,,,,57.3,,,73.9,1,0,0,9,31,28,8,29,0
Davis Heinzen,145705,T,C MICHIGAN,1,0,0,134,,,60.0,,,,60.0,,,61.0,0,0,1,0,0,0,0,0,0
Quindario Lee,145707,ED,C MICHIGAN,10,0,0,134,59.9,,,,,,61.4,,,68.8,0,0,0,36,0,0,0,7,0
Cade Conley,145709,TE,MARSHALL,4,0,0,214,,,67.8,,,,63.1,,,64.0,0,0,22,0,0,0,0,0,0
Marcus Young,145710,TE,C MICHIGAN,10,0,0,134,,,60.0,,,,56.0,,,64.4,1,0,6,0,0,0,48,0,0
Nahree Biggins,145711,CB,C MICHIGAN,10,3,0,134,,,,,,,56.6,,,45.1,2,1,0,0,11,14,41,13,3
Jonah Pace,145712,DI,C MICHIGAN,12,0,0,134,58.9,,73.1,,,,63.0,,,64.4,0,0,46,6,0,0,14,2,0
Jonathan Decker,145715,DI,C MICHIGAN,12,0,0,134,59.2,,73.3,,,,63.2,,,65.2,0,0,47,5,0,0,0,1,0
Ben Pratt,145716,LS,C MICHIGAN,12,0,0,134,,,79.5,,,81.0,71.0,,,67.4,0,0,47,0,0,0,62,0,0
Keegan Smith,145719,G,C MICHIGAN,1,0,0,134,,,60.0,,,,60.0,,,61.6,0,0,1,0,0,0,0,0,0
Dakota Cochran,145721,LB,C MICHIGAN,12,1,0,134,90.1,,,,,,83.0,,,51.6,0,2,0,36,53,28,7,17,4
Lucas Dailey,145724,C,C MICHIGAN,3,0,0,134,,,63.3,,,,62.4,,,67.0,0,0,11,0,0,0,0,0,0
Chris Parker,145725,WR,C MICHIGAN,2,0,0,134,,,,,,,60.1,,,64.6,0,0,0,0,0,2,0,0,0
Finn Hogan,145726,WR,BOWL GREEN,5,0,0,122,,,,,,,65.4,,,72.3,0,0,0,0,0,5,0,12,0
DJ Stepney,145727,CB,C MICHIGAN,10,1,0,134,59.2,,,,,,64.2,,,70.8,0,0,0,7,38,0,14,4,1
Jake Tafelski,145730,HB,C MICHIGAN,11,2,0,134,,,,,,,67.5,,,75.6,1,0,0,0,31,65,23,3,3
Michael Heldman,145731,ED,C MICHIGAN,11,0,0,134,59.9,,,,,,61.7,,,68.2,0,0,0,39,0,0,0,7,0
Elijah Rikard,145739,S,C MICHIGAN,9,0,0,134,59.9,,,,,,61.6,,,66.3,0,0,0,28,4,0,0,2,0
Kyle Moretti,145740,LB,C MICHIGAN,9,1,0,134,59.9,,,,,,75.1,,,69.1,0,0,0,39,0,3,33,5,2
Fernando Sanchez III,145741,LB,C MICHIGAN,9,1,0,134,58.6,,,,,,52.8,,,32.7,2,2,0,16,37,51,0,24,0
Caleb Spann,145742,S,C MICHIGAN,12,1,0,134,59.7,,,,,,73.4,,,78.2,0,0,0,41,52,35,0,24,1
Jason Williams,145743,DI,C MICHIGAN,12,0,0,134,57.5,,74.0,,,,61.0,,,75.6,0,0,47,46,0,0,62,12,0
DeAnthony Becton,145744,CB,C MICHIGAN,1,0,0,134,,,,,,,61.0,,,68.5,0,0,0,0,0,0,0,3,0
Jesus Gomez,145746,K,E MICHIGAN,11,1,0,160,,69.6,,,49.5,,61.3,,,67.2,0,0,40,0,3,0,0,0,0
Andreas Paaske,145747,TE,E MICHIGAN,1,0,0,160,,,60.0,,,,45.9,,,66.2,1,0,3,0,1,1,0,1,0
Carter Gilbert,145749,DI,E MICHIGAN,10,0,0,160,58.1,,,,,,57.8,,,67.6,0,0,0,49,0,0,0,0,0
Zach Mowchan,145751,LB,E MICHIGAN,2,0,0,160,,,,,,,60.0,,,64.3,0,0,0,0,0,7,0,0,0
Jez Janvier,145758,DI,E MICHIGAN,7,0,0,160,58.6,,67.7,,,,62.2,,,74.7,0,0,25,9,0,0,0,1,0
Daniel Warnsman,145759,G,E MICHIGAN,12,0,0,160,,,73.1,,,,61.7,,,65.4,0,0,43,0,0,0,37,0,0
Peyton Price,145760,DI,E MICHIGAN,9,0,0,160,,,,,,,67.3,,,84.2,0,0,0,0,0,0,0,12,0
J.B. Mitchell III,145761,WR,E MICHIGAN,4,0,0,160,,,,,,,60.1,,,65.0,0,0,0,0,0,4,0,0,0
Jaden Gaines,145762,ED,E MICHIGAN,8,0,0,160,58.2,,,,,,58.0,,,67.6,0,0,0,40,0,0,0,0,0
Quentavius Scandrett,145764,S,E MICHIGAN,13,0,0,160,60.1,,,,,,69.2,,,88.7,0,0,0,10,15,0,0,9,2
Mitchell Tomasek,145765,P,E MICHIGAN,13,0,0,160,,,66.0,,54.6,,63.7,,66.2,74.7,0,0,45,0,2,0,69,0,0
Melvin Swindle II,145766,DI,E MICHIGAN,1,0,0,160,,,,,,,60.0,,,91.0,0,0,0,0,0,0,0,1,0
Cam Smith,145767,S,E MICHIGAN,13,0,1,160,60.4,,,,,,55.0,,,29.6,0,1,0,45,33,0,0,37,1
Devontez Walker,145773,WR,N CAROLINA,1,0,0,245,,,,61.8,,,60.0,,,62.9,0,0,0,0,0,2,0,0,0
Chase Fortkamp,145775,LB,KENT STATE,11,1,0,201,60.2,,,,,,57.8,,,75.2,3,0,0,8,26,2,50,3,2
Andrew Glass,145777,K,KENT STATE,12,0,0,201,,78.6,,,59.5,,62.9,,,73.8,1,0,34,0,42,0,0,0,0
Alex Branch,145781,S,KENT STATE,11,0,0,201,59.5,,,,,,60.0,,,60.2,2,1,0,46,35,57,62,33,3
Josh Smith,145784,P,KENT STATE,12,0,0,201,,,64.9,,,,63.2,,62.3,72.8,0,0,34,0,0,0,52,0,1
Gus Goodell,145791,LS,KENT STATE,12,2,0,201,,,75.2,,,45.7,53.8,,,67.6,5,0,35,0,0,0,72,0,2
Macyo Williams,145794,DI,KENT STATE,12,0,0,201,58.1,,,,,,60.5,,,70.0,0,0,0,22,0,0,66,8,0
Oscar McWood,145800,LB,MIAMI OH,7,2,0,221,60.0,,,,,,65.8,,,74.5,0,0,0,2,25,0,5,21,0
Nasir Washington,145801,DI,MIAMI OH,5,0,0,221,59.2,,,,,,59.8,,,64.9,0,0,0,4,0,0,0,1,0
Corban Hondru,145803,LB,MIAMI OH,14,0,0,221,60.0,,,,,,76.3,,,86.9,0,0,0,1,15,46,58,75,1
Caiden Woullard,145806,ED,MIAMI OH,14,0,0,221,90.2,,,,,,90.0,,,33.3,0,1,0,40,0,0,0,70,0
Keyon Mozee,145809,HB,MIAMI OH,4,0,0,221,,,,65.8,,,59.8,,,66.8,0,0,0,0,0,13,0,0,0
Matt Reardon,145811,WR,MIAMI OH,1,0,0,221,,,,,,,60.0,,,62.4,0,0,0,0,1,0,0,0,0
Cam Kirk,145813,S,MIAMI OH,1,0,0,221,,,,,,,60.7,,,67.2,0,0,0,0,3,0,0,0,0
Dominic Nardone,145814,LB,MIAMI OH,14,0,0,221,60.0,,,,,,63.4,,,76.3,0,0,0,5,73,8,8,54,0
Will Jados,145817,T,MIAMI OH,14,0,0,221,,,76.8,,,,66.2,,,77.1,0,0,69,0,0,0,0,0,0
Jackson Schott,145818,ED,INDIANA,9,1,0,190,,,,,,,66.9,,,73.6,0,0,0,0,29,9,0,25,1
Eli Blakey,145820,S,MIAMI OH,14,2,0,221,60.0,,,,,,65.6,,,40.4,0,1,0,9,46,0,58,2,1
Graham Nicholson,145826,K,MIAMI OH,14,0,0,221,,92.5,,,86.4,,63.8,,,76.4,0,0,67,0,73,0,0,0,1
Jack DeJarld,145827,TE,MIAMI OH,5,0,0,221,,,68.0,,,,67.7,,,68.6,0,0,23,0,0,19,0,0,0
Isaac Hatfield,145834,LS,N ILLINOIS,13,0,0,254,,,81.4,,,58.7,60.0,,,66.9,1,0,53,0,0,0,51,0,0
Trey Urwiler,145835,WR,N ILLINOIS,7,0,0,254,,,,,,,55.7,,,70.9,0,0,0,0,9,33,0,7,0
Brandon MacKinnon,145836,T,UMASS,2,0,0,216,,,62.8,,,,62.4,,,66.5,0,0,12,0,0,0,0,0,0
Ty Myles,145837,CB,N ILLINOIS,13,0,0,254,59.7,,,,,,57.1,,,72.7,0,1,0,4,9,16,0,38,0
Cyrus McGarrell,145844,S,N ILLINOIS,13,0,0,254,60.0,,,,,,67.6,,,77.3,0,0,0,11,50,19,8,14,3
Brock Lampe,145846,TE,N ILLINOIS,13,0,0,254,,,,59.4,,,53.4,,,72.3,0,1,0,0,1,46,51,0,0
Louis Frye,145850,S,N ILLINOIS,8,0,0,254,59.8,,,,,,60.0,,,74.3,0,0,0,7,20,15,0,15,1
Luke Pinnick,145851,G,N ILLINOIS,11,0,0,254,,,74.0,,,,65.2,,,75.1,0,0,47,0,0,0,0,0,0
Cade Haberman,145855,DI,N ILLINOIS,7,0,0,254,58.8,,,,,,59.1,,,65.7,0,0,0,11,0,0,0,1,0
Kanon Woodill,145856,K,N ILLINOIS,13,0,0,254,,66.2,,,65.7,,61.9,,,69.6,0,0,44,0,14,0,0,0,0
Drew Hoth,145859,T,N ILLINOIS,2,0,0,254,,,60.8,,,,61.9,,,64.6,0,0,9,0,0,0,0,0,0
Ryan King,145861,LB,N ILLINOIS,4,0,0,254,,,,,,,31.8,,,71.4,0,1,0,0,1,18,0,2,0
Muhammed Jammeh,145863,S,N ILLINOIS,13,1,1,254,60.0,,,,,,67.1,,,73.7,0,1,0,9,53,0,0,49,2
George Gumbs Jr.,145870,ED,N ILLINOIS,12,0,0,254,59.0,,73.7,,,,63.9,,,68.1,0,0,50,25,0,4,0,13,0
Javaughn Byrd,145873,CB,N ILLINOIS,12,0,0,254,59.6,,,,,,62.3,,,72.6,0,0,0,11,0,2,0,17,0
Jalonnie Williams,145874,ED,N ILLINOIS,3,0,0,254,59.7,,,,,,61.4,,,65.2,0,0,0,2,0,0,0,3,0
Pete Nygra,145875,C,N ILLINOIS,1,0,0,254,,,,,,,60.0,,,63.3,0,0,0,0,0,0,1,0,0
Shay Taylor,145877,LB,OHIO,11,1,0,259,60.0,,,,,,66.6,,,75.3,6,0,0,5,46,25,36,0,6
John Motton,145883,S,OHIO,13,0,0,259,,,,,,,48.0,,,37.7,4,2,0,0,67,40,11,42,9
Bradley Weaver,145884,ED,OHIO,12,0,0,259,58.7,,,,,,59.6,,,68.4,0,0,0,28,0,0,0,4,0
Bryce Butler,145885,TE,OHIO,13,0,0,259,,,76.4,,,,68.2,,,76.6,0,0,63,0,6,34,30,14,0
Miles Cross,145887,WR,OHIO,1,0,0,259,,,,,,,60.0,,,62.2,0,0,0,0,0,1,0,0,0
Davion Weatherspoon,145888,G,OHIO,11,0,0,259,,,77.3,,,,65.5,,,65.3,0,0,52,0,0,0,0,0,0
Torrie Cox Jr.,145889,CB,OHIO,11,0,1,259,60.1,,,,,,49.4,61.0,,28.6,0,1,0,23,0,0,0,14,0
Aramoni Rhone,145892,WR,OHIO,8,0,1,259,,,,,,,28.6,,,26.7,0,2,0,0,0,1,0,27,0
Jake Skelly,145893,T,OHIO,6,0,0,259,,,69.4,,,,63.9,,,68.9,0,0,28,0,0,0,0,0,0
Quintell Quinn,145895,HB,OHIO,7,0,0,259,,,,,,,72.5,,,68.2,0,0,0,0,35,0,0,1,2
Will Kacmarek,145896,TE,OHIO,13,0,0,259,,,76.0,,,,65.9,,,70.1,1,0,64,0,0,28,21,3,0
Bralen Henderson,145897,DI,OHIO,11,0,0,259,58.3,,,,,,45.5,,,27.4,0,1,0,19,0,0,0,1,0
Drew Beckenhaupt,145899,G,TOLEDO,1,0,0,316,,,60.0,,,,60.0,,,63.4,0,0,1,0,0,0,0,0,0
Garrett Schwiebert,145900,T,TOLEDO,14,0,0,316,,,77.3,,,,66.4,,,75.7,0,0,68,0,0,0,0,0,0
Connor Jones,145905,LB,TOLEDO,2,0,0,316,,,,,,,57.7,,,66.7,0,0,0,0,2,2,0,0,0
Thomas Zsiros,145906,WR,TOLEDO,8,0,0,316,,,,,,,74.6,,,75.7,0,0,0,0,4,27,0,14,0
Jalen Riven,145909,ED,TOLEDO,1,0,0,316,60.0,,,,,,60.0,,,61.7,0,0,0,1,0,0,0,0,0
CJ Wilson,145912,ED,TOLEDO,3,0,0,316,59.8,,,,,,60.4,,,64.1,0,0,0,3,0,0,0,1,0
Doran Ray Jr.,145913,DI,TOLEDO,2,0,0,316,59.4,,,,,,59.5,,,63.4,0,0,0,4,0,0,0,0,0
Esean Carter,145914,DI,TOLEDO,5,0,0,316,58.9,,,,,,59.6,,,65.9,0,0,0,11,0,0,0,2,0
Jeremiah Peters,145915,ED,TOLEDO,5,0,0,316,59.9,,,,,,62.6,,,67.9,0,0,0,13,0,0,0,7,0
Vontrell Chairse,145917,ED,TOLEDO,1,0,0,316,60.0,,,,,,60.0,,,62.9,0,0,0,1,0,0,0,0,0
Damon Ollison II,145918,LB,TOLEDO,14,4,0,316,59.8,,,,,,62.7,,,61.3,3,1,0,2,84,60,51,5,7
Austin Hence,145922,TE,W MICHIGAN,8,0,0,347,,,,,,,70.5,,,76.3,0,0,0,0,0,51,0,0,0
Carson Voss,145924,P,W MICHIGAN,12,0,0,347,,,66.3,,,,56.6,,59.3,29.6,0,2,50,0,0,0,47,0,1
Mason Nelson,145927,DI,W MICHIGAN,12,0,0,347,64.7,,,,,,68.9,,,69.1,0,0,0,61,0,0,0,9,0
Joshua Nobles,145930,ED,W MICHIGAN,12,2,0,347,59.9,,,,,,85.3,,,79.9,0,1,0,19,57,51,0,2,1
Kadinn Morris,145931,TE,W MICHIGAN,12,1,0,347,,,,,,,58.6,,,28.9,0,2,0,0,0,77,56,13,3
Zahir Abdus-Salaam,145933,HB,W MICHIGAN,10,0,0,347,,,,63.0,,,64.2,69.4,,71.2,0,0,0,0,1,27,1,28,0
John Hofer,145935,G,W MICHIGAN,11,0,0,347,,,77.1,,,,65.3,,,64.1,0,0,50,0,0,0,0,0,0
Corey Walker,145937,ED,W MICHIGAN,12,0,0,347,59.7,,74.0,,,,63.7,,,69.1,0,0,50,47,0,0,5,11,0
Blake Bosma,145938,TE,W MICHIGAN,12,1,1,347,,,,59.6,,,46.6,,,29.5,4,2,0,0,0,76,54,0,2
Tyson Lee,145943,ED,W MICHIGAN,12,0,0,347,59.7,,,,,,63.4,,,74.1,0,0,0,29,0,1,0,24,0
Jelani Willis,145946,LB,W MICHIGAN,11,0,0,347,60.0,,,63.5,,,65.4,,,28.8,2,2,0,2,42,54,1,15,3
Malique Dieudonne,145947,WR,W MICHIGAN,6,0,0,347,,,,,,,61.3,,,69.2,0,0,0,0,0,0,2,9,0
Henry Wilson Jr.,145948,WR,W MICHIGAN,11,1,0,347,,,,,,,42.5,,,75.4,3,0,0,0,43,29,32,3,1
Aaron Wofford,145950,S,W MICHIGAN,12,2,0,347,59.8,,,,,,64.2,,,82.8,1,0,0,64,33,0,0,0,1
Naahlyee Bryant,145951,LB,W MICHIGAN,12,0,0,347,,,,,,,47.5,,,29.5,0,1,0,0,16,72,0,1,0
Thor Paglialong,145955,C,AIR FORCE,1,0,0,101,,,,,,,60.3,,,63.4,0,0,0,0,0,0,5,0,0
Jalen Mergerson,145957,S,AIR FORCE,13,0,0,101,60.1,,,,,,66.1,,,75.2,1,0,0,27,46,21,8,41,2
Andrew BoisD'Enghien,145958,DI,AIR FORCE,1,0,0,101,59.6,,,,,,59.8,,,62.0,0,0,0,1,0,0,0,0,0
Bo Richter,145962,ED,AIR FORCE,13,0,0,101,59.6,,,,,,63.3,,,68.2,0,0,0,36,1,0,0,19,0
Mark Hiestand,145963,G,AIR FORCE,9,0,0,101,,,73.1,,,,64.9,,,74.3,0,0,42,0,0,0,0,0,0
Adam Karas,145965,T,AIR FORCE,13,0,0,101,,,75.1,,,,64.8,,,66.0,0,0,62,0,0,0,0,0,0
James Bryant,145970,TE,AIR FORCE,13,0,0,101,,,75.2,,,,63.0,,,67.5,0,0,61,0,0,50,0,0,0
Wesley Ndago,145973,G,AIR FORCE,13,0,0,101,,,75.4,,,,64.4,,,69.0,0,0,42,0,0,0,38,0,0
Ethan Jackman,145974,G,AIR FORCE,13,0,0,101,,,60.3,,,,61.7,,,66.2,0,0,5,0,0,0,37,0,0
Luke Voorhees,145975,TE,BOISE ST,14,0,0,120,,,77.1,,,,65.2,,,62.0,0,0,78,0,0,0,0,0,0
Eric McAlister,145976,WR,BOISE ST,3,0,0,120,,,,48.4,,,60.7,,,66.5,0,0,0,0,2,3,0,0,0
Andrew Simpson,145978,LB,BOISE ST,13,0,0,120,59.6,,,,,,66.7,,,71.6,0,0,0,54,1,0,0,40,0
Kaden Dudley,145979,HB,BOISE ST,9,0,0,120,,,,60.5,,,61.1,,,65.0,0,0,0,0,0,40,0,3,0
Colt Fulton,145981,QB,BOISE ST,4,0,0,120,,,62.7,,,,61.3,,,61.7,0,0,18,0,0,0,0,0,0
Seyi Oladipo Jr.,145984,S,BOISE ST,14,1,0,120,59.9,,,,,,62.0,,,73.3,2,0,0,57,2,0,40,0,1
Will Ferrin,145985,K,BYU,12,0,0,128,,78.7,,,82.0,,51.9,,,29.7,0,1,48,0,56,0,0,0,0
Ahmed Hassanein,145990,ED,BOISE ST,14,0,0,120,59.9,,,,,,65.9,,,72.4,0,0,0,47,0,0,0,36,0
Mason Randolph,145991,C,BOISE ST,5,0,0,120,,,70.7,,,,63.7,,,63.6,0,0,21,0,0,0,0,0,0
Matt Lauter,145992,TE,BOISE ST,13,0,0,120,,,28.1,,,,60.2,,,77.1,2,0,72,0,1,23,42,0,3
Mason Hutton,145993,LS,BOISE ST,14,2,0,120,,,58.6,,,12.7,41.3,,,67.2,1,0,78,0,0,0,56,0,1
Jalen Neal,145994,CB,BOISE ST,10,0,0,120,60.0,,,,,,47.4,,,71.4,1,0,0,2,43,0,0,15,0
Zion Washington,145997,S,BOISE ST,14,0,0,120,60.2,,,,,,59.3,,,83.3,0,1,0,21,71,51,28,33,4
Dawson Menegatti,145999,WR,COLO STATE,11,0,0,144,,,,,,,61.1,,,81.3,2,0,0,0,40,68,47,32,2
Tanner Arkin,146008,TE,ILLINOIS,12,0,0,187,,,73.0,59.9,,,71.1,,,73.8,0,0,45,0,0,71,53,35,1
Mukendi Wa-Kalonji,146012,ED,COLO STATE,12,0,0,144,59.4,,74.2,,,,60.5,,,67.7,0,0,51,6,0,25,0,2,0
Grady Kelly,146014,DI,COLO STATE,12,0,0,144,70.3,,,,,,77.6,,,70.3,0,0,0,44,0,0,1,8,0
Jack Howell,146020,S,COLO STATE,12,1,0,144,59.7,,,,,,67.8,,,75.8,0,0,0,64,51,1,29,12,0
Clay Nanke,146022,TE,COLO STATE,2,0,0,144,,,60.0,,,,71.8,,,68.7,0,0,4,0,0,7,0,0,0
Gerick Robinson,146025,WR,NEVADA,3,0,0,239,,,,59.6,,,60.4,61.6,,64.2,0,0,0,0,1,2,0,4,0
Tyler Quinn,146026,DI,COLO STATE,8,0,0,144,58.4,,,,,,59.4,,,67.1,0,0,0,16,0,0,0,5,0
Jake Boust,146027,TE,FRESNO ST,13,0,0,169,,,77.4,,,,66.3,,,76.8,0,0,70,0,16,37,52,0,0
Charles Remlinger,146029,ED,FRESNO ST,13,0,0,169,59.1,,63.1,,,,63.2,,,76.3,0,0,7,39,11,64,52,0,2
Chrishawn Gordon,146032,S,FRESNO ST,11,0,0,169,59.8,,,,,,50.3,,,76.8,1,0,0,16,48,0,37,11,0
Morice Norris Jr.,146033,CB,FRESNO ST,3,0,0,169,60.0,,,,,,63.2,,,70.7,0,0,0,1,0,0,0,7,0
Isaiah Batton,146034,WR,KENT STATE,3,0,0,201,,,,,,,64.2,,,69.2,0,0,0,0,0,2,0,8,0
Cale Sanders Jr.,146036,CB,SMU,14,0,0,287,59.8,,,,,,65.0,,,81.9,1,0,0,23,64,12,9,46,4
Tre Watson,146037,TE,FRESNO ST,13,0,0,169,,,76.8,61.8,,,73.9,,,71.3,0,0,70,0,1,66,0,0,0
Andre Meono,146039,K,UNLV,14,2,0,325,,60.0,,,75.3,,64.4,,,80.0,2,0,1,0,95,0,0,0,2
Phoenix Jackson,146040,LB,FRESNO ST,13,1,0,169,60.0,,,,,,51.1,,,77.5,0,0,0,1,52,12,0,0,2
Al'zillion Hamilton,146042,CB,FRESNO ST,13,1,0,169,59.6,,,,,,72.4,,,75.2,0,0,0,39,29,0,22,0,0
Julian Neal,146043,CB,FRESNO ST,9,0,0,169,59.7,,,,,,58.9,,,39.7,0,1,0,6,38,0,0,30,1
Kamron Beachem,146047,TE,FRESNO ST,13,0,0,169,,,75.6,59.6,,,69.8,,,72.1,0,0,63,0,0,64,0,0,0
Rolan Fullwood,146051,T,FRESNO ST,1,0,0,169,,,60.0,,,,60.7,,,62.5,0,0,4,0,0,0,0,0,0
Johnathan Arceneaux,146053,HB,FRESNO ST,1,0,0,169,,,,,,,60.0,,,65.2,0,0,0,0,0,0,0,2,0
Tru Edwards,146058,WR,LA TECH,8,0,0,208,,,,,,,54.8,,,69.2,0,0,0,0,0,51,0,0,0
Kamalu DeBlake,146061,LB,HAWAII,2,0,0,180,,,,,,,60.1,,,64.8,0,0,0,0,1,0,1,0,0
Kyler Halvorsen,146062,K,S JOSE ST,13,0,0,285,,67.4,,,65.2,,48.3,,,28.9,0,3,70,0,3,0,0,0,0
Landon Sims,146065,HB,HAWAII,11,0,0,180,,,,,,,65.7,,,79.7,0,0,0,0,20,61,21,21,0
Ka'ena Decambra,146066,G,HAWAII,11,0,0,180,,,72.5,,,,64.2,,,65.5,0,0,46,0,0,0,0,0,0
Zhen Sotelo,146067,G,HAWAII,12,0,0,180,,,74.6,,,,58.9,,,29.3,0,1,50,0,0,0,17,0,0
Karsyn Pupunu,146069,WR,HAWAII,13,0,0,180,,,,,,,62.6,,,82.8,1,0,0,0,42,53,39,34,2
David Cordero,146071,HB,HAWAII,3,0,0,180,,,,,,,60.5,,,69.2,0,0,0,0,4,10,1,8,0
Tariq Jones,146073,ED,HAWAII,3,0,0,180,,,,,,,61.6,,,65.8,0,0,0,0,0,0,0,4,0
Jalen Walthall,146075,WR,HAWAII,3,0,0,180,,,,,,,79.8,,,69.8,0,0,0,0,0,0,10,0,2
Jordan Johnson,146076,HB,HAWAII,1,0,0,180,,,,58.7,,,60.0,,,62.0,0,0,0,0,0,4,0,0,0
Chad Brown,146079,S,NEVADA,10,0,0,239,59.9,,,,,,66.3,,,77.9,0,1,0,7,0,46,0,17,0
Aedan Seiuli,146083,S,NEVADA,11,1,0,239,59.9,,,,,,64.1,,,28.5,4,3,0,18,29,2,53,15,6
Dwight Togiola,146089,DI,NEVADA,4,0,0,239,58.4,,,,,,58.5,,,65.5,0,0,0,9,0,0,0,1,0
Drue Watts,146094,LB,NEVADA,12,0,0,239,60.0,,,,,,61.7,,,64.4,0,0,0,47,1,0,1,7,0
Dion Washington,146096,DI,NEVADA,11,0,0,239,57.9,,,,,,57.9,,,67.8,0,0,0,31,0,0,0,6,0
Richard Toney Jr.,146097,S,NEVADA,11,1,0,239,59.6,,,,,,66.0,,,67.2,0,0,0,50,0,0,8,2,0
Larry Allen III,146101,DI,NEW MEXICO,1,0,0,241,,,,,,,60.6,,,69.9,0,0,0,0,0,3,0,0,0
Duece Jones,146102,WR,NEW MEXICO,8,0,0,241,,,,51.6,,,61.8,,,30.8,4,1,0,0,13,16,29,7,6
Jaden Phillips,146104,DI,SM HOUSTON,5,0,0,281,58.5,,,,,,59.0,,,66.3,0,0,0,10,0,0,0,2,0
Josh Howes,146109,LB,NEW MEXICO,2,0,0,241,,,,,,,61.4,,,64.0,0,0,0,0,4,0,0,0,0
Luke Wysong,146110,WR,NEW MEXICO,5,0,0,241,,,,49.5,,,60.9,67.6,,65.6,0,0,0,0,7,14,0,11,0
Jacob Trussell,146115,TE,NEW MEXICO,4,0,0,241,,,,,,,63.4,,,73.0,0,0,0,0,13,14,0,5,0
Ise Matautia,146116,G,NEW MEXICO,9,0,0,241,,,74.8,,,,64.7,,,64.1,0,0,37,0,1,0,0,0,0
Ja'Shon Lowery,146122,LB,NEW MEXICO,4,0,0,241,59.8,,,,,,57.5,,,67.6,0,0,0,7,3,8,5,2,0
AJ Odums,146129,CB,UTEP,12,2,0,330,59.7,,,,,,64.1,,,80.4,0,0,0,46,40,0,26,14,1
Trace Bruckler,146130,TE,NEW MEXICO,5,0,0,241,,,,,,,51.7,,,70.1,0,0,0,0,11,11,0,0,0
Isaiah Sillemon,146134,G,NEW MEXICO,12,0,0,241,,,69.3,,,,62.9,,,71.2,0,0,22,0,0,11,54,0,0
Alec Marenco,146136,LB,NEW MEXICO,12,0,1,241,60.2,,,,,,39.1,,,27.2,0,2,0,56,0,0,0,19,0
Jack Browning,146137,K,S DIEGO ST,12,0,0,284,,70.7,,,82.5,,64.2,,78.7,77.5,0,0,45,0,39,0,54,0,2
Gus McGee,146140,TE,CHARLOTTE,12,0,0,136,,,60.0,,,,74.2,,,73.3,0,0,1,0,0,71,0,0,0
Darrion Dalton,146142,DI,S DIEGO ST,3,0,0,284,58.9,,,,,,59.0,,,64.2,0,0,0,6,0,0,0,0,0
Phillippe Wesley,146143,WR,S DIEGO ST,1,0,0,284,,,,,,,60.4,,,67.0,0,0,0,0,0,3,0,0,0
Jatavious Magee,146144,S,S DIEGO ST,12,0,0,284,,,,,,,76.1,,,83.5,2,0,0,0,56,0,49,43,3
Christian Jones,146145,T,S DIEGO ST,12,0,0,284,,,74.4,,,,64.7,,,66.3,0,0,51,0,0,0,0,0,0
Dominic Oliver,146147,ED,S DIEGO ST,7,0,0,284,59.4,,,,,,45.8,,,66.0,0,0,0,8,8,0,2,0,0
DJ Bryant,146149,S,S DIEGO ST,11,1,0,284,60.0,,,,,,53.1,,,79.8,0,0,0,1,48,21,51,37,0
Brady Anderson,146150,LB,S DIEGO ST,12,1,0,284,59.8,,,,,,65.6,,,81.2,0,0,0,6,45,2,52,46,3
Ryan Wintermeyer,146152,LS,S DIEGO ST,12,1,0,284,,,86.1,,,75.2,79.0,,,66.9,0,0,51,0,0,0,54,0,2
Zyrus Fiaseu,146160,LB,S DIEGO ST,11,0,0,284,59.4,,,,,,72.5,,,74.2,0,0,0,41,0,3,39,3,2
Joshua Goynes,146161,CB,S DIEGO ST,2,0,0,284,,,,,,,61.8,,,66.2,0,0,0,0,5,0,0,0,0
DJ Herman,146162,LB,S DIEGO ST,12,1,0,284,,,60.0,,,,60.5,,,80.8,1,0,1,0,56,7,42,41,1
Cameron Harpole,146163,TE,S DIEGO ST,11,0,0,284,,,71.1,,,,62.1,,,67.2,0,0,35,0,0,2,22,0,0
Cam Davis,146165,HB,S DIEGO ST,11,0,0,284,,,,59.6,,,58.2,61.9,,71.4,0,0,0,0,1,41,0,5,0
CJ Baskerville,146166,S,TEXAS TECH,9,0,0,315,59.9,,,,,,66.2,,,70.8,0,0,0,34,11,3,5,11,0
Charles Rogers,146173,FB,S JOSE ST,13,1,0,285,60.0,,,,,,69.3,,,79.2,3,0,0,2,77,60,45,31,3
Jalen Apalit-Williams,146175,S,S JOSE ST,13,2,0,285,59.9,,,,,,70.4,,,83.6,1,1,0,3,72,33,45,52,2
Jalen Bainer,146176,CB,S JOSE ST,12,1,0,285,59.7,,,,,,77.7,,,76.0,0,0,0,3,68,2,0,11,0
Nate Lewis,146177,TE,S JOSE ST,9,0,0,285,,,60.0,59.2,,,66.8,,,29.3,0,1,6,0,0,31,0,27,0
Tre Smith,146179,ED,S JOSE ST,2,0,0,285,59.5,,,,,,59.7,,,63.6,0,0,0,3,0,0,0,0,0
Jordan Allen,146181,ED,S JOSE ST,3,0,0,285,59.9,,,,,,60.0,,,62.6,0,0,0,4,0,0,0,0,0
Taren Schive,146183,K,S JOSE ST,13,0,0,285,,,,,58.9,,64.1,,,78.5,1,0,0,0,76,0,0,0,1
Bryun Parham,146184,LB,S JOSE ST,13,0,0,285,60.2,,,,,,60.8,,,66.9,0,0,0,52,0,15,0,0,0
Jerrae Williams,146191,S,UNLV,6,0,1,325,59.4,,,,,,49.9,,,28.7,0,1,0,27,14,1,15,7,1
Anthony Rosas,146196,G,UNLV,1,0,0,325,,,60.0,,,,60.0,,,63.4,0,0,1,0,0,0,0,0,0
Anthony Sagapolutele,146197,DI,HAWAII,7,0,0,180,59.8,,,,,,63.3,,,68.5,0,0,0,1,0,22,0,1,0
Kilinahe Mendiola-Jensen,146198,CB,HAWAII,3,0,0,180,,,,,,,56.2,,,69.4,0,0,0,0,0,3,3,4,0
Anton Ambuehl,146200,T,UNLV,5,0,0,325,,,68.3,,,,62.9,,,65.7,0,0,27,0,0,0,14,0,0
Cameron Oliver,146206,CB,UNLV,14,0,0,325,60.0,,,,,,57.6,,,72.2,0,0,0,66,0,0,7,18,0
Tyray O'Dell,146207,LB,UNLV,14,1,1,325,,,,,,,64.4,,,35.3,1,2,0,0,79,56,21,5,2
Marsel McDuffie,146212,LB,UNLV,13,0,0,325,58.6,,,,,,65.5,,,74.4,0,0,0,47,0,60,0,10,0
Johnathan Baldwin,146214,S,UNLV,12,1,0,325,59.7,,,,,,49.5,,,71.0,1,0,0,55,36,0,20,11,1
Dusten Ramseyer-Burdett,146216,S,UTAH ST,1,0,0,329,,,,,,,60.0,,,63.9,0,0,0,0,1,0,0,0,0
Calvin Knapp,146217,T,UTAH ST,12,0,0,329,,,76.7,,,,66.3,,,76.5,0,0,63,0,0,0,0,0,0
Ike Larsen,146222,S,UTAH ST,13,0,0,329,83.3,,,59.9,,,88.3,,,27.8,0,3,0,73,4,32,0,61,0
NyNy Davis,146223,WR,LA MONROE,2,0,0,209,,,,59.4,,,60.1,,,63.9,0,0,0,0,1,4,0,0,0
Otto Tia,146224,WR,UTAH ST,6,0,0,329,,,,,,,49.5,,,40.2,2,1,0,0,14,25,29,11,0
Sione Moa,146226,LB,BYU,8,0,0,128,60.0,,,,,,49.8,,,70.0,0,0,0,1,32,0,0,0,2
Bo Maile,146227,DI,UTAH ST,6,0,0,329,58.2,,,,,,57.9,,,65.1,0,0,0,10,0,0,0,1,0
Seni Tuiaki,146234,DI,UTAH ST,12,0,0,329,56.4,,,,,,46.2,,,27.9,0,1,0,59,0,0,20,6,0
Dorian Singer,146243,WR,USC,3,0,0,326,,,,,,,60.3,,,66.7,0,0,0,0,1,2,0,0,0
Anthony Simpson,146244,WR,UMASS,3,0,0,216,,,,59.9,,,59.6,,,62.0,0,0,0,0,0,4,0,0,0
Jaden Clark,146245,WR,ARIZONA,13,0,0,109,,,,,,,65.6,,,74.7,0,0,0,0,3,47,1,41,0
JT Hand,146247,G,ARIZONA,1,0,0,109,,,60.0,,,,60.1,,,62.5,0,0,2,0,0,0,0,0,0
Colby Powers,146249,TE,TULSA,2,0,0,320,,,,,,,59.7,,,64.6,0,0,0,0,0,3,0,0,0
Kolbe Cage,146250,LB,SO MISS,10,1,0,296,,,,,,,53.4,,,73.7,2,0,0,0,35,0,0,13,1
Dalton Johnson,146252,S,ARIZONA,13,0,0,109,59.7,,,61.8,,,53.5,,,29.7,0,1,0,29,39,11,33,22,2
Isaiah Taylor,146255,S,ARIZONA,10,0,0,109,59.9,,,,,,65.0,,,73.3,1,0,0,4,48,6,0,28,1
Ammon Allen,146261,LB,ARIZONA,11,0,0,109,,,,,,,62.1,,,72.3,0,0,0,0,17,43,2,2,0
Evan Branch-Haynes,146264,DI,BOWL GREEN,12,0,0,122,57.8,,,,,,57.8,,,67.1,0,0,0,18,0,0,0,2,0
George Hart III,146269,HB,ARIZONA ST,1,0,0,110,,,,,,,60.4,,,67.0,0,0,0,0,0,3,0,0,0
Isaia Glass,146274,T,ARIZONA ST,2,0,0,110,,,,,,,59.2,,,65.5,0,0,0,0,0,0,3,0,0
RJ Regan,146275,CB,ARIZONA ST,8,0,0,110,60.0,,,,,,67.7,,,68.1,0,0,0,4,22,0,0,11,1
B.J. Green II,146277,ED,ARIZONA ST,12,0,0,110,58.7,,,,,,60.3,,,72.4,0,0,0,67,0,0,0,12,0
Tommi Hill,146279,CB,NEBRASKA,12,0,0,238,59.5,,,50.9,,,56.2,60.3,,77.1,1,0,0,29,11,16,14,23,1
Eric Gentry,146280,LB,USC,11,0,0,326,59.5,,,,,,75.6,,,78.3,1,0,0,22,49,34,0,37,6
Gharin Stansbury,146281,ED,ARIZONA ST,2,0,0,110,59.7,,,,,,60.2,,,63.6,0,0,0,1,0,0,0,1,0
Eddie Czaplicki,146282,P,USC,13,0,0,326,,,,,73.1,,63.8,,63.7,76.9,0,0,0,0,29,0,45,0,0
John Ferlmann,146283,LS,OHIO STATE,13,0,0,260,,,89.8,,,85.6,72.6,,,29.6,1,1,70,0,0,0,50,0,1
Jace Feely,146284,K,COLORADO,11,0,0,143,,71.8,,,68.1,,63.0,,,74.7,0,1,17,0,45,0,0,0,2
J. Michael Sturdivant,146288,WR,UCLA,3,0,0,324,,,,,,,60.1,,,65.5,0,0,0,0,0,3,0,0,0
Trond Grizzell,146290,WR,CAL,7,0,0,130,,,,,,,65.6,,,73.2,0,0,0,0,1,2,0,15,0
Keleki Latu,146291,TE,NEVADA,6,0,0,239,,,66.0,,,,62.7,,,62.1,0,0,17,0,0,0,0,0,0
Dylan Jemtegaard,146293,C,CAL,8,0,0,130,,,71.0,,,,64.3,,,73.5,0,0,31,0,0,0,0,0,0
Bastian Swinney,146294,G,CAL,11,0,0,130,,,72.7,,,,64.8,,,72.6,0,0,40,0,0,0,4,0,0
Jermaine Terry II,146295,TE,OREGON ST,13,0,0,265,,,72.0,59.6,,,61.6,,,76.5,0,0,36,0,0,56,0,0,0
Lu-Magia Hearns III,146296,CB,CAL,12,0,0,130,60.2,,,55.9,,,59.7,,,71.7,0,0,0,32,2,36,2,7,0
Hunter Barth,146299,S,CAL,13,0,0,130,59.7,,,,,,65.6,,,81.7,1,0,0,8,75,69,50,26,8
Jeffrey Johnson,146300,TE,CAL,10,0,0,130,,,,59.9,,,84.4,,,80.7,1,0,0,0,25,55,0,28,2
Nate Rutchena,146301,LB,CAL,4,0,0,130,59.8,,,,,,45.1,,,65.9,1,0,0,16,5,0,4,0,0
Oluwafemi Oladejo,146302,LB,UCLA,13,0,0,324,59.7,,,,,,59.1,,,71.6,0,0,0,36,0,36,5,4,0
Patrick Hisatake,146303,ED,HAWAII,1,0,0,180,,,,,,,60.2,,,62.9,0,0,0,0,2,0,0,0,0
Darius Long,146305,DI,CAL,2,0,0,130,59.4,,,,,,59.5,,,62.7,0,0,0,3,0,0,0,0,0
Kaleb Elarms-Orr,146306,LB,CAL,11,0,0,130,60.0,,,,,,56.6,,,71.8,1,0,0,48,0,0,36,3,1
Myles Williams,146308,ED,CAL,12,1,0,130,59.7,,,,,,62.1,,,70.9,0,0,0,21,26,0,0,5,1
Akili Calhoun,146309,DI,CAL,3,0,0,130,59.0,,,,,,59.0,,,63.2,0,0,0,3,0,0,0,0,0
Derek Wilkins,146310,DI,CAL,5,0,0,130,58.8,,,,,,58.8,,,64.6,0,0,0,11,0,0,0,0,0
Charlie Offerdahl,146314,HB,COLORADO,6,1,0,143,,,,,,,67.6,,,68.5,0,0,0,0,8,23,35,1,0
Ty Robinson,146317,WR,BALL ST,1,0,0,117,,,,,,,60.4,,,65.1,0,0,0,0,2,0,0,0,0
Austin Smith,146318,TE,MEMPHIS,7,0,0,218,,,,,,,62.3,,,70.7,0,0,0,0,0,42,0,0,0
Kaylin Moore,146320,CB,CAL,12,0,0,130,60.0,,,,,,64.4,,,69.9,0,0,0,25,0,0,1,12,0
Nikko Reed,146321,CB,OREGON,14,0,1,264,59.9,,,59.9,,,54.2,,,29.2,0,1,0,23,15,24,0,23,0
Tyrin Taylor,146322,CB,MEMPHIS,4,0,0,218,,,,,,,64.2,,,88.8,0,0,0,0,5,0,0,4,0
Trevor Woods,146324,S,COLORADO,9,0,0,143,60.1,,,,,,65.0,,,71.5,0,0,0,46,2,17,0,11,0
Cole Becker,146332,K,UTAH,10,0,0,328,,82.9,,,76.0,,62.8,,,72.8,1,0,46,0,36,0,0,0,0
Jimmy Valsin III,146336,WR,OREGON ST,1,0,0,265,,,,,,,60.0,,,63.3,0,0,0,0,0,0,1,0,0
Jeremiah Noga,146338,WR,OREGON ST,13,0,0,265,,,,,,,63.3,,,81.2,0,0,0,0,5,62,0,36,0
Trent Walker,146340,WR,OREGON ST,1,0,0,265,,,,,,,60.0,,,64.7,0,0,0,0,0,0,0,1,0
Gabe Milbourn,146345,TE,OREGON ST,12,0,0,265,,,60.0,59.9,,,72.3,,,71.5,0,0,1,0,6,49,0,17,1
Carter Neuman,146346,TE,OREGON ST,6,0,0,265,,,70.1,,,,64.5,,,73.4,0,0,29,0,0,0,0,0,0
J.T. Byrne,146347,TE,CAL,3,0,0,130,,,,,,,60.6,,,68.3,0,0,0,0,0,4,0,7,0
Bryce Caufield,146348,TE,OREGON ST,10,0,0,265,,,72.1,,,,69.1,,,73.4,0,0,40,0,2,24,17,13,0
Jack Kane,146353,S,OREGON ST,10,0,0,265,59.8,,,,,,54.1,,,40.8,1,1,0,17,64,8,7,15,0
Josiah Johnson,146355,CB,OREGON ST,8,0,0,265,,,,,,,66.9,,,70.0,0,0,0,0,28,0,2,5,1
Semisi Saluni,146357,DI,OREGON ST,13,0,0,265,58.1,,,59.9,,,67.3,,,71.4,0,0,0,32,0,56,37,2,0
Jayson Raines,146361,WR,STANFORD,12,0,0,300,,,,,,,62.5,,,80.2,0,1,0,0,50,56,0,31,2
Jack Leyrer,146365,T,STANFORD,11,0,0,300,,,75.8,,,,64.9,,,63.9,0,0,42,0,0,0,0,0,0
David Kasemervisz,146367,WR,STANFORD,9,0,0,300,,,,,,,69.9,,,77.8,0,0,0,0,28,26,0,22,2
Shield Taylor,146369,TE,STANFORD,7,0,0,300,,,,,,,59.2,,,69.7,0,0,0,0,0,46,0,0,0
Jimmy Wyrick,146370,S,STANFORD,1,0,0,300,60.0,,,,,,60.2,,,64.7,0,0,0,1,2,0,0,0,0
Caleb Ellis,146371,CB,STANFORD,1,0,0,300,,,,,,,60.1,,,64.1,0,0,0,0,0,0,0,2,0
Jaden Slocum,146372,CB,STANFORD,4,0,0,300,59.9,,,,,,32.1,,,26.8,0,1,0,1,0,0,3,4,0
Ese Dubre,146374,LB,STANFORD,11,0,0,300,,,,,,,63.5,,,75.4,0,0,0,0,40,20,0,11,1
Mitch Leigber,146375,S,STANFORD,12,0,0,300,59.5,,,,,,60.9,,,80.3,0,0,0,32,42,45,54,16,0
Evan Jackson,146376,WR,STANFORD,1,0,0,300,,,,,,,60.9,,,64.5,0,0,0,0,2,0,0,1,0
Wilfredo Aybar,146378,ED,STANFORD,10,0,0,300,59.6,,,,,,61.3,,,68.4,0,0,0,33,0,0,0,5,0
Anthony Franklin,146379,DI,STANFORD,12,0,0,300,74.2,,,,,,80.8,,,68.4,0,0,0,48,0,0,0,9,0
Aaron Armitage,146382,DI,STANFORD,1,0,0,300,60.0,,,,,,60.0,,,62.9,0,0,0,1,0,0,0,0,0
Zach Buckey,146383,DI,STANFORD,10,0,0,300,59.1,,,,,,60.1,,,67.0,0,0,0,17,0,0,0,4,0
Emmet Kenney,146384,K,STANFORD,1,0,0,300,,60.0,,,60.1,,60.0,,,64.2,0,0,1,0,1,0,0,0,0
Connor Weselman,146385,P,STANFORD,12,0,0,300,,,66.3,,,,55.0,,58.8,28.6,0,2,49,0,0,0,21,0,0
DJ Justice,146388,CB,UCLA,5,0,0,324,,,,,,,56.1,,,70.7,0,0,0,0,20,16,0,3,0
Ezavier Staples,146389,WR,UCLA,5,0,0,324,,,,,,,47.6,,,72.9,0,0,0,0,19,10,1,0,0
Benjamin Roy Jr.,146391,G,UCLA,1,0,0,324,,,60.0,,,,60.5,,,64.8,0,0,2,0,0,0,0,0,0
Yutaka Mahe,146393,T,UCLA,1,0,0,324,,,60.0,,,,60.0,,,61.3,0,0,2,0,0,0,0,0,0
Garrett DiGiorgio,146395,T,UCLA,13,0,0,324,,,27.9,,,,49.5,,,75.9,0,0,58,0,0,0,0,0,0
Josh Moore,146397,S,FAU,5,0,0,165,60.0,,,,,,77.1,,,74.3,0,0,0,2,0,18,18,15,1
Devin Kirkwood,146398,CB,UCLA,12,0,0,324,59.6,,,,,,62.5,,,77.2,0,0,0,20,0,0,0,7,0
Isaiah Newcombe,146400,CB,UCLA,10,0,0,324,60.0,,,,,,67.1,,,76.5,0,0,0,1,25,19,0,27,1
Carson Schwesinger,146401,LB,UCLA,13,1,0,324,,,,,,,77.9,,,84.4,2,0,0,0,67,56,27,46,6
Tyler Kiehne,146403,DI,NEW MEXICO,12,0,0,241,57.8,,,,,,58.2,,,69.1,0,0,0,45,0,0,0,5,0
Antoine Campbell Jr.,146404,ED,KENT STATE,4,0,0,201,,,60.0,,,,64.2,,,67.1,0,0,5,0,0,0,0,7,0
Jay Toia,146406,DI,UCLA,10,0,0,324,57.8,,,,,,58.8,,,74.1,0,0,0,32,0,0,2,5,0
Tiaoalii Savea,146408,DI,ARIZONA,10,0,1,109,58.9,,,,,,60.1,,,67.4,0,1,0,23,0,0,0,5,0
Kyron Hudson,146411,WR,USC,13,0,0,326,,,,,,,75.3,,,82.7,1,0,0,0,44,81,45,30,4
Michael Jackson III,146412,WR,USC,4,0,0,326,,,,61.8,,,60.4,73.0,,65.5,0,0,0,0,0,2,0,11,0
Joseph Manjack IV,146413,WR,HOUSTON,9,0,0,182,,,,,,,68.7,62.2,,71.2,0,0,0,0,1,0,0,32,0
Brandon Campbell,146414,HB,HOUSTON,2,0,0,182,,,,,,,59.8,,,63.8,0,0,0,0,0,3,0,0,0
Josiah Zamora,146415,WR,USC,1,0,0,326,,,,,,,60.0,,,62.1,0,0,0,0,1,0,0,0,0
Ty Buchanan,146417,T,TEXAS TECH,9,0,0,315,,,72.8,,,,64.5,,,68.0,0,0,45,0,0,0,0,0,0
Lake McRee,146418,TE,USC,12,0,1,326,,,77.2,,,,66.9,,,30.1,0,1,74,0,1,46,0,3,0
Anthony Beavers,146420,S,USC,12,4,0,326,59.8,,,,,,66.1,,,74.3,2,0,0,9,74,27,0,0,5
Prophet Brown,146421,CB,USC,8,1,0,326,60.1,,,,,,67.2,,,70.3,0,0,0,11,12,20,0,4,1
Jaylin Smith,146422,S,USC,12,0,0,326,60.4,,,,,,68.8,,,79.8,1,1,0,55,11,0,19,40,1
Julien Simon,146423,LB,TULSA,12,0,0,320,59.8,,,,,,65.2,,,79.7,0,0,0,42,29,69,7,4,2
Calen Bullock,146424,S,USC,12,0,0,326,59.8,,,,,,56.2,,,74.9,2,0,0,63,17,4,25,1,0
Raesjon Davis,146427,LB,USC,11,0,0,326,59.7,,,,,,33.4,,,79.1,3,0,0,12,80,15,16,5,2
Denis Lynch,146429,K,USC,13,0,0,326,,74.9,,,57.7,,63.6,,,75.5,1,0,81,0,63,0,0,0,2
Makai Cope,146430,WR,UTAH,11,0,0,328,,,,,,,69.0,,,76.6,0,0,0,0,2,16,0,44,0
Hayden Erickson,146437,TE,UTAH,1,0,0,328,,,60.0,,,,60.0,,,60.3,0,0,2,0,0,0,0,0,0
Koli Faaiu,146438,C,UTAH,5,0,0,328,,,67.4,,,,63.1,,,64.9,0,0,23,0,0,0,0,0,0
Michael Mokofisi,146439,G,UTAH,13,0,0,328,,,77.6,,,,47.9,,,67.1,0,0,53,0,0,0,50,0,0
Josh Calvert,146444,LB,UTAH,12,0,0,328,60.0,,,,,,66.2,,,76.3,0,0,0,1,14,48,1,18,0
Darrien Stewart,146445,S,UTAH,9,0,0,328,,,,,,,61.6,,,69.5,0,0,0,0,16,34,0,0,0
Karene Reid,146447,LB,UTAH,10,1,0,328,59.9,,,,,,66.6,60.0,,75.0,0,0,0,31,0,0,32,15,0
Cole Bishop,146454,S,UTAH,11,1,0,328,59.6,,,,,,67.5,60.0,,75.9,0,0,0,29,1,1,35,9,1
Taka Lautaha,146455,DI,UTAH,2,0,0,328,59.6,,,,,,59.8,,,63.0,0,0,0,2,0,0,0,0,0
Simote Pepa,146457,DI,UTAH,10,0,0,328,58.0,,,,,,59.1,,,78.2,0,0,0,21,0,0,0,4,0
Jonah Elliss,146458,ED,UTAH,10,0,0,328,59.1,,,,,,61.7,,,71.3,0,0,0,25,0,0,0,11,0
Cameron Peasley,146461,P,W MICHIGAN,4,0,0,347,,,,,,,60.7,,58.3,68.9,0,0,0,0,0,0,9,0,0
JT Greep,146462,LS,UTAH,13,1,0,328,,,71.3,,,69.6,73.2,,,67.1,0,0,55,0,0,0,56,0,1
Camden Sirmon,146466,WR,WASHINGTON,7,0,0,340,,,,,,,64.8,,,69.0,0,0,0,0,2,5,0,17,0
Mason Wheeler,146470,WR,WASHINGTON,2,0,0,340,,,,,,,60.1,,,64.9,0,0,0,0,1,0,0,1,0
Quentin Moore,146475,TE,WASHINGTON,14,0,0,340,,,75.9,59.9,,,74.9,,,36.9,0,1,57,0,4,33,0,0,0
Griffin Waiss,146476,TE,WASHINGTON,14,0,0,340,,,78.1,,,,65.5,,,64.9,0,0,83,0,0,3,0,0,0
Davon Banks,146477,CB,WASHINGTON,2,0,0,340,59.8,,,,,,62.0,,,67.6,0,0,0,2,11,0,0,4,0
Dyson McCutcheon,146479,S,WASHINGTON,8,0,0,340,59.9,,,,,,65.3,,,69.3,0,0,0,2,2,0,0,15,0
Vincent Nunley,146480,S,WASHINGTON,6,0,0,340,59.7,,,,,,53.5,,,67.0,0,0,0,10,7,0,0,5,0
Maurice Heims,146483,ED,WASHINGTON,14,1,0,340,59.5,,,,,,69.2,,,71.6,1,0,0,3,88,0,0,0,6
Milton Hopkins Jr.,146484,ED,WASHINGTON,3,0,0,340,59.5,,,,,,47.3,,,63.9,0,0,0,3,2,0,0,0,0
Brody Reese,146485,DI,TULSA,2,0,0,320,59.6,,,,,,60.2,,,64.1,0,0,0,1,0,0,0,1,0
Voi Tunuufi,146487,ED,WASHINGTON,12,0,0,340,58.5,,,,,,50.6,,,66.0,0,1,0,16,0,1,0,1,0
Kuao Peihopa,146489,DI,HAWAII,13,0,0,180,58.4,,,,,,51.4,,,28.4,0,2,0,68,0,0,44,7,1
Leon Neal Jr.,146496,WR,WASH STATE,5,0,0,341,,,,59.9,,,76.0,,,70.8,0,0,0,0,0,23,0,4,0
Jernias Tafia,146499,DI,WASH STATE,12,0,0,341,58.5,,75.4,,,,49.3,,,28.9,0,1,60,12,0,46,0,1,0
Christian Hilborn,146501,G,WASH STATE,11,0,0,341,,,75.4,,,,65.5,,,72.9,0,0,59,0,0,0,0,0,0
Brock Dieu,146503,G,WASH STATE,10,0,0,341,,,77.6,,,,65.5,,,64.2,0,0,53,0,0,0,0,0,0
Joshua Meredith,146507,WR,WASH STATE,11,0,0,341,,,,,,,59.5,,,77.6,1,0,0,0,22,26,0,41,0
De'Zhaun Stribling,146508,WR,OKLA STATE,2,0,0,262,,,,,,,59.9,,,66.6,0,0,0,0,0,1,2,0,0
Tsion Nunnally,146509,WR,WASH STATE,10,0,0,341,,,,,,,70.8,,,83.0,0,0,0,0,57,50,9,37,2
Jaden Hicks,146512,S,WASH STATE,12,0,0,341,85.2,,,,,,81.8,,,28.1,0,1,0,53,1,2,0,9,0
Raam Stevenson,146517,ED,WASH STATE,6,0,0,341,59.3,,,,,,60.1,,,74.4,0,0,0,5,19,15,19,21,1
Cole Norah,146518,S,WASH STATE,1,0,0,341,60.0,,,,,,60.0,,,61.1,0,0,0,1,0,0,0,0,0
Gavin Barthiel,146519,LB,UTAH ST,13,0,0,329,60.1,,,,,,48.2,,,29.8,0,1,0,72,20,22,4,13,0
Francisco Mauigoa,146521,LB,MIAMI FL,13,0,0,220,59.2,,,,,,66.8,,,71.3,0,0,0,51,25,1,0,19,1
David Gusta,146524,DI,WASH STATE,11,0,1,341,57.8,,,,,,48.1,,,28.0,0,1,0,32,0,0,0,3,0
Alec Eckert,146527,DI,WASH STATE,1,0,0,341,,,,,,,60.0,,,64.7,0,0,0,0,0,0,0,1,0
Andrew Edson,146529,ED,WASH STATE,12,0,0,341,59.2,,,,,,68.8,,,72.8,0,0,0,10,0,61,47,5,0
Nick Haberer,146532,P,WASH STATE,12,0,0,341,,,66.2,,,,63.2,,79.6,72.2,0,1,48,0,0,0,47,0,0
Avante Dickerson,146536,CB,UTAH ST,7,0,0,329,60.0,,,,,,64.3,,,68.9,0,0,0,3,25,0,0,3,0
Bram Walden,146538,T,ARIZONA ST,4,0,0,110,,,63.9,,,,59.9,,,68.2,0,0,11,0,0,0,14,0,0
Brandon Buckner,146539,ED,MIDDLE TN,8,0,0,224,58.7,,,,,,59.9,,,66.4,0,0,0,9,0,0,0,5,0
Charlie Pickard,146540,C,OREGON,13,0,0,264,,,78.4,,,,66.8,,,77.1,0,0,77,0,0,0,0,0,0
Cristiano Palazzo,146541,K,COLORADO,7,0,0,143,,,,,53.2,,61.0,,,71.9,0,0,0,0,16,0,0,0,0
Dane Sipos,146542,S,OREGON,1,0,0,264,,,,,,,60.4,,,65.1,0,0,0,0,2,0,0,0,0
Darren Barkins,146543,CB,WASHINGTON,2,0,0,340,,,,,,,60.5,,,67.0,0,0,0,0,1,0,0,1,0
Daymon David,146544,S,OREGON,3,0,0,264,60.0,,,,,,61.1,,,65.2,0,0,0,3,5,0,0,0,0
Dont'e Thornton Jr.,146547,WR,TENNESSEE,1,0,0,307,,,,,,,60.0,,,63.0,0,0,0,0,0,1,0,0,0
Jackson Powers-Johnson,146550,C,OREGON,1,0,0,264,,,,,,,60.0,,,63.3,0,0,0,0,0,0,1,0,0
Jaylin Davies,146551,CB,UCLA,13,0,0,324,60.0,,,,,,54.9,,,76.7,0,1,0,31,0,0,0,26,0
Jeffrey Bassa,146552,LB,OREGON,14,1,0,264,59.9,,,59.9,,,62.2,,,74.2,0,0,0,32,1,5,29,9,0
Keanu Williams,146556,DI,UCLA,12,0,0,324,58.6,,,,,,59.7,,,68.0,0,0,0,32,0,0,13,4,0
Keith Brown,146557,LB,LOUISVILLE,4,0,0,210,,,,,,,64.0,,,66.9,0,0,0,0,13,0,5,1,0
Kingsley Suamataia,146558,T,BYU,11,0,0,128,59.5,,74.8,,,,64.3,,,64.3,0,0,37,3,0,0,0,0,0
Luke Basso,146559,C,OREGON,14,0,0,264,,,90.3,,,60.7,65.0,,,29.4,0,1,84,0,0,0,31,0,1
Moliki Matavao,146561,TE,UCLA,12,0,0,324,,,72.7,,,,62.5,,,66.1,0,0,43,0,0,5,47,0,1
Terrance Ferguson,146563,TE,OREGON,13,0,0,264,,,77.3,,,,64.5,,,64.4,0,0,80,0,1,7,1,0,0
Terrell Tilmon,146564,ED,TEXAS TECH,13,0,0,315,,,,,,,69.6,,,83.9,1,0,0,0,69,69,51,23,4
Timon Davis,146565,CB,OREGON,1,0,0,264,59.6,,,,,,59.8,,,62.4,0,0,0,1,0,0,0,0,0
Troy Franklin,146567,WR,OREGON,8,0,0,264,,,,,,,57.4,,,67.9,0,0,0,0,1,20,0,0,0
Von Reames,146569,WR,OREGON,1,0,0,264,,,,,,,59.9,,,64.9,0,0,0,0,0,0,0,1,0
Will Hutchinson,146570,P,MIAMI FL,12,0,0,220,,,25.4,,,,44.3,,,61.2,0,0,69,0,0,0,0,0,0
Sam Willoughby,146574,WR,ALABAMA,1,0,0,103,,,,,,,60.0,,,63.4,0,0,0,0,1,0,0,0,0
Khyree Jackson,146583,CB,OREGON,12,0,0,264,59.6,,,,,,40.9,,,27.6,0,2,0,22,2,0,1,27,0
Keelan Cox,146585,ED,WYOMING,1,0,0,351,59.7,,,,,,60.0,,,61.8,0,0,0,1,0,0,0,0,0
James Burnip,146586,P,ALABAMA,14,1,0,103,,,68.2,,,,58.4,,92.3,30.0,0,2,81,0,0,0,60,0,0
Ja'Corey Brooks,146587,WR,ALABAMA,9,0,0,103,,,,59.9,,,62.2,,,28.8,0,1,0,0,5,31,0,27,1
JoJo Earle,146588,WR,TCU,5,0,0,305,,,,60.0,,,60.8,61.7,,66.0,0,0,0,1,0,1,0,22,0
Christian Leary,146589,WR,GA TECH,13,0,0,176,,,,59.9,,,61.2,,,65.4,0,0,0,0,4,74,0,0,0
Robbie Ouzts,146594,TE,ALABAMA,14,0,0,103,,,79.0,59.6,,,68.4,,,79.3,1,0,81,0,0,60,64,0,0
JC Latham,146596,T,ALABAMA,14,0,0,103,,,77.9,,,,66.6,,,77.8,0,0,81,0,0,0,0,0,0
Jaeden Roberts,146598,G,ALABAMA,9,0,0,103,,,77.7,,,,65.5,,,64.2,0,0,54,0,0,0,0,0,0
Kool-Aid McKinstry,146602,CB,ALABAMA,14,0,0,103,59.8,,,61.8,,,62.4,34.0,,73.3,0,0,0,44,0,1,0,51,0
Terrion Arnold,146603,CB,ALABAMA,14,0,0,103,59.8,,,72.1,,,60.9,,,80.5,0,1,0,49,57,1,15,52,1
Dallas Turner,146604,ED,ALABAMA,14,0,0,103,77.0,,,,,,75.2,,,28.3,0,1,0,49,0,2,0,12,0
Keanu Koht,146605,ED,ALABAMA,1,0,0,103,59.9,,,,,,60.0,,,61.1,0,0,0,1,0,0,0,0,0
DeVonta Smith,146607,S,ALABAMA,3,0,0,103,,,,,,,63.8,,,72.4,0,0,0,0,0,0,0,11,0
Deontae Lawson,146608,LB,ALABAMA,11,0,0,103,60.1,,,,,,62.5,,,65.8,0,0,0,41,0,0,0,10,0
Kendrick Blackshire,146610,LB,ALABAMA,8,1,0,103,60.2,,,,,,70.4,,,73.7,0,0,0,8,15,12,17,1,1
Damon Payne,146611,DI,ALABAMA,6,0,0,103,59.0,,,,,,59.5,,,65.0,0,0,0,5,0,0,0,1,0
Kaine Williams,146612,LB,NEBRASKA,3,0,0,238,,,,,,,63.2,,,65.8,0,0,0,0,15,0,0,0,0
Colin Bryant,146613,LB,S CAROLINA,8,0,0,289,60.0,,,,,,61.2,,,77.4,0,0,0,1,0,27,0,25,0
Tim Keenan III,146617,DI,ALABAMA,14,0,0,103,58.5,,,,,,59.7,,,71.0,0,0,0,44,0,0,0,12,0
Kneeland Hibbett,146618,LS,ALABAMA,14,0,0,103,,,90.2,,,90.5,74.5,,,67.5,2,0,81,0,0,0,64,0,1
Carter Short,146619,LS,OLE MISS,1,0,0,226,,,60.0,,,66.0,60.0,,,60.8,0,0,1,0,0,0,0,0,0
Jalen Williams,146623,DI,SO MISS,9,0,0,296,57.8,,,,,,56.2,,,69.6,0,0,0,28,0,0,29,3,0
Ketron Jackson Jr.,146624,WR,BAYLOR,1,0,0,118,,,,,,,60.0,,,64.5,0,0,0,0,0,0,1,0,0
Lucas Coley,146625,QB,HOUSTON,1,0,0,182,,,,,,,60.5,,,65.5,0,0,0,0,0,0,0,3,0
Bryce Stephens,146627,WR,ARKANSAS,2,0,0,111,,,,,,,59.8,,,65.8,0,0,0,0,0,0,2,0,0
Landon Rogers,146628,WR,UNLV,6,0,0,325,,,,,,,65.7,,,74.8,0,0,0,0,18,3,0,17,0
Devon Manuel,146633,T,ARKANSAS,1,0,0,111,,,,,,,60.0,,,63.3,0,0,0,0,0,0,0,0,0
Josh Street,146634,G,ARKANSAS,11,0,0,111,,,76.6,,,,64.4,,,66.8,0,0,47,0,0,0,57,0,0
Chris Harris,146635,WR,ARKANSAS,4,0,0,111,,,,,,,63.8,,,68.0,0,0,0,0,20,0,0,0,0
Keuan Parker,146636,CB,TULSA,6,0,0,320,59.6,,,,,,61.2,,,70.2,0,0,0,20,0,0,0,6,0
Chris Paul Jr.,146640,LB,ARKANSAS,11,0,0,111,,,,,,,52.1,,,71.7,1,0,0,0,41,0,7,14,1
Jordan Hanna,146641,LB,UNLV,9,1,0,325,59.8,,,,,,52.0,,,72.6,0,1,0,1,50,17,0,4,0
Jayden Johnson,146643,S,ARKANSAS,12,0,0,111,,,,,,,62.3,,,44.4,0,1,0,0,15,61,5,11,0
Cameron Ball,146644,DI,ARKANSAS,11,0,0,111,58.3,,74.3,,,,62.5,,,73.3,0,1,53,32,0,48,8,6,0
Cam Little,146646,K,ARKANSAS,12,0,0,111,,90.9,,,90.2,,63.6,,,75.5,0,1,57,0,62,0,0,0,0
Patrick Foley,146648,P,UAB,12,0,0,321,,,17.6,,,,31.3,,55.4,70.7,1,0,57,0,0,0,41,0,0
Ro Torrence,146653,CB,ARIZONA ST,12,0,0,110,60.4,,,,,,63.7,,,77.4,0,0,0,62,0,4,5,19,0
Garrison Walker,146658,DI,AUBURN,3,0,0,115,59.5,,,,,,61.3,,,66.1,0,0,0,2,0,0,0,3,0
Jarquez Hunter,146662,HB,AUBURN,12,0,0,115,,,,61.8,,,62.4,,,29.3,0,1,0,0,42,20,0,0,4
Dylan Brooks,146663,ED,KANSAS,3,0,0,198,59.9,,,,,,59.9,,,61.7,0,0,0,3,0,0,0,0,0
Landen King,146664,TE,UTAH,8,0,0,328,,,60.5,59.9,,,59.8,,,70.7,0,0,8,0,0,33,0,0,0
Sean Jackson,146665,HB,AUBURN,10,0,0,115,,,,58.2,,,73.1,,,69.9,0,1,0,0,2,48,0,0,0
Cort Bradley,146666,T,UAB,7,0,0,321,,,72.3,,,,56.8,,,27.8,0,1,37,0,0,0,0,0,0
Colby Smith,146667,G,TROY,13,0,0,318,,,76.1,,,,65.0,,,66.3,0,0,71,0,0,0,0,0,0
A.D. Diamond,146672,CB,UAB,7,0,0,321,59.7,,,,,,46.5,,,28.1,0,1,0,6,33,0,2,7,1
Ahmari Harvey,146674,CB,GA TECH,10,0,0,176,59.3,,,,,,55.4,,,29.2,0,1,0,41,9,0,0,16,0
Lee Hunter,146676,DI,UCF,13,0,0,323,58.0,,,,,,58.6,,,69.5,0,0,0,37,0,0,0,4,0
Jadarrius Perkins,146684,CB,FLORIDA,1,0,0,163,,,,,,,60.0,,,65.3,0,0,0,0,0,0,1,0,0
Diwun Black,146685,ED,TEMPLE,11,0,0,306,59.6,,,,,,48.4,,,29.7,1,1,0,21,35,0,17,29,1
Adam Mihalek,146691,K,FLORIDA,3,0,0,163,,54.7,,,,,60.0,,,64.1,0,0,8,0,0,0,0,0,0
Austin Barber,146692,T,FLORIDA,9,0,0,163,,,17.7,,,,29.8,,,73.9,0,0,39,0,0,0,0,0,0
Jake Slaughter,146693,C,FLORIDA,10,0,0,163,,,73.3,,,,64.4,,,65.9,0,0,48,0,0,0,0,0,0
Nick Elksnis,146698,TE,S CAROLINA,4,0,0,289,,,,,,,67.4,,,66.3,0,0,0,0,0,22,0,0,0
Marcus Burke,146699,WR,FLORIDA,1,0,0,163,,,,,,,60.0,,,67.5,0,0,0,0,0,0,0,1,0
Donovan McMillon,146700,S,PITTSBURGH,12,0,0,268,59.7,,,,,,64.9,,,71.5,0,0,0,48,47,0,12,15,1
Scooby Williams,146701,LB,FLORIDA,5,0,0,163,60.1,,,,,,52.6,,,66.4,1,0,0,16,0,0,5,4,0
Corey Collier Jr.,146702,S,NEBRASKA,1,0,0,238,,,,,,,60.6,,,63.6,0,0,0,0,4,0,0,0,0
Desmond Watson,146703,DI,FLORIDA,1,0,0,163,,,,,,,60.0,,,64.1,0,0,0,0,0,0,0,0,0
Jason Marshall Jr.,146704,CB,FLORIDA,7,0,0,163,60.0,,,59.1,,,66.9,60.9,,70.1,0,1,0,5,0,31,0,6,0
Jordan Young,146705,CB,CINCINNATI,12,0,0,138,59.5,,,,,,64.4,,,74.5,0,0,0,60,0,1,0,21,0
Chief Borders,146707,ED,NEBRASKA,12,0,0,238,59.6,,,,,,65.4,,,74.1,1,0,0,2,44,0,13,8,2
Chris Thomas,146708,DI,MARSHALL,7,0,0,214,58.4,,,,,,60.4,,,70.2,0,0,0,13,0,0,0,6,0
Rocco Underwood,146710,LS,FLORIDA,12,0,0,163,,,49.4,,,47.8,49.7,,,66.6,3,0,59,0,0,0,43,0,1
Adonai Mitchell,146712,WR,TEXAS,1,0,0,311,,,,,,,60.0,,,62.1,0,0,0,0,1,0,0,0,0
Jackson Meeks,146714,WR,GEORGIA,11,0,0,173,,,,,,,67.9,,,78.4,0,0,0,0,73,3,10,45,0
Brock Bowers,146715,TE,GEORGIA,4,0,0,173,,,,,,,59.9,,,65.2,0,0,0,0,0,0,5,0,0
Dylan Fairchild,146716,G,GEORGIA,14,0,0,173,,,79.1,,,,67.1,,,78.4,0,0,96,0,0,0,0,0,0
Jared Wilson,146717,C,GEORGIA,12,0,0,173,,,71.8,,,,57.3,,,28.3,0,1,27,0,0,0,18,0,0
Micah Morris,146718,G,GEORGIA,14,0,0,173,,,82.3,,,,67.2,,,65.2,0,0,96,0,0,0,0,0,0
Amarius Mims,146719,T,GEORGIA,7,0,0,173,,,71.7,,,,64.2,,,67.5,0,0,34,0,0,0,0,0,0
Nyland Green,146720,CB,GEORGIA,13,0,0,173,59.7,,,,,,56.7,,,30.0,0,2,0,4,93,16,5,23,3
Jamon Johnson,146721,LB,GEORGIA,9,0,0,173,59.8,,,,,,61.1,,,69.9,0,0,0,10,0,0,21,11,0
David Daniel-Sisavanh,146723,S,GEORGIA,10,0,0,173,60.0,,,,,,60.8,,,71.1,0,0,0,4,59,0,3,8,0
Xavian Sorey Jr.,146724,LB,GEORGIA,7,0,0,173,59.7,,,,,,70.4,,,69.7,0,0,0,7,12,0,0,7,0
Smael Mondon Jr.,146725,LB,GEORGIA,13,0,0,173,59.5,,,,,,60.5,,,71.8,0,0,0,27,0,1,23,13,0
Javon Bullard,146726,S,GEORGIA,11,0,0,173,59.9,,,,,,60.9,,,72.3,0,0,0,30,0,0,19,12,0
Kamari Lassiter,146727,CB,GEORGIA,14,0,0,173,59.9,,,,,,66.1,,,76.7,0,0,0,32,0,0,0,25,0
Chaz Chambliss,146728,ED,GEORGIA,14,0,0,173,59.6,,66.4,,,,61.8,,,74.1,0,0,18,35,0,8,29,29,0
Tyrion Ingram-Dawkins,146730,ED,GEORGIA,1,0,0,173,,,,,,,60.0,,,63.5,0,0,0,0,0,0,0,1,0
Jonathan Jefferson,146731,DI,GEORGIA,4,0,0,173,59.6,,,,,,59.8,,,63.6,0,0,0,4,0,0,0,0,0
Chauncey Magwood,146734,WR,UCF,3,0,0,323,,,,,,,65.4,,,70.9,0,0,0,0,0,24,0,0,0
Devonte Ross,146735,WR,TROY,13,0,0,318,,,,62.8,,,60.1,50.0,,64.1,0,0,0,0,0,43,0,1,0
Jai Williams,146738,ED,KENTUCKY,3,0,0,202,,,,,,,64.5,,,68.2,0,0,0,0,2,15,0,3,0
Jager Burton,146741,G,KENTUCKY,4,0,0,202,,,69.5,,,,63.4,,,63.6,0,0,18,0,0,0,0,0,0
David Wohlabaugh Jr.,146742,T,SYRACUSE,2,0,0,304,,,64.1,,,,63.1,,,70.8,0,0,14,0,0,0,0,0,0
Jordan Dingle,146743,TE,KENTUCKY,5,0,0,202,,,64.4,,,,62.1,,,63.0,0,0,14,0,0,2,0,0,0
Chris Lewis,146744,WR,TROY,5,0,0,318,,,,,,,65.7,,,72.8,0,0,0,0,0,16,0,14,0
Jordan Lovett,146745,S,KENTUCKY,11,0,0,202,59.8,,,,,,59.2,,,70.5,0,0,0,31,4,0,31,9,0
Maxwell Hairston,146746,CB,KENTUCKY,13,0,0,202,59.6,,,,,,72.2,,,77.8,1,0,0,48,0,0,49,11,4
Trevin Wallace,146747,LB,KENTUCKY,12,2,0,202,60.3,,,,,,67.8,,,71.7,0,0,0,42,0,2,33,14,0
Martez Thrower,146750,LB,KENTUCKY,9,2,0,202,60.1,,,,,,75.0,,,44.6,0,1,0,7,39,29,6,18,3
Kahlil Saunders,146752,ED,KENTUCKY,9,0,0,202,58.3,,,,,,58.5,,,66.2,0,0,0,18,0,0,0,2,0
Jamarius Dinkins,146753,DI,KENTUCKY,12,0,0,202,59.8,,74.8,,,,64.7,,,63.7,0,0,55,1,0,0,0,1,0
Wilson Berry,146754,P,KENTUCKY,13,0,0,202,,,75.0,,,,65.5,,69.0,72.6,1,2,60,0,0,0,57,0,0
Brian Thomas Jr.,146760,WR,LSU,1,0,0,211,,,,,,,60.0,,,62.1,0,0,0,0,1,0,0,0,0
Chris Hilton Jr.,146762,WR,LSU,5,0,0,211,,,,,,,64.0,,,74.7,0,0,0,0,1,32,0,13,0
Kimo Makane'ole,146767,G,LSU,2,0,0,211,,,60.0,,,,61.4,,,65.2,0,0,4,0,0,0,0,0,0
Garrett Dellinger,146770,G,LSU,13,0,0,211,,,80.4,,,,67.3,,,75.6,0,0,86,0,0,0,0,0,0
Jack Bech,146771,WR,TCU,5,0,0,305,,,,,,,58.9,,,29.4,0,1,0,0,8,31,0,0,0
Maason Smith,146774,DI,LSU,12,0,0,211,58.0,,,,,,59.4,,,71.8,0,0,0,42,1,0,1,9,0
Matthew Langlois,146775,S,LSU,1,0,0,211,,,,,,,60.2,,,62.9,0,0,0,0,2,0,0,0,0
Sage Ryan,146776,CB,LSU,13,0,0,211,60.2,,,,,,52.6,,,49.1,0,1,0,38,23,3,26,11,1
Zavier Carter,146777,ED,UNLV,10,0,0,325,59.7,,,,,,65.9,,,69.5,0,0,0,8,21,2,0,10,0
Damarius McGhee,146778,CB,KANSAS,1,0,0,198,,,,,,,61.1,,,67.4,0,0,0,0,0,0,0,5,0
Greg Penn III,146780,LB,LSU,13,0,0,211,59.7,,,,,,60.8,,,71.7,0,0,0,58,0,9,24,12,0
Sai'vion Jones,146782,ED,LSU,13,0,0,211,59.9,,78.5,,,,65.2,,,68.5,0,0,89,41,0,0,25,7,0
Landon Jackson,146784,ED,ARKANSAS,12,0,0,111,58.5,,75.2,59.9,,,71.7,,,76.7,0,0,57,65,1,68,0,13,0
Lane Blue,146786,DI,LSU,2,0,0,211,,,,,,,60.9,,,64.8,0,0,0,0,3,0,0,0,0
Matt Jayne,146788,LB,LSU,2,0,0,211,,,,,,,61.0,,,65.7,0,0,0,0,3,0,0,0,0
Gabe Leonards,146793,TE,LSU,1,0,0,211,,,,,,,60.3,,,66.2,0,0,0,0,2,0,0,0,0
Derrick Davis Jr.,146794,HB,PITTSBURGH,7,0,0,268,,,,,,,59.8,,,73.5,0,0,0,0,17,4,0,10,0
Peyton Todd,146796,P,LSU,1,0,0,211,,,60.0,,,,60.0,,,60.2,0,0,1,0,0,0,0,0,0
Jonathan Ferguson,146798,LS,LSU,1,0,0,211,,,60.0,,,0.0,28.5,,,60.8,0,0,1,0,0,0,0,0,0
Jamond Gordon,146800,ED,OLE MISS,5,0,0,226,,,62.3,,,,64.1,,,70.2,0,0,11,0,0,0,0,4,0
Solomon Landrum,146801,LS,HAWAII,13,0,0,180,,,80.4,,,39.8,59.4,,,67.5,0,0,50,0,0,0,61,0,3
Matt Jones,146805,HB,OLE MISS,12,0,0,226,,,,59.4,,,72.2,,,79.7,0,0,0,0,80,58,0,30,0
Fred McAfee,146806,HB,OLE MISS,4,0,0,226,,,,,,,71.6,,,67.9,0,0,0,0,7,4,0,0,2
Rayf Vinson,146809,WR,OLE MISS,11,0,1,226,,,,,,,43.2,,,28.6,0,1,0,0,12,1,0,29,0
Micah Pettus,146812,T,OLE MISS,9,0,0,226,,,77.9,,,,65.6,,,64.2,0,0,55,0,0,0,0,0,0
Jayden Williams,146815,T,OLE MISS,9,0,0,226,,,75.1,,,,65.5,,,73.6,0,0,57,0,0,0,0,0,0
Brandon Buckhaulter,146820,WR,UAB,8,1,0,321,,,,,,,62.2,,,79.4,0,0,0,0,10,50,9,5,0
MJ Daniels,146821,CB,SO MISS,12,0,0,296,59.6,,,,,,62.7,,,75.2,0,0,0,52,3,0,1,16,0
Trey Washington,146822,S,OLE MISS,13,0,0,226,59.8,,,,,,59.2,,,72.5,0,0,0,50,0,53,3,16,0
Tysheem Johnson,146823,CB,OREGON,14,0,0,264,60.1,,,,,,63.5,,,80.8,1,0,0,34,81,25,9,11,3
Markevious Brown,146824,CB,PURDUE,12,0,0,273,60.4,,,,,,63.1,,,73.5,0,0,0,61,0,0,0,4,0
Demarko Williams,146825,CB,OLE MISS,10,0,0,226,60.0,,,,,,53.2,,,40.5,2,1,0,6,0,23,26,16,2
Richard O'Bryant,146826,CB,OLE MISS,13,0,0,226,,,,,,,62.2,,,78.5,0,0,0,0,82,28,0,7,0
Kyndrich Breedlove,146827,CB,COLORADO,9,1,0,143,59.7,,,,,,54.6,,,77.1,1,0,0,7,33,0,41,10,1
Elijah Sabbatini,146828,S,SO MISS,4,0,0,296,60.0,,,,,,57.1,,,71.7,0,0,0,7,12,15,2,4,0
Tywone Malone Jr.,146832,DI,OHIO STATE,3,0,0,260,,,,,,,60.5,,,66.7,0,0,0,0,0,0,0,3,0
JJ Hawkins,146833,ED,COLORADO,7,0,0,143,58.9,,,,,,59.8,,,65.9,0,0,0,10,0,0,0,3,0
Caden Costa,146835,K,OLE MISS,3,0,0,226,,67.9,,,62.0,,60.0,,,65.5,0,0,7,0,2,0,0,0,0
DeShawn Page,146838,LB,MISS STATE,12,0,0,227,,,,,,,75.0,,,43.1,1,1,0,0,39,17,48,0,2
Ke'Travion Hargrove,146841,HB,MEMPHIS,10,0,0,218,,,,,,,59.3,,,73.7,0,0,0,0,2,48,6,17,0
Teddy Knox,146842,WR,SMU,12,0,0,287,,,,,,,55.9,,,52.8,3,1,0,0,63,28,25,29,5
Simeon Price,146843,HB,MISS STATE,9,0,0,227,,,,43.7,,,61.4,,,73.4,0,0,0,0,0,6,22,31,0
Gabe Cavazos Jr.,146844,T,SO MISS,2,0,0,296,,,60.0,,,,60.3,,,65.4,0,0,2,0,0,0,0,0,0
Canon Boone,146846,C,MISS STATE,4,0,0,227,,,64.7,,,,62.9,,,69.4,0,0,14,0,0,0,0,0,0
Albert Reese IV,146848,T,MISS STATE,12,0,0,227,,,74.6,,,,65.2,,,72.1,0,0,54,0,0,0,0,0,0
Antonio Harmon,146849,TE,MISS STATE,10,0,1,227,,,,52.4,,,52.5,,,28.7,0,2,0,0,0,53,0,1,0
RaRa Thomas,146850,WR,GEORGIA,3,0,0,173,,,,,,,51.1,,,66.4,0,0,0,0,8,0,3,0,0
John Lewis,146852,S,MISS STATE,12,1,0,227,,,,59.9,,,74.0,,,80.0,0,0,0,0,49,48,0,31,1
Jay Hampton,146853,CB,SO MISS,2,0,0,296,60.0,,,,,,60.7,,,66.4,0,0,0,1,0,6,0,1,0
Nic Mitchell,146854,LB,MISS STATE,12,1,0,227,,,,,,,70.6,,,79.7,0,0,0,0,53,67,6,47,3
Corey Ellington,146855,S,MISS STATE,12,0,0,227,60.5,,,,,,63.9,,,71.2,0,0,0,42,23,0,0,22,0
Ty Cooper,146856,ED,MISS STATE,12,0,0,227,,,74.7,,,,65.0,,,69.3,0,0,54,0,1,15,0,7,0
Will Hardrick,146857,CB,MIAMI OH,10,0,0,221,60.0,,,,,,64.0,,,71.1,0,0,0,4,39,0,0,14,0
Timar Rogers,146860,LB,MIDDLE TN,4,0,0,224,,,,,,,61.8,,,72.4,0,0,0,0,0,20,0,1,0
Deonte Anderson,146861,ED,MISS STATE,12,0,0,227,59.1,,,59.2,,,62.6,,,71.5,1,0,0,13,0,56,50,6,0
Marshall Nichols,146864,P,UNLV,14,0,0,325,,,68.4,,,,63.5,,64.6,71.4,1,0,85,0,0,0,52,0,0
Caimin Hayes,146869,CB,MISSOURI,12,0,0,229,,,,,,,69.3,,,74.7,0,0,0,0,2,0,0,50,0
Dominic Lovett,146872,WR,GEORGIA,11,0,0,173,,,,,,,58.8,,,71.8,0,0,0,0,0,0,24,1,0
B.J. Harris,146874,HB,C MICHIGAN,8,0,0,134,,,,,,,44.4,,,27.3,0,2,0,0,8,42,4,6,0
Christopher Kreh,146877,HB,MISSOURI,13,0,0,229,,,,,,,70.4,,,84.8,2,0,0,0,68,25,0,53,0
Connor Tollison,146881,C,MISSOURI,1,0,0,229,,,60.0,,,,60.0,,,64.0,0,0,2,0,0,0,0,0,0
Ryan Hoerstkamp,146882,TE,MISSOURI,1,0,0,229,,,60.0,,,,60.0,,,60.2,0,0,1,0,0,0,0,0,0
Dameon Wilson,146884,LB,MISSOURI,4,0,0,229,,,,,,,59.1,,,66.7,0,0,0,0,0,11,0,0,0
Daylan Carnell,146885,S,MISSOURI,13,0,0,229,60.0,,,,,,62.8,,,72.1,0,0,0,45,0,0,0,10,0
Travion Ford,146886,ED,TOLEDO,4,0,0,316,59.9,,,,,,61.1,,,65.2,0,0,0,4,0,0,0,2,0
Tyler Hibbler,146887,CB,MISSOURI,5,1,0,229,,,,,,,59.4,,,27.2,0,2,0,0,29,0,3,2,1
Zachary Lovett,146889,LB,IOWA STATE,13,0,0,193,60.0,,,,,,60.9,,,60.4,1,1,0,2,73,53,0,45,2
Arden Walker,146893,ED,COLORADO,9,0,0,143,59.0,,,,,,58.3,,,73.5,0,0,0,15,8,5,0,14,0
Jack Stonehouse,146897,P,SYRACUSE,13,0,0,304,,,62.3,,60.0,,63.5,,70.9,74.7,0,2,16,0,1,0,62,0,1
Debo Williams,146901,LB,S CAROLINA,12,0,0,289,59.9,,,,,,64.1,,,73.1,0,0,0,50,11,0,4,12,0
Marcellas Dial,146902,CB,S CAROLINA,12,0,0,289,60.2,,,,,,61.9,,,78.1,0,0,0,60,0,0,21,14,0
Isaiah Norris,146903,CB,S CAROLINA,2,0,0,289,60.0,,,,,,60.2,,,65.0,0,0,0,1,0,0,0,1,0
Bam Martin-Scott,146904,LB,S CAROLINA,9,1,0,289,60.0,,,,,,63.4,,,73.2,0,0,0,11,49,0,0,12,2
King-Demenian Ford,146905,S,S CAROLINA,12,0,0,289,,,,,,,61.5,,,79.1,1,0,0,0,59,31,7,39,0
Juju McDowell,146909,HB,S CAROLINA,10,0,0,289,,,,57.6,,,57.2,,,73.9,0,1,0,0,0,48,0,28,0
O'Mega Blake,146913,WR,S CAROLINA,1,0,0,289,,,,,,,62.2,,,70.7,0,0,0,0,0,0,0,5,0
Jordan Davis,146915,T,S ALABAMA,10,0,0,288,,,74.6,,,,64.6,,,66.1,0,0,59,0,0,0,0,0,0
JonDarius Morgan,146917,G,S CAROLINA,5,0,0,289,,,68.5,,,,63.4,,,67.0,0,0,19,0,0,0,0,0,0
Ronnie Porter,146922,LB,S CAROLINA,12,1,0,289,,,,,,,65.0,,,78.5,1,0,0,0,64,47,62,10,1
Joseph Byrnes,146923,S,S CAROLINA,3,0,0,289,60.0,,,,,,64.4,60.0,,70.8,0,0,0,1,8,0,0,11,0
Andrew Colasurdo,146924,LB,S CAROLINA,12,1,0,289,60.0,,,,,,54.8,,,33.2,0,1,0,1,63,58,0,14,0
T.J. Sanders,146925,DI,S CAROLINA,12,0,0,289,57.4,,69.6,,,,59.4,,,72.2,0,0,28,55,0,0,0,8,0
Nick Barrett,146926,DI,S CAROLINA,12,0,0,289,58.9,,76.1,,,,64.6,,,72.7,0,0,49,7,0,0,0,0,0
Andison Coby,146930,WR,INDIANA,10,0,1,190,,,,,,,70.1,,,80.4,0,1,0,0,0,57,0,21,0
Kamal Hadden,146931,CB,TENNESSEE,7,0,0,307,59.6,,,,,,60.9,,,69.2,0,0,0,15,0,0,0,3,0
William Parker,146938,T,UAB,12,0,0,321,,,74.3,,,,64.6,,,65.9,0,0,57,0,0,0,0,0,0
Christian Charles,146944,S,TENNESSEE,3,0,0,307,,,,,,,60.9,,,67.1,0,0,0,0,2,4,3,2,0
De'Shawn Rucker,146945,S,TENNESSEE,4,0,0,307,,,,,,,74.6,,,74.5,0,0,0,0,8,7,13,17,0
Aaron Willis,146946,LB,HOUSTON,12,1,0,182,,,,57.5,,,66.9,,,50.2,0,1,0,0,37,71,0,32,0
Jerrod Gentry,146947,CB,BUFFALO,2,0,0,126,,,,,,,63.7,,,64.7,0,0,0,0,1,0,0,8,0
Amari McNeill,146950,DI,COLORADO,10,0,0,143,57.7,,,,,,59.8,,,77.4,0,0,0,33,0,0,0,13,0
Patrick Smith,146956,HB,VANDERBILT,1,0,0,333,,,,,,,59.9,,,65.7,0,0,0,0,0,7,0,0,0
Gunnar Hansen,146959,T,VANDERBILT,4,0,0,333,,,67.5,,,,63.4,,,71.3,0,0,19,0,0,0,0,0,0
Delfin Xavier Castillo,146960,G,VANDERBILT,12,0,0,333,,,75.4,,,,64.8,,,63.9,0,0,40,0,0,0,0,0,0
Charlie Clark,146961,T,VANDERBILT,11,0,0,333,,,70.5,,,,64.4,,,71.9,0,0,31,0,0,0,0,0,0
Gage Pitchford,146963,G,VANDERBILT,12,0,0,333,,,74.4,,,,65.1,,,72.3,0,0,39,0,0,0,0,0,0
Gamarion Carter,146964,WR,VANDERBILT,9,0,0,333,,,,,,,63.5,,,73.7,0,0,0,0,11,0,28,2,2
John Howse IV,146966,S,VANDERBILT,11,0,0,333,59.7,,,,,,66.7,,,76.2,0,0,0,21,26,26,0,28,0
Miles Capers,146967,ED,VANDERBILT,11,0,0,333,58.9,,,,,,65.4,,,68.4,0,0,0,22,30,0,0,3,1
Marlen Sewell,146968,S,VANDERBILT,12,0,0,333,59.7,,,,,,61.8,,,71.8,0,0,0,27,0,0,0,32,0
Tyson Russell,146969,CB,VANDERBILT,12,0,0,333,59.8,,,,,,64.2,,,79.7,0,0,0,44,23,0,33,43,1
Alan Wright,146971,CB,VANDERBILT,12,0,0,333,60.1,,,,,,30.0,,,28.3,0,2,0,10,42,0,7,39,2
CJ Taylor,146972,LB,VANDERBILT,9,0,2,333,60.1,,,,,,40.7,,,27.0,1,2,0,43,16,1,0,5,2
Devin Lee,146975,DI,VANDERBILT,12,0,0,333,58.0,,,,,,58.6,,,69.5,0,0,0,40,0,0,0,6,0
Marcus Bradley,146977,ED,UMASS,8,0,0,216,58.9,,,,,,59.0,,,66.4,0,0,0,26,0,0,0,0,0
Terion Sugick,146979,DI,ARK STATE,2,0,0,113,59.0,,,,,,59.2,,,64.6,0,0,0,8,0,0,0,0,0
Will Faris,146980,K,VANDERBILT,12,0,0,333,,,,,70.7,,63.3,,,76.9,2,0,0,0,55,0,0,0,2
Tunmise Adeleye,146982,ED,MICH STATE,4,0,0,223,59.2,,,,,,60.3,,,66.2,0,0,0,10,0,0,0,4,0
Randy Bond,146983,K,TEXAS A&M,13,1,0,312,,87.0,,,81.8,,63.8,,,75.7,1,0,83,0,66,0,0,0,1
Marcus Burris Jr.,146987,DI,INDIANA,12,0,1,190,68.9,,60.0,,,,68.3,,,29.1,0,1,1,53,0,0,0,8,0
Tyreek Chappell,146989,CB,TEXAS A&M,10,0,0,312,60.3,,,,,,62.9,,,72.5,0,0,0,32,0,0,0,11,0
Dametrious Crownover,146990,T,TEXAS A&M,13,0,0,312,,,79.1,,,,55.6,,,28.1,0,2,84,0,0,0,0,0,0
Reuben Fatheree II,146992,T,TEXAS A&M,4,0,0,312,,,14.9,,,,28.6,,,71.1,0,0,25,0,0,0,0,0,0
Fernando Garza III,146996,TE,TEXAS A&M,2,0,0,312,,,65.0,,,,62.4,,,61.1,0,0,15,0,0,0,0,0,0
Jardin Gilbert,146997,S,TEXAS A&M,2,0,0,312,60.0,,,,,,61.2,,,67.9,0,0,0,6,0,0,5,6,0
Deuce Harmon,146998,CB,TEXAS A&M,11,0,0,312,60.0,,,,,,70.1,,,81.7,0,0,0,23,18,34,33,46,2
Elijah Jeudy,147001,DI,NEBRASKA,11,0,0,238,79.2,,,,,,62.6,,,68.7,0,0,0,24,0,0,17,2,0
LJ Johnson Jr.,147003,HB,SMU,2,0,0,287,,,,,,,62.7,,,70.3,0,0,0,0,0,6,0,4,0
Sam Mathews,147004,S,TEXAS A&M,13,0,0,312,60.0,,,,,,88.9,,,88.4,3,0,0,6,90,62,40,63,9
Drey Norwood,147007,CB,MISSOURI,11,0,0,229,59.7,,,,,,71.4,,,76.3,0,0,0,16,16,0,2,31,0
Albert Regis,147009,DI,TEXAS A&M,12,0,1,312,57.5,,,,,,56.1,,,29.2,0,1,0,42,0,39,4,6,0
Will Smoot,147011,CB,TEXAS A&M,2,0,0,312,,,,,,,65.1,,,64.0,0,0,0,0,1,2,0,0,1
Jordan Spasojevic-Moko,147012,G,TEXAS A&M,1,0,0,312,,,64.2,,,,62.5,,,68.1,0,0,9,0,0,0,0,0,0
Remington Strickland,147014,G,TEXAS A&M,9,0,0,312,,,24.5,,,,43.5,,,65.9,0,0,48,0,0,0,0,0,0
Caleb Surber,147015,CB,TEXAS A&M,1,0,0,312,,,,,,,60.0,,,62.1,0,0,0,0,1,0,0,0,0
Kason Tullos,147016,LB,TEXAS A&M,1,0,0,312,,,,,,,60.4,,,63.3,0,0,0,0,2,0,0,0,0
Matthew Wykoff,147018,G,CAL,13,0,0,130,,,74.8,,,,64.7,,,66.1,0,0,61,0,0,0,0,0,0
Dalton Stroman,147022,WR,APP STATE,9,0,0,108,59.6,,,,,,49.0,,,29.8,0,1,0,1,1,43,0,0,0
Troy Everett,147024,G,OKLAHOMA,2,0,0,261,,,66.8,,,,50.8,,,26.4,0,1,14,0,0,0,0,0,0
Jaden Lindsay,147027,G,APP STATE,4,0,0,108,,,24.4,,,,42.2,,,63.4,0,0,26,0,0,0,0,0,0
Jordan Favors,147032,S,APP STATE,14,1,0,108,81.1,,,,,,66.2,,,74.2,2,0,0,45,78,2,0,19,1
Caden Sullivan,147035,LB,APP STATE,14,0,0,108,60.4,,,,,,55.3,,,76.8,1,0,0,43,0,15,54,8,0
Trevor Moffitt,147036,LB,APP STATE,9,1,1,108,,,,,,,46.3,,,29.3,3,1,0,0,46,7,0,3,3
Kyle Arnholt,147038,LB,APP STATE,14,1,0,108,59.7,,,,,,51.0,,,58.9,1,1,0,37,87,35,54,19,3
Michael Hughes,147041,K,APP STATE,14,0,0,108,,88.3,,,72.7,,64.2,,,77.6,0,0,76,0,88,0,0,0,1
Emmanual Stevenson,147045,TE,ARK STATE,8,0,0,113,,,70.7,,,,67.5,,,68.2,0,0,33,0,0,48,0,0,0
Reagan Ealy,147050,WR,ARK STATE,13,0,0,113,,,,68.2,,,68.1,,,84.0,0,0,0,0,4,76,0,3,1
Noah Smith,147054,T,ARK STATE,13,0,0,113,,,73.8,,,,64.5,,,65.7,0,0,54,0,0,0,0,0,0
Mehki Butler,147056,G,ARK STATE,7,0,0,113,,,74.8,,,,64.7,,,63.8,0,0,37,0,0,0,0,0,0
Makilan Thomas,147058,T,ARK STATE,13,0,0,113,,,78.0,,,,66.3,,,74.3,0,0,63,0,0,0,0,0,0
Torren Coppage-El,147061,ED,HOUSTON,8,0,0,182,,,,,,,65.3,,,72.6,0,0,0,0,0,0,0,23,0
Dennard Flowers,147062,ED,ARK STATE,13,0,0,113,64.5,,,,,,60.1,,,28.4,0,1,0,38,0,0,0,2,0
Leon Jones Jr.,147063,CB,ARK STATE,12,0,0,113,59.6,,,,,,62.1,,,72.7,0,0,0,41,0,0,0,10,0
Justin Parks,147066,S,ARK STATE,8,0,0,113,59.5,,,,,,60.7,,,65.7,0,0,0,38,0,1,4,9,0
Cam Jeffery,147068,LB,ARK STATE,8,2,0,113,60.3,,,,,,67.1,,,74.8,1,0,0,15,48,17,35,11,2
Andrew Agapos,147069,LB,ARK STATE,13,1,0,113,,,,,,,70.3,,,43.8,1,1,0,0,51,77,0,1,1
Ethan Hassler,147070,ED,ARK STATE,7,0,0,113,58.4,,,,,,58.8,,,65.8,0,0,0,14,0,2,0,2,0
Tim Hardiman,147074,DI,ARK STATE,12,0,0,113,58.3,,,,,,59.7,,,69.9,0,0,0,48,0,0,0,12,0
Aidan Ellison,147076,K,ARK STATE,2,0,0,113,,,,,58.3,,60.0,,,66.0,0,0,0,0,2,0,0,0,0
Shai Kochav,147078,LS,LOUISVILLE,14,0,0,210,,,86.3,,,60.3,63.8,,,67.1,1,0,75,0,0,0,56,0,1
Max Balthazar,147080,HB,COAST CAR,2,0,1,141,,,,57.5,,,30.4,,,25.0,0,1,0,0,0,8,0,0,0
Jared Brown,147081,WR,COAST CAR,12,0,0,141,,,,,,,46.4,53.1,,28.1,0,1,0,0,1,2,0,30,0
Kyre Duplessis,147082,WR,COAST CAR,13,0,0,141,,,,,,,62.9,,,42.4,0,1,0,0,40,25,40,3,1
Anthony Walton,147087,G,COAST CAR,13,0,0,141,,,67.3,,,,62.6,,,66.1,0,0,68,0,0,0,0,0,0
Chris Rhone,147089,WR,COAST CAR,2,0,0,141,,,,,,,57.2,,,72.9,0,0,0,0,10,11,0,0,0
Jameson Tucker,147090,WR,COAST CAR,13,1,0,141,,,,,,,60.9,,,75.4,0,0,0,0,1,13,26,33,0
Josaiah Stewart,147092,ED,MICHIGAN,1,0,0,222,,,,,,,60.9,,,66.4,0,0,0,0,0,0,0,3,0
Tobias Fletcher,147094,S,COAST CAR,13,2,0,141,59.9,,,,,,65.5,64.5,,68.0,0,0,0,35,35,0,0,18,0
Dre Pinckney,147095,S,COAST CAR,12,0,0,141,59.9,,,,,,78.0,,,81.3,0,0,0,4,9,41,32,32,4
Charles Arnold,147096,S,COAST CAR,13,0,0,141,60.0,,,,,,64.6,,,78.1,0,0,0,2,69,26,4,37,1
Jacob Proche,147097,CB,COAST CAR,4,0,0,141,60.0,,,,,,54.1,,,28.5,0,1,0,2,4,6,0,8,0
Joah Cash,147099,ED,COAST CAR,7,0,0,141,59.2,,,61.8,,,73.1,,,28.9,0,1,0,7,26,31,0,6,1
Tre Pinkney,147100,LB,COAST CAR,7,1,0,141,59.9,,,,,,65.4,,,29.0,2,1,0,4,38,23,17,1,1
Liam Gray,147104,K,COAST CAR,13,0,0,141,,63.3,,,79.8,,63.8,,,77.0,0,1,29,0,72,0,0,0,0
Kade Hensley,147105,K,COAST CAR,9,0,0,141,,78.8,,,,,61.1,,,66.4,0,0,39,0,0,0,0,0,0
John Kirkpatrick,147106,LS,COAST CAR,1,0,0,141,,,58.2,,,0.0,29.5,,,63.0,0,0,5,0,0,0,3,0,0
Mack West,147107,P,COAST CAR,12,0,0,141,,,67.4,,,,62.3,,,61.2,0,0,66,0,0,0,0,0,0
Derwin Burgess Jr.,147111,WR,GA SOUTHRN,3,0,0,174,,,,,,,60.3,,,63.7,0,0,0,0,1,2,0,0,0
Andrew Douglas,147112,LB,GA SOUTHRN,3,0,0,174,,,,,,,61.3,,,68.2,0,0,0,0,0,1,1,8,0
Caleb Cook,147118,G,GA SOUTHRN,2,0,0,174,,,63.1,,,,62.1,,,62.3,0,0,7,0,0,0,0,0,0
Evan Lester,147120,TE,GA SOUTHRN,7,0,0,174,,,62.9,,,,76.7,,,73.0,0,0,11,0,29,45,2,3,1
Tyrell Davis,147124,S,GA SOUTHRN,13,1,0,174,60.2,,,,,,66.5,,,69.3,0,0,0,43,2,11,7,8,1
Isaac Walker,147125,ED,GA SOUTHRN,11,0,0,174,59.5,,,,,,62.0,,,68.4,0,0,0,40,0,0,0,14,0
Justin Meyers,147126,S,GA SOUTHRN,8,0,0,174,60.5,,,,,,64.6,,,71.7,0,0,0,16,25,0,16,8,1
Mike Edwards III,147127,LB,E CAROLINA,11,0,0,156,59.7,,,,,,58.1,,,71.4,1,0,0,32,9,0,31,0,1
Davion Rhodes,147130,ED,GA SOUTHRN,13,0,0,174,59.1,,,59.9,,,63.7,,,71.4,0,0,0,28,6,1,0,20,0
Dale Martin,147140,WR,LA LAFAYET,1,0,0,207,,,,,,,61.1,,,67.9,0,0,0,0,0,0,0,3,0
Montrell Johnson Jr.,147141,HB,FLORIDA,1,0,0,163,,,,,,,60.0,,,64.2,0,0,0,0,0,2,0,0,0
Kendrell Williams,147142,HB,LA LAFAYET,1,0,0,207,,,,,,,60.0,,,62.3,0,1,0,0,1,0,0,0,0
Dre Washington,147143,HB,LA LAFAYET,1,0,0,207,,,,,,,44.4,,,65.6,0,1,0,0,0,0,0,3,0
Terrence Williams,147144,HB,LA LAFAYET,5,0,0,207,,,,,,,71.4,,,76.3,1,0,0,0,8,6,18,27,0
Trayv'on Culbert,147145,WR,LA LAFAYET,1,0,0,207,,,,,,,61.5,,,68.4,0,0,0,0,0,0,0,3,0
Mackey Maillho,147151,G,LA LAFAYET,13,0,0,207,,,78.7,,,,66.6,,,74.6,0,0,69,0,0,0,0,0,0
George Jackson,147152,T,LA LAFAYET,11,0,0,207,,,74.0,,,,64.5,,,65.7,0,0,55,0,0,0,0,0,0
Kamryn Waites,147153,T,FLORIDA,8,0,0,163,,,74.8,,,,64.7,,,64.7,0,0,41,0,0,0,0,0,0
K.C. Ossai,147158,LB,LA LAFAYET,12,0,0,207,59.7,,,,,,60.8,,,66.8,0,0,0,47,0,6,5,3,0
Tyrone Lewis Jr.,147159,S,LA LAFAYET,13,0,0,207,59.7,,,,,,57.7,,,70.3,0,0,0,33,1,0,50,2,0
Cejae Ceasar,147160,S,LA LAFAYET,7,0,0,207,60.0,,,,,,57.0,,,72.3,0,0,0,3,10,2,0,12,1
Jalen Clark,147161,S,LA LAFAYET,13,0,0,207,59.8,,,,,,60.6,,,31.9,1,2,0,13,61,54,43,34,3
Key'Savalyn Barnes,147162,S,LA LAFAYET,9,0,1,207,59.9,,,,,,68.5,,,46.6,0,2,0,1,42,33,2,10,2
Kendre' Gant,147163,LB,LA LAFAYET,10,0,0,207,59.9,,,,,,61.1,,,71.7,0,0,0,16,5,1,11,2,0
Cameron Whitfield,147164,ED,LA LAFAYET,13,0,0,207,58.5,,,,,,51.8,,,28.9,0,1,0,54,0,7,0,6,0
Cam George,147165,ED,LA LAFAYET,11,0,0,207,59.8,,,,,,56.5,,,68.6,0,1,0,1,0,44,0,0,0
Jake St. Andre,147166,LB,LA LAFAYET,2,0,0,207,60.0,,,,,,68.7,,,68.7,0,0,0,1,8,4,6,10,0
Justin Agu,147169,CB,LA LAFAYET,8,0,0,207,59.5,,,,,,60.5,,,68.2,0,0,0,27,0,0,0,1,0
Nijel McGriff,147171,DI,LA LAFAYET,9,0,0,207,58.3,,,,,,58.7,,,70.3,0,0,0,18,0,0,0,1,0
Hunter Sims,147173,LS,LA LAFAYET,2,0,0,207,,,60.0,,,68.5,61.5,,,61.4,0,0,3,0,0,0,0,0,0
Peyton Dunn,147180,G,HOUSTON,12,0,0,182,,,74.4,,,,65.5,,,74.2,0,0,49,0,0,0,0,0,0
Justin Kimber,147184,WR,LA MONROE,1,0,0,209,,,60.0,,,,60.9,,,63.6,0,0,4,0,0,0,0,0,0
Andrew Wells,147197,LS,LA MONROE,1,0,0,209,,,,,,75.6,55.9,,,61.9,0,0,0,0,0,0,1,0,0
Jay'juan Townsend,147198,WR,S ALABAMA,12,0,0,288,,,,,,,66.1,,,34.1,0,1,0,0,0,0,23,28,1
Adrein Strickland,147205,T,S ALABAMA,13,0,0,288,,,76.5,,,,66.1,,,76.7,0,0,67,0,0,0,0,0,0
Reid Gavin,147206,T,S ALABAMA,13,0,0,288,,,76.6,,,,58.4,,,28.6,0,1,69,0,0,0,0,0,0
Lincoln Sefcik,147209,TE,S ALABAMA,9,0,0,288,,,,,,,62.7,,,29.1,0,1,0,0,18,37,28,0,3
Lamondre Brooks,147211,ED,S ALABAMA,4,0,0,288,59.5,,,,,,63.6,,,65.4,0,0,0,4,4,0,0,1,0
Trey Kiser,147212,LB,S ALABAMA,12,0,1,288,59.6,,,,,,55.0,,,71.6,1,1,0,34,38,2,20,2,1
Dalton Hughes,147217,ED,S ALABAMA,13,1,0,288,59.7,,,,,,79.2,,,86.8,0,0,0,1,84,24,24,48,6
Cole Daniels,147220,DI,DOMINION,9,0,0,263,58.5,,,,,,59.3,,,65.6,0,0,0,11,0,0,9,2,0
Ashtyn Hawkins,147222,WR,TEXAS ST,9,0,0,314,,,,61.8,,,53.2,,,68.5,1,0,0,0,2,7,6,0,0
Ronnie Hamrick,147229,S,TEXAS ST,11,0,0,314,60.0,,,,,,45.0,,,76.6,1,1,0,10,62,16,15,26,3
DeMarrquese Hayes,147240,CB,TEXAS ST,6,0,0,314,59.9,,,,,,64.7,,,74.3,1,0,0,1,33,25,0,0,2
Mason Shipley,147243,K,TEXAS ST,13,0,0,314,,82.9,,,59.1,,62.4,,,70.8,0,0,74,0,20,0,0,0,1
Deshon Stoudemire,147246,WR,TROY,4,0,0,318,,,,,,,58.8,61.9,,65.5,0,0,0,0,0,2,1,2,0
Peyton Higgins,147247,WR,TROY,14,0,0,318,,,,59.9,,,55.3,,,84.8,2,1,0,0,77,56,47,46,1
Jarris Williams,147249,HB,TROY,10,0,0,318,,,,,,,56.3,,,75.4,2,0,0,0,52,1,13,18,2
Damien Taylor,147252,HB,TROY,12,0,0,318,,,,63.5,,,63.3,,,76.0,1,0,0,0,19,43,39,2,1
Clayton Ollendieck,147263,TE,TROY,13,0,0,318,,,76.7,,,,63.9,,,66.9,0,0,70,0,0,8,50,0,0
Caleb Ransaw,147264,CB,TROY,14,0,0,318,59.8,,,,,,59.8,,,69.6,0,0,0,29,0,0,5,17,0
John Butler,147266,S,TROY,11,0,0,318,,,,,,,40.2,,,79.5,3,0,0,0,63,4,0,31,1
Phillip Lee,147269,ED,TROY,8,0,0,318,59.4,,,,,,56.5,,,28.5,0,2,0,9,18,0,21,14,0
Jordan Stringer,147271,LB,TROY,14,0,0,318,59.3,,,,,,67.1,,,71.4,0,0,0,25,0,12,16,20,0
Julian Peterson,147274,DI,TROY,13,0,0,318,59.2,,,,,,60.8,,,66.5,0,0,0,2,0,0,47,1,0
Scott Taylor Renfroe,147275,K,TROY,14,0,0,318,,80.0,,,56.6,,61.8,,,68.4,0,0,74,0,4,0,0,0,0
Zach Long,147276,K,TROY,14,0,0,318,,,,,84.4,,64.0,,,78.8,0,0,0,0,78,0,0,0,1
Buck Cooper,147280,CB,GA STATE,7,0,0,175,,,,,,,51.5,,,75.9,1,0,0,0,12,0,21,7,0
Montavious Cunningham,147281,T,GA STATE,11,0,0,175,,,73.9,,,,64.7,,,74.0,0,0,45,0,0,0,27,0,0
Chris Davis Jr.,147283,ED,GA STATE,13,0,0,175,60.0,,,,,,66.9,,,72.5,0,0,0,10,4,71,0,1,0
Tylon Dunlap,147285,DI,GA STATE,8,0,0,175,58.9,,,,,,60.2,,,67.6,0,0,0,17,0,0,0,6,0
Evan Graham,147287,LB,GA STATE,4,0,0,175,,,,,,,56.0,,,69.5,0,0,0,0,22,9,0,5,1
Jordan Jones,147289,S,GA STATE,6,2,0,175,,,,,,,84.4,,,73.3,1,0,0,0,28,7,25,9,6
Fuches Lewis II,147291,DI,GA STATE,9,0,0,175,58.4,,63.4,,,,59.4,,,68.0,0,0,8,31,0,0,2,0,0
Tristan Lyon,147292,K,GA STATE,1,0,0,175,,,,,,,60.0,,60.0,64.0,0,0,0,0,0,0,1,0,0
Tony McCray Jr.,147293,CB,GA STATE,12,1,0,175,59.9,,,,,,60.1,,,73.5,1,0,0,5,59,0,11,14,0
Miles Stewart,147306,HB,ARMY,5,0,0,114,,,,58.7,,,62.5,,,66.3,0,0,0,0,14,3,0,0,0
Markel Johnson,147308,HB,ARMY,11,0,0,114,,,,53.5,,,64.3,,,68.2,0,0,0,0,0,47,0,0,0
Jarel Dickson,147310,HB,ARMY,8,0,0,114,,,,,,,58.5,,,69.0,0,0,0,0,0,30,0,0,0
AJ Williams,147311,TE,ARMY,3,0,0,114,,,,,,,57.7,,,66.9,0,0,0,0,0,8,0,0,0
Cam Schurr,147312,WR,ARMY,1,0,0,114,,,,,,,61.7,,,62.9,0,0,0,0,2,0,0,0,0
Casey Reynolds,147315,WR,ARMY,10,0,0,114,,,,,,,58.0,,,72.0,0,0,0,0,0,42,7,0,0
David Hoyt,147325,T,ARMY,1,0,0,114,,,60.0,,,,60.0,,,62.1,0,0,2,0,0,0,0,0,0
Will Montesi,147328,TE,ARMY,12,0,0,114,,,60.0,,,,72.4,,,69.0,0,0,5,0,0,49,0,0,0
Tommy Zitiello,147329,S,ARMY,11,0,0,114,60.0,,,,,,69.2,,,72.1,0,0,0,2,44,25,7,10,2
Chance Keith,147333,LB,ARMY,8,0,0,114,60.0,,,,,,51.2,60.0,,28.6,0,1,0,2,11,11,10,14,0
Josiah Banks,147337,CB,ARMY,4,0,0,114,,,,,,,53.5,,,70.0,1,0,0,0,16,0,0,0,0
Max DiDomenico,147338,S,ARMY,11,1,0,114,59.8,,,,,,65.9,,,76.0,0,0,0,31,0,4,32,6,0
Adam Cash,147339,LB,ARMY,12,0,0,114,,,,,,,66.2,,,29.8,1,1,0,0,49,45,37,0,2
Shepherd Bowling,147341,S,RICE,6,0,1,275,60.0,,,,,,45.2,,,28.4,0,1,0,1,11,15,0,13,0
Blane Cleaver,147342,WR,ARMY,5,0,0,114,,,,,,,60.9,,,68.4,0,0,0,0,0,10,0,2,0
Tyler Rafferty,147344,ED,ARMY,1,0,0,114,59.4,,,,,,59.6,,,62.5,0,0,0,2,0,0,0,0,0
Camden Vining,147345,LB,UCF,4,0,0,323,,,,,,,38.7,,,69.3,0,0,0,0,5,5,2,1,0
Brett Gerena,147346,LB,ARMY,12,0,0,114,60.0,,,,,,84.2,,,76.1,0,0,0,3,45,0,44,24,3
Kalvyn Crummie,147348,LB,ARMY,2,0,0,114,60.0,,,,,,58.5,,,66.4,0,0,0,1,1,15,0,0,0
Damon Washington,147349,CB,ARMY,12,0,0,114,60.0,,,,,,61.4,,,75.6,0,0,0,2,0,0,0,34,0
Lucas Scott,147358,G,ARMY,10,0,0,114,,,75.9,,,,65.0,,,64.0,0,0,43,0,0,0,0,0,0
David Crossan,147360,TE,ARMY,2,0,0,114,,,61.4,,,,62.1,,,62.5,0,0,12,0,0,0,0,0,0
Trey Sofia,147362,ED,ARMY,12,0,0,114,80.1,,72.6,,,,84.8,,,69.7,0,0,43,29,0,0,3,4,0
Dre Miller,147363,DI,ARMY,4,0,0,114,59.4,,,,,,60.0,,,64.4,0,0,0,4,0,0,0,1,0
Kyle Lewis,147364,DI,ARMY,10,0,0,114,57.9,,,,,,59.4,,,75.2,0,0,0,20,0,0,0,6,0
Keelan Marion,147370,WR,BYU,9,0,0,128,,,,63.5,,,60.3,,,64.4,0,0,0,0,0,57,0,0,0
Aaron Turner,147371,WR,CINCINNATI,11,0,0,138,,,,,,,81.2,,,29.6,0,1,0,0,1,0,38,0,5
Darius Bush,147372,WR,GA STATE,5,0,0,175,,,,,,,53.7,,,29.9,2,1,0,0,0,0,22,16,2
Devontae Houston,147375,HB,UCONN,1,0,0,146,,,,,,,60.0,,,62.4,0,0,0,0,1,0,0,0,0
Brian Brewton,147377,HB,UCONN,2,0,0,146,,,,54.8,,,60.2,,,62.7,0,0,0,0,0,10,0,0,0
Christopher Fortin,147384,G,UCONN,12,0,0,146,,,72.1,,,,64.8,,,72.4,0,0,38,0,0,0,0,0,0
Danny Antolovich,147388,T,UCONN,8,0,0,146,,,70.4,,,,53.9,,,27.5,0,1,32,0,0,0,0,0,0
Brandon Niemenski,147390,TE,UCONN,7,0,0,146,,,21.7,,,,33.9,,,63.4,0,0,21,0,1,2,0,0,0
Malcolm Bell,147394,CB,UCONN,12,0,1,146,59.6,,,,,,50.9,,,29.7,1,1,0,34,50,0,0,18,1
Tui Faumuina-Brown,147395,LB,UCONN,12,0,0,146,59.8,,,,,,60.9,,,68.1,0,0,0,62,1,5,3,5,0
Stan Cross,147396,S,UCONN,4,0,0,146,59.7,,,,,,59.8,,,64.3,0,0,0,14,1,3,0,0,0
Durante Jones,147397,S,UCONN,12,1,0,146,59.9,,,,,,48.3,,,29.5,0,2,0,52,50,0,0,22,2
Alfred Chea,147399,S,UCONN,12,0,0,146,60.0,,,,,,56.3,,,84.0,5,0,0,1,50,67,61,42,2
Desmond Fogle,147400,LB,UCONN,9,1,0,146,,,,,,,71.3,,,77.9,1,0,0,0,37,43,0,14,1
Carter Hooper,147404,ED,UCONN,6,0,0,146,59.4,,,,,,59.8,,,65.9,0,0,0,13,0,0,0,0,0
Langston Hardy,147407,ED,UCONN,7,0,0,146,59.1,,,,,,64.7,,,70.1,0,0,0,4,8,0,0,14,0
Pryce Yates,147408,ED,UCONN,12,0,0,146,58.5,,,,,,65.6,,,68.7,0,0,0,49,0,0,61,5,2
Collin McCarthy,147409,ED,UCONN,6,0,0,146,59.1,,,,,,59.1,,,64.0,0,0,0,9,0,0,0,0,0
Nick Harris,147410,TE,UCONN,8,0,0,146,,,69.7,,,,63.4,,,62.4,0,0,29,0,0,0,0,0,0
Joe McFadden,147412,K,UCONN,10,0,0,146,,65.7,,,67.7,,63.1,,,74.2,0,0,36,0,46,0,0,0,3
Noe Ruelas,147413,K,UCONN,4,0,0,146,,67.9,,,69.9,,60.3,,,67.3,0,0,7,0,5,0,0,0,0
Eni Falayi,147417,TE,UMASS,12,0,0,216,,,73.5,,,,78.7,,,81.6,0,0,48,0,3,78,22,39,1
Ryan Mosesso,147426,G,UMASS,4,0,0,216,,,66.5,,,,63.0,,,66.7,0,0,18,0,0,0,0,0,0
Dorian Helm,147431,S,UMASS,4,1,0,216,,,,,,,55.3,,,28.7,0,1,0,0,21,13,9,17,2
Dominic Schofield,147434,LB,UMASS,11,0,0,216,60.3,,,,,,59.8,,,68.7,0,0,0,28,0,1,0,0,0
Jason Weir,147435,TE,UMASS,12,0,0,216,,,60.4,59.9,,,66.3,,,72.4,0,0,8,0,0,78,0,0,0
Louce Julien,147436,ED,UMASS,12,0,0,216,58.7,,,,,,58.9,,,67.4,0,0,0,37,0,1,0,0,0
Jordan Mahoney,147438,CB,UMASS,7,0,0,216,59.5,,,,,,61.0,,,70.8,0,0,0,38,0,0,0,0,0
Aquan Robinson,147440,ED,UMASS,1,0,0,216,59.8,,,,,,60.0,,,62.7,0,0,0,1,0,0,0,0,0
Ethan Dumont,147441,LS,UMASS,11,0,0,216,,,74.2,,,68.2,58.4,,,29.2,3,1,48,0,0,0,39,0,2
CJ Kolodziey,147443,P,UMASS,11,0,0,216,,,66.2,,68.7,,50.7,,38.6,39.0,1,2,48,0,51,0,52,0,2
J.J. Dervil,147445,S,NEW MEX ST,15,0,0,242,59.8,,,,,,63.0,,,80.7,1,0,0,30,81,7,52,26,4
PJ Johnson III,147450,WR,NEW MEX ST,2,0,0,242,,,,,,,59.8,,,64.1,0,0,0,0,0,1,1,0,0
Ethan Singleton,147459,WR,NEW MEX ST,1,0,0,242,,,,,,,53.3,,,66.3,0,0,0,0,6,0,0,3,0
Syrus Dumas,147461,CB,UTSA,4,0,0,331,,,,,,,59.4,,,73.1,0,0,0,0,3,0,12,9,0
Dylan Early,147464,S,NEW MEX ST,14,0,0,242,60.0,,,,,,59.1,,,68.0,1,0,0,30,22,0,1,8,1
Ivan Escobar,147467,C,UTEP,12,0,0,330,,,73.0,,,,62.0,,,67.4,1,0,44,0,0,0,52,0,0
Deion Colzie,147473,WR,NOTRE DAME,4,0,0,258,,,,,,,56.7,,,70.5,0,0,0,0,0,12,3,0,0
Lorenzo Styles Jr.,147474,S,OHIO STATE,6,0,0,260,,,,,,,50.8,50.0,,76.8,1,0,0,0,22,6,17,20,0
Audric Estime,147476,HB,NOTRE DAME,5,0,0,258,,,,,,,56.8,,,66.7,0,0,0,0,0,11,0,0,0
Sam Assaf,147477,HB,NOTRE DAME,1,0,0,258,,,,,,,60.0,,,64.9,0,0,0,0,0,0,0,1,0
Rocco Spindler,147478,G,NOTRE DAME,10,0,0,258,,,75.8,,,,65.9,,,76.5,0,0,61,0,0,0,0,0,0
Blake Fisher,147479,T,NOTRE DAME,12,0,0,258,,,76.8,,,,65.2,,,66.5,0,0,77,0,0,0,0,0,0
Caleb Johnson,147480,T,SMU,9,0,0,287,,,72.8,,,,64.8,,,74.5,0,0,40,0,0,0,0,0,0
Joe Alt,147481,T,NOTRE DAME,12,0,0,258,,,77.7,,,,65.5,,,65.3,0,0,78,0,0,0,0,0,0
Jayden Thomas,147485,WR,NOTRE DAME,6,0,0,258,,,,,,,57.7,,,71.8,0,0,0,0,0,20,0,0,0
Mitchell Evans,147486,TE,NOTRE DAME,8,0,0,258,,,73.2,,,,64.1,,,63.4,0,0,45,0,0,1,0,0,0
Ryan Barnes,147487,CB,NOTRE DAME,1,0,0,258,,,,,,,60.6,,,66.1,0,0,0,0,0,0,0,3,0
JoJo Johnson,147488,CB,INDIANA,11,5,0,190,59.8,,,,,,69.9,,,78.1,3,0,0,5,29,4,47,5,4
Khari Gee,147491,S,GA TECH,1,0,0,176,,,,,,,44.3,,,65.7,1,0,0,0,7,0,0,0,1
Davis Sherwood,147493,TE,NOTRE DAME,13,0,1,258,,,29.9,,,,59.9,,,70.2,1,1,87,0,4,51,40,0,0
Jason Onye,147496,DI,NOTRE DAME,12,0,0,258,82.8,,,,,,90.4,,,71.8,0,0,0,44,0,0,40,2,1
Gabriel Rubio,147499,DI,NOTRE DAME,1,0,0,258,59.3,,,,,,60.0,,,64.0,0,0,0,1,0,0,0,1,0
Talan Alfrey,147503,S,BYU,3,0,0,128,59.8,,,,,,61.6,,,66.1,0,0,0,12,0,0,0,9,0
Campbell Barrington,147505,T,BAYLOR,12,0,0,118,,,72.2,,,,64.1,,,65.2,0,0,44,0,0,0,0,0,0
Ethan Erickson,147507,TE,BYU,7,0,0,128,,,,,,,51.1,,,72.5,1,0,0,0,7,37,0,8,0
Tyler Little,147516,T,BYU,3,0,0,128,58.5,,,,,,59.0,,,65.1,0,0,0,12,0,0,9,0,0
Blake Mangelson,147517,ED,BYU,12,0,0,128,59.0,,66.0,,,,62.1,,,72.1,0,0,19,31,0,0,0,6,0
John Nelson,147520,DI,BYU,7,0,0,128,58.4,,69.7,,,,39.7,,,72.1,0,0,29,15,0,0,35,4,0
Chase Roberts,147528,WR,BYU,2,0,0,128,,,,61.8,,,60.0,,,65.5,0,0,0,0,0,1,0,0,0
Ethan Slade,147532,S,BYU,11,0,0,128,59.7,,,,,,64.2,,,71.1,0,0,0,42,0,0,11,13,0
Tanner Wall,147534,S,BYU,5,0,0,128,59.7,,,,,,73.7,,,74.6,1,0,0,13,14,15,24,22,3
Andrew Adair,147536,DI,CHARLOTTE,12,0,0,136,59.7,,72.2,,,,55.1,,,29.8,1,1,37,2,0,0,62,0,0
Daijahn Anthony,147537,S,OLE MISS,13,0,0,226,59.7,,,,,,62.3,,,69.8,0,0,0,46,7,0,3,17,0
Kylen Austin,147538,WR,LIBERTY,3,0,0,206,,,,63.0,,,60.5,,,67.4,0,0,0,0,0,7,3,0,0
Brayden Beck,147539,K,LIBERTY,4,0,0,206,,60.0,,,67.8,,60.2,,,69.8,0,0,1,0,9,0,0,0,0
Chris Boti,147540,DI,LIBERTY,9,0,0,206,59.0,,,,,,62.8,,,69.7,0,0,0,8,0,0,0,11,0
Nick Brown,147541,K,LIBERTY,13,0,0,206,,68.2,,,,,61.6,,,67.8,0,0,76,0,0,0,0,0,0
Joseph Carter,147544,LB,LIBERTY,14,1,0,206,60.0,,,,,,76.7,,,35.4,1,1,0,31,94,27,32,23,7
Harrison Hayes,147549,G,LIBERTY,14,0,0,206,,,77.9,,,,65.6,,,67.1,0,0,88,0,0,0,0,0,0
Max Morgan,147550,P,LIBERTY,14,1,0,206,,,68.5,,56.8,,64.6,,67.4,77.9,0,0,88,0,87,0,35,0,1
Austin Turner,147554,LS,LIBERTY,14,0,0,206,,,84.7,,,66.7,70.7,,,66.2,0,0,88,0,0,0,35,0,1
Ahmad Walker,147555,LB,SMU,13,0,0,287,59.9,,,,,,64.5,,,74.0,0,0,0,28,7,0,0,13,0
Campbell McHarg,147569,G,FRESNO ST,1,0,0,169,,,,,,,60.0,,,63.3,0,0,0,0,0,3,0,0,0
Josh Cuevas,147570,TE,WASHINGTON,15,0,0,340,,,77.8,63.5,,,84.3,,,83.1,0,0,85,0,28,77,47,48,3
Kemari Munier-Bailey,147612,ED,FRESNO ST,3,0,0,169,58.8,,,,,,58.8,,,64.9,0,0,0,10,0,0,0,0,0
Charles Brown,147647,WR,TEXAS ST,6,0,0,314,,,,,,,52.9,,,71.6,1,0,0,0,1,0,15,5,0
Blake Glessner,147687,K,UCLA,13,0,0,324,,53.8,63.5,,75.0,,63.2,,,74.1,0,0,42,0,52,0,0,0,3
Cam Skattebo,147787,HB,ARIZONA ST,7,0,0,110,,,,,,,57.9,,65.7,69.0,0,0,0,0,0,3,11,0,0
Torrion White,147842,CB,UCONN,1,0,0,146,59.9,,,,,,60.0,,,63.5,0,0,0,1,0,0,0,0,0
Jake Eichorn,147857,T,BYU,1,0,0,128,,,,,,,60.2,,,63.5,0,0,0,0,0,0,4,0,0
Travis Burke,147952,T,FIU,10,0,0,166,,,69.6,,,,63.5,,,65.0,0,0,32,0,0,0,0,0,0
Sidney Fugar,148284,T,S CAROLINA,10,0,0,289,,,73.4,,,,57.7,,,28.3,0,1,45,0,0,0,0,0,0
Kye Holmes,148357,S,JAMES MAD,9,1,0,197,60.0,,,,,,66.7,,,81.7,1,0,0,1,50,19,24,42,0
Kaden Schickel,148360,LS,JAMES MAD,13,1,0,197,,,76.5,,,43.8,56.6,,,67.4,2,0,71,0,0,0,60,0,1
Zach Horton,148361,TE,JAMES MAD,12,0,0,197,,,76.5,,,,65.5,,,70.5,0,0,68,0,0,44,55,0,1
Josh Toner,148364,T,JAMES MAD,13,0,0,197,,,76.1,,,,65.0,,,66.4,0,0,71,0,0,0,0,0,0
Jailin Walker,148369,LB,JAMES MAD,10,0,0,197,59.7,,,,,,65.3,,,68.3,0,0,0,27,14,0,0,7,1
Charlie Eberle,148371,LS,NEW MEX ST,15,0,0,242,,,90.0,,,59.0,63.4,,,67.3,1,0,74,0,0,0,53,1,1
Chantz Harley,148479,CB,MARYLAND,10,0,0,215,60.0,,,,,,64.0,,,74.6,0,0,0,1,29,0,10,25,0
Bryce Ganious,148483,DI,WAKE,12,0,0,339,58.1,,,,,,59.1,,,68.6,0,0,0,19,0,0,0,6,0
Jackson Ambush,148507,LB,FAU,12,0,0,165,59.9,,,,,,59.2,,,73.2,0,0,0,46,0,0,42,6,1
J.T. Anderson,148527,ED,FIU,12,0,0,166,60.0,,,,,,54.0,,,81.3,1,0,0,1,16,52,72,24,1
Gabriel Hollingsworth,148707,TE,JAMES MAD,1,0,0,197,,,,,,,80.0,,,66.0,0,0,0,0,0,6,5,0,0
Gabriel Hahn,148796,C,USF,1,0,0,327,,,60.0,,,,60.0,,,62.1,0,0,1,0,0,0,0,0,0
Trevor Mayberry,148952,G,STANFORD,1,0,0,300,,,60.0,,,,61.0,,,61.8,0,0,3,0,0,0,0,0,0
Shamari Simmons,149114,S,ARIZONA ST,12,0,0,110,59.7,,,,,,60.4,,,67.3,0,0,0,68,0,0,0,0,0
Kellen Stewart,149119,WR,MIDDLE TN,6,0,0,224,,,,58.0,,,57.1,63.3,,67.6,1,0,0,0,0,6,7,7,1
Alex Whitmore,149134,DI,UNLV,14,0,0,325,57.2,,,,,,57.9,,,69.6,0,0,0,34,0,0,0,11,0
Joshua Rudolph,149135,LB,INDIANA,12,0,0,190,60.1,,,,,,73.4,,,77.9,1,0,0,3,47,31,0,21,3
Drae McCray,149140,WR,TEXAS TECH,13,0,0,315,,,,78.3,,,62.9,,,70.1,0,0,0,0,0,65,0,20,0
Elijah Smoot,149236,WR,LIBERTY,1,0,0,206,,,,,,,60.0,,,61.1,0,0,0,0,0,1,0,0,0
Marquis Cooper,149289,LB,BUFFALO,2,0,0,126,59.9,,,,,,60.4,,,63.5,0,0,0,2,1,0,0,0,0
Conor Hunt,149321,P,RICE,13,0,0,275,,,67.0,,,,63.4,,63.5,72.5,1,1,60,0,0,0,54,0,0
Dom Grguric,149740,WR,BOWL GREEN,13,1,0,122,,,,,,,57.9,,,77.1,1,0,0,0,60,0,0,34,3
Davion Hood,149880,ED,TEMPLE,12,0,0,306,58.9,,,,,,63.6,,,68.9,0,0,0,38,0,4,0,6,0
Dominic Morris,149914,CB,COLO STATE,9,0,0,144,59.6,,,,,,58.7,,,81.9,1,0,0,34,19,4,3,33,0
Trey Turk,149941,P,MIDDLE TN,12,0,0,224,,,,,,,62.5,,59.1,72.8,0,1,0,0,0,0,34,0,0
Jordan Oladokun,149952,CB,BOWL GREEN,11,0,0,122,59.9,,,,,,56.4,,,75.4,0,1,0,42,17,0,0,21,2
B.J. Mayes,150058,CB,UAB,12,1,0,321,59.9,,,,,,59.2,,,75.8,0,0,0,39,25,0,2,29,0
Jimeto Obigbo,150060,T,TEXAS ST,13,0,0,314,,,77.0,,,,66.2,,,76.3,0,0,70,0,0,0,0,0,0
Dorion Strawn,150063,G,TEXAS ST,8,0,0,314,,,75.5,,,,65.2,,,69.4,0,0,46,0,0,0,0,0,0
Bryce Cage,150163,ED,TEXAS ST,5,0,0,314,59.5,,,,,,60.1,,,65.0,0,0,0,7,0,0,0,1,0
Gage Larvadain,150169,WR,MIAMI OH,5,0,0,221,,,,,,,60.5,73.0,,65.3,0,0,0,0,0,1,0,12,0
Jayden Higgins,150240,WR,IOWA STATE,1,0,0,193,,,,,,,60.0,,,63.7,0,0,0,0,0,1,0,0,0
John Blunt Jr.,150257,CB,TEXAS ST,11,0,0,314,59.9,,,,,,75.3,,,73.7,0,0,0,6,59,36,16,9,6
Zach Hrbacek,150270,HB,SM HOUSTON,3,0,0,281,,,,57.6,,,60.2,57.7,,62.9,0,0,0,0,0,10,0,1,0
Braeden Howell,150271,ED,SM HOUSTON,7,0,0,281,,,60.0,,,,49.6,,,76.7,4,0,5,0,27,32,4,13,1
Christian Pavon,150275,K,SM HOUSTON,11,1,0,281,,,,,67.9,,62.7,,,75.4,0,0,0,0,40,0,0,0,2
KeSean Raven,150276,WR,SM HOUSTON,10,0,0,281,,,,,,,71.6,,,31.9,0,1,0,0,2,47,1,48,0
Tristan Brady,150278,WR,SM HOUSTON,3,0,0,281,,,,,,,61.5,,,67.4,0,0,0,0,0,6,1,5,0
Donovan Adkins,150280,S,SM HOUSTON,12,1,0,281,60.0,,,,,,70.1,,,43.6,0,1,0,24,27,0,2,34,0
Kamren Washington,150283,DI,TEXAS ST,2,0,0,314,58.9,,,,,,58.9,,,64.1,0,0,0,5,0,0,0,0,0
Zach Stricker,150284,LS,SM HOUSTON,11,0,0,281,,,57.5,,,48.9,56.8,,,63.2,0,0,43,0,0,0,0,0,0
Matthew Aribisala,150287,DI,SM HOUSTON,11,0,0,281,58.6,,,,,,60.5,,,65.7,0,0,0,13,0,0,61,0,0
Quan Williams,150288,CB,SM HOUSTON,10,1,0,281,,,,,,,64.9,,,74.0,1,0,0,0,5,14,26,9,1
Kavian Gaither,150289,LB,SM HOUSTON,11,0,1,281,59.6,,,,,,50.3,,,28.1,0,1,0,40,2,0,10,4,0
Shane Johnson,150292,WR,SM HOUSTON,12,0,0,281,,,,,,,76.8,,,80.7,0,0,0,0,2,24,0,53,0
David Fisher,150294,CB,SM HOUSTON,10,0,0,281,59.6,,,,,,62.8,,,74.3,0,0,0,35,10,0,1,3,0
Darien Flynn,150295,LB,SM HOUSTON,12,0,0,281,,,,,,,45.8,,,54.8,2,1,0,0,50,60,70,54,2
Caleb Weaver,150298,S,SM HOUSTON,12,0,0,281,59.7,,,,,,58.3,,,70.4,0,0,0,46,2,1,9,0,1
Emon Allen,150299,CB,SM HOUSTON,8,0,0,281,59.8,,,,,,61.3,71.2,,68.5,0,0,0,9,0,0,0,36,0
Pearson Baldwin,150307,TE,JVILLE ST,13,1,0,196,,,63.7,58.0,,,53.0,,,74.6,4,0,12,0,38,56,43,0,2
Cole Fuller,150308,FB,JVILLE ST,13,1,0,196,,,27.4,59.9,,,59.1,,,85.1,0,1,70,0,0,56,66,42,0
Brock Rechsteiner,150309,WR,JVILLE ST,9,0,0,196,,,,,,,45.9,,,74.2,0,0,0,0,17,37,5,4,1
Derek Carter Jr.,150315,CB,JVILLE ST,11,0,0,196,59.5,,,,,,62.6,,,75.4,0,0,0,31,3,0,0,15,0
Jalen Bustamante,150320,LB,JVILLE ST,13,2,0,196,,,,,,,64.0,,,88.1,2,0,0,0,75,14,66,68,4
Slade Alexander,150321,LB,MIDDLE TN,12,0,0,224,,,,,,,62.0,,,82.8,0,0,0,0,58,21,42,42,3
Drew Moss,150351,T,COLO STATE,12,0,1,144,,,77.7,,,,54.5,,,26.9,0,2,55,0,0,0,0,0,0
Colby Sessums,150386,K,SM HOUSTON,11,0,0,281,,88.0,,,66.8,,61.7,,,68.8,0,1,43,0,10,0,0,0,0
Bhayshul Tuten,150568,HB,VA TECH,12,0,0,337,,,,78.8,,,50.3,,,27.6,0,1,0,0,1,51,0,0,0
Tyquan King,150571,LB,E CAROLINA,3,0,0,156,,,,,,,56.8,,,69.0,1,0,0,0,10,0,15,0,1
Marcel Walker-Burgess,150625,ED,NEVADA,12,3,0,239,58.5,,71.9,,,,62.4,,,29.2,0,2,39,27,13,2,66,1,1
Wrook Brown,150691,CB,WYOMING,3,0,0,351,60.0,,,,,,60.7,,,63.5,0,0,0,2,0,0,0,2,0
Andrew Johnson,150695,S,WYOMING,13,0,0,351,60.0,,,,,,56.1,,,56.6,2,1,0,1,64,5,49,48,2
John Michael Gyllenborg,150698,TE,WYOMING,13,0,0,351,,,75.3,,,,64.4,,,64.6,0,0,59,0,0,7,0,0,0
Sam Scott,150701,HB,WYOMING,11,1,0,351,,,,,,,75.9,,,77.7,0,0,0,0,48,5,0,38,2
Kolbey Taylor,150703,CB,WYOMING,9,0,0,351,59.6,,,,,,61.4,,,71.1,0,0,0,36,0,0,0,5,0
JJ Uphold,150704,G,WYOMING,6,0,0,351,,,67.7,,,,63.1,,,64.7,0,0,25,0,0,0,0,0,0
Jack Walsh,150706,G,WYOMING,8,0,0,351,,,69.2,,,,63.5,,,65.5,0,0,29,0,0,0,0,0,0
Tyce Westland,150707,ED,WYOMING,11,0,0,351,58.9,,,,,,58.9,,,74.0,0,0,0,5,0,47,0,12,0
Micah Young,150709,LB,WYOMING,13,3,0,351,,,,,,,57.9,,,83.4,2,1,0,0,65,61,47,48,2
Michael Moment,150823,G,W KENTUCKY,5,0,0,346,,,68.2,,,,63.4,,,68.6,0,0,16,0,0,0,0,0,0
Kam Ingram,150847,HB,UCF,1,0,0,323,,,,,,,60.0,,,63.0,0,0,0,0,0,1,0,0,0
Jayden Loving,150856,DI,W KENTUCKY,13,0,0,346,58.3,,,,,,60.4,,,71.2,0,0,0,32,0,0,0,13,0
Jeremiah Brown,150923,LB,COLORADO,12,0,0,143,60.0,,,,,,61.3,,,84.1,0,0,0,2,48,65,69,14,3
KaTron Evans,150926,ED,CHARLOTTE,1,0,0,136,60.0,,,,,,53.1,,,66.8,0,0,0,3,5,7,0,3,0
CJ Nunnally IV,150931,ED,AKRON,12,0,0,102,59.6,,,59.9,,,65.4,,,69.8,0,0,0,56,0,12,0,8,0
Cam'Ron Silmon-Craig,150938,S,COLORADO,12,0,0,143,60.0,,,,,,58.6,,,79.1,0,0,0,49,17,34,1,28,0
Reginald Pearson,150974,DI,NWESTERN,10,0,0,256,59.1,,,,,,60.0,,,66.8,0,0,0,12,0,0,0,4,0
Doug Blue-Eli,150975,DI,USF,12,0,0,327,56.8,,,,,,55.7,,,69.2,0,0,0,44,0,0,0,0,0
Kingston McKinstry,151038,S,E CAROLINA,12,0,1,156,60.5,,,,,,51.8,,,82.0,3,1,0,23,35,0,63,19,4
Julius Wood,151039,S,E CAROLINA,12,0,0,156,59.8,,,,,,67.8,,,69.5,0,0,0,55,3,0,0,1,2
Jacob Coleman,151043,TE,MIDDLE TN,12,0,0,224,,,73.9,,,,68.7,,,69.5,0,0,51,0,1,52,0,0,0
Devon King,151046,S,E CAROLINA,10,0,0,156,59.8,,,,,,65.3,,,54.9,0,1,0,8,42,5,51,30,4
Troy Lewis,151047,WR,JAMES MAD,1,0,0,197,,,,,,,60.0,,,64.6,0,0,0,0,0,2,0,0,0
Laith Marjan,151049,K,E CAROLINA,12,0,0,156,,,,,70.0,,63.2,,,76.6,1,0,0,0,52,0,0,0,0
Joseph McKay,151050,HB,E CAROLINA,1,0,0,156,,,,,,,59.1,,,65.8,0,0,0,0,0,0,5,0,0
Josh Murphy,151051,WR,E CAROLINA,2,0,0,156,,,,,,,60.0,62.2,,63.6,0,0,0,0,0,0,0,4,0
Jhari Patterson,151053,WR,E CAROLINA,7,0,0,156,,,,,,,50.7,,,69.6,0,0,0,0,0,1,11,0,0
Richard Pearce,151054,G,E CAROLINA,10,0,0,156,,,75.6,,,,64.9,,,63.9,0,0,41,0,0,0,0,0,0
Slade Roy,151058,LS,LSU,13,0,0,211,,,77.8,,,57.1,65.1,,,65.7,0,0,92,0,0,0,26,0,1
Zion Wilson,151063,G,E CAROLINA,11,0,0,156,,,73.4,,,,64.8,,,74.4,0,0,44,0,0,0,7,0,0
Brendan Farrell,151065,K,USF,13,0,0,327,,,,,71.7,,64.0,,,78.8,0,0,0,0,78,0,0,0,0
Jared Rayman,151066,QB,VIRGINIA,12,0,0,335,,,66.6,,,,62.1,,,61.1,0,0,53,0,0,0,0,0,0
Malachi Fields,151069,WR,VIRGINIA,2,0,0,335,,,,,,,60.3,,,64.7,0,0,0,0,1,1,0,0,0
William Simpkins III,151070,CB,VIRGINIA,7,1,0,335,,,,,,,59.1,,,72.9,1,0,0,0,1,0,18,16,0
Luke Byrne,151074,LS,VIRGINIA,12,0,0,335,,,59.9,,,21.3,43.1,,,66.5,2,0,53,0,0,0,43,0,1
Bryce Carter,151075,ED,VIRGINIA,6,0,0,335,59.4,,,,,,60.5,,,65.8,0,0,0,15,0,0,0,3,0
Kendall Cross,151076,LB,VIRGINIA,10,1,0,335,,,,,,,59.2,,,77.6,0,0,0,0,5,58,0,7,0
Ethan Davies,151077,WR,VIRGINIA,8,0,0,335,,,,67.3,,,61.0,66.2,,67.9,0,0,0,0,0,7,0,36,0
Mike Diatta,151079,DI,VIRGINIA,12,0,0,335,58.5,,66.2,,,,61.9,,,72.6,0,0,18,47,0,0,35,12,0
Henry Duke,151080,TE,VIRGINIA,1,0,0,335,,,,,,,60.0,,,64.0,0,0,0,0,0,6,0,0,0
Amaad Foston,151081,HB,VIRGINIA,2,0,0,335,,,,,,,61.3,,,65.7,0,0,0,0,1,2,0,2,0
Micah Gaffney,151083,CB,VIRGINIA,11,0,0,335,60.0,,,,,,64.1,,,77.5,0,0,0,6,40,71,4,32,2
Mike Green,151084,ED,MARSHALL,12,0,0,214,59.1,,,,,,69.5,,,75.8,0,0,0,23,51,43,0,21,1
James Jackson,151086,LB,VIRGINIA,12,2,1,335,59.6,,,,,,53.4,,,28.3,2,2,0,61,51,1,0,18,5
Langston Long,151091,S,VIRGINIA,2,0,0,335,60.0,,,,,,55.3,,,66.2,0,0,0,8,0,0,9,3,0
Charlie Patterson,151094,T,VIRGINIA,7,0,0,335,,,71.7,,,,64.9,,,73.6,0,0,35,0,0,0,0,0,0
Jacob Rodriguez,151095,LB,TEXAS TECH,5,0,0,315,59.7,,,,,,60.5,,,65.7,0,0,0,12,3,0,5,2,0
Aidan Ryan,151096,S,VIRGINIA,10,0,0,335,60.0,,,,,,46.0,,,77.1,1,0,0,2,20,4,30,25,0
Jonas Sanker,151097,S,VIRGINIA,12,1,0,335,60.0,,,,,,60.3,,,77.0,2,0,0,68,3,14,54,20,2
West Weeks,151101,LB,LSU,13,2,0,211,60.0,,,,,,69.0,,,88.1,0,0,0,3,100,71,3,32,3
Jack Witmer,151103,T,VIRGINIA,12,0,0,335,,,70.0,59.6,,,71.6,,,72.7,1,0,33,0,0,68,57,0,1
Frank Melgarejo III,151112,LS,AIR FORCE,2,0,0,101,,,60.0,,,67.6,60.9,,,61.2,0,0,2,0,0,0,0,0,0
Taveon Thompson,151114,WR,NEBRASKA,2,0,0,238,,,,,,,62.6,,,66.4,0,0,0,0,2,1,0,4,0
Devin Aupiu,151116,DI,UCLA,1,0,0,324,,,,,,,60.0,,,90.7,0,0,0,0,0,0,0,0,0
Desmyn Baker,151168,LB,W KENTUCKY,11,0,0,346,59.7,,,,,,66.9,,,70.7,0,0,0,38,19,0,0,13,1
CJ James Jr.,151192,C,NEW MEXICO,12,0,0,241,59.8,,74.5,,,,65.1,,,72.3,0,0,52,1,0,0,0,0,0
Tyrin Bradley,151205,ED,W VIRGINIA,10,0,0,343,59.2,,,,,,62.0,,,67.1,0,0,0,16,6,0,3,5,2
Isaiah Pedack,151214,DI,LA MONROE,3,0,0,209,58.9,,,,,,58.9,,,63.5,0,0,0,3,0,0,0,0,0
Breon Noel,151309,LB,CHARLOTTE,10,1,0,136,,,,,,,75.4,,,73.8,0,0,0,0,34,2,0,1,2
Ben Farrell,151402,T,PURDUE,10,0,0,273,,,75.3,,,,58.4,,,28.2,0,1,45,0,0,0,0,0,0
Oakley Coleman,151787,TE,S ALABAMA,3,0,0,288,,,64.5,,,,60.1,,,66.9,0,0,14,0,0,14,0,0,0
Jordan Smart,152307,WR,N TEXAS,5,0,0,251,,,,,,,61.9,,,72.3,0,0,0,0,0,0,3,17,0
Saveyon Henderson,152603,T,COLO STATE,2,0,0,144,,,14.7,,,,27.8,,,68.6,0,0,11,0,0,0,0,0,0
Terry Berdin,152747,HB,GA STATE,13,0,0,175,,,,,,,60.4,,,72.5,0,0,0,0,2,68,0,0,0
Eli Hillman,153188,S,COAST CAR,2,0,0,141,,,,,,,61.5,,,67.1,0,0,0,0,2,3,0,1,0
Chris Crouch,153213,LB,GA SOUTHRN,11,0,0,174,,,,,,,71.4,,,31.2,0,1,0,0,41,58,17,29,2
Brandon Richards,153307,LS,DOMINION,13,0,0,263,,,77.2,,,63.2,66.5,,,66.6,0,0,57,0,0,0,44,0,0
Jayden Ahboah,153333,T,UNLV,1,0,0,325,,,60.0,,,,61.2,,,63.1,0,0,6,0,0,0,0,0,0
Jonathan Ross,153402,ED,USF,13,0,0,327,58.7,,,,,,62.6,,,70.8,0,0,0,32,0,15,54,1,0
Joe Murray,153433,ED,MARSHALL,4,0,0,214,59.7,,,,,,70.3,,,67.3,0,0,0,1,10,6,0,0,0
Jack Hawkinson,154043,ED,MINNESOTA,4,0,0,225,,,,,,,64.3,,,72.5,0,0,0,0,0,12,0,11,0
Colson Brunner,154047,LS,OREGON,1,0,0,264,,,60.0,,,67.6,60.9,,,61.2,0,0,2,0,0,0,0,0,0
Zac Elam,154563,C,COAST CAR,1,0,0,141,,,,,,,60.0,,,63.3,0,0,0,0,0,0,1,0,0
Austin Dahlke,154598,S,COLORADO,1,0,0,143,,,,,,,60.0,,,62.2,0,0,0,0,0,1,0,0,0
Ben Finneseth,154599,S,COLORADO,2,0,0,143,59.9,,,,,,61.7,,,71.7,0,0,0,1,3,9,3,2,0
Jack Hestera,154600,WR,CHARLOTTE,1,0,0,136,,,,,,,60.0,,,63.3,0,0,0,0,0,0,0,0,0
Al-Ma'hi Ali,154696,CB,CHARLOTTE,6,0,0,136,59.5,,,,,,53.1,50.0,,68.9,0,0,0,22,0,0,0,10,0
Tim Grant-Randall,154699,DI,E MICHIGAN,8,0,0,160,59.3,,,,,,64.3,,,79.0,0,0,0,4,0,0,0,10,0
Andrew Henry,154703,HB,NEW MEXICO,2,0,0,241,,,,,,,70.8,,,67.7,0,0,0,0,1,11,0,0,0
Keydrell Lewis,154704,T,LA MONROE,9,0,0,209,,,67.7,,,,63.1,,,64.6,0,0,25,0,0,0,0,0,0
Derek McCormick,154708,K,LA MONROE,9,0,0,209,,80.8,,,75.9,,62.7,,,73.4,1,0,29,0,38,0,0,0,0
Matthew Dapore,154709,K,AIR FORCE,12,0,0,101,,72.9,,,69.9,,61.6,,,68.1,0,0,54,0,5,0,0,0,0
Lu Tillery,154713,CB,LA MONROE,11,0,0,209,60.0,,,,,,67.9,,,76.4,0,0,0,47,0,5,3,27,0
Jalen Johnson,154714,HB,AIR FORCE,13,0,0,101,,,,,,,62.3,,,75.2,0,0,0,0,0,47,0,29,0
Antonio Brooks,154722,S,HOUSTON,8,0,0,182,59.8,,,,,,59.8,,,67.8,0,0,0,34,7,0,14,0,0
Chris Gales,154723,S,TOLEDO,1,0,0,316,,,,,,,60.3,,,65.2,0,0,0,0,0,0,0,2,0
Caleb Cooley,154790,WR,WYOMING,13,0,0,351,,,,,,,61.1,73.9,,67.5,0,0,0,0,0,2,0,49,0
Jack Drake,155093,K,BALL ST,12,0,0,117,,,,,64.0,,63.1,,,76.4,2,0,0,0,50,0,0,0,2
Melique Straker,155192,LB,ARK STATE,12,0,0,113,60.4,,,,,,45.8,,,29.3,0,3,0,43,23,42,46,13,1
Carson Bay,155194,P,AIR FORCE,13,0,0,101,,,67.1,,,,62.8,,63.4,68.2,0,0,61,0,0,0,25,0,0
EJ Green,155196,LB,DOMINION,3,0,0,263,60.0,,,,,,60.3,,,66.6,0,0,0,16,0,0,7,2,0
Kaci Seegars,155197,ED,OHIO,11,2,1,259,59.5,,,,,,56.8,,,29.6,1,1,0,3,40,19,0,33,1
Javier Duran,155201,DI,KENT STATE,11,0,0,201,58.2,,,,,,58.4,,,66.5,0,0,0,20,0,0,2,2,0
Philip Florenzo,155209,LS,CLEMSON,13,2,0,140,,,,,,69.1,74.0,,,29.2,2,1,0,0,0,0,63,0,3
Ryan Bolduc,155210,QB,USF,13,0,0,327,,,67.5,,,,62.3,,,61.2,0,0,68,0,0,0,0,0,0
Cash Jones,155211,HB,GEORGIA,11,0,0,173,,,,,,,82.1,,,77.5,0,0,0,0,80,6,2,12,2
Jon Fagley,155217,G,TEMPLE,4,0,0,306,,,67.1,,,,63.0,,,65.3,0,0,13,0,0,0,0,0,0
Jeremiah Frazier,155242,C,TROY,1,0,0,318,,,60.0,,,,60.0,,,61.0,0,0,1,0,0,0,0,0,0
Anthony Johnson Jr.,155245,CB,W KENTUCKY,11,0,1,346,59.6,,,,,,55.0,,,29.3,0,1,0,46,0,0,0,16,0
Tristan Marois,155288,ED,COLORADO,1,0,0,143,,,,,,,60.0,,,63.9,0,0,0,0,1,0,0,0,0
Caden Biser,155289,LB,W VIRGINIA,13,1,0,343,59.8,,,,,,70.2,,,83.8,1,1,0,7,47,49,43,35,5
Nate Martey,155389,DI,ARK STATE,13,0,0,113,58.5,,,,,,50.7,,,28.5,0,1,0,39,0,0,0,9,0
Damian Ramos,155532,K,LSU,13,0,0,211,,79.6,,,64.3,,62.2,,,69.7,0,0,92,0,10,0,0,0,0
Jan Mahlert,155543,WR,PENN STATE,1,0,0,266,,,,,,,61.1,,,64.2,0,0,0,0,3,0,0,0,0
Atticus Sappington,155544,K,OREGON ST,12,0,0,265,,81.4,,,79.7,,63.4,,,74.9,0,1,65,0,56,0,0,0,1
Seth Bullock,155549,LB,TULSA,4,0,0,320,,,,,,,64.6,,,67.6,0,0,0,0,4,0,0,11,0
Canon Peters,155550,S,TULSA,12,2,0,320,,,,,,,68.8,,,74.5,1,0,0,0,41,74,9,8,4
Dash Luke,155552,WR,LA MONROE,9,0,0,209,,,,61.5,,,60.2,,,64.5,0,0,0,0,0,60,0,0,0
Hunter Smith,155556,HB,LA MONROE,11,0,0,209,,,,57.1,,,67.2,,,71.1,0,0,0,0,0,77,0,0,0
Archer Trafford,155563,P,E CAROLINA,12,0,0,156,,,66.0,,,,62.2,,54.7,64.4,0,0,46,0,0,0,7,0,0
Blake Boenisch,155566,DI,RICE,1,0,0,275,,,60.0,,,,60.5,,,64.8,0,0,2,0,0,0,0,0,0
Jamaal Pritchett,155624,WR,S ALABAMA,13,0,0,288,,,,59.0,,,61.2,66.4,,73.4,0,0,0,0,3,58,2,30,0
Caleb Rillos,155838,TE,AIR FORCE,13,0,0,101,,,75.7,,,,63.6,,,72.8,0,0,60,0,0,46,0,0,0
John Adams,155846,WR,TEMPLE,11,0,0,306,,,,,,,57.8,,,82.7,1,0,0,0,35,61,37,18,1
Rylan Green,155885,TE,LA MONROE,11,0,0,209,,,63.2,,,,66.3,,,69.6,0,0,14,0,0,73,4,0,0
Ethan Onianwa,155966,T,RICE,13,0,0,275,58.3,,75.7,,,,62.2,,,74.6,0,0,60,60,0,0,0,1,0
Parker Robertson,155978,S,OKLA STATE,14,2,0,262,,,,,,,64.6,,,29.3,2,3,0,0,84,40,52,61,7
Mekhi Mews,155982,WR,GEORGIA,13,0,0,173,,,,70.0,,,61.0,60.8,,74.0,0,0,0,0,50,49,1,68,1
Graham Collins,155984,LB,GEORGIA,1,0,0,173,,,,,,,60.0,,,62.3,0,0,0,0,1,0,0,0,0
Dylan Ridolph,155990,LB,USF,1,0,0,327,,,,,,,60.0,,,62.8,0,0,0,0,1,0,0,0,0
Jordin Parker,155992,WR,NEW MEX ST,6,0,0,242,,,,,,,75.3,,,69.1,0,0,0,0,0,2,10,0,0
Jet Harris,156002,FB,AIR FORCE,13,0,0,101,,,,,,,68.3,,,70.2,0,0,0,0,0,47,17,0,1
Conner McIntee,156004,TE,AIR FORCE,3,0,0,101,,,60.0,,,,60.9,,,65.6,0,0,3,0,0,2,0,0,0
Rocky Beers,156005,TE,FIU,12,0,0,166,,,62.9,,,,64.1,,,78.7,4,0,11,0,51,28,9,21,6
Jackson Kohal,156008,G,AIR FORCE,8,0,0,101,,,73.8,,,,65.0,,,72.2,0,0,36,0,0,0,0,0,0
Rashod Tanner,156012,S,UNLV,12,1,0,325,,,,,,,49.1,,,81.7,2,0,0,0,75,0,32,26,4
Tylan Hines,156043,HB,HAWAII,2,0,0,180,,,,60.0,,,60.0,60.0,,62.2,0,0,0,0,0,1,0,1,0
Dartanyan Tinsley,156073,G,CINCINNATI,12,0,0,138,,,75.9,,,,65.5,,,70.9,0,0,49,0,0,0,0,0,0
Emmit Bohle,156074,T,ARIZONA ST,1,0,0,110,,,60.0,,,,61.0,,,62.6,0,0,5,0,0,0,0,0,0
Carson Tabaracci,156138,TE,USC,12,0,0,326,,,62.9,,,,45.6,,,78.1,2,0,11,0,85,74,0,29,4
Mazin Richards,156142,ED,N TEXAS,12,0,0,251,60.0,,,,,,61.1,,,72.8,0,0,0,61,0,17,0,0,0
Matthew Golden,156165,WR,HOUSTON,6,0,0,182,,,,88.9,,,69.3,,,63.8,0,0,0,0,0,35,0,0,0
Nadame Tucker,156169,ED,HOUSTON,2,0,0,182,,,,,,,62.0,,,65.2,0,0,0,0,7,0,0,0,0
Zykeius Strong,156171,ED,HOUSTON,6,0,0,182,57.9,,,,,,57.5,,,66.6,0,0,0,31,0,0,0,0,0
Amipeleasi Langi Jr.,156172,DI,HOUSTON,5,0,0,182,57.5,,,,,,56.6,,,65.7,0,0,0,25,0,0,0,0,0
Qwentin Rose,156175,HB,TEMPLE,8,0,0,306,,,,,,,83.8,,,73.0,0,0,0,0,2,1,0,26,0
Shekuna Kamara,156177,WR,TEMPLE,1,0,0,306,,,,,,,60.0,,,64.3,0,0,0,0,0,0,0,1,0
Corey Yeoman,156179,LB,TEMPLE,11,1,0,306,60.1,,,,,,50.1,,,29.4,1,2,0,16,35,75,27,7,0
Sam Martin,156180,S,TEMPLE,12,0,0,306,59.8,,,63.9,,,64.2,,,76.0,2,0,0,6,46,81,3,34,3
Brenyen Scott,156181,S,TEMPLE,12,0,0,306,59.9,,,,,,66.5,,,82.8,1,0,0,19,26,81,1,4,2
Zymir Cobbs,156182,DI,TEMPLE,3,0,0,306,58.8,,,,,,59.7,,,72.4,0,0,0,7,0,0,0,1,0
E.J. Warner,156185,QB,TEMPLE,1,0,0,306,,,,,,,60.0,,60.0,63.3,0,0,0,0,0,0,1,0,0
Keith Wheeler,156191,WR,TULSA,1,0,0,320,,,,,,,60.6,,,63.6,0,0,0,0,4,0,0,0,0
Zach Neilsen,156198,ED,TULSA,12,1,2,320,59.1,,,,,,45.3,,,31.3,2,3,0,10,63,40,60,41,7
Georderrial Williams,156199,CB,TULSA,3,0,0,320,59.8,,,,,,61.6,,,70.9,0,0,0,2,3,0,0,1,0
Dayne Hodge,156200,S,TULSA,12,0,0,320,59.9,,,,,,88.5,,,72.2,0,0,0,32,3,0,25,7,3
Connor Bryan,156204,K,TULSA,2,0,0,320,,,,,60.5,,60.0,,,69.8,0,0,0,0,8,0,0,0,1
Jason Albritton,156207,HB,OLE MISS,2,0,0,226,,,,,,,64.0,,,66.0,0,0,0,0,3,3,0,0,0
Jayson Littlejohn,156210,TE,USF,9,1,0,327,,,68.1,,,,57.8,,,43.9,0,1,25,0,21,50,22,0,1
Cade Roberts,156211,WR,USF,1,0,0,327,,,,,,,60.0,,,65.9,0,0,0,0,0,0,0,2,0
Jhalyn Shuler,156212,LB,USF,13,0,0,327,60.0,,,,,,65.1,,,73.1,0,0,0,54,6,2,28,1,1
Aamaris Brown,156213,CB,USF,11,0,0,327,59.6,,,,,,61.9,,,74.2,0,0,0,45,0,0,0,1,0
Tavin Ward,156214,CB,USF,12,0,0,327,59.6,,,,,,65.0,,,80.0,0,0,0,36,6,18,1,32,0
Jacquez Williams,156216,DI,USF,4,0,0,327,58.9,,,,,,58.9,,,64.2,0,0,0,6,0,0,0,0,0
Sam Candotti,156220,P,BOSTON COL,13,0,0,121,,,66.6,,60.0,,62.9,,64.6,70.0,0,1,53,0,1,0,32,0,0
Amari Jackson,156221,CB,BOSTON COL,13,0,0,121,59.9,,,,,,62.4,,,73.0,0,0,0,59,1,0,0,3,0
Edwin Kolenge,156222,ED,BOSTON COL,10,0,0,121,59.3,,,,,,79.7,,,75.9,0,0,0,4,0,0,0,37,0
Jude Bowry,156223,T,BOSTON COL,2,0,0,121,,,60.0,,,,60.3,,,65.4,0,0,2,0,0,0,0,0,0
Jeremiah Franklin,156225,TE,BOSTON COL,13,0,0,121,,,74.5,,,,69.8,,,67.8,0,0,53,0,0,4,0,6,0
Domonique Thomas,156226,HB,CLEMSON,11,0,0,140,,,,,,,60.5,,,71.8,0,0,0,0,0,42,0,0,0
Jack Smith,156227,P,CLEMSON,3,0,0,140,,,61.0,,,,61.0,,60.0,62.2,0,0,11,0,0,0,1,0,0
Robert Gunn III,156228,K,CLEMSON,13,0,0,140,,46.0,,,89.6,,63.8,,,77.4,0,0,19,0,73,0,0,0,1
Caden Story,156229,DI,CLEMSON,8,0,0,140,59.3,,70.3,,,,62.9,,,61.8,0,0,31,2,0,0,0,0,0
Myles Oliver,156230,CB,CLEMSON,1,0,0,140,,,,,,,60.0,,,62.1,0,0,0,0,1,0,0,0,0
Griffin Batt,156231,TE,CLEMSON,3,0,0,140,,,,,,,61.5,,,65.1,0,0,0,0,3,0,0,1,0
Clay Swinney,156234,WR,CLEMSON,12,0,0,140,,,67.0,,,,65.6,60.2,,86.5,0,0,59,0,0,3,0,3,0
Jahiem Lawson,156235,ED,CLEMSON,3,0,0,140,59.5,,,,,,62.6,,,68.4,0,0,0,3,13,0,0,0,0
Keith Adams,156236,HB,CLEMSON,6,0,0,140,,,,,,,58.4,,,65.5,0,0,0,0,0,16,0,1,0
Wade Woodaz,156237,LB,CLEMSON,13,2,0,140,59.8,,,61.8,,,77.8,,,65.3,1,1,0,42,68,2,63,75,3
Josh Sapp,156238,TE,CLEMSON,13,0,0,140,,,,59.9,,,60.8,,,68.7,0,0,0,0,4,53,0,1,0
Cole Turner,156239,WR,CLEMSON,1,0,0,140,,,,,,,59.7,,,69.7,0,0,0,0,0,0,4,0,0
Kobe McCloud,156240,LB,CLEMSON,11,0,0,140,60.0,,,,,,64.6,,,73.4,0,0,0,9,63,7,10,18,1
Antonio Williams,156241,WR,CLEMSON,5,0,0,140,,,,,,,60.4,65.4,,65.1,0,0,0,0,0,0,0,12,0
Caleb Nix,156242,CB,CLEMSON,7,0,0,140,,,,,,,55.2,,,37.9,0,1,0,0,31,17,0,22,0
TJ Dottery,156243,LB,OLE MISS,1,0,0,226,,,,,,,57.6,,,68.2,0,0,0,0,0,4,5,1,0
Kylon Griffin,156244,S,CLEMSON,11,0,0,140,59.9,,,,,,65.8,,,71.7,0,0,0,4,49,0,0,0,0
Toriano Pride Jr.,156245,CB,CLEMSON,12,0,0,140,60.0,,,,,,55.2,,,29.7,1,1,0,3,61,0,0,5,1
Sherrod Covil Jr.,156246,S,CLEMSON,7,1,0,140,59.9,,,,,,71.9,,,75.5,0,0,0,3,34,0,0,28,0
Jeadyn Lukus,156247,CB,CLEMSON,6,0,0,140,60.0,,,,,,63.2,,,71.2,0,0,0,5,28,0,0,12,0
Blake Miller,156248,T,CLEMSON,13,0,0,140,,,75.9,,,,64.5,,,66.4,0,0,70,0,0,0,1,0,0
Collin Sadler,156251,T,CLEMSON,13,0,0,140,,,76.8,,,,65.8,,,75.5,0,0,70,0,0,0,15,0,0
Adam Randall,156252,WR,CLEMSON,11,0,0,140,,,,57.4,,,69.3,,,76.0,0,0,0,0,0,18,10,27,0
Cade Klubnik,156253,QB,CLEMSON,1,0,0,140,,,,,,,60.0,,60.0,63.3,0,0,0,0,0,0,1,0,0
Vincent Anthony Jr.,156256,ED,DUKE,6,0,0,154,59.6,,,,,,63.0,,,70.4,0,0,0,3,0,0,1,9,0
Chandler Rivers,156257,CB,DUKE,13,0,0,154,59.5,,,,,,62.8,,,78.1,0,0,0,44,1,0,10,34,0
Terry Moore,156258,S,DUKE,12,2,0,154,59.7,,,61.9,,,53.8,,,76.0,2,0,0,21,23,43,44,18,0
Mac Chiumento,156264,P,FLORIDA ST,2,0,0,167,,,60.0,,59.5,,60.1,,,67.5,0,0,1,0,5,0,0,0,0
Dante Anderson,156265,ED,FLORIDA ST,2,0,0,167,,,,,,,60.0,,,64.6,0,0,0,0,0,0,0,2,0
Daniel Lyons,156266,DI,FLORIDA ST,13,0,0,167,58.0,,,,,,58.5,,,68.7,0,0,0,39,0,0,0,6,0
Bishop Thomas,156268,DI,COLORADO,8,0,0,143,58.6,,,,,,48.4,,,27.6,0,1,0,8,23,0,3,3,1
Aaron Hester,156269,ED,FLORIDA ST,1,0,0,167,59.9,,,,,,60.0,,,61.1,0,0,0,1,0,0,0,0,0
Ayo Tifase,156270,DI,FLORIDA ST,1,0,0,167,59.6,,,,,,59.8,,,62.4,0,0,0,1,0,0,0,0,0
Harold Stubbs IV,156272,CB,FLORIDA ST,1,0,0,167,,,,,,,60.0,,,66.0,0,0,0,0,0,0,0,1,0
AJ Cottrill,156273,LB,FLORIDA ST,14,0,0,167,60.1,,,,,,53.9,,,84.4,5,0,0,4,92,58,57,54,1
Omar Graham Jr.,156275,LB,FLORIDA ST,13,1,0,167,59.9,,,,,,68.7,,,73.2,1,0,0,16,18,4,47,15,2
Christian White,156276,CB,FLORIDA ST,1,0,0,167,60.0,,,,,,60.0,,,63.6,0,0,0,1,0,0,0,0,0
Azareye'h Thomas,156277,CB,FLORIDA ST,14,0,0,167,60.0,,,59.9,,,62.7,,,66.8,1,1,0,3,72,49,19,75,0
Sam McCall,156278,CB,TEXAS A&M,12,0,0,312,59.7,,,,,,68.4,60.3,,84.6,0,0,0,7,12,48,15,52,1
Jerrale Powers,156279,WR,FLORIDA ST,1,0,0,167,,,60.0,,,,60.5,,,61.1,0,0,3,0,0,0,0,0,0
Brian Courtney,156280,TE,FLORIDA ST,14,1,0,167,,,77.4,,,,69.1,,,72.3,0,0,80,0,0,0,55,11,1
Jaylen Early,156282,T,FLORIDA ST,1,0,0,167,,,60.0,,,,60.8,,,66.5,0,0,3,0,0,0,0,0,0
Julian Armella,156283,T,FLORIDA ST,1,0,0,167,,,60.0,,,,60.0,,,61.6,0,0,1,0,0,0,0,0,0
Kanaya Charlton,156284,G,FLORIDA ST,1,0,0,167,,,60.0,,,,61.1,,,65.7,0,0,3,0,0,0,0,0,0
Tae Woody,156288,G,UAB,1,0,0,321,,,,,,,60.3,,,63.8,0,0,0,0,0,0,5,0,0
Jimmy Casey,156289,TE,FLORIDA ST,3,0,0,167,,,60.0,,,,61.5,,,68.0,0,0,5,0,0,0,0,0,0
Rodney Hill,156290,HB,FLORIDA ST,11,0,0,167,,,,61.5,,,75.8,,,79.8,0,0,0,0,1,6,0,54,0
Jamie Felix,156296,HB,GA TECH,1,0,0,176,,,,,,,60.0,,,64.3,0,0,0,0,0,3,0,0,0
Aidan Birr,156297,K,GA TECH,13,0,0,176,,83.6,,,63.0,,62.3,,,68.6,0,0,58,0,9,0,0,0,0
Brandon Best,156298,C,GA TECH,13,0,0,176,,,79.6,,,,66.2,,,64.6,0,0,69,0,0,0,0,0,0
Rodney Shelley,156300,CB,GA TECH,13,0,0,176,90.3,,,,,,86.6,72.8,,76.5,0,0,0,21,54,0,1,26,0
Tyler Gibson,156301,T,GA TECH,1,0,0,176,,,60.6,,,,62.3,,,69.3,0,0,9,0,0,0,0,0,0
Horace Lockett,156304,DI,GA TECH,8,0,0,176,58.5,,60.0,,,,60.0,,,68.4,0,0,3,15,0,0,0,5,0
Clayton Powell-Lee,156305,S,GA TECH,13,0,0,176,60.0,,,,,,66.2,,,68.5,0,0,0,48,16,0,0,16,1
Kyle Efford,156306,LB,GA TECH,13,0,0,176,59.4,,,,,,61.1,,,81.8,3,0,0,24,65,43,46,21,7
D.J. Moore,156310,CB,GA TECH,5,1,0,176,,,,,,,65.5,,,70.5,0,0,0,0,21,5,0,8,1
Nick Keller,156311,K,LOUISVILLE,3,0,0,210,,,,,69.5,,60.5,,,71.0,0,0,0,0,12,0,0,0,0
Tawfiq Thomas,156312,DI,LOUISVILLE,6,0,0,210,59.1,,,,,,60.7,,,67.2,0,0,0,5,0,0,0,5,0
Selah Brown,156314,DI,LOUISVILLE,1,0,0,210,,,,,,,60.0,,,65.8,0,0,0,0,0,0,0,2,0
Rock Caldwell,156315,CB,MIAMI OH,3,0,0,221,59.9,,,,,,66.0,,,68.7,0,0,0,10,0,0,0,3,0
D'Angelo Hutchinson,156316,S,LOUISVILLE,12,0,0,210,59.9,,,,,,66.9,,,28.8,0,2,0,3,21,1,26,46,1
Popeye Williams,156317,ED,LOUISVILLE,1,0,0,210,,,,,,,60.0,,,64.4,0,0,0,0,0,0,0,2,0
Gage Reale,156318,FB,LOUISVILLE,1,0,0,210,,,,,,,60.4,,,65.1,0,0,0,0,2,0,0,0,0
Nate Kurisky,156319,TE,LOUISVILLE,10,0,0,210,,,60.0,59.9,,,58.3,,,28.3,0,1,7,0,0,39,0,0,0
Chance Morrow,156320,WR,BUFFALO,12,0,0,126,,,,,,,64.5,,,36.8,0,1,0,0,10,62,0,53,0
Chris Bell,156321,WR,LOUISVILLE,13,0,0,210,,,,,,,50.7,,,27.9,0,3,0,0,57,43,0,30,3
Sam Secrest,156325,C,LOUISVILLE,1,0,0,210,,,60.0,,,,61.1,,,63.7,0,0,5,0,0,0,0,0,0
Antonio Watts,156327,LB,LOUISVILLE,14,1,0,210,60.3,,,,,,54.2,,,78.8,3,0,0,17,71,7,57,19,3
Maurice Turner,156329,HB,LOUISVILLE,14,2,1,210,,,,74.3,,,61.2,,,29.7,3,3,0,0,68,46,56,47,5
Nyjalik Kelly,156339,ED,MIAMI FL,3,0,0,220,60.1,,,,,,62.3,,,66.6,0,0,0,4,0,0,0,4,0
Cyrus Moss,156340,ED,MIAMI FL,2,0,0,220,60.0,,,,,,60.2,,,63.8,0,0,0,1,0,0,0,1,0
Wesley Bissainthe,156341,LB,MIAMI FL,13,0,0,220,59.6,,,,,,61.0,,,74.8,0,0,0,31,20,11,17,19,0
Khamauri Rogers,156342,CB,MISS STATE,1,0,0,227,,,,,,,60.1,,,63.5,0,0,0,0,0,2,0,0,0
Jaleel Skinner,156343,TE,MIAMI FL,2,0,0,220,,,,,,,57.2,,,67.3,0,0,0,0,7,3,0,0,0
Travis Shaw,156345,DI,N CAROLINA,11,0,0,245,58.4,,,,,,59.1,,,67.3,0,0,0,15,0,0,0,3,0
Sebastian Cheeks,156346,LB,N CAROLINA,7,0,0,245,,,,,,,72.9,,,72.9,0,0,0,0,20,0,0,15,0
Beau Atkinson,156348,ED,N CAROLINA,12,0,0,245,59.4,,75.0,,,,64.3,,,67.0,0,0,58,13,0,2,0,4,0
Trevyon Green,156349,T,N CAROLINA,13,0,0,245,,,76.5,,,,65.1,,,66.4,0,0,74,0,0,0,0,0,0
Zach Rice,156350,G,N CAROLINA,12,0,0,245,,,79.1,,,,66.7,,,74.8,0,0,72,0,0,0,0,0,0
George Pettaway,156351,HB,N CAROLINA,4,0,0,245,,,,56.9,,,59.3,,,63.2,0,0,0,0,0,19,0,0,0
James Fineran,156353,LS,PITTSBURGH,1,0,0,268,,,60.0,,,66.0,60.0,,,60.8,0,0,1,0,0,0,0,0,0
Sean FitzSimmons,156358,DI,PITTSBURGH,2,0,0,268,59.3,,,,,,59.5,,,63.2,0,0,0,2,0,0,0,0,0
Ryland Gandy,156360,S,PITTSBURGH,12,3,1,268,60.0,,,,,,67.0,,,29.7,1,2,0,4,47,62,57,45,4
Samuel Okunlola,156361,ED,PITTSBURGH,10,0,0,268,59.3,,,,,,60.6,,,66.9,0,0,0,9,0,0,0,6,0
Ryan Baer,156362,T,PITTSBURGH,9,0,0,268,,,69.6,,,,63.5,,,65.1,0,0,32,0,0,0,0,0,0
Dakota Twitty,156366,WR,VIRGINIA,1,0,0,335,,,,,,,60.0,,,63.8,0,0,0,0,0,0,0,1,0
Jack Griese,156367,HB,VIRGINIA,7,0,0,335,,,,,,,51.9,,,74.3,0,0,0,0,19,20,0,13,0
Houston Curry,156369,T,VIRGINIA,3,0,0,335,,,64.2,,,,62.5,,,63.1,0,0,16,0,0,0,0,0,0
Noah DeMeritt,156370,G,VIRGINIA,12,0,0,335,,,77.6,,,,65.5,,,64.2,0,0,53,0,0,0,0,0,0
Xavier Brown,156371,HB,VIRGINIA,1,0,0,335,,,,,,,60.0,,,65.4,0,0,0,0,0,0,0,2,0
Noah Hartsoe,156377,C,VIRGINIA,5,1,0,335,,,69.2,,,,65.2,,,69.6,0,0,24,0,0,0,27,0,0
Sean Wilson Jr,156381,WR,VIRGINIA,5,0,0,335,,,,,,,61.6,,,72.0,0,0,0,0,2,21,0,7,0
Eli Wood,156382,WR,VIRGINIA,9,0,0,335,,,,,,,55.9,,,79.6,2,0,0,0,40,41,11,11,4
Karson Gay,156383,TE,VIRGINIA,2,0,0,335,,,,,,,62.3,,,66.5,0,0,0,0,0,0,0,5,0
Trey McDonald,156384,LB,VIRGINIA,12,2,0,335,59.9,,,,,,73.3,,,78.6,1,0,0,3,53,73,22,33,3
Will Bettridge,156389,K,VIRGINIA,12,0,0,335,,83.8,,,,,61.3,,,67.0,0,0,53,0,0,0,0,0,0
Terrell Jones,156391,ED,VIRGINIA,2,0,0,335,59.9,,,,,,60.0,,,63.6,0,0,0,2,0,0,0,0,0
Stevie Bracey,156392,LB,VIRGINIA,10,3,0,335,59.7,,,,,,75.1,,,50.0,0,1,0,11,44,5,57,21,4
Davis Lane,156393,S,VIRGINIA,7,1,0,335,,,,,,,42.9,,,28.1,1,1,0,0,30,0,0,1,0
Brody Foley,156394,TE,INDIANA,10,0,0,190,,,67.0,,,,58.7,,,73.1,0,1,20,0,13,48,0,0,0
Omar Cooper Jr.,156395,WR,INDIANA,9,0,0,190,,,,,,,57.0,,,74.4,0,2,0,0,0,42,0,17,0
Jaylin Lucas,156396,HB,INDIANA,12,0,0,190,,,,77.1,,,60.6,52.7,,66.3,0,0,0,0,0,65,0,25,0
Kam Perry,156397,WR,INDIANA,3,0,0,190,,,,,,,59.6,,,66.6,0,0,0,0,0,0,3,0,0
Carter Smith,156399,T,INDIANA,12,0,0,190,,,26.2,,,,46.8,,,75.1,0,0,46,0,0,0,0,0,0
Bray Lynch,156401,C,INDIANA,6,0,0,190,,,69.9,,,,63.9,,,69.6,0,0,22,0,0,0,0,0,0
Dasan McCullough,156403,S,OKLAHOMA,10,0,0,261,60.1,,,,,,46.4,,,73.4,0,0,0,40,32,1,0,7,1
Kaiden Turner,156405,LB,INDIANA,6,0,0,190,,,,,,,44.2,,,70.0,0,0,0,0,28,0,2,0,1
Phillip Dunnam,156406,S,INDIANA,11,0,0,190,59.5,,,,,,61.0,,,76.0,0,0,0,37,0,0,0,0,0
James Monds III,156407,CB,INDIANA,11,1,0,190,,,,,,,64.4,,,75.8,0,0,0,0,40,15,3,37,1
Jamari Sharpe,156408,CB,INDIANA,12,0,1,190,59.4,,,,,,57.3,,,29.6,1,1,0,32,10,0,25,9,2
Isaiah Jones,156409,LB,INDIANA,2,0,0,190,,,,,,,59.5,,,67.7,0,0,0,0,0,8,0,5,0
J'mari Monette,156412,DI,INDIANA,1,0,0,190,59.6,,,,,,59.8,,,62.4,0,0,0,1,0,0,0,0,0
Nick James,156413,DI,INDIANA,9,0,0,190,58.5,,,,,,58.9,,,66.9,0,0,0,21,0,0,0,2,0
Louis Moore,156415,S,INDIANA,12,0,0,190,60.1,,,,,,61.6,,,34.1,1,1,0,51,3,0,32,11,2
Kaleb Johnson,156419,HB,IOWA,2,0,0,192,,,,72.2,,,60.0,,,62.0,0,0,0,0,0,4,0,0,0
Addison Ostrenga,156430,TE,IOWA,9,0,0,192,,,71.8,,,,62.8,,,67.4,0,0,37,0,0,14,0,0,0
Xavier Nwankpa,156431,S,IOWA,10,1,0,192,60.0,,,,,,59.3,,,28.9,0,1,0,15,0,2,43,15,2
Kael Kolarik,156432,S,IOWA,14,1,0,192,,,,,,,64.0,,,75.9,2,0,0,0,51,0,48,0,1
Jayden Montgomery,156435,LB,IOWA,11,0,0,192,,,,,,,65.9,,,73.0,0,0,0,0,30,35,6,6,0
Koen Entringer,156437,S,IOWA,14,1,0,192,,,,,,,64.1,,,29.1,1,2,0,0,46,0,27,53,3
Luke Gaffney,156438,DI,IOWA,1,0,0,192,,,,,,,60.5,,,63.1,0,0,0,0,0,0,7,0,0
TJ Hall,156441,CB,IOWA,6,1,0,192,,,,,,,72.0,,,79.1,1,0,0,0,28,19,37,37,2
Deshaun Lee,156442,CB,IOWA,11,0,0,192,60.0,,,,,,66.1,57.7,,78.2,0,0,0,23,7,0,0,60,0
Brian Allen Jr.,156444,ED,IOWA,1,0,0,192,,,,,,,60.0,,,64.7,0,0,0,0,0,0,0,1,0
Aaron Graves,156445,DI,IOWA,14,1,0,192,57.1,,60.0,,,,60.8,,,29.6,0,1,4,47,0,20,92,5,0
Drew Stevens,156447,K,IOWA,14,0,0,192,,85.0,,,76.6,,51.7,,,29.7,0,2,47,0,54,0,0,0,0
Kaden Wetjen,156448,WR,IOWA,14,0,0,192,,,,57.4,,,60.6,61.6,,66.3,0,0,0,0,0,54,0,29,0
Jaishawn Barham,156452,LB,MARYLAND,11,0,0,215,60.3,,,,,,62.3,,,69.3,0,0,0,40,0,0,0,5,0
Gavin Gibson,156453,CB,MARYLAND,7,0,0,215,59.8,,,,,,37.2,,,27.5,0,1,0,11,6,0,0,11,0
Caleb Wheatland,156454,LB,MARYLAND,13,0,0,215,59.9,,,59.4,,,47.5,,,37.8,0,1,0,4,0,61,39,3,0
Victor Jones,156457,WR,LIBERTY,1,0,0,206,,,,,,,60.0,,,63.2,0,0,0,0,0,0,1,0,0
Ernest Hausmann,156458,LB,MICHIGAN,12,0,0,222,59.6,,,,,,54.7,,,74.2,1,0,0,10,46,2,25,17,1
Jaeden Gould,156459,S,SYRACUSE,12,0,0,304,59.7,,,,,,58.7,,,79.6,0,1,0,11,54,19,7,33,0
Luke Lindenmeyer,156460,TE,NEBRASKA,2,0,0,238,,,60.0,,,,60.5,,,65.9,0,0,1,0,0,2,0,0,0
Malcolm Hartzog,156462,CB,NEBRASKA,12,0,0,238,59.8,,,,,,52.8,,,40.8,0,1,0,24,26,0,10,24,0
Justin Evans,156464,G,NEBRASKA,12,0,0,238,,,75.1,,,,67.4,,,71.3,0,0,42,0,0,0,31,0,0
Jake Appleget,156468,TE,NEBRASKA,4,0,0,238,,,60.5,,,,61.3,,,67.7,0,0,8,0,0,6,12,0,0
Janiran Bonner,156471,TE,NEBRASKA,12,0,0,238,,,,,,,61.8,,,72.0,0,0,0,0,0,48,0,4,0
Jalil Martin,156472,CB,SYRACUSE,10,0,0,304,59.8,,,,,,53.8,,,74.9,2,1,0,2,26,0,10,30,0
Emmett Johnson,156473,HB,NEBRASKA,9,0,0,238,,,,59.4,,,70.8,,,67.5,0,0,0,0,1,15,1,12,0
Decoldest Crawford,156474,WR,LA TECH,10,0,0,208,,,,,,,60.4,,,73.6,1,0,0,0,52,0,0,1,0
Javier Morton,156475,CB,NEBRASKA,4,0,0,238,,,,,,,51.8,,,72.6,0,1,0,0,2,0,0,17,0
Deshon Singleton Jr.,156476,S,NEBRASKA,4,0,0,238,59.8,,,,,,60.7,,,64.9,0,0,0,13,1,0,0,3,0
George Fitzpatrick,156481,T,OHIO STATE,2,0,0,260,,,60.0,,,,60.5,,,63.4,0,0,2,0,0,0,0,0,0
C.J. Hicks,156483,LB,OHIO STATE,13,0,0,260,60.0,,,,,,67.8,,,81.9,0,1,0,1,41,25,0,49,2
Jyaire Brown,156484,CB,OHIO STATE,1,0,0,260,,,,,,,61.1,,,67.9,0,0,0,0,0,0,0,4,0
Ryan Turner,156485,CB,OHIO STATE,1,0,0,260,59.9,,,,,,60.0,,,61.1,0,0,0,1,0,0,0,0,0
Gabe Powers,156486,LB,OHIO STATE,12,0,0,260,60.0,,,,,,80.2,,,74.4,0,0,0,1,68,14,0,24,3
Kye Stokes,156487,S,OHIO STATE,2,0,0,260,,,,,,,60.8,,,65.1,0,0,0,0,0,0,0,3,0
Caden Curry,156488,ED,OHIO STATE,13,0,0,260,59.5,,,59.9,,,75.8,,,79.6,1,0,0,5,74,40,17,12,0
Mason Arnold,156489,LS,FLORIDA ST,5,0,0,167,,,61.6,,,69.7,62.4,,,61.6,0,0,5,0,0,0,0,0,0
Jayden Fielding,156492,K,OHIO STATE,13,0,0,260,,79.1,,,86.0,,63.9,,,76.8,0,0,70,0,77,0,0,0,0
Zion Steptoe,156494,CB,PURDUE,12,1,0,273,60.0,,,61.8,,,64.5,,,81.8,0,0,0,6,57,47,0,49,3
Mo Omonode,156497,DI,PURDUE,11,0,0,273,58.6,,,,,,59.2,,,67.3,0,0,0,22,0,0,0,3,0
Thomas Amankwaa,156501,S,RUTGERS,13,0,0,278,60.0,,,,,,64.4,,,75.3,0,0,0,3,34,40,0,5,0
Rashad Rochelle,156502,WR,RUTGERS,12,0,0,278,,,,67.6,,,54.0,38.3,,69.4,0,0,0,0,0,55,6,34,0
Kwabena Asamoah,156503,G,RUTGERS,10,0,0,278,,,73.5,,,,64.9,,,73.1,0,0,42,0,0,0,0,0,0
Dantae Chin,156504,G,RUTGERS,2,0,0,278,,,63.5,,,,62.5,,,70.3,0,0,10,0,0,0,0,0,0
Mike Higgins,156505,FB,RUTGERS,1,0,0,278,,,,,,,60.0,,,63.1,0,0,0,0,0,1,0,0,0
Kenny Fletcher Jr.,156506,ED,RUTGERS,3,0,0,278,,,,,,,61.4,,,65.7,0,0,0,0,0,2,0,3,0
Moses Walker,156507,LB,RUTGERS,12,0,0,278,,,,,,,57.0,,,40.5,0,1,0,0,38,43,56,25,0
Timmy Ward,156511,CB,RUTGERS,13,0,0,278,,,,,,,60.5,60.0,,81.2,2,0,0,0,48,40,25,43,1
Jymetre Hester,156516,WR,FAU,3,0,0,165,,,60.0,,,,61.8,29.3,,67.5,0,0,6,0,0,0,0,5,0
Omari Hayes,156520,WR,FAU,2,0,0,165,,,,,,,59.3,,,68.0,0,0,0,0,0,0,6,0,0
Jayshon Platt,156522,WR,FAU,10,2,0,165,,,,61.8,,,67.3,,,79.5,0,0,0,0,19,25,33,23,0
Daedae Hill,156527,CB,FAU,12,0,0,165,59.4,,,62.5,,,53.2,,,29.2,0,2,0,42,9,8,11,43,0
Jahbari Hill,156529,S,FAU,8,0,0,165,,,,,,,78.6,,,72.0,0,0,0,0,39,0,0,26,4
Jaylen Wester,156530,LB,FAU,7,0,0,165,59.9,,,,,,68.3,,,73.8,0,0,0,10,0,0,0,5,0
Wyatt Sullivan,156534,TE,FAU,6,2,0,165,,,65.1,61.8,,,75.8,,,70.6,0,0,15,0,18,20,0,0,0
Riley Thompson,156535,P,PENN STATE,13,0,0,266,,,67.9,,,,63.5,,83.0,71.7,0,0,76,0,0,0,52,0,0
Larry Preston,156538,CB,FIU,12,1,0,166,60.0,,,,,,60.6,,,31.0,2,1,0,2,36,0,46,37,4
D'Verick Daniel,156539,S,FIU,12,0,0,166,59.7,,,,,,61.5,,,74.7,0,0,0,68,51,0,28,4,0
Will Prendergast,156541,DI,FIU,11,0,0,166,58.4,,,,,,58.6,,,67.0,0,0,0,21,0,0,0,2,0
Mike Jackson,156544,WR,FIU,1,0,0,166,,,,,,,60.0,,,64.5,0,0,0,0,0,0,1,0,0
Antonio Patterson,156545,HB,FIU,6,0,0,166,,,,61.8,,,68.8,,,73.0,0,0,0,0,2,28,0,12,0
Naeer Jackson,156546,G,FIU,12,0,0,166,,,72.4,,,,64.7,,,74.3,0,0,38,0,0,0,0,0,0
Jett Law,156551,WR,FIU,12,0,0,166,,,,,,,81.2,,,80.1,0,0,0,0,1,76,0,38,0
Hezekiah Masses,156555,CB,FIU,12,0,0,166,59.8,,,,,,68.4,,,76.9,0,0,0,56,51,0,0,13,2
Percy Courtney Jr.,156556,LB,FIU,11,1,0,166,,,,,,,58.7,,,46.6,0,2,0,0,0,18,45,36,0
CJ Christian,156558,S,FIU,10,0,0,166,59.7,,,,,,61.0,,,67.3,0,0,0,41,8,0,8,7,0
Steven Shannon,156560,ED,FIU,9,0,0,166,58.7,,,,,,60.5,,,72.3,0,0,0,13,0,0,7,4,0
Jackson Lee,156565,LS,FIU,12,1,0,166,,,77.2,,,72.5,74.8,,,67.7,0,0,40,0,0,0,73,0,1
Bud Holloway,156566,WR,LA TECH,2,0,0,208,,,,,,,62.3,,,69.7,0,0,0,0,5,0,1,10,0
Keldric Moody,156567,HB,LA TECH,12,0,0,208,,,,,,,56.7,,,29.0,0,1,0,0,60,2,0,22,0
Kobe Byrd,156572,CB,LA TECH,3,0,0,208,59.8,,,,,,61.5,,,67.8,0,0,0,1,0,12,0,3,0
Jakobe Brock,156576,TE,LA TECH,12,0,0,208,,,,,,,56.6,,,29.2,0,1,0,0,61,0,0,0,0
Cyrus Allen,156582,WR,LA TECH,8,0,0,208,,,,73.9,,,60.3,,,64.1,0,0,0,0,0,38,0,0,0
Patrick Rea,156583,P,LA TECH,1,0,0,208,,,60.0,,,,60.0,,,60.2,0,0,1,0,0,0,0,0,0
Quaterrius Tolbert,156584,WR,LA MONROE,11,0,0,209,,,,,,,64.5,,,75.2,0,0,0,0,2,78,13,17,2
Ethan Ellis,156588,G,MIDDLE TN,5,0,0,224,,,69.2,,,,63.3,,,63.0,0,0,17,0,0,0,0,0,0
Sterling Porcher,156590,T,MIDDLE TN,4,0,0,224,,,65.2,,,,62.8,,,70.5,0,0,13,0,0,0,0,0,0
James Douglas,156591,LB,MIDDLE TN,9,0,0,224,,,,,,,59.5,,,71.0,0,0,0,0,11,20,0,1,1
Chris Johnson,156592,S,MIDDLE TN,11,1,0,224,59.7,,,,,,76.7,,,79.3,2,0,0,14,46,49,30,12,6
Emmanuel Mann,156593,CB,MIDDLE TN,10,1,0,224,,,,,,,82.3,,,77.8,0,0,0,0,31,5,4,40,1
Keylan Rutledge,156597,G,MIDDLE TN,10,0,0,224,,,19.8,,,,33.4,,,65.2,0,0,44,0,0,0,0,0,0
Mateo Guevara,156598,G,MIDDLE TN,8,0,0,224,,,72.4,,,,56.7,,,27.8,0,1,36,0,0,0,0,0,0
Jaylen Ward,156599,WR,MIDDLE TN,4,0,0,224,,,,,,,67.3,,,70.2,0,0,0,0,1,13,0,6,0
Richard Rocquemore,156600,WR,N TEXAS,5,0,0,251,,,,,,,65.2,,,70.8,0,0,0,0,19,3,0,1,0
Bryce Linder,156601,S,N TEXAS,12,0,0,251,60.0,,,,,,63.8,,,30.5,1,2,0,12,60,52,2,9,0
Trent Ayers,156602,LB,N TEXAS,7,0,0,251,,,,,,,48.4,,,28.2,0,1,0,0,0,0,1,29,0
Isaiah Villanueva,156611,T,N TEXAS,1,0,0,251,,,60.0,,,,60.4,,,62.5,0,0,3,0,0,0,0,0,0
Patrick Smith-Young,156616,S,N TEXAS,9,1,0,251,60.0,,,,,,66.6,,,71.6,0,0,0,2,25,41,7,2,0
Moh Bility,156617,CB,RICE,5,0,0,275,,,,,,,61.7,50.0,,69.7,0,0,0,0,0,0,2,14,0
Ethan Wesloski,156620,LB,N TEXAS,9,0,0,251,59.6,,,,,,52.4,,,70.1,0,1,0,42,0,27,13,0,0
Cameron Robertson,156623,ED,SMU,13,0,0,287,88.4,,,,,,80.5,,,28.4,0,1,0,25,0,0,8,13,0
Dean Connors,156624,HB,RICE,8,0,0,275,,,,59.9,,,60.2,,,72.3,0,0,0,0,0,19,9,16,0
Tater Reid,156628,T,UAB,7,0,0,321,,,67.9,,,,63.3,,,63.8,0,0,25,0,0,0,0,0,0
Quez Yates,156629,T,UAB,12,0,0,321,,,78.1,,,,60.3,,,28.4,0,1,57,0,0,0,0,0,0
Dallas Payne,156630,TE,UAB,12,1,0,321,,,65.1,59.9,,,57.3,,,73.4,1,0,15,0,0,33,41,0,0
Reise Collier,156632,LB,UAB,1,0,0,321,,,,,,,61.8,,,70.0,0,0,0,0,4,8,0,0,0
Joker Gill,156634,ED,UAB,10,0,0,321,58.4,,,,,,59.5,,,67.5,0,0,0,25,0,0,0,6,0
Trey Miles,156636,CB,UAB,3,0,0,321,60.0,,,,,,68.4,,,67.2,0,0,0,1,3,0,0,1,1
Colten Cable,156638,G,W KENTUCKY,12,0,0,346,,,73.7,,,,64.4,,,65.5,0,0,53,0,0,0,0,0,0
Kylan Guidry,156639,ED,W KENTUCKY,13,1,0,346,59.2,,,,,,68.1,,,76.4,1,0,0,16,60,0,0,24,1
Dareon Goodrum,156640,DI,W KENTUCKY,1,0,0,346,,,,,,,60.0,,,64.1,0,0,0,0,0,0,0,1,0
Tom Ellard,156641,P,W KENTUCKY,9,0,0,346,,,65.4,,,,63.1,,69.7,72.1,0,0,39,0,0,0,47,0,0
Evan Wibberley,156645,C,W KENTUCKY,12,0,0,346,,,78.0,,,,65.6,,,64.3,0,0,56,0,0,0,0,0,0
Jax Cooper,156646,WR,W KENTUCKY,1,0,0,346,,,,,,,73.5,,,65.5,0,0,0,0,0,6,0,0,0
Mike Sharpe II,156651,HB,ARK STATE,8,0,0,113,,,,,,,73.2,,,50.6,0,1,0,0,8,39,9,31,1
Kadan Lewis,156652,DI,ARK STATE,5,0,0,113,59.3,,,,,,60.5,,,66.9,0,0,0,7,0,0,0,2,0
Miller McCrumby,156653,TE,ARK STATE,2,0,0,113,,,,,,,71.8,,,64.1,0,0,0,0,1,7,0,0,0
Dominic Zvada,156657,K,ARK STATE,13,0,0,113,,78.8,,,51.0,,62.3,,,70.8,0,0,63,0,21,0,0,0,0
Elijah Zollicoffer,156658,T,ARK STATE,5,0,0,113,,,72.0,,,,63.9,,,63.4,0,0,25,0,0,0,0,0,0
Keyron Crawford,156660,ED,ARK STATE,13,0,0,113,70.7,,,,,,78.0,,,72.9,0,0,0,40,0,0,0,13,0
Javante Mackey,156661,LB,ARK STATE,12,0,0,113,59.6,,,,,,56.2,,,28.4,0,1,0,54,0,1,0,10,0
Ashtin Rustemeyer,156662,DI,ARK STATE,11,0,0,113,58.9,,,,,,54.8,,,69.0,0,0,0,11,0,0,50,5,0
Websley Etienne,156663,S,ARK STATE,12,0,0,113,59.9,,,,,,59.7,,,79.7,0,0,0,2,43,33,48,34,4
James Reed III,156665,S,ARK STATE,13,0,0,113,60.0,,,,,,58.0,,,62.1,0,1,0,13,73,74,40,21,5
De'Andre Coleman,156668,WR,COAST CAR,10,1,0,141,,,,,,,75.4,,,43.3,1,1,0,0,38,44,0,4,1
Josiah Robinson,156669,LB,GA STATE,13,0,0,175,59.8,,,,,,56.5,,,78.7,4,0,0,16,67,72,22,35,1
Brooks Johnson,156670,TE,COAST CAR,2,0,0,141,,,,,,,66.6,,,69.6,0,0,0,0,9,8,0,0,1
John Grant,156671,TE,COAST CAR,5,0,0,141,,,60.0,,,,61.1,,,72.6,0,0,2,0,0,9,0,6,0
Nick Del Grande,156673,T,COAST CAR,7,0,0,141,,,72.5,,,,64.0,,,72.5,0,0,39,0,0,0,1,0,0
Matthew McDoom,156676,CB,COAST CAR,12,0,0,141,59.8,,,60.0,,,62.4,,,71.9,0,0,0,37,0,3,0,8,0
Kaleb Hutchinson,156677,S,COAST CAR,1,0,1,141,,,,,,,50.5,,,26.9,0,1,0,0,3,9,0,3,0
Elijah Hopkins,156678,CB,LIBERTY,9,0,0,206,60.0,,,59.9,,,60.8,,,80.4,2,0,0,2,55,35,15,21,3
Jerrod Cameron Jr.,156679,CB,UMASS,11,0,0,216,59.8,,,,,,54.0,,,29.3,2,1,0,2,0,19,16,26,1
Corey Warren,156680,ED,GA STATE,5,0,0,175,60.0,,,,,,60.7,,,65.0,0,0,0,7,0,0,0,1,0
Tray Brown,156681,LB,COAST CAR,13,1,0,141,59.9,,,,,,59.8,,,74.0,1,0,0,7,69,37,0,1,0
Kyrie Samuel,156682,DI,COAST CAR,2,0,0,141,59.4,,,,,,59.6,,,63.7,0,0,0,2,0,0,0,0,0
David Portu,156683,ED,COAST CAR,1,0,0,141,59.7,,,,,,60.0,,,61.8,0,0,0,1,0,0,0,0,0
Evan Crenshaw,156684,P,COAST CAR,12,0,0,141,,,60.0,,,,62.6,,60.2,73.0,1,0,2,0,0,0,39,0,0
Joshua Madison,156688,S,COAST CAR,10,0,0,141,60.0,,,,,,67.9,50.0,,77.2,0,0,0,1,44,0,0,25,0
Allen Henry,156689,DI,COAST CAR,13,0,0,141,57.2,,,,,,57.3,,,68.7,0,0,0,30,0,0,0,7,0
Avion McBride,156691,TE,GA STATE,10,0,0,175,,,72.4,,,,64.0,,,61.7,0,0,41,0,0,0,0,0,0
Alec Johnson,156693,C,GA STATE,1,0,0,175,,,,,,,60.0,,,64.6,0,0,0,0,1,0,0,0,0
Isaiah Holland,156694,S,GA STATE,2,0,0,175,,,,,,,61.0,,,69.1,0,0,0,0,0,0,0,3,0
PJ Simmons II,156695,S,GA STATE,12,0,0,175,59.7,,,,,,55.0,,,70.1,2,0,0,18,48,0,0,0,0
JayT Jackson,156696,CB,GA STATE,8,0,0,175,59.9,,,,,,67.4,,,70.9,0,0,0,1,0,0,0,19,0
Izaiah Guy,156698,CB,GA STATE,13,0,0,175,59.6,,,,,,55.8,60.0,,50.2,1,1,0,20,54,0,0,44,1
Rykem Laney,156700,WR,GA STATE,3,0,0,175,,,,,,,57.9,,,67.8,1,0,0,0,10,0,0,1,1
Christopher Smith,156701,LB,GA STATE,12,0,0,175,59.9,,,,,,64.6,,,73.7,0,0,0,3,9,53,0,18,0
JJ Johnson,156702,S,GA STATE,13,1,0,175,59.6,,,,,,73.6,,,79.6,0,0,0,47,14,70,65,19,4
Joseph Harper,156703,ED,GA STATE,1,0,0,175,59.6,,,,,,59.8,,,62.0,0,0,0,1,0,0,0,0,0
Carlos Fletcher,156704,ED,GA STATE,4,0,0,175,58.9,,,,,,59.1,,,66.0,0,0,0,19,0,0,0,0,0
Chance Singleton,156707,CB,GA STATE,12,1,0,175,,,,,,,66.2,,,39.2,1,1,0,0,47,4,63,40,5
Jayden Mines,156708,WR,JAMES MAD,7,0,0,197,,,,58.7,,,52.7,61.6,,70.8,1,0,0,0,2,4,18,4,0
Wayne Knight,156712,HB,JAMES MAD,4,0,0,197,,,,,,,70.9,,,73.9,0,0,0,0,0,0,21,26,0
Carter Miller,156713,G,JAMES MAD,1,0,0,197,,,60.0,,,,60.0,,,63.4,0,0,1,0,0,0,0,0,0
Carter Sweazie,156714,G,JAMES MAD,9,0,0,197,,,74.1,,,,65.3,,,75.4,0,0,48,0,0,0,0,0,0
Erick Harris,156718,WR,JAMES MAD,1,0,0,197,,,,,,,74.2,,,64.0,0,0,0,0,0,3,0,0,0
Amar Thomas,156719,ED,JAMES MAD,3,0,0,197,59.7,,,,,,63.0,,,67.3,0,0,0,6,0,0,0,8,0
Chauncey Logan Jr.,156720,CB,JAMES MAD,13,0,0,197,60.0,,,59.9,,,73.5,,,81.4,0,0,0,37,7,13,36,60,1
Trent Hendrick,156721,LB,JAMES MAD,13,4,0,197,59.7,,,,,,61.6,,,81.9,1,0,0,15,68,35,60,32,2
Jacob Thomas,156722,S,JAMES MAD,13,1,0,197,60.1,,,,,,71.1,,,80.3,0,0,0,28,76,22,60,14,2
Brent Austin,156723,CB,JAMES MAD,7,0,0,197,60.1,,,,,,61.2,,,67.3,0,0,0,10,1,0,0,0,0
Aiden Fisher,156725,LB,JAMES MAD,13,0,0,197,60.1,,,,,,72.1,,,75.9,1,0,0,40,7,5,47,25,2
Tyrique Tucker,156729,DI,JAMES MAD,9,0,0,197,58.7,,,,,,59.5,,,67.7,0,0,0,15,0,0,0,3,0
Zylan Perry,156734,HB,LA LAFAYET,13,0,0,207,,,,83.1,,,60.2,,,64.6,0,0,0,0,0,67,0,0,0
Bryant Williams,156735,T,LA LAFAYET,13,0,0,207,,,77.3,,,,66.4,,,76.2,0,0,69,0,0,0,0,0,0
Trent Murphy,156736,C,LA LAFAYET,1,0,0,207,,,60.0,,,,60.0,,,61.6,0,0,1,0,0,0,0,0,0
Charles Robertson,156740,WR,LA LAFAYET,2,0,0,207,,,,,,,72.7,,,70.8,0,0,0,0,6,0,10,0,0
Jaydon Johnson,156741,WR,LA LAFAYET,10,1,0,207,,,,61.8,,,82.1,,,35.7,0,1,0,0,34,35,11,38,4
Terrance Carter Jr.,156742,TE,LA LAFAYET,12,0,0,207,,,75.1,63.5,,,73.8,,,68.1,0,0,59,0,0,26,23,2,0
Kailep Edwards,156745,LB,LA LAFAYET,12,0,0,207,60.1,,,,,,67.3,,,82.0,1,1,0,9,68,70,31,30,1
Lorenzell Dubose,156747,CB,LA LAFAYET,6,0,0,207,59.9,,,,,,62.0,,,70.1,0,0,0,2,2,0,0,16,0
Maurion Eleam,156750,CB,LA LAFAYET,9,0,0,207,,,,,,,69.2,,,74.1,0,0,0,0,36,0,1,28,1
Carter Milliron,156755,LS,LA LAFAYET,13,0,0,207,,,79.7,,,74.0,72.3,,,67.0,1,0,66,0,0,0,53,0,2
Marcus Wiser,156758,DI,LA LAFAYET,5,0,0,207,58.4,,,,,,58.4,,,65.7,0,0,0,14,0,0,0,1,0
Aaron Wright,156759,S,LA LAFAYET,2,0,0,207,,,,,,,68.8,,,69.4,0,0,0,0,8,0,0,7,0
Tristan Driggers,156766,LB,LA MONROE,12,0,0,209,60.0,,,,60.0,,70.1,,,74.6,0,0,0,23,1,4,3,37,0
Carl Glass Jr.,156769,LB,LA MONROE,12,1,0,209,59.6,,,,,,65.4,,,47.3,1,1,0,30,46,0,65,2,5
Nick Torres,156770,LB,LA MONROE,11,0,0,209,,,,,,,88.0,,,29.8,0,1,0,0,16,41,3,36,3
Jalen Vinson,156779,LB,LA MONROE,11,0,0,209,,,,,,,35.0,,,28.5,2,3,0,0,11,78,0,33,1
Markeegan Gray,156780,S,LA MONROE,3,0,0,209,59.8,,,,,,60.0,,,63.3,0,0,0,5,0,0,0,0,0
Kenard Snyder,156781,ED,LA MONROE,12,0,0,209,69.9,,,,,,76.6,,,70.7,0,0,0,49,0,0,0,6,0
Brett Drillette,156782,LB,LA MONROE,5,0,0,209,,,,,,,63.7,,,72.0,0,0,0,0,0,0,7,9,0
Luke Stagg,156785,K,LA MONROE,1,0,0,209,,60.0,,,,,60.0,,,61.7,0,0,1,0,0,0,0,0,0
Braxton Guilbeau,156786,P,LA MONROE,12,0,0,209,,65.4,,,58.2,,63.7,,61.8,76.1,0,4,6,0,7,0,63,0,1
Cole Pennington,156787,QB,MARSHALL,1,0,0,214,,,,,,,60.0,,,60.2,0,1,0,0,0,0,0,0,0
A.J. Turner,156791,HB,MARSHALL,1,0,0,214,,,,54.3,,,60.0,,,62.9,0,0,0,0,0,6,0,0,0
Maurice Jones,156792,HB,MARSHALL,1,0,0,214,,,,59.9,,,60.0,,,61.2,0,0,0,0,0,1,0,0,0
Trent Fraley,156795,C,MARSHALL,3,0,0,214,,,60.0,,,,61.2,,,65.7,0,0,3,0,0,0,20,0,0
Jalen Slappy,156800,G,MARSHALL,13,1,0,214,,,29.8,,,,56.7,,,68.9,0,0,55,0,0,0,52,0,0
Tariq Montgomery,156802,T,MARSHALL,12,0,0,214,,,57.8,,,,60.0,,,66.2,0,0,56,0,0,0,0,0,0
Sean Sallis,156806,TE,MARSHALL,12,1,0,214,,,,59.2,,,84.4,,,77.5,0,0,0,0,29,72,0,12,0
Jacobie Henderson,156809,CB,MARSHALL,12,0,0,214,59.8,,,59.9,,,61.3,,,30.0,0,1,0,24,20,53,5,11,0
Leon Hart Jr.,156811,LB,MARSHALL,10,0,0,214,,,,,,,75.6,,,74.3,0,0,0,0,0,64,0,0,0
AG McGhee,156812,S,MARSHALL,13,0,0,214,59.9,,,,,,66.6,,,74.0,0,0,0,43,17,0,0,52,0
James Smyre,156816,LB,UAB,10,0,0,321,,,,,,,75.9,,,73.7,0,0,0,0,50,3,0,14,6
Rece Verhoff,156821,K,MARSHALL,13,0,0,214,,72.7,,,74.0,,63.5,,,75.5,1,0,50,0,61,0,0,0,0
Mario Easterly,156823,S,DOMINION,13,2,0,263,59.9,,,,,,55.1,,,81.2,4,1,0,2,62,62,37,26,4
Chris Spencer,156825,ED,DOMINION,1,0,0,263,59.3,,,,,,59.5,,,63.1,0,0,0,2,0,0,0,0,0
Ethan Sanchez,156826,K,DOMINION,13,0,0,263,,78.9,,,69.6,,62.5,,,71.5,0,0,57,0,26,0,0,0,0
Je'Careon Lathan,156827,CB,DOMINION,8,0,0,263,,,,,,,57.4,,,77.4,1,0,0,0,5,34,14,12,1
Markus Knight,156828,S,DOMINION,12,0,0,263,60.0,,,,,,74.4,,,81.6,1,0,0,4,60,29,0,23,4
Ishmael Roy,156829,WR,MARSHALL,12,3,0,214,,,,,,,68.6,,,35.0,2,1,0,0,58,33,40,17,6
Elijah Hoskin,156833,G,DOMINION,12,0,0,263,,,57.0,,,,60.8,,,74.8,0,0,54,0,0,0,1,0,0
Kenyon Clay,156837,HB,SO MISS,11,2,0,296,,,,,,,70.1,,,84.8,1,0,0,0,51,63,47,35,1
Wil Saxton,156838,G,SO MISS,12,0,0,296,,,76.8,,,,65.9,,,73.4,0,0,54,0,0,0,0,0,0
Ethan Bumgarner,156840,T,SO MISS,1,0,0,296,,,,,,,60.1,,,61.5,0,0,0,0,0,0,2,0,0
Micheal Caraway Jr.,156841,CB,SO MISS,11,0,0,296,59.6,,,,,,47.8,,,28.7,2,3,0,42,1,2,52,5,2
Drew Horton,156843,LB,SO MISS,1,0,0,296,,,,,,,60.0,,,62.6,0,0,0,0,0,0,0,1,0
Brodarius Lewis,156845,DI,SO MISS,10,0,0,296,58.1,,,,,,58.5,,,68.1,0,0,0,27,0,0,0,5,0
Jordyn Mahaffey,156847,ED,SO MISS,1,0,0,296,59.8,,,,,,56.9,,,63.9,0,0,0,1,0,2,0,0,0
Bryce Lofton,156848,P,SO MISS,12,0,1,296,,,,,,,63.5,,70.1,75.4,0,1,0,0,0,0,63,0,0
Latreal Jones,156849,WR,SO MISS,8,0,0,296,,,,,,,68.6,,,74.3,0,0,0,0,0,0,0,31,0
Demeco Roland,156850,DI,SO MISS,11,0,0,296,56.9,,,,,,49.7,,,29.0,0,1,0,33,0,0,0,2,0
Trace White,156851,DI,SO MISS,1,0,0,296,,,,,,,59.8,,,64.7,0,0,0,0,0,0,0,1,0
Owen McClintock,156857,LB,TEXAS ST,3,0,0,314,,,67.1,,,,62.5,,,62.6,0,0,20,0,0,0,16,0,0
Alonzo Edwards Jr.,156859,S,TEXAS ST,13,1,0,314,59.4,,,61.8,,,58.6,,,80.2,2,0,0,35,66,49,39,32,6
CJ Williams,156860,LB,TEXAS ST,5,0,0,314,,,,,,,43.8,,,68.6,0,1,0,0,1,2,1,12,1
Titus Lyons,156861,TE,TEXAS ST,7,0,0,314,,,,59.6,,,67.4,,,68.4,0,0,0,0,0,24,0,0,0
Kyler Gibson,156868,T,TROY,1,0,0,318,,,60.0,,,,60.4,,,62.5,0,0,3,0,0,0,0,0,0
Blake Matthews,156872,LB,TROY,14,0,0,318,,,,,,,65.0,,,79.7,1,1,0,0,50,53,40,25,3
Justin Powe,156873,S,TROY,10,1,0,318,60.0,,,,,,61.4,,,69.4,2,0,0,1,50,0,0,0,3
Luke Hodge,156876,LB,TROY,14,0,0,318,,,,,,,58.7,,,57.0,0,1,0,0,19,51,35,34,0
Daniel King,156877,G,TROY,14,0,0,318,,,80.1,,,,66.0,,,64.8,0,0,73,0,0,0,1,0,0
Colin Lyons,156881,G,AKRON,11,0,0,102,,,74.1,,,,64.7,,,67.4,0,0,38,0,0,0,0,0,0
Grant Gainer,156882,TE,AKRON,10,0,0,102,,,,,,,60.0,,,76.3,0,0,0,0,0,50,56,11,0
Tyhler Williams,156886,C,AKRON,11,0,0,102,,,72.4,,,,64.6,,,71.5,0,0,39,0,0,0,0,0,0
Kiawan Murphy,156887,DI,AKRON,3,0,0,102,59.2,,,,,,59.3,,,63.7,0,0,0,5,0,0,0,0,0
Bryan McCoy Jr.,156889,LB,AKRON,11,2,0,102,59.6,,,,,,52.3,,,28.8,0,1,0,40,35,12,1,6,2
Charles Kellom,156890,HB,AKRON,11,0,0,102,,,,,,,70.3,,,79.0,0,0,0,0,0,26,63,35,2
Bobby Golden,156892,WR,AKRON,12,0,0,102,,,,,,,62.3,57.3,,68.4,0,0,0,0,0,0,0,58,0
Sidney Houston Jr.,156893,ED,BALL ST,12,0,0,117,59.5,,,,,,58.5,,,68.2,0,0,0,50,0,0,2,5,0
Loren Strickland,156894,S,BALL ST,12,2,0,117,59.9,,,,,,62.6,,,74.2,1,0,0,28,46,4,5,6,2
Tanner Koziol,156895,TE,BALL ST,9,0,0,117,,,71.1,,,,63.7,,,61.6,0,0,35,0,0,0,0,0,0
DeJuan Echoles Jr.,156900,LB,BALL ST,5,0,0,117,,,,,,,44.3,,,27.7,0,1,0,0,0,0,0,18,0
Dwayne Moorehead,156901,WR,BALL ST,1,0,0,117,59.3,,,,,,59.4,,,63.0,0,0,0,3,0,0,0,0,0
Alan Anaya,156905,K,BOWL GREEN,13,0,0,122,,75.3,,,62.0,,61.5,,,67.7,0,0,61,0,2,0,0,0,0
Sami Sir,156907,P,BOWL GREEN,4,0,0,122,,,,,,,61.5,,52.9,70.5,0,0,0,0,0,0,17,0,0
Justin Holmes,156914,TE,KENT STATE,12,0,0,201,,,65.5,62.4,,,57.8,,,73.2,0,1,16,0,0,74,2,0,1
Josh Baka,156915,S,KENT STATE,9,0,0,201,59.7,,,,,,65.7,,,71.8,1,0,0,16,18,21,8,18,3
Gavin Garcia,156916,HB,KENT STATE,7,1,0,201,,,,59.9,,,73.5,,,70.0,1,0,0,0,18,15,12,0,3
Kordell David,156921,WR,NEW MEX ST,5,0,0,242,60.0,,,,,,61.6,,,65.7,0,0,0,1,14,2,1,0,0
Jamoni Jones,156922,HB,NEW MEX ST,15,0,0,242,,,,,,,59.0,,,75.3,0,0,0,0,0,33,54,3,0
Chris Bellamy,156923,WR,NEW MEX ST,4,0,0,242,,,,,,,61.9,,,70.5,0,0,0,0,0,13,0,3,0
Star'Corius Thomas,156926,HB,NEW MEX ST,15,0,0,242,,,,57.1,,,61.9,,,29.1,0,1,0,0,0,72,35,0,0
Malachi McLean,156929,S,NEW MEX ST,9,0,1,242,60.0,,,,,,29.3,,,26.3,0,5,0,2,47,0,10,31,1
Cooper Sheehan,156931,C,NEW MEX ST,12,0,0,242,,,25.8,,,,51.9,,,74.4,0,0,57,0,0,0,38,0,0
Sterling Webb,156932,DI,NEW MEX ST,11,0,0,242,59.1,,65.2,,,,61.3,,,70.2,0,0,16,33,0,0,0,4,0
Buddha Peleti Jr.,156933,ED,NEW MEX ST,14,0,0,242,59.7,,,,,,60.4,,,69.1,0,0,0,30,0,13,0,7,0
Jaden Robinson,156934,ED,NEW MEX ST,3,0,0,242,,,,,,,60.2,,,67.4,0,0,0,0,0,10,0,1,0
Makhilyn Young,156935,HB,NEW MEX ST,15,0,0,242,,,,59.4,,,69.7,,,45.6,0,1,0,0,45,69,2,44,4
Rashad McKinley,156937,CB,NEW MEX ST,2,0,0,242,,,,,,,63.0,,,68.0,0,0,0,0,0,0,0,6,0
Pierce Humpich,156938,LB,NEW MEX ST,1,0,0,242,,,,,,,60.2,,,67.1,0,0,0,0,0,2,0,0,0
Louie Canepa,156939,T,NEW MEX ST,15,0,0,242,,,78.7,,,,66.4,,,72.2,0,0,71,0,0,0,0,0,0
Jonathan Brady,156940,WR,NEW MEX ST,13,0,0,242,,,,62.6,,,61.0,83.5,,67.9,0,0,0,0,0,15,2,40,0
Trevor Stephens,156941,TE,NEW MEX ST,15,0,0,242,,,77.2,59.9,,,61.1,,,73.0,0,0,74,0,0,72,0,0,0
Keyshaun Elliott,156945,LB,NEW MEX ST,15,0,0,242,59.8,,,,,,60.8,,,71.3,0,0,0,63,0,2,19,8,0
Jaxon Heil,156947,LB,NEW MEX ST,12,0,0,242,60.0,,,67.1,,,70.9,,,75.6,0,0,0,1,0,40,0,21,0
Gabe Peterson,156950,ED,NEW MEX ST,15,0,0,242,79.2,,,,,,89.4,,,70.4,0,0,0,59,0,2,54,7,0
Marty Auer,156954,CB,NOTRE DAME,12,0,0,258,,,,,,,72.2,,,75.3,0,0,0,0,8,0,0,38,0
Hakim Sanfo,156955,TE,NOTRE DAME,1,0,0,258,,,60.0,,,,60.0,,,60.6,0,0,1,0,0,0,0,0,0
Chase Dixon,156960,WR,NOTRE DAME,1,0,0,258,,,,,,,60.0,,,63.9,0,0,0,0,1,0,0,0,0
Donovan Hinish,156961,DI,NOTRE DAME,1,0,0,258,59.3,,,,,,60.0,,,64.4,0,0,0,2,0,0,0,1,0
Justin Fisher,156962,TE,NOTRE DAME,1,0,0,258,,,,,,,60.5,,,64.6,0,0,0,0,2,0,0,0,0
Gi'Bran Payne,156963,HB,NOTRE DAME,7,0,0,258,,,,59.6,,,67.1,,,68.8,0,0,0,0,0,24,2,0,0
Bryce McFerson,156965,P,NOTRE DAME,12,1,0,258,,,66.8,,,,63.2,,67.5,70.6,0,0,56,0,0,0,39,0,1
Benjamin Morrison,156968,CB,NOTRE DAME,12,0,0,258,59.6,,,61.8,,,61.4,,,80.5,1,0,0,40,0,1,1,38,0
Jaden Mickey,156969,CB,NOTRE DAME,13,0,0,258,59.7,,,,,,59.7,,,76.3,2,0,0,9,86,17,0,27,2
Eli Raridon,156970,TE,NOTRE DAME,5,0,0,258,,,69.3,,,,62.6,,,66.0,0,0,27,0,0,10,0,0,0
Holden Staes,156971,TE,NOTRE DAME,4,0,0,258,,,,,,,79.0,,,67.4,0,0,0,0,0,14,0,0,0
Jaylen Sneed,156972,LB,NOTRE DAME,12,0,0,258,59.7,,,,,,51.7,,,29.2,0,1,0,12,31,0,4,27,1
Aamil Wagner,156973,T,NOTRE DAME,3,0,0,258,,,60.0,,,,61.9,,,65.4,0,0,9,0,0,0,0,0,0
Ty Chan,156976,G,NOTRE DAME,2,0,0,258,,,60.0,,,,60.3,,,65.4,0,0,2,0,0,0,0,0,0
Josh Burnham,156977,ED,NOTRE DAME,13,0,0,258,59.8,,,,,,62.8,,,78.7,1,0,0,13,62,40,0,40,0
Billy Schrauth,156979,G,NOTRE DAME,13,0,0,258,,,81.5,,,,62.6,,,29.0,0,1,87,0,0,0,0,0,0
Tobias Merriweather,156980,WR,NOTRE DAME,7,0,0,258,,,,,,,66.4,,,70.1,0,0,0,0,0,28,0,0,0
Nolan Ziegler,156981,LB,NOTRE DAME,3,0,0,258,60.0,,,,,,78.0,,,67.4,0,0,0,1,12,12,0,1,0
Junior Tuihalamaka,156982,ED,NOTRE DAME,13,0,0,258,59.8,,,,,,58.0,,,52.9,1,1,0,3,79,32,26,29,2
Leo Scheidler,156983,WR,NOTRE DAME,1,0,0,258,,,,,,,60.5,,,65.5,0,0,0,0,0,0,0,3,0
Jayden Bellamy,156984,CB,SYRACUSE,12,0,0,304,59.5,,,,,,63.4,,,74.1,0,0,0,32,28,0,1,24,0
Jadarian Price,156985,HB,NOTRE DAME,9,0,0,258,,,,65.0,,,59.8,,,64.3,0,0,0,0,1,35,0,0,0
Zac Yoakam,156986,K,NOTRE DAME,2,0,0,258,,60.0,,,69.1,,60.0,,,66.5,0,0,2,0,3,0,0,0,0
Rino Monteforte,156987,LS,NOTRE DAME,1,0,0,258,,,60.0,,,66.0,60.0,,,60.8,0,0,1,0,0,0,0,0,0
Carter Fouty,156989,G,TOLEDO,10,1,0,316,,,60.0,,,,67.7,,,65.7,0,0,1,0,0,0,38,0,0
Jalen Vanderbosch,156991,WR,TOLEDO,7,1,0,316,,,,,,,77.7,,,80.3,0,0,0,0,43,32,0,20,0
Jayden Baker,156992,LB,TOLEDO,1,0,0,316,,,,,,,60.4,,,63.3,0,0,0,0,2,0,0,0,0
Malachi Davis,156997,DI,TOLEDO,1,0,0,316,59.4,,,,,,59.6,,,62.5,0,0,0,2,0,0,0,0,0
Ethan Spoth,156998,C,TOLEDO,3,0,0,316,,,62.7,,,,62.1,,,65.4,0,0,7,0,0,0,0,0,0
Avery Smith,157000,CB,TOLEDO,14,3,0,316,59.9,,,,,,74.8,,,72.8,1,0,0,2,76,3,8,5,5
Tyler Booker,157001,G,ALABAMA,1,0,0,103,,,64.0,,,,62.2,,,62.4,0,0,8,0,0,0,0,0,0
Jehiem Oatis,157002,DI,ALABAMA,10,0,0,103,58.2,,,,,,58.7,,,67.3,0,0,0,20,0,0,0,4,0
Jam Miller,157003,HB,ALABAMA,14,0,0,103,,,,,,,68.0,,,59.5,1,1,0,0,81,0,60,54,4
Kendrick Law,157004,WR,ALABAMA,13,3,1,103,,,,61.7,,,61.0,,,52.7,0,1,0,0,86,58,56,0,1
Jeremiah Alexander,157005,LB,ALABAMA,14,0,0,103,,,,,,,71.4,,,78.1,0,1,0,0,0,58,2,4,0
Shawn Murphy,157006,LB,ALABAMA,12,0,0,103,,,,,,,64.3,,,77.7,0,0,0,0,2,46,45,1,0
Khurtiss Perry,157007,DI,ALABAMA,1,0,0,103,,,,,,,60.5,,,63.1,0,0,0,0,2,0,0,0,0
Tre'Quon Fegans,157009,S,USC,4,0,0,326,60.1,,,,,,65.6,,,66.8,0,0,0,6,2,5,0,3,0
Aaron Anderson,157010,WR,LSU,2,0,0,211,,,,58.6,,,60.0,53.1,,62.9,0,0,0,0,0,5,0,2,0
Elijah Brown,157012,TE,FAU,3,0,0,165,,,,,,,56.9,,,67.1,0,0,0,0,1,17,0,0,0
Jihaad Campbell,157013,LB,ALABAMA,13,0,0,103,60.1,,,,,,66.8,,,78.6,1,0,0,31,71,0,60,18,2
Jaylen Lewis,157018,CB,ARKANSAS,1,0,0,111,,,,,,,60.0,,,63.9,0,0,0,0,1,0,0,0,0
Anthony Brown,157019,CB,PURDUE,12,0,0,273,,,,,,,59.6,,,28.4,2,2,0,0,38,61,16,13,4
Rashod Dubinion,157020,HB,ARKANSAS,1,0,0,111,,,,,,,60.5,,,66.7,0,0,0,0,0,0,0,3,0
James Jointer,157021,HB,LIBERTY,10,1,1,206,,,,,,,45.2,,,29.2,3,1,0,0,40,38,0,3,2
E'Marion Harris,157022,G,ARKANSAS,3,0,0,111,,,60.0,,,,61.7,,,63.2,0,0,8,0,0,0,0,0,0
Eli Stein,157024,LS,ARKANSAS,12,1,0,111,,,87.4,,,87.3,72.2,,,67.3,2,0,57,0,0,0,60,0,0
Andrew Chamblee,157025,T,ARKANSAS,12,0,0,111,,,75.4,,,,65.6,,,74.7,0,0,57,0,0,0,0,0,0
Mani Powell,157027,LB,ARKANSAS,10,0,0,111,59.9,,,,,,67.5,,,63.6,1,2,0,51,51,55,53,35,3
Max Fletcher,157028,P,ARKANSAS,12,0,0,111,,,66.8,,,,63.5,,85.2,73.2,0,1,57,0,0,0,60,0,0
Ty Washington,157029,TE,ARKANSAS,9,0,0,111,,,70.7,59.9,,,73.2,,,69.4,0,0,33,0,0,23,0,4,0
Jordan Crook,157032,LB,ARKANSAS,12,0,0,111,59.5,,,,,,76.1,,,85.4,1,0,0,65,45,68,57,31,6
Damari Alston,157037,HB,AUBURN,2,0,0,115,,,,,,,75.6,,,65.4,0,0,0,0,3,1,0,0,0
Alex McPherson,157038,K,AUBURN,13,0,0,115,,88.4,,,76.5,,63.7,,,76.0,1,0,53,0,66,0,0,0,0
JD Rhym,157039,CB,AUBURN,3,0,0,115,60.0,,,,,,62.8,,,68.7,0,0,0,4,7,0,0,6,0
Powell Gordon,157043,CB,AUBURN,3,0,0,115,59.9,,,,,,63.8,,,68.6,0,0,0,1,3,0,3,3,1
Enyce Sledge,157044,DI,AUBURN,1,0,0,115,59.3,,,,,,59.3,,,64.3,0,0,0,2,0,0,0,1,0
Robert Woodyard Jr.,157047,LB,AUBURN,3,0,0,115,60.0,,,,,,61.4,,,67.6,0,0,0,1,0,1,0,4,0
Omari Kelly,157048,WR,AUBURN,3,0,0,115,,,,,,,63.0,,,68.6,0,0,0,0,6,0,0,3,0
Austin Ausberry,157050,CB,AUBURN,4,0,0,115,59.9,,,,,,48.1,,,28.2,0,1,0,1,7,6,0,17,0
Caleb Wooden,157051,S,AUBURN,10,0,0,115,59.9,,,,,,69.8,,,74.8,0,0,0,10,12,1,15,31,1
Paul Thompson Jr.,157052,S,AUBURN,4,0,0,115,,,,,,,69.1,,,72.5,0,0,0,0,3,0,0,13,0
Micah Riley,157053,TE,AUBURN,13,0,0,115,,,,59.9,,,76.7,,,29.5,0,1,0,0,3,63,0,23,0
Jeffrey M'ba,157055,DI,PURDUE,9,0,0,273,59.1,,,,,,59.6,,,66.1,0,0,0,14,0,0,0,1,0
Marquise Gilbert,157056,S,AUBURN,3,0,0,115,59.9,,,,,,61.1,,,62.7,0,0,0,3,1,0,0,2,0
Griffin Scroggs,157060,G,APP STATE,14,0,0,108,,,79.5,,,,66.9,,,75.0,0,0,76,0,0,0,0,0,0
Mykel Williams,157061,ED,GEORGIA,13,0,0,173,59.9,,77.1,59.9,,,69.7,,,36.0,0,1,78,2,0,42,0,10,0
CJ Madden,157062,ED,GEORGIA,6,0,0,173,59.7,,,,,,58.9,,,66.7,0,0,0,4,0,5,0,3,0
Bear Alexander,157064,DI,USC,13,0,0,326,57.8,,,,,,58.7,,,72.2,0,0,0,37,0,0,0,8,0
Malaki Starks,157069,S,GEORGIA,14,0,0,173,60.2,,,,,,65.3,,,77.7,0,0,0,33,7,1,28,67,0
Jalon Walker,157070,ED,GEORGIA,14,0,0,173,59.8,,,,,,74.8,,,60.9,0,1,0,5,54,49,3,57,2
Brett Thorson,157071,P,GEORGIA,13,0,0,173,,,,,,,62.3,,79.6,72.3,0,0,0,0,0,0,32,0,0
Earnest Greene III,157074,T,GEORGIA,7,0,0,173,,,72.5,,,,64.2,,,65.9,0,0,46,0,0,0,0,0,0
Terrell Foster,157075,LB,GEORGIA,7,0,0,173,59.9,,,,,,67.1,,,73.2,0,0,0,2,7,6,0,20,0
CJ Smith,157076,WR,GEORGIA,9,0,0,173,,,,,,,58.2,,,76.4,1,0,0,0,31,0,1,22,2
De'Nylon Morrissette,157077,WR,GEORGIA,1,0,0,173,,,,,,,61.4,,,69.4,0,0,0,0,3,4,0,0,0
JaCorey Thomas,157078,S,GEORGIA,13,0,0,173,60.0,,,,,,68.6,,,78.0,0,0,0,4,85,48,2,26,1
Daylen Everette,157079,CB,GEORGIA,14,0,0,173,59.6,,,,,,62.4,,,72.8,0,0,0,33,8,0,1,11,0
Oscar Delp,157080,TE,GEORGIA,5,0,0,173,,,,,,,59.3,,,71.3,0,0,0,0,0,1,11,0,0
Grant Bingham,157095,C,KENTUCKY,2,0,0,202,,,,,,,60.4,,,62.2,0,0,0,0,0,0,6,0,0
Tomiwa Durojaiye,157096,ED,W VIRGINIA,12,0,0,343,59.2,,,,,,61.2,,,70.4,0,0,0,14,0,0,0,11,0
Elijah Reed,157097,S,KENTUCKY,12,0,0,202,,,,,,,51.5,,,76.8,2,1,0,0,66,30,0,32,0
Cole Lanter,157099,WR,KENTUCKY,2,0,0,202,,,,,,,67.5,,,67.1,0,0,0,0,0,0,0,4,0
Dane Key,157100,WR,KENTUCKY,1,0,0,202,,,,,,,60.0,,,62.9,0,0,0,0,0,2,0,0,0
Kells Bush,157102,DI,LA TECH,2,0,0,208,59.6,,,,,,59.8,,,63.4,0,0,0,2,0,0,0,0,0
Quency Wiggins,157104,ED,LSU,1,0,0,211,,,60.0,,,,60.6,,,63.7,0,0,2,0,0,0,0,1,0
Nathan Dibert,157105,K,LSU,12,0,0,211,,60.0,,,78.2,,64.5,,,80.0,1,0,1,0,95,0,0,0,1
Will Campbell,157106,T,LSU,13,0,0,211,,,79.5,,,,67.0,,,76.4,0,0,87,0,0,0,0,0,0
Fitzgerald West Jr.,157107,DI,LSU,1,0,0,211,,,,,,,60.0,,,63.9,0,0,0,0,0,0,0,1,0
Javen Nicholas,157109,WR,LSU,9,0,0,211,,,,61.3,,,49.3,62.7,,28.2,0,1,0,0,16,9,0,19,0
Tygee Hill,157111,DI,LSU,1,0,0,211,,,,,,,60.0,,,67.5,0,0,0,0,0,0,0,1,0
Jordan Allen,157114,S,LSU,5,0,0,211,60.0,,,,,,65.6,,,69.7,0,0,0,1,24,0,0,5,0
Laterrance Welch,157115,CB,LSU,9,0,0,211,59.8,,,,,,56.6,,,45.4,1,1,0,5,47,35,1,17,2
Jaelyn Davis-Robinson,157116,CB,SMU,13,0,0,287,59.9,,,,,,55.0,,,74.8,2,0,0,14,52,0,0,12,1
Emery Jones Jr.,157117,T,LSU,12,0,0,211,,,77.1,,,,66.3,,,77.2,0,0,73,0,0,0,0,0,0
Bo Bordelon,157119,T,LSU,13,0,0,211,,,79.6,,,,66.1,,,69.0,0,0,93,0,0,0,5,0,0
Harold Perkins Jr.,157120,LB,LSU,13,0,1,211,59.5,,,,,,53.0,,,29.0,0,1,0,55,1,0,3,11,0
GiVanni Peterson,157124,TE,LSU,6,0,0,211,,,,,,,57.9,,,68.6,0,0,0,0,0,27,0,0,0
RJ Willis,157126,WR,LSU,1,0,0,211,,,,,,,60.0,,,62.4,0,0,0,0,1,0,0,0,0
Davison Igbinosun,157129,CB,OHIO STATE,13,0,0,260,59.5,,,,,,61.6,,,80.9,0,0,0,33,12,0,0,56,0
Jarell Stinson,157130,CB,OLE MISS,13,1,0,226,,,,,,,52.7,,,82.4,3,1,0,0,87,6,45,36,0
Reginald Hughes,157136,ED,OLE MISS,4,0,0,226,,,,,,,58.9,,,71.7,0,0,0,0,29,17,0,1,0
Fraser Masin,157137,P,OLE MISS,13,0,0,226,,,,,,,63.3,,76.4,74.6,0,0,0,0,0,0,53,0,1
DeCarlos Nicholson,157143,CB,MISS STATE,12,0,0,227,59.4,,,,,,75.6,,,82.8,0,0,0,53,0,2,41,44,2
Percy Lewis IV,157144,T,MISS STATE,12,0,0,227,,,74.3,,,,64.9,,,68.7,0,0,54,0,0,0,0,0,0
Jalen Marshall,157155,DI,MISSOURI,2,0,0,229,60.0,,60.0,,,,60.8,,,62.2,0,0,4,1,0,0,0,0,0
Tavorus Jones,157157,HB,MISSOURI,1,0,0,229,,,,,,,62.1,,,66.6,0,0,0,0,0,0,0,5,0
Mekhi Miller,157163,WR,MISSOURI,10,0,0,229,,,,,,,66.2,,,75.3,0,0,0,0,3,3,3,39,0
Ja'Marion Wayne,157164,WR,MISSOURI,13,2,0,229,,,60.0,,,,66.1,,,76.4,1,0,2,0,86,59,0,9,2
Luther Burden III,157170,WR,MISSOURI,12,0,0,229,,,,61.8,,,62.2,66.3,,69.0,0,0,0,0,6,3,0,44,0
Cody Schrader,157177,HB,MISSOURI,11,2,0,229,,,,,,,50.0,60.2,,79.4,2,0,0,0,0,0,39,2,0
Gumbo Gaskins,157183,CB,VANDERBILT,6,0,0,333,60.0,,,,,,61.8,,,69.6,0,0,0,9,8,7,0,0,0
Jayden McGowan,157184,WR,VANDERBILT,12,0,0,333,,,,56.6,,,60.1,72.8,,66.2,0,0,0,0,0,86,0,18,0
Javen Jacobs,157190,HB,ARIZONA ST,5,0,0,110,,,,59.1,,,51.6,61.9,,65.9,0,0,0,0,5,7,1,6,0
Tevin White,157191,HB,ARIZONA ST,12,1,0,110,,,,,,,62.1,,,78.7,1,0,0,0,46,66,30,0,3
Coben Bourguet,157194,WR,ARIZONA ST,2,0,0,110,60.0,,,,,,74.4,,,66.7,0,0,0,1,0,1,0,1,0
Robby Harrison,157195,DI,INDIANA,1,0,0,190,59.1,,,,,,59.8,,,70.7,0,0,0,1,0,0,0,0,0
Ashton Jeanty,157196,HB,BOISE ST,4,0,0,120,,,,67.3,,,61.0,,,67.8,0,0,0,0,1,4,0,0,0
Kage Casey,157197,T,BOISE ST,12,0,0,120,,,76.1,,,,58.7,,,29.1,0,1,71,0,0,0,0,0,0
Austin Terry,157198,TE,BOISE ST,6,0,0,120,,,60.0,,,,85.7,,,68.7,0,0,6,0,0,25,0,0,0
Deven Wright,157199,ED,TEXAS ST,7,0,0,314,59.4,,,,,,59.8,,,66.1,0,0,0,18,0,1,0,0,0
Bryce Cleave,157200,S,BOISE ST,12,1,0,120,,,,,,,46.0,,,77.0,1,0,0,0,73,21,15,0,0
Braxton Fely,157202,DI,BOISE ST,14,0,0,120,58.3,,,,,,63.6,,,73.9,0,0,0,28,0,0,56,25,1
James Ferguson-Reynolds,157204,P,BOISE ST,14,0,0,120,,,67.0,,,,63.5,,78.1,72.7,1,1,60,0,1,0,56,0,0
Vann Schield,157212,HB,COLO STATE,7,0,0,144,,,69.5,,,,59.7,,,64.2,0,0,28,0,0,5,0,0,0
Jaseim Mitchell,157214,LB,COLO STATE,3,0,0,144,,,,,,,60.5,,,69.4,0,0,0,0,16,20,0,0,0
Nuer Gatkuoth,157215,ED,COLO STATE,10,0,0,144,80.8,,,59.9,,,86.3,,,70.8,0,0,0,34,10,10,5,9,0
Paddy Turner,157217,P,COLO STATE,12,0,0,144,,,66.7,,,,63.5,,62.3,72.9,0,0,55,0,0,0,54,0,1
Owen Piepergerdes,157221,K,KANSAS,5,0,0,198,,61.7,,,,,60.0,,,63.9,0,0,7,0,0,0,0,0,0
Sherod White,157223,HB,NEW MEXICO,7,0,0,241,,,,57.4,,,64.0,,,70.2,0,0,0,0,0,43,0,6,0
Jaylen Morgan,157224,HB,NEW MEXICO,2,0,1,241,,,,,,,41.5,,,25.2,0,1,0,0,10,0,0,0,1
DJ Wingfield,157230,T,NEW MEXICO,9,0,0,241,,,71.4,,,,63.9,,,63.7,0,0,38,0,0,0,0,0,0
J.C. Davis,157231,T,NEW MEXICO,12,0,0,241,,,75.1,,,,60.7,,,75.4,1,0,52,0,0,0,55,0,1
Kade Zimmerman,157232,WR,NEW MEXICO,2,0,0,241,,,,,,,61.0,,,69.7,0,0,0,0,1,9,0,0,0
Christian Ellis,157236,S,NEW MEXICO,12,0,0,241,59.7,,,,,,56.6,,,65.7,1,0,0,64,0,0,6,12,0
Blaine Smith,157239,S,NEW MEXICO,11,1,0,241,,,,,,,46.9,,,30.0,2,1,0,0,53,0,0,16,2
Luke Drzewiecki,157246,K,NEW MEXICO,12,0,0,241,,72.6,,,65.4,,51.9,,,29.7,1,1,52,0,54,0,0,0,0
Zach Benedict,157247,K,NEW MEXICO,1,0,0,241,,,,,49.3,,60.0,,,69.4,0,0,0,0,7,0,0,0,0
Justius Lowe,157248,WR,OREGON,1,0,0,264,,,,,,,49.6,,,69.5,0,0,0,0,7,0,2,0,0
Devon Jackson,157253,LB,OREGON,11,0,0,264,59.9,,,,,,68.6,,,71.5,0,0,0,8,44,0,0,15,1
Harrison Taggart,157254,LB,BYU,12,1,0,128,59.5,,,,,,63.8,,,77.1,3,0,0,38,34,30,56,18,1
Anthony Jones Jr.,157255,ED,INDIANA,5,0,0,190,,,,,,,63.7,,,75.2,0,0,0,0,12,0,0,0,0
Jahlil Florence,157256,CB,OREGON,10,0,0,264,91.5,,,,,,90.9,,,76.8,0,0,0,13,0,0,0,21,0
Jason Thompson,157262,WR,STANFORD,10,0,0,300,,,,58.4,,,58.8,,,74.8,1,0,0,0,17,7,40,8,0
Elic Ayomanor,157263,WR,STANFORD,6,0,0,300,,,,,,,56.2,,,69.9,2,0,0,0,0,35,7,0,0
Arlen Harris Jr.,157265,HB,IOWA STATE,2,0,0,193,,,,,,,60.2,,,71.8,0,0,0,0,0,7,0,7,0
Lucas Heyer,157266,G,STANFORD,4,0,0,300,,,68.7,,,,63.5,,,68.4,0,0,17,0,0,0,0,0,0
Jake Maikkula,157269,G,STANFORD,9,0,0,300,,,72.5,,,,64.6,,,71.5,0,0,30,0,0,0,0,0,0
Sam Roush,157270,TE,STANFORD,12,1,0,300,,,73.9,,,,66.2,,,74.7,0,0,49,0,1,25,54,0,1
C.J. Hawkins,157271,TE,STANFORD,1,0,0,300,,,,,,,60.0,,,63.8,0,0,0,0,0,0,0,1,0
David Bailey,157272,ED,STANFORD,11,0,1,300,59.7,,,,,,53.0,,,28.6,0,1,0,28,1,0,0,4,0
Joshua Thompson,157273,CB,STANFORD,4,0,0,300,,,,,,,68.9,,,68.4,0,0,0,0,14,0,0,0,1
Terian Williams II,157274,S,STANFORD,5,0,0,300,60.0,,,,,,90.1,,,69.7,0,0,0,2,17,0,0,7,0
Matt Rose,157275,LB,STANFORD,12,1,0,300,60.1,,,,,,64.3,,,45.1,1,2,0,5,55,59,50,29,5
Collin Wright,157276,CB,STANFORD,12,0,0,300,59.9,,,,,,63.5,,,76.8,0,0,0,62,4,1,4,22,0
Scotty Edwards,157277,S,STANFORD,10,0,0,300,59.8,,,,,,63.4,,,68.6,1,0,0,40,8,4,2,9,0
Ernest Cooper,157278,ED,STANFORD,11,0,0,300,59.8,,,,,,65.7,,,70.8,0,0,0,2,0,0,0,31,0
Benjamin Hudson,157279,LB,STANFORD,5,0,0,300,,,,,,,63.4,,,73.3,0,0,0,0,18,26,0,0,0
Jaxson Moi,157280,DI,STANFORD,12,0,0,300,58.3,,,,,,50.5,,,28.6,0,1,0,55,0,0,0,3,0
Tevarua Tafiti,157281,ED,STANFORD,11,0,0,300,59.6,,,,,,50.4,,,28.5,0,1,0,38,1,14,0,9,0
Pat Caughey,157282,DI,STANFORD,7,0,0,300,59.4,,,,,,61.0,,,67.8,0,0,0,16,0,0,0,4,0
Zach Rowell,157284,DI,STANFORD,4,0,0,300,59.1,,,,,,59.6,,,64.7,0,0,0,8,0,0,0,1,0
Kevin Ward,157287,CB,TCU,1,0,0,305,,,,,,,61.3,,,72.7,0,0,0,0,0,7,0,0,0
Namdi Obiazor,157288,LB,TCU,12,0,0,305,77.3,,,,,,85.8,,,66.7,0,0,0,58,0,0,11,4,0
Daveion Crawford,157290,S,TCU,1,0,0,305,,,,,,,60.2,,,62.9,0,0,0,0,2,0,0,0,0
Damonic Williams,157291,DI,TCU,12,0,0,305,58.4,,,,,,58.4,,,67.6,0,0,0,42,0,0,0,2,0
Micheal Ibukun-Okeyode,157292,ED,TCU,9,0,0,305,59.5,,,,,,60.3,,,66.0,0,0,0,24,0,0,0,2,0
Connor Lingren,157293,DI,TCU,1,0,0,305,,,,,,,60.0,,,67.5,0,0,0,0,0,0,0,1,0
Paul Oyewale,157294,ED,TCU,11,0,0,305,59.5,,,,,,60.5,,,67.7,0,0,0,42,0,0,0,2,0
Major Everhart,157295,WR,TCU,12,0,0,305,,,,68.9,,,55.1,,,68.8,1,0,0,0,13,67,14,3,1
Quinton Harris,157296,T,TCU,1,0,0,305,,,60.0,,,,61.2,,,61.8,0,0,6,0,0,0,0,0,0
Jordan Hudson,157298,WR,SMU,10,0,0,287,,,,60.0,,,59.8,,,28.3,0,1,0,0,7,30,1,4,0
Kyron Chambers,157300,CB,SMU,6,0,0,287,,,,,,,64.9,,,69.6,0,0,0,0,32,0,4,0,0
Chace Biddle,157301,S,TCU,4,0,0,305,,,,,,,62.6,,,71.0,0,0,0,0,17,1,0,0,0
Jaydon Blue,157303,HB,TEXAS,12,0,0,311,,,,66.4,,,58.6,,,73.7,1,0,0,0,69,4,4,0,2
Cole Hutson,157304,G,TEXAS,7,0,0,311,,,72.3,,,,55.6,,,28.0,0,1,41,0,0,0,0,0,0
Jaylon Guilbeau,157307,CB,TEXAS,5,0,0,311,,,,,,,44.7,,,70.6,1,0,0,0,11,7,0,15,0
Terrance Brooks,157312,CB,TEXAS,2,0,0,311,59.9,,,,,,61.4,,,69.7,0,0,0,1,0,1,0,5,0
Dennis Wilburn,157314,G,TEXAS TECH,12,0,0,315,,,77.7,,,,65.5,,,64.6,0,0,54,0,0,0,0,0,0
Drew Hocutt,157316,WR,TEXAS TECH,13,0,0,315,,,,,,,79.3,,,78.6,0,0,0,0,5,52,0,49,0
Landon Hullaby,157319,S,TEXAS TECH,4,0,0,315,,,,,,,64.0,,,71.4,0,0,0,0,2,0,0,8,0
Sammy Morris IV,157320,S,TEXAS TECH,3,0,0,315,,,,,,,48.1,,,67.5,0,0,0,0,6,0,0,0,0
Ty Kana,157322,LB,TEXAS TECH,4,0,0,315,60.0,,,,,,72.9,,,70.8,0,0,0,1,10,15,14,0,0
Joseph Adedire,157323,ED,TEXAS TECH,6,0,0,315,58.5,,,,,,60.1,,,67.1,0,0,0,11,0,0,0,7,0
Tre'Von McAlpine,157324,DI,TEXAS TECH,2,0,0,315,58.7,,,,,,59.1,,,67.8,0,0,0,8,0,0,0,0,0
Harvey Dyson,157327,ED,TEXAS TECH,5,0,0,315,58.6,,,,,,59.1,,,65.2,0,0,0,9,0,0,0,2,0
Bryson Donnell,157328,HB,TEXAS TECH,12,0,1,315,,,,,,,51.0,,,29.7,0,1,0,0,44,64,0,0,0
Wesley Smith,157329,LB,TEXAS TECH,3,0,0,315,60.0,,,,,,64.1,,,68.2,0,0,0,1,18,0,10,1,1
Ben Roberts,157332,LB,TEXAS TECH,13,0,0,315,59.9,,,,,,61.4,,,71.4,0,0,0,48,7,0,38,9,1
Sheridan Wilson,157336,C,TEXAS TECH,1,0,0,315,,,60.0,,,,60.1,,,66.1,0,0,2,0,0,0,0,0,0
Coy Eakin,157337,WR,TEXAS TECH,7,0,0,315,,,,,,,71.2,,,72.2,0,0,0,0,0,1,0,25,0
Djouvensky Schlenbaker,157345,HB,WASH STATE,10,0,0,341,,,,,,,58.9,,,75.4,0,1,0,0,48,48,0,13,1
Andre Dollar,157346,TE,WASH STATE,12,0,0,341,,,75.1,,,,64.0,,,65.8,0,0,60,0,0,4,44,0,0
Hudson Cedarland,157347,LB,WASH STATE,12,1,0,341,60.0,,,,,,59.1,,,40.8,0,1,0,1,58,59,1,32,1
Dylan Ray,157352,G,KENTUCKY,13,0,0,202,,,75.4,,,,64.8,,,64.5,0,0,60,0,0,0,0,0,0
Asani Redwood,157354,DI,W VIRGINIA,5,0,0,343,59.1,,,,,,59.6,,,64.9,0,0,0,5,0,0,0,1,0
Christion Stokes,157355,S,W VIRGINIA,4,0,1,343,60.0,,,,,,32.5,,,25.7,0,1,0,1,2,0,0,5,0
Hershey McLaurin,157356,S,W VIRGINIA,10,2,0,343,59.9,,,,,,53.2,,,72.2,1,0,0,28,43,0,1,29,4
Jacolby Spells,157358,CB,W VIRGINIA,12,0,0,343,60.0,,,,,,29.9,,,29.5,1,1,0,7,17,0,4,39,1
Trey Lathan,157359,LB,W VIRGINIA,5,1,0,343,59.8,,,,,,66.6,,,69.6,0,0,0,16,23,0,0,1,1
Sullivan Weidman,157360,G,W VIRGINIA,7,0,0,343,,,73.1,,,,64.5,,,67.6,0,0,33,0,0,0,0,0,0
Jarel Williams,157361,WR,W VIRGINIA,8,0,0,343,,,,,,,61.0,,,74.1,0,0,0,0,0,32,0,1,0
Oliver Straw,157362,P,W VIRGINIA,13,0,0,343,,,,,,,62.8,,77.5,73.6,0,0,0,0,0,0,44,0,0
Landen Livingston,157364,C,W VIRGINIA,1,0,0,343,,,60.0,,,,60.6,,,61.5,0,0,2,0,0,0,0,0,0
Charlie Katarincic,157365,G,W VIRGINIA,2,0,0,343,,,60.0,,,,60.6,,,61.7,0,0,4,0,0,0,0,0,0
Cortez Braham Jr.,157366,WR,W VIRGINIA,1,0,0,343,,,,,,,60.0,,,62.4,0,0,0,0,1,0,0,0,0
Jeremiah Aaron,157367,WR,W VIRGINIA,4,0,0,343,,,,,,,58.2,,,66.5,0,0,0,0,1,11,1,0,0
Mumu Bin-Wahad,157368,CB,UCONN,12,0,0,146,59.7,,,,,,65.0,,,75.8,0,0,0,39,2,0,15,16,2
Raleigh Collins III,157369,CB,W VIRGINIA,7,0,0,343,60.0,,,,,,64.1,,,72.0,0,0,0,4,4,1,0,15,0
CJ Donaldson,157372,HB,W VIRGINIA,3,0,0,343,,,,,,,60.5,,,66.0,0,0,0,0,1,1,0,0,0
Reggie Young,157380,T,COLORADO,4,0,0,143,,,65.2,,,,62.7,,,64.6,0,0,18,0,0,0,0,0,0
Jaylin Belford,157382,HB,LIBERTY,1,0,0,206,,,,,,,59.9,,,63.8,0,0,0,0,0,2,0,0,0
Markel Fortenberry,157383,WR,LIBERTY,4,0,0,206,,,,,,,60.0,61.4,,64.1,0,0,0,0,0,1,0,3,0
Brylan Green,157386,S,LIBERTY,13,0,0,206,60.1,,,,,,61.2,70.1,,67.2,0,0,0,27,0,1,0,43,0
Dexter Ricks Jr.,157387,CB,LIBERTY,13,1,1,206,59.7,,,,,,62.4,,,29.7,0,2,0,8,8,45,30,15,2
Jayden Sweeney,157389,S,LIBERTY,14,2,0,206,60.0,,,,,,63.9,,,79.0,1,0,0,3,96,45,0,32,1
A'Khori Jones,157391,S,LIBERTY,11,0,0,206,60.3,,,,,,56.2,,,41.7,1,1,0,13,15,44,0,22,0
Elijah Auguste,157393,CB,LIBERTY,13,0,0,206,60.0,,,,,,68.8,,,79.8,0,0,0,2,59,56,32,16,3
Tre Lawing,157396,S,LIBERTY,3,0,0,206,,,,,,,33.5,,,69.6,2,0,0,0,8,0,0,4,0
Caeden Callahan,157399,LB,LIBERTY,3,0,0,206,,,,,,,60.2,,,64.3,0,0,0,0,1,2,0,0,0
Mike Smith Jr.,157400,LB,BAYLOR,5,0,0,118,59.7,,,,,,67.9,,,67.6,0,0,0,21,0,12,9,0,0
Bryce Dixon,157403,DI,LIBERTY,14,0,0,206,57.7,,,,,,58.9,,,69.7,0,0,0,42,0,0,0,11,0
Michael Allen,157405,HB,NC STATE,1,0,0,248,,,,,,,60.0,,,66.6,0,0,0,0,0,1,0,0,0
Jackson Vick,157406,CB,NC STATE,10,1,0,248,,,,,,,62.6,,,76.5,1,0,0,0,45,0,5,32,0
Isaiah Crowell,157407,CB,NC STATE,2,0,0,248,,,,,,,62.9,,,66.7,0,0,0,0,4,0,0,4,0
Walt Gerard,157408,S,NC STATE,1,0,0,248,,,,,,,60.6,,,67.6,0,0,0,0,0,0,0,2,0
T.K. Wright,157410,LB,NC STATE,7,0,0,248,,,,,,,63.7,,,71.4,0,0,0,0,28,15,0,0,2
Brandon Cleveland,157411,DI,NC STATE,9,0,0,248,58.4,,,,,,59.7,,,68.3,0,0,0,16,0,0,0,6,0
Daejuan Thompson,157417,LB,NC STATE,1,0,0,248,,,,,,,50.9,,,67.0,0,0,0,0,9,0,0,0,0
Kanoah Vinesett,157421,K,NC STATE,1,0,0,248,,60.0,,,,,60.0,,,61.7,0,0,1,0,0,0,0,0,0
Terrell Timmons Jr.,157423,WR,NC STATE,4,0,0,248,,,,,,,61.3,,,66.7,0,0,0,0,1,3,0,2,0
Rylan Vann,157425,C,NC STATE,1,0,0,248,,,,,,,60.2,,,63.1,0,0,0,0,0,0,3,0,0
Bruce Mitchell,157431,DI,BYU,4,0,0,128,58.2,,,,,,58.8,,,67.4,0,0,0,24,0,0,16,2,0
Logan Fano,157432,ED,UTAH,5,0,0,328,59.5,,,,,,60.2,,,65.1,0,0,0,6,0,0,0,1,0
Michael Daley,157435,ED,BYU,4,0,0,128,59.8,,,,,,54.1,,,27.8,0,1,0,1,20,0,0,0,0
Isaiah Glasker,157436,LB,BYU,8,0,0,128,,,,,,,61.7,,,81.9,2,1,0,0,23,36,45,21,2
Dalton Riggs,157439,LS,BYU,1,0,0,128,,,,,,75.6,61.1,,,61.9,0,0,0,0,0,0,1,0,0
Jacob Sacra,157441,G,E CAROLINA,12,0,0,156,,,75.6,,,,65.5,,,73.0,0,0,46,0,0,0,0,0,0
J.D. Lampley,157442,ED,E CAROLINA,12,0,0,156,59.0,,,,,,65.4,,,72.4,0,0,0,18,0,0,61,4,1
Brock Spalding,157443,WR,E CAROLINA,8,0,0,156,,,,,,,68.5,,,73.3,0,0,0,0,0,1,0,42,0
Samuel Dankah,157444,ED,E CAROLINA,12,0,0,156,59.8,,,,,,63.5,,,46.0,1,1,0,2,50,58,4,59,3
Andrew Conrad,157445,K,E CAROLINA,12,0,0,156,,69.6,,,,,44.7,,,28.2,0,1,46,0,0,0,0,0,0
Isaiah Brown-Murray,157447,CB,E CAROLINA,11,0,0,156,59.9,,,,,,60.3,,,72.4,1,0,0,32,0,0,5,21,0
Zakye Barker,157449,LB,E CAROLINA,8,0,0,156,59.8,,,,,,60.2,,,75.4,1,0,0,3,0,14,17,13,1
Adrian Gonzalez,157452,DI,E MICHIGAN,12,0,0,160,57.8,,,,,,58.1,,,73.0,0,0,0,54,0,0,0,3,0
Joey Zelinsky,157453,ED,E MICHIGAN,11,0,0,160,59.0,,60.0,,,,62.1,,,74.9,0,0,2,22,0,1,0,11,0
Jason Marshall,157457,CB,E MICHIGAN,13,2,0,160,78.0,,,,,,85.6,,,74.0,2,0,0,49,45,7,15,15,2
Cole McElvany,157458,LB,E MICHIGAN,3,0,0,160,59.8,,,,,,64.3,,,66.9,0,0,0,12,7,0,0,3,0
Quinn Fracassi,157459,WR,E MICHIGAN,1,0,0,160,,,,,,,60.0,,,65.8,0,0,0,0,0,0,0,1,0
Keylen Gulley,157461,CB,E MICHIGAN,8,0,0,160,60.4,,,,,,66.1,,,80.8,0,0,0,12,5,0,0,20,0
Max Reese,157462,TE,E MICHIGAN,1,0,0,160,,,60.0,,,,60.8,,,60.5,0,0,4,0,0,0,0,0,0
Tommy Dickinson,157464,C,E MICHIGAN,1,0,0,160,,,60.0,,,,60.6,,,63.0,0,0,3,0,0,0,0,0,0
Nick Devereaux,157469,WR,E MICHIGAN,11,0,1,160,,,,,,,54.8,,,46.0,2,1,0,0,43,24,16,23,2
Ryan Kingston,157473,P,E MICHIGAN,11,0,0,160,,,,,67.0,,62.3,,,74.7,0,0,0,0,34,0,0,0,0
Ihson E. Jackson-Anderson,157474,HB,E MICHIGAN,12,0,0,160,,,,,,,56.4,,,52.2,3,1,0,0,35,0,60,16,7
Barry Manning,157476,S,E MICHIGAN,8,0,0,160,59.8,,,,,,47.0,,,72.6,2,0,0,8,25,0,9,17,0
Jeremiah Jackson Jr.,157477,C,E MICHIGAN,3,0,0,160,,,63.6,,,,63.0,,,70.6,0,0,13,0,0,0,0,0,0
Joshua Anderson,157479,T,E MICHIGAN,8,0,0,160,,,70.2,,,,64.3,,,71.4,0,0,30,0,0,0,0,0,0
Darius Lassiter,157480,WR,BYU,2,0,0,128,,,,,,,60.0,,,64.7,0,0,0,0,0,1,0,0,0
Maverick Baranowski,157484,LB,MINNESOTA,10,1,0,225,59.9,,,,,,68.2,,,75.4,1,0,0,34,43,1,36,0,2
Anthony Smith,157485,ED,MINNESOTA,11,0,0,225,58.8,,,,,,59.0,,,66.9,0,0,0,36,0,0,0,0,0
Nathan Jones,157489,TE,MINNESOTA,1,0,0,225,,,60.0,,,,71.1,,,63.4,0,0,4,0,0,4,0,0,0
Kristen Hoskins,157492,WR,MINNESOTA,1,0,0,225,59.7,,,,,,60.0,,,61.8,0,0,0,1,0,0,0,0,0
Rhyland Kelly,157495,CB,MINNESOTA,7,0,0,225,,,,61.8,,,63.0,,,75.4,0,0,0,0,0,38,0,32,0
Evan Redding,157496,CB,MINNESOTA,13,0,0,225,,,,,,,73.7,,,77.1,0,0,0,0,3,6,0,52,0
Ashton Beers,157497,G,MINNESOTA,13,0,0,225,,,73.9,,,,64.5,,,65.6,0,0,54,0,0,0,0,0,0
Jack Tinnen,157503,LB,MINNESOTA,1,0,0,225,,,,,,,61.6,,,66.1,0,0,0,0,0,0,0,4,0
Tariq Watson,157504,CB,MINNESOTA,13,0,0,225,60.2,,,,,,58.3,,,86.0,3,0,0,8,54,0,37,55,1
Tyler Stolsky,157505,LB,MINNESOTA,13,0,0,225,,,,,,,60.9,,,47.0,0,1,0,0,33,58,26,47,1
Joey Gerlach,157506,LB,MINNESOTA,13,0,0,225,60.0,,,,,,60.3,,,35.9,0,1,0,23,6,40,0,52,0
Aidan Gousby,157507,S,MINNESOTA,9,0,0,225,60.0,,,,,,54.0,,,78.8,0,0,0,5,45,8,23,36,0
Ike White,157508,WR,CHARLOTTE,1,0,0,136,,,,,,,61.0,,,66.0,0,0,0,0,1,0,0,2,0
Coleman Bryson,157509,S,MINNESOTA,13,1,0,225,59.9,,,60.0,,,43.4,,,87.7,1,1,0,18,63,61,65,41,2
Rayyan Buell,157513,DI,OHIO,11,0,0,259,57.7,,,,,,58.9,,,73.2,0,0,0,30,0,0,0,7,0
Tate Carney,157522,HB,WAKE,12,0,0,339,,,,,,,57.6,,,75.0,0,0,0,0,15,66,43,1,2
Demond Claiborne,157523,HB,WAKE,10,0,0,339,,,,70.1,,,61.5,,,73.0,0,0,0,0,7,45,31,0,1
Harry Lodge,157525,FB,WAKE,4,0,0,339,,,60.0,,,,67.8,,,68.9,0,0,7,0,0,19,0,0,0
Caleb Carlson,157526,K,WAKE,2,0,0,339,,,,,75.6,,60.0,,,70.1,0,0,0,0,9,0,0,0,0
Jamare Glasker,157528,CB,WAKE,8,0,0,339,59.8,,,,,,55.1,,,73.7,1,0,0,16,2,1,13,15,1
Ian Ver Steeg,157529,WR,WAKE,4,0,0,339,,,,59.6,,,72.5,,,68.3,0,0,0,0,0,13,3,0,1
Andre Hodge,157531,S,WAKE,3,0,0,339,,,,,,,53.1,,,69.6,1,0,0,0,12,0,0,0,0
Wesley Grimes,157534,WR,WAKE,5,0,0,339,59.3,,,57.1,,,60.1,,,63.8,0,0,0,2,0,9,0,1,0
Jacobi Gilbert,157537,ED,WAKE,9,0,0,339,,,,,,,61.7,,,73.6,0,0,0,0,42,14,0,9,2
Andre Hamilton,157541,S,APP STATE,14,3,0,108,,,,,,,56.9,,,84.6,6,0,0,0,73,0,50,41,5
Kevin Abrams-Verwayne,157542,ED,APP STATE,11,0,0,108,58.8,,,,,,61.0,,,68.0,0,0,0,12,0,0,0,8,0
Kanye Roberts,157543,HB,APP STATE,10,0,0,108,,,,,,,63.9,,,75.0,0,0,0,0,4,25,0,18,0
Kanen Hamlett,157546,TE,APP STATE,13,0,0,108,,,75.6,,,,65.0,,,72.4,0,0,63,0,0,61,0,0,0
Omari Philyaw,157547,CB,APP STATE,1,0,0,108,,,,,,,60.6,,,67.6,0,0,0,0,0,0,0,2,0
Ethan Johnson,157549,CB,APP STATE,14,0,0,108,60.4,,,,,,64.4,,,74.6,0,0,0,38,13,0,3,25,0
DJ Burks,157550,S,APP STATE,14,0,0,108,,,,,,,68.0,,,76.9,0,0,0,0,7,55,0,36,0
Santana Hopper,157551,DI,APP STATE,14,0,1,108,58.0,,,,,,41.9,,,27.0,0,1,0,22,0,0,0,12,0
Derrell Farrar,157552,LB,APP STATE,14,0,0,108,59.7,,,,,,62.8,,,36.4,1,1,0,22,10,69,0,44,0
Brodrick Gooch,157555,LB,APP STATE,14,0,0,108,60.2,,,,,,72.2,,,77.9,0,0,0,10,8,1,0,41,1
Markus Clark,157556,DI,APP STATE,11,0,0,108,57.6,,,,,,57.8,,,68.7,0,0,0,32,0,0,0,8,0
Josiah Wyatt,157557,DI,APP STATE,3,0,0,108,59.3,,,,,,60.0,,,64.6,0,0,0,3,0,0,1,1,0
Donovan Spellman,157558,ED,APP STATE,7,0,0,108,59.4,,,,,,61.3,,,65.7,0,0,0,4,0,0,0,4,0
Evan Ladwig,157559,C,IOWA STATE,6,0,0,193,,,69.1,,,,63.4,,,64.9,0,0,30,0,0,0,0,0,0
Jace T. Gilbert,157560,K,IOWA STATE,2,0,0,193,,,,,69.1,,60.0,,,67.0,0,0,0,0,3,0,0,0,0
Caleb Bacon,157561,LB,IOWA STATE,13,2,0,193,59.9,,,,,,71.2,60.3,,83.1,1,0,0,22,73,25,62,37,4
Will McLaughlin,157562,LB,IOWA STATE,13,0,0,193,59.5,,,,,,60.8,,,71.8,0,0,0,35,5,6,12,6,0
Drake Knobloch,157563,LS,IOWA STATE,13,0,0,193,,,42.6,,,45.7,55.1,,,67.4,0,0,64,0,0,0,62,0,1
Zack Anderson,157564,S,IOWA STATE,1,0,0,193,,,,,,,60.2,,,62.9,0,0,0,0,2,0,0,0,0
Tyler Perkins,157568,P,IOWA STATE,13,0,0,193,,,67.3,,60.0,,57.6,,60.8,30.0,0,1,64,0,1,0,62,0,0
Gabe Burkle,157578,TE,IOWA STATE,13,0,0,193,,,75.9,45.6,,,63.6,,,29.6,0,1,64,0,0,61,62,6,0
Carson Brown,157579,WR,IOWA STATE,2,0,0,193,,,,,,,60.5,,,66.5,0,0,0,0,0,0,0,2,0
Jontez Williams,157583,CB,IOWA STATE,13,1,0,193,59.8,,,,,,56.0,,,77.9,2,0,0,7,71,25,0,31,0
Trevon Howard,157585,S,IOWA STATE,2,0,0,193,60.0,,,,,,68.1,,,63.6,0,0,0,3,4,0,0,0,1
Keegan Shackford,157588,K,IOWA STATE,13,1,0,193,,,,,69.6,,63.7,,,78.1,0,0,0,0,69,0,0,0,0
Jacob Ellis,157590,LB,IOWA STATE,5,0,0,193,59.8,,,,,,67.4,,,67.6,0,0,0,8,0,7,7,0,0
Ikenna Ezeogu,157591,ED,IOWA STATE,2,0,0,193,59.8,,,,,,59.9,,,63.2,0,0,0,3,0,0,0,0,0
Carson Willich,157592,S,IOWA STATE,13,4,0,193,59.6,,,,,,60.1,,,73.6,1,0,0,13,68,0,0,0,0
Blake Thompson,157593,S,IOWA STATE,1,0,0,193,60.0,,,,,,60.0,,,71.8,0,0,0,1,0,0,0,0,0
Mason DouBrava,157594,S,IOWA STATE,9,0,0,193,,,,,,,61.2,,,74.1,0,0,0,0,0,8,4,26,0
John Klosterman,157597,LB,IOWA STATE,13,0,0,193,59.9,,,59.9,,,69.4,,,82.5,4,0,0,1,62,56,51,43,5
James Neal III,157599,T,IOWA STATE,7,0,0,193,,,69.8,,,,63.6,,,65.0,0,0,33,0,0,0,0,0,0
Greg Gaines III,157600,WR,IOWA STATE,4,0,0,193,,,,,,,57.7,,,70.8,0,0,0,0,0,11,0,4,0
Jason Essex,157601,WR,IOWA STATE,1,0,0,193,,,,,,,60.0,,,63.5,0,0,0,0,0,0,0,1,0
Domonique Orange,157602,DI,IOWA STATE,13,0,0,193,58.4,,,,,,58.5,,,68.6,0,0,0,49,0,0,0,0,0
Trent Jones II,157604,ED,IOWA STATE,5,0,0,193,59.9,,,,,,60.2,,,64.6,0,0,0,6,0,0,0,0,0
Terrell Crosby Jr.,157607,CB,IOWA STATE,11,0,0,193,,,,,,,74.0,,,77.8,1,1,0,0,0,0,19,52,2
Jeremiah Cooper,157608,S,IOWA STATE,5,0,0,193,,,,,,,64.1,,,65.8,0,0,0,0,16,0,0,0,0
Dee Williams,157609,WR,TENNESSEE,13,0,0,307,,,,60.5,,,67.0,72.2,,78.6,1,0,0,0,81,60,56,64,2
Justin Williams-Thomas,157610,HB,CAL,1,0,0,130,,,,,,,72.4,,,65.9,0,0,0,0,0,7,0,0,0
Brian Grant,157611,T,TENNESSEE,11,0,0,307,,,77.6,,,,66.2,,,74.0,0,0,60,0,0,0,0,0,0
Tyre West,157613,ED,TENNESSEE,13,0,0,307,59.3,,,,,,61.6,,,69.2,0,0,0,7,0,50,0,2,0
Elijah Herring,157614,LB,TENNESSEE,12,0,0,307,60.2,,,,,,60.8,,,70.4,0,0,0,43,0,8,0,3,0
Kaleb Webb,157616,WR,TENNESSEE,7,0,0,307,,,,,,,66.8,,,71.3,0,0,0,0,0,4,11,25,0
Chas Nimrod,157617,WR,TENNESSEE,9,0,0,307,,,,,,,66.0,,,76.2,0,1,0,0,31,20,34,26,0
Mo Clipper Jr.,157618,G,TENNESSEE,4,0,0,307,,,67.0,,,,63.0,,,64.5,0,0,23,0,0,0,0,0,0
Jordan Phillips,157619,DI,MARYLAND,13,0,0,215,57.7,,71.6,,,,60.9,,,72.1,0,0,34,28,0,0,0,5,0
Cam Miller,157620,CB,MEMPHIS,11,0,0,218,,,,,,,64.0,,,72.1,0,0,0,0,22,7,2,11,0
Addison Nichols,157622,G,TENNESSEE,12,0,0,307,,,76.6,,,,65.2,,,65.3,0,0,69,0,0,0,0,0,0
Ryan Marks,157625,P,UTAH ST,9,0,0,329,,,64.6,,66.1,,63.0,,68.6,72.7,1,0,31,0,8,0,40,0,0
Max Alford,157627,LB,UTAH ST,1,0,0,329,,,,,,,60.0,,,63.6,0,0,0,0,1,0,0,0,0
Ryder MacGillivray,157629,WR,UTAH ST,9,0,0,329,,,,,,,69.6,,,77.9,0,0,0,0,0,45,0,22,0
Bronson Olevao Jr.,157632,LB,UTAH ST,3,0,0,329,60.0,,,,,,55.3,,,73.0,0,0,0,2,17,11,9,14,0
Paul Fitzgerald,157633,ED,UTAH ST,13,0,0,329,58.6,,76.4,,,,62.9,,,54.3,1,1,67,61,4,14,66,9,3
Terrell Vaughn,157634,WR,UTAH ST,13,0,0,329,,,,60.7,,,60.2,,,66.7,0,0,0,0,0,80,0,0,0
Enoka Migao,157635,ED,UTAH ST,12,0,0,329,58.3,,75.6,,,,61.3,,,68.4,0,0,64,64,0,5,0,1,0
Tavian Coleman,157637,DI,TEXAS ST,12,0,0,314,71.7,,,,,,71.6,,,27.9,0,1,0,32,0,0,0,5,0
Benji Gosnell,157639,TE,VA TECH,13,0,0,337,,,76.2,,,,65.2,,,66.0,0,0,67,0,1,0,0,0,0
Tucker Holloway,157640,WR,VA TECH,13,0,0,337,,,,63.0,,,62.0,74.9,,70.1,0,0,0,0,12,12,3,65,0
Gunner Givens,157641,DI,VA TECH,1,0,0,337,59.7,,,,,,60.0,,,61.8,0,0,0,1,0,0,0,0,0
Johnny Garrett,157642,T,VA TECH,13,0,0,337,,,77.1,,,,66.3,,,75.5,0,0,68,0,0,0,0,0,0
Brody Meadows,157643,G,VA TECH,13,0,0,337,,,76.3,,,,65.3,,,67.9,0,0,68,0,0,0,0,0,0
Xayvion Turner-Bradshaw,157644,WR,VA TECH,8,0,0,337,,,,,,,66.8,60.0,,71.1,0,0,0,0,18,0,2,28,0
Christian Epling,157646,LS,VA TECH,12,0,0,337,,,83.3,,,62.4,65.2,,,63.8,0,0,61,0,0,0,2,0,0
Harrison Saint Germain,157647,TE,VA TECH,13,0,0,337,,,76.1,59.4,,,73.6,,,71.8,0,0,66,0,0,61,0,0,0
Malachi Madison,157649,DI,VA TECH,1,0,0,337,59.7,,,,,,60.0,,,61.8,0,0,0,1,0,0,0,0,0
Mansoor Delane,157650,CB,VA TECH,13,0,0,337,60.0,,,,,,65.5,,,81.8,0,0,0,41,11,2,0,27,0
Devin Alves,157652,S,VA TECH,1,0,0,337,60.0,,,,,,60.1,,,63.3,0,0,0,1,1,0,0,0,0
Keyshawn Burgos,157654,ED,VA TECH,12,0,0,337,59.5,,,,,,44.4,,,27.8,0,2,0,19,16,0,0,25,0
Braelin Moore,157655,G,VA TECH,10,0,0,337,,,77.3,,,,65.5,,,65.4,0,0,52,0,0,0,0,0,0
Bryce Duke,157656,HB,VA TECH,7,0,0,337,,,,60.0,,,61.6,,,76.2,0,0,0,0,14,3,30,35,0
John Love,157659,K,VA TECH,13,0,0,337,,88.2,,,60.0,,61.6,,,67.8,0,0,68,0,1,0,0,0,0
Johnny Dickson III,157660,G,VA TECH,9,0,0,337,,,77.1,,,,60.0,,,28.5,0,1,53,0,0,0,0,0,0
Nic Talich,157663,LB,WYOMING,12,1,0,351,,,,,,,63.6,,,80.7,1,0,0,0,20,56,0,0,0
Isaac Schoenfeld,157665,TE,WYOMING,13,0,0,351,,,75.2,,,,66.8,,,72.7,0,0,59,0,0,61,62,1,0
Malique Singleton,157666,CB,WYOMING,1,0,0,351,,,,,,,60.3,,,62.9,0,0,0,0,2,0,0,0,0
Rex Johnsen,157668,G,WYOMING,13,0,0,351,,,75.6,,,,65.7,,,75.7,0,0,59,0,0,0,0,0,0
Kevin Sjogren,157669,ED,WYOMING,1,0,0,351,59.6,,,,,,59.9,,,64.3,0,0,0,3,0,0,0,0,0
Wes King,157673,G,WYOMING,13,0,0,351,,,78.0,,,,65.6,,,64.2,0,0,56,0,0,0,0,0,0
TJ Urban,157674,S,WYOMING,3,0,0,351,,,,,,,66.0,,,66.4,0,0,0,0,2,0,0,14,0
Luke Sandy,157677,G,WYOMING,13,0,0,351,,,77.3,,,,66.1,,,73.8,0,0,57,0,0,0,0,0,0
Caleb Merritt,157681,WR,WYOMING,3,0,0,351,,,,,,,60.4,,,63.5,0,0,0,0,0,2,0,1,0
Cayden Hawkins,157682,LB,WYOMING,2,0,0,351,,,,,,,70.7,,,66.3,0,0,0,0,6,0,0,0,1
Carson York,157684,LS,WYOMING,13,1,0,351,,,32.2,,,52.7,54.0,,,67.3,0,0,59,0,0,0,62,0,3
Josh Dixon,157685,CB,WYOMING,3,0,0,351,,,,,,,62.2,,,68.1,0,0,0,0,7,0,0,10,0
Victor Venn,157687,HB,LIBERTY,10,0,0,206,,,,59.1,,,75.1,,,70.4,0,0,0,0,0,46,0,0,0
Anthony Hankerson,157691,HB,COLORADO,11,1,0,143,,,,,,,71.5,,,75.1,0,0,0,0,50,44,25,6,4
Van Wells,157694,C,COLORADO,1,0,0,143,,,,,,,60.0,,,63.3,0,0,0,0,0,0,0,0,0
Alex Harkey,157695,T,TEXAS ST,2,0,0,314,,,61.5,,,,61.7,,,62.4,0,0,7,0,0,0,5,0,0
Travis Gray,157696,T,NEW MEXICO,1,0,0,241,,,,,,,60.0,,,61.0,0,0,0,0,0,0,1,0,0
Ben Reznik,157697,T,COLORADO,10,0,0,143,,,72.9,,,,64.9,,,74.5,0,0,41,0,0,0,0,0,0
Camden Dempsey,157699,G,COLORADO,1,0,0,143,59.7,,,,,,60.0,,,61.8,0,0,0,1,0,0,0,0,0
Chernet Estes,157701,WR,COLORADO,5,0,0,143,,,,,,,61.7,,,73.2,0,0,0,0,0,17,1,1,0
Brady Kopetz,157702,TE,COLORADO,4,0,0,143,,,65.1,,,,62.6,,,63.9,0,0,15,0,0,0,0,0,0
Cole Boscia,157703,WR,COLORADO,3,0,0,143,,,,,,,57.9,,,67.6,0,0,0,0,1,20,0,0,0
Zach Courtney,157704,TE,COAST CAR,4,0,0,141,,,62.2,,,,59.6,,,67.0,0,0,10,0,0,8,0,0,0
Simeon Harris,157706,S,UTAH ST,7,0,0,329,59.9,,,,,,62.1,,,67.0,0,0,0,12,0,5,0,6,0
Josh Wiggins,157708,CB,LIBERTY,10,0,0,206,60.0,,,,,,64.8,,,72.0,0,0,0,2,0,0,8,19,0
Jeremy Mack Jr.,157712,S,DOMINION,5,0,0,263,59.8,,,,,,65.5,,,76.0,0,0,0,9,23,29,0,4,1
Aubrey Smith,157714,LB,HOUSTON,1,0,0,182,,,,,,,61.4,,,64.0,0,0,0,0,4,0,0,0,0
Hayden Hansen,157727,TE,FLORIDA,10,0,0,163,,,24.0,59.6,,,47.6,,,68.6,0,0,44,0,0,24,0,0,0
Jamari Lyons,157729,DI,FLORIDA,4,0,0,163,58.9,,,,,,59.5,,,66.4,0,0,0,11,0,0,0,2,0
Trevor Etienne,157730,HB,FLORIDA,11,0,0,163,,,,58.5,,,59.8,62.7,,65.6,0,0,0,0,0,66,0,2,0
Trey Smack,157733,K,FLORIDA,12,0,0,163,,89.0,,,86.0,,63.8,,,76.5,1,0,51,0,71,0,0,0,2
Javion Toombs,157734,CB,FLORIDA,7,0,0,163,,,,,,,70.1,,,74.6,0,0,0,0,45,0,0,5,1
Kamari Wilson,157735,S,FLORIDA,4,0,0,163,59.9,,,,,,62.2,,,72.2,0,0,0,4,23,8,8,7,0
Jordan Herman,157738,T,FLORIDA,1,0,0,163,,,60.0,,,,60.0,,,63.7,0,0,1,0,0,0,0,0,0
Arlis Boardingham,157739,TE,FLORIDA,9,0,0,163,,,61.0,,,,65.8,,,74.7,0,0,9,0,0,50,0,6,0
Christian Williams,157741,G,FLORIDA,2,0,0,163,,,64.0,,,,62.2,,,62.4,0,0,8,0,0,0,0,0,0
Miguel Mitchell,157742,S,FLORIDA,10,0,0,163,60.1,,,,,,61.7,,,65.9,0,0,0,32,6,0,0,5,0
Chris McClellan,157743,DI,FLORIDA,2,0,0,163,59.6,,,,,,60.2,,,64.1,0,0,0,1,0,0,0,1,0
Jack Pyburn,157747,ED,FLORIDA,9,1,0,163,,,72.0,,,,57.7,,,74.1,1,0,38,0,50,44,31,5,1
Scott Isacks,157748,TE,FLORIDA,5,0,0,163,,,,,,,62.2,,,70.0,0,0,0,0,0,24,0,16,0
Shemar James,157749,LB,FLORIDA,8,0,0,163,59.7,,,,,,67.1,,,68.0,0,0,0,24,0,1,13,8,1
Alex Gonzalez,157750,WR,FLORIDA,1,0,0,163,,,,,,,60.0,,,63.1,0,0,0,0,0,1,0,0,0
Devin Moore,157751,CB,FLORIDA,7,0,0,163,60.5,,,,,,66.3,60.0,,74.3,0,0,0,22,0,0,0,25,0
Tyreak Sapp,157752,ED,FLORIDA,11,0,0,163,59.0,,,59.6,,,63.4,,,71.3,1,0,0,40,0,33,33,7,0
Thai Chiaokhiao-Bowman,157755,WR,FLORIDA,2,0,0,163,,,,,,,65.9,,,69.6,0,0,0,0,10,0,8,0,1
David Conner,157757,T,COLORADO,1,0,0,143,,,60.0,,,,60.6,,,65.6,0,0,3,0,0,0,0,0,0
Sterling Lockett,157758,WR,KANSAS ST,1,0,0,199,,,,,,,60.0,60.3,,62.1,0,0,0,0,0,0,0,1,0
Anthony Frias II,157762,HB,KANSAS ST,6,1,0,199,,,,,,,66.6,,,73.3,1,0,0,0,43,0,0,18,2
La'James White,157765,HB,KANSAS ST,4,0,0,199,,,60.0,,,,42.6,,,73.6,0,0,1,0,25,0,0,0,1
Jalen Klemm,157768,T,WASHINGTON,5,0,0,340,,,60.0,,,,60.8,,,64.6,0,0,2,0,0,0,9,0,0
Garrett Oakley,157772,TE,KANSAS ST,10,0,0,199,,,72.8,,,,63.9,,,62.3,0,0,44,0,0,2,0,0,0
Brayden Loftin,157773,TE,KANSAS ST,8,0,0,199,,,69.7,,,,62.8,,,66.3,0,0,28,0,0,16,0,0,0
Erwin Nash,157774,WR,KANSAS ST,1,0,0,199,,,,,,,59.9,,,64.9,0,0,0,0,0,4,0,0,0
Uso Seumalo,157775,DI,KANSAS ST,10,0,0,199,58.1,,,,,,57.9,,,66.7,0,0,0,33,0,0,0,1,0
Jordan Wright,157776,CB,KANSAS ST,10,1,0,199,59.9,,,,,,64.7,,,29.4,0,2,0,3,59,0,16,32,5
Jacob Parrish,157777,CB,KANSAS ST,12,0,0,199,60.2,,,,,,62.3,,,70.9,0,0,0,39,5,0,0,2,0
Joe Hall III,157778,S,KANSAS ST,3,0,0,199,,,,,,,67.0,,,67.0,0,0,0,0,1,5,0,2,0
Jet Dineen,157779,S,KANSAS ST,6,0,0,199,,,,,,,76.5,,,78.3,0,0,0,0,0,24,0,26,0
VJ Payne,157780,S,KANSAS ST,11,0,0,199,59.9,,,,,,60.4,,,64.0,0,0,0,45,0,0,0,0,0
Kobe Savage,157781,S,KANSAS ST,12,0,0,199,59.4,,,,,,63.2,,,81.7,0,0,0,46,14,2,0,1,0
Colby McCalister,157782,S,KANSAS ST,13,0,0,199,59.8,,,,,,62.5,,,75.8,0,0,0,9,69,0,6,37,3
Gavin Forsha,157783,ED,S ALABAMA,2,0,0,288,,,,,,,69.8,,,68.1,0,0,0,0,10,5,0,0,0
Jordan Perry,157785,S,KANSAS ST,1,0,0,199,,,,,,,60.0,,,63.7,0,0,0,0,1,0,0,0,0
Tobi Osunsanmi,157786,LB,KANSAS ST,13,1,0,199,60.2,,,,,,55.8,,,74.9,2,0,0,5,84,11,13,10,4
Zach Wittenberg,157787,LB,KANSAS ST,2,0,0,199,60.0,,,,,,34.9,,,65.0,1,0,0,1,6,0,0,0,1
Mason Olguin,157790,LS,KANSAS ST,1,0,0,199,,,60.0,,,66.0,60.0,,,60.8,0,0,1,0,0,0,0,0,0
Leyton Simmering,157791,K,KANSAS ST,2,0,0,199,,60.0,,,,,60.0,,,62.5,0,0,2,0,0,0,0,0,0
Ollie Gordon II,157792,HB,OKLA STATE,4,0,0,262,,,,,,,68.6,,,91.9,0,0,0,0,0,3,0,0,0
Braylin Presley,157793,WR,TULSA,3,0,0,320,,,,59.4,,,60.4,,,64.5,0,0,0,0,0,3,0,1,0
Stephon Johnson,157794,WR,HOUSTON,10,0,0,182,,,,,,,42.8,,,74.3,0,2,0,0,1,27,2,17,0
Austin Kawecki,157799,C,OKLA STATE,4,0,0,262,,,62.2,,,,62.2,,,65.7,0,0,11,0,0,0,0,0,0
Viliami Makahununiu,157800,T,OKLA STATE,1,0,0,262,,,60.0,,,,60.0,,,61.0,0,0,1,0,0,0,0,0,0
Mason Gilkey,157807,WR,OKLA STATE,1,0,0,262,,,,,,,60.0,,,64.6,0,0,0,0,1,0,0,0,0
Cameron Epps,157809,S,OKLA STATE,14,0,0,262,59.8,,,,,,49.5,,,28.9,0,1,0,39,26,12,0,10,1
Eli Williams,157810,S,OKLA STATE,1,0,0,262,,,,,,,60.0,,,62.4,0,0,0,0,1,0,0,0,0
Chance Clements,157811,LB,OKLA STATE,14,0,0,262,,,,,,,62.3,,,73.9,0,0,0,0,58,32,19,2,0
Gabe Brown,157812,LB,OKLA STATE,9,0,0,262,59.7,,,,,,69.1,,,76.8,0,0,0,1,3,0,0,30,0
Garrick Martin,157813,S,OKLA STATE,8,0,0,262,,,,,,,58.8,,,73.5,0,0,0,0,4,24,0,4,0
Elijah Wright,157814,LB,OKLA STATE,1,0,0,262,,,,,,,61.5,,,65.8,0,0,0,0,4,0,0,0,0
DeSean Brown,157821,ED,OKLA STATE,3,0,0,262,59.3,,,,,,60.0,,,65.1,0,0,0,4,0,0,0,1,0
Jaleel Johnson,157823,ED,OKLA STATE,2,0,0,262,59.2,,,,,,59.4,,,62.8,0,0,0,2,0,0,0,0,0
Kejuan Bullard Jr.,157827,WR,S JOSE ST,9,0,0,285,,,,59.9,,,38.2,,,77.0,0,2,0,0,5,20,18,29,0
Matt Coleman,157831,WR,S JOSE ST,8,0,0,285,,,,,,,61.1,73.6,,67.4,0,0,0,0,0,3,0,32,0
Jabari Bates,157835,HB,S JOSE ST,10,0,0,285,,,,57.2,,,47.6,,,66.4,1,0,0,0,5,34,4,0,0
Kayden Collins,157836,HB,S JOSE ST,13,0,0,285,,,,,,,68.8,,,79.4,0,0,0,0,72,34,7,9,2
Ethan Powell,157838,LB,S JOSE ST,5,0,0,285,60.0,,,,,,56.5,,,71.8,0,0,0,1,19,24,16,6,1
Kai Davison,157840,C,S JOSE ST,12,0,0,285,,,76.1,,,,64.3,,,66.7,0,0,65,0,0,0,41,0,0
Uluakinofo Taliauli,157841,C,S JOSE ST,5,0,0,285,,,72.2,,,,64.0,,,63.5,0,0,26,0,0,0,0,0,0
Joseph Harbert,157842,T,S JOSE ST,10,0,0,285,,,76.4,,,,65.6,,,70.2,0,0,54,0,0,0,0,0,0
Jake Steele,157843,G,S JOSE ST,13,0,0,285,,,78.8,,,,66.7,,,74.9,0,0,70,0,0,0,0,0,0
Jordan Pollard,157845,LB,S JOSE ST,13,2,0,285,59.8,,,,,,71.2,,,77.5,0,0,0,45,77,48,2,11,4
Justin Stearns,157846,ED,S JOSE ST,10,1,0,285,59.7,,,,,,68.2,,,73.0,0,0,0,6,0,18,18,7,0
Justin Eklund,157848,LB,S JOSE ST,4,0,0,285,,,,,,,61.3,,,70.4,0,0,0,0,0,8,0,9,0
Michael Dansby,157849,CB,S JOSE ST,5,0,0,285,59.6,,,,,,60.9,,,68.9,0,0,0,22,0,0,0,0,0
Noah Lavulo,157851,ED,S JOSE ST,3,0,0,285,59.2,,,,,,59.3,,,63.8,0,0,0,4,0,0,0,0,0
Dejon Roney,157853,DI,S JOSE ST,13,0,0,285,59.4,,75.9,,,,58.5,,,29.3,0,1,70,3,0,0,0,0,0
Jaylan Lawson,157854,CB,S JOSE ST,11,1,0,285,59.9,,,,,,76.2,,,81.1,1,0,0,5,65,31,35,45,4
Kenton Jerido,157859,G,S ALABAMA,4,0,0,288,,,69.9,,,,63.9,,,70.2,0,0,21,0,0,0,0,0,0
Marquise Robinson,157861,CB,S ALABAMA,12,0,1,288,59.7,,,,,,49.9,,,28.7,0,1,0,46,0,1,0,1,0
Christopher Davis Jr.,157865,WR,S ALABAMA,2,0,0,288,,,,,,,50.2,,,70.2,1,0,0,0,12,0,0,1,0
Chrystyile Caldwell,157866,LB,S ALABAMA,11,0,0,288,60.0,,,,,,61.6,,,81.9,2,0,0,1,49,31,0,42,0
Malachi Carney,157867,T,S ALABAMA,11,0,0,288,,,76.2,,,,52.9,,,27.7,0,2,60,0,0,0,0,0,0
Khalil Jacobs,157870,LB,S ALABAMA,13,0,0,288,60.2,,,,,,57.1,,,76.5,3,0,0,21,44,26,11,18,1
Blayne Myrick,157874,LB,S ALABAMA,11,1,0,288,60.0,,,,,,58.3,,,76.7,2,0,0,2,61,29,3,14,2
Bam McReynolds,157876,HB,S ALABAMA,1,0,0,288,,,,58.3,,,60.0,,,62.2,0,0,0,0,0,5,0,0,0
Kelly Akharaiyi,157878,WR,UTEP,11,0,0,330,,,,43.5,,,66.8,,,71.1,0,0,0,0,4,53,0,0,1
Luke Seib,157882,WR,UTEP,7,0,0,330,,,66.7,,,,66.9,,,69.4,0,0,19,0,2,1,0,19,0
Mo Westmoreland,157883,ED,UTEP,12,0,0,330,58.8,,,,,,59.7,,,71.1,0,0,0,50,0,0,0,6,0
Bryton Thompson,157884,ED,UTEP,3,0,0,330,59.5,,,,,,60.2,,,64.9,0,0,0,4,0,0,0,1,0
Josiah Allen,157885,CB,UTEP,12,1,0,330,,,,,,,67.6,,,72.8,1,0,0,0,49,0,6,1,1
A'tiq Muhammad,157887,CB,UTEP,6,0,0,330,,,,,,,62.3,,,74.1,0,0,0,0,19,0,10,21,1
Emari White,157889,WR,UTEP,2,0,0,330,,,,,,,60.9,,,63.9,0,0,0,0,3,0,0,0,0
Zachary Essih,157892,FB,UTEP,10,0,0,330,,,,,,,68.9,,,68.9,0,0,0,0,0,58,0,3,0
Jerome Gaillard Jr.,157895,CB,AIR FORCE,8,0,0,101,60.1,,,,,,68.6,,,75.2,0,0,0,14,0,0,0,36,0
Cade Harris,157896,WR,AIR FORCE,5,0,0,101,,,,59.9,,,60.0,25.1,,64.4,0,0,0,0,0,4,0,6,0
Payton Zdroik,157898,DI,AIR FORCE,9,0,0,101,58.2,,,,,,59.1,,,67.6,0,0,0,23,0,0,0,6,0
Jake Martin,157899,S,AIR FORCE,9,3,0,101,,,,,,,58.2,,,73.1,0,0,0,0,49,25,0,0,1
Elijah Sanders,157903,ED,AIR FORCE,2,0,0,101,60.0,,,,,,60.9,,,66.5,0,0,0,1,0,0,0,6,0
Aiden Calvert,157904,HB,AIR FORCE,8,0,0,101,,,,57.3,,,68.6,,,72.2,0,0,0,0,0,14,0,34,0
Julian Williams,157905,LB,AIR FORCE,2,0,0,101,,,,,,,71.6,,,63.3,0,0,0,0,2,0,0,0,1
Michael McAninch,157906,G,AIR FORCE,10,0,0,101,,,76.0,,,,65.0,,,63.9,0,0,43,0,0,0,0,0,0
James Tomasi,157908,DI,AIR FORCE,9,0,0,101,58.4,,,,,,59.4,,,67.1,0,0,0,16,0,0,0,5,0
Aidan Plate,157911,S,AIR FORCE,3,0,0,101,,,,,,,47.5,,,63.1,0,0,0,0,3,0,0,1,0
Kaleb Tompkins,157913,DI,AIR FORCE,1,0,0,101,60.0,,,,,,60.2,,,64.4,0,0,0,1,0,0,0,1,0
Cameron Breier,157916,WR,AIR FORCE,1,0,0,101,,,,,,,62.6,,,70.3,0,0,0,0,6,0,0,4,0
Osaro Aihie,157917,LB,AIR FORCE,10,0,0,101,60.0,,,,,,62.0,,,74.0,0,0,0,1,1,33,0,0,0
Robert Mbroh,157919,ED,AIR FORCE,1,0,0,101,,,,,,,60.0,,,63.8,0,0,0,0,0,0,0,1,0
Matt Devine,157920,LB,AIR FORCE,1,0,0,101,,,,,,,60.0,,,63.4,0,0,0,0,1,0,0,0,0
Cole Palmer,157923,ED,AIR FORCE,1,0,0,101,59.8,,,,,,60.0,,,62.7,0,0,0,1,0,0,0,0,0
Jamari Bellamy,157924,CB,AIR FORCE,13,0,0,101,60.4,,,,,,63.9,,,73.8,0,0,0,41,0,3,0,18,0
Brandon Engel,157926,TE,AIR FORCE,7,0,0,101,,,,,,,61.0,45.1,,67.0,0,0,0,0,0,4,0,17,0
Mason Carlan,157930,T,AIR FORCE,13,0,0,101,,,76.3,,,,66.1,,,74.8,0,0,62,0,0,0,0,0,0
Jonathan Capo,157937,S,BUFFALO,12,0,0,126,60.0,,,,,,56.2,,,52.9,1,1,0,3,51,60,47,51,2
Joseph Giggie,157941,HB,BUFFALO,1,0,0,126,,,,,,,34.1,,,66.1,0,0,0,0,3,0,0,0,0
Devin Grant,157942,S,BUFFALO,12,0,0,126,59.9,,,,,,59.8,,,27.9,0,1,0,49,3,0,1,5,0
Mark-Anthony Scott Jr.,157945,HB,BUFFALO,3,0,0,126,,,,,,,64.1,,,71.2,0,0,0,0,0,0,1,16,0
Red Murdock,157948,LB,BUFFALO,10,0,0,126,59.8,,,,,,59.1,,,28.4,0,1,0,32,10,0,32,0,2
Anthony Venneri,157949,P,BUFFALO,12,0,0,126,,,,,,,63.3,,67.8,74.7,0,1,0,0,0,0,55,0,1
Pershaun Fann,157950,CB,BUFFALO,1,0,0,126,,,,,,,49.2,,,63.7,0,0,0,0,2,0,0,0,0
Nik McMillan,157951,WR,BUFFALO,5,0,0,126,,,,58.0,,,60.7,60.3,,66.2,0,0,0,0,0,8,0,5,0
Kam Olds,157953,ED,BUFFALO,12,0,0,126,59.4,,,,,,65.9,,,76.2,0,0,0,5,40,35,1,8,2
Cam Ball,157957,TE,BUFFALO,5,0,0,126,,,62.3,,,,63.3,,,68.8,0,0,10,0,0,24,0,0,0
Brennan Clasgens,157958,S,BUFFALO,9,0,0,126,,,,,,,68.7,,,74.1,0,0,0,0,5,0,0,37,0
Clevester Hines,157959,CB,BUFFALO,10,0,0,126,86.1,,,,,,83.6,,,75.7,0,0,0,32,25,0,0,15,0
Jaylon Bass,157960,DI,BUFFALO,11,0,0,126,57.7,,,,,,57.2,,,67.6,0,0,0,46,0,0,0,1,0
Jayden Oliver,157961,CB,BUFFALO,7,0,0,126,90.4,,,,,,91.3,,,69.1,0,0,0,21,0,0,0,1,0
Keyshawn Cobb,157962,S,W VIRGINIA,2,0,0,343,60.0,,,,,,59.5,,,66.0,0,0,0,6,0,0,6,1,0
Maguire Neal,157963,S,CHARLOTTE,11,1,0,136,59.8,,,,,,60.9,,,41.9,4,2,0,7,30,55,46,33,5
Isaiah Bullerdick,157966,C,CHARLOTTE,1,0,0,136,,,60.0,,,,60.0,,,61.3,0,0,2,0,0,0,0,0,0
Xander Lamb,157968,WR,CHARLOTTE,1,0,0,136,,,,,,,59.8,,,66.1,0,0,0,0,0,9,0,0,0
Reid Williford,157970,LB,CHARLOTTE,12,1,0,136,59.9,,,59.4,,,76.2,,,61.4,5,1,0,6,46,14,39,53,4
Omari Orgertrice,157971,LB,CHARLOTTE,1,0,0,136,,,,,,,60.0,,,63.0,0,0,0,0,0,1,0,0,0
Boston Brinkley,157974,C,CHARLOTTE,5,0,0,136,,,67.7,,,,59.3,,,64.3,0,0,15,0,0,0,7,0,0
Braeden McAlister,157975,K,GA STATE,9,0,0,175,,,,,73.5,,62.8,,,75.7,0,0,0,0,43,0,0,0,2
Adam Booker,157976,LS,CHARLOTTE,12,0,0,136,,,,,,52.6,51.3,,,67.6,4,0,0,0,0,0,62,0,1
Kendall Stanley,157982,T,CHARLOTTE,1,0,0,136,,,60.0,,,,60.0,,,61.0,0,0,1,0,0,0,0,0,0
Isaiah Turnage,157987,LB,CHARLOTTE,3,0,0,136,,,,,,,76.8,,,67.5,0,0,0,0,3,12,0,0,0
A.J. Odom,157991,ED,MEMPHIS,13,1,0,218,,,,,,,56.8,,,38.4,1,1,0,0,19,71,3,28,0
Trevor Hardy,157993,CB,MEMPHIS,1,0,0,218,60.0,,,,,,60.0,,,61.1,0,0,0,1,0,0,0,0,0
Joshua White,157994,DI,MEMPHIS,3,0,0,218,,,,,,,60.6,,,66.1,0,0,0,0,0,0,0,3,0
Ladarian Paulk,157996,S,FIU,2,0,0,166,59.9,,,,,,30.0,,,24.7,0,1,0,8,0,0,0,0,0
Terrance McClain,158003,T,MEMPHIS,8,0,0,218,,,74.2,,,,65.3,,,75.3,0,0,49,0,0,0,0,0,0
Davion Carter,158004,G,MEMPHIS,6,0,0,218,,,74.4,,,,65.1,,,72.3,0,0,39,0,0,0,0,0,0
Tanner Gillis,158005,K,MEMPHIS,10,0,0,218,,72.1,,,61.2,,62.7,,,72.1,0,0,62,0,31,0,0,0,1
Gavin Rohrs,158013,G,MIAMI OH,14,0,0,221,,,79.6,,,,66.2,,,64.5,0,0,69,0,0,0,0,0,0
Devin Johnson,158014,CB,MIAMI OH,1,0,0,221,,,,,,,61.5,,,66.2,0,0,0,0,4,0,0,0,0
Drew Terrill,158015,T,MIAMI OH,13,0,0,221,,,76.4,,,,65.9,,,74.0,0,0,63,0,0,0,0,0,0
Mason Moore,158019,S,MIAMI OH,1,0,0,221,,,,,,,60.7,,,66.3,0,0,0,0,3,0,0,0,0
Jeffrey Simmons,158020,TE,BALL ST,1,0,0,117,,,,,,,60.1,,,64.8,0,0,0,0,0,2,0,0,0
Adam Trick,158021,ED,MIAMI OH,14,1,0,221,59.5,,,,,,74.2,,,81.7,0,1,0,3,67,54,58,49,1
Reggie Virgil,158022,WR,MIAMI OH,13,2,0,221,,,,,,,68.2,,,80.5,3,0,0,0,63,24,51,6,4
Malachi Clark,158023,DI,MIAMI OH,3,0,0,221,59.3,,,,,,59.6,,,65.9,0,0,0,2,0,0,0,3,0
Grant Lyons,158024,ED,MIAMI OH,13,0,0,221,,,,55.0,,,58.9,,,70.0,0,0,0,0,0,42,0,0,0
Josh Lukusa,158025,ED,MIAMI OH,6,0,0,221,59.7,,,,,,61.6,,,66.6,0,0,0,6,0,0,0,4,0
Eli Coppess,158027,LB,MIAMI OH,9,1,0,221,,,,,,,70.7,,,81.2,0,0,0,0,44,22,0,37,2
Javon Tracy,158028,WR,MIAMI OH,8,0,1,221,,,,,,,39.4,,,27.1,0,2,0,0,0,30,0,13,0
Jackson Izzard,158031,HB,MIAMI OH,1,0,0,221,,,,,,,60.2,,,65.0,0,0,0,0,0,0,0,3,0
Jalen Peterson,158035,CB,MIAMI OH,1,0,0,221,,,,,,,60.0,,,64.3,0,0,0,0,0,0,0,1,0
Roy Williams,158037,ED,N ILLINOIS,10,0,0,254,59.4,,,,,,60.9,,,67.3,0,0,0,18,0,0,0,4,0
Dane Pardridge,158042,WR,N ILLINOIS,8,0,0,254,,,,60.0,,,50.2,71.0,,67.6,1,0,0,0,3,2,0,42,0
Evan Malcore,158043,T,N ILLINOIS,7,0,0,254,,,68.4,,,,63.2,,,72.6,0,0,23,0,0,0,1,0,0
Trey Porter,158046,S,N ILLINOIS,12,1,0,254,59.9,,,,,,61.0,,,31.6,4,2,0,5,62,52,41,53,8
Rashon Myles Jr.,158047,LB,N ILLINOIS,7,1,0,254,,,,,,,60.0,,,72.8,1,0,0,0,24,9,0,16,3
Terron Kellman,158048,HB,CHARLOTTE,1,0,0,136,,,,,,,60.0,,,23.1,0,1,0,0,0,0,0,0,0
Jake Gassaway,158049,LB,N ILLINOIS,8,1,0,254,,,,,,,72.3,,,73.9,0,0,0,0,19,9,4,13,0
Zeke Williams,158055,CB,PURDUE,2,0,0,273,,,,,,,68.5,,,68.7,0,0,0,0,0,7,0,4,0
Jalen Johnson,158057,WR,N ILLINOIS,3,0,0,254,,,,,,,50.8,,,69.8,1,0,0,0,4,6,7,3,0
Amariyun Knighten,158059,CB,N ILLINOIS,12,0,0,254,60.4,,,,,,62.8,,,71.2,0,0,0,20,2,0,0,8,0
Jaiden Credle,158060,HB,MIDDLE TN,1,0,0,224,,,,,,,61.1,,,64.3,0,0,0,0,7,0,0,0,0
Cam Crowell,158061,ED,N ILLINOIS,3,0,0,254,59.9,,,,,,60.5,,,63.5,0,0,0,2,0,0,0,1,0
Jacob Finley,158063,CB,N ILLINOIS,13,0,0,254,59.8,,,,,,49.5,,,78.4,0,0,0,23,0,0,0,60,0
Keyshaun Pipkin,158066,WR,N ILLINOIS,2,0,0,254,,,,,,,53.3,,,71.8,0,0,0,0,4,3,10,3,0
Joey Rattin,158067,S,N ILLINOIS,13,2,0,254,,,,59.9,,,59.7,,,77.9,1,0,0,0,56,20,51,3,5
Izuchukwu Ozoh,158068,TE,N ILLINOIS,13,0,0,254,,,74.6,,,,64.1,,,65.1,0,0,53,0,0,0,1,0,0
Jaren Kanak,158070,LB,OKLAHOMA,12,0,0,261,59.1,,,,,,61.5,,,82.2,0,0,0,32,19,2,15,10,0
Kip Lewis,158071,LB,OKLAHOMA,13,2,0,261,60.0,,,,,,70.1,,,84.9,2,1,0,23,76,35,17,36,4
Jayden Gibson,158073,WR,OKLAHOMA,13,0,0,261,,,,,,,77.8,,,80.8,0,0,0,0,0,65,0,44,0
Robert Spears-Jennings,158074,S,OKLAHOMA,12,2,0,261,59.8,,,,,,70.6,,,62.0,1,1,0,9,76,34,36,38,6
Ben Anderson,158077,LS,OKLAHOMA,13,0,0,261,,,90.5,,,82.3,70.2,,,66.6,2,0,89,0,0,0,43,0,0
Gavin Freeman,158078,WR,OKLAHOMA,13,0,0,261,,,,60.0,,,58.8,55.1,,82.6,1,0,0,0,0,6,14,55,0
Jamarrien Burt,158079,CB,S ALABAMA,10,0,1,288,,,,,,,55.8,,,27.5,1,3,0,0,47,0,2,33,3
R Mason Thomas,158080,ED,OKLAHOMA,7,0,0,261,59.6,,60.0,,,,60.5,,,65.9,0,0,1,7,0,0,4,3,0
Jacob Sexton,158081,T,OKLAHOMA,1,0,0,261,,,60.0,,,,61.4,,,62.0,0,0,4,0,0,0,0,0,0
Gentry Williams,158084,CB,OKLAHOMA,10,0,0,261,59.7,,,,,,61.5,,,72.0,0,0,0,20,0,0,0,7,0
Jovantae Barnes,158085,HB,OKLAHOMA,2,0,0,261,,,,,,,59.9,,,65.7,0,0,0,0,0,5,0,0,0
Jake Taylor,158086,T,OKLAHOMA,1,0,0,261,,,60.0,,,,60.0,,,62.1,0,0,2,0,0,0,0,0,0
Brady Braun,158087,P,LA MONROE,2,0,0,209,,,,,,,60.0,,60.7,67.3,0,0,0,0,0,0,5,0,0
Gavin Sawchuk,158088,HB,OKLAHOMA,8,0,0,261,,,,,,,46.3,,,71.9,0,0,0,0,35,20,1,7,0
Kobie McKinzie,158089,LB,OKLAHOMA,13,0,0,261,59.9,,,,,,67.1,,,74.7,1,0,0,9,12,65,6,6,1
Nic Anderson,158090,WR,OKLAHOMA,13,0,0,261,,,,,,,53.6,,,75.6,0,0,0,0,0,1,37,17,0
Gavin Marshall,158094,K,OKLAHOMA,2,0,0,261,,60.0,,,53.4,,60.0,,,66.5,0,0,2,0,3,0,0,0,0
Jason Llewellyn,158096,TE,OKLAHOMA,2,0,0,261,,,,,,,60.2,,,66.7,0,0,0,0,0,6,0,0,0
Owen Heinecke,158098,LB,OKLAHOMA,13,1,0,261,,,,,,,71.5,,,83.0,3,0,0,0,85,49,28,27,2
Kylic Horton,158100,WR,S CAROLINA,2,0,0,289,,,,,,,61.0,,,72.0,0,0,0,0,0,11,0,6,0
Bryan Thomas Jr.,158108,ED,S CAROLINA,12,0,0,289,59.4,,,,,,64.9,,,78.1,1,0,0,7,55,0,0,22,1
Mac Walters,158110,C,S CAROLINA,4,0,0,289,,,64.1,,,,62.0,,,64.1,0,0,16,0,0,5,0,0,0
Jace Blackshear,158113,CB,S CAROLINA,1,0,0,289,59.9,,,,,,60.0,,,63.5,0,0,0,1,0,0,0,0,0
Donovan Westmoreland,158115,ED,S CAROLINA,2,0,0,289,59.8,,,,,,61.1,,,65.5,0,0,0,1,1,6,0,0,0
DQ Smith,158116,S,S CAROLINA,12,0,0,289,59.7,,,,,,52.2,,,29.5,0,1,0,54,2,4,55,11,0
Demetrius Watson,158117,DI,COAST CAR,1,0,0,141,59.8,,,,,,59.9,,,64.2,0,0,0,1,0,0,0,1,0
Keenan Nelson,158118,S,S CAROLINA,10,0,0,289,60.0,,,,,,61.9,,,72.9,0,0,0,11,26,13,0,11,0
D'Andre Martin,158119,DI,S CAROLINA,1,0,0,289,,,,,,,60.0,,,64.1,0,0,0,0,0,0,0,1,0
Grayson Mains,158120,C,S CAROLINA,9,0,0,289,,,60.0,59.9,,,64.0,,,69.6,0,0,3,0,0,45,0,0,0
Nick Emmanwori,158121,S,S CAROLINA,10,0,0,289,59.9,,,,,,61.4,,,70.4,0,0,0,52,0,0,16,11,0
Stone Blanton,158122,LB,S CAROLINA,12,1,0,289,60.1,,,,,,64.9,,,74.5,0,0,0,41,7,1,25,11,0
Jamaal Whyce Jr.,158124,DI,S CAROLINA,2,0,0,289,59.6,,,,,,60.2,,,64.5,0,0,0,1,0,0,0,1,0
Kajuan Banks,158125,S,S CAROLINA,12,0,0,289,60.0,,,,,,62.9,,,68.1,0,0,0,5,55,0,0,2,2
Emory Floyd,158127,CB,S CAROLINA,1,0,0,289,,,,,,,61.0,,,67.0,0,0,0,0,0,0,0,5,0
Ryan Tuaolo,158130,ED,UNLV,1,0,0,325,,,,,,,60.6,,,66.4,0,0,0,0,0,3,0,0,0
Fisher Camac,158132,ED,UNLV,5,0,0,325,59.4,,,,,,61.4,,,65.7,0,0,0,3,0,0,0,4,0
Noah McKinney,158136,T,OKLA STATE,14,0,0,262,,,77.0,,,,65.6,,,69.4,0,0,76,0,0,0,0,0,0
Bobby Navarro,158137,LS,UNLV,2,0,0,325,,,58.6,,,30.4,56.5,,,62.1,0,0,9,0,0,0,0,0,0
BJ Harris,158139,CB,UNLV,8,2,0,325,59.7,,,,,,57.9,,,74.8,1,0,0,4,27,0,13,0,0
Tatuo Martinson,158140,DI,UNLV,14,0,0,325,57.7,,,,,,67.7,,,72.9,0,0,0,32,0,52,0,9,0
Senika McKie,158142,WR,UNLV,14,0,0,325,,,,,,,72.1,,,77.5,0,0,0,0,2,40,0,43,0
Fred Thompkins,158143,LB,UNLV,14,0,0,325,59.2,,,,,,47.2,,,83.1,3,1,0,46,80,10,50,52,5
Trenton Holloway,158145,S,UNLV,11,1,0,325,59.9,,,,,,50.6,,,76.1,1,0,0,8,48,31,6,18,3
Darius Johnson,158148,DI,UNLV,14,0,1,325,57.6,,65.1,,,,53.7,,,27.7,0,2,15,36,0,16,48,9,1
SaVeon Brown,158149,S,W MICHIGAN,10,1,0,347,60.1,,,,,,78.1,,,78.0,2,0,0,9,45,14,23,6,3
Dillon Moore,158152,LB,W MICHIGAN,9,1,0,347,,,,,,,50.3,,,68.9,2,0,0,0,42,1,0,0,0
Jamal Hailey,158155,HB,W MICHIGAN,10,0,0,347,,,,56.5,,,58.5,,,70.8,1,0,0,0,8,51,8,23,0
Jashawn Johnson,158156,WR,W MICHIGAN,2,0,0,347,,,,,,,60.7,,,67.1,0,0,0,0,0,0,0,8,0
Isaiah Street,158157,ED,W MICHIGAN,2,0,0,347,,,,,,,60.2,,,65.1,0,0,0,0,1,0,0,1,0
RJ Todd,158159,LS,W MICHIGAN,12,0,0,347,,,67.2,,,71.0,58.1,,,67.3,3,0,45,0,0,0,56,0,1
Palmer Domschke,158160,K,W MICHIGAN,12,0,0,347,,67.9,,,65.2,,63.4,,,75.2,0,0,50,0,58,0,0,0,0
Brandon Smith,158162,G,W MICHIGAN,1,0,0,347,,,60.0,,,,61.5,,,68.4,0,0,5,0,0,0,0,0,0
Pofele Ashlock,158166,WR,HAWAII,8,0,0,180,,,,,,,63.7,,,72.3,0,0,0,0,1,10,0,13,0
Cam Bell,158168,S,HAWAII,6,0,0,180,60.0,,,,,,71.9,,,69.8,0,0,0,1,12,5,0,2,0
Demarii Blanks,158170,LB,HAWAII,8,2,0,180,60.0,,,,,,75.8,,,73.4,1,0,0,1,31,1,0,9,3
Dean Briski,158172,ED,HAWAII,12,0,0,180,,,73.7,,,,64.1,,,63.7,0,0,50,0,0,0,2,1,0
Malachi Finau,158173,DI,HAWAII,2,0,0,180,60.0,,,,,,60.0,,,65.1,0,0,0,1,0,0,0,1,0
Chuuky Hines,158174,WR,HAWAII,12,0,0,180,,,,59.2,,,53.4,,,29.8,1,2,0,0,34,69,51,0,1
Noah Kema,158176,LB,HAWAII,13,0,0,180,59.9,,,,,,62.2,,,55.4,0,1,0,6,7,50,33,35,0
Peter Manuma,158178,S,HAWAII,13,0,0,180,60.0,,,,,,61.2,,,71.1,0,0,0,69,6,1,17,15,0
Greyson Morgan,158181,TE,HAWAII,2,0,0,180,,,60.0,,,,58.2,,,65.8,0,0,4,0,0,8,0,0,0
Alex Perry,158184,WR,HAWAII,11,0,0,180,,,,,,,58.3,,,72.5,0,0,0,0,0,65,0,1,0
Jalen Smith,158187,LB,HAWAII,13,1,1,180,59.8,,,,,,32.0,,,27.4,1,4,0,38,39,5,30,21,0
Ethan Spencer,158188,G,HAWAII,12,0,0,180,,,76.8,,,,65.5,,,67.5,0,0,50,0,0,0,0,0,0
Devon Tauaefa,158190,TE,HAWAII,4,0,0,180,,,,,,,62.0,,,69.8,0,0,0,0,0,2,0,5,0
Matagi Thompson,158191,S,HAWAII,8,0,1,180,60.0,,,,,,45.0,,,28.2,0,1,0,1,20,0,2,18,0
Isaiah Adams,158192,T,ILLINOIS,4,0,0,187,,,60.8,,,,61.9,,,66.1,0,0,8,0,0,0,0,0,0
Weston Adams,158193,WR,ILLINOIS,1,0,0,187,,,,,,,60.5,,,69.4,0,0,0,0,0,0,0,4,0
Matthew Bailey,158197,S,ILLINOIS,1,0,0,187,60.0,,,,,,60.0,,,61.5,0,0,0,2,0,0,0,0,0
Hank Beatty,158198,WR,ILLINOIS,8,0,0,187,,,,59.1,,,53.0,60.3,,71.7,0,0,0,0,2,39,0,1,0
Henry Boyer,158199,TE,ILLINOIS,3,0,0,187,,,,,,,61.3,,,67.4,0,0,0,0,0,1,0,4,0
Nico Crawford,158201,LS,CHARLOTTE,11,0,0,136,,,83.7,,,74.7,67.3,,,63.2,0,0,41,0,0,0,0,0,0
Grayson Griffin,158206,S,ILLINOIS,2,0,0,187,,,,,,,51.0,,,68.7,0,0,0,0,13,0,0,0,1
Ashton Hollins,158207,WR,ILLINOIS,12,0,0,187,,,,,,,82.9,,,77.8,0,0,0,0,2,0,0,54,0
Gabe Jacas,158210,ED,ILLINOIS,12,0,0,187,59.3,,,,,,59.8,,,67.0,0,0,0,52,0,0,0,1,0
James Kreutz,158211,LB,ILLINOIS,12,1,0,187,59.8,,,,,,66.8,,,36.7,4,2,0,1,62,70,53,54,6
Aidan Laughery,158212,HB,ILLINOIS,5,0,0,187,,,,61.7,,,60.3,,,63.6,0,0,0,0,0,24,0,0,0
Elijah Mc-Cantos,158216,CB,ILLINOIS,6,0,0,187,,,,,,,65.5,,,69.4,0,0,0,0,5,0,0,14,0
Chase Miller,158220,WR,ILLINOIS,1,0,0,187,,,,,,,60.0,,,65.5,0,0,0,0,0,1,0,0,0
Tyson Rooks,158225,CB,ILLINOIS,10,0,0,187,60.0,,,,,,78.1,,,79.8,0,0,0,1,7,41,0,47,0
Xavier Scott,158226,CB,ILLINOIS,9,0,0,187,60.0,,,,,,34.4,,,70.4,3,0,0,7,1,0,9,2,0
Hunter Whitenack,158229,G,ILLINOIS,12,0,0,187,,,76.3,,,,65.1,,,64.2,0,0,45,0,0,0,0,0,0
Kola Babalola,158230,WR,NEVADA,11,0,0,239,,,,,,,68.3,,,76.7,0,0,0,0,0,38,0,36,0
Stone Combs,158235,LB,NEVADA,12,0,0,239,59.9,,,59.9,,,64.8,,,74.3,0,0,0,8,44,73,0,0,1
Josh Grabowski,158237,G,NEVADA,4,0,0,239,,,65.6,,,,62.9,,,70.8,0,0,14,0,0,0,0,0,0
Jonathan Maldonado,158241,ED,NEVADA,11,0,1,239,59.3,,60.0,,,,54.1,,,28.5,0,1,1,12,17,1,0,18,0
KK Meier,158243,CB,NEVADA,9,0,0,239,59.9,,,59.6,,,66.1,,,71.7,0,0,0,23,2,15,0,5,0
Ike Nnakenyi,158245,ED,NEVADA,8,0,0,239,59.3,,,,,,60.0,,,66.7,0,0,0,15,0,0,0,2,0
Cade Rodahaffer,158247,G,NEVADA,12,0,0,239,,,,,,,55.3,,,28.9,0,1,0,0,0,0,66,0,0
Chris Smalley,158248,ED,NEVADA,12,0,0,239,58.9,,67.5,59.9,,,71.9,,,82.0,0,0,21,11,29,78,0,37,0
Victor Snow,158249,WR,BUFFALO,10,0,0,126,,,,,,,79.4,,,29.9,3,2,0,0,32,0,38,44,8
Isaiah World,158252,T,NEVADA,8,0,0,239,,,69.5,,,,63.9,,,72.3,0,0,25,0,0,0,0,0,0
Jovoni Borbon,158255,LS,SMU,1,0,0,287,,,60.0,,,66.0,60.0,,,60.8,0,0,1,0,0,0,0,0,0
AJ Davis,158262,CB,SMU,6,0,0,287,59.9,,,,,,59.1,,,71.4,0,0,0,2,7,0,0,16,0
Drenon Fite III,158266,ED,LA LAFAYET,11,2,0,207,59.8,,69.6,,,,68.2,,,74.4,1,0,28,1,66,1,0,18,4
Dylan Frazier,158267,DI,SMU,1,0,0,287,59.7,,,,,,60.0,,,61.8,0,0,0,1,0,0,0,0,0
Rhett Larson,158273,T,SM HOUSTON,11,0,0,281,,,72.9,,,,64.4,,,69.5,0,0,43,0,0,0,7,0,0
Ahmaad Moses,158276,S,SMU,14,2,0,287,60.0,,,,,,62.9,,,88.9,3,0,0,18,86,5,17,66,3
Collin Rogers,158279,K,SMU,14,0,0,287,,82.2,,,78.9,,56.2,,,44.4,0,2,94,0,103,0,0,0,2
Markus Schumacher,158281,FB,SMU,10,0,0,287,,,,,,,70.3,,,75.3,0,0,0,0,0,35,0,8,0
Isaiah Smith,158282,ED,SMU,9,0,0,287,59.8,,,,,,63.4,,,68.5,0,0,0,6,0,0,0,11,0
Jacob Waller,158286,T,SMU,4,0,0,287,,,66.8,,,,62.9,,,64.3,0,0,19,0,0,0,0,0,0
Mike Sandjo,158288,DI,SMU,6,0,0,287,58.9,,,,,,61.9,,,69.8,0,0,0,5,2,0,0,6,0
LeQuint Allen,158290,HB,SYRACUSE,5,0,0,304,,,,,,,60.3,74.3,,64.6,0,0,0,0,0,1,0,8,0
Kadin Bailey,158291,ED,SYRACUSE,11,1,0,304,,,,,,,67.3,,,84.0,4,0,0,0,49,52,50,22,3
Donovan Brown,158293,WR,SYRACUSE,9,0,0,304,,,,60.0,,,29.4,72.4,,69.0,0,0,0,0,9,1,4,18,0
Joe Cruz,158295,G,SYRACUSE,9,0,0,304,,,74.0,,,,65.2,,,75.3,0,0,48,0,0,0,0,0,0
Gregory Delaine,158296,CB,SYRACUSE,13,0,0,304,59.8,,,,,,44.3,,,29.7,1,1,0,12,56,0,17,24,1
Brady Denaburg,158297,K,SYRACUSE,13,0,0,304,,68.4,,,89.5,,52.8,,60.0,30.0,0,1,54,0,62,0,1,0,0
Denis Jaquez Jr.,158300,ED,SYRACUSE,4,0,0,304,59.4,,,,,,91.9,,,73.2,0,0,0,6,0,0,0,3,0
Kevin Jobity Jr.,158301,ED,SYRACUSE,9,0,0,304,58.6,,,,,,59.8,,,68.3,0,0,0,17,0,0,0,9,0
Josh Kubala,158302,ED,SYRACUSE,13,0,0,304,,,,,,,69.0,,,77.3,0,0,0,0,31,69,5,20,0
Cornell Perry,158305,S,SYRACUSE,10,0,0,304,,,,,,,66.9,,,82.1,0,0,0,0,45,0,34,34,1
Quan Peterson,158306,CB,SYRACUSE,6,0,0,304,59.7,,,,,,62.3,,,69.1,0,0,0,6,12,0,0,4,0
Chad Schuster,158307,G,W MICHIGAN,6,0,0,347,,,69.7,,,,63.6,,,64.3,0,0,30,0,0,0,0,0,0
Jerry Wilson,158310,CB,SYRACUSE,8,0,0,304,59.9,,,,,,62.7,,,74.7,0,0,0,13,0,0,0,9,0
Mayze Bryant,158313,CB,CAL,1,0,0,130,59.7,,,,,,60.0,,,61.8,0,0,0,1,0,0,0,0,0
Nate Burrell,158314,DI,CAL,12,0,0,130,58.3,,,,,,58.4,,,67.2,0,0,0,32,0,17,0,1,0
Jeremiah Earby,158316,CB,CAL,12,0,0,130,60.2,,,,,,57.9,,,77.6,0,0,0,39,2,42,0,29,0
Jack Endries,158317,TE,CAL,7,0,0,130,,,,,,,51.6,,,69.6,0,1,0,0,2,26,0,0,0
Ashton Hayes,158319,HB,NEVADA,4,0,0,239,,,,59.4,,,47.1,,,70.7,1,0,0,0,13,2,0,1,1
Jordan King,158320,WR,CAL,2,0,0,130,,,,,,,54.9,,,68.0,0,0,0,0,0,6,0,0,0
Michael Luckhurst,158321,K,CAL,11,0,0,130,,41.1,,,71.2,,63.5,,,76.3,0,0,24,0,63,0,0,0,2
Malcolm McClure,158322,LB,NEVADA,2,0,0,239,,,,,,,58.3,,,69.5,0,0,0,0,0,14,0,0,0
Jaydn Ott,158325,HB,CAL,4,0,0,130,,,,81.3,,,59.9,,,63.2,0,0,0,0,0,10,0,0,0
Jaiven Plummer,158326,WR,CAL,13,3,1,130,,,,,,,44.3,,,29.2,4,2,0,0,13,61,47,40,0
Cam Sidney,158329,CB,CAL,13,1,0,130,60.0,,,,,,62.3,,,57.3,1,1,0,1,34,16,46,41,6
Curlee Thomas IV,158332,DI,CAL,4,0,0,130,,,,,,,63.1,,,72.5,0,0,0,0,0,0,0,10,0
Sioape Vatikani,158334,G,CAL,12,0,0,130,,,74.6,,,,54.8,,,67.5,1,0,36,0,0,0,50,0,0
Omari Arnold,158336,HB,GA SOUTHRN,1,0,0,174,,,,,,,60.0,,,63.0,0,0,0,0,0,1,0,0,0
Latrell Bullard,158340,DI,GA SOUTHRN,13,0,0,174,58.0,,,,,,58.8,,,69.8,0,0,0,35,0,0,0,10,0
Dalen Cobb,158341,WR,GA SOUTHRN,7,0,0,174,,,,57.0,,,60.1,,,67.4,0,0,0,0,0,29,0,0,0
Josh Dallas,158343,WR,GA SOUTHRN,10,0,0,174,,,,,,,71.8,60.3,,73.5,0,0,0,0,10,60,0,11,0
Da'Shawn Davis,158344,ED,GA SOUTHRN,10,0,0,174,59.4,,,,,,66.4,,,71.9,0,0,0,12,9,0,0,16,0
Elhadj Fall,158346,DI,GA SOUTHRN,12,0,0,174,57.7,,,,,83.1,60.5,,,69.0,0,0,0,31,0,0,6,5,0
Terrance Gibbs,158348,HB,GA SOUTHRN,3,0,0,174,,,,,,,59.7,,,66.5,0,0,0,0,0,6,1,0,0
Tracy Hill Jr.,158350,CB,GA SOUTHRN,13,0,0,174,59.7,,,,,,81.1,,,82.2,0,0,0,11,71,66,2,38,3
Zyere Horton,158351,LB,FAU,12,0,0,165,,,,,,,60.5,,,78.7,0,0,0,0,52,59,8,19,0
Elijah Hynes,158352,LB,GA SOUTHRN,2,0,0,174,,,,,,,62.4,,,69.0,0,0,0,0,0,0,0,8,0
Tyler Jordan,158354,HB,GA SOUTHRN,2,0,0,174,,,,,,,68.4,,,65.5,0,0,0,0,0,10,0,0,0
Marc Stampley II,158364,CB,GA SOUTHRN,11,0,0,174,60.3,,,,,,54.4,,,33.5,1,1,0,46,60,0,0,1,0
MJ Stroud,158366,ED,GA SOUTHRN,11,0,0,174,59.5,,,,,,63.3,,,71.8,0,0,0,18,19,8,0,19,0
Joshua Thompson,158368,WR,GA SOUTHRN,11,0,0,174,,,,,,,61.7,,,28.6,0,1,0,0,0,0,0,38,0
Ashton Whitner,158369,S,DOMINION,13,1,0,263,60.0,,,,,,56.8,,,81.7,1,1,0,12,63,44,9,33,5
Pichon Wimbley,158371,G,GA SOUTHRN,3,0,0,174,,,67.4,,,,63.1,,,67.0,0,0,14,0,0,0,0,0,0
Germie Bernard,158374,WR,WASHINGTON,10,0,0,340,,,,76.7,,,70.0,51.5,,65.1,0,0,0,0,0,26,0,15,0
Caleb Coley,158378,CB,MICH STATE,6,0,0,223,60.0,,,,,,69.4,,,70.3,0,0,0,2,17,0,3,6,1
Jay Coyne,158379,ED,MICH STATE,3,0,0,223,,,,,,,49.2,,,27.3,0,1,0,0,8,0,0,4,0
Ryan Eckley,158380,P,MICH STATE,12,0,0,223,,,65.0,,,,63.4,,86.2,73.7,0,0,35,0,0,0,58,0,1
Antonio Gates Jr.,158381,WR,MICH STATE,5,0,0,223,,,,,,,60.1,,,72.0,0,0,0,0,0,24,0,2,0
Jaron Glover,158382,WR,MICH STATE,5,0,0,223,,,,,,,57.7,,,70.8,0,0,0,0,0,10,4,13,0
Tyrell Henry,158385,WR,MICH STATE,12,0,0,223,,,,55.7,,,55.4,75.9,,42.4,0,1,0,0,1,69,28,55,1
Malcolm Jones,158387,CB,MICH STATE,6,0,0,223,,,,,,,61.5,,,75.7,0,0,0,0,14,23,4,15,1
Ashton Lepo,158388,T,MICH STATE,10,0,0,223,,,71.1,,,,63.9,,,65.5,0,0,38,0,0,0,0,0,0
Jaden Mangham,158389,S,MICH STATE,11,0,0,223,59.6,,,,,,60.7,,,64.7,0,0,0,45,5,0,3,0,0
Michael Masunas,158390,TE,MICH STATE,9,0,0,223,,,,,,,68.9,,,70.0,0,0,0,0,0,40,2,0,0
Braden Miller,158392,T,MICH STATE,1,0,0,223,,,60.0,,,,61.4,,,62.0,0,0,4,0,0,0,0,0,0
Ben Nelson,158393,DI,MICH STATE,1,0,0,223,59.6,,,,,,59.8,,,62.4,0,0,0,1,0,0,0,0,0
Jack Nickel,158394,TE,MICH STATE,10,0,0,223,,,68.8,,,,67.3,,,74.0,0,0,25,0,0,55,0,10,0
Kristian Phillips,158395,G,MICH STATE,9,0,0,223,,,74.2,,,,64.5,,,63.7,0,0,34,0,0,0,0,0,0
James Schott,158396,ED,MICH STATE,10,1,0,223,59.5,,,,,,90.3,,,73.6,0,0,0,2,34,0,0,17,0
Malik Spencer,158397,S,MICH STATE,12,0,0,223,59.6,,,,,,60.6,,,73.8,0,0,0,54,4,0,68,16,2
Jack Stone,158398,K,BAYLOR,8,0,0,118,,,,,70.3,,63.0,,,76.6,0,0,0,0,40,0,0,0,0
Dillon Tatum,158399,CB,MICH STATE,9,0,0,223,59.7,,,,,,50.6,,,77.5,1,1,0,41,0,0,42,24,0
Tyler Vroman,158401,WR,MICH STATE,2,0,0,223,,,,,,,62.3,,,67.6,0,0,0,0,0,0,0,4,0
Ade Willie,158403,CB,MICH STATE,9,0,0,223,60.0,,,,,,65.9,,,73.2,0,0,0,8,37,15,1,9,0
Zion Young,158404,ED,MICH STATE,12,0,0,223,58.7,,,,,,60.1,,,68.9,0,0,0,46,0,0,0,9,0
Alex Bauman,158407,TE,TULANE,14,0,0,319,,,76.0,59.9,,,61.4,,,71.4,0,0,64,0,0,49,0,0,0
Makhi Hughes,158417,HB,TULANE,4,0,0,319,,,,,,,59.7,,,67.4,0,0,0,0,0,12,0,0,0
Shadre Hurst,158418,G,TULANE,14,0,0,319,,,76.5,,,,65.1,,,64.9,0,0,68,0,0,0,0,0,0
Keanon McNally,158420,T,DOMINION,7,0,0,263,,,69.5,,,,63.7,,,68.4,0,0,28,0,0,0,0,0,0
Garrett Mmahat,158421,QB,TULANE,10,0,0,319,,,,,,,59.9,,,75.4,0,0,0,0,6,42,4,12,0
Rayshawn Pleasant,158424,CB,TULANE,13,1,0,319,,,,,,,60.2,,,74.4,0,1,0,0,59,0,0,27,4
Kentrell Webb,158427,S,TULANE,12,0,0,319,,,,,,,53.3,,,30.7,1,1,0,0,56,44,0,31,0
Colton Boomer,158429,K,UCF,13,0,0,323,,69.9,,,78.4,,54.3,,,35.9,0,1,71,0,78,0,0,0,1
TJ Bullard,158432,LB,UCF,8,0,0,323,60.0,,,,,,63.1,,,75.3,0,0,0,1,34,0,4,28,0
Andrew Dickson,158434,WR,UCF,1,0,0,323,,,,,,,60.3,,,65.6,0,0,0,0,0,1,0,1,0
Tyler Griffin,158436,WR,UCF,11,1,0,323,,,,,,,63.9,,,78.2,0,0,0,0,39,32,0,20,1
Ja'Cari Henderson,158439,CB,UCF,7,0,0,323,59.1,,,,,,63.5,,,72.9,0,0,0,20,26,0,5,10,1
Demari Henderson,158440,S,UCF,10,0,0,323,59.3,,,,,,49.2,,,74.7,1,0,0,34,48,0,12,3,3
Jamaal Johnson,158444,ED,UCF,2,0,0,323,59.6,,,,,,59.8,,,62.9,0,0,0,4,0,0,0,0,0
Nikai Martinez,158447,S,UCF,13,1,0,323,59.7,,,,,,56.5,53.1,,42.8,2,1,0,52,73,0,23,3,2
Mitch McCarthy,158448,P,UCF,13,0,0,323,,,51.6,,,,58.8,,68.5,70.0,0,1,71,0,0,0,37,0,0
Jordan McDonald,158449,HB,UCF,12,0,0,323,,,,,,,66.5,,,79.6,1,0,0,0,48,62,2,34,1
Kam Moore,158450,LB,UCF,10,0,0,323,59.9,,,,,,65.5,,,68.4,0,0,0,12,8,22,0,2,0
Cullen Smith,158452,WR,UCF,1,0,0,323,,,,,,,60.0,,,63.0,0,0,0,0,0,1,0,0,0
Xavier Townsend,158455,WR,UCF,12,0,0,323,,,,81.4,,,61.0,58.0,,71.4,0,0,0,0,8,58,0,43,0
Thomas Wadsworth,158456,TE,UCF,2,0,0,323,,,,,,,60.0,,,64.0,0,0,0,0,0,3,0,0,0
Raleek Brown,158458,WR,USC,1,0,0,326,,,,59.4,,,60.0,,,61.6,0,0,0,0,0,2,0,0,0
Cooper Lovelace,158460,T,USC,3,0,0,326,,,60.0,,,,61.0,,,62.8,0,0,5,0,0,0,0,0,0
Garrison Madden,158461,LB,USC,1,0,0,326,,,,,,,60.4,,,65.1,0,0,0,0,2,0,0,0,0
Roman Marchetti,158462,LB,USC,4,0,0,326,,,,59.9,,,61.4,,,67.3,0,0,0,0,6,5,0,0,0
Kilian O'Connor,158463,C,USC,2,0,0,326,,,60.0,,,,60.3,,,62.4,0,0,1,0,0,0,2,0,0
Devan Thompkins,158470,ED,USC,1,0,0,326,59.6,,,,,,59.8,,,62.0,0,0,0,1,0,0,0,0,0
CJ Williams,158471,WR,WISCONSIN,1,0,0,349,,,,,,,60.0,,,63.1,0,0,0,0,0,1,0,0,0
Ka'eo Akana,158472,ED,UTAH,8,0,0,328,59.8,,,,,,54.6,,,71.5,1,0,0,1,35,0,0,0,1
Lander Barton,158473,LB,UTAH,7,1,0,328,59.2,,65.5,,,,70.9,60.0,,72.1,0,0,16,17,1,6,27,8,1
Noah Bennee,158474,TE,UTAH,7,0,0,328,,,69.4,,,,59.1,,,69.1,0,0,28,0,10,7,0,4,0
Luca Caldarella,158475,WR,UTAH,13,0,0,328,,,,,,,66.3,,,83.0,1,1,0,0,48,47,26,49,4
Joey Cheek,158477,K,UTAH,3,0,0,328,,63.8,,,,,60.0,,,64.2,0,0,9,0,0,0,0,0,0
Cody Christensen,158478,TE,UTAH,1,0,0,328,,,,,,,60.0,,,64.8,0,0,0,0,0,1,0,0,0
Elijah Davis,158479,CB,UTAH,12,0,0,328,,,,,,,67.5,,,73.7,0,0,0,0,56,0,0,28,2
Tevita Fotu,158482,DI,UTAH,8,0,0,328,58.7,,,,,,60.0,,,66.6,0,0,0,9,0,0,0,4,0
Nick Howe,158486,CB,UTAH,4,0,0,328,,,,,,,63.5,,,68.5,0,0,0,0,11,4,0,6,0
Tao Johnson,158490,CB,UTAH,12,0,0,328,59.9,,,,,,49.3,60.0,,77.9,1,0,0,2,13,0,2,34,0
Chase Kennedy,158491,ED,UTAH,6,0,0,328,59.6,,,,,,66.5,,,72.1,0,0,0,3,0,23,0,4,0
Tyler Knaak,158492,T,NEBRASKA,7,0,0,238,,,71.0,,,,63.7,,,63.3,0,0,22,0,0,0,0,0,0
Jocelyn Malaska,158495,CB,UTAH,6,0,0,328,,,,,,,63.1,,,69.9,0,0,0,0,5,5,0,9,0
Sidney Mbanasor,158496,WR,UTAH,3,0,0,328,,,,,,,60.9,,,66.8,0,0,0,0,0,2,2,2,0
Justin Medlock,158497,LB,UTAH,10,0,0,328,60.0,,,,,,71.8,,,72.8,0,0,0,5,9,6,0,41,1
Sione Vaki,158505,S,UTAH,12,0,0,328,59.8,,,58.0,,,67.4,60.0,,78.2,0,0,0,41,1,7,21,12,1
Peter Eyabi,158510,ED,WASH STATE,1,0,0,341,59.8,,,,,,60.3,,,64.0,0,0,0,1,0,0,0,1,0
Bryce Grays,158511,S,UTSA,10,0,0,331,,,,,,,61.1,,,74.7,2,0,0,0,63,0,0,0,3
Bryson Lamb,158514,DI,WASH STATE,1,0,0,341,59.6,,,,,,59.8,,,62.4,0,0,0,1,0,0,0,0,0
Jonny Lester,158515,T,WASH STATE,1,0,0,341,,,60.0,,,,60.9,,,63.9,0,0,4,0,0,0,0,0,0
Landon Roaten,158520,G,WASH STATE,1,0,0,341,,,60.0,,,,60.0,,,63.4,0,0,1,0,0,0,0,0,0
Javan Robinson,158522,CB,WASH STATE,7,0,0,341,59.7,,,,,,65.1,,,73.1,0,0,0,17,13,0,3,14,0
Leyton Smithson,158525,WR,WASH STATE,11,0,0,341,,,,77.6,,,63.8,,,80.6,2,0,0,0,56,43,21,38,1
Reece Sylvester,158527,S,WASH STATE,2,0,0,341,59.9,,,,,,61.7,,,65.1,0,0,0,2,2,0,0,2,0
Darrius Clemons,158532,WR,MICHIGAN,2,0,0,222,,,,,,,65.1,,,69.6,0,0,0,0,8,0,0,1,0
Henry Donohue,158534,HB,MICHIGAN,5,0,0,222,,,,,,,78.7,,,69.5,0,0,0,0,7,10,0,1,0
Mason Graham,158535,DI,MICHIGAN,10,0,0,222,58.5,,,,,,58.5,,,65.6,0,0,0,21,0,0,5,0,0
Will Johnson,158536,CB,MICHIGAN,10,0,0,222,60.0,,,,,,61.5,,,69.2,0,0,0,23,0,0,0,0,0
Kody Jones,158538,CB,MICHIGAN,3,0,0,222,,,,,,,62.0,,,67.5,0,0,0,0,7,0,0,1,0
Connor Jones,158539,G,MICHIGAN,1,0,0,222,,,60.0,,,,60.0,,,63.7,0,0,1,0,0,0,0,0,0
Colston Loveland,158540,TE,MICHIGAN,15,0,0,222,,,,,,,56.2,,,71.0,1,0,0,0,0,1,48,0,0
Joel Metzger,158542,LB,MICHIGAN,2,0,0,222,,,,,,,60.1,,,63.7,0,0,0,0,1,1,0,0,0
Derrick Moore,158543,ED,MICHIGAN,12,0,0,222,59.7,,,,,,61.4,,,69.9,0,0,0,18,6,0,0,9,0
Tyler Morris,158544,WR,MICHIGAN,13,0,0,222,,,,,,,63.8,74.0,,74.5,0,0,0,0,0,1,0,50,0
Keon Sabb,158546,S,MICHIGAN,11,0,0,222,59.8,,,,,,55.5,,,69.3,0,0,0,13,13,5,1,8,0
Alfonzo Allen Jr.,158549,S,BAYLOR,11,0,0,118,60.0,,,,,,57.2,,,72.1,1,0,0,3,44,0,23,3,3
Michael Allen,158550,S,BAYLOR,6,0,0,118,,,,,,,70.7,,,71.0,0,0,0,0,5,27,0,6,0
Devyn Bobby,158551,S,BAYLOR,12,0,0,118,59.7,,,,,,80.9,,,73.7,0,0,0,56,18,0,13,13,4
Reggie Bush II,158552,CB,BAYLOR,5,0,0,118,59.9,,,,60.0,,52.5,,,28.5,0,1,0,1,1,7,1,8,0
Alvin Ebosele,158554,T,BAYLOR,1,0,0,118,,,60.0,,,,60.0,,,62.1,0,0,1,0,0,0,0,0,0
Tre Emory,158555,DI,BAYLOR,1,0,0,118,59.8,,,,,,60.0,,,62.7,0,0,0,1,0,0,0,0,0
Jeremy Evans,158556,LB,BAYLOR,11,1,0,118,60.0,,,,,,61.4,,,79.8,1,0,0,12,39,57,13,13,1
Corey Gordon,158557,S,BAYLOR,11,0,0,118,59.9,,,62.1,,,55.7,,,29.5,1,1,0,13,29,12,14,1,1
LaKelsey Johnson Jr.,158559,TE,BAYLOR,6,0,0,118,,,,,,,70.5,,,69.1,0,0,0,0,0,33,0,0,0
Carmelo Jones,158560,LB,BAYLOR,6,0,0,118,59.9,,,,,,68.3,,,73.2,0,0,0,2,11,9,5,5,0
Kyler Jordan,158561,ED,BAYLOR,10,0,0,118,59.2,,,59.6,,,81.7,,,70.5,0,0,0,13,8,47,1,2,1
George Maile,158562,G,BAYLOR,12,0,0,118,,,76.7,,,,65.3,,,65.4,0,0,48,0,0,0,0,0,0
Richard Reese,158568,HB,BAYLOR,6,0,0,118,,,,83.9,,,61.1,,,64.9,0,0,0,0,0,25,0,3,0
Kaian Roberts-Day,158569,ED,BAYLOR,6,0,0,118,,,,,,,50.9,,,71.7,0,0,0,0,12,0,0,16,0
Kaden Sieracki,158571,G,BAYLOR,10,0,0,118,,,25.2,,,,45.2,,,74.9,0,0,41,0,0,0,0,0,0
Devonte Tezino,158573,DI,BAYLOR,3,0,0,118,58.8,,,,,,59.3,,,68.5,0,0,0,4,0,0,0,0,0
Armani Winfield,158574,WR,BAYLOR,5,0,0,118,,,,,,,52.9,,,72.1,0,0,0,0,0,8,0,12,0
Oumar Conde,158576,ED,C MICHIGAN,1,0,0,134,,,,,,,60.8,,,65.5,0,0,0,0,0,0,0,3,0
Ed Conoran,158577,S,C MICHIGAN,11,1,0,134,,,,,,,70.6,,,77.6,0,0,0,0,37,59,21,20,3
Jayden Davis,158579,S,C MICHIGAN,1,0,0,134,,,,,,,60.0,,,63.0,0,0,0,0,0,1,0,0,0
Tyler DeWitt,158580,HB,C MICHIGAN,1,0,0,134,,,,,,,60.0,,,69.0,0,0,0,0,0,0,0,2,0
Dylan Hertzberg,158583,P,C MICHIGAN,1,0,0,134,,,,,54.6,,60.0,,,66.0,0,0,0,0,2,0,0,0,0
Sam Hicks,158584,HB,C MICHIGAN,12,0,0,134,,,,71.8,,,54.0,,,78.0,0,0,0,0,1,73,10,24,0
Martin Koivisto,158592,G,C MICHIGAN,10,0,0,134,,,73.8,,,,64.8,,,69.4,0,0,42,0,0,0,0,0,0
Kade Kostus,158593,ED,C MICHIGAN,11,0,0,134,60.0,,72.6,,,,62.1,,,69.6,0,0,41,2,0,19,0,10,0
Kyle Krebs,158594,CB,C MICHIGAN,1,0,0,134,,,,,,,60.0,,,62.4,0,0,0,0,1,0,0,0,0
Jordan Kwiatkowski,158595,LB,C MICHIGAN,11,1,0,134,58.8,,,63.2,,,75.7,,,29.7,0,2,0,21,43,56,53,30,8
Will Leggon,158596,DI,C MICHIGAN,9,0,0,134,,,82.0,,,,66.8,,,63.9,0,0,35,0,0,0,0,0,0
Langston Lewis,158597,WR,C MICHIGAN,1,0,0,134,,,,,,,89.4,,,64.0,0,0,0,0,0,3,0,0,0
Brady Ploucha,158599,C,C MICHIGAN,12,0,0,134,,,74.8,,,,65.2,,,71.0,0,0,47,0,0,0,0,0,0
Jesse Prewitt III,158600,WR,C MICHIGAN,9,0,0,134,,,,,,,56.7,,,75.9,0,0,0,0,0,44,0,10,0
Donovan Branch,158608,ED,UCONN,6,0,0,146,,,,,,,64.2,,,72.9,0,0,0,0,0,10,0,16,0
D'Mon Brinson,158609,CB,UCONN,10,0,0,146,59.7,,,,,,38.1,,,80.4,0,1,0,30,24,28,1,36,1
Hunter Clark,158611,HB,UCONN,8,0,0,146,,,,59.6,,,68.4,,,28.3,0,1,0,0,0,43,1,3,0
Isiah Davis,158612,CB,UCONN,11,1,0,146,59.5,,,,,,59.6,,,29.9,0,1,0,17,7,18,0,5,0
Thaddeus Dixon,158614,CB,WASHINGTON,14,0,0,340,59.8,,,,,,65.3,,,75.0,0,0,0,13,0,0,0,42,0
Cam Edwards,158615,HB,UCONN,3,0,0,146,,,,,,,65.5,,,68.7,0,0,0,0,16,0,0,0,0
Bo Estes,158616,TE,UCONN,12,0,0,146,,,,59.6,,,80.1,,,71.7,0,0,0,0,0,67,2,0,0
DaJon Harrison,158617,WR,UCONN,1,0,0,146,,,,,,,60.0,,,94.4,0,0,0,0,0,1,0,0,0
Kylish Hicks,158618,WR,UCONN,5,0,0,146,,,,,,,74.9,,,75.9,0,0,0,0,0,24,0,10,0
Justin Joly,158620,TE,UCONN,2,0,0,146,,,,61.8,,,60.0,,,66.3,0,0,0,0,0,2,0,0,0
Lee Molette III,158623,S,UCONN,9,0,0,146,59.8,,,,,,64.5,,,70.5,0,0,0,19,1,24,0,5,0
Ben Murawski,158624,G,UCONN,12,0,0,146,,,75.1,,,,65.4,,,72.8,0,0,43,0,0,0,0,0,0
Tim Passmore Jr.,158626,DI,UCONN,1,0,0,146,59.6,,,,,,59.8,,,62.0,0,0,0,1,0,0,0,0,0
Victor Rosa,158629,HB,UCONN,10,0,0,146,,,,59.4,,,64.3,,,77.2,1,0,0,0,1,24,43,0,1
Nathan Voorhis,158637,ED,UCONN,12,0,0,146,,,,,,,74.8,,,77.8,1,0,0,0,29,57,24,28,4
Bryce Anderson,158640,S,TEXAS A&M,11,0,0,312,59.8,,,,,,53.4,,,29.1,1,2,0,45,53,1,17,6,1
Gabriel Brownlow-Dindy,158644,DI,TEXAS A&M,1,0,0,312,59.5,,,,,,59.7,,,63.0,0,0,0,2,0,0,0,0,0
Kam Dewberry,158645,G,TEXAS A&M,13,0,0,312,,,81.2,,,,66.7,,,64.8,0,0,84,0,0,0,0,0,0
Marquis Groves-Killebrew,158649,CB,LOUISVILLE,4,0,0,210,,,,,,,62.8,,,72.0,0,0,0,0,11,1,0,12,0
Denver Harris,158651,CB,LSU,5,0,0,211,59.9,,,,,,61.8,,,73.3,0,0,0,11,0,0,0,2,0
Martrell Harris Jr.,158653,LB,TEXAS A&M,9,0,0,312,,,,,,,54.2,,,29.5,0,1,0,0,37,0,4,44,0
Jake Johnson,158655,TE,TEXAS A&M,10,0,0,312,,,75.6,,,,64.8,,,62.9,0,0,64,0,0,1,0,0,0
Jarred Kerr,158656,S,TEXAS A&M,12,0,0,312,60.0,,,,,,62.2,,,79.6,0,0,0,8,66,22,0,34,2
Anthony Lucas,158657,ED,USC,11,0,0,326,59.3,,,,,,60.8,,,72.6,0,0,0,16,0,0,0,2,0
Jacoby Mathews,158660,S,TEXAS A&M,12,0,0,312,80.1,,,,,,71.7,,,41.4,0,1,0,36,35,2,26,18,2
Theo Melin Ohrstrom,158662,TE,TEXAS A&M,1,0,0,312,,,60.0,,,,61.0,,,64.2,0,0,5,0,0,4,0,0,0
Ethan Moczulski,158663,K,TEXAS A&M,2,0,0,312,,60.0,,,65.2,,60.0,,,66.7,0,0,1,0,3,0,0,0,0
Mark Nabou Jr.,158665,G,TEXAS A&M,12,0,0,312,,,77.7,,,,66.5,,,77.8,0,0,79,0,0,0,0,0,0
Walter Nolen,158666,DI,TEXAS A&M,1,0,0,312,59.3,,,,,,59.5,,,63.2,0,0,0,2,0,0,0,0,0
LT Overton,158667,ED,TEXAS A&M,12,0,0,312,,,,,,,76.7,,,69.1,0,0,0,0,0,55,0,0,0
Kent Robinson,158669,CB,TEXAS A&M,4,0,0,312,60.1,,,,,,63.8,,,69.1,0,0,0,6,1,0,0,8,0
Jaxson Slanker,158672,LB,TEXAS A&M,1,0,0,312,,,,,,,60.5,,,64.6,0,0,0,0,2,0,0,0,0
Shemar Stewart,158675,ED,TEXAS A&M,6,0,0,312,59.0,,,,,,59.7,,,65.5,0,0,0,11,0,0,0,2,0
Malick Sylla,158676,ED,TEXAS A&M,13,0,0,312,59.3,,,,,,65.6,,,79.0,1,0,0,6,20,2,13,66,1
Bobby Taylor,158677,CB,TEXAS A&M,1,0,0,312,,,,,,,60.0,,,65.1,0,0,0,0,1,0,0,0,0
Noah Thomas,158678,WR,TEXAS A&M,2,0,0,312,,,,,,,60.3,,,67.5,0,0,0,0,1,1,0,0,0
Kyle Walsh,158682,CB,TEXAS A&M,1,0,0,312,,,,,,,60.2,,,65.4,0,0,0,0,2,0,0,0,0
PJ Williams,158685,T,SMU,13,0,0,287,,,77.3,,,,65.2,,,61.8,0,0,80,0,0,0,5,0,0
Vinny Anthony II,158687,WR,WISCONSIN,13,0,0,349,,,,62.0,,,43.9,77.9,,43.0,2,2,0,0,0,55,38,34,0
Austin Brown,158689,S,WISCONSIN,13,0,0,349,59.9,,,,,,84.9,,,82.0,1,0,0,4,52,32,18,40,4
Joe Brunner,158690,G,WISCONSIN,13,0,0,349,,,77.6,,,,65.5,,,64.2,0,0,53,0,0,0,0,0,0
Gavin Lahm,158700,K,WISCONSIN,8,0,0,349,,,,,60.9,,62.2,,,74.5,0,0,0,0,32,0,0,0,0
Tristan Monday,158705,DI,ARIZONA ST,3,0,0,110,58.7,,,,,,59.1,,,72.0,0,0,0,9,0,0,0,1,0
Curt Neal,158706,DI,WISCONSIN,6,0,0,349,58.6,,,,,,59.4,,,66.9,0,0,0,12,0,0,0,3,0
Cade Yacamelli,158712,HB,WISCONSIN,9,0,0,349,,,,,,,73.2,,,73.0,0,0,0,0,27,0,0,8,2
Joseph Borjon,158713,T,ARIZONA,1,0,0,109,,,,,,,60.0,,,63.3,0,0,0,0,0,0,1,0,0
Keyan Burnett,158714,TE,ARIZONA,6,0,0,109,,,,,,,60.1,,,65.8,0,0,0,0,1,7,0,0,0
Jai-Ayviauynn Celestine,158715,CB,ARIZONA,8,0,0,109,,,,55.6,,,29.2,,,29.3,0,2,0,0,15,26,0,10,0
Jonah Coleman,158717,HB,ARIZONA,13,0,0,109,,,,59.9,,,58.8,,,72.1,0,0,0,0,8,52,2,0,0
Tacario Davis,158719,CB,ARIZONA,13,0,0,109,90.4,,,,,,77.9,,,75.8,0,0,0,41,0,0,0,32,0
Russell Davis II,158720,ED,ARIZONA,8,0,0,109,59.4,,,,,,61.9,,,66.4,0,0,0,5,0,0,0,6,0
Devin Dunn,158721,CB,ARIZONA,1,0,0,109,,,,,,,60.2,,,66.3,0,0,0,0,0,2,0,0,0
Noah Fifita,158722,QB,ARIZONA,2,0,0,109,,,,,,,60.0,,60.3,64.5,0,0,0,0,0,0,2,0,0
Rex Haynes,158727,S,ARIZONA,1,0,0,109,,,,,,,60.0,,,64.3,0,0,0,0,0,5,0,0,0
AJ Jones,158729,WR,ARIZONA,1,0,0,109,,,,,,,60.0,,,63.3,0,0,0,0,0,0,1,0,0
Jacob Rich Kongaika,158730,DI,ARIZONA,13,0,0,109,59.4,,,,,,67.6,,,67.0,0,0,0,7,0,0,36,6,1
Sterling Lane II,158731,ED,ARIZONA,1,0,0,109,59.8,,,,,,60.0,,,62.7,0,0,0,1,0,0,0,0,0
Rayshon Luke,158732,HB,ARIZONA,3,0,0,109,,,,53.0,,,60.2,,,62.7,0,0,0,0,0,11,0,0,0
Jacob Manu,158733,LB,ARIZONA,12,0,0,109,60.1,,,,,,64.2,,,72.7,0,0,0,47,22,6,2,15,0
Tyler Martin,158734,LB,UMASS,11,0,0,216,60.3,,,,,,50.8,,,45.1,1,2,0,37,8,64,19,4,0
Tetairoa McMillan,158735,WR,ARIZONA,9,0,1,109,,,,,,,32.3,63.3,,26.0,0,1,0,0,1,7,2,7,0
Wendell Moe Jr.,158736,G,ARIZONA,13,0,0,109,,,80.4,,,,65.4,,,65.2,0,0,76,0,0,0,3,0,0
Tyler Powell,158739,TE,ARIZONA,13,0,0,109,,,77.0,,,,65.2,,,61.7,0,0,77,0,0,0,0,0,0
Ephesians Prysock,158740,CB,ARIZONA,13,0,1,109,90.1,,,,,,77.5,,,42.2,0,1,0,47,53,3,0,42,0
Jonah Savaiinaea,158742,T,ARIZONA,13,0,0,109,57.8,,30.2,,,,51.9,,,76.0,0,0,77,19,0,0,3,0,0
Will Uhrich,158747,S,ARIZONA,13,0,0,109,,,,,,,58.4,,,78.6,1,0,0,0,36,47,3,25,0
Ta'ita'i Uiagalelei,158748,ED,ARIZONA,11,0,0,109,83.6,,60.0,,,,89.9,,,68.1,0,0,9,22,0,0,2,6,0
Isaiah Ward,158749,ED,ARIZONA,12,0,0,109,59.0,,,,,,60.7,,,67.7,0,0,0,39,0,0,0,10,0
Jermaine Wiggins Jr.,158751,ED,UMASS,3,0,0,216,59.6,,,,,,59.8,,,63.3,0,0,0,2,0,1,0,0,0
Aaron Alexander,158753,LB,MICH STATE,12,1,0,223,59.9,,,,,,70.5,,,82.6,2,0,0,3,42,50,14,29,2
Kofi Asare,158754,ED,UMASS,9,0,0,216,59.6,,,,,,76.2,,,76.5,0,0,0,2,2,10,0,26,0
Derrieon Craig,158758,LB,UMASS,12,3,0,216,59.9,,,,,,52.7,,,79.4,6,0,0,4,58,29,30,12,4
Greg Desrosiers Jr.,158759,HB,UMASS,11,0,1,216,,,,62.6,,,38.5,,,28.4,0,1,0,0,0,71,7,1,0
Dallas Elliott,158760,WR,UMASS,7,0,0,216,,,,63.5,,,62.1,,,73.6,0,0,0,0,0,23,4,21,0
Jacquon Gibson,158762,WR,UMASS,3,0,0,216,,,,,,,63.5,,,68.2,0,0,0,0,6,0,0,6,0
T.Y. Harding,158763,WR,UMASS,3,0,0,216,,,,59.9,,,68.6,,,68.0,0,0,0,0,0,2,0,8,0
Juan Lua,158765,CB,UMASS,12,0,0,216,59.5,,,,,,65.1,,,79.9,0,0,0,23,57,59,20,34,5
Jeremiah McGill,158766,S,UMASS,12,1,0,216,59.9,,,,,,57.8,,,86.4,1,2,0,3,57,74,39,38,5
Jalen Stewart,158770,LB,UMASS,8,0,0,216,60.1,,,,,,59.1,,,71.5,0,0,0,23,0,21,0,3,0
Donovan Turner,158771,CB,UMASS,6,0,0,216,59.8,,,,,,42.7,,,27.5,0,1,0,2,0,0,0,18,0
Dean Abdullah,158775,G,S DIEGO ST,11,0,0,284,,,73.8,,,,65.2,,,75.2,0,0,46,0,0,0,0,0,0
Drew Azzopardi,158777,T,S DIEGO ST,12,0,0,284,,,74.2,,,,57.1,,,28.4,0,1,51,0,0,0,0,0,0
Martin Blake,158778,HB,S DIEGO ST,10,0,0,284,,,,70.0,,,60.5,,,73.0,0,0,0,0,0,55,0,3,0
Eric Butler,158780,S,S DIEGO ST,12,0,0,284,59.9,,,,,,90.0,,,78.3,0,0,0,10,13,9,3,47,1
Sheldon Canley II,158782,HB,S DIEGO ST,5,0,0,284,,,,57.6,,,44.0,,,67.8,2,0,0,0,13,14,0,2,1
Arnold Escano,158787,CB,S DIEGO ST,11,0,0,284,,,,,,,47.2,,,72.6,1,0,0,0,40,0,0,6,1
Max Garrison,158789,S,S DIEGO ST,4,0,0,284,,,,,,,56.6,60.0,,70.6,0,1,0,0,20,3,0,16,1
Ryan Henderson,158790,ED,S DIEGO ST,5,0,0,284,59.0,,,,,,59.1,,,64.4,0,0,0,6,0,0,0,1,0
Josh Hunter,158791,S,S DIEGO ST,10,0,0,284,59.9,,,,,,67.8,,,73.5,0,1,0,19,30,23,3,25,4
Darius Hyde,158792,WR,S DIEGO ST,1,0,0,284,,,,,,,61.2,,,70.2,0,0,0,0,0,0,0,3,0
Chris Johnson,158794,CB,S DIEGO ST,12,1,0,284,59.6,,,,,,75.1,,,90.0,1,0,0,20,39,43,54,48,6
Keion Mitchell,158799,ED,S DIEGO ST,4,0,0,284,59.5,,,,,,59.5,,,64.1,0,0,0,3,0,0,0,1,0
Zechariah Ramirez,158803,K,S DIEGO ST,12,0,0,284,,,66.4,,,,62.1,,,61.1,0,0,51,0,0,0,0,0,0
Lucky Sutton,158807,HB,S DIEGO ST,5,0,0,284,,,,,,,57.6,,,72.8,0,0,0,0,15,23,0,0,0
Logan Tanner,158808,TE,S DIEGO ST,1,0,0,284,,,,,,,60.0,,,63.0,0,0,0,0,0,1,0,0,0
Mikey Welsh,158809,WR,S DIEGO ST,8,1,0,284,,,,,,,69.7,,,69.1,0,0,0,0,5,24,0,0,0
Trey White,158810,ED,S DIEGO ST,11,0,0,284,60.0,,,,,,47.3,,,72.3,0,0,0,17,2,41,33,2,0
Kaleb Brown,158812,LB,UTSA,10,1,0,331,60.0,,,,,,76.7,,,83.4,0,0,0,2,61,3,0,44,2
Camron Cooper,158814,TE,UTSA,13,0,1,331,,,75.4,59.4,,,61.1,,,29.4,0,1,62,0,4,63,22,5,0
Chace Davis,158815,ED,BOWL GREEN,10,0,0,122,59.3,,,,,,60.2,,,67.0,0,0,0,17,0,0,0,2,0
Mason Hall,158817,LB,UTSA,1,0,0,331,,,,,,,60.0,,,63.9,0,0,0,0,1,0,0,0,0
Alpha Khan,158819,CB,UTSA,8,0,0,331,,,,,,,39.5,,,72.3,0,1,0,0,13,0,3,19,0
Tai Leonard,158821,DI,UTSA,6,0,0,331,58.8,,,,,,58.7,,,64.0,0,0,0,9,0,0,0,0,0
Deandre Marshall,158822,T,UTSA,13,0,0,331,,,75.7,,,,64.8,,,66.6,0,0,68,0,0,0,1,0,0
Grayson Medford,158823,WR,UTSA,1,0,0,331,,,,,,,60.1,,,68.3,0,0,0,0,0,0,4,2,0
Owen Pewee,158826,S,UTSA,13,1,0,331,59.9,,,,,,60.9,,,82.9,2,0,0,9,72,66,0,22,3
Tate Sandell,158828,K,UTSA,13,0,0,331,,61.4,,,82.3,,64.0,,,78.6,0,0,4,0,79,0,0,0,1
Travon Sylvester,158829,DI,UTSA,1,0,0,331,59.6,,,,,,59.8,,,62.4,0,0,0,1,0,0,0,0,0
Venly Tatafu,158830,T,UTSA,13,0,0,331,,,79.5,,,,66.0,,,64.8,0,0,68,0,0,0,1,0,0
Houston Thomas,158831,TE,UTSA,13,0,0,331,,,76.4,59.9,,,61.4,,,70.8,0,0,68,0,0,67,1,0,0
Jace Wilson,158833,WR,UTSA,13,0,0,331,,,,,,,56.5,,,81.3,0,0,0,0,0,66,0,18,0
Jay'Vion Cole,158932,CB,S JOSE ST,13,0,0,285,59.6,,,,,,61.9,,,80.6,2,0,0,44,71,26,0,38,0
Bilhal Kone,159385,CB,W MICHIGAN,12,0,0,347,59.4,,,,,,61.9,,,29.7,1,1,0,37,13,1,22,15,3
Makai Jackson,159480,WR,APP STATE,6,0,0,108,,,,59.9,,,67.7,,,69.6,0,0,0,0,1,25,0,0,1
Elijah Sarratt,159499,WR,JAMES MAD,6,0,0,197,,,,,,,51.0,,,28.0,0,1,0,0,0,13,0,14,0
Cam Thompson,159604,WR,N ILLINOIS,2,0,0,254,,,,,,,58.9,,,70.1,0,0,0,0,0,11,0,0,0
Andrew Armstrong,160110,WR,ARKANSAS,3,0,0,111,,,,,,,60.6,,,65.7,0,0,0,0,2,0,0,2,0
James Dawn II,160282,G,SM HOUSTON,12,0,0,281,,,73.3,,,,63.8,,,74.6,0,0,43,0,0,0,6,0,0
Orion Irving,160284,T,SM HOUSTON,11,0,0,281,,,72.0,,,,62.7,,,65.8,0,0,43,0,0,0,2,0,0
Tyler Bailey,160286,WR,SM HOUSTON,1,0,0,281,,,,,,,58.8,,,67.6,0,0,0,0,0,1,0,3,0
Thomas Jewett,160287,TE,SM HOUSTON,7,0,0,281,,,68.6,,,,56.4,,,65.5,0,0,25,0,0,11,5,0,0
Jyziah Rockwell,160288,WR,SM HOUSTON,10,0,0,281,,,,,,,54.8,,,73.7,0,0,0,0,0,51,0,12,0
Jaidan Scott,160290,S,SM HOUSTON,7,0,0,281,59.9,,,,,,75.0,,,68.7,0,0,0,7,0,1,0,6,0
Jadarius Brown,160291,CB,SM HOUSTON,12,2,1,281,,,,,,,54.5,,,28.8,2,2,0,0,50,0,74,55,3
Ca'lub Holloway,160295,ED,SM HOUSTON,12,0,0,281,59.8,,,,,,63.8,,,70.4,0,1,0,2,0,61,27,0,0
Sincere Jackson,160296,LB,SM HOUSTON,12,1,0,281,59.6,,,,,,53.9,,,28.6,2,1,0,11,50,7,14,0,5
Justin Kirkland,160310,DI,OKLA STATE,13,0,0,262,57.7,,,,,,57.7,,,70.1,0,0,0,44,0,0,0,3,0
Brendan Durkin,160315,LS,NEW MEXICO,12,0,0,241,,,23.5,,,16.3,29.6,,,67.0,2,1,52,0,0,0,55,0,1
Myles Rowser,160351,S,NEW MEX ST,15,0,0,242,59.9,,,,,,65.6,,,32.8,0,1,0,38,42,0,22,35,2
Marlon Hauck,160585,K,MISS STATE,3,0,0,227,,,,,77.8,,61.3,,,72.5,0,0,0,0,19,0,0,0,0
Kevin Coleman Jr.,160756,WR,LOUISVILLE,14,0,0,210,,,,62.3,,,52.9,53.0,,69.9,0,0,0,0,0,10,0,78,0
Travis Hunter,160766,CB,COLORADO,8,0,0,143,59.7,,,,,,62.1,,,73.5,0,0,0,23,1,1,0,5,0
Alejandro Mata,160767,K,COLORADO,11,0,0,143,,76.5,,,58.3,,61.2,,,66.9,0,0,39,0,2,0,0,0,0
Ben Straatmann,161155,DI,MISSOURI,7,1,0,229,,,,,,,70.2,,,81.9,0,0,0,0,34,3,13,0,1
Reece Larson,161292,WR,APP STATE,1,0,0,108,,,,,,,60.0,,,63.8,0,0,0,0,0,0,0,1,0
Rodrick Ward,161398,S,COLORADO,12,1,0,143,59.8,,,,,,59.1,,,38.6,1,1,0,38,63,32,22,26,3
Ismail Mahdi,161419,HB,TEXAS ST,12,0,0,314,,,,75.3,,,49.8,,,67.6,0,0,0,0,2,66,10,1,0
Daniel Weems,161484,HB,INDIANA,1,0,0,190,,,,,,,60.0,,,64.8,0,0,0,0,0,0,0,2,0
Allen Ortiz,161530,WR,NEW MEX ST,5,0,0,242,,,,,,,68.6,,,69.5,0,0,0,0,0,22,0,1,0
Jack Velling,162439,TE,OREGON ST,12,0,0,265,,,,,,,57.8,,,75.1,1,0,0,0,3,50,35,2,1
Jacob Strand,162440,T,OREGON ST,4,0,0,265,,,66.3,,,,60.9,,,65.0,0,0,21,0,0,1,5,0,0
Jake Reichle,162441,HB,OREGON ST,13,0,0,265,,,,59.9,,,57.9,,,30.4,1,2,0,0,75,26,13,21,7
Joe Swen,162442,CB,OREGON ST,3,0,0,265,,,,,,,56.4,,,72.0,0,0,0,0,15,0,1,13,0
Carlos Mack Jr.,162443,CB,OREGON ST,6,0,0,265,,,,,,,63.6,,,73.0,0,0,0,0,31,13,0,14,0
Luka Vincic,162446,G,OREGON ST,10,0,0,265,,,72.4,,,,67.2,,,66.7,0,0,45,0,0,0,21,0,1
Max Walker,162448,P,OREGON ST,3,0,0,265,,,,,61.3,,60.0,,,67.0,0,0,0,0,3,0,0,0,0
Melvin Jordan IV,162449,LB,OREGON ST,12,1,0,265,59.8,,,,,,61.5,,,78.4,0,1,0,8,74,20,13,26,0
Noble Thomas Jr.,162451,CB,OREGON ST,4,0,0,265,59.6,,,,,,61.0,,,68.5,0,0,0,8,4,0,1,3,0
Quincy Wright,162452,DI,OREGON ST,4,0,0,265,58.4,,,,,,58.3,,,65.3,0,0,0,11,0,0,0,0,0
Takari Hickle,162453,ED,OREGON ST,1,0,0,265,59.8,,,,,,60.0,,,62.7,0,0,0,1,0,0,0,0,0
Tyree Blake,162455,ED,OREGON ST,7,0,0,265,,,,,,,60.3,,,70.8,0,0,0,0,16,31,0,0,0
TJ Harden,162457,HB,UCLA,4,0,0,324,,,,,,,31.6,,,66.8,1,0,0,0,11,1,0,0,0
Jadyn Marshall,162460,WR,UCLA,4,0,0,324,,,,,,,59.7,,,72.6,0,0,0,0,3,6,0,14,0
Braden Pegan,162463,WR,UCLA,2,0,0,324,,,,,,,60.8,,,65.5,0,0,0,0,2,0,0,2,0
Kamari Ramsey,162465,S,UCLA,10,0,0,324,59.9,,,,,,66.2,,,66.3,0,0,0,33,3,8,0,1,0
Carsen Ryan,162467,TE,UCLA,12,1,0,324,,,18.4,,,,45.4,,,72.4,0,0,51,0,6,38,0,28,0
Clint Stephens,162468,S,UCLA,1,0,0,324,60.0,,,,,,60.0,,,60.7,0,0,0,1,0,0,0,0,0
Croix Stewart,162469,CB,UCLA,7,0,0,324,,,,,,,44.9,,,77.0,1,0,0,0,42,14,12,27,1
Jalen Woods,162470,LB,UCLA,13,1,0,324,59.8,,,,,,64.9,,,71.6,0,0,0,4,61,22,0,4,1
Sam Yoon,162471,C,UCLA,1,0,0,324,,,60.0,,,,60.6,,,61.5,0,0,2,0,0,0,0,0,0
Flavio Gonzalez,162473,G,OREGON ST,3,0,0,265,,,68.3,,,,63.1,,,62.9,0,0,15,0,0,0,0,0,0
Ryan Cooper Jr.,162474,CB,OREGON ST,8,0,0,265,59.8,,,,,,58.0,,,73.7,0,0,0,24,2,1,2,14,0
Tyler Voltin,162475,G,OREGON ST,7,0,0,265,,,74.4,,,,65.1,,,72.4,0,0,39,0,0,0,0,0,0
Jakson Berman,162480,CB,WASHINGTON,5,0,0,340,,,,,,,60.9,,,67.7,0,0,0,0,5,0,2,2,0
Denzel Boston,162481,WR,WASHINGTON,14,0,0,340,59.6,,,,,,66.6,67.9,,82.2,0,0,0,9,54,15,40,34,3
Tristan Dunn,162483,S,WASHINGTON,15,2,0,340,59.8,,,,,,67.1,,,79.5,1,0,0,4,101,7,0,15,7
Jay Green,162486,CB,WASHINGTON,15,0,0,340,59.8,,,,,,73.6,,,84.1,1,0,0,4,94,54,5,43,3
Grady Gross,162487,K,WASHINGTON,15,0,0,340,,83.9,,,76.4,,64.4,,,78.6,0,1,85,0,101,0,0,0,0
Austin Harnetiaux,162488,LB,WASHINGTON,3,0,0,340,,,,,,,64.0,,,65.5,0,0,0,0,3,3,0,0,0
Lance Holtzclaw,162491,ED,WASHINGTON,7,0,0,340,59.6,,,,,,64.2,,,71.2,0,0,0,3,0,2,0,12,0
Jack McCallister,162493,P,WASHINGTON,15,0,0,340,,,68.4,,,,63.5,,62.4,71.3,0,0,86,0,0,0,47,0,0
Griffin Miller,162494,LB,WASHINGTON,2,0,0,340,60.0,,,,,,60.3,,,63.3,0,0,0,1,1,0,0,0,0
Anay Nagarajan,162495,CB,WASHINGTON,1,0,0,340,,,,,,,60.0,,,63.7,0,0,0,0,1,0,0,0,0
Jayvon Parker,162497,DI,WASHINGTON,8,0,0,340,58.8,,,,,,59.5,,,65.7,0,0,0,8,0,0,0,2,0
Tristan Warner,162502,S,WASHINGTON,2,0,0,340,60.0,,,,,,60.6,,,63.9,0,0,0,1,1,0,0,1,0
Moses Alexander,162503,CB,HOUSTON,10,0,0,182,60.8,,,,,,66.5,,,77.2,1,0,0,28,42,0,8,20,1
Jamaree Caldwell,162505,DI,HOUSTON,7,0,0,182,89.6,,,,,,91.3,,,70.2,0,0,0,39,0,0,0,0,0
Dorian Friend,162506,CB,HOUSTON,5,0,0,182,,,,,,,33.1,,,27.2,0,1,0,0,8,0,8,5,0
Bryan Henry,162508,TE,HOUSTON,11,0,0,182,,,,59.9,,,64.1,,,75.1,0,0,0,0,0,65,0,14,0
A.J. Holmes Jr.,162510,DI,HOUSTON,4,0,0,182,72.0,,,,,,78.0,,,70.7,0,0,0,14,0,0,0,0,0
Karson Jones,162512,T,HOUSTON,1,0,0,182,,,60.0,,,,60.5,,,64.8,0,0,2,0,0,0,0,0,0
CJ Nelson,162514,WR,HOUSTON,2,0,0,182,,,,,,,73.7,,,71.3,0,0,0,0,8,8,8,9,2
Tevin Shaw,162515,G,HOUSTON,12,0,0,182,,,74.4,,,,65.2,,,74.0,0,0,49,0,0,0,0,0,0
Cavan Tuley,162516,ED,HOUSTON,6,0,0,182,,,,,,,34.8,,,67.3,0,0,0,0,6,6,13,3,0
DJ Bell,162519,CB,MEMPHIS,8,0,0,218,59.9,,,,,,67.3,,,73.4,0,0,0,1,2,0,0,25,0
Jamari Hawkins,162523,WR,MEMPHIS,8,0,0,218,,,,,,,60.3,,,71.6,1,0,0,0,39,0,4,15,7
Marcus Lee Jr.,162525,CB,MEMPHIS,13,1,0,218,,,,,,,53.2,,,77.5,4,0,0,0,79,62,1,23,4
Donovan Mathena,162526,LB,MEMPHIS,12,3,0,218,,,,,,,62.1,,,81.4,1,0,0,0,27,60,23,18,1
Kyndall McKenzie,162527,C,MEMPHIS,1,0,0,218,,,62.0,,,,61.9,,,62.2,0,0,6,0,0,0,0,0,0
Sutton Smith,162530,HB,MEMPHIS,12,0,0,218,,,,64.6,,,60.6,,,64.6,0,0,0,0,0,67,0,0,0
Destun Thomas,162531,WR,MEMPHIS,9,0,0,218,,,,,,,72.4,,,75.9,0,0,0,0,0,5,0,30,0
Brandon Chatman,162541,HB,NAVY,4,0,0,237,,,,,,,60.8,60.2,,65.5,0,0,0,0,2,0,0,2,0
Greyson Crawford,162543,G,NAVY,2,0,0,237,,,60.0,,,,60.1,,,64.2,0,0,2,0,0,0,0,0,0
Andrew Duhart,162545,CB,NAVY,12,0,0,237,60.3,,,,,,65.8,,,79.8,0,0,0,32,0,4,0,47,0
Fabian France,162547,TE,NAVY,4,0,0,237,,,,,,,66.2,,,75.1,0,0,0,0,0,0,1,17,0
Eli Heidenreich,162554,TE,NAVY,11,2,0,237,,,,,,,86.5,,,75.4,1,0,0,0,26,46,5,23,5
Blake Horvath,162555,QB,NAVY,1,0,0,237,,,,,,,60.0,,,63.3,0,0,0,0,0,0,0,0,0
Cody Howard,162556,TE,NAVY,8,0,0,237,,,,,,,77.5,,,73.0,0,0,0,0,17,21,8,0,2
Trey Jamison,162557,LB,NAVY,9,1,0,237,,,,,,,74.5,,,74.2,0,0,0,0,31,1,0,26,2
Adam Klenk,162559,LB,NAVY,1,0,0,237,,,,,,,60.3,,,67.8,0,0,0,0,0,10,0,0,0
Chreign LaFond,162561,ED,NAVY,7,0,0,237,59.6,,68.4,,,,62.5,,,63.0,0,0,24,4,0,0,0,0,0
Tyler Narayan,162571,DI,NAVY,3,0,0,237,58.9,,,,,,59.8,,,65.1,0,0,0,4,0,0,0,2,0
Luke Pirris,162574,ED,NAVY,12,2,0,237,58.6,,,,,,62.0,,,78.3,3,0,0,35,18,1,76,14,3
Drevonn Ponder,162575,FB,NAVY,3,0,0,237,,,,,,,60.1,,,70.0,0,0,0,0,0,12,0,7,0
Ian Pourciau,162576,LB,NAVY,1,0,0,237,,,,,,,60.0,,,63.6,0,0,0,0,1,0,0,0,0
Ben Purvis,162577,G,NAVY,11,0,0,237,,,74.8,,,,64.7,,,64.3,0,0,37,0,0,0,0,0,0
Landon Robinson,162580,DI,NAVY,12,0,0,237,58.7,,,,,,72.0,,,71.6,0,0,0,10,14,0,66,12,3
Jacob Rooks,162582,CB,NAVY,7,0,0,237,,,,,,,74.8,,,72.9,0,0,0,0,0,0,0,31,0
Dylan Spelios,162584,ED,NAVY,5,1,0,237,60.0,,,,,,51.4,,,70.1,0,0,0,1,9,0,0,11,0
Alex Tecza,162587,FB,NAVY,1,0,0,237,,,,,,,60.0,,,63.3,0,0,0,0,0,0,0,0,0
Adam Walker II,162590,S,NAVY,11,0,0,237,,,,,,,68.0,,,82.3,0,0,0,0,8,45,0,59,0
Kendall Whiteside,162594,DI,NAVY,2,0,0,237,59.1,,,,,,59.2,,,62.7,0,0,0,2,0,0,0,0,0
Brady Wine,162595,ED,NAVY,1,0,0,237,59.7,,,,,,60.0,,,61.8,0,0,0,1,0,0,0,0,0
Johnny Wise,162596,LB,NAVY,1,0,0,237,,,,,,,60.0,,,62.4,0,0,0,0,1,0,0,0,0
Chad Elder,162602,ED,USF,9,0,0,327,,,73.9,,,,64.3,,,61.4,0,0,51,0,0,0,1,0,0
Eddie Kelly Jr.,162609,ED,GA TECH,10,0,0,176,59.5,,,,,,60.8,,,67.5,0,0,0,21,0,0,0,3,0
Chris Thomas,162614,S,USF,6,0,0,327,,,,,,,41.6,,,69.8,1,0,0,0,6,0,0,19,0
Michael Williams II,162616,DI,USF,11,0,0,327,58.8,,,59.9,,,59.5,,,75.4,0,0,0,8,0,31,2,1,0
Reese Clark,162617,TE,TEMPLE,12,0,0,306,,,,,,,72.3,,,80.0,0,0,0,0,24,81,0,34,0
Elijah Deravil,162618,S,TEMPLE,12,0,0,306,59.8,,,,,,48.4,,,76.5,0,1,0,23,12,69,2,19,0
Zamar Grove,162619,ED,TEMPLE,5,0,0,306,59.4,,,,,,66.2,,,65.5,0,0,0,2,9,0,0,0,1
Jackson Pruitt,162622,G,TEMPLE,12,0,0,306,,,72.6,,,,64.7,,,71.9,0,0,38,0,0,0,0,0,0
Antwone Santiago,162623,ED,TEMPLE,5,0,0,306,59.7,,,,,,58.0,,,68.4,0,0,0,13,18,2,1,1,0
NuNu Campbell,162626,CB,TULSA,10,1,1,320,59.6,,,,,,61.5,,,79.7,1,1,0,33,32,0,28,22,4
Carl Chester,162627,WR,TULSA,6,0,0,320,,,,,,,59.4,,,68.2,0,0,0,0,0,36,0,0,0
Vontroy Malone,162631,ED,TULSA,12,0,0,320,59.0,,,,,,60.9,,,69.1,0,0,0,33,0,0,0,11,0
Tai Newhouse,162633,DI,TULSA,1,0,0,320,59.6,,,,,,59.8,,,62.0,0,0,0,1,0,0,0,0,0
Connor Vaughn,162634,TE,TULSA,12,0,0,320,,,73.9,,,,63.2,,,69.2,0,0,51,0,0,31,0,0,0
Devan Williams,162635,WR,TULSA,7,0,0,320,,,,,,,65.5,,,75.9,0,0,0,0,0,33,0,0,0
Jackson Barker,162638,TE,E CAROLINA,11,0,0,156,,,,59.9,,,53.2,60.0,,81.8,4,0,0,0,37,39,53,54,2
Marlon Gunn Jr.,162642,HB,E CAROLINA,11,0,0,156,,,,59.9,,,72.3,,,67.7,0,0,0,0,0,56,0,0,0
Max Lantzsch,162648,TE,NEW MEXICO,3,0,0,241,,,66.0,,,,62.2,,,67.7,0,0,17,0,0,6,0,0,0
CJ Mims,162651,DI,E CAROLINA,7,0,0,156,58.6,,,,,,59.2,,,70.4,0,0,0,15,0,0,0,1,0
Emmanuel Kojo Poku,162652,T,E CAROLINA,8,0,0,156,,,69.4,,,,63.5,,,64.3,0,0,27,0,0,0,0,0,0
Shavon Revel,162653,CB,E CAROLINA,12,0,0,156,90.2,,,,,,91.4,,,73.8,0,0,0,51,0,0,0,1,0
Eli Samples,162654,T,E CAROLINA,1,0,0,156,,,60.0,,,,60.3,,,65.4,0,0,2,0,0,0,0,0,0
Jamari Young,162656,LB,E CAROLINA,1,0,0,156,60.0,,,,,,60.0,,,61.7,0,0,0,1,0,0,0,0,0
Cam Barfield,162657,HB,BOSTON COL,1,0,0,121,,,,,,,60.0,,,63.6,0,0,0,0,0,4,0,0,0
CJ Clinkscales Jr.,162658,CB,BOSTON COL,4,0,0,121,,,,,,,65.7,,,68.7,0,0,0,0,16,0,0,7,0
Liam Connor,162659,K,BOSTON COL,13,0,0,121,,67.7,,,62.4,,62.2,,,70.6,1,0,53,0,20,0,0,0,0
Bam Crouch,162660,LB,BOSTON COL,11,0,0,121,,,,,,,60.8,,,77.9,2,0,0,0,56,39,23,19,2
Isaiah Farris,162662,CB,BOSTON COL,3,0,0,121,,,,,,,61.4,,,68.4,0,0,0,0,0,0,0,8,0
Jack Flunke,162663,G,BOSTON COL,12,0,0,121,,,74.4,,,,65.7,,,75.5,0,0,48,0,0,0,0,0,0
Joseph Griffin Jr.,162664,WR,BOSTON COL,2,0,0,121,,,,,,,68.4,,,65.9,0,0,0,0,0,9,0,0,0
Sione Hala,162666,S,BOSTON COL,13,2,0,121,59.9,,,,,,53.0,,,43.9,2,1,0,42,64,15,0,7,4
Tim Hays,162669,LB,BOSTON COL,2,0,0,121,,,,,,,62.7,,,69.2,0,0,0,0,0,0,0,5,0
Nick Nicotra,162671,WR,BOSTON COL,1,0,0,121,,,,,,,59.4,,,67.6,0,0,0,0,0,0,5,0,0
Gilbert Tongrongou,162674,ED,BOSTON COL,1,0,0,121,,,,,,,60.0,,,64.8,0,0,0,0,0,0,0,2,0
Kwan Williams,162676,DI,BOSTON COL,4,0,0,121,58.6,,,,,,58.4,,,63.9,0,0,0,6,0,0,0,0,0
Clive Wilson Jr.,162677,ED,BOSTON COL,11,0,0,121,,,,,,,66.2,,,79.0,0,0,0,0,0,0,0,43,0
Kivon Wright,162678,ED,BOISE ST,1,0,0,120,,,,,,,60.0,,,63.8,0,0,0,0,0,0,0,1,0
Juan Zabal,162679,LB,BOSTON COL,1,0,0,121,,,,,,,60.0,,,64.9,0,0,0,0,0,0,0,2,0
Liam Boyd,162681,K,N CAROLINA,10,0,0,245,,,,,89.1,,63.7,,,77.9,2,0,0,0,67,0,0,0,2
Fletcher Cothran,162682,LB,CLEMSON,3,0,0,140,,,,,,,62.1,,,68.3,0,0,0,0,4,0,0,1,0
Jaden Kinard,162684,S,CLEMSON,3,0,0,140,,,,,,,68.4,,,64.9,0,0,0,0,3,0,0,1,1
Michael Mankaka,162685,WR,CLEMSON,2,0,0,140,,,,,,,61.0,,,66.4,0,0,0,0,2,0,0,1,0
Levi Matthews,162686,ED,CLEMSON,2,0,0,140,,,,,,,61.2,,,65.1,0,0,0,0,2,0,0,1,0
Boston Miller,162687,S,CLEMSON,1,0,0,140,,,,,,,60.0,,,65.3,0,0,0,0,1,0,0,1,0
Chapman Pendergrass,162688,G,CLEMSON,8,0,0,140,,,60.0,,,,61.3,,,63.8,0,0,1,0,0,0,38,0,0
Dawson Andrew,162691,S,DUKE,1,0,0,154,,,,,,,60.3,,,64.4,0,0,0,0,1,0,0,1,0
Travis Bates,162692,HB,DUKE,13,2,0,154,,,,,,,67.6,,,77.3,0,0,0,0,65,48,4,21,1
Matt Craycraft,162694,C,DUKE,7,0,0,154,,,71.5,,,,64.1,,,68.8,0,0,28,0,0,0,0,0,0
Jeremiah Hasley,162696,TE,DUKE,11,0,0,154,,,60.6,,,,71.3,,,77.2,1,1,8,0,28,27,35,13,4
Brian Parker II,162699,T,DUKE,11,0,0,154,,,74.3,,,,64.0,,,66.0,0,0,57,0,0,0,1,0,0
Kenzy Paul,162700,CB,DUKE,1,0,0,154,60.0,,,,,,60.1,,,63.6,0,0,0,1,0,1,0,0,0
Todd Pelino,162701,K,DUKE,12,0,0,154,,81.0,,,,,61.5,,,67.3,0,0,61,0,0,0,0,0,0
Jake Taylor,162702,WR,DUKE,6,0,0,154,,,,,,,69.1,,,71.9,0,0,0,0,1,20,0,1,0
Wesley Williams,162704,ED,DUKE,13,0,0,154,90.0,,,,,,90.4,,,68.1,0,0,0,41,0,0,53,4,0
George Wright,162705,S,DUKE,3,0,0,154,,,,,,,61.2,,,69.9,0,0,0,0,2,8,0,0,0
Cole Hussung,162725,K,LOUISVILLE,1,0,0,210,,,,,60.3,,60.0,,,67.8,0,0,0,0,4,0,0,0,0
Daniel Martens,162726,S,LOUISVILLE,1,0,0,210,,,,,,,62.1,,,65.9,0,0,0,0,4,0,0,2,0
Dakadrien Saunders,162727,S,LOUISVILLE,1,0,0,210,,,,,,,61.5,,,65.2,0,0,0,0,3,0,0,1,0
Anez Cooper,162732,G,MIAMI FL,13,0,0,220,,,78.8,,,,65.9,,,64.4,0,0,62,0,0,0,0,0,0
Chris Graves Jr.,162733,CB,OLE MISS,11,1,0,226,59.9,,,,,,64.3,,,29.7,0,1,0,2,46,0,6,37,0
Jaden Harris,162734,S,MIAMI FL,11,0,0,220,59.9,,,,,,61.0,,,84.0,1,0,0,4,61,41,38,29,3
Isaiah Horton,162735,WR,MIAMI FL,6,0,0,220,,,,,,,60.9,,,73.7,0,0,0,0,4,23,16,17,0
Matthew McCoy,162736,G,MIAMI FL,13,0,0,220,,,77.2,,,,65.3,,,64.8,0,0,73,0,0,0,0,0,0
Ahmad Moten Sr.,162737,DI,MIAMI FL,9,0,0,220,58.6,,,,,,59.9,,,67.3,0,0,0,14,0,0,1,5,0
Markeith Williams,162738,S,MIAMI FL,11,1,0,220,60.0,,,,,,73.7,,,73.5,1,0,0,4,50,8,4,22,1
Colbie Young,162739,WR,MIAMI FL,2,0,0,220,,,,,,,60.2,,,62.9,0,0,0,0,1,1,0,0,0
Deuce Caldwell II,162740,LB,N CAROLINA,11,1,0,245,,,,,,,60.3,,,73.0,0,0,0,0,30,52,0,0,0
Tychaun Chapman,162741,WR,N CAROLINA,12,0,0,245,,,,53.5,,,69.9,,,49.4,0,1,0,0,12,39,27,40,2
Marcus Allen,162743,CB,N CAROLINA,13,0,0,245,59.4,,,,,,62.8,,,79.2,1,0,0,61,40,0,14,22,2
Bo Burkes,162745,G,N CAROLINA,8,0,0,245,,,,,,,29.7,,,64.8,0,0,0,0,0,0,27,0,0
Major Byrd,162746,CB,N CAROLINA,1,0,0,245,,,,,,,60.7,,,65.9,0,0,0,0,0,0,0,3,0
Omarion Hampton,162750,HB,N CAROLINA,3,0,0,245,,,,,,,60.0,61.0,,65.4,0,0,0,0,0,0,1,3,0
Will Hardy,162751,S,N CAROLINA,11,0,0,245,60.0,,,58.8,,,62.7,63.1,,44.7,0,1,0,12,42,6,41,24,2
Tayon Holloway,162754,CB,N CAROLINA,10,0,0,245,59.7,,,,,,45.2,,,28.6,1,2,0,23,1,0,15,12,0
Bryson Jennings,162756,ED,LIBERTY,13,0,0,206,59.9,,,,,,69.1,,,71.9,0,0,0,5,7,32,0,31,0
Deems May,162760,TE,N CAROLINA,1,0,0,245,,,,,,,60.0,,,63.4,0,0,0,0,1,0,0,0,0
Kyle Louis,162770,LB,PITTSBURGH,10,0,0,268,60.2,,,,,,73.6,,,81.4,0,0,0,10,31,52,22,31,1
Isaiah Montgomery,162771,T,PITTSBURGH,1,0,0,268,,,60.0,,,,61.1,,,65.7,0,0,3,0,0,0,0,0,0
Che Nwabuko,162773,WR,PITTSBURGH,12,0,0,268,,,,59.1,,,68.2,53.3,,73.2,0,0,0,0,0,66,1,4,0
Jimmy Scott,162774,ED,PITTSBURGH,6,0,0,268,59.4,,,,,,60.3,,,64.9,0,0,0,6,0,0,0,2,0
Mitchell Evans,162780,CB,INDIANA,1,0,0,190,,,,,,,60.0,,,66.0,0,0,0,0,0,0,0,1,0
Alejandro Quintero,162782,P,INDIANA,1,0,0,190,,,,,47.1,,60.0,,,66.0,0,0,0,0,2,0,0,0,0
Venson Sneed,162783,ED,INDIANA,5,0,0,190,59.3,,,,,,60.6,,,77.6,0,0,0,5,0,0,0,0,0
Coltin Deery,162790,G,TCU,12,0,0,305,,,78.7,,,,65.5,,,65.2,0,0,61,0,0,0,20,0,0
Perry Fisher,162792,CB,MARYLAND,12,0,0,215,60.0,,,,,,73.3,,,75.7,1,0,0,5,14,59,0,34,1
Leon Haughton Jr.,162793,WR,MARYLAND,3,0,0,215,,,,,,,58.1,,,72.7,0,0,0,0,6,9,5,7,0
Preston Howard,162794,TE,MARYLAND,13,0,0,215,60.0,,76.3,,,,55.9,,,70.1,2,0,66,1,0,18,47,0,0
Shaleak Knotts,162798,WR,MARYLAND,9,0,0,215,,,,,,,49.4,60.0,,67.7,0,0,0,0,49,0,0,1,0
Eli Mason,162799,HB,MARYLAND,12,0,0,215,,,,,,,63.5,,,77.2,1,0,0,0,35,0,10,40,3
Ja'Kavion Nonar,162800,T,MARYLAND,4,0,0,215,,,63.5,,,,62.2,,,64.0,0,0,8,0,0,0,0,0,0
Daniel Owens,162801,ED,MARYLAND,1,0,0,215,59.8,,,,,,60.0,,,63.0,0,0,0,1,0,0,0,0,0
Lavain Scruggs,162803,S,MARYLAND,13,0,0,215,59.8,,,61.8,,,56.6,,,83.5,0,1,0,4,26,35,1,46,0
Octavian Smith Jr.,162805,WR,MARYLAND,13,0,0,215,,,,48.2,,,62.4,,,80.2,0,0,0,0,46,10,44,25,2
Lionell Whitaker,162806,CB,MARYLAND,10,1,0,215,59.8,,,,,,55.3,,,72.5,0,1,0,3,25,1,0,4,1
Kellan Wyatt,162807,ED,MARYLAND,12,0,0,215,58.6,,60.0,,,,59.9,,,67.3,0,0,1,27,0,1,0,7,0
Nico Andrighetto,162808,S,MICHIGAN,1,0,0,222,,,,,,,60.0,,,64.9,0,0,0,0,0,1,0,0,0
Zeke Berry,162810,S,MICHIGAN,11,0,0,222,60.0,,,,,,57.9,,,74.2,0,0,0,2,62,7,0,24,0
Andrew Gentry,162815,G,MICHIGAN,15,0,0,222,,,75.4,,,,59.6,,,29.1,0,1,50,0,0,0,38,0,0
Kenneth Grant,162816,DI,MICHIGAN,12,0,0,222,58.3,,,,,,58.0,,,66.5,0,0,0,28,0,0,0,0,0
Marlin Klein,162818,TE,MICHIGAN,7,0,0,222,,,62.2,,,,62.8,,,65.4,0,0,10,0,0,2,0,3,0
Joey Klunder,162819,ED,MICHIGAN,1,0,0,222,59.6,,,,,,59.8,,,62.4,0,0,0,1,0,0,0,0,0
Micah Pollard,162824,LB,MICHIGAN,15,0,0,222,59.9,,,,,,71.4,,,75.1,0,0,0,3,98,0,0,30,3
Jimmy Rolder,162825,LB,MICHIGAN,6,0,0,222,,,,,,,76.6,,,74.7,0,0,0,0,32,15,0,13,1
Deuce Spurlock,162826,LB,FLORIDA,3,0,0,163,,,,,,,55.4,,,70.1,1,0,0,0,7,0,0,8,0
CJ Stokes,162827,HB,MICHIGAN,1,0,0,222,,,,,,,60.0,,,62.1,0,0,0,0,1,0,0,0,0
Dylan Parrott,162834,T,NEBRASKA,3,0,0,238,,,60.8,,,,61.9,,,64.3,0,0,10,0,0,0,0,0,0
Braydon Brus,162836,LB,NWESTERN,13,0,0,256,59.6,,,,,,61.2,,,78.3,1,0,0,3,36,0,4,38,2
Austin Firestone,162838,ED,MISSOURI,10,0,0,229,59.9,,73.7,,,,65.2,,,73.1,0,0,45,2,0,0,0,1,0
Robert Fitzgerald,162839,CB,NWESTERN,13,1,0,256,60.0,,,,,,68.1,,,75.6,0,0,0,1,46,57,3,17,3
Brendan Flakes,162840,DI,NWESTERN,11,0,0,256,58.9,,60.0,,,,61.5,,,69.1,0,0,8,15,0,0,0,6,0
Reggie Fleurima,162841,WR,NWESTERN,1,0,0,256,,,,,,,60.0,,,67.5,0,0,0,0,0,0,0,1,0
Joseph Himon II,162843,HB,NWESTERN,2,0,0,256,,,,59.4,,,60.0,,,63.8,0,0,0,0,0,2,1,0,0
Albert Kunickis III,162844,HB,NWESTERN,1,0,0,256,,,,,,,60.0,,,63.9,0,0,0,0,1,0,0,0,0
Jack Oyola,162847,CB,NWESTERN,2,0,0,256,,,,,,,75.1,,,66.3,0,0,0,0,0,4,0,1,0
Jason Reynolds II,162849,LB,NWESTERN,1,0,0,256,,,,,,,60.0,,,63.9,0,0,0,0,1,0,0,0,0
Anto Saka,162850,ED,NWESTERN,5,0,0,256,59.9,,,,,,62.0,,,65.4,0,0,0,3,0,0,0,4,0
Evan Smith,162851,CB,NWESTERN,13,1,1,256,60.0,,,,,,67.4,,,30.8,1,1,0,1,34,0,42,34,6
Kenny Soares Jr.,162852,LB,NWESTERN,12,0,0,256,59.7,,,,,,65.7,,,71.3,0,1,0,46,32,2,15,8,3
Devin Turner,162853,S,NWESTERN,12,0,0,256,60.3,,,,,,46.4,,,66.2,1,0,0,35,6,2,0,2,0
Braden Turner,162854,CB,NWESTERN,11,4,0,256,60.0,,,,,,81.4,,,78.0,0,0,0,1,44,1,19,30,6
Blake Van Buren,162855,TE,NWESTERN,7,0,0,256,,,70.5,,,,67.3,,,66.4,0,0,32,0,0,15,0,0,0
Peyton Warford,162856,LS,STANFORD,11,0,0,300,,,,,,62.9,61.8,,,66.8,0,1,0,0,0,0,46,0,2
Omari Abor,162857,ED,OHIO STATE,1,0,0,260,,,,,,,60.0,,,63.5,0,0,0,0,0,0,0,1,0
David Adolph,162858,WR,OHIO STATE,11,0,0,260,,,,,,,68.4,,,75.6,0,0,0,0,0,36,0,31,0
Kenyatta Jackson Jr.,162868,ED,OHIO STATE,7,0,0,260,59.6,,,,,,62.4,,,66.3,0,0,0,4,0,0,0,6,0
Brenten Jones,162869,S,OHIO STATE,3,0,0,260,,,,,,,61.6,,,65.2,0,0,0,0,6,0,0,0,0
Hero Kanu,162870,DI,OHIO STATE,6,0,0,260,59.0,,,,,,60.4,,,67.5,0,0,0,5,0,0,0,3,0
Sonny Styles,162876,S,OHIO STATE,13,0,0,260,60.0,,,,,,70.5,,,74.8,1,1,0,30,46,1,50,18,4
Jordan Buchanan,162877,CB,S ALABAMA,2,0,0,288,,,,,,,61.1,,,67.9,0,0,0,0,0,0,0,4,0
Nic Scourton,162878,ED,PURDUE,11,0,0,273,59.1,,,,,,60.0,,,67.6,0,0,0,60,0,0,0,4,0
Trey Firestone,162881,WR,PURDUE,5,0,0,273,,,,,,,64.6,,,72.3,0,0,0,0,3,19,0,0,0
Joseph Jefferson II,162882,CB,PURDUE,11,0,1,273,,,,,,,61.9,,,27.5,0,4,0,0,30,48,2,41,3
Max Klare,162884,TE,PURDUE,2,0,0,273,,,62.4,,,,61.9,,,60.7,0,0,10,0,0,0,0,0,0
Julio Macias,162885,K,PURDUE,5,0,0,273,,39.2,,,66.4,,60.8,,,67.2,0,0,16,0,5,0,0,0,0
Hudson Miller,162887,LB,PURDUE,12,5,0,273,,,,,,,65.0,,,68.0,3,2,0,0,57,71,63,52,2
Malachi Preciado,162892,C,PURDUE,5,0,0,273,,,65.5,,,,62.7,,,64.1,0,0,19,0,0,0,0,0,0
DJ Allen,162894,ED,RUTGERS,11,0,0,278,,,68.0,,,,55.4,,,29.2,0,1,26,0,0,32,0,0,0
Flynn Appleby,162896,P,RUTGERS,13,1,0,278,,,66.6,,,,57.2,,73.8,29.9,0,1,53,0,0,0,57,0,0
Dariel Djabome,162903,LB,RUTGERS,10,0,0,278,59.9,,,,,,58.3,,,43.7,0,1,0,4,10,21,27,14,0
Timmy Hinspeter,162906,LB,RUTGERS,4,0,0,278,,,,,,,69.4,,,68.4,0,0,0,0,7,14,0,2,0
Jude McAtamney,162910,K,RUTGERS,13,0,0,278,,60.0,,,77.6,,63.5,,,77.5,0,0,1,0,63,0,0,0,0
Jai Patel,162914,K,RUTGERS,12,0,0,278,,79.5,,,,,61.4,,,67.1,0,0,52,0,0,0,0,0,0
Jordan Walker,162919,TE,RUTGERS,5,0,0,278,,,60.0,,,,62.6,,,70.2,0,0,3,0,2,10,8,10,0
Taj White,162921,T,RUTGERS,1,0,0,278,,,60.0,,,,60.0,,,61.6,0,0,1,0,0,0,0,0,0
Zilan Williams,162922,CB,RUTGERS,5,0,0,278,,,,,,,63.5,,,70.0,0,0,0,0,14,0,0,2,0
Carter Davis,162930,K,FAU,12,0,0,165,,66.5,,,82.0,,63.3,,,75.9,0,0,17,0,56,0,0,0,0
Rhys McDonald,162935,ED,FAU,3,0,0,165,60.0,,,,,,63.0,,,77.2,0,0,0,1,4,0,0,3,0
Phillip Houston,162943,T,FIU,12,0,0,166,,,71.9,,,,64.1,,,64.2,0,0,40,0,0,0,0,0,0
JaDarious Lee,162946,T,FIU,1,0,0,166,,,60.0,,,,60.3,,,65.4,0,0,2,0,0,0,0,0,0
Buck Buchanan,162953,K,LA TECH,12,0,0,208,,69.1,,,87.6,,63.5,,,76.6,0,0,8,0,61,0,0,0,0
Zyion Claville,162954,WR,LA TECH,6,0,0,208,,,,,,,59.9,,,29.0,0,1,0,0,13,21,0,21,0
Joshua Cobbs,162955,S,LA TECH,10,0,0,208,,,,,,,74.5,,,32.4,0,1,0,0,54,0,31,45,3
Marlion Jackson,162957,WR,LA TECH,12,0,0,208,,,,61.8,,,70.6,,,78.2,0,0,0,0,31,64,1,54,0
Nate Jones,162959,TE,LA TECH,6,0,0,208,,,,59.9,,,68.8,,,73.9,0,0,0,0,0,33,1,11,1
John Locke Jr.,162960,TE,LA TECH,12,0,0,208,,,74.4,,,,66.7,,,65.1,0,0,54,0,0,75,0,0,0
Zion Nason,162962,DI,LA TECH,11,0,0,208,58.7,,,,,,59.4,,,67.8,0,0,0,38,0,0,0,4,0
Jhamal Shelby Jr.,162966,CB,LA TECH,10,0,0,208,59.8,,,,,,68.5,,,75.7,0,0,0,17,6,20,8,25,1
Connor Dougherty,162972,LS,MIDDLE TN,1,0,0,224,,,,,,0.0,37.6,,,61.9,0,0,0,0,0,0,1,0,0
Trevon Ferrell,162973,WR,MIDDLE TN,11,0,0,224,,,,,,,57.2,,,75.6,0,0,0,0,0,0,40,22,1
Jamison Greenway,162974,TE,MIDDLE TN,1,0,0,224,,,,,,,60.0,,,63.4,0,0,0,0,1,0,0,0,0
Mitchell Howell,162975,WR,MIDDLE TN,12,0,0,224,,,66.4,,,,62.1,60.3,,61.4,0,0,51,0,0,0,0,1,0
Morgan Scott,162981,T,MIDDLE TN,5,0,0,224,,,65.5,,,,62.8,,,62.7,0,0,19,0,0,0,0,0,0
Micah Barnett,162988,FB,RICE,10,0,0,275,,,,,,,77.1,,,74.8,0,0,0,0,0,38,14,14,0
Brad Baur,162989,T,RICE,2,0,0,275,,,61.3,,,,62.5,,,69.0,0,0,10,0,0,0,0,0,0
Miguel Cedeno,162991,T,RICE,9,0,0,275,60.0,,71.8,,,,64.2,,,66.4,0,0,39,1,0,0,0,0,0
Christian Edgar,162993,S,RICE,11,0,0,275,,,,,,,59.4,,,76.7,0,0,0,0,31,0,0,34,1
Tyson Flowers,162994,S,RICE,9,0,0,275,60.0,,,,,,66.1,,,78.0,1,0,0,1,22,47,0,5,1
Enock Gota,162996,K,RICE,9,0,0,275,,60.0,,,77.1,,63.0,,,76.1,0,0,1,0,47,0,0,0,0
Demone Green,162997,ED,RICE,13,0,0,275,59.2,,,,,,42.1,,,27.0,0,2,0,60,0,0,0,2,0
Daveon Hook,163000,S,RICE,13,1,3,275,60.0,,,,,,37.8,,,28.7,0,4,0,1,69,40,27,31,1
Quinton Jackson,163001,HB,RICE,10,0,0,275,,,,71.7,,,56.9,,,66.3,0,0,0,0,0,55,7,0,1
Weston Kropp,163002,C,RICE,1,0,0,275,,,60.0,,,,60.0,,,63.4,0,0,1,0,0,0,0,0,0
Braylen Walker,163008,WR,RICE,7,0,0,275,,,,,,,65.7,,,69.1,0,0,0,0,1,0,1,15,0
Lee Beebe Jr.,163009,HB,UAB,12,0,0,321,,,,58.7,,,76.6,,,76.2,0,0,0,0,13,31,41,0,5
AJ Brown,163011,S,UAB,11,1,0,321,59.9,,,,,,64.9,,,44.6,0,1,0,3,40,48,0,8,4
Taven Curry,163012,HB,UAB,1,0,0,321,,,,,,,60.0,,,64.4,0,0,0,0,0,0,0,2,0
Brandon Franklin,163015,LB,UAB,2,0,0,321,,,,,,,49.4,,,67.5,0,0,0,0,6,8,0,0,0
Iverson Hooks,163020,WR,UAB,2,0,0,321,,,,,,,60.0,60.0,,62.2,0,0,0,0,0,1,0,1,0
Tyrique Howard,163021,DI,UAB,6,0,0,321,58.3,,,,,,58.5,,,66.5,0,0,0,13,0,0,0,2,0
Luke Jones,163022,G,UAB,11,0,0,321,,,76.4,,,,65.8,,,73.5,0,0,51,0,0,0,0,0,0
Aron Marsch,163024,WR,UAB,1,0,0,321,,,,,,,60.4,,,63.3,0,0,0,0,3,0,0,0,0
Michael Moore,163027,LB,UAB,10,0,0,321,59.7,,,59.9,,,69.9,,,69.8,0,0,0,44,9,15,14,15,1
Amier Boyd,163030,CB,UTEP,11,0,0,330,60.0,,,,,,63.6,,,73.2,0,0,0,16,1,0,0,25,0
Torrance Burgess Jr.,163031,HB,UTEP,11,0,0,330,,,,55.9,,,60.6,91.1,,65.6,0,0,0,0,0,51,1,13,0
Valentino Diaz,163032,ED,UTEP,1,0,0,330,,,,,,,60.0,,,63.7,0,0,0,0,0,1,0,0,0
Buzz Flabiano,163034,K,UTEP,12,0,0,330,,67.3,,,64.5,,50.8,,,29.4,0,1,44,0,48,0,0,0,1
Logologo Va'a,163036,DI,UTEP,6,0,0,330,57.9,,,,,,46.6,,,27.5,0,1,0,27,0,0,0,0,0
Denzil Alleyne,163037,WR,W KENTUCKY,8,0,0,346,,,,,,,67.4,,,74.0,0,0,0,0,27,20,0,8,0
Anthony Brackenridge,163039,LB,W KENTUCKY,10,1,0,346,59.7,,,,,,62.5,,,29.1,0,1,0,28,18,0,3,4,3
Lucas Carneiro,163041,K,W KENTUCKY,13,0,0,346,,75.0,,,,,61.6,,,67.3,0,0,59,0,1,0,0,0,0
Alexander Ford,163042,S,W KENTUCKY,5,0,0,346,59.9,,,,,,63.6,,,75.0,0,0,0,3,26,14,6,13,1
Ely George,163043,S,W KENTUCKY,13,0,0,346,59.9,,,,,,59.8,,,78.8,0,0,0,1,33,43,5,25,0
K.D. Hutchinson,163045,WR,W KENTUCKY,13,0,0,346,,,,60.0,,,61.9,56.2,,68.6,0,0,0,0,2,1,0,58,0
Virgil Marshall,163049,CB,W KENTUCKY,12,0,0,346,59.7,,,,,,66.9,,,74.1,0,0,0,14,24,0,30,19,1
Deante McCray,163050,ED,W KENTUCKY,12,0,0,346,58.7,,,,,,59.7,,,68.7,0,0,0,37,0,0,2,9,0
Easton Messer,163051,WR,W KENTUCKY,13,0,0,346,,,,65.8,,,55.0,61.9,,76.3,1,0,0,0,18,49,43,14,2
Trey Naughton,163053,LS,W KENTUCKY,13,1,0,346,,,40.0,,,44.7,56.5,,,67.2,1,0,59,0,0,0,59,0,1
Marcus Patterson,163054,ED,W KENTUCKY,11,1,0,346,59.4,,,,,,58.1,,,28.6,1,1,0,3,0,37,37,3,0
LT Sanders,163055,HB,W KENTUCKY,2,0,0,346,,,,,,,59.8,,,66.1,0,0,0,0,0,6,0,0,0
Darius Thomas,163056,CB,W KENTUCKY,4,0,0,346,60.0,,,,,,55.0,,,69.9,0,0,0,1,12,0,0,0,0
Hosea Wheeler,163058,DI,W KENTUCKY,13,0,0,346,58.8,,,,,,60.4,,,71.3,0,0,0,30,0,0,0,6,0
Trent Zappe,163060,LB,W KENTUCKY,1,0,0,346,,,,,,,60.0,,,62.3,0,0,0,0,1,0,0,0,0
Christian Traylor,163064,S,N TEXAS,5,0,0,251,,,,,,,63.6,,,81.0,0,0,0,0,8,32,0,13,0
Caleb Anderson,163066,WR,AKRON,9,0,0,102,,,60.0,,,,62.9,,,69.6,0,0,1,0,0,42,0,0,0
Keylen Davis,163067,G,AKRON,1,0,0,102,,,60.0,,,,60.0,,,61.0,0,0,1,0,0,0,0,0,0
Antavious Fish,163069,LB,AKRON,12,0,0,102,60.0,,,,,,62.5,,,70.1,0,0,0,41,6,0,23,10,0
Jaharon Griffin,163070,LB,AKRON,11,0,0,102,60.0,,,,,,74.5,,,79.1,0,0,0,7,0,44,22,29,1
Noah Perez,163073,K,AKRON,5,0,0,102,,57.4,,,,,60.4,,,65.0,0,0,16,0,0,0,0,0,0
Kyle Thomas,163076,DI,AKRON,3,0,0,102,59.3,,,,,,59.4,,,63.0,0,0,0,3,0,0,0,0,0
Jordan Coleman,163079,S,BALL ST,12,1,1,117,60.0,,,,,,57.9,,,29.4,2,1,0,19,36,0,0,45,3
Dakari Frazier,163081,ED,BALL ST,12,0,0,117,,,,,,,67.5,,,79.0,0,0,0,0,10,0,0,48,1
Carson Holmer,163084,K,BALL ST,1,0,0,117,,,,,60.0,,60.0,,,64.2,0,0,0,0,1,0,0,0,0
Caden Johnson,163086,LB,BALL ST,12,0,0,117,,,,,,,55.0,,,79.4,2,1,0,0,26,34,3,46,2
Aidan Leffler,163088,TE,BALL ST,1,0,0,117,,,,,,,60.0,,,64.4,0,0,0,0,0,2,4,0,0
Cole Mosier,163090,T,BALL ST,1,0,0,117,,,60.0,,,,60.0,,,63.7,0,0,1,0,0,0,0,0,0
Nick Munson,163091,WR,BALL ST,12,0,0,117,,,,55.0,,,74.7,63.0,,70.6,0,0,0,0,6,61,0,28,2
Dahya Patel,163092,WR,BALL ST,8,1,0,117,,,,,,,62.2,,,79.1,1,0,0,0,18,23,32,14,2
Danny Royster,163094,ED,BALL ST,9,0,0,117,,,,,,,71.6,,,78.1,0,0,0,0,2,0,0,38,0
Blair Schonhorst,163095,CB,BALL ST,8,0,0,117,,,,,,,56.9,,,76.3,3,0,0,0,36,0,0,25,2
Taran Tyo,163098,G,BALL ST,11,0,0,117,,,20.4,,,,35.4,,,72.7,0,0,46,0,0,0,0,0,0
Maximus Webster,163100,TE,BALL ST,9,0,0,117,,,,59.9,,,62.9,,,36.8,0,1,0,0,0,47,37,0,1
Myles Bradley,163103,ED,BOWL GREEN,1,0,0,122,59.7,,,,,,60.0,,,61.8,0,0,0,1,0,0,0,0,0
Harold Fannin Jr.,163104,TE,BOWL GREEN,4,0,0,122,59.8,,,,,,58.4,,,68.1,0,0,0,1,1,12,0,0,0
Jalen Huskey,163106,CB,BOWL GREEN,12,1,1,122,59.9,,,,,,68.6,,,29.9,0,1,0,43,39,0,0,26,2
Dominic Konopka,163109,LS,MARSHALL,6,1,0,214,,,,,,0.0,57.0,,,65.7,0,0,0,0,0,0,27,0,3
Darius Lorfils,163110,S,BOWL GREEN,13,0,0,122,59.7,,,,,,65.0,,,70.2,0,0,0,42,8,0,18,9,1
Davonte Miles,163113,DI,BOWL GREEN,7,0,0,122,58.8,,,,,,59.3,,,66.0,0,0,0,6,0,0,0,1,0
Joseph Sipp Jr.,163114,LB,BOWL GREEN,12,0,0,122,59.7,,,,,,64.2,,,67.8,0,0,0,39,6,0,1,6,1
Marcus Badgett,163120,CB,C MICHIGAN,11,0,0,134,59.7,,,,,,61.8,,,69.7,0,0,0,14,2,0,0,13,0
DeCorion Temple,163121,TE,C MICHIGAN,1,0,0,134,,,,,,,52.0,,,66.7,0,0,0,0,0,6,0,0,0
Oliver Billotte,163123,DI,KENT STATE,12,0,0,201,57.6,,,,,,55.5,,,69.6,0,0,0,44,0,24,0,8,0
Nick Bryan,163125,C,KENT STATE,12,0,0,201,,,71.7,,,,63.6,,,73.6,0,0,35,0,0,0,70,0,0
Stephen Daley,163126,ED,KENT STATE,12,1,0,201,58.4,,,,,,62.9,,,76.5,0,0,0,51,20,33,0,28,1
Tyler Dostin,163127,TE,KENT STATE,5,0,0,201,,,,,,,72.5,,,66.9,0,0,0,0,0,24,0,0,0
Charlie Durkin,163128,P,KENT STATE,5,0,0,201,,,60.0,,,,61.7,,49.9,70.7,0,0,1,0,0,0,20,0,0
Jameel Gardner Jr.,163131,WR,KENT STATE,1,0,0,201,,,,,,,60.0,,,63.3,0,0,0,0,0,0,1,0,0
Jahmad Harmon,163132,CB,BALL ST,5,0,0,117,60.0,,,,,,67.0,,,73.3,0,0,0,9,7,0,0,13,1
Trell Harris,163133,WR,KENT STATE,4,0,0,201,,,,59.9,,,64.1,,,70.0,0,0,0,0,15,2,0,7,0
Will Hryszko,163135,K,KENT STATE,1,0,0,201,,60.0,,,56.6,,60.0,,,67.4,0,0,1,0,4,0,0,0,0
John Jackson,163136,DI,KENT STATE,2,0,0,201,59.1,,,,,,59.7,,,64.5,0,0,0,3,0,0,0,1,0
Garrett Masterson,163138,T,KENT STATE,10,0,0,201,,,71.0,,,,64.3,,,73.6,0,0,31,0,0,0,0,0,0
Chrishon McCray,163139,WR,KENT STATE,4,0,0,201,,,,58.6,,,59.0,,,63.5,0,0,0,0,0,19,1,0,0
Mason Mennell,163140,G,KENT STATE,1,0,0,201,,,60.0,,,,60.0,,,62.1,0,0,2,0,0,0,0,0,0
Dustyn Morell,163141,G,KENT STATE,1,0,0,201,,,,,,,60.0,,,63.3,0,0,0,0,0,0,1,0,0
Rocco Nicholl,163143,LB,KENT STATE,12,0,0,201,59.8,,,,,,54.2,,,84.8,1,1,0,27,20,75,48,37,0
Bryce Sheppert,163147,S,KENT STATE,12,0,0,201,59.7,,,63.5,,,67.2,60.5,,30.0,1,2,0,48,28,71,70,11,9
Preston Taylor,163149,HB,KENT STATE,3,0,0,201,,,,,,,53.7,,,65.9,0,0,0,0,11,0,0,0,0
Nasir Bowers,163152,CB,TOLEDO,14,1,0,316,60.0,,,,,,35.3,57.7,,78.4,4,0,0,2,79,0,29,12,5
Kiel Eldridge,163153,ED,TOLEDO,1,0,0,316,59.8,,,,,,60.0,,,62.7,0,0,0,1,0,0,0,0,0
Eric Holley III,163154,WR,TOLEDO,4,0,0,316,,,,67.1,,,79.4,,,68.6,0,1,0,0,0,9,0,11,0
Emmanuel McNeil-Warren,163155,S,TOLEDO,14,0,0,316,59.9,,,,,,68.1,,,74.7,2,0,0,27,49,0,0,26,6
Junior Vandeross III,163156,WR,TOLEDO,7,0,0,316,,,,66.4,,,61.7,63.9,,65.7,0,0,0,0,2,6,0,10,0
Jalen Buckley,163158,HB,W MICHIGAN,3,0,0,347,,,,,,,54.2,,,65.5,0,0,0,0,0,9,1,0,0
Jayden Childers,163159,ED,W MICHIGAN,12,0,0,347,,,,59.9,,,59.9,,,81.4,2,1,0,0,58,60,34,31,3
Cooper Allan,163171,P,ARMY,12,0,0,114,,,60.0,,,,62.8,,47.2,73.6,1,0,2,0,0,0,44,0,0
Charlie Barnett,163174,K,ARMY,1,0,0,114,,,,,58.3,,60.0,,,66.0,0,0,0,0,2,0,0,0,0
Bryce Davis,163183,WR,ARMY,1,0,0,114,,,,,,,64.8,,,65.3,0,0,0,0,5,0,0,0,0
Eric Ford,163188,ED,ARMY,3,0,0,114,59.8,,,,,,60.9,,,64.6,0,0,0,2,3,0,0,0,0
Liam Fortner,163189,WR,ARMY,9,0,0,114,,,,60.0,,,66.6,,,73.1,0,0,0,0,0,27,0,0,0
Kalib Fortner,163190,LB,ARMY,12,0,0,114,60.1,,,,,,64.9,,,73.0,0,0,0,35,17,2,0,9,0
Matthew Gibbons,163191,P,ARMY,1,0,0,114,,,,,,,60.0,,,64.0,0,0,0,0,0,0,0,0,0
Casey Larkin,163198,S,ARMY,12,0,0,114,59.9,,,,,,72.6,,,83.6,0,0,0,10,15,10,34,23,1
Jack Latore,163199,DI,ARMY,7,0,0,114,58.7,,,,,,59.7,,,71.6,0,0,0,12,0,0,0,2,0
Collin Matteson,163203,CB,ARMY,1,0,0,114,,,,,,,61.3,,,66.4,0,0,0,0,4,0,0,0,0
Jaxon Miller,163207,LS,INDIANA,1,0,0,190,,,,,,,60.0,,,62.8,0,0,0,0,1,0,0,0,0
Zach Mundell,163208,QB,ARMY,3,0,0,114,,,,67.9,,,60.5,,,63.4,0,0,0,0,0,9,0,1,0
Donavon Platt,163211,CB,ARMY,4,0,0,114,59.7,,,,,,52.5,,,75.2,1,0,0,4,9,0,2,4,0
Hayden Reed,163213,HB,ARMY,2,0,0,114,,,,,,,62.1,,,64.5,0,0,0,0,5,0,0,1,0
Gavin Shields,163219,S,ARMY,12,0,0,114,60.0,,,,,,64.9,,,79.8,0,0,0,1,49,5,0,26,1
Noah Short,163220,WR,ARMY,9,0,0,114,,,,67.3,,,68.8,,,73.1,0,0,0,0,0,4,0,23,0
Andon Thomas,163225,LB,ARMY,7,0,0,114,60.0,,,,,,56.9,,,67.4,0,0,0,1,24,0,0,1,0
Jabril Williams,163230,S,ARMY,8,2,0,114,,,,,,,75.7,60.0,,73.9,0,0,0,0,39,7,0,26,0
CJ Bazile Jr.,163232,ED,LIBERTY,14,0,0,206,80.3,,,,,,89.2,,,69.4,0,0,0,39,0,0,0,17,0
Sone Aupiu,163236,LB,NEW MEX ST,15,0,0,242,59.7,,,,,,61.3,,,68.4,0,0,0,52,0,2,0,10,0
Kheagian Heckaman,163238,TE,UTEP,5,0,0,330,,,,,,,56.0,,,28.6,0,1,0,0,16,20,4,10,1
Jai Rodriquez,163242,T,NEW MEX ST,11,0,0,242,,,72.9,,,,64.3,,,65.8,0,0,48,0,0,0,0,0,0
Chika Ebunoha,163244,S,BYU,4,0,0,128,59.9,,,,,,79.1,,,70.3,0,0,0,1,0,2,12,4,1
Evan Johnson,163250,CB,BYU,1,0,0,128,59.9,,,,,,60.0,,,63.5,0,0,0,1,0,0,0,0,0
Parker Kingston,163251,WR,BYU,9,0,0,128,,,,66.0,,,61.8,74.7,,66.5,0,0,0,0,10,10,0,15,0
Preston Rex,163255,S,BYU,12,1,0,128,59.8,,,,,,64.5,,,29.8,1,1,0,11,24,35,12,8,1
Bodie Schoonover,163256,ED,BYU,5,0,0,128,,,,,,,69.8,,,67.1,0,0,0,0,0,30,0,0,0
Carter Brown,163262,K,CINCINNATI,12,0,0,138,,76.6,,,,,61.3,,,66.8,0,0,49,0,0,0,0,0,0
James Djonkam,163264,LB,ARIZONA ST,12,0,0,110,60.0,,,,,,72.7,,,76.2,0,0,0,13,46,74,0,25,4
Blazen Lono-Wong,163270,DI,ARIZONA ST,10,0,0,110,59.3,,70.5,,,,63.8,,,71.2,0,0,31,2,0,0,0,0,0
Brandon McElroy,163271,DI,MARSHALL,4,0,0,214,58.5,,,,,,59.7,,,68.8,0,0,0,8,0,0,0,3,0
Jake Newell,163273,TE,AKRON,7,0,0,102,,,,,,,70.1,,,66.4,0,1,0,0,0,18,0,0,0
Jalil Rivera-Harvey,163275,DI,MARSHALL,11,0,0,214,57.9,,,,,,59.8,,,69.2,0,0,0,20,0,0,0,11,0
Max Ware,163277,WR,ARIZONA ST,5,0,0,110,,,,,,,62.1,,,70.1,0,0,0,0,3,1,2,3,0
Damon Williamson,163279,S,ARIZONA ST,3,0,0,110,60.0,,,,,,61.0,,,67.3,0,0,0,1,0,0,1,2,0
Bryce Boettcher,163288,LB,OREGON,14,0,0,264,59.8,,,,,,63.2,,,79.6,1,1,0,4,102,47,0,34,4
Ellis Bynum,163290,HB,OREGON,6,0,0,264,,,,,,,66.2,,,69.6,0,0,0,0,23,0,0,10,0
Josh Conerly Jr.,163291,T,OREGON,14,0,0,264,,,79.3,,,,65.5,,,66.4,0,0,93,0,0,0,1,0,0
Zach Grisham,163293,CB,OREGON,8,0,0,264,,,,,,,65.4,,,72.9,0,0,0,0,22,3,0,21,1
Dave Iuli,163294,G,OREGON,14,0,0,264,,,81.1,,,,67.6,,,76.2,0,0,93,0,0,0,0,0,0
Jordan James,163295,HB,OREGON,14,0,0,264,,,,61.8,,,57.7,,,75.5,1,0,0,0,18,53,29,4,1
Ross James,163296,P,OREGON,14,0,0,264,,,68.4,,,,57.6,,81.9,29.2,0,3,86,0,0,0,28,0,1
Kyler Kasper,163298,WR,OREGON,11,0,0,264,,,,,,,65.6,,,73.0,0,0,0,0,10,21,0,23,1
Sir Mells,163299,DI,UTAH ST,4,0,0,329,58.9,,,,,,59.8,,,65.1,0,0,0,4,0,0,0,2,0
Ben Roberts,163301,DI,OREGON,2,0,0,264,91.4,,,,,,93.0,,,63.3,0,0,0,2,0,0,0,0,0
Kawika Rogers,163302,T,OREGON,14,0,0,264,,,80.7,,,,66.5,,,66.0,0,0,93,0,0,0,0,0,0
Khamari Terrell,163306,CB,OREGON,8,1,0,264,,,,,,,59.7,,,42.3,0,1,0,0,53,15,13,8,2
Emar'rion Winston,163310,ED,OREGON,6,0,0,264,59.8,,,,,,60.9,,,64.8,0,0,0,3,0,1,0,2,0
Aadyn Sleep-Dalton,163312,P,USC,1,0,0,326,,,60.0,,,,60.0,,,60.2,0,0,1,0,0,0,0,0,0
Jack Procter,163315,ED,WASH STATE,1,0,0,341,,,,,,,60.0,,,63.5,0,0,0,0,0,0,0,1,0
Jace Bellah,163318,S,COLO STATE,1,0,0,144,60.0,,,,,,60.0,,,60.7,0,0,0,1,0,0,0,0,0
Louis Brown IV,163319,WR,COLO STATE,8,0,0,144,,,,63.3,,,63.4,60.6,,71.2,0,0,0,0,0,22,0,22,0
DeAndre Gill Jr.,163322,ED,COLO STATE,2,0,0,144,,,,,,,60.2,,,67.6,0,0,0,0,0,9,0,0,0
Bryan Hansen,163324,K,COLO STATE,9,1,0,144,,,,,81.9,,63.0,,,76.2,0,0,0,0,48,0,0,0,0
Aaron Karas,163326,G,COLO STATE,10,0,0,144,,,72.2,,,,64.1,,,65.4,0,0,44,0,0,0,0,0,0
MarShon Oxley,163332,ED,COLO STATE,8,0,0,144,59.3,,,,,,58.0,,,66.4,0,0,0,9,0,5,0,2,0
Brady Radz,163333,LS,TEXAS ST,3,0,0,314,,,60.0,,,68.3,62.4,,,63.7,0,0,1,0,0,0,6,0,0
Justus Ross-Simmons,163334,WR,COLO STATE,7,0,0,144,,,,,,,61.9,,,67.6,0,0,0,0,1,22,0,11,0
Jordan Williams,163339,TE,COLO STATE,8,0,1,144,,,,,,,54.2,,,28.8,0,2,0,0,0,41,0,15,0
Brock Hedani,163340,HB,HAWAII,1,0,0,180,,,,,,,61.5,,,65.8,0,0,0,0,4,0,0,0,0
Tali Moe,163341,DI,HAWAII,2,0,0,180,,,,,,,59.5,,,66.8,0,0,0,0,0,10,5,0,0
Taiven Ford,163347,DI,NEW MEXICO,8,0,0,241,58.7,,,,,,63.3,,,67.8,0,0,0,12,0,18,0,2,0
Hunter Haemker,163348,LB,NEW MEXICO,5,0,0,241,60.0,,,,,,43.1,,,66.6,0,0,0,1,11,1,0,1,0
A.J. Haulcy,163349,S,HOUSTON,12,0,0,182,59.6,,,,,,56.1,,,71.8,1,0,0,55,52,6,0,3,2
Justin Holaday,163350,QB,NEW MEXICO,1,0,0,241,,,,,,,61.8,,,64.8,0,0,0,0,6,0,0,2,0
Jermarius Lewis,163354,S,NEW MEXICO,11,0,0,241,59.8,,,,,,66.8,,,69.7,0,0,0,40,7,12,0,22,0
Zach Morris,163355,CB,NEW MEXICO,12,1,0,241,59.4,,,66.5,,,53.3,,,77.9,1,0,0,55,0,3,52,22,0
David Murphy,163356,S,NEW MEXICO,12,0,0,241,59.8,,,,,,72.6,,,74.7,0,0,0,2,52,40,0,4,4
Charles Steinkamp,163359,K,NEW MEXICO,3,0,0,241,,,,,58.3,,60.7,,,67.3,0,0,0,0,4,0,0,0,0
Bryson Taylor,163360,CB,NEW MEXICO,9,0,0,241,59.8,,,,,,44.4,,,28.8,0,1,0,20,8,2,6,14,0
Zach Vigil,163361,HB,NEW MEXICO,7,0,0,241,,,,,,,58.0,,,74.7,1,0,0,0,29,33,0,13,1
Christian Washington,163362,HB,NEW MEXICO,1,0,0,241,,,,54.1,,,60.1,,,62.4,0,0,0,0,0,7,0,0,0
Landon Williams,163365,ED,NEW MEXICO,8,0,0,241,,,,,,,29.8,,,27.8,0,1,0,0,17,0,0,16,1
Josh Williamson,163366,CB,NEW MEXICO,12,0,0,241,60.0,,,,,,65.5,,,74.7,0,0,0,1,32,0,16,22,3
Tate Zimmerman,163368,ED,NEW MEXICO,11,2,0,241,59.9,,,,,,53.7,,,77.2,1,1,0,6,54,45,39,13,4
Nick Gardinera,163370,FB,S DIEGO ST,2,0,0,284,,,,,,,55.8,,,69.4,0,0,0,0,0,8,0,0,0
Alex Weir,163371,P,S JOSE ST,13,0,0,285,,,67.4,,,,63.4,,65.7,70.9,0,0,67,0,0,0,45,0,2
Roger Carreon,163374,G,BOISE ST,14,0,0,120,,,77.7,,,,66.5,,,77.7,0,0,78,0,0,0,0,0,0
Gavin Hambrick,163376,LB,BOISE ST,14,0,0,120,,,,,,,60.9,,,79.9,2,0,0,0,83,56,4,2,0
Mason Jacobsen,163377,ED,BOISE ST,6,0,0,120,,,,,,,76.6,,,67.1,0,0,0,0,0,11,0,4,0
Seth Knothe,163378,S,BOISE ST,2,0,0,120,,,,,,,68.3,,,68.3,0,0,0,0,7,0,0,0,1
Ethan Mikita,163383,HB,BOISE ST,1,0,0,120,,,,,,,60.0,,,64.6,0,0,0,0,1,0,0,0,0
Dishawn Misa,163384,LB,BOISE ST,8,0,0,120,,,,,,,68.6,,,74.5,0,0,0,0,24,32,17,8,2
Rick Moore,163385,T,BOISE ST,11,0,0,120,,,75.5,,,,65.2,,,68.4,0,0,59,0,0,0,0,0,0
Jake Ripp,163387,LB,BOISE ST,13,1,0,120,60.0,,,,,,69.4,,,79.3,0,0,0,1,54,33,52,31,4
Dionte Thornton,163391,CB,BOISE ST,6,1,0,120,59.9,,,,,,69.6,,,70.5,0,0,0,1,14,6,7,1,1
Jayden Virgin-Morgan,163392,ED,BOISE ST,14,2,0,120,59.8,,,,,,77.7,,,78.2,0,0,0,36,34,34,12,51,0
Matai Bell,163395,T,FRESNO ST,1,0,0,169,,,60.0,,,,60.0,,,63.4,0,0,1,0,0,0,0,0,0
Jomarion Briggs,163396,CB,FRESNO ST,6,0,0,169,59.8,,,,,,43.1,,,69.8,0,0,0,2,23,0,0,2,0
Jayden Davis,163397,S,FRESNO ST,8,0,0,169,,,,,,,54.6,,,69.2,0,0,0,0,30,0,0,6,1
Josiah Freeman,163398,WR,FRESNO ST,1,0,0,169,,,,,,,59.5,,,64.4,0,0,0,0,0,7,0,0,0
Johnny Hudson Jr.,163402,DI,FRESNO ST,8,0,0,169,58.8,,60.0,,,,59.6,,,67.7,0,0,7,35,0,0,0,0,0
Jahzon Jacks,163403,ED,FRESNO ST,6,0,0,169,58.8,,,,,,58.9,,,66.4,0,0,0,21,0,0,0,0,0
Gavriel Lightfoot,163405,DI,FRESNO ST,8,0,0,169,57.7,,,,,,57.0,,,66.4,0,0,0,37,0,0,0,0,0
Dylan Lynch,163406,K,FRESNO ST,13,1,0,169,,83.6,,,80.1,,64.0,,,77.0,1,0,70,0,80,0,0,0,1
Sione Noa,163409,ED,FRESNO ST,2,0,0,169,59.7,,60.0,,,,61.2,,,63.3,0,0,7,1,0,0,0,0,0
Daniel Taumalolo,163416,T,FRESNO ST,5,0,0,169,,,,,,,53.0,,,68.5,0,0,0,0,0,24,14,0,0
Tim Thomas,163417,LB,FRESNO ST,2,0,0,169,,,,,,,70.2,,,67.9,0,0,0,0,2,0,0,4,1
Ryan Warkentin,163418,HB,FRESNO ST,1,0,0,169,,,,,,,61.4,,,64.0,0,0,0,0,4,0,0,0,0
Ryan Wilson,163420,S,FRESNO ST,13,1,0,169,,,,,,,78.8,,,49.7,0,1,0,0,75,0,0,51,4
Merhauti Xepera,163422,ED,FRESNO ST,9,0,0,169,60.0,,,,,,75.6,,,69.4,0,1,0,1,3,41,38,0,0
Teague Andersen,163424,T,UTAH ST,3,0,0,329,,,60.0,,,,61.5,,,68.4,0,0,5,0,0,0,0,0,0
Robert Briggs,163425,HB,UTAH ST,4,0,0,329,,,,72.8,,,59.7,,,65.6,0,0,0,0,0,20,0,0,0
JD Drew,163429,CB,UTAH ST,9,0,0,329,60.5,,,,,,50.2,,,39.9,0,1,0,31,9,0,21,7,0
Austin Okerwa,163438,WR,UTAH ST,11,0,0,329,,,,,,,56.9,,,36.8,0,1,0,0,3,50,0,52,0
Bryce Radford,163440,G,UTAH ST,13,0,0,329,,,79.4,,,,66.1,,,64.5,0,0,67,0,0,0,0,0,0
Jalen Royals,163442,WR,UTAH ST,4,0,0,329,,,,61.8,,,60.0,,,63.8,0,0,0,0,0,5,0,0,0
Chase Tuatagaloa,163445,QB,UTAH ST,2,0,0,329,,,,,,,62.5,,,71.5,0,0,0,0,0,12,0,6,0
Josh Williams,163447,LB,UTAH ST,1,0,0,329,,,,,,,30.0,,,25.4,0,1,0,0,0,5,0,0,0
Cameron Ambrose,163450,T,ARK STATE,13,0,0,113,,,75.8,,,,59.0,,,67.3,0,0,63,0,0,0,62,0,0
AJ Beale,163451,CB,ARK STATE,11,3,0,113,,,,,,,84.7,,,78.9,0,0,0,0,60,24,0,28,5
Samuel Graham,163461,LB,ARK STATE,5,0,0,113,60.1,,,,,,46.5,,,67.3,1,1,0,9,14,1,0,0,0
Tristian Smith,163472,G,ARK STATE,13,0,0,113,,,76.7,,,,59.9,,,29.5,0,1,63,0,0,0,0,0,0
Caden Solano,163473,LB,ARK STATE,1,0,0,113,,,,,,,53.9,,,68.4,0,0,0,0,9,0,0,2,0
LaMarcus Brand,163486,WR,GA STATE,2,0,0,175,,,,,,,59.3,,,65.3,0,0,0,0,0,0,4,0,0
Liam Rickman,163492,K,GA STATE,13,0,0,175,,72.4,,,,,61.4,,,67.1,0,0,54,0,0,0,0,0,0
Austin Wainwright,163495,S,GA STATE,13,0,1,175,,,,,,,62.4,,,50.9,0,1,0,0,25,68,0,33,1
Austin Cartwright,163502,CB,LA MONROE,3,0,0,209,,,,,,,59.5,,,68.8,0,0,0,0,0,22,0,0,0
John Curtis Goodman Jr.,163503,T,LA MONROE,7,0,0,209,,,66.6,,,,63.6,,,71.5,0,0,19,0,0,0,0,0,0
Parker Hill,163506,WR,LA MONROE,1,0,0,209,,,,,,,60.0,,,64.8,0,0,0,0,0,0,0,2,0
Simion Hines,163507,S,LA MONROE,9,0,0,209,59.6,,,,,,58.5,,,65.0,0,0,0,36,0,5,0,0,0
Tellek Lockette,163512,G,LA MONROE,12,0,0,209,,,73.4,,,,64.8,,,71.8,0,0,34,0,0,0,0,0,0
James Smith,163520,ED,LA MONROE,8,0,0,209,58.4,,61.5,,,,60.0,,,68.8,0,0,10,18,0,0,0,2,0
Car'lin Vigers,163521,S,LA MONROE,10,1,1,209,59.4,,,,,,66.8,,,54.8,3,1,0,45,15,0,27,31,1
Cooper Webb,163522,DI,UNLV,13,0,0,325,57.8,,60.0,,,,59.4,,,71.3,0,0,5,29,0,0,0,9,0
Jahleel Culbreath,163527,ED,DOMINION,9,0,0,263,59.3,,,,,,60.1,,,71.6,0,0,0,5,17,7,0,19,0
Dominic Dutton,163528,WR,DOMINION,9,0,0,263,,,,,,,76.8,,,75.2,0,0,0,0,6,0,20,27,1
Ahmarian Granger,163529,WR,DOMINION,4,0,0,263,,,,59.9,,,76.2,,,68.7,0,0,0,0,1,21,0,0,0
Peter Kikwata,163534,WR,GA STATE,1,0,0,175,,,,,,,60.0,,,63.9,0,0,0,0,1,0,0,0,0
Koa Naotala,163537,LB,DOMINION,13,2,0,263,60.2,,,59.9,,,59.2,,,74.7,2,0,0,10,26,71,29,2,2
Jaylon White-McClain,163543,ED,DOMINION,8,0,0,263,59.0,,,,,,59.5,,,66.4,0,0,0,19,0,0,0,1,0
Maarten Woudsma,163544,C,DOMINION,13,1,0,263,,,60.0,,,,66.2,,,68.6,0,0,3,0,0,5,68,0,0
Ricky Fletcher,163547,CB,S ALABAMA,12,0,0,288,60.0,,,,,,62.8,,,72.7,0,0,0,44,0,1,1,9,0
Christopher Wallace Jr.,163553,CB,S ALABAMA,13,0,0,288,60.0,,,,,,66.1,,,68.5,1,1,0,7,78,55,43,66,3
Kyron Barnes,163554,T,SO MISS,1,0,0,296,,,60.0,,,,61.4,,,61.9,0,0,7,0,0,0,0,0,0
Illyas Fuavai,163559,ED,SO MISS,3,0,0,296,59.4,,,,,,59.5,,,64.9,0,0,0,5,0,0,0,1,0
Cameron Knox,163562,CB,SO MISS,12,2,0,296,59.9,,,,,,57.2,,,51.3,3,1,0,9,53,18,18,37,4
Evan McNally,163564,TE,SO MISS,3,0,0,296,,,,,,,57.2,,,66.1,0,0,0,0,0,6,0,0,0
Ty Mims,163565,WR,SO MISS,11,0,0,296,,,,,,,61.8,60.8,,67.6,0,0,0,0,0,0,0,50,0
Klabron Pollard,163566,C,SO MISS,12,0,0,296,,,60.0,,,,56.3,,,64.6,1,0,1,0,0,0,61,0,0
Javen Ware,163569,S,TEXAS ST,6,0,0,314,60.0,,,,,,65.1,,,70.8,0,0,0,1,7,5,0,16,0
Fabian Rogosch,163576,TE,TROY,10,0,0,318,59.7,,74.5,,,,66.5,,,69.7,0,0,55,1,0,0,0,24,0
Kobe Williams,163580,G,TROY,13,0,0,318,,,78.4,,,,66.5,,,74.5,0,0,66,0,0,0,0,0,0
Isaiah Bond,163586,WR,ALABAMA,7,0,0,103,,,,,,,67.9,60.3,,70.5,0,0,0,0,0,0,0,26,0
Emmanuel Henderson Jr.,163595,WR,ALABAMA,9,0,0,103,,,,,,,59.9,,,81.1,2,0,0,0,60,1,41,33,1
Antonio Kite,163598,CB,ALABAMA,6,0,0,103,,,,,,,62.7,60.0,,72.1,0,0,0,0,3,0,0,20,0
Miles Kitselman,163599,TE,ALABAMA,12,0,0,103,,,60.0,,,,71.0,,,70.1,0,0,1,0,0,50,0,0,0
Danny Lewis Jr.,163600,TE,ALABAMA,14,0,0,103,,,77.4,59.9,,,67.8,,,64.7,0,0,81,0,0,10,3,0,0
Earl Little Jr.,163601,S,ALABAMA,9,0,0,103,,,,,,,67.7,,,75.2,0,0,0,0,4,0,1,34,0
Amari Niblack,163606,TE,ALABAMA,4,0,0,103,,,,,,,61.5,,,71.4,0,0,0,0,0,11,0,4,0
Jake Pope,163608,S,ALABAMA,12,0,0,103,,,,,,,68.0,,,73.3,0,0,0,0,36,0,0,32,0
Shazz Preston,163610,WR,ALABAMA,3,1,0,103,,,,,,,50.9,,,67.4,1,0,0,0,5,0,0,4,0
Elijah Pritchett,163611,T,ALABAMA,14,0,0,103,,,77.2,,,,65.3,,,66.5,0,0,81,0,0,0,0,0,0
Nico Davillier,163626,ED,ARKANSAS,12,0,0,111,59.6,,,,,,61.8,,,69.0,0,0,0,65,9,0,0,7,0
Brooks Edmonson,163628,G,ARKANSAS,11,0,0,111,,,76.2,,,,65.7,,,72.6,0,0,49,0,0,0,0,0,0
Blake Ford,163629,K,ARKANSAS,3,0,0,111,,,,,67.8,,60.0,,,67.8,0,0,0,0,4,0,0,0,0
Patrick Kutas,163635,T,ARKANSAS,9,0,0,111,,,72.1,,,,63.8,,,71.8,0,0,38,0,0,0,43,0,0
Isaiah Sategna III,163642,WR,ARKANSAS,12,0,0,111,,,,53.8,,,61.8,74.8,,68.3,0,0,0,0,3,68,0,61,0
Keionte Scott,163644,CB,AUBURN,9,1,0,115,59.6,,,,,,64.5,80.8,,69.1,0,0,0,30,8,1,0,36,0
Tyler Banks,163648,LB,OLE MISS,13,0,0,226,60.2,,,57.5,,,65.4,,,81.8,1,0,0,9,89,60,53,49,3
Nick Cull,163652,S,OLE MISS,1,0,0,226,,,,,,,60.4,,,65.4,0,0,0,0,0,0,0,2,0
Preston Cushman,163653,G,OLE MISS,2,0,0,226,,,65.5,,,,62.9,,,70.2,0,0,14,0,0,0,0,0,0
Zxavian Harris,163658,DI,OLE MISS,11,0,0,226,90.1,,,,,,91.3,,,28.5,0,1,0,47,0,0,0,4,0
Kyirin Heath,163659,TE,OLE MISS,6,0,0,226,,,72.5,,,,64.0,,,62.2,0,0,42,0,0,0,0,0,0
Trip White,163670,LB,OLE MISS,3,0,0,226,,,,,,,64.7,,,67.3,0,0,0,0,5,2,0,0,0
Jaron Willis,163671,LB,S CAROLINA,3,0,0,289,60.0,,,,,,71.4,,,68.4,0,0,0,3,7,5,0,0,0
Audavion Collins,163676,CB,PENN STATE,6,0,0,266,,,,,,,76.4,,,69.5,0,0,0,0,15,0,0,8,1
Kalvin Dinkins,163680,DI,MISS STATE,1,0,0,227,59.4,,,,,,60.2,,,65.0,0,0,0,1,0,0,0,1,0
Tanner Johnson,163682,S,MISS STATE,1,0,0,227,,,,,,,29.9,,,71.1,0,1,0,0,0,0,0,5,0
Javae Gilmore,163683,LB,MISS STATE,12,0,0,227,,,,,,,66.9,,,78.4,0,0,0,0,5,18,0,35,0
Hudson Hollenbeck,163685,K,MICHIGAN,1,0,0,222,,,60.0,,,,60.0,,,60.2,0,0,1,0,0,0,0,0,0
Wesley Miller,163688,S,S ALABAMA,12,0,0,288,59.9,,,,,,66.3,,,78.6,1,0,0,5,75,2,0,50,4
Khalid Moore,163689,ED,MISS STATE,5,0,0,227,,,,,,,54.2,,,70.8,0,0,0,0,5,0,0,8,0
Kaydin Pope,163691,WR,NEW MEXICO,3,0,0,241,,,,,,,57.8,,,70.2,0,0,0,0,0,7,7,1,0
Avery Sledge,163695,LB,MISS STATE,12,0,0,227,,,,,,,86.1,,,79.2,0,0,0,0,43,46,1,41,2
Zavion Thomas,163697,WR,MISS STATE,11,0,0,227,,,,88.0,,,63.9,76.2,,70.8,0,0,0,0,0,60,2,49,0
Trevion Williams,163699,DI,MISS STATE,3,0,0,227,,,,,,,68.7,,,66.4,0,0,0,0,0,11,8,0,0
Darren Agu,163703,ED,VANDERBILT,10,0,0,333,58.9,,,,,,50.3,,,28.3,0,1,0,29,0,0,0,14,0
Trudell Berry,163705,CB,VANDERBILT,9,0,0,333,60.1,,,,,,62.1,,,71.0,0,0,0,32,0,0,0,2,0
Bryce Cowan,163707,LB,VANDERBILT,11,1,1,333,60.0,,,,,,49.2,,,34.5,1,1,0,15,45,38,27,22,1
BJ Diakite,163709,ED,VANDERBILT,11,0,0,333,59.1,,,,,,65.3,,,73.3,0,0,0,13,0,0,0,31,0
Chase Gillespie,163712,HB,VANDERBILT,11,0,0,333,,,,58.2,,,76.8,,,73.5,0,0,0,0,2,81,3,0,0
Richie Hoskins,163715,WR,VANDERBILT,12,0,0,333,,,,,,,62.0,,,72.5,0,0,0,0,0,87,0,9,0
Bradley Mann,163718,DI,VANDERBILT,8,0,0,333,58.5,,,,,,58.5,,,65.8,0,0,0,17,0,0,0,1,0
Grayson Morgan,163719,T,VANDERBILT,1,0,0,333,,,60.0,,,,61.9,,,68.4,0,0,7,0,0,0,0,0,0
Leyton Nelson,163721,T,VANDERBILT,11,0,0,333,,,70.7,,,,64.0,,,68.6,0,0,33,0,0,0,0,0,0
Yilanan Ouattara,163722,DI,VANDERBILT,9,0,0,333,58.4,,,,,,58.2,,,65.7,0,0,0,18,0,0,0,0,0
Jadais Richard,163724,CB,MIAMI FL,13,0,0,220,60.0,,,,,,71.5,,,81.6,0,1,0,12,47,50,31,45,3
Savion Riley,163725,S,VANDERBILT,8,2,0,333,59.9,,,,,,76.4,,,73.0,0,0,0,19,25,0,21,4,2
Nick Rinaldi,163726,LB,VANDERBILT,12,0,0,333,59.9,,,,,,62.7,,,87.9,1,0,0,11,26,86,60,33,2
Jeffrey Ugochukwu,163729,LB,VANDERBILT,10,3,0,333,60.0,,,,,,67.8,,,73.3,0,0,0,10,41,0,4,14,1
Daveon Walker,163730,WR,VANDERBILT,1,0,0,333,,,,,,,60.0,,,64.8,0,0,0,0,0,1,0,0,0
Linus Zunk,163732,ED,VANDERBILT,7,0,0,333,59.2,,60.0,,,,64.0,,,67.2,0,0,3,11,0,0,0,6,0
Dillon Bell,163734,WR,GEORGIA,14,0,0,173,,,,51.4,,,70.8,,,70.5,0,0,0,0,0,49,1,0,0
Drew Bobo,163736,G,GEORGIA,1,0,0,173,,,,,,,60.0,,,61.8,0,0,0,0,0,0,1,0,0
Julio Humphrey,163742,CB,GEORGIA,6,0,0,173,59.9,,,,,,62.3,,,76.9,0,0,0,2,0,0,0,4,0
Marvin Jones Jr.,163745,ED,GEORGIA,11,0,0,173,60.1,,,,,,73.5,,,74.2,0,0,0,29,2,42,0,44,0
Christen Miller,163747,DI,GEORGIA,6,0,0,173,59.2,,,,,,59.8,,,66.0,0,0,0,9,0,0,0,1,0
Jaheim Singletary,163751,CB,ARKANSAS,10,0,0,111,60.4,,,,,,64.2,,,74.1,0,0,0,41,11,0,0,11,0
Darris Smith,163752,ED,GEORGIA,5,0,0,173,60.1,,,,,,64.3,,,73.5,0,0,0,7,31,16,4,6,0
Cole Speer,163753,WR,GEORGIA,7,0,0,173,,,,,,,73.0,,,77.0,1,0,0,0,27,0,2,26,2
Marcus Washington Jr.,163755,CB,LOUISVILLE,14,1,0,210,,,,,,,56.2,,,80.7,1,1,0,0,67,29,0,36,1
Mekhi Bigelow,163757,LB,TENNESSEE,1,0,0,307,,,,,,,51.6,,,65.1,0,0,0,0,2,0,0,0,0
Ben Bolton,163759,LB,TENNESSEE,13,0,0,307,60.0,,,,,,69.9,,,85.3,1,0,0,1,82,57,56,57,0
Bennett Brady,163760,LS,TENNESSEE,3,0,0,307,,,60.0,,,27.3,54.9,,,62.2,0,0,4,0,0,0,1,0,0
Christian Harrison,163763,CB,TENNESSEE,5,0,0,307,60.0,,,,,,61.0,,,68.4,0,0,0,1,25,13,2,3,0
Joshua Helsdon,163764,DI,TENNESSEE,1,0,0,307,59.7,,,,,,60.0,,,61.8,0,0,0,1,0,0,0,0,0
Jayson Jenkins,163767,ED,TENNESSEE,1,0,0,307,59.8,,,,,,60.0,,,62.7,0,0,0,1,0,0,0,0,0
Joshua Josephs,163768,ED,TENNESSEE,6,0,0,307,59.5,,,,,,59.9,,,65.0,0,0,0,6,0,0,0,1,0
Connor Meadows,163769,T,TENNESSEE,1,0,0,307,,,60.7,,,,62.3,,,68.6,0,0,9,0,0,0,0,0,0
James Pearce Jr.,163770,ED,TENNESSEE,9,0,0,307,58.9,,,,,,61.7,,,70.8,0,0,0,22,0,0,0,11,0
Masai Reddick,163771,G,TENNESSEE,11,0,0,307,,,78.7,,,,65.8,,,64.4,0,0,61,0,0,0,0,0,0
Dylan Sampson,163772,HB,TENNESSEE,3,0,0,307,,,,,,,61.9,,,66.5,0,0,0,0,0,2,0,5,0
Jourdan Thomas,163774,CB,TENNESSEE,12,0,0,307,60.0,,,,,,63.0,,,80.0,0,1,0,7,49,44,42,34,1
Josh Turbyville,163775,P,TENNESSEE,13,0,0,307,,60.0,,,80.7,,64.1,,,79.0,0,0,2,0,82,0,0,0,1
Squirrel White,163776,WR,TENNESSEE,2,0,0,307,,,,60.0,,,60.2,60.3,,63.9,0,0,0,0,0,1,0,7,0
Josh Kattus,163777,TE,KENTUCKY,10,0,0,202,,,,,,,78.4,,,72.9,0,0,0,0,0,50,0,0,0
Barion Brown,163779,WR,KENTUCKY,12,0,0,202,,,,88.3,,,60.2,66.6,,65.2,0,0,0,0,0,55,0,8,0
Deone Walker,163783,DI,KENTUCKY,13,0,0,202,57.8,,,,,,58.6,,,70.5,0,0,0,51,0,0,0,11,0
Jordan Robinson,163791,CB,KENTUCKY,11,0,0,202,60.1,,,,,,61.7,,,76.5,0,0,0,5,19,18,0,32,1
Alex Afari Jr.,163793,LB,KENTUCKY,13,1,0,202,60.0,,,,,,65.0,60.0,,75.3,0,0,0,1,7,34,14,46,0
Keaten Wade,163794,ED,KENTUCKY,12,0,0,202,82.1,,,,,,74.4,,,75.1,0,0,0,50,20,2,52,3,1
Noah Matthews,163797,ED,KENTUCKY,7,1,0,202,59.4,,,,,,50.3,,,70.3,0,0,0,2,20,0,0,10,0
Tyreese Fearbry,163800,ED,KENTUCKY,13,0,0,202,59.9,,,,,,61.4,,,81.9,0,0,0,7,59,6,18,39,0
Jalen Dye,163806,S,KANSAS,13,0,0,198,,,,,,,64.7,,,74.5,0,0,0,0,42,37,0,25,0
Mason Ellis,163807,S,KANSAS,12,0,0,198,,,,,,,55.5,,,80.2,1,0,0,0,58,24,21,32,0
Tristian Fletcher,163810,CB,KANSAS,1,0,0,198,,,,,,,60.0,,,65.1,0,0,0,0,1,0,0,0,0
Dean Miller,163813,ED,KANSAS,13,0,0,198,,,,,,,65.5,,,77.1,1,0,0,0,84,0,0,0,2
Dominick Puni,163815,T,KANSAS,3,0,0,198,,,65.5,,,,63.0,,,69.5,0,0,13,0,0,0,0,0,0
Ethan Vasko,163817,QB,COAST CAR,1,0,0,141,,,,,,,60.0,,60.0,63.3,0,0,0,0,0,0,1,0,0
Davion Westmoreland,163818,ED,KANSAS,3,0,0,198,59.9,,,,,,60.1,,,62.9,0,0,0,3,0,0,0,0,0
Isaac Koch,163821,WR,KANSAS ST,8,0,0,199,,,,,,,57.7,,,78.1,0,0,0,0,10,34,0,27,0
DJ McKinney,163824,CB,OKLA STATE,13,0,0,262,59.9,,,,,,62.1,,,71.9,0,0,0,37,1,0,0,3,0
Joe Staubach,163836,WR,TCU,1,0,0,305,,,,,,,59.6,,,68.8,0,0,0,0,0,0,0,3,0
Malik Agbo,163837,TE,TEXAS,14,0,0,311,,,79.7,,,,67.0,,,75.3,0,0,92,0,0,0,0,0,0
Kelvin Banks Jr.,163839,T,TEXAS,14,0,0,311,,,79.1,,,,66.1,,,68.7,0,0,92,0,0,0,0,0,0
Ethan Burke,163843,ED,TEXAS,12,0,0,311,59.0,,60.0,,,,64.3,,,71.2,0,0,7,41,0,0,0,22,0
DJ Campbell,163844,G,TEXAS,14,0,0,311,,,81.9,,,,67.0,,,65.0,0,0,91,0,0,0,0,0,0
Trevell Johnson,163849,LB,LA MONROE,9,0,0,209,59.5,,,,,,58.2,,,29.6,0,1,0,2,31,26,0,28,1
Austin Jordan,163850,S,TEXAS,12,0,0,311,90.9,,,,,,73.3,,,82.5,2,0,0,38,80,37,17,49,2
Colin Page,163855,HB,TEXAS,1,0,0,311,,,,,,,60.0,,,63.7,0,0,0,0,1,0,0,0,0
Savion Red,163857,HB,TEXAS,9,0,0,311,,,,63.0,,,67.9,,,29.2,0,1,0,0,8,37,24,0,1
Connor Robertson,163858,C,TEXAS,9,0,0,311,,,74.0,,,,64.7,,,66.3,0,0,51,0,0,0,0,0,0
Lance St. Louis,163860,LS,TEXAS,14,0,0,311,,,77.8,,,66.4,67.4,,,66.5,1,0,92,0,0,0,41,0,1
Will Stone,163861,K,TEXAS,14,0,0,311,,,,,87.3,,52.7,,,29.8,0,1,0,0,96,0,0,0,5
Neto Umeozulu,163866,G,TEXAS,1,0,0,311,,,60.0,,,,60.0,,,63.4,0,0,1,0,0,0,0,0,0
Cameron Williams,163867,T,TEXAS,4,0,0,311,,,66.7,,,,62.9,,,64.4,0,0,22,0,0,0,0,0,0
Ky Woods,163868,HB,TEXAS,3,0,0,311,,,,,,,68.8,,,67.3,0,0,0,0,6,0,0,0,1
Jaylon Shelton,163873,CB,TEXAS ST,1,0,0,314,,,,,,,66.5,,,69.6,0,0,0,0,0,6,0,5,0
Forrest Scheel,163877,T,WYOMING,1,0,0,351,,,60.0,,,,60.0,,,63.7,0,0,1,0,0,0,0,0,0
Jibreel Al-Amin,163936,LB,JVILLE ST,11,0,0,196,59.7,,,,,,56.9,,,77.1,1,0,0,5,64,0,0,31,0
Cade Backe,163937,P,JVILLE ST,1,0,0,196,,,60.0,,,,60.6,,,60.6,0,0,6,0,0,0,0,0,0
Jacob Barrick,163938,TE,JVILLE ST,7,0,0,196,,,,,,,64.3,,,76.9,0,0,0,0,0,16,0,31,0
Xavier Bausley,163939,T,JVILLE ST,12,0,0,196,,,74.9,,,,63.7,,,66.5,0,0,62,0,0,0,2,0,0
Reggion Bennett,163941,HB,JVILLE ST,4,0,0,196,,,,,,,61.8,,,68.6,0,0,0,0,9,11,0,0,0
Brad Harper,163955,LB,JVILLE ST,1,0,0,196,,,,,,,62.7,,,67.4,0,0,0,0,0,0,0,5,0
Carter Lambert,163958,QB,JVILLE ST,8,0,0,196,,,,,,,64.1,,,70.7,0,0,0,0,25,1,0,27,0
Jabari Mack,163962,CB,JVILLE ST,8,0,0,196,59.9,,,,,,68.2,,,78.1,0,0,0,17,38,0,5,9,1
Jordan McCants,163966,WR,JVILLE ST,9,0,0,196,,,,,,,66.9,,,74.5,1,0,0,0,4,28,0,42,0
Ky'Won McCray,163967,S,JVILLE ST,12,0,0,196,60.0,,,,,,73.2,,,73.8,0,0,0,1,65,0,0,14,3
Fred Perry,163971,S,JVILLE ST,13,1,0,196,59.9,,,,,,52.6,60.0,,28.9,2,2,0,42,59,20,1,1,3
Darrell Prater,163972,DI,JVILLE ST,12,0,0,196,58.1,,60.0,,,,60.5,,,70.0,1,0,3,18,0,0,62,7,1
Brock Robey,163975,G,JVILLE ST,2,0,0,196,,,60.0,,,,57.7,,,65.2,0,0,8,0,0,0,3,0,0
Jaden Thomas,163979,LB,JVILLE ST,4,0,0,196,60.0,,,,,,60.0,,,63.9,0,0,0,1,0,0,0,3,0
Larry Worth III,163980,S,JVILLE ST,13,0,0,196,59.3,,,,,,64.9,,,85.2,1,0,0,46,32,0,23,41,1
Jalik Thomas,164048,S,APP STATE,7,0,0,108,,,,,,,59.2,,,74.0,1,0,0,0,10,5,5,16,0
Sam Benjamin,164058,DI,ARIZONA ST,11,0,0,110,59.9,,,,,,61.3,,,71.0,0,0,0,4,0,29,28,1,0
Ian Hershey,164069,P,ARIZONA ST,4,0,0,110,,,,,,,61.7,,66.3,70.3,0,0,0,0,0,0,17,0,1
Austin Brawley,164120,S,OHIO,8,0,0,259,59.8,,,60.0,,,62.6,,,70.9,0,0,0,33,1,3,0,8,0
Michael Molnar,164125,LB,OHIO,13,3,0,259,,,,,,,60.7,,,79.1,3,0,0,0,67,14,6,20,2
Mekah Ryder,164126,S,OHIO,11,2,0,259,,,,,,,43.2,,,29.5,0,2,0,0,26,6,13,33,0
Nathanial Vakos,164128,K,WISCONSIN,13,0,0,349,,82.6,,,69.1,,61.5,,,67.6,0,0,53,0,3,0,0,0,0
Adonis Williams Jr.,164130,S,OHIO,10,0,0,259,60.0,,,,,,66.3,,,85.2,0,0,0,37,0,2,0,4,0
Kam Wright,164131,T,OHIO,9,0,0,259,,,19.8,,,,33.5,,,71.4,0,0,41,0,0,0,0,0,0
Jonquis Hardaway,164132,CB,KENTUCKY,13,0,0,202,60.3,,,,,,65.9,,,76.1,0,0,0,17,35,0,1,37,4
Oliver Bridges,164136,CB,CINCINNATI,11,0,0,138,,,,,,,59.4,,,73.7,1,0,0,0,15,39,21,2,2
Quincy Burroughs,164137,WR,WISCONSIN,13,2,0,349,,,,,,,62.6,,,54.5,0,1,0,0,64,5,59,10,2
Kalen Carroll,164139,CB,CINCINNATI,9,1,0,138,59.5,,,,,,61.1,,,76.0,0,0,0,29,10,0,1,22,0
CJ Doggette Jr.,164141,ED,CINCINNATI,1,0,0,138,59.4,,,,,,59.7,,,63.1,0,0,0,1,0,0,0,0,0
Tyler Gillison,164143,ED,CINCINNATI,7,0,0,138,59.8,,,,,,54.4,,,67.5,0,0,0,16,4,0,0,3,0
Jonathan Harder,164145,C,CINCINNATI,12,0,0,138,,,74.6,,,,65.2,,,72.5,0,0,49,0,0,0,0,0,0
Antwan Peek Jr.,164150,S,CINCINNATI,12,0,0,138,59.8,,,,,,52.2,,,78.1,1,1,0,6,61,21,5,33,4
Derrick Shepard Jr.,164154,DI,CINCINNATI,2,0,0,138,58.9,,,,,,59.0,,,64.2,0,0,0,5,0,0,0,0,0
Jonathan Thompson,164156,LB,CINCINNATI,12,0,0,138,60.3,,,,,,58.9,,,72.8,0,1,0,24,55,0,35,7,1
Kaytron Allen,164158,HB,PENN STATE,5,0,0,266,,,,,,,57.3,,,67.0,0,0,0,0,0,10,0,0,0
Kaleb Artis,164159,DI,PENN STATE,13,0,0,266,60.0,,78.0,,,,65.7,,,66.4,0,0,81,1,0,0,0,3,0
Abdul Carter,164160,LB,PENN STATE,11,0,0,266,59.5,,,,,,61.3,,,68.3,0,0,0,26,2,0,0,6,0
Dani Dennis-Sutton,164163,ED,PENN STATE,10,0,0,266,59.0,,,,,,59.6,,,66.6,0,0,0,20,0,0,0,3,0
Cristian Driver,164165,WR,PENN STATE,5,0,0,266,,,,,,,74.4,,,72.6,0,0,0,0,11,0,0,11,1
Zane Durant,164166,DI,PENN STATE,8,0,0,266,58.4,,,,,,58.6,,,66.3,0,0,0,15,0,0,0,2,0
Jason Estrella,164167,WR,PENN STATE,1,0,0,266,,,,,,,60.0,,,62.1,0,0,0,0,1,0,0,0,0
Omari Evans,164168,WR,PENN STATE,1,0,0,266,,,,,,,60.0,,,61.1,0,0,0,0,0,1,0,0,0
Mehki Flowers,164170,S,PENN STATE,3,0,0,266,59.9,,,,,,67.6,,,66.8,0,0,0,1,14,0,0,1,1
Tyler Holzworth,164173,HB,PENN STATE,2,0,0,266,,,,,,,60.5,,,63.2,0,0,0,0,2,0,0,0,0
Olaivavega Ioane,164174,G,PENN STATE,13,0,0,266,,,69.0,,,,63.8,,,75.3,0,0,81,0,0,0,0,0,0
Cam Miller,164178,CB,PENN STATE,13,1,0,266,59.8,,,,,,65.8,60.3,,63.2,0,1,0,12,74,39,25,57,3
Tyrece Mills,164179,S,PENN STATE,6,0,0,266,60.0,,,,,,66.0,,,68.3,0,0,0,1,22,0,0,2,0
Beau Pribula,164182,QB,PENN STATE,3,0,0,266,,,60.0,,,,60.4,,,60.5,0,0,5,0,0,0,0,0,0
Dominic Rulli,164183,C,PENN STATE,13,0,0,266,,,77.2,,,,65.3,,,66.5,0,0,81,0,0,0,1,0,0
Kaden Saunders,164184,WR,PENN STATE,7,0,0,266,,,,,,,61.3,71.4,,67.1,0,0,0,0,0,0,0,38,0
Drew Shelton,164186,T,PENN STATE,13,0,0,266,,,78.8,,,,66.9,,,76.7,0,0,81,0,0,0,0,0,0
Nicholas Singleton,164188,HB,PENN STATE,13,0,0,266,,,,59.3,,,60.1,,,64.0,0,0,0,0,0,43,0,0,0
Blaise Sokach-Minnick,164189,LS,PENN STATE,2,0,0,266,,,60.0,,,8.2,53.1,,,61.6,0,0,4,0,0,0,0,0,0
Jace Tutty,164190,CB,PENN STATE,1,0,0,266,,,,,,,61.1,,,64.4,0,0,0,0,2,0,0,1,0
Kevin Winston Jr.,164192,S,PENN STATE,12,2,0,266,59.9,,,,,,73.1,,,71.0,1,0,0,23,1,3,36,4,1
Keon Wylie,164193,LB,PENN STATE,13,0,0,266,60.0,,,,,,72.0,,,75.9,0,0,0,1,15,24,0,64,0
Devante Keys,164347,ED,LA MONROE,4,0,0,209,59.3,,64.6,,,,61.6,,,62.3,0,0,14,2,0,0,0,0,0
Chase Carter,164438,K,UTAH,7,0,0,328,,,,,66.4,,61.9,,,73.8,0,0,0,0,27,0,0,0,1
Riley Williams,164646,P,MISSOURI,7,0,0,229,,,60.0,,,,62.1,,59.2,71.8,0,0,1,0,0,0,28,0,0
Chase Meyer,164674,K,TULSA,12,0,0,320,,79.4,,,54.7,,61.7,,,68.7,0,0,51,0,9,0,0,0,0
Lamar Robinson,164737,G,GA STATE,13,0,0,175,,,74.5,,,,64.6,,,66.1,0,0,59,0,0,0,0,0,0
Mackavelli Malotumau,165722,DI,NEVADA,7,0,0,239,58.1,,,,,,58.5,,,66.8,0,0,0,16,0,0,7,3,0
Elijah Sohn,165786,TE,SM HOUSTON,8,0,0,281,,,69.8,,,,63.4,,,72.0,0,0,28,0,0,0,4,0,0
Moussa Barry,166787,WR,W KENTUCKY,11,0,0,346,,,,,,,63.6,,,75.0,0,0,0,0,0,51,1,0,0
Chris Hunter,166993,WR,ARIZONA,5,0,0,109,,,,,,,57.3,,,73.3,0,1,0,0,20,10,0,9,0
Phaizon Wilson,167111,WR,AKRON,1,0,0,102,,,,,,,59.9,,,65.5,0,0,0,0,0,6,0,0,0
Antwone Watts,167238,S,LA MONROE,6,0,0,209,59.9,,,,,,61.2,,,65.9,0,0,0,6,0,1,0,2,0
Ryan Butler,167652,HB,STANFORD,2,0,0,300,,,,,,,60.3,,,68.4,0,0,0,0,0,13,0,0,0
Coleton Smith,168129,LB,TULSA,12,1,0,320,59.9,,,,,,59.2,,,74.8,2,0,0,31,38,0,53,18,3
Trey Szykowny,168359,LS,TOLEDO,1,0,0,316,,,60.0,,,66.0,60.0,,,60.8,0,0,1,0,0,0,0,0,0
C.J. Boyd Jr.,168397,S,AIR FORCE,6,0,0,101,59.8,,,,,,65.5,,,68.3,0,0,0,14,6,0,0,21,0
Trey Williams,168404,CB,AIR FORCE,13,1,0,101,60.9,,,,,,74.6,,,83.1,0,0,0,23,68,0,40,47,3
Tyme Collins,168405,CB,AIR FORCE,10,0,0,101,60.0,,,,,,57.1,,,70.4,1,0,0,1,47,19,0,0,2
K.C. Beard,168406,CB,AIR FORCE,13,1,0,101,59.9,,,,,,59.2,,,79.8,1,0,0,1,64,0,0,45,1
Terrell Walden II,168420,HB,MIAMI FL,1,0,0,220,,,,,,,60.0,,,63.1,0,0,0,0,0,1,0,0,0
D'Yoni Hill,168425,CB,MARSHALL,13,0,0,214,59.8,,,,,,65.5,,,81.7,1,0,0,56,3,6,22,54,1
Bugs Mortimer,168428,WR,LA MONROE,8,0,0,209,,,,58.0,,,61.2,80.8,,66.6,0,0,0,0,0,5,0,33,0
Bennett Galloway,168436,HB,LA MONROE,3,0,0,209,,,,58.6,,,58.9,,,63.4,0,0,0,0,0,18,0,0,0
Kole Wilson,168441,WR,TEXAS ST,9,0,0,314,,,,92.3,,,70.2,73.4,,67.5,0,0,0,1,2,51,0,14,0
Jonathan Jean,168457,S,RICE,7,0,0,275,59.9,,,,,,62.9,,,68.2,0,0,0,6,21,0,0,6,0
Donte Thompson,168458,CB,ARK STATE,3,0,0,113,59.8,,,,,,61.8,,,70.8,0,0,0,4,0,0,1,9,0
Destin Gainer,168459,ED,NEW MEXICO,12,0,0,241,58.4,,,,,,50.8,,,29.1,0,1,0,41,0,8,0,20,0
Mory Bamba,168565,CB,BYU,6,0,0,128,59.8,,,,,,37.4,,,27.9,1,2,0,3,0,0,20,5,0
Emeka Obigbo,168593,G,TEXAS ST,8,0,0,314,,,75.1,,,,65.4,,,72.7,0,0,43,0,0,0,0,0,0
Reagan Tubbs,169014,K,AIR FORCE,13,0,0,101,,68.0,,,72.9,,49.4,,,29.1,0,1,8,0,62,0,0,0,0
Nikhil Webb-Walker,169047,ED,NEW MEX ST,12,0,0,242,58.9,,,,,,59.4,,,66.9,0,0,0,24,0,1,0,2,0
Nick Cenacle,169053,WR,HAWAII,11,0,0,180,,,,,,,56.6,,,77.4,0,1,0,0,1,61,0,0,0
Cooper Rusk,169108,WR,TOLEDO,11,0,0,316,,,,,,,69.9,,,74.7,0,0,0,0,2,0,0,37,0
Kurt Chesney,169119,LS,AIR FORCE,13,0,0,101,,,78.4,,,73.6,74.1,,,66.3,1,0,61,0,0,0,40,0,2
Joe Ray Maez,169144,ED,NEW MEXICO,10,0,0,241,,,71.3,59.9,,,70.5,,,72.7,0,0,35,0,0,45,0,8,0
Jared Roznos,169169,WR,AIR FORCE,3,0,0,101,,,,61.8,,,60.0,,,63.0,0,0,0,0,0,3,0,0,0
Justin Sanchez,169175,LB,COLO STATE,12,0,0,144,60.0,,,,,,62.8,,,68.9,0,0,0,62,0,1,0,14,0
Max Harris,169223,S,LA MONROE,12,0,0,209,60.4,,,,,,56.5,,,77.4,1,0,0,46,17,51,0,6,1
Luke Freer,169503,P,AIR FORCE,8,0,0,101,,,60.0,,,,61.4,,47.3,69.7,0,0,2,0,0,0,15,0,0
Dante Capolungo,169506,WR,COLORADO,2,0,0,143,,,,,,,54.1,,,66.6,0,0,0,0,4,0,0,2,0
Elias Escobar,169523,S,SM HOUSTON,11,1,0,281,59.9,,,,,,48.1,,,76.6,4,0,0,20,41,10,34,14,2
Alexander Raich,169547,CB,KANSAS,11,0,0,198,,,,,,,77.5,,,77.2,0,0,0,0,0,60,0,0,0
Michael James,169557,K,TEXAS ST,8,0,0,314,,,,,59.4,,62.6,,,75.2,0,0,0,0,38,0,0,0,1
Randy Robinson,169586,S,NEW MEX ST,4,0,0,242,59.9,,,,,,61.3,,,66.1,0,0,0,4,3,1,0,1,0
Luke Myers,169598,LB,MIAMI OH,9,0,0,221,,,,,,,64.0,,,29.1,0,1,0,0,4,28,0,0,0
Ken Talley,169695,ED,MICH STATE,3,0,0,223,59.4,,,,,,60.2,,,64.8,0,0,0,5,0,0,0,2,0
Ben Frank,169697,G,AKRON,4,0,0,102,,,68.0,,,,63.1,,,63.9,0,0,15,0,0,0,0,0,0
Malik Benson,169698,WR,ALABAMA,10,0,0,103,,,,,,,72.1,,,74.9,0,0,0,0,19,37,8,32,1
Mario Anderson Jr.,169699,HB,S CAROLINA,4,0,0,289,,,,,,,60.8,,,72.1,0,0,0,0,0,20,0,4,0
Leon Johnson III,169700,WR,OKLA STATE,1,0,0,262,,,,,,,60.0,,,63.7,0,0,0,0,0,1,0,0,0
JaTerious Evans,169712,ED,LA MONROE,12,1,0,209,60.1,,,,,,68.9,,,75.8,0,0,0,44,8,0,68,7,2
Mel Jacobs,169900,S,E CAROLINA,5,0,0,156,,,,,,,65.6,,,31.2,0,1,0,0,23,12,0,21,2
Joshua Harriott,169910,HB,FAU,2,0,0,165,,,,,,,61.7,,,64.5,0,0,0,0,8,0,0,0,0
Courtney Lamas-Lanier,169914,S,FAU,5,0,1,165,,,,,,,46.6,,,28.4,0,1,0,0,0,14,0,18,0
Zeke Moore,169916,TE,FAU,12,0,0,165,,,72.1,59.6,,,67.8,,,72.3,0,0,39,0,1,64,32,6,0
Nick Salmon,169922,P,FAU,11,0,0,165,,,23.3,,,,40.0,,57.3,62.7,0,0,47,0,0,0,3,0,0
Fabian Scott,169924,CB,FAU,6,0,0,165,59.8,,,,,,58.9,,,73.2,0,0,0,10,5,13,0,8,0
Chris Tooley III,169928,CB,FAU,6,1,0,165,59.7,,,,,,65.3,,,71.5,0,0,0,4,2,5,0,7,0
Wallace Unamba,169929,T,FAU,1,0,0,165,,,60.0,,,,61.2,,,63.1,0,0,6,0,0,0,0,0,0
DeAgo Brumfield,169935,CB,MEMPHIS,13,0,0,218,60.5,,,,,,64.6,,,78.2,0,0,0,54,1,0,0,14,0
Marcello Bussey,169936,WR,MEMPHIS,4,0,0,218,,,,,,,62.7,,,70.0,0,0,0,0,0,0,0,17,0
Jamauri Chislom,169938,TE,MEMPHIS,13,0,0,218,,,77.6,63.5,,,70.7,,,29.6,0,1,73,0,0,70,0,2,0
Brendan Doyle,169941,TE,MEMPHIS,13,0,0,218,,,77.7,59.9,,,64.0,,,70.0,0,0,81,0,0,74,1,0,0
Charlie Harrell,169946,CB,MEMPHIS,4,0,0,218,,,,,,,57.6,,,71.6,0,0,0,0,28,0,0,4,2
CJ Johnson,169947,LB,MEMPHIS,5,0,0,218,60.2,,,,,,62.1,,,71.8,0,0,0,12,10,13,0,5,0
Karmelo Overton,169951,LB,MEMPHIS,2,0,0,218,,,,,,,37.0,,,65.2,0,0,0,0,7,0,0,0,0
Isaiah Thomison,169956,LB,MEMPHIS,1,0,0,218,,,,,,,60.0,,,65.5,0,0,0,0,0,0,0,1,0
Trevor Walton,169957,CB,MEMPHIS,1,0,0,218,,,,,,,64.2,,,64.1,0,0,0,0,6,0,0,0,0
Nathan Kirkwood,169959,K,NAVY,9,0,0,237,,65.4,,,56.2,,61.9,,,70.6,0,0,26,0,19,0,0,0,0
Michael De Hoyos,169960,CB,SMU,1,0,0,287,60.0,,,,,,60.0,,,63.6,0,0,0,1,0,0,0,0,0
Braeden Flowers,169962,ED,SMU,1,0,0,287,59.6,,,,,,59.8,,,62.0,0,0,0,1,0,0,0,0,0
Alexander Kilgore,169965,LB,SMU,14,0,0,287,59.8,,,,,,69.8,,,39.6,0,1,0,13,86,45,30,14,5
Henry Stickler,169969,WR,SMU,1,0,0,287,,,,,,,49.7,,,67.7,0,0,0,0,5,0,0,3,0
Kevin Adams III,169970,S,TULANE,5,0,0,319,,,,,,,62.7,,,67.2,1,0,0,0,20,0,0,3,2
Dickson Agu,169971,LB,TULANE,2,0,0,319,,,,,,,60.6,,,65.4,0,0,0,0,0,0,1,2,0
Landry Cannon,169973,G,TULANE,1,0,0,319,,,60.0,,,,60.0,,,61.6,0,0,1,0,0,0,0,0,0
Jean Claude Joseph III,169974,LB,TULANE,1,0,0,319,,,,,,,60.0,,,63.7,0,0,0,0,1,0,0,0,0
Jai Eugene Jr.,169976,CB,TULANE,1,0,0,319,,,,,,,33.6,,,65.6,1,0,0,0,5,0,0,0,0
Jahiem Johnson,169982,CB,TULANE,2,0,0,319,,,,,,,61.5,,,68.0,0,0,0,0,3,0,0,5,0
Joshua Moore,169985,S,TULANE,1,1,0,319,,,,,,,69.2,,,65.1,0,0,0,0,3,0,0,0,0
Darius Swanson,169990,S,TULANE,10,0,0,319,60.2,,,,,,70.8,,,77.8,2,0,0,9,33,28,16,23,5
Makai Williams,169992,LB,TULANE,11,1,0,319,,,,,,,60.5,,,82.6,0,0,0,0,58,48,42,31,1
Colin Affleck,169993,TE,USF,4,0,0,327,,,,,,,60.1,,,66.9,0,0,0,0,0,18,0,0,0
Evan Dangler,169995,ED,USF,1,0,0,327,,,,,,,60.0,,,61.8,0,0,0,0,0,0,1,0,0
Jarvis Lee,169997,CB,USF,13,0,0,327,60.0,,,,,,60.6,,,37.5,1,1,0,1,27,14,0,64,2
Nikola Milovac,169998,T,USF,5,0,0,327,,,71.7,,,,64.2,,,68.9,0,0,26,0,0,0,0,0,0
Cole Skinner,169999,G,USF,6,0,0,327,,,73.2,,,,64.8,,,71.8,0,0,33,0,0,0,0,0,0
Jamal Anderson,170000,LB,CLEMSON,13,1,0,140,60.0,,,,,,66.9,,,81.4,1,0,0,4,69,53,63,56,0
Khalil Barnes,170001,S,CLEMSON,13,0,0,140,59.6,,,,,,61.5,,,83.6,2,0,0,17,65,36,34,31,1
Rob Billings IV,170002,S,CLEMSON,5,0,0,140,,,,,,,55.4,,,73.1,0,0,0,0,8,0,6,13,0
Tyler Brown,170003,WR,CLEMSON,7,0,0,140,,,,58.7,,,59.3,40.9,,66.1,0,0,0,0,0,6,1,22,0
Dee Crayton,170005,LB,CLEMSON,5,0,0,140,60.0,,,,,,64.6,,,72.7,0,0,0,4,10,6,0,8,0
Markus Dixon,170006,TE,CLEMSON,3,0,0,140,,,,,,,61.5,,,65.1,0,0,0,0,3,1,0,1,0
Jarvis Green,170007,HB,CLEMSON,1,0,0,140,,,,61.8,,,60.0,,,61.2,0,0,0,0,0,1,0,0,0
Ronan Hanafin,170009,WR,CLEMSON,11,0,0,140,,,,61.8,,,52.0,,,41.6,3,1,0,0,30,31,44,38,2
Jay Haynes,170010,HB,CLEMSON,1,0,0,140,,,,59.9,,,73.8,,,66.7,0,0,0,0,0,6,0,0,0
A.J. Hoffler,170011,ED,CLEMSON,3,0,0,140,59.6,,,,,,60.3,,,64.0,0,0,0,2,0,0,0,1,0
Noble Johnson,170012,WR,CLEMSON,4,0,0,140,,,,,,,40.8,,,27.1,0,1,0,0,0,9,0,7,0
Charlie Johnson,170013,WR,CLEMSON,1,0,0,140,,,,,,,60.0,,,63.5,0,0,0,0,0,0,0,1,0
Misun Kelley,170014,WR,CLEMSON,1,0,0,140,,,,59.9,,,60.0,61.0,,62.8,0,0,0,0,0,1,0,2,0
Shelton Lewis,170015,CB,CLEMSON,13,0,0,140,59.4,,,,,,56.4,,,44.1,1,1,0,31,37,2,59,43,1
Tristan Martinez,170016,WR,CLEMSON,1,0,0,140,,,,,,,60.0,,,62.1,0,0,0,0,1,0,0,0,0
Chandler McMaster,170017,LB,CLEMSON,1,0,0,140,,,,,,,60.0,,,62.8,0,0,0,0,1,0,0,0,0
David Ojiegbe,170019,ED,CLEMSON,2,0,0,140,59.7,,,,,,60.8,,,64.6,0,0,0,1,3,0,0,1,0
Zach Owens,170020,G,CLEMSON,1,0,0,140,,,60.0,,,,60.0,,,63.4,0,0,1,0,0,0,0,0,0
T.J. Parker,170021,ED,CLEMSON,10,0,0,140,58.8,,,,,,63.3,,,70.6,0,0,0,11,0,0,0,16,0
Olsen Patt-Henry,170022,TE,CLEMSON,2,0,0,140,,,,,,,60.1,,,65.1,0,0,0,0,0,2,0,0,0
Harris Sewell,170024,G,CLEMSON,4,0,0,140,,,70.0,,,,62.7,,,63.5,0,0,19,0,0,0,1,0,0
Walt Smith,170025,S,CLEMSON,1,0,0,140,,,,,,,60.0,,,64.7,0,0,0,0,1,0,0,1,0
Branden Strozier,170028,CB,CLEMSON,2,0,0,140,60.0,,,,,,61.2,,,65.4,0,0,0,1,3,0,0,1,0
Davian Sullivan,170029,WR,CLEMSON,1,0,0,140,,,,,,,60.0,,,64.6,0,0,0,0,1,0,0,0,0
Avieon Terrell,170031,CB,CLEMSON,13,0,0,140,60.5,,,,,,69.0,,,80.8,0,0,0,17,37,0,0,64,0
Kylen Webb,170033,S,CLEMSON,3,0,0,140,,,,,,,42.7,,,68.2,0,0,0,0,7,0,0,6,0
Peter Woods,170034,DI,CLEMSON,12,0,0,140,58.3,,60.0,,,,59.9,,,68.7,0,0,4,24,0,0,52,13,0
Quentin Ajiero,170035,CB,DUKE,1,0,0,154,,,,,,,52.9,,,66.5,0,0,0,0,0,0,3,0,0
David Anderson,170037,DI,DUKE,2,0,0,154,58.8,,,,,,59.3,,,69.7,0,0,0,2,0,0,0,0,0
Quran Boyd,170040,HB,DUKE,1,0,0,154,,,,,,,60.3,,,64.6,0,0,0,0,1,0,0,1,0
Marquise Collins,170042,HB,DUKE,1,0,0,154,,,,59.9,,,59.9,,,66.3,0,0,0,0,0,7,0,0,0
Apollos Cook,170043,WR,DUKE,4,0,0,154,,,,,,,69.0,,,68.2,0,0,0,0,1,18,0,0,0
Leon Griffin III,170047,S,DUKE,4,0,0,154,,,,,,,64.6,,,71.1,0,0,0,0,15,4,0,10,0
River Hanson,170048,S,DUKE,5,0,0,154,,,,,,,62.1,,,72.7,0,0,0,0,17,18,0,5,0
Kendall Johnson,170050,LB,DUKE,4,0,0,154,60.0,,,,,,59.8,,,72.4,0,0,0,1,19,6,0,12,0
Peyton Jones,170051,HB,DUKE,13,0,0,154,,,,60.2,,,56.9,,,77.0,1,0,0,0,32,35,0,35,0
Moussa Kane,170053,CB,DUKE,2,0,0,154,59.9,,,,,,60.6,,,66.8,0,0,0,1,1,0,0,1,0
Luke Mergott,170056,LB,DUKE,5,1,1,154,,,,,,,44.3,,,74.4,2,1,0,0,21,14,0,12,3
Kimari Robinson,170058,CB,DUKE,2,0,1,154,60.0,,,,,,35.2,,,71.7,0,1,0,1,0,4,1,5,0
DaShawn Stone,170060,S,DUKE,5,0,0,154,60.0,,,,,,64.3,,,74.0,0,0,0,2,5,23,0,15,0
Semaj Turner,170061,ED,DUKE,1,0,0,154,59.6,,,,,,59.8,,,62.0,0,0,0,1,0,0,0,0,0
Nacari Ashley,170062,LB,GA TECH,2,0,0,176,,,,,,,60.0,,,67.7,0,0,0,0,1,0,0,5,0
Jacob Cruz,170065,LB,GA TECH,12,0,0,176,,,,,,,59.7,,,79.9,1,0,0,0,57,49,0,26,2
Evan Dickens,170066,HB,GA TECH,12,1,0,176,,,,,,,67.6,,,48.7,0,1,0,0,0,49,44,20,1
Bryston Dixon,170067,ED,GA TECH,1,0,0,176,59.2,,,,,,59.9,,,66.5,0,0,0,6,0,0,0,1,0
Ben Galloway,170069,T,GA TECH,5,0,0,176,,,68.4,,,,63.3,,,63.4,0,0,27,0,0,0,0,0,0
Ashton Heflin,170070,LB,GA TECH,2,0,0,176,,,,,,,67.5,,,65.5,0,0,0,0,13,0,0,0,1
Taye Seymore,170077,S,GA TECH,10,0,0,176,,,,,,,67.4,,,79.1,1,0,0,0,47,48,0,16,3
Eric Singleton Jr.,170078,WR,GA TECH,2,0,0,176,,,,60.0,,,60.0,,,64.0,0,0,0,0,0,1,1,0,0
Zion Taylor,170079,WR,GA TECH,3,0,0,176,,,,,,,61.6,,,70.4,0,0,0,0,9,7,0,0,0
Rueben Bain Jr.,170082,ED,MIAMI FL,13,0,0,220,58.1,,,,,,60.0,,,70.3,0,0,0,45,0,0,0,17,0
Malik Bryant,170083,ED,MIAMI FL,7,0,0,220,,,,,,,58.5,,,68.6,0,0,0,0,14,18,0,2,1
Dylan Joyce,170087,P,MIAMI FL,13,0,0,220,,,60.0,,,,63.0,,79.1,73.5,0,0,4,0,0,0,45,0,1
Francis Mauigoa,170088,T,MIAMI FL,12,0,0,220,,,76.2,,,,66.0,,,76.6,0,0,65,0,0,0,0,0,0
Kaleb Spencer,170093,CB,MIAMI FL,10,1,0,220,,,,,,,55.2,,,78.3,0,1,0,0,44,23,17,17,0
Robby Washington,170096,WR,MIAMI FL,2,0,0,220,,,,,,,61.8,,,65.0,0,0,0,0,6,0,0,0,0
Bobby Washington,170097,ED,MIAMI FL,5,0,0,220,,,,,,,51.7,,,27.5,0,1,0,0,14,5,0,7,0
Jayden Wayne,170098,ED,MIAMI FL,7,0,0,220,59.3,,,,,,59.1,,,68.1,0,0,0,11,0,9,0,3,0
Paul Billups II,170101,WR,N CAROLINA,3,0,0,245,,,,,,,51.4,,,69.1,1,0,0,0,0,7,1,5,0
Amare Campbell,170102,LB,N CAROLINA,9,0,0,245,60.0,,,,,,68.7,,,73.3,0,0,0,8,52,0,0,5,1
Christian Hamilton,170105,WR,N CAROLINA,2,0,0,245,,,,,,,61.4,57.7,,68.9,0,0,0,0,0,0,0,6,0
Tom Maginness,170108,P,N CAROLINA,8,0,0,245,,,,,,,62.5,,72.7,72.8,0,0,0,0,0,0,34,0,0
Michael Short,170110,LB,N CAROLINA,13,0,0,245,,,,,,,67.2,,,72.4,0,0,0,0,0,65,0,0,0
Tyler Thompson,170111,ED,N CAROLINA,1,0,0,245,,,,,,,60.0,,,62.8,0,0,0,0,1,0,0,0,0
Braylan Lovelace,170119,LB,PITTSBURGH,11,0,0,268,60.1,,,,,,65.9,61.0,,78.7,0,0,0,16,18,61,0,27,1
Isaiah Neal,170121,DI,PITTSBURGH,1,0,0,268,59.6,,,,,,60.2,,,64.5,0,0,0,1,0,0,0,1,0
Nana Appouh,170128,DI,VIRGINIA,2,0,0,335,,,60.8,,,,61.9,,,63.0,0,0,10,0,0,0,0,0,0
Teegan Davis,170147,CB,IOWA,1,0,0,192,,,,,,,60.2,,,65.0,0,0,0,0,0,0,0,3,0
Nolan DeLong,170148,LB,IOWA,1,0,0,192,,,,,,,60.4,,,65.1,0,0,0,0,2,0,0,0,0
Aidan Hall,170150,LB,IOWA,1,0,0,192,,,,,,,59.6,,,65.5,0,0,0,0,0,0,3,0,0
Ryan Kuennen,170153,ED,IOWA,1,0,0,192,,,60.0,,,,60.5,,,63.2,0,0,3,0,0,0,0,0,0
Hayden Large,170156,FB,IOWA,9,0,0,192,,,64.1,,,,74.5,,,69.3,0,0,13,0,0,36,0,0,0
Zach Lutmer,170162,S,IOWA,2,0,0,192,,,,,,,60.3,,,65.8,0,0,0,0,2,0,1,0,0
John Nestor,170169,S,IOWA,10,1,0,192,60.0,,,,,,75.6,,,83.5,0,0,0,1,33,35,32,41,2
Anterio Thompson,170176,DI,IOWA,7,0,0,192,,,,,,,92.2,,,76.6,0,0,0,0,0,0,0,41,0
Rusty VanWetzinga IV,170177,FB,IOWA,1,0,0,192,,,,,,,60.4,,,63.7,0,0,0,0,0,0,6,0,0
Caleb Atogho,170181,CB,MARYLAND,1,0,0,215,,,,,,,64.0,,,72.4,0,0,0,0,0,0,0,6,0
Ezekiel Avit,170183,HB,MARYLAND,1,0,0,215,,,,,,,63.7,,,70.6,0,0,0,0,0,1,0,6,0
Gottlieb Ayedze,170184,T,MARYLAND,1,0,0,215,,,60.0,,,,60.8,,,66.7,0,0,3,0,0,0,0,0,0
Tamarcus Cooley,170189,CB,MARYLAND,5,0,0,215,,,,,,,64.6,,,69.2,0,0,0,0,3,1,0,12,0
Dillan Fontus,170192,DI,MARYLAND,13,0,0,215,59.0,,75.7,,,,64.3,,,66.9,0,0,62,3,0,0,0,0,0
Dylan Gooden,170193,ED,MARYLAND,2,1,0,215,59.7,,,,,,70.9,,,65.6,0,0,0,1,4,0,0,0,0
Michael Harris,170194,LB,MARYLAND,9,0,0,215,59.9,,,,,,65.1,,,71.9,0,0,0,2,44,11,0,0,1
Lavon Johnson,170195,DI,MARYLAND,4,0,0,215,58.6,,,,,,58.6,,,64.2,0,0,0,5,0,0,0,0,0
Alex Moore,170199,S,MARYLAND,2,0,1,215,59.8,,,,,,29.9,,,25.5,0,1,0,2,0,5,0,0,0
DJ Samuels,170205,ED,MARYLAND,3,0,0,215,,,,,,,51.9,,,66.4,0,0,0,0,10,0,0,0,0
AJ Szymanski,170206,TE,MARYLAND,2,0,0,215,,,60.0,,,,74.4,,,64.4,0,0,5,0,0,3,2,0,1
Kevis Thomas,170207,CB,MARYLAND,1,0,0,215,60.0,,,,,,60.0,,,64.6,0,0,0,1,0,0,0,0,0
Dylan Wade,170208,TE,MARYLAND,11,0,0,215,,,,,,,63.0,,,75.3,0,0,0,0,60,7,6,3,1
Daniel Wingate,170212,LB,MARYLAND,13,0,0,215,60.1,,,,,,59.4,,,82.7,0,0,0,2,60,37,1,39,1
Braeden Wisloski,170213,WR,MARYLAND,13,0,0,215,,,,66.4,,,61.6,,,69.0,0,0,0,0,11,54,1,23,0
Tristan Alvano,170214,K,NEBRASKA,12,0,0,238,,75.0,,,64.5,,62.7,,,72.8,0,0,42,0,35,0,0,0,0
Dwight Bootle,170218,CB,NEBRASKA,1,0,0,238,,,,,,,61.2,,,66.3,0,0,0,0,5,0,0,2,0
Malachi Coleman,170221,WR,NEBRASKA,1,0,0,238,,,,,,,60.0,,,64.7,0,0,0,0,0,0,0,1,0
Cayden Echternach,170224,TE,NEBRASKA,1,0,0,238,,,,,,,57.0,,,65.5,0,0,0,0,0,3,0,0,0
Gunnar Gottula,170227,T,NEBRASKA,4,0,0,238,,,62.5,,,,62.5,,,67.1,0,0,12,0,0,0,0,0,0
Kwinten Ives,170228,HB,NEBRASKA,3,0,0,238,,,,57.1,,,60.0,,,62.6,0,0,0,0,0,9,0,0,0
Sua Lefotu,170231,DI,NEBRASKA,2,0,0,238,58.7,,,,,,58.6,,,64.2,0,0,0,6,0,0,0,0,0
Cameron Lenhardt,170232,ED,NEBRASKA,8,0,0,238,58.0,,,,,,58.7,,,69.9,0,0,0,24,0,0,9,3,0
Jaylen Lloyd,170233,WR,NEBRASKA,1,0,0,238,,,,,,,60.5,,,66.4,0,0,0,0,0,0,0,7,0
Ethan Nation,170235,CB,NEBRASKA,6,0,0,238,,,,,,,62.0,27.7,,70.0,0,0,0,0,0,0,0,19,0
Rahmir Stewart,170243,CB,NEBRASKA,1,0,0,238,,,,,,,60.0,,,65.2,0,0,0,0,0,0,0,2,0
Princewill Umanmielen,170245,ED,NEBRASKA,5,0,0,238,59.2,,,,,,61.2,,,67.2,0,0,0,6,0,0,0,5,0
Riley Van Poppel,170246,DI,NEBRASKA,6,0,0,238,58.9,,,,,,59.4,,,65.6,0,0,0,7,0,0,9,0,0
Malik Hartford,170252,S,OHIO STATE,11,0,0,260,60.1,,,,,,59.2,,,74.5,0,0,0,5,10,7,0,39,0
Brandon Inniss,170255,WR,OHIO STATE,12,0,0,260,,,,,,,67.1,60.3,,77.0,0,0,0,0,7,37,0,22,0
Jermaine Mathews Jr.,170257,CB,OHIO STATE,12,1,0,260,60.0,,,,,,63.9,,,29.4,0,1,0,6,56,0,6,23,3
Kayden McDonald,170258,DI,OHIO STATE,1,0,0,260,,,,,,,60.0,,,64.1,0,0,0,0,0,0,0,1,0
Luke Montgomery,170261,T,OHIO STATE,6,0,0,260,,,69.4,,,,63.5,,,64.7,0,0,27,0,0,0,0,0,0
Arvell Reese,170264,LB,OHIO STATE,8,0,0,260,,,,,,,73.2,,,74.4,0,0,0,0,22,16,0,15,0
Calvin Simpson-Hunt,170270,CB,OHIO STATE,5,0,0,260,59.9,,,,,,40.9,,,27.1,0,2,0,1,28,0,7,19,0
Carnell Tate,170273,WR,OHIO STATE,13,0,0,260,,,,61.8,,,66.1,,,74.1,0,0,0,0,17,41,0,44,0
Jelani Thurman,170274,TE,OHIO STATE,3,0,0,260,,,60.0,,,,62.0,,,65.3,0,0,4,0,0,0,0,2,0
Alex Birchmeier,170276,T,PENN STATE,1,0,0,266,,,64.8,,,,62.4,,,62.5,0,0,9,0,0,0,0,0,0
Ty Blanding,170277,DI,PENN STATE,1,0,0,266,,,,,,,59.8,,,64.7,0,0,0,0,0,0,0,1,0
Kolin Dinkins,170280,CB,PENN STATE,12,0,0,266,,,,,,,46.8,,,81.4,0,2,0,0,72,6,0,48,1
Kaveion Keys,170285,LB,PENN STATE,3,1,0,266,,,,,,,69.3,,,66.4,0,0,0,0,1,0,0,2,0
Jameial Lyons,170286,ED,PENN STATE,4,0,0,266,59.6,,,,,,60.7,,,64.8,0,0,0,3,0,0,0,3,0
King Mack,170287,S,PENN STATE,13,0,0,266,59.7,,,,,,66.5,,,78.1,0,0,0,1,76,0,0,31,0
Da'Karri Nelson,170290,S,PENN STATE,1,0,0,266,,,,,,,60.9,,,67.3,0,0,0,0,0,0,0,3,0
Lamont Payne Jr.,170292,CB,PENN STATE,2,0,0,266,,,,,,,60.3,,,66.1,0,0,0,0,0,3,0,1,0
Ta'Mere Robinson,170295,LB,PENN STATE,2,0,0,266,,,,,,,67.8,,,62.1,0,0,0,0,1,0,0,1,1
Tony Rojas,170297,LB,PENN STATE,13,1,0,266,60.0,,,,,,68.5,,,83.1,1,0,0,2,85,0,6,71,1
Zion Tracy,170301,CB,PENN STATE,13,0,0,266,59.7,,,,,,69.7,,,73.5,0,0,0,6,79,1,1,9,2
Elliot Washington II,170303,CB,PENN STATE,10,0,0,266,59.9,,,,,,76.1,,,78.0,0,0,0,1,49,0,29,2,3
Ja'shon Benjamin,170306,HB,RUTGERS,1,0,0,278,,,,58.9,,,60.0,,,61.8,0,0,0,0,0,3,0,0,0
Jake Eldridge,170310,LS,RUTGERS,9,0,0,278,,,25.5,,,0.0,30.4,,,64.0,0,0,41,0,0,0,5,0,0
Davoun Fuse,170311,WR,RUTGERS,6,0,0,278,,,,,,,59.3,,,67.7,0,0,0,0,23,3,0,0,2
Bryce Kissi,170312,WR,RUTGERS,3,0,0,278,,,,,,,68.8,,,70.6,0,0,0,0,12,0,0,9,1
Bo Mascoe,170313,CB,RUTGERS,1,0,0,278,,,,,,,60.2,,,66.7,0,0,0,0,0,0,2,3,0
Jesse Ofurie,170314,WR,RUTGERS,2,0,0,278,,,,,,,62.1,,,66.5,0,0,0,0,0,2,0,4,0
Lance Rice,170316,LB,RUTGERS,1,0,0,278,,,,,,,62.6,,,70.5,0,0,0,0,8,0,0,3,0
Ian Strong,170319,WR,RUTGERS,10,0,0,278,,,,,,,67.4,,,72.0,0,0,0,0,42,5,0,5,1
Abram Wright,170320,LB,RUTGERS,5,0,0,278,,,,,,,60.3,,,71.7,0,0,0,0,1,16,0,2,0
Jace Arnold,170321,CB,WISCONSIN,4,0,0,349,,,,,,,62.8,,,73.2,0,0,0,0,0,0,0,15,0
Jonas Duclona,170322,CB,WISCONSIN,12,0,0,349,59.7,,,,,,62.1,,,74.7,0,0,0,3,0,28,0,39,0
Tyler Jansey,170323,LB,WISCONSIN,4,0,0,349,,,,,,,32.0,,,68.6,0,0,0,0,18,6,0,0,2
Braedyn Moore,170326,S,WISCONSIN,4,0,0,349,,,,,,,70.3,,,72.1,0,0,0,0,0,9,0,15,0
Ashlynd Barker,170330,S,FLORIDA ST,14,1,0,167,60.0,,,,,,65.2,,,48.7,1,1,0,3,91,8,0,26,2
Dylan Brown-Turner,170333,LB,FLORIDA ST,1,0,0,167,,,,,,,60.0,,,62.5,0,0,0,0,0,0,0,1,0
Grant Fielder,170334,ED,FLORIDA ST,1,0,0,167,60.0,,,,,,60.0,,,62.9,0,0,0,1,0,0,0,0,0
Lamont Green Jr.,170337,ED,FLORIDA ST,2,0,0,167,60.0,,,,,,60.1,,,62.6,0,0,0,1,0,0,2,0,0
Donny Hiebert,170338,S,FLORIDA ST,14,1,0,167,59.9,,,,,,66.4,,,84.8,0,1,0,1,76,35,36,50,5
Destyn Hill,170339,WR,FLORIDA ST,5,0,0,167,,,,58.4,,,63.9,,,70.0,0,0,0,0,2,6,0,7,0
Conrad Hussey,170340,S,FLORIDA ST,11,0,0,167,59.9,,,,,,68.2,,,73.7,0,0,0,5,29,2,21,12,2
Vandrevius Jacobs,170341,WR,FLORIDA ST,1,0,0,167,,,,,,,66.0,,,65.4,0,0,0,0,0,0,0,2,0
Quindarrius Jones,170342,CB,FLORIDA ST,6,0,0,167,59.8,,,,,,65.1,,,74.9,0,0,0,8,9,3,5,19,0
Jaden Jones,170343,ED,FLORIDA ST,3,0,0,167,60.0,,,,,,61.1,,,64.8,0,0,0,3,0,0,0,2,0
Edwin Joseph,170344,CB,FLORIDA ST,2,0,0,167,,,,,,,60.0,,,64.8,0,0,0,0,0,2,1,0,0
K.J. Kirkland,170345,S,FLORIDA ST,5,0,0,167,60.0,,,,,,65.0,,,73.0,0,0,0,2,0,16,0,21,0
Blake Nichelson,170350,LB,FLORIDA ST,14,0,0,167,60.0,,,,,,62.7,,,82.8,1,0,0,4,78,17,4,57,1
Ja'Bril Rawls,170353,CB,FLORIDA ST,3,0,0,167,60.0,,,,,,61.1,,,67.7,0,0,0,3,0,0,0,2,0
KJ Sampson,170354,DI,FLORIDA ST,3,0,0,167,59.3,,,,,,59.9,,,64.1,0,0,0,3,0,0,0,1,0
DeMarco Ward,170359,LB,FLORIDA ST,2,0,0,167,60.0,,,,,,60.9,,,64.2,0,0,0,1,2,0,0,1,0
Hykeem Williams,170360,WR,FLORIDA ST,7,0,0,167,,,,,,,66.2,,,69.5,0,0,0,0,0,32,0,1,0
KC Concepcion,170362,WR,NC STATE,3,0,0,248,,,,,,,59.9,,,64.5,0,0,0,0,0,3,0,0,0
Keyaan Abdul-Rahim,170364,LB,NC STATE,1,0,0,248,,,,,,,60.0,,,62.3,0,0,0,0,1,0,0,0,0
Kamal Bonner,170366,ED,NC STATE,4,0,0,248,,,,,,,63.8,,,73.2,0,0,0,0,22,0,0,9,1
Foster Burt,170367,CB,NC STATE,1,0,0,248,,,,,,,61.5,,,65.9,0,0,0,0,0,0,0,4,0
Brandon Cisse,170368,S,NC STATE,12,0,1,248,60.0,,,,,,62.8,,,30.0,0,1,0,2,22,0,0,55,0
Red Hibbler,170370,ED,NC STATE,7,0,0,248,59.3,,,,,,60.4,,,66.0,0,0,0,6,0,0,0,2,0
Terrente Hinton,170371,CB,NC STATE,12,0,0,248,59.7,,,,,,56.3,,,77.6,1,0,0,9,42,0,0,41,0
Reid Mitchell,170375,TE,NC STATE,1,0,0,248,,,60.0,,,,71.1,,,62.1,0,0,4,0,0,5,0,0,0
Zack Myers,170376,S,NC STATE,4,0,0,248,,,,,,,51.2,,,73.2,1,0,0,0,16,12,4,12,0
Kendrick Raphael,170378,HB,NC STATE,5,0,0,248,,,,59.6,,,64.2,,,71.3,0,0,0,0,2,3,0,16,0
Isaiah Shirley,170380,TE,NC STATE,4,0,0,248,,,,,,,64.0,,,71.1,0,0,0,0,0,0,0,17,0
David Clement,170384,TE,SYRACUSE,7,0,0,304,,,,,,,84.5,,,68.7,0,0,0,0,0,45,0,0,0
Ike Daniels,170385,HB,SYRACUSE,1,0,0,304,,,,56.8,,,60.1,,,62.5,0,0,0,0,0,8,0,0,0
David Omopariola,170386,LB,SYRACUSE,1,0,0,304,,,,,,,60.0,,,63.6,0,0,0,0,1,0,0,0,0
Brandon Hoyle,170393,DI,WAKE,1,0,0,339,,,,,,,60.0,,,63.7,0,0,0,0,0,1,0,0,0
Hank Lucas,170394,C,WAKE,1,0,0,339,,,,,,,60.1,,,62.6,0,0,0,0,0,0,2,0,0
Quaylen Hill,170401,DI,FIU,12,0,0,166,59.8,,75.2,,,,61.9,,,68.2,0,0,39,1,0,21,43,1,0
Jamari Holliman,170402,CB,FIU,1,0,0,166,,,,,,,29.2,,,64.3,0,0,0,0,7,0,0,0,0
K.D. Arnold,170407,T,JVILLE ST,11,0,0,196,,,75.5,,,,65.2,,,75.9,0,0,58,0,0,0,1,0,0
Jarod Bowie,170410,WR,JVILLE ST,2,0,0,196,,,,,,,60.0,,,63.7,0,0,0,0,0,2,0,0,0
Caden Creel,170414,QB,JVILLE ST,1,0,0,196,,,,,,,60.0,,,64.9,0,0,0,0,0,1,0,0,0
Dajwon DeLoach,170416,LB,JVILLE ST,12,1,0,196,,,,,,,53.4,,,28.4,0,2,0,0,40,52,0,28,0
Aghogho Eyafe,170418,WR,JVILLE ST,3,0,0,196,,,,,,,60.4,,,65.8,0,0,0,0,0,11,0,0,0
Travis Franklin Jr.,170420,S,JVILLE ST,10,0,0,196,,,,60.0,,,61.8,,,72.6,1,0,0,0,54,17,0,3,3
Cam Griffin,170422,G,JVILLE ST,13,0,0,196,,,78.8,,,,66.7,,,74.7,0,0,70,0,0,0,0,0,0
Daveion Harley,170423,G,JVILLE ST,13,0,0,196,,,79.7,,,,65.8,,,64.7,0,0,70,0,0,0,1,0,0
Geimere Latimer II,170426,CB,JVILLE ST,13,1,0,196,60.0,,,,,,60.2,,,82.5,1,0,0,5,44,18,61,23,1
Xavier Morrow,170428,LB,JVILLE ST,5,0,0,196,,,,,,,61.7,,,73.0,0,0,0,0,0,25,0,0,0
Colton Pitchford,170433,WR,JVILLE ST,2,0,0,196,,,,,,,60.7,,,69.8,0,0,0,0,0,9,0,1,0
Zechariah Poyser,170434,CB,JVILLE ST,5,0,0,196,,,,,,,45.5,,,71.2,1,0,0,0,23,0,0,2,1
Garrison Rippa,170436,K,JVILLE ST,2,0,0,196,,67.1,,,58.4,,61.0,,,69.8,0,0,6,0,12,0,0,0,0
Kekoura Tarnue,170438,CB,JVILLE ST,12,0,0,196,60.0,,,,,,86.3,,,79.8,0,0,0,25,10,0,0,55,2
Aidan Thompson,170440,LB,JVILLE ST,3,0,0,196,,,,,,,60.9,,,68.0,0,0,0,0,0,6,4,0,0
Quinzavious Warren,170443,DI,JVILLE ST,1,0,0,196,59.3,,,,,,59.4,,,61.8,0,0,0,2,0,0,0,0,0
David Blay Jr.,170449,DI,LA TECH,9,0,0,208,58.6,,,,,,58.5,,,65.3,0,0,0,18,0,0,0,0,0
Zeke Durham-Campbell,170456,ED,LA TECH,10,0,0,208,59.8,,71.7,,,,63.3,,,66.0,0,0,39,12,0,0,0,0,0
Jacob Fields,170457,HB,LA TECH,3,0,0,208,,,,,,,77.3,,,67.0,0,0,0,0,2,0,0,12,0
Eli Finley,170458,TE,LA TECH,11,0,0,208,,,64.2,59.6,,,66.9,,,75.2,0,0,15,0,0,66,3,8,1
Cam Hill,170461,CB,LA TECH,1,0,0,208,,,,,,,60.7,,,65.3,0,0,0,0,3,0,1,0,0
Dedrick Latulas,170463,WR,LA TECH,10,0,0,208,,,,59.4,,,64.6,61.9,,73.4,0,0,0,0,1,2,0,40,0
Obinna Okeke,170464,DI,LA TECH,1,0,0,208,,,,,,,60.5,,,72.4,0,0,0,0,2,0,0,0,0
Michael Richard,170466,CB,LA TECH,12,0,0,208,60.0,,,,,,64.1,,,84.5,0,0,0,30,9,5,35,55,1
Dakota Williams,170475,HB,LA TECH,12,1,0,208,,,,,,,77.6,,,84.7,0,0,0,0,32,71,32,53,0
Keith Willis Jr.,170476,HB,LA TECH,3,0,0,208,,,,,,,59.9,,,67.0,1,0,0,0,11,0,0,0,0
Raymond Banner,170477,HB,MIDDLE TN,3,0,0,224,,,,,,,60.6,,,66.7,0,0,0,0,1,10,0,1,0
Sam Brumfield,170479,LB,MIDDLE TN,12,0,0,224,60.2,,,,,,48.7,,,72.5,0,0,0,34,43,3,0,14,3
Anthony Bynum,170480,ED,MIDDLE TN,2,0,0,224,,,,,,,62.3,,,70.4,0,0,0,0,5,6,0,0,0
Ethan Crite,170482,WR,MIDDLE TN,2,0,0,224,,,,,,,60.2,,,67.9,0,0,0,0,0,3,2,0,0
James Jackson III,170483,S,MIDDLE TN,2,0,0,224,,,,,,,60.3,,,64.4,0,0,0,0,1,0,0,1,0
Markel James,170484,LB,MIDDLE TN,1,0,0,224,,,,,,,51.4,,,64.6,0,0,0,0,5,1,0,0,0
Cam'ron Lacy,170486,WR,MIDDLE TN,2,0,0,224,,,,,,,59.9,,,65.9,0,0,0,0,0,4,2,0,0
Jekail Middlebrook,170487,HB,MIDDLE TN,4,0,0,224,,,,,,,68.2,,,72.4,0,0,0,0,14,6,10,0,2
Jordan Thompson,170491,LB,MIDDLE TN,3,1,0,224,,,,,,,72.6,,,67.9,0,0,0,0,8,9,0,0,0
Romal Webb Jr.,170492,HB,MIDDLE TN,2,0,0,224,,,,,,,60.6,,,65.8,0,0,0,0,4,6,0,0,0
Simon Wilson,170493,C,MIDDLE TN,12,0,0,224,,,76.2,,,,55.1,,,27.4,0,1,51,0,0,0,0,1,0
Shakai Woods,170495,DI,MIDDLE TN,1,0,0,224,59.5,,,,,,59.7,,,62.4,0,0,0,2,0,0,0,0,0
Da'Marcus Crosby II,170496,S,SM HOUSTON,12,1,0,281,60.1,,,,,,60.1,,,70.2,0,0,0,50,20,0,0,3,1
Easton Fulton,170498,G,SM HOUSTON,4,0,0,281,,,60.0,,,,61.0,,,65.8,0,0,2,0,0,0,12,0,0
Dakerric Hobbs,170500,CB,SM HOUSTON,12,0,0,281,72.7,,,,,,70.5,,,76.2,1,0,0,41,11,0,5,10,0
Graceson Jackson-Smith,170502,T,SM HOUSTON,1,0,0,281,,,,,,,60.0,,,63.3,0,0,0,0,0,0,1,0,0
William McCollum,170503,G,SM HOUSTON,8,0,0,281,,,73.8,,,,65.0,,,72.1,0,0,36,0,0,0,0,0,0
Malik Phillips,170505,WR,SM HOUSTON,10,0,0,281,,,,54.9,,,58.6,,,64.6,0,0,0,0,0,51,2,0,0
Stefan Cameron,170508,CB,UTEP,12,0,0,330,,,,,,,75.7,,,50.9,2,1,0,0,50,0,15,42,4
Judah Ezinwa,170510,TE,UTEP,2,0,0,330,,,,,,,52.3,,,68.3,0,0,0,0,7,3,0,2,0
Javoni Gardere,170512,WR,UTEP,2,0,0,330,,,,57.4,,,88.3,60.0,,64.1,0,0,0,0,0,10,0,1,0
KD Johnson,170513,DI,UTEP,10,0,0,330,58.7,,,,,,66.0,,,66.9,0,0,0,11,0,0,30,0,1
Dimitri Madden,170514,DI,UTEP,1,0,0,330,59.0,,,,,,59.7,,,64.4,0,0,0,2,0,0,0,1,0
Oscar Moore,170515,S,UTEP,11,0,0,330,59.8,,,,,,55.7,,,72.3,1,0,0,27,15,0,16,10,1
Josh Phillips,170517,LB,UTEP,3,0,0,330,,,,,,,74.8,,,72.5,0,0,0,0,4,17,0,10,0
Kanious Vaughn,170520,ED,UTEP,7,0,0,330,59.2,,,,,,61.0,,,73.0,0,0,0,9,0,0,0,3,0
Marcus Vinson,170521,TE,UTEP,12,0,0,330,,,,,,,66.6,,,73.5,0,0,0,0,0,65,0,0,0
Matt Wann,170522,ED,UTEP,3,1,0,330,,,,,,,67.9,,,65.3,0,0,0,0,6,1,0,0,0
Carlos Alvarado,170954,K,ARMY,1,0,0,114,,60.0,,,,,60.0,,,62.5,0,0,2,0,0,0,0,0,0
Tay Andrews,170955,WR,ARMY,1,0,0,114,,,,,,,57.3,,,64.8,0,0,0,0,0,2,0,0,0
David Clerk,170967,WR,ARMY,1,0,0,114,,,,,,,44.5,,,66.7,0,0,0,0,5,0,0,0,1
David Dunston,170970,LB,ARMY,1,0,0,114,,,,,,,60.2,,,66.7,0,0,0,0,0,6,0,0,0
Dylan Faniel,170974,DI,ARMY,1,0,0,114,60.0,,,,,,60.0,,,62.9,0,0,0,1,0,0,0,0,0
Samari Howard,170984,WR,ARMY,1,1,0,114,,,,,,,68.8,,,63.9,0,0,0,0,1,0,0,0,0
Tano Letuli,170988,LB,ARMY,11,0,0,114,60.1,,,,,,70.5,,,68.6,0,0,0,4,47,0,0,0,2
Elo Modozie,170992,ED,ARMY,11,0,0,114,59.7,,,,,,69.3,60.0,,78.8,0,0,0,19,48,0,0,30,1
Baylor Newsom,170996,LB,ARMY,1,0,0,114,,,,,,,60.0,,,62.5,0,0,0,0,0,0,0,1,0
Stephen Nnadozie,170998,CB,ARMY,1,0,0,114,,,,,,,67.0,,,66.4,0,0,0,0,0,0,1,2,0
Tobi Olawole,170999,WR,ARMY,7,0,0,114,,,,,,,62.2,,,73.6,0,0,0,0,0,26,0,17,0
Jordan Owens,171001,HB,ARMY,1,0,0,114,,,,,,,60.0,,,67.5,0,0,0,0,0,0,0,1,0
Parker Poloskey,171004,TE,ARMY,1,0,0,114,,,,,,,60.0,,,61.1,0,0,0,0,0,1,0,0,0
Seth Reece,171008,TE,ARMY,3,0,0,114,,,61.5,,,,62.1,,,64.4,0,0,11,0,0,0,0,0,0
Jake Rendina,171009,FB,ARMY,1,0,0,114,,,,,,,60.0,,,62.4,0,0,0,0,1,0,0,0,0
Joseph Stephens,171018,CB,ARMY,2,0,0,114,,,,,,,63.4,,,68.9,0,0,0,0,0,0,0,6,0
Toby Thompson,171021,TE,ARMY,1,0,0,114,,,,,,,62.1,,,67.2,0,0,0,0,0,0,0,5,0
Kanye Udoh,171024,HB,ARMY,1,0,0,114,,,,,,,60.0,,,90.7,0,0,0,0,0,0,0,1,0
Parker Williams,171029,WR,ARMY,1,0,0,114,,,,,,,59.6,,,64.9,0,0,0,0,0,4,0,0,0
Carter Boskovich,171034,CB,UCONN,1,0,0,146,,,,,,,60.0,,,64.6,0,0,0,0,1,0,0,0,0
Cam Chadwick Jr.,171036,S,UCONN,4,0,0,146,,,,,,,60.5,,,71.1,0,0,0,0,3,19,0,11,0
Oumar Diomande,171041,LB,UCONN,4,0,0,146,,,,,,,63.5,,,71.6,0,0,0,0,11,7,0,14,0
Bryan Domino,171042,HB,UCONN,9,0,0,146,,,,50.4,,,69.6,,,68.8,0,0,0,0,0,40,0,20,0
Jackson Harper,171048,WR,UCONN,2,0,0,146,,,,,,,61.5,,,68.3,0,0,0,0,0,19,0,4,0
Chris Hudson,171050,CB,UCONN,9,2,0,146,59.7,,,,,,57.9,,,30.1,3,1,0,4,38,13,38,21,5
John Neider,171057,WR,UCONN,2,0,0,146,,,,,,,73.9,,,66.8,0,0,0,0,0,5,0,6,0
Amir Renwick,171059,LB,UCONN,4,0,0,146,,,,,,,43.6,,,77.2,0,1,0,0,12,22,0,20,0
Quintin Fowler,171067,C,NEW MEX ST,1,0,0,242,,,,,,,60.1,,,63.1,0,0,0,0,0,0,2,0,0
Gabriel Iniguez Jr.,171068,DI,NEW MEX ST,8,0,0,242,59.1,,,,,,59.1,,,66.8,0,0,0,19,0,1,0,2,0
Shamarr Jackson,171069,G,NEW MEX ST,3,0,0,242,,,62.0,,,,62.1,,,63.6,0,0,12,0,0,0,0,0,0
Jordan Smith,171071,WR,NEW MEX ST,6,0,0,242,,,,,,,59.4,72.5,,74.3,0,0,0,0,0,29,0,17,0
Zy'ier Thornton,171073,ED,NEW MEX ST,2,0,0,242,60.0,,,,,,60.1,,,63.6,0,0,0,2,0,0,0,0,0
Jaiden Ausberry,171075,LB,NOTRE DAME,5,1,0,258,,,,,,,61.6,,,71.2,0,0,0,0,22,4,0,14,0
Drayk Bowen,171077,LB,NOTRE DAME,12,0,0,258,59.9,,,,,,79.9,,,80.3,1,0,0,3,83,46,2,27,3
Dylan Devezin,171078,QB,NOTRE DAME,4,0,0,258,,,64.6,,,,61.6,,,61.0,0,0,31,0,0,0,0,0,0
Marcello Diomede,171079,K,NOTRE DAME,1,0,0,258,,60.0,,,60.1,,60.0,,,64.2,0,0,1,0,1,0,0,0,0
Isaiah Dunn,171080,CB,NOTRE DAME,1,0,0,258,,,,,,,60.0,,,66.0,0,0,0,0,0,0,0,1,0
Jordan Faison,171081,WR,NOTRE DAME,5,0,0,258,,,,,,,61.6,89.2,,67.0,0,0,0,0,0,2,0,18,0
Cooper Flanagan,171082,TE,NOTRE DAME,13,0,0,258,,,63.4,,,,72.0,,,69.1,0,0,12,0,0,48,0,0,0
Rico Flores Jr.,171083,WR,NOTRE DAME,4,0,0,258,,,,,,,54.9,,,68.4,0,0,0,0,2,14,0,0,0
Jaden Greathouse,171085,WR,NOTRE DAME,1,0,0,258,,,,,,,60.0,,,61.1,0,0,0,0,0,1,0,0,0
Charles Jagusah,171087,T,NOTRE DAME,1,0,0,258,,,60.0,,,,61.4,,,63.3,0,0,7,0,0,0,0,0,0
Jeremiyah Love,171090,HB,NOTRE DAME,10,1,0,258,,,,59.6,,,65.8,,,70.6,2,0,0,0,0,8,21,0,2
Ben Minich,171092,S,NOTRE DAME,1,0,0,258,,,,,,,60.0,,,63.9,0,0,0,0,1,0,0,0,0
Kobi Onyiuke,171094,DI,NOTRE DAME,1,0,0,258,,,,,,,60.0,,,62.2,0,0,0,0,0,1,0,0,0
Adon Shuler,171098,S,NOTRE DAME,4,0,0,258,60.0,,,,,,61.7,,,70.0,0,0,0,1,21,0,0,8,1
Luke Talich,171100,S,NOTRE DAME,9,2,0,258,,,,,,,74.8,,,74.8,0,0,0,0,47,0,0,19,1
Boubacar Traore,171102,ED,NOTRE DAME,1,0,0,258,,,,,,,60.0,,,63.5,0,0,0,0,0,0,0,1,0
Preston Zinter,171105,LB,NOTRE DAME,4,0,0,258,59.9,,,,,,63.2,,,69.2,0,0,0,1,6,0,0,3,0
MarKendrick Beall,171195,G,SM HOUSTON,5,0,0,281,,,60.3,,,,59.0,,,67.3,0,0,5,0,0,0,2,0,0
Trevor Brock,171197,G,BUFFALO,10,0,0,126,,,71.1,,,,64.7,,,74.2,0,0,32,0,0,0,0,0,0
Messiah Burch,171198,WR,BUFFALO,1,0,0,126,,,,,,,61.7,,,64.2,0,0,0,0,5,0,0,0,0
Dion Crawford,171199,LB,BUFFALO,11,0,0,126,60.1,,,,,,52.6,,,29.6,0,1,0,11,14,28,49,11,1
Devonyal Lofton,171205,ED,BUFFALO,11,0,0,126,59.1,,,,,,55.8,,,70.5,1,0,0,12,21,11,0,4,1
Charles McCartherens,171206,CB,BUFFALO,12,0,0,126,60.2,,,,,,63.7,,,74.0,0,0,0,38,5,0,0,14,0
Jamiere Munson,171207,S,BUFFALO,3,0,0,126,,,,,,,47.2,,,70.2,0,0,0,0,9,0,0,4,0
Qua Sanders,171212,WR,BUFFALO,1,0,0,126,,,,,,,57.3,,,67.0,0,0,0,0,0,3,0,0,0
Andrew Schnackenberg,171213,TE,BUFFALO,9,0,0,126,,,68.5,59.1,,,72.0,,,71.6,0,0,24,0,0,54,3,0,0
Lamar Sperling,171214,HB,BUFFALO,1,0,0,126,,,,,,,59.7,,,66.4,0,0,0,0,0,2,2,0,0
Mitch Viviano,171216,TE,BUFFALO,2,0,0,126,,,,,,,44.3,,,70.5,0,0,0,0,0,12,0,0,0
Jacob Booth,171222,T,C MICHIGAN,3,0,0,134,,,64.1,,,,62.5,,,68.6,0,0,11,0,0,0,0,0,0
Evan Boyd,171223,WR,C MICHIGAN,2,0,0,134,,,,,,,45.6,,,70.8,0,0,0,0,0,7,0,0,0
Mark-Allen Gay,171229,S,C MICHIGAN,1,0,0,134,,,,,,,61.0,,,63.9,0,0,0,0,5,0,0,0,0
Keshawn Hayden,171230,ED,C MICHIGAN,2,0,0,134,60.0,,,,,,60.1,,,63.0,0,0,0,2,0,0,0,0,0
Germanuel Tanelus,171243,HB,C MICHIGAN,3,0,0,134,,,,,,,59.4,,,72.6,0,0,0,0,0,5,0,9,0
Nathan VanTimmeren,171245,TE,C MICHIGAN,4,0,0,134,,,,,,,77.4,,,66.9,0,0,0,0,0,2,0,8,0
Troy Wertman,171247,WR,C MICHIGAN,1,0,0,134,,,,,,,61.1,,,70.2,0,0,0,0,0,0,0,3,0
Javorian Wimberly,171248,WR,C MICHIGAN,9,0,0,134,,,,59.9,,,61.2,64.2,,66.7,0,0,0,0,0,2,0,34,0
Sayed Abuhamdeh,171249,LB,KENT STATE,3,0,0,201,60.1,,,,,,61.3,,,66.0,0,0,0,13,0,0,0,2,0
Matthew Beyer,171251,G,KENT STATE,2,0,0,201,,,60.0,,,,61.2,,,67.2,0,0,4,0,0,0,0,0,0
Joel Boamah,171252,CB,KENT STATE,3,0,0,201,59.8,,,,,,42.7,,,27.4,0,1,0,2,6,8,0,7,1
Trey Echols,171257,WR,KENT STATE,1,0,0,201,,,,,,,61.6,,,69.2,0,0,0,0,0,0,0,3,0
Drew Page,171263,C,KENT STATE,8,0,0,201,,,72.3,,,,63.5,,,66.5,0,0,27,0,0,0,1,0,0
Tevin Tucker,171266,S,KENT STATE,1,0,0,201,59.8,,,,,,59.9,,,61.5,0,0,0,2,0,0,0,0,0
Malcolm McCain,171282,LB,MIAMI OH,1,0,0,221,,,,,,,62.0,,,65.1,0,0,0,0,7,0,0,0,0
Christian McKinney,171284,LB,MIAMI OH,1,0,0,221,,,,,,,60.5,,,64.6,0,0,0,0,2,0,0,0,0
Kellan McLaughlin,171285,K,MIAMI OH,1,0,0,221,,60.0,,,71.7,,60.0,,,68.3,0,0,2,0,6,0,0,0,0
Christian Schomer,171289,WR,MIAMI OH,1,0,0,221,,,,,,,60.0,,,64.1,0,0,0,0,0,0,0,1,0
Raion Strader,171293,CB,MIAMI OH,13,0,0,221,60.3,,,,,,66.3,,,78.1,0,0,0,33,0,18,0,53,0
Mychal Yharbrough,171297,CB,MIAMI OH,13,0,0,221,59.9,,,,,,73.2,,,75.5,0,0,0,3,32,1,0,35,1
Gabriel Amegatcher,171298,CB,N ILLINOIS,12,0,0,254,59.3,,,,,,54.3,,,36.5,2,2,0,41,61,52,44,54,3
Santana Banner,171300,S,N ILLINOIS,5,0,0,254,60.0,,,,,,61.2,,,73.6,1,0,0,1,17,4,8,23,0
Grayson Barnes,171301,TE,N ILLINOIS,13,0,0,254,,,,61.8,,,60.0,,,84.2,0,1,0,0,1,40,0,45,0
Casey Bending,171303,ED,N ILLINOIS,1,0,0,254,59.6,,,,,,59.8,,,62.4,0,0,0,1,0,0,0,0,0
Skyler Gill-Howard,171308,DI,N ILLINOIS,9,0,0,254,58.4,,,,,,58.6,,,66.0,0,0,0,17,0,0,0,2,0
Chase Hutchinson,171314,LB,N ILLINOIS,1,0,0,254,59.7,,,,,,60.0,,,61.8,0,0,0,1,0,0,0,0,0
Nevaeh Sanders,171329,ED,N ILLINOIS,13,1,0,254,,,,,,,63.1,,,29.8,0,2,0,0,59,40,0,57,2
Kendall Bannister,171338,CB,OHIO,3,0,0,259,59.9,,,,,,55.2,,,68.9,0,0,0,1,0,0,0,7,0
Kobi Gorman,171346,DI,OHIO,4,0,0,259,58.9,,,,,,58.8,,,64.1,0,0,0,8,0,0,0,0,0
Chase Hendricks,171348,WR,OHIO,7,0,0,259,,,,,,,75.6,,,71.0,0,0,0,0,0,19,0,0,0
Alex Kasee,171352,K,OHIO,13,0,0,259,,59.7,,,60.4,,63.7,,,77.7,1,0,4,0,68,0,0,0,2
Andrew Marshall,171354,LB,OHIO,1,0,0,259,,,,,,,64.5,,,65.4,0,0,0,0,7,0,0,0,1
Tank Pearson,171357,CB,OHIO,13,0,0,259,60.2,,,63.0,,,60.9,,,77.8,2,0,0,7,68,4,13,33,7
Kadin Schmitz,171359,ED,OHIO,10,0,0,259,59.6,,,,,,43.0,,,37.5,3,1,0,6,20,25,31,0,0
Gianni Spetic,171361,K,OHIO,12,0,0,259,,69.0,,,,,61.4,,,67.3,0,0,60,0,0,0,0,0,0
Jalen Thomeson,171363,S,OHIO,10,2,0,259,,,,,,,41.3,,,29.8,1,2,0,0,48,29,25,27,3
DJ Walker,171364,S,OHIO,2,0,0,259,60.0,,,,,,60.3,,,68.4,0,0,0,1,0,0,0,2,0
Mason Williams,171367,TE,OHIO,5,0,0,259,,,68.1,,,,59.4,,,66.2,0,0,23,0,0,11,0,0,0
Julian Allen,171369,WR,TOLEDO,1,0,0,316,,,,,,,60.0,63.0,,63.6,0,0,0,0,0,0,0,3,0
Braden Awls,171370,S,TOLEDO,14,2,0,316,60.0,,,,,,67.1,,,58.7,0,1,0,2,83,57,47,7,2
Micah Cherry,171371,CB,TOLEDO,1,0,0,316,,,,,,,60.9,,,68.5,0,0,0,0,0,0,0,2,0
Drew Covington,171372,S,TOLEDO,12,0,0,316,,,,,,,79.5,,,78.2,0,0,0,0,4,52,1,38,0
Chris D'Appolonia,171373,LB,TOLEDO,12,1,0,316,,,,,,,55.7,,,80.6,1,0,0,0,51,53,7,34,4
Emilio Duran,171375,P,TOLEDO,13,0,0,316,,,60.0,,,,51.0,,52.5,29.4,0,1,2,0,0,0,54,0,0
CC Ezirim,171376,TE,TOLEDO,2,0,0,316,,,60.0,,,,60.8,,,61.3,0,0,4,0,0,0,0,0,0
Roland McGhee Jr.,171382,S,TOLEDO,3,0,0,316,,,,,,,63.9,,,71.4,0,0,0,0,1,0,0,6,0
Peyton Reasonover,171385,CB,TOLEDO,14,2,0,316,60.0,,,,,,65.5,,,29.1,1,1,0,1,37,7,1,26,5
Connor Walendzak,171392,HB,TOLEDO,13,5,0,316,,,,,,,78.2,,,82.2,4,1,0,0,70,61,47,36,7
Jediyah Willoughby,171393,WR,TOLEDO,4,0,0,316,,,,,,,59.3,,,73.0,0,0,0,0,8,6,0,11,0
Joshua Franklin,171395,WR,W MICHIGAN,6,0,0,347,,,,,,,54.4,,,29.7,1,1,0,0,0,0,18,13,2
Tre' Hartwell,171397,HB,W MICHIGAN,2,0,0,347,,,,,,,55.2,,,72.3,0,0,0,0,0,11,0,2,0
CJ Hester,171398,HB,W MICHIGAN,4,0,0,347,,,,59.6,,,62.0,,,70.1,0,0,0,0,0,7,0,6,0
Marcel Tyler,171406,ED,W MICHIGAN,9,0,0,347,59.2,,,,,,61.0,,,69.1,0,0,0,13,0,0,0,6,0
Brennan Wooten,171410,TE,W MICHIGAN,6,0,0,347,,,,,,,66.6,,,28.9,0,1,0,0,23,28,0,13,1
Donoven DeRicco,171545,CB,NEVADA,3,0,0,239,,,,,,,61.7,,,74.0,0,1,0,0,0,18,0,11,0
Andoni Fesenmaier,171546,DI,NEVADA,1,0,0,239,,,,,,,60.0,,,63.9,0,0,0,0,1,0,0,0,0
Sosefo Moeaki,171549,DI,NEVADA,9,0,0,239,57.8,,,,,,58.2,,,68.5,0,0,0,32,0,0,0,6,0
Jayden O'Rourke,171550,TE,NEVADA,1,0,0,239,,,,,,,60.0,,,62.2,0,0,0,0,0,1,0,0,0
Tanner Vaughan,171553,DI,NEVADA,2,0,0,239,59.2,,,,,,59.9,,,66.4,0,0,0,4,0,0,0,1,0
Everett Hunter,171557,TE,NEW MEXICO,4,0,0,241,,,,,,,72.0,,,69.2,0,0,0,0,0,21,0,0,0
Dorian Lewis,171559,HB,NEW MEXICO,5,0,0,241,,,,63.5,,,61.8,,,65.8,0,0,0,0,6,11,0,0,0
Hunter Rapolla,171560,ED,NEW MEXICO,11,0,0,241,58.7,,,,,,60.1,,,69.0,0,0,0,25,0,14,0,7,0
Mihalis Santorineos,171563,LB,NEW MEXICO,10,0,0,241,60.1,,,,,,60.3,,,71.2,1,0,0,24,13,0,13,7,0
Devon Smith,171564,T,NEW MEXICO,1,0,0,241,,,,,,,60.2,,,63.1,0,0,0,0,0,0,3,0,0
Desna Washington,171566,WR,NEW MEXICO,7,0,0,241,,,,,,,60.7,,,69.4,0,0,0,0,9,27,0,0,0
Tupu Alualu,171569,DI,S DIEGO ST,12,0,0,284,57.7,,,,,,57.5,,,68.3,0,0,0,38,0,0,0,2,0
Jelani McLaughlin,171572,S,S DIEGO ST,2,0,0,284,,,,,,,61.0,,,64.1,0,0,0,0,6,0,0,0,0
Gabriel Plascencia,171574,K,S DIEGO ST,4,1,0,284,,72.7,,,67.4,,61.4,,,71.2,0,0,6,0,17,0,0,0,0
Marcus Ratcliffe,171575,S,S DIEGO ST,12,0,0,284,60.0,,,,,,60.7,,,65.3,0,0,0,43,1,0,0,0,0
Taye Brown,171843,LB,ARIZONA,12,0,0,109,60.0,,,,,,62.4,,,71.8,0,0,0,1,0,43,0,1,0
Kamuela Ka'aihue,171855,LB,ARIZONA,11,1,0,109,60.0,,,,,,71.2,,,77.3,0,0,0,1,70,22,6,15,1
Arian Parish,171863,CB,ARIZONA,1,0,0,109,,,,,,,60.4,,,65.4,0,0,0,0,0,0,0,2,0
Raymond Pulido,171865,G,ARIZONA,1,0,0,109,,,,,,,60.0,,,63.3,0,0,0,0,0,0,1,0,0
Malachi Riley,171866,WR,ARIZONA,1,0,0,109,,,,,,,64.2,,,64.1,0,0,0,0,6,0,0,0,0
Genesis Smith,171868,S,ARIZONA,13,0,0,109,60.0,,,,,,58.4,,,80.4,1,0,0,1,71,5,2,41,0
Charles Yates Jr.,171874,CB,ARIZONA,5,0,0,109,60.0,,,,,,66.5,,,72.6,0,0,0,3,24,5,0,7,0
Keith Abney II,171875,CB,ARIZONA ST,8,0,0,110,,,,,,,63.5,,,71.5,0,0,0,0,12,0,0,18,0
Keontez Bradley,171877,CB,ARIZONA ST,7,0,0,110,59.9,,,,,,50.7,,,28.9,0,1,0,2,11,0,10,7,0
Josiah Cox,171878,S,ARIZONA ST,9,0,0,110,60.0,,,,,,70.5,,,76.2,0,0,0,1,30,1,3,16,1
C.J. Fite,171879,DI,ARIZONA ST,11,0,0,110,58.2,,65.1,,,,69.6,,,68.6,0,0,15,39,0,0,30,1,1
Korbin Hendrix,171880,WR,ARIZONA ST,3,0,0,110,,,,,,,54.6,,,68.7,0,0,0,0,3,0,4,0,0
Max Iheanachor,171881,T,ARIZONA ST,3,0,0,110,,,60.0,,,,57.3,,,64.8,0,0,7,0,0,0,3,0,0
Sean Na'a,171884,G,ARIZONA ST,8,0,0,110,,,70.0,,,,61.1,,,73.0,0,0,27,0,0,0,5,0,0
Elijah O'Neal,171885,ED,ARIZONA ST,12,0,0,110,59.8,,70.2,,,,52.5,,,29.9,0,1,30,2,38,50,0,7,0
Kyle Scott,171888,G,ARIZONA ST,3,0,0,110,,,66.1,,,,63.0,,,68.9,0,0,12,0,0,0,0,0,0
K'vion Thunderbird,171890,LB,ARIZONA ST,2,0,0,110,,,,,,,61.8,,,68.6,0,0,0,0,8,0,0,0,0
Montana Warren,171891,S,ARIZONA ST,3,0,0,110,60.0,,,,,,67.4,,,68.3,0,0,0,4,0,0,2,1,0
Dylan Edwards,171893,HB,COLORADO,12,0,0,143,,,,52.0,,,60.5,72.5,,66.2,0,0,0,0,0,50,0,4,0
Isaiah Hardge,171894,WR,COLORADO,3,0,0,143,,,,,,,67.4,,,68.1,0,0,0,0,0,0,0,11,0
Adam Hopkins IV,171895,CB,COLORADO,2,0,0,143,,,,,,,73.3,,,28.4,0,1,0,0,12,5,5,2,3
Isaiah Jatta,171896,T,COLORADO,10,0,0,143,,,74.2,,,,65.7,,,75.7,0,0,47,0,0,0,0,0,0
Victory Johnson,171897,LB,COLORADO,1,0,0,143,,,,,,,61.1,,,65.3,0,0,0,0,3,0,0,0,0
Kaleb Mathis,171898,WR,COLORADO,11,2,0,143,,,,60.0,,,51.4,,,69.3,1,0,0,0,55,13,0,0,1
Cormani McClain,171899,CB,COLORADO,9,0,0,143,59.5,,,,,,62.3,,,71.9,0,0,0,23,0,0,4,19,0
Taje McCoy,171900,ED,COLORADO,4,0,0,143,,,,,,,42.1,,,69.3,1,0,0,0,7,0,0,6,0
Omarion Miller,171901,WR,COLORADO,2,0,0,143,,,,,,,59.9,,,66.5,0,0,0,0,1,0,2,0,0
Jaden Milliner-Jones,171902,CB,COLORADO,12,0,0,143,59.7,,,,,,66.7,,,64.7,3,1,0,12,62,33,69,27,5
Jordan Onovughe,171903,WR,COLORADO,4,0,0,143,,,,,,,43.3,,,28.0,0,1,0,0,0,27,6,0,0
Carter Stoutmire,171907,CB,COLORADO,9,0,0,143,90.1,,,,,,80.3,,,81.5,2,0,0,39,9,14,13,24,0
Kofi Taylor-Barrocks,171908,LB,COLORADO,1,0,0,143,,,,,,,60.0,,,62.2,0,0,0,0,0,1,0,0,0
Asaad Waseem,171909,WR,COLORADO,2,0,0,143,,,,59.1,,,57.8,,,67.5,0,0,0,0,1,15,0,0,0
Hank Zilinskas,171911,C,COLORADO,8,0,0,143,,,71.6,,,,59.5,,,71.2,0,0,38,0,0,0,30,0,0
Deven Bryant,171914,LB,WASHINGTON,4,0,0,340,60.0,,,,,,57.8,,,66.0,0,0,0,1,1,3,0,1,0
Leroy Bryant,171915,CB,WASHINGTON,7,0,0,340,59.8,,,,,,65.7,,,67.6,0,0,0,3,43,0,0,0,1
Landen Hatchett,171924,C,WASHINGTON,9,0,0,340,,,77.3,,,,65.4,,,64.2,0,0,51,0,0,0,0,0,0
Zach Henning,171925,G,WASHINGTON,1,0,0,340,,,60.0,,,,60.0,,,63.4,0,0,1,0,0,0,0,0,0
Vincent Holmes,171926,S,WASHINGTON,5,0,0,340,,,,,,,48.8,,,74.1,1,0,0,0,29,0,0,1,0
Jacob Lane,171930,ED,WASHINGTON,5,0,0,340,59.8,,,,,,59.9,,,65.1,0,0,0,2,0,4,0,0,0
Tybo Rogers,171940,HB,WASHINGTON,9,0,1,340,,,,,,,36.6,,,26.0,1,3,0,0,47,0,0,9,1
Brian Alston,172184,ED,ARK STATE,1,0,0,113,59.6,,,,,,59.8,,,62.0,0,0,0,1,0,0,0,0,0
Tennel Bryant,172185,WR,ARK STATE,6,0,0,113,,,,60.0,,,62.3,,,71.3,0,0,0,0,0,2,0,14,0
DeAndra Burns Jr.,172186,WR,ARK STATE,11,0,0,113,,,,,,,71.4,,,77.3,0,0,0,0,7,0,2,32,0
Brandon Greil,172190,S,ARK STATE,11,1,0,113,59.9,,,59.4,,,65.5,,,42.9,1,1,0,1,40,56,14,1,2
Timothy Gulley,172191,DI,ARK STATE,1,0,0,113,59.8,,,,,,60.0,,,62.7,0,0,0,1,0,0,0,0,0
Deaubry Hood,172193,CB,ARK STATE,2,0,0,113,60.0,,,,,,60.5,,,65.1,0,0,0,1,1,0,0,1,0
Ian Jeffries,172196,DI,ARK STATE,3,0,0,113,59.5,,,,,,61.8,,,67.1,0,0,0,2,0,0,0,4,0
Dontay Joyner,172197,CB,ARK STATE,12,1,0,113,59.7,,,,,,48.2,,,31.7,0,2,0,11,66,0,4,37,3
Takare Lipscomb,172199,WR,ARK STATE,13,1,1,113,,,,,,,48.4,,,81.7,0,1,0,0,48,6,0,45,0
Tyler Little,172200,TE,ARK STATE,13,0,0,113,,,60.0,59.6,,,59.2,,,73.0,0,0,1,0,0,77,12,0,0
Clune Van Andel,172205,K,ARK STATE,8,0,0,113,,,,,54.3,,62.9,,,75.9,0,0,0,0,45,0,0,0,1
Jamil Williams,172207,S,ARK STATE,9,0,0,113,60.0,,,,,,67.2,,,76.0,0,1,0,1,2,41,0,19,0
Jamari Broady,172209,CB,CHARLOTTE,3,0,0,136,,,,,,,58.7,,,68.6,0,0,0,0,0,8,0,5,0
Kyle Cunanan,172210,K,CHARLOTTE,12,0,0,136,,66.5,,,67.1,,49.7,,,29.2,0,1,32,0,45,0,0,0,0
Lacota Dippre,172212,TE,CHARLOTTE,1,0,0,136,,,,,,,60.0,,,64.0,0,0,0,0,0,6,0,0,0
Dontez Fagan,172213,CB,CHARLOTTE,11,0,0,136,59.6,,,,,,63.9,,,75.6,0,0,0,46,1,0,7,19,0
Kameron Howard,172215,S,CHARLOTTE,12,0,0,136,59.9,,,,,,65.2,,,71.9,0,0,0,26,20,7,0,26,0
TeQuan Latimore,172217,S,CHARLOTTE,3,1,0,136,,,,,,,66.0,,,70.0,1,0,0,0,5,0,6,3,0
Jasper Parks,172219,T,CHARLOTTE,10,0,0,136,,,71.5,,,,64.4,,,73.3,0,0,33,0,0,0,0,0,0
Jonathan Wallace,172223,DI,CHARLOTTE,10,0,0,136,58.0,,71.6,,,,61.0,,,68.2,0,0,24,22,0,0,0,3,0
Uriah West,172224,CB,CHARLOTTE,1,0,0,136,,,,,,,60.0,,,65.1,0,0,0,0,1,0,0,0,0
Dorian Fleming,172225,TE,GA STATE,3,0,0,175,,,,,,,72.0,,,66.1,0,0,0,0,0,8,0,0,0
Jaylen Jones,172228,CB,GA STATE,2,0,0,175,,,,,,,67.9,,,67.2,0,0,0,0,8,0,0,3,1
Isaac Kone,172229,K,GA STATE,9,0,0,175,,55.6,,,77.1,,61.9,,,73.0,0,0,4,0,25,0,0,0,0
Cam Marshall,172231,S,GA STATE,11,0,1,175,,,,,,,60.6,,,28.5,0,2,0,0,41,58,5,30,1
Ricardo Williams Jr.,172237,DI,GA STATE,13,0,0,175,59.0,,78.4,,,,64.9,,,65.4,0,0,59,7,0,0,0,1,0
Ke'Marion Baldwin,172238,HB,JAMES MAD,5,0,0,197,,,,,,,63.1,,,73.3,0,0,0,0,3,19,0,19,0
DJ Barksdale,172239,S,JAMES MAD,13,1,0,197,60.0,,,58.4,,,82.1,,,80.5,0,0,0,4,67,39,2,65,2
Yamir Knight,172250,WR,JAMES MAD,9,0,0,197,,,,,,,30.7,,,27.9,0,1,0,0,0,32,0,0,0
Mychal McMullin,172254,ED,JAMES MAD,1,0,0,197,60.0,,,,,,60.0,,,61.7,0,0,0,1,0,0,0,0,0
Joshua Phifer,172258,TE,JAMES MAD,1,0,0,197,,,,,,,67.7,,,64.0,0,0,0,0,0,6,0,0,0
D'Angelo Ponds,172259,CB,JAMES MAD,13,0,0,197,60.1,,,,,,67.3,,,77.9,1,0,0,30,22,3,4,60,2
Jamari Somerville,172263,S,JAMES MAD,1,0,0,197,59.9,,,,,,60.0,,,61.1,0,0,0,1,0,0,0,0,0
Evan Spivey,172264,S,JAMES MAD,1,0,0,197,,,,,,,60.0,,,62.7,0,0,0,0,0,1,0,0,0
Gannon Weathersby,172266,LB,JAMES MAD,11,0,0,197,,,,,,,68.6,,,78.0,0,0,0,0,13,6,0,45,0
Jailen Butler,172270,TE,DOMINION,11,0,0,263,,,73.9,,,,66.0,,,67.3,0,0,49,0,0,23,8,0,0
Kadarius Calloway,172271,HB,DOMINION,2,0,0,263,,,,,,,62.0,,,65.0,0,0,0,0,3,0,0,2,0
DJ Chandler,172272,TE,DOMINION,11,0,0,263,,,73.5,57.5,,,73.8,,,67.6,0,0,48,0,0,42,0,6,0
Spencer Dow,172274,G,DOMINION,3,0,0,263,,,68.8,,,,63.0,,,64.0,0,0,16,0,0,0,7,0,0
Ja'Mez Drummer,172276,LB,DOMINION,5,0,0,263,59.8,,,,,,64.8,,,76.2,0,0,0,1,23,29,30,14,2
Jordan Holmes,172282,CB,DOMINION,5,0,0,263,,,,,,,54.5,,,72.0,0,0,0,0,0,12,0,14,0
Ethan Presutty,172291,WR,DOMINION,1,0,0,263,,,,,,,60.7,,,68.3,0,0,0,0,0,5,0,0,0
Ryan Ramey,172292,CB,DOMINION,12,1,0,263,59.8,,,,,,51.5,,,80.9,3,0,0,2,54,65,0,44,2
Rasheed Reason,172293,CB,DOMINION,10,0,0,263,90.3,,,,,,79.2,,,79.9,0,0,0,23,0,26,0,41,0
Devin Roche,172294,HB,DOMINION,2,0,0,263,,,,55.2,,,59.9,,,65.8,0,0,0,0,0,9,0,0,0
Monterio Smith,172296,S,DOMINION,10,1,0,263,60.0,,,,,,58.8,,,75.0,1,0,0,1,43,30,0,2,3
Mario Thompson,172298,S,DOMINION,9,0,0,263,60.0,,,59.9,,,58.1,,,74.2,0,0,0,29,10,16,1,23,0
Brock Walters,172299,LS,DOMINION,6,0,0,263,,,,,,1.1,37.7,,,65.6,0,0,0,0,0,0,25,0,0
Kelby Williams,172300,WR,DOMINION,1,0,0,263,,,,,,,61.0,,,70.3,0,0,0,0,0,7,0,0,0
Cole Blaylock,172302,S,S ALABAMA,5,0,0,288,,,,,,,64.1,,,69.4,0,0,0,0,21,0,0,6,0
Anthony Eager,172306,WR,S ALABAMA,1,0,0,288,,,,,,,60.5,,,64.6,0,0,0,0,2,0,0,0,0
Kalil Alexander,172318,ED,TEXAS ST,7,0,0,314,59.9,,,,,,60.0,,,69.8,0,0,0,3,41,0,0,7,0
Amarion Atwood,172319,CB,TEXAS ST,1,0,0,314,,,,,,,59.9,,,62.9,0,0,0,0,0,2,0,0,0
Bobby Crosby,172325,S,TEXAS ST,12,1,1,314,59.9,,,,,,65.1,,,30.1,1,2,0,6,59,43,12,26,1
Chris Dawn Jr.,172326,WR,TEXAS ST,8,0,0,314,,,,63.0,,,61.2,60.3,,71.8,0,0,0,0,0,15,2,15,0
Jake Simpson,172336,TE,TEXAS ST,1,0,0,314,,,,,,,59.8,,,64.0,0,0,0,0,0,2,0,0,0
Terry Webb,172339,DI,TEXAS ST,13,0,0,314,57.4,,,,,,56.9,,,68.1,0,0,0,30,0,0,0,2,0
Deshaun Batiste,172340,ED,TROY,3,0,0,318,59.3,,,,,,59.9,,,64.0,0,0,0,3,0,0,0,1,0
KC Bradford,172342,S,TROY,10,0,0,318,,,,,,,50.3,,,73.9,1,0,0,0,33,30,0,6,0
Keyshawn Campbell,172344,LB,TROY,4,0,0,318,,,,,,,51.3,,,29.1,0,1,0,0,15,5,1,11,2
Steven Cattledge,172345,LB,TROY,5,0,0,318,60.0,,,,,,75.4,,,71.0,0,0,0,7,0,12,0,13,0
Robert Cole,172346,P,TROY,14,0,0,318,,,,,,,63.2,,70.9,74.6,0,2,0,0,0,0,53,0,0
Ethan Conner,172347,TE,TROY,3,0,0,318,,,62.9,,,,74.1,,,65.4,0,0,11,0,0,14,0,0,0
Dasheen Jackson,172351,S,TROY,1,0,0,318,,,,,,,60.0,,,63.7,0,0,0,0,0,1,0,0,0
Dorion Jackson,172352,S,TROY,5,0,0,318,,,,,,,49.2,,,73.0,0,0,0,0,18,8,9,8,1
M.J. Johnson,172354,WR,TROY,1,0,0,318,,,,58.7,,,60.0,,,62.2,0,0,0,0,0,5,0,0,0
Jordan Lovett,172356,HB,TROY,2,0,0,318,,,,,,,61.1,,,65.6,0,0,0,0,3,0,0,0,0
Malaki Pegues,172359,ED,TROY,3,0,0,318,59.3,,,,,,61.0,,,65.8,0,0,0,4,1,0,0,3,0
Chris Rodgers,172364,LB,TROY,12,0,1,318,59.7,,,,,,61.1,,,37.6,0,2,0,11,61,27,1,41,1
Boaz Stanley,172366,C,TROY,1,0,0,318,,,63.4,,,,62.4,,,67.9,0,0,8,0,0,0,0,0,0
AJ Swanson,172367,CB,TROY,2,0,0,318,,,,,,,64.8,,,71.8,0,0,0,0,12,3,0,8,0
TJ Thompson,172369,LB,TROY,12,2,0,318,60.0,,,,,,63.3,,,78.8,0,0,0,1,60,45,0,26,1
Colton Walls,172371,WR,TROY,1,0,0,318,,,,,,,59.7,,,63.4,0,0,0,0,0,3,0,0,0
Caleb Downs,172375,S,ALABAMA,14,0,0,103,59.9,,,,,,68.7,84.4,,74.3,0,0,0,50,79,2,0,32,1
Jalen Hale,172377,WR,ALABAMA,3,0,0,103,,,,,,,63.1,,,72.5,0,0,0,0,19,0,0,0,0
Jaren Hamilton,172378,WR,ALABAMA,1,0,0,103,,,,,,,60.0,,,62.1,0,0,0,0,1,0,0,0,0
Justice Haynes,172379,HB,ALABAMA,13,0,0,103,,,,,,,72.0,,,77.4,1,0,0,0,10,47,3,41,1
Justin Jefferson,172384,LB,ALABAMA,14,0,0,103,,,,,,,77.3,,,83.8,1,0,0,0,46,58,0,39,3
Tony Mitchell,172389,S,ALABAMA,5,0,0,103,,,,,,,63.0,,,70.2,0,0,0,0,9,0,0,2,0
Kadyn Proctor,172392,T,ALABAMA,13,0,0,103,,,79.6,,,,66.9,,,75.1,0,0,77,0,0,0,0,0,0
Dezz Ricks,172394,CB,ALABAMA,1,0,0,103,,,,,,,61.1,,,69.2,0,0,0,0,0,0,0,2,0
James Smith,172396,DI,ALABAMA,4,0,0,103,59.7,,,,,,60.9,,,64.9,0,0,0,2,0,0,0,2,0
Isaiah Augustave,172398,HB,ARKANSAS,11,0,0,111,,,,,,,59.7,,,74.7,0,1,0,0,1,0,0,35,1
Jaylon Braxton,172400,CB,ARKANSAS,9,0,0,111,59.4,,,,,,59.3,,,78.4,3,0,0,18,35,0,22,25,1
Carson Dean,172403,LB,ARKANSAS,1,0,0,111,,,,,,,60.9,,,65.2,0,0,0,0,0,6,0,0,0
Davion Dozier,172404,WR,ARKANSAS,2,0,0,111,,,,,,,60.7,,,67.3,0,0,0,0,1,5,0,1,0
RJ Johnson,172410,CB,ARKANSAS,1,0,0,111,,,,,,,60.2,,,62.9,0,0,0,0,2,0,0,0,0
TJ Metcalf,172415,S,ARKANSAS,12,0,0,111,59.7,,,,,,61.6,,,68.2,0,0,0,65,2,6,0,9,0
Quincy Rhodes Jr.,172422,ED,ARKANSAS,8,0,0,111,58.0,,62.0,,,,62.1,,,71.6,0,0,10,25,44,0,0,13,0
Alex Sanford Jr.,172423,LB,ARKANSAS,11,0,1,111,,,,,,,68.7,,,80.0,0,1,0,0,39,55,9,32,1
Brad Spence,172428,LB,ARKANSAS,11,1,0,111,60.1,,,,,,67.0,,,29.6,0,2,0,13,44,0,1,6,1
Isaac TeSlaa,172430,WR,ARKANSAS,12,1,0,111,59.4,,,,,,32.5,,,75.2,1,0,0,3,39,0,55,6,0
Amaury Wiggins,172435,C,ARKANSAS,1,0,0,111,,,60.0,,,,60.5,,,64.8,0,0,2,0,0,0,0,0,0
Champ Anthony,172437,CB,AUBURN,13,0,0,115,59.9,,,,,,59.6,,,47.7,1,2,0,3,60,56,31,52,1
Jeremiah Cobb,172443,HB,AUBURN,13,1,0,115,,,,,,,67.3,,,84.4,2,0,0,0,56,39,43,43,1
Keldric Faulk,172447,ED,AUBURN,12,0,0,115,58.5,,,,,,60.0,,,68.4,0,0,0,29,1,0,0,9,0
JC Hart,172449,CB,AUBURN,3,0,0,115,,,,,,,62.7,,,72.8,0,0,0,0,10,0,11,4,0
Colton Hood,172450,CB,AUBURN,3,0,0,115,59.8,,,,,,61.1,,,67.7,0,0,0,2,2,0,0,2,0
Tyler Johnson,172453,T,AUBURN,1,0,0,115,,,60.0,,,,60.9,,,61.9,0,0,5,0,0,0,0,0,0
Kayin Lee,172455,CB,AUBURN,13,0,1,115,60.0,,,,,,64.1,,,37.1,0,1,0,21,27,0,20,54,1
Connor Lew,172456,C,AUBURN,4,0,0,115,,,60.6,,,,62.0,,,62.5,0,0,11,0,0,0,0,0,0
Terrance Love,172457,S,AUBURN,11,0,0,115,60.0,,,,,,61.7,,,80.0,0,0,0,1,20,51,5,45,0
Izavion Miller,172459,T,AUBURN,9,0,0,115,,,71.3,,,,63.9,,,63.4,0,0,38,0,0,0,0,0,0
Tyler Scott,172462,CB,AUBURN,2,1,0,115,,,,,,,77.6,,,63.9,0,0,0,0,5,0,0,0,0
Sylvester Smith-Reed,172463,S,AUBURN,5,0,0,115,,,,,,,63.1,,,73.7,0,0,0,0,20,0,0,20,1
Brenton Williams,172466,ED,AUBURN,2,0,0,115,59.7,,,,,,60.3,,,64.6,0,0,0,1,0,0,0,2,0
Christian Brathwaite,172470,LB,LSU,5,0,0,211,,,,,,,60.9,,,37.9,0,1,0,0,39,29,0,10,0
Dylan Carpenter,172472,ED,LSU,3,0,0,211,,,,,,,51.3,,,26.8,0,1,0,0,12,0,0,1,0
DJ Chester,172473,C,LSU,1,0,0,211,,,60.0,,,,60.9,,,66.2,0,0,3,0,0,0,0,0,0
Lance Heard,172477,T,LSU,12,0,0,211,,,77.9,,,,65.5,,,66.8,0,0,88,0,0,0,0,0,0
Trey Holly,172478,HB,LSU,1,0,0,211,,,,,,,60.3,,,65.4,0,0,0,0,0,0,0,3,0
Jaxon Howard,172479,ED,LSU,5,0,0,211,,,60.0,,,,57.0,,,73.3,0,0,2,0,2,27,0,14,0
Jeremiah Hughes,172480,CB,LSU,13,1,0,211,,,,,,,70.7,,,86.7,1,0,0,0,91,57,0,31,1
Kylin Jackson,172482,S,LSU,5,0,0,211,,,,,,,65.3,,,69.7,0,0,0,0,37,20,0,2,0
Kaleb Jackson,172483,HB,LSU,13,0,0,211,,,,55.0,,,51.9,,,48.4,1,1,0,0,84,61,0,15,2
Jackson McGohan,172487,TE,LSU,8,0,0,211,,,,,,,64.6,,,73.1,0,0,0,0,18,38,0,12,1
Kyle Parker,172489,WR,LSU,1,0,0,211,,,,,,,60.0,,,61.2,0,0,0,0,0,1,0,0,0
Ryan Robinson Jr.,172493,CB,LSU,3,1,0,211,,,,,,,65.1,,,67.9,0,0,0,0,7,15,0,0,0
Shelton Sampson Jr.,172494,WR,LSU,1,0,0,211,,,,,,,60.0,,,65.4,0,0,0,0,0,0,0,2,0
Ashton Stamps,172496,CB,LSU,9,1,0,211,59.8,,,,,,65.9,,,72.5,0,0,0,14,35,0,1,16,1
Javien Toviano,172497,CB,LSU,11,0,0,211,60.3,,,,,,58.3,,,29.3,0,1,0,18,39,17,0,19,0
Whit Weeks,172498,LB,LSU,11,1,0,211,59.6,,,,,,66.8,,,76.9,0,0,0,21,57,56,22,20,2
Da'Shawn Womack,172500,ED,LSU,12,0,0,211,60.0,,,59.9,,,60.5,,,29.9,0,1,0,1,93,45,0,18,5
Ryan Yaites,172501,S,LSU,12,1,0,211,60.0,,,,,,69.1,,,29.5,0,1,0,4,79,0,1,31,5
Joshua Aka,172503,WR,OLE MISS,2,0,0,226,,,,,,,60.0,,,66.0,0,0,0,0,1,0,0,1,0
AJ Brown Sr.,172507,CB,OLE MISS,13,0,0,226,,,,,,,69.0,,,78.0,0,0,0,0,72,0,2,45,0
Jamarious Brown,172508,DI,OLE MISS,1,0,0,226,,,,,,,60.0,,,65.2,0,0,0,0,0,0,0,1,0
Jayvontay Conner,172510,TE,OLE MISS,2,0,0,226,,,,,,,61.4,,,64.0,0,0,0,0,4,0,0,0,0
Daniel Demery,172513,S,OLE MISS,3,0,0,226,,,,,,,62.1,,,69.3,0,0,0,0,6,2,0,0,0
Skielar Mann,172522,LB,OLE MISS,1,0,0,226,59.8,,,,,,60.0,,,62.7,0,0,0,1,0,0,0,0,0
Suntarine Perkins,172524,ED,OLE MISS,11,1,0,226,,,,,,,73.3,,,76.0,1,0,0,0,49,0,0,34,1
Kedrick Reescano,172525,HB,OLE MISS,8,0,0,226,,,,,,,66.2,,,70.0,0,0,0,0,18,18,0,0,0
Ayden Williams,172531,WR,OLE MISS,2,0,0,226,,,,,,,60.1,,,64.8,0,0,0,0,0,2,0,0,0
Jacoby Bellazar,172535,WR,MISS STATE,1,0,0,227,,,,,,,60.0,,,64.8,0,0,0,0,0,0,0,2,0
Keelan Crimmins,172537,P,MISS STATE,12,1,0,227,,,,,,,63.2,,63.9,74.1,0,1,0,0,0,0,49,0,1
Malik Ellis,172540,FB,MISS STATE,6,0,0,227,,,,,,,58.0,,,65.7,0,0,0,0,0,14,1,0,0
Kyle Ferrie,172543,K,MISS STATE,12,0,0,227,,80.9,,,56.1,,61.5,,,68.0,0,0,51,0,5,0,0,0,0
Jeffery Pittman,172552,HB,MISS STATE,5,0,0,227,60.0,,,57.5,,,62.3,,,69.2,0,0,0,1,4,5,6,7,0
Brice Pollock,172553,CB,MISS STATE,11,0,0,227,60.0,,,,,,71.3,,,77.3,0,0,0,1,37,0,17,19,2
Isaac Smith,172557,S,MISS STATE,12,1,0,227,59.9,,,,,,68.7,,,29.3,0,2,0,2,41,13,54,44,2
Zakari Tillman,172559,LB,MISS STATE,11,1,0,227,,,,59.9,,,65.8,,,78.0,0,2,0,0,25,42,4,11,0
Creed Whittemore,172560,WR,MISS STATE,3,0,0,227,,,,,,,58.3,,,66.7,0,0,0,0,1,13,0,0,0
Marvin Burks Jr.,172561,S,MISSOURI,11,1,0,229,60.1,,,56.5,,,53.8,,,44.0,1,1,0,5,38,31,18,20,1
Blake Craig,172562,K,MISSOURI,2,0,0,229,,,,,63.0,,60.0,,,68.4,0,0,0,0,5,0,0,0,0
Brett Le Blanc,172566,LS,MISSOURI,12,0,0,229,,,62.9,,,79.1,68.5,,,66.7,0,0,14,0,0,0,47,0,0
Brayshawn Littlejohn,172567,LB,MISSOURI,4,0,0,229,,,,,,,61.3,,,71.7,0,0,0,0,12,14,0,5,0
Triston Newson,172569,LB,MISSOURI,13,0,0,229,59.5,,,,,,58.6,,,78.4,1,0,0,12,56,6,1,61,2
Chase Bisontis,172570,T,TEXAS A&M,13,0,0,312,,,27.7,,,,49.9,,,67.0,0,0,78,0,0,0,0,0,0
Nana Boadi-Owusu,172571,ED,TEXAS A&M,4,0,0,312,,,,,,,73.1,,,66.4,0,0,0,0,2,9,0,0,0
Rueben Owens II,172590,HB,TEXAS A&M,13,0,0,312,,,,57.5,,,59.8,,,64.7,0,0,0,0,1,60,0,0,0
Jaden Platt,172591,TE,TEXAS A&M,1,0,0,312,,,,,,,60.1,,,66.0,0,0,0,0,0,4,0,0,0
Johnny Ryder,172593,QB,TEXAS A&M,1,0,0,312,,,,,,,60.0,,,63.7,0,0,0,0,1,0,0,0,0
Daymion Sanford,172595,LB,TEXAS A&M,13,0,0,312,,,,,,,75.6,,,80.4,0,0,0,0,32,62,0,41,1
Jadon Scarlett,172596,ED,TEXAS A&M,1,0,0,312,59.8,,,,,,60.0,,,62.7,0,0,0,1,0,0,0,0,0
Micah Tease,172599,WR,TEXAS A&M,8,0,0,312,,,,63.2,,,54.8,,,73.2,1,0,0,0,33,12,0,7,0
Jayvon Thomas,172600,CB,TEXAS A&M,8,0,0,312,60.0,,,,,,59.4,,,74.5,0,0,0,11,1,0,5,17,0
Isaiah Willis,172603,CB,TEXAS A&M,2,0,0,312,,,,,,,44.5,,,64.0,1,0,0,0,1,0,1,0,0
Taurean York,172604,LB,TEXAS A&M,13,0,1,312,60.1,,,,,,49.3,,,27.8,0,1,0,43,0,0,0,4,0
Sedrick Alexander,172605,HB,VANDERBILT,1,0,0,333,,,,,,,60.0,,,64.8,0,0,0,0,0,1,0,0,0
Ethan Crisp,172608,S,VANDERBILT,2,0,0,333,,,,,,,70.4,,,67.0,0,0,0,0,0,0,0,8,0
Payne Daniel,172609,S,VANDERBILT,1,0,0,333,,,,,,,60.0,,,63.9,0,0,0,0,1,0,0,0,0
Gabe Fisher,172610,FB,VANDERBILT,2,0,0,333,,,,,,,60.1,,,67.4,0,0,0,0,0,9,0,0,0
Martel Hight,172615,CB,VANDERBILT,10,0,0,333,59.4,,,,,,63.1,63.2,,73.9,0,0,0,42,11,0,0,8,0
London Humphreys,172616,WR,VANDERBILT,6,1,0,333,,,,59.9,,,62.3,,,73.7,1,0,0,0,5,1,31,5,1
Kamrean Johnson,172617,TE,VANDERBILT,12,0,0,333,,,71.5,,,,64.5,,,76.8,1,0,37,0,51,82,22,0,5
Bryan Longwell,172620,LB,VANDERBILT,12,1,0,333,60.0,,,59.9,,,70.2,,,65.0,3,1,0,21,54,64,50,37,6
Jailen Ruth,172625,ED,VANDERBILT,4,0,0,333,,,,,,,65.1,,,70.5,0,0,0,0,17,0,0,6,0
Junior Sherrill,172627,WR,VANDERBILT,3,0,0,333,,,,59.9,,,59.7,,,66.6,0,0,0,0,0,20,0,0,0
De'Marion Thomas,172631,DI,VANDERBILT,5,0,0,333,58.8,,,,,,58.8,,,64.5,0,0,0,6,0,0,0,0,0
Rayquan Adkins,173028,CB,CINCINNATI,12,0,0,138,59.9,,,,,,44.7,,,77.5,1,0,0,3,45,0,0,28,0
Barry Jackson Jr.,173031,WR,CINCINNATI,2,0,0,138,,,,,,,56.5,,,65.7,0,0,0,0,0,1,2,0,0
Brian Simms III,173034,LB,CINCINNATI,3,0,0,138,60.0,,,,,,61.9,,,68.5,0,0,0,1,0,0,0,6,0
Ja'koby Banks,173037,WR,HOUSTON,7,0,0,182,,,,,,,74.1,,,73.0,0,0,0,0,1,38,1,12,0
Johnsley Barbas,173038,CB,HOUSTON,4,0,0,182,,,,,,,49.7,,,75.1,0,0,0,0,19,25,0,13,0
Justin Benton,173039,DI,HOUSTON,1,0,0,182,58.8,,,,,,58.9,,,63.9,0,0,0,3,0,0,0,0,0
Dalton Carnes,173042,WR,HOUSTON,12,0,0,182,,,,,,,77.0,,,77.2,0,0,0,0,1,49,6,32,0
Juwon Gaston,173045,S,HOUSTON,10,1,0,182,59.8,,,,,,51.0,,,70.6,2,0,0,18,36,0,0,0,2
Mikal Harrison-Pilot,173046,WR,HOUSTON,4,0,0,182,,,,,,,58.3,,,70.0,0,0,0,0,0,4,0,8,0
Parker Jenkins,173047,HB,HOUSTON,12,0,0,182,,,,70.9,,,61.3,,,72.1,0,0,0,0,0,68,0,0,0
Latreveon McCutchin,173048,LB,HOUSTON,12,0,0,182,,,,,,,53.7,,,28.9,1,2,0,0,51,2,38,4,4
Michael Patterson,173050,CB,HOUSTON,4,0,0,182,,,,,,,62.3,,,67.8,0,0,0,0,11,0,0,2,0
Chris Pearson,173051,LB,HOUSTON,11,1,0,182,,,,,,,59.4,,,80.0,1,1,0,0,48,60,33,32,3
Jamaal Shaw,173056,CB,HOUSTON,3,0,0,182,,,,,,,50.3,,,68.3,1,0,0,0,0,0,2,2,0
Jalyn Stanford,173059,CB,HOUSTON,4,0,0,182,,,,,,,75.9,,,68.0,0,0,0,0,9,3,1,0,1
Ja'Ryan Wallace,173060,WR,HOUSTON,4,0,0,182,,,,,,,71.0,,,72.4,0,0,0,0,0,12,0,12,0
Jonah Wilson,173061,WR,HOUSTON,3,0,0,182,,,,,,,44.4,,,71.9,0,0,0,0,9,0,13,0,0
Logan Brantley,173065,LB,KANSAS,2,0,0,198,,,,,,,54.5,,,66.1,0,0,0,0,16,0,0,0,0
Calvin Clements,173069,T,KANSAS,3,0,0,198,,,67.3,,,,63.3,,,71.6,0,0,18,0,0,0,0,0,0
Jameel Croft Jr.,173071,CB,KANSAS,5,0,0,198,,,,,,,62.9,,,72.8,0,0,0,0,3,0,6,13,0
Damon Greaves,173073,P,KANSAS,12,0,0,198,,,,,,,62.4,,64.8,72.7,0,1,0,0,0,0,33,0,0
Keaton Kubecka,173077,WR,KANSAS,4,0,0,198,,,,,,,65.1,,,75.3,0,0,0,0,22,22,0,9,0
Jayce Brown,173093,WR,KANSAS ST,4,0,0,199,,,,,,,60.2,,,70.1,0,0,0,0,0,1,7,4,0
Daniel Cobbs,173095,CB,KANSAS ST,2,0,0,199,,,,,,,47.9,,,65.5,0,0,0,0,6,0,0,1,0
Jack Fabris,173102,S,KANSAS ST,2,0,0,199,,,,,,,65.3,,,71.1,0,0,0,0,5,0,0,10,0
Wesley Fair,173103,S,KANSAS ST,3,0,0,199,,,,,,,60.4,,,66.5,1,0,0,0,3,0,0,4,1
Joe Jackson,173106,HB,KANSAS ST,1,0,0,199,,,,,,,60.0,,,63.0,0,0,0,0,0,1,0,0,0
Justice Clemons,173107,CB,KANSAS ST,9,1,0,199,59.8,,,,,,56.6,,,80.0,0,0,0,6,48,0,18,29,3
Terry Kirksey Jr.,173109,LB,KANSAS ST,3,0,0,199,,,,,,,69.8,,,67.0,0,0,0,0,6,0,0,1,1
Will Lee III,173110,CB,KANSAS ST,8,0,0,199,60.2,,,,,,61.9,,,69.7,0,0,0,28,0,0,0,0,0
Simon McClannan,173111,K,KANSAS ST,2,0,0,199,,,,,50.8,,60.0,,,66.0,0,0,0,0,2,0,0,0,0
Asa Newsom,173114,LB,KANSAS ST,4,0,0,199,60.0,,,,,,68.3,,,69.1,0,0,0,1,28,0,0,1,1
Chiddi Obiazor,173115,ED,KANSAS ST,4,0,0,199,59.0,,,,,,59.5,,,64.3,0,0,0,3,0,0,0,1,0
Austin Romaine,173117,LB,KANSAS ST,9,0,0,199,59.0,,,,,,67.3,,,71.0,0,0,0,12,21,0,12,19,1
Kam Sallis,173118,S,KANSAS ST,1,0,0,199,,,,,,,60.0,,,62.1,0,0,0,0,1,0,0,0,0
Tre Spivey,173119,WR,KANSAS ST,1,0,0,199,,,,,,,60.0,,,62.4,0,0,0,0,1,0,0,0,0
Kanijal Thomas,173120,CB,KANSAS ST,7,0,0,199,,,,,,,46.7,60.3,,28.6,0,1,0,0,11,0,5,25,0
Rex Van Wyhe,173123,LB,KANSAS ST,2,0,0,199,60.0,,,,,,60.0,,,61.5,0,0,0,1,0,0,0,1,0
Jonathan Bax,173128,LB,TCU,9,0,0,305,,,,,,,90.7,,,75.5,0,0,0,0,8,16,0,19,0
Max Carroll,173130,LB,TCU,4,0,0,305,,,,,,,69.1,,,69.1,0,0,0,0,9,22,0,4,1
Zach Chapman,173132,ED,TCU,1,0,0,305,,,,,,,60.0,,,63.5,0,0,0,0,0,0,0,1,0
Cam Cook,173133,HB,TCU,1,0,0,305,,,,,,,59.9,,,64.8,0,0,0,0,0,3,0,0,0
Markis Deal,173134,DI,TCU,1,0,0,305,59.8,,,,,,60.0,,,62.6,0,0,0,2,0,0,0,0,0
Randon Fontenette,173136,S,TCU,12,0,0,305,,,,,,,64.8,,,46.1,0,1,0,0,51,53,0,0,2
Vernon Glover Jr.,173137,CB,TCU,10,0,0,305,59.9,,,,,,62.1,,,75.0,2,0,0,1,47,5,5,34,1
Jamel Johnson,173140,S,TCU,10,0,0,305,59.6,,,,,,59.3,,,75.2,2,0,0,9,16,13,29,3,3
Lafayette Kaiuway,173141,TE,TCU,3,0,0,305,,,60.0,59.9,,,58.8,,,65.7,0,0,3,0,0,22,0,0,0
Jordan Lester,173142,CB,TCU,3,0,0,305,,,,,,,61.9,,,68.2,0,0,0,0,7,0,0,4,0
Jake Milliman,173145,S,TCU,3,0,0,305,,,,,,,55.3,,,71.7,0,0,0,0,5,0,0,12,0
Cooper Powers,173146,G,TCU,1,0,0,305,,,62.0,,,,61.9,,,62.2,0,0,6,0,0,0,0,0,0
Ben Taylor-Whitfield,173151,G,TCU,3,0,0,305,,,66.6,,,,63.1,,,71.2,0,0,16,0,0,0,0,0,0
Anthony Hill Jr.,173158,LB,TEXAS,7,0,0,311,59.7,,,,,,58.9,,,70.4,1,0,0,5,7,0,0,21,0
Liona Lefau,173161,LB,TEXAS,14,3,0,311,59.9,,,,,,78.7,,,85.4,3,1,0,46,95,61,28,69,5
DeAndre Moore Jr.,173164,WR,TEXAS,7,0,0,311,59.9,,,58.0,,,71.6,,,72.7,0,0,0,1,11,5,0,31,0
Malik Muhammad,173165,CB,TEXAS,4,0,0,311,60.0,,,,,,64.6,,,70.1,0,0,0,1,0,0,0,12,0
Donald Brandel,173171,LB,W VIRGINIA,5,0,0,343,,,,,,,61.7,,,72.7,0,0,0,0,1,23,0,0,0
Hudson Clement,173172,WR,W VIRGINIA,8,0,0,343,,,,,,,65.7,,,76.8,0,0,0,0,0,21,1,25,0
Ben Cutter,173173,LB,W VIRGINIA,13,3,0,343,59.5,,,,,,72.2,,,79.7,1,0,0,39,70,1,1,8,5
Will Dixon,173174,TE,W VIRGINIA,3,0,0,343,,,,,,,67.7,,,68.7,0,0,0,0,2,6,0,2,0
Tyler Evans,173175,WR,W VIRGINIA,2,0,0,343,,,,,,,60.0,60.2,,62.8,0,0,0,0,0,0,0,2,0
Rodney Gallagher III,173178,WR,W VIRGINIA,6,0,0,343,,,,58.7,,,63.0,,,71.3,0,0,0,0,1,3,0,19,0
James Heard,173179,ED,W VIRGINIA,1,0,0,343,,,,,,,60.6,,,64.8,0,0,0,0,2,0,0,1,0
Colin McBee,173186,FB,W VIRGINIA,4,0,0,343,,,,,,,56.9,,,68.9,0,0,0,0,0,14,0,0,0
Corey McIntyre Jr.,173187,DI,W VIRGINIA,1,0,0,343,60.0,,,,,,60.1,,,64.6,0,0,0,1,0,0,0,1,0
Macguire Moss,173188,LS,W VIRGINIA,1,0,0,343,,,60.0,,,67.6,60.9,,,61.2,0,0,2,0,0,0,0,0,0
DJ Oliver,173189,HB,W VIRGINIA,4,0,0,343,,,,,,,54.9,,,70.7,1,0,0,0,22,6,0,6,2
Aden Tagaloa-Nelson,173190,CB,W VIRGINIA,1,0,0,343,,,,,,,60.2,,,63.1,0,0,0,0,2,0,0,0,0
Jahiem White,173192,HB,W VIRGINIA,3,0,0,343,,,,58.0,,,60.1,,,62.7,0,0,0,0,0,11,0,0,0
Johnny Williams IV,173193,T,W VIRGINIA,3,0,0,343,,,61.3,,,,62.0,,,65.5,0,0,9,0,0,0,0,0,0
Cooper Young,173194,G,W VIRGINIA,1,0,0,343,,,60.0,,,,60.0,,,63.7,0,0,1,0,0,0,0,0,0
Jayven Anderson,173196,S,N TEXAS,10,0,0,251,,,,,,,67.4,,,80.4,0,0,0,0,39,43,0,19,0
Chavez Brown,173197,LB,N TEXAS,9,0,0,251,,,,,,,56.8,,,28.9,0,1,0,0,25,0,0,33,0
Rodney Green Jr.,173202,ED,N TEXAS,1,0,0,251,59.9,,,,,,60.0,,,61.1,0,0,0,1,0,0,0,0,0
Evan Jackson,173204,S,N TEXAS,12,0,0,251,60.1,,,,,,68.1,,,76.5,0,0,0,20,74,1,0,22,1
Kollin Lewis,173206,CB,N TEXAS,3,0,0,251,60.0,,,,,,66.8,,,73.0,0,0,0,1,20,0,2,11,1
Desmond Magiya,173208,C,N TEXAS,2,0,0,251,,,60.7,,,,62.0,,,62.6,0,0,11,0,0,0,0,0,0
Brian Nelson II,173211,CB,N TEXAS,4,0,0,251,60.0,,,,,,63.3,,,66.8,0,0,0,3,0,0,0,6,0
Landon Sides,173213,WR,N TEXAS,5,0,0,251,,,,,,,58.0,34.7,,66.5,0,0,0,0,1,4,0,5,0
Taylor Starling,173218,CB,N TEXAS,4,0,0,251,59.9,,,,,,66.4,,,70.5,0,0,0,5,12,0,0,9,0
West Wilson,173221,TE,N TEXAS,12,0,0,251,,,75.9,59.1,,,74.3,,,70.0,0,0,65,0,0,63,3,0,0
Max Ahoia,173223,CB,RICE,10,0,0,275,59.8,,,,,,72.5,,,77.0,0,0,0,2,50,0,4,30,3
Ty Morris,173225,LB,RICE,12,0,0,275,59.9,,,,,,56.3,,,71.2,0,0,0,1,59,0,0,0,1
Beau Barton,173226,LB,RICE,4,0,0,275,,,,,,,65.6,,,67.9,0,0,0,0,19,0,0,0,0
Jordan Campbell,173229,ED,RICE,1,0,0,275,59.9,,,,,,60.0,,,63.5,0,0,0,2,0,0,0,0,0
Jamarion Clark,173230,CB,RICE,1,0,0,275,,,,,,,57.3,,,65.3,0,0,0,0,0,4,0,1,0
Drayden Dickmann,173233,WR,RICE,1,0,0,275,,,,,,,60.0,61.9,,62.8,0,0,0,0,0,0,0,2,0
Netane Fehoko,173238,T,RICE,1,0,0,275,,,60.0,,,,60.0,,,61.0,0,0,1,0,0,0,0,0,0
Wyatt Freeman,173239,LS,RICE,13,0,0,275,,,53.2,,,49.0,53.4,,,67.2,2,0,60,0,0,0,54,0,0
Matt Hall,173241,TE,RICE,4,0,0,275,,,,,,,79.9,,,70.6,0,0,0,0,0,23,1,0,0
Joseph Mutombo,173245,ED,RICE,1,0,0,275,,,,,,,60.0,,,63.6,0,0,0,0,1,0,0,0,0
Ethan Powell,173249,TE,RICE,7,0,0,275,,,,,,,59.4,,,71.3,0,0,0,0,0,24,0,0,0
Patrick Valent,173252,G,RICE,2,0,0,275,,,60.0,,,,61.1,,,65.7,0,0,3,0,0,0,0,0,0
Aaron Anderson Jr.,173254,CB,TEMPLE,6,1,0,306,,,,,,,73.3,,,69.0,0,0,0,0,11,35,0,0,0
Dante Atton,173255,P,TEMPLE,12,0,0,306,,,65.3,,,,55.3,,63.8,29.3,1,3,38,0,0,0,43,0,0
Gensley Auguste,173256,DI,TEMPLE,1,0,0,306,59.6,,,,,,59.8,,,62.0,0,0,0,1,0,0,0,0,0
Peter Clarke,173261,TE,TEMPLE,10,0,0,306,,,70.5,,,,63.8,,,64.5,0,0,34,0,0,0,0,0,0
Conlan Greene,173270,DI,TEMPLE,12,0,0,306,57.9,,72.3,59.6,,,64.0,,,73.7,0,0,38,30,0,59,0,5,0
Carl Hardin,173271,K,TEMPLE,4,0,0,306,,,,,70.2,,61.2,,,72.3,1,0,0,0,18,0,0,0,0
Xavier Irvin,173272,WR,TEMPLE,3,0,0,306,,,,,,,37.2,,,67.7,0,0,0,0,8,0,0,0,0
Jordan Montgomery,173277,LB,TEMPLE,4,0,0,306,60.0,,,,,,44.2,,,65.9,0,0,0,1,12,0,1,0,0
Ben Osueke,173278,CB,TEMPLE,12,0,0,306,59.6,,,,,,64.9,,,79.6,0,0,0,34,21,14,8,24,0
Zyil Powell,173279,S,TEMPLE,4,0,0,306,,,,,,,65.0,,,68.5,0,0,0,0,15,0,0,0,0
Melvin Siani,173280,T,TEMPLE,2,0,0,306,,,60.0,,,,61.1,,,66.1,0,0,4,0,0,0,0,0,0
Chris Smith,173282,T,TEMPLE,1,0,0,306,,,,,,,60.0,,,63.3,0,0,0,0,0,0,1,0,0
Darrell Sweeting,173284,CB,TEMPLE,4,0,0,306,59.8,,,,,,61.4,,,68.0,0,0,0,2,1,0,0,4,0
Tyrese Whitaker,173287,ED,TEMPLE,1,0,0,306,59.8,,,,,,60.0,,,62.7,0,0,0,1,0,0,0,0,0
Kasen Carpenter,173292,C,TULSA,4,0,0,320,,,64.7,,,,63.2,,,71.0,0,0,15,0,0,0,0,0,0
Cam Crooks,173293,HB,TULSA,3,0,0,320,,,,,,,59.1,,,69.4,0,0,0,0,14,7,0,0,1
Angus Davies,173294,P,TULSA,12,0,0,320,,,,,,,51.6,,76.7,29.5,0,1,0,0,0,0,60,0,1
RJ Jackson Jr.,173301,DI,TULSA,6,0,0,320,58.4,,,,,,42.3,,,26.6,0,1,0,12,0,0,0,2,0
Luke McGary,173303,TE,TULSA,10,0,1,320,,,,,,,54.2,,,68.1,1,1,0,0,0,48,27,0,1
Jair Murphy,173306,S,TULSA,4,0,0,320,,,,,,,29.9,,,27.9,1,1,0,0,20,0,0,14,0
Bennett Ringleb,173312,T,TULSA,1,0,0,320,,,60.0,,,,60.0,,,64.5,0,0,1,0,0,0,0,0,0
Michael Slaba,173314,K,TULSA,10,0,0,320,,,,,64.1,,62.9,,,76.0,2,0,0,0,46,0,0,0,2
Connor Strudwick,173317,ED,TULSA,12,0,0,320,59.7,,,,,,34.6,,,75.6,4,1,0,1,58,5,25,28,2
C.J. Turner,173318,S,TULSA,4,0,0,320,60.0,,,,,,66.6,,,70.1,0,0,0,3,6,0,0,14,1
Elijah Wilson,173319,LB,TULSA,2,0,0,320,,,,,,,62.7,,,68.9,0,0,0,0,1,0,0,4,0
Zane Woodham,173320,LB,TULSA,1,0,0,320,,,,,,,60.7,,,68.4,0,0,0,0,0,5,0,0,0
Jonathan Allen,173322,DI,UAB,2,0,0,321,58.8,,,,,,58.7,,,61.4,0,0,0,2,0,0,0,0,0
Demetrius Battle,173323,HB,UAB,7,0,0,321,,,,59.9,,,58.9,,,67.1,0,0,0,0,0,43,0,0,0
Chris Bracy,173324,S,UAB,11,0,0,321,59.8,,,,,,49.8,,,50.3,1,1,0,9,54,29,24,11,1
Jonah Delange,173326,K,UAB,12,0,0,321,,,,,55.8,,63.7,,,77.9,0,0,0,0,67,0,0,0,2
Jaylyn Ferguson,173327,CB,UAB,3,0,0,321,,,,,,,55.3,,,68.8,0,0,0,0,2,0,6,1,0
Jamarcus Jones,173330,ED,UAB,3,1,0,321,,,,,,,48.2,,,28.0,2,1,0,0,16,17,1,4,0
Ricky Lee,173333,S,UAB,12,0,0,321,59.7,,,57.5,,,61.2,,,29.5,0,1,0,10,50,6,20,19,2
Kyle McKinney,173334,S,UAB,3,0,0,321,,,,,,,47.6,,,66.0,0,0,0,0,2,5,0,0,0
Miquon Merriweather,173336,DI,UAB,9,0,0,321,58.0,,,,,,58.5,,,66.5,0,0,0,16,0,0,0,4,0
Corri Milliner,173337,WR,UAB,1,0,0,321,,,,,,,59.5,,,68.3,0,0,0,0,0,0,5,0,0
Jalen Nettles,173340,G,UAB,1,0,0,321,,,61.5,,,,62.0,,,67.2,0,0,6,0,0,0,0,0,0
Fred Owens,173341,ED,UAB,3,0,0,321,,,,,,,60.5,,,64.6,0,0,0,0,2,5,0,0,0
Everett Roussaw Jr.,173344,LB,UAB,12,1,0,321,59.6,,,66.5,,,55.1,,,35.6,2,1,0,53,36,68,1,11,2
Kam Shanks,173347,WR,UAB,3,0,0,321,,,,51.2,,,60.2,,,63.1,0,0,0,0,0,17,0,0,0
Eamon Smalls,173348,DI,UAB,3,0,0,321,58.9,,,,,,59.3,,,64.2,0,0,0,4,0,0,0,1,0
Amare Thomas,173349,WR,UAB,6,0,0,321,,,,,,,69.5,,,69.7,0,0,0,0,0,0,16,0,1
Tyler Thomas,173350,ED,UAB,1,0,0,321,59.8,,,,,,60.0,,,62.7,0,0,0,1,0,0,0,0,0
Emmanuel Waller,173352,ED,UAB,7,0,0,321,59.0,,,,,,60.8,,,68.3,0,0,0,8,0,0,0,6,0
Joseph Castle,173355,P,AKRON,11,0,0,102,,,65.5,,,,61.8,,,61.1,0,0,40,0,0,0,0,0,0
Drew Nicolson,173358,LS,AKRON,11,0,0,102,,,52.3,,,14.5,47.9,,,65.7,0,0,40,0,0,0,29,0,1
Terence Thomas,173360,CB,AKRON,4,0,0,102,,,,,,,54.0,,,68.3,0,0,0,0,0,0,2,2,0
Owen Wiley,173362,K,AKRON,5,0,0,102,,74.3,,,,,60.5,,,65.1,0,0,18,0,0,0,0,0,0
Lucian Anderson III,173364,QB,BOWL GREEN,1,0,0,122,,,,,,,60.0,,,65.5,0,0,0,0,0,1,0,0,0
Shamoun Duncan-Niusulu,173367,S,BOWL GREEN,6,0,0,122,59.9,,,,,,60.3,,,65.3,0,0,0,9,1,0,3,1,0
Marquette Harris,173369,ED,BOWL GREEN,1,0,0,122,,,,,,,61.5,,,66.2,0,0,0,0,4,0,0,0,0
Jacob Harris,173370,TE,BOWL GREEN,1,0,0,122,59.8,,,,,,60.0,,,71.8,0,0,0,1,0,0,0,0,0
Jackson Kleather,173371,P,BOWL GREEN,10,1,0,122,,,,,57.3,,62.7,,54.5,73.0,0,0,0,0,3,0,33,0,0
Jaylon Tillman,173377,WR,BOWL GREEN,8,0,0,122,,,,59.9,,,69.0,,,75.3,0,0,0,0,44,6,17,22,2
Amare Ferrell,173381,S,INDIANA,12,1,0,190,60.0,,,,,,66.2,,,83.7,0,0,0,7,48,68,0,31,0
Brady Simmons,173387,WR,INDIANA,5,0,0,190,,,,,,,58.5,,,71.5,0,0,0,0,0,3,0,9,0
Jackson Wasserstrom,173391,WR,INDIANA,1,0,0,190,,,,,,,65.4,,,91.5,0,0,0,0,0,0,0,4,0
Sam West,173392,TE,INDIANA,1,0,0,190,,,60.0,,,,60.0,,,60.9,0,0,1,0,0,0,0,0,0
Donovan Dyson,173395,ED,UMASS,4,0,0,216,60.1,,,,,,60.6,,,65.8,0,0,0,2,3,0,3,0,0
Christian LeBrun,173397,S,UMASS,3,0,0,216,,,,,,,60.0,,,66.7,0,0,0,0,0,5,2,1,0
Kerry Brown,173399,S,MINNESOTA,5,0,0,225,60.0,,,,,,66.8,,,73.4,0,0,0,4,11,0,31,8,1
Za'Quan Bryan,173400,CB,MINNESOTA,1,0,0,225,,,,,,,62.0,,,66.3,0,0,0,0,6,0,0,0,0
Matt Kingsbury,173407,LB,MINNESOTA,3,0,0,225,,,,,,,72.9,,,68.6,0,0,0,0,0,7,0,5,0
Drew Wilson,173428,LB,MINNESOTA,1,0,0,225,,,,,,,71.9,,,67.1,0,0,0,0,3,3,1,3,0
Reginald Allen Jr.,173429,LB,W KENTUCKY,13,0,0,346,,,,,,,67.0,,,81.7,0,0,0,0,39,38,0,40,1
R.J. Evans,173431,LB,W KENTUCKY,6,0,1,346,,,,,,,44.8,,,29.5,0,2,0,0,19,4,0,16,0
Koron Hayward,173436,ED,W KENTUCKY,13,0,0,346,59.6,,,,,,66.7,,,75.9,0,0,0,3,14,19,0,36,0
Rashion Hodge,173438,LB,W KENTUCKY,13,0,0,346,59.8,,,59.9,,,72.3,,,73.0,0,0,0,12,71,35,0,3,1
Devon Lynch,173443,LB,W KENTUCKY,8,0,0,346,59.8,,,,,,63.6,,,72.4,0,0,0,12,25,8,0,16,1
Nazir Ward,173447,CB,W KENTUCKY,10,0,0,346,59.7,,,,,,63.9,,,72.3,0,1,0,9,5,0,0,21,0
A'Marion McCoy,173448,CB,BOISE ST,14,0,0,120,60.0,,,,,,65.4,,,76.1,0,0,0,20,0,0,0,52,0
CJ Tiller,173449,QB,BOISE ST,1,0,0,120,,,,,,,60.0,,,63.3,0,0,0,0,0,0,0,0,0
Milo Lopez,173450,S,BOISE ST,13,1,0,120,60.0,,,,,,59.7,,,78.5,1,0,0,1,21,57,11,3,1
Prince Strachan,173451,WR,BOISE ST,1,0,0,120,,,,,,,60.0,,,63.4,0,0,0,0,1,0,0,0,0
Max Stege,173456,ED,BOISE ST,9,0,0,120,60.0,,,,,,61.1,,,68.7,0,0,0,1,0,44,1,1,0
Caleb Goodie,173459,WR,COLO STATE,7,0,0,144,,,,,,,53.0,,,29.3,2,1,0,0,24,0,19,0,1
Justin Marshall,173460,HB,COLO STATE,2,0,0,144,,,,59.0,,,60.0,,,62.0,0,0,0,0,0,4,0,0,0
TJ Crandall,173463,CB,COLO STATE,9,0,0,144,59.9,,,58.0,,,75.7,,,73.3,0,0,0,16,0,5,24,4,3
Silas Evans III,173469,WR,COLO STATE,1,0,0,144,,,,,,,60.0,,,65.9,0,0,0,0,0,0,0,2,0
Jamari Person,173472,WR,COLO STATE,2,0,0,144,,,,,,,57.7,,,68.1,0,0,0,0,0,10,0,0,0
Ashton Wolff,173473,K,COLO STATE,1,0,0,144,,50.5,,,,,60.0,,,63.7,0,0,6,0,0,0,0,0,0
Jaylen Gardner,173474,S,COLO STATE,12,0,0,144,59.9,,,,,,71.0,,,79.4,0,0,0,9,59,52,14,6,6
Jacob Dennis,173476,LS,COLO STATE,12,0,0,144,,,27.3,,,0.0,29.3,,,67.2,0,0,55,0,0,0,54,0,0
Drew Rodriguez,173485,LB,COLO STATE,1,0,0,144,,,,,,,59.5,,,65.4,0,0,0,0,0,5,0,0,0
Buom Jock,173486,LB,COLO STATE,5,0,0,144,59.9,,,,,,60.5,,,64.0,0,0,0,10,0,0,0,1,0
Kennedy McDowell,173488,ED,COLO STATE,5,0,0,144,59.5,,,,,,61.7,,,65.3,0,0,0,3,8,0,0,0,0
Vince Brown II,173490,TE,COLO STATE,12,0,0,144,,,70.1,,,,51.1,,,76.7,0,2,30,0,22,72,0,36,0
Jaden Carrillo,173504,S,FRESNO ST,1,0,0,169,,,,,,,60.0,,,63.6,0,0,0,0,1,0,0,0,0
Camryn Bracha,173509,S,FRESNO ST,9,1,0,169,59.9,,,,,,58.7,,,72.9,0,0,0,7,44,7,9,19,1
RL Miller,173510,CB,FRESNO ST,4,0,0,169,,,,,,,55.3,,,72.6,0,0,0,0,1,0,0,16,0
Brandon Ramirez,173514,HB,FRESNO ST,2,0,0,169,,,,,,,62.2,,,69.4,0,0,0,0,11,0,0,0,0
Jake Tarwater,173520,TE,FRESNO ST,13,0,1,169,,,76.7,61.8,,,62.9,,,43.4,0,2,70,0,1,59,0,54,0
Isiah Chala,173522,DI,FRESNO ST,3,0,0,169,59.2,,,,,,59.4,,,64.8,0,0,0,12,0,0,0,0,0
Mordecai Hines,173524,ED,FRESNO ST,2,0,0,169,58.9,,,,,,58.9,,,64.6,0,0,0,9,0,0,0,0,0
Kavika Baumgartner,173526,DI,FRESNO ST,6,0,0,169,59.0,,,,,,59.3,,,66.1,0,0,0,15,0,0,0,0,0
Dupre Mendoza,173528,DI,FRESNO ST,4,0,0,169,58.4,,,,,,58.1,,,64.9,0,0,0,13,0,0,0,0,0
Edward Fonua,173529,C,FRESNO ST,4,0,0,169,,,65.8,,,,62.9,,,70.2,0,0,14,0,0,0,0,0,0
Anthony Evans III,173530,WR,GEORGIA,3,0,0,173,,,,,,,60.2,66.5,,64.7,0,0,0,0,0,0,0,9,0
A.J. Harris,173534,CB,GEORGIA,7,0,0,173,59.8,,,,,,56.2,,,73.2,1,0,0,4,28,1,0,4,0
Justyn Rhett,173535,S,GEORGIA,1,0,0,173,,,,,,,60.0,,,61.6,0,0,0,0,0,0,0,1,0
Joenel Aguero,173536,CB,GEORGIA,11,0,0,173,,,,,,,78.9,,,81.0,0,0,0,0,71,1,3,46,1
Will Snellings,173538,LS,GEORGIA,2,0,0,173,,,60.0,,,69.2,62.0,,,61.6,0,0,4,0,0,0,0,0,0
CJ Allen,173539,LB,GEORGIA,14,0,0,173,59.9,,,61.8,,,57.2,,,78.1,1,0,0,22,44,28,3,6,0
Raylen Wilson,173541,LB,GEORGIA,10,1,0,173,59.9,,,,,,66.4,,,29.2,0,1,0,5,13,36,0,15,1
Rod Robinson II,173542,HB,GEORGIA,4,0,0,173,,,,,,,48.9,,,26.3,0,1,0,0,11,1,0,3,0
Damon Wilson II,173543,ED,GEORGIA,3,0,0,173,,,,,,,66.8,,,70.0,0,0,0,0,4,0,0,5,0
Lawson Luckie,173544,TE,GEORGIA,2,0,0,173,,,,,,,60.0,,,63.8,0,0,0,0,0,5,0,0,0
Sam M'Pemba,173546,ED,GEORGIA,9,0,0,173,60.0,,,,,,71.2,,,73.6,0,0,0,2,3,25,0,4,0
Gabe Harris Jr.,173547,ED,GEORGIA,9,0,0,173,,,,,,,62.7,,,29.5,0,1,0,0,64,0,0,0,0
Monroe Freeling,173548,T,GEORGIA,4,0,0,173,,,60.0,,,,61.7,,,64.1,0,0,8,0,0,0,0,0,0
Jordan Hall,173549,DI,GEORGIA,6,0,0,173,59.0,,60.0,,,,60.9,,,68.2,0,0,7,4,0,1,0,1,0
Jamaal Jarrett,173551,DI,GEORGIA,3,0,0,173,59.1,,,,,,59.7,,,64.2,0,0,0,3,0,0,0,1,0
Caleb Clark-Glover,173555,CB,MARSHALL,4,0,0,214,,,,,,,61.6,,,70.0,0,0,0,0,6,0,7,4,0
Jaden Yates,173560,LB,MARSHALL,12,0,0,214,60.0,,,,,,86.8,,,76.1,1,0,0,3,25,68,9,9,1
Ques McNeal,173565,CB,SO MISS,6,0,0,296,60.1,,,,,,67.6,,,74.2,0,0,0,16,2,0,0,22,0
Zavian Hales,173568,WR,SO MISS,4,0,0,296,,,,,,,58.0,,,66.6,0,0,0,0,0,14,0,0,0
Tyquan Henderson,173570,WR,SO MISS,10,0,0,296,,,,,,,54.1,,,28.5,0,1,0,0,1,42,0,1,0
Tre Brown,173628,DI,TEXAS TECH,1,0,0,315,,,,,,,60.4,,,63.3,0,0,0,0,2,0,0,0,0
Jayden Cofield,173631,DI,TEXAS TECH,1,0,0,315,59.6,,,,,,59.8,,,62.0,0,0,0,1,0,0,0,0,0
D.J. Crest,173633,WR,TEXAS TECH,1,0,0,315,,,,,,,61.3,,,69.6,0,0,0,0,0,0,0,5,0
John Curry,173634,LB,TEXAS TECH,5,1,0,315,,,,,,,68.3,,,68.7,0,0,0,0,25,0,0,5,0
Miquel Dingle Jr.,173635,LB,TEXAS TECH,4,0,0,315,59.9,,,,,,76.8,,,67.2,0,0,0,4,21,0,0,0,4
Justin Horne,173638,LB,TEXAS TECH,1,0,0,315,,,,,,,62.4,,,68.6,0,0,0,0,0,3,0,5,0
Chapman Lewis,173640,S,TEXAS TECH,11,1,0,315,59.8,,,,,,68.4,,,72.7,0,0,0,7,61,0,0,0,3
Jordan Sanford,173646,S,TEXAS TECH,10,0,0,315,59.8,,,,,,50.4,,,28.3,0,1,0,10,10,0,0,23,0
Dylan Spencer,173649,ED,TEXAS TECH,2,0,0,315,59.0,,,,,,61.1,,,66.4,0,0,0,5,8,0,0,0,0
Kadarius Miller,173676,DI,LA LAFAYET,9,0,1,207,58.2,,,,,,44.0,,,26.8,0,1,0,16,0,0,0,0,0
Jeremiah Moses,173677,CB,LA LAFAYET,1,0,0,207,,,,,,,60.0,,,90.7,0,0,0,0,0,0,0,0,0
Larry Reimonenq,173678,S,LA LAFAYET,2,0,0,207,,,,,,,68.1,,,69.7,0,0,0,0,0,0,0,7,0
Tavion Smith,173680,WR,LA LAFAYET,3,0,0,207,,,,,,,64.0,,,69.8,0,0,0,0,0,1,0,7,0
Kerry Wilson,173682,S,LA LAFAYET,9,1,0,207,,,,,,,73.9,,,35.1,0,1,0,0,37,1,3,25,2
Adepoju Adebawore,173683,ED,OKLAHOMA,10,0,0,261,59.4,,,,,,63.9,,,73.8,0,0,0,12,0,0,0,23,0
Peyton Bowen,173687,S,OKLAHOMA,12,1,0,261,59.8,,,,,,89.2,,,79.3,0,1,0,5,86,0,28,40,6
Lewis Carter,173689,LB,OKLAHOMA,13,0,0,261,60.0,,,,,,68.5,,,78.5,1,0,0,1,96,13,0,31,2
Reed DeQuasie,173693,S,OKLAHOMA,1,0,0,261,,,,,,,61.2,,,67.4,0,0,0,0,5,0,0,0,0
Kendel Dolby,173694,CB,OKLAHOMA,8,0,0,261,60.0,,,,,,67.1,,,74.3,0,0,0,4,4,15,0,14,0
Josh Fanuiel,173695,TE,OKLAHOMA,2,0,0,261,,,60.0,,,,61.1,,,61.5,0,0,5,0,0,0,0,0,0
Cayden Green,173697,G,OKLAHOMA,9,0,0,261,,,78.7,,,,65.4,,,64.6,0,0,61,0,0,0,1,0,0
Taylor Heim,173699,LB,OKLAHOMA,1,0,0,261,,,,,,,61.7,,,64.2,0,0,0,0,5,0,0,0,0
Kalib Hicks,173701,HB,OKLAHOMA,1,0,0,261,,,,,,,75.0,,,64.3,0,0,0,0,0,4,0,0,0
Jacobe Johnson,173703,CB,OKLAHOMA,13,0,0,261,59.9,,,,,,72.6,,,84.5,2,0,0,2,81,22,29,43,4
Kade McIntyre,173708,TE,OKLAHOMA,1,0,0,261,,,60.0,,,,60.5,,,60.4,0,0,3,0,0,0,0,0,0
Eli Merck,173711,WR,OKLAHOMA,1,0,0,261,,,,,,,60.0,,,62.1,0,0,0,0,1,0,0,0,0
Konnor Near,173713,LB,OKLAHOMA,12,1,0,261,,,,,,,77.8,,,76.2,1,0,0,0,45,58,8,3,2
Sammy Omosigho,173714,S,OKLAHOMA,7,0,0,261,59.8,,,,,,65.8,,,71.9,0,0,0,2,35,9,0,15,1
Jaquaize Pettaway,173716,WR,OKLAHOMA,7,0,0,261,,,,,,,66.4,,,72.2,0,0,0,0,8,1,14,5,1
Makari Vickers,173721,CB,OKLAHOMA,7,0,0,261,60.0,,,,,,65.3,,,70.7,0,0,0,3,3,3,0,15,0
Jasiah Wagoner,173722,CB,OKLAHOMA,3,0,0,261,60.0,,,,,,62.7,,,70.2,0,0,0,3,0,0,0,9,0
Taylor Wein,173723,ED,OKLAHOMA,1,0,0,261,59.9,,,,,,60.0,,,62.2,0,0,0,2,0,0,0,0,0
Zack Card,173726,WR,OREGON ST,2,0,0,265,,,,,,,72.5,60.5,,69.1,0,0,0,0,0,1,4,7,1
Nikko Taylor,173735,ED,OREGON ST,13,0,0,265,,,,,,,66.3,,,72.7,0,0,0,0,78,0,0,8,1
Jackson Adams,173842,ED,AIR FORCE,1,0,0,101,,,,,,,60.0,,,63.5,0,0,0,0,0,0,0,1,0
Levi Brown,173846,S,AIR FORCE,13,4,0,101,60.0,,,,,,72.0,,,77.3,1,0,0,2,68,29,0,0,4
Are'an Burr,173848,LB,AIR FORCE,1,0,0,101,,,,,,,69.7,,,63.4,0,0,0,0,1,0,0,0,1
Dylan Carson,173850,HB,AIR FORCE,2,1,0,101,,,,,,,70.0,,,66.7,0,0,0,0,10,1,0,0,0
Costen Cooley,173854,C,AIR FORCE,1,0,0,101,,,60.0,,,,60.0,,,63.7,0,0,1,0,0,0,0,0,0
Terrance Cullivan,173855,CB,AIR FORCE,1,0,0,101,,,,,,,60.0,,,63.7,0,0,0,0,1,0,0,0,0
Jack Curtis,173856,ED,AIR FORCE,2,0,0,101,59.9,,,,,,68.2,,,63.2,0,0,0,1,2,0,0,0,1
Bruin Fleischmann,173861,TE,AIR FORCE,2,0,0,101,,,60.0,,,,60.5,,,64.2,0,0,2,0,0,1,0,0,0
Kade Frew,173863,HB,AIR FORCE,1,0,0,101,,,,59.9,,,60.0,,,63.4,0,0,0,0,0,2,0,0,0
Jackson Garrett,173864,DI,AIR FORCE,2,0,0,101,59.1,,,,,,59.8,,,64.7,0,0,0,3,0,0,0,1,0
Zach Juckel,173870,LB,AIR FORCE,13,0,0,101,,,,,,,59.7,,,73.3,0,0,0,0,67,15,0,9,5
Jakobi McGowan,173873,S,AIR FORCE,2,0,0,101,,,,,,,61.3,,,66.2,0,0,0,0,2,1,0,1,0
Evan Rau,173875,WR,AIR FORCE,2,0,0,101,,,,,,,63.5,,,64.6,0,0,0,0,2,1,0,0,0
Aidan Swartz,173884,DI,AIR FORCE,5,0,0,101,59.5,,,,,,62.0,,,67.4,0,0,0,4,0,0,0,5,0
Trevor Tate,173885,T,AIR FORCE,1,0,0,101,,,60.0,,,,60.9,,,61.9,0,0,5,0,0,0,0,0,0
Grant Uyl,173886,LB,AIR FORCE,3,0,0,101,60.0,,,,,,53.5,,,67.4,0,0,0,1,8,0,0,0,0
Luke Vonderhaar,173887,T,AIR FORCE,1,0,0,101,,,60.0,,,,60.0,,,64.5,0,0,1,0,0,0,0,0,0
Brent Winfree,173888,DI,AIR FORCE,1,0,0,101,,,,,,,60.0,,,64.1,0,0,0,0,0,0,0,1,0
Kanye Clark,173969,CB,UCLA,5,0,1,324,59.6,,,,,,49.6,,,28.8,0,1,0,14,17,5,4,17,0
RJ Jones II,173977,CB,UCLA,1,0,0,324,,,,,,,60.0,,,64.3,0,0,0,0,0,0,0,1,0
Donavyn Pellot,173985,LB,UCLA,5,0,0,324,60.0,,,,,,63.9,,,72.8,0,0,0,1,22,22,2,9,0
Carter Shaw,173986,WR,UCLA,3,0,0,324,,,,,,,52.7,,,67.5,0,0,0,0,0,0,2,4,0
Michael Sullivan,173987,ED,UCLA,1,0,0,324,60.0,,,,,,60.0,,,62.9,0,0,0,1,0,0,0,0,0
Malcolm Gillie,173996,WR,BALL ST,9,0,0,117,,,,61.1,,,58.0,,,64.7,0,0,0,0,0,47,0,0,0
Ben Marsh,174000,LB,BALL ST,4,0,0,117,,,,,,,64.6,,,72.0,0,0,0,0,20,15,0,12,1
KP Price,174005,S,BOSTON COL,13,2,0,121,91.4,,,,,,90.7,,,80.7,0,1,0,18,56,45,0,37,3
Jackie Johnson III,174013,ED,HAWAII,3,0,0,180,60.0,,,,,,60.3,,,67.4,0,0,0,1,2,7,0,4,0
Lesterlaisene Lagafuaina,174015,ED,HAWAII,4,0,0,180,,,,,,,63.2,,,69.9,0,0,0,0,6,0,0,7,0
Makana Meyer,174017,S,HAWAII,10,0,0,180,59.9,,,,,,57.1,,,67.5,1,0,0,15,33,0,0,2,0
Tasi Tadio,174020,LB,HAWAII,2,0,0,180,59.8,,,,,,60.7,,,64.1,0,0,0,1,2,0,0,0,0
Ben Clawson,174022,CB,ILLINOIS,4,0,0,187,60.0,,,,,,55.7,,,67.0,0,0,0,0,15,3,0,0,0
Brandon Henderson,174027,G,ILLINOIS,7,0,0,187,,,71.3,,,,64.3,,,72.0,0,0,33,0,0,0,0,0,0
David Olano,174030,K,ILLINOIS,9,0,0,187,,,,,76.7,,62.9,,,76.0,0,0,0,0,46,0,0,0,0
Kaleb Patterson,174031,CB,ILLINOIS,4,0,0,187,,,,,,,69.8,,,72.4,0,0,0,0,0,0,0,20,0
Zachary Tobe,174034,CB,ILLINOIS,9,0,0,187,59.7,,,,,,69.3,,,75.4,0,0,0,17,6,0,1,30,0
Kenari Wilcher,174035,WR,ILLINOIS,8,0,0,187,,,,49.1,,,59.8,,,64.0,0,0,0,0,0,43,0,0,0
Cam Calhoun,174037,CB,MICHIGAN,2,0,0,222,59.8,,,,,,60.1,,,64.6,0,0,0,2,0,0,0,0,0
Jyaire Hill,174040,CB,MICHIGAN,3,0,0,222,59.7,,,,,,60.1,,,65.1,0,0,0,3,0,0,0,0,0
Zack Marshall,174041,TE,MICHIGAN,1,0,0,222,,,60.0,,,,60.0,,,60.2,0,0,1,0,0,0,0,0,0
Fredrick Moore,174042,WR,MICHIGAN,9,0,0,222,,,,,,,64.5,,,79.6,0,0,0,0,19,0,0,49,0
Semaj Morgan,174043,WR,MICHIGAN,14,0,0,222,,,,56.0,,,43.4,42.0,,28.0,0,1,0,0,0,40,0,21,0
Jordan Hall,174047,LB,MICH STATE,12,0,0,223,60.3,,,,,,69.7,,,81.1,0,0,0,30,27,13,20,15,0
David Millikin,174049,LB,MICH STATE,7,0,0,223,,,,,,,63.1,,,74.3,0,0,0,0,17,26,4,4,0
Brennan Parachek,174050,TE,MICH STATE,7,0,0,223,,,,,,,71.1,,,70.3,0,0,0,0,0,32,6,5,0
Chance Rucker,174052,CB,MICH STATE,11,0,0,223,59.7,,,,,,65.3,,,76.9,0,0,0,47,0,0,0,31,0
Shawn Smith,174053,S,MICH STATE,3,0,0,223,,,,,,,69.5,,,72.0,0,0,0,0,13,17,0,2,0
Frank Covey IV,174054,WR,NWESTERN,1,0,0,256,,,,,,,60.5,,,68.1,0,0,0,0,0,3,0,0,0
Jordan Knox,174055,G,NWESTERN,7,0,0,256,,,69.2,,,,63.8,,,69.3,0,0,26,0,0,0,0,0,0
Camp Magee,174056,TE,NWESTERN,1,0,0,256,60.0,,,,,,60.0,,,60.7,0,0,0,1,0,0,0,0,0
Blesyng Alualu-Tuiolemotu,174061,LB,UNLV,3,0,0,325,59.8,,,,,,50.3,,,65.6,0,1,0,5,9,1,0,0,0
Thomas Anderson,174062,CB,UNLV,11,0,0,325,59.9,,,,,,65.1,,,73.8,0,0,0,14,12,0,0,32,0
Austin Boyd,174066,G,UNLV,14,0,0,325,,,78.5,,,,65.5,,,65.2,0,0,85,0,0,0,5,0,0
Jacob De Jesus,174068,WR,UNLV,14,0,0,325,,,,68.1,,,60.1,70.9,,69.3,0,0,0,0,2,80,0,64,0
Christian Earls,174069,TE,UNLV,13,0,0,325,,,76.7,,,,75.9,,,68.2,0,0,70,0,0,64,0,0,0
DeAngelo Irvin Jr.,174074,WR,UNLV,4,0,0,325,,,,59.2,,,72.3,71.8,,65.0,0,0,0,0,0,8,0,5,0
Cameren Jenkins,174076,S,UNLV,13,0,0,325,59.7,,,,,,66.6,,,80.3,0,0,0,26,58,0,0,46,1
Jai'Den Thomas,174080,HB,UNLV,3,0,0,325,,,,61.8,,,61.4,,,66.0,0,0,0,0,4,2,0,0,0
Corey Thompson Jr.,174081,WR,UNLV,4,0,0,325,,,,,,,65.0,,,70.0,0,0,0,0,0,0,0,9,0
David Amador II,174085,WR,UTSA,12,0,1,331,59.8,,,,,,54.0,,,27.8,0,2,0,2,0,63,0,12,0
Cory Godinet,174093,G,UTSA,12,0,0,331,,,77.9,,,,64.2,,,73.1,0,0,62,0,0,0,17,0,0
Brandon High Jr.,174095,HB,UTSA,1,0,0,331,,,,,,,60.0,,,64.2,0,0,0,0,0,2,0,0,0
Tim Huff Jr.,174097,ED,UTSA,1,0,0,331,59.6,,,,,,59.8,,,62.0,0,0,0,1,0,0,0,0,0
Buffalo Kruize,174101,T,UTSA,12,0,0,331,,,76.2,,,,65.9,,,76.6,0,0,65,0,0,0,1,0,0
Ronald Link-Milam Jr.,174102,S,UTSA,1,0,0,331,,,,,,,60.0,,,62.3,0,0,0,0,1,0,0,0,0
Willie McCoy III,174103,WR,UTSA,9,0,0,331,,,,58.6,,,60.4,,,64.1,0,0,0,0,0,47,0,0,0
Jakevian Rodgers,174107,CB,UTSA,2,0,0,331,60.0,,,,,,60.0,,,65.0,0,0,0,1,0,0,1,0,0
Nick Duzansky,174110,LS,OREGON,4,0,0,264,,,49.9,,,0.0,48.4,,,61.9,0,0,7,0,0,0,0,0,0
Grant Meadors,174111,K,OREGON,5,0,0,264,,64.3,,,71.7,,60.5,,,68.7,0,0,5,0,8,0,0,0,0
Luke Dunne,174112,P,OREGON,4,0,0,264,,,60.0,,,,60.6,,60.2,65.1,0,0,4,0,0,0,3,0,0
MyKeil Gardner,174113,DI,OREGON,1,0,0,264,59.6,,,,,,59.8,,,62.4,0,0,0,1,0,0,0,0,0
Johnny Bowens III,174114,DI,OREGON,1,0,0,264,59.6,,,,,,59.8,,,62.0,0,0,0,1,0,0,0,0,0
Jaeden Moore,174116,ED,OREGON,1,0,0,264,,,,,,,60.0,,,63.8,0,0,0,0,0,0,0,1,0
Jerry Mixon,174117,LB,OREGON,7,0,0,264,59.9,,,,,,78.7,,,73.0,0,0,0,2,8,16,0,5,1
Teitum Tuioti,174118,ED,OREGON,8,0,0,264,59.7,,,,,,70.8,,,67.7,0,0,0,9,0,3,0,7,0
Kodi DeCambra,174120,S,OREGON,1,0,0,264,,,,,,,60.3,,,66.2,0,0,0,0,2,0,0,0,0
Solomon Davis,174121,CB,OREGON,2,0,0,264,60.0,,,,,,60.6,,,65.5,0,0,0,1,2,0,0,0,0
Cole Martin,174122,S,OREGON,14,2,0,264,60.0,,,,,,66.7,,,32.4,1,1,0,5,107,1,8,43,3
Tyler Turner,174123,S,OREGON,4,0,0,264,,,,,,,65.5,,,69.5,0,0,0,0,18,0,0,0,0
Matayo Uiagalelei,174124,ED,OREGON,9,0,0,264,59.3,,,,,,60.5,,,66.5,0,0,0,12,0,1,0,3,0
Travis Brashear,174125,TE,OREGON,2,0,0,264,,,,,,,61.6,,,67.7,0,0,0,0,5,1,0,4,0
Iapani Laloulu,174128,G,OREGON,7,0,0,264,,,75.4,,,,64.3,,,64.1,0,0,40,0,0,0,1,0,0
George Silva,174129,T,OREGON,2,0,0,264,,,65.3,,,,63.3,,,70.3,0,0,16,0,0,0,0,0,0
Jayden Limar,174130,HB,OREGON,11,0,0,264,,,,,,,69.5,,,74.3,0,0,0,0,1,0,0,40,0
Kenyon Sadiq,174132,TE,OREGON,14,0,0,264,,,,59.9,,,73.8,,,83.1,0,0,0,0,92,51,3,41,2
David Mbadinga,174136,HB,GA SOUTHRN,11,0,0,174,,,,54.7,,,81.3,,,70.1,0,0,0,0,0,52,0,0,0
Daniel Wood,174138,HB,UTAH,3,0,0,328,,,,,,,62.6,,,68.9,0,0,0,0,11,0,0,0,0
Laurence Sullivan Jr.,174141,CB,COAST CAR,4,0,0,141,,,,,,,59.3,,,68.0,0,0,0,0,7,9,0,0,0
Zachariah Branch,174142,WR,USC,11,0,0,326,,,,62.9,,,61.2,91.1,,67.2,0,0,0,0,1,63,0,40,0
DT Sheffield,174143,WR,WASH STATE,2,0,0,341,,,,,,,60.1,73.4,,64.5,0,0,0,0,0,0,0,8,0
Holden Trice,174145,LB,GA SOUTHRN,3,0,0,174,,,,,,,65.0,,,67.6,0,0,0,0,4,0,0,8,0
Ayden Jackson,174147,S,GA SOUTHRN,8,0,1,174,60.0,,,,,,50.1,,,27.8,0,1,0,3,22,0,4,9,0
Matthew Littlejohn,174148,CB,CAL,11,0,0,130,60.0,,,,,,60.7,,,65.8,0,0,0,46,0,0,0,3,0
Makai Lemon,174150,WR,USC,8,0,0,326,,,,61.7,,,70.2,,,70.8,0,0,0,0,22,14,3,17,0
Quinten Joyner,174151,HB,USC,2,0,0,326,,,,60.0,,,36.6,,,64.6,0,1,0,0,1,1,0,1,0
DeAndre Buchannon,174152,WR,GA SOUTHRN,11,0,0,174,,,,68.5,,,65.1,60.0,,65.2,0,0,0,0,0,62,0,3,0
Justin Rhodes,174153,DI,GA SOUTHRN,12,0,0,174,57.6,,,,,,58.8,,,70.4,0,0,0,36,0,0,0,13,0
Joseph Roback,174154,LB,WASH STATE,6,1,0,341,,,,,,,73.5,,,74.3,0,0,0,0,1,0,1,25,0
Jamorri Colson,174155,CB,WASH STATE,8,0,0,341,60.2,,,,,,63.9,,,76.0,0,0,0,11,0,0,0,35,0
Jason Siaosi,174156,LB,UTAH,2,0,0,328,,,,,,,68.5,,,67.6,0,0,0,0,8,0,0,0,1
Kapena Gushiken,174157,CB,WASH STATE,12,0,0,341,59.9,,,,,,59.2,,,77.4,1,0,0,28,46,0,2,21,0
Caimon Mathis,174159,CB,GA SOUTHRN,2,1,0,174,,,,,,,66.6,,,68.6,0,0,0,0,15,0,2,0,0
Johnathan Hall,174160,S,UTAH,13,1,0,328,59.9,,,,,,69.6,,,81.4,3,0,0,5,63,47,16,16,7
Stephen Hall,174161,CB,WASH STATE,11,0,0,341,59.8,,,,,,62.2,,,76.3,0,0,0,10,10,6,6,35,0
KD Dorsey,174166,WR,GA SOUTHRN,3,0,0,174,,,,,,,61.0,,,64.9,0,0,0,0,0,2,0,2,0
Carlos Hernandez,174167,WR,WASH STATE,4,0,0,341,,,,,,,61.0,,,68.0,0,0,0,0,1,2,0,1,0
Mikey Matthews,174168,WR,UTAH,12,0,0,328,,,,63.3,,,60.0,69.7,,71.5,1,0,0,0,8,41,16,50,1
Wyatt Gedeon,174169,LB,COAST CAR,11,1,0,141,60.0,,,,,,66.1,,,74.8,0,0,0,15,44,16,22,15,0
Sam Greene,174171,ED,USC,3,0,0,326,,,,,,,77.9,,,67.4,0,0,0,0,1,14,0,0,0
Christian Pierce,174174,S,USC,11,0,0,326,60.1,,,61.8,,,69.9,,,36.4,0,1,0,2,46,60,0,24,1
Warren Smith Jr.,174175,CB,WASH STATE,1,0,0,341,59.9,,,,,,60.0,,,63.5,0,0,0,1,0,0,0,0,0
Taylor Bradshaw,174176,WR,GA SOUTHRN,1,0,0,174,,,,,,,61.0,,,68.5,0,0,0,0,0,0,0,3,0
Tiger Bachmeier,174177,WR,STANFORD,4,0,0,300,,,,,,,61.7,,,66.4,0,0,0,0,1,1,1,3,0
Branden Palmer,174181,ED,GA SOUTHRN,1,0,0,174,,,,,,,62.0,,,66.1,0,0,0,0,0,0,0,5,0
JaMari Whitehead,174182,LB,GA SOUTHRN,4,0,0,174,,,,,,,32.6,,,26.4,0,2,0,0,1,25,0,2,0
Helaman Ofahengaue,174183,ED,UTAH,3,0,0,328,,,,,,,61.2,,,66.8,0,0,0,0,2,3,0,1,0
Tackett Curtis,174184,LB,USC,12,1,0,326,59.8,,,,,,73.6,,,77.5,1,0,0,31,59,10,42,4,2
Trelon Slade,174185,CB,COAST CAR,10,0,0,141,59.9,,,,,,62.4,,,73.4,0,0,0,3,3,0,10,24,0
Ansel Din-Mbuh,174195,DI,WASH STATE,5,0,0,341,58.6,,,,,,41.2,,,26.4,0,1,0,10,0,0,0,3,0
Kebba Secka,174196,ED,GA SOUTHRN,1,0,0,174,,,,,,,60.4,,,66.8,0,0,0,0,0,0,0,2,0
Davon Gilmore,174197,LB,GA SOUTHRN,11,0,0,174,59.9,,,,,,56.1,,,29.4,0,1,0,5,54,2,0,29,1
Owen Chambliss,174198,LB,UTAH,1,0,0,328,,,,,,,60.0,,,65.2,0,0,0,0,0,0,0,2,0
JP Mikhael,174199,TE,GA SOUTHRN,1,0,0,174,,,,,,,71.5,,,63.3,0,0,0,0,0,3,0,0,0
Matt Scicchitano,174206,ED,COAST CAR,1,0,0,141,59.1,,,,,,59.8,,,70.7,0,0,0,1,0,0,0,0,0
Abraham Temoney III,174209,S,COAST CAR,13,0,0,141,59.9,,,,,,61.7,,,75.4,1,0,0,35,25,0,35,38,0
Solatoa Moea'i,174216,G,UTAH,13,0,0,328,,,74.8,,,,65.2,,,70.7,0,0,55,0,0,0,0,0,0
Spencer Fano,174217,T,UTAH,4,0,0,328,,,65.6,,,,63.4,,,70.6,0,0,17,0,0,0,0,0,0
Alex Smith,174218,P,GA SOUTHRN,13,0,1,174,,,,,,,63.0,,67.0,74.1,0,1,0,0,0,0,48,0,0
Esa Pole,174220,T,WASH STATE,4,0,0,341,,,68.4,,,,63.3,,,66.8,0,0,16,0,0,0,0,0,0
Elijah Paige,174221,T,USC,3,0,0,326,,,60.5,,,,62.0,,,66.3,0,0,9,0,0,0,0,0,0
Jordan Castell,174237,S,FLORIDA,12,0,0,163,59.9,,,,,,60.6,,,65.5,0,0,0,48,1,0,0,2,0
Kelby Collins,174238,ED,FLORIDA,12,0,0,163,60.0,,75.6,,,,65.6,,,73.3,0,0,58,1,0,0,0,0,0
Sharif Denson,174240,CB,FLORIDA,11,0,0,163,59.7,,,,,,72.0,,,76.4,0,0,0,4,66,0,0,20,3
Aaron Gates,174242,CB,FLORIDA,4,0,0,163,59.9,,,,,,65.3,,,77.1,0,0,0,5,26,22,3,12,0
Knijeah Harris,174244,G,FLORIDA,12,0,0,163,,,77.6,,,,66.1,,,73.0,0,0,59,0,0,0,0,0,0
Ja'Keem Jackson,174247,CB,FLORIDA,11,0,0,163,59.3,,,,,,63.8,,,79.0,0,0,0,47,24,0,0,47,0
Kamran James,174249,ED,FLORIDA,12,0,0,163,59.0,,,,,,62.7,,,71.2,0,0,0,56,0,36,0,7,0
Andy Jean,174250,WR,FLORIDA,1,0,0,163,,,,59.1,,,60.0,,,61.8,0,0,0,0,0,3,0,0,0
Dijon Johnson,174251,CB,FLORIDA,12,1,0,163,,,,,,,68.0,,,34.3,0,1,0,0,72,7,41,19,0
Tony Livingston,174255,TE,FLORIDA,7,0,0,163,,,71.3,,,,58.5,,,29.1,0,1,36,0,0,41,0,10,0
Will Norman,174258,DI,FLORIDA,4,0,0,163,59.0,,,,,,60.3,,,67.0,0,0,0,9,0,1,4,3,0
Jaden Robinson,174260,LB,FLORIDA,12,0,0,163,59.8,,,,,,52.2,,,28.5,0,2,0,31,10,2,23,36,1
T.J. Searcy,174264,ED,FLORIDA,1,0,0,163,,,,,,,60.1,,,64.8,0,0,0,0,0,2,0,0,0
Bryce Thornton,174266,S,FLORIDA,12,1,0,163,59.8,,,,,,56.6,,,76.5,1,0,0,25,38,0,35,29,0
Treyaun Webb,174268,HB,FLORIDA,8,0,0,163,,,,,,,67.8,,,74.8,0,0,0,0,6,6,0,29,0
Ian Edenfield,174284,TE,OKLA STATE,12,0,0,262,,,76.9,,,,59.2,,,28.9,0,1,72,0,0,0,0,0,0
Ike Esonwune,174287,LB,OKLA STATE,1,0,0,262,,,,,,,61.5,,,66.2,0,0,0,0,4,0,0,0,0
Kam Franklin,174290,S,OKLA STATE,6,0,0,262,,,,,,,65.4,,,70.7,0,0,0,0,5,0,0,17,0
Shea Freibaum,174291,LS,OKLA STATE,14,0,0,262,,,,,,41.7,55.4,,,29.3,0,1,0,0,0,0,66,0,1
Hudson Kaak,174294,P,OKLA STATE,13,0,0,262,,,,,,,62.6,,72.5,73.1,0,1,0,0,0,0,38,0,0
Cooper Lai,174296,S,OKLA STATE,2,0,0,262,,,,,,,61.3,,,66.2,0,0,0,0,5,0,0,0,0
RJ Lester Jr.,174297,CB,OKLA STATE,4,0,0,262,,,,,,,61.1,,,66.5,0,0,0,0,4,0,0,1,0
Andrew McCall,174299,LB,OKLA STATE,1,0,0,262,,,,,,,60.0,,,63.7,0,0,0,0,1,0,0,0,0
Dylan Smith,174309,CB,OKLA STATE,10,1,0,262,59.9,,,,,,69.7,,,80.8,0,0,0,17,55,48,0,30,2
Poasa Utu,174312,LB,OKLA STATE,2,0,0,262,,,,,,,65.3,,,66.7,0,0,0,0,8,0,0,4,0
Sesi Vailahi,174313,HB,OKLA STATE,1,0,0,262,,,,,,,60.0,,,64.1,0,0,0,0,0,0,0,1,0
Lardarius Webb Jr.,174314,S,OKLA STATE,5,0,0,262,60.0,,,,,,71.2,,,72.5,0,0,0,2,16,0,0,11,0
Maurice Brown II,174318,TE,S CAROLINA,11,0,0,289,,,,,,,63.7,,,79.3,1,0,0,0,60,28,0,31,1
Judge Collier,174319,CB,S CAROLINA,12,0,0,289,59.6,,,,,,66.1,,,76.3,0,0,0,20,0,7,0,43,0
Connor Cox,174320,TE,S CAROLINA,5,0,0,289,,,,,,,63.9,,,71.9,0,0,0,0,0,8,0,12,0
Elijah Davis,174321,ED,S CAROLINA,6,0,0,289,58.9,,,,,,63.5,,,68.5,0,0,0,18,0,17,0,0,0
Grayson Howard,174322,LB,S CAROLINA,11,0,0,289,59.8,,,,,,56.1,,,54.4,1,1,0,18,28,37,57,11,0
Jalon Kilgore,174323,S,S CAROLINA,12,1,0,289,59.7,,,,,,77.9,65.2,,72.4,0,0,0,55,3,0,17,26,2
Xzavier McLeod,174324,DI,S CAROLINA,1,0,0,289,59.6,,,,,,59.8,,,62.4,0,0,0,1,0,0,0,0,0
Desmond Umeozulu,174327,ED,S CAROLINA,9,0,0,289,59.6,,,,,,65.7,,,72.7,0,0,0,2,25,5,0,17,0
Kaven Call,174340,ED,UCF,13,0,0,323,59.7,,,,,,65.9,,,80.6,1,0,0,1,15,64,0,41,1
Jason Duclona,174345,S,UCF,2,0,0,323,60.0,,,,,,60.4,,,65.1,0,0,0,1,0,0,0,2,0
Hudson Gibbs,174348,CB,UCF,1,0,0,323,,,,,,,60.3,,,64.5,0,0,0,0,0,1,0,1,0
Andrew Harris,174349,LB,UCF,10,0,0,323,,,,,,,69.3,,,74.5,0,0,0,0,52,1,0,24,3
Derrick LeBlanc,174350,DI,UCF,2,0,0,323,59.4,,,,,,59.6,,,65.1,0,0,0,8,0,0,0,0,0
Braeden Marshall,174351,S,UCF,13,1,0,323,60.0,,,,,,77.3,,,71.2,0,0,0,10,21,25,6,4,3
Ja'Maric Morris,174353,S,UCF,2,0,0,323,,,,,,,60.3,,,67.4,0,0,0,0,0,0,0,2,0
Isaiah Nixon,174354,ED,UCF,2,0,0,323,59.6,,,,,,68.9,,,69.7,0,0,0,1,0,0,0,4,0
Tyree Patterson,174355,WR,UCF,4,0,0,323,,,,,,,62.2,,,69.6,0,0,0,0,0,1,0,6,0
Grant Reddick,174359,P,UCF,1,0,0,323,,,,,60.0,,60.0,,,64.2,0,0,0,0,1,0,0,0,0
Andrew Rumph,174361,DI,UCF,1,0,0,323,59.1,,,,,,59.2,,,63.7,0,0,0,5,0,0,0,0,0
John Walker,174362,DI,UCF,11,0,0,323,58.4,,,,,,58.3,,,66.9,0,0,0,26,0,0,0,1,0
Brendan Bett,174627,DI,BAYLOR,7,0,0,118,58.3,,,,,,58.1,,,65.5,0,0,0,15,0,0,0,0,0
DJ Coleman,174628,S,BAYLOR,11,0,0,118,59.8,,,,,,67.9,,,74.2,0,0,0,10,30,8,16,16,1
Micah Gifford,174629,WR,BAYLOR,12,1,0,118,,,,,,,81.6,,,56.2,1,1,0,0,14,47,21,36,0
Caden Jenkins,174630,CB,BAYLOR,12,0,0,118,59.5,,,,,,68.8,,,77.6,0,0,0,44,11,0,2,30,0
Matthew Klopfenstein,174633,TE,BAYLOR,9,0,0,118,,,,,,,66.3,,,71.1,0,0,0,0,0,47,0,0,0
Dawson Pendergrass,174637,HB,BAYLOR,9,0,0,118,,,,66.4,,,61.3,,,73.9,0,0,0,0,0,37,0,12,0
Jacob Redding,174639,S,BAYLOR,3,0,0,118,,,,,,,67.2,,,69.4,0,0,0,0,5,0,0,7,0
Dylan Schaub,174641,LS,BAYLOR,8,0,0,118,,,80.9,,,50.3,62.6,,,65.2,0,0,32,0,0,0,20,0,1
LeVar Thornton Jr.,174646,CB,BAYLOR,4,0,0,118,59.9,,,,,,65.1,,,69.8,0,0,0,4,13,0,5,8,1
Bryson Washington,174649,HB,BAYLOR,3,0,0,118,,,,,,,66.1,,,72.5,0,0,0,0,0,0,0,11,0
Palmer Williams,174650,P,BAYLOR,12,1,0,118,,,23.4,,,,44.3,,60.8,70.8,0,0,48,0,0,0,37,0,0
Carl Williams IV,174651,CB,BAYLOR,10,0,0,118,59.5,,,,,,64.7,,,76.3,0,0,0,9,17,5,7,33,0
Tayshawn Wilson,174652,CB,BAYLOR,2,0,0,118,,,,,,,61.6,,,67.9,0,0,0,0,7,0,0,0,0
Trey Wilson,174653,ED,BAYLOR,11,0,0,118,90.2,,,,,,80.1,,,73.7,0,0,0,11,43,26,0,11,1
Kai Black,174657,WR,IOWA STATE,2,0,1,193,,,,,,,31.7,,,25.8,0,1,0,0,0,0,0,6,0
Brendan Black,174658,G,IOWA STATE,6,0,0,193,,,70.8,,,,64.2,,,73.3,0,0,30,0,0,0,0,0,0
Kooper Ebel,174665,LB,IOWA STATE,5,0,0,193,60.0,,,,,,54.3,,,69.9,0,0,0,1,9,1,0,4,0
Carson Hansen,174669,HB,IOWA STATE,12,0,0,193,,,,58.5,,,62.5,,,71.5,0,0,0,0,0,53,9,5,0
Ta'Shawn James,174672,S,IOWA STATE,1,0,0,193,,,,,,,45.2,,,67.8,1,0,0,0,1,0,0,2,1
Joseph James Jean-Louis,174673,LB,IOWA STATE,3,1,0,193,,,,,,,76.6,,,74.0,0,0,0,0,4,0,0,14,0
Caden Matson,174677,S,IOWA STATE,2,0,0,193,,,,,,,62.5,,,68.8,0,0,0,0,0,0,0,6,0
Jamison Patton,174683,S,IOWA STATE,7,0,0,193,60.0,,,,,,66.2,,,69.1,0,0,0,4,8,1,0,10,0
Jack Sadowsky V,174685,LB,IOWA STATE,12,0,0,193,59.9,,,,,,60.9,,,69.1,0,0,0,25,0,0,0,0,0
Abu Sama III,174686,HB,IOWA STATE,1,0,0,193,,,,,,,60.6,,,67.6,0,0,0,0,0,0,0,2,0
Cam Smith,174690,S,IOWA STATE,4,0,0,193,,,,,,,65.9,,,69.1,0,0,0,0,0,0,0,12,0
Drew Surges,174691,S,IOWA STATE,11,1,0,193,60.0,,,,,,86.8,,,79.5,1,0,0,7,36,51,0,34,2
Mario Agyen,174694,HB,LOUISVILLE,1,0,0,210,,,,,,,60.6,,,63.7,0,0,0,0,2,0,0,0,0
Keyjuan Brown,174695,HB,LOUISVILLE,1,0,0,210,,,,,,,60.5,,,69.0,0,0,0,0,0,0,0,2,0
Stanquan Clark,174698,LB,LOUISVILLE,14,0,0,210,59.7,,,,,,71.1,,,77.0,1,0,0,7,82,31,0,18,3
Travis Egan,174701,QB,LOUISVILLE,1,0,0,210,,,,,,,60.0,,,62.3,0,0,0,0,1,0,0,0,0
William Fowles,174702,WR,LOUISVILLE,1,0,0,210,,,,,,,60.0,60.0,,62.1,0,0,0,0,0,0,0,1,0
AJ Green,174704,ED,LOUISVILLE,5,0,0,210,59.4,,,,,,62.0,,,69.2,0,0,0,3,0,0,0,11,0
Jaedon King,174707,WR,LOUISVILLE,2,0,0,210,,,,,,,60.8,,,70.0,0,0,0,0,0,9,0,0,0
Hayden Travelstead,174715,LS,LOUISVILLE,1,0,0,210,,,60.0,,,32.0,57.1,,,62.1,0,0,2,0,0,0,1,0,0
Cristian Conyer,174720,CB,TENNESSEE,8,0,0,307,,,,,,,60.8,,,28.8,0,1,0,0,28,0,0,30,1
Rickey Gibson III,174724,CB,TENNESSEE,12,0,0,307,59.8,,,,,,69.6,,,79.1,0,0,0,4,32,0,0,40,0
Caleb Herring,174726,ED,TENNESSEE,8,0,0,307,59.6,,,,,,58.4,,,71.5,0,0,0,3,40,1,0,20,0
Daevin Hobbs,174727,DI,TENNESSEE,6,0,0,307,59.6,,,,,,60.7,,,67.1,0,0,0,3,0,2,0,3,0
Larry Johnson III,174729,T,TENNESSEE,2,0,0,307,,,63.4,,,,62.4,,,65.9,0,0,12,0,0,0,0,0,0
Khalifa Keith,174730,HB,TENNESSEE,13,0,0,307,,,,,,,66.8,,,73.6,0,0,0,0,0,59,21,0,0
Vysen Lang,174731,C,TENNESSEE,2,0,0,307,,,67.3,,,,62.9,,,62.8,0,0,13,0,0,0,0,0,0
Jack Luttrell,174734,CB,TENNESSEE,3,0,0,307,,,,,,,64.0,,,69.7,0,0,0,0,0,0,0,9,0
Jordan Matthews,174735,CB,TENNESSEE,6,0,0,307,,,,,,,65.1,,,72.0,0,0,0,0,9,17,0,19,0
Nathan Robinson,174738,DI,TENNESSEE,1,0,0,307,59.6,,,,,,59.8,,,62.0,0,0,0,1,0,0,0,0,0
Jackson Ross,174739,P,TENNESSEE,13,0,1,307,,,67.8,,,,57.8,,75.2,29.8,0,1,74,0,0,0,56,0,0
Cameron Seldon,174740,HB,TENNESSEE,13,0,0,307,,,,61.8,,,51.5,,,81.9,0,1,0,0,73,59,3,50,1
John Slaughter,174741,S,TENNESSEE,12,0,0,307,,,,,,,69.3,,,77.1,0,0,0,0,72,13,0,25,1
Jalen Smith,174742,LB,TENNESSEE,5,0,0,307,,,,,,,63.1,,,69.0,0,0,0,0,31,1,0,0,2
Dayton Sneed,174743,WR,TENNESSEE,3,0,0,307,,,,,,,65.7,,,69.6,0,0,0,0,4,1,0,12,0
Jeremiah Telander,174745,LB,TENNESSEE,12,0,0,307,60.1,,,,,,60.6,,,78.8,1,0,0,5,26,52,0,16,1
Shamurad Umarov,174746,T,TENNESSEE,4,0,0,307,,,68.2,,,,63.4,,,66.7,0,0,21,0,0,0,0,0,0
Shively Asoau Fua,174753,T,UTAH ST,13,0,0,329,,,77.7,,,,66.0,,,71.3,0,0,67,0,0,0,0,0,0
Davon Booth,174754,HB,UTAH ST,2,0,0,329,,,,59.9,,,60.0,,,61.6,0,0,0,0,0,2,0,0,0
Kahanu Davis,174757,WR,UTAH ST,2,0,0,329,,,,,,,62.3,,,70.6,0,0,0,0,0,6,0,3,0
Devin Dye,174758,S,UTAH ST,12,0,0,329,59.7,,,,,,57.5,,,34.4,0,2,0,38,46,16,37,32,1
Will Monney,174765,TE,UTAH ST,10,0,1,329,,,,,,,56.5,,,28.6,0,2,0,0,29,47,7,42,0
Tavo Motu'apuaka,174766,G,UTAH ST,4,0,0,329,,,70.6,,,,64.1,,,70.6,0,0,23,0,0,0,0,0,0
Teeg Slone,174767,S,UTAH ST,1,0,0,329,60.0,,,,,,60.0,,,61.1,0,0,0,1,0,0,0,0,0
Cian Slone,174768,ED,UTAH ST,10,0,0,329,59.2,,,,,,69.1,,,72.9,0,0,0,10,45,0,0,5,1
William Testa,174769,K,UTAH ST,3,0,0,329,,63.2,,,,,60.1,,,64.3,0,0,10,0,0,0,0,0,0
Jason Abbey,174772,ED,VA TECH,3,0,0,337,59.8,,,,,,41.1,,,27.3,0,1,0,1,0,0,0,15,0
Antonio Cotman Jr.,174779,CB,VA TECH,2,0,0,337,,,,,,,58.4,,,69.7,0,0,0,0,10,0,3,4,0
Ish Findlayter,174780,ED,VA TECH,1,0,0,337,59.6,,,,,,59.8,,,62.0,0,0,0,1,0,0,0,0,0
Ayden Greene,174784,WR,VA TECH,8,0,0,337,,,,,,,65.1,,,77.6,0,1,0,0,6,0,0,36,0
Josh Hand,174786,LB,VA TECH,5,1,0,337,,,,,,,67.2,,,69.3,0,0,0,0,13,0,0,9,0
Takye Heath,174787,WR,VA TECH,1,0,0,337,,,,,,,61.4,,,64.0,0,0,0,0,4,0,0,0,0
Braylon Johnson,174790,CB,VA TECH,8,0,0,337,60.0,,,,,,64.9,,,70.4,0,0,0,5,2,10,1,11,0
Dante Lovett,174793,CB,VA TECH,12,1,0,337,59.9,,,,,,55.4,,,29.4,0,3,0,2,66,13,30,56,4
Thomas Williams,174800,CB,VA TECH,5,0,0,337,,,,,,,57.4,,,74.8,1,0,0,0,0,9,20,21,0
Caleb Woodson,174805,S,VA TECH,13,0,0,337,60.2,,,,,,54.2,,,78.1,0,0,0,17,56,4,5,42,0
Ian Bell,174807,CB,WYOMING,12,0,0,351,59.9,,,,,,69.4,,,76.5,0,0,0,1,51,5,0,40,3
Tyrecus Davis,174814,CB,WYOMING,9,0,0,351,59.8,,,,,,62.2,,,71.1,0,0,0,24,6,0,0,8,0
Kayden LaFramboise,174824,WR,WYOMING,2,0,0,351,,,,,,,61.0,,,63.6,0,0,0,0,3,0,0,0,0
Keany Parks,174825,CB,WYOMING,13,0,0,351,,,,,,,46.7,,,78.9,4,1,0,0,65,0,0,48,0
Lucas Samsula,174827,DI,WYOMING,1,0,0,351,59.5,,,,,,59.7,,,63.3,0,0,0,2,0,0,0,0,0
Miles Tucker,174830,S,WYOMING,2,0,0,351,,,,,,,60.9,,,63.9,0,0,0,0,3,0,0,0,0
Kuba Tyszka,174832,T,WYOMING,5,0,0,351,,,,,,,60.8,,,66.1,0,0,0,0,0,0,24,0,0
Imari Conely,174861,CB,S JOSE ST,1,0,0,285,,,,,,,60.1,,,66.8,0,0,0,0,0,0,2,2,0
Gafa Faga,174862,DI,S JOSE ST,3,0,0,285,58.7,,,,,,58.6,,,64.7,0,0,0,11,0,0,0,0,0
Vaka Hansen,174867,DI,S JOSE ST,10,0,0,285,57.8,,,,,,57.3,,,67.3,0,0,0,46,0,0,0,0,0
Keynan Higgins,174869,WR,S JOSE ST,10,0,0,285,59.7,,,,,,70.8,,,28.9,0,1,0,4,1,0,0,41,0
Taniela Latu,174872,LB,S JOSE ST,12,0,0,285,60.0,,,59.9,,,63.8,,,71.6,0,0,0,43,5,60,8,0,0
Noah McNeal-Franklin,174877,LB,S JOSE ST,1,0,0,285,60.0,,,,,,60.0,,,60.8,0,0,0,1,0,0,0,0,0
John Norwood,174878,ED,S JOSE ST,12,1,0,285,58.4,,,59.9,,,73.5,,,76.9,0,0,0,43,43,4,14,39,2
Isiah Revis,174881,S,S JOSE ST,13,3,0,285,60.0,,,,,,68.0,,,73.4,1,0,0,1,72,16,2,3,1
Tangata Tuitupou,174884,ED,S JOSE ST,1,0,0,285,59.7,,,,,,59.9,,,63.5,0,0,0,2,0,0,0,0,0
Austin Anderson,174919,T,LIBERTY,1,0,0,206,,,60.0,,,,60.0,,,60.9,0,0,1,0,0,0,0,0,0
Marquis Bell,174920,CB,LIBERTY,11,0,0,206,59.8,,,,,,66.8,,,73.2,0,0,0,9,12,7,0,19,0
Christian Bodnar,174922,S,LIBERTY,4,0,0,206,60.0,,,,,,61.2,,,67.1,0,0,0,5,1,0,0,1,0
Bo Burklow,174924,TE,LIBERTY,3,0,0,206,,,60.0,,,,61.5,,,65.8,0,0,2,0,0,4,0,2,0
TJ Bush Jr.,174925,ED,LIBERTY,14,0,0,206,60.1,,,,,,63.6,,,70.7,0,0,0,36,0,0,0,14,0
Donovan Dozier,174927,ED,LIBERTY,1,0,0,206,60.0,,,,,,60.0,,,61.7,0,0,0,1,0,0,0,0,0
Billy Durocher,174928,TE,LIBERTY,4,0,0,206,,,62.9,59.9,,,62.1,,,63.0,0,0,11,0,0,1,0,0,0
Aaron Fenimore,174929,C,LIBERTY,1,0,0,206,,,60.0,,,,60.0,,,63.4,0,0,1,0,0,0,0,0,0
Jabin Ford,174930,S,LIBERTY,5,0,0,206,60.0,,,,,,68.8,,,70.5,0,0,0,3,8,4,0,10,1
Tysheik Galloway,174931,DI,LIBERTY,5,0,0,206,59.1,,,,,,61.6,,,67.3,0,0,0,3,0,0,0,5,0
Larry Jones III,174933,ED,LIBERTY,2,0,0,206,,,,,,,60.0,,,64.8,0,0,0,0,0,0,0,2,0
Jamal Miles,174934,CB,LIBERTY,1,0,0,206,60.0,,,,,,60.0,,,63.5,0,0,0,1,0,0,0,0,0
Eliyt Nairne,174936,DI,LIBERTY,3,0,0,206,59.5,,,,,,61.3,,,66.3,0,0,0,3,0,0,0,3,0
Nathan Pirolli,174938,ED,LIBERTY,4,0,0,206,60.0,,,,,,61.2,,,65.1,0,0,0,4,0,0,0,2,0
Rick Weaver,174940,G,LIBERTY,2,0,0,206,59.3,,,,,,59.5,,,63.1,0,0,0,2,0,0,0,0,0
Bryan Whitehead,174941,ED,LIBERTY,8,0,0,206,59.4,,,,,,61.2,,,66.1,0,0,0,7,0,0,0,4,0
Botros Alisandro,174944,CB,PURDUE,12,1,0,273,60.5,,,,,,75.5,,,84.5,2,0,0,17,57,0,53,54,9
George Burhenn,174950,TE,PURDUE,7,0,0,273,,,66.4,,,,66.7,,,69.6,0,0,18,0,2,20,0,0,0
Mondrell Dean,174955,HB,PURDUE,1,0,0,273,,,,,,,84.0,,,65.7,0,0,0,0,0,6,0,0,0
Jamarrion Harkless,174958,ED,PURDUE,1,0,0,273,,,60.0,,,68.5,61.5,,,61.4,0,0,3,0,0,0,0,0,0
Will Heldt,174960,ED,PURDUE,12,0,0,273,59.9,,74.6,59.9,,,79.3,,,83.2,0,0,50,3,0,46,63,54,1
Luke Jones,174962,WR,PURDUE,4,0,0,273,,,,,,,64.1,,,71.4,0,0,0,0,0,24,10,13,0
Jimmy Liston,174964,G,PURDUE,4,0,0,273,,,68.9,,,,63.6,,,69.9,0,0,18,0,0,0,0,0,0
Derrick Rogers,174967,CB,PURDUE,12,0,1,273,59.9,,,,,,37.7,,,38.9,1,1,0,29,55,0,0,54,1
Dillon Thieneman,174971,S,PURDUE,12,1,0,273,59.8,,,61.8,,,69.7,,,75.2,0,0,0,63,2,2,63,2,2
Jaron Tibbs,174972,WR,PURDUE,1,0,0,273,,,,,,,51.2,,,66.6,1,0,0,0,4,0,0,0,0
Dimitri Johnson,174976,ED,NEW MEXICO,12,0,1,241,60.3,,,61.8,,,52.7,,,29.2,0,1,0,59,0,11,11,16,1
Trenton Alan Yowe,174979,CB,APP STATE,14,0,0,108,60.0,,,,,,66.3,,,74.1,0,0,0,1,0,0,0,46,0
Jayden Bethea,174981,LB,APP STATE,1,1,0,108,,,,,,,71.7,,,63.3,0,0,0,0,3,0,0,0,0
Dylan Castoria,174984,TE,APP STATE,1,0,0,108,,,,,,,60.0,,,63.3,0,0,0,0,0,3,0,0,0
Max Drag,174988,TE,APP STATE,1,0,0,108,,,60.0,,,,60.5,,,61.1,0,0,3,0,0,0,0,0,0
Cahari Haynes,174991,LB,APP STATE,3,0,0,108,60.0,,,,,,58.5,,,68.2,1,0,0,1,7,0,6,0,1
Nate Johnson,174993,ED,APP STATE,14,2,0,108,58.4,,,,,,59.7,,,34.3,1,1,0,44,35,0,0,11,0
Mitchell Lake,174994,P,APP STATE,14,0,0,108,,,,,,,63.1,,65.7,74.6,0,0,0,0,0,0,54,0,0
Jackson Bowers,175009,TE,BYU,3,0,0,128,,,,,,,69.5,,,68.1,0,0,0,0,0,13,0,0,0
Ty Burke,175010,S,BYU,1,0,0,128,,,,,,,75.6,,,69.0,1,0,0,0,0,0,9,0,3
Koa Eldredge,175019,WR,BYU,10,2,0,128,,,,,,,67.2,,,75.6,1,0,0,0,46,45,3,17,0
Siale Esera,175020,LB,BYU,4,0,0,128,60.0,,,,,,61.5,,,63.9,0,0,0,7,5,0,0,0,0
Miles Hall,175024,LB,BYU,1,0,0,128,,,,,,,49.0,,,67.0,0,0,0,0,6,0,0,0,0
John Henry Daley,175027,ED,BYU,2,0,0,128,59.7,,,,,,59.9,,,63.6,0,0,0,4,0,0,0,0,0
Ace Kaufusi,175031,LB,BYU,12,0,0,128,59.5,,,,,,53.2,,,78.2,1,0,0,7,34,67,30,30,1
David Latu,175034,DI,BYU,6,0,0,128,58.9,,,,,,59.7,,,65.9,0,0,0,6,0,0,0,2,0
LJ Martin,175035,HB,BYU,1,0,0,128,,,,,,,60.0,,,63.3,0,0,0,0,0,0,0,0,0
Marcus McKenzie,175036,CB,BYU,5,0,0,128,60.0,,,,,,70.9,,,74.0,0,0,0,1,18,0,23,2,4
Ray Paulo,175037,TE,BYU,6,0,0,128,,,65.6,46.2,,,76.0,,,66.0,0,0,16,0,0,14,0,0,0
Landon Rehkow,175039,K,BYU,1,0,0,128,,,60.0,,,,60.0,,,60.2,0,0,1,0,0,0,0,0,0
Petey Tuipulotu,175040,S,BYU,1,0,0,128,,,,,,,45.0,,,68.5,1,0,0,0,6,0,0,0,0
Solomon Bell,175041,CB,E MICHIGAN,3,0,0,160,60.1,,,,,,58.4,,,72.2,0,0,0,5,3,11,0,6,0
Dan Sunderman,175043,G,E MICHIGAN,9,0,0,160,,,72.1,,,,64.5,,,72.3,0,0,34,0,0,0,0,0,0
Blake Daniels,175047,TE,E MICHIGAN,13,0,0,160,58.5,,71.3,59.9,,,65.4,,,73.0,0,2,36,7,0,69,1,2,0
Bryce Eliuk,175049,LB,E MICHIGAN,5,0,0,160,59.9,,,59.9,,,70.7,,,68.3,0,0,0,22,2,23,0,2,0
Jaheim Jenkins,175053,CB,E MICHIGAN,4,0,0,160,59.8,,,,,,55.6,,,66.8,1,0,0,4,6,0,0,4,1
Malik Tullis,175060,DI,E MICHIGAN,1,0,0,160,,,,,,,60.0,,,90.4,0,0,0,0,0,0,0,1,0
Bennett Walker,175064,CB,E MICHIGAN,10,0,0,160,59.5,,,,,,65.2,,,73.9,0,0,0,16,8,4,0,10,0
Joseph Walker Jr.,175065,WR,E MICHIGAN,4,0,0,160,,,,,,,36.7,,,65.3,0,0,0,0,9,0,0,0,0
Daiquan White,175068,CB,E MICHIGAN,4,0,0,160,,,,,,,62.0,,,91.4,0,0,0,0,0,0,0,4,0
Nasir Addison,175132,CB,KENTUCKY,8,0,0,202,,,,,,,69.4,,,76.7,1,0,0,0,33,8,24,7,4
Khamari Anderson,175134,TE,KENTUCKY,11,1,0,202,,,73.1,,,,60.8,,,39.2,1,1,46,0,52,8,7,15,1
Anthony Brown-Stephens,175138,WR,KENTUCKY,5,0,0,202,,,,53.6,,,63.7,,,68.2,0,0,0,0,0,10,0,9,0
Jayvant Brown,175139,LB,KENTUCKY,11,3,0,202,,,,,,,64.6,,,76.3,1,0,0,0,57,20,1,9,1
Ty Bryant,175140,S,KENTUCKY,13,0,0,202,59.7,,,,,,60.8,,,53.3,0,1,0,22,45,31,51,16,1
Tavion Gadson,175146,DI,KENTUCKY,3,0,0,202,,,,,,,60.8,,,66.7,0,0,0,0,0,0,0,3,0
Walker Himebauch,175150,LS,KENTUCKY,13,0,0,202,,,59.9,,,13.7,39.1,,,66.7,1,0,60,0,0,0,48,0,0
Jamarion Wilcox,175162,HB,KENTUCKY,1,0,0,202,,,,,,,60.0,,,62.7,0,0,0,0,0,1,0,0,0
Malachi Wood,175163,T,KENTUCKY,1,0,0,202,,,60.0,,,,61.1,,,61.4,0,0,5,0,0,0,0,0,0
Javious Bond,175179,HB,E CAROLINA,6,0,0,156,,,,63.1,,,64.0,,,68.7,0,0,0,0,25,24,0,0,4
Javion Clark,175183,S,E CAROLINA,3,0,0,156,,,,,,,53.5,,,67.0,0,0,0,0,14,0,0,0,0
Julien Davis,175186,LB,E CAROLINA,4,1,0,156,,,,,,,85.4,,,76.6,0,0,0,0,11,12,0,12,0
Daylyn Diston,175188,CB,E CAROLINA,3,0,0,156,,,,,,,59.2,,,73.6,0,0,0,0,0,0,5,16,0
Antonio Ferguson,175189,TE,E CAROLINA,1,0,0,156,,,60.0,,,,61.0,,,69.0,0,0,1,0,0,0,0,2,0
Antione Jackson,175191,CB,E CAROLINA,9,0,0,156,60.2,,,,,,64.7,,,74.8,0,0,0,20,16,0,0,28,0
DJ Johnson Jr.,175193,LB,E CAROLINA,1,0,0,156,,,,,,,61.0,,,68.7,0,0,0,0,0,0,0,3,0
Carson Parker,175199,DI,E CAROLINA,1,0,0,156,59.3,,,,,,59.4,,,62.6,0,0,0,2,0,0,0,0,0
Desirrio Riles,175202,TE,E CAROLINA,4,0,0,156,,,,,,,55.7,,,67.6,0,0,0,0,0,15,0,0,0
Rico Watkins,175206,S,E CAROLINA,2,0,0,156,,,,,,,61.4,,,68.1,0,0,0,0,0,0,0,4,0
Tylon Nash,175213,LB,MEMPHIS,2,0,0,218,,,,,,,61.0,,,67.5,0,0,0,0,2,3,0,0,0
Kush'i Abraham,175215,S,NAVY,5,0,0,237,,,,,,,55.1,,,70.7,0,0,0,0,0,14,0,6,0
Tyler Bradley,175219,WR,NAVY,12,0,0,237,,,,68.1,,,60.5,,,64.3,0,0,0,0,0,52,0,0,0
Coleman Cauley,175224,LB,NAVY,8,0,0,237,,,,,,,65.9,,,69.7,0,0,0,0,4,32,0,0,1
Carson de Avila,175226,S,NAVY,1,0,0,237,,,,,,,60.0,,,64.9,0,0,0,0,0,1,0,0,0
Seth English,175230,S,NAVY,1,0,0,237,,,,,,,60.0,,,63.6,0,0,0,0,1,0,0,0,0
Rayne Fry,175234,LS,NAVY,9,0,0,237,,,32.6,,,36.0,43.2,,,67.5,7,0,23,0,0,0,63,0,2
Job Grant,175237,LB,NAVY,1,0,0,237,,,,,,,60.0,,,67.2,0,0,0,0,0,0,0,1,0
Arnel Heathington,175239,CB,NAVY,1,0,0,237,,,,,,,60.0,,,63.8,0,0,0,0,0,0,0,1,0
Greg Johnson,175243,CB,NAVY,3,0,0,237,,,,,,,61.5,,,66.9,0,0,0,0,5,0,0,1,0
JaSean McLean,175252,S,NAVY,9,2,0,237,,,,,,,61.4,,,72.6,1,1,0,0,28,2,0,26,0
Gavin Noe,175254,FB,NAVY,4,0,0,237,,,,,,,71.9,,,65.7,0,0,0,0,0,21,0,0,0
Casey Smith,175267,WR,NAVY,1,0,0,237,,,,,,,62.5,,,68.3,0,0,0,0,6,0,0,4,0
Hoke Smith II,175268,C,NAVY,4,0,0,237,,,64.7,,,,62.7,,,70.5,0,0,12,0,0,0,0,0,0
Brandon Miyazono,175288,LB,SMU,12,1,0,287,59.9,,,,,,47.5,,,29.3,2,2,0,4,71,35,8,41,0
Adam Moore,175289,WR,SMU,12,0,0,287,,,,59.9,,,90.3,,,78.2,0,0,0,0,15,48,0,52,0
Abdul Muhammad,175290,S,SMU,4,0,0,287,59.9,,,,,,68.0,,,67.9,0,0,0,1,11,0,0,0,1
Tripp Riordan,175293,WR,SMU,1,0,0,287,,,,,,,60.4,,,62.9,0,0,0,0,2,0,0,0,0
IV Webb,175295,LB,SMU,3,1,0,287,,,,,,,67.9,,,67.0,0,0,0,0,7,1,0,0,0
Will Karoll,175301,P,TULANE,12,0,0,319,,,,,,,62.9,,73.2,73.8,0,0,0,0,0,0,45,0,0
Brock Burnette,175308,WR,USF,1,0,0,327,,,,,,,60.0,,,64.1,0,0,0,0,0,0,1,1,0
Tawfiq Byard,175309,S,USF,5,0,0,327,60.0,,,,,,65.1,,,68.9,0,0,0,1,6,17,0,7,0
Gerard Edimo,175313,TE,USF,1,0,0,327,,,,,,,60.0,,,63.8,0,0,0,0,0,0,0,1,0
Tyree Kelly,175318,WR,USF,6,0,0,327,,,,,,,46.8,,,28.2,0,1,0,0,0,0,0,25,0
Greg Otten,175321,LB,USF,2,0,0,327,,,,,,,61.4,,,64.7,0,0,0,0,4,0,0,0,0
Drew Perez,175322,G,USF,3,0,0,327,,,67.6,,,,63.3,,,69.4,0,0,15,0,0,0,0,0,0
JaBari Roberson,175323,CB,USF,5,0,0,327,,,,,,,61.6,,,67.5,0,0,0,0,1,0,0,6,0
Jameel Sanders,175324,CB,USF,6,0,0,327,59.9,,,,,,62.4,,,71.9,0,0,0,6,2,0,0,11,0
JeyQuan Smith,175327,WR,USF,1,0,0,327,,,,,,,71.2,,,73.0,0,0,0,0,0,0,4,10,1
Kahlil Ali,175331,CB,BOSTON COL,4,0,0,121,,,,,,,58.3,,,72.0,1,0,0,0,14,0,0,3,1
Loren DiLoreto,175335,P,BOSTON COL,9,0,0,121,,,,,,,61.8,,50.6,71.2,0,1,0,0,0,0,21,0,0
Reed Harris,175339,TE,BOSTON COL,1,0,0,121,,,,,,,52.5,,,66.3,0,0,0,0,0,3,0,2,0
Nate Johnson,175340,WR,BOSTON COL,3,0,0,121,,,,,,,52.4,,,70.0,1,0,0,0,0,0,14,0,0
Jaedn Skeete,175343,WR,BOSTON COL,1,0,0,121,,,,,,,61.7,,,69.0,0,0,0,0,0,0,0,4,0
Max Tucker,175345,CB,BOSTON COL,6,0,0,121,59.7,,,,,,51.2,,,72.0,0,0,0,10,11,0,0,15,1
Ryan Degyansky,175351,P,DUKE,2,0,0,154,,,,,65.9,,60.4,,,70.7,0,0,0,0,11,0,0,0,0
Chad Alexander,175356,HB,GA TECH,11,1,0,176,,,,,,,66.8,,,54.3,0,1,0,0,51,66,20,23,2
Will Kiker,175365,CB,GA TECH,1,0,0,176,,,,,,,60.2,,,65.0,0,0,0,0,0,0,0,3,0
Bailey Stockton,175368,WR,GA TECH,3,0,0,176,,,,,,,63.6,,,67.9,0,0,0,0,0,0,0,10,0
Joshua Taylor,175370,P,GA TECH,1,0,0,176,,,,,,,60.0,,60.0,64.0,0,0,0,0,0,0,1,0,0
Popo Aguirre,175372,LB,MIAMI FL,13,0,0,220,59.9,,,,,,83.0,,,77.7,0,0,0,1,47,50,5,28,2
Damari Brown,175373,CB,MIAMI FL,13,0,0,220,59.7,,,,,,67.5,,,79.5,0,0,0,19,36,20,0,39,0
Demetrius Freeney Jr.,175375,CB,MIAMI FL,5,1,0,220,,,,,,,69.7,,,71.9,0,0,0,0,13,8,0,9,0
William Hawkins IV,175376,WR,MIAMI FL,2,0,0,220,,,,,,,60.0,60.3,,63.3,0,0,0,0,0,2,0,1,0
Josh Horton,175377,DI,MIAMI FL,2,0,0,220,59.4,,,,,,60.2,,,64.6,0,0,0,1,0,0,0,1,0
Ray Ray Joseph Jr.,175379,WR,MIAMI FL,9,0,1,220,,,,73.9,,,28.8,67.7,,27.4,0,2,0,0,1,15,0,26,0
Tommy Kinsler IV,175380,G,MIAMI FL,1,0,0,220,,,60.0,,,,60.5,,,64.8,0,0,2,0,0,0,0,0,0
Shemar Kirk,175381,WR,MIAMI FL,2,0,0,220,,,,,,,56.6,,,66.2,0,0,0,0,0,8,0,0,0
Marcellius Pulliam,175385,LB,MIAMI FL,9,0,0,220,,,,,,,72.6,,,75.7,0,0,0,0,35,47,4,7,0
Robert Stafford III,175386,CB,MIAMI FL,1,0,0,220,59.9,,,,,,60.0,,,63.5,0,0,0,1,0,0,0,0,0
Patrick Stepelton,175387,WR,MIAMI FL,1,0,0,220,,,,,,,60.0,,,62.1,0,0,0,0,1,0,0,0,0
Kaleb Cost,175392,CB,N CAROLINA,13,0,0,245,60.1,,,,,,50.8,,,28.4,0,2,0,8,9,58,0,40,0
Chris Culliver,175393,WR,N CAROLINA,11,0,0,245,,,,61.7,,,47.8,,,38.8,1,1,0,0,37,7,5,27,1
Ayden Duncanson,175394,CB,N CAROLINA,1,0,0,245,,,,,,,60.0,,,66.0,0,0,0,0,0,0,0,1,0
Caleb LaVallee,175399,LB,N CAROLINA,3,0,0,245,,,,,,,62.3,,,68.4,0,0,0,0,4,6,0,2,0
Tre Miller,175403,CB,N CAROLINA,5,0,0,245,,,,,,,63.0,,,70.6,0,0,0,0,2,0,0,13,0
Jordan Bass,175407,LB,PITTSBURGH,7,0,0,268,60.1,,,,,,56.7,,,29.0,0,1,0,7,16,18,0,21,1
Rasheem Biles,175408,LB,PITTSBURGH,9,0,0,268,60.0,,,,,,82.4,,,28.9,1,1,0,2,28,5,0,27,1
Cruce Brookins,175409,S,PITTSBURGH,1,0,0,268,,,,,,,61.1,,,65.3,0,0,0,0,3,0,0,0,0
Sam Carpenter,175411,K,PITTSBURGH,1,0,0,268,,60.0,,,,,60.0,,,61.7,0,0,1,0,0,0,0,0,0
Kenny Johnson,175419,WR,PITTSBURGH,12,0,0,268,,,,64.8,,,63.5,,,72.3,0,0,0,0,0,58,11,37,0
Graysen Riffe,175423,C,PITTSBURGH,2,0,0,268,,,60.9,,,,61.6,,,60.7,0,0,8,0,0,0,0,0,0
Trent Baker-Booker,175426,CB,VIRGINIA,3,0,0,335,,,,,,,29.7,,,66.6,0,1,0,0,0,0,0,4,0
Anthony Britton,175427,DI,VIRGINIA,4,0,0,335,58.6,,,,,,58.5,,,65.8,0,0,0,20,0,0,0,0,0
Mekhi Buchanan,175428,ED,VIRGINIA,12,1,0,335,60.0,,,,,,52.7,,,69.1,2,0,0,10,24,0,0,12,0
Devin Clark,175429,S,VIRGINIA,4,0,0,335,,,,,,,56.7,,,72.4,0,0,0,0,10,0,5,9,0
TyLyric Coleman,175430,WR,VIRGINIA,3,0,0,335,,,,,,,61.5,,,68.3,0,0,0,0,0,0,0,4,0
Matt Ganyard,175432,K,VIRGINIA,12,1,0,335,,,,,69.5,,63.4,,,77.3,2,0,0,0,59,0,0,0,2
Jason Hammond,175434,DI,VIRGINIA,4,0,0,335,59.5,,,,,,61.2,,,66.1,0,0,0,2,0,0,0,3,0
Caleb Hardy,175435,S,VIRGINIA,8,0,0,335,60.0,,,,,,60.7,,,63.8,0,0,0,31,3,0,0,0,0
Suderian Harrison,175436,WR,VIRGINIA,7,0,0,335,59.9,,,58.7,,,65.9,48.5,,70.0,0,0,0,2,0,4,0,27,0
Kam Robinson,175441,LB,VIRGINIA,11,2,0,335,59.6,,,,,,41.5,,,52.3,2,2,0,35,29,26,44,24,0
Dre Walker,175444,CB,VIRGINIA,9,0,0,335,59.9,,,,,,50.0,,,29.6,0,1,0,22,1,0,16,30,0
Darius Grimes,175450,LB,MARYLAND,1,0,0,215,59.6,,,,,,59.8,,,62.4,0,0,0,1,0,0,0,0,0
Sean Brown,175459,S,MICH STATE,8,0,0,223,59.9,,,,,,62.6,,,69.4,0,0,0,3,16,1,0,7,0
Philipp Davis,175462,CB,MICH STATE,1,0,0,223,,,,,,,65.1,,,68.4,0,0,0,0,3,0,1,3,0
Caleb Gash,175463,S,MICH STATE,1,0,0,223,,,,,,,60.8,,,63.9,0,0,0,0,5,0,0,0,0
Aziah Johnson,175464,WR,MICH STATE,3,0,0,223,,,,,,,62.1,,,68.0,0,0,0,0,0,0,0,6,0
Brandon Lewis,175466,S,MICH STATE,3,0,0,223,60.0,,,,,,62.6,,,66.6,0,0,0,1,0,0,0,6,0
Jaelen Smith,175469,WR,MICH STATE,4,0,0,223,,,,,,,58.8,,,67.6,0,0,0,0,0,25,0,0,0
Jalen Thompson,175471,ED,MICH STATE,5,0,0,223,59.2,,,,,,59.8,,,66.1,0,0,0,17,0,0,0,1,0
Drew Wilson,175472,LS,MICH STATE,8,0,0,223,,,,,,0.0,28.4,,,67.2,4,0,0,0,0,0,55,0,0
Kai Wallin,175486,ED,NEBRASKA,3,0,0,238,59.9,,,,,,62.5,,,72.9,0,0,0,2,0,0,0,13,0
Djibril Rahman,175501,ED,RUTGERS,1,0,0,278,,,,,,,60.0,,,64.7,0,0,0,0,0,0,0,1,0
Sage Clawges,175503,CB,RUTGERS,3,0,0,278,,,,,,,53.4,,,65.6,0,0,0,0,9,0,0,0,0
Famah Toure,175517,WR,RUTGERS,1,0,0,278,,,,,,,60.5,,,64.6,0,0,0,0,2,0,0,0,0
Trevor Yeboah-Kodie,175519,CB,RUTGERS,13,3,0,278,,,,,,,81.9,,,57.0,0,1,0,0,62,56,27,30,3
Christian Alliegro,175520,LB,WISCONSIN,13,1,0,349,,,,,,,56.8,,,79.0,1,0,0,0,48,0,0,44,1
Tucker Ashcraft,175521,TE,WISCONSIN,2,0,0,349,,,,,,,62.1,,,67.5,0,0,0,0,0,0,0,9,0
Atticus Bertrams,175522,P,WISCONSIN,13,0,0,349,,,,,,,63.5,,61.5,75.5,0,1,0,0,0,0,64,0,0
Nyzier Fourqurean,175525,CB,WISCONSIN,12,0,0,349,59.8,,,,,,62.4,,,73.1,0,0,0,16,0,19,0,18,0
Trech Kekahuna,175527,WR,WISCONSIN,5,0,0,349,,,,63.5,,,67.7,,,68.6,0,0,0,0,0,23,0,0,0
Evan Van Dyn Hoven,175535,LB,WISCONSIN,1,0,0,349,,,,,,,60.2,,,67.1,0,0,0,0,0,2,0,0,0
Toddrick Brewton,175541,ED,FIU,9,0,0,166,60.0,,,,,,60.2,,,74.1,0,0,0,8,19,20,0,21,0
Mister Clark,175545,LB,FIU,2,0,0,166,,,,,,,62.5,,,68.9,0,0,0,0,3,9,0,4,0
Jordan Clemons,175546,HB,FIU,4,0,0,166,,,,,,,65.8,,,70.6,0,0,0,0,1,0,0,11,0
Reech Daniel,175549,CB,FIU,4,0,0,166,,,,,,,55.8,,,72.9,0,0,0,0,0,25,0,0,0
Victor Evans III,175552,CB,FIU,10,0,0,166,,,,,,,45.6,,,49.8,1,1,0,0,28,36,18,27,1
Landon Hale,175555,S,FIU,7,0,0,166,,,,,,,50.5,,,50.4,2,1,0,0,25,48,13,23,0
Dylan Redmon,175566,WR,FIU,2,0,0,166,,,,,,,61.4,,,70.0,0,0,0,0,0,7,0,1,0
T.J. Snowden,175570,HB,FIU,1,0,0,166,,,,,,,60.3,,,68.7,0,0,0,0,0,0,5,2,0
Preston Thompson,175573,CB,FIU,1,0,0,166,,,,,,,68.5,,,62.9,0,0,0,0,2,0,0,0,1
Michael Williams,175577,CB,FIU,9,1,0,166,,,,,,,66.9,,,82.1,0,0,0,0,34,51,0,18,2
Caleb Hill,175583,T,JVILLE ST,1,0,0,196,,,,,,,60.2,,,61.8,0,0,0,0,0,0,3,0,0
Collin Franta,175596,TE,LA TECH,1,0,0,208,,,,,,,59.7,,,64.1,0,0,0,0,0,9,0,0,0
Tavis Williams,175602,WR,LA TECH,1,0,0,208,,,,,,,60.0,,,65.2,0,0,0,0,0,3,0,0,0
Lonnie Adkism,175610,WR,SM HOUSTON,3,0,0,281,,,,,,,75.8,,,70.7,0,0,0,0,0,14,0,0,0
Kolt Dieterich,175612,G,SM HOUSTON,2,0,0,281,,,60.0,,,,61.8,,,62.3,0,0,10,0,0,0,0,0,0
Thomas Hathorn,175615,LS,SM HOUSTON,12,1,0,281,,,,,,65.3,64.8,,,67.9,1,0,0,0,0,0,76,0,2
Dax Horany,175616,S,SM HOUSTON,3,0,0,281,,,,,,,69.3,,,68.4,1,0,0,0,8,0,6,0,2
Will Hutchens,175617,C,SM HOUSTON,1,0,0,281,,,60.0,,,,61.1,,,62.9,0,0,5,0,0,0,0,0,0
Kaden Kelly,175618,S,SM HOUSTON,2,0,0,281,,,,,,,64.0,,,69.3,0,0,0,0,0,0,0,8,0
Chantson Prox,175623,CB,SM HOUSTON,12,1,0,281,60.0,,,,,,67.3,,,30.8,0,1,0,2,8,0,28,55,1
Daniel Tupuola,175626,DI,SM HOUSTON,5,0,0,281,58.3,,,,,,57.9,,,63.6,0,0,0,8,0,0,0,0,0
Godgive Ugochukwu,175627,ED,SM HOUSTON,1,0,0,281,,,,,,,64.7,,,70.2,0,0,0,0,0,0,0,3,0
Eli Wallace,175628,LB,SM HOUSTON,4,0,0,281,,,,,,,44.7,,,71.7,0,0,0,0,20,19,0,7,1
Joshua Dye,175636,HB,UTEP,1,0,0,330,,,,,,,62.4,,,67.6,0,0,0,0,0,4,0,5,0
Jaime Guerrero,175637,S,UTEP,1,0,0,330,,,,,,,60.0,,,64.6,0,0,0,0,0,2,0,0,0
Caden Harris,175638,WR,UTEP,4,0,0,330,,,,47.7,,,59.3,60.0,,62.9,0,0,0,0,0,9,0,1,0
Joey Lightfoot,175644,DI,UTEP,4,0,0,330,,,67.6,,,,63.4,,,71.8,0,0,19,0,0,0,0,0,0
Trez Moore,175648,CB,UTEP,4,0,0,330,60.1,,,,,,54.4,,,74.8,0,0,0,7,3,0,0,3,0
Yamil Oaxaca,175650,WR,UTEP,6,0,0,330,,,,,,,50.4,,,29.6,1,1,0,0,27,0,0,20,0
Lantz Russell,175652,S,UTEP,4,1,0,330,,,,,,,57.2,,,71.3,1,0,0,0,7,11,21,6,1
Reggie Akles,175660,CB,NEW MEX ST,14,0,0,242,59.6,,,56.6,,,51.8,,,29.1,1,2,0,21,44,48,33,47,1
Tayden Barnes,175662,S,NEW MEX ST,3,0,0,242,,,,,,,64.2,,,68.9,0,0,0,0,4,2,1,9,0
Jayden Bell,175663,WR,NEW MEX ST,2,0,0,242,,,,,,,56.5,,,68.8,0,0,0,0,0,10,0,0,0
Josiah Charles,175665,ED,NEW MEX ST,4,0,0,242,,,,,,,70.6,,,70.4,0,0,0,0,17,3,0,5,2
Quincy Davis,175667,LB,NEW MEX ST,2,0,0,242,,,,,,,67.4,,,68.7,0,0,0,0,0,4,0,4,0
Donovan Faupel,175668,WR,NEW MEX ST,10,0,0,242,,,,,,,60.0,,,69.9,0,0,0,0,1,45,0,4,0
Dailan Goodman,175670,HB,NEW MEX ST,1,0,0,242,,,,,,,60.0,,,63.0,0,0,0,0,0,1,0,0,0
Trent Hudson,175674,WR,NEW MEX ST,7,0,0,242,,,,,,,60.4,,,69.0,0,0,0,0,0,13,0,9,0
Freddy Joya,175676,K,NEW MEX ST,1,0,0,242,,,,,59.8,,60.0,,,64.2,0,0,0,0,1,0,0,0,0
Tyler Martinez,175679,LB,NEW MEX ST,15,0,0,242,59.8,,,,,,53.3,,,75.1,1,0,0,12,7,28,31,17,0
Naeten Mitchell,175681,CB,NEW MEX ST,8,0,0,242,,,,,,,68.9,,,75.4,0,0,0,0,24,0,0,24,1
Angel Munoz,175682,S,NEW MEX ST,9,0,0,242,,,,,,,59.7,,,28.8,1,1,0,0,11,16,0,26,1
Isaiah Rudison,175684,HB,NEW MEX ST,1,0,0,242,,,,,,,60.9,,,66.8,0,0,0,0,0,0,0,3,0
Siddeeq Shabazz,175685,S,NEW MEX ST,1,0,0,242,,,,,,,60.0,,,62.7,0,0,0,0,0,1,0,0,0
Jeremiah Vessel,175689,S,NEW MEX ST,3,0,0,242,59.7,,,,,,61.4,,,66.3,0,0,0,11,0,0,0,4,0
Daniel Williams,175693,DI,HAWAII,13,0,0,180,57.3,,,,,,56.6,,,68.5,0,0,0,69,0,0,0,1,0
Aiden McComber,175702,DI,HAWAII,1,0,0,180,,,60.0,,,,60.0,,,60.9,0,0,2,0,0,0,0,0,0
Jamih Otis,175705,LB,HAWAII,13,2,0,180,60.0,,,,,,68.2,,,55.7,0,1,0,2,55,25,49,18,1
Elijah Palmer,175706,CB,HAWAII,11,0,0,180,59.9,,,,,,61.8,,,66.8,0,0,0,51,9,0,0,4,0
CJ Williams,175714,CB,HAWAII,3,0,0,180,60.0,,,,,,57.7,,,67.9,0,0,0,4,7,7,1,3,0
Jaheim Wilson-Jones,175716,CB,HAWAII,7,0,0,180,60.0,,,,,,41.7,,,71.7,0,0,0,1,18,2,7,2,0
Michael Coats Jr.,175720,CB,NEVADA,8,0,0,239,59.9,,,,,,61.9,,,69.2,0,0,0,16,1,1,0,5,0
D'Angelo Davis,175721,LB,NEVADA,4,0,0,239,,,,,,,65.2,,,69.0,0,0,0,0,0,0,0,14,0
Tori Daffin,175725,S,NEVADA,3,0,0,239,,,,,,,39.5,,,68.6,0,0,0,0,9,11,0,0,0
Conner Noah,175726,HB,NEVADA,1,0,0,239,,,,,,,74.9,,,65.5,0,0,0,0,0,3,0,0,0
Josiah Timoteo,175728,T,NEVADA,2,0,0,239,,,64.0,,,,62.2,,,62.4,0,0,8,0,0,0,0,0,0
Bishop Turner,175729,S,NEVADA,2,0,0,239,60.0,,,,,,60.0,,,62.7,0,0,0,1,0,1,0,0,0
Jacob Godfrey,175734,WR,NEW MEXICO,3,0,0,241,,,,58.9,,,60.4,60.2,,68.5,0,0,0,0,0,9,6,4,0
Wyatt McClour,175735,TE,NEW MEXICO,10,0,0,241,,,,,,,62.8,,,70.7,0,0,0,0,0,60,0,0,0
Dereck Moore,175736,S,NEW MEXICO,10,1,0,241,59.5,,,,,,66.8,,,76.6,0,0,0,34,19,43,12,8,0
Reese Steele,175741,G,NEW MEXICO,2,0,0,241,,,,,,,60.5,,,64.5,0,0,0,0,0,0,9,0,0
Nic Trujillo,175742,WR,NEW MEXICO,3,0,0,241,,,,58.7,,,53.5,,,67.2,0,0,0,0,3,14,0,3,0
Hunter Wiggins,175743,S,NEW MEXICO,8,1,0,241,,,,,,,65.8,,,77.1,0,1,0,0,29,46,0,4,2
Jayden Wilson,175744,ED,NEW MEXICO,12,2,0,241,60.0,,,,,,55.7,,,81.0,1,1,0,3,58,68,32,1,1
Leo Kemp,175757,FB,S DIEGO ST,9,0,0,284,,,,,,,60.8,,,70.8,0,0,0,0,0,45,0,0,0
Jordan Napier,175759,WR,S DIEGO ST,3,0,0,284,,,,,,,62.5,,,70.5,0,0,0,0,14,0,0,0,0
Brady Nassar,175760,ED,S DIEGO ST,7,0,0,284,59.4,,,,,,59.9,,,64.5,0,0,0,7,0,0,0,1,0
Caleb Otlewski,175761,LB,S DIEGO ST,1,0,0,284,,,,,,,60.0,,,62.8,0,0,0,0,1,0,0,0,0
Jalen Corprew,175771,LB,ARK STATE,1,0,0,113,,,,,,,60.0,,,63.8,0,0,0,0,0,0,0,1,0
Reed Linder,175776,WR,ARK STATE,13,0,0,113,,,,,,,47.2,,,29.7,2,2,0,0,73,1,0,44,3
Colin Coates,175790,DI,CHARLOTTE,5,0,0,136,58.7,,,,,,59.8,,,68.0,0,0,0,11,0,0,0,3,0
Bronson Long,175795,K,CHARLOTTE,1,0,0,136,,,,,60.0,,60.0,,,64.2,0,0,0,0,1,0,0,0,0
Duane Thomas Jr.,175797,WR,CHARLOTTE,8,0,0,136,,,,62.8,,,74.3,60.5,,69.2,2,0,0,0,0,32,4,1,0
Cameron Avery,175799,LB,COAST CAR,1,0,0,141,,,,,,,60.0,,,62.4,0,0,0,0,1,0,0,0,0
Javon Gillespie,175804,CB,COAST CAR,1,0,0,141,,,,,,,60.0,,,63.8,0,0,0,0,0,0,0,1,0
Bryson Graves,175806,WR,COAST CAR,13,0,0,141,,,,,,,64.1,56.2,,72.9,1,0,0,0,67,0,0,37,2
Joseph Hanson,175807,T,COAST CAR,6,0,0,141,,,68.2,,,,63.2,,,62.8,0,0,26,0,0,0,0,0,0
Jayden Jackson,175808,CB,COAST CAR,1,0,0,141,,,,,,,60.0,,,63.5,0,0,0,0,0,0,0,1,0
Spencer Kishbaugh,175809,LB,COAST CAR,4,0,0,141,,,,,,,68.9,,,70.6,0,0,0,0,18,3,0,9,1
Luke Sather,175813,QB,COAST CAR,1,0,0,141,,,,,,,67.6,,,67.5,0,0,0,0,4,3,0,1,1
Ja'Vin Simpkins,175816,HB,COAST CAR,11,0,0,141,,,,58.7,,,66.3,,,71.5,0,1,0,0,31,51,0,5,1
Teddy Tiokeng,175819,ED,COAST CAR,6,0,0,141,59.5,,,,,,55.7,,,68.2,1,0,0,2,18,3,0,1,0
Ian Brandt,175824,P,DOMINION,5,0,0,263,,,60.0,,,,62.0,,57.1,70.5,0,1,8,0,0,0,21,0,0
Jean-Christophe Vital Cloutier,175826,S,DOMINION,3,0,0,263,,,,,,,49.1,,,92.9,0,0,0,0,14,0,0,4,0
Jaylen Pretlow,175828,WR,DOMINION,1,0,0,263,,,,,,,62.8,,,67.2,0,0,0,0,6,0,0,2,0
Ozlo Rigby,175830,K,DOMINION,7,0,0,263,,,,,56.4,,62.5,,,75.1,0,0,0,0,37,0,0,0,1
Brian Dillard,175836,CB,S ALABAMA,13,1,0,288,,,,,,,52.7,,,28.5,2,2,0,0,53,4,10,60,2
RJ Moss Jr.,175843,DI,S ALABAMA,2,0,0,288,59.5,,,,,,59.7,,,63.0,0,0,0,2,0,0,0,0,0
Emauri Sibley,175846,LB,S ALABAMA,5,2,0,288,,,,,,,64.5,,,75.2,0,0,0,0,38,8,0,11,0
Dorian Smith,175847,HB,S ALABAMA,2,0,0,288,,,,,,,60.0,,,64.2,0,0,0,0,0,1,0,6,0
Jordan Williams,175851,LB,S ALABAMA,2,0,0,288,,,,,,,64.0,,,67.3,0,0,0,0,5,0,0,6,0
Bray Hubbard,175863,S,ALABAMA,9,0,0,103,,,,,,,66.0,,,77.2,0,0,0,0,55,20,0,29,2
Conor Talty,175874,K,ALABAMA,3,0,0,103,,60.0,,,55.6,,60.0,,,68.6,0,0,1,0,6,0,0,0,1
Richard Young,175877,HB,ALABAMA,2,0,0,103,,,,,,,65.8,,,72.2,0,0,0,0,1,0,0,14,0
Bobby Jamison-Travis,175881,DI,AUBURN,2,0,0,115,59.3,,,,,,60.7,,,65.9,0,0,0,2,0,0,0,2,0
Brayden Slade,175884,S,FLORIDA,3,0,0,163,,,,,,,62.4,,,65.8,0,0,0,0,8,0,0,0,0
Eugene Wilson III,175886,WR,FLORIDA,6,0,0,163,,,,56.9,,,58.8,60.3,,65.8,0,0,0,0,0,39,0,1,0
Carson Allen,175893,K,MISS STATE,1,0,0,227,,,60.0,,,,60.2,,,60.4,0,0,3,0,0,0,0,0,0
Kelley Jones,175896,CB,MISS STATE,3,0,0,227,,,,,,,58.9,,,72.2,0,0,0,0,8,0,3,7,0
Dayvionte Thompson,175898,DI,MISS STATE,1,0,0,227,,,,,,,59.7,,,65.6,0,0,0,0,0,5,3,0,0
Daniel Blood,175899,WR,MISSOURI,8,0,0,229,,,,,,,60.8,,,72.2,0,0,0,0,0,0,3,30,0
Trey Flint,175903,LS,MISSOURI,11,0,0,229,,,83.8,,,69.6,67.3,,,64.0,0,0,63,0,0,0,4,0,0
Jordon Harris,175904,TE,MISSOURI,13,0,0,229,59.8,,75.3,,,,68.9,,,78.2,0,0,59,3,20,52,0,45,0
Marquis Johnson,175906,WR,MISSOURI,10,0,0,229,,,,58.5,,,60.8,,,76.4,1,0,0,0,53,33,37,17,3
Shamar McNeil,175907,CB,MISSOURI,1,0,0,229,59.9,,,,,,60.0,,,63.6,0,0,0,1,0,0,0,0,0
Brett Norfleet,175909,TE,MISSOURI,6,0,0,229,59.8,,67.2,,,,62.5,,,62.9,0,0,20,3,0,2,0,0,0
Jamal Roberts,175912,HB,MISSOURI,1,0,0,229,,,,,,,56.5,,,61.8,0,0,0,0,0,3,0,0,0
Phillip Roche,175913,S,MISSOURI,11,0,0,229,,,,,,,66.6,,,83.1,1,0,0,0,60,3,1,35,3
Tree Babalade,175918,T,S CAROLINA,6,0,0,289,,,71.2,,,,63.8,,,64.0,0,0,24,0,0,0,0,0,0
Trovon Baugh,175919,G,S CAROLINA,10,0,0,289,,,72.3,,,,64.9,,,72.6,0,0,39,0,0,0,0,0,0
DJay Braswell,175920,HB,S CAROLINA,3,0,0,289,,,,,,,63.7,,,69.3,0,0,0,0,15,0,0,1,0
Nyck Harbor,175923,WR,S CAROLINA,2,0,0,289,,,,,,,51.0,,,69.5,1,0,0,0,5,0,0,10,0
Kelton Henderson,175924,WR,S CAROLINA,2,0,0,289,,,,,,,49.8,,,68.3,1,0,0,0,9,0,0,0,0
Jamian Risher Jr.,175925,LB,S CAROLINA,7,0,0,289,,,,,,,65.0,,,73.8,0,0,0,0,0,29,0,15,0
Tyshawn Russell,175926,WR,S CAROLINA,1,0,0,289,,,,59.9,,,60.0,,,61.2,0,0,0,0,0,1,0,0,0
Zahbari Sandy,175928,S,S CAROLINA,2,0,0,289,,,,,,,68.0,,,66.4,0,0,0,0,11,0,0,1,1
Vicari Swain,175930,CB,S CAROLINA,2,0,0,289,,,,,,,64.9,,,67.9,0,0,0,0,11,0,1,0,0
Dalton Brooks,175932,S,TEXAS A&M,11,2,0,312,59.8,,,,,,76.0,,,82.2,0,0,0,6,69,0,8,42,2
DJ Hicks,175935,ED,TEXAS A&M,4,0,0,312,59.0,,,,,,58.9,,,67.7,0,0,0,5,0,16,0,1,0
Chantz Johnson,175936,LB,TEXAS A&M,13,0,0,312,,,,,,,40.2,,,47.4,1,1,0,0,88,0,0,45,2
Rylan Kennedy,175937,ED,TEXAS A&M,11,4,0,312,59.3,,,,,,72.5,,,82.3,0,0,0,3,39,45,4,33,1
Bravion Rogers,175941,CB,TEXAS A&M,6,0,0,312,60.0,,,,,,62.0,,,71.8,0,0,0,4,32,25,0,14,1
Jahdae Walker,175944,WR,TEXAS A&M,10,0,0,312,,,,,,,74.6,,,79.5,0,0,0,0,44,1,2,17,2
Justin Cryer,175949,LB,FLORIDA ST,11,0,0,167,60.4,,,,,,65.3,,,68.8,0,0,0,12,24,4,0,10,0
Malik Elzy,175952,WR,ILLINOIS,1,0,0,187,,,,,,,60.0,,,64.5,0,0,0,0,0,0,1,0,0
Jeremiah Warren,175960,DI,ILLINOIS,2,0,0,187,59.7,,,,,,60.3,,,64.0,0,0,0,1,0,0,0,1,0
Mac Resetich,175962,S,ILLINOIS,11,0,0,187,60.0,,,,,,64.6,60.0,,75.2,0,0,0,3,49,0,0,34,3
CJ Bufkin,175967,CB,ILLINOIS,11,2,0,187,,,,,,,69.7,,,71.2,1,0,0,0,53,0,0,10,3
Juice Clarke,175969,CB,ILLINOIS,12,0,0,187,59.7,,,,,,59.1,,,57.7,2,1,0,5,44,0,40,47,3
Saboor Karriem,175970,S,ILLINOIS,7,1,0,187,60.0,,,,,,48.3,,,29.6,2,1,0,1,24,16,0,4,0
Alex Bray,175973,DI,ILLINOIS,1,0,0,187,60.0,,,,,,60.0,,,62.9,0,0,0,1,0,0,0,0,0
Nico Radicic,175981,K,INDIANA,1,0,0,190,,62.3,,,,,60.0,,,62.9,0,0,3,0,0,0,0,0,0
Anthony Miller,175984,TE,INDIANA,4,0,0,190,,,60.0,,,,62.9,,,72.6,0,0,1,0,0,0,0,7,0
Jordan Shaw,175991,CB,INDIANA,2,0,0,190,59.9,,,,,,60.3,,,62.1,0,0,0,9,0,0,0,1,0
Aiden Arias,175995,LS,NC STATE,1,0,0,248,,,,,,81.4,54.7,,,63.3,1,0,0,0,0,0,4,0,0
Darius Johnson,175999,HB,NC STATE,2,0,0,248,,,,,,,61.4,,,69.4,0,0,0,0,0,1,0,4,0
Coleson Fields,176000,HB,NC STATE,1,0,0,248,,,,,,,60.2,,,64.6,0,0,0,0,0,5,0,0,0
Griffin Reimer,176002,TE,NC STATE,1,0,0,248,,,,,,,61.8,,,64.8,0,0,0,0,6,0,0,0,0
Jayden Hollar,176006,WR,NC STATE,1,0,0,248,,,,,,,60.0,,,63.0,0,0,0,0,0,1,0,0,0
Michael Tate,176008,CB,NC STATE,1,0,0,248,,,,,,,60.8,,,66.6,0,0,0,0,0,0,0,4,0
Bishop Fitzgerald,176010,S,NC STATE,13,0,0,248,60.0,,,,,,66.4,,,72.1,0,0,0,28,6,0,0,30,0
Adam Jacklin,176013,P,N TEXAS,3,0,0,251,,,,,,,60.4,,59.3,68.4,0,0,0,0,0,0,8,0,0
Rashard Perry,176021,FB,SYRACUSE,1,0,0,304,59.8,,,,,,60.0,,,62.7,0,0,0,1,0,0,0,0,0
Deston Hawkins,176024,HB,SYRACUSE,9,0,0,304,,,,55.2,,,57.0,,,70.1,0,0,0,0,21,54,0,0,1
Jack Oberhofer,176029,TE,SYRACUSE,1,0,0,304,,,,,,,60.4,,,65.3,0,0,0,0,2,2,0,0,0
Darrell Gill Jr.,176036,WR,SYRACUSE,6,0,0,304,,,,48.4,,,60.2,,,63.8,0,0,0,0,0,36,0,0,0
Berry Buxton III,176038,CB,SYRACUSE,10,0,0,304,60.0,,,,,,58.9,,,29.4,0,1,0,1,13,44,6,11,1
Jakobie Seabourn,176039,CB,SYRACUSE,4,1,0,304,,,,,,,67.5,,,69.1,0,0,0,0,19,0,0,8,0
Zyian Moultrie-Goddard,176040,LB,SYRACUSE,4,0,0,304,,,,,,,55.8,,,72.1,0,0,0,0,12,22,0,0,0
Ihsim Smith-Marsette,176046,S,TEMPLE,1,0,0,306,,,,,,,60.0,,,60.5,0,0,0,0,0,0,0,1,0
Cole Greene,176049,WR,TULSA,1,0,0,320,,,60.0,,,81.5,65.6,,,63.7,0,0,3,0,0,0,5,0,0
Kerrington Lee,176058,ED,WAKE,1,0,0,339,59.8,,,,,,60.0,,,62.7,0,0,0,1,0,0,0,0,0
Aiden Hall,176060,LB,WAKE,12,1,0,339,59.7,,61.9,,,,72.2,,,79.5,1,1,10,8,40,58,0,14,1
Davaughn Patterson,176061,LB,WAKE,7,0,0,339,60.0,,61.1,,,,65.2,,,73.5,0,0,10,3,32,22,7,9,0
Rushaun Tongue,176062,S,WAKE,4,0,0,339,60.0,,,,,,64.2,,,69.3,0,0,0,3,12,0,1,6,0
Travon West,176063,CB,WAKE,3,0,0,339,59.9,,,,,,61.2,,,66.9,0,0,0,1,2,0,0,3,0
Demarcus Rankin,176065,CB,WAKE,10,0,0,339,59.7,,,,,,56.3,,,73.1,1,0,0,12,17,5,0,9,0
Tyler Black,176066,P,WAKE,11,0,0,339,,58.0,,,80.9,,62.9,,,75.6,0,0,4,0,45,0,0,0,0
David Egbe,176070,HB,WAKE,8,1,0,339,,,,,,,58.7,,,78.0,0,0,0,0,23,42,3,24,0
Deuce Alexander,176077,WR,WAKE,1,0,0,339,,,,,,,60.0,,,64.5,0,0,0,0,0,0,1,0,0
Micah Mays Jr.,176078,WR,WAKE,4,0,0,339,,,,,,,62.9,,,74.4,0,0,0,0,13,0,4,10,0
Christian Abney,176079,TE,BALL ST,3,0,0,117,,,,,,,57.5,,,66.4,0,0,0,0,0,16,0,0,0
Jacqez Barksdale,176082,HB,BUFFALO,12,0,0,126,,,,50.7,,,65.3,,,77.8,0,0,0,0,23,26,0,31,0
Phillip Baynes Jr.,176083,LB,N ILLINOIS,2,0,0,254,,,,,,,54.6,,,24.8,0,1,0,0,4,0,0,0,1
Owen Belman,176084,CB,N ILLINOIS,1,0,0,254,,,,,,,59.9,,,64.5,0,0,0,0,0,3,0,0,0
Kaden Claassen,176087,K,TOLEDO,1,0,0,316,,,,,47.1,,60.0,,,66.0,0,0,0,0,2,0,0,0,0
Elijah Davis,176091,CB,BALL ST,2,0,0,117,,,,,,,60.7,,,67.9,0,0,0,0,0,13,0,0,0
Chris Farrell,176097,G,KENT STATE,9,0,0,201,,,67.4,,,,62.2,,,64.8,0,0,24,0,0,0,1,0,0
Cole Keele,176098,C,UTAH ST,1,0,0,329,,,60.0,,,,61.5,,,67.8,0,0,5,0,0,0,0,0,0
Derek Fields,176099,S,BALL ST,7,0,0,117,,,,,,,47.2,,,29.1,2,2,0,0,33,0,0,33,3
Eli Freeman,176102,G,BALL ST,4,0,0,117,,,67.4,,,,63.8,,,71.6,0,0,21,0,0,0,0,0,0
Mohammed Hazime,176106,TE,KENT STATE,4,0,0,201,,,64.6,,,,62.3,,,61.4,0,0,14,0,0,0,0,0,0
Dylan Hohler,176110,S,TOLEDO,2,0,1,316,,,,,,,29.5,,,27.2,0,1,0,0,0,13,0,5,0
Jared Kelley,176116,WR,KENT STATE,1,0,0,201,,,,59.9,,,60.0,,,61.6,0,0,0,0,0,2,0,0,0
Marion Ponds,176125,CB,BALL ST,4,0,0,117,,,,,,,57.3,,,71.2,1,0,0,0,7,0,14,0,1
Liam Quigley,176127,K,TOLEDO,3,0,0,316,,60.0,,,53.4,,60.0,,,66.5,0,0,2,0,3,0,0,0,0
AJ Taylor,176137,CB,BALL ST,2,0,0,117,60.0,,,,,,60.0,,,60.7,0,0,0,2,0,0,0,0,0
Corey Webb,176139,CB,W MICHIGAN,1,0,0,347,,,,,,,60.0,,,62.6,0,0,0,0,0,0,0,1,0
Jayden Davis,176145,S,CINCINNATI,3,0,0,138,59.9,,,,,,43.8,,,68.8,0,0,0,1,13,0,0,0,0
Nathan Hawks,176147,K,CINCINNATI,7,0,0,138,,,,,77.4,,62.1,,,74.2,0,0,0,0,30,0,0,0,0
Jabril White,176155,CB,CINCINNATI,2,0,0,138,,,,,,,61.0,,,68.8,0,0,0,0,0,0,0,3,0
Tevita Ahoafi-Noa,176166,TE,KANSAS,2,0,0,198,,,60.0,,,,60.9,,,63.7,0,0,4,0,0,0,0,0,0
Jelani McDonald,176180,CB,TEXAS,11,0,0,311,,,,,,,82.5,,,75.8,0,0,0,0,60,23,0,14,2
Derek Williams Jr.,176189,S,TEXAS,11,3,1,311,59.9,,,,,,53.7,,,28.8,1,2,0,1,56,29,0,25,1
Quintrevion Wisner,176190,HB,TEXAS,14,2,0,311,60.0,,,,,,72.1,,,84.1,4,0,0,1,93,8,10,60,4
Randy Pittman Jr.,176195,TE,UCF,13,0,0,323,,,,,,,62.4,,,79.5,0,0,0,0,35,70,5,21,1
Tyler Cain,176199,LB,W VIRGINIA,4,0,0,343,,,,,,,41.1,,,69.3,0,0,0,0,2,20,0,0,0
Traylon Ray,176206,WR,W VIRGINIA,7,0,0,343,,,,,,,65.0,,,70.8,0,0,0,0,1,33,1,7,0
Zayden Laing-Taylor,176211,S,AKRON,4,0,0,102,,,,,,,70.4,,,72.9,0,0,0,0,0,1,0,11,0
Karmello English,176212,WR,MICHIGAN,2,0,0,222,,,,,,,60.0,60.3,,63.2,0,0,0,0,0,1,0,1,0
DJ Waller Jr.,176213,CB,MICHIGAN,6,0,0,222,59.8,,,,,,62.4,,,67.2,0,0,0,2,12,0,0,1,0
Franklyn Johnson Jr.,176214,CB,BOISE ST,1,0,0,120,,,,,,,60.0,,,64.5,0,0,0,0,0,0,1,0,0
Ty Benefield,176221,S,BOISE ST,12,1,0,120,59.0,,,,,,70.9,,,80.9,3,0,0,7,47,44,28,23,8
Kam Cheatom,176225,ED,AKRON,3,0,0,102,,,,,,,62.9,,,69.7,0,0,0,0,5,4,4,8,0
Khai Taylor,176231,CB,BOISE ST,1,0,0,120,60.0,,,,,,60.0,,,60.7,0,0,0,1,0,0,0,0,0
Catrell White,176234,S,AKRON,2,0,0,102,,,,,,,61.6,,,67.4,0,0,0,0,0,0,0,4,0
Chris Edmonds,176235,HB,BOWL GREEN,1,0,0,122,,,,,,,52.3,,,65.4,1,0,0,0,2,0,0,0,1
Caden Ghannam,176239,CB,UMASS,1,0,0,216,,,,,,,60.0,,,63.8,0,0,0,0,0,0,0,1,0
DJ Jester,176241,S,AKRON,4,0,0,102,,,,,,,44.4,,,26.8,0,1,0,0,1,2,0,8,0
Gage Summers,176244,LB,AKRON,1,0,0,102,,,,,,,59.9,,,64.9,0,0,0,0,0,3,0,0,0
Tate Kendall,176248,LS,UMASS,4,0,0,216,,,,,,47.4,51.4,,,65.3,1,0,0,0,0,0,18,0,0
Boen Phelps,176265,S,BOISE ST,1,0,0,120,,,,,,,42.8,,,65.4,1,0,0,0,2,0,0,0,0
Brandyn Hillman,176277,S,MICHIGAN,8,0,0,222,59.9,,,,,,65.3,,,72.6,0,0,0,3,47,0,1,10,0
Troy Wilkey,176279,CB,BOISE ST,14,0,0,120,,,,59.0,,,63.2,,,80.6,0,0,0,0,73,52,17,25,2
Chase Martin,176285,LB,BOISE ST,14,0,0,120,,,,,,,68.2,,,39.9,0,1,0,0,82,68,9,18,7
Marcus Moore,176287,DI,AKRON,4,0,1,102,58.8,,,,,,59.3,,,66.5,0,1,0,10,0,0,0,3,0
Bridjer Bivens,176288,T,BOISE ST,1,0,0,120,,,,,,,60.0,,,63.3,0,0,0,0,0,0,0,0,0
Marcellus Anderson,176298,G,UMASS,10,0,0,216,,,74.3,,,,65.3,,,72.4,0,0,48,0,0,0,0,0,0
Adrian Norton,176301,WR,AKRON,1,0,0,102,,,,,,,60.0,60.0,,62.8,0,0,0,0,0,0,0,1,0
LaJoshua Jackson,176302,ED,AKRON,9,0,0,102,59.6,,,,,,61.2,,,67.8,0,0,0,22,0,0,0,7,0
Aymeric Koumba,176303,ED,MICHIGAN,1,0,0,222,59.7,,,,,,60.0,,,61.8,0,0,0,1,0,0,0,0,0
Cameron Brandt,176306,ED,MICHIGAN,13,0,0,222,60.0,,60.0,,,,74.3,,,76.3,0,0,2,2,13,29,0,35,0
Trey Pierce,176315,DI,MICHIGAN,10,0,0,222,59.1,,,,,,63.9,,,73.2,0,0,0,4,0,0,0,13,0
Jared Merk,176316,WR,BOWL GREEN,1,0,0,122,,,,,,,60.0,,,63.4,0,0,0,0,1,0,0,0,0
Enow Etta,176318,ED,MICHIGAN,2,0,0,222,59.9,,,,,,60.0,,,63.6,0,0,0,2,0,0,0,0,0
Matt Wagner,176320,TE,BOISE ST,4,0,0,120,,,,,,,60.1,,,66.6,0,0,0,0,0,16,0,0,0
Adam Samaha,176321,K,MICHIGAN,1,0,0,222,,60.0,,,,,60.0,,,61.7,0,0,1,0,0,0,0,0,0
Jerry Mervil,176324,WR,LIBERTY,1,0,0,206,,,,,,,59.9,,,62.6,0,0,0,0,0,2,0,0,0
Hidetora Hanada,176326,DI,COLO STATE,1,0,0,144,59.3,,,,,,59.4,,,62.6,0,0,0,2,0,0,0,0,0
Troy Bowles,176329,LB,GEORGIA,4,0,0,173,,,,,,,48.1,,,27.3,0,1,0,0,16,1,0,1,1
Kyron Jones,176331,CB,GEORGIA,3,0,0,173,,,,,,,61.6,,,68.3,0,0,0,0,7,0,0,0,0
Bill Davis,176332,HB,LA LAFAYET,1,0,0,207,,,,,,,38.9,,,69.9,0,0,0,0,4,0,0,3,0
Hayden Darbonne,176344,LB,LA LAFAYET,5,0,0,207,,,,,,,58.9,,,68.9,0,0,0,0,16,0,0,5,0
Chase Edwards,176346,ED,LA LAFAYET,4,0,0,207,57.9,,,,,,57.6,,,66.5,0,0,0,20,0,0,0,0,0
Kody Jackson,176350,S,LA LAFAYET,3,0,0,207,60.0,,,,,,48.9,,,67.6,0,0,0,2,2,4,0,0,0
Micah Johnson,176352,LB,LA LAFAYET,3,0,0,207,,,,,,,80.5,,,74.6,0,0,0,0,0,2,0,7,0
KeDarius Wade,176365,WR,LA LAFAYET,2,0,0,207,,,,,,,54.4,,,67.0,0,0,0,0,8,0,0,4,0
Lance Williams,176366,DI,LA LAFAYET,2,0,0,207,59.6,,,,,,60.7,,,89.6,0,0,0,1,0,0,0,0,0
Ahmere Foster,176372,S,MARSHALL,12,0,0,214,60.1,,,,,,57.8,,,29.7,0,1,0,27,54,8,0,40,1
Kameron Lake,176378,K,MARSHALL,2,0,0,214,,57.7,,,60.0,,60.0,,,64.7,0,0,6,0,1,0,0,0,0
Isaiah Chisom,176394,LB,OREGON ST,4,0,0,265,60.0,,,,,,55.6,,,69.0,1,0,0,1,20,3,0,4,0
Harlem Howard,176400,CB,OREGON ST,2,0,0,265,,,,,,,62.5,,,68.6,0,0,0,0,0,0,0,6,0
Andre Jordan Jr.,176403,CB,OREGON ST,7,0,0,265,59.7,,,,,,75.5,,,76.5,0,0,0,9,38,0,5,19,1
Jermod McCoy,176404,CB,OREGON ST,12,0,0,265,59.7,,,,,,63.8,,,79.6,1,0,0,21,33,0,0,34,0
David Wells Jr.,176410,WR,OREGON ST,2,0,0,265,,,,,,,60.0,62.2,,63.3,0,0,0,0,0,0,0,3,0
Levi Willhite,176411,DI,OREGON ST,1,0,0,265,60.0,,,,,,60.1,,,62.7,0,0,0,2,0,0,0,0,0
AJ Winsor,176412,P,OREGON ST,1,0,0,265,,,,,,,60.0,,66.0,66.8,0,0,0,0,0,0,4,0,0
Javieon Butler,176413,WR,SO MISS,5,0,0,296,59.3,,,,,,62.4,,,76.3,0,0,0,2,0,23,1,19,0
Connor Gibbs,176416,K,SO MISS,12,0,0,296,,57.6,,,74.0,,63.5,,,77.2,0,0,3,0,61,0,0,0,1
JQ Gray,176418,HB,SO MISS,2,1,0,296,,,,,,,74.9,,,68.0,0,0,0,0,4,10,1,0,0
Tre'Mon Henry,176421,ED,SO MISS,1,0,0,296,,,,,,,57.9,,,67.0,0,0,0,0,3,1,1,1,0
Cameron Mackey,176426,DI,SO MISS,2,0,0,296,58.8,,,,,,58.7,,,64.0,0,0,0,8,0,0,0,0,0
LaDarius Moore,176427,TE,SO MISS,1,0,0,296,,,,,,,60.3,,,63.2,0,0,0,0,1,1,0,0,0
Exavious Reed,176429,TE,SO MISS,2,0,0,296,,,,,,,49.8,,,66.9,0,0,0,0,2,7,0,0,0
Justyn Reid,176430,TE,SO MISS,12,0,0,296,,,73.1,,,,65.2,,,66.2,0,0,44,0,1,0,0,5,0
Sentario Willis,176433,CB,SO MISS,1,0,0,296,,,,,,,60.6,,,65.9,0,0,0,0,1,0,0,1,0
Montez Kelley,176440,DI,APP STATE,10,0,0,108,58.3,,,,,,59.8,,,67.7,0,0,0,15,0,0,0,7,0
Siaosi Lauhingoa,176445,DI,UTAH ST,2,0,0,329,58.9,,,,,,59.6,,,65.8,0,0,0,2,0,0,0,1,0
Malcolm Fields,176449,G,TEXAS ST,1,0,0,314,,,60.0,,,,61.0,,,64.2,0,0,4,0,0,0,5,0,0
Dylan Rhodes,176458,WR,TEXAS ST,1,0,0,314,,,,,,,60.3,,,66.2,0,0,0,0,0,0,1,2,0
Matthew Velasco,176464,K,TEXAS ST,7,0,0,314,,,,,68.3,,62.2,,,74.3,2,0,0,0,31,0,0,0,1
Sam Samé,176466,ED,IOWA STATE,1,0,0,193,,,,,,,62.3,,,67.1,0,0,0,0,0,0,0,6,0
T.J. Capers,176469,LB,LOUISVILLE,1,0,0,210,60.0,,,,,,60.0,,,61.1,0,0,0,1,0,0,0,0,0
Titan Saxton,176471,S,UTAH ST,1,0,0,329,,,,,,,61.1,,,65.6,0,0,0,0,3,0,0,0,0
Chase Davis,176474,S,UTAH ST,1,0,0,329,,,,,,,61.2,,,67.1,0,0,0,0,0,6,0,3,0
Jameian Buxton,176488,DI,UTSA,1,0,0,331,59.6,,,,,,59.8,,,62.0,0,0,0,1,0,0,0,0,0
Darrius Govan,176489,ED,UTSA,1,0,0,331,,,61.5,,,,62.0,,,67.2,0,0,6,0,0,0,0,0,0
Davin Martin,176493,CB,UTSA,5,0,0,331,60.0,,,,,,66.4,,,75.6,0,0,0,2,13,0,15,27,0
Devin McCuin,176494,WR,UTSA,11,0,0,331,,,,59.9,,,68.6,,,73.4,0,0,0,0,13,29,21,2,0
Patrick Overmyer,176495,TE,UTSA,4,0,0,331,,,60.0,,,,67.4,,,66.1,0,0,7,0,0,22,0,0,0
Vic Shaw,176502,ED,UTSA,1,0,0,331,,,,,,,60.6,,,66.4,0,0,0,0,0,0,0,3,0
James Walley Jr.,176503,ED,UTSA,1,0,0,331,59.8,,,,,,60.0,,,62.7,0,0,0,1,0,0,0,0,0
Marcellus Wilkerson,176504,S,UTSA,7,0,0,331,60.0,,,,,,67.5,,,29.3,0,1,0,1,45,0,0,33,1
Josh Fussell,176509,S,NWESTERN,4,0,0,256,,,,,,,62.3,,,71.5,0,0,0,0,0,0,0,13,0
Henry Helms,176511,K,NWESTERN,8,1,0,256,,,,,44.4,,43.8,,,27.7,0,1,0,0,31,0,0,0,0
Michael Kilbane,176512,ED,NWESTERN,5,0,0,256,60.0,,,,,,61.2,,,65.3,0,0,0,6,0,0,0,2,0
Caleb Komolafe,176513,HB,NWESTERN,3,1,0,256,,,,,,,57.4,,,69.7,0,0,0,0,9,3,6,0,0
Quintin O'Connell,176517,WR,NWESTERN,1,0,0,256,,,,,,,60.0,,,63.6,0,0,0,0,1,0,0,0,0
Dylan Roberts,176518,DI,NWESTERN,1,0,0,256,,,,,,,60.0,,,64.1,0,0,0,0,0,0,0,1,0
Kyran Bourda,176523,DI,ARIZONA ST,2,0,0,110,,,60.9,,,,61.7,,,61.6,0,0,9,0,0,0,0,0,0
Harold Brooks III,176524,LB,ARIZONA ST,2,0,0,110,59.1,,,,,,70.3,,,64.8,0,0,0,6,0,1,0,0,0
Kyson Brown,176525,HB,ARIZONA ST,12,2,0,110,,,,,,,64.1,,,84.1,1,0,0,0,46,74,49,32,2
John Butler III,176527,DI,ARIZONA ST,5,0,0,110,,,,,,,63.5,,,68.5,0,1,0,0,0,27,0,4,0
Derek Eusebio,176528,WR,ARIZONA ST,1,0,0,110,,,,,,,59.8,,,64.2,0,0,0,0,0,0,2,0,0
Makua Pule,176536,G,ARIZONA ST,2,0,0,110,,,60.0,,,,61.4,,,62.0,0,0,4,0,0,0,0,0,0
Mateen Bhaghani,176548,K,CAL,10,0,0,130,,75.3,,,66.5,,61.8,,,69.4,0,0,39,0,13,0,0,0,0
David Bird,176549,LS,CAL,13,0,0,130,,,37.1,,,5.3,38.3,,,67.0,2,0,63,0,0,0,54,0,2
Ryan McCulloch,176559,ED,CAL,11,1,0,130,59.8,,,61.8,,,54.5,,,51.3,2,1,0,4,57,47,11,14,0
Marquis Taliulu,176560,WR,CAL,10,0,0,130,,,,,,,68.9,,,75.7,0,0,0,0,6,31,0,35,0
Cade Uluave,176566,LB,CAL,13,0,0,130,59.5,,,,,,41.8,,,77.1,2,0,0,34,50,5,5,3,3
Sailasa Vadrawale III,176567,CB,CAL,5,0,0,130,,,,,,,64.5,,,75.3,0,0,0,0,24,0,1,13,0
Kareem Harden,176571,G,COLORADO,10,0,0,143,,,75.0,,,,65.3,,,72.6,0,0,42,0,0,0,0,0,0
Evan Kistler,176572,T,COLORADO,12,0,0,143,,,17.3,,,,29.7,,,63.7,0,0,56,0,0,0,0,0,0
Nahmier Robinson,176579,CB,COLORADO,1,0,0,143,,,,,,,60.0,,,62.3,0,0,0,0,1,0,0,0,0
Bo LaPenna,176580,LB,COLORADO,3,0,0,143,,,,,,,61.5,,,72.1,0,0,0,0,0,20,0,0,0
Daylen Austin,176586,CB,OREGON,1,0,0,264,,,,,,,61.0,,,63.6,0,0,0,0,3,0,0,0,0
Xavier Barksdale,176587,CB,OREGON,1,0,0,264,,,,,,,59.9,,,62.6,0,0,0,0,0,2,0,0,0
Jurrion Dickey,176590,WR,OREGON,1,0,0,264,,,,,,,60.0,,,62.1,0,0,0,0,1,0,0,0,0
Terrance Green,176593,DI,OREGON,1,0,0,264,59.7,,,,,,60.0,,,61.8,0,0,0,1,0,0,0,0,0
Rodrick Pleasant,176596,CB,OREGON,5,0,0,264,59.9,,,,,,55.8,,,71.6,1,0,0,1,17,0,6,9,0
Blake Purchase,176598,ED,OREGON,5,0,0,264,60.0,,,,,,62.9,,,77.7,0,0,0,1,0,0,0,4,0
Brock Thomas,176601,QB,OREGON,2,0,0,264,,,60.0,,,,60.2,,,60.4,0,0,3,0,0,0,0,0,0
A'Mauri Washington,176603,DI,OREGON,1,0,0,264,59.6,,,,,,59.8,,,62.0,0,0,0,1,0,0,0,0,0
Ismael Cisse,176609,WR,STANFORD,7,0,0,300,,,,,,,59.7,,,72.5,1,0,0,0,24,18,3,15,0
Aidan Flintoft,176610,P,STANFORD,10,0,0,300,,,,,,,62.4,,66.4,72.5,0,0,0,0,0,0,33,0,0
Jshawn Frausto-Ramos,176611,CB,STANFORD,11,0,0,300,,,,,,,61.7,,,74.7,0,0,0,0,41,0,11,7,0
Gavin Geweniger,176613,ED,STANFORD,1,0,0,300,,,,,,,61.8,,,66.6,0,0,0,0,5,0,0,0,0
Jackson Harris,176616,WR,STANFORD,2,0,0,300,,,,,,,62.1,,,70.1,0,0,0,0,0,0,0,7,0
Chico Holt,176617,TE,STANFORD,2,0,0,300,,,,,,,60.2,,,65.3,0,0,0,0,0,7,0,0,0
Braden Marceau-Olayinka,176622,DI,STANFORD,1,0,0,300,59.7,,,,,,60.3,,,64.0,0,0,0,1,0,0,0,1,0
Aaron Morris,176624,CB,STANFORD,8,0,0,300,60.0,,,,,,77.0,,,75.8,1,0,0,6,24,0,33,12,4
Che Ojarikre,176625,S,STANFORD,5,0,0,300,60.0,,,,,,61.2,,,70.0,0,0,0,6,23,22,0,4,0
Simione Pale,176626,G,STANFORD,1,0,0,300,,,62.5,,,,62.2,,,67.6,0,0,7,0,0,0,0,0,0
Caymus Rooney,176627,CB,STANFORD,2,0,0,300,,,,,,,59.7,,,67.6,0,0,0,0,0,19,0,0,0
Larry Edwards III,176632,LB,UCLA,1,0,0,324,60.0,,,,,,60.0,,,61.2,0,0,0,1,0,0,0,0,0
Elijah Hughes,176634,DI,USC,5,0,0,326,58.8,,,,,,59.2,,,65.1,0,0,0,6,0,0,0,1,0
Kade Eldridge,176636,TE,USC,1,0,0,326,,,,,,,60.7,,,68.1,0,0,0,0,0,5,0,0,0
Ja'Kobi Lane,176638,WR,USC,2,0,0,326,,,,,,,69.4,,,67.7,0,0,0,0,0,0,0,7,0
Alani Noa,176640,G,USC,4,0,0,326,60.0,,64.6,,,,62.4,,,64.3,0,0,9,1,0,0,0,0,0
Tobias Raymond,176641,T,USC,1,0,0,326,,,60.0,,,,60.0,,,60.9,0,0,1,0,0,0,0,0,0
Duce Robinson,176642,WR,USC,7,0,0,326,59.3,,,,,,83.3,,,70.8,0,0,0,2,1,0,0,13,0
Tyler Robles,176643,K,USC,2,0,0,326,,60.0,,,58.3,,60.0,,,65.7,0,0,1,0,2,0,0,0,0
Braylan Shelby,176644,ED,USC,13,0,0,326,59.1,,,,,,60.3,,,74.3,0,0,0,13,18,0,0,40,0
Amos Talalele,176646,T,USC,1,0,0,326,,,60.0,,,,60.6,,,61.5,0,0,2,0,0,0,0,0,0
Dallen Bentley,176648,TE,UTAH,3,0,0,328,,,,,,,55.2,,,69.1,0,0,0,0,16,1,0,0,0
CJ Blocker,176649,CB,UTAH,1,0,0,328,,,,,,,60.8,,,67.3,0,0,0,0,1,0,0,2,0
Jonah Lea'ea,176654,ED,UTAH,1,0,0,328,59.8,,,,,,60.0,,,62.7,0,0,0,1,0,0,0,0,0
Caleb Lomu,176655,T,UTAH,1,0,0,328,,,60.0,,,,61.9,,,68.4,0,0,7,0,0,0,0,0,0
Shay O'Kelly,176657,LB,UTAH,7,0,0,328,,,61.3,,,,58.8,,,75.1,0,0,9,0,25,7,8,17,2
John Randle Jr.,176659,HB,UTAH,1,0,0,328,,,,,,,60.0,,,64.6,0,0,0,0,1,0,0,0,0
Smith Snowden,176662,CB,UTAH,11,2,0,328,,,,,,,56.8,,,75.5,2,0,0,0,52,1,4,22,2
Dijon Stanley,176663,HB,UTAH,10,1,0,328,,,,59.9,,,57.4,,,75.5,1,0,0,0,35,26,10,8,1
Branden Ganashamoorthy,176674,WR,WASH STATE,2,0,0,341,,,,,,,63.5,,,72.5,0,0,0,0,14,11,0,5,0
Khalil Laufau,176681,DI,WASH STATE,6,0,0,341,58.2,,,,,,59.0,,,67.3,0,0,0,15,0,0,0,4,0
Ethan O'Connor,176686,CB,WASH STATE,1,0,0,341,,,,,,,60.0,,,64.3,0,0,0,0,0,0,0,1,0
Isaac Terrell,176693,ED,WASH STATE,5,0,0,341,59.7,,,59.9,,,83.6,,,67.4,0,0,0,2,0,15,0,0,0
Ethan Torres,176694,S,WASH STATE,1,0,0,341,,,,,,,60.6,,,64.9,0,0,0,0,2,0,0,0,0
Nicholas Watt,176696,S,WASH STATE,2,0,0,341,,,,,,,57.4,,,66.8,0,0,0,0,1,2,0,0,0
Adrian Wilson,176698,S,WASH STATE,1,0,0,341,,,,,,,61.6,,,66.9,0,0,0,0,0,0,0,4,0
Ma'jon Wright,179043,WR,S DIEGO ST,3,0,0,284,,,,,,,57.7,,,71.0,0,0,0,0,9,13,0,8,0
Joseph Bakhole,181145,ED,LA MONROE,6,0,0,209,59.8,,,,,,56.7,,,67.9,0,0,0,10,18,0,1,0,0
John Barr,181146,WR,LA MONROE,1,0,0,209,,,,,,,60.0,,,62.8,0,0,0,0,1,0,0,0,0
Azain Brown,181148,ED,LA MONROE,3,0,0,209,60.0,,,,,,64.5,,,71.7,0,0,0,1,10,12,0,1,0
Sam Carson,181149,T,LA MONROE,11,0,0,209,,,69.6,,,,63.6,,,64.3,0,0,31,0,0,0,0,0,0
Carmelo Crump,181150,G,LA MONROE,1,0,0,209,,,60.0,,,,60.7,,,67.1,0,0,3,0,0,0,0,0,0
Jyren Ester,181153,CB,LA MONROE,11,0,0,209,59.7,,,,,,54.0,,,70.0,1,0,0,13,8,0,0,8,0
Lynard Harris,181157,LB,LA MONROE,1,0,0,209,,,,,,,61.4,,,70.3,0,0,0,0,4,0,6,2,0
Quad Harrison,181158,TE,LA MONROE,1,0,0,209,,,,,,,60.2,,,67.5,0,0,0,0,0,10,0,0,0
Broc Hogan,181160,TE,LA MONROE,4,0,0,209,,,65.5,,,,62.1,,,65.0,0,0,10,0,0,0,18,0,0
Andre Mack,181162,S,LA MONROE,1,0,0,209,,,,,,,60.0,,,64.4,0,0,0,0,0,0,0,2,0
Norman Massey,181163,LB,LA MONROE,12,1,0,209,59.5,,,,,,59.6,,,70.2,0,0,0,30,36,0,0,3,0
Qway McCoy,181164,LB,LA MONROE,5,0,0,209,,,,,,,62.0,,,73.2,1,0,0,0,16,0,18,0,1
Jay Mickle,181165,G,LA MONROE,11,0,0,209,,,72.2,,,,63.4,,,66.2,0,0,26,0,0,0,44,0,0
Eli Morrison,181168,WR,LA MONROE,1,0,0,209,,,,,,,60.0,,,64.7,0,0,0,0,0,0,0,1,0
Ra'shad Onezime,181170,S,LA MONROE,12,1,0,209,59.6,,,,,,61.5,,,81.4,1,0,0,16,46,53,0,33,1
Travor Randle,181171,LB,LA MONROE,12,1,0,209,59.5,,,,,,65.3,,,48.0,0,1,0,42,43,0,0,30,0
Markell Smith,181173,G,LA MONROE,1,0,0,209,,,60.0,,,,60.6,,,61.5,0,0,2,0,0,0,0,0,0
Jaylan Ware,181176,DI,LA MONROE,12,0,0,209,56.5,,,,,,55.8,,,70.4,0,0,0,54,0,0,0,5,0
Za'Marion Webber,181177,HB,LA MONROE,1,0,0,209,60.2,,,,,,60.6,,,65.7,0,0,0,5,0,0,0,0,0
Tristan Wiley,181178,WR,LA MONROE,6,0,0,209,,,,,,,54.2,,,72.7,0,1,0,0,0,32,0,1,0
Matt Williams,181180,T,LA MONROE,2,0,0,209,,,60.0,,,,60.0,,,62.1,0,0,2,0,0,0,0,0,0
Jackson Courville,182274,K,BALL ST,12,0,0,117,,75.2,,,,,61.2,,,66.7,0,0,47,0,0,0,0,0,0
Luca Lombardo,182281,K,BOSTON COL,8,0,0,121,,,,,56.4,,62.5,,,75.1,0,0,0,0,37,0,0,0,0
Christian Hughes,182288,S,AIR FORCE,1,0,0,101,,,,,,,45.9,,,63.6,1,0,0,0,1,0,0,0,0
Peyton Woodring,182293,K,GEORGIA,14,0,0,173,,81.6,,,65.8,,62.0,,,68.7,0,0,96,0,2,0,0,0,0
Daniel Harris,182310,CB,GEORGIA,6,0,0,173,60.0,,,,,,67.0,,,69.6,0,0,0,3,1,0,0,5,0
Ross Nickson,182319,WR,NEVADA,2,0,0,239,,,,,,,58.0,,,67.5,0,0,0,0,0,18,0,0,0
Bryce Olson,182332,K,AIR FORCE,1,0,0,101,,,,,60.1,,60.0,,,64.2,0,0,0,0,1,0,0,0,0
Jayden LaGrone,182428,LB,NEVADA,3,0,0,239,,,,,,,62.5,,,70.3,0,0,0,0,0,7,1,8,0
Tooni Ikahihifo Jr.,182429,S,NEVADA,1,0,0,239,,,,,,,60.0,,,64.1,0,0,0,0,0,0,0,1,0
Kris Hughes,182676,WR,LOUISVILLE,1,0,0,210,,,,,,,60.0,,,63.4,0,0,0,0,1,0,0,0,0
Thane Martin Jr.,182677,HB,LOUISVILLE,1,0,0,210,,,,,,,60.0,,,62.1,0,0,0,0,1,0,0,0,0
Unknown San Jose State D57,182697,CB,S JOSE ST,1,0,0,285,,,,,,,60.0,,,64.7,0,0,0,0,0,0,0,1,0
Jaxon Panariello,182718,LB,LOUISVILLE,1,0,0,210,,,,,,,60.0,,,63.9,0,0,0,0,1,0,0,0,0
Antwaan Mays,182773,WR,MARSHALL,5,0,0,214,,,,,,,56.4,,,73.2,1,0,0,0,28,5,7,11,0
Will Rocha,182783,K,MIAMI FL,2,0,0,220,,60.0,,,60.1,,60.0,,,65.3,0,0,1,0,2,0,0,0,0
Colton Corrao,182876,K,AIR FORCE,2,0,0,101,,60.0,,,58.3,,60.0,,,65.7,0,0,1,0,2,0,0,0,0
Caleb Moser,182911,LS,UAB,8,0,0,321,,,59.7,,,20.0,50.3,,,64.2,0,0,42,0,0,0,8,0,0
Chris Peal,182912,CB,GEORGIA,1,0,0,173,,,,,,,60.2,,,62.9,0,0,0,0,2,0,0,0,0
Jaden Edgecombe,182913,WR,FLORIDA,2,0,0,163,,,,,,,61.2,,,63.7,0,0,0,0,4,0,0,0,0
Unknown Temple D99,182947,ED,TEMPLE,1,0,0,306,59.7,,,,,,59.9,,,63.5,0,0,0,2,0,0,0,0,0
Marvin Sims,182956,WR,W KENTUCKY,1,0,0,346,,,,,,,60.4,,,67.0,0,0,0,0,0,3,0,0,0
C.J. Coombes,182974,S,TULSA,2,0,0,320,,,,,,,40.0,,,70.8,0,0,0,0,13,0,0,10,0
Brian Bishop,183014,K,TOLEDO,1,0,0,316,,,,,60.0,,60.0,,,64.2,0,0,0,0,1,0,0,0,0
Randy Young,183042,HB,MARSHALL,1,0,0,214,,,,,,,46.8,,,69.3,2,0,0,0,6,0,6,0,0
Alec Clark,183051,P,MARSHALL,1,0,0,214,,,,,,,60.2,,60.0,68.0,0,0,0,0,0,0,7,0,0
Marlon McClendon,183052,CB,GA STATE,1,0,0,175,,,,,,,61.3,,,65.7,0,0,0,0,8,0,0,2,0
Brooks Hickman,183053,WR,GA STATE,1,0,0,175,,,,,,,61.8,,,68.6,0,0,0,0,8,0,0,0,0
Kevin Longstreet,191258,CB,LOUISVILLE,5,0,0,210,,,,,,,62.1,,,67.4,0,0,0,0,18,0,0,7,0
