player,player_id,position,team_name,player_game_count,block_percent,declined_penalties,franchise_id,grades_offense,grades_pass_block,grades_run_block,hits_allowed,hurries_allowed,non_spike_pass_block,non_spike_pass_block_percentage,pass_block_percent,pbe,penalties,pressures_allowed,sacks_allowed,snap_counts_block,snap_counts_ce,snap_counts_lg,snap_counts_lt,snap_counts_offense,snap_counts_pass_block,snap_counts_pass_play,snap_counts_rg,snap_counts_rt,snap_counts_run_block,snap_counts_te
Troy Mrukowski,212813,T,JOHNCA,14,100.0,1,926,81.1,70.8,82.1,2,11,452,100.0,100.0,98.1,4,15,2,844,0,0,0,844,474,474,0,826,370,17
Michael O'Rourke,212800,G,JOHNCA,14,100.0,1,926,48.1,49.3,50.1,3,15,426,100.0,100.0,96.5,8,24,6,788,788,0,0,788,448,448,0,0,340,0
Ben Dehmer,212805,T,JOHNCA,13,100.0,0,926,58.8,74.9,51.3,3,4,410,100.0,100.0,98.2,1,11,4,757,0,756,0,757,430,430,1,0,327,0
Jack McKinnon,212765,C,JOHNCA,13,100.0,1,926,55.6,63.3,50.8,4,9,357,100.0,100.0,97.6,1,15,2,698,0,16,0,698,370,370,680,1,328,1
Grant Myers,212795,T,JOHNCA,11,99.7,0,926,79.0,84.7,71.3,1,4,298,99.3,99.4,98.5,0,7,2,570,0,0,563,572,311,313,0,0,259,9
Kenneth Rawls,109349,TE,JOHNCA,13,53.8,1,926,82.4,68.1,67.0,0,2,71,18.3,17.4,98.6,3,2,0,392,0,0,16,729,71,408,0,13,321,541
Nolan Tanner,212816,TE,JOHNCA,14,70.2,0,926,47.8,67.7,51.6,0,2,108,40.9,40.1,99.1,4,2,0,387,0,0,3,551,110,274,0,5,277,328
Nick Semptimphelter,142984,QB,JOHNCA,14,38.7,0,926,91.0,,60.4,0,0,0,0.0,0.0,,2,0,0,311,0,0,0,803,0,473,0,0,311,0
Isiah Council,212790,G,JOHNCA,12,99.7,0,926,54.9,56.8,56.4,0,5,129,99.2,99.3,95.7,3,8,3,310,0,1,284,311,137,138,0,1,173,25
Unknown Lincoln (CA) 55,212432,G,LINCOK,5,100.0,1,1452,36.1,32.6,37.9,1,6,207,100.0,100.0,96.4,4,11,4,274,51,223,0,274,219,219,0,0,55,0
Intidy Johnson,210353,G,VA LYNCHBU,4,100.0,0,406,44.4,21.7,53.0,1,9,161,100.0,100.0,95.7,2,12,2,252,0,149,41,252,168,168,62,0,84,0
Evan Nelson,212814,WR,JOHNCA,14,57.3,0,926,52.4,70.2,78.1,0,0,3,1.8,1.7,100.0,1,0,0,229,0,0,0,400,3,174,0,0,226,0
Kareem Sy,196926,C,LINCOK,4,100.0,0,1452,51.1,47.2,49.2,0,3,176,100.0,100.0,98.6,0,4,1,223,223,0,0,223,186,186,0,0,37,0
Madjou Ba,196934,G,VA LYNCHBU,4,100.0,1,406,32.1,22.5,41.0,2,6,145,100.0,100.0,97.2,5,8,0,222,42,11,0,222,151,151,169,0,71,0
Kaleb Cole,212783,G,JOHNCA,12,100.0,0,926,56.0,49.4,55.3,1,2,85,100.0,100.0,97.1,0,4,1,214,0,84,0,214,91,91,115,0,123,15
Tyren Montgomery,165655,WR,JOHNCA,14,32.7,0,926,92.6,,66.7,0,0,0,0.0,0.0,,5,0,0,214,0,0,0,655,0,434,0,0,214,0
Shane Lindstrom,212759,WR,JOHNCA,14,37.0,0,926,75.2,,77.6,0,0,0,0.0,0.0,,3,0,0,213,0,0,0,576,0,362,0,0,213,0
Xander Smith,196979,C,VA LYNCHBU,3,100.0,0,406,37.2,22.1,48.5,0,2,124,100.0,100.0,98.4,1,3,1,190,190,0,0,190,129,129,0,0,61,0
Solomon Pope,196920,G,LINCOK,4,100.0,1,1452,26.8,3.9,40.7,1,12,135,100.0,100.0,93.7,3,15,2,179,0,51,32,179,144,144,96,0,35,0
Jayden Dorcely,212080,T,LINCOK,4,100.0,0,1452,39.3,25.2,59.2,3,12,130,100.0,100.0,92.7,3,17,2,177,0,0,177,177,138,138,0,0,39,0
Jayden Hopkins,210370,T,VA LYNCHBU,4,100.0,0,406,19.8,0.0,49.8,1,20,103,100.0,100.0,87.9,0,23,2,170,0,0,35,170,109,109,0,135,61,0
Christopher Mabry,210354,T,VA LYNCHBU,3,100.0,0,406,35.7,32.1,34.2,2,8,112,100.0,100.0,94.6,1,11,1,165,0,79,86,165,116,116,0,0,49,0
George Prusock III,186924,T,JOHNCA,4,100.0,0,926,52.3,32.5,54.3,2,2,75,100.0,100.0,97.3,0,4,0,145,0,47,0,145,82,82,98,0,63,0
Marquis Cooper,212085,T,LINCOK,3,100.0,0,1452,36.4,19.0,46.1,0,6,98,100.0,100.0,95.9,1,7,1,139,0,0,65,139,103,103,51,23,36,0
Jordan McCray,166097,T,MILES,2,100.0,0,386,44.7,36.0,52.5,0,4,77,100.0,100.0,96.1,3,5,1,132,0,0,131,132,81,81,0,0,51,0
Carmelo Turner,182381,C,MILES,2,100.0,0,386,43.6,19.5,57.7,2,5,77,100.0,100.0,92.9,1,9,2,131,131,0,0,131,81,81,0,0,50,0
Robert Galeana-Valasquez,212082,DI,LINCOK,3,100.0,0,1452,21.3,0.0,33.0,1,19,105,100.0,100.0,87.6,1,23,3,130,0,0,0,130,112,112,0,130,18,0
Alexander Chuba,212778,G,JOHNCA,8,100.0,0,926,49.7,64.1,51.9,0,1,32,100.0,100.0,98.4,1,1,0,129,95,0,0,129,33,33,0,0,96,34
Kent Holloman,210363,T,VA LYNCHBU,4,100.0,0,406,26.2,0.0,40.1,1,5,74,100.0,100.0,94.6,1,7,1,121,0,13,4,121,79,79,21,83,42,0
Nilaji Johnson,168207,T,THMORE,2,100.0,0,1296,55.3,75.2,49.8,1,0,65,100.0,100.0,99.2,1,1,0,112,0,0,0,112,65,65,0,112,47,0
Cameron Weil,168253,T,THMORE,2,100.0,0,1296,36.9,11.1,51.9,2,3,65,100.0,100.0,94.6,1,6,1,112,0,0,112,112,65,65,0,0,47,0
Lebron Merriweather,182410,C,TUSKEGEE,2,100.0,0,405,61.7,76.4,59.6,0,0,57,100.0,100.0,100.0,1,0,0,107,107,0,0,107,62,62,0,0,45,0
Ryan Reynolds,75071,C,THMORE,2,100.0,0,1296,52.5,44.0,54.4,2,0,60,100.0,100.0,98.3,0,2,0,99,99,0,0,99,60,60,0,0,39,0
Malik Folson,196949,T,VA LYNCHBU,3,100.0,0,406,36.8,0.0,60.4,1,5,59,100.0,100.0,93.2,0,7,1,96,0,0,86,96,61,61,0,10,35,0
Karl Brooks,212084,T,LINCOK,2,100.0,0,1452,25.6,0.0,46.0,1,8,60,100.0,100.0,90.8,0,10,1,90,0,0,0,90,63,63,34,56,27,0
Joey Anthony,196114,G,TUSKEGEE,2,100.0,0,405,65.0,86.1,66.6,0,1,47,100.0,100.0,98.9,2,1,0,90,0,35,55,90,52,52,0,0,38,0
Travyon Young,209226,G,SRSU,2,100.0,0,1133,55.2,53.3,57.5,0,1,29,100.0,100.0,98.3,1,1,0,86,0,0,0,86,31,31,86,0,55,0
Joshua Harris,208033,C,SRSU,2,100.0,0,1133,50.9,79.2,49.4,0,0,29,100.0,100.0,100.0,0,0,0,86,86,0,0,86,31,31,0,0,55,0
Tyleek McCoy,179855,T,VIRSTA,1,100.0,0,1164,64.0,68.6,65.3,0,3,56,100.0,100.0,95.5,1,4,1,85,0,0,0,85,58,58,0,85,27,0
Wesley Bostic,156715,C,VIRSTA,1,100.0,0,1164,55.8,50.7,56.5,0,3,56,100.0,100.0,97.3,0,3,0,85,85,0,0,85,58,58,0,0,27,0
Tavin Whitehead,193797,T,VIRSTA,1,100.0,0,1164,57.0,62.6,52.2,0,3,55,100.0,100.0,97.3,0,3,0,84,0,30,54,84,57,57,0,0,27,0
Cohen Klimak,212756,HB,JOHNCA,14,28.2,0,926,80.6,70.6,63.3,1,1,27,17.4,18.1,96.3,0,2,0,83,0,0,0,294,29,160,0,0,54,0
Terrance Bell,210731,G,MILES,2,100.0,0,386,65.1,56.1,66.3,0,1,42,100.0,100.0,94.0,0,3,2,83,0,0,0,83,43,43,82,0,40,0
William Hanson,212791,TE,JOHNCA,7,87.1,0,926,65.6,62.8,64.2,0,0,11,47.8,47.8,100.0,0,0,0,81,0,0,0,93,11,23,0,5,70,49
Damion Clark,168555,G,TUSKEGEE,2,100.0,0,405,61.6,87.1,54.8,0,0,43,100.0,100.0,100.0,0,0,0,80,0,62,0,80,47,47,18,0,33,0
Montrell Wright,210349,WR,VA LYNCHBU,4,32.4,0,406,63.5,,55.0,0,0,0,0.0,0.0,,3,0,0,80,0,0,0,247,0,167,0,0,80,0
Afif Hazim,211114,G,SOCTOW,1,100.0,0,1107,59.1,50.7,59.3,0,2,41,100.0,100.0,97.6,0,2,0,80,0,79,0,80,42,42,0,1,38,0
Dan Schwartz,150610,C,SOCTOW,1,100.0,0,1107,52.2,66.6,49.8,0,1,41,100.0,100.0,98.8,0,1,0,80,80,0,0,80,42,42,0,0,38,0
Everett Michalaski,166459,T,SOCTOW,1,100.0,0,1107,65.1,61.4,64.3,0,0,41,100.0,100.0,97.6,0,1,1,80,0,0,79,80,42,42,0,1,38,0
David Anchondo,207917,T,SVSU,1,100.0,0,1082,64.5,72.8,64.0,1,2,42,100.0,100.0,96.4,1,3,0,79,0,0,0,79,47,47,0,79,32,0
Johann Mendoza Suarez,212808,T,JOHNCA,3,100.0,0,926,56.0,74.7,46.2,1,2,42,100.0,100.0,96.4,1,3,0,79,0,0,56,79,44,44,0,23,35,0
Luke Gagnon,150613,T,SOCTOW,1,100.0,0,1107,55.4,56.5,59.2,0,1,41,100.0,100.0,96.3,1,2,1,79,0,0,1,79,42,42,0,78,37,0
Ryan Whitely,208005,G,SVSU,1,100.0,0,1082,66.0,74.6,63.5,1,1,42,100.0,100.0,97.6,0,2,0,79,0,0,0,79,47,47,79,0,32,0
Tyus Thompson,208004,C,SVSU,1,100.0,0,1082,63.7,86.2,56.5,0,0,42,100.0,100.0,100.0,0,0,0,79,79,0,0,79,47,47,0,0,32,0
Shaun Shahu,208003,T,SVSU,1,100.0,0,1082,68.2,87.8,68.2,1,0,42,100.0,100.0,98.8,2,1,0,79,0,0,79,79,47,47,0,0,32,0
Ashton Morris,178506,T,ALU,1,100.0,0,735,54.6,55.5,51.8,0,1,51,100.0,100.0,99.0,0,1,0,77,0,0,77,77,55,55,0,0,22,0
Jiawan Sanders,207763,G,ALU,1,100.0,0,735,59.4,57.5,58.2,0,3,51,100.0,100.0,97.1,0,3,0,77,0,77,0,77,55,55,0,0,22,0
Chuck Davidek,207962,G,SVSU,1,100.0,0,1082,65.8,78.3,62.4,0,0,41,100.0,100.0,100.0,0,0,0,77,0,77,0,77,46,46,0,0,31,0
Jamar Winn,178519,G,ALU,1,100.0,0,735,52.4,34.6,54.5,0,2,51,100.0,100.0,96.1,0,3,1,77,0,0,0,77,55,55,77,0,22,0
Chance Bush,207752,C,ALU,1,100.0,0,735,57.7,45.1,61.0,0,3,51,100.0,100.0,97.1,0,3,0,77,77,0,0,77,55,55,0,0,22,0
Zyrus Craft,178479,T,ALU,1,100.0,0,735,32.5,2.7,54.4,0,9,51,100.0,100.0,91.2,0,9,0,77,0,0,0,77,55,55,0,74,22,3
Daniel Babcock,210887,T,NMiU,1,100.0,0,1031,67.4,85.2,61.3,0,0,25,100.0,100.0,100.0,0,0,0,76,0,0,76,76,28,28,0,0,48,0
Trevor Leigh,210934,G,NMiU,1,100.0,0,1031,43.6,19.8,45.6,0,3,25,100.0,100.0,94.0,0,3,0,76,0,76,0,76,28,28,0,0,48,0
Sharron Cosby,193756,G,VIRSTA,1,100.0,0,1164,57.5,30.5,64.2,1,4,53,100.0,100.0,95.3,0,5,0,76,0,0,0,76,55,55,76,0,21,0
Cameron Ross,207136,C,BOWIE ST,1,100.0,0,365,65.7,44.3,71.8,0,3,52,100.0,100.0,97.1,0,3,0,76,76,0,0,76,56,56,0,0,20,0
Elijah Jackson,180321,G,BOWIE ST,1,100.0,0,365,63.1,79.2,62.8,0,0,52,100.0,100.0,100.0,1,0,0,76,0,76,0,76,56,56,0,0,20,0
Ernest Bencomo,207557,C,GC,1,100.0,0,1533,61.6,47.1,65.5,0,2,53,100.0,100.0,94.3,0,4,2,76,76,0,0,76,57,57,0,0,19,0
Stanley Federovitch III,207583,T,GC,1,100.0,0,1533,61.4,59.4,60.3,1,1,53,100.0,100.0,96.2,0,3,1,76,0,0,76,76,57,57,0,0,19,0
Keith Foster,212427,T,BOWIE ST,1,100.0,0,365,58.1,74.0,52.0,0,1,52,100.0,100.0,97.1,1,2,1,76,0,0,76,76,56,56,0,0,20,0
Nigel Jefferson,207604,T,GC,1,100.0,0,1533,50.8,34.3,59.2,0,0,53,100.0,100.0,96.2,0,2,2,76,0,0,0,76,57,57,0,76,19,0
Caleb Scull,207644,G,GC,1,100.0,0,1533,61.5,30.0,71.4,0,3,53,100.0,100.0,95.3,0,4,1,76,0,0,0,76,57,57,76,0,19,0
Chris Bornhoeft,210890,C,NMiU,1,100.0,1,1031,41.5,16.7,49.4,1,1,25,100.0,100.0,92.0,1,3,1,76,76,0,0,76,28,28,0,0,48,0
Thomas Kellen,210927,T,NMiU,1,100.0,0,1031,52.3,32.7,56.4,0,0,25,100.0,100.0,92.0,0,2,2,76,0,0,0,76,28,28,0,76,48,0
Benito Urena,211322,T,TXWSLY,1,100.0,0,1457,61.3,65.7,57.3,0,1,44,100.0,100.0,96.6,0,2,1,75,0,0,0,75,44,44,0,75,31,0
Travis Fenton,161204,C,W OREGON,1,100.0,0,411,61.5,57.1,61.5,0,1,47,100.0,100.0,98.9,0,1,0,75,64,0,0,75,51,51,11,0,24,0
Thomas Shondel,212793,TE,JOHNCA,4,68.8,0,926,60.9,65.5,76.8,0,1,8,20.0,22.7,93.7,2,1,0,75,0,0,0,109,10,44,0,0,65,55
Joshua Jeffries,197451,T,WARNER,1,100.0,0,407,71.2,78.5,64.6,1,0,49,100.0,100.0,96.9,0,2,1,75,0,0,75,75,50,50,0,0,25,0
AJ Johnson,193912,T,W OREGON,1,100.0,0,411,60.3,57.9,59.6,0,1,47,100.0,100.0,96.8,0,2,1,75,0,0,0,75,51,51,0,75,24,0
Owen Tannehill,197487,C,WARNER,1,100.0,0,407,55.2,73.1,52.1,0,0,49,100.0,100.0,100.0,1,0,0,75,75,0,0,75,50,50,0,0,25,0
Michael Mosby,193724,T,MILES,1,100.0,0,386,62.6,65.0,60.0,0,2,33,100.0,100.0,97.0,0,2,0,75,0,0,0,75,34,34,0,74,41,0
Nick Weber,166250,T,W OREGON,1,100.0,0,411,44.1,19.4,52.1,2,2,47,100.0,100.0,95.7,0,4,0,75,11,0,64,75,51,51,0,0,24,0
Nick Fritzsche,209110,G,THMORE,2,100.0,0,1296,37.4,30.5,33.9,0,1,42,100.0,100.0,94.0,0,3,2,75,0,61,0,75,42,42,14,0,33,0
Anton Chavis,211935,T,ELIZBTH ST,1,100.0,0,373,64.0,71.9,58.2,0,2,36,100.0,100.0,97.2,0,2,0,74,0,0,74,74,43,43,0,0,31,0
David Amoakohene,197846,ED,LINCOK,2,100.0,0,1452,4.8,0.0,47.4,0,8,58,100.0,100.0,87.9,2,11,3,74,0,0,0,74,61,61,9,65,13,0
Chris Edwards,209181,T,SRSU,2,100.0,0,1133,49.9,62.8,55.8,1,1,26,100.0,100.0,92.3,2,3,1,74,0,0,74,74,28,28,0,0,46,0
Robert Magwood,211938,G,ELIZBTH ST,1,100.0,0,373,68.5,57.0,71.0,0,4,36,100.0,100.0,94.4,0,4,0,74,0,11,0,74,43,43,63,0,31,0
Kyle Laurent,212042,T,ELIZBTH ST,1,100.0,0,373,48.9,28.1,58.2,1,4,36,100.0,100.0,90.3,2,6,1,74,0,0,0,74,43,43,0,74,31,0
Joseph Johnson,211928,C,ELIZBTH ST,1,100.0,0,373,47.7,25.2,55.1,0,4,36,100.0,100.0,94.4,0,4,0,74,74,0,0,74,43,43,0,0,31,0
Matthew Carty,73717,T,ED WATERS,1,100.0,0,372,44.5,47.0,48.2,1,3,47,100.0,100.0,95.7,1,4,0,73,0,0,0,73,49,49,0,73,24,0
Nemo Jenkins,212753,HB,JOHNCA,14,20.7,0,926,82.3,52.3,53.4,1,2,44,22.2,21.6,94.3,0,4,1,73,0,0,0,353,46,213,0,0,27,0
Jovens Janvier,138079,G,ED WATERS,1,100.0,0,372,43.6,25.6,49.6,0,7,47,100.0,100.0,92.6,1,7,0,73,0,0,0,73,49,49,73,0,24,0
Richazaire Francisque,195879,G,ED WATERS,1,100.0,0,372,62.4,70.2,59.0,0,2,47,100.0,100.0,97.9,0,2,0,73,0,73,0,73,49,49,0,0,24,0
Keshaun Palmore,181374,G,SVANNAH ST,1,100.0,0,286,30.3,0.0,43.4,1,6,45,100.0,100.0,92.2,0,7,0,72,0,56,16,72,45,45,0,0,27,0
Mason Fraley,211655,C,WLU,1,100.0,0,1178,64.2,57.7,64.5,0,1,44,100.0,100.0,98.9,0,1,0,71,71,0,0,71,48,48,0,0,23,0
Riley Plotner,211702,G,WLU,1,100.0,0,1178,42.0,35.4,38.7,0,4,44,100.0,100.0,95.5,0,4,0,71,0,0,0,71,48,48,71,0,23,0
Curtis Hayes,211662,G,WLU,1,100.0,0,1178,51.0,62.3,45.0,0,1,44,100.0,100.0,98.9,0,1,0,71,0,71,0,71,48,48,0,0,23,0
Jordan Parker,207134,G,BOWIE ST,1,100.0,0,365,52.8,69.6,48.5,0,1,50,100.0,100.0,99.0,1,1,0,71,0,0,0,71,54,54,71,0,17,0
Terrence Marion,193719,T,MILES,2,100.0,0,386,42.5,32.1,46.9,0,4,46,100.0,100.0,95.7,0,4,0,70,0,0,0,70,49,49,6,63,21,0
Nick Ruiz,212712,G,DEPAUW,1,100.0,0,845,56.4,40.3,61.7,0,4,38,100.0,100.0,92.1,0,5,1,69,0,0,69,69,42,42,0,0,27,0
Daniel Bostic,178525,T,KY STATE,1,100.0,0,378,45.5,35.9,48.9,0,1,32,100.0,100.0,95.3,0,2,1,69,0,0,69,69,34,34,0,0,35,0
Bennett Smith,212708,T,DEPAUW,1,100.0,0,845,78.0,48.2,87.0,1,0,38,100.0,100.0,98.7,0,1,0,69,0,69,0,69,42,42,0,0,27,0
Javion Kizer,195894,C,ED WATERS,1,100.0,0,372,35.6,21.1,47.4,0,3,44,100.0,100.0,92.0,0,5,2,69,69,0,0,69,46,46,0,0,23,0
Jamarkius Garrett,178530,C,KY STATE,1,100.0,0,378,47.8,37.7,54.7,0,0,32,100.0,100.0,100.0,1,0,0,69,69,0,0,69,34,34,0,0,35,0
Ryan Sims,166544,WR,VA LYNCHBU,4,32.9,0,406,64.9,,60.1,0,0,0,0.0,0.0,,0,0,0,69,0,0,0,210,0,141,0,0,69,0
Zion Stevens,210774,G,MILES,1,100.0,0,386,69.2,74.3,67.9,0,1,32,100.0,100.0,98.4,0,1,0,69,0,68,0,69,33,33,0,0,36,0
Adam Badwan,196049,G,KY STATE,1,100.0,0,378,55.4,73.1,50.8,0,1,32,100.0,100.0,98.4,0,1,0,69,0,69,0,69,34,34,0,0,35,0
Rylan Watkins,212742,G,DEPAUW,1,100.0,0,845,68.1,61.8,68.9,1,1,38,100.0,100.0,97.4,0,2,0,69,0,0,0,69,42,42,41,28,27,0
Emilio Castaneda,152362,G,W OREGON,1,100.0,0,411,58.1,48.0,59.0,0,2,43,100.0,100.0,97.7,0,2,0,68,0,68,0,68,47,47,0,0,21,0
Jamel Thomas,210345,TE,VA LYNCHBU,4,67.3,0,406,48.9,68.7,46.2,0,1,19,38.8,38.9,97.4,0,1,0,68,0,0,0,101,21,54,0,0,47,48
Brady Moffitt,212658,T,DENISON,1,100.0,0,842,74.0,83.8,,0,2,64,100.0,100.0,98.4,0,2,0,68,0,0,68,68,68,68,0,0,0,0
Luke Emmons,210908,G,NMiU,1,100.0,0,1031,40.9,28.4,40.8,0,0,24,100.0,100.0,95.8,1,1,1,68,0,0,0,68,27,27,68,0,41,0
Canyon Schneider,212638,G,DENISON,1,100.0,0,842,61.5,72.8,,0,2,64,100.0,100.0,98.4,1,2,0,68,68,0,0,68,68,68,0,0,0,0
Demarcus Elliott,210620,T,KY STATE,1,100.0,0,378,53.2,67.2,52.5,0,1,32,100.0,100.0,95.3,1,2,1,68,0,0,0,68,34,34,0,68,34,0
Will Gause,212680,T,DENISON,1,100.0,0,842,51.9,42.5,,0,5,64,100.0,100.0,94.5,0,6,1,68,0,0,0,68,68,68,0,68,0,0
Nico McBride,212784,WR,JOHNCA,14,40.5,0,926,68.2,,65.3,0,0,0,0.0,0.0,,0,0,0,68,0,0,0,168,0,100,0,0,68,0
Justin King,125791,C,DENISON,1,100.0,0,842,59.9,55.7,,1,2,64,100.0,100.0,97.7,1,3,0,68,0,68,0,68,68,68,0,0,0,0
Slade Edwards,154052,C,CENT WASH,1,100.0,0,367,73.2,76.8,68.8,0,0,23,100.0,100.0,100.0,0,0,0,66,66,0,0,66,25,25,0,0,41,0
Tyler Luzan,179282,T,CENT WASH,1,100.0,0,367,57.5,87.0,51.4,0,0,23,100.0,100.0,100.0,0,0,0,66,0,0,66,66,25,25,0,0,41,0
Jaxin McCallum,175099,G,CENT WASH,1,100.0,0,367,61.9,43.7,62.7,1,1,23,100.0,100.0,95.7,0,2,0,66,0,0,0,66,25,25,66,0,41,0
Kaleb Potts,179297,T,CENT WASH,1,100.0,0,367,59.9,52.2,59.9,0,2,23,100.0,100.0,95.7,0,2,0,66,0,0,0,66,25,25,0,66,41,0
Levi Banuelos,207189,G,CHADST,1,100.0,0,809,60.3,76.0,55.3,0,2,37,100.0,100.0,97.3,0,2,0,65,0,64,0,65,40,40,0,0,25,0
Jal Chan,207202,G,CHADST,1,100.0,0,809,58.3,81.0,51.5,0,0,37,100.0,100.0,100.0,0,0,0,65,0,0,0,65,40,40,64,0,25,0
Dennis Shellie,168390,G,LINCOK,1,100.0,0,1452,27.0,0.0,43.3,0,2,51,100.0,100.0,94.1,0,4,2,65,0,0,0,65,54,54,65,0,11,0
Eddie Musbach,212768,WR,JOHNCA,12,85.5,0,926,59.4,,66.8,0,0,0,0.0,0.0,,0,0,0,65,0,0,0,76,0,11,0,0,65,0
Arnez Jones,196722,G,SVANNAH ST,1,100.0,0,286,54.0,33.6,56.8,0,2,43,100.0,100.0,97.7,0,2,0,65,0,0,0,65,43,43,65,0,22,0
Roland Grimmett,211441,C,TUSKEGEE,1,100.0,0,405,68.6,85.3,58.9,0,0,35,100.0,100.0,100.0,0,0,0,65,0,0,0,65,38,38,0,65,27,0
Pola Nuu,211285,C,TXWSLY,1,100.0,0,1457,59.6,72.5,56.1,0,0,36,100.0,100.0,100.0,0,0,0,65,64,0,0,65,36,36,0,0,29,0
Quinn Sholar,179988,G,WABASH,1,100.0,0,1167,72.0,78.0,75.2,0,1,39,100.0,100.0,98.7,1,1,0,64,0,0,64,64,45,45,0,0,19,0
Dominic Castanon,207201,C,CHADST,1,100.0,0,809,62.8,79.5,57.2,0,0,37,100.0,100.0,100.0,0,0,0,64,64,0,0,64,40,40,0,0,24,0
Timothy Dixon,213132,G,WABASH,1,100.0,0,1167,68.8,77.1,67.1,0,1,39,100.0,100.0,98.7,0,1,0,64,0,64,0,64,45,45,0,0,19,0
Isaiah Simon,206771,C,ADRIAN,1,100.0,0,1534,58.0,43.1,60.1,0,2,29,100.0,100.0,96.6,0,2,0,64,64,0,0,64,29,29,0,0,35,0
Joe Pruchnic,206760,G,ADRIAN,1,100.0,0,1534,53.9,54.4,52.3,0,1,29,100.0,100.0,98.3,0,1,0,64,0,0,0,64,29,29,64,0,35,0
Bryce Keller,206722,T,ADRIAN,1,100.0,0,1534,54.4,75.9,46.7,0,1,29,100.0,100.0,98.3,0,1,0,64,0,0,64,64,29,29,0,0,35,0
Matthew Hall,206707,T,ADRIAN,1,100.0,0,1534,57.2,64.7,53.8,0,2,29,100.0,100.0,96.6,0,2,0,64,0,0,0,64,29,29,0,64,35,0
Jonathon Busch,206667,G,ADRIAN,1,100.0,0,1534,52.2,56.0,50.0,0,0,29,100.0,100.0,93.1,0,2,2,64,0,64,0,64,29,29,0,0,35,0
Bobby Fleckenstein,212820,T,JOHNCA,5,100.0,0,926,70.6,48.0,69.8,0,0,9,100.0,100.0,100.0,0,0,0,64,0,0,0,64,10,10,0,57,54,7
Lucas Copenhaver,193214,G,WABASH,1,100.0,0,1167,50.2,63.0,51.3,0,1,39,100.0,100.0,98.7,1,1,0,64,64,0,0,64,45,45,0,0,19,0
Javyione Camille,212034,T,WARNER,1,100.0,0,407,48.1,41.2,50.3,1,3,40,100.0,100.0,95.0,1,4,0,64,0,0,0,64,41,41,0,64,23,0
Jax Bower,179904,T,WABASH,1,100.0,0,1167,63.4,73.6,55.3,0,2,39,100.0,100.0,97.4,0,2,0,64,0,0,0,64,45,45,0,64,19,0
Atticus Blank,179901,G,WABASH,1,100.0,0,1167,55.0,68.2,48.0,0,1,39,100.0,100.0,98.7,0,1,0,64,0,0,0,64,45,45,64,0,19,0
Sam Williams,209176,G,THMORE,2,100.0,0,1296,43.7,1.8,51.7,0,3,32,100.0,100.0,95.3,0,3,0,64,0,3,0,64,32,32,61,0,32,0
Giovanni Kennedy,212967,T,MT UNION,1,100.0,0,1006,53.6,36.4,54.8,0,1,32,100.0,100.0,98.4,0,1,0,63,0,63,0,63,32,32,0,0,31,0
Kemper Longwell,211683,T,WLU,1,100.0,0,1178,49.6,35.0,55.4,1,1,38,100.0,100.0,92.1,0,4,2,63,0,0,0,63,41,41,0,63,22,0
Mitch Coffee,212952,T,MT UNION,1,100.0,0,1006,73.8,85.2,66.6,0,0,32,100.0,100.0,100.0,0,0,0,63,0,0,0,63,32,32,0,63,31,0
Fred Fevrier,212968,T,MT UNION,1,100.0,0,1006,50.1,46.3,50.6,1,1,32,100.0,100.0,96.9,0,2,0,63,0,0,62,63,32,32,0,0,31,1
Patrick Lavelle,212981,T,MT UNION,1,100.0,0,1006,60.9,58.3,64.5,0,0,32,100.0,100.0,96.9,1,1,1,63,63,0,0,63,32,32,0,0,31,0
Cedric Malone,211265,G,TXWSLY,1,100.0,0,1457,48.6,62.6,43.0,1,1,38,100.0,100.0,97.4,0,2,0,63,11,41,0,63,38,38,10,0,25,0
Parry Samuels,211171,G,MILES,1,100.0,0,386,50.8,46.9,48.0,0,1,45,100.0,100.0,96.7,0,2,1,63,0,63,0,63,48,48,0,0,15,0
Zach Kerr,212704,G,DEPAUW,1,100.0,0,845,56.5,63.1,58.9,0,2,36,100.0,100.0,97.2,1,2,0,63,63,0,0,63,40,40,0,0,23,0
Toriono Combs,211936,G,ELIZBTH ST,1,100.0,0,373,70.1,87.0,66.5,0,0,31,100.0,100.0,100.0,0,0,0,63,0,63,0,63,35,35,0,0,28,0
Issac Tavo,177057,T,WLU,1,100.0,0,1178,57.8,40.8,70.4,0,2,38,100.0,100.0,92.1,1,4,2,63,0,0,63,63,41,41,0,0,22,0
Jayden Flores,210815,T,NORTHEA ST,1,100.0,0,1030,70.6,72.8,67.1,1,0,46,100.0,100.0,98.9,0,1,0,62,0,0,0,62,50,50,0,60,12,2
Javonte Roberts,167930,G,LOUCHR,1,100.0,0,958,63.9,55.7,65.1,0,0,35,100.0,100.0,97.1,0,1,1,62,0,0,0,62,38,38,61,0,24,1
J.D. Winans,197288,G,LOUCHR,1,100.0,0,958,53.9,48.0,58.6,0,1,35,100.0,100.0,98.6,2,1,0,62,0,61,1,62,38,38,0,0,24,0
Cayson Badley,210785,G,NORTHEA ST,1,100.0,0,1030,41.9,44.0,46.5,1,3,46,100.0,100.0,95.7,2,4,0,62,0,2,0,62,50,50,60,0,12,0
Cyrus Beckley,210398,T,SRSU,2,100.0,0,1133,37.4,24.0,42.5,0,0,15,100.0,100.0,100.0,0,0,0,62,0,0,0,62,17,17,0,62,45,0
Christian Gautreau,210209,T,LOUCHR,1,100.0,0,958,31.3,11.2,41.3,2,4,35,100.0,100.0,88.6,0,7,1,62,0,0,60,62,38,38,0,1,24,1
Jett Ellis,206941,G,Bent,1,100.0,1,1238,57.4,89.2,53.1,0,0,39,100.0,100.0,100.0,1,0,0,61,0,60,0,61,43,43,0,0,18,0
McCormack Langford,212606,G,BERRY VIK,1,100.0,0,1547,65.4,51.9,68.3,0,1,39,100.0,100.0,98.7,0,1,0,61,0,61,0,61,39,39,0,0,22,0
Reed Richards,212621,G,BERRY VIK,1,100.0,0,1547,73.2,67.8,72.7,0,1,39,100.0,100.0,98.7,0,1,0,61,0,0,61,61,39,39,0,0,22,0
Gavin Lilley,167913,T,LOUCHR,1,100.0,0,958,64.5,53.6,67.9,1,4,35,100.0,100.0,92.9,1,5,0,61,0,0,0,61,37,37,0,60,24,1
Malachi McCoy,195640,G,LINCOLN,1,100.0,0,380,60.8,52.7,61.5,0,0,40,100.0,100.0,95.0,0,2,2,61,0,61,0,61,41,41,0,0,20,0
Seth Ulett,195668,C,LINCOLN,1,100.0,0,380,46.5,50.4,45.9,0,2,40,100.0,100.0,97.5,0,2,0,61,61,0,0,61,41,41,0,0,20,0
Jacob Newman,196968,HB,VA LYNCHBU,4,34.1,0,406,67.6,59.2,73.8,0,1,49,43.0,43.7,96.9,0,2,1,61,0,0,0,179,52,119,0,0,9,0
Joe LoChiatto,206961,T,Bent,1,100.0,0,1238,55.7,83.1,55.0,0,0,40,100.0,100.0,97.5,2,1,1,61,0,0,0,61,43,43,0,61,18,0
Mason Fortner,212983,T,MT UNION,1,100.0,0,1006,66.0,72.0,64.4,0,1,32,100.0,100.0,98.4,0,1,0,61,0,0,0,61,32,32,61,0,29,0
Noah Gibbs,211946,T,LINCOLN,1,100.0,0,380,27.0,16.4,31.1,0,4,40,100.0,100.0,92.5,1,5,1,61,0,0,61,61,41,41,0,0,20,0
Trenton Hayes,193830,G,WEBINT,1,100.0,0,1246,47.6,25.1,49.3,1,1,21,100.0,100.0,95.2,0,2,0,60,0,59,1,60,24,24,0,0,36,0
Leon Wesley,210483,G,ALBANY ST,1,100.0,0,360,66.6,80.5,62.8,0,1,36,100.0,100.0,98.6,0,1,0,60,0,59,0,60,40,40,0,0,20,1
Ogden Morrison,211280,G,TXWSLY,1,100.0,0,1457,66.2,70.1,65.1,0,2,39,100.0,100.0,97.4,0,2,0,60,0,0,2,60,39,39,55,0,21,3
Devonne Barry,193804,T,WEBINT,1,100.0,0,1246,58.5,76.3,53.3,0,0,21,100.0,100.0,100.0,0,0,0,60,0,0,0,60,24,24,0,60,36,0
Jeremiah Hamilton,210223,G,WEBINT,1,100.0,0,1246,57.4,83.2,53.0,0,0,21,100.0,100.0,100.0,0,0,0,60,0,0,0,60,24,24,58,0,36,2
O'Shea Stroman,210475,T,ALBANY ST,1,100.0,0,360,70.1,78.1,64.7,0,2,36,100.0,100.0,97.2,0,2,0,60,4,1,0,60,40,40,0,55,20,0
Noah Stovall,167227,T,ALBANY ST,1,100.0,0,360,61.2,83.5,49.1,1,0,36,100.0,100.0,98.6,0,1,0,60,0,0,59,60,40,40,0,0,20,1
Jordon Carter,180025,C,WEBINT,1,100.0,0,1246,40.3,59.0,45.0,0,0,21,100.0,100.0,100.0,1,0,0,60,60,0,0,60,24,24,0,0,36,0
Justus Gilliam,210819,C,NORTHEA ST,1,100.0,0,1030,67.2,75.6,66.8,0,1,46,100.0,100.0,98.9,0,1,0,60,60,0,0,60,49,49,0,0,11,0
Deven Jones,124284,T,NORTHEA ST,1,100.0,0,1030,50.7,47.7,49.2,0,3,46,100.0,100.0,94.6,0,4,1,60,0,0,60,60,49,49,0,0,11,0
Christopher Allen,207888,G,MHMRTI,1,100.0,0,999,52.0,38.2,52.8,1,2,33,100.0,100.0,95.5,0,3,0,59,0,0,0,59,35,35,59,0,24,0
Charlie Pearson,212837,G,JHN HOP,1,100.0,0,1543,67.2,86.4,62.9,0,0,34,100.0,100.0,100.0,1,0,0,59,0,0,0,59,35,35,0,59,24,0
Corben Holler,207220,T,CHADST,1,100.0,0,809,62.9,71.6,56.8,0,0,34,100.0,100.0,100.0,0,0,0,59,0,0,0,59,37,37,0,59,22,0
Drew Chairuangdej,212872,T,JHN HOP,1,100.0,0,1543,69.4,75.4,65.6,0,1,34,100.0,100.0,98.5,0,1,0,59,59,0,0,59,35,35,0,0,24,0
Garrett Brophy,212862,C,JHN HOP,1,100.0,0,1543,74.7,73.9,76.1,0,1,34,100.0,100.0,98.5,0,1,0,59,0,0,0,59,35,35,57,0,24,1
Michael Nwosu,212845,T,JHN HOP,1,100.0,0,1543,76.3,89.1,67.7,0,0,34,100.0,100.0,100.0,0,0,0,59,0,0,59,59,35,35,0,0,24,0
Nathaniel Kennedy,151844,G,LINCOLN,1,100.0,0,380,37.7,14.3,39.9,0,2,38,100.0,100.0,97.4,0,2,0,59,0,0,0,59,39,39,59,0,20,0
Tykheem Wheeler,193879,T,WEBINT,1,100.0,0,1246,61.2,57.3,60.6,0,2,21,100.0,100.0,95.2,0,2,0,59,0,0,59,59,24,24,0,0,35,0
Anthony Ennis,207901,T,MHMRTI,1,100.0,0,999,51.2,67.4,48.9,0,1,33,100.0,100.0,98.5,1,1,0,59,0,0,59,59,35,35,0,0,24,0
Colin Billups,210987,C,PACENY,1,100.0,0,1536,56.7,67.1,57.7,0,2,40,100.0,100.0,97.5,1,2,0,58,54,0,0,58,43,43,4,0,15,0
John Jones,211023,T,PACENY,1,100.0,0,1536,65.8,80.3,53.7,0,0,40,100.0,100.0,100.0,2,0,0,58,0,0,0,58,43,43,0,58,15,0
Collin Papp,211040,G,PACENY,1,100.0,0,1536,58.5,67.1,53.5,0,1,40,100.0,100.0,98.7,1,1,0,58,0,4,0,58,43,43,54,0,15,0
Vincent Ciulla,194333,C,ST ANSELM,1,100.0,0,399,64.3,66.7,62.0,0,1,43,100.0,100.0,96.5,0,2,1,58,58,0,0,58,47,47,0,0,11,0
Aidin Xheraj,211061,G,PACENY,1,100.0,0,1536,40.5,37.1,42.3,0,2,40,100.0,100.0,97.5,1,2,0,58,4,54,0,58,43,43,0,0,15,0
Owen Kruse,195533,T,HA,1,100.0,0,1528,67.1,55.5,72.7,1,4,39,100.0,100.0,91.0,0,6,1,58,0,0,0,58,39,39,0,58,19,0
Ben Purciful,195563,G,HA,1,100.0,0,1528,60.3,69.3,56.2,0,1,39,100.0,100.0,93.6,0,3,2,58,0,58,0,58,39,39,0,0,19,0
Albee Cornachio,212841,G,JHN HOP,1,100.0,0,1543,68.2,76.5,66.4,1,1,34,100.0,100.0,97.1,0,2,0,58,0,58,0,58,35,35,0,0,23,0
Ryan O'Connor,171966,G,ST ANSELM,1,100.0,0,399,54.7,59.6,48.3,0,2,43,100.0,100.0,97.7,0,2,0,58,0,0,0,58,47,47,58,0,11,0
Ross Olinger,194375,G,ST ANSELM,1,100.0,0,399,59.6,72.3,52.1,0,0,43,100.0,100.0,100.0,0,0,0,58,0,58,0,58,47,47,0,0,11,0
Nicholas Sample,179868,G,VIRSTA,1,100.0,0,1164,51.9,49.9,49.0,0,1,38,100.0,100.0,98.7,0,1,0,58,0,55,0,58,39,39,3,0,19,0
Bryce Shepherd,195581,T,HA,1,100.0,0,1528,81.3,88.9,74.2,0,0,39,100.0,100.0,100.0,0,0,0,58,0,0,58,58,39,39,0,0,19,0
David Holloway,195518,G,HA,1,100.0,0,1528,52.6,56.3,49.4,1,1,39,100.0,100.0,94.9,0,3,1,58,0,0,0,58,39,39,58,0,19,0
Pakshil Chadha,212033,G,WARNER,1,100.0,0,407,58.5,59.9,56.1,1,2,40,100.0,100.0,96.2,0,3,0,58,0,0,0,58,40,40,58,0,18,0
Kevin Coulther,194337,T,ST ANSELM,1,100.0,0,399,45.6,32.4,52.0,0,4,43,100.0,100.0,95.3,1,4,0,58,0,0,58,58,47,47,0,0,11,0
Harrison Walsh,194394,T,ST ANSELM,1,100.0,0,399,51.2,40.7,56.9,1,3,43,100.0,100.0,95.3,0,4,0,58,0,0,0,58,47,47,0,57,11,1
Joshua Jones,207697,C,HA,1,100.0,0,1528,66.7,85.9,59.0,0,0,39,100.0,100.0,100.0,0,0,0,58,58,0,0,58,39,39,0,0,19,0
Hashley Heriveaux,211017,T,PACENY,1,100.0,0,1536,44.8,33.1,50.1,0,2,40,100.0,100.0,92.5,0,4,2,58,0,0,57,58,43,43,0,0,15,1
Judah Moenoa,213044,G,OBERLIN,1,100.0,0,1544,67.6,83.7,61.3,0,0,37,100.0,100.0,100.0,0,0,0,57,57,0,0,57,37,37,0,0,20,0
Theodis Collins,207872,C,MHMRTI,1,100.0,0,999,46.3,28.3,52.0,0,0,32,100.0,100.0,96.9,0,1,1,57,57,0,0,57,34,34,0,0,23,0
Abraham Cromartie V,213046,DI,OBERLIN,1,100.0,0,1544,61.3,73.3,57.1,0,1,37,100.0,100.0,98.6,0,1,0,57,0,0,0,57,37,37,57,0,20,0
Kenneth Harris Jr,207902,G,MHMRTI,1,100.0,0,999,51.3,43.0,56.4,0,1,32,100.0,100.0,98.4,1,1,0,57,0,57,0,57,34,34,0,0,23,0
Michael Mathis,213017,T,OBERLIN,1,100.0,0,1544,59.4,66.8,53.4,0,3,37,100.0,100.0,95.9,0,3,0,57,0,2,55,57,37,37,0,0,20,0
Quincy Newsom,212769,HB,JOHNCA,14,18.6,0,926,75.2,37.6,51.7,1,1,25,16.2,16.4,96.0,0,2,0,57,0,0,0,306,26,159,0,0,31,0
Kahleem Murphy,196731,T,SVANNAH ST,1,100.0,0,286,50.8,50.2,48.3,0,2,41,100.0,100.0,95.1,0,3,1,56,0,0,56,56,41,41,0,0,15,0
Joshua Hadnot,196717,C,SVANNAH ST,1,100.0,0,286,51.5,46.4,52.1,0,1,41,100.0,100.0,93.9,0,3,2,56,56,0,0,56,41,41,0,0,15,0
Ty'Orice Brown,168987,C,ALBANY ST,1,100.0,0,360,61.3,68.3,58.0,0,2,35,100.0,100.0,97.1,0,2,0,56,55,0,0,56,39,39,0,0,17,1
Oliver Sevig,211418,T,TRSU,1,100.0,0,1147,47.9,53.4,52.2,1,2,33,100.0,100.0,92.4,1,4,1,55,0,0,0,55,36,36,0,55,19,0
Wyatt Bonnett,211349,C,TRSU,1,100.0,0,1147,64.9,63.8,63.6,1,1,33,100.0,100.0,97.0,1,2,0,55,55,0,0,55,36,36,0,0,19,0
Greg Krupa,211392,T,TRSU,1,100.0,0,1147,67.2,73.4,62.4,0,1,33,100.0,100.0,98.5,0,1,0,55,0,0,55,55,36,36,0,0,19,0
Tsvion Sanders,182483,G,MILES,2,100.0,0,386,43.8,13.5,51.0,0,6,36,100.0,100.0,91.7,0,6,0,55,0,6,0,55,39,39,49,0,16,0
Hunter Green,213024,LB,OBERLIN,1,96.5,0,1544,59.5,72.9,55.8,0,0,35,94.6,94.6,100.0,0,0,0,55,0,55,0,57,35,37,0,0,20,2
Kyreon Montgomery,196141,T,LANECOL,1,100.0,0,942,51.0,29.8,64.1,1,1,25,100.0,100.0,96.0,1,2,0,55,0,0,55,55,26,26,0,0,29,0
Jackson Bloomfield,213048,T,OBERLIN,1,96.5,0,1544,58.4,78.3,55.9,0,2,35,94.6,94.6,97.1,1,2,0,55,0,0,0,57,35,37,0,55,20,2
Ryan Hall,124487,G,TRSU,1,100.0,0,1147,66.9,73.0,65.5,0,0,33,100.0,100.0,100.0,0,0,0,55,0,55,0,55,36,36,0,0,19,0
Larry Morris,208022,C,ARKBC,1,100.0,0,1515,37.1,8.8,51.8,0,1,31,100.0,100.0,98.4,0,1,0,55,55,0,0,55,31,31,0,0,24,0
Mike Seney,213068,C,OHIO WES,1,100.0,0,1042,40.6,39.6,40.6,0,0,36,100.0,100.0,100.0,0,0,0,54,54,0,0,54,40,40,0,0,14,0
Jake Guy,149285,G,Bent,1,100.0,0,1238,58.3,88.9,48.6,0,0,34,100.0,100.0,100.0,0,0,0,54,0,0,0,54,37,37,54,0,17,0
Brock Nunez,212987,T,NTH CENT,1,100.0,0,1022,57.3,84.1,52.7,0,0,23,100.0,100.0,100.0,0,0,0,54,0,54,0,54,23,23,0,0,31,0
Jake Jackson,206956,C,Bent,1,100.0,0,1238,51.2,63.1,53.3,0,0,33,100.0,100.0,100.0,1,0,0,54,53,0,0,54,37,37,0,0,17,0
Baxter Cox,193893,G,W OREGON,1,100.0,0,411,46.2,27.7,53.8,0,1,34,100.0,100.0,98.5,1,1,0,54,0,0,0,54,37,37,54,0,17,0
Jake Noga,213071,G,OHIO WES,1,100.0,0,1042,61.0,70.4,56.7,0,0,36,100.0,100.0,100.0,0,0,0,54,0,54,0,54,40,40,0,0,14,0
Merrick McDonald,213306,C,OHIO WES,1,100.0,0,1042,47.4,29.5,57.0,0,0,36,100.0,100.0,97.2,1,1,1,54,0,0,0,54,40,40,0,54,14,0
Tyson Cramer,212990,G,NTH CENT,1,100.0,0,1022,74.9,84.9,75.5,0,0,23,100.0,100.0,100.0,1,0,0,54,0,0,54,54,23,23,0,0,31,0
Evan Wilder,213318,T,OHIO WES,1,100.0,0,1042,54.4,66.3,44.0,1,1,36,100.0,100.0,94.4,0,3,1,54,0,0,54,54,40,40,0,0,14,0
Cortez Jones,212998,T,NTH CENT,1,100.0,0,1022,73.3,82.3,68.1,0,0,23,100.0,100.0,100.0,0,0,0,54,0,0,0,54,23,23,0,54,31,0
Jaden Hopkins,213319,C,OHIO WES,1,100.0,0,1042,36.1,5.1,44.9,0,3,36,100.0,100.0,95.8,0,3,0,54,0,0,0,54,40,40,54,0,14,0
Jerred Durian,213011,T,NTH CENT,1,100.0,0,1022,50.1,26.4,63.2,0,1,23,100.0,100.0,97.8,2,1,0,54,54,0,0,54,23,23,0,0,31,0
Jaylen Jeffries,207889,T,MHMRTI,1,100.0,0,999,36.1,12.2,48.5,0,3,30,100.0,100.0,95.0,0,3,0,54,0,0,0,54,31,31,0,54,23,0
Mike Boutros,206917,T,Bent,1,100.0,0,1238,65.8,89.7,52.4,0,0,33,100.0,100.0,100.0,0,0,0,53,0,0,53,53,36,36,0,0,17,0
Justin Livie,211446,T,TUSKEGEE,2,100.0,0,405,54.9,81.1,51.3,0,0,27,100.0,100.0,100.0,1,0,0,52,0,0,10,52,29,29,0,42,23,0
Kyle Sellers,207646,G,GC,1,100.0,0,1533,54.2,35.9,64.1,1,0,38,100.0,100.0,98.7,2,1,0,52,0,52,0,52,41,41,0,0,11,0
Iking Edwards,210667,T,LANECOL,1,100.0,0,942,54.3,67.1,48.3,2,1,24,100.0,100.0,93.7,0,3,0,51,0,0,0,51,25,25,0,51,26,0
Shaquentin Lofton,210687,C,LANECOL,1,100.0,0,942,31.3,0.0,49.8,0,1,24,100.0,100.0,97.9,0,1,0,51,44,0,0,51,25,25,7,0,26,0
Demarco Blackmon,197426,G,WARNER,1,100.0,0,407,59.5,79.6,53.6,1,0,29,100.0,100.0,98.3,0,1,0,51,0,51,0,51,30,30,0,0,21,0
Jake Putthoff,209147,G,THMORE,1,100.0,0,1296,61.9,72.0,58.8,0,0,33,100.0,100.0,100.0,0,0,0,51,0,51,0,51,33,33,0,0,18,0
Bradley Brown,182213,T,ARKBC,1,100.0,0,1515,58.3,69.9,50.9,0,0,31,100.0,100.0,100.0,0,0,0,51,0,0,51,51,31,31,0,0,20,0
Ethan Harris,196662,C,KYCRST,1,100.0,0,1474,54.0,46.3,55.7,1,0,32,100.0,100.0,98.4,0,1,0,50,50,0,0,50,35,35,0,0,15,0
Jacob Hayward,210570,T,KYCRST,1,100.0,0,1474,38.2,10.6,52.4,1,4,32,100.0,100.0,92.2,1,5,0,50,0,0,0,50,35,35,0,50,15,0
Michael Barretto,211343,G,TRSU,1,100.0,0,1147,67.2,86.9,62.8,0,0,30,100.0,100.0,100.0,0,0,0,50,0,0,0,50,33,33,50,0,17,0
Noah Nava,197248,C,LOUCHR,1,100.0,0,958,61.9,59.4,61.3,0,1,28,100.0,100.0,98.2,0,1,0,50,50,0,0,50,30,30,0,0,20,0
Logan Gauze,196654,G,KYCRST,1,100.0,0,1474,61.4,70.4,57.9,0,1,32,100.0,100.0,98.4,0,1,0,50,0,0,0,50,35,35,50,0,15,0
Aidan Bell,210550,T,KYCRST,1,100.0,0,1474,56.2,75.2,44.9,1,0,32,100.0,100.0,98.4,0,1,0,50,0,0,50,50,35,35,0,0,15,0
Theo Koulianos,212672,G,DENISON,1,100.0,0,842,49.1,22.3,,0,7,48,100.0,100.0,92.7,0,7,0,50,0,0,0,50,50,50,50,0,0,0
Charlie Steinmetz,212758,TE,JOHNCA,6,90.7,0,926,53.8,67.0,45.8,0,0,1,16.7,28.6,100.0,0,0,0,49,0,0,1,54,2,7,0,0,47,48
Tyjee Covington,211747,T,Ferr,1,100.0,0,869,49.3,70.1,44.7,1,0,20,100.0,100.0,97.5,0,1,0,49,0,0,49,49,22,22,0,0,27,0
Jason Creech,211748,T,Ferr,1,100.0,0,869,58.3,72.5,53.0,0,0,20,100.0,100.0,100.0,0,0,0,49,0,0,0,49,22,22,0,49,27,0
Freddie Glass,207128,T,BOWIE ST,1,100.0,0,365,26.5,0.0,45.1,1,3,35,100.0,100.0,94.3,0,4,0,49,0,0,0,49,38,38,0,49,11,0
Zay Wilkins,213281,G,CLG OF WOO,1,100.0,0,1217,36.8,9.9,41.4,0,3,29,100.0,100.0,94.8,0,3,0,49,0,49,0,49,32,32,0,0,17,0
Nate Chapman,213263,T,CLG OF WOO,1,100.0,0,1217,46.1,31.2,52.5,0,0,29,100.0,100.0,100.0,0,0,0,49,0,0,0,49,32,32,0,49,17,0
Darren Durand,212331,T,WCU,1,100.0,0,1535,21.4,0.0,37.3,0,6,32,100.0,100.0,90.6,0,6,0,49,0,0,49,49,34,34,0,0,15,0
Rodney Judkins,180253,G,AMRINT,1,100.0,0,737,45.0,51.6,41.5,0,1,24,100.0,100.0,93.7,0,2,1,48,0,48,0,48,24,24,0,0,24,0
Joel Alvarado,206802,C,AMRINT,1,100.0,0,737,54.1,66.7,52.0,0,0,24,100.0,100.0,100.0,0,0,0,48,48,0,0,48,24,24,0,0,24,0
Andrew Flesher,213260,G,CLG OF WOO,1,100.0,0,1217,51.7,49.1,49.3,0,2,28,100.0,100.0,96.4,0,2,0,48,0,0,0,48,31,31,48,0,17,0
Nikko Georgiou,212776,QB,JOHNCA,5,76.2,0,926,69.1,,60.0,0,0,0,0.0,0.0,,0,0,0,48,0,0,0,63,0,14,0,0,48,0
Ethan Bonura,212337,G,WCU,1,100.0,0,1535,44.9,21.7,48.3,0,4,32,100.0,100.0,93.7,0,4,0,48,0,48,0,48,34,34,0,0,14,0
Kolton Smith,209159,TE,THMORE,2,76.2,0,1296,72.1,79.0,58.2,0,0,9,37.5,37.5,100.0,0,0,0,48,0,0,0,63,9,24,0,0,39,60
Josh Miller,212352,G,WCU,1,100.0,0,1535,38.9,12.4,47.0,0,2,33,100.0,100.0,97.0,0,2,0,48,0,0,0,48,35,35,30,18,13,0
Chase Armstrong,213311,C,JOHNCA,3,100.0,0,926,60.3,79.2,57.9,0,0,12,100.0,100.0,100.0,0,0,0,48,48,0,0,48,12,12,0,0,36,0
Noah Koke-Mauga,179275,G,CENT WASH,1,100.0,0,367,61.8,86.8,59.0,0,0,16,100.0,100.0,100.0,0,0,0,47,0,47,0,47,17,17,0,0,30,0
Brandon Taffe,211963,T,LINCOLN,1,100.0,0,380,25.1,0.0,29.4,0,4,30,100.0,100.0,90.0,0,5,1,47,0,0,0,47,31,31,0,47,16,0
Chandler Wilson,212051,G,KY STATE,1,100.0,0,378,46.0,67.5,51.3,0,0,25,100.0,100.0,100.0,2,0,0,47,0,0,0,47,25,25,46,1,22,0
Perish Hayes,212074,WR,LINCOK,5,22.1,0,1452,57.4,67.3,58.4,0,0,1,0.6,0.6,100.0,0,0,0,47,0,0,0,213,1,167,0,0,46,15
Dawson Elliott,211227,T,TXWSLY,1,100.0,0,1457,27.2,29.9,26.4,2,2,31,100.0,100.0,93.5,0,4,0,47,0,0,47,47,31,31,0,0,16,0
Marco Fugar,187911,T,SVANNAH ST,1,100.0,0,286,51.3,26.0,66.1,0,3,35,100.0,100.0,95.7,0,3,0,47,0,0,0,47,35,35,0,47,12,0
Henry Ringenbach,213259,T,CLG OF WOO,1,100.0,0,1217,40.9,40.1,40.0,0,1,27,100.0,100.0,98.1,0,1,0,46,0,0,46,46,30,30,0,0,16,0
Marcus Tate-Blanks,211829,C,Ferr,1,100.0,0,869,57.7,63.0,56.7,0,1,18,100.0,100.0,97.2,0,1,0,46,46,0,0,46,20,20,0,0,26,0
Isaac Olson,210952,WR,NMiU,1,62.2,0,1031,65.7,,58.3,0,0,0,0.0,0.0,,0,0,0,46,0,0,0,74,0,28,0,0,46,0
Seajae Gaskill,212134,G,WCST,1,100.0,0,1537,48.5,45.4,46.2,0,2,28,100.0,100.0,96.4,0,2,0,46,0,46,0,46,28,28,0,0,18,0
Jordan Agosto,212208,C,WCST,1,100.0,0,1537,64.2,51.3,65.6,0,1,28,100.0,100.0,98.2,0,1,0,46,46,0,0,46,28,28,0,0,18,0
Jack Bernard,212908,C,KENYON,1,100.0,0,1545,47.3,45.7,47.8,1,0,23,100.0,100.0,89.1,0,3,2,45,0,0,0,45,24,24,0,45,21,0
Christen Barnwell,209178,G,SRSU,1,100.0,0,1133,43.2,38.7,42.2,0,1,18,100.0,100.0,97.2,0,1,0,45,0,45,0,45,18,18,0,0,27,0
Dalton Scruggs,213187,G,WYNESBRG,1,100.0,0,1175,47.7,52.4,52.5,0,2,24,100.0,100.0,95.8,1,2,0,45,0,0,0,45,27,27,8,37,18,0
Matt Acevedo,211098,G,SOCTOW,1,100.0,0,1107,46.9,14.8,50.7,0,1,19,100.0,100.0,97.4,0,1,0,45,0,1,0,45,20,20,44,0,25,0
Jacob Brisky,213171,T,WYNESBRG,1,100.0,0,1175,59.4,64.2,64.0,0,0,24,100.0,100.0,100.0,2,0,0,45,0,0,45,45,27,27,0,0,18,0
Zxaymir Pelissier,210466,G,ALBANY ST,1,100.0,0,360,65.9,84.8,61.3,0,0,29,100.0,100.0,100.0,0,0,0,45,0,0,0,45,31,31,45,0,14,0
Lucas DeLoatch,213158,T,WYNESBRG,1,100.0,0,1175,51.3,35.5,52.2,0,3,24,100.0,100.0,93.7,1,3,0,45,0,8,0,45,27,27,37,0,18,0
Charlie Forger,212890,T,KENYON,1,100.0,0,1545,60.0,65.8,58.1,0,1,23,100.0,100.0,97.8,0,1,0,45,45,0,0,45,24,24,0,0,21,0
Jerrell Calixte,206811,T,AMRINT,1,100.0,0,737,39.2,51.7,34.5,0,2,23,100.0,100.0,95.7,0,2,0,45,0,0,23,45,23,23,22,0,22,0
Noah Dobert,210905,HB,NMiU,1,66.7,0,1031,54.7,18.2,60.3,0,1,18,75.0,70.4,80.6,0,4,3,44,0,0,0,66,19,27,0,0,25,0
Okeoghene Akpoborie,211191,G,TXWSLY,1,100.0,0,1457,64.0,56.6,64.4,0,0,21,100.0,100.0,100.0,0,0,0,44,0,34,0,44,21,21,10,0,23,0
Maliek Williams,166827,G,LANECOL,1,100.0,0,942,59.5,60.7,58.2,0,1,21,100.0,100.0,92.9,0,2,1,44,0,0,0,44,22,22,44,0,22,0
Brian Flores,212147,T,WCST,1,100.0,0,1537,42.3,35.3,45.3,1,4,28,100.0,100.0,91.1,0,5,0,44,0,0,0,44,28,28,0,44,16,0
Marco Delima,212259,T,WCST,1,100.0,0,1537,55.9,50.5,57.0,2,1,28,100.0,100.0,94.6,0,3,0,44,0,0,44,44,28,28,0,0,16,0
DeLeon Madria,182208,T,ARKBC,1,100.0,0,1515,54.2,53.2,53.6,0,3,23,100.0,100.0,93.5,0,3,0,43,0,0,0,43,23,23,0,43,20,0
Roy Berry,181002,G,TUSKEGEE,1,100.0,0,405,68.2,84.3,65.1,0,0,23,100.0,100.0,100.0,0,0,0,43,0,0,0,43,25,25,43,0,18,0
Brinley Vandiver,193742,QB,MILES,2,34.1,0,386,44.1,,60.0,0,0,0,0.0,0.0,,0,0,0,43,0,0,0,126,0,81,0,0,43,0
Max Garrido,193989,G,ERSKIN,1,100.0,0,1526,56.4,63.9,54.0,0,0,19,100.0,100.0,94.7,0,1,1,42,0,42,0,42,21,21,0,0,21,0
JaQuez Randolph,194059,C,ERSKIN,1,100.0,0,1526,53.8,74.9,50.6,1,0,19,100.0,100.0,97.4,0,1,0,42,42,0,0,42,21,21,0,0,21,0
Kyree Squire,195918,T,ED WATERS,1,100.0,0,372,29.6,0.0,54.7,2,2,22,100.0,100.0,90.9,0,4,0,42,0,0,42,42,24,24,0,0,18,0
Jamir Francis,205864,G,ARKBC,1,100.0,1,1515,49.8,71.8,48.6,0,0,26,100.0,100.0,100.0,1,0,0,42,0,42,0,42,26,26,0,0,16,0
Camden Loidhamer,179281,TE,CENT WASH,1,84.0,0,367,74.9,74.5,58.4,0,0,9,56.3,55.6,100.0,0,0,0,42,0,0,0,50,10,18,0,0,32,49
Scout Harr,194000,G,ERSKIN,1,100.0,0,1526,52.0,36.2,52.9,1,1,19,100.0,100.0,94.7,0,2,0,42,0,0,0,42,21,21,42,0,21,0
Trey Reiter,144100,G,Ferr,1,100.0,0,869,50.7,60.8,54.3,0,1,15,100.0,100.0,96.7,1,1,0,42,3,12,0,42,16,16,27,0,26,0
Hart Cushman,193973,T,ERSKIN,1,100.0,0,1526,46.5,23.6,53.5,0,2,19,100.0,100.0,94.7,0,2,0,42,0,0,42,42,21,21,0,0,21,0
Tysen Chadwick,193964,T,ERSKIN,1,100.0,0,1526,40.6,5.9,53.5,0,5,19,100.0,100.0,86.8,0,5,0,42,0,0,0,42,21,21,0,42,21,0
Ivan Williams,211469,T,TUSKEGEE,1,100.0,0,405,58.1,73.5,50.8,0,0,22,100.0,100.0,100.0,1,0,0,42,0,0,42,42,24,24,0,0,18,0
Marcus Head,212628,G,BERRY VIK,1,100.0,0,1547,65.9,66.7,64.0,0,1,25,100.0,100.0,98.0,0,1,0,41,41,0,0,41,25,25,0,0,16,0
Michael Kennedy,213282,T,CLG OF WOO,1,100.0,0,1217,56.0,67.3,59.0,0,0,23,100.0,100.0,100.0,1,0,0,41,41,0,0,41,26,26,0,0,15,0
Aiden Bunton,212696,G,DEPAUW,1,100.0,0,845,70.1,61.3,70.8,0,1,18,100.0,100.0,91.7,0,2,1,41,0,0,0,41,21,21,0,41,20,0
Treyvion Dimmings,168370,WR,LINCOK,5,18.1,0,1452,69.2,,51.4,0,0,0,0.0,0.0,,0,0,0,41,0,0,0,226,0,185,0,0,41,0
Joshua Gonzalez,213231,C,WITNBRG,1,100.0,0,1216,52.4,58.7,56.1,0,1,24,100.0,100.0,97.9,1,1,0,40,0,0,0,40,26,26,40,0,14,0
Zach Chambers,213247,C,WITNBRG,1,100.0,0,1216,68.2,79.4,62.0,0,0,24,100.0,100.0,100.0,0,0,0,40,0,0,40,40,26,26,0,0,14,0
Kyle Hillerich,168199,G,THMORE,1,100.0,0,1296,54.7,83.7,55.3,0,0,23,100.0,100.0,100.0,1,0,0,40,0,0,0,40,23,23,40,0,17,0
EJ Hall,190688,WR,TUSKEGEE,2,40.0,0,405,57.9,,60.4,0,0,0,0.0,0.0,,1,0,0,40,0,0,0,100,0,59,0,0,40,0
Duke Shovald,210960,QB,NMiU,1,54.1,0,1031,44.8,,60.0,0,0,0,0.0,0.0,,0,0,0,40,0,0,0,74,0,28,0,0,40,0
Cameron Casto,213219,T,WITNBRG,1,100.0,0,1216,62.5,69.5,59.6,0,1,24,100.0,100.0,97.9,0,1,0,40,40,0,0,40,26,26,0,0,14,0
Scott Arnold,213214,T,WITNBRG,1,100.0,0,1216,60.4,84.1,54.2,0,0,24,100.0,100.0,100.0,0,0,0,40,0,40,0,40,26,26,0,0,14,0
Jabari Ruise,210348,QB,VA LYNCHBU,4,37.7,0,406,40.8,,60.0,0,0,0,0.0,0.0,,0,0,0,40,0,0,0,106,0,64,0,0,40,0
Logan Crabs,213213,G,WITNBRG,1,100.0,0,1216,67.1,76.9,61.5,0,2,24,100.0,100.0,95.8,0,2,0,40,0,0,0,40,26,26,0,40,14,0
Ryan Hardman,182352,TE,MILES,2,81.6,0,386,56.6,70.5,55.3,0,0,5,38.5,35.7,100.0,0,0,0,40,0,0,0,49,5,14,0,0,35,21
Griffin Scalf,209152,QB,THMORE,2,38.6,0,1296,29.8,62.2,60.0,0,0,1,1.7,1.7,100.0,2,0,0,39,0,0,0,101,1,60,0,0,38,0
Demetris McKelvy,210346,WR,VA LYNCHBU,3,31.1,1,406,44.9,,63.3,0,0,0,0.0,0.0,,1,0,0,38,0,0,0,122,0,84,0,0,38,0
Sebastian Boyea,210891,WR,NMiU,1,60.3,0,1031,71.1,,57.4,0,0,0,0.0,0.0,,0,0,0,38,0,0,0,63,0,25,0,0,38,0
Eldrian Arnold,168381,HB,LINCOK,2,44.7,0,1452,62.4,68.7,56.2,0,1,28,45.9,48.5,98.2,0,1,0,38,0,0,0,85,32,66,0,0,6,0
James Griffiths,150652,TE,SOCTOW,1,84.4,0,1107,46.4,42.9,49.1,1,0,10,58.8,58.8,85.0,0,2,1,38,0,0,0,45,10,17,0,0,28,34
Isaiah Grenway,213167,T,WYNESBRG,1,100.0,0,1175,64.1,60.0,64.4,0,0,20,100.0,100.0,100.0,0,0,0,37,0,37,0,37,23,23,0,0,14,0
Dustin Placide,196973,WR,VA LYNCHBU,4,28.7,0,406,48.4,,82.1,0,0,0,0.0,0.0,,0,0,0,37,0,0,0,129,0,92,0,0,37,0
Ryan Brumley,206660,TE,ADRIAN,1,67.3,0,1534,54.9,73.4,50.9,0,0,3,14.3,14.3,100.0,0,0,0,37,0,0,0,55,3,21,0,0,34,18
Drew Washburn,213302,T,JOHNCA,3,100.0,0,926,67.0,57.3,66.5,0,1,5,100.0,100.0,90.0,0,1,0,37,0,0,0,37,5,5,37,0,32,0
Christian Oliva,194376,G,SOCTOW,1,100.0,0,1107,37.3,0.0,48.8,1,3,22,100.0,100.0,81.8,0,6,2,36,0,0,0,36,22,22,36,0,14,0
Jacob Scales,212341,T,WCU,1,100.0,0,1535,39.3,5.5,57.3,0,2,22,100.0,100.0,95.5,0,2,0,36,0,0,2,36,23,23,0,33,13,1
Trey Rutherford,212924,G,KENYON,1,100.0,0,1545,61.5,67.4,58.2,0,0,19,100.0,100.0,100.0,0,0,0,36,0,0,36,36,19,19,0,0,17,0
Caleb Kirkpatrick,212891,T,KENYON,1,100.0,0,1545,52.6,51.3,58.2,0,1,19,100.0,100.0,97.4,1,1,0,36,0,0,0,36,19,19,36,0,17,0
James Gatewood,210743,WR,MILES,2,38.0,0,386,57.1,,62.9,0,0,0,0.0,0.0,,0,0,0,35,0,0,0,92,0,56,0,0,35,0
C'Mariyun Hayes,210828,G,NORTHEA ST,1,100.0,0,1030,51.3,33.7,53.1,0,1,26,100.0,100.0,94.2,0,2,1,35,0,35,0,35,27,27,0,0,8,0
Chase Boyd,212327,C,WCU,1,100.0,0,1535,42.6,28.9,47.4,0,1,23,100.0,100.0,97.8,1,1,0,35,35,0,0,35,24,24,0,0,11,0
Tyler Martin,212634,T,BERRY VIK,1,100.0,0,1547,63.8,59.1,65.0,0,2,25,100.0,100.0,96.0,0,2,0,35,0,0,0,35,25,25,0,35,10,0
Ryan Thompson,212195,G,WCST,1,100.0,0,1537,57.1,77.6,50.8,0,0,23,100.0,100.0,100.0,0,0,0,35,0,0,0,35,23,23,35,0,12,0
Robric Walker,210723,G,LANECOL,1,100.0,1,942,56.5,33.5,59.1,1,0,17,100.0,100.0,97.1,1,1,0,35,0,35,0,35,18,18,0,0,17,0
Cory Conklin,210281,WR,WEBINT,1,59.6,0,1246,60.2,,61.0,0,0,0,0.0,0.0,,1,0,0,34,0,0,0,57,0,23,0,0,34,0
Seth Westover,166474,WR,SOCTOW,1,45.3,0,1107,59.4,,63.2,0,0,0,0.0,0.0,,0,0,0,34,0,0,0,75,0,41,0,0,34,0
Sam Whitt,211847,G,Ferr,1,100.0,0,869,59.0,81.1,55.3,0,0,13,100.0,100.0,100.0,0,0,0,34,0,34,0,34,15,15,0,0,19,0
Mark Ortiz,212699,G,DEPAUW,1,100.0,0,845,43.9,7.5,55.0,1,3,22,100.0,100.0,86.4,0,5,1,34,6,0,0,34,23,23,28,0,11,0
Tristan Randall,207251,T,CHADST,1,100.0,0,809,52.5,54.0,50.8,0,0,21,100.0,100.0,95.2,0,1,1,34,0,0,29,34,22,22,0,5,12,0
Devin Kinsey,206855,T,AMRINT,1,100.0,0,737,25.1,0.0,34.4,1,3,17,100.0,100.0,88.2,0,4,0,34,0,0,34,34,17,17,0,0,17,0
Chase Johnson,211445,G,TUSKEGEE,1,100.0,0,405,47.9,55.6,51.4,0,2,19,100.0,100.0,94.7,1,2,0,34,0,0,0,34,20,20,34,0,14,0
Bryson Hill,212609,C,BERRY VIK,1,100.0,0,1547,54.3,59.2,50.6,0,2,24,100.0,100.0,95.8,0,2,0,34,0,0,0,34,24,24,34,0,10,0
Seth Maldonado,182857,WR,LINCOK,4,18.8,0,1452,65.3,67.9,41.2,0,0,1,0.7,0.7,100.0,0,0,0,34,0,0,0,181,1,147,0,0,33,0
Andrew Molloy,179287,TE,CENT WASH,1,80.5,0,367,70.0,72.7,60.9,0,0,10,58.8,55.6,100.0,0,0,0,33,0,0,0,41,10,18,0,0,23,32
Yamil Oaxaca,175650,WR,SRSU,2,64.7,0,1133,53.9,,51.0,0,0,0,0.0,0.0,,0,0,0,33,0,0,0,51,0,18,0,0,33,0
Tim Young,193882,WR,WEBINT,1,58.9,0,1246,52.2,,57.7,0,0,0,0.0,0.0,,0,0,0,33,0,0,0,56,0,23,0,0,33,0
Preston Agee,72545,WR,THMORE,2,40.7,0,1296,56.6,,57.6,0,0,0,0.0,0.0,,0,0,0,33,0,0,0,81,0,48,0,0,33,0
Wyatt Stiehl,183448,TE,MT UNION,1,71.7,0,1006,58.5,71.1,64.5,0,0,6,31.6,31.6,100.0,0,0,0,33,0,0,0,46,6,19,0,0,27,40
Dashad Shaw,181035,T,ED WATERS,1,100.0,0,372,36.7,0.0,60.7,1,1,25,100.0,100.0,92.0,0,3,1,32,0,0,31,32,25,25,0,0,7,1
Tifton Dobbs,193706,WR,MILES,2,34.4,0,386,64.2,,49.1,0,0,0,0.0,0.0,,0,0,0,32,0,0,0,93,0,61,0,0,32,0
Jon McCall,150098,WR,KY STATE,1,50.0,0,378,68.9,,62.4,0,0,0,0.0,0.0,,0,0,0,32,0,0,0,64,0,32,0,0,32,0
Noah Beaudrie,206644,QB,ADRIAN,1,48.4,0,1534,78.4,,61.1,0,0,0,0.0,0.0,,1,0,0,31,0,0,0,64,0,29,0,0,31,0
Mareon Tisdale,206899,T,AMRINT,1,100.0,0,737,28.1,0.0,50.1,1,1,17,100.0,100.0,88.2,0,3,1,31,0,0,0,31,17,17,0,31,14,0
Malaki Brown,210793,G,NORTHEA ST,1,100.0,0,1030,71.1,72.5,74.1,0,1,23,100.0,100.0,97.8,0,1,0,31,0,25,5,31,26,26,0,0,5,1
Mason Juergens,176680,WR,CENT WASH,1,63.3,0,367,54.2,,59.8,0,0,0,0.0,0.0,,0,0,0,31,0,0,0,49,0,18,0,0,31,0
Darius Cyprian,197723,WR,KY STATE,1,49.2,0,378,57.1,,62.5,0,0,0,0.0,0.0,,0,0,0,31,0,0,0,63,0,32,0,0,31,1
Ivan Kynes,196723,TE,SVANNAH ST,1,81.6,0,286,55.8,74.9,55.2,0,0,7,50.0,50.0,100.0,0,0,0,31,0,0,0,38,7,14,0,0,24,28
Patrick McGowan,212923,G,KENYON,1,100.0,0,1545,56.9,82.3,51.5,0,0,17,100.0,100.0,100.0,0,0,0,30,0,30,0,30,17,17,0,0,13,0
TJ Curtis,211219,WR,TXWSLY,1,44.1,0,1457,53.2,66.6,62.9,0,0,2,5.0,5.0,100.0,0,0,0,30,0,0,0,68,2,40,0,0,28,0
Bruno Onwuazor,154042,T,VIRSTA,1,96.8,0,1164,65.6,79.9,57.8,0,1,19,95.0,95.2,97.4,0,1,0,30,0,0,30,31,20,21,0,0,10,0
Jacob Cockrell,212962,WR,MT UNION,1,48.4,0,1006,57.2,,58.1,0,0,0,0.0,0.0,,0,0,0,30,0,0,0,62,0,32,0,0,30,0
Davion Grant,212978,WR,MT UNION,1,48.4,0,1006,64.7,,56.1,0,0,0,0.0,0.0,,0,0,0,30,0,0,0,62,0,32,0,0,30,0
Diego Coleman,209183,TE,SRSU,2,83.3,0,1133,36.2,0.0,38.7,0,3,5,45.5,45.5,70.0,0,3,0,30,0,0,0,36,5,11,0,0,25,16
Tim Newman,142572,HB,VA LYNCHBU,4,32.3,0,406,55.1,84.0,54.3,0,0,17,30.9,31.6,100.0,0,0,0,30,0,0,0,93,18,57,0,0,12,0
Jaden Wells,197283,TE,LOUCHR,1,73.2,0,958,48.6,58.7,63.5,0,0,9,45.0,52.2,100.0,0,0,0,30,0,1,1,41,12,23,0,0,18,35
Christian Levy,213099,G,RAND MACON,1,100.0,0,1546,57.2,52.6,56.9,0,1,14,100.0,100.0,96.4,0,1,0,29,0,0,0,29,14,14,29,0,15,0
Paul Summers,211315,WR,TXWSLY,1,42.6,0,1457,69.7,63.1,58.8,0,0,1,2.5,2.5,100.0,1,0,0,29,0,0,0,68,1,40,0,0,28,0
Myles Bridges,213115,C,RAND MACON,1,100.0,0,1546,58.1,82.8,51.3,0,0,14,100.0,100.0,100.0,0,0,0,29,0,0,29,29,14,14,0,0,15,0
John Golden,145755,C,NTH CENT,1,100.0,0,1022,64.7,81.7,62.2,0,0,13,100.0,100.0,100.0,0,0,0,29,0,0,0,29,13,13,29,0,16,0
Luke Epps,213295,T,RAND MACON,1,100.0,0,1546,57.9,50.8,58.9,0,2,14,100.0,100.0,92.9,0,2,0,29,0,0,0,29,14,14,0,29,15,0
AJ Evans-Jones,213113,C,RAND MACON,1,100.0,0,1546,59.6,81.6,56.0,0,0,14,100.0,100.0,100.0,0,0,0,29,0,29,0,29,14,14,0,0,15,0
Max Zavala,210343,QB,VA LYNCHBU,2,30.5,0,406,50.5,,60.0,0,0,0,0.0,0.0,,1,0,0,29,0,0,0,95,0,63,0,0,29,0
Chop Deaver,213119,C,RAND MACON,1,100.0,0,1546,55.8,79.6,52.6,0,0,14,100.0,100.0,100.0,0,0,0,29,29,0,0,29,14,14,0,0,15,0
Will Kaster,212700,TE,DEPAUW,1,77.8,0,845,52.8,69.4,55.9,0,0,4,33.3,38.5,100.0,0,0,0,28,0,0,0,36,5,13,0,0,23,36
Bryan Wofford,211332,T,TXWSLY,1,100.0,0,1457,54.4,58.4,53.0,1,0,12,100.0,100.0,95.8,0,1,0,28,0,0,26,28,12,12,0,0,16,0
Divine Edwards,166445,WR,SOCTOW,1,43.1,0,1107,73.7,,57.6,0,0,0,0.0,0.0,,0,0,0,28,0,0,0,65,0,37,0,0,28,0
EJ Gatling,211866,WR,ELIZBTH ST,1,40.0,0,373,57.8,,45.8,0,0,0,0.0,0.0,,0,0,0,28,0,0,0,70,0,42,0,0,28,0
Jacari Thomas,205868,G,ARKBC,1,100.0,0,1515,57.6,41.6,60.4,0,0,18,100.0,100.0,100.0,0,0,0,28,0,0,4,28,18,18,24,0,10,0
John Giller,211177,QB,SOCTOW,1,39.4,0,1107,56.5,,60.0,0,0,0,0.0,0.0,,0,0,0,28,0,0,0,71,0,38,0,0,28,0
Ry'Carri Dailey,196944,WR,VA LYNCHBU,2,33.7,0,406,53.2,,61.6,0,0,0,0.0,0.0,,0,0,0,28,0,0,0,83,0,55,0,0,28,0
Jun Rivas,211128,WR,SOCTOW,1,56.3,0,1107,53.1,,62.8,0,0,0,0.0,0.0,,0,0,0,27,0,0,0,48,0,21,0,0,27,0
Jacob Wilson,210571,G,KYCRST,1,100.0,0,1474,39.2,0.0,57.0,0,4,18,100.0,100.0,88.9,0,4,0,27,0,27,0,27,21,21,0,0,6,0
Malik Hunter,179841,WR,VIRSTA,1,32.1,0,1164,57.3,,60.1,0,0,0,0.0,0.0,,0,0,0,27,0,0,0,84,0,57,0,0,27,1
Adam Polacko,213211,TE,WITNBRG,1,64.3,0,1216,54.7,72.7,56.0,0,0,10,41.7,42.3,100.0,0,0,0,27,0,0,0,42,11,26,0,0,16,24
Chris Hall-Taylor,212403,T,BOWIE ST,1,100.0,0,365,22.9,0.0,52.2,0,5,17,100.0,100.0,85.3,0,5,0,27,0,0,0,27,18,18,0,27,9,0
Michael Reyes,205915,G,ARKBC,1,100.0,0,1515,53.8,83.7,48.3,0,0,12,100.0,100.0,100.0,0,0,0,27,0,4,0,27,12,12,23,0,15,0
Jacob Atkinson,213291,G,BERRY VIK,1,100.0,0,1547,59.2,54.2,59.0,1,0,15,100.0,100.0,96.7,0,1,0,27,0,0,0,27,15,15,27,0,12,0
Robby Ballentine,212706,WR,DEPAUW,1,39.1,0,845,75.8,,60.6,0,0,0,0.0,0.0,,0,0,0,27,0,0,0,69,0,42,0,0,27,0
Anthony Grossnickle,209114,WR,THMORE,2,42.2,0,1296,61.1,,57.9,0,0,0,0.0,0.0,,0,0,0,27,0,0,0,64,0,36,0,0,27,0
Scott Ballentine,212705,QB,DEPAUW,1,39.1,0,845,71.4,,60.0,0,0,0,0.0,0.0,,0,0,0,27,0,0,0,69,0,42,0,0,27,0
Tanner Mindach,212823,G,JOHNCA,2,100.0,0,926,57.3,74.6,56.2,0,0,3,100.0,100.0,100.0,0,0,0,27,0,27,0,27,3,3,0,0,24,0
Cole Michael Francis,211273,QB,TXWSLY,1,45.0,0,1457,49.4,,60.0,0,0,0,0.0,0.0,,0,0,0,27,0,0,0,60,0,33,0,0,27,0
Ben Fay,192061,TE,THMORE,2,84.4,0,1296,38.4,84.9,43.8,0,0,4,44.4,44.4,100.0,1,0,0,27,0,0,0,32,4,9,0,0,23,31
Garret Wilson,188738,QB,NTH CENT,1,50.0,0,1022,92.5,,60.0,0,0,0,0.0,0.0,,0,0,0,27,0,0,0,54,0,23,0,0,27,0
Andrew Martinez,209210,QB,SRSU,2,45.6,0,1133,44.0,,60.0,0,0,0,0.0,0.0,,3,0,0,26,0,0,0,57,0,27,0,0,26,0
Xavier Herndon,210449,TE,ALBANY ST,1,44.8,0,360,54.9,40.2,51.7,0,0,4,11.8,15.8,100.0,0,0,0,26,1,0,0,58,6,38,0,0,20,41
Trevor Theuerkauf,210965,WR,NMiU,1,63.4,0,1031,62.1,,53.5,0,0,0,0.0,0.0,,0,0,0,26,0,0,0,41,0,15,0,0,26,0
Desi Morgan Jr.,196812,FB,TUSKEGEE,2,63.4,0,405,56.4,68.8,61.7,0,0,5,27.8,25.0,100.0,0,0,0,26,0,0,0,41,5,20,0,0,21,35
Kennedy McGill,179285,QB,CENT WASH,1,45.6,0,367,61.4,,60.0,0,0,0,0.0,0.0,,2,0,0,26,0,0,0,57,0,21,0,0,26,0
Tyler Washington,212750,WR,JOHNCA,4,86.7,0,926,60.8,,72.8,0,0,0,0.0,0.0,,0,0,0,26,0,0,0,30,0,4,0,0,26,0
Lleyton Lukowski,212732,WR,DEPAUW,1,38.2,0,845,55.9,,60.8,0,0,0,0.0,0.0,,0,0,0,26,0,0,0,68,0,42,0,0,26,0
Abe Blanco,213292,T,BERRY VIK,1,100.0,0,1547,70.3,53.0,74.5,0,1,14,100.0,100.0,89.3,0,2,1,26,0,0,0,26,14,14,0,26,12,0
Dawson Trebolo,213005,TE,NTH CENT,1,83.9,0,1022,66.1,70.8,75.5,0,0,5,50.0,50.0,100.0,1,0,0,26,0,0,0,31,5,10,0,0,21,28
Emile Beaulieu,206805,T,AMRINT,1,100.0,0,737,43.0,54.2,40.9,0,0,11,100.0,100.0,100.0,0,0,0,26,0,0,0,26,11,11,0,26,15,0
Terrence Holland,181016,WR,ELIZBTH ST,1,38.2,0,373,52.6,,61.7,0,0,0,0.0,0.0,,0,0,0,26,0,0,0,68,0,42,0,0,26,0
Robert Brazziel,212065,QB,LINCOK,4,14.4,0,1452,62.2,,60.0,0,0,0,0.0,0.0,,4,0,0,26,0,0,0,180,0,144,0,0,26,0
Elijah Smith,187096,G,AMRINT,1,100.0,0,737,42.3,0.0,52.7,0,2,12,100.0,100.0,91.7,0,2,0,26,0,0,0,26,12,12,26,0,14,0
Mikey Maloney,212959,QB,MT UNION,1,39.7,0,1006,70.2,,60.0,0,0,0,0.0,0.0,,0,0,0,25,0,0,0,63,0,32,0,0,25,0
Justin Moon,209213,TE,SRSU,2,75.8,0,1133,39.3,66.6,41.3,0,0,2,22.2,20.0,100.0,0,0,0,25,0,0,0,33,2,10,0,0,23,31
Isaiah Daniels,210738,WR,MILES,2,40.3,0,386,62.0,,75.8,0,0,0,0.0,0.0,,0,0,0,25,0,0,0,62,0,37,0,0,25,0
Eli White,209174,HB,THMORE,2,31.3,0,1296,63.5,74.1,57.6,0,0,18,38.3,38.3,100.0,0,0,0,25,0,0,0,80,18,47,0,0,7,0
Alex Knaperek,213297,G,NTH CENT,1,100.0,0,1022,73.6,80.1,72.4,0,0,10,100.0,100.0,100.0,0,0,0,25,0,0,0,25,10,10,25,0,15,0
Jahi Wood,210971,HB,NMiU,1,51.0,0,1031,58.9,75.7,56.3,0,0,3,33.3,36.4,100.0,0,0,0,25,0,0,0,49,4,11,0,0,21,0
Thomas Skokna,213004,WR,NTH CENT,1,55.6,0,1022,77.0,,59.7,0,0,0,0.0,0.0,,0,0,0,25,0,0,0,45,0,20,0,0,25,0
Michael Franklin,196791,QB,TUSKEGEE,1,40.3,0,405,31.4,,60.0,0,0,0,0.0,0.0,,0,0,0,25,0,0,0,62,0,36,0,0,25,0
Nicolas Garcia,181344,T,SVANNAH ST,1,100.0,0,286,58.8,51.4,59.5,0,0,10,100.0,100.0,100.0,0,0,0,25,0,0,0,25,10,10,0,25,15,0
Deshawn Blackmon,211545,G,WARNER,1,100.0,0,407,58.8,75.9,53.0,0,1,21,100.0,100.0,97.6,0,1,0,25,0,24,0,25,21,21,0,0,4,0
Christian Bell,212623,G,BERRY VIK,1,100.0,0,1547,60.6,80.3,64.5,0,0,15,100.0,100.0,100.0,1,0,0,25,20,0,0,25,15,15,0,0,10,5
Nayvon Reid,206980,TE,Bent,1,48.1,0,1238,68.9,54.3,50.6,0,0,8,25.0,25.0,100.0,1,0,0,25,0,0,0,52,9,36,0,0,16,40
Ka'Trez Bracey,166735,WR,ELIZBTH ST,1,40.3,0,373,53.4,,38.5,0,0,0,0.0,0.0,,0,0,0,25,0,0,0,62,0,37,0,0,25,0
Owen Ellison,212762,WR,JOHNCA,9,69.4,0,926,67.9,,82.1,0,0,0,0.0,0.0,,0,0,0,25,0,0,0,36,0,11,0,0,25,0
Samisoni Peaua,212279,TE,W OREGON,1,59.5,0,411,48.2,52.8,63.7,0,1,7,31.8,32.0,92.9,1,1,0,25,0,0,0,42,8,25,0,0,17,42
Tyler Greer,206705,WR,ADRIAN,1,45.3,0,1534,49.1,,57.8,0,0,0,0.0,0.0,,1,0,0,24,0,0,0,53,0,29,0,0,24,0
Maurice Veney,178900,TE,MHMRTI,1,50.0,0,999,55.6,67.2,55.6,0,0,2,8.3,7.7,100.0,1,0,0,24,0,0,0,48,2,26,0,0,22,40
Braiden Whitaker,206793,WR,ADRIAN,1,55.8,0,1534,66.2,,61.6,0,0,0,0.0,0.0,,0,0,0,24,0,0,0,43,0,19,0,0,24,0
Ademola Owodunni,210352,T,VA LYNCHBU,1,100.0,0,406,59.1,41.9,64.5,0,0,14,100.0,100.0,92.9,0,1,1,24,0,0,0,24,14,14,0,24,10,0
Marquette Seatton,210397,T,SRSU,1,100.0,0,1133,51.7,40.7,54.9,0,2,14,100.0,100.0,85.7,0,3,1,24,0,0,0,24,14,14,0,24,10,0
Taylor Poole,197547,WR,ARKBC,1,43.6,0,1515,59.3,,62.1,0,0,0,0.0,0.0,,0,0,0,24,0,0,0,55,0,31,0,0,24,0
Cameron Marshall,197543,WR,ARKBC,1,43.6,0,1515,52.8,,58.3,0,0,0,0.0,0.0,,0,0,0,24,0,0,0,55,0,31,0,0,24,0
Liam Lowe,209205,WR,SRSU,2,49.0,0,1133,51.6,,56.9,0,0,0,0.0,0.0,,0,0,0,24,0,0,0,49,0,25,0,0,24,0
Omarza Gray,211766,WR,Ferr,1,58.5,0,869,72.6,,62.0,0,0,0,0.0,0.0,,0,0,0,24,0,0,0,41,0,17,0,0,24,0
Jeremiah Rice,182193,WR,ARKBC,1,43.6,0,1515,46.3,,57.4,0,0,0,0.0,0.0,,0,0,0,24,0,0,0,55,0,31,0,0,24,0
Kaydon Sauers,166209,TE,ERSKIN,1,72.7,0,1526,48.7,34.3,51.4,0,0,4,30.8,35.7,100.0,0,0,0,24,0,0,0,33,5,14,0,0,19,19
DeAndre Berry,207192,T,CHADST,1,100.0,0,809,54.0,38.0,58.1,0,1,12,100.0,100.0,95.8,0,1,0,24,0,0,24,24,12,12,0,0,12,0
Robby Enright,212851,WR,JHN HOP,1,41.4,0,1543,71.8,,74.2,0,0,0,0.0,0.0,,0,0,0,24,0,0,0,58,0,34,0,0,24,0
Isaiah Robinson,182763,ED,LINCOK,1,41.4,0,1452,49.9,72.6,,0,1,23,43.4,42.1,93.5,0,2,1,24,0,0,0,58,24,57,0,0,0,0
Taribbean Ramirez,208028,WR,SRSU,2,66.7,0,1133,54.3,,62.3,0,0,0,0.0,0.0,,0,0,0,24,0,0,0,36,0,11,0,0,24,0
Darren Johnson,193838,TE,WEBINT,1,71.9,0,1246,44.4,68.3,59.7,0,0,1,11.1,10.0,100.0,1,0,0,23,0,0,0,32,1,10,0,0,22,28
Omarius Davis,197431,WR,LOUCHR,1,39.7,0,958,60.2,,59.9,0,0,0,0.0,0.0,,0,0,0,23,0,0,0,58,0,35,0,0,23,0
Christopher Perkins,211881,QB,ELIZBTH ST,1,31.1,0,373,53.7,,60.0,0,0,0,0.0,0.0,,0,0,0,23,0,0,0,74,0,43,0,0,23,0
Fatir Bell,180219,WR,AMRINT,1,51.1,0,737,57.1,,62.3,0,0,0,0.0,0.0,,1,0,0,23,0,0,0,45,0,22,0,0,23,0
Brayden Flatt,210553,G,KYCRST,1,100.0,0,1474,53.7,24.0,57.7,0,1,14,100.0,100.0,96.4,0,1,0,23,0,23,0,23,14,14,0,0,9,0
Cameron Tucker,196110,WR,KY STATE,1,48.9,0,378,51.8,,61.6,0,0,0,0.0,0.0,,0,0,0,23,0,0,0,47,0,24,0,0,23,0
Roderick Thomas,182378,HB,MILES,2,31.9,0,386,57.5,19.5,59.1,1,2,19,46.3,45.5,92.1,0,3,0,23,0,0,0,72,20,44,0,0,3,0
Ajenavi Byrd,193750,WR,VIRSTA,1,29.9,0,1164,65.7,,59.8,0,0,0,0.0,0.0,,1,0,0,23,0,0,0,77,0,54,0,0,23,0
Quindavius Swain,193739,WR,MILES,2,43.4,0,386,57.5,,60.8,0,0,0,0.0,0.0,,0,0,0,23,0,0,0,53,0,30,0,0,23,0
Eli Foutz,211762,QB,Ferr,1,50.0,0,869,59.7,,60.0,0,0,0,0.0,0.0,,0,0,0,23,0,0,0,46,0,20,0,0,23,0
Terrence Brown,207943,WR,SVSU,1,38.3,0,1082,81.9,,62.3,0,0,0,0.0,0.0,,0,0,0,23,0,0,0,60,0,35,0,0,23,0
Caden Whitehead,212743,HB,DEPAUW,1,36.7,0,845,63.6,38.5,60.0,1,1,20,62.5,60.0,95.0,0,2,0,22,0,0,0,60,21,35,0,0,1,0
DJ Ralph,158802,QB,CHADST,1,34.4,0,809,62.8,,60.0,0,0,0,0.0,0.0,,0,0,0,22,0,0,0,64,0,40,0,0,22,0
Rollin George III,207214,WR,CHADST,1,37.9,0,809,65.6,,76.6,0,0,0,0.0,0.0,,0,0,0,22,0,0,0,58,0,36,0,0,22,0
Chase Smith,211824,G,Ferr,1,100.0,0,869,58.2,69.9,55.3,0,1,12,100.0,100.0,95.8,0,1,0,22,0,0,0,22,13,13,22,0,9,0
Cole Crotty,212843,WR,JHN HOP,1,38.6,0,1543,77.7,,58.2,0,0,0,0.0,0.0,,0,0,0,22,0,0,0,57,0,35,0,0,22,0
Oliver Van Dyke,210720,WR,LANECOL,1,51.2,0,942,66.9,,61.3,0,0,0,0.0,0.0,,1,0,0,22,0,0,0,43,0,21,0,0,22,0
Donald Bailey,213339,TE,WITNBRG,1,100.0,0,1216,52.1,71.4,49.5,0,0,8,100.0,100.0,100.0,0,0,0,22,0,0,0,22,8,8,0,0,14,22
Jordan Springs,105663,TE,SVANNAH ST,1,75.9,0,286,48.8,32.8,57.0,0,0,4,36.4,36.4,100.0,0,0,0,22,0,0,0,29,4,11,0,0,18,28
Tashawn Taylor,194562,WR,Ferr,1,63.6,0,869,54.4,,61.4,0,0,0,0.0,0.0,,0,0,0,21,0,0,0,33,0,12,0,0,21,0
Marquis Smith,193788,TE,VIRSTA,1,48.8,0,1164,71.3,22.9,40.3,0,1,5,19.2,18.5,70.0,0,2,1,21,0,0,0,43,5,27,0,0,16,27
Antrel Jones,212068,WR,LINCOK,5,16.8,0,1452,46.5,,62.0,0,0,0,0.0,0.0,,1,0,0,21,0,0,0,125,0,104,0,0,21,0
Trey Singleton,211711,WR,WLU,1,30.4,0,1178,63.9,,61.3,0,0,0,0.0,0.0,,0,0,0,21,0,0,0,69,0,48,0,0,21,0
Landon Farriss,213093,TE,RAND MACON,1,77.8,0,1546,45.6,72.3,40.3,0,0,7,53.8,53.8,100.0,0,0,0,21,0,0,0,27,7,13,0,0,14,20
Rahsaan Matthews Jr.,193775,QB,VIRSTA,1,24.7,0,1164,63.2,,60.0,0,0,0,0.0,0.0,,0,0,0,21,0,0,0,85,0,58,0,0,21,0
Connor Steele,213030,WR,OBERLIN,1,36.8,0,1544,48.6,63.1,44.2,0,0,1,2.7,2.7,100.0,0,0,0,21,0,0,0,57,1,37,0,0,20,0
Deuce Jemison,212801,WR,JOHNCA,6,84.0,1,926,52.6,,60.1,0,0,0,0.0,0.0,,1,0,0,21,0,0,0,25,0,4,0,0,21,0
Gabriel Garmon,196792,WR,TUSKEGEE,2,46.7,0,405,56.6,,59.6,0,0,0,0.0,0.0,,0,0,0,21,0,0,0,45,0,24,0,0,21,0
Josiah Burson,193960,WR,ERSKIN,1,50.0,0,1526,64.5,,60.6,0,0,0,0.0,0.0,,0,0,0,21,0,0,0,42,0,21,0,0,21,0
Eric Craft,207971,WR,SVSU,1,35.6,0,1082,50.7,61.9,57.8,0,0,1,2.9,2.6,100.0,0,0,0,21,0,0,0,59,1,39,0,0,20,0
Tylor McCoon,208829,TE,SVSU,1,65.6,0,1082,55.1,64.5,60.8,0,0,1,9.1,8.3,100.0,0,0,0,21,0,0,0,32,1,12,0,0,20,21
Kory Ansell,186748,G,WYNESBRG,1,100.0,0,1175,53.8,70.4,58.8,0,0,12,100.0,100.0,100.0,1,0,0,21,21,0,0,21,13,13,0,0,8,0
Rashad Wilson,181046,WR,TUSKEGEE,2,36.2,0,405,67.4,,58.4,0,0,0,0.0,0.0,,0,0,0,21,0,0,0,58,0,37,0,0,21,0
Dareo Luna,212330,G,WCU,1,100.0,0,1535,55.7,36.1,58.9,0,1,15,100.0,100.0,96.7,0,1,0,21,0,0,0,21,16,16,21,0,5,0
Jose Chavez,211186,G,SRSU,1,100.0,0,1133,42.1,80.9,52.7,0,1,7,100.0,100.0,92.9,2,1,0,21,0,21,0,21,9,9,0,0,12,0
Denim Johnson,196083,QB,KY STATE,1,42.0,0,378,68.2,,60.0,0,0,0,0.0,0.0,,1,0,0,21,0,0,0,50,0,27,0,0,21,0
Mason McKenzie,207982,QB,SVSU,1,28.0,0,1082,71.0,,60.0,0,0,0,0.0,0.0,,1,0,0,21,0,0,0,75,0,46,0,0,21,0
Taylor Rhodes,194061,WR,ERSKIN,1,50.0,0,1526,65.1,,62.0,0,0,0,0.0,0.0,,0,0,0,21,0,0,0,42,0,21,0,0,21,0
Kevin Gayles,150397,WR,VIRSTA,1,34.4,0,1164,54.7,,60.4,0,0,0,0.0,0.0,,0,0,0,21,0,0,0,61,0,40,0,0,21,0
Joe Griffin,211908,TE,ELIZBTH ST,1,60.0,0,373,78.0,,63.1,0,0,0,0.0,0.0,,0,0,0,21,0,0,0,35,0,14,0,0,21,23
Trent Grotjan,180045,QB,WEBINT,1,35.6,0,1246,59.3,,60.0,0,0,0,0.0,0.0,,0,0,0,21,0,0,0,59,0,24,0,0,21,0
Steven Thomas,212442,G,KY STATE,1,100.0,0,378,60.7,80.7,57.8,0,0,7,100.0,100.0,100.0,0,0,0,21,0,0,0,21,9,9,21,0,12,0
Isaiah Jones,210375,DI,VA LYNCHBU,1,100.0,0,406,53.8,79.1,49.3,0,0,13,100.0,100.0,100.0,0,0,0,20,20,0,0,20,13,13,0,0,7,0
Ty Snider,179299,WR,CENT WASH,1,60.6,0,367,62.8,,58.9,0,0,0,0.0,0.0,,0,0,0,20,0,0,0,33,0,13,0,0,20,0
Anthony Desalvo,180231,TE,AMRINT,1,80.0,0,737,53.1,66.3,54.7,0,0,2,28.6,28.6,100.0,0,0,0,20,0,0,0,25,2,7,0,0,18,21
Anwaar Smith,193229,G,Ferr,1,100.0,0,869,60.1,78.6,58.0,0,0,7,100.0,100.0,100.0,0,0,0,20,0,20,0,20,7,7,0,0,13,0
Rodshaun Dorsey,193978,WR,ERSKIN,1,48.8,0,1526,64.4,,59.9,0,0,0,0.0,0.0,,0,0,0,20,0,0,0,41,0,21,0,0,20,0
Ethan Abberger,206635,WR,ADRIAN,1,40.8,0,1534,73.7,,57.5,0,0,0,0.0,0.0,,0,0,0,20,0,0,0,49,0,25,0,0,20,0
Pat Damon,206930,TE,Bent,1,40.0,0,1238,61.1,68.4,39.9,0,0,3,10.0,9.1,100.0,2,0,0,20,0,0,0,50,3,33,0,0,17,12
Mac Bauer,213050,TE,OHIO WES,1,83.3,0,1042,43.7,42.1,49.6,0,1,9,69.2,71.4,94.4,0,1,0,20,0,0,0,24,10,14,0,0,10,23
DeMahri Wallace,166158,WR,LANECOL,1,51.3,0,942,59.1,,55.4,0,0,0,0.0,0.0,,0,0,0,20,0,0,0,39,0,19,0,0,20,0
Garet Schlabs,207261,WR,CHADST,1,37.0,0,809,63.0,,62.0,0,0,0,0.0,0.0,,1,0,0,20,0,0,0,54,0,34,0,0,20,0
Jayden Morrison,207625,TE,GC,1,66.7,0,1533,38.1,27.7,47.9,0,0,5,35.7,41.2,100.0,1,0,0,20,0,0,0,30,7,17,0,0,13,27
Drew Nye,213018,QB,OBERLIN,1,35.1,0,1544,44.3,,60.0,0,0,0,0.0,0.0,,0,0,0,20,0,0,0,57,0,37,0,0,20,0
Landen Drake,209185,WR,SRSU,2,58.8,0,1133,58.7,,62.5,0,0,0,0.0,0.0,,0,0,0,20,0,0,0,34,0,14,0,0,20,0
Aijayden Crawford,210662,G,LANECOL,1,100.0,0,942,47.2,1.7,53.8,0,2,8,100.0,100.0,87.5,0,2,0,20,0,20,0,20,8,8,0,0,12,0
Markerious Johnson,210679,WR,LANECOL,1,48.8,0,942,59.8,,61.2,0,0,0,0.0,0.0,,0,0,0,20,0,0,0,41,0,21,0,0,20,0
Jake Heemstra,210918,TE,NMiU,1,90.9,0,1031,55.7,67.8,55.5,0,0,2,66.7,60.0,100.0,0,0,0,20,0,0,0,22,3,5,0,0,17,21
Jacody Miles,211274,WR,TXWSLY,1,40.8,0,1457,62.5,63.6,60.3,0,0,1,3.4,3.4,100.0,0,0,0,20,0,0,0,49,1,29,0,0,19,0
Tyrik Bryant,211739,WR,Ferr,1,54.1,0,869,60.7,,64.2,0,0,0,0.0,0.0,,1,0,0,20,0,0,0,37,0,16,0,0,20,0
Cade Hays,212418,HB,SRSU,1,87.0,0,1133,53.4,74.6,52.6,0,0,1,50.0,66.7,100.0,0,0,0,20,0,0,0,23,2,3,0,0,18,0
Ryan Killmer,212103,QB,ERSKIN,1,47.6,0,1526,69.6,,60.0,0,0,0,0.0,0.0,,1,0,0,20,0,0,0,42,0,21,0,0,20,0
Keyvaun Eady,152366,WR,W OREGON,1,32.3,0,411,49.0,,61.3,0,0,0,0.0,0.0,,1,0,0,20,0,0,0,62,0,42,0,0,20,0
John Bechtle,147402,TE,JHN HOP,1,65.5,0,1543,52.3,67.5,55.2,0,0,2,16.7,16.7,100.0,0,0,0,19,0,0,0,29,2,12,0,0,17,21
Marcus Fleming,129688,WR,ALU,1,26.8,0,735,61.4,,61.5,0,0,0,0.0,0.0,,0,0,0,19,0,0,0,71,0,51,0,0,19,0
EJ Scott,197269,WR,LOUCHR,1,35.8,0,958,68.5,,58.9,0,0,0,0.0,0.0,,1,0,0,19,0,0,0,53,0,33,0,0,19,0
Preston Pearson,160651,QB,CHADST,1,40.4,0,809,59.9,70.7,63.1,0,0,0,0.0,6.7,,0,0,0,19,0,0,0,47,2,30,0,0,17,14
Jamill Williams,167243,WR,ALBANY ST,1,32.8,1,360,66.8,,62.7,0,0,0,0.0,0.0,,1,0,0,19,0,0,0,58,0,39,0,0,19,0
Armon Porter,212429,WR,MHMRTI,1,45.2,0,999,53.8,,62.0,0,0,0,0.0,0.0,,0,0,0,19,0,0,0,42,0,23,0,0,19,0
Jacob Andrews,193699,WR,MILES,2,35.8,0,386,53.9,,61.7,0,0,0,0.0,0.0,,0,0,0,19,0,0,0,53,0,33,0,0,19,0
T'Kai Ballard,212533,C,WCU,1,100.0,0,1535,37.4,1.4,55.3,0,2,13,100.0,100.0,92.3,0,2,0,19,16,3,0,19,14,14,0,0,5,0
Carlos Bazert,210612,TE,KY STATE,1,82.6,0,378,61.1,69.3,63.2,0,0,2,33.3,33.3,100.0,0,0,0,19,0,0,0,23,2,6,0,0,17,22
Parker Erickson,211369,TE,TRSU,1,67.9,0,1147,56.6,74.0,60.1,0,0,3,25.0,30.8,100.0,0,0,0,19,0,0,0,28,4,13,0,0,15,24
Kasi Hazzard,196072,WR,LINCOLN,1,33.9,0,380,63.1,,74.1,0,0,0,0.0,0.0,,0,0,0,19,0,0,0,56,0,37,0,0,19,0
Troy Smith,211893,WR,ELIZBTH ST,1,38.8,0,373,55.4,,62.1,0,0,0,0.0,0.0,,0,0,0,19,0,0,0,49,0,30,0,0,19,0
Gerard Grewe,211378,TE,TRSU,1,47.5,0,1147,68.2,73.2,63.9,0,0,6,23.1,27.6,100.0,0,0,0,19,0,0,0,40,8,29,0,0,11,25
Walker Williams,213289,TE,BERRY VIK,1,76.0,0,1547,73.8,72.4,82.0,0,0,6,50.0,50.0,100.0,0,0,0,19,0,0,0,25,6,12,0,0,13,21
Isaiah Knowles,144324,QB,ALBANY ST,1,31.7,0,360,91.0,,60.0,0,0,0,0.0,0.0,,0,0,0,19,0,0,0,60,0,40,0,0,19,0
Gavin McCallum,193580,G,CENT WASH,1,100.0,0,367,56.8,79.1,53.9,0,0,7,100.0,100.0,100.0,0,0,0,19,0,19,0,19,8,8,0,0,11,0
Unknown Lincoln (CA) 50,212443,T,LINCOK,1,100.0,0,1452,59.3,55.9,59.2,0,0,15,100.0,100.0,100.0,0,0,0,19,0,0,0,19,15,15,19,0,4,0
JJ Racz,213029,WR,OBERLIN,1,33.9,0,1544,41.5,,36.3,0,0,0,0.0,0.0,,0,0,0,19,0,0,0,56,0,37,0,0,19,0
Kohl Meisman,211694,QB,WLU,1,26.8,0,1178,75.7,,60.0,0,0,0,0.0,0.0,,0,0,0,19,0,0,0,71,0,48,0,0,19,0
Bay Harvey,212831,QB,JHN HOP,1,32.2,0,1543,77.9,,60.0,0,0,0,0.0,0.0,,0,0,0,19,0,0,0,59,0,35,0,0,19,0
Jalen Grable,147608,WR,CENT WASH,1,67.9,0,367,78.8,61.0,61.0,0,0,1,11.1,10.0,100.0,0,0,0,19,0,0,0,28,1,10,0,0,18,0
Naszire Starkey,177838,WR,MILES,2,51.4,0,386,54.0,,61.4,0,0,0,0.0,0.0,,0,0,0,18,0,0,0,35,0,17,0,0,18,0
Ryan Dodson,211752,TE,Ferr,1,75.0,0,869,53.4,71.5,53.1,0,0,2,25.0,33.3,100.0,0,0,0,18,0,0,0,24,3,9,0,0,15,11
Jordan McCarty,180205,QB,W OREGON,1,24.0,0,411,67.6,,60.0,0,0,0,0.0,0.0,,0,0,0,18,0,0,0,75,0,51,0,0,18,0
Scotty Johnson,195526,TE,HA,1,43.9,0,1528,52.3,65.9,56.5,0,0,1,4.2,4.2,100.0,0,0,0,18,0,0,0,41,1,24,0,0,17,18
Glen Williams,210781,WR,MILES,2,22.8,0,386,73.2,,57.8,0,0,0,0.0,0.0,,1,0,0,18,0,0,0,79,0,61,0,0,18,0
Drew Kaeckmister,208833,TE,SVSU,1,78.3,0,1082,51.8,64.5,53.4,0,0,1,20.0,16.7,100.0,0,0,0,18,0,0,0,23,1,6,0,0,17,16
Peter Bibby III,206913,WR,Bent,1,29.5,0,1238,50.7,,36.8,0,0,0,0.0,0.0,,1,0,0,18,0,0,0,61,0,43,0,0,18,0
Tommy Thomas,160670,WR,CHADST,1,33.3,0,809,73.5,,61.3,0,0,0,0.0,0.0,,0,0,0,18,0,0,0,54,0,35,0,0,18,0
Curbrian Shelby,195580,WR,HA,1,31.6,0,1528,51.4,,61.2,0,0,0,0.0,0.0,,2,0,0,18,0,0,0,57,0,38,0,0,18,0
Cinsere Clark,155641,WR,SVANNAH ST,1,30.5,0,286,66.5,,60.9,0,0,0,0.0,0.0,,0,0,0,18,0,0,0,59,0,41,0,0,18,0
Cameron Smith,211309,WR,TXWSLY,1,42.9,0,1457,51.9,,59.8,0,0,0,0.0,0.0,,0,0,0,18,0,0,0,42,0,24,0,0,18,0
TJ Alexander,179894,WR,WABASH,1,28.6,0,1167,59.1,,60.7,0,0,0,0.0,0.0,,0,0,0,18,0,0,0,63,0,44,0,0,18,0
Ri'Jon Hammond,193763,HB,VIRSTA,1,62.1,0,1164,64.3,34.8,59.0,0,1,14,66.7,68.2,96.4,0,1,0,18,0,0,0,29,15,22,0,0,3,0
Dane Hennessee,209206,TE,SRSU,2,78.3,0,1133,52.4,65.1,53.7,0,0,1,20.0,16.7,100.0,0,0,0,18,0,0,0,23,1,6,0,0,17,22
Ricky Kampmann,212667,G,DENISON,1,100.0,0,842,50.3,15.9,,0,1,16,100.0,100.0,96.9,0,1,0,18,0,0,0,18,18,18,18,0,0,0
Denim Cook,211361,HB,TRSU,1,35.3,0,1147,71.4,80.2,69.5,0,0,8,25.8,27.3,100.0,0,0,0,18,0,0,0,51,9,33,0,0,9,0
Carson Chadd,179915,TE,WABASH,1,42.9,0,1167,50.6,53.5,53.1,0,0,4,17.4,14.3,100.0,1,0,0,18,0,0,0,42,4,28,0,0,14,30
Jack Rummell,161683,WR,NTH CENT,1,50.0,0,1022,92.8,,62.5,0,0,0,0.0,0.0,,0,0,0,18,0,0,0,36,0,18,0,0,18,0
Nathan Ryan,211416,WR,TRSU,1,35.3,0,1147,66.4,,45.8,0,0,0,0.0,0.0,,0,0,0,18,0,0,0,51,0,33,0,0,18,0
Cody Hall,180199,WR,W OREGON,1,28.8,0,411,60.3,66.1,44.9,0,0,2,4.9,4.5,100.0,1,0,0,17,0,0,0,59,2,44,0,0,15,0
Miles Scott,178892,QB,MHMRTI,1,39.5,0,999,52.6,,60.0,0,0,0,0.0,0.0,,0,0,0,17,0,0,0,43,0,24,0,0,17,0
Rashon Bradford,206918,WR,Bent,1,28.3,0,1238,48.8,,60.2,0,0,0,0.0,0.0,,0,0,0,17,0,0,0,60,0,42,0,0,17,0
Dagyn Williams,213155,TE,WYNESBRG,1,73.9,0,1175,33.1,70.5,39.0,0,0,3,33.3,40.0,100.0,1,0,0,17,0,0,0,23,4,10,0,0,13,19
Trey Brueggemann,176085,HB,ADRIAN,1,30.9,0,1534,72.5,80.7,65.0,0,0,9,37.5,37.5,100.0,0,0,0,17,0,0,0,55,9,24,0,0,8,0
Brand Campbell,179911,QB,WABASH,1,26.6,0,1167,69.3,,60.0,0,0,0,0.0,0.0,,0,0,0,17,0,0,0,64,0,45,0,0,17,0
Hamas Duren,211979,QB,LINCOLN,1,29.8,0,380,63.4,,60.0,0,0,0,0.0,0.0,,0,0,0,17,0,0,0,57,0,39,0,0,17,0
Raequan Beal,138504,QB,TUSKEGEE,1,40.5,0,405,65.3,,60.1,0,0,0,0.0,0.0,,1,0,0,17,0,0,0,42,0,24,0,0,17,0
Kaden Shuford,211821,T,Ferr,1,100.0,0,869,52.3,54.7,52.0,0,1,5,100.0,100.0,90.0,0,1,0,17,0,0,0,17,5,5,0,17,12,0
Jordan Muhanyi,211807,T,Ferr,1,100.0,0,869,70.1,77.1,67.7,0,0,5,100.0,100.0,100.0,0,0,0,17,0,0,17,17,5,5,0,0,12,0
Datlan Cunningham,197191,HB,LOUCHR,1,42.5,0,958,52.1,38.3,59.4,0,0,13,54.2,56.0,92.3,0,1,1,17,0,0,0,40,14,25,0,0,3,0
Zeke Moore,211805,C,Ferr,1,100.0,0,869,46.9,74.6,47.3,0,0,5,100.0,100.0,100.0,0,0,0,17,17,0,0,17,5,5,0,0,12,0
Brian Lafrance,180259,WR,AMRINT,1,48.6,0,737,68.1,,61.0,0,0,0,0.0,0.0,,0,0,0,17,0,0,0,35,0,18,0,0,17,0
Josef Flores,211760,G,Ferr,1,100.0,0,869,53.6,15.6,56.1,0,1,5,100.0,100.0,90.0,0,1,0,17,0,0,0,17,5,5,17,0,12,0
Levi Gullion,211658,TE,WLU,1,38.6,0,1178,56.8,50.9,63.1,0,1,3,10.7,10.0,83.3,1,1,0,17,0,0,0,44,3,30,0,0,14,33
Tavarian Keenon,211578,G,WARNER,1,100.0,0,407,53.8,17.9,59.2,1,0,9,100.0,100.0,94.4,0,1,0,17,0,0,0,17,10,10,17,0,7,0
Joseph Towler,180335,WR,BOWIE ST,1,24.6,0,365,51.4,,45.0,0,0,0,0.0,0.0,,1,0,0,17,0,0,0,69,0,52,0,0,17,0
Michael Bowman,207786,TE,ALU,1,37.0,0,735,78.0,65.6,57.7,0,0,1,3.7,3.3,100.0,0,0,0,17,0,0,0,46,1,30,0,0,16,44
Jamir Dismukes,207790,QB,ALU,1,22.1,0,735,72.6,,60.0,0,0,0,0.0,0.0,,1,0,0,17,0,0,0,77,0,55,0,0,17,0
Darren Wayne White Jr.,211326,TE,TXWSLY,1,51.5,0,1457,49.8,69.5,54.2,0,0,5,23.8,23.8,100.0,0,0,0,17,0,0,0,33,5,21,0,0,12,31
Omari Stewart,174402,WR,ALBANY ST,1,29.8,0,360,65.0,,61.9,0,0,0,0.0,0.0,,0,0,0,17,0,0,0,57,0,40,0,0,17,0
Jeremiah Johnson,160963,QB,WARNER,1,34.0,0,407,38.9,,60.0,0,0,0,0.0,0.0,,2,0,0,17,0,0,0,50,0,30,0,0,17,0
Calvin Parker,173342,WR,ALU,1,24.6,0,735,60.2,,60.4,0,0,0,0.0,0.0,,0,0,0,17,0,0,0,69,0,52,0,0,17,0
Grant McAtee,212994,TE,NTH CENT,1,45.9,0,1022,70.4,,73.1,0,0,0,0.0,0.0,,0,0,0,17,0,0,0,37,0,20,0,0,17,1
Tony Kennedy,208011,WR,SVSU,1,38.6,0,1082,53.5,61.9,76.9,0,0,1,4.0,3.6,100.0,1,0,0,17,0,0,0,44,1,28,0,0,16,0
Austin Bonilla,182842,WR,LINCOK,2,47.2,0,1452,55.6,,57.2,0,0,0,0.0,0.0,,0,0,0,17,0,0,0,36,0,19,0,0,17,0
Michael Strachan,211132,TE,SOCTOW,1,63.0,0,1107,61.5,35.6,82.4,0,0,4,28.6,28.6,100.0,0,0,0,17,0,0,0,27,4,14,0,0,13,22
Anthony Robinson,211045,HB,PACENY,1,39.5,0,1536,67.5,64.6,59.9,1,0,12,36.4,36.1,95.8,0,1,0,17,0,0,0,43,13,36,0,0,4,0
Kyrie Tyson,195667,WR,LINCOLN,1,30.4,0,380,47.5,,50.6,0,0,0,0.0,0.0,,3,0,0,17,0,0,0,56,0,39,0,0,17,0
Charlie Taylor,212914,WR,KENYON,1,44.7,0,1545,53.4,,59.9,0,0,0,0.0,0.0,,0,0,0,17,0,0,0,38,0,21,0,0,17,0
Rae'Quon Taylor,193791,G,VIRSTA,1,100.0,0,1164,48.6,7.0,53.6,0,1,4,100.0,100.0,87.5,0,1,0,17,0,0,1,17,4,4,6,0,13,10
Donovan Dunlap,211942,T,LINCOLN,1,100.0,0,380,37.3,24.7,53.9,0,2,12,100.0,100.0,91.7,1,2,0,16,0,0,0,16,12,12,2,14,4,0
Brooks Harris,166765,WR,THMORE,2,61.5,0,1296,72.7,63.9,61.0,0,0,1,9.1,9.1,100.0,0,0,0,16,0,0,0,26,1,11,0,0,15,1
Bryce Favors,181341,C,SVANNAH ST,1,100.0,0,286,57.0,74.1,56.1,0,0,4,100.0,100.0,100.0,0,0,0,16,16,0,0,16,4,4,0,0,12,0
Jaylin Harcum,211659,WR,WLU,1,28.6,0,1178,72.1,,45.0,0,0,0,0.0,0.0,,0,0,0,16,0,0,0,56,0,40,0,0,16,0
Bryce Herring,212612,WR,BERRY VIK,1,38.1,0,1547,52.9,,66.8,0,0,0,0.0,0.0,,0,0,0,16,0,0,0,42,0,26,0,0,16,4
Donovan Cordes,168165,C,THMORE,2,100.0,0,1296,60.8,76.0,59.1,0,0,5,100.0,100.0,100.0,0,0,0,16,16,0,0,16,5,5,0,0,11,0
Michael O'Brien,213257,TE,CLG OF WOO,1,59.3,0,1217,48.1,40.2,52.8,0,0,4,30.8,31.3,100.0,0,0,0,16,0,0,0,27,5,16,0,0,11,20
Eric Stephens,197687,WR,MHMRTI,1,37.2,0,999,53.6,,61.4,0,0,0,0.0,0.0,,0,0,0,16,0,0,0,43,0,27,0,0,16,0
Bradley Viers,211838,TE,Ferr,1,84.2,0,869,45.2,27.4,51.9,0,0,0,0.0,40.0,,0,0,0,16,0,0,0,19,2,5,0,0,14,16
Dillon Honea,197536,TE,ARKBC,1,80.0,0,1515,51.5,70.5,52.3,0,0,2,33.3,33.3,100.0,0,0,0,16,0,0,0,20,2,6,0,0,14,20
Carson Workman,212285,HB,W OREGON,1,48.5,0,411,61.7,69.7,65.1,0,0,10,50.0,50.0,100.0,0,0,0,16,0,0,0,33,10,20,0,0,6,0
Miguel Garcia,213031,CB,OBERLIN,1,38.1,0,1544,66.2,,44.8,0,0,0,0.0,0.0,,0,0,0,16,0,0,0,42,0,26,0,0,16,0
Lemarkus Mckinney,196138,HB,LANECOL,1,55.2,0,942,51.3,,53.0,0,0,0,0.0,0.0,,0,0,0,16,0,0,0,29,0,11,0,0,16,10
Laquise Dunbar,205863,T,ARKBC,1,100.0,0,1515,50.9,23.6,58.2,0,0,8,100.0,100.0,87.5,0,1,1,16,0,0,0,16,8,8,4,12,8,0
Noah Bodden,150881,QB,ED WATERS,1,23.5,0,372,45.9,,60.0,0,0,0,0.0,0.0,,3,0,0,16,0,0,0,68,0,46,0,0,16,0
Gary Wilkins,211059,TE,PACENY,1,29.1,0,1536,64.1,29.2,60.0,0,0,2,5.1,7.1,100.0,0,0,0,16,0,0,0,55,3,42,0,0,13,13
Jimmy St. John,213180,C,WYNESBRG,1,100.0,0,1175,73.4,65.9,71.4,0,0,7,100.0,100.0,100.0,0,0,0,16,16,0,0,16,9,9,0,0,7,0
Tyler Gladden,212889,WR,KENYON,1,45.7,0,1545,59.8,,61.5,0,0,0,0.0,0.0,,0,0,0,16,0,0,0,35,0,19,0,0,16,0
Wayne Allen,195601,WR,LINCOLN,1,30.8,0,380,65.2,,34.8,0,0,0,0.0,0.0,,0,0,0,16,0,0,0,52,0,36,0,0,16,0
Jaedon Alston,211635,TE,WLU,1,80.0,0,1178,68.1,75.6,55.8,0,0,7,87.5,88.9,100.0,0,0,0,16,0,0,0,20,8,9,0,0,8,5
Jacob Epps,213043,WR,OBERLIN,1,36.4,0,1544,61.4,,60.8,0,0,0,0.0,0.0,,0,0,0,16,0,0,0,44,0,28,0,0,16,0
Preston Parker,211454,WR,TUSKEGEE,2,40.0,0,405,52.4,,60.7,0,0,0,0.0,0.0,,0,0,0,16,0,0,0,40,0,24,0,0,16,0
Logan Brady,154046,WR,CENT WASH,1,57.1,0,367,54.4,,57.2,0,0,0,0.0,0.0,,0,0,0,16,0,0,0,28,0,12,0,0,16,0
Justyn James,196721,C,SVANNAH ST,1,100.0,0,286,54.5,13.5,57.2,0,0,4,100.0,100.0,100.0,0,0,0,16,0,16,0,16,4,4,0,0,12,0
Jay Carney,164716,QB,LINCOK,4,19.8,0,1452,29.1,,60.0,0,0,0,0.0,0.0,,1,0,0,16,0,0,0,81,0,64,0,0,16,0
Jaylen Perry,213184,T,WYNESBRG,1,100.0,0,1175,61.5,70.1,57.8,0,0,10,100.0,100.0,100.0,0,0,0,15,0,0,0,15,10,10,0,15,5,0
Nick DiMarco,212166,TE,WCST,1,68.2,0,1537,54.0,35.1,62.2,0,0,5,41.7,41.7,80.0,0,1,1,15,0,0,0,22,5,12,0,0,10,19
David Smith,208030,HB,SRSU,2,28.3,0,1133,45.5,79.2,57.0,0,0,4,14.8,17.9,100.0,0,0,0,15,0,0,0,53,5,28,0,0,10,0
Kye Callicoatte,209182,QB,SRSU,2,51.7,0,1133,29.4,,60.0,0,0,0,0.0,0.0,,0,0,0,15,0,0,0,29,0,4,0,0,15,0
Koye Gilbert,165962,TE,CHADST,1,55.6,0,809,55.3,64.4,61.1,0,0,1,7.7,7.7,100.0,0,0,0,15,0,0,0,27,1,13,0,0,14,21
Michael Jamerson III,147877,HB,SVSU,1,28.3,0,1082,60.3,27.3,47.7,0,0,6,26.1,23.1,100.0,0,0,0,15,0,0,0,53,6,26,0,0,9,0
Tre Jones,207609,WR,GC,1,23.1,0,1533,51.5,60.9,44.2,0,0,1,2.1,2.0,100.0,0,0,0,15,0,0,0,65,1,51,0,0,14,0
Frankie Ricciardi,212731,WR,DEPAUW,1,39.5,0,845,56.7,,45.9,0,0,0,0.0,0.0,,0,0,0,15,0,0,0,38,0,23,0,0,15,0
Patrick Barber,213145,T,WYNESBRG,1,100.0,0,1175,56.8,79.1,52.8,0,0,11,100.0,100.0,100.0,0,0,0,15,15,0,0,15,11,11,0,0,4,0
Diego Rojas,212072,TE,LINCOK,2,62.5,0,1452,49.9,49.6,54.2,1,0,3,27.3,25.0,83.3,0,1,0,15,0,0,0,24,3,12,0,0,12,22
Calvin Brown,167686,WR,KYCRST,1,30.0,0,1474,77.5,,55.6,0,0,0,0.0,0.0,,0,0,0,15,0,0,0,50,0,35,0,0,15,0
Cameo Jones,212434,G,ALBANY ST,1,100.0,0,360,67.7,77.9,65.5,0,0,7,100.0,100.0,100.0,0,0,0,15,0,0,0,15,9,9,14,0,6,1
Jalen Briscoe,210573,WR,KYCRST,1,30.0,0,1474,56.1,,60.9,0,0,0,0.0,0.0,,0,0,0,15,0,0,0,50,0,35,0,0,15,0
Hunter Patterson,211698,HB,WLU,1,29.4,0,1178,56.6,80.7,59.1,0,0,9,30.0,30.3,100.0,0,0,0,15,0,0,0,51,10,33,0,0,5,0
Jason Cobb,181329,WR,KYCRST,1,30.0,0,1474,63.2,,59.3,0,0,0,0.0,0.0,,0,0,0,15,0,0,0,50,0,35,0,0,15,0
Eian Roudebush,195574,QB,HA,1,25.9,0,1528,61.7,,60.0,0,0,0,0.0,0.0,,1,0,0,15,0,0,0,58,0,39,0,0,15,0
Emmaus Dosa,212935,T,KENYON,1,100.0,0,1545,59.2,59.6,58.6,0,1,6,100.0,100.0,91.7,0,1,0,15,0,15,0,15,7,7,0,0,8,0
Markus Faucett,212146,WR,WCST,1,34.1,0,1537,57.7,,56.5,0,0,0,0.0,0.0,,0,0,0,15,0,0,0,44,0,28,0,0,15,0
Geoff Schroeder,212838,HB,JHN HOP,1,25.4,0,1543,56.9,33.4,69.3,0,0,5,14.7,14.3,100.0,0,0,0,15,0,0,0,59,5,35,0,0,10,0
Timothy Pitts,196098,TE,KY STATE,1,83.3,0,378,52.9,69.6,52.8,0,0,3,60.0,50.0,100.0,0,0,0,15,0,0,0,18,3,6,0,0,12,17
Antwain Banks,167249,WR,BOWIE ST,1,26.4,0,365,53.2,,71.7,0,0,0,0.0,0.0,,1,0,0,14,0,0,0,53,0,38,0,0,14,0
Bryson Lewis,210200,FB,LOUCHR,1,87.5,0,958,51.9,75.4,46.2,0,0,3,75.0,66.7,100.0,0,0,0,14,0,0,0,16,4,6,0,0,10,3
Cullen Martin,213092,WR,RAND MACON,1,53.8,0,1546,47.2,,59.8,0,0,0,0.0,0.0,,0,0,0,14,0,0,0,26,0,12,0,0,14,1
Ted Jamison,197230,C,LOUCHR,1,100.0,0,958,61.3,41.0,63.5,1,0,9,100.0,100.0,94.4,0,1,0,14,11,3,0,14,9,9,0,0,5,0
Kannon Chase,179916,WR,WABASH,1,26.9,0,1167,60.3,,61.2,0,0,0,0.0,0.0,,0,0,0,14,0,0,0,52,0,38,0,0,14,0
Jalen March,152103,HB,TXWSLY,1,41.2,0,1457,56.4,57.8,,0,1,14,60.9,60.9,96.4,0,1,0,14,0,0,0,34,14,23,0,0,0,0
Palmer Samuels,212717,TE,DEPAUW,1,27.5,0,845,70.5,,56.3,0,0,0,0.0,0.0,,0,0,0,14,0,0,0,51,0,36,0,0,14,36
Traquan Johnson,180805,HB,ELIZBTH ST,1,29.2,0,373,78.4,69.0,58.8,0,1,8,38.1,38.5,93.7,0,1,0,14,0,0,0,48,10,26,0,0,4,0
Javion Jackson,167200,WR,ALBANY ST,1,33.3,0,360,60.0,,58.5,0,0,0,0.0,0.0,,0,0,0,14,0,0,0,42,0,28,0,0,14,0
Jack Pennington,195559,WR,HA,1,28.0,0,1528,55.1,,44.4,0,0,0,0.0,0.0,,0,0,0,14,0,0,0,50,0,36,0,0,14,0
Reddik Pillarelli,213066,WR,OHIO WES,1,26.4,0,1042,50.4,,44.5,0,0,0,0.0,0.0,,0,0,0,14,0,0,0,53,0,39,0,0,14,0
Tyler Richmond,213146,WR,WYNESBRG,1,37.8,0,1175,77.1,,59.8,0,0,0,0.0,0.0,,0,0,0,14,0,0,0,37,0,23,0,0,14,0
Kendarrius Smith,172907,TE,TUSKEGEE,2,82.4,0,405,55.5,68.2,55.7,0,0,2,40.0,50.0,100.0,0,0,0,14,0,0,0,17,3,6,0,0,11,13
James Bernier,212938,TE,KENYON,1,77.8,0,1545,52.5,43.5,55.1,0,1,2,33.3,42.9,75.0,0,1,0,14,0,0,0,18,3,7,0,0,11,16
DJ Grinter,195510,WR,HA,1,27.5,0,1528,54.2,,44.1,0,0,0,0.0,0.0,,0,0,0,14,0,0,0,51,0,37,0,0,14,0
Larue Linder,125771,TE,JHN HOP,1,93.3,0,1543,67.3,70.8,67.3,0,0,3,75.0,75.0,100.0,0,0,0,14,0,0,0,15,3,4,0,0,11,10
Carson Shrader,177809,HB,ADRIAN,1,73.7,0,1534,52.9,32.3,57.4,0,1,2,40.0,40.0,75.0,0,1,0,14,0,0,0,19,2,5,0,0,12,0
Isaac Trout,213165,WR,WYNESBRG,1,37.8,0,1175,51.7,,45.2,0,0,0,0.0,0.0,,0,0,0,14,0,0,0,37,0,23,0,0,14,0
Ty Lyles,147079,WR,BOWIE ST,1,28.0,0,365,58.7,,58.7,0,0,0,0.0,0.0,,1,0,0,14,0,0,0,50,0,36,0,0,14,0
Coy Davis,207574,WR,GC,1,33.3,0,1533,57.4,63.1,59.1,0,0,1,3.6,3.4,100.0,1,0,0,14,0,0,0,42,1,29,0,0,13,0
Brody Snyder,213270,WR,CLG OF WOO,1,35.9,0,1217,58.1,,60.0,0,0,0,0.0,0.0,,0,0,0,14,0,0,0,39,0,25,0,0,14,0
Dylan Carlquist,212925,WR,KENYON,1,40.0,0,1545,56.1,,72.7,0,0,0,0.0,0.0,,0,0,0,14,0,0,0,35,0,21,0,0,14,0
Antwan Davis,212197,HB,WCST,1,51.9,0,1537,57.1,37.5,54.7,0,0,9,50.0,50.0,100.0,0,0,0,14,0,0,0,27,9,18,0,0,5,0
Rashid SeSay,193191,HB,WLU,1,50.0,0,1178,58.1,79.9,56.4,0,0,11,52.4,50.0,100.0,0,0,0,14,0,0,0,28,11,22,0,0,3,2
Jason Moore,213090,WR,RAND MACON,1,50.0,0,1546,47.5,,60.4,0,0,0,0.0,0.0,,0,0,0,14,0,0,0,28,0,14,0,0,14,0
Makai Lovett,148210,WR,ED WATERS,1,28.9,0,372,61.7,,61.5,0,0,0,0.0,0.0,,0,0,0,13,0,0,0,45,0,32,0,0,13,0
Kirk Brown Jr.,207561,WR,GC,1,23.2,0,1533,68.6,63.1,73.0,0,0,1,2.4,2.3,100.0,0,0,0,13,0,0,0,56,1,44,0,0,12,0
Trevarus Walker,211619,WR,WARNER,1,27.7,0,407,57.0,,60.5,0,0,0,0.0,0.0,,0,0,0,13,0,0,0,47,0,34,0,0,13,0
Cam Crago,213275,WR,CLG OF WOO,1,35.1,0,1217,56.3,,61.0,0,0,0,0.0,0.0,,1,0,0,13,0,0,0,37,0,24,0,0,13,0
Austin Koslow,213074,WR,OHIO WES,1,25.5,0,1042,57.9,,43.6,0,0,0,0.0,0.0,,0,0,0,13,0,0,0,51,0,38,0,0,13,0
Fabian Duncan,207773,HB,ALU,1,33.3,0,735,74.7,80.6,58.6,0,0,8,44.4,45.0,100.0,0,0,0,13,0,0,0,39,9,20,0,0,4,0
Riley Stevens,213290,C,BERRY VIK,1,92.9,0,1547,76.7,,74.1,0,0,0,0.0,0.0,,0,0,0,13,0,0,0,14,0,1,0,0,13,14
Michael Boyle,213255,QB,CLG OF WOO,1,36.1,0,1217,40.0,,60.0,0,0,0,0.0,0.0,,1,0,0,13,0,0,0,36,0,23,0,0,13,0
Matt Anderson,212971,TE,MT UNION,1,86.7,0,1006,65.6,,68.0,0,0,0,0.0,0.0,,0,0,0,13,0,0,0,15,0,2,0,0,13,12
Zarek Zelinski,207975,WR,SVSU,1,36.1,0,1082,55.8,,79.9,0,0,0,0.0,0.0,,2,0,0,13,0,0,0,36,0,23,0,0,13,0
Jordan Lewis,213283,WR,CLG OF WOO,1,36.1,0,1217,66.6,,60.1,0,0,0,0.0,0.0,,0,0,0,13,0,0,0,36,0,23,0,0,13,0
Antonio Russell,207438,WR,ED WATERS,1,36.1,0,372,70.9,,62.4,0,0,0,0.0,0.0,,1,0,0,13,0,0,0,36,0,23,0,0,13,0
Jake Pieper,213300,WR,NTH CENT,1,72.2,0,1022,61.1,,80.4,0,0,0,0.0,0.0,,0,0,0,13,0,0,0,18,0,5,0,0,13,0
JJ Miller,213209,QB,WITNBRG,1,32.5,0,1216,46.7,,60.0,0,0,0,0.0,0.0,,0,0,0,13,0,0,0,40,0,26,0,0,13,0
Javion Bostic,184122,WR,THMORE,2,26.0,0,1296,58.7,,60.0,0,0,0,0.0,0.0,,0,0,0,13,0,0,0,50,0,36,0,0,13,0
Luke Adams,177568,WR,WABASH,1,31.0,0,1167,49.3,,62.1,0,0,0,0.0,0.0,,0,0,0,13,0,0,0,42,0,29,0,0,13,0
TaDarius Vaughn,211094,WR,SVANNAH ST,1,28.9,0,286,46.3,,44.0,0,0,0,0.0,0.0,,0,0,0,13,0,0,0,45,0,32,0,0,13,0
Jerome Blakeney III,195147,WR,Ferr,1,59.1,0,869,45.4,,43.6,0,0,0,0.0,0.0,,1,0,0,13,0,0,0,22,0,9,0,0,13,0
Isaac Banker,212988,TE,NTH CENT,1,56.5,0,1022,76.8,,76.3,0,0,0,0.0,0.0,,0,0,0,13,0,0,0,23,0,10,0,0,13,19
Carter Jackson,211021,G,PACENY,1,81.3,0,1536,56.0,50.4,57.1,1,0,4,57.1,57.1,87.5,0,1,0,13,0,0,0,16,4,7,0,0,9,8
Nick Turner,212958,WR,MT UNION,1,30.2,0,1006,73.8,,56.4,0,0,0,0.0,0.0,,0,0,0,13,0,0,0,43,0,30,0,0,13,0
Joqwan West,212350,WR,WCU,1,25.5,0,1535,55.0,,60.6,0,0,0,0.0,0.0,,0,0,0,13,0,0,0,51,0,36,0,0,13,0
Josh Hurst,213055,WR,OHIO WES,1,25.0,0,1042,60.1,,61.7,0,0,0,0.0,0.0,,0,0,0,13,0,0,0,52,0,39,0,0,13,0
Chase DeVaughn,178897,HB,MHMRTI,1,31.7,0,999,59.6,58.8,,0,0,12,48.0,48.1,100.0,0,0,0,13,0,0,0,41,13,27,0,0,0,0
Jason Levin,180262,WR,AMRINT,1,43.3,0,737,54.1,,59.8,0,0,0,0.0,0.0,,1,0,0,13,0,0,0,30,0,17,0,0,13,0
Izaiah Jean-Baptiste,207423,WR,ED WATERS,1,30.2,0,372,51.3,,61.2,0,0,0,0.0,0.0,,0,0,0,13,0,0,0,43,0,30,0,0,13,0
Jalen Johnson,158057,WR,NTH CENT,1,60.0,0,1022,64.3,,56.2,0,0,0,0.0,0.0,,0,0,0,12,0,0,0,20,0,8,0,0,12,1
Aiden Showers,195916,WR,ED WATERS,1,30.0,0,372,57.2,,61.7,0,0,0,0.0,0.0,,0,0,0,12,0,0,0,40,0,28,0,0,12,0
Brendan Comerford,212918,WR,KENYON,1,46.2,0,1545,67.0,,59.2,0,0,0,0.0,0.0,,0,0,0,12,0,0,0,26,0,14,0,0,12,0
Joshua Johnson,169548,WR,LANECOL,1,42.9,0,942,56.0,,58.9,0,0,0,0.0,0.0,,0,0,0,12,0,0,0,28,0,15,0,0,12,0
Nehemiah Griffin,211185,G,SRSU,1,100.0,0,1133,50.2,0.0,58.7,0,0,3,100.0,100.0,100.0,0,0,0,12,0,12,0,12,3,3,0,0,9,0
Najee Rushing,182766,S,LINCOK,1,23.1,1,1452,64.3,31.6,77.6,0,0,2,5.1,4.8,100.0,2,0,0,12,0,0,0,52,2,42,0,0,10,0
Drew Kelbert,206721,TE,ADRIAN,1,80.0,0,1534,49.7,69.8,49.6,0,0,1,25.0,25.0,100.0,0,0,0,12,0,0,0,15,1,4,0,0,11,14
Christian Andreson,197673,TE,MHMRTI,1,92.3,0,999,33.1,11.8,39.4,0,1,2,66.7,66.7,75.0,0,1,0,12,0,0,0,13,2,3,0,0,10,7
Malakai Anthony,142524,QB,BOWIE ST,1,27.3,0,365,64.8,,60.0,0,0,0,0.0,0.0,,0,0,0,12,0,0,0,44,0,32,0,0,12,0
Patrick Washington,212480,WR,SRSU,1,85.7,0,1133,58.4,,60.1,0,0,0,0.0,0.0,,0,0,0,12,0,0,0,14,0,2,0,0,12,0
Joseph Hampton,181348,HB,SVANNAH ST,1,40.0,0,286,56.1,53.6,54.8,0,0,7,36.8,36.8,100.0,0,0,0,12,0,0,0,30,7,19,0,0,5,0
Basit Qadri,213112,WR,RAND MACON,1,50.0,0,1546,54.8,,59.9,0,0,0,0.0,0.0,,0,0,0,12,0,0,0,24,0,12,0,0,12,0
Ashton Horton,207753,TE,ALU,1,46.2,0,735,51.3,65.6,59.9,0,0,1,7.7,6.7,100.0,0,0,0,12,0,0,0,26,1,15,0,0,11,23
Zach Wyatt,211852,QB,Ferr,1,60.0,0,869,50.8,,60.0,0,0,0,0.0,0.0,,0,0,0,12,0,0,0,20,0,7,0,0,12,0
Dylan Hair,211379,QB,TRSU,1,21.8,0,1147,69.6,,60.0,0,0,0,0.0,0.0,,0,0,0,12,0,0,0,55,0,36,0,0,12,0
Luke Warnock,206990,QB,Bent,1,24.5,0,1238,43.1,,60.0,0,0,0,0.0,0.0,,0,0,0,12,0,0,0,49,0,35,0,0,12,0
Adam Hall,211380,WR,TRSU,1,30.0,0,1147,56.9,,61.7,0,0,0,0.0,0.0,,0,0,0,12,0,0,0,40,0,28,0,0,12,0
Logan Taylor,207660,TE,GC,1,80.0,0,1533,53.9,69.2,52.8,0,0,4,57.1,62.5,100.0,0,0,0,12,0,0,0,15,5,8,0,0,7,14
Dewayne Smith Jr.,207652,WR,GC,1,30.8,0,1533,64.3,,78.3,0,0,0,0.0,0.0,,1,0,0,12,0,0,0,39,0,27,0,0,12,0
Brady Marshall,209208,T,SRSU,1,100.0,0,1133,27.4,0.0,58.9,1,1,3,100.0,100.0,33.3,0,3,1,12,0,0,12,12,3,3,0,0,9,0
Demarious Hood,211443,T,TUSKEGEE,1,100.0,0,405,61.7,78.5,59.1,0,0,8,100.0,100.0,100.0,0,0,0,12,0,0,0,12,8,8,12,0,4,0
Thomas Burke III,213163,QB,WYNESBRG,1,40.0,0,1175,66.8,,60.0,0,0,0,0.0,0.0,,0,0,0,12,0,0,0,30,0,18,0,0,12,0
Andres Perez,206876,WR,AMRINT,1,54.5,0,737,64.3,,61.0,0,0,0,0.0,0.0,,0,0,0,12,0,0,0,22,0,10,0,0,12,0
Rashad Murray,186769,WR,WLU,1,38.7,0,1178,60.7,,61.9,0,0,0,0.0,0.0,,1,0,0,12,0,0,0,31,0,19,0,0,12,0
Duncan Bradley,209090,WR,THMORE,2,19.7,0,1296,53.7,,59.0,0,0,0,0.0,0.0,,0,0,0,12,0,0,0,61,0,48,0,0,12,0
Phillip Jones II,192203,QB,LOUCHR,1,32.4,0,958,45.4,,60.0,0,0,0,0.0,0.0,,0,0,0,12,0,0,0,37,0,24,0,0,12,0
Devon Tott,150083,QB,SVANNAH ST,1,40.0,0,286,41.7,,60.0,0,0,0,0.0,0.0,,3,0,0,12,0,0,0,30,0,17,0,0,12,0
Garrett Brown,210219,TE,LOUCHR,1,85.7,0,958,43.0,8.0,55.5,1,0,4,66.7,71.4,87.5,0,1,0,12,0,0,0,14,5,7,0,0,7,3
Dante Casciola,149521,QB,RAND MACON,1,46.2,0,1546,62.9,,60.0,0,0,0,0.0,0.0,,0,0,0,12,0,0,0,26,0,11,0,0,12,0
Marcus Johnson Jr.,207607,G,GC,1,100.0,0,1533,44.7,0.0,57.5,0,1,8,100.0,100.0,93.7,0,1,0,12,0,12,0,12,8,8,0,0,4,0
Edward Washington,212043,G,ELIZBTH ST,1,100.0,0,373,44.6,0.0,58.6,0,0,5,100.0,100.0,100.0,1,0,0,11,0,0,0,11,8,8,11,0,3,0
Tyler Strickland,197556,QB,ARKBC,1,32.4,0,1515,53.2,,60.0,0,0,0,0.0,0.0,,1,0,0,11,0,0,0,34,0,20,0,0,11,0
Kiram Dallas,212356,WR,WCU,1,25.0,0,1535,56.8,,59.4,0,0,0,0.0,0.0,,0,0,0,11,0,0,0,44,0,33,0,0,11,0
Jack Hennessy,166449,TE,SOCTOW,1,78.6,0,1107,45.6,65.1,57.9,0,0,1,25.0,25.0,100.0,1,0,0,11,0,0,0,14,1,4,0,0,10,11
Peyton McGee,197466,TE,WARNER,1,55.0,0,407,38.4,17.1,56.5,0,0,0,0.0,0.0,,0,0,0,11,0,0,0,20,0,9,0,0,11,19
Rudy Gish,165963,T,CHADST,1,100.0,0,809,52.9,81.2,59.3,0,0,7,100.0,100.0,100.0,1,0,0,11,0,0,11,11,9,9,0,0,2,0
Omarion Hairston,196951,TE,VA LYNCHBU,1,64.7,0,406,49.6,68.2,48.0,0,0,2,25.0,25.0,100.0,0,0,0,11,0,0,0,17,2,8,0,0,9,8
Nanders Lawrence,207732,WR,ALU,1,18.3,0,735,72.3,,60.0,0,0,0,0.0,0.0,,0,0,0,11,0,0,0,60,0,48,0,0,11,0
Jaylen Middleton,196091,HB,KY STATE,1,32.4,0,378,69.3,82.1,60.0,0,0,7,43.8,47.1,100.0,0,0,0,11,0,0,0,34,8,17,0,0,3,0
Tayshawn Parm,209145,TE,THMORE,2,78.6,0,1296,48.3,,49.0,0,0,0,0.0,0.0,,0,0,0,11,0,0,0,14,0,3,0,0,11,11
Edward Osley,159711,HB,MILES,2,28.2,0,386,66.0,63.1,59.1,0,1,7,30.4,30.4,92.9,0,1,0,11,0,0,0,39,7,23,0,0,4,0
Kyle Verriest,194393,WR,ST ANSELM,1,21.2,0,399,52.3,,60.9,0,0,0,0.0,0.0,,0,0,0,11,0,0,0,52,0,41,0,0,11,0
Jackson Wasik,210569,QB,KYCRST,1,23.4,0,1474,66.7,,60.0,0,0,0,0.0,0.0,,1,0,0,11,0,0,0,47,0,33,0,0,11,0
Gavin Montgomery,210692,C,LANECOL,1,100.0,0,942,53.6,20.0,57.3,0,0,4,100.0,100.0,100.0,0,0,0,11,11,0,0,11,4,4,0,0,7,0
Kameron Splonski,193941,T,W OREGON,1,100.0,0,411,61.1,64.4,59.6,0,1,7,100.0,100.0,92.9,0,1,0,11,0,0,11,11,8,8,0,0,3,0
Omarion Warrior,210878,G,NORTHEA ST,1,100.0,0,1030,63.5,78.8,59.5,0,0,8,100.0,100.0,100.0,0,0,0,11,0,0,0,11,9,9,8,0,2,3
T.J. Meeks,213233,HB,WITNBRG,1,35.5,0,1216,64.2,83.8,,0,0,10,55.6,57.9,100.0,0,0,0,11,0,0,0,31,11,19,0,0,0,0
Ian Engstrom,210910,WR,NMiU,1,52.4,0,1031,54.2,,56.1,0,0,0,0.0,0.0,,0,0,0,11,0,0,0,21,0,10,0,0,11,0
Beau Phillips,193585,HB,CENT WASH,1,44.0,0,367,73.7,77.1,57.7,0,0,5,71.4,66.7,100.0,0,0,0,11,0,0,0,25,6,9,0,0,5,0
Jake Turner,213317,HB,BERRY VIK,1,100.0,0,1547,62.4,81.2,57.7,0,0,6,100.0,100.0,100.0,0,0,0,11,0,0,0,11,6,6,0,0,5,0
Elizjah Lewis,150764,WR,PACENY,1,25.6,0,1536,76.3,,61.6,0,0,0,0.0,0.0,,0,0,0,11,0,0,0,43,0,32,0,0,11,0
Blayton Reid,212637,HB,DENISON,1,84.6,0,842,58.6,54.4,,0,2,10,83.3,84.6,90.0,0,2,0,11,0,0,0,13,11,13,0,0,0,0
Micheal Estremera,180344,WR,BOWIE ST,1,19.6,0,365,55.2,,53.9,0,0,0,0.0,0.0,,0,0,0,11,0,0,0,56,0,45,0,0,11,0
Deejay Grimes,211560,HB,WARNER,1,34.4,0,407,62.0,42.3,60.0,0,0,10,43.5,43.5,100.0,0,0,0,11,0,0,0,32,10,23,0,0,1,0
Zion Lamar,211581,T,WARNER,1,100.0,0,407,55.7,40.0,59.9,1,1,9,100.0,100.0,88.9,0,2,0,11,0,0,0,11,9,9,0,11,2,0
Khamari Smith,212620,WR,BERRY VIK,1,29.7,0,1547,49.6,,62.4,0,0,0,0.0,0.0,,0,0,0,11,0,0,0,37,0,26,0,0,11,0
Silas Hinson,211665,WR,WLU,1,26.8,0,1178,62.2,,60.1,0,0,0,0.0,0.0,,0,0,0,11,0,0,0,41,0,30,0,0,11,0
Keller Moten,212787,QB,JOHNCA,13,16.9,0,926,83.3,,60.0,0,0,0,0.0,0.0,,0,0,0,11,0,0,0,65,0,1,0,0,11,0
Omarion Dupree,211980,TE,LINCOLN,1,45.8,0,380,78.1,64.5,68.5,0,0,1,7.1,7.1,100.0,0,0,0,11,0,0,0,24,1,14,0,0,10,17
Nasim Chim,212067,WR,LINCOK,2,16.2,0,1452,50.3,,62.5,0,0,0,0.0,0.0,,0,0,0,11,0,0,0,68,0,57,0,0,11,0
Keith Dulak,212160,G,WCST,1,100.0,0,1537,50.2,24.9,52.5,0,0,5,100.0,100.0,100.0,0,0,0,11,0,0,0,11,5,5,11,0,6,0
Mikey Henderson,122930,WR,NORTHEA ST,1,19.6,0,1030,47.2,,76.7,0,0,0,0.0,0.0,,1,0,0,10,0,0,0,51,0,41,0,0,10,0
Ethan LaPia,197681,T,MHMRTI,1,100.0,0,999,39.7,0.0,58.1,0,1,3,100.0,100.0,83.3,0,1,0,10,0,3,0,10,3,3,0,7,7,0
Hazaia Phillips,197473,WR,WARNER,1,31.3,0,407,69.2,,61.4,0,0,0,0.0,0.0,,0,0,0,10,0,0,0,32,0,22,0,0,10,0
Manny Zelaya,213265,HB,CLG OF WOO,1,27.0,0,1217,64.4,81.5,,0,0,9,47.4,45.5,100.0,0,0,0,10,0,0,0,37,10,22,0,0,0,0
Jordon Rodman,212817,WR,JOHNCA,1,62.5,0,926,55.6,,61.0,0,0,0,0.0,0.0,,0,0,0,10,0,0,0,16,0,6,0,0,10,0
Nick Billoups,131847,QB,LANECOL,1,29.4,0,942,39.2,,60.0,0,0,0,0.0,0.0,,0,0,0,10,0,0,0,34,0,17,0,0,10,0
Kyler Robinson,211046,WR,PACENY,1,22.2,0,1536,56.3,,61.0,0,0,0,0.0,0.0,,0,0,0,10,0,0,0,45,0,35,0,0,10,0
Rowen Durbin,179922,TE,WABASH,1,41.7,0,1167,51.3,63.3,56.1,0,0,1,7.1,6.7,100.0,0,0,0,10,0,0,0,24,1,15,0,0,9,14
Gabe Schwieters,206769,WR,ADRIAN,1,50.0,0,1534,47.0,,61.8,0,0,0,0.0,0.0,,0,0,0,10,0,0,0,20,0,10,0,0,10,0
Cephas Williams,180309,QB,AMRINT,1,43.5,0,737,34.5,,60.0,0,0,0,0.0,0.0,,2,0,0,10,0,0,0,23,0,13,0,0,10,0
Dantay Diorio,210242,TE,WEBINT,1,66.7,0,1246,74.4,,49.2,0,0,0,0.0,0.0,,0,0,0,10,0,0,0,15,0,4,0,0,10,7
Malik Thomas,155823,WR,TUSKEGEE,2,45.5,0,405,57.2,,76.6,0,0,0,0.0,0.0,,0,0,0,10,0,0,0,22,0,12,0,0,10,0
Brett Highburger,193909,G,W OREGON,1,100.0,0,411,43.4,0.0,52.0,0,1,6,100.0,100.0,91.7,0,1,0,10,0,0,0,10,6,6,10,0,4,0
Christopher Charmale-Roberts,211432,T,TUSKEGEE,1,100.0,0,405,60.9,78.5,58.7,0,0,4,100.0,100.0,100.0,0,0,0,10,0,10,0,10,5,5,0,0,5,0
C.J. Jackson,213088,QB,OHIO WES,1,18.5,0,1042,42.1,,60.0,0,0,0,0.0,0.0,,0,0,0,10,0,0,0,54,0,40,0,0,10,0
Trace Williams,167942,WR,LOUCHR,1,34.5,0,958,54.0,,60.4,0,0,0,0.0,0.0,,0,0,0,10,0,0,0,29,0,19,0,0,10,0
Alex Beare,212425,WR,KY STATE,1,37.0,0,378,50.6,,42.8,0,0,0,0.0,0.0,,0,0,0,10,0,0,0,27,0,17,0,0,10,0
La'Vontae Shenault,100644,WR,NORTHEA ST,1,17.9,0,1030,69.3,,60.7,0,0,0,0.0,0.0,,1,0,0,10,0,0,0,56,0,46,0,0,10,0
Johnny Morris,168550,HB,TUSKEGEE,2,20.8,0,405,67.1,68.0,58.9,0,0,8,33.3,29.6,100.0,0,0,0,10,0,0,0,48,8,27,0,0,2,0
Chase Altis,207551,QB,GC,1,17.2,0,1533,42.7,,60.0,0,0,0,0.0,0.0,,2,0,0,10,0,0,0,58,0,45,0,0,10,0
Jackson Baird,211730,TE,Ferr,1,52.6,0,869,52.7,70.0,49.8,0,0,3,25.0,25.0,100.0,0,0,0,10,0,0,0,19,3,12,0,0,7,9
Aidan Vaught,211835,HB,Ferr,1,27.0,0,869,63.3,75.1,67.7,0,0,1,9.1,16.7,100.0,0,0,0,10,0,0,0,37,2,12,0,0,8,0
Ethan Faircloth,211555,TE,WARNER,1,55.6,0,407,59.2,77.0,65.5,0,0,2,20.0,20.0,100.0,0,0,0,10,0,0,0,18,2,10,0,0,8,16
Jayir Nelson,212342,WR,WCU,1,22.7,0,1535,52.3,,58.6,0,0,0,0.0,0.0,,0,0,0,10,0,0,0,44,0,34,0,0,10,0
Nick Rea,211812,WR,Ferr,1,52.6,0,869,59.1,,82.6,0,0,0,0.0,0.0,,0,0,0,10,0,0,0,19,0,9,0,0,10,0
Justice Taylor,179304,HB,CENT WASH,1,37.0,0,367,62.8,3.5,58.3,0,1,4,50.0,44.4,87.5,0,1,0,10,0,0,0,27,4,9,0,0,6,0
Terrel Ashley,182463,WR,VA LYNCHBU,4,18.9,0,406,59.7,,60.9,0,0,0,0.0,0.0,,0,0,0,10,0,0,0,53,0,43,0,0,10,0
Bryce Perkins,210187,QB,LOUCHR,1,40.0,0,958,27.5,,60.0,0,0,0,0.0,0.0,,0,0,0,10,0,0,0,25,0,14,0,0,10,0
Terrin Brown,210733,TE,MILES,2,76.9,0,386,57.1,65.3,57.9,0,0,1,33.3,25.0,100.0,0,0,0,10,0,0,0,13,1,4,0,0,9,7
Cyris Taylor,180211,WR,W OREGON,1,27.8,0,411,56.0,,42.9,0,0,0,0.0,0.0,,0,0,0,10,0,0,0,36,0,26,0,0,10,0
Amin Rahim,206978,T,Bent,1,100.0,0,1238,63.4,78.4,60.0,0,0,7,100.0,100.0,100.0,0,0,0,9,0,0,8,9,8,8,0,0,1,0
Davari Morris,196678,WR,ED WATERS,1,52.9,0,372,58.9,,61.4,0,0,0,0.0,0.0,,0,0,0,9,0,0,0,17,0,8,0,0,9,0
Trynyty Conway,143217,WR,WARNER,1,28.1,0,407,69.6,,60.6,0,0,0,0.0,0.0,,0,0,0,9,0,0,0,32,0,23,0,0,9,0
Jeffrey Miller,206867,G,AMRINT,1,100.0,0,737,55.2,0.0,65.0,0,1,4,100.0,100.0,87.5,0,1,0,9,0,9,0,9,4,4,0,0,5,0
Jaden Leroy,212212,WR,WCST,1,39.1,0,1537,61.5,,60.5,0,0,0,0.0,0.0,,0,0,0,9,0,0,0,23,0,14,0,0,9,0
Dalton Ovando,207628,G,GC,1,100.0,0,1533,61.2,83.0,59.2,0,0,4,100.0,100.0,100.0,0,0,0,9,0,9,0,9,5,5,0,0,4,0
Rodney Washington,196910,S,LINCOK,2,36.0,0,1452,72.8,80.8,60.0,0,0,7,46.7,50.0,100.0,3,0,0,9,0,0,0,25,8,16,0,0,1,0
Christian Burks,181322,QB,SVANNAH ST,1,26.5,0,286,62.0,,60.0,0,0,0,0.0,0.0,,1,0,0,9,0,0,0,34,0,25,0,0,9,0
Jadon Adams,181307,WR,SVANNAH ST,1,23.1,0,286,53.2,,59.7,0,0,0,0.0,0.0,,0,0,0,9,0,0,0,39,0,24,0,0,9,0
Ayden Ware,181041,WR,LANECOL,1,60.0,0,942,55.6,,60.1,0,0,0,0.0,0.0,,0,0,0,9,0,0,0,15,0,6,0,0,9,0
Don Dunning Jr.,207683,HB,HA,1,24.3,0,1528,67.2,22.1,58.7,0,1,4,19.0,19.0,87.5,1,1,0,9,0,0,0,37,4,21,0,0,5,0
Kamrin Brunson,167980,WR,MHMRTI,1,29.0,0,999,54.9,,59.1,0,0,0,0.0,0.0,,0,0,0,9,0,0,0,31,0,22,0,0,9,0
Dylan Jackson,212187,QB,WCST,1,33.3,0,1537,51.3,,60.0,0,0,0,0.0,0.0,,0,0,0,9,0,0,0,27,0,18,0,0,9,0
Sekye Miles,213193,FB,WYNESBRG,1,100.0,0,1175,42.5,67.4,39.6,0,0,0,,100.0,,0,0,0,9,0,0,0,9,1,1,0,0,8,7
Darnell Williams,212982,HB,MT UNION,1,24.3,0,1006,60.4,74.9,60.7,0,0,3,18.8,18.8,100.0,0,0,0,9,0,0,0,37,3,16,0,0,6,0
Jack Langston,212928,C,KENYON,1,100.0,0,1545,62.9,78.9,59.3,0,0,4,100.0,100.0,100.0,0,0,0,9,0,0,9,9,5,5,0,0,4,0
Malaki Jones,154493,WR,ST ANSELM,1,20.5,0,399,50.5,,60.1,0,0,0,0.0,0.0,,0,0,0,9,0,0,0,44,0,35,0,0,9,0
Quinton Moore,210278,WR,WEBINT,1,39.1,0,1246,47.0,,42.4,0,0,0,0.0,0.0,,0,0,0,9,0,0,0,23,0,13,0,0,9,0
Jamareon Dale,210574,HB,KYCRST,1,36.0,0,1474,60.3,29.9,60.0,0,0,6,37.5,42.1,100.0,0,0,0,9,0,0,0,25,8,19,0,0,1,0
Javion Martin,210580,WR,KYCRST,1,40.9,0,1474,54.3,,61.1,0,0,0,0.0,0.0,,0,0,0,9,0,0,0,22,0,13,0,0,9,0
Grant Ewing,212941,T,KENYON,1,100.0,0,1545,60.7,76.9,58.9,0,0,4,100.0,100.0,100.0,0,0,0,9,0,0,0,9,5,5,9,0,4,0
Peyton Nero,178579,HB,LANECOL,1,60.0,0,942,39.8,79.2,58.9,0,0,5,83.3,83.3,100.0,0,0,0,9,0,0,0,15,5,6,0,0,4,0
Deuce Roberson,210864,WR,NORTHEA ST,1,16.1,0,1030,63.2,,61.4,0,0,0,0.0,0.0,,0,0,0,9,0,0,0,56,0,46,0,0,9,0
Jacob Jimenez,206850,G,AMRINT,1,100.0,0,737,60.8,77.6,59.0,0,0,4,100.0,100.0,100.0,0,0,0,9,0,0,0,9,4,4,9,0,5,0
Kendrick Jefferson,209198,HB,SRSU,2,34.6,0,1133,47.1,69.7,57.3,0,0,1,50.0,33.3,100.0,0,0,0,9,0,0,0,26,1,3,0,0,8,0
Antonio Puleo,206976,G,Bent,1,100.0,0,1238,62.2,77.7,60.0,0,0,7,100.0,100.0,100.0,0,0,0,9,0,1,0,9,8,8,7,0,1,0
Makai Elder,180035,WR,WEBINT,1,45.0,0,1246,64.2,,54.8,0,0,0,0.0,0.0,,0,0,0,9,0,0,0,20,0,11,0,0,9,0
Josh Styles,212785,HB,JOHNCA,6,18.4,0,926,72.3,73.2,65.7,0,0,3,13.6,13.0,100.0,0,0,0,9,0,0,0,49,3,23,0,0,6,0
Tu'Shawn Wilson,212369,HB,WCU,1,25.7,0,1535,51.0,52.3,57.7,0,1,4,18.2,17.4,87.5,0,1,0,9,0,0,0,35,4,23,0,0,5,0
Ryan Dean,212903,QB,KENYON,1,34.6,0,1545,34.5,,60.0,0,0,0,0.0,0.0,,0,0,0,9,0,0,0,26,0,16,0,0,9,0
Jovanny Brown,180224,WR,AMRINT,1,60.0,0,737,56.7,,61.1,0,0,0,0.0,0.0,,0,0,0,9,0,0,0,15,0,6,0,0,9,0
Matthew O'Donnell,210290,TE,WEBINT,1,81.8,0,1246,51.6,,54.0,0,0,0,0.0,0.0,,0,0,0,9,0,0,0,11,0,2,0,0,9,11
Noble Thompson,195663,TE,LINCOLN,1,69.2,0,380,29.3,64.4,32.7,0,0,1,20.0,20.0,100.0,0,0,0,9,0,0,0,13,1,5,0,0,8,8
Kareem Jeffries-Hazard,180249,C,AMRINT,1,100.0,0,737,45.8,0.0,54.8,0,1,4,100.0,100.0,87.5,0,1,0,9,9,0,0,9,4,4,0,0,5,0
Ethan French,195504,TE,HA,1,69.2,0,1528,74.7,33.0,67.6,0,0,1,20.0,20.0,0.0,0,1,1,9,0,0,0,13,1,5,0,0,8,11
Tyler Rouse,212268,TE,WCST,1,100.0,0,1537,50.0,37.1,55.0,0,0,4,100.0,100.0,75.0,0,1,1,9,0,0,0,9,4,4,0,0,5,8
Kieran Falzon,211108,HB,SOCTOW,1,13.8,0,1107,59.2,16.9,60.0,0,2,6,16.7,16.2,83.3,0,2,0,9,0,0,0,65,6,37,0,0,3,0
Chase Crone,209103,QB,THMORE,2,64.3,0,1296,52.6,,60.0,0,0,0,0.0,0.0,,0,0,0,9,0,0,0,14,0,5,0,0,9,0
Jordan Galeener-Johnson,196999,WR,LINCOK,4,56.3,0,1452,56.1,,61.7,0,0,0,0.0,0.0,,0,0,0,9,0,0,0,16,0,7,0,0,9,0
Matthew Xiques,212256,QB,WCST,1,47.4,0,1537,45.3,,60.0,0,0,0,0.0,0.0,,1,0,0,9,0,0,0,19,0,10,0,0,9,0
Braden Hill,208009,WR,SVSU,1,19.1,0,1082,58.2,,30.8,0,0,0,0.0,0.0,,1,0,0,9,0,0,0,47,0,38,0,0,9,0
Josh Moore,212850,WR,JHN HOP,1,22.5,0,1543,59.9,,79.8,0,0,0,0.0,0.0,,1,0,0,9,0,0,0,40,0,31,0,0,9,0
Josh Rogers,212618,HB,BERRY VIK,1,25.7,0,1547,59.3,64.4,60.0,0,0,8,38.1,38.1,100.0,0,0,0,9,0,0,0,35,8,21,0,0,1,1
David Parker,213252,TE,CLG OF WOO,1,64.3,0,1217,55.9,67.6,49.9,0,0,3,42.9,37.5,100.0,0,0,0,9,0,0,0,14,3,8,0,0,6,10
Carlos Witherup,211627,WR,WARNER,1,32.1,0,407,68.1,,60.6,0,0,0,0.0,0.0,,0,0,0,9,0,0,0,28,0,19,0,0,9,0
Zarek Williams,196155,TE,LANECOL,1,69.2,0,942,37.4,67.3,56.6,0,0,2,33.3,33.3,100.0,0,0,0,9,0,0,0,13,2,6,0,0,7,12
Earl Gray,210626,WR,KY STATE,1,47.1,0,378,69.1,,81.6,0,0,0,0.0,0.0,,0,0,0,8,0,0,0,17,0,9,0,0,8,0
Ni'jah Simpson,194079,G,ERSKIN,1,100.0,0,1526,60.1,75.0,58.9,0,0,2,100.0,100.0,100.0,0,0,0,8,0,0,0,8,3,3,8,0,5,0
Connor Speller,194083,T,ERSKIN,1,100.0,0,1526,58.7,49.1,59.5,0,0,2,100.0,100.0,100.0,0,0,0,8,0,0,0,8,3,3,0,8,5,0
Cameron Miller,197468,WR,WARNER,1,28.6,0,407,48.9,,61.0,0,0,0,0.0,0.0,,1,0,0,8,0,0,0,28,0,20,0,0,8,0
Brody Graham,213234,WR,WITNBRG,1,44.4,0,1216,55.1,,61.0,0,0,0,0.0,0.0,,0,0,0,8,0,0,0,18,0,10,0,0,8,0
Samaje Featherstone,207155,WR,CENT WASH,1,66.7,0,367,57.6,,59.5,0,0,0,0.0,0.0,,0,0,0,8,0,0,0,12,0,4,0,0,8,0
Jaydan Burns,212305,WR,W OREGON,1,32.0,0,411,52.5,,60.5,0,0,0,0.0,0.0,,0,0,0,8,0,0,0,25,0,17,0,0,8,0
Ethan Coady,210998,QB,PACENY,1,15.1,0,1536,60.2,,60.0,0,0,0,0.0,0.0,,0,0,0,8,0,0,0,53,0,38,0,0,8,0
Christian Lewis,212625,QB,BERRY VIK,1,30.8,0,1547,29.7,,60.0,0,0,0,0.0,0.0,,0,0,0,8,0,0,0,26,0,17,0,0,8,0
Nico Cleaves,182849,QB,VA LYNCHBU,1,15.7,0,406,46.2,,60.0,0,0,0,0.0,0.0,,0,0,0,8,0,0,0,51,0,41,0,0,8,0
Parker Gleaton,211234,TE,TXWSLY,1,61.5,0,1457,54.4,67.5,59.0,0,0,1,16.7,16.7,100.0,0,0,0,8,0,0,0,13,1,6,0,0,7,10
Cam Taylor,193321,WR,ED WATERS,1,30.8,0,372,52.9,,61.4,0,0,0,0.0,0.0,,0,0,0,8,0,0,0,26,0,18,0,0,8,0
Johntarrious Thomas,195920,HB,ED WATERS,1,24.2,0,372,71.6,57.6,60.1,0,0,4,19.0,19.0,100.0,0,0,0,8,0,0,0,33,4,21,0,0,4,0
Michael Jackson,148295,QB,MHMRTI,1,42.1,0,999,35.3,,60.0,0,0,0,0.0,0.0,,0,0,0,8,0,0,0,19,0,11,0,0,8,0
Gregory King Jr.,182406,TE,TUSKEGEE,2,53.3,0,405,53.0,,59.2,0,0,0,0.0,0.0,,0,0,0,8,0,0,0,15,0,7,0,0,8,13
Jamarian Robinson,211604,HB,WARNER,1,47.1,0,407,67.5,84.9,59.1,0,0,4,44.4,50.0,100.0,0,0,0,8,0,0,0,17,5,10,0,0,3,0
Isaiah Rickard,152400,WR,W OREGON,1,25.0,0,411,60.4,66.1,75.0,0,0,2,8.0,7.7,100.0,0,0,0,8,0,0,0,32,2,26,0,0,6,0
Mikey Malone,212661,HB,DENISON,1,57.1,0,842,65.1,40.6,,0,0,8,61.5,57.1,87.5,0,1,1,8,0,0,0,14,8,14,0,0,0,0
Daylin Robinson,212333,WR,WCU,1,20.5,0,1535,47.7,,60.1,0,0,0,0.0,0.0,,0,0,0,8,0,0,0,39,0,30,0,0,8,0
Chance Riggenbach,213316,C,CLG OF WOO,1,100.0,0,1217,45.9,0.0,59.3,0,0,6,100.0,100.0,100.0,0,0,0,8,8,0,0,8,6,6,0,0,2,0
Allen Rainey,212319,QB,WCU,1,20.5,0,1535,58.6,,60.0,0,0,0,0.0,0.0,,0,0,0,8,0,0,0,39,0,29,0,0,8,0
Jeffery McCoy,211690,T,WLU,1,100.0,0,1178,65.1,79.3,60.0,0,0,6,100.0,100.0,100.0,0,0,0,8,0,0,0,8,7,7,0,8,1,0
Caleb Griffin,210823,C,NORTHEA ST,1,100.0,0,1030,50.4,18.1,,0,0,8,100.0,100.0,87.5,0,1,1,8,8,0,0,8,8,8,0,0,0,0
Xy Moore,212110,T,ERSKIN,1,100.0,0,1526,53.0,10.9,58.6,0,0,2,100.0,100.0,50.0,0,1,1,8,0,0,8,8,3,3,0,0,5,0
Na-Shawn Greene,211767,WR,Ferr,1,53.3,0,869,59.2,,59.7,0,0,0,0.0,0.0,,0,0,0,8,0,0,0,15,0,7,0,0,8,0
Hunter Coleman,212633,TE,BERRY VIK,1,61.5,0,1547,55.2,68.6,57.6,0,0,4,44.4,44.4,100.0,0,0,0,8,0,0,0,13,4,9,0,0,4,8
Michael Koranteng,180258,WR,AMRINT,1,50.0,0,737,54.7,,55.0,0,0,0,0.0,0.0,,0,0,0,8,0,0,0,16,0,8,0,0,8,0
Jermaine Hardy Jr.,196796,WR,TUSKEGEE,2,29.6,0,405,55.8,,42.1,0,0,0,0.0,0.0,,0,0,0,8,0,0,0,27,0,19,0,0,8,0
Jordon Benjamin,212922,HB,KENYON,1,29.6,0,1545,53.0,60.3,60.0,0,1,7,46.7,46.7,92.9,0,1,0,8,0,0,0,27,7,15,0,0,1,0
Torey Morrison,155499,WR,ED WATERS,1,20.0,0,372,70.6,,61.6,0,0,0,0.0,0.0,,0,0,0,8,0,0,0,40,0,32,0,0,8,0
Ryder Bumgarner,171916,HB,CENT WASH,1,40.0,0,367,66.6,75.2,57.9,0,0,4,50.0,50.0,100.0,0,0,0,8,0,0,0,20,4,8,0,0,4,0
Howard Crowder,210804,T,NORTHEA ST,1,100.0,0,1030,49.9,20.8,,0,0,8,100.0,100.0,100.0,0,0,0,8,0,0,0,8,8,8,0,8,0,0
JaDarius Patterson,195905,WR,ED WATERS,1,44.4,0,372,56.3,,61.6,0,0,0,0.0,0.0,,0,0,0,8,0,0,0,18,0,10,0,0,8,0
Devon Haley,213075,HB,OHIO WES,1,40.0,0,1042,57.2,79.3,57.9,0,0,4,36.4,38.5,100.0,0,0,0,8,0,0,0,20,5,13,0,0,3,0
Jayden Ferguson,193984,C,ERSKIN,1,100.0,0,1526,61.7,74.1,60.5,0,0,2,100.0,100.0,100.0,0,0,0,8,8,0,0,8,3,3,0,0,5,0
Jycen Anciso,211725,HB,Ferr,1,61.5,0,869,64.7,73.0,67.9,0,0,3,60.0,60.0,100.0,0,0,0,8,0,0,0,13,3,5,0,0,5,0
Justin Moore,194042,G,ERSKIN,1,100.0,0,1526,60.2,75.0,58.9,0,0,2,100.0,100.0,100.0,0,0,0,8,0,8,0,8,3,3,0,0,5,0
Brandon Rose,179867,HB,VIRSTA,1,21.6,0,1164,69.8,78.2,58.0,0,0,5,22.7,22.7,100.0,0,0,0,8,0,0,0,37,5,22,0,0,3,0
Khaji Charles,206925,C,Bent,1,100.0,0,1238,61.6,75.2,60.0,0,0,7,100.0,100.0,100.0,0,0,0,8,8,0,0,8,7,7,0,0,1,0
Malachi Betters,213224,WR,WITNBRG,1,33.3,0,1216,65.9,,60.4,0,0,0,0.0,0.0,,0,0,0,8,0,0,0,24,0,16,0,0,8,0
Rashaud Brown,210792,T,NORTHEA ST,1,100.0,0,1030,65.0,84.1,,0,0,8,100.0,100.0,100.0,0,0,0,8,0,3,5,8,8,8,0,0,0,0
Sedrick Hill Jr.,205913,QB,ARKBC,1,38.1,0,1515,22.6,,60.0,0,0,0,0.0,0.0,,1,0,0,8,0,0,0,21,0,11,0,0,8,0
Xavier Tyler,180003,HB,WABASH,1,22.9,0,1167,68.1,23.1,59.7,0,1,5,23.8,25.0,90.0,0,1,0,8,0,0,0,35,6,24,0,0,2,0
Caden Boston,212473,G,SRSU,1,100.0,0,1133,59.0,71.9,58.3,0,0,1,100.0,100.0,100.0,0,0,0,8,0,8,0,8,1,1,0,0,7,0
Yaseen Murden,180271,HB,AMRINT,1,47.1,0,737,42.4,22.1,58.5,0,1,4,50.0,50.0,87.5,0,1,0,8,0,0,0,17,4,8,0,0,4,0
Damonte Lee,210932,G,NMiU,1,100.0,0,1031,52.2,71.3,51.5,0,0,1,100.0,100.0,100.0,0,0,0,8,0,0,0,8,1,1,8,0,7,0
Brandon McBride,211689,T,WLU,1,100.0,0,1178,65.8,81.4,60.0,0,0,6,100.0,100.0,100.0,0,0,0,8,0,0,8,8,7,7,0,0,1,0
Jackson Coan,194335,WR,ST ANSELM,1,16.0,0,399,51.4,,61.6,0,0,0,0.0,0.0,,0,0,0,8,0,0,0,50,0,42,0,0,8,0
Fatoma Paulk,195907,TE,ED WATERS,1,47.1,0,372,44.6,,38.6,0,0,0,0.0,0.0,,1,0,0,8,0,0,0,17,0,9,0,0,8,14
Xavier Belton,207123,WR,BOWIE ST,1,47.1,0,365,72.9,,58.6,0,0,0,0.0,0.0,,0,0,0,8,0,0,0,17,0,9,0,0,8,0
Sean Allen,148030,HB,NTH CENT,1,41.2,0,1022,47.7,48.4,59.8,0,1,4,50.0,50.0,87.5,1,1,0,7,0,0,0,17,4,8,0,0,3,0
Chad Elzy Jr,210621,HB,KY STATE,1,21.9,0,378,76.5,24.8,59.0,0,0,3,20.0,25.0,100.0,0,0,0,7,0,0,0,32,4,16,0,0,3,0
Anthony Mix,210766,QB,MILES,1,63.6,0,386,58.3,,60.0,0,0,0,0.0,0.0,,0,0,0,7,0,0,0,11,0,1,0,0,7,0
Brock Eaton,212744,G,JOHNCA,1,100.0,0,926,57.6,,57.3,0,0,0,,,,0,0,0,7,0,0,7,7,0,0,0,0,7,0
Arik Gilbert,124096,TE,SVANNAH ST,1,20.0,0,286,72.3,68.8,45.0,0,0,3,9.7,9.7,100.0,0,0,0,7,0,0,0,35,3,31,0,0,4,16
Erick Gonzalez Bejar,193907,WR,W OREGON,1,28.0,0,411,68.8,,59.7,0,0,0,0.0,0.0,,0,0,0,7,0,0,0,25,0,17,0,0,7,0
Reid Dobash,193898,G,W OREGON,1,100.0,0,411,60.9,75.4,59.5,0,0,4,100.0,100.0,100.0,0,0,0,7,0,7,0,7,4,4,0,0,3,0
Reginald Johnson,193839,HB,WEBINT,1,30.4,0,1246,62.2,71.3,68.0,0,0,2,20.0,16.7,100.0,0,0,0,7,0,0,0,23,2,12,0,0,5,0
Luca Rumberg,212921,TE,KENYON,1,63.6,0,1545,55.9,,57.6,0,0,0,0.0,0.0,,0,0,0,7,0,0,0,11,0,4,0,0,7,8
Malakhi Darby,212359,TE,WCU,1,63.6,0,1535,58.0,72.7,57.2,0,0,1,25.0,25.0,100.0,0,0,0,7,0,0,0,11,1,4,0,0,6,6
Edward Smith,160217,WR,LANECOL,1,63.6,0,942,56.4,,60.1,0,0,0,0.0,0.0,,0,0,0,7,0,0,0,11,0,4,0,0,7,0
Donnie Smith,210870,QB,NORTHEA ST,1,14.0,0,1030,60.5,,60.0,0,0,0,0.0,0.0,,0,0,0,7,0,0,0,50,0,43,0,0,7,0
Omarion Dumas,209186,WR,SRSU,2,43.8,0,1133,53.5,,49.3,0,0,0,0.0,0.0,,0,0,0,7,0,0,0,16,0,9,0,0,7,0
Nico Lukkarinen,210937,HB,NMiU,1,50.0,0,1031,59.5,73.5,59.1,0,0,2,100.0,100.0,100.0,0,0,0,7,0,0,0,14,3,3,0,0,4,0
Wesley Rickwood,213186,T,WYNESBRG,1,100.0,0,1175,56.6,26.7,60.0,0,1,6,100.0,100.0,91.7,0,1,0,7,0,0,0,7,6,6,7,0,1,0
Thomas Schiavoni,193499,WR,WCST,1,46.7,0,1537,54.9,64.4,60.6,0,0,1,11.1,11.1,100.0,0,0,0,7,0,0,0,15,1,9,0,0,6,0
Brian Williams,213241,WR,WITNBRG,1,31.8,0,1216,54.6,,60.6,0,0,0,0.0,0.0,,0,0,0,7,0,0,0,22,0,15,0,0,7,0
Peyton Johnson,209123,TE,THMORE,1,77.8,0,1296,52.4,67.9,52.6,0,0,1,33.3,33.3,100.0,0,0,0,7,0,0,0,9,1,3,0,0,6,8
Bynton Edge,211072,WR,SVANNAH ST,1,77.8,0,286,57.9,,60.6,0,0,0,0.0,0.0,,0,0,0,7,0,0,0,9,0,2,0,0,7,0
Andrew Huntsberger,213182,T,WYNESBRG,1,100.0,0,1175,60.7,63.7,60.0,1,0,6,100.0,100.0,91.7,0,1,0,7,0,0,7,7,6,6,0,0,1,0
Zach Shapiro,212853,TE,JHN HOP,1,35.0,0,1543,62.3,69.3,59.2,0,0,3,18.8,18.8,100.0,0,0,0,7,0,0,0,20,3,16,0,0,4,10
Nathan Gardner,207908,TE,MHMRTI,1,100.0,0,999,53.9,,54.5,0,0,0,,,,0,0,0,7,0,0,0,7,0,0,0,0,7,7
Christian Hubbard,181354,C,SVANNAH ST,1,100.0,0,286,56.2,71.3,55.4,0,0,2,100.0,100.0,100.0,0,0,0,7,0,0,0,7,2,2,7,0,5,0
Ja'Khael Rowser,196817,HB,TUSKEGEE,1,31.8,0,405,55.2,,56.8,0,0,0,0.0,0.0,,0,0,0,7,0,0,0,22,0,11,0,0,7,0
Richard Tyous,205890,WR,ARKBC,1,28.0,0,1515,46.5,,55.6,0,0,0,0.0,0.0,,0,0,0,7,0,0,0,25,0,18,0,0,7,0
Shaun Thomas,144239,HB,MT UNION,1,30.4,0,1006,51.3,29.7,57.5,0,0,1,9.1,9.1,100.0,0,0,0,7,0,0,0,23,1,11,0,0,6,0
Andrew Hunter,212632,QB,BERRY VIK,1,20.6,0,1547,63.8,,60.0,0,0,0,0.0,0.0,,0,0,0,7,0,0,0,34,0,22,0,0,7,0
Eli Warrington,212631,WR,BERRY VIK,1,38.9,0,1547,63.8,,61.2,0,0,0,0.0,0.0,,0,0,0,7,0,0,0,18,0,11,0,0,7,0
Vincent Ordenes,211529,WR,VIRSTA,1,18.4,0,1164,47.9,,59.4,0,0,0,0.0,0.0,,0,0,0,7,0,0,0,38,0,31,0,0,7,0
Nick Damato,211550,TE,WARNER,1,77.8,0,407,57.0,64.4,59.2,0,0,1,33.3,33.3,100.0,0,0,0,7,0,0,0,9,1,3,0,0,6,9
Griffin Johnson,213321,TE,RAND MACON,1,100.0,0,1546,59.8,67.6,57.8,0,0,2,100.0,100.0,100.0,0,0,0,7,0,0,0,7,2,2,0,0,5,6
Jeremiah Jones,199435,CB,WITNBRG,1,38.9,0,1216,66.3,,60.7,0,0,0,0.0,0.0,,0,0,0,7,0,0,0,18,0,10,0,0,7,0
Brendan Gray,212624,WR,BERRY VIK,1,23.3,0,1547,58.9,,74.9,0,0,0,0.0,0.0,,0,0,0,7,0,0,0,30,0,23,0,0,7,0
DJ Saunders,211609,WR,WARNER,1,43.8,0,407,55.4,,60.1,0,0,0,0.0,0.0,,0,0,0,7,0,0,0,16,0,9,0,0,7,0
Giovanni Cipoletti,213144,TE,WYNESBRG,1,53.8,0,1175,65.9,68.1,48.2,0,0,2,25.0,25.0,100.0,0,0,0,7,0,0,0,13,2,8,0,0,5,12
Mitrend Curry,207573,WR,GC,1,18.9,0,1533,63.6,,60.7,0,0,0,0.0,0.0,,0,0,0,7,0,0,0,37,0,30,0,0,7,0
Weston Winchester,213159,T,WYNESBRG,1,100.0,0,1175,61.8,78.6,60.0,0,0,6,100.0,100.0,100.0,0,0,0,7,0,7,0,7,6,6,0,0,1,0
Noah Rhodes,197688,WR,MHMRTI,1,41.2,0,999,56.3,,60.3,0,0,0,0.0,0.0,,0,0,0,7,0,0,0,17,0,10,0,0,7,0
Torrence Bardell,141753,QB,KY STATE,1,41.2,0,378,65.9,,60.0,0,0,0,0.0,0.0,,1,0,0,7,0,0,0,17,0,7,0,0,7,0
Azari Brown,197689,WR,MHMRTI,1,41.2,0,999,71.2,,59.6,0,0,0,0.0,0.0,,0,0,0,7,0,0,0,17,0,10,0,0,7,0
Logan Hughes,197537,G,ARKBC,1,100.0,0,1515,55.7,78.6,56.7,0,0,5,100.0,100.0,100.0,0,0,0,7,0,6,0,7,5,5,1,0,2,0
Khalil Hazelwood,179838,TE,VIRSTA,1,63.6,0,1164,47.1,64.9,48.9,0,0,1,25.0,20.0,100.0,1,0,0,7,0,0,0,11,1,5,0,0,6,8
Tamarion LaFortune,212178,WR,WCST,1,33.3,0,1537,63.3,,61.0,0,0,0,0.0,0.0,,0,0,0,7,0,0,0,21,0,14,0,0,7,0
Jayden Vega,206902,TE,AMRINT,1,77.8,0,737,53.9,65.1,55.7,0,0,1,33.3,33.3,100.0,0,0,0,7,0,0,0,9,1,3,0,0,6,9
Luke Hudson,213202,QB,WYNESBRG,1,31.8,0,1175,74.6,,60.0,0,0,0,0.0,0.0,,0,0,0,7,0,0,0,22,0,15,0,0,7,0
Aljhanod Thomas,167231,HB,ALBANY ST,1,22.2,0,360,73.1,77.4,,0,0,6,37.5,33.3,100.0,0,0,0,6,0,0,0,27,6,18,0,0,0,0
Kaleb Commings,182342,WR,ALU,1,15.8,0,735,60.8,,60.8,0,0,0,0.0,0.0,,0,0,0,6,0,0,0,38,0,32,0,0,6,0
Damian Snell,212899,HB,KENYON,1,37.5,0,1545,55.6,,59.3,0,0,0,0.0,0.0,,0,0,0,6,0,0,0,16,0,10,0,0,6,0
Careal Carter,193815,S,WEBINT,1,42.9,0,1246,62.4,,57.9,0,0,0,0.0,0.0,,1,0,0,6,0,0,0,14,0,4,0,0,6,0
John Fitzmaurice,212260,WR,WCST,1,35.3,0,1537,71.6,,60.7,0,0,0,0.0,0.0,,0,0,0,6,0,0,0,17,0,11,0,0,6,0
Cason Shaw,212111,TE,ERSKIN,1,100.0,0,1526,58.6,65.1,58.0,0,0,1,100.0,100.0,100.0,0,0,0,6,0,0,0,6,1,1,0,0,5,6
Jermaine Land,166242,HB,W OREGON,1,30.0,0,411,62.4,75.3,59.8,0,0,3,25.0,28.6,100.0,0,0,0,6,0,0,0,20,4,14,0,0,2,0
Telly Edouard,206940,HB,Bent,1,19.4,0,1238,60.6,79.6,59.5,0,0,3,13.6,17.4,100.0,0,0,0,6,0,0,0,31,4,23,0,0,2,0
Amari Derby,196915,WR,LINCOK,3,24.0,0,1452,41.3,70.0,59.8,0,0,1,5.3,5.0,100.0,0,0,0,6,0,0,0,25,1,20,0,0,5,0
Isaiah Pena,209217,WR,SRSU,1,42.9,0,1133,57.1,,60.2,0,0,0,0.0,0.0,,0,0,0,6,0,0,0,14,0,8,0,0,6,0
Jaidin Haynes,194349,HB,ST ANSELM,1,12.2,0,399,63.3,,60.3,0,0,0,0.0,0.0,,0,0,0,6,0,0,0,49,0,41,0,0,6,0
Colby Sikes,212630,HB,BERRY VIK,1,25.0,0,1547,63.9,73.8,58.7,0,0,3,15.8,15.8,100.0,0,0,0,6,0,0,0,24,3,19,0,0,3,0
Devon Cooper,196785,WR,TUSKEGEE,2,21.4,0,405,69.2,,60.2,0,0,0,0.0,0.0,,0,0,0,6,0,0,0,28,0,22,0,0,6,0
Quasim Benson,212140,HB,WCST,1,37.5,0,1537,77.6,79.7,59.8,0,0,4,50.0,50.0,100.0,0,0,0,6,0,0,0,16,4,8,0,0,2,0
Corey Petty,168546,WR,ALBANY ST,1,50.0,0,360,76.3,,59.7,0,0,0,0.0,0.0,,0,0,0,6,0,0,0,12,0,6,0,0,6,0
Amarion Grant,207416,HB,ED WATERS,1,31.6,0,372,62.1,77.1,60.0,0,0,2,18.2,30.8,100.0,0,0,0,6,0,0,0,19,4,13,0,0,2,0
Michael Townsend,160226,WR,ALU,1,18.2,0,735,57.1,,59.9,0,0,0,0.0,0.0,,0,0,0,6,0,0,0,33,0,27,0,0,6,0
Jeremiah Frayser,193707,T,MILES,1,100.0,0,386,56.9,69.9,55.6,0,0,1,100.0,100.0,100.0,0,0,0,6,0,0,6,6,1,1,0,0,5,0
Stephen Morrison,205886,G,ARKBC,1,100.0,0,1515,64.9,67.3,64.4,0,0,1,100.0,100.0,100.0,0,0,0,6,0,3,0,6,1,1,3,0,5,0
John Christian,196119,HB,LANECOL,1,35.3,0,942,64.4,25.1,58.1,0,0,2,33.3,28.6,50.0,0,1,1,6,0,0,0,17,2,7,0,0,4,0
Connor Dietz,206824,QB,AMRINT,1,18.8,0,737,60.6,,60.0,0,0,0,0.0,0.0,,1,0,0,6,0,0,0,32,0,17,0,0,6,0
Kameron Hines,212353,WR,WCU,1,54.5,0,1535,56.5,,59.9,0,0,0,0.0,0.0,,0,0,0,6,0,0,0,11,0,5,0,0,6,0
Jayden Lamar,193717,C,MILES,1,100.0,0,386,64.4,69.1,64.3,0,0,1,100.0,100.0,100.0,0,0,0,6,6,0,0,6,1,1,0,0,5,0
Cooper Cadorette,193813,TE,WEBINT,1,100.0,0,1246,55.6,68.3,54.7,0,0,1,100.0,100.0,100.0,0,0,0,6,0,0,0,6,1,1,0,0,5,6
Kevin Taylor,180333,QB,BOWIE ST,1,18.8,0,365,57.6,,60.0,0,0,0,0.0,0.0,,1,0,0,6,0,0,0,32,0,24,0,0,6,0
Demetrick Welch Jr.,209172,HB,THMORE,2,26.1,0,1296,57.3,73.8,60.0,0,0,5,35.7,35.7,100.0,0,0,0,6,0,0,0,23,5,14,0,0,1,0
Carlos Smith,180332,WR,BOWIE ST,1,18.8,0,365,56.3,,53.7,0,0,0,0.0,0.0,,1,0,0,6,0,0,0,32,0,26,0,0,6,0
Donovan McNeal,212992,HB,NTH CENT,1,20.0,0,1022,81.1,80.0,60.0,0,0,5,45.5,45.5,100.0,0,0,0,6,0,0,0,30,5,11,0,0,1,0
Marquette Martin,211269,WR,TXWSLY,1,54.5,0,1457,54.9,,59.9,0,0,0,0.0,0.0,,0,0,0,6,0,0,0,11,0,5,0,0,6,0
David Gardner Jr.,211073,HB,SVANNAH ST,1,24.0,0,286,56.7,52.1,60.0,0,0,5,27.8,27.8,100.0,0,0,0,6,0,0,0,25,5,18,0,0,1,0
Jaylon Tucker,211133,WR,SOCTOW,1,27.3,1,1107,57.0,,31.4,0,0,0,0.0,0.0,,2,0,0,6,0,0,0,22,0,16,0,0,6,0
Josh Brown,212109,WR,ERSKIN,1,75.0,0,1526,58.0,,60.0,0,0,0,0.0,0.0,,0,0,0,6,0,0,0,8,0,2,0,0,6,0
Jalen Henderson,212064,S,LINCOK,3,11.3,0,1452,65.5,,60.2,0,0,0,0.0,0.0,,1,0,0,6,0,0,0,53,0,47,0,0,6,0
Brady Haddad,212760,WR,JOHNCA,2,100.0,0,926,60.6,,60.9,0,0,0,,,,0,0,0,6,0,0,0,6,0,0,0,0,6,0
Javi Quimba,212782,HB,JOHNCA,6,20.0,0,926,72.9,,71.1,0,0,0,0.0,0.0,,0,0,0,6,0,0,0,30,0,7,0,0,6,0
Miles Thomas,169537,WR,KYCRST,1,21.4,0,1474,59.9,,60.8,0,0,0,0.0,0.0,,1,0,0,6,0,0,0,28,0,22,0,0,6,0
Colton Lee,213175,WR,WYNESBRG,1,33.3,0,1175,63.0,,59.2,0,0,0,0.0,0.0,,0,0,0,5,0,0,0,15,0,10,0,0,5,0
Sky Forest,101055,QB,LANECOL,1,50.0,0,942,53.6,,60.0,0,0,0,0.0,0.0,,0,0,0,5,0,0,0,10,0,5,0,0,5,0
Ronnie Schneider,211304,WR,TXWSLY,1,35.7,0,1457,81.1,,59.3,0,0,0,0.0,0.0,,0,0,0,5,0,0,0,14,0,9,0,0,5,0
Corey Pendergrass,178907,WR,MHMRTI,1,26.3,0,999,62.3,,59.0,0,0,0,0.0,0.0,,0,0,0,5,0,0,0,19,0,14,0,0,5,0
Tiant Wyche,210487,HB,ALBANY ST,1,18.5,0,360,63.3,76.2,,0,0,4,23.5,26.3,100.0,0,0,0,5,0,0,0,27,5,19,0,0,0,0
Anastacio Prado,196995,WR,LINCOK,1,17.2,0,1452,46.3,19.9,56.8,0,0,2,7.7,7.7,100.0,0,0,0,5,0,0,0,29,2,26,0,0,3,0
Caleb Christensen,193566,QB,CENT WASH,1,55.6,0,367,76.7,,60.0,0,0,0,0.0,0.0,,0,0,0,5,0,0,0,9,0,4,0,0,5,0
Christian Ross,212329,WR,WCU,1,31.3,0,1535,55.1,,60.0,0,0,0,0.0,0.0,,0,0,0,5,0,0,0,16,0,11,0,0,5,0
Cole Hunt,179266,WR,CENT WASH,1,100.0,0,367,59.7,,59.1,0,0,0,,,,0,0,0,5,0,0,0,5,0,0,0,0,5,0
Jayden Floyd,210243,TE,WEBINT,1,83.3,0,1246,77.3,,55.4,0,0,0,0.0,0.0,,0,0,0,5,0,0,0,6,0,1,0,0,5,3
Cameron Coleman,212604,WR,BERRY VIK,1,26.3,0,1547,62.1,,59.4,0,0,0,0.0,0.0,,1,0,0,5,0,0,0,19,0,14,0,0,5,0
Christopher Adegunle,210973,WR,PACENY,1,17.2,0,1536,53.1,,60.3,0,0,0,0.0,0.0,,0,0,0,5,0,0,0,29,0,24,0,0,5,1
Vince Martin,210940,HB,NMiU,1,62.5,0,1031,60.8,,67.5,0,0,0,,,,0,0,0,5,0,0,0,8,0,0,0,0,5,0
Nate Lyons,212613,WR,BERRY VIK,1,17.2,0,1547,68.6,,57.9,0,0,0,0.0,0.0,,0,0,0,5,0,0,0,29,0,24,0,0,5,0
Ryan Van Rokel,212024,WR,SRSU,1,71.4,0,1133,58.4,,60.4,0,0,0,0.0,0.0,,0,0,0,5,0,0,0,7,0,2,0,0,5,0
Judah Moore,211590,WR,WARNER,1,26.3,0,407,53.9,,60.5,0,0,0,0.0,0.0,,0,0,0,5,0,0,0,19,0,14,0,0,5,0
Jeffrey Kimochu,182405,TE,TUSKEGEE,2,62.5,0,405,55.8,12.7,71.7,0,0,2,50.0,40.0,100.0,0,0,0,5,0,0,0,8,2,5,0,0,3,4
Nazsir Oglesby,167263,HB,LINCOLN,1,35.7,0,380,60.3,24.7,,0,1,5,50.0,50.0,90.0,0,1,0,5,0,0,0,14,5,10,0,0,0,0
Braylon Fowler,196715,TE,SVANNAH ST,1,18.5,0,286,65.3,,68.1,0,0,0,0.0,0.0,,0,0,0,5,0,0,0,27,0,22,0,0,5,18
Jonathan Jordan,212063,CB,LINCOK,1,31.3,1,1452,52.5,28.2,,0,0,5,35.7,35.7,80.0,3,1,1,5,0,0,0,16,5,14,0,0,0,0
Jayden Smith,170658,G,NORTHEA ST,1,100.0,0,1030,61.7,78.0,,0,0,5,100.0,100.0,100.0,0,0,0,5,0,5,0,5,5,5,0,0,0,0
Micah Robinson,180327,HB,BOWIE ST,1,13.2,0,365,61.4,53.1,60.0,0,1,3,12.5,15.4,83.3,0,1,0,5,0,0,0,38,4,26,0,0,1,0
Jonathan Arnett,213200,TE,WYNESBRG,1,83.3,0,1175,57.4,67.4,59.1,0,0,1,50.0,50.0,100.0,0,0,0,5,0,0,0,6,1,2,0,0,4,5
Cam Woods,210884,TE,NORTHEA ST,1,10.6,0,1030,73.7,,71.8,0,0,0,0.0,0.0,,1,0,0,5,0,0,0,47,0,42,0,0,5,14
Zachary Johnson,213189,WR,WYNESBRG,1,33.3,0,1175,56.3,,60.3,0,0,0,0.0,0.0,,0,0,0,5,0,0,0,15,0,10,0,0,5,0
Alex Moore,212780,QB,JOHNCA,1,100.0,0,926,60.0,,60.0,0,0,0,,,,0,0,0,5,0,0,0,5,0,0,0,0,5,0
Guensley Louis,180264,WR,AMRINT,1,35.7,0,737,54.7,,54.3,0,0,0,0.0,0.0,,0,0,0,5,0,0,0,14,0,9,0,0,5,0
Aeneas Stailey,212919,QB,KENYON,1,50.0,0,1545,28.3,,60.0,0,0,0,0.0,0.0,,0,0,0,5,0,0,0,10,0,3,0,0,5,0
Jake Hughes,213035,LB,OBERLIN,1,17.9,0,1544,48.7,77.2,,0,0,5,23.8,23.8,100.0,0,0,0,5,0,0,0,28,5,21,0,0,0,0
Malachi Butler,210794,TE,NORTHEA ST,1,29.4,0,1030,59.3,,86.7,0,0,0,0.0,0.0,,0,0,0,5,0,0,0,17,0,12,0,0,5,8
Jack McDaniels,212771,WR,JOHNCA,1,83.3,0,926,57.9,,59.1,0,0,0,0.0,0.0,,0,0,0,5,0,0,0,6,0,1,0,0,5,0
Drew Forkner,194346,QB,ST ANSELM,1,13.2,0,399,54.2,,60.0,0,0,0,0.0,0.0,,1,0,0,5,0,0,0,38,0,33,0,0,5,0
Lawrence Nalls III,178922,G,MHMRTI,1,100.0,0,999,52.6,70.9,52.2,0,0,1,100.0,100.0,100.0,0,0,0,5,0,2,0,5,1,1,3,0,4,0
Quincey Ryker,207257,HB,CHADST,1,13.9,0,809,66.0,29.9,60.0,0,0,4,20.0,19.0,100.0,0,0,0,5,0,0,0,36,4,21,0,0,1,0
Elliott Parker,197678,C,MHMRTI,1,100.0,0,999,59.7,68.0,59.2,0,0,1,100.0,100.0,100.0,0,0,0,5,5,0,0,5,1,1,0,0,4,0
Jaheim Hudson,213208,HB,WITNBRG,1,45.5,0,1216,58.3,74.6,59.6,0,0,2,33.3,42.9,100.0,0,0,0,5,0,0,0,11,3,7,0,0,2,0
George Rogers,211605,HB,WARNER,1,31.3,0,407,61.5,79.2,,0,0,5,38.5,38.5,100.0,0,0,0,5,0,0,0,16,5,13,0,0,0,0
Jackson Ritter,194383,T,ST ANSELM,1,45.5,0,399,61.7,64.5,46.1,0,0,1,16.7,14.3,100.0,0,0,0,5,0,0,0,11,1,7,0,1,4,9
Breylon Boyd,193954,QB,ERSKIN,1,62.5,0,1526,48.5,,60.0,0,0,0,0.0,0.0,,0,0,0,5,0,0,0,8,0,3,0,0,5,0
David Kasey,211788,WR,Ferr,1,71.4,0,869,60.4,,60.3,0,0,0,0.0,0.0,,0,0,0,5,0,0,0,7,0,2,0,0,5,0
Nick Witte,213125,WR,WABASH,1,20.0,0,1167,75.3,,59.8,0,0,0,0.0,0.0,,0,0,0,5,0,0,0,25,0,20,0,0,5,0
Michael Ethapemi,212388,G,BOWIE ST,1,100.0,0,365,60.7,74.5,59.8,0,0,2,100.0,100.0,100.0,0,0,0,5,0,0,0,5,2,2,5,0,3,0
Blaik Nation,195551,HB,HA,1,26.3,0,1528,65.0,60.1,,0,1,5,31.3,31.3,90.0,0,1,0,5,0,0,0,19,5,16,0,0,0,0
Tony Roberson,211292,HB,TXWSLY,1,33.3,0,1457,71.9,78.2,59.6,0,0,3,33.3,33.3,100.0,0,0,0,5,0,0,0,15,3,9,0,0,2,0
Quinn Parks,211811,WR,Ferr,1,45.5,0,869,56.2,,60.2,0,0,0,0.0,0.0,,0,0,0,5,0,0,0,11,0,6,0,0,5,0
Gavin Nash,179289,WR,CENT WASH,1,55.6,0,367,56.5,,59.6,0,0,0,0.0,0.0,,0,0,0,5,0,0,0,9,0,4,0,0,5,0
Myles Walton,213324,WR,NTH CENT,1,100.0,0,1022,60.3,,60.5,0,0,0,,,,0,0,0,5,0,0,0,5,0,0,0,0,5,0
Trevor Milliken,194039,WR,ERSKIN,1,71.4,0,1526,58.0,,60.3,0,0,0,0.0,0.0,,0,0,0,5,0,0,0,7,0,2,0,0,5,0
Nolan Glaus,211374,G,TRSU,1,100.0,0,1147,58.2,31.3,59.7,0,0,3,100.0,100.0,100.0,0,0,0,5,0,0,0,5,3,3,5,0,2,0
Noah Copeland,211363,WR,TRSU,1,62.5,0,1147,61.0,,74.9,0,0,0,0.0,0.0,,0,0,0,5,0,0,0,8,0,3,0,0,5,1
Kyjuan Westmoreland,207670,HB,GC,1,29.4,0,1533,62.4,33.5,59.6,0,0,1,10.0,18.2,100.0,0,0,0,5,0,0,0,17,2,11,0,0,3,0
Jalen Kent,211389,WR,TRSU,1,18.5,0,1147,58.6,,60.8,0,0,0,0.0,0.0,,0,0,0,5,0,0,0,27,0,22,0,0,5,0
Logan Coldren,187652,HB,ERSKIN,1,22.7,0,1526,60.5,51.6,60.0,0,0,2,22.2,36.4,100.0,0,0,0,5,0,0,0,22,4,11,0,0,1,0
Jackson Overton,211405,WR,TRSU,1,31.3,0,1147,64.0,,60.8,0,0,0,0.0,0.0,,0,0,0,5,0,0,0,16,0,11,0,0,5,0
Kylan Simmons,194077,HB,ERSKIN,1,25.0,0,1526,61.8,79.0,,0,0,5,50.0,50.0,100.0,0,0,0,5,0,0,0,20,5,10,0,0,0,0
Justice Williams,195672,WR,LINCOLN,1,18.5,0,380,53.3,,60.6,0,0,0,0.0,0.0,,0,0,0,5,0,0,0,27,0,22,0,0,5,0
Lachlin Acker,210886,TE,NMiU,1,80.0,0,1031,51.1,,47.5,0,0,0,0.0,0.0,,0,0,0,4,0,0,0,5,0,1,0,0,4,3
Jovari Gamble,165181,HB,KYCRST,1,16.0,0,1474,68.9,73.9,41.6,0,0,2,12.5,12.5,100.0,0,0,0,4,0,0,0,25,2,16,0,0,2,0
Cory Butler,211547,WR,WARNER,1,40.0,0,407,55.9,,60.0,0,0,0,0.0,0.0,,0,0,0,4,0,0,0,10,0,6,0,0,4,0
Darius Washington,210211,WR,LOUCHR,1,26.7,0,958,71.0,,58.6,0,0,0,0.0,0.0,,0,0,0,4,0,0,0,15,0,11,0,0,4,0
Kamalie Pemberton,174554,HB,THMORE,1,28.6,0,1296,58.0,74.5,60.0,0,0,3,60.0,60.0,100.0,0,0,0,4,0,0,0,14,3,5,0,0,1,0
Isaiah Bragg,159156,WR,SOCTOW,1,80.0,0,1107,58.5,,60.5,0,0,0,0.0,0.0,,0,0,0,4,0,0,0,5,0,1,0,0,4,0
Jameil Patrick,211597,WR,WARNER,1,22.2,0,407,75.6,,60.0,0,0,0,0.0,0.0,,0,0,0,4,0,0,0,18,0,13,0,0,4,0
Tobijah Semper,210279,WR,WEBINT,1,30.8,0,1246,59.9,,60.1,0,0,0,0.0,0.0,,0,0,0,4,0,0,0,13,0,7,0,0,4,0
Michael Ryan,211606,QB,WARNER,1,16.0,0,407,59.0,,60.0,0,0,0,0.0,0.0,,0,0,0,4,0,0,0,25,0,20,0,0,4,0
Jaylen Johnson,212752,HB,JOHNCA,3,20.0,0,926,67.6,22.5,58.8,0,0,1,50.0,50.0,100.0,0,0,0,4,0,0,0,20,1,2,0,0,3,0
Tavion Rupert,182195,HB,ARKBC,1,16.0,0,1515,54.8,75.2,60.0,0,0,3,17.6,17.6,100.0,0,0,0,4,0,0,0,25,3,17,0,0,1,0
Michael Pedro,194052,TE,ERSKIN,1,100.0,0,1526,46.5,,47.0,0,0,0,,,,0,0,0,4,0,0,0,4,0,0,0,0,4,4
Karee Dykes,207579,HB,GC,1,16.7,0,1533,62.8,75.2,60.0,0,0,2,11.8,11.1,100.0,0,0,0,4,0,0,0,24,2,18,0,0,2,0
Ben Bellamy,182455,WR,VA LYNCHBU,1,57.1,0,406,57.9,,60.4,0,0,0,0.0,0.0,,0,0,0,4,0,0,0,7,0,3,0,0,4,0
Jae'Vian Carr,207564,WR,GC,1,17.4,0,1533,65.2,63.1,39.2,0,0,1,5.6,5.6,100.0,0,0,0,4,0,0,0,23,1,18,0,0,3,0
Mike Kinik,211118,QB,SOCTOW,1,100.0,0,1107,60.0,,60.0,0,0,0,,,,0,0,0,4,0,0,0,4,0,0,0,0,4,0
Xavion Butler,184312,WR,LOUCHR,1,33.3,0,958,66.7,,60.1,0,0,0,0.0,0.0,,0,0,0,4,0,0,0,12,0,8,0,0,4,0
Tristan Guckenberger,209115,FB,THMORE,1,100.0,0,1296,56.4,,55.3,0,0,0,,,,0,0,0,4,0,0,0,4,0,0,0,0,4,0
Peyton Luke,207428,C,ED WATERS,1,100.0,0,372,60.1,74.2,60.0,0,0,3,100.0,100.0,100.0,0,0,0,4,4,0,0,4,3,3,0,0,1,0
Marcel Holyfield,187326,WR,WLU,1,36.4,0,1178,54.1,,58.9,0,0,0,0.0,0.0,,0,0,0,4,0,0,0,11,0,7,0,0,4,0
Vladimir Joacin Jr.,211784,HB,Ferr,1,66.7,0,869,62.8,67.7,59.1,0,0,1,100.0,100.0,100.0,0,0,0,4,0,0,0,6,1,1,0,0,3,0
Michael Wines,213164,WR,WYNESBRG,1,30.8,0,1175,52.9,,59.6,0,0,0,0.0,0.0,,0,0,0,4,0,0,0,13,0,9,0,0,4,0
CJ Cooper II,213045,WR,OBERLIN,1,22.2,0,1544,41.5,,37.4,0,0,0,0.0,0.0,,0,0,0,4,0,0,0,18,0,14,0,0,4,0
Lukas Kasko,180254,QB,AMRINT,1,80.0,0,737,54.7,,60.0,0,0,0,0.0,0.0,,0,0,0,4,0,0,0,5,0,1,0,0,4,0
Christian Arnett,167873,G,LOUCHR,1,100.0,0,958,60.8,75.7,60.0,0,0,2,100.0,100.0,100.0,0,0,0,4,0,0,0,4,3,3,3,0,1,1
Deven Arthur,180217,TE,AMRINT,1,36.4,0,737,74.9,,68.7,0,0,0,0.0,0.0,,0,0,0,4,0,0,0,11,0,7,0,0,4,7
Donovan Beauvoir,210986,WR,PACENY,1,36.4,0,1536,54.0,,59.6,0,0,0,0.0,0.0,,0,0,0,4,0,0,0,11,0,7,0,0,4,0
Aden Spence,213315,T,CLG OF WOO,1,100.0,0,1217,55.4,80.0,59.3,0,0,3,100.0,100.0,100.0,0,0,0,4,0,0,3,4,3,3,1,0,1,0
Kyree Scott,207137,TE,BOWIE ST,1,66.7,0,365,57.8,70.8,59.0,0,0,1,50.0,33.3,100.0,0,0,0,4,0,0,0,6,1,3,0,0,3,0
D'Markus Mathis,180065,HB,WEBINT,1,30.8,0,1246,65.8,25.6,59.1,0,0,1,16.7,16.7,100.0,0,0,0,4,0,0,0,13,1,6,0,0,3,0
Quin Schroeder,213060,WR,OHIO WES,1,13.8,0,1042,48.2,,38.9,0,0,0,0.0,0.0,,0,0,0,4,0,0,0,29,0,25,0,0,4,0
Bo Catherwood,148499,HB,AMRINT,1,17.4,0,737,67.0,67.5,59.4,0,0,1,11.1,11.1,100.0,0,0,0,4,0,0,0,23,1,9,0,0,3,0
Shamar Sutton,178289,WR,ELIZBTH ST,1,17.4,0,373,55.2,,60.0,0,0,0,0.0,0.0,,0,0,0,4,0,0,0,23,0,19,0,0,4,0
Unknown Lane 71,212464,G,LANECOL,1,100.0,0,942,60.3,68.2,60.0,0,0,1,100.0,100.0,100.0,0,0,0,4,0,0,0,4,1,1,4,0,3,0
Glawinson Resignac,197478,WR,WARNER,1,33.3,0,407,55.1,,60.3,0,0,0,0.0,0.0,,0,0,0,4,0,0,0,12,0,8,0,0,4,0
Ingram Battles,205905,HB,ARKBC,1,36.4,0,1515,57.5,73.4,60.0,0,0,2,66.7,66.7,100.0,0,0,0,4,0,0,0,11,2,3,0,0,2,0
Emmanuel Laracuente,174910,HB,ST ANSELM,1,15.4,0,399,51.9,74.6,58.9,0,0,2,10.0,10.0,100.0,0,0,0,4,0,0,0,26,2,20,0,0,2,0
Drew Morgan,212913,QB,KENYON,1,44.4,0,1545,55.0,,60.0,0,0,0,0.0,0.0,,0,0,0,4,0,0,0,9,0,5,0,0,4,0
Chase Cross,212070,WR,LINCOK,2,8.5,1,1452,63.8,,60.5,0,0,0,0.0,0.0,,1,0,0,4,0,0,0,47,0,42,0,0,4,0
Jacob Zarek,212071,S,LINCOK,2,100.0,0,1452,61.2,,61.5,0,0,0,,,,0,0,0,4,0,0,0,4,0,0,0,0,4,0
Caleb Smith,210471,T,ALBANY ST,1,100.0,0,360,60.9,72.8,60.2,0,0,1,100.0,100.0,100.0,0,0,0,4,0,0,0,4,1,1,0,4,3,0
Darshang Kines Jr.,197541,HB,ARKBC,1,57.1,0,1515,59.8,78.5,60.0,0,0,3,75.0,75.0,100.0,0,0,0,4,0,0,0,7,3,4,0,0,1,0
Jojo Hair,213279,WR,CLG OF WOO,1,26.7,0,1217,54.9,,54.3,0,0,0,0.0,0.0,,0,0,0,4,0,0,0,15,0,11,0,0,4,0
Jaden Hale,169097,WR,KY STATE,1,36.4,0,378,84.2,,60.1,0,0,0,0.0,0.0,,0,0,0,4,0,0,0,11,0,7,0,0,4,0
Carson Rodgers,153036,QB,TXWSLY,1,26.7,0,1457,84.2,,60.0,0,0,0,0.0,0.0,,0,0,0,4,0,0,0,15,0,11,0,0,4,0
Luke Snowbarger,213269,QB,CLG OF WOO,1,30.8,0,1217,43.2,,60.0,0,0,0,0.0,0.0,,0,0,0,4,0,0,0,13,0,9,0,0,4,0
Marcell Cutright,197697,HB,LANECOL,1,44.4,0,942,75.5,76.9,60.0,0,0,3,50.0,50.0,100.0,0,0,0,4,0,0,0,9,3,6,0,0,1,0
Jayden Jones,212185,T,WCST,1,100.0,0,1537,59.9,,59.6,0,0,0,,,,0,0,0,4,0,0,2,4,0,0,0,2,4,0
Josiah Flores,153337,ED,LINCOK,2,80.0,1,1452,60.1,,61.3,0,0,0,0.0,0.0,,2,0,0,4,0,0,0,5,0,1,0,0,4,3
Jayden Hagger,210201,T,LOUCHR,1,100.0,0,958,58.7,34.4,60.0,0,1,2,100.0,100.0,75.0,0,1,0,4,0,0,3,4,2,2,0,0,2,0
Cameron Sheppard,210714,QB,LANECOL,1,36.4,0,942,29.8,,60.0,0,0,0,0.0,0.0,,0,0,0,4,0,0,0,11,0,4,0,0,4,0
Dominic Hankins,152373,TE,W OREGON,1,66.7,0,411,46.2,,47.6,0,0,0,0.0,0.0,,0,0,0,4,0,0,0,6,0,2,0,0,4,6
Kamryn Holmes,212238,HB,WCST,1,33.3,0,1537,51.2,13.2,59.5,0,0,2,28.6,28.6,50.0,0,1,1,4,0,0,0,12,2,7,0,0,2,0
Rahim Johnson,210682,T,LANECOL,1,100.0,0,942,60.2,66.7,59.9,0,0,1,100.0,100.0,100.0,0,0,0,4,0,0,0,4,1,1,0,4,3,0
Jaquavius Weldon,207669,HB,GC,1,21.1,0,1533,43.2,3.4,,1,1,3,20.0,23.5,66.7,0,2,0,4,0,0,0,19,4,17,0,0,0,0
Max Fritz Archer,207873,T,MHMRTI,1,100.0,0,999,60.1,72.8,58.8,0,0,0,,100.0,,0,0,0,4,0,0,3,4,1,1,0,1,3,0
Renoldo Spivey Jr.,196819,HB,TUSKEGEE,1,21.1,0,405,64.4,77.0,60.0,0,0,3,27.3,27.3,100.0,0,0,0,4,0,0,0,19,3,11,0,0,1,0
Ryan Franklin,211438,WR,TUSKEGEE,2,57.1,0,405,72.6,,60.1,0,0,0,0.0,0.0,,0,0,0,4,0,0,0,7,0,3,0,0,4,0
Landon Medrano,213313,WR,CLG OF WOO,1,30.8,0,1217,53.6,,60.0,0,0,0,0.0,0.0,,0,0,0,4,0,0,0,13,0,9,0,0,4,0
Jacob Day,213013,K,OBERLIN,1,40.0,0,1544,56.8,,60.0,0,0,0,0.0,0.0,,0,0,0,4,0,0,0,10,0,6,0,0,4,0
Matt Kidd,207610,TE,GC,1,100.0,0,1533,60.0,,53.2,0,0,0,,,,0,0,0,4,0,0,0,4,0,0,0,0,4,0
Daryl Davis Jr.,212076,HB,LINCOK,2,6.3,0,1452,50.6,0.0,58.3,0,0,0,0.0,0.0,,0,0,0,3,0,0,0,48,0,34,0,0,3,0
Rondarius Gregory,97071,HB,LINCOLN,1,10.7,0,380,70.1,74.6,60.0,0,0,2,11.1,10.5,100.0,0,0,0,3,0,0,0,28,2,19,0,0,1,0
Devon Dorsey,130518,WR,ALBANY ST,1,60.0,0,360,56.8,,60.0,0,0,0,0.0,0.0,,0,0,0,3,0,0,0,5,0,2,0,0,3,0
Terayon Sweet,159713,HB,W OREGON,1,12.0,0,411,67.7,71.5,65.7,0,0,0,0.0,5.9,,0,0,0,3,0,0,0,25,1,17,0,0,2,1
Garrett Chancelor,167877,TE,LOUCHR,1,75.0,0,958,59.7,77.5,60.0,0,0,1,50.0,66.7,100.0,0,0,0,3,1,0,0,4,2,3,0,0,1,2
Josiah Love,177639,WR,THMORE,1,100.0,0,1296,60.0,,60.0,0,0,0,,,,0,0,0,3,0,0,0,3,0,0,0,0,3,0
Dorian Manuel,178969,HB,WEBINT,1,42.9,0,1246,51.9,,59.8,0,0,0,0.0,0.0,,0,0,0,3,0,0,0,7,0,1,0,0,3,0
Josh Kennebrew,180546,WR,THMORE,2,10.0,0,1296,53.7,,60.1,0,0,0,0.0,0.0,,0,0,0,3,0,0,0,30,0,27,0,0,3,0
Jonero Scott,182374,HB,MILES,2,13.0,0,386,64.8,72.6,59.7,0,0,1,7.1,6.7,100.0,0,0,0,3,0,0,0,23,1,15,0,0,2,0
Zina Mulbah,182412,HB,TUSKEGEE,2,15.0,0,405,76.3,67.5,60.0,0,0,1,10.0,8.3,100.0,0,0,0,3,0,0,0,20,1,12,0,0,2,0
Tyler Konold,193915,FB,W OREGON,1,100.0,0,411,64.6,71.8,67.2,0,0,1,100.0,100.0,100.0,0,0,0,3,0,0,0,3,1,1,0,0,2,0
Anthony Almeida,194322,HB,ST ANSELM,1,16.7,0,399,58.7,74.0,60.0,0,0,1,7.7,11.8,100.0,0,0,0,3,0,0,0,18,2,17,0,0,1,0
Ronan Noke,194370,QB,ST ANSELM,1,15.0,0,399,64.4,,60.0,0,0,0,0.0,0.0,,0,0,0,3,0,0,0,20,0,14,0,0,3,0
Ben Tilton,194392,HB,ST ANSELM,1,100.0,0,399,59.5,11.0,59.7,0,0,0,,100.0,,1,0,0,3,0,0,0,3,1,1,0,0,2,1
Spencer Jones,195528,TE,HA,1,100.0,0,1528,59.2,,58.8,0,0,0,,,,0,0,0,3,0,0,0,3,0,0,0,0,3,3
Dexter Baptistin,195608,HB,LINCOLN,1,75.0,0,380,58.3,,57.3,0,0,0,0.0,0.0,,0,0,0,3,0,0,0,4,0,1,0,0,3,0
Major Brice Walker,197684,WR,MHMRTI,1,100.0,0,999,60.0,,59.9,0,0,0,,,,0,0,0,3,0,0,0,3,0,0,0,0,3,0
Trey Spann,197761,WR,KY STATE,1,60.0,0,378,57.0,,60.1,0,0,0,0.0,0.0,,0,0,0,3,0,0,0,5,0,2,0,0,3,0
Jacory Walton,205927,WR,ARKBC,1,30.0,0,1515,54.1,,60.2,0,0,0,0.0,0.0,,0,0,0,3,0,0,0,10,0,7,0,0,3,0
Ronjai Francis,206835,HB,AMRINT,1,30.0,0,737,57.2,74.9,60.0,0,0,2,28.6,28.6,100.0,0,0,0,3,0,0,0,10,2,7,0,0,1,0
Maximus Jones,207129,HB,BOWIE ST,1,11.1,0,365,55.5,8.8,60.0,0,0,2,11.1,10.0,100.0,0,0,0,3,0,0,0,27,2,20,0,0,1,0
Challenger Valentine,207143,WR,BOWIE ST,1,13.6,0,365,53.5,,59.3,0,0,0,0.0,0.0,,0,0,0,3,0,0,0,22,0,19,0,0,3,0
Cedar Amiotte,207185,WR,CHADST,1,37.5,0,809,54.9,,59.7,0,0,0,0.0,0.0,,0,0,0,3,0,0,0,8,0,5,0,0,3,0
Jordan Bennett,207558,DI,GC,1,100.0,0,1533,59.7,,57.9,0,0,0,,,,0,0,0,3,0,0,0,3,0,0,0,0,3,0
Elijah Edwards,207580,S,GC,1,100.0,0,1533,60.0,,60.3,0,0,0,,,,0,0,0,3,0,0,0,3,0,0,0,0,3,0
Aaron Hanchey,207593,LB,GC,1,100.0,0,1533,60.1,,60.1,0,0,0,,,,0,0,0,3,0,0,0,3,0,0,0,0,3,0
Brian Hawkins,207595,TE,GC,1,100.0,0,1533,60.0,,60.0,0,0,0,,,,0,0,0,3,0,0,0,3,0,0,0,0,3,0
Deshawn Holman,207600,DI,GC,1,100.0,0,1533,60.1,,60.3,0,0,0,,,,0,0,0,3,0,0,0,3,0,0,0,0,3,0
Will Pailthorpe,207630,CB,GC,1,100.0,0,1533,60.0,,60.2,0,0,0,,,,0,0,0,3,0,0,0,3,0,0,0,0,3,0
Steven Sullivan,207659,G,GC,1,100.0,0,1533,60.0,0.0,,0,1,3,100.0,100.0,50.0,0,2,1,3,0,3,0,3,3,3,0,0,0,0
Tymorius Weldon,207750,T,ALU,1,100.0,0,735,60.0,,59.8,0,0,0,,,,0,0,0,3,0,0,0,3,0,0,0,3,3,0
Nick Woodford,207881,HB,MHMRTI,1,16.7,0,999,64.4,70.0,59.5,0,0,1,12.5,12.5,100.0,0,0,0,3,0,0,0,18,1,8,0,0,2,0
Kaiden Bell,207998,T,SVSU,1,100.0,0,1082,47.1,,46.4,0,0,0,,,,0,0,0,3,0,0,0,3,0,0,0,0,3,3
Aidan Brown,209092,WR,THMORE,2,60.0,0,1296,56.4,,60.0,0,0,0,0.0,0.0,,0,0,0,3,0,0,0,5,0,2,0,0,3,0
Logan Horne,209119,T,THMORE,1,100.0,0,1296,59.1,,58.4,0,0,0,,,,0,0,0,3,0,0,0,3,0,0,0,3,3,0
Nehemiah Simpson,209155,T,THMORE,1,100.0,0,1296,60.1,,60.2,0,0,0,,,,0,0,0,3,0,0,3,3,0,0,0,0,3,0
Jaterrius Johnson,210150,HB,LOUCHR,1,21.4,0,958,67.8,74.6,60.0,0,0,1,16.7,28.6,100.0,1,0,0,3,0,0,0,14,2,7,0,0,1,0
Ashontis Brooks Jr.,210153,HB,LOUCHR,1,37.5,0,958,62.1,35.1,,0,0,3,60.0,60.0,100.0,0,0,0,3,0,0,0,8,3,5,0,0,0,0
Kenneson Jefferson,210197,C,LOUCHR,1,100.0,0,958,60.0,72.4,60.0,0,0,2,100.0,100.0,100.0,0,0,0,3,3,0,0,3,2,2,0,0,1,0
Dylan Jackson,210198,T,LOUCHR,1,100.0,0,958,60.0,71.7,60.0,0,0,2,100.0,100.0,100.0,0,0,0,3,0,0,0,3,2,2,0,3,1,0
Jamarion Davis,210440,TE,ALBANY ST,1,42.9,0,360,55.1,67.5,60.0,0,0,2,50.0,33.3,100.0,0,0,0,3,0,0,0,7,2,6,0,0,1,6
Roderick McCrary,210462,HB,ALBANY ST,1,42.9,0,360,62.2,73.9,60.0,0,0,2,50.0,50.0,100.0,0,0,0,3,0,0,0,7,2,4,0,0,1,0
Damarion Collins,210661,HB,LANECOL,1,60.0,0,942,62.7,77.8,59.9,0,0,2,50.0,50.0,100.0,0,0,0,3,0,0,0,5,2,4,0,0,1,0
Jaleb Tupuola,210719,HB,LANECOL,1,33.3,0,942,60.4,,59.7,0,0,0,0.0,0.0,,0,0,0,3,0,0,0,9,0,3,0,0,3,0
Dereun Dortch,210810,QB,NORTHEA ST,1,17.6,0,1030,46.5,,60.0,0,0,0,0.0,0.0,,0,0,0,3,0,0,0,17,0,13,0,0,3,0
Cam Jackson,210837,WR,NORTHEA ST,1,15.0,0,1030,51.1,,60.1,0,0,0,0.0,0.0,,1,0,0,3,0,0,0,20,0,17,0,0,3,0
Josh Lambert,210841,LS,NORTHEA ST,1,100.0,0,1030,60.0,90.1,60.0,0,0,1,100.0,100.0,100.0,0,0,0,3,2,0,0,3,2,2,0,0,1,0
Kacie Riley,210862,HB,NORTHEA ST,1,16.7,0,1030,46.4,81.6,60.0,0,0,2,15.4,13.3,100.0,0,0,0,3,0,0,0,18,2,15,0,0,1,0
Ryan Rodriguez,211047,TE,PACENY,1,100.0,0,1536,58.3,,57.8,0,0,0,,,,0,0,0,3,0,0,1,3,0,0,0,0,3,2
Elijah Temple,211055,WR,PACENY,1,25.0,0,1536,65.3,,60.0,0,0,0,0.0,0.0,,0,0,0,3,0,0,0,12,0,9,0,0,3,0
Jack Butchko,211355,HB,TRSU,1,42.9,0,1147,62.2,67.5,60.0,0,0,1,33.3,33.3,100.0,0,0,0,3,0,0,0,7,1,3,0,0,2,0
TJ Mordecai,211527,HB,VIRSTA,1,23.1,0,1164,61.1,73.6,,0,0,3,37.5,33.3,100.0,0,0,0,3,0,0,0,13,3,9,0,0,0,0
Cameron Bennett,211544,HB,WARNER,1,30.0,0,407,64.4,32.6,60.0,1,0,2,40.0,40.0,75.0,0,1,0,3,0,0,0,10,2,5,0,0,1,0
Jahylen Lee,211794,HB,Ferr,1,23.1,0,869,39.1,71.8,60.0,0,0,1,14.3,25.0,100.0,0,0,0,3,0,0,0,13,2,8,0,0,1,1
Andre Staley,211899,HB,ELIZBTH ST,1,37.5,0,373,63.8,66.7,60.0,0,0,1,33.3,33.3,100.0,0,0,0,3,0,0,0,8,1,3,0,0,2,0
Dexter Ivey,211915,TE,ELIZBTH ST,1,75.0,0,373,57.6,,59.3,0,0,0,0.0,0.0,,0,0,0,3,0,0,0,4,0,1,0,0,3,4
Wardy Joubert,212073,LB,LINCOK,2,60.0,0,1452,77.9,,60.5,0,0,0,0.0,0.0,,0,0,0,3,0,0,0,5,0,2,0,0,3,0
Jeremiah Moore,212275,WR,W OREGON,1,42.9,0,411,55.9,,60.1,0,0,0,0.0,0.0,,0,0,0,3,0,0,0,7,0,4,0,0,3,0
Braedon Buchanan,212386,WR,BOWIE ST,1,42.9,0,365,56.3,,60.0,0,0,0,0.0,0.0,,0,0,0,3,0,0,0,7,0,4,0,0,3,0
Caden Winters,212651,C,DENISON,1,75.0,0,842,57.0,36.5,,0,1,3,75.0,75.0,83.3,0,1,0,3,0,0,0,4,3,4,0,0,0,2
Ty Pugliano,212844,HB,JHN HOP,1,27.3,0,1543,62.2,0.0,58.9,0,1,1,25.0,25.0,50.0,0,1,0,3,0,0,0,11,1,4,0,0,2,0
Will Livingston,212846,T,JHN HOP,1,100.0,0,1543,53.8,,53.5,0,0,0,,,,0,0,0,3,0,1,0,3,0,0,2,0,3,0
Lance Slone,213019,FB,OBERLIN,1,33.3,0,1544,55.4,73.2,60.0,0,0,2,33.3,33.3,100.0,0,0,0,3,0,0,0,9,2,6,0,0,1,0
Mysaun Sanders,213085,HB,OHIO WES,1,27.3,0,1042,60.1,75.6,,0,0,3,50.0,50.0,100.0,0,0,0,3,0,0,0,11,3,6,0,0,0,0
Cameron Chatmon,213095,HB,RAND MACON,1,27.3,0,1546,56.3,74.6,59.5,0,0,1,20.0,20.0,100.0,0,0,0,3,0,0,0,11,1,5,0,0,2,0
Cole Dickerson,213131,HB,WABASH,1,9.1,0,1167,57.7,12.0,60.0,0,0,0,0.0,4.2,,0,0,0,3,0,0,0,33,1,24,0,0,2,0
Carson Shriver,213148,HB,WYNESBRG,1,20.0,0,1175,62.4,73.2,60.0,0,0,1,12.5,20.0,100.0,1,0,0,3,0,0,0,15,2,10,0,0,1,0
Daniel Gates,212075,ED,LINCOK,2,100.0,0,1452,60.0,,60.0,0,0,0,,,,2,0,0,2,0,0,0,2,0,0,0,0,2,0
Jake Freeman,196716,WR,SVANNAH ST,1,50.0,0,286,59.5,,60.0,0,0,0,0.0,0.0,,0,0,0,2,0,0,0,4,0,2,0,0,2,0
Rodricuse Jackson II,196081,G,KY STATE,1,100.0,0,378,60.0,,60.0,0,0,0,,,,0,0,0,2,0,0,0,2,0,0,2,0,2,0
Dominic Santoiemma,212883,HB,KENYON,1,22.2,0,1545,56.0,69.7,60.0,0,0,0,0.0,25.0,,0,0,0,2,0,0,0,9,1,4,0,0,1,0
Gerald Council,212232,WR,WCST,1,100.0,0,1537,60.0,,60.0,0,0,0,,,,0,0,0,2,0,0,0,2,0,0,0,0,2,0
Randolph Hart,195628,TE,LINCOLN,1,100.0,0,380,60.0,64.4,54.6,0,0,1,100.0,100.0,100.0,0,0,0,2,0,0,0,2,1,1,0,0,1,2
Mason Ashby,212979,WR,MT UNION,1,13.3,0,1006,68.1,,60.0,0,0,0,0.0,0.0,,0,0,0,2,0,0,0,15,0,13,0,0,2,0
Zion Simmons,206984,WR,Bent,1,18.2,0,1238,54.3,,59.9,0,0,0,0.0,0.0,,0,0,0,2,0,0,0,11,0,9,0,0,2,0
Henry Schouten,206983,LB,Bent,1,22.2,0,1238,52.5,66.0,60.0,0,0,1,14.3,12.5,100.0,0,0,0,2,0,0,0,9,1,8,0,0,1,6
Kevin McGurn,194365,TE,ST ANSELM,1,20.0,0,399,55.9,,58.8,0,0,0,0.0,0.0,,0,0,0,2,0,0,0,10,0,8,0,0,2,6
Isaiah Osgood,206970,QB,Bent,1,16.7,0,1238,72.1,,60.0,0,0,0,0.0,0.0,,1,0,0,2,0,0,0,12,0,8,0,0,2,0
Collin Cervoni,210174,WR,LOUCHR,1,50.0,0,958,58.0,,60.4,0,0,0,0.0,0.0,,0,0,0,2,0,0,0,4,0,2,0,0,2,0
Kevin Cobbs,193967,TE,ERSKIN,1,100.0,0,1526,59.6,,58.8,0,0,0,,,,0,0,0,2,0,0,0,2,0,0,0,0,2,0
Stephen Lauterbach,213210,QB,WITNBRG,1,100.0,0,1216,60.0,,60.0,0,0,0,,,,0,0,0,2,0,0,0,2,0,0,0,0,2,0
Thonye Charles,86516,WR,WLU,1,50.0,0,1178,57.2,,60.0,0,0,0,0.0,0.0,,0,0,0,2,0,0,0,4,0,2,0,0,2,0
Pierce Ayers,213212,WR,WITNBRG,1,13.3,0,1216,67.1,,57.6,0,0,0,0.0,0.0,,0,0,0,2,0,0,0,15,0,13,0,0,2,0
Nick Adams,193802,G,WEBINT,1,100.0,0,1246,60.0,,60.0,0,0,0,,,,0,0,0,2,0,0,0,2,0,0,2,0,2,0
Bryan Hines Jr.,213076,WR,OHIO WES,1,9.1,0,1042,55.0,,60.0,0,0,0,0.0,0.0,,0,0,0,2,0,0,0,22,0,20,0,0,2,0
Tyrese Mosby,210151,HB,LOUCHR,1,66.7,0,958,59.9,70.8,60.0,0,0,1,50.0,50.0,100.0,0,0,0,2,0,0,0,3,1,2,0,0,1,0
David Kramer,213342,C,WITNBRG,1,100.0,0,1216,60.0,,59.0,0,0,0,,,,0,0,0,2,2,0,0,2,0,0,0,0,2,0
Rory Thomas,212052,HB,MHMRTI,1,50.0,0,999,55.0,,59.6,0,0,0,,,,0,0,0,2,0,0,0,4,0,0,0,0,2,0
Marquez Moobley,193723,WR,MILES,1,12.5,0,386,69.5,,60.0,0,0,0,0.0,0.0,,0,0,0,2,0,0,0,16,0,14,0,0,2,0
Mark Benjamin,211201,HB,TXWSLY,1,16.7,0,1457,48.5,77.0,,0,0,2,25.0,25.0,100.0,0,0,0,2,0,0,0,12,2,8,0,0,0,0
Thomas Lafferty,206959,ED,Bent,1,100.0,0,1238,60.0,60.9,60.0,0,0,0,,100.0,,0,0,0,2,0,0,0,2,1,1,0,0,1,0
Jordan Anderson,192119,WR,SVANNAH ST,1,100.0,0,286,60.0,,60.0,0,0,0,,,,0,0,0,2,0,0,0,2,0,0,0,0,2,0
Desmond Leverette,182919,HB,TUSKEGEE,1,22.2,0,405,70.5,75.0,,0,0,2,40.0,40.0,100.0,0,0,0,2,0,0,0,9,2,5,0,0,0,0
Joe Fleming,211009,HB,PACENY,1,50.0,0,1536,59.4,,59.9,0,0,0,0.0,0.0,,0,0,0,2,0,0,0,4,0,2,0,0,2,0
Michael Renzi,208831,TE,SVSU,1,100.0,0,1082,60.0,,58.7,0,0,0,,,,0,0,0,2,0,0,0,2,0,0,0,0,2,0
Jaxon Smith,213344,G,WITNBRG,1,100.0,0,1216,60.0,,57.9,0,0,0,,,,0,0,0,2,0,0,2,2,0,0,0,0,2,0
JT Webber,208821,WR,SVSU,1,28.6,0,1082,74.2,,71.0,0,0,0,0.0,0.0,,0,0,0,2,0,0,0,7,0,5,0,0,2,0
Zavion Watson,212078,ED,LINCOK,2,100.0,0,1452,60.0,,60.0,0,0,0,,,,3,0,0,2,0,0,0,2,0,0,0,0,2,0
Paulie Robertson,207966,T,SVSU,1,100.0,0,1082,60.0,72.6,60.0,0,0,1,100.0,100.0,100.0,0,0,0,2,0,2,0,2,1,1,0,0,1,0
Joshua Compoh,206926,HB,Bent,1,12.5,0,1238,59.7,,59.9,0,0,0,0.0,0.0,,0,0,0,2,0,0,0,16,0,8,0,0,2,0
Israel Bradford,207942,HB,SVSU,1,11.8,0,1082,61.1,71.5,60.0,0,0,0,0.0,6.7,,0,0,0,2,0,0,0,17,1,15,0,0,1,0
Austin Bills,207941,HB,SVSU,1,40.0,0,1082,65.4,71.8,60.0,0,0,1,33.3,33.3,100.0,0,0,0,2,0,0,0,5,1,3,0,0,1,0
Julius Thompson,212944,HB,KENYON,1,22.2,0,1545,67.1,14.0,60.0,0,1,1,20.0,20.0,50.0,0,1,0,2,0,0,0,9,1,5,0,0,1,0
Trevor Chambers,213345,G,WITNBRG,1,100.0,0,1216,59.8,,59.7,0,0,0,,,,0,0,0,2,0,2,0,2,0,0,0,0,2,0
Kevin Pinhiero,206878,WR,AMRINT,1,40.0,0,737,74.2,,59.6,0,0,0,0.0,0.0,,0,0,0,2,0,0,0,5,0,3,0,0,2,0
Donovan Journey,169106,HB,KY STATE,1,66.7,0,378,59.3,71.5,60.0,0,0,1,100.0,100.0,100.0,0,0,0,2,0,0,0,3,1,1,0,0,1,0
Tavian Wallace,168376,LB,LINCOK,2,100.0,0,1452,60.0,,60.0,0,0,0,,,,1,0,0,2,0,0,0,2,0,0,0,0,2,0
Kayden Minner,212951,HB,MT UNION,1,18.2,0,1006,60.5,,59.5,0,0,0,0.0,0.0,,0,0,0,2,0,0,0,11,0,5,0,0,2,0
Kyree Payton,210394,HB,SRSU,2,66.7,0,1133,57.3,72.6,60.0,0,0,1,100.0,100.0,100.0,0,0,0,2,0,0,0,3,1,1,0,0,1,0
Chris Battley,210888,WR,NMiU,1,100.0,0,1031,60.0,,59.9,0,0,0,,,,0,0,0,2,0,0,0,2,0,0,0,0,2,0
Jorge Velasquez,212258,WR,WCST,1,100.0,0,1537,60.0,,60.0,0,0,0,,,,0,0,0,2,0,0,0,2,0,0,0,0,2,0
Tyrique Mueller,213346,G,WITNBRG,1,100.0,0,1216,60.0,,59.8,0,0,0,,,,0,0,0,2,0,0,0,2,0,0,0,2,2,0
Seth Mencer,161327,HB,DEPAUW,1,22.2,0,845,58.9,7.7,,0,1,1,16.7,28.6,50.0,0,1,0,2,0,0,0,9,2,7,0,0,0,0
Greg Rockwell J.r,213296,G,MT UNION,1,100.0,0,1006,59.4,,58.7,0,0,0,,,,0,0,0,2,0,0,0,2,0,0,2,0,2,0
Khalil Stevenson,213341,G,WITNBRG,1,100.0,0,1216,62.9,,63.8,0,0,0,,,,0,0,0,2,0,0,0,2,0,0,2,0,2,0
Josiah Benson,160774,WR,SVANNAH ST,1,66.7,0,286,58.2,,60.0,0,0,0,0.0,0.0,,0,0,0,2,0,0,0,3,0,1,0,0,2,0
Josh Sims,207647,QB,GC,1,16.7,0,1533,74.4,62.2,60.0,0,0,0,0.0,9.1,,0,0,0,2,0,0,0,12,1,11,0,0,1,0
Matti Zeh,210885,TE,NORTHEA ST,1,100.0,0,1030,60.2,61.0,59.8,0,0,0,,100.0,,0,0,0,2,0,0,0,2,1,1,0,0,1,0
BJ Higgins,160137,QB,ED WATERS,1,40.0,0,372,29.5,,60.0,0,0,0,0.0,0.0,,1,0,0,2,0,0,0,5,0,3,0,0,2,0
Eric Dolmus,159132,WR,SOCTOW,1,50.0,0,1107,57.3,,59.8,0,0,0,0.0,0.0,,0,0,0,2,0,0,0,4,0,2,0,0,2,0
Chance Bennett,213314,WR,CLG OF WOO,1,14.3,0,1217,52.0,,59.9,0,0,0,0.0,0.0,,0,0,0,2,0,0,0,14,0,12,0,0,2,0
Braylon Monroe,152296,WR,SRSU,1,33.3,0,1133,57.1,,60.0,0,0,0,0.0,0.0,,0,0,0,2,0,0,0,6,0,4,0,0,2,0
Zaheer Seabrooks,151858,HB,LINCOLN,1,10.5,0,380,55.2,70.0,60.0,0,0,1,7.7,7.7,100.0,0,0,0,2,0,0,0,19,1,13,0,0,1,0
Zach Hrubiec,150756,FB,SOCTOW,1,100.0,0,1107,61.3,,66.6,0,0,0,,,,0,0,0,2,0,0,0,2,0,0,0,0,2,0
Bralen Crowder,207571,WR,GC,1,25.0,0,1533,54.4,,59.8,0,0,0,0.0,0.0,,0,0,0,2,0,0,0,8,0,6,0,0,2,0
Brenen Hawkins,144590,WR,LOUCHR,1,20.0,0,958,55.2,,60.0,0,0,0,0.0,0.0,,0,0,0,2,0,0,0,10,0,8,0,0,2,0
Jadon Barnes,207555,LB,GC,1,66.7,0,1533,57.9,,60.1,0,0,0,,,,0,0,0,2,0,0,0,3,0,0,0,0,2,0
Kieren Jackson,207422,WR,ED WATERS,1,12.5,0,372,55.9,,60.0,0,0,0,0.0,0.0,,0,0,0,2,0,0,0,16,0,14,0,0,2,0
Clarence Corbin,197004,ED,LINCOK,1,100.0,1,1452,59.0,,58.3,0,0,0,,,,1,0,0,2,0,0,0,2,0,0,0,0,2,2
Jalen McGaughy,98023,WR,SVSU,1,33.3,0,1082,41.9,,59.5,0,0,0,0.0,0.0,,0,0,0,2,0,0,0,6,0,4,0,0,2,0
Evan Pitzer,212697,WR,DEPAUW,1,14.3,0,845,88.9,,59.6,0,0,0,0.0,0.0,,0,0,0,2,0,0,0,14,0,12,0,0,2,13
Troy Nguyen,210852,K,NORTHEA ST,1,100.0,0,1030,60.0,64.6,59.6,0,0,0,,100.0,,0,0,0,2,0,0,0,2,1,1,0,0,1,2
Colter Hanft,207216,TE,CHADST,1,40.0,0,809,50.1,34.4,59.5,0,0,0,0.0,0.0,,0,0,0,2,0,0,0,5,0,3,0,0,2,5
Ramon McKinney Jr.,210851,HB,NORTHEA ST,1,4.7,0,1030,68.1,23.6,60.0,0,1,1,3.0,2.9,50.0,0,1,0,2,0,0,0,43,1,34,0,0,1,0
Essiah Flores,211232,LS,TXWSLY,1,100.0,0,1457,60.0,,60.0,0,0,0,,,,0,0,0,2,0,0,0,2,0,0,0,0,2,0
Zayne Cawley,213176,HB,WYNESBRG,1,8.7,0,1175,53.6,74.3,60.4,0,0,2,15.4,14.3,100.0,0,0,0,2,0,0,0,23,2,14,0,0,0,0
Harvion Sargent,212338,TE,WCU,1,66.7,0,1535,58.5,,59.2,0,0,0,0.0,0.0,,0,0,0,2,0,0,0,3,0,1,0,0,2,1
Wyatt Anderson,207186,T,CHADST,1,100.0,0,809,60.0,,60.0,0,0,0,,,,0,0,0,1,0,0,0,1,0,0,0,0,1,0
Jahsen Williams,206991,LB,Bent,1,100.0,0,1238,60.0,,60.0,0,0,0,,,,0,0,0,1,0,0,0,1,0,0,0,0,1,0
Casey Trodden,206987,ED,Bent,1,100.0,0,1238,60.0,,60.0,0,0,0,,,,0,0,0,1,0,0,0,1,0,0,0,0,1,0
Billy Osborn,206969,TE,Bent,1,50.0,0,1238,56.3,62.2,,0,0,1,100.0,50.0,100.0,0,0,0,1,0,0,0,2,1,2,0,0,0,0
Eman Nda,206967,S,Bent,1,100.0,0,1238,60.0,,60.0,0,0,0,,,,0,0,0,1,0,0,0,1,0,0,0,0,1,0
Giovanni Rufus,213081,HB,OHIO WES,1,33.3,0,1042,62.2,0.0,,0,0,0,0.0,50.0,,0,0,0,1,0,0,0,3,1,2,0,0,0,0
Cooper Marcum,206963,WR,Bent,1,11.1,0,1238,54.9,,60.0,0,0,0,0.0,0.0,,0,0,0,1,0,0,0,9,0,8,0,0,1,0
Tyler Lane,206960,S,Bent,1,100.0,0,1238,60.0,,60.0,0,0,0,,,,0,0,0,1,0,0,0,1,0,0,0,0,1,0
Joseph Forbes,206943,DI,Bent,1,100.0,0,1238,60.0,60.9,,0,0,0,,100.0,,0,0,0,1,0,0,0,1,1,1,0,0,0,0
Gracyn Ross,213094,WR,RAND MACON,1,16.7,0,1546,67.4,,60.0,0,0,0,0.0,0.0,,0,0,0,1,0,0,0,6,0,4,0,0,1,0
Tyler DeMattio,206933,S,Bent,1,100.0,0,1238,60.0,,60.0,0,0,0,,,,0,0,0,1,0,0,0,1,0,0,0,0,1,0
Mitchell Johnson,213100,HB,RAND MACON,1,6.3,0,1546,58.8,,60.0,0,0,0,0.0,0.0,,0,0,0,1,0,0,0,16,0,8,0,0,1,0
Jon D'Amore,206929,LB,Bent,1,100.0,0,1238,60.0,,60.0,0,0,0,,,,0,0,0,1,0,0,0,1,0,0,0,0,1,0
Jacob Bierenbroodspot,206914,CB,Bent,1,100.0,0,1238,60.0,,60.0,0,0,0,,,,0,0,0,1,0,0,0,1,0,0,0,0,1,0
Jake Berglund,206912,LB,Bent,1,100.0,0,1238,60.0,,60.0,0,0,0,,,,0,0,0,1,0,0,0,1,0,0,0,0,1,0
Alex Barlow,206910,LB,Bent,1,100.0,0,1238,60.0,,60.0,0,0,0,,,,0,0,0,1,0,0,0,1,0,0,0,0,1,0
Tyson Hill,206712,HB,ADRIAN,1,100.0,0,1534,60.0,,60.0,0,0,0,,,,0,0,0,1,0,0,0,1,0,0,0,0,1,0
Daryl Searcy Jr.,205909,HB,ARKBC,1,8.3,0,1515,45.9,,60.0,0,0,0,0.0,0.0,,0,0,0,1,0,0,0,12,0,7,0,0,1,0
Christian Odoms,197677,DI,MHMRTI,1,100.0,0,999,60.0,,60.0,0,0,0,,,,0,0,0,1,0,0,0,1,0,0,0,0,1,0
Muneer El-Amin,197669,S,MHMRTI,1,100.0,0,999,60.0,,60.0,0,0,0,,,,0,0,0,1,0,0,0,1,0,0,0,0,1,0
Barkley Wyckoff,197504,HB,WARNER,1,33.3,0,407,56.6,63.8,,0,0,1,50.0,50.0,100.0,0,0,0,1,0,0,0,3,1,2,0,0,0,0
Trace McHugh,197243,LB,LOUCHR,1,100.0,0,958,60.0,,60.0,0,0,0,,,,0,0,0,1,0,0,0,1,0,0,0,0,1,0
Mansour Mohamdi,197045,TE,LINCOK,1,33.3,0,1452,56.5,,60.0,0,0,0,0.0,0.0,,0,0,0,1,0,0,0,3,0,2,0,0,1,3
Clyan Lawrence,197027,LB,LINCOK,1,100.0,0,1452,60.0,,60.0,0,0,0,,,,0,0,0,1,0,0,0,1,0,0,0,0,1,0
Chance Williams,197011,S,LINCOK,1,7.7,0,1452,57.2,,60.0,0,0,0,0.0,0.0,,0,0,0,1,0,0,0,13,0,12,0,0,1,0
Jaylin McCray,196917,HB,LINCOK,1,33.3,0,1452,59.2,70.0,,0,0,1,50.0,50.0,100.0,0,0,0,1,0,0,0,3,1,2,0,0,0,0
Isaiah Fields,213173,WR,WYNESBRG,1,7.1,0,1175,47.8,,60.0,0,0,0,0.0,0.0,,0,0,0,1,0,0,0,14,0,13,0,0,1,0
Vaughn Frederick,213174,HB,WYNESBRG,1,50.0,0,1175,60.0,70.2,,0,0,1,50.0,50.0,100.0,0,0,0,1,0,0,0,2,1,2,0,0,0,0
Ean Nation,196815,WR,TUSKEGEE,1,14.3,0,405,67.5,,60.0,0,0,0,0.0,0.0,,0,0,0,1,0,0,0,7,0,6,0,0,1,0
Landon Cawley,213177,HB,WYNESBRG,1,14.3,0,1175,55.2,33.1,,0,0,1,20.0,20.0,100.0,0,0,0,1,0,0,0,7,1,5,0,0,0,0
Samron Brinson,195870,WR,ED WATERS,1,33.3,0,372,56.2,,60.0,0,0,0,0.0,0.0,,0,0,0,1,0,0,0,3,0,2,0,0,1,0
Allante Stubbs,195659,WR,LINCOLN,1,33.3,0,380,56.6,,60.0,0,0,0,0.0,0.0,,0,0,0,1,0,0,0,3,0,2,0,0,1,0
Davin Barnett,195609,WR,LINCOLN,1,33.3,0,380,56.5,,60.0,0,0,0,0.0,0.0,,0,0,0,1,0,0,0,3,0,2,0,0,1,0
Clark Rexroat,195566,WR,HA,1,5.3,0,1528,54.8,,59.9,0,0,0,0.0,0.0,,0,0,0,1,0,0,0,19,0,18,0,0,1,0
Lucas Stallard,194390,WR,ST ANSELM,1,16.7,0,399,42.0,,60.0,0,0,0,0.0,0.0,,0,0,0,1,0,0,0,6,0,5,0,0,1,0
Elija Jackson,213203,WR,WYNESBRG,1,5.3,0,1175,58.1,,37.5,0,0,0,0.0,0.0,,0,0,0,1,0,0,0,19,0,18,0,0,1,0
Jake Croce,194338,HB,ST ANSELM,1,14.3,0,399,45.8,20.5,,1,0,1,20.0,20.0,50.0,0,1,0,1,0,0,0,7,1,5,0,0,0,0
Aidan Canzater,193963,HB,ERSKIN,1,20.0,0,1526,51.3,70.3,,0,0,0,,100.0,,0,0,0,1,0,0,0,5,1,1,0,0,0,0
Zacchaeus Laing,193770,CB,VIRSTA,1,100.0,0,1164,60.0,,60.0,0,0,0,,,,0,0,0,1,0,0,0,1,0,0,0,0,1,0
Leslie Didly,193759,ED,VIRSTA,1,100.0,0,1164,60.0,,60.0,0,0,0,,,,0,0,0,1,0,0,0,1,0,0,0,0,1,0
Christopher Blue,193749,TE,VIRSTA,1,100.0,0,1164,60.0,,60.0,0,0,0,,,,0,0,0,1,0,0,0,1,0,0,0,0,1,0
Conner Twymon,193741,HB,MILES,1,16.7,0,386,57.0,69.2,,0,0,1,100.0,100.0,100.0,0,0,0,1,0,0,0,6,1,1,0,0,0,0
Bo Gionet,193573,QB,CENT WASH,1,50.0,0,367,59.0,,60.0,0,0,0,0.0,0.0,,0,0,0,1,0,0,0,2,0,1,0,0,1,0
Henry Jones,213235,WR,WITNBRG,1,14.3,0,1216,77.9,,60.0,0,0,0,0.0,0.0,,0,0,0,1,0,0,0,7,0,6,0,0,1,0
Jamari Riley,182371,HB,MILES,1,100.0,0,386,60.0,,60.0,0,0,0,,,,0,0,0,1,0,0,0,1,0,0,0,0,1,0
Zyaire Williams,181398,HB,SVANNAH ST,1,9.1,0,286,59.3,,60.0,0,0,0,0.0,0.0,,0,0,0,1,0,0,0,11,0,5,0,0,1,0
Brady Tillman III,181175,HB,ED WATERS,1,9.1,0,372,69.9,68.1,,0,0,1,20.0,20.0,100.0,0,0,0,1,0,0,0,11,1,5,0,0,0,0
Cooper Rudolph,179980,WR,WABASH,1,50.0,0,1167,57.7,,59.8,0,0,0,0.0,0.0,,0,0,0,1,0,0,0,2,0,1,0,0,1,0
Adonis Payton,179862,CB,VIRSTA,1,100.0,0,1164,60.0,,60.0,0,0,0,,,,0,0,0,1,0,0,0,1,0,0,0,0,1,0
Donovan Hoskins,179839,LB,VIRSTA,1,100.0,0,1164,60.0,,60.0,0,0,0,,,,0,0,0,1,0,0,0,1,0,0,0,0,1,0
Kile Artis,179804,S,VIRSTA,1,100.0,0,1164,60.0,,60.0,0,0,0,,,,0,0,0,1,0,0,0,1,0,0,0,0,1,0
Stephen Woodward,179309,TE,CENT WASH,1,100.0,0,367,60.0,65.4,,0,0,1,100.0,100.0,100.0,0,0,0,1,0,0,0,1,1,1,0,0,0,1
Joshua Maye,178923,CB,MHMRTI,1,100.0,0,999,60.0,,60.0,0,0,0,,,,0,0,0,1,0,0,0,1,0,0,0,0,1,0
Jayden Gibson,178915,CB,MHMRTI,1,100.0,0,999,60.0,,60.0,0,0,0,,,,0,0,0,1,0,0,0,1,0,0,0,0,1,0
Donovan Logan,178891,WR,MHMRTI,1,16.7,0,999,55.8,,60.0,0,0,0,0.0,0.0,,0,0,0,1,0,0,0,6,0,5,0,0,1,0
Brodan Lewis,171501,WR,TXWSLY,1,100.0,0,1457,60.0,,60.0,0,0,0,,,,0,0,0,1,0,0,0,1,0,0,0,0,1,0
Tyler Saul,213284,WR,CLG OF WOO,1,33.3,0,1217,57.5,,60.0,0,0,0,0.0,0.0,,0,0,0,1,0,0,0,3,0,2,0,0,1,0
Austin Ridl,167963,QB,NMiU,1,50.0,0,1031,59.6,,60.0,0,0,0,,,,0,0,0,1,0,0,0,2,0,0,0,0,1,0
Jason Stokes,166852,HB,LANECOL,1,100.0,0,942,60.0,0.0,,0,1,1,100.0,100.0,50.0,0,1,0,1,0,0,0,1,1,1,0,0,0,0
Brandon Jorgensen,164612,QB,SOCTOW,1,20.0,0,1107,47.4,,60.0,0,0,0,0.0,0.0,,0,0,0,1,0,0,0,5,0,4,0,0,1,0
Luca Chuecos,160866,DI,MHMRTI,1,100.0,0,999,60.0,,60.0,0,0,0,,,,0,0,0,1,0,0,0,1,0,0,0,0,1,0
Sutton Pohlman,160655,S,CHADST,1,100.0,0,809,60.0,,60.0,0,0,0,,,,0,0,0,1,0,0,0,1,0,0,0,0,1,0
Zachary Kapushion,160634,TE,CHADST,1,100.0,0,809,60.0,,60.0,0,0,0,,,,0,0,0,1,0,0,0,1,0,0,0,0,1,0
Wilson Yee,145774,K,CHADST,1,100.0,0,809,60.0,,60.0,0,0,0,,,,0,0,0,1,0,0,0,1,0,0,0,0,1,0
J.T. James,213320,TE,OHIO WES,1,20.0,0,1042,66.7,,77.4,0,0,0,0.0,0.0,,0,0,0,1,0,0,0,5,0,4,0,0,1,4
Unknown D97 Lincoln (CA),137067,DI,LINCOK,1,100.0,0,1452,60.0,,60.0,0,0,0,,,,0,0,0,1,0,0,0,1,0,0,0,0,1,0
Silas Risper,213323,WR,BERRY VIK,1,33.3,0,1547,56.8,,60.0,0,0,0,0.0,0.0,,0,0,0,1,0,0,0,3,0,2,0,0,1,0
Tyler Green,212674,QB,DENISON,1,1.5,0,842,58.3,62.2,,0,0,1,1.6,1.5,100.0,1,0,0,1,0,0,0,68,1,68,0,0,0,0
Unknown Westgate Christian 14,212534,HB,WCU,1,8.3,0,1535,56.0,70.0,,0,0,1,10.0,10.0,100.0,0,0,0,1,0,0,0,12,1,10,0,0,0,0
Robert Moreland,212448,HB,SOCTOW,1,7.7,0,1107,70.9,72.6,,0,0,1,20.0,20.0,100.0,0,0,0,1,0,0,0,13,1,5,0,0,0,0
Cyar Debose,212428,LS,MHMRTI,1,100.0,0,999,60.0,,60.0,0,0,0,,,,0,0,0,1,0,0,0,1,0,0,0,0,1,0
Shawn Powell,212380,WR,BOWIE ST,1,33.3,0,365,58.0,,60.0,0,0,0,0.0,0.0,,0,0,0,1,0,0,0,3,0,2,0,0,1,0
Javontae Cooper,166078,DI,MILES,1,100.0,0,386,60.0,,60.0,0,0,0,,,,0,0,0,1,0,0,0,1,0,0,0,0,1,0
Anthony Lofaro,212236,HB,WCST,1,20.0,0,1537,44.6,71.5,,0,0,1,50.0,50.0,100.0,0,0,0,1,0,0,0,5,1,2,0,0,0,0
Serge Lagardere,212159,WR,WCST,1,6.7,0,1537,58.0,,60.0,0,0,0,0.0,0.0,,0,0,0,1,0,0,0,15,0,13,0,0,1,0
Xavier Carr,212124,WR,ERSKIN,1,25.0,0,1526,56.9,,60.0,0,0,0,0.0,0.0,,0,0,0,1,0,0,0,4,0,3,0,0,1,0
Thomas Richardson III,212774,QB,JOHNCA,1,50.0,0,926,57.1,,60.0,0,0,0,,,,0,0,0,1,0,0,0,2,0,0,0,0,1,0
Payson Jones,212114,HB,ERSKIN,1,33.3,0,1526,57.6,67.9,,0,0,1,50.0,50.0,100.0,0,0,0,1,0,0,0,3,1,2,0,0,0,0
M'Khi Guy,212066,HB,LINCOK,1,5.3,0,1452,55.7,,60.0,0,0,0,0.0,0.0,,0,0,0,1,0,0,0,19,0,14,0,0,1,0
Semaj Jackson,212046,LB,WARNER,1,100.0,0,407,60.0,63.8,,0,0,1,100.0,100.0,100.0,0,0,0,1,0,0,0,1,1,1,0,0,0,0
Nick Nelson,212004,WR,ST ANSELM,1,7.1,0,399,53.0,,60.0,0,0,0,0.0,0.0,,0,0,0,1,0,0,0,14,0,13,0,0,1,0
Na'Ledge Wright,211851,HB,Ferr,1,7.1,0,869,52.3,,60.0,0,0,0,0.0,0.0,,0,0,0,1,0,0,0,14,0,5,0,0,1,0
R.L. Ward III,211620,HB,WARNER,1,100.0,0,407,60.0,63.8,,0,0,1,100.0,100.0,100.0,0,0,0,1,0,0,0,1,1,1,0,0,0,0
Justisse Robertson,211603,CB,WARNER,1,100.0,0,407,60.0,63.8,,0,0,1,100.0,100.0,100.0,0,0,0,1,0,0,0,1,1,1,0,0,0,0
Noah Lospinoso,211583,TE,WARNER,1,11.1,0,407,61.1,,60.0,0,0,0,0.0,0.0,,0,0,0,1,0,0,0,9,0,8,0,0,1,9
Jahlique Joefield,211572,WR,WARNER,1,100.0,0,407,60.0,63.8,,0,0,1,100.0,100.0,100.0,0,0,0,1,0,0,0,1,1,1,0,0,0,0
Jaylen Barnes,211543,S,WARNER,1,100.0,0,407,60.0,63.8,,0,0,1,100.0,100.0,100.0,0,0,0,1,0,0,0,1,1,1,0,0,0,0
Nathan Roubik,211531,P,VIRSTA,1,100.0,0,1164,60.0,,60.0,0,0,0,,,,0,0,0,1,0,0,0,1,0,0,0,0,1,0
Adil Garcia-Omar,211507,LS,VIRSTA,1,100.0,0,1164,60.0,,60.0,0,0,0,,,,0,0,0,1,0,0,0,1,0,0,0,0,1,0
Juelz Capers,211497,S,VIRSTA,1,100.0,0,1164,60.0,,60.0,0,0,0,,,,0,0,0,1,0,0,0,1,0,0,0,0,1,0
Ennio Yapoor,211471,QB,TUSKEGEE,1,33.3,0,405,48.1,,60.0,0,0,0,0.0,0.0,,0,0,0,1,0,0,0,3,0,2,0,0,1,0
Ryan Ross,211412,C,TRSU,1,100.0,0,1147,60.0,,58.9,0,0,0,,,,0,0,0,1,0,0,0,1,0,0,0,0,1,1
Bryce Yarbrough,211338,G,TXWSLY,1,100.0,0,1457,60.0,,60.0,0,0,0,,,,0,0,0,1,0,0,0,1,0,0,0,0,1,0
Kelsey Tshipamba,211320,ED,TXWSLY,1,100.0,0,1457,60.0,,60.0,0,0,0,,,,0,0,0,1,0,0,0,1,0,0,0,0,1,0
Chris Thomas,211318,HB,TXWSLY,1,9.1,0,1457,55.6,67.7,,0,0,1,33.3,33.3,100.0,0,0,0,1,0,0,0,11,1,3,0,0,0,0
Ashton Mitchell,211278,HB,TXWSLY,1,16.7,0,1457,65.6,70.8,,0,0,1,50.0,50.0,100.0,0,0,0,1,0,0,0,6,1,2,0,0,0,0
Max Luna,211264,K,TXWSLY,1,100.0,0,1457,60.0,,60.0,0,0,0,,,,0,0,0,1,0,0,0,1,0,0,0,0,1,0
Jaiden Jones,211257,CB,TXWSLY,1,100.0,0,1457,60.0,,60.0,0,0,0,,,,0,0,0,1,0,0,0,1,0,0,0,0,1,0
Sir Hill,211247,LB,TXWSLY,1,100.0,0,1457,60.0,,60.0,0,0,0,,,,0,0,0,1,0,0,0,1,0,0,0,0,1,0
Malcolm Haven,211243,LB,TXWSLY,1,100.0,0,1457,60.0,,60.0,0,0,0,,,,0,0,0,1,0,0,0,1,0,0,0,0,1,0
Wilson Hartley,213330,TE,WYNESBRG,1,33.3,0,1175,58.8,,60.0,0,0,0,0.0,0.0,,0,0,0,1,0,0,0,3,0,2,0,0,1,3
Colby Dunn,211224,LB,TXWSLY,1,100.0,0,1457,60.0,,60.0,0,0,0,,,,0,0,0,1,0,0,0,1,0,0,0,0,1,0
Darion Brown,211205,CB,TXWSLY,1,100.0,0,1457,60.0,,60.0,0,0,0,,,,0,0,0,1,0,0,0,1,0,0,0,0,1,0
Jaylon Beasley,211200,S,TXWSLY,1,100.0,0,1457,60.0,,60.0,0,0,0,,,,0,0,0,1,0,0,0,1,0,0,0,0,1,0
Derrick Agu,211189,ED,TXWSLY,1,100.0,0,1457,60.0,,60.0,0,0,0,,,,0,0,0,1,0,0,0,1,0,0,0,0,1,0
Fabian Walker,211095,QB,SVANNAH ST,1,33.3,0,286,47.1,,60.0,0,0,0,0.0,0.0,,0,0,0,1,0,0,0,3,0,2,0,0,1,0
Sean Stevens-Harvey,211052,C,PACENY,1,100.0,0,1536,60.0,,59.9,0,0,0,,,,0,0,0,1,0,0,0,1,0,0,0,0,1,1
Ethan Lopez,211029,HB,PACENY,1,100.0,0,1536,60.0,,60.0,0,0,0,,,,0,0,0,1,0,0,0,1,0,0,0,0,1,0
Jhamier Howard,211019,HB,PACENY,1,7.1,0,1536,64.8,72.2,,0,0,1,11.1,11.1,100.0,0,0,0,1,0,0,0,14,1,9,0,0,0,0
Lennyn Fulgencio,211010,TE,PACENY,1,100.0,0,1536,60.0,65.3,,0,0,1,100.0,100.0,100.0,0,0,0,1,0,0,0,1,1,1,0,0,0,1
Ian Adrien,210974,WR,PACENY,1,8.3,0,1536,53.4,,60.0,0,0,0,0.0,0.0,,0,0,0,1,0,0,0,12,0,11,0,0,1,0
Cody Hoffman,210834,TE,NORTHEA ST,1,25.0,0,1030,57.1,,59.8,0,0,0,0.0,0.0,,0,0,0,1,0,0,0,4,0,3,0,0,1,1
Hagen Foreman,210817,S,NORTHEA ST,1,100.0,0,1030,60.0,63.8,,0,0,1,100.0,100.0,100.0,0,0,0,1,0,0,0,1,1,1,0,0,0,0
Dekhari Dean,210808,WR,NORTHEA ST,1,11.1,0,1030,74.5,,60.0,0,0,0,0.0,0.0,,0,0,0,1,0,0,0,9,0,8,0,0,1,0
Juwan Dancy,210805,S,NORTHEA ST,1,100.0,0,1030,60.0,63.8,,0,0,1,100.0,100.0,100.0,0,0,0,1,0,0,0,1,1,1,0,0,0,0
Teyton Chandler,210799,LB,NORTHEA ST,1,100.0,0,1030,60.0,63.8,,0,0,1,100.0,100.0,100.0,0,0,0,1,0,0,0,1,1,1,0,0,0,0
Kale Brakebill,210788,LB,NORTHEA ST,1,100.0,0,1030,60.0,63.8,,0,0,1,100.0,100.0,100.0,0,0,0,1,0,0,0,1,1,1,0,0,0,0
Reid Grek,210746,K,MILES,1,100.0,0,386,60.0,,60.0,0,0,0,,,,0,0,0,1,0,0,0,1,0,0,0,0,1,0
Bryce Beverly-Midell,210732,LS,MILES,1,100.0,0,386,60.0,,60.0,0,0,0,,,,0,0,0,1,0,0,0,1,0,0,0,0,1,0
Tayden Carpenter,210605,QB,KYCRST,1,33.3,0,1474,27.0,,60.0,0,0,0,0.0,0.0,,0,0,0,1,0,0,0,3,0,2,0,0,1,0
Daytuawn Pearson,210365,HB,CHADST,1,6.7,0,809,58.8,,60.0,0,0,0,0.0,0.0,,0,0,0,1,0,0,0,15,0,10,0,0,1,0
Tavion Ray,210340,HB,VA LYNCHBU,1,16.7,0,406,64.6,70.8,,0,0,1,25.0,25.0,100.0,0,0,0,1,0,0,0,6,1,4,0,0,0,0
James Huck,210250,G,WEBINT,1,100.0,0,1246,60.0,,60.0,0,0,0,,,,0,0,0,1,0,1,0,1,0,0,0,0,1,0
Mason Hebert,210220,TE,LOUCHR,1,100.0,0,958,60.0,,60.0,0,0,0,,,,0,0,0,1,0,0,0,1,0,0,0,0,1,0
Calvin Parker III,210212,WR,LOUCHR,1,33.3,0,958,56.5,,60.0,0,0,0,0.0,0.0,,0,0,0,1,0,0,0,3,0,2,0,0,1,0
Jason Coleman Jr,210191,CB,LOUCHR,1,100.0,0,958,60.0,,60.0,0,0,0,,,,0,0,0,1,0,0,0,1,0,0,0,0,1,0
Grant Anderson,212977,TE,MT UNION,1,100.0,0,1006,60.0,,60.0,0,0,0,,,,0,0,0,1,0,0,0,1,0,0,0,0,1,1
Jaelyn Gratten,210178,WR,LOUCHR,1,33.3,0,958,57.3,,60.0,0,0,0,0.0,0.0,,0,0,0,1,0,0,0,3,0,2,0,0,1,0
Kaden Brumfield,210156,CB,LOUCHR,1,100.0,0,958,60.0,,60.0,0,0,0,,,,0,0,0,1,0,0,0,1,0,0,0,0,1,0
Hyland Rentz,210146,S,LOUCHR,1,100.0,0,958,60.0,,60.0,0,0,0,,,,0,0,0,1,0,0,0,1,0,0,0,0,1,0
Cam Williams,209175,WR,THMORE,1,25.0,0,1296,56.9,,60.0,0,0,0,0.0,0.0,,0,0,0,1,0,0,0,4,0,3,0,0,1,0
Zeb Rashid,212989,HB,NTH CENT,1,12.5,0,1022,64.8,70.0,,0,0,1,20.0,20.0,100.0,0,0,0,1,0,0,0,8,1,5,0,0,0,0
Nicholas Patterson,207983,QB,SVSU,1,25.0,0,1082,77.2,,60.0,0,0,0,,0.0,,0,0,0,1,0,0,0,4,0,1,0,0,1,0
Steven Copeland,207907,LB,MHMRTI,1,100.0,0,999,60.0,,60.0,0,0,0,,,,0,0,0,1,0,0,0,1,0,0,0,0,1,0
Kenley Neal,207899,LB,MHMRTI,1,100.0,0,999,60.0,,60.0,0,0,0,,,,0,0,0,1,0,0,0,1,0,0,0,0,1,0
Ed Williams,207878,S,MHMRTI,1,100.0,0,999,60.0,,60.0,0,0,0,,,,0,0,0,1,0,0,0,1,0,0,0,0,1,0
Cameron Turner,207666,QB,GC,1,25.0,0,1533,29.7,,60.0,0,0,0,0.0,0.0,,0,0,0,1,0,0,0,4,0,1,0,0,1,0
Orane Forbes,207587,K,GC,1,33.3,0,1533,46.9,,60.0,0,0,0,,,,0,0,0,1,0,0,0,3,0,0,0,0,1,0
Anthony McMillian,207236,HB,CHADST,1,14.3,0,809,54.0,,60.0,0,0,0,0.0,0.0,,0,0,0,1,0,0,0,7,0,3,0,0,1,0
Jeffrey Goins,207215,LS,CHADST,1,100.0,0,809,60.0,,60.0,0,0,0,,,,0,0,0,1,0,0,0,1,0,0,0,0,1,0
Liam Blaser,207194,LB,CHADST,1,100.0,0,809,60.0,,60.0,0,0,0,,,,0,0,0,1,0,0,0,1,0,0,0,0,1,0
Hayden Atkins,207187,LB,CHADST,1,100.0,0,809,60.0,,60.0,0,0,0,,,,0,0,0,1,0,0,0,1,0,0,0,0,1,0
